"om","yr","mo","dy","date","time","tz","st","stf","stn","mag","inj","fat","loss","closs","slat","slon","elat","elon","len","wid","ns","sn","sg","f1","f2","f3","f4"
640726,2018,10,12,"2018-10-12","20:42:00",3,"TX",48,0,1,0,0,0,0,30.18,-102.8194,30.18,-102.8194,0,0,0,0,0,43,0,0,0
640727,2018,10,12,"2018-10-12","22:30:00",3,"TX",48,0,1.75,0,0,0,0,30.8833,-102.4488,30.8833,-102.4488,0,0,0,0,0,371,0,0,0
640728,2018,10,13,"2018-10-13","00:00:00",3,"CA",6,0,1,0,0,0,0,33.7205,-116.2173,33.7205,-116.2173,0,0,0,0,0,65,0,0,0
640729,2018,10,13,"2018-10-13","00:10:00",3,"CA",6,0,1,0,0,0,0,34.13,-116.32,34.13,-116.32,0,0,0,0,0,71,0,0,0
640730,2018,10,13,"2018-10-13","14:10:00",3,"TX",48,0,1.5,0,0,5000,0,32.1614,-95.7634,32.1614,-95.7634,0,0,0,0,0,213,0,0,0
640731,2018,10,13,"2018-10-13","14:40:00",3,"TX",48,0,1,0,0,0,0,32.148,-95.4051,32.148,-95.4051,0,0,0,0,0,423,0,0,0
640732,2018,10,14,"2018-10-14","15:00:00",3,"TX",48,0,2,0,0,0,0,31.85,-100.03,31.85,-100.03,0,0,0,0,0,399,0,0,0
640733,2018,10,14,"2018-10-14","15:19:00",3,"TX",48,0,2.75,0,0,0,0,31.85,-99.95,31.85,-99.95,0,0,0,0,0,399,0,0,0
640734,2018,10,14,"2018-10-14","16:00:00",3,"TX",48,0,1,0,0,0,0,32.01,-99.61,32.01,-99.61,0,0,0,0,0,83,0,0,0
640735,2018,10,14,"2018-10-14","18:00:00",3,"TX",48,0,1,0,0,0,0,32.08,-98.33,32.08,-98.33,0,0,0,0,0,143,0,0,0
640736,2018,10,14,"2018-10-14","19:17:00",3,"TX",48,0,1,0,0,4000,0,32.1883,-97.1393,32.1883,-97.1393,0,0,0,0,0,217,0,0,0
640737,2018,10,14,"2018-10-14","20:00:00",3,"TX",48,0,0.75,0,0,0,0,32.5363,-95.6251,32.5363,-95.6251,0,0,0,0,0,467,0,0,0
640738,2018,10,21,"2018-10-21","02:05:00",3,"NV",32,0,0.88,0,0,0,0,35.4898,-114.69,35.4898,-114.69,0,0,0,0,0,3,0,0,0
640739,2018,10,21,"2018-10-21","03:30:00",3,"AZ",4,0,0.88,0,0,0,0,35.417,-114.0399,35.417,-114.0399,0,0,0,0,0,15,0,0,0
640740,2018,10,21,"2018-10-21","05:20:00",3,"AZ",4,0,0.75,0,0,0,0,33.73,-112.27,33.73,-112.27,0,0,0,0,0,13,0,0,0
640741,2018,10,21,"2018-10-21","15:43:00",3,"AZ",4,0,1.5,0,0,0,0,32.0263,-111.2729,31.9688,-110.9713,0,0,0,0,0,19,0,0,0
640742,2018,10,21,"2018-10-21","16:00:00",3,"AZ",4,0,1.75,0,0,0,0,31.6761,-110.6528,31.6761,-110.6528,0,0,0,0,0,23,0,0,0
640743,2018,10,21,"2018-10-21","16:55:00",3,"AZ",4,0,1.25,0,0,0,0,31.66,-110.52,31.66,-110.52,0,0,0,0,0,23,0,0,0
640744,2018,10,21,"2018-10-21","17:28:00",3,"AZ",4,0,1.75,1,0,5000,0,32.99,-111.5,32.99,-111.5,0,0,0,0,0,21,0,0,0
640745,2018,10,21,"2018-10-21","17:40:00",3,"AZ",4,0,1,0,0,0,0,33.04,-111.38,33.04,-111.38,0,0,0,0,0,21,0,0,0
640746,2018,10,21,"2018-10-21","17:52:00",3,"AZ",4,0,1,0,0,0,0,33.06,-111.46,33.06,-111.46,0,0,0,0,0,21,0,0,0
640747,2018,10,21,"2018-10-21","17:52:00",3,"AZ",4,0,1,0,0,0,0,33.15,-111.45,33.15,-111.45,0,0,0,0,0,21,0,0,0
640748,2018,10,21,"2018-10-21","18:16:00",3,"AZ",4,0,0.88,0,0,0,0,33.36,-111.47,33.36,-111.47,0,0,0,0,0,21,0,0,0
640749,2018,10,21,"2018-10-21","18:20:00",3,"AZ",4,0,1.5,0,0,0,0,33.38,-111.42,33.38,-111.42,0,0,0,0,0,21,0,0,0
640750,2018,10,21,"2018-10-21","20:22:00",3,"AZ",4,0,1,0,0,0,0,33.22,-111.92,33.22,-111.92,0,0,0,0,0,13,0,0,0
640751,2018,10,21,"2018-10-21","20:44:00",3,"AZ",4,0,1,0,0,0,0,33.33,-111.91,33.33,-111.91,0,0,0,0,0,13,0,0,0
640752,2018,10,23,"2018-10-23","12:00:00",3,"AZ",4,0,1,0,0,0,0,31.57,-111.05,31.57,-111.05,0,0,0,0,0,23,0,0,0
640753,2018,10,23,"2018-10-23","13:35:00",3,"AZ",4,0,1.5,0,0,0,0,32.07,-111.27,32.07,-111.27,0,0,0,0,0,19,0,0,0
640754,2018,10,23,"2018-10-23","14:30:00",3,"AZ",4,0,1,0,0,0,0,33.42,-111.55,33.42,-111.55,0,0,0,0,0,21,0,0,0
640755,2018,10,23,"2018-10-23","14:30:00",3,"MA",25,0,0.75,0,0,0,0,42.4788,-72.0089,42.4788,-72.0089,0,0,0,0,0,27,0,0,0
640756,2018,10,23,"2018-10-23","14:43:00",3,"CT",9,0,0.8,0,0,0,0,41.99,-72.16,41.99,-72.16,0,0,0,0,0,13,0,0,0
640757,2018,10,23,"2018-10-23","14:50:00",3,"AZ",4,0,0.75,0,0,0,0,33.25,-111.53,33.25,-111.53,0,0,0,0,0,21,0,0,0
640758,2018,10,23,"2018-10-23","16:30:00",3,"AZ",4,0,1.25,0,0,0,0,33.72,-111.87,33.72,-111.87,0,0,0,0,0,13,0,0,0
640759,2018,10,23,"2018-10-23","17:24:00",3,"AZ",4,0,1,0,0,0,0,33.54,-112.19,33.54,-112.19,0,0,0,0,0,13,0,0,0
640760,2018,10,23,"2018-10-23","17:30:00",3,"AZ",4,0,1,0,0,0,0,33.57,-112.21,33.57,-112.21,0,0,0,0,0,13,0,0,0
640761,2018,10,23,"2018-10-23","17:50:00",3,"AZ",4,0,1,0,0,0,0,33.76,-112.32,33.76,-112.32,0,0,0,0,0,13,0,0,0
640762,2018,10,28,"2018-10-28","15:00:00",3,"OH",39,0,1,0,0,1000,0,41.08,-81.52,41.08,-81.52,0,0,0,0,0,153,0,0,0
640763,2018,10,28,"2018-10-28","16:34:00",3,"OH",39,0,1,0,0,0,0,39.17,-82.14,39.17,-82.14,0,0,0,0,0,105,0,0,0
640764,2018,10,28,"2018-10-28","16:49:00",3,"OH",39,0,1,0,0,0,0,39.14,-81.95,39.14,-81.95,0,0,0,0,0,105,0,0,0
640765,2018,10,28,"2018-10-28","16:54:00",3,"OH",39,0,0.75,0,0,0,0,38.84,-82.23,38.84,-82.23,0,0,0,0,0,53,0,0,0
640766,2018,10,28,"2018-10-28","16:55:00",3,"OH",39,0,1,0,0,0,0,38.84,-82.15,38.84,-82.15,0,0,0,0,0,53,0,0,0
640767,2018,10,28,"2018-10-28","17:00:00",3,"OH",39,0,1,0,0,0,0,39.12,-81.75,39.12,-81.75,0,0,0,0,0,105,0,0,0
640768,2018,10,28,"2018-10-28","17:22:00",3,"WV",54,0,1,0,0,0,0,38.82,-81.71,38.82,-81.71,0,0,0,0,0,35,0,0,0
640769,2018,10,28,"2018-10-28","17:38:00",3,"WV",54,0,1,0,0,0,0,38.65,-81.58,38.65,-81.58,0,0,0,0,0,35,0,0,0
640663,2018,10,2,"2018-10-02","13:00:00",3,"PA",42,0,1,0,0,0,0,41.76,-80.08,41.76,-80.08,0,0,0,0,0,39,0,0,0
640664,2018,10,2,"2018-10-02","13:02:00",3,"PA",42,0,1.75,0,0,0,0,41.78,-80.07,41.78,-80.07,0,0,0,0,0,39,0,0,0
640665,2018,10,2,"2018-10-02","14:32:00",3,"PA",42,0,0.75,0,0,0,0,41.6711,-77.3893,41.6711,-77.3893,0,0,0,0,0,117,0,0,0
640666,2018,10,2,"2018-10-02","14:57:00",3,"WV",54,0,0.88,0,0,0,0,39.32,-80.76,39.32,-80.76,0,0,0,0,0,17,0,0,0
640667,2018,10,2,"2018-10-02","15:10:00",3,"PA",42,0,1.75,0,0,0,0,41.53,-79.05,41.53,-79.05,0,0,0,0,0,53,0,0,0
640668,2018,10,2,"2018-10-02","15:12:00",3,"PA",42,0,1.75,0,0,0,0,41.5573,-77.1022,41.5573,-77.1022,0,0,0,0,0,117,0,0,0
640669,2018,10,2,"2018-10-02","15:13:00",3,"PA",42,0,1.5,0,0,0,0,41.53,-79.04,41.53,-79.04,0,0,0,0,0,53,0,0,0
640670,2018,10,2,"2018-10-02","15:13:00",3,"PA",42,0,1.5,0,0,0,0,41.53,-79.04,41.53,-79.04,0,0,0,0,0,53,0,0,0
640671,2018,10,2,"2018-10-02","15:30:00",3,"PA",42,0,1,0,0,0,0,40.22,-79.61,40.22,-79.61,0,0,0,0,0,129,0,0,0
640672,2018,10,2,"2018-10-02","15:30:00",3,"CT",9,0,1,0,0,0,0,41.14,-73.49,41.14,-73.49,0,0,0,0,0,1,0,0,0
640673,2018,10,2,"2018-10-02","15:37:00",3,"PA",42,0,0.88,0,0,0,0,40.27,-79.56,40.27,-79.56,0,0,0,0,0,129,0,0,0
640674,2018,10,2,"2018-10-02","15:51:00",3,"PA",42,0,0.75,0,0,0,0,41.08,-78.66,41.08,-78.66,0,0,0,0,0,33,0,0,0
640675,2018,10,2,"2018-10-02","16:00:00",3,"PA",42,0,1.75,0,0,0,0,41.1412,-78.8044,41.1412,-78.8044,0,0,0,0,0,65,0,0,0
640676,2018,10,2,"2018-10-02","16:05:00",3,"PA",42,0,0.75,0,0,0,0,41.12,-78.74,41.12,-78.74,0,0,0,0,0,33,0,0,0
640677,2018,10,2,"2018-10-02","16:12:00",3,"PA",42,0,1,0,0,0,0,39.8946,-79.9799,39.8946,-79.9799,0,0,0,0,0,59,0,0,0
640678,2018,10,2,"2018-10-02","16:30:00",3,"WV",54,0,0.88,0,0,0,0,39.14,-80.41,39.14,-80.41,0,0,0,0,0,33,0,0,0
640679,2018,10,2,"2018-10-02","16:37:00",3,"WV",54,0,1,0,0,0,0,39.13,-80.41,39.13,-80.41,0,0,0,0,0,41,0,0,0
640680,2018,10,2,"2018-10-02","16:38:00",3,"PA",42,0,1,0,0,0,0,41.2475,-78.7944,41.2475,-78.7944,0,0,0,0,0,65,0,0,0
640681,2018,10,2,"2018-10-02","16:41:00",3,"PA",42,0,1.5,0,0,0,0,41.0917,-77.5346,41.0917,-77.5346,0,0,0,0,0,35,0,0,0
640682,2018,10,2,"2018-10-02","16:45:00",3,"PA",42,0,2,0,0,0,0,41.0132,-77.5299,41.0132,-77.5299,0,0,0,0,0,35,0,0,0
640683,2018,10,2,"2018-10-02","16:45:00",3,"WV",54,0,1,0,0,0,0,39.05,-80.52,39.05,-80.52,0,0,0,0,0,41,0,0,0
640684,2018,10,2,"2018-10-02","20:15:00",3,"PA",42,0,0.8,0,0,0,0,40.28,-75.3,40.28,-75.3,0,0,0,0,0,91,0,0,0
640685,2018,10,3,"2018-10-03","14:15:00",3,"WI",55,0,1,0,0,0,0,45.6,-90.54,45.6,-90.54,0,0,0,0,0,99,0,0,0
640686,2018,10,3,"2018-10-03","15:00:00",3,"WI",55,0,1,0,0,0,0,45.67,-89.71,45.67,-89.71,0,0,0,0,0,85,0,0,0
640687,2018,10,3,"2018-10-03","22:50:00",3,"AZ",4,0,1,0,0,0,0,35.0344,-114.6315,35.0344,-114.6315,0,0,0,0,0,15,0,0,0
640688,2018,10,4,"2018-10-04","03:30:00",3,"CO",8,0,1,0,0,0,0,39.11,-108.36,39.11,-108.36,0,0,0,0,0,77,0,0,0
640689,2018,10,4,"2018-10-04","18:35:00",3,"NM",35,0,1.25,0,0,0,0,32.5956,-103.8789,32.5956,-103.8789,0,0,0,0,0,15,0,0,0
640690,2018,10,5,"2018-10-05","07:59:00",3,"KS",20,0,1,0,0,0,0,39.96,-97.43,39.96,-97.43,0,0,0,0,0,157,0,0,0
640691,2018,10,5,"2018-10-05","08:08:00",3,"NE",31,0,1.25,0,0,0,0,40.05,-97.26,40.05,-97.26,0,0,0,0,0,95,0,0,0
640692,2018,10,5,"2018-10-05","16:00:00",3,"TX",48,0,1,0,0,0,0,34.23,-102.31,34.23,-102.31,0,0,0,0,0,279,0,0,0
640693,2018,10,5,"2018-10-05","17:30:00",3,"TX",48,0,1.5,0,0,0,0,34.38,-101.57,34.38,-101.57,0,0,0,0,0,437,0,0,0
640694,2018,10,5,"2018-10-05","17:45:00",3,"TX",48,0,1,0,0,0,0,33.492,-102.188,33.492,-102.188,0,0,0,0,0,219,0,0,0
640695,2018,10,5,"2018-10-05","17:47:00",3,"KS",20,0,0.75,0,0,0,0,38.65,-99.01,38.65,-99.01,0,0,0,0,0,9,0,0,0
640696,2018,10,5,"2018-10-05","17:48:00",3,"TX",48,0,1.5,0,0,0,0,34.33,-101.62,34.33,-101.62,0,0,0,0,0,437,0,0,0
640697,2018,10,5,"2018-10-05","17:56:00",3,"KS",20,0,0.88,0,0,0,0,38.47,-99.38,38.47,-99.38,0,0,0,0,0,165,0,0,0
640698,2018,10,5,"2018-10-05","18:05:00",3,"KS",20,0,1,0,0,0,0,38.53,-99.31,38.53,-99.31,0,0,0,0,0,165,0,0,0
640699,2018,10,5,"2018-10-05","18:06:00",3,"KS",20,0,0.88,0,0,0,0,38.52,-99.2,38.52,-99.2,0,0,0,0,0,165,0,0,0
640700,2018,10,5,"2018-10-05","21:18:00",3,"TX",48,0,1,0,0,0,0,30.37,-103.67,30.37,-103.67,0,0,0,0,0,43,0,0,0
640701,2018,10,6,"2018-10-06","14:39:00",3,"NY",36,0,1,0,0,0,0,42.22,-78.14,42.22,-78.14,0,0,0,0,0,3,0,0,0
640702,2018,10,6,"2018-10-06","14:40:00",3,"NY",36,0,1,0,0,0,0,42.21,-78.14,42.21,-78.14,0,0,0,0,0,3,0,0,0
640703,2018,10,6,"2018-10-06","15:45:00",3,"OK",40,0,1,0,0,0,0,34.23,-97.49,34.23,-97.49,0,0,0,0,0,19,0,0,0
640704,2018,10,6,"2018-10-06","16:42:00",3,"MI",26,0,1.25,0,0,0,0,42.06,-83.39,42.06,-83.39,0,0,0,0,0,115,0,0,0
640705,2018,10,6,"2018-10-06","16:45:00",3,"MI",26,0,2,0,0,0,0,41.983,-83.372,41.983,-83.372,0,0,0,0,0,115,0,0,0
640706,2018,10,6,"2018-10-06","18:58:00",3,"NM",35,0,0.75,0,0,0,0,33.46,-104.6,33.46,-104.6,0,0,0,0,0,5,0,0,0
640707,2018,10,7,"2018-10-07","12:19:00",3,"MO",29,0,1,0,0,0,0,38.34,-92.6,38.34,-92.6,0,0,0,0,0,131,0,0,0
640708,2018,10,7,"2018-10-07","13:27:00",3,"OK",40,0,0.75,0,0,0,0,35.9033,-94.8163,35.9033,-94.8163,0,0,0,0,0,21,0,0,0
640709,2018,10,7,"2018-10-07","14:16:00",3,"AR",5,0,1,0,0,0,0,36.1878,-94.5399,36.1878,-94.5399,0,0,0,0,0,7,0,0,0
640710,2018,10,7,"2018-10-07","15:46:00",3,"TX",48,0,1,0,0,0,0,34.83,-102.37,34.83,-102.37,0,0,0,0,0,117,0,0,0
640711,2018,10,7,"2018-10-07","16:40:00",3,"OK",40,0,1,0,0,0,0,35.1,-98.6,35.1,-98.6,0,0,0,0,0,15,0,0,0
640712,2018,10,7,"2018-10-07","17:15:00",3,"AZ",4,0,1,0,0,0,0,33.56,-112.47,33.56,-112.47,0,0,0,0,0,13,0,0,0
640713,2018,10,8,"2018-10-08","16:20:00",3,"TX",48,0,1,0,0,0,0,33.18,-102.2281,33.18,-102.2281,0,0,0,0,0,445,0,0,0
640714,2018,10,8,"2018-10-08","16:40:00",3,"TX",48,0,1,0,0,0,0,33.19,-102.27,33.19,-102.27,0,0,0,0,0,445,0,0,0
640715,2018,10,8,"2018-10-08","17:02:00",3,"TX",48,0,1.75,0,0,0,2e+05,33.32,-101.9893,33.32,-101.9893,0,0,0,0,0,305,0,0,0
640716,2018,10,8,"2018-10-08","20:48:00",3,"TX",48,0,1,0,0,0,0,30.9743,-103.5289,30.9743,-103.5289,0,0,0,0,0,389,0,0,0
640717,2018,10,9,"2018-10-09","05:30:00",3,"TX",48,0,1.75,0,0,0,0,29.53,-100.02,29.53,-100.02,0,0,0,0,0,463,0,0,0
640718,2018,10,9,"2018-10-09","13:45:00",3,"WI",55,0,0.88,0,0,0,0,42.87,-90.18,42.87,-90.18,0,0,0,0,0,49,0,0,0
640719,2018,10,9,"2018-10-09","13:50:00",3,"WI",55,0,1,0,0,0,0,42.87,-90.18,42.87,-90.18,0,0,0,0,0,49,0,0,0
640720,2018,10,9,"2018-10-09","15:53:00",3,"WI",55,0,1.5,0,0,0,0,43.58,-89.51,43.58,-89.51,0,0,0,0,0,21,0,0,0
640721,2018,10,9,"2018-10-09","16:30:00",3,"WI",55,0,0.88,0,0,0,0,43.42,-90.76,43.42,-90.76,0,0,0,0,0,123,0,0,0
640722,2018,10,9,"2018-10-09","16:50:00",3,"WI",55,0,1,0,0,0,0,44.07,-89.02,44.07,-89.02,0,0,0,0,0,137,0,0,0
640723,2018,10,9,"2018-10-09","17:05:00",3,"WI",55,0,1.5,0,0,0,0,44.09,-88.9,44.09,-88.9,0,0,0,0,0,137,0,0,0
640724,2018,10,9,"2018-10-09","17:18:00",3,"WI",55,0,1,0,0,0,0,44.1666,-88.8657,44.1666,-88.8657,0,0,0,0,0,139,0,0,0
640725,2018,10,9,"2018-10-09","17:25:00",3,"WI",55,0,1,0,0,0,0,44.19,-88.79,44.19,-88.79,0,0,0,0,0,139,0,0,0
640776,2018,11,11,"2018-11-11","21:26:00",3,"TX",48,0,1,0,0,0,0,31.16,-97.45,31.16,-97.45,0,0,0,0,0,27,0,0,0
640777,2018,11,12,"2018-11-12","00:45:00",3,"TX",48,0,1,0,0,0,0,30.98,-96.65,30.98,-96.65,0,0,0,0,0,395,0,0,0
640778,2018,11,12,"2018-11-12","01:22:00",3,"TX",48,0,1.75,0,0,0,0,31.3354,-96.3899,31.3354,-96.3899,0,0,0,0,0,293,0,0,0
640779,2018,11,25,"2018-11-25","20:45:00",3,"FL",12,0,1,0,0,0,0,30.93,-85.51,30.93,-85.51,0,0,0,0,0,63,0,0,0
640780,2018,11,26,"2018-11-26","12:05:00",3,"FL",12,0,0.88,0,0,0,0,29.73,-81.24,29.73,-81.24,0,0,0,0,0,109,0,0,0
640781,2018,11,29,"2018-11-29","07:00:00",3,"CA",6,0,0.25,0,0,0,0,36.6,-121.88,36.6,-121.88,0,0,0,0,0,53,0,0,0
640782,2018,11,29,"2018-11-29","09:00:00",3,"CA",6,0,0.5,0,0,0,0,37.75,-122.45,37.75,-122.45,0,0,0,0,0,75,0,0,0
640783,2018,11,30,"2018-11-30","19:25:00",3,"OK",40,0,0.75,0,0,0,0,35.47,-97.51,35.47,-97.51,0,0,0,0,0,109,0,0,0
640784,2018,11,30,"2018-11-30","19:34:00",3,"AR",5,0,0.75,0,0,0,0,36.25,-92.69,36.25,-92.69,0,0,0,0,0,89,0,0,0
640785,2018,11,30,"2018-11-30","19:34:00",3,"TX",48,0,1,0,0,0,0,33.17,-97.87,33.17,-97.87,0,0,0,0,0,497,0,0,0
640786,2018,11,30,"2018-11-30","19:35:00",3,"OK",40,0,1,0,0,0,0,34.56,-98.62,34.56,-98.62,0,0,0,0,0,31,0,0,0
640787,2018,11,30,"2018-11-30","20:06:00",3,"OK",40,0,0.88,0,0,0,0,36.087,-97.1049,36.087,-97.1049,0,0,0,0,0,119,0,0,0
640788,2018,11,30,"2018-11-30","20:10:00",3,"OK",40,0,0.88,0,0,0,0,35.3042,-96.9259,35.3042,-96.9259,0,0,0,0,0,125,0,0,0
640789,2018,11,30,"2018-11-30","20:15:00",3,"OK",40,0,0.75,0,0,0,0,35.5,-96.89,35.5,-96.89,0,0,0,0,0,81,0,0,0
640790,2018,11,30,"2018-11-30","20:15:00",3,"OK",40,0,0.75,0,0,0,0,34.5943,-97.967,34.5943,-97.967,0,0,0,0,0,137,0,0,0
640791,2018,11,30,"2018-11-30","20:52:00",3,"OK",40,0,0.75,0,0,0,0,35.35,-97.53,35.35,-97.53,0,0,0,0,0,27,0,0,0
640792,2018,11,30,"2018-11-30","21:02:00",3,"OK",40,0,1,0,0,0,0,35.49,-97.39,35.49,-97.39,0,0,0,0,0,109,0,0,0
640793,2018,11,30,"2018-11-30","21:03:00",3,"TX",48,0,0.88,0,0,0,0,33.13,-97.18,33.13,-97.18,0,0,0,0,0,121,0,0,0
640794,2018,11,30,"2018-11-30","21:11:00",3,"TX",48,0,0.88,0,0,0,0,33.4,-96.97,33.4,-96.97,0,0,0,0,0,121,0,0,0
640795,2018,11,30,"2018-11-30","21:15:00",3,"OK",40,0,1,0,0,0,0,35.18,-96.62,35.18,-96.62,0,0,0,0,0,133,0,0,0
640796,2018,11,30,"2018-11-30","21:19:00",3,"TX",48,0,1,0,0,0,0,33.23,-96.99,33.23,-96.99,0,0,0,0,0,121,0,0,0
640797,2018,11,30,"2018-11-30","21:34:00",3,"TX",48,0,1.25,0,0,0,0,33.23,-96.82,33.23,-96.82,0,0,0,0,0,85,0,0,0
640798,2018,11,30,"2018-11-30","21:37:00",3,"MO",29,0,0.88,0,0,0,0,37.35,-92.92,37.35,-92.92,0,0,0,0,0,225,0,0,0
640799,2018,11,30,"2018-11-30","21:45:00",3,"TX",48,0,1,0,0,0,0,33.36,-96.58,33.36,-96.58,0,0,0,0,0,181,0,0,0
640800,2018,11,30,"2018-11-30","22:28:00",3,"TX",48,0,0.88,0,0,0,0,32.48,-96.98,32.48,-96.98,0,0,0,0,0,139,0,0,0
640801,2018,11,30,"2018-11-30","23:07:00",3,"TX",48,0,1.25,0,0,0,0,33.0065,-95.944,33.0065,-95.944,0,0,0,0,0,231,0,0,0
640802,2018,11,30,"2018-11-30","23:33:00",3,"TX",48,0,1,0,0,0,0,33.12,-95.6,33.12,-95.6,0,0,0,0,0,223,0,0,0
640770,2018,11,1,"2018-11-01","12:15:00",3,"PR",72,0,0.25,0,0,500,0,18.3397,-66.4739,18.3411,-66.4727,0,0,0,0,0,39,0,0,0
640771,2018,11,1,"2018-11-01","12:15:00",3,"PR",72,0,0.25,0,0,500,0,18.3064,-66.4776,18.3073,-66.4747,0,0,0,0,0,39,0,0,0
640772,2018,11,2,"2018-11-02","20:45:00",3,"PA",42,0,1,0,0,0,0,40.25,-75.68,40.25,-75.68,0,0,0,0,0,91,0,0,0
640773,2018,11,7,"2018-11-07","08:33:00",3,"MS",28,0,2,0,0,10000,0,32.42,-89.79,32.43,-89.77,0,0,0,0,0,121,0,0,0
640774,2018,11,7,"2018-11-07","21:27:00",3,"TX",48,0,1,0,0,0,0,30.16,-94.27,30.16,-94.27,0,0,0,0,0,245,0,0,0
640775,2018,11,8,"2018-11-08","04:32:00",3,"MS",28,0,1,0,0,0,0,32.3075,-90.1936,32.3075,-90.1936,0,0,0,0,0,49,0,0,0
640835,2018,12,14,"2018-12-14","03:01:00",3,"LA",22,0,1,0,0,0,0,32.5587,-93.2968,32.5587,-93.2968,0,0,0,0,0,119,0,0,0
640836,2018,12,14,"2018-12-14","03:50:00",3,"LA",22,0,1,0,0,0,0,32.6615,-93.029,32.6615,-93.029,0,0,0,0,0,27,0,0,0
640837,2018,12,14,"2018-12-14","03:56:00",3,"LA",22,0,1.25,0,0,0,0,32.8043,-92.9838,32.8043,-92.9838,0,0,0,0,0,27,0,0,0
640838,2018,12,14,"2018-12-14","04:16:00",3,"TX",48,0,1,0,0,0,0,33.2315,-94.2501,33.2315,-94.2501,0,0,0,0,0,67,0,0,0
640839,2018,12,14,"2018-12-14","04:24:00",3,"AR",5,0,1,0,0,0,0,33.2523,-93.1677,33.2523,-93.1677,0,0,0,0,0,27,0,0,0
640840,2018,12,14,"2018-12-14","04:40:00",3,"TX",48,0,1.5,0,0,0,0,33.3598,-94.2596,33.3598,-94.2596,0,0,0,0,0,37,0,0,0
640841,2018,12,14,"2018-12-14","05:15:00",3,"AR",5,0,0.75,0,0,0,0,33.0944,-92.8538,33.0944,-92.8538,0,0,0,0,0,139,0,0,0
640842,2018,12,21,"2018-12-21","15:48:00",3,"MD",24,0,1,0,0,0,0,39.52,-76.95,39.52,-76.95,0,0,0,0,0,13,0,0,0
640843,2018,12,26,"2018-12-26","12:40:00",3,"TX",48,0,1,0,0,0,0,32.3457,-102.555,32.3457,-102.555,0,0,0,0,0,3,0,0,0
640844,2018,12,26,"2018-12-26","14:05:00",3,"TX",48,0,1,0,0,0,0,33.92,-102.33,33.92,-102.33,0,0,0,0,0,279,0,0,0
640845,2018,12,26,"2018-12-26","14:26:00",3,"TX",48,0,0.88,0,0,0,0,31.53,-97.45,31.53,-97.45,0,0,0,0,0,309,0,0,0
640846,2018,12,26,"2018-12-26","15:01:00",3,"TX",48,0,0.75,0,0,0,0,35.02,-102.01,35.02,-102.01,0,0,0,0,0,381,0,0,0
640847,2018,12,26,"2018-12-26","15:06:00",3,"TX",48,0,1,0,0,0,0,35.05,-101.99,35.05,-101.99,0,0,0,0,0,381,0,0,0
640848,2018,12,26,"2018-12-26","15:21:00",3,"TX",48,0,0.75,0,0,0,0,35.17,-101.94,35.17,-101.94,0,0,0,0,0,381,0,0,0
640849,2018,12,26,"2018-12-26","15:50:00",3,"TX",48,0,1,0,0,0,0,34.02,-100.82,34.02,-100.82,0,0,0,0,0,345,0,0,0
640850,2018,12,26,"2018-12-26","16:02:00",3,"TX",48,0,0.75,0,0,0,0,35.19,-101.96,35.19,-101.96,0,0,0,0,0,375,0,0,0
640851,2018,12,26,"2018-12-26","19:06:00",3,"TX",48,0,0.75,0,0,0,0,30.01,-100.21,30.01,-100.21,0,0,0,0,0,137,0,0,0
640852,2018,12,26,"2018-12-26","20:15:00",3,"TX",48,0,1.25,0,0,0,0,29.31,-100.42,29.31,-100.42,0,0,0,0,0,271,0,0,0
640853,2018,12,26,"2018-12-26","20:30:00",3,"TX",48,0,2,0,0,0,0,29.34,-100.22,29.34,-100.22,0,0,0,0,0,271,0,0,0
640854,2018,12,26,"2018-12-26","20:31:00",3,"TX",48,0,1.75,0,0,0,0,29.67,-100.01,29.67,-100.01,0,0,0,0,0,385,0,0,0
640855,2018,12,26,"2018-12-26","21:45:00",3,"TX",48,0,1,0,0,0,0,31.54,-95.54,31.54,-95.54,0,0,0,0,0,225,0,0,0
640856,2018,12,26,"2018-12-26","21:50:00",3,"TX",48,0,1,0,0,0,0,32.1325,-95.2853,32.1325,-95.2853,0,0,0,0,0,423,0,0,0
640857,2018,12,26,"2018-12-26","21:56:00",3,"TX",48,0,1,0,0,0,0,32.2251,-95.2226,32.2251,-95.2226,0,0,0,0,0,423,0,0,0
640858,2018,12,26,"2018-12-26","21:59:00",3,"TX",48,0,1,0,0,0,0,32.23,-95.23,32.23,-95.23,0,0,0,0,0,423,0,0,0
640859,2018,12,26,"2018-12-26","22:00:00",3,"TX",48,0,0.88,0,0,0,0,30.76,-97.85,30.76,-97.85,0,0,0,0,0,491,0,0,0
640860,2018,12,26,"2018-12-26","22:55:00",3,"TX",48,0,0.88,0,0,0,0,30.65,-97.6,30.65,-97.6,0,0,0,0,0,491,0,0,0
640861,2018,12,26,"2018-12-26","23:17:00",3,"TX",48,0,0.88,0,0,0,0,30.39,-97.71,30.39,-97.71,0,0,0,0,0,453,0,0,0
640862,2018,12,27,"2018-12-27","02:00:00",3,"TX",48,0,0.75,0,0,0,0,29.49,-98.72,29.49,-98.72,0,0,0,0,0,29,0,0,0
640863,2018,12,27,"2018-12-27","13:41:00",3,"AL",1,0,1,0,0,0,0,32.62,-88.2,32.62,-88.2,0,0,0,0,0,119,0,0,0
640803,2018,12,1,"2018-12-01","00:10:00",3,"TX",48,0,0.75,0,0,0,0,33.4631,-94.7677,33.4631,-94.7677,0,0,0,0,0,387,0,0,0
640804,2018,12,1,"2018-12-01","01:45:00",3,"AR",5,0,0.75,0,0,0,0,33.7954,-93.3732,33.7954,-93.3732,0,0,0,0,0,99,0,0,0
640805,2018,12,1,"2018-12-01","01:55:00",3,"TN",47,0,1,0,0,0,0,35.7,-88.58,35.7,-88.58,0,0,0,0,0,77,0,0,0
640806,2018,12,1,"2018-12-01","06:37:00",3,"AR",5,0,1.5,0,0,0,0,33.89,-91.26,33.89,-91.26,0,0,0,0,0,41,0,0,0
640807,2018,12,1,"2018-12-01","07:15:00",3,"MS",28,0,1,0,0,0,0,34.2,-90.58,34.2,-90.58,0,0,0,0,0,27,0,0,0
640808,2018,12,1,"2018-12-01","09:25:00",3,"TN",47,0,0.88,0,0,0,0,35.5524,-88.8241,35.5309,-88.7619,0,0,0,0,0,113,0,0,0
640809,2018,12,1,"2018-12-01","14:36:00",3,"IL",17,0,1,0,0,0,0,39.7084,-90.7263,39.7084,-90.7263,0,0,0,0,0,149,0,0,0
640810,2018,12,1,"2018-12-01","15:00:00",3,"IL",17,0,1,0,0,0,0,39.8848,-90.6566,39.8848,-90.6566,0,0,0,0,0,9,0,0,0
640811,2018,12,1,"2018-12-01","16:00:00",3,"IL",17,0,1.75,0,0,0,0,39.0963,-89.7478,39.0963,-89.7478,0,0,0,0,0,117,0,0,0
640812,2018,12,1,"2018-12-01","16:04:00",3,"IL",17,0,1,0,0,0,0,40.4,-90.15,40.4,-90.15,0,0,0,0,0,57,0,0,0
640813,2018,12,1,"2018-12-01","16:11:00",3,"IL",17,0,1.75,0,0,0,0,39.1695,-89.6564,39.2158,-89.6225,0,0,0,0,0,135,0,0,0
640814,2018,12,1,"2018-12-01","16:50:00",3,"IL",17,0,1,0,0,0,0,39.255,-90.0646,39.255,-90.0646,0,0,0,0,0,117,0,0,0
640815,2018,12,1,"2018-12-01","17:28:00",3,"IL",17,0,0.88,0,0,0,0,39.63,-89.2,39.63,-89.2,0,0,0,0,0,21,0,0,0
640816,2018,12,1,"2018-12-01","17:30:00",3,"IL",17,0,1,0,0,0,0,39.63,-89.2,39.63,-89.2,0,0,0,0,0,21,0,0,0
640817,2018,12,1,"2018-12-01","17:32:00",3,"IL",17,0,1,0,0,0,0,40.68,-89.8,40.68,-89.8,0,0,0,0,0,143,0,0,0
640818,2018,12,1,"2018-12-01","17:36:00",3,"IL",17,0,1.75,0,0,0,0,40.7005,-89.827,40.7005,-89.827,0,0,0,0,0,143,0,0,0
640819,2018,12,1,"2018-12-01","17:58:00",3,"IL",17,0,1.75,0,0,0,0,39.83,-89.15,39.83,-89.15,0,0,0,0,0,115,0,0,0
640820,2018,12,1,"2018-12-01","17:58:00",3,"IL",17,0,1,0,0,0,0,40.57,-89.63,40.57,-89.63,0,0,0,0,0,179,0,0,0
640821,2018,12,1,"2018-12-01","18:15:00",3,"IL",17,0,1,0,0,0,0,39.58,-89.58,39.58,-89.58,0,0,0,0,0,167,0,0,0
640822,2018,12,1,"2018-12-01","18:20:00",3,"IL",17,0,0.88,0,0,0,0,40.1295,-89.3968,40.1295,-89.3968,0,0,0,0,0,107,0,0,0
640823,2018,12,1,"2018-12-01","18:43:00",3,"OH",39,0,1,0,0,0,0,39.13,-84.44,39.13,-84.44,0,0,0,0,0,61,0,0,0
640824,2018,12,1,"2018-12-01","18:44:00",3,"OH",39,0,1,0,0,0,0,39.15,-84.42,39.15,-84.42,0,0,0,0,0,61,0,0,0
640825,2018,12,1,"2018-12-01","18:45:00",3,"OH",39,0,1,0,0,0,0,39.2,-84.37,39.2,-84.37,0,0,0,0,0,61,0,0,0
640826,2018,12,1,"2018-12-01","18:46:00",3,"OH",39,0,1,0,0,0,0,39.19,-84.4,39.19,-84.4,0,0,0,0,0,61,0,0,0
640827,2018,12,1,"2018-12-01","18:47:00",3,"OH",39,0,1.25,0,0,0,0,39.21,-84.37,39.21,-84.37,0,0,0,0,0,61,0,0,0
640828,2018,12,1,"2018-12-01","18:47:00",3,"OH",39,0,1,0,0,0,0,39.25,-84.35,39.25,-84.35,0,0,0,0,0,61,0,0,0
640829,2018,12,1,"2018-12-01","18:50:00",3,"OH",39,0,0.75,0,0,0,0,39.27,-84.33,39.27,-84.33,0,0,0,0,0,61,0,0,0
640830,2018,12,1,"2018-12-01","18:52:00",3,"OH",39,0,1.25,0,0,0,0,39.2,-84.4,39.2,-84.4,0,0,0,0,0,61,0,0,0
640831,2018,12,1,"2018-12-01","20:19:00",3,"IL",17,0,0.75,0,0,0,0,41.88,-88.47,41.88,-88.47,0,0,0,0,0,89,0,0,0
640832,2018,12,1,"2018-12-01","21:06:00",3,"IL",17,0,0.75,0,0,0,0,42.02,-88.019,42.02,-88.019,0,0,0,0,0,31,0,0,0
640833,2018,12,1,"2018-12-01","21:25:00",3,"IL",17,0,0.75,0,0,0,0,42.18,-88,42.18,-88,0,0,0,0,0,97,0,0,0
640834,2018,12,2,"2018-12-02","14:23:00",3,"GA",13,0,1,0,0,0,0,30.79,-81.69,30.79,-81.69,0,0,0,0,0,39,0,0,0
633010,2018,1,11,"2018-01-11","15:57:00",3,"TX",48,0,1,0,0,0,0,29.6931,-95.6633,29.6931,-95.6633,0,0,0,0,0,201,0,0,0
633011,2018,1,18,"2018-01-18","11:48:00",3,"OR",41,0,2,0,0,0,0,46,-123.92,46,-123.92,0,0,0,0,0,7,0,0,0
633012,2018,1,18,"2018-01-18","22:38:00",3,"CA",6,0,0.25,0,0,0,0,40.7507,-124.1932,40.7507,-124.1932,0,0,0,0,0,23,0,0,0
633013,2018,1,19,"2018-01-19","15:36:00",3,"CA",6,0,0.25,0,0,0,0,37.2987,-122.0438,37.2987,-122.0438,0,0,0,0,0,85,0,0,0
633014,2018,1,19,"2018-01-19","16:25:00",3,"CA",6,0,0.25,0,0,0,0,38.2401,-122.6508,38.2401,-122.6508,0,0,0,0,0,97,0,0,0
633015,2018,1,19,"2018-01-19","16:35:00",3,"CA",6,0,0.25,0,0,0,0,38.2397,-122.6298,38.2397,-122.6298,0,0,0,0,0,97,0,0,0
633016,2018,1,19,"2018-01-19","16:43:00",3,"CA",6,0,0.25,0,0,0,0,38.45,-122.7,38.45,-122.7,0,0,0,0,0,97,0,0,0
633017,2018,1,21,"2018-01-21","15:58:00",3,"TX",48,0,0.75,0,0,0,0,32.83,-97.25,32.83,-97.25,0,0,0,0,0,439,0,0,0
633018,2018,1,21,"2018-01-21","16:07:00",3,"TX",48,0,0.75,0,0,0,0,32.82,-97.15,32.82,-97.15,0,0,0,0,0,439,0,0,0
633019,2018,1,21,"2018-01-21","16:16:00",3,"TX",48,0,0.75,0,0,0,0,32.7587,-97.2142,32.7587,-97.2142,0,0,0,0,0,439,0,0,0
633020,2018,1,21,"2018-01-21","16:18:00",3,"TX",48,0,0.88,0,0,0,0,32.97,-97.13,32.97,-97.13,0,0,0,0,0,439,0,0,0
633021,2018,1,21,"2018-01-21","16:28:00",3,"TX",48,0,0.75,0,0,0,0,32.7423,-97.2137,32.7423,-97.2137,0,0,0,0,0,439,0,0,0
633022,2018,1,21,"2018-01-21","16:47:00",3,"OK",40,0,1,0,0,0,0,35.1,-95.1,35.1,-95.1,0,0,0,0,0,61,0,0,0
633023,2018,1,21,"2018-01-21","17:00:00",3,"TX",48,0,0.75,0,0,0,0,32.95,-96.9,32.95,-96.9,0,0,0,0,0,113,0,0,0
633024,2018,1,21,"2018-01-21","17:14:00",3,"TX",48,0,0.88,0,0,0,0,32.9037,-96.958,32.9037,-96.958,0,0,0,0,0,113,0,0,0
633025,2018,1,21,"2018-01-21","17:15:00",3,"TX",48,0,0.75,0,0,0,0,32.91,-97,32.91,-97,0,0,0,0,0,113,0,0,0
633026,2018,1,21,"2018-01-21","17:36:00",3,"TX",48,0,0.75,0,0,0,0,33.14,-96.7,33.14,-96.7,0,0,0,0,0,85,0,0,0
633027,2018,1,21,"2018-01-21","20:00:00",3,"TX",48,0,1.75,0,0,0,0,32.931,-95.5637,32.931,-95.5637,0,0,0,0,0,499,0,0,0
633028,2018,1,21,"2018-01-21","20:00:00",3,"TX",48,0,1.75,0,0,0,0,32.87,-95.54,32.87,-95.54,0,0,0,0,0,499,0,0,0
633029,2018,1,21,"2018-01-21","20:57:00",3,"TX",48,0,1.75,0,0,0,0,33.1583,-94.9696,33.1583,-94.9696,0,0,0,0,0,449,0,0,0
633030,2018,1,21,"2018-01-21","23:10:00",3,"AR",5,0,1.25,0,0,0,0,34.58,-94.2124,34.58,-94.2124,0,0,0,0,0,113,0,0,0
633031,2018,1,22,"2018-01-22","13:24:00",3,"IL",17,0,1,0,0,0,0,39.72,-89.92,39.72,-89.92,0,0,0,0,0,167,0,0,0
633032,2018,1,22,"2018-01-22","13:31:00",3,"IL",17,0,1,0,0,0,0,40.0405,-89.8767,40.0405,-89.8767,0,0,0,0,0,129,0,0,0
633033,2018,1,22,"2018-01-22","13:35:00",3,"IL",17,0,0.75,0,0,0,0,39.87,-89.92,39.87,-89.92,0,0,0,0,0,167,0,0,0
633034,2018,1,22,"2018-01-22","14:00:00",3,"IL",17,0,0.75,0,0,0,0,40.02,-89.85,40.02,-89.85,0,0,0,0,0,129,0,0,0
633035,2018,1,22,"2018-01-22","14:25:00",3,"IL",17,0,0.75,0,0,0,0,39.96,-89.69,39.96,-89.69,0,0,0,0,0,167,0,0,0
633036,2018,1,22,"2018-01-22","14:33:00",3,"IL",17,0,0.75,0,0,0,0,40.65,-89.67,40.65,-89.67,0,0,0,0,0,143,0,0,0
633037,2018,1,22,"2018-01-22","16:01:00",3,"IL",17,0,0.88,0,0,0,0,41.53,-89.28,41.53,-89.28,0,0,0,0,0,11,0,0,0
633038,2018,1,22,"2018-01-22","16:51:00",3,"IL",17,0,0.75,0,0,0,0,41.93,-88.87,41.93,-88.87,0,0,0,0,0,37,0,0,0
633039,2018,1,22,"2018-01-22","19:51:00",3,"KY",21,0,1,0,0,0,0,37.29,-85.77,37.29,-85.77,0,0,0,0,0,99,0,0,0
633040,2018,1,22,"2018-01-22","19:53:00",3,"KY",21,0,1,0,0,0,0,39.07,-84.7,39.07,-84.7,0,0,0,0,0,15,0,0,0
633041,2018,1,22,"2018-01-22","20:12:00",3,"IN",18,0,0.88,0,0,0,0,39.89,-85.95,39.89,-85.95,0,0,0,0,0,97,0,0,0
633042,2018,1,22,"2018-01-22","20:55:00",3,"OH",39,0,0.88,0,0,0,0,39.93,-83.81,39.93,-83.81,0,0,0,0,0,23,0,0,0
633043,2018,1,22,"2018-01-22","20:57:00",3,"OH",39,0,0.88,0,0,0,0,39.32,-83.69,39.32,-83.69,0,0,0,0,0,27,0,0,0
633044,2018,1,22,"2018-01-22","23:21:00",3,"KY",21,0,0.75,0,0,0,0,38.17,-82.67,38.17,-82.67,0,0,0,0,0,127,0,0,0
633045,2018,1,25,"2018-01-25","12:48:00",3,"CA",6,0,0.25,0,0,0,0,38.4089,-122.9841,38.4089,-122.9841,0,0,0,0,0,97,0,0,0
633046,2018,1,25,"2018-01-25","14:00:00",3,"CA",6,0,0.25,0,0,0,0,38.2577,-122.7151,38.2577,-122.7151,0,0,0,0,0,97,0,0,0
633047,2018,1,25,"2018-01-25","14:18:00",3,"CA",6,0,0.25,0,0,0,0,38.23,-122.6116,38.23,-122.6116,0,0,0,0,0,97,0,0,0
633048,2018,1,25,"2018-01-25","15:00:00",3,"CA",6,0,0.75,0,0,0,0,37.01,-121.58,37.01,-121.58,0,0,0,0,0,85,0,0,0
633049,2018,1,25,"2018-01-25","15:00:00",3,"CA",6,0,0.25,0,0,0,0,37.2721,-121.88,37.2721,-121.88,0,0,0,0,0,85,0,0,0
633050,2018,1,25,"2018-01-25","15:00:00",3,"CA",6,0,0.25,0,0,0,0,37.8503,-122.4904,37.8503,-122.4904,0,0,0,0,0,41,0,0,0
633051,2018,1,25,"2018-01-25","15:10:00",3,"CA",6,0,0.25,0,0,0,0,37.01,-121.5803,37.01,-121.5803,0,0,0,0,0,85,0,0,0
633052,2018,1,25,"2018-01-25","15:10:00",3,"CA",6,0,0.25,0,0,0,0,37.6688,-121.8553,37.6688,-121.8553,0,0,0,0,0,1,0,0,0
633053,2018,1,25,"2018-01-25","16:20:00",3,"CA",6,0,0.25,0,0,0,0,37.159,-121.65,37.159,-121.65,0,0,0,0,0,85,0,0,0
633066,2018,2,18,"2018-02-18","22:42:00",3,"CA",6,0,0.25,0,0,0,0,40.8625,-124.0828,40.8625,-124.0828,0,0,0,0,0,23,0,0,0
633067,2018,2,19,"2018-02-19","01:12:00",3,"CA",6,0,0.25,0,0,0,0,40.8111,-124.1115,40.8111,-124.1115,0,0,0,0,0,23,0,0,0
633068,2018,2,19,"2018-02-19","22:45:00",3,"NE",31,0,0.75,0,0,0,0,41.02,-96.1,41.02,-96.1,0,0,0,0,0,25,0,0,0
633069,2018,2,20,"2018-02-20","07:33:00",3,"OK",40,0,0.75,0,0,0,0,35.35,-97.64,35.35,-97.64,0,0,0,0,0,27,0,0,0
633070,2018,2,20,"2018-02-20","13:15:00",3,"TX",48,0,0.75,0,0,0,0,31.18,-99.33,31.18,-99.33,0,0,0,0,0,307,0,0,0
633071,2018,2,21,"2018-02-21","15:10:00",3,"MS",28,0,1,0,0,15000,0,31.68,-90.81,31.68,-90.81,0,0,0,0,0,63,0,0,0
633072,2018,2,22,"2018-02-22","09:56:00",3,"TX",48,0,1,0,0,0,0,33.2,-95.23,33.2,-95.23,0,0,0,0,0,159,0,0,0
633073,2018,2,22,"2018-02-22","15:39:00",3,"CA",6,0,0.25,0,0,0,0,38.3934,-122.97,38.3934,-122.97,0,0,0,0,0,97,0,0,0
633074,2018,2,22,"2018-02-22","16:29:00",3,"CA",6,0,0.25,0,0,0,0,37.58,-122.38,37.58,-122.38,0,0,0,0,0,81,0,0,0
633075,2018,2,22,"2018-02-22","16:45:00",3,"CA",6,0,0.25,0,0,0,0,37.97,-122.03,37.97,-122.03,0,0,0,0,0,13,0,0,0
633076,2018,2,24,"2018-02-24","06:20:00",3,"OK",40,0,1,0,0,0,0,33.98,-97.9,33.98,-97.9,0,0,0,0,0,67,0,0,0
633077,2018,2,24,"2018-02-24","14:05:00",3,"KY",21,0,0.88,0,0,0,0,37.12,-87.7248,37.12,-87.7248,0,0,0,0,0,33,0,0,0
633078,2018,2,25,"2018-02-25","05:33:00",3,"TX",48,0,1,0,0,0,0,28.86,-98.7,28.86,-98.7,0,0,0,0,0,13,0,0,0
633079,2018,2,25,"2018-02-25","05:45:00",3,"TX",48,0,1.75,0,0,0,0,29.56,-99.24,29.56,-99.24,0,0,0,0,0,325,0,0,0
633080,2018,2,25,"2018-02-25","05:46:00",3,"TX",48,0,1,0,0,0,0,28.91,-98.54,28.91,-98.54,0,0,0,0,0,13,0,0,0
633081,2018,2,25,"2018-02-25","05:50:00",3,"TX",48,0,1,0,0,0,0,28.91,-98.54,28.91,-98.54,0,0,0,0,0,13,0,0,0
633082,2018,2,25,"2018-02-25","05:52:00",3,"TX",48,0,1.75,0,0,0,0,28.91,-98.54,28.91,-98.54,0,0,0,0,0,13,0,0,0
633083,2018,2,25,"2018-02-25","06:04:00",3,"TX",48,0,0.75,0,0,0,0,28.99,-98.43,28.99,-98.43,0,0,0,0,0,13,0,0,0
633084,2018,2,25,"2018-02-25","06:10:00",3,"TX",48,0,1,0,0,0,0,28.98,-98.02,28.98,-98.02,0,0,0,0,0,255,0,0,0
633085,2018,2,25,"2018-02-25","06:20:00",3,"TX",48,0,1.5,0,0,0,0,28.97,-98.14,28.97,-98.14,0,0,0,0,0,493,0,0,0
633086,2018,2,25,"2018-02-25","06:29:00",3,"TX",48,0,0.75,0,0,0,0,29.93,-99.03,29.93,-99.03,0,0,0,0,0,265,0,0,0
633087,2018,2,25,"2018-02-25","06:35:00",3,"TX",48,0,0.75,0,0,0,0,29,-97.91,29,-97.91,0,0,0,0,0,255,0,0,0
633088,2018,2,25,"2018-02-25","06:45:00",3,"TX",48,0,1,0,0,0,0,29.02,-97.88,29.02,-97.88,0,0,0,0,0,255,0,0,0
633089,2018,2,25,"2018-02-25","12:00:00",3,"PR",72,0,0.25,0,0,1000,0,18.05,-66.72,18.0497,-66.7106,0,0,0,0,0,111,0,0,0
633090,2018,2,26,"2018-02-26","16:36:00",3,"CA",6,0,0.25,0,0,0,0,37.0334,-121.5769,37.0334,-121.5769,0,0,0,0,0,85,0,0,0
633091,2018,2,26,"2018-02-26","16:40:00",3,"CA",6,0,0.5,0,0,1e+05,0,38.6175,-121.494,38.5764,-121.4929,0,0,0,0,0,67,0,0,0
633092,2018,2,26,"2018-02-26","17:38:00",3,"CA",6,0,0.25,0,0,0,0,38.45,-122.7,38.45,-122.7,0,0,0,0,0,97,0,0,0
633093,2018,2,26,"2018-02-26","18:23:00",3,"CA",6,0,0.25,0,0,0,0,37.95,-122.08,37.95,-122.08,0,0,0,0,0,13,0,0,0
633094,2018,2,26,"2018-02-26","19:00:00",3,"CA",6,0,0.25,0,0,0,0,37.7594,-122.51,37.7594,-122.51,0,0,0,0,0,75,0,0,0
633054,2018,2,6,"2018-02-06","13:35:00",3,"TX",48,0,0.75,0,0,0,0,32.2416,-95.3091,32.2416,-95.3091,0,0,0,0,0,423,0,0,0
633055,2018,2,6,"2018-02-06","14:06:00",3,"TX",48,0,0.75,0,0,0,0,32.5236,-94.9451,32.5236,-94.9451,0,0,0,0,0,183,0,0,0
633056,2018,2,6,"2018-02-06","15:05:00",3,"TX",48,0,1,0,0,0,0,33.1883,-95.2216,33.1883,-95.2216,0,0,0,0,0,159,0,0,0
633057,2018,2,6,"2018-02-06","15:24:00",3,"TX",48,0,1.25,0,0,0,0,33.2563,-94.0725,33.2563,-94.0725,0,0,0,0,0,67,0,0,0
633058,2018,2,6,"2018-02-06","15:38:00",3,"AR",5,0,1,0,0,0,0,33.3743,-93.8752,33.3743,-93.8752,0,0,0,0,0,91,0,0,0
633059,2018,2,6,"2018-02-06","15:42:00",3,"AR",5,0,1,0,0,0,0,33.3237,-93.953,33.3237,-93.953,0,0,0,0,0,91,0,0,0
633060,2018,2,6,"2018-02-06","16:08:00",3,"AR",5,0,0.75,0,0,0,0,33.587,-93.6499,33.587,-93.6499,0,0,0,0,0,57,0,0,0
633061,2018,2,6,"2018-02-06","16:20:00",3,"AR",5,0,0.75,0,0,0,0,33.635,-93.5936,33.635,-93.5936,0,0,0,0,0,57,0,0,0
633062,2018,2,6,"2018-02-06","16:22:00",3,"TX",48,0,0.88,0,0,0,0,32.4852,-95.4599,32.4852,-95.4599,0,0,0,0,0,423,0,0,0
633063,2018,2,6,"2018-02-06","16:25:00",3,"TX",48,0,1,0,0,0,0,32.5064,-95.4164,32.5064,-95.4164,0,0,0,0,0,423,0,0,0
633064,2018,2,6,"2018-02-06","23:40:00",3,"MS",28,0,1,0,0,0,0,32.59,-90.31,32.59,-90.31,0,0,0,0,0,89,0,0,0
633065,2018,2,7,"2018-02-07","09:15:00",3,"AL",1,0,1.25,0,0,0,0,32.63,-85.14,32.63,-85.14,0,0,0,0,0,81,0,0,0
633123,2018,3,10,"2018-03-10","15:23:00",3,"OK",40,0,0.75,0,0,0,0,35.6634,-95.1981,35.6634,-95.1981,0,0,0,0,0,101,0,0,0
633124,2018,3,10,"2018-03-10","16:06:00",3,"OK",40,0,1.75,0,0,15000,0,35.58,-94.48,35.58,-94.48,0,0,0,0,0,135,0,0,0
633125,2018,3,10,"2018-03-10","16:10:00",3,"AR",5,0,1.25,0,0,15000,0,35.5845,-94.4442,35.5845,-94.4442,0,0,0,0,0,33,0,0,0
633126,2018,3,10,"2018-03-10","16:18:00",3,"AR",5,0,0.75,0,0,0,0,35.5697,-94.367,35.5697,-94.367,0,0,0,0,0,33,0,0,0
633127,2018,3,10,"2018-03-10","16:22:00",3,"AR",5,0,0.75,0,0,0,0,35.54,-94.35,35.54,-94.35,0,0,0,0,0,33,0,0,0
633128,2018,3,10,"2018-03-10","16:30:00",3,"AR",5,0,0.75,0,0,0,0,35.5278,-94.271,35.5278,-94.271,0,0,0,0,0,33,0,0,0
633129,2018,3,10,"2018-03-10","16:40:00",3,"AR",5,0,0.75,0,0,0,0,35.4779,-94.2218,35.4779,-94.2218,0,0,0,0,0,33,0,0,0
633130,2018,3,10,"2018-03-10","16:40:00",3,"AR",5,0,1,0,0,0,0,35.4777,-94.2197,35.4777,-94.2197,0,0,0,0,0,33,0,0,0
633131,2018,3,10,"2018-03-10","16:50:00",3,"AR",5,0,0.88,0,0,0,0,35.49,-93.9722,35.49,-93.9722,0,0,0,0,0,47,0,0,0
633132,2018,3,10,"2018-03-10","16:54:00",3,"AR",5,0,1.75,0,0,25000,0,35.41,-94.0922,35.41,-94.0922,0,0,0,0,0,131,0,0,0
633133,2018,3,10,"2018-03-10","17:03:00",3,"AR",5,0,0.88,0,0,0,0,35.44,-94.05,35.44,-94.05,0,0,0,0,0,47,0,0,0
633134,2018,3,10,"2018-03-10","17:06:00",3,"AR",5,0,1.75,0,0,15000,0,35.4,-93.99,35.4,-93.99,0,0,0,0,0,47,0,0,0
633135,2018,3,10,"2018-03-10","17:06:00",3,"AR",5,0,2,0,0,20000,0,35.3868,-94.03,35.3868,-94.03,0,0,0,0,0,47,0,0,0
633136,2018,3,10,"2018-03-10","17:07:00",3,"AR",5,0,1,0,0,0,0,35.491,-93.8279,35.491,-93.8279,0,0,0,0,0,47,0,0,0
633137,2018,3,10,"2018-03-10","17:17:00",3,"AR",5,0,1,0,0,0,0,35.3056,-93.9536,35.3056,-93.9536,0,0,0,0,0,47,0,0,0
633138,2018,3,10,"2018-03-10","17:20:00",3,"AR",5,0,1,0,0,0,0,35.5844,-94.4443,35.5844,-94.4443,0,0,0,0,0,33,0,0,0
633139,2018,3,10,"2018-03-10","17:23:00",3,"MS",28,0,1.75,0,0,15000,0,33.72,-90.98,33.71,-90.74,0,0,0,0,0,11,0,0,0
633140,2018,3,10,"2018-03-10","17:27:00",3,"AR",5,0,1.75,0,0,20000,0,35.5698,-94.4374,35.5698,-94.4374,0,0,0,0,0,33,0,0,0
633141,2018,3,10,"2018-03-10","18:27:00",3,"AR",5,0,1.5,0,0,0,0,35.1285,-92.897,35.1285,-92.897,0,0,0,0,0,29,0,0,0
633142,2018,3,10,"2018-03-10","18:41:00",3,"AR",5,0,1.5,0,0,0,0,34.96,-93.11,34.96,-93.11,0,0,0,0,0,105,0,0,0
633143,2018,3,10,"2018-03-10","19:02:00",3,"OK",40,0,0.88,0,0,0,0,35.9592,-95.3697,35.9592,-95.3697,0,0,0,0,0,145,0,0,0
633144,2018,3,10,"2018-03-10","19:02:00",3,"AR",5,0,1,0,0,0,0,35.02,-92.75,35.02,-92.75,0,0,0,0,0,105,0,0,0
633145,2018,3,10,"2018-03-10","19:10:00",3,"AR",5,0,0.75,0,0,0,0,35.03,-92.69,35.03,-92.69,0,0,0,0,0,105,0,0,0
633146,2018,3,10,"2018-03-10","19:21:00",3,"AR",5,0,0.75,0,0,0,0,34.56,-92.59,34.56,-92.59,0,0,0,0,0,125,0,0,0
633147,2018,3,10,"2018-03-10","19:25:00",3,"AR",5,0,1,0,0,0,0,34.56,-92.59,34.56,-92.59,0,0,0,0,0,125,0,0,0
633148,2018,3,10,"2018-03-10","19:28:00",3,"AR",5,0,1,0,0,0,0,34.56,-92.59,34.56,-92.59,0,0,0,0,0,125,0,0,0
633149,2018,3,10,"2018-03-10","19:30:00",3,"AR",5,0,1,0,0,0,0,34.44,-92.36,34.44,-92.36,0,0,0,0,0,53,0,0,0
633150,2018,3,10,"2018-03-10","19:30:00",3,"AR",5,0,1.75,0,0,0,0,34.45,-92.58,34.45,-92.58,0,0,0,0,0,53,0,0,0
633151,2018,3,10,"2018-03-10","19:32:00",3,"AR",5,0,1.75,0,0,0,0,34.56,-92.52,34.56,-92.52,0,0,0,0,0,125,0,0,0
633152,2018,3,10,"2018-03-10","19:50:00",3,"AR",5,0,0.88,0,0,0,0,34.5853,-92.2695,34.5853,-92.2695,0,0,0,0,0,119,0,0,0
633153,2018,3,10,"2018-03-10","19:59:00",3,"AR",5,0,0.75,0,0,0,0,33.63,-91.4,33.63,-91.4,0,0,0,0,0,41,0,0,0
633154,2018,3,10,"2018-03-10","19:59:00",3,"AR",5,0,1,0,0,0,0,34.68,-92.35,34.68,-92.35,0,0,0,0,0,119,0,0,0
633155,2018,3,10,"2018-03-10","20:00:00",3,"AR",5,0,0.88,0,0,0,0,34.75,-92.39,34.75,-92.39,0,0,0,0,0,119,0,0,0
633156,2018,3,10,"2018-03-10","20:07:00",3,"AR",5,0,2.75,0,0,0,0,34.27,-92.09,34.27,-92.09,0,0,0,0,0,69,0,0,0
633157,2018,3,10,"2018-03-10","20:14:00",3,"AR",5,0,1.75,0,0,0,0,34.19,-92.07,34.19,-92.07,0,0,0,0,0,69,0,0,0
633158,2018,3,10,"2018-03-10","20:15:00",3,"AR",5,0,1.75,0,0,0,0,34.1934,-92.06,34.1934,-92.06,0,0,0,0,0,69,0,0,0
633159,2018,3,10,"2018-03-10","20:16:00",3,"AR",5,0,3.5,0,0,0,0,34.23,-92,34.23,-92,0,0,0,0,0,69,0,0,0
633160,2018,3,10,"2018-03-10","20:19:00",3,"AR",5,0,1.75,0,0,0,0,33.89,-91.85,33.89,-91.85,0,0,0,0,0,79,0,0,0
633161,2018,3,10,"2018-03-10","20:37:00",3,"AR",5,0,2,0,0,0,0,34.1,-91.87,34.1,-91.87,0,0,0,0,0,69,0,0,0
633162,2018,3,10,"2018-03-10","20:43:00",3,"AR",5,0,1.75,0,0,0,0,34.27,-92.09,34.27,-92.09,0,0,0,0,0,69,0,0,0
633163,2018,3,10,"2018-03-10","20:55:00",3,"MS",28,0,1,0,0,0,0,34.45,-88.67,34.4412,-88.6461,0,0,0,0,0,81,0,0,0
633164,2018,3,10,"2018-03-10","20:59:00",3,"AL",1,0,1,0,0,0,0,34.4,-88.11,34.4,-88.11,0,0,0,0,0,59,0,0,0
633165,2018,3,10,"2018-03-10","21:15:00",3,"AR",5,0,1,0,0,0,0,33.63,-91.4,33.63,-91.4,0,0,0,0,0,41,0,0,0
633166,2018,3,10,"2018-03-10","21:55:00",3,"MS",28,0,1,0,0,0,0,33.02,-89.63,33.02,-89.63,0,0,0,0,0,7,0,0,0
633167,2018,3,10,"2018-03-10","22:00:00",3,"MS",28,0,0.75,0,0,0,0,34.8361,-88.428,34.8564,-88.3351,0,0,0,0,0,3,0,0,0
633168,2018,3,10,"2018-03-10","22:07:00",3,"AR",5,0,1.25,0,0,50000,0,33.384,-91.651,33.306,-91.46,0,0,0,0,0,3,0,0,0
633169,2018,3,10,"2018-03-10","22:09:00",3,"MS",28,0,2.75,0,0,50000,0,33.5077,-91.0991,33.1827,-90.6897,0,0,0,0,0,151,0,0,0
633170,2018,3,10,"2018-03-10","22:10:00",3,"AR",5,0,1.5,0,0,0,0,33.64,-91.7,33.64,-91.7,0,0,0,0,0,43,0,0,0
633171,2018,3,10,"2018-03-10","22:22:00",3,"AR",5,0,1.25,0,0,0,0,33.62,-91.71,33.62,-91.71,0,0,0,0,0,43,0,0,0
633172,2018,3,10,"2018-03-10","22:28:00",3,"MS",28,0,1.5,0,0,20000,0,32.98,-89.38,32.98,-89.38,0,0,0,0,0,7,0,0,0
633173,2018,3,10,"2018-03-10","22:31:00",3,"AR",5,0,0.88,0,0,0,0,35.1,-92.78,35.1,-92.78,0,0,0,0,0,29,0,0,0
633174,2018,3,10,"2018-03-10","22:35:00",3,"AR",5,0,1.75,0,0,50000,0,33.3022,-91.443,33.1986,-91.1187,0,0,0,0,0,17,0,0,0
633175,2018,3,10,"2018-03-10","22:40:00",3,"MS",28,0,1,0,0,0,0,32.95,-89.31,32.95,-89.31,0,0,0,0,0,159,0,0,0
633176,2018,3,10,"2018-03-10","22:47:00",3,"TX",48,0,2,0,0,0,0,33.155,-94.9656,33.155,-94.9656,0,0,0,0,0,449,0,0,0
633177,2018,3,10,"2018-03-10","22:57:00",3,"AR",5,0,1,0,0,0,0,33.49,-91.44,33.49,-91.44,0,0,0,0,0,17,0,0,0
633178,2018,3,10,"2018-03-10","22:57:00",3,"MS",28,0,2,0,0,25000,0,33.24,-90.6,33.16,-90.5,0,0,0,0,0,53,0,0,0
633179,2018,3,10,"2018-03-10","23:15:00",3,"TX",48,0,1.25,0,0,0,0,32.9406,-94.7115,32.9406,-94.7115,0,0,0,0,0,343,0,0,0
633180,2018,3,10,"2018-03-10","23:21:00",3,"TX",48,0,1,0,0,0,0,33.06,-94.7,33.06,-94.7,0,0,0,0,0,343,0,0,0
633181,2018,3,10,"2018-03-10","23:37:00",3,"MS",28,0,1.75,0,0,20000,0,33.22,-91.03,33.22,-91.03,0,0,0,0,0,151,0,0,0
633182,2018,3,10,"2018-03-10","23:43:00",3,"MS",28,0,1,0,0,0,0,32.83,-88.93,32.83,-88.93,0,0,0,0,0,99,0,0,0
633183,2018,3,10,"2018-03-10","23:44:00",3,"TX",48,0,1,0,0,0,0,32.8,-94.55,32.8,-94.55,0,0,0,0,0,315,0,0,0
633184,2018,3,11,"2018-03-11","00:00:00",3,"TX",48,0,1.75,0,0,0,0,32.7448,-94.5368,32.7448,-94.5368,0,0,0,0,0,315,0,0,0
633185,2018,3,11,"2018-03-11","00:05:00",3,"MS",28,0,1,0,0,0,0,32.87,-89.95,32.87,-89.95,0,0,0,0,0,89,0,0,0
633186,2018,3,11,"2018-03-11","00:13:00",3,"MS",28,0,1,0,0,0,0,32.98,-90.1,32.98,-90.1,0,0,0,0,0,51,0,0,0
633187,2018,3,11,"2018-03-11","00:30:00",3,"TX",48,0,0.88,0,0,0,0,32.6,-94.46,32.6,-94.46,0,0,0,0,0,203,0,0,0
633188,2018,3,11,"2018-03-11","00:38:00",3,"TX",48,0,1,0,0,0,0,32.5317,-94.3328,32.5317,-94.3328,0,0,0,0,0,203,0,0,0
633189,2018,3,11,"2018-03-11","00:45:00",3,"TX",48,0,2.75,0,0,0,0,32.5208,-94.2396,32.5208,-94.2396,0,0,0,0,0,203,0,0,0
633190,2018,3,11,"2018-03-11","00:46:00",3,"AR",5,0,1,0,0,0,0,33.23,-91.8,33.23,-91.8,0,0,0,0,0,3,0,0,0
633191,2018,3,11,"2018-03-11","00:59:00",3,"TX",48,0,0.75,0,0,0,0,32.4408,-94.2302,32.4408,-94.2302,0,0,0,0,0,203,0,0,0
633192,2018,3,11,"2018-03-11","00:59:00",3,"TX",48,0,1,0,0,0,0,32.4372,-94.2329,32.4372,-94.2329,0,0,0,0,0,203,0,0,0
633193,2018,3,11,"2018-03-11","01:07:00",3,"TX",48,0,0.75,0,0,0,0,32.3739,-94.1835,32.3739,-94.1835,0,0,0,0,0,203,0,0,0
633194,2018,3,11,"2018-03-11","01:10:00",3,"TX",48,0,0.75,0,0,0,0,32.3724,-94.0505,32.3724,-94.0505,0,0,0,0,0,365,0,0,0
633195,2018,3,11,"2018-03-11","01:15:00",3,"TX",48,0,1.75,0,0,0,0,32.34,-94.12,32.34,-94.12,0,0,0,0,0,365,0,0,0
633196,2018,3,11,"2018-03-11","02:19:00",3,"MS",28,0,1.75,0,0,3000,0,32.42,-90.02,32.4,-89.99,0,0,0,0,0,121,0,0,0
633197,2018,3,11,"2018-03-11","02:57:00",3,"TX",48,0,1.25,0,0,0,0,32.5414,-94.8083,32.5414,-94.8083,0,0,0,0,0,183,0,0,0
633198,2018,3,11,"2018-03-11","03:10:00",3,"TX",48,0,1.5,0,0,0,0,32.51,-94.72,32.51,-94.72,0,0,0,0,0,183,0,0,0
633199,2018,3,11,"2018-03-11","03:12:00",3,"TX",48,0,1,0,0,0,0,32.48,-94.72,32.48,-94.72,0,0,0,0,0,183,0,0,0
633200,2018,3,11,"2018-03-11","03:50:00",3,"TX",48,0,1,0,0,0,0,32.9225,-95.5022,32.9225,-95.5022,0,0,0,0,0,499,0,0,0
633201,2018,3,11,"2018-03-11","10:12:00",3,"LA",22,0,1,0,0,0,0,30.4038,-90.1571,30.4038,-90.1571,0,0,0,0,0,103,0,0,0
633202,2018,3,14,"2018-03-14","12:40:00",3,"CA",6,0,0.25,0,0,0,0,38.23,-122.63,38.23,-122.63,0,0,0,0,0,97,0,0,0
633203,2018,3,14,"2018-03-14","13:25:00",3,"CA",6,0,0.25,0,0,0,0,37.6995,-121.8941,37.6995,-121.8941,0,0,0,0,0,1,0,0,0
633204,2018,3,16,"2018-03-16","14:12:00",3,"MO",29,0,0.88,0,0,0,0,38.43,-94.27,38.43,-94.27,0,0,0,0,0,13,0,0,0
633205,2018,3,16,"2018-03-16","15:38:00",3,"MO",29,0,1,0,0,0,0,38.68,-93.74,38.68,-93.74,0,0,0,0,0,101,0,0,0
633206,2018,3,16,"2018-03-16","17:46:00",3,"MO",29,0,1,0,0,0,0,37.9178,-92.8082,37.9178,-92.8082,0,0,0,0,0,29,0,0,0
633207,2018,3,16,"2018-03-16","17:55:00",3,"CA",6,0,0.75,0,0,0,0,39.93,-122.18,39.93,-122.18,0,0,0,0,0,103,0,0,0
633208,2018,3,16,"2018-03-16","19:15:00",3,"CA",6,0,0.75,0,0,0,0,39.9,-121.99,39.9,-121.99,0,0,0,0,0,103,0,0,0
633209,2018,3,16,"2018-03-16","19:15:00",3,"CA",6,0,0.75,0,0,0,0,39.9,-121.99,39.9,-121.99,0,0,0,0,0,103,0,0,0
633210,2018,3,16,"2018-03-16","21:00:00",3,"MO",29,0,0.75,0,0,0,0,36.93,-90.8,36.93,-90.75,0,0,0,0,0,35,0,0,0
633211,2018,3,16,"2018-03-16","21:19:00",3,"MO",29,0,0.75,0,0,0,0,36.97,-90.55,36.97,-90.55,0,0,0,0,0,223,0,0,0
633212,2018,3,16,"2018-03-16","21:29:00",3,"MO",29,0,1,0,0,0,0,37.1,-90.08,37.1,-90.08,0,0,0,0,0,17,0,0,0
633213,2018,3,16,"2018-03-16","21:43:00",3,"MO",29,0,0.75,0,0,0,0,36.93,-90.28,36.93,-90.28,0,0,0,0,0,223,0,0,0
633214,2018,3,16,"2018-03-16","22:00:00",3,"MO",29,0,1,0,0,0,0,37.08,-89.67,37.08,-89.67,0,0,0,0,0,201,0,0,0
633215,2018,3,16,"2018-03-16","22:03:00",3,"MO",29,0,0.75,0,0,0,0,36.78,-90.22,36.78,-90.22,0,0,0,0,0,23,0,0,0
633216,2018,3,16,"2018-03-16","22:08:00",3,"MO",29,0,1,0,0,0,0,37.1,-89.57,37.1,-89.57,0,0,0,0,0,201,0,0,0
633217,2018,3,16,"2018-03-16","22:43:00",3,"MO",29,0,0.75,0,0,0,0,36.75,-89.68,36.75,-89.68,0,0,0,0,0,143,0,0,0
633218,2018,3,16,"2018-03-16","22:57:00",3,"KY",21,0,1,0,0,0,0,36.97,-89.08,36.97,-89.08,0,0,0,0,0,7,0,0,0
633219,2018,3,16,"2018-03-16","23:01:00",3,"KY",21,0,0.75,0,0,0,0,36.95,-88.95,36.95,-88.95,0,0,0,0,0,7,0,0,0
633220,2018,3,16,"2018-03-16","23:10:00",3,"KY",21,0,1,0,0,0,0,36.9405,-88.8544,36.9405,-88.8544,0,0,0,0,0,39,0,0,0
633221,2018,3,16,"2018-03-16","23:16:00",3,"KY",21,0,1.75,0,0,10000,0,36.9459,-88.7792,36.95,-88.73,0,0,0,0,0,83,0,0,0
633222,2018,3,16,"2018-03-16","23:34:00",3,"KY",21,0,1,0,0,0,0,36.8332,-88.52,36.8332,-88.52,0,0,0,0,0,83,0,0,0
633223,2018,3,16,"2018-03-16","23:50:00",3,"KY",21,0,1,0,0,0,0,36.87,-88.35,36.87,-88.35,0,0,0,0,0,157,0,0,0
633224,2018,3,17,"2018-03-17","02:06:00",3,"TN",47,0,0.88,0,0,0,0,36.4502,-87.0996,36.4502,-87.0996,0,0,0,0,0,147,0,0,0
633225,2018,3,17,"2018-03-17","12:48:00",3,"CA",6,0,0.25,0,0,0,0,37.5,-122.28,37.5,-122.28,0,0,0,0,0,81,0,0,0
633226,2018,3,17,"2018-03-17","14:37:00",3,"CA",6,0,0.25,0,0,0,0,37.95,-122.53,37.95,-122.53,0,0,0,0,0,41,0,0,0
633227,2018,3,17,"2018-03-17","15:03:00",3,"CA",6,0,0.25,0,0,0,0,37.72,-121.92,37.72,-121.92,0,0,0,0,0,1,0,0,0
633228,2018,3,17,"2018-03-17","15:05:00",3,"WV",54,0,1,0,0,0,0,37.25,-81.59,37.25,-81.59,0,0,0,0,0,47,0,0,0
633229,2018,3,17,"2018-03-17","15:11:00",3,"CA",6,0,0.25,0,0,0,0,37.6688,-121.8553,37.6688,-121.8553,0,0,0,0,0,1,0,0,0
633230,2018,3,17,"2018-03-17","15:28:00",3,"CA",6,0,0.25,0,0,0,0,37.3908,-122.004,37.3908,-122.004,0,0,0,0,0,85,0,0,0
633231,2018,3,17,"2018-03-17","16:02:00",3,"KY",21,0,1,0,0,0,0,37.61,-83.03,37.61,-83.03,0,0,0,0,0,153,0,0,0
633232,2018,3,17,"2018-03-17","16:07:00",3,"TN",47,0,1,0,0,0,0,35.6462,-85.3553,35.6462,-85.3553,0,0,0,0,0,175,0,0,0
633233,2018,3,17,"2018-03-17","16:09:00",3,"KY",21,0,1,0,0,0,0,37.35,-83.9,37.35,-83.9,0,0,0,0,0,109,0,0,0
633234,2018,3,17,"2018-03-17","16:17:00",3,"MS",28,0,1,0,0,0,0,31.06,-89.66,31.06,-89.66,0,0,0,0,0,91,0,0,0
633235,2018,3,17,"2018-03-17","16:17:00",3,"KY",21,0,1,0,0,0,0,37.59,-82.76,37.58,-82.63,0,0,0,0,0,71,0,0,0
633236,2018,3,17,"2018-03-17","16:21:00",3,"MS",28,0,1,0,0,0,0,31.06,-89.64,31.08,-89.59,0,0,0,0,0,73,0,0,0
633237,2018,3,17,"2018-03-17","16:25:00",3,"TN",47,0,1.25,0,0,0,0,35.61,-85.2,35.61,-85.2,0,0,0,0,0,7,0,0,0
633238,2018,3,17,"2018-03-17","16:39:00",3,"KY",21,0,1,0,0,0,0,36.72,-84.48,36.72,-84.48,0,0,0,0,0,147,0,0,0
633239,2018,3,17,"2018-03-17","16:39:00",3,"TX",48,0,1.75,0,0,5000,0,31.38,-97.31,31.38,-97.31,0,0,0,0,0,309,0,0,0
633240,2018,3,17,"2018-03-17","16:41:00",3,"TX",48,0,1.75,0,0,5000,0,31.31,-97.35,31.31,-97.35,0,0,0,0,0,309,0,0,0
633241,2018,3,17,"2018-03-17","16:48:00",3,"KY",21,0,0.88,0,0,0,0,36.91,-84.6,36.91,-84.6,0,0,0,0,0,199,0,0,0
633242,2018,3,17,"2018-03-17","16:48:00",3,"TX",48,0,1.75,0,0,5000,0,31.32,-97.23,31.32,-97.23,0,0,0,0,0,309,0,0,0
633243,2018,3,17,"2018-03-17","16:50:00",3,"TX",48,0,2.5,0,0,10000,0,31.29,-97.25,31.29,-97.25,0,0,0,0,0,145,0,0,0
633244,2018,3,17,"2018-03-17","16:51:00",3,"TX",48,0,0.75,0,0,0,0,31.39,-97.21,31.39,-97.21,0,0,0,0,0,309,0,0,0
633245,2018,3,17,"2018-03-17","16:55:00",3,"TN",47,0,1.25,0,0,0,0,35.37,-85.39,35.37,-85.39,0,0,0,0,0,153,0,0,0
633246,2018,3,17,"2018-03-17","17:03:00",3,"TX",48,0,1.25,0,0,0,0,31.38,-97.22,31.38,-97.22,0,0,0,0,0,309,0,0,0
633247,2018,3,17,"2018-03-17","17:05:00",3,"TN",47,0,1.75,0,0,0,0,35.5,-84.79,35.5,-84.79,0,0,0,0,0,121,0,0,0
633248,2018,3,17,"2018-03-17","17:05:00",3,"CA",6,0,0.25,0,0,0,0,37.0599,-122.0102,37.0599,-122.0102,0,0,0,0,0,87,0,0,0
633249,2018,3,17,"2018-03-17","17:15:00",3,"TN",47,0,1,0,0,0,0,35.8,-84.27,35.8,-84.27,0,0,0,0,0,105,0,0,0
633250,2018,3,17,"2018-03-17","17:16:00",3,"TX",48,0,1.5,0,0,0,0,31.36,-97.08,31.36,-97.08,0,0,0,0,0,145,0,0,0
633251,2018,3,17,"2018-03-17","17:18:00",3,"TX",48,0,1.75,0,0,5000,0,31.36,-97.08,31.36,-97.08,0,0,0,0,0,145,0,0,0
633252,2018,3,17,"2018-03-17","17:30:00",3,"TN",47,0,1.25,0,0,0,0,36.52,-83.25,36.52,-83.25,0,0,0,0,0,67,0,0,0
633253,2018,3,17,"2018-03-17","17:30:00",3,"TN",47,0,1,0,0,0,0,35.45,-84.6,35.45,-84.6,0,0,0,0,0,107,0,0,0
633254,2018,3,17,"2018-03-17","17:35:00",3,"TN",47,0,1,0,0,0,0,35.34,-84.96,35.34,-84.96,0,0,0,0,0,121,0,0,0
633255,2018,3,17,"2018-03-17","17:35:00",3,"TN",47,0,1.5,0,0,0,0,35.45,-84.36,35.45,-84.36,0,0,0,0,0,123,0,0,0
633256,2018,3,17,"2018-03-17","17:45:00",3,"TN",47,0,1,0,0,0,0,36.54,-83.21,36.54,-83.21,0,0,0,0,0,67,0,0,0
633257,2018,3,17,"2018-03-17","17:48:00",3,"TN",47,0,1.75,0,0,0,0,35.23,-84.8,35.23,-84.8,0,0,0,0,0,11,0,0,0
633258,2018,3,17,"2018-03-17","18:00:00",3,"VA",51,0,1,0,0,0,0,36.95,-82.47,36.95,-82.47,0,0,0,0,0,195,0,0,0
633259,2018,3,17,"2018-03-17","18:00:00",3,"TN",47,0,1,0,0,0,0,35.79,-83.98,35.79,-83.98,0,0,0,0,0,9,0,0,0
633260,2018,3,17,"2018-03-17","18:00:00",3,"TN",47,0,1,0,0,0,0,36.49,-83.01,36.49,-83.01,0,0,0,0,0,73,0,0,0
633261,2018,3,17,"2018-03-17","18:01:00",3,"TN",47,0,1,0,0,0,0,36.45,-82.99,36.45,-82.99,0,0,0,0,0,73,0,0,0
633262,2018,3,17,"2018-03-17","18:16:00",3,"TX",48,0,1,0,0,0,0,31.05,-98.18,31.05,-98.18,0,0,0,0,0,281,0,0,0
633263,2018,3,17,"2018-03-17","18:20:00",3,"TN",47,0,1.75,0,0,0,0,35.18,-84.65,35.18,-84.65,0,0,0,0,0,139,0,0,0
633264,2018,3,17,"2018-03-17","18:20:00",3,"TX",48,0,1,0,0,0,0,30.99,-98.1,30.99,-98.1,0,0,0,0,0,53,0,0,0
633265,2018,3,17,"2018-03-17","18:24:00",3,"TN",47,0,1,0,0,0,0,36.46,-82.54,36.46,-82.54,0,0,0,0,0,163,0,0,0
633266,2018,3,17,"2018-03-17","18:25:00",3,"TN",47,0,1.25,0,0,0,0,36.35,-83.23,36.35,-83.23,0,0,0,0,0,73,0,0,0
633267,2018,3,17,"2018-03-17","18:37:00",3,"TX",48,0,1.25,0,0,0,0,30.96,-98.04,30.96,-98.04,0,0,0,0,0,53,0,0,0
633268,2018,3,17,"2018-03-17","18:40:00",3,"TX",48,0,1,0,0,0,0,30.98,-98.08,30.98,-98.08,0,0,0,0,0,53,0,0,0
633269,2018,3,17,"2018-03-17","18:42:00",3,"TX",48,0,3,0,0,0,0,30.97,-98.02,30.97,-98.02,0,0,0,0,0,53,0,0,0
633270,2018,3,17,"2018-03-17","18:45:00",3,"TX",48,0,1.75,0,0,0,0,30.96,-98.04,30.96,-98.04,0,0,0,0,0,53,0,0,0
633271,2018,3,17,"2018-03-17","18:55:00",3,"GA",13,0,1,0,0,0,0,32.54,-82.92,32.54,-82.92,0,0,0,0,0,175,0,0,0
633272,2018,3,17,"2018-03-17","18:58:00",3,"NC",37,0,1,0,0,0,0,35.02,-84.14,35.02,-84.14,0,0,0,0,0,39,0,0,0
633273,2018,3,17,"2018-03-17","19:00:00",3,"GA",13,0,2.12,0,0,0,0,34.96,-84.06,34.96,-84.06,0,0,0,0,0,291,0,0,0
633274,2018,3,17,"2018-03-17","19:03:00",3,"TN",47,0,1,0,0,0,0,36.18,-82.26,36.18,-82.26,0,0,0,0,0,171,0,0,0
633275,2018,3,17,"2018-03-17","19:05:00",3,"TN",47,0,1.25,0,0,0,0,36.33,-82.83,36.33,-82.83,0,0,0,0,0,59,0,0,0
633276,2018,3,17,"2018-03-17","19:05:00",3,"GA",13,0,1.25,0,0,0,0,34.92,-84,34.92,-84,0,0,0,0,0,291,0,0,0
633277,2018,3,17,"2018-03-17","19:30:00",3,"TN",47,0,1,0,0,0,0,35.79,-83.53,35.79,-83.53,0,0,0,0,0,155,0,0,0
633278,2018,3,17,"2018-03-17","19:30:00",3,"GA",13,0,1,0,0,0,0,34.92,-83.39,34.92,-83.39,0,0,0,0,0,241,0,0,0
633279,2018,3,17,"2018-03-17","19:43:00",3,"TX",48,0,1,0,0,0,0,31.09,-95.96,31.09,-95.96,0,0,0,0,0,289,0,0,0
633280,2018,3,17,"2018-03-17","20:00:00",3,"TX",48,0,1,0,0,0,0,31.07,-95.73,31.07,-95.73,0,0,0,0,0,313,0,0,0
633281,2018,3,17,"2018-03-17","20:12:00",3,"SC",45,0,0.75,0,0,0,0,34.65,-83.2,34.65,-83.2,0,0,0,0,0,73,0,0,0
633282,2018,3,17,"2018-03-17","20:21:00",3,"GA",13,0,1,0,0,0,0,34.536,-83.153,34.536,-83.153,0,0,0,0,0,257,0,0,0
633283,2018,3,17,"2018-03-17","20:48:00",3,"NC",37,0,1,0,0,0,0,36.33,-79.62,36.33,-79.62,0,0,0,0,0,157,0,0,0
633284,2018,3,17,"2018-03-17","20:54:00",3,"NC",37,0,1,0,0,0,0,36.31,-79.51,36.31,-79.51,0,0,0,0,0,33,0,0,0
633285,2018,3,18,"2018-03-18","15:20:00",3,"TX",48,0,1,0,0,0,0,30.73,-97.02,30.73,-97.02,0,0,0,0,0,331,0,0,0
633286,2018,3,18,"2018-03-18","15:30:00",3,"TX",48,0,1,0,0,0,0,30.73,-96.87,30.73,-96.87,0,0,0,0,0,331,0,0,0
633287,2018,3,18,"2018-03-18","15:55:00",3,"TX",48,0,1,0,0,0,0,30.57,-96.83,30.57,-96.83,0,0,0,0,0,51,0,0,0
633288,2018,3,18,"2018-03-18","16:01:00",3,"TX",48,0,1.25,0,0,0,0,30.4764,-97.4392,30.4764,-97.4392,0,0,0,0,0,491,0,0,0
633289,2018,3,18,"2018-03-18","16:03:00",3,"TX",48,0,1,0,0,0,0,31.93,-97.66,31.93,-97.66,0,0,0,0,0,35,0,0,0
633290,2018,3,18,"2018-03-18","16:13:00",3,"TX",48,0,0.88,0,0,0,0,31.92,-97.66,31.92,-97.66,0,0,0,0,0,35,0,0,0
633291,2018,3,18,"2018-03-18","16:13:00",3,"TX",48,0,1,0,0,0,0,30.89,-96.53,30.89,-96.53,0,0,0,0,0,395,0,0,0
633292,2018,3,18,"2018-03-18","16:20:00",3,"TX",48,0,1,0,0,0,0,30.53,-96.72,30.53,-96.72,0,0,0,0,0,51,0,0,0
633293,2018,3,18,"2018-03-18","16:20:00",3,"TX",48,0,1,0,0,0,0,32.13,-97.5,32.13,-97.5,0,0,0,0,0,35,0,0,0
633294,2018,3,18,"2018-03-18","16:25:00",3,"TX",48,0,2.75,0,0,10000,0,32.02,-97.5,32.02,-97.5,0,0,0,0,0,35,0,0,0
633295,2018,3,18,"2018-03-18","16:27:00",3,"TX",48,0,4.25,0,0,0,0,30.5461,-96.6825,30.5461,-96.6825,0,0,0,0,0,51,0,0,0
633296,2018,3,18,"2018-03-18","16:28:00",3,"TX",48,0,4.25,0,0,1e+05,0,30.53,-96.7,30.53,-96.7,0,0,0,0,0,51,0,0,0
633297,2018,3,18,"2018-03-18","16:38:00",3,"TX",48,0,1,0,0,0,0,32.01,-97.44,32.01,-97.44,0,0,0,0,0,35,0,0,0
633298,2018,3,18,"2018-03-18","16:42:00",3,"TX",48,0,1,0,0,0,0,31.96,-97.32,31.96,-97.32,0,0,0,0,0,217,0,0,0
633299,2018,3,18,"2018-03-18","16:46:00",3,"TX",48,0,1,0,0,0,0,30.49,-97,30.49,-97,0,0,0,0,0,287,0,0,0
633300,2018,3,18,"2018-03-18","16:50:00",3,"TX",48,0,1,0,0,0,0,31.92,-97.31,31.92,-97.31,0,0,0,0,0,217,0,0,0
633301,2018,3,18,"2018-03-18","16:56:00",3,"TX",48,0,1,0,0,0,0,31.86,-97.38,31.86,-97.38,0,0,0,0,0,35,0,0,0
633302,2018,3,18,"2018-03-18","16:56:00",3,"TX",48,0,2,0,0,5000,0,31.91,-97.24,31.91,-97.24,0,0,0,0,0,217,0,0,0
633303,2018,3,18,"2018-03-18","17:05:00",3,"TX",48,0,0.75,0,0,0,0,30.65,-96.36,30.65,-96.36,0,0,0,0,0,41,0,0,0
633304,2018,3,18,"2018-03-18","17:05:00",3,"TX",48,0,2,0,0,5000,0,31.85,-97.23,31.85,-97.23,0,0,0,0,0,217,0,0,0
633305,2018,3,18,"2018-03-18","17:05:00",3,"TX",48,0,2,0,0,5000,0,31.93,-97.28,31.93,-97.28,0,0,0,0,0,217,0,0,0
633306,2018,3,18,"2018-03-18","17:08:00",3,"TX",48,0,2.5,0,0,10000,0,31.86,-97.21,31.86,-97.21,0,0,0,0,0,217,0,0,0
633307,2018,3,18,"2018-03-18","17:10:00",3,"TX",48,0,1.75,0,0,0,0,30.63,-96.37,30.63,-96.37,0,0,0,0,0,41,0,0,0
633308,2018,3,18,"2018-03-18","17:12:00",3,"TX",48,0,1.5,0,0,0,0,30.64,-96.35,30.64,-96.35,0,0,0,0,0,41,0,0,0
633309,2018,3,18,"2018-03-18","17:14:00",3,"TX",48,0,3,0,0,0,0,30.62,-96.34,30.62,-96.34,0,0,0,0,0,41,0,0,0
633310,2018,3,18,"2018-03-18","17:15:00",3,"TX",48,0,1,0,0,0,0,30.6,-96.28,30.6,-96.28,0,0,0,0,0,41,0,0,0
633311,2018,3,18,"2018-03-18","17:17:00",3,"TX",48,0,1.75,0,0,0,0,29.72,-97.48,29.72,-97.48,0,0,0,0,0,55,0,0,0
633312,2018,3,18,"2018-03-18","17:19:00",3,"TX",48,0,1,0,0,0,0,30.64,-96.29,30.64,-96.29,0,0,0,0,0,41,0,0,0
633313,2018,3,18,"2018-03-18","17:19:00",3,"TX",48,0,2.75,0,0,20000,0,29.79,-97.41,29.79,-97.41,0,0,0,0,0,55,0,0,0
633314,2018,3,18,"2018-03-18","17:20:00",3,"TX",48,0,0.88,0,0,0,0,30.58,-97.81,30.58,-97.81,0,0,0,0,0,491,0,0,0
633315,2018,3,18,"2018-03-18","17:21:00",3,"TX",48,0,1.75,0,0,0,0,30.6,-96.28,30.6,-96.28,0,0,0,0,0,41,0,0,0
633316,2018,3,18,"2018-03-18","17:25:00",3,"TX",48,0,1,0,0,0,0,29.5208,-97.4393,29.5208,-97.4393,0,0,0,0,0,177,0,0,0
633317,2018,3,18,"2018-03-18","17:30:00",3,"TX",48,0,0.88,0,0,0,0,30.53,-97.71,30.53,-97.71,0,0,0,0,0,491,0,0,0
633318,2018,3,18,"2018-03-18","17:34:00",3,"TX",48,0,1.75,0,0,0,0,30.77,-95.59,30.77,-95.59,0,0,0,0,0,471,0,0,0
633319,2018,3,18,"2018-03-18","17:38:00",3,"TX",48,0,1.5,0,0,0,0,29.91,-97.23,29.91,-97.23,0,0,0,0,0,21,0,0,0
633320,2018,3,18,"2018-03-18","17:40:00",3,"TX",48,0,3.5,0,0,0,0,29.87,-97.28,29.87,-97.28,0,0,0,0,0,21,0,0,0
633321,2018,3,18,"2018-03-18","17:40:00",3,"TX",48,0,3,0,0,0,0,29.92,-97.22,29.92,-97.22,0,0,0,0,0,21,0,0,0
633322,2018,3,18,"2018-03-18","17:41:00",3,"TX",48,0,0.88,0,0,0,0,30.39,-96.56,30.39,-96.56,0,0,0,0,0,51,0,0,0
633323,2018,3,18,"2018-03-18","17:47:00",3,"TX",48,0,1.75,0,0,0,0,29.9325,-97.1861,29.9325,-97.1861,0,0,0,0,0,149,0,0,0
633324,2018,3,18,"2018-03-18","17:50:00",3,"TX",48,0,5.5,0,0,0,0,29.98,-97.17,29.9971,-97.1336,0,0,0,0,0,21,0,0,0
633325,2018,3,18,"2018-03-18","17:51:00",3,"TX",48,0,0.88,0,0,0,0,30.71,-95.43,30.71,-95.43,0,0,0,0,0,471,0,0,0
633326,2018,3,18,"2018-03-18","17:58:00",3,"TX",48,0,2,0,0,0,0,30.06,-96.91,30.06,-96.91,0,0,0,0,0,149,0,0,0
633327,2018,3,18,"2018-03-18","18:00:00",3,"TX",48,0,1,0,0,0,0,30.01,-97.04,30.01,-97.04,0,0,0,0,0,149,0,0,0
633328,2018,3,18,"2018-03-18","18:03:00",3,"TX",48,0,2,0,0,0,0,30.01,-97.02,30.01,-97.02,0,0,0,0,0,149,0,0,0
633329,2018,3,18,"2018-03-18","18:05:00",3,"TX",48,0,2.5,0,0,0,0,30.1,-96.97,30.1,-96.97,0,0,0,0,0,287,0,0,0
633330,2018,3,18,"2018-03-18","18:12:00",3,"TX",48,0,0.75,0,0,0,0,30.46,-96.12,30.46,-96.12,0,0,0,0,0,185,0,0,0
633331,2018,3,18,"2018-03-18","18:13:00",3,"TX",48,0,1.75,0,0,0,0,30.72,-95.1,30.72,-95.1,0,0,0,0,0,373,0,0,0
633332,2018,3,18,"2018-03-18","18:15:00",3,"TX",48,0,1.75,0,0,0,0,30.18,-96.9,30.18,-96.9,0,0,0,0,0,287,0,0,0
633333,2018,3,18,"2018-03-18","18:29:00",3,"TX",48,0,2.5,0,0,0,0,30.3,-96.78,30.3,-96.78,0,0,0,0,0,287,0,0,0
633334,2018,3,18,"2018-03-18","18:46:00",3,"TX",48,0,0.88,0,0,0,0,30.33,-95.85,30.33,-95.85,0,0,0,0,0,185,0,0,0
633335,2018,3,18,"2018-03-18","18:48:00",3,"TX",48,0,0.88,0,0,0,0,30.39,-96.56,30.39,-96.56,0,0,0,0,0,51,0,0,0
633336,2018,3,18,"2018-03-18","18:50:00",3,"TX",48,0,1.75,0,0,0,0,30.45,-96.51,30.45,-96.51,0,0,0,0,0,51,0,0,0
633337,2018,3,18,"2018-03-18","18:57:00",3,"TX",48,0,0.75,0,0,0,0,30.45,-95.73,30.45,-95.73,0,0,0,0,0,339,0,0,0
633338,2018,3,18,"2018-03-18","19:14:00",3,"TX",48,0,1,0,0,0,0,30.56,-96.29,30.56,-96.29,0,0,0,0,0,41,0,0,0
633339,2018,3,18,"2018-03-18","19:17:00",3,"TX",48,0,1.25,0,0,0,0,30.8,-94.97,30.8,-94.97,0,0,0,0,0,373,0,0,0
633340,2018,3,18,"2018-03-18","19:20:00",3,"TX",48,0,1,0,0,0,0,30.82,-94.87,30.82,-94.87,0,0,0,0,0,373,0,0,0
633341,2018,3,18,"2018-03-18","19:20:00",3,"TX",48,0,0.88,0,0,0,0,30.6364,-96.2466,30.6364,-96.2466,0,0,0,0,0,41,0,0,0
633342,2018,3,18,"2018-03-18","19:21:00",3,"TX",48,0,1,0,0,0,0,30.59,-96.29,30.59,-96.29,0,0,0,0,0,41,0,0,0
633343,2018,3,18,"2018-03-18","19:22:00",3,"TX",48,0,1,0,0,0,0,30.57,-96.31,30.57,-96.31,0,0,0,0,0,41,0,0,0
633344,2018,3,18,"2018-03-18","19:42:00",3,"OK",40,0,1,0,0,0,0,36.74,-100.52,36.74,-100.52,0,0,0,0,0,7,0,0,0
633345,2018,3,18,"2018-03-18","19:45:00",3,"TX",48,0,0.75,0,0,0,0,36.12,-100.53,36.12,-100.53,0,0,0,0,0,295,0,0,0
633346,2018,3,18,"2018-03-18","19:48:00",3,"TX",48,0,1,0,0,0,0,36.12,-100.53,36.12,-100.53,0,0,0,0,0,295,0,0,0
633347,2018,3,18,"2018-03-18","19:52:00",3,"LA",22,0,1,0,0,0,0,31.9751,-93.9985,31.9751,-93.9985,0,0,0,0,0,31,0,0,0
633348,2018,3,18,"2018-03-18","19:55:00",3,"LA",22,0,1.25,0,0,0,0,31.7196,-93.5118,31.7196,-93.5118,0,0,0,0,0,85,0,0,0
633349,2018,3,18,"2018-03-18","20:00:00",3,"TX",48,0,1,0,0,0,0,30.98,-94.26,30.98,-94.26,0,0,0,0,0,457,0,0,0
633350,2018,3,18,"2018-03-18","20:12:00",3,"LA",22,0,1,0,0,0,0,31.7389,-93.3975,31.7389,-93.3975,0,0,0,0,0,69,0,0,0
633351,2018,3,18,"2018-03-18","20:15:00",3,"TX",48,0,1.25,0,0,0,0,31.17,-93.56,31.17,-93.56,0,0,0,0,0,351,0,0,0
633352,2018,3,18,"2018-03-18","21:20:00",3,"LA",22,0,1,0,0,0,0,31.668,-92.8897,31.668,-92.8897,0,0,0,0,0,43,0,0,0
633353,2018,3,19,"2018-03-19","00:07:00",3,"OK",40,0,1,0,0,0,0,36.43,-97.9,36.43,-97.9,0,0,0,0,0,47,0,0,0
633354,2018,3,19,"2018-03-19","00:29:00",3,"TX",48,0,0.88,0,0,0,0,33.79,-96.84,33.79,-96.84,0,0,0,0,0,181,0,0,0
633355,2018,3,19,"2018-03-19","01:03:00",3,"LA",22,0,1.5,0,0,0,0,29.45,-90.59,29.45,-90.59,0,0,0,0,0,109,0,0,0
633356,2018,3,19,"2018-03-19","01:10:00",3,"LA",22,0,2,0,0,0,0,29.47,-90.56,29.47,-90.56,0,0,0,0,0,109,0,0,0
633357,2018,3,19,"2018-03-19","01:40:00",3,"LA",22,0,1.5,0,0,0,0,29.39,-90.27,29.39,-90.27,0,0,0,0,0,57,0,0,0
633358,2018,3,19,"2018-03-19","02:05:00",3,"OK",40,0,0.75,0,0,0,0,36.2001,-95.1676,36.2001,-95.1676,0,0,0,0,0,97,0,0,0
633359,2018,3,19,"2018-03-19","02:31:00",3,"MS",28,0,1,0,0,0,0,34.03,-90.85,34.03,-90.85,0,0,0,0,0,11,0,0,0
633360,2018,3,19,"2018-03-19","03:30:00",3,"TN",47,0,0.88,0,0,0,0,35.2038,-88.9814,35.222,-88.9058,0,0,0,0,0,69,0,0,0
633361,2018,3,19,"2018-03-19","05:15:00",3,"AR",5,0,0.75,0,0,0,0,35.09,-92.45,35.09,-92.45,0,0,0,0,0,45,0,0,0
633362,2018,3,19,"2018-03-19","05:20:00",3,"AR",5,0,0.88,0,0,0,0,35.09,-92.45,35.09,-92.45,0,0,0,0,0,45,0,0,0
633363,2018,3,19,"2018-03-19","05:40:00",3,"MS",28,0,1,0,0,0,0,33.98,-88.5,33.9833,-88.4448,0,0,0,0,0,95,0,0,0
633364,2018,3,19,"2018-03-19","10:15:00",3,"MS",28,0,1,0,0,0,0,34.73,-88.95,34.7341,-88.9361,0,0,0,0,0,139,0,0,0
633365,2018,3,19,"2018-03-19","10:15:00",3,"MS",28,0,1,0,0,1e+05,0,34.7445,-88.95,34.7456,-88.9321,0,0,0,0,0,139,0,0,0
633366,2018,3,19,"2018-03-19","12:24:00",3,"AL",1,0,1,0,0,0,0,33.73,-86.94,33.73,-86.94,0,0,0,0,0,73,0,0,0
633367,2018,3,19,"2018-03-19","12:30:00",3,"AL",1,0,1,0,0,0,0,34.86,-86.92,34.86,-86.92,0,0,0,0,0,83,0,0,0
633368,2018,3,19,"2018-03-19","12:35:00",3,"KY",21,0,0.75,0,0,0,0,36.67,-88.52,36.67,-88.52,0,0,0,0,0,83,0,0,0
633369,2018,3,19,"2018-03-19","12:37:00",3,"AL",1,0,0.75,0,0,0,0,34.76,-87.63,34.76,-87.63,0,0,0,0,0,33,0,0,0
633370,2018,3,19,"2018-03-19","13:50:00",3,"KY",21,0,0.75,0,0,0,0,36.8807,-87.5184,36.8807,-87.5184,0,0,0,0,0,47,0,0,0
633371,2018,3,19,"2018-03-19","13:55:00",3,"GA",13,0,1,0,0,0,0,31.0714,-83.7266,31.0714,-83.7266,0,0,0,0,0,71,0,0,0
633372,2018,3,19,"2018-03-19","14:02:00",3,"AL",1,0,1.25,0,0,0,0,34.82,-86.73,34.82,-86.73,0,0,0,0,0,89,0,0,0
633373,2018,3,19,"2018-03-19","14:03:00",3,"AL",1,0,1,0,0,0,0,33.5,-85.94,33.5,-85.94,0,0,0,0,0,121,0,0,0
633374,2018,3,19,"2018-03-19","14:04:00",3,"AL",1,0,1,0,0,0,0,33.61,-85.84,33.61,-85.84,0,0,0,0,0,15,0,0,0
633375,2018,3,19,"2018-03-19","14:05:00",3,"AL",1,0,1.25,0,0,0,0,34.86,-86.73,34.86,-86.73,0,0,0,0,0,89,0,0,0
633376,2018,3,19,"2018-03-19","14:10:00",3,"AL",1,0,1.5,0,0,0,0,33.49,-85.81,33.49,-85.81,0,0,0,0,0,29,0,0,0
633377,2018,3,19,"2018-03-19","14:15:00",3,"AL",1,0,1.75,0,0,0,0,34.85,-86.57,34.85,-86.57,0,0,0,0,0,89,0,0,0
633378,2018,3,19,"2018-03-19","14:33:00",3,"AL",1,0,1,0,0,0,0,31.11,-86.04,31.11,-86.04,0,0,0,0,0,61,0,0,0
633379,2018,3,19,"2018-03-19","14:37:00",3,"GA",13,0,1.75,0,0,0,0,31.64,-84.46,31.64,-84.46,0,0,0,0,0,273,0,0,0
633380,2018,3,19,"2018-03-19","14:42:00",3,"GA",13,0,1,0,0,0,0,31.66,-84.08,31.66,-84.08,0,0,0,0,0,177,0,0,0
633381,2018,3,19,"2018-03-19","14:45:00",3,"AL",1,0,1,0,0,0,0,31.16,-85.91,31.16,-85.91,0,0,0,0,0,61,0,0,0
633382,2018,3,19,"2018-03-19","14:59:00",3,"AL",1,0,1.5,0,0,0,0,33.42,-85.56,33.42,-85.56,0,0,0,0,0,111,0,0,0
633383,2018,3,19,"2018-03-19","15:00:00",3,"AL",1,0,1.25,0,0,0,0,31.03,-85.87,31.03,-85.87,0,0,0,0,0,61,0,0,0
633384,2018,3,19,"2018-03-19","15:10:00",3,"MS",28,0,1,0,0,0,0,34.6344,-88.6847,34.6377,-88.652,0,0,0,0,0,117,0,0,0
633385,2018,3,19,"2018-03-19","15:14:00",3,"AL",1,0,1.5,0,0,0,0,33.53,-85.79,33.53,-85.79,0,0,0,0,0,29,0,0,0
633386,2018,3,19,"2018-03-19","15:15:00",3,"GA",13,0,1,0,0,2000,0,31.954,-84.0845,31.954,-84.0845,0,0,0,0,0,261,0,0,0
633387,2018,3,19,"2018-03-19","15:33:00",3,"MS",28,0,1,0,0,0,0,34.5532,-88.4458,34.5591,-88.3966,0,0,0,0,0,117,0,0,0
633388,2018,3,19,"2018-03-19","15:40:00",3,"MS",28,0,1.5,0,0,0,0,34.5063,-88.4608,34.5093,-88.4217,0,0,0,0,0,117,0,0,0
633389,2018,3,19,"2018-03-19","15:42:00",3,"MS",28,0,1.75,0,0,0,0,34.4981,-88.474,34.5003,-88.4614,0,0,0,0,0,117,0,0,0
633390,2018,3,19,"2018-03-19","15:43:00",3,"GA",13,0,1.75,0,0,40000,0,32.0796,-83.8796,32.0796,-83.8796,0,0,0,0,0,93,0,0,0
633391,2018,3,19,"2018-03-19","15:53:00",3,"MS",28,0,2.5,0,0,0,0,34.5585,-88.2418,34.5569,-88.2166,0,0,0,0,0,141,0,0,0
633392,2018,3,19,"2018-03-19","15:58:00",3,"GA",13,0,1.75,0,0,40000,0,32.1923,-83.7597,32.1923,-83.7597,0,0,0,0,0,93,0,0,0
633393,2018,3,19,"2018-03-19","16:00:00",3,"MS",28,0,2.75,0,0,0,0,34.5446,-88.2312,34.5439,-88.2231,0,0,0,0,0,141,0,0,0
633394,2018,3,19,"2018-03-19","16:05:00",3,"AL",1,0,1,0,0,0,0,34.57,-88.13,34.57,-88.13,0,0,0,0,0,59,0,0,0
633395,2018,3,19,"2018-03-19","16:10:00",3,"GA",13,0,1,0,0,2000,0,32.2463,-83.5879,32.2463,-83.5879,0,0,0,0,0,235,0,0,0
633396,2018,3,19,"2018-03-19","16:15:00",3,"AL",1,0,1.75,0,0,0,0,34.46,-88.13,34.46,-88.13,0,0,0,0,0,59,0,0,0
633397,2018,3,19,"2018-03-19","16:20:00",3,"AL",1,0,2.75,0,0,0,0,34.4516,-88.0225,34.4516,-88.0225,0,0,0,0,0,59,0,0,0
633398,2018,3,19,"2018-03-19","16:20:00",3,"MS",28,0,1.5,0,0,0,0,34.4873,-88.1822,34.4904,-88.1547,0,0,0,0,0,141,0,0,0
633399,2018,3,19,"2018-03-19","16:30:00",3,"GA",13,0,1.75,0,0,5e+05,0,32.3371,-83.765,32.3371,-83.765,0,0,0,0,0,153,0,0,0
633400,2018,3,19,"2018-03-19","16:37:00",3,"GA",13,0,1,0,0,2000,0,32.1083,-83.7937,32.1083,-83.7937,0,0,0,0,0,93,0,0,0
633401,2018,3,19,"2018-03-19","17:07:00",3,"AL",1,0,1,0,0,0,0,34.52,-87.29,34.52,-87.29,0,0,0,0,0,79,0,0,0
633402,2018,3,19,"2018-03-19","17:13:00",3,"AL",1,0,1.75,0,0,0,0,34.49,-87.28,34.49,-87.28,0,0,0,0,0,79,0,0,0
633403,2018,3,19,"2018-03-19","17:21:00",3,"TN",47,0,1,0,0,0,0,35.0017,-87.0519,35.0017,-87.0519,0,0,0,0,0,55,0,0,0
633404,2018,3,19,"2018-03-19","17:29:00",3,"AL",1,0,1.75,0,0,0,0,34.47,-87.06,34.47,-87.06,0,0,0,0,0,103,0,0,0
633405,2018,3,19,"2018-03-19","17:30:00",3,"AL",1,0,4,0,0,0,0,34.3,-87,34.3,-87,0,0,0,0,0,43,0,0,0
633406,2018,3,19,"2018-03-19","17:39:00",3,"AL",1,0,1.25,0,0,0,0,34.17,-87.26,34.17,-87.26,0,0,0,0,0,133,0,0,0
633407,2018,3,19,"2018-03-19","17:40:00",3,"AL",1,0,2.5,0,0,0,0,34.99,-86.89,34.99,-86.89,0,0,0,0,0,83,0,0,0
633408,2018,3,19,"2018-03-19","17:40:00",3,"TN",47,0,2.5,0,0,0,0,34.9931,-86.8974,34.9931,-86.8974,0,0,0,0,0,55,0,0,0
633409,2018,3,19,"2018-03-19","17:45:00",3,"AL",1,0,1,0,0,0,0,34.22,-87.64,34.22,-87.64,0,0,0,0,0,93,0,0,0
633410,2018,3,19,"2018-03-19","18:05:00",3,"AL",1,0,1.25,0,0,0,0,34.22,-87.45,34.22,-87.45,0,0,0,0,0,133,0,0,0
633411,2018,3,19,"2018-03-19","18:07:00",3,"AL",1,0,1,0,0,0,0,34.32,-86.5,34.32,-86.5,0,0,0,0,0,95,0,0,0
633412,2018,3,19,"2018-03-19","18:10:00",3,"AL",1,0,2.75,0,0,0,0,34.15,-86.87,34.15,-86.87,0,0,0,0,0,43,0,0,0
633413,2018,3,19,"2018-03-19","18:10:00",3,"AL",1,0,2.5,0,0,0,0,34.17,-86.84,34.17,-86.84,0,0,0,0,0,43,0,0,0
633414,2018,3,19,"2018-03-19","18:10:00",3,"AL",1,0,1.75,0,0,0,0,34.17,-86.88,34.17,-86.88,0,0,0,0,0,43,0,0,0
633415,2018,3,19,"2018-03-19","18:10:00",3,"AL",1,0,1,0,0,0,0,34.24,-86.5,34.24,-86.5,0,0,0,0,0,9,0,0,0
633416,2018,3,19,"2018-03-19","18:16:00",3,"AL",1,0,1.75,0,0,0,0,34.32,-86.5,34.32,-86.5,0,0,0,0,0,95,0,0,0
633417,2018,3,19,"2018-03-19","18:19:00",3,"AL",1,0,1,0,0,0,0,34.32,-86.34,34.32,-86.34,0,0,0,0,0,95,0,0,0
633418,2018,3,19,"2018-03-19","18:22:00",3,"AL",1,0,5.38,0,0,0,0,34.1278,-86.6896,34.1278,-86.6896,0,0,0,0,0,43,0,0,0
633419,2018,3,19,"2018-03-19","18:23:00",3,"AL",1,0,1.75,0,0,0,0,34.15,-86.62,34.15,-86.62,0,0,0,0,0,43,0,0,0
633420,2018,3,19,"2018-03-19","18:25:00",3,"AL",1,0,2,0,0,0,0,34.11,-86.58,34.11,-86.58,0,0,0,0,0,9,0,0,0
633421,2018,3,19,"2018-03-19","18:30:00",3,"AL",1,0,1.75,0,0,0,0,34.2,-86.16,34.2,-86.16,0,0,0,0,0,95,0,0,0
633422,2018,3,19,"2018-03-19","18:38:00",3,"AL",1,0,3,0,0,0,0,34.09,-86.41,34.09,-86.41,0,0,0,0,0,9,0,0,0
633423,2018,3,19,"2018-03-19","18:42:00",3,"AL",1,0,1.75,0,0,0,0,34.05,-86.31,34.05,-86.31,0,0,0,0,0,55,0,0,0
633424,2018,3,19,"2018-03-19","18:45:00",3,"AL",1,0,3,0,0,0,0,34.13,-86.54,34.13,-86.54,0,0,0,0,0,9,0,0,0
633425,2018,3,19,"2018-03-19","18:47:00",3,"AL",1,0,1.75,0,0,0,0,34.05,-86.31,34.05,-86.31,0,0,0,0,0,55,0,0,0
633426,2018,3,19,"2018-03-19","18:59:00",3,"AL",1,0,1.75,0,0,0,0,34.08,-86.42,34.08,-86.42,0,0,0,0,0,9,0,0,0
633427,2018,3,19,"2018-03-19","19:00:00",3,"AL",1,0,1,0,0,0,0,34.08,-86.16,34.08,-86.16,0,0,0,0,0,55,0,0,0
633428,2018,3,19,"2018-03-19","19:05:00",3,"AL",1,0,2,0,0,0,0,33.88,-86.08,33.88,-86.08,0,0,0,0,0,55,0,0,0
633429,2018,3,19,"2018-03-19","19:10:00",3,"AL",1,0,1.75,0,0,0,0,33.9,-86.03,33.9,-86.03,0,0,0,0,0,55,0,0,0
633430,2018,3,19,"2018-03-19","19:13:00",3,"AL",1,0,1,0,0,0,0,33.95,-86.04,33.95,-86.04,0,0,0,0,0,55,0,0,0
633431,2018,3,19,"2018-03-19","19:13:00",3,"AL",1,0,1.75,0,0,0,0,33.9,-86.03,33.9,-86.03,0,0,0,0,0,55,0,0,0
633432,2018,3,19,"2018-03-19","19:13:00",3,"AL",1,0,1,0,0,0,0,33.95,-86.04,33.95,-86.04,0,0,0,0,0,55,0,0,0
633433,2018,3,19,"2018-03-19","19:25:00",3,"GA",13,0,1,0,0,5000,0,34.9012,-85.551,34.8898,-85.5215,0,0,0,0,0,83,0,0,0
633434,2018,3,19,"2018-03-19","19:38:00",3,"AL",1,0,1,0,0,0,0,33.89,-85.69,33.89,-85.69,0,0,0,0,0,15,0,0,0
633435,2018,3,19,"2018-03-19","20:23:00",3,"GA",13,0,1,0,0,2000,0,33.828,-85.0437,33.828,-85.0437,0,0,0,0,0,143,0,0,0
633436,2018,3,19,"2018-03-19","20:35:00",3,"AL",1,0,1.25,0,0,0,0,33.66,-85.7,33.66,-85.7,0,0,0,0,0,15,0,0,0
633437,2018,3,19,"2018-03-19","20:37:00",3,"AL",1,0,1.5,0,0,0,0,33.72,-85.67,33.72,-85.67,0,0,0,0,0,15,0,0,0
633438,2018,3,19,"2018-03-19","20:37:00",3,"GA",13,0,1,0,0,2000,0,33.8087,-84.8896,33.8087,-84.8896,0,0,0,0,0,223,0,0,0
633439,2018,3,19,"2018-03-19","20:42:00",3,"AL",1,0,1.75,0,0,0,0,33.66,-85.58,33.66,-85.58,0,0,0,0,0,29,0,0,0
633440,2018,3,19,"2018-03-19","20:45:00",3,"GA",13,0,1.75,0,0,150000,0,33.6775,-85.3202,33.6775,-85.3202,0,0,0,0,0,143,0,0,0
633441,2018,3,19,"2018-03-19","21:10:00",3,"GA",13,0,1.75,0,0,2e+06,0,33.6913,-84.6128,33.6913,-84.6128,0,0,0,0,0,121,0,0,0
633442,2018,3,19,"2018-03-19","21:12:00",3,"AL",1,0,1,0,0,0,0,33.5788,-85.9345,33.5788,-85.9345,0,0,0,0,0,121,0,0,0
633443,2018,3,19,"2018-03-19","21:15:00",3,"AL",1,0,1,0,0,0,0,33.61,-85.84,33.61,-85.84,0,0,0,0,0,15,0,0,0
633444,2018,3,19,"2018-03-19","21:15:00",3,"GA",13,0,1,0,0,5000,0,33.6401,-84.5868,33.6401,-84.5868,0,0,0,0,0,121,0,0,0
633445,2018,3,19,"2018-03-19","21:21:00",3,"GA",13,0,1.75,0,0,1500,0,33.5461,-84.5774,33.5461,-84.5774,0,0,0,0,0,121,0,0,0
633446,2018,3,19,"2018-03-19","21:39:00",3,"GA",13,0,1,0,0,4000,0,33.54,-84.19,33.54,-84.19,0,0,0,0,0,151,0,0,0
633447,2018,3,19,"2018-03-19","21:54:00",3,"GA",13,0,1,0,0,4000,0,33.4872,-83.9562,33.4872,-83.9562,0,0,0,0,0,217,0,0,0
633448,2018,3,19,"2018-03-19","23:18:00",3,"GA",13,0,1,0,0,5000,0,33.2387,-84.27,33.2387,-84.27,0,0,0,0,0,255,0,0,0
633449,2018,3,19,"2018-03-19","23:48:00",3,"GA",13,0,1,0,0,2000,0,33.05,-83.07,33.05,-83.07,0,0,0,0,0,9,0,0,0
633450,2018,3,20,"2018-03-20","00:58:00",3,"GA",13,0,1,0,0,3000,0,32.95,-84.34,32.95,-84.34,0,0,0,0,0,293,0,0,0
633451,2018,3,20,"2018-03-20","01:03:00",3,"GA",13,0,1,0,0,0,0,33.02,-81.88,33.02,-81.88,0,0,0,0,0,33,0,0,0
633452,2018,3,20,"2018-03-20","01:05:00",3,"GA",13,0,0.88,0,0,100,100,33.02,-81.87,33.02,-81.87,0,0,0,0,0,33,0,0,0
633453,2018,3,20,"2018-03-20","11:11:00",3,"FL",12,0,1,0,0,0,0,29.47,-83,29.47,-83,0,0,0,0,0,29,0,0,0
633454,2018,3,20,"2018-03-20","11:25:00",3,"FL",12,0,1.25,0,0,0,0,29.48,-82.86,29.48,-82.86,0,0,0,0,0,75,0,0,0
633455,2018,3,20,"2018-03-20","12:10:00",3,"GA",13,0,1,0,0,0,0,31.34,-82.46,31.34,-82.46,0,0,0,0,0,299,0,0,0
633456,2018,3,20,"2018-03-20","12:32:00",3,"GA",13,0,2,0,0,0,0,31.3,-82.24,31.3,-82.24,0,0,0,0,0,229,0,0,0
633457,2018,3,20,"2018-03-20","12:33:00",3,"FL",12,0,1.75,0,0,0,0,28.58,-81.46,28.58,-81.46,0,0,0,0,0,95,0,0,0
633458,2018,3,20,"2018-03-20","12:38:00",3,"FL",12,0,0.88,0,0,0,0,28.69,-82.2,28.69,-82.2,0,0,0,0,0,119,0,0,0
633459,2018,3,20,"2018-03-20","12:39:00",3,"GA",13,0,1.75,0,0,0,0,31.45,-82.21,31.45,-82.21,0,0,0,0,0,229,0,0,0
633460,2018,3,20,"2018-03-20","12:43:00",3,"SC",45,0,0.75,0,0,0,0,32.79,-80.04,32.79,-80.04,0,0,0,0,0,19,0,0,0
633461,2018,3,20,"2018-03-20","12:45:00",3,"SC",45,0,1,0,0,0,0,32.16,-80.75,32.16,-80.75,0,0,0,0,0,13,0,0,0
633462,2018,3,20,"2018-03-20","12:50:00",3,"SC",45,0,1,0,0,0,0,32.15,-80.75,32.15,-80.75,0,0,0,0,0,13,0,0,0
633463,2018,3,20,"2018-03-20","12:50:00",3,"SC",45,0,0.88,0,0,0,0,32.8097,-80.0747,32.8097,-80.0747,0,0,0,0,0,19,0,0,0
633464,2018,3,20,"2018-03-20","12:50:00",3,"SC",45,0,0.88,0,0,0,0,32.85,-80.02,32.85,-80.02,0,0,0,0,0,19,0,0,0
633465,2018,3,20,"2018-03-20","12:57:00",3,"FL",12,0,1.5,0,0,0,0,28.62,-81.2,28.62,-81.2,0,0,0,0,0,117,0,0,0
633466,2018,3,20,"2018-03-20","12:59:00",3,"FL",12,0,1.75,0,0,0,0,28.65,-81.19,28.65,-81.19,0,0,0,0,0,117,0,0,0
633467,2018,3,20,"2018-03-20","13:00:00",3,"GA",13,0,1,0,0,0,0,30.8386,-81.8981,30.8386,-81.8981,0,0,0,0,0,39,0,0,0
633468,2018,3,20,"2018-03-20","13:00:00",3,"GA",13,0,0.75,0,0,0,0,31.42,-81.95,31.42,-81.95,0,0,0,0,0,305,0,0,0
633469,2018,3,20,"2018-03-20","13:00:00",3,"GA",13,0,0.75,0,0,0,0,31.48,-82.02,31.48,-82.02,0,0,0,0,0,305,0,0,0
633470,2018,3,20,"2018-03-20","13:00:00",3,"SC",45,0,2,0,0,0,0,32.12,-80.87,32.12,-80.87,0,0,0,0,0,13,0,0,0
633471,2018,3,20,"2018-03-20","13:02:00",3,"SC",45,0,0.75,0,0,0,0,32.99,-80.11,32.99,-80.11,0,0,0,0,0,19,0,0,0
633472,2018,3,20,"2018-03-20","13:05:00",3,"SC",45,0,1.75,0,0,0,0,32.34,-80.6,32.34,-80.6,0,0,0,0,0,13,0,0,0
633473,2018,3,20,"2018-03-20","13:06:00",3,"FL",12,0,1,0,0,0,0,30.28,-82.13,30.28,-82.13,0,0,0,0,0,3,0,0,0
633474,2018,3,20,"2018-03-20","13:09:00",3,"FL",12,0,0.75,0,0,0,0,27.77,-82.64,27.77,-82.64,0,0,0,0,0,103,0,0,0
633475,2018,3,20,"2018-03-20","13:10:00",3,"SC",45,0,1.75,0,0,0,0,32.34,-80.61,32.34,-80.61,0,0,0,0,0,13,0,0,0
633476,2018,3,20,"2018-03-20","13:10:00",3,"GA",13,0,0.75,0,0,0,0,31.56,-81.55,31.56,-81.55,0,0,0,0,0,191,0,0,0
633477,2018,3,20,"2018-03-20","13:12:00",3,"SC",45,0,1.75,0,0,0,0,32.9464,-80.1138,32.9464,-80.1138,0,0,0,0,0,35,0,0,0
633478,2018,3,20,"2018-03-20","13:12:00",3,"SC",45,0,1,0,0,0,0,32.96,-80.18,32.96,-80.18,0,0,0,0,0,35,0,0,0
633479,2018,3,20,"2018-03-20","13:14:00",3,"FL",12,0,1,0,0,0,0,28.48,-81.42,28.48,-81.42,0,0,0,0,0,95,0,0,0
633480,2018,3,20,"2018-03-20","13:15:00",3,"SC",45,0,1,0,0,0,0,33.2,-80.01,33.2,-80.01,0,0,0,0,0,15,0,0,0
633481,2018,3,20,"2018-03-20","13:18:00",3,"FL",12,0,1.5,0,0,0,0,30.38,-81.94,30.38,-81.94,0,0,0,0,0,89,0,0,0
633482,2018,3,20,"2018-03-20","13:21:00",3,"SC",45,0,0.75,0,0,0,0,32.43,-80.49,32.43,-80.49,0,0,0,0,0,13,0,0,0
633483,2018,3,20,"2018-03-20","13:22:00",3,"FL",12,0,1.5,0,0,0,0,30.7319,-81.9479,30.7319,-81.9479,0,0,0,0,0,89,0,0,0
633484,2018,3,20,"2018-03-20","13:22:00",3,"FL",12,0,1.25,0,0,0,0,28.48,-81.31,28.48,-81.31,0,0,0,0,0,95,0,0,0
633485,2018,3,20,"2018-03-20","13:25:00",3,"FL",12,0,1,0,0,0,0,30.31,-81.71,30.31,-81.71,0,0,0,0,0,31,0,0,0
633486,2018,3,20,"2018-03-20","13:25:00",3,"FL",12,0,1,0,0,0,0,30.41,-81.82,30.41,-81.82,0,0,0,0,0,31,0,0,0
633487,2018,3,20,"2018-03-20","13:30:00",3,"FL",12,0,1,0,0,0,0,28.52,-81.19,28.52,-81.19,0,0,0,0,0,95,0,0,0
633488,2018,3,20,"2018-03-20","13:30:00",3,"FL",12,0,1.75,0,0,0,0,30.47,-81.72,30.47,-81.72,0,0,0,0,0,31,0,0,0
633489,2018,3,20,"2018-03-20","13:34:00",3,"SC",45,0,1,0,0,0,0,33.32,-79.83,33.32,-79.83,0,0,0,0,0,15,0,0,0
633490,2018,3,20,"2018-03-20","13:39:00",3,"SC",45,0,1.75,0,0,0,0,32.54,-80.3,32.54,-80.3,0,0,0,0,0,19,0,0,0
633491,2018,3,20,"2018-03-20","13:54:00",3,"FL",12,0,1,0,0,0,0,28.56,-80.82,28.56,-80.82,0,0,0,0,0,9,0,0,0
633492,2018,3,20,"2018-03-20","13:55:00",3,"SC",45,0,1,0,0,500,0,33.4533,-79.5806,33.4533,-79.5806,0,0,0,0,0,43,0,0,0
633493,2018,3,20,"2018-03-20","14:02:00",3,"SC",45,0,0.75,0,0,0,0,32.78,-79.94,32.78,-79.94,0,0,0,0,0,19,0,0,0
633494,2018,3,20,"2018-03-20","14:06:00",3,"FL",12,0,1.5,0,0,0,0,28.43,-80.81,28.43,-80.81,0,0,0,0,0,9,0,0,0
633495,2018,3,20,"2018-03-20","14:14:00",3,"FL",12,0,1.25,0,0,0,0,28.43,-80.71,28.43,-80.71,0,0,0,0,0,9,0,0,0
633496,2018,3,20,"2018-03-20","14:45:00",3,"FL",12,0,1,0,0,3000,0,27.4911,-81.8309,27.4911,-81.8309,0,0,0,0,0,49,0,0,0
633497,2018,3,20,"2018-03-20","15:23:00",3,"FL",12,0,1,0,0,0,0,29.28,-81.06,29.28,-81.06,0,0,0,0,0,127,0,0,0
633498,2018,3,20,"2018-03-20","15:35:00",3,"FL",12,0,1.75,0,0,5000,0,29.14,-81.36,29.14,-81.36,0,0,0,0,0,127,0,0,0
633499,2018,3,20,"2018-03-20","15:40:00",3,"SC",45,0,0.75,0,0,0,0,33.07,-80.26,33.07,-80.26,0,0,0,0,0,35,0,0,0
633500,2018,3,20,"2018-03-20","15:50:00",3,"FL",12,0,1.5,0,0,0,0,29.2335,-81.0181,29.2335,-81.0181,0,0,0,0,0,127,0,0,0
633501,2018,3,20,"2018-03-20","15:51:00",3,"FL",12,0,2,0,0,0,0,29.22,-81.07,29.22,-81.07,0,0,0,0,0,127,0,0,0
633502,2018,3,20,"2018-03-20","15:51:00",3,"FL",12,0,2,0,0,0,0,29.24,-81.04,29.24,-81.04,0,0,0,0,0,127,0,0,0
633503,2018,3,20,"2018-03-20","15:55:00",3,"SC",45,0,0.88,0,0,0,0,33.2,-80.09,33.2,-80.09,0,0,0,0,0,15,0,0,0
633504,2018,3,20,"2018-03-20","15:58:00",3,"SC",45,0,1,0,0,0,0,33.19,-80,33.19,-80,0,0,0,0,0,15,0,0,0
633505,2018,3,20,"2018-03-20","16:10:00",3,"FL",12,0,1,0,0,0,0,27.54,-80.74,27.54,-80.74,0,0,0,0,0,93,0,0,0
633506,2018,3,20,"2018-03-20","17:11:00",3,"SC",45,0,0.88,0,0,0,0,35.11,-81.23,35.11,-81.23,0,0,0,0,0,91,0,0,0
633507,2018,3,20,"2018-03-20","17:38:00",3,"SC",45,0,0.75,0,0,0,0,34.94,-81.03,34.94,-81.03,0,0,0,0,0,91,0,0,0
633508,2018,3,20,"2018-03-20","19:21:00",3,"SC",45,0,1.75,0,0,1250,0,33.6706,-78.9847,33.6706,-78.9847,0,0,0,0,0,51,0,0,0
633509,2018,3,20,"2018-03-20","19:22:00",3,"SC",45,0,1.5,0,0,1000,0,33.6827,-78.9636,33.6827,-78.9636,0,0,0,0,0,51,0,0,0
633510,2018,3,20,"2018-03-20","19:30:00",3,"SC",45,0,1,0,0,2000,0,33.7134,-78.894,33.7134,-78.894,0,0,0,0,0,51,0,0,0
633511,2018,3,20,"2018-03-20","19:55:00",3,"SC",45,0,1,0,0,500,0,33.8854,-78.6869,33.8854,-78.6869,0,0,0,0,0,51,0,0,0
633512,2018,3,23,"2018-03-23","17:50:00",3,"NE",31,0,0.75,0,0,0,0,40.0418,-100.4981,40.0418,-100.4981,0,0,0,0,0,145,0,0,0
633513,2018,3,23,"2018-03-23","18:35:00",3,"KS",20,0,1,0,0,0,0,39.83,-100.1907,39.83,-100.1907,0,0,0,0,0,39,0,0,0
633514,2018,3,23,"2018-03-23","18:35:00",3,"KS",20,0,1,0,0,0,0,39.54,-100.2926,39.54,-100.2926,0,0,0,0,0,179,0,0,0
633515,2018,3,23,"2018-03-23","18:35:00",3,"KS",20,0,1,0,0,0,0,39.5745,-100.26,39.5745,-100.26,0,0,0,0,0,39,0,0,0
633516,2018,3,23,"2018-03-23","18:37:00",3,"NE",31,0,0.75,0,0,0,0,40.2712,-99.347,40.2712,-99.347,0,0,0,0,0,83,0,0,0
633517,2018,3,23,"2018-03-23","18:38:00",3,"KS",20,0,1.75,0,0,0,0,39.8344,-99.8885,39.8344,-99.8885,0,0,0,0,0,137,0,0,0
633518,2018,3,23,"2018-03-23","18:40:00",3,"KS",20,0,1.25,0,0,0,0,39.8271,-100.13,39.8271,-100.13,0,0,0,0,0,137,0,0,0
633519,2018,3,23,"2018-03-23","18:45:00",3,"KS",20,0,1,0,0,0,0,39.5904,-100.1232,39.5904,-100.1232,0,0,0,0,0,137,0,0,0
633520,2018,3,23,"2018-03-23","18:48:00",3,"KS",20,0,1.75,0,0,0,0,39.61,-100,39.61,-100,0,0,0,0,0,137,0,0,0
633521,2018,3,23,"2018-03-23","18:50:00",3,"KS",20,0,1,0,0,0,0,39.6735,-100.0018,39.6735,-100.0018,0,0,0,0,0,137,0,0,0
633522,2018,3,23,"2018-03-23","18:55:00",3,"NE",31,0,1,0,0,0,0,40.28,-99.77,40.28,-99.77,0,0,0,0,0,65,0,0,0
633523,2018,3,23,"2018-03-23","19:02:00",3,"NE",31,0,0.88,0,0,0,0,40.1099,-99.8083,40.1099,-99.8083,0,0,0,0,0,65,0,0,0
633524,2018,3,23,"2018-03-23","19:15:00",3,"KS",20,0,1.75,0,0,25000,50000,39.67,-99.57,39.75,-99.2127,0,0,0,0,0,147,0,0,0
633525,2018,3,23,"2018-03-23","20:09:00",3,"KS",20,0,0.75,0,0,0,0,39.77,-99.03,39.77,-99.03,0,0,0,0,0,183,0,0,0
633526,2018,3,23,"2018-03-23","20:09:00",3,"KS",20,0,1.5,0,0,25000,50000,39.77,-98.9765,39.82,-98.55,0,0,0,0,0,183,0,0,0
633527,2018,3,24,"2018-03-24","14:50:00",3,"MO",29,0,1,0,0,0,0,37.5,-90.02,37.52,-89.92,0,0,0,0,0,17,0,0,0
633528,2018,3,24,"2018-03-24","15:28:00",3,"MO",29,0,0.88,0,0,0,0,37.32,-89.68,37.32,-89.68,0,0,0,0,0,31,0,0,0
633529,2018,3,24,"2018-03-24","18:29:00",3,"TN",47,0,1,0,0,0,0,36.3091,-88.9008,36.3018,-88.8703,0,0,0,0,0,183,0,0,0
633530,2018,3,25,"2018-03-25","16:23:00",3,"TX",48,0,0.88,0,0,0,0,33.81,-98.69,33.81,-98.69,0,0,0,0,0,9,0,0,0
633531,2018,3,25,"2018-03-25","16:26:00",3,"TX",48,0,0.88,0,0,0,0,33.83,-98.69,33.83,-98.69,0,0,0,0,0,9,0,0,0
633532,2018,3,25,"2018-03-25","16:52:00",3,"TX",48,0,0.75,0,0,0,0,33.9,-98.51,33.9,-98.51,0,0,0,0,0,485,0,0,0
633533,2018,3,25,"2018-03-25","16:54:00",3,"TX",48,0,0.88,0,0,0,0,33.98,-98.54,33.98,-98.54,0,0,0,0,0,485,0,0,0
633534,2018,3,25,"2018-03-25","16:56:00",3,"TX",48,0,0.75,0,0,0,0,33.98,-98.5,33.98,-98.5,0,0,0,0,0,485,0,0,0
633535,2018,3,25,"2018-03-25","17:03:00",3,"TX",48,0,0.75,0,0,0,0,33.9,-98.35,33.9,-98.35,0,0,0,0,0,77,0,0,0
633536,2018,3,25,"2018-03-25","17:05:00",3,"TX",48,0,1.25,0,0,0,0,33.92,-98.43,33.92,-98.43,0,0,0,0,0,485,0,0,0
633537,2018,3,25,"2018-03-25","17:08:00",3,"TX",48,0,0.88,0,0,0,0,33.96,-98.34,33.96,-98.34,0,0,0,0,0,77,0,0,0
633538,2018,3,25,"2018-03-25","17:16:00",3,"TX",48,0,0.75,0,0,0,0,34.1,-98.18,34.1,-98.18,0,0,0,0,0,77,0,0,0
633539,2018,3,25,"2018-03-25","17:26:00",3,"TX",48,0,1.25,0,0,0,0,33.97,-98.23,33.97,-98.23,0,0,0,0,0,77,0,0,0
633540,2018,3,25,"2018-03-25","17:40:00",3,"TX",48,0,0.75,0,0,0,0,33.97,-98.15,33.97,-98.15,0,0,0,0,0,77,0,0,0
633541,2018,3,25,"2018-03-25","17:44:00",3,"TX",48,0,1.75,0,0,0,0,33.98,-98.1,33.98,-98.1,0,0,0,0,0,77,0,0,0
633542,2018,3,25,"2018-03-25","17:52:00",3,"OK",40,0,1.75,0,0,0,0,34.37,-97.97,34.37,-97.97,0,0,0,0,0,137,0,0,0
633543,2018,3,25,"2018-03-25","17:56:00",3,"OK",40,0,1,0,0,0,0,33.91,-97.94,33.91,-97.94,0,0,0,0,0,67,0,0,0
633544,2018,3,25,"2018-03-25","18:01:00",3,"OK",40,0,1.75,0,0,0,0,34.45,-98,34.45,-98,0,0,0,0,0,137,0,0,0
633545,2018,3,25,"2018-03-25","18:02:00",3,"OK",40,0,1.25,0,0,0,0,33.89,-97.94,33.89,-97.94,0,0,0,0,0,67,0,0,0
633546,2018,3,25,"2018-03-25","18:10:00",3,"OK",40,0,1.75,0,0,0,0,34.51,-97.94,34.51,-97.94,0,0,0,0,0,137,0,0,0
633547,2018,3,25,"2018-03-25","18:10:00",3,"TX",48,0,2,0,0,5000,0,33.85,-97.94,33.85,-97.94,0,0,0,0,0,337,0,0,0
633548,2018,3,25,"2018-03-25","18:20:00",3,"OK",40,0,1.75,0,0,0,0,33.9,-97.94,33.9,-97.94,0,0,0,0,0,67,0,0,0
633549,2018,3,25,"2018-03-25","18:45:00",3,"TX",48,0,1.25,0,0,0,0,33.9,-97.73,33.9,-97.73,0,0,0,0,0,337,0,0,0
633550,2018,3,26,"2018-03-26","02:53:00",3,"KS",20,0,1,0,0,0,0,38.26,-96.17,38.26,-96.17,0,0,0,0,0,111,0,0,0
633551,2018,3,26,"2018-03-26","03:29:00",3,"KS",20,0,2.75,0,0,0,0,38.43,-96.07,38.43,-96.07,0,0,0,0,0,111,0,0,0
633552,2018,3,26,"2018-03-26","03:31:00",3,"KS",20,0,1.5,0,0,0,0,38.42,-96.13,38.42,-96.13,0,0,0,0,0,111,0,0,0
633553,2018,3,26,"2018-03-26","03:55:00",3,"AR",5,0,1,0,0,0,0,36.2015,-91.187,36.2,-91.17,0,0,0,0,0,75,0,0,0
633554,2018,3,26,"2018-03-26","04:01:00",3,"KS",20,0,1,0,0,0,0,38.34,-95.6,38.34,-95.6,0,0,0,0,0,31,0,0,0
633555,2018,3,26,"2018-03-26","04:04:00",3,"MO",29,0,1.5,0,0,0,0,36.92,-91.89,36.92,-91.89,0,0,0,0,0,91,0,0,0
633556,2018,3,26,"2018-03-26","04:31:00",3,"AR",5,0,1.25,0,0,0,0,36.2519,-90.9875,36.2501,-90.9487,0,0,0,0,0,121,0,0,0
633557,2018,3,26,"2018-03-26","05:30:00",3,"KS",20,0,1,0,0,0,0,38.62,-94.68,38.62,-94.68,0,0,0,0,0,121,0,0,0
633558,2018,3,26,"2018-03-26","05:38:00",3,"KS",20,0,1.25,0,0,0,0,38.62,-94.68,38.62,-94.68,0,0,0,0,0,121,0,0,0
633559,2018,3,26,"2018-03-26","05:52:00",3,"MO",29,0,1,0,0,0,0,38.62,-94.51,38.62,-94.51,0,0,0,0,0,37,0,0,0
633560,2018,3,26,"2018-03-26","05:59:00",3,"MO",29,0,0.88,0,0,0,0,38.72,-94.46,38.72,-94.46,0,0,0,0,0,37,0,0,0
633561,2018,3,26,"2018-03-26","06:23:00",3,"MO",29,0,1,0,0,0,0,38.79,-94.27,38.79,-94.27,0,0,0,0,0,37,0,0,0
633562,2018,3,26,"2018-03-26","07:45:00",3,"MO",29,0,1,0,0,0,0,38.6526,-92.0422,38.6526,-92.0422,0,0,0,0,0,27,0,0,0
633563,2018,3,26,"2018-03-26","09:10:00",3,"MO",29,0,0.75,0,0,0,0,39.0079,-92.33,39.0079,-92.33,0,0,0,0,0,19,0,0,0
633564,2018,3,26,"2018-03-26","10:15:00",3,"MO",29,0,0.75,0,0,0,0,37.59,-94.18,37.59,-94.18,0,0,0,0,0,11,0,0,0
633565,2018,3,26,"2018-03-26","10:20:00",3,"MO",29,0,0.75,0,0,0,0,37.49,-94.28,37.49,-94.28,0,0,0,0,0,11,0,0,0
633566,2018,3,26,"2018-03-26","11:23:00",3,"TX",48,0,1,0,0,0,0,33.68,-97.9,33.68,-97.9,0,0,0,0,0,337,0,0,0
633567,2018,3,26,"2018-03-26","12:18:00",3,"TX",48,0,0.88,0,0,0,0,33.45,-99.63,33.45,-99.63,0,0,0,0,0,275,0,0,0
633568,2018,3,26,"2018-03-26","12:52:00",3,"TX",48,0,1.75,0,0,0,0,33.63,-99.3,33.63,-99.3,0,0,0,0,0,23,0,0,0
633569,2018,3,26,"2018-03-26","13:06:00",3,"TX",48,0,1,0,0,0,0,33.77,-99.16,33.77,-99.16,0,0,0,0,0,23,0,0,0
633570,2018,3,26,"2018-03-26","13:20:00",3,"TX",48,0,1.25,0,0,0,0,33.06,-99.76,33.06,-99.76,0,0,0,0,0,207,0,0,0
633571,2018,3,26,"2018-03-26","13:20:00",3,"TX",48,0,0.88,0,0,0,0,32.94,-99.8,32.94,-99.8,0,0,0,0,0,253,0,0,0
633572,2018,3,26,"2018-03-26","13:50:00",3,"TX",48,0,1,0,0,0,0,33.62,-99.24,33.62,-99.24,0,0,0,0,0,23,0,0,0
633573,2018,3,26,"2018-03-26","14:05:00",3,"TX",48,0,0.88,0,0,0,0,33.6,-99.12,33.6,-99.12,0,0,0,0,0,23,0,0,0
633574,2018,3,26,"2018-03-26","14:05:00",3,"TX",48,0,2,0,0,0,0,32.45,-100.54,32.45,-100.54,0,0,0,0,0,353,0,0,0
633575,2018,3,26,"2018-03-26","14:05:00",3,"TX",48,0,1,0,0,0,0,32.46,-100.54,32.46,-100.54,0,0,0,0,0,353,0,0,0
633576,2018,3,26,"2018-03-26","14:25:00",3,"TX",48,0,1.75,0,0,0,0,32.63,-100.38,32.63,-100.38,0,0,0,0,0,151,0,0,0
633577,2018,3,26,"2018-03-26","15:13:00",3,"TX",48,0,1,0,0,0,0,32.93,-99.88,32.93,-99.88,0,0,0,0,0,253,0,0,0
633578,2018,3,26,"2018-03-26","15:39:00",3,"TX",48,0,1,0,0,0,0,33.34,-99.18,33.34,-99.18,0,0,0,0,0,447,0,0,0
633579,2018,3,26,"2018-03-26","15:56:00",3,"TX",48,0,1.75,0,0,0,0,33.18,-99.19,33.18,-99.19,0,0,0,0,0,447,0,0,0
633580,2018,3,26,"2018-03-26","15:57:00",3,"TX",48,0,1,0,0,0,0,33.18,-99.18,33.18,-99.18,0,0,0,0,0,447,0,0,0
633581,2018,3,26,"2018-03-26","16:10:00",3,"TX",48,0,1,0,0,0,0,32.93,-99.23,32.93,-99.23,0,0,0,0,0,417,0,0,0
633582,2018,3,26,"2018-03-26","16:23:00",3,"TX",48,0,1,0,0,0,0,33.02,-99.06,33.02,-99.06,0,0,0,0,0,447,0,0,0
633583,2018,3,26,"2018-03-26","16:56:00",3,"TX",48,0,1,0,0,0,0,33.18,-98.81,33.18,-98.81,0,0,0,0,0,503,0,0,0
633584,2018,3,26,"2018-03-26","16:57:00",3,"TX",48,0,1.75,0,0,0,0,31.87,-101.5,31.87,-101.5,0,0,0,0,0,173,0,0,0
633585,2018,3,26,"2018-03-26","17:05:00",3,"TX",48,0,1,0,0,100,0,32.3064,-100.8041,32.3064,-100.8041,0,0,0,0,0,335,0,0,0
633586,2018,3,26,"2018-03-26","17:15:00",3,"TX",48,0,2.75,0,0,0,0,32.2897,-100.72,32.2897,-100.72,0,0,0,0,0,335,0,0,0
633587,2018,3,26,"2018-03-26","17:31:00",3,"TX",48,0,1.5,0,0,0,0,33.38,-98.38,33.38,-98.38,0,0,0,0,0,237,0,0,0
633588,2018,3,26,"2018-03-26","17:45:00",3,"TX",48,0,1.25,0,0,0,0,32.01,-100.98,32.01,-100.98,0,0,0,0,0,431,0,0,0
633589,2018,3,26,"2018-03-26","17:51:00",3,"TX",48,0,2,0,0,0,0,32.3704,-100.5249,32.3704,-100.5249,0,0,0,0,0,353,0,0,0
633590,2018,3,26,"2018-03-26","18:00:00",3,"TX",48,0,1.5,0,0,0,0,32.47,-100.41,32.47,-100.41,0,0,0,0,0,353,0,0,0
633591,2018,3,26,"2018-03-26","18:07:00",3,"TX",48,0,0.8,0,0,0,0,33.49,-98.02,33.49,-98.02,0,0,0,0,0,77,0,0,0
633592,2018,3,26,"2018-03-26","18:10:00",3,"TX",48,0,1,0,0,0,0,32.45,-100.41,32.45,-100.41,0,0,0,0,0,353,0,0,0
633593,2018,3,26,"2018-03-26","18:20:00",3,"TX",48,0,1,0,0,0,0,33.01,-99.06,33.01,-99.06,0,0,0,0,0,447,0,0,0
633594,2018,3,26,"2018-03-26","18:20:00",3,"TX",48,0,1.25,0,0,0,0,32.07,-100.66,32.07,-100.66,0,0,0,0,0,81,0,0,0
633595,2018,3,26,"2018-03-26","18:20:00",3,"TX",48,0,0.88,0,0,0,0,33.53,-97.83,33.53,-97.83,0,0,0,0,0,337,0,0,0
633596,2018,3,26,"2018-03-26","18:20:00",3,"TX",48,0,1,0,0,0,0,33.55,-97.83,33.55,-97.83,0,0,0,0,0,337,0,0,0
633597,2018,3,26,"2018-03-26","18:35:00",3,"TX",48,0,1,0,0,0,0,32.94,-99.79,32.94,-99.79,0,0,0,0,0,253,0,0,0
633598,2018,3,26,"2018-03-26","19:00:00",3,"OK",40,0,0.75,0,0,0,0,34.19,-97.26,34.19,-97.26,0,0,0,0,0,19,0,0,0
633599,2018,3,26,"2018-03-26","20:05:00",3,"TX",48,0,1,0,0,0,0,31.3945,-101.6976,31.3945,-101.6976,0,0,0,0,0,383,0,0,0
633600,2018,3,27,"2018-03-27","18:39:00",3,"TX",48,0,1.5,0,0,0,0,32.1061,-102.6547,32.1061,-102.6547,0,0,0,0,0,3,0,0,0
633601,2018,3,27,"2018-03-27","18:51:00",3,"TX",48,0,1,0,0,0,0,32.1319,-102.55,32.1319,-102.55,0,0,0,0,0,3,0,0,0
633602,2018,3,27,"2018-03-27","19:15:00",3,"TX",48,0,1,0,0,0,0,32.1972,-102.4048,32.1972,-102.4048,0,0,0,0,0,3,0,0,0
633603,2018,3,27,"2018-03-27","20:27:00",3,"TX",48,0,1,0,0,0,0,31.94,-98.49,31.94,-98.49,0,0,0,0,0,93,0,0,0
633604,2018,3,27,"2018-03-27","21:25:00",3,"TX",48,0,1.75,0,0,20000,0,27.5129,-99.4934,27.53,-99.49,0,0,0,0,0,479,0,0,0
633605,2018,3,27,"2018-03-27","21:28:00",3,"TX",48,0,1,0,0,0,0,27.5285,-99.4614,27.5285,-99.4614,0,0,0,0,0,479,0,0,0
633606,2018,3,27,"2018-03-27","22:15:00",3,"TX",48,0,0.75,0,0,0,0,32.41,-97.23,32.41,-97.23,0,0,0,0,0,251,0,0,0
633607,2018,3,27,"2018-03-27","23:04:00",3,"TX",48,0,1,0,0,0,0,28.91,-99.12,28.91,-99.12,0,0,0,0,0,163,0,0,0
633608,2018,3,27,"2018-03-27","23:15:00",3,"TX",48,0,1,0,0,0,0,28.89,-99.1,28.89,-99.1,0,0,0,0,0,163,0,0,0
633609,2018,3,27,"2018-03-27","23:15:00",3,"TX",48,0,1.5,0,0,0,0,28.9,-99.09,28.9,-99.09,0,0,0,0,0,163,0,0,0
633610,2018,3,27,"2018-03-27","23:45:00",3,"TX",48,0,1.25,0,0,0,0,28.4,-99.62,28.4,-99.62,0,0,0,0,0,127,0,0,0
633611,2018,3,28,"2018-03-28","08:13:00",3,"TX",48,0,1,0,0,0,0,29.35,-98.95,29.35,-98.95,0,0,0,0,0,325,0,0,0
633612,2018,3,28,"2018-03-28","08:26:00",3,"TX",48,0,1.25,0,0,0,0,29.31,-98.82,29.31,-98.82,0,0,0,0,0,325,0,0,0
633613,2018,3,28,"2018-03-28","08:45:00",3,"TX",48,0,1,0,0,0,0,29.4,-98.71,29.4,-98.71,0,0,0,0,0,29,0,0,0
633614,2018,3,28,"2018-03-28","09:25:00",3,"TX",48,0,0.75,0,0,0,0,29.55,-98.32,29.55,-98.32,0,0,0,0,0,29,0,0,0
633615,2018,3,28,"2018-03-28","14:58:00",3,"LA",22,0,1,0,0,0,0,31.9681,-92.6534,31.9681,-92.6534,0,0,0,0,0,127,0,0,0
633616,2018,3,28,"2018-03-28","16:50:00",3,"LA",22,0,1.75,0,0,20000,0,32.68,-91.19,32.68,-91.19,0,0,0,0,0,35,0,0,0
633617,2018,3,28,"2018-03-28","16:50:00",3,"LA",22,0,1.75,0,0,40000,0,32.8,-91.18,32.76,-91.18,0,0,0,0,0,35,0,0,0
633618,2018,3,28,"2018-03-28","17:15:00",3,"MS",28,0,1.75,0,0,20000,0,32.819,-90.8618,32.92,-90.66,0,0,0,0,0,125,0,0,0
633619,2018,3,28,"2018-03-28","18:20:00",3,"TX",48,0,1.75,0,0,0,0,26.3391,-98.7743,26.3579,-98.7603,0,0,0,0,0,427,0,0,0
633620,2018,3,28,"2018-03-28","20:45:00",3,"TX",48,0,1,0,0,0,0,27.76,-98.07,27.76,-98.07,0,0,0,0,0,249,0,0,0
633621,2018,3,28,"2018-03-28","21:05:00",3,"TX",48,0,0.88,0,0,0,0,29.66,-98.12,29.66,-98.12,0,0,0,0,0,187,0,0,0
633622,2018,3,28,"2018-03-28","21:20:00",3,"TX",48,0,1,0,0,0,0,29.4,-98.39,29.4,-98.39,0,0,0,0,0,29,0,0,0
633623,2018,3,28,"2018-03-28","22:26:00",3,"TX",48,0,1,0,0,0,0,28.16,-98.51,28.16,-98.51,0,0,0,0,0,311,0,0,0
633095,2018,3,1,"2018-03-01","11:11:00",3,"CA",6,0,0.25,0,0,100,0,41.82,-124.16,41.82,-124.16,0,0,0,0,0,15,0,0,0
633096,2018,3,2,"2018-03-02","00:20:00",3,"CA",6,0,0.25,0,0,0,0,40.64,-124.21,40.64,-124.21,0,0,0,0,0,23,0,0,0
633097,2018,3,2,"2018-03-02","09:25:00",3,"CA",6,0,0.25,0,0,0,0,37.7745,-122.2031,37.7745,-122.2031,0,0,0,0,0,1,0,0,0
633098,2018,3,2,"2018-03-02","10:17:00",3,"CA",6,0,0.25,0,0,0,0,37.9,-122.7,37.9,-122.7,0,0,0,0,0,41,0,0,0
633099,2018,3,2,"2018-03-02","10:40:00",3,"CA",6,0,0.25,0,0,0,0,37.8811,-122.2361,37.8811,-122.2361,0,0,0,0,0,1,0,0,0
633100,2018,3,2,"2018-03-02","11:43:00",3,"CA",6,0,0.25,0,0,0,0,37.333,-121.8967,37.333,-121.8967,0,0,0,0,0,85,0,0,0
633101,2018,3,2,"2018-03-02","11:44:00",3,"CA",6,0,0.25,0,0,0,0,37.05,-122.08,37.05,-122.08,0,0,0,0,0,87,0,0,0
633102,2018,3,2,"2018-03-02","11:48:00",3,"CA",6,0,0.25,0,0,0,0,37.05,-122.03,37.05,-122.03,0,0,0,0,0,87,0,0,0
633103,2018,3,2,"2018-03-02","12:10:00",3,"CA",6,0,0.25,0,0,0,0,37.87,-122.27,37.87,-122.27,0,0,0,0,0,1,0,0,0
633104,2018,3,2,"2018-03-02","12:22:00",3,"CA",6,0,0.25,0,0,0,0,37.9,-122.27,37.9,-122.27,0,0,0,0,0,13,0,0,0
633105,2018,3,2,"2018-03-02","14:34:00",3,"CA",6,0,0.25,0,0,0,0,37.92,-122.3,37.92,-122.3,0,0,0,0,0,13,0,0,0
633106,2018,3,3,"2018-03-03","11:58:00",3,"CA",6,0,0.25,0,0,0,0,36.6,-121.83,36.6,-121.83,0,0,0,0,0,53,0,0,0
633107,2018,3,3,"2018-03-03","11:58:00",3,"CA",6,0,0.25,0,0,0,0,37.98,-122.5551,37.98,-122.5551,0,0,0,0,0,41,0,0,0
633108,2018,3,3,"2018-03-03","12:50:00",3,"CA",6,0,0.25,0,0,0,0,37.92,-122.55,37.92,-122.55,0,0,0,0,0,41,0,0,0
633109,2018,3,3,"2018-03-03","13:55:00",3,"CA",6,0,0.25,0,0,0,0,38,-122.13,38,-122.13,0,0,0,0,0,13,0,0,0
633110,2018,3,3,"2018-03-03","14:24:00",3,"CA",6,0,0.5,0,0,0,0,37.97,-122.03,37.97,-122.03,0,0,0,0,0,13,0,0,0
633111,2018,3,3,"2018-03-03","15:07:00",3,"CA",6,0,0.25,0,0,0,0,37.88,-122.13,37.88,-122.13,0,0,0,0,0,13,0,0,0
633112,2018,3,3,"2018-03-03","15:35:00",3,"CA",6,0,0.25,0,0,0,0,37.8812,-122.0648,37.8812,-122.0648,0,0,0,0,0,13,0,0,0
633113,2018,3,5,"2018-03-05","15:29:00",3,"TX",48,0,1,0,0,0,0,30,-97.61,30,-97.61,0,0,0,0,0,55,0,0,0
633114,2018,3,5,"2018-03-05","16:03:00",3,"TX",48,0,1,0,0,0,0,29.95,-97.31,29.95,-97.31,0,0,0,0,0,21,0,0,0
633115,2018,3,5,"2018-03-05","16:09:00",3,"AR",5,0,1.75,0,0,0,0,33.7771,-91.2753,33.7771,-91.2753,0,0,0,0,0,41,0,0,0
633116,2018,3,5,"2018-03-05","16:09:00",3,"AR",5,0,1.5,0,0,0,0,33.8,-91.27,33.8,-91.27,0,0,0,0,0,41,0,0,0
633117,2018,3,5,"2018-03-05","16:09:00",3,"TX",48,0,0.75,0,0,0,0,29.94,-97.37,29.94,-97.37,0,0,0,0,0,21,0,0,0
633118,2018,3,5,"2018-03-05","16:15:00",3,"TX",48,0,0.88,0,0,0,0,29.94,-97.3,29.94,-97.3,0,0,0,0,0,21,0,0,0
633119,2018,3,5,"2018-03-05","16:51:00",3,"LA",22,0,1,0,0,0,0,32.77,-91.88,32.77,-91.88,0,0,0,0,0,67,0,0,0
633120,2018,3,5,"2018-03-05","17:20:00",3,"TX",48,0,1.75,0,0,0,0,29.52,-97.68,29.52,-97.68,0,0,0,0,0,177,0,0,0
633121,2018,3,5,"2018-03-05","18:17:00",3,"MS",28,0,1,0,0,0,0,33.51,-89.92,33.51,-89.92,0,0,0,0,0,15,0,0,0
633122,2018,3,5,"2018-03-05","18:32:00",3,"MS",28,0,1,0,0,0,0,33.49,-89.76,33.49,-89.76,0,0,0,0,0,97,0,0,0
633937,2018,4,10,"2018-04-10","06:15:00",3,"FL",12,0,3,0,0,0,0,29.96,-81.49,29.96,-81.49,0,0,0,0,0,109,0,0,0
633938,2018,4,10,"2018-04-10","06:15:00",3,"FL",12,0,3,0,0,0,0,29.98,-81.49,29.98,-81.49,0,0,0,0,0,109,0,0,0
633939,2018,4,10,"2018-04-10","06:16:00",3,"FL",12,0,1.75,0,0,0,0,29.95,-81.5,29.95,-81.5,0,0,0,0,0,109,0,0,0
633940,2018,4,10,"2018-04-10","06:21:00",3,"FL",12,0,1.25,0,0,0,0,29.95,-81.49,29.95,-81.49,0,0,0,0,0,109,0,0,0
633941,2018,4,10,"2018-04-10","09:00:00",3,"FL",12,0,0.75,0,0,0,0,27.9939,-81.8975,27.9939,-81.8975,0,0,0,0,0,105,0,0,0
633942,2018,4,10,"2018-04-10","10:32:00",3,"FL",12,0,1,0,0,0,0,27.47,-81.73,27.47,-81.73,0,0,0,0,0,49,0,0,0
633943,2018,4,10,"2018-04-10","11:20:00",3,"FL",12,0,1,0,0,0,0,27.98,-80.65,27.98,-80.65,0,0,0,0,0,9,0,0,0
633944,2018,4,10,"2018-04-10","14:30:00",3,"FL",12,0,0.75,0,0,0,0,26.11,-80.3,26.11,-80.3,0,0,0,0,0,11,0,0,0
633945,2018,4,10,"2018-04-10","14:40:00",3,"FL",12,0,0.75,0,0,0,0,26.1054,-80.2501,26.1054,-80.2501,0,0,0,0,0,11,0,0,0
633946,2018,4,10,"2018-04-10","14:45:00",3,"FL",12,0,1,0,0,0,0,26.0945,-80.235,26.0945,-80.235,0,0,0,0,0,11,0,0,0
633947,2018,4,12,"2018-04-12","14:44:00",3,"CA",6,0,0.25,0,0,0,0,36.8033,-121.5171,36.8033,-121.5171,0,0,0,0,0,69,0,0,0
633948,2018,4,13,"2018-04-13","01:45:00",3,"CO",8,0,0.75,0,0,0,0,39.6,-104.71,39.6,-104.71,0,0,0,0,0,5,0,0,0
633949,2018,4,13,"2018-04-13","02:09:00",3,"CO",8,0,0.75,0,0,0,0,40.65,-103.2,40.65,-103.2,0,0,0,0,0,75,0,0,0
633950,2018,4,13,"2018-04-13","04:18:00",3,"SD",46,0,1,0,0,0,0,43.24,-98.21,43.24,-98.21,0,0,0,0,0,43,0,0,0
633951,2018,4,13,"2018-04-13","04:21:00",3,"SD",46,0,1.75,0,0,0,0,43.27,-98.09,43.27,-98.09,0,0,0,0,0,67,0,0,0
633952,2018,4,13,"2018-04-13","04:25:00",3,"SD",46,0,1,0,0,0,0,43.31,-98.16,43.31,-98.16,0,0,0,0,0,43,0,0,0
633953,2018,4,13,"2018-04-13","04:27:00",3,"SD",46,0,1.25,0,0,0,0,43.31,-98.02,43.31,-98.02,0,0,0,0,0,67,0,0,0
633954,2018,4,13,"2018-04-13","05:59:00",3,"SD",46,0,0.75,0,0,0,0,43.53,-96.68,43.53,-96.68,0,0,0,0,0,99,0,0,0
633955,2018,4,13,"2018-04-13","06:02:00",3,"IA",19,0,1,0,0,0,0,43.15,-91.76,43.15,-91.76,0,0,0,0,0,191,0,0,0
633956,2018,4,13,"2018-04-13","06:17:00",3,"IA",19,0,0.88,0,0,0,0,43.19,-91.6,43.19,-91.6,0,0,0,0,0,5,0,0,0
633957,2018,4,13,"2018-04-13","06:40:00",3,"WI",55,0,1,0,0,0,0,43.25,-91.05,43.25,-91.05,0,0,0,0,0,23,0,0,0
633958,2018,4,13,"2018-04-13","06:47:00",3,"WI",55,0,1.5,0,0,0,0,43.27,-90.97,43.27,-90.97,0,0,0,0,0,23,0,0,0
633959,2018,4,13,"2018-04-13","06:58:00",3,"MN",27,0,0.75,0,0,0,0,43.76,-95.79,43.76,-95.79,0,0,0,0,0,105,0,0,0
633960,2018,4,13,"2018-04-13","07:00:00",3,"WI",55,0,0.75,0,0,0,0,43.26,-90.76,43.26,-90.76,0,0,0,0,0,23,0,0,0
633961,2018,4,13,"2018-04-13","07:05:00",3,"WI",55,0,1,0,0,0,0,43.31,-90.61,43.31,-90.61,0,0,0,0,0,103,0,0,0
633962,2018,4,13,"2018-04-13","07:18:00",3,"WI",55,0,1.75,0,0,15000,0,43.34,-90.38,43.34,-90.38,0,0,0,0,0,103,0,0,0
633963,2018,4,13,"2018-04-13","07:34:00",3,"WI",55,0,1.75,0,0,0,0,43.36,-90.09,43.36,-90.09,0,0,0,0,0,111,0,0,0
633964,2018,4,13,"2018-04-13","07:40:00",3,"WI",55,0,0.75,0,0,0,0,43.48,-89.92,43.48,-89.92,0,0,0,0,0,111,0,0,0
633965,2018,4,13,"2018-04-13","07:42:00",3,"WI",55,0,0.88,0,0,0,0,43.53,-89.94,43.53,-89.94,0,0,0,0,0,111,0,0,0
633966,2018,4,13,"2018-04-13","07:45:00",3,"WI",55,0,1.25,0,0,0,0,43.46,-89.86,43.46,-89.86,0,0,0,0,0,111,0,0,0
633967,2018,4,13,"2018-04-13","07:50:00",3,"WI",55,0,1,0,0,0,0,43.47,-89.75,43.47,-89.75,0,0,0,0,0,111,0,0,0
633968,2018,4,13,"2018-04-13","07:51:00",3,"WI",55,0,1,0,0,0,0,43.47,-89.74,43.47,-89.74,0,0,0,0,0,111,0,0,0
633969,2018,4,13,"2018-04-13","07:52:00",3,"WI",55,0,1.75,0,0,0,0,43.42,-89.73,43.42,-89.73,0,0,0,0,0,111,0,0,0
633970,2018,4,13,"2018-04-13","07:56:00",3,"WI",55,0,1.75,0,0,0,0,43.42,-89.63,43.42,-89.63,0,0,0,0,0,111,0,0,0
633971,2018,4,13,"2018-04-13","08:22:00",3,"WI",55,0,1.25,0,0,0,0,43.46,-89.22,43.46,-89.22,0,0,0,0,0,21,0,0,0
633972,2018,4,13,"2018-04-13","08:40:00",3,"WI",55,0,0.75,0,0,0,0,43.5,-88.54,43.5,-88.54,0,0,0,0,0,27,0,0,0
633973,2018,4,13,"2018-04-13","08:43:00",3,"WI",55,0,1,0,0,0,0,43.44,-88.64,43.44,-88.64,0,0,0,0,0,27,0,0,0
633974,2018,4,13,"2018-04-13","08:45:00",3,"WI",55,0,0.75,0,0,0,0,43.45,-88.65,43.45,-88.65,0,0,0,0,0,27,0,0,0
633975,2018,4,13,"2018-04-13","08:55:00",3,"WI",55,0,1,0,0,0,0,43.49,-88.54,43.49,-88.54,0,0,0,0,0,27,0,0,0
633976,2018,4,13,"2018-04-13","09:16:00",3,"WI",55,0,0.75,0,0,0,0,43.62,-87.95,43.62,-87.95,0,0,0,0,0,117,0,0,0
633977,2018,4,13,"2018-04-13","09:20:00",3,"WI",55,0,0.88,0,0,0,0,43.62,-87.8,43.62,-87.8,0,0,0,0,0,117,0,0,0
633978,2018,4,13,"2018-04-13","09:20:00",3,"NE",31,0,0.75,0,0,0,0,42.76,-98.67,42.76,-98.67,0,0,0,0,0,89,0,0,0
633979,2018,4,13,"2018-04-13","09:22:00",3,"WI",55,0,1,0,0,0,0,43.54,-87.82,43.54,-87.82,0,0,0,0,0,117,0,0,0
633980,2018,4,13,"2018-04-13","09:30:00",3,"WI",55,0,0.75,0,0,0,0,43.75,-87.7,43.75,-87.7,0,0,0,0,0,117,0,0,0
633981,2018,4,13,"2018-04-13","09:35:00",3,"NE",31,0,0.75,0,0,0,0,42.75,-98.85,42.75,-98.85,0,0,0,0,0,89,0,0,0
633982,2018,4,13,"2018-04-13","09:59:00",3,"SD",46,0,1,0,0,0,0,42.98,-98.41,42.98,-98.41,0,0,0,0,0,23,0,0,0
633983,2018,4,13,"2018-04-13","10:29:00",3,"SD",46,0,1,0,0,0,0,43.24,-98.21,43.24,-98.21,0,0,0,0,0,43,0,0,0
633984,2018,4,13,"2018-04-13","11:25:00",3,"SD",46,0,0.75,0,0,0,0,43.73,-97.69,43.73,-97.69,0,0,0,0,0,61,0,0,0
633985,2018,4,13,"2018-04-13","11:30:00",3,"MN",27,0,1,0,0,0,0,44.5,-96.43,44.5,-96.43,0,0,0,0,0,81,0,0,0
633986,2018,4,13,"2018-04-13","11:33:00",3,"SD",46,0,0.75,0,0,0,0,44.44,-96.46,44.44,-96.46,0,0,0,0,0,11,0,0,0
633987,2018,4,13,"2018-04-13","12:05:00",3,"KS",20,0,0.75,0,0,0,0,37.25,-97.11,37.25,-97.11,0,0,0,0,0,35,0,0,0
633988,2018,4,13,"2018-04-13","13:08:00",3,"OK",40,0,1.25,0,0,0,0,34.26,-97.17,34.26,-97.17,0,0,0,0,0,19,0,0,0
633989,2018,4,13,"2018-04-13","13:12:00",3,"OK",40,0,1.5,0,0,0,0,36.12,-96.7,36.12,-96.7,0,0,0,0,0,119,0,0,0
633990,2018,4,13,"2018-04-13","13:12:00",3,"KS",20,0,0.75,0,0,0,0,37.82,-96.55,37.82,-96.55,0,0,0,0,0,15,0,0,0
633991,2018,4,13,"2018-04-13","13:36:00",3,"OK",40,0,1,0,0,0,0,36.18,-96.57,36.18,-96.57,0,0,0,0,0,117,0,0,0
633992,2018,4,13,"2018-04-13","13:46:00",3,"OK",40,0,1,0,0,0,0,34.41,-96.83,34.41,-96.83,0,0,0,0,0,69,0,0,0
633993,2018,4,13,"2018-04-13","13:48:00",3,"OK",40,0,1.5,0,0,0,0,34.43,-96.83,34.43,-96.83,0,0,0,0,0,69,0,0,0
633994,2018,4,13,"2018-04-13","13:57:00",3,"KS",20,0,1,0,0,0,0,38.7,-96.52,38.7,-96.52,0,0,0,0,0,127,0,0,0
633995,2018,4,13,"2018-04-13","13:57:00",3,"KS",20,0,1,0,0,0,0,38.7,-96.52,38.7,-96.52,0,0,0,0,0,127,0,0,0
633996,2018,4,13,"2018-04-13","14:14:00",3,"KS",20,0,1,0,0,0,0,37.86,-96.17,37.86,-96.17,0,0,0,0,0,73,0,0,0
633997,2018,4,13,"2018-04-13","14:20:00",3,"KS",20,0,1,0,0,0,0,39.52,-96.24,39.52,-96.24,0,0,0,0,0,149,0,0,0
633998,2018,4,13,"2018-04-13","14:22:00",3,"IA",19,0,0.88,0,0,0,0,41.48,-95.34,41.48,-95.34,0,0,0,0,0,155,0,0,0
633999,2018,4,13,"2018-04-13","14:29:00",3,"TX",48,0,0.88,0,0,0,0,33.03,-97.52,33.03,-97.52,0,0,0,0,0,497,0,0,0
634000,2018,4,13,"2018-04-13","14:35:00",3,"KS",20,0,1,0,0,0,0,38.16,-95.85,38.16,-95.85,0,0,0,0,0,31,0,0,0
634001,2018,4,13,"2018-04-13","14:35:00",3,"KS",20,0,1,0,0,0,0,38.16,-95.88,38.16,-95.88,0,0,0,0,0,31,0,0,0
634002,2018,4,13,"2018-04-13","14:36:00",3,"OK",40,0,1,0,0,0,0,34.76,-96.22,34.76,-96.22,0,0,0,0,0,29,0,0,0
634003,2018,4,13,"2018-04-13","14:36:00",3,"OK",40,0,0.75,0,0,0,0,35.7425,-96.0707,35.7425,-96.0707,0,0,0,0,0,111,0,0,0
634004,2018,4,13,"2018-04-13","14:37:00",3,"OK",40,0,0.75,0,0,0,0,34.01,-96.7,34.01,-96.7,0,0,0,0,0,95,0,0,0
634005,2018,4,13,"2018-04-13","14:38:00",3,"OK",40,0,1,0,0,0,0,36.5898,-95.9673,36.5898,-95.9673,0,0,0,0,0,147,0,0,0
634006,2018,4,13,"2018-04-13","14:41:00",3,"KS",20,0,1,0,0,0,0,39.73,-96.13,39.73,-96.13,0,0,0,0,0,131,0,0,0
634007,2018,4,13,"2018-04-13","14:50:00",3,"IA",19,0,0.88,0,0,0,0,42.02,-95.35,42.02,-95.35,0,0,0,0,0,47,0,0,0
634008,2018,4,13,"2018-04-13","14:53:00",3,"IA",19,0,1.5,0,0,0,0,41.3,-95.39,41.3,-95.39,0,0,0,0,0,155,0,0,0
634009,2018,4,13,"2018-04-13","14:56:00",3,"IA",19,0,0.88,0,0,0,0,41.65,-95.27,41.65,-95.27,0,0,0,0,0,165,0,0,0
634010,2018,4,13,"2018-04-13","15:01:00",3,"MO",29,0,1,0,0,0,0,36.66,-93.89,36.66,-93.89,0,0,0,0,0,9,0,0,0
634011,2018,4,13,"2018-04-13","15:03:00",3,"OK",40,0,1,0,0,0,0,34.7866,-95.83,34.7866,-95.83,0,0,0,0,0,121,0,0,0
634012,2018,4,13,"2018-04-13","15:04:00",3,"IA",19,0,1.75,0,0,0,0,41.28,-95.4,41.28,-95.4,0,0,0,0,0,155,0,0,0
634013,2018,4,13,"2018-04-13","15:06:00",3,"TX",48,0,1,0,0,0,0,33.22,-97.15,33.22,-97.15,0,0,0,0,0,121,0,0,0
634014,2018,4,13,"2018-04-13","15:08:00",3,"TX",48,0,0.88,0,0,0,0,33.28,-97.15,33.28,-97.15,0,0,0,0,0,121,0,0,0
634015,2018,4,13,"2018-04-13","15:09:00",3,"IA",19,0,1.75,0,0,0,0,41.11,-95.43,41.11,-95.43,0,0,0,0,0,129,0,0,0
634016,2018,4,13,"2018-04-13","15:10:00",3,"TX",48,0,1,0,0,0,0,33.6699,-96.6996,33.6699,-96.6996,0,0,0,0,0,181,0,0,0
634017,2018,4,13,"2018-04-13","15:11:00",3,"IA",19,0,2,0,0,0,0,41.14,-95.33,41.14,-95.33,0,0,0,0,0,137,0,0,0
634018,2018,4,13,"2018-04-13","15:11:00",3,"KS",20,0,1,0,0,0,0,39.52,-95.88,39.52,-95.88,0,0,0,0,0,85,0,0,0
634019,2018,4,13,"2018-04-13","15:14:00",3,"TX",48,0,1,0,0,0,0,33.72,-96.67,33.72,-96.67,0,0,0,0,0,181,0,0,0
634020,2018,4,13,"2018-04-13","15:15:00",3,"IA",19,0,1,0,0,0,0,41.48,-95.22,41.48,-95.22,0,0,0,0,0,155,0,0,0
634021,2018,4,13,"2018-04-13","15:15:00",3,"TX",48,0,1.5,0,0,0,0,32.32,-97.49,32.32,-97.49,0,0,0,0,0,251,0,0,0
634022,2018,4,13,"2018-04-13","15:16:00",3,"TX",48,0,1,0,0,0,0,32.3,-97.54,32.3,-97.54,0,0,0,0,0,251,0,0,0
634023,2018,4,13,"2018-04-13","15:17:00",3,"TX",48,0,1,0,0,0,0,32.35,-97.45,32.35,-97.45,0,0,0,0,0,251,0,0,0
634024,2018,4,13,"2018-04-13","15:18:00",3,"OK",40,0,1,0,0,0,0,34.24,-96.21,34.24,-96.21,0,0,0,0,0,5,0,0,0
634025,2018,4,13,"2018-04-13","15:21:00",3,"KS",20,0,1,0,0,0,0,38.53,-95.42,38.53,-95.42,0,0,0,0,0,59,0,0,0
634026,2018,4,13,"2018-04-13","15:24:00",3,"TX",48,0,0.75,0,0,0,0,32.89,-97.44,32.89,-97.44,0,0,0,0,0,439,0,0,0
634027,2018,4,13,"2018-04-13","15:26:00",3,"TX",48,0,1,0,0,0,0,32.89,-97.44,32.89,-97.44,0,0,0,0,0,439,0,0,0
634028,2018,4,13,"2018-04-13","15:30:00",3,"KS",20,0,0.88,0,0,0,0,38.2,-95.62,38.2,-95.62,0,0,0,0,0,31,0,0,0
634029,2018,4,13,"2018-04-13","15:32:00",3,"TX",48,0,1.75,0,0,5000,0,32.32,-97.35,32.32,-97.35,0,0,0,0,0,251,0,0,0
634030,2018,4,13,"2018-04-13","15:34:00",3,"TX",48,0,1,0,0,0,0,33.22,-97.15,33.22,-97.15,0,0,0,0,0,121,0,0,0
634031,2018,4,13,"2018-04-13","15:37:00",3,"KS",20,0,0.88,0,0,0,0,38.62,-95.27,38.62,-95.27,0,0,0,0,0,59,0,0,0
634032,2018,4,13,"2018-04-13","15:38:00",3,"TX",48,0,0.75,0,0,0,0,33.2,-97.13,33.2,-97.13,0,0,0,0,0,121,0,0,0
634033,2018,4,13,"2018-04-13","15:38:00",3,"TX",48,0,0.75,0,0,0,0,33.47,-96.92,33.47,-96.92,0,0,0,0,0,181,0,0,0
634034,2018,4,13,"2018-04-13","15:40:00",3,"TX",48,0,0.75,0,0,0,0,33.22,-97.1,33.22,-97.1,0,0,0,0,0,121,0,0,0
634035,2018,4,13,"2018-04-13","15:40:00",3,"TX",48,0,1,0,0,0,0,33.45,-96.75,33.45,-96.75,0,0,0,0,0,181,0,0,0
634036,2018,4,13,"2018-04-13","15:40:00",3,"TX",48,0,0.75,0,0,0,0,32.58,-97.32,32.58,-97.32,0,0,0,0,0,439,0,0,0
634037,2018,4,13,"2018-04-13","15:40:00",3,"KS",20,0,1,0,0,0,0,38.57,-95.27,38.57,-95.27,0,0,0,0,0,59,0,0,0
634038,2018,4,13,"2018-04-13","15:42:00",3,"NE",31,0,0.88,0,0,0,0,40.39,-95.84,40.39,-95.84,0,0,0,0,0,127,0,0,0
634039,2018,4,13,"2018-04-13","15:42:00",3,"TX",48,0,0.75,0,0,0,0,32.58,-97.32,32.58,-97.32,0,0,0,0,0,439,0,0,0
634040,2018,4,13,"2018-04-13","15:42:00",3,"KS",20,0,1,0,0,0,0,38.63,-95.27,38.63,-95.27,0,0,0,0,0,59,0,0,0
634041,2018,4,13,"2018-04-13","15:44:00",3,"TX",48,0,0.75,0,0,0,0,32.93,-97.25,32.93,-97.25,0,0,0,0,0,439,0,0,0
634042,2018,4,13,"2018-04-13","15:52:00",3,"KS",20,0,1,0,0,0,0,38.69,-95.17,38.69,-95.17,0,0,0,0,0,59,0,0,0
634043,2018,4,13,"2018-04-13","15:58:00",3,"TX",48,0,1.25,0,0,0,0,33.53,-96.7,33.53,-96.7,0,0,0,0,0,181,0,0,0
634044,2018,4,13,"2018-04-13","15:58:00",3,"KS",20,0,0.88,0,0,0,0,38.44,-95.32,38.44,-95.32,0,0,0,0,0,59,0,0,0
634045,2018,4,13,"2018-04-13","16:00:00",3,"TX",48,0,0.88,0,0,0,0,33.08,-97.1,33.08,-97.1,0,0,0,0,0,121,0,0,0
634046,2018,4,13,"2018-04-13","16:04:00",3,"TX",48,0,0.88,0,0,0,0,33.14,-97.1,33.14,-97.1,0,0,0,0,0,121,0,0,0
634047,2018,4,13,"2018-04-13","16:06:00",3,"TX",48,0,1,0,0,0,0,33.52,-96.48,33.52,-96.48,0,0,0,0,0,181,0,0,0
634048,2018,4,13,"2018-04-13","16:06:00",3,"TX",48,0,0.88,0,0,0,0,33.63,-96.57,33.63,-96.57,0,0,0,0,0,181,0,0,0
634049,2018,4,13,"2018-04-13","16:07:00",3,"TX",48,0,1,0,0,0,0,33.63,-96.57,33.63,-96.57,0,0,0,0,0,181,0,0,0
634050,2018,4,13,"2018-04-13","16:07:00",3,"TX",48,0,0.75,0,0,0,0,33.7137,-96.6645,33.7137,-96.6645,0,0,0,0,0,181,0,0,0
634051,2018,4,13,"2018-04-13","16:07:00",3,"KS",20,0,0.88,0,0,0,0,38.49,-95.27,38.49,-95.27,0,0,0,0,0,59,0,0,0
634052,2018,4,13,"2018-04-13","16:13:00",3,"TX",48,0,0.88,0,0,0,0,33.15,-97.07,33.15,-97.07,0,0,0,0,0,121,0,0,0
634053,2018,4,13,"2018-04-13","16:16:00",3,"TX",48,0,1,0,0,0,0,33.33,-96.98,33.33,-96.98,0,0,0,0,0,121,0,0,0
634054,2018,4,13,"2018-04-13","16:16:00",3,"TX",48,0,1.25,0,0,0,0,33.52,-96.48,33.52,-96.48,0,0,0,0,0,181,0,0,0
634055,2018,4,13,"2018-04-13","16:16:00",3,"TX",48,0,1.75,0,0,10000,0,33.52,-96.48,33.52,-96.48,0,0,0,0,0,181,0,0,0
634056,2018,4,13,"2018-04-13","16:16:00",3,"KS",20,0,0.88,0,0,0,0,38.52,-95.16,38.52,-95.16,0,0,0,0,0,59,0,0,0
634057,2018,4,13,"2018-04-13","16:21:00",3,"TX",48,0,1,0,0,0,0,33.22,-97.15,33.22,-97.15,0,0,0,0,0,121,0,0,0
634058,2018,4,13,"2018-04-13","16:21:00",3,"TX",48,0,1,0,0,0,0,33.45,-96.42,33.45,-96.42,0,0,0,0,0,181,0,0,0
634059,2018,4,13,"2018-04-13","16:24:00",3,"TX",48,0,0.88,0,0,0,0,33.18,-96.96,33.18,-96.96,0,0,0,0,0,121,0,0,0
634060,2018,4,13,"2018-04-13","16:25:00",3,"TX",48,0,0.88,0,0,0,0,33.56,-96.57,33.56,-96.57,0,0,0,0,0,181,0,0,0
634061,2018,4,13,"2018-04-13","16:28:00",3,"TX",48,0,1.75,0,0,0,0,33.6,-96.36,33.6,-96.36,0,0,0,0,0,147,0,0,0
634062,2018,4,13,"2018-04-13","16:30:00",3,"TX",48,0,1,0,0,0,0,33.23,-96.82,33.23,-96.82,0,0,0,0,0,85,0,0,0
634063,2018,4,13,"2018-04-13","16:31:00",3,"MO",29,0,1.5,0,0,0,0,36.51,-93.39,36.51,-93.39,0,0,0,0,0,209,0,0,0
634064,2018,4,13,"2018-04-13","16:33:00",3,"MO",29,0,0.88,0,0,0,0,40.54,-95.39,40.54,-95.39,0,0,0,0,0,5,0,0,0
634065,2018,4,13,"2018-04-13","16:35:00",3,"TX",48,0,0.75,0,0,0,0,33.19,-96.77,33.19,-96.77,0,0,0,0,0,85,0,0,0
634066,2018,4,13,"2018-04-13","16:35:00",3,"TX",48,0,0.75,0,0,0,0,33.2,-96.78,33.2,-96.78,0,0,0,0,0,85,0,0,0
634067,2018,4,13,"2018-04-13","16:37:00",3,"TX",48,0,1,0,0,0,0,33.15,-96.81,33.15,-96.81,0,0,0,0,0,85,0,0,0
634068,2018,4,13,"2018-04-13","16:37:00",3,"KS",20,0,1.5,0,0,0,0,38.74,-94.93,38.74,-94.93,0,0,0,0,0,91,0,0,0
634069,2018,4,13,"2018-04-13","16:39:00",3,"TX",48,0,0.75,0,0,0,0,32.57,-97.13,32.57,-97.13,0,0,0,0,0,439,0,0,0
634070,2018,4,13,"2018-04-13","16:40:00",3,"KS",20,0,0.75,0,0,0,0,38.72,-95,38.72,-95,0,0,0,0,0,121,0,0,0
634071,2018,4,13,"2018-04-13","16:46:00",3,"TX",48,0,0.88,0,0,0,0,33.15,-96.81,33.15,-96.81,0,0,0,0,0,85,0,0,0
634072,2018,4,13,"2018-04-13","16:48:00",3,"KS",20,0,1,0,0,0,0,38.8,-94.82,38.8,-94.82,0,0,0,0,0,91,0,0,0
634073,2018,4,13,"2018-04-13","16:49:00",3,"MO",29,0,1.75,0,0,0,0,36.53,-93.16,36.53,-93.16,0,0,0,0,0,213,0,0,0
634074,2018,4,13,"2018-04-13","16:49:00",3,"AR",5,0,2.5,0,0,0,0,36.45,-93.13,36.45,-93.13,0,0,0,0,0,9,0,0,0
634075,2018,4,13,"2018-04-13","16:50:00",3,"TX",48,0,1,0,0,0,0,33.24,-96.62,33.24,-96.62,0,0,0,0,0,85,0,0,0
634076,2018,4,13,"2018-04-13","16:50:00",3,"KS",20,0,1,0,0,0,0,38.84,-94.84,38.84,-94.84,0,0,0,0,0,91,0,0,0
634077,2018,4,13,"2018-04-13","16:51:00",3,"TX",48,0,1,0,0,0,0,33.2,-96.62,33.2,-96.62,0,0,0,0,0,85,0,0,0
634078,2018,4,13,"2018-04-13","16:55:00",3,"MO",29,0,2.5,0,0,0,0,36.61,-93.1,36.61,-93.1,0,0,0,0,0,213,0,0,0
634079,2018,4,13,"2018-04-13","16:55:00",3,"TX",48,0,1,0,0,0,0,33.59,-96.18,33.59,-96.18,0,0,0,0,0,147,0,0,0
634080,2018,4,13,"2018-04-13","16:55:00",3,"TX",48,0,1.5,0,0,0,0,33.6,-96.18,33.6,-96.18,0,0,0,0,0,147,0,0,0
634081,2018,4,13,"2018-04-13","16:55:00",3,"KS",20,0,1.25,0,0,0,0,38.81,-94.78,38.81,-94.78,0,0,0,0,0,91,0,0,0
634082,2018,4,13,"2018-04-13","16:55:00",3,"KS",20,0,1.25,0,0,0,0,38.86,-94.74,38.86,-94.74,0,0,0,0,0,91,0,0,0
634083,2018,4,13,"2018-04-13","16:55:00",3,"KS",20,0,2,0,0,0,0,38.85,-94.76,38.85,-94.76,0,0,0,0,0,91,0,0,0
634084,2018,4,13,"2018-04-13","17:00:00",3,"MO",29,0,1.5,0,0,10000,0,36.6,-93.07,36.6,-93.07,0,0,0,0,0,213,0,0,0
634085,2018,4,13,"2018-04-13","17:00:00",3,"KS",20,0,1.75,0,0,0,0,38.85,-94.74,38.85,-94.74,0,0,0,0,0,91,0,0,0
634086,2018,4,13,"2018-04-13","17:00:00",3,"KS",20,0,1.75,0,0,0,0,38.89,-94.72,38.89,-94.72,0,0,0,0,0,91,0,0,0
634087,2018,4,13,"2018-04-13","17:02:00",3,"MO",29,0,1.75,0,0,0,0,36.62,-93.16,36.62,-93.16,0,0,0,0,0,213,0,0,0
634088,2018,4,13,"2018-04-13","17:02:00",3,"KS",20,0,1.5,0,0,0,0,38.89,-94.68,38.89,-94.68,0,0,0,0,0,91,0,0,0
634089,2018,4,13,"2018-04-13","17:03:00",3,"TX",48,0,1,0,0,0,0,33.3,-96.4,33.3,-96.4,0,0,0,0,0,85,0,0,0
634090,2018,4,13,"2018-04-13","17:03:00",3,"KS",20,0,1,0,0,0,0,38.85,-94.76,38.85,-94.76,0,0,0,0,0,91,0,0,0
634091,2018,4,13,"2018-04-13","17:05:00",3,"IA",19,0,1,0,0,0,0,42.15,-94.47,42.15,-94.47,0,0,0,0,0,73,0,0,0
634092,2018,4,13,"2018-04-13","17:05:00",3,"TX",48,0,1,0,0,0,0,31.6453,-98.1448,31.6453,-98.1448,0,0,0,0,0,193,0,0,0
634093,2018,4,13,"2018-04-13","17:08:00",3,"TX",48,0,1,0,0,0,0,33.62,-96.22,33.62,-96.22,0,0,0,0,0,147,0,0,0
634094,2018,4,13,"2018-04-13","17:09:00",3,"AR",5,0,1,0,0,0,0,35.5,-93.9367,35.5,-93.9367,0,0,0,0,0,47,0,0,0
634095,2018,4,13,"2018-04-13","17:09:00",3,"TX",48,0,1,0,0,0,0,33.24,-96.62,33.24,-96.62,0,0,0,0,0,85,0,0,0
634096,2018,4,13,"2018-04-13","17:14:00",3,"TX",48,0,1.25,0,0,0,0,33.23,-96.61,33.23,-96.61,0,0,0,0,0,85,0,0,0
634097,2018,4,13,"2018-04-13","17:15:00",3,"IA",19,0,1.75,0,0,0,0,42.09,-94.38,42.09,-94.38,0,0,0,0,0,73,0,0,0
634098,2018,4,13,"2018-04-13","17:16:00",3,"TX",48,0,1.75,0,0,0,0,33.21,-96.61,33.21,-96.61,0,0,0,0,0,85,0,0,0
634099,2018,4,13,"2018-04-13","17:16:00",3,"TX",48,0,1,0,0,0,0,33.26,-96.62,33.26,-96.62,0,0,0,0,0,85,0,0,0
634100,2018,4,13,"2018-04-13","17:17:00",3,"TX",48,0,1,0,0,0,0,33.21,-96.6,33.21,-96.6,0,0,0,0,0,85,0,0,0
634101,2018,4,13,"2018-04-13","17:18:00",3,"MO",29,0,1.5,0,0,0,0,38.99,-94.59,38.99,-94.59,0,0,0,0,0,95,0,0,0
634102,2018,4,13,"2018-04-13","17:19:00",3,"KS",20,0,1,0,0,0,0,38.62,-95.27,38.62,-95.27,0,0,0,0,0,59,0,0,0
634103,2018,4,13,"2018-04-13","17:23:00",3,"IA",19,0,1.25,0,0,0,0,42.09,-94.38,42.09,-94.38,0,0,0,0,0,73,0,0,0
634104,2018,4,13,"2018-04-13","17:23:00",3,"IA",19,0,1,0,0,0,0,42.28,-94.33,42.28,-94.33,0,0,0,0,0,187,0,0,0
634105,2018,4,13,"2018-04-13","17:25:00",3,"MN",27,0,1,0,0,0,0,43.54,-95.65,43.54,-95.65,0,0,0,0,0,105,0,0,0
634106,2018,4,13,"2018-04-13","17:25:00",3,"TX",48,0,1.75,0,0,0,0,31.62,-97.87,31.62,-97.87,0,0,0,0,0,193,0,0,0
634107,2018,4,13,"2018-04-13","17:26:00",3,"MO",29,0,1,0,0,0,0,36.91,-92.8,36.91,-92.8,0,0,0,0,0,67,0,0,0
634108,2018,4,13,"2018-04-13","17:28:00",3,"IA",19,0,1,0,0,0,0,42.28,-94.29,42.28,-94.29,0,0,0,0,0,187,0,0,0
634109,2018,4,13,"2018-04-13","17:30:00",3,"TX",48,0,1.75,0,0,0,0,31.77,-97.83,31.77,-97.83,0,0,0,0,0,35,0,0,0
634110,2018,4,13,"2018-04-13","17:30:00",3,"TX",48,0,1,0,0,0,0,31.47,-97.99,31.47,-97.99,0,0,0,0,0,99,0,0,0
634111,2018,4,13,"2018-04-13","17:31:00",3,"IA",19,0,1,0,0,0,0,42.28,-94.17,42.28,-94.17,0,0,0,0,0,187,0,0,0
634112,2018,4,13,"2018-04-13","17:31:00",3,"TX",48,0,1,0,0,0,0,31.77,-97.88,31.77,-97.88,0,0,0,0,0,35,0,0,0
634113,2018,4,13,"2018-04-13","17:32:00",3,"IA",19,0,1.5,0,0,0,0,42.27,-94.27,42.27,-94.27,0,0,0,0,0,187,0,0,0
634114,2018,4,13,"2018-04-13","17:40:00",3,"IA",19,0,1.75,0,0,0,0,40.83,-95.3,40.83,-95.3,0,0,0,0,0,145,0,0,0
634115,2018,4,13,"2018-04-13","17:42:00",3,"IA",19,0,0.75,0,0,0,0,42.85,-91.4197,42.85,-91.4197,0,0,0,0,0,43,0,0,0
634116,2018,4,13,"2018-04-13","17:46:00",3,"IA",19,0,0.75,0,0,0,0,40.93,-94.99,40.93,-94.99,0,0,0,0,0,137,0,0,0
634117,2018,4,13,"2018-04-13","17:55:00",3,"KS",20,0,1,0,0,0,0,38.84,-94.97,38.84,-94.97,0,0,0,0,0,91,0,0,0
634118,2018,4,13,"2018-04-13","17:59:00",3,"TX",48,0,1,0,0,0,0,31.78,-97.58,31.78,-97.58,0,0,0,0,0,35,0,0,0
634119,2018,4,13,"2018-04-13","18:02:00",3,"TX",48,0,1,0,0,0,0,31.78,-97.6,31.78,-97.6,0,0,0,0,0,35,0,0,0
634120,2018,4,13,"2018-04-13","18:03:00",3,"MO",29,0,1,0,0,0,0,39.2,-94.68,39.2,-94.68,0,0,0,0,0,165,0,0,0
634121,2018,4,13,"2018-04-13","18:07:00",3,"MO",29,0,1,0,0,0,0,39.21,-94.68,39.21,-94.68,0,0,0,0,0,165,0,0,0
634122,2018,4,13,"2018-04-13","18:07:00",3,"KS",20,0,1,0,0,0,0,38.91,-94.84,38.91,-94.84,0,0,0,0,0,91,0,0,0
634123,2018,4,13,"2018-04-13","18:13:00",3,"TX",48,0,1,0,0,0,0,31.64,-97.55,31.64,-97.55,0,0,0,0,0,35,0,0,0
634124,2018,4,13,"2018-04-13","18:15:00",3,"KS",20,0,0.88,0,0,0,0,38.98,-94.87,38.98,-94.87,0,0,0,0,0,91,0,0,0
634125,2018,4,13,"2018-04-13","18:15:00",3,"TX",48,0,0.88,0,0,0,0,31.65,-97.32,31.65,-97.32,0,0,0,0,0,309,0,0,0
634126,2018,4,13,"2018-04-13","18:16:00",3,"TX",48,0,1,0,0,0,0,33.38,-96.25,33.38,-96.25,0,0,0,0,0,147,0,0,0
634127,2018,4,13,"2018-04-13","18:20:00",3,"TX",48,0,2,0,0,0,0,31.82,-97.3,31.82,-97.3,0,0,0,0,0,35,0,0,0
634128,2018,4,13,"2018-04-13","18:20:00",3,"TX",48,0,1,0,0,0,0,31.85,-97.37,31.85,-97.37,0,0,0,0,0,35,0,0,0
634129,2018,4,13,"2018-04-13","18:20:00",3,"TX",48,0,0.88,0,0,0,0,32.01,-97.33,32.01,-97.33,0,0,0,0,0,217,0,0,0
634130,2018,4,13,"2018-04-13","18:21:00",3,"TX",48,0,1.5,0,0,0,0,31.65,-97.32,31.65,-97.32,0,0,0,0,0,309,0,0,0
634131,2018,4,13,"2018-04-13","18:23:00",3,"TX",48,0,1,0,0,0,0,31.85,-97.22,31.85,-97.22,0,0,0,0,0,217,0,0,0
634132,2018,4,13,"2018-04-13","18:25:00",3,"IA",19,0,0.88,0,0,0,0,42.27,-93.93,42.27,-93.93,0,0,0,0,0,79,0,0,0
634133,2018,4,13,"2018-04-13","18:25:00",3,"TX",48,0,2,0,0,0,0,31.8,-97.28,31.8,-97.28,0,0,0,0,0,217,0,0,0
634134,2018,4,13,"2018-04-13","18:25:00",3,"TX",48,0,1.75,0,0,0,0,31.53,-97.45,31.53,-97.45,0,0,0,0,0,309,0,0,0
634135,2018,4,13,"2018-04-13","18:27:00",3,"TX",48,0,1,0,0,0,0,31.81,-97.24,31.81,-97.24,0,0,0,0,0,217,0,0,0
634136,2018,4,13,"2018-04-13","18:33:00",3,"IA",19,0,0.88,0,0,0,0,40.73,-94.82,40.73,-94.82,0,0,0,0,0,173,0,0,0
634137,2018,4,13,"2018-04-13","18:36:00",3,"TX",48,0,0.88,0,0,0,0,31.78,-97.16,31.78,-97.16,0,0,0,0,0,309,0,0,0
634138,2018,4,13,"2018-04-13","18:41:00",3,"IA",19,0,1,0,0,0,0,40.76,-94.74,40.76,-94.74,0,0,0,0,0,173,0,0,0
634139,2018,4,13,"2018-04-13","18:45:00",3,"TX",48,0,1,0,0,0,0,31.92,-97.08,31.92,-97.08,0,0,0,0,0,217,0,0,0
634140,2018,4,13,"2018-04-13","18:54:00",3,"TX",48,0,0.88,0,0,0,0,31.55,-97.15,31.55,-97.15,0,0,0,0,0,309,0,0,0
634141,2018,4,13,"2018-04-13","18:54:00",3,"TX",48,0,0.75,0,0,0,0,31.67,-97.1,31.67,-97.1,0,0,0,0,0,309,0,0,0
634142,2018,4,13,"2018-04-13","18:56:00",3,"IA",19,0,1,0,0,0,0,42.98,-92.87,42.98,-92.87,0,0,0,0,0,67,0,0,0
634143,2018,4,13,"2018-04-13","18:56:00",3,"IA",19,0,1,0,0,0,0,40.86,-94.64,40.86,-94.64,0,0,0,0,0,173,0,0,0
634144,2018,4,13,"2018-04-13","18:56:00",3,"TX",48,0,1.75,0,0,0,0,31.62,-97.1,31.62,-97.1,0,0,0,0,0,309,0,0,0
634145,2018,4,13,"2018-04-13","18:57:00",3,"TX",48,0,0.88,0,0,0,0,31.62,-97.15,31.62,-97.15,0,0,0,0,0,309,0,0,0
634146,2018,4,13,"2018-04-13","18:59:00",3,"TX",48,0,1.75,0,0,0,0,31.58,-97.08,31.58,-97.08,0,0,0,0,0,309,0,0,0
634147,2018,4,13,"2018-04-13","19:00:00",3,"TX",48,0,2,0,0,10000,0,31.55,-97.15,31.55,-97.15,0,0,0,0,0,309,0,0,0
634148,2018,4,13,"2018-04-13","19:00:00",3,"TX",48,0,0.88,0,0,0,0,31.62,-97.1,31.62,-97.1,0,0,0,0,0,309,0,0,0
634149,2018,4,13,"2018-04-13","19:07:00",3,"IA",19,0,0.75,0,0,0,0,42.96,-92.87,42.96,-92.87,0,0,0,0,0,67,0,0,0
634150,2018,4,13,"2018-04-13","19:10:00",3,"TX",48,0,0.75,0,0,0,0,31.68,-96.99,31.68,-96.99,0,0,0,0,0,309,0,0,0
634151,2018,4,13,"2018-04-13","19:11:00",3,"IA",19,0,1,0,0,0,0,40.88,-94.56,40.88,-94.56,0,0,0,0,0,173,0,0,0
634152,2018,4,13,"2018-04-13","19:11:00",3,"TX",48,0,1.75,0,0,0,0,31.62,-97.03,31.62,-97.03,0,0,0,0,0,309,0,0,0
634153,2018,4,13,"2018-04-13","19:14:00",3,"TX",48,0,0.88,0,0,0,0,31.67,-96.97,31.67,-96.97,0,0,0,0,0,309,0,0,0
634154,2018,4,13,"2018-04-13","19:16:00",3,"TX",48,0,1.75,0,0,0,0,31.85,-96.8,31.85,-96.8,0,0,0,0,0,217,0,0,0
634155,2018,4,13,"2018-04-13","19:21:00",3,"TX",48,0,0.75,0,0,0,0,31.88,-96.72,31.88,-96.72,0,0,0,0,0,349,0,0,0
634156,2018,4,13,"2018-04-13","19:22:00",3,"TX",48,0,1,0,0,0,0,30.96,-98.12,30.96,-98.12,0,0,0,0,0,53,0,0,0
634157,2018,4,13,"2018-04-13","19:23:00",3,"MO",29,0,1,0,0,0,0,39.4162,-94.7891,39.4162,-94.7891,0,0,0,0,0,165,0,0,0
634158,2018,4,13,"2018-04-13","19:25:00",3,"TX",48,0,0.88,0,0,0,0,30.94,-98.02,30.94,-98.02,0,0,0,0,0,53,0,0,0
634159,2018,4,13,"2018-04-13","19:29:00",3,"TX",48,0,1,0,0,0,0,32.02,-96.57,32.02,-96.57,0,0,0,0,0,349,0,0,0
634160,2018,4,13,"2018-04-13","19:30:00",3,"IA",19,0,1,0,0,0,0,43.07,-92.38,43.07,-92.38,0,0,0,0,0,37,0,0,0
634161,2018,4,13,"2018-04-13","19:35:00",3,"TX",48,0,0.88,0,0,0,0,32.13,-96.51,32.13,-96.51,0,0,0,0,0,349,0,0,0
634162,2018,4,13,"2018-04-13","19:42:00",3,"TX",48,0,0.75,0,0,0,0,32.11,-96.48,32.11,-96.48,0,0,0,0,0,349,0,0,0
634163,2018,4,13,"2018-04-13","19:48:00",3,"TX",48,0,0.88,0,0,0,0,31.68,-96.62,31.68,-96.62,0,0,0,0,0,293,0,0,0
634164,2018,4,13,"2018-04-13","19:50:00",3,"TX",48,0,0.75,0,0,0,0,31.13,-97.73,31.13,-97.73,0,0,0,0,0,27,0,0,0
634165,2018,4,13,"2018-04-13","20:01:00",3,"TX",48,0,1,0,0,0,0,31.06,-97.65,31.06,-97.65,0,0,0,0,0,27,0,0,0
634166,2018,4,13,"2018-04-13","20:08:00",3,"IA",19,0,1,0,0,0,0,43.37,-92.12,43.37,-92.12,0,0,0,0,0,89,0,0,0
634167,2018,4,13,"2018-04-13","20:15:00",3,"AR",5,0,1,0,0,0,0,35.59,-92.46,35.59,-92.46,0,0,0,0,0,141,0,0,0
634168,2018,4,13,"2018-04-13","20:20:00",3,"TX",48,0,0.75,0,0,0,0,32.33,-96.14,32.33,-96.14,0,0,0,0,0,213,0,0,0
634169,2018,4,13,"2018-04-13","20:38:00",3,"TX",48,0,1,0,0,0,0,30.58,-98.27,30.58,-98.27,0,0,0,0,0,53,0,0,0
634170,2018,4,13,"2018-04-13","20:42:00",3,"AR",5,0,1,0,0,0,0,35.11,-92.47,35.11,-92.47,0,0,0,0,0,45,0,0,0
634171,2018,4,13,"2018-04-13","21:11:00",3,"TX",48,0,1,0,0,0,0,30.64,-97.67,30.64,-97.67,0,0,0,0,0,491,0,0,0
634172,2018,4,13,"2018-04-13","21:21:00",3,"TX",48,0,1,0,0,0,0,32.2716,-95.3071,32.2716,-95.3071,0,0,0,0,0,423,0,0,0
634173,2018,4,13,"2018-04-13","21:32:00",3,"TX",48,0,1.75,0,0,0,0,32.2848,-95.25,32.2848,-95.25,0,0,0,0,0,423,0,0,0
634174,2018,4,13,"2018-04-13","21:52:00",3,"TX",48,0,1,0,0,0,0,32.4057,-94.8664,32.4057,-94.8664,0,0,0,0,0,183,0,0,0
634175,2018,4,13,"2018-04-13","22:30:00",3,"TX",48,0,1,0,0,0,0,29.57,-98.26,29.57,-98.26,0,0,0,0,0,187,0,0,0
634176,2018,4,13,"2018-04-13","22:49:00",3,"TX",48,0,1,0,0,0,0,29.56,-98.31,29.56,-98.31,0,0,0,0,0,29,0,0,0
634177,2018,4,13,"2018-04-13","22:57:00",3,"TX",48,0,1,0,0,0,0,29.5,-98.32,29.5,-98.32,0,0,0,0,0,29,0,0,0
634178,2018,4,13,"2018-04-13","23:05:00",3,"TX",48,0,0.88,0,0,0,0,29.61,-98.04,29.61,-98.04,0,0,0,0,0,187,0,0,0
634179,2018,4,15,"2018-04-15","10:10:00",3,"SC",45,0,0.88,0,0,0,0,34.22,-82.12,34.22,-82.12,0,0,0,0,0,47,0,0,0
634180,2018,4,15,"2018-04-15","10:45:00",3,"SC",45,0,1,0,0,0,0,34.66,-81.97,34.66,-81.97,0,0,0,0,0,83,0,0,0
634181,2018,4,15,"2018-04-15","12:45:00",3,"NC",37,0,1.25,0,0,0,0,36.49,-80.81,36.49,-80.81,0,0,0,0,0,171,0,0,0
634182,2018,4,15,"2018-04-15","12:48:00",3,"NC",37,0,1.75,0,0,0,0,36.5,-80.72,36.5,-80.72,0,0,0,0,0,171,0,0,0
634183,2018,4,15,"2018-04-15","13:01:00",3,"VA",51,0,2.5,0,0,0,0,36.6829,-80.6963,36.6829,-80.6963,0,0,0,0,0,35,0,0,0
634184,2018,4,15,"2018-04-15","13:03:00",3,"SC",45,0,1.75,0,0,0,0,35.15,-81.11,35.114,-81.062,0,0,0,0,0,91,0,0,0
634185,2018,4,15,"2018-04-15","13:06:00",3,"VA",51,0,2.5,0,0,0,0,36.77,-80.73,36.77,-80.73,0,0,0,0,0,35,0,0,0
634186,2018,4,15,"2018-04-15","13:15:00",3,"NC",37,0,2,0,0,0,0,35.204,-81.033,35.241,-81.036,0,0,0,0,0,71,0,0,0
634187,2018,4,15,"2018-04-15","13:27:00",3,"NC",37,0,1,0,0,0,0,35.39,-80.92,35.39,-80.92,0,0,0,0,0,119,0,0,0
634188,2018,4,15,"2018-04-15","14:02:00",3,"VA",51,0,1,0,0,0,0,36.77,-80.29,36.77,-80.29,0,0,0,0,0,141,0,0,0
634189,2018,4,15,"2018-04-15","14:09:00",3,"VA",51,0,1,0,0,0,0,36.92,-80.32,36.92,-80.32,0,0,0,0,0,63,0,0,0
634190,2018,4,15,"2018-04-15","14:23:00",3,"NC",37,0,1.25,0,0,0,0,36.09,-80.41,36.09,-80.41,0,0,0,0,0,67,0,0,0
634191,2018,4,15,"2018-04-15","14:33:00",3,"VA",51,0,1,0,0,0,0,36.97,-80.4,36.97,-80.4,0,0,0,0,0,63,0,0,0
634192,2018,4,15,"2018-04-15","14:51:00",3,"FL",12,0,0.75,0,0,0,0,27.6461,-80.4466,27.6461,-80.4466,0,0,0,0,0,61,0,0,0
634193,2018,4,16,"2018-04-16","08:20:00",3,"CA",6,0,0.25,0,0,0,0,37.78,-122.22,37.78,-122.22,0,0,0,0,0,1,0,0,0
634194,2018,4,16,"2018-04-16","08:35:00",3,"CA",6,0,0.25,0,0,0,0,37.78,-122.1834,37.78,-122.1834,0,0,0,0,0,1,0,0,0
634195,2018,4,16,"2018-04-16","09:35:00",3,"CA",6,0,0.25,0,0,0,0,37.87,-122.27,37.87,-122.27,0,0,0,0,0,1,0,0,0
634196,2018,4,16,"2018-04-16","09:40:00",3,"CA",6,0,0.25,0,0,0,0,36.55,-121.92,36.55,-121.92,0,0,0,0,0,53,0,0,0
634197,2018,4,16,"2018-04-16","09:56:00",3,"CA",6,0,0.25,0,0,0,0,37.88,-122.17,37.88,-122.17,0,0,0,0,0,13,0,0,0
634198,2018,4,16,"2018-04-16","09:58:00",3,"CA",6,0,0.25,0,0,0,0,36.5928,-121.8558,36.5928,-121.8558,0,0,0,0,0,53,0,0,0
634199,2018,4,16,"2018-04-16","10:00:00",3,"CA",6,0,0.25,0,0,0,0,37.78,-122.22,37.78,-122.22,0,0,0,0,0,1,0,0,0
634200,2018,4,16,"2018-04-16","10:16:00",3,"CA",6,0,0.25,0,0,0,0,37.3354,-121.8824,37.3354,-121.8824,0,0,0,0,0,85,0,0,0
634201,2018,4,16,"2018-04-16","11:06:00",3,"CA",6,0,0.25,0,0,0,0,36.63,-121.93,36.63,-121.93,0,0,0,0,0,53,0,0,0
634202,2018,4,16,"2018-04-16","11:15:00",3,"CA",6,0,0.25,0,0,0,0,36.6,-121.83,36.6,-121.83,0,0,0,0,0,53,0,0,0
634203,2018,4,16,"2018-04-16","11:27:00",3,"CA",6,0,0.25,0,0,0,0,37.92,-122.55,37.92,-122.55,0,0,0,0,0,41,0,0,0
634204,2018,4,16,"2018-04-16","14:40:00",3,"CA",6,0,0.25,0,0,0,0,37.9465,-121.9905,37.9465,-121.9905,0,0,0,0,0,13,0,0,0
634205,2018,4,16,"2018-04-16","18:20:00",3,"CA",6,0,0.25,0,0,0,0,37.1612,-121.9023,37.1612,-121.9023,0,0,0,0,0,85,0,0,0
634206,2018,4,16,"2018-04-16","18:23:00",3,"CA",6,0,0.25,0,0,0,0,37.2149,-122.0563,37.2149,-122.0563,0,0,0,0,0,87,0,0,0
634207,2018,4,18,"2018-04-18","03:50:00",3,"IA",19,0,1,0,0,0,0,42.5,-94.04,42.5,-94.04,0,0,0,0,0,187,0,0,0
634208,2018,4,18,"2018-04-18","04:00:00",3,"IA",19,0,1,0,0,0,0,42.36,-94.05,42.36,-94.05,0,0,0,0,0,187,0,0,0
634209,2018,4,18,"2018-04-18","04:37:00",3,"IA",19,0,1,0,0,0,0,42.52,-93.38,42.52,-93.38,0,0,0,0,0,83,0,0,0
634210,2018,4,21,"2018-04-21","09:00:00",3,"TX",48,0,0.75,0,0,0,0,33.37,-97.25,33.37,-97.25,0,0,0,0,0,121,0,0,0
634211,2018,4,21,"2018-04-21","15:00:00",3,"TX",48,0,1,0,0,0,0,32.93,-98.28,32.93,-98.28,0,0,0,0,0,363,0,0,0
634212,2018,4,21,"2018-04-21","15:06:00",3,"TX",48,0,1,0,0,0,0,32.94,-98.15,32.94,-98.15,0,0,0,0,0,363,0,0,0
634213,2018,4,21,"2018-04-21","15:09:00",3,"TX",48,0,1.25,0,0,0,0,32.91,-98.23,32.91,-98.23,0,0,0,0,0,363,0,0,0
634214,2018,4,21,"2018-04-21","15:34:00",3,"TX",48,0,1,0,0,0,0,32.87,-97.85,32.87,-97.85,0,0,0,0,0,367,0,0,0
634215,2018,4,21,"2018-04-21","15:49:00",3,"TX",48,0,0.75,0,0,0,0,32.8,-98.1,32.8,-98.1,0,0,0,0,0,363,0,0,0
634216,2018,4,21,"2018-04-21","15:50:00",3,"TX",48,0,1,0,0,0,0,32.8,-98.1,32.8,-98.1,0,0,0,0,0,363,0,0,0
634217,2018,4,21,"2018-04-21","15:54:00",3,"TX",48,0,0.88,0,0,0,0,32.84,-97.8,32.84,-97.8,0,0,0,0,0,367,0,0,0
634218,2018,4,21,"2018-04-21","16:01:00",3,"TX",48,0,0.75,0,0,0,0,32.72,-98.43,32.72,-98.43,0,0,0,0,0,363,0,0,0
634219,2018,4,21,"2018-04-21","16:02:00",3,"TX",48,0,0.75,0,0,0,0,32.68,-98.05,32.68,-98.05,0,0,0,0,0,367,0,0,0
634220,2018,4,21,"2018-04-21","16:08:00",3,"TX",48,0,1.25,0,0,0,0,32.8,-97.6,32.8,-97.6,0,0,0,0,0,367,0,0,0
634221,2018,4,21,"2018-04-21","16:26:00",3,"TX",48,0,1.75,0,0,0,0,32.63,-97.8,32.63,-97.8,0,0,0,0,0,367,0,0,0
634222,2018,4,21,"2018-04-21","16:26:00",3,"TX",48,0,1.25,0,0,0,0,32.65,-97.86,32.65,-97.86,0,0,0,0,0,367,0,0,0
634223,2018,4,21,"2018-04-21","16:29:00",3,"TX",48,0,1.75,0,0,0,0,32.63,-97.8,32.63,-97.8,0,0,0,0,0,367,0,0,0
634224,2018,4,21,"2018-04-21","16:56:00",3,"TX",48,0,0.88,0,0,0,0,32.27,-97.92,32.27,-97.92,0,0,0,0,0,221,0,0,0
634225,2018,4,21,"2018-04-21","16:59:00",3,"TX",48,0,0.88,0,0,0,0,32.82,-97.31,32.82,-97.31,0,0,0,0,0,439,0,0,0
634226,2018,4,21,"2018-04-21","17:08:00",3,"TX",48,0,2,0,0,10000,0,32.32,-97.75,32.32,-97.75,0,0,0,0,0,425,0,0,0
634227,2018,4,21,"2018-04-21","17:10:00",3,"TX",48,0,0.75,0,0,0,0,32.83,-97.25,32.83,-97.25,0,0,0,0,0,439,0,0,0
634228,2018,4,21,"2018-04-21","17:11:00",3,"TX",48,0,1,0,0,0,0,32.83,-97.25,32.83,-97.25,0,0,0,0,0,439,0,0,0
634229,2018,4,21,"2018-04-21","17:15:00",3,"TX",48,0,0.75,0,0,0,0,32.82,-97.15,32.82,-97.15,0,0,0,0,0,439,0,0,0
634230,2018,4,21,"2018-04-21","17:30:00",3,"TX",48,0,0.75,0,0,0,0,32.27,-97.41,32.27,-97.41,0,0,0,0,0,251,0,0,0
634231,2018,4,21,"2018-04-21","17:43:00",3,"TX",48,0,0.88,0,0,0,0,32.23,-97.47,32.23,-97.47,0,0,0,0,0,251,0,0,0
634232,2018,4,21,"2018-04-21","17:43:00",3,"TX",48,0,0.88,0,0,0,0,32.27,-97.32,32.27,-97.32,0,0,0,0,0,251,0,0,0
634233,2018,4,21,"2018-04-21","17:47:00",3,"TX",48,0,0.75,0,0,0,0,32.28,-97.41,32.28,-97.41,0,0,0,0,0,251,0,0,0
634234,2018,4,21,"2018-04-21","17:54:00",3,"TX",48,0,1,0,0,0,0,32.23,-97.38,32.23,-97.38,0,0,0,0,0,251,0,0,0
634235,2018,4,21,"2018-04-21","18:12:00",3,"TX",48,0,1.5,0,0,0,0,32.48,-96.98,32.48,-96.98,0,0,0,0,0,139,0,0,0
634236,2018,4,21,"2018-04-21","18:18:00",3,"TX",48,0,1,0,0,0,0,32.53,-96.88,32.53,-96.88,0,0,0,0,0,139,0,0,0
634237,2018,4,21,"2018-04-21","18:24:00",3,"TX",48,0,1,0,0,0,0,32.48,-96.98,32.48,-96.98,0,0,0,0,0,139,0,0,0
634238,2018,4,21,"2018-04-21","18:26:00",3,"TX",48,0,1.25,0,0,0,0,32.48,-96.98,32.48,-96.98,0,0,0,0,0,139,0,0,0
634239,2018,4,21,"2018-04-21","18:30:00",3,"TX",48,0,1,0,0,0,0,32.4,-96.85,32.4,-96.85,0,0,0,0,0,139,0,0,0
634240,2018,4,21,"2018-04-21","18:30:00",3,"TX",48,0,1,0,0,0,0,32.46,-96.85,32.46,-96.85,0,0,0,0,0,139,0,0,0
634241,2018,4,22,"2018-04-22","19:35:00",3,"GA",13,0,0.88,0,0,0,0,31.04,-83.14,31.04,-83.14,0,0,0,0,0,173,0,0,0
634242,2018,4,23,"2018-04-23","15:42:00",3,"TN",47,0,1,0,0,0,0,36.44,-86.97,36.44,-86.97,0,0,0,0,0,147,0,0,0
634243,2018,4,23,"2018-04-23","16:06:00",3,"GA",13,0,1,0,0,0,0,32.5921,-82.3078,32.5921,-82.3078,0,0,0,0,0,107,0,0,0
634244,2018,4,24,"2018-04-24","12:25:00",3,"FL",12,0,1,0,0,0,0,27.07,-80.14,27.07,-80.14,0,0,0,0,0,85,0,0,0
634245,2018,4,24,"2018-04-24","13:10:00",3,"FL",12,0,1.75,0,0,0,0,26.98,-80.11,26.98,-80.11,0,0,0,0,0,85,0,0,0
634246,2018,4,24,"2018-04-24","13:46:00",3,"FL",12,0,0.75,0,0,0,0,26.5848,-80.0683,26.5848,-80.0683,0,0,0,0,0,99,0,0,0
634247,2018,4,24,"2018-04-24","13:59:00",3,"NC",37,0,1,0,0,0,0,34.9095,-79.1594,34.9095,-79.1594,0,0,0,0,0,93,0,0,0
634248,2018,4,24,"2018-04-24","18:10:00",3,"TX",48,0,1,0,0,0,0,33.6672,-101.575,33.6672,-101.575,0,0,0,0,0,303,0,0,0
634249,2018,4,25,"2018-04-25","16:55:00",3,"TX",48,0,1,0,0,0,0,28.04,-99.24,28.04,-99.24,0,0,0,0,0,283,0,0,0
634250,2018,4,26,"2018-04-26","19:12:00",3,"GA",13,0,0.75,0,0,0,0,34.58,-83.32,34.58,-83.32,0,0,0,0,0,257,0,0,0
634251,2018,4,26,"2018-04-26","19:57:00",3,"SC",45,0,0.88,0,0,0,0,34.6,-83.03,34.646,-82.933,0,0,0,0,0,73,0,0,0
634252,2018,4,27,"2018-04-27","13:00:00",3,"FL",12,0,0.75,0,0,0,0,26.24,-80.25,26.24,-80.25,0,0,0,0,0,11,0,0,0
634253,2018,4,29,"2018-04-29","15:17:00",3,"NM",35,0,0.88,0,0,0,0,34.41,-103.2,34.41,-103.2,0,0,0,0,0,9,0,0,0
634254,2018,4,29,"2018-04-29","15:21:00",3,"NM",35,0,0.75,0,0,0,0,34.41,-103.2,34.41,-103.2,0,0,0,0,0,9,0,0,0
634255,2018,4,29,"2018-04-29","15:26:00",3,"NM",35,0,1,0,0,0,0,34.41,-103.2,34.41,-103.2,0,0,0,0,0,9,0,0,0
634256,2018,4,29,"2018-04-29","15:30:00",3,"NM",35,0,1.5,0,0,0,0,34.41,-103.2,34.41,-103.2,0,0,0,0,0,9,0,0,0
634257,2018,4,29,"2018-04-29","15:45:00",3,"NM",35,0,1.5,0,0,0,0,34.4501,-103.1799,34.4501,-103.1799,0,0,0,0,0,9,0,0,0
634258,2018,4,29,"2018-04-29","16:01:00",3,"NM",35,0,1.25,0,0,0,0,34.41,-103.2,34.41,-103.2,0,0,0,0,0,9,0,0,0
634259,2018,4,29,"2018-04-29","16:03:00",3,"MT",30,0,0.88,0,0,0,0,45.25,-105.32,45.25,-105.32,0,0,0,0,0,75,0,0,0
634260,2018,4,29,"2018-04-29","16:06:00",3,"NM",35,0,1,0,0,0,0,34.41,-103.2,34.41,-103.2,0,0,0,0,0,9,0,0,0
634261,2018,4,29,"2018-04-29","16:10:00",3,"MT",30,0,0.75,0,0,0,0,45.5,-106.31,45.5,-106.31,0,0,0,0,0,87,0,0,0
634262,2018,4,29,"2018-04-29","16:11:00",3,"NM",35,0,2,0,0,0,0,34.45,-103.18,34.45,-103.18,0,0,0,0,0,9,0,0,0
634263,2018,4,29,"2018-04-29","16:11:00",3,"NM",35,0,1.25,0,0,0,0,34.41,-103.2,34.41,-103.2,0,0,0,0,0,9,0,0,0
634264,2018,4,29,"2018-04-29","16:20:00",3,"MT",30,0,1.75,0,0,0,0,45.63,-105.76,45.63,-105.76,0,0,0,0,0,75,0,0,0
634265,2018,4,29,"2018-04-29","16:20:00",3,"KS",20,0,1.5,0,0,0,0,39.2193,-101.8485,39.2193,-101.8485,0,0,0,0,0,181,0,0,0
634266,2018,4,29,"2018-04-29","16:25:00",3,"MT",30,0,0.75,0,0,0,0,45.61,-106.28,45.61,-106.28,0,0,0,0,0,87,0,0,0
634267,2018,4,29,"2018-04-29","16:25:00",3,"NM",35,0,1.75,0,0,2000,0,34.43,-103.18,34.43,-103.18,0,0,0,0,0,9,0,0,0
634268,2018,4,29,"2018-04-29","16:29:00",3,"MT",30,0,1,0,0,0,0,45.59,-106.27,45.59,-106.27,0,0,0,0,0,87,0,0,0
634269,2018,4,29,"2018-04-29","16:30:00",3,"MT",30,0,1,0,0,0,0,45.62,-106.29,45.62,-106.29,0,0,0,0,0,87,0,0,0
634270,2018,4,29,"2018-04-29","16:50:00",3,"MT",30,0,0.75,0,0,0,0,45.8,-105.26,45.8,-105.26,0,0,0,0,0,17,0,0,0
634271,2018,4,29,"2018-04-29","16:50:00",3,"TX",48,0,0.88,0,0,0,0,35.68,-102.65,35.68,-102.65,0,0,0,0,0,205,0,0,0
634272,2018,4,29,"2018-04-29","16:55:00",3,"TX",48,0,1,0,0,0,0,34.54,-102.97,34.54,-102.97,0,0,0,0,0,369,0,0,0
634273,2018,4,29,"2018-04-29","16:59:00",3,"KS",20,0,2,0,0,0,0,39.3499,-101.713,39.3499,-101.713,0,0,0,0,0,181,0,0,0
634274,2018,4,29,"2018-04-29","17:00:00",3,"SD",46,0,1,0,0,0,0,43.61,-103.59,43.61,-103.59,0,0,0,0,0,33,0,0,0
634275,2018,4,29,"2018-04-29","17:05:00",3,"TX",48,0,1.75,0,0,0,0,30.2,-103.25,30.2,-103.25,0,0,0,0,0,43,0,0,0
634276,2018,4,29,"2018-04-29","17:35:00",3,"SD",46,0,0.75,0,0,0,0,43.69,-103.2901,43.69,-103.2901,0,0,0,0,0,33,0,0,0
634277,2018,4,29,"2018-04-29","17:55:00",3,"TX",48,0,1,0,0,0,0,30.2,-103.25,30.2,-103.25,0,0,0,0,0,43,0,0,0
634278,2018,4,29,"2018-04-29","18:35:00",3,"TX",48,0,1.5,0,0,0,0,30.3802,-103.6581,30.3802,-103.6581,0,0,0,0,0,43,0,0,0
634279,2018,4,29,"2018-04-29","18:41:00",3,"KS",20,0,0.88,0,0,0,0,37.65,-101.56,37.65,-101.56,0,0,0,0,0,187,0,0,0
634280,2018,4,29,"2018-04-29","18:45:00",3,"TX",48,0,1,0,0,0,0,34.23,-102.73,34.23,-102.73,0,0,0,0,0,17,0,0,0
634281,2018,4,29,"2018-04-29","18:45:00",3,"TX",48,0,1.75,0,0,0,0,30.3967,-103.6572,30.3967,-103.6572,0,0,0,0,0,43,0,0,0
634282,2018,4,29,"2018-04-29","18:53:00",3,"KS",20,0,1.5,0,0,0,0,37.68,-101.49,37.68,-101.49,0,0,0,0,0,67,0,0,0
634283,2018,4,29,"2018-04-29","18:55:00",3,"KS",20,0,1,0,0,0,0,37.63,-101.51,37.63,-101.51,0,0,0,0,0,67,0,0,0
634284,2018,4,29,"2018-04-29","19:17:00",3,"KS",20,0,1.5,0,0,0,0,37.68,-101.49,37.68,-101.49,0,0,0,0,0,67,0,0,0
634285,2018,4,29,"2018-04-29","19:22:00",3,"KS",20,0,1,0,0,0,0,37.77,-101.44,37.77,-101.44,0,0,0,0,0,93,0,0,0
634286,2018,4,30,"2018-04-30","16:10:00",3,"TX",48,0,0.88,0,0,0,0,30.88,-102.87,30.88,-102.87,0,0,0,0,0,371,0,0,0
634287,2018,4,30,"2018-04-30","16:21:00",3,"TX",48,0,1,0,0,0,0,30.88,-102.87,30.88,-102.87,0,0,0,0,0,371,0,0,0
634288,2018,4,30,"2018-04-30","16:55:00",3,"NE",31,0,1,0,0,0,0,41.24,-100.25,41.24,-100.25,0,0,0,0,0,111,0,0,0
634289,2018,4,30,"2018-04-30","17:08:00",3,"TX",48,0,1,0,0,0,0,33.86,-100.84,33.86,-100.84,0,0,0,0,0,345,0,0,0
634290,2018,4,30,"2018-04-30","17:13:00",3,"TX",48,0,1.5,0,0,0,0,34.55,-100.58,34.55,-100.58,0,0,0,0,0,191,0,0,0
634291,2018,4,30,"2018-04-30","17:19:00",3,"TX",48,0,1,0,0,0,0,34.49,-100.51,34.49,-100.51,0,0,0,0,0,191,0,0,0
634292,2018,4,30,"2018-04-30","17:20:00",3,"NE",31,0,1,0,0,0,0,41.77,-99.73,41.77,-99.73,0,0,0,0,0,9,0,0,0
634293,2018,4,30,"2018-04-30","17:28:00",3,"NE",31,0,1,0,0,0,0,41.53,-99.94,41.53,-99.94,0,0,0,0,0,41,0,0,0
634294,2018,4,30,"2018-04-30","17:50:00",3,"TX",48,0,1,0,0,0,0,34.02,-100.82,34.02,-100.82,0,0,0,0,0,345,0,0,0
634295,2018,4,30,"2018-04-30","18:09:00",3,"NE",31,0,1,0,0,0,0,42.16,-99.06,42.16,-99.06,0,0,0,0,0,89,0,0,0
634296,2018,4,30,"2018-04-30","18:18:00",3,"KS",20,0,1,0,0,0,0,37.95,-100.86,37.95,-100.86,0,0,0,0,0,55,0,0,0
634297,2018,4,30,"2018-04-30","18:30:00",3,"KS",20,0,1,0,0,0,0,38.04,-100.74,38.04,-100.74,0,0,0,0,0,55,0,0,0
634298,2018,4,30,"2018-04-30","18:32:00",3,"NE",31,0,1,0,0,0,0,42.59,-98.65,42.59,-98.65,0,0,0,0,0,89,0,0,0
634299,2018,4,30,"2018-04-30","18:35:00",3,"NE",31,0,1,0,0,0,0,42.67,-98.53,42.67,-98.53,0,0,0,0,0,89,0,0,0
634300,2018,4,30,"2018-04-30","18:53:00",3,"NE",31,0,1.25,0,0,0,0,41.41,-99.64,41.41,-99.64,0,0,0,0,0,41,0,0,0
634301,2018,4,30,"2018-04-30","18:53:00",3,"NE",31,0,1,0,0,0,0,41.91,-99.13,41.91,-99.13,0,0,0,0,0,71,0,0,0
634302,2018,4,30,"2018-04-30","18:55:00",3,"NE",31,0,1.25,0,0,0,0,41.41,-99.64,41.41,-99.64,0,0,0,0,0,41,0,0,0
634303,2018,4,30,"2018-04-30","18:58:00",3,"NE",31,0,1.75,0,0,0,0,42.85,-98.44,42.85,-98.44,0,0,0,0,0,15,0,0,0
634304,2018,4,30,"2018-04-30","19:08:00",3,"NE",31,0,1,0,0,0,0,41.41,-99.64,41.41,-99.64,0,0,0,0,0,41,0,0,0
634305,2018,4,30,"2018-04-30","19:12:00",3,"NE",31,0,1,0,0,0,0,41.64,-99.37,41.64,-99.37,0,0,0,0,0,41,0,0,0
634306,2018,4,30,"2018-04-30","19:15:00",3,"NE",31,0,1,0,0,0,0,41.59,-99.44,41.59,-99.44,0,0,0,0,0,41,0,0,0
634307,2018,4,30,"2018-04-30","19:19:00",3,"NE",31,0,1.25,0,0,0,0,41.41,-99.62,41.41,-99.62,0,0,0,0,0,41,0,0,0
634308,2018,4,30,"2018-04-30","19:23:00",3,"SD",46,0,1,0,0,0,0,43.04,-98.11,43.04,-98.11,0,0,0,0,0,23,0,0,0
634309,2018,4,30,"2018-04-30","19:32:00",3,"NE",31,0,1.5,0,0,0,0,41.47,-99.45,41.47,-99.45,0,0,0,0,0,41,0,0,0
634310,2018,4,30,"2018-04-30","19:41:00",3,"NE",31,0,1,0,0,0,0,41.52,-99.49,41.52,-99.49,0,0,0,0,0,41,0,0,0
634311,2018,4,30,"2018-04-30","19:49:00",3,"NE",31,0,1,0,0,0,0,41.57,-99.37,41.57,-99.37,0,0,0,0,0,41,0,0,0
634312,2018,4,30,"2018-04-30","19:53:00",3,"NE",31,0,1,0,0,0,0,41.56,-99.28,41.56,-99.28,0,0,0,0,0,41,0,0,0
634313,2018,4,30,"2018-04-30","20:05:00",3,"CO",8,0,1.25,0,0,0,0,40.07,-104.81,40.07,-104.81,0,0,0,0,0,123,0,0,0
634314,2018,4,30,"2018-04-30","20:23:00",3,"NE",31,0,1,0,0,0,0,41.6357,-99.1632,41.6357,-99.1632,0,0,0,0,0,175,0,0,0
634315,2018,4,30,"2018-04-30","20:30:00",3,"NE",31,0,1,0,0,0,0,41.56,-99.24,41.56,-99.24,0,0,0,0,0,41,0,0,0
634316,2018,4,30,"2018-04-30","20:45:00",3,"TX",48,0,0.88,0,0,0,0,35.44,-100.81,35.44,-100.81,0,0,0,0,0,179,0,0,0
634317,2018,4,30,"2018-04-30","21:52:00",3,"TX",48,0,1,0,0,0,0,35.65,-100.51,35.65,-100.51,0,0,0,0,0,211,0,0,0
634318,2018,4,30,"2018-04-30","23:10:00",3,"MN",27,0,0.75,0,0,0,0,46.53,-95.57,46.53,-95.57,0,0,0,0,0,111,0,0,0
633624,2018,4,1,"2018-04-01","12:13:00",3,"MO",29,0,1,0,0,0,0,37.17,-92.81,37.17,-92.81,0,0,0,0,0,225,0,0,0
633625,2018,4,2,"2018-04-02","18:11:00",3,"IL",17,0,0.75,0,0,0,0,37.8,-89.03,37.8,-89.03,0,0,0,0,0,199,0,0,0
633626,2018,4,2,"2018-04-02","18:35:00",3,"IL",17,0,0.75,0,0,0,0,37.809,-88.65,37.809,-88.65,0,0,0,0,0,165,0,0,0
633627,2018,4,2,"2018-04-02","19:52:00",3,"IL",17,0,0.75,0,0,0,0,37.82,-88.43,37.82,-88.43,0,0,0,0,0,165,0,0,0
633628,2018,4,2,"2018-04-02","20:17:00",3,"IN",18,0,0.88,0,0,0,0,38.02,-87.58,37.9945,-87.55,0,0,0,0,0,163,0,0,0
633629,2018,4,2,"2018-04-02","21:58:00",3,"MO",29,0,1,0,0,0,0,37.96,-91.75,37.96,-91.75,0,0,0,0,0,161,0,0,0
633630,2018,4,2,"2018-04-02","22:06:00",3,"MO",29,0,1.5,0,0,0,0,38,-91.62,38,-91.62,0,0,0,0,0,161,0,0,0
633631,2018,4,2,"2018-04-02","22:40:00",3,"IL",17,0,0.88,0,0,0,0,38.5701,-90.0346,38.5701,-90.0346,0,0,0,0,0,163,0,0,0
633632,2018,4,2,"2018-04-02","22:50:00",3,"MO",29,0,0.88,0,0,0,0,38.55,-91,38.5113,-90.8542,0,0,0,0,0,71,0,0,0
633633,2018,4,2,"2018-04-02","22:55:00",3,"IL",17,0,0.75,0,0,0,0,38.85,-90.08,38.7438,-89.6769,0,0,0,0,0,119,0,0,0
633634,2018,4,2,"2018-04-02","23:01:00",3,"MO",29,0,0.75,0,0,0,0,38.7889,-90.6255,38.789,-90.4949,0,0,0,0,0,183,0,0,0
633635,2018,4,2,"2018-04-02","23:36:00",3,"MO",29,0,0.88,0,0,0,0,38.6663,-90.3177,38.6663,-90.3177,0,0,0,0,0,189,0,0,0
633636,2018,4,3,"2018-04-03","08:57:00",3,"IN",18,0,0.75,0,0,0,0,39.99,-86.1,39.99,-86.1,0,0,0,0,0,57,0,0,0
633637,2018,4,3,"2018-04-03","09:11:00",3,"IL",17,0,0.75,0,0,0,0,38.8991,-89.0855,38.8991,-89.0855,0,0,0,0,0,51,0,0,0
633638,2018,4,3,"2018-04-03","09:27:00",3,"TX",48,0,1,0,0,0,0,31.17,-98.07,31.17,-98.07,0,0,0,0,0,281,0,0,0
633639,2018,4,3,"2018-04-03","09:34:00",3,"TX",48,0,0.75,0,0,0,0,31.13,-97.92,31.13,-97.92,0,0,0,0,0,99,0,0,0
633640,2018,4,3,"2018-04-03","09:35:00",3,"IN",18,0,0.88,0,0,0,0,39.7,-86.39,39.7,-86.39,0,0,0,0,0,63,0,0,0
633641,2018,4,3,"2018-04-03","09:37:00",3,"IN",18,0,1,0,0,0,0,39.57,-86.63,39.57,-86.63,0,0,0,0,0,109,0,0,0
633642,2018,4,3,"2018-04-03","09:45:00",3,"TX",48,0,0.75,0,0,0,0,31.1,-97.7,31.1,-97.7,0,0,0,0,0,99,0,0,0
633643,2018,4,3,"2018-04-03","09:50:00",3,"IN",18,0,0.75,0,0,0,0,39.81,-86.17,39.81,-86.17,0,0,0,0,0,97,0,0,0
633644,2018,4,3,"2018-04-03","09:54:00",3,"TX",48,0,1,0,0,0,0,30.8645,-98.4394,30.8645,-98.4394,0,0,0,0,0,299,0,0,0
633645,2018,4,3,"2018-04-03","09:54:00",3,"TX",48,0,1.25,0,0,0,0,30.8686,-98.4658,30.8686,-98.4658,0,0,0,0,0,299,0,0,0
633646,2018,4,3,"2018-04-03","09:54:00",3,"TX",48,0,0.88,0,0,0,0,30.86,-98.45,30.86,-98.45,0,0,0,0,0,299,0,0,0
633647,2018,4,3,"2018-04-03","09:58:00",3,"TX",48,0,1,0,0,0,0,30.89,-98.47,30.89,-98.47,0,0,0,0,0,299,0,0,0
633648,2018,4,3,"2018-04-03","10:10:00",3,"TX",48,0,1.5,0,0,0,0,30.98,-98.23,30.98,-98.23,0,0,0,0,0,53,0,0,0
633649,2018,4,3,"2018-04-03","10:17:00",3,"TX",48,0,1.5,0,0,0,0,30.9496,-98.1435,30.9496,-98.1435,0,0,0,0,0,53,0,0,0
633650,2018,4,3,"2018-04-03","10:30:00",3,"TX",48,0,1.75,0,0,5000,0,31.07,-98.18,31.07,-98.18,0,0,0,0,0,281,0,0,0
633651,2018,4,3,"2018-04-03","10:37:00",3,"TX",48,0,0.88,0,0,0,0,31.11,-97.98,31.11,-97.98,0,0,0,0,0,99,0,0,0
633652,2018,4,3,"2018-04-03","10:38:00",3,"IN",18,0,0.75,0,0,0,0,39.62,-87.28,39.62,-87.28,0,0,0,0,0,121,0,0,0
633653,2018,4,3,"2018-04-03","10:52:00",3,"IN",18,0,1,0,0,0,0,39.76,-87.1,39.76,-87.1,0,0,0,0,0,121,0,0,0
633654,2018,4,3,"2018-04-03","11:15:00",3,"TX",48,0,0.88,0,0,0,0,31.08,-97.45,31.08,-97.45,0,0,0,0,0,27,0,0,0
633655,2018,4,3,"2018-04-03","11:23:00",3,"TX",48,0,0.75,0,0,0,0,31.47,-96.93,31.47,-96.93,0,0,0,0,0,309,0,0,0
633656,2018,4,3,"2018-04-03","11:32:00",3,"IN",18,0,0.88,0,0,0,0,38.35,-87.6254,38.35,-87.6254,0,0,0,0,0,51,0,0,0
633657,2018,4,3,"2018-04-03","11:35:00",3,"TX",48,0,0.75,0,0,0,0,31.13,-97.73,31.13,-97.73,0,0,0,0,0,27,0,0,0
633658,2018,4,3,"2018-04-03","11:37:00",3,"IN",18,0,1,0,0,0,0,38.69,-87.52,38.69,-87.52,0,0,0,0,0,83,0,0,0
633659,2018,4,3,"2018-04-03","11:38:00",3,"IN",18,0,0.88,0,0,0,0,38.68,-87.51,38.68,-87.51,0,0,0,0,0,83,0,0,0
633660,2018,4,3,"2018-04-03","11:40:00",3,"IN",18,0,1.5,0,0,0,0,38.68,-87.53,38.68,-87.53,0,0,0,0,0,83,0,0,0
633661,2018,4,3,"2018-04-03","11:45:00",3,"IN",18,0,1,0,0,0,0,38.68,-87.51,38.68,-87.51,0,0,0,0,0,83,0,0,0
633662,2018,4,3,"2018-04-03","11:45:00",3,"IN",18,0,1.75,0,0,0,0,38.6836,-87.5246,38.6836,-87.5246,0,0,0,0,0,83,0,0,0
633663,2018,4,3,"2018-04-03","11:51:00",3,"TX",48,0,1,0,0,0,0,31.4,-96.56,31.4,-96.56,0,0,0,0,0,293,0,0,0
633664,2018,4,3,"2018-04-03","12:02:00",3,"TX",48,0,0.88,0,0,0,0,31.4895,-96.3727,31.4895,-96.3727,0,0,0,0,0,293,0,0,0
633665,2018,4,3,"2018-04-03","12:09:00",3,"TX",48,0,1,0,0,0,0,31.1,-97.35,31.1,-97.35,0,0,0,0,0,27,0,0,0
633666,2018,4,3,"2018-04-03","13:10:00",3,"TX",48,0,0.88,0,0,0,0,31.8,-95.15,31.8,-95.15,0,0,0,0,0,73,0,0,0
633667,2018,4,3,"2018-04-03","13:22:00",3,"MO",29,0,0.88,0,0,0,0,37.65,-91.54,37.65,-91.54,0,0,0,0,0,65,0,0,0
633668,2018,4,3,"2018-04-03","13:24:00",3,"AR",5,0,1,0,0,0,0,35.529,-93.83,35.529,-93.83,0,0,0,0,0,47,0,0,0
633669,2018,4,3,"2018-04-03","13:30:00",3,"TX",48,0,1,0,0,0,0,31.9774,-95.0021,31.9774,-95.0021,0,0,0,0,0,73,0,0,0
633670,2018,4,3,"2018-04-03","13:35:00",3,"OK",40,0,1,0,0,0,0,34.3909,-94.9307,34.3909,-94.9307,0,0,0,0,0,89,0,0,0
633671,2018,4,3,"2018-04-03","13:37:00",3,"MO",29,0,1,0,0,0,0,37.65,-91.31,37.65,-91.31,0,0,0,0,0,65,0,0,0
633672,2018,4,3,"2018-04-03","13:41:00",3,"IN",18,0,0.75,0,0,0,0,39.79,-85.16,39.79,-85.16,0,0,0,0,0,177,0,0,0
633673,2018,4,3,"2018-04-03","13:41:00",3,"OH",39,0,0.75,0,0,0,0,39.75,-84.39,39.75,-84.39,0,0,0,0,0,113,0,0,0
633674,2018,4,3,"2018-04-03","13:42:00",3,"MO",29,0,0.88,0,0,0,0,38.6019,-90.2919,38.6019,-90.2919,0,0,0,0,0,510,0,0,0
633675,2018,4,3,"2018-04-03","13:47:00",3,"MO",29,0,1,0,0,0,0,37.6845,-91.1238,37.69,-90.901,0,0,0,0,0,93,0,0,0
633676,2018,4,3,"2018-04-03","13:48:00",3,"MO",29,0,1,0,0,0,0,37.9548,-90.7647,37.9222,-90.7709,0,0,0,0,0,221,0,0,0
633677,2018,4,3,"2018-04-03","13:50:00",3,"OH",39,0,0.88,0,0,0,0,39.53,-84.77,39.53,-84.77,0,0,0,0,0,17,0,0,0
633678,2018,4,3,"2018-04-03","13:53:00",3,"MO",29,0,1.75,0,0,0,0,36.66,-92.15,36.66,-92.15,0,0,0,0,0,153,0,0,0
633679,2018,4,3,"2018-04-03","13:53:00",3,"OH",39,0,1,0,0,0,0,39.64,-84.65,39.64,-84.65,0,0,0,0,0,135,0,0,0
633680,2018,4,3,"2018-04-03","13:55:00",3,"TX",48,0,0.88,0,0,0,0,33.783,-95.3701,33.783,-95.3701,0,0,0,0,0,277,0,0,0
633681,2018,4,3,"2018-04-03","13:56:00",3,"OH",39,0,1.25,0,0,0,0,39.75,-84.56,39.75,-84.56,0,0,0,0,0,135,0,0,0
633682,2018,4,3,"2018-04-03","13:58:00",3,"IL",17,0,0.75,0,0,0,0,38.83,-90.07,38.83,-90.07,0,0,0,0,0,119,0,0,0
633683,2018,4,3,"2018-04-03","14:00:00",3,"IL",17,0,0.75,0,0,0,0,38.45,-90.2,38.45,-90.2,0,0,0,0,0,133,0,0,0
633684,2018,4,3,"2018-04-03","14:01:00",3,"OH",39,0,0.88,0,0,0,0,39.69,-84.43,39.69,-84.43,0,0,0,0,0,113,0,0,0
633685,2018,4,3,"2018-04-03","14:02:00",3,"MO",29,0,1.75,0,0,0,0,36.7,-92.03,36.7,-92.03,0,0,0,0,0,91,0,0,0
633686,2018,4,3,"2018-04-03","14:07:00",3,"MO",29,0,0.75,0,0,0,0,36.73,-91.89,36.73,-91.89,0,0,0,0,0,91,0,0,0
633687,2018,4,3,"2018-04-03","14:07:00",3,"MO",29,0,1.25,0,0,0,0,37.92,-90.57,37.9218,-90.5424,0,0,0,0,0,187,0,0,0
633688,2018,4,3,"2018-04-03","14:10:00",3,"MO",29,0,1,0,0,0,0,36.87,-91.92,36.87,-91.92,0,0,0,0,0,91,0,0,0
633689,2018,4,3,"2018-04-03","14:10:00",3,"OH",39,0,0.75,0,0,0,0,39.68,-84.43,39.68,-84.43,0,0,0,0,0,113,0,0,0
633690,2018,4,3,"2018-04-03","14:11:00",3,"MO",29,0,1,0,0,0,0,36.68,-91.9,36.68,-91.9,0,0,0,0,0,91,0,0,0
633691,2018,4,3,"2018-04-03","14:13:00",3,"AR",5,0,2.5,0,0,0,0,34.58,-94.24,34.58,-94.24,0,0,0,0,0,113,0,0,0
633692,2018,4,3,"2018-04-03","14:13:00",3,"OH",39,0,1.5,0,0,0,0,39.75,-84.39,39.75,-84.39,0,0,0,0,0,113,0,0,0
633693,2018,4,3,"2018-04-03","14:15:00",3,"MO",29,0,0.88,0,0,0,0,36.68,-91.9,36.68,-91.9,0,0,0,0,0,91,0,0,0
633694,2018,4,3,"2018-04-03","14:16:00",3,"AR",5,0,0.75,0,0,0,0,34.58,-94.24,34.58,-94.24,0,0,0,0,0,113,0,0,0
633695,2018,4,3,"2018-04-03","14:21:00",3,"MO",29,0,1.25,0,0,0,0,37.4347,-90.9589,37.4347,-90.9589,0,0,0,0,0,179,0,0,0
633696,2018,4,3,"2018-04-03","14:30:00",3,"TX",48,0,1,0,0,0,0,31.908,-94.7871,31.908,-94.7871,0,0,0,0,0,401,0,0,0
633697,2018,4,3,"2018-04-03","14:30:00",3,"IN",18,0,0.75,0,0,0,0,41.38,-86.44,41.38,-86.44,0,0,0,0,0,99,0,0,0
633698,2018,4,3,"2018-04-03","14:35:00",3,"IN",18,0,1.25,0,0,0,0,41.38,-86.5,41.38,-86.5,0,0,0,0,0,149,0,0,0
633699,2018,4,3,"2018-04-03","14:40:00",3,"MO",29,0,1,0,0,0,0,37.6,-90.63,37.6,-90.63,0,0,0,0,0,93,0,0,0
633700,2018,4,3,"2018-04-03","14:48:00",3,"TX",48,0,0.88,0,0,0,0,31.62,-97.87,31.62,-97.87,0,0,0,0,0,99,0,0,0
633701,2018,4,3,"2018-04-03","14:49:00",3,"MO",29,0,1.75,0,0,0,0,36.76,-91.42,36.76,-91.42,0,0,0,0,0,149,0,0,0
633702,2018,4,3,"2018-04-03","14:49:00",3,"IN",18,0,1.25,0,0,0,0,41.41,-86.4,41.41,-86.4,0,0,0,0,0,99,0,0,0
633703,2018,4,3,"2018-04-03","14:50:00",3,"MO",29,0,1,0,0,0,0,36.76,-91.38,36.76,-91.38,0,0,0,0,0,149,0,0,0
633704,2018,4,3,"2018-04-03","14:53:00",3,"AR",5,0,1.75,0,0,0,0,36,-92.08,36,-92.08,0,0,0,0,0,65,0,0,0
633705,2018,4,3,"2018-04-03","14:55:00",3,"AR",5,0,1.75,0,0,0,0,35.63,-92.68,35.63,-92.68,0,0,0,0,0,141,0,0,0
633706,2018,4,3,"2018-04-03","14:58:00",3,"AR",5,0,0.75,0,0,0,0,36.13,-92.13,36.13,-92.13,0,0,0,0,0,65,0,0,0
633707,2018,4,3,"2018-04-03","15:01:00",3,"AR",5,0,1.25,0,0,0,0,36.06,-91.9,36.06,-91.9,0,0,0,0,0,65,0,0,0
633708,2018,4,3,"2018-04-03","15:02:00",3,"MO",29,0,1,0,0,0,0,37.2825,-90.6375,37.2825,-90.6375,0,0,0,0,0,93,0,0,0
633709,2018,4,3,"2018-04-03","15:03:00",3,"AR",5,0,1,0,0,0,0,35.64,-92.58,35.64,-92.58,0,0,0,0,0,141,0,0,0
633710,2018,4,3,"2018-04-03","15:05:00",3,"AR",5,0,1,0,0,0,0,36.06,-91.9,36.06,-91.9,0,0,0,0,0,65,0,0,0
633711,2018,4,3,"2018-04-03","15:08:00",3,"AR",5,0,1,0,0,0,0,35.72,-92.47,35.72,-92.47,0,0,0,0,0,141,0,0,0
633712,2018,4,3,"2018-04-03","15:09:00",3,"AR",5,0,1.75,0,0,0,0,35.68,-92.49,35.68,-92.49,0,0,0,0,0,141,0,0,0
633713,2018,4,3,"2018-04-03","15:16:00",3,"AR",5,0,1.75,0,0,0,0,35.7,-92.52,35.7,-92.52,0,0,0,0,0,141,0,0,0
633714,2018,4,3,"2018-04-03","15:16:00",3,"AR",5,0,1.75,0,0,0,0,35.63,-92.68,35.63,-92.68,0,0,0,0,0,141,0,0,0
633715,2018,4,3,"2018-04-03","15:16:00",3,"AR",5,0,1,0,0,0,0,35.62,-92.58,35.62,-92.58,0,0,0,0,0,141,0,0,0
633716,2018,4,3,"2018-04-03","15:20:00",3,"LA",22,0,0.88,0,0,0,0,32.3637,-93.7019,32.3637,-93.7019,0,0,0,0,0,17,0,0,0
633717,2018,4,3,"2018-04-03","15:22:00",3,"AR",5,0,1,0,0,0,0,36,-91.66,36,-91.66,0,0,0,0,0,135,0,0,0
633718,2018,4,3,"2018-04-03","15:22:00",3,"LA",22,0,1,0,0,0,0,32.3852,-93.7192,32.3852,-93.7192,0,0,0,0,0,17,0,0,0
633719,2018,4,3,"2018-04-03","15:25:00",3,"MO",29,0,1,0,0,0,0,36.73,-90.9169,36.73,-90.9169,0,0,0,0,0,181,0,0,0
633720,2018,4,3,"2018-04-03","15:30:00",3,"MO",29,0,1,0,0,0,0,36.93,-90.8224,36.93,-90.8224,0,0,0,0,0,35,0,0,0
633721,2018,4,3,"2018-04-03","15:31:00",3,"AR",5,0,1,0,0,0,0,35.95,-91.55,35.95,-91.55,0,0,0,0,0,135,0,0,0
633722,2018,4,3,"2018-04-03","15:31:00",3,"OH",39,0,1.5,0,0,0,0,39.84,-83.07,39.84,-83.07,0,0,0,0,0,49,0,0,0
633723,2018,4,3,"2018-04-03","15:33:00",3,"OH",39,0,0.75,0,0,0,0,39.87,-83.07,39.87,-83.07,0,0,0,0,0,49,0,0,0
633724,2018,4,3,"2018-04-03","15:38:00",3,"AR",5,0,0.88,0,0,0,0,34.66,-92.59,34.66,-92.59,0,0,0,0,0,125,0,0,0
633725,2018,4,3,"2018-04-03","15:43:00",3,"OH",39,0,1.25,0,0,0,0,39.84,-83.09,39.84,-83.09,0,0,0,0,0,49,0,0,0
633726,2018,4,3,"2018-04-03","15:43:00",3,"OH",39,0,1.25,0,0,0,0,39.8812,-83.0765,39.8812,-83.0765,0,0,0,0,0,49,0,0,0
633727,2018,4,3,"2018-04-03","15:44:00",3,"OH",39,0,0.88,0,0,0,0,39.85,-82.88,39.85,-82.88,0,0,0,0,0,49,0,0,0
633728,2018,4,3,"2018-04-03","15:44:00",3,"OH",39,0,0.75,0,0,0,0,39.8629,-82.8275,39.8629,-82.8275,0,0,0,0,0,49,0,0,0
633729,2018,4,3,"2018-04-03","15:47:00",3,"OH",39,0,1,0,0,0,0,39.85,-82.88,39.85,-82.88,0,0,0,0,0,49,0,0,0
633730,2018,4,3,"2018-04-03","15:47:00",3,"OH",39,0,0.75,0,0,0,0,39.76,-82.85,39.76,-82.85,0,0,0,0,0,129,0,0,0
633731,2018,4,3,"2018-04-03","15:48:00",3,"OH",39,0,1,0,0,0,0,39.8449,-82.805,39.8449,-82.805,0,0,0,0,0,49,0,0,0
633732,2018,4,3,"2018-04-03","15:49:00",3,"AR",5,0,1,0,0,0,0,34.62,-92.48,34.62,-92.48,0,0,0,0,0,125,0,0,0
633733,2018,4,3,"2018-04-03","15:50:00",3,"AR",5,0,1,0,0,0,0,34.83,-91.98,34.83,-91.98,0,0,0,0,0,85,0,0,0
633734,2018,4,3,"2018-04-03","15:50:00",3,"OH",39,0,0.88,0,0,0,0,39.55,-83.25,39.55,-83.25,0,0,0,0,0,129,0,0,0
633735,2018,4,3,"2018-04-03","15:51:00",3,"IL",17,0,1,0,0,0,0,37.8109,-89.3818,37.8109,-89.3818,0,0,0,0,0,77,0,0,0
633736,2018,4,3,"2018-04-03","15:52:00",3,"IL",17,0,0.88,0,0,0,0,38.33,-89.0485,38.33,-89.0485,0,0,0,0,0,81,0,0,0
633737,2018,4,3,"2018-04-03","15:53:00",3,"IN",18,0,0.75,0,0,0,0,41.73,-85.06,41.73,-85.06,0,0,0,0,0,151,0,0,0
633738,2018,4,3,"2018-04-03","15:53:00",3,"MO",29,0,3,0,0,0,0,36.75,-90.4723,36.75,-90.4,0,0,0,0,0,23,0,0,0
633739,2018,4,3,"2018-04-03","15:53:00",3,"KY",21,0,0.75,0,0,0,0,38.96,-84.38,38.96,-84.38,0,0,0,0,0,37,0,0,0
633740,2018,4,3,"2018-04-03","15:55:00",3,"IL",17,0,1,0,0,0,0,37.9979,-89.2979,37.9979,-89.2979,0,0,0,0,0,145,0,0,0
633741,2018,4,3,"2018-04-03","15:58:00",3,"AR",5,0,0.75,0,0,0,0,34.67,-92.38,34.67,-92.38,0,0,0,0,0,119,0,0,0
633742,2018,4,3,"2018-04-03","15:59:00",3,"OH",39,0,1,0,0,0,0,39.85,-82.61,39.85,-82.61,0,0,0,0,0,45,0,0,0
633743,2018,4,3,"2018-04-03","16:00:00",3,"AR",5,0,1,0,0,0,0,35.9664,-91.3317,35.9678,-91.3089,0,0,0,0,0,75,0,0,0
633744,2018,4,3,"2018-04-03","16:06:00",3,"AR",5,0,1.25,0,0,0,0,35.7,-91.62,35.7,-91.62,0,0,0,0,0,63,0,0,0
633745,2018,4,3,"2018-04-03","16:10:00",3,"MO",29,0,1.75,0,0,0,0,37.22,-89.77,37.22,-89.77,0,0,0,0,0,31,0,0,0
633746,2018,4,3,"2018-04-03","16:12:00",3,"MO",29,0,0.88,0,0,0,0,37.3,-89.53,37.2,-89.75,0,0,0,0,0,31,0,0,0
633747,2018,4,3,"2018-04-03","16:13:00",3,"AR",5,0,1.75,0,0,0,0,35.7,-91.48,35.7,-91.48,0,0,0,0,0,63,0,0,0
633748,2018,4,3,"2018-04-03","16:15:00",3,"AR",5,0,1,0,0,0,0,34.78,-91.75,34.78,-91.75,0,0,0,0,0,85,0,0,0
633749,2018,4,3,"2018-04-03","16:17:00",3,"IL",17,0,0.88,0,0,0,0,38.5,-88.65,38.5,-88.65,0,0,0,0,0,191,0,0,0
633750,2018,4,3,"2018-04-03","16:20:00",3,"AR",5,0,1,0,0,0,0,36.0658,-90.7628,36.071,-90.733,0,0,0,0,0,55,0,0,0
633751,2018,4,3,"2018-04-03","16:24:00",3,"LA",22,0,0.75,0,0,0,0,32.77,-92.4,32.77,-92.4,0,0,0,0,0,111,0,0,0
633752,2018,4,3,"2018-04-03","16:24:00",3,"AR",5,0,2.75,0,0,0,0,35.47,-91.84,35.47,-91.84,0,0,0,0,0,23,0,0,0
633753,2018,4,3,"2018-04-03","16:25:00",3,"MO",29,0,1,0,0,0,0,37.25,-89.5018,37.25,-89.5018,0,0,0,0,0,201,0,0,0
633754,2018,4,3,"2018-04-03","16:25:00",3,"AR",5,0,2,0,0,0,0,35.43,-91.84,35.43,-91.84,0,0,0,0,0,145,0,0,0
633755,2018,4,3,"2018-04-03","16:25:00",3,"OH",39,0,0.88,0,0,0,0,38.93,-83.79,38.93,-83.79,0,0,0,0,0,15,0,0,0
633756,2018,4,3,"2018-04-03","16:28:00",3,"AR",5,0,1,0,0,0,0,34.79,-91.57,34.79,-91.57,0,0,0,0,0,117,0,0,0
633757,2018,4,3,"2018-04-03","16:30:00",3,"OH",39,0,0.88,0,0,0,0,39.77,-82.09,39.77,-82.09,0,0,0,0,0,127,0,0,0
633758,2018,4,3,"2018-04-03","16:30:00",3,"IL",17,0,0.75,0,0,0,0,37.29,-89.48,37.29,-89.48,0,0,0,0,0,3,0,0,0
633759,2018,4,3,"2018-04-03","16:34:00",3,"MO",29,0,1.75,0,0,0,0,36.8,-89.95,36.8307,-89.9117,0,0,0,0,0,207,0,0,0
633760,2018,4,3,"2018-04-03","16:36:00",3,"TX",48,0,1,0,0,0,0,31.61,-96.5,31.61,-96.5,0,0,0,0,0,293,0,0,0
633761,2018,4,3,"2018-04-03","16:40:00",3,"AR",5,0,1.25,0,0,0,0,36.0535,-90.5263,36.0558,-90.4706,0,0,0,0,0,55,0,0,0
633762,2018,4,3,"2018-04-03","16:40:00",3,"AR",5,0,1.5,0,0,50000,0,36.0542,-90.5759,36.0584,-90.4523,0,0,0,0,0,55,0,0,0
633763,2018,4,3,"2018-04-03","16:41:00",3,"AR",5,0,1,0,0,0,0,35.48,-91.58,35.48,-91.58,0,0,0,0,0,145,0,0,0
633764,2018,4,3,"2018-04-03","16:42:00",3,"OH",39,0,1,0,0,0,0,39.81,-81.89,39.81,-81.89,0,0,0,0,0,119,0,0,0
633765,2018,4,3,"2018-04-03","16:44:00",3,"OH",39,0,1,0,0,0,0,39.758,-81.8968,39.758,-81.8968,0,0,0,0,0,115,0,0,0
633766,2018,4,3,"2018-04-03","16:45:00",3,"AR",5,0,0.75,0,0,0,0,35.42,-91.46,35.42,-91.46,0,0,0,0,0,145,0,0,0
633767,2018,4,3,"2018-04-03","16:52:00",3,"KY",21,0,1,0,0,0,0,38.65,-83.79,38.65,-83.79,0,0,0,0,0,161,0,0,0
633768,2018,4,3,"2018-04-03","16:53:00",3,"IL",17,0,1,0,0,0,0,37.27,-89.18,37.27,-89.18,0,0,0,0,0,153,0,0,0
633769,2018,4,3,"2018-04-03","16:53:00",3,"AR",5,0,1.25,0,0,0,0,34.79,-91.46,34.79,-91.46,0,0,0,0,0,117,0,0,0
633770,2018,4,3,"2018-04-03","16:55:00",3,"AR",5,0,1,0,0,0,0,35.802,-90.7494,35.8127,-90.6987,0,0,0,0,0,31,0,0,0
633771,2018,4,3,"2018-04-03","16:58:00",3,"OH",39,0,0.75,0,0,0,0,38.74,-83.61,38.74,-83.61,0,0,0,0,0,1,0,0,0
633772,2018,4,3,"2018-04-03","17:03:00",3,"OH",39,0,1,0,0,0,0,38.69,-83.61,38.69,-83.61,0,0,0,0,0,1,0,0,0
633773,2018,4,3,"2018-04-03","17:05:00",3,"OH",39,0,0.88,0,0,0,0,39.32,-82.1,39.32,-82.1,0,0,0,0,0,9,0,0,0
633774,2018,4,3,"2018-04-03","17:05:00",3,"AR",5,0,0.88,0,0,0,0,35.6853,-90.7302,35.6992,-90.6726,0,0,0,0,0,31,0,0,0
633775,2018,4,3,"2018-04-03","17:09:00",3,"AR",5,0,1,0,0,0,0,35.43,-91.12,35.43,-91.12,0,0,0,0,0,67,0,0,0
633776,2018,4,3,"2018-04-03","17:15:00",3,"AR",5,0,0.75,0,0,0,0,35.53,-91.07,35.53,-91.07,0,0,0,0,0,67,0,0,0
633777,2018,4,3,"2018-04-03","17:15:00",3,"MO",29,0,0.88,0,0,0,0,36.0402,-90.1249,36.0425,-90.1048,0,0,0,0,0,69,0,0,0
633778,2018,4,3,"2018-04-03","17:15:00",3,"AR",5,0,1.75,0,0,75000,0,35.671,-90.552,35.6746,-90.4844,0,0,0,0,0,111,0,0,0
633779,2018,4,3,"2018-04-03","17:15:00",3,"AR",5,0,1,0,0,0,0,35.6746,-90.5376,35.6718,-90.4818,0,0,0,0,0,111,0,0,0
633780,2018,4,3,"2018-04-03","17:20:00",3,"MO",29,0,0.75,0,0,0,0,36.4489,-89.9804,36.454,-89.959,0,0,0,0,0,69,0,0,0
633781,2018,4,3,"2018-04-03","17:36:00",3,"MS",28,0,1,0,0,0,0,34.6201,-90.0068,34.612,-89.9374,0,0,0,0,0,137,0,0,0
633782,2018,4,3,"2018-04-03","17:38:00",3,"AR",5,0,0.88,0,0,0,0,34.7706,-90.7907,34.7716,-90.7417,0,0,0,0,0,77,0,0,0
633783,2018,4,3,"2018-04-03","17:52:00",3,"KY",21,0,1,0,0,0,0,37.79,-85.98,37.79,-85.98,0,0,0,0,0,93,0,0,0
633784,2018,4,3,"2018-04-03","17:59:00",3,"KY",21,0,1.75,0,0,0,0,37.81,-85.98,37.81,-85.98,0,0,0,0,0,93,0,0,0
633785,2018,4,3,"2018-04-03","18:03:00",3,"KY",21,0,1,0,0,0,0,38.99,-84.64,38.99,-84.64,0,0,0,0,0,15,0,0,0
633786,2018,4,3,"2018-04-03","18:06:00",3,"OH",39,0,1,0,0,0,0,38.9,-82.57,38.9,-82.57,0,0,0,0,0,79,0,0,0
633787,2018,4,3,"2018-04-03","18:06:00",3,"KY",21,0,1,0,0,0,0,39.01,-84.59,39.01,-84.59,0,0,0,0,0,117,0,0,0
633788,2018,4,3,"2018-04-03","18:20:00",3,"TN",47,0,1,0,0,0,0,35.8735,-89.5464,35.8774,-89.4831,0,0,0,0,0,97,0,0,0
633789,2018,4,3,"2018-04-03","18:25:00",3,"OH",39,0,1,0,0,0,0,38.92,-82.3,38.92,-82.3,0,0,0,0,0,53,0,0,0
633790,2018,4,3,"2018-04-03","18:30:00",3,"IL",17,0,0.75,0,0,0,0,37.73,-88.93,37.73,-88.93,0,0,0,0,0,199,0,0,0
633791,2018,4,3,"2018-04-03","18:30:00",3,"PA",42,0,0.88,0,0,0,0,39.93,-80.38,39.93,-80.38,0,0,0,0,0,59,0,0,0
633792,2018,4,3,"2018-04-03","18:35:00",3,"OH",39,0,0.75,0,0,0,0,38.88,-82.38,38.88,-82.38,0,0,0,0,0,53,0,0,0
633793,2018,4,3,"2018-04-03","18:39:00",3,"KY",21,0,1.75,0,0,0,0,37.57,-85.55,37.57,-85.55,0,0,0,0,0,179,0,0,0
633794,2018,4,3,"2018-04-03","18:40:00",3,"KY",21,0,1.75,0,0,0,0,37.38,-85.9,37.38,-85.9,0,0,0,0,0,99,0,0,0
633795,2018,4,3,"2018-04-03","18:40:00",3,"PA",42,0,0.88,0,0,0,0,40.43,-79.82,40.43,-79.82,0,0,0,0,0,3,0,0,0
633796,2018,4,3,"2018-04-03","18:45:00",3,"OH",39,0,1.25,0,0,0,0,38.94,-82.11,38.94,-82.11,0,0,0,0,0,53,0,0,0
633797,2018,4,3,"2018-04-03","18:45:00",3,"OH",39,0,0.75,0,0,0,0,39,-82.06,39,-82.06,0,0,0,0,0,105,0,0,0
633798,2018,4,3,"2018-04-03","18:47:00",3,"WV",54,0,1,0,0,0,0,38.93,-82.1,38.93,-82.1,0,0,0,0,0,53,0,0,0
633799,2018,4,3,"2018-04-03","18:49:00",3,"IL",17,0,1,0,0,0,0,37.83,-88.62,37.83,-88.62,0,0,0,0,0,165,0,0,0
633800,2018,4,3,"2018-04-03","18:50:00",3,"WV",54,0,0.75,0,0,0,0,38.9857,-81.97,38.9857,-81.97,0,0,0,0,0,53,0,0,0
633801,2018,4,3,"2018-04-03","19:07:00",3,"KY",21,0,1,0,0,0,0,37.36,-85.46,37.36,-85.46,0,0,0,0,0,217,0,0,0
633802,2018,4,3,"2018-04-03","19:09:00",3,"KY",21,0,1.75,0,0,0,0,37.33,-85.54,37.33,-85.54,0,0,0,0,0,87,0,0,0
633803,2018,4,3,"2018-04-03","19:10:00",3,"TN",47,0,0.88,0,0,0,0,35.4597,-88.8929,35.4493,-88.8483,0,0,0,0,0,113,0,0,0
633804,2018,4,3,"2018-04-03","19:15:00",3,"KY",21,0,1.75,0,0,0,0,37.41,-85.34,37.41,-85.34,0,0,0,0,0,217,0,0,0
633805,2018,4,3,"2018-04-03","19:20:00",3,"KY",21,0,0.88,0,0,0,0,38.39,-84.54,38.39,-84.54,0,0,0,0,0,209,0,0,0
633806,2018,4,3,"2018-04-03","19:24:00",3,"TN",47,0,0.88,0,0,0,0,35.6406,-88.4034,35.6419,-88.3856,0,0,0,0,0,77,0,0,0
633807,2018,4,3,"2018-04-03","19:38:00",3,"KY",21,0,1,0,0,0,0,37.61,-84.77,37.61,-84.77,0,0,0,0,0,21,0,0,0
633808,2018,4,3,"2018-04-03","19:53:00",3,"TX",48,0,1,0,0,0,0,31,-93.67,31,-93.67,0,0,0,0,0,351,0,0,0
633809,2018,4,3,"2018-04-03","19:53:00",3,"LA",22,0,1.75,0,0,0,0,31.14,-93.27,31.14,-93.27,0,0,0,0,0,115,0,0,0
633810,2018,4,3,"2018-04-03","20:12:00",3,"TN",47,0,0.88,0,0,0,0,36.12,-86.42,36.12,-86.42,0,0,0,0,0,189,0,0,0
633811,2018,4,3,"2018-04-03","20:20:00",3,"TX",48,0,1,0,0,0,0,29.44,-98.36,29.44,-98.36,0,0,0,0,0,29,0,0,0
633812,2018,4,3,"2018-04-03","20:22:00",3,"KY",21,0,1,0,0,0,0,37.4,-84.42,37.42,-84.42,0,0,0,0,0,203,0,0,0
633813,2018,4,3,"2018-04-03","20:25:00",3,"TX",48,0,1.75,0,0,0,0,29.45,-98.36,29.45,-98.36,0,0,0,0,0,29,0,0,0
633814,2018,4,3,"2018-04-03","20:30:00",3,"WV",54,0,1,0,0,0,0,39.28,-80.57,39.28,-80.57,0,0,0,0,0,33,0,0,0
633815,2018,4,3,"2018-04-03","20:34:00",3,"KY",21,0,1,0,0,0,0,37.52,-84.32,37.48,-84.32,0,0,0,0,0,203,0,0,0
633816,2018,4,3,"2018-04-03","20:45:00",3,"TX",48,0,1,0,0,0,0,29.3586,-98.1369,29.3586,-98.1369,0,0,0,0,0,493,0,0,0
633817,2018,4,3,"2018-04-03","20:51:00",3,"TX",48,0,1.25,0,0,0,0,29.35,-98.07,29.35,-98.07,0,0,0,0,0,493,0,0,0
633818,2018,4,3,"2018-04-03","20:52:00",3,"KY",21,0,1,0,0,0,0,37.43,-84,37.43,-84,0,0,0,0,0,109,0,0,0
633819,2018,4,3,"2018-04-03","21:35:00",3,"TN",47,0,1,0,0,0,0,35.8101,-85.6416,35.8101,-85.6416,0,0,0,0,0,177,0,0,0
633820,2018,4,3,"2018-04-03","21:43:00",3,"TN",47,0,1.5,0,0,0,0,35.82,-85.57,35.82,-85.57,0,0,0,0,0,185,0,0,0
633821,2018,4,3,"2018-04-03","21:50:00",3,"TN",47,0,1.75,0,0,0,0,35.85,-85.5,35.85,-85.5,0,0,0,0,0,185,0,0,0
633822,2018,4,3,"2018-04-03","22:14:00",3,"LA",22,0,1,0,0,0,0,30.95,-92.19,30.95,-92.19,0,0,0,0,0,9,0,0,0
633823,2018,4,6,"2018-04-06","12:30:00",3,"OK",40,0,1,0,0,0,0,34.75,-97.21,34.75,-97.21,0,0,0,0,0,49,0,0,0
633824,2018,4,6,"2018-04-06","14:15:00",3,"OK",40,0,1,0,0,0,0,33.9681,-94.7514,33.9681,-94.7514,0,0,0,0,0,89,0,0,0
633825,2018,4,6,"2018-04-06","14:37:00",3,"TX",48,0,0.75,0,0,0,0,33.67,-95.55,33.67,-95.55,0,0,0,0,0,277,0,0,0
633826,2018,4,6,"2018-04-06","14:40:00",3,"MS",28,0,0.75,0,0,0,0,31.49,-91.24,31.49,-91.24,0,0,0,0,0,1,0,0,0
633827,2018,4,6,"2018-04-06","14:51:00",3,"TX",48,0,1,0,0,0,0,33.65,-95.53,33.65,-95.53,0,0,0,0,0,277,0,0,0
633828,2018,4,6,"2018-04-06","14:56:00",3,"MS",28,0,1,0,0,0,0,31.51,-91.08,31.51,-91.08,0,0,0,0,0,37,0,0,0
633829,2018,4,6,"2018-04-06","15:00:00",3,"TX",48,0,0.75,0,0,0,0,33.64,-95.51,33.64,-95.51,0,0,0,0,0,277,0,0,0
633830,2018,4,6,"2018-04-06","15:17:00",3,"TX",48,0,1.75,0,0,0,0,33.3675,-94.6335,33.3675,-94.6335,0,0,0,0,0,37,0,0,0
633831,2018,4,6,"2018-04-06","15:45:00",3,"LA",22,0,1.75,0,0,0,0,32.9,-92.24,32.9,-92.24,0,0,0,0,0,111,0,0,0
633832,2018,4,6,"2018-04-06","15:46:00",3,"OK",40,0,1,0,0,0,0,34.17,-96.89,34.17,-96.89,0,0,0,0,0,95,0,0,0
633833,2018,4,6,"2018-04-06","15:46:00",3,"MS",28,0,1.75,0,0,3000,0,31.96,-90.99,32,-90.77,0,0,0,0,0,21,0,0,0
633834,2018,4,6,"2018-04-06","15:49:00",3,"TX",48,0,1,0,0,0,0,33.78,-96.59,33.78,-96.59,0,0,0,0,0,181,0,0,0
633835,2018,4,6,"2018-04-06","15:49:00",3,"TX",48,0,0.88,0,0,0,0,33.8,-96.85,33.8,-96.85,0,0,0,0,0,181,0,0,0
633836,2018,4,6,"2018-04-06","15:51:00",3,"TX",48,0,1,0,0,0,0,33.75,-96.55,33.75,-96.55,0,0,0,0,0,181,0,0,0
633837,2018,4,6,"2018-04-06","15:53:00",3,"TX",48,0,1.25,0,0,0,0,33.78,-96.59,33.78,-96.59,0,0,0,0,0,181,0,0,0
633838,2018,4,6,"2018-04-06","15:59:00",3,"TX",48,0,0.88,0,0,0,0,33.8,-96.85,33.8,-96.85,0,0,0,0,0,181,0,0,0
633839,2018,4,6,"2018-04-06","16:00:00",3,"LA",22,0,2.5,0,0,0,0,32.2438,-92.6089,32.2438,-92.6089,0,0,0,0,0,49,0,0,0
633840,2018,4,6,"2018-04-06","16:02:00",3,"TX",48,0,0.75,0,0,0,0,33.77,-96.8,33.77,-96.8,0,0,0,0,0,181,0,0,0
633841,2018,4,6,"2018-04-06","16:05:00",3,"TX",48,0,1,0,0,0,0,33.0254,-94.5781,33.0254,-94.5781,0,0,0,0,0,67,0,0,0
633842,2018,4,6,"2018-04-06","16:08:00",3,"OK",40,0,1,0,0,0,0,34.1,-96.77,34.1,-96.77,0,0,0,0,0,95,0,0,0
633843,2018,4,6,"2018-04-06","16:15:00",3,"TX",48,0,1,0,0,0,0,33.0119,-94.3812,33.0119,-94.3812,0,0,0,0,0,67,0,0,0
633844,2018,4,6,"2018-04-06","16:17:00",3,"TX",48,0,1,0,0,0,0,33.79,-96.69,33.79,-96.69,0,0,0,0,0,181,0,0,0
633845,2018,4,6,"2018-04-06","16:22:00",3,"TX",48,0,1,0,0,0,0,33.63,-96.57,33.63,-96.57,0,0,0,0,0,181,0,0,0
633846,2018,4,6,"2018-04-06","16:23:00",3,"OK",40,0,1.25,0,0,0,0,34.04,-96.68,34.04,-96.68,0,0,0,0,0,95,0,0,0
633847,2018,4,6,"2018-04-06","16:23:00",3,"TX",48,0,0.75,0,0,0,0,33.63,-96.57,33.63,-96.57,0,0,0,0,0,181,0,0,0
633848,2018,4,6,"2018-04-06","16:24:00",3,"TX",48,0,0.88,0,0,0,0,32.97,-97.68,32.97,-97.68,0,0,0,0,0,367,0,0,0
633849,2018,4,6,"2018-04-06","16:25:00",3,"TX",48,0,1.75,0,0,0,0,32.936,-94.373,32.936,-94.373,0,0,0,0,0,67,0,0,0
633850,2018,4,6,"2018-04-06","16:25:00",3,"LA",22,0,1.75,0,0,0,0,32.6546,-92.3987,32.6546,-92.3987,0,0,0,0,0,111,0,0,0
633851,2018,4,6,"2018-04-06","16:25:00",3,"LA",22,0,1.75,0,0,0,0,32.3063,-92.4508,32.3063,-92.4508,0,0,0,0,0,49,0,0,0
633852,2018,4,6,"2018-04-06","16:27:00",3,"TX",48,0,1.75,0,0,10000,0,33.75,-96.67,33.75,-96.67,0,0,0,0,0,181,0,0,0
633853,2018,4,6,"2018-04-06","16:28:00",3,"LA",22,0,1.75,0,0,3000,0,32.4819,-91.4917,32.4819,-91.4917,0,0,0,0,0,83,0,0,0
633854,2018,4,6,"2018-04-06","16:28:00",3,"TX",48,0,1,0,0,0,0,32.85,-97.27,32.85,-97.27,0,0,0,0,0,439,0,0,0
633855,2018,4,6,"2018-04-06","16:30:00",3,"TX",48,0,1.75,0,0,10000,0,33.23,-96.82,33.23,-96.82,0,0,0,0,0,85,0,0,0
633856,2018,4,6,"2018-04-06","16:31:00",3,"TX",48,0,1,0,0,0,0,33.23,-96.82,33.23,-96.82,0,0,0,0,0,85,0,0,0
633857,2018,4,6,"2018-04-06","16:32:00",3,"MS",28,0,0.75,0,0,0,0,31.76,-90.33,31.76,-90.33,0,0,0,0,0,29,0,0,0
633858,2018,4,6,"2018-04-06","16:34:00",3,"OK",40,0,1.75,0,0,0,0,34.02,-96.66,34.02,-96.66,0,0,0,0,0,95,0,0,0
633859,2018,4,6,"2018-04-06","16:34:00",3,"TX",48,0,1,0,0,0,0,33.26,-96.78,33.26,-96.78,0,0,0,0,0,85,0,0,0
633860,2018,4,6,"2018-04-06","16:35:00",3,"TX",48,0,1.75,0,0,0,0,32.9436,-94.2486,32.9436,-94.2486,0,0,0,0,0,67,0,0,0
633861,2018,4,6,"2018-04-06","16:35:00",3,"LA",22,0,1.75,0,0,0,0,32.72,-92.34,32.72,-92.34,0,0,0,0,0,111,0,0,0
633862,2018,4,6,"2018-04-06","16:35:00",3,"TX",48,0,1.5,0,0,0,0,33.28,-96.78,33.28,-96.78,0,0,0,0,0,85,0,0,0
633863,2018,4,6,"2018-04-06","16:35:00",3,"TX",48,0,2.5,0,0,25000,0,33.23,-96.82,33.23,-96.82,0,0,0,0,0,85,0,0,0
633864,2018,4,6,"2018-04-06","16:38:00",3,"TX",48,0,3,0,0,1e+05,0,33.32,-96.8,33.32,-96.8,0,0,0,0,0,85,0,0,0
633865,2018,4,6,"2018-04-06","16:39:00",3,"OK",40,0,1.25,0,0,0,0,33.98,-96.57,33.98,-96.57,0,0,0,0,0,13,0,0,0
633866,2018,4,6,"2018-04-06","16:41:00",3,"TX",48,0,1,0,0,0,0,32.83,-97.25,32.83,-97.25,0,0,0,0,0,439,0,0,0
633867,2018,4,6,"2018-04-06","16:41:00",3,"TX",48,0,1.5,0,0,0,0,33.23,-96.82,33.23,-96.82,0,0,0,0,0,85,0,0,0
633868,2018,4,6,"2018-04-06","16:43:00",3,"TX",48,0,1,0,0,0,0,32.85,-97.13,32.85,-97.13,0,0,0,0,0,439,0,0,0
633869,2018,4,6,"2018-04-06","16:44:00",3,"TX",48,0,1.75,0,0,10000,0,33.1752,-96.7225,33.1752,-96.7225,0,0,0,0,0,85,0,0,0
633870,2018,4,6,"2018-04-06","16:44:00",3,"TX",48,0,1.75,0,0,10000,0,33.1752,-96.7225,33.1752,-96.7225,0,0,0,0,0,85,0,0,0
633871,2018,4,6,"2018-04-06","16:50:00",3,"LA",22,0,1,0,0,0,0,32.8916,-93.8784,32.8916,-93.8784,0,0,0,0,0,17,0,0,0
633872,2018,4,6,"2018-04-06","16:52:00",3,"TX",48,0,2,0,0,0,0,32.83,-97.08,32.83,-97.08,0,0,0,0,0,439,0,0,0
633873,2018,4,6,"2018-04-06","16:52:00",3,"TX",48,0,1.25,0,0,0,0,33.2098,-96.6648,33.2098,-96.6648,0,0,0,0,0,85,0,0,0
633874,2018,4,6,"2018-04-06","16:54:00",3,"TX",48,0,2,0,0,10000,0,33.2,-96.62,33.2,-96.62,0,0,0,0,0,85,0,0,0
633875,2018,4,6,"2018-04-06","16:55:00",3,"TX",48,0,1,0,0,0,0,33.09,-96.65,33.09,-96.65,0,0,0,0,0,85,0,0,0
633876,2018,4,6,"2018-04-06","16:57:00",3,"TX",48,0,1,0,0,0,0,32.83,-97.08,32.83,-97.08,0,0,0,0,0,439,0,0,0
633877,2018,4,6,"2018-04-06","17:00:00",3,"TX",48,0,1,0,0,0,0,33.1,-96.68,33.1,-96.68,0,0,0,0,0,85,0,0,0
633878,2018,4,6,"2018-04-06","17:05:00",3,"TX",48,0,1.25,0,0,0,0,32.5416,-94.3268,32.5416,-94.3268,0,0,0,0,0,203,0,0,0
633879,2018,4,6,"2018-04-06","17:05:00",3,"TX",48,0,1.75,0,0,0,0,32.5439,-94.3505,32.5439,-94.3505,0,0,0,0,0,203,0,0,0
633880,2018,4,6,"2018-04-06","17:08:00",3,"LA",22,0,1,0,0,0,0,32.4326,-93.86,32.4326,-93.86,0,0,0,0,0,17,0,0,0
633881,2018,4,6,"2018-04-06","17:08:00",3,"TX",48,0,1,0,0,0,0,32.82,-96.92,32.82,-96.92,0,0,0,0,0,113,0,0,0
633882,2018,4,6,"2018-04-06","17:12:00",3,"LA",22,0,1,0,0,0,0,32.3976,-93.7758,32.3976,-93.7758,0,0,0,0,0,17,0,0,0
633883,2018,4,6,"2018-04-06","17:12:00",3,"MS",28,0,1,0,0,0,0,32.05,-90.28,32.05,-90.28,0,0,0,0,0,29,0,0,0
633884,2018,4,6,"2018-04-06","17:15:00",3,"LA",22,0,1.25,0,0,0,0,32.3842,-93.7174,32.3842,-93.7174,0,0,0,0,0,17,0,0,0
633885,2018,4,6,"2018-04-06","17:15:00",3,"LA",22,0,1,0,0,0,0,32.0134,-94.0084,32.0134,-94.0084,0,0,0,0,0,31,0,0,0
633886,2018,4,6,"2018-04-06","17:15:00",3,"LA",22,0,1,0,0,0,0,32.6983,-93.7405,32.6983,-93.7405,0,0,0,0,0,15,0,0,0
633887,2018,4,6,"2018-04-06","17:19:00",3,"TX",48,0,0.88,0,0,0,0,33.45,-96.01,33.45,-96.01,0,0,0,0,0,147,0,0,0
633888,2018,4,6,"2018-04-06","17:20:00",3,"LA",22,0,1.75,0,0,0,0,32.2904,-92.09,32.2904,-92.09,0,0,0,0,0,73,0,0,0
633889,2018,4,6,"2018-04-06","17:20:00",3,"LA",22,0,1.75,0,0,0,0,32.4319,-93.7211,32.4319,-93.7211,0,0,0,0,0,17,0,0,0
633890,2018,4,6,"2018-04-06","17:20:00",3,"LA",22,0,1.25,0,0,0,0,32.4149,-93.6965,32.4149,-93.6965,0,0,0,0,0,17,0,0,0
633891,2018,4,6,"2018-04-06","17:20:00",3,"LA",22,0,1.5,0,0,0,0,32.4281,-93.7069,32.4281,-93.7069,0,0,0,0,0,17,0,0,0
633892,2018,4,6,"2018-04-06","17:22:00",3,"TX",48,0,1.25,0,0,0,0,32.81,-96.89,32.81,-96.89,0,0,0,0,0,113,0,0,0
633893,2018,4,6,"2018-04-06","17:23:00",3,"LA",22,0,1.75,0,0,0,0,32.0994,-93.9515,32.0994,-93.9515,0,0,0,0,0,31,0,0,0
633894,2018,4,6,"2018-04-06","17:25:00",3,"LA",22,0,1.75,0,0,0,0,32.46,-93.7,32.46,-93.7,0,0,0,0,0,17,0,0,0
633895,2018,4,6,"2018-04-06","17:25:00",3,"TX",48,0,1,0,0,0,0,33.1123,-96.7682,33.1123,-96.7682,0,0,0,0,0,85,0,0,0
633896,2018,4,6,"2018-04-06","17:27:00",3,"LA",22,0,1.75,0,0,5000,0,32.48,-91.51,32.46,-91.49,0,0,0,0,0,83,0,0,0
633897,2018,4,6,"2018-04-06","17:30:00",3,"TX",48,0,1.75,0,0,0,0,32.429,-94.2323,32.429,-94.2323,0,0,0,0,0,203,0,0,0
633898,2018,4,6,"2018-04-06","17:30:00",3,"TX",48,0,2.75,0,0,0,0,32.4053,-94.2159,32.4053,-94.2159,0,0,0,0,0,203,0,0,0
633899,2018,4,6,"2018-04-06","17:30:00",3,"LA",22,0,1.75,0,0,0,0,32.4733,-93.6705,32.4733,-93.6705,0,0,0,0,0,15,0,0,0
633900,2018,4,6,"2018-04-06","17:31:00",3,"TX",48,0,0.75,0,0,0,0,32.87,-96.79,32.87,-96.79,0,0,0,0,0,113,0,0,0
633901,2018,4,6,"2018-04-06","17:34:00",3,"TX",48,0,1.5,0,0,0,0,33.0696,-96.7096,33.0696,-96.7096,0,0,0,0,0,85,0,0,0
633902,2018,4,6,"2018-04-06","17:35:00",3,"LA",22,0,1.75,0,0,0,0,32.7537,-92.3947,32.7537,-92.3947,0,0,0,0,0,111,0,0,0
633903,2018,4,6,"2018-04-06","17:35:00",3,"TX",48,0,2,0,0,10000,0,33.0716,-96.7368,33.0716,-96.7368,0,0,0,0,0,85,0,0,0
633904,2018,4,6,"2018-04-06","17:35:00",3,"TX",48,0,2,0,0,10000,0,33.0716,-96.7502,33.0716,-96.7502,0,0,0,0,0,85,0,0,0
633905,2018,4,6,"2018-04-06","17:36:00",3,"LA",22,0,1.25,0,0,0,0,32.45,-93.65,32.45,-93.65,0,0,0,0,0,15,0,0,0
633906,2018,4,6,"2018-04-06","17:40:00",3,"TX",48,0,1.75,0,0,0,0,32.581,-94.58,32.581,-94.58,0,0,0,0,0,203,0,0,0
633907,2018,4,6,"2018-04-06","17:40:00",3,"TX",48,0,1.5,0,0,250,0,31.63,-97.94,31.63,-97.94,0,0,0,0,0,193,0,0,0
633908,2018,4,6,"2018-04-06","17:43:00",3,"MS",28,0,1,0,0,0,0,32.57,-89.33,32.57,-89.33,0,0,0,0,0,123,0,0,0
633909,2018,4,6,"2018-04-06","17:46:00",3,"TX",48,0,1.75,0,0,10000,0,32.9,-96.57,32.9,-96.57,0,0,0,0,0,113,0,0,0
633910,2018,4,6,"2018-04-06","17:48:00",3,"LA",22,0,1.75,0,0,0,0,32.2522,-92.7099,32.2522,-92.7099,0,0,0,0,0,49,0,0,0
633911,2018,4,6,"2018-04-06","17:48:00",3,"TX",48,0,2,0,0,10000,0,33.05,-96.71,33.05,-96.71,0,0,0,0,0,85,0,0,0
633912,2018,4,6,"2018-04-06","17:49:00",3,"TX",48,0,2,0,0,10000,0,33.02,-96.55,33.02,-96.55,0,0,0,0,0,85,0,0,0
633913,2018,4,6,"2018-04-06","17:50:00",3,"TX",48,0,1.25,0,0,0,0,32.4697,-94.6699,32.4697,-94.6699,0,0,0,0,0,203,0,0,0
633914,2018,4,6,"2018-04-06","17:50:00",3,"TX",48,0,1.75,0,0,0,0,32.5189,-94.6845,32.5189,-94.6845,0,0,0,0,0,203,0,0,0
633915,2018,4,6,"2018-04-06","17:50:00",3,"TX",48,0,1.25,0,0,0,0,32.521,-94.3701,32.521,-94.3701,0,0,0,0,0,203,0,0,0
633916,2018,4,6,"2018-04-06","17:53:00",3,"TX",48,0,1.5,0,0,0,0,33,-96.52,33,-96.52,0,0,0,0,0,113,0,0,0
633917,2018,4,6,"2018-04-06","17:57:00",3,"TX",48,0,1.75,0,0,10000,0,32.93,-96.45,32.93,-96.45,0,0,0,0,0,397,0,0,0
633918,2018,4,6,"2018-04-06","18:07:00",3,"LA",22,0,1.75,0,0,0,0,32.2799,-93.9583,32.2799,-93.9583,0,0,0,0,0,17,0,0,0
633919,2018,4,6,"2018-04-06","18:15:00",3,"TX",48,0,1,0,0,0,0,31.85,-97.4,31.85,-97.4,0,0,0,0,0,35,0,0,0
633920,2018,4,6,"2018-04-06","18:29:00",3,"TX",48,0,1,0,0,0,0,31.77,-97.45,31.77,-97.45,0,0,0,0,0,35,0,0,0
633921,2018,4,6,"2018-04-06","18:35:00",3,"TX",48,0,3,0,0,10000,0,31.4533,-97.4131,31.4533,-97.4131,0,0,0,0,0,309,0,0,0
633922,2018,4,6,"2018-04-06","18:40:00",3,"TX",48,0,1.5,0,0,1000,0,31.63,-97.94,31.63,-97.94,0,0,0,0,0,193,0,0,0
633923,2018,4,6,"2018-04-06","18:45:00",3,"TX",48,0,1,0,0,0,0,32.17,-94.35,32.17,-94.35,0,0,0,0,0,365,0,0,0
633924,2018,4,6,"2018-04-06","18:55:00",3,"TX",48,0,1.75,0,0,0,0,31,-97.95,31,-97.95,0,0,0,0,0,53,0,0,0
633925,2018,4,6,"2018-04-06","18:58:00",3,"TX",48,0,1,0,0,0,0,31.07,-98.06,31.07,-98.06,0,0,0,0,0,281,0,0,0
633926,2018,4,6,"2018-04-06","19:08:00",3,"TX",48,0,1.75,0,0,0,0,31.91,-97.04,31.91,-97.04,0,0,0,0,0,217,0,0,0
633927,2018,4,6,"2018-04-06","19:15:00",3,"TX",48,0,1,0,0,0,0,31.97,-97,31.97,-97,0,0,0,0,0,217,0,0,0
633928,2018,4,6,"2018-04-06","19:25:00",3,"TX",48,0,2,0,0,0,0,31.9502,-94.2454,31.9502,-94.2454,0,0,0,0,0,419,0,0,0
633929,2018,4,6,"2018-04-06","19:25:00",3,"TX",48,0,1,0,0,0,0,31.9495,-94.229,31.9495,-94.229,0,0,0,0,0,419,0,0,0
633930,2018,4,6,"2018-04-06","19:25:00",3,"TX",48,0,0.75,0,0,0,0,32.1,-96.8,32.1,-96.8,0,0,0,0,0,349,0,0,0
633931,2018,4,6,"2018-04-06","19:41:00",3,"TX",48,0,1,0,0,0,0,32.12,-96.49,32.12,-96.49,0,0,0,0,0,349,0,0,0
633932,2018,4,6,"2018-04-06","21:34:00",3,"TX",48,0,0.75,0,0,0,0,31.07,-97.47,31.07,-97.47,0,0,0,0,0,27,0,0,0
633933,2018,4,6,"2018-04-06","21:40:00",3,"TX",48,0,1,0,0,0,0,31.07,-97.47,31.07,-97.47,0,0,0,0,0,27,0,0,0
633934,2018,4,6,"2018-04-06","22:00:00",3,"LA",22,0,1,0,0,0,0,31.36,-92.13,31.36,-92.13,0,0,0,0,0,79,0,0,0
633935,2018,4,6,"2018-04-06","22:49:00",3,"TX",48,0,1,0,0,0,0,30.54,-97.58,30.54,-97.58,0,0,0,0,0,491,0,0,0
633936,2018,4,7,"2018-04-07","19:05:00",3,"ID",16,0,2,0,0,29750000,0,43.48,-112.03,43.47,-111.98,0,0,0,0,0,19,0,0,0
634748,2018,5,10,"2018-05-10","00:15:00",3,"OH",39,0,0.75,0,0,0,0,39.51,-84.75,39.51,-84.75,0,0,0,0,0,17,0,0,0
634749,2018,5,10,"2018-05-10","11:20:00",3,"VA",51,0,1,0,0,0,0,36.77,-80.85,36.77,-80.85,0,0,0,0,0,35,0,0,0
634750,2018,5,10,"2018-05-10","11:22:00",3,"NC",37,0,0.88,0,0,0,0,36.481,-81.5303,36.481,-81.5303,0,0,0,0,0,9,0,0,0
634751,2018,5,10,"2018-05-10","11:48:00",3,"VA",51,0,0.75,0,0,0,0,37.52,-79.68,37.52,-79.68,0,0,0,0,0,23,0,0,0
634752,2018,5,10,"2018-05-10","12:00:00",3,"NC",37,0,1,0,0,0,0,35.695,-81.701,35.695,-81.701,0,0,0,0,0,23,0,0,0
634753,2018,5,10,"2018-05-10","12:11:00",3,"PA",42,0,0.75,0,0,0,0,40.44,-79.98,40.44,-79.98,0,0,0,0,0,3,0,0,0
634754,2018,5,10,"2018-05-10","12:25:00",3,"VA",51,0,0.88,0,0,0,0,37.55,-79.44,37.55,-79.44,0,0,0,0,0,19,0,0,0
634755,2018,5,10,"2018-05-10","12:30:00",3,"VA",51,0,0.75,0,0,0,0,37.3897,-79.5902,37.3897,-79.5902,0,0,0,0,0,19,0,0,0
634756,2018,5,10,"2018-05-10","12:33:00",3,"VA",51,0,1,0,0,0,0,37.8596,-78.8111,37.8596,-78.8111,0,0,0,0,0,125,0,0,0
634757,2018,5,10,"2018-05-10","12:39:00",3,"WV",54,0,1,0,0,0,0,39.68,-79.78,39.68,-79.78,0,0,0,0,0,61,0,0,0
634758,2018,5,10,"2018-05-10","12:43:00",3,"VA",51,0,1,0,0,0,0,37.98,-78.25,37.98,-78.25,0,0,0,0,0,65,0,0,0
634759,2018,5,10,"2018-05-10","12:44:00",3,"NC",37,0,1,0,0,0,0,36.464,-80.61,36.464,-80.61,0,0,0,0,0,171,0,0,0
634760,2018,5,10,"2018-05-10","12:44:00",3,"WV",54,0,1,0,0,0,0,39.4,-80.04,39.4,-80.04,0,0,0,0,0,49,0,0,0
634761,2018,5,10,"2018-05-10","12:50:00",3,"VA",51,0,1,0,0,0,0,37.5856,-79.0504,37.5856,-79.0504,0,0,0,0,0,9,0,0,0
634762,2018,5,10,"2018-05-10","12:52:00",3,"VA",51,0,1,0,0,0,0,36.73,-80.22,36.73,-80.22,0,0,0,0,0,141,0,0,0
634763,2018,5,10,"2018-05-10","12:55:00",3,"WV",54,0,0.88,0,0,0,0,39.38,-79.96,39.38,-79.96,0,0,0,0,0,91,0,0,0
634764,2018,5,10,"2018-05-10","12:55:00",3,"NC",37,0,0.75,0,0,0,0,35.263,-82.182,35.263,-82.182,0,0,0,0,0,149,0,0,0
634765,2018,5,10,"2018-05-10","13:07:00",3,"VA",51,0,1,0,0,0,0,37.42,-79.13,37.42,-79.13,0,0,0,0,0,9,0,0,0
634766,2018,5,10,"2018-05-10","13:32:00",3,"NC",37,0,1,0,0,0,0,35.3,-82.16,35.3,-82.16,0,0,0,0,0,149,0,0,0
634767,2018,5,10,"2018-05-10","13:32:00",3,"NC",37,0,1.75,0,0,0,0,35.3,-82.16,35.28,-82.127,0,0,0,0,0,149,0,0,0
634768,2018,5,10,"2018-05-10","13:34:00",3,"VA",51,0,1,0,0,0,0,37.4578,-78.682,37.4578,-78.682,0,0,0,0,0,29,0,0,0
634769,2018,5,10,"2018-05-10","13:35:00",3,"NC",37,0,0.75,0,0,0,0,35.281,-82.068,35.281,-82.068,0,0,0,0,0,149,0,0,0
634770,2018,5,10,"2018-05-10","13:45:00",3,"NC",37,0,0.75,0,0,0,0,35.25,-82.13,35.25,-82.13,0,0,0,0,0,149,0,0,0
634771,2018,5,10,"2018-05-10","13:53:00",3,"WV",54,0,1,0,0,0,0,39.3223,-77.8394,39.3223,-77.8394,0,0,0,0,0,37,0,0,0
634772,2018,5,10,"2018-05-10","14:00:00",3,"NC",37,0,1,0,0,0,0,35.28,-82.06,35.28,-82.06,0,0,0,0,0,149,0,0,0
634773,2018,5,10,"2018-05-10","14:05:00",3,"NC",37,0,1,0,0,0,0,35.63,-81.52,35.63,-81.52,0,0,0,0,0,23,0,0,0
634774,2018,5,10,"2018-05-10","14:10:00",3,"NC",37,0,1,0,0,0,0,35.61,-81.48,35.61,-81.48,0,0,0,0,0,35,0,0,0
634775,2018,5,10,"2018-05-10","14:15:00",3,"PA",42,0,0.88,0,0,0,0,40.05,-77.52,40.05,-77.52,0,0,0,0,0,41,0,0,0
634776,2018,5,10,"2018-05-10","14:15:00",3,"VA",51,0,1.5,0,0,0,0,39.1977,-77.7204,39.1977,-77.7204,0,0,0,0,0,107,0,0,0
634777,2018,5,10,"2018-05-10","14:29:00",3,"VA",51,0,1,0,0,0,0,37.65,-77.62,37.65,-77.62,0,0,0,0,0,87,0,0,0
634778,2018,5,10,"2018-05-10","14:30:00",3,"VA",51,0,1,0,0,0,0,39.2012,-77.6103,39.2012,-77.6103,0,0,0,0,0,107,0,0,0
634779,2018,5,10,"2018-05-10","14:31:00",3,"NC",37,0,1,0,0,0,0,35.92,-81.18,35.92,-81.18,0,0,0,0,0,3,0,0,0
634780,2018,5,10,"2018-05-10","14:32:00",3,"VA",51,0,1,0,0,0,0,37.64,-77.51,37.64,-77.51,0,0,0,0,0,87,0,0,0
634781,2018,5,10,"2018-05-10","14:32:00",3,"VA",51,0,1,0,0,0,0,37.67,-77.62,37.67,-77.62,0,0,0,0,0,87,0,0,0
634782,2018,5,10,"2018-05-10","14:33:00",3,"VA",51,0,0.88,0,0,0,0,37.18,-78.66,37.18,-78.66,0,0,0,0,0,37,0,0,0
634783,2018,5,10,"2018-05-10","14:34:00",3,"NC",37,0,1,0,0,0,0,36.3142,-80.139,36.3142,-80.139,0,0,0,0,0,169,0,0,0
634784,2018,5,10,"2018-05-10","14:35:00",3,"VA",51,0,1,0,0,0,0,37.66,-77.48,37.66,-77.48,0,0,0,0,0,87,0,0,0
634785,2018,5,10,"2018-05-10","14:38:00",3,"VA",51,0,1,0,0,0,0,37.67,-77.47,37.67,-77.47,0,0,0,0,0,87,0,0,0
634786,2018,5,10,"2018-05-10","15:00:00",3,"VA",51,0,1,0,0,0,0,37.33,-77.64,37.33,-77.64,0,0,0,0,0,41,0,0,0
634787,2018,5,10,"2018-05-10","15:23:00",3,"PA",42,0,1,0,0,0,0,39.88,-76.98,39.88,-76.98,0,0,0,0,0,1,0,0,0
634788,2018,5,10,"2018-05-10","15:25:00",3,"NC",37,0,1.75,0,0,0,0,36.17,-78.88,36.17,-78.88,0,0,0,0,0,63,0,0,0
634789,2018,5,10,"2018-05-10","15:25:00",3,"VA",51,0,1,0,0,0,0,37.16,-77.69,37.16,-77.69,0,0,0,0,0,53,0,0,0
634790,2018,5,10,"2018-05-10","15:33:00",3,"MD",24,0,1,0,0,0,0,39.4743,-76.9601,39.4743,-76.9601,0,0,0,0,0,13,0,0,0
634791,2018,5,10,"2018-05-10","15:40:00",3,"NE",31,0,1.75,0,0,0,0,42.81,-102.09,42.81,-102.09,0,0,0,0,0,31,0,0,0
634792,2018,5,10,"2018-05-10","15:44:00",3,"PA",42,0,0.75,0,0,0,0,41.35,-75.78,41.35,-75.78,0,0,0,0,0,79,0,0,0
634793,2018,5,10,"2018-05-10","15:50:00",3,"NE",31,0,1,0,0,0,0,41.44,-102.3,41.44,-102.3,0,0,0,0,0,69,0,0,0
634794,2018,5,10,"2018-05-10","15:50:00",3,"PA",42,0,0.88,0,0,0,0,41.36,-75.7,41.36,-75.7,0,0,0,0,0,69,0,0,0
634795,2018,5,10,"2018-05-10","15:53:00",3,"PA",42,0,1,0,0,0,0,39.77,-76.68,39.77,-76.68,0,0,0,0,0,133,0,0,0
634796,2018,5,10,"2018-05-10","15:55:00",3,"PA",42,0,1,0,0,0,0,39.75,-76.59,39.75,-76.59,0,0,0,0,0,133,0,0,0
634797,2018,5,10,"2018-05-10","16:00:00",3,"SC",45,0,0.75,0,0,0,0,34.79,-82.49,34.79,-82.49,0,0,0,0,0,7,0,0,0
634798,2018,5,10,"2018-05-10","16:08:00",3,"PA",42,0,1,0,0,0,0,40.3095,-76.6493,40.3095,-76.6493,0,0,0,0,0,43,0,0,0
634799,2018,5,10,"2018-05-10","16:09:00",3,"PA",42,0,1.5,0,0,0,0,39.75,-76.59,39.75,-76.59,0,0,0,0,0,133,0,0,0
634800,2018,5,10,"2018-05-10","16:11:00",3,"NE",31,0,1,0,0,0,0,42.58,-101.9,42.58,-101.9,0,0,0,0,0,31,0,0,0
634801,2018,5,10,"2018-05-10","16:14:00",3,"IN",18,0,2,0,0,1e+05,0,37.98,-87.55,37.98,-87.55,0,0,0,0,0,163,0,0,0
634802,2018,5,10,"2018-05-10","16:15:00",3,"PA",42,0,1,0,0,0,0,40.31,-76.59,40.31,-76.59,0,0,0,0,0,75,0,0,0
634803,2018,5,10,"2018-05-10","16:18:00",3,"NC",37,0,1.5,0,0,15000,0,36.07,-78.94,36.07,-78.94,0,0,0,0,0,63,0,0,0
634804,2018,5,10,"2018-05-10","16:25:00",3,"IN",18,0,1,0,0,0,0,37.98,-87.55,37.9391,-87.4981,0,0,0,0,0,163,0,0,0
634805,2018,5,10,"2018-05-10","16:40:00",3,"KY",21,0,0.75,0,0,0,0,37.83,-87.58,37.83,-87.58,0,0,0,0,0,101,0,0,0
634806,2018,5,10,"2018-05-10","16:40:00",3,"MD",24,0,1,0,0,0,0,39.7107,-76.3471,39.7107,-76.3471,0,0,0,0,0,25,0,0,0
634807,2018,5,10,"2018-05-10","16:40:00",3,"NE",31,0,1.5,0,0,0,0,41.55,-103.41,41.55,-103.41,0,0,0,0,0,7,0,0,0
634808,2018,5,10,"2018-05-10","16:47:00",3,"IN",18,0,1.5,0,0,0,0,37.95,-87.42,37.95,-87.42,0,0,0,0,0,173,0,0,0
634809,2018,5,10,"2018-05-10","16:50:00",3,"NE",31,0,1,0,0,0,0,41.44,-102.3,41.44,-102.3,0,0,0,0,0,69,0,0,0
634810,2018,5,10,"2018-05-10","16:50:00",3,"NE",31,0,1.5,0,0,0,0,41.55,-103.4112,41.55,-103.4112,0,0,0,0,0,7,0,0,0
634811,2018,5,10,"2018-05-10","16:54:00",3,"PA",42,0,1,0,0,0,0,39.73,-76.03,39.73,-76.03,0,0,0,0,0,29,0,0,0
634812,2018,5,10,"2018-05-10","17:08:00",3,"NE",31,0,1,0,0,0,0,42.29,-102.46,42.29,-102.46,0,0,0,0,0,161,0,0,0
634813,2018,5,10,"2018-05-10","17:10:00",3,"CO",8,0,1.25,0,0,0,0,40.9,-102.27,40.9,-102.27,0,0,0,0,0,115,0,0,0
634814,2018,5,10,"2018-05-10","17:10:00",3,"NE",31,0,1.75,0,0,0,0,41.96,-102.14,41.96,-102.14,0,0,0,0,0,69,0,0,0
634815,2018,5,10,"2018-05-10","17:13:00",3,"NE",31,0,1.25,0,0,0,0,42.77,-101.47,42.77,-101.47,0,0,0,0,0,31,0,0,0
634816,2018,5,10,"2018-05-10","17:13:00",3,"NE",31,0,1,0,0,0,0,42.81,-102.16,42.81,-102.16,0,0,0,0,0,161,0,0,0
634817,2018,5,10,"2018-05-10","17:15:00",3,"VA",51,0,1,0,0,0,0,36.67,-81.92,36.67,-81.92,0,0,0,0,0,191,0,0,0
634818,2018,5,10,"2018-05-10","17:18:00",3,"KY",21,0,0.88,0,0,0,0,37.8055,-87.25,37.8055,-87.25,0,0,0,0,0,59,0,0,0
634819,2018,5,10,"2018-05-10","17:25:00",3,"IN",18,0,1,0,0,0,0,38.35,-87.57,38.3198,-87.4631,0,0,0,0,0,51,0,0,0
634820,2018,5,10,"2018-05-10","17:32:00",3,"NE",31,0,1,0,0,0,0,42.33,-102.29,42.33,-102.29,0,0,0,0,0,161,0,0,0
634821,2018,5,10,"2018-05-10","17:35:00",3,"NE",31,0,1.25,0,0,0,0,42.69,-101.25,42.69,-101.25,0,0,0,0,0,31,0,0,0
634822,2018,5,10,"2018-05-10","17:44:00",3,"NC",37,0,1,0,0,0,0,35.95,-77.79,35.93,-77.72,0,0,0,0,0,65,0,0,0
634823,2018,5,10,"2018-05-10","17:45:00",3,"CO",8,0,0.75,0,0,0,0,40.51,-102.84,40.51,-102.84,0,0,0,0,0,75,0,0,0
634824,2018,5,10,"2018-05-10","17:49:00",3,"KY",21,0,0.75,0,0,0,0,37.77,-87.12,37.77,-87.12,0,0,0,0,0,59,0,0,0
634825,2018,5,10,"2018-05-10","18:02:00",3,"NE",31,0,1.75,0,0,0,0,41.53,-102.18,41.53,-102.18,0,0,0,0,0,69,0,0,0
634826,2018,5,10,"2018-05-10","18:20:00",3,"TN",47,0,1,0,0,0,0,36.18,-82.75,36.18,-82.75,0,0,0,0,0,59,0,0,0
634827,2018,5,10,"2018-05-10","18:30:00",3,"CO",8,0,1,0,0,0,0,40.5,-102.42,40.5,-102.42,0,0,0,0,0,95,0,0,0
634828,2018,5,10,"2018-05-10","18:40:00",3,"NE",31,0,1,0,0,0,0,41.04,-101.72,41.04,-101.72,0,0,0,0,0,101,0,0,0
634829,2018,5,10,"2018-05-10","18:48:00",3,"NE",31,0,2,0,0,0,0,41.36,-102.18,41.36,-102.18,0,0,0,0,0,69,0,0,0
634830,2018,5,10,"2018-05-10","18:59:00",3,"NE",31,0,1.5,0,0,0,0,41.33,-102.14,41.33,-102.14,0,0,0,0,0,69,0,0,0
634831,2018,5,10,"2018-05-10","19:00:00",3,"NE",31,0,2,0,0,0,0,41.34,-102.13,41.34,-102.13,0,0,0,0,0,69,0,0,0
634832,2018,5,10,"2018-05-10","19:02:00",3,"CO",8,0,1,0,0,0,0,40.58,-102.3,40.58,-102.3,0,0,0,0,0,95,0,0,0
634833,2018,5,10,"2018-05-10","19:07:00",3,"CO",8,0,1.5,0,0,0,0,40.53,-102.22,40.53,-102.22,0,0,0,0,0,95,0,0,0
634834,2018,5,10,"2018-05-10","19:07:00",3,"NE",31,0,1,0,0,0,0,41.69,-101.69,41.69,-101.69,0,0,0,0,0,5,0,0,0
634835,2018,5,10,"2018-05-10","19:10:00",3,"NC",37,0,1,0,0,0,0,35.8108,-76.8977,35.8108,-76.8977,0,0,0,0,0,117,0,0,0
634836,2018,5,10,"2018-05-10","19:15:00",3,"NC",37,0,1,0,0,0,0,35.8121,-76.75,35.8121,-76.75,0,0,0,0,0,187,0,0,0
634837,2018,5,10,"2018-05-10","19:27:00",3,"NE",31,0,1.25,0,0,0,0,41.05,-101.6,41.05,-101.6,0,0,0,0,0,101,0,0,0
634838,2018,5,10,"2018-05-10","19:40:00",3,"NE",31,0,1.75,0,0,0,0,41.02,-101.36,41.02,-101.36,0,0,0,0,0,101,0,0,0
634839,2018,5,10,"2018-05-10","19:42:00",3,"NE",31,0,1,0,0,0,0,40.84,-101.73,40.84,-101.73,0,0,0,0,0,135,0,0,0
634840,2018,5,10,"2018-05-10","19:47:00",3,"NE",31,0,1.75,0,0,0,0,40.84,-101.73,40.84,-101.73,0,0,0,0,0,135,0,0,0
634841,2018,5,10,"2018-05-10","22:03:00",3,"KY",21,0,1,0,0,0,0,37.01,-84.67,37.01,-84.67,0,0,0,0,0,199,0,0,0
634842,2018,5,10,"2018-05-10","23:21:00",3,"NE",31,0,1,0,0,0,0,40.7,-99.1182,40.7,-99.1182,0,0,0,0,0,19,0,0,0
634843,2018,5,10,"2018-05-10","23:50:00",3,"NE",31,0,2,0,0,0,0,41.19,-101.72,41.19,-101.72,0,0,0,0,0,101,0,0,0
634844,2018,5,11,"2018-05-11","00:00:00",3,"NE",31,0,2.5,0,0,0,0,41.19,-101.72,41.19,-101.72,0,0,0,0,0,101,0,0,0
634845,2018,5,11,"2018-05-11","01:05:00",3,"NE",31,0,1.75,0,0,0,0,41.24,-101.11,41.24,-101.11,0,0,0,0,0,111,0,0,0
634846,2018,5,11,"2018-05-11","01:17:00",3,"NE",31,0,1,0,0,0,0,40.65,-98.39,40.65,-98.39,0,0,0,0,0,1,0,0,0
634847,2018,5,11,"2018-05-11","02:00:00",3,"NE",31,0,1,0,0,0,0,40.6866,-99.0727,40.6866,-99.0727,0,0,0,0,0,19,0,0,0
634848,2018,5,11,"2018-05-11","12:42:00",3,"VA",51,0,1,0,0,0,0,36.94,-82.15,36.94,-82.15,0,0,0,0,0,167,0,0,0
634849,2018,5,11,"2018-05-11","15:29:00",3,"NC",37,0,0.75,0,0,0,0,35.93,-80.82,35.93,-80.82,0,0,0,0,0,97,0,0,0
634850,2018,5,11,"2018-05-11","15:47:00",3,"VA",51,0,0.88,0,0,0,0,36.6,-80.63,36.6,-80.63,0,0,0,0,0,35,0,0,0
634851,2018,5,11,"2018-05-11","16:15:00",3,"WY",56,0,1,0,0,0,0,41.6748,-107.9872,41.7639,-107.6168,0,0,0,0,0,37,0,0,0
634852,2018,5,11,"2018-05-11","17:28:00",3,"WY",56,0,0.88,0,0,0,0,41.78,-107.31,41.78,-107.31,0,0,0,0,0,7,0,0,0
634853,2018,5,11,"2018-05-11","17:34:00",3,"WY",56,0,1,0,0,0,0,41.78,-107.23,41.78,-107.23,0,0,0,0,0,7,0,0,0
634854,2018,5,11,"2018-05-11","17:35:00",3,"WY",56,0,1.25,0,0,0,0,41.8,-107.23,41.8,-107.23,0,0,0,0,0,7,0,0,0
634855,2018,5,11,"2018-05-11","17:39:00",3,"WY",56,0,1,0,0,0,0,41.78,-107.23,41.78,-107.23,0,0,0,0,0,7,0,0,0
634856,2018,5,11,"2018-05-11","17:46:00",3,"WY",56,0,1.75,0,0,0,0,41.78,-107.23,41.78,-107.23,0,0,0,0,0,7,0,0,0
634857,2018,5,11,"2018-05-11","17:49:00",3,"WY",56,0,1.25,0,0,0,0,41.78,-107.12,41.78,-107.12,0,0,0,0,0,7,0,0,0
634858,2018,5,11,"2018-05-11","18:06:00",3,"TX",48,0,1,0,0,0,0,35.45,-100.28,35.45,-100.28,0,0,0,0,0,483,0,0,0
634859,2018,5,11,"2018-05-11","18:15:00",3,"WY",56,0,1.75,0,0,0,0,41.78,-107.02,41.78,-107.02,0,0,0,0,0,7,0,0,0
634860,2018,5,12,"2018-05-12","01:04:00",3,"IA",19,0,1,0,0,0,0,41.51,-94.31,41.51,-94.31,0,0,0,0,0,77,0,0,0
634861,2018,5,12,"2018-05-12","02:35:00",3,"IA",19,0,1,0,0,0,0,41.31,-93.73,41.31,-93.73,0,0,0,0,0,181,0,0,0
634862,2018,5,12,"2018-05-12","13:43:00",3,"PA",42,0,1,0,0,0,0,40.43,-79.7,40.43,-79.7,0,0,0,0,0,129,0,0,0
634863,2018,5,12,"2018-05-12","13:44:00",3,"OH",39,0,1.5,0,0,0,0,40.22,-80.88,40.22,-80.88,0,0,0,0,0,81,0,0,0
634864,2018,5,12,"2018-05-12","13:45:00",3,"OH",39,0,0.75,0,0,0,0,39.95,-82.92,39.95,-82.92,0,0,0,0,0,49,0,0,0
634865,2018,5,12,"2018-05-12","13:50:00",3,"PA",42,0,1,0,0,0,0,40.41,-79.57,40.41,-79.57,0,0,0,0,0,129,0,0,0
634866,2018,5,12,"2018-05-12","13:57:00",3,"PA",42,0,1,0,0,0,0,40.39,-79.42,40.39,-79.42,0,0,0,0,0,129,0,0,0
634867,2018,5,12,"2018-05-12","14:00:00",3,"WV",54,0,1,0,0,0,0,40.12,-80.7,40.12,-80.7,0,0,0,0,0,69,0,0,0
634868,2018,5,12,"2018-05-12","14:18:00",3,"PA",42,0,1.25,0,0,0,0,40.1,-80.51,40.1,-80.51,0,0,0,0,0,125,0,0,0
634869,2018,5,12,"2018-05-12","14:29:00",3,"PA",42,0,1.25,0,0,0,0,40.14,-79.9,40.14,-79.9,0,0,0,0,0,125,0,0,0
634870,2018,5,12,"2018-05-12","14:32:00",3,"PA",42,0,1,0,0,0,0,40.15,-79.54,40.15,-79.54,0,0,0,0,0,129,0,0,0
634871,2018,5,12,"2018-05-12","14:35:00",3,"GA",13,0,0.75,0,0,0,0,33.47,-82.11,33.47,-82.11,0,0,0,0,0,245,0,0,0
634872,2018,5,12,"2018-05-12","14:37:00",3,"PA",42,0,1,0,0,0,0,40.13,-79.84,40.13,-79.84,0,0,0,0,0,129,0,0,0
634873,2018,5,12,"2018-05-12","14:39:00",3,"GA",13,0,0.5,0,0,100,100,33.47,-82.08,33.47,-82.08,0,0,0,0,0,245,0,0,0
634874,2018,5,12,"2018-05-12","14:44:00",3,"GA",13,0,0.25,0,0,100,100,33.46,-82.08,33.46,-82.08,0,0,0,0,0,245,0,0,0
634875,2018,5,12,"2018-05-12","14:45:00",3,"PA",42,0,1,0,0,0,0,40.15,-79.74,40.15,-79.74,0,0,0,0,0,129,0,0,0
634876,2018,5,12,"2018-05-12","14:58:00",3,"OH",39,0,1,0,0,0,0,39.7992,-82.0826,39.7992,-82.0826,0,0,0,0,0,127,0,0,0
634877,2018,5,12,"2018-05-12","15:40:00",3,"PA",42,0,1.75,0,0,0,0,40.23,-80.08,40.23,-80.08,0,0,0,0,0,125,0,0,0
634878,2018,5,12,"2018-05-12","17:33:00",3,"MD",24,0,1,0,0,0,0,39.72,-76.92,39.72,-76.92,0,0,0,0,0,13,0,0,0
634879,2018,5,12,"2018-05-12","17:35:00",3,"PA",42,0,1,0,0,0,0,39.84,-75.74,39.84,-75.74,0,0,0,0,0,29,0,0,0
634880,2018,5,12,"2018-05-12","17:46:00",3,"VA",51,0,1,0,0,0,0,38.86,-77.26,38.86,-77.26,0,0,0,0,0,59,0,0,0
634881,2018,5,12,"2018-05-12","17:50:00",3,"MD",24,0,1,0,0,0,0,39.53,-75.81,39.53,-75.81,0,0,0,0,0,15,0,0,0
634882,2018,5,12,"2018-05-12","18:00:00",3,"MD",24,0,1.75,0,0,0,0,39.2645,-76.7417,39.2645,-76.7417,0,0,0,0,0,5,0,0,0
634883,2018,5,12,"2018-05-12","18:00:00",3,"MD",24,0,1,0,0,0,0,39.262,-76.658,39.262,-76.658,0,0,0,0,0,5,0,0,0
634884,2018,5,12,"2018-05-12","18:03:00",3,"MD",24,0,1,0,0,0,0,39.266,-76.679,39.266,-76.679,0,0,0,0,0,5,0,0,0
634885,2018,5,12,"2018-05-12","18:05:00",3,"MD",24,0,1,0,0,0,0,39.2734,-76.6048,39.2734,-76.6048,0,0,0,0,0,5,0,0,0
634886,2018,5,12,"2018-05-12","18:12:00",3,"MD",24,0,1,0,0,0,0,39.3,-75.86,39.3,-75.86,0,0,0,0,0,29,0,0,0
634887,2018,5,12,"2018-05-12","18:30:00",3,"MD",24,0,1.25,0,0,0,0,39.0612,-76.6958,39.0612,-76.6958,0,0,0,0,0,3,0,0,0
634888,2018,5,12,"2018-05-12","18:30:00",3,"MD",24,0,1,0,0,0,0,39.1579,-76.6268,39.1579,-76.6268,0,0,0,0,0,3,0,0,0
634889,2018,5,12,"2018-05-12","18:35:00",3,"MD",24,0,1.75,0,0,0,0,39.22,-76.07,39.22,-76.07,0,0,0,0,0,29,0,0,0
634890,2018,5,12,"2018-05-12","18:58:00",3,"DE",10,0,1,0,0,0,0,39.01,-75.46,39.01,-75.46,0,0,0,0,0,1,0,0,0
634891,2018,5,12,"2018-05-12","19:53:00",3,"MD",24,0,1,0,0,0,0,38.5341,-76.9705,38.5341,-76.9705,0,0,0,0,0,17,0,0,0
634892,2018,5,12,"2018-05-12","20:15:00",3,"MD",24,0,1,0,0,0,0,38.4832,-76.5488,38.4832,-76.5488,0,0,0,0,0,9,0,0,0
634893,2018,5,12,"2018-05-12","21:53:00",3,"IL",17,0,0.75,0,0,0,0,41.17,-90.04,41.17,-90.04,0,0,0,0,0,73,0,0,0
634894,2018,5,12,"2018-05-12","22:58:00",3,"MD",24,0,1.5,0,0,0,0,38.12,-75.71,38.12,-75.71,0,0,0,0,0,39,0,0,0
634895,2018,5,13,"2018-05-13","10:50:00",3,"IA",19,0,1,0,0,0,0,41.69,-93.91,41.69,-93.91,0,0,0,0,0,49,0,0,0
634896,2018,5,13,"2018-05-13","13:35:00",3,"IA",19,0,0.88,0,0,0,0,41.24,-91.77,41.24,-91.77,0,0,0,0,0,183,0,0,0
634897,2018,5,13,"2018-05-13","13:37:00",3,"IA",19,0,0.88,0,0,0,0,41.26,-91.76,41.26,-91.76,0,0,0,0,0,183,0,0,0
634898,2018,5,13,"2018-05-13","14:25:00",3,"IL",17,0,1,0,0,0,0,41.12,-90.4,41.12,-90.4,0,0,0,0,0,95,0,0,0
634899,2018,5,13,"2018-05-13","14:31:00",3,"IL",17,0,1.25,0,0,0,0,41.1034,-90.3468,41.1034,-90.3468,0,0,0,0,0,95,0,0,0
634900,2018,5,13,"2018-05-13","15:28:00",3,"OH",39,0,1,0,0,0,0,39.83,-82.33,39.83,-82.33,0,0,0,0,0,127,0,0,0
634901,2018,5,13,"2018-05-13","15:32:00",3,"IL",17,0,0.75,0,0,0,0,40.92,-89.48,40.92,-89.48,0,0,0,0,0,143,0,0,0
634902,2018,5,13,"2018-05-13","15:39:00",3,"IL",17,0,1,0,0,0,0,41.0366,-89.0573,41.0366,-89.0573,0,0,0,0,0,123,0,0,0
634903,2018,5,13,"2018-05-13","16:00:00",3,"OK",40,0,0.75,0,0,0,0,36.52,-100.39,36.52,-100.39,0,0,0,0,0,7,0,0,0
634904,2018,5,13,"2018-05-13","16:17:00",3,"VA",51,0,1,0,0,0,0,38.6241,-78.0061,38.6241,-78.0061,0,0,0,0,0,47,0,0,0
634905,2018,5,13,"2018-05-13","16:21:00",3,"TX",48,0,0.88,0,0,0,0,34.94,-100.89,34.94,-100.89,0,0,0,0,0,129,0,0,0
634906,2018,5,13,"2018-05-13","16:25:00",3,"TX",48,0,2,0,0,0,0,35.78,-100.64,35.78,-100.64,0,0,0,0,0,393,0,0,0
634907,2018,5,13,"2018-05-13","16:30:00",3,"TX",48,0,1,0,0,0,0,34.94,-100.89,34.94,-100.89,0,0,0,0,0,129,0,0,0
634908,2018,5,13,"2018-05-13","16:35:00",3,"TX",48,0,2.5,0,0,0,0,35.23,-100.38,35.23,-100.38,0,0,0,0,0,483,0,0,0
634909,2018,5,13,"2018-05-13","16:37:00",3,"TX",48,0,1.75,0,0,0,0,36.13,-100.65,36.13,-100.65,0,0,0,0,0,357,0,0,0
634910,2018,5,13,"2018-05-13","16:39:00",3,"TX",48,0,1.5,0,0,0,0,36.13,-100.65,36.13,-100.65,0,0,0,0,0,357,0,0,0
634911,2018,5,13,"2018-05-13","16:55:00",3,"OH",39,0,1,0,0,0,0,39.98,-81.46,39.98,-81.46,0,0,0,0,0,59,0,0,0
634912,2018,5,13,"2018-05-13","16:55:00",3,"KS",20,0,3.5,0,0,0,0,37.56,-99.25,37.56,-99.25,0,0,0,0,0,97,0,0,0
634913,2018,5,13,"2018-05-13","16:55:00",3,"TX",48,0,0.88,0,0,0,0,34.55,-100.4476,34.5099,-100.4098,0,0,0,0,0,191,0,0,0
634914,2018,5,13,"2018-05-13","17:08:00",3,"TX",48,0,0.88,0,0,0,0,36.46,-100.54,36.46,-100.54,0,0,0,0,0,295,0,0,0
634915,2018,5,13,"2018-05-13","17:11:00",3,"TX",48,0,1.5,0,0,0,0,36.09,-100.49,36.09,-100.49,0,0,0,0,0,295,0,0,0
634916,2018,5,13,"2018-05-13","17:11:00",3,"TX",48,0,1,0,0,0,0,36.46,-100.56,36.46,-100.56,0,0,0,0,0,357,0,0,0
634917,2018,5,13,"2018-05-13","17:15:00",3,"MD",24,0,1.75,0,0,0,0,39.6794,-78.1197,39.6794,-78.1197,0,0,0,0,0,43,0,0,0
634918,2018,5,13,"2018-05-13","17:15:00",3,"KS",20,0,1,0,0,0,0,37.61,-99.22,37.61,-99.22,0,0,0,0,0,97,0,0,0
634919,2018,5,13,"2018-05-13","17:16:00",3,"TX",48,0,0.88,0,0,0,0,34.5099,-100.4098,34.5099,-100.4098,0,0,0,0,0,191,0,0,0
634920,2018,5,13,"2018-05-13","17:20:00",3,"OK",40,0,1.75,0,0,0,0,36.69,-100.6,36.69,-100.6,0,0,0,0,0,7,0,0,0
634921,2018,5,13,"2018-05-13","17:25:00",3,"TX",48,0,1.25,0,0,0,0,35.21,-100.73,35.21,-100.73,0,0,0,0,0,179,0,0,0
634922,2018,5,13,"2018-05-13","17:25:00",3,"TX",48,0,2.75,0,0,0,0,36.07,-100.39,36.07,-100.39,0,0,0,0,0,295,0,0,0
634923,2018,5,13,"2018-05-13","17:30:00",3,"WV",54,0,1,0,0,0,0,39.619,-78.0897,39.619,-78.0897,0,0,0,0,0,65,0,0,0
634924,2018,5,13,"2018-05-13","17:32:00",3,"TX",48,0,1.25,0,0,0,0,36.1,-100.37,36.1,-100.37,0,0,0,0,0,295,0,0,0
634925,2018,5,13,"2018-05-13","17:44:00",3,"TX",48,0,2,0,0,0,0,34.5099,-100.4098,34.5099,-100.4098,0,0,0,0,0,191,0,0,0
634926,2018,5,13,"2018-05-13","18:00:00",3,"TX",48,0,1.75,0,0,0,0,36.23,-100.27,36.23,-100.27,0,0,0,0,0,295,0,0,0
634927,2018,5,13,"2018-05-13","18:10:00",3,"TX",48,0,1,0,0,0,0,34.55,-100.6233,34.55,-100.6233,0,0,0,0,0,191,0,0,0
634928,2018,5,13,"2018-05-13","18:10:00",3,"KS",20,0,1.5,0,0,0,0,37.22,-100.31,37.22,-100.31,0,0,0,0,0,119,0,0,0
634929,2018,5,13,"2018-05-13","18:10:00",3,"KS",20,0,1,0,0,0,0,37.23,-100.33,37.23,-100.33,0,0,0,0,0,119,0,0,0
634930,2018,5,13,"2018-05-13","18:13:00",3,"TX",48,0,1,0,0,0,0,35.94,-100.37,35.94,-100.37,0,0,0,0,0,211,0,0,0
634931,2018,5,13,"2018-05-13","18:20:00",3,"KS",20,0,1.75,0,0,0,0,37.17,-100.35,37.17,-100.35,0,0,0,0,0,119,0,0,0
634932,2018,5,13,"2018-05-13","18:36:00",3,"KS",20,0,1.5,0,0,0,0,37.11,-100.4,37.11,-100.4,0,0,0,0,0,119,0,0,0
634933,2018,5,13,"2018-05-13","18:48:00",3,"OH",39,0,0.75,0,0,0,0,39.44,-84.65,39.44,-84.65,0,0,0,0,0,17,0,0,0
634934,2018,5,13,"2018-05-13","18:50:00",3,"KS",20,0,1,0,0,0,0,38.47,-99.66,38.47,-99.66,0,0,0,0,0,135,0,0,0
634935,2018,5,13,"2018-05-13","18:50:00",3,"KS",20,0,1.25,0,0,0,0,38.49,-99.68,38.49,-99.68,0,0,0,0,0,135,0,0,0
634936,2018,5,13,"2018-05-13","18:50:00",3,"TX",48,0,1.75,0,0,1e+05,0,34.5645,-100.43,34.5172,-100.4233,0,0,0,0,0,191,0,0,0
634937,2018,5,13,"2018-05-13","19:10:00",3,"TX",48,0,1.5,0,0,0,0,35.61,-100.1,35.61,-100.1,0,0,0,0,0,483,0,0,0
634938,2018,5,13,"2018-05-13","19:11:00",3,"TX",48,0,1.5,0,0,0,0,34.28,-100.6,34.28,-100.6,0,0,0,0,0,345,0,0,0
634939,2018,5,13,"2018-05-13","19:13:00",3,"TX",48,0,1.75,0,0,0,0,35.61,-100.1,35.61,-100.1,0,0,0,0,0,483,0,0,0
634940,2018,5,13,"2018-05-13","19:15:00",3,"KS",20,0,1,0,0,0,0,37.3,-99.53,37.3,-99.53,0,0,0,0,0,33,0,0,0
634941,2018,5,13,"2018-05-13","19:18:00",3,"TX",48,0,1.75,0,0,0,0,34.5179,-100.4011,34.5179,-100.4011,0,0,0,0,0,75,0,0,0
634942,2018,5,13,"2018-05-13","19:18:00",3,"KS",20,0,1,0,0,0,0,37.29,-99.49,37.29,-99.49,0,0,0,0,0,33,0,0,0
634943,2018,5,13,"2018-05-13","19:20:00",3,"KS",20,0,0.88,0,0,0,0,37.32,-99.42,37.32,-99.42,0,0,0,0,0,33,0,0,0
634944,2018,5,13,"2018-05-13","19:29:00",3,"KS",20,0,1,0,0,0,0,38.9,-99.33,38.9,-99.33,0,0,0,0,0,51,0,0,0
634945,2018,5,13,"2018-05-13","19:30:00",3,"KS",20,0,1,0,0,0,0,38.93,-99.32,38.93,-99.32,0,0,0,0,0,51,0,0,0
634946,2018,5,13,"2018-05-13","19:35:00",3,"CO",8,0,0.88,0,0,0,0,40.23,-104.99,40.23,-104.99,0,0,0,0,0,123,0,0,0
634947,2018,5,13,"2018-05-13","19:35:00",3,"OH",39,0,0.88,0,0,0,0,39.54,-83.43,39.54,-83.43,0,0,0,0,0,47,0,0,0
634948,2018,5,13,"2018-05-13","19:51:00",3,"CO",8,0,0.88,0,0,0,0,40.38,-104.71,40.38,-104.71,0,0,0,0,0,123,0,0,0
634949,2018,5,13,"2018-05-13","19:57:00",3,"CO",8,0,1.5,0,0,0,0,39.4,-104.58,39.4,-104.58,0,0,0,0,0,39,0,0,0
634950,2018,5,13,"2018-05-13","20:00:00",3,"KS",20,0,1,0,0,0,0,39.2379,-99.02,39.2379,-99.02,0,0,0,0,0,141,0,0,0
634951,2018,5,13,"2018-05-13","20:00:00",3,"KS",20,0,1.5,0,0,0,0,38.06,-99.38,38.06,-99.38,0,0,0,0,0,47,0,0,0
634952,2018,5,13,"2018-05-13","20:05:00",3,"KS",20,0,1.75,0,0,0,0,38.58,-99.52,38.58,-99.52,0,0,0,0,0,165,0,0,0
634953,2018,5,13,"2018-05-13","20:10:00",3,"KS",20,0,1,0,0,0,0,38.1,-99.39,38.1,-99.39,0,0,0,0,0,145,0,0,0
634954,2018,5,13,"2018-05-13","20:18:00",3,"VA",51,0,1,0,0,0,0,38.7185,-77.1076,38.7185,-77.1076,0,0,0,0,0,59,0,0,0
634955,2018,5,13,"2018-05-13","20:20:00",3,"KS",20,0,2,0,0,0,0,38.59,-99.57,38.59,-99.57,0,0,0,0,0,165,0,0,0
634956,2018,5,13,"2018-05-13","20:32:00",3,"VA",51,0,1,0,0,0,0,38.7902,-77.1049,38.7902,-77.1049,0,0,0,0,0,59,0,0,0
634957,2018,5,13,"2018-05-13","20:36:00",3,"OH",39,0,1,0,0,0,0,39.26,-82.64,39.26,-82.64,0,0,0,0,0,163,0,0,0
634958,2018,5,13,"2018-05-13","20:46:00",3,"OH",39,0,1,0,0,0,0,39.53,-82.04,39.53,-82.04,0,0,0,0,0,115,0,0,0
634959,2018,5,13,"2018-05-13","21:00:00",3,"KS",20,0,1,0,0,0,0,38.71,-99.32,38.71,-99.32,0,0,0,0,0,51,0,0,0
634960,2018,5,13,"2018-05-13","21:04:00",3,"TX",48,0,0.88,0,0,0,0,34.42,-100.2,34.4302,-100.2124,0,0,0,0,0,75,0,0,0
634961,2018,5,13,"2018-05-13","22:05:00",3,"KS",20,0,1,0,0,0,0,38.74,-99.45,38.74,-99.45,0,0,0,0,0,51,0,0,0
634962,2018,5,13,"2018-05-13","22:19:00",3,"TX",48,0,1,0,0,0,0,34.42,-100.2,34.4311,-100.1676,0,0,0,0,0,75,0,0,0
634963,2018,5,14,"2018-05-14","00:22:00",3,"CO",8,0,0.75,0,0,0,0,39.87,-104.67,39.87,-104.67,0,0,0,0,0,31,0,0,0
634964,2018,5,14,"2018-05-14","00:41:00",3,"IA",19,0,0.75,0,0,0,0,42.45,-90.93,42.45,-90.93,0,0,0,0,0,61,0,0,0
634965,2018,5,14,"2018-05-14","01:30:00",3,"IA",19,0,1.25,0,0,0,0,42.02,-95.36,42.02,-95.36,0,0,0,0,0,47,0,0,0
634966,2018,5,14,"2018-05-14","01:33:00",3,"IA",19,0,1,0,0,0,0,42.02,-95.36,42.02,-95.36,0,0,0,0,0,47,0,0,0
634967,2018,5,14,"2018-05-14","03:56:00",3,"IA",19,0,0.75,0,0,0,0,41.77,-93.72,41.77,-93.72,0,0,0,0,0,153,0,0,0
634968,2018,5,14,"2018-05-14","04:58:00",3,"IA",19,0,0.75,0,0,0,0,41.7,-91.68,41.7,-91.68,0,0,0,0,0,103,0,0,0
634969,2018,5,14,"2018-05-14","05:00:00",3,"IA",19,0,0.75,0,0,0,0,41.68,-91.6,41.68,-91.6,0,0,0,0,0,103,0,0,0
634970,2018,5,14,"2018-05-14","05:08:00",3,"IN",18,0,0.88,0,0,0,0,41.65,-85.03,41.65,-85.03,0,0,0,0,0,151,0,0,0
634971,2018,5,14,"2018-05-14","05:30:00",3,"IN",18,0,0.75,0,0,0,0,41.52,-85.7,41.52,-85.7,0,0,0,0,0,39,0,0,0
634972,2018,5,14,"2018-05-14","06:02:00",3,"IA",19,0,1,0,0,0,0,41.92,-91.43,41.92,-91.43,0,0,0,0,0,113,0,0,0
634973,2018,5,14,"2018-05-14","06:05:00",3,"IA",19,0,1.75,0,0,0,0,41.92,-91.42,41.92,-91.42,0,0,0,0,0,113,0,0,0
634974,2018,5,14,"2018-05-14","06:08:00",3,"IA",19,0,1.25,0,0,0,0,41.93,-91.41,41.93,-91.41,0,0,0,0,0,113,0,0,0
634975,2018,5,14,"2018-05-14","06:21:00",3,"IA",19,0,1,0,0,0,0,42,-91.25,42,-91.25,0,0,0,0,0,105,0,0,0
634976,2018,5,14,"2018-05-14","06:50:00",3,"IN",18,0,0.75,0,0,0,0,41.48,-86.69,41.48,-86.69,0,0,0,0,0,91,0,0,0
634977,2018,5,14,"2018-05-14","06:51:00",3,"IN",18,0,1,0,0,0,0,41.48,-86.69,41.48,-86.69,0,0,0,0,0,91,0,0,0
634978,2018,5,14,"2018-05-14","06:51:00",3,"IN",18,0,1,0,0,0,0,41.38,-86.58,41.38,-86.58,0,0,0,0,0,149,0,0,0
634979,2018,5,14,"2018-05-14","07:00:00",3,"IN",18,0,0.75,0,0,0,0,41.32,-86.58,41.32,-86.58,0,0,0,0,0,149,0,0,0
634980,2018,5,14,"2018-05-14","10:30:00",3,"OH",39,0,0.75,0,0,0,0,39.99,-81.89,39.99,-81.89,0,0,0,0,0,119,0,0,0
634981,2018,5,14,"2018-05-14","10:30:00",3,"OH",39,0,1,0,0,0,0,40.01,-81.88,40.01,-81.88,0,0,0,0,0,119,0,0,0
634982,2018,5,14,"2018-05-14","11:30:00",3,"OH",39,0,1,0,0,0,0,39.63,-82.55,39.63,-82.55,0,0,0,0,0,45,0,0,0
634983,2018,5,14,"2018-05-14","11:39:00",3,"PA",42,0,1,0,0,0,0,40.17,-80.47,40.17,-80.47,0,0,0,0,0,125,0,0,0
634984,2018,5,14,"2018-05-14","11:39:00",3,"PA",42,0,2,0,0,0,0,40.14,-80.41,40.14,-80.41,0,0,0,0,0,125,0,0,0
634985,2018,5,14,"2018-05-14","11:45:00",3,"WV",54,0,1,0,0,0,0,40.09,-80.57,40.09,-80.57,0,0,0,0,0,69,0,0,0
634986,2018,5,14,"2018-05-14","11:48:00",3,"WV",54,0,1.25,0,0,0,0,40.05,-80.63,40.05,-80.63,0,0,0,0,0,69,0,0,0
634987,2018,5,14,"2018-05-14","11:50:00",3,"PA",42,0,1,0,0,0,0,40.05,-80.5,40.05,-80.5,0,0,0,0,0,125,0,0,0
634988,2018,5,14,"2018-05-14","11:52:00",3,"PA",42,0,1,0,0,0,0,40.03,-80.5,40.03,-80.5,0,0,0,0,0,125,0,0,0
634989,2018,5,14,"2018-05-14","11:56:00",3,"CO",8,0,0.75,0,0,0,0,39.7,-105.14,39.7,-105.14,0,0,0,0,0,59,0,0,0
634990,2018,5,14,"2018-05-14","11:57:00",3,"OH",39,0,0.75,0,0,0,0,39.66,-82.48,39.66,-82.48,0,0,0,0,0,73,0,0,0
634991,2018,5,14,"2018-05-14","12:03:00",3,"OH",39,0,1,0,0,0,0,39.75,-81.29,39.75,-81.29,0,0,0,0,0,111,0,0,0
634992,2018,5,14,"2018-05-14","12:07:00",3,"OH",39,0,1,0,0,0,0,39.5851,-82.2342,39.5851,-82.2342,0,0,0,0,0,127,0,0,0
634993,2018,5,14,"2018-05-14","12:24:00",3,"MO",29,0,1,0,0,0,0,39.14,-94.23,39.14,-94.23,0,0,0,0,0,95,0,0,0
634994,2018,5,14,"2018-05-14","12:26:00",3,"VA",51,0,1,0,0,0,0,38.2016,-79.0069,38.2016,-79.0069,0,0,0,0,0,15,0,0,0
634995,2018,5,14,"2018-05-14","12:34:00",3,"WV",54,0,1,0,0,0,0,39.73,-80.69,39.73,-80.69,0,0,0,0,0,51,0,0,0
634996,2018,5,14,"2018-05-14","12:44:00",3,"SD",46,0,0.88,0,0,0,0,43.87,-103.3702,43.87,-103.3702,0,0,0,0,0,103,0,0,0
634997,2018,5,14,"2018-05-14","12:49:00",3,"KS",20,0,0.75,0,0,0,0,38.13,-96.14,38.13,-96.14,0,0,0,0,0,73,0,0,0
634998,2018,5,14,"2018-05-14","13:05:00",3,"VA",51,0,1,0,0,0,0,38.2012,-78.4768,38.2012,-78.4768,0,0,0,0,0,3,0,0,0
634999,2018,5,14,"2018-05-14","13:05:00",3,"WY",56,0,1,0,0,0,0,41.5416,-105.59,41.5416,-105.59,0,0,0,0,0,1,0,0,0
635000,2018,5,14,"2018-05-14","13:08:00",3,"CO",8,0,1,0,0,0,0,39.44,-104.78,39.44,-104.78,0,0,0,0,0,35,0,0,0
635001,2018,5,14,"2018-05-14","13:12:00",3,"MO",29,0,1,0,0,0,0,39.02,-93.91,39.02,-93.91,0,0,0,0,0,107,0,0,0
635002,2018,5,14,"2018-05-14","13:21:00",3,"VA",51,0,1,0,0,0,0,38.25,-78.39,38.25,-78.39,0,0,0,0,0,79,0,0,0
635003,2018,5,14,"2018-05-14","13:25:00",3,"MO",29,0,1,0,0,0,0,38,-93.21,38,-93.21,0,0,0,0,0,85,0,0,0
635004,2018,5,14,"2018-05-14","13:25:00",3,"WV",54,0,0.75,0,0,0,0,39.5835,-79.636,39.5835,-79.636,0,0,0,0,0,77,0,0,0
635005,2018,5,14,"2018-05-14","13:29:00",3,"WV",54,0,0.75,0,0,0,0,39.28,-80.97,39.28,-80.97,0,0,0,0,0,85,0,0,0
635006,2018,5,14,"2018-05-14","13:36:00",3,"MO",29,0,0.75,0,0,0,0,38.21,-92.83,38.21,-92.83,0,0,0,0,0,141,0,0,0
635007,2018,5,14,"2018-05-14","13:37:00",3,"MO",29,0,1,0,0,0,0,38.86,-94.02,38.86,-94.02,0,0,0,0,0,101,0,0,0
635008,2018,5,14,"2018-05-14","13:42:00",3,"WV",54,0,1.75,0,0,0,0,39.08,-80.98,39.08,-80.98,0,0,0,0,0,85,0,0,0
635009,2018,5,14,"2018-05-14","13:44:00",3,"KS",20,0,1,0,0,0,0,38.02,-96.32,38.02,-96.32,0,0,0,0,0,73,0,0,0
635010,2018,5,14,"2018-05-14","13:50:00",3,"VA",51,0,1.75,0,0,0,0,37.9869,-78.834,37.9869,-78.834,0,0,0,0,0,125,0,0,0
635011,2018,5,14,"2018-05-14","13:50:00",3,"KS",20,0,0.88,0,0,0,0,38.88,-96.83,38.88,-96.83,0,0,0,0,0,61,0,0,0
635012,2018,5,14,"2018-05-14","13:55:00",3,"CO",8,0,1,0,0,0,0,39.41,-104.56,39.41,-104.56,0,0,0,0,0,39,0,0,0
635013,2018,5,14,"2018-05-14","14:02:00",3,"KS",20,0,0.75,0,0,0,0,38.01,-95.56,38.01,-95.56,0,0,0,0,0,207,0,0,0
635014,2018,5,14,"2018-05-14","14:05:00",3,"KS",20,0,1.75,0,0,0,0,38.88,-96.83,38.88,-96.83,0,0,0,0,0,61,0,0,0
635015,2018,5,14,"2018-05-14","14:12:00",3,"KS",20,0,1.5,0,0,0,0,38.04,-96.16,38.04,-96.16,0,0,0,0,0,73,0,0,0
635016,2018,5,14,"2018-05-14","14:18:00",3,"MO",29,0,1,0,0,0,0,39.43,-92.42,39.43,-92.42,0,0,0,0,0,175,0,0,0
635017,2018,5,14,"2018-05-14","14:20:00",3,"KS",20,0,0.75,0,0,0,0,38.08,-95.63,38.08,-95.63,0,0,0,0,0,31,0,0,0
635018,2018,5,14,"2018-05-14","14:24:00",3,"KS",20,0,1.75,0,0,0,0,38.08,-95.56,38.08,-95.56,0,0,0,0,0,31,0,0,0
635019,2018,5,14,"2018-05-14","14:25:00",3,"KS",20,0,0.88,0,0,0,0,37.93,-95.4,37.93,-95.4,0,0,0,0,0,1,0,0,0
635020,2018,5,14,"2018-05-14","14:26:00",3,"WV",54,0,1,0,0,0,0,39.09,-79.68,39.09,-79.68,0,0,0,0,0,93,0,0,0
635021,2018,5,14,"2018-05-14","14:28:00",3,"IA",19,0,0.88,0,0,0,0,41.6,-90.36,41.6,-90.36,0,0,0,0,0,163,0,0,0
635022,2018,5,14,"2018-05-14","14:32:00",3,"KS",20,0,0.75,0,0,0,0,37.05,-97.35,37.05,-97.35,0,0,0,0,0,191,0,0,0
635023,2018,5,14,"2018-05-14","14:36:00",3,"KS",20,0,1,0,0,0,0,37.98,-95.47,37.98,-95.47,0,0,0,0,0,1,0,0,0
635024,2018,5,14,"2018-05-14","14:42:00",3,"KS",20,0,0.88,0,0,0,0,37.98,-95.69,37.98,-95.69,0,0,0,0,0,207,0,0,0
635025,2018,5,14,"2018-05-14","14:45:00",3,"TX",48,0,1.75,0,0,0,0,32.72,-100.9,32.72,-100.9,0,0,0,0,0,415,0,0,0
635026,2018,5,14,"2018-05-14","14:54:00",3,"TX",48,0,0.75,0,0,0,0,31.94,-100.48,31.94,-100.48,0,0,0,0,0,81,0,0,0
635027,2018,5,14,"2018-05-14","14:55:00",3,"WY",56,0,1,0,0,0,0,41.2785,-104.3757,41.2785,-104.3757,0,0,0,0,0,21,0,0,0
635028,2018,5,14,"2018-05-14","14:58:00",3,"KS",20,0,0.88,0,0,0,0,37.08,-97.19,37.08,-97.19,0,0,0,0,0,191,0,0,0
635029,2018,5,14,"2018-05-14","15:01:00",3,"TX",48,0,0.88,0,0,0,0,34.38,-102.12,34.38,-102.12,0,0,0,0,0,69,0,0,0
635030,2018,5,14,"2018-05-14","15:05:00",3,"WV",54,0,1.5,0,0,0,0,39.4643,-77.9513,39.4643,-77.9513,0,0,0,0,0,3,0,0,0
635031,2018,5,14,"2018-05-14","15:13:00",3,"KS",20,0,0.75,0,0,0,0,37.95,-95.85,37.95,-95.85,0,0,0,0,0,207,0,0,0
635032,2018,5,14,"2018-05-14","15:15:00",3,"CO",8,0,0.75,0,0,0,0,39.35,-103.8,39.35,-103.8,0,0,0,0,0,39,0,0,0
635033,2018,5,14,"2018-05-14","15:15:00",3,"WV",54,0,1,0,0,0,0,39.3526,-78.0512,39.3526,-78.0512,0,0,0,0,0,3,0,0,0
635034,2018,5,14,"2018-05-14","15:15:00",3,"WV",54,0,1.75,0,0,0,0,39.2693,-77.9132,39.2693,-77.9132,0,0,0,0,0,37,0,0,0
635035,2018,5,14,"2018-05-14","15:15:00",3,"IL",17,0,1,0,0,0,0,41.6332,-89.43,41.6332,-89.43,0,0,0,0,0,103,0,0,0
635036,2018,5,14,"2018-05-14","15:15:00",3,"TX",48,0,1.75,0,0,0,0,31.97,-100.68,31.97,-100.68,0,0,0,0,0,81,0,0,0
635037,2018,5,14,"2018-05-14","15:15:00",3,"TX",48,0,1.5,0,0,0,0,31.95,-100.56,31.95,-100.56,0,0,0,0,0,81,0,0,0
635038,2018,5,14,"2018-05-14","15:25:00",3,"WV",54,0,1.5,0,0,0,0,39.3,-77.98,39.3,-77.98,0,0,0,0,0,37,0,0,0
635039,2018,5,14,"2018-05-14","15:30:00",3,"WV",54,0,1,0,0,0,0,39.3274,-77.8621,39.3274,-77.8621,0,0,0,0,0,37,0,0,0
635040,2018,5,14,"2018-05-14","15:30:00",3,"TX",48,0,1,0,0,0,0,35.44,-100.27,35.44,-100.27,0,0,0,0,0,483,0,0,0
635041,2018,5,14,"2018-05-14","15:30:00",3,"WY",56,0,1,0,0,0,0,41.44,-104.35,41.44,-104.35,0,0,0,0,0,21,0,0,0
635042,2018,5,14,"2018-05-14","15:32:00",3,"CO",8,0,1,0,0,0,0,39.44,-103.5,39.44,-103.5,0,0,0,0,0,73,0,0,0
635043,2018,5,14,"2018-05-14","15:32:00",3,"WV",54,0,2.5,0,0,0,0,39.29,-77.888,39.29,-77.888,0,0,0,0,0,37,0,0,0
635044,2018,5,14,"2018-05-14","15:33:00",3,"KS",20,0,0.75,0,0,0,0,37.83,-95.46,37.83,-95.46,0,0,0,0,0,1,0,0,0
635045,2018,5,14,"2018-05-14","15:34:00",3,"CO",8,0,1,0,0,0,0,39.38,-103.5,39.38,-103.5,0,0,0,0,0,73,0,0,0
635046,2018,5,14,"2018-05-14","15:34:00",3,"WV",54,0,1.75,0,0,0,0,39.216,-77.81,39.216,-77.81,0,0,0,0,0,37,0,0,0
635047,2018,5,14,"2018-05-14","15:35:00",3,"WV",54,0,1,0,0,0,0,39.2851,-77.8575,39.2851,-77.8575,0,0,0,0,0,37,0,0,0
635048,2018,5,14,"2018-05-14","15:39:00",3,"KS",20,0,0.75,0,0,0,0,37.83,-95.44,37.83,-95.44,0,0,0,0,0,1,0,0,0
635049,2018,5,14,"2018-05-14","15:39:00",3,"KS",20,0,1,0,0,0,0,38.92,-96.11,38.92,-96.11,0,0,0,0,0,197,0,0,0
635050,2018,5,14,"2018-05-14","15:40:00",3,"IL",17,0,0.88,0,0,0,0,41.24,-89.93,41.24,-89.93,0,0,0,0,0,73,0,0,0
635051,2018,5,14,"2018-05-14","15:41:00",3,"MO",29,0,2.5,0,0,0,0,38.7185,-92.009,38.7185,-92.009,0,0,0,0,0,27,0,0,0
635052,2018,5,14,"2018-05-14","15:45:00",3,"TX",48,0,1.75,0,0,0,0,31.97,-100.68,31.97,-100.68,0,0,0,0,0,81,0,0,0
635053,2018,5,14,"2018-05-14","15:49:00",3,"KS",20,0,0.75,0,0,0,0,37.76,-96.94,37.76,-96.94,0,0,0,0,0,15,0,0,0
635054,2018,5,14,"2018-05-14","15:50:00",3,"TX",48,0,0.88,0,0,0,0,34.87,-100.66,34.87,-100.66,0,0,0,0,0,129,0,0,0
635055,2018,5,14,"2018-05-14","15:51:00",3,"IL",17,0,0.75,0,0,0,0,41.95,-88.59,41.95,-88.59,0,0,0,0,0,89,0,0,0
635056,2018,5,14,"2018-05-14","15:51:00",3,"MO",29,0,1.25,0,0,0,0,37.97,-92.95,37.97,-92.95,0,0,0,0,0,29,0,0,0
635057,2018,5,14,"2018-05-14","15:52:00",3,"CO",8,0,0.88,0,0,0,0,39.38,-103.32,39.38,-103.32,0,0,0,0,0,73,0,0,0
635058,2018,5,14,"2018-05-14","15:55:00",3,"FL",12,0,1,0,0,0,0,26.01,-80.31,26.01,-80.31,0,0,0,0,0,11,0,0,0
635059,2018,5,14,"2018-05-14","15:55:00",3,"KS",20,0,1,0,0,0,0,38.01,-96.16,38.01,-96.16,0,0,0,0,0,73,0,0,0
635060,2018,5,14,"2018-05-14","15:59:00",3,"MO",29,0,1,0,0,0,0,38.37,-93.42,38.37,-93.42,0,0,0,0,0,15,0,0,0
635061,2018,5,14,"2018-05-14","16:03:00",3,"KS",20,0,1.25,0,0,0,0,38.19,-96.29,38.19,-96.29,0,0,0,0,0,111,0,0,0
635062,2018,5,14,"2018-05-14","16:06:00",3,"KS",20,0,0.75,0,0,0,0,37.82,-96.86,37.82,-96.86,0,0,0,0,0,15,0,0,0
635063,2018,5,14,"2018-05-14","16:07:00",3,"KS",20,0,1,0,0,0,0,37.13,-97.18,37.13,-97.18,0,0,0,0,0,191,0,0,0
635064,2018,5,14,"2018-05-14","16:08:00",3,"TX",48,0,0.88,0,0,0,0,35.22,-100.6,35.22,-100.6,0,0,0,0,0,179,0,0,0
635065,2018,5,14,"2018-05-14","16:09:00",3,"CO",8,0,1.75,0,0,0,0,39.3,-103.07,39.3,-103.07,0,0,0,0,0,63,0,0,0
635066,2018,5,14,"2018-05-14","16:10:00",3,"KS",20,0,0.75,0,0,0,0,37.77,-95.3,37.77,-95.3,0,0,0,0,0,1,0,0,0
635067,2018,5,14,"2018-05-14","16:10:00",3,"KS",20,0,0.75,0,0,0,0,37.82,-96.82,37.82,-96.82,0,0,0,0,0,15,0,0,0
635068,2018,5,14,"2018-05-14","16:11:00",3,"KS",20,0,0.75,0,0,0,0,37.12,-97.14,37.12,-97.14,0,0,0,0,0,35,0,0,0
635069,2018,5,14,"2018-05-14","16:15:00",3,"MO",29,0,0.88,0,0,0,0,37.99,-92.82,37.99,-92.82,0,0,0,0,0,29,0,0,0
635070,2018,5,14,"2018-05-14","16:15:00",3,"TX",48,0,0.88,0,0,0,0,34.79,-100.56,34.79,-100.56,0,0,0,0,0,129,0,0,0
635071,2018,5,14,"2018-05-14","16:16:00",3,"KS",20,0,1,0,0,0,0,38.78,-95.74,38.78,-95.74,0,0,0,0,0,139,0,0,0
635072,2018,5,14,"2018-05-14","16:16:00",3,"KS",20,0,1.5,0,0,0,0,38.78,-95.73,38.78,-95.73,0,0,0,0,0,139,0,0,0
635073,2018,5,14,"2018-05-14","16:21:00",3,"KS",20,0,0.75,0,0,0,0,38.83,-95.73,38.83,-95.73,0,0,0,0,0,139,0,0,0
635074,2018,5,14,"2018-05-14","16:25:00",3,"KS",20,0,1,0,0,0,0,37.82,-94.7,37.82,-94.7,0,0,0,0,0,11,0,0,0
635075,2018,5,14,"2018-05-14","16:25:00",3,"KS",20,0,1.25,0,0,0,0,38.79,-95.69,38.79,-95.69,0,0,0,0,0,139,0,0,0
635076,2018,5,14,"2018-05-14","16:27:00",3,"TX",48,0,0.88,0,0,0,0,33.25,-100.58,33.25,-100.58,0,0,0,0,0,263,0,0,0
635077,2018,5,14,"2018-05-14","16:35:00",3,"VA",51,0,1.75,0,0,0,0,38.9623,-77.332,38.9623,-77.332,0,0,0,0,0,59,0,0,0
635078,2018,5,14,"2018-05-14","16:36:00",3,"MO",29,0,1,0,0,0,0,37.94,-92.99,37.94,-92.99,0,0,0,0,0,29,0,0,0
635079,2018,5,14,"2018-05-14","16:38:00",3,"KS",20,0,1,0,0,0,0,37.23,-97.22,37.23,-97.22,0,0,0,0,0,191,0,0,0
635080,2018,5,14,"2018-05-14","16:40:00",3,"VA",51,0,1.25,0,0,0,0,37.9302,-79.2279,37.9302,-79.2279,0,0,0,0,0,163,0,0,0
635081,2018,5,14,"2018-05-14","16:40:00",3,"CO",8,0,2.75,0,0,500,0,39.1299,-102.7448,39.1299,-102.7448,0,0,0,0,0,63,0,0,0
635082,2018,5,14,"2018-05-14","16:40:00",3,"KS",20,0,1.5,0,0,0,0,37.21,-97.13,37.21,-97.13,0,0,0,0,0,35,0,0,0
635083,2018,5,14,"2018-05-14","16:42:00",3,"VA",51,0,1.25,0,0,0,0,37.8698,-79.3882,37.8731,-79.3723,0,0,0,0,0,163,0,0,0
635084,2018,5,14,"2018-05-14","16:42:00",3,"KS",20,0,1.75,0,0,0,0,37.27,-97.2,37.27,-97.2,0,0,0,0,0,191,0,0,0
635085,2018,5,14,"2018-05-14","16:43:00",3,"TX",48,0,1,0,0,0,0,34.42,-100.2,34.42,-100.2,0,0,0,0,0,75,0,0,0
635086,2018,5,14,"2018-05-14","16:43:00",3,"TX",48,0,1,0,0,0,0,31.73,-100.72,31.73,-100.72,0,0,0,0,0,81,0,0,0
635087,2018,5,14,"2018-05-14","16:47:00",3,"TX",48,0,1,0,0,0,0,34.72,-100.53,34.72,-100.53,0,0,0,0,0,191,0,0,0
635088,2018,5,14,"2018-05-14","16:48:00",3,"KS",20,0,1,0,0,0,0,38.19,-95.95,38.19,-95.95,0,0,0,0,0,31,0,0,0
635089,2018,5,14,"2018-05-14","16:50:00",3,"TX",48,0,1.75,0,0,0,0,31.3,-99.48,31.3,-99.48,0,0,0,0,0,307,0,0,0
635090,2018,5,14,"2018-05-14","16:51:00",3,"KS",20,0,1.5,0,0,0,0,38.2,-95.94,38.2,-95.94,0,0,0,0,0,31,0,0,0
635091,2018,5,14,"2018-05-14","16:52:00",3,"TX",48,0,0.88,0,0,0,0,31.31,-99.49,31.31,-99.49,0,0,0,0,0,307,0,0,0
635092,2018,5,14,"2018-05-14","16:53:00",3,"IL",17,0,1,0,0,0,0,41.88,-88.2,41.88,-88.2,0,0,0,0,0,43,0,0,0
635093,2018,5,14,"2018-05-14","16:55:00",3,"TX",48,0,1,0,0,0,0,34.77,-100.02,34.77,-100.02,0,0,0,0,0,87,0,0,0
635094,2018,5,14,"2018-05-14","16:57:00",3,"KS",20,0,1.75,0,0,0,0,39.37,-95.81,39.37,-95.81,0,0,0,0,0,85,0,0,0
635095,2018,5,14,"2018-05-14","16:58:00",3,"KS",20,0,1,0,0,0,0,38.41,-96.18,38.41,-96.18,0,0,0,0,0,111,0,0,0
635096,2018,5,14,"2018-05-14","17:00:00",3,"VA",51,0,1,0,0,0,0,37.77,-78.88,37.77,-78.88,0,0,0,0,0,125,0,0,0
635097,2018,5,14,"2018-05-14","17:01:00",3,"KS",20,0,1,0,0,0,0,37.21,-97.05,37.21,-97.05,0,0,0,0,0,35,0,0,0
635098,2018,5,14,"2018-05-14","17:03:00",3,"MO",29,0,1,0,0,0,0,37.76,-94.36,37.76,-94.36,0,0,0,0,0,217,0,0,0
635099,2018,5,14,"2018-05-14","17:07:00",3,"KS",20,0,1,0,0,0,0,38.42,-96.13,38.42,-96.13,0,0,0,0,0,111,0,0,0
635100,2018,5,14,"2018-05-14","17:08:00",3,"IL",17,0,0.75,0,0,0,0,41.67,-88,41.67,-88,0,0,0,0,0,31,0,0,0
635101,2018,5,14,"2018-05-14","17:14:00",3,"KS",20,0,0.75,0,0,0,0,37.87,-95.93,37.87,-95.93,0,0,0,0,0,207,0,0,0
635102,2018,5,14,"2018-05-14","17:15:00",3,"TX",48,0,1.75,0,0,0,0,31.31,-99.48,31.31,-99.48,0,0,0,0,0,307,0,0,0
635103,2018,5,14,"2018-05-14","17:17:00",3,"TX",48,0,1,0,0,0,0,34.85,-100.2,34.85,-100.2,0,0,0,0,0,87,0,0,0
635104,2018,5,14,"2018-05-14","17:19:00",3,"KS",20,0,1,0,0,0,0,38.52,-96.01,38.52,-96.01,0,0,0,0,0,111,0,0,0
635105,2018,5,14,"2018-05-14","17:20:00",3,"CO",8,0,2.5,0,0,0,0,39.0014,-102.3501,39.0014,-102.3501,0,0,0,0,0,17,0,0,0
635106,2018,5,14,"2018-05-14","17:20:00",3,"OK",40,0,0.88,0,0,0,0,35.22,-99.87,35.22,-99.87,0,0,0,0,0,9,0,0,0
635107,2018,5,14,"2018-05-14","17:20:00",3,"OK",40,0,1,0,0,0,0,34.9,-99.98,34.9,-99.98,0,0,0,0,0,57,0,0,0
635108,2018,5,14,"2018-05-14","17:25:00",3,"TX",48,0,1.75,0,0,0,0,34.85,-100.14,34.85,-100.14,0,0,0,0,0,87,0,0,0
635109,2018,5,14,"2018-05-14","17:26:00",3,"KS",20,0,0.75,0,0,0,0,37.27,-96.97,37.27,-96.97,0,0,0,0,0,35,0,0,0
635110,2018,5,14,"2018-05-14","17:26:00",3,"KS",20,0,1.5,0,0,0,0,38.64,-96.6,38.64,-96.6,0,0,0,0,0,127,0,0,0
635111,2018,5,14,"2018-05-14","17:27:00",3,"KS",20,0,1,0,0,0,0,37.88,-95.88,37.88,-95.88,0,0,0,0,0,207,0,0,0
635112,2018,5,14,"2018-05-14","17:27:00",3,"KS",20,0,2,0,0,0,0,38.52,-95.96,38.52,-95.96,0,0,0,0,0,111,0,0,0
635113,2018,5,14,"2018-05-14","17:30:00",3,"MO",29,0,1,0,0,0,0,37.74,-94.16,37.74,-94.16,0,0,0,0,0,217,0,0,0
635114,2018,5,14,"2018-05-14","17:31:00",3,"TX",48,0,0.75,0,0,0,0,31.67,-100.84,31.67,-100.84,0,0,0,0,0,451,0,0,0
635115,2018,5,14,"2018-05-14","17:35:00",3,"OK",40,0,1,0,0,0,0,36.27,-99.33,36.27,-99.33,0,0,0,0,0,153,0,0,0
635116,2018,5,14,"2018-05-14","17:45:00",3,"MO",29,0,1,0,0,0,0,37.39,-94.09,37.39,-94.09,0,0,0,0,0,11,0,0,0
635117,2018,5,14,"2018-05-14","17:47:00",3,"KS",20,0,1.5,0,0,0,0,37.1,-97.04,37.1,-97.04,0,0,0,0,0,35,0,0,0
635118,2018,5,14,"2018-05-14","17:49:00",3,"KS",20,0,2,0,0,0,0,37.16,-97.04,37.16,-97.04,0,0,0,0,0,35,0,0,0
635119,2018,5,14,"2018-05-14","17:49:00",3,"KS",20,0,1,0,0,0,0,38.47,-96.18,38.47,-96.18,0,0,0,0,0,111,0,0,0
635120,2018,5,14,"2018-05-14","17:52:00",3,"KS",20,0,2.5,0,0,0,0,37.11,-97.04,37.11,-97.04,0,0,0,0,0,35,0,0,0
635121,2018,5,14,"2018-05-14","17:55:00",3,"KS",20,0,1.25,0,0,0,0,38.46,-96.18,38.46,-96.18,0,0,0,0,0,111,0,0,0
635122,2018,5,14,"2018-05-14","17:56:00",3,"KS",20,0,3,0,0,0,0,38.8692,-101.9637,38.8692,-101.9637,0,0,0,0,0,199,0,0,0
635123,2018,5,14,"2018-05-14","18:02:00",3,"IL",17,0,0.75,0,0,0,0,40.73,-88.72,40.73,-88.72,0,0,0,0,0,113,0,0,0
635124,2018,5,14,"2018-05-14","18:02:00",3,"IL",17,0,1,0,0,0,0,40.73,-88.72,40.73,-88.72,0,0,0,0,0,113,0,0,0
635125,2018,5,14,"2018-05-14","18:08:00",3,"MO",29,0,1,0,0,0,0,38.45,-92.82,38.45,-92.82,0,0,0,0,0,141,0,0,0
635126,2018,5,14,"2018-05-14","18:10:00",3,"MO",29,0,0.75,0,0,0,0,37.7,-93.77,37.7,-93.77,0,0,0,0,0,39,0,0,0
635127,2018,5,14,"2018-05-14","18:10:00",3,"TX",48,0,0.75,0,0,0,0,31.14,-99.33,31.14,-99.33,0,0,0,0,0,307,0,0,0
635128,2018,5,14,"2018-05-14","18:12:00",3,"KS",20,0,1.25,0,0,0,0,38.65,-96.49,38.65,-96.49,0,0,0,0,0,127,0,0,0
635129,2018,5,14,"2018-05-14","18:17:00",3,"KS",20,0,2.5,0,0,0,0,38.69,-96.47,38.69,-96.47,0,0,0,0,0,127,0,0,0
635130,2018,5,14,"2018-05-14","18:22:00",3,"KS",20,0,1.75,0,0,0,0,38.75,-101.5948,38.75,-101.5948,0,0,0,0,0,199,0,0,0
635131,2018,5,14,"2018-05-14","18:23:00",3,"IN",18,0,0.88,0,0,0,0,41.47,-87.05,41.47,-87.05,0,0,0,0,0,127,0,0,0
635132,2018,5,14,"2018-05-14","18:23:00",3,"KS",20,0,2,0,0,0,0,38.7484,-101.7415,38.7484,-101.7415,0,0,0,0,0,199,0,0,0
635133,2018,5,14,"2018-05-14","18:23:00",3,"KS",20,0,1.75,0,0,0,0,38.7708,-101.6773,38.7708,-101.6773,0,0,0,0,0,199,0,0,0
635134,2018,5,14,"2018-05-14","18:24:00",3,"VA",51,0,1,0,0,0,0,37.22,-77.29,37.22,-77.29,0,0,0,0,0,149,0,0,0
635135,2018,5,14,"2018-05-14","18:27:00",3,"VA",51,0,1,0,0,0,0,37.25,-77.29,37.25,-77.29,0,0,0,0,0,149,0,0,0
635136,2018,5,14,"2018-05-14","18:28:00",3,"KS",20,0,2.5,0,0,0,0,37.11,-96.92,37.11,-96.92,0,0,0,0,0,35,0,0,0
635137,2018,5,14,"2018-05-14","18:30:00",3,"KS",20,0,2.5,0,0,0,0,38.92,-96.16,38.92,-96.16,0,0,0,0,0,197,0,0,0
635138,2018,5,14,"2018-05-14","18:30:00",3,"KS",20,0,1,0,0,0,0,38.74,-96.42,38.74,-96.42,0,0,0,0,0,127,0,0,0
635139,2018,5,14,"2018-05-14","18:31:00",3,"TX",48,0,0.75,0,0,0,0,31.45,-100.45,31.45,-100.45,0,0,0,0,0,451,0,0,0
635140,2018,5,14,"2018-05-14","18:32:00",3,"KS",20,0,1.25,0,0,0,0,37.07,-96.86,37.07,-96.86,0,0,0,0,0,35,0,0,0
635141,2018,5,14,"2018-05-14","18:33:00",3,"KS",20,0,0.75,0,0,0,0,37.41,-97.01,37.41,-97.01,0,0,0,0,0,35,0,0,0
635142,2018,5,14,"2018-05-14","18:33:00",3,"KS",20,0,0.75,0,0,0,0,37.49,-95.47,37.49,-95.47,0,0,0,0,0,133,0,0,0
635143,2018,5,14,"2018-05-14","18:37:00",3,"WI",55,0,0.88,0,0,0,0,42.5,-88.34,42.5,-88.34,0,0,0,0,0,127,0,0,0
635144,2018,5,14,"2018-05-14","18:40:00",3,"KS",20,0,1.25,0,0,0,0,37.44,-97.01,37.44,-97.01,0,0,0,0,0,35,0,0,0
635145,2018,5,14,"2018-05-14","18:42:00",3,"KS",20,0,1.75,0,0,0,0,37.03,-96.92,37.03,-96.92,0,0,0,0,0,35,0,0,0
635146,2018,5,14,"2018-05-14","18:42:00",3,"KS",20,0,2,0,0,0,0,37.08,-96.84,37.08,-96.84,0,0,0,0,0,35,0,0,0
635147,2018,5,14,"2018-05-14","18:44:00",3,"KS",20,0,1,0,0,0,0,37.33,-97.15,37.33,-97.15,0,0,0,0,0,35,0,0,0
635148,2018,5,14,"2018-05-14","18:45:00",3,"WI",55,0,0.88,0,0,0,0,42.53,-88.26,42.53,-88.26,0,0,0,0,0,59,0,0,0
635149,2018,5,14,"2018-05-14","18:45:00",3,"KS",20,0,1.75,0,0,0,0,37.05,-96.82,37.05,-96.82,0,0,0,0,0,35,0,0,0
635150,2018,5,14,"2018-05-14","18:50:00",3,"IA",19,0,1,0,0,0,0,40.74,-93.75,40.74,-93.75,0,0,0,0,0,53,0,0,0
635151,2018,5,14,"2018-05-14","18:50:00",3,"KS",20,0,2.75,0,0,0,0,38.705,-101.3195,38.705,-101.3195,0,0,0,0,0,109,0,0,0
635152,2018,5,14,"2018-05-14","18:50:00",3,"OK",40,0,2.75,0,0,0,0,36.66,-98.56,36.66,-98.56,0,0,0,0,0,151,0,0,0
635153,2018,5,14,"2018-05-14","19:03:00",3,"KS",20,0,1,0,0,0,0,37.44,-95.4,37.44,-95.4,0,0,0,0,0,133,0,0,0
635154,2018,5,14,"2018-05-14","19:05:00",3,"OK",40,0,1,0,0,0,0,35.45,-98.98,35.45,-98.98,0,0,0,0,0,149,0,0,0
635155,2018,5,14,"2018-05-14","19:15:00",3,"KS",20,0,2.75,0,0,0,0,38.5393,-101.1747,38.5393,-101.1747,0,0,0,0,0,203,0,0,0
635156,2018,5,14,"2018-05-14","19:17:00",3,"KS",20,0,1,0,0,0,0,39.01,-95.8,39.01,-95.8,0,0,0,0,0,177,0,0,0
635157,2018,5,14,"2018-05-14","19:24:00",3,"KS",20,0,1.75,0,0,0,0,39.06,-95.71,39.06,-95.71,0,0,0,0,0,177,0,0,0
635158,2018,5,14,"2018-05-14","19:26:00",3,"KS",20,0,1,0,0,0,0,37.55,-97.26,37.55,-97.26,0,0,0,0,0,173,0,0,0
635159,2018,5,14,"2018-05-14","19:26:00",3,"KS",20,0,1,0,0,0,0,39.11,-95.68,39.11,-95.68,0,0,0,0,0,177,0,0,0
635160,2018,5,14,"2018-05-14","19:27:00",3,"KS",20,0,1,0,0,0,0,39.2,-96.31,39.2,-96.31,0,0,0,0,0,149,0,0,0
635161,2018,5,14,"2018-05-14","19:30:00",3,"KS",20,0,2,0,0,0,0,38.57,-100.85,38.57,-100.85,0,0,0,0,0,171,0,0,0
635162,2018,5,14,"2018-05-14","19:30:00",3,"KS",20,0,2,0,0,0,0,38.66,-101.07,38.66,-101.07,0,0,0,0,0,171,0,0,0
635163,2018,5,14,"2018-05-14","19:30:00",3,"KS",20,0,1,0,0,0,0,39.2,-96.31,39.2,-96.31,0,0,0,0,0,149,0,0,0
635164,2018,5,14,"2018-05-14","19:35:00",3,"KS",20,0,1.75,0,0,0,0,38.57,-100.78,38.57,-100.78,0,0,0,0,0,171,0,0,0
635165,2018,5,14,"2018-05-14","19:42:00",3,"KS",20,0,1.75,0,0,0,0,38.5,-100.72,38.5,-100.72,0,0,0,0,0,171,0,0,0
635166,2018,5,14,"2018-05-14","19:43:00",3,"KS",20,0,1.75,0,0,0,0,38.729,-101.6865,38.729,-101.6865,0,0,0,0,0,199,0,0,0
635167,2018,5,14,"2018-05-14","19:43:00",3,"KS",20,0,1,0,0,0,0,37.94,-96.98,37.94,-96.98,0,0,0,0,0,15,0,0,0
635168,2018,5,14,"2018-05-14","19:45:00",3,"KS",20,0,1.5,0,0,0,0,38.57,-100.91,38.57,-100.91,0,0,0,0,0,171,0,0,0
635169,2018,5,14,"2018-05-14","19:45:00",3,"KS",20,0,0.88,0,0,0,0,39.22,-96.18,39.22,-96.18,0,0,0,0,0,149,0,0,0
635170,2018,5,14,"2018-05-14","19:45:00",3,"IA",19,0,0.88,0,0,0,0,41.11,-91.61,41.11,-91.61,0,0,0,0,0,87,0,0,0
635171,2018,5,14,"2018-05-14","19:47:00",3,"KS",20,0,2.75,0,0,0,0,38.51,-100.59,38.51,-100.59,0,0,0,0,0,101,0,0,0
635172,2018,5,14,"2018-05-14","19:48:00",3,"KS",20,0,2.5,0,0,0,0,38.48,-100.69,38.48,-100.69,0,0,0,0,0,101,0,0,0
635173,2018,5,14,"2018-05-14","19:50:00",3,"IA",19,0,1.75,0,0,0,0,40.86,-93.52,40.86,-93.52,0,0,0,0,0,185,0,0,0
635174,2018,5,14,"2018-05-14","19:50:00",3,"IN",18,0,0.75,0,0,0,0,41.34,-85.78,41.34,-85.78,0,0,0,0,0,85,0,0,0
635175,2018,5,14,"2018-05-14","19:50:00",3,"IL",17,0,1,0,0,0,0,41,-89.13,41,-89.13,0,0,0,0,0,123,0,0,0
635176,2018,5,14,"2018-05-14","19:52:00",3,"IA",19,0,1.25,0,0,0,0,40.86,-93.5,40.86,-93.5,0,0,0,0,0,185,0,0,0
635177,2018,5,14,"2018-05-14","19:52:00",3,"KS",20,0,0.75,0,0,0,0,37.57,-97.13,37.57,-97.13,0,0,0,0,0,15,0,0,0
635178,2018,5,14,"2018-05-14","19:53:00",3,"IL",17,0,0.88,0,0,0,0,41,-89.13,41,-89.13,0,0,0,0,0,123,0,0,0
635179,2018,5,14,"2018-05-14","19:54:00",3,"KS",20,0,1,0,0,0,0,39.25,-96.12,39.25,-96.12,0,0,0,0,0,149,0,0,0
635180,2018,5,14,"2018-05-14","19:57:00",3,"IN",18,0,1,0,0,0,0,41.45,-85.84,41.45,-85.84,0,0,0,0,0,39,0,0,0
635181,2018,5,14,"2018-05-14","20:00:00",3,"KS",20,0,2.75,0,0,0,0,38.48,-100.54,38.48,-100.54,0,0,0,0,0,101,0,0,0
635182,2018,5,14,"2018-05-14","20:00:00",3,"IN",18,0,1.75,0,0,0,0,41.5,-85.83,41.5,-85.83,0,0,0,0,0,39,0,0,0
635183,2018,5,14,"2018-05-14","20:03:00",3,"IN",18,0,0.75,0,0,0,0,41.42,-85.79,41.42,-85.79,0,0,0,0,0,85,0,0,0
635184,2018,5,14,"2018-05-14","20:05:00",3,"KS",20,0,1.75,0,0,0,0,38.48,-100.46,38.48,-100.46,0,0,0,0,0,101,0,0,0
635185,2018,5,14,"2018-05-14","20:05:00",3,"KS",20,0,1.75,0,0,0,0,38.48,-100.47,38.48,-100.47,0,0,0,0,0,101,0,0,0
635186,2018,5,14,"2018-05-14","20:20:00",3,"IL",17,0,1,0,0,0,0,37.58,-88.77,37.58,-88.77,0,0,0,0,0,87,0,0,0
635187,2018,5,14,"2018-05-14","20:29:00",3,"KS",20,0,0.88,0,0,0,0,37.68,-97.22,37.68,-97.22,0,0,0,0,0,173,0,0,0
635188,2018,5,14,"2018-05-14","20:30:00",3,"KS",20,0,1.75,0,0,0,0,38.4,-100.2,38.4,-100.2,0,0,0,0,0,135,0,0,0
635189,2018,5,14,"2018-05-14","20:35:00",3,"IN",18,0,0.88,0,0,0,0,41.41,-85.37,41.41,-85.37,0,0,0,0,0,113,0,0,0
635190,2018,5,14,"2018-05-14","20:38:00",3,"KS",20,0,1.5,0,0,0,0,38.33,-100.05,38.33,-100.05,0,0,0,0,0,135,0,0,0
635191,2018,5,14,"2018-05-14","20:39:00",3,"IN",18,0,0.75,0,0,0,0,41.41,-85.26,41.41,-85.26,0,0,0,0,0,113,0,0,0
635192,2018,5,14,"2018-05-14","20:40:00",3,"KS",20,0,2,0,0,0,0,38.32,-99.99,38.32,-99.99,0,0,0,0,0,135,0,0,0
635193,2018,5,14,"2018-05-14","20:43:00",3,"IN",18,0,1.75,0,0,0,0,41.44,-85.14,41.44,-85.14,0,0,0,0,0,33,0,0,0
635194,2018,5,14,"2018-05-14","20:45:00",3,"IN",18,0,1,0,0,0,0,41.35,-85.24,41.35,-85.24,0,0,0,0,0,113,0,0,0
635195,2018,5,14,"2018-05-14","20:45:00",3,"IN",18,0,1,0,0,0,0,41.37,-85.24,41.37,-85.24,0,0,0,0,0,113,0,0,0
635196,2018,5,14,"2018-05-14","20:53:00",3,"KS",20,0,2,0,0,0,0,38.26,-99.9,38.26,-99.9,0,0,0,0,0,135,0,0,0
635197,2018,5,14,"2018-05-14","20:53:00",3,"IN",18,0,1.75,0,0,0,0,41.35,-85.13,41.35,-85.13,0,0,0,0,0,33,0,0,0
635198,2018,5,14,"2018-05-14","20:53:00",3,"IN",18,0,1,0,0,0,0,41.35,-85.14,41.35,-85.14,0,0,0,0,0,33,0,0,0
635199,2018,5,14,"2018-05-14","20:55:00",3,"IN",18,0,1.25,0,0,0,0,41.43,-85.06,41.43,-85.06,0,0,0,0,0,33,0,0,0
635200,2018,5,14,"2018-05-14","20:58:00",3,"IN",18,0,1,0,0,0,0,41.36,-85.06,41.36,-85.06,0,0,0,0,0,33,0,0,0
635201,2018,5,14,"2018-05-14","21:03:00",3,"OK",40,0,0.88,0,0,0,0,34.78,-98.29,34.78,-98.29,0,0,0,0,0,31,0,0,0
635202,2018,5,14,"2018-05-14","21:06:00",3,"IN",18,0,0.75,0,0,0,0,41.62,-84.84,41.62,-84.84,0,0,0,0,0,151,0,0,0
635203,2018,5,14,"2018-05-14","21:08:00",3,"KS",20,0,1,0,0,0,0,37.67,-95.46,37.67,-95.46,0,0,0,0,0,133,0,0,0
635204,2018,5,14,"2018-05-14","21:10:00",3,"KS",20,0,1,0,0,0,0,37.67,-95.39,37.67,-95.39,0,0,0,0,0,133,0,0,0
635205,2018,5,14,"2018-05-14","21:15:00",3,"MO",29,0,0.75,0,0,0,0,37.26,-91.43,37.26,-91.43,0,0,0,0,0,203,0,0,0
635206,2018,5,14,"2018-05-14","21:22:00",3,"KS",20,0,1.75,0,0,0,0,37.98,-99.81,37.98,-99.81,0,0,0,0,0,83,0,0,0
635207,2018,5,14,"2018-05-14","21:25:00",3,"KS",20,0,1.5,0,0,0,0,37.93,-99.83,37.93,-99.83,0,0,0,0,0,83,0,0,0
635208,2018,5,14,"2018-05-14","21:27:00",3,"KS",20,0,2,0,0,0,0,37.98,-99.75,37.98,-99.75,0,0,0,0,0,83,0,0,0
635209,2018,5,14,"2018-05-14","21:30:00",3,"KS",20,0,1,0,0,0,0,37.79,-97.11,37.79,-97.11,0,0,0,0,0,15,0,0,0
635210,2018,5,14,"2018-05-14","21:35:00",3,"KS",20,0,1,0,0,0,0,37.91,-99.64,37.91,-99.64,0,0,0,0,0,57,0,0,0
635211,2018,5,14,"2018-05-14","21:50:00",3,"KS",20,0,1.25,0,0,0,0,37.89,-99.57,37.89,-99.57,0,0,0,0,0,47,0,0,0
635212,2018,5,14,"2018-05-14","22:10:00",3,"KS",20,0,0.75,0,0,0,0,37.53,-97.58,37.53,-97.58,0,0,0,0,0,173,0,0,0
635213,2018,5,14,"2018-05-14","22:12:00",3,"VA",51,0,1,0,0,0,0,39.2,-78.16,39.2,-78.16,0,0,0,0,0,69,0,0,0
635214,2018,5,14,"2018-05-14","22:28:00",3,"VA",51,0,1,0,0,0,0,39.274,-78.2963,39.274,-78.2963,0,0,0,0,0,69,0,0,0
635215,2018,5,14,"2018-05-14","23:33:00",3,"KS",20,0,1,0,0,0,0,37.24,-98.23,37.24,-98.23,0,0,0,0,0,77,0,0,0
635216,2018,5,14,"2018-05-14","23:48:00",3,"KS",20,0,0.88,0,0,0,0,37.29,-98.03,37.29,-98.03,0,0,0,0,0,77,0,0,0
635217,2018,5,14,"2018-05-14","23:49:00",3,"OK",40,0,1,0,0,0,0,36.299,-95.85,36.299,-95.85,0,0,0,0,0,143,0,0,0
635218,2018,5,15,"2018-05-15","00:05:00",3,"KS",20,0,0.88,0,0,0,0,37.51,-97.5,37.51,-97.5,0,0,0,0,0,173,0,0,0
635219,2018,5,15,"2018-05-15","09:19:00",3,"OH",39,0,1,0,0,0,0,40.76,-80.94,40.76,-80.94,0,0,0,0,0,29,0,0,0
635220,2018,5,15,"2018-05-15","09:29:00",3,"OH",39,0,0.88,0,0,0,0,40.78,-80.77,40.78,-80.77,0,0,0,0,0,29,0,0,0
635221,2018,5,15,"2018-05-15","10:06:00",3,"PA",42,0,1,0,0,0,0,40.78,-80.36,40.78,-80.36,0,0,0,0,0,7,0,0,0
635222,2018,5,15,"2018-05-15","10:14:00",3,"OK",40,0,1,0,0,0,0,35.11,-98.6,35.11,-98.6,0,0,0,0,0,15,0,0,0
635223,2018,5,15,"2018-05-15","10:24:00",3,"PA",42,0,1,0,0,0,0,40.82,-79.97,40.82,-79.97,0,0,0,0,0,19,0,0,0
635224,2018,5,15,"2018-05-15","10:36:00",3,"PA",42,0,1.75,0,0,0,0,41.08,-79.23,41.08,-79.23,0,0,0,0,0,31,0,0,0
635225,2018,5,15,"2018-05-15","10:45:00",3,"PA",42,0,1,0,0,0,0,41.04,-79.08,41.04,-79.08,0,0,0,0,0,65,0,0,0
635226,2018,5,15,"2018-05-15","10:59:00",3,"PA",42,0,0.88,0,0,0,0,41.07,-78.87,41.07,-78.87,0,0,0,0,0,65,0,0,0
635227,2018,5,15,"2018-05-15","11:07:00",3,"PA",42,0,1.25,0,0,0,0,40.75,-78.89,40.75,-78.89,0,0,0,0,0,63,0,0,0
635228,2018,5,15,"2018-05-15","11:09:00",3,"PA",42,0,1,0,0,0,0,40.72,-78.92,40.72,-78.92,0,0,0,0,0,63,0,0,0
635229,2018,5,15,"2018-05-15","11:10:00",3,"OK",40,0,1,0,0,0,0,35.09,-98.09,35.09,-98.09,0,0,0,0,0,51,0,0,0
635230,2018,5,15,"2018-05-15","11:20:00",3,"PA",42,0,0.88,0,0,0,0,41.06,-78.84,41.06,-78.84,0,0,0,0,0,65,0,0,0
635231,2018,5,15,"2018-05-15","12:05:00",3,"PA",42,0,1,0,0,0,0,40.39,-78.68,40.39,-78.68,0,0,0,0,0,21,0,0,0
635232,2018,5,15,"2018-05-15","12:20:00",3,"PA",42,0,1.25,0,0,0,0,40.4122,-78.6268,40.4122,-78.6268,0,0,0,0,0,21,0,0,0
635233,2018,5,15,"2018-05-15","12:26:00",3,"NY",36,0,1.75,0,0,0,0,42.09,-74.03,42.09,-74.03,0,0,0,0,0,111,0,0,0
635234,2018,5,15,"2018-05-15","12:30:00",3,"PA",42,0,1,0,0,0,0,41.75,-75.9,41.75,-75.9,0,0,0,0,0,115,0,0,0
635235,2018,5,15,"2018-05-15","12:36:00",3,"PA",42,0,1,0,0,0,0,41.8,-75.65,41.8,-75.65,0,0,0,0,0,115,0,0,0
635236,2018,5,15,"2018-05-15","12:37:00",3,"NY",36,0,1.5,0,0,0,0,42.08,-73.95,42.08,-73.95,0,0,0,0,0,111,0,0,0
635237,2018,5,15,"2018-05-15","12:39:00",3,"NY",36,0,1.75,0,0,0,0,42.04,-74.28,42.04,-74.28,0,0,0,0,0,111,0,0,0
635238,2018,5,15,"2018-05-15","12:43:00",3,"NY",36,0,2.75,0,0,0,0,42.08,-73.833,42.08,-73.833,0,0,0,0,0,21,0,0,0
635239,2018,5,15,"2018-05-15","12:44:00",3,"NY",36,0,1,0,0,5000,0,41.9,-74.83,41.9,-74.83,0,0,0,0,0,105,0,0,0
635240,2018,5,15,"2018-05-15","12:46:00",3,"OK",40,0,0.75,0,0,0,0,34.59,-97.88,34.59,-97.88,0,0,0,0,0,137,0,0,0
635241,2018,5,15,"2018-05-15","12:46:00",3,"NY",36,0,2,0,0,0,0,42.057,-73.792,42.057,-73.792,0,0,0,0,0,21,0,0,0
635242,2018,5,15,"2018-05-15","12:46:00",3,"PA",42,0,2.75,0,0,10000,0,41.78,-75.7,41.78,-75.7,0,0,0,0,0,115,0,0,0
635243,2018,5,15,"2018-05-15","12:47:00",3,"NY",36,0,1.75,0,0,0,0,42.09,-73.8,42.09,-73.8,0,0,0,0,0,21,0,0,0
635244,2018,5,15,"2018-05-15","12:48:00",3,"NY",36,0,1,0,0,0,0,42.04,-74.11,42.04,-74.11,0,0,0,0,0,111,0,0,0
635245,2018,5,15,"2018-05-15","12:49:00",3,"NY",36,0,2,0,0,0,0,42.14,-73.76,42.14,-73.76,0,0,0,0,0,21,0,0,0
635246,2018,5,15,"2018-05-15","12:50:00",3,"NY",36,0,1.5,0,0,0,0,42.4139,-73.6411,42.4139,-73.6411,0,0,0,0,0,21,0,0,0
635247,2018,5,15,"2018-05-15","12:50:00",3,"VA",51,0,1,0,0,0,0,37.47,-79.93,37.47,-79.93,0,0,0,0,0,23,0,0,0
635248,2018,5,15,"2018-05-15","12:50:00",3,"NY",36,0,2,0,0,10000,0,41.9,-74.83,41.9,-74.83,0,0,0,0,0,105,0,0,0
635249,2018,5,15,"2018-05-15","12:51:00",3,"NY",36,0,2,0,0,0,0,42.0683,-73.7243,42.0683,-73.7243,0,0,0,0,0,21,0,0,0
635250,2018,5,15,"2018-05-15","12:57:00",3,"NY",36,0,1,0,0,0,0,42.04,-73.99,42.04,-73.99,0,0,0,0,0,111,0,0,0
635251,2018,5,15,"2018-05-15","13:00:00",3,"NY",36,0,1.75,0,0,5000,0,41.9,-74.83,41.9,-74.83,0,0,0,0,0,105,0,0,0
635252,2018,5,15,"2018-05-15","13:00:00",3,"NY",36,0,1.75,0,0,0,0,41.93,-74.92,41.93,-74.92,0,0,0,0,0,105,0,0,0
635253,2018,5,15,"2018-05-15","13:05:00",3,"NY",36,0,1,0,0,0,0,42.1002,-73.5415,42.1002,-73.5415,0,0,0,0,0,21,0,0,0
635254,2018,5,15,"2018-05-15","13:05:00",3,"NY",36,0,0.75,0,0,0,0,41.92,-74.53,41.92,-74.53,0,0,0,0,0,111,0,0,0
635255,2018,5,15,"2018-05-15","13:06:00",3,"NY",36,0,0.88,0,0,0,0,42.12,-73.53,42.12,-73.53,0,0,0,0,0,21,0,0,0
635256,2018,5,15,"2018-05-15","13:06:00",3,"NY",36,0,2,0,0,0,0,42.07,-73.84,42.07,-73.84,0,0,0,0,0,21,0,0,0
635257,2018,5,15,"2018-05-15","13:10:00",3,"VA",51,0,1,0,0,0,0,37.34,-80,37.34,-80,0,0,0,0,0,161,0,0,0
635258,2018,5,15,"2018-05-15","13:10:00",3,"PA",42,0,0.75,0,0,0,0,41.32,-76.03,41.32,-76.03,0,0,0,0,0,79,0,0,0
635259,2018,5,15,"2018-05-15","13:16:00",3,"OK",40,0,1,0,0,0,0,34.6605,-97.1254,34.6605,-97.1254,0,0,0,0,0,49,0,0,0
635260,2018,5,15,"2018-05-15","13:18:00",3,"CT",9,0,1,0,0,0,0,42.0459,-73.3271,42.0459,-73.3271,0,0,0,0,0,5,0,0,0
635261,2018,5,15,"2018-05-15","13:19:00",3,"NY",36,0,1.5,0,0,0,0,42.05,-73.64,42.05,-73.64,0,0,0,0,0,21,0,0,0
635262,2018,5,15,"2018-05-15","13:20:00",3,"PA",42,0,0.75,0,0,0,0,41.28,-75.9,41.28,-75.9,0,0,0,0,0,79,0,0,0
635263,2018,5,15,"2018-05-15","13:23:00",3,"NY",36,0,0.88,0,0,0,0,41.905,-74.212,41.905,-74.212,0,0,0,0,0,111,0,0,0
635264,2018,5,15,"2018-05-15","13:25:00",3,"OH",39,0,0.75,0,0,0,0,40.05,-83.3,40.05,-83.3,0,0,0,0,0,97,0,0,0
635265,2018,5,15,"2018-05-15","13:27:00",3,"OK",40,0,1,0,0,0,0,34.93,-95.8759,34.93,-95.8759,0,0,0,0,0,121,0,0,0
635266,2018,5,15,"2018-05-15","13:30:00",3,"NY",36,0,0.88,0,0,0,0,41.86,-74.11,41.86,-74.11,0,0,0,0,0,111,0,0,0
635267,2018,5,15,"2018-05-15","13:30:00",3,"NY",36,0,0.88,0,0,0,0,41.8809,-74.0574,41.8809,-74.0574,0,0,0,0,0,111,0,0,0
635268,2018,5,15,"2018-05-15","13:36:00",3,"NY",36,0,0.75,0,0,0,0,41.8815,-74.0563,41.8815,-74.0563,0,0,0,0,0,111,0,0,0
635269,2018,5,15,"2018-05-15","13:39:00",3,"NY",36,0,1,0,0,0,0,41.87,-74.03,41.87,-74.03,0,0,0,0,0,111,0,0,0
635270,2018,5,15,"2018-05-15","13:41:00",3,"CT",9,0,2,0,0,0,0,41.95,-73.36,41.95,-73.36,0,0,0,0,0,5,0,0,0
635271,2018,5,15,"2018-05-15","13:41:00",3,"MA",25,0,1,0,0,0,0,42.07,-73.13,42.07,-73.13,0,0,0,0,0,3,0,0,0
635272,2018,5,15,"2018-05-15","13:57:00",3,"CT",9,0,1.75,0,0,0,0,41.96,-72.93,41.96,-72.93,0,0,0,0,0,5,0,0,0
635273,2018,5,15,"2018-05-15","14:00:00",3,"CT",9,0,2.5,0,0,70000,0,41.95,-72.78,41.95,-72.78,0,0,0,0,0,3,0,0,0
635274,2018,5,15,"2018-05-15","14:10:00",3,"MA",25,0,1.5,0,0,0,0,42.05,-72.77,42.05,-72.77,0,0,0,0,0,13,0,0,0
635275,2018,5,15,"2018-05-15","14:22:00",3,"KY",21,0,0.88,0,0,0,0,37.3168,-83.9034,37.3168,-83.9034,0,0,0,0,0,109,0,0,0
635276,2018,5,15,"2018-05-15","14:26:00",3,"PA",42,0,1,0,0,0,0,40.21,-77.01,40.21,-77.01,0,0,0,0,0,41,0,0,0
635277,2018,5,15,"2018-05-15","14:45:00",3,"KY",21,0,0.75,0,0,0,0,37.16,-82.66,37.16,-82.66,0,0,0,0,0,133,0,0,0
635278,2018,5,15,"2018-05-15","15:05:00",3,"IL",17,0,1.75,0,0,0,0,39.65,-88.73,39.65,-88.73,0,0,0,0,0,139,0,0,0
635279,2018,5,15,"2018-05-15","15:07:00",3,"CT",9,0,1,0,0,0,0,41.26,-73.21,41.26,-73.21,0,0,0,0,0,1,0,0,0
635280,2018,5,15,"2018-05-15","15:08:00",3,"OK",40,0,0.88,0,0,0,0,34,-96.51,34,-96.51,0,0,0,0,0,13,0,0,0
635281,2018,5,15,"2018-05-15","15:10:00",3,"TX",48,0,1.75,0,0,0,0,31.51,-98.21,31.51,-98.21,0,0,0,0,0,193,0,0,0
635282,2018,5,15,"2018-05-15","15:10:00",3,"UT",49,0,0.88,0,0,0,0,40.7,-112.09,40.7,-112.09,0,0,0,0,0,35,0,0,0
635283,2018,5,15,"2018-05-15","15:10:00",3,"OH",39,0,0.88,0,0,0,0,40.08,-83.67,40.08,-83.67,0,0,0,0,0,21,0,0,0
635284,2018,5,15,"2018-05-15","15:10:00",3,"ND",38,0,1,0,0,0,0,46.03,-100.9509,46.03,-100.9509,0,0,0,0,0,85,0,0,0
635285,2018,5,15,"2018-05-15","15:15:00",3,"IL",17,0,0.88,0,0,0,0,39.6135,-88.6578,39.6135,-88.6578,0,0,0,0,0,139,0,0,0
635286,2018,5,15,"2018-05-15","15:25:00",3,"TX",48,0,1.75,0,0,0,0,33.13,-101.6,33.13,-101.6,0,0,0,0,0,305,0,0,0
635287,2018,5,15,"2018-05-15","15:31:00",3,"PA",42,0,1,0,0,0,0,39.83,-77.23,39.83,-77.23,0,0,0,0,0,1,0,0,0
635288,2018,5,15,"2018-05-15","15:33:00",3,"AR",5,0,1,0,0,0,0,34.77,-92.2,34.77,-92.2,0,0,0,0,0,119,0,0,0
635289,2018,5,15,"2018-05-15","15:35:00",3,"AR",5,0,0.75,0,0,0,0,34.83,-92.21,34.83,-92.21,0,0,0,0,0,119,0,0,0
635290,2018,5,15,"2018-05-15","15:40:00",3,"PA",42,0,1,0,0,0,0,39.8199,-77.2341,39.8199,-77.2341,0,0,0,0,0,1,0,0,0
635291,2018,5,15,"2018-05-15","15:42:00",3,"TX",48,0,1,0,0,0,0,33.1567,-101.6132,33.1567,-101.6132,0,0,0,0,0,305,0,0,0
635292,2018,5,15,"2018-05-15","15:49:00",3,"TX",48,0,1.75,0,0,0,0,33.2201,-101.3999,33.2201,-101.3999,0,0,0,0,0,169,0,0,0
635293,2018,5,15,"2018-05-15","15:49:00",3,"TX",48,0,0.88,0,0,0,0,31.84,-100.99,31.84,-100.99,0,0,0,0,0,431,0,0,0
635294,2018,5,15,"2018-05-15","15:50:00",3,"OH",39,0,0.88,0,0,0,0,39.65,-81.86,39.65,-81.86,0,0,0,0,0,115,0,0,0
635295,2018,5,15,"2018-05-15","15:55:00",3,"OH",39,0,1,0,0,0,0,39.65,-81.84,39.65,-81.84,0,0,0,0,0,115,0,0,0
635296,2018,5,15,"2018-05-15","16:07:00",3,"TX",48,0,2,0,0,0,0,31.72,-100.99,31.72,-100.99,0,0,0,0,0,431,0,0,0
635297,2018,5,15,"2018-05-15","16:15:00",3,"PA",42,0,1,0,0,0,0,39.8,-76.86,39.8,-76.86,0,0,0,0,0,133,0,0,0
635298,2018,5,15,"2018-05-15","16:17:00",3,"OH",39,0,0.88,0,0,0,0,39.92,-82.92,39.92,-82.92,0,0,0,0,0,49,0,0,0
635299,2018,5,15,"2018-05-15","16:20:00",3,"TX",48,0,1,0,0,4000,0,31.12,-98.02,31.12,-98.02,0,0,0,0,0,281,0,0,0
635300,2018,5,15,"2018-05-15","16:20:00",3,"TX",48,0,1.5,0,0,0,0,31.08,-98,31.08,-98,0,0,0,0,0,281,0,0,0
635301,2018,5,15,"2018-05-15","16:29:00",3,"IL",17,0,1,0,0,0,0,39.4391,-88.127,39.4391,-88.127,0,0,0,0,0,29,0,0,0
635302,2018,5,15,"2018-05-15","16:30:00",3,"TX",48,0,1,0,0,0,0,31.08,-98,31.08,-98,0,0,0,0,0,281,0,0,0
635303,2018,5,15,"2018-05-15","16:30:00",3,"TX",48,0,1,0,0,0,0,33.32,-98,33.32,-98,0,0,0,0,0,237,0,0,0
635304,2018,5,15,"2018-05-15","16:32:00",3,"IL",17,0,1,0,0,0,0,39.48,-88.16,39.48,-88.16,0,0,0,0,0,29,0,0,0
635305,2018,5,15,"2018-05-15","16:33:00",3,"TX",48,0,1,0,0,0,0,33.4815,-101.4015,33.4815,-101.4015,0,0,0,0,0,107,0,0,0
635306,2018,5,15,"2018-05-15","16:39:00",3,"MD",24,0,1,0,0,0,0,39.6742,-76.6476,39.6742,-76.6476,0,0,0,0,0,5,0,0,0
635307,2018,5,15,"2018-05-15","16:41:00",3,"TX",48,0,1,0,0,0,0,33.4276,-102.02,33.4276,-102.02,0,0,0,0,0,303,0,0,0
635308,2018,5,15,"2018-05-15","16:42:00",3,"MO",29,0,1,0,0,0,0,39.97,-91.88,39.97,-91.88,0,0,0,0,0,111,0,0,0
635309,2018,5,15,"2018-05-15","16:42:00",3,"IL",17,0,1,0,0,0,0,39.45,-88,39.45,-88,0,0,0,0,0,23,0,0,0
635310,2018,5,15,"2018-05-15","16:46:00",3,"MD",24,0,1.75,0,0,0,0,39.4344,-77.4223,39.4344,-77.4223,0,0,0,0,0,21,0,0,0
635311,2018,5,15,"2018-05-15","16:57:00",3,"MD",24,0,1.25,0,0,0,0,39.5933,-77.0077,39.5933,-77.0077,0,0,0,0,0,13,0,0,0
635312,2018,5,15,"2018-05-15","16:58:00",3,"AL",1,0,1,0,0,0,0,34.25,-86.36,34.25,-86.36,0,0,0,0,0,95,0,0,0
635313,2018,5,15,"2018-05-15","17:00:00",3,"TX",48,0,1.75,0,0,0,0,32.72,-100.9,32.72,-100.9,0,0,0,0,0,415,0,0,0
635314,2018,5,15,"2018-05-15","17:02:00",3,"MD",24,0,1,0,0,0,0,39.6133,-76.5163,39.6133,-76.5163,0,0,0,0,0,25,0,0,0
635315,2018,5,15,"2018-05-15","17:03:00",3,"TX",48,0,1.5,0,0,0,0,33.5922,-101.957,33.5922,-101.957,0,0,0,0,0,303,0,0,0
635316,2018,5,15,"2018-05-15","17:05:00",3,"TX",48,0,2.75,0,0,5e+05,0,33.67,-101.25,33.67,-101.25,0,0,0,0,0,107,0,0,0
635317,2018,5,15,"2018-05-15","17:05:00",3,"CO",8,0,1,0,0,0,0,38.85,-104.84,38.85,-104.84,0,0,0,0,0,41,0,0,0
635318,2018,5,15,"2018-05-15","17:12:00",3,"CO",8,0,1,0,0,0,0,38.87,-104.83,38.87,-104.83,0,0,0,0,0,41,0,0,0
635319,2018,5,15,"2018-05-15","17:17:00",3,"TX",48,0,0.88,0,0,0,0,30.76,-98.09,30.76,-98.09,0,0,0,0,0,53,0,0,0
635320,2018,5,15,"2018-05-15","17:19:00",3,"TX",48,0,1.75,0,0,0,0,33.8333,-102.0278,33.8333,-102.0278,0,0,0,0,0,189,0,0,0
635321,2018,5,15,"2018-05-15","17:23:00",3,"NM",35,0,0.75,0,0,0,0,35,-103.34,35,-103.34,0,0,0,0,0,37,0,0,0
635322,2018,5,15,"2018-05-15","17:24:00",3,"CO",8,0,0.88,0,0,0,0,39.37,-104.59,39.37,-104.59,0,0,0,0,0,39,0,0,0
635323,2018,5,15,"2018-05-15","17:24:00",3,"TX",48,0,0.88,0,0,0,0,33.53,-97.9,33.53,-97.9,0,0,0,0,0,337,0,0,0
635324,2018,5,15,"2018-05-15","17:25:00",3,"TX",48,0,1.5,0,0,0,0,33.7952,-102.027,33.7952,-102.027,0,0,0,0,0,303,0,0,0
635325,2018,5,15,"2018-05-15","17:25:00",3,"MD",24,0,1,0,0,0,0,39.436,-77.4103,39.436,-77.4103,0,0,0,0,0,21,0,0,0
635326,2018,5,15,"2018-05-15","17:25:00",3,"MD",24,0,2.5,0,0,0,0,39.429,-77.445,39.429,-77.445,0,0,0,0,0,21,0,0,0
635327,2018,5,15,"2018-05-15","17:26:00",3,"WV",54,0,1.25,0,0,0,0,39.53,-80.73,39.53,-80.73,0,0,0,0,0,103,0,0,0
635328,2018,5,15,"2018-05-15","17:29:00",3,"TX",48,0,0.88,0,0,0,0,33.54,-97.85,33.54,-97.85,0,0,0,0,0,337,0,0,0
635329,2018,5,15,"2018-05-15","17:29:00",3,"TX",48,0,0.75,0,0,0,0,33.57,-97.85,33.57,-97.85,0,0,0,0,0,337,0,0,0
635330,2018,5,15,"2018-05-15","17:30:00",3,"TX",48,0,1.5,0,0,0,0,33.57,-97.85,33.57,-97.85,0,0,0,0,0,337,0,0,0
635331,2018,5,15,"2018-05-15","17:32:00",3,"TX",48,0,1,0,0,0,0,33.57,-97.85,33.57,-97.85,0,0,0,0,0,337,0,0,0
635332,2018,5,15,"2018-05-15","17:34:00",3,"CO",8,0,1,0,0,0,0,38.91,-104.77,38.91,-104.77,0,0,0,0,0,41,0,0,0
635333,2018,5,15,"2018-05-15","17:37:00",3,"CO",8,0,1,0,0,0,0,38.92,-104.79,38.92,-104.79,0,0,0,0,0,41,0,0,0
635334,2018,5,15,"2018-05-15","17:38:00",3,"TX",48,0,0.88,0,0,0,0,31.19,-100.5,31.19,-100.5,0,0,0,0,0,451,0,0,0
635335,2018,5,15,"2018-05-15","17:39:00",3,"TX",48,0,1,0,0,0,0,33.7393,-101.8831,33.8011,-101.85,0,0,0,0,0,303,0,0,0
635336,2018,5,15,"2018-05-15","17:54:00",3,"CO",8,0,1,0,0,0,0,38.85,-104.77,38.85,-104.77,0,0,0,0,0,41,0,0,0
635337,2018,5,15,"2018-05-15","17:55:00",3,"CO",8,0,1,0,0,0,0,39.09,-104.87,39.09,-104.87,0,0,0,0,0,41,0,0,0
635338,2018,5,15,"2018-05-15","17:57:00",3,"MS",28,0,0.75,0,0,0,0,33.18,-90.86,33.18,-90.86,0,0,0,0,0,151,0,0,0
635339,2018,5,15,"2018-05-15","18:00:00",3,"MD",24,0,1.25,0,0,0,0,39.3882,-77.6237,39.3882,-77.6237,0,0,0,0,0,21,0,0,0
635340,2018,5,15,"2018-05-15","18:07:00",3,"CO",8,0,1,0,0,0,0,38.85,-104.76,38.85,-104.76,0,0,0,0,0,41,0,0,0
635341,2018,5,15,"2018-05-15","18:08:00",3,"TX",48,0,1.5,0,0,0,0,34.83,-102.54,34.83,-102.54,0,0,0,0,0,117,0,0,0
635342,2018,5,15,"2018-05-15","18:16:00",3,"OK",40,0,0.88,0,0,0,0,36.73,-102.51,36.73,-102.51,0,0,0,0,0,25,0,0,0
635343,2018,5,15,"2018-05-15","18:22:00",3,"TX",48,0,1.25,0,0,0,0,34.79,-102.43,34.79,-102.43,0,0,0,0,0,117,0,0,0
635344,2018,5,15,"2018-05-15","18:22:00",3,"TX",48,0,1.75,0,0,0,0,34.78,-102.4,34.78,-102.4,0,0,0,0,0,117,0,0,0
635345,2018,5,15,"2018-05-15","18:30:00",3,"TX",48,0,1.25,0,0,0,0,34.2,-101.5425,34.2,-101.5425,0,0,0,0,0,189,0,0,0
635346,2018,5,15,"2018-05-15","18:35:00",3,"TX",48,0,1.75,0,0,0,0,34.1476,-101.32,34.1432,-101.2047,0,0,0,0,0,153,0,0,0
635347,2018,5,15,"2018-05-15","18:36:00",3,"TX",48,0,1,0,0,0,0,35.13,-102.27,35.13,-102.27,0,0,0,0,0,117,0,0,0
635348,2018,5,15,"2018-05-15","18:45:00",3,"TX",48,0,1,0,0,0,0,34.38,-102.6551,34.38,-102.6551,0,0,0,0,0,369,0,0,0
635349,2018,5,15,"2018-05-15","18:46:00",3,"TX",48,0,1.75,0,0,0,0,34.96,-102.2,34.96,-102.2,0,0,0,0,0,117,0,0,0
635350,2018,5,15,"2018-05-15","18:52:00",3,"TX",48,0,0.75,0,0,0,0,33.9,-100.85,33.9,-100.85,0,0,0,0,0,345,0,0,0
635351,2018,5,15,"2018-05-15","18:52:00",3,"TX",48,0,0.88,0,0,0,0,33.32,-99.67,33.32,-99.67,0,0,0,0,0,207,0,0,0
635352,2018,5,15,"2018-05-15","18:55:00",3,"TX",48,0,1,0,0,0,0,32.94,-99.8,32.94,-99.8,0,0,0,0,0,253,0,0,0
635353,2018,5,15,"2018-05-15","19:02:00",3,"WV",54,0,0.88,0,0,0,0,39.17,-79.52,39.17,-79.52,0,0,0,0,0,93,0,0,0
635354,2018,5,15,"2018-05-15","19:04:00",3,"WV",54,0,1,0,0,0,0,39.09,-79.67,39.09,-79.67,0,0,0,0,0,93,0,0,0
635355,2018,5,15,"2018-05-15","19:11:00",3,"TX",48,0,1.5,0,0,0,0,34.3211,-102.5169,34.3211,-102.5169,0,0,0,0,0,69,0,0,0
635356,2018,5,15,"2018-05-15","19:15:00",3,"TX",48,0,1.75,0,0,0,0,34.3764,-101.4345,34.3764,-101.4345,0,0,0,0,0,45,0,0,0
635357,2018,5,15,"2018-05-15","19:19:00",3,"TX",48,0,1,0,0,0,0,30.15,-98.4,30.15,-98.4,0,0,0,0,0,31,0,0,0
635358,2018,5,15,"2018-05-15","19:20:00",3,"TX",48,0,1,0,0,0,0,30.14,-98.4,30.14,-98.4,0,0,0,0,0,31,0,0,0
635359,2018,5,15,"2018-05-15","20:06:00",3,"TX",48,0,1,0,0,0,0,36.27,-101.54,36.27,-101.54,0,0,0,0,0,195,0,0,0
635360,2018,5,15,"2018-05-15","20:24:00",3,"TX",48,0,1,0,0,0,0,30.06,-99.44,30.06,-99.44,0,0,0,0,0,265,0,0,0
635361,2018,5,15,"2018-05-15","20:26:00",3,"OK",40,0,0.75,0,0,0,0,36.69,-101.48,36.69,-101.48,0,0,0,0,0,139,0,0,0
635362,2018,5,15,"2018-05-15","20:32:00",3,"TX",48,0,1.5,0,0,0,0,30.17,-99.44,30.17,-99.44,0,0,0,0,0,265,0,0,0
635363,2018,5,15,"2018-05-15","20:43:00",3,"TX",48,0,0.75,0,0,0,0,36.06,-101.48,36.06,-101.48,0,0,0,0,0,195,0,0,0
635364,2018,5,15,"2018-05-15","20:50:00",3,"TX",48,0,1,0,0,0,0,36.03,-101.47,36.03,-101.47,0,0,0,0,0,233,0,0,0
635365,2018,5,15,"2018-05-15","21:24:00",3,"TX",48,0,1,0,0,0,0,29.65,-99.46,29.65,-99.46,0,0,0,0,0,19,0,0,0
635366,2018,5,15,"2018-05-15","22:04:00",3,"TX",48,0,2,0,0,0,0,35.66,-100.67,35.66,-100.67,0,0,0,0,0,393,0,0,0
635367,2018,5,15,"2018-05-15","22:04:00",3,"TX",48,0,1,0,0,0,0,35.68,-100.64,35.68,-100.64,0,0,0,0,0,393,0,0,0
635368,2018,5,15,"2018-05-15","22:14:00",3,"CO",8,0,1.75,0,0,0,0,40.54,-103.28,40.54,-103.28,0,0,0,0,0,75,0,0,0
635369,2018,5,15,"2018-05-15","22:31:00",3,"CO",8,0,1,0,0,0,0,40.63,-103.21,40.63,-103.21,0,0,0,0,0,75,0,0,0
635370,2018,5,15,"2018-05-15","23:07:00",3,"OK",40,0,1,0,0,0,0,35.11,-98.61,35.11,-98.61,0,0,0,0,0,15,0,0,0
635371,2018,5,16,"2018-05-16","13:25:00",3,"TN",47,0,0.75,0,0,0,0,35.2566,-88.9922,35.2566,-88.9922,0,0,0,0,0,69,0,0,0
635372,2018,5,16,"2018-05-16","13:34:00",3,"MS",28,0,1,0,0,0,0,31.69,-89.13,31.69,-89.13,0,0,0,0,0,67,0,0,0
635373,2018,5,16,"2018-05-16","13:55:00",3,"TN",47,0,1,0,0,0,0,35.2233,-88.7948,35.2256,-88.7761,0,0,0,0,0,109,0,0,0
635374,2018,5,16,"2018-05-16","14:34:00",3,"AR",5,0,0.75,0,0,0,0,36.4033,-94.2162,36.4033,-94.2162,0,0,0,0,0,7,0,0,0
635375,2018,5,16,"2018-05-16","14:45:00",3,"AR",5,0,0.88,0,0,0,0,35.26,-92.38,35.26,-92.38,0,0,0,0,0,45,0,0,0
635376,2018,5,16,"2018-05-16","15:36:00",3,"AR",5,0,0.75,0,0,0,0,34.5,-93.05,34.5,-93.05,0,0,0,0,0,51,0,0,0
635377,2018,5,16,"2018-05-16","15:51:00",3,"OK",40,0,1,0,0,0,0,36.72,-102.9,36.72,-102.9,0,0,0,0,0,25,0,0,0
635378,2018,5,16,"2018-05-16","15:53:00",3,"OK",40,0,1,0,0,0,0,36.72,-102.88,36.72,-102.88,0,0,0,0,0,25,0,0,0
635379,2018,5,16,"2018-05-16","16:04:00",3,"LA",22,0,1,0,0,0,0,30.4,-92.21,30.4,-92.21,0,0,0,0,0,1,0,0,0
635380,2018,5,16,"2018-05-16","16:08:00",3,"MT",30,0,1,0,0,0,0,48.55,-109.65,48.55,-109.65,0,0,0,0,0,41,0,0,0
635381,2018,5,16,"2018-05-16","16:15:00",3,"MT",30,0,1.1,0,0,0,0,48.55,-109.55,48.55,-109.55,0,0,0,0,0,41,0,0,0
635382,2018,5,16,"2018-05-16","16:20:00",3,"AL",1,0,1,0,0,0,0,34.63,-86.27,34.63,-86.27,0,0,0,0,0,71,0,0,0
635383,2018,5,16,"2018-05-16","16:45:00",3,"SD",46,0,0.75,0,0,0,0,44.6566,-103.8578,44.6566,-103.8578,0,0,0,0,0,19,0,0,0
635384,2018,5,16,"2018-05-16","16:45:00",3,"SD",46,0,0.88,0,0,0,0,44.5767,-103.7356,44.5767,-103.7356,0,0,0,0,0,81,0,0,0
635385,2018,5,16,"2018-05-16","16:45:00",3,"TX",48,0,2.75,0,0,5000,0,32.2099,-101.4896,32.2099,-101.4896,0,0,0,0,0,227,0,0,0
635386,2018,5,16,"2018-05-16","17:01:00",3,"OK",40,0,1.25,0,0,0,0,36.6,-102.79,36.6,-102.79,0,0,0,0,0,25,0,0,0
635387,2018,5,16,"2018-05-16","17:05:00",3,"OK",40,0,1.25,0,0,0,0,36.57,-102.76,36.57,-102.76,0,0,0,0,0,25,0,0,0
635388,2018,5,16,"2018-05-16","17:05:00",3,"TX",48,0,1.75,0,0,0,0,35.69,-100.73,35.69,-100.73,0,0,0,0,0,393,0,0,0
635389,2018,5,16,"2018-05-16","17:12:00",3,"TX",48,0,1.5,0,0,0,0,35.68,-100.72,35.68,-100.72,0,0,0,0,0,393,0,0,0
635390,2018,5,16,"2018-05-16","17:33:00",3,"SD",46,0,1.5,0,0,0,0,44.3,-103.42,44.3,-103.42,0,0,0,0,0,93,0,0,0
635391,2018,5,16,"2018-05-16","17:35:00",3,"TX",48,0,1.75,0,0,0,0,35.66,-100.68,35.66,-100.68,0,0,0,0,0,393,0,0,0
635392,2018,5,16,"2018-05-16","17:39:00",3,"MO",29,0,1,0,0,0,0,37.14,-93.26,37.14,-93.26,0,0,0,0,0,77,0,0,0
635393,2018,5,16,"2018-05-16","17:52:00",3,"TX",48,0,1,0,0,0,0,35.92,-100.39,35.92,-100.39,0,0,0,0,0,211,0,0,0
635394,2018,5,16,"2018-05-16","17:55:00",3,"TX",48,0,1.5,0,0,0,0,35.91,-100.38,35.91,-100.38,0,0,0,0,0,211,0,0,0
635395,2018,5,16,"2018-05-16","18:00:00",3,"TX",48,0,1.5,0,0,0,0,35.9,-100.38,35.9,-100.38,0,0,0,0,0,211,0,0,0
635396,2018,5,16,"2018-05-16","18:00:00",3,"TX",48,0,1,0,0,0,0,35.94,-100.37,35.94,-100.37,0,0,0,0,0,211,0,0,0
635397,2018,5,16,"2018-05-16","18:00:00",3,"AR",5,0,0.88,0,0,0,0,33.57,-92.84,33.57,-92.84,0,0,0,0,0,103,0,0,0
635398,2018,5,16,"2018-05-16","18:06:00",3,"MS",28,0,1.25,0,0,5000,0,33.5925,-88.7651,33.5925,-88.7651,0,0,0,0,0,25,0,0,0
635399,2018,5,16,"2018-05-16","18:38:00",3,"KS",20,0,1,0,0,0,0,39.84,-96.18,39.84,-96.18,0,0,0,0,0,131,0,0,0
635400,2018,5,16,"2018-05-16","18:45:00",3,"TX",48,0,1,0,0,0,0,35.42,-100.67,35.42,-100.67,0,0,0,0,0,179,0,0,0
635401,2018,5,16,"2018-05-16","18:55:00",3,"SD",46,0,1.5,0,0,0,0,44.2434,-103.3977,44.2434,-103.3977,0,0,0,0,0,93,0,0,0
635402,2018,5,16,"2018-05-16","18:57:00",3,"MO",29,0,1,0,0,0,0,37.1,-93.48,37.1,-93.48,0,0,0,0,0,43,0,0,0
635403,2018,5,16,"2018-05-16","19:00:00",3,"NV",32,0,1.75,0,0,0,0,41.03,-114.47,41.03,-114.47,0,0,0,0,0,7,0,0,0
635404,2018,5,16,"2018-05-16","19:00:00",3,"TX",48,0,0.75,0,0,0,0,31.2959,-101.1618,31.2959,-101.1618,0,0,0,0,0,235,0,0,0
635405,2018,5,16,"2018-05-16","19:40:00",3,"MT",30,0,1.25,0,0,0,0,46.18,-104.34,46.18,-104.34,0,0,0,0,0,25,0,0,0
635406,2018,5,16,"2018-05-16","19:54:00",3,"TX",48,0,1,0,0,0,0,31.0839,-101.1663,31.0839,-101.1663,0,0,0,0,0,105,0,0,0
635407,2018,5,16,"2018-05-16","22:55:00",3,"MT",30,0,1,0,0,0,0,48.02,-104.07,48.02,-104.07,0,0,0,0,0,85,0,0,0
635408,2018,5,17,"2018-05-17","00:30:00",3,"SD",46,0,0.88,0,0,0,0,43.73,-99.33,43.73,-99.33,0,0,0,0,0,15,0,0,0
635409,2018,5,17,"2018-05-17","08:30:00",3,"ND",38,0,1,0,0,0,0,48.45,-100.53,48.45,-100.53,0,0,0,0,0,49,0,0,0
635410,2018,5,17,"2018-05-17","09:10:00",3,"OK",40,0,1.75,0,0,0,0,36.87,-100.61,36.87,-100.61,0,0,0,0,0,7,0,0,0
635411,2018,5,17,"2018-05-17","09:15:00",3,"OK",40,0,1.75,0,0,0,0,36.87,-100.59,36.87,-100.59,0,0,0,0,0,7,0,0,0
635412,2018,5,17,"2018-05-17","09:27:00",3,"TX",48,0,0.88,0,0,0,0,36.12,-100.03,36.12,-100.03,0,0,0,0,0,295,0,0,0
635413,2018,5,17,"2018-05-17","09:46:00",3,"OK",40,0,0.75,0,0,0,0,36.85,-100.52,36.85,-100.52,0,0,0,0,0,7,0,0,0
635414,2018,5,17,"2018-05-17","09:50:00",3,"OK",40,0,1.25,0,0,0,0,36.13,-100,36.13,-100,0,0,0,0,0,45,0,0,0
635415,2018,5,17,"2018-05-17","10:10:00",3,"OK",40,0,0.75,0,0,0,0,36.14,-99.82,36.14,-99.82,0,0,0,0,0,45,0,0,0
635416,2018,5,17,"2018-05-17","11:00:00",3,"OK",40,0,0.75,0,0,0,0,36.6,-100.05,36.6,-100.05,0,0,0,0,0,7,0,0,0
635417,2018,5,17,"2018-05-17","11:55:00",3,"MS",28,0,1,0,0,0,0,30.54,-88.67,30.54,-88.67,0,0,0,0,0,59,0,0,0
635418,2018,5,17,"2018-05-17","11:58:00",3,"MS",28,0,1,0,0,0,0,30.8893,-88.6058,30.8893,-88.6058,0,0,0,0,0,39,0,0,0
635419,2018,5,17,"2018-05-17","12:00:00",3,"MS",28,0,1,0,0,0,0,30.7591,-88.6224,30.7591,-88.6224,0,0,0,0,0,39,0,0,0
635420,2018,5,17,"2018-05-17","12:00:00",3,"MS",28,0,1.5,0,0,0,0,30.8933,-88.5571,30.8933,-88.5571,0,0,0,0,0,39,0,0,0
635421,2018,5,17,"2018-05-17","12:43:00",3,"MO",29,0,1,0,0,0,0,36.88,-89.5981,36.88,-89.5981,0,0,0,0,0,201,0,0,0
635422,2018,5,17,"2018-05-17","12:55:00",3,"OK",40,0,0.88,0,0,0,0,35.58,-98.96,35.58,-98.96,0,0,0,0,0,39,0,0,0
635423,2018,5,17,"2018-05-17","13:55:00",3,"OH",39,0,0.75,0,0,0,0,39.05,-82.63,39.05,-82.63,0,0,0,0,0,79,0,0,0
635424,2018,5,17,"2018-05-17","13:55:00",3,"OK",40,0,0.75,0,0,0,0,35.31,-98.56,35.31,-98.56,0,0,0,0,0,15,0,0,0
635425,2018,5,17,"2018-05-17","14:00:00",3,"SD",46,0,1,0,0,0,0,44.67,-103.7279,44.67,-103.7279,0,0,0,0,0,19,0,0,0
635426,2018,5,17,"2018-05-17","14:00:00",3,"SD",46,0,1.5,0,0,0,0,44.6566,-103.8422,44.6566,-103.8578,0,0,0,0,0,19,0,0,0
635427,2018,5,17,"2018-05-17","14:04:00",3,"NM",35,0,0.88,0,0,0,0,32.2926,-103.8659,32.2926,-103.8659,0,0,0,0,0,15,0,0,0
635428,2018,5,17,"2018-05-17","14:09:00",3,"SD",46,0,0.88,0,0,0,0,44.5767,-103.7356,44.5767,-103.7356,0,0,0,0,0,81,0,0,0
635429,2018,5,17,"2018-05-17","14:27:00",3,"SD",46,0,1,0,0,0,0,44.6566,-103.7078,44.6566,-103.7078,0,0,0,0,0,19,0,0,0
635430,2018,5,17,"2018-05-17","14:28:00",3,"NM",35,0,1,0,0,0,0,32.352,-103.8943,32.352,-103.8943,0,0,0,0,0,15,0,0,0
635431,2018,5,17,"2018-05-17","14:32:00",3,"OK",40,0,1,0,0,0,0,35.1,-98.44,35.1,-98.44,0,0,0,0,0,15,0,0,0
635432,2018,5,17,"2018-05-17","14:45:00",3,"ND",38,0,1.75,0,0,0,0,45.99,-99.37,45.99,-99.37,0,0,0,0,0,51,0,0,0
635433,2018,5,17,"2018-05-17","14:49:00",3,"WY",56,0,1,0,0,0,0,42.83,-108.72,42.8365,-108.7234,0,0,0,0,0,13,0,0,0
635434,2018,5,17,"2018-05-17","14:50:00",3,"OK",40,0,0.75,0,0,0,0,35.05,-98.34,35.05,-98.34,0,0,0,0,0,15,0,0,0
635435,2018,5,17,"2018-05-17","15:00:00",3,"SD",46,0,1,0,0,0,0,43.53,-104.04,43.53,-104.04,0,0,0,0,0,33,0,0,0
635436,2018,5,17,"2018-05-17","15:00:00",3,"SD",46,0,1,0,0,0,0,45.77,-99.62,45.77,-99.62,0,0,0,0,0,89,0,0,0
635437,2018,5,17,"2018-05-17","15:03:00",3,"SD",46,0,1.75,0,0,0,0,45.77,-99.62,45.77,-99.62,0,0,0,0,0,89,0,0,0
635438,2018,5,17,"2018-05-17","15:06:00",3,"OK",40,0,1,0,0,0,0,34.88,-98.18,34.88,-98.18,0,0,0,0,0,15,0,0,0
635439,2018,5,17,"2018-05-17","15:10:00",3,"OK",40,0,1.25,0,0,0,0,34.9,-98.19,34.9,-98.19,0,0,0,0,0,15,0,0,0
635440,2018,5,17,"2018-05-17","15:10:00",3,"ND",38,0,1,0,0,0,0,46.05,-100.93,46.05,-100.93,0,0,0,0,0,85,0,0,0
635441,2018,5,17,"2018-05-17","15:15:00",3,"MT",30,0,1,0,0,0,0,46.7884,-108.78,46.7884,-108.78,0,0,0,0,0,27,0,0,0
635442,2018,5,17,"2018-05-17","15:17:00",3,"SD",46,0,1.75,0,0,0,0,45.77,-99.62,45.77,-99.62,0,0,0,0,0,89,0,0,0
635443,2018,5,17,"2018-05-17","15:18:00",3,"TX",48,0,1,0,0,0,0,33.51,-102.01,33.58,-101.88,0,0,0,0,0,303,0,0,0
635444,2018,5,17,"2018-05-17","15:21:00",3,"SD",46,0,1,0,0,0,0,45.77,-99.56,45.77,-99.56,0,0,0,0,0,89,0,0,0
635445,2018,5,17,"2018-05-17","15:37:00",3,"TX",48,0,1,0,0,0,0,33.99,-101.84,33.99,-101.84,0,0,0,0,0,189,0,0,0
635446,2018,5,17,"2018-05-17","15:39:00",3,"SD",46,0,1,0,0,0,0,43.55,-103.79,43.55,-103.79,0,0,0,0,0,33,0,0,0
635447,2018,5,17,"2018-05-17","15:40:00",3,"TX",48,0,1,0,0,0,0,31.7,-103.6,31.7,-103.6,0,0,0,0,0,301,0,0,0
635448,2018,5,17,"2018-05-17","15:46:00",3,"SD",46,0,1,0,0,0,0,45.04,-102.39,45.04,-102.39,0,0,0,0,0,105,0,0,0
635449,2018,5,17,"2018-05-17","15:50:00",3,"SD",46,0,1.25,0,0,0,0,45.67,-99.68,45.67,-99.68,0,0,0,0,0,89,0,0,0
635450,2018,5,17,"2018-05-17","16:01:00",3,"TX",48,0,1,0,0,0,0,34.39,-102.11,34.39,-102.11,0,0,0,0,0,69,0,0,0
635451,2018,5,17,"2018-05-17","16:08:00",3,"TX",48,0,1,0,0,0,0,33.09,-102.62,33.09,-102.62,0,0,0,0,0,501,0,0,0
635452,2018,5,17,"2018-05-17","16:15:00",3,"SD",46,0,1,0,0,0,0,45.67,-99.66,45.67,-99.66,0,0,0,0,0,89,0,0,0
635453,2018,5,17,"2018-05-17","16:20:00",3,"TX",48,0,1.25,0,0,0,0,35.79,-102.05,35.79,-102.05,0,0,0,0,0,341,0,0,0
635454,2018,5,17,"2018-05-17","16:25:00",3,"TX",48,0,1.25,0,0,0,0,35.64,-101.6,35.64,-101.6,0,0,0,0,0,233,0,0,0
635455,2018,5,17,"2018-05-17","16:30:00",3,"SD",46,0,1.25,0,0,0,0,45.4264,-102.4147,45.4264,-102.4147,0,0,0,0,0,105,0,0,0
635456,2018,5,17,"2018-05-17","16:34:00",3,"TX",48,0,1.25,0,0,0,0,35.64,-101.6,35.64,-101.6,0,0,0,0,0,233,0,0,0
635457,2018,5,17,"2018-05-17","16:40:00",3,"SD",46,0,1.25,0,0,0,0,45.68,-100.8,45.68,-100.8,0,0,0,0,0,31,0,0,0
635458,2018,5,17,"2018-05-17","16:52:00",3,"TX",48,0,1,0,0,0,0,34.14,-101.19,34.14,-101.19,0,0,0,0,0,153,0,0,0
635459,2018,5,17,"2018-05-17","16:57:00",3,"TX",48,0,1,0,0,0,0,35.63,-101.55,35.63,-101.55,0,0,0,0,0,233,0,0,0
635460,2018,5,17,"2018-05-17","17:04:00",3,"OK",40,0,1,0,0,0,0,36.93,-101.49,36.93,-101.49,0,0,0,0,0,139,0,0,0
635461,2018,5,17,"2018-05-17","17:05:00",3,"TX",48,0,1.25,0,0,0,0,33.28,-101.49,33.28,-101.49,0,0,0,0,0,169,0,0,0
635462,2018,5,17,"2018-05-17","17:06:00",3,"TX",48,0,1.75,0,0,500,0,30.15,-102.4,30.15,-102.4,0,0,0,0,0,443,0,0,0
635463,2018,5,17,"2018-05-17","17:09:00",3,"TX",48,0,0.75,0,0,0,0,34.23,-100.95,34.23,-100.95,0,0,0,0,0,345,0,0,0
635464,2018,5,17,"2018-05-17","17:15:00",3,"NV",32,0,0.88,0,0,0,0,40.95,-115.88,40.95,-115.88,0,0,0,0,0,7,0,0,0
635465,2018,5,17,"2018-05-17","17:15:00",3,"NV",32,0,1.25,0,0,0,0,40.73,-115.58,40.73,-115.58,0,0,0,0,0,7,0,0,0
635466,2018,5,17,"2018-05-17","17:15:00",3,"NV",32,0,1,0,0,0,0,40.7,-115.57,40.7,-115.57,0,0,0,0,0,7,0,0,0
635467,2018,5,17,"2018-05-17","17:31:00",3,"MO",29,0,1,0,0,0,0,39.34,-94.23,39.34,-94.23,0,0,0,0,0,47,0,0,0
635468,2018,5,17,"2018-05-17","18:04:00",3,"TX",48,0,1.25,0,0,0,0,35.67,-101.56,35.67,-101.56,0,0,0,0,0,233,0,0,0
635469,2018,5,17,"2018-05-17","18:12:00",3,"TX",48,0,1.5,0,0,0,0,33.08,-101.18,33.08,-101.18,0,0,0,0,0,169,0,0,0
635470,2018,5,17,"2018-05-17","18:32:00",3,"MS",28,0,1.75,0,0,0,0,30.58,-88.48,30.58,-88.48,0,0,0,0,0,59,0,0,0
635471,2018,5,17,"2018-05-17","18:32:00",3,"OK",40,0,1,0,0,0,0,36.62,-100.82,36.62,-100.82,0,0,0,0,0,7,0,0,0
635472,2018,5,17,"2018-05-17","18:34:00",3,"TX",48,0,1.75,0,0,0,0,35.7,-101.53,35.7,-101.53,0,0,0,0,0,233,0,0,0
635473,2018,5,17,"2018-05-17","18:46:00",3,"TX",48,0,2,0,0,0,0,35.71,-101.41,35.71,-101.41,0,0,0,0,0,233,0,0,0
635474,2018,5,17,"2018-05-17","18:55:00",3,"TX",48,0,2,0,0,0,0,35.68,-101.4,35.68,-101.4,0,0,0,0,0,233,0,0,0
635475,2018,5,17,"2018-05-17","18:58:00",3,"NE",31,0,1,0,0,0,0,42.89,-103.3,42.89,-103.3,0,0,0,0,0,45,0,0,0
635476,2018,5,17,"2018-05-17","19:00:00",3,"MS",28,0,1,0,0,0,0,30.5518,-88.4912,30.5518,-88.4912,0,0,0,0,0,59,0,0,0
635477,2018,5,17,"2018-05-17","19:05:00",3,"TX",48,0,2,0,0,0,0,35.69,-101.38,35.69,-101.38,0,0,0,0,0,233,0,0,0
635478,2018,5,17,"2018-05-17","19:12:00",3,"MS",28,0,1.75,0,0,0,0,30.5,-88.5,30.5,-88.5,0,0,0,0,0,59,0,0,0
635479,2018,5,17,"2018-05-17","19:26:00",3,"NE",31,0,1,0,0,0,0,42.83,-103,42.83,-103,0,0,0,0,0,45,0,0,0
635480,2018,5,17,"2018-05-17","19:30:00",3,"WY",56,0,1,0,0,0,0,44.94,-105.79,44.94,-105.79,0,0,0,0,0,5,0,0,0
635481,2018,5,17,"2018-05-17","19:34:00",3,"MT",30,0,1.25,0,0,0,0,47.73,-105.84,47.73,-105.84,0,0,0,0,0,55,0,0,0
635482,2018,5,17,"2018-05-17","20:36:00",3,"NE",31,0,1,0,0,0,0,41.15,-103.0665,41.15,-103.0665,0,0,0,0,0,33,0,0,0
635483,2018,5,17,"2018-05-17","20:45:00",3,"NE",31,0,2,0,0,0,0,41.15,-103.0377,41.15,-103.0377,0,0,0,0,0,33,0,0,0
635484,2018,5,17,"2018-05-17","20:49:00",3,"NE",31,0,1,0,0,0,0,41.15,-102.98,41.15,-102.98,0,0,0,0,0,33,0,0,0
635485,2018,5,17,"2018-05-17","20:56:00",3,"NE",31,0,2.5,0,0,0,0,41.1807,-103.0208,41.1807,-103.0208,0,0,0,0,0,33,0,0,0
635486,2018,5,17,"2018-05-17","21:18:00",3,"NE",31,0,2.5,0,0,0,0,41.2224,-102.98,41.2224,-102.98,0,0,0,0,0,33,0,0,0
635487,2018,5,17,"2018-05-17","22:15:00",3,"NE",31,0,1,0,0,0,0,41.5,-102.69,41.5,-102.69,0,0,0,0,0,123,0,0,0
635488,2018,5,17,"2018-05-17","22:50:00",3,"NE",31,0,1.25,0,0,0,0,41.3105,-102.8916,41.3105,-102.8916,0,0,0,0,0,33,0,0,0
635489,2018,5,17,"2018-05-17","23:45:00",3,"NE",31,0,1,0,0,0,0,41.3323,-103.5238,41.3323,-103.5238,0,0,0,0,0,105,0,0,0
635490,2018,5,18,"2018-05-18","08:30:00",3,"FL",12,0,1,0,0,0,0,29.25,-82.93,29.25,-82.93,0,0,0,0,0,75,0,0,0
635491,2018,5,18,"2018-05-18","12:00:00",3,"LA",22,0,0.88,0,0,0,0,30.44,-90.44,30.44,-90.44,0,0,0,0,0,105,0,0,0
635492,2018,5,18,"2018-05-18","12:55:00",3,"LA",22,0,0.75,0,0,0,0,30.47,-90.11,30.47,-90.11,0,0,0,0,0,103,0,0,0
635493,2018,5,18,"2018-05-18","13:49:00",3,"TX",48,0,1,0,0,0,0,33.592,-101.957,33.592,-101.957,0,0,0,0,0,303,0,0,0
635494,2018,5,18,"2018-05-18","14:56:00",3,"CO",8,0,1,0,0,0,0,38.91,-104.86,38.91,-104.86,0,0,0,0,0,41,0,0,0
635495,2018,5,18,"2018-05-18","14:57:00",3,"CO",8,0,1,0,0,0,0,38.91,-104.86,38.91,-104.86,0,0,0,0,0,41,0,0,0
635496,2018,5,18,"2018-05-18","14:59:00",3,"CO",8,0,1,0,0,0,0,38.9,-104.85,38.9,-104.85,0,0,0,0,0,41,0,0,0
635497,2018,5,18,"2018-05-18","15:06:00",3,"CO",8,0,1.5,0,0,0,0,38.91,-104.86,38.91,-104.86,0,0,0,0,0,41,0,0,0
635498,2018,5,18,"2018-05-18","15:10:00",3,"CO",8,0,1.25,0,0,0,0,38.86,-104.82,38.86,-104.82,0,0,0,0,0,41,0,0,0
635499,2018,5,18,"2018-05-18","15:15:00",3,"CO",8,0,1,0,0,0,0,39.99,-105.27,39.99,-105.27,0,0,0,0,0,13,0,0,0
635500,2018,5,18,"2018-05-18","15:15:00",3,"LA",22,0,1,0,0,0,0,30.51,-91.2,30.51,-91.2,0,0,0,0,0,33,0,0,0
635501,2018,5,18,"2018-05-18","15:17:00",3,"CO",8,0,0.75,0,0,0,0,39.98,-105.25,39.98,-105.25,0,0,0,0,0,13,0,0,0
635502,2018,5,18,"2018-05-18","15:29:00",3,"LA",22,0,1,0,0,0,0,30.01,-90.15,30.01,-90.15,0,0,0,0,0,51,0,0,0
635503,2018,5,18,"2018-05-18","15:35:00",3,"CO",8,0,1.5,0,0,0,0,38.96,-104.87,38.96,-104.87,0,0,0,0,0,41,0,0,0
635504,2018,5,18,"2018-05-18","16:04:00",3,"TX",48,0,1,0,0,0,0,35.61,-101,35.61,-101,0,0,0,0,0,179,0,0,0
635505,2018,5,18,"2018-05-18","16:04:00",3,"CO",8,0,1,0,0,0,0,38.86,-104.75,38.86,-104.75,0,0,0,0,0,41,0,0,0
635506,2018,5,18,"2018-05-18","16:08:00",3,"CO",8,0,1.25,0,0,0,0,38.86,-104.75,38.86,-104.75,0,0,0,0,0,41,0,0,0
635507,2018,5,18,"2018-05-18","16:09:00",3,"CO",8,0,1,0,0,0,0,38.88,-104.74,38.88,-104.74,0,0,0,0,0,41,0,0,0
635508,2018,5,18,"2018-05-18","16:15:00",3,"CO",8,0,1.25,0,0,0,0,38.86,-104.73,38.86,-104.73,0,0,0,0,0,41,0,0,0
635509,2018,5,18,"2018-05-18","16:20:00",3,"CO",8,0,1.5,0,0,0,0,38.87,-104.7,38.87,-104.7,0,0,0,0,0,41,0,0,0
635510,2018,5,18,"2018-05-18","16:26:00",3,"CO",8,0,1.75,0,0,0,0,38.88,-104.72,38.88,-104.72,0,0,0,0,0,41,0,0,0
635511,2018,5,18,"2018-05-18","16:28:00",3,"TX",48,0,1,0,0,0,0,36.4,-100.8,36.4,-100.8,0,0,0,0,0,357,0,0,0
635512,2018,5,18,"2018-05-18","16:34:00",3,"TX",48,0,1.75,0,0,0,0,35.9,-100.9,35.9,-100.9,0,0,0,0,0,393,0,0,0
635513,2018,5,18,"2018-05-18","16:45:00",3,"CO",8,0,1,0,0,0,0,38.89,-104.59,38.89,-104.59,0,0,0,0,0,41,0,0,0
635514,2018,5,18,"2018-05-18","16:47:00",3,"TX",48,0,1.25,0,0,0,0,36.29,-100.8,36.29,-100.8,0,0,0,0,0,357,0,0,0
635515,2018,5,18,"2018-05-18","17:00:00",3,"CO",8,0,1.25,0,0,0,0,38.76,-104.73,38.76,-104.73,0,0,0,0,0,41,0,0,0
635516,2018,5,18,"2018-05-18","17:00:00",3,"WY",56,0,1,0,0,0,0,42.6577,-104.5893,42.6577,-104.5893,0,0,0,0,0,27,0,0,0
635517,2018,5,18,"2018-05-18","17:07:00",3,"SD",46,0,1.75,0,0,0,0,44.3,-103.42,44.3,-103.42,0,0,0,0,0,93,0,0,0
635518,2018,5,18,"2018-05-18","17:15:00",3,"TX",48,0,2.5,0,0,0,0,36.35,-100.8,36.35,-100.8,0,0,0,0,0,357,0,0,0
635519,2018,5,18,"2018-05-18","17:20:00",3,"KS",20,0,1.5,0,0,0,0,37.26,-100.59,37.26,-100.59,0,0,0,0,0,119,0,0,0
635520,2018,5,18,"2018-05-18","17:34:00",3,"CO",8,0,1,0,0,0,0,38.25,-105.02,38.25,-105.02,0,0,0,0,0,101,0,0,0
635521,2018,5,18,"2018-05-18","17:40:00",3,"KS",20,0,1.75,0,0,0,0,37.16,-100.7,37.16,-100.7,0,0,0,0,0,175,0,0,0
635522,2018,5,18,"2018-05-18","17:45:00",3,"KS",20,0,1,0,0,0,0,37.14,-100.08,37.14,-100.08,0,0,0,0,0,25,0,0,0
635523,2018,5,18,"2018-05-18","17:45:00",3,"KS",20,0,1,0,0,0,0,37.2,-100.7,37.2,-100.7,0,0,0,0,0,175,0,0,0
635524,2018,5,18,"2018-05-18","17:47:00",3,"KS",20,0,0.88,0,0,0,0,37.21,-100.7,37.21,-100.7,0,0,0,0,0,175,0,0,0
635525,2018,5,18,"2018-05-18","17:55:00",3,"KS",20,0,1.5,0,0,0,0,37.26,-100.59,37.26,-100.59,0,0,0,0,0,119,0,0,0
635526,2018,5,18,"2018-05-18","17:58:00",3,"TX",48,0,1,0,0,0,0,36,-100.61,36,-100.61,0,0,0,0,0,393,0,0,0
635527,2018,5,18,"2018-05-18","17:58:00",3,"KS",20,0,1.5,0,0,0,0,37.04,-100.94,37.04,-100.94,0,0,0,0,0,175,0,0,0
635528,2018,5,18,"2018-05-18","18:00:00",3,"KS",20,0,1.75,0,0,0,0,37.04,-100.94,37.04,-100.94,0,0,0,0,0,175,0,0,0
635529,2018,5,18,"2018-05-18","18:08:00",3,"KS",20,0,0.75,0,0,0,0,39.8827,-101.1112,39.8827,-101.1112,0,0,0,0,0,153,0,0,0
635530,2018,5,18,"2018-05-18","18:10:00",3,"KS",20,0,2,0,0,0,0,37.71,-100.49,37.71,-100.49,0,0,0,0,0,69,0,0,0
635531,2018,5,18,"2018-05-18","18:10:00",3,"CO",8,0,1,0,0,0,0,38.11,-102.96,38.11,-102.96,0,0,0,0,0,11,0,0,0
635532,2018,5,18,"2018-05-18","18:14:00",3,"KS",20,0,1.5,0,0,0,0,39.91,-100.7895,39.91,-100.7895,0,0,0,0,0,153,0,0,0
635533,2018,5,18,"2018-05-18","18:20:00",3,"KS",20,0,1,0,0,0,0,37.84,-100.56,37.84,-100.56,0,0,0,0,0,69,0,0,0
635534,2018,5,18,"2018-05-18","18:22:00",3,"KS",20,0,1.75,0,0,0,0,37.83,-100.45,37.83,-100.45,0,0,0,0,0,69,0,0,0
635535,2018,5,18,"2018-05-18","18:23:00",3,"KS",20,0,1,0,0,0,0,39.91,-100.8382,39.91,-100.8382,0,0,0,0,0,153,0,0,0
635536,2018,5,18,"2018-05-18","18:23:00",3,"KS",20,0,1.5,0,0,0,0,37.83,-100.43,37.83,-100.43,0,0,0,0,0,69,0,0,0
635537,2018,5,18,"2018-05-18","18:23:00",3,"KS",20,0,1.75,0,0,0,0,37.83,-100.45,37.83,-100.45,0,0,0,0,0,69,0,0,0
635538,2018,5,18,"2018-05-18","18:25:00",3,"KS",20,0,2.75,0,0,0,0,39.9101,-100.7961,39.9101,-100.7961,0,0,0,0,0,153,0,0,0
635539,2018,5,18,"2018-05-18","18:30:00",3,"KS",20,0,2.5,0,0,0,0,37.83,-100.45,37.83,-100.45,0,0,0,0,0,69,0,0,0
635540,2018,5,18,"2018-05-18","18:30:00",3,"CO",8,0,1,0,0,0,0,38.3,-104.74,38.3,-104.74,0,0,0,0,0,101,0,0,0
635541,2018,5,18,"2018-05-18","18:36:00",3,"CO",8,0,1,0,0,0,0,38.3,-104.74,38.3,-104.74,0,0,0,0,0,101,0,0,0
635542,2018,5,18,"2018-05-18","18:38:00",3,"CO",8,0,1,0,0,0,0,38.31,-104.73,38.31,-104.73,0,0,0,0,0,101,0,0,0
635543,2018,5,18,"2018-05-18","18:40:00",3,"KS",20,0,1.75,0,0,0,0,39.8825,-100.9641,39.8825,-100.9641,0,0,0,0,0,153,0,0,0
635544,2018,5,18,"2018-05-18","18:46:00",3,"CO",8,0,1,0,0,0,0,38.3,-104.72,38.3,-104.72,0,0,0,0,0,101,0,0,0
635545,2018,5,18,"2018-05-18","18:48:00",3,"CO",8,0,1,0,0,0,0,38.32,-104.74,38.32,-104.74,0,0,0,0,0,101,0,0,0
635546,2018,5,18,"2018-05-18","18:57:00",3,"KS",20,0,0.75,0,0,0,0,38.37,-100.85,38.37,-100.85,0,0,0,0,0,171,0,0,0
635547,2018,5,18,"2018-05-18","19:00:00",3,"KS",20,0,1,0,0,0,0,38.47,-100.72,38.47,-100.72,0,0,0,0,0,171,0,0,0
635548,2018,5,18,"2018-05-18","19:00:00",3,"KS",20,0,1.5,0,0,0,0,39.0742,-100.2699,39.0742,-100.2699,0,0,0,0,0,63,0,0,0
635549,2018,5,18,"2018-05-18","19:01:00",3,"KS",20,0,1.75,0,0,0,0,39.0806,-100.29,39.0806,-100.29,0,0,0,0,0,63,0,0,0
635550,2018,5,18,"2018-05-18","19:13:00",3,"KS",20,0,2,0,0,0,0,39.82,-100.53,39.82,-100.53,0,0,0,0,0,39,0,0,0
635551,2018,5,18,"2018-05-18","19:14:00",3,"KS",20,0,2.75,0,0,0,0,39.0919,-100.3136,39.0919,-100.3136,0,0,0,0,0,63,0,0,0
635552,2018,5,18,"2018-05-18","19:15:00",3,"KS",20,0,1.5,0,0,0,0,38.81,-100.9743,38.81,-100.9743,0,0,0,0,0,109,0,0,0
635553,2018,5,18,"2018-05-18","19:15:00",3,"KS",20,0,1.25,0,0,0,0,37.97,-101.21,37.97,-101.21,0,0,0,0,0,93,0,0,0
635554,2018,5,18,"2018-05-18","19:21:00",3,"KS",20,0,1.75,0,0,0,0,39.0677,-100.2358,39.0677,-100.2358,0,0,0,0,0,63,0,0,0
635555,2018,5,18,"2018-05-18","19:23:00",3,"KS",20,0,1,0,0,0,0,37.94,-101.26,37.94,-101.26,0,0,0,0,0,93,0,0,0
635556,2018,5,18,"2018-05-18","19:24:00",3,"KS",20,0,1,0,0,0,0,39.8282,-100.4399,39.8282,-100.4399,0,0,0,0,0,39,0,0,0
635557,2018,5,18,"2018-05-18","19:30:00",3,"KS",20,0,1.5,0,0,0,0,38.8502,-100.8538,38.8502,-100.8538,0,0,0,0,0,109,0,0,0
635558,2018,5,18,"2018-05-18","19:30:00",3,"KS",20,0,1.75,0,0,0,0,38.07,-99.41,38.07,-99.41,0,0,0,0,0,47,0,0,0
635559,2018,5,18,"2018-05-18","19:31:00",3,"KS",20,0,1,0,0,0,0,39.4504,-101.0535,39.4504,-101.0535,0,0,0,0,0,193,0,0,0
635560,2018,5,18,"2018-05-18","19:37:00",3,"KS",20,0,1,0,0,0,0,38.26,-100.95,38.26,-100.95,0,0,0,0,0,55,0,0,0
635561,2018,5,18,"2018-05-18","19:38:00",3,"KS",20,0,2.75,0,0,0,0,39.0508,-100.2262,39.0508,-100.2262,0,0,0,0,0,63,0,0,0
635562,2018,5,18,"2018-05-18","20:05:00",3,"KS",20,0,1,0,0,0,0,39.02,-99.84,39.02,-99.84,0,0,0,0,0,195,0,0,0
635563,2018,5,18,"2018-05-18","20:07:00",3,"KS",20,0,1,0,0,0,0,39.741,-100.2909,39.741,-100.2909,0,0,0,0,0,39,0,0,0
635564,2018,5,18,"2018-05-18","20:20:00",3,"KS",20,0,1,0,0,0,0,39.38,-100.81,39.38,-100.81,0,0,0,0,0,193,0,0,0
635565,2018,5,19,"2018-05-19","02:39:00",3,"KS",20,0,0.75,0,0,0,0,37.26,-96.98,37.26,-96.98,0,0,0,0,0,35,0,0,0
635566,2018,5,19,"2018-05-19","04:29:00",3,"KS",20,0,1,0,0,0,0,37.38,-96.08,37.38,-96.08,0,0,0,0,0,49,0,0,0
635567,2018,5,19,"2018-05-19","06:15:00",3,"MO",29,0,1.5,0,0,0,0,37.62,-93.71,37.62,-93.71,0,0,0,0,0,39,0,0,0
635568,2018,5,19,"2018-05-19","06:25:00",3,"KS",20,0,1,0,0,0,0,37.37,-96.86,37.37,-96.86,0,0,0,0,0,35,0,0,0
635569,2018,5,19,"2018-05-19","06:27:00",3,"KS",20,0,0.88,0,0,0,0,37.69,-96.98,37.69,-96.98,0,0,0,0,0,15,0,0,0
635570,2018,5,19,"2018-05-19","06:37:00",3,"MO",29,0,1,0,0,0,0,37.63,-93.57,37.63,-93.57,0,0,0,0,0,167,0,0,0
635571,2018,5,19,"2018-05-19","06:46:00",3,"MO",29,0,1,0,0,0,0,37.46,-93.27,37.46,-93.27,0,0,0,0,0,167,0,0,0
635572,2018,5,19,"2018-05-19","06:50:00",3,"MO",29,0,0.75,0,0,0,0,37.6,-93.41,37.6,-93.41,0,0,0,0,0,167,0,0,0
635573,2018,5,19,"2018-05-19","06:50:00",3,"MO",29,0,1,0,0,0,0,38.19,-94.02,38.19,-94.02,0,0,0,0,0,185,0,0,0
635574,2018,5,19,"2018-05-19","08:09:00",3,"MO",29,0,1.5,0,0,0,0,37.4,-92.61,37.4,-92.61,0,0,0,0,0,229,0,0,0
635575,2018,5,19,"2018-05-19","08:57:00",3,"MO",29,0,1,0,0,0,0,37.39,-92.33,37.39,-92.33,0,0,0,0,0,229,0,0,0
635576,2018,5,19,"2018-05-19","10:56:00",3,"MO",29,0,1.25,0,0,0,0,37.55,-93.39,37.55,-93.39,0,0,0,0,0,167,0,0,0
635577,2018,5,19,"2018-05-19","11:02:00",3,"MO",29,0,1,0,0,0,0,36.99,-91.5,36.99,-91.5,0,0,0,0,0,203,0,0,0
635578,2018,5,19,"2018-05-19","11:21:00",3,"MO",29,0,0.88,0,0,0,0,37.26,-93.51,37.26,-93.51,0,0,0,0,0,77,0,0,0
635579,2018,5,19,"2018-05-19","11:48:00",3,"MO",29,0,1,0,0,0,0,37.27,-93.09,37.27,-93.09,0,0,0,0,0,77,0,0,0
635580,2018,5,19,"2018-05-19","11:57:00",3,"MO",29,0,1,0,0,0,0,37.12,-93.06,37.12,-93.06,0,0,0,0,0,225,0,0,0
635581,2018,5,19,"2018-05-19","12:01:00",3,"MO",29,0,1.75,0,0,0,0,37.12,-93.05,37.12,-93.05,0,0,0,0,0,225,0,0,0
635582,2018,5,19,"2018-05-19","12:01:00",3,"MO",29,0,2,0,0,0,0,37.12,-93.06,37.12,-93.06,0,0,0,0,0,225,0,0,0
635583,2018,5,19,"2018-05-19","12:14:00",3,"MO",29,0,1.25,0,0,0,0,37.16,-92.98,37.16,-92.98,0,0,0,0,0,225,0,0,0
635584,2018,5,19,"2018-05-19","12:15:00",3,"TN",47,0,1,0,0,0,0,35.2408,-89.7476,35.2443,-89.721,0,0,0,0,0,157,0,0,0
635585,2018,5,19,"2018-05-19","12:27:00",3,"MO",29,0,0.88,0,0,0,0,37.12,-92.82,37.12,-92.82,0,0,0,0,0,225,0,0,0
635586,2018,5,19,"2018-05-19","12:30:00",3,"MO",29,0,1.25,0,0,0,0,37.14,-92.76,37.14,-92.76,0,0,0,0,0,225,0,0,0
635587,2018,5,19,"2018-05-19","12:30:00",3,"TN",47,0,0.75,0,0,0,0,35.7,-89.42,35.6997,-89.3925,0,0,0,0,0,75,0,0,0
635588,2018,5,19,"2018-05-19","12:34:00",3,"MO",29,0,0.75,0,0,0,0,37.15,-92.77,37.15,-92.77,0,0,0,0,0,225,0,0,0
635589,2018,5,19,"2018-05-19","12:35:00",3,"AR",5,0,0.75,0,0,0,0,35.7,-90.25,35.696,-90.23,0,0,0,0,0,93,0,0,0
635590,2018,5,19,"2018-05-19","12:46:00",3,"MO",29,0,1,0,0,0,0,36.85,-92.63,36.85,-92.63,0,0,0,0,0,67,0,0,0
635591,2018,5,19,"2018-05-19","12:50:00",3,"MO",29,0,1,0,0,0,0,36.85,-92.62,36.85,-92.62,0,0,0,0,0,67,0,0,0
635592,2018,5,19,"2018-05-19","12:50:00",3,"MO",29,0,1.75,0,0,0,0,36.85,-92.63,36.85,-92.63,0,0,0,0,0,67,0,0,0
635593,2018,5,19,"2018-05-19","12:55:00",3,"MO",29,0,1.5,0,0,0,0,36.88,-92.53,36.88,-92.53,0,0,0,0,0,67,0,0,0
635594,2018,5,19,"2018-05-19","13:00:00",3,"MO",29,0,2.5,0,0,0,0,36.86,-92.59,36.86,-92.59,0,0,0,0,0,67,0,0,0
635595,2018,5,19,"2018-05-19","13:00:00",3,"MO",29,0,1,0,0,0,0,36.88,-92.53,36.88,-92.53,0,0,0,0,0,67,0,0,0
635596,2018,5,19,"2018-05-19","13:07:00",3,"MS",28,0,0.75,0,0,0,0,34.4579,-88.92,34.4596,-88.8849,0,0,0,0,0,145,0,0,0
635597,2018,5,19,"2018-05-19","13:13:00",3,"MO",29,0,1,0,0,0,0,36.85,-92.62,36.85,-92.62,0,0,0,0,0,67,0,0,0
635598,2018,5,19,"2018-05-19","13:19:00",3,"OK",40,0,1.95,0,0,0,0,36.25,-97.37,36.25,-97.37,0,0,0,0,0,103,0,0,0
635599,2018,5,19,"2018-05-19","13:20:00",3,"MO",29,0,1,0,0,0,0,36.88,-92.5,36.88,-92.5,0,0,0,0,0,67,0,0,0
635600,2018,5,19,"2018-05-19","13:20:00",3,"MO",29,0,1,0,0,0,0,36.89,-92.54,36.89,-92.54,0,0,0,0,0,67,0,0,0
635601,2018,5,19,"2018-05-19","13:20:00",3,"OK",40,0,1.85,0,0,0,0,36.26,-97.37,36.26,-97.37,0,0,0,0,0,103,0,0,0
635602,2018,5,19,"2018-05-19","13:21:00",3,"OK",40,0,1.65,0,0,0,0,36.27,-97.37,36.27,-97.37,0,0,0,0,0,103,0,0,0
635603,2018,5,19,"2018-05-19","13:22:00",3,"OK",40,0,1,0,0,0,0,36.8,-97.28,36.8,-97.28,0,0,0,0,0,71,0,0,0
635604,2018,5,19,"2018-05-19","13:23:00",3,"OK",40,0,1.58,0,0,0,0,36.28,-97.34,36.28,-97.34,0,0,0,0,0,103,0,0,0
635605,2018,5,19,"2018-05-19","13:24:00",3,"OK",40,0,1.45,0,0,0,0,36.28,-97.33,36.28,-97.33,0,0,0,0,0,103,0,0,0
635606,2018,5,19,"2018-05-19","13:28:00",3,"OK",40,0,1,0,0,0,0,36.29,-97.29,36.29,-97.29,0,0,0,0,0,103,0,0,0
635607,2018,5,19,"2018-05-19","13:29:00",3,"MO",29,0,1,0,0,0,0,36.97,-92.45,36.97,-92.45,0,0,0,0,0,67,0,0,0
635608,2018,5,19,"2018-05-19","13:33:00",3,"OK",40,0,1,0,0,0,0,36.56,-97.15,36.56,-97.15,0,0,0,0,0,103,0,0,0
635609,2018,5,19,"2018-05-19","13:34:00",3,"MO",29,0,1,0,0,0,0,36.87,-92.36,36.87,-92.36,0,0,0,0,0,67,0,0,0
635610,2018,5,19,"2018-05-19","13:36:00",3,"MO",29,0,0.75,0,0,0,0,36.98,-92.3,36.98,-92.3,0,0,0,0,0,67,0,0,0
635611,2018,5,19,"2018-05-19","13:38:00",3,"OK",40,0,1.26,0,0,0,0,36.29,-97.29,36.29,-97.29,0,0,0,0,0,103,0,0,0
635612,2018,5,19,"2018-05-19","13:39:00",3,"MO",29,0,1.75,0,0,0,0,36.87,-92.36,36.87,-92.36,0,0,0,0,0,67,0,0,0
635613,2018,5,19,"2018-05-19","13:40:00",3,"OK",40,0,0.88,0,0,0,0,36.8,-97.28,36.8,-97.28,0,0,0,0,0,71,0,0,0
635614,2018,5,19,"2018-05-19","13:45:00",3,"MO",29,0,1,0,0,0,0,36.8,-92.22,36.8,-92.22,0,0,0,0,0,67,0,0,0
635615,2018,5,19,"2018-05-19","13:45:00",3,"MO",29,0,1,0,0,0,0,36.78,-92.22,36.78,-92.22,0,0,0,0,0,153,0,0,0
635616,2018,5,19,"2018-05-19","13:49:00",3,"MO",29,0,1,0,0,0,0,37.18,-91.66,37.18,-91.66,0,0,0,0,0,215,0,0,0
635617,2018,5,19,"2018-05-19","13:55:00",3,"TN",47,0,0.75,0,0,0,0,35.2264,-88.9645,35.2291,-88.9499,0,0,0,0,0,69,0,0,0
635618,2018,5,19,"2018-05-19","14:00:00",3,"MO",29,0,1,0,0,0,0,36.8,-92.22,36.8,-92.22,0,0,0,0,0,67,0,0,0
635619,2018,5,19,"2018-05-19","14:05:00",3,"TX",48,0,1.5,0,0,0,0,34.34,-99.89,34.34,-99.89,0,0,0,0,0,197,0,0,0
635620,2018,5,19,"2018-05-19","14:10:00",3,"MO",29,0,1,0,0,0,0,36.81,-92.05,36.81,-92.05,0,0,0,0,0,91,0,0,0
635621,2018,5,19,"2018-05-19","14:15:00",3,"MO",29,0,1.25,0,0,0,0,36.78,-92.01,36.78,-92.01,0,0,0,0,0,91,0,0,0
635622,2018,5,19,"2018-05-19","14:23:00",3,"AR",5,0,1,0,0,0,0,35.83,-90.7,35.83,-90.7,0,0,0,0,0,31,0,0,0
635623,2018,5,19,"2018-05-19","14:30:00",3,"MO",29,0,1,0,0,0,0,36.1868,-89.6742,36.18,-89.65,0,0,0,0,0,155,0,0,0
635624,2018,5,19,"2018-05-19","14:35:00",3,"MO",29,0,0.75,0,0,0,0,36.75,-91.88,36.75,-91.88,0,0,0,0,0,91,0,0,0
635625,2018,5,19,"2018-05-19","14:40:00",3,"KY",21,0,0.75,0,0,0,0,37.82,-84.04,37.82,-84.04,0,0,0,0,0,65,0,0,0
635626,2018,5,19,"2018-05-19","14:40:00",3,"MO",29,0,1.25,0,0,0,0,36.75,-91.85,36.75,-91.85,0,0,0,0,0,91,0,0,0
635627,2018,5,19,"2018-05-19","14:40:00",3,"OK",40,0,1.75,0,0,15000,0,36.7487,-95.982,36.7487,-95.982,0,0,0,0,0,147,0,0,0
635628,2018,5,19,"2018-05-19","14:40:00",3,"OK",40,0,0.75,0,0,0,0,36.75,-96.02,36.75,-96.02,0,0,0,0,0,113,0,0,0
635629,2018,5,19,"2018-05-19","14:43:00",3,"KS",20,0,1.5,0,0,0,0,37.27,-95.55,37.27,-95.55,0,0,0,0,0,125,0,0,0
635630,2018,5,19,"2018-05-19","15:00:00",3,"MO",29,0,1,0,0,0,0,36.75,-91.77,36.75,-91.77,0,0,0,0,0,91,0,0,0
635631,2018,5,19,"2018-05-19","15:04:00",3,"KS",20,0,1.75,0,0,0,0,38.41,-96.23,38.41,-96.23,0,0,0,0,0,111,0,0,0
635632,2018,5,19,"2018-05-19","15:06:00",3,"KS",20,0,1.5,0,0,0,0,38.42,-96.22,38.42,-96.22,0,0,0,0,0,111,0,0,0
635633,2018,5,19,"2018-05-19","15:13:00",3,"KS",20,0,1,0,0,0,0,37.34,-95.27,37.34,-95.27,0,0,0,0,0,99,0,0,0
635634,2018,5,19,"2018-05-19","15:15:00",3,"KS",20,0,1,0,0,0,0,37.34,-95.27,37.34,-95.27,0,0,0,0,0,99,0,0,0
635635,2018,5,19,"2018-05-19","15:15:00",3,"KS",20,0,0.75,0,0,0,0,37.35,-95.27,37.35,-95.27,0,0,0,0,0,99,0,0,0
635636,2018,5,19,"2018-05-19","15:20:00",3,"OK",40,0,1.88,0,0,0,0,36.8,-97.73,36.8,-97.73,0,0,0,0,0,53,0,0,0
635637,2018,5,19,"2018-05-19","15:20:00",3,"KS",20,0,1.25,0,0,0,0,38.42,-96.22,38.42,-96.22,0,0,0,0,0,111,0,0,0
635638,2018,5,19,"2018-05-19","15:35:00",3,"OK",40,0,0.75,0,0,0,0,36.14,-97.13,36.14,-97.13,0,0,0,0,0,119,0,0,0
635639,2018,5,19,"2018-05-19","15:40:00",3,"KS",20,0,1,0,0,0,0,37.52,-94.85,37.52,-94.85,0,0,0,0,0,37,0,0,0
635640,2018,5,19,"2018-05-19","15:42:00",3,"KS",20,0,1.75,0,0,0,0,37.51,-94.84,37.51,-94.84,0,0,0,0,0,37,0,0,0
635641,2018,5,19,"2018-05-19","15:50:00",3,"KS",20,0,0.75,0,0,0,0,37.93,-95.13,37.93,-95.13,0,0,0,0,0,1,0,0,0
635642,2018,5,19,"2018-05-19","15:50:00",3,"AR",5,0,1,0,0,0,0,35.706,-89.9901,35.7,-89.97,0,0,0,0,0,93,0,0,0
635643,2018,5,19,"2018-05-19","16:00:00",3,"KS",20,0,1,0,0,0,0,37.41,-94.7,37.41,-94.7,0,0,0,0,0,37,0,0,0
635644,2018,5,19,"2018-05-19","16:04:00",3,"KS",20,0,0.88,0,0,0,0,38.8,-95.52,38.8,-95.52,0,0,0,0,0,139,0,0,0
635645,2018,5,19,"2018-05-19","16:05:00",3,"KS",20,0,1,0,0,0,0,38.83,-95.33,38.83,-95.33,0,0,0,0,0,45,0,0,0
635646,2018,5,19,"2018-05-19","16:05:00",3,"AR",5,0,1,0,0,0,0,36.1,-90.67,36.095,-90.6531,0,0,0,0,0,55,0,0,0
635647,2018,5,19,"2018-05-19","16:09:00",3,"KS",20,0,0.75,0,0,0,0,38.79,-95.48,38.79,-95.48,0,0,0,0,0,45,0,0,0
635648,2018,5,19,"2018-05-19","16:10:00",3,"AR",5,0,1,0,0,0,0,36.0907,-90.5484,36.0811,-90.495,0,0,0,0,0,55,0,0,0
635649,2018,5,19,"2018-05-19","16:15:00",3,"IL",17,0,0.75,0,0,0,0,37.47,-89.25,37.47,-89.25,0,0,0,0,0,181,0,0,0
635650,2018,5,19,"2018-05-19","16:20:00",3,"TX",48,0,1,0,0,0,0,34.01,-100.3,34.01,-100.3,0,0,0,0,0,101,0,0,0
635651,2018,5,19,"2018-05-19","16:21:00",3,"MO",29,0,0.88,0,0,0,0,38.26,-93.78,38.26,-93.78,0,0,0,0,0,83,0,0,0
635652,2018,5,19,"2018-05-19","16:25:00",3,"MO",29,0,1,0,0,0,0,37.46,-94.36,37.46,-94.36,0,0,0,0,0,11,0,0,0
635653,2018,5,19,"2018-05-19","16:40:00",3,"MO",29,0,1,0,0,0,0,37.02,-94.47,37.02,-94.47,0,0,0,0,0,145,0,0,0
635654,2018,5,19,"2018-05-19","17:05:00",3,"TN",47,0,1,0,0,0,0,35.3784,-89.8982,35.3728,-89.8543,0,0,0,0,0,157,0,0,0
635655,2018,5,19,"2018-05-19","17:14:00",3,"MO",29,0,0.88,0,0,0,0,37.44,-93.82,37.44,-93.82,0,0,0,0,0,57,0,0,0
635656,2018,5,19,"2018-05-19","17:18:00",3,"OK",40,0,0.88,0,0,0,0,36.74,-97.01,36.74,-97.01,0,0,0,0,0,71,0,0,0
635657,2018,5,19,"2018-05-19","17:23:00",3,"TX",48,0,0.75,0,0,0,0,34.31,-99.76,34.31,-99.76,0,0,0,0,0,197,0,0,0
635658,2018,5,19,"2018-05-19","17:25:00",3,"MO",29,0,1,0,0,0,0,37.54,-93.38,37.54,-93.38,0,0,0,0,0,167,0,0,0
635659,2018,5,19,"2018-05-19","17:38:00",3,"OK",40,0,1,0,0,0,0,36.7479,-95.9741,36.7479,-95.9741,0,0,0,0,0,147,0,0,0
635660,2018,5,19,"2018-05-19","17:48:00",3,"MO",29,0,0.75,0,0,0,0,38.63,-93.41,38.63,-93.41,0,0,0,0,0,159,0,0,0
635661,2018,5,19,"2018-05-19","17:58:00",3,"OK",40,0,1.5,0,0,0,0,36.32,-98.61,36.32,-98.61,0,0,0,0,0,93,0,0,0
635662,2018,5,19,"2018-05-19","18:00:00",3,"TX",48,0,0.75,0,0,0,0,33.73,-101.01,33.73,-101.01,0,0,0,0,0,125,0,0,0
635663,2018,5,19,"2018-05-19","18:10:00",3,"OK",40,0,2.75,0,0,0,0,36.33,-98.55,36.33,-98.55,0,0,0,0,0,93,0,0,0
635664,2018,5,19,"2018-05-19","18:10:00",3,"TX",48,0,2.75,0,0,10000,0,33.43,-101.65,33.5317,-101.7267,0,0,0,0,0,303,0,0,0
635665,2018,5,19,"2018-05-19","18:17:00",3,"OK",40,0,0.75,0,0,0,0,36.58,-98.88,36.58,-98.88,0,0,0,0,0,151,0,0,0
635666,2018,5,19,"2018-05-19","18:20:00",3,"OK",40,0,2.75,0,0,0,0,36.3,-98.48,36.3,-98.48,0,0,0,0,0,93,0,0,0
635667,2018,5,19,"2018-05-19","18:23:00",3,"OK",40,0,2,0,0,0,0,36.32,-98.47,36.32,-98.47,0,0,0,0,0,93,0,0,0
635668,2018,5,19,"2018-05-19","18:35:00",3,"KY",21,0,0.75,0,0,0,0,37.17,-87.7,37.17,-87.7,0,0,0,0,0,107,0,0,0
635669,2018,5,19,"2018-05-19","18:40:00",3,"OK",40,0,2.5,0,0,0,0,36.28,-98.4,36.28,-98.4,0,0,0,0,0,93,0,0,0
635670,2018,5,19,"2018-05-19","18:59:00",3,"OK",40,0,0.88,0,0,0,0,36.32,-98.24,36.32,-98.24,0,0,0,0,0,93,0,0,0
635671,2018,5,19,"2018-05-19","19:04:00",3,"TX",48,0,1.75,0,0,0,0,34.03,-98.92,34.03,-98.92,0,0,0,0,0,485,0,0,0
635672,2018,5,19,"2018-05-19","19:05:00",3,"NM",35,0,0.88,0,0,0,0,35.07,-104.27,35.07,-104.27,0,0,0,0,0,19,0,0,0
635673,2018,5,19,"2018-05-19","19:09:00",3,"TX",48,0,3,0,0,3e+07,0,33.4628,-101.8824,33.5084,-101.936,0,0,0,0,0,303,0,0,0
635674,2018,5,19,"2018-05-19","19:10:00",3,"TX",48,0,1.5,0,0,1000,0,34.03,-98.92,34.03,-98.92,0,0,0,0,0,485,0,0,0
635675,2018,5,19,"2018-05-19","19:41:00",3,"MO",29,0,1,0,0,0,0,37.32,-91.96,37.32,-91.96,0,0,0,0,0,215,0,0,0
635676,2018,5,19,"2018-05-19","20:01:00",3,"OK",40,0,1,0,0,0,0,34.19,-98.59,34.19,-98.59,0,0,0,0,0,33,0,0,0
635677,2018,5,19,"2018-05-19","20:17:00",3,"TX",48,0,1,0,0,0,0,34.1,-98.58,34.1,-98.58,0,0,0,0,0,485,0,0,0
635678,2018,5,19,"2018-05-19","20:24:00",3,"TX",48,0,1.5,0,0,0,0,34.1,-98.57,34.1,-98.57,0,0,0,0,0,485,0,0,0
635679,2018,5,19,"2018-05-19","20:40:00",3,"TX",48,0,1.75,0,0,30000,0,33.48,-101.1,33.48,-101.1,0,0,0,0,0,107,0,0,0
635680,2018,5,19,"2018-05-19","20:45:00",3,"TX",48,0,1.75,0,0,0,0,33.51,-102.01,33.48,-101.88,0,0,0,0,0,303,0,0,0
635681,2018,5,19,"2018-05-19","21:00:00",3,"TX",48,0,1,0,0,0,0,33.95,-98.68,33.95,-98.68,0,0,0,0,0,485,0,0,0
635682,2018,5,19,"2018-05-19","21:39:00",3,"TX",48,0,2.75,0,0,0,0,35.67,-100.27,35.67,-100.27,0,0,0,0,0,211,0,0,0
635683,2018,5,19,"2018-05-19","22:12:00",3,"TX",48,0,0.88,0,0,0,0,35.12,-101.85,35.12,-101.85,0,0,0,0,0,381,0,0,0
635684,2018,5,19,"2018-05-19","22:36:00",3,"KS",20,0,1,0,0,0,0,37.23,-95.71,37.23,-95.71,0,0,0,0,0,125,0,0,0
635685,2018,5,19,"2018-05-19","22:43:00",3,"KS",20,0,0.75,0,0,0,0,37.23,-95.71,37.23,-95.71,0,0,0,0,0,125,0,0,0
635686,2018,5,19,"2018-05-19","22:47:00",3,"MO",29,0,1.25,0,0,0,0,40.38,-93.94,40.38,-93.94,0,0,0,0,0,81,0,0,0
635687,2018,5,19,"2018-05-19","22:50:00",3,"MO",29,0,1.75,0,0,10000,0,40.3,-93.86,40.3,-93.86,0,0,0,0,0,81,0,0,0
635688,2018,5,19,"2018-05-19","22:54:00",3,"MO",29,0,2.75,0,0,0,0,40.33,-93.8,40.33,-93.8,0,0,0,0,0,81,0,0,0
635689,2018,5,19,"2018-05-19","22:55:00",3,"TX",48,0,1.75,0,0,0,0,33.16,-101.79,33.16,-101.79,0,0,0,0,0,305,0,0,0
635690,2018,5,19,"2018-05-19","22:57:00",3,"MO",29,0,1,0,0,0,0,40.33,-93.8,40.33,-93.8,0,0,0,0,0,81,0,0,0
635691,2018,5,19,"2018-05-19","22:59:00",3,"MO",29,0,1.75,0,0,0,0,40.35,-93.76,40.35,-93.76,0,0,0,0,0,81,0,0,0
635692,2018,5,19,"2018-05-19","23:12:00",3,"MO",29,0,2.75,0,0,0,0,40.33,-93.69,40.33,-93.69,0,0,0,0,0,129,0,0,0
635693,2018,5,19,"2018-05-19","23:15:00",3,"MO",29,0,1,0,0,0,0,40.28,-93.58,40.28,-93.58,0,0,0,0,0,129,0,0,0
635694,2018,5,19,"2018-05-19","23:15:00",3,"MO",29,0,2,0,0,0,0,40.32,-93.56,40.32,-93.56,0,0,0,0,0,129,0,0,0
635695,2018,5,19,"2018-05-19","23:17:00",3,"KS",20,0,0.75,0,0,0,0,37.19,-95.29,37.19,-95.29,0,0,0,0,0,99,0,0,0
635696,2018,5,19,"2018-05-19","23:17:00",3,"KS",20,0,0.88,0,0,0,0,37.34,-95.27,37.34,-95.27,0,0,0,0,0,99,0,0,0
635697,2018,5,19,"2018-05-19","23:27:00",3,"KS",20,0,1,0,0,0,0,37.42,-94.7,37.42,-94.7,0,0,0,0,0,37,0,0,0
635698,2018,5,19,"2018-05-19","23:39:00",3,"OK",40,0,1,0,0,0,0,35.01,-97.41,35.01,-97.41,0,0,0,0,0,87,0,0,0
635699,2018,5,20,"2018-05-20","05:17:00",3,"IL",17,0,1,0,0,0,0,38.8621,-90.0806,38.8621,-90.0806,0,0,0,0,0,119,0,0,0
635700,2018,5,20,"2018-05-20","05:20:00",3,"IL",17,0,1,0,0,0,0,38.702,-90.1464,38.702,-90.1464,0,0,0,0,0,119,0,0,0
635701,2018,5,20,"2018-05-20","05:30:00",3,"TN",47,0,1,0,0,0,0,36.4,-87.6,36.4,-87.6,0,0,0,0,0,125,0,0,0
635702,2018,5,20,"2018-05-20","06:15:00",3,"MO",29,0,1.5,0,0,0,0,37.62,-93.71,37.62,-93.71,0,0,0,0,0,39,0,0,0
635703,2018,5,20,"2018-05-20","08:27:00",3,"MO",29,0,1,0,0,0,0,38.5771,-91.6134,38.5771,-91.6134,0,0,0,0,0,73,0,0,0
635704,2018,5,20,"2018-05-20","09:08:00",3,"MO",29,0,1,0,0,0,0,38.2413,-91.1723,38.2413,-91.1723,0,0,0,0,0,71,0,0,0
635705,2018,5,20,"2018-05-20","11:49:00",3,"AR",5,0,1,0,0,0,0,36.08,-91.33,36.0774,-91.2835,0,0,0,0,0,75,0,0,0
635706,2018,5,20,"2018-05-20","12:35:00",3,"AR",5,0,1.75,0,0,0,0,36.1079,-91.1054,36.1081,-91.0927,0,0,0,0,0,75,0,0,0
635707,2018,5,20,"2018-05-20","12:40:00",3,"AR",5,0,1,0,0,0,0,36.1498,-91.0755,36.1516,-91.0364,0,0,0,0,0,75,0,0,0
635708,2018,5,20,"2018-05-20","12:50:00",3,"AR",5,0,1,0,0,0,0,36.4389,-90.403,36.4428,-90.359,0,0,0,0,0,21,0,0,0
635709,2018,5,20,"2018-05-20","13:17:00",3,"IL",17,0,0.88,0,0,0,0,37.73,-88.93,37.73,-88.93,0,0,0,0,0,199,0,0,0
635710,2018,5,20,"2018-05-20","13:45:00",3,"AR",5,0,1.75,0,0,0,0,35.9232,-90.7943,35.9364,-90.7547,0,0,0,0,0,31,0,0,0
635711,2018,5,20,"2018-05-20","13:50:00",3,"AL",1,0,1,0,0,0,0,33.5704,-87.1141,33.5704,-87.1141,0,0,0,0,0,73,0,0,0
635712,2018,5,20,"2018-05-20","14:06:00",3,"IL",17,0,0.88,0,0,0,0,37.68,-88.65,37.73,-88.55,0,0,0,0,0,165,0,0,0
635713,2018,5,20,"2018-05-20","14:15:00",3,"AR",5,0,1,0,0,0,0,36.1703,-90.5456,36.1842,-90.4828,0,0,0,0,0,55,0,0,0
635714,2018,5,20,"2018-05-20","14:25:00",3,"MO",29,0,1,0,0,4000,0,36.459,-89.7,36.459,-89.7,0,0,0,0,0,143,0,0,0
635715,2018,5,20,"2018-05-20","14:25:00",3,"AR",5,0,1,0,0,0,0,36.0151,-90.5559,36.0315,-90.4393,0,0,0,0,0,55,0,0,0
635716,2018,5,20,"2018-05-20","14:30:00",3,"SC",45,0,0.88,0,0,0,0,34.79,-82.49,34.79,-82.49,0,0,0,0,0,7,0,0,0
635717,2018,5,20,"2018-05-20","14:30:00",3,"NC",37,0,0.88,0,0,0,0,35.8,-81.44,35.8,-81.44,0,0,0,0,0,27,0,0,0
635718,2018,5,20,"2018-05-20","14:35:00",3,"KS",20,0,0.75,0,0,0,0,37.08,-94.7,37.08,-94.7,0,0,0,0,0,21,0,0,0
635719,2018,5,20,"2018-05-20","14:35:00",3,"KS",20,0,1,0,0,0,0,37.1,-94.7,37.1,-94.7,0,0,0,0,0,21,0,0,0
635720,2018,5,20,"2018-05-20","14:36:00",3,"AR",5,0,1,0,0,0,0,36.0346,-90.4919,36.0542,-90.4256,0,0,0,0,0,55,0,0,0
635721,2018,5,20,"2018-05-20","14:45:00",3,"SC",45,0,0.75,0,0,0,0,34.8,-82.52,34.8,-82.52,0,0,0,0,0,7,0,0,0
635722,2018,5,20,"2018-05-20","14:51:00",3,"TN",47,0,0.75,0,0,0,0,35.3489,-86.1905,35.3489,-86.1905,0,0,0,0,0,31,0,0,0
635723,2018,5,20,"2018-05-20","14:56:00",3,"TN",47,0,1,0,0,0,0,35.2434,-89.88,35.2551,-89.8189,0,0,0,0,0,157,0,0,0
635724,2018,5,20,"2018-05-20","14:58:00",3,"MO",29,0,0.75,0,0,0,0,37.08,-94.31,37.08,-94.31,0,0,0,0,0,97,0,0,0
635725,2018,5,20,"2018-05-20","15:51:00",3,"IN",18,0,0.75,0,0,0,0,39.82,-84.99,39.82,-84.99,0,0,0,0,0,177,0,0,0
635726,2018,5,20,"2018-05-20","15:55:00",3,"TN",47,0,1,0,0,0,0,36.4914,-87.2755,36.4914,-87.2755,0,0,0,0,0,125,0,0,0
635727,2018,5,20,"2018-05-20","16:07:00",3,"TN",47,0,1,0,0,0,0,36.062,-87.4392,36.062,-87.4392,0,0,0,0,0,43,0,0,0
635728,2018,5,20,"2018-05-20","16:12:00",3,"TN",47,0,1,0,0,0,0,36.1925,-86.8158,36.1925,-86.8158,0,0,0,0,0,37,0,0,0
635729,2018,5,20,"2018-05-20","16:25:00",3,"TN",47,0,1,0,0,0,0,36.5235,-86.9216,36.5235,-86.9216,0,0,0,0,0,147,0,0,0
635730,2018,5,20,"2018-05-20","16:28:00",3,"TN",47,0,1,0,0,0,0,36.5179,-86.9227,36.5179,-86.9227,0,0,0,0,0,147,0,0,0
635731,2018,5,20,"2018-05-20","16:51:00",3,"MO",29,0,0.75,0,0,0,0,36.7,-93.38,36.7,-93.38,0,0,0,0,0,209,0,0,0
635732,2018,5,20,"2018-05-20","16:55:00",3,"TN",47,0,1,0,0,0,0,36.32,-86.72,36.32,-86.72,0,0,0,0,0,37,0,0,0
635733,2018,5,20,"2018-05-20","17:00:00",3,"TN",47,0,1,0,0,0,0,36.32,-86.72,36.32,-86.72,0,0,0,0,0,37,0,0,0
635734,2018,5,20,"2018-05-20","17:30:00",3,"MO",29,0,0.88,0,0,0,0,36.74,-93.03,36.74,-93.03,0,0,0,0,0,213,0,0,0
635735,2018,5,20,"2018-05-20","17:55:00",3,"MO",29,0,0.88,0,0,0,0,36.52,-92.92,36.52,-92.92,0,0,0,0,0,213,0,0,0
635736,2018,5,20,"2018-05-20","17:59:00",3,"MO",29,0,0.75,0,0,0,0,36.91,-92.82,36.91,-92.82,0,0,0,0,0,67,0,0,0
635737,2018,5,20,"2018-05-20","18:05:00",3,"GA",13,0,0.75,0,0,0,0,33.38,-85.11,33.38,-85.11,0,0,0,0,0,149,0,0,0
635738,2018,5,20,"2018-05-20","18:10:00",3,"MO",29,0,1,0,0,0,0,36.61,-92.87,36.61,-92.87,0,0,0,0,0,213,0,0,0
635739,2018,5,20,"2018-05-20","18:11:00",3,"MO",29,0,0.75,0,0,0,0,37.78,-92.59,37.78,-92.59,0,0,0,0,0,105,0,0,0
635740,2018,5,20,"2018-05-20","18:16:00",3,"MO",29,0,0.75,0,0,0,0,36.61,-92.87,36.61,-92.87,0,0,0,0,0,213,0,0,0
635741,2018,5,20,"2018-05-20","18:58:00",3,"AL",1,0,0.75,0,0,0,0,34.46,-88.15,34.46,-88.15,0,0,0,0,0,59,0,0,0
635742,2018,5,20,"2018-05-20","18:58:00",3,"AL",1,0,1,0,0,0,0,34.49,-88.14,34.49,-88.14,0,0,0,0,0,59,0,0,0
635743,2018,5,21,"2018-05-21","11:05:00",3,"NM",35,0,0.88,0,0,0,0,34.1555,-107.8542,34.1555,-107.8542,0,0,0,0,0,3,0,0,0
635744,2018,5,21,"2018-05-21","11:10:00",3,"NM",35,0,0.75,0,0,0,0,34.2,-107.9,34.2,-107.9,0,0,0,0,0,3,0,0,0
635745,2018,5,21,"2018-05-21","11:52:00",3,"NC",37,0,0.88,0,0,0,0,36.57,-81.11,36.57,-81.11,0,0,0,0,0,5,0,0,0
635746,2018,5,21,"2018-05-21","12:30:00",3,"NM",35,0,0.75,0,0,0,0,35.1012,-107.7957,35.1012,-107.7957,0,0,0,0,0,6,0,0,0
635747,2018,5,21,"2018-05-21","12:40:00",3,"NM",35,0,0.88,0,0,0,0,33.75,-107.21,33.75,-107.21,0,0,0,0,0,53,0,0,0
635748,2018,5,21,"2018-05-21","13:26:00",3,"NC",37,0,0.75,0,0,0,0,35.9,-79.05,35.9,-79.05,0,0,0,0,0,135,0,0,0
635749,2018,5,21,"2018-05-21","13:30:00",3,"OH",39,0,1,0,0,0,0,39.36,-81.62,39.36,-81.62,0,0,0,0,0,167,0,0,0
635750,2018,5,21,"2018-05-21","13:40:00",3,"NM",35,0,0.75,0,0,0,0,34.06,-106.9,34.06,-106.9,0,0,0,0,0,53,0,0,0
635751,2018,5,21,"2018-05-21","13:48:00",3,"NC",37,0,0.75,0,0,0,0,36.27,-79.06,36.27,-79.06,0,0,0,0,0,145,0,0,0
635752,2018,5,21,"2018-05-21","13:53:00",3,"NC",37,0,0.75,0,0,0,0,35.88,-78.86,35.88,-78.86,0,0,0,0,0,63,0,0,0
635753,2018,5,21,"2018-05-21","14:08:00",3,"IN",18,0,0.75,0,0,0,0,39.03,-86.94,39.03,-86.94,0,0,0,0,0,55,0,0,0
635754,2018,5,21,"2018-05-21","14:09:00",3,"IN",18,0,1,0,0,0,0,39.03,-86.94,39.03,-86.94,0,0,0,0,0,55,0,0,0
635755,2018,5,21,"2018-05-21","14:23:00",3,"MO",29,0,1,0,0,0,0,37.8403,-90.4914,37.8403,-90.4914,0,0,0,0,0,187,0,0,0
635756,2018,5,21,"2018-05-21","14:25:00",3,"MS",28,0,1,0,0,0,0,32.24,-90.25,32.24,-90.25,0,0,0,0,0,49,0,0,0
635757,2018,5,21,"2018-05-21","14:28:00",3,"WY",56,0,1,0,0,0,0,44.5754,-108.8824,44.5655,-108.8659,0,0,0,0,0,29,0,0,0
635758,2018,5,21,"2018-05-21","14:41:00",3,"NM",35,0,0.88,0,0,0,0,35.12,-106.58,35.12,-106.58,0,0,0,0,0,1,0,0,0
635759,2018,5,21,"2018-05-21","14:42:00",3,"NM",35,0,1,0,0,0,0,35.08,-106.53,35.08,-106.53,0,0,0,0,0,1,0,0,0
635760,2018,5,21,"2018-05-21","14:45:00",3,"NM",35,0,1,0,0,0,0,35.1169,-106.6027,35.1169,-106.6027,0,0,0,0,0,1,0,0,0
635761,2018,5,21,"2018-05-21","14:48:00",3,"NM",35,0,0.75,0,0,0,0,35.24,-106.7,35.24,-106.7,0,0,0,0,0,43,0,0,0
635762,2018,5,21,"2018-05-21","14:50:00",3,"NM",35,0,0.75,0,0,0,0,35.11,-106.54,35.11,-106.54,0,0,0,0,0,1,0,0,0
635763,2018,5,21,"2018-05-21","14:53:00",3,"NM",35,0,1,0,0,0,0,35.07,-106.42,35.07,-106.42,0,0,0,0,0,1,0,0,0
635764,2018,5,21,"2018-05-21","14:57:00",3,"IN",18,0,0.75,0,0,0,0,39.45,-86.19,39.45,-86.19,0,0,0,0,0,81,0,0,0
635765,2018,5,21,"2018-05-21","15:00:00",3,"NM",35,0,0.75,0,0,0,0,34.08,-107.62,34.08,-107.62,0,0,0,0,0,53,0,0,0
635766,2018,5,21,"2018-05-21","15:00:00",3,"NM",35,0,0.88,0,0,0,0,35.15,-106.53,35.15,-106.53,0,0,0,0,0,1,0,0,0
635767,2018,5,21,"2018-05-21","15:00:00",3,"NM",35,0,0.75,0,0,0,0,36.9,-104.44,36.9,-104.44,0,0,0,0,0,7,0,0,0
635768,2018,5,21,"2018-05-21","16:30:00",3,"WY",56,0,1,0,0,0,0,41.9477,-104.8123,41.9477,-104.8123,0,0,0,0,0,31,0,0,0
635769,2018,5,21,"2018-05-21","16:43:00",3,"WY",56,0,1,0,0,0,0,42.05,-104.95,42.05,-104.95,0,0,0,0,0,31,0,0,0
635770,2018,5,21,"2018-05-21","16:45:00",3,"KY",21,0,0.88,0,0,0,0,38.45,-82.89,38.45,-82.89,0,0,0,0,0,89,0,0,0
635771,2018,5,21,"2018-05-21","17:05:00",3,"NM",35,0,0.75,0,0,0,0,34.42,-105.89,34.42,-105.89,0,0,0,0,0,57,0,0,0
635772,2018,5,21,"2018-05-21","17:20:00",3,"WY",56,0,0.88,0,0,0,0,41.15,-104.79,41.15,-104.79,0,0,0,0,0,21,0,0,0
635773,2018,5,21,"2018-05-21","17:35:00",3,"NM",35,0,1,0,0,0,0,32.3231,-106.7158,32.3231,-106.7158,0,0,0,0,0,13,0,0,0
635774,2018,5,21,"2018-05-21","17:53:00",3,"TX",48,0,0.75,0,0,0,0,31.87,-106.57,31.87,-106.57,0,0,0,0,0,141,0,0,0
635775,2018,5,21,"2018-05-21","18:00:00",3,"TX",48,0,1,0,0,1e+05,0,31.8247,-106.5261,31.8247,-106.5261,0,0,0,0,0,141,0,0,0
635776,2018,5,21,"2018-05-21","18:05:00",3,"TX",48,0,1,0,0,0,0,31.78,-106.3,31.78,-106.3,0,0,0,0,0,141,0,0,0
635777,2018,5,21,"2018-05-21","18:09:00",3,"TX",48,0,0.75,0,0,0,0,31.87,-106.57,31.87,-106.57,0,0,0,0,0,141,0,0,0
635778,2018,5,21,"2018-05-21","18:11:00",3,"TX",48,0,1,0,0,0,0,31.8787,-106.4207,31.8787,-106.4207,0,0,0,0,0,141,0,0,0
635779,2018,5,21,"2018-05-21","18:13:00",3,"TX",48,0,2,0,0,0,0,31.87,-106.42,31.87,-106.42,0,0,0,0,0,141,0,0,0
635780,2018,5,21,"2018-05-21","18:17:00",3,"OH",39,0,1,0,0,0,0,40.22,-83.35,40.22,-83.35,0,0,0,0,0,159,0,0,0
635781,2018,5,21,"2018-05-21","18:20:00",3,"OH",39,0,1.5,0,0,0,0,39.72,-83.27,39.72,-83.27,0,0,0,0,0,97,0,0,0
635782,2018,5,21,"2018-05-21","18:20:00",3,"TX",48,0,1.5,0,0,0,0,31.9,-106.42,31.9,-106.42,0,0,0,0,0,141,0,0,0
635783,2018,5,21,"2018-05-21","18:29:00",3,"TX",48,0,1.5,0,0,0,0,31.9104,-106.4248,31.9104,-106.4248,0,0,0,0,0,141,0,0,0
635784,2018,5,21,"2018-05-21","18:30:00",3,"OH",39,0,0.75,0,0,0,0,40.67,-82.58,40.67,-82.58,0,0,0,0,0,139,0,0,0
635785,2018,5,21,"2018-05-21","18:45:00",3,"WY",56,0,1,0,0,0,0,41.0569,-104.5538,41.0569,-104.5538,0,0,0,0,0,21,0,0,0
635786,2018,5,21,"2018-05-21","18:55:00",3,"NM",35,0,1.75,0,0,0,0,33.4062,-105.4659,33.4062,-105.4659,0,0,0,0,0,27,0,0,0
635787,2018,5,21,"2018-05-21","19:04:00",3,"MT",30,0,0.88,0,0,0,0,46.23,-108.75,46.23,-108.75,0,0,0,0,0,65,0,0,0
635788,2018,5,21,"2018-05-21","19:05:00",3,"MT",30,0,1,0,0,0,0,46.24,-108.77,46.24,-108.77,0,0,0,0,0,65,0,0,0
635789,2018,5,21,"2018-05-21","19:26:00",3,"NM",35,0,1,0,0,0,0,33.4183,-105.6676,33.4183,-105.6676,0,0,0,0,0,27,0,0,0
635790,2018,5,21,"2018-05-21","19:28:00",3,"OH",39,0,1,0,0,0,0,40.16,-83.24,40.16,-83.24,0,0,0,0,0,159,0,0,0
635791,2018,5,21,"2018-05-21","19:42:00",3,"NM",35,0,1,0,0,0,0,34.1426,-105.6758,34.1426,-105.6758,0,0,0,0,0,27,0,0,0
635792,2018,5,21,"2018-05-21","19:52:00",3,"NM",35,0,0.88,0,0,0,0,34.2011,-105.6489,34.2011,-105.6489,0,0,0,0,0,27,0,0,0
635793,2018,5,21,"2018-05-21","19:57:00",3,"NM",35,0,1,0,0,0,0,34.19,-105.65,34.19,-105.65,0,0,0,0,0,27,0,0,0
635794,2018,5,21,"2018-05-21","20:01:00",3,"NM",35,0,1.25,0,0,0,0,34.24,-105.6,34.24,-105.6,0,0,0,0,0,27,0,0,0
635795,2018,5,21,"2018-05-21","20:29:00",3,"CO",8,0,1,0,0,0,0,40.48,-104.09,40.48,-104.09,0,0,0,0,0,87,0,0,0
635796,2018,5,22,"2018-05-22","12:01:00",3,"OH",39,0,0.75,0,0,0,0,41.38,-81.77,41.38,-81.77,0,0,0,0,0,35,0,0,0
635797,2018,5,22,"2018-05-22","12:14:00",3,"OH",39,0,1,0,0,0,0,41.32,-81.73,41.32,-81.73,0,0,0,0,0,35,0,0,0
635798,2018,5,22,"2018-05-22","12:18:00",3,"OH",39,0,1,0,0,0,0,41.32,-81.73,41.32,-81.73,0,0,0,0,0,35,0,0,0
635799,2018,5,22,"2018-05-22","12:19:00",3,"OH",39,0,1.25,0,0,0,0,41.32,-81.68,41.32,-81.68,0,0,0,0,0,35,0,0,0
635800,2018,5,22,"2018-05-22","13:40:00",3,"PA",42,0,0.88,0,0,0,0,41.11,-80.43,41.11,-80.43,0,0,0,0,0,73,0,0,0
635801,2018,5,22,"2018-05-22","13:50:00",3,"OH",39,0,0.75,0,0,0,0,40.87,-82.3,40.87,-82.3,0,0,0,0,0,5,0,0,0
635802,2018,5,22,"2018-05-22","13:52:00",3,"OH",39,0,1,0,0,0,0,40.8571,-82.2569,40.8571,-82.2569,0,0,0,0,0,5,0,0,0
635803,2018,5,22,"2018-05-22","13:58:00",3,"OH",39,0,0.75,0,0,0,0,40.88,-83.63,40.88,-83.63,0,0,0,0,0,63,0,0,0
635804,2018,5,22,"2018-05-22","14:09:00",3,"LA",22,0,1,0,0,0,0,32.76,-91.42,32.76,-91.42,0,0,0,0,0,123,0,0,0
635805,2018,5,22,"2018-05-22","14:18:00",3,"OH",39,0,0.75,0,0,0,0,40.8568,-82.52,40.8568,-82.52,0,0,0,0,0,139,0,0,0
635806,2018,5,22,"2018-05-22","15:10:00",3,"OH",39,0,0.75,0,0,0,0,40.92,-81.1,40.92,-81.1,0,0,0,0,0,151,0,0,0
635807,2018,5,22,"2018-05-22","15:40:00",3,"SD",46,0,1.75,0,0,0,0,44.1311,-103.7573,44.1311,-103.7573,0,0,0,0,0,103,0,0,0
635808,2018,5,22,"2018-05-22","15:43:00",3,"SD",46,0,1,0,0,0,0,44.1098,-103.7343,44.1098,-103.7343,0,0,0,0,0,103,0,0,0
635809,2018,5,22,"2018-05-22","15:55:00",3,"OH",39,0,0.75,0,0,5000,0,40.53,-81.49,40.53,-81.49,0,0,0,0,0,157,0,0,0
635810,2018,5,22,"2018-05-22","16:00:00",3,"OH",39,0,1,0,0,0,0,40.49,-81.44,40.49,-81.44,0,0,0,0,0,157,0,0,0
635811,2018,5,22,"2018-05-22","16:00:00",3,"OH",39,0,1,0,0,0,0,40.53,-81.48,40.53,-81.48,0,0,0,0,0,157,0,0,0
635812,2018,5,22,"2018-05-22","16:03:00",3,"SD",46,0,1,0,0,0,0,44.12,-103.72,44.12,-103.72,0,0,0,0,0,103,0,0,0
635813,2018,5,22,"2018-05-22","16:10:00",3,"OH",39,0,1,0,0,0,0,40.44,-81.36,40.44,-81.36,0,0,0,0,0,157,0,0,0
635814,2018,5,22,"2018-05-22","16:22:00",3,"OH",39,0,1,0,0,0,0,40.1,-81.65,40.1,-81.65,0,0,0,0,0,59,0,0,0
635815,2018,5,22,"2018-05-22","16:41:00",3,"KY",21,0,0.75,0,0,0,0,39.09,-84.49,39.09,-84.49,0,0,0,0,0,37,0,0,0
635816,2018,5,22,"2018-05-22","16:47:00",3,"WY",56,0,1,0,0,0,0,44.75,-104.7485,44.75,-104.7485,0,0,0,0,0,11,0,0,0
635817,2018,5,22,"2018-05-22","16:53:00",3,"KY",21,0,0.88,0,0,0,0,39.08,-84.51,39.08,-84.51,0,0,0,0,0,117,0,0,0
635818,2018,5,22,"2018-05-22","16:53:00",3,"NM",35,0,2.5,0,0,0,0,33.45,-105.33,33.45,-105.33,0,0,0,0,0,27,0,0,0
635819,2018,5,22,"2018-05-22","17:00:00",3,"NM",35,0,0.75,0,0,120000,0,35.6107,-105.9147,35.6107,-105.9147,0,0,0,0,0,49,0,0,0
635820,2018,5,22,"2018-05-22","17:16:00",3,"NM",35,0,1.25,0,0,0,0,33.51,-105.21,33.51,-105.21,0,0,0,0,0,27,0,0,0
635821,2018,5,22,"2018-05-22","17:20:00",3,"CO",8,0,1,0,0,0,0,40.19,-105.11,40.19,-105.11,0,0,0,0,0,13,0,0,0
635822,2018,5,22,"2018-05-22","17:20:00",3,"AR",5,0,0.75,0,0,0,0,33.467,-94.0067,33.467,-94.0067,0,0,0,0,0,91,0,0,0
635823,2018,5,22,"2018-05-22","17:22:00",3,"CO",8,0,1.25,0,0,0,0,40.19,-105.11,40.19,-105.11,0,0,0,0,0,13,0,0,0
635824,2018,5,22,"2018-05-22","17:25:00",3,"CO",8,0,1,0,0,0,0,40.22,-105.11,40.22,-105.11,0,0,0,0,0,13,0,0,0
635825,2018,5,22,"2018-05-22","17:30:00",3,"CO",8,0,0.88,0,0,0,0,40.17,-105.15,40.17,-105.15,0,0,0,0,0,13,0,0,0
635826,2018,5,22,"2018-05-22","17:30:00",3,"CO",8,0,0.75,0,0,0,0,40.2,-105.11,40.2,-105.11,0,0,0,0,0,13,0,0,0
635827,2018,5,22,"2018-05-22","17:30:00",3,"CO",8,0,0.75,0,0,0,0,40.23,-105.01,40.23,-105.01,0,0,0,0,0,123,0,0,0
635828,2018,5,22,"2018-05-22","17:37:00",3,"CO",8,0,1.25,0,0,0,0,40.29,-105.1,40.29,-105.1,0,0,0,0,0,69,0,0,0
635829,2018,5,22,"2018-05-22","17:40:00",3,"CO",8,0,0.88,0,0,0,0,40.52,-105.25,40.52,-105.25,0,0,0,0,0,69,0,0,0
635830,2018,5,22,"2018-05-22","17:57:00",3,"CO",8,0,0.88,0,0,0,0,40.54,-105.1,40.54,-105.1,0,0,0,0,0,69,0,0,0
635831,2018,5,22,"2018-05-22","17:59:00",3,"CO",8,0,1,0,0,0,0,40.54,-105.1,40.54,-105.1,0,0,0,0,0,69,0,0,0
635832,2018,5,22,"2018-05-22","17:59:00",3,"CO",8,0,0.75,0,0,0,0,40.54,-105.12,40.54,-105.12,0,0,0,0,0,69,0,0,0
635833,2018,5,22,"2018-05-22","18:00:00",3,"CO",8,0,1,0,0,0,0,40.51,-105.08,40.51,-105.08,0,0,0,0,0,69,0,0,0
635834,2018,5,22,"2018-05-22","18:00:00",3,"ND",38,0,1,0,0,0,0,46.09,-102.51,46.09,-102.51,0,0,0,0,0,1,0,0,0
635835,2018,5,22,"2018-05-22","18:01:00",3,"CO",8,0,0.88,0,0,0,0,40.55,-105.1,40.55,-105.1,0,0,0,0,0,69,0,0,0
635836,2018,5,22,"2018-05-22","18:03:00",3,"ND",38,0,1.25,0,0,0,0,46.44,-101.64,46.44,-101.64,0,0,0,0,0,37,0,0,0
635837,2018,5,22,"2018-05-22","18:05:00",3,"CO",8,0,0.75,0,0,0,0,40.54,-105.08,40.54,-105.08,0,0,0,0,0,69,0,0,0
635838,2018,5,22,"2018-05-22","18:10:00",3,"CO",8,0,0.88,0,0,0,0,40.56,-105.09,40.56,-105.09,0,0,0,0,0,69,0,0,0
635839,2018,5,22,"2018-05-22","18:15:00",3,"CO",8,0,0.75,0,0,0,0,40.56,-105.07,40.56,-105.07,0,0,0,0,0,69,0,0,0
635840,2018,5,22,"2018-05-22","18:35:00",3,"CO",8,0,0.75,0,0,0,0,39.99,-105.42,39.99,-105.42,0,0,0,0,0,13,0,0,0
635841,2018,5,22,"2018-05-22","18:50:00",3,"NM",35,0,1.25,0,0,0,0,32.42,-104.23,32.42,-104.23,0,0,0,0,0,15,0,0,0
635842,2018,5,22,"2018-05-22","18:57:00",3,"CO",8,0,0.75,0,0,0,0,40.02,-105.27,40.02,-105.27,0,0,0,0,0,13,0,0,0
635843,2018,5,22,"2018-05-22","19:15:00",3,"SD",46,0,1,0,0,0,0,43.32,-102.07,43.32,-102.07,0,0,0,0,0,7,0,0,0
635844,2018,5,22,"2018-05-22","19:29:00",3,"NM",35,0,1.75,0,0,0,0,32.2608,-104.23,32.2608,-104.23,0,0,0,0,0,15,0,0,0
635845,2018,5,22,"2018-05-22","19:40:00",3,"NM",35,0,2,0,0,23000,0,32.35,-104.17,32.35,-104.17,0,0,0,0,0,15,0,0,0
635846,2018,5,22,"2018-05-22","19:50:00",3,"TX",48,0,0.75,0,0,0,0,28.52,-99.86,28.52,-99.86,0,0,0,0,0,127,0,0,0
635847,2018,5,22,"2018-05-22","20:20:00",3,"MT",30,0,1,0,0,0,0,45.59,-109.22,45.59,-109.22,0,0,0,0,0,95,0,0,0
635848,2018,5,22,"2018-05-22","20:26:00",3,"TX",48,0,1.75,0,0,0,0,30.37,-103.7371,30.37,-103.7371,0,0,0,0,0,43,0,0,0
635849,2018,5,22,"2018-05-22","21:15:00",3,"NE",31,0,1,0,0,0,0,42.83,-103.5,42.83,-103.5,0,0,0,0,0,45,0,0,0
635850,2018,5,22,"2018-05-22","21:30:00",3,"NM",35,0,2,0,0,0,0,33.5292,-104.7849,33.5292,-104.7849,0,0,0,0,0,5,0,0,0
635851,2018,5,22,"2018-05-22","21:35:00",3,"NE",31,0,1,0,0,0,0,42.9637,-102.9244,42.9637,-102.9244,0,0,0,0,0,45,0,0,0
635852,2018,5,22,"2018-05-22","21:40:00",3,"MT",30,0,0.88,0,0,0,0,45.47,-109.1,45.47,-109.1,0,0,0,0,0,9,0,0,0
635853,2018,5,22,"2018-05-22","22:08:00",3,"NM",35,0,1.5,0,0,0,0,33.37,-104.83,33.37,-104.83,0,0,0,0,0,5,0,0,0
635854,2018,5,23,"2018-05-23","00:28:00",3,"MN",27,0,0.75,0,0,0,0,44.28,-96.14,44.28,-96.14,0,0,0,0,0,81,0,0,0
635855,2018,5,23,"2018-05-23","12:56:00",3,"SD",46,0,1,0,0,0,0,43.35,-97.99,43.35,-97.99,0,0,0,0,0,67,0,0,0
635856,2018,5,23,"2018-05-23","13:10:00",3,"WY",56,0,1,0,0,0,0,42.1,-104.89,42.1,-104.89,0,0,0,0,0,31,0,0,0
635857,2018,5,23,"2018-05-23","13:30:00",3,"WY",56,0,1,0,0,0,0,42.1012,-104.8811,42.1012,-104.8811,0,0,0,0,0,31,0,0,0
635858,2018,5,23,"2018-05-23","13:54:00",3,"MO",29,0,1,0,0,0,0,36.68,-93.33,36.68,-93.33,0,0,0,0,0,209,0,0,0
635859,2018,5,23,"2018-05-23","13:55:00",3,"WY",56,0,1.25,0,0,0,0,42.05,-104.6771,42.05,-104.6771,0,0,0,0,0,31,0,0,0
635860,2018,5,23,"2018-05-23","14:25:00",3,"WY",56,0,1.5,0,0,0,0,42.1,-104.5,42.1,-104.5,0,0,0,0,0,15,0,0,0
635861,2018,5,23,"2018-05-23","14:31:00",3,"NM",35,0,1.5,0,0,0,0,32.2936,-104.6842,32.2936,-104.6842,0,0,0,0,0,15,0,0,0
635862,2018,5,23,"2018-05-23","14:40:00",3,"NC",37,0,0.75,0,0,0,0,35.77,-79.07,35.77,-79.07,0,0,0,0,0,37,0,0,0
635863,2018,5,23,"2018-05-23","14:47:00",3,"KS",20,0,0.88,0,0,0,0,39.8012,-99.3866,39.8012,-99.3866,0,0,0,0,0,147,0,0,0
635864,2018,5,23,"2018-05-23","14:56:00",3,"SD",46,0,1,0,0,0,0,43.44,-97.93,43.44,-97.93,0,0,0,0,0,67,0,0,0
635865,2018,5,23,"2018-05-23","15:05:00",3,"NM",35,0,1.75,0,0,0,0,32.2,-104.73,32.2,-104.73,0,0,0,0,0,15,0,0,0
635866,2018,5,23,"2018-05-23","15:10:00",3,"KS",20,0,1,0,0,0,0,39.8368,-99.32,39.8368,-99.32,0,0,0,0,0,147,0,0,0
635867,2018,5,23,"2018-05-23","15:20:00",3,"MT",30,0,0.88,0,0,0,0,45.96,-108.16,45.96,-108.16,0,0,0,0,0,111,0,0,0
635868,2018,5,23,"2018-05-23","15:20:00",3,"KS",20,0,1,0,0,0,0,39.8703,-99.2551,39.89,-99.08,0,0,0,0,0,147,0,0,0
635869,2018,5,23,"2018-05-23","15:30:00",3,"MT",30,0,1,0,0,0,0,45.96,-108.16,45.96,-108.16,0,0,0,0,0,111,0,0,0
635870,2018,5,23,"2018-05-23","15:30:00",3,"NM",35,0,1.75,0,0,0,0,35.44,-103.32,35.44,-103.32,0,0,0,0,0,37,0,0,0
635871,2018,5,23,"2018-05-23","15:30:00",3,"NM",35,0,2,0,0,0,0,35.23,-105.16,35.23,-105.16,0,0,0,0,0,47,0,0,0
635872,2018,5,23,"2018-05-23","15:34:00",3,"NM",35,0,1.75,0,0,0,0,32.1368,-104.4648,32.1368,-104.4648,0,0,0,0,0,15,0,0,0
635873,2018,5,23,"2018-05-23","15:34:00",3,"NM",35,0,1.5,0,0,0,0,35.44,-103.41,35.44,-103.41,0,0,0,0,0,21,0,0,0
635874,2018,5,23,"2018-05-23","15:35:00",3,"TX",48,0,2,0,0,15000,0,31.88,-104.425,31.88,-104.425,0,0,0,0,0,109,0,0,0
635875,2018,5,23,"2018-05-23","15:45:00",3,"LA",22,0,1,0,0,0,0,32.6013,-93.8798,32.6013,-93.8798,0,0,0,0,0,17,0,0,0
635876,2018,5,23,"2018-05-23","15:49:00",3,"KS",20,0,1,0,0,0,0,39.8,-99.47,39.8,-99.47,0,0,0,0,0,147,0,0,0
635877,2018,5,23,"2018-05-23","15:55:00",3,"NM",35,0,1.75,0,0,0,0,33.393,-104.6953,33.393,-104.6953,0,0,0,0,0,5,0,0,0
635878,2018,5,23,"2018-05-23","16:05:00",3,"NE",31,0,1,0,0,0,0,42.92,-103.73,42.92,-103.73,0,0,0,0,0,165,0,0,0
635879,2018,5,23,"2018-05-23","16:10:00",3,"NM",35,0,1.75,0,0,0,0,35.97,-105.29,35.97,-105.29,0,0,0,0,0,33,0,0,0
635880,2018,5,23,"2018-05-23","16:12:00",3,"MT",30,0,1,0,0,0,0,45.83,-108.47,45.83,-108.47,0,0,0,0,0,111,0,0,0
635881,2018,5,23,"2018-05-23","16:12:00",3,"MT",30,0,1,0,0,0,0,46,-108.01,46,-108.01,0,0,0,0,0,111,0,0,0
635882,2018,5,23,"2018-05-23","16:12:00",3,"MT",30,0,1,0,0,0,0,45.88,-106.63,45.88,-106.63,0,0,0,0,0,87,0,0,0
635883,2018,5,23,"2018-05-23","16:15:00",3,"MT",30,0,1,0,0,0,0,45.83,-108.45,45.83,-108.45,0,0,0,0,0,111,0,0,0
635884,2018,5,23,"2018-05-23","16:20:00",3,"NM",35,0,0.88,0,0,0,0,36.12,-103.11,36.12,-103.11,0,0,0,0,0,59,0,0,0
635885,2018,5,23,"2018-05-23","16:38:00",3,"KS",20,0,1.25,0,0,0,0,39.8424,-99.03,39.8424,-99.03,0,0,0,0,0,183,0,0,0
635886,2018,5,23,"2018-05-23","16:40:00",3,"KS",20,0,1,0,0,0,0,39.75,-99.32,39.75,-99.32,0,0,0,0,0,147,0,0,0
635887,2018,5,23,"2018-05-23","16:40:00",3,"SD",46,0,1,0,0,0,0,45.35,-97.75,45.35,-97.75,0,0,0,0,0,37,0,0,0
635888,2018,5,23,"2018-05-23","16:50:00",3,"KS",20,0,0.75,0,0,0,0,37.62,-99.11,37.62,-99.11,0,0,0,0,0,97,0,0,0
635889,2018,5,23,"2018-05-23","16:55:00",3,"NM",35,0,3,0,0,0,0,35.23,-105.16,35.23,-105.16,0,0,0,0,0,47,0,0,0
635890,2018,5,23,"2018-05-23","17:00:00",3,"TX",48,0,0.75,0,0,0,0,33.4904,-94.075,33.4904,-94.075,0,0,0,0,0,37,0,0,0
635891,2018,5,23,"2018-05-23","17:00:00",3,"OK",40,0,0.75,0,0,0,0,34.0806,-95.0866,34.0806,-95.0866,0,0,0,0,0,89,0,0,0
635892,2018,5,23,"2018-05-23","17:07:00",3,"MT",30,0,1,0,0,0,0,46.71,-106.19,46.71,-106.19,0,0,0,0,0,87,0,0,0
635893,2018,5,23,"2018-05-23","17:13:00",3,"TX",48,0,0.75,0,0,0,0,36.26,-101.3,36.26,-101.3,0,0,0,0,0,195,0,0,0
635894,2018,5,23,"2018-05-23","17:20:00",3,"TX",48,0,1,0,0,0,0,30.3845,-103.67,30.3845,-103.67,0,0,0,0,0,43,0,0,0
635895,2018,5,23,"2018-05-23","17:23:00",3,"NM",35,0,1.5,0,0,0,0,35.25,-105.11,35.25,-105.11,0,0,0,0,0,47,0,0,0
635896,2018,5,23,"2018-05-23","17:25:00",3,"WY",56,0,1,0,0,0,0,42.21,-104.52,42.21,-104.52,0,0,0,0,0,15,0,0,0
635897,2018,5,23,"2018-05-23","17:28:00",3,"NM",35,0,1,0,0,0,0,33.69,-103.78,33.69,-103.78,0,0,0,0,0,5,0,0,0
635898,2018,5,23,"2018-05-23","17:30:00",3,"TX",48,0,1,0,0,0,0,36.2,-101.24,36.2,-101.24,0,0,0,0,0,195,0,0,0
635899,2018,5,23,"2018-05-23","17:37:00",3,"NM",35,0,0.88,0,0,0,0,32.78,-103.48,32.78,-103.48,0,0,0,0,0,25,0,0,0
635900,2018,5,23,"2018-05-23","18:00:00",3,"MT",30,0,1.75,0,0,0,0,46.24,-105.72,46.24,-105.72,0,0,0,0,0,17,0,0,0
635901,2018,5,23,"2018-05-23","18:00:00",3,"MT",30,0,1.25,0,0,0,0,46.22,-105.75,46.22,-105.75,0,0,0,0,0,17,0,0,0
635902,2018,5,23,"2018-05-23","18:00:00",3,"OK",40,0,0.75,0,0,0,0,34.48,-95.22,34.48,-95.22,0,0,0,0,0,127,0,0,0
635903,2018,5,23,"2018-05-23","18:05:00",3,"MT",30,0,1.75,0,0,0,0,46.22,-105.69,46.22,-105.69,0,0,0,0,0,17,0,0,0
635904,2018,5,23,"2018-05-23","18:05:00",3,"NE",31,0,1,0,0,0,0,41.39,-102.34,41.39,-102.34,0,0,0,0,0,69,0,0,0
635905,2018,5,23,"2018-05-23","18:05:00",3,"WY",56,0,1.5,0,0,0,0,42.2423,-104.2119,42.2423,-104.2119,0,0,0,0,0,15,0,0,0
635906,2018,5,23,"2018-05-23","18:08:00",3,"NM",35,0,0.88,0,0,0,0,32.62,-103.27,32.62,-103.27,0,0,0,0,0,25,0,0,0
635907,2018,5,23,"2018-05-23","18:10:00",3,"MT",30,0,2,0,0,0,0,46.22,-105.68,46.22,-105.68,0,0,0,0,0,17,0,0,0
635908,2018,5,23,"2018-05-23","18:10:00",3,"NM",35,0,1,0,0,0,0,35.27,-105.12,35.27,-105.12,0,0,0,0,0,47,0,0,0
635909,2018,5,23,"2018-05-23","18:12:00",3,"NE",31,0,1,0,0,0,0,41.38,-102.34,41.38,-102.34,0,0,0,0,0,69,0,0,0
635910,2018,5,23,"2018-05-23","18:15:00",3,"SD",46,0,1,0,0,0,0,43.3716,-103.1215,43.3716,-103.1215,0,0,0,0,0,47,0,0,0
635911,2018,5,23,"2018-05-23","18:16:00",3,"NM",35,0,1,0,0,0,0,35.29,-105.11,35.29,-105.11,0,0,0,0,0,47,0,0,0
635912,2018,5,23,"2018-05-23","18:30:00",3,"MT",30,0,1,0,0,0,0,45.48,-104.49,45.48,-104.49,0,0,0,0,0,11,0,0,0
635913,2018,5,23,"2018-05-23","18:32:00",3,"NE",31,0,1,0,0,0,0,41.29,-102.2,41.29,-102.2,0,0,0,0,0,69,0,0,0
635914,2018,5,23,"2018-05-23","18:35:00",3,"MT",30,0,1,0,0,0,0,47.03,-105.52,47.03,-105.52,0,0,0,0,0,79,0,0,0
635915,2018,5,23,"2018-05-23","18:35:00",3,"NM",35,0,1.75,0,0,0,0,34.14,-103.39,34.14,-103.39,0,0,0,0,0,41,0,0,0
635916,2018,5,23,"2018-05-23","18:39:00",3,"NM",35,0,0.88,0,0,0,0,34.18,-103.34,34.18,-103.34,0,0,0,0,0,41,0,0,0
635917,2018,5,23,"2018-05-23","18:40:00",3,"SD",46,0,0.75,0,0,0,0,43.0835,-102.5903,43.0835,-102.5903,0,0,0,0,0,102,0,0,0
635918,2018,5,23,"2018-05-23","18:40:00",3,"TX",48,0,1.5,0,0,0,0,29.3,-103.3,29.3,-103.3,0,0,0,0,0,43,0,0,0
635919,2018,5,23,"2018-05-23","18:44:00",3,"MT",30,0,1,0,0,0,0,45.66,-106.7,45.66,-106.7,0,0,0,0,0,11,0,0,0
635920,2018,5,23,"2018-05-23","18:45:00",3,"MT",30,0,1,0,0,0,0,46.29,-107.13,46.29,-107.13,0,0,0,0,0,103,0,0,0
635921,2018,5,23,"2018-05-23","18:57:00",3,"MT",30,0,1,0,0,0,0,47.31,-106.91,47.31,-106.91,0,0,0,0,0,33,0,0,0
635922,2018,5,23,"2018-05-23","19:00:00",3,"SD",46,0,1.75,0,0,0,0,43.2155,-102.48,43.2155,-102.48,0,0,0,0,0,102,0,0,0
635923,2018,5,23,"2018-05-23","19:00:00",3,"MT",30,0,1.25,0,0,0,0,45.52,-106.34,45.52,-106.34,0,0,0,0,0,87,0,0,0
635924,2018,5,23,"2018-05-23","19:10:00",3,"MT",30,0,1.75,0,0,0,0,46.55,-105.09,46.55,-105.09,0,0,0,0,0,79,0,0,0
635925,2018,5,23,"2018-05-23","19:10:00",3,"NE",31,0,1,0,0,0,0,42.42,-103.9861,42.42,-103.9861,0,0,0,0,0,165,0,0,0
635926,2018,5,23,"2018-05-23","19:14:00",3,"SD",46,0,1.75,0,0,0,0,43.1721,-102.33,43.1721,-102.33,0,0,0,0,0,102,0,0,0
635927,2018,5,23,"2018-05-23","19:15:00",3,"SD",46,0,2.75,0,0,0,0,43.13,-102.37,43.13,-102.37,0,0,0,0,0,102,0,0,0
635928,2018,5,23,"2018-05-23","19:18:00",3,"MT",30,0,1.25,0,0,0,0,47.04,-105.09,47.04,-105.09,0,0,0,0,0,21,0,0,0
635929,2018,5,23,"2018-05-23","19:26:00",3,"SD",46,0,1.75,0,0,5000,0,43.23,-102.2307,43.23,-102.2307,0,0,0,0,0,102,0,0,0
635930,2018,5,23,"2018-05-23","19:34:00",3,"NM",35,0,0.75,0,0,0,0,35.61,-103.1,35.61,-103.1,0,0,0,0,0,37,0,0,0
635931,2018,5,23,"2018-05-23","19:35:00",3,"NE",31,0,1.25,0,0,0,0,41.51,-101.61,41.51,-101.61,0,0,0,0,0,5,0,0,0
635932,2018,5,23,"2018-05-23","19:35:00",3,"NM",35,0,1,0,0,0,0,35.61,-103.1,35.61,-103.1,0,0,0,0,0,37,0,0,0
635933,2018,5,23,"2018-05-23","20:03:00",3,"MT",30,0,1,0,0,0,0,47.69,-104.35,47.69,-104.35,0,0,0,0,0,83,0,0,0
635934,2018,5,23,"2018-05-23","20:05:00",3,"NE",31,0,1.5,0,0,0,0,41.57,-101.36,41.57,-101.36,0,0,0,0,0,117,0,0,0
635935,2018,5,23,"2018-05-23","21:00:00",3,"NM",35,0,1,0,0,0,0,35.6905,-103.754,35.6905,-103.754,0,0,0,0,0,21,0,0,0
635936,2018,5,23,"2018-05-23","21:22:00",3,"ND",38,0,0.75,0,0,0,0,46.9,-103.44,46.9,-103.44,0,0,0,0,0,7,0,0,0
635937,2018,5,24,"2018-05-24","07:42:00",3,"ND",38,0,1,0,0,0,0,48.98,-98.4,48.98,-98.4,0,0,0,0,0,19,0,0,0
635938,2018,5,24,"2018-05-24","07:47:00",3,"ND",38,0,0.75,0,0,0,0,49,-98.36,49,-98.36,0,0,0,0,0,19,0,0,0
635939,2018,5,24,"2018-05-24","16:02:00",3,"SD",46,0,1.25,0,0,0,0,42.95,-98.19,42.95,-98.19,0,0,0,0,0,23,0,0,0
635940,2018,5,24,"2018-05-24","16:22:00",3,"SD",46,0,1,0,0,0,0,43.15,-97.78,43.15,-97.78,0,0,0,0,0,9,0,0,0
635941,2018,5,24,"2018-05-24","16:35:00",3,"SD",46,0,1,0,0,0,0,43.6,-99.68,43.6,-99.68,0,0,0,0,0,123,0,0,0
635942,2018,5,24,"2018-05-24","16:38:00",3,"KS",20,0,0.75,0,0,0,0,37.44,-96.77,37.44,-96.77,0,0,0,0,0,35,0,0,0
635943,2018,5,24,"2018-05-24","16:45:00",3,"KS",20,0,0.75,0,0,0,0,38.05,-102.01,38.05,-102.01,0,0,0,0,0,75,0,0,0
635944,2018,5,24,"2018-05-24","17:09:00",3,"TX",48,0,1,0,0,0,0,31.048,-104.1057,31.048,-104.1057,0,0,0,0,0,243,0,0,0
635945,2018,5,24,"2018-05-24","17:21:00",3,"TX",48,0,0.88,0,0,0,0,30.37,-103.6197,30.37,-103.6197,0,0,0,0,0,43,0,0,0
635946,2018,5,24,"2018-05-24","17:22:00",3,"KS",20,0,0.75,0,0,0,0,37.35,-94.81,37.35,-94.81,0,0,0,0,0,37,0,0,0
635947,2018,5,24,"2018-05-24","17:27:00",3,"CO",8,0,1,0,0,0,0,39.2861,-102.4658,39.2861,-102.4658,0,0,0,0,0,63,0,0,0
635948,2018,5,24,"2018-05-24","17:29:00",3,"KS",20,0,1,0,0,0,0,38.8979,-101.7491,38.8979,-101.7491,0,0,0,0,0,199,0,0,0
635949,2018,5,24,"2018-05-24","17:45:00",3,"KS",20,0,1.25,0,0,0,0,39.0276,-101.3096,39.0276,-101.3096,0,0,0,0,0,109,0,0,0
635950,2018,5,24,"2018-05-24","17:49:00",3,"KS",20,0,1,0,0,0,0,39.0313,-101.2921,39.0313,-101.2921,0,0,0,0,0,109,0,0,0
635951,2018,5,24,"2018-05-24","17:55:00",3,"KS",20,0,1,0,0,0,0,39.0199,-101.4509,39.0199,-101.4509,0,0,0,0,0,109,0,0,0
635952,2018,5,24,"2018-05-24","17:58:00",3,"SD",46,0,1,0,0,0,0,43.54,-99.59,43.54,-99.59,0,0,0,0,0,85,0,0,0
635953,2018,5,24,"2018-05-24","18:00:00",3,"MN",27,0,0.75,0,0,0,0,44.96,-93.83,44.96,-93.83,0,0,0,0,0,19,0,0,0
635954,2018,5,24,"2018-05-24","18:21:00",3,"KS",20,0,0.88,0,0,0,0,37.89,-101.76,37.89,-101.76,0,0,0,0,0,75,0,0,0
635955,2018,5,24,"2018-05-24","18:25:00",3,"CO",8,0,1,0,0,0,0,39.4211,-102.4138,39.4211,-102.4138,0,0,0,0,0,63,0,0,0
635956,2018,5,24,"2018-05-24","18:28:00",3,"KS",20,0,1,0,0,0,0,37.66,-102.02,37.66,-102.02,0,0,0,0,0,187,0,0,0
635957,2018,5,24,"2018-05-24","18:44:00",3,"MN",27,0,1,0,0,0,0,44.97,-93.23,44.97,-93.23,0,0,0,0,0,53,0,0,0
635958,2018,5,24,"2018-05-24","18:50:00",3,"SD",46,0,1,0,0,0,0,43.0495,-99.998,43.0755,-99.9517,0,0,0,0,0,123,0,0,0
635959,2018,5,24,"2018-05-24","18:58:00",3,"KS",20,0,1,0,0,0,0,37.64,-101.91,37.64,-101.91,0,0,0,0,0,187,0,0,0
635960,2018,5,24,"2018-05-24","19:00:00",3,"NE",31,0,1,0,0,0,0,42.75,-100.24,42.75,-100.24,0,0,0,0,0,31,0,0,0
635961,2018,5,24,"2018-05-24","19:15:00",3,"SD",46,0,1,0,0,0,0,43.12,-99.69,43.12,-99.69,0,0,0,0,0,123,0,0,0
635962,2018,5,24,"2018-05-24","19:30:00",3,"MN",27,0,0.88,0,0,0,0,45.72,-95.27,45.72,-95.27,0,0,0,0,0,121,0,0,0
635963,2018,5,24,"2018-05-24","20:00:00",3,"MN",27,0,1.25,0,0,0,0,48.05,-95.79,48.05,-95.79,0,0,0,0,0,113,0,0,0
635964,2018,5,24,"2018-05-24","20:05:00",3,"MN",27,0,1,0,0,0,0,47.77,-96.61,47.77,-96.61,0,0,0,0,0,119,0,0,0
635965,2018,5,24,"2018-05-24","20:24:00",3,"KS",20,0,1,0,0,0,0,39.37,-99.85,39.37,-99.85,0,0,0,0,0,65,0,0,0
635966,2018,5,24,"2018-05-24","20:41:00",3,"MN",27,0,1,0,0,0,0,47.77,-96.56,47.77,-96.56,0,0,0,0,0,119,0,0,0
635967,2018,5,24,"2018-05-24","20:45:00",3,"MN",27,0,0.75,0,0,0,0,48.09,-96.19,48.09,-96.19,0,0,0,0,0,113,0,0,0
635968,2018,5,24,"2018-05-24","20:54:00",3,"KS",20,0,1,0,0,0,0,39.38,-99.47,39.38,-99.47,0,0,0,0,0,163,0,0,0
635969,2018,5,24,"2018-05-24","21:35:00",3,"MN",27,0,0.88,0,0,0,0,47.84,-95.97,47.84,-95.97,0,0,0,0,0,125,0,0,0
635970,2018,5,24,"2018-05-24","23:58:00",3,"KS",20,0,0.88,0,0,0,0,38.36,-98.79,38.36,-98.79,0,0,0,0,0,9,0,0,0
635971,2018,5,25,"2018-05-25","01:26:00",3,"KS",20,0,0.75,0,0,0,0,38.07,-97.91,38.07,-97.91,0,0,0,0,0,155,0,0,0
635972,2018,5,25,"2018-05-25","02:48:00",3,"MN",27,0,0.75,0,0,0,0,44.7125,-93.4635,44.7125,-93.4635,0,0,0,0,0,139,0,0,0
635973,2018,5,25,"2018-05-25","11:50:00",3,"AR",5,0,0.75,0,0,0,0,34.62,-92.48,34.62,-92.48,0,0,0,0,0,125,0,0,0
635974,2018,5,25,"2018-05-25","12:08:00",3,"MI",26,0,0.75,0,0,0,0,44.77,-84.83,44.77,-84.83,0,0,0,0,0,39,0,0,0
635975,2018,5,25,"2018-05-25","13:35:00",3,"IL",17,0,0.88,0,0,0,0,41.52,-90.39,41.52,-90.39,0,0,0,0,0,161,0,0,0
635976,2018,5,25,"2018-05-25","13:47:00",3,"MN",27,0,1,0,0,0,0,44.06,-92.04,44.06,-92.04,0,0,0,0,0,169,0,0,0
635977,2018,5,25,"2018-05-25","13:54:00",3,"MN",27,0,0.75,0,0,0,0,43.97,-92.06,43.97,-92.06,0,0,0,0,0,169,0,0,0
635978,2018,5,25,"2018-05-25","14:19:00",3,"MN",27,0,0.75,0,0,0,0,47.15,-91.47,47.15,-91.47,0,0,0,0,0,75,0,0,0
635979,2018,5,25,"2018-05-25","14:23:00",3,"MS",28,0,0.75,0,0,0,0,32.33,-90.33,32.33,-90.33,0,0,0,0,0,49,0,0,0
635980,2018,5,25,"2018-05-25","14:30:00",3,"MN",27,0,1.5,0,0,0,0,43.7,-93.58,43.7,-93.58,0,0,0,0,0,47,0,0,0
635981,2018,5,25,"2018-05-25","14:31:00",3,"WI",55,0,1.75,0,0,5000,0,44.58,-91.47,44.58,-91.47,0,0,0,0,0,121,0,0,0
635982,2018,5,25,"2018-05-25","14:35:00",3,"MN",27,0,0.75,0,0,0,0,44.45,-96.43,44.45,-96.43,0,0,0,0,0,81,0,0,0
635983,2018,5,25,"2018-05-25","14:36:00",3,"MN",27,0,1,0,0,0,0,43.98,-91.87,43.98,-91.87,0,0,0,0,0,169,0,0,0
635984,2018,5,25,"2018-05-25","14:40:00",3,"MN",27,0,1.75,0,0,0,0,43.65,-93.6,43.65,-93.6,0,0,0,0,0,47,0,0,0
635985,2018,5,25,"2018-05-25","14:40:00",3,"OR",41,0,1,0,0,0,0,42.73,-119.87,42.73,-119.87,0,0,0,0,0,37,0,0,0
635986,2018,5,25,"2018-05-25","14:45:00",3,"SD",46,0,1,0,0,0,0,43.7,-102.99,43.7,-102.99,0,0,0,0,0,33,0,0,0
635987,2018,5,25,"2018-05-25","15:00:00",3,"MN",27,0,1.75,0,0,0,0,43.61,-93.53,43.61,-93.53,0,0,0,0,0,47,0,0,0
635988,2018,5,25,"2018-05-25","15:15:00",3,"WI",55,0,0.88,0,0,0,0,46.14,-91.81,46.14,-91.81,0,0,0,0,0,129,0,0,0
635989,2018,5,25,"2018-05-25","15:25:00",3,"MN",27,0,0.88,0,0,0,0,43.67,-92.97,43.67,-92.97,0,0,0,0,0,99,0,0,0
635990,2018,5,25,"2018-05-25","15:40:00",3,"TX",48,0,0.88,0,0,0,0,32.77,-98.3,32.77,-98.3,0,0,0,0,0,363,0,0,0
635991,2018,5,25,"2018-05-25","15:45:00",3,"MN",27,0,1,0,0,0,0,45.21,-93.66,45.21,-93.66,0,0,0,0,0,171,0,0,0
635992,2018,5,25,"2018-05-25","15:50:00",3,"MN",27,0,1,0,0,0,0,45.17,-93.54,45.17,-93.54,0,0,0,0,0,53,0,0,0
635993,2018,5,25,"2018-05-25","15:50:00",3,"MN",27,0,0.75,0,0,0,0,45.01,-93.79,45.01,-93.79,0,0,0,0,0,171,0,0,0
635994,2018,5,25,"2018-05-25","15:55:00",3,"WI",55,0,1,0,0,0,0,44.96,-90.94,44.96,-90.94,0,0,0,0,0,17,0,0,0
635995,2018,5,25,"2018-05-25","15:57:00",3,"OK",40,0,1,0,0,0,0,35.25,-96.81,35.25,-96.81,0,0,0,0,0,125,0,0,0
635996,2018,5,25,"2018-05-25","16:00:00",3,"MN",27,0,0.88,0,0,0,0,43.81,-91.75,43.81,-91.75,0,0,0,0,0,45,0,0,0
635997,2018,5,25,"2018-05-25","16:01:00",3,"SD",46,0,1,0,0,0,0,43.39,-97.49,43.39,-97.49,0,0,0,0,0,67,0,0,0
635998,2018,5,25,"2018-05-25","16:05:00",3,"TX",48,0,1.75,0,0,0,0,32.63,-98.26,32.63,-98.26,0,0,0,0,0,363,0,0,0
635999,2018,5,25,"2018-05-25","16:10:00",3,"WI",55,0,1,0,0,0,0,45,-90.8,45,-90.8,0,0,0,0,0,19,0,0,0
636000,2018,5,25,"2018-05-25","16:15:00",3,"TX",48,0,1.75,0,0,5000,0,32.63,-98.3,32.63,-98.3,0,0,0,0,0,363,0,0,0
636001,2018,5,25,"2018-05-25","16:15:00",3,"TX",48,0,1,0,0,0,0,32.6,-98.31,32.6,-98.31,0,0,0,0,0,363,0,0,0
636002,2018,5,25,"2018-05-25","16:18:00",3,"TX",48,0,1,0,0,0,0,32.55,-98.37,32.55,-98.37,0,0,0,0,0,363,0,0,0
636003,2018,5,25,"2018-05-25","16:43:00",3,"WI",55,0,1,0,0,0,0,45.11,-90.44,45.11,-90.44,0,0,0,0,0,119,0,0,0
636004,2018,5,25,"2018-05-25","16:45:00",3,"TX",48,0,1,0,0,0,0,32.41,-98.34,32.41,-98.34,0,0,0,0,0,143,0,0,0
636005,2018,5,25,"2018-05-25","16:45:00",3,"OR",41,0,1,0,0,0,0,42.01,-118.63,42.0451,-118.6258,0,0,0,0,0,25,0,0,0
636006,2018,5,25,"2018-05-25","17:01:00",3,"MN",27,0,0.88,0,0,0,0,43.54,-91.56,43.54,-91.56,0,0,0,0,0,55,0,0,0
636007,2018,5,25,"2018-05-25","17:07:00",3,"IA",19,0,0.88,0,0,0,0,42.07,-93.69,42.07,-93.69,0,0,0,0,0,169,0,0,0
636008,2018,5,25,"2018-05-25","17:12:00",3,"IA",19,0,1,0,0,0,0,42.06,-93.64,42.06,-93.64,0,0,0,0,0,169,0,0,0
636009,2018,5,25,"2018-05-25","17:15:00",3,"IA",19,0,1,0,0,0,0,42.05,-93.65,42.05,-93.65,0,0,0,0,0,169,0,0,0
636010,2018,5,25,"2018-05-25","17:18:00",3,"IA",19,0,1.5,0,0,5000,0,42.0522,-93.6449,42.0522,-93.6449,0,0,0,0,0,169,0,0,0
636011,2018,5,25,"2018-05-25","17:27:00",3,"IA",19,0,0.88,0,0,0,0,42.0561,-93.6931,42.0561,-93.6931,0,0,0,0,0,169,0,0,0
636012,2018,5,25,"2018-05-25","17:39:00",3,"TX",48,0,4.25,0,0,2000,3000,32.1695,-98.5186,32.1695,-98.5186,0,0,0,0,0,93,0,0,0
636013,2018,5,25,"2018-05-25","17:40:00",3,"WI",55,0,0.88,0,0,0,0,46.01,-91.45,46.01,-91.45,0,0,0,0,0,113,0,0,0
636014,2018,5,25,"2018-05-25","17:44:00",3,"IA",19,0,1.75,0,0,10000,0,41.98,-93.57,41.98,-93.57,0,0,0,0,0,169,0,0,0
636015,2018,5,25,"2018-05-25","17:52:00",3,"IA",19,0,1,0,0,0,0,42.26,-93,42.26,-93,0,0,0,0,0,75,0,0,0
636016,2018,5,25,"2018-05-25","17:52:00",3,"IA",19,0,1,0,0,0,0,42.25,-93.06,42.25,-93.06,0,0,0,0,0,83,0,0,0
636017,2018,5,25,"2018-05-25","17:53:00",3,"IA",19,0,1.5,0,0,5000,0,41.9,-93.54,41.9,-93.54,0,0,0,0,0,169,0,0,0
636018,2018,5,25,"2018-05-25","17:55:00",3,"IA",19,0,2,0,0,5000,0,41.9,-93.6,41.9,-93.6,0,0,0,0,0,169,0,0,0
636019,2018,5,25,"2018-05-25","17:56:00",3,"IA",19,0,2.25,0,0,50000,0,41.8949,-93.6054,41.8949,-93.6054,0,0,0,0,0,169,0,0,0
636020,2018,5,25,"2018-05-25","17:57:00",3,"IA",19,0,1.75,0,0,10000,0,41.9,-93.6,41.9,-93.6,0,0,0,0,0,169,0,0,0
636021,2018,5,25,"2018-05-25","18:20:00",3,"MN",27,0,0.75,0,0,0,0,44.29,-93.27,44.29,-93.27,0,0,0,0,0,131,0,0,0
636022,2018,5,25,"2018-05-25","18:20:00",3,"TX",48,0,2.75,0,0,0,0,31.89,-98.63,31.89,-98.63,0,0,0,0,0,93,0,0,0
636023,2018,5,25,"2018-05-25","18:24:00",3,"TX",48,0,1,0,0,0,0,35.62,-100.34,35.62,-100.34,0,0,0,0,0,211,0,0,0
636024,2018,5,25,"2018-05-25","18:30:00",3,"TX",48,0,1,0,0,0,0,35.62,-100.34,35.62,-100.34,0,0,0,0,0,483,0,0,0
636025,2018,5,25,"2018-05-25","18:30:00",3,"WI",55,0,0.75,0,0,0,0,45.88,-91.07,45.88,-91.07,0,0,0,0,0,113,0,0,0
636026,2018,5,25,"2018-05-25","18:33:00",3,"TX",48,0,1.25,0,0,0,0,35.59,-100.32,35.59,-100.32,0,0,0,0,0,483,0,0,0
636027,2018,5,25,"2018-05-25","18:38:00",3,"IA",19,0,1,0,0,0,0,42.1,-92.91,42.1,-92.91,0,0,0,0,0,127,0,0,0
636028,2018,5,25,"2018-05-25","18:43:00",3,"IA",19,0,1,0,0,0,0,42.05,-92.94,42.05,-92.94,0,0,0,0,0,127,0,0,0
636029,2018,5,25,"2018-05-25","18:45:00",3,"TX",48,0,1.25,0,0,0,0,35.56,-100.36,35.56,-100.36,0,0,0,0,0,483,0,0,0
636030,2018,5,25,"2018-05-25","18:50:00",3,"WI",55,0,0.75,0,0,0,0,45.8,-90.99,45.8,-90.99,0,0,0,0,0,113,0,0,0
636031,2018,5,25,"2018-05-25","18:51:00",3,"TX",48,0,1.25,0,0,0,0,35.56,-100.37,35.56,-100.37,0,0,0,0,0,483,0,0,0
636032,2018,5,25,"2018-05-25","19:04:00",3,"IA",19,0,1,0,0,0,0,42.68,-91.92,42.68,-91.92,0,0,0,0,0,65,0,0,0
636033,2018,5,25,"2018-05-25","19:05:00",3,"ID",16,0,1.75,0,0,0,0,43.39,-116.74,43.5318,-116.8192,0,0,0,0,0,73,0,0,0
636034,2018,5,25,"2018-05-25","19:09:00",3,"TX",48,0,1,0,0,0,0,31.68,-98.79,31.68,-98.79,0,0,0,0,0,49,0,0,0
636035,2018,5,25,"2018-05-25","19:30:00",3,"IA",19,0,0.88,0,0,0,0,43.29,-93.14,43.29,-93.14,0,0,0,0,0,195,0,0,0
636036,2018,5,25,"2018-05-25","19:30:00",3,"ID",16,0,2,0,0,0,0,43.63,-116.68,43.7436,-116.7445,0,0,0,0,0,27,0,0,0
636037,2018,5,25,"2018-05-25","19:40:00",3,"OK",40,0,1.25,0,0,0,0,35.14,-99.59,35.14,-99.59,0,0,0,0,0,9,0,0,0
636038,2018,5,25,"2018-05-25","19:45:00",3,"ID",16,0,1.75,0,0,0,0,44.99,-116.28,45.0259,-116.2999,0,0,0,0,0,3,0,0,0
636039,2018,5,25,"2018-05-25","19:49:00",3,"IA",19,0,0.88,0,0,0,0,41.52,-93.1,41.52,-93.1,0,0,0,0,0,99,0,0,0
636040,2018,5,25,"2018-05-25","20:05:00",3,"IA",19,0,0.88,0,0,0,0,41.41,-93.01,41.41,-93.01,0,0,0,0,0,125,0,0,0
636041,2018,5,25,"2018-05-25","20:15:00",3,"OK",40,0,1,0,0,0,0,34.88,-99.68,34.88,-99.68,0,0,0,0,0,55,0,0,0
636042,2018,5,25,"2018-05-25","20:55:00",3,"TX",48,0,1,0,0,0,0,30.73,-99.17,30.73,-99.17,0,0,0,0,0,319,0,0,0
636043,2018,5,25,"2018-05-25","21:25:00",3,"OR",41,0,1,0,0,0,0,45.56,-116.83,45.56,-116.83,0,0,0,0,0,63,0,0,0
636044,2018,5,25,"2018-05-25","21:49:00",3,"IA",19,0,0.75,0,0,0,0,42.39,-91.53,42.39,-91.53,0,0,0,0,0,55,0,0,0
636045,2018,5,25,"2018-05-25","23:58:00",3,"IA",19,0,0.75,0,0,0,0,41.99,-91.96,41.99,-91.96,0,0,0,0,0,11,0,0,0
636046,2018,5,26,"2018-05-26","00:09:00",3,"IA",19,0,1,0,0,0,0,41.77,-92.09,41.77,-92.09,0,0,0,0,0,95,0,0,0
636047,2018,5,26,"2018-05-26","10:29:00",3,"MI",26,0,1,0,0,0,0,46.54,-87.55,46.54,-87.55,0,0,0,0,0,103,0,0,0
636048,2018,5,26,"2018-05-26","10:30:00",3,"MI",26,0,1,0,0,0,0,46.56,-87.63,46.56,-87.63,0,0,0,0,0,103,0,0,0
636049,2018,5,26,"2018-05-26","10:30:00",3,"MI",26,0,0.75,0,0,0,0,46.54,-87.51,46.54,-87.51,0,0,0,0,0,103,0,0,0
636050,2018,5,26,"2018-05-26","10:33:00",3,"MI",26,0,1,0,0,0,0,46.51,-87.61,46.51,-87.61,0,0,0,0,0,103,0,0,0
636051,2018,5,26,"2018-05-26","12:45:00",3,"MI",26,0,0.88,0,0,0,0,46.51,-87.66,46.51,-87.66,0,0,0,0,0,103,0,0,0
636052,2018,5,26,"2018-05-26","13:49:00",3,"MI",26,0,1,0,0,0,0,46.66,-88.37,46.66,-88.37,0,0,0,0,0,13,0,0,0
636053,2018,5,26,"2018-05-26","14:05:00",3,"MI",26,0,1.75,0,0,0,0,46.11,-87.78,46.11,-87.78,0,0,0,0,0,43,0,0,0
636054,2018,5,26,"2018-05-26","14:10:00",3,"MI",26,0,1,0,0,0,0,45.98,-87.7,45.98,-87.7,0,0,0,0,0,43,0,0,0
636055,2018,5,26,"2018-05-26","14:10:00",3,"MI",26,0,2,0,0,0,0,45.94,-87.62,45.94,-87.62,0,0,0,0,0,43,0,0,0
636056,2018,5,26,"2018-05-26","14:11:00",3,"MI",26,0,1,0,0,0,0,44.3,-85.11,44.3,-85.11,0,0,0,0,0,113,0,0,0
636057,2018,5,26,"2018-05-26","14:14:00",3,"LA",22,0,1,0,0,0,0,32.3,-91.94,32.3,-91.94,0,0,0,0,0,83,0,0,0
636058,2018,5,26,"2018-05-26","14:40:00",3,"MI",26,0,1,0,0,0,0,44.36,-84.68,44.36,-84.68,0,0,0,0,0,143,0,0,0
636059,2018,5,26,"2018-05-26","14:53:00",3,"MI",26,0,1,0,0,0,0,45,-83.76,45,-83.76,0,0,0,0,0,7,0,0,0
636060,2018,5,26,"2018-05-26","14:55:00",3,"MO",29,0,1,0,0,0,0,39.65,-93.44,39.65,-93.44,0,0,0,0,0,117,0,0,0
636061,2018,5,26,"2018-05-26","14:55:00",3,"MI",26,0,1.75,0,0,0,0,45.71,-87.44,45.71,-87.44,0,0,0,0,0,109,0,0,0
636062,2018,5,26,"2018-05-26","15:02:00",3,"MI",26,0,1,0,0,0,0,46.41,-87.98,46.41,-87.98,0,0,0,0,0,103,0,0,0
636063,2018,5,26,"2018-05-26","15:03:00",3,"IL",17,0,0.75,0,0,0,0,40.29,-90.92,40.29,-90.92,0,0,0,0,0,67,0,0,0
636064,2018,5,26,"2018-05-26","15:03:00",3,"MO",29,0,1.25,0,0,0,0,39.74,-94.24,39.74,-94.24,0,0,0,0,0,49,0,0,0
636065,2018,5,26,"2018-05-26","15:08:00",3,"MI",26,0,1.25,0,0,5000,0,44.9086,-84.7196,44.8777,-84.6889,0,0,0,0,0,137,0,0,0
636066,2018,5,26,"2018-05-26","15:09:00",3,"ID",16,0,1,0,0,2000,0,45.3795,-113.9709,45.3795,-113.9709,0,0,0,0,0,59,0,0,0
636067,2018,5,26,"2018-05-26","15:13:00",3,"MI",26,0,1,0,0,0,0,45.71,-87.6,45.71,-87.6,0,0,0,0,0,109,0,0,0
636068,2018,5,26,"2018-05-26","15:18:00",3,"IL",17,0,1,0,0,0,0,40.35,-90.92,40.35,-90.92,0,0,0,0,0,67,0,0,0
636069,2018,5,26,"2018-05-26","15:21:00",3,"MI",26,0,1,0,0,0,0,45.7,-87.51,45.7,-87.51,0,0,0,0,0,109,0,0,0
636070,2018,5,26,"2018-05-26","15:25:00",3,"IL",17,0,1,0,0,0,0,40.29,-90.93,40.29,-90.93,0,0,0,0,0,67,0,0,0
636071,2018,5,26,"2018-05-26","15:25:00",3,"IL",17,0,1,0,0,0,0,40.29,-90.94,40.29,-90.94,0,0,0,0,0,67,0,0,0
636072,2018,5,26,"2018-05-26","15:32:00",3,"IL",17,0,1,0,0,0,0,40.35,-90.94,40.35,-90.94,0,0,0,0,0,67,0,0,0
636073,2018,5,26,"2018-05-26","15:39:00",3,"IL",17,0,0.75,0,0,0,0,40.34,-90.97,40.34,-90.97,0,0,0,0,0,67,0,0,0
636074,2018,5,26,"2018-05-26","15:40:00",3,"ID",16,0,1,0,0,0,0,42.53,-113.78,42.53,-113.78,0,0,0,0,0,31,0,0,0
636075,2018,5,26,"2018-05-26","15:41:00",3,"MI",26,0,1,0,0,0,0,45.02,-84.64,45.02,-84.64,0,0,0,0,0,137,0,0,0
636076,2018,5,26,"2018-05-26","15:44:00",3,"MO",29,0,1,0,0,0,0,39.59,-95.03,39.59,-95.03,0,0,0,0,0,21,0,0,0
636077,2018,5,26,"2018-05-26","15:45:00",3,"ID",16,0,1,0,0,0,0,42.57,-113.75,42.57,-113.75,0,0,0,0,0,67,0,0,0
636078,2018,5,26,"2018-05-26","15:57:00",3,"MO",29,0,1.25,0,0,0,0,39.59,-95.02,39.59,-95.02,0,0,0,0,0,21,0,0,0
636079,2018,5,26,"2018-05-26","16:00:00",3,"MS",28,0,1,0,0,0,0,31.23,-89.82,31.23,-89.82,0,0,0,0,0,91,0,0,0
636080,2018,5,26,"2018-05-26","16:00:00",3,"MI",26,0,1,0,0,0,0,44.08,-84.58,44.08,-84.58,0,0,0,0,0,51,0,0,0
636081,2018,5,26,"2018-05-26","16:05:00",3,"MO",29,0,1.5,0,0,0,0,39.59,-95.03,39.59,-95.03,0,0,0,0,0,21,0,0,0
636082,2018,5,26,"2018-05-26","16:05:00",3,"ID",16,0,1,0,0,0,0,42.62,-113.67,42.62,-113.67,0,0,0,0,0,67,0,0,0
636083,2018,5,26,"2018-05-26","16:15:00",3,"MI",26,0,0.75,0,0,0,0,45.36,-87.43,45.36,-87.43,0,0,0,0,0,109,0,0,0
636084,2018,5,26,"2018-05-26","16:20:00",3,"TX",48,0,1.75,0,0,0,0,30.79,-94.39,30.79,-94.39,0,0,0,0,0,457,0,0,0
636085,2018,5,26,"2018-05-26","16:35:00",3,"MS",28,0,1,0,0,0,0,33.28,-89.79,33.28,-89.79,0,0,0,0,0,15,0,0,0
636086,2018,5,26,"2018-05-26","16:40:00",3,"IL",17,0,1,0,0,0,0,40.92,-90.28,40.92,-90.28,0,0,0,0,0,95,0,0,0
636087,2018,5,26,"2018-05-26","16:42:00",3,"IL",17,0,1,0,0,0,0,40.0275,-91.0889,40.0323,-90.9779,0,0,0,0,0,1,0,0,0
636088,2018,5,26,"2018-05-26","16:52:00",3,"TX",48,0,1.5,0,0,0,0,30.27,-94.03,30.27,-94.03,0,0,0,0,0,241,0,0,0
636089,2018,5,26,"2018-05-26","17:23:00",3,"TX",48,0,1,0,0,0,0,30.1,-94.19,30.1,-94.19,0,0,0,0,0,245,0,0,0
636090,2018,5,26,"2018-05-26","17:25:00",3,"TX",48,0,1.75,0,0,0,0,30.12,-94.17,30.12,-94.17,0,0,0,0,0,245,0,0,0
636091,2018,5,26,"2018-05-26","17:40:00",3,"MO",29,0,1,0,0,0,0,40.1345,-91.72,40.1345,-91.72,0,0,0,0,0,111,0,0,0
636092,2018,5,26,"2018-05-26","17:54:00",3,"MT",30,0,1,0,0,0,0,45.8389,-111.9116,45.8389,-111.9116,0,0,0,0,0,43,0,0,0
636093,2018,5,26,"2018-05-26","17:55:00",3,"MT",30,0,1,0,0,0,0,47.4898,-112.3649,47.4898,-112.3649,0,0,0,0,0,49,0,0,0
636094,2018,5,26,"2018-05-26","17:56:00",3,"MO",29,0,1.75,0,0,0,0,40.05,-91.5,39.9544,-91.6027,0,0,0,0,0,111,0,0,0
636095,2018,5,26,"2018-05-26","17:58:00",3,"TX",48,0,1,0,0,0,0,29.49,-95.31,29.49,-95.31,0,0,0,0,0,39,0,0,0
636096,2018,5,26,"2018-05-26","18:00:00",3,"NV",32,0,0.5,0,0,5e+06,0,40.71,-115.98,40.71,-115.98,0,0,0,0,0,7,0,0,0
636097,2018,5,26,"2018-05-26","18:32:00",3,"MT",30,0,1,0,0,0,0,45.8223,-111.854,45.8223,-111.854,0,0,0,0,0,43,0,0,0
636098,2018,5,26,"2018-05-26","18:36:00",3,"WI",55,0,1.75,0,0,0,0,44.9791,-87.1845,44.9791,-87.1845,0,0,0,0,0,29,0,0,0
636099,2018,5,26,"2018-05-26","18:49:00",3,"MO",29,0,1,0,0,0,0,39.8416,-91.7426,39.8416,-91.7426,0,0,0,0,0,127,0,0,0
636100,2018,5,26,"2018-05-26","18:51:00",3,"MT",30,0,2.5,0,0,0,0,47.54,-106.27,47.54,-106.27,0,0,0,0,0,33,0,0,0
636101,2018,5,26,"2018-05-26","19:02:00",3,"WI",55,0,1,0,0,0,0,45.06,-87.13,45.06,-87.13,0,0,0,0,0,29,0,0,0
636102,2018,5,26,"2018-05-26","19:09:00",3,"MT",30,0,2,0,0,0,0,47.59,-106.2,47.59,-106.2,0,0,0,0,0,55,0,0,0
636103,2018,5,26,"2018-05-26","19:10:00",3,"MT",30,0,1.75,0,0,0,0,47.56,-106.22,47.56,-106.22,0,0,0,0,0,55,0,0,0
636104,2018,5,26,"2018-05-26","19:13:00",3,"MT",30,0,2.5,0,0,0,0,47.62,-106.23,47.62,-106.23,0,0,0,0,0,55,0,0,0
636105,2018,5,26,"2018-05-26","19:50:00",3,"TX",48,0,1,0,0,0,0,29.9623,-95.3312,29.9623,-95.3312,0,0,0,0,0,201,0,0,0
636106,2018,5,26,"2018-05-26","20:05:00",3,"MT",30,0,1,0,0,0,0,45.66,-110.4,45.66,-110.4,0,0,0,0,0,67,0,0,0
636107,2018,5,26,"2018-05-26","20:12:00",3,"MT",30,0,1,0,0,0,0,48.02,-106.16,48.02,-106.16,0,0,0,0,0,55,0,0,0
636108,2018,5,26,"2018-05-26","20:27:00",3,"TX",48,0,0.75,0,0,0,0,29.49,-95.31,29.49,-95.31,0,0,0,0,0,39,0,0,0
636109,2018,5,26,"2018-05-26","20:36:00",3,"MT",30,0,1.5,0,0,0,0,47.35,-105.68,47.35,-105.68,0,0,0,0,0,55,0,0,0
636110,2018,5,26,"2018-05-26","21:06:00",3,"MT",30,0,1,0,0,0,0,47.41,-105.59,47.41,-105.59,0,0,0,0,0,55,0,0,0
636111,2018,5,26,"2018-05-26","21:08:00",3,"MT",30,0,1,0,0,0,0,45.81,-109.54,45.81,-109.54,0,0,0,0,0,95,0,0,0
636112,2018,5,26,"2018-05-26","21:08:00",3,"TX",48,0,0.75,0,0,0,0,29.17,-95.44,29.17,-95.44,0,0,0,0,0,39,0,0,0
636113,2018,5,26,"2018-05-26","21:25:00",3,"MT",30,0,1.5,0,0,0,0,47.42,-105.6,47.42,-105.6,0,0,0,0,0,55,0,0,0
636114,2018,5,26,"2018-05-26","21:30:00",3,"MT",30,0,1.75,0,0,0,0,47.57,-105.07,47.57,-105.07,0,0,0,0,0,21,0,0,0
636115,2018,5,26,"2018-05-26","21:35:00",3,"MT",30,0,1.5,0,0,0,0,47.37,-105.56,47.37,-105.56,0,0,0,0,0,55,0,0,0
636116,2018,5,26,"2018-05-26","21:40:00",3,"MT",30,0,1,0,0,0,0,47.64,-105.05,47.64,-105.05,0,0,0,0,0,21,0,0,0
636117,2018,5,26,"2018-05-26","22:05:00",3,"MT",30,0,1.5,0,0,0,0,47.53,-105.04,47.53,-105.04,0,0,0,0,0,21,0,0,0
636118,2018,5,26,"2018-05-26","22:30:00",3,"MT",30,0,1,0,0,0,0,47.28,-105.33,47.28,-105.33,0,0,0,0,0,21,0,0,0
636119,2018,5,26,"2018-05-26","23:02:00",3,"IL",17,0,1,0,0,0,0,38.9698,-90.1934,38.9698,-90.1934,0,0,0,0,0,119,0,0,0
636120,2018,5,26,"2018-05-26","23:05:00",3,"MT",30,0,1.5,0,0,0,0,47.36,-104.81,47.36,-104.81,0,0,0,0,0,21,0,0,0
636121,2018,5,26,"2018-05-26","23:55:00",3,"MO",29,0,0.88,0,0,0,0,38.809,-90.357,38.809,-90.357,0,0,0,0,0,189,0,0,0
636122,2018,5,27,"2018-05-27","00:31:00",3,"WY",56,0,0.75,0,0,0,0,44.68,-106.99,44.68,-106.99,0,0,0,0,0,33,0,0,0
636123,2018,5,27,"2018-05-27","01:07:00",3,"MO",29,0,1,0,0,0,0,38.6014,-90.2949,38.5737,-90.2665,0,0,0,0,0,510,0,0,0
636124,2018,5,27,"2018-05-27","01:15:00",3,"MO",29,0,1,0,0,0,0,38.6119,-90.3266,38.6069,-90.3259,0,0,0,0,0,189,0,0,0
636125,2018,5,27,"2018-05-27","13:00:00",3,"IL",17,0,1,0,0,0,0,39.42,-89.47,39.42,-89.47,0,0,0,0,0,21,0,0,0
636126,2018,5,27,"2018-05-27","13:03:00",3,"IL",17,0,0.88,0,0,0,0,40.46,-91.19,40.46,-91.19,0,0,0,0,0,67,0,0,0
636127,2018,5,27,"2018-05-27","13:34:00",3,"IL",17,0,1,0,0,0,0,39.88,-89.6,39.88,-89.6,0,0,0,0,0,167,0,0,0
636128,2018,5,27,"2018-05-27","13:48:00",3,"IA",19,0,1,0,0,0,0,41.6,-90.36,41.6,-90.36,0,0,0,0,0,163,0,0,0
636129,2018,5,27,"2018-05-27","13:50:00",3,"IA",19,0,1.25,0,0,0,0,41.6,-90.36,41.6,-90.36,0,0,0,0,0,163,0,0,0
636130,2018,5,27,"2018-05-27","14:05:00",3,"IA",19,0,1,0,0,0,0,41.71,-90.99,41.71,-90.99,0,0,0,0,0,31,0,0,0
636131,2018,5,27,"2018-05-27","14:10:00",3,"IA",19,0,1,0,0,0,0,41.71,-90.99,41.71,-90.99,0,0,0,0,0,31,0,0,0
636132,2018,5,27,"2018-05-27","14:14:00",3,"IL",17,0,1,0,0,0,0,40.47,-91.17,40.47,-91.17,0,0,0,0,0,67,0,0,0
636133,2018,5,27,"2018-05-27","14:17:00",3,"WY",56,0,1.75,0,0,0,0,41.14,-105.39,41.14,-105.39,0,0,0,0,0,1,0,0,0
636134,2018,5,27,"2018-05-27","14:18:00",3,"IA",19,0,1,0,0,0,0,41.72,-90.99,41.72,-90.99,0,0,0,0,0,31,0,0,0
636135,2018,5,27,"2018-05-27","14:20:00",3,"MI",26,0,0.75,0,0,0,0,44.28,-83.49,44.28,-83.49,0,0,0,0,0,69,0,0,0
636136,2018,5,27,"2018-05-27","14:20:00",3,"MI",26,0,1,0,0,0,0,44.37,-83.52,44.37,-83.52,0,0,0,0,0,69,0,0,0
636137,2018,5,27,"2018-05-27","14:21:00",3,"IA",19,0,1,0,0,0,0,41.61,-90.36,41.61,-90.36,0,0,0,0,0,163,0,0,0
636138,2018,5,27,"2018-05-27","14:31:00",3,"WY",56,0,1,0,0,0,0,41.2414,-105.4369,41.2414,-105.4369,0,0,0,0,0,1,0,0,0
636139,2018,5,27,"2018-05-27","14:34:00",3,"MO",29,0,1,0,0,0,0,38.55,-90.33,38.55,-90.33,0,0,0,0,0,189,0,0,0
636140,2018,5,27,"2018-05-27","14:35:00",3,"WY",56,0,2.5,0,0,0,0,41.15,-105.4,41.15,-105.4,0,0,0,0,0,1,0,0,0
636141,2018,5,27,"2018-05-27","14:37:00",3,"IL",17,0,1.25,0,0,0,0,39.5,-89.77,39.5,-89.77,0,0,0,0,0,117,0,0,0
636142,2018,5,27,"2018-05-27","14:40:00",3,"CO",8,0,1.5,0,0,0,0,40.53,-102.22,40.53,-102.22,0,0,0,0,0,95,0,0,0
636143,2018,5,27,"2018-05-27","14:59:00",3,"KS",20,0,1.25,0,0,0,0,37.48,-101.85,37.48,-101.85,0,0,0,0,0,187,0,0,0
636144,2018,5,27,"2018-05-27","15:15:00",3,"NE",31,0,1,0,0,0,0,40.62,-101.91,40.62,-101.91,0,0,0,0,0,29,0,0,0
636145,2018,5,27,"2018-05-27","15:16:00",3,"WY",56,0,1.75,0,0,0,0,41.21,-105.45,41.21,-105.45,0,0,0,0,0,1,0,0,0
636146,2018,5,27,"2018-05-27","15:20:00",3,"WY",56,0,1.75,0,0,0,0,41.28,-105.1,41.28,-105.1,0,0,0,0,0,21,0,0,0
636147,2018,5,27,"2018-05-27","15:25:00",3,"KS",20,0,1.25,0,0,0,0,37.67,-101.49,37.67,-101.49,0,0,0,0,0,67,0,0,0
636148,2018,5,27,"2018-05-27","15:30:00",3,"KS",20,0,1,0,0,0,0,37.83,-101.62,37.83,-101.62,0,0,0,0,0,75,0,0,0
636149,2018,5,27,"2018-05-27","15:35:00",3,"NE",31,0,1,0,0,0,0,40.8,-101.99,40.8,-101.99,0,0,0,0,0,135,0,0,0
636150,2018,5,27,"2018-05-27","15:35:00",3,"IL",17,0,1.5,0,0,0,0,39.12,-88.586,39.12,-88.586,0,0,0,0,0,49,0,0,0
636151,2018,5,27,"2018-05-27","15:35:00",3,"IL",17,0,0.75,0,0,0,0,39.12,-88.5673,39.12,-88.5673,0,0,0,0,0,49,0,0,0
636152,2018,5,27,"2018-05-27","15:43:00",3,"WY",56,0,1.75,0,0,0,0,42.55,-106.98,42.59,-106.87,0,0,0,0,0,25,0,0,0
636153,2018,5,27,"2018-05-27","15:45:00",3,"KS",20,0,1,0,0,0,0,37.93,-101.52,37.93,-101.52,0,0,0,0,0,93,0,0,0
636154,2018,5,27,"2018-05-27","15:48:00",3,"NE",31,0,1.5,0,0,0,0,41.04,-101.92,41.04,-101.92,0,0,0,0,0,101,0,0,0
636155,2018,5,27,"2018-05-27","15:48:00",3,"NE",31,0,1,0,0,0,0,41.1,-101.89,41.1,-101.89,0,0,0,0,0,101,0,0,0
636156,2018,5,27,"2018-05-27","15:50:00",3,"WY",56,0,1.75,0,0,0,0,42.8483,-106.3082,42.8218,-106.4056,0,0,0,0,0,25,0,0,0
636157,2018,5,27,"2018-05-27","15:55:00",3,"NE",31,0,1.25,0,0,0,0,40.84,-101.73,40.84,-101.73,0,0,0,0,0,135,0,0,0
636158,2018,5,27,"2018-05-27","15:59:00",3,"CO",8,0,1,0,0,0,0,40.3532,-102.078,40.3532,-102.078,0,0,0,0,0,125,0,0,0
636159,2018,5,27,"2018-05-27","16:00:00",3,"NE",31,0,1,0,0,0,0,41.11,-101.87,41.11,-101.87,0,0,0,0,0,101,0,0,0
636160,2018,5,27,"2018-05-27","16:01:00",3,"NE",31,0,1.5,0,0,0,0,40.84,-101.71,40.84,-101.71,0,0,0,0,0,135,0,0,0
636161,2018,5,27,"2018-05-27","16:02:00",3,"KS",20,0,0.75,0,0,0,0,37.85,-101.69,37.85,-101.69,0,0,0,0,0,75,0,0,0
636162,2018,5,27,"2018-05-27","16:10:00",3,"WY",56,0,1,0,0,0,0,41.14,-105.23,41.14,-105.23,0,0,0,0,0,21,0,0,0
636163,2018,5,27,"2018-05-27","16:15:00",3,"NE",31,0,1.5,0,0,0,0,41.09,-101.7,41.09,-101.7,0,0,0,0,0,101,0,0,0
636164,2018,5,27,"2018-05-27","16:16:00",3,"KS",20,0,1.5,0,0,0,0,38.4544,-101.6798,38.4544,-101.6798,0,0,0,0,0,71,0,0,0
636165,2018,5,27,"2018-05-27","16:18:00",3,"NE",31,0,1,0,0,0,0,40.84,-101.78,40.84,-101.78,0,0,0,0,0,135,0,0,0
636166,2018,5,27,"2018-05-27","16:19:00",3,"CO",8,0,0.75,0,0,0,0,40.26,-103.63,40.26,-103.63,0,0,0,0,0,87,0,0,0
636167,2018,5,27,"2018-05-27","16:25:00",3,"CO",8,0,0.75,0,0,0,0,39.76,-103.22,39.76,-103.22,0,0,0,0,0,121,0,0,0
636168,2018,5,27,"2018-05-27","16:29:00",3,"MO",29,0,1,0,0,0,0,38.8987,-91.4828,38.8825,-91.421,0,0,0,0,0,139,0,0,0
636169,2018,5,27,"2018-05-27","16:30:00",3,"NE",31,0,1,0,0,0,0,40.89,-101.73,40.89,-101.73,0,0,0,0,0,135,0,0,0
636170,2018,5,27,"2018-05-27","16:40:00",3,"WY",56,0,1,0,0,0,0,42.8177,-105.757,42.8177,-105.757,0,0,0,0,0,9,0,0,0
636171,2018,5,27,"2018-05-27","16:44:00",3,"IN",18,0,1,0,0,0,0,38.38,-87.22,38.38,-87.22,0,0,0,0,0,125,0,0,0
636172,2018,5,27,"2018-05-27","16:46:00",3,"NE",31,0,1.5,0,0,0,0,40.84,-101.59,40.84,-101.59,0,0,0,0,0,135,0,0,0
636173,2018,5,27,"2018-05-27","16:50:00",3,"MO",29,0,1.25,0,0,0,0,39.6936,-91.5478,39.6966,-91.5746,0,0,0,0,0,127,0,0,0
636174,2018,5,27,"2018-05-27","16:53:00",3,"MO",29,0,1,0,0,0,0,40.1441,-92.0094,40.1441,-92.0094,0,0,0,0,0,103,0,0,0
636175,2018,5,27,"2018-05-27","16:55:00",3,"IL",17,0,1,0,0,0,0,38.9205,-90.0037,38.9205,-90.0037,0,0,0,0,0,119,0,0,0
636176,2018,5,27,"2018-05-27","17:05:00",3,"KS",20,0,0.88,0,0,0,0,39.0023,-101.2692,39.0023,-101.2692,0,0,0,0,0,109,0,0,0
636177,2018,5,27,"2018-05-27","17:15:00",3,"TX",48,0,1,0,0,0,0,36.26,-101.41,36.26,-101.41,0,0,0,0,0,195,0,0,0
636178,2018,5,27,"2018-05-27","17:20:00",3,"IL",17,0,1.5,0,0,0,0,38.6282,-89.8746,38.6001,-89.8051,0,0,0,0,0,163,0,0,0
636179,2018,5,27,"2018-05-27","17:34:00",3,"KS",20,0,1.75,0,0,0,0,39.3912,-101.1303,39.3912,-101.1303,0,0,0,0,0,193,0,0,0
636180,2018,5,27,"2018-05-27","17:38:00",3,"CO",8,0,1,0,0,0,0,40.81,-103.31,40.81,-103.31,0,0,0,0,0,75,0,0,0
636181,2018,5,27,"2018-05-27","17:40:00",3,"CO",8,0,1,0,0,0,0,40.63,-103.61,40.63,-103.61,0,0,0,0,0,123,0,0,0
636182,2018,5,27,"2018-05-27","17:40:00",3,"IL",17,0,1,0,0,0,0,38.4234,-89.5411,38.4365,-89.5591,0,0,0,0,0,189,0,0,0
636183,2018,5,27,"2018-05-27","17:47:00",3,"KS",20,0,1.5,0,0,0,0,39.5286,-101.1473,39.5286,-101.1473,0,0,0,0,0,193,0,0,0
636184,2018,5,27,"2018-05-27","17:50:00",3,"WY",56,0,0.88,0,0,0,0,41.76,-104.59,41.76,-104.59,0,0,0,0,0,15,0,0,0
636185,2018,5,27,"2018-05-27","17:51:00",3,"MT",30,0,1,0,0,0,0,45.7,-108.78,45.7,-108.78,0,0,0,0,0,111,0,0,0
636186,2018,5,27,"2018-05-27","18:05:00",3,"KS",20,0,1,0,0,0,0,39.7856,-101.3702,39.7856,-101.3702,0,0,0,0,0,153,0,0,0
636187,2018,5,27,"2018-05-27","18:07:00",3,"IN",18,0,1.75,0,0,0,0,40.9166,-87.3269,40.9166,-87.3269,0,0,0,0,0,111,0,0,0
636188,2018,5,27,"2018-05-27","18:15:00",3,"CO",8,0,1,0,0,0,0,40.86,-102.1,40.86,-102.1,0,0,0,0,0,115,0,0,0
636189,2018,5,27,"2018-05-27","18:40:00",3,"KS",20,0,1,0,0,0,0,39.786,-101.3706,39.786,-101.3706,0,0,0,0,0,153,0,0,0
636190,2018,5,27,"2018-05-27","19:00:00",3,"TX",48,0,1.75,0,0,0,0,35.52,-100.99,35.52,-100.99,0,0,0,0,0,179,0,0,0
636191,2018,5,27,"2018-05-27","19:03:00",3,"NE",31,0,1,0,0,0,0,41.83,-103.67,41.83,-103.67,0,0,0,0,0,157,0,0,0
636192,2018,5,27,"2018-05-27","19:07:00",3,"TX",48,0,0.75,0,0,0,0,35.58,-101.18,35.58,-101.18,0,0,0,0,0,65,0,0,0
636193,2018,5,27,"2018-05-27","19:08:00",3,"CO",8,0,1.5,0,0,0,0,39.301,-102.424,39.301,-102.424,0,0,0,0,0,63,0,0,0
636194,2018,5,27,"2018-05-27","19:09:00",3,"CO",8,0,1.75,0,0,0,0,39.304,-102.4245,39.304,-102.4245,0,0,0,0,0,63,0,0,0
636195,2018,5,27,"2018-05-27","19:10:00",3,"TX",48,0,1,0,0,0,0,35.58,-101.17,35.58,-101.17,0,0,0,0,0,65,0,0,0
636196,2018,5,27,"2018-05-27","19:17:00",3,"TX",48,0,0.88,0,0,0,0,35.58,-101.18,35.58,-101.18,0,0,0,0,0,65,0,0,0
636197,2018,5,27,"2018-05-27","19:18:00",3,"NE",31,0,0.75,0,0,0,0,41.87,-103.66,41.87,-103.66,0,0,0,0,0,157,0,0,0
636198,2018,5,27,"2018-05-27","19:23:00",3,"CO",8,0,1.75,0,0,0,0,39.4181,-102.4293,39.4181,-102.4293,0,0,0,0,0,63,0,0,0
636199,2018,5,27,"2018-05-27","19:33:00",3,"TX",48,0,1.75,0,0,0,0,35.57,-101.17,35.57,-101.17,0,0,0,0,0,65,0,0,0
636200,2018,5,27,"2018-05-27","19:34:00",3,"TX",48,0,1,0,0,0,0,35.58,-101.18,35.58,-101.18,0,0,0,0,0,65,0,0,0
636201,2018,5,27,"2018-05-27","19:35:00",3,"CO",8,0,1,0,0,0,0,39.5058,-102.5848,39.5058,-102.5848,0,0,0,0,0,63,0,0,0
636202,2018,5,27,"2018-05-27","19:36:00",3,"TX",48,0,1,0,0,0,0,35.58,-101.18,35.58,-101.18,0,0,0,0,0,65,0,0,0
636203,2018,5,27,"2018-05-27","19:40:00",3,"CO",8,0,1.25,0,0,0,0,39.4765,-102.2568,39.4765,-102.2568,0,0,0,0,0,63,0,0,0
636204,2018,5,27,"2018-05-27","19:45:00",3,"SD",46,0,1,0,0,0,0,43.31,-100.5009,43.31,-100.5009,0,0,0,0,0,121,0,0,0
636205,2018,5,27,"2018-05-27","19:50:00",3,"TX",48,0,1.75,0,0,0,0,35.48,-101.08,35.48,-101.08,0,0,0,0,0,179,0,0,0
636206,2018,5,27,"2018-05-27","19:54:00",3,"NE",31,0,1,0,0,0,0,42.69,-103.41,42.69,-103.41,0,0,0,0,0,45,0,0,0
636207,2018,5,27,"2018-05-27","19:59:00",3,"NE",31,0,0.88,0,0,0,0,42.66,-103.48,42.66,-103.48,0,0,0,0,0,45,0,0,0
636208,2018,5,27,"2018-05-27","20:00:00",3,"TX",48,0,1.75,0,0,0,0,35.52,-100.99,35.52,-100.99,0,0,0,0,0,179,0,0,0
636209,2018,5,27,"2018-05-27","20:15:00",3,"TX",48,0,2,0,0,0,0,35.55,-101.02,35.55,-101.02,0,0,0,0,0,179,0,0,0
636210,2018,5,27,"2018-05-27","20:17:00",3,"TX",48,0,2.75,0,0,0,0,35.55,-100.96,35.55,-100.96,0,0,0,0,0,179,0,0,0
636211,2018,5,27,"2018-05-27","20:20:00",3,"TX",48,0,2.75,0,0,0,0,35.52,-100.95,35.52,-100.95,0,0,0,0,0,179,0,0,0
636212,2018,5,27,"2018-05-27","20:22:00",3,"TX",48,0,1.75,0,0,0,0,35.46,-100.97,35.46,-100.97,0,0,0,0,0,179,0,0,0
636213,2018,5,27,"2018-05-27","20:23:00",3,"SD",46,0,1,0,0,0,0,43.18,-103.23,43.18,-103.23,0,0,0,0,0,47,0,0,0
636214,2018,5,27,"2018-05-27","20:25:00",3,"TX",48,0,2.5,0,0,0,0,35.53,-100.96,35.53,-100.96,0,0,0,0,0,179,0,0,0
636215,2018,5,27,"2018-05-27","20:26:00",3,"TX",48,0,1.75,0,0,0,0,35.55,-100.98,35.55,-100.98,0,0,0,0,0,179,0,0,0
636216,2018,5,27,"2018-05-27","20:40:00",3,"CO",8,0,1.75,0,0,0,0,39.6301,-102.1442,39.6301,-102.1442,0,0,0,0,0,125,0,0,0
636217,2018,5,27,"2018-05-27","20:40:00",3,"CO",8,0,1.75,0,0,0,0,39.6344,-102.162,39.6344,-102.162,0,0,0,0,0,125,0,0,0
636218,2018,5,27,"2018-05-27","20:51:00",3,"KS",20,0,1,0,0,0,0,39.873,-101.9237,39.873,-101.9237,0,0,0,0,0,23,0,0,0
636219,2018,5,27,"2018-05-27","22:42:00",3,"SD",46,0,1,0,0,0,0,44.56,-99.87,44.56,-99.87,0,0,0,0,0,119,0,0,0
636220,2018,5,28,"2018-05-28","02:27:00",3,"SD",46,0,1,0,0,0,0,45.45,-97.92,45.45,-97.92,0,0,0,0,0,37,0,0,0
636221,2018,5,28,"2018-05-28","07:30:00",3,"MN",27,0,0.75,0,0,0,0,46.61,-93.37,46.61,-93.37,0,0,0,0,0,1,0,0,0
636222,2018,5,28,"2018-05-28","11:52:00",3,"KS",20,0,2.5,0,0,0,0,39.2799,-99.8476,39.2799,-99.8476,0,0,0,0,0,65,0,0,0
636223,2018,5,28,"2018-05-28","12:24:00",3,"KS",20,0,1,0,0,0,0,39.03,-100.11,39.03,-100.11,0,0,0,0,0,195,0,0,0
636224,2018,5,28,"2018-05-28","12:31:00",3,"KS",20,0,1,0,0,0,0,39.36,-99.69,39.36,-99.69,0,0,0,0,0,65,0,0,0
636225,2018,5,28,"2018-05-28","12:49:00",3,"KS",20,0,1,0,0,0,0,39.89,-99.08,39.89,-99.08,0,0,0,0,0,147,0,0,0
636226,2018,5,28,"2018-05-28","13:04:00",3,"KS",20,0,0.75,0,0,0,0,39.709,-99.42,39.709,-99.42,0,0,0,0,0,147,0,0,0
636227,2018,5,28,"2018-05-28","13:30:00",3,"KS",20,0,1.75,0,0,0,0,39.0579,-100.2415,39.0579,-100.2415,0,0,0,0,0,63,0,0,0
636228,2018,5,28,"2018-05-28","13:43:00",3,"IA",19,0,1,0,0,0,0,41.89,-93.39,41.89,-93.39,0,0,0,0,0,169,0,0,0
636229,2018,5,28,"2018-05-28","14:02:00",3,"IA",19,0,1,0,0,0,0,41.89,-93.31,41.89,-93.31,0,0,0,0,0,169,0,0,0
636230,2018,5,28,"2018-05-28","14:12:00",3,"KS",20,0,1.5,0,0,0,0,39.1884,-100.088,39.1884,-100.088,0,0,0,0,0,65,0,0,0
636231,2018,5,28,"2018-05-28","14:34:00",3,"MO",29,0,0.88,0,0,0,0,39.97,-94.24,39.97,-94.24,0,0,0,0,0,63,0,0,0
636232,2018,5,28,"2018-05-28","14:35:00",3,"MN",27,0,0.88,0,0,0,0,44.59,-93.66,44.59,-93.66,0,0,0,0,0,139,0,0,0
636233,2018,5,28,"2018-05-28","14:46:00",3,"CO",8,0,1,0,0,0,0,39.58,-105.4,39.58,-105.4,0,0,0,0,0,19,0,0,0
636234,2018,5,28,"2018-05-28","14:48:00",3,"MO",29,0,1,0,0,0,0,36.92,-93.93,36.92,-93.93,0,0,0,0,0,9,0,0,0
636235,2018,5,28,"2018-05-28","14:49:00",3,"KS",20,0,1.5,0,0,0,0,39.0681,-100.2383,39.0681,-100.2383,0,0,0,0,0,63,0,0,0
636236,2018,5,28,"2018-05-28","14:50:00",3,"MO",29,0,0.88,0,0,0,0,38.25,-93.36,38.25,-93.36,0,0,0,0,0,15,0,0,0
636237,2018,5,28,"2018-05-28","14:50:00",3,"MO",29,0,0.75,0,0,0,0,39.09,-94.42,39.09,-94.42,0,0,0,0,0,95,0,0,0
636238,2018,5,28,"2018-05-28","14:52:00",3,"IA",19,0,1,0,0,5000,0,42.11,-93.18,42.11,-93.18,0,0,0,0,0,127,0,0,0
636239,2018,5,28,"2018-05-28","14:52:00",3,"KS",20,0,1.25,0,0,0,0,39.11,-100.09,39.11,-100.09,0,0,0,0,0,195,0,0,0
636240,2018,5,28,"2018-05-28","14:53:00",3,"CO",8,0,1,0,0,0,0,39.62,-105.34,39.62,-105.34,0,0,0,0,0,59,0,0,0
636241,2018,5,28,"2018-05-28","14:58:00",3,"CO",8,0,1.25,0,0,0,0,39.63,-105.34,39.63,-105.34,0,0,0,0,0,59,0,0,0
636242,2018,5,28,"2018-05-28","14:58:00",3,"CO",8,0,1,0,0,0,0,39.01,-105.06,39.01,-105.06,0,0,0,0,0,119,0,0,0
636243,2018,5,28,"2018-05-28","15:00:00",3,"MN",27,0,1,0,0,0,0,44.73,-93.54,44.73,-93.54,0,0,0,0,0,139,0,0,0
636244,2018,5,28,"2018-05-28","15:05:00",3,"MN",27,0,0.75,0,0,0,0,44.7,-93.53,44.7,-93.53,0,0,0,0,0,139,0,0,0
636245,2018,5,28,"2018-05-28","15:27:00",3,"CO",8,0,1,0,0,0,0,38.68,-104.71,38.68,-104.71,0,0,0,0,0,41,0,0,0
636246,2018,5,28,"2018-05-28","15:28:00",3,"KS",20,0,1.75,0,0,0,0,38.644,-101.5379,38.644,-101.5379,0,0,0,0,0,203,0,0,0
636247,2018,5,28,"2018-05-28","15:30:00",3,"MO",29,0,1,0,0,0,0,39.79,-93.55,39.79,-93.55,0,0,0,0,0,117,0,0,0
636248,2018,5,28,"2018-05-28","15:33:00",3,"ND",38,0,1,0,0,0,0,46.54,-102.87,46.54,-102.87,0,0,0,0,0,41,0,0,0
636249,2018,5,28,"2018-05-28","15:33:00",3,"CO",8,0,1.25,0,0,0,0,38.67,-104.67,38.67,-104.67,0,0,0,0,0,41,0,0,0
636250,2018,5,28,"2018-05-28","15:43:00",3,"MO",29,0,0.88,0,0,0,0,40.4,-93.58,40.4,-93.58,0,0,0,0,0,129,0,0,0
636251,2018,5,28,"2018-05-28","15:45:00",3,"KS",20,0,1,0,0,0,0,38.63,-100.27,38.63,-100.27,0,0,0,0,0,101,0,0,0
636252,2018,5,28,"2018-05-28","15:49:00",3,"IA",19,0,1,0,0,0,0,41.53,-93.53,41.53,-93.53,0,0,0,0,0,153,0,0,0
636253,2018,5,28,"2018-05-28","15:55:00",3,"KS",20,0,1,0,0,0,0,39.061,-101.2447,39.061,-101.2447,0,0,0,0,0,109,0,0,0
636254,2018,5,28,"2018-05-28","16:00:00",3,"IL",17,0,0.75,0,0,0,0,40.32,-88.388,40.32,-88.388,0,0,0,0,0,19,0,0,0
636255,2018,5,28,"2018-05-28","16:07:00",3,"KS",20,0,0.88,0,0,0,0,39.0703,-100.3663,39.0703,-100.3663,0,0,0,0,0,63,0,0,0
636256,2018,5,28,"2018-05-28","16:10:00",3,"IA",19,0,1,0,0,0,0,42.94,-93.61,42.94,-93.61,0,0,0,0,0,81,0,0,0
636257,2018,5,28,"2018-05-28","16:15:00",3,"KS",20,0,1,0,0,0,0,37.42,-101.65,37.42,-101.65,0,0,0,0,0,187,0,0,0
636258,2018,5,28,"2018-05-28","16:17:00",3,"MN",27,0,0.75,0,0,0,0,45.14,-93.15,45.14,-93.15,0,0,0,0,0,3,0,0,0
636259,2018,5,28,"2018-05-28","16:20:00",3,"CO",8,0,1,0,0,0,0,39.66,-105.12,39.66,-105.12,0,0,0,0,0,59,0,0,0
636260,2018,5,28,"2018-05-28","16:21:00",3,"KS",20,0,0.88,0,0,0,0,38.9701,-100.4834,38.9701,-100.4834,0,0,0,0,0,63,0,0,0
636261,2018,5,28,"2018-05-28","16:22:00",3,"KS",20,0,0.88,0,0,0,0,38.9584,-100.5527,38.9584,-100.5527,0,0,0,0,0,63,0,0,0
636262,2018,5,28,"2018-05-28","16:23:00",3,"KS",20,0,1,0,0,0,0,39.3601,-101.055,39.3601,-101.055,0,0,0,0,0,193,0,0,0
636263,2018,5,28,"2018-05-28","16:25:00",3,"MN",27,0,0.75,0,0,0,0,45.17,-93.14,45.17,-93.14,0,0,0,0,0,3,0,0,0
636264,2018,5,28,"2018-05-28","16:25:00",3,"CO",8,0,1.75,0,0,0,0,39.73,-103.13,39.73,-103.13,0,0,0,0,0,121,0,0,0
636265,2018,5,28,"2018-05-28","16:29:00",3,"CO",8,0,1,0,0,0,0,39.67,-105.1,39.67,-105.1,0,0,0,0,0,59,0,0,0
636266,2018,5,28,"2018-05-28","16:30:00",3,"KS",20,0,1,0,0,0,0,38.45,-100.6,38.45,-100.6,0,0,0,0,0,101,0,0,0
636267,2018,5,28,"2018-05-28","16:30:00",3,"KS",20,0,0.88,0,0,0,0,37,-101.89,37,-101.89,0,0,0,0,0,129,0,0,0
636268,2018,5,28,"2018-05-28","16:36:00",3,"CO",8,0,2,0,0,0,0,38.58,-104.69,38.58,-104.69,0,0,0,0,0,41,0,0,0
636269,2018,5,28,"2018-05-28","16:36:00",3,"CO",8,0,1,0,0,0,0,38.8,-104.35,38.8,-104.35,0,0,0,0,0,41,0,0,0
636270,2018,5,28,"2018-05-28","16:37:00",3,"CO",8,0,0.88,0,0,0,0,39.75,-104.87,39.75,-104.87,0,0,0,0,0,1,0,0,0
636271,2018,5,28,"2018-05-28","16:37:00",3,"CO",8,0,1,0,0,0,0,39.55,-104.97,39.55,-104.97,0,0,0,0,0,35,0,0,0
636272,2018,5,28,"2018-05-28","16:39:00",3,"TX",48,0,1,0,0,0,0,36.32,-102.1,36.32,-102.1,0,0,0,0,0,421,0,0,0
636273,2018,5,28,"2018-05-28","16:40:00",3,"MN",27,0,1.75,0,0,0,0,45.1901,-93.2195,45.1901,-93.2195,0,0,0,0,0,3,0,0,0
636274,2018,5,28,"2018-05-28","16:40:00",3,"NE",31,0,1,0,0,0,0,40.12,-95.83,40.12,-95.83,0,0,0,0,0,147,0,0,0
636275,2018,5,28,"2018-05-28","16:42:00",3,"OK",40,0,0.88,0,0,0,0,36.59,-101.78,36.59,-101.78,0,0,0,0,0,139,0,0,0
636276,2018,5,28,"2018-05-28","16:47:00",3,"CO",8,0,1.75,0,0,0,0,39.65,-103.08,39.65,-103.08,0,0,0,0,0,121,0,0,0
636277,2018,5,28,"2018-05-28","16:51:00",3,"IA",19,0,1,0,0,50000,0,43.17,-93.2,43.17,-93.2,0,0,0,0,0,33,0,0,0
636278,2018,5,28,"2018-05-28","16:52:00",3,"TX",48,0,1.25,0,0,0,0,36.38,-102.11,36.38,-102.11,0,0,0,0,0,421,0,0,0
636279,2018,5,28,"2018-05-28","16:53:00",3,"TX",48,0,1.75,0,0,0,0,36.38,-102.07,36.38,-102.07,0,0,0,0,0,421,0,0,0
636280,2018,5,28,"2018-05-28","16:55:00",3,"KS",20,0,1,0,0,0,0,37.58,-101.51,37.58,-101.51,0,0,0,0,0,67,0,0,0
636281,2018,5,28,"2018-05-28","16:55:00",3,"KS",20,0,1.25,0,0,0,0,38.48,-100.82,38.48,-100.82,0,0,0,0,0,171,0,0,0
636282,2018,5,28,"2018-05-28","16:55:00",3,"CO",8,0,1,0,0,0,0,38.85,-104.23,38.85,-104.23,0,0,0,0,0,41,0,0,0
636283,2018,5,28,"2018-05-28","16:56:00",3,"CO",8,0,1,0,0,0,0,39.59,-104.87,39.59,-104.87,0,0,0,0,0,5,0,0,0
636284,2018,5,28,"2018-05-28","16:58:00",3,"KS",20,0,1,0,0,0,0,38.9119,-101.1774,38.9119,-101.1774,0,0,0,0,0,109,0,0,0
636285,2018,5,28,"2018-05-28","17:08:00",3,"TX",48,0,1,0,0,0,0,36.2,-101.27,36.2,-101.27,0,0,0,0,0,195,0,0,0
636286,2018,5,28,"2018-05-28","17:08:00",3,"KS",20,0,1,0,0,0,0,37.61,-101.38,37.61,-101.38,0,0,0,0,0,67,0,0,0
636287,2018,5,28,"2018-05-28","17:13:00",3,"MO",29,0,1,0,0,0,0,40.41,-95.5,40.41,-95.5,0,0,0,0,0,5,0,0,0
636288,2018,5,28,"2018-05-28","17:20:00",3,"KS",20,0,1.75,0,0,0,0,37.26,-101.59,37.26,-101.59,0,0,0,0,0,129,0,0,0
636289,2018,5,28,"2018-05-28","17:23:00",3,"KS",20,0,1,0,0,0,0,37.64,-101.37,37.64,-101.37,0,0,0,0,0,67,0,0,0
636290,2018,5,28,"2018-05-28","17:25:00",3,"KS",20,0,1.75,0,0,0,0,39.79,-101.279,39.79,-101.279,0,0,0,0,0,153,0,0,0
636291,2018,5,28,"2018-05-28","17:25:00",3,"KS",20,0,1.75,0,0,0,0,39.7857,-101.3099,39.7857,-101.3099,0,0,0,0,0,153,0,0,0
636292,2018,5,28,"2018-05-28","17:25:00",3,"KS",20,0,1.75,0,0,0,0,39.79,-101.335,39.79,-101.335,0,0,0,0,0,153,0,0,0
636293,2018,5,28,"2018-05-28","17:26:00",3,"OK",40,0,1,0,0,0,0,36.59,-101.78,36.59,-101.78,0,0,0,0,0,139,0,0,0
636294,2018,5,28,"2018-05-28","17:27:00",3,"KS",20,0,1,0,0,0,0,39.0612,-101.245,39.0612,-101.245,0,0,0,0,0,109,0,0,0
636295,2018,5,28,"2018-05-28","17:30:00",3,"KS",20,0,1.75,0,0,0,0,39.7883,-101.2795,39.7883,-101.2795,0,0,0,0,0,153,0,0,0
636296,2018,5,28,"2018-05-28","17:32:00",3,"KS",20,0,1,0,0,0,0,37.29,-101.52,37.29,-101.52,0,0,0,0,0,189,0,0,0
636297,2018,5,28,"2018-05-28","17:39:00",3,"MN",27,0,1,0,0,0,0,45.7,-93.61,45.7,-93.61,0,0,0,0,0,95,0,0,0
636298,2018,5,28,"2018-05-28","17:40:00",3,"CO",8,0,2.5,0,0,0,0,39.67,-102.88,39.67,-102.88,0,0,0,0,0,121,0,0,0
636299,2018,5,28,"2018-05-28","17:44:00",3,"OK",40,0,1.25,0,0,0,0,36.51,-101.79,36.51,-101.79,0,0,0,0,0,139,0,0,0
636300,2018,5,28,"2018-05-28","17:44:00",3,"WY",56,0,0.88,0,0,0,0,41.25,-104.93,41.25,-104.93,0,0,0,0,0,21,0,0,0
636301,2018,5,28,"2018-05-28","17:45:00",3,"MN",27,0,1,0,0,0,0,45.6855,-93.65,45.6855,-93.65,0,0,0,0,0,95,0,0,0
636302,2018,5,28,"2018-05-28","17:50:00",3,"KS",20,0,1.75,0,0,0,0,38.92,-99.93,38.92,-99.93,0,0,0,0,0,195,0,0,0
636303,2018,5,28,"2018-05-28","17:58:00",3,"KS",20,0,1,0,0,0,0,38.47,-100.78,38.47,-100.78,0,0,0,0,0,171,0,0,0
636304,2018,5,28,"2018-05-28","18:00:00",3,"MN",27,0,2,0,0,0,0,45.5936,-94.4802,45.6206,-94.4697,0,0,0,0,0,145,0,0,0
636305,2018,5,28,"2018-05-28","18:02:00",3,"NE",31,0,0.88,0,0,0,0,40.15,-101.21,40.15,-101.21,0,0,0,0,0,87,0,0,0
636306,2018,5,28,"2018-05-28","18:03:00",3,"KS",20,0,1,0,0,0,0,39.76,-94.95,39.76,-94.95,0,0,0,0,0,43,0,0,0
636307,2018,5,28,"2018-05-28","18:04:00",3,"OK",40,0,2,0,0,0,0,36.59,-101.63,36.59,-101.63,0,0,0,0,0,139,0,0,0
636308,2018,5,28,"2018-05-28","18:05:00",3,"OK",40,0,1.25,0,0,0,0,36.59,-101.63,36.59,-101.63,0,0,0,0,0,139,0,0,0
636309,2018,5,28,"2018-05-28","18:06:00",3,"OK",40,0,1.75,0,0,0,0,36.59,-101.63,36.59,-101.63,0,0,0,0,0,139,0,0,0
636310,2018,5,28,"2018-05-28","18:08:00",3,"NE",31,0,0.88,0,0,0,0,40.15,-101.23,40.15,-101.23,0,0,0,0,0,87,0,0,0
636311,2018,5,28,"2018-05-28","18:10:00",3,"ND",38,0,1,0,0,0,0,47.14,-102.51,47.14,-102.51,0,0,0,0,0,25,0,0,0
636312,2018,5,28,"2018-05-28","18:15:00",3,"WI",55,0,0.75,0,0,0,0,45.71,-92.68,45.71,-92.68,0,0,0,0,0,13,0,0,0
636313,2018,5,28,"2018-05-28","18:16:00",3,"TX",48,0,1.3,0,0,0,0,36.43,-101,36.43,-101,0,0,0,0,0,357,0,0,0
636314,2018,5,28,"2018-05-28","18:22:00",3,"KS",20,0,1.25,0,0,0,0,39.86,-95.25,39.86,-95.25,0,0,0,0,0,43,0,0,0
636315,2018,5,28,"2018-05-28","18:24:00",3,"ND",38,0,1,0,0,0,0,47.2,-102.5,47.2,-102.5,0,0,0,0,0,25,0,0,0
636316,2018,5,28,"2018-05-28","18:32:00",3,"OK",40,0,1.25,0,0,0,0,36.69,-101.48,36.69,-101.48,0,0,0,0,0,139,0,0,0
636317,2018,5,28,"2018-05-28","18:37:00",3,"OK",40,0,1,0,0,0,0,36.54,-100.95,36.54,-100.95,0,0,0,0,0,139,0,0,0
636318,2018,5,28,"2018-05-28","18:45:00",3,"TX",48,0,1,0,0,0,0,36.09,-102.01,36.09,-102.01,0,0,0,0,0,421,0,0,0
636319,2018,5,28,"2018-05-28","18:57:00",3,"OK",40,0,1.5,0,0,0,0,36.61,-100.98,36.61,-100.98,0,0,0,0,0,139,0,0,0
636320,2018,5,28,"2018-05-28","19:00:00",3,"CO",8,0,0.75,0,0,0,0,39.99,-102.2429,39.99,-102.2429,0,0,0,0,0,125,0,0,0
636321,2018,5,28,"2018-05-28","19:01:00",3,"OK",40,0,1.5,0,0,0,0,36.62,-101.01,36.62,-101.01,0,0,0,0,0,139,0,0,0
636322,2018,5,28,"2018-05-28","19:03:00",3,"ND",38,0,1.75,0,0,0,0,47.37,-102.31,47.37,-102.31,0,0,0,0,0,25,0,0,0
636323,2018,5,28,"2018-05-28","19:05:00",3,"ND",38,0,1.25,0,0,0,0,47.39,-102.33,47.39,-102.33,0,0,0,0,0,25,0,0,0
636324,2018,5,28,"2018-05-28","19:05:00",3,"CO",8,0,0.75,0,0,0,0,40.08,-102.22,40.08,-102.22,0,0,0,0,0,125,0,0,0
636325,2018,5,28,"2018-05-28","19:14:00",3,"CO",8,0,0.88,0,0,0,0,39.7401,-102.2367,39.7401,-102.2367,0,0,0,0,0,125,0,0,0
636326,2018,5,28,"2018-05-28","19:15:00",3,"OK",40,0,1.25,0,0,0,0,36.69,-101.48,36.69,-101.48,0,0,0,0,0,139,0,0,0
636327,2018,5,28,"2018-05-28","19:15:00",3,"CO",8,0,1.5,0,0,0,0,39.3014,-102.428,39.3014,-102.428,0,0,0,0,0,63,0,0,0
636328,2018,5,28,"2018-05-28","19:25:00",3,"OK",40,0,2.5,0,0,0,0,36.54,-101.48,36.54,-101.48,0,0,0,0,0,139,0,0,0
636329,2018,5,28,"2018-05-28","19:34:00",3,"TX",48,0,3,0,0,0,0,36.26,-101.55,36.26,-101.55,0,0,0,0,0,195,0,0,0
636330,2018,5,28,"2018-05-28","19:40:00",3,"TX",48,0,2.75,0,0,0,0,36.34,-101.51,36.34,-101.51,0,0,0,0,0,195,0,0,0
636331,2018,5,28,"2018-05-28","19:42:00",3,"CO",8,0,1,0,0,0,0,39.304,-102.4242,39.304,-102.4242,0,0,0,0,0,63,0,0,0
636332,2018,5,28,"2018-05-28","19:57:00",3,"TX",48,0,1,0,0,0,0,35.91,-101.44,35.91,-101.44,0,0,0,0,0,233,0,0,0
636333,2018,5,28,"2018-05-28","20:01:00",3,"TX",48,0,1.75,0,0,0,0,35.93,-101.53,35.93,-101.53,0,0,0,0,0,233,0,0,0
636334,2018,5,28,"2018-05-28","20:05:00",3,"TX",48,0,1.75,0,0,0,0,36.37,-101.28,36.37,-101.28,0,0,0,0,0,195,0,0,0
636335,2018,5,28,"2018-05-28","20:54:00",3,"OK",40,0,0.88,0,0,0,0,36.62,-100.82,36.62,-100.82,0,0,0,0,0,7,0,0,0
636336,2018,5,28,"2018-05-28","20:56:00",3,"TX",48,0,1,0,0,0,0,36.18,-101.19,36.18,-101.19,0,0,0,0,0,195,0,0,0
636337,2018,5,28,"2018-05-28","20:56:00",3,"TX",48,0,1.5,0,0,0,0,36.19,-101.2,36.19,-101.2,0,0,0,0,0,195,0,0,0
636338,2018,5,28,"2018-05-28","20:57:00",3,"TX",48,0,1,0,0,0,0,36.08,-101.25,36.08,-101.25,0,0,0,0,0,195,0,0,0
636339,2018,5,28,"2018-05-28","21:04:00",3,"OK",40,0,1,0,0,0,0,36.55,-100.82,36.55,-100.82,0,0,0,0,0,7,0,0,0
636340,2018,5,28,"2018-05-28","21:10:00",3,"WI",55,0,1,0,0,0,0,44.94,-91.39,44.94,-91.39,0,0,0,0,0,17,0,0,0
636341,2018,5,28,"2018-05-28","21:12:00",3,"OK",40,0,1,0,0,0,0,36.61,-100.83,36.61,-100.83,0,0,0,0,0,7,0,0,0
636342,2018,5,28,"2018-05-28","21:47:00",3,"OK",40,0,1.25,0,0,0,0,36.78,-100.76,36.78,-100.76,0,0,0,0,0,7,0,0,0
636343,2018,5,28,"2018-05-28","22:00:00",3,"TX",48,0,1.5,0,0,0,0,36.19,-100.82,36.19,-100.82,0,0,0,0,0,357,0,0,0
636344,2018,5,28,"2018-05-28","22:51:00",3,"TX",48,0,1.25,0,0,0,0,36.28,-100.27,36.28,-100.27,0,0,0,0,0,295,0,0,0
636345,2018,5,29,"2018-05-29","00:15:00",3,"WI",55,0,0.75,0,0,0,0,45.7011,-92.68,45.7011,-92.68,0,0,0,0,0,13,0,0,0
636346,2018,5,29,"2018-05-29","01:00:00",3,"OK",40,0,1.75,0,0,0,0,36.15,-99.3,36.15,-99.3,0,0,0,0,0,43,0,0,0
636347,2018,5,29,"2018-05-29","12:32:00",3,"MN",27,0,1,0,0,0,0,44.54,-95.46,44.54,-95.46,0,0,0,0,0,127,0,0,0
636348,2018,5,29,"2018-05-29","12:42:00",3,"IA",19,0,0.75,0,0,0,0,43.33,-95.41,43.33,-95.41,0,0,0,0,0,143,0,0,0
636349,2018,5,29,"2018-05-29","12:45:00",3,"MN",27,0,1,0,0,0,0,43.91,-92.65,43.91,-92.65,0,0,0,0,0,109,0,0,0
636350,2018,5,29,"2018-05-29","12:58:00",3,"MN",27,0,1.75,0,0,1000,0,43.91,-92.65,43.91,-92.65,0,0,0,0,0,109,0,0,0
636351,2018,5,29,"2018-05-29","13:02:00",3,"MN",27,0,2,0,0,1000,0,43.93,-92.65,43.93,-92.65,0,0,0,0,0,109,0,0,0
636352,2018,5,29,"2018-05-29","13:04:00",3,"MN",27,0,1,0,0,0,0,44.15,-92.83,44.15,-92.83,0,0,0,0,0,39,0,0,0
636353,2018,5,29,"2018-05-29","13:05:00",3,"MN",27,0,1,0,0,0,0,44.62,-95.42,44.62,-95.42,0,0,0,0,0,173,0,0,0
636354,2018,5,29,"2018-05-29","13:05:00",3,"MN",27,0,0.75,0,0,0,0,43.91,-92.65,43.91,-92.65,0,0,0,0,0,109,0,0,0
636355,2018,5,29,"2018-05-29","13:10:00",3,"NE",31,0,0.75,0,0,0,0,41.26,-96.37,41.26,-96.37,0,0,0,0,0,155,0,0,0
636356,2018,5,29,"2018-05-29","13:19:00",3,"MN",27,0,1,0,0,0,0,44.03,-92.65,44.03,-92.65,0,0,0,0,0,109,0,0,0
636357,2018,5,29,"2018-05-29","13:25:00",3,"MN",27,0,2,0,0,0,0,46.63,-95.03,46.63,-95.03,0,0,0,0,0,159,0,0,0
636358,2018,5,29,"2018-05-29","13:27:00",3,"MN",27,0,1,0,0,0,0,44.81,-93.16,44.81,-93.16,0,0,0,0,0,37,0,0,0
636359,2018,5,29,"2018-05-29","13:28:00",3,"MN",27,0,0.75,0,0,0,0,43.89,-92.85,43.89,-92.85,0,0,0,0,0,39,0,0,0
636360,2018,5,29,"2018-05-29","13:30:00",3,"MN",27,0,1,0,0,0,0,45.9,-95.33,45.9,-95.33,0,0,0,0,0,41,0,0,0
636361,2018,5,29,"2018-05-29","13:30:00",3,"MN",27,0,1.5,0,0,0,0,43.89,-92.85,43.89,-92.85,0,0,0,0,0,39,0,0,0
636362,2018,5,29,"2018-05-29","13:35:00",3,"MN",27,0,1,0,0,0,0,44.82,-93.13,44.82,-93.13,0,0,0,0,0,37,0,0,0
636363,2018,5,29,"2018-05-29","13:35:00",3,"MN",27,0,1,0,0,0,0,46.04,-95.29,46.04,-95.29,0,0,0,0,0,41,0,0,0
636364,2018,5,29,"2018-05-29","13:38:00",3,"NE",31,0,1,0,0,0,0,40.1615,-100.622,40.1615,-100.622,0,0,0,0,0,145,0,0,0
636365,2018,5,29,"2018-05-29","13:40:00",3,"MN",27,0,1,0,0,0,0,44.83,-93.15,44.83,-93.15,0,0,0,0,0,37,0,0,0
636366,2018,5,29,"2018-05-29","13:48:00",3,"MN",27,0,0.88,0,0,0,0,44.03,-92.5,44.03,-92.5,0,0,0,0,0,109,0,0,0
636367,2018,5,29,"2018-05-29","13:55:00",3,"KS",20,0,1,0,0,0,0,39.43,-96.76,39.43,-96.76,0,0,0,0,0,161,0,0,0
636368,2018,5,29,"2018-05-29","13:58:00",3,"MN",27,0,1,0,0,0,0,44.08,-92.51,44.08,-92.51,0,0,0,0,0,109,0,0,0
636369,2018,5,29,"2018-05-29","14:02:00",3,"MN",27,0,0.88,0,0,0,0,44.09,-92.52,44.09,-92.52,0,0,0,0,0,109,0,0,0
636370,2018,5,29,"2018-05-29","14:05:00",3,"MN",27,0,0.88,0,0,0,0,46.67,-95.09,46.67,-95.09,0,0,0,0,0,159,0,0,0
636371,2018,5,29,"2018-05-29","14:08:00",3,"MN",27,0,0.75,0,0,0,0,46.75,-95.08,46.75,-95.08,0,0,0,0,0,57,0,0,0
636372,2018,5,29,"2018-05-29","14:08:00",3,"MN",27,0,1.5,0,0,0,0,46.73,-95.07,46.73,-95.07,0,0,0,0,0,159,0,0,0
636373,2018,5,29,"2018-05-29","14:15:00",3,"MN",27,0,1,0,0,0,0,44.89,-94.37,44.89,-94.37,0,0,0,0,0,85,0,0,0
636374,2018,5,29,"2018-05-29","14:24:00",3,"IA",19,0,0.88,0,0,0,0,41.71,-95.52,41.71,-95.52,0,0,0,0,0,165,0,0,0
636375,2018,5,29,"2018-05-29","14:25:00",3,"MN",27,0,1,0,0,0,0,46.09,-94.74,46.09,-94.74,0,0,0,0,0,153,0,0,0
636376,2018,5,29,"2018-05-29","14:26:00",3,"MN",27,0,1,0,0,0,0,45.4,-93.39,45.4,-93.39,0,0,0,0,0,3,0,0,0
636377,2018,5,29,"2018-05-29","14:30:00",3,"MN",27,0,1,0,0,0,0,46.45,-94.84,46.45,-94.84,0,0,0,0,0,159,0,0,0
636378,2018,5,29,"2018-05-29","14:35:00",3,"MN",27,0,1,0,0,0,0,44.75,-94.23,44.75,-94.23,0,0,0,0,0,85,0,0,0
636379,2018,5,29,"2018-05-29","14:36:00",3,"MN",27,0,1,0,0,0,0,47.14,-94.7,47.14,-94.7,0,0,0,0,0,57,0,0,0
636380,2018,5,29,"2018-05-29","14:38:00",3,"MN",27,0,1,0,0,0,0,46.92,-95.04,46.92,-95.04,0,0,0,0,0,57,0,0,0
636381,2018,5,29,"2018-05-29","14:38:00",3,"IA",19,0,0.88,0,0,0,0,42.02,-93.45,42.02,-93.45,0,0,0,0,0,169,0,0,0
636382,2018,5,29,"2018-05-29","14:40:00",3,"MN",27,0,1.25,0,0,0,0,45.47,-93.35,45.47,-93.35,0,0,0,0,0,59,0,0,0
636383,2018,5,29,"2018-05-29","14:50:00",3,"IA",19,0,0.88,0,0,0,0,41.89,-95.58,41.89,-95.58,0,0,0,0,0,47,0,0,0
636384,2018,5,29,"2018-05-29","14:50:00",3,"KS",20,0,1,0,0,0,0,37.68,-97.25,37.68,-97.25,0,0,0,0,0,173,0,0,0
636385,2018,5,29,"2018-05-29","14:51:00",3,"KS",20,0,1.5,0,0,0,0,37.69,-97.23,37.69,-97.23,0,0,0,0,0,173,0,0,0
636386,2018,5,29,"2018-05-29","14:54:00",3,"KS",20,0,2,0,0,0,0,37.66,-97.23,37.66,-97.23,0,0,0,0,0,173,0,0,0
636387,2018,5,29,"2018-05-29","14:54:00",3,"KS",20,0,1.75,0,0,0,0,37.68,-97.26,37.68,-97.26,0,0,0,0,0,173,0,0,0
636388,2018,5,29,"2018-05-29","14:56:00",3,"KS",20,0,1.5,0,0,0,0,37.68,-97.24,37.68,-97.24,0,0,0,0,0,173,0,0,0
636389,2018,5,29,"2018-05-29","15:00:00",3,"KS",20,0,1.75,0,0,0,0,37.72,-97.24,37.72,-97.24,0,0,0,0,0,173,0,0,0
636390,2018,5,29,"2018-05-29","15:05:00",3,"OK",40,0,1,0,0,0,0,37,-99.63,37,-99.63,0,0,0,0,0,59,0,0,0
636391,2018,5,29,"2018-05-29","15:08:00",3,"WI",55,0,0.88,0,0,0,0,45.5,-92.58,45.5,-92.58,0,0,0,0,0,95,0,0,0
636392,2018,5,29,"2018-05-29","15:18:00",3,"KS",20,0,1,0,0,0,0,37.69,-97.14,37.69,-97.14,0,0,0,0,0,15,0,0,0
636393,2018,5,29,"2018-05-29","15:20:00",3,"KS",20,0,1.25,0,0,0,0,37.69,-97.14,37.69,-97.14,0,0,0,0,0,15,0,0,0
636394,2018,5,29,"2018-05-29","15:23:00",3,"KS",20,0,1.25,0,0,0,0,37,-99.65,37,-99.65,0,0,0,0,0,25,0,0,0
636395,2018,5,29,"2018-05-29","15:24:00",3,"KS",20,0,2,0,0,0,0,37.92,-100.18,37.92,-100.18,0,0,0,0,0,83,0,0,0
636396,2018,5,29,"2018-05-29","15:25:00",3,"CO",8,0,0.88,0,0,0,0,40.17,-103.23,40.17,-103.23,0,0,0,0,0,121,0,0,0
636397,2018,5,29,"2018-05-29","15:30:00",3,"MN",27,0,0.88,0,0,0,0,45.42,-93.87,45.42,-93.87,0,0,0,0,0,141,0,0,0
636398,2018,5,29,"2018-05-29","15:32:00",3,"MN",27,0,0.75,0,0,0,0,43.76,-92.95,43.76,-92.95,0,0,0,0,0,99,0,0,0
636399,2018,5,29,"2018-05-29","15:35:00",3,"NE",31,0,1,0,0,0,0,41.11,-101.75,41.11,-101.75,0,0,0,0,0,101,0,0,0
636400,2018,5,29,"2018-05-29","15:35:00",3,"KS",20,0,0.88,0,0,0,0,37.69,-96.97,37.69,-96.97,0,0,0,0,0,15,0,0,0
636401,2018,5,29,"2018-05-29","15:39:00",3,"OK",40,0,1.25,0,0,0,0,36.99,-99.61,36.99,-99.61,0,0,0,0,0,59,0,0,0
636402,2018,5,29,"2018-05-29","15:45:00",3,"OK",40,0,1.75,0,0,0,0,36.99,-99.63,36.99,-99.63,0,0,0,0,0,59,0,0,0
636403,2018,5,29,"2018-05-29","15:50:00",3,"MN",27,0,1,0,0,0,0,45.9842,-94.1052,45.9842,-94.1052,0,0,0,0,0,97,0,0,0
636404,2018,5,29,"2018-05-29","15:50:00",3,"KS",20,0,1.5,0,0,0,0,38.23,-99.67,38.23,-99.67,0,0,0,0,0,83,0,0,0
636405,2018,5,29,"2018-05-29","16:00:00",3,"KS",20,0,1.75,0,0,0,0,37.78,-100.18,37.78,-100.18,0,0,0,0,0,57,0,0,0
636406,2018,5,29,"2018-05-29","16:02:00",3,"KS",20,0,1.25,0,0,0,0,37.62,-100.02,37.62,-100.02,0,0,0,0,0,57,0,0,0
636407,2018,5,29,"2018-05-29","16:05:00",3,"MN",27,0,1.25,0,0,0,0,47.73,-95.17,47.73,-95.17,0,0,0,0,0,7,0,0,0
636408,2018,5,29,"2018-05-29","16:05:00",3,"NE",31,0,1,0,0,0,0,41.02,-101.78,41.02,-101.78,0,0,0,0,0,101,0,0,0
636409,2018,5,29,"2018-05-29","16:10:00",3,"OK",40,0,1.5,0,0,0,0,36.97,-99.54,36.97,-99.54,0,0,0,0,0,59,0,0,0
636410,2018,5,29,"2018-05-29","16:10:00",3,"KS",20,0,1.5,0,0,0,0,37.04,-99.33,37.04,-99.33,0,0,0,0,0,33,0,0,0
636411,2018,5,29,"2018-05-29","16:12:00",3,"KS",20,0,2,0,0,0,0,37.04,-99.33,37.04,-99.33,0,0,0,0,0,33,0,0,0
636412,2018,5,29,"2018-05-29","16:13:00",3,"TX",48,0,1,0,0,0,0,35.69,-100.64,35.69,-100.64,0,0,0,0,0,393,0,0,0
636413,2018,5,29,"2018-05-29","16:15:00",3,"KS",20,0,1.75,0,0,0,0,37.76,-99.69,37.76,-99.69,0,0,0,0,0,57,0,0,0
636414,2018,5,29,"2018-05-29","16:16:00",3,"KS",20,0,1.5,0,0,0,0,37.75,-99.62,37.75,-99.62,0,0,0,0,0,57,0,0,0
636415,2018,5,29,"2018-05-29","16:20:00",3,"KS",20,0,1,0,0,0,0,38.06,-99.62,38.06,-99.62,0,0,0,0,0,83,0,0,0
636416,2018,5,29,"2018-05-29","16:20:00",3,"KS",20,0,1.25,0,0,0,0,38.06,-99.63,38.06,-99.63,0,0,0,0,0,83,0,0,0
636417,2018,5,29,"2018-05-29","16:25:00",3,"WI",55,0,1.25,0,0,0,0,44.9134,-91.68,44.9134,-91.68,0,0,0,0,0,33,0,0,0
636418,2018,5,29,"2018-05-29","16:25:00",3,"TX",48,0,1.75,0,0,0,0,36.43,-100.43,36.43,-100.43,0,0,0,0,0,295,0,0,0
636419,2018,5,29,"2018-05-29","16:28:00",3,"KS",20,0,1,0,0,0,0,39.1899,-99.3214,39.1899,-99.3214,0,0,0,0,0,163,0,0,0
636420,2018,5,29,"2018-05-29","16:31:00",3,"TX",48,0,2.75,0,0,0,0,35.59,-100.6,35.59,-100.6,0,0,0,0,0,179,0,0,0
636421,2018,5,29,"2018-05-29","16:31:00",3,"KS",20,0,1.5,0,0,25000,5e+05,39.23,-99.3,39.23,-99.2253,0,0,0,0,0,163,0,0,0
636422,2018,5,29,"2018-05-29","16:32:00",3,"MN",27,0,1.25,0,0,0,0,47.88,-95.02,47.88,-95.02,0,0,0,0,0,7,0,0,0
636423,2018,5,29,"2018-05-29","16:32:00",3,"TX",48,0,1.75,0,0,0,0,35.57,-100.57,35.57,-100.57,0,0,0,0,0,179,0,0,0
636424,2018,5,29,"2018-05-29","16:32:00",3,"KS",20,0,1.75,0,0,0,0,37.78,-99.61,37.78,-99.61,0,0,0,0,0,57,0,0,0
636425,2018,5,29,"2018-05-29","16:35:00",3,"KS",20,0,2.75,0,0,0,0,37.6,-99.9,37.6,-99.9,0,0,0,0,0,57,0,0,0
636426,2018,5,29,"2018-05-29","16:35:00",3,"CO",8,0,1.75,0,0,0,0,39.7077,-102.7011,39.7077,-102.7011,0,0,0,0,0,125,0,0,0
636427,2018,5,29,"2018-05-29","16:35:00",3,"TX",48,0,2,0,0,0,0,35.53,-100.44,35.53,-100.44,0,0,0,0,0,483,0,0,0
636428,2018,5,29,"2018-05-29","16:37:00",3,"CO",8,0,1.75,0,0,0,0,39.7078,-102.7009,39.7078,-102.7009,0,0,0,0,0,125,0,0,0
636429,2018,5,29,"2018-05-29","16:38:00",3,"KS",20,0,4,0,0,0,0,37.6,-99.9,37.6,-99.9,0,0,0,0,0,57,0,0,0
636430,2018,5,29,"2018-05-29","16:40:00",3,"IA",19,0,0.88,0,0,0,0,41.12,-95.31,41.12,-95.31,0,0,0,0,0,137,0,0,0
636431,2018,5,29,"2018-05-29","16:44:00",3,"TX",48,0,1.25,0,0,0,0,36.45,-100.33,36.45,-100.33,0,0,0,0,0,295,0,0,0
636432,2018,5,29,"2018-05-29","16:46:00",3,"OK",40,0,2,0,0,0,0,36.94,-99.26,36.94,-99.26,0,0,0,0,0,151,0,0,0
636433,2018,5,29,"2018-05-29","16:50:00",3,"OK",40,0,1,0,0,0,0,36.88,-99.26,36.88,-99.26,0,0,0,0,0,151,0,0,0
636434,2018,5,29,"2018-05-29","16:50:00",3,"KS",20,0,1.75,0,0,0,0,37.49,-99.9,37.49,-99.9,0,0,0,0,0,57,0,0,0
636435,2018,5,29,"2018-05-29","16:55:00",3,"KS",20,0,1.5,0,0,0,0,37.52,-99.76,37.52,-99.76,0,0,0,0,0,57,0,0,0
636436,2018,5,29,"2018-05-29","16:57:00",3,"TX",48,0,1,0,0,0,0,35.48,-100.4,35.48,-100.4,0,0,0,0,0,483,0,0,0
636437,2018,5,29,"2018-05-29","17:00:00",3,"KS",20,0,1.75,0,0,0,0,37,-99.32,37,-99.32,0,0,0,0,0,33,0,0,0
636438,2018,5,29,"2018-05-29","17:00:00",3,"KS",20,0,2.75,0,0,0,0,37.52,-99.76,37.52,-99.76,0,0,0,0,0,57,0,0,0
636439,2018,5,29,"2018-05-29","17:00:00",3,"KS",20,0,2.75,0,0,0,0,37.64,-99.75,37.64,-99.75,0,0,0,0,0,57,0,0,0
636440,2018,5,29,"2018-05-29","17:03:00",3,"OK",40,0,1.25,0,0,0,0,36.62,-100.12,36.62,-100.12,0,0,0,0,0,7,0,0,0
636441,2018,5,29,"2018-05-29","17:04:00",3,"OK",40,0,2.5,0,0,0,0,36.84,-99.25,36.84,-99.25,0,0,0,0,0,151,0,0,0
636442,2018,5,29,"2018-05-29","17:04:00",3,"OK",40,0,1.75,0,0,0,0,36.84,-99.13,36.84,-99.13,0,0,0,0,0,151,0,0,0
636443,2018,5,29,"2018-05-29","17:06:00",3,"KS",20,0,1,0,0,0,0,38.36,-98.59,38.36,-98.59,0,0,0,0,0,9,0,0,0
636444,2018,5,29,"2018-05-29","17:10:00",3,"OK",40,0,1.75,0,0,0,0,36.6,-100.09,36.6,-100.09,0,0,0,0,0,7,0,0,0
636445,2018,5,29,"2018-05-29","17:10:00",3,"KS",20,0,2,0,0,0,0,37.55,-99.63,37.55,-99.63,0,0,0,0,0,57,0,0,0
636446,2018,5,29,"2018-05-29","17:11:00",3,"KS",20,0,1.75,0,0,0,0,38.36,-98.58,38.36,-98.58,0,0,0,0,0,9,0,0,0
636447,2018,5,29,"2018-05-29","17:15:00",3,"KS",20,0,2,0,0,0,0,37.46,-99.96,37.46,-99.96,0,0,0,0,0,25,0,0,0
636448,2018,5,29,"2018-05-29","17:15:00",3,"KS",20,0,1.5,0,0,0,0,37.47,-99.96,37.47,-99.96,0,0,0,0,0,25,0,0,0
636449,2018,5,29,"2018-05-29","17:15:00",3,"KS",20,0,1,0,0,0,0,37.79,-99.27,37.79,-99.27,0,0,0,0,0,47,0,0,0
636450,2018,5,29,"2018-05-29","17:15:00",3,"KS",20,0,1,0,0,0,0,37.79,-99.27,37.79,-99.27,0,0,0,0,0,47,0,0,0
636451,2018,5,29,"2018-05-29","17:15:00",3,"KS",20,0,1.25,0,0,0,0,38.38,-98.65,38.38,-98.65,0,0,0,0,0,9,0,0,0
636452,2018,5,29,"2018-05-29","17:17:00",3,"TX",48,0,1,0,0,0,0,35.41,-100.24,35.41,-100.24,0,0,0,0,0,483,0,0,0
636453,2018,5,29,"2018-05-29","17:19:00",3,"OK",40,0,2.5,0,0,0,0,36.82,-99.11,36.82,-99.11,0,0,0,0,0,151,0,0,0
636454,2018,5,29,"2018-05-29","17:20:00",3,"TX",48,0,3,0,0,0,0,35.44,-100.28,35.44,-100.28,0,0,0,0,0,483,0,0,0
636455,2018,5,29,"2018-05-29","17:22:00",3,"CO",8,0,0.88,0,0,0,0,40.0776,-102.2263,40.0776,-102.2263,0,0,0,0,0,125,0,0,0
636456,2018,5,29,"2018-05-29","17:22:00",3,"CO",8,0,0.88,0,0,0,0,40.0769,-102.2278,40.0769,-102.2278,0,0,0,0,0,125,0,0,0
636457,2018,5,29,"2018-05-29","17:23:00",3,"NE",31,0,0.75,0,0,0,0,40.5911,-98.4152,40.5911,-98.4152,0,0,0,0,0,1,0,0,0
636458,2018,5,29,"2018-05-29","17:25:00",3,"MN",27,0,0.88,0,0,0,0,46.6323,-93.5511,46.6323,-93.5511,0,0,0,0,0,1,0,0,0
636459,2018,5,29,"2018-05-29","17:26:00",3,"WI",55,0,0.88,0,0,0,0,46.56,-91.87,46.56,-91.87,0,0,0,0,0,31,0,0,0
636460,2018,5,29,"2018-05-29","17:30:00",3,"OK",40,0,1.75,0,0,0,0,36.82,-99.12,36.82,-99.12,0,0,0,0,0,151,0,0,0
636461,2018,5,29,"2018-05-29","17:30:00",3,"KS",20,0,2,0,0,0,0,37.61,-99.3,37.61,-99.3,0,0,0,0,0,97,0,0,0
636462,2018,5,29,"2018-05-29","17:31:00",3,"KS",20,0,1.75,0,0,0,0,38.82,-98.12,38.82,-98.12,0,0,0,0,0,53,0,0,0
636463,2018,5,29,"2018-05-29","17:33:00",3,"KS",20,0,2,0,0,0,0,38.82,-98.12,38.82,-98.12,0,0,0,0,0,53,0,0,0
636464,2018,5,29,"2018-05-29","17:35:00",3,"KS",20,0,1,0,0,0,0,38.9,-99.52,38.9,-99.52,0,0,0,0,0,51,0,0,0
636465,2018,5,29,"2018-05-29","17:35:00",3,"KS",20,0,1,0,0,0,0,38.9,-99.52,38.9,-99.52,0,0,0,0,0,51,0,0,0
636466,2018,5,29,"2018-05-29","17:39:00",3,"OK",40,0,1,0,0,0,0,36.83,-99.77,36.83,-99.77,0,0,0,0,0,59,0,0,0
636467,2018,5,29,"2018-05-29","17:40:00",3,"MO",29,0,0.88,0,0,0,0,39.2,-94.62,39.2,-94.62,0,0,0,0,0,165,0,0,0
636468,2018,5,29,"2018-05-29","17:44:00",3,"KS",20,0,1,0,0,0,0,39.43,-98.7,39.43,-98.7,0,0,0,0,0,141,0,0,0
636469,2018,5,29,"2018-05-29","17:45:00",3,"WI",55,0,0.75,0,0,0,0,45.76,-91.54,45.76,-91.54,0,0,0,0,0,113,0,0,0
636470,2018,5,29,"2018-05-29","17:45:00",3,"TX",48,0,3,0,0,0,0,35.44,-100.28,35.44,-100.28,0,0,0,0,0,483,0,0,0
636471,2018,5,29,"2018-05-29","17:48:00",3,"TX",48,0,2.75,0,0,0,0,35.44,-100.28,35.44,-100.28,0,0,0,0,0,483,0,0,0
636472,2018,5,29,"2018-05-29","17:48:00",3,"KS",20,0,1.25,0,0,0,0,37.83,-98.99,37.83,-98.99,0,0,0,0,0,185,0,0,0
636473,2018,5,29,"2018-05-29","17:49:00",3,"KS",20,0,1,0,0,0,0,38.05,-97.94,38.05,-97.94,0,0,0,0,0,155,0,0,0
636474,2018,5,29,"2018-05-29","17:50:00",3,"WI",55,0,0.88,0,0,0,0,45.85,-91.54,45.85,-91.54,0,0,0,0,0,113,0,0,0
636475,2018,5,29,"2018-05-29","17:55:00",3,"KS",20,0,1.5,0,0,25000,5e+05,39.5411,-98.7,39.5411,-98.7,0,0,0,0,0,141,0,0,0
636476,2018,5,29,"2018-05-29","17:56:00",3,"KS",20,0,1.75,0,0,0,0,38.29,-97.62,38.29,-97.62,0,0,0,0,0,113,0,0,0
636477,2018,5,29,"2018-05-29","17:57:00",3,"KS",20,0,1,0,0,0,0,37.44,-97.12,37.44,-97.12,0,0,0,0,0,35,0,0,0
636478,2018,5,29,"2018-05-29","17:58:00",3,"KS",20,0,1,0,0,0,0,38.33,-97.67,38.33,-97.67,0,0,0,0,0,113,0,0,0
636479,2018,5,29,"2018-05-29","18:00:00",3,"KS",20,0,1.5,0,0,0,0,38.91,-99.42,38.91,-99.42,0,0,0,0,0,51,0,0,0
636480,2018,5,29,"2018-05-29","18:05:00",3,"WI",55,0,0.88,0,0,0,0,45.89,-91.48,45.89,-91.48,0,0,0,0,0,113,0,0,0
636481,2018,5,29,"2018-05-29","18:06:00",3,"KS",20,0,2.75,0,0,0,0,38.36,-97.67,38.36,-97.67,0,0,0,0,0,113,0,0,0
636482,2018,5,29,"2018-05-29","18:09:00",3,"KS",20,0,0.75,0,0,0,0,39.3832,-98.12,39.3832,-98.12,0,0,0,0,0,123,0,0,0
636483,2018,5,29,"2018-05-29","18:09:00",3,"MN",27,0,0.75,0,0,0,0,46.9,-92.2853,46.9,-92.2853,0,0,0,0,0,137,0,0,0
636484,2018,5,29,"2018-05-29","18:13:00",3,"KS",20,0,1,0,0,0,0,39.52,-98.43,39.52,-98.43,0,0,0,0,0,123,0,0,0
636485,2018,5,29,"2018-05-29","18:15:00",3,"KS",20,0,0.88,0,0,0,0,39.4467,-97.9943,39.4467,-97.9943,0,0,0,0,0,123,0,0,0
636486,2018,5,29,"2018-05-29","18:15:00",3,"OK",40,0,2.25,0,0,0,0,36.68,-98.97,36.68,-98.97,0,0,0,0,0,151,0,0,0
636487,2018,5,29,"2018-05-29","18:18:00",3,"KS",20,0,1,0,0,0,0,39.4779,-97.98,39.4779,-97.98,0,0,0,0,0,123,0,0,0
636488,2018,5,29,"2018-05-29","18:20:00",3,"KS",20,0,2.75,0,0,0,0,37.05,-99.48,37.05,-99.48,0,0,0,0,0,33,0,0,0
636489,2018,5,29,"2018-05-29","18:28:00",3,"CO",8,0,0.88,0,0,0,0,39.4612,-102.2959,39.4612,-102.2959,0,0,0,0,0,63,0,0,0
636490,2018,5,29,"2018-05-29","18:28:00",3,"CO",8,0,0.88,0,0,0,0,39.4568,-102.2626,39.4568,-102.2626,0,0,0,0,0,63,0,0,0
636491,2018,5,29,"2018-05-29","18:38:00",3,"CO",8,0,1,0,0,0,0,39.3864,-102.258,39.3864,-102.258,0,0,0,0,0,63,0,0,0
636492,2018,5,29,"2018-05-29","18:38:00",3,"CO",8,0,1,0,0,0,0,39.3865,-102.258,39.3865,-102.258,0,0,0,0,0,63,0,0,0
636493,2018,5,29,"2018-05-29","18:39:00",3,"OK",40,0,1.26,0,0,0,0,36.6,-98.88,36.6,-98.88,0,0,0,0,0,151,0,0,0
636494,2018,5,29,"2018-05-29","18:47:00",3,"OK",40,0,0.88,0,0,0,0,35.3,-99.76,35.3,-99.76,0,0,0,0,0,9,0,0,0
636495,2018,5,29,"2018-05-29","18:49:00",3,"OK",40,0,2.5,0,0,0,0,36.54,-98.76,36.54,-98.76,0,0,0,0,0,151,0,0,0
636496,2018,5,29,"2018-05-29","18:55:00",3,"OK",40,0,1.75,0,0,0,0,36.53,-98.71,36.53,-98.71,0,0,0,0,0,151,0,0,0
636497,2018,5,29,"2018-05-29","19:05:00",3,"OK",40,0,3.26,0,0,0,0,35.21,-99.87,35.21,-99.87,0,0,0,0,0,9,0,0,0
636498,2018,5,29,"2018-05-29","19:08:00",3,"OK",40,0,2.5,0,0,0,0,35.18,-99.87,35.18,-99.87,0,0,0,0,0,9,0,0,0
636499,2018,5,29,"2018-05-29","19:08:00",3,"OK",40,0,2.75,0,0,0,0,35.21,-99.9,35.21,-99.9,0,0,0,0,0,9,0,0,0
636500,2018,5,29,"2018-05-29","19:10:00",3,"OK",40,0,1,0,0,0,0,36.58,-98.48,36.58,-98.48,0,0,0,0,0,3,0,0,0
636501,2018,5,29,"2018-05-29","19:13:00",3,"OK",40,0,1.75,0,0,0,0,35.3,-99.72,35.3,-99.72,0,0,0,0,0,9,0,0,0
636502,2018,5,29,"2018-05-29","19:25:00",3,"OK",40,0,1.75,0,0,0,0,35.3,-99.63,35.3,-99.63,0,0,0,0,0,9,0,0,0
636503,2018,5,29,"2018-05-29","19:48:00",3,"OK",40,0,1,0,0,0,0,36.44,-99.21,36.44,-99.21,0,0,0,0,0,153,0,0,0
636504,2018,5,29,"2018-05-29","19:55:00",3,"OK",40,0,0.88,0,0,0,0,36.38,-98.24,36.38,-98.24,0,0,0,0,0,93,0,0,0
636505,2018,5,29,"2018-05-29","19:55:00",3,"OK",40,0,1,0,0,0,0,36.44,-99.21,36.44,-99.21,0,0,0,0,0,153,0,0,0
636506,2018,5,29,"2018-05-29","20:02:00",3,"OK",40,0,1,0,0,0,0,36.38,-98.24,36.38,-98.24,0,0,0,0,0,93,0,0,0
636507,2018,5,29,"2018-05-29","20:05:00",3,"OK",40,0,1.75,0,0,0,0,36.4,-98.27,36.4,-98.27,0,0,0,0,0,93,0,0,0
636508,2018,5,29,"2018-05-29","20:15:00",3,"OK",40,0,1.25,0,0,0,0,35.28,-99.5,35.28,-99.5,0,0,0,0,0,9,0,0,0
636509,2018,5,29,"2018-05-29","20:24:00",3,"OK",40,0,1,0,0,0,0,36.39,-98.09,36.39,-98.09,0,0,0,0,0,47,0,0,0
636510,2018,5,29,"2018-05-29","20:43:00",3,"OK",40,0,1,0,0,0,0,36.36,-98.04,36.36,-98.04,0,0,0,0,0,47,0,0,0
636511,2018,5,29,"2018-05-29","20:46:00",3,"OK",40,0,1.3,0,0,0,0,35.01,-99.09,35.01,-99.09,0,0,0,0,0,75,0,0,0
636512,2018,5,29,"2018-05-29","20:46:00",3,"OK",40,0,1,0,0,0,0,36.4,-97.88,36.4,-97.88,0,0,0,0,0,47,0,0,0
636513,2018,5,29,"2018-05-29","20:50:00",3,"OK",40,0,1.75,0,0,0,0,36.34,-97.88,36.34,-97.88,0,0,0,0,0,47,0,0,0
636514,2018,5,29,"2018-05-29","20:51:00",3,"OK",40,0,1,0,0,0,0,35.03,-99.09,35.03,-99.09,0,0,0,0,0,75,0,0,0
636515,2018,5,29,"2018-05-29","21:50:00",3,"OK",40,0,1.25,0,0,0,0,36.4777,-98.1402,36.4777,-98.1402,0,0,0,0,0,3,0,0,0
636516,2018,5,29,"2018-05-29","22:15:00",3,"OK",40,0,1,0,0,0,0,36.45,-98.03,36.45,-98.03,0,0,0,0,0,47,0,0,0
636517,2018,5,29,"2018-05-29","22:15:00",3,"KS",20,0,0.88,0,0,0,0,39.06,-94.79,39.06,-94.79,0,0,0,0,0,209,0,0,0
636518,2018,5,29,"2018-05-29","22:17:00",3,"OK",40,0,1.75,0,0,0,0,36.39,-98.07,36.39,-98.07,0,0,0,0,0,47,0,0,0
636519,2018,5,29,"2018-05-29","22:19:00",3,"OK",40,0,1.25,0,0,0,0,36.39,-98.09,36.39,-98.09,0,0,0,0,0,47,0,0,0
636520,2018,5,29,"2018-05-29","22:19:00",3,"OK",40,0,1.75,0,0,0,0,34.63,-98.62,34.63,-98.62,0,0,0,0,0,31,0,0,0
636521,2018,5,30,"2018-05-30","05:51:00",3,"OK",40,0,0.88,0,0,0,0,34,-96.39,34,-96.39,0,0,0,0,0,13,0,0,0
636522,2018,5,30,"2018-05-30","12:25:00",3,"MS",28,0,1,0,0,0,0,33.7,-90.37,33.7,-90.37,0,0,0,0,0,83,0,0,0
636523,2018,5,30,"2018-05-30","15:40:00",3,"CO",8,0,0.88,0,0,0,0,39.15,-104.83,39.15,-104.83,0,0,0,0,0,35,0,0,0
636524,2018,5,30,"2018-05-30","15:55:00",3,"CO",8,0,1,0,0,0,0,39.17,-104.81,39.17,-104.81,0,0,0,0,0,35,0,0,0
636525,2018,5,30,"2018-05-30","16:23:00",3,"CO",8,0,1,0,0,0,0,39.06,-104.6,39.06,-104.6,0,0,0,0,0,41,0,0,0
636526,2018,5,30,"2018-05-30","16:50:00",3,"NM",35,0,1,0,0,0,0,36.24,-103.31,36.24,-103.31,0,0,0,0,0,59,0,0,0
636527,2018,5,30,"2018-05-30","17:17:00",3,"MS",28,0,1,0,0,0,0,32.5586,-88.8997,32.5586,-88.8997,0,0,0,0,0,75,0,0,0
636528,2018,5,30,"2018-05-30","17:21:00",3,"CO",8,0,1,0,0,0,0,40.08,-105.41,40.08,-105.41,0,0,0,0,0,13,0,0,0
636529,2018,5,30,"2018-05-30","17:30:00",3,"MS",28,0,1.5,0,0,5000,0,32.4,-88.6,32.4,-88.6,0,0,0,0,0,75,0,0,0
636530,2018,5,30,"2018-05-30","17:47:00",3,"OK",40,0,1,0,0,0,0,36.73,-102.53,36.73,-102.53,0,0,0,0,0,25,0,0,0
636531,2018,5,30,"2018-05-30","18:00:00",3,"ID",16,0,1.25,0,0,0,0,42.44,-114.14,42.4576,-114.1343,0,0,0,0,0,83,0,0,0
636532,2018,5,30,"2018-05-30","18:00:00",3,"ID",16,0,1.25,0,0,0,0,42.3253,-114.0573,42.3253,-114.0573,0,0,0,0,0,31,0,0,0
636533,2018,5,30,"2018-05-30","18:21:00",3,"OK",40,0,1,0,0,0,0,36.53,-102.25,36.53,-102.25,0,0,0,0,0,25,0,0,0
636534,2018,5,30,"2018-05-30","18:21:00",3,"TX",48,0,1,0,0,0,0,36.5,-102.24,36.5,-102.24,0,0,0,0,0,111,0,0,0
636535,2018,5,30,"2018-05-30","18:52:00",3,"MS",28,0,1,0,0,0,0,34.6195,-90.0069,34.6207,-89.9747,0,0,0,0,0,137,0,0,0
636536,2018,5,30,"2018-05-30","18:58:00",3,"MS",28,0,1,0,0,0,0,34.6116,-89.9617,34.622,-89.9101,0,0,0,0,0,137,0,0,0
636537,2018,5,30,"2018-05-30","19:02:00",3,"TX",48,0,2,0,0,0,0,36.46,-101.82,36.46,-101.82,0,0,0,0,0,421,0,0,0
636538,2018,5,30,"2018-05-30","19:15:00",3,"OK",40,0,0.75,0,0,0,0,36.67,-101.48,36.67,-101.48,0,0,0,0,0,139,0,0,0
636539,2018,5,30,"2018-05-30","19:44:00",3,"TX",48,0,1.25,0,0,0,0,36.33,-101.35,36.33,-101.35,0,0,0,0,0,195,0,0,0
636540,2018,5,30,"2018-05-30","19:45:00",3,"TX",48,0,1.25,0,0,0,0,36.34,-101.37,36.34,-101.37,0,0,0,0,0,195,0,0,0
636541,2018,5,30,"2018-05-30","19:50:00",3,"TX",48,0,1.5,0,0,0,0,36.36,-101.41,36.36,-101.41,0,0,0,0,0,195,0,0,0
636542,2018,5,30,"2018-05-30","20:07:00",3,"TX",48,0,1.5,0,0,0,0,36.34,-101.26,36.34,-101.26,0,0,0,0,0,195,0,0,0
636543,2018,5,30,"2018-05-30","20:15:00",3,"OK",40,0,1,0,0,0,0,36.73,-102.51,36.73,-102.51,0,0,0,0,0,25,0,0,0
636544,2018,5,30,"2018-05-30","20:18:00",3,"OK",40,0,0.75,0,0,0,0,36.73,-102.51,36.73,-102.51,0,0,0,0,0,25,0,0,0
636545,2018,5,30,"2018-05-30","20:22:00",3,"OK",40,0,1,0,0,0,0,36.76,-102.41,36.76,-102.41,0,0,0,0,0,25,0,0,0
636546,2018,5,30,"2018-05-30","20:55:00",3,"TX",48,0,2,0,0,0,0,36.23,-100.36,36.23,-100.36,0,0,0,0,0,295,0,0,0
636547,2018,5,30,"2018-05-30","21:05:00",3,"OK",40,0,1.5,0,0,0,0,36.67,-102.49,36.67,-102.49,0,0,0,0,0,25,0,0,0
636548,2018,5,30,"2018-05-30","21:05:00",3,"TX",48,0,1.75,0,0,0,0,36.2,-100.28,36.2,-100.28,0,0,0,0,0,295,0,0,0
636549,2018,5,30,"2018-05-30","21:05:00",3,"ND",38,0,1.25,0,0,0,0,48.66,-103.71,48.66,-103.71,0,0,0,0,0,23,0,0,0
636550,2018,5,30,"2018-05-30","21:07:00",3,"TX",48,0,1.75,0,0,0,0,36.23,-100.27,36.23,-100.27,0,0,0,0,0,295,0,0,0
636551,2018,5,30,"2018-05-30","21:25:00",3,"OK",40,0,1.75,0,0,0,0,36.1355,-99.7665,36.1355,-99.7665,0,0,0,0,0,45,0,0,0
636552,2018,5,30,"2018-05-30","21:25:00",3,"TX",48,0,2.5,0,0,0,0,36.12,-100.03,36.12,-100.03,0,0,0,0,0,295,0,0,0
636553,2018,5,30,"2018-05-30","21:35:00",3,"OK",40,0,1.75,0,0,0,0,36.14,-99.63,36.14,-99.63,0,0,0,0,0,45,0,0,0
636554,2018,5,30,"2018-05-30","21:46:00",3,"OK",40,0,0.75,0,0,0,0,36.7,-101.49,36.7,-101.49,0,0,0,0,0,139,0,0,0
636555,2018,5,30,"2018-05-30","21:47:00",3,"OK",40,0,2,0,0,0,0,36.03,-99.76,36.03,-99.76,0,0,0,0,0,45,0,0,0
636556,2018,5,30,"2018-05-30","21:50:00",3,"OK",40,0,1,0,0,0,0,36.7,-101.49,36.7,-101.49,0,0,0,0,0,139,0,0,0
636557,2018,5,30,"2018-05-30","21:55:00",3,"OK",40,0,1,0,0,0,0,36.69,-101.48,36.69,-101.48,0,0,0,0,0,139,0,0,0
636558,2018,5,30,"2018-05-30","22:25:00",3,"TX",48,0,1.75,0,0,0,0,36.12,-100.03,36.12,-100.03,0,0,0,0,0,295,0,0,0
636559,2018,5,30,"2018-05-30","23:01:00",3,"TX",48,0,1,0,0,0,0,36.45,-100.55,36.45,-100.55,0,0,0,0,0,295,0,0,0
636560,2018,5,30,"2018-05-30","23:01:00",3,"TX",48,0,0.88,0,0,0,0,36.46,-100.54,36.46,-100.54,0,0,0,0,0,295,0,0,0
636561,2018,5,30,"2018-05-30","23:12:00",3,"KS",20,0,1,0,0,0,0,37.44,-98.28,37.44,-98.28,0,0,0,0,0,95,0,0,0
636562,2018,5,30,"2018-05-30","23:22:00",3,"OK",40,0,1.75,0,0,0,0,36.061,-99.7571,36.061,-99.7571,0,0,0,0,0,45,0,0,0
636563,2018,5,31,"2018-05-31","03:15:00",3,"KS",20,0,0.88,0,0,0,0,37.24,-94.71,37.24,-94.71,0,0,0,0,0,21,0,0,0
636564,2018,5,31,"2018-05-31","09:20:00",3,"TN",47,0,0.75,0,0,0,0,35.88,-85.58,35.88,-85.58,0,0,0,0,0,185,0,0,0
636565,2018,5,31,"2018-05-31","09:35:00",3,"TN",47,0,0.75,0,0,0,0,36.2776,-85.65,36.2776,-85.65,0,0,0,0,0,87,0,0,0
636566,2018,5,31,"2018-05-31","10:45:00",3,"KY",21,0,0.75,0,0,0,0,37.75,-84.31,37.75,-84.31,0,0,0,0,0,151,0,0,0
636567,2018,5,31,"2018-05-31","11:45:00",3,"KY",21,0,1,0,0,0,0,37.77,-86.9,37.77,-86.9,0,0,0,0,0,59,0,0,0
636568,2018,5,31,"2018-05-31","12:15:00",3,"KY",21,0,1,0,0,0,0,36.87,-88.35,36.87,-88.35,0,0,0,0,0,157,0,0,0
636569,2018,5,31,"2018-05-31","12:30:00",3,"ID",16,0,1,0,0,0,0,43.47,-111.98,43.47,-111.98,0,0,0,0,0,19,0,0,0
636570,2018,5,31,"2018-05-31","12:52:00",3,"MT",30,0,1,0,0,20000,0,46.25,-114.15,46.25,-114.15,0,0,0,0,0,81,0,0,0
636571,2018,5,31,"2018-05-31","13:04:00",3,"SC",45,0,0.75,0,0,0,0,34.89,-82.98,34.89,-82.98,0,0,0,0,0,73,0,0,0
636572,2018,5,31,"2018-05-31","13:24:00",3,"MT",30,0,1.5,0,0,0,0,46.2777,-114.0533,46.2777,-114.0533,0,0,0,0,0,81,0,0,0
636573,2018,5,31,"2018-05-31","13:53:00",3,"IL",17,0,1,0,0,0,0,37,-89.18,37,-89.18,0,0,0,0,0,3,0,0,0
636574,2018,5,31,"2018-05-31","14:00:00",3,"ND",38,0,1.25,0,0,5000,0,47.14,-102.33,47.14,-102.33,0,0,0,0,0,25,0,0,0
636575,2018,5,31,"2018-05-31","14:08:00",3,"GA",13,0,1,0,0,0,0,34.8229,-85.0556,34.8229,-85.0556,0,0,0,0,0,313,0,0,0
636576,2018,5,31,"2018-05-31","14:30:00",3,"ND",38,0,1,0,0,0,0,46.88,-102.81,46.88,-102.81,0,0,0,0,0,89,0,0,0
636577,2018,5,31,"2018-05-31","14:40:00",3,"IL",17,0,0.88,0,0,0,0,40.23,-89.0631,40.23,-89.0631,0,0,0,0,0,39,0,0,0
636578,2018,5,31,"2018-05-31","14:42:00",3,"KY",21,0,0.75,0,0,0,0,37.08,-88.9,37.08,-88.9,0,0,0,0,0,7,0,0,0
636579,2018,5,31,"2018-05-31","14:47:00",3,"MT",30,0,1,0,0,0,0,46.42,-113.2,46.42,-113.2,0,0,0,0,0,39,0,0,0
636580,2018,5,31,"2018-05-31","14:52:00",3,"KY",21,0,1,0,0,0,0,37.08,-88.75,37.08,-88.75,0,0,0,0,0,145,0,0,0
636581,2018,5,31,"2018-05-31","15:00:00",3,"ID",16,0,1,0,0,0,0,42.62,-113.67,42.62,-113.67,0,0,0,0,0,67,0,0,0
636582,2018,5,31,"2018-05-31","15:14:00",3,"MT",30,0,1,0,0,0,0,45.81,-110.49,45.81,-110.49,0,0,0,0,0,67,0,0,0
636583,2018,5,31,"2018-05-31","15:15:00",3,"ND",38,0,1,0,0,0,0,46.92,-102.79,46.92,-102.79,0,0,0,0,0,89,0,0,0
636584,2018,5,31,"2018-05-31","15:20:00",3,"MT",30,0,1,0,0,0,0,46.35,-109.52,46.35,-109.52,0,0,0,0,0,107,0,0,0
636585,2018,5,31,"2018-05-31","15:34:00",3,"MO",29,0,1.5,0,0,0,0,37,-91.5,37,-91.5,0,0,0,0,0,203,0,0,0
636586,2018,5,31,"2018-05-31","15:35:00",3,"MT",30,0,0.88,0,0,0,0,45.81,-110.36,45.81,-110.36,0,0,0,0,0,67,0,0,0
636587,2018,5,31,"2018-05-31","15:40:00",3,"MO",29,0,2.5,0,0,0,0,36.65,-93.22,36.65,-93.22,0,0,0,0,0,213,0,0,0
636588,2018,5,31,"2018-05-31","15:40:00",3,"MO",29,0,1.75,0,0,0,0,36.67,-93.11,36.67,-93.11,0,0,0,0,0,213,0,0,0
636589,2018,5,31,"2018-05-31","15:40:00",3,"MO",29,0,1.75,0,0,0,0,36.69,-93.12,36.69,-93.12,0,0,0,0,0,213,0,0,0
636590,2018,5,31,"2018-05-31","15:40:00",3,"MO",29,0,2.5,0,0,0,0,36.7,-93.15,36.7,-93.15,0,0,0,0,0,213,0,0,0
636591,2018,5,31,"2018-05-31","15:40:00",3,"MO",29,0,1.25,0,0,0,0,36.7,-93.22,36.7,-93.22,0,0,0,0,0,213,0,0,0
636592,2018,5,31,"2018-05-31","15:43:00",3,"MO",29,0,1.75,0,0,0,0,36.69,-93.1,36.69,-93.1,0,0,0,0,0,213,0,0,0
636593,2018,5,31,"2018-05-31","15:45:00",3,"MO",29,0,1,0,0,0,0,36.71,-91.86,36.71,-91.86,0,0,0,0,0,91,0,0,0
636594,2018,5,31,"2018-05-31","15:50:00",3,"MO",29,0,2.75,0,0,0,0,36.69,-93.12,36.69,-93.12,0,0,0,0,0,213,0,0,0
636595,2018,5,31,"2018-05-31","15:50:00",3,"NC",37,0,1,0,0,0,0,35.416,-81.629,35.416,-81.629,0,0,0,0,0,45,0,0,0
636596,2018,5,31,"2018-05-31","15:52:00",3,"MT",30,0,1,0,0,0,0,46.36,-109.53,46.36,-109.53,0,0,0,0,0,107,0,0,0
636597,2018,5,31,"2018-05-31","16:00:00",3,"MO",29,0,2.5,0,0,0,0,36.7,-93.15,36.7,-93.15,0,0,0,0,0,213,0,0,0
636598,2018,5,31,"2018-05-31","16:11:00",3,"MO",29,0,0.75,0,0,0,0,37,-91.02,37,-91.02,0,0,0,0,0,35,0,0,0
636599,2018,5,31,"2018-05-31","16:20:00",3,"ND",38,0,1,0,0,0,0,46.54,-102.87,46.54,-102.87,0,0,0,0,0,41,0,0,0
636600,2018,5,31,"2018-05-31","16:23:00",3,"MO",29,0,1,0,0,0,0,36.95,-91.17,36.95,-91.17,0,0,0,0,0,35,0,0,0
636601,2018,5,31,"2018-05-31","16:35:00",3,"MT",30,0,1,0,0,0,0,46.4,-109.11,46.4,-109.11,0,0,0,0,0,37,0,0,0
636602,2018,5,31,"2018-05-31","16:38:00",3,"MT",30,0,1,0,0,0,0,46.8134,-112.2581,46.8134,-112.2581,0,0,0,0,0,49,0,0,0
636603,2018,5,31,"2018-05-31","16:44:00",3,"MO",29,0,1,0,0,0,0,36.71,-92.66,36.71,-92.66,0,0,0,0,0,153,0,0,0
636604,2018,5,31,"2018-05-31","16:45:00",3,"MO",29,0,1,0,0,0,0,36.56,-91.5,36.56,-91.5,0,0,0,0,0,149,0,0,0
636605,2018,5,31,"2018-05-31","16:50:00",3,"WY",56,0,0.88,0,0,0,0,44.83,-107.8494,44.83,-107.8494,0,0,0,0,0,3,0,0,0
636606,2018,5,31,"2018-05-31","16:53:00",3,"MO",29,0,1,0,0,0,0,36.72,-92.66,36.72,-92.66,0,0,0,0,0,153,0,0,0
636607,2018,5,31,"2018-05-31","17:00:00",3,"MT",30,0,0.88,0,0,0,0,46.05,-109.99,46.05,-109.99,0,0,0,0,0,97,0,0,0
636608,2018,5,31,"2018-05-31","17:00:00",3,"ID",16,0,1,0,0,0,0,43.48,-112.03,43.48,-112.03,0,0,0,0,0,19,0,0,0
636609,2018,5,31,"2018-05-31","17:11:00",3,"ID",16,0,1.25,0,0,0,0,43.72,-112.13,43.72,-112.13,0,0,0,0,0,51,0,0,0
636610,2018,5,31,"2018-05-31","17:15:00",3,"IL",17,0,0.75,0,0,0,0,40.1914,-87.5397,40.1914,-87.5397,0,0,0,0,0,183,0,0,0
636611,2018,5,31,"2018-05-31","17:20:00",3,"ID",16,0,1,0,0,0,0,43.8326,-111.9741,43.8326,-111.9741,0,0,0,0,0,51,0,0,0
636612,2018,5,31,"2018-05-31","17:30:00",3,"MT",30,0,1,0,0,0,0,46.45,-108.65,46.45,-108.65,0,0,0,0,0,65,0,0,0
636613,2018,5,31,"2018-05-31","17:30:00",3,"TN",47,0,0.75,0,0,0,0,36.4145,-86.17,36.4145,-86.17,0,0,0,0,0,169,0,0,0
636614,2018,5,31,"2018-05-31","17:32:00",3,"MO",29,0,1.75,0,0,0,0,37.15,-91.36,37.15,-91.36,0,0,0,0,0,203,0,0,0
636615,2018,5,31,"2018-05-31","17:36:00",3,"TN",47,0,1.5,0,0,0,0,36.4291,-86.1036,36.4291,-86.1036,0,0,0,0,0,169,0,0,0
636616,2018,5,31,"2018-05-31","17:40:00",3,"MT",30,0,1.75,0,0,0,0,46.44,-108.55,46.44,-108.55,0,0,0,0,0,65,0,0,0
636617,2018,5,31,"2018-05-31","17:40:00",3,"MO",29,0,1,0,0,0,0,36.8,-92.91,36.8,-92.91,0,0,0,0,0,213,0,0,0
636618,2018,5,31,"2018-05-31","17:40:00",3,"MO",29,0,1,0,0,0,0,37.12,-92.58,37.12,-92.58,0,0,0,0,0,229,0,0,0
636619,2018,5,31,"2018-05-31","17:45:00",3,"MT",30,0,1.75,0,0,0,0,46.45,-108.55,46.45,-108.55,0,0,0,0,0,65,0,0,0
636620,2018,5,31,"2018-05-31","17:47:00",3,"MT",30,0,2.5,0,0,0,0,46.46,-108.54,46.46,-108.54,0,0,0,0,0,65,0,0,0
636621,2018,5,31,"2018-05-31","17:48:00",3,"MT",30,0,1.75,0,0,0,0,46.46,-108.55,46.46,-108.55,0,0,0,0,0,65,0,0,0
636622,2018,5,31,"2018-05-31","17:49:00",3,"ID",16,0,1,0,0,0,0,43.82,-111.8602,43.82,-111.8602,0,0,0,0,0,65,0,0,0
636623,2018,5,31,"2018-05-31","18:00:00",3,"WY",56,0,1,0,0,0,0,44.1,-104.86,44.1,-104.86,0,0,0,0,0,45,0,0,0
636624,2018,5,31,"2018-05-31","18:00:00",3,"MT",30,0,1.5,0,0,0,0,46.52,-108.44,46.52,-108.44,0,0,0,0,0,65,0,0,0
636625,2018,5,31,"2018-05-31","18:01:00",3,"ID",16,0,1,0,0,0,0,43.9755,-111.6614,43.9755,-111.6614,0,0,0,0,0,43,0,0,0
636626,2018,5,31,"2018-05-31","18:02:00",3,"IL",17,0,0.88,0,0,0,0,39.0101,-89.7959,39.02,-89.78,0,0,0,0,0,117,0,0,0
636627,2018,5,31,"2018-05-31","18:15:00",3,"MO",29,0,1,0,0,0,0,36.58,-92.68,36.58,-92.68,0,0,0,0,0,153,0,0,0
636628,2018,5,31,"2018-05-31","18:20:00",3,"IL",17,0,0.75,0,0,0,0,37.62,-88.83,37.62,-88.83,0,0,0,0,0,199,0,0,0
636629,2018,5,31,"2018-05-31","18:21:00",3,"MO",29,0,1.75,0,0,0,0,37.717,-91.1446,37.72,-91.13,0,0,0,0,0,93,0,0,0
636630,2018,5,31,"2018-05-31","18:28:00",3,"WY",56,0,1,0,0,0,0,44.3191,-104.7528,44.3191,-104.7528,0,0,0,0,0,11,0,0,0
636631,2018,5,31,"2018-05-31","18:30:00",3,"MT",30,0,0.88,0,0,0,0,45.42,-106.47,45.42,-106.47,0,0,0,0,0,87,0,0,0
636632,2018,5,31,"2018-05-31","18:30:00",3,"MO",29,0,1,0,0,0,0,37.41,-91.47,37.41,-91.47,0,0,0,0,0,203,0,0,0
636633,2018,5,31,"2018-05-31","18:31:00",3,"MO",29,0,2.5,0,0,0,0,37.7992,-90.7739,37.7992,-90.7739,0,0,0,0,0,221,0,0,0
636634,2018,5,31,"2018-05-31","18:35:00",3,"MO",29,0,0.88,0,0,0,0,37.31,-91.54,37.31,-91.54,0,0,0,0,0,203,0,0,0
636635,2018,5,31,"2018-05-31","18:38:00",3,"MT",30,0,1,0,0,0,0,45.25,-106.97,45.25,-106.97,0,0,0,0,0,3,0,0,0
636636,2018,5,31,"2018-05-31","18:41:00",3,"MO",29,0,1,0,0,0,0,37.44,-92.09,37.44,-92.09,0,0,0,0,0,215,0,0,0
636637,2018,5,31,"2018-05-31","18:47:00",3,"ID",16,0,1,0,0,0,0,44.459,-111.37,44.459,-111.37,0,0,0,0,0,43,0,0,0
636638,2018,5,31,"2018-05-31","18:55:00",3,"IL",17,0,1.25,0,0,0,0,37.93,-88.3876,37.93,-88.3876,0,0,0,0,0,65,0,0,0
636639,2018,5,31,"2018-05-31","19:01:00",3,"IL",17,0,1.5,0,0,0,0,37.98,-88.32,37.92,-88.3425,0,0,0,0,0,193,0,0,0
636640,2018,5,31,"2018-05-31","19:06:00",3,"MO",29,0,1,0,0,0,0,36.61,-92.43,36.61,-92.43,0,0,0,0,0,153,0,0,0
636641,2018,5,31,"2018-05-31","19:08:00",3,"WY",56,0,1,0,0,0,0,44.69,-104.44,44.69,-104.44,0,0,0,0,0,11,0,0,0
636642,2018,5,31,"2018-05-31","19:12:00",3,"MT",30,0,1,0,0,0,0,46.3,-108.81,46.3,-108.81,0,0,0,0,0,37,0,0,0
636643,2018,5,31,"2018-05-31","19:15:00",3,"ND",38,0,0.75,0,0,0,0,46.42,-101.56,46.42,-101.56,0,0,0,0,0,37,0,0,0
636644,2018,5,31,"2018-05-31","19:18:00",3,"MO",29,0,1,0,0,0,0,36.96,-93.38,36.96,-93.38,0,0,0,0,0,209,0,0,0
636645,2018,5,31,"2018-05-31","19:27:00",3,"MO",29,0,1,0,0,0,0,37.46,-91.68,37.46,-91.68,0,0,0,0,0,65,0,0,0
636646,2018,5,31,"2018-05-31","19:29:00",3,"ND",38,0,1,0,0,0,0,46.37,-102.33,46.37,-102.33,0,0,0,0,0,41,0,0,0
636647,2018,5,31,"2018-05-31","19:30:00",3,"TN",47,0,0.88,0,0,0,0,35.27,-86.28,35.27,-86.28,0,0,0,0,0,51,0,0,0
636648,2018,5,31,"2018-05-31","19:31:00",3,"ND",38,0,1.25,0,0,0,0,46.38,-102.33,46.38,-102.33,0,0,0,0,0,41,0,0,0
636649,2018,5,31,"2018-05-31","19:35:00",3,"ND",38,0,0.75,0,0,0,0,46.37,-102.33,46.37,-102.33,0,0,0,0,0,41,0,0,0
636650,2018,5,31,"2018-05-31","19:48:00",3,"WY",56,0,1,0,0,0,0,44.89,-104.79,44.89,-104.79,0,0,0,0,0,11,0,0,0
636651,2018,5,31,"2018-05-31","19:49:00",3,"IL",17,0,0.75,0,0,0,0,38.049,-89.23,38.049,-89.23,0,0,0,0,0,145,0,0,0
636652,2018,5,31,"2018-05-31","19:58:00",3,"MO",29,0,1,0,0,0,0,37.25,-92.51,37.25,-92.51,0,0,0,0,0,229,0,0,0
636653,2018,5,31,"2018-05-31","20:00:00",3,"MO",29,0,1.25,0,0,0,0,36.88,-93.35,36.88,-93.35,0,0,0,0,0,209,0,0,0
636654,2018,5,31,"2018-05-31","20:00:00",3,"ID",16,0,1,0,0,0,0,43.72,-112.13,43.72,-112.13,0,0,0,0,0,51,0,0,0
636655,2018,5,31,"2018-05-31","20:04:00",3,"MO",29,0,1,0,0,0,0,37.56,-91.43,37.56,-91.43,0,0,0,0,0,65,0,0,0
636656,2018,5,31,"2018-05-31","20:09:00",3,"ND",38,0,1,0,0,0,0,46.37,-101.95,46.37,-101.95,0,0,0,0,0,37,0,0,0
636657,2018,5,31,"2018-05-31","20:31:00",3,"MO",29,0,0.75,0,0,0,0,36.97,-90.55,36.97,-90.55,0,0,0,0,0,223,0,0,0
636658,2018,5,31,"2018-05-31","20:36:00",3,"IL",17,0,0.75,0,0,0,0,38.02,-89.1933,38.02,-89.1933,0,0,0,0,0,145,0,0,0
636659,2018,5,31,"2018-05-31","20:37:00",3,"MO",29,0,0.75,0,0,0,0,36.9,-90.4076,36.9,-90.4076,0,0,0,0,0,23,0,0,0
636660,2018,5,31,"2018-05-31","20:55:00",3,"MT",30,0,1.75,0,0,0,0,46.59,-107.75,46.59,-107.75,0,0,0,0,0,87,0,0,0
636661,2018,5,31,"2018-05-31","20:59:00",3,"AR",5,0,1.5,0,0,0,0,36.3,-91.52,36.3,-91.52,0,0,0,0,0,135,0,0,0
636662,2018,5,31,"2018-05-31","21:07:00",3,"AR",5,0,1,0,0,0,0,36.3,-91.52,36.3,-91.52,0,0,0,0,0,135,0,0,0
636663,2018,5,31,"2018-05-31","21:36:00",3,"AR",5,0,1,0,0,0,0,36.2439,-91.285,36.2292,-91.2301,0,0,0,0,0,75,0,0,0
636664,2018,5,31,"2018-05-31","22:20:00",3,"ND",38,0,1,0,0,0,0,46.05,-100.91,46.05,-100.91,0,0,0,0,0,85,0,0,0
636665,2018,5,31,"2018-05-31","22:40:00",3,"MT",30,0,0.75,0,0,0,0,45.73,-107.62,45.73,-107.62,0,0,0,0,0,3,0,0,0
634319,2018,5,1,"2018-05-01","02:56:00",3,"IA",19,0,1,0,0,0,0,41.5,-95.1,41.5,-95.1,0,0,0,0,0,29,0,0,0
634320,2018,5,1,"2018-05-01","06:25:00",3,"IA",19,0,0.88,0,0,0,0,41.6,-93.72,41.6,-93.72,0,0,0,0,0,153,0,0,0
634321,2018,5,1,"2018-05-01","07:00:00",3,"IA",19,0,0.88,0,0,0,0,41.6412,-93.5039,41.6412,-93.5039,0,0,0,0,0,153,0,0,0
634322,2018,5,1,"2018-05-01","13:30:00",3,"CO",8,0,0.88,0,0,0,0,40.14,-105.15,40.14,-105.15,0,0,0,0,0,13,0,0,0
634323,2018,5,1,"2018-05-01","14:04:00",3,"CO",8,0,1,0,0,0,0,40.12,-104.93,40.12,-104.93,0,0,0,0,0,123,0,0,0
634324,2018,5,1,"2018-05-01","14:15:00",3,"KS",20,0,1.25,0,0,0,0,39.6433,-99.1344,39.6433,-99.1344,0,0,0,0,0,147,0,0,0
634325,2018,5,1,"2018-05-01","14:18:00",3,"KS",20,0,1.5,0,0,0,0,38.96,-99.44,38.96,-99.44,0,0,0,0,0,51,0,0,0
634326,2018,5,1,"2018-05-01","14:38:00",3,"KS",20,0,1,0,0,0,0,39.77,-99.03,39.77,-99.03,0,0,0,0,0,183,0,0,0
634327,2018,5,1,"2018-05-01","14:40:00",3,"KS",20,0,1.75,0,0,50000,150000,39.77,-98.92,39.77,-98.92,0,0,0,0,0,183,0,0,0
634328,2018,5,1,"2018-05-01","15:00:00",3,"NE",31,0,1,0,0,0,0,41.63,-97.12,41.63,-97.12,0,0,0,0,0,37,0,0,0
634329,2018,5,1,"2018-05-01","15:00:00",3,"NE",31,0,1.75,0,0,150000,3e+05,41.1866,-97.4374,41.2307,-97.3892,0,0,0,0,0,143,0,0,0
634330,2018,5,1,"2018-05-01","15:03:00",3,"KS",20,0,1,0,0,0,0,38.93,-99.23,38.93,-99.23,0,0,0,0,0,51,0,0,0
634331,2018,5,1,"2018-05-01","15:04:00",3,"NE",31,0,1.25,0,0,0,0,40.23,-98.52,40.23,-98.52,0,0,0,0,0,181,0,0,0
634332,2018,5,1,"2018-05-01","15:12:00",3,"KS",20,0,0.75,0,0,0,0,39.65,-98.8312,39.65,-98.8312,0,0,0,0,0,183,0,0,0
634333,2018,5,1,"2018-05-01","15:18:00",3,"NE",31,0,0.88,0,0,0,0,40.92,-98.35,40.92,-98.35,0,0,0,0,0,79,0,0,0
634334,2018,5,1,"2018-05-01","15:18:00",3,"NE",31,0,1,0,0,0,0,40.42,-98.42,40.42,-98.42,0,0,0,0,0,1,0,0,0
634335,2018,5,1,"2018-05-01","15:20:00",3,"KS",20,0,0.88,0,0,0,0,38.35,-99.58,38.35,-99.58,0,0,0,0,0,145,0,0,0
634336,2018,5,1,"2018-05-01","15:20:00",3,"KS",20,0,1,0,0,0,0,39.11,-98.92,39.11,-98.92,0,0,0,0,0,167,0,0,0
634337,2018,5,1,"2018-05-01","15:23:00",3,"IA",19,0,1.5,0,0,0,0,42.66,-95.6,42.66,-95.6,0,0,0,0,0,35,0,0,0
634338,2018,5,1,"2018-05-01","15:25:00",3,"NE",31,0,1.75,0,0,25000,0,40.3335,-98.341,40.3335,-98.341,0,0,0,0,0,181,0,0,0
634339,2018,5,1,"2018-05-01","15:25:00",3,"IA",19,0,1,0,0,0,0,41.6949,-94.3618,41.6949,-94.3618,0,0,0,0,0,77,0,0,0
634340,2018,5,1,"2018-05-01","15:25:00",3,"KS",20,0,1,0,0,0,0,38.35,-99.51,38.35,-99.51,0,0,0,0,0,145,0,0,0
634341,2018,5,1,"2018-05-01","15:29:00",3,"NE",31,0,1,0,0,0,0,41.67,-97.06,41.67,-97.06,0,0,0,0,0,37,0,0,0
634342,2018,5,1,"2018-05-01","15:30:00",3,"NE",31,0,1.75,0,0,150000,25000,40.42,-98.293,40.42,-98.293,0,0,0,0,0,1,0,0,0
634343,2018,5,1,"2018-05-01","15:30:00",3,"NE",31,0,1.75,0,0,150000,25000,40.28,-98.71,40.28,-98.71,0,0,0,0,0,181,0,0,0
634344,2018,5,1,"2018-05-01","15:30:00",3,"KS",20,0,0.88,0,0,0,0,39.02,-99.02,39.02,-99.02,0,0,0,0,0,167,0,0,0
634345,2018,5,1,"2018-05-01","15:30:00",3,"NE",31,0,1.75,0,0,5e+06,0,40.5655,-98.38,40.6379,-98.38,0,0,0,0,0,1,0,0,0
634346,2018,5,1,"2018-05-01","15:31:00",3,"IA",19,0,0.75,0,0,0,0,41.81,-94.31,41.81,-94.31,0,0,0,0,0,77,0,0,0
634347,2018,5,1,"2018-05-01","15:36:00",3,"IA",19,0,1.5,0,0,0,0,42.71,-95.44,42.71,-95.44,0,0,0,0,0,35,0,0,0
634348,2018,5,1,"2018-05-01","15:37:00",3,"KS",20,0,1,0,0,0,0,38.4,-99.39,38.4,-99.39,0,0,0,0,0,165,0,0,0
634349,2018,5,1,"2018-05-01","15:40:00",3,"NE",31,0,1.75,0,0,0,0,41.0666,-97.8927,41.0666,-97.8927,0,0,0,0,0,81,0,0,0
634350,2018,5,1,"2018-05-01","15:40:00",3,"IA",19,0,1.25,0,0,0,0,42.71,-95.44,42.71,-95.44,0,0,0,0,0,35,0,0,0
634351,2018,5,1,"2018-05-01","15:42:00",3,"KS",20,0,1,0,0,0,0,39.8634,-98.43,39.8634,-98.43,0,0,0,0,0,89,0,0,0
634352,2018,5,1,"2018-05-01","15:45:00",3,"IA",19,0,1,0,0,0,0,41.86,-93.93,41.86,-93.93,0,0,0,0,0,49,0,0,0
634353,2018,5,1,"2018-05-01","15:45:00",3,"KS",20,0,1,0,0,0,0,38.48,-99.24,38.48,-99.24,0,0,0,0,0,165,0,0,0
634354,2018,5,1,"2018-05-01","15:45:00",3,"KS",20,0,1,0,0,0,0,39.09,-98.92,39.09,-98.92,0,0,0,0,0,167,0,0,0
634355,2018,5,1,"2018-05-01","15:47:00",3,"KS",20,0,0.88,0,0,0,0,39.87,-98.3566,39.87,-98.3566,0,0,0,0,0,89,0,0,0
634356,2018,5,1,"2018-05-01","15:48:00",3,"NE",31,0,4,0,0,0,0,41.35,-97.07,41.35,-97.07,0,0,0,0,0,23,0,0,0
634357,2018,5,1,"2018-05-01","15:48:00",3,"NE",31,0,2.75,0,0,0,0,41.35,-97.09,41.35,-97.09,0,0,0,0,0,23,0,0,0
634358,2018,5,1,"2018-05-01","15:49:00",3,"IA",19,0,1.75,0,0,10000,0,41.86,-93.93,41.86,-93.93,0,0,0,0,0,49,0,0,0
634359,2018,5,1,"2018-05-01","15:50:00",3,"NE",31,0,2,0,0,0,0,40.47,-98.55,40.47,-98.55,0,0,0,0,0,1,0,0,0
634360,2018,5,1,"2018-05-01","15:50:00",3,"KS",20,0,1.75,0,0,0,0,38.46,-99.27,38.46,-99.27,0,0,0,0,0,165,0,0,0
634361,2018,5,1,"2018-05-01","15:51:00",3,"NE",31,0,2,0,0,0,0,41.31,-97.19,41.31,-97.19,0,0,0,0,0,23,0,0,0
634362,2018,5,1,"2018-05-01","15:51:00",3,"NE",31,0,1.75,0,0,0,0,41.35,-97.06,41.35,-97.06,0,0,0,0,0,23,0,0,0
634363,2018,5,1,"2018-05-01","15:52:00",3,"IA",19,0,1,0,0,0,0,41.9,-93.92,41.9,-93.92,0,0,0,0,0,15,0,0,0
634364,2018,5,1,"2018-05-01","15:54:00",3,"NE",31,0,1,0,0,0,0,41.16,-97.77,41.16,-97.77,0,0,0,0,0,143,0,0,0
634365,2018,5,1,"2018-05-01","15:55:00",3,"NE",31,0,1.75,0,0,150000,25000,40.9566,-98,41,-98,0,0,0,0,0,81,0,0,0
634366,2018,5,1,"2018-05-01","15:58:00",3,"KS",20,0,1.5,0,0,0,0,38.49,-99.18,38.49,-99.18,0,0,0,0,0,165,0,0,0
634367,2018,5,1,"2018-05-01","15:59:00",3,"NE",31,0,2,0,0,0,0,41.35,-97,41.35,-97,0,0,0,0,0,23,0,0,0
634368,2018,5,1,"2018-05-01","16:00:00",3,"NE",31,0,1.75,0,0,0,0,41.41,-96.93,41.41,-96.93,0,0,0,0,0,23,0,0,0
634369,2018,5,1,"2018-05-01","16:00:00",3,"IA",19,0,1.5,0,0,0,0,42.78,-95.25,42.78,-95.25,0,0,0,0,0,21,0,0,0
634370,2018,5,1,"2018-05-01","16:00:00",3,"NE",31,0,1.75,0,0,150000,25000,40.4866,-98.05,40.53,-98.05,0,0,0,0,0,35,0,0,0
634371,2018,5,1,"2018-05-01","16:01:00",3,"KS",20,0,1.25,0,0,0,0,39.12,-98.85,39.12,-98.85,0,0,0,0,0,167,0,0,0
634372,2018,5,1,"2018-05-01","16:05:00",3,"KS",20,0,1,0,0,0,0,37.94,-99.4,37.94,-99.4,0,0,0,0,0,47,0,0,0
634373,2018,5,1,"2018-05-01","16:05:00",3,"KS",20,0,1.75,0,0,0,0,38.55,-99.1,38.55,-99.1,0,0,0,0,0,165,0,0,0
634374,2018,5,1,"2018-05-01","16:06:00",3,"IA",19,0,1.5,0,0,10000,0,41.92,-93.82,41.92,-93.82,0,0,0,0,0,15,0,0,0
634375,2018,5,1,"2018-05-01","16:08:00",3,"NE",31,0,0.88,0,0,0,0,40.65,-98.38,40.65,-98.38,0,0,0,0,0,1,0,0,0
634376,2018,5,1,"2018-05-01","16:09:00",3,"IA",19,0,1.75,0,0,10000,0,41.9,-93.82,41.9,-93.82,0,0,0,0,0,15,0,0,0
634377,2018,5,1,"2018-05-01","16:09:00",3,"KS",20,0,2.5,0,0,0,0,38.53,-99.05,38.53,-99.05,0,0,0,0,0,165,0,0,0
634378,2018,5,1,"2018-05-01","16:10:00",3,"NE",31,0,1.25,0,0,0,0,40.58,-98.4181,40.58,-98.4181,0,0,0,0,0,1,0,0,0
634379,2018,5,1,"2018-05-01","16:12:00",3,"KS",20,0,2.5,0,0,0,0,38.54,-98.98,38.54,-98.98,0,0,0,0,0,9,0,0,0
634380,2018,5,1,"2018-05-01","16:12:00",3,"KS",20,0,1.25,0,0,0,0,39.12,-98.69,39.12,-98.69,0,0,0,0,0,167,0,0,0
634381,2018,5,1,"2018-05-01","16:15:00",3,"IA",19,0,1,0,0,5000,0,42.0229,-93.7032,42.0229,-93.7032,0,0,0,0,0,169,0,0,0
634382,2018,5,1,"2018-05-01","16:15:00",3,"IA",19,0,1.25,0,0,0,0,42.85,-95.15,42.85,-95.15,0,0,0,0,0,21,0,0,0
634383,2018,5,1,"2018-05-01","16:16:00",3,"NE",31,0,1.75,0,0,0,0,41.41,-96.93,41.41,-96.93,0,0,0,0,0,23,0,0,0
634384,2018,5,1,"2018-05-01","16:17:00",3,"KS",20,0,1.75,0,0,25000,150000,39.15,-98.81,39.15,-98.81,0,0,0,0,0,141,0,0,0
634385,2018,5,1,"2018-05-01","16:18:00",3,"NE",31,0,1,0,0,0,0,40.03,-98.0322,40.03,-98.0322,0,0,0,0,0,129,0,0,0
634386,2018,5,1,"2018-05-01","16:20:00",3,"KS",20,0,1,0,0,0,0,37.79,-99.39,37.79,-99.39,0,0,0,0,0,47,0,0,0
634387,2018,5,1,"2018-05-01","16:21:00",3,"KS",20,0,1.75,0,0,0,0,38.58,-98.96,38.58,-98.96,0,0,0,0,0,9,0,0,0
634388,2018,5,1,"2018-05-01","16:22:00",3,"IA",19,0,1.25,0,0,5000,0,42.02,-93.65,42.02,-93.65,0,0,0,0,0,169,0,0,0
634389,2018,5,1,"2018-05-01","16:25:00",3,"NE",31,0,1,0,0,0,0,40.5834,-97.9828,40.5834,-97.9828,0,0,0,0,0,35,0,0,0
634390,2018,5,1,"2018-05-01","16:25:00",3,"KS",20,0,1,0,0,0,0,39.31,-98.51,39.31,-98.51,0,0,0,0,0,141,0,0,0
634391,2018,5,1,"2018-05-01","16:27:00",3,"IA",19,0,1,0,0,5000,0,41.992,-93.6057,41.992,-93.6057,0,0,0,0,0,169,0,0,0
634392,2018,5,1,"2018-05-01","16:27:00",3,"NE",31,0,1.25,0,0,0,0,41.47,-96.78,41.47,-96.78,0,0,0,0,0,53,0,0,0
634393,2018,5,1,"2018-05-01","16:29:00",3,"IA",19,0,1.5,0,0,10000,0,42.01,-93.68,42.01,-93.68,0,0,0,0,0,169,0,0,0
634394,2018,5,1,"2018-05-01","16:30:00",3,"IA",19,0,1.25,0,0,5000,0,42.85,-94.85,42.85,-94.85,0,0,0,0,0,151,0,0,0
634395,2018,5,1,"2018-05-01","16:30:00",3,"IA",19,0,1.5,0,0,10000,0,42.02,-93.63,42.02,-93.63,0,0,0,0,0,169,0,0,0
634396,2018,5,1,"2018-05-01","16:30:00",3,"IA",19,0,1,0,0,0,0,42.02,-93.68,42.02,-93.68,0,0,0,0,0,169,0,0,0
634397,2018,5,1,"2018-05-01","16:30:00",3,"IA",19,0,1.75,0,0,0,0,42.85,-95.03,42.85,-95.03,0,0,0,0,0,21,0,0,0
634398,2018,5,1,"2018-05-01","16:30:00",3,"KS",20,0,1,0,0,0,0,38.53,-99.24,38.53,-99.24,0,0,0,0,0,165,0,0,0
634399,2018,5,1,"2018-05-01","16:34:00",3,"IA",19,0,1.5,0,0,0,0,42.85,-95.01,42.85,-95.01,0,0,0,0,0,21,0,0,0
634400,2018,5,1,"2018-05-01","16:35:00",3,"IA",19,0,1.25,0,0,0,0,42.85,-94.98,42.85,-94.98,0,0,0,0,0,21,0,0,0
634401,2018,5,1,"2018-05-01","16:35:00",3,"KS",20,0,1,0,0,0,0,37.85,-99.26,37.85,-99.26,0,0,0,0,0,47,0,0,0
634402,2018,5,1,"2018-05-01","16:36:00",3,"KS",20,0,2.75,0,0,0,0,38.6407,-98.7738,38.6407,-98.7738,0,0,0,0,0,9,0,0,0
634403,2018,5,1,"2018-05-01","16:37:00",3,"KS",20,0,1.25,0,0,0,0,38.11,-99.24,38.11,-99.24,0,0,0,0,0,145,0,0,0
634404,2018,5,1,"2018-05-01","16:39:00",3,"NE",31,0,1,0,0,0,0,41.5,-96.82,41.5,-96.82,0,0,0,0,0,53,0,0,0
634405,2018,5,1,"2018-05-01","16:42:00",3,"NE",31,0,1.5,0,0,0,0,41.76,-96.37,41.76,-96.37,0,0,0,0,0,21,0,0,0
634406,2018,5,1,"2018-05-01","16:42:00",3,"KS",20,0,4,0,0,0,0,38.64,-98.77,38.64,-98.77,0,0,0,0,0,9,0,0,0
634407,2018,5,1,"2018-05-01","16:45:00",3,"IA",19,0,1,0,0,0,0,42.02,-93.45,42.02,-93.45,0,0,0,0,0,169,0,0,0
634408,2018,5,1,"2018-05-01","16:45:00",3,"KS",20,0,1,0,0,0,0,39.2445,-98.4,39.2445,-98.4,0,0,0,0,0,123,0,0,0
634409,2018,5,1,"2018-05-01","16:46:00",3,"IA",19,0,1.75,0,0,15000,0,42.86,-94.83,42.86,-94.83,0,0,0,0,0,151,0,0,0
634410,2018,5,1,"2018-05-01","16:46:00",3,"IA",19,0,2,0,0,20000,0,42.0108,-93.4479,42.0108,-93.4479,0,0,0,0,0,169,0,0,0
634411,2018,5,1,"2018-05-01","16:54:00",3,"IA",19,0,1.5,0,0,15000,0,42.85,-94.85,42.85,-94.85,0,0,0,0,0,151,0,0,0
634412,2018,5,1,"2018-05-01","16:54:00",3,"KS",20,0,1.25,0,0,0,0,39.2,-98.64,39.2,-98.64,0,0,0,0,0,141,0,0,0
634413,2018,5,1,"2018-05-01","16:55:00",3,"IA",19,0,0.75,0,0,0,0,42.8135,-94.5282,42.8135,-94.5282,0,0,0,0,0,151,0,0,0
634414,2018,5,1,"2018-05-01","16:55:00",3,"KS",20,0,1.25,0,0,0,0,37.89,-99.2,37.89,-99.2,0,0,0,0,0,47,0,0,0
634415,2018,5,1,"2018-05-01","16:57:00",3,"CO",8,0,1,0,0,0,0,40.16,-103.22,40.16,-103.22,0,0,0,0,0,121,0,0,0
634416,2018,5,1,"2018-05-01","17:01:00",3,"NE",31,0,1,0,0,0,0,41.52,-96.65,41.52,-96.65,0,0,0,0,0,53,0,0,0
634417,2018,5,1,"2018-05-01","17:01:00",3,"KS",20,0,1.75,0,0,0,0,38.64,-98.66,38.64,-98.66,0,0,0,0,0,9,0,0,0
634418,2018,5,1,"2018-05-01","17:06:00",3,"KS",20,0,1.75,0,0,0,0,37.96,-99.07,37.96,-99.07,0,0,0,0,0,47,0,0,0
634419,2018,5,1,"2018-05-01","17:07:00",3,"KS",20,0,2,0,0,0,0,38.77,-98.59,38.77,-98.59,0,0,0,0,0,167,0,0,0
634420,2018,5,1,"2018-05-01","17:09:00",3,"CO",8,0,1.25,0,0,0,0,40.13,-103.07,40.13,-103.07,0,0,0,0,0,121,0,0,0
634421,2018,5,1,"2018-05-01","17:10:00",3,"KS",20,0,2,0,0,25000,150000,39.3421,-98.161,39.3421,-98.161,0,0,0,0,0,123,0,0,0
634422,2018,5,1,"2018-05-01","17:22:00",3,"KS",20,0,1,0,0,0,0,37.92,-98.89,37.92,-98.89,0,0,0,0,0,185,0,0,0
634423,2018,5,1,"2018-05-01","17:22:00",3,"KS",20,0,1.75,0,0,0,0,38.73,-98.77,38.73,-98.77,0,0,0,0,0,167,0,0,0
634424,2018,5,1,"2018-05-01","17:24:00",3,"IA",19,0,0.88,0,0,0,0,42.11,-92.99,42.11,-92.99,0,0,0,0,0,127,0,0,0
634425,2018,5,1,"2018-05-01","17:25:00",3,"KS",20,0,1,0,0,0,0,37,-99.65,37,-99.65,0,0,0,0,0,25,0,0,0
634426,2018,5,1,"2018-05-01","17:28:00",3,"KS",20,0,1.5,0,0,0,0,38.85,-98.46,38.85,-98.46,0,0,0,0,0,53,0,0,0
634427,2018,5,1,"2018-05-01","17:30:00",3,"KS",20,0,1,0,0,0,0,38.87,-98.82,38.87,-98.82,0,0,0,0,0,167,0,0,0
634428,2018,5,1,"2018-05-01","17:36:00",3,"CO",8,0,1,0,0,0,0,40.1509,-102.7347,40.1509,-102.7347,0,0,0,0,0,125,0,0,0
634429,2018,5,1,"2018-05-01","17:41:00",3,"NE",31,0,1,0,0,0,0,40.13,-97.17,40.13,-97.17,0,0,0,0,0,95,0,0,0
634430,2018,5,1,"2018-05-01","17:42:00",3,"CO",8,0,1,0,0,0,0,40.12,-102.72,40.12,-102.72,0,0,0,0,0,125,0,0,0
634431,2018,5,1,"2018-05-01","17:42:00",3,"CO",8,0,1.5,0,0,0,0,40.1606,-102.7039,40.1606,-102.7039,0,0,0,0,0,125,0,0,0
634432,2018,5,1,"2018-05-01","17:44:00",3,"IA",19,0,1.5,0,0,10000,0,42.87,-94.29,42.87,-94.29,0,0,0,0,0,91,0,0,0
634433,2018,5,1,"2018-05-01","17:48:00",3,"IA",19,0,1.5,0,0,5000,0,42.87,-94.29,42.87,-94.29,0,0,0,0,0,91,0,0,0
634434,2018,5,1,"2018-05-01","17:48:00",3,"NE",31,0,1,0,0,0,0,40.08,-97.18,40.08,-97.18,0,0,0,0,0,95,0,0,0
634435,2018,5,1,"2018-05-01","17:53:00",3,"IA",19,0,1.25,0,0,5000,0,42.89,-94.27,42.89,-94.27,0,0,0,0,0,91,0,0,0
634436,2018,5,1,"2018-05-01","17:55:00",3,"IA",19,0,2,0,0,20000,0,42.8671,-94.1829,42.8671,-94.1829,0,0,0,0,0,91,0,0,0
634437,2018,5,1,"2018-05-01","17:56:00",3,"KS",20,0,2.75,0,0,0,0,38.89,-98.44,38.89,-98.44,0,0,0,0,0,105,0,0,0
634438,2018,5,1,"2018-05-01","17:59:00",3,"KS",20,0,1,0,0,0,0,37.06,-99.34,37.06,-99.34,0,0,0,0,0,33,0,0,0
634439,2018,5,1,"2018-05-01","18:10:00",3,"NE",31,0,0.75,0,0,0,0,40.11,-96.96,40.11,-96.96,0,0,0,0,0,95,0,0,0
634440,2018,5,1,"2018-05-01","18:18:00",3,"KS",20,0,0.88,0,0,0,0,38.95,-98.15,38.95,-98.15,0,0,0,0,0,105,0,0,0
634441,2018,5,1,"2018-05-01","18:19:00",3,"IA",19,0,1,0,0,0,0,43.08,-96.24,43.08,-96.24,0,0,0,0,0,167,0,0,0
634442,2018,5,1,"2018-05-01","18:20:00",3,"IA",19,0,0.88,0,0,0,0,43.09,-96.24,43.09,-96.24,0,0,0,0,0,167,0,0,0
634443,2018,5,1,"2018-05-01","18:26:00",3,"IA",19,0,0.88,0,0,0,0,43.24,-95.63,43.24,-95.63,0,0,0,0,0,141,0,0,0
634444,2018,5,1,"2018-05-01","18:26:00",3,"IA",19,0,0.88,0,0,0,0,43.25,-95.61,43.25,-95.61,0,0,0,0,0,141,0,0,0
634445,2018,5,1,"2018-05-01","18:29:00",3,"NE",31,0,0.75,0,0,0,0,42.7,-97.36,42.7,-97.36,0,0,0,0,0,27,0,0,0
634446,2018,5,1,"2018-05-01","18:29:00",3,"NE",31,0,2.5,0,0,0,0,40.13,-96.71,40.13,-96.71,0,0,0,0,0,67,0,0,0
634447,2018,5,1,"2018-05-01","18:40:00",3,"KS",20,0,1.5,0,0,0,0,37.18,-99,37.18,-99,0,0,0,0,0,33,0,0,0
634448,2018,5,1,"2018-05-01","18:48:00",3,"IA",19,0,0.88,0,0,0,0,43.12,-96.08,43.12,-96.08,0,0,0,0,0,167,0,0,0
634449,2018,5,1,"2018-05-01","18:55:00",3,"KS",20,0,0.75,0,0,0,0,38.99,-98.85,38.99,-98.85,0,0,0,0,0,167,0,0,0
634450,2018,5,1,"2018-05-01","18:59:00",3,"KS",20,0,1,0,0,0,0,39.05,-98.77,39.05,-98.77,0,0,0,0,0,167,0,0,0
634451,2018,5,1,"2018-05-01","19:00:00",3,"KS",20,0,1.75,0,0,0,0,39.55,-97.28,39.55,-97.28,0,0,0,0,0,27,0,0,0
634452,2018,5,1,"2018-05-01","19:15:00",3,"KS",20,0,1,0,0,0,0,39.19,-98.04,39.19,-98.04,0,0,0,0,0,105,0,0,0
634453,2018,5,1,"2018-05-01","19:19:00",3,"KS",20,0,1.75,0,0,0,0,39.17,-97.98,39.17,-97.98,0,0,0,0,0,105,0,0,0
634454,2018,5,1,"2018-05-01","19:25:00",3,"CA",6,0,1,0,0,0,0,38.2,-119.96,38.2,-119.96,0,0,0,0,0,109,0,0,0
634455,2018,5,1,"2018-05-01","19:30:00",3,"KS",20,0,4,0,0,0,0,39.15,-97.89,39.15,-97.89,0,0,0,0,0,143,0,0,0
634456,2018,5,1,"2018-05-01","19:33:00",3,"KS",20,0,1,0,0,0,0,39.17,-98.39,39.17,-98.39,0,0,0,0,0,105,0,0,0
634457,2018,5,1,"2018-05-01","19:35:00",3,"KS",20,0,2,0,0,0,0,39.1,-98.39,39.1,-98.39,0,0,0,0,0,105,0,0,0
634458,2018,5,1,"2018-05-01","19:40:00",3,"KS",20,0,1.75,0,0,0,0,39.17,-97.82,39.17,-97.82,0,0,0,0,0,143,0,0,0
634459,2018,5,1,"2018-05-01","20:02:00",3,"KS",20,0,1.75,0,0,25000,150000,39.23,-98.4,39.23,-98.4,0,0,0,0,0,123,0,0,0
634460,2018,5,1,"2018-05-01","20:05:00",3,"CA",6,0,0.88,0,0,0,0,38.73,-120.35,38.73,-120.35,0,0,0,0,0,17,0,0,0
634461,2018,5,1,"2018-05-01","20:06:00",3,"KS",20,0,1.5,0,0,0,0,39.2,-98.39,39.2,-98.39,0,0,0,0,0,105,0,0,0
634462,2018,5,1,"2018-05-01","20:14:00",3,"KS",20,0,1,0,0,0,0,39.2463,-98.0016,39.2463,-98.0016,0,0,0,0,0,123,0,0,0
634463,2018,5,1,"2018-05-01","20:29:00",3,"KS",20,0,2,0,0,0,0,39.17,-97.82,39.17,-97.82,0,0,0,0,0,143,0,0,0
634464,2018,5,1,"2018-05-01","20:35:00",3,"KS",20,0,1,0,0,0,0,39.2909,-98.2271,39.2909,-98.2271,0,0,0,0,0,123,0,0,0
634465,2018,5,1,"2018-05-01","20:56:00",3,"KS",20,0,1,0,0,0,0,39.22,-97.55,39.22,-97.55,0,0,0,0,0,143,0,0,0
634466,2018,5,1,"2018-05-01","21:18:00",3,"SD",46,0,0.88,0,0,0,0,43.5,-96.71,43.5,-96.71,0,0,0,0,0,83,0,0,0
634467,2018,5,1,"2018-05-01","21:55:00",3,"KS",20,0,1.75,0,0,0,0,39.3,-96.87,39.3,-96.87,0,0,0,0,0,161,0,0,0
634468,2018,5,2,"2018-05-02","10:57:00",3,"NE",31,0,0.75,0,0,0,0,41.58,-97.36,41.58,-97.36,0,0,0,0,0,141,0,0,0
634469,2018,5,2,"2018-05-02","11:09:00",3,"NE",31,0,0.75,0,0,0,0,41.63,-97.19,41.63,-97.19,0,0,0,0,0,37,0,0,0
634470,2018,5,2,"2018-05-02","11:10:00",3,"NE",31,0,0.88,0,0,0,0,41.65,-97.17,41.65,-97.17,0,0,0,0,0,37,0,0,0
634471,2018,5,2,"2018-05-02","11:34:00",3,"OK",40,0,2.5,0,0,0,0,36.94,-100.51,36.94,-100.51,0,0,0,0,0,7,0,0,0
634472,2018,5,2,"2018-05-02","12:00:00",3,"KS",20,0,1,0,0,0,0,37.17,-100.29,37.17,-100.29,0,0,0,0,0,119,0,0,0
634473,2018,5,2,"2018-05-02","12:18:00",3,"KS",20,0,0.75,0,0,0,0,37.55,-99.63,37.55,-99.63,0,0,0,0,0,57,0,0,0
634474,2018,5,2,"2018-05-02","12:18:00",3,"KS",20,0,0.88,0,0,0,0,37.05,-100.38,37.05,-100.38,0,0,0,0,0,119,0,0,0
634475,2018,5,2,"2018-05-02","12:20:00",3,"KS",20,0,1,0,0,0,0,37.28,-100.15,37.28,-100.15,0,0,0,0,0,119,0,0,0
634476,2018,5,2,"2018-05-02","12:28:00",3,"KS",20,0,1,0,0,0,0,37.67,-99.63,37.67,-99.63,0,0,0,0,0,57,0,0,0
634477,2018,5,2,"2018-05-02","12:32:00",3,"KS",20,0,1,0,0,0,0,37.67,-99.63,37.67,-99.63,0,0,0,0,0,57,0,0,0
634478,2018,5,2,"2018-05-02","12:35:00",3,"KS",20,0,1,0,0,0,0,37.39,-100.02,37.39,-100.02,0,0,0,0,0,25,0,0,0
634479,2018,5,2,"2018-05-02","12:49:00",3,"TX",48,0,1,0,0,0,0,36.39,-100.8,36.39,-100.8,0,0,0,0,0,357,0,0,0
634480,2018,5,2,"2018-05-02","12:54:00",3,"KS",20,0,0.88,0,0,0,0,37.78,-99.72,37.78,-99.72,0,0,0,0,0,57,0,0,0
634481,2018,5,2,"2018-05-02","13:13:00",3,"KS",20,0,1.25,0,0,0,0,37.55,-99.63,37.55,-99.63,0,0,0,0,0,57,0,0,0
634482,2018,5,2,"2018-05-02","13:22:00",3,"OK",40,0,0.88,0,0,0,0,36.62,-100.52,36.62,-100.52,0,0,0,0,0,7,0,0,0
634483,2018,5,2,"2018-05-02","13:39:00",3,"KS",20,0,1.5,0,0,0,0,38.06,-99.09,38.06,-99.09,0,0,0,0,0,145,0,0,0
634484,2018,5,2,"2018-05-02","13:40:00",3,"KS",20,0,1,0,0,0,0,37.59,-99.45,37.59,-99.45,0,0,0,0,0,97,0,0,0
634485,2018,5,2,"2018-05-02","13:40:00",3,"KS",20,0,1.25,0,0,0,0,38.18,-99.1,38.18,-99.1,0,0,0,0,0,145,0,0,0
634486,2018,5,2,"2018-05-02","13:41:00",3,"TX",48,0,1,0,0,0,0,36.46,-100.54,36.46,-100.54,0,0,0,0,0,295,0,0,0
634487,2018,5,2,"2018-05-02","13:50:00",3,"KS",20,0,1,0,0,0,0,37.61,-99.29,37.61,-99.29,0,0,0,0,0,97,0,0,0
634488,2018,5,2,"2018-05-02","13:50:00",3,"KS",20,0,1,0,0,0,0,37.61,-99.31,37.61,-99.31,0,0,0,0,0,97,0,0,0
634489,2018,5,2,"2018-05-02","13:56:00",3,"IA",19,0,1,0,0,0,0,42.53,-94.54,42.53,-94.54,0,0,0,0,0,25,0,0,0
634490,2018,5,2,"2018-05-02","13:57:00",3,"KS",20,0,0.88,0,0,0,0,38.27,-98.98,38.27,-98.98,0,0,0,0,0,9,0,0,0
634491,2018,5,2,"2018-05-02","14:02:00",3,"KS",20,0,1,0,0,0,0,37.97,-98.84,37.97,-98.84,0,0,0,0,0,185,0,0,0
634492,2018,5,2,"2018-05-02","14:10:00",3,"OK",40,0,1,0,0,0,0,34.68,-99.91,34.68,-99.91,0,0,0,0,0,57,0,0,0
634493,2018,5,2,"2018-05-02","14:12:00",3,"KS",20,0,1,0,0,0,0,37.79,-98.87,37.79,-98.87,0,0,0,0,0,151,0,0,0
634494,2018,5,2,"2018-05-02","14:20:00",3,"KS",20,0,1,0,0,0,0,37.63,-98.92,37.63,-98.92,0,0,0,0,0,151,0,0,0
634495,2018,5,2,"2018-05-02","14:30:00",3,"KS",20,0,1,0,0,0,0,37.72,-98.77,37.72,-98.77,0,0,0,0,0,151,0,0,0
634496,2018,5,2,"2018-05-02","14:33:00",3,"KS",20,0,1,0,0,0,0,37.73,-98.73,37.73,-98.73,0,0,0,0,0,151,0,0,0
634497,2018,5,2,"2018-05-02","14:35:00",3,"OK",40,0,2.5,0,0,0,0,35.46,-99.82,35.46,-99.82,0,0,0,0,0,129,0,0,0
634498,2018,5,2,"2018-05-02","14:36:00",3,"KS",20,0,0.75,0,0,0,0,38.36,-98.58,38.36,-98.58,0,0,0,0,0,9,0,0,0
634499,2018,5,2,"2018-05-02","14:40:00",3,"OK",40,0,2.75,0,0,0,0,35.44,-99.89,35.44,-99.89,0,0,0,0,0,129,0,0,0
634500,2018,5,2,"2018-05-02","14:49:00",3,"KS",20,0,0.88,0,0,0,0,37.95,-98.43,37.95,-98.43,0,0,0,0,0,155,0,0,0
634501,2018,5,2,"2018-05-02","15:04:00",3,"KS",20,0,1,0,0,0,0,37.98,-98.21,37.98,-98.21,0,0,0,0,0,155,0,0,0
634502,2018,5,2,"2018-05-02","15:15:00",3,"OK",40,0,1.75,0,0,0,0,34.81,-99.55,34.81,-99.55,0,0,0,0,0,55,0,0,0
634503,2018,5,2,"2018-05-02","15:15:00",3,"OK",40,0,1.75,0,0,0,0,34.96,-99.38,34.96,-99.38,0,0,0,0,0,55,0,0,0
634504,2018,5,2,"2018-05-02","15:17:00",3,"KS",20,0,1.75,0,0,0,0,38.15,-98.08,38.15,-98.08,0,0,0,0,0,155,0,0,0
634505,2018,5,2,"2018-05-02","15:17:00",3,"KS",20,0,2.5,0,0,0,0,38.15,-98.09,38.15,-98.09,0,0,0,0,0,155,0,0,0
634506,2018,5,2,"2018-05-02","15:30:00",3,"TX",48,0,0.88,0,0,0,0,33.98,-99.78,33.98,-99.78,0,0,0,0,0,155,0,0,0
634507,2018,5,2,"2018-05-02","15:30:00",3,"KS",20,0,0.88,0,0,0,0,39.22,-97.55,39.22,-97.55,0,0,0,0,0,143,0,0,0
634508,2018,5,2,"2018-05-02","15:45:00",3,"KS",20,0,0.75,0,0,0,0,38.03,-97.93,38.03,-97.93,0,0,0,0,0,155,0,0,0
634509,2018,5,2,"2018-05-02","15:46:00",3,"IL",17,0,1,0,0,0,0,41.7815,-87.8063,41.7815,-87.8063,0,0,0,0,0,31,0,0,0
634510,2018,5,2,"2018-05-02","15:50:00",3,"IA",19,0,1,0,0,0,0,42.01,-90.39,42.01,-90.39,0,0,0,0,0,45,0,0,0
634511,2018,5,2,"2018-05-02","15:52:00",3,"TX",48,0,2,0,0,0,0,34.25,-99.69,34.25,-99.69,0,0,0,0,0,197,0,0,0
634512,2018,5,2,"2018-05-02","15:53:00",3,"IL",17,0,1,0,0,0,0,41.78,-87.75,41.78,-87.75,0,0,0,0,0,31,0,0,0
634513,2018,5,2,"2018-05-02","16:00:00",3,"KS",20,0,0.88,0,0,0,0,39.39,-97.12,39.39,-97.12,0,0,0,0,0,27,0,0,0
634514,2018,5,2,"2018-05-02","16:01:00",3,"KS",20,0,0.75,0,0,0,0,37.78,-98.17,37.78,-98.17,0,0,0,0,0,155,0,0,0
634515,2018,5,2,"2018-05-02","16:04:00",3,"KS",20,0,0.75,0,0,0,0,38.07,-97.91,38.07,-97.91,0,0,0,0,0,155,0,0,0
634516,2018,5,2,"2018-05-02","16:08:00",3,"KS",20,0,1.25,0,0,0,0,38.37,-97.66,38.37,-97.66,0,0,0,0,0,113,0,0,0
634517,2018,5,2,"2018-05-02","16:14:00",3,"KS",20,0,0.75,0,0,0,0,38.31,-97.58,38.31,-97.58,0,0,0,0,0,113,0,0,0
634518,2018,5,2,"2018-05-02","16:15:00",3,"IL",17,0,1,0,0,0,0,41.15,-87.88,41.15,-87.88,0,0,0,0,0,91,0,0,0
634519,2018,5,2,"2018-05-02","16:15:00",3,"KS",20,0,1,0,0,0,0,38.37,-97.54,38.37,-97.54,0,0,0,0,0,113,0,0,0
634520,2018,5,2,"2018-05-02","16:20:00",3,"IL",17,0,1,0,0,0,0,42.25,-89.6,42.25,-89.6,0,0,0,0,0,177,0,0,0
634521,2018,5,2,"2018-05-02","16:23:00",3,"IL",17,0,1,0,0,0,0,42.06,-90.09,42.06,-90.09,0,0,0,0,0,15,0,0,0
634522,2018,5,2,"2018-05-02","16:25:00",3,"MO",29,0,0.88,0,0,0,0,40.34,-95.39,40.34,-95.39,0,0,0,0,0,5,0,0,0
634523,2018,5,2,"2018-05-02","16:28:00",3,"KS",20,0,0.88,0,0,0,0,38.39,-97.43,38.39,-97.43,0,0,0,0,0,113,0,0,0
634524,2018,5,2,"2018-05-02","16:30:00",3,"IL",17,0,0.75,0,0,0,0,42.09,-90.05,42.09,-90.05,0,0,0,0,0,15,0,0,0
634525,2018,5,2,"2018-05-02","16:31:00",3,"OK",40,0,1,0,0,0,0,34.64,-99.33,34.64,-99.33,0,0,0,0,0,65,0,0,0
634526,2018,5,2,"2018-05-02","16:31:00",3,"OK",40,0,0.75,0,0,0,0,34.65,-99.32,34.65,-99.32,0,0,0,0,0,65,0,0,0
634527,2018,5,2,"2018-05-02","16:31:00",3,"KS",20,0,0.75,0,0,0,0,37.99,-97.77,37.99,-97.77,0,0,0,0,0,155,0,0,0
634528,2018,5,2,"2018-05-02","16:35:00",3,"IL",17,0,1,0,0,0,0,42.05,-89.94,42.05,-89.94,0,0,0,0,0,15,0,0,0
634529,2018,5,2,"2018-05-02","16:35:00",3,"IL",17,0,0.75,0,0,0,0,42.36,-89.57,42.36,-89.57,0,0,0,0,0,177,0,0,0
634530,2018,5,2,"2018-05-02","16:51:00",3,"IA",19,0,1,0,0,0,0,40.66,-94.94,40.66,-94.94,0,0,0,0,0,145,0,0,0
634531,2018,5,2,"2018-05-02","16:53:00",3,"IL",17,0,1.25,0,0,0,0,42.05,-89.73,42.05,-89.73,0,0,0,0,0,15,0,0,0
634532,2018,5,2,"2018-05-02","16:54:00",3,"IA",19,0,1,0,0,0,0,41.84,-90.23,41.84,-90.23,0,0,0,0,0,45,0,0,0
634533,2018,5,2,"2018-05-02","16:54:00",3,"IL",17,0,2,0,0,0,0,42.07,-89.7,42.07,-89.7,0,0,0,0,0,15,0,0,0
634534,2018,5,2,"2018-05-02","16:54:00",3,"IL",17,0,1,0,0,0,0,42.27,-89.23,42.27,-89.23,0,0,0,0,0,201,0,0,0
634535,2018,5,2,"2018-05-02","16:55:00",3,"IL",17,0,0.88,0,0,0,0,40.8017,-89.6309,40.8017,-89.6309,0,0,0,0,0,143,0,0,0
634536,2018,5,2,"2018-05-02","17:00:00",3,"IA",19,0,0.75,0,0,0,0,41.83,-90.21,41.83,-90.21,0,0,0,0,0,45,0,0,0
634537,2018,5,2,"2018-05-02","17:00:00",3,"IL",17,0,1,0,0,0,0,41.7,-89.15,41.7,-89.15,0,0,0,0,0,103,0,0,0
634538,2018,5,2,"2018-05-02","17:00:00",3,"IA",19,0,1,0,0,0,0,40.7,-94.85,40.7,-94.85,0,0,0,0,0,173,0,0,0
634539,2018,5,2,"2018-05-02","17:05:00",3,"IL",17,0,2,0,0,0,0,42.2,-89.1,42.2,-89.0609,0,0,0,0,0,201,0,0,0
634540,2018,5,2,"2018-05-02","17:08:00",3,"IL",17,0,3,0,0,0,0,42.2555,-89.08,42.2534,-89.0258,0,0,0,0,0,201,0,0,0
634541,2018,5,2,"2018-05-02","17:15:00",3,"KS",20,0,1,0,0,0,0,38.35,-97.02,38.35,-97.02,0,0,0,0,0,115,0,0,0
634542,2018,5,2,"2018-05-02","17:15:00",3,"IL",17,0,1.75,0,0,0,0,41.795,-88.9415,41.795,-88.9415,0,0,0,0,0,37,0,0,0
634543,2018,5,2,"2018-05-02","17:21:00",3,"IL",17,0,1,0,0,0,0,41.81,-89.97,41.81,-89.97,0,0,0,0,0,195,0,0,0
634544,2018,5,2,"2018-05-02","17:22:00",3,"IL",17,0,1.25,0,0,1000,0,42.18,-90.26,42.18,-90.26,0,0,0,0,0,15,0,0,0
634545,2018,5,2,"2018-05-02","17:23:00",3,"IL",17,0,1.25,0,0,0,0,42.25,-88.85,42.25,-88.85,0,0,0,0,0,7,0,0,0
634546,2018,5,2,"2018-05-02","17:24:00",3,"OK",40,0,1.5,0,0,0,0,36.3,-98.04,36.3,-98.04,0,0,0,0,0,47,0,0,0
634547,2018,5,2,"2018-05-02","17:25:00",3,"IL",17,0,1.75,0,0,0,0,41.81,-89.97,41.81,-89.97,0,0,0,0,0,195,0,0,0
634548,2018,5,2,"2018-05-02","17:25:00",3,"TX",48,0,1,0,0,0,0,32.91,-99.74,32.91,-99.74,0,0,0,0,0,253,0,0,0
634549,2018,5,2,"2018-05-02","17:27:00",3,"IL",17,0,1.5,0,0,0,0,41.81,-89.98,41.81,-89.98,0,0,0,0,0,195,0,0,0
634550,2018,5,2,"2018-05-02","17:28:00",3,"IA",19,0,1,0,0,0,0,41.04,-93.97,41.04,-93.97,0,0,0,0,0,39,0,0,0
634551,2018,5,2,"2018-05-02","17:30:00",3,"OK",40,0,1.75,0,0,0,0,35.1315,-98.4425,35.1315,-98.4425,0,0,0,0,0,15,0,0,0
634552,2018,5,2,"2018-05-02","17:30:00",3,"WI",55,0,0.75,0,0,0,0,42.99,-90.66,42.99,-90.66,0,0,0,0,0,43,0,0,0
634553,2018,5,2,"2018-05-02","17:32:00",3,"IL",17,0,1,0,0,0,0,42.1011,-89.25,42.1011,-89.25,0,0,0,0,0,141,0,0,0
634554,2018,5,2,"2018-05-02","17:35:00",3,"IA",19,0,1.75,0,0,10000,0,41.04,-93.97,41.04,-93.97,0,0,0,0,0,39,0,0,0
634555,2018,5,2,"2018-05-02","17:35:00",3,"IL",17,0,1,0,0,0,0,41.93,-88.75,41.93,-88.75,0,0,0,0,0,37,0,0,0
634556,2018,5,2,"2018-05-02","17:41:00",3,"OK",40,0,1.25,0,0,0,0,35.19,-98.26,35.19,-98.26,0,0,0,0,0,15,0,0,0
634557,2018,5,2,"2018-05-02","17:48:00",3,"KS",20,0,0.88,0,0,0,0,38.1,-96.87,38.1,-96.87,0,0,0,0,0,115,0,0,0
634558,2018,5,2,"2018-05-02","17:50:00",3,"TX",48,0,1.5,0,0,0,0,30.47,-101.24,30.47,-101.24,0,0,0,0,0,105,0,0,0
634559,2018,5,2,"2018-05-02","17:51:00",3,"OK",40,0,0.88,0,0,0,0,35.31,-98.25,35.31,-98.25,0,0,0,0,0,15,0,0,0
634560,2018,5,2,"2018-05-02","17:51:00",3,"IA",19,0,1,0,0,0,0,40.85,-94.2,40.85,-94.2,0,0,0,0,0,159,0,0,0
634561,2018,5,2,"2018-05-02","18:00:00",3,"WI",55,0,1,0,0,0,0,42.86,-90.19,42.86,-90.19,0,0,0,0,0,49,0,0,0
634562,2018,5,2,"2018-05-02","18:06:00",3,"IL",17,0,1.5,0,0,0,0,42.03,-88.37,42.03,-88.37,0,0,0,0,0,89,0,0,0
634563,2018,5,2,"2018-05-02","18:15:00",3,"TX",48,0,1,0,0,0,0,32.8,-99.62,32.8,-99.62,0,0,0,0,0,253,0,0,0
634564,2018,5,2,"2018-05-02","18:20:00",3,"OK",40,0,1.5,0,0,0,0,35.17,-98.07,35.17,-98.07,0,0,0,0,0,51,0,0,0
634565,2018,5,2,"2018-05-02","18:24:00",3,"IA",19,0,1,0,0,0,0,41.58,-91.75,41.58,-91.75,0,0,0,0,0,103,0,0,0
634566,2018,5,2,"2018-05-02","18:45:00",3,"MI",26,0,1.75,0,0,10000,10000,43.44,-85.92,43.44,-85.92,0,0,0,0,0,123,0,0,0
634567,2018,5,2,"2018-05-02","18:48:00",3,"IA",19,0,1,0,0,0,0,41.55,-91.53,41.55,-91.53,0,0,0,0,0,103,0,0,0
634568,2018,5,2,"2018-05-02","18:55:00",3,"WI",55,0,1,0,0,0,0,42.78,-89.3,42.78,-89.3,0,0,0,0,0,105,0,0,0
634569,2018,5,2,"2018-05-02","19:00:00",3,"IA",19,0,0.75,0,0,0,0,41.57,-91.54,41.57,-91.54,0,0,0,0,0,103,0,0,0
634570,2018,5,2,"2018-05-02","19:00:00",3,"TX",48,0,1.25,0,0,0,0,30.57,-100.81,30.57,-100.81,0,0,0,0,0,435,0,0,0
634571,2018,5,2,"2018-05-02","19:05:00",3,"TX",48,0,1,0,0,0,0,33.37,-98.77,33.37,-98.77,0,0,0,0,0,503,0,0,0
634572,2018,5,2,"2018-05-02","19:07:00",3,"KS",20,0,1.75,0,0,0,0,38.2,-95.77,38.2,-95.77,0,0,0,0,0,31,0,0,0
634573,2018,5,2,"2018-05-02","19:10:00",3,"WI",55,0,0.75,0,0,0,0,43.19,-88.74,43.19,-88.74,0,0,0,0,0,55,0,0,0
634574,2018,5,2,"2018-05-02","19:11:00",3,"OK",40,0,0.75,0,0,0,0,35.41,-97.66,35.41,-97.66,0,0,0,0,0,109,0,0,0
634575,2018,5,2,"2018-05-02","19:14:00",3,"IA",19,0,0.88,0,0,0,0,41.64,-91.51,41.64,-91.51,0,0,0,0,0,103,0,0,0
634576,2018,5,2,"2018-05-02","19:18:00",3,"WI",55,0,1,0,0,0,0,43.21,-88.52,43.21,-88.52,0,0,0,0,0,27,0,0,0
634577,2018,5,2,"2018-05-02","19:21:00",3,"WI",55,0,1.5,0,0,50000,0,42.6558,-89.0568,42.6558,-89.0568,0,0,0,0,0,105,0,0,0
634578,2018,5,2,"2018-05-02","19:22:00",3,"WI",55,0,1.5,0,0,0,0,42.65,-89.05,42.65,-89.05,0,0,0,0,0,105,0,0,0
634579,2018,5,2,"2018-05-02","19:23:00",3,"IN",18,0,1.25,0,0,0,0,41.3905,-87.4227,41.3905,-87.4227,0,0,0,0,0,89,0,0,0
634580,2018,5,2,"2018-05-02","19:24:00",3,"WI",55,0,1.25,0,0,0,0,43.09,-88.53,43.09,-88.53,0,0,0,0,0,133,0,0,0
634581,2018,5,2,"2018-05-02","19:26:00",3,"WI",55,0,1,0,0,0,0,42.99,-88.26,42.99,-88.26,0,0,0,0,0,133,0,0,0
634582,2018,5,2,"2018-05-02","19:43:00",3,"WI",55,0,0.75,0,0,0,0,43.2,-88.11,43.2,-88.11,0,0,0,0,0,131,0,0,0
634583,2018,5,2,"2018-05-02","19:44:00",3,"WI",55,0,1,0,0,0,0,43.0099,-88.2402,43.0099,-88.2402,0,0,0,0,0,133,0,0,0
634584,2018,5,2,"2018-05-02","19:46:00",3,"WI",55,0,1,0,0,0,0,42.61,-88.71,42.61,-88.71,0,0,0,0,0,127,0,0,0
634585,2018,5,2,"2018-05-02","19:51:00",3,"WI",55,0,1,0,0,0,0,42.54,-88.57,42.54,-88.57,0,0,0,0,0,127,0,0,0
634586,2018,5,2,"2018-05-02","19:55:00",3,"WI",55,0,1.25,0,0,0,0,42.58,-88.54,42.58,-88.54,0,0,0,0,0,127,0,0,0
634587,2018,5,2,"2018-05-02","19:55:00",3,"TX",48,0,1.75,0,0,0,0,30.63,-100.68,30.63,-100.68,0,0,0,0,0,435,0,0,0
634588,2018,5,2,"2018-05-02","19:58:00",3,"WI",55,0,2.5,0,0,1000,0,42.57,-88.56,42.57,-88.56,0,0,0,0,0,127,0,0,0
634589,2018,5,2,"2018-05-02","20:04:00",3,"WI",55,0,1.75,0,0,0,0,42.52,-88.44,42.52,-88.44,0,0,0,0,0,127,0,0,0
634590,2018,5,2,"2018-05-02","20:04:00",3,"WI",55,0,1.75,0,0,0,0,42.55,-88.4,42.55,-88.4,0,0,0,0,0,127,0,0,0
634591,2018,5,2,"2018-05-02","20:04:00",3,"KS",20,0,1,0,0,0,0,38.12,-95.01,38.12,-95.01,0,0,0,0,0,107,0,0,0
634592,2018,5,2,"2018-05-02","20:10:00",3,"WI",55,0,1.5,0,0,0,0,42.52,-88.35,42.52,-88.35,0,0,0,0,0,127,0,0,0
634593,2018,5,2,"2018-05-02","20:12:00",3,"WI",55,0,1.25,0,0,0,0,42.5,-88.32,42.5,-88.32,0,0,0,0,0,127,0,0,0
634594,2018,5,2,"2018-05-02","20:12:00",3,"IL",17,0,2.75,0,0,0,0,42.47,-88.3,42.47,-88.3,0,0,0,0,0,111,0,0,0
634595,2018,5,2,"2018-05-02","20:15:00",3,"WI",55,0,2.9,0,0,0,0,42.52,-88.26,42.52,-88.26,0,0,0,0,0,59,0,0,0
634596,2018,5,2,"2018-05-02","20:15:00",3,"WI",55,0,1.75,0,0,0,0,42.5,-88.32,42.5,-88.32,0,0,0,0,0,127,0,0,0
634597,2018,5,2,"2018-05-02","20:19:00",3,"IL",17,0,2.25,0,0,0,0,42.4377,-88.2471,42.4377,-88.2471,0,0,0,0,0,111,0,0,0
634598,2018,5,2,"2018-05-02","20:20:00",3,"CO",8,0,0.88,0,0,0,0,38.85,-103.81,38.85,-103.81,0,0,0,0,0,73,0,0,0
634599,2018,5,2,"2018-05-02","20:28:00",3,"IL",17,0,1.75,0,0,0,0,42.47,-88.1,42.47,-88.1,0,0,0,0,0,97,0,0,0
634600,2018,5,2,"2018-05-02","20:31:00",3,"IL",17,0,2.25,0,0,0,0,42.42,-88.03,42.42,-88.03,0,0,0,0,0,97,0,0,0
634601,2018,5,2,"2018-05-02","20:34:00",3,"IL",17,0,1,0,0,0,0,42.42,-88.05,42.42,-88.05,0,0,0,0,0,97,0,0,0
634602,2018,5,2,"2018-05-02","21:30:00",3,"IL",17,0,1.25,0,0,0,0,41.62,-90,41.62,-90,0,0,0,0,0,195,0,0,0
634603,2018,5,2,"2018-05-02","21:47:00",3,"TX",48,0,1,0,0,0,0,33.81,-97.74,33.81,-97.74,0,0,0,0,0,337,0,0,0
634604,2018,5,2,"2018-05-02","21:50:00",3,"TX",48,0,1,0,0,0,0,33.78,-97.73,33.78,-97.73,0,0,0,0,0,337,0,0,0
634605,2018,5,2,"2018-05-02","21:52:00",3,"TX",48,0,1.25,0,0,0,0,33.04,-99.73,33.04,-99.73,0,0,0,0,0,207,0,0,0
634606,2018,5,2,"2018-05-02","22:03:00",3,"MO",29,0,1,0,0,0,0,38.14,-93.73,38.14,-93.73,0,0,0,0,0,185,0,0,0
634607,2018,5,2,"2018-05-02","23:25:00",3,"MO",29,0,0.75,0,0,0,0,38.06,-92.49,38.06,-92.49,0,0,0,0,0,131,0,0,0
634608,2018,5,3,"2018-05-03","04:32:00",3,"TX",48,0,0.88,0,0,0,0,34.03,-98.92,34.03,-98.92,0,0,0,0,0,485,0,0,0
634609,2018,5,3,"2018-05-03","05:17:00",3,"TX",48,0,1,0,0,0,0,31.3708,-100.4981,31.3708,-100.4981,0,0,0,0,0,451,0,0,0
634610,2018,5,3,"2018-05-03","06:13:00",3,"IL",17,0,1,0,0,0,0,41.8,-89.96,41.8,-89.96,0,0,0,0,0,195,0,0,0
634611,2018,5,3,"2018-05-03","07:50:00",3,"TX",48,0,1,0,0,0,0,31.68,-98.99,31.68,-98.99,0,0,0,0,0,49,0,0,0
634612,2018,5,3,"2018-05-03","07:54:00",3,"TX",48,0,0.75,0,0,0,0,31.54,-98.99,31.54,-98.99,0,0,0,0,0,49,0,0,0
634613,2018,5,3,"2018-05-03","08:08:00",3,"TX",48,0,0.75,0,0,0,0,33.45,-97.77,33.45,-97.77,0,0,0,0,0,337,0,0,0
634614,2018,5,3,"2018-05-03","08:20:00",3,"TX",48,0,0.75,0,0,0,0,31.66,-98.79,31.66,-98.79,0,0,0,0,0,49,0,0,0
634615,2018,5,3,"2018-05-03","09:37:00",3,"IL",17,0,1,0,0,0,0,42.25,-89.6,42.25,-89.6,0,0,0,0,0,177,0,0,0
634616,2018,5,3,"2018-05-03","09:40:00",3,"IL",17,0,0.75,0,0,0,0,42.36,-89.57,42.36,-89.57,0,0,0,0,0,177,0,0,0
634617,2018,5,3,"2018-05-03","16:37:00",3,"IA",19,0,0.75,0,0,0,0,41.58,-93.81,41.58,-93.81,0,0,0,0,0,49,0,0,0
634618,2018,5,3,"2018-05-03","16:42:00",3,"IA",19,0,0.88,0,0,0,0,41.5,-93.63,41.5,-93.63,0,0,0,0,0,181,0,0,0
634619,2018,5,3,"2018-05-03","17:00:00",3,"KS",20,0,0.75,0,0,0,0,38.97,-99.15,38.97,-99.15,0,0,0,0,0,51,0,0,0
634620,2018,5,3,"2018-05-03","17:05:00",3,"KS",20,0,0.75,0,0,0,0,38.92,-99.1,38.92,-99.1,0,0,0,0,0,51,0,0,0
634621,2018,5,3,"2018-05-03","17:20:00",3,"KS",20,0,1,0,0,0,0,38.89,-98.86,38.89,-98.86,0,0,0,0,0,167,0,0,0
634622,2018,5,3,"2018-05-03","18:27:00",3,"KS",20,0,1.25,0,0,0,0,38.84,-98,38.84,-98,0,0,0,0,0,53,0,0,0
634623,2018,5,3,"2018-05-03","18:27:00",3,"KS",20,0,1.5,0,0,0,0,38.93,-98,38.93,-98,0,0,0,0,0,105,0,0,0
634624,2018,5,3,"2018-05-03","19:08:00",3,"KS",20,0,1.75,0,0,0,0,38.92,-97.59,38.92,-97.59,0,0,0,0,0,169,0,0,0
634625,2018,5,3,"2018-05-03","19:20:00",3,"KS",20,0,0.88,0,0,0,0,38.3,-95.69,38.3,-95.69,0,0,0,0,0,31,0,0,0
634626,2018,5,3,"2018-05-03","19:22:00",3,"KS",20,0,1.5,0,0,0,0,38.93,-97.37,38.93,-97.37,0,0,0,0,0,41,0,0,0
634627,2018,5,4,"2018-05-04","05:11:00",3,"MO",29,0,1,0,0,0,0,40.51,-92.02,40.51,-92.02,0,0,0,0,0,199,0,0,0
634628,2018,5,4,"2018-05-04","06:10:00",3,"TX",48,0,1.25,0,0,0,0,29.79,-99.77,29.79,-99.77,0,0,0,0,0,385,0,0,0
634629,2018,5,4,"2018-05-04","06:12:00",3,"TX",48,0,1.25,0,0,0,0,29.79,-99.78,29.79,-99.78,0,0,0,0,0,385,0,0,0
634630,2018,5,4,"2018-05-04","07:00:00",3,"TX",48,0,1,0,0,0,0,29.61,-99.28,29.61,-99.28,0,0,0,0,0,325,0,0,0
634631,2018,5,4,"2018-05-04","11:28:00",3,"OH",39,0,0.75,0,0,0,0,41.6334,-83.4963,41.6334,-83.4963,0,0,0,0,0,95,0,0,0
634632,2018,5,4,"2018-05-04","13:25:00",3,"MI",26,0,0.88,0,0,0,0,46,-87.11,46,-87.11,0,0,0,0,0,41,0,0,0
634633,2018,5,4,"2018-05-04","14:40:00",3,"NY",36,0,1.25,0,0,0,0,44.6604,-74.9758,44.6604,-74.9758,0,0,0,0,0,89,0,0,0
634634,2018,5,4,"2018-05-04","16:34:00",3,"NY",36,0,1,0,0,0,0,44.5,-73.47,44.5,-73.47,0,0,0,0,0,31,0,0,0
634635,2018,5,4,"2018-05-04","17:00:00",3,"VT",50,0,1.5,0,0,0,0,45,-72.67,45,-72.67,0,0,0,0,0,11,0,0,0
634636,2018,5,4,"2018-05-04","17:10:00",3,"VT",50,0,1.5,0,0,0,0,44.38,-73.23,44.38,-73.23,0,0,0,0,0,7,0,0,0
634637,2018,5,4,"2018-05-04","17:20:00",3,"VT",50,0,1,0,0,0,0,44.44,-73.04,44.44,-73.04,0,0,0,0,0,7,0,0,0
634638,2018,5,4,"2018-05-04","18:02:00",3,"VT",50,0,1,0,0,0,0,44.7,-72.18,44.7,-72.18,0,0,0,0,0,19,0,0,0
634639,2018,5,5,"2018-05-05","11:15:00",3,"TN",47,0,1,0,0,0,0,35.48,-86.08,35.48,-86.08,0,0,0,0,0,31,0,0,0
634640,2018,5,5,"2018-05-05","11:34:00",3,"TN",47,0,1,0,0,0,0,35.5312,-86.0171,35.5312,-86.0171,0,0,0,0,0,31,0,0,0
634641,2018,5,5,"2018-05-05","11:36:00",3,"TN",47,0,1.5,0,0,0,0,35.57,-86,35.57,-86,0,0,0,0,0,31,0,0,0
634642,2018,5,5,"2018-05-05","13:04:00",3,"KY",21,0,2.5,0,0,0,0,36.86,-83.38,36.86,-83.33,0,0,0,0,0,95,0,0,0
634643,2018,5,5,"2018-05-05","13:15:00",3,"TN",47,0,0.75,0,0,0,0,36.17,-85.5,36.17,-85.5,0,0,0,0,0,141,0,0,0
634644,2018,5,5,"2018-05-05","13:30:00",3,"TN",47,0,1.25,0,0,0,0,36.45,-83.59,36.45,-83.59,0,0,0,0,0,25,0,0,0
634645,2018,5,5,"2018-05-05","13:30:00",3,"WV",54,0,1,0,0,0,0,37.35,-81.25,37.35,-81.25,0,0,0,0,0,55,0,0,0
634646,2018,5,5,"2018-05-05","13:35:00",3,"NC",37,0,0.75,0,0,0,0,35.62,-82.42,35.62,-82.42,0,0,0,0,0,21,0,0,0
634647,2018,5,5,"2018-05-05","14:10:00",3,"KY",21,0,1.5,0,0,0,0,37.32,-82.32,37.32,-82.32,0,0,0,0,0,195,0,0,0
634648,2018,5,5,"2018-05-05","14:25:00",3,"VA",51,0,1.25,0,0,0,0,37.15,-82.46,37.15,-82.46,0,0,0,0,0,51,0,0,0
634649,2018,5,5,"2018-05-05","14:50:00",3,"VA",51,0,1.75,0,0,15000,0,37.22,-82.33,37.22,-82.33,0,0,0,0,0,51,0,0,0
634650,2018,5,5,"2018-05-05","14:50:00",3,"VA",51,0,1.25,0,0,0,0,37.22,-82.37,37.22,-82.37,0,0,0,0,0,51,0,0,0
634651,2018,5,5,"2018-05-05","14:52:00",3,"VA",51,0,1.75,0,0,0,0,37.21,-82.29,37.21,-82.29,0,0,0,0,0,51,0,0,0
634652,2018,5,5,"2018-05-05","14:55:00",3,"VA",51,0,1.75,0,0,0,0,37.43,-82.03,37.43,-82.03,0,0,0,0,0,27,0,0,0
634653,2018,5,5,"2018-05-05","14:55:00",3,"VA",51,0,1.5,0,0,0,0,37.3,-82.28,37.3,-82.28,0,0,0,0,0,51,0,0,0
634654,2018,5,5,"2018-05-05","15:28:00",3,"WV",54,0,0.88,0,0,0,0,37.47,-81.56,37.47,-81.56,0,0,0,0,0,47,0,0,0
634655,2018,5,5,"2018-05-05","15:28:00",3,"WV",54,0,1.25,0,0,0,0,37.64,-80.79,37.65,-80.75,0,0,0,0,0,89,0,0,0
634656,2018,5,5,"2018-05-05","15:53:00",3,"VA",51,0,1,0,0,0,0,36.97,-82.35,36.97,-82.35,0,0,0,0,0,51,0,0,0
634657,2018,5,5,"2018-05-05","16:00:00",3,"WV",54,0,0.75,0,0,0,0,37.58,-81.39,37.58,-81.39,0,0,0,0,0,109,0,0,0
634658,2018,5,5,"2018-05-05","16:02:00",3,"KY",21,0,0.88,0,0,0,0,36.95,-84.1,36.95,-84.1,0,0,0,0,0,235,0,0,0
634659,2018,5,5,"2018-05-05","16:15:00",3,"TN",47,0,1,0,0,0,0,36.54,-83.21,36.54,-83.21,0,0,0,0,0,67,0,0,0
634660,2018,5,5,"2018-05-05","16:35:00",3,"VA",51,0,1,0,0,0,0,36.76,-83.03,36.76,-83.03,0,0,0,0,0,105,0,0,0
634661,2018,5,5,"2018-05-05","19:45:00",3,"OR",41,0,1,0,0,0,0,44.87,-117.94,44.9325,-117.7858,0,0,0,0,0,1,0,0,0
634662,2018,5,6,"2018-05-06","12:15:00",3,"IL",17,0,0.75,0,0,0,0,37.2035,-88.7578,37.2035,-88.7578,0,0,0,0,0,127,0,0,0
634663,2018,5,6,"2018-05-06","12:16:00",3,"MI",26,0,0.75,0,0,0,0,42.46,-83.38,42.46,-83.38,0,0,0,0,0,125,0,0,0
634664,2018,5,6,"2018-05-06","12:30:00",3,"IL",17,0,0.88,0,0,0,0,37.1924,-88.63,37.1924,-88.63,0,0,0,0,0,127,0,0,0
634665,2018,5,6,"2018-05-06","13:40:00",3,"KY",21,0,0.88,0,0,0,0,36.8973,-87.4809,36.8973,-87.4809,0,0,0,0,0,47,0,0,0
634666,2018,5,6,"2018-05-06","13:45:00",3,"KY",21,0,0.88,0,0,0,0,37.08,-88.63,37.08,-88.63,0,0,0,0,0,145,0,0,0
634667,2018,5,6,"2018-05-06","14:29:00",3,"KY",21,0,1.75,0,0,0,0,36.72,-87.1061,36.72,-87.1061,0,0,0,0,0,219,0,0,0
634668,2018,5,6,"2018-05-06","15:15:00",3,"KY",21,0,0.75,0,0,0,0,36.6345,-88.32,36.6345,-88.32,0,0,0,0,0,35,0,0,0
634669,2018,5,6,"2018-05-06","15:34:00",3,"AR",5,0,1,0,0,0,0,35.22,-92.13,35.22,-92.13,0,0,0,0,0,45,0,0,0
634670,2018,5,6,"2018-05-06","15:40:00",3,"TN",47,0,0.88,0,0,0,0,36.0001,-87.0772,36.0001,-87.0772,0,0,0,0,0,187,0,0,0
634671,2018,5,6,"2018-05-06","15:45:00",3,"AR",5,0,0.75,0,0,0,0,35.41,-92.4,35.41,-92.4,0,0,0,0,0,141,0,0,0
634672,2018,5,6,"2018-05-06","15:49:00",3,"AR",5,0,1,0,0,0,0,35.4,-92.39,35.4,-92.39,0,0,0,0,0,141,0,0,0
634673,2018,5,6,"2018-05-06","15:52:00",3,"TN",47,0,0.75,0,0,0,0,36.28,-86.62,36.28,-86.62,0,0,0,0,0,165,0,0,0
634674,2018,5,6,"2018-05-06","16:00:00",3,"AR",5,0,1,0,0,0,0,35.58,-92.45,35.58,-92.45,0,0,0,0,0,141,0,0,0
634675,2018,5,6,"2018-05-06","16:00:00",3,"AR",5,0,1,0,0,0,0,35.32,-92.33,35.32,-92.33,0,0,0,0,0,45,0,0,0
634676,2018,5,6,"2018-05-06","16:02:00",3,"OH",39,0,0.75,0,0,0,0,39.1,-84.28,39.1,-84.28,0,0,0,0,0,25,0,0,0
634677,2018,5,6,"2018-05-06","16:03:00",3,"AR",5,0,1,0,0,0,0,35.21,-91.77,35.21,-91.77,0,0,0,0,0,145,0,0,0
634678,2018,5,6,"2018-05-06","16:39:00",3,"AR",5,0,0.75,0,0,0,0,35.63,-92.68,35.63,-92.68,0,0,0,0,0,141,0,0,0
634679,2018,5,6,"2018-05-06","16:42:00",3,"MO",29,0,0.88,0,0,0,0,39.6837,-91.3471,39.6837,-91.3471,0,0,0,0,0,173,0,0,0
634680,2018,5,6,"2018-05-06","16:56:00",3,"IL",17,0,0.75,0,0,0,0,39.3,-90.62,39.3,-90.62,0,0,0,0,0,13,0,0,0
634681,2018,5,6,"2018-05-06","17:42:00",3,"MO",29,0,0.88,0,0,0,0,39.7,-91.38,39.7,-91.38,0,0,0,0,0,127,0,0,0
634682,2018,5,6,"2018-05-06","17:50:00",3,"CO",8,0,0.75,0,0,0,0,40.61,-103.74,40.61,-103.74,0,0,0,0,0,123,0,0,0
634683,2018,5,6,"2018-05-06","18:05:00",3,"MO",29,0,1,0,0,0,0,37.19,-94.47,37.19,-94.47,0,0,0,0,0,97,0,0,0
634684,2018,5,6,"2018-05-06","18:05:00",3,"IL",17,0,1,0,0,0,0,38.9024,-89.7176,38.9039,-89.6737,0,0,0,0,0,119,0,0,0
634685,2018,5,6,"2018-05-06","18:08:00",3,"MO",29,0,1,0,0,0,0,37.24,-94.49,37.24,-94.49,0,0,0,0,0,97,0,0,0
634686,2018,5,6,"2018-05-06","18:15:00",3,"MO",29,0,1,0,0,0,0,37.14,-94.47,37.14,-94.47,0,0,0,0,0,97,0,0,0
634687,2018,5,6,"2018-05-06","18:25:00",3,"AR",5,0,1,0,0,0,0,34.99,-92.22,34.99,-92.22,0,0,0,0,0,119,0,0,0
634688,2018,5,6,"2018-05-06","18:30:00",3,"MO",29,0,0.75,0,0,0,0,38.3167,-91.9234,38.3167,-91.9234,0,0,0,0,0,151,0,0,0
634689,2018,5,6,"2018-05-06","18:58:00",3,"MO",29,0,0.75,0,0,0,0,38.0711,-91.4869,38.0711,-91.4869,0,0,0,0,0,55,0,0,0
634690,2018,5,6,"2018-05-06","21:11:00",3,"IN",18,0,1,0,0,0,0,38.33,-87.35,38.33,-87.35,0,0,0,0,0,51,0,0,0
634691,2018,5,7,"2018-05-07","14:14:00",3,"MT",30,0,0.75,0,0,0,0,45.96,-108.16,45.96,-108.16,0,0,0,0,0,111,0,0,0
634692,2018,5,7,"2018-05-07","14:20:00",3,"ND",38,0,0.75,0,0,0,0,46.87,-102.41,46.87,-102.41,0,0,0,0,0,89,0,0,0
634693,2018,5,7,"2018-05-07","14:45:00",3,"ND",38,0,0.75,0,0,0,0,46.89,-102.32,46.89,-102.32,0,0,0,0,0,89,0,0,0
634694,2018,5,7,"2018-05-07","14:55:00",3,"MT",30,0,0.75,0,0,0,0,46.15,-107.59,46.15,-107.59,0,0,0,0,0,111,0,0,0
634695,2018,5,7,"2018-05-07","15:23:00",3,"MT",30,0,0.88,0,0,0,0,45.74,-107.53,45.74,-107.53,0,0,0,0,0,3,0,0,0
634696,2018,5,7,"2018-05-07","16:39:00",3,"KY",21,0,1,0,0,0,0,36.9,-83.07,36.9,-83.07,0,0,0,0,0,95,0,0,0
634697,2018,5,7,"2018-05-07","16:50:00",3,"ND",38,0,0.88,0,0,0,0,46.42,-101.57,46.42,-101.57,0,0,0,0,0,37,0,0,0
634698,2018,5,7,"2018-05-07","17:00:00",3,"ND",38,0,1,0,0,0,0,46.42,-101.56,46.42,-101.56,0,0,0,0,0,37,0,0,0
634699,2018,5,7,"2018-05-07","17:16:00",3,"SD",46,0,0.88,0,0,0,0,45.82,-99.61,45.82,-99.61,0,0,0,0,0,89,0,0,0
634700,2018,5,7,"2018-05-07","17:40:00",3,"NC",37,0,0.75,0,0,0,0,35.91,-81.94,35.91,-81.94,0,0,0,0,0,111,0,0,0
634701,2018,5,7,"2018-05-07","18:40:00",3,"WY",56,0,1.5,0,0,0,0,44.36,-104.81,44.36,-104.81,0,0,0,0,0,11,0,0,0
634702,2018,5,7,"2018-05-07","18:42:00",3,"WY",56,0,1,0,0,0,0,44.36,-104.81,44.36,-104.81,0,0,0,0,0,11,0,0,0
634703,2018,5,7,"2018-05-07","18:54:00",3,"WY",56,0,1,0,0,0,0,43.68,-105.97,43.68,-105.97,0,0,0,0,0,5,0,0,0
634704,2018,5,7,"2018-05-07","18:54:00",3,"SD",46,0,1.25,0,0,0,0,45.79,-101.99,45.79,-101.99,0,0,0,0,0,31,0,0,0
634705,2018,5,7,"2018-05-07","19:00:00",3,"NC",37,0,0.88,0,0,0,0,35.74,-81.33,35.74,-81.33,0,0,0,0,0,35,0,0,0
634706,2018,5,7,"2018-05-07","19:15:00",3,"WY",56,0,1,0,0,0,0,44.25,-104.51,44.25,-104.51,0,0,0,0,0,11,0,0,0
634707,2018,5,7,"2018-05-07","19:42:00",3,"SD",46,0,0.88,0,0,0,0,44.07,-101.15,44.07,-101.15,0,0,0,0,0,55,0,0,0
634708,2018,5,7,"2018-05-07","20:30:00",3,"NE",31,0,1.75,0,0,0,0,42.91,-100.91,42.91,-100.91,0,0,0,0,0,31,0,0,0
634709,2018,5,8,"2018-05-08","17:00:00",3,"SD",46,0,1,0,0,0,0,45.18,-97.68,45.18,-97.68,0,0,0,0,0,37,0,0,0
634710,2018,5,8,"2018-05-08","17:15:00",3,"SD",46,0,1,0,0,0,0,45.1,-97.63,45.1,-97.63,0,0,0,0,0,25,0,0,0
634711,2018,5,8,"2018-05-08","18:07:00",3,"SD",46,0,0.75,0,0,0,0,44.46,-98.17,44.46,-98.17,0,0,0,0,0,5,0,0,0
634712,2018,5,8,"2018-05-08","18:30:00",3,"MN",27,0,0.75,0,0,0,0,43.58,-95.31,43.58,-95.31,0,0,0,0,0,63,0,0,0
634713,2018,5,8,"2018-05-08","18:50:00",3,"SD",46,0,1,0,0,0,0,44.1,-97.71,44.1,-97.71,0,0,0,0,0,97,0,0,0
634714,2018,5,8,"2018-05-08","19:21:00",3,"IA",19,0,1.75,0,0,0,0,43.33,-95.15,43.33,-95.15,0,0,0,0,0,59,0,0,0
634715,2018,5,8,"2018-05-08","19:32:00",3,"SD",46,0,0.88,0,0,0,0,44.46,-97.55,44.46,-97.55,0,0,0,0,0,77,0,0,0
634716,2018,5,8,"2018-05-08","19:34:00",3,"IA",19,0,0.88,0,0,0,0,43.42,-95.11,43.42,-95.11,0,0,0,0,0,59,0,0,0
634717,2018,5,8,"2018-05-08","19:53:00",3,"IA",19,0,1,0,0,0,0,43.45,-95.15,43.45,-95.15,0,0,0,0,0,59,0,0,0
634718,2018,5,8,"2018-05-08","20:20:00",3,"MO",29,0,0.75,0,0,0,0,39.26,-94.58,39.26,-94.58,0,0,0,0,0,47,0,0,0
634719,2018,5,8,"2018-05-08","20:47:00",3,"MN",27,0,0.88,0,0,0,0,43.62,-94.99,43.62,-94.99,0,0,0,0,0,63,0,0,0
634720,2018,5,8,"2018-05-08","21:45:00",3,"IA",19,0,1,0,0,0,0,43.01,-95.19,43.01,-95.19,0,0,0,0,0,41,0,0,0
634721,2018,5,9,"2018-05-09","14:24:00",3,"WI",55,0,0.88,0,0,0,0,43.11,-89.5,43.11,-89.5,0,0,0,0,0,25,0,0,0
634722,2018,5,9,"2018-05-09","14:45:00",3,"WI",55,0,1,0,0,0,0,43.12,-89.33,43.12,-89.33,0,0,0,0,0,25,0,0,0
634723,2018,5,9,"2018-05-09","15:29:00",3,"WY",56,0,1.25,0,0,0,0,43.72,-106.5098,43.6961,-106.4431,0,0,0,0,0,19,0,0,0
634724,2018,5,9,"2018-05-09","16:11:00",3,"IL",17,0,0.75,0,0,0,0,41.88,-87.9606,41.88,-87.9606,0,0,0,0,0,43,0,0,0
634725,2018,5,9,"2018-05-09","16:17:00",3,"OH",39,0,0.88,0,0,0,0,41.57,-83.65,41.57,-83.65,0,0,0,0,0,95,0,0,0
634726,2018,5,9,"2018-05-09","16:30:00",3,"WI",55,0,0.75,0,0,0,0,42.97,-87.9,42.97,-87.9,0,0,0,0,0,79,0,0,0
634727,2018,5,9,"2018-05-09","16:46:00",3,"IL",17,0,0.88,0,0,0,0,41.12,-87.85,41.12,-87.85,0,0,0,0,0,91,0,0,0
634728,2018,5,9,"2018-05-09","16:59:00",3,"IL",17,0,0.88,0,0,0,0,41.23,-87.65,41.23,-87.65,0,0,0,0,0,91,0,0,0
634729,2018,5,9,"2018-05-09","17:05:00",3,"IL",17,0,1.25,0,0,0,0,40.79,-88.24,40.79,-88.24,0,0,0,0,0,53,0,0,0
634730,2018,5,9,"2018-05-09","17:31:00",3,"MT",30,0,1,0,0,0,0,45.43,-109.81,45.43,-109.81,0,0,0,0,0,95,0,0,0
634731,2018,5,9,"2018-05-09","17:40:00",3,"MT",30,0,1,0,0,0,0,45.43,-109.8,45.43,-109.8,0,0,0,0,0,95,0,0,0
634732,2018,5,9,"2018-05-09","18:10:00",3,"IL",17,0,1,0,0,0,15000,40.0634,-88.73,40.0634,-88.73,0,0,0,0,0,147,0,0,0
634733,2018,5,9,"2018-05-09","18:12:00",3,"MT",30,0,1.25,0,0,0,0,45.45,-109.5,45.45,-109.5,0,0,0,0,0,95,0,0,0
634734,2018,5,9,"2018-05-09","18:39:00",3,"NE",31,0,1,0,0,0,0,41.39,-102.27,41.39,-102.27,0,0,0,0,0,69,0,0,0
634735,2018,5,9,"2018-05-09","18:45:00",3,"IL",17,0,0.75,0,0,0,0,40.12,-88.25,40.12,-88.25,0,0,0,0,0,19,0,0,0
634736,2018,5,9,"2018-05-09","18:49:00",3,"MI",26,0,1,0,0,0,0,42.11,-85.97,42.11,-85.97,0,0,0,0,0,159,0,0,0
634737,2018,5,9,"2018-05-09","18:51:00",3,"IL",17,0,0.75,0,0,0,0,40.1098,-88.2366,40.1098,-88.2366,0,0,0,0,0,19,0,0,0
634738,2018,5,9,"2018-05-09","19:27:00",3,"NE",31,0,1,0,0,0,0,40.81,-101.77,40.81,-101.77,0,0,0,0,0,135,0,0,0
634739,2018,5,9,"2018-05-09","19:30:00",3,"IL",17,0,0.75,0,0,0,0,39.8,-88.28,39.8,-88.28,0,0,0,0,0,41,0,0,0
634740,2018,5,9,"2018-05-09","19:38:00",3,"IL",17,0,1,0,0,0,0,39.8,-88.28,39.8,-88.28,0,0,0,0,0,41,0,0,0
634741,2018,5,9,"2018-05-09","19:48:00",3,"IL",17,0,0.75,0,0,0,0,39.8,-88.17,39.8,-88.17,0,0,0,0,0,41,0,0,0
634742,2018,5,9,"2018-05-09","19:52:00",3,"IL",17,0,1,0,0,0,0,39.4714,-88.3248,39.4714,-88.3248,0,0,0,0,0,29,0,0,0
634743,2018,5,9,"2018-05-09","20:16:00",3,"IL",17,0,1,0,0,0,0,39.53,-88.02,39.53,-88.02,0,0,0,0,0,29,0,0,0
634744,2018,5,9,"2018-05-09","21:20:00",3,"KS",20,0,1,0,0,0,0,37.92,-98.51,37.92,-98.51,0,0,0,0,0,185,0,0,0
634745,2018,5,9,"2018-05-09","22:08:00",3,"KS",20,0,0.88,0,0,0,0,37.78,-98.22,37.78,-98.22,0,0,0,0,0,155,0,0,0
634746,2018,5,9,"2018-05-09","23:12:00",3,"KS",20,0,0.88,0,0,0,0,37.73,-98.08,37.73,-98.08,0,0,0,0,0,95,0,0,0
634747,2018,5,9,"2018-05-09","23:15:00",3,"KS",20,0,1,0,0,0,0,37.76,-98.05,37.76,-98.05,0,0,0,0,0,155,0,0,0
637190,2018,6,10,"2018-06-10","03:00:00",3,"IA",19,0,0.75,0,0,0,0,42.45,-96.36,42.45,-96.36,0,0,0,0,0,193,0,0,0
637191,2018,6,10,"2018-06-10","04:45:00",3,"IN",18,0,0.88,0,0,0,0,39.86,-87.25,39.86,-87.25,0,0,0,0,0,121,0,0,0
637192,2018,6,10,"2018-06-10","05:45:00",3,"IL",17,0,0.75,0,0,0,0,39,-87.61,39,-87.61,0,0,0,0,0,33,0,0,0
637193,2018,6,10,"2018-06-10","08:55:00",3,"IL",17,0,0.88,0,0,0,0,40.65,-89.14,40.65,-89.14,0,0,0,0,0,203,0,0,0
637194,2018,6,10,"2018-06-10","13:00:00",3,"VA",51,0,1,0,0,0,0,37.1196,-79.7317,37.1196,-79.7317,0,0,0,0,0,67,0,0,0
637195,2018,6,10,"2018-06-10","13:00:00",3,"FL",12,0,0.75,0,0,0,0,26.16,-81.66,26.16,-81.66,0,0,0,0,0,21,0,0,0
637196,2018,6,10,"2018-06-10","13:25:00",3,"VA",51,0,0.75,0,0,0,0,37.6497,-79.1276,37.6497,-79.1276,0,0,0,0,0,9,0,0,0
637197,2018,6,10,"2018-06-10","13:49:00",3,"IL",17,0,0.88,0,0,0,0,39.98,-87.8,39.98,-87.8,0,0,0,0,0,183,0,0,0
637198,2018,6,10,"2018-06-10","14:48:00",3,"IL",17,0,1,0,0,0,0,40.1685,-91.2601,40.1685,-91.2601,0,0,0,0,0,1,0,0,0
637199,2018,6,10,"2018-06-10","15:42:00",3,"IL",17,0,1.75,0,0,0,0,40.02,-90.43,40.02,-90.43,0,0,0,0,0,17,0,0,0
637200,2018,6,10,"2018-06-10","15:49:00",3,"IN",18,0,1,0,0,0,0,38.52,-87.52,38.52,-87.52,0,0,0,0,0,83,0,0,0
637201,2018,6,10,"2018-06-10","15:49:00",3,"IL",17,0,2.5,0,0,1e+05,0,39.9636,-90.3714,39.9636,-90.3714,0,0,0,0,0,17,0,0,0
637202,2018,6,10,"2018-06-10","15:50:00",3,"IN",18,0,1,0,0,0,0,38.5089,-87.5508,38.5089,-87.5508,0,0,0,0,0,83,0,0,0
637203,2018,6,10,"2018-06-10","15:51:00",3,"IL",17,0,1,0,0,0,0,38.53,-87.72,38.53,-87.72,0,0,0,0,0,185,0,0,0
637204,2018,6,10,"2018-06-10","16:00:00",3,"IN",18,0,1,0,0,0,0,38.48,-87.53,38.48,-87.53,0,0,0,0,0,51,0,0,0
637205,2018,6,10,"2018-06-10","16:20:00",3,"NC",37,0,0.75,0,0,0,0,35.908,-81.512,35.908,-81.512,0,0,0,0,0,27,0,0,0
637206,2018,6,10,"2018-06-10","16:55:00",3,"ND",38,0,0.75,0,0,0,0,47.98,-102.49,47.98,-102.49,0,0,0,0,0,61,0,0,0
637207,2018,6,10,"2018-06-10","17:06:00",3,"SD",46,0,1.75,0,0,0,0,45.3314,-103.4627,45.3314,-103.4627,0,0,0,0,0,63,0,0,0
637208,2018,6,10,"2018-06-10","17:15:00",3,"SD",46,0,2,0,0,0,0,45.26,-103.15,45.26,-103.15,0,0,0,0,0,63,0,0,0
637209,2018,6,10,"2018-06-10","17:20:00",3,"SD",46,0,1,0,0,0,0,44.27,-103.64,44.27,-103.64,0,0,0,0,0,81,0,0,0
637210,2018,6,10,"2018-06-10","17:22:00",3,"SD",46,0,2.75,0,0,0,0,45.3,-103.17,45.3,-103.17,0,0,0,0,0,63,0,0,0
637211,2018,6,10,"2018-06-10","17:22:00",3,"IL",17,0,0.88,0,0,0,0,39.2163,-89.4017,39.2163,-89.4017,0,0,0,0,0,135,0,0,0
637212,2018,6,10,"2018-06-10","17:35:00",3,"SD",46,0,1,0,0,0,0,44.0221,-103.63,44.0221,-103.63,0,0,0,0,0,103,0,0,0
637213,2018,6,10,"2018-06-10","17:42:00",3,"ND",38,0,1,0,0,0,0,47.95,-102.36,47.95,-102.36,0,0,0,0,0,61,0,0,0
637214,2018,6,10,"2018-06-10","17:43:00",3,"ND",38,0,1,0,0,0,0,48.9,-102.39,48.9,-102.39,0,0,0,0,0,13,0,0,0
637215,2018,6,10,"2018-06-10","17:57:00",3,"ND",38,0,1,0,0,0,0,46.24,-102.82,46.24,-102.82,0,0,0,0,0,1,0,0,0
637216,2018,6,10,"2018-06-10","18:10:00",3,"SD",46,0,0.88,0,0,0,0,44.0745,-103.2114,44.0745,-103.2114,0,0,0,0,0,103,0,0,0
637217,2018,6,10,"2018-06-10","18:14:00",3,"SD",46,0,1,0,0,0,0,44.0666,-103.2377,44.0666,-103.2377,0,0,0,0,0,103,0,0,0
637218,2018,6,10,"2018-06-10","18:14:00",3,"ND",38,0,1,0,0,0,0,47.36,-102.34,47.36,-102.34,0,0,0,0,0,25,0,0,0
637219,2018,6,10,"2018-06-10","18:15:00",3,"SD",46,0,2,0,0,0,0,44.1234,-103.23,44.1234,-103.23,0,0,0,0,0,103,0,0,0
637220,2018,6,10,"2018-06-10","18:15:00",3,"ND",38,0,1.75,0,0,0,0,47.96,-102.14,47.96,-102.14,0,0,0,0,0,61,0,0,0
637221,2018,6,10,"2018-06-10","18:16:00",3,"ND",38,0,0.88,0,0,0,0,46.42,-102.56,46.42,-102.56,0,0,0,0,0,41,0,0,0
637222,2018,6,10,"2018-06-10","18:30:00",3,"SD",46,0,1,0,0,0,0,43.8802,-103.3442,43.8802,-103.3442,0,0,0,0,0,103,0,0,0
637223,2018,6,10,"2018-06-10","18:38:00",3,"SD",46,0,1,0,0,0,0,45.13,-102.71,45.13,-102.71,0,0,0,0,0,105,0,0,0
637224,2018,6,10,"2018-06-10","18:55:00",3,"SD",46,0,1,0,0,0,0,43.9787,-103.23,43.9787,-103.23,0,0,0,0,0,103,0,0,0
637225,2018,6,10,"2018-06-10","19:34:00",3,"SD",46,0,2,0,0,0,0,45.02,-102.35,45.02,-102.35,0,0,0,0,0,93,0,0,0
637226,2018,6,10,"2018-06-10","19:36:00",3,"SD",46,0,1.5,0,0,0,0,45.02,-102.34,45.02,-102.34,0,0,0,0,0,93,0,0,0
637227,2018,6,10,"2018-06-10","19:45:00",3,"ND",38,0,1.75,0,0,0,0,48.18,-101.8,48.18,-101.8,0,0,0,0,0,101,0,0,0
637228,2018,6,10,"2018-06-10","19:48:00",3,"ND",38,0,1,0,0,0,0,47.41,-101.78,47.41,-101.78,0,0,0,0,0,57,0,0,0
637229,2018,6,10,"2018-06-10","19:50:00",3,"IA",19,0,0.88,0,0,0,0,41.21,-93.85,41.21,-93.85,0,0,0,0,0,121,0,0,0
637230,2018,6,10,"2018-06-10","19:55:00",3,"SD",46,0,1,0,0,0,0,45.5577,-102.1245,45.5577,-102.1245,0,0,0,0,0,105,0,0,0
637231,2018,6,10,"2018-06-10","20:00:00",3,"NE",31,0,1.5,0,0,0,0,42.79,-102.35,42.79,-102.35,0,0,0,0,0,161,0,0,0
637232,2018,6,10,"2018-06-10","21:14:00",3,"IA",19,0,0.88,0,0,0,0,41.6,-93.83,41.6,-93.83,0,0,0,0,0,49,0,0,0
637233,2018,6,10,"2018-06-10","22:30:00",3,"SD",46,0,1,0,0,0,0,45.91,-100.1,45.91,-100.1,0,0,0,0,0,21,0,0,0
637234,2018,6,10,"2018-06-10","23:00:00",3,"IA",19,0,1.75,0,0,25000,0,40.98,-93.88,40.98,-93.88,0,0,0,0,0,39,0,0,0
637235,2018,6,10,"2018-06-10","23:20:00",3,"SD",46,0,1,0,0,0,0,45.36,-100.41,45.36,-100.41,0,0,0,0,0,41,0,0,0
637236,2018,6,11,"2018-06-11","02:47:00",3,"IA",19,0,1.25,0,0,0,0,43.17,-94.91,43.17,-94.91,0,0,0,0,0,147,0,0,0
637237,2018,6,11,"2018-06-11","11:25:00",3,"SC",45,0,0.25,0,0,100,100,33.95,-80.93,33.95,-80.93,0,0,0,0,0,79,0,0,0
637238,2018,6,11,"2018-06-11","11:28:00",3,"SC",45,0,0.25,0,0,100,100,33.95,-80.85,33.95,-80.85,0,0,0,0,0,79,0,0,0
637239,2018,6,11,"2018-06-11","12:25:00",3,"SC",45,0,0.75,0,0,100,100,33.93,-80.52,33.93,-80.52,0,0,0,0,0,85,0,0,0
637240,2018,6,11,"2018-06-11","12:28:00",3,"SC",45,0,0.25,0,0,100,100,33.73,-80.96,33.73,-80.96,0,0,0,0,0,17,0,0,0
637241,2018,6,11,"2018-06-11","12:30:00",3,"FL",12,0,0.75,0,0,0,0,26.28,-81.78,26.28,-81.78,0,0,0,0,0,21,0,0,0
637242,2018,6,11,"2018-06-11","14:49:00",3,"NC",37,0,1,0,0,0,0,35.4195,-78.9372,35.4195,-78.9372,0,0,0,0,0,85,0,0,0
637243,2018,6,11,"2018-06-11","15:00:00",3,"GA",13,0,1.75,0,0,0,0,33.5229,-82.4346,33.5229,-82.4346,0,0,0,0,0,189,0,0,0
637244,2018,6,11,"2018-06-11","15:05:00",3,"KY",21,0,0.88,0,0,0,0,37.16,-85.58,37.16,-85.58,0,0,0,0,0,87,0,0,0
637245,2018,6,11,"2018-06-11","15:08:00",3,"NC",37,0,1,0,0,0,0,35.25,-78.63,35.25,-78.63,0,0,0,0,0,85,0,0,0
637246,2018,6,11,"2018-06-11","15:08:00",3,"NC",37,0,1,0,0,0,0,35.29,-78.6,35.29,-78.6,0,0,0,0,0,85,0,0,0
637247,2018,6,11,"2018-06-11","15:17:00",3,"IA",19,0,0.75,0,0,0,0,42.38,-96.36,42.38,-96.36,0,0,0,0,0,193,0,0,0
637248,2018,6,11,"2018-06-11","15:20:00",3,"IA",19,0,0.75,0,0,0,0,42.4,-96.38,42.4,-96.38,0,0,0,0,0,193,0,0,0
637249,2018,6,11,"2018-06-11","15:40:00",3,"GA",13,0,1.25,0,0,0,0,33.42,-82.33,33.42,-82.33,0,0,0,0,0,73,0,0,0
637250,2018,6,11,"2018-06-11","15:43:00",3,"GA",13,0,1,0,0,0,0,33.37,-82.03,33.37,-82.03,0,0,0,0,0,245,0,0,0
637251,2018,6,11,"2018-06-11","15:48:00",3,"GA",13,0,1,0,0,0,0,33.3558,-82.0798,33.3558,-82.0798,0,0,0,0,0,245,0,0,0
637252,2018,6,11,"2018-06-11","15:48:00",3,"GA",13,0,1.25,0,0,0,0,33.38,-82.07,33.38,-82.07,0,0,0,0,0,245,0,0,0
637253,2018,6,11,"2018-06-11","16:00:00",3,"NE",31,0,1,0,0,0,0,41.08,-96.26,41.08,-96.26,0,0,0,0,0,153,0,0,0
637254,2018,6,11,"2018-06-11","16:00:00",3,"NE",31,0,1.75,0,0,0,0,41.13,-96.22,41.13,-96.22,0,0,0,0,0,153,0,0,0
637255,2018,6,11,"2018-06-11","16:00:00",3,"NE",31,0,2,0,0,0,0,41.13,-96.23,41.13,-96.23,0,0,0,0,0,153,0,0,0
637256,2018,6,11,"2018-06-11","16:04:00",3,"NE",31,0,1.5,0,0,0,0,41.16,-96.19,41.16,-96.19,0,0,0,0,0,153,0,0,0
637257,2018,6,11,"2018-06-11","16:09:00",3,"KY",21,0,0.88,0,0,0,0,37.88,-86.72,37.88,-86.72,0,0,0,0,0,91,0,0,0
637258,2018,6,11,"2018-06-11","16:10:00",3,"NE",31,0,1,0,0,0,0,41.94,-96.47,41.94,-96.47,0,0,0,0,0,21,0,0,0
637259,2018,6,11,"2018-06-11","16:10:00",3,"NE",31,0,1.75,0,0,0,0,41.15,-96.19,41.15,-96.19,0,0,0,0,0,153,0,0,0
637260,2018,6,11,"2018-06-11","16:25:00",3,"NE",31,0,1.5,0,0,0,0,40.96,-96.18,40.96,-96.18,0,0,0,0,0,25,0,0,0
637261,2018,6,11,"2018-06-11","16:29:00",3,"NE",31,0,1.75,0,0,0,0,41.44,-96.49,41.44,-96.49,0,0,0,0,0,53,0,0,0
637262,2018,6,11,"2018-06-11","16:30:00",3,"NE",31,0,1,0,0,0,0,41.45,-96.48,41.45,-96.48,0,0,0,0,0,53,0,0,0
637263,2018,6,11,"2018-06-11","16:36:00",3,"NE",31,0,1.5,0,0,0,0,41.44,-96.5,41.44,-96.5,0,0,0,0,0,53,0,0,0
637264,2018,6,11,"2018-06-11","16:38:00",3,"NE",31,0,1.25,0,0,0,0,41.24,-96.2,41.24,-96.2,0,0,0,0,0,55,0,0,0
637265,2018,6,11,"2018-06-11","16:45:00",3,"TN",47,0,0.75,0,0,0,0,35.8891,-86.3705,35.8891,-86.3705,0,0,0,0,0,149,0,0,0
637266,2018,6,11,"2018-06-11","17:10:00",3,"NE",31,0,1,0,0,0,0,41.07,-96.04,41.07,-96.04,0,0,0,0,0,153,0,0,0
637267,2018,6,11,"2018-06-11","17:26:00",3,"TN",47,0,0.75,0,0,0,0,36.5165,-85.1576,36.5165,-85.1576,0,0,0,0,0,137,0,0,0
637268,2018,6,11,"2018-06-11","17:28:00",3,"IL",17,0,0.88,0,0,0,0,38.95,-90.18,38.8193,-89.963,0,0,0,0,0,119,0,0,0
637269,2018,6,11,"2018-06-11","17:34:00",3,"NE",31,0,1.75,0,0,0,0,40.98,-96.22,40.98,-96.22,0,0,0,0,0,25,0,0,0
637270,2018,6,11,"2018-06-11","17:35:00",3,"NE",31,0,1,0,0,0,0,40.82,-96.43,40.82,-96.43,0,0,0,0,0,25,0,0,0
637271,2018,6,11,"2018-06-11","17:41:00",3,"NE",31,0,1.75,0,0,0,0,40.84,-96.29,40.84,-96.29,0,0,0,0,0,25,0,0,0
637272,2018,6,11,"2018-06-11","17:54:00",3,"IL",17,0,1,0,0,0,0,38.64,-88.35,38.64,-88.35,0,0,0,0,0,25,0,0,0
637273,2018,6,11,"2018-06-11","18:05:00",3,"TN",47,0,0.88,0,0,0,0,36.48,-86.32,36.48,-86.32,0,0,0,0,0,165,0,0,0
637274,2018,6,11,"2018-06-11","18:05:00",3,"IL",17,0,1.5,0,0,0,0,38.61,-88.31,38.61,-88.31,0,0,0,0,0,25,0,0,0
637275,2018,6,11,"2018-06-11","18:10:00",3,"IL",17,0,1.75,0,0,0,0,38.63,-88.35,38.63,-88.35,0,0,0,0,0,25,0,0,0
637276,2018,6,11,"2018-06-11","18:16:00",3,"NE",31,0,1.25,0,0,0,0,40.46,-96.32,40.46,-96.32,0,0,0,0,0,97,0,0,0
637277,2018,6,11,"2018-06-11","18:20:00",3,"NC",37,0,0.75,0,0,0,0,35.78,-81.69,35.78,-81.69,0,0,0,0,0,23,0,0,0
637278,2018,6,11,"2018-06-11","18:21:00",3,"NE",31,0,1,0,0,0,0,40.36,-96.19,40.36,-96.19,0,0,0,0,0,97,0,0,0
637279,2018,6,11,"2018-06-11","18:21:00",3,"NE",31,0,1,0,0,0,0,40.46,-96.38,40.46,-96.38,0,0,0,0,0,97,0,0,0
637280,2018,6,11,"2018-06-11","18:33:00",3,"TN",47,0,0.75,0,0,0,0,36.57,-86.232,36.57,-86.232,0,0,0,0,0,165,0,0,0
637281,2018,6,11,"2018-06-11","18:33:00",3,"NE",31,0,1.75,0,0,0,0,40.36,-96.27,40.36,-96.27,0,0,0,0,0,97,0,0,0
637282,2018,6,11,"2018-06-11","18:35:00",3,"NC",37,0,0.75,0,0,0,0,35.778,-81.826,35.778,-81.826,0,0,0,0,0,23,0,0,0
637283,2018,6,11,"2018-06-11","18:35:00",3,"NE",31,0,2,0,0,0,0,40.51,-96.16,40.51,-96.16,0,0,0,0,0,97,0,0,0
637284,2018,6,11,"2018-06-11","18:37:00",3,"IL",17,0,1,0,0,0,0,39.07,-88.37,39.07,-88.37,0,0,0,0,0,49,0,0,0
637285,2018,6,11,"2018-06-11","18:39:00",3,"TN",47,0,1,0,0,0,0,36.3633,-86.3843,36.3633,-86.3843,0,0,0,0,0,165,0,0,0
637286,2018,6,11,"2018-06-11","18:40:00",3,"NE",31,0,1,0,0,0,0,40.48,-96.14,40.48,-96.14,0,0,0,0,0,97,0,0,0
637287,2018,6,11,"2018-06-11","18:45:00",3,"NE",31,0,2.75,0,0,0,0,40.39,-96.16,40.39,-96.16,0,0,0,0,0,97,0,0,0
637288,2018,6,11,"2018-06-11","19:00:00",3,"TN",47,0,0.88,0,0,0,0,36.2993,-86.4231,36.2993,-86.4231,0,0,0,0,0,189,0,0,0
637289,2018,6,11,"2018-06-11","19:13:00",3,"NE",31,0,2.5,0,0,0,0,40.27,-96.23,40.27,-96.23,0,0,0,0,0,97,0,0,0
637290,2018,6,11,"2018-06-11","19:19:00",3,"NE",31,0,1,0,0,0,0,40.18,-96.06,40.18,-96.06,0,0,0,0,0,133,0,0,0
637291,2018,6,11,"2018-06-11","19:19:00",3,"NE",31,0,1,0,0,0,0,40.18,-96.06,40.18,-96.06,0,0,0,0,0,133,0,0,0
637292,2018,6,11,"2018-06-11","19:21:00",3,"NC",37,0,1.75,0,0,0,0,35.251,-81.4,35.23,-81.461,0,0,0,0,0,45,0,0,0
637293,2018,6,11,"2018-06-11","19:35:00",3,"IA",19,0,1,0,0,0,0,42.4,-94.67,42.4,-94.67,0,0,0,0,0,25,0,0,0
637294,2018,6,11,"2018-06-11","19:40:00",3,"NE",31,0,1,0,0,0,0,40.17,-95.94,40.17,-95.94,0,0,0,0,0,147,0,0,0
637295,2018,6,11,"2018-06-11","19:54:00",3,"KS",20,0,1.5,0,0,0,0,39.87,-96.26,39.87,-96.26,0,0,0,0,0,117,0,0,0
637296,2018,6,11,"2018-06-11","20:00:00",3,"KS",20,0,1,0,0,0,0,39.83,-96.18,39.83,-96.18,0,0,0,0,0,131,0,0,0
637297,2018,6,11,"2018-06-11","20:00:00",3,"KS",20,0,1,0,0,0,0,39.9,-96.21,39.9,-96.21,0,0,0,0,0,131,0,0,0
637298,2018,6,11,"2018-06-11","20:06:00",3,"KS",20,0,1,0,0,0,0,39.84,-96.18,39.84,-96.18,0,0,0,0,0,131,0,0,0
637299,2018,6,11,"2018-06-11","20:23:00",3,"KY",21,0,0.88,0,0,0,0,37.28,-85.9,37.2787,-85.8975,0,0,0,0,0,99,0,0,0
637300,2018,6,11,"2018-06-11","20:55:00",3,"KS",20,0,0.88,0,0,0,0,38.41,-97.76,38.41,-97.76,0,0,0,0,0,113,0,0,0
637301,2018,6,11,"2018-06-11","21:10:00",3,"KS",20,0,1,0,0,0,0,39.61,-95.43,39.61,-95.43,0,0,0,0,0,5,0,0,0
637302,2018,6,11,"2018-06-11","21:33:00",3,"KS",20,0,1,0,0,0,0,39.54,-95.96,39.54,-95.96,0,0,0,0,0,85,0,0,0
637303,2018,6,11,"2018-06-11","21:47:00",3,"MO",29,0,1.75,0,0,0,0,39.56,-94.04,39.56,-94.04,0,0,0,0,0,25,0,0,0
637304,2018,6,11,"2018-06-11","22:01:00",3,"KS",20,0,1,0,0,0,0,38.18,-98.09,38.18,-98.09,0,0,0,0,0,159,0,0,0
637305,2018,6,11,"2018-06-11","22:04:00",3,"KS",20,0,1.75,0,0,0,0,38.1,-98.09,38.1,-98.09,0,0,0,0,0,155,0,0,0
637306,2018,6,11,"2018-06-11","22:05:00",3,"KS",20,0,1.75,0,0,0,0,38.08,-97.91,38.08,-97.91,0,0,0,0,0,155,0,0,0
637307,2018,6,11,"2018-06-11","22:07:00",3,"KS",20,0,1,0,0,0,0,38.08,-97.96,38.08,-97.96,0,0,0,0,0,155,0,0,0
637308,2018,6,11,"2018-06-11","22:07:00",3,"KS",20,0,1.75,0,0,0,0,38.09,-98.09,38.09,-98.09,0,0,0,0,0,155,0,0,0
637309,2018,6,11,"2018-06-11","22:10:00",3,"KS",20,0,1,0,0,0,0,38.07,-97.93,38.07,-97.93,0,0,0,0,0,155,0,0,0
637310,2018,6,11,"2018-06-11","22:15:00",3,"KS",20,0,1,0,0,0,0,38.1,-97.99,38.1,-97.99,0,0,0,0,0,155,0,0,0
637311,2018,6,11,"2018-06-11","22:18:00",3,"KS",20,0,1.25,0,0,0,0,38.07,-97.91,38.07,-97.91,0,0,0,0,0,155,0,0,0
637312,2018,6,11,"2018-06-11","22:19:00",3,"KS",20,0,1.5,0,0,0,0,38.08,-97.96,38.08,-97.96,0,0,0,0,0,155,0,0,0
637313,2018,6,11,"2018-06-11","22:19:00",3,"KS",20,0,0.88,0,0,0,0,38.09,-98.09,38.09,-98.09,0,0,0,0,0,155,0,0,0
637314,2018,6,11,"2018-06-11","22:29:00",3,"KS",20,0,1,0,0,0,0,38.07,-97.93,38.07,-97.93,0,0,0,0,0,155,0,0,0
637315,2018,6,11,"2018-06-11","22:45:00",3,"KS",20,0,1,0,0,0,0,39.05,-95.77,39.05,-95.77,0,0,0,0,0,177,0,0,0
637316,2018,6,11,"2018-06-11","23:00:00",3,"KS",20,0,1,0,0,0,0,38.94,-95.3,38.94,-95.3,0,0,0,0,0,45,0,0,0
637317,2018,6,11,"2018-06-11","23:02:00",3,"KS",20,0,1,0,0,0,0,38.94,-95.31,38.94,-95.31,0,0,0,0,0,45,0,0,0
637318,2018,6,11,"2018-06-11","23:03:00",3,"KS",20,0,1,0,0,0,0,38.94,-95.26,38.94,-95.26,0,0,0,0,0,45,0,0,0
637319,2018,6,11,"2018-06-11","23:08:00",3,"KS",20,0,1.5,0,0,0,0,38.88,-95.25,38.88,-95.25,0,0,0,0,0,45,0,0,0
637320,2018,6,11,"2018-06-11","23:20:00",3,"KS",20,0,1.25,0,0,0,0,38.78,-95.19,38.78,-95.19,0,0,0,0,0,45,0,0,0
637321,2018,6,12,"2018-06-12","12:10:00",3,"IL",17,0,0.75,0,0,0,0,37.88,-89.445,37.88,-89.445,0,0,0,0,0,77,0,0,0
637322,2018,6,12,"2018-06-12","14:55:00",3,"TX",48,0,1,0,0,0,0,35.54,-101.06,35.54,-101.06,0,0,0,0,0,179,0,0,0
637323,2018,6,12,"2018-06-12","15:06:00",3,"TX",48,0,1,0,0,0,0,35.69,-100.64,35.69,-100.64,0,0,0,0,0,393,0,0,0
637324,2018,6,12,"2018-06-12","15:13:00",3,"TX",48,0,1.5,0,0,0,0,35.71,-100.64,35.71,-100.64,0,0,0,0,0,393,0,0,0
637325,2018,6,12,"2018-06-12","15:14:00",3,"TX",48,0,1.75,0,0,0,0,35.71,-100.64,35.71,-100.64,0,0,0,0,0,393,0,0,0
637326,2018,6,12,"2018-06-12","15:18:00",3,"TX",48,0,2,0,0,0,0,35.71,-100.64,35.71,-100.64,0,0,0,0,0,393,0,0,0
637327,2018,6,12,"2018-06-12","15:36:00",3,"MS",28,0,1,0,0,1000,2000,31.43,-90.09,31.43,-90.09,0,0,0,0,0,77,0,0,0
637328,2018,6,12,"2018-06-12","16:12:00",3,"TX",48,0,1.75,0,0,0,0,35.4,-101.32,35.4,-101.32,0,0,0,0,0,65,0,0,0
637329,2018,6,12,"2018-06-12","16:27:00",3,"TX",48,0,2.25,0,0,0,0,35.4,-101.31,35.4,-101.31,0,0,0,0,0,65,0,0,0
637330,2018,6,12,"2018-06-12","16:44:00",3,"NM",35,0,1.75,0,0,0,0,36.74,-104,36.74,-104,0,0,0,0,0,59,0,0,0
637331,2018,6,12,"2018-06-12","17:00:00",3,"TX",48,0,1,0,0,0,0,35.35,-101.38,35.35,-101.38,0,0,0,0,0,65,0,0,0
637332,2018,6,12,"2018-06-12","17:03:00",3,"TX",48,0,1.75,0,0,0,0,35.33,-101.38,35.33,-101.38,0,0,0,0,0,65,0,0,0
637333,2018,6,12,"2018-06-12","17:07:00",3,"MS",28,0,0.88,0,0,0,0,34.9913,-90.0726,34.9898,-90.0332,0,0,0,0,0,33,0,0,0
637334,2018,6,12,"2018-06-12","17:17:00",3,"TX",48,0,2.5,0,0,0,0,35.35,-101.38,35.35,-101.38,0,0,0,0,0,65,0,0,0
637335,2018,6,12,"2018-06-12","17:35:00",3,"KS",20,0,1,0,0,0,0,37.91,-99.47,37.91,-99.47,0,0,0,0,0,47,0,0,0
637336,2018,6,12,"2018-06-12","17:35:00",3,"KS",20,0,1.25,0,0,0,0,37,-99.63,37,-99.63,0,0,0,0,0,25,0,0,0
637337,2018,6,12,"2018-06-12","17:38:00",3,"TX",48,0,1.75,0,0,0,0,35.33,-101.38,35.33,-101.38,0,0,0,0,0,65,0,0,0
637338,2018,6,12,"2018-06-12","17:38:00",3,"TX",48,0,1.5,0,0,0,0,35.35,-101.38,35.35,-101.38,0,0,0,0,0,65,0,0,0
637339,2018,6,12,"2018-06-12","17:40:00",3,"KS",20,0,1,0,0,0,0,38.32,-98.98,38.32,-98.98,0,0,0,0,0,9,0,0,0
637340,2018,6,12,"2018-06-12","17:44:00",3,"OK",40,0,1.25,0,0,0,0,36.99,-99.63,36.99,-99.63,0,0,0,0,0,59,0,0,0
637341,2018,6,12,"2018-06-12","17:44:00",3,"KS",20,0,2,0,0,0,0,37.57,-99.63,37.57,-99.63,0,0,0,0,0,57,0,0,0
637342,2018,6,12,"2018-06-12","17:45:00",3,"KS",20,0,1.25,0,0,0,0,38.26,-98.96,38.26,-98.96,0,0,0,0,0,145,0,0,0
637343,2018,6,12,"2018-06-12","17:47:00",3,"KS",20,0,1,0,0,0,0,37.91,-99.41,37.91,-99.41,0,0,0,0,0,47,0,0,0
637344,2018,6,12,"2018-06-12","17:54:00",3,"KS",20,0,0.88,0,0,0,0,38.33,-98.9,38.33,-98.9,0,0,0,0,0,9,0,0,0
637345,2018,6,12,"2018-06-12","18:00:00",3,"TX",48,0,2.5,0,0,0,0,35.35,-101.38,35.35,-101.38,0,0,0,0,0,65,0,0,0
637346,2018,6,12,"2018-06-12","18:03:00",3,"KS",20,0,1.5,0,0,0,0,37.59,-99.47,37.59,-99.47,0,0,0,0,0,97,0,0,0
637347,2018,6,12,"2018-06-12","18:12:00",3,"IA",19,0,0.88,0,0,0,0,42.7409,-94.6778,42.7409,-94.6778,0,0,0,0,0,151,0,0,0
637348,2018,6,12,"2018-06-12","18:14:00",3,"KS",20,0,1.75,0,0,0,0,37.59,-99.39,37.59,-99.39,0,0,0,0,0,97,0,0,0
637349,2018,6,12,"2018-06-12","18:15:00",3,"KS",20,0,1,0,0,0,0,37.61,-99.29,37.61,-99.29,0,0,0,0,0,97,0,0,0
637350,2018,6,12,"2018-06-12","18:15:00",3,"KS",20,0,1.75,0,0,0,0,38.36,-98.81,38.36,-98.81,0,0,0,0,0,9,0,0,0
637351,2018,6,12,"2018-06-12","18:16:00",3,"OK",40,0,1,0,0,0,0,36.96,-99.94,36.96,-99.94,0,0,0,0,0,59,0,0,0
637352,2018,6,12,"2018-06-12","18:17:00",3,"KS",20,0,1.75,0,0,0,0,38.37,-98.82,38.37,-98.82,0,0,0,0,0,9,0,0,0
637353,2018,6,12,"2018-06-12","18:20:00",3,"KS",20,0,1,0,0,0,0,38.1,-98.9,38.1,-98.9,0,0,0,0,0,185,0,0,0
637354,2018,6,12,"2018-06-12","18:21:00",3,"KS",20,0,1,0,0,0,0,37.61,-99.3,37.61,-99.3,0,0,0,0,0,97,0,0,0
637355,2018,6,12,"2018-06-12","18:26:00",3,"KS",20,0,1.25,0,0,0,0,37.82,-99.27,37.82,-99.27,0,0,0,0,0,47,0,0,0
637356,2018,6,12,"2018-06-12","18:33:00",3,"KS",20,0,1.25,0,0,0,0,37.82,-99.27,37.82,-99.27,0,0,0,0,0,47,0,0,0
637357,2018,6,12,"2018-06-12","18:33:00",3,"KS",20,0,2,0,0,0,0,38.37,-98.78,38.37,-98.78,0,0,0,0,0,9,0,0,0
637358,2018,6,12,"2018-06-12","18:34:00",3,"OK",40,0,1.5,0,0,0,0,36.83,-99.96,36.83,-99.96,0,0,0,0,0,59,0,0,0
637359,2018,6,12,"2018-06-12","18:35:00",3,"KS",20,0,0.88,0,0,0,0,37.78,-99.61,37.78,-99.61,0,0,0,0,0,57,0,0,0
637360,2018,6,12,"2018-06-12","18:36:00",3,"TX",48,0,1,0,0,0,0,35.73,-101.53,35.73,-101.53,0,0,0,0,0,233,0,0,0
637361,2018,6,12,"2018-06-12","18:38:00",3,"TX",48,0,1.75,0,0,0,0,35.21,-101.38,35.21,-101.38,0,0,0,0,0,65,0,0,0
637362,2018,6,12,"2018-06-12","18:40:00",3,"KS",20,0,1,0,0,0,0,37.78,-99.6,37.78,-99.6,0,0,0,0,0,57,0,0,0
637363,2018,6,12,"2018-06-12","18:40:00",3,"KS",20,0,1,0,0,0,0,37.96,-98.97,37.96,-98.97,0,0,0,0,0,185,0,0,0
637364,2018,6,12,"2018-06-12","18:52:00",3,"IA",19,0,1.25,0,0,0,0,42.63,-94.34,42.63,-94.34,0,0,0,0,0,187,0,0,0
637365,2018,6,12,"2018-06-12","19:00:00",3,"KS",20,0,1.75,0,0,0,0,38.08,-99.24,38.08,-99.24,0,0,0,0,0,145,0,0,0
637366,2018,6,12,"2018-06-12","19:04:00",3,"KS",20,0,1.75,0,0,0,0,38.08,-99.24,38.08,-99.24,0,0,0,0,0,145,0,0,0
637367,2018,6,12,"2018-06-12","19:07:00",3,"IA",19,0,1,0,0,0,0,42.58,-94.2,42.58,-94.2,0,0,0,0,0,187,0,0,0
637368,2018,6,12,"2018-06-12","19:20:00",3,"KS",20,0,1.75,0,0,0,0,38.07,-99.24,38.07,-99.24,0,0,0,0,0,145,0,0,0
637369,2018,6,12,"2018-06-12","19:25:00",3,"KS",20,0,2.75,0,0,0,0,38.08,-99.24,38.08,-99.24,0,0,0,0,0,145,0,0,0
637370,2018,6,12,"2018-06-12","19:25:00",3,"KS",20,0,1,0,0,0,0,37.82,-98.94,37.82,-98.94,0,0,0,0,0,151,0,0,0
637371,2018,6,12,"2018-06-12","19:46:00",3,"KS",20,0,1.5,0,0,0,0,37.03,-100.92,37.03,-100.92,0,0,0,0,0,175,0,0,0
637372,2018,6,12,"2018-06-12","20:05:00",3,"KS",20,0,1,0,0,0,0,37.03,-100.92,37.03,-100.92,0,0,0,0,0,175,0,0,0
637373,2018,6,12,"2018-06-12","20:10:00",3,"OK",40,0,1,0,0,0,0,36.91,-100.54,36.91,-100.54,0,0,0,0,0,7,0,0,0
637374,2018,6,12,"2018-06-12","20:40:00",3,"KS",20,0,1.25,0,0,0,0,37.07,-100.96,37.07,-100.96,0,0,0,0,0,175,0,0,0
637375,2018,6,12,"2018-06-12","20:51:00",3,"OK",40,0,0.88,0,0,0,0,36.77,-100.52,36.77,-100.52,0,0,0,0,0,7,0,0,0
637376,2018,6,12,"2018-06-12","21:05:00",3,"KS",20,0,1,0,0,0,0,37.26,-101.84,37.26,-101.84,0,0,0,0,0,129,0,0,0
637377,2018,6,12,"2018-06-12","21:09:00",3,"AR",5,0,1,0,0,0,0,35.9624,-89.985,35.9552,-89.9489,0,0,0,0,0,93,0,0,0
637378,2018,6,12,"2018-06-12","22:35:00",3,"KS",20,0,1,0,0,0,0,37.46,-101.65,37.46,-101.65,0,0,0,0,0,187,0,0,0
637379,2018,6,12,"2018-06-12","23:00:00",3,"KS",20,0,0.88,0,0,0,0,37.9,-101.76,37.9,-101.76,0,0,0,0,0,75,0,0,0
637380,2018,6,12,"2018-06-12","23:05:00",3,"TX",48,0,1,0,0,0,0,35.19,-101.76,35.19,-101.76,0,0,0,0,0,375,0,0,0
637381,2018,6,12,"2018-06-12","23:06:00",3,"TX",48,0,0.88,0,0,0,0,35.15,-101.89,35.15,-101.89,0,0,0,0,0,381,0,0,0
637382,2018,6,12,"2018-06-12","23:07:00",3,"OK",40,0,0.75,0,0,0,0,36.05,-98.78,36.05,-98.78,0,0,0,0,0,43,0,0,0
637383,2018,6,12,"2018-06-12","23:08:00",3,"WI",55,0,1.25,0,0,0,0,45.6,-90.6,45.6,-90.6,0,0,0,0,0,99,0,0,0
637384,2018,6,12,"2018-06-12","23:13:00",3,"TX",48,0,1,0,0,0,0,35.15,-101.88,35.15,-101.88,0,0,0,0,0,381,0,0,0
637385,2018,6,12,"2018-06-12","23:15:00",3,"TX",48,0,0.88,0,0,0,0,35.06,-101.78,35.06,-101.78,0,0,0,0,0,381,0,0,0
637386,2018,6,12,"2018-06-12","23:18:00",3,"TX",48,0,1,0,0,0,0,35.18,-101.88,35.18,-101.88,0,0,0,0,0,375,0,0,0
637387,2018,6,12,"2018-06-12","23:20:00",3,"KS",20,0,1,0,0,0,0,37.55,-101.4,37.55,-101.4,0,0,0,0,0,67,0,0,0
637388,2018,6,12,"2018-06-12","23:20:00",3,"KS",20,0,1.25,0,0,0,0,37.56,-101.4,37.56,-101.4,0,0,0,0,0,67,0,0,0
637389,2018,6,13,"2018-06-13","00:30:00",3,"CO",8,0,1,0,0,0,0,38.95,-104.79,38.95,-104.79,0,0,0,0,0,41,0,0,0
637390,2018,6,13,"2018-06-13","00:30:00",3,"CO",8,0,1.25,0,0,0,0,39.01,-104.72,39.01,-104.72,0,0,0,0,0,41,0,0,0
637391,2018,6,13,"2018-06-13","00:35:00",3,"CO",8,0,1,0,0,0,0,38.92,-104.77,38.92,-104.77,0,0,0,0,0,41,0,0,0
637392,2018,6,13,"2018-06-13","00:35:00",3,"CO",8,0,1,0,0,0,0,38.93,-104.78,38.93,-104.78,0,0,0,0,0,41,0,0,0
637393,2018,6,13,"2018-06-13","00:36:00",3,"CO",8,0,1,0,0,0,0,38.81,-104.84,38.81,-104.84,0,0,0,0,0,41,0,0,0
637394,2018,6,13,"2018-06-13","00:37:00",3,"CO",8,0,1.25,0,0,0,0,39.05,-104.71,39.05,-104.71,0,0,0,0,0,41,0,0,0
637395,2018,6,13,"2018-06-13","00:38:00",3,"CO",8,0,1,0,0,0,0,38.78,-104.8,38.78,-104.8,0,0,0,0,0,41,0,0,0
637396,2018,6,13,"2018-06-13","00:38:00",3,"CO",8,0,1.25,0,0,0,0,39,-104.72,39,-104.72,0,0,0,0,0,41,0,0,0
637397,2018,6,13,"2018-06-13","00:39:00",3,"CO",8,0,1,0,0,0,0,38.86,-104.79,38.86,-104.79,0,0,0,0,0,41,0,0,0
637398,2018,6,13,"2018-06-13","00:40:00",3,"CO",8,0,1.5,0,0,0,0,38.73,-104.68,38.73,-104.68,0,0,0,0,0,41,0,0,0
637399,2018,6,13,"2018-06-13","00:45:00",3,"CO",8,0,2,0,0,0,0,38.73,-104.71,38.73,-104.71,0,0,0,0,0,41,0,0,0
637400,2018,6,13,"2018-06-13","00:49:00",3,"CO",8,0,1,0,0,0,0,38.82,-104.73,38.82,-104.73,0,0,0,0,0,41,0,0,0
637401,2018,6,13,"2018-06-13","00:50:00",3,"CO",8,0,1,0,0,0,0,38.81,-104.75,38.81,-104.75,0,0,0,0,0,41,0,0,0
637402,2018,6,13,"2018-06-13","00:55:00",3,"CO",8,0,3,0,0,0,0,38.81,-104.75,38.81,-104.75,0,0,0,0,0,41,0,0,0
637403,2018,6,13,"2018-06-13","00:57:00",3,"CO",8,0,1.25,0,0,0,0,38.8,-104.73,38.8,-104.73,0,0,0,0,0,41,0,0,0
637404,2018,6,13,"2018-06-13","01:00:00",3,"CO",8,0,3,0,0,1.69e+08,0,38.67,-104.67,38.67,-104.67,0,0,0,0,0,41,0,0,0
637405,2018,6,13,"2018-06-13","01:00:00",3,"CO",8,0,2.5,0,0,0,0,38.78,-104.73,38.78,-104.73,0,0,0,0,0,41,0,0,0
637406,2018,6,13,"2018-06-13","01:02:00",3,"CO",8,0,1,0,0,0,0,38.75,-104.72,38.75,-104.72,0,0,0,0,0,41,0,0,0
637407,2018,6,13,"2018-06-13","01:02:00",3,"CO",8,0,1,0,0,0,0,38.75,-104.73,38.75,-104.73,0,0,0,0,0,41,0,0,0
637408,2018,6,13,"2018-06-13","01:05:00",3,"CO",8,0,1.5,0,0,0,0,38.83,-104.75,38.83,-104.75,0,0,0,0,0,41,0,0,0
637409,2018,6,13,"2018-06-13","01:06:00",3,"CO",8,0,2,0,0,0,0,38.82,-104.74,38.82,-104.74,0,0,0,0,0,41,0,0,0
637410,2018,6,13,"2018-06-13","01:11:00",3,"CO",8,0,1,0,0,0,0,38.75,-104.73,38.75,-104.73,0,0,0,0,0,41,0,0,0
637411,2018,6,13,"2018-06-13","01:45:00",3,"CO",8,0,2,0,0,0,0,38.72,-104.69,38.72,-104.69,0,0,0,0,0,41,0,0,0
637412,2018,6,13,"2018-06-13","01:59:00",3,"CO",8,0,1.25,0,0,0,0,38.69,-104.71,38.69,-104.71,0,0,0,0,0,41,0,0,0
637413,2018,6,13,"2018-06-13","02:04:00",3,"CO",8,0,1.75,0,0,0,0,38.69,-104.71,38.69,-104.71,0,0,0,0,0,41,0,0,0
637414,2018,6,13,"2018-06-13","02:16:00",3,"CO",8,0,2.5,0,0,0,0,38.69,-104.71,38.69,-104.71,0,0,0,0,0,41,0,0,0
637415,2018,6,13,"2018-06-13","02:19:00",3,"CO",8,0,2.5,0,0,0,0,38.7,-104.68,38.7,-104.68,0,0,0,0,0,41,0,0,0
637416,2018,6,13,"2018-06-13","07:23:00",3,"NE",31,0,0.88,0,0,0,0,42.42,-100.55,42.42,-100.55,0,0,0,0,0,31,0,0,0
637417,2018,6,13,"2018-06-13","09:12:00",3,"KS",20,0,1,0,0,0,0,39.23,-99.4861,39.23,-99.4861,0,0,0,0,0,163,0,0,0
637418,2018,6,13,"2018-06-13","09:25:00",3,"SD",46,0,1.5,0,0,0,0,43.17,-101.6546,43.17,-101.6546,0,0,0,0,0,7,0,0,0
637419,2018,6,13,"2018-06-13","09:31:00",3,"SD",46,0,1,0,0,0,0,43.1977,-101.6383,43.1977,-101.6383,0,0,0,0,0,7,0,0,0
637420,2018,6,13,"2018-06-13","09:54:00",3,"NE",31,0,1.75,0,0,0,0,42.97,-101.08,42.97,-101.08,0,0,0,0,0,31,0,0,0
637421,2018,6,13,"2018-06-13","10:00:00",3,"NE",31,0,2,0,0,0,0,42.97,-101,42.97,-101,0,0,0,0,0,31,0,0,0
637422,2018,6,13,"2018-06-13","10:09:00",3,"NE",31,0,0.88,0,0,0,0,42.16,-99.06,42.16,-99.06,0,0,0,0,0,89,0,0,0
637423,2018,6,13,"2018-06-13","10:25:00",3,"NE",31,0,1,0,0,0,0,42.94,-101.25,42.94,-101.25,0,0,0,0,0,31,0,0,0
637424,2018,6,13,"2018-06-13","12:05:00",3,"SD",46,0,1,0,0,0,0,43.84,-100.68,43.84,-100.68,0,0,0,0,0,75,0,0,0
637425,2018,6,13,"2018-06-13","12:20:00",3,"SD",46,0,1,0,0,0,0,43.25,-99.72,43.25,-99.72,0,0,0,0,0,123,0,0,0
637426,2018,6,13,"2018-06-13","12:50:00",3,"SD",46,0,1,0,0,0,0,43.25,-99.561,43.25,-99.561,0,0,0,0,0,123,0,0,0
637427,2018,6,13,"2018-06-13","12:57:00",3,"SD",46,0,1,0,0,0,0,43.3,-99.51,43.3,-99.51,0,0,0,0,0,53,0,0,0
637428,2018,6,13,"2018-06-13","13:12:00",3,"SD",46,0,1,0,0,0,0,43.3967,-99.8548,43.3967,-99.8548,0,0,0,0,0,123,0,0,0
637429,2018,6,13,"2018-06-13","13:40:00",3,"SD",46,0,1,0,0,0,0,43.22,-99.43,43.22,-99.43,0,0,0,0,0,53,0,0,0
637430,2018,6,13,"2018-06-13","13:46:00",3,"TX",48,0,0.88,0,0,0,0,29.51,-98.65,29.51,-98.65,0,0,0,0,0,29,0,0,0
637431,2018,6,13,"2018-06-13","14:40:00",3,"CO",8,0,1,0,0,0,0,37.91,-104.8,37.91,-104.8,0,0,0,0,0,101,0,0,0
637432,2018,6,13,"2018-06-13","16:02:00",3,"NY",36,0,1.5,0,0,0,0,42.42,-78.5,42.42,-78.5,0,0,0,0,0,9,0,0,0
637433,2018,6,13,"2018-06-13","16:07:00",3,"NY",36,0,1.25,0,0,0,0,42.43,-78.36,42.43,-78.36,0,0,0,0,0,9,0,0,0
637434,2018,6,13,"2018-06-13","16:10:00",3,"AR",5,0,1.25,0,0,0,0,35.38,-93.13,35.38,-93.13,0,0,0,0,0,115,0,0,0
637435,2018,6,13,"2018-06-13","16:15:00",3,"NY",36,0,1.75,0,0,0,0,42.39,-78.25,42.39,-78.25,0,0,0,0,0,3,0,0,0
637436,2018,6,13,"2018-06-13","16:37:00",3,"NM",35,0,1,0,0,0,0,36.14,-105.24,36.14,-105.24,0,0,0,0,0,33,0,0,0
637437,2018,6,13,"2018-06-13","16:45:00",3,"NM",35,0,0.88,0,0,0,0,36.18,-105.23,36.18,-105.23,0,0,0,0,0,33,0,0,0
637438,2018,6,13,"2018-06-13","17:25:00",3,"OK",40,0,0.75,0,0,0,0,35.85,-98.42,35.85,-98.42,0,0,0,0,0,11,0,0,0
637439,2018,6,13,"2018-06-13","17:56:00",3,"NM",35,0,0.88,0,0,0,0,33.01,-105.85,33.01,-105.85,0,0,0,0,0,35,0,0,0
637440,2018,6,13,"2018-06-13","18:37:00",3,"CO",8,0,0.88,0,0,0,0,40.12,-102.72,40.12,-102.72,0,0,0,0,0,125,0,0,0
637441,2018,6,14,"2018-06-14","01:58:00",3,"IA",19,0,2,0,0,10000,0,42.44,-94.3,42.44,-94.3,0,0,0,0,0,187,0,0,0
637442,2018,6,14,"2018-06-14","02:30:00",3,"IA",19,0,1,0,0,0,0,42.66,-95.83,42.66,-95.83,0,0,0,0,0,35,0,0,0
637443,2018,6,14,"2018-06-14","02:36:00",3,"IA",19,0,1,0,0,0,0,42.04,-93.69,42.04,-93.69,0,0,0,0,0,169,0,0,0
637444,2018,6,14,"2018-06-14","03:22:00",3,"IA",19,0,1.25,0,0,0,0,42.92,-95.34,42.92,-95.34,0,0,0,0,0,41,0,0,0
637445,2018,6,14,"2018-06-14","06:44:00",3,"MN",27,0,1.25,0,0,0,0,43.94,-95.58,43.94,-95.58,0,0,0,0,0,101,0,0,0
637446,2018,6,14,"2018-06-14","08:15:00",3,"MT",30,0,1,0,0,0,0,48.31,-106.04,48.31,-106.04,0,0,0,0,0,105,0,0,0
637447,2018,6,14,"2018-06-14","08:18:00",3,"MT",30,0,1,0,0,0,0,48.35,-105.64,48.35,-105.64,0,0,0,0,0,85,0,0,0
637448,2018,6,14,"2018-06-14","08:48:00",3,"IA",19,0,1,0,0,0,0,42.02,-94.54,42.02,-94.54,0,0,0,0,0,73,0,0,0
637449,2018,6,14,"2018-06-14","09:35:00",3,"IA",19,0,1.5,0,0,0,0,41.03,-92.81,41.03,-92.81,0,0,0,0,0,135,0,0,0
637450,2018,6,14,"2018-06-14","09:48:00",3,"MT",30,0,1,0,0,0,0,48.48,-104.23,48.48,-104.23,0,0,0,0,0,91,0,0,0
637451,2018,6,14,"2018-06-14","09:50:00",3,"MT",30,0,1,0,0,0,0,48.44,-104.22,48.44,-104.22,0,0,0,0,0,91,0,0,0
637452,2018,6,14,"2018-06-14","10:05:00",3,"ND",38,0,1,0,0,0,0,48.51,-104,48.51,-104,0,0,0,0,0,105,0,0,0
637453,2018,6,14,"2018-06-14","11:02:00",3,"ND",38,0,1,0,0,0,0,48.47,-103.17,48.47,-103.17,0,0,0,0,0,105,0,0,0
637454,2018,6,14,"2018-06-14","11:08:00",3,"ND",38,0,0.75,0,0,0,0,48.54,-102.91,48.54,-102.91,0,0,0,0,0,105,0,0,0
637455,2018,6,14,"2018-06-14","11:40:00",3,"IA",19,0,1.25,0,0,0,0,40.7,-91.93,40.7,-91.93,0,0,0,0,0,177,0,0,0
637456,2018,6,14,"2018-06-14","11:55:00",3,"ND",38,0,0.88,0,0,0,0,48.66,-102.28,48.66,-102.28,0,0,0,0,0,13,0,0,0
637457,2018,6,14,"2018-06-14","12:05:00",3,"ND",38,0,0.75,0,0,0,0,48.67,-102.08,48.67,-102.08,0,0,0,0,0,101,0,0,0
637458,2018,6,14,"2018-06-14","12:31:00",3,"NC",37,0,1,0,0,0,0,34.55,-77.4527,34.55,-77.4527,0,0,0,0,0,133,0,0,0
637459,2018,6,14,"2018-06-14","12:44:00",3,"IL",17,0,1,0,0,0,0,40.15,-91.22,40.15,-91.22,0,0,0,0,0,1,0,0,0
637460,2018,6,14,"2018-06-14","13:16:00",3,"MO",29,0,1,0,0,0,0,39.4544,-91.9324,39.4544,-91.9324,0,0,0,0,0,137,0,0,0
637461,2018,6,14,"2018-06-14","13:42:00",3,"MO",29,0,1,0,0,0,0,39.5024,-92.0007,39.5024,-92.0007,0,0,0,0,0,137,0,0,0
637462,2018,6,14,"2018-06-14","13:42:00",3,"MO",29,0,1,0,0,0,0,39.4314,-91.677,39.4263,-91.6658,0,0,0,0,0,173,0,0,0
637463,2018,6,14,"2018-06-14","13:45:00",3,"MO",29,0,1,0,0,0,0,37.95,-91.65,37.95,-91.65,0,0,0,0,0,161,0,0,0
637464,2018,6,14,"2018-06-14","13:52:00",3,"MO",29,0,1,0,0,0,0,37.34,-91.83,37.34,-91.83,0,0,0,0,0,215,0,0,0
637465,2018,6,14,"2018-06-14","14:26:00",3,"MO",29,0,1,0,0,0,0,39.2406,-91.6445,39.2406,-91.6445,0,0,0,0,0,7,0,0,0
637466,2018,6,14,"2018-06-14","15:10:00",3,"ND",38,0,1.75,0,0,0,0,48.53,-99.84,48.53,-99.84,0,0,0,0,0,69,0,0,0
637467,2018,6,14,"2018-06-14","15:18:00",3,"ND",38,0,1,0,0,0,0,48.66,-99.59,48.66,-99.59,0,0,0,0,0,79,0,0,0
637468,2018,6,14,"2018-06-14","15:22:00",3,"MO",29,0,1.25,0,0,0,0,38.9777,-91.0006,38.9544,-90.9395,0,0,0,0,0,113,0,0,0
637469,2018,6,14,"2018-06-14","15:29:00",3,"MO",29,0,1.25,0,0,0,0,36.6,-91.62,36.6,-91.62,0,0,0,0,0,149,0,0,0
637470,2018,6,14,"2018-06-14","15:35:00",3,"ND",38,0,0.88,0,0,0,0,48.99,-103.3,48.99,-103.3,0,0,0,0,0,23,0,0,0
637471,2018,6,14,"2018-06-14","15:36:00",3,"ND",38,0,2,0,0,0,0,48.58,-99.62,48.58,-99.62,0,0,0,0,0,79,0,0,0
637472,2018,6,14,"2018-06-14","15:37:00",3,"SC",45,0,1,0,0,0,0,33.62,-79,33.62,-79,0,0,0,0,0,51,0,0,0
637473,2018,6,14,"2018-06-14","15:43:00",3,"MO",29,0,1,0,0,0,0,38.83,-91.02,38.83,-91.02,0,0,0,0,0,219,0,0,0
637474,2018,6,14,"2018-06-14","15:55:00",3,"ND",38,0,1.25,0,0,0,0,48.63,-99.38,48.63,-99.38,0,0,0,0,0,95,0,0,0
637475,2018,6,14,"2018-06-14","16:06:00",3,"AR",5,0,1.75,0,0,0,0,36.36,-91.64,36.36,-91.64,0,0,0,0,0,49,0,0,0
637476,2018,6,14,"2018-06-14","16:10:00",3,"ND",38,0,1.25,0,0,0,0,48.63,-99.38,48.63,-99.38,0,0,0,0,0,95,0,0,0
637477,2018,6,14,"2018-06-14","16:15:00",3,"ND",38,0,2.75,0,0,5e+05,0,49,-102.55,49,-102.55,0,0,0,0,0,13,0,0,0
637478,2018,6,14,"2018-06-14","16:30:00",3,"ND",38,0,1.75,0,0,0,0,48.67,-99.16,48.67,-99.16,0,0,0,0,0,95,0,0,0
637479,2018,6,14,"2018-06-14","16:42:00",3,"SC",45,0,1.25,0,0,0,0,34.2079,-80.1779,34.2079,-80.1779,0,0,0,0,0,61,0,0,0
637480,2018,6,14,"2018-06-14","16:45:00",3,"ND",38,0,1.75,0,0,0,0,48.67,-99.1,48.67,-99.1,0,0,0,0,0,95,0,0,0
637481,2018,6,14,"2018-06-14","16:45:00",3,"MO",29,0,1,0,0,0,0,37.49,-92.29,37.49,-92.29,0,0,0,0,0,105,0,0,0
637482,2018,6,14,"2018-06-14","16:50:00",3,"ND",38,0,1.25,0,0,0,0,48.97,-102.07,48.97,-102.07,0,0,0,0,0,13,0,0,0
637483,2018,6,14,"2018-06-14","16:52:00",3,"ND",38,0,0.88,0,0,0,0,46.36,-102.47,46.36,-102.47,0,0,0,0,0,41,0,0,0
637484,2018,6,14,"2018-06-14","16:55:00",3,"ND",38,0,1.5,0,0,0,0,48.67,-98.94,48.67,-98.94,0,0,0,0,0,19,0,0,0
637485,2018,6,14,"2018-06-14","16:55:00",3,"AR",5,0,1,0,0,0,0,36.22,-91.74,36.22,-91.74,0,0,0,0,0,65,0,0,0
637486,2018,6,14,"2018-06-14","17:00:00",3,"FL",12,0,0.75,0,0,0,0,28.74,-81.1,28.74,-81.1,0,0,0,0,0,117,0,0,0
637487,2018,6,14,"2018-06-14","17:10:00",3,"MO",29,0,1,0,0,0,0,38.58,-92.18,38.58,-92.18,0,0,0,0,0,51,0,0,0
637488,2018,6,14,"2018-06-14","17:15:00",3,"SD",46,0,1,0,0,0,0,45.67,-103.17,45.67,-103.17,0,0,0,0,0,63,0,0,0
637489,2018,6,14,"2018-06-14","17:30:00",3,"ND",38,0,2,0,0,0,0,48.68,-98.66,48.68,-98.66,0,0,0,0,0,19,0,0,0
637490,2018,6,14,"2018-06-14","17:30:00",3,"ND",38,0,1.5,0,0,0,0,48.76,-98.5,48.76,-98.5,0,0,0,0,0,19,0,0,0
637491,2018,6,14,"2018-06-14","17:50:00",3,"ND",38,0,1.5,0,0,0,0,48.91,-101.63,48.91,-101.63,0,0,0,0,0,75,0,0,0
637492,2018,6,14,"2018-06-14","18:15:00",3,"ND",38,0,1,0,0,0,0,46.11,-102.95,46.11,-102.95,0,0,0,0,0,1,0,0,0
637493,2018,6,14,"2018-06-14","18:25:00",3,"ND",38,0,0.88,0,0,0,0,46.03,-102.64,46.03,-102.64,0,0,0,0,0,1,0,0,0
637494,2018,6,14,"2018-06-14","18:35:00",3,"ND",38,0,1,0,0,0,0,46.05,-102.71,46.05,-102.71,0,0,0,0,0,1,0,0,0
637495,2018,6,14,"2018-06-14","18:36:00",3,"ND",38,0,1,0,0,0,0,48.28,-102.08,48.28,-102.08,0,0,0,0,0,61,0,0,0
637496,2018,6,14,"2018-06-14","18:40:00",3,"ND",38,0,1,0,0,0,0,48.82,-101.02,48.82,-101.02,0,0,0,0,0,9,0,0,0
637497,2018,6,14,"2018-06-14","18:42:00",3,"ND",38,0,1.75,0,0,0,0,48.23,-102.08,48.23,-102.08,0,0,0,0,0,61,0,0,0
637498,2018,6,14,"2018-06-14","18:50:00",3,"ND",38,0,2.25,0,0,0,0,48.69,-100.71,48.69,-100.71,0,0,0,0,0,9,0,0,0
637499,2018,6,14,"2018-06-14","18:56:00",3,"ND",38,0,2.5,0,0,0,0,48.76,-100.71,48.76,-100.71,0,0,0,0,0,9,0,0,0
637500,2018,6,14,"2018-06-14","19:00:00",3,"MO",29,0,1,0,0,0,0,36.71,-93.46,36.71,-93.46,0,0,0,0,0,209,0,0,0
637501,2018,6,14,"2018-06-14","19:08:00",3,"NC",37,0,0.75,0,0,0,0,35.668,-80.896,35.668,-80.896,0,0,0,0,0,97,0,0,0
637502,2018,6,14,"2018-06-14","19:16:00",3,"ND",38,0,3,0,0,50000,35000,48.72,-100.5,48.72,-100.5,0,0,0,0,0,9,0,0,0
637503,2018,6,14,"2018-06-14","19:25:00",3,"SD",46,0,0.75,0,0,0,0,45.3612,-101.6467,45.3612,-101.6467,0,0,0,0,0,137,0,0,0
637504,2018,6,14,"2018-06-14","19:25:00",3,"ND",38,0,1,0,0,0,0,48.7,-100.5,48.7,-100.5,0,0,0,0,0,9,0,0,0
637505,2018,6,14,"2018-06-14","19:25:00",3,"ND",38,0,1,0,0,0,0,48.76,-100.4,48.76,-100.4,0,0,0,0,0,9,0,0,0
637506,2018,6,14,"2018-06-14","19:29:00",3,"ND",38,0,1,0,0,0,0,47.35,-102.34,47.35,-102.34,0,0,0,0,0,25,0,0,0
637507,2018,6,14,"2018-06-14","19:33:00",3,"MO",29,0,1,0,0,0,0,37.16,-93.3,37.16,-93.3,0,0,0,0,0,77,0,0,0
637508,2018,6,14,"2018-06-14","19:39:00",3,"ND",38,0,1.5,0,0,0,0,48.95,-99.71,48.95,-99.71,0,0,0,0,0,79,0,0,0
637509,2018,6,14,"2018-06-14","19:49:00",3,"MO",29,0,1.25,0,0,0,0,37.14,-93.35,37.14,-93.35,0,0,0,0,0,77,0,0,0
637510,2018,6,14,"2018-06-14","19:50:00",3,"ND",38,0,1.75,0,0,0,0,47.28,-102.2,47.28,-102.2,0,0,0,0,0,25,0,0,0
637511,2018,6,14,"2018-06-14","19:52:00",3,"MO",29,0,1.75,0,0,0,0,37.18,-93.31,37.18,-93.31,0,0,0,0,0,77,0,0,0
637512,2018,6,14,"2018-06-14","19:54:00",3,"MO",29,0,1,0,0,0,0,37.2,-93.32,37.2,-93.32,0,0,0,0,0,77,0,0,0
637513,2018,6,14,"2018-06-14","19:57:00",3,"MO",29,0,1,0,0,0,0,37.17,-93.28,37.17,-93.28,0,0,0,0,0,77,0,0,0
637514,2018,6,14,"2018-06-14","20:02:00",3,"MO",29,0,1,0,0,0,0,37.17,-93.27,37.17,-93.27,0,0,0,0,0,77,0,0,0
637515,2018,6,14,"2018-06-14","20:04:00",3,"MO",29,0,1.75,0,0,5000,0,37.18,-93.25,37.18,-93.25,0,0,0,0,0,77,0,0,0
637516,2018,6,14,"2018-06-14","20:10:00",3,"ND",38,0,1.75,0,0,0,0,48.01,-101.53,48.01,-101.53,0,0,0,0,0,101,0,0,0
637517,2018,6,14,"2018-06-14","20:35:00",3,"ND",38,0,1.75,0,0,0,0,48.09,-101.3,48.09,-101.3,0,0,0,0,0,101,0,0,0
637518,2018,6,14,"2018-06-14","20:36:00",3,"ND",38,0,2.75,0,0,0,0,47.9,-101.44,47.9,-101.44,0,0,0,0,0,101,0,0,0
637519,2018,6,14,"2018-06-14","20:44:00",3,"ND",38,0,0.88,0,0,0,0,46.48,-100.28,46.48,-100.28,0,0,0,0,0,29,0,0,0
637520,2018,6,14,"2018-06-14","20:50:00",3,"ND",38,0,1,0,0,0,0,47.73,-102.68,47.73,-102.68,0,0,0,0,0,53,0,0,0
637521,2018,6,14,"2018-06-14","21:23:00",3,"ND",38,0,1.75,0,0,0,0,48.52,-99.3,48.52,-99.3,0,0,0,0,0,95,0,0,0
637522,2018,6,14,"2018-06-14","21:25:00",3,"ND",38,0,1.75,0,0,0,0,48.53,-99.34,48.53,-99.34,0,0,0,0,0,95,0,0,0
637523,2018,6,14,"2018-06-14","21:33:00",3,"ND",38,0,1.5,0,0,0,0,46.2,-99.47,46.2,-99.47,0,0,0,0,0,51,0,0,0
637524,2018,6,14,"2018-06-14","21:34:00",3,"ND",38,0,1,0,0,0,0,48.67,-98.83,48.67,-98.83,0,0,0,0,0,19,0,0,0
637525,2018,6,14,"2018-06-14","21:34:00",3,"ND",38,0,1.5,0,0,0,0,48.42,-101.36,48.42,-101.36,0,0,0,0,0,101,0,0,0
637526,2018,6,14,"2018-06-14","21:44:00",3,"ND",38,0,1,0,0,0,0,48.56,-98.9,48.56,-98.9,0,0,0,0,0,19,0,0,0
637527,2018,6,14,"2018-06-14","21:45:00",3,"ND",38,0,1,0,0,0,0,48.57,-98.86,48.57,-98.86,0,0,0,0,0,19,0,0,0
637528,2018,6,14,"2018-06-14","22:25:00",3,"ND",38,0,1,0,0,0,0,48.51,-98.76,48.51,-98.76,0,0,0,0,0,71,0,0,0
637529,2018,6,14,"2018-06-14","22:30:00",3,"SD",46,0,1,0,0,0,0,45.76,-99.12,45.76,-99.12,0,0,0,0,0,89,0,0,0
637530,2018,6,14,"2018-06-14","22:45:00",3,"ND",38,0,1.5,0,0,0,0,48.16,-99.25,48.16,-99.25,0,0,0,0,0,5,0,0,0
637531,2018,6,14,"2018-06-14","23:10:00",3,"ND",38,0,0.88,0,0,0,0,48.23,-99.04,48.23,-99.04,0,0,0,0,0,71,0,0,0
637532,2018,6,14,"2018-06-14","23:30:00",3,"ND",38,0,1,0,0,0,0,48.21,-98.87,48.21,-98.87,0,0,0,0,0,71,0,0,0
637533,2018,6,14,"2018-06-14","23:40:00",3,"ND",38,0,0.75,0,0,0,0,46.65,-97.64,46.65,-97.64,0,0,0,0,0,17,0,0,0
637534,2018,6,15,"2018-06-15","01:00:00",3,"ND",38,0,1.5,0,0,0,0,46.76,-96.9,46.76,-96.9,0,0,0,0,0,17,0,0,0
637535,2018,6,15,"2018-06-15","01:07:00",3,"MN",27,0,1,0,0,0,0,46.85,-96.76,46.85,-96.76,0,0,0,0,0,27,0,0,0
637536,2018,6,15,"2018-06-15","01:07:00",3,"ND",38,0,1,0,0,0,0,46.85,-96.8,46.85,-96.8,0,0,0,0,0,17,0,0,0
637537,2018,6,15,"2018-06-15","01:10:00",3,"ND",38,0,1,0,0,0,0,46.83,-96.83,46.83,-96.83,0,0,0,0,0,17,0,0,0
637538,2018,6,15,"2018-06-15","02:40:00",3,"WI",55,0,1,0,0,0,0,46.34,-91.25,46.34,-91.25,0,0,0,0,0,7,0,0,0
637539,2018,6,15,"2018-06-15","02:41:00",3,"WI",55,0,0.75,0,0,0,0,46.01,-91.36,46.01,-91.36,0,0,0,0,0,113,0,0,0
637540,2018,6,15,"2018-06-15","02:51:00",3,"WI",55,0,0.75,0,0,0,0,46.77,-91.35,46.77,-91.35,0,0,0,0,0,7,0,0,0
637541,2018,6,15,"2018-06-15","03:01:00",3,"WI",55,0,0.75,0,0,0,0,46.03,-91.27,46.03,-91.27,0,0,0,0,0,113,0,0,0
637542,2018,6,15,"2018-06-15","03:03:00",3,"WI",55,0,0.75,0,0,0,0,46.01,-91.06,46.01,-91.06,0,0,0,0,0,113,0,0,0
637543,2018,6,15,"2018-06-15","03:09:00",3,"WI",55,0,0.75,0,0,0,0,45.93,-91.19,45.93,-91.19,0,0,0,0,0,113,0,0,0
637544,2018,6,15,"2018-06-15","03:15:00",3,"WI",55,0,1,0,0,0,0,46.58,-90.88,46.58,-90.88,0,0,0,0,0,3,0,0,0
637545,2018,6,15,"2018-06-15","03:15:00",3,"WI",55,0,1.25,0,0,0,0,45.96,-91.13,45.96,-91.13,0,0,0,0,0,113,0,0,0
637546,2018,6,15,"2018-06-15","03:25:00",3,"WI",55,0,1,0,0,0,0,45.36,-90.8,45.36,-90.8,0,0,0,0,0,119,0,0,0
637547,2018,6,15,"2018-06-15","03:30:00",3,"WI",55,0,1,0,0,0,0,46.53,-90.9,46.53,-90.9,0,0,0,0,0,3,0,0,0
637548,2018,6,15,"2018-06-15","04:04:00",3,"WI",55,0,0.75,0,0,0,0,45.94,-90.43,45.94,-90.43,0,0,0,0,0,99,0,0,0
637549,2018,6,15,"2018-06-15","04:45:00",3,"WI",55,0,0.88,0,0,0,0,44.95,-90.6,44.95,-90.6,0,0,0,0,0,19,0,0,0
637550,2018,6,15,"2018-06-15","04:48:00",3,"WI",55,0,0.75,0,0,0,0,46.01,-90.45,46.01,-90.45,0,0,0,0,0,3,0,0,0
637551,2018,6,15,"2018-06-15","04:55:00",3,"WI",55,0,0.75,0,0,0,0,46.42,-90.27,46.42,-90.27,0,0,0,0,0,51,0,0,0
637552,2018,6,15,"2018-06-15","05:05:00",3,"WI",55,0,1.75,0,0,0,0,46.05,-90.36,46.05,-90.36,0,0,0,0,0,3,0,0,0
637553,2018,6,15,"2018-06-15","05:42:00",3,"MI",26,0,0.75,0,0,0,0,46.46,-90.17,46.46,-90.17,0,0,0,0,0,53,0,0,0
637554,2018,6,15,"2018-06-15","06:45:00",3,"IL",17,0,0.88,0,0,0,0,41.92,-89.07,41.92,-89.07,0,0,0,0,0,141,0,0,0
637555,2018,6,15,"2018-06-15","06:48:00",3,"WI",55,0,0.75,0,0,0,0,44.45,-89.53,44.45,-89.53,0,0,0,0,0,97,0,0,0
637556,2018,6,15,"2018-06-15","07:35:00",3,"WI",55,0,1,0,0,0,0,44.78,-89.69,44.78,-89.69,0,0,0,0,0,73,0,0,0
637557,2018,6,15,"2018-06-15","07:38:00",3,"WI",55,0,0.88,0,0,0,0,44.78,-89.69,44.78,-89.69,0,0,0,0,0,73,0,0,0
637558,2018,6,15,"2018-06-15","08:25:00",3,"WI",55,0,0.88,0,0,0,0,44.97,-89.64,44.97,-89.64,0,0,0,0,0,73,0,0,0
637559,2018,6,15,"2018-06-15","08:31:00",3,"WI",55,0,1,0,0,0,0,44.96,-89.63,44.96,-89.63,0,0,0,0,0,73,0,0,0
637560,2018,6,15,"2018-06-15","09:10:00",3,"MN",27,0,1.75,0,0,0,0,46.45,-92.77,46.45,-92.77,0,0,0,0,0,17,0,0,0
637561,2018,6,15,"2018-06-15","09:20:00",3,"MN",27,0,0.75,0,0,0,0,46.42,-92.77,46.42,-92.77,0,0,0,0,0,115,0,0,0
637562,2018,6,15,"2018-06-15","09:23:00",3,"MN",27,0,1,0,0,0,0,46.45,-92.77,46.45,-92.77,0,0,0,0,0,17,0,0,0
637563,2018,6,15,"2018-06-15","10:00:00",3,"MN",27,0,1,0,0,0,0,46.41,-92.5,46.41,-92.5,0,0,0,0,0,115,0,0,0
637564,2018,6,15,"2018-06-15","10:32:00",3,"MN",27,0,1,0,0,0,0,46.41,-92.5,46.41,-92.5,0,0,0,0,0,115,0,0,0
637565,2018,6,15,"2018-06-15","10:55:00",3,"MN",27,0,0.75,0,0,0,0,46.45,-92.43,46.45,-92.43,0,0,0,0,0,17,0,0,0
637566,2018,6,15,"2018-06-15","11:22:00",3,"WI",55,0,0.75,0,0,0,0,46.51,-91.69,46.51,-91.69,0,0,0,0,0,31,0,0,0
637567,2018,6,15,"2018-06-15","11:24:00",3,"MN",27,0,1,0,0,0,0,46.68,-93.32,46.68,-93.32,0,0,0,0,0,1,0,0,0
637568,2018,6,15,"2018-06-15","11:25:00",3,"WI",55,0,0.75,0,0,0,0,46.32,-90.66,46.32,-90.66,0,0,0,0,0,3,0,0,0
637569,2018,6,15,"2018-06-15","11:30:00",3,"WI",55,0,0.88,0,0,0,0,46.5,-91.68,46.5,-91.68,0,0,0,0,0,31,0,0,0
637570,2018,6,15,"2018-06-15","13:19:00",3,"WI",55,0,0.75,0,0,0,0,46.61,-90.99,46.61,-90.99,0,0,0,0,0,7,0,0,0
637571,2018,6,15,"2018-06-15","13:40:00",3,"WY",56,0,1,0,0,0,0,41.3447,-104.5478,41.3447,-104.5478,0,0,0,0,0,21,0,0,0
637572,2018,6,15,"2018-06-15","13:44:00",3,"NC",37,0,1,0,0,0,0,34.22,-78.03,34.22,-78.03,0,0,0,0,0,19,0,0,0
637573,2018,6,15,"2018-06-15","13:50:00",3,"SC",45,0,1,0,0,0,0,33.58,-79,33.58,-79,0,0,0,0,0,51,0,0,0
637574,2018,6,15,"2018-06-15","15:25:00",3,"TN",47,0,0.88,0,0,0,0,36.5,-86.88,36.5,-86.88,0,0,0,0,0,147,0,0,0
637575,2018,6,15,"2018-06-15","15:30:00",3,"TN",47,0,1,0,0,0,0,36.4832,-86.8608,36.4832,-86.8608,0,0,0,0,0,147,0,0,0
637576,2018,6,15,"2018-06-15","15:30:00",3,"WY",56,0,1,0,0,0,0,41.21,-104.48,41.21,-104.48,0,0,0,0,0,21,0,0,0
637577,2018,6,15,"2018-06-15","15:36:00",3,"WI",55,0,0.88,0,0,0,0,45.82,-91.89,45.82,-91.89,0,0,0,0,0,129,0,0,0
637578,2018,6,15,"2018-06-15","15:37:00",3,"WY",56,0,1,0,0,0,0,41.2,-104.72,41.2,-104.72,0,0,0,0,0,21,0,0,0
637579,2018,6,15,"2018-06-15","15:40:00",3,"WY",56,0,1,0,0,0,0,41.1403,-104.7861,41.1403,-104.7861,0,0,0,0,0,21,0,0,0
637580,2018,6,15,"2018-06-15","15:40:00",3,"WY",56,0,0.88,0,0,0,0,41.15,-104.79,41.15,-104.79,0,0,0,0,0,21,0,0,0
637581,2018,6,15,"2018-06-15","15:46:00",3,"SC",45,0,1,0,0,0,0,33.64,-79.03,33.64,-79.03,0,0,0,0,0,51,0,0,0
637582,2018,6,15,"2018-06-15","15:47:00",3,"TN",47,0,0.88,0,0,0,0,36.095,-86.8436,36.095,-86.8436,0,0,0,0,0,37,0,0,0
637583,2018,6,15,"2018-06-15","15:52:00",3,"SC",45,0,0.88,0,0,0,0,33.62,-79.03,33.62,-79.03,0,0,0,0,0,51,0,0,0
637584,2018,6,15,"2018-06-15","15:55:00",3,"WI",55,0,0.88,0,0,0,0,44.84,-91.49,44.84,-91.49,0,0,0,0,0,35,0,0,0
637585,2018,6,15,"2018-06-15","15:55:00",3,"WI",55,0,0.75,0,0,0,0,44.83,-91.53,44.83,-91.53,0,0,0,0,0,35,0,0,0
637586,2018,6,15,"2018-06-15","15:58:00",3,"MN",27,0,0.75,0,0,0,0,44.09,-92.51,44.09,-92.51,0,0,0,0,0,109,0,0,0
637587,2018,6,15,"2018-06-15","16:00:00",3,"MN",27,0,0.88,0,0,0,0,44.1,-92.49,44.1,-92.49,0,0,0,0,0,109,0,0,0
637588,2018,6,15,"2018-06-15","16:05:00",3,"WY",56,0,1,0,0,0,0,41.5124,-104.35,41.5124,-104.35,0,0,0,0,0,21,0,0,0
637589,2018,6,15,"2018-06-15","16:35:00",3,"TN",47,0,1,0,0,0,0,36.2059,-86.7686,36.2059,-86.7686,0,0,0,0,0,37,0,0,0
637590,2018,6,15,"2018-06-15","16:37:00",3,"TN",47,0,1,0,0,0,0,36.1956,-86.7759,36.1956,-86.7759,0,0,0,0,0,37,0,0,0
637591,2018,6,15,"2018-06-15","16:55:00",3,"IL",17,0,0.75,0,0,0,0,37.15,-88.73,37.15,-88.73,0,0,0,0,0,127,0,0,0
637592,2018,6,15,"2018-06-15","17:16:00",3,"IL",17,0,1.5,0,0,0,0,38.32,-88.9,38.32,-88.9,0,0,0,0,0,81,0,0,0
637593,2018,6,15,"2018-06-15","17:22:00",3,"WY",56,0,1.75,0,0,0,0,43.42,-106.28,43.485,-106.2776,0,0,0,0,0,25,0,0,0
637594,2018,6,15,"2018-06-15","17:23:00",3,"WY",56,0,1,0,0,0,0,44.87,-107.26,44.87,-107.26,0,0,0,0,0,33,0,0,0
637595,2018,6,15,"2018-06-15","17:24:00",3,"WY",56,0,1,0,0,0,0,44.91,-107.16,44.91,-107.16,0,0,0,0,0,33,0,0,0
637596,2018,6,15,"2018-06-15","17:40:00",3,"WY",56,0,0.88,0,0,0,0,43.5488,-106.1294,43.6,-106.2,0,0,0,0,0,19,0,0,0
637597,2018,6,15,"2018-06-15","17:47:00",3,"TN",47,0,1,0,0,0,0,35.5842,-87.0969,35.5842,-87.0969,0,0,0,0,0,119,0,0,0
637598,2018,6,15,"2018-06-15","18:00:00",3,"WY",56,0,1,0,0,0,0,44.29,-105.5,44.29,-105.5,0,0,0,0,0,5,0,0,0
637599,2018,6,15,"2018-06-15","18:00:00",3,"WY",56,0,1,0,0,0,0,43.97,-105.28,43.97,-105.28,0,0,0,0,0,5,0,0,0
637600,2018,6,15,"2018-06-15","18:11:00",3,"WY",56,0,1.25,0,0,0,0,44.3836,-105.4458,44.3836,-105.4458,0,0,0,0,0,5,0,0,0
637601,2018,6,15,"2018-06-15","18:14:00",3,"WY",56,0,0.75,0,0,0,0,43.88,-105.32,43.88,-105.32,0,0,0,0,0,5,0,0,0
637602,2018,6,15,"2018-06-15","18:18:00",3,"MT",30,0,0.88,0,0,0,0,45.21,-106.17,45.21,-106.17,0,0,0,0,0,75,0,0,0
637603,2018,6,15,"2018-06-15","18:35:00",3,"MT",30,0,0.75,0,0,0,0,45.32,-105.91,45.32,-105.91,0,0,0,0,0,75,0,0,0
637604,2018,6,15,"2018-06-15","19:28:00",3,"SC",45,0,0.25,0,0,0,100,33.9958,-80.4178,33.9958,-80.4178,0,0,0,0,0,85,0,0,0
637605,2018,6,15,"2018-06-15","19:55:00",3,"SC",45,0,0.25,0,0,0,100,33.9704,-80.4934,33.9704,-80.4934,0,0,0,0,0,85,0,0,0
637606,2018,6,15,"2018-06-15","21:18:00",3,"WI",55,0,1.25,0,0,0,0,43.97,-90.38,43.97,-90.38,0,0,0,0,0,81,0,0,0
637607,2018,6,15,"2018-06-15","23:59:00",3,"SD",46,0,0.88,0,0,0,0,43.09,-100.52,43.09,-100.52,0,0,0,0,0,121,0,0,0
637608,2018,6,16,"2018-06-16","00:15:00",3,"WI",55,0,0.75,0,0,0,0,43.18,-89.99,43.18,-89.99,0,0,0,0,0,49,0,0,0
637609,2018,6,16,"2018-06-16","04:20:00",3,"MI",26,0,1,0,0,0,0,46.49,-87.67,46.49,-87.67,0,0,0,0,0,103,0,0,0
637610,2018,6,16,"2018-06-16","06:49:00",3,"MI",26,0,0.75,0,0,0,0,45.85,-87.03,45.85,-87.03,0,0,0,0,0,41,0,0,0
637611,2018,6,16,"2018-06-16","07:30:00",3,"SD",46,0,1,0,0,0,0,45.38,-101.46,45.38,-101.46,0,0,0,0,0,41,0,0,0
637612,2018,6,16,"2018-06-16","07:31:00",3,"SD",46,0,1,0,0,0,0,45.4,-101.52,45.4,-101.52,0,0,0,0,0,137,0,0,0
637613,2018,6,16,"2018-06-16","07:36:00",3,"SD",46,0,0.75,0,0,0,0,45.39,-101.42,45.39,-101.42,0,0,0,0,0,41,0,0,0
637614,2018,6,16,"2018-06-16","07:50:00",3,"MN",27,0,0.88,0,0,0,0,46,-95.33,46,-95.33,0,0,0,0,0,41,0,0,0
637615,2018,6,16,"2018-06-16","08:05:00",3,"SD",46,0,1.25,0,0,0,0,45.47,-101.23,45.47,-101.23,0,0,0,0,0,41,0,0,0
637616,2018,6,16,"2018-06-16","09:17:00",3,"ND",38,0,0.88,0,0,0,0,46.22,-102.94,46.22,-102.94,0,0,0,0,0,1,0,0,0
637617,2018,6,16,"2018-06-16","09:48:00",3,"ND",38,0,1,0,0,0,0,46.35,-102.52,46.35,-102.52,0,0,0,0,0,41,0,0,0
637618,2018,6,16,"2018-06-16","12:37:00",3,"GA",13,0,0.88,0,0,0,0,33.46,-81.96,33.46,-81.96,0,0,0,0,0,245,0,0,0
637619,2018,6,16,"2018-06-16","13:23:00",3,"OH",39,0,1,0,0,0,0,39.84,-84.42,39.84,-84.42,0,0,0,0,0,113,0,0,0
637620,2018,6,16,"2018-06-16","13:25:00",3,"OH",39,0,1.25,0,0,0,0,39.84,-84.42,39.84,-84.42,0,0,0,0,0,113,0,0,0
637621,2018,6,16,"2018-06-16","13:32:00",3,"OH",39,0,0.88,0,0,0,0,39.84,-84.4,39.84,-84.4,0,0,0,0,0,113,0,0,0
637622,2018,6,16,"2018-06-16","13:55:00",3,"OH",39,0,0.75,0,0,0,0,40.08,-82.88,40.08,-82.88,0,0,0,0,0,49,0,0,0
637623,2018,6,16,"2018-06-16","14:44:00",3,"CO",8,0,1.25,0,0,0,0,40.96,-104.78,40.96,-104.78,0,0,0,0,0,123,0,0,0
637624,2018,6,16,"2018-06-16","14:48:00",3,"OH",39,0,0.75,0,0,0,0,39.63,-84.37,39.63,-84.37,0,0,0,0,0,113,0,0,0
637625,2018,6,16,"2018-06-16","14:55:00",3,"GA",13,0,1,0,0,0,0,34.0665,-84.6785,34.0665,-84.6785,0,0,0,0,0,67,0,0,0
637626,2018,6,16,"2018-06-16","15:35:00",3,"SC",45,0,0.75,0,0,0,0,34.72,-81.62,34.72,-81.62,0,0,0,0,0,87,0,0,0
637627,2018,6,16,"2018-06-16","15:40:00",3,"WI",55,0,1.25,0,0,0,0,44.27,-89.16,44.27,-89.16,0,0,0,0,0,135,0,0,0
637628,2018,6,16,"2018-06-16","16:30:00",3,"AL",1,0,1,0,0,0,0,33.96,-86.1,33.96,-86.1,0,0,0,0,0,55,0,0,0
637629,2018,6,16,"2018-06-16","16:35:00",3,"WI",55,0,1,0,0,0,0,43.54,-89.46,43.54,-89.46,0,0,0,0,0,21,0,0,0
637630,2018,6,16,"2018-06-16","16:40:00",3,"IN",18,0,0.75,0,0,0,0,39.8196,-85.9038,39.8196,-85.9038,0,0,0,0,0,59,0,0,0
637631,2018,6,16,"2018-06-16","16:54:00",3,"WI",55,0,1.25,0,0,0,0,43.47,-89.5,43.47,-89.5,0,0,0,0,0,21,0,0,0
637632,2018,6,16,"2018-06-16","16:56:00",3,"WI",55,0,1.75,0,0,0,0,43.45,-89.47,43.45,-89.47,0,0,0,0,0,21,0,0,0
637633,2018,6,16,"2018-06-16","17:11:00",3,"WI",55,0,1,0,0,0,0,43.46,-89.45,43.46,-89.45,0,0,0,0,0,21,0,0,0
637634,2018,6,16,"2018-06-16","17:17:00",3,"MT",30,0,1,0,0,0,0,45.47,-109.01,45.47,-109.01,0,0,0,0,0,9,0,0,0
637635,2018,6,16,"2018-06-16","17:21:00",3,"MT",30,0,0.88,0,0,0,0,45.49,-108.97,45.49,-108.97,0,0,0,0,0,9,0,0,0
637636,2018,6,16,"2018-06-16","17:27:00",3,"MT",30,0,0.75,0,0,0,0,45.48,-108.97,45.48,-108.97,0,0,0,0,0,9,0,0,0
637637,2018,6,16,"2018-06-16","17:34:00",3,"MT",30,0,0.75,0,0,0,0,45.46,-108.85,45.46,-108.85,0,0,0,0,0,9,0,0,0
637638,2018,6,16,"2018-06-16","17:42:00",3,"WI",55,0,1,0,0,0,0,43.46,-89.45,43.46,-89.45,0,0,0,0,0,21,0,0,0
637639,2018,6,16,"2018-06-16","17:50:00",3,"WI",55,0,1,0,0,0,0,45.91,-89.48,45.91,-89.48,0,0,0,0,0,125,0,0,0
637640,2018,6,16,"2018-06-16","17:55:00",3,"WI",55,0,1.25,0,0,0,0,45.9,-89.49,45.9,-89.49,0,0,0,0,0,125,0,0,0
637641,2018,6,16,"2018-06-16","18:00:00",3,"WI",55,0,1.25,0,0,0,0,45.8985,-89.4361,45.8985,-89.4361,0,0,0,0,0,125,0,0,0
637642,2018,6,16,"2018-06-16","18:07:00",3,"SD",46,0,1,0,0,0,0,44.66,-99.45,44.66,-99.45,0,0,0,0,0,69,0,0,0
637643,2018,6,16,"2018-06-16","18:13:00",3,"SD",46,0,1,0,0,0,0,44.69,-99.42,44.69,-99.42,0,0,0,0,0,69,0,0,0
637644,2018,6,16,"2018-06-16","18:18:00",3,"TN",47,0,1,0,0,0,0,36.1233,-86.8194,36.1233,-86.8194,0,0,0,0,0,37,0,0,0
637645,2018,6,16,"2018-06-16","18:20:00",3,"SD",46,0,1,0,0,0,0,44.65,-99.6,44.65,-99.6,0,0,0,0,0,69,0,0,0
637646,2018,6,16,"2018-06-16","18:22:00",3,"NE",31,0,1,0,0,0,0,41.4,-103.71,41.4,-103.71,0,0,0,0,0,7,0,0,0
637647,2018,6,16,"2018-06-16","19:05:00",3,"SD",46,0,1.75,0,0,0,0,44.62,-98.94,44.62,-98.94,0,0,0,0,0,59,0,0,0
637648,2018,6,16,"2018-06-16","19:15:00",3,"SD",46,0,2.75,0,0,0,0,44.66,-98.7,44.66,-98.7,0,0,0,0,0,115,0,0,0
637649,2018,6,16,"2018-06-16","21:24:00",3,"WI",55,0,1,0,0,0,0,46.76,-90.78,46.76,-90.78,0,0,0,0,0,3,0,0,0
637650,2018,6,17,"2018-06-17","11:30:00",3,"MN",27,0,1.25,0,0,0,0,46.68,-93.57,46.68,-93.57,0,0,0,0,0,1,0,0,0
637651,2018,6,17,"2018-06-17","13:20:00",3,"TN",47,0,0.75,0,0,0,0,36.43,-86.95,36.43,-86.95,0,0,0,0,0,147,0,0,0
637652,2018,6,17,"2018-06-17","13:26:00",3,"ID",16,0,1.25,0,0,0,0,43.9067,-111.6854,43.9067,-111.6854,0,0,0,0,0,43,0,0,0
637653,2018,6,17,"2018-06-17","13:32:00",3,"TN",47,0,0.75,0,0,0,0,36.0054,-85.1952,36.0054,-85.1952,0,0,0,0,0,35,0,0,0
637654,2018,6,17,"2018-06-17","13:54:00",3,"WI",55,0,1,0,0,0,0,46.4,-92.16,46.4,-92.16,0,0,0,0,0,31,0,0,0
637655,2018,6,17,"2018-06-17","13:57:00",3,"CO",8,0,1,0,0,0,0,40.97,-102.48,40.97,-102.48,0,0,0,0,0,115,0,0,0
637656,2018,6,17,"2018-06-17","14:05:00",3,"OH",39,0,0.75,0,0,0,0,39.43,-82.1,39.43,-82.1,0,0,0,0,0,9,0,0,0
637657,2018,6,17,"2018-06-17","14:19:00",3,"TN",47,0,0.75,0,0,0,0,35.8576,-86.4762,35.8576,-86.4762,0,0,0,0,0,149,0,0,0
637658,2018,6,17,"2018-06-17","14:27:00",3,"TN",47,0,1,0,0,0,0,35.9049,-86.8753,35.9049,-86.8753,0,0,0,0,0,187,0,0,0
637659,2018,6,17,"2018-06-17","15:04:00",3,"WI",55,0,0.75,0,0,0,0,44.82,-91.41,44.82,-91.41,0,0,0,0,0,35,0,0,0
637660,2018,6,17,"2018-06-17","15:05:00",3,"TN",47,0,0.75,0,0,0,0,36.231,-86.6652,36.231,-86.6652,0,0,0,0,0,37,0,0,0
637661,2018,6,17,"2018-06-17","15:05:00",3,"TN",47,0,0.75,0,0,0,0,36.1845,-86.65,36.1845,-86.65,0,0,0,0,0,37,0,0,0
637662,2018,6,17,"2018-06-17","15:09:00",3,"TN",47,0,0.75,0,0,0,0,36.2155,-86.6885,36.2155,-86.6885,0,0,0,0,0,37,0,0,0
637663,2018,6,17,"2018-06-17","15:25:00",3,"NE",31,0,1.75,0,0,0,0,41.24,-101.66,41.24,-101.66,0,0,0,0,0,101,0,0,0
637664,2018,6,17,"2018-06-17","16:02:00",3,"CO",8,0,1,0,0,0,0,39.62,-104.05,39.62,-104.05,0,0,0,0,0,5,0,0,0
637665,2018,6,17,"2018-06-17","17:03:00",3,"CO",8,0,1.25,0,0,0,0,39.91,-103.2,39.91,-103.2,0,0,0,0,0,121,0,0,0
637666,2018,6,17,"2018-06-17","17:05:00",3,"TN",47,0,1,0,0,0,0,35.99,-84.56,35.99,-84.56,0,0,0,0,0,129,0,0,0
637667,2018,6,17,"2018-06-17","17:13:00",3,"CO",8,0,1,0,0,0,0,39.91,-103.09,39.91,-103.09,0,0,0,0,0,121,0,0,0
637668,2018,6,17,"2018-06-17","17:32:00",3,"NE",31,0,1.25,0,0,0,0,41.91,-99.87,41.91,-99.87,0,0,0,0,0,9,0,0,0
637669,2018,6,17,"2018-06-17","17:50:00",3,"NE",31,0,1.25,0,0,0,0,42.03,-99.74,42.03,-99.74,0,0,0,0,0,9,0,0,0
637670,2018,6,17,"2018-06-17","18:45:00",3,"NE",31,0,1.75,0,0,0,0,42.68,-97.89,42.68,-97.89,0,0,0,0,0,107,0,0,0
637671,2018,6,18,"2018-06-18","11:30:00",3,"UT",49,0,1.25,0,0,0,0,40.57,-111.93,40.62,-111.8,0,0,0,0,0,35,0,0,0
637672,2018,6,18,"2018-06-18","12:05:00",3,"CO",8,0,2,0,0,0,0,39.88,-105.11,39.88,-105.11,0,0,0,0,0,59,0,0,0
637673,2018,6,18,"2018-06-18","12:45:00",3,"UT",49,0,1,0,0,0,0,40.7556,-111.8362,40.7556,-111.8362,0,0,0,0,0,35,0,0,0
637674,2018,6,18,"2018-06-18","14:05:00",3,"IA",19,0,1.25,0,0,0,0,42.59,-94.34,42.59,-94.34,0,0,0,0,0,187,0,0,0
637675,2018,6,18,"2018-06-18","15:16:00",3,"MA",25,0,1,0,0,0,0,42.5299,-72.91,42.5347,-72.8859,0,0,0,0,0,15,0,0,0
637676,2018,6,18,"2018-06-18","15:19:00",3,"MA",25,0,1,0,0,0,0,42.5306,-72.8081,42.5306,-72.8081,0,0,0,0,0,11,0,0,0
637677,2018,6,18,"2018-06-18","17:05:00",3,"WY",56,0,0.88,0,0,0,0,41.84,-104.75,41.84,-104.75,0,0,0,0,0,31,0,0,0
637678,2018,6,18,"2018-06-18","17:58:00",3,"CO",8,0,1,0,0,0,0,40.04,-105.32,40.04,-105.32,0,0,0,0,0,13,0,0,0
637679,2018,6,18,"2018-06-18","18:00:00",3,"CO",8,0,1,0,0,0,0,40,-105.26,40,-105.26,0,0,0,0,0,13,0,0,0
637680,2018,6,18,"2018-06-18","18:04:00",3,"CO",8,0,1.75,0,0,0,0,40.03,-105.24,40.03,-105.24,0,0,0,0,0,13,0,0,0
637681,2018,6,18,"2018-06-18","18:08:00",3,"CO",8,0,1.5,0,0,0,0,40,-105.27,40,-105.27,0,0,0,0,0,13,0,0,0
637682,2018,6,18,"2018-06-18","18:10:00",3,"CO",8,0,1.25,0,0,0,0,40,-105.26,40,-105.26,0,0,0,0,0,13,0,0,0
637683,2018,6,18,"2018-06-18","18:10:00",3,"CO",8,0,1.75,0,0,0,0,40.04,-105.24,40.04,-105.24,0,0,0,0,0,13,0,0,0
637684,2018,6,18,"2018-06-18","18:13:00",3,"CO",8,0,0.75,0,0,0,0,40.24,-105,40.24,-105,0,0,0,0,0,123,0,0,0
637685,2018,6,18,"2018-06-18","18:15:00",3,"CO",8,0,1.75,0,0,0,0,40.03,-105.22,40.03,-105.22,0,0,0,0,0,13,0,0,0
637686,2018,6,18,"2018-06-18","18:19:00",3,"CO",8,0,1.25,0,0,0,0,40.2,-105.01,40.2,-105.01,0,0,0,0,0,123,0,0,0
637687,2018,6,18,"2018-06-18","18:30:00",3,"CO",8,0,1,0,0,0,0,39.9,-105.02,39.9,-105.02,0,0,0,0,0,1,0,0,0
637688,2018,6,18,"2018-06-18","18:32:00",3,"CO",8,0,1,0,0,0,0,40.23,-104.83,40.23,-104.83,0,0,0,0,0,123,0,0,0
637689,2018,6,18,"2018-06-18","18:35:00",3,"CO",8,0,1,0,0,0,0,40.09,-105.06,40.09,-105.06,0,0,0,0,0,13,0,0,0
637690,2018,6,18,"2018-06-18","18:43:00",3,"CO",8,0,1.75,0,0,0,0,40.24,-105,40.24,-105,0,0,0,0,0,123,0,0,0
637691,2018,6,18,"2018-06-18","18:48:00",3,"CO",8,0,1,0,0,0,0,40.09,-104.96,40.09,-104.96,0,0,0,0,0,123,0,0,0
637692,2018,6,18,"2018-06-18","18:51:00",3,"CO",8,0,1.75,0,0,0,0,40.1,-104.94,40.1,-104.94,0,0,0,0,0,123,0,0,0
637693,2018,6,18,"2018-06-18","18:51:00",3,"CO",8,0,1.5,0,0,0,0,40.12,-104.96,40.12,-104.96,0,0,0,0,0,123,0,0,0
637694,2018,6,18,"2018-06-18","18:55:00",3,"CO",8,0,1.75,0,0,0,0,40.09,-104.92,40.09,-104.92,0,0,0,0,0,123,0,0,0
637695,2018,6,18,"2018-06-18","19:00:00",3,"CO",8,0,2.5,0,0,0,0,40.09,-104.92,40.09,-104.92,0,0,0,0,0,123,0,0,0
637696,2018,6,18,"2018-06-18","19:03:00",3,"WY",56,0,0.88,0,0,0,0,41.65,-104.24,41.65,-104.24,0,0,0,0,0,15,0,0,0
637697,2018,6,18,"2018-06-18","19:11:00",3,"CO",8,0,1,0,0,0,0,40.29,-104.56,40.29,-104.56,0,0,0,0,0,123,0,0,0
637698,2018,6,18,"2018-06-18","19:12:00",3,"WY",56,0,0.88,0,0,0,0,41.64,-104.16,41.64,-104.16,0,0,0,0,0,15,0,0,0
637699,2018,6,18,"2018-06-18","19:18:00",3,"CO",8,0,1.75,0,0,0,0,40.16,-104.96,40.16,-104.96,0,0,0,0,0,123,0,0,0
637700,2018,6,18,"2018-06-18","19:20:00",3,"CO",8,0,1,0,0,0,0,39.98,-105.26,39.98,-105.26,0,0,0,0,0,13,0,0,0
637701,2018,6,18,"2018-06-18","19:28:00",3,"CO",8,0,1,0,0,0,0,39.98,-105.24,39.98,-105.24,0,0,0,0,0,13,0,0,0
637702,2018,6,18,"2018-06-18","19:30:00",3,"CO",8,0,1.5,0,0,0,0,40.1,-104.93,40.1,-104.93,0,0,0,0,0,123,0,0,0
637703,2018,6,18,"2018-06-18","19:31:00",3,"CO",8,0,3,0,0,0,0,39.93,-105.15,39.93,-105.15,0,0,0,0,0,13,0,0,0
637704,2018,6,18,"2018-06-18","19:38:00",3,"CO",8,0,1.75,0,0,0,0,40,-105.22,40,-105.22,0,0,0,0,0,13,0,0,0
637705,2018,6,18,"2018-06-18","19:39:00",3,"CO",8,0,1,0,0,0,0,39.99,-105.15,39.99,-105.15,0,0,0,0,0,13,0,0,0
637706,2018,6,18,"2018-06-18","19:40:00",3,"CO",8,0,1.25,0,0,0,0,39.99,-105.15,39.99,-105.15,0,0,0,0,0,13,0,0,0
637707,2018,6,18,"2018-06-18","19:43:00",3,"CO",8,0,1.75,0,0,0,0,39.99,-105.15,39.99,-105.15,0,0,0,0,0,13,0,0,0
637708,2018,6,18,"2018-06-18","19:45:00",3,"CO",8,0,1.5,0,0,0,0,40,-105.08,40,-105.08,0,0,0,0,0,13,0,0,0
637709,2018,6,18,"2018-06-18","19:45:00",3,"CO",8,0,1,0,0,0,0,40,-105.13,40,-105.13,0,0,0,0,0,13,0,0,0
637710,2018,6,18,"2018-06-18","19:45:00",3,"CO",8,0,2,0,0,0,0,40,-105.18,40,-105.18,0,0,0,0,0,13,0,0,0
637711,2018,6,18,"2018-06-18","19:46:00",3,"CO",8,0,2,0,0,0,0,39.99,-105.15,39.99,-105.15,0,0,0,0,0,13,0,0,0
637712,2018,6,18,"2018-06-18","19:49:00",3,"CO",8,0,2,0,0,0,0,39.97,-105.1,39.97,-105.1,0,0,0,0,0,13,0,0,0
637713,2018,6,18,"2018-06-18","19:49:00",3,"CO",8,0,1,0,0,0,0,40.01,-105.12,40.01,-105.12,0,0,0,0,0,13,0,0,0
637714,2018,6,18,"2018-06-18","19:52:00",3,"CO",8,0,2.5,0,0,0,0,40.01,-105.1,40.01,-105.1,0,0,0,0,0,13,0,0,0
637715,2018,6,18,"2018-06-18","19:57:00",3,"CO",8,0,1.5,0,0,0,0,39.99,-105.1,39.99,-105.1,0,0,0,0,0,13,0,0,0
637716,2018,6,18,"2018-06-18","20:00:00",3,"CO",8,0,1,0,0,0,0,40.04,-105.04,40.04,-105.04,0,0,0,0,0,123,0,0,0
637717,2018,6,18,"2018-06-18","20:23:00",3,"CO",8,0,1.5,0,0,0,0,39.93,-105.06,39.93,-105.06,0,0,0,0,0,14,0,0,0
637718,2018,6,18,"2018-06-18","20:23:00",3,"CO",8,0,1.75,0,0,0,0,39.87,-105.2,39.87,-105.2,0,0,0,0,0,59,0,0,0
637719,2018,6,18,"2018-06-18","20:27:00",3,"CO",8,0,1,0,0,0,0,39.88,-105.1,39.88,-105.1,0,0,0,0,0,59,0,0,0
637720,2018,6,18,"2018-06-18","20:30:00",3,"CO",8,0,2,0,0,0,0,39.88,-105.05,39.88,-105.05,0,0,0,0,0,1,0,0,0
637721,2018,6,18,"2018-06-18","20:31:00",3,"CO",8,0,1,0,0,0,0,39.92,-105.09,39.92,-105.09,0,0,0,0,0,14,0,0,0
637722,2018,6,18,"2018-06-18","20:34:00",3,"CO",8,0,1.5,0,0,0,0,39.93,-105.08,39.93,-105.08,0,0,0,0,0,14,0,0,0
637723,2018,6,18,"2018-06-18","20:35:00",3,"CO",8,0,1,0,0,0,0,39.89,-105.03,39.89,-105.03,0,0,0,0,0,1,0,0,0
637724,2018,6,18,"2018-06-18","20:46:00",3,"CO",8,0,1,0,0,0,0,39.89,-104.99,39.89,-104.99,0,0,0,0,0,1,0,0,0
637725,2018,6,18,"2018-06-18","20:47:00",3,"CO",8,0,1.75,0,0,0,0,39.91,-104.93,39.91,-104.93,0,0,0,0,0,1,0,0,0
637726,2018,6,18,"2018-06-18","20:47:00",3,"CO",8,0,2,0,0,0,0,39.94,-104.95,39.94,-104.95,0,0,0,0,0,1,0,0,0
637727,2018,6,18,"2018-06-18","20:48:00",3,"CO",8,0,1.75,0,0,0,0,39.94,-104.93,39.94,-104.93,0,0,0,0,0,1,0,0,0
637728,2018,6,18,"2018-06-18","20:49:00",3,"CO",8,0,2.5,0,0,0,0,39.95,-104.92,39.95,-104.92,0,0,0,0,0,1,0,0,0
637729,2018,6,18,"2018-06-18","21:05:00",3,"CO",8,0,2.75,0,0,0,0,39.99,-104.82,39.99,-104.82,0,0,0,0,0,1,0,0,0
637730,2018,6,18,"2018-06-18","21:21:00",3,"CO",8,0,1.75,0,0,0,0,40.01,-104.72,40.01,-104.72,0,0,0,0,0,123,0,0,0
637731,2018,6,18,"2018-06-18","21:39:00",3,"CO",8,0,1.5,0,0,0,0,40.35,-103.62,40.35,-103.62,0,0,0,0,0,87,0,0,0
637732,2018,6,18,"2018-06-18","21:57:00",3,"CO",8,0,1.75,0,0,0,0,40.34,-103.47,40.34,-103.47,0,0,0,0,0,121,0,0,0
637733,2018,6,18,"2018-06-18","22:13:00",3,"CO",8,0,1,0,0,0,0,40.35,-103.97,40.35,-103.97,0,0,0,0,0,87,0,0,0
637734,2018,6,18,"2018-06-18","22:33:00",3,"CO",8,0,1.75,0,0,0,0,40.38,-103.27,40.38,-103.27,0,0,0,0,0,121,0,0,0
637735,2018,6,18,"2018-06-18","22:54:00",3,"CO",8,0,1.75,0,0,0,0,40.4,-103.03,40.4,-103.03,0,0,0,0,0,121,0,0,0
637736,2018,6,19,"2018-06-19","12:18:00",3,"CO",8,0,1,0,0,0,0,40.11,-105.19,40.11,-105.19,0,0,0,0,0,13,0,0,0
637737,2018,6,19,"2018-06-19","12:30:00",3,"WY",56,0,1,0,0,0,0,41.73,-105.97,41.73,-105.97,0,0,0,0,0,1,0,0,0
637738,2018,6,19,"2018-06-19","12:40:00",3,"CO",8,0,1,0,0,0,0,40.11,-105.21,40.11,-105.21,0,0,0,0,0,13,0,0,0
637739,2018,6,19,"2018-06-19","12:43:00",3,"CO",8,0,1.25,0,0,0,0,40.14,-105.11,40.14,-105.11,0,0,0,0,0,13,0,0,0
637740,2018,6,19,"2018-06-19","12:47:00",3,"CO",8,0,1.75,0,0,0,0,40.95,-105.46,40.95,-105.46,0,0,0,0,0,69,0,0,0
637741,2018,6,19,"2018-06-19","12:50:00",3,"CO",8,0,1.5,0,0,0,0,40.11,-105.21,40.11,-105.21,0,0,0,0,0,13,0,0,0
637742,2018,6,19,"2018-06-19","12:55:00",3,"CO",8,0,2,0,0,0,0,40.86,-105.3,40.86,-105.3,0,0,0,0,0,69,0,0,0
637743,2018,6,19,"2018-06-19","12:55:00",3,"CO",8,0,1.5,0,0,0,0,40.42,-104.8,40.42,-104.8,0,0,0,0,0,123,0,0,0
637744,2018,6,19,"2018-06-19","12:58:00",3,"CO",8,0,1.5,0,0,0,0,40.12,-104.96,40.12,-104.96,0,0,0,0,0,123,0,0,0
637745,2018,6,19,"2018-06-19","13:00:00",3,"CO",8,0,1.25,0,0,0,0,40.12,-104.96,40.12,-104.96,0,0,0,0,0,123,0,0,0
637746,2018,6,19,"2018-06-19","13:00:00",3,"CO",8,0,1,0,0,0,0,40.42,-104.74,40.42,-104.74,0,0,0,0,0,123,0,0,0
637747,2018,6,19,"2018-06-19","13:01:00",3,"CO",8,0,1.25,0,0,0,0,40.14,-105.16,40.14,-105.16,0,0,0,0,0,13,0,0,0
637748,2018,6,19,"2018-06-19","13:01:00",3,"CO",8,0,1,0,0,0,0,39.68,-105.03,39.68,-105.03,0,0,0,0,0,31,0,0,0
637749,2018,6,19,"2018-06-19","13:01:00",3,"CO",8,0,1,0,0,0,0,39.66,-105.1,39.66,-105.1,0,0,0,0,0,59,0,0,0
637750,2018,6,19,"2018-06-19","13:04:00",3,"CO",8,0,1.75,0,0,0,0,39.59,-105.01,39.59,-105.01,0,0,0,0,0,5,0,0,0
637751,2018,6,19,"2018-06-19","13:05:00",3,"CO",8,0,1.75,0,0,0,0,39.59,-105.01,39.59,-105.01,0,0,0,0,0,5,0,0,0
637752,2018,6,19,"2018-06-19","13:07:00",3,"CO",8,0,1,0,0,0,0,39.67,-105.11,39.67,-105.11,0,0,0,0,0,59,0,0,0
637753,2018,6,19,"2018-06-19","13:12:00",3,"CO",8,0,1.75,0,0,0,0,40.42,-104.74,40.42,-104.74,0,0,0,0,0,123,0,0,0
637754,2018,6,19,"2018-06-19","13:15:00",3,"CO",8,0,2,0,0,0,0,39.61,-104.89,39.61,-104.89,0,0,0,0,0,5,0,0,0
637755,2018,6,19,"2018-06-19","13:15:00",3,"CO",8,0,1,0,0,0,0,39.62,-104.99,39.62,-104.99,0,0,0,0,0,5,0,0,0
637756,2018,6,19,"2018-06-19","13:15:00",3,"CO",8,0,1,0,0,0,0,40.12,-104.93,40.12,-104.93,0,0,0,0,0,123,0,0,0
637757,2018,6,19,"2018-06-19","13:22:00",3,"CO",8,0,1,0,0,0,0,40.1,-104.81,40.1,-104.81,0,0,0,0,0,123,0,0,0
637758,2018,6,19,"2018-06-19","13:25:00",3,"CO",8,0,1.25,0,0,0,0,39.62,-104.79,39.62,-104.79,0,0,0,0,0,5,0,0,0
637759,2018,6,19,"2018-06-19","13:25:00",3,"CO",8,0,3,0,0,276400000,0,39.65,-104.99,39.65,-104.99,0,0,0,0,0,5,0,0,0
637760,2018,6,19,"2018-06-19","13:25:00",3,"CO",8,0,1.75,0,0,0,0,39.77,-104.87,39.77,-104.87,0,0,0,0,0,31,0,0,0
637761,2018,6,19,"2018-06-19","13:30:00",3,"CO",8,0,2.75,0,0,0,0,39.62,-104.92,39.62,-104.92,0,0,0,0,0,5,0,0,0
637762,2018,6,19,"2018-06-19","13:30:00",3,"CO",8,0,1,0,0,0,0,40.49,-104.48,40.49,-104.48,0,0,0,0,0,123,0,0,0
637763,2018,6,19,"2018-06-19","13:30:00",3,"WY",56,0,0.75,0,0,0,0,41.32,-104.82,41.32,-104.82,0,0,0,0,0,21,0,0,0
637764,2018,6,19,"2018-06-19","13:33:00",3,"CO",8,0,2,0,0,0,0,39.64,-104.89,39.64,-104.89,0,0,0,0,0,31,0,0,0
637765,2018,6,19,"2018-06-19","13:35:00",3,"CO",8,0,1,0,0,0,0,39.6,-104.83,39.6,-104.83,0,0,0,0,0,5,0,0,0
637766,2018,6,19,"2018-06-19","13:39:00",3,"CO",8,0,1.25,0,0,0,0,39.66,-104.73,39.66,-104.73,0,0,0,0,0,5,0,0,0
637767,2018,6,19,"2018-06-19","13:39:00",3,"CO",8,0,1.25,0,0,0,0,39.66,-104.81,39.66,-104.81,0,0,0,0,0,5,0,0,0
637768,2018,6,19,"2018-06-19","13:40:00",3,"CO",8,0,1,0,0,0,0,39.59,-104.78,39.59,-104.78,0,0,0,0,0,5,0,0,0
637769,2018,6,19,"2018-06-19","13:40:00",3,"CO",8,0,2.5,0,0,0,0,39.62,-104.78,39.62,-104.78,0,0,0,0,0,5,0,0,0
637770,2018,6,19,"2018-06-19","13:45:00",3,"CO",8,0,2,0,0,0,0,39.61,-104.75,39.61,-104.75,0,0,0,0,0,5,0,0,0
637771,2018,6,19,"2018-06-19","13:46:00",3,"CO",8,0,2,0,0,0,0,40.09,-104.62,40.09,-104.62,0,0,0,0,0,123,0,0,0
637772,2018,6,19,"2018-06-19","13:47:00",3,"CO",8,0,1,0,0,0,0,39.72,-104.74,39.72,-104.74,0,0,0,0,0,5,0,0,0
637773,2018,6,19,"2018-06-19","13:49:00",3,"CO",8,0,1.25,0,0,0,0,40.07,-104.64,40.07,-104.64,0,0,0,0,0,123,0,0,0
637774,2018,6,19,"2018-06-19","14:00:00",3,"CO",8,0,2.5,0,0,0,0,39.7,-104.81,39.7,-104.81,0,0,0,0,0,5,0,0,0
637775,2018,6,19,"2018-06-19","14:00:00",3,"CO",8,0,2.75,0,0,0,0,38.9,-105.48,38.9,-105.48,0,0,0,0,0,93,0,0,0
637776,2018,6,19,"2018-06-19","14:06:00",3,"CO",8,0,2.75,0,0,0,0,39.61,-104.71,39.61,-104.71,0,0,0,0,0,5,0,0,0
637777,2018,6,19,"2018-06-19","14:22:00",3,"CO",8,0,1.5,0,0,0,0,40.7,-105.02,40.7,-105.02,0,0,0,0,0,69,0,0,0
637778,2018,6,19,"2018-06-19","14:35:00",3,"CO",8,0,1.5,0,0,0,0,40.74,-105.08,40.74,-105.08,0,0,0,0,0,69,0,0,0
637779,2018,6,19,"2018-06-19","14:40:00",3,"KS",20,0,0.88,0,0,0,0,37.58,-101.38,37.58,-101.38,0,0,0,0,0,67,0,0,0
637780,2018,6,19,"2018-06-19","14:54:00",3,"NE",31,0,1,0,0,0,0,40.25,-97.4559,40.25,-97.4559,0,0,0,0,0,169,0,0,0
637781,2018,6,19,"2018-06-19","14:54:00",3,"KS",20,0,0.88,0,0,0,0,38.47,-100.92,38.47,-100.92,0,0,0,0,0,171,0,0,0
637782,2018,6,19,"2018-06-19","14:55:00",3,"CO",8,0,1.5,0,0,0,0,40.65,-104.75,40.65,-104.75,0,0,0,0,0,123,0,0,0
637783,2018,6,19,"2018-06-19","14:58:00",3,"KS",20,0,0.88,0,0,0,0,37.66,-101.3,37.66,-101.3,0,0,0,0,0,67,0,0,0
637784,2018,6,19,"2018-06-19","15:00:00",3,"KS",20,0,1,0,0,0,0,38.47,-100.91,38.47,-100.91,0,0,0,0,0,171,0,0,0
637785,2018,6,19,"2018-06-19","15:00:00",3,"KS",20,0,1,0,0,0,0,37.23,-101.95,37.23,-101.95,0,0,0,0,0,129,0,0,0
637786,2018,6,19,"2018-06-19","15:02:00",3,"CO",8,0,1.75,0,0,0,0,40.73,-104.78,40.73,-104.78,0,0,0,0,0,123,0,0,0
637787,2018,6,19,"2018-06-19","15:18:00",3,"CO",8,0,1,0,0,0,0,39.45,-104.72,39.45,-104.72,0,0,0,0,0,35,0,0,0
637788,2018,6,19,"2018-06-19","15:30:00",3,"CO",8,0,1,0,0,0,0,39.57,-104.71,39.57,-104.71,0,0,0,0,0,35,0,0,0
637789,2018,6,19,"2018-06-19","15:30:00",3,"NE",31,0,1.25,0,0,0,0,40.1472,-97.3721,40.1472,-97.3721,0,0,0,0,0,169,0,0,0
637790,2018,6,19,"2018-06-19","15:33:00",3,"KS",20,0,1,0,0,0,0,38.47,-100.92,38.47,-100.92,0,0,0,0,0,171,0,0,0
637791,2018,6,19,"2018-06-19","15:33:00",3,"KS",20,0,1,0,0,0,0,37.78,-101.41,37.78,-101.41,0,0,0,0,0,93,0,0,0
637792,2018,6,19,"2018-06-19","15:34:00",3,"WV",54,0,0.88,0,0,0,0,38.35,-81.65,38.35,-81.65,0,0,0,0,0,39,0,0,0
637793,2018,6,19,"2018-06-19","15:35:00",3,"KS",20,0,1,0,0,0,0,38.7901,-100.8617,38.7901,-100.8617,0,0,0,0,0,109,0,0,0
637794,2018,6,19,"2018-06-19","15:35:00",3,"KS",20,0,2,0,0,0,0,38.48,-101,38.48,-101,0,0,0,0,0,171,0,0,0
637795,2018,6,19,"2018-06-19","15:49:00",3,"KS",20,0,1,0,0,0,0,38.81,-100.11,38.81,-100.11,0,0,0,0,0,195,0,0,0
637796,2018,6,19,"2018-06-19","15:50:00",3,"WY",56,0,1,0,0,0,0,41.19,-104.85,41.19,-104.85,0,0,0,0,0,21,0,0,0
637797,2018,6,19,"2018-06-19","16:00:00",3,"CO",8,0,1,0,0,0,0,39.08,-104.87,39.08,-104.87,0,0,0,0,0,41,0,0,0
637798,2018,6,19,"2018-06-19","16:00:00",3,"CO",8,0,1.75,0,0,0,0,39.11,-104.83,39.11,-104.83,0,0,0,0,0,41,0,0,0
637799,2018,6,19,"2018-06-19","16:03:00",3,"CO",8,0,1,0,0,0,0,39.1,-104.87,39.1,-104.87,0,0,0,0,0,41,0,0,0
637800,2018,6,19,"2018-06-19","16:05:00",3,"CO",8,0,1,0,0,0,0,40.56,-105.13,40.56,-105.13,0,0,0,0,0,69,0,0,0
637801,2018,6,19,"2018-06-19","16:05:00",3,"WY",56,0,1,0,0,0,0,41.2,-104.86,41.2,-104.86,0,0,0,0,0,21,0,0,0
637802,2018,6,19,"2018-06-19","16:08:00",3,"CO",8,0,1.25,0,0,0,0,39.6,-103.27,39.6,-103.27,0,0,0,0,0,121,0,0,0
637803,2018,6,19,"2018-06-19","16:10:00",3,"WY",56,0,1,0,0,0,0,41.42,-104.38,41.42,-104.38,0,0,0,0,0,21,0,0,0
637804,2018,6,19,"2018-06-19","16:10:00",3,"CO",8,0,2,0,0,0,0,39.1,-104.87,39.1,-104.87,0,0,0,0,0,41,0,0,0
637805,2018,6,19,"2018-06-19","16:12:00",3,"CO",8,0,1,0,0,0,0,40.56,-105.07,40.56,-105.07,0,0,0,0,0,69,0,0,0
637806,2018,6,19,"2018-06-19","16:14:00",3,"CO",8,0,1,0,0,0,0,39.63,-103.18,39.63,-103.18,0,0,0,0,0,121,0,0,0
637807,2018,6,19,"2018-06-19","16:17:00",3,"CO",8,0,2,0,0,0,0,39.41,-103.89,39.41,-103.89,0,0,0,0,0,39,0,0,0
637808,2018,6,19,"2018-06-19","16:17:00",3,"CO",8,0,1.75,0,0,0,0,39.46,-103.94,39.46,-103.94,0,0,0,0,0,39,0,0,0
637809,2018,6,19,"2018-06-19","16:17:00",3,"CO",8,0,1.75,0,0,0,0,39.47,-103.95,39.47,-103.95,0,0,0,0,0,39,0,0,0
637810,2018,6,19,"2018-06-19","16:18:00",3,"KS",20,0,0.88,0,0,0,0,39,-100.8511,39,-100.8511,0,0,0,0,0,109,0,0,0
637811,2018,6,19,"2018-06-19","16:19:00",3,"CO",8,0,1.25,0,0,0,0,40.59,-105.11,40.59,-105.11,0,0,0,0,0,69,0,0,0
637812,2018,6,19,"2018-06-19","16:19:00",3,"NE",31,0,0.75,0,0,0,0,40.15,-97.72,40.15,-97.72,0,0,0,0,0,169,0,0,0
637813,2018,6,19,"2018-06-19","16:20:00",3,"NE",31,0,0.75,0,0,0,0,40.15,-97.28,40.15,-97.28,0,0,0,0,0,95,0,0,0
637814,2018,6,19,"2018-06-19","16:24:00",3,"CO",8,0,1.5,0,0,0,0,40.59,-105.06,40.59,-105.06,0,0,0,0,0,69,0,0,0
637815,2018,6,19,"2018-06-19","16:24:00",3,"MT",30,0,1,0,0,0,0,46.21,-107.25,46.21,-107.25,0,0,0,0,0,103,0,0,0
637816,2018,6,19,"2018-06-19","16:25:00",3,"CO",8,0,1.75,0,0,0,0,39.6,-103.14,39.6,-103.14,0,0,0,0,0,121,0,0,0
637817,2018,6,19,"2018-06-19","16:25:00",3,"NE",31,0,1,0,0,0,0,40.15,-97.72,40.15,-97.72,0,0,0,0,0,169,0,0,0
637818,2018,6,19,"2018-06-19","16:28:00",3,"CO",8,0,1.75,0,0,0,0,40.59,-105.1,40.59,-105.1,0,0,0,0,0,69,0,0,0
637819,2018,6,19,"2018-06-19","16:28:00",3,"KS",20,0,3.25,0,0,0,0,39.13,-100.85,39.13,-100.85,0,0,0,0,0,109,0,0,0
637820,2018,6,19,"2018-06-19","16:30:00",3,"NE",31,0,2.75,0,0,1e+05,1e+06,40.2168,-99.45,40.2643,-99.4201,0,0,0,0,0,83,0,0,0
637821,2018,6,19,"2018-06-19","16:30:00",3,"CO",8,0,3,0,0,0,0,39.07,-104.7,39.07,-104.7,0,0,0,0,0,41,0,0,0
637822,2018,6,19,"2018-06-19","16:30:00",3,"WY",56,0,1,0,0,0,0,41.37,-104.45,41.37,-104.45,0,0,0,0,0,21,0,0,0
637823,2018,6,19,"2018-06-19","16:35:00",3,"NE",31,0,0.88,0,0,0,0,40.1579,-99.35,40.1579,-99.35,0,0,0,0,0,83,0,0,0
637824,2018,6,19,"2018-06-19","16:36:00",3,"KS",20,0,1.75,0,0,0,0,38.6708,-101.2201,38.6708,-101.2201,0,0,0,0,0,203,0,0,0
637825,2018,6,19,"2018-06-19","16:40:00",3,"CO",8,0,1,0,0,0,0,39.92,-102.99,39.92,-102.99,0,0,0,0,0,121,0,0,0
637826,2018,6,19,"2018-06-19","16:40:00",3,"NE",31,0,1,0,0,0,0,40.1434,-99.35,40.1434,-99.35,0,0,0,0,0,83,0,0,0
637827,2018,6,19,"2018-06-19","16:45:00",3,"NE",31,0,1,0,0,0,0,40.1705,-97.6932,40.1705,-97.6932,0,0,0,0,0,169,0,0,0
637828,2018,6,19,"2018-06-19","16:45:00",3,"CO",8,0,1,0,0,0,0,39.08,-104.59,39.08,-104.59,0,0,0,0,0,41,0,0,0
637829,2018,6,19,"2018-06-19","16:50:00",3,"NE",31,0,1.25,0,0,0,0,40.4186,-99.0393,40.4186,-99.0393,0,0,0,0,0,99,0,0,0
637830,2018,6,19,"2018-06-19","16:53:00",3,"CO",8,0,1.75,0,0,0,0,40.6,-105.13,40.6,-105.13,0,0,0,0,0,69,0,0,0
637831,2018,6,19,"2018-06-19","16:58:00",3,"CO",8,0,2.75,0,0,2000,0,39.8504,-102.7074,39.8504,-102.7074,0,0,0,0,0,125,0,0,0
637832,2018,6,19,"2018-06-19","17:00:00",3,"KS",20,0,0.88,0,0,0,0,37.12,-101.63,37.12,-101.63,0,0,0,0,0,129,0,0,0
637833,2018,6,19,"2018-06-19","17:00:00",3,"KS",20,0,1,0,0,0,0,37.11,-101.65,37.11,-101.65,0,0,0,0,0,129,0,0,0
637834,2018,6,19,"2018-06-19","17:05:00",3,"CO",8,0,1,0,0,0,0,40.58,-102.31,40.58,-102.31,0,0,0,0,0,95,0,0,0
637835,2018,6,19,"2018-06-19","17:05:00",3,"CO",8,0,1,0,0,0,0,39.08,-104.59,39.08,-104.59,0,0,0,0,0,41,0,0,0
637836,2018,6,19,"2018-06-19","17:08:00",3,"NE",31,0,2.5,0,0,0,0,41.12,-103.89,41.12,-103.89,0,0,0,0,0,105,0,0,0
637837,2018,6,19,"2018-06-19","17:08:00",3,"NE",31,0,1,0,0,0,0,41.15,-103.89,41.15,-103.89,0,0,0,0,0,105,0,0,0
637838,2018,6,19,"2018-06-19","17:20:00",3,"KS",20,0,1.75,0,0,0,0,37.08,-101.73,37.08,-101.73,0,0,0,0,0,129,0,0,0
637839,2018,6,19,"2018-06-19","17:23:00",3,"NE",31,0,1.75,0,0,25000,175000,40.129,-98.95,40.129,-98.95,0,0,0,0,0,61,0,0,0
637840,2018,6,19,"2018-06-19","17:24:00",3,"NE",31,0,1,0,0,0,0,41.12,-103.81,41.12,-103.81,0,0,0,0,0,105,0,0,0
637841,2018,6,19,"2018-06-19","17:34:00",3,"KS",20,0,1,0,0,0,0,37.12,-101.63,37.12,-101.63,0,0,0,0,0,129,0,0,0
637842,2018,6,19,"2018-06-19","17:35:00",3,"NE",31,0,2,0,0,25000,2e+05,40.1,-98.8932,40.1,-98.8932,0,0,0,0,0,61,0,0,0
637843,2018,6,19,"2018-06-19","17:38:00",3,"NE",31,0,1.5,0,0,25000,150000,40.2891,-98.5037,40.2891,-98.5037,0,0,0,0,0,181,0,0,0
637844,2018,6,19,"2018-06-19","17:40:00",3,"KS",20,0,1.5,0,0,0,0,37.04,-101.67,37.04,-101.67,0,0,0,0,0,129,0,0,0
637845,2018,6,19,"2018-06-19","17:44:00",3,"CO",8,0,2.5,0,0,0,0,39.8726,-102.1852,39.8726,-102.1852,0,0,0,0,0,125,0,0,0
637846,2018,6,19,"2018-06-19","17:44:00",3,"CO",8,0,2.5,0,0,0,0,39.7621,-102.0552,39.7621,-102.0552,0,0,0,0,0,125,0,0,0
637847,2018,6,19,"2018-06-19","17:45:00",3,"CO",8,0,2.5,0,0,20000,0,39.7977,-102.1075,39.7977,-102.1075,0,0,0,0,0,125,0,0,0
637848,2018,6,19,"2018-06-19","17:45:00",3,"CO",8,0,1.5,0,0,25000,0,39.8037,-102.1879,39.8037,-102.1879,0,0,0,0,0,125,0,0,0
637849,2018,6,19,"2018-06-19","17:49:00",3,"CO",8,0,1,0,0,0,0,39.294,-102.7597,39.294,-102.7597,0,0,0,0,0,63,0,0,0
637850,2018,6,19,"2018-06-19","17:54:00",3,"CO",8,0,2,0,0,0,0,39.12,-104.15,39.12,-104.15,0,0,0,0,0,41,0,0,0
637851,2018,6,19,"2018-06-19","17:55:00",3,"KS",20,0,1.75,0,0,0,0,39.1051,-101.8498,39.1051,-101.8498,0,0,0,0,0,199,0,0,0
637852,2018,6,19,"2018-06-19","18:00:00",3,"CO",8,0,1,0,0,0,0,39.1901,-102.6891,39.1901,-102.6891,0,0,0,0,0,63,0,0,0
637853,2018,6,19,"2018-06-19","18:00:00",3,"KS",20,0,0.88,0,0,0,0,39.4919,-101.6309,39.4919,-101.6309,0,0,0,0,0,181,0,0,0
637854,2018,6,19,"2018-06-19","18:12:00",3,"KS",20,0,1.25,0,0,0,0,39.7956,-101.8337,39.7956,-101.8337,0,0,0,0,0,23,0,0,0
637855,2018,6,19,"2018-06-19","18:16:00",3,"KS",20,0,1,0,0,0,0,39.77,-101.8,39.77,-101.8,0,0,0,0,0,23,0,0,0
637856,2018,6,19,"2018-06-19","18:27:00",3,"KS",20,0,1.5,0,0,3000,0,39.7623,-101.7124,39.7623,-101.7124,0,0,0,0,0,23,0,0,0
637857,2018,6,19,"2018-06-19","18:38:00",3,"CO",8,0,0.88,0,0,0,0,39.7,-104.85,39.7,-104.85,0,0,0,0,0,5,0,0,0
637858,2018,6,19,"2018-06-19","18:38:00",3,"CO",8,0,1,0,0,0,0,40.26,-103.8,40.26,-103.8,0,0,0,0,0,87,0,0,0
637859,2018,6,19,"2018-06-19","18:55:00",3,"KS",20,0,1,0,0,0,0,37.12,-101.63,37.12,-101.63,0,0,0,0,0,129,0,0,0
637860,2018,6,19,"2018-06-19","19:15:00",3,"KS",20,0,1,0,0,0,0,37.94,-101.87,37.94,-101.87,0,0,0,0,0,75,0,0,0
637861,2018,6,19,"2018-06-19","19:16:00",3,"KS",20,0,1.25,0,0,0,0,37.02,-101.77,37.02,-101.77,0,0,0,0,0,129,0,0,0
637862,2018,6,19,"2018-06-19","19:17:00",3,"KS",20,0,1.25,0,0,0,0,37.08,-101.73,37.08,-101.73,0,0,0,0,0,129,0,0,0
637863,2018,6,19,"2018-06-19","19:30:00",3,"KS",20,0,2,0,0,0,0,37.08,-101.73,37.08,-101.73,0,0,0,0,0,129,0,0,0
637864,2018,6,19,"2018-06-19","19:32:00",3,"OK",40,0,1,0,0,0,0,36.86,-101.3,36.86,-101.3,0,0,0,0,0,139,0,0,0
637865,2018,6,19,"2018-06-19","19:33:00",3,"KS",20,0,0.88,0,0,0,0,37.12,-101.63,37.12,-101.63,0,0,0,0,0,129,0,0,0
637866,2018,6,19,"2018-06-19","19:33:00",3,"KS",20,0,1.75,0,0,0,0,37.04,-101.7,37.04,-101.7,0,0,0,0,0,129,0,0,0
637867,2018,6,19,"2018-06-19","19:35:00",3,"KS",20,0,1,0,0,0,0,37.01,-101.63,37.01,-101.63,0,0,0,0,0,129,0,0,0
637868,2018,6,19,"2018-06-19","20:15:00",3,"OK",40,0,1.75,0,0,0,0,36.87,-101.4,36.87,-101.4,0,0,0,0,0,139,0,0,0
637869,2018,6,19,"2018-06-19","20:17:00",3,"OK",40,0,1.25,0,0,0,0,36.84,-101.42,36.84,-101.42,0,0,0,0,0,139,0,0,0
637870,2018,6,19,"2018-06-19","21:47:00",3,"KS",20,0,0.75,0,0,0,0,37.6009,-100.8079,37.6009,-100.8079,0,0,0,0,0,187,0,0,0
637871,2018,6,19,"2018-06-19","22:33:00",3,"CO",8,0,1,0,0,0,0,37.31,-102.73,37.31,-102.73,0,0,0,0,0,9,0,0,0
637872,2018,6,20,"2018-06-20","12:59:00",3,"NC",37,0,0.75,0,0,0,0,35.4,-82.57,35.4,-82.57,0,0,0,0,0,89,0,0,0
637873,2018,6,20,"2018-06-20","13:20:00",3,"SC",45,0,1,0,0,0,0,35.128,-82.38,35.128,-82.38,0,0,0,0,0,45,0,0,0
637874,2018,6,20,"2018-06-20","14:45:00",3,"GA",13,0,0.75,0,0,0,0,30.95,-81.69,30.95,-81.69,0,0,0,0,0,39,0,0,0
637875,2018,6,20,"2018-06-20","15:17:00",3,"FL",12,0,1,0,0,0,0,29.3,-81.38,29.3,-81.38,0,0,0,0,0,35,0,0,0
637876,2018,6,20,"2018-06-20","17:14:00",3,"KS",20,0,1,0,0,0,0,39.78,-97.87,39.78,-97.87,0,0,0,0,0,157,0,0,0
637877,2018,6,20,"2018-06-20","20:35:00",3,"OR",41,0,0.5,0,0,0,5000,45.6266,-121.5442,45.6266,-121.5442,0,0,0,0,0,27,0,0,0
637878,2018,6,20,"2018-06-20","22:58:00",3,"OR",41,0,0.9,0,0,0,0,45.449,-122.9481,45.449,-122.9481,0,0,0,0,0,67,0,0,0
637879,2018,6,21,"2018-06-21","00:30:00",3,"NM",35,0,1,0,0,0,0,36.66,-103.5,36.66,-103.5,0,0,0,0,0,59,0,0,0
637880,2018,6,21,"2018-06-21","01:30:00",3,"NM",35,0,0.75,0,0,0,0,36.27,-103.33,36.27,-103.33,0,0,0,0,0,59,0,0,0
637881,2018,6,21,"2018-06-21","01:48:00",3,"NM",35,0,1,1,0,5000,0,36.1593,-103.333,36.1593,-103.333,0,0,0,0,0,59,0,0,0
637882,2018,6,21,"2018-06-21","02:15:00",3,"NM",35,0,1,0,0,1000,0,35.92,-103.19,35.92,-103.19,0,0,0,0,0,59,0,0,0
637883,2018,6,21,"2018-06-21","13:00:00",3,"AR",5,0,1,0,0,0,0,35.7331,-91.0399,35.7152,-90.952,0,0,0,0,0,31,0,0,0
637884,2018,6,21,"2018-06-21","13:15:00",3,"AR",5,0,1.5,0,0,0,0,35.5653,-90.9403,35.5606,-90.9094,0,0,0,0,0,111,0,0,0
637885,2018,6,21,"2018-06-21","13:15:00",3,"AR",5,0,1.5,0,0,0,0,35.6378,-90.8275,35.6388,-90.7596,0,0,0,0,0,111,0,0,0
637886,2018,6,21,"2018-06-21","13:20:00",3,"AR",5,0,1.75,0,0,0,0,35.6528,-90.8937,35.6491,-90.87,0,0,0,0,0,111,0,0,0
637887,2018,6,21,"2018-06-21","15:55:00",3,"WY",56,0,0.75,0,0,0,0,43.94,-108.75,43.94,-108.75,0,0,0,0,0,17,0,0,0
637888,2018,6,21,"2018-06-21","16:52:00",3,"MT",30,0,1,0,0,0,0,47.0368,-109.3022,47.0368,-109.3022,0,0,0,0,0,27,0,0,0
637889,2018,6,21,"2018-06-21","17:01:00",3,"MT",30,0,1,0,0,0,0,46.9446,-109.276,46.9446,-109.276,0,0,0,0,0,27,0,0,0
637890,2018,6,21,"2018-06-21","17:10:00",3,"MT",30,0,1.25,0,0,0,0,47,-109.2498,47,-109.2498,0,0,0,0,0,27,0,0,0
637891,2018,6,21,"2018-06-21","17:36:00",3,"NM",35,0,1.5,0,0,0,0,33.37,-105.21,33.37,-105.21,0,0,0,0,0,27,0,0,0
637892,2018,6,21,"2018-06-21","17:38:00",3,"MT",30,0,1,0,0,0,0,46.36,-108.54,46.36,-108.54,0,0,0,0,0,65,0,0,0
637893,2018,6,21,"2018-06-21","17:55:00",3,"WY",56,0,0.88,0,0,0,0,41.29,-104.86,41.29,-104.86,0,0,0,0,0,21,0,0,0
637894,2018,6,21,"2018-06-21","17:56:00",3,"WY",56,0,0.88,0,0,0,0,41.3,-104.79,41.3,-104.79,0,0,0,0,0,21,0,0,0
637895,2018,6,21,"2018-06-21","18:00:00",3,"WY",56,0,0.88,0,0,0,0,41.28,-104.97,41.28,-104.97,0,0,0,0,0,21,0,0,0
637896,2018,6,21,"2018-06-21","18:00:00",3,"WY",56,0,1,0,0,0,0,41.3,-104.79,41.3,-104.79,0,0,0,0,0,21,0,0,0
637897,2018,6,21,"2018-06-21","18:05:00",3,"MT",30,0,1,0,0,0,0,45.91,-108.65,45.91,-108.65,0,0,0,0,0,111,0,0,0
637898,2018,6,21,"2018-06-21","18:05:00",3,"WY",56,0,1,0,0,0,0,41.29,-104.79,41.29,-104.79,0,0,0,0,0,21,0,0,0
637899,2018,6,21,"2018-06-21","18:56:00",3,"NC",37,0,1,0,0,0,5000,36.53,-76.76,36.53,-76.76,0,0,0,0,0,73,0,0,0
637900,2018,6,22,"2018-06-22","03:00:00",3,"TX",48,0,1,0,0,0,0,35.71,-100.55,35.71,-100.55,0,0,0,0,0,393,0,0,0
637901,2018,6,22,"2018-06-22","06:24:00",3,"OK",40,0,0.88,0,0,0,0,35.34,-97.52,35.34,-97.52,0,0,0,0,0,27,0,0,0
637902,2018,6,22,"2018-06-22","12:27:00",3,"CO",8,0,0.88,0,0,0,0,40.15,-102.83,40.15,-102.83,0,0,0,0,0,121,0,0,0
637903,2018,6,22,"2018-06-22","12:45:00",3,"TN",47,0,0.75,0,0,0,0,35.28,-86.37,35.28,-86.37,0,0,0,0,0,127,0,0,0
637904,2018,6,22,"2018-06-22","12:48:00",3,"SD",46,0,1.5,0,0,0,0,44.1379,-103.57,44.1379,-103.57,0,0,0,0,0,103,0,0,0
637905,2018,6,22,"2018-06-22","13:00:00",3,"SD",46,0,0.75,0,0,0,0,44.1067,-103.5546,44.1067,-103.5546,0,0,0,0,0,103,0,0,0
637906,2018,6,22,"2018-06-22","13:13:00",3,"SD",46,0,1,0,0,0,0,44.0634,-103.4077,44.0634,-103.4077,0,0,0,0,0,103,0,0,0
637907,2018,6,22,"2018-06-22","13:15:00",3,"SD",46,0,1.75,0,0,0,0,44.0645,-103.4,44.0645,-103.4,0,0,0,0,0,103,0,0,0
637908,2018,6,22,"2018-06-22","13:16:00",3,"SD",46,0,1.75,0,0,0,0,44.0645,-103.4,44.0645,-103.4,0,0,0,0,0,103,0,0,0
637909,2018,6,22,"2018-06-22","13:32:00",3,"SD",46,0,1,0,0,0,0,44.0595,-103.2585,44.0595,-103.2585,0,0,0,0,0,103,0,0,0
637910,2018,6,22,"2018-06-22","13:34:00",3,"SD",46,0,1.25,0,0,0,0,44.0112,-103.2889,44.0112,-103.2889,0,0,0,0,0,103,0,0,0
637911,2018,6,22,"2018-06-22","13:35:00",3,"SD",46,0,0.75,0,0,0,0,44.0728,-103.2111,44.0728,-103.2111,0,0,0,0,0,103,0,0,0
637912,2018,6,22,"2018-06-22","13:37:00",3,"SD",46,0,1.25,0,0,0,0,44.0288,-103.3012,44.0288,-103.3012,0,0,0,0,0,103,0,0,0
637913,2018,6,22,"2018-06-22","13:40:00",3,"SD",46,0,1.5,0,0,0,0,44.0112,-103.2889,44.0112,-103.2889,0,0,0,0,0,103,0,0,0
637914,2018,6,22,"2018-06-22","13:45:00",3,"SD",46,0,1,0,0,0,0,43.9877,-103.2671,43.9877,-103.2671,0,0,0,0,0,103,0,0,0
637915,2018,6,22,"2018-06-22","13:49:00",3,"SD",46,0,1.25,0,0,0,0,44.0221,-103.23,44.0221,-103.23,0,0,0,0,0,103,0,0,0
637916,2018,6,22,"2018-06-22","13:50:00",3,"CO",8,0,1,0,0,0,0,39.4306,-102.4187,39.4306,-102.4187,0,0,0,0,0,63,0,0,0
637917,2018,6,22,"2018-06-22","13:51:00",3,"SD",46,0,1.25,0,0,0,0,44.1005,-103.2585,44.1005,-103.2585,0,0,0,0,0,103,0,0,0
637918,2018,6,22,"2018-06-22","14:28:00",3,"SD",46,0,1.5,0,0,0,0,43.91,-103.2,43.91,-103.2,0,0,0,0,0,103,0,0,0
637919,2018,6,22,"2018-06-22","14:32:00",3,"LA",22,0,1,0,0,1000,5000,32.46,-91.5,32.46,-91.5,0,0,0,0,0,83,0,0,0
637920,2018,6,22,"2018-06-22","14:49:00",3,"NE",31,0,1.75,0,0,0,0,41.4,-103.08,41.4,-103.08,0,0,0,0,0,33,0,0,0
637921,2018,6,22,"2018-06-22","15:15:00",3,"SD",46,0,2,0,0,0,0,43.8012,-103.0603,43.8012,-103.0603,0,0,0,0,0,33,0,0,0
637922,2018,6,22,"2018-06-22","15:20:00",3,"WA",53,0,1,0,0,0,0,48.57,-117.93,48.57,-117.93,0,0,0,0,0,65,0,0,0
637923,2018,6,22,"2018-06-22","15:25:00",3,"CO",8,0,0.88,0,0,0,0,38.8537,-102.1778,38.8537,-102.1778,0,0,0,0,0,17,0,0,0
637924,2018,6,22,"2018-06-22","15:30:00",3,"KS",20,0,0.88,0,0,0,0,38.8714,-101.9825,38.8714,-101.9825,0,0,0,0,0,199,0,0,0
637925,2018,6,22,"2018-06-22","15:35:00",3,"KS",20,0,0.75,0,0,0,0,39.13,-100.85,39.13,-100.85,0,0,0,0,0,109,0,0,0
637926,2018,6,22,"2018-06-22","15:45:00",3,"SD",46,0,1,0,0,0,0,43.76,-102.98,43.76,-102.98,0,0,0,0,0,33,0,0,0
637927,2018,6,22,"2018-06-22","15:53:00",3,"KS",20,0,0.75,0,0,0,0,39.1199,-100.6303,39.1199,-100.6303,0,0,0,0,0,63,0,0,0
637928,2018,6,22,"2018-06-22","15:55:00",3,"SD",46,0,1,0,0,0,0,45.5767,-103.0958,45.5767,-103.0958,0,0,0,0,0,63,0,0,0
637929,2018,6,22,"2018-06-22","15:57:00",3,"VA",51,0,1,0,0,0,0,36.58,-77.91,36.58,-77.91,0,0,0,0,0,25,0,0,0
637930,2018,6,22,"2018-06-22","15:57:00",3,"NM",35,0,0.88,0,0,0,0,36.14,-103.13,36.14,-103.13,0,0,0,0,0,59,0,0,0
637931,2018,6,22,"2018-06-22","16:01:00",3,"OK",40,0,1.25,0,0,0,0,36.73,-102.61,36.73,-102.61,0,0,0,0,0,25,0,0,0
637932,2018,6,22,"2018-06-22","16:05:00",3,"AL",1,0,1,0,0,0,0,32.64,-86.15,32.64,-86.15,0,0,0,0,0,51,0,0,0
637933,2018,6,22,"2018-06-22","16:08:00",3,"CO",8,0,1.75,0,0,0,0,38.27,-102.32,38.27,-102.32,0,0,0,0,0,99,0,0,0
637934,2018,6,22,"2018-06-22","16:22:00",3,"NM",35,0,1.75,0,0,0,0,36.91,-103.73,36.91,-103.73,0,0,0,0,0,59,0,0,0
637935,2018,6,22,"2018-06-22","16:30:00",3,"CO",8,0,1.5,0,0,0,0,38.03,-102.12,38.03,-102.12,0,0,0,0,0,99,0,0,0
637936,2018,6,22,"2018-06-22","16:33:00",3,"CO",8,0,1,0,0,0,0,37.41,-102.62,37.41,-102.62,0,0,0,0,0,9,0,0,0
637937,2018,6,22,"2018-06-22","16:34:00",3,"OK",40,0,1,0,0,0,0,36.87,-102.17,36.87,-102.17,0,0,0,0,0,25,0,0,0
637938,2018,6,22,"2018-06-22","16:42:00",3,"KS",20,0,0.88,0,0,0,0,38.04,-102.04,38.04,-102.04,0,0,0,0,0,75,0,0,0
637939,2018,6,22,"2018-06-22","16:42:00",3,"TX",48,0,1.75,0,0,0,0,36.17,-102.11,36.17,-102.11,0,0,0,0,0,421,0,0,0
637940,2018,6,22,"2018-06-22","16:45:00",3,"SD",46,0,0.75,0,0,0,0,43.53,-102,43.53,-102,0,0,0,0,0,71,0,0,0
637941,2018,6,22,"2018-06-22","16:55:00",3,"SD",46,0,1.25,0,0,0,0,43.5245,-102.0184,43.5245,-102.0184,0,0,0,0,0,71,0,0,0
637942,2018,6,22,"2018-06-22","17:03:00",3,"TX",48,0,0.75,0,0,0,0,35.53,-102.26,35.53,-102.26,0,0,0,0,0,359,0,0,0
637943,2018,6,22,"2018-06-22","17:05:00",3,"TX",48,0,1,0,0,0,0,35.51,-102.25,35.51,-102.25,0,0,0,0,0,359,0,0,0
637944,2018,6,22,"2018-06-22","17:14:00",3,"TX",48,0,0.75,0,0,0,0,35.45,-102.11,35.45,-102.11,0,0,0,0,0,375,0,0,0
637945,2018,6,22,"2018-06-22","17:21:00",3,"TX",48,0,1,0,0,0,0,36.14,-101.88,36.14,-101.88,0,0,0,0,0,421,0,0,0
637946,2018,6,22,"2018-06-22","17:47:00",3,"OK",40,0,1.75,0,0,0,0,36.72,-101.08,36.72,-101.08,0,0,0,0,0,139,0,0,0
637947,2018,6,22,"2018-06-22","17:47:00",3,"OK",40,0,1.75,0,0,0,0,36.72,-101.81,36.72,-101.81,0,0,0,0,0,139,0,0,0
637948,2018,6,22,"2018-06-22","17:47:00",3,"WY",56,0,0.88,0,0,0,0,41.88,-104.09,41.88,-104.09,0,0,0,0,0,15,0,0,0
637949,2018,6,22,"2018-06-22","18:08:00",3,"NE",31,0,0.88,0,0,0,0,41.86,-103.67,41.86,-103.67,0,0,0,0,0,157,0,0,0
637950,2018,6,22,"2018-06-22","18:20:00",3,"SD",46,0,1,0,0,0,0,43.29,-101.56,43.29,-101.56,0,0,0,0,0,7,0,0,0
637951,2018,6,22,"2018-06-22","18:28:00",3,"SD",46,0,1,0,0,0,0,43.3121,-101.5065,43.3121,-101.5065,0,0,0,0,0,7,0,0,0
637952,2018,6,22,"2018-06-22","18:42:00",3,"WY",56,0,1.25,0,0,0,0,41.42,-104.27,41.42,-104.27,0,0,0,0,0,21,0,0,0
637953,2018,6,22,"2018-06-22","18:43:00",3,"SD",46,0,0.75,0,0,0,0,43.28,-102.1487,43.28,-102.1487,0,0,0,0,0,7,0,0,0
637954,2018,6,22,"2018-06-22","18:45:00",3,"TX",48,0,1.75,0,0,0,0,35.35,-101.42,35.35,-101.42,0,0,0,0,0,65,0,0,0
637955,2018,6,22,"2018-06-22","18:47:00",3,"WY",56,0,1,0,0,0,0,41.36,-104.09,41.36,-104.09,0,0,0,0,0,21,0,0,0
637956,2018,6,22,"2018-06-22","18:52:00",3,"TX",48,0,1.75,0,0,0,0,35.35,-101.39,35.35,-101.39,0,0,0,0,0,65,0,0,0
637957,2018,6,22,"2018-06-22","18:58:00",3,"TX",48,0,1,0,0,0,0,35.35,-101.37,35.35,-101.37,0,0,0,0,0,65,0,0,0
637958,2018,6,22,"2018-06-22","19:18:00",3,"TX",48,0,1,0,0,0,0,34.38,-102.7603,34.38,-102.7603,0,0,0,0,0,369,0,0,0
637959,2018,6,22,"2018-06-22","20:17:00",3,"TX",48,0,1.75,0,0,0,0,35.16,-100.6,35.16,-100.6,0,0,0,0,0,129,0,0,0
637960,2018,6,22,"2018-06-22","22:38:00",3,"OK",40,0,1.25,0,0,0,0,35.05,-99.51,35.05,-99.51,0,0,0,0,0,55,0,0,0
637961,2018,6,22,"2018-06-22","22:45:00",3,"OK",40,0,1,0,0,0,0,35.2,-97.24,35.2,-97.24,0,0,0,0,0,27,0,0,0
637962,2018,6,23,"2018-06-23","12:45:00",3,"VA",51,0,1,0,0,0,0,37.56,-76.33,37.56,-76.33,0,0,0,0,0,119,0,0,0
637963,2018,6,23,"2018-06-23","13:58:00",3,"KS",20,0,1.75,0,0,0,0,39.3699,-101.2042,39.3699,-101.2042,0,0,0,0,0,193,0,0,0
637964,2018,6,23,"2018-06-23","14:26:00",3,"KS",20,0,2,0,0,0,0,39.39,-101.05,39.39,-101.05,0,0,0,0,0,193,0,0,0
637965,2018,6,23,"2018-06-23","14:35:00",3,"KS",20,0,1,0,0,0,0,39.405,-101.0173,39.405,-101.0173,0,0,0,0,0,193,0,0,0
637966,2018,6,23,"2018-06-23","14:47:00",3,"CO",8,0,0.75,0,0,0,0,39.3033,-102.7439,39.3033,-102.7439,0,0,0,0,0,63,0,0,0
637967,2018,6,23,"2018-06-23","15:04:00",3,"KS",20,0,1.75,0,0,0,0,39.3169,-100.9075,39.3169,-100.9075,0,0,0,0,0,193,0,0,0
637968,2018,6,23,"2018-06-23","15:16:00",3,"CO",8,0,1.75,0,0,0,0,39.3023,-102.6047,39.3023,-102.6047,0,0,0,0,0,63,0,0,0
637969,2018,6,23,"2018-06-23","15:20:00",3,"CO",8,0,1.5,0,0,0,0,39.07,-103.63,39.07,-103.63,0,0,0,0,0,73,0,0,0
637970,2018,6,23,"2018-06-23","15:31:00",3,"CO",8,0,1,0,0,0,0,39.2996,-102.35,39.2996,-102.35,0,0,0,0,0,63,0,0,0
637971,2018,6,23,"2018-06-23","15:34:00",3,"KS",20,0,1.25,0,0,0,0,39.2809,-100.8547,39.2809,-100.8547,0,0,0,0,0,193,0,0,0
637972,2018,6,23,"2018-06-23","15:39:00",3,"KS",20,0,1,0,0,0,0,39.81,-101.04,39.81,-101.04,0,0,0,0,0,153,0,0,0
637973,2018,6,23,"2018-06-23","15:43:00",3,"CO",8,0,1.25,0,0,0,0,39.3729,-102.1476,39.3729,-102.1476,0,0,0,0,0,63,0,0,0
637974,2018,6,23,"2018-06-23","15:50:00",3,"KS",20,0,0.88,0,0,0,0,39.81,-101.04,39.81,-101.04,0,0,0,0,0,153,0,0,0
637975,2018,6,23,"2018-06-23","15:53:00",3,"KS",20,0,0.75,0,0,0,0,39.3664,-101.7918,39.3664,-101.7918,0,0,0,0,0,181,0,0,0
637976,2018,6,23,"2018-06-23","16:15:00",3,"KS",20,0,1,0,0,0,0,39.2069,-100.6793,39.2069,-100.6793,0,0,0,0,0,179,0,0,0
637977,2018,6,23,"2018-06-23","16:20:00",3,"CO",8,0,1.5,0,0,0,0,38.8,-103.34,38.8,-103.34,0,0,0,0,0,73,0,0,0
637978,2018,6,23,"2018-06-23","16:22:00",3,"CO",8,0,1.5,0,0,0,0,39.2478,-102.2649,39.2478,-102.2649,0,0,0,0,0,63,0,0,0
637979,2018,6,23,"2018-06-23","16:35:00",3,"AL",1,0,1.25,0,0,0,0,34.62,-87.64,34.62,-87.64,0,0,0,0,0,33,0,0,0
637980,2018,6,23,"2018-06-23","16:36:00",3,"KS",20,0,1,0,0,0,0,39.9146,-101.2453,39.9146,-101.2453,0,0,0,0,0,153,0,0,0
637981,2018,6,23,"2018-06-23","16:36:00",3,"KS",20,0,1,0,0,0,0,37.93,-100.72,37.93,-100.72,0,0,0,0,0,55,0,0,0
637982,2018,6,23,"2018-06-23","16:40:00",3,"AL",1,0,1,0,0,0,0,34.58,-87.65,34.58,-87.65,0,0,0,0,0,33,0,0,0
637983,2018,6,23,"2018-06-23","16:48:00",3,"NE",31,0,1,0,0,0,0,42.28,-97.19,42.28,-97.19,0,0,0,0,0,179,0,0,0
637984,2018,6,23,"2018-06-23","16:58:00",3,"NE",31,0,1,0,0,0,0,42.25,-97.11,42.25,-97.11,0,0,0,0,0,179,0,0,0
637985,2018,6,23,"2018-06-23","16:59:00",3,"NE",31,0,1.75,0,0,0,0,42.24,-97.38,42.24,-97.38,0,0,0,0,0,139,0,0,0
637986,2018,6,23,"2018-06-23","17:00:00",3,"KS",20,0,1.75,0,0,0,0,39.2064,-100.535,39.2064,-100.535,0,0,0,0,0,179,0,0,0
637987,2018,6,23,"2018-06-23","17:00:00",3,"NE",31,0,1.75,0,0,0,0,42.22,-97.31,42.22,-97.31,0,0,0,0,0,179,0,0,0
637988,2018,6,23,"2018-06-23","17:09:00",3,"CO",8,0,1.75,0,0,0,0,38.6674,-102.9934,38.6674,-102.9934,0,0,0,0,0,17,0,0,0
637989,2018,6,23,"2018-06-23","17:15:00",3,"WY",56,0,1,0,0,0,0,43.42,-106.28,43.42,-106.28,0,0,0,0,0,25,0,0,0
637990,2018,6,23,"2018-06-23","17:36:00",3,"CO",8,0,1,0,0,0,0,38.78,-103.59,38.78,-103.59,0,0,0,0,0,73,0,0,0
637991,2018,6,23,"2018-06-23","17:45:00",3,"CO",8,0,1,0,0,0,0,38.73,-103.55,38.73,-103.55,0,0,0,0,0,73,0,0,0
637992,2018,6,23,"2018-06-23","18:10:00",3,"NE",31,0,1,0,0,0,0,41.85,-103.66,41.85,-103.66,0,0,0,0,0,157,0,0,0
637993,2018,6,23,"2018-06-23","18:10:00",3,"NE",31,0,1,0,0,0,0,41.87,-103.68,41.87,-103.68,0,0,0,0,0,157,0,0,0
637994,2018,6,23,"2018-06-23","18:10:00",3,"CO",8,0,1,0,0,0,0,38.52,-102.88,38.52,-102.88,0,0,0,0,0,61,0,0,0
637995,2018,6,23,"2018-06-23","18:20:00",3,"NE",31,0,1.5,0,0,0,0,41.84,-97.05,41.84,-97.05,0,0,0,0,0,167,0,0,0
637996,2018,6,23,"2018-06-23","18:25:00",3,"TX",48,0,1.75,0,0,0,0,32.3653,-100.9552,32.3653,-100.9552,0,0,0,0,0,335,0,0,0
637997,2018,6,23,"2018-06-23","18:28:00",3,"NE",31,0,1.25,0,0,0,0,41.84,-97.05,41.84,-97.05,0,0,0,0,0,167,0,0,0
637998,2018,6,23,"2018-06-23","18:43:00",3,"TX",48,0,1.75,0,0,0,0,32.42,-100.7029,32.42,-100.7029,0,0,0,0,0,335,0,0,0
637999,2018,6,23,"2018-06-23","18:47:00",3,"TX",48,0,1.75,0,0,0,0,32.52,-100.54,32.52,-100.54,0,0,0,0,0,353,0,0,0
638000,2018,6,23,"2018-06-23","19:10:00",3,"OK",40,0,1.5,0,0,0,0,34.52,-99.13,34.52,-99.13,0,0,0,0,0,141,0,0,0
638001,2018,6,23,"2018-06-23","19:16:00",3,"TX",48,0,2.75,0,0,0,0,32.4,-100.85,32.4,-100.85,0,0,0,0,0,335,0,0,0
638002,2018,6,23,"2018-06-23","19:18:00",3,"TX",48,0,2.5,0,0,0,0,32.388,-100.8562,32.388,-100.8562,0,0,0,0,0,335,0,0,0
638003,2018,6,23,"2018-06-23","19:20:00",3,"OK",40,0,2,0,0,0,0,34.51,-99.08,34.51,-99.08,0,0,0,0,0,141,0,0,0
638004,2018,6,23,"2018-06-23","19:20:00",3,"NE",31,0,1.75,0,0,25000,175000,40.72,-99.7875,40.72,-99.7875,0,0,0,0,0,47,0,0,0
638005,2018,6,23,"2018-06-23","19:20:00",3,"TX",48,0,2.5,0,0,0,0,32.388,-100.8562,32.388,-100.8562,0,0,0,0,0,335,0,0,0
638006,2018,6,23,"2018-06-23","19:30:00",3,"SD",46,0,1.25,0,0,0,0,43.76,-97.52,43.76,-97.52,0,0,0,0,0,87,0,0,0
638007,2018,6,23,"2018-06-23","19:34:00",3,"OK",40,0,1.75,0,0,0,0,34.51,-98.87,34.51,-98.87,0,0,0,0,0,141,0,0,0
638008,2018,6,23,"2018-06-23","19:56:00",3,"TX",48,0,1.75,0,0,0,0,32.9042,-100.6808,32.9042,-100.6808,0,0,0,0,0,415,0,0,0
638009,2018,6,23,"2018-06-23","20:25:00",3,"OK",40,0,2,0,0,0,0,34.43,-98.85,34.43,-98.85,0,0,0,0,0,141,0,0,0
638010,2018,6,23,"2018-06-23","20:30:00",3,"OK",40,0,1.25,0,0,0,0,34.39,-98.75,34.39,-98.75,0,0,0,0,0,141,0,0,0
638011,2018,6,23,"2018-06-23","20:50:00",3,"TX",48,0,2.25,0,0,0,0,33.65,-98.78,33.65,-98.78,0,0,0,0,0,9,0,0,0
638012,2018,6,23,"2018-06-23","20:55:00",3,"TX",48,0,1.75,0,0,0,0,33.67,-98.78,33.67,-98.78,0,0,0,0,0,9,0,0,0
638013,2018,6,23,"2018-06-23","20:57:00",3,"TX",48,0,1,0,0,0,0,33.69,-98.75,33.69,-98.75,0,0,0,0,0,9,0,0,0
638014,2018,6,23,"2018-06-23","21:20:00",3,"NE",31,0,2.5,0,0,0,0,41.72,-97.38,41.72,-97.38,0,0,0,0,0,141,0,0,0
638015,2018,6,23,"2018-06-23","21:55:00",3,"KS",20,0,2.75,0,0,0,0,37.58,-101.51,37.58,-101.51,0,0,0,0,0,67,0,0,0
638016,2018,6,23,"2018-06-23","22:02:00",3,"TX",48,0,1.5,0,0,0,0,33.38,-98.76,33.38,-98.76,0,0,0,0,0,503,0,0,0
638017,2018,6,23,"2018-06-23","22:41:00",3,"TX",48,0,0.75,0,0,0,0,33.1,-98.6,33.1,-98.6,0,0,0,0,0,503,0,0,0
638018,2018,6,23,"2018-06-23","22:50:00",3,"OK",40,0,1.25,0,0,5000,0,35.5007,-96.3423,35.5007,-96.3423,0,0,0,0,0,107,0,0,0
638019,2018,6,23,"2018-06-23","22:59:00",3,"OK",40,0,1,0,0,0,0,35.5495,-96.3448,35.5495,-96.3448,0,0,0,0,0,107,0,0,0
638020,2018,6,23,"2018-06-23","23:26:00",3,"OK",40,0,1,0,0,0,0,35.9549,-96.0098,35.9549,-96.0098,0,0,0,0,0,143,0,0,0
638021,2018,6,23,"2018-06-23","23:42:00",3,"AR",5,0,0.75,0,0,0,0,34.87,-92.19,34.87,-92.19,0,0,0,0,0,119,0,0,0
638022,2018,6,23,"2018-06-23","23:50:00",3,"KS",20,0,1.75,0,0,0,0,38.8675,-101.9638,38.8675,-101.9638,0,0,0,0,0,199,0,0,0
638023,2018,6,24,"2018-06-24","00:16:00",3,"KS",20,0,1,0,0,0,0,39.0962,-102.0262,39.0962,-102.0262,0,0,0,0,0,199,0,0,0
638024,2018,6,24,"2018-06-24","00:26:00",3,"TX",48,0,0.75,0,0,0,0,32.75,-97.34,32.75,-97.34,0,0,0,0,0,439,0,0,0
638025,2018,6,24,"2018-06-24","00:39:00",3,"KS",20,0,1,0,0,0,0,39.1713,-102.0254,39.1713,-102.0254,0,0,0,0,0,181,0,0,0
638026,2018,6,24,"2018-06-24","00:45:00",3,"OK",40,0,2,0,0,15000,0,36.16,-95.3,36.16,-95.3,0,0,0,0,0,97,0,0,0
638027,2018,6,24,"2018-06-24","00:48:00",3,"OK",40,0,1.5,0,0,5000,0,36.1857,-95.3409,36.1857,-95.3409,0,0,0,0,0,97,0,0,0
638028,2018,6,24,"2018-06-24","01:00:00",3,"OK",40,0,1,0,0,0,0,36.2488,-95.2135,36.2488,-95.2135,0,0,0,0,0,97,0,0,0
638029,2018,6,24,"2018-06-24","01:17:00",3,"KS",20,0,1,0,0,0,0,39.2923,-101.7358,39.2923,-101.7358,0,0,0,0,0,181,0,0,0
638030,2018,6,24,"2018-06-24","01:21:00",3,"KS",20,0,1,0,0,0,0,39.3185,-101.727,39.3185,-101.727,0,0,0,0,0,181,0,0,0
638031,2018,6,24,"2018-06-24","01:50:00",3,"OK",40,0,1,0,0,0,0,35.075,-95.6899,35.075,-95.6899,0,0,0,0,0,121,0,0,0
638032,2018,6,24,"2018-06-24","03:11:00",3,"OK",40,0,1.25,0,0,5000,0,34.9278,-95.7162,34.9278,-95.7162,0,0,0,0,0,121,0,0,0
638033,2018,6,24,"2018-06-24","03:33:00",3,"OK",40,0,1.75,0,0,5000,0,35.18,-95.24,35.18,-95.24,0,0,0,0,0,61,0,0,0
638034,2018,6,24,"2018-06-24","04:09:00",3,"OK",40,0,1,0,0,0,0,34.9155,-95.97,34.9155,-95.97,0,0,0,0,0,121,0,0,0
638035,2018,6,24,"2018-06-24","04:25:00",3,"KS",20,0,1,0,0,0,0,38,-100.85,38,-100.85,0,0,0,0,0,55,0,0,0
638036,2018,6,24,"2018-06-24","04:27:00",3,"OK",40,0,1.25,0,0,5000,0,34.8355,-95.8463,34.8355,-95.8463,0,0,0,0,0,121,0,0,0
638037,2018,6,24,"2018-06-24","04:57:00",3,"AR",5,0,1.25,0,0,0,0,35.8,-91.13,35.8,-91.13,0,0,0,0,0,67,0,0,0
638038,2018,6,24,"2018-06-24","05:25:00",3,"KS",20,0,1.25,0,0,0,0,37.38,-100.01,37.38,-100.01,0,0,0,0,0,25,0,0,0
638039,2018,6,24,"2018-06-24","06:26:00",3,"AR",5,0,1,0,0,0,0,35.3,-93.87,35.3,-93.87,0,0,0,0,0,83,0,0,0
638040,2018,6,24,"2018-06-24","06:33:00",3,"OK",40,0,0.88,0,0,0,0,36.06,-98.59,36.06,-98.59,0,0,0,0,0,11,0,0,0
638041,2018,6,24,"2018-06-24","12:35:00",3,"CO",8,0,1,0,0,0,0,40.2,-104.69,40.2,-104.69,0,0,0,0,0,123,0,0,0
638042,2018,6,24,"2018-06-24","12:45:00",3,"CO",8,0,1,0,0,0,0,39.05,-104.74,39.05,-104.74,0,0,0,0,0,41,0,0,0
638043,2018,6,24,"2018-06-24","12:50:00",3,"CO",8,0,1,0,0,0,0,39.1,-104.87,39.1,-104.87,0,0,0,0,0,41,0,0,0
638044,2018,6,24,"2018-06-24","12:52:00",3,"CO",8,0,1.25,0,0,0,0,39.04,-104.84,39.04,-104.84,0,0,0,0,0,41,0,0,0
638045,2018,6,24,"2018-06-24","12:54:00",3,"CO",8,0,1,0,0,0,0,39.05,-104.81,39.05,-104.81,0,0,0,0,0,41,0,0,0
638046,2018,6,24,"2018-06-24","12:57:00",3,"CO",8,0,1,0,0,0,0,39.04,-104.8,39.04,-104.8,0,0,0,0,0,41,0,0,0
638047,2018,6,24,"2018-06-24","12:58:00",3,"CO",8,0,1.5,0,0,0,0,39.05,-104.74,39.05,-104.74,0,0,0,0,0,41,0,0,0
638048,2018,6,24,"2018-06-24","13:14:00",3,"CO",8,0,1,0,0,0,0,39.05,-104.6,39.05,-104.6,0,0,0,0,0,41,0,0,0
638049,2018,6,24,"2018-06-24","13:15:00",3,"CO",8,0,1,0,0,0,0,39.05,-104.6,39.05,-104.6,0,0,0,0,0,41,0,0,0
638050,2018,6,24,"2018-06-24","13:20:00",3,"CO",8,0,1,0,0,0,0,39.06,-104.6,39.06,-104.6,0,0,0,0,0,41,0,0,0
638051,2018,6,24,"2018-06-24","13:25:00",3,"KS",20,0,0.75,0,0,0,0,39.873,-101.9861,39.873,-101.9861,0,0,0,0,0,23,0,0,0
638052,2018,6,24,"2018-06-24","14:07:00",3,"KY",21,0,1,0,0,0,0,37.48,-87.83,37.48,-87.83,0,0,0,0,0,233,0,0,0
638053,2018,6,24,"2018-06-24","14:25:00",3,"IA",19,0,1,0,0,0,0,41.79,-94.61,41.79,-94.61,0,0,0,0,0,77,0,0,0
638054,2018,6,24,"2018-06-24","14:30:00",3,"CO",8,0,1.75,0,0,0,0,38.99,-105.05,38.99,-105.05,0,0,0,0,0,119,0,0,0
638055,2018,6,24,"2018-06-24","14:31:00",3,"VA",51,0,1,0,0,0,0,37.5681,-78.6256,37.5681,-78.6256,0,0,0,0,0,29,0,0,0
638056,2018,6,24,"2018-06-24","14:49:00",3,"CO",8,0,1,0,0,0,0,38.91,-104.86,38.91,-104.86,0,0,0,0,0,41,0,0,0
638057,2018,6,24,"2018-06-24","14:50:00",3,"CO",8,0,1,0,0,0,0,38.9,-104.85,38.9,-104.85,0,0,0,0,0,41,0,0,0
638058,2018,6,24,"2018-06-24","14:53:00",3,"CO",8,0,2,0,0,0,0,38.88,-104.83,38.88,-104.83,0,0,0,0,0,41,0,0,0
638059,2018,6,24,"2018-06-24","15:06:00",3,"IA",19,0,0.88,0,0,0,0,42.75,-96.01,42.75,-96.01,0,0,0,0,0,149,0,0,0
638060,2018,6,24,"2018-06-24","15:10:00",3,"CO",8,0,1,0,0,0,0,39.13,-103.58,39.13,-103.58,0,0,0,0,0,73,0,0,0
638061,2018,6,24,"2018-06-24","15:43:00",3,"IA",19,0,0.75,0,0,0,0,42.8,-95.97,42.8,-95.97,0,0,0,0,0,149,0,0,0
638062,2018,6,24,"2018-06-24","15:45:00",3,"PA",42,0,1,0,0,0,0,41.65,-75.47,41.65,-75.47,0,0,0,0,0,115,0,0,0
638063,2018,6,24,"2018-06-24","15:56:00",3,"NE",31,0,1,0,0,0,0,42.12,-97.46,42.12,-97.46,0,0,0,0,0,139,0,0,0
638064,2018,6,24,"2018-06-24","15:58:00",3,"CO",8,0,1,0,0,0,0,38.8,-104.17,38.8,-104.17,0,0,0,0,0,41,0,0,0
638065,2018,6,24,"2018-06-24","16:10:00",3,"CO",8,0,1,0,0,0,0,39.3011,-102.6047,39.3011,-102.6047,0,0,0,0,0,63,0,0,0
638066,2018,6,24,"2018-06-24","16:26:00",3,"IA",19,0,0.88,0,0,0,0,43.37,-95.19,43.37,-95.19,0,0,0,0,0,59,0,0,0
638067,2018,6,24,"2018-06-24","16:40:00",3,"NC",37,0,1,0,0,0,0,34.75,-77.42,34.75,-77.42,0,0,0,0,0,133,0,0,0
638068,2018,6,24,"2018-06-24","16:50:00",3,"SD",46,0,0.88,0,0,0,0,45.72,-97.05,45.72,-97.05,0,0,0,0,0,109,0,0,0
638069,2018,6,24,"2018-06-24","16:52:00",3,"NC",37,0,1,0,0,0,0,34.7767,-77.4335,34.7767,-77.4335,0,0,0,0,0,133,0,0,0
638070,2018,6,24,"2018-06-24","16:58:00",3,"SD",46,0,0.88,0,0,0,0,45.83,-97.06,45.83,-97.06,0,0,0,0,0,109,0,0,0
638071,2018,6,24,"2018-06-24","17:04:00",3,"KS",20,0,0.75,0,0,0,0,39.2915,-101.7629,39.2915,-101.7629,0,0,0,0,0,181,0,0,0
638072,2018,6,24,"2018-06-24","17:04:00",3,"KS",20,0,0.75,0,0,0,0,39.478,-101.316,39.478,-101.316,0,0,0,0,0,193,0,0,0
638073,2018,6,24,"2018-06-24","17:14:00",3,"IA",19,0,0.88,0,0,0,0,42.92,-95.34,42.92,-95.34,0,0,0,0,0,41,0,0,0
638074,2018,6,24,"2018-06-24","18:00:00",3,"NM",35,0,1.5,0,0,0,0,36.8,-103.88,36.8,-103.88,0,0,0,0,0,59,0,0,0
638075,2018,6,24,"2018-06-24","18:05:00",3,"NE",31,0,1,0,0,0,0,41.57,-96.9,41.57,-96.9,0,0,0,0,0,53,0,0,0
638076,2018,6,24,"2018-06-24","18:22:00",3,"NE",31,0,1,0,0,0,0,40.64,-97.45,40.64,-97.45,0,0,0,0,0,59,0,0,0
638077,2018,6,24,"2018-06-24","18:39:00",3,"KS",20,0,0.75,0,0,0,0,38.9584,-100.5527,38.9584,-100.5527,0,0,0,0,0,63,0,0,0
638078,2018,6,24,"2018-06-24","19:58:00",3,"NC",37,0,1,0,0,0,0,34.75,-77.42,34.75,-77.42,0,0,0,0,0,133,0,0,0
638079,2018,6,24,"2018-06-24","20:00:00",3,"NC",37,0,1.5,0,0,0,0,34.8034,-77.5011,34.8034,-77.5011,0,0,0,0,0,133,0,0,0
638080,2018,6,24,"2018-06-24","20:06:00",3,"SC",45,0,0.75,0,0,0,0,33.5068,-81.8566,33.5068,-81.8566,0,0,0,0,0,3,0,0,0
638081,2018,6,24,"2018-06-24","20:10:00",3,"SC",45,0,0.88,0,0,100,100,33.48,-81.95,33.48,-81.95,0,0,0,0,0,3,0,0,0
638082,2018,6,24,"2018-06-24","20:36:00",3,"OK",40,0,1.25,0,0,0,0,36.61,-101.19,36.61,-101.19,0,0,0,0,0,139,0,0,0
638083,2018,6,24,"2018-06-24","20:43:00",3,"OK",40,0,2.75,0,0,0,0,36.84,-100.52,36.84,-100.52,0,0,0,0,0,7,0,0,0
638084,2018,6,24,"2018-06-24","20:53:00",3,"OK",40,0,1.75,0,0,0,0,36.81,-100.51,36.81,-100.51,0,0,0,0,0,7,0,0,0
638085,2018,6,24,"2018-06-24","21:13:00",3,"OK",40,0,1.75,0,0,0,0,36.7,-102.51,36.7,-102.51,0,0,0,0,0,25,0,0,0
638086,2018,6,24,"2018-06-24","21:28:00",3,"OK",40,0,1.5,0,0,0,0,36.73,-102.49,36.73,-102.49,0,0,0,0,0,25,0,0,0
638087,2018,6,24,"2018-06-24","23:32:00",3,"OK",40,0,1,0,0,0,0,36.16,-98.92,36.16,-98.92,0,0,0,0,0,93,0,0,0
638088,2018,6,24,"2018-06-24","23:54:00",3,"KS",20,0,0.88,0,0,0,0,37.56,-97.51,37.56,-97.51,0,0,0,0,0,173,0,0,0
638089,2018,6,25,"2018-06-25","01:19:00",3,"KS",20,0,0.75,0,0,0,0,37.06,-97.04,37.06,-97.04,0,0,0,0,0,35,0,0,0
638090,2018,6,25,"2018-06-25","02:10:00",3,"TX",48,0,1.25,0,0,0,0,35.25,-102.43,35.25,-102.43,0,0,0,0,0,359,0,0,0
638091,2018,6,25,"2018-06-25","02:11:00",3,"TX",48,0,0.88,0,0,0,0,35.25,-102.43,35.25,-102.43,0,0,0,0,0,359,0,0,0
638092,2018,6,25,"2018-06-25","11:15:00",3,"TN",47,0,1,0,0,0,0,35.74,-84.36,35.74,-84.36,0,0,0,0,0,105,0,0,0
638093,2018,6,25,"2018-06-25","12:30:00",3,"SC",45,0,1.25,0,0,0,0,35.05,-82.139,35.05,-82.139,0,0,0,0,0,83,0,0,0
638094,2018,6,25,"2018-06-25","12:32:00",3,"GA",13,0,1,0,0,0,0,34.79,-84.77,34.79,-84.77,0,0,0,0,0,213,0,0,0
638095,2018,6,25,"2018-06-25","12:42:00",3,"SC",45,0,1,0,0,0,0,35.05,-82.09,35.05,-82.09,0,0,0,0,0,83,0,0,0
638096,2018,6,25,"2018-06-25","13:45:00",3,"NC",37,0,1,0,0,0,0,34.9747,-79.1195,34.9747,-79.1195,0,0,0,0,0,93,0,0,0
638097,2018,6,25,"2018-06-25","13:52:00",3,"SC",45,0,0.75,0,0,0,0,34.54,-80.94,34.54,-80.94,0,0,0,0,0,39,0,0,0
638098,2018,6,25,"2018-06-25","13:57:00",3,"SC",45,0,1,0,0,0,0,34.5,-79.96,34.5,-79.96,0,0,0,0,0,25,0,0,0
638099,2018,6,25,"2018-06-25","14:35:00",3,"NC",37,0,0.75,0,0,0,0,35.03,-78.94,35.03,-78.94,0,0,0,0,0,51,0,0,0
638100,2018,6,25,"2018-06-25","14:35:00",3,"NC",37,0,1.5,0,0,0,0,35.07,-78.89,35.07,-78.89,0,0,0,0,0,51,0,0,0
638101,2018,6,25,"2018-06-25","14:42:00",3,"SC",45,0,0.75,0,0,0,0,32.17,-81.07,32.17,-81.07,0,0,0,0,0,53,0,0,0
638102,2018,6,25,"2018-06-25","15:04:00",3,"GA",13,0,0.88,0,0,0,0,32.1,-81.17,32.1,-81.17,0,0,0,0,0,51,0,0,0
638103,2018,6,25,"2018-06-25","15:04:00",3,"GA",13,0,0.88,0,0,0,0,32.14,-81.16,32.14,-81.16,0,0,0,0,0,51,0,0,0
638104,2018,6,25,"2018-06-25","15:05:00",3,"SC",45,0,1.75,0,0,0,0,34.67,-80.36,34.67,-80.36,0,0,0,0,0,25,0,0,0
638105,2018,6,25,"2018-06-25","15:07:00",3,"SC",45,0,0.88,0,0,0,0,34.42,-81.05,34.42,-81.05,0,0,0,0,0,39,0,0,0
638106,2018,6,25,"2018-06-25","15:25:00",3,"NC",37,0,0.75,0,0,0,0,34.85,-79.44,34.85,-79.44,0,0,0,0,0,165,0,0,0
638107,2018,6,25,"2018-06-25","15:30:00",3,"NC",37,0,1.5,0,0,0,0,35.1,-79.26,35.1,-79.26,0,0,0,0,0,93,0,0,0
638108,2018,6,25,"2018-06-25","15:50:00",3,"NC",37,0,1,0,0,0,0,34.73,-79.46,34.73,-79.46,0,0,0,0,0,165,0,0,0
638109,2018,6,25,"2018-06-25","16:10:00",3,"SC",45,0,1,0,0,0,0,34.985,-82.246,34.942,-82.226,0,0,0,0,0,45,0,0,0
638110,2018,6,25,"2018-06-25","16:32:00",3,"SC",45,0,1.75,0,0,0,0,34.85,-81.96,34.85,-81.96,0,0,0,0,0,83,0,0,0
638111,2018,6,25,"2018-06-25","16:55:00",3,"SC",45,0,0.88,0,0,0,0,33.94,-81.16,33.94,-81.16,0,0,0,0,0,63,0,0,0
638112,2018,6,25,"2018-06-25","16:59:00",3,"SC",45,0,1,0,0,0,0,33.945,-81.1684,33.945,-81.1684,0,0,0,0,0,63,0,0,0
638113,2018,6,25,"2018-06-25","17:49:00",3,"GA",13,0,0.75,0,0,0,0,33.45,-82.21,33.45,-82.21,0,0,0,0,0,73,0,0,0
638114,2018,6,25,"2018-06-25","17:58:00",3,"MO",29,0,1.5,0,0,0,0,38.63,-91.07,38.6285,-91.0578,0,0,0,0,0,219,0,0,0
638115,2018,6,26,"2018-06-26","00:52:00",3,"MO",29,0,1,0,0,0,0,37.86,-92.4,37.86,-92.4,0,0,0,0,0,169,0,0,0
638116,2018,6,26,"2018-06-26","06:34:00",3,"KS",20,0,1.25,0,0,0,0,38.9,-99.92,38.9,-99.92,0,0,0,0,0,195,0,0,0
638117,2018,6,26,"2018-06-26","06:52:00",3,"KS",20,0,1,0,0,0,0,38.43,-99.73,38.43,-99.73,0,0,0,0,0,135,0,0,0
638118,2018,6,26,"2018-06-26","07:15:00",3,"KS",20,0,2,0,0,0,0,38.2,-99.08,38.2,-99.08,0,0,0,0,0,145,0,0,0
638119,2018,6,26,"2018-06-26","07:18:00",3,"KS",20,0,1,0,0,0,0,38.25,-99.04,38.25,-99.04,0,0,0,0,0,145,0,0,0
638120,2018,6,26,"2018-06-26","07:29:00",3,"KS",20,0,1,0,0,0,0,38.59,-99.49,38.59,-99.49,0,0,0,0,0,165,0,0,0
638121,2018,6,26,"2018-06-26","07:33:00",3,"MO",29,0,0.75,0,0,0,0,38.58,-93.75,38.58,-93.75,0,0,0,0,0,101,0,0,0
638122,2018,6,26,"2018-06-26","07:45:00",3,"KS",20,0,1,0,0,0,0,37.96,-99,37.96,-99,0,0,0,0,0,185,0,0,0
638123,2018,6,26,"2018-06-26","07:46:00",3,"KS",20,0,1.5,0,0,0,0,37.98,-98.97,37.98,-98.97,0,0,0,0,0,185,0,0,0
638124,2018,6,26,"2018-06-26","07:55:00",3,"KS",20,0,0.75,0,0,0,0,38.85,-98.98,38.85,-98.98,0,0,0,0,0,167,0,0,0
638125,2018,6,26,"2018-06-26","07:55:00",3,"KS",20,0,1.75,0,0,0,0,38.29,-98.84,38.29,-98.84,0,0,0,0,0,9,0,0,0
638126,2018,6,26,"2018-06-26","08:01:00",3,"IL",17,0,0.75,0,0,0,0,37.499,-89.25,37.499,-89.25,0,0,0,0,0,181,0,0,0
638127,2018,6,26,"2018-06-26","08:18:00",3,"KS",20,0,1,0,0,0,0,38.76,-99.17,38.76,-99.17,0,0,0,0,0,51,0,0,0
638128,2018,6,26,"2018-06-26","11:52:00",3,"KS",20,0,1,0,0,0,0,38.9711,-94.7235,38.9711,-94.7235,0,0,0,0,0,91,0,0,0
638129,2018,6,26,"2018-06-26","11:58:00",3,"KS",20,0,1,0,0,0,0,38.9,-94.83,38.9,-94.83,0,0,0,0,0,91,0,0,0
638130,2018,6,26,"2018-06-26","12:10:00",3,"MO",29,0,1.75,0,0,0,0,37.71,-91.87,37.71,-91.87,0,0,0,0,0,161,0,0,0
638131,2018,6,26,"2018-06-26","12:12:00",3,"MO",29,0,1,0,0,0,0,38.96,-93.42,38.96,-93.42,0,0,0,0,0,195,0,0,0
638132,2018,6,26,"2018-06-26","12:26:00",3,"SC",45,0,0.75,0,0,0,0,34.931,-83.016,34.931,-83.016,0,0,0,0,0,73,0,0,0
638133,2018,6,26,"2018-06-26","12:45:00",3,"MO",29,0,1,0,0,0,0,37.66,-91.99,37.66,-91.99,0,0,0,0,0,161,0,0,0
638134,2018,6,26,"2018-06-26","12:53:00",3,"KY",21,0,1,0,0,0,0,36.82,-84.02,36.82,-84.02,0,0,0,0,0,121,0,0,0
638135,2018,6,26,"2018-06-26","12:55:00",3,"MO",29,0,1,0,0,0,0,38.76,-93.74,38.76,-93.74,0,0,0,0,0,101,0,0,0
638136,2018,6,26,"2018-06-26","13:01:00",3,"MO",29,0,1.75,0,0,0,0,38.76,-93.74,38.76,-93.74,0,0,0,0,0,101,0,0,0
638137,2018,6,26,"2018-06-26","13:20:00",3,"FL",12,0,0.75,0,0,0,0,30.11,-81.62,30.11,-81.62,0,0,0,0,0,109,0,0,0
638138,2018,6,26,"2018-06-26","14:10:00",3,"TN",47,0,1.75,0,0,0,0,36.37,-84.13,36.37,-84.13,0,0,0,0,0,13,0,0,0
638139,2018,6,26,"2018-06-26","14:20:00",3,"TN",47,0,1,0,0,0,0,36.26,-83.2,36.26,-83.2,0,0,0,0,0,63,0,0,0
638140,2018,6,26,"2018-06-26","14:20:00",3,"TN",47,0,1,0,0,0,0,35.97,-83.95,35.97,-83.95,0,0,0,0,0,93,0,0,0
638141,2018,6,26,"2018-06-26","15:11:00",3,"ND",38,0,0.88,0,0,0,0,48.82,-101.85,48.82,-101.85,0,0,0,0,0,75,0,0,0
638142,2018,6,26,"2018-06-26","15:20:00",3,"TN",47,0,1,0,0,0,0,35.97,-83.95,35.97,-83.95,0,0,0,0,0,93,0,0,0
638143,2018,6,26,"2018-06-26","15:32:00",3,"SC",45,0,1,0,0,0,0,34.45,-82.11,34.45,-82.11,0,0,0,0,0,59,0,0,0
638144,2018,6,26,"2018-06-26","15:40:00",3,"MO",29,0,0.88,0,0,0,0,37.38,-89.67,37.38,-89.67,0,0,0,0,0,31,0,0,0
638145,2018,6,26,"2018-06-26","15:44:00",3,"MO",29,0,0.75,0,0,0,0,37.77,-92.3,37.77,-92.3,0,0,0,0,0,169,0,0,0
638146,2018,6,26,"2018-06-26","15:49:00",3,"IL",17,0,0.88,0,0,0,0,37.6621,-89.22,37.6621,-89.22,0,0,0,0,0,77,0,0,0
638147,2018,6,26,"2018-06-26","15:55:00",3,"ND",38,0,1,0,0,0,0,48.83,-101.62,48.83,-101.62,0,0,0,0,0,75,0,0,0
638148,2018,6,26,"2018-06-26","15:55:00",3,"ND",38,0,1,0,0,0,0,48.82,-101.85,48.82,-101.85,0,0,0,0,0,75,0,0,0
638149,2018,6,26,"2018-06-26","16:36:00",3,"MO",29,0,1.5,0,0,0,0,37,-91.02,37,-91.02,0,0,0,0,0,35,0,0,0
638150,2018,6,26,"2018-06-26","16:36:00",3,"MT",30,0,0.88,0,0,0,0,45.57,-109.33,45.57,-109.33,0,0,0,0,0,95,0,0,0
638151,2018,6,26,"2018-06-26","16:47:00",3,"MT",30,0,1,0,0,0,0,45.55,-109.22,45.55,-109.22,0,0,0,0,0,95,0,0,0
638152,2018,6,26,"2018-06-26","16:49:00",3,"IL",17,0,0.75,0,0,0,0,37.0902,-89.1572,37.0902,-89.1572,0,0,0,0,0,153,0,0,0
638153,2018,6,26,"2018-06-26","17:05:00",3,"MO",29,0,0.88,0,0,0,0,36.93,-90.75,36.93,-90.75,0,0,0,0,0,35,0,0,0
638154,2018,6,26,"2018-06-26","17:35:00",3,"KS",20,0,1,0,0,0,0,37.94,-97.02,37.94,-97.02,0,0,0,0,0,15,0,0,0
638155,2018,6,26,"2018-06-26","17:50:00",3,"KS",20,0,1,0,0,0,0,37.91,-96.91,37.91,-96.91,0,0,0,0,0,15,0,0,0
638156,2018,6,26,"2018-06-26","17:53:00",3,"ND",38,0,1.5,0,0,0,0,46.37,-103.32,46.37,-103.32,0,0,0,0,0,87,0,0,0
638157,2018,6,26,"2018-06-26","18:09:00",3,"KS",20,0,1.25,0,0,0,0,37.82,-96.86,37.82,-96.86,0,0,0,0,0,15,0,0,0
638158,2018,6,26,"2018-06-26","18:12:00",3,"ND",38,0,1,0,0,0,0,46.88,-102.79,46.88,-102.79,0,0,0,0,0,89,0,0,0
638159,2018,6,26,"2018-06-26","18:15:00",3,"ND",38,0,1,0,0,0,0,48.26,-101.48,48.26,-101.48,0,0,0,0,0,101,0,0,0
638160,2018,6,26,"2018-06-26","18:28:00",3,"KS",20,0,1.5,0,0,0,0,37.82,-96.86,37.82,-96.86,0,0,0,0,0,15,0,0,0
638161,2018,6,26,"2018-06-26","18:42:00",3,"ND",38,0,0.88,0,0,0,0,47.1,-102.41,47.1,-102.41,0,0,0,0,0,25,0,0,0
638162,2018,6,26,"2018-06-26","18:46:00",3,"ND",38,0,1,0,0,0,0,46.14,-103.39,46.14,-103.39,0,0,0,0,0,11,0,0,0
638163,2018,6,26,"2018-06-26","18:48:00",3,"ND",38,0,1.75,0,0,0,0,46.17,-103.39,46.17,-103.39,0,0,0,0,0,11,0,0,0
638164,2018,6,26,"2018-06-26","18:50:00",3,"KS",20,0,2.5,0,0,0,0,37.82,-96.89,37.82,-96.89,0,0,0,0,0,15,0,0,0
638165,2018,6,26,"2018-06-26","18:50:00",3,"ND",38,0,1,0,0,0,0,47.14,-102.28,47.14,-102.28,0,0,0,0,0,25,0,0,0
638166,2018,6,26,"2018-06-26","18:51:00",3,"KS",20,0,1.75,0,0,0,0,37.82,-96.86,37.82,-96.86,0,0,0,0,0,15,0,0,0
638167,2018,6,26,"2018-06-26","18:51:00",3,"ND",38,0,0.88,0,0,0,0,46.18,-103.4,46.18,-103.4,0,0,0,0,0,11,0,0,0
638168,2018,6,26,"2018-06-26","18:58:00",3,"KS",20,0,2.75,0,0,0,0,37.82,-96.86,37.82,-96.86,0,0,0,0,0,15,0,0,0
638169,2018,6,26,"2018-06-26","19:05:00",3,"KS",20,0,2,0,0,0,0,37.91,-94.99,37.91,-94.99,0,0,0,0,0,11,0,0,0
638170,2018,6,26,"2018-06-26","19:08:00",3,"KS",20,0,1.25,0,0,0,0,37.69,-97.05,37.69,-97.05,0,0,0,0,0,15,0,0,0
638171,2018,6,26,"2018-06-26","19:11:00",3,"KS",20,0,1,0,0,0,0,37.69,-96.98,37.69,-96.98,0,0,0,0,0,15,0,0,0
638172,2018,6,26,"2018-06-26","19:27:00",3,"ND",38,0,2.75,0,0,70000,0,46,-102.91,46,-102.91,0,0,0,0,0,1,0,0,0
638173,2018,6,26,"2018-06-26","19:34:00",3,"ND",38,0,0.88,0,0,0,0,46.9,-102.05,46.9,-102.05,0,0,0,0,0,59,0,0,0
638174,2018,6,26,"2018-06-26","19:45:00",3,"ND",38,0,1.25,0,0,0,0,46,-102.64,46,-102.64,0,0,0,0,0,1,0,0,0
638175,2018,6,26,"2018-06-26","19:50:00",3,"ND",38,0,1,0,0,0,0,46.96,-101.83,46.96,-101.83,0,0,0,0,0,59,0,0,0
638176,2018,6,26,"2018-06-26","19:53:00",3,"ND",38,0,1,0,0,0,0,46,-102.64,46,-102.64,0,0,0,0,0,1,0,0,0
638177,2018,6,26,"2018-06-26","19:56:00",3,"SD",46,0,1.5,0,0,0,0,45.94,-102.65,45.94,-102.65,0,0,0,0,0,105,0,0,0
638178,2018,6,26,"2018-06-26","20:00:00",3,"ND",38,0,1.75,0,0,0,0,47.3,-101.79,47.3,-101.79,0,0,0,0,0,57,0,0,0
638179,2018,6,26,"2018-06-26","20:30:00",3,"KS",20,0,1,0,0,0,0,37.97,-96.86,37.97,-96.86,0,0,0,0,0,15,0,0,0
638180,2018,6,26,"2018-06-26","20:33:00",3,"KS",20,0,2.5,0,0,0,0,37.8,-97.4,37.8,-97.4,0,0,0,0,0,173,0,0,0
638181,2018,6,26,"2018-06-26","20:37:00",3,"KS",20,0,1.25,0,0,0,0,37.76,-97.46,37.76,-97.46,0,0,0,0,0,173,0,0,0
638182,2018,6,26,"2018-06-26","20:40:00",3,"KS",20,0,2.5,0,0,0,0,37.77,-97.46,37.77,-97.46,0,0,0,0,0,173,0,0,0
638183,2018,6,26,"2018-06-26","20:41:00",3,"KS",20,0,1,0,0,0,0,37.78,-97.54,37.78,-97.54,0,0,0,0,0,173,0,0,0
638184,2018,6,26,"2018-06-26","21:11:00",3,"KS",20,0,0.75,0,0,0,0,37.54,-96.64,37.54,-96.64,0,0,0,0,0,15,0,0,0
638185,2018,6,26,"2018-06-26","21:11:00",3,"KS",20,0,1.25,0,0,0,0,37.72,-97.73,37.72,-97.73,0,0,0,0,0,173,0,0,0
638186,2018,6,26,"2018-06-26","21:27:00",3,"KS",20,0,1.5,0,0,0,0,37.61,-97.63,37.61,-97.63,0,0,0,0,0,173,0,0,0
638187,2018,6,26,"2018-06-26","21:40:00",3,"KS",20,0,1,0,0,0,0,37.56,-97.51,37.56,-97.51,0,0,0,0,0,173,0,0,0
638188,2018,6,26,"2018-06-26","21:50:00",3,"KS",20,0,1.75,0,0,0,0,37.51,-95.8,37.51,-95.8,0,0,0,0,0,205,0,0,0
638189,2018,6,26,"2018-06-26","22:00:00",3,"KS",20,0,0.88,0,0,0,0,37.48,-97.64,37.48,-97.64,0,0,0,0,0,173,0,0,0
638190,2018,6,26,"2018-06-26","22:18:00",3,"KS",20,0,1,0,0,0,0,37.46,-97.64,37.46,-97.64,0,0,0,0,0,191,0,0,0
638191,2018,6,26,"2018-06-26","22:25:00",3,"ND",38,0,1.75,0,0,60000,40000,46.11,-102.95,46.11,-102.95,0,0,0,0,0,1,0,0,0
638192,2018,6,26,"2018-06-26","22:30:00",3,"ND",38,0,1,0,0,0,0,46.03,-103.39,46.03,-103.39,0,0,0,0,0,11,0,0,0
638193,2018,6,26,"2018-06-26","22:48:00",3,"ND",38,0,1.75,0,0,5e+05,250000,46.01,-102.64,46.01,-102.64,0,0,0,0,0,1,0,0,0
638194,2018,6,26,"2018-06-26","23:07:00",3,"SD",46,0,1,0,0,0,0,45.79,-102.94,45.79,-102.94,0,0,0,0,0,105,0,0,0
638195,2018,6,26,"2018-06-26","23:10:00",3,"ND",38,0,1,0,0,0,0,45.97,-102.47,45.97,-102.47,0,0,0,0,0,1,0,0,0
638196,2018,6,27,"2018-06-27","00:05:00",3,"SD",46,0,1,0,0,0,0,45.35,-103.26,45.35,-103.26,0,0,0,0,0,63,0,0,0
638197,2018,6,27,"2018-06-27","00:15:00",3,"SD",46,0,1.75,0,0,0,0,45.31,-103.14,45.31,-103.14,0,0,0,0,0,63,0,0,0
638198,2018,6,27,"2018-06-27","00:20:00",3,"SD",46,0,1.25,0,0,0,0,45.27,-103.05,45.27,-103.05,0,0,0,0,0,63,0,0,0
638199,2018,6,27,"2018-06-27","01:10:00",3,"SD",46,0,3.5,0,0,0,0,44.9512,-102.5523,44.9512,-102.5523,0,0,0,0,0,93,0,0,0
638200,2018,6,27,"2018-06-27","01:15:00",3,"SD",46,0,1.75,0,0,0,0,44.9,-102.4596,44.9,-102.4596,0,0,0,0,0,93,0,0,0
638201,2018,6,27,"2018-06-27","01:30:00",3,"SD",46,0,2.5,0,0,0,0,44.79,-102.21,44.79,-102.21,0,0,0,0,0,93,0,0,0
638202,2018,6,27,"2018-06-27","02:10:00",3,"SD",46,0,1.5,0,0,0,0,44.915,-100.793,44.837,-100.7104,0,0,0,0,0,41,0,0,0
638203,2018,6,27,"2018-06-27","02:15:00",3,"SD",46,0,1,0,0,0,0,44.7,-100.58,44.7,-100.58,0,0,0,0,0,119,0,0,0
638204,2018,6,27,"2018-06-27","02:25:00",3,"SD",46,0,1.75,0,0,0,0,44.8002,-100.6901,44.55,-100.35,0,0,0,0,0,119,0,0,0
638205,2018,6,27,"2018-06-27","02:30:00",3,"SD",46,0,1,0,0,0,0,44.54,-101.53,44.54,-101.53,0,0,0,0,0,55,0,0,0
638206,2018,6,27,"2018-06-27","03:16:00",3,"SD",46,0,1,0,0,0,0,44.6436,-101.8456,44.6436,-101.8456,0,0,0,0,0,137,0,0,0
638207,2018,6,27,"2018-06-27","03:20:00",3,"SD",46,0,1,0,0,0,0,44.29,-100.44,44.29,-100.44,0,0,0,0,0,117,0,0,0
638208,2018,6,27,"2018-06-27","03:30:00",3,"SD",46,0,1.75,0,0,0,0,44.55,-100.35,44.2,-99.7101,0,0,0,0,0,65,0,0,0
638209,2018,6,27,"2018-06-27","04:05:00",3,"SD",46,0,1,0,0,0,0,44.09,-99.58,44.09,-99.58,0,0,0,0,0,85,0,0,0
638210,2018,6,27,"2018-06-27","05:20:00",3,"SD",46,0,1,0,0,0,0,43.95,-99.81,43.95,-99.81,0,0,0,0,0,85,0,0,0
638211,2018,6,27,"2018-06-27","05:32:00",3,"SD",46,0,1,0,0,0,0,44.29,-100.44,44.29,-100.44,0,0,0,0,0,117,0,0,0
638212,2018,6,27,"2018-06-27","05:38:00",3,"SD",46,0,1.25,0,0,0,0,44.1,-100.05,44.1,-100.05,0,0,0,0,0,85,0,0,0
638213,2018,6,27,"2018-06-27","05:42:00",3,"SD",46,0,1,0,0,0,0,43.54,-98.59,43.54,-98.59,0,0,0,0,0,3,0,0,0
638214,2018,6,27,"2018-06-27","05:48:00",3,"SD",46,0,1,0,0,0,0,43.87,-99.38,43.87,-99.38,0,0,0,0,0,85,0,0,0
638215,2018,6,27,"2018-06-27","06:10:00",3,"SD",46,0,1.25,0,0,0,0,44.03,-100.03,44.03,-100.03,0,0,0,0,0,85,0,0,0
638216,2018,6,27,"2018-06-27","06:36:00",3,"SD",46,0,1.5,0,0,0,0,43.95,-99.81,43.95,-99.81,0,0,0,0,0,85,0,0,0
638217,2018,6,27,"2018-06-27","07:23:00",3,"SD",46,0,1.75,0,0,0,0,43.8,-99.38,43.8,-99.38,0,0,0,0,0,85,0,0,0
638218,2018,6,27,"2018-06-27","07:32:00",3,"SD",46,0,1,0,0,0,0,43.73,-99.31,43.73,-99.31,0,0,0,0,0,15,0,0,0
638219,2018,6,27,"2018-06-27","07:46:00",3,"SD",46,0,0.75,0,0,0,0,43.7,-99.23,43.7,-99.23,0,0,0,0,0,15,0,0,0
638220,2018,6,27,"2018-06-27","08:29:00",3,"SD",46,0,0.75,0,0,0,0,43.46,-98.68,43.46,-98.68,0,0,0,0,0,43,0,0,0
638221,2018,6,27,"2018-06-27","08:37:00",3,"SD",46,0,0.75,0,0,0,0,43.4,-98.58,43.4,-98.58,0,0,0,0,0,43,0,0,0
638222,2018,6,27,"2018-06-27","09:04:00",3,"SD",46,0,0.88,0,0,0,0,43.32,-98.34,43.32,-98.34,0,0,0,0,0,43,0,0,0
638223,2018,6,27,"2018-06-27","10:00:00",3,"NE",31,0,1,0,0,0,0,41.3121,-103.1975,41.3121,-103.1975,0,0,0,0,0,33,0,0,0
638224,2018,6,27,"2018-06-27","11:05:00",3,"NE",31,0,1,0,0,0,0,41.94,-103.81,41.94,-103.81,0,0,0,0,0,157,0,0,0
638225,2018,6,27,"2018-06-27","11:30:00",3,"FL",12,0,0.75,0,0,0,0,26.15,-80.26,26.15,-80.26,0,0,0,0,0,11,0,0,0
638226,2018,6,27,"2018-06-27","12:20:00",3,"NE",31,0,1,0,0,0,0,41.1943,-102.8379,41.1943,-102.8379,0,0,0,0,0,33,0,0,0
638227,2018,6,27,"2018-06-27","12:52:00",3,"SD",46,0,0.75,0,0,0,0,43.26,-98.53,43.26,-98.53,0,0,0,0,0,23,0,0,0
638228,2018,6,27,"2018-06-27","13:20:00",3,"NE",31,0,1,0,0,0,0,41.0272,-102.8171,41.0272,-102.8171,0,0,0,0,0,33,0,0,0
638229,2018,6,27,"2018-06-27","13:40:00",3,"SC",45,0,1,0,0,0,0,34.69,-82.96,34.69,-82.96,0,0,0,0,0,73,0,0,0
638230,2018,6,27,"2018-06-27","15:03:00",3,"WY",56,0,1,0,0,0,0,41.14,-105.1275,41.14,-105.1275,0,0,0,0,0,21,0,0,0
638231,2018,6,27,"2018-06-27","15:25:00",3,"TN",47,0,1,0,0,0,0,36.416,-87.2088,36.416,-87.2088,0,0,0,0,0,125,0,0,0
638232,2018,6,27,"2018-06-27","16:10:00",3,"MN",27,0,1,0,0,0,0,47.95,-92.66,47.95,-92.66,0,0,0,0,0,137,0,0,0
638233,2018,6,27,"2018-06-27","17:28:00",3,"TN",47,0,1,0,0,0,0,35.751,-85.966,35.751,-85.966,0,0,0,0,0,177,0,0,0
638234,2018,6,27,"2018-06-27","17:40:00",3,"TN",47,0,1,0,0,0,0,35.4465,-85.9249,35.4465,-85.9249,0,0,0,0,0,31,0,0,0
638235,2018,6,27,"2018-06-27","17:40:00",3,"WY",56,0,1.5,0,0,0,0,41.14,-105.0891,41.14,-105.0891,0,0,0,0,0,21,0,0,0
638236,2018,6,27,"2018-06-27","17:55:00",3,"WY",56,0,1.5,0,0,0,0,42.614,-105.87,42.614,-105.87,0,0,0,0,0,9,0,0,0
638237,2018,6,27,"2018-06-27","18:14:00",3,"WY",56,0,1,0,0,0,0,41.0377,-104.9558,41.0377,-104.9558,0,0,0,0,0,21,0,0,0
638238,2018,6,27,"2018-06-27","18:25:00",3,"WY",56,0,1.25,0,0,0,0,42.2123,-105.7581,42.2123,-105.7581,0,0,0,0,0,1,0,0,0
638239,2018,6,27,"2018-06-27","19:18:00",3,"KY",21,0,1,0,0,0,0,36.6149,-88.3264,36.6128,-88.32,0,0,0,0,0,35,0,0,0
638240,2018,6,27,"2018-06-27","19:57:00",3,"KY",21,0,0.75,0,0,0,0,36.55,-88.15,36.55,-88.15,0,0,0,0,0,35,0,0,0
638241,2018,6,27,"2018-06-27","20:40:00",3,"WY",56,0,2,0,0,0,0,43.4,-105.75,43.4,-105.75,0,0,0,0,0,9,0,0,0
638242,2018,6,27,"2018-06-27","21:25:00",3,"WY",56,0,1.25,0,0,0,0,43.1218,-105.38,43.1218,-105.38,0,0,0,0,0,9,0,0,0
638243,2018,6,28,"2018-06-28","01:50:00",3,"ND",38,0,0.88,0,0,0,0,46.87,-100.78,46.87,-100.78,0,0,0,0,0,15,0,0,0
638244,2018,6,28,"2018-06-28","02:00:00",3,"ND",38,0,1,0,0,0,0,46.89,-100.7,46.89,-100.7,0,0,0,0,0,15,0,0,0
638245,2018,6,28,"2018-06-28","04:30:00",3,"MO",29,0,1,0,0,0,0,40.3,-93.31,40.3,-93.31,0,0,0,0,0,211,0,0,0
638246,2018,6,28,"2018-06-28","04:55:00",3,"MO",29,0,1,0,0,0,0,40.2,-93.24,40.2,-93.24,0,0,0,0,0,211,0,0,0
638247,2018,6,28,"2018-06-28","05:42:00",3,"ND",38,0,1,0,0,0,0,46.18,-103.39,46.18,-103.39,0,0,0,0,0,11,0,0,0
638248,2018,6,28,"2018-06-28","06:08:00",3,"ND",38,0,2.5,0,0,0,0,46.15,-103.14,46.15,-103.14,0,0,0,0,0,11,0,0,0
638249,2018,6,28,"2018-06-28","06:12:00",3,"ND",38,0,1.25,0,0,0,0,46.15,-103.14,46.15,-103.14,0,0,0,0,0,11,0,0,0
638250,2018,6,28,"2018-06-28","06:34:00",3,"NE",31,0,1,0,0,0,0,41.86,-98.08,41.86,-98.08,0,0,0,0,0,11,0,0,0
638251,2018,6,28,"2018-06-28","06:54:00",3,"ND",38,0,3,0,0,1e+05,0,46.1,-102.64,46.1,-102.64,0,0,0,0,0,1,0,0,0
638252,2018,6,28,"2018-06-28","07:07:00",3,"ND",38,0,2.5,0,0,25000,20000,46.1,-102.47,46.1,-102.47,0,0,0,0,0,1,0,0,0
638253,2018,6,28,"2018-06-28","07:34:00",3,"SD",46,0,0.88,0,0,0,0,45.8,-100.52,45.8,-100.52,0,0,0,0,0,31,0,0,0
638254,2018,6,28,"2018-06-28","08:10:00",3,"ND",38,0,1,0,0,0,0,46.15,-101.53,46.15,-101.53,0,0,0,0,0,37,0,0,0
638255,2018,6,28,"2018-06-28","08:50:00",3,"TN",47,0,0.75,0,0,0,0,35.9249,-86.8652,35.9249,-86.8652,0,0,0,0,0,187,0,0,0
638256,2018,6,28,"2018-06-28","08:56:00",3,"TN",47,0,0.75,0,0,0,0,35.8,-86.92,35.8,-86.92,0,0,0,0,0,187,0,0,0
638257,2018,6,28,"2018-06-28","09:45:00",3,"MN",27,0,1.25,0,0,0,0,47.16,-93.62,47.16,-93.62,0,0,0,0,0,61,0,0,0
638258,2018,6,28,"2018-06-28","10:06:00",3,"MN",27,0,0.75,0,0,0,0,47.16,-93.42,47.16,-93.42,0,0,0,0,0,61,0,0,0
638259,2018,6,28,"2018-06-28","10:10:00",3,"MN",27,0,0.88,0,0,0,0,47.08,-93.58,47.08,-93.58,0,0,0,0,0,61,0,0,0
638260,2018,6,28,"2018-06-28","10:14:00",3,"KY",21,0,0.75,0,0,0,0,36.92,-88.33,36.92,-88.33,0,0,0,0,0,157,0,0,0
638261,2018,6,28,"2018-06-28","10:26:00",3,"MN",27,0,1.75,0,0,0,0,47.08,-93.41,47.08,-93.41,0,0,0,0,0,61,0,0,0
638262,2018,6,28,"2018-06-28","11:09:00",3,"IA",19,0,1,0,0,0,0,41.04,-93.98,41.04,-93.98,0,0,0,0,0,39,0,0,0
638263,2018,6,28,"2018-06-28","11:45:00",3,"FL",12,0,0.75,0,0,0,0,28.98,-81.54,28.98,-81.54,0,0,0,0,0,69,0,0,0
638264,2018,6,28,"2018-06-28","11:45:00",3,"ND",38,0,1,0,0,0,0,47.92,-97.07,47.92,-97.07,0,0,0,0,0,35,0,0,0
638265,2018,6,28,"2018-06-28","11:45:00",3,"MN",27,0,1,0,0,0,0,47.93,-97.02,47.93,-97.02,0,0,0,0,0,119,0,0,0
638266,2018,6,28,"2018-06-28","11:49:00",3,"ND",38,0,0.88,0,0,0,0,47.93,-97.07,47.93,-97.07,0,0,0,0,0,35,0,0,0
638267,2018,6,28,"2018-06-28","12:00:00",3,"MN",27,0,1.25,0,0,0,0,47.94,-97,47.94,-97,0,0,0,0,0,119,0,0,0
638268,2018,6,28,"2018-06-28","12:00:00",3,"MN",27,0,0.88,0,0,0,0,47.93,-97.02,47.93,-97.02,0,0,0,0,0,119,0,0,0
638269,2018,6,28,"2018-06-28","12:03:00",3,"MO",29,0,1.5,0,0,0,0,40.48,-93.01,40.48,-93.01,0,0,0,0,0,171,0,0,0
638270,2018,6,28,"2018-06-28","12:38:00",3,"IA",19,0,1,0,0,5000,0,41.02,-92.43,41.02,-92.43,0,0,0,0,0,179,0,0,0
638271,2018,6,28,"2018-06-28","12:38:00",3,"TN",47,0,0.75,0,0,0,0,35.03,-87,35.03,-87,0,0,0,0,0,55,0,0,0
638272,2018,6,28,"2018-06-28","12:40:00",3,"MN",27,0,1,0,0,0,0,47.8,-96.61,47.8,-96.61,0,0,0,0,0,119,0,0,0
638273,2018,6,28,"2018-06-28","12:55:00",3,"GA",13,0,0.88,0,0,0,0,32.33,-81.56,32.33,-81.56,0,0,0,0,0,31,0,0,0
638274,2018,6,28,"2018-06-28","12:58:00",3,"TN",47,0,0.88,0,0,0,0,35.2458,-87.3902,35.2458,-87.3902,0,0,0,0,0,99,0,0,0
638275,2018,6,28,"2018-06-28","13:20:00",3,"MN",27,0,0.75,0,0,0,0,47.59,-94.76,47.59,-94.76,0,0,0,0,0,7,0,0,0
638276,2018,6,28,"2018-06-28","13:25:00",3,"MN",27,0,1.5,0,0,0,0,47.54,-94.78,47.54,-94.78,0,0,0,0,0,7,0,0,0
638277,2018,6,28,"2018-06-28","13:30:00",3,"MN",27,0,1,0,0,0,0,47.53,-94.7,47.53,-94.7,0,0,0,0,0,7,0,0,0
638278,2018,6,28,"2018-06-28","13:40:00",3,"MN",27,0,1,0,0,0,0,47.53,-96.23,47.53,-96.23,0,0,0,0,0,119,0,0,0
638279,2018,6,28,"2018-06-28","13:41:00",3,"MN",27,0,1,0,0,0,0,46.95,-93.8,46.95,-93.8,0,0,0,0,0,21,0,0,0
638280,2018,6,28,"2018-06-28","13:45:00",3,"MN",27,0,0.75,0,0,0,0,47.55,-94.88,47.55,-94.88,0,0,0,0,0,7,0,0,0
638281,2018,6,28,"2018-06-28","13:45:00",3,"MN",27,0,1,0,0,0,0,47.78,-95.81,47.78,-95.81,0,0,0,0,0,119,0,0,0
638282,2018,6,28,"2018-06-28","13:55:00",3,"MN",27,0,1.75,0,0,0,0,47.35,-94.22,47.35,-94.22,0,0,0,0,0,21,0,0,0
638283,2018,6,28,"2018-06-28","14:00:00",3,"MN",27,0,0.75,0,0,0,0,47.35,-94.29,47.35,-94.29,0,0,0,0,0,21,0,0,0
638284,2018,6,28,"2018-06-28","14:13:00",3,"MN",27,0,1,0,0,0,0,47.35,-94.2,47.35,-94.2,0,0,0,0,0,21,0,0,0
638285,2018,6,28,"2018-06-28","14:15:00",3,"IA",19,0,0.75,0,0,0,0,41.3,-91.69,41.3,-91.69,0,0,0,0,0,183,0,0,0
638286,2018,6,28,"2018-06-28","14:30:00",3,"MN",27,0,1,0,0,0,0,47.88,-95.3,47.88,-95.3,0,0,0,0,0,29,0,0,0
638287,2018,6,28,"2018-06-28","14:34:00",3,"ND",38,0,1.75,0,0,0,0,47.95,-97.69,47.95,-97.69,0,0,0,0,0,35,0,0,0
638288,2018,6,28,"2018-06-28","14:35:00",3,"ND",38,0,1,0,0,0,0,47.91,-97.63,47.91,-97.63,0,0,0,0,0,35,0,0,0
638289,2018,6,28,"2018-06-28","14:43:00",3,"ND",38,0,1,0,0,0,0,47.95,-97.54,47.95,-97.54,0,0,0,0,0,35,0,0,0
638290,2018,6,28,"2018-06-28","14:45:00",3,"MN",27,0,0.75,0,0,0,0,47.33,-95.97,47.33,-95.97,0,0,0,0,0,87,0,0,0
638291,2018,6,28,"2018-06-28","14:59:00",3,"MN",27,0,0.75,0,0,0,0,46.68,-92.87,46.68,-92.87,0,0,0,0,0,17,0,0,0
638292,2018,6,28,"2018-06-28","15:32:00",3,"ND",38,0,1,0,0,0,0,47.9,-103.34,47.9,-103.34,0,0,0,0,0,53,0,0,0
638293,2018,6,28,"2018-06-28","15:42:00",3,"AL",1,0,1,0,0,0,0,34.1,-88.07,34.1,-88.07,0,0,0,0,0,93,0,0,0
638294,2018,6,28,"2018-06-28","15:52:00",3,"MN",27,0,0.88,0,0,0,0,46.71,-93.34,46.71,-93.34,0,0,0,0,0,1,0,0,0
638295,2018,6,28,"2018-06-28","16:00:00",3,"MN",27,0,0.75,0,0,0,0,46.72,-93.29,46.72,-93.29,0,0,0,0,0,1,0,0,0
638296,2018,6,28,"2018-06-28","16:15:00",3,"MT",30,0,1,0,0,0,0,47.0446,-107.6763,47.0446,-107.6763,0,0,0,0,0,33,0,0,0
638297,2018,6,28,"2018-06-28","16:29:00",3,"MT",30,0,1,0,0,0,0,47,-108.37,47,-108.37,0,0,0,0,0,69,0,0,0
638298,2018,6,28,"2018-06-28","16:30:00",3,"MT",30,0,1.5,0,0,0,0,45.18,-105.75,45.18,-105.75,0,0,0,0,0,75,0,0,0
638299,2018,6,28,"2018-06-28","16:35:00",3,"IL",17,0,0.88,0,0,0,0,38.1,-89.05,38.1,-89.05,0,0,0,0,0,55,0,0,0
638300,2018,6,28,"2018-06-28","16:43:00",3,"MT",30,0,1,0,0,0,0,47,-109.2286,47,-109.2286,0,0,0,0,0,27,0,0,0
638301,2018,6,28,"2018-06-28","16:45:00",3,"NE",31,0,1,0,0,0,0,42.5,-102.72,42.5,-102.72,0,0,0,0,0,161,0,0,0
638302,2018,6,28,"2018-06-28","16:45:00",3,"MS",28,0,1,0,0,0,0,34.72,-88.67,34.72,-88.67,0,0,0,0,0,117,0,0,0
638303,2018,6,28,"2018-06-28","16:45:00",3,"MS",28,0,1,0,0,0,0,34.7709,-88.6344,34.7709,-88.6344,0,0,0,0,0,3,0,0,0
638304,2018,6,28,"2018-06-28","17:00:00",3,"MT",30,0,1,0,0,0,0,47,-109.1012,47,-109.1012,0,0,0,0,0,27,0,0,0
638305,2018,6,28,"2018-06-28","17:00:00",3,"MS",28,0,0.88,0,0,0,0,34.18,-88.35,34.18,-88.35,0,0,0,0,0,57,0,0,0
638306,2018,6,28,"2018-06-28","17:00:00",3,"MS",28,0,1,0,0,0,0,34.33,-88.5,34.33,-88.5,0,0,0,0,0,57,0,0,0
638307,2018,6,28,"2018-06-28","17:03:00",3,"MT",30,0,1,0,0,0,0,45.47,-105.65,45.47,-105.65,0,0,0,0,0,75,0,0,0
638308,2018,6,28,"2018-06-28","17:12:00",3,"MN",27,0,1,0,0,0,0,46.32,-92.84,46.32,-92.84,0,0,0,0,0,115,0,0,0
638309,2018,6,28,"2018-06-28","17:23:00",3,"MN",27,0,1,0,0,0,0,46.24,-92.68,46.24,-92.68,0,0,0,0,0,115,0,0,0
638310,2018,6,28,"2018-06-28","17:40:00",3,"MS",28,0,1.5,0,0,0,0,34.37,-88.85,34.37,-88.85,0,0,0,0,0,115,0,0,0
638311,2018,6,28,"2018-06-28","18:05:00",3,"MT",30,0,1,0,0,0,0,45.27,-105.02,45.27,-105.02,0,0,0,0,0,11,0,0,0
638312,2018,6,28,"2018-06-28","18:08:00",3,"MT",30,0,1.75,0,0,0,0,47.58,-105.96,47.58,-105.96,0,0,0,0,0,55,0,0,0
638313,2018,6,28,"2018-06-28","18:13:00",3,"MT",30,0,1,0,0,0,0,45.83,-109.94,45.83,-109.94,0,0,0,0,0,97,0,0,0
638314,2018,6,28,"2018-06-28","18:20:00",3,"MT",30,0,1.75,0,0,0,0,45.26,-104.89,45.26,-104.89,0,0,0,0,0,11,0,0,0
638315,2018,6,28,"2018-06-28","18:32:00",3,"IL",17,0,1,0,0,0,0,38.08,-90.1,38.08,-90.1,0,0,0,0,0,157,0,0,0
638316,2018,6,28,"2018-06-28","18:40:00",3,"MO",29,0,1.25,0,0,0,0,38.23,-90.57,38.2306,-90.5394,0,0,0,0,0,99,0,0,0
638317,2018,6,28,"2018-06-28","18:59:00",3,"MT",30,0,1,0,0,0,0,45.99,-109.48,45.99,-109.48,0,0,0,0,0,97,0,0,0
638318,2018,6,28,"2018-06-28","19:15:00",3,"MT",30,0,1,0,0,0,0,46.41,-105.85,46.41,-105.85,0,0,0,0,0,17,0,0,0
638319,2018,6,28,"2018-06-28","19:20:00",3,"ND",38,0,1,0,0,0,0,48.11,-99.72,48.11,-99.72,0,0,0,0,0,5,0,0,0
638320,2018,6,28,"2018-06-28","19:20:00",3,"MT",30,0,2.5,0,0,0,0,46.42,-105.84,46.42,-105.84,0,0,0,0,0,17,0,0,0
638321,2018,6,28,"2018-06-28","19:20:00",3,"MT",30,0,2,0,0,0,0,46.4,-105.84,46.4,-105.84,0,0,0,0,0,17,0,0,0
638322,2018,6,28,"2018-06-28","19:21:00",3,"MT",30,0,1.75,0,0,0,0,46.41,-105.85,46.41,-105.85,0,0,0,0,0,17,0,0,0
638323,2018,6,28,"2018-06-28","19:25:00",3,"MT",30,0,1,0,0,0,0,45.38,-106.51,45.38,-106.51,0,0,0,0,0,87,0,0,0
638324,2018,6,28,"2018-06-28","19:30:00",3,"MT",30,0,1,0,0,0,0,46.46,-105.77,46.46,-105.77,0,0,0,0,0,17,0,0,0
638325,2018,6,28,"2018-06-28","19:35:00",3,"MO",29,0,0.88,0,0,0,0,37.8701,-90.5251,37.8701,-90.5251,0,0,0,0,0,187,0,0,0
638326,2018,6,28,"2018-06-28","19:40:00",3,"MT",30,0,1.25,0,0,0,0,46.43,-105.79,46.43,-105.79,0,0,0,0,0,17,0,0,0
638327,2018,6,28,"2018-06-28","19:47:00",3,"ND",38,0,3.5,0,0,40000,10000,47.7319,-100.0175,47.7319,-100.0175,0,0,0,0,0,103,0,0,0
638328,2018,6,28,"2018-06-28","19:48:00",3,"ND",38,0,1.5,0,0,0,0,47.74,-99.94,47.74,-99.94,0,0,0,0,0,103,0,0,0
638329,2018,6,28,"2018-06-28","19:55:00",3,"ND",38,0,3,0,0,850000,1e+05,47.77,-99.93,47.77,-99.93,0,0,0,0,0,103,0,0,0
638330,2018,6,28,"2018-06-28","20:00:00",3,"MT",30,0,2,0,0,0,0,45.49,-106.07,45.49,-106.07,0,0,0,0,0,75,0,0,0
638331,2018,6,28,"2018-06-28","20:10:00",3,"MT",30,0,1.75,0,0,0,0,45.8,-105.62,45.8,-105.62,0,0,0,0,0,17,0,0,0
638332,2018,6,28,"2018-06-28","20:33:00",3,"MT",30,0,1.75,0,0,0,0,45.44,-105.63,45.44,-105.63,0,0,0,0,0,75,0,0,0
638333,2018,6,28,"2018-06-28","20:35:00",3,"MT",30,0,2.5,0,0,0,0,45.49,-105.65,45.49,-105.65,0,0,0,0,0,75,0,0,0
638334,2018,6,28,"2018-06-28","20:45:00",3,"ND",38,0,1.5,0,0,0,0,47.45,-102.26,47.45,-102.26,0,0,0,0,0,25,0,0,0
638335,2018,6,28,"2018-06-28","20:48:00",3,"ND",38,0,1,0,0,0,0,47.36,-102.34,47.36,-102.34,0,0,0,0,0,25,0,0,0
638336,2018,6,28,"2018-06-28","20:56:00",3,"MT",30,0,0.88,0,0,0,0,45.73,-107.62,45.73,-107.62,0,0,0,0,0,3,0,0,0
638337,2018,6,28,"2018-06-28","21:00:00",3,"MT",30,0,2,0,0,0,0,45.49,-105.36,45.49,-105.36,0,0,0,0,0,75,0,0,0
638338,2018,6,28,"2018-06-28","21:06:00",3,"ND",38,0,1,0,0,0,0,47.44,-102.23,47.44,-102.23,0,0,0,0,0,25,0,0,0
638339,2018,6,28,"2018-06-28","22:10:00",3,"SD",46,0,1.5,0,0,0,0,45.9221,-103.2477,45.9221,-103.2477,0,0,0,0,0,63,0,0,0
638340,2018,6,28,"2018-06-28","22:10:00",3,"MT",30,0,1.75,0,0,0,0,45.62,-104.86,45.62,-104.86,0,0,0,0,0,11,0,0,0
638341,2018,6,28,"2018-06-28","22:15:00",3,"ND",38,0,1,0,0,0,0,46.2,-103.88,46.2,-103.88,0,0,0,0,0,11,0,0,0
638342,2018,6,28,"2018-06-28","22:17:00",3,"MT",30,0,1,0,0,0,0,45.66,-104.27,45.66,-104.27,0,0,0,0,0,11,0,0,0
638343,2018,6,28,"2018-06-28","23:30:00",3,"ND",38,0,1,0,0,0,0,47.12,-101.3,47.12,-101.3,0,0,0,0,0,65,0,0,0
638344,2018,6,29,"2018-06-29","04:08:00",3,"MN",27,0,1,0,0,0,0,47.87,-95.8,47.87,-95.8,0,0,0,0,0,125,0,0,0
638345,2018,6,29,"2018-06-29","05:39:00",3,"MN",27,0,0.75,0,0,0,0,47.75,-93.65,47.75,-93.65,0,0,0,0,0,61,0,0,0
638346,2018,6,29,"2018-06-29","06:07:00",3,"MN",27,0,1,0,0,0,0,47.56,-92.63,47.56,-92.63,0,0,0,0,0,137,0,0,0
638347,2018,6,29,"2018-06-29","06:09:00",3,"MN",27,0,0.75,0,0,0,0,47.31,-93.42,47.31,-93.42,0,0,0,0,0,61,0,0,0
638348,2018,6,29,"2018-06-29","06:26:00",3,"MN",27,0,0.75,0,0,0,0,47.46,-92.91,47.46,-92.91,0,0,0,0,0,137,0,0,0
638349,2018,6,29,"2018-06-29","06:29:00",3,"MN",27,0,0.88,0,0,0,0,47.66,-92.18,47.66,-92.18,0,0,0,0,0,137,0,0,0
638350,2018,6,29,"2018-06-29","10:00:00",3,"MI",26,0,0.75,0,0,0,0,46.83,-88.63,46.83,-88.63,0,0,0,0,0,13,0,0,0
638351,2018,6,29,"2018-06-29","10:09:00",3,"MI",26,0,0.88,0,0,0,0,46.85,-88.6,46.85,-88.6,0,0,0,0,0,13,0,0,0
638352,2018,6,29,"2018-06-29","13:38:00",3,"WY",56,0,1,0,0,0,0,44.9,-105.9,44.9,-105.9,0,0,0,0,0,5,0,0,0
638353,2018,6,29,"2018-06-29","14:03:00",3,"WY",56,0,1.75,0,0,0,0,44.56,-105.7,44.56,-105.7,0,0,0,0,0,5,0,0,0
638354,2018,6,29,"2018-06-29","14:10:00",3,"WY",56,0,0.75,0,0,0,0,44.1949,-106.1771,44.1949,-106.1771,0,0,0,0,0,19,0,0,0
638355,2018,6,29,"2018-06-29","14:37:00",3,"WY",56,0,1,0,0,0,0,44.6522,-105.2548,44.6522,-105.2548,0,0,0,0,0,5,0,0,0
638356,2018,6,29,"2018-06-29","15:17:00",3,"WY",56,0,1.75,0,0,0,0,44.42,-105.12,44.42,-105.12,0,0,0,0,0,5,0,0,0
638357,2018,6,29,"2018-06-29","15:27:00",3,"WY",56,0,1.5,0,0,0,0,44.68,-104.6,44.68,-104.6,0,0,0,0,0,11,0,0,0
638358,2018,6,29,"2018-06-29","15:30:00",3,"WY",56,0,1.25,0,0,0,0,44.68,-104.6,44.68,-104.6,0,0,0,0,0,11,0,0,0
638359,2018,6,29,"2018-06-29","15:35:00",3,"WY",56,0,1.25,0,0,0,0,44.4499,-104.8233,44.4499,-104.8233,0,0,0,0,0,11,0,0,0
638360,2018,6,29,"2018-06-29","15:38:00",3,"WY",56,0,1.5,0,0,0,0,44.4766,-104.7922,44.4766,-104.7922,0,0,0,0,0,11,0,0,0
638361,2018,6,29,"2018-06-29","15:50:00",3,"WY",56,0,1.75,0,0,0,0,44.41,-104.38,44.41,-104.38,0,0,0,0,0,11,0,0,0
638362,2018,6,29,"2018-06-29","15:52:00",3,"WY",56,0,1,0,0,0,0,44.3691,-104.3227,44.3691,-104.3227,0,0,0,0,0,11,0,0,0
638363,2018,6,29,"2018-06-29","16:00:00",3,"WY",56,0,1.75,0,0,0,0,44.4234,-104.3723,44.4234,-104.3723,0,0,0,0,0,11,0,0,0
638364,2018,6,29,"2018-06-29","16:03:00",3,"WY",56,0,2.5,0,0,0,0,44.41,-104.38,44.41,-104.38,0,0,0,0,0,11,0,0,0
638365,2018,6,29,"2018-06-29","16:22:00",3,"SD",46,0,2.75,0,0,0,0,44.81,-103.83,44.81,-103.83,0,0,0,0,0,19,0,0,0
638366,2018,6,29,"2018-06-29","16:35:00",3,"SD",46,0,1,0,0,0,0,44.49,-103.86,44.49,-103.86,0,0,0,0,0,81,0,0,0
638367,2018,6,29,"2018-06-29","16:42:00",3,"SD",46,0,3,0,0,0,0,44.35,-103.77,44.35,-103.77,0,0,0,0,0,81,0,0,0
638368,2018,6,29,"2018-06-29","16:45:00",3,"SD",46,0,2,0,0,2e+06,0,44.38,-103.73,44.38,-103.73,0,0,0,0,0,81,0,0,0
638369,2018,6,29,"2018-06-29","16:46:00",3,"SD",46,0,1.5,0,0,0,0,44.92,-103.93,44.92,-103.93,0,0,0,0,0,19,0,0,0
638370,2018,6,29,"2018-06-29","16:49:00",3,"SD",46,0,4.5,0,0,0,0,44.7612,-103.348,44.7612,-103.348,0,0,0,0,0,19,0,0,0
638371,2018,6,29,"2018-06-29","17:01:00",3,"SD",46,0,1.5,0,0,0,0,44.4907,-103.597,44.4907,-103.597,0,0,0,0,0,81,0,0,0
638372,2018,6,29,"2018-06-29","17:08:00",3,"SD",46,0,2,0,0,0,0,44.3,-103.42,44.3,-103.42,0,0,0,0,0,93,0,0,0
638373,2018,6,29,"2018-06-29","17:09:00",3,"SD",46,0,2.5,0,0,0,0,44.3535,-103.451,44.3535,-103.451,0,0,0,0,0,93,0,0,0
638374,2018,6,29,"2018-06-29","17:18:00",3,"SD",46,0,2.25,0,0,0,0,44.2434,-103.3977,44.2434,-103.3977,0,0,0,0,0,93,0,0,0
638375,2018,6,29,"2018-06-29","17:18:00",3,"SD",46,0,3,0,0,0,0,44.2733,-103.4045,44.2733,-103.4045,0,0,0,0,0,93,0,0,0
638376,2018,6,29,"2018-06-29","17:19:00",3,"SD",46,0,1,0,0,0,0,43.73,-103.8901,43.73,-103.8901,0,0,0,0,0,33,0,0,0
638377,2018,6,29,"2018-06-29","17:22:00",3,"SD",46,0,1,0,0,0,0,44.2198,-103.3757,44.2198,-103.3757,0,0,0,0,0,93,0,0,0
638378,2018,6,29,"2018-06-29","17:24:00",3,"SD",46,0,1.75,0,0,0,0,44.18,-103.34,44.18,-103.34,0,0,0,0,0,93,0,0,0
638379,2018,6,29,"2018-06-29","17:28:00",3,"SD",46,0,1,0,0,0,0,44.93,-102.77,44.93,-102.77,0,0,0,0,0,93,0,0,0
638380,2018,6,29,"2018-06-29","17:30:00",3,"SD",46,0,3,0,0,0,0,44.23,-103.3496,44.23,-103.3496,0,0,0,0,0,93,0,0,0
638381,2018,6,29,"2018-06-29","17:54:00",3,"SD",46,0,3,0,0,0,0,44.8733,-102.4956,44.8733,-102.4956,0,0,0,0,0,93,0,0,0
638382,2018,6,29,"2018-06-29","18:17:00",3,"SD",46,0,1.75,0,0,0,0,43.18,-103.85,43.18,-103.85,0,0,0,0,0,47,0,0,0
638383,2018,6,29,"2018-06-29","18:22:00",3,"SD",46,0,1,0,0,0,0,43.7569,-103.2483,43.7569,-103.2483,0,0,0,0,0,33,0,0,0
638384,2018,6,29,"2018-06-29","18:24:00",3,"SD",46,0,1,0,0,0,0,44.8,-102.04,44.8,-102.04,0,0,0,0,0,93,0,0,0
638385,2018,6,29,"2018-06-29","18:30:00",3,"SD",46,0,1,0,0,0,0,43.3,-103.83,43.3,-103.83,0,0,0,0,0,47,0,0,0
638386,2018,6,29,"2018-06-29","18:41:00",3,"NE",31,0,1.25,0,0,0,0,42.32,-103.36,42.32,-103.36,0,0,0,0,0,13,0,0,0
638387,2018,6,29,"2018-06-29","18:44:00",3,"SD",46,0,1.5,0,0,0,0,43.5105,-103.3382,43.5105,-103.3382,0,0,0,0,0,33,0,0,0
638388,2018,6,29,"2018-06-29","18:50:00",3,"SD",46,0,2.5,0,0,0,0,43.4614,-103.3546,43.4614,-103.3546,0,0,0,0,0,47,0,0,0
638389,2018,6,29,"2018-06-29","18:52:00",3,"SD",46,0,1,0,0,0,0,43.4577,-103.5721,43.4577,-103.5721,0,0,0,0,0,47,0,0,0
638390,2018,6,29,"2018-06-29","19:10:00",3,"NE",31,0,1.5,0,0,0,0,42.97,-103.69,42.97,-103.69,0,0,0,0,0,165,0,0,0
638391,2018,6,29,"2018-06-29","19:20:00",3,"SD",46,0,2,0,0,0,0,44.69,-101.14,44.677,-100.647,0,0,0,0,0,117,0,0,0
638392,2018,6,29,"2018-06-29","19:32:00",3,"SD",46,0,1.5,0,0,0,0,44.69,-100.95,44.69,-100.95,0,0,0,0,0,117,0,0,0
638393,2018,6,29,"2018-06-29","19:38:00",3,"NE",31,0,1.5,0,0,0,0,42.32,-103.08,42.32,-103.08,0,0,0,0,0,13,0,0,0
638394,2018,6,29,"2018-06-29","19:50:00",3,"KS",20,0,1.25,0,0,0,0,39.7434,-101.2964,39.7434,-101.2964,0,0,0,0,0,153,0,0,0
638395,2018,6,29,"2018-06-29","19:54:00",3,"SD",46,0,2,0,0,0,0,44.74,-100.81,44.74,-100.81,0,0,0,0,0,117,0,0,0
638396,2018,6,29,"2018-06-29","20:00:00",3,"SD",46,0,1.75,0,0,0,0,44.679,-100.598,44.86,-99.68,0,0,0,0,0,119,0,0,0
638397,2018,6,29,"2018-06-29","20:05:00",3,"NE",31,0,0.88,0,0,0,0,42.5,-102.73,42.5,-102.73,0,0,0,0,0,161,0,0,0
638398,2018,6,29,"2018-06-29","20:13:00",3,"SD",46,0,1,0,0,0,0,43.5134,-102.4924,43.5134,-102.4924,0,0,0,0,0,102,0,0,0
638399,2018,6,29,"2018-06-29","20:20:00",3,"KS",20,0,1,0,0,0,0,39.4504,-101.0535,39.4504,-101.0535,0,0,0,0,0,193,0,0,0
638400,2018,6,29,"2018-06-29","20:26:00",3,"SD",46,0,1,0,0,0,0,44.76,-100.14,44.76,-100.14,0,0,0,0,0,119,0,0,0
638401,2018,6,29,"2018-06-29","20:46:00",3,"KS",20,0,1,0,0,0,0,38.24,-100.89,38.24,-100.89,0,0,0,0,0,55,0,0,0
638402,2018,6,29,"2018-06-29","20:55:00",3,"SD",46,0,1.5,0,0,0,0,44.86,-99.68,44.87,-99.45,0,0,0,0,0,69,0,0,0
638403,2018,6,29,"2018-06-29","21:15:00",3,"SD",46,0,1.75,0,0,0,0,44.81,-99.45,44.81,-99.45,0,0,0,0,0,69,0,0,0
638404,2018,6,29,"2018-06-29","22:10:00",3,"SD",46,0,1.25,0,0,0,0,45.02,-98.5,45.02,-98.5,0,0,0,0,0,115,0,0,0
638405,2018,6,29,"2018-06-29","23:11:00",3,"MN",27,0,0.75,0,0,0,0,46.02,-95.4,46.02,-95.4,0,0,0,0,0,41,0,0,0
638406,2018,6,30,"2018-06-30","00:25:00",3,"MN",27,0,0.88,0,0,0,0,46.43,-94.29,46.43,-94.29,0,0,0,0,0,35,0,0,0
638407,2018,6,30,"2018-06-30","00:46:00",3,"MN",27,0,0.88,0,0,0,0,47.1,-95.14,47.1,-95.14,0,0,0,0,0,57,0,0,0
638408,2018,6,30,"2018-06-30","01:10:00",3,"NE",31,0,1.75,0,0,3000,0,42.26,-98.34,42.26,-98.34,0,0,0,0,0,89,0,0,0
638409,2018,6,30,"2018-06-30","02:02:00",3,"NE",31,0,1,0,0,0,0,42.47,-97.91,42.47,-97.91,0,0,0,0,0,107,0,0,0
638410,2018,6,30,"2018-06-30","02:25:00",3,"MN",27,0,1,0,0,0,0,46.7,-92.45,46.7,-92.45,0,0,0,0,0,17,0,0,0
638411,2018,6,30,"2018-06-30","09:10:00",3,"WY",56,0,0.88,0,0,0,0,43.2155,-108.6142,43.2114,-108.4161,0,0,0,0,0,13,0,0,0
638412,2018,6,30,"2018-06-30","11:35:00",3,"MI",26,0,3,0,0,0,0,46.68,-85.82,46.68,-85.82,0,0,0,0,0,95,0,0,0
638413,2018,6,30,"2018-06-30","11:35:00",3,"MI",26,0,4,0,0,1e+06,0,46.6769,-85.6355,46.6769,-85.6355,0,0,0,0,0,95,0,0,0
638414,2018,6,30,"2018-06-30","11:40:00",3,"MI",26,0,2.5,0,0,4000,0,46.63,-85.6,46.63,-85.6,0,0,0,0,0,95,0,0,0
638415,2018,6,30,"2018-06-30","12:38:00",3,"IA",19,0,1,0,0,0,0,42.8374,-94.5288,42.8374,-94.5288,0,0,0,0,0,151,0,0,0
638416,2018,6,30,"2018-06-30","12:51:00",3,"IA",19,0,1.25,0,0,0,0,42.81,-94.53,42.81,-94.53,0,0,0,0,0,151,0,0,0
638417,2018,6,30,"2018-06-30","13:40:00",3,"NE",31,0,1.75,0,0,25000,1e+06,40.26,-99.9,40.26,-99.9,0,0,0,0,0,65,0,0,0
638418,2018,6,30,"2018-06-30","13:47:00",3,"OK",40,0,1,0,0,0,0,34.79,-98.28,34.79,-98.28,0,0,0,0,0,31,0,0,0
638419,2018,6,30,"2018-06-30","13:47:00",3,"OK",40,0,0.88,0,0,0,0,35.1176,-98.5478,35.1176,-98.5478,0,0,0,0,0,15,0,0,0
638420,2018,6,30,"2018-06-30","13:53:00",3,"NE",31,0,1.75,0,0,750000,3e+06,40.3,-99.9,40.3,-99.9,0,0,0,0,0,65,0,0,0
638421,2018,6,30,"2018-06-30","14:15:00",3,"IA",19,0,1.5,0,0,2000,0,43.13,-93.35,43.13,-93.35,0,0,0,0,0,33,0,0,0
638422,2018,6,30,"2018-06-30","14:17:00",3,"WI",55,0,0.88,0,0,0,0,44.23,-91.86,44.23,-91.86,0,0,0,0,0,11,0,0,0
638423,2018,6,30,"2018-06-30","14:44:00",3,"NE",31,0,1.75,0,0,0,0,40.39,-99.31,40.39,-99.31,0,0,0,0,0,137,0,0,0
638424,2018,6,30,"2018-06-30","14:45:00",3,"NE",31,0,2.75,0,0,250000,4e+06,40.4,-99.69,40.4,-99.65,0,0,0,0,0,73,0,0,0
638425,2018,6,30,"2018-06-30","14:48:00",3,"MN",27,0,1,0,0,0,0,43.67,-92.14,43.67,-92.14,0,0,0,0,0,45,0,0,0
638426,2018,6,30,"2018-06-30","15:00:00",3,"NE",31,0,2.75,0,0,1e+06,2e+07,40.4,-99.64,40.51,-99.39,0,0,0,0,0,137,0,0,0
638427,2018,6,30,"2018-06-30","15:14:00",3,"NE",31,0,1,0,0,0,0,40.38,-95.84,40.38,-95.84,0,0,0,0,0,127,0,0,0
638428,2018,6,30,"2018-06-30","15:19:00",3,"NE",31,0,1.75,0,0,50000,350000,40.45,-99.13,40.45,-99.13,0,0,0,0,0,99,0,0,0
638429,2018,6,30,"2018-06-30","15:25:00",3,"CO",8,0,1,0,0,0,0,38.77,-104.6,38.77,-104.6,0,0,0,0,0,41,0,0,0
638430,2018,6,30,"2018-06-30","15:35:00",3,"MN",27,0,1,0,0,0,0,44,-91.66,44,-91.66,0,0,0,0,0,169,0,0,0
638431,2018,6,30,"2018-06-30","15:37:00",3,"CO",8,0,1,0,0,0,0,38.87,-104.75,38.87,-104.75,0,0,0,0,0,41,0,0,0
638432,2018,6,30,"2018-06-30","15:38:00",3,"CO",8,0,1,0,0,0,0,38.88,-104.85,38.88,-104.85,0,0,0,0,0,41,0,0,0
638433,2018,6,30,"2018-06-30","15:39:00",3,"CO",8,0,1.5,0,0,0,0,38.87,-104.83,38.87,-104.83,0,0,0,0,0,41,0,0,0
638434,2018,6,30,"2018-06-30","15:43:00",3,"MO",29,0,0.88,0,0,0,0,39.35,-94.78,39.35,-94.78,0,0,0,0,0,165,0,0,0
638435,2018,6,30,"2018-06-30","15:43:00",3,"MO",29,0,1,0,0,0,0,39.34,-94.77,39.34,-94.77,0,0,0,0,0,165,0,0,0
638436,2018,6,30,"2018-06-30","15:53:00",3,"NE",31,0,1.75,0,0,50000,350000,40.42,-99.08,40.42,-99.08,0,0,0,0,0,99,0,0,0
638437,2018,6,30,"2018-06-30","16:01:00",3,"NE",31,0,1,0,0,0,0,40.66,-95.86,40.66,-95.86,0,0,0,0,0,131,0,0,0
638438,2018,6,30,"2018-06-30","16:04:00",3,"WI",55,0,0.75,0,0,0,0,45.91,-89.48,45.91,-89.48,0,0,0,0,0,125,0,0,0
638439,2018,6,30,"2018-06-30","16:06:00",3,"NE",31,0,1.75,0,0,50000,350000,40.46,-98.93,40.46,-98.93,0,0,0,0,0,99,0,0,0
638440,2018,6,30,"2018-06-30","16:07:00",3,"WI",55,0,1,0,0,0,0,45.91,-89.48,45.91,-89.48,0,0,0,0,0,125,0,0,0
638441,2018,6,30,"2018-06-30","16:08:00",3,"WI",55,0,1.25,0,0,0,0,45.91,-89.48,45.91,-89.48,0,0,0,0,0,125,0,0,0
638442,2018,6,30,"2018-06-30","16:08:00",3,"WI",55,0,1.75,0,0,0,0,45.91,-89.48,45.91,-89.48,0,0,0,0,0,125,0,0,0
638443,2018,6,30,"2018-06-30","16:15:00",3,"IA",19,0,1,0,0,0,0,40.73,-95.84,40.73,-95.84,0,0,0,0,0,71,0,0,0
638444,2018,6,30,"2018-06-30","16:22:00",3,"WI",55,0,0.88,0,0,0,0,43.91,-90.81,43.91,-90.81,0,0,0,0,0,81,0,0,0
638445,2018,6,30,"2018-06-30","16:37:00",3,"WI",55,0,1.75,0,0,0,0,45.91,-89.25,45.91,-89.25,0,0,0,0,0,125,0,0,0
638446,2018,6,30,"2018-06-30","16:37:00",3,"CO",8,0,1,0,0,0,0,38.87,-104.83,38.87,-104.83,0,0,0,0,0,41,0,0,0
638447,2018,6,30,"2018-06-30","16:39:00",3,"CO",8,0,1,0,0,0,0,40.53,-104.71,40.53,-104.71,0,0,0,0,0,123,0,0,0
638448,2018,6,30,"2018-06-30","16:42:00",3,"CO",8,0,1,0,0,0,0,38.88,-104.83,38.88,-104.83,0,0,0,0,0,41,0,0,0
638449,2018,6,30,"2018-06-30","16:45:00",3,"CO",8,0,1.5,0,0,0,0,40.55,-104.63,40.55,-104.63,0,0,0,0,0,123,0,0,0
638450,2018,6,30,"2018-06-30","16:45:00",3,"CO",8,0,1,0,0,0,0,38.89,-104.71,38.89,-104.71,0,0,0,0,0,41,0,0,0
638451,2018,6,30,"2018-06-30","16:46:00",3,"CO",8,0,1,0,0,0,0,38.88,-104.74,38.88,-104.74,0,0,0,0,0,41,0,0,0
638452,2018,6,30,"2018-06-30","16:48:00",3,"CO",8,0,1,0,0,0,0,38.87,-104.72,38.87,-104.72,0,0,0,0,0,41,0,0,0
638453,2018,6,30,"2018-06-30","16:48:00",3,"CO",8,0,1,0,0,0,0,38.89,-104.73,38.89,-104.73,0,0,0,0,0,41,0,0,0
638454,2018,6,30,"2018-06-30","16:48:00",3,"CO",8,0,1,0,0,0,0,38.9,-104.83,38.9,-104.83,0,0,0,0,0,41,0,0,0
638455,2018,6,30,"2018-06-30","16:49:00",3,"MI",26,0,0.75,0,0,0,0,46.48,-87.71,46.48,-87.71,0,0,0,0,0,103,0,0,0
638456,2018,6,30,"2018-06-30","16:52:00",3,"CO",8,0,1.25,0,0,0,0,38.88,-104.74,38.88,-104.74,0,0,0,0,0,41,0,0,0
638457,2018,6,30,"2018-06-30","16:54:00",3,"CO",8,0,1,0,0,0,0,40.63,-105.29,40.63,-105.29,0,0,0,0,0,69,0,0,0
638458,2018,6,30,"2018-06-30","16:55:00",3,"NE",31,0,1,0,0,0,0,40.38,-98.26,40.38,-98.26,0,0,0,0,0,35,0,0,0
638459,2018,6,30,"2018-06-30","17:06:00",3,"NE",31,0,0.88,0,0,0,0,40.58,-97.3,40.58,-97.3,0,0,0,0,0,151,0,0,0
638460,2018,6,30,"2018-06-30","17:15:00",3,"NE",31,0,0.88,0,0,0,0,40.35,-98.13,40.3701,-98.052,0,0,0,0,0,35,0,0,0
638461,2018,6,30,"2018-06-30","17:20:00",3,"IA",19,0,1,0,0,0,0,41.76,-93.62,41.76,-93.62,0,0,0,0,0,153,0,0,0
638462,2018,6,30,"2018-06-30","17:21:00",3,"MS",28,0,0.88,0,0,500,2000,31.68,-89.26,31.68,-89.26,0,0,0,0,0,67,0,0,0
638463,2018,6,30,"2018-06-30","17:44:00",3,"NE",31,0,0.75,0,0,0,0,40.78,-97.81,40.78,-97.81,0,0,0,0,0,185,0,0,0
638464,2018,6,30,"2018-06-30","17:48:00",3,"KS",20,0,1.5,0,0,0,0,38.17,-97.11,38.17,-97.11,0,0,0,0,0,115,0,0,0
638465,2018,6,30,"2018-06-30","18:00:00",3,"CO",8,0,1.25,0,0,0,0,39.6033,-102.2809,39.6033,-102.2809,0,0,0,0,0,125,0,0,0
638466,2018,6,30,"2018-06-30","18:03:00",3,"CO",8,0,1,0,0,0,0,38.86,-104.73,38.86,-104.73,0,0,0,0,0,41,0,0,0
638467,2018,6,30,"2018-06-30","18:12:00",3,"KS",20,0,0.75,0,0,0,0,37.76,-97.27,37.76,-97.27,0,0,0,0,0,173,0,0,0
638468,2018,6,30,"2018-06-30","18:12:00",3,"MI",26,0,0.75,0,0,0,0,46.48,-87.04,46.48,-87.04,0,0,0,0,0,3,0,0,0
638469,2018,6,30,"2018-06-30","18:26:00",3,"CO",8,0,1.75,0,0,0,0,39.6413,-102.4021,39.6413,-102.4021,0,0,0,0,0,125,0,0,0
638470,2018,6,30,"2018-06-30","18:34:00",3,"CO",8,0,1.5,0,0,0,0,39.6033,-102.2809,39.6033,-102.2809,0,0,0,0,0,125,0,0,0
638471,2018,6,30,"2018-06-30","18:38:00",3,"CO",8,0,1.5,0,0,0,0,39.5948,-102.3119,39.5948,-102.3119,0,0,0,0,0,125,0,0,0
638472,2018,6,30,"2018-06-30","18:40:00",3,"IA",19,0,1,0,0,0,0,41.04,-94.37,41.04,-94.37,0,0,0,0,0,175,0,0,0
638473,2018,6,30,"2018-06-30","19:13:00",3,"KS",20,0,1,0,0,0,0,38.98,-94.96,38.98,-94.96,0,0,0,0,0,91,0,0,0
638474,2018,6,30,"2018-06-30","19:23:00",3,"KS",20,0,1.75,0,0,0,0,39.4815,-101.7072,39.4815,-101.7072,0,0,0,0,0,181,0,0,0
638475,2018,6,30,"2018-06-30","19:28:00",3,"KS",20,0,1,0,0,0,0,39.3321,-99.7862,39.3321,-99.7862,0,0,0,0,0,65,0,0,0
638476,2018,6,30,"2018-06-30","19:30:00",3,"KS",20,0,1.25,0,0,0,0,39.4866,-101.6313,39.4866,-101.6313,0,0,0,0,0,181,0,0,0
638477,2018,6,30,"2018-06-30","19:40:00",3,"KS",20,0,1.25,0,0,0,0,39.4989,-101.6361,39.4989,-101.6361,0,0,0,0,0,181,0,0,0
638478,2018,6,30,"2018-06-30","20:02:00",3,"KS",20,0,1.75,0,0,0,0,39.4,-101.05,39.4,-101.05,0,0,0,0,0,193,0,0,0
638479,2018,6,30,"2018-06-30","20:03:00",3,"KS",20,0,2,0,0,0,0,39.9,-96.79,39.9,-96.79,0,0,0,0,0,117,0,0,0
638480,2018,6,30,"2018-06-30","20:05:00",3,"KS",20,0,1.25,0,0,0,0,39.92,-96.77,39.92,-96.77,0,0,0,0,0,117,0,0,0
638481,2018,6,30,"2018-06-30","20:16:00",3,"NH",33,0,0.88,0,0,0,0,44.57,-71.19,44.57,-71.19,0,0,0,0,0,7,0,0,0
638482,2018,6,30,"2018-06-30","20:25:00",3,"TX",48,0,0.75,0,0,0,0,36.04,-102.01,36.04,-102.01,0,0,0,0,0,341,0,0,0
638483,2018,6,30,"2018-06-30","20:30:00",3,"TX",48,0,1.5,0,0,0,0,36.04,-102.01,36.04,-102.01,0,0,0,0,0,341,0,0,0
638484,2018,6,30,"2018-06-30","20:38:00",3,"NH",33,0,1,0,0,0,0,44.47,-71.19,44.47,-71.19,0,0,0,0,0,7,0,0,0
638485,2018,6,30,"2018-06-30","21:29:00",3,"TX",48,0,1,0,0,0,0,36.26,-101.4,36.26,-101.4,0,0,0,0,0,195,0,0,0
638486,2018,6,30,"2018-06-30","21:33:00",3,"TX",48,0,1.25,0,0,0,0,36.23,-101.4,36.23,-101.4,0,0,0,0,0,195,0,0,0
638487,2018,6,30,"2018-06-30","22:22:00",3,"TX",48,0,1,0,0,0,0,36.2,-100.92,36.2,-100.92,0,0,0,0,0,357,0,0,0
636666,2018,6,1,"2018-06-01","00:17:00",3,"NE",31,0,1,0,0,0,0,41.6,-99.37,41.6,-99.37,0,0,0,0,0,41,0,0,0
636667,2018,6,1,"2018-06-01","08:10:00",3,"MT",30,0,0.75,0,0,0,0,45.84,-108.51,45.84,-108.51,0,0,0,0,0,111,0,0,0
636668,2018,6,1,"2018-06-01","11:00:00",3,"MT",30,0,1,0,0,0,0,45.82,-107.31,45.82,-107.31,0,0,0,0,0,3,0,0,0
636669,2018,6,1,"2018-06-01","11:04:00",3,"WY",56,0,0.88,0,0,0,0,43.87,-108.17,43.87,-108.17,0,0,0,0,0,43,0,0,0
636670,2018,6,1,"2018-06-01","11:30:00",3,"WY",56,0,1.5,0,0,0,0,43.81,-107.32,43.81,-107.32,0,0,0,0,0,43,0,0,0
636671,2018,6,1,"2018-06-01","12:15:00",3,"MT",30,0,1.5,0,0,0,0,46.27,-106.65,46.27,-106.65,0,0,0,0,0,87,0,0,0
636672,2018,6,1,"2018-06-01","12:30:00",3,"MT",30,0,0.75,0,0,0,0,46.34,-106.7,46.34,-106.7,0,0,0,0,0,87,0,0,0
636673,2018,6,1,"2018-06-01","13:20:00",3,"MT",30,0,1,0,0,0,0,46.69,-106.18,46.69,-106.18,0,0,0,0,0,87,0,0,0
636674,2018,6,1,"2018-06-01","13:30:00",3,"WY",56,0,1,0,0,0,0,44.34,-105.8,44.34,-105.8,0,0,0,0,0,5,0,0,0
636675,2018,6,1,"2018-06-01","13:40:00",3,"WY",56,0,1.5,0,0,0,0,44.37,-105.75,44.37,-105.75,0,0,0,0,0,5,0,0,0
636676,2018,6,1,"2018-06-01","13:40:00",3,"MT",30,0,1,0,0,0,0,46.9,-105.85,46.9,-105.85,0,0,0,0,0,79,0,0,0
636677,2018,6,1,"2018-06-01","14:00:00",3,"FL",12,0,1,0,0,0,0,29.81,-81.31,29.81,-81.31,0,0,0,0,0,109,0,0,0
636678,2018,6,1,"2018-06-01","14:10:00",3,"MS",28,0,1,0,0,0,0,34.335,-89.954,34.2745,-89.9344,0,0,0,0,0,107,0,0,0
636679,2018,6,1,"2018-06-01","14:12:00",3,"MS",28,0,0.88,0,0,0,0,34.32,-89.95,34.32,-89.95,0,0,0,0,0,107,0,0,0
636680,2018,6,1,"2018-06-01","14:15:00",3,"WY",56,0,1,0,0,0,0,44.4388,-104.8717,44.4388,-104.8717,0,0,0,0,0,11,0,0,0
636681,2018,6,1,"2018-06-01","14:25:00",3,"WY",56,0,2,0,0,0,0,44.5666,-104.6922,44.5666,-104.6922,0,0,0,0,0,11,0,0,0
636682,2018,6,1,"2018-06-01","14:25:00",3,"FL",12,0,1,0,0,0,0,30.22,-81.38,30.22,-81.38,0,0,0,0,0,109,0,0,0
636683,2018,6,1,"2018-06-01","14:30:00",3,"ND",38,0,1,0,0,0,0,46.88,-102.81,46.88,-102.81,0,0,0,0,0,89,0,0,0
636684,2018,6,1,"2018-06-01","14:30:00",3,"WY",56,0,1,0,0,0,0,44.68,-104.6,44.68,-104.6,0,0,0,0,0,11,0,0,0
636685,2018,6,1,"2018-06-01","14:35:00",3,"MT",30,0,1,0,0,0,0,47.3,-105.27,47.3,-105.27,0,0,0,0,0,21,0,0,0
636686,2018,6,1,"2018-06-01","14:50:00",3,"NC",37,0,0.75,0,0,0,0,35.22,-81.85,35.22,-81.85,0,0,0,0,0,161,0,0,0
636687,2018,6,1,"2018-06-01","15:05:00",3,"NY",36,0,0.75,0,0,0,0,42.91,-77.75,42.91,-77.75,0,0,0,0,0,51,0,0,0
636688,2018,6,1,"2018-06-01","15:05:00",3,"IL",17,0,1,0,0,0,24000,38.77,-88.3129,38.77,-88.3129,0,0,0,0,0,25,0,0,0
636689,2018,6,1,"2018-06-01","15:15:00",3,"WY",56,0,1,0,0,0,0,44.92,-104.2,44.92,-104.2,0,0,0,0,0,11,0,0,0
636690,2018,6,1,"2018-06-01","15:15:00",3,"MS",28,0,1,0,0,0,0,34.0548,-89.8924,34.031,-89.8567,0,0,0,0,0,161,0,0,0
636691,2018,6,1,"2018-06-01","15:27:00",3,"MT",30,0,1,0,0,0,0,47.65,-104.72,47.65,-104.72,0,0,0,0,0,83,0,0,0
636692,2018,6,1,"2018-06-01","15:30:00",3,"SD",46,0,1,0,0,0,0,43.05,-100.2,43.05,-100.2,0,0,0,0,0,121,0,0,0
636693,2018,6,1,"2018-06-01","15:35:00",3,"MT",30,0,1,0,0,0,0,47.68,-104.62,47.68,-104.62,0,0,0,0,0,83,0,0,0
636694,2018,6,1,"2018-06-01","15:35:00",3,"MT",30,0,1.75,0,0,0,0,47.68,-104.6201,47.68,-104.6201,0,0,0,0,0,83,0,0,0
636695,2018,6,1,"2018-06-01","15:36:00",3,"MT",30,0,1.5,0,0,0,0,47.78,-104.7,47.78,-104.7,0,0,0,0,0,83,0,0,0
636696,2018,6,1,"2018-06-01","15:45:00",3,"SD",46,0,1,0,0,0,0,43.0795,-100.158,43.0795,-100.158,0,0,0,0,0,123,0,0,0
636697,2018,6,1,"2018-06-01","15:50:00",3,"MT",30,0,1,0,0,0,0,47.87,-104.44,47.87,-104.44,0,0,0,0,0,83,0,0,0
636698,2018,6,1,"2018-06-01","15:50:00",3,"MT",30,0,1,0,0,0,0,47.72,-104.33,47.72,-104.33,0,0,0,0,0,83,0,0,0
636699,2018,6,1,"2018-06-01","15:52:00",3,"ND",38,0,1,0,0,0,0,47.61,-103.25,47.61,-103.25,0,0,0,0,0,53,0,0,0
636700,2018,6,1,"2018-06-01","16:00:00",3,"SD",46,0,1.75,0,0,0,0,44.7816,-103.5209,44.7816,-103.5209,0,0,0,0,0,19,0,0,0
636701,2018,6,1,"2018-06-01","16:00:00",3,"NE",31,0,1,0,0,0,0,42.96,-99.93,42.96,-99.93,0,0,0,0,0,103,0,0,0
636702,2018,6,1,"2018-06-01","16:00:00",3,"MT",30,0,1.75,0,0,0,0,47.96,-104.36,47.96,-104.36,0,0,0,0,0,83,0,0,0
636703,2018,6,1,"2018-06-01","16:00:00",3,"SD",46,0,1.25,0,0,0,0,44.739,-103.42,44.739,-103.42,0,0,0,0,0,19,0,0,0
636704,2018,6,1,"2018-06-01","16:07:00",3,"IL",17,0,0.75,0,0,0,0,38.38,-87.98,38.38,-87.98,0,0,0,0,0,47,0,0,0
636705,2018,6,1,"2018-06-01","16:10:00",3,"SD",46,0,2.25,0,0,0,0,45.38,-101.07,45.38,-101.07,0,0,0,0,0,41,0,0,0
636706,2018,6,1,"2018-06-01","16:20:00",3,"SD",46,0,1.75,0,0,0,0,45.43,-100.97,45.43,-100.97,0,0,0,0,0,41,0,0,0
636707,2018,6,1,"2018-06-01","16:30:00",3,"ND",38,0,1,0,0,0,0,46.6,-101.65,46.6,-101.65,0,0,0,0,0,37,0,0,0
636708,2018,6,1,"2018-06-01","16:40:00",3,"NE",31,0,1,0,0,0,0,42.61,-99.94,42.61,-99.94,0,0,0,0,0,17,0,0,0
636709,2018,6,1,"2018-06-01","16:40:00",3,"NE",31,0,1.5,0,0,0,0,42.67,-100.02,42.67,-100.02,0,0,0,0,0,17,0,0,0
636710,2018,6,1,"2018-06-01","16:40:00",3,"ND",38,0,1,0,0,0,0,48.12,-103.44,48.12,-103.44,0,0,0,0,0,105,0,0,0
636711,2018,6,1,"2018-06-01","16:41:00",3,"ND",38,0,1.5,0,0,0,0,47.55,-102.74,47.55,-102.74,0,0,0,0,0,25,0,0,0
636712,2018,6,1,"2018-06-01","16:45:00",3,"SD",46,0,1,0,0,0,0,43.3589,-99.8332,43.3589,-99.8332,0,0,0,0,0,123,0,0,0
636713,2018,6,1,"2018-06-01","16:46:00",3,"TX",48,0,2.75,0,0,5e+05,0,33.6823,-101.3909,33.6706,-101.385,0,0,0,0,0,107,0,0,0
636714,2018,6,1,"2018-06-01","16:47:00",3,"NE",31,0,1.25,0,0,0,0,42.66,-99.92,42.66,-99.92,0,0,0,0,0,17,0,0,0
636715,2018,6,1,"2018-06-01","16:47:00",3,"ND",38,0,1.5,0,0,0,0,46.62,-101.84,46.62,-101.84,0,0,0,0,0,37,0,0,0
636716,2018,6,1,"2018-06-01","16:51:00",3,"NE",31,0,2.5,0,0,0,0,42.55,-99.84,42.55,-99.84,0,0,0,0,0,17,0,0,0
636717,2018,6,1,"2018-06-01","16:52:00",3,"SD",46,0,1.25,0,0,0,0,45.77,-101.02,45.77,-101.02,0,0,0,0,0,31,0,0,0
636718,2018,6,1,"2018-06-01","17:00:00",3,"ND",38,0,2,0,0,0,0,47.41,-101.78,47.41,-101.78,0,0,0,0,0,57,0,0,0
636719,2018,6,1,"2018-06-01","17:02:00",3,"SD",46,0,1.5,0,0,0,0,45.49,-100.92,45.49,-100.92,0,0,0,0,0,31,0,0,0
636720,2018,6,1,"2018-06-01","17:14:00",3,"TX",48,0,1.75,0,0,1e+05,0,33.64,-101.24,33.64,-101.24,0,0,0,0,0,107,0,0,0
636721,2018,6,1,"2018-06-01","17:15:00",3,"NE",31,0,1,0,0,0,0,42.53,-99.7,42.53,-99.7,0,0,0,0,0,17,0,0,0
636722,2018,6,1,"2018-06-01","17:18:00",3,"NE",31,0,1,0,0,0,0,41.61,-99.85,41.61,-99.85,0,0,0,0,0,41,0,0,0
636723,2018,6,1,"2018-06-01","17:18:00",3,"ND",38,0,1,0,0,0,0,47.66,-101.84,47.66,-101.84,0,0,0,0,0,55,0,0,0
636724,2018,6,1,"2018-06-01","17:20:00",3,"ND",38,0,1,0,0,0,0,46.23,-101.59,46.23,-101.59,0,0,0,0,0,37,0,0,0
636725,2018,6,1,"2018-06-01","17:22:00",3,"WY",56,0,0.75,0,0,0,0,44.68,-104.6,44.68,-104.6,0,0,0,0,0,11,0,0,0
636726,2018,6,1,"2018-06-01","17:29:00",3,"NE",31,0,1.5,0,0,0,0,42.55,-99.86,42.55,-99.86,0,0,0,0,0,17,0,0,0
636727,2018,6,1,"2018-06-01","17:30:00",3,"SD",46,0,1.5,0,0,0,0,45.47,-100.73,45.47,-100.73,0,0,0,0,0,31,0,0,0
636728,2018,6,1,"2018-06-01","17:32:00",3,"NE",31,0,1,0,0,0,0,41.66,-99.72,41.66,-99.72,0,0,0,0,0,41,0,0,0
636729,2018,6,1,"2018-06-01","17:35:00",3,"SD",46,0,1,0,0,0,0,45.72,-100.76,45.72,-100.76,0,0,0,0,0,31,0,0,0
636730,2018,6,1,"2018-06-01","17:47:00",3,"NE",31,0,1.5,0,0,0,0,42.58,-99.54,42.58,-99.54,0,0,0,0,0,149,0,0,0
636731,2018,6,1,"2018-06-01","17:49:00",3,"NE",31,0,1,0,0,0,0,42.58,-99.54,42.58,-99.54,0,0,0,0,0,149,0,0,0
636732,2018,6,1,"2018-06-01","17:49:00",3,"ND",38,0,1.75,0,0,0,0,48.1,-101.85,48.1,-101.85,0,0,0,0,0,101,0,0,0
636733,2018,6,1,"2018-06-01","17:55:00",3,"SD",46,0,1,0,0,0,0,45.5,-100.44,45.5,-100.44,0,0,0,0,0,31,0,0,0
636734,2018,6,1,"2018-06-01","17:55:00",3,"ND",38,0,1.25,0,0,0,0,48.03,-101.96,48.03,-101.96,0,0,0,0,0,61,0,0,0
636735,2018,6,1,"2018-06-01","18:03:00",3,"TX",48,0,2.75,0,0,5e+05,0,33.48,-100.85,33.48,-100.85,0,0,0,0,0,125,0,0,0
636736,2018,6,1,"2018-06-01","18:30:00",3,"SD",46,0,1,0,0,0,0,45.49,-100.31,45.49,-100.31,0,0,0,0,0,129,0,0,0
636737,2018,6,1,"2018-06-01","18:30:00",3,"TX",48,0,1.75,0,0,0,0,32.7645,-101.4141,32.7645,-101.4141,0,0,0,0,0,33,0,0,0
636738,2018,6,1,"2018-06-01","18:40:00",3,"NE",31,0,1.5,0,0,0,0,41.8,-99.38,41.8,-99.38,0,0,0,0,0,115,0,0,0
636739,2018,6,1,"2018-06-01","18:45:00",3,"NE",31,0,1,0,0,0,0,42.21,-98.77,42.21,-98.77,0,0,0,0,0,89,0,0,0
636740,2018,6,1,"2018-06-01","19:03:00",3,"NE",31,0,1,0,0,0,0,42.13,-99.58,42.13,-99.58,0,0,0,0,0,149,0,0,0
636741,2018,6,1,"2018-06-01","19:14:00",3,"TX",48,0,1.75,0,0,0,0,33.26,-100.86,33.26,-100.86,0,0,0,0,0,263,0,0,0
636742,2018,6,1,"2018-06-01","19:15:00",3,"NE",31,0,2,0,0,0,0,41.83,-99.2,41.83,-99.2,0,0,0,0,0,71,0,0,0
636743,2018,6,1,"2018-06-01","19:16:00",3,"TX",48,0,1,0,0,0,0,32.6193,-101.1565,32.6193,-101.1565,0,0,0,0,0,415,0,0,0
636744,2018,6,1,"2018-06-01","19:17:00",3,"NE",31,0,1,0,0,0,0,41.6,-99.37,41.6,-99.37,0,0,0,0,0,41,0,0,0
636745,2018,6,1,"2018-06-01","19:17:00",3,"NE",31,0,2,0,0,0,0,41.85,-99.13,41.85,-99.13,0,0,0,0,0,71,0,0,0
636746,2018,6,1,"2018-06-01","19:17:00",3,"NE",31,0,1.75,0,0,0,0,41.9,-99.13,41.9,-99.13,0,0,0,0,0,71,0,0,0
636747,2018,6,1,"2018-06-01","19:40:00",3,"NE",31,0,1.25,0,0,0,0,41.37,-99.55,41.37,-99.55,0,0,0,0,0,41,0,0,0
636748,2018,6,1,"2018-06-01","19:40:00",3,"SD",46,0,1,0,0,0,0,45.5,-99.89,45.5,-99.89,0,0,0,0,0,129,0,0,0
636749,2018,6,1,"2018-06-01","19:45:00",3,"NE",31,0,2,0,0,0,0,41.78,-99.13,41.78,-99.13,0,0,0,0,0,71,0,0,0
636750,2018,6,1,"2018-06-01","19:50:00",3,"NE",31,0,1.5,0,0,0,0,41.78,-99.13,41.78,-99.13,0,0,0,0,0,71,0,0,0
636751,2018,6,1,"2018-06-01","20:00:00",3,"TX",48,0,1.5,0,0,0,0,33.21,-100.48,33.21,-100.48,0,0,0,0,0,433,0,0,0
636752,2018,6,1,"2018-06-01","20:07:00",3,"TX",48,0,1.75,0,0,0,0,32.5107,-101.0664,32.5107,-101.0664,0,0,0,0,0,335,0,0,0
636753,2018,6,1,"2018-06-01","20:16:00",3,"NE",31,0,0.88,0,0,0,0,41.6,-98.93,41.6,-98.93,0,0,0,0,0,175,0,0,0
636754,2018,6,1,"2018-06-01","20:31:00",3,"TX",48,0,1,0,0,0,0,32.35,-101.0371,32.35,-101.0371,0,0,0,0,0,335,0,0,0
636755,2018,6,1,"2018-06-01","21:13:00",3,"NE",31,0,1,0,0,0,0,41.1102,-99.0936,41.1102,-99.0936,0,0,0,0,0,163,0,0,0
636756,2018,6,1,"2018-06-01","21:32:00",3,"NE",31,0,1.5,0,0,15000,150000,41.2131,-98.9432,41.2131,-98.9432,0,0,0,0,0,163,0,0,0
636757,2018,6,1,"2018-06-01","21:52:00",3,"NE",31,0,1,0,0,0,0,41.09,-98.91,41.09,-98.91,0,0,0,0,0,163,0,0,0
636758,2018,6,1,"2018-06-01","22:57:00",3,"NE",31,0,0.88,0,0,0,0,41.0511,-97.9,41.0511,-97.9,0,0,0,0,0,81,0,0,0
636759,2018,6,1,"2018-06-01","23:39:00",3,"NE",31,0,0.75,0,0,0,0,40.33,-99.03,40.33,-99.03,0,0,0,0,0,61,0,0,0
636760,2018,6,2,"2018-06-02","12:53:00",3,"AR",5,0,1.75,0,0,0,0,36.21,-93.12,36.21,-93.12,0,0,0,0,0,9,0,0,0
636761,2018,6,2,"2018-06-02","13:13:00",3,"SC",45,0,1,0,0,0,0,35.04,-80.96,35.04,-80.96,0,0,0,0,0,91,0,0,0
636762,2018,6,2,"2018-06-02","13:30:00",3,"AR",5,0,1,0,0,0,0,35.92,-93.06,35.92,-93.06,0,0,0,0,0,101,0,0,0
636763,2018,6,2,"2018-06-02","13:46:00",3,"OK",40,0,1,0,0,0,0,34.83,-94.63,34.83,-94.63,0,0,0,0,0,79,0,0,0
636764,2018,6,2,"2018-06-02","14:40:00",3,"AR",5,0,1,0,0,0,0,34.58,-94.24,34.58,-94.24,0,0,0,0,0,113,0,0,0
636765,2018,6,2,"2018-06-02","14:43:00",3,"GA",13,0,1,0,0,0,0,32.33,-81.44,32.33,-81.44,0,0,0,0,0,103,0,0,0
636766,2018,6,2,"2018-06-02","14:50:00",3,"GA",13,0,0.88,0,0,0,0,32.01,-80.98,32.01,-80.98,0,0,0,0,0,51,0,0,0
636767,2018,6,2,"2018-06-02","15:30:00",3,"MO",29,0,1.5,0,0,0,0,37.83,-92,37.83,-92,0,0,0,0,0,161,0,0,0
636768,2018,6,2,"2018-06-02","15:42:00",3,"AR",5,0,3,0,0,0,0,35.42,-92.99,35.42,-92.99,0,0,0,0,0,115,0,0,0
636769,2018,6,2,"2018-06-02","15:45:00",3,"AR",5,0,2.75,0,0,0,0,35.42,-92.98,35.42,-92.98,0,0,0,0,0,115,0,0,0
636770,2018,6,2,"2018-06-02","15:54:00",3,"AR",5,0,2.5,0,0,0,0,35.39,-93.03,35.39,-93.03,0,0,0,0,0,115,0,0,0
636771,2018,6,2,"2018-06-02","15:55:00",3,"AR",5,0,1.5,0,0,0,0,35.4,-93.03,35.4,-93.03,0,0,0,0,0,115,0,0,0
636772,2018,6,2,"2018-06-02","15:55:00",3,"MO",29,0,2.5,0,0,8000,0,37.51,-91.82,37.51,-91.82,0,0,0,0,0,215,0,0,0
636773,2018,6,2,"2018-06-02","16:33:00",3,"NC",37,0,1,0,0,0,0,35.67,-80.54,35.67,-80.54,0,0,0,0,0,159,0,0,0
636774,2018,6,2,"2018-06-02","16:33:00",3,"MO",29,0,1,0,0,0,0,37.63,-91.67,37.63,-91.67,0,0,0,0,0,65,0,0,0
636775,2018,6,2,"2018-06-02","17:02:00",3,"SC",45,0,0.75,0,0,0,0,33.1,-80.04,33.1,-80.04,0,0,0,0,0,15,0,0,0
636776,2018,6,2,"2018-06-02","18:15:00",3,"AR",5,0,1.5,0,0,0,0,34.67,-93,34.67,-93,0,0,0,0,0,51,0,0,0
636777,2018,6,2,"2018-06-02","18:20:00",3,"AR",5,0,2,0,0,0,0,34.63,-93.06,34.63,-93.06,0,0,0,0,0,51,0,0,0
636778,2018,6,2,"2018-06-02","18:20:00",3,"TX",48,0,1.5,0,0,0,0,30.86,-101.38,30.86,-101.38,0,0,0,0,0,105,0,0,0
636779,2018,6,2,"2018-06-02","18:27:00",3,"AR",5,0,1.25,0,0,0,0,34.67,-93,34.67,-93,0,0,0,0,0,51,0,0,0
636780,2018,6,2,"2018-06-02","18:40:00",3,"TX",48,0,0.88,0,0,0,0,30.63,-100.71,30.63,-100.71,0,0,0,0,0,435,0,0,0
636781,2018,6,2,"2018-06-02","19:35:00",3,"MO",29,0,1.25,0,0,0,0,36.55,-91.24,36.55,-91.24,0,0,0,0,0,149,0,0,0
636782,2018,6,2,"2018-06-02","20:15:00",3,"TX",48,0,1,0,0,0,0,32.47,-98.68,32.47,-98.68,0,0,0,0,0,133,0,0,0
636783,2018,6,2,"2018-06-02","20:30:00",3,"TX",48,0,1,0,0,0,0,32.35,-98.76,32.35,-98.76,0,0,0,0,0,133,0,0,0
636784,2018,6,2,"2018-06-02","22:59:00",3,"TX",48,0,2,0,0,0,0,30.92,-101.88,30.92,-101.88,0,0,0,0,0,371,0,0,0
636785,2018,6,3,"2018-06-03","00:29:00",3,"MS",28,0,1,0,0,1000,5000,33.95,-90.77,33.95,-90.77,0,0,0,0,0,11,0,0,0
636786,2018,6,3,"2018-06-03","03:00:00",3,"AR",5,0,1,0,0,2000,5000,33.23,-91.8,33.23,-91.8,0,0,0,0,0,3,0,0,0
636787,2018,6,3,"2018-06-03","12:56:00",3,"NM",35,0,0.88,0,0,0,0,34.9693,-107.814,34.9693,-107.814,0,0,0,0,0,6,0,0,0
636788,2018,6,3,"2018-06-03","13:05:00",3,"NM",35,0,0.88,0,0,0,0,36.75,-108.19,36.75,-108.19,0,0,0,0,0,45,0,0,0
636789,2018,6,3,"2018-06-03","13:10:00",3,"NM",35,0,0.88,0,0,0,0,36.79,-108.15,36.79,-108.15,0,0,0,0,0,45,0,0,0
636790,2018,6,3,"2018-06-03","13:22:00",3,"NM",35,0,1.75,0,0,0,0,35.01,-107.6,35.01,-107.6,0,0,0,0,0,6,0,0,0
636791,2018,6,3,"2018-06-03","13:31:00",3,"GA",13,0,1,0,0,0,0,34.7,-85.28,34.7,-85.28,0,0,0,0,0,295,0,0,0
636792,2018,6,3,"2018-06-03","14:38:00",3,"GA",13,0,1.5,0,0,0,0,34.568,-83.177,34.568,-83.177,0,0,0,0,0,257,0,0,0
636793,2018,6,3,"2018-06-03","15:23:00",3,"NM",35,0,1.25,0,0,0,0,34.52,-106.77,34.52,-106.77,0,0,0,0,0,53,0,0,0
636794,2018,6,3,"2018-06-03","15:25:00",3,"NM",35,0,0.88,0,0,0,0,34.08,-103.34,34.08,-103.34,0,0,0,0,0,41,0,0,0
636795,2018,6,3,"2018-06-03","15:35:00",3,"NC",37,0,1,0,0,0,0,35.368,-82.524,35.368,-82.524,0,0,0,0,0,89,0,0,0
636796,2018,6,3,"2018-06-03","15:35:00",3,"NM",35,0,1,0,0,0,0,34.8,-106.59,34.8,-106.59,0,0,0,0,0,61,0,0,0
636797,2018,6,3,"2018-06-03","15:35:00",3,"NM",35,0,1,0,0,0,0,34.61,-106.78,34.61,-106.78,0,0,0,0,0,61,0,0,0
636798,2018,6,3,"2018-06-03","15:35:00",3,"NM",35,0,1.5,0,0,5000,0,34.59,-106.78,34.59,-106.78,0,0,0,0,0,61,0,0,0
636799,2018,6,3,"2018-06-03","15:38:00",3,"TX",48,0,1.75,0,0,0,0,31.05,-104.82,31.05,-104.82,0,0,0,0,0,109,0,0,0
636800,2018,6,3,"2018-06-03","16:00:00",3,"FL",12,0,1,0,0,0,0,30.42,-85.69,30.42,-85.69,0,0,0,0,0,5,0,0,0
636801,2018,6,3,"2018-06-03","16:00:00",3,"NM",35,0,1,0,0,0,0,34.48,-106.57,34.48,-106.57,0,0,0,0,0,61,0,0,0
636802,2018,6,3,"2018-06-03","16:17:00",3,"FL",12,0,1,0,0,0,0,29.47,-82.36,29.47,-82.36,0,0,0,0,0,83,0,0,0
636803,2018,6,3,"2018-06-03","16:20:00",3,"FL",12,0,1,0,0,0,0,29.4,-82.35,29.4,-82.35,0,0,0,0,0,83,0,0,0
636804,2018,6,3,"2018-06-03","16:30:00",3,"NC",37,0,1,0,0,0,0,35.661,-81.787,35.658,-81.737,0,0,0,0,0,23,0,0,0
636805,2018,6,3,"2018-06-03","16:35:00",3,"NM",35,0,0.88,0,0,0,0,34.47,-106.31,34.47,-106.31,0,0,0,0,0,57,0,0,0
636806,2018,6,3,"2018-06-03","16:44:00",3,"TX",48,0,0.88,0,0,0,0,30.64,-101.2,30.64,-101.2,0,0,0,0,0,105,0,0,0
636807,2018,6,3,"2018-06-03","16:53:00",3,"NC",37,0,0.75,0,0,0,0,35.63,-81.52,35.63,-81.52,0,0,0,0,0,23,0,0,0
636808,2018,6,3,"2018-06-03","16:54:00",3,"TX",48,0,0.88,0,0,0,0,30.18,-99.37,30.18,-99.37,0,0,0,0,0,265,0,0,0
636809,2018,6,3,"2018-06-03","17:30:00",3,"FL",12,0,1,0,0,0,0,29.89,-81.31,29.89,-81.31,0,0,0,0,0,109,0,0,0
636810,2018,6,3,"2018-06-03","17:32:00",3,"FL",12,0,0.88,0,0,0,0,29.88,-81.32,29.88,-81.32,0,0,0,0,0,109,0,0,0
636811,2018,6,3,"2018-06-03","17:38:00",3,"FL",12,0,2,0,0,0,0,29.84,-81.29,29.84,-81.29,0,0,0,0,0,109,0,0,0
636812,2018,6,3,"2018-06-03","17:39:00",3,"NC",37,0,1,0,0,0,0,35.44,-81.16,35.44,-81.16,0,0,0,0,0,109,0,0,0
636813,2018,6,3,"2018-06-03","17:45:00",3,"GA",13,0,1,0,0,0,0,32.9637,-84.2301,32.9637,-84.2301,0,0,0,0,0,293,0,0,0
636814,2018,6,3,"2018-06-03","17:51:00",3,"TX",48,0,1,0,0,0,0,30.5353,-104.68,30.5353,-104.68,0,0,0,0,0,377,0,0,0
636815,2018,6,3,"2018-06-03","18:26:00",3,"TX",48,0,1,0,0,0,0,30.92,-101.88,30.92,-101.88,0,0,0,0,0,371,0,0,0
636816,2018,6,3,"2018-06-03","18:35:00",3,"TX",48,0,2,0,0,0,0,30.92,-101.88,30.92,-101.88,0,0,0,0,0,371,0,0,0
636817,2018,6,3,"2018-06-03","19:50:00",3,"NM",35,0,2.5,0,0,1e+05,0,32.3686,-103.8468,32.3686,-103.8468,0,0,0,0,0,15,0,0,0
636818,2018,6,3,"2018-06-03","20:30:00",3,"TX",48,0,2.5,0,0,1000,0,31.9386,-102.1524,31.9386,-102.1524,0,0,0,0,0,329,0,0,0
636819,2018,6,3,"2018-06-03","20:30:00",3,"TX",48,0,1.75,0,0,0,0,32,-102.08,32,-102.08,0,0,0,0,0,329,0,0,0
636820,2018,6,3,"2018-06-03","20:30:00",3,"TX",48,0,1.75,0,0,15000,0,31.9145,-102.1223,31.9145,-102.1223,0,0,0,0,0,329,0,0,0
636821,2018,6,3,"2018-06-03","20:30:00",3,"TX",48,0,2.5,0,0,20000,0,31.9234,-102.1251,31.9234,-102.1251,0,0,0,0,0,329,0,0,0
636822,2018,6,3,"2018-06-03","20:39:00",3,"TX",48,0,1,0,0,0,0,31.9723,-102.1588,31.9723,-102.1588,0,0,0,0,0,329,0,0,0
636823,2018,6,3,"2018-06-03","20:45:00",3,"TX",48,0,1.25,0,0,0,0,32,-102.1653,32,-102.1653,0,0,0,0,0,329,0,0,0
636824,2018,6,3,"2018-06-03","20:45:00",3,"TX",48,0,2,0,0,0,0,31.9884,-101.9989,31.9884,-101.9989,0,0,0,0,0,329,0,0,0
636825,2018,6,3,"2018-06-03","21:12:00",3,"SC",45,0,0.75,0,0,0,0,33.901,-81.278,33.901,-81.278,0,0,0,0,0,63,0,0,0
636826,2018,6,3,"2018-06-03","21:13:00",3,"SC",45,0,1,0,0,0,0,33.89,-81.26,33.89,-81.26,0,0,0,0,0,63,0,0,0
636827,2018,6,3,"2018-06-03","21:14:00",3,"SC",45,0,1,0,0,0,0,33.8947,-81.2548,33.8947,-81.2548,0,0,0,0,0,63,0,0,0
636828,2018,6,3,"2018-06-03","21:15:00",3,"TX",48,0,2,0,0,0,0,32.2386,-101.8974,32.2386,-101.8974,0,0,0,0,0,317,0,0,0
636829,2018,6,3,"2018-06-03","21:16:00",3,"SC",45,0,1,0,0,0,0,33.9081,-81.2235,33.9081,-81.2235,0,0,0,0,0,63,0,0,0
636830,2018,6,3,"2018-06-03","21:24:00",3,"SC",45,0,1,0,0,0,0,33.8991,-81.1496,33.8991,-81.1496,0,0,0,0,0,63,0,0,0
636831,2018,6,3,"2018-06-03","23:15:00",3,"TX",48,0,0.88,0,0,0,0,30.57,-97.4,30.57,-97.4,0,0,0,0,0,491,0,0,0
636832,2018,6,4,"2018-06-04","13:55:00",3,"FL",12,0,0.88,0,0,0,0,28.52,-80.87,28.52,-80.87,0,0,0,0,0,9,0,0,0
636833,2018,6,4,"2018-06-04","15:20:00",3,"LA",22,0,1,0,0,0,0,30.09,-91.7,30.09,-91.7,0,0,0,0,0,45,0,0,0
636834,2018,6,4,"2018-06-04","16:40:00",3,"MT",30,0,1,0,0,0,0,47.25,-110.5,47.25,-110.5,0,0,0,0,0,45,0,0,0
636835,2018,6,4,"2018-06-04","16:50:00",3,"MT",30,0,1,0,0,0,0,47.46,-107.79,47.46,-107.79,0,0,0,0,0,33,0,0,0
636836,2018,6,4,"2018-06-04","17:58:00",3,"MT",30,0,1.75,0,0,0,0,46.36,-108.47,46.36,-108.47,0,0,0,0,0,65,0,0,0
636837,2018,6,4,"2018-06-04","17:59:00",3,"MT",30,0,0.88,0,0,0,0,46.45,-108.55,46.45,-108.55,0,0,0,0,0,65,0,0,0
636838,2018,6,4,"2018-06-04","18:33:00",3,"MT",30,0,1,0,0,0,0,47.3602,-110.0951,47.3602,-110.0951,0,0,0,0,0,27,0,0,0
636839,2018,6,4,"2018-06-04","19:07:00",3,"MT",30,0,1,0,0,0,0,46.55,-107.77,46.55,-107.77,0,0,0,0,0,87,0,0,0
636840,2018,6,4,"2018-06-04","19:36:00",3,"TX",48,0,1,0,0,0,0,32.4253,-95.2121,32.4253,-95.2121,0,0,0,0,0,423,0,0,0
636841,2018,6,4,"2018-06-04","20:58:00",3,"MT",30,0,1,0,0,0,0,47.19,-108.47,47.19,-108.47,0,0,0,0,0,69,0,0,0
636842,2018,6,4,"2018-06-04","21:00:00",3,"MT",30,0,1,0,0,0,0,47.23,-108.31,47.23,-108.31,0,0,0,0,0,69,0,0,0
636843,2018,6,5,"2018-06-05","02:15:00",3,"OK",40,0,1.75,0,0,0,0,34.19,-97.27,34.19,-97.27,0,0,0,0,0,19,0,0,0
636844,2018,6,5,"2018-06-05","05:45:00",3,"OK",40,0,1,0,0,0,0,34.63,-96.84,34.63,-96.84,0,0,0,0,0,123,0,0,0
636845,2018,6,5,"2018-06-05","06:54:00",3,"TX",48,0,1,0,0,0,0,33.2,-96.62,33.2,-96.62,0,0,0,0,0,85,0,0,0
636846,2018,6,5,"2018-06-05","14:53:00",3,"PA",42,0,1,0,0,0,0,40.6,-79.58,40.6,-79.58,0,0,0,0,0,129,0,0,0
636847,2018,6,5,"2018-06-05","14:58:00",3,"PA",42,0,1,0,0,0,0,40.55,-79.56,40.55,-79.56,0,0,0,0,0,129,0,0,0
636848,2018,6,5,"2018-06-05","14:59:00",3,"PA",42,0,0.75,0,0,0,0,40.55,-79.55,40.55,-79.55,0,0,0,0,0,129,0,0,0
636849,2018,6,5,"2018-06-05","17:51:00",3,"MT",30,0,0.88,0,0,0,0,45.39,-104.54,45.39,-104.54,0,0,0,0,0,11,0,0,0
636850,2018,6,5,"2018-06-05","18:56:00",3,"TX",48,0,1,0,0,0,0,34.71,-100.5821,34.71,-100.5821,0,0,0,0,0,191,0,0,0
636851,2018,6,5,"2018-06-05","20:00:00",3,"SD",46,0,1,0,0,0,0,45.38,-102.57,45.38,-102.57,0,0,0,0,0,105,0,0,0
636852,2018,6,5,"2018-06-05","20:02:00",3,"SD",46,0,3,0,0,0,0,44.9528,-103.2813,44.9528,-103.2813,0,0,0,0,0,19,0,0,0
636853,2018,6,5,"2018-06-05","20:28:00",3,"SD",46,0,1.25,0,0,0,0,45.2643,-102.3119,45.2643,-102.3119,0,0,0,0,0,105,0,0,0
636854,2018,6,5,"2018-06-05","21:00:00",3,"SD",46,0,0.88,0,0,0,0,44.9,-102.6026,44.9,-102.6026,0,0,0,0,0,93,0,0,0
636855,2018,6,5,"2018-06-05","21:06:00",3,"SD",46,0,1.75,0,0,0,0,45.82,-101.54,45.82,-101.54,0,0,0,0,0,31,0,0,0
636856,2018,6,5,"2018-06-05","21:08:00",3,"ND",38,0,0.75,0,0,0,0,47.26,-99.97,47.26,-99.97,0,0,0,0,0,43,0,0,0
636857,2018,6,5,"2018-06-05","21:26:00",3,"SD",46,0,1,0,0,0,0,45,-101.24,45,-101.24,0,0,0,0,0,41,0,0,0
636858,2018,6,5,"2018-06-05","21:35:00",3,"SD",46,0,1.25,0,0,0,0,45,-101.24,45,-101.24,0,0,0,0,0,41,0,0,0
636859,2018,6,5,"2018-06-05","22:00:00",3,"ND",38,0,1,0,0,0,0,46.76,-98.34,46.76,-98.34,0,0,0,0,0,3,0,0,0
636860,2018,6,5,"2018-06-05","22:10:00",3,"ND",38,0,2,0,0,0,0,46.25,-99.2,46.25,-99.2,0,0,0,0,0,51,0,0,0
636861,2018,6,5,"2018-06-05","22:15:00",3,"ND",38,0,1,0,0,0,0,47.15,-98.38,47.15,-98.38,0,0,0,0,0,3,0,0,0
636862,2018,6,5,"2018-06-05","22:16:00",3,"ND",38,0,0.75,0,0,0,0,47.8,-97.81,47.8,-97.81,0,0,0,0,0,35,0,0,0
636863,2018,6,5,"2018-06-05","22:28:00",3,"ND",38,0,1.75,0,0,0,0,46.71,-98.07,46.71,-98.07,0,0,0,0,0,3,0,0,0
636864,2018,6,5,"2018-06-05","22:29:00",3,"ND",38,0,1.75,0,0,0,0,47.11,-98.03,47.11,-98.03,0,0,0,0,0,3,0,0,0
636865,2018,6,5,"2018-06-05","22:30:00",3,"ND",38,0,0.75,0,0,0,0,46.68,-97.97,46.68,-97.97,0,0,0,0,0,3,0,0,0
636866,2018,6,5,"2018-06-05","22:58:00",3,"ND",38,0,1.75,0,0,0,0,47.6,-97.19,47.6,-97.19,0,0,0,0,0,97,0,0,0
636867,2018,6,5,"2018-06-05","23:05:00",3,"ND",38,0,1.75,0,0,0,0,47.6,-97.21,47.6,-97.21,0,0,0,0,0,97,0,0,0
636868,2018,6,5,"2018-06-05","23:34:00",3,"ND",38,0,1,0,0,0,0,46.92,-97.55,46.92,-97.55,0,0,0,0,0,17,0,0,0
636869,2018,6,5,"2018-06-05","23:35:00",3,"ND",38,0,1.5,0,0,0,0,47.11,-97.85,47.11,-97.85,0,0,0,0,0,3,0,0,0
636870,2018,6,6,"2018-06-06","00:15:00",3,"TX",48,0,1.25,0,0,0,0,33.09,-96.87,33.09,-96.87,0,0,0,0,0,121,0,0,0
636871,2018,6,6,"2018-06-06","00:18:00",3,"TX",48,0,1,0,0,0,0,33.02,-96.72,33.02,-96.72,0,0,0,0,0,85,0,0,0
636872,2018,6,6,"2018-06-06","00:29:00",3,"TX",48,0,1.5,0,0,0,0,33.17,-96.54,33.17,-96.54,0,0,0,0,0,85,0,0,0
636873,2018,6,6,"2018-06-06","00:30:00",3,"TX",48,0,1.25,0,0,0,0,33.09,-96.89,33.09,-96.89,0,0,0,0,0,121,0,0,0
636874,2018,6,6,"2018-06-06","00:33:00",3,"TX",48,0,1.75,0,0,10000,0,33,-96.9,33,-96.9,0,0,0,0,0,121,0,0,0
636875,2018,6,6,"2018-06-06","00:50:00",3,"TX",48,0,3,0,0,3e+05,0,32.95,-97.02,32.95,-97.02,0,0,0,0,0,113,0,0,0
636876,2018,6,6,"2018-06-06","00:50:00",3,"TX",48,0,1.5,0,0,0,0,32.92,-96.92,32.92,-96.92,0,0,0,0,0,113,0,0,0
636877,2018,6,6,"2018-06-06","00:50:00",3,"TX",48,0,2.75,0,0,50000,0,32.97,-97,32.97,-97,0,0,0,0,0,113,0,0,0
636878,2018,6,6,"2018-06-06","00:55:00",3,"TX",48,0,1.5,0,0,0,0,31.6,-100.18,31.6,-100.18,0,0,0,0,0,399,0,0,0
636879,2018,6,6,"2018-06-06","00:58:00",3,"TX",48,0,2.75,0,0,3e+05,0,33.03,-96.94,33.03,-96.94,0,0,0,0,0,121,0,0,0
636880,2018,6,6,"2018-06-06","01:00:00",3,"TX",48,0,3,0,0,250000,0,32.95,-96.9,32.95,-96.9,0,0,0,0,0,113,0,0,0
636881,2018,6,6,"2018-06-06","01:11:00",3,"TX",48,0,1.5,0,0,0,0,31.55,-100.32,31.55,-100.32,0,0,0,0,0,451,0,0,0
636882,2018,6,6,"2018-06-06","01:18:00",3,"TX",48,0,1.75,0,0,50000,0,32.79,-97.03,32.79,-97.03,0,0,0,0,0,113,0,0,0
636883,2018,6,6,"2018-06-06","01:21:00",3,"TX",48,0,0.88,0,0,0,0,32.83,-97.08,32.83,-97.08,0,0,0,0,0,439,0,0,0
636884,2018,6,6,"2018-06-06","01:45:00",3,"TX",48,0,2,0,0,30000,0,32.73,-97.12,32.73,-97.12,0,0,0,0,0,439,0,0,0
636885,2018,6,6,"2018-06-06","01:47:00",3,"TX",48,0,1.5,0,0,0,0,32.73,-97.12,32.73,-97.12,0,0,0,0,0,439,0,0,0
636886,2018,6,6,"2018-06-06","01:48:00",3,"AK",2,0,1,0,0,0,0,60.5988,-160.7668,60.1045,-162.1483,0,0,0,0,0,155,0,0,0
636887,2018,6,6,"2018-06-06","01:54:00",3,"TX",48,0,2.5,0,0,1e+05,0,32.73,-97.09,32.73,-97.09,0,0,0,0,0,439,0,0,0
636888,2018,6,6,"2018-06-06","02:07:00",3,"TX",48,0,1,0,0,0,0,33.3,-96.98,33.3,-96.98,0,0,0,0,0,121,0,0,0
636889,2018,6,6,"2018-06-06","02:13:00",3,"TX",48,0,1,0,0,0,0,33.23,-96.99,33.23,-96.99,0,0,0,0,0,121,0,0,0
636890,2018,6,6,"2018-06-06","02:23:00",3,"TX",48,0,1,0,0,0,0,33.28,-96.99,33.28,-96.99,0,0,0,0,0,121,0,0,0
636891,2018,6,6,"2018-06-06","03:00:00",3,"MN",27,0,1,0,0,0,0,43.74,-95.91,43.74,-95.91,0,0,0,0,0,105,0,0,0
636892,2018,6,6,"2018-06-06","05:50:00",3,"IA",19,0,0.88,0,0,0,0,42.74,-94.67,42.74,-94.67,0,0,0,0,0,151,0,0,0
636893,2018,6,6,"2018-06-06","06:50:00",3,"WI",55,0,0.88,0,0,0,0,43.92,-90.27,43.92,-90.27,0,0,0,0,0,57,0,0,0
636894,2018,6,6,"2018-06-06","08:47:00",3,"IA",19,0,0.75,0,0,0,0,42.66,-94.22,42.66,-94.22,0,0,0,0,0,91,0,0,0
636895,2018,6,6,"2018-06-06","09:35:00",3,"IA",19,0,1,0,0,0,0,42.53,-94.81,42.53,-94.81,0,0,0,0,0,25,0,0,0
636896,2018,6,6,"2018-06-06","14:14:00",3,"IA",19,0,1,0,0,0,0,42.63,-94.76,42.63,-94.76,0,0,0,0,0,151,0,0,0
636897,2018,6,6,"2018-06-06","14:49:00",3,"IA",19,0,0.88,0,0,0,0,42.51,-94.18,42.51,-94.18,0,0,0,0,0,187,0,0,0
636898,2018,6,6,"2018-06-06","14:54:00",3,"IA",19,0,1,0,0,0,0,42.49,-94.17,42.49,-94.17,0,0,0,0,0,187,0,0,0
636899,2018,6,6,"2018-06-06","15:00:00",3,"IA",19,0,0.88,0,0,0,0,42.52,-94.17,42.52,-94.17,0,0,0,0,0,187,0,0,0
636900,2018,6,6,"2018-06-06","15:05:00",3,"IA",19,0,1.75,0,0,0,0,42.24,-93.88,42.24,-93.88,0,0,0,0,0,79,0,0,0
636901,2018,6,6,"2018-06-06","15:10:00",3,"NE",31,0,0.88,0,0,0,0,41.3393,-97.9391,41.3393,-97.9391,0,0,0,0,0,125,0,0,0
636902,2018,6,6,"2018-06-06","15:15:00",3,"IA",19,0,0.88,0,0,0,0,42.45,-94.64,42.45,-94.64,0,0,0,0,0,25,0,0,0
636903,2018,6,6,"2018-06-06","15:17:00",3,"IA",19,0,1,0,0,0,0,42.5,-94.04,42.5,-94.04,0,0,0,0,0,187,0,0,0
636904,2018,6,6,"2018-06-06","15:23:00",3,"IA",19,0,0.88,0,0,0,0,42.4,-92.8,42.4,-92.8,0,0,0,0,0,75,0,0,0
636905,2018,6,6,"2018-06-06","15:26:00",3,"IA",19,0,1,0,0,0,0,42.29,-93.8,42.29,-93.8,0,0,0,0,0,79,0,0,0
636906,2018,6,6,"2018-06-06","15:27:00",3,"IA",19,0,1.5,0,0,0,0,42.3,-93.76,42.3,-93.76,0,0,0,0,0,79,0,0,0
636907,2018,6,6,"2018-06-06","15:28:00",3,"IA",19,0,1,0,0,0,0,42.28,-93.74,42.28,-93.74,0,0,0,0,0,79,0,0,0
636908,2018,6,6,"2018-06-06","15:38:00",3,"IA",19,0,1.75,0,0,0,0,42.28,-93.74,42.28,-93.74,0,0,0,0,0,79,0,0,0
636909,2018,6,6,"2018-06-06","15:44:00",3,"IA",19,0,1,0,0,0,0,42.27,-94.61,42.27,-94.61,0,0,0,0,0,25,0,0,0
636910,2018,6,6,"2018-06-06","15:45:00",3,"IA",19,0,1.75,0,0,0,0,42.31,-93.64,42.31,-93.64,0,0,0,0,0,79,0,0,0
636911,2018,6,6,"2018-06-06","16:02:00",3,"NE",31,0,0.88,0,0,0,0,42,-96.25,42,-96.25,0,0,0,0,0,21,0,0,0
636912,2018,6,6,"2018-06-06","16:03:00",3,"WY",56,0,1,0,0,0,0,44.1,-108.9389,44.15,-108.9507,0,0,0,0,0,29,0,0,0
636913,2018,6,6,"2018-06-06","16:04:00",3,"IA",19,0,2,0,0,0,0,42.19,-92.46,42.19,-92.46,0,0,0,0,0,171,0,0,0
636914,2018,6,6,"2018-06-06","16:05:00",3,"NM",35,0,0.75,0,0,0,0,32.35,-108.7,32.35,-108.7,0,0,0,0,0,23,0,0,0
636915,2018,6,6,"2018-06-06","16:08:00",3,"IA",19,0,1,0,0,0,0,42.05,-93.8,42.05,-93.8,0,0,0,0,0,15,0,0,0
636916,2018,6,6,"2018-06-06","16:14:00",3,"IA",19,0,1,0,0,0,0,42.08,-95.1,42.08,-95.1,0,0,0,0,0,47,0,0,0
636917,2018,6,6,"2018-06-06","16:14:00",3,"IA",19,0,0.75,0,0,0,0,42.11,-93.65,42.11,-93.65,0,0,0,0,0,169,0,0,0
636918,2018,6,6,"2018-06-06","16:18:00",3,"IA",19,0,1.25,0,0,0,0,42.19,-92.47,42.19,-92.47,0,0,0,0,0,171,0,0,0
636919,2018,6,6,"2018-06-06","16:20:00",3,"IA",19,0,1,0,0,0,0,42.03,-93.71,42.03,-93.71,0,0,0,0,0,15,0,0,0
636920,2018,6,6,"2018-06-06","16:23:00",3,"NE",31,0,1,0,0,0,0,42,-96.25,42,-96.25,0,0,0,0,0,21,0,0,0
636921,2018,6,6,"2018-06-06","16:29:00",3,"IA",19,0,1.5,0,0,0,0,42.05,-93.63,42.05,-93.63,0,0,0,0,0,169,0,0,0
636922,2018,6,6,"2018-06-06","16:29:00",3,"NE",31,0,1.75,0,0,0,0,41.84,-96.47,41.84,-96.47,0,0,0,0,0,21,0,0,0
636923,2018,6,6,"2018-06-06","16:30:00",3,"IA",19,0,1,0,0,0,0,42.02,-93.64,42.02,-93.64,0,0,0,0,0,169,0,0,0
636924,2018,6,6,"2018-06-06","16:34:00",3,"NE",31,0,1.75,0,0,0,0,41.83,-96.4201,41.83,-96.4201,0,0,0,0,0,21,0,0,0
636925,2018,6,6,"2018-06-06","16:35:00",3,"IA",19,0,1.25,0,0,0,0,42.2,-92.12,42.2,-92.12,0,0,0,0,0,11,0,0,0
636926,2018,6,6,"2018-06-06","16:39:00",3,"IA",19,0,1,0,0,0,0,42.04,-93.63,42.04,-93.63,0,0,0,0,0,169,0,0,0
636927,2018,6,6,"2018-06-06","16:39:00",3,"IA",19,0,1.5,0,0,0,0,42.07,-93.68,42.07,-93.68,0,0,0,0,0,169,0,0,0
636928,2018,6,6,"2018-06-06","16:40:00",3,"IA",19,0,1,0,0,0,0,42.23,-92.87,42.23,-92.87,0,0,0,0,0,75,0,0,0
636929,2018,6,6,"2018-06-06","16:41:00",3,"NE",31,0,0.88,0,0,0,0,41.83,-96.5399,41.83,-96.5399,0,0,0,0,0,21,0,0,0
636930,2018,6,6,"2018-06-06","16:42:00",3,"IA",19,0,1,0,0,0,0,42.01,-93.61,42.01,-93.61,0,0,0,0,0,169,0,0,0
636931,2018,6,6,"2018-06-06","16:42:00",3,"NE",31,0,1,0,0,0,0,41.86,-98.08,41.86,-98.08,0,0,0,0,0,11,0,0,0
636932,2018,6,6,"2018-06-06","16:45:00",3,"IA",19,0,1,0,0,0,0,42.04,-95.14,42.04,-95.14,0,0,0,0,0,47,0,0,0
636933,2018,6,6,"2018-06-06","16:45:00",3,"NE",31,0,1,0,0,0,0,41.57,-98.0689,41.57,-98.0689,0,0,0,0,0,11,0,0,0
636934,2018,6,6,"2018-06-06","17:00:00",3,"IA",19,0,1.75,0,0,0,0,41.86,-93.92,41.86,-93.92,0,0,0,0,0,49,0,0,0
636935,2018,6,6,"2018-06-06","17:00:00",3,"NE",31,0,0.88,0,0,0,0,41.75,-97.76,41.75,-97.76,0,0,0,0,0,119,0,0,0
636936,2018,6,6,"2018-06-06","17:13:00",3,"NE",31,0,2.5,0,0,0,0,41.8676,-96.6464,41.8676,-96.6464,0,0,0,0,0,39,0,0,0
636937,2018,6,6,"2018-06-06","17:15:00",3,"NE",31,0,1,0,0,0,0,41.83,-96.4601,41.83,-96.4601,0,0,0,0,0,21,0,0,0
636938,2018,6,6,"2018-06-06","17:15:00",3,"NE",31,0,1,0,0,0,0,41.8388,-96.7082,41.8388,-96.7082,0,0,0,0,0,39,0,0,0
636939,2018,6,6,"2018-06-06","17:16:00",3,"CO",8,0,1.75,0,0,0,0,40.27,-103.95,40.27,-103.95,0,0,0,0,0,87,0,0,0
636940,2018,6,6,"2018-06-06","17:20:00",3,"NE",31,0,1,0,0,0,0,41.9603,-96.9191,41.9603,-96.9191,0,0,0,0,0,39,0,0,0
636941,2018,6,6,"2018-06-06","17:32:00",3,"NE",31,0,1.75,0,0,0,0,41.8424,-96.8436,41.8424,-96.8436,0,0,0,0,0,39,0,0,0
636942,2018,6,6,"2018-06-06","17:40:00",3,"IA",19,0,0.88,0,0,0,0,41.62,-93.74,41.62,-93.74,0,0,0,0,0,153,0,0,0
636943,2018,6,6,"2018-06-06","17:40:00",3,"NE",31,0,1.75,0,0,0,0,41.7124,-96.7436,41.7124,-96.7436,0,0,0,0,0,53,0,0,0
636944,2018,6,6,"2018-06-06","17:55:00",3,"IA",19,0,1,0,0,0,0,41.61,-93.69,41.61,-93.69,0,0,0,0,0,153,0,0,0
636945,2018,6,6,"2018-06-06","18:00:00",3,"IA",19,0,1.25,0,0,0,0,41.93,-95.09,41.93,-95.09,0,0,0,0,0,27,0,0,0
636946,2018,6,6,"2018-06-06","18:00:00",3,"NE",31,0,1.75,0,0,0,0,41.15,-102.64,41.15,-102.64,0,0,0,0,0,33,0,0,0
636947,2018,6,6,"2018-06-06","18:00:00",3,"WY",56,0,0.88,0,0,0,0,44.3832,-106.8122,44.3832,-106.8122,0,0,0,0,0,19,0,0,0
636948,2018,6,6,"2018-06-06","18:08:00",3,"CO",8,0,4,0,0,0,0,40.93,-102.71,40.93,-102.71,0,0,0,0,0,75,0,0,0
636949,2018,6,6,"2018-06-06","18:08:00",3,"NE",31,0,1.75,0,0,0,0,41.8317,-97.1642,41.8317,-97.1642,0,0,0,0,0,167,0,0,0
636950,2018,6,6,"2018-06-06","18:18:00",3,"CO",8,0,1.25,0,0,0,0,40.54,-103.78,40.54,-103.78,0,0,0,0,0,123,0,0,0
636951,2018,6,6,"2018-06-06","18:20:00",3,"CO",8,0,2.75,0,0,0,0,40.97,-102.7,40.97,-102.7,0,0,0,0,0,75,0,0,0
636952,2018,6,6,"2018-06-06","18:21:00",3,"NE",31,0,1,0,0,0,0,41.95,-97.2201,41.95,-97.2201,0,0,0,0,0,167,0,0,0
636953,2018,6,6,"2018-06-06","18:29:00",3,"CO",8,0,1.75,0,0,0,0,40.58,-103.75,40.58,-103.75,0,0,0,0,0,123,0,0,0
636954,2018,6,6,"2018-06-06","18:38:00",3,"NE",31,0,1.75,0,0,0,0,42.08,-97.33,42.08,-97.33,0,0,0,0,0,167,0,0,0
636955,2018,6,6,"2018-06-06","18:41:00",3,"NE",31,0,1.25,0,0,0,0,42.03,-102.1,42.03,-102.1,0,0,0,0,0,161,0,0,0
636956,2018,6,6,"2018-06-06","18:50:00",3,"WY",56,0,1.5,0,0,0,0,44.02,-107.42,44.02,-107.42,0,0,0,0,0,43,0,0,0
636957,2018,6,6,"2018-06-06","18:51:00",3,"AK",2,0,1,0,0,0,0,60.4599,-157.9749,59.5846,-158.3622,0,0,0,0,0,161,0,0,0
636958,2018,6,6,"2018-06-06","18:55:00",3,"NE",31,0,0.75,0,0,0,0,41.44,-97.37,41.44,-97.37,0,0,0,0,0,141,0,0,0
636959,2018,6,6,"2018-06-06","19:00:00",3,"NE",31,0,0.75,0,0,0,0,41.44,-97.23,41.44,-97.23,0,0,0,0,0,37,0,0,0
636960,2018,6,6,"2018-06-06","19:03:00",3,"NE",31,0,1,0,0,0,0,41.38,-97.27,41.38,-97.27,0,0,0,0,0,23,0,0,0
636961,2018,6,6,"2018-06-06","19:08:00",3,"IA",19,0,1.25,0,0,0,0,42.25,-95.73,42.25,-95.73,0,0,0,0,0,193,0,0,0
636962,2018,6,6,"2018-06-06","19:09:00",3,"IA",19,0,0.88,0,0,0,0,42.24,-95.72,42.24,-95.72,0,0,0,0,0,193,0,0,0
636963,2018,6,6,"2018-06-06","19:10:00",3,"NE",31,0,1,0,0,0,0,41.93,-102.21,41.93,-102.21,0,0,0,0,0,69,0,0,0
636964,2018,6,6,"2018-06-06","19:12:00",3,"IA",19,0,1,0,0,0,0,42.2,-95.83,42.2,-95.83,0,0,0,0,0,133,0,0,0
636965,2018,6,6,"2018-06-06","19:15:00",3,"CO",8,0,1.75,0,0,0,0,40.96,-103.13,40.96,-103.13,0,0,0,0,0,75,0,0,0
636966,2018,6,6,"2018-06-06","19:15:00",3,"MT",30,0,1,0,0,0,0,47.35,-110.08,47.35,-110.08,0,0,0,0,0,27,0,0,0
636967,2018,6,6,"2018-06-06","19:20:00",3,"MT",30,0,1.25,0,0,0,0,47.3355,-110.08,47.3355,-110.08,0,0,0,0,0,27,0,0,0
636968,2018,6,6,"2018-06-06","19:25:00",3,"MT",30,0,1.5,0,0,0,0,47.3705,-110.1102,47.3705,-110.1102,0,0,0,0,0,27,0,0,0
636969,2018,6,6,"2018-06-06","19:42:00",3,"NE",31,0,1,0,0,0,0,41.17,-97.17,41.17,-97.17,0,0,0,0,0,23,0,0,0
636970,2018,6,6,"2018-06-06","19:55:00",3,"IA",19,0,0.88,0,0,0,0,41.6,-90.62,41.6,-90.62,0,0,0,0,0,163,0,0,0
636971,2018,6,6,"2018-06-06","20:00:00",3,"CO",8,0,1,0,0,0,0,40.78,-102.07,40.78,-102.07,0,0,0,0,0,115,0,0,0
636972,2018,6,6,"2018-06-06","20:06:00",3,"IA",19,0,1,0,0,0,0,41.25,-94.67,41.25,-94.67,0,0,0,0,0,1,0,0,0
636973,2018,6,6,"2018-06-06","20:06:00",3,"NE",31,0,1,0,0,0,0,42.104,-102.893,42.104,-102.893,0,0,0,0,0,13,0,0,0
636974,2018,6,6,"2018-06-06","20:11:00",3,"IA",19,0,0.88,0,0,0,0,41.25,-94.67,41.25,-94.67,0,0,0,0,0,1,0,0,0
636975,2018,6,6,"2018-06-06","20:40:00",3,"NE",31,0,1.5,0,0,0,0,42.51,-102.47,42.51,-102.47,0,0,0,0,0,161,0,0,0
636976,2018,6,6,"2018-06-06","20:47:00",3,"CO",8,0,2.5,0,0,0,0,40.2651,-102.5389,40.2651,-102.5389,0,0,0,0,0,125,0,0,0
636977,2018,6,6,"2018-06-06","20:49:00",3,"IA",19,0,1,0,0,0,0,41.75,-94.03,41.75,-94.03,0,0,0,0,0,49,0,0,0
636978,2018,6,6,"2018-06-06","20:52:00",3,"IL",17,0,1.25,0,0,0,0,41.55,-89.95,41.55,-89.95,0,0,0,0,0,73,0,0,0
636979,2018,6,6,"2018-06-06","20:55:00",3,"IA",19,0,0.88,0,0,0,0,41.76,-94.03,41.76,-94.03,0,0,0,0,0,49,0,0,0
636980,2018,6,6,"2018-06-06","20:55:00",3,"NE",31,0,1,0,0,0,0,41.6212,-98.2418,41.6212,-98.2418,0,0,0,0,0,11,0,0,0
636981,2018,6,6,"2018-06-06","20:57:00",3,"CO",8,0,1,0,0,0,0,40.97,-104.31,40.97,-104.31,0,0,0,0,0,123,0,0,0
636982,2018,6,6,"2018-06-06","21:09:00",3,"CO",8,0,2.75,0,0,0,0,40.12,-102.73,40.12,-102.73,0,0,0,0,0,125,0,0,0
636983,2018,6,6,"2018-06-06","21:23:00",3,"CO",8,0,1,0,0,0,0,40.1609,-102.7567,40.1609,-102.7567,0,0,0,0,0,125,0,0,0
636984,2018,6,6,"2018-06-06","21:42:00",3,"CO",8,0,1,0,0,0,0,40.13,-102.86,40.13,-102.86,0,0,0,0,0,121,0,0,0
636985,2018,6,6,"2018-06-06","21:50:00",3,"KS",20,0,1,0,0,0,0,37.61,-101.07,37.61,-101.07,0,0,0,0,0,81,0,0,0
636986,2018,6,6,"2018-06-06","22:05:00",3,"KS",20,0,1,0,0,0,0,37.37,-101.38,37.37,-101.38,0,0,0,0,0,189,0,0,0
636987,2018,6,6,"2018-06-06","22:15:00",3,"IA",19,0,1,0,0,0,0,40.75,-95.82,40.75,-95.82,0,0,0,0,0,71,0,0,0
636988,2018,6,6,"2018-06-06","22:45:00",3,"KS",20,0,1,0,0,0,0,37.61,-100.73,37.61,-100.73,0,0,0,0,0,81,0,0,0
636989,2018,6,6,"2018-06-06","23:30:00",3,"SD",46,0,1,0,0,0,0,43.62,-100.14,43.62,-100.14,0,0,0,0,0,123,0,0,0
636990,2018,6,7,"2018-06-07","04:10:00",3,"KS",20,0,0.75,0,0,0,0,37.49,-99.07,37.49,-99.07,0,0,0,0,0,97,0,0,0
636991,2018,6,7,"2018-06-07","07:57:00",3,"OK",40,0,1,0,0,0,0,35.57,-97.66,35.57,-97.66,0,0,0,0,0,109,0,0,0
636992,2018,6,7,"2018-06-07","08:03:00",3,"OK",40,0,0.75,0,0,0,0,35.64,-97.75,35.64,-97.75,0,0,0,0,0,17,0,0,0
636993,2018,6,7,"2018-06-07","08:35:00",3,"OK",40,0,0.88,0,0,0,0,35.48,-97.52,35.48,-97.52,0,0,0,0,0,109,0,0,0
636994,2018,6,7,"2018-06-07","08:43:00",3,"OK",40,0,1,0,0,0,0,35.55,-97.67,35.55,-97.67,0,0,0,0,0,17,0,0,0
636995,2018,6,7,"2018-06-07","08:50:00",3,"OK",40,0,0.75,0,0,0,0,35.5,-97.74,35.5,-97.74,0,0,0,0,0,17,0,0,0
636996,2018,6,7,"2018-06-07","09:28:00",3,"OK",40,0,0.75,0,0,0,0,35.62,-97.59,35.62,-97.59,0,0,0,0,0,109,0,0,0
636997,2018,6,7,"2018-06-07","09:35:00",3,"OK",40,0,0.88,0,0,0,0,35.64,-97.51,35.64,-97.51,0,0,0,0,0,109,0,0,0
636998,2018,6,7,"2018-06-07","09:40:00",3,"OK",40,0,1.25,0,0,0,0,35.59,-97.55,35.59,-97.55,0,0,0,0,0,109,0,0,0
636999,2018,6,7,"2018-06-07","09:54:00",3,"OK",40,0,1,0,0,0,0,35.52,-97.46,35.52,-97.46,0,0,0,0,0,109,0,0,0
637000,2018,6,7,"2018-06-07","10:01:00",3,"OK",40,0,0.75,0,0,0,0,35.07,-98.24,35.07,-98.24,0,0,0,0,0,15,0,0,0
637001,2018,6,7,"2018-06-07","10:30:00",3,"MT",30,0,1,0,0,0,0,47.25,-109.414,47.25,-109.414,0,0,0,0,0,27,0,0,0
637002,2018,6,7,"2018-06-07","14:14:00",3,"TX",48,0,1.5,0,0,0,0,34.3266,-100.38,34.3266,-100.38,0,0,0,0,0,75,0,0,0
637003,2018,6,7,"2018-06-07","14:50:00",3,"MT",30,0,1,0,0,0,0,45.28,-109.22,45.28,-109.22,0,0,0,0,0,9,0,0,0
637004,2018,6,7,"2018-06-07","15:21:00",3,"TX",48,0,1.75,0,0,0,0,34.1502,-100.2931,34.1796,-100.2908,0,0,0,0,0,101,0,0,0
637005,2018,6,7,"2018-06-07","15:45:00",3,"FL",12,0,1,0,0,0,0,28.65,-81.08,28.65,-81.08,0,0,0,0,0,117,0,0,0
637006,2018,6,7,"2018-06-07","16:00:00",3,"NM",35,0,0.88,0,0,0,0,36.68,-103.73,36.68,-103.73,0,0,0,0,0,59,0,0,0
637007,2018,6,7,"2018-06-07","16:10:00",3,"TX",48,0,0.75,0,0,0,0,33.2,-97.17,33.2,-97.17,0,0,0,0,0,121,0,0,0
637008,2018,6,7,"2018-06-07","16:33:00",3,"IN",18,0,1,0,0,0,0,40.75,-86.07,40.75,-86.07,0,0,0,0,0,103,0,0,0
637009,2018,6,7,"2018-06-07","16:35:00",3,"FL",12,0,0.88,0,0,0,0,28.43,-81.35,28.43,-81.35,0,0,0,0,0,95,0,0,0
637010,2018,6,7,"2018-06-07","16:50:00",3,"SD",46,0,1.5,0,0,0,0,44.2698,-103.8164,44.2698,-103.8164,0,0,0,0,0,81,0,0,0
637011,2018,6,7,"2018-06-07","16:54:00",3,"NM",35,0,0.75,0,0,0,0,36.74,-103.99,36.74,-103.99,0,0,0,0,0,59,0,0,0
637012,2018,6,7,"2018-06-07","16:55:00",3,"MT",30,0,1.75,0,0,0,0,45.93,-107.59,45.93,-107.59,0,0,0,0,0,3,0,0,0
637013,2018,6,7,"2018-06-07","16:55:00",3,"WY",56,0,1,0,0,0,0,42.15,-104.13,42.15,-104.13,0,0,0,0,0,15,0,0,0
637014,2018,6,7,"2018-06-07","17:08:00",3,"MT",30,0,1,0,0,0,0,46.13,-107.55,46.13,-107.55,0,0,0,0,0,111,0,0,0
637015,2018,6,7,"2018-06-07","17:10:00",3,"MT",30,0,1,0,0,0,0,45.33,-107.77,45.33,-107.77,0,0,0,0,0,3,0,0,0
637016,2018,6,7,"2018-06-07","17:25:00",3,"TX",48,0,1,0,0,0,0,32.94,-97.09,32.94,-97.09,0,0,0,0,0,439,0,0,0
637017,2018,6,7,"2018-06-07","17:30:00",3,"SD",46,0,1.25,0,0,0,0,44.23,-103.73,44.23,-103.73,0,0,0,0,0,81,0,0,0
637018,2018,6,7,"2018-06-07","17:35:00",3,"MT",30,0,1.25,0,0,0,0,45.94,-107.14,45.94,-107.14,0,0,0,0,0,103,0,0,0
637019,2018,6,7,"2018-06-07","17:42:00",3,"SD",46,0,1,0,0,0,0,44.24,-103.54,44.24,-103.54,0,0,0,0,0,81,0,0,0
637020,2018,6,7,"2018-06-07","17:55:00",3,"SD",46,0,1,0,0,0,0,44.2066,-103.556,44.2066,-103.556,0,0,0,0,0,81,0,0,0
637021,2018,6,7,"2018-06-07","17:57:00",3,"MT",30,0,0.75,0,0,0,0,45.57,-106.75,45.57,-106.75,0,0,0,0,0,3,0,0,0
637022,2018,6,7,"2018-06-07","18:30:00",3,"MT",30,0,1,0,0,0,0,46.59,-105.63,46.59,-105.63,0,0,0,0,0,17,0,0,0
637023,2018,6,7,"2018-06-07","18:37:00",3,"MT",30,0,0.75,0,0,0,0,46.27,-106.65,46.27,-106.65,0,0,0,0,0,87,0,0,0
637024,2018,6,7,"2018-06-07","18:39:00",3,"WY",56,0,1.25,0,0,0,0,44.17,-106.61,44.24,-106.57,0,0,0,0,0,19,0,0,0
637025,2018,6,7,"2018-06-07","19:00:00",3,"IN",18,0,1,0,0,0,0,39.93,-85.37,39.93,-85.37,0,0,0,0,0,65,0,0,0
637026,2018,6,7,"2018-06-07","19:04:00",3,"MT",30,0,1,0,0,0,0,47.53,-105.24,47.53,-105.24,0,0,0,0,0,21,0,0,0
637027,2018,6,7,"2018-06-07","19:11:00",3,"WY",56,0,1.5,0,0,0,0,42.6442,-104.45,42.6442,-104.45,0,0,0,0,0,27,0,0,0
637028,2018,6,7,"2018-06-07","19:20:00",3,"TX",48,0,1.25,0,0,0,0,32.94,-99.8,32.94,-99.8,0,0,0,0,0,253,0,0,0
637029,2018,6,7,"2018-06-07","19:23:00",3,"MT",30,0,2.5,0,0,0,0,46.73,-105.42,46.73,-105.42,0,0,0,0,0,79,0,0,0
637030,2018,6,7,"2018-06-07","19:30:00",3,"MT",30,0,2.5,0,0,0,0,46.6,-105.55,46.6,-105.55,0,0,0,0,0,17,0,0,0
637031,2018,6,7,"2018-06-07","19:30:00",3,"MT",30,0,1.25,0,0,0,0,47.64,-105.16,47.64,-105.16,0,0,0,0,0,21,0,0,0
637032,2018,6,7,"2018-06-07","19:30:00",3,"MT",30,0,1.5,0,0,0,0,47.54,-105.26,47.54,-105.26,0,0,0,0,0,21,0,0,0
637033,2018,6,7,"2018-06-07","19:59:00",3,"MT",30,0,1.25,0,0,0,0,47.87,-104.95,47.87,-104.95,0,0,0,0,0,83,0,0,0
637034,2018,6,7,"2018-06-07","20:05:00",3,"MT",30,0,1,0,0,0,0,45.39,-104.54,45.39,-104.54,0,0,0,0,0,11,0,0,0
637035,2018,6,7,"2018-06-07","20:10:00",3,"TX",48,0,1,0,0,0,0,32.61,-99.83,32.61,-99.83,0,0,0,0,0,253,0,0,0
637036,2018,6,7,"2018-06-07","20:13:00",3,"MT",30,0,1.25,0,0,0,0,47.95,-104.94,47.95,-104.94,0,0,0,0,0,83,0,0,0
637037,2018,6,7,"2018-06-07","20:17:00",3,"SD",46,0,1.25,0,0,0,0,43.01,-103.94,43.01,-103.94,0,0,0,0,0,47,0,0,0
637038,2018,6,7,"2018-06-07","20:21:00",3,"MT",30,0,1.25,0,0,0,0,47.9514,-104.9351,47.9514,-104.9351,0,0,0,0,0,83,0,0,0
637039,2018,6,7,"2018-06-07","20:30:00",3,"NE",31,0,1.25,0,0,0,0,42.68,-103.0063,42.68,-103.0063,0,0,0,0,0,45,0,0,0
637040,2018,6,7,"2018-06-07","20:40:00",3,"MT",30,0,1,0,0,0,0,48.59,-105.11,48.59,-105.11,0,0,0,0,0,19,0,0,0
637041,2018,6,7,"2018-06-07","20:40:00",3,"MT",30,0,1.75,0,0,0,0,48.96,-105.53,48.96,-105.53,0,0,0,0,0,19,0,0,0
637042,2018,6,7,"2018-06-07","20:40:00",3,"MT",30,0,1.75,0,0,0,0,48.99,-105.47,48.99,-105.47,0,0,0,0,0,19,0,0,0
637043,2018,6,7,"2018-06-07","20:50:00",3,"MT",30,0,1,0,0,0,0,48.15,-104.71,48.15,-104.71,0,0,0,0,0,85,0,0,0
637044,2018,6,7,"2018-06-07","20:54:00",3,"MT",30,0,1.25,0,0,0,0,48.31,-104.88,48.31,-104.88,0,0,0,0,0,85,0,0,0
637045,2018,6,7,"2018-06-07","21:05:00",3,"MT",30,0,1,0,0,0,0,48.11,-105.2,48.11,-105.2,0,0,0,0,0,85,0,0,0
637046,2018,6,7,"2018-06-07","21:07:00",3,"MT",30,0,1.25,0,0,0,0,48.42,-104.76,48.42,-104.76,0,0,0,0,0,85,0,0,0
637047,2018,6,7,"2018-06-07","21:20:00",3,"MT",30,0,1,0,0,0,0,48.79,-104.45,48.79,-104.45,0,0,0,0,0,91,0,0,0
637048,2018,6,7,"2018-06-07","21:40:00",3,"MT",30,0,1,0,0,0,0,48.8,-105.12,48.8,-105.12,0,0,0,0,0,19,0,0,0
637049,2018,6,7,"2018-06-07","21:45:00",3,"MT",30,0,1.5,0,0,0,0,48.73,-104.47,48.73,-104.47,0,0,0,0,0,91,0,0,0
637050,2018,6,7,"2018-06-07","21:52:00",3,"MT",30,0,1,0,0,0,0,48.82,-104.35,48.82,-104.35,0,0,0,0,0,91,0,0,0
637051,2018,6,8,"2018-06-08","06:11:00",3,"SD",46,0,0.75,0,0,0,0,42.94,-98.29,42.94,-98.29,0,0,0,0,0,23,0,0,0
637052,2018,6,8,"2018-06-08","13:30:00",3,"FL",12,0,0.88,0,0,0,0,30.19,-82.64,30.19,-82.64,0,0,0,0,0,23,0,0,0
637053,2018,6,8,"2018-06-08","13:38:00",3,"AR",5,0,0.75,0,0,0,0,34.89,-92.41,34.89,-92.41,0,0,0,0,0,119,0,0,0
637054,2018,6,8,"2018-06-08","14:15:00",3,"SD",46,0,1,0,0,0,0,44.2207,-103.5428,44.2207,-103.5428,0,0,0,0,0,81,0,0,0
637055,2018,6,8,"2018-06-08","14:18:00",3,"SD",46,0,1.5,0,0,0,0,44.2434,-103.3977,44.2434,-103.3977,0,0,0,0,0,93,0,0,0
637056,2018,6,8,"2018-06-08","14:20:00",3,"SD",46,0,2.5,0,0,0,0,44.2402,-103.3757,44.2402,-103.3757,0,0,0,0,0,93,0,0,0
637057,2018,6,8,"2018-06-08","14:25:00",3,"SD",46,0,0.88,0,0,0,0,44.18,-103.32,44.18,-103.32,0,0,0,0,0,93,0,0,0
637058,2018,6,8,"2018-06-08","14:33:00",3,"SD",46,0,1.25,0,0,0,0,44.17,-103.52,44.17,-103.52,0,0,0,0,0,81,0,0,0
637059,2018,6,8,"2018-06-08","14:33:00",3,"IN",18,0,0.75,0,0,0,0,40.33,-87.04,40.33,-87.04,0,0,0,0,0,157,0,0,0
637060,2018,6,8,"2018-06-08","14:33:00",3,"WY",56,0,0.88,0,0,0,0,44.0065,-108.4474,44.0168,-108.3533,0,0,0,0,0,17,0,0,0
637061,2018,6,8,"2018-06-08","14:35:00",3,"ND",38,0,1,0,0,0,0,46.95,-97.79,46.95,-97.79,0,0,0,0,0,3,0,0,0
637062,2018,6,8,"2018-06-08","14:35:00",3,"GA",13,0,1,0,0,0,0,32.7106,-83.9935,32.7106,-83.9935,0,0,0,0,0,79,0,0,0
637063,2018,6,8,"2018-06-08","14:35:00",3,"SD",46,0,2.75,0,0,0,0,44.1234,-103.43,44.1234,-103.43,0,0,0,0,0,103,0,0,0
637064,2018,6,8,"2018-06-08","14:49:00",3,"ND",38,0,1.75,0,0,0,0,46.94,-97.64,46.94,-97.64,0,0,0,0,0,17,0,0,0
637065,2018,6,8,"2018-06-08","15:01:00",3,"SD",46,0,2,0,0,0,0,44.0602,-103.4142,44.0602,-103.4142,0,0,0,0,0,103,0,0,0
637066,2018,6,8,"2018-06-08","15:07:00",3,"SD",46,0,2,0,0,0,0,44.05,-103.4,44.05,-103.4,0,0,0,0,0,103,0,0,0
637067,2018,6,8,"2018-06-08","15:10:00",3,"SD",46,0,1,0,0,0,0,44.1209,-103.287,44.1209,-103.287,0,0,0,0,0,103,0,0,0
637068,2018,6,8,"2018-06-08","15:10:00",3,"SD",46,0,2.75,0,0,0,0,44.061,-103.396,44.061,-103.396,0,0,0,0,0,103,0,0,0
637069,2018,6,8,"2018-06-08","15:15:00",3,"SD",46,0,0.75,0,0,0,0,44.08,-103.3307,44.08,-103.3307,0,0,0,0,0,103,0,0,0
637070,2018,6,8,"2018-06-08","15:27:00",3,"SD",46,0,1.5,0,0,0,0,44.0009,-103.3031,44.0009,-103.3031,0,0,0,0,0,103,0,0,0
637071,2018,6,8,"2018-06-08","15:32:00",3,"SD",46,0,2,0,0,0,0,43.9766,-103.3043,43.9766,-103.3043,0,0,0,0,0,103,0,0,0
637072,2018,6,8,"2018-06-08","15:45:00",3,"SD",46,0,1.25,0,0,0,0,43.9877,-103.2671,43.9877,-103.2671,0,0,0,0,0,103,0,0,0
637073,2018,6,8,"2018-06-08","15:45:00",3,"SD",46,0,2,0,0,0,0,43.9877,-103.2671,43.9877,-103.2671,0,0,0,0,0,103,0,0,0
637074,2018,6,8,"2018-06-08","15:55:00",3,"SD",46,0,1.5,0,0,0,0,43.9235,-103.2993,43.9235,-103.2993,0,0,0,0,0,103,0,0,0
637075,2018,6,8,"2018-06-08","15:57:00",3,"ND",38,0,1.25,0,0,0,0,46.75,-97.25,46.75,-97.25,0,0,0,0,0,17,0,0,0
637076,2018,6,8,"2018-06-08","16:00:00",3,"SD",46,0,2,0,0,0,0,43.65,-101.85,43.65,-101.85,0,0,0,0,0,71,0,0,0
637077,2018,6,8,"2018-06-08","16:04:00",3,"IN",18,0,1.75,0,0,30000,0,40.27,-85.82,40.27,-85.82,0,0,0,0,0,95,0,0,0
637078,2018,6,8,"2018-06-08","16:05:00",3,"AR",5,0,1,0,0,0,0,36.25,-92.63,36.25,-92.63,0,0,0,0,0,89,0,0,0
637079,2018,6,8,"2018-06-08","16:10:00",3,"IN",18,0,1.75,0,0,0,0,40.26,-85.83,40.26,-85.83,0,0,0,0,0,95,0,0,0
637080,2018,6,8,"2018-06-08","16:10:00",3,"IN",18,0,1.75,0,0,0,0,40.28,-85.82,40.28,-85.82,0,0,0,0,0,95,0,0,0
637081,2018,6,8,"2018-06-08","16:11:00",3,"SD",46,0,1.75,0,0,0,0,43.87,-103.33,43.87,-103.33,0,0,0,0,0,103,0,0,0
637082,2018,6,8,"2018-06-08","16:14:00",3,"ND",38,0,1.75,0,0,0,0,46.65,-97.02,46.65,-97.02,0,0,0,0,0,17,0,0,0
637083,2018,6,8,"2018-06-08","16:14:00",3,"IN",18,0,0.88,0,0,0,0,40.24,-85.75,40.24,-85.75,0,0,0,0,0,95,0,0,0
637084,2018,6,8,"2018-06-08","16:15:00",3,"SD",46,0,1.25,0,0,0,0,43.8561,-103.2925,43.8561,-103.2925,0,0,0,0,0,33,0,0,0
637085,2018,6,8,"2018-06-08","16:15:00",3,"IN",18,0,1,0,0,0,0,40.28,-85.83,40.28,-85.83,0,0,0,0,0,95,0,0,0
637086,2018,6,8,"2018-06-08","16:16:00",3,"IN",18,0,1.25,0,0,0,0,40.27,-85.81,40.27,-85.81,0,0,0,0,0,95,0,0,0
637087,2018,6,8,"2018-06-08","16:24:00",3,"AR",5,0,1,0,0,0,0,36.22,-92.64,36.22,-92.64,0,0,0,0,0,89,0,0,0
637088,2018,6,8,"2018-06-08","16:25:00",3,"SD",46,0,1,0,0,0,0,44.41,-103.51,44.41,-103.51,0,0,0,0,0,93,0,0,0
637089,2018,6,8,"2018-06-08","16:25:00",3,"AR",5,0,1.75,0,0,0,0,36.28,-92.59,36.28,-92.59,0,0,0,0,0,89,0,0,0
637090,2018,6,8,"2018-06-08","16:26:00",3,"OH",39,0,0.75,0,0,0,0,39.31,-84.52,39.31,-84.52,0,0,0,0,0,17,0,0,0
637091,2018,6,8,"2018-06-08","16:45:00",3,"MN",27,0,1,0,0,0,0,47.58,-96.55,47.58,-96.55,0,0,0,0,0,119,0,0,0
637092,2018,6,8,"2018-06-08","16:50:00",3,"ND",38,0,2,0,0,0,0,46.65,-97.02,46.65,-97.02,0,0,0,0,0,17,0,0,0
637093,2018,6,8,"2018-06-08","16:55:00",3,"IN",18,0,0.75,0,0,0,0,40.41,-85.67,40.41,-85.67,0,0,0,0,0,53,0,0,0
637094,2018,6,8,"2018-06-08","16:58:00",3,"AR",5,0,1,0,0,0,0,35.29,-93.72,35.29,-93.72,0,0,0,0,0,83,0,0,0
637095,2018,6,8,"2018-06-08","17:00:00",3,"ND",38,0,1.5,0,0,0,0,46.56,-96.95,46.56,-96.95,0,0,0,0,0,77,0,0,0
637096,2018,6,8,"2018-06-08","17:05:00",3,"MO",29,0,1.75,0,0,0,0,37.38,-91.54,37.38,-91.54,0,0,0,0,0,203,0,0,0
637097,2018,6,8,"2018-06-08","17:08:00",3,"MN",27,0,1,0,0,0,0,43.51,-95.29,43.51,-95.29,0,0,0,0,0,63,0,0,0
637098,2018,6,8,"2018-06-08","17:17:00",3,"ND",38,0,1.25,0,0,0,0,46.58,-96.81,46.58,-96.81,0,0,0,0,0,77,0,0,0
637099,2018,6,8,"2018-06-08","17:18:00",3,"SD",46,0,1.75,0,0,0,0,43.46,-101.4302,43.46,-101.4302,0,0,0,0,0,71,0,0,0
637100,2018,6,8,"2018-06-08","17:20:00",3,"IN",18,0,0.75,0,0,0,0,40.49,-85.61,40.49,-85.61,0,0,0,0,0,53,0,0,0
637101,2018,6,8,"2018-06-08","17:25:00",3,"IA",19,0,0.75,0,0,0,0,43.49,-95.18,43.49,-95.18,0,0,0,0,0,59,0,0,0
637102,2018,6,8,"2018-06-08","17:25:00",3,"IA",19,0,0.75,0,0,0,0,43.5,-95.17,43.5,-95.17,0,0,0,0,0,59,0,0,0
637103,2018,6,8,"2018-06-08","17:33:00",3,"IA",19,0,0.75,0,0,0,0,43.46,-95.16,43.46,-95.16,0,0,0,0,0,59,0,0,0
637104,2018,6,8,"2018-06-08","17:40:00",3,"WY",56,0,0.88,0,0,0,0,43.7601,-106.627,43.7902,-106.5362,0,0,0,0,0,19,0,0,0
637105,2018,6,8,"2018-06-08","17:48:00",3,"IA",19,0,1.25,0,0,0,0,43.34,-95.21,43.34,-95.21,0,0,0,0,0,59,0,0,0
637106,2018,6,8,"2018-06-08","17:56:00",3,"IA",19,0,0.75,0,0,0,0,43.28,-95.19,43.28,-95.19,0,0,0,0,0,59,0,0,0
637107,2018,6,8,"2018-06-08","18:02:00",3,"MN",27,0,1.5,0,0,0,0,47.4,-96.28,47.4,-96.28,0,0,0,0,0,107,0,0,0
637108,2018,6,8,"2018-06-08","18:02:00",3,"IA",19,0,1,0,0,0,0,43.36,-95.13,43.36,-95.13,0,0,0,0,0,59,0,0,0
637109,2018,6,8,"2018-06-08","18:03:00",3,"IA",19,0,0.75,0,0,0,0,43.34,-95.15,43.34,-95.15,0,0,0,0,0,59,0,0,0
637110,2018,6,8,"2018-06-08","18:04:00",3,"IA",19,0,0.88,0,0,0,0,43.33,-95.15,43.33,-95.15,0,0,0,0,0,59,0,0,0
637111,2018,6,8,"2018-06-08","18:06:00",3,"SD",46,0,1.25,0,0,0,0,43.4423,-101.1079,43.4423,-101.1079,0,0,0,0,0,95,0,0,0
637112,2018,6,8,"2018-06-08","18:18:00",3,"IA",19,0,1,0,0,0,0,43.15,-95.15,43.15,-95.15,0,0,0,0,0,41,0,0,0
637113,2018,6,8,"2018-06-08","18:23:00",3,"CO",8,0,1.25,0,0,0,0,40.76,-103.07,40.76,-103.07,0,0,0,0,0,75,0,0,0
637114,2018,6,8,"2018-06-08","18:25:00",3,"MN",27,0,1,0,0,0,0,47.38,-96.12,47.38,-96.12,0,0,0,0,0,107,0,0,0
637115,2018,6,8,"2018-06-08","18:26:00",3,"IA",19,0,1.5,0,0,0,0,43.15,-95.15,43.15,-95.15,0,0,0,0,0,41,0,0,0
637116,2018,6,8,"2018-06-08","18:31:00",3,"SD",46,0,0.75,0,0,0,0,43.2302,-101.394,43.2302,-101.394,0,0,0,0,0,7,0,0,0
637117,2018,6,8,"2018-06-08","18:37:00",3,"SD",46,0,0.88,0,0,0,0,43.93,-100.43,43.93,-100.43,0,0,0,0,0,75,0,0,0
637118,2018,6,8,"2018-06-08","18:40:00",3,"WY",56,0,1,0,0,0,0,44.6855,-104.6188,44.6855,-104.6188,0,0,0,0,0,11,0,0,0
637119,2018,6,8,"2018-06-08","19:16:00",3,"MO",29,0,1.5,0,0,0,0,40.18,-93.14,40.18,-93.14,0,0,0,0,0,211,0,0,0
637120,2018,6,8,"2018-06-08","19:20:00",3,"MO",29,0,1,0,0,0,0,40.2,-93.12,40.2,-93.12,0,0,0,0,0,211,0,0,0
637121,2018,6,8,"2018-06-08","19:25:00",3,"NE",31,0,1.75,0,0,0,0,42.95,-101.25,42.95,-101.25,0,0,0,0,0,31,0,0,0
637122,2018,6,8,"2018-06-08","19:30:00",3,"CO",8,0,0.88,0,0,0,0,39.4183,-102.1841,39.4183,-102.1841,0,0,0,0,0,63,0,0,0
637123,2018,6,8,"2018-06-08","19:32:00",3,"CO",8,0,0.88,0,0,0,0,39.386,-102.1475,39.386,-102.1475,0,0,0,0,0,63,0,0,0
637124,2018,6,8,"2018-06-08","19:40:00",3,"NE",31,0,1.75,0,0,0,0,42.95,-101.25,42.95,-101.25,0,0,0,0,0,31,0,0,0
637125,2018,6,8,"2018-06-08","19:47:00",3,"NE",31,0,2,0,0,0,0,42.94,-101.25,42.94,-101.25,0,0,0,0,0,31,0,0,0
637126,2018,6,8,"2018-06-08","19:55:00",3,"WY",56,0,1,0,0,0,0,44.4766,-104.7922,44.4766,-104.7922,0,0,0,0,0,11,0,0,0
637127,2018,6,8,"2018-06-08","19:55:00",3,"NE",31,0,1.75,0,0,0,0,42.79,-102.18,42.79,-102.18,0,0,0,0,0,161,0,0,0
637128,2018,6,8,"2018-06-08","19:55:00",3,"MO",29,0,1.25,0,0,0,0,40.03,-93.39,40.03,-93.39,0,0,0,0,0,79,0,0,0
637129,2018,6,8,"2018-06-08","20:12:00",3,"NM",35,0,1.75,0,0,0,0,32.697,-103.4402,32.697,-103.4402,0,0,0,0,0,25,0,0,0
637130,2018,6,8,"2018-06-08","20:21:00",3,"NM",35,0,2,0,0,0,0,32.6435,-103.4708,32.6435,-103.4708,0,0,0,0,0,25,0,0,0
637131,2018,6,8,"2018-06-08","20:44:00",3,"KS",20,0,1,0,0,0,0,39.3276,-101.727,39.3276,-101.727,0,0,0,0,0,181,0,0,0
637132,2018,6,8,"2018-06-08","20:45:00",3,"SD",46,0,1,0,0,0,0,44.19,-103.29,44.19,-103.29,0,0,0,0,0,93,0,0,0
637133,2018,6,8,"2018-06-08","20:49:00",3,"SD",46,0,1,0,0,0,0,44.1634,-103.3023,44.1634,-103.3023,0,0,0,0,0,93,0,0,0
637134,2018,6,8,"2018-06-08","23:30:00",3,"IL",17,0,3,0,0,0,0,41.39,-90.85,41.39,-90.85,0,0,0,0,0,161,0,0,0
637135,2018,6,8,"2018-06-08","23:30:00",3,"IL",17,0,2.75,0,0,0,0,41.39,-90.86,41.39,-90.86,0,0,0,0,0,161,0,0,0
637136,2018,6,9,"2018-06-09","04:00:00",3,"IA",19,0,1,0,0,0,0,41.58,-90.47,41.58,-90.47,0,0,0,0,0,163,0,0,0
637137,2018,6,9,"2018-06-09","05:36:00",3,"IA",19,0,0.75,0,0,0,0,41.85,-92.06,41.85,-92.06,0,0,0,0,0,95,0,0,0
637138,2018,6,9,"2018-06-09","05:50:00",3,"IA",19,0,0.75,0,0,0,0,42.08,-91.3,42.08,-91.3,0,0,0,0,0,105,0,0,0
637139,2018,6,9,"2018-06-09","07:45:00",3,"IA",19,0,1,0,0,0,0,42.01,-91.66,42.01,-91.66,0,0,0,0,0,113,0,0,0
637140,2018,6,9,"2018-06-09","07:50:00",3,"MO",29,0,0.75,0,0,0,0,37.78,-90.4933,37.78,-90.4933,0,0,0,0,0,187,0,0,0
637141,2018,6,9,"2018-06-09","08:19:00",3,"MO",29,0,0.88,0,0,0,0,38.1615,-90.4573,38.2054,-90.3943,0,0,0,0,0,99,0,0,0
637142,2018,6,9,"2018-06-09","08:22:00",3,"IA",19,0,0.75,0,0,0,0,41.76,-91.58,41.76,-91.58,0,0,0,0,0,103,0,0,0
637143,2018,6,9,"2018-06-09","10:27:00",3,"IL",17,0,1,0,0,0,0,38.5412,-90.2128,38.5412,-90.2128,0,0,0,0,0,163,0,0,0
637144,2018,6,9,"2018-06-09","10:36:00",3,"IL",17,0,1,0,0,0,0,38.4333,-90.175,38.4333,-90.175,0,0,0,0,0,133,0,0,0
637145,2018,6,9,"2018-06-09","10:44:00",3,"MO",29,0,0.75,0,0,0,0,38.5379,-90.3346,38.5379,-90.3346,0,0,0,0,0,189,0,0,0
637146,2018,6,9,"2018-06-09","10:45:00",3,"IL",17,0,1,0,0,0,0,40.32,-90.64,40.32,-90.64,0,0,0,0,0,109,0,0,0
637147,2018,6,9,"2018-06-09","10:45:00",3,"MN",27,0,1.75,0,0,0,0,43.7495,-93.4107,43.7821,-93.3578,0,0,0,0,0,47,0,0,0
637148,2018,6,9,"2018-06-09","12:05:00",3,"IA",19,0,1,0,0,1000,0,43.3379,-92.82,43.3379,-92.82,0,0,0,0,0,131,0,0,0
637149,2018,6,9,"2018-06-09","12:48:00",3,"IN",18,0,1,0,0,0,0,40.55,-85.11,40.55,-85.11,0,0,0,0,0,75,0,0,0
637150,2018,6,9,"2018-06-09","12:55:00",3,"IL",17,0,0.88,0,0,0,0,37.2611,-88.7164,37.2611,-88.7164,0,0,0,0,0,127,0,0,0
637151,2018,6,9,"2018-06-09","13:55:00",3,"IA",19,0,2.5,0,0,20000,50000,43.36,-93.65,43.36,-93.65,0,0,0,0,0,189,0,0,0
637152,2018,6,9,"2018-06-09","14:00:00",3,"IA",19,0,2,0,0,20000,50000,43.33,-93.64,43.33,-93.64,0,0,0,0,0,189,0,0,0
637153,2018,6,9,"2018-06-09","14:00:00",3,"FL",12,0,0.75,0,0,0,0,26.19,-81.65,26.19,-81.65,0,0,0,0,0,21,0,0,0
637154,2018,6,9,"2018-06-09","14:00:00",3,"FL",12,0,1,0,0,0,0,26.41,-81.4,26.41,-81.4,0,0,0,0,0,21,0,0,0
637155,2018,6,9,"2018-06-09","14:07:00",3,"AL",1,0,1,0,0,0,0,30.6959,-88.1843,30.6959,-88.1843,0,0,0,0,0,97,0,0,0
637156,2018,6,9,"2018-06-09","14:07:00",3,"AL",1,0,1.25,0,0,0,0,30.68,-88.1795,30.68,-88.1795,0,0,0,0,0,97,0,0,0
637157,2018,6,9,"2018-06-09","14:25:00",3,"FL",12,0,1,0,0,0,0,26.74,-81.49,26.74,-81.49,0,0,0,0,0,51,0,0,0
637158,2018,6,9,"2018-06-09","14:44:00",3,"IA",19,0,1.5,0,0,10000,0,43.21,-93.37,43.21,-93.37,0,0,0,0,0,33,0,0,0
637159,2018,6,9,"2018-06-09","14:50:00",3,"FL",12,0,0.88,0,0,0,0,26.72,-81.61,26.72,-81.61,0,0,0,0,0,71,0,0,0
637160,2018,6,9,"2018-06-09","15:17:00",3,"IA",19,0,0.75,0,0,0,0,43.15,-93.18,43.15,-93.18,0,0,0,0,0,33,0,0,0
637161,2018,6,9,"2018-06-09","15:27:00",3,"IA",19,0,1.75,0,0,0,174000,43.12,-93.01,43.12,-93.01,0,0,0,0,0,67,0,0,0
637162,2018,6,9,"2018-06-09","15:50:00",3,"IA",19,0,1,0,0,0,0,43.05,-92.87,43.05,-92.87,0,0,0,0,0,67,0,0,0
637163,2018,6,9,"2018-06-09","15:55:00",3,"IA",19,0,1.75,0,0,0,250000,43.06,-92.73,43.06,-92.73,0,0,0,0,0,67,0,0,0
637164,2018,6,9,"2018-06-09","16:30:00",3,"MN",27,0,0.75,0,0,0,75000,43.5112,-91.7106,43.5112,-91.7106,0,0,0,0,0,55,0,0,0
637165,2018,6,9,"2018-06-09","16:34:00",3,"MN",27,0,1,0,0,0,0,43.53,-91.51,43.53,-91.51,0,0,0,0,0,55,0,0,0
637166,2018,6,9,"2018-06-09","16:49:00",3,"IA",19,0,0.75,0,0,0,0,42.9,-92.8,42.9,-92.8,0,0,0,0,0,23,0,0,0
637167,2018,6,9,"2018-06-09","16:51:00",3,"MS",28,0,0.75,0,0,1000,1000,31.5,-89.28,31.5,-89.28,0,0,0,0,0,67,0,0,0
637168,2018,6,9,"2018-06-09","16:59:00",3,"IA",19,0,1,0,0,0,0,42.97,-92.32,42.97,-92.32,0,0,0,0,0,37,0,0,0
637169,2018,6,9,"2018-06-09","17:07:00",3,"WY",56,0,1,0,0,0,0,44.35,-105.79,44.35,-105.79,0,0,0,0,0,5,0,0,0
637170,2018,6,9,"2018-06-09","17:10:00",3,"IA",19,0,1,0,0,0,0,42.81,-92.67,42.81,-92.67,0,0,0,0,0,23,0,0,0
637171,2018,6,9,"2018-06-09","17:20:00",3,"MN",27,0,1,0,0,0,0,47.66,-96.34,47.66,-96.34,0,0,0,0,0,119,0,0,0
637172,2018,6,9,"2018-06-09","17:30:00",3,"WY",56,0,0.75,0,0,0,0,44.4371,-105.5852,44.4371,-105.5852,0,0,0,0,0,5,0,0,0
637173,2018,6,9,"2018-06-09","17:32:00",3,"WY",56,0,0.88,0,0,0,0,44.08,-105.69,44.08,-105.69,0,0,0,0,0,5,0,0,0
637174,2018,6,9,"2018-06-09","17:40:00",3,"MT",30,0,1.5,0,0,0,0,45.49,-105.65,45.49,-105.65,0,0,0,0,0,75,0,0,0
637175,2018,6,9,"2018-06-09","17:45:00",3,"ND",38,0,1,0,0,0,0,47.1,-96.97,47.1,-96.97,0,0,0,0,0,17,0,0,0
637176,2018,6,9,"2018-06-09","17:45:00",3,"MT",30,0,1,0,0,0,0,45.44,-105.63,45.44,-105.63,0,0,0,0,0,75,0,0,0
637177,2018,6,9,"2018-06-09","18:11:00",3,"IA",19,0,1.75,0,0,10000,0,42.78,-93.34,42.78,-93.34,0,0,0,0,0,69,0,0,0
637178,2018,6,9,"2018-06-09","18:15:00",3,"MN",27,0,1,0,0,0,0,47.08,-96.79,47.08,-96.79,0,0,0,0,0,27,0,0,0
637179,2018,6,9,"2018-06-09","18:28:00",3,"IA",19,0,1,0,0,0,0,42.71,-93.1,42.71,-93.1,0,0,0,0,0,69,0,0,0
637180,2018,6,9,"2018-06-09","18:45:00",3,"IA",19,0,0.88,0,0,0,0,42.61,-93.2,42.61,-93.2,0,0,0,0,0,69,0,0,0
637181,2018,6,9,"2018-06-09","19:00:00",3,"IA",19,0,1,0,0,0,0,42.62,-93.01,42.62,-93.01,0,0,0,0,0,23,0,0,0
637182,2018,6,9,"2018-06-09","19:20:00",3,"MT",30,0,1.5,0,0,0,0,47.1005,-110.0501,47.1005,-110.0501,0,0,0,0,0,45,0,0,0
637183,2018,6,9,"2018-06-09","19:49:00",3,"IA",19,0,0.88,0,0,0,0,42.47,-91.88,42.47,-91.88,0,0,0,0,0,19,0,0,0
637184,2018,6,9,"2018-06-09","19:55:00",3,"SD",46,0,1,0,0,0,0,45.41,-103.99,45.41,-103.99,0,0,0,0,0,63,0,0,0
637185,2018,6,9,"2018-06-09","20:02:00",3,"IA",19,0,1,0,0,0,0,42.47,-91.87,42.47,-91.87,0,0,0,0,0,19,0,0,0
637186,2018,6,9,"2018-06-09","20:04:00",3,"WY",56,0,1.25,0,0,0,0,44.7202,-104.1333,44.7202,-104.1333,0,0,0,0,0,11,0,0,0
637187,2018,6,9,"2018-06-09","20:18:00",3,"IA",19,0,1,0,0,0,0,42.48,-91.87,42.48,-91.87,0,0,0,0,0,19,0,0,0
637188,2018,6,9,"2018-06-09","20:24:00",3,"IA",19,0,1,0,0,0,0,41.91,-91.91,41.91,-91.91,0,0,0,0,0,11,0,0,0
637189,2018,6,9,"2018-06-09","20:35:00",3,"IA",19,0,0.88,0,0,0,0,42.36,-92.77,42.36,-92.77,0,0,0,0,0,75,0,0,0
638670,2018,7,10,"2018-07-10","04:30:00",3,"SD",46,0,1,0,0,0,0,45.3,-97.04,45.3,-97.04,0,0,0,0,0,109,0,0,0
638671,2018,7,10,"2018-07-10","04:56:00",3,"SD",46,0,1.75,0,0,0,0,45.21,-96.79,45.21,-96.79,0,0,0,0,0,51,0,0,0
638672,2018,7,10,"2018-07-10","05:22:00",3,"SD",46,0,1,0,0,0,0,45.37,-97.22,45.37,-97.22,0,0,0,0,0,109,0,0,0
638673,2018,7,10,"2018-07-10","05:25:00",3,"SD",46,0,1,0,0,0,0,45.22,-96.68,45.22,-96.68,0,0,0,0,0,51,0,0,0
638674,2018,7,10,"2018-07-10","05:30:00",3,"SD",46,0,0.88,0,0,0,0,45.34,-97.2,45.34,-97.2,0,0,0,0,0,109,0,0,0
638675,2018,7,10,"2018-07-10","10:09:00",3,"IA",19,0,0.88,0,0,0,0,43.13,-95.02,43.13,-95.02,0,0,0,0,0,41,0,0,0
638676,2018,7,10,"2018-07-10","10:13:00",3,"IA",19,0,1.25,0,0,0,0,43.13,-95.01,43.13,-95.01,0,0,0,0,0,41,0,0,0
638677,2018,7,10,"2018-07-10","10:18:00",3,"IA",19,0,0.88,0,0,0,0,43.06,-94.96,43.06,-94.96,0,0,0,0,0,41,0,0,0
638678,2018,7,10,"2018-07-10","11:25:00",3,"ME",23,0,1,0,0,0,0,47.18,-68.47,47.18,-68.47,0,0,0,0,0,3,0,0,0
638679,2018,7,10,"2018-07-10","11:37:00",3,"ME",23,0,1,0,0,0,0,45.38,-69.6,45.38,-69.6,0,0,0,0,0,21,0,0,0
638680,2018,7,10,"2018-07-10","15:05:00",3,"ME",23,0,1,0,0,0,0,45.03,-67.37,45.03,-67.37,0,0,0,0,0,29,0,0,0
638681,2018,7,10,"2018-07-10","15:22:00",3,"NH",33,0,1.75,0,0,0,0,43.3721,-71.6091,43.3721,-71.6091,0,0,0,0,0,13,0,0,0
638682,2018,7,10,"2018-07-10","15:30:00",3,"NH",33,0,1.25,0,0,0,0,43.34,-71.57,43.34,-71.57,0,0,0,0,0,13,0,0,0
638683,2018,7,10,"2018-07-10","15:40:00",3,"NH",33,0,1,0,0,0,0,43.34,-71.47,43.34,-71.47,0,0,0,0,0,13,0,0,0
638684,2018,7,10,"2018-07-10","16:45:00",3,"MT",30,0,1,0,0,0,0,48.8099,-108.4252,48.8099,-108.4252,0,0,0,0,0,5,0,0,0
638685,2018,7,10,"2018-07-10","17:36:00",3,"MT",30,0,1,0,0,0,0,48.21,-107.34,48.21,-107.34,0,0,0,0,0,105,0,0,0
638686,2018,7,10,"2018-07-10","20:32:00",3,"MT",30,0,1,0,0,0,0,48.15,-104.82,48.15,-104.82,0,0,0,0,0,85,0,0,0
638687,2018,7,11,"2018-07-11","13:33:00",3,"VA",51,0,1,0,0,0,0,37.1719,-79.6318,37.1719,-79.6318,0,0,0,0,0,19,0,0,0
638688,2018,7,11,"2018-07-11","14:04:00",3,"WY",56,0,0.88,0,0,0,0,42.75,-109.6017,42.75,-109.6017,0,0,0,0,0,35,0,0,0
638689,2018,7,11,"2018-07-11","17:02:00",3,"TX",48,0,0.75,0,0,0,0,31.6248,-94.6548,31.6248,-94.6548,0,0,0,0,0,347,0,0,0
638690,2018,7,11,"2018-07-11","17:08:00",3,"VA",51,0,1,0,0,0,0,36.98,-78.59,36.98,-78.59,0,0,0,0,0,37,0,0,0
638691,2018,7,11,"2018-07-11","17:25:00",3,"VA",51,0,1,0,0,0,0,36.93,-78.67,36.93,-78.67,0,0,0,0,0,37,0,0,0
638692,2018,7,11,"2018-07-11","18:00:00",3,"AR",5,0,0.75,0,0,0,0,34.1205,-94.0169,34.1205,-94.0169,0,0,0,0,0,61,0,0,0
638693,2018,7,11,"2018-07-11","20:34:00",3,"MN",27,0,1,0,0,0,0,47.54,-95.46,47.54,-95.46,0,0,0,0,0,29,0,0,0
638694,2018,7,11,"2018-07-11","20:59:00",3,"MN",27,0,0.88,0,0,0,0,47.97,-94.68,47.97,-94.68,0,0,0,0,0,7,0,0,0
638695,2018,7,12,"2018-07-12","00:15:00",3,"MN",27,0,1.5,0,0,0,0,46.75,-94.81,46.75,-94.81,0,0,0,0,0,159,0,0,0
638696,2018,7,12,"2018-07-12","00:40:00",3,"MN",27,0,1,0,0,0,0,46.69,-94.81,46.69,-94.81,0,0,0,0,0,159,0,0,0
638697,2018,7,12,"2018-07-12","14:18:00",3,"NC",37,0,1,0,0,0,0,34.2748,-77.8514,34.2748,-77.8514,0,0,0,0,0,129,0,0,0
638698,2018,7,12,"2018-07-12","15:06:00",3,"WY",56,0,1,0,0,0,0,44.1619,-106.7,43.6,-106.0801,0,0,0,0,0,19,0,0,0
638699,2018,7,12,"2018-07-12","15:40:00",3,"NE",31,0,1.75,0,0,0,0,42.71,-101.38,42.71,-101.38,0,0,0,0,0,31,0,0,0
638700,2018,7,12,"2018-07-12","15:40:00",3,"NE",31,0,1.75,0,0,0,0,42.75,-101.5,42.75,-101.5,0,0,0,0,0,31,0,0,0
638701,2018,7,12,"2018-07-12","16:45:00",3,"MN",27,0,0.75,0,0,0,0,43.98,-96.27,43.98,-96.27,0,0,0,0,0,117,0,0,0
638702,2018,7,12,"2018-07-12","18:25:00",3,"CO",8,0,0.75,0,0,0,0,40.86,-102.8,40.86,-102.8,0,0,0,0,0,75,0,0,0
638703,2018,7,13,"2018-07-13","16:17:00",3,"WI",55,0,2,0,0,0,0,43.75,-88.52,43.75,-88.52,0,0,0,0,0,39,0,0,0
638704,2018,7,13,"2018-07-13","16:24:00",3,"WI",55,0,1,0,0,0,0,43.75,-88.54,43.75,-88.54,0,0,0,0,0,39,0,0,0
638705,2018,7,13,"2018-07-13","16:29:00",3,"IA",19,0,1.5,0,0,0,0,42.7,-91.08,42.7,-91.08,0,0,0,0,0,43,0,0,0
638706,2018,7,13,"2018-07-13","16:30:00",3,"WI",55,0,1,0,0,0,0,43.77,-88.49,43.77,-88.49,0,0,0,0,0,39,0,0,0
638707,2018,7,13,"2018-07-13","17:22:00",3,"WY",56,0,1,0,0,0,0,44.96,-105.35,44.96,-105.35,0,0,0,0,0,5,0,0,0
638708,2018,7,13,"2018-07-13","17:30:00",3,"WY",56,0,1.5,0,0,0,0,44.92,-105.38,44.92,-105.38,0,0,0,0,0,5,0,0,0
638709,2018,7,13,"2018-07-13","18:00:00",3,"WY",56,0,1,0,0,0,0,44.03,-105.65,44.03,-105.65,0,0,0,0,0,5,0,0,0
638710,2018,7,14,"2018-07-14","13:51:00",3,"OK",40,0,0.75,0,0,0,0,35.48,-97.34,35.48,-97.34,0,0,0,0,0,109,0,0,0
638711,2018,7,14,"2018-07-14","13:51:00",3,"MO",29,0,0.75,0,0,0,0,37.78,-90.42,37.78,-90.42,0,0,0,0,0,187,0,0,0
638712,2018,7,14,"2018-07-14","14:26:00",3,"OK",40,0,0.75,0,0,0,0,35.47,-97.39,35.47,-97.39,0,0,0,0,0,109,0,0,0
638713,2018,7,14,"2018-07-14","15:17:00",3,"IL",17,0,1.25,0,0,0,0,40.37,-90.37,40.37,-90.37,0,0,0,0,0,57,0,0,0
638714,2018,7,14,"2018-07-14","16:20:00",3,"MO",29,0,0.75,0,0,0,0,38.6117,-90.3234,38.6117,-90.3234,0,0,0,0,0,189,0,0,0
638715,2018,7,14,"2018-07-14","16:45:00",3,"ND",38,0,1,0,0,0,0,48.3689,-99.9962,48.3689,-99.9962,0,0,0,0,0,69,0,0,0
638716,2018,7,14,"2018-07-14","16:52:00",3,"NM",35,0,0.75,0,0,0,0,35.1008,-106.5068,35.1008,-106.5068,0,0,0,0,0,1,0,0,0
638717,2018,7,14,"2018-07-14","18:50:00",3,"ND",38,0,1.25,0,0,0,0,48.9,-99.02,48.9,-99.02,0,0,0,0,0,95,0,0,0
638718,2018,7,15,"2018-07-15","15:23:00",3,"PA",42,0,1,0,0,0,0,40.39,-80.02,40.39,-80.02,0,0,0,0,0,3,0,0,0
638719,2018,7,15,"2018-07-15","15:50:00",3,"CA",6,0,1,0,0,0,0,41.58,-121.91,41.58,-121.91,0,0,0,0,0,93,0,0,0
638720,2018,7,15,"2018-07-15","18:47:00",3,"OK",40,0,0.75,0,0,0,0,35.28,-97.81,35.28,-97.81,0,0,0,0,0,51,0,0,0
638721,2018,7,15,"2018-07-15","19:27:00",3,"WY",56,0,0.75,0,0,0,0,44.1949,-106.1771,44.1949,-106.1771,0,0,0,0,0,19,0,0,0
638722,2018,7,15,"2018-07-15","19:28:00",3,"PA",42,0,0.75,0,0,0,0,40.3608,-79.9909,40.3608,-79.9909,0,0,0,0,0,3,0,0,0
638723,2018,7,15,"2018-07-15","20:57:00",3,"WY",56,0,1,0,0,0,0,44.6411,-105.2924,44.6411,-105.2924,0,0,0,0,0,5,0,0,0
638724,2018,7,16,"2018-07-16","11:42:00",3,"AR",5,0,0.88,0,0,0,0,35.32,-92.33,35.32,-92.33,0,0,0,0,0,45,0,0,0
638725,2018,7,16,"2018-07-16","11:45:00",3,"MI",26,0,1,0,0,0,500,44.57,-83.42,44.57,-83.42,0,0,0,0,0,1,0,0,0
638726,2018,7,16,"2018-07-16","14:05:00",3,"MI",26,0,0.75,0,0,0,0,42.75,-83.63,42.75,-83.63,0,0,0,0,0,125,0,0,0
638727,2018,7,16,"2018-07-16","14:54:00",3,"NY",36,0,0.75,0,0,0,0,43.13,-77.48,43.13,-77.48,0,0,0,0,0,55,0,0,0
638728,2018,7,16,"2018-07-16","16:25:00",3,"SD",46,0,1.5,0,0,0,0,43.72,-103.48,43.72,-103.48,0,0,0,0,0,33,0,0,0
638729,2018,7,16,"2018-07-16","16:35:00",3,"SD",46,0,1,0,0,0,0,43.8721,-103.58,43.8721,-103.58,0,0,0,0,0,103,0,0,0
638730,2018,7,16,"2018-07-16","16:36:00",3,"SD",46,0,1.75,0,0,0,0,43.8576,-103.58,43.8576,-103.58,0,0,0,0,0,103,0,0,0
638731,2018,7,16,"2018-07-16","16:40:00",3,"KS",20,0,1,0,0,0,0,37.51,-94.81,37.51,-94.81,0,0,0,0,0,37,0,0,0
638732,2018,7,16,"2018-07-16","17:00:00",3,"WY",56,0,1.25,0,0,0,0,42.9771,-105.38,42.9771,-105.38,0,0,0,0,0,9,0,0,0
638733,2018,7,16,"2018-07-16","17:30:00",3,"WY",56,0,1,0,0,0,0,42.9,-106.47,42.9,-106.47,0,0,0,0,0,25,0,0,0
638734,2018,7,16,"2018-07-16","17:56:00",3,"NE",31,0,1,0,0,0,0,42.69,-102.56,42.69,-102.56,0,0,0,0,0,161,0,0,0
638735,2018,7,16,"2018-07-16","18:04:00",3,"NE",31,0,1,0,0,0,0,42.87,-100.55,42.87,-100.55,0,0,0,0,0,31,0,0,0
638736,2018,7,16,"2018-07-16","19:00:00",3,"SD",46,0,0.88,0,0,0,0,43.75,-100.12,43.75,-100.12,0,0,0,0,0,85,0,0,0
638737,2018,7,16,"2018-07-16","19:00:00",3,"SD",46,0,0.88,0,0,0,0,43.76,-100.18,43.76,-100.18,0,0,0,0,0,85,0,0,0
638738,2018,7,16,"2018-07-16","19:19:00",3,"NE",31,0,1,0,0,0,0,42.55,-100.36,42.55,-100.36,0,0,0,0,0,31,0,0,0
638739,2018,7,16,"2018-07-16","19:25:00",3,"NE",31,0,1,0,0,0,0,42.45,-102.78,42.45,-102.78,0,0,0,0,0,45,0,0,0
638740,2018,7,16,"2018-07-16","19:32:00",3,"CO",8,0,1,0,0,0,0,39.56,-104.75,39.56,-104.75,0,0,0,0,0,35,0,0,0
638741,2018,7,16,"2018-07-16","19:33:00",3,"CO",8,0,1,0,0,0,0,39.55,-104.76,39.55,-104.76,0,0,0,0,0,35,0,0,0
638742,2018,7,16,"2018-07-16","19:45:00",3,"CO",8,0,1.75,0,0,0,0,40.61,-103.84,40.61,-103.84,0,0,0,0,0,123,0,0,0
638743,2018,7,16,"2018-07-16","19:55:00",3,"NE",31,0,1,0,0,0,0,42.5116,-103,42.5116,-103,0,0,0,0,0,45,0,0,0
638744,2018,7,16,"2018-07-16","21:15:00",3,"NE",31,0,1,0,0,0,0,41.0294,-103.5497,41.0294,-103.5497,0,0,0,0,0,105,0,0,0
638745,2018,7,17,"2018-07-17","14:20:00",3,"SD",46,0,1,0,0,0,0,44.0745,-103.6486,44.0745,-103.6486,0,0,0,0,0,103,0,0,0
638746,2018,7,17,"2018-07-17","14:30:00",3,"WY",56,0,1,0,0,0,0,41.8763,-104.95,41.8763,-104.95,0,0,0,0,0,31,0,0,0
638747,2018,7,17,"2018-07-17","15:10:00",3,"SD",46,0,1,0,0,0,0,43.9494,-103.515,43.9494,-103.515,0,0,0,0,0,103,0,0,0
638748,2018,7,17,"2018-07-17","15:16:00",3,"SD",46,0,0.88,0,0,0,0,43.9411,-103.5429,43.9411,-103.5429,0,0,0,0,0,103,0,0,0
638749,2018,7,17,"2018-07-17","15:22:00",3,"SD",46,0,1.25,0,0,0,0,43.9466,-103.5243,43.9466,-103.5243,0,0,0,0,0,103,0,0,0
638750,2018,7,17,"2018-07-17","15:25:00",3,"SD",46,0,1,0,0,0,0,43.93,-103.5599,43.93,-103.5599,0,0,0,0,0,103,0,0,0
638751,2018,7,17,"2018-07-17","15:25:00",3,"WY",56,0,1,0,0,0,0,42.2105,-104.8604,42.2105,-104.8604,0,0,0,0,0,31,0,0,0
638752,2018,7,17,"2018-07-17","15:30:00",3,"SD",46,0,0.88,0,0,0,0,43.9134,-103.5243,43.9134,-103.5243,0,0,0,0,0,103,0,0,0
638753,2018,7,17,"2018-07-17","15:35:00",3,"WY",56,0,1,0,0,0,0,44.48,-106.77,44.48,-106.77,0,0,0,0,0,19,0,0,0
638754,2018,7,17,"2018-07-17","15:47:00",3,"SD",46,0,1.75,0,0,0,0,43.87,-103.3702,43.87,-103.3702,0,0,0,0,0,103,0,0,0
638755,2018,7,17,"2018-07-17","15:55:00",3,"WY",56,0,1,0,0,0,0,42.05,-104.95,42.05,-104.95,0,0,0,0,0,31,0,0,0
638756,2018,7,17,"2018-07-17","16:20:00",3,"WY",56,0,1,0,0,0,0,44.18,-105.91,44.18,-105.91,0,0,0,0,0,5,0,0,0
638757,2018,7,17,"2018-07-17","16:29:00",3,"SD",46,0,1,0,0,0,0,43.77,-103.4,43.77,-103.4,0,0,0,0,0,33,0,0,0
638758,2018,7,17,"2018-07-17","16:46:00",3,"WY",56,0,1,0,0,0,0,44.03,-105.65,44.03,-105.65,0,0,0,0,0,5,0,0,0
638759,2018,7,17,"2018-07-17","16:50:00",3,"SD",46,0,1.5,0,0,0,0,43.7011,-103.247,43.7011,-103.247,0,0,0,0,0,33,0,0,0
638760,2018,7,17,"2018-07-17","17:05:00",3,"WY",56,0,1,0,0,0,0,44,-105.69,44,-105.69,0,0,0,0,0,5,0,0,0
638761,2018,7,17,"2018-07-17","17:35:00",3,"WY",56,0,1,0,0,0,0,44.4857,-104.23,44.4857,-104.23,0,0,0,0,0,11,0,0,0
638762,2018,7,17,"2018-07-17","18:00:00",3,"SD",46,0,1.25,0,0,0,0,43.38,-102.4,43.38,-102.4,0,0,0,0,0,102,0,0,0
638763,2018,7,17,"2018-07-17","18:02:00",3,"WY",56,0,1,0,0,0,0,43.97,-105.28,43.97,-105.28,0,0,0,0,0,5,0,0,0
638764,2018,7,17,"2018-07-17","18:35:00",3,"WY",56,0,1,0,0,0,0,44.53,-104.08,44.53,-104.08,0,0,0,0,0,11,0,0,0
638765,2018,7,17,"2018-07-17","18:50:00",3,"KS",20,0,0.75,0,0,0,0,37.28,-100.34,37.28,-100.34,0,0,0,0,0,119,0,0,0
638766,2018,7,17,"2018-07-17","20:20:00",3,"WY",56,0,1,0,0,0,0,43.4,-104.95,43.4,-104.95,0,0,0,0,0,9,0,0,0
638767,2018,7,17,"2018-07-17","21:10:00",3,"WY",56,0,1,0,0,0,0,43.3323,-105.1294,43.3323,-105.1294,0,0,0,0,0,9,0,0,0
638768,2018,7,18,"2018-07-18","10:30:00",3,"SD",46,0,1,0,0,0,0,43.83,-99.58,43.83,-99.58,0,0,0,0,0,85,0,0,0
638769,2018,7,18,"2018-07-18","13:50:00",3,"SD",46,0,0.88,0,0,0,0,43.47,-98.93,43.47,-98.93,0,0,0,0,0,23,0,0,0
638770,2018,7,18,"2018-07-18","13:52:00",3,"ND",38,0,1,0,0,0,0,48.13,-102.73,48.13,-102.73,0,0,0,0,0,61,0,0,0
638771,2018,7,18,"2018-07-18","14:48:00",3,"SD",46,0,2,0,0,0,0,44.12,-103.07,44.12,-103.07,0,0,0,0,0,103,0,0,0
638772,2018,7,18,"2018-07-18","14:52:00",3,"SD",46,0,1,0,0,0,0,44.08,-103.1293,44.08,-103.1293,0,0,0,0,0,103,0,0,0
638773,2018,7,18,"2018-07-18","15:13:00",3,"SD",46,0,1.25,0,0,0,0,43.9495,-102.8516,43.9495,-102.8516,0,0,0,0,0,103,0,0,0
638774,2018,7,18,"2018-07-18","15:23:00",3,"AZ",4,0,1,0,0,1500000,0,34.56,-112.41,34.5546,-112.3042,0,0,0,0,0,25,0,0,0
638775,2018,7,18,"2018-07-18","15:25:00",3,"SD",46,0,1,0,0,0,0,43.7791,-102.8133,43.7791,-102.8133,0,0,0,0,0,33,0,0,0
638776,2018,7,18,"2018-07-18","15:25:00",3,"SD",46,0,1.75,0,0,0,0,43.27,-98.71,43.27,-98.71,0,0,0,0,0,23,0,0,0
638777,2018,7,18,"2018-07-18","16:10:00",3,"SD",46,0,1,0,0,0,0,43.1,-100.34,43.1,-100.34,0,0,0,0,0,121,0,0,0
638778,2018,7,18,"2018-07-18","16:28:00",3,"SD",46,0,1,0,0,0,0,44.6,-98.99,44.6,-98.99,0,0,0,0,0,59,0,0,0
638779,2018,7,18,"2018-07-18","16:45:00",3,"SD",46,0,1,0,0,0,0,44.62,-98.93,44.62,-98.93,0,0,0,0,0,59,0,0,0
638780,2018,7,18,"2018-07-18","16:59:00",3,"NE",31,0,1.25,0,0,0,0,42.18,-99.09,42.18,-99.09,0,0,0,0,0,89,0,0,0
638781,2018,7,18,"2018-07-18","17:25:00",3,"NE",31,0,1.75,0,0,0,0,42.72,-99.86,42.72,-99.86,0,0,0,0,0,17,0,0,0
638782,2018,7,18,"2018-07-18","17:54:00",3,"SD",46,0,1.75,0,0,0,0,43.82,-99.8,43.82,-99.8,0,0,0,0,0,85,0,0,0
638783,2018,7,18,"2018-07-18","17:56:00",3,"NE",31,0,1.75,0,0,0,0,42.55,-99.7,42.55,-99.7,0,0,0,0,0,17,0,0,0
638784,2018,7,18,"2018-07-18","18:00:00",3,"SD",46,0,1,0,0,0,0,44.48,-98.94,44.48,-98.94,0,0,0,0,0,59,0,0,0
638785,2018,7,18,"2018-07-18","18:07:00",3,"NE",31,0,1,0,0,0,0,42.93,-98.9,42.93,-98.9,0,0,0,0,0,15,0,0,0
638786,2018,7,18,"2018-07-18","18:11:00",3,"NE",31,0,1,0,0,0,0,42.61,-97.43,42.61,-97.43,0,0,0,0,0,27,0,0,0
638787,2018,7,18,"2018-07-18","18:16:00",3,"NE",31,0,1.75,0,0,0,0,41.91,-99.44,41.91,-99.44,0,0,0,0,0,115,0,0,0
638788,2018,7,18,"2018-07-18","18:16:00",3,"NE",31,0,2,0,0,0,0,41.94,-99.48,41.94,-99.48,0,0,0,0,0,115,0,0,0
638789,2018,7,18,"2018-07-18","18:21:00",3,"AZ",4,0,1,0,0,0,0,35.1768,-113.7908,35.1564,-113.765,0,0,0,0,0,15,0,0,0
638790,2018,7,18,"2018-07-18","18:25:00",3,"NE",31,0,1.25,0,0,0,0,41.81,-99.33,41.81,-99.33,0,0,0,0,0,115,0,0,0
638791,2018,7,18,"2018-07-18","18:40:00",3,"NE",31,0,1,0,0,0,0,42.57,-97.39,42.57,-97.39,0,0,0,0,0,27,0,0,0
638792,2018,7,18,"2018-07-18","18:42:00",3,"NE",31,0,1.75,0,0,0,0,41.54,-99.3,41.54,-99.3,0,0,0,0,0,41,0,0,0
638793,2018,7,18,"2018-07-18","18:55:00",3,"NE",31,0,1,0,0,0,0,41.78,-99.23,41.78,-99.23,0,0,0,0,0,115,0,0,0
638794,2018,7,18,"2018-07-18","19:02:00",3,"NE",31,0,0.88,0,0,0,0,41.43,-99.2072,41.43,-99.2072,0,0,0,0,0,175,0,0,0
638795,2018,7,18,"2018-07-18","19:15:00",3,"NE",31,0,1,0,0,0,0,42.53,-97.31,42.53,-97.31,0,0,0,0,0,27,0,0,0
638796,2018,7,18,"2018-07-18","19:25:00",3,"NE",31,0,1,0,0,0,0,42.69,-98.65,42.69,-98.65,0,0,0,0,0,89,0,0,0
638797,2018,7,18,"2018-07-18","19:48:00",3,"NE",31,0,2.75,0,0,250000,1e+06,41.17,-99.15,41.1,-99.08,0,0,0,0,0,163,0,0,0
638798,2018,7,18,"2018-07-18","19:49:00",3,"NE",31,0,0.75,0,0,0,0,42.51,-97.21,42.51,-97.21,0,0,0,0,0,27,0,0,0
638799,2018,7,18,"2018-07-18","20:10:00",3,"NE",31,0,1,0,0,0,0,42.55,-97.21,42.55,-97.21,0,0,0,0,0,27,0,0,0
638800,2018,7,18,"2018-07-18","20:13:00",3,"NE",31,0,1.75,0,0,5e+05,1e+07,41.0212,-99.1478,40.97,-99.08,0,0,0,0,0,19,0,0,0
638801,2018,7,18,"2018-07-18","20:34:00",3,"NE",31,0,0.88,0,0,0,0,41.43,-99.13,41.43,-99.13,0,0,0,0,0,175,0,0,0
638802,2018,7,18,"2018-07-18","20:43:00",3,"NE",31,0,1.5,0,0,25000,1e+06,40.7168,-98.9359,40.7168,-98.9359,0,0,0,0,0,19,0,0,0
638803,2018,7,18,"2018-07-18","21:50:00",3,"NE",31,0,1.75,0,0,25000,1e+06,40.7168,-98.9359,40.7168,-98.9359,0,0,0,0,0,19,0,0,0
638804,2018,7,18,"2018-07-18","21:55:00",3,"NE",31,0,0.88,0,0,0,0,42.26,-97.96,42.26,-97.96,0,0,0,0,0,3,0,0,0
638805,2018,7,19,"2018-07-19","09:40:00",3,"MO",29,0,1,0,0,0,0,38.74,-93.53,38.74,-93.53,0,0,0,0,0,101,0,0,0
638806,2018,7,19,"2018-07-19","10:02:00",3,"MO",29,0,1,0,0,0,0,38.62,-93.4,38.62,-93.4,0,0,0,0,0,159,0,0,0
638807,2018,7,19,"2018-07-19","10:22:00",3,"MO",29,0,1,0,0,0,0,39.56,-94.04,39.56,-94.04,0,0,0,0,0,25,0,0,0
638808,2018,7,19,"2018-07-19","10:30:00",3,"KS",20,0,1,0,0,0,0,39.67,-99.57,39.67,-99.57,0,0,0,0,0,147,0,0,0
638809,2018,7,19,"2018-07-19","11:11:00",3,"KS",20,0,1,0,0,0,0,39.77,-99.03,39.77,-99.03,0,0,0,0,0,183,0,0,0
638810,2018,7,19,"2018-07-19","11:14:00",3,"KS",20,0,0.88,0,0,0,0,39.3709,-98.4271,39.3709,-98.4271,0,0,0,0,0,123,0,0,0
638811,2018,7,19,"2018-07-19","11:54:00",3,"MO",29,0,1.75,0,0,0,0,38.77,-93.74,38.77,-93.74,0,0,0,0,0,101,0,0,0
638812,2018,7,19,"2018-07-19","12:00:00",3,"MO",29,0,1.75,0,0,0,0,38.83,-93.74,38.83,-93.74,0,0,0,0,0,101,0,0,0
638813,2018,7,19,"2018-07-19","12:03:00",3,"MO",29,0,1.75,0,0,0,0,38.77,-93.71,38.77,-93.71,0,0,0,0,0,101,0,0,0
638814,2018,7,19,"2018-07-19","12:24:00",3,"MO",29,0,2.75,0,0,0,0,38.87,-94.17,38.87,-94.17,0,0,0,0,0,95,0,0,0
638815,2018,7,19,"2018-07-19","12:30:00",3,"KS",20,0,0.75,0,0,0,0,39.32,-97.49,39.32,-97.49,0,0,0,0,0,29,0,0,0
638816,2018,7,19,"2018-07-19","12:45:00",3,"MO",29,0,2.75,0,0,0,0,38.76,-94.17,38.76,-94.17,0,0,0,0,0,37,0,0,0
638817,2018,7,19,"2018-07-19","12:48:00",3,"MO",29,0,1.5,0,0,0,0,39.05,-94.41,39.05,-94.41,0,0,0,0,0,95,0,0,0
638818,2018,7,19,"2018-07-19","12:53:00",3,"MO",29,0,1.25,0,0,0,0,39.06,-94.4,39.06,-94.4,0,0,0,0,0,95,0,0,0
638819,2018,7,19,"2018-07-19","12:54:00",3,"MO",29,0,1.75,0,0,0,0,38.74,-94.08,38.74,-94.08,0,0,0,0,0,101,0,0,0
638820,2018,7,19,"2018-07-19","13:15:00",3,"MO",29,0,1.75,0,0,0,0,38.87,-94.17,38.87,-94.17,0,0,0,0,0,95,0,0,0
638821,2018,7,19,"2018-07-19","13:16:00",3,"MO",29,0,2,0,0,0,0,38.91,-94.33,38.91,-94.33,0,0,0,0,0,95,0,0,0
638822,2018,7,19,"2018-07-19","13:16:00",3,"MO",29,0,1.75,0,0,0,0,38.91,-94.38,38.91,-94.38,0,0,0,0,0,95,0,0,0
638823,2018,7,19,"2018-07-19","13:20:00",3,"MO",29,0,1.75,0,0,0,0,38.87,-94.17,38.87,-94.17,0,0,0,0,0,95,0,0,0
638824,2018,7,19,"2018-07-19","13:30:00",3,"MO",29,0,1.75,0,0,10000,0,38.81,-94.26,38.81,-94.26,0,0,0,0,0,37,0,0,0
638825,2018,7,19,"2018-07-19","14:06:00",3,"MO",29,0,1.5,0,0,0,0,38.56,-94.19,38.56,-94.19,0,0,0,0,0,37,0,0,0
638826,2018,7,19,"2018-07-19","14:07:00",3,"MO",29,0,1.75,0,0,0,0,38.56,-94.19,38.56,-94.19,0,0,0,0,0,37,0,0,0
638827,2018,7,19,"2018-07-19","14:13:00",3,"KS",20,0,0.88,0,0,0,0,37.39,-101.89,37.39,-101.89,0,0,0,0,0,129,0,0,0
638828,2018,7,19,"2018-07-19","14:26:00",3,"AZ",4,0,1,0,0,0,0,35.18,-111.58,35.2322,-111.5073,0,0,0,0,0,5,0,0,0
638829,2018,7,19,"2018-07-19","14:40:00",3,"KS",20,0,0.75,0,0,0,0,38.35,-95.13,38.35,-95.13,0,0,0,0,0,3,0,0,0
638830,2018,7,19,"2018-07-19","14:45:00",3,"MO",29,0,0.88,0,0,0,0,38.19,-94.03,38.19,-94.03,0,0,0,0,0,185,0,0,0
638831,2018,7,19,"2018-07-19","14:53:00",3,"MO",29,0,1,0,0,0,0,38.19,-94.03,38.19,-94.03,0,0,0,0,0,185,0,0,0
638832,2018,7,19,"2018-07-19","15:10:00",3,"IA",19,0,0.88,0,0,0,0,42.08,-91.11,42.08,-91.11,0,0,0,0,0,105,0,0,0
638833,2018,7,19,"2018-07-19","15:14:00",3,"IA",19,0,1.5,0,0,0,0,41.48,-92.92,41.48,-92.92,0,0,0,0,0,125,0,0,0
638834,2018,7,19,"2018-07-19","15:45:00",3,"MO",29,0,1,0,0,0,0,38.19,-94.03,38.19,-94.03,0,0,0,0,0,185,0,0,0
638835,2018,7,19,"2018-07-19","15:45:00",3,"IA",19,0,0.75,0,0,0,0,42.06,-91,42.06,-91,0,0,0,0,0,105,0,0,0
638836,2018,7,19,"2018-07-19","16:02:00",3,"ND",38,0,1,0,0,0,0,46.52,-99.77,46.52,-99.77,0,0,0,0,0,47,0,0,0
638837,2018,7,19,"2018-07-19","16:42:00",3,"IA",19,0,1,0,0,0,0,41.02,-92.46,41.02,-92.46,0,0,0,0,0,179,0,0,0
638838,2018,7,19,"2018-07-19","16:45:00",3,"AZ",4,0,1,0,0,0,0,35.22,-112.49,35.1897,-112.5953,0,0,0,0,0,25,0,0,0
638839,2018,7,19,"2018-07-19","17:00:00",3,"ND",38,0,1,0,0,0,0,47.65,-99.04,47.65,-99.04,0,0,0,0,0,27,0,0,0
638840,2018,7,19,"2018-07-19","17:28:00",3,"KS",20,0,3.5,0,0,0,0,37.8,-99.86,37.8,-99.86,0,0,0,0,0,57,0,0,0
638841,2018,7,19,"2018-07-19","17:38:00",3,"IA",19,0,0.75,0,0,0,0,40.71,-91.96,40.71,-91.96,0,0,0,0,0,177,0,0,0
638842,2018,7,19,"2018-07-19","17:38:00",3,"KS",20,0,1,0,0,0,0,37.73,-101.57,37.73,-101.57,0,0,0,0,0,187,0,0,0
638843,2018,7,19,"2018-07-19","17:43:00",3,"KS",20,0,1,0,0,0,0,37.75,-99.91,37.75,-99.91,0,0,0,0,0,57,0,0,0
638844,2018,7,19,"2018-07-19","17:54:00",3,"IA",19,0,0.88,0,0,0,0,40.53,-91.57,40.53,-91.57,0,0,0,0,0,111,0,0,0
638845,2018,7,19,"2018-07-19","17:58:00",3,"MO",29,0,0.88,0,0,0,0,40.46,-92.17,40.46,-92.17,0,0,0,0,0,199,0,0,0
638846,2018,7,19,"2018-07-19","18:09:00",3,"KS",20,0,2,0,0,0,0,37.67,-99.76,37.67,-99.76,0,0,0,0,0,57,0,0,0
638847,2018,7,19,"2018-07-19","18:10:00",3,"MO",29,0,1.25,0,0,0,0,40.42,-92.14,40.42,-92.14,0,0,0,0,0,199,0,0,0
638848,2018,7,19,"2018-07-19","18:15:00",3,"AR",5,0,0.75,0,0,0,0,36.4936,-93.9448,36.4936,-93.9448,0,0,0,0,0,7,0,0,0
638849,2018,7,19,"2018-07-19","18:17:00",3,"MO",29,0,1,0,0,0,0,40.36,-92.02,40.36,-92.02,0,0,0,0,0,199,0,0,0
638850,2018,7,19,"2018-07-19","18:18:00",3,"IL",17,0,1,0,0,0,0,40.36,-91.43,40.36,-91.43,0,0,0,0,0,67,0,0,0
638851,2018,7,19,"2018-07-19","18:19:00",3,"IA",19,0,1,0,0,0,0,40.41,-91.4,40.41,-91.4,0,0,0,0,0,111,0,0,0
638852,2018,7,19,"2018-07-19","18:19:00",3,"KS",20,0,1,0,0,0,0,37.62,-100.83,37.62,-100.83,0,0,0,0,0,81,0,0,0
638853,2018,7,19,"2018-07-19","18:20:00",3,"ND",38,0,1.25,0,0,0,0,46.13,-101.68,46.13,-101.68,0,0,0,0,0,37,0,0,0
638854,2018,7,19,"2018-07-19","18:23:00",3,"MO",29,0,1.75,0,0,0,0,40.36,-92.02,40.36,-92.02,0,0,0,0,0,199,0,0,0
638855,2018,7,19,"2018-07-19","18:24:00",3,"KS",20,0,1,0,0,0,0,37.59,-99.75,37.59,-99.75,0,0,0,0,0,57,0,0,0
638856,2018,7,19,"2018-07-19","18:27:00",3,"MO",29,0,1.75,0,0,0,0,40.36,-92.02,40.36,-92.02,0,0,0,0,0,199,0,0,0
638857,2018,7,19,"2018-07-19","18:30:00",3,"IL",17,0,1,0,0,0,0,42.1,-89.98,42.1,-89.98,0,0,0,0,0,15,0,0,0
638858,2018,7,19,"2018-07-19","18:31:00",3,"KS",20,0,1.75,0,0,0,0,37.59,-99.75,37.59,-99.75,0,0,0,0,0,57,0,0,0
638859,2018,7,19,"2018-07-19","18:39:00",3,"KS",20,0,1,0,0,0,0,37.79,-101.27,37.79,-101.27,0,0,0,0,0,93,0,0,0
638860,2018,7,19,"2018-07-19","18:41:00",3,"KS",20,0,1.75,0,0,0,0,37.64,-100.87,37.64,-100.87,0,0,0,0,0,81,0,0,0
638861,2018,7,19,"2018-07-19","18:45:00",3,"NE",31,0,1,0,0,0,0,40.8119,-99.6381,40.8119,-99.6381,0,0,0,0,0,47,0,0,0
638862,2018,7,19,"2018-07-19","18:50:00",3,"KS",20,0,1.25,0,0,0,0,37.66,-101.07,37.66,-101.07,0,0,0,0,0,81,0,0,0
638863,2018,7,19,"2018-07-19","18:54:00",3,"ND",38,0,0.88,0,0,0,0,48.26,-101.56,48.26,-101.56,0,0,0,0,0,101,0,0,0
638864,2018,7,19,"2018-07-19","18:56:00",3,"SD",46,0,0.88,0,0,0,0,45.89,-101.45,45.89,-101.45,0,0,0,0,0,31,0,0,0
638865,2018,7,19,"2018-07-19","19:00:00",3,"KS",20,0,1,0,0,0,0,37.62,-100.83,37.62,-100.83,0,0,0,0,0,81,0,0,0
638866,2018,7,19,"2018-07-19","19:00:00",3,"IL",17,0,1.5,0,0,0,0,40.0409,-91.0687,40.0409,-91.0687,0,0,0,0,0,1,0,0,0
638867,2018,7,19,"2018-07-19","19:05:00",3,"MS",28,0,1,0,0,0,0,34.9679,-89.7687,34.9573,-89.7412,0,0,0,0,0,33,0,0,0
638868,2018,7,19,"2018-07-19","19:16:00",3,"MO",29,0,1.75,0,0,0,0,40.12,-91.72,39.9609,-91.5181,0,0,0,0,0,111,0,0,0
638869,2018,7,19,"2018-07-19","19:22:00",3,"TN",47,0,1,0,0,0,0,35.1146,-89.7342,35.0776,-89.7285,0,0,0,0,0,157,0,0,0
638870,2018,7,19,"2018-07-19","19:25:00",3,"ND",38,0,0.75,0,0,0,0,47.84,-99.57,47.84,-99.57,0,0,0,0,0,103,0,0,0
638871,2018,7,19,"2018-07-19","19:30:00",3,"KS",20,0,1.75,0,0,0,0,37.92,-100.65,37.92,-100.65,0,0,0,0,0,69,0,0,0
638872,2018,7,19,"2018-07-19","19:45:00",3,"KS",20,0,1,0,0,0,0,38,-100.88,38,-100.88,0,0,0,0,0,55,0,0,0
638873,2018,7,19,"2018-07-19","19:50:00",3,"IL",17,0,1,0,0,0,0,39.93,-91.4,39.93,-91.4,0,0,0,0,0,1,0,0,0
638874,2018,7,19,"2018-07-19","19:57:00",3,"KS",20,0,1,0,0,0,0,38.06,-100.3,38.06,-100.3,0,0,0,0,0,55,0,0,0
638875,2018,7,19,"2018-07-19","20:00:00",3,"ND",38,0,0.88,0,0,0,0,47.57,-100.57,47.57,-100.57,0,0,0,0,0,83,0,0,0
638876,2018,7,19,"2018-07-19","20:02:00",3,"SD",46,0,1,0,0,0,0,45.46,-101.07,45.46,-101.07,0,0,0,0,0,41,0,0,0
638877,2018,7,19,"2018-07-19","20:03:00",3,"IL",17,0,1.75,0,0,0,0,39.6133,-90.8018,39.6,-90.82,0,0,0,0,0,149,0,0,0
638878,2018,7,19,"2018-07-19","20:19:00",3,"KS",20,0,1,0,0,0,0,38,-100.01,38,-100.01,0,0,0,0,0,83,0,0,0
638879,2018,7,19,"2018-07-19","20:32:00",3,"SD",46,0,1,0,0,0,0,45.27,-100.84,45.27,-100.84,0,0,0,0,0,41,0,0,0
638880,2018,7,19,"2018-07-19","20:40:00",3,"MO",29,0,1.75,0,0,0,0,39.45,-91.05,39.45,-91.05,0,0,0,0,0,163,0,0,0
638881,2018,7,19,"2018-07-19","20:43:00",3,"MS",28,0,1.25,0,0,15000,0,34.09,-90.77,33.5305,-90.9443,0,0,0,0,0,11,0,0,0
638882,2018,7,19,"2018-07-19","21:00:00",3,"KS",20,0,1.5,0,0,0,0,38.05,-99.9,38.05,-99.9,0,0,0,0,0,83,0,0,0
638883,2018,7,19,"2018-07-19","21:00:00",3,"TN",47,0,1,0,0,0,0,35.6207,-88.9821,35.5907,-89.0029,0,0,0,0,0,113,0,0,0
638884,2018,7,19,"2018-07-19","21:34:00",3,"KS",20,0,1,0,0,0,0,37.98,-99.75,37.98,-99.75,0,0,0,0,0,83,0,0,0
638885,2018,7,20,"2018-07-20","02:34:00",3,"MO",29,0,1.75,0,0,1000,0,37.95,-93.21,37.95,-93.21,0,0,0,0,0,85,0,0,0
638886,2018,7,20,"2018-07-20","05:55:00",3,"MO",29,0,1,0,0,0,0,37.38,-93.17,37.38,-93.17,0,0,0,0,0,77,0,0,0
638887,2018,7,20,"2018-07-20","07:09:00",3,"AR",5,0,1.75,0,0,0,0,36.34,-92.38,36.34,-92.38,0,0,0,0,0,5,0,0,0
638888,2018,7,20,"2018-07-20","07:11:00",3,"AR",5,0,1,0,0,0,0,36.29,-92.29,36.29,-92.29,0,0,0,0,0,5,0,0,0
638889,2018,7,20,"2018-07-20","10:25:00",3,"IN",18,0,0.88,0,0,0,0,39.1488,-85.9446,39.1488,-85.9446,0,0,0,0,0,5,0,0,0
638890,2018,7,20,"2018-07-20","11:21:00",3,"IN",18,0,2,0,0,0,0,38.18,-86.4,38.18,-86.4,0,0,0,0,0,25,0,0,0
638891,2018,7,20,"2018-07-20","11:22:00",3,"IN",18,0,1.75,0,0,0,0,38.23,-86.47,38.23,-86.47,0,0,0,0,0,25,0,0,0
638892,2018,7,20,"2018-07-20","11:28:00",3,"IN",18,0,1.25,0,0,0,0,38.2,-86.35,38.2,-86.35,0,0,0,0,0,25,0,0,0
638893,2018,7,20,"2018-07-20","11:41:00",3,"IN",18,0,0.75,0,0,0,0,39.16,-85.25,39.16,-85.25,0,0,0,0,0,137,0,0,0
638894,2018,7,20,"2018-07-20","12:01:00",3,"IN",18,0,1.75,0,0,0,0,38.21,-86.13,38.21,-86.13,0,0,0,0,0,61,0,0,0
638895,2018,7,20,"2018-07-20","12:02:00",3,"IN",18,0,1,0,0,0,0,38.96,-85.84,38.96,-85.84,0,0,0,0,0,71,0,0,0
638896,2018,7,20,"2018-07-20","12:03:00",3,"IN",18,0,0.88,0,0,0,0,39.04,-85.69,39.04,-85.69,0,0,0,0,0,79,0,0,0
638897,2018,7,20,"2018-07-20","12:20:00",3,"IN",18,0,1.75,0,0,0,0,38.87,-85.82,38.87,-85.82,0,0,0,0,0,71,0,0,0
638898,2018,7,20,"2018-07-20","12:27:00",3,"KY",21,0,2.75,0,0,0,0,38.71,-85.37,38.71,-85.37,0,0,0,0,0,223,0,0,0
638899,2018,7,20,"2018-07-20","12:28:00",3,"IN",18,0,1.75,0,0,0,0,38.74,-85.38,38.74,-85.38,0,0,0,0,0,77,0,0,0
638900,2018,7,20,"2018-07-20","12:28:00",3,"KY",21,0,1.25,0,0,0,0,38.15,-85.85,38.15,-85.85,0,0,0,0,0,111,0,0,0
638901,2018,7,20,"2018-07-20","12:29:00",3,"IN",18,0,1.5,0,0,0,0,38.76,-85.38,38.76,-85.38,0,0,0,0,0,77,0,0,0
638902,2018,7,20,"2018-07-20","12:38:00",3,"IN",18,0,1.5,0,0,0,0,38.18,-85.91,38.18,-85.91,0,0,0,0,0,61,0,0,0
638903,2018,7,20,"2018-07-20","12:38:00",3,"IN",18,0,1,0,0,0,0,38.95,-85.34,38.95,-85.34,0,0,0,0,0,137,0,0,0
638904,2018,7,20,"2018-07-20","12:43:00",3,"IN",18,0,1,0,0,20000,0,38.7,-85.9,38.7,-85.9,0,0,0,0,0,175,0,0,0
638905,2018,7,20,"2018-07-20","12:45:00",3,"KY",21,0,2,0,0,0,0,38.17,-85.78,38.17,-85.78,0,0,0,0,0,111,0,0,0
638906,2018,7,20,"2018-07-20","12:46:00",3,"KY",21,0,1.75,0,0,0,0,38.2,-85.81,38.2,-85.81,0,0,0,0,0,111,0,0,0
638907,2018,7,20,"2018-07-20","12:48:00",3,"KY",21,0,1,0,0,0,0,38.19,-85.73,38.19,-85.73,0,0,0,0,0,111,0,0,0
638908,2018,7,20,"2018-07-20","12:50:00",3,"KY",21,0,1.75,0,0,0,0,38.16,-85.78,38.16,-85.78,0,0,0,0,0,111,0,0,0
638909,2018,7,20,"2018-07-20","12:50:00",3,"KY",21,0,1.75,0,0,0,0,38.2,-85.77,38.2,-85.77,0,0,0,0,0,111,0,0,0
638910,2018,7,20,"2018-07-20","12:53:00",3,"KY",21,0,2,0,0,0,0,38.18,-85.72,38.18,-85.72,0,0,0,0,0,111,0,0,0
638911,2018,7,20,"2018-07-20","12:57:00",3,"KY",21,0,1,0,0,0,0,38.22,-85.73,38.22,-85.73,0,0,0,0,0,111,0,0,0
638912,2018,7,20,"2018-07-20","13:02:00",3,"KY",21,0,1,0,0,0,0,38.2,-85.71,38.2,-85.71,0,0,0,0,0,111,0,0,0
638913,2018,7,20,"2018-07-20","13:04:00",3,"KY",21,0,1,0,0,0,0,38.19,-85.57,38.19,-85.57,0,0,0,0,0,111,0,0,0
638914,2018,7,20,"2018-07-20","13:22:00",3,"IN",18,0,1,0,0,0,0,40.75,-85.68,40.75,-85.68,0,0,0,0,0,169,0,0,0
638915,2018,7,20,"2018-07-20","13:29:00",3,"KY",21,0,1,0,0,0,0,37.99,-85.66,37.99,-85.66,0,0,0,0,0,29,0,0,0
638916,2018,7,20,"2018-07-20","13:52:00",3,"KY",21,0,2.5,0,0,0,0,37.92,-85.51,37.92,-85.51,0,0,0,0,0,179,0,0,0
638917,2018,7,20,"2018-07-20","13:54:00",3,"KY",21,0,2,0,0,0,0,37.9,-85.47,37.9,-85.47,0,0,0,0,0,179,0,0,0
638918,2018,7,20,"2018-07-20","14:34:00",3,"IN",18,0,0.75,0,0,0,0,40.2,-85.42,40.2,-85.42,0,0,0,0,0,35,0,0,0
638919,2018,7,20,"2018-07-20","14:55:00",3,"AZ",4,0,1.5,0,0,6000,0,31.9464,-110.7628,31.9613,-110.7813,0,0,0,0,0,19,0,0,0
638920,2018,7,20,"2018-07-20","14:56:00",3,"MO",29,0,0.75,0,0,0,0,37.12,-92.09,37.12,-92.09,0,0,0,0,0,215,0,0,0
638921,2018,7,20,"2018-07-20","15:17:00",3,"IN",18,0,1,0,0,0,0,40.21,-85.44,40.21,-85.44,0,0,0,0,0,35,0,0,0
638922,2018,7,20,"2018-07-20","15:32:00",3,"IN",18,0,1.25,0,0,0,0,39.0746,-85.3868,39.0746,-85.3868,0,0,0,0,0,137,0,0,0
638923,2018,7,20,"2018-07-20","15:52:00",3,"MO",29,0,1,0,0,0,0,36.99,-91.5,36.99,-91.5,0,0,0,0,0,203,0,0,0
638924,2018,7,20,"2018-07-20","16:00:00",3,"KY",21,0,0.75,0,0,0,0,37.49,-84.17,37.49,-84.17,0,0,0,0,0,109,0,0,0
638925,2018,7,20,"2018-07-20","16:02:00",3,"MO",29,0,0.88,0,0,0,0,37,-91.33,37,-91.33,0,0,0,0,0,203,0,0,0
638926,2018,7,20,"2018-07-20","16:03:00",3,"MO",29,0,1.75,0,0,0,0,36.98,-91.36,36.98,-91.36,0,0,0,0,0,203,0,0,0
638927,2018,7,20,"2018-07-20","16:04:00",3,"MO",29,0,1.5,0,0,0,0,36.96,-91.31,36.96,-91.31,0,0,0,0,0,203,0,0,0
638928,2018,7,20,"2018-07-20","16:15:00",3,"KY",21,0,1.25,0,0,0,0,37.64,-85.4,37.64,-85.4,0,0,0,0,0,155,0,0,0
638929,2018,7,20,"2018-07-20","16:22:00",3,"KY",21,0,1,0,0,0,0,37.45,-85.02,37.45,-85.02,0,0,0,0,0,45,0,0,0
638930,2018,7,20,"2018-07-20","16:22:00",3,"KY",21,0,1,0,0,0,0,37.44,-85.02,37.44,-85.02,0,0,0,0,0,45,0,0,0
638931,2018,7,20,"2018-07-20","16:24:00",3,"KY",21,0,1,0,0,0,0,37.08,-85.74,37.08,-85.74,0,0,0,0,0,169,0,0,0
638932,2018,7,20,"2018-07-20","16:29:00",3,"KY",21,0,1.75,0,0,0,0,37.1,-85.64,37.1,-85.64,0,0,0,0,0,169,0,0,0
638933,2018,7,20,"2018-07-20","16:30:00",3,"KY",21,0,1.75,0,0,0,0,37.69,-85.26,37.69,-85.26,0,0,0,0,0,229,0,0,0
638934,2018,7,20,"2018-07-20","16:30:00",3,"MO",29,0,0.75,0,0,0,0,37,-91.02,37,-91.02,0,0,0,0,0,35,0,0,0
638935,2018,7,20,"2018-07-20","16:43:00",3,"KY",21,0,1.5,0,0,0,0,37.41,-85.5,37.41,-85.5,0,0,0,0,0,217,0,0,0
638936,2018,7,20,"2018-07-20","16:46:00",3,"KY",21,0,1,0,0,0,0,37.57,-85.25,37.57,-85.25,0,0,0,0,0,155,0,0,0
638937,2018,7,20,"2018-07-20","16:47:00",3,"KY",21,0,1,0,0,0,0,37.32,-85.27,37.32,-85.27,0,0,0,0,0,217,0,0,0
638938,2018,7,20,"2018-07-20","16:54:00",3,"KY",21,0,2.5,0,0,0,0,37.32,-84.79,37.32,-84.79,0,0,0,0,0,45,0,0,0
638939,2018,7,20,"2018-07-20","16:57:00",3,"KY",21,0,1,0,0,0,0,37.56,-85.13,37.56,-85.13,0,0,0,0,0,155,0,0,0
638940,2018,7,20,"2018-07-20","16:59:00",3,"KY",21,0,1,0,0,0,0,36.79,-85.69,36.79,-85.69,0,0,0,0,0,171,0,0,0
638941,2018,7,20,"2018-07-20","17:00:00",3,"KY",21,0,1.75,0,0,0,0,37.42,-85.28,37.42,-85.28,0,0,0,0,0,217,0,0,0
638942,2018,7,20,"2018-07-20","17:01:00",3,"KY",21,0,1.5,0,0,0,0,37.08,-85.42,37.08,-85.42,0,0,0,0,0,1,0,0,0
638943,2018,7,20,"2018-07-20","17:05:00",3,"MO",29,0,1,0,0,0,0,36.6997,-89.7878,36.6997,-89.7878,0,0,0,0,0,207,0,0,0
638944,2018,7,20,"2018-07-20","17:15:00",3,"MO",29,0,1,0,0,0,0,36.6724,-90.27,36.6724,-90.27,0,0,0,0,0,23,0,0,0
638945,2018,7,20,"2018-07-20","17:19:00",3,"KY",21,0,1.75,0,0,0,0,37.05,-85.37,37.05,-85.37,0,0,0,0,0,1,0,0,0
638946,2018,7,20,"2018-07-20","17:19:00",3,"KY",21,0,1,0,0,0,0,37.31,-85.34,37.31,-85.34,0,0,0,0,0,217,0,0,0
638947,2018,7,20,"2018-07-20","17:20:00",3,"AZ",4,0,1,0,0,0,0,32.0392,-109.9387,32.0392,-109.9387,0,0,0,0,0,3,0,0,0
638948,2018,7,20,"2018-07-20","17:30:00",3,"KY",21,0,1.75,0,0,0,0,36.81,-85.47,36.81,-85.47,0,0,0,0,0,57,0,0,0
638949,2018,7,20,"2018-07-20","17:40:00",3,"AZ",4,0,1,0,0,0,0,31.3455,-110.2035,31.4315,-110.2463,0,0,0,0,0,3,0,0,0
638950,2018,7,20,"2018-07-20","17:42:00",3,"KY",21,0,1,0,0,0,0,38.38,-85.47,38.38,-85.47,0,0,0,0,0,185,0,0,0
638951,2018,7,20,"2018-07-20","17:54:00",3,"KY",21,0,4,0,0,0,0,36.7,-85.69,36.7,-85.69,0,0,0,0,0,171,0,0,0
638952,2018,7,20,"2018-07-20","18:00:00",3,"KY",21,0,1,0,0,0,0,36.7,-85.69,36.7,-85.69,0,0,0,0,0,171,0,0,0
638953,2018,7,20,"2018-07-20","18:10:00",3,"IN",18,0,1,0,0,0,0,38.24,-86.36,38.24,-86.36,0,0,0,0,0,25,0,0,0
638954,2018,7,20,"2018-07-20","18:10:00",3,"IN",18,0,1,0,0,0,0,38.24,-86.38,38.24,-86.38,0,0,0,0,0,25,0,0,0
638955,2018,7,20,"2018-07-20","18:10:00",3,"IN",18,0,1,0,0,0,0,38.2948,-86.3405,38.2948,-86.3405,0,0,0,0,0,25,0,0,0
638956,2018,7,20,"2018-07-20","18:10:00",3,"KY",21,0,1,0,0,0,0,37.1,-85.29,37.1,-85.29,0,0,0,0,0,1,0,0,0
638957,2018,7,20,"2018-07-20","18:14:00",3,"KS",20,0,0.75,0,0,0,0,37.68,-101.27,37.68,-101.27,0,0,0,0,0,67,0,0,0
638958,2018,7,20,"2018-07-20","18:16:00",3,"KY",21,0,1,0,0,0,0,36.55,-88.994,36.5712,-88.9337,0,0,0,0,0,75,0,0,0
638959,2018,7,20,"2018-07-20","18:17:00",3,"KS",20,0,1.75,0,0,0,0,37.68,-101.25,37.68,-101.25,0,0,0,0,0,67,0,0,0
638960,2018,7,20,"2018-07-20","18:28:00",3,"IN",18,0,1,0,0,0,0,38.32,-85.77,38.32,-85.77,0,0,0,0,0,19,0,0,0
638961,2018,7,20,"2018-07-20","18:29:00",3,"AZ",4,0,1,0,0,0,0,31.49,-110.26,31.5564,-110.2924,0,0,0,0,0,3,0,0,0
638962,2018,7,20,"2018-07-20","18:30:00",3,"KS",20,0,2,0,0,0,0,37.68,-101.23,37.68,-101.23,0,0,0,0,0,67,0,0,0
638963,2018,7,20,"2018-07-20","18:30:00",3,"TN",47,0,1,0,0,0,0,36.6,-85.43,36.6,-85.43,0,0,0,0,0,27,0,0,0
638964,2018,7,20,"2018-07-20","18:32:00",3,"TN",47,0,1,0,0,0,0,36.57,-85.13,36.57,-85.13,0,0,0,0,0,137,0,0,0
638965,2018,7,20,"2018-07-20","18:49:00",3,"TN",47,0,0.75,0,0,0,0,36.33,-85.7,36.33,-85.7,0,0,0,0,0,87,0,0,0
638966,2018,7,20,"2018-07-20","18:50:00",3,"TN",47,0,1,0,0,0,0,36.5569,-85.0553,36.5569,-85.0553,0,0,0,0,0,137,0,0,0
638967,2018,7,20,"2018-07-20","18:55:00",3,"KY",21,0,1,0,0,0,0,38.12,-85.85,38.12,-85.85,0,0,0,0,0,111,0,0,0
638968,2018,7,20,"2018-07-20","19:01:00",3,"KY",21,0,1,0,0,0,0,38.09,-85.88,38.09,-85.88,0,0,0,0,0,111,0,0,0
638969,2018,7,20,"2018-07-20","19:07:00",3,"TN",47,0,1,0,0,0,0,36.55,-85.5,36.55,-85.5,0,0,0,0,0,27,0,0,0
638970,2018,7,20,"2018-07-20","19:10:00",3,"KS",20,0,1,0,0,0,0,37.96,-101.45,37.96,-101.45,0,0,0,0,0,93,0,0,0
638971,2018,7,20,"2018-07-20","19:13:00",3,"TN",47,0,0.88,0,0,0,0,36.2288,-85.5937,36.2288,-85.5937,0,0,0,0,0,87,0,0,0
638972,2018,7,20,"2018-07-20","19:19:00",3,"IN",18,0,1.75,0,0,0,0,38.37,-86.11,38.37,-86.11,0,0,0,0,0,61,0,0,0
638973,2018,7,20,"2018-07-20","19:20:00",3,"TN",47,0,1,0,0,0,0,36.2222,-85.5736,36.2222,-85.5736,0,0,0,0,0,141,0,0,0
638974,2018,7,20,"2018-07-20","19:23:00",3,"TN",47,0,0.88,0,0,0,0,36.1802,-85.4873,36.1802,-85.4873,0,0,0,0,0,141,0,0,0
638975,2018,7,20,"2018-07-20","19:24:00",3,"TN",47,0,1.75,0,0,0,0,36.1777,-85.4529,36.1777,-85.4529,0,0,0,0,0,141,0,0,0
638976,2018,7,20,"2018-07-20","19:25:00",3,"TN",47,0,1.25,0,0,0,0,36.2,-85.43,36.2,-85.43,0,0,0,0,0,141,0,0,0
638977,2018,7,20,"2018-07-20","19:28:00",3,"KS",20,0,1.5,0,0,0,0,37.81,-100.87,37.81,-100.87,0,0,0,0,0,55,0,0,0
638978,2018,7,20,"2018-07-20","19:29:00",3,"TN",47,0,0.88,0,0,0,0,36.17,-85.5,36.17,-85.5,0,0,0,0,0,141,0,0,0
638979,2018,7,20,"2018-07-20","19:31:00",3,"TN",47,0,1.25,0,0,0,0,36.17,-85.5,36.17,-85.5,0,0,0,0,0,141,0,0,0
638980,2018,7,20,"2018-07-20","19:34:00",3,"TN",47,0,1,0,0,0,0,36.4,-85.32,36.4,-85.32,0,0,0,0,0,133,0,0,0
638981,2018,7,20,"2018-07-20","19:35:00",3,"KS",20,0,1,0,0,0,0,37.93,-101.21,37.93,-101.21,0,0,0,0,0,93,0,0,0
638982,2018,7,20,"2018-07-20","19:35:00",3,"TN",47,0,1.5,0,0,0,0,36.17,-85.4821,36.17,-85.4821,0,0,0,0,0,141,0,0,0
638983,2018,7,20,"2018-07-20","19:41:00",3,"KY",21,0,1,0,0,0,0,38.1,-85.67,38.1,-85.67,0,0,0,0,0,111,0,0,0
638984,2018,7,20,"2018-07-20","19:45:00",3,"KY",21,0,1,0,0,0,0,37.6,-86.43,37.6,-86.43,0,0,0,0,0,27,0,0,0
638985,2018,7,20,"2018-07-20","19:45:00",3,"KY",21,0,1,0,0,0,0,38.28,-85.48,38.28,-85.48,0,0,0,0,0,111,0,0,0
638986,2018,7,20,"2018-07-20","19:45:00",3,"KY",21,0,1,0,0,0,0,38.29,-85.51,38.29,-85.51,0,0,0,0,0,111,0,0,0
638987,2018,7,20,"2018-07-20","19:50:00",3,"KY",21,0,1,0,0,0,0,38.27,-85.49,38.27,-85.49,0,0,0,0,0,111,0,0,0
638988,2018,7,20,"2018-07-20","20:18:00",3,"KS",20,0,0.75,0,0,0,0,38.04,-100.9,38.04,-100.9,0,0,0,0,0,55,0,0,0
638989,2018,7,20,"2018-07-20","20:22:00",3,"TN",47,0,1,0,0,0,0,36.1266,-85.5,36.1266,-85.5,0,0,0,0,0,141,0,0,0
638990,2018,7,20,"2018-07-20","20:27:00",3,"TN",47,0,0.75,0,0,0,0,35.97,-85.18,35.97,-85.18,0,0,0,0,0,35,0,0,0
638991,2018,7,20,"2018-07-20","20:30:00",3,"AR",5,0,1,0,0,0,0,34.87,-92.13,34.87,-92.13,0,0,0,0,0,119,0,0,0
638992,2018,7,20,"2018-07-20","20:40:00",3,"AR",5,0,1.25,0,0,0,0,34.89,-92.22,34.89,-92.22,0,0,0,0,0,119,0,0,0
638993,2018,7,20,"2018-07-20","20:40:00",3,"AR",5,0,1,0,0,0,0,34.89,-92.24,34.89,-92.24,0,0,0,0,0,119,0,0,0
638994,2018,7,20,"2018-07-20","20:43:00",3,"AR",5,0,0.75,0,0,0,0,34.83,-92.21,34.83,-92.21,0,0,0,0,0,119,0,0,0
638995,2018,7,20,"2018-07-20","21:06:00",3,"IN",18,0,0.88,0,0,0,0,37.88,-87.05,37.88,-87.05,0,0,0,0,0,147,0,0,0
638996,2018,7,20,"2018-07-20","21:26:00",3,"AR",5,0,1,0,0,0,0,34.79,-92.26,34.79,-92.26,0,0,0,0,0,119,0,0,0
638997,2018,7,20,"2018-07-20","21:27:00",3,"AR",5,0,0.88,0,0,0,0,34.79,-92.26,34.79,-92.26,0,0,0,0,0,119,0,0,0
638998,2018,7,20,"2018-07-20","21:30:00",3,"AR",5,0,1,0,0,0,0,34.79,-92.26,34.79,-92.26,0,0,0,0,0,119,0,0,0
638999,2018,7,20,"2018-07-20","21:37:00",3,"KS",20,0,1.75,0,0,0,0,38.38,-100.09,38.38,-100.09,0,0,0,0,0,135,0,0,0
639000,2018,7,20,"2018-07-20","21:42:00",3,"KY",21,0,1,0,0,0,0,37.23,-85.53,37.23,-85.53,0,0,0,0,0,87,0,0,0
639001,2018,7,20,"2018-07-20","21:45:00",3,"KY",21,0,1,0,0,0,0,37.17,-85.53,37.17,-85.53,0,0,0,0,0,87,0,0,0
639002,2018,7,20,"2018-07-20","21:50:00",3,"KY",21,0,1,0,0,0,0,37.18,-85.53,37.18,-85.53,0,0,0,0,0,87,0,0,0
639003,2018,7,20,"2018-07-20","22:09:00",3,"KS",20,0,0.88,0,0,0,0,38.31,-97.58,38.31,-97.58,0,0,0,0,0,113,0,0,0
639004,2018,7,20,"2018-07-20","22:10:00",3,"MO",29,0,0.88,0,0,0,0,36.87,-94.46,36.87,-94.46,0,0,0,0,0,145,0,0,0
639005,2018,7,20,"2018-07-20","22:17:00",3,"MO",29,0,1.25,0,0,0,0,36.84,-94.4,36.84,-94.4,0,0,0,0,0,145,0,0,0
639006,2018,7,20,"2018-07-20","22:18:00",3,"KY",21,0,1,0,0,0,0,37.18,-85.53,37.18,-85.53,0,0,0,0,0,87,0,0,0
639007,2018,7,20,"2018-07-20","22:20:00",3,"KS",20,0,0.88,0,0,0,0,37.17,-94.84,37.17,-94.84,0,0,0,0,0,21,0,0,0
639008,2018,7,20,"2018-07-20","22:34:00",3,"KS",20,0,1.25,0,0,0,0,37.07,-94.7,37.07,-94.7,0,0,0,0,0,21,0,0,0
639009,2018,7,20,"2018-07-20","22:52:00",3,"MO",29,0,1.25,0,0,0,0,37.01,-94.61,37.01,-94.61,0,0,0,0,0,145,0,0,0
639010,2018,7,20,"2018-07-20","22:57:00",3,"OK",40,0,1,0,0,0,0,36.9312,-94.816,36.9312,-94.816,0,0,0,0,0,115,0,0,0
639011,2018,7,20,"2018-07-20","22:57:00",3,"AR",5,0,1.75,0,0,20000,0,36.4468,-94.1169,36.4468,-94.1169,0,0,0,0,0,7,0,0,0
639012,2018,7,20,"2018-07-20","23:04:00",3,"AR",5,0,1.25,0,0,5000,0,36.4355,-94.12,36.4355,-94.12,0,0,0,0,0,7,0,0,0
639013,2018,7,20,"2018-07-20","23:04:00",3,"AR",5,0,1.25,0,0,5000,0,36.3859,-94.1346,36.3859,-94.1346,0,0,0,0,0,7,0,0,0
639014,2018,7,20,"2018-07-20","23:07:00",3,"AR",5,0,1.75,0,0,25000,0,36.33,-94.12,36.33,-94.12,0,0,0,0,0,7,0,0,0
639015,2018,7,20,"2018-07-20","23:15:00",3,"KS",20,0,1.75,0,0,0,0,37.87,-97.59,37.87,-97.59,0,0,0,0,0,173,0,0,0
639016,2018,7,20,"2018-07-20","23:17:00",3,"AR",5,0,1,0,0,0,0,36.2445,-94.1466,36.2445,-94.1466,0,0,0,0,0,7,0,0,0
639017,2018,7,20,"2018-07-20","23:19:00",3,"AR",5,0,1.25,0,0,5000,0,36.2553,-94.1307,36.2553,-94.1307,0,0,0,0,0,7,0,0,0
639018,2018,7,20,"2018-07-20","23:21:00",3,"AR",5,0,1,0,0,0,0,36.1859,-94.1294,36.1859,-94.1294,0,0,0,0,0,143,0,0,0
639019,2018,7,20,"2018-07-20","23:21:00",3,"AR",5,0,1,0,0,0,0,36.2211,-94.13,36.2211,-94.13,0,0,0,0,0,7,0,0,0
639020,2018,7,20,"2018-07-20","23:25:00",3,"AR",5,0,1,0,0,0,0,34.84,-91.86,34.84,-91.86,0,0,0,0,0,85,0,0,0
639021,2018,7,20,"2018-07-20","23:27:00",3,"MO",29,0,1,0,0,0,0,36.59,-94.38,36.59,-94.38,0,0,0,0,0,119,0,0,0
639022,2018,7,20,"2018-07-20","23:27:00",3,"AR",5,0,1.75,0,0,15000,0,36.1327,-94.1282,36.1327,-94.1282,0,0,0,0,0,143,0,0,0
639023,2018,7,20,"2018-07-20","23:30:00",3,"AR",5,0,1,0,0,0,0,36.13,-94.11,36.13,-94.11,0,0,0,0,0,143,0,0,0
639024,2018,7,20,"2018-07-20","23:36:00",3,"TN",47,0,1,0,0,0,0,35.27,-84.86,35.27,-84.86,0,0,0,0,0,11,0,0,0
639025,2018,7,20,"2018-07-20","23:44:00",3,"AR",5,0,1,0,0,0,0,36.0134,-94.0069,36.0134,-94.0069,0,0,0,0,0,143,0,0,0
639026,2018,7,20,"2018-07-20","23:45:00",3,"AR",5,0,1,0,0,0,0,36.0011,-94.0087,36.0011,-94.0087,0,0,0,0,0,143,0,0,0
639027,2018,7,20,"2018-07-20","23:47:00",3,"AR",5,0,2.75,0,0,25000,0,36.0012,-94.0116,36.0012,-94.0116,0,0,0,0,0,143,0,0,0
639028,2018,7,20,"2018-07-20","23:52:00",3,"AR",5,0,2.5,0,0,25000,0,35.9721,-93.92,35.9721,-93.92,0,0,0,0,0,87,0,0,0
639029,2018,7,20,"2018-07-20","23:54:00",3,"AR",5,0,2.75,0,0,20000,0,35.95,-93.98,35.95,-93.98,0,0,0,0,0,143,0,0,0
639030,2018,7,20,"2018-07-20","23:57:00",3,"AR",5,0,2,0,0,15000,0,35.9295,-93.9547,35.9295,-93.9547,0,0,0,0,0,143,0,0,0
639031,2018,7,21,"2018-07-21","00:04:00",3,"AR",5,0,2.75,0,0,15000,0,35.8744,-93.9132,35.8744,-93.9132,0,0,0,0,0,87,0,0,0
639032,2018,7,21,"2018-07-21","00:06:00",3,"OK",40,0,1,0,0,0,0,36.6067,-94.7562,36.6067,-94.7562,0,0,0,0,0,41,0,0,0
639033,2018,7,21,"2018-07-21","00:25:00",3,"TN",47,0,0.88,0,0,0,0,36.25,-85.93,36.25,-85.93,0,0,0,0,0,159,0,0,0
639034,2018,7,21,"2018-07-21","00:27:00",3,"MO",29,0,0.88,0,0,0,0,36.51,-94.61,36.51,-94.61,0,0,0,0,0,119,0,0,0
639035,2018,7,21,"2018-07-21","00:29:00",3,"MO",29,0,1,0,0,0,0,36.54,-94.6,36.54,-94.6,0,0,0,0,0,119,0,0,0
639036,2018,7,21,"2018-07-21","00:40:00",3,"AR",5,0,0.75,0,0,0,0,35.24,-91.73,35.24,-91.73,0,0,0,0,0,145,0,0,0
639037,2018,7,21,"2018-07-21","00:44:00",3,"AR",5,0,1,0,0,0,0,36.4218,-94.451,36.4218,-94.451,0,0,0,0,0,7,0,0,0
639038,2018,7,21,"2018-07-21","00:45:00",3,"AR",5,0,1,0,0,0,0,35.24,-91.73,35.24,-91.73,0,0,0,0,0,145,0,0,0
639039,2018,7,21,"2018-07-21","00:48:00",3,"AR",5,0,1.25,0,0,5000,0,36.42,-94.45,36.42,-94.45,0,0,0,0,0,7,0,0,0
639040,2018,7,21,"2018-07-21","01:18:00",3,"AR",5,0,1.75,0,0,0,0,34.99,-91.74,34.99,-91.74,0,0,0,0,0,117,0,0,0
639041,2018,7,21,"2018-07-21","03:30:00",3,"GA",13,0,1,0,0,0,0,34.5,-84.44,34.5,-84.44,0,0,0,0,0,227,0,0,0
639042,2018,7,21,"2018-07-21","03:35:00",3,"GA",13,0,1,0,0,0,0,34.4436,-84.429,34.4436,-84.429,0,0,0,0,0,227,0,0,0
639043,2018,7,21,"2018-07-21","03:49:00",3,"GA",13,0,1,0,0,0,0,34.3535,-84.3754,34.3535,-84.3754,0,0,0,0,0,57,0,0,0
639044,2018,7,21,"2018-07-21","04:05:00",3,"GA",13,0,1,0,0,0,0,34.23,-84.19,34.23,-84.19,0,0,0,0,0,117,0,0,0
639045,2018,7,21,"2018-07-21","04:10:00",3,"TN",47,0,1.25,0,0,0,0,35.98,-85.8,35.98,-85.8,0,0,0,0,0,41,0,0,0
639046,2018,7,21,"2018-07-21","04:15:00",3,"TN",47,0,1.75,0,0,0,0,35.9254,-85.6664,35.9254,-85.6664,0,0,0,0,0,41,0,0,0
639047,2018,7,21,"2018-07-21","04:15:00",3,"GA",13,0,1,0,0,0,0,34.15,-84.06,34.15,-84.06,0,0,0,0,0,135,0,0,0
639048,2018,7,21,"2018-07-21","04:16:00",3,"TN",47,0,1.75,0,0,0,0,35.9209,-85.651,35.9209,-85.651,0,0,0,0,0,185,0,0,0
639049,2018,7,21,"2018-07-21","04:42:00",3,"TN",47,0,0.75,0,0,0,0,35.6549,-85.3569,35.6549,-85.3569,0,0,0,0,0,175,0,0,0
639050,2018,7,21,"2018-07-21","04:43:00",3,"TN",47,0,1,0,0,0,0,35.6566,-85.3497,35.6566,-85.3497,0,0,0,0,0,175,0,0,0
639051,2018,7,21,"2018-07-21","12:27:00",3,"MT",30,0,1,0,0,0,0,48.79,-106.43,48.79,-106.43,0,0,0,0,0,105,0,0,0
639052,2018,7,21,"2018-07-21","12:34:00",3,"MT",30,0,1,0,0,0,0,48.86,-106.39,48.86,-106.39,0,0,0,0,0,105,0,0,0
639053,2018,7,21,"2018-07-21","13:12:00",3,"MT",30,0,1,0,0,0,0,48.72,-106.21,48.72,-106.21,0,0,0,0,0,105,0,0,0
639054,2018,7,21,"2018-07-21","13:22:00",3,"MT",30,0,1.5,0,0,0,0,48.5,-104.79,48.5,-104.79,0,0,0,0,0,85,0,0,0
639055,2018,7,21,"2018-07-21","13:25:00",3,"MT",30,0,1.75,0,0,0,0,48.6,-104.85,48.6,-104.85,0,0,0,0,0,91,0,0,0
639056,2018,7,21,"2018-07-21","13:33:00",3,"MT",30,0,1.75,0,0,0,0,48.78,-105.81,48.78,-105.81,0,0,0,0,0,19,0,0,0
639057,2018,7,21,"2018-07-21","13:47:00",3,"MT",30,0,1.75,0,0,0,0,48.78,-105.81,48.78,-105.81,0,0,0,0,0,19,0,0,0
639058,2018,7,21,"2018-07-21","14:20:00",3,"MT",30,0,1,0,0,0,0,48.6987,-105.42,48.6987,-105.42,0,0,0,0,0,19,0,0,0
639059,2018,7,21,"2018-07-21","14:35:00",3,"WY",56,0,1,0,0,0,0,44.7236,-105.3845,44.7236,-105.3845,0,0,0,0,0,5,0,0,0
639060,2018,7,21,"2018-07-21","14:37:00",3,"ND",38,0,0.88,0,0,0,0,48.38,-103.91,48.38,-103.91,0,0,0,0,0,105,0,0,0
639061,2018,7,21,"2018-07-21","14:51:00",3,"MT",30,0,1,0,0,0,0,48.66,-105.17,48.66,-105.17,0,0,0,0,0,19,0,0,0
639062,2018,7,21,"2018-07-21","15:15:00",3,"AL",1,0,3,0,0,0,0,33.52,-85.64,33.52,-85.64,0,0,0,0,0,29,0,0,0
639063,2018,7,21,"2018-07-21","15:22:00",3,"AL",1,0,2.5,0,0,0,0,33.49,-85.65,33.49,-85.65,0,0,0,0,0,27,0,0,0
639064,2018,7,21,"2018-07-21","15:30:00",3,"AL",1,0,2,0,0,0,0,33.7,-85.52,33.7,-85.52,0,0,0,0,0,29,0,0,0
639065,2018,7,21,"2018-07-21","15:32:00",3,"AL",1,0,1,0,0,0,0,33.85,-85.42,33.85,-85.42,0,0,0,0,0,29,0,0,0
639066,2018,7,21,"2018-07-21","15:35:00",3,"TN",47,0,1,0,0,0,0,35.4,-84.9,35.4,-84.9,0,0,0,0,0,121,0,0,0
639067,2018,7,21,"2018-07-21","15:44:00",3,"MT",30,0,1.5,0,0,0,0,48.36,-104.48,48.36,-104.48,0,0,0,0,0,85,0,0,0
639068,2018,7,21,"2018-07-21","15:45:00",3,"MT",30,0,1.25,0,0,0,0,45.26,-104.89,45.26,-104.89,0,0,0,0,0,11,0,0,0
639069,2018,7,21,"2018-07-21","15:48:00",3,"AL",1,0,1,0,0,0,0,33.37,-85.4,33.37,-85.4,0,0,0,0,0,111,0,0,0
639070,2018,7,21,"2018-07-21","15:48:00",3,"AL",1,0,1.75,0,0,0,0,33.31,-85.49,33.31,-85.49,0,0,0,0,0,111,0,0,0
639071,2018,7,21,"2018-07-21","15:55:00",3,"MT",30,0,2,0,0,0,0,48.34,-104.49,48.34,-104.49,0,0,0,0,0,85,0,0,0
639072,2018,7,21,"2018-07-21","15:56:00",3,"MT",30,0,1,0,0,0,0,48.33,-104.5,48.33,-104.5,0,0,0,0,0,85,0,0,0
639073,2018,7,21,"2018-07-21","16:00:00",3,"MT",30,0,1,0,0,0,0,45.09,-104.98,45.09,-104.98,0,0,0,0,0,11,0,0,0
639074,2018,7,21,"2018-07-21","16:00:00",3,"MT",30,0,1,0,0,0,0,48.2728,-104.7357,48.2728,-104.7357,0,0,0,0,0,85,0,0,0
639075,2018,7,21,"2018-07-21","16:02:00",3,"NC",37,0,1,0,0,0,0,35.728,-81.688,35.755,-81.631,0,0,0,0,0,23,0,0,0
639076,2018,7,21,"2018-07-21","16:05:00",3,"GA",13,0,1.75,0,0,450000,0,33.0456,-85.0989,33.0456,-85.0989,0,0,0,0,0,285,0,0,0
639077,2018,7,21,"2018-07-21","16:08:00",3,"GA",13,0,1.75,0,0,450000,0,33.05,-85.05,33.05,-85.05,0,0,0,0,0,285,0,0,0
639078,2018,7,21,"2018-07-21","16:10:00",3,"AL",1,0,1,0,0,0,0,33.19,-85.37,33.19,-85.37,0,0,0,0,0,111,0,0,0
639079,2018,7,21,"2018-07-21","16:11:00",3,"MT",30,0,1.75,0,0,0,0,48.25,-104.37,48.25,-104.37,0,0,0,0,0,85,0,0,0
639080,2018,7,21,"2018-07-21","16:15:00",3,"MT",30,0,1,0,0,0,0,48.21,-104.42,48.21,-104.42,0,0,0,0,0,85,0,0,0
639081,2018,7,21,"2018-07-21","16:15:00",3,"NC",37,0,2,0,0,0,0,35.39,-82.3,35.39,-82.3,0,0,0,0,0,89,0,0,0
639082,2018,7,21,"2018-07-21","16:15:00",3,"GA",13,0,1,0,0,0,0,33.02,-85.11,33.02,-85.11,0,0,0,0,0,285,0,0,0
639083,2018,7,21,"2018-07-21","16:25:00",3,"AL",1,0,2.75,0,0,0,0,33.43,-85.49,33.43,-85.49,0,0,0,0,0,111,0,0,0
639084,2018,7,21,"2018-07-21","16:27:00",3,"NC",37,0,1.75,0,0,0,0,35.294,-81.942,35.24,-81.88,0,0,0,0,0,161,0,0,0
639085,2018,7,21,"2018-07-21","16:30:00",3,"MT",30,0,1.75,0,0,0,0,48.14,-104.22,48.14,-104.22,0,0,0,0,0,85,0,0,0
639086,2018,7,21,"2018-07-21","16:32:00",3,"NC",37,0,2,0,0,0,0,35.787,-81.313,35.787,-81.313,0,0,0,0,0,35,0,0,0
639087,2018,7,21,"2018-07-21","16:35:00",3,"AL",1,0,1.5,0,0,0,0,32.66,-85.3,32.66,-85.3,0,0,0,0,0,81,0,0,0
639088,2018,7,21,"2018-07-21","16:35:00",3,"GA",13,0,1.5,0,0,0,0,33.04,-85.03,33.04,-85.03,0,0,0,0,0,285,0,0,0
639089,2018,7,21,"2018-07-21","16:41:00",3,"NC",37,0,1,0,0,0,0,35.89,-81.51,35.89,-81.51,0,0,0,0,0,27,0,0,0
639090,2018,7,21,"2018-07-21","16:45:00",3,"NC",37,0,1.75,0,0,0,0,35.81,-81.31,35.81,-81.31,0,0,0,0,0,3,0,0,0
639091,2018,7,21,"2018-07-21","16:51:00",3,"SC",45,0,1,0,0,0,0,34.6,-83.03,34.6,-83.03,0,0,0,0,0,73,0,0,0
639092,2018,7,21,"2018-07-21","16:54:00",3,"ND",38,0,1,0,0,0,0,48.13,-103.99,48.13,-103.99,0,0,0,0,0,105,0,0,0
639093,2018,7,21,"2018-07-21","16:58:00",3,"WY",56,0,1.25,0,0,0,0,44.215,-105.462,44.215,-105.462,0,0,0,0,0,5,0,0,0
639094,2018,7,21,"2018-07-21","17:00:00",3,"GA",13,0,1,0,0,0,0,33.67,-84.45,33.67,-84.45,0,0,0,0,0,121,0,0,0
639095,2018,7,21,"2018-07-21","17:02:00",3,"WY",56,0,1,0,0,0,0,44.23,-105.43,44.23,-105.43,0,0,0,0,0,5,0,0,0
639096,2018,7,21,"2018-07-21","17:10:00",3,"GA",13,0,1,0,0,0,0,33.7,-84.31,33.7,-84.31,0,0,0,0,0,89,0,0,0
639097,2018,7,21,"2018-07-21","17:13:00",3,"MT",30,0,0.75,0,0,0,0,45.48,-104.49,45.48,-104.49,0,0,0,0,0,11,0,0,0
639098,2018,7,21,"2018-07-21","17:14:00",3,"WY",56,0,1,0,0,0,0,44.22,-105.37,44.22,-105.37,0,0,0,0,0,5,0,0,0
639099,2018,7,21,"2018-07-21","17:15:00",3,"SD",46,0,1.5,0,0,0,0,44.24,-103.73,44.24,-103.73,0,0,0,0,0,81,0,0,0
639100,2018,7,21,"2018-07-21","17:15:00",3,"NC",37,0,0.88,0,0,0,0,36.03,-81.18,36.03,-81.18,0,0,0,0,0,193,0,0,0
639101,2018,7,21,"2018-07-21","17:17:00",3,"NC",37,0,1.75,0,0,0,0,36.0468,-81.1968,36.0468,-81.1968,0,0,0,0,0,193,0,0,0
639102,2018,7,21,"2018-07-21","17:20:00",3,"TN",47,0,1,0,0,0,0,35.6,-83.81,35.6,-83.81,0,0,0,0,0,9,0,0,0
639103,2018,7,21,"2018-07-21","17:20:00",3,"AL",1,0,1.75,0,0,0,0,32.47,-85.09,32.47,-85.09,0,0,0,0,0,113,0,0,0
639104,2018,7,21,"2018-07-21","17:21:00",3,"ND",38,0,1.75,0,0,0,0,48.08,-103.8,48.08,-103.8,0,0,0,0,0,105,0,0,0
639105,2018,7,21,"2018-07-21","17:28:00",3,"AL",1,0,1,0,0,0,0,32.38,-85.18,32.38,-85.18,0,0,0,0,0,113,0,0,0
639106,2018,7,21,"2018-07-21","17:28:00",3,"AL",1,0,1.75,0,0,0,0,32.36,-85.1,32.36,-85.1,0,0,0,0,0,113,0,0,0
639107,2018,7,21,"2018-07-21","17:30:00",3,"GA",13,0,1,0,0,0,0,33.7336,-84.159,33.7336,-84.159,0,0,0,0,0,89,0,0,0
639108,2018,7,21,"2018-07-21","17:30:00",3,"GA",13,0,1.5,0,0,0,0,33.71,-84.11,33.71,-84.11,0,0,0,0,0,89,0,0,0
639109,2018,7,21,"2018-07-21","17:33:00",3,"SD",46,0,1,0,0,0,0,44.2,-103.65,44.2,-103.65,0,0,0,0,0,81,0,0,0
639110,2018,7,21,"2018-07-21","17:40:00",3,"CO",8,0,1.5,0,0,0,0,40.76,-104.05,40.76,-104.05,0,0,0,0,0,123,0,0,0
639111,2018,7,21,"2018-07-21","17:55:00",3,"SC",45,0,1.75,0,0,0,0,34.939,-81.931,34.909,-81.89,0,0,0,0,0,83,0,0,0
639112,2018,7,21,"2018-07-21","17:58:00",3,"GA",13,0,1.5,0,0,0,0,33.84,-84.16,33.84,-84.16,0,0,0,0,0,89,0,0,0
639113,2018,7,21,"2018-07-21","18:10:00",3,"ND",38,0,1.75,0,0,0,0,47.82,-103.28,47.82,-103.28,0,0,0,0,0,53,0,0,0
639114,2018,7,21,"2018-07-21","18:11:00",3,"GA",13,0,1.75,0,0,3e+06,0,33.9779,-83.9626,33.9779,-83.9626,0,0,0,0,0,135,0,0,0
639115,2018,7,21,"2018-07-21","18:12:00",3,"GA",13,0,2.5,0,0,4500000,0,33.98,-83.93,33.98,-83.93,0,0,0,0,0,135,0,0,0
639116,2018,7,21,"2018-07-21","18:13:00",3,"GA",13,0,1,0,0,0,0,33.977,-83.8957,33.977,-83.8957,0,0,0,0,0,135,0,0,0
639117,2018,7,21,"2018-07-21","18:15:00",3,"ND",38,0,1.75,0,0,0,0,46.48,-103.88,46.48,-103.88,0,0,0,0,0,87,0,0,0
639118,2018,7,21,"2018-07-21","18:25:00",3,"ND",38,0,1,0,0,0,0,47.8,-103.28,47.8,-103.28,0,0,0,0,0,53,0,0,0
639119,2018,7,21,"2018-07-21","18:30:00",3,"GA",13,0,1.5,0,0,0,0,33.96,-83.72,33.96,-83.72,0,0,0,0,0,13,0,0,0
639120,2018,7,21,"2018-07-21","18:40:00",3,"SD",46,0,1,0,0,0,0,44.02,-103.48,44.02,-103.48,0,0,0,0,0,103,0,0,0
639121,2018,7,21,"2018-07-21","18:41:00",3,"ND",38,0,0.75,0,0,0,0,47.69,-103.25,47.69,-103.25,0,0,0,0,0,53,0,0,0
639122,2018,7,21,"2018-07-21","18:42:00",3,"GA",13,0,1,0,0,0,0,33.96,-83.5,33.96,-83.5,0,0,0,0,0,59,0,0,0
639123,2018,7,21,"2018-07-21","18:45:00",3,"GA",13,0,2,0,0,1500000,0,33.96,-83.41,33.96,-83.41,0,0,0,0,0,59,0,0,0
639124,2018,7,21,"2018-07-21","18:49:00",3,"ND",38,0,1,0,0,0,0,47.73,-102.68,47.73,-102.68,0,0,0,0,0,53,0,0,0
639125,2018,7,21,"2018-07-21","18:50:00",3,"ND",38,0,1.75,0,0,0,0,46.75,-103.52,46.75,-103.52,0,0,0,0,0,7,0,0,0
639126,2018,7,21,"2018-07-21","18:50:00",3,"GA",13,0,1.75,0,0,1e+06,0,33.97,-83.38,33.97,-83.38,0,0,0,0,0,59,0,0,0
639127,2018,7,21,"2018-07-21","18:52:00",3,"GA",13,0,1.25,0,0,0,0,33.98,-83.44,33.98,-83.44,0,0,0,0,0,59,0,0,0
639128,2018,7,21,"2018-07-21","19:09:00",3,"SD",46,0,0.75,0,0,0,0,44.0595,-103.2585,44.0595,-103.2585,0,0,0,0,0,103,0,0,0
639129,2018,7,21,"2018-07-21","19:10:00",3,"GA",13,0,1.5,0,0,0,0,33.97,-83.26,33.97,-83.26,0,0,0,0,0,221,0,0,0
639130,2018,7,21,"2018-07-21","19:22:00",3,"SD",46,0,1,0,0,0,0,43.98,-103.17,43.98,-103.17,0,0,0,0,0,103,0,0,0
639131,2018,7,21,"2018-07-21","19:31:00",3,"SC",45,0,1,0,0,0,0,34.522,-82.718,34.506,-82.652,0,0,0,0,0,7,0,0,0
639132,2018,7,21,"2018-07-21","19:40:00",3,"CA",6,0,0.75,0,0,0,0,39.93,-120.25,39.93,-120.25,0,0,0,0,0,63,0,0,0
639133,2018,7,21,"2018-07-21","20:20:00",3,"NC",37,0,1,0,0,0,0,35.2877,-79.0592,35.2877,-79.0592,0,0,0,0,0,85,0,0,0
639134,2018,7,21,"2018-07-21","21:07:00",3,"SC",45,0,0.88,0,0,0,0,33.85,-82.07,33.85,-82.07,0,0,0,0,0,37,0,0,0
639135,2018,7,21,"2018-07-21","21:12:00",3,"SC",45,0,1,0,0,0,0,33.87,-82.03,33.87,-82.03,0,0,0,0,0,37,0,0,0
639136,2018,7,21,"2018-07-21","23:10:00",3,"SC",45,0,0.25,0,0,100,100,33.5755,-81.79,33.5755,-81.79,0,0,0,0,0,3,0,0,0
639137,2018,7,21,"2018-07-21","23:15:00",3,"KS",20,0,1.75,0,0,0,0,37.87,-97.6608,37.87,-97.6608,0,0,0,0,0,173,0,0,0
639138,2018,7,22,"2018-07-22","10:30:00",3,"FL",12,0,0.75,0,0,0,0,29.65,-81.66,29.65,-81.66,0,0,0,0,0,107,0,0,0
639139,2018,7,22,"2018-07-22","11:15:00",3,"AL",1,0,1,0,0,0,0,31.9,-87.82,31.9,-87.82,0,0,0,0,0,25,0,0,0
639140,2018,7,22,"2018-07-22","11:30:00",3,"AL",1,0,1.5,0,0,0,0,31.78,-87.84,31.78,-87.84,0,0,0,0,0,25,0,0,0
639141,2018,7,22,"2018-07-22","12:03:00",3,"FL",12,0,1,0,0,0,0,30.37,-81.72,30.37,-81.72,0,0,0,0,0,31,0,0,0
639142,2018,7,22,"2018-07-22","12:05:00",3,"AL",1,0,3.5,0,0,0,0,32.13,-86.48,32.13,-86.48,0,0,0,0,0,85,0,0,0
639143,2018,7,22,"2018-07-22","12:13:00",3,"AL",1,0,2.75,0,0,0,0,31.36,-86.46,31.36,-86.46,0,0,0,0,0,39,0,0,0
639144,2018,7,22,"2018-07-22","12:15:00",3,"AL",1,0,1.75,0,0,0,0,31.39,-86.42,31.39,-86.42,0,0,0,0,0,39,0,0,0
639145,2018,7,22,"2018-07-22","12:20:00",3,"AL",1,0,4,0,0,0,0,31.32,-86.4,31.32,-86.4,0,0,0,0,0,39,0,0,0
639146,2018,7,22,"2018-07-22","12:20:00",3,"AL",1,0,2,0,0,0,0,31.33,-86.44,31.33,-86.44,0,0,0,0,0,39,0,0,0
639147,2018,7,22,"2018-07-22","12:25:00",3,"AL",1,0,2.5,0,0,0,0,31.32,-86.46,31.32,-86.46,0,0,0,0,0,39,0,0,0
639148,2018,7,22,"2018-07-22","12:30:00",3,"AL",1,0,2.5,0,0,0,0,31.28,-86.33,31.28,-86.33,0,0,0,0,0,39,0,0,0
639149,2018,7,22,"2018-07-22","12:35:00",3,"AL",1,0,1,0,0,0,0,31.24,-86.53,31.24,-86.53,0,0,0,0,0,39,0,0,0
639150,2018,7,22,"2018-07-22","12:36:00",3,"AL",1,0,1.25,0,0,0,0,31.29,-86.27,31.29,-86.27,0,0,0,0,0,39,0,0,0
639151,2018,7,22,"2018-07-22","12:54:00",3,"AL",1,0,0.75,0,0,0,0,31.4504,-85.8725,31.4504,-85.8725,0,0,0,0,0,31,0,0,0
639152,2018,7,22,"2018-07-22","13:12:00",3,"AL",1,0,1,0,0,0,0,31.44,-85.64,31.44,-85.64,0,0,0,0,0,45,0,0,0
639153,2018,7,22,"2018-07-22","13:14:00",3,"AL",1,0,1,0,0,0,0,31.46,-85.67,31.46,-85.67,0,0,0,0,0,45,0,0,0
639154,2018,7,22,"2018-07-22","13:40:00",3,"AL",1,0,1,0,0,0,0,31.66,-87.78,31.66,-87.78,0,0,0,0,0,25,0,0,0
639155,2018,7,22,"2018-07-22","15:24:00",3,"GA",13,0,1,0,0,0,0,31.73,-84.17,31.73,-84.17,0,0,0,0,0,177,0,0,0
639156,2018,7,22,"2018-07-22","15:25:00",3,"GA",13,0,1,0,0,0,0,32.2402,-82.8905,32.2402,-82.8905,0,0,0,0,0,175,0,0,0
639157,2018,7,22,"2018-07-22","15:30:00",3,"NC",37,0,1.25,0,0,0,0,35.77,-80.86,35.77,-80.86,0,0,0,0,0,97,0,0,0
639158,2018,7,22,"2018-07-22","15:40:00",3,"GA",13,0,1.75,0,0,0,0,32.37,-82.23,32.37,-82.23,0,0,0,0,0,43,0,0,0
639159,2018,7,22,"2018-07-22","16:05:00",3,"GA",13,0,0.75,0,0,0,0,32.34,-81.95,32.34,-81.95,0,0,0,0,0,43,0,0,0
639160,2018,7,22,"2018-07-22","16:25:00",3,"GA",13,0,1,0,0,0,0,31.9616,-83.7763,31.9616,-83.7763,0,0,0,0,0,81,0,0,0
639161,2018,7,22,"2018-07-22","16:34:00",3,"GA",13,0,1.25,0,0,0,0,30.87,-84,30.87,-84,0,0,0,0,0,275,0,0,0
639162,2018,7,22,"2018-07-22","17:12:00",3,"NC",37,0,1,0,0,0,0,35.72,-79.81,35.72,-79.81,0,0,0,0,0,151,0,0,0
639163,2018,7,22,"2018-07-22","17:23:00",3,"NE",31,0,1.75,0,0,0,0,41.8,-101.27,41.8,-101.27,0,0,0,0,0,91,0,0,0
639164,2018,7,22,"2018-07-22","18:05:00",3,"NE",31,0,1,0,0,0,0,41.44,-101.28,41.44,-101.28,0,0,0,0,0,117,0,0,0
639165,2018,7,22,"2018-07-22","18:09:00",3,"GA",13,0,1,0,0,0,0,31.7105,-83.2636,31.7105,-83.2636,0,0,0,0,0,17,0,0,0
639166,2018,7,22,"2018-07-22","18:12:00",3,"GA",13,0,0.88,0,0,0,0,31.04,-83.07,31.04,-83.07,0,0,0,0,0,173,0,0,0
639167,2018,7,22,"2018-07-22","18:20:00",3,"SD",46,0,1,0,0,0,0,43.57,-100.75,43.57,-100.75,0,0,0,0,0,95,0,0,0
639168,2018,7,22,"2018-07-22","18:21:00",3,"GA",13,0,1.75,0,0,0,0,31.59,-83.25,31.59,-83.25,0,0,0,0,0,155,0,0,0
639169,2018,7,22,"2018-07-22","18:30:00",3,"CO",8,0,1.75,0,0,0,0,39.4739,-102.2987,39.4739,-102.2987,0,0,0,0,0,63,0,0,0
639170,2018,7,22,"2018-07-22","18:40:00",3,"NE",31,0,2.75,0,0,0,0,41.18,-101.58,41.18,-101.58,0,0,0,0,0,101,0,0,0
639171,2018,7,22,"2018-07-22","18:41:00",3,"NE",31,0,1.75,0,0,0,0,41.17,-101.56,41.17,-101.56,0,0,0,0,0,101,0,0,0
639172,2018,7,22,"2018-07-22","18:45:00",3,"NE",31,0,1.25,0,0,0,0,41.13,-101.62,41.13,-101.62,0,0,0,0,0,101,0,0,0
639173,2018,7,22,"2018-07-22","18:55:00",3,"CO",8,0,1,0,0,0,0,40.1409,-102.1989,40.1409,-102.1989,0,0,0,0,0,125,0,0,0
639174,2018,7,22,"2018-07-22","18:58:00",3,"GA",13,0,0.75,0,0,0,0,31.37,-82.99,31.37,-82.99,0,0,0,0,0,3,0,0,0
639175,2018,7,22,"2018-07-22","19:03:00",3,"NE",31,0,1.75,0,0,0,0,41.03,-101.6,41.03,-101.6,0,0,0,0,0,101,0,0,0
639176,2018,7,22,"2018-07-22","19:15:00",3,"NE",31,0,1.25,0,0,0,0,40.9,-101.73,40.9,-101.73,0,0,0,0,0,135,0,0,0
639177,2018,7,22,"2018-07-22","19:23:00",3,"NE",31,0,1.75,0,0,0,0,40.88,-101.69,40.88,-101.69,0,0,0,0,0,135,0,0,0
639178,2018,7,22,"2018-07-22","19:25:00",3,"FL",12,0,1,0,0,0,0,30.49,-86.0964,30.49,-86.0964,0,0,0,0,0,131,0,0,0
639179,2018,7,22,"2018-07-22","19:42:00",3,"NE",31,0,1,0,0,0,0,40.52,-101.87,40.52,-101.87,0,0,0,0,0,29,0,0,0
639180,2018,7,22,"2018-07-22","20:04:00",3,"KS",20,0,1.5,0,0,0,0,39.8706,-101.9812,39.8706,-101.9812,0,0,0,0,0,23,0,0,0
639181,2018,7,22,"2018-07-22","20:06:00",3,"KS",20,0,1.5,0,0,0,0,39.873,-101.9237,39.873,-101.9237,0,0,0,0,0,23,0,0,0
639182,2018,7,22,"2018-07-22","20:15:00",3,"CO",8,0,1.5,0,0,0,0,40.0326,-102.172,40.0326,-102.172,0,0,0,0,0,125,0,0,0
639183,2018,7,22,"2018-07-22","23:39:00",3,"CA",6,0,1,0,0,0,0,41.37,-122.43,41.37,-122.43,0,0,0,0,0,93,0,0,0
639184,2018,7,23,"2018-07-23","06:05:00",3,"SC",45,0,0.25,0,0,100,100,34.09,-81.21,34.09,-81.21,0,0,0,0,0,63,0,0,0
639185,2018,7,23,"2018-07-23","06:11:00",3,"SC",45,0,0.25,0,0,100,100,34.13,-81.19,34.13,-81.19,0,0,0,0,0,79,0,0,0
639186,2018,7,23,"2018-07-23","10:20:00",3,"SC",45,0,1,0,0,0,0,33.98,-80.87,33.98,-80.87,0,0,0,0,0,79,0,0,0
639187,2018,7,23,"2018-07-23","10:45:00",3,"SC",45,0,0.25,0,0,100,100,33.93,-81.29,33.93,-81.29,0,0,0,0,0,63,0,0,0
639188,2018,7,23,"2018-07-23","11:12:00",3,"SC",45,0,1,0,0,0,0,33.95,-81.28,33.95,-81.28,0,0,0,0,0,63,0,0,0
639189,2018,7,23,"2018-07-23","14:15:00",3,"CO",8,0,1,0,0,0,0,38.17,-105.45,38.17,-105.45,0,0,0,0,0,27,0,0,0
639190,2018,7,23,"2018-07-23","14:31:00",3,"CO",8,0,0.88,0,0,0,0,39.23,-105.26,39.23,-105.26,0,0,0,0,0,35,0,0,0
639191,2018,7,23,"2018-07-23","15:30:00",3,"CO",8,0,1,0,0,0,0,39,-105.06,39,-105.06,0,0,0,0,0,119,0,0,0
639192,2018,7,23,"2018-07-23","15:44:00",3,"CO",8,0,1,0,0,0,0,39,-105.05,39,-105.05,0,0,0,0,0,119,0,0,0
639193,2018,7,23,"2018-07-23","16:01:00",3,"KS",20,0,0.88,0,0,0,0,37.99,-101.77,37.99,-101.77,0,0,0,0,0,75,0,0,0
639194,2018,7,23,"2018-07-23","16:43:00",3,"CO",8,0,1,0,0,0,0,38.72,-104.7,38.72,-104.7,0,0,0,0,0,41,0,0,0
639195,2018,7,23,"2018-07-23","16:49:00",3,"CO",8,0,1,0,0,0,0,38.71,-104.67,38.71,-104.67,0,0,0,0,0,41,0,0,0
639196,2018,7,23,"2018-07-23","17:28:00",3,"CA",6,0,1,0,0,0,0,39.33,-120.21,39.33,-120.21,0,0,0,0,0,57,0,0,0
639197,2018,7,23,"2018-07-23","18:10:00",3,"CO",8,0,1.75,0,0,0,0,38.25,-104.29,38.25,-104.29,0,0,0,0,0,101,0,0,0
639198,2018,7,23,"2018-07-23","18:20:00",3,"CO",8,0,1,0,0,0,0,38.22,-104.61,38.22,-104.61,0,0,0,0,0,101,0,0,0
639199,2018,7,23,"2018-07-23","19:45:00",3,"CA",6,0,1,0,0,0,0,41.81,-122.03,41.81,-122.03,0,0,0,0,0,93,0,0,0
639200,2018,7,24,"2018-07-24","14:35:00",3,"CO",8,0,1,0,0,0,0,39.07,-104.67,39.07,-104.67,0,0,0,0,0,41,0,0,0
639201,2018,7,24,"2018-07-24","14:55:00",3,"CO",8,0,1.25,0,0,0,0,39.04,-104.74,39.04,-104.74,0,0,0,0,0,41,0,0,0
639202,2018,7,24,"2018-07-24","15:00:00",3,"CO",8,0,1,0,0,0,0,39.04,-104.74,39.04,-104.74,0,0,0,0,0,41,0,0,0
639203,2018,7,24,"2018-07-24","15:36:00",3,"WY",56,0,1.25,0,0,0,0,41.0464,-105.2067,41.0464,-105.2067,0,0,0,0,0,21,0,0,0
639204,2018,7,24,"2018-07-24","15:55:00",3,"WY",56,0,1,0,0,0,0,43.77,-105.48,43.77,-105.48,0,0,0,0,0,5,0,0,0
639205,2018,7,24,"2018-07-24","16:37:00",3,"CO",8,0,1,0,0,0,0,38.03,-105.44,38.03,-105.44,0,0,0,0,0,27,0,0,0
639206,2018,7,24,"2018-07-24","17:15:00",3,"CO",8,0,1.75,0,0,0,0,37.96,-105.47,37.96,-105.47,0,0,0,0,0,27,0,0,0
639207,2018,7,24,"2018-07-24","17:30:00",3,"WY",56,0,1.75,0,0,0,0,42.83,-104.45,42.83,-104.45,0,0,0,0,0,27,0,0,0
639208,2018,7,24,"2018-07-24","17:41:00",3,"WY",56,0,1.25,0,0,0,0,41.17,-104.48,41.17,-104.48,0,0,0,0,0,21,0,0,0
639209,2018,7,24,"2018-07-24","18:13:00",3,"CO",8,0,1,0,0,0,0,39.62,-105.11,39.62,-105.11,0,0,0,0,0,59,0,0,0
639210,2018,7,24,"2018-07-24","18:18:00",3,"CO",8,0,0.88,0,0,0,0,39.59,-105.01,39.59,-105.01,0,0,0,0,0,5,0,0,0
639211,2018,7,24,"2018-07-24","18:38:00",3,"NE",31,0,1,0,0,0,0,41.87,-103.66,41.87,-103.66,0,0,0,0,0,157,0,0,0
639212,2018,7,24,"2018-07-24","19:40:00",3,"CO",8,0,1.5,0,0,0,0,40.25,-103.78,40.25,-103.78,0,0,0,0,0,87,0,0,0
639213,2018,7,24,"2018-07-24","19:46:00",3,"CO",8,0,0.88,0,0,0,0,40.24,-103.8,40.24,-103.8,0,0,0,0,0,87,0,0,0
639214,2018,7,24,"2018-07-24","19:48:00",3,"CO",8,0,1.25,0,0,0,0,40.25,-103.78,40.25,-103.78,0,0,0,0,0,87,0,0,0
639215,2018,7,24,"2018-07-24","19:48:00",3,"CO",8,0,1,0,0,0,0,40.26,-103.76,40.26,-103.76,0,0,0,0,0,87,0,0,0
639216,2018,7,24,"2018-07-24","20:04:00",3,"CO",8,0,0.88,0,0,0,0,40.3,-103.54,40.3,-103.54,0,0,0,0,0,87,0,0,0
639217,2018,7,24,"2018-07-24","20:14:00",3,"CO",8,0,1,0,0,0,0,40.53,-103.89,40.53,-103.89,0,0,0,0,0,123,0,0,0
639218,2018,7,24,"2018-07-24","20:21:00",3,"CO",8,0,1.25,0,0,0,0,40.34,-103.47,40.34,-103.47,0,0,0,0,0,121,0,0,0
639219,2018,7,24,"2018-07-24","20:24:00",3,"CO",8,0,1.25,0,0,0,0,40.33,-103.52,40.33,-103.52,0,0,0,0,0,87,0,0,0
639220,2018,7,24,"2018-07-24","20:25:00",3,"SD",46,0,1.5,0,0,0,0,43.65,-99.65,43.65,-99.65,0,0,0,0,0,123,0,0,0
639221,2018,7,24,"2018-07-24","20:29:00",3,"CO",8,0,1.25,0,0,0,0,40.35,-103.45,40.35,-103.45,0,0,0,0,0,121,0,0,0
639222,2018,7,24,"2018-07-24","22:18:00",3,"ND",38,0,0.75,0,0,0,0,46.86,-102.57,46.86,-102.57,0,0,0,0,0,89,0,0,0
639223,2018,7,24,"2018-07-24","23:10:00",3,"ND",38,0,0.75,0,0,0,0,46.86,-100.78,46.86,-100.78,0,0,0,0,0,15,0,0,0
639224,2018,7,25,"2018-07-25","12:29:00",3,"NE",31,0,1,0,0,0,0,40.45,-100.49,40.45,-100.49,0,0,0,0,0,63,0,0,0
639225,2018,7,25,"2018-07-25","13:28:00",3,"NE",31,0,1.75,0,0,0,0,40.63,-100.51,40.63,-100.51,0,0,0,0,0,63,0,0,0
639226,2018,7,25,"2018-07-25","13:32:00",3,"NE",31,0,1.5,0,0,0,0,40.53,-100.5,40.53,-100.5,0,0,0,0,0,63,0,0,0
639227,2018,7,25,"2018-07-25","14:01:00",3,"NM",35,0,1,0,0,5000,0,36.13,-105.23,36.13,-105.23,0,0,0,0,0,33,0,0,0
639228,2018,7,25,"2018-07-25","14:44:00",3,"MN",27,0,1,0,0,0,0,43.78,-94.17,43.78,-94.17,0,0,0,0,0,43,0,0,0
639229,2018,7,25,"2018-07-25","14:55:00",3,"NM",35,0,1,0,0,0,0,35.91,-105.25,35.91,-105.25,0,0,0,0,0,33,0,0,0
639230,2018,7,25,"2018-07-25","14:55:00",3,"NE",31,0,0.88,0,0,0,0,40.3326,-100.1946,40.3201,-100.1918,0,0,0,0,0,65,0,0,0
639231,2018,7,25,"2018-07-25","15:00:00",3,"NE",31,0,1,0,0,0,0,40.39,-100.2,40.39,-100.2,0,0,0,0,0,63,0,0,0
639232,2018,7,25,"2018-07-25","15:07:00",3,"MN",27,0,1,0,0,0,0,44.2082,-95.1365,44.2,-95.12,0,0,0,0,0,127,0,0,0
639233,2018,7,25,"2018-07-25","15:14:00",3,"MN",27,0,1,0,0,0,0,44.1798,-95.0633,44.1111,-94.9595,0,0,0,0,0,15,0,0,0
639234,2018,7,25,"2018-07-25","15:22:00",3,"MN",27,0,1,0,0,0,0,44.09,-94.96,44.09,-94.96,0,0,0,0,0,33,0,0,0
639235,2018,7,25,"2018-07-25","15:28:00",3,"WY",56,0,0.88,0,0,0,0,43.03,-108.4394,43.03,-108.4394,0,0,0,0,0,13,0,0,0
639236,2018,7,25,"2018-07-25","15:30:00",3,"NM",35,0,0.88,0,0,0,0,35.77,-105.25,35.77,-105.25,0,0,0,0,0,47,0,0,0
639237,2018,7,25,"2018-07-25","15:30:00",3,"MN",27,0,1.5,0,0,0,0,44.0506,-94.8439,43.9756,-94.6985,0,0,0,0,0,165,0,0,0
639238,2018,7,25,"2018-07-25","15:38:00",3,"MN",27,0,0.88,0,0,0,0,45.36,-93.23,45.36,-93.23,0,0,0,0,0,3,0,0,0
639239,2018,7,25,"2018-07-25","15:38:00",3,"WY",56,0,0.88,0,0,0,0,43.1856,-108.2465,43.1856,-108.2465,0,0,0,0,0,13,0,0,0
639240,2018,7,25,"2018-07-25","15:47:00",3,"IA",19,0,0.75,0,0,0,0,43.48,-93.8,43.48,-93.8,0,0,0,0,0,189,0,0,0
639241,2018,7,25,"2018-07-25","15:49:00",3,"WY",56,0,1,0,0,0,0,41.24,-105.11,41.24,-105.11,0,0,0,0,0,21,0,0,0
639242,2018,7,25,"2018-07-25","16:00:00",3,"KS",20,0,0.88,0,0,0,0,39.84,-99.89,39.84,-99.89,0,0,0,0,0,137,0,0,0
639243,2018,7,25,"2018-07-25","16:00:00",3,"IA",19,0,1,0,0,0,0,43.39,-93.69,43.39,-93.69,0,0,0,0,0,189,0,0,0
639244,2018,7,25,"2018-07-25","16:02:00",3,"MN",27,0,0.75,0,0,0,0,43.62,-94.99,43.62,-94.99,0,0,0,0,0,63,0,0,0
639245,2018,7,25,"2018-07-25","16:05:00",3,"WY",56,0,1,0,0,0,0,41.19,-104.85,41.19,-104.85,0,0,0,0,0,21,0,0,0
639246,2018,7,25,"2018-07-25","16:07:00",3,"VA",51,0,0.75,0,0,0,0,37.2518,-78.7985,37.2518,-78.7985,0,0,0,0,0,11,0,0,0
639247,2018,7,25,"2018-07-25","16:12:00",3,"MN",27,0,1.75,0,0,0,50000,43.804,-94.3951,43.7026,-94.234,0,0,0,0,0,43,0,0,0
639248,2018,7,25,"2018-07-25","16:15:00",3,"WY",56,0,1,0,0,0,0,41.15,-104.77,41.15,-104.77,0,0,0,0,0,21,0,0,0
639249,2018,7,25,"2018-07-25","16:25:00",3,"MN",27,0,2.75,0,0,0,1e+05,43.692,-94.2264,43.6028,-94.067,0,0,0,0,0,43,0,0,0
639250,2018,7,25,"2018-07-25","16:45:00",3,"WY",56,0,1.5,0,0,0,0,41.07,-104.89,41.07,-104.89,0,0,0,0,0,21,0,0,0
639251,2018,7,25,"2018-07-25","16:45:00",3,"WY",56,0,1.5,0,0,0,0,41.07,-104.7,41.07,-104.7,0,0,0,0,0,21,0,0,0
639252,2018,7,25,"2018-07-25","16:45:00",3,"WI",55,0,0.88,0,0,0,0,46.45,-90.91,46.45,-90.91,0,0,0,0,0,3,0,0,0
639253,2018,7,25,"2018-07-25","16:45:00",3,"MN",27,0,0.75,0,0,0,0,43.56,-95.18,43.56,-95.18,0,0,0,0,0,63,0,0,0
639254,2018,7,25,"2018-07-25","16:51:00",3,"KS",20,0,1.75,0,0,0,0,39.4369,-99.6656,39.4369,-99.6656,0,0,0,0,0,65,0,0,0
639255,2018,7,25,"2018-07-25","16:55:00",3,"KS",20,0,1,0,0,0,0,39.3429,-99.6956,39.3429,-99.6956,0,0,0,0,0,65,0,0,0
639256,2018,7,25,"2018-07-25","16:55:00",3,"KS",20,0,1.75,0,0,0,0,39.36,-99.69,39.36,-99.69,0,0,0,0,0,65,0,0,0
639257,2018,7,25,"2018-07-25","16:57:00",3,"KS",20,0,1.25,0,0,0,0,39.3368,-99.7177,39.3368,-99.7177,0,0,0,0,0,65,0,0,0
639258,2018,7,25,"2018-07-25","17:00:00",3,"WI",55,0,0.8,0,0,0,0,44.62,-89.98,44.62,-89.98,0,0,0,0,0,141,0,0,0
639259,2018,7,25,"2018-07-25","17:08:00",3,"KS",20,0,1,0,0,0,0,39.32,-99.58,39.32,-99.58,0,0,0,0,0,163,0,0,0
639260,2018,7,25,"2018-07-25","17:15:00",3,"WI",55,0,1,0,0,0,0,44.59,-89.86,44.59,-89.86,0,0,0,0,0,141,0,0,0
639261,2018,7,25,"2018-07-25","17:20:00",3,"KS",20,0,0.88,0,0,0,0,39.2233,-99.5843,39.2233,-99.5843,0,0,0,0,0,163,0,0,0
639262,2018,7,25,"2018-07-25","17:45:00",3,"KS",20,0,0.88,0,0,0,0,38.9,-99.99,38.9,-99.99,0,0,0,0,0,195,0,0,0
639263,2018,7,25,"2018-07-25","17:52:00",3,"IA",19,0,1,0,0,0,0,43.14,-93.02,43.14,-93.02,0,0,0,0,0,67,0,0,0
639264,2018,7,25,"2018-07-25","17:55:00",3,"IA",19,0,1,0,0,0,0,43.14,-93.03,43.14,-93.03,0,0,0,0,0,33,0,0,0
639265,2018,7,25,"2018-07-25","18:03:00",3,"IA",19,0,1,0,0,0,0,43.13,-93.2,43.13,-93.2,0,0,0,0,0,33,0,0,0
639266,2018,7,25,"2018-07-25","18:30:00",3,"KS",20,0,1.75,0,0,0,0,38.55,-100.65,38.55,-100.65,0,0,0,0,0,101,0,0,0
639267,2018,7,25,"2018-07-25","18:30:00",3,"CO",8,0,1,0,0,0,2e+05,39.9652,-105.0207,39.9652,-105.0207,0,0,0,0,0,14,0,0,0
639268,2018,7,25,"2018-07-25","18:45:00",3,"CO",8,0,1,0,0,0,0,40.06,-105.07,40.06,-105.07,0,0,0,0,0,13,0,0,0
639269,2018,7,25,"2018-07-25","18:50:00",3,"IA",19,0,1,0,0,0,0,42.81,-94.27,42.81,-94.27,0,0,0,0,0,91,0,0,0
639270,2018,7,25,"2018-07-25","19:19:00",3,"IA",19,0,1,0,0,0,0,42.52,-94.22,42.52,-94.22,0,0,0,0,0,187,0,0,0
639271,2018,7,25,"2018-07-25","19:35:00",3,"KS",20,0,0.75,0,0,0,0,38.25,-100.63,38.25,-100.63,0,0,0,0,0,55,0,0,0
639272,2018,7,25,"2018-07-25","19:38:00",3,"IA",19,0,0.75,0,0,0,0,42.4,-93.74,42.4,-93.74,0,0,0,0,0,79,0,0,0
639273,2018,7,25,"2018-07-25","21:00:00",3,"MT",30,0,1,0,0,0,0,47.98,-112.3,47.98,-112.3,0,0,0,0,0,99,0,0,0
639274,2018,7,26,"2018-07-26","10:50:00",3,"MI",26,0,1,0,0,0,0,42.2,-84.11,42.2,-84.11,0,0,0,0,0,161,0,0,0
639275,2018,7,26,"2018-07-26","11:17:00",3,"MI",26,0,1,0,0,0,0,42.23,-83.74,42.23,-83.74,0,0,0,0,0,161,0,0,0
639276,2018,7,26,"2018-07-26","11:18:00",3,"MI",26,0,0.75,0,0,0,0,42.2,-83.73,42.2,-83.73,0,0,0,0,0,161,0,0,0
639277,2018,7,26,"2018-07-26","11:25:00",3,"MI",26,0,0.88,0,0,0,0,42.16,-83.6,42.16,-83.6,0,0,0,0,0,161,0,0,0
639278,2018,7,26,"2018-07-26","11:32:00",3,"MI",26,0,1,0,0,0,0,42.2,-83.48,42.2,-83.48,0,0,0,0,0,163,0,0,0
639279,2018,7,26,"2018-07-26","12:50:00",3,"WY",56,0,1.75,0,0,0,0,44.25,-106.92,44.0605,-106.7,0,0,0,0,0,19,0,0,0
639280,2018,7,26,"2018-07-26","13:14:00",3,"CO",8,0,1,0,0,0,0,38.6,-104.95,38.6,-104.95,0,0,0,0,0,43,0,0,0
639281,2018,7,26,"2018-07-26","14:15:00",3,"SC",45,0,0.75,0,0,0,0,32.83,-79.85,32.83,-79.85,0,0,0,0,0,19,0,0,0
639282,2018,7,26,"2018-07-26","14:27:00",3,"SC",45,0,1,0,0,0,0,32.83,-79.83,32.83,-79.83,0,0,0,0,0,19,0,0,0
639283,2018,7,26,"2018-07-26","14:40:00",3,"NE",31,0,1,0,0,0,0,41.66,-101.27,41.66,-101.27,0,0,0,0,0,117,0,0,0
639284,2018,7,26,"2018-07-26","14:50:00",3,"OH",39,0,1,0,0,0,0,41.48,-83.3,41.48,-83.3,0,0,0,0,0,123,0,0,0
639285,2018,7,26,"2018-07-26","14:55:00",3,"WY",56,0,1.75,0,0,0,0,43.4448,-106.2942,43.3888,-106.2479,0,0,0,0,0,25,0,0,0
639286,2018,7,26,"2018-07-26","15:16:00",3,"CO",8,0,1,0,0,0,0,39.01,-105.04,39.01,-105.04,0,0,0,0,0,119,0,0,0
639287,2018,7,26,"2018-07-26","15:16:00",3,"CO",8,0,1,0,0,0,0,39.01,-105.06,39.01,-105.06,0,0,0,0,0,119,0,0,0
639288,2018,7,26,"2018-07-26","15:30:00",3,"CO",8,0,0.75,0,0,0,0,40.0675,-102.2218,40.0675,-102.2218,0,0,0,0,0,125,0,0,0
639289,2018,7,26,"2018-07-26","15:30:00",3,"WY",56,0,1.5,0,0,1000,0,42.9,-106.34,42.8218,-106.292,0,0,0,0,0,25,0,0,0
639290,2018,7,26,"2018-07-26","15:36:00",3,"CO",8,0,1,0,0,0,0,40.0762,-102.2805,40.0762,-102.2805,0,0,0,0,0,125,0,0,0
639291,2018,7,26,"2018-07-26","15:36:00",3,"CO",8,0,1,0,0,0,0,40.0769,-102.2666,40.0769,-102.2666,0,0,0,0,0,125,0,0,0
639292,2018,7,26,"2018-07-26","15:38:00",3,"CO",8,0,1,0,0,0,0,40.0704,-102.2381,40.0704,-102.2381,0,0,0,0,0,125,0,0,0
639293,2018,7,26,"2018-07-26","15:38:00",3,"CO",8,0,1,0,0,0,0,40.08,-102.23,40.08,-102.23,0,0,0,0,0,125,0,0,0
639294,2018,7,26,"2018-07-26","15:39:00",3,"MT",30,0,1,0,0,0,0,48.6988,-113.3424,48.6988,-113.3424,0,0,0,0,0,35,0,0,0
639295,2018,7,26,"2018-07-26","15:39:00",3,"CO",8,0,1,0,0,0,0,40.0814,-102.2105,40.0814,-102.2105,0,0,0,0,0,125,0,0,0
639296,2018,7,26,"2018-07-26","15:50:00",3,"OH",39,0,0.75,0,0,0,0,41.73,-81.25,41.73,-81.25,0,0,0,0,0,85,0,0,0
639297,2018,7,26,"2018-07-26","15:53:00",3,"NE",31,0,1,0,0,0,0,41.04,-101,41.04,-101,0,0,0,0,0,111,0,0,0
639298,2018,7,26,"2018-07-26","16:00:00",3,"NE",31,0,1,0,0,0,0,40.99,-100.41,40.99,-100.41,0,0,0,0,0,111,0,0,0
639299,2018,7,26,"2018-07-26","16:11:00",3,"OH",39,0,0.75,0,0,0,0,40.49,-83.93,40.49,-83.93,0,0,0,0,0,91,0,0,0
639300,2018,7,26,"2018-07-26","16:17:00",3,"OH",39,0,1,0,0,0,0,41.32,-82.9507,41.32,-82.9507,0,0,0,0,0,143,0,0,0
639301,2018,7,26,"2018-07-26","16:25:00",3,"WY",56,0,1.25,0,0,0,0,42.87,-105.84,42.87,-105.84,0,0,0,0,0,9,0,0,0
639302,2018,7,26,"2018-07-26","16:30:00",3,"CO",8,0,1,0,0,0,0,39.3,-102.87,39.3,-102.87,0,0,0,0,0,63,0,0,0
639303,2018,7,26,"2018-07-26","16:45:00",3,"MT",30,0,1.75,0,0,0,0,45.77,-109.55,45.77,-109.55,0,0,0,0,0,95,0,0,0
639304,2018,7,26,"2018-07-26","16:46:00",3,"OH",39,0,1,0,0,0,0,40.64,-83.61,40.64,-83.61,0,0,0,0,0,65,0,0,0
639305,2018,7,26,"2018-07-26","16:49:00",3,"CO",8,0,1,0,0,0,0,40.0292,-102.3039,40.0292,-102.3039,0,0,0,0,0,125,0,0,0
639306,2018,7,26,"2018-07-26","16:58:00",3,"MT",30,0,0.88,0,0,0,0,45.67,-109.47,45.67,-109.47,0,0,0,0,0,95,0,0,0
639307,2018,7,26,"2018-07-26","17:00:00",3,"MT",30,0,1.75,0,0,0,0,45.64,-109.5,45.64,-109.5,0,0,0,0,0,95,0,0,0
639308,2018,7,26,"2018-07-26","17:08:00",3,"MT",30,0,1.75,0,0,0,0,45.68,-109.4,45.68,-109.4,0,0,0,0,0,95,0,0,0
639309,2018,7,26,"2018-07-26","17:22:00",3,"WY",56,0,1.75,0,0,0,0,41.41,-105.18,41.41,-105.18,0,0,0,0,0,21,0,0,0
639310,2018,7,26,"2018-07-26","17:30:00",3,"MT",30,0,1.75,0,0,0,0,45.47,-109.1,45.47,-109.1,0,0,0,0,0,9,0,0,0
639311,2018,7,26,"2018-07-26","17:30:00",3,"AZ",4,0,1,0,0,0,0,34.55,-111.91,34.5488,-111.8398,0,0,0,0,0,25,0,0,0
639312,2018,7,26,"2018-07-26","17:35:00",3,"NE",31,0,1.5,0,0,1e+05,3e+06,40.3066,-100.0386,40.3064,-100.0139,0,0,0,0,0,65,0,0,0
639313,2018,7,26,"2018-07-26","17:45:00",3,"MT",30,0,1.5,0,0,0,0,45.33,-108.89,45.33,-108.89,0,0,0,0,0,9,0,0,0
639314,2018,7,26,"2018-07-26","17:52:00",3,"OH",39,0,0.75,0,0,0,0,41.45,-81.92,41.45,-81.92,0,0,0,0,0,35,0,0,0
639315,2018,7,26,"2018-07-26","17:55:00",3,"MT",30,0,1,0,0,0,0,45.3,-108.91,45.3,-108.91,0,0,0,0,0,9,0,0,0
639316,2018,7,26,"2018-07-26","17:55:00",3,"MT",30,0,1.75,0,0,0,0,45.33,-108.91,45.33,-108.91,0,0,0,0,0,9,0,0,0
639317,2018,7,26,"2018-07-26","17:55:00",3,"MT",30,0,1.75,0,0,0,0,45.25,-108.9,45.25,-108.9,0,0,0,0,0,9,0,0,0
639318,2018,7,26,"2018-07-26","18:00:00",3,"KS",20,0,1,0,0,0,0,39.1916,-101.8823,39.1916,-101.8823,0,0,0,0,0,181,0,0,0
639319,2018,7,26,"2018-07-26","18:09:00",3,"WY",56,0,1,0,0,0,0,41.23,-104.9,41.23,-104.9,0,0,0,0,0,21,0,0,0
639320,2018,7,26,"2018-07-26","18:15:00",3,"WY",56,0,1.25,0,0,0,0,41.22,-104.89,41.22,-104.89,0,0,0,0,0,21,0,0,0
639321,2018,7,26,"2018-07-26","18:20:00",3,"NM",35,0,0.75,0,0,0,0,35.65,-105.95,35.65,-105.95,0,0,0,0,0,49,0,0,0
639322,2018,7,26,"2018-07-26","18:20:00",3,"WY",56,0,1,0,0,0,0,43.6521,-108.2247,43.6367,-108.2021,0,0,0,0,0,17,0,0,0
639323,2018,7,26,"2018-07-26","18:20:00",3,"WY",56,0,1.75,0,0,0,0,44.98,-108.5416,44.776,-108.3727,0,0,0,0,0,3,0,0,0
639324,2018,7,26,"2018-07-26","18:25:00",3,"WY",56,0,1.5,0,0,0,0,43.7601,-106.627,43.72,-106.63,0,0,0,0,0,19,0,0,0
639325,2018,7,26,"2018-07-26","18:35:00",3,"WY",56,0,1.25,0,0,0,0,41.14,-105.2,41.1399,-105.1997,0,0,0,0,0,21,0,0,0
639326,2018,7,26,"2018-07-26","18:35:00",3,"WY",56,0,1.75,0,0,0,0,41.0808,-104.853,41.0808,-104.853,0,0,0,0,0,21,0,0,0
639327,2018,7,26,"2018-07-26","18:42:00",3,"KS",20,0,0.88,0,0,0,0,38.8428,-101.7523,38.8428,-101.7523,0,0,0,0,0,199,0,0,0
639328,2018,7,26,"2018-07-26","18:45:00",3,"OH",39,0,1,0,0,0,0,41.32,-80.65,41.32,-80.65,0,0,0,0,0,155,0,0,0
639329,2018,7,26,"2018-07-26","19:05:00",3,"KS",20,0,0.75,0,0,0,0,38.7484,-101.7415,38.7484,-101.7415,0,0,0,0,0,199,0,0,0
639330,2018,7,26,"2018-07-26","19:16:00",3,"PA",42,0,1,0,0,0,0,41.31,-80.4,41.31,-80.4,0,0,0,0,0,85,0,0,0
639331,2018,7,26,"2018-07-26","19:35:00",3,"PA",42,0,1,0,0,0,500,41.32,-80.2,41.32,-80.2,0,0,0,0,0,85,0,0,0
639332,2018,7,26,"2018-07-26","19:55:00",3,"CO",8,0,1.25,0,0,0,0,40.51,-104.96,40.51,-104.96,0,0,0,0,0,69,0,0,0
639333,2018,7,26,"2018-07-26","20:13:00",3,"WY",56,0,1,0,0,0,0,43.788,-104.4409,43.788,-104.4409,0,0,0,0,0,45,0,0,0
639334,2018,7,26,"2018-07-26","20:15:00",3,"CO",8,0,1,0,0,0,0,40.48,-104.87,40.48,-104.87,0,0,0,0,0,123,0,0,0
639335,2018,7,26,"2018-07-26","20:50:00",3,"WY",56,0,1.75,0,0,0,0,43.98,-104.2,43.98,-104.2,0,0,0,0,0,45,0,0,0
639336,2018,7,27,"2018-07-27","11:28:00",3,"NY",36,0,1.5,0,0,0,0,42.72,-73.75,42.72,-73.75,0,0,0,0,0,1,0,0,0
639337,2018,7,27,"2018-07-27","11:37:00",3,"NY",36,0,1,0,0,0,0,42.75,-73.75,42.75,-73.75,0,0,0,0,0,1,0,0,0
639338,2018,7,27,"2018-07-27","11:38:00",3,"NY",36,0,1.75,0,0,0,0,42.72,-73.71,42.72,-73.71,0,0,0,0,0,1,0,0,0
639339,2018,7,27,"2018-07-27","11:40:00",3,"NY",36,0,1.5,0,0,0,0,42.72,-73.83,42.72,-73.83,0,0,0,0,0,1,0,0,0
639340,2018,7,27,"2018-07-27","11:49:00",3,"NY",36,0,0.75,0,0,0,0,42.74,-73.76,42.74,-73.76,0,0,0,0,0,1,0,0,0
639341,2018,7,27,"2018-07-27","12:20:00",3,"NE",31,0,1,0,0,0,0,41.22,-102.86,41.22,-102.86,0,0,0,0,0,33,0,0,0
639342,2018,7,27,"2018-07-27","12:26:00",3,"NY",36,0,0.75,0,0,0,0,42.66,-73.78,42.66,-73.78,0,0,0,0,0,1,0,0,0
639343,2018,7,27,"2018-07-27","12:41:00",3,"NY",36,0,0.75,0,0,0,0,42.67,-73.69,42.67,-73.69,0,0,0,0,0,83,0,0,0
639344,2018,7,27,"2018-07-27","12:41:00",3,"NY",36,0,0.75,0,0,0,0,42.7,-73.69,42.7,-73.69,0,0,0,0,0,83,0,0,0
639345,2018,7,27,"2018-07-27","14:15:00",3,"FL",12,0,0.88,0,0,0,0,27.99,-80.66,27.99,-80.66,0,0,0,0,0,9,0,0,0
639346,2018,7,27,"2018-07-27","14:45:00",3,"CO",8,0,1,0,0,0,0,38.4,-105.26,38.4,-105.26,0,0,0,0,0,43,0,0,0
639347,2018,7,27,"2018-07-27","14:45:00",3,"CO",8,0,1,0,0,0,0,38.4,-105.26,38.4,-105.26,0,0,0,0,0,43,0,0,0
639348,2018,7,27,"2018-07-27","14:50:00",3,"PA",42,0,0.88,0,0,0,0,40.05,-77.58,40.05,-77.58,0,0,0,0,0,55,0,0,0
639349,2018,7,27,"2018-07-27","14:50:00",3,"CO",8,0,0.88,0,0,0,0,40.3956,-102.0977,40.3956,-102.0977,0,0,0,0,0,125,0,0,0
639350,2018,7,27,"2018-07-27","14:50:00",3,"CO",8,0,0.88,0,0,0,0,40.4095,-102.1193,40.4095,-102.1193,0,0,0,0,0,125,0,0,0
639351,2018,7,27,"2018-07-27","14:55:00",3,"MT",30,0,0.88,0,0,0,0,45.05,-104.46,45.05,-104.46,0,0,0,0,0,11,0,0,0
639352,2018,7,27,"2018-07-27","14:55:00",3,"CO",8,0,0.88,0,0,0,0,40.3532,-102.078,40.3532,-102.078,0,0,0,0,0,125,0,0,0
639353,2018,7,27,"2018-07-27","14:55:00",3,"WY",56,0,1,0,0,0,0,41.15,-105.1,41.15,-105.1,0,0,0,0,0,21,0,0,0
639354,2018,7,27,"2018-07-27","14:57:00",3,"CO",8,0,1,0,0,0,0,37.92,-104.89,37.92,-104.89,0,0,0,0,0,101,0,0,0
639355,2018,7,27,"2018-07-27","15:00:00",3,"MT",30,0,1,0,0,0,0,45.03,-104.41,45.03,-104.41,0,0,0,0,0,11,0,0,0
639356,2018,7,27,"2018-07-27","15:02:00",3,"WY",56,0,1,0,0,0,0,44.96,-104.41,44.96,-104.41,0,0,0,0,0,11,0,0,0
639357,2018,7,27,"2018-07-27","15:12:00",3,"CO",8,0,1.25,0,0,0,0,39.48,-104.57,39.48,-104.57,0,0,0,0,0,39,0,0,0
639358,2018,7,27,"2018-07-27","15:30:00",3,"MD",24,0,1.25,0,0,0,0,39.2839,-76.6219,39.2839,-76.6219,0,0,0,0,0,510,0,0,0
639359,2018,7,27,"2018-07-27","15:32:00",3,"NE",31,0,0.88,0,0,0,0,40.01,-101.94,40.01,-101.94,0,0,0,0,0,57,0,0,0
639360,2018,7,27,"2018-07-27","15:38:00",3,"WY",56,0,0.75,0,0,0,0,43.42,-106.28,43.42,-106.28,0,0,0,0,0,25,0,0,0
639361,2018,7,27,"2018-07-27","15:41:00",3,"KS",20,0,1.25,0,0,0,0,39.9286,-101.9372,39.9286,-101.9372,0,0,0,0,0,23,0,0,0
639362,2018,7,27,"2018-07-27","15:45:00",3,"KS",20,0,1,0,0,0,0,39.9231,-101.9742,39.9231,-101.9742,0,0,0,0,0,23,0,0,0
639363,2018,7,27,"2018-07-27","15:55:00",3,"MT",30,0,1.5,0,0,0,0,45.77,-109.55,45.77,-109.55,0,0,0,0,0,95,0,0,0
639364,2018,7,27,"2018-07-27","15:58:00",3,"MT",30,0,1,0,0,0,0,45.94,-108.86,45.94,-108.86,0,0,0,0,0,95,0,0,0
639365,2018,7,27,"2018-07-27","16:00:00",3,"SD",46,0,1,0,0,0,0,43.13,-100.92,43.13,-100.92,0,0,0,0,0,121,0,0,0
639366,2018,7,27,"2018-07-27","16:01:00",3,"WY",56,0,1,0,0,0,0,44.6732,-104.0672,44.6732,-104.0672,0,0,0,0,0,11,0,0,0
639367,2018,7,27,"2018-07-27","16:21:00",3,"MT",30,0,1,0,0,0,0,45.79,-108.65,45.79,-108.65,0,0,0,0,0,111,0,0,0
639368,2018,7,27,"2018-07-27","16:25:00",3,"MT",30,0,1,0,0,0,0,45.8,-108.63,45.8,-108.63,0,0,0,0,0,111,0,0,0
639369,2018,7,27,"2018-07-27","16:25:00",3,"MT",30,0,1,0,0,0,0,45.76,-108.6,45.76,-108.6,0,0,0,0,0,111,0,0,0
639370,2018,7,27,"2018-07-27","16:25:00",3,"SD",46,0,1.75,0,0,0,0,44.5,-104.02,44.5,-104.02,0,0,0,0,0,81,0,0,0
639371,2018,7,27,"2018-07-27","16:27:00",3,"MT",30,0,1.25,0,0,0,0,45.76,-108.61,45.76,-108.61,0,0,0,0,0,111,0,0,0
639372,2018,7,27,"2018-07-27","16:28:00",3,"SD",46,0,1.25,0,0,0,0,44.5,-104.04,44.5,-104.04,0,0,0,0,0,81,0,0,0
639373,2018,7,27,"2018-07-27","16:29:00",3,"MT",30,0,1,0,0,0,0,45.78,-108.59,45.78,-108.59,0,0,0,0,0,111,0,0,0
639374,2018,7,27,"2018-07-27","16:30:00",3,"MT",30,0,1.25,0,0,0,0,45.78,-108.65,45.78,-108.65,0,0,0,0,0,111,0,0,0
639375,2018,7,27,"2018-07-27","16:30:00",3,"SD",46,0,1,0,0,0,0,44.5105,-103.8887,44.5105,-103.8887,0,0,0,0,0,81,0,0,0
639376,2018,7,27,"2018-07-27","16:31:00",3,"MT",30,0,1,0,0,0,0,45.75,-108.57,45.75,-108.57,0,0,0,0,0,111,0,0,0
639377,2018,7,27,"2018-07-27","16:31:00",3,"SD",46,0,1.5,0,0,0,0,44.49,-103.9614,44.49,-103.9614,0,0,0,0,0,81,0,0,0
639378,2018,7,27,"2018-07-27","16:34:00",3,"MT",30,0,1,0,0,0,0,45.72,-108.52,45.72,-108.52,0,0,0,0,0,111,0,0,0
639379,2018,7,27,"2018-07-27","16:34:00",3,"SD",46,0,1,0,0,0,0,44.4955,-103.8787,44.4955,-103.8787,0,0,0,0,0,81,0,0,0
639380,2018,7,27,"2018-07-27","16:35:00",3,"MT",30,0,2,0,0,0,0,45.55,-109.22,45.55,-109.22,0,0,0,0,0,95,0,0,0
639381,2018,7,27,"2018-07-27","16:36:00",3,"MT",30,0,1.75,0,0,0,0,45.74,-108.55,45.74,-108.55,0,0,0,0,0,111,0,0,0
639382,2018,7,27,"2018-07-27","16:43:00",3,"MT",30,0,0.75,0,0,0,0,45.76,-108.52,45.76,-108.52,0,0,0,0,0,111,0,0,0
639383,2018,7,27,"2018-07-27","16:45:00",3,"MT",30,0,1.75,0,0,0,0,45.56,-109.23,45.56,-109.23,0,0,0,0,0,95,0,0,0
639384,2018,7,27,"2018-07-27","16:55:00",3,"MT",30,0,1.75,0,0,0,0,46.5593,-113.2194,46.5593,-113.2194,0,0,0,0,0,39,0,0,0
639385,2018,7,27,"2018-07-27","17:00:00",3,"KS",20,0,1.5,0,0,0,0,39.4023,-101.6342,39.4023,-101.6342,0,0,0,0,0,181,0,0,0
639386,2018,7,27,"2018-07-27","17:04:00",3,"CO",8,0,1.75,0,0,0,0,39.35,-105.33,39.35,-105.33,0,0,0,0,0,59,0,0,0
639387,2018,7,27,"2018-07-27","17:05:00",3,"SD",46,0,1,0,0,0,0,44.2932,-103.73,44.2932,-103.73,0,0,0,0,0,81,0,0,0
639388,2018,7,27,"2018-07-27","17:10:00",3,"WY",56,0,2,0,0,0,0,42.8503,-106.2646,42.8174,-106.1847,0,0,0,0,0,25,0,0,0
639389,2018,7,27,"2018-07-27","17:11:00",3,"KS",20,0,1,0,0,0,0,38.46,-99.24,38.46,-99.24,0,0,0,0,0,165,0,0,0
639390,2018,7,27,"2018-07-27","17:12:00",3,"KS",20,0,1,0,0,0,0,38.47,-99.21,38.47,-99.21,0,0,0,0,0,165,0,0,0
639391,2018,7,27,"2018-07-27","17:13:00",3,"KS",20,0,1.75,0,0,0,0,39.3296,-101.65,39.3296,-101.65,0,0,0,0,0,181,0,0,0
639392,2018,7,27,"2018-07-27","17:15:00",3,"CO",8,0,3.5,0,0,0,0,39.2769,-102.97,39.2769,-102.97,0,0,0,0,0,63,0,0,0
639393,2018,7,27,"2018-07-27","17:27:00",3,"SD",46,0,1,0,0,0,0,44.1379,-103.57,44.1379,-103.57,0,0,0,0,0,103,0,0,0
639394,2018,7,27,"2018-07-27","17:30:00",3,"AZ",4,0,1,0,0,0,0,34.86,-111.77,34.86,-111.77,0,0,0,0,0,5,0,0,0
639395,2018,7,27,"2018-07-27","17:40:00",3,"WY",56,0,1.5,0,0,0,0,41.1554,-105.0601,41.1554,-105.0601,0,0,0,0,0,21,0,0,0
639396,2018,7,27,"2018-07-27","17:44:00",3,"KS",20,0,1,0,0,0,0,38.31,-99.14,38.31,-99.14,0,0,0,0,0,145,0,0,0
639397,2018,7,27,"2018-07-27","17:45:00",3,"MT",30,0,1.5,0,0,0,0,46.39,-112.78,46.39,-112.78,0,0,0,0,0,77,0,0,0
639398,2018,7,27,"2018-07-27","17:51:00",3,"WY",56,0,0.88,0,0,0,0,42.61,-105.86,42.61,-105.86,0,0,0,0,0,9,0,0,0
639399,2018,7,27,"2018-07-27","17:55:00",3,"WY",56,0,1.5,0,0,0,0,42.61,-105.86,42.61,-105.86,0,0,0,0,0,9,0,0,0
639400,2018,7,27,"2018-07-27","17:57:00",3,"WY",56,0,1,0,0,0,0,42.61,-105.86,42.61,-105.86,0,0,0,0,0,9,0,0,0
639401,2018,7,27,"2018-07-27","18:00:00",3,"WY",56,0,1.25,0,0,0,0,44.96,-108.29,44.96,-108.29,0,0,0,0,0,3,0,0,0
639402,2018,7,27,"2018-07-27","18:11:00",3,"SD",46,0,1,0,0,0,0,43.84,-103.2301,43.84,-103.2301,0,0,0,0,0,33,0,0,0
639403,2018,7,27,"2018-07-27","18:20:00",3,"CO",8,0,1,0,0,0,0,38.85,-103.53,38.85,-103.53,0,0,0,0,0,73,0,0,0
639404,2018,7,27,"2018-07-27","18:28:00",3,"WY",56,0,1,0,0,0,0,44.9,-107.35,44.9,-107.35,0,0,0,0,0,33,0,0,0
639405,2018,7,27,"2018-07-27","18:28:00",3,"SD",46,0,1,0,0,0,0,43.6155,-103.5715,43.6155,-103.5715,0,0,0,0,0,33,0,0,0
639406,2018,7,27,"2018-07-27","18:30:00",3,"KS",20,0,1.5,0,0,0,0,38.9291,-101.5497,38.9291,-101.5497,0,0,0,0,0,199,0,0,0
639407,2018,7,27,"2018-07-27","18:35:00",3,"KS",20,0,1,0,0,0,0,38.9449,-101.4996,38.9449,-101.4996,0,0,0,0,0,199,0,0,0
639408,2018,7,27,"2018-07-27","18:35:00",3,"WY",56,0,1.75,0,0,10000,0,44.2701,-106.7217,44.1762,-106.5995,0,0,0,0,0,19,0,0,0
639409,2018,7,27,"2018-07-27","19:00:00",3,"WY",56,0,1,0,0,0,0,44.68,-106.99,44.68,-106.99,0,0,0,0,0,33,0,0,0
639410,2018,7,27,"2018-07-27","19:05:00",3,"MT",30,0,1,0,0,0,0,45.87,-112.1,45.87,-112.1,0,0,0,0,0,43,0,0,0
639411,2018,7,27,"2018-07-27","19:10:00",3,"WY",56,0,1.75,0,0,0,0,44.48,-106.88,44.3091,-106.6428,0,0,0,0,0,19,0,0,0
639412,2018,7,27,"2018-07-27","19:11:00",3,"KS",20,0,1,0,0,0,0,38.12,-99.78,38.12,-99.78,0,0,0,0,0,83,0,0,0
639413,2018,7,27,"2018-07-27","19:34:00",3,"SD",46,0,1.75,0,0,0,0,43.1655,-102.75,43.1655,-102.75,0,0,0,0,0,102,0,0,0
639414,2018,7,27,"2018-07-27","19:35:00",3,"SD",46,0,1.5,0,0,0,0,43.1902,-102.736,43.1902,-102.736,0,0,0,0,0,102,0,0,0
639415,2018,7,27,"2018-07-27","19:46:00",3,"SD",46,0,3.25,0,0,0,0,43.1186,-102.6658,43.1186,-102.6658,0,0,0,0,0,102,0,0,0
639416,2018,7,27,"2018-07-27","19:51:00",3,"SD",46,0,1.5,0,0,0,0,43.03,-102.56,43.03,-102.56,0,0,0,0,0,102,0,0,0
639417,2018,7,27,"2018-07-27","19:55:00",3,"SD",46,0,1.75,0,0,0,0,43.03,-102.56,43.03,-102.56,0,0,0,0,0,102,0,0,0
639418,2018,7,27,"2018-07-27","19:56:00",3,"NE",31,0,1.75,0,0,0,0,42.97,-102.47,42.97,-102.47,0,0,0,0,0,161,0,0,0
639419,2018,7,27,"2018-07-27","19:59:00",3,"SD",46,0,1,0,0,0,0,43.0245,-102.5417,43.0245,-102.5417,0,0,0,0,0,102,0,0,0
639420,2018,7,27,"2018-07-27","20:00:00",3,"NE",31,0,1.75,0,0,0,0,41.69,-97.49,41.69,-97.49,0,0,0,0,0,141,0,0,0
639421,2018,7,27,"2018-07-27","20:03:00",3,"NE",31,0,2.75,0,0,0,0,42.92,-102.47,42.92,-102.47,0,0,0,0,0,161,0,0,0
639422,2018,7,27,"2018-07-27","20:06:00",3,"NE",31,0,2,0,0,0,0,42.9,-102.47,42.9,-102.47,0,0,0,0,0,161,0,0,0
639423,2018,7,27,"2018-07-27","20:07:00",3,"KS",20,0,1,0,0,0,0,37.69,-99.68,37.69,-99.68,0,0,0,0,0,57,0,0,0
639424,2018,7,27,"2018-07-27","20:20:00",3,"NE",31,0,2.5,0,0,0,0,42.76,-102.35,42.76,-102.35,0,0,0,0,0,161,0,0,0
639425,2018,7,27,"2018-07-27","20:21:00",3,"NE",31,0,3,0,0,0,0,42.73,-102.44,42.73,-102.44,0,0,0,0,0,161,0,0,0
639426,2018,7,27,"2018-07-27","20:25:00",3,"NE",31,0,1.75,0,0,0,0,42.73,-102.3,42.73,-102.3,0,0,0,0,0,161,0,0,0
639427,2018,7,27,"2018-07-27","20:30:00",3,"NE",31,0,1,0,0,0,0,41.5,-97.35,41.5,-97.35,0,0,0,0,0,141,0,0,0
639428,2018,7,27,"2018-07-27","20:32:00",3,"NE",31,0,1,0,0,0,0,42.71,-102.33,42.71,-102.33,0,0,0,0,0,161,0,0,0
639429,2018,7,27,"2018-07-27","20:46:00",3,"KS",20,0,1.75,0,0,0,0,37.5,-99.59,37.5,-99.59,0,0,0,0,0,57,0,0,0
639430,2018,7,27,"2018-07-27","21:06:00",3,"NE",31,0,1,0,0,0,0,42.31,-101.95,42.31,-101.95,0,0,0,0,0,31,0,0,0
639431,2018,7,27,"2018-07-27","21:33:00",3,"VA",51,0,0.88,0,0,0,0,37.62,-78.37,37.62,-78.37,0,0,0,0,0,29,0,0,0
639432,2018,7,27,"2018-07-27","21:42:00",3,"NM",35,0,0.75,0,0,0,0,35.18,-106.55,35.18,-106.55,0,0,0,0,0,1,0,0,0
639433,2018,7,28,"2018-07-28","12:55:00",3,"ME",23,0,1.25,0,0,0,0,47.07,-67.8,47.07,-67.8,0,0,0,0,0,3,0,0,0
639434,2018,7,28,"2018-07-28","13:11:00",3,"NY",36,0,0.88,0,0,0,0,41.59,-73.81,41.59,-73.81,0,0,0,0,0,27,0,0,0
639435,2018,7,28,"2018-07-28","13:12:00",3,"NY",36,0,1,0,0,0,0,41.59,-73.8,41.59,-73.8,0,0,0,0,0,27,0,0,0
639436,2018,7,28,"2018-07-28","13:12:00",3,"NY",36,0,1,0,0,0,0,41.6,-73.8,41.6,-73.8,0,0,0,0,0,27,0,0,0
639437,2018,7,28,"2018-07-28","13:14:00",3,"NY",36,0,1,0,0,0,0,41.61,-73.74,41.61,-73.74,0,0,0,0,0,27,0,0,0
639438,2018,7,28,"2018-07-28","13:15:00",3,"AZ",4,0,1,0,0,0,0,35.34,-111.55,35.2872,-111.433,0,0,0,0,0,5,0,0,0
639439,2018,7,28,"2018-07-28","13:55:00",3,"NH",33,0,1,0,0,0,0,43.1967,-70.874,43.1967,-70.874,0,0,0,0,0,17,0,0,0
639440,2018,7,28,"2018-07-28","14:10:00",3,"OK",40,0,1.75,0,0,10000,0,35.5134,-95.93,35.5134,-95.93,0,0,0,0,0,111,0,0,0
639441,2018,7,28,"2018-07-28","14:10:00",3,"OK",40,0,2.5,0,0,25000,0,35.458,-95.9406,35.458,-95.9406,0,0,0,0,0,111,0,0,0
639442,2018,7,28,"2018-07-28","14:15:00",3,"OK",40,0,1,0,0,0,0,35.4404,-95.9816,35.4404,-95.9816,0,0,0,0,0,111,0,0,0
639443,2018,7,28,"2018-07-28","14:25:00",3,"WY",56,0,1,0,0,0,0,43.42,-106.28,43.42,-106.28,0,0,0,0,0,25,0,0,0
639444,2018,7,28,"2018-07-28","14:53:00",3,"CO",8,0,1,0,0,0,0,39.05,-104.81,39.05,-104.81,0,0,0,0,0,41,0,0,0
639445,2018,7,28,"2018-07-28","15:30:00",3,"WI",55,0,0.75,0,0,0,0,45.972,-92.1586,45.972,-92.1586,0,0,0,0,0,13,0,0,0
639446,2018,7,28,"2018-07-28","15:36:00",3,"NH",33,0,1.25,0,0,0,0,43.2411,-71.1509,43.2411,-71.1509,0,0,0,0,0,17,0,0,0
639447,2018,7,28,"2018-07-28","15:41:00",3,"MN",27,0,0.75,0,0,0,0,46.5121,-93.47,46.5121,-93.47,0,0,0,0,0,1,0,0,0
639448,2018,7,28,"2018-07-28","16:30:00",3,"WY",56,0,1.5,0,0,0,0,42.5332,-104.9212,42.5332,-104.9212,0,0,0,0,0,31,0,0,0
639449,2018,7,28,"2018-07-28","16:36:00",3,"FL",12,0,0.75,0,0,0,0,26.56,-81.92,26.56,-81.92,0,0,0,0,0,71,0,0,0
639450,2018,7,28,"2018-07-28","16:45:00",3,"OK",40,0,1,0,0,0,0,35.3373,-96.4579,35.3373,-96.4579,0,0,0,0,0,133,0,0,0
639451,2018,7,28,"2018-07-28","17:00:00",3,"WY",56,0,1,0,0,0,0,43.68,-105.97,43.68,-105.97,0,0,0,0,0,5,0,0,0
639452,2018,7,28,"2018-07-28","17:15:00",3,"MT",30,0,1,0,0,0,0,45.74,-109.59,45.74,-109.59,0,0,0,0,0,97,0,0,0
639453,2018,7,28,"2018-07-28","17:19:00",3,"MT",30,0,1,0,0,0,0,45.62,-109.1,45.62,-109.1,0,0,0,0,0,95,0,0,0
639454,2018,7,28,"2018-07-28","17:23:00",3,"MT",30,0,1.25,0,0,0,0,45.67,-109.47,45.67,-109.47,0,0,0,0,0,95,0,0,0
639455,2018,7,28,"2018-07-28","17:42:00",3,"NE",31,0,2.75,0,0,0,0,41.23,-103.66,41.23,-103.66,0,0,0,0,0,105,0,0,0
639456,2018,7,28,"2018-07-28","18:08:00",3,"WY",56,0,1.75,0,0,0,0,42.6867,-106.5151,42.6867,-106.5151,0,0,0,0,0,25,0,0,0
639457,2018,7,28,"2018-07-28","18:18:00",3,"CO",8,0,0.88,0,0,0,0,39.3017,-102.6049,39.3017,-102.6049,0,0,0,0,0,63,0,0,0
639458,2018,7,28,"2018-07-28","18:27:00",3,"NE",31,0,1,0,0,0,0,42.11,-102.62,42.11,-102.62,0,0,0,0,0,161,0,0,0
639459,2018,7,28,"2018-07-28","18:29:00",3,"NE",31,0,2,0,0,0,0,41.41,-102.34,41.41,-102.34,0,0,0,0,0,69,0,0,0
639460,2018,7,28,"2018-07-28","18:30:00",3,"NE",31,0,3,0,0,0,0,41.41,-102.34,41.41,-102.34,0,0,0,0,0,69,0,0,0
639461,2018,7,28,"2018-07-28","18:53:00",3,"CO",8,0,2.75,0,0,0,0,40.68,-103.35,40.68,-103.35,0,0,0,0,0,75,0,0,0
639462,2018,7,28,"2018-07-28","19:05:00",3,"CO",8,0,1,0,0,0,0,39.8389,-102.3469,39.8389,-102.3469,0,0,0,0,0,125,0,0,0
639463,2018,7,28,"2018-07-28","19:08:00",3,"CO",8,0,1.25,0,0,0,0,40.66,-103.28,40.66,-103.28,0,0,0,0,0,75,0,0,0
639464,2018,7,28,"2018-07-28","19:10:00",3,"CO",8,0,1.5,0,0,0,0,40.65,-103.19,40.65,-103.19,0,0,0,0,0,75,0,0,0
639465,2018,7,28,"2018-07-28","19:13:00",3,"CO",8,0,1.75,0,0,0,0,40.62,-103.27,40.62,-103.27,0,0,0,0,0,75,0,0,0
639466,2018,7,28,"2018-07-28","19:13:00",3,"CO",8,0,1.5,0,0,0,0,40.63,-103.21,40.63,-103.21,0,0,0,0,0,75,0,0,0
639467,2018,7,28,"2018-07-28","19:15:00",3,"CO",8,0,1,0,0,0,0,40.11,-102.49,40.11,-102.49,0,0,0,0,0,125,0,0,0
639468,2018,7,28,"2018-07-28","19:17:00",3,"CO",8,0,1.75,0,0,0,0,40.62,-103.21,40.62,-103.21,0,0,0,0,0,75,0,0,0
639469,2018,7,28,"2018-07-28","19:29:00",3,"NE",31,0,2,0,0,0,0,41.41,-102.34,41.41,-102.34,0,0,0,0,0,69,0,0,0
639470,2018,7,28,"2018-07-28","19:30:00",3,"NE",31,0,3,0,0,0,0,41.41,-102.34,41.41,-102.34,0,0,0,0,0,69,0,0,0
639471,2018,7,28,"2018-07-28","19:45:00",3,"NE",31,0,1.75,0,0,0,0,41.29,-102.34,41.29,-102.34,0,0,0,0,0,69,0,0,0
639472,2018,7,28,"2018-07-28","19:46:00",3,"NE",31,0,2,0,0,0,0,41.28,-102.34,41.28,-102.34,0,0,0,0,0,69,0,0,0
639473,2018,7,28,"2018-07-28","19:56:00",3,"NE",31,0,2.75,0,0,0,0,41.06,-102.27,41.06,-102.27,0,0,0,0,0,49,0,0,0
639474,2018,7,28,"2018-07-28","20:00:00",3,"NE",31,0,1,0,0,0,0,41.6921,-98.8067,41.6921,-98.8067,0,0,0,0,0,175,0,0,0
639475,2018,7,28,"2018-07-28","20:01:00",3,"CO",8,0,2,0,0,0,0,40.99,-102.26,40.99,-102.26,0,0,0,0,0,115,0,0,0
639476,2018,7,28,"2018-07-28","20:04:00",3,"CO",8,0,1.25,0,0,0,0,40.99,-102.27,40.99,-102.27,0,0,0,0,0,115,0,0,0
639477,2018,7,28,"2018-07-28","20:08:00",3,"KS",20,0,1,0,0,0,0,39.5114,-101.5732,39.5114,-101.5732,0,0,0,0,0,181,0,0,0
639478,2018,7,28,"2018-07-28","20:09:00",3,"CO",8,0,2.75,0,0,0,0,40.98,-102.25,40.98,-102.25,0,0,0,0,0,115,0,0,0
639479,2018,7,28,"2018-07-28","20:16:00",3,"CO",8,0,2.5,0,0,0,0,40.88,-102.19,40.88,-102.19,0,0,0,0,0,115,0,0,0
639480,2018,7,28,"2018-07-28","20:32:00",3,"NE",31,0,2.75,0,0,0,0,40.75,-102.04,40.75,-102.04,0,0,0,0,0,135,0,0,0
639481,2018,7,28,"2018-07-28","20:35:00",3,"CO",8,0,2.75,0,0,0,0,40.74,-102.08,40.74,-102.08,0,0,0,0,0,95,0,0,0
639482,2018,7,28,"2018-07-28","20:36:00",3,"CO",8,0,2.5,0,0,0,0,40.73,-102.09,40.73,-102.09,0,0,0,0,0,95,0,0,0
639483,2018,7,28,"2018-07-28","20:37:00",3,"NE",31,0,1.5,0,0,1e+05,3e+06,41.499,-98.72,41.47,-98.72,0,0,0,0,0,77,0,0,0
639484,2018,7,28,"2018-07-28","21:52:00",3,"NE",31,0,1.75,0,0,75000,3e+06,40.9869,-98.3133,40.9869,-98.3133,0,0,0,0,0,79,0,0,0
639485,2018,7,28,"2018-07-28","22:28:00",3,"NE",31,0,1,0,0,0,0,40.78,-98.15,40.78,-98.15,0,0,0,0,0,81,0,0,0
639486,2018,7,29,"2018-07-29","00:15:00",3,"KS",20,0,1.75,0,0,0,0,39.0312,-100.4799,39.0312,-100.4799,0,0,0,0,0,63,0,0,0
639487,2018,7,29,"2018-07-29","11:45:00",3,"MI",26,0,0.88,0,0,0,0,46.33,-84.6,46.33,-84.6,0,0,0,0,0,33,0,0,0
639488,2018,7,29,"2018-07-29","13:23:00",3,"WY",56,0,1.75,0,0,0,0,41.76,-104.59,41.76,-104.59,0,0,0,0,0,15,0,0,0
639489,2018,7,29,"2018-07-29","13:25:00",3,"WY",56,0,1,0,0,0,0,41.76,-104.82,41.76,-104.82,0,0,0,0,0,31,0,0,0
639490,2018,7,29,"2018-07-29","13:30:00",3,"SD",46,0,1,0,0,0,0,43.55,-103.48,43.55,-103.48,0,0,0,0,0,33,0,0,0
639491,2018,7,29,"2018-07-29","13:33:00",3,"WY",56,0,1,0,0,0,0,41.9784,-105.0464,41.9784,-105.0464,0,0,0,0,0,31,0,0,0
639492,2018,7,29,"2018-07-29","13:50:00",3,"WY",56,0,1,0,0,0,0,41.4442,-104.3442,41.4442,-104.3442,0,0,0,0,0,21,0,0,0
639493,2018,7,29,"2018-07-29","13:55:00",3,"WY",56,0,2,0,0,0,0,41.4979,-104.35,41.4979,-104.35,0,0,0,0,0,21,0,0,0
639494,2018,7,29,"2018-07-29","14:05:00",3,"WY",56,0,1.75,0,0,0,0,41.4179,-104.0984,41.4179,-104.0984,0,0,0,0,0,21,0,0,0
639495,2018,7,29,"2018-07-29","14:06:00",3,"WY",56,0,1,0,0,0,0,41.76,-104.9558,41.76,-104.9558,0,0,0,0,0,31,0,0,0
639496,2018,7,29,"2018-07-29","14:10:00",3,"SD",46,0,1.25,0,0,0,0,43.4366,-102.1248,43.4366,-102.1248,0,0,0,0,0,102,0,0,0
639497,2018,7,29,"2018-07-29","14:10:00",3,"SD",46,0,2,0,0,0,0,43.42,-102.18,43.42,-102.18,0,0,0,0,0,102,0,0,0
639498,2018,7,29,"2018-07-29","14:10:00",3,"MI",26,0,0.88,0,0,0,0,44.91,-84.38,44.91,-84.38,0,0,0,0,0,137,0,0,0
639499,2018,7,29,"2018-07-29","14:15:00",3,"WY",56,0,1.75,0,0,0,0,41.76,-104.8006,41.76,-104.8006,0,0,0,0,0,31,0,0,0
639500,2018,7,29,"2018-07-29","14:20:00",3,"WY",56,0,1.5,0,0,0,0,41.76,-104.96,41.76,-104.96,0,0,0,0,0,31,0,0,0
639501,2018,7,29,"2018-07-29","14:20:00",3,"WY",56,0,1.75,0,0,0,0,41.76,-104.6842,41.76,-104.6842,0,0,0,0,0,31,0,0,0
639502,2018,7,29,"2018-07-29","14:40:00",3,"SD",46,0,1,0,0,0,0,43.09,-103.06,43.09,-103.06,0,0,0,0,0,47,0,0,0
639503,2018,7,29,"2018-07-29","14:40:00",3,"SD",46,0,1.75,0,0,0,0,44.5479,-103.86,44.5479,-103.86,0,0,0,0,0,81,0,0,0
639504,2018,7,29,"2018-07-29","14:40:00",3,"WY",56,0,1.25,0,0,0,0,41.2847,-104.82,41.2847,-104.82,0,0,0,0,0,21,0,0,0
639505,2018,7,29,"2018-07-29","14:42:00",3,"WY",56,0,1.75,0,0,0,0,41.247,-104.7611,41.247,-104.7611,0,0,0,0,0,21,0,0,0
639506,2018,7,29,"2018-07-29","14:45:00",3,"WY",56,0,1,0,0,0,0,41.19,-104.85,41.19,-104.85,0,0,0,0,0,21,0,0,0
639507,2018,7,29,"2018-07-29","14:45:00",3,"WY",56,0,1.75,0,0,0,0,41.2847,-104.82,41.2847,-104.82,0,0,0,0,0,21,0,0,0
639508,2018,7,29,"2018-07-29","14:50:00",3,"WY",56,0,1,0,0,0,0,41.1809,-104.8744,41.1809,-104.8744,0,0,0,0,0,21,0,0,0
639509,2018,7,29,"2018-07-29","14:55:00",3,"SD",46,0,1,0,0,0,0,44.46,-103.7414,44.46,-103.7414,0,0,0,0,0,81,0,0,0
639510,2018,7,29,"2018-07-29","14:59:00",3,"WY",56,0,2,0,0,0,0,41.1809,-104.7656,41.1809,-104.7656,0,0,0,0,0,21,0,0,0
639511,2018,7,29,"2018-07-29","15:00:00",3,"WY",56,0,1.5,0,0,0,0,41.2,-104.72,41.2,-104.72,0,0,0,0,0,21,0,0,0
639512,2018,7,29,"2018-07-29","15:02:00",3,"WY",56,0,1.75,0,0,0,0,41.14,-104.7239,41.14,-104.7239,0,0,0,0,0,21,0,0,0
639513,2018,7,29,"2018-07-29","15:04:00",3,"WY",56,0,1.25,0,0,0,0,41.15,-104.72,41.15,-104.72,0,0,0,0,0,21,0,0,0
639514,2018,7,29,"2018-07-29","15:06:00",3,"WY",56,0,1.5,0,0,0,0,41.15,-104.72,41.15,-104.72,0,0,0,0,0,21,0,0,0
639515,2018,7,29,"2018-07-29","15:06:00",3,"WY",56,0,1.75,0,0,0,0,41.14,-104.7431,41.14,-104.7431,0,0,0,0,0,21,0,0,0
639516,2018,7,29,"2018-07-29","15:07:00",3,"WY",56,0,1.75,0,0,0,0,41.16,-104.76,41.16,-104.76,0,0,0,0,0,21,0,0,0
639517,2018,7,29,"2018-07-29","15:15:00",3,"SD",46,0,1,0,0,0,0,44.28,-103.7,44.28,-103.7,0,0,0,0,0,81,0,0,0
639518,2018,7,29,"2018-07-29","15:15:00",3,"WY",56,0,1.75,0,0,0,0,41.14,-104.7816,41.14,-104.7816,0,0,0,0,0,21,0,0,0
639519,2018,7,29,"2018-07-29","15:28:00",3,"SD",46,0,1,0,0,0,0,44.2,-103.65,44.2,-103.65,0,0,0,0,0,81,0,0,0
639520,2018,7,29,"2018-07-29","15:29:00",3,"CO",8,0,1.75,0,0,0,0,40.85,-104.04,40.85,-104.04,0,0,0,0,0,123,0,0,0
639521,2018,7,29,"2018-07-29","15:36:00",3,"ND",38,0,1,0,0,0,0,47.65,-100.26,47.65,-100.26,0,0,0,0,0,83,0,0,0
639522,2018,7,29,"2018-07-29","15:40:00",3,"SD",46,0,0.88,0,0,0,0,44.0755,-103.4986,44.0755,-103.4986,0,0,0,0,0,103,0,0,0
639523,2018,7,29,"2018-07-29","15:47:00",3,"CO",8,0,2.5,0,0,0,0,40.75,-104.03,40.75,-104.03,0,0,0,0,0,123,0,0,0
639524,2018,7,29,"2018-07-29","16:08:00",3,"CO",8,0,1.25,0,0,0,0,38.68,-104.76,38.68,-104.76,0,0,0,0,0,41,0,0,0
639525,2018,7,29,"2018-07-29","16:15:00",3,"NV",32,0,1,0,0,0,0,36.1326,-115.4241,36.1326,-115.4241,0,0,0,0,0,3,0,0,0
639526,2018,7,29,"2018-07-29","16:32:00",3,"NV",32,0,0.88,0,0,0,0,36.035,-115.3587,36.035,-115.3587,0,0,0,0,0,3,0,0,0
639527,2018,7,29,"2018-07-29","17:32:00",3,"CO",8,0,2,0,0,0,0,39.57,-103.56,39.57,-103.56,0,0,0,0,0,121,0,0,0
639528,2018,7,29,"2018-07-29","17:35:00",3,"MN",27,0,1,0,0,0,0,47.93,-96.5,47.93,-96.5,0,0,0,0,0,119,0,0,0
639529,2018,7,29,"2018-07-29","17:35:00",3,"WY",56,0,0.88,0,0,0,0,41.42,-105.94,41.42,-105.94,0,0,0,0,0,1,0,0,0
639530,2018,7,29,"2018-07-29","17:40:00",3,"CO",8,0,1.75,0,0,0,0,39.95,-103.22,39.95,-103.22,0,0,0,0,0,121,0,0,0
639531,2018,7,29,"2018-07-29","17:45:00",3,"CO",8,0,1,0,0,0,0,37.96,-105.58,37.96,-105.58,0,0,0,0,0,109,0,0,0
639532,2018,7,29,"2018-07-29","17:52:00",3,"WY",56,0,1.75,0,0,0,0,41.1363,-105.59,41.1363,-105.59,0,0,0,0,0,1,0,0,0
639533,2018,7,29,"2018-07-29","18:00:00",3,"CO",8,0,2.5,0,0,0,0,40.95,-105.35,40.95,-105.35,0,0,0,0,0,69,0,0,0
639534,2018,7,29,"2018-07-29","18:03:00",3,"CO",8,0,1.75,0,0,0,0,39.3744,-103.08,39.3744,-103.08,0,0,0,0,0,63,0,0,0
639535,2018,7,29,"2018-07-29","18:05:00",3,"CO",8,0,2.75,0,0,0,0,39.64,-103.03,39.64,-103.03,0,0,0,0,0,121,0,0,0
639536,2018,7,29,"2018-07-29","18:05:00",3,"SD",46,0,1,0,0,0,0,43.38,-103.96,43.38,-103.96,0,0,0,0,0,47,0,0,0
639537,2018,7,29,"2018-07-29","18:10:00",3,"CO",8,0,1.75,0,0,0,0,39.2979,-102.9833,39.2979,-102.9833,0,0,0,0,0,63,0,0,0
639538,2018,7,29,"2018-07-29","18:10:00",3,"CO",8,0,2.75,0,0,0,0,39.3,-103.07,39.3,-103.07,0,0,0,0,0,63,0,0,0
639539,2018,7,29,"2018-07-29","18:15:00",3,"CO",8,0,2,0,0,0,0,39.3,-102.87,39.3,-102.87,0,0,0,0,0,63,0,0,0
639540,2018,7,29,"2018-07-29","18:22:00",3,"CO",8,0,1,0,0,0,0,40.99,-105.23,40.99,-105.23,0,0,0,0,0,69,0,0,0
639541,2018,7,29,"2018-07-29","18:45:00",3,"NE",31,0,2,0,0,0,0,41.4,-99.35,41.4,-99.35,0,0,0,0,0,41,0,0,0
639542,2018,7,29,"2018-07-29","18:48:00",3,"CO",8,0,2.75,0,0,0,0,38.9644,-102.7982,38.9644,-102.7982,0,0,0,0,0,17,0,0,0
639543,2018,7,29,"2018-07-29","18:49:00",3,"CO",8,0,1,0,0,0,0,40.8,-105.23,40.8,-105.23,0,0,0,0,0,69,0,0,0
639544,2018,7,29,"2018-07-29","18:51:00",3,"CO",8,0,1,0,0,0,0,40.69,-105.01,40.69,-105.01,0,0,0,0,0,69,0,0,0
639545,2018,7,29,"2018-07-29","18:52:00",3,"CO",8,0,1.75,0,0,0,0,39.45,-103.68,39.45,-103.68,0,0,0,0,0,73,0,0,0
639546,2018,7,29,"2018-07-29","18:55:00",3,"CO",8,0,1.5,0,0,1000,0,38.8868,-102.7229,38.8868,-102.7229,0,0,0,0,0,17,0,0,0
639547,2018,7,29,"2018-07-29","18:56:00",3,"CO",8,0,1,0,0,0,0,40.71,-105.02,40.71,-105.02,0,0,0,0,0,69,0,0,0
639548,2018,7,29,"2018-07-29","18:59:00",3,"NE",31,0,1,0,0,0,0,41.32,-99.29,41.32,-99.29,0,0,0,0,0,41,0,0,0
639549,2018,7,29,"2018-07-29","19:01:00",3,"CO",8,0,2.75,0,0,0,0,38.764,-102.7944,38.764,-102.7944,0,0,0,0,0,17,0,0,0
639550,2018,7,29,"2018-07-29","19:07:00",3,"CO",8,0,1,0,0,0,0,40.52,-105.17,40.52,-105.17,0,0,0,0,0,69,0,0,0
639551,2018,7,29,"2018-07-29","19:08:00",3,"CO",8,0,1,0,0,0,0,40.56,-105.07,40.56,-105.07,0,0,0,0,0,69,0,0,0
639552,2018,7,29,"2018-07-29","19:14:00",3,"CO",8,0,1,0,0,0,0,40.6,-105.07,40.6,-105.07,0,0,0,0,0,69,0,0,0
639553,2018,7,29,"2018-07-29","19:15:00",3,"CO",8,0,1.75,0,0,0,0,40.56,-105.01,40.56,-105.01,0,0,0,0,0,69,0,0,0
639554,2018,7,29,"2018-07-29","19:15:00",3,"CO",8,0,1.25,0,0,0,0,40.39,-104.71,40.39,-104.71,0,0,0,0,0,123,0,0,0
639555,2018,7,29,"2018-07-29","19:18:00",3,"CO",8,0,1.5,0,0,0,0,40.43,-104.74,40.43,-104.74,0,0,0,0,0,123,0,0,0
639556,2018,7,29,"2018-07-29","19:21:00",3,"CO",8,0,1,0,0,0,0,40.41,-104.8,40.41,-104.8,0,0,0,0,0,123,0,0,0
639557,2018,7,29,"2018-07-29","19:22:00",3,"CO",8,0,1.75,0,0,0,0,40.43,-104.76,40.43,-104.76,0,0,0,0,0,123,0,0,0
639558,2018,7,29,"2018-07-29","19:25:00",3,"CO",8,0,1,0,0,0,0,38.59,-102.44,38.59,-102.44,0,0,0,0,0,61,0,0,0
639559,2018,7,29,"2018-07-29","19:26:00",3,"CO",8,0,2,0,0,0,0,40.38,-104.7,40.38,-104.7,0,0,0,0,0,123,0,0,0
639560,2018,7,29,"2018-07-29","19:30:00",3,"CO",8,0,3,0,0,0,0,38.36,-102.53,38.36,-102.53,0,0,0,0,0,61,0,0,0
639561,2018,7,29,"2018-07-29","19:32:00",3,"NE",31,0,1,0,0,0,0,41.07,-99.97,41.07,-99.97,0,0,0,0,0,41,0,0,0
639562,2018,7,29,"2018-07-29","19:37:00",3,"CO",8,0,1.25,0,0,0,0,40.26,-104.6,40.26,-104.6,0,0,0,0,0,123,0,0,0
639563,2018,7,29,"2018-07-29","19:39:00",3,"CO",8,0,1.5,0,0,0,0,38.47,-102.33,38.47,-102.33,0,0,0,0,0,61,0,0,0
639564,2018,7,29,"2018-07-29","19:40:00",3,"CO",8,0,1,0,0,0,0,39.41,-104.24,39.41,-104.24,0,0,0,0,0,39,0,0,0
639565,2018,7,29,"2018-07-29","19:53:00",3,"CO",8,0,1,0,0,0,0,40.34,-104.65,40.34,-104.65,0,0,0,0,0,123,0,0,0
639566,2018,7,29,"2018-07-29","20:04:00",3,"CO",8,0,1.5,0,0,0,0,38.12,-102.32,38.12,-102.32,0,0,0,0,0,99,0,0,0
639567,2018,7,29,"2018-07-29","20:04:00",3,"CO",8,0,2.75,0,0,0,0,38.13,-102.31,38.13,-102.31,0,0,0,0,0,99,0,0,0
639568,2018,7,29,"2018-07-29","20:08:00",3,"CO",8,0,1.25,0,0,0,0,38.06,-102.31,38.06,-102.31,0,0,0,0,0,99,0,0,0
639569,2018,7,29,"2018-07-29","20:08:00",3,"CO",8,0,2,0,0,0,0,38.07,-102.31,38.07,-102.31,0,0,0,0,0,99,0,0,0
639570,2018,7,29,"2018-07-29","20:10:00",3,"CO",8,0,1.25,0,0,0,0,39.8,-104.42,39.8,-104.42,0,0,0,0,0,1,0,0,0
639571,2018,7,29,"2018-07-29","20:11:00",3,"CO",8,0,1.75,0,0,0,0,39.76,-104.42,39.76,-104.42,0,0,0,0,0,1,0,0,0
639572,2018,7,29,"2018-07-29","20:12:00",3,"CO",8,0,1.75,0,0,0,0,39.73,-104.4,39.73,-104.4,0,0,0,0,0,5,0,0,0
639573,2018,7,29,"2018-07-29","20:15:00",3,"CO",8,0,2.5,0,0,0,0,39.75,-104.33,39.75,-104.33,0,0,0,0,0,1,0,0,0
639574,2018,7,29,"2018-07-29","20:16:00",3,"CO",8,0,1.5,0,0,0,0,39.75,-104.29,39.75,-104.29,0,0,0,0,0,1,0,0,0
639575,2018,7,29,"2018-07-29","20:18:00",3,"CO",8,0,1.75,0,0,0,0,39.73,-104.32,39.73,-104.32,0,0,0,0,0,5,0,0,0
639576,2018,7,29,"2018-07-29","20:19:00",3,"CO",8,0,2,0,0,0,0,39.76,-104.33,39.76,-104.33,0,0,0,0,0,1,0,0,0
639577,2018,7,29,"2018-07-29","20:25:00",3,"CO",8,0,1.75,0,0,0,0,37.9,-102.12,37.9,-102.12,0,0,0,0,0,99,0,0,0
639578,2018,7,29,"2018-07-29","20:45:00",3,"CO",8,0,1.5,0,0,0,0,39.21,-104.29,39.21,-104.29,0,0,0,0,0,39,0,0,0
639579,2018,7,29,"2018-07-29","20:45:00",3,"CO",8,0,2,0,0,0,0,39.45,-104.4,39.45,-104.4,0,0,0,0,0,39,0,0,0
639580,2018,7,29,"2018-07-29","21:00:00",3,"KS",20,0,1.75,0,0,0,0,37.53,-101.88,37.53,-101.88,0,0,0,0,0,187,0,0,0
639581,2018,7,29,"2018-07-29","21:00:00",3,"KS",20,0,2.5,0,0,0,0,37.52,-101.88,37.52,-101.88,0,0,0,0,0,187,0,0,0
639582,2018,7,29,"2018-07-29","21:05:00",3,"CO",8,0,2,0,0,0,0,39.03,-104.17,39.03,-104.17,0,0,0,0,0,41,0,0,0
639583,2018,7,29,"2018-07-29","21:09:00",3,"CO",8,0,2,0,0,0,0,39.12,-104.15,39.12,-104.15,0,0,0,0,0,41,0,0,0
639584,2018,7,29,"2018-07-29","21:15:00",3,"CO",8,0,1,0,0,0,0,38.95,-104.22,38.95,-104.22,0,0,0,0,0,41,0,0,0
639585,2018,7,29,"2018-07-29","21:38:00",3,"KS",20,0,1.75,0,0,0,0,37.29,-101.52,37.29,-101.52,0,0,0,0,0,189,0,0,0
639586,2018,7,29,"2018-07-29","21:42:00",3,"KS",20,0,1.25,0,0,0,0,37.26,-101.58,37.26,-101.58,0,0,0,0,0,129,0,0,0
639587,2018,7,29,"2018-07-29","22:30:00",3,"CO",8,0,2,0,0,0,0,38.13,-104.02,38.13,-104.02,0,0,0,0,0,89,0,0,0
639588,2018,7,29,"2018-07-29","22:33:00",3,"CO",8,0,2,0,0,0,0,38.13,-104.02,38.13,-104.02,0,0,0,0,0,89,0,0,0
639589,2018,7,29,"2018-07-29","22:35:00",3,"CO",8,0,1.25,0,0,0,0,38.13,-104.02,38.13,-104.02,0,0,0,0,0,89,0,0,0
639590,2018,7,30,"2018-07-30","12:50:00",3,"WI",55,0,0.75,0,0,0,0,44.34,-87.83,44.34,-87.83,0,0,0,0,0,9,0,0,0
639591,2018,7,30,"2018-07-30","16:19:00",3,"SD",46,0,0.88,0,0,0,0,43.54,-97.04,43.54,-97.04,0,0,0,0,0,99,0,0,0
639592,2018,7,30,"2018-07-30","17:10:00",3,"NM",35,0,1,0,0,0,0,32.9024,-104.4,32.9024,-104.4,0,0,0,0,0,15,0,0,0
639593,2018,7,30,"2018-07-30","18:03:00",3,"AZ",4,0,0.75,0,0,0,0,35.2055,-114.0336,35.2395,-114.0551,0,0,0,0,0,15,0,0,0
639594,2018,7,30,"2018-07-30","18:30:00",3,"NM",35,0,0.88,0,0,0,0,35.37,-106.57,35.37,-106.57,0,0,0,0,0,43,0,0,0
639595,2018,7,30,"2018-07-30","18:38:00",3,"KS",20,0,2,0,0,0,0,37.44,-98.83,37.44,-98.83,0,0,0,0,0,7,0,0,0
639596,2018,7,30,"2018-07-30","18:42:00",3,"KS",20,0,1.75,0,0,0,0,37.42,-98.81,37.42,-98.81,0,0,0,0,0,7,0,0,0
639597,2018,7,30,"2018-07-30","19:12:00",3,"NM",35,0,0.88,0,0,0,0,35.11,-106.54,35.11,-106.54,0,0,0,0,0,1,0,0,0
639598,2018,7,30,"2018-07-30","19:40:00",3,"NM",35,0,1,0,0,0,0,35.27,-106.66,35.27,-106.66,0,0,0,0,0,43,0,0,0
639599,2018,7,30,"2018-07-30","20:20:00",3,"NM",35,0,1.25,0,0,1e+05,0,35.0945,-106.612,35.0945,-106.612,0,0,0,0,0,1,0,0,0
639600,2018,7,30,"2018-07-30","20:20:00",3,"NM",35,0,1,0,0,1e+05,0,35.101,-106.5924,35.101,-106.5924,0,0,0,0,0,1,0,0,0
639601,2018,7,30,"2018-07-30","20:23:00",3,"NM",35,0,1.5,1,0,4e+05,0,35.0873,-106.6043,35.0873,-106.6043,0,0,0,0,0,1,0,0,0
639602,2018,7,30,"2018-07-30","20:28:00",3,"NM",35,0,0.88,0,0,0,0,35.059,-106.5783,35.059,-106.5783,0,0,0,0,0,1,0,0,0
639603,2018,7,30,"2018-07-30","20:28:00",3,"NM",35,0,1,0,0,1e+05,0,35.0868,-106.6044,35.0868,-106.6044,0,0,0,0,0,1,0,0,0
639604,2018,7,30,"2018-07-30","20:30:00",3,"NM",35,0,0.75,0,0,0,0,35.0376,-106.6221,35.0376,-106.6221,0,0,0,0,0,1,0,0,0
639605,2018,7,30,"2018-07-30","20:32:00",3,"NM",35,0,1,0,0,1e+05,0,35.0691,-106.6142,35.0691,-106.6142,0,0,0,0,0,1,0,0,0
639606,2018,7,31,"2018-07-31","00:10:00",3,"TX",48,0,1.75,0,0,0,0,32,-101.92,32,-101.92,0,0,0,0,0,329,0,0,0
639607,2018,7,31,"2018-07-31","12:42:00",3,"MS",28,0,2.5,0,0,10000,0,32.31,-89.17,32.31,-89.17,0,0,0,0,0,101,0,0,0
639608,2018,7,31,"2018-07-31","14:12:00",3,"MO",29,0,1,0,0,0,0,36.95,-89.92,36.9669,-89.8854,0,0,0,0,0,207,0,0,0
639609,2018,7,31,"2018-07-31","16:44:00",3,"NM",35,0,2,0,0,0,0,36.19,-106.56,36.19,-106.56,0,0,0,0,0,39,0,0,0
639610,2018,7,31,"2018-07-31","17:40:00",3,"NM",35,0,0.75,0,0,0,0,36.2,-106.56,36.2,-106.56,0,0,0,0,0,39,0,0,0
639611,2018,7,31,"2018-07-31","17:41:00",3,"MN",27,0,1,0,0,0,0,47.73,-95.13,47.73,-95.13,0,0,0,0,0,7,0,0,0
639612,2018,7,31,"2018-07-31","17:41:00",3,"MN",27,0,1,0,0,0,0,47.74,-95.27,47.74,-95.27,0,0,0,0,0,29,0,0,0
639613,2018,7,31,"2018-07-31","17:45:00",3,"NM",35,0,1.75,0,0,0,0,36.1909,-106.4457,36.1909,-106.4457,0,0,0,0,0,39,0,0,0
639614,2018,7,31,"2018-07-31","17:57:00",3,"NM",35,0,1,0,0,0,0,35.91,-105.25,35.91,-105.25,0,0,0,0,0,33,0,0,0
639615,2018,7,31,"2018-07-31","18:07:00",3,"MN",27,0,1,0,0,0,0,47.65,-95.27,47.65,-95.27,0,0,0,0,0,29,0,0,0
639616,2018,7,31,"2018-07-31","18:30:00",3,"MN",27,0,0.88,0,0,0,0,47.02,-96.75,47.02,-96.75,0,0,0,0,0,27,0,0,0
639617,2018,7,31,"2018-07-31","18:40:00",3,"NM",35,0,1,0,0,25000,0,33.64,-105.88,33.64,-105.88,0,0,0,0,0,27,0,0,0
639618,2018,7,31,"2018-07-31","18:50:00",3,"NM",35,0,1,0,0,0,0,35.83,-105.42,35.83,-105.42,0,0,0,0,0,47,0,0,0
639619,2018,7,31,"2018-07-31","18:50:00",3,"NM",35,0,1,0,0,0,0,35.87,-106.64,35.87,-106.64,0,0,0,0,0,43,0,0,0
639620,2018,7,31,"2018-07-31","19:20:00",3,"NM",35,0,1,0,0,0,0,35.64,-105.44,35.64,-105.44,0,0,0,0,0,47,0,0,0
639621,2018,7,31,"2018-07-31","19:27:00",3,"NM",35,0,1.75,0,0,5e+05,0,35.71,-106.72,35.71,-106.72,0,0,0,0,0,43,0,0,0
639622,2018,7,31,"2018-07-31","20:05:00",3,"NM",35,0,1,0,0,0,0,35.505,-106.7229,35.505,-106.7229,0,0,0,0,0,43,0,0,0
639623,2018,7,31,"2018-07-31","20:32:00",3,"NM",35,0,1,0,0,0,0,35.31,-106.71,35.31,-106.71,0,0,0,0,0,43,0,0,0
639624,2018,7,31,"2018-07-31","20:35:00",3,"NM",35,0,1,0,0,0,0,35.27,-106.71,35.27,-106.71,0,0,0,0,0,43,0,0,0
639625,2018,7,31,"2018-07-31","20:41:00",3,"NM",35,0,0.88,0,0,0,0,35.27,-106.65,35.27,-106.65,0,0,0,0,0,43,0,0,0
639626,2018,7,31,"2018-07-31","21:53:00",3,"MN",27,0,1.75,0,0,0,0,46.74,-96.07,46.74,-96.07,0,0,0,0,0,5,0,0,0
638488,2018,7,1,"2018-07-01","11:16:00",3,"WI",55,0,1.75,0,0,0,0,44.62,-89.16,44.62,-89.16,0,0,0,0,0,135,0,0,0
638489,2018,7,1,"2018-07-01","11:30:00",3,"WI",55,0,1.75,0,0,0,0,44.63,-89.16,44.63,-89.16,0,0,0,0,0,135,0,0,0
638490,2018,7,1,"2018-07-01","11:45:00",3,"WI",55,0,1,0,0,0,0,45.18,-88.48,45.18,-88.48,0,0,0,0,0,83,0,0,0
638491,2018,7,1,"2018-07-01","11:50:00",3,"WI",55,0,1,0,0,0,0,45.18,-88.48,45.18,-88.48,0,0,0,0,0,83,0,0,0
638492,2018,7,1,"2018-07-01","12:15:00",3,"WI",55,0,1,0,0,0,0,45.29,-88.2022,45.29,-88.2022,0,0,0,0,0,75,0,0,0
638493,2018,7,1,"2018-07-01","18:36:00",3,"ND",38,0,1.75,0,0,0,0,47.76,-99.26,47.76,-99.26,0,0,0,0,0,27,0,0,0
638494,2018,7,1,"2018-07-01","18:50:00",3,"ND",38,0,1,0,0,0,0,47.72,-99.11,47.72,-99.11,0,0,0,0,0,27,0,0,0
638495,2018,7,2,"2018-07-02","13:52:00",3,"PA",42,0,1,0,0,0,0,40.48,-78.96,40.48,-78.96,0,0,0,0,0,63,0,0,0
638496,2018,7,2,"2018-07-02","16:05:00",3,"PA",42,0,1,0,0,500,500,40.76,-80.12,40.76,-80.12,0,0,0,0,0,19,0,0,0
638497,2018,7,2,"2018-07-02","17:26:00",3,"NE",31,0,2.75,0,0,0,0,41.45,-100.62,41.45,-100.62,0,0,0,0,0,113,0,0,0
638498,2018,7,2,"2018-07-02","17:35:00",3,"NE",31,0,1,0,0,0,0,41.48,-100.61,41.48,-100.61,0,0,0,0,0,113,0,0,0
638499,2018,7,2,"2018-07-02","18:10:00",3,"ND",38,0,1,0,0,0,0,46.61,-102.74,46.61,-102.74,0,0,0,0,0,41,0,0,0
638500,2018,7,2,"2018-07-02","18:16:00",3,"ND",38,0,1.25,0,0,5000,1e+05,46.62,-102.75,46.62,-102.75,0,0,0,0,0,41,0,0,0
638501,2018,7,2,"2018-07-02","18:35:00",3,"ND",38,0,1.25,0,0,0,0,46.57,-102.41,46.57,-102.41,0,0,0,0,0,41,0,0,0
638502,2018,7,2,"2018-07-02","18:44:00",3,"MT",30,0,1,0,0,0,0,45.59,-109.75,45.59,-109.75,0,0,0,0,0,97,0,0,0
638503,2018,7,2,"2018-07-02","18:57:00",3,"MT",30,0,1,0,0,0,0,45.53,-109.45,45.53,-109.45,0,0,0,0,0,95,0,0,0
638504,2018,7,2,"2018-07-02","19:00:00",3,"NE",31,0,1.25,0,0,0,0,41.48,-100.57,41.48,-100.57,0,0,0,0,0,113,0,0,0
638505,2018,7,2,"2018-07-02","19:01:00",3,"MT",30,0,1,0,0,0,0,45.52,-109.44,45.52,-109.44,0,0,0,0,0,95,0,0,0
638506,2018,7,2,"2018-07-02","19:05:00",3,"SD",46,0,1,0,0,0,0,44.74,-98.5,44.74,-98.5,0,0,0,0,0,115,0,0,0
638507,2018,7,2,"2018-07-02","19:15:00",3,"SD",46,0,1.25,0,0,0,0,44.74,-98.5,44.74,-98.5,0,0,0,0,0,115,0,0,0
638508,2018,7,2,"2018-07-02","19:20:00",3,"NE",31,0,1.75,0,0,0,0,41.48,-100.51,41.48,-100.51,0,0,0,0,0,113,0,0,0
638509,2018,7,2,"2018-07-02","19:34:00",3,"NE",31,0,1.75,0,0,0,0,41.51,-100.51,41.51,-100.51,0,0,0,0,0,113,0,0,0
638510,2018,7,2,"2018-07-02","19:35:00",3,"ND",38,0,1.75,0,0,250000,50000,46.4,-101.84,46.4,-101.84,0,0,0,0,0,37,0,0,0
638511,2018,7,2,"2018-07-02","19:40:00",3,"MT",30,0,0.75,0,0,0,0,46.2,-108,46.2,-108,0,0,0,0,0,111,0,0,0
638512,2018,7,2,"2018-07-02","19:47:00",3,"SD",46,0,1,0,0,0,0,45.82,-98.28,45.82,-98.28,0,0,0,0,0,13,0,0,0
638513,2018,7,2,"2018-07-02","19:50:00",3,"ND",38,0,1.75,0,0,75000,50000,46.36,-101.64,46.36,-101.64,0,0,0,0,0,37,0,0,0
638514,2018,7,2,"2018-07-02","20:02:00",3,"MT",30,0,1.5,0,0,0,0,45.64,-108.73,45.64,-108.73,0,0,0,0,0,111,0,0,0
638515,2018,7,2,"2018-07-02","20:05:00",3,"ND",38,0,2.75,0,0,0,0,46.11,-97.78,46.11,-97.78,0,0,0,0,0,81,0,0,0
638516,2018,7,2,"2018-07-02","20:05:00",3,"NE",31,0,1.75,0,0,0,0,41.55,-100.48,41.55,-100.48,0,0,0,0,0,113,0,0,0
638517,2018,7,2,"2018-07-02","20:05:00",3,"SD",46,0,0.88,0,0,0,0,44.62,-98.96,44.62,-98.96,0,0,0,0,0,59,0,0,0
638518,2018,7,2,"2018-07-02","20:12:00",3,"MT",30,0,0.88,0,0,0,0,45.61,-108.79,45.61,-108.79,0,0,0,0,0,111,0,0,0
638519,2018,7,2,"2018-07-02","20:14:00",3,"ND",38,0,1.5,0,0,0,0,46.14,-97.78,46.14,-97.78,0,0,0,0,0,81,0,0,0
638520,2018,7,2,"2018-07-02","20:25:00",3,"NE",31,0,1.25,0,0,0,0,41.58,-100.51,41.58,-100.51,0,0,0,0,0,113,0,0,0
638521,2018,7,2,"2018-07-02","20:29:00",3,"ND",38,0,1,0,0,0,0,46.3,-97.6,46.3,-97.6,0,0,0,0,0,73,0,0,0
638522,2018,7,2,"2018-07-02","20:30:00",3,"MT",30,0,0.88,0,0,0,0,45.63,-108.92,45.63,-108.92,0,0,0,0,0,95,0,0,0
638523,2018,7,2,"2018-07-02","20:32:00",3,"MT",30,0,1.75,0,0,0,0,46.21,-107.33,46.21,-107.33,0,0,0,0,0,103,0,0,0
638524,2018,7,2,"2018-07-02","20:40:00",3,"SD",46,0,1.5,0,0,0,0,44.65,-98.99,44.65,-98.99,0,0,0,0,0,59,0,0,0
638525,2018,7,2,"2018-07-02","20:44:00",3,"ND",38,0,1.25,0,0,0,0,46.4,-97.55,46.4,-97.55,0,0,0,0,0,73,0,0,0
638526,2018,7,2,"2018-07-02","20:55:00",3,"MT",30,0,1,0,0,0,0,46.28,-106.94,46.28,-106.94,0,0,0,0,0,87,0,0,0
638527,2018,7,2,"2018-07-02","21:00:00",3,"SD",46,0,0.88,0,0,0,0,44.72,-98.99,44.72,-98.99,0,0,0,0,0,59,0,0,0
638528,2018,7,2,"2018-07-02","21:04:00",3,"ND",38,0,1.75,0,0,0,0,46.74,-97.22,46.74,-97.22,0,0,0,0,0,17,0,0,0
638529,2018,7,2,"2018-07-02","21:04:00",3,"SD",46,0,1,0,0,0,0,44.73,-98.94,44.73,-98.94,0,0,0,0,0,59,0,0,0
638530,2018,7,2,"2018-07-02","21:09:00",3,"MT",30,0,1,0,0,0,0,46.27,-106.81,46.27,-106.81,0,0,0,0,0,87,0,0,0
638531,2018,7,2,"2018-07-02","21:09:00",3,"ND",38,0,1.25,0,0,0,0,46.84,-96.94,46.84,-96.94,0,0,0,0,0,17,0,0,0
638532,2018,7,2,"2018-07-02","21:14:00",3,"MT",30,0,1,0,0,0,0,46.26,-106.7,46.26,-106.7,0,0,0,0,0,87,0,0,0
638533,2018,7,2,"2018-07-02","21:16:00",3,"MT",30,0,1,0,0,0,0,45.64,-107.66,45.64,-107.66,0,0,0,0,0,3,0,0,0
638534,2018,7,2,"2018-07-02","21:19:00",3,"MT",30,0,1.5,0,0,0,0,46.27,-106.65,46.27,-106.65,0,0,0,0,0,87,0,0,0
638535,2018,7,2,"2018-07-02","21:20:00",3,"NE",31,0,1.5,0,0,0,0,41.35,-101.59,41.35,-101.59,0,0,0,0,0,101,0,0,0
638536,2018,7,2,"2018-07-02","21:22:00",3,"MN",27,0,1,0,0,0,0,46.9,-96.58,46.9,-96.58,0,0,0,0,0,27,0,0,0
638537,2018,7,2,"2018-07-02","21:26:00",3,"MT",30,0,0.75,0,0,0,0,46.34,-106.7,46.34,-106.7,0,0,0,0,0,87,0,0,0
638538,2018,7,2,"2018-07-02","21:27:00",3,"SD",46,0,1,0,0,0,0,44.73,-98.86,44.73,-98.86,0,0,0,0,0,59,0,0,0
638539,2018,7,2,"2018-07-02","21:34:00",3,"MT",30,0,1,0,0,0,0,46.42,-105.8,46.42,-105.8,0,0,0,0,0,17,0,0,0
638540,2018,7,2,"2018-07-02","21:38:00",3,"ND",38,0,1.5,0,0,0,0,46.96,-97.02,46.96,-97.02,0,0,0,0,0,17,0,0,0
638541,2018,7,2,"2018-07-02","21:40:00",3,"ND",38,0,1,0,0,0,0,46.98,-96.88,46.98,-96.88,0,0,0,0,0,17,0,0,0
638542,2018,7,2,"2018-07-02","21:42:00",3,"MT",30,0,0.88,0,0,0,0,46.41,-105.85,46.41,-105.85,0,0,0,0,0,17,0,0,0
638543,2018,7,2,"2018-07-02","21:45:00",3,"SD",46,0,1,0,0,0,0,44.69,-97.72,44.69,-97.72,0,0,0,0,0,25,0,0,0
638544,2018,7,2,"2018-07-02","21:50:00",3,"ND",38,0,1.75,0,0,0,0,47.05,-96.94,47.05,-96.94,0,0,0,0,0,17,0,0,0
638545,2018,7,2,"2018-07-02","22:00:00",3,"MT",30,0,1,0,0,0,0,45.54,-106.95,45.54,-106.95,0,0,0,0,0,3,0,0,0
638546,2018,7,2,"2018-07-02","22:04:00",3,"MN",27,0,1.25,0,0,0,0,47.18,-96.63,47.18,-96.63,0,0,0,0,0,107,0,0,0
638547,2018,7,2,"2018-07-02","22:04:00",3,"MN",27,0,1.75,0,0,0,0,47.67,-93.02,47.67,-93.02,0,0,0,0,0,137,0,0,0
638548,2018,7,2,"2018-07-02","22:08:00",3,"MN",27,0,1,0,0,0,0,47.18,-95.6,47.18,-95.6,0,0,0,0,0,87,0,0,0
638549,2018,7,2,"2018-07-02","22:09:00",3,"SD",46,0,0.88,0,0,0,0,44.73,-97.46,44.73,-97.46,0,0,0,0,0,57,0,0,0
638550,2018,7,2,"2018-07-02","22:25:00",3,"MT",30,0,1,0,0,0,0,45.62,-106.69,45.62,-106.69,0,0,0,0,0,87,0,0,0
638551,2018,7,2,"2018-07-02","22:30:00",3,"MT",30,0,1.5,0,0,0,0,46.27,-105.74,46.27,-105.74,0,0,0,0,0,17,0,0,0
638552,2018,7,2,"2018-07-02","22:32:00",3,"MN",27,0,0.75,0,0,0,0,47.93,-92.95,47.93,-92.95,0,0,0,0,0,137,0,0,0
638553,2018,7,2,"2018-07-02","22:40:00",3,"MT",30,0,1,0,0,0,0,46.4,-105.85,46.4,-105.85,0,0,0,0,0,17,0,0,0
638554,2018,7,2,"2018-07-02","22:44:00",3,"SD",46,0,2.5,0,0,0,0,44.73,-98.93,44.73,-98.93,0,0,0,0,0,59,0,0,0
638555,2018,7,2,"2018-07-02","22:50:00",3,"MN",27,0,1,0,0,0,0,47.47,-96.19,47.47,-96.19,0,0,0,0,0,107,0,0,0
638556,2018,7,2,"2018-07-02","23:04:00",3,"MT",30,0,1,0,0,0,0,46.58,-105.03,46.58,-105.03,0,0,0,0,0,79,0,0,0
638557,2018,7,2,"2018-07-02","23:39:00",3,"SD",46,0,1.75,0,0,0,0,44.92,-99.09,44.92,-99.09,0,0,0,0,0,49,0,0,0
638558,2018,7,2,"2018-07-02","23:40:00",3,"SD",46,0,1.5,0,0,0,0,44.9,-99.09,44.9,-99.09,0,0,0,0,0,49,0,0,0
638559,2018,7,2,"2018-07-02","23:40:00",3,"SD",46,0,1,0,0,0,0,44.75,-99.15,44.75,-99.15,0,0,0,0,0,59,0,0,0
638560,2018,7,2,"2018-07-02","23:53:00",3,"MT",30,0,1.5,0,0,0,0,46.41,-104.52,46.41,-104.52,0,0,0,0,0,25,0,0,0
638561,2018,7,3,"2018-07-03","00:00:00",3,"SD",46,0,1,0,0,0,0,44.74,-99.13,44.74,-99.13,0,0,0,0,0,59,0,0,0
638562,2018,7,3,"2018-07-03","01:00:00",3,"SD",46,0,1.5,0,0,0,0,44.8,-98.98,44.8,-98.98,0,0,0,0,0,59,0,0,0
638563,2018,7,3,"2018-07-03","01:33:00",3,"ND",38,0,1,0,0,0,0,46.18,-103.39,46.18,-103.39,0,0,0,0,0,11,0,0,0
638564,2018,7,3,"2018-07-03","02:00:00",3,"SD",46,0,1,0,0,0,0,45.23,-99.47,45.23,-99.47,0,0,0,0,0,49,0,0,0
638565,2018,7,3,"2018-07-03","05:19:00",3,"ND",38,0,1,0,0,0,0,46.22,-98.99,46.22,-98.99,0,0,0,0,0,21,0,0,0
638566,2018,7,3,"2018-07-03","09:01:00",3,"MN",27,0,1,0,0,0,0,43.75,-95.6,43.75,-95.6,0,0,0,0,0,105,0,0,0
638567,2018,7,3,"2018-07-03","11:26:00",3,"MN",27,0,1,0,0,0,0,44.41,-95.26,44.41,-95.26,0,0,0,0,0,127,0,0,0
638568,2018,7,3,"2018-07-03","12:26:00",3,"NJ",34,0,0.8,0,0,0,0,41,-73.97,41,-73.97,0,0,0,0,0,3,0,0,0
638569,2018,7,3,"2018-07-03","12:26:00",3,"NJ",34,0,0.88,0,0,0,0,41.05,-74.05,41.05,-74.05,0,0,0,0,0,3,0,0,0
638570,2018,7,3,"2018-07-03","12:29:00",3,"NJ",34,0,0.75,0,0,0,0,41.01,-74.01,41.01,-74.01,0,0,0,0,0,3,0,0,0
638571,2018,7,3,"2018-07-03","13:22:00",3,"NJ",34,0,0.88,0,0,0,0,41.05,-74.05,41.05,-74.05,0,0,0,0,0,3,0,0,0
638572,2018,7,3,"2018-07-03","13:25:00",3,"AR",5,0,1,0,0,0,0,34.06,-93.1,34.06,-93.1,0,0,0,0,0,19,0,0,0
638573,2018,7,3,"2018-07-03","16:20:00",3,"WY",56,0,1,0,0,0,0,43.42,-106.28,43.42,-106.25,0,0,0,0,0,25,0,0,0
638574,2018,7,3,"2018-07-03","16:30:00",3,"NJ",34,0,1,0,0,0,0,40.01,-74.95,40.01,-74.95,0,0,0,0,0,5,0,0,0
638575,2018,7,3,"2018-07-03","16:39:00",3,"WY",56,0,1,0,0,0,0,42.75,-104.79,42.75,-104.79,0,0,0,0,0,27,0,0,0
638576,2018,7,3,"2018-07-03","17:40:00",3,"GA",13,0,0.88,0,0,0,0,33.76,-82.4,33.76,-82.4,0,0,0,0,0,181,0,0,0
638577,2018,7,3,"2018-07-03","17:58:00",3,"WY",56,0,1.25,0,0,0,0,42.78,-104.62,42.78,-104.62,0,0,0,0,0,27,0,0,0
638578,2018,7,3,"2018-07-03","18:15:00",3,"SD",46,0,1,0,0,0,0,44.84,-99.11,44.84,-99.11,0,0,0,0,0,59,0,0,0
638579,2018,7,3,"2018-07-03","18:25:00",3,"SD",46,0,1,0,0,0,0,44.9,-99.09,44.9,-99.09,0,0,0,0,0,49,0,0,0
638580,2018,7,3,"2018-07-03","18:34:00",3,"SD",46,0,1,0,0,0,0,44.49,-104.0426,44.49,-104.0426,0,0,0,0,0,81,0,0,0
638581,2018,7,3,"2018-07-03","19:30:00",3,"SD",46,0,1.5,0,0,0,0,44.92,-99.09,44.92,-99.09,0,0,0,0,0,49,0,0,0
638582,2018,7,3,"2018-07-03","20:45:00",3,"SD",46,0,1,0,0,0,0,44.79,-99.07,44.79,-99.07,0,0,0,0,0,59,0,0,0
638583,2018,7,3,"2018-07-03","21:05:00",3,"SD",46,0,1.5,0,0,0,0,44.9,-99.09,44.9,-99.09,0,0,0,0,0,49,0,0,0
638584,2018,7,3,"2018-07-03","21:15:00",3,"SD",46,0,1,0,0,0,0,43.7977,-103.5074,43.7977,-103.5074,0,0,0,0,0,33,0,0,0
638585,2018,7,3,"2018-07-03","21:35:00",3,"SD",46,0,1.5,0,0,0,0,45.02,-99.24,45.02,-99.24,0,0,0,0,0,49,0,0,0
638586,2018,7,3,"2018-07-03","22:04:00",3,"ND",38,0,1,0,0,0,0,46.45,-101.68,46.45,-101.68,0,0,0,0,0,37,0,0,0
638587,2018,7,3,"2018-07-03","22:13:00",3,"SD",46,0,0.88,0,0,0,0,44.09,-102.84,44.09,-102.84,0,0,0,0,0,103,0,0,0
638588,2018,7,3,"2018-07-03","22:13:00",3,"SD",46,0,0.88,0,0,0,0,43.93,-103.58,43.93,-103.58,0,0,0,0,0,103,0,0,0
638589,2018,7,3,"2018-07-03","22:15:00",3,"SD",46,0,2,0,0,0,0,45.12,-99.25,45.12,-99.25,0,0,0,0,0,49,0,0,0
638590,2018,7,3,"2018-07-03","22:15:00",3,"MN",27,0,1,0,0,0,0,45.51,-96.43,45.51,-96.43,0,0,0,0,0,11,0,0,0
638591,2018,7,3,"2018-07-03","23:04:00",3,"ND",38,0,0.75,0,0,0,0,46.83,-100.9,46.83,-100.9,0,0,0,0,0,59,0,0,0
638592,2018,7,3,"2018-07-03","23:10:00",3,"ND",38,0,1,0,0,0,0,46.82,-100.79,46.82,-100.79,0,0,0,0,0,15,0,0,0
638593,2018,7,3,"2018-07-03","23:12:00",3,"ND",38,0,0.75,0,0,0,0,46.83,-100.78,46.83,-100.78,0,0,0,0,0,15,0,0,0
638594,2018,7,3,"2018-07-03","23:14:00",3,"ND",38,0,0.88,0,0,0,0,46.84,-100.72,46.84,-100.72,0,0,0,0,0,15,0,0,0
638595,2018,7,3,"2018-07-03","23:17:00",3,"ND",38,0,1,0,0,0,0,46.04,-100.93,46.04,-100.93,0,0,0,0,0,85,0,0,0
638596,2018,7,4,"2018-07-04","00:40:00",3,"ND",38,0,1,0,0,0,0,46.05,-99.6,46.05,-99.6,0,0,0,0,0,51,0,0,0
638597,2018,7,4,"2018-07-04","03:06:00",3,"ND",38,0,0.88,0,0,0,0,46.44,-97.68,46.44,-97.68,0,0,0,0,0,73,0,0,0
638598,2018,7,4,"2018-07-04","04:00:00",3,"MN",27,0,1,0,0,0,0,48.71,-96.18,48.71,-96.18,0,0,0,0,0,135,0,0,0
638599,2018,7,4,"2018-07-04","04:52:00",3,"MN",27,0,1.5,0,0,0,0,48.27,-95.32,48.27,-95.32,0,0,0,0,0,7,0,0,0
638600,2018,7,4,"2018-07-04","06:45:00",3,"MN",27,0,0.75,0,0,0,0,48.48,-93.42,48.48,-93.42,0,0,0,0,0,71,0,0,0
638601,2018,7,4,"2018-07-04","07:58:00",3,"MN",27,0,0.88,0,0,0,0,48.12,-92.52,48.12,-92.52,0,0,0,0,0,137,0,0,0
638602,2018,7,4,"2018-07-04","09:27:00",3,"MN",27,0,1,0,0,0,0,43.55,-95.63,43.55,-95.63,0,0,0,0,0,105,0,0,0
638603,2018,7,4,"2018-07-04","16:16:00",3,"CO",8,0,1,0,0,0,0,40,-104.61,40,-104.61,0,0,0,0,0,1,0,0,0
638604,2018,7,4,"2018-07-04","16:22:00",3,"NE",31,0,0.88,0,0,0,0,42.54,-97.59,42.54,-97.59,0,0,0,0,0,107,0,0,0
638605,2018,7,4,"2018-07-04","16:48:00",3,"NE",31,0,1,0,0,0,0,42.51,-97.94,42.51,-97.94,0,0,0,0,0,107,0,0,0
638606,2018,7,4,"2018-07-04","16:50:00",3,"NE",31,0,1,0,0,0,0,42.56,-97.95,42.56,-97.95,0,0,0,0,0,107,0,0,0
638607,2018,7,4,"2018-07-04","17:01:00",3,"NE",31,0,1.25,0,0,0,0,42.61,-97.88,42.61,-97.88,0,0,0,0,0,107,0,0,0
638608,2018,7,4,"2018-07-04","17:45:00",3,"CO",8,0,1,0,0,0,0,40.39,-105.1,40.39,-105.1,0,0,0,0,0,69,0,0,0
638609,2018,7,4,"2018-07-04","17:59:00",3,"CO",8,0,1.75,0,0,0,0,40.39,-105.11,40.39,-105.11,0,0,0,0,0,69,0,0,0
638610,2018,7,4,"2018-07-04","18:10:00",3,"KS",20,0,1,0,0,0,0,39.5689,-101.6888,39.5689,-101.6888,0,0,0,0,0,23,0,0,0
638611,2018,7,4,"2018-07-04","20:05:00",3,"NE",31,0,1.25,0,0,0,0,41.68,-100.08,41.68,-100.08,0,0,0,0,0,41,0,0,0
638612,2018,7,5,"2018-07-05","12:40:00",3,"OH",39,0,0.75,0,0,0,0,40,-82.61,40,-82.61,0,0,0,0,0,89,0,0,0
638613,2018,7,5,"2018-07-05","13:18:00",3,"NM",35,0,1,0,0,0,0,34.62,-104.39,34.62,-104.39,0,0,0,0,0,11,0,0,0
638614,2018,7,5,"2018-07-05","15:30:00",3,"CO",8,0,1,0,0,0,0,39.55,-104.99,39.55,-104.99,0,0,0,0,0,35,0,0,0
638615,2018,7,5,"2018-07-05","15:45:00",3,"WY",56,0,1,0,0,0,0,42.16,-106.91,42.16,-106.91,0,0,0,0,0,7,0,0,0
638616,2018,7,5,"2018-07-05","16:20:00",3,"TX",48,0,0.88,0,0,0,0,32.5157,-95.4097,32.5157,-95.4097,0,0,0,0,0,423,0,0,0
638617,2018,7,5,"2018-07-05","18:07:00",3,"TN",47,0,0.75,0,0,0,0,36.4354,-88.0853,36.4354,-88.0853,0,0,0,0,0,79,0,0,0
638618,2018,7,5,"2018-07-05","18:22:00",3,"NC",37,0,0.75,0,0,0,0,35.86,-81.7,35.86,-81.7,0,0,0,0,0,23,0,0,0
638619,2018,7,5,"2018-07-05","18:38:00",3,"CO",8,0,1.75,0,0,0,0,38.96,-104.46,38.96,-104.46,0,0,0,0,0,41,0,0,0
638620,2018,7,5,"2018-07-05","19:14:00",3,"KY",21,0,1,0,0,0,0,37.13,-84.08,37.13,-84.08,0,0,0,0,0,125,0,0,0
638621,2018,7,5,"2018-07-05","20:25:00",3,"TN",47,0,1,0,0,0,0,35.8022,-88.7761,35.8022,-88.7761,0,0,0,0,0,53,0,0,0
638622,2018,7,6,"2018-07-06","14:49:00",3,"GA",13,0,1,0,0,0,0,33.8,-84.49,33.8,-84.49,0,0,0,0,0,121,0,0,0
638623,2018,7,6,"2018-07-06","16:00:00",3,"SC",45,0,0.25,0,0,100,100,34.56,-80.45,34.56,-80.45,0,0,0,0,0,55,0,0,0
638624,2018,7,6,"2018-07-06","18:40:00",3,"GA",13,0,1,0,0,0,0,32.9047,-84.3417,32.9047,-84.3417,0,0,0,0,0,293,0,0,0
638625,2018,7,7,"2018-07-07","14:55:00",3,"WY",56,0,1,0,0,0,0,44.2088,-105.0214,44.2088,-105.0214,0,0,0,0,0,11,0,0,0
638626,2018,7,7,"2018-07-07","19:30:00",3,"MT",30,0,1.25,0,0,0,0,45.1,-105.34,45.1,-105.34,0,0,0,0,0,75,0,0,0
638627,2018,7,7,"2018-07-07","20:38:00",3,"MT",30,0,1,0,0,0,0,45.11,-104.64,45.11,-104.64,0,0,0,0,0,11,0,0,0
638628,2018,7,8,"2018-07-08","02:56:00",3,"MN",27,0,0.75,0,0,0,0,48.11,-96.18,48.11,-96.18,0,0,0,0,0,113,0,0,0
638629,2018,7,8,"2018-07-08","03:00:00",3,"MN",27,0,1.25,0,0,0,0,48.11,-96.05,48.11,-96.05,0,0,0,0,0,113,0,0,0
638630,2018,7,8,"2018-07-08","04:26:00",3,"ND",38,0,0.75,0,0,0,0,47.93,-97.11,47.93,-97.11,0,0,0,0,0,35,0,0,0
638631,2018,7,8,"2018-07-08","04:33:00",3,"MN",27,0,1.25,0,0,0,0,47.93,-96.93,47.93,-96.93,0,0,0,0,0,119,0,0,0
638632,2018,7,8,"2018-07-08","04:44:00",3,"MN",27,0,1.75,0,0,20000,2e+05,47.97,-96.6,47.97,-96.6,0,0,0,0,0,119,0,0,0
638633,2018,7,8,"2018-07-08","05:37:00",3,"MN",27,0,1.25,0,0,0,0,48.09,-95.65,48.09,-95.65,0,0,0,0,0,113,0,0,0
638634,2018,7,8,"2018-07-08","16:50:00",3,"MN",27,0,1.5,0,0,0,0,46.98,-95.81,46.98,-95.81,0,0,0,0,0,5,0,0,0
638635,2018,7,8,"2018-07-08","17:20:00",3,"MN",27,0,1.25,0,0,0,0,46.93,-95.55,46.93,-95.55,0,0,0,0,0,5,0,0,0
638636,2018,7,8,"2018-07-08","17:20:00",3,"MN",27,0,1.75,0,0,0,0,47.2,-94.04,47.2,-94.04,0,0,0,0,0,21,0,0,0
638637,2018,7,8,"2018-07-08","17:40:00",3,"MN",27,0,1,0,0,0,0,46.88,-96.32,46.88,-96.32,0,0,0,0,0,27,0,0,0
638638,2018,7,8,"2018-07-08","17:40:00",3,"ND",38,0,2.75,0,0,0,150000,46.08,-98.09,46.08,-98.09,0,0,0,0,0,21,0,0,0
638639,2018,7,8,"2018-07-08","17:40:00",3,"ND",38,0,1.25,0,0,0,0,46.1,-98.09,46.1,-98.09,0,0,0,0,0,21,0,0,0
638640,2018,7,8,"2018-07-08","17:40:00",3,"ND",38,0,1.75,0,0,0,0,46.07,-98.09,46.07,-98.09,0,0,0,0,0,21,0,0,0
638641,2018,7,8,"2018-07-08","17:42:00",3,"ND",38,0,1.75,0,0,0,0,46.11,-98.05,46.11,-98.05,0,0,0,0,0,21,0,0,0
638642,2018,7,8,"2018-07-08","17:45:00",3,"ND",38,0,1,0,0,0,0,46.29,-97.46,46.29,-97.46,0,0,0,0,0,73,0,0,0
638643,2018,7,8,"2018-07-08","17:45:00",3,"MN",27,0,1.5,0,0,0,0,46.88,-96.32,46.88,-96.32,0,0,0,0,0,27,0,0,0
638644,2018,7,8,"2018-07-08","17:50:00",3,"ND",38,0,1.75,0,0,0,0,46.26,-97.46,46.26,-97.46,0,0,0,0,0,81,0,0,0
638645,2018,7,8,"2018-07-08","18:00:00",3,"MN",27,0,1,0,0,0,0,46.73,-95.7,46.73,-95.7,0,0,0,0,0,5,0,0,0
638646,2018,7,8,"2018-07-08","18:11:00",3,"MN",27,0,0.75,0,0,0,0,47.03,-93.6,47.03,-93.6,0,0,0,0,0,1,0,0,0
638647,2018,7,8,"2018-07-08","18:15:00",3,"ND",38,0,1,0,0,0,0,46.68,-97.25,46.68,-97.25,0,0,0,0,0,17,0,0,0
638648,2018,7,8,"2018-07-08","18:34:00",3,"MN",27,0,1.5,0,0,0,0,46.6,-95.97,46.6,-95.97,0,0,0,0,0,111,0,0,0
638649,2018,7,8,"2018-07-08","18:35:00",3,"MN",27,0,0.75,0,0,0,0,46.8,-94.56,46.8,-94.56,0,0,0,0,0,21,0,0,0
638650,2018,7,9,"2018-07-09","16:35:00",3,"AZ",4,0,0.75,0,0,0,0,33.39,-111.64,33.39,-111.64,0,0,0,0,0,13,0,0,0
638651,2018,7,9,"2018-07-09","18:04:00",3,"WY",56,0,0.88,0,0,0,0,44.09,-105.12,44.09,-105.12,0,0,0,0,0,5,0,0,0
638652,2018,7,9,"2018-07-09","18:15:00",3,"WY",56,0,1.5,0,0,0,0,44.17,-105.11,44.17,-105.11,0,0,0,0,0,5,0,0,0
638653,2018,7,9,"2018-07-09","18:17:00",3,"WY",56,0,1.5,0,0,0,0,44.18,-105.07,44.18,-105.07,0,0,0,0,0,11,0,0,0
638654,2018,7,9,"2018-07-09","19:11:00",3,"MT",30,0,1,0,0,0,0,48.76,-104.54,48.76,-104.54,0,0,0,0,0,91,0,0,0
638655,2018,7,9,"2018-07-09","19:40:00",3,"MT",30,0,1.5,0,0,0,0,48.69,-104.18,48.69,-104.18,0,0,0,0,0,91,0,0,0
638656,2018,7,9,"2018-07-09","19:42:00",3,"MT",30,0,1,0,0,0,0,46.8779,-110.2049,46.8779,-110.2049,0,0,0,0,0,45,0,0,0
638657,2018,7,9,"2018-07-09","20:15:00",3,"ND",38,0,1,0,0,0,0,48.51,-104.04,48.51,-104.04,0,0,0,0,0,105,0,0,0
638658,2018,7,9,"2018-07-09","20:15:00",3,"ND",38,0,1.75,0,0,0,0,48.56,-104.03,48.56,-104.03,0,0,0,0,0,105,0,0,0
638659,2018,7,9,"2018-07-09","20:55:00",3,"MT",30,0,1.75,0,0,0,0,48.78,-104.55,48.78,-104.55,0,0,0,0,0,91,0,0,0
638660,2018,7,9,"2018-07-09","21:00:00",3,"SD",46,0,1,0,0,0,0,44.71,-103.42,44.71,-103.42,0,0,0,0,0,19,0,0,0
638661,2018,7,9,"2018-07-09","21:25:00",3,"ND",38,0,1,0,0,0,0,48.21,-103.58,48.21,-103.58,0,0,0,0,0,105,0,0,0
638662,2018,7,9,"2018-07-09","21:38:00",3,"ND",38,0,1,0,0,0,0,48.26,-103.46,48.26,-103.46,0,0,0,0,0,105,0,0,0
638663,2018,7,9,"2018-07-09","21:40:00",3,"ND",38,0,1.75,0,0,10000,0,48.35,-104,48.35,-104,0,0,0,0,0,105,0,0,0
638664,2018,7,9,"2018-07-09","21:50:00",3,"ND",38,0,2.5,0,0,0,0,48.26,-103.94,48.26,-103.94,0,0,0,0,0,105,0,0,0
638665,2018,7,9,"2018-07-09","22:00:00",3,"SD",46,0,1,0,0,0,0,44.97,-103.2,44.97,-103.2,0,0,0,0,0,19,0,0,0
638666,2018,7,9,"2018-07-09","22:26:00",3,"ND",38,0,1.75,0,0,0,0,48.16,-103.62,48.16,-103.62,0,0,0,0,0,105,0,0,0
638667,2018,7,9,"2018-07-09","22:30:00",3,"ND",38,0,1.75,0,0,0,0,48.16,-103.78,48.16,-103.78,0,0,0,0,0,105,0,0,0
638668,2018,7,9,"2018-07-09","22:48:00",3,"ND",38,0,1.25,0,0,0,0,48.16,-103.6,48.16,-103.6,0,0,0,0,0,105,0,0,0
638669,2018,7,9,"2018-07-09","23:30:00",3,"ND",38,0,1,0,0,0,0,47.85,-103.64,47.85,-103.64,0,0,0,0,0,53,0,0,0
639955,2018,8,10,"2018-08-10","15:05:00",3,"MO",29,0,1.75,0,0,0,0,38.7429,-90.3855,38.7345,-90.3307,0,0,0,0,0,189,0,0,0
639956,2018,8,10,"2018-08-10","16:00:00",3,"KS",20,0,1.5,0,0,0,0,37.93,-95.83,37.93,-95.83,0,0,0,0,0,207,0,0,0
639957,2018,8,10,"2018-08-10","16:05:00",3,"MO",29,0,0.75,0,0,0,0,37.46,-93.31,37.46,-93.31,0,0,0,0,0,167,0,0,0
639958,2018,8,10,"2018-08-10","16:13:00",3,"KS",20,0,1,0,0,0,0,37.92,-95.81,37.92,-95.81,0,0,0,0,0,207,0,0,0
639959,2018,8,10,"2018-08-10","16:45:00",3,"AZ",4,0,1.75,0,0,0,0,32.48,-110.92,32.4247,-110.8963,0,0,0,0,0,19,0,0,0
639960,2018,8,10,"2018-08-10","16:50:00",3,"AZ",4,0,1,0,0,0,0,35.19,-112.18,35.19,-112.18,0,0,0,0,0,5,0,0,0
639961,2018,8,10,"2018-08-10","17:36:00",3,"IL",17,0,0.88,0,0,0,0,40.47,-87.67,40.47,-87.67,0,0,0,0,0,183,0,0,0
639962,2018,8,10,"2018-08-10","18:18:00",3,"MO",29,0,1,0,0,0,0,37.18,-93.3,37.18,-93.3,0,0,0,0,0,77,0,0,0
639963,2018,8,10,"2018-08-10","18:19:00",3,"MO",29,0,1.75,0,0,0,0,37.76,-94.24,37.76,-94.24,0,0,0,0,0,217,0,0,0
639964,2018,8,10,"2018-08-10","18:35:00",3,"MO",29,0,1.75,0,0,2000,0,37.18,-93.31,37.18,-93.31,0,0,0,0,0,77,0,0,0
639965,2018,8,10,"2018-08-10","19:07:00",3,"TX",48,0,0.75,0,0,0,0,31.0963,-95.487,31.0963,-95.487,0,0,0,0,0,225,0,0,0
639966,2018,8,10,"2018-08-10","20:30:00",3,"AZ",4,0,1.75,0,0,0,0,35.34,-112.93,35.2374,-112.8532,0,0,0,0,0,25,0,0,0
639967,2018,8,10,"2018-08-10","21:45:00",3,"AZ",4,0,1,0,0,0,0,34.1,-110.96,33.9856,-110.9622,0,0,0,0,0,7,0,0,0
639968,2018,8,10,"2018-08-10","23:27:00",3,"NC",37,0,1,0,0,0,0,35.39,-79.81,35.39,-79.81,0,0,0,0,0,123,0,0,0
639969,2018,8,11,"2018-08-11","00:33:00",3,"NC",37,0,0.88,0,0,0,0,35.33,-79.32,35.33,-79.32,0,0,0,0,0,125,0,0,0
639970,2018,8,11,"2018-08-11","11:16:00",3,"OH",39,0,0.75,0,0,0,0,38.73,-82.97,38.73,-82.97,0,0,0,0,0,145,0,0,0
639971,2018,8,11,"2018-08-11","11:42:00",3,"PA",42,0,0.75,0,0,0,0,40.09,-75.4,40.09,-75.4,0,0,0,0,0,91,0,0,0
639972,2018,8,11,"2018-08-11","12:15:00",3,"PR",72,0,0.25,0,0,500,0,18.3801,-67.1914,18.3791,-67.1861,0,0,0,0,0,3,0,0,0
639973,2018,8,11,"2018-08-11","12:43:00",3,"OH",39,0,0.75,0,0,0,0,39.3445,-84.356,39.3445,-84.356,0,0,0,0,0,17,0,0,0
639974,2018,8,11,"2018-08-11","12:45:00",3,"OH",39,0,0.75,0,0,0,0,39.34,-84.36,39.34,-84.36,0,0,0,0,0,17,0,0,0
639975,2018,8,11,"2018-08-11","14:25:00",3,"AZ",4,0,1.75,0,0,0,0,35.35,-112.17,35.3435,-112.2368,0,0,0,0,0,5,0,0,0
639976,2018,8,11,"2018-08-11","14:40:00",3,"AZ",4,0,1,0,0,0,0,35.37,-112.18,35.399,-112.0389,0,0,0,0,0,5,0,0,0
639977,2018,8,11,"2018-08-11","15:50:00",3,"AZ",4,0,1,0,0,0,0,34.78,-111.76,34.8596,-111.7129,0,0,0,0,0,25,0,0,0
639978,2018,8,11,"2018-08-11","17:19:00",3,"NM",35,0,1,0,0,0,0,35.1109,-106.25,35.1109,-106.25,0,0,0,0,0,49,0,0,0
639979,2018,8,11,"2018-08-11","20:07:00",3,"AZ",4,0,0.88,0,0,0,0,35.1422,-114.2861,35.1422,-114.2861,0,0,0,0,0,15,0,0,0
639980,2018,8,11,"2018-08-11","21:50:00",3,"NV",32,0,1,0,0,0,0,36.3813,-114.893,36.3813,-114.893,0,0,0,0,0,3,0,0,0
639981,2018,8,11,"2018-08-11","21:56:00",3,"NV",32,0,1,0,0,0,0,35.9789,-115.0905,35.9789,-115.0905,0,0,0,0,0,3,0,0,0
639982,2018,8,11,"2018-08-11","22:53:00",3,"MI",26,0,1,0,0,0,0,42.45,-84.09,42.45,-84.09,0,0,0,0,0,93,0,0,0
639983,2018,8,12,"2018-08-12","11:26:00",3,"VA",51,0,1,0,0,0,0,37.1715,-80.5159,37.1715,-80.5159,0,0,0,0,0,121,0,0,0
639984,2018,8,12,"2018-08-12","11:40:00",3,"VA",51,0,1,0,0,0,0,37.1498,-80.42,37.1445,-80.3929,0,0,0,0,0,121,0,0,0
639985,2018,8,12,"2018-08-12","12:15:00",3,"VA",51,0,1.25,0,0,0,0,37.42,-79.13,37.42,-79.13,0,0,0,0,0,9,0,0,0
639986,2018,8,12,"2018-08-12","12:27:00",3,"VA",51,0,0.88,0,0,0,0,38.49,-78.03,38.49,-78.03,0,0,0,0,0,47,0,0,0
639987,2018,8,12,"2018-08-12","12:50:00",3,"VA",51,0,1.75,0,0,0,0,38.4821,-77.958,38.4821,-77.958,0,0,0,0,0,47,0,0,0
639988,2018,8,12,"2018-08-12","13:00:00",3,"VA",51,0,1.25,0,0,0,0,38.5,-77.87,38.5,-77.87,0,0,0,0,0,47,0,0,0
639989,2018,8,12,"2018-08-12","13:00:00",3,"VA",51,0,0.75,0,0,0,0,38.21,-78.02,38.21,-78.02,0,0,0,0,0,137,0,0,0
639990,2018,8,12,"2018-08-12","13:27:00",3,"MS",28,0,0.75,0,0,0,0,33.04,-89.58,33.04,-89.58,0,0,0,0,0,7,0,0,0
639991,2018,8,12,"2018-08-12","13:50:00",3,"VA",51,0,0.75,0,0,0,0,38.37,-77.52,38.37,-77.52,0,0,0,0,0,179,0,0,0
639992,2018,8,12,"2018-08-12","14:11:00",3,"VA",51,0,0.75,0,0,0,0,38.48,-77.44,38.48,-77.44,0,0,0,0,0,179,0,0,0
639993,2018,8,12,"2018-08-12","14:30:00",3,"VA",51,0,0.75,0,0,0,0,38.34,-77.47,38.34,-77.47,0,0,0,0,0,179,0,0,0
639994,2018,8,12,"2018-08-12","16:40:00",3,"OH",39,0,0.88,0,0,0,0,39.99,-81.8,39.99,-81.8,0,0,0,0,0,119,0,0,0
639995,2018,8,12,"2018-08-12","16:45:00",3,"OH",39,0,1,0,0,0,0,39.98,-81.8,39.98,-81.8,0,0,0,0,0,119,0,0,0
639996,2018,8,12,"2018-08-12","16:49:00",3,"OH",39,0,0.75,0,0,0,0,39.97,-81.79,39.97,-81.79,0,0,0,0,0,119,0,0,0
639997,2018,8,12,"2018-08-12","19:45:00",3,"AZ",4,0,1.75,0,0,0,0,33.83,-112.32,33.83,-112.32,0,0,0,0,0,13,0,0,0
639998,2018,8,13,"2018-08-13","11:24:00",3,"PA",42,0,1,0,0,0,0,40.6,-79.92,40.6,-79.92,0,0,0,0,0,3,0,0,0
639999,2018,8,13,"2018-08-13","11:30:00",3,"PA",42,0,1,0,0,0,0,40.57,-79.86,40.57,-79.86,0,0,0,0,0,3,0,0,0
640000,2018,8,13,"2018-08-13","11:39:00",3,"OH",39,0,0.88,0,0,0,0,40.4,-81.4,40.4,-81.4,0,0,0,0,0,157,0,0,0
640001,2018,8,13,"2018-08-13","11:47:00",3,"PA",42,0,0.75,0,0,0,0,40.88,-79.24,40.88,-79.24,0,0,0,0,0,5,0,0,0
640002,2018,8,13,"2018-08-13","12:55:00",3,"VA",51,0,1,0,0,500,0,38.0465,-79.7482,38.0465,-79.7482,0,0,0,0,0,17,0,0,0
640003,2018,8,13,"2018-08-13","13:30:00",3,"PA",42,0,1,0,0,0,0,41.27,-80.14,41.27,-80.14,0,0,0,0,0,85,0,0,0
640004,2018,8,13,"2018-08-13","13:32:00",3,"OH",39,0,0.88,0,0,0,0,40.48,-80.62,40.48,-80.62,0,0,0,0,0,81,0,0,0
640005,2018,8,13,"2018-08-13","13:35:00",3,"VA",51,0,0.75,0,0,0,0,37.98,-79.19,37.98,-79.19,0,0,0,0,0,15,0,0,0
640006,2018,8,13,"2018-08-13","13:59:00",3,"VA",51,0,1,0,0,0,0,38.69,-77.42,38.69,-77.42,0,0,0,0,0,153,0,0,0
640007,2018,8,13,"2018-08-13","14:20:00",3,"VA",51,0,1.5,0,0,0,0,38.78,-77.27,38.78,-77.27,0,0,0,0,0,59,0,0,0
640008,2018,8,13,"2018-08-13","14:20:00",3,"VA",51,0,1,0,0,0,0,36.8802,-79.7404,36.8802,-79.7404,0,0,0,0,0,67,0,0,0
640009,2018,8,13,"2018-08-13","14:25:00",3,"OH",39,0,1,0,0,0,0,40.34,-81.16,40.34,-81.16,0,0,0,0,0,67,0,0,0
640010,2018,8,13,"2018-08-13","14:30:00",3,"WV",54,0,1,0,0,0,0,37.6205,-80.5286,37.6205,-80.5286,0,0,0,0,0,63,0,0,0
640011,2018,8,13,"2018-08-13","14:30:00",3,"VA",51,0,0.75,0,0,0,0,37.7703,-79.1367,37.7703,-79.1367,0,0,0,0,0,9,0,0,0
640012,2018,8,13,"2018-08-13","14:36:00",3,"VA",51,0,0.75,0,0,0,0,38.77,-77.22,38.77,-77.22,0,0,0,0,0,59,0,0,0
640013,2018,8,13,"2018-08-13","14:40:00",3,"VA",51,0,0.88,0,0,0,0,37.28,-79.83,37.28,-79.83,0,0,0,0,0,19,0,0,0
640014,2018,8,13,"2018-08-13","15:02:00",3,"VA",51,0,0.88,0,0,0,0,36.7885,-79.5743,36.7885,-79.5743,0,0,0,0,0,143,0,0,0
640015,2018,8,13,"2018-08-13","15:05:00",3,"VA",51,0,1,0,0,0,0,37.2401,-79.8365,37.2401,-79.8365,0,0,0,0,0,19,0,0,0
640016,2018,8,13,"2018-08-13","15:06:00",3,"VA",51,0,0.88,0,0,0,0,37.6023,-78.9845,37.6023,-78.9845,0,0,0,0,0,9,0,0,0
640017,2018,8,13,"2018-08-13","15:10:00",3,"VA",51,0,0.88,0,0,0,0,37.2316,-79.8114,37.2316,-79.8114,0,0,0,0,0,19,0,0,0
640018,2018,8,13,"2018-08-13","15:12:00",3,"VA",51,0,0.88,0,0,0,0,37.2194,-79.7611,37.2194,-79.7611,0,0,0,0,0,19,0,0,0
640019,2018,8,13,"2018-08-13","15:12:00",3,"MD",24,0,1,0,0,0,0,39.01,-76.93,39.01,-76.93,0,0,0,0,0,33,0,0,0
640020,2018,8,13,"2018-08-13","15:13:00",3,"VA",51,0,1,0,0,0,0,36.7701,-79.5346,36.7701,-79.5346,0,0,0,0,0,143,0,0,0
640021,2018,8,13,"2018-08-13","15:42:00",3,"VA",51,0,0.75,0,0,0,0,37.33,-79.54,37.33,-79.54,0,0,0,0,0,19,0,0,0
640022,2018,8,13,"2018-08-13","16:03:00",3,"MD",24,0,1,0,0,0,0,39.42,-76.47,39.42,-76.47,0,0,0,0,0,5,0,0,0
640023,2018,8,13,"2018-08-13","21:14:00",3,"AZ",4,0,1,0,0,0,0,34.26,-110.09,34.2545,-110.0502,0,0,0,0,0,17,0,0,0
640024,2018,8,14,"2018-08-14","10:19:00",3,"MT",30,0,0.88,0,0,0,0,45.94,-108.35,45.94,-108.35,0,0,0,0,0,111,0,0,0
640025,2018,8,14,"2018-08-14","14:15:00",3,"WY",56,0,1.25,0,0,0,0,41.3,-105.27,41.3,-105.27,0,0,0,0,0,21,0,0,0
640026,2018,8,14,"2018-08-14","14:45:00",3,"WY",56,0,1,0,0,0,0,41.23,-105.14,41.23,-105.14,0,0,0,0,0,21,0,0,0
640027,2018,8,14,"2018-08-14","15:38:00",3,"TX",48,0,1.5,0,0,0,0,35.59,-100.96,35.59,-100.96,0,0,0,0,0,179,0,0,0
640028,2018,8,14,"2018-08-14","15:43:00",3,"TX",48,0,1.5,0,0,0,0,35.58,-100.94,35.58,-100.94,0,0,0,0,0,179,0,0,0
640029,2018,8,14,"2018-08-14","15:45:00",3,"TX",48,0,1.75,0,0,0,0,35.59,-100.94,35.59,-100.94,0,0,0,0,0,179,0,0,0
640030,2018,8,14,"2018-08-14","15:45:00",3,"TX",48,0,1.75,0,0,0,0,35.57,-100.96,35.57,-100.96,0,0,0,0,0,179,0,0,0
640031,2018,8,14,"2018-08-14","15:55:00",3,"TX",48,0,1.75,0,0,0,0,35.57,-100.95,35.57,-100.95,0,0,0,0,0,179,0,0,0
640032,2018,8,14,"2018-08-14","15:55:00",3,"TX",48,0,2.5,0,0,0,0,35.56,-100.94,35.56,-100.94,0,0,0,0,0,179,0,0,0
640033,2018,8,14,"2018-08-14","16:17:00",3,"OK",40,0,1.53,0,0,0,0,35.76,-98.06,35.76,-98.06,0,0,0,0,0,73,0,0,0
640034,2018,8,14,"2018-08-14","16:30:00",3,"GA",13,0,0.75,0,0,0,0,32.15,-81.18,32.15,-81.18,0,0,0,0,0,51,0,0,0
640035,2018,8,14,"2018-08-14","16:32:00",3,"GA",13,0,1,0,0,0,0,32.2,-81.25,32.2,-81.25,0,0,0,0,0,51,0,0,0
640036,2018,8,14,"2018-08-14","16:54:00",3,"CO",8,0,1,0,0,0,0,40.28,-105.15,40.28,-105.15,0,0,0,0,0,69,0,0,0
640037,2018,8,14,"2018-08-14","17:10:00",3,"CO",8,0,1.25,0,0,0,0,40.2,-105.11,40.2,-105.11,0,0,0,0,0,13,0,0,0
640038,2018,8,14,"2018-08-14","17:12:00",3,"CO",8,0,1.25,0,0,0,0,40.15,-105.12,40.15,-105.12,0,0,0,0,0,13,0,0,0
640039,2018,8,14,"2018-08-14","17:13:00",3,"CO",8,0,1.25,0,0,0,0,40.2,-105.11,40.2,-105.11,0,0,0,0,0,13,0,0,0
640040,2018,8,14,"2018-08-14","17:15:00",3,"CO",8,0,1,0,0,0,0,40.2,-105.1,40.2,-105.1,0,0,0,0,0,13,0,0,0
640041,2018,8,14,"2018-08-14","17:15:00",3,"WY",56,0,0.88,0,0,0,0,44.58,-106.91,44.58,-106.91,0,0,0,0,0,33,0,0,0
640042,2018,8,14,"2018-08-14","17:15:00",3,"WY",56,0,1.25,0,0,0,0,44.57,-106.9,44.57,-106.9,0,0,0,0,0,33,0,0,0
640043,2018,8,14,"2018-08-14","17:17:00",3,"OK",40,0,1.5,0,0,0,0,35.73,-97.98,35.73,-97.98,0,0,0,0,0,73,0,0,0
640044,2018,8,14,"2018-08-14","17:19:00",3,"CO",8,0,1.25,0,0,0,0,39.73,-105.2,39.73,-105.2,0,0,0,0,0,59,0,0,0
640045,2018,8,14,"2018-08-14","17:20:00",3,"CO",8,0,1.5,0,0,0,0,39.48,-105.48,39.48,-105.48,0,0,0,0,0,93,0,0,0
640046,2018,8,14,"2018-08-14","17:20:00",3,"TX",48,0,0.88,0,0,0,0,35.21,-101.1,35.21,-101.1,0,0,0,0,0,65,0,0,0
640047,2018,8,14,"2018-08-14","17:20:00",3,"OK",40,0,1,0,0,0,0,35.36,-97.6,35.36,-97.6,0,0,0,0,0,27,0,0,0
640048,2018,8,14,"2018-08-14","17:23:00",3,"OK",40,0,1.75,0,0,0,0,35.3,-97.66,35.3,-97.66,0,0,0,0,0,87,0,0,0
640049,2018,8,14,"2018-08-14","17:25:00",3,"OK",40,0,3,0,0,0,0,35.3561,-97.7244,35.3561,-97.7244,0,0,0,0,0,17,0,0,0
640050,2018,8,14,"2018-08-14","17:30:00",3,"CO",8,0,1,0,0,0,0,39.84,-105.1,39.84,-105.1,0,0,0,0,0,59,0,0,0
640051,2018,8,14,"2018-08-14","17:30:00",3,"OK",40,0,2,0,0,0,0,35.39,-97.72,35.39,-97.72,0,0,0,0,0,17,0,0,0
640052,2018,8,14,"2018-08-14","17:38:00",3,"WY",56,0,1,0,0,0,0,44.57,-106.55,44.57,-106.55,0,0,0,0,0,33,0,0,0
640053,2018,8,14,"2018-08-14","17:41:00",3,"CO",8,0,1,0,0,0,0,39.71,-105.27,39.71,-105.27,0,0,0,0,0,59,0,0,0
640054,2018,8,14,"2018-08-14","17:45:00",3,"CO",8,0,0.75,0,0,0,0,40.11,-104.94,40.11,-104.94,0,0,0,0,0,123,0,0,0
640055,2018,8,14,"2018-08-14","17:46:00",3,"OK",40,0,1,0,0,0,0,35.35,-97.64,35.35,-97.64,0,0,0,0,0,27,0,0,0
640056,2018,8,14,"2018-08-14","17:48:00",3,"CO",8,0,0.88,0,0,0,0,39.66,-105.1,39.66,-105.1,0,0,0,0,0,59,0,0,0
640057,2018,8,14,"2018-08-14","17:52:00",3,"CO",8,0,1.25,0,0,0,0,40.19,-105.11,40.19,-105.11,0,0,0,0,0,13,0,0,0
640058,2018,8,14,"2018-08-14","17:58:00",3,"CO",8,0,0.88,0,0,0,0,40.01,-104.81,40.01,-104.81,0,0,0,0,0,123,0,0,0
640059,2018,8,14,"2018-08-14","18:05:00",3,"CO",8,0,1,0,0,0,0,39.98,-104.76,39.98,-104.76,0,0,0,0,0,1,0,0,0
640060,2018,8,14,"2018-08-14","19:00:00",3,"CO",8,0,1,0,0,0,0,37.51,-105.01,37.51,-105.01,0,0,0,0,0,55,0,0,0
640061,2018,8,14,"2018-08-14","19:15:00",3,"CO",8,0,1.75,0,0,0,0,37.43,-104.9,37.43,-104.9,0,0,0,0,0,55,0,0,0
640062,2018,8,14,"2018-08-14","19:37:00",3,"TX",48,0,1,0,0,0,0,34.95,-102.18,34.95,-102.18,0,0,0,0,0,117,0,0,0
640063,2018,8,15,"2018-08-15","07:55:00",3,"SD",46,0,1,0,0,0,0,43.1493,-102.7079,43.1493,-102.7079,0,0,0,0,0,102,0,0,0
640064,2018,8,15,"2018-08-15","15:06:00",3,"NY",36,0,1.5,0,0,10000,0,44.26,-76.03,44.26,-76.03,0,0,0,0,0,45,0,0,0
640065,2018,8,15,"2018-08-15","15:06:00",3,"NY",36,0,1.75,0,0,10000,0,44.28,-76.01,44.28,-76.01,0,0,0,0,0,45,0,0,0
640066,2018,8,15,"2018-08-15","15:45:00",3,"SD",46,0,1,0,0,0,0,43.3425,-103.3827,43.3425,-103.3827,0,0,0,0,0,47,0,0,0
640067,2018,8,15,"2018-08-15","15:51:00",3,"NE",31,0,1.75,0,0,0,0,41.74,-101.81,41.74,-101.81,0,0,0,0,0,5,0,0,0
640068,2018,8,15,"2018-08-15","16:22:00",3,"NE",31,0,1.75,0,0,0,0,41.21,-101.89,41.21,-101.89,0,0,0,0,0,101,0,0,0
640069,2018,8,15,"2018-08-15","16:34:00",3,"NE",31,0,2.75,0,0,0,0,41.56,-101.56,41.56,-101.56,0,0,0,0,0,5,0,0,0
640070,2018,8,15,"2018-08-15","16:35:00",3,"NE",31,0,1,0,0,0,0,41.16,-101.83,41.16,-101.83,0,0,0,0,0,101,0,0,0
640071,2018,8,15,"2018-08-15","16:51:00",3,"NE",31,0,1,0,0,0,0,41.57,-101.69,41.57,-101.69,0,0,0,0,0,5,0,0,0
640072,2018,8,15,"2018-08-15","17:08:00",3,"NE",31,0,1,0,0,0,0,41.39,-101.44,41.39,-101.44,0,0,0,0,0,101,0,0,0
640073,2018,8,15,"2018-08-15","17:11:00",3,"NE",31,0,1.75,0,0,0,0,41.38,-101.28,41.38,-101.28,0,0,0,0,0,101,0,0,0
640074,2018,8,15,"2018-08-15","17:40:00",3,"CO",8,0,1,0,0,0,0,39.03,-104.48,39.03,-104.48,0,0,0,0,0,41,0,0,0
640075,2018,8,15,"2018-08-15","18:00:00",3,"NE",31,0,1.75,0,0,0,0,41.18,-100.91,41.18,-100.91,0,0,0,0,0,111,0,0,0
640076,2018,8,15,"2018-08-15","18:05:00",3,"NE",31,0,1,0,0,0,0,41.13,-100.79,41.13,-100.79,0,0,0,0,0,111,0,0,0
640077,2018,8,15,"2018-08-15","18:09:00",3,"NE",31,0,1,0,0,0,0,41.13,-100.77,41.13,-100.77,0,0,0,0,0,111,0,0,0
640078,2018,8,15,"2018-08-15","18:11:00",3,"NE",31,0,1.25,0,0,0,0,41.13,-100.77,41.13,-100.77,0,0,0,0,0,111,0,0,0
640079,2018,8,15,"2018-08-15","18:24:00",3,"CO",8,0,1.25,0,0,0,0,39.02,-104.48,39.02,-104.48,0,0,0,0,0,41,0,0,0
640080,2018,8,15,"2018-08-15","18:36:00",3,"NE",31,0,1,0,0,0,0,41.01,-100.57,41.01,-100.57,0,0,0,0,0,111,0,0,0
640081,2018,8,15,"2018-08-15","18:39:00",3,"NE",31,0,1,0,0,0,0,41.01,-100.52,41.01,-100.52,0,0,0,0,0,111,0,0,0
640082,2018,8,15,"2018-08-15","19:45:00",3,"TX",48,0,1.25,0,0,0,0,34.74,-102.51,34.74,-102.51,0,0,0,0,0,69,0,0,0
640083,2018,8,15,"2018-08-15","23:15:00",3,"ME",23,0,1,0,0,0,0,44.55,-68.42,44.55,-68.42,0,0,0,0,0,9,0,0,0
640084,2018,8,15,"2018-08-15","23:17:00",3,"ME",23,0,1,0,0,0,0,44.48,-68.33,44.48,-68.33,0,0,0,0,0,9,0,0,0
640085,2018,8,15,"2018-08-15","23:26:00",3,"ME",23,0,1,0,0,0,0,44.57,-68.78,44.57,-68.78,0,0,0,0,0,9,0,0,0
640086,2018,8,16,"2018-08-16","02:55:00",3,"NE",31,0,1.75,0,0,325000,4e+06,41.22,-98.63,41.1022,-98.441,0,0,0,0,0,93,0,0,0
640087,2018,8,16,"2018-08-16","13:10:00",3,"KY",21,0,0.88,0,0,0,0,36.69,-84.48,36.69,-84.48,0,0,0,0,0,147,0,0,0
640088,2018,8,16,"2018-08-16","13:30:00",3,"WI",55,0,1,0,0,0,0,43.72,-88.68,43.72,-88.68,0,0,0,0,0,39,0,0,0
640089,2018,8,16,"2018-08-16","14:30:00",3,"OK",40,0,1,0,0,0,0,36.8,-97.28,36.8,-97.28,0,0,0,0,0,71,0,0,0
640090,2018,8,16,"2018-08-16","14:53:00",3,"KS",20,0,1,0,0,0,0,38.75,-95.26,38.75,-95.26,0,0,0,0,0,45,0,0,0
640091,2018,8,16,"2018-08-16","14:53:00",3,"KS",20,0,1,0,0,0,0,38.78,-95.27,38.78,-95.27,0,0,0,0,0,45,0,0,0
640092,2018,8,16,"2018-08-16","15:14:00",3,"OK",40,0,1,0,0,0,0,36.0466,-96.007,36.0466,-96.007,0,0,0,0,0,143,0,0,0
640093,2018,8,16,"2018-08-16","15:20:00",3,"KS",20,0,1.25,0,0,0,0,38.64,-94.91,38.64,-94.91,0,0,0,0,0,121,0,0,0
640094,2018,8,16,"2018-08-16","15:31:00",3,"KS",20,0,1.25,0,0,0,0,38.54,-95.87,38.54,-95.87,0,0,0,0,0,139,0,0,0
640095,2018,8,16,"2018-08-16","15:48:00",3,"KS",20,0,1,0,0,0,0,38.55,-94.67,38.55,-94.67,0,0,0,0,0,121,0,0,0
640096,2018,8,16,"2018-08-16","15:50:00",3,"KS",20,0,1,0,0,0,0,38.47,-95.47,38.47,-95.47,0,0,0,0,0,59,0,0,0
640097,2018,8,16,"2018-08-16","15:52:00",3,"KS",20,0,1,0,0,0,0,38.28,-95.64,38.28,-95.64,0,0,0,0,0,31,0,0,0
640098,2018,8,16,"2018-08-16","15:55:00",3,"KS",20,0,1,0,0,0,0,38.53,-94.68,38.53,-94.68,0,0,0,0,0,121,0,0,0
640099,2018,8,16,"2018-08-16","16:35:00",3,"OK",40,0,1,0,0,0,0,36.87,-95.4257,36.87,-95.4257,0,0,0,0,0,35,0,0,0
640100,2018,8,16,"2018-08-16","17:00:00",3,"KS",20,0,1.75,0,0,0,0,37.6,-96.78,37.6,-96.78,0,0,0,0,0,15,0,0,0
640101,2018,8,16,"2018-08-16","17:17:00",3,"MO",29,0,2.5,0,0,2000,0,36.87,-94.27,36.87,-94.27,0,0,0,0,0,145,0,0,0
640102,2018,8,16,"2018-08-16","17:30:00",3,"MO",29,0,1,0,0,0,0,36.9,-94.22,36.9,-94.22,0,0,0,0,0,145,0,0,0
640103,2018,8,16,"2018-08-16","17:30:00",3,"MO",29,0,1,0,0,0,0,39,-93.72,39,-93.72,0,0,0,0,0,107,0,0,0
640104,2018,8,16,"2018-08-16","18:09:00",3,"AR",5,0,1,0,0,0,0,36.34,-94.5,36.34,-94.5,0,0,0,0,0,7,0,0,0
640105,2018,8,16,"2018-08-16","18:10:00",3,"KS",20,0,1,0,0,0,0,37.8,-96.96,37.8,-96.96,0,0,0,0,0,15,0,0,0
640106,2018,8,16,"2018-08-16","18:12:00",3,"KS",20,0,1,0,0,0,0,37.84,-94.71,37.84,-94.71,0,0,0,0,0,11,0,0,0
640107,2018,8,16,"2018-08-16","18:24:00",3,"KS",20,0,1,0,0,0,0,38.53,-98.15,38.53,-98.15,0,0,0,0,0,53,0,0,0
640108,2018,8,16,"2018-08-16","18:46:00",3,"AR",5,0,1,0,0,0,0,35.44,-93.39,35.44,-93.39,0,0,0,0,0,71,0,0,0
640109,2018,8,16,"2018-08-16","18:52:00",3,"OR",41,0,1,0,0,0,0,44.24,-121.47,44.24,-121.47,0,0,0,0,0,17,0,0,0
640110,2018,8,16,"2018-08-16","19:15:00",3,"KS",20,0,2,0,0,0,0,38.26,-96.82,38.26,-96.82,0,0,0,0,0,17,0,0,0
640111,2018,8,16,"2018-08-16","19:24:00",3,"KS",20,0,0.88,0,0,0,0,38.35,-97.2,38.35,-97.2,0,0,0,0,0,115,0,0,0
640112,2018,8,16,"2018-08-16","19:25:00",3,"MO",29,0,1.25,0,0,0,0,39.39,-92.44,39.39,-92.44,0,0,0,0,0,175,0,0,0
640113,2018,8,16,"2018-08-16","19:25:00",3,"MO",29,0,1.75,0,0,0,0,39.42,-92.44,39.42,-92.44,0,0,0,0,0,175,0,0,0
640114,2018,8,16,"2018-08-16","19:36:00",3,"KS",20,0,1.75,0,0,0,0,38.18,-96.73,38.18,-96.73,0,0,0,0,0,17,0,0,0
640115,2018,8,16,"2018-08-16","20:18:00",3,"IL",17,0,1.75,0,0,0,0,39.9099,-89.7517,39.9099,-89.7517,0,0,0,0,0,129,0,0,0
640116,2018,8,16,"2018-08-16","20:24:00",3,"KS",20,0,1,0,0,0,0,38.48,-96.15,38.48,-96.15,0,0,0,0,0,111,0,0,0
640117,2018,8,16,"2018-08-16","20:30:00",3,"KS",20,0,1.75,0,0,0,0,38.5,-96.19,38.5,-96.19,0,0,0,0,0,111,0,0,0
640118,2018,8,16,"2018-08-16","20:32:00",3,"KS",20,0,1.25,0,0,0,0,38.51,-96.26,38.51,-96.26,0,0,0,0,0,111,0,0,0
640119,2018,8,16,"2018-08-16","20:47:00",3,"IL",17,0,0.75,0,0,0,0,39.88,-89.6,39.88,-89.6,0,0,0,0,0,167,0,0,0
640120,2018,8,16,"2018-08-16","22:37:00",3,"MO",29,0,1,0,0,0,0,37.14,-91.42,37.14,-91.42,0,0,0,0,0,203,0,0,0
640121,2018,8,16,"2018-08-16","22:45:00",3,"IL",17,0,0.75,0,0,0,0,39.65,-89.38,39.65,-89.38,0,0,0,0,0,21,0,0,0
640122,2018,8,16,"2018-08-16","22:52:00",3,"IL",17,0,0.75,0,0,0,0,39.63,-89.2,39.63,-89.2,0,0,0,0,0,21,0,0,0
640123,2018,8,16,"2018-08-16","23:20:00",3,"MO",29,0,0.75,0,0,0,0,36.23,-90.07,36.23,-90.07,0,0,0,0,0,69,0,0,0
640124,2018,8,17,"2018-08-17","00:45:00",3,"IL",17,0,0.88,0,0,0,0,40.12,-88.25,40.12,-88.25,0,0,0,0,0,19,0,0,0
640125,2018,8,17,"2018-08-17","13:57:00",3,"WY",56,0,1,0,0,0,0,41.13,-105.23,41.13,-105.23,0,0,0,0,0,21,0,0,0
640126,2018,8,17,"2018-08-17","14:03:00",3,"TX",48,0,1.75,0,0,0,0,35.93,-101.45,35.93,-101.45,0,0,0,0,0,233,0,0,0
640127,2018,8,17,"2018-08-17","14:10:00",3,"WY",56,0,1,0,0,0,0,41.06,-105.23,41.06,-105.23,0,0,0,0,0,21,0,0,0
640128,2018,8,17,"2018-08-17","14:28:00",3,"TX",48,0,1,0,0,0,0,35.84,-101.44,35.84,-101.44,0,0,0,0,0,233,0,0,0
640129,2018,8,17,"2018-08-17","14:36:00",3,"PA",42,0,1.25,0,0,0,0,39.79,-77.73,39.79,-77.73,0,0,0,0,0,55,0,0,0
640130,2018,8,17,"2018-08-17","14:51:00",3,"CO",8,0,1,0,0,0,0,39.05,-104.9,39.05,-104.9,0,0,0,0,0,41,0,0,0
640131,2018,8,17,"2018-08-17","15:10:00",3,"CO",8,0,1.5,0,0,0,0,38.86,-104.87,38.86,-104.87,0,0,0,0,0,41,0,0,0
640132,2018,8,17,"2018-08-17","15:18:00",3,"CO",8,0,1,0,0,0,0,38.93,-104.85,38.93,-104.85,0,0,0,0,0,41,0,0,0
640133,2018,8,17,"2018-08-17","15:19:00",3,"CO",8,0,1.5,0,0,0,0,38.86,-104.91,38.86,-104.91,0,0,0,0,0,41,0,0,0
640134,2018,8,17,"2018-08-17","15:21:00",3,"CO",8,0,1.75,0,0,0,0,38.86,-104.91,38.86,-104.91,0,0,0,0,0,41,0,0,0
640135,2018,8,17,"2018-08-17","15:22:00",3,"CO",8,0,1,0,0,0,0,38.83,-104.84,38.83,-104.84,0,0,0,0,0,41,0,0,0
640136,2018,8,17,"2018-08-17","15:22:00",3,"CO",8,0,1,0,0,0,0,38.82,-104.86,38.82,-104.86,0,0,0,0,0,41,0,0,0
640137,2018,8,17,"2018-08-17","15:23:00",3,"CO",8,0,1.5,0,0,0,0,38.91,-104.86,38.91,-104.86,0,0,0,0,0,41,0,0,0
640138,2018,8,17,"2018-08-17","15:24:00",3,"CO",8,0,1.5,0,0,0,0,38.87,-104.86,38.87,-104.86,0,0,0,0,0,41,0,0,0
640139,2018,8,17,"2018-08-17","15:50:00",3,"CO",8,0,1.75,0,0,0,0,38.8,-104.78,38.8,-104.78,0,0,0,0,0,41,0,0,0
640140,2018,8,17,"2018-08-17","16:48:00",3,"TX",48,0,0.88,0,0,0,0,36.11,-102.58,36.11,-102.58,0,0,0,0,0,111,0,0,0
640141,2018,8,17,"2018-08-17","16:48:00",3,"NJ",34,0,1,0,0,0,0,40.98,-74.11,40.98,-74.11,0,0,0,0,0,3,0,0,0
640142,2018,8,17,"2018-08-17","16:50:00",3,"NJ",34,0,1,0,0,0,0,40.96,-74.13,40.96,-74.13,0,0,0,0,0,3,0,0,0
640143,2018,8,17,"2018-08-17","17:10:00",3,"WY",56,0,1,0,0,0,0,42.1803,-104.95,42.1803,-104.95,0,0,0,0,0,31,0,0,0
640144,2018,8,17,"2018-08-17","17:49:00",3,"CO",8,0,1,0,0,0,0,39.81,-103.63,39.81,-103.63,0,0,0,0,0,121,0,0,0
640145,2018,8,17,"2018-08-17","18:10:00",3,"WY",56,0,1.5,0,0,0,0,41.9065,-104.3865,41.9065,-104.3865,0,0,0,0,0,15,0,0,0
640146,2018,8,17,"2018-08-17","19:04:00",3,"CO",8,0,1,0,0,0,0,38.47,-103.11,38.47,-103.11,0,0,0,0,0,61,0,0,0
640147,2018,8,17,"2018-08-17","19:15:00",3,"OK",40,0,1,0,0,0,0,34.62,-97.4,34.62,-97.4,0,0,0,0,0,49,0,0,0
640148,2018,8,18,"2018-08-18","12:33:00",3,"CO",8,0,0.75,0,0,0,0,39.13,-104.56,39.13,-104.56,0,0,0,0,0,39,0,0,0
640149,2018,8,18,"2018-08-18","12:38:00",3,"CO",8,0,1,0,0,0,0,38.76,-104.41,38.76,-104.41,0,0,0,0,0,41,0,0,0
640150,2018,8,18,"2018-08-18","12:38:00",3,"CO",8,0,1,0,0,0,0,39.09,-104.47,39.09,-104.47,0,0,0,0,0,41,0,0,0
640151,2018,8,18,"2018-08-18","13:30:00",3,"SD",46,0,1,0,0,0,0,44.4424,-103.77,44.4424,-103.77,0,0,0,0,0,81,0,0,0
640152,2018,8,18,"2018-08-18","13:59:00",3,"NM",35,0,0.75,0,0,0,0,36.65,-105.63,36.65,-105.63,0,0,0,0,0,55,0,0,0
640153,2018,8,18,"2018-08-18","14:20:00",3,"SD",46,0,1,0,0,0,0,44.3134,-103.5839,44.3134,-103.5839,0,0,0,0,0,81,0,0,0
640154,2018,8,18,"2018-08-18","14:32:00",3,"SD",46,0,1,0,0,0,0,44.3931,-103.6012,44.3931,-103.6012,0,0,0,0,0,81,0,0,0
640155,2018,8,18,"2018-08-18","14:40:00",3,"WY",56,0,0.88,0,0,0,0,43.0021,-108.6767,42.9707,-108.6266,0,0,0,0,0,13,0,0,0
640156,2018,8,18,"2018-08-18","14:41:00",3,"SD",46,0,1,0,0,0,0,44.3535,-103.451,44.3535,-103.451,0,0,0,0,0,93,0,0,0
640157,2018,8,18,"2018-08-18","15:02:00",3,"SD",46,0,1,0,0,0,0,44.2434,-103.3977,44.2434,-103.3977,0,0,0,0,0,93,0,0,0
640158,2018,8,18,"2018-08-18","15:06:00",3,"NM",35,0,0.88,0,0,0,0,36.47,-104.95,36.47,-104.95,0,0,0,0,0,7,0,0,0
640159,2018,8,18,"2018-08-18","16:00:00",3,"KS",20,0,0.88,0,0,0,0,38.09,-101.4,38.09,-101.4,0,0,0,0,0,93,0,0,0
640160,2018,8,18,"2018-08-18","16:17:00",3,"KS",20,0,1,0,0,0,0,38.7129,-101.8022,38.7129,-101.8022,0,0,0,0,0,199,0,0,0
640161,2018,8,18,"2018-08-18","17:00:00",3,"KS",20,0,1,0,0,0,0,37.96,-101.29,37.96,-101.29,0,0,0,0,0,93,0,0,0
640162,2018,8,18,"2018-08-18","17:03:00",3,"KS",20,0,1,0,0,0,0,37.95,-101.26,37.95,-101.26,0,0,0,0,0,93,0,0,0
640163,2018,8,18,"2018-08-18","17:30:00",3,"KS",20,0,1,0,0,0,0,38.47,-101.75,38.47,-101.75,0,0,0,0,0,71,0,0,0
640164,2018,8,18,"2018-08-18","17:50:00",3,"KS",20,0,1.75,0,0,0,0,38.3987,-101.7506,38.3987,-101.7506,0,0,0,0,0,71,0,0,0
640165,2018,8,18,"2018-08-18","17:55:00",3,"NM",35,0,1,0,0,0,0,35.59,-105.73,35.59,-105.73,0,0,0,0,0,49,0,0,0
640166,2018,8,18,"2018-08-18","18:15:00",3,"KS",20,0,1,0,0,0,0,37.81,-101.33,37.81,-101.33,0,0,0,0,0,93,0,0,0
640167,2018,8,18,"2018-08-18","18:42:00",3,"KS",20,0,1,0,0,0,0,37.73,-101.33,37.73,-101.33,0,0,0,0,0,67,0,0,0
640168,2018,8,18,"2018-08-18","18:55:00",3,"KS",20,0,1,0,0,0,0,37.68,-101.33,37.68,-101.33,0,0,0,0,0,67,0,0,0
640169,2018,8,18,"2018-08-18","19:18:00",3,"KS",20,0,1,0,0,0,0,37.68,-101.24,37.68,-101.24,0,0,0,0,0,67,0,0,0
640170,2018,8,18,"2018-08-18","19:49:00",3,"KS",20,0,2,0,0,0,0,37.64,-101.24,37.64,-101.24,0,0,0,0,0,67,0,0,0
640171,2018,8,19,"2018-08-19","01:36:00",3,"ND",38,0,1.75,0,0,0,0,47.88,-97.36,47.88,-97.36,0,0,0,0,0,35,0,0,0
640172,2018,8,19,"2018-08-19","14:45:00",3,"VA",51,0,0.88,0,0,0,0,36.94,-79.3122,36.94,-79.3122,0,0,0,0,0,143,0,0,0
640173,2018,8,19,"2018-08-19","15:05:00",3,"VA",51,0,1,0,0,0,0,36.9368,-79.2718,36.9368,-79.2718,0,0,0,0,0,143,0,0,0
640174,2018,8,19,"2018-08-19","15:40:00",3,"NM",35,0,1.5,0,0,1e+05,0,36.3582,-104.7626,36.3582,-104.7626,0,0,0,0,0,7,0,0,0
640175,2018,8,19,"2018-08-19","16:45:00",3,"AR",5,0,1,0,0,0,0,35.46,-93.52,35.46,-93.52,0,0,0,0,0,71,0,0,0
640176,2018,8,19,"2018-08-19","16:48:00",3,"AR",5,0,1,0,0,0,0,35.46,-93.47,35.46,-93.47,0,0,0,0,0,71,0,0,0
640177,2018,8,19,"2018-08-19","16:50:00",3,"AR",5,0,1.75,0,0,0,0,35.46,-93.47,35.46,-93.47,0,0,0,0,0,71,0,0,0
640178,2018,8,19,"2018-08-19","17:20:00",3,"AZ",4,0,1,0,0,0,0,31.37,-109.66,31.37,-109.66,0,0,0,0,0,3,0,0,0
640179,2018,8,19,"2018-08-19","18:17:00",3,"KS",20,0,1,0,0,0,0,38.78,-99.17,38.78,-99.17,0,0,0,0,0,51,0,0,0
640180,2018,8,19,"2018-08-19","18:30:00",3,"NM",35,0,1.75,0,0,30000,0,34.97,-104.6,34.97,-104.6,0,0,0,0,0,19,0,0,0
640181,2018,8,19,"2018-08-19","20:15:00",3,"AR",5,0,0.88,0,0,0,0,34.37,-92.82,34.37,-92.82,0,0,0,0,0,59,0,0,0
640182,2018,8,20,"2018-08-20","14:20:00",3,"AR",5,0,0.75,0,0,0,0,34.95,-92.24,34.95,-92.24,0,0,0,0,0,45,0,0,0
640183,2018,8,20,"2018-08-20","15:37:00",3,"MS",28,0,0.75,0,0,0,0,34.45,-90.4832,34.4484,-90.4686,0,0,0,0,0,27,0,0,0
640184,2018,8,20,"2018-08-20","15:50:00",3,"MS",28,0,1.25,0,0,0,0,34.3988,-90.4115,34.3874,-90.3557,0,0,0,0,0,119,0,0,0
640185,2018,8,20,"2018-08-20","17:42:00",3,"MS",28,0,1,0,0,0,0,34.217,-89.9545,34.2131,-89.9359,0,0,0,0,0,107,0,0,0
640186,2018,8,20,"2018-08-20","18:15:00",3,"IN",18,0,1,0,0,0,0,40.91,-86.45,40.91,-86.45,0,0,0,0,0,17,0,0,0
640187,2018,8,21,"2018-08-21","12:25:00",3,"CO",8,0,1,0,0,0,0,39.2708,-108.8364,39.2708,-108.8364,0,0,0,0,0,77,0,0,0
640188,2018,8,21,"2018-08-21","19:46:00",3,"OK",40,0,1.25,0,0,0,0,36.76,-102.28,36.76,-102.28,0,0,0,0,0,25,0,0,0
640189,2018,8,22,"2018-08-22","08:40:00",3,"ID",16,0,1,0,0,0,0,42.03,-111.98,42.03,-111.98,0,0,0,0,0,41,0,0,0
640190,2018,8,22,"2018-08-22","08:51:00",3,"ID",16,0,1,0,0,0,0,42.02,-111.8,42.02,-111.8,0,0,0,0,0,41,0,0,0
640191,2018,8,22,"2018-08-22","08:55:00",3,"UT",49,0,0.75,0,0,0,0,41.96,-111.88,41.96,-111.88,0,0,0,0,0,5,0,0,0
640192,2018,8,22,"2018-08-22","14:20:00",3,"UT",49,0,1.75,0,0,0,0,40.98,-111.88,40.98,-111.88,0,0,0,0,0,11,0,0,0
640193,2018,8,22,"2018-08-22","15:45:00",3,"AZ",4,0,1,0,0,0,0,32.43,-110.99,32.43,-110.99,0,0,0,0,0,19,0,0,0
640194,2018,8,22,"2018-08-22","16:00:00",3,"UT",49,0,0.88,0,0,0,0,41.17,-111.92,41.17,-111.92,0,0,0,0,0,57,0,0,0
640195,2018,8,22,"2018-08-22","17:10:00",3,"UT",49,0,0.88,0,0,0,0,40.4517,-109.5365,40.4517,-109.5365,0,0,0,0,0,47,0,0,0
640196,2018,8,22,"2018-08-22","17:10:00",3,"UT",49,0,0.75,0,0,0,0,40.4781,-109.5932,40.4781,-109.5932,0,0,0,0,0,47,0,0,0
640197,2018,8,22,"2018-08-22","17:20:00",3,"ID",16,0,1.25,0,0,0,0,42.65,-111.5997,42.65,-111.5997,0,0,0,0,0,29,0,0,0
640198,2018,8,22,"2018-08-22","17:21:00",3,"ID",16,0,1.25,0,0,0,0,42.65,-111.58,42.65,-111.58,0,0,0,0,0,29,0,0,0
640199,2018,8,22,"2018-08-22","18:00:00",3,"UT",49,0,1,0,0,0,0,40.33,-110.25,40.33,-110.25,0,0,0,0,0,13,0,0,0
640200,2018,8,22,"2018-08-22","18:00:00",3,"UT",49,0,0.75,0,0,0,0,40.67,-111.93,40.67,-111.93,0,0,0,0,0,35,0,0,0
640201,2018,8,22,"2018-08-22","18:33:00",3,"ID",16,0,1.5,0,0,400,0,42.18,-112,42.18,-112,0,0,0,0,0,41,0,0,0
640202,2018,8,22,"2018-08-22","18:35:00",3,"ID",16,0,1,0,0,0,0,42.27,-112.02,42.27,-112.02,0,0,0,0,0,41,0,0,0
640203,2018,8,22,"2018-08-22","18:46:00",3,"ID",16,0,1,0,0,0,0,42.23,-111.8518,42.23,-111.8518,0,0,0,0,0,41,0,0,0
640204,2018,8,22,"2018-08-22","21:33:00",3,"MT",30,0,1,0,0,0,0,45.27,-109.22,45.27,-109.22,0,0,0,0,0,9,0,0,0
640205,2018,8,23,"2018-08-23","06:35:00",3,"MT",30,0,1,0,0,0,0,46.83,-104.78,46.83,-104.78,0,0,0,0,0,79,0,0,0
640206,2018,8,23,"2018-08-23","07:00:00",3,"MT",30,0,1,0,0,0,0,46.77,-104.77,46.77,-104.77,0,0,0,0,0,79,0,0,0
640207,2018,8,23,"2018-08-23","08:50:00",3,"ND",38,0,0.88,0,0,0,0,46.92,-104.01,46.92,-104.01,0,0,0,0,0,33,0,0,0
640208,2018,8,23,"2018-08-23","12:58:00",3,"UT",49,0,1,0,0,0,0,37.57,-112.05,37.57,-112.05,0,0,0,0,0,17,0,0,0
640209,2018,8,23,"2018-08-23","13:27:00",3,"UT",49,0,0.88,0,0,0,0,37.51,-111.99,37.51,-111.99,0,0,0,0,0,25,0,0,0
640210,2018,8,23,"2018-08-23","14:24:00",3,"SD",46,0,1,0,0,0,0,44.3535,-103.451,44.3535,-103.451,0,0,0,0,0,93,0,0,0
640211,2018,8,23,"2018-08-23","15:15:00",3,"SD",46,0,1.25,0,0,0,0,44.08,-103.2904,44.08,-103.2904,0,0,0,0,0,103,0,0,0
640212,2018,8,23,"2018-08-23","15:19:00",3,"SD",46,0,1.75,0,0,0,0,44.0745,-103.2114,44.0745,-103.2114,0,0,0,0,0,103,0,0,0
640213,2018,8,23,"2018-08-23","15:20:00",3,"SD",46,0,1.75,0,0,0,0,44.0666,-103.2223,44.0666,-103.2223,0,0,0,0,0,103,0,0,0
640214,2018,8,23,"2018-08-23","15:25:00",3,"SD",46,0,1,0,0,0,0,44.0634,-103.1742,44.0634,-103.1742,0,0,0,0,0,103,0,0,0
640215,2018,8,23,"2018-08-23","15:25:00",3,"SD",46,0,1.5,0,0,0,0,44.0855,-103.2114,44.0855,-103.2114,0,0,0,0,0,103,0,0,0
640216,2018,8,23,"2018-08-23","15:25:00",3,"SD",46,0,1.5,0,0,0,0,44.0655,-103.23,44.0655,-103.23,0,0,0,0,0,103,0,0,0
640217,2018,8,23,"2018-08-23","15:26:00",3,"SD",46,0,1,0,0,0,0,44.08,-103.1897,44.08,-103.1897,0,0,0,0,0,103,0,0,0
640218,2018,8,23,"2018-08-23","15:28:00",3,"SD",46,0,1.75,0,0,0,0,44.05,-103.14,44.05,-103.14,0,0,0,0,0,103,0,0,0
640219,2018,8,23,"2018-08-23","15:29:00",3,"SD",46,0,1.25,0,0,0,0,44.07,-103.13,44.07,-103.13,0,0,0,0,0,103,0,0,0
640220,2018,8,23,"2018-08-23","15:35:00",3,"SD",46,0,1.5,0,0,0,0,44.0579,-103.1556,44.0579,-103.1556,0,0,0,0,0,103,0,0,0
640221,2018,8,23,"2018-08-23","15:44:00",3,"SD",46,0,1,0,0,0,0,44.6534,-103.4936,44.6534,-103.4936,0,0,0,0,0,19,0,0,0
640222,2018,8,23,"2018-08-23","16:00:00",3,"SD",46,0,1.75,0,0,0,0,43.7484,-102.7708,43.7484,-102.7708,0,0,0,0,0,33,0,0,0
640223,2018,8,23,"2018-08-23","16:31:00",3,"SD",46,0,1.75,0,0,0,0,45.07,-99.87,45.07,-99.87,0,0,0,0,0,107,0,0,0
640224,2018,8,23,"2018-08-23","16:39:00",3,"SD",46,0,1,0,0,0,0,43.8742,-102.24,43.8742,-102.24,0,0,0,0,0,103,0,0,0
640225,2018,8,23,"2018-08-23","16:48:00",3,"SD",46,0,1,0,0,0,0,43.65,-101.85,43.65,-101.85,0,0,0,0,0,71,0,0,0
640226,2018,8,23,"2018-08-23","16:50:00",3,"SD",46,0,1.5,0,0,0,0,43.71,-102.13,43.71,-102.13,0,0,0,0,0,103,0,0,0
640227,2018,8,23,"2018-08-23","17:01:00",3,"SD",46,0,1.75,0,0,0,0,45.27,-99.78,45.27,-99.78,0,0,0,0,0,129,0,0,0
640228,2018,8,23,"2018-08-23","17:03:00",3,"SD",46,0,3,0,0,0,0,45.28,-99.83,45.28,-99.83,0,0,0,0,0,129,0,0,0
640229,2018,8,23,"2018-08-23","17:15:00",3,"SD",46,0,1,0,0,0,0,43.83,-101.27,43.83,-101.27,0,0,0,0,0,71,0,0,0
640230,2018,8,23,"2018-08-23","17:26:00",3,"SD",46,0,1,0,0,0,0,43.58,-101.1599,43.58,-101.1599,0,0,0,0,0,95,0,0,0
640231,2018,8,23,"2018-08-23","18:00:00",3,"SD",46,0,1.25,0,0,0,0,45.92,-101.23,45.92,-101.23,0,0,0,0,0,31,0,0,0
640232,2018,8,23,"2018-08-23","18:16:00",3,"SD",46,0,1.25,0,0,0,0,45.91,-101.11,45.91,-101.11,0,0,0,0,0,31,0,0,0
640233,2018,8,23,"2018-08-23","18:45:00",3,"SD",46,0,0.88,0,0,0,0,44.78,-99.05,44.78,-99.05,0,0,0,0,0,59,0,0,0
640234,2018,8,23,"2018-08-23","18:47:00",3,"SD",46,0,1,0,0,0,0,44.75,-99.15,44.75,-99.15,0,0,0,0,0,59,0,0,0
640235,2018,8,23,"2018-08-23","19:06:00",3,"AZ",4,0,1,0,0,0,0,33.57,-112.05,33.57,-112.05,0,0,0,0,0,13,0,0,0
640236,2018,8,24,"2018-08-24","07:51:00",3,"MN",27,0,1,0,0,0,0,44.94,-93.66,44.94,-93.66,0,0,0,0,0,53,0,0,0
640237,2018,8,24,"2018-08-24","08:04:00",3,"MN",27,0,1,0,0,0,0,44.99,-93.6,44.99,-93.6,0,0,0,0,0,53,0,0,0
640238,2018,8,24,"2018-08-24","08:15:00",3,"MN",27,0,0.75,0,0,0,0,45.11,-93.46,45.11,-93.46,0,0,0,0,0,53,0,0,0
640239,2018,8,24,"2018-08-24","08:25:00",3,"MN",27,0,0.88,0,0,0,0,45.02,-93.46,45.02,-93.46,0,0,0,0,0,53,0,0,0
640240,2018,8,24,"2018-08-24","09:57:00",3,"MN",27,0,0.88,0,0,0,0,45.08,-93.14,45.08,-93.14,0,0,0,0,0,123,0,0,0
640241,2018,8,24,"2018-08-24","16:28:00",3,"IA",19,0,1.25,0,0,0,50000,43.33,-94.01,43.33,-94.01,0,0,0,0,0,109,0,0,0
640242,2018,8,24,"2018-08-24","17:43:00",3,"IA",19,0,1,0,0,0,0,43.14,-93.38,43.14,-93.38,0,0,0,0,0,33,0,0,0
640243,2018,8,24,"2018-08-24","17:44:00",3,"IA",19,0,1,0,0,0,0,43.15,-93.36,43.15,-93.36,0,0,0,0,0,33,0,0,0
640244,2018,8,24,"2018-08-24","17:45:00",3,"IA",19,0,1.25,0,0,0,0,43.17,-93.42,43.17,-93.42,0,0,0,0,0,33,0,0,0
640245,2018,8,24,"2018-08-24","17:50:00",3,"IA",19,0,1.75,0,0,5000,0,43.14,-93.37,43.14,-93.37,0,0,0,0,0,33,0,0,0
640246,2018,8,24,"2018-08-24","17:56:00",3,"IA",19,0,1.25,0,0,2000,0,43.14,-93.37,43.14,-93.37,0,0,0,0,0,33,0,0,0
640247,2018,8,24,"2018-08-24","18:10:00",3,"IA",19,0,1,0,0,0,0,43.17,-93.2,43.17,-93.2,0,0,0,0,0,33,0,0,0
640248,2018,8,25,"2018-08-25","14:51:00",3,"IN",18,0,0.88,0,0,0,0,39.89,-85.84,39.89,-85.84,0,0,0,0,0,59,0,0,0
640249,2018,8,25,"2018-08-25","15:30:00",3,"IN",18,0,0.75,0,0,0,0,39.77,-86.03,39.77,-86.03,0,0,0,0,0,97,0,0,0
640250,2018,8,25,"2018-08-25","17:10:00",3,"IN",18,0,1.75,0,0,0,0,39.36,-85.48,39.36,-85.48,0,0,0,0,0,31,0,0,0
640251,2018,8,25,"2018-08-25","17:10:00",3,"IN",18,0,1.75,0,0,0,0,39.34,-85.47,39.34,-85.47,0,0,0,0,0,31,0,0,0
640252,2018,8,25,"2018-08-25","17:10:00",3,"IN",18,0,2.75,0,0,150000,0,39.34,-85.48,39.34,-85.48,0,0,0,0,0,31,0,0,0
640253,2018,8,25,"2018-08-25","17:15:00",3,"IN",18,0,1,0,0,0,0,39.39,-85.4,39.39,-85.4,0,0,0,0,0,31,0,0,0
640254,2018,8,25,"2018-08-25","17:17:00",3,"IN",18,0,2.75,0,0,0,0,39.34,-85.46,39.34,-85.46,0,0,0,0,0,31,0,0,0
640255,2018,8,25,"2018-08-25","17:22:00",3,"IN",18,0,2.75,0,0,0,0,39.31,-85.23,39.31,-85.23,0,0,0,0,0,47,0,0,0
640256,2018,8,25,"2018-08-25","18:55:00",3,"CO",8,0,0.75,0,0,0,0,40.0745,-102.6738,40.0745,-102.6738,0,0,0,0,0,125,0,0,0
640257,2018,8,25,"2018-08-25","19:40:00",3,"CO",8,0,0.75,0,0,0,0,39.8413,-102.7017,39.8413,-102.7017,0,0,0,0,0,125,0,0,0
640258,2018,8,25,"2018-08-25","20:51:00",3,"ND",38,0,0.75,0,0,0,0,46.99,-99.49,46.99,-99.49,0,0,0,0,0,43,0,0,0
640259,2018,8,25,"2018-08-25","20:52:00",3,"ND",38,0,1,0,0,0,0,46.78,-98.57,46.78,-98.57,0,0,0,0,0,93,0,0,0
640260,2018,8,25,"2018-08-25","21:22:00",3,"ND",38,0,1.25,0,0,0,0,47.37,-98.22,47.37,-98.22,0,0,0,0,0,39,0,0,0
640261,2018,8,25,"2018-08-25","21:40:00",3,"ND",38,0,1,0,0,0,0,47.48,-97.94,47.48,-97.94,0,0,0,0,0,91,0,0,0
640262,2018,8,25,"2018-08-25","22:00:00",3,"ND",38,0,1.75,0,0,0,0,46.88,-99.48,46.88,-99.48,0,0,0,0,0,43,0,0,0
640263,2018,8,26,"2018-08-26","00:10:00",3,"ND",38,0,0.88,0,0,0,0,46.93,-97.68,46.93,-97.68,0,0,0,0,0,17,0,0,0
640264,2018,8,26,"2018-08-26","01:08:00",3,"ND",38,0,1.5,0,0,0,0,46.71,-97.07,46.71,-97.07,0,0,0,0,0,17,0,0,0
640265,2018,8,26,"2018-08-26","01:10:00",3,"ND",38,0,2.5,0,0,0,0,46.68,-97.07,46.68,-97.07,0,0,0,0,0,17,0,0,0
640266,2018,8,26,"2018-08-26","01:21:00",3,"ND",38,0,1.5,0,0,0,0,46.7,-96.9,46.7,-96.9,0,0,0,0,0,17,0,0,0
640267,2018,8,26,"2018-08-26","01:30:00",3,"ND",38,0,1.5,0,0,0,0,46.67,-96.81,46.67,-96.81,0,0,0,0,0,17,0,0,0
640268,2018,8,26,"2018-08-26","01:35:00",3,"MN",27,0,1,0,0,0,0,46.66,-96.75,46.66,-96.75,0,0,0,0,0,27,0,0,0
640269,2018,8,26,"2018-08-26","01:50:00",3,"MN",27,0,1,0,0,0,0,46.65,-96.52,46.65,-96.52,0,0,0,0,0,27,0,0,0
640270,2018,8,26,"2018-08-26","02:50:00",3,"MN",27,0,1.5,0,0,0,0,45.7033,-93.9541,45.7033,-93.9541,0,0,0,0,0,9,0,0,0
640271,2018,8,26,"2018-08-26","03:12:00",3,"MN",27,0,1.75,0,0,0,0,45.6903,-93.666,45.7011,-93.5549,0,0,0,0,0,95,0,0,0
640272,2018,8,26,"2018-08-26","03:22:00",3,"MN",27,0,1.75,0,0,50000,0,45.7011,-93.5549,45.7263,-93.1783,0,0,0,0,0,59,0,0,0
640273,2018,8,26,"2018-08-26","04:35:00",3,"MN",27,0,1.25,0,0,0,0,45.57,-93.53,45.57,-93.53,0,0,0,0,0,95,0,0,0
640274,2018,8,26,"2018-08-26","04:41:00",3,"MN",27,0,1,0,0,0,0,45.57,-93.51,45.57,-93.51,0,0,0,0,0,59,0,0,0
640275,2018,8,26,"2018-08-26","05:22:00",3,"MN",27,0,1,0,0,0,0,45.4,-92.99,45.4,-92.99,0,0,0,0,0,25,0,0,0
640276,2018,8,26,"2018-08-26","05:30:00",3,"MN",27,0,1,0,0,0,0,45.36,-92.88,45.36,-92.88,0,0,0,0,0,25,0,0,0
640277,2018,8,26,"2018-08-26","05:32:00",3,"MN",27,0,1,0,0,0,0,45.33,-92.9,45.33,-92.9,0,0,0,0,0,25,0,0,0
640278,2018,8,26,"2018-08-26","06:16:00",3,"WI",55,0,1.5,0,0,0,0,45.17,-92.47,45.17,-92.47,0,0,0,0,0,109,0,0,0
640279,2018,8,26,"2018-08-26","06:25:00",3,"WI",55,0,0.88,0,0,0,0,45.15,-92.36,45.15,-92.36,0,0,0,0,0,109,0,0,0
640280,2018,8,26,"2018-08-26","07:32:00",3,"SD",46,0,1.25,0,0,0,0,45.64,-98.65,45.64,-98.65,0,0,0,0,0,13,0,0,0
640281,2018,8,26,"2018-08-26","14:35:00",3,"ND",38,0,1,0,0,0,0,46.86,-96.8,46.86,-96.8,0,0,0,0,0,17,0,0,0
640282,2018,8,26,"2018-08-26","15:33:00",3,"WI",55,0,0.75,0,0,1000,0,43.1,-89.51,43.1,-89.51,0,0,0,0,0,25,0,0,0
640283,2018,8,26,"2018-08-26","15:47:00",3,"MN",27,0,1.75,0,0,0,0,46.61,-93.3,46.61,-93.3,0,0,0,0,0,1,0,0,0
640284,2018,8,26,"2018-08-26","16:05:00",3,"MN",27,0,1.25,0,0,0,0,46.7,-93.2,46.7,-93.2,0,0,0,0,0,1,0,0,0
640285,2018,8,26,"2018-08-26","16:15:00",3,"MN",27,0,0.88,0,0,0,0,46.77,-93.15,46.77,-93.15,0,0,0,0,0,1,0,0,0
640286,2018,8,26,"2018-08-26","17:16:00",3,"MN",27,0,1,0,0,0,0,47.1,-95.84,47.1,-95.84,0,0,0,0,0,5,0,0,0
640287,2018,8,26,"2018-08-26","17:40:00",3,"MN",27,0,1.25,0,0,0,0,47.15,-95.6,47.15,-95.6,0,0,0,0,0,87,0,0,0
640288,2018,8,26,"2018-08-26","18:42:00",3,"SD",46,0,1,0,0,0,0,44.51,-100.45,44.51,-100.45,0,0,0,0,0,65,0,0,0
640289,2018,8,26,"2018-08-26","18:50:00",3,"SD",46,0,1.75,0,0,0,0,44.5,-100.35,44.5,-100.35,0,0,0,0,0,65,0,0,0
640290,2018,8,26,"2018-08-26","19:02:00",3,"SD",46,0,2,0,0,0,0,44.52,-100.11,44.52,-100.11,0,0,0,0,0,65,0,0,0
640291,2018,8,26,"2018-08-26","19:02:00",3,"SD",46,0,1.5,0,0,0,0,44.59,-99.99,44.59,-99.99,0,0,0,0,0,119,0,0,0
640292,2018,8,26,"2018-08-26","19:05:00",3,"SD",46,0,1.75,0,0,0,0,44.45,-100.03,44.45,-100.03,0,0,0,0,0,65,0,0,0
640293,2018,8,26,"2018-08-26","19:16:00",3,"SD",46,0,4,0,0,0,0,44.52,-99.99,44.52,-99.99,0,0,0,0,0,65,0,0,0
640294,2018,8,26,"2018-08-26","19:19:00",3,"SD",46,0,1,0,0,0,0,44.49,-100,44.49,-100,0,0,0,0,0,65,0,0,0
640295,2018,8,26,"2018-08-26","19:20:00",3,"SD",46,0,1,0,0,0,0,45.72,-98.94,45.72,-98.94,0,0,0,0,0,89,0,0,0
640296,2018,8,26,"2018-08-26","19:45:00",3,"ND",38,0,1,0,0,0,0,46.51,-99.77,46.51,-99.77,0,0,0,0,0,47,0,0,0
640297,2018,8,26,"2018-08-26","20:16:00",3,"ND",38,0,1,0,0,0,0,46.66,-98.36,46.66,-98.36,0,0,0,0,0,3,0,0,0
640298,2018,8,26,"2018-08-26","20:36:00",3,"ND",38,0,1,0,0,0,0,46.6,-99,46.6,-99,0,0,0,0,0,45,0,0,0
640299,2018,8,26,"2018-08-26","20:40:00",3,"ND",38,0,0.75,0,0,0,0,46.92,-98.01,46.92,-98.01,0,0,0,0,0,3,0,0,0
640300,2018,8,26,"2018-08-26","21:08:00",3,"SD",46,0,1.5,0,0,0,0,44.4,-98.73,44.4,-98.73,0,0,0,0,0,59,0,0,0
640301,2018,8,26,"2018-08-26","21:20:00",3,"SD",46,0,1,0,0,0,0,44.43,-98.68,44.43,-98.68,0,0,0,0,0,5,0,0,0
640302,2018,8,26,"2018-08-26","23:05:00",3,"SD",46,0,0.88,0,0,0,0,44.58,-97.21,44.58,-97.21,0,0,0,0,0,57,0,0,0
640303,2018,8,26,"2018-08-26","23:18:00",3,"SD",46,0,1.5,0,0,0,0,44.58,-96.9,44.58,-96.9,0,0,0,0,0,57,0,0,0
640304,2018,8,26,"2018-08-26","23:30:00",3,"MN",27,0,0.75,0,0,0,0,46.86,-95.5,46.86,-95.5,0,0,0,0,0,5,0,0,0
640305,2018,8,26,"2018-08-26","23:55:00",3,"MN",27,0,1,0,0,0,0,44.66,-93.17,44.66,-93.17,0,0,0,0,0,37,0,0,0
640306,2018,8,27,"2018-08-27","00:35:00",3,"MN",27,0,1,0,0,0,0,47.53,-94.96,47.53,-94.96,0,0,0,0,0,7,0,0,0
640307,2018,8,27,"2018-08-27","07:30:00",3,"SD",46,0,1.75,0,0,0,0,45.72,-98.72,45.72,-98.72,0,0,0,0,0,13,0,0,0
640308,2018,8,27,"2018-08-27","13:29:00",3,"NE",31,0,1.75,0,0,0,0,42.51,-96.83,42.51,-96.83,0,0,0,0,0,51,0,0,0
640309,2018,8,27,"2018-08-27","13:38:00",3,"NE",31,0,1.75,0,0,0,0,42.56,-96.73,42.56,-96.73,0,0,0,0,0,51,0,0,0
640310,2018,8,27,"2018-08-27","14:30:00",3,"IA",19,0,1,0,0,0,0,43.19,-95.38,43.19,-95.38,0,0,0,0,0,41,0,0,0
640311,2018,8,27,"2018-08-27","14:33:00",3,"IA",19,0,1,0,0,0,0,42.96,-96.01,42.96,-96.01,0,0,0,0,0,167,0,0,0
640312,2018,8,27,"2018-08-27","14:39:00",3,"IA",19,0,1.25,0,0,0,0,42.99,-95.97,42.99,-95.97,0,0,0,0,0,167,0,0,0
640313,2018,8,27,"2018-08-27","14:39:00",3,"IA",19,0,1.75,0,0,0,0,42.99,-95.95,42.99,-95.95,0,0,0,0,0,167,0,0,0
640314,2018,8,27,"2018-08-27","14:45:00",3,"MN",27,0,1,0,0,0,0,45.6,-95.31,45.6,-95.31,0,0,0,0,0,121,0,0,0
640315,2018,8,27,"2018-08-27","14:48:00",3,"IA",19,0,0.75,0,0,0,0,42.98,-95.9,42.98,-95.9,0,0,0,0,0,167,0,0,0
640316,2018,8,27,"2018-08-27","14:51:00",3,"IA",19,0,1.25,0,0,0,0,43.09,-95.77,43.09,-95.77,0,0,0,0,0,141,0,0,0
640317,2018,8,27,"2018-08-27","15:05:00",3,"MN",27,0,1.25,0,0,0,0,45.72,-95.14,45.72,-95.14,0,0,0,0,0,145,0,0,0
640318,2018,8,27,"2018-08-27","15:14:00",3,"VA",51,0,0.75,0,0,0,0,38.9368,-78.0466,38.9368,-78.0466,0,0,0,0,0,187,0,0,0
640319,2018,8,27,"2018-08-27","15:54:00",3,"FL",12,0,0.75,0,0,0,0,27.4615,-82.6184,27.4615,-82.6184,0,0,0,0,0,81,0,0,0
640320,2018,8,27,"2018-08-27","16:37:00",3,"SD",46,0,1.75,0,0,0,0,44.25,-102.0686,44.25,-102.0686,0,0,0,0,0,103,0,0,0
640321,2018,8,27,"2018-08-27","16:44:00",3,"SD",46,0,1.75,0,0,0,0,44.3,-101.79,44.3,-101.79,0,0,0,0,0,55,0,0,0
640322,2018,8,27,"2018-08-27","17:10:00",3,"SD",46,0,1,0,0,0,0,44.2,-101.91,44.2,-101.91,0,0,0,0,0,55,0,0,0
640323,2018,8,27,"2018-08-27","17:27:00",3,"SD",46,0,0.88,0,0,0,0,44.3,-101.37,44.3,-101.37,0,0,0,0,0,55,0,0,0
640324,2018,8,27,"2018-08-27","17:30:00",3,"SD",46,0,0.88,0,0,0,0,44.3,-101.25,44.3,-101.25,0,0,0,0,0,55,0,0,0
640325,2018,8,27,"2018-08-27","17:42:00",3,"SD",46,0,1,0,0,0,0,44.1175,-101.4094,44.1175,-101.4094,0,0,0,0,0,55,0,0,0
640326,2018,8,27,"2018-08-27","18:06:00",3,"SD",46,0,1,0,0,0,0,44.08,-101.01,44.08,-101.01,0,0,0,0,0,75,0,0,0
640327,2018,8,27,"2018-08-27","18:24:00",3,"TX",48,0,0.88,0,0,0,0,31.92,-102.3923,31.92,-102.3923,0,0,0,0,0,135,0,0,0
640328,2018,8,27,"2018-08-27","18:30:00",3,"NE",31,0,1,0,0,0,0,41.63,-99.92,41.63,-99.92,0,0,0,0,0,41,0,0,0
640329,2018,8,27,"2018-08-27","18:37:00",3,"NE",31,0,1,0,0,0,0,41.61,-99.9,41.61,-99.9,0,0,0,0,0,41,0,0,0
640330,2018,8,27,"2018-08-27","18:47:00",3,"NE",31,0,1,0,0,0,0,41.6,-99.83,41.6,-99.83,0,0,0,0,0,41,0,0,0
640331,2018,8,27,"2018-08-27","18:55:00",3,"SD",46,0,3.5,0,0,0,0,43.91,-100.06,43.91,-100.06,0,0,0,0,0,85,0,0,0
640332,2018,8,27,"2018-08-27","18:56:00",3,"SD",46,0,1.75,0,0,0,0,43.89,-100.11,43.89,-100.11,0,0,0,0,0,85,0,0,0
640333,2018,8,27,"2018-08-27","19:03:00",3,"ND",38,0,1,0,0,0,0,46.63,-97.85,46.63,-97.85,0,0,0,0,0,3,0,0,0
640334,2018,8,27,"2018-08-27","19:20:00",3,"ND",38,0,2,0,0,0,0,46.67,-97.56,46.67,-97.56,0,0,0,0,0,17,0,0,0
640335,2018,8,27,"2018-08-27","19:36:00",3,"ND",38,0,1.75,0,0,0,0,46.75,-97.31,46.75,-97.31,0,0,0,0,0,17,0,0,0
640336,2018,8,27,"2018-08-27","20:12:00",3,"ND",38,0,0.75,0,0,0,0,46.87,-96.88,46.87,-96.88,0,0,0,0,0,17,0,0,0
640337,2018,8,27,"2018-08-27","20:15:00",3,"ND",38,0,1,0,0,0,0,46.76,-96.81,46.76,-96.81,0,0,0,0,0,17,0,0,0
640338,2018,8,27,"2018-08-27","20:35:00",3,"MN",27,0,1,0,0,0,0,47.08,-96.26,47.08,-96.26,0,0,0,0,0,27,0,0,0
640339,2018,8,27,"2018-08-27","20:47:00",3,"MN",27,0,1,0,0,0,0,47.12,-96.09,47.12,-96.09,0,0,0,0,0,5,0,0,0
640340,2018,8,28,"2018-08-28","00:00:00",3,"SD",46,0,1.75,0,0,0,0,43.46,-97.94,43.46,-97.94,0,0,0,0,0,67,0,0,0
640341,2018,8,28,"2018-08-28","00:15:00",3,"SD",46,0,1.75,0,0,0,0,43.48,-97.78,43.48,-97.78,0,0,0,0,0,67,0,0,0
640342,2018,8,28,"2018-08-28","01:05:00",3,"SD",46,0,1.75,0,0,0,0,43.53,-96.95,43.53,-96.95,0,0,0,0,0,99,0,0,0
640343,2018,8,28,"2018-08-28","01:12:00",3,"SD",46,0,1.75,0,0,0,0,43.52,-96.87,43.52,-96.87,0,0,0,0,0,99,0,0,0
640344,2018,8,28,"2018-08-28","01:12:00",3,"SD",46,0,1.25,0,0,0,0,43.53,-96.82,43.53,-96.82,0,0,0,0,0,99,0,0,0
640345,2018,8,28,"2018-08-28","01:14:00",3,"SD",46,0,1,0,0,0,0,43.53,-96.83,43.53,-96.83,0,0,0,0,0,99,0,0,0
640346,2018,8,28,"2018-08-28","01:15:00",3,"SD",46,0,1.5,0,0,0,0,43.54,-96.82,43.54,-96.82,0,0,0,0,0,99,0,0,0
640347,2018,8,28,"2018-08-28","01:19:00",3,"SD",46,0,1,0,0,0,0,43.55,-96.75,43.55,-96.75,0,0,0,0,0,99,0,0,0
640348,2018,8,28,"2018-08-28","01:20:00",3,"SD",46,0,1.25,0,0,0,0,43.54,-96.7,43.54,-96.7,0,0,0,0,0,99,0,0,0
640349,2018,8,28,"2018-08-28","01:20:00",3,"SD",46,0,1.5,0,0,0,0,43.55,-96.71,43.55,-96.71,0,0,0,0,0,99,0,0,0
640350,2018,8,28,"2018-08-28","01:22:00",3,"SD",46,0,1.75,0,0,0,0,43.55,-96.69,43.55,-96.69,0,0,0,0,0,99,0,0,0
640351,2018,8,28,"2018-08-28","01:23:00",3,"SD",46,0,1.75,0,0,0,0,43.54,-96.69,43.54,-96.69,0,0,0,0,0,99,0,0,0
640352,2018,8,28,"2018-08-28","01:26:00",3,"SD",46,0,1,0,0,0,0,43.55,-96.63,43.55,-96.63,0,0,0,0,0,99,0,0,0
640353,2018,8,28,"2018-08-28","01:39:00",3,"SD",46,0,1,0,0,0,0,43.08,-98.37,43.08,-98.37,0,0,0,0,0,23,0,0,0
640354,2018,8,28,"2018-08-28","01:40:00",3,"SD",46,0,1,0,0,0,0,43.11,-98.43,43.11,-98.43,0,0,0,0,0,23,0,0,0
640355,2018,8,28,"2018-08-28","02:16:00",3,"SD",46,0,0.88,0,0,0,0,43.15,-97.72,43.15,-97.72,0,0,0,0,0,9,0,0,0
640356,2018,8,28,"2018-08-28","02:30:00",3,"SD",46,0,1,0,0,0,0,43.51,-97.39,43.51,-97.39,0,0,0,0,0,87,0,0,0
640357,2018,8,28,"2018-08-28","02:39:00",3,"SD",46,0,1.25,0,0,0,0,43.24,-97.3,43.24,-97.3,0,0,0,0,0,125,0,0,0
640358,2018,8,28,"2018-08-28","03:36:00",3,"IA",19,0,1,0,0,0,0,43.2,-96.3,43.2,-96.3,0,0,0,0,0,167,0,0,0
640359,2018,8,28,"2018-08-28","03:37:00",3,"IA",19,0,0.88,0,0,0,0,43.2,-96.29,43.2,-96.29,0,0,0,0,0,167,0,0,0
640360,2018,8,28,"2018-08-28","04:15:00",3,"IA",19,0,1.5,0,0,0,0,42.99,-95.96,42.99,-95.96,0,0,0,0,0,167,0,0,0
640361,2018,8,28,"2018-08-28","04:48:00",3,"IA",19,0,0.75,0,0,0,0,42.98,-95.49,42.98,-95.49,0,0,0,0,0,141,0,0,0
640362,2018,8,28,"2018-08-28","04:52:00",3,"IA",19,0,2.5,0,0,0,0,43.0255,-95.4214,43.0255,-95.4214,0,0,0,0,0,141,0,0,0
640363,2018,8,28,"2018-08-28","05:14:00",3,"IA",19,0,1,0,0,0,0,42.75,-95.56,42.75,-95.56,0,0,0,0,0,35,0,0,0
640364,2018,8,28,"2018-08-28","05:19:00",3,"IA",19,0,1.75,0,0,0,0,43.02,-95.08,43.02,-95.08,0,0,0,0,0,41,0,0,0
640365,2018,8,28,"2018-08-28","05:20:00",3,"IA",19,0,1.5,0,0,0,0,42.76,-95.54,42.76,-95.54,0,0,0,0,0,35,0,0,0
640366,2018,8,28,"2018-08-28","05:20:00",3,"IA",19,0,1.75,0,0,0,0,43.03,-94.99,43.03,-94.99,0,0,0,0,0,41,0,0,0
640367,2018,8,28,"2018-08-28","05:38:00",3,"IA",19,0,3,0,0,50000,0,43.01,-94.83,43.01,-94.83,0,0,0,0,0,147,0,0,0
640368,2018,8,28,"2018-08-28","05:58:00",3,"IA",19,0,2.75,0,0,20000,0,42.91,-94.62,42.91,-94.62,0,0,0,0,0,151,0,0,0
640369,2018,8,28,"2018-08-28","06:01:00",3,"IL",17,0,0.88,0,0,0,0,42.03,-88.28,42.03,-88.28,0,0,0,0,0,89,0,0,0
640370,2018,8,28,"2018-08-28","06:12:00",3,"IA",19,0,2.75,0,0,50000,0,42.96,-94.45,42.96,-94.45,0,0,0,0,0,147,0,0,0
640371,2018,8,28,"2018-08-28","06:40:00",3,"IA",19,0,1.75,0,0,5000,0,43.09,-93.99,43.09,-93.99,0,0,0,0,0,109,0,0,0
640372,2018,8,28,"2018-08-28","06:55:00",3,"IA",19,0,2.5,0,0,10000,0,43.09,-93.99,43.09,-93.99,0,0,0,0,0,109,0,0,0
640373,2018,8,28,"2018-08-28","06:56:00",3,"IA",19,0,1.75,0,0,5000,0,42.93,-93.79,42.93,-93.79,0,0,0,0,0,81,0,0,0
640374,2018,8,28,"2018-08-28","07:06:00",3,"IA",19,0,3,0,0,25000,0,43.1,-93.6,43.1,-93.6,0,0,0,0,0,81,0,0,0
640375,2018,8,28,"2018-08-28","07:10:00",3,"IA",19,0,2,0,0,10000,0,43.1,-93.6,43.1,-93.6,0,0,0,0,0,81,0,0,0
640376,2018,8,28,"2018-08-28","07:17:00",3,"NE",31,0,0.88,0,0,0,0,40.37,-96.18,40.37,-96.18,0,0,0,0,0,97,0,0,0
640377,2018,8,28,"2018-08-28","07:49:00",3,"IA",19,0,0.75,0,0,0,0,43.14,-93.01,43.14,-93.01,0,0,0,0,0,67,0,0,0
640378,2018,8,28,"2018-08-28","07:53:00",3,"IA",19,0,1,0,0,0,0,42.965,-92.8682,42.965,-92.8682,0,0,0,0,0,67,0,0,0
640379,2018,8,28,"2018-08-28","07:54:00",3,"IA",19,0,1,0,0,0,0,42.99,-92.87,42.99,-92.87,0,0,0,0,0,67,0,0,0
640380,2018,8,28,"2018-08-28","08:28:00",3,"IA",19,0,1.75,0,0,0,0,43.06,-92.37,43.06,-92.37,0,0,0,0,0,37,0,0,0
640381,2018,8,28,"2018-08-28","08:30:00",3,"IA",19,0,1.5,0,0,0,0,43.0595,-92.3184,43.0595,-92.3184,0,0,0,0,0,37,0,0,0
640382,2018,8,28,"2018-08-28","08:33:00",3,"IA",19,0,1,0,0,0,0,43.06,-92.31,43.06,-92.31,0,0,0,0,0,37,0,0,0
640383,2018,8,28,"2018-08-28","08:48:00",3,"MO",29,0,0.88,0,0,0,0,40.35,-94.87,40.35,-94.87,0,0,0,0,0,147,0,0,0
640384,2018,8,28,"2018-08-28","08:49:00",3,"KS",20,0,1.25,0,0,0,0,38.37,-96.54,38.37,-96.54,0,0,0,0,0,17,0,0,0
640385,2018,8,28,"2018-08-28","08:50:00",3,"IA",19,0,2,0,0,0,131000,43.07,-91.93,43.07,-91.93,0,0,0,0,0,65,0,0,0
640386,2018,8,28,"2018-08-28","08:52:00",3,"IA",19,0,1.75,0,0,0,0,43.06,-92,43.06,-92,0,0,0,0,0,65,0,0,0
640387,2018,8,28,"2018-08-28","09:34:00",3,"IA",19,0,0.88,0,0,0,0,43.06,-91.51,43.06,-91.51,0,0,0,0,0,43,0,0,0
640388,2018,8,28,"2018-08-28","10:10:00",3,"IA",19,0,0.75,0,0,0,0,41.36,-94.32,41.36,-94.32,0,0,0,0,0,1,0,0,0
640389,2018,8,28,"2018-08-28","10:33:00",3,"IA",19,0,1,0,0,0,0,41.94,-94.01,41.94,-94.01,0,0,0,0,0,15,0,0,0
640390,2018,8,28,"2018-08-28","11:40:00",3,"IA",19,0,0.88,0,0,0,0,42.73,-93.73,42.73,-93.73,0,0,0,0,0,197,0,0,0
640391,2018,8,28,"2018-08-28","11:50:00",3,"KS",20,0,1,0,0,0,0,39.9,-96.74,39.9,-96.74,0,0,0,0,0,117,0,0,0
640392,2018,8,28,"2018-08-28","11:55:00",3,"IA",19,0,1,0,0,0,0,42.76,-93.37,42.76,-93.37,0,0,0,0,0,69,0,0,0
640393,2018,8,28,"2018-08-28","12:01:00",3,"KS",20,0,1,0,0,0,0,39.96,-96.68,39.96,-96.68,0,0,0,0,0,117,0,0,0
640394,2018,8,28,"2018-08-28","12:09:00",3,"IA",19,0,1.75,0,0,5000,0,42.59,-94.85,42.59,-94.85,0,0,0,0,0,151,0,0,0
640395,2018,8,28,"2018-08-28","12:20:00",3,"IA",19,0,1.25,0,0,5000,0,42.58,-94.85,42.58,-94.85,0,0,0,0,0,151,0,0,0
640396,2018,8,28,"2018-08-28","12:27:00",3,"IA",19,0,2,0,0,5000,0,42.73,-94.67,42.73,-94.67,0,0,0,0,0,151,0,0,0
640397,2018,8,28,"2018-08-28","12:30:00",3,"IA",19,0,1,0,0,0,0,42.74,-94.67,42.74,-94.67,0,0,0,0,0,151,0,0,0
640398,2018,8,28,"2018-08-28","12:40:00",3,"IA",19,0,1.75,0,0,2000,0,42.59,-94.85,42.59,-94.85,0,0,0,0,0,151,0,0,0
640399,2018,8,28,"2018-08-28","14:00:00",3,"WI",55,0,1,0,0,0,0,43.77,-89.69,43.77,-89.69,0,0,0,0,0,1,0,0,0
640400,2018,8,28,"2018-08-28","16:19:00",3,"MO",29,0,0.75,0,0,0,0,38.99,-94.6,38.99,-94.6,0,0,0,0,0,95,0,0,0
640401,2018,8,28,"2018-08-28","16:38:00",3,"MO",29,0,0.88,0,0,0,0,39.04,-94.4,39.04,-94.4,0,0,0,0,0,95,0,0,0
640402,2018,8,28,"2018-08-28","16:52:00",3,"IA",19,0,0.88,0,0,0,0,41.59,-91.99,41.59,-91.99,0,0,0,0,0,95,0,0,0
640403,2018,8,28,"2018-08-28","16:57:00",3,"MO",29,0,0.75,0,0,0,0,39.05,-94.27,39.05,-94.27,0,0,0,0,0,95,0,0,0
640404,2018,8,28,"2018-08-28","17:34:00",3,"MO",29,0,1.25,0,0,0,0,40.15,-93.52,40.15,-93.52,0,0,0,0,0,79,0,0,0
640405,2018,8,28,"2018-08-28","19:00:00",3,"MO",29,0,1,0,0,0,0,39.75,-92.33,39.75,-92.33,0,0,0,0,0,121,0,0,0
640406,2018,8,28,"2018-08-28","20:18:00",3,"IL",17,0,1,0,0,0,0,41.7934,-88.45,41.7934,-88.45,0,0,0,0,0,89,0,0,0
640407,2018,8,28,"2018-08-28","20:27:00",3,"IL",17,0,0.75,0,0,0,0,41.8,-88.33,41.8,-88.33,0,0,0,0,0,89,0,0,0
640408,2018,8,29,"2018-08-29","15:15:00",3,"ME",23,0,1.75,0,0,0,0,46.06,-69.18,46.06,-69.18,0,0,0,0,0,21,0,0,0
640409,2018,8,29,"2018-08-29","16:35:00",3,"NE",31,0,0.88,0,0,0,0,41.42,-103.49,41.42,-103.49,0,0,0,0,0,7,0,0,0
640410,2018,8,29,"2018-08-29","16:45:00",3,"AL",1,0,1,0,0,0,0,34.38,-86.39,34.38,-86.39,0,0,0,0,0,95,0,0,0
640411,2018,8,29,"2018-08-29","16:48:00",3,"NE",31,0,1,0,0,0,0,41.34,-103.49,41.34,-103.49,0,0,0,0,0,105,0,0,0
640412,2018,8,29,"2018-08-29","17:02:00",3,"NE",31,0,1,0,0,0,0,41.3313,-103.49,41.3313,-103.49,0,0,0,0,0,105,0,0,0
640413,2018,8,29,"2018-08-29","17:25:00",3,"NE",31,0,1,0,0,0,0,41.3035,-103.1841,41.3035,-103.1841,0,0,0,0,0,33,0,0,0
640414,2018,8,29,"2018-08-29","17:39:00",3,"OK",40,0,1.5,0,0,10000,0,35.4509,-95.7166,35.4509,-95.7166,0,0,0,0,0,91,0,0,0
640415,2018,8,30,"2018-08-30","06:25:00",3,"MO",29,0,1.75,0,0,2000,0,36.9405,-93.387,36.9405,-93.387,0,0,0,0,0,209,0,0,0
640416,2018,8,30,"2018-08-30","09:55:00",3,"MO",29,0,1,0,0,0,0,37.25,-93.26,37.25,-93.26,0,0,0,0,0,77,0,0,0
640417,2018,8,30,"2018-08-30","14:02:00",3,"NC",37,0,1,0,0,0,0,36.58,-81.55,36.58,-81.55,0,0,0,0,0,9,0,0,0
640418,2018,8,30,"2018-08-30","15:51:00",3,"VA",51,0,0.75,0,0,0,0,37.4303,-79.1231,37.4303,-79.1231,0,0,0,0,0,9,0,0,0
640419,2018,8,31,"2018-08-31","01:04:00",3,"KS",20,0,1.75,0,0,0,0,39.98,-95.3,39.98,-95.3,0,0,0,0,0,43,0,0,0
640420,2018,8,31,"2018-08-31","01:30:00",3,"MN",27,0,1.25,0,0,0,0,45.32,-93.76,45.32,-93.76,0,0,0,0,0,141,0,0,0
640421,2018,8,31,"2018-08-31","01:30:00",3,"KS",20,0,1,0,0,0,0,39.57,-95.3,39.57,-95.3,0,0,0,0,0,5,0,0,0
640422,2018,8,31,"2018-08-31","02:03:00",3,"KS",20,0,1,0,0,0,0,39.58,-95.14,39.58,-95.14,0,0,0,0,0,5,0,0,0
640423,2018,8,31,"2018-08-31","02:30:00",3,"WI",55,0,1.5,0,0,0,0,45.22,-92.35,45.2542,-92.2647,0,0,0,0,0,95,0,0,0
640424,2018,8,31,"2018-08-31","02:56:00",3,"WI",55,0,1,0,0,0,0,46.18,-90.04,46.18,-90.04,0,0,0,0,0,51,0,0,0
640425,2018,8,31,"2018-08-31","03:15:00",3,"IA",19,0,1,0,0,0,0,40.67,-94.72,40.67,-94.72,0,0,0,0,0,173,0,0,0
640426,2018,8,31,"2018-08-31","03:30:00",3,"WI",55,0,0.75,0,0,0,0,44.93,-91.89,44.93,-91.89,0,0,0,0,0,33,0,0,0
640427,2018,8,31,"2018-08-31","05:47:00",3,"WI",55,0,0.75,0,0,0,0,45.57,-92.47,45.57,-92.47,0,0,0,0,0,95,0,0,0
640428,2018,8,31,"2018-08-31","06:20:00",3,"MN",27,0,1,0,0,0,0,43.85,-93.48,43.85,-93.48,0,0,0,0,0,161,0,0,0
640429,2018,8,31,"2018-08-31","06:25:00",3,"MN",27,0,1.25,0,0,0,0,43.8287,-93.4823,43.8254,-93.3901,0,0,0,0,0,47,0,0,0
640430,2018,8,31,"2018-08-31","06:33:00",3,"MN",27,0,0.88,0,0,0,0,44.0665,-93.2449,44.0812,-93.1936,0,0,0,0,0,147,0,0,0
640431,2018,8,31,"2018-08-31","07:17:00",3,"IA",19,0,0.75,0,0,0,0,41.7856,-93.5703,41.7856,-93.5703,0,0,0,0,0,153,0,0,0
640432,2018,8,31,"2018-08-31","08:00:00",3,"NE",31,0,1,0,0,0,0,40.48,-99.12,40.48,-99.12,0,0,0,0,0,99,0,0,0
640433,2018,8,31,"2018-08-31","08:03:00",3,"MO",29,0,1,0,0,0,0,38.63,-94.1,38.63,-94.1,0,0,0,0,0,101,0,0,0
640434,2018,8,31,"2018-08-31","10:33:00",3,"WI",55,0,2,0,0,0,0,44.7006,-92.5155,44.74,-92.48,0,0,0,0,0,93,0,0,0
640435,2018,8,31,"2018-08-31","10:44:00",3,"WI",55,0,1.75,0,0,0,0,44.73,-92.41,44.73,-92.41,0,0,0,0,0,93,0,0,0
640436,2018,8,31,"2018-08-31","12:50:00",3,"VA",51,0,1,0,0,0,0,36.85,-81.13,36.85,-81.13,0,0,0,0,0,197,0,0,0
640437,2018,8,31,"2018-08-31","13:05:00",3,"MN",27,0,1,0,0,0,0,48.15,-95.79,48.15,-95.79,0,0,0,0,0,113,0,0,0
640438,2018,8,31,"2018-08-31","13:55:00",3,"MN",27,0,1,0,0,0,0,48.6,-94.49,48.6,-94.49,0,0,0,0,0,77,0,0,0
640439,2018,8,31,"2018-08-31","15:17:00",3,"NE",31,0,1.75,0,0,0,0,41.88,-100.04,41.88,-100.04,0,0,0,0,0,9,0,0,0
640440,2018,8,31,"2018-08-31","15:21:00",3,"ND",38,0,1,0,0,0,0,46.07,-96.64,46.07,-96.64,0,0,0,0,0,77,0,0,0
640441,2018,8,31,"2018-08-31","15:35:00",3,"ND",38,0,2,0,0,0,0,46.05,-96.6,46.05,-96.6,0,0,0,0,0,77,0,0,0
640442,2018,8,31,"2018-08-31","15:38:00",3,"ND",38,0,0.88,0,0,0,0,45.96,-96.83,45.96,-96.83,0,0,0,0,0,77,0,0,0
640443,2018,8,31,"2018-08-31","15:48:00",3,"ND",38,0,1,0,0,0,0,45.95,-96.69,45.95,-96.69,0,0,0,0,0,77,0,0,0
640444,2018,8,31,"2018-08-31","15:55:00",3,"NE",31,0,1,0,0,0,0,41.63,-100.71,41.63,-100.71,0,0,0,0,0,113,0,0,0
640445,2018,8,31,"2018-08-31","16:05:00",3,"MN",27,0,1,0,0,0,0,45.99,-96.47,45.99,-96.47,0,0,0,0,0,155,0,0,0
640446,2018,8,31,"2018-08-31","16:19:00",3,"MN",27,0,1.75,0,0,0,0,46.27,-95.79,46.27,-95.79,0,0,0,0,0,111,0,0,0
640447,2018,8,31,"2018-08-31","16:27:00",3,"MN",27,0,2,0,0,0,0,46.27,-95.72,46.27,-95.72,0,0,0,0,0,111,0,0,0
640448,2018,8,31,"2018-08-31","16:30:00",3,"MN",27,0,1.25,0,0,0,0,46.28,-95.58,46.28,-95.58,0,0,0,0,0,111,0,0,0
640449,2018,8,31,"2018-08-31","16:32:00",3,"MN",27,0,1.25,0,0,0,0,46.25,-95.61,46.25,-95.61,0,0,0,0,0,111,0,0,0
640450,2018,8,31,"2018-08-31","16:45:00",3,"MN",27,0,1.75,0,0,0,0,46.6,-95.09,46.6,-95.09,0,0,0,0,0,159,0,0,0
640451,2018,8,31,"2018-08-31","16:48:00",3,"MN",27,0,1,0,0,0,0,46.32,-95.46,46.32,-95.46,0,0,0,0,0,111,0,0,0
640452,2018,8,31,"2018-08-31","16:58:00",3,"NE",31,0,1,0,0,0,0,41.88,-100.17,41.88,-100.17,0,0,0,0,0,9,0,0,0
640453,2018,8,31,"2018-08-31","16:59:00",3,"MN",27,0,0.88,0,0,0,0,46.69,-94.85,46.69,-94.85,0,0,0,0,0,159,0,0,0
640454,2018,8,31,"2018-08-31","17:00:00",3,"MN",27,0,1.5,0,0,0,0,46.64,-94.88,46.64,-94.88,0,0,0,0,0,159,0,0,0
640455,2018,8,31,"2018-08-31","17:25:00",3,"KS",20,0,0.88,0,0,0,0,37.55,-101.8,37.55,-101.8,0,0,0,0,0,187,0,0,0
640456,2018,8,31,"2018-08-31","17:49:00",3,"NE",31,0,1.75,0,0,0,0,41.52,-100.39,41.52,-100.39,0,0,0,0,0,113,0,0,0
640457,2018,8,31,"2018-08-31","18:00:00",3,"KS",20,0,0.75,0,0,0,0,37.39,-101.89,37.39,-101.89,0,0,0,0,0,187,0,0,0
640458,2018,8,31,"2018-08-31","18:01:00",3,"NE",31,0,1,0,0,0,0,41.28,-102.21,41.28,-102.21,0,0,0,0,0,69,0,0,0
640459,2018,8,31,"2018-08-31","19:00:00",3,"MN",27,0,0.75,0,0,0,0,46.54,-94.22,46.54,-94.22,0,0,0,0,0,35,0,0,0
640460,2018,8,31,"2018-08-31","19:03:00",3,"NE",31,0,1,0,0,0,0,41.29,-101.7,41.29,-101.7,0,0,0,0,0,101,0,0,0
640461,2018,8,31,"2018-08-31","19:12:00",3,"MN",27,0,3.25,0,0,0,0,46.52,-93.7,46.52,-93.7,0,0,0,0,0,1,0,0,0
640462,2018,8,31,"2018-08-31","19:13:00",3,"MN",27,0,1.75,0,0,0,0,46.53,-93.71,46.53,-93.71,0,0,0,0,0,1,0,0,0
640463,2018,8,31,"2018-08-31","19:13:00",3,"MN",27,0,2.75,0,0,0,0,46.52,-93.7,46.52,-93.7,0,0,0,0,0,1,0,0,0
640464,2018,8,31,"2018-08-31","19:15:00",3,"MN",27,0,1.75,0,0,0,0,46.54,-93.66,46.54,-93.66,0,0,0,0,0,1,0,0,0
640465,2018,8,31,"2018-08-31","19:48:00",3,"MN",27,0,0.88,0,0,0,0,46.71,-93.18,46.71,-93.18,0,0,0,0,0,1,0,0,0
640466,2018,8,31,"2018-08-31","19:57:00",3,"KS",20,0,1,0,0,0,0,38.66,-100.98,38.66,-100.98,0,0,0,0,0,171,0,0,0
640467,2018,8,31,"2018-08-31","20:20:00",3,"MN",27,0,1,0,0,0,0,46.65,-93.12,46.65,-93.12,0,0,0,0,0,1,0,0,0
640468,2018,8,31,"2018-08-31","20:24:00",3,"ND",38,0,0.88,0,0,0,0,47.89,-97.09,47.89,-97.09,0,0,0,0,0,35,0,0,0
640469,2018,8,31,"2018-08-31","20:25:00",3,"ND",38,0,1.25,0,0,0,0,47.8,-97.09,47.8,-97.09,0,0,0,0,0,35,0,0,0
640470,2018,8,31,"2018-08-31","20:37:00",3,"KS",20,0,1.75,0,0,0,0,38.9555,-100.5521,38.9555,-100.5521,0,0,0,0,0,63,0,0,0
640471,2018,8,31,"2018-08-31","20:45:00",3,"KS",20,0,1.75,0,0,0,0,38.9584,-100.5527,38.9584,-100.5527,0,0,0,0,0,63,0,0,0
640472,2018,8,31,"2018-08-31","20:55:00",3,"MN",27,0,1,0,0,0,0,46.7345,-92.45,46.7345,-92.45,0,0,0,0,0,17,0,0,0
640473,2018,8,31,"2018-08-31","20:57:00",3,"MN",27,0,1,0,0,0,0,47.8,-96.71,47.8,-96.71,0,0,0,0,0,119,0,0,0
640474,2018,8,31,"2018-08-31","21:05:00",3,"MN",27,0,1,0,0,0,0,46.79,-92.28,46.79,-92.28,0,0,0,0,0,137,0,0,0
640475,2018,8,31,"2018-08-31","21:13:00",3,"MN",27,0,1,0,0,0,0,46.84,-92.21,46.84,-92.21,0,0,0,0,0,137,0,0,0
640476,2018,8,31,"2018-08-31","21:21:00",3,"IA",19,0,1,0,0,0,0,41.44,-95.11,41.44,-95.11,0,0,0,0,0,29,0,0,0
640477,2018,8,31,"2018-08-31","21:27:00",3,"IA",19,0,2,0,0,0,0,41.44,-95.11,41.44,-95.11,0,0,0,0,0,29,0,0,0
640478,2018,8,31,"2018-08-31","22:21:00",3,"NE",31,0,0.88,0,0,0,0,41.09,-95.95,41.09,-95.95,0,0,0,0,0,153,0,0,0
640479,2018,8,31,"2018-08-31","22:30:00",3,"MN",27,0,1,0,0,0,0,48.77,-95.65,48.77,-95.65,0,0,0,0,0,135,0,0,0
640480,2018,8,31,"2018-08-31","22:34:00",3,"IA",19,0,1,0,0,0,0,41.52,-92.77,41.52,-92.77,0,0,0,0,0,99,0,0,0
640481,2018,8,31,"2018-08-31","22:50:00",3,"IA",19,0,1,0,0,0,0,41.29,-95.83,41.29,-95.83,0,0,0,0,0,155,0,0,0
640482,2018,8,31,"2018-08-31","23:37:00",3,"NE",31,0,1,0,0,0,0,40.3169,-99.6663,40.3169,-99.6663,0,0,0,0,0,65,0,0,0
639627,2018,8,1,"2018-08-01","11:40:00",3,"MI",26,0,1,0,0,0,0,46.07,-88.07,46.07,-88.07,0,0,0,0,0,43,0,0,0
639628,2018,8,1,"2018-08-01","13:24:00",3,"NM",35,0,1,0,0,0,0,35.69,-105.37,35.69,-105.37,0,0,0,0,0,47,0,0,0
639629,2018,8,1,"2018-08-01","13:25:00",3,"NM",35,0,0.75,0,0,0,0,32.9407,-108.0237,32.9407,-108.0237,0,0,0,0,0,17,0,0,0
639630,2018,8,1,"2018-08-01","13:52:00",3,"IL",17,0,1,0,0,0,0,42,-88.18,42,-88.18,0,0,0,0,0,43,0,0,0
639631,2018,8,1,"2018-08-01","14:10:00",3,"IL",17,0,0.75,0,0,0,0,41.88,-88.07,41.88,-88.07,0,0,0,0,0,43,0,0,0
639632,2018,8,1,"2018-08-01","14:25:00",3,"NM",35,0,0.88,0,0,0,0,32.7695,-108.2736,32.7695,-108.2736,0,0,0,0,0,17,0,0,0
639633,2018,8,1,"2018-08-01","14:36:00",3,"NM",35,0,1,0,0,0,0,32.7907,-108.2904,32.7907,-108.2904,0,0,0,0,0,17,0,0,0
639634,2018,8,1,"2018-08-01","14:55:00",3,"NM",35,0,1.25,0,0,0,0,35.98,-105.21,35.98,-105.21,0,0,0,0,0,33,0,0,0
639635,2018,8,1,"2018-08-01","16:10:00",3,"IL",17,0,1.25,0,0,0,0,41.8369,-88.3572,41.8235,-88.3497,0,0,0,0,0,89,0,0,0
639636,2018,8,1,"2018-08-01","16:14:00",3,"IL",17,0,1,0,0,0,0,41.8,-88.33,41.8,-88.33,0,0,0,0,0,89,0,0,0
639637,2018,8,1,"2018-08-01","16:22:00",3,"WI",55,0,0.75,0,0,0,0,44.42,-91.63,44.42,-91.63,0,0,0,0,0,11,0,0,0
639638,2018,8,1,"2018-08-01","17:10:00",3,"IA",19,0,0.88,0,0,0,0,42.44,-94.13,42.44,-94.13,0,0,0,0,0,187,0,0,0
639639,2018,8,1,"2018-08-01","17:15:00",3,"IA",19,0,1,0,0,0,0,42.42,-94.11,42.42,-94.11,0,0,0,0,0,187,0,0,0
639640,2018,8,1,"2018-08-01","17:20:00",3,"IA",19,0,0.75,0,0,0,0,42.43,-93.99,42.43,-93.99,0,0,0,0,0,187,0,0,0
639641,2018,8,1,"2018-08-01","17:21:00",3,"IA",19,0,1,0,0,0,0,42.45,-93.99,42.45,-93.99,0,0,0,0,0,187,0,0,0
639642,2018,8,1,"2018-08-01","17:41:00",3,"IA",19,0,1,0,0,0,0,41.99,-94.7,41.99,-94.7,0,0,0,0,0,27,0,0,0
639643,2018,8,1,"2018-08-01","17:41:00",3,"IA",19,0,0.75,0,0,0,0,42.49,-93.53,42.49,-93.53,0,0,0,0,0,79,0,0,0
639644,2018,8,1,"2018-08-01","17:43:00",3,"IA",19,0,0.88,0,0,0,0,43.07,-92.33,43.07,-92.33,0,0,0,0,0,37,0,0,0
639645,2018,8,1,"2018-08-01","17:45:00",3,"IA",19,0,1,0,0,0,0,42.35,-93.92,42.35,-93.92,0,0,0,0,0,79,0,0,0
639646,2018,8,1,"2018-08-01","17:46:00",3,"IA",19,0,1.75,0,0,5000,0,41.97,-94.67,41.97,-94.67,0,0,0,0,0,27,0,0,0
639647,2018,8,1,"2018-08-01","17:48:00",3,"NM",35,0,1,0,0,0,0,34.66,-106.78,34.66,-106.78,0,0,0,0,0,61,0,0,0
639648,2018,8,1,"2018-08-01","17:51:00",3,"IA",19,0,1,0,0,0,0,42.02,-94.55,42.02,-94.55,0,0,0,0,0,73,0,0,0
639649,2018,8,1,"2018-08-01","17:54:00",3,"IA",19,0,0.88,0,0,0,0,42.53,-93.29,42.53,-93.29,0,0,0,0,0,83,0,0,0
639650,2018,8,1,"2018-08-01","17:55:00",3,"MN",27,0,0.75,0,0,0,0,43.56,-91.64,43.56,-91.64,0,0,0,0,0,55,0,0,0
639651,2018,8,1,"2018-08-01","18:04:00",3,"TX",48,0,0.88,0,0,0,0,35.3,-101.87,35.3,-101.87,0,0,0,0,0,375,0,0,0
639652,2018,8,1,"2018-08-01","18:04:00",3,"TX",48,0,0.75,0,0,0,0,35.3,-101.88,35.3,-101.88,0,0,0,0,0,375,0,0,0
639653,2018,8,1,"2018-08-01","18:20:00",3,"WI",55,0,0.75,0,0,0,0,43.8,-91.22,43.8,-91.22,0,0,0,0,0,63,0,0,0
639654,2018,8,1,"2018-08-01","18:39:00",3,"IA",19,0,1,0,0,0,0,42.04,-93.91,42.04,-93.91,0,0,0,0,0,15,0,0,0
639655,2018,8,1,"2018-08-01","19:00:00",3,"NM",35,0,1,0,0,0,0,34.9,-103.37,34.9,-103.37,0,0,0,0,0,37,0,0,0
639656,2018,8,1,"2018-08-01","19:05:00",3,"IA",19,0,0.88,0,0,0,0,42.02,-93.65,42.02,-93.65,0,0,0,0,0,169,0,0,0
639657,2018,8,1,"2018-08-01","19:10:00",3,"IA",19,0,0.88,0,0,0,0,42.02,-93.74,42.02,-93.74,0,0,0,0,0,15,0,0,0
639658,2018,8,1,"2018-08-01","19:14:00",3,"NM",35,0,1,0,0,0,0,34.88,-103.35,34.88,-103.35,0,0,0,0,0,37,0,0,0
639659,2018,8,1,"2018-08-01","19:35:00",3,"IA",19,0,1,0,0,0,0,42.01,-93.87,42.01,-93.87,0,0,0,0,0,15,0,0,0
639660,2018,8,1,"2018-08-01","20:55:00",3,"WI",55,0,0.75,0,0,0,0,43.06,-91.14,43.06,-91.14,0,0,0,0,0,23,0,0,0
639661,2018,8,2,"2018-08-02","12:45:00",3,"AZ",4,0,1,0,0,0,0,34.6,-112.5,34.5865,-112.5357,0,0,0,0,0,25,0,0,0
639662,2018,8,2,"2018-08-02","14:00:00",3,"AZ",4,0,0.88,0,0,0,0,33.68,-113.96,33.68,-113.96,0,0,0,0,0,12,0,0,0
639663,2018,8,2,"2018-08-02","16:28:00",3,"IL",17,0,1,0,0,0,0,38.5709,-90.1885,38.57,-90.17,0,0,0,0,0,163,0,0,0
639664,2018,8,2,"2018-08-02","16:38:00",3,"IL",17,0,1,0,0,0,0,39.42,-88.8562,39.42,-88.8562,0,0,0,0,0,173,0,0,0
639665,2018,8,2,"2018-08-02","16:51:00",3,"IL",17,0,1,0,0,0,0,40.44,-87.64,40.44,-87.64,0,0,0,0,0,183,0,0,0
639666,2018,8,2,"2018-08-02","17:32:00",3,"IN",18,0,0.75,0,0,0,0,40.77,-87.43,40.77,-87.43,0,0,0,0,0,111,0,0,0
639667,2018,8,2,"2018-08-02","18:08:00",3,"NM",35,0,1,0,0,0,0,36.7,-105.34,36.7,-105.34,0,0,0,0,0,55,0,0,0
639668,2018,8,2,"2018-08-02","19:55:00",3,"AZ",4,0,1,0,0,0,0,33.64,-112.45,33.64,-112.45,0,0,0,0,0,13,0,0,0
639669,2018,8,2,"2018-08-02","20:20:00",3,"AZ",4,0,0.88,0,0,2000,0,33.64,-112.43,33.64,-112.43,0,0,0,0,0,13,0,0,0
639670,2018,8,3,"2018-08-03","07:40:00",3,"MN",27,0,0.75,0,0,0,0,45.11,-93.46,45.11,-93.46,0,0,0,0,0,53,0,0,0
639671,2018,8,3,"2018-08-03","07:40:00",3,"MN",27,0,1,0,0,0,0,45.12,-93.4,45.12,-93.4,0,0,0,0,0,53,0,0,0
639672,2018,8,3,"2018-08-03","07:46:00",3,"MN",27,0,0.75,0,0,0,0,45.11,-93.34,45.11,-93.34,0,0,0,0,0,53,0,0,0
639673,2018,8,3,"2018-08-03","08:00:00",3,"MN",27,0,0.88,0,0,0,0,44.85,-93.44,44.85,-93.44,0,0,0,0,0,53,0,0,0
639674,2018,8,3,"2018-08-03","08:10:00",3,"MN",27,0,0.75,0,0,0,0,44.83,-93.3,44.83,-93.3,0,0,0,0,0,53,0,0,0
639675,2018,8,3,"2018-08-03","08:19:00",3,"MN",27,0,1,0,0,0,0,44.76,-93.29,44.76,-93.29,0,0,0,0,0,37,0,0,0
639676,2018,8,3,"2018-08-03","08:20:00",3,"MN",27,0,1,0,0,0,0,44.74,-93.13,44.74,-93.13,0,0,0,0,0,37,0,0,0
639677,2018,8,3,"2018-08-03","09:15:00",3,"WI",55,0,0.88,0,0,0,0,44.7,-92.36,44.7,-92.36,0,0,0,0,0,93,0,0,0
639678,2018,8,3,"2018-08-03","09:26:00",3,"WI",55,0,1,0,0,0,0,44.74,-92.16,44.74,-92.16,0,0,0,0,0,93,0,0,0
639679,2018,8,3,"2018-08-03","09:45:00",3,"WI",55,0,1,0,0,0,0,44.78,-91.93,44.78,-91.93,0,0,0,0,0,33,0,0,0
639680,2018,8,3,"2018-08-03","10:00:00",3,"WI",55,0,0.88,0,0,0,0,44.72,-91.69,44.72,-91.69,0,0,0,0,0,33,0,0,0
639681,2018,8,3,"2018-08-03","10:00:00",3,"WI",55,0,0.75,0,0,0,0,44.75,-91.67,44.75,-91.67,0,0,0,0,0,33,0,0,0
639682,2018,8,3,"2018-08-03","10:05:00",3,"WI",55,0,1,0,0,0,0,44.78,-91.5,44.78,-91.5,0,0,0,0,0,35,0,0,0
639683,2018,8,3,"2018-08-03","10:07:00",3,"WI",55,0,1,0,0,0,0,45.61,-91.78,45.61,-91.78,0,0,0,0,0,5,0,0,0
639684,2018,8,3,"2018-08-03","10:20:00",3,"WI",55,0,0.75,0,0,0,0,44.82,-91.45,44.82,-91.45,0,0,0,0,0,35,0,0,0
639685,2018,8,3,"2018-08-03","10:25:00",3,"WI",55,0,0.88,0,0,0,0,44.81,-91.43,44.81,-91.43,0,0,0,0,0,35,0,0,0
639686,2018,8,3,"2018-08-03","11:06:00",3,"NY",36,0,1,0,0,0,0,42.6,-73.77,42.6,-73.77,0,0,0,0,0,1,0,0,0
639687,2018,8,3,"2018-08-03","11:47:00",3,"WI",55,0,1,0,0,0,0,45.5,-90.58,45.5,-90.58,0,0,0,0,0,99,0,0,0
639688,2018,8,3,"2018-08-03","12:19:00",3,"WI",55,0,1,0,0,0,0,45.54,-90.29,45.54,-90.29,0,0,0,0,0,99,0,0,0
639689,2018,8,3,"2018-08-03","12:20:00",3,"WI",55,0,1.5,0,0,0,0,45.55,-90.29,45.55,-90.29,0,0,0,0,0,99,0,0,0
639690,2018,8,3,"2018-08-03","12:27:00",3,"WI",55,0,0.75,0,0,0,0,46.02,-91.48,46.02,-91.48,0,0,0,0,0,113,0,0,0
639691,2018,8,3,"2018-08-03","12:32:00",3,"SD",46,0,1,0,0,0,0,44.91,-97.17,44.91,-97.17,0,0,0,0,0,29,0,0,0
639692,2018,8,3,"2018-08-03","12:34:00",3,"SD",46,0,0.75,0,0,0,0,44.93,-97.15,44.93,-97.15,0,0,0,0,0,29,0,0,0
639693,2018,8,3,"2018-08-03","12:35:00",3,"WI",55,0,1,0,0,0,0,45.16,-90.19,45.16,-90.19,0,0,0,0,0,119,0,0,0
639694,2018,8,3,"2018-08-03","12:59:00",3,"WI",55,0,1,0,0,0,0,46.67,-90.89,46.67,-90.89,0,0,0,0,0,7,0,0,0
639695,2018,8,3,"2018-08-03","13:43:00",3,"MT",30,0,0.88,0,0,0,0,45.51,-110.6,45.51,-110.6,0,0,0,0,0,67,0,0,0
639696,2018,8,3,"2018-08-03","13:49:00",3,"WI",55,0,0.75,0,0,0,0,46.49,-90.42,46.49,-90.42,0,0,0,0,0,51,0,0,0
639697,2018,8,3,"2018-08-03","14:35:00",3,"NH",33,0,1,0,0,0,0,43.4484,-71.4034,43.4484,-71.4034,0,0,0,0,0,1,0,0,0
639698,2018,8,3,"2018-08-03","15:20:00",3,"CO",8,0,1.5,0,0,0,0,39.7244,-102.2934,39.7244,-102.2934,0,0,0,0,0,125,0,0,0
639699,2018,8,3,"2018-08-03","15:30:00",3,"CO",8,0,0.75,0,0,0,0,39.7748,-102.2293,39.7748,-102.2293,0,0,0,0,0,125,0,0,0
639700,2018,8,3,"2018-08-03","15:35:00",3,"SD",46,0,1,0,0,0,0,44.89,-96.91,44.89,-96.91,0,0,0,0,0,29,0,0,0
639701,2018,8,3,"2018-08-03","15:35:00",3,"NH",33,0,0.75,0,0,0,0,43.167,-70.9414,43.167,-70.9414,0,0,0,0,0,17,0,0,0
639702,2018,8,3,"2018-08-03","15:45:00",3,"KS",20,0,0.75,0,0,0,0,39.7715,-101.978,39.7715,-101.978,0,0,0,0,0,23,0,0,0
639703,2018,8,3,"2018-08-03","16:00:00",3,"KS",20,0,1,0,0,0,0,39.5906,-102.012,39.5906,-102.012,0,0,0,0,0,23,0,0,0
639704,2018,8,3,"2018-08-03","16:40:00",3,"SD",46,0,1,0,0,0,0,44.0221,-103.63,44.0221,-103.63,0,0,0,0,0,103,0,0,0
639705,2018,8,3,"2018-08-03","17:00:00",3,"KS",20,0,1.75,0,0,0,0,39.33,-101.66,39.33,-101.66,0,0,0,0,0,181,0,0,0
639706,2018,8,3,"2018-08-03","17:54:00",3,"NE",31,0,1,0,0,0,0,41.18,-100.91,41.18,-100.91,0,0,0,0,0,111,0,0,0
639707,2018,8,3,"2018-08-03","19:45:00",3,"WY",56,0,1,0,0,0,0,44.68,-104.5389,44.68,-104.5389,0,0,0,0,0,11,0,0,0
639708,2018,8,3,"2018-08-03","21:00:00",3,"ND",38,0,0.75,0,0,0,0,46,-102.64,46,-102.64,0,0,0,0,0,1,0,0,0
639709,2018,8,3,"2018-08-03","21:08:00",3,"ND",38,0,1.25,0,0,0,0,46,-102.64,46,-102.64,0,0,0,0,0,1,0,0,0
639710,2018,8,3,"2018-08-03","22:00:00",3,"ND",38,0,1.5,0,0,25000,20000,46.57,-101.52,46.57,-101.52,0,0,0,0,0,37,0,0,0
639711,2018,8,3,"2018-08-03","22:20:00",3,"ND",38,0,1,0,0,0,0,46.08,-102.18,46.08,-102.18,0,0,0,0,0,1,0,0,0
639712,2018,8,3,"2018-08-03","23:00:00",3,"ND",38,0,1,0,0,0,0,46.57,-101.46,46.57,-101.46,0,0,0,0,0,37,0,0,0
639713,2018,8,3,"2018-08-03","23:18:00",3,"WI",55,0,1,0,0,0,0,45.2811,-92.7386,45.32,-92.7,0,0,0,0,0,95,0,0,0
639714,2018,8,3,"2018-08-03","23:57:00",3,"ND",38,0,0.88,0,0,0,0,46.81,-100.89,46.81,-100.89,0,0,0,0,0,59,0,0,0
639715,2018,8,4,"2018-08-04","14:50:00",3,"SD",46,0,1,0,0,0,0,44.0745,-103.2114,44.0745,-103.2114,0,0,0,0,0,103,0,0,0
639716,2018,8,4,"2018-08-04","14:54:00",3,"SD",46,0,1.5,0,0,0,0,44.09,-103.3,44.09,-103.3,0,0,0,0,0,103,0,0,0
639717,2018,8,4,"2018-08-04","15:38:00",3,"NE",31,0,1,0,0,0,0,41.16,-102.97,41.16,-102.97,0,0,0,0,0,33,0,0,0
639718,2018,8,4,"2018-08-04","16:18:00",3,"ND",38,0,1,0,0,0,0,47.33,-100.07,47.33,-100.07,0,0,0,0,0,43,0,0,0
639719,2018,8,4,"2018-08-04","18:01:00",3,"SD",46,0,1,0,0,0,0,44.4377,-103.4164,44.4377,-103.4164,0,0,0,0,0,93,0,0,0
639720,2018,8,4,"2018-08-04","18:47:00",3,"ND",38,0,1,0,0,0,0,47.77,-98.18,47.77,-98.18,0,0,0,0,0,63,0,0,0
639721,2018,8,4,"2018-08-04","18:56:00",3,"ND",38,0,1,0,0,0,0,47.68,-98.05,47.68,-98.05,0,0,0,0,0,63,0,0,0
639722,2018,8,4,"2018-08-04","19:05:00",3,"ND",38,0,1,0,0,0,0,48.92,-97.92,48.92,-97.92,0,0,0,0,0,67,0,0,0
639723,2018,8,4,"2018-08-04","19:20:00",3,"ND",38,0,1,0,0,0,0,47.6,-97.94,47.6,-97.94,0,0,0,0,0,91,0,0,0
639724,2018,8,4,"2018-08-04","22:30:00",3,"SD",46,0,1,0,0,0,0,44,-99.55,44,-99.55,0,0,0,0,0,85,0,0,0
639725,2018,8,4,"2018-08-04","23:24:00",3,"SD",46,0,1.25,0,0,0,0,44.01,-98.55,44.01,-98.55,0,0,0,0,0,73,0,0,0
639726,2018,8,4,"2018-08-04","23:30:00",3,"SD",46,0,1.75,0,0,0,0,44,-98.51,44,-98.51,0,0,0,0,0,73,0,0,0
639727,2018,8,4,"2018-08-04","23:34:00",3,"SD",46,0,1.75,0,0,0,0,43.73,-98.72,43.73,-98.72,0,0,0,0,0,3,0,0,0
639728,2018,8,4,"2018-08-04","23:52:00",3,"SD",46,0,1,0,0,0,0,43.58,-97.35,43.58,-97.35,0,0,0,0,0,87,0,0,0
639729,2018,8,5,"2018-08-05","00:02:00",3,"SD",46,0,2.5,0,0,0,0,43.66,-98.49,43.66,-98.49,0,0,0,0,0,3,0,0,0
639730,2018,8,5,"2018-08-05","00:54:00",3,"SD",46,0,0.75,0,0,0,0,43.59,-96.73,43.59,-96.73,0,0,0,0,0,99,0,0,0
639731,2018,8,5,"2018-08-05","00:55:00",3,"SD",46,0,1.75,0,0,0,0,43.54,-96.69,43.54,-96.69,0,0,0,0,0,99,0,0,0
639732,2018,8,5,"2018-08-05","00:56:00",3,"SD",46,0,1.75,0,0,0,0,43.53,-96.68,43.53,-96.68,0,0,0,0,0,99,0,0,0
639733,2018,8,5,"2018-08-05","01:01:00",3,"SD",46,0,1,0,0,0,0,43.51,-96.7,43.51,-96.7,0,0,0,0,0,99,0,0,0
639734,2018,8,5,"2018-08-05","01:40:00",3,"IA",19,0,1.25,0,0,0,0,43.22,-96.49,43.22,-96.49,0,0,0,0,0,167,0,0,0
639735,2018,8,5,"2018-08-05","12:50:00",3,"PA",42,0,1,0,0,0,0,40.2879,-80.0691,40.2879,-80.0691,0,0,0,0,0,125,0,0,0
639736,2018,8,5,"2018-08-05","13:05:00",3,"PA",42,0,0.75,0,0,0,0,40.25,-80.05,40.25,-80.05,0,0,0,0,0,125,0,0,0
639737,2018,8,5,"2018-08-05","13:55:00",3,"PR",72,0,0.75,0,0,0,0,18.1442,-66.7197,18.143,-66.7214,0,0,0,0,0,1,0,0,0
639738,2018,8,5,"2018-08-05","15:20:00",3,"WI",55,0,1,0,0,0,0,45.98,-90.54,45.98,-90.54,0,0,0,0,0,99,0,0,0
639739,2018,8,5,"2018-08-05","15:28:00",3,"WI",55,0,0.88,0,0,0,0,45.93,-90.45,45.93,-90.45,0,0,0,0,0,99,0,0,0
639740,2018,8,5,"2018-08-05","15:30:00",3,"WI",55,0,0.75,0,0,0,0,45.88,-90.42,45.88,-90.42,0,0,0,0,0,99,0,0,0
639741,2018,8,5,"2018-08-05","15:46:00",3,"CO",8,0,1.25,0,0,0,0,40.98,-103.11,40.98,-103.11,0,0,0,0,0,75,0,0,0
639742,2018,8,5,"2018-08-05","15:50:00",3,"MI",26,0,1,0,0,0,0,47.01,-88.54,47.01,-88.54,0,0,0,0,0,61,0,0,0
639743,2018,8,5,"2018-08-05","16:00:00",3,"MI",26,0,1,0,0,0,0,46.76,-88.79,46.76,-88.79,0,0,0,0,0,61,0,0,0
639744,2018,8,5,"2018-08-05","16:02:00",3,"MI",26,0,1,0,0,0,0,47.03,-88.53,47.03,-88.53,0,0,0,0,0,61,0,0,0
639745,2018,8,5,"2018-08-05","16:08:00",3,"NE",31,0,1.75,0,0,0,0,41.65,-102.21,41.65,-102.21,0,0,0,0,0,69,0,0,0
639746,2018,8,5,"2018-08-05","16:30:00",3,"WY",56,0,0.88,0,0,0,0,42.7287,-106.32,42.7287,-106.32,0,0,0,0,0,25,0,0,0
639747,2018,8,5,"2018-08-05","16:40:00",3,"WI",55,0,1,0,0,0,0,45.63,-89.65,45.63,-89.65,0,0,0,0,0,85,0,0,0
639748,2018,8,5,"2018-08-05","16:41:00",3,"CO",8,0,1.75,0,0,0,0,40.91,-102.87,40.91,-102.87,0,0,0,0,0,75,0,0,0
639749,2018,8,5,"2018-08-05","17:05:00",3,"IA",19,0,0.88,0,0,0,0,42.44,-91.01,42.44,-91.01,0,0,0,0,0,61,0,0,0
639750,2018,8,5,"2018-08-05","17:30:00",3,"NE",31,0,1.25,0,0,0,0,41,-103.15,41,-103.15,0,0,0,0,0,33,0,0,0
639751,2018,8,5,"2018-08-05","19:01:00",3,"IA",19,0,1,0,0,0,0,42.36,-92.78,42.36,-92.78,0,0,0,0,0,75,0,0,0
639752,2018,8,5,"2018-08-05","20:05:00",3,"SD",46,0,1,0,0,0,0,43.1391,-102.6939,43.1391,-102.6939,0,0,0,0,0,102,0,0,0
639753,2018,8,5,"2018-08-05","20:10:00",3,"NE",31,0,1,0,0,0,0,41.55,-96.76,41.55,-96.76,0,0,0,0,0,53,0,0,0
639754,2018,8,5,"2018-08-05","20:25:00",3,"CO",8,0,1,0,0,0,0,40.71,-102.93,40.71,-102.93,0,0,0,0,0,75,0,0,0
639755,2018,8,5,"2018-08-05","20:38:00",3,"CO",8,0,2.75,0,0,0,0,40.65,-102.85,40.65,-102.85,0,0,0,0,0,75,0,0,0
639756,2018,8,5,"2018-08-05","21:14:00",3,"NE",31,0,0.75,0,0,0,0,41.39,-96.83,41.39,-96.83,0,0,0,0,0,155,0,0,0
639757,2018,8,6,"2018-08-06","12:34:00",3,"MS",28,0,1,0,0,0,0,33.5,-89.06,33.5,-89.06,0,0,0,0,0,105,0,0,0
639758,2018,8,6,"2018-08-06","13:30:00",3,"CO",8,0,1,0,0,0,0,38.96,-105.22,38.96,-105.22,0,0,0,0,0,119,0,0,0
639759,2018,8,6,"2018-08-06","13:36:00",3,"NY",36,0,0.75,0,0,0,0,43.07,-77.3,43.07,-77.3,0,0,0,0,0,117,0,0,0
639760,2018,8,6,"2018-08-06","14:00:00",3,"CO",8,0,2.75,0,0,0,0,38.77,-104.83,38.77,-104.83,0,0,0,0,0,41,0,0,0
639761,2018,8,6,"2018-08-06","14:00:00",3,"CO",8,0,2.75,0,0,0,0,38.78,-104.83,38.78,-104.83,0,0,0,0,0,41,0,0,0
639762,2018,8,6,"2018-08-06","14:02:00",3,"WY",56,0,1,0,0,0,0,41.16,-104.81,41.16,-104.81,0,0,0,0,0,21,0,0,0
639763,2018,8,6,"2018-08-06","14:02:00",3,"WY",56,0,1,0,0,0,0,41.1502,-104.8336,41.1502,-104.8336,0,0,0,0,0,21,0,0,0
639764,2018,8,6,"2018-08-06","14:05:00",3,"WY",56,0,1,0,0,0,0,41.1,-104.79,41.1,-104.79,0,0,0,0,0,21,0,0,0
639765,2018,8,6,"2018-08-06","14:05:00",3,"WY",56,0,1,0,0,0,0,41.11,-104.75,41.11,-104.75,0,0,0,0,0,21,0,0,0
639766,2018,8,6,"2018-08-06","14:10:00",3,"WY",56,0,1.75,0,0,0,0,41.1,-104.82,41.1,-104.82,0,0,0,0,0,21,0,0,0
639767,2018,8,6,"2018-08-06","14:10:00",3,"CO",8,0,1,0,0,0,0,38.96,-104.72,38.96,-104.72,0,0,0,0,0,41,0,0,0
639768,2018,8,6,"2018-08-06","14:14:00",3,"CO",8,0,1,0,0,0,0,38.85,-104.85,38.85,-104.85,0,0,0,0,0,41,0,0,0
639769,2018,8,6,"2018-08-06","14:14:00",3,"CO",8,0,1,0,0,0,0,38.87,-104.86,38.87,-104.86,0,0,0,0,0,41,0,0,0
639770,2018,8,6,"2018-08-06","14:15:00",3,"WY",56,0,1,0,0,0,0,41.12,-104.79,41.12,-104.79,0,0,0,0,0,21,0,0,0
639771,2018,8,6,"2018-08-06","14:15:00",3,"WY",56,0,1,0,0,0,0,41.1093,-104.7792,41.1093,-104.7792,0,0,0,0,0,21,0,0,0
639772,2018,8,6,"2018-08-06","14:15:00",3,"CO",8,0,2,0,0,0,0,38.82,-104.86,38.82,-104.86,0,0,0,0,0,41,0,0,0
639773,2018,8,6,"2018-08-06","14:15:00",3,"CO",8,0,1,0,0,0,0,38.85,-104.85,38.85,-104.85,0,0,0,0,0,41,0,0,0
639774,2018,8,6,"2018-08-06","14:16:00",3,"CO",8,0,1,0,0,0,0,38.82,-104.81,38.82,-104.81,0,0,0,0,0,41,0,0,0
639775,2018,8,6,"2018-08-06","14:16:00",3,"CO",8,0,2.5,0,0,0,0,38.82,-104.86,38.82,-104.86,0,0,0,0,0,41,0,0,0
639776,2018,8,6,"2018-08-06","14:18:00",3,"VA",51,0,1,0,0,0,0,36.843,-80.3199,36.843,-80.3199,0,0,0,0,0,63,0,0,0
639777,2018,8,6,"2018-08-06","14:18:00",3,"WY",56,0,1.75,0,0,0,0,41.09,-104.79,41.09,-104.79,0,0,0,0,0,21,0,0,0
639778,2018,8,6,"2018-08-06","14:18:00",3,"WY",56,0,1,0,0,0,0,41.13,-104.76,41.13,-104.76,0,0,0,0,0,21,0,0,0
639779,2018,8,6,"2018-08-06","14:19:00",3,"WY",56,0,2,0,0,0,0,41.12,-104.79,41.12,-104.79,0,0,0,0,0,21,0,0,0
639780,2018,8,6,"2018-08-06","14:19:00",3,"CO",8,0,1.5,0,0,0,0,38.8,-104.84,38.8,-104.84,0,0,0,0,0,41,0,0,0
639781,2018,8,6,"2018-08-06","14:19:00",3,"CO",8,0,1,0,0,0,0,38.82,-104.88,38.82,-104.88,0,0,0,0,0,41,0,0,0
639782,2018,8,6,"2018-08-06","14:20:00",3,"CO",8,0,2.75,0,0,0,0,38.78,-104.83,38.78,-104.83,0,0,0,0,0,41,0,0,0
639783,2018,8,6,"2018-08-06","14:20:00",3,"CO",8,0,1,0,0,0,0,38.87,-104.86,38.87,-104.86,0,0,0,0,0,41,0,0,0
639784,2018,8,6,"2018-08-06","14:29:00",3,"WY",56,0,2,0,0,0,0,41.1111,-104.82,41.1111,-104.82,0,0,0,0,0,21,0,0,0
639785,2018,8,6,"2018-08-06","14:30:00",3,"CO",8,0,1.5,0,0,0,0,38.78,-104.73,38.78,-104.73,0,0,0,0,0,41,0,0,0
639786,2018,8,6,"2018-08-06","14:30:00",3,"CO",8,0,1.25,0,0,0,0,38.82,-104.88,38.82,-104.88,0,0,0,0,0,41,0,0,0
639787,2018,8,6,"2018-08-06","14:31:00",3,"CO",8,0,1.5,0,0,0,0,38.75,-104.73,38.75,-104.73,0,0,0,0,0,41,0,0,0
639788,2018,8,6,"2018-08-06","14:32:00",3,"CO",8,0,1,0,0,0,0,38.75,-104.72,38.75,-104.72,0,0,0,0,0,41,0,0,0
639789,2018,8,6,"2018-08-06","14:34:00",3,"CO",8,0,2,0,0,0,0,38.75,-104.72,38.75,-104.72,0,0,0,0,0,41,0,0,0
639790,2018,8,6,"2018-08-06","14:37:00",3,"CO",8,0,2.5,0,0,0,0,38.71,-104.69,38.71,-104.69,0,0,0,0,0,41,0,0,0
639791,2018,8,6,"2018-08-06","14:40:00",3,"AL",1,0,0.88,0,0,0,0,34.6,-86.97,34.6,-86.97,0,0,0,0,0,103,0,0,0
639792,2018,8,6,"2018-08-06","14:40:00",3,"CO",8,0,1.5,0,0,0,0,38.93,-104.59,38.93,-104.59,0,0,0,0,0,41,0,0,0
639793,2018,8,6,"2018-08-06","14:40:00",3,"CO",8,0,1.25,0,0,0,0,38.94,-104.6,38.94,-104.6,0,0,0,0,0,41,0,0,0
639794,2018,8,6,"2018-08-06","14:41:00",3,"CO",8,0,1,0,0,0,0,38.91,-104.56,38.91,-104.56,0,0,0,0,0,41,0,0,0
639795,2018,8,6,"2018-08-06","14:44:00",3,"CO",8,0,1,0,0,0,0,38.83,-104.84,38.83,-104.84,0,0,0,0,0,41,0,0,0
639796,2018,8,6,"2018-08-06","14:46:00",3,"CO",8,0,1.75,0,0,0,0,38.72,-104.7,38.72,-104.7,0,0,0,0,0,41,0,0,0
639797,2018,8,6,"2018-08-06","14:55:00",3,"AR",5,0,1,0,0,0,0,36.18,-90.38,36.18,-90.38,0,0,0,0,0,55,0,0,0
639798,2018,8,6,"2018-08-06","14:57:00",3,"CO",8,0,4,0,0,0,0,38.74,-104.7,38.74,-104.7,0,0,0,0,0,41,0,0,0
639799,2018,8,6,"2018-08-06","15:04:00",3,"OH",39,0,1,0,0,0,0,41.64,-84.1,41.64,-84.1,0,0,0,0,0,51,0,0,0
639800,2018,8,6,"2018-08-06","15:05:00",3,"SC",45,0,1,0,0,0,0,34.73,-82.26,34.73,-82.26,0,0,0,0,0,45,0,0,0
639801,2018,8,6,"2018-08-06","15:19:00",3,"CO",8,0,1,0,0,0,0,38.85,-104.82,38.85,-104.82,0,0,0,0,0,41,0,0,0
639802,2018,8,6,"2018-08-06","15:24:00",3,"CO",8,0,3,0,0,0,0,38.54,-104.48,38.54,-104.48,0,0,0,0,0,41,0,0,0
639803,2018,8,6,"2018-08-06","15:32:00",3,"CO",8,0,2,0,0,0,0,40.8,-104.33,40.8,-104.33,0,0,0,0,0,123,0,0,0
639804,2018,8,6,"2018-08-06","15:50:00",3,"CO",8,0,2.75,8,0,172800000,0,38.77,-104.86,38.77,-104.86,0,0,0,0,0,41,0,0,0
639805,2018,8,6,"2018-08-06","15:55:00",3,"NE",31,0,1,0,0,0,0,42.1,-102.87,42.1,-102.87,0,0,0,0,0,13,0,0,0
639806,2018,8,6,"2018-08-06","16:08:00",3,"CO",8,0,2.5,0,0,0,0,38.4,-104.18,38.4,-104.18,0,0,0,0,0,101,0,0,0
639807,2018,8,6,"2018-08-06","16:27:00",3,"NE",31,0,2.5,0,0,0,0,41.95,-103.02,41.95,-103.02,0,0,0,0,0,123,0,0,0
639808,2018,8,6,"2018-08-06","16:30:00",3,"CO",8,0,2.75,0,0,0,0,40.57,-104.36,40.57,-104.36,0,0,0,0,0,123,0,0,0
639809,2018,8,6,"2018-08-06","16:30:00",3,"NE",31,0,3,0,0,0,0,41.9319,-103.02,41.9319,-103.02,0,0,0,0,0,123,0,0,0
639810,2018,8,6,"2018-08-06","16:40:00",3,"CO",8,0,1.75,0,0,0,0,40.48,-104.32,40.48,-104.32,0,0,0,0,0,123,0,0,0
639811,2018,8,6,"2018-08-06","16:46:00",3,"NE",31,0,2.5,0,0,0,0,42.51,-103.78,42.51,-103.78,0,0,0,0,0,165,0,0,0
639812,2018,8,6,"2018-08-06","16:55:00",3,"CO",8,0,1.75,0,0,0,0,38.57,-104.44,38.57,-104.44,0,0,0,0,0,41,0,0,0
639813,2018,8,6,"2018-08-06","17:26:00",3,"CO",8,0,1,0,0,0,0,40.84,-105.1,40.84,-105.1,0,0,0,0,0,69,0,0,0
639814,2018,8,6,"2018-08-06","17:26:00",3,"CO",8,0,1,0,0,0,0,40.86,-104.95,40.86,-104.95,0,0,0,0,0,69,0,0,0
639815,2018,8,6,"2018-08-06","17:30:00",3,"NE",31,0,1.75,0,0,0,0,41.59,-102.58,41.59,-102.58,0,0,0,0,0,69,0,0,0
639816,2018,8,6,"2018-08-06","17:35:00",3,"SD",46,0,1,0,0,0,0,43.19,-102.87,43.19,-102.87,0,0,0,0,0,102,0,0,0
639817,2018,8,6,"2018-08-06","17:37:00",3,"NE",31,0,2.75,0,0,0,0,41.57,-102.55,41.57,-102.55,0,0,0,0,0,69,0,0,0
639818,2018,8,6,"2018-08-06","17:38:00",3,"CO",8,0,1,0,0,0,0,40.29,-104.08,40.29,-104.08,0,0,0,0,0,87,0,0,0
639819,2018,8,6,"2018-08-06","17:38:00",3,"KS",20,0,1.5,0,0,0,0,39.85,-95.87,39.85,-95.87,0,0,0,0,0,131,0,0,0
639820,2018,8,6,"2018-08-06","17:42:00",3,"CO",8,0,1.75,0,0,0,0,40.28,-104.02,40.28,-104.02,0,0,0,0,0,87,0,0,0
639821,2018,8,6,"2018-08-06","17:57:00",3,"SD",46,0,1.75,0,0,0,0,43.9,-99.86,43.9,-99.86,0,0,0,0,0,85,0,0,0
639822,2018,8,6,"2018-08-06","17:59:00",3,"NE",31,0,1.75,0,0,0,0,41.46,-102.28,41.46,-102.28,0,0,0,0,0,69,0,0,0
639823,2018,8,6,"2018-08-06","17:59:00",3,"CO",8,0,1.75,0,0,0,0,38.08,-104.45,38.08,-104.45,0,0,0,0,0,101,0,0,0
639824,2018,8,6,"2018-08-06","18:02:00",3,"NE",31,0,1.75,0,0,0,4e+06,41.1121,-98.13,41.1121,-98.13,0,0,0,0,0,121,0,0,0
639825,2018,8,6,"2018-08-06","18:05:00",3,"NE",31,0,1.75,0,0,0,0,41.41,-102.34,41.41,-102.34,0,0,0,0,0,69,0,0,0
639826,2018,8,6,"2018-08-06","18:12:00",3,"NE",31,0,2.25,0,0,0,0,41.39,-102.29,41.39,-102.29,0,0,0,0,0,69,0,0,0
639827,2018,8,6,"2018-08-06","18:25:00",3,"NE",31,0,1,0,0,0,0,41.07,-98,41.07,-98,0,0,0,0,0,81,0,0,0
639828,2018,8,6,"2018-08-06","18:29:00",3,"NE",31,0,1,0,0,0,0,41.12,-97.9808,41.12,-97.9808,0,0,0,0,0,121,0,0,0
639829,2018,8,6,"2018-08-06","18:40:00",3,"NE",31,0,2,0,0,250000,5e+06,40.9335,-97.7007,40.9335,-97.7007,0,0,0,0,0,185,0,0,0
639830,2018,8,6,"2018-08-06","18:45:00",3,"NE",31,0,1.75,0,0,0,0,41.24,-102.14,41.24,-102.14,0,0,0,0,0,69,0,0,0
639831,2018,8,6,"2018-08-06","18:45:00",3,"CO",8,0,1,0,0,0,0,38.57,-104.71,38.57,-104.71,0,0,0,0,0,41,0,0,0
639832,2018,8,6,"2018-08-06","18:50:00",3,"NE",31,0,3.5,0,0,0,0,41.12,-102.07,41.12,-102.07,0,0,0,0,0,49,0,0,0
639833,2018,8,6,"2018-08-06","18:52:00",3,"SD",46,0,0.75,0,0,0,0,43.7,-99.23,43.7,-99.23,0,0,0,0,0,15,0,0,0
639834,2018,8,6,"2018-08-06","18:56:00",3,"NE",31,0,1.75,0,0,0,0,41.15,-101.93,41.15,-101.93,0,0,0,0,0,101,0,0,0
639835,2018,8,6,"2018-08-06","18:57:00",3,"NE",31,0,1.75,0,0,250000,5e+06,40.9945,-97.6023,40.9945,-97.6023,0,0,0,0,0,185,0,0,0
639836,2018,8,6,"2018-08-06","19:00:00",3,"NE",31,0,1.25,0,0,250000,5e+06,40.9136,-97.6007,40.8566,-97.5727,0,0,0,0,0,185,0,0,0
639837,2018,8,6,"2018-08-06","19:05:00",3,"NE",31,0,1,0,0,0,0,41.1,-101.89,41.1,-101.89,0,0,0,0,0,101,0,0,0
639838,2018,8,6,"2018-08-06","19:05:00",3,"NE",31,0,1.75,0,0,250000,5e+06,40.9,-97.45,40.9,-97.45,0,0,0,0,0,185,0,0,0
639839,2018,8,6,"2018-08-06","19:10:00",3,"MO",29,0,1.75,0,0,0,0,40.48,-93.54,40.48,-93.54,0,0,0,0,0,129,0,0,0
639840,2018,8,6,"2018-08-06","19:20:00",3,"CO",8,0,2,0,0,0,0,39.95,-104.13,39.95,-104.13,0,0,0,0,0,1,0,0,0
639841,2018,8,6,"2018-08-06","19:21:00",3,"NE",31,0,1.75,0,0,0,0,40.99,-101.79,40.99,-101.79,0,0,0,0,0,135,0,0,0
639842,2018,8,6,"2018-08-06","19:23:00",3,"NE",31,0,1.5,0,0,0,0,40.9,-97.34,40.9,-97.34,0,0,0,0,0,159,0,0,0
639843,2018,8,6,"2018-08-06","19:25:00",3,"NE",31,0,1.25,0,0,0,0,40.9,-97.34,40.9,-97.34,0,0,0,0,0,159,0,0,0
639844,2018,8,6,"2018-08-06","19:30:00",3,"CO",8,0,1,0,0,0,0,37.34,-104.12,37.34,-104.12,0,0,0,0,0,71,0,0,0
639845,2018,8,6,"2018-08-06","19:33:00",3,"NE",31,0,4.25,0,0,0,0,40.89,-101.73,40.89,-101.73,0,0,0,0,0,135,0,0,0
639846,2018,8,6,"2018-08-06","19:36:00",3,"NE",31,0,2,0,0,1e+05,1e+06,40.87,-98.47,40.87,-98.47,0,0,0,0,0,79,0,0,0
639847,2018,8,6,"2018-08-06","19:41:00",3,"NE",31,0,3,0,0,0,0,40.85,-101.73,40.85,-101.73,0,0,0,0,0,135,0,0,0
639848,2018,8,6,"2018-08-06","19:43:00",3,"NE",31,0,1.5,0,0,0,0,40.87,-97.2,40.87,-97.2,0,0,0,0,0,159,0,0,0
639849,2018,8,6,"2018-08-06","19:45:00",3,"NE",31,0,3,0,0,0,0,40.84,-101.71,40.84,-101.71,0,0,0,0,0,135,0,0,0
639850,2018,8,6,"2018-08-06","20:05:00",3,"NE",31,0,3,0,0,0,0,40.74,-101.59,40.74,-101.59,0,0,0,0,0,135,0,0,0
639851,2018,8,6,"2018-08-06","20:06:00",3,"NE",31,0,1,0,0,0,0,40.72,-101.57,40.72,-101.57,0,0,0,0,0,135,0,0,0
639852,2018,8,6,"2018-08-06","20:10:00",3,"CO",8,0,1.5,0,0,0,0,39.64,-104.4,39.64,-104.4,0,0,0,0,0,5,0,0,0
639853,2018,8,6,"2018-08-06","20:25:00",3,"CO",8,0,1.25,0,0,0,0,39.57,-104.99,39.57,-104.99,0,0,0,0,0,35,0,0,0
639854,2018,8,6,"2018-08-06","20:30:00",3,"NE",31,0,1,0,0,0,0,40.72,-98.0273,40.72,-98.0273,0,0,0,0,0,81,0,0,0
639855,2018,8,6,"2018-08-06","20:33:00",3,"CO",8,0,1.75,0,0,0,0,39.37,-103.72,39.37,-103.72,0,0,0,0,0,39,0,0,0
639856,2018,8,6,"2018-08-06","20:43:00",3,"NE",31,0,1,0,0,0,0,40.7,-97.86,40.7,-97.86,0,0,0,0,0,35,0,0,0
639857,2018,8,6,"2018-08-06","21:10:00",3,"CO",8,0,1.25,0,0,0,0,39.4,-104.24,39.4,-104.24,0,0,0,0,0,39,0,0,0
639858,2018,8,6,"2018-08-06","21:10:00",3,"IL",17,0,1,0,0,0,0,40.2711,-87.8,40.2711,-87.8,0,0,0,0,0,183,0,0,0
639859,2018,8,6,"2018-08-06","21:18:00",3,"IL",17,0,1,0,0,0,0,40.1835,-87.649,40.1835,-87.649,0,0,0,0,0,183,0,0,0
639860,2018,8,6,"2018-08-06","21:27:00",3,"CO",8,0,1.75,0,0,0,0,39.16,-103.47,39.16,-103.47,0,0,0,0,0,73,0,0,0
639861,2018,8,7,"2018-08-07","10:58:00",3,"CO",8,0,1.25,0,0,0,0,38.98,-104.61,38.98,-104.61,0,0,0,0,0,41,0,0,0
639862,2018,8,7,"2018-08-07","12:13:00",3,"NY",36,0,1,0,0,0,0,42.86,-73.89,42.86,-73.89,0,0,0,0,0,91,0,0,0
639863,2018,8,7,"2018-08-07","12:15:00",3,"NY",36,0,1.5,0,0,0,0,42.87,-73.79,42.87,-73.79,0,0,0,0,0,91,0,0,0
639864,2018,8,7,"2018-08-07","15:05:00",3,"CO",8,0,1,0,0,0,0,37.94,-104.85,37.94,-104.85,0,0,0,0,0,101,0,0,0
639865,2018,8,7,"2018-08-07","15:12:00",3,"CO",8,0,1,0,0,0,0,37.21,-104.72,37.21,-104.72,0,0,0,0,0,71,0,0,0
639866,2018,8,7,"2018-08-07","15:19:00",3,"CO",8,0,1.5,0,0,0,0,39,-105.15,39,-105.15,0,0,0,0,0,119,0,0,0
639867,2018,8,7,"2018-08-07","15:29:00",3,"SC",45,0,0.75,0,0,0,0,34.77,-83.06,34.77,-83.06,0,0,0,0,0,73,0,0,0
639868,2018,8,7,"2018-08-07","16:05:00",3,"WY",56,0,1,0,0,0,0,41.1274,-104.8397,41.1274,-104.8397,0,0,0,0,0,21,0,0,0
639869,2018,8,7,"2018-08-07","16:06:00",3,"CO",8,0,1.75,0,0,0,0,39.57,-104.72,39.57,-104.72,0,0,0,0,0,5,0,0,0
639870,2018,8,7,"2018-08-07","16:06:00",3,"CO",8,0,1,0,0,0,0,37.91,-104.8,37.91,-104.8,0,0,0,0,0,101,0,0,0
639871,2018,8,7,"2018-08-07","16:10:00",3,"CO",8,0,1.75,0,0,0,0,39.56,-104.72,39.56,-104.72,0,0,0,0,0,35,0,0,0
639872,2018,8,7,"2018-08-07","16:10:00",3,"CO",8,0,1.25,0,0,0,0,38.81,-104.88,38.81,-104.88,0,0,0,0,0,41,0,0,0
639873,2018,8,7,"2018-08-07","16:12:00",3,"CO",8,0,2,0,0,0,0,37.12,-104.78,37.12,-104.78,0,0,0,0,0,71,0,0,0
639874,2018,8,7,"2018-08-07","16:35:00",3,"WY",56,0,1,0,0,0,0,41.1428,-104.79,41.1428,-104.79,0,0,0,0,0,21,0,0,0
639875,2018,8,7,"2018-08-07","17:00:00",3,"WY",56,0,1,0,0,0,0,41.1594,-104.5248,41.1594,-104.5248,0,0,0,0,0,21,0,0,0
639876,2018,8,7,"2018-08-07","17:11:00",3,"CO",8,0,1,0,0,0,0,40.37,-105.24,40.37,-105.24,0,0,0,0,0,69,0,0,0
639877,2018,8,7,"2018-08-07","17:29:00",3,"CO",8,0,1,0,0,0,0,40.33,-105.09,40.33,-105.09,0,0,0,0,0,69,0,0,0
639878,2018,8,7,"2018-08-07","17:46:00",3,"CO",8,0,1.5,0,0,0,0,40.2,-105,40.2,-105,0,0,0,0,0,123,0,0,0
639879,2018,8,7,"2018-08-07","17:53:00",3,"CO",8,0,1.5,0,0,0,0,40.16,-104.94,40.16,-104.94,0,0,0,0,0,123,0,0,0
639880,2018,8,7,"2018-08-07","17:53:00",3,"CO",8,0,1,0,0,0,0,40.2,-104.97,40.2,-104.97,0,0,0,0,0,123,0,0,0
639881,2018,8,7,"2018-08-07","17:57:00",3,"NE",31,0,1,0,0,0,0,41.63,-100.71,41.63,-100.71,0,0,0,0,0,113,0,0,0
639882,2018,8,7,"2018-08-07","17:59:00",3,"NM",35,0,2.25,0,0,0,0,36.887,-104.7289,36.887,-104.7289,0,0,0,0,0,7,0,0,0
639883,2018,8,7,"2018-08-07","18:00:00",3,"CO",8,0,1,0,0,0,0,40.07,-104.81,40.07,-104.81,0,0,0,0,0,123,0,0,0
639884,2018,8,7,"2018-08-07","18:00:00",3,"CO",8,0,1,0,0,0,0,38.1,-105.33,38.1,-105.33,0,0,0,0,0,27,0,0,0
639885,2018,8,7,"2018-08-07","18:18:00",3,"CO",8,0,1,0,0,0,0,38.05,-105.32,38.05,-105.32,0,0,0,0,0,27,0,0,0
639886,2018,8,7,"2018-08-07","18:20:00",3,"CO",8,0,2,0,0,0,0,39.5494,-103.0712,39.5494,-103.0712,0,0,0,0,0,63,0,0,0
639887,2018,8,7,"2018-08-07","18:32:00",3,"CO",8,0,2,0,0,0,0,39.4794,-103.0249,39.4794,-103.0249,0,0,0,0,0,63,0,0,0
639888,2018,8,7,"2018-08-07","18:40:00",3,"NM",35,0,2,0,0,0,0,36.59,-103.61,36.59,-103.61,0,0,0,0,0,59,0,0,0
639889,2018,8,7,"2018-08-07","19:25:00",3,"NM",35,0,0.75,0,0,0,0,35.52,-106.04,35.52,-106.04,0,0,0,0,0,49,0,0,0
639890,2018,8,7,"2018-08-07","19:32:00",3,"CO",8,0,1,0,0,0,0,39.2392,-102.9685,39.2392,-102.9685,0,0,0,0,0,63,0,0,0
639891,2018,8,7,"2018-08-07","19:39:00",3,"CO",8,0,0.88,0,0,0,0,40.0893,-102.66,40.0893,-102.66,0,0,0,0,0,125,0,0,0
639892,2018,8,7,"2018-08-07","19:59:00",3,"CO",8,0,1.25,0,0,0,0,40.0983,-102.4823,40.0983,-102.4823,0,0,0,0,0,125,0,0,0
639893,2018,8,7,"2018-08-07","20:15:00",3,"NM",35,0,1.25,0,0,5000,0,36.61,-104.72,36.61,-104.72,0,0,0,0,0,7,0,0,0
639894,2018,8,7,"2018-08-07","20:25:00",3,"NM",35,0,1.75,0,0,0,0,36.57,-104.64,36.57,-104.64,0,0,0,0,0,7,0,0,0
639895,2018,8,7,"2018-08-07","20:28:00",3,"WY",56,0,1.5,0,0,0,0,41.88,-104.73,41.88,-104.73,0,0,0,0,0,31,0,0,0
639896,2018,8,7,"2018-08-07","20:30:00",3,"NM",35,0,0.75,0,0,0,0,36.59,-104.63,36.59,-104.63,0,0,0,0,0,7,0,0,0
639897,2018,8,7,"2018-08-07","20:33:00",3,"CO",8,0,0.88,0,0,0,0,39.9897,-102.3373,39.9897,-102.3373,0,0,0,0,0,125,0,0,0
639898,2018,8,7,"2018-08-07","21:06:00",3,"WY",56,0,2.5,0,0,0,0,41.52,-104.32,41.52,-104.32,0,0,0,0,0,21,0,0,0
639899,2018,8,7,"2018-08-07","21:25:00",3,"WY",56,0,1.25,0,0,0,0,41.42,-104.1,41.42,-104.1,0,0,0,0,0,21,0,0,0
639900,2018,8,7,"2018-08-07","22:50:00",3,"CO",8,0,1.5,0,0,0,0,38.9,-104.46,38.9,-104.46,0,0,0,0,0,41,0,0,0
639901,2018,8,7,"2018-08-07","22:58:00",3,"CO",8,0,1.5,0,0,0,0,38.98,-104.61,38.98,-104.61,0,0,0,0,0,41,0,0,0
639902,2018,8,7,"2018-08-07","23:00:00",3,"CO",8,0,1.5,0,0,0,0,38.89,-104.59,38.89,-104.59,0,0,0,0,0,41,0,0,0
639903,2018,8,7,"2018-08-07","23:02:00",3,"CO",8,0,1.75,0,0,0,0,38.94,-104.61,38.94,-104.61,0,0,0,0,0,41,0,0,0
639904,2018,8,7,"2018-08-07","23:05:00",3,"CO",8,0,1,0,0,0,0,38.96,-104.61,38.96,-104.61,0,0,0,0,0,41,0,0,0
639905,2018,8,7,"2018-08-07","23:10:00",3,"CO",8,0,1,0,0,0,0,38.93,-104.58,38.93,-104.58,0,0,0,0,0,41,0,0,0
639906,2018,8,7,"2018-08-07","23:12:00",3,"CO",8,0,1.75,0,0,0,0,38.53,-104.64,38.53,-104.64,0,0,0,0,0,41,0,0,0
639907,2018,8,8,"2018-08-08","02:15:00",3,"NE",31,0,1.75,0,0,0,0,41.58,-100.19,41.58,-100.19,0,0,0,0,0,41,0,0,0
639908,2018,8,8,"2018-08-08","03:36:00",3,"NE",31,0,1,0,0,0,0,41.2,-99.8,41.2,-99.8,0,0,0,0,0,41,0,0,0
639909,2018,8,8,"2018-08-08","05:16:00",3,"NE",31,0,1,0,0,0,0,41.11,-103.73,41.11,-103.73,0,0,0,0,0,105,0,0,0
639910,2018,8,8,"2018-08-08","05:50:00",3,"NE",31,0,0.75,0,0,0,0,40.37,-99.23,40.37,-99.23,0,0,0,0,0,99,0,0,0
639911,2018,8,8,"2018-08-08","06:00:00",3,"NE",31,0,2.5,0,0,0,0,41.15,-103.76,41.15,-103.76,0,0,0,0,0,105,0,0,0
639912,2018,8,8,"2018-08-08","06:33:00",3,"CO",8,0,1.25,0,0,0,0,40.84,-103.94,40.84,-103.94,0,0,0,0,0,123,0,0,0
639913,2018,8,8,"2018-08-08","08:25:00",3,"CO",8,0,0.88,0,0,0,0,40.24,-104.09,40.24,-104.09,0,0,0,0,0,87,0,0,0
639914,2018,8,8,"2018-08-08","10:15:00",3,"CO",8,0,1.25,0,0,0,0,39.04,-104.27,39.04,-104.27,0,0,0,0,0,41,0,0,0
639915,2018,8,8,"2018-08-08","11:06:00",3,"KS",20,0,0.75,0,0,0,0,39.12,-100.08,39.12,-100.08,0,0,0,0,0,195,0,0,0
639916,2018,8,8,"2018-08-08","14:09:00",3,"NM",35,0,1.5,0,0,0,0,36.18,-105.06,36.18,-105.06,0,0,0,0,0,33,0,0,0
639917,2018,8,8,"2018-08-08","14:20:00",3,"NC",37,0,0.75,0,0,0,0,35.624,-81.196,35.624,-81.196,0,0,0,0,0,35,0,0,0
639918,2018,8,8,"2018-08-08","14:49:00",3,"NC",37,0,0.75,0,0,0,0,35.67,-81.4,35.67,-81.4,0,0,0,0,0,35,0,0,0
639919,2018,8,8,"2018-08-08","15:10:00",3,"NC",37,0,1,0,0,0,0,35.712,-81.415,35.712,-81.415,0,0,0,0,0,23,0,0,0
639920,2018,8,8,"2018-08-08","15:39:00",3,"SC",45,0,0.25,0,0,100,100,34.73,-79.92,34.73,-79.92,0,0,0,0,0,25,0,0,0
639921,2018,8,8,"2018-08-08","15:57:00",3,"NC",37,0,1.5,0,0,0,0,35.537,-80.831,35.537,-80.831,0,0,0,0,0,97,0,0,0
639922,2018,8,8,"2018-08-08","16:00:00",3,"NM",35,0,0.75,0,0,0,0,36.5584,-105.1149,36.5584,-105.1149,0,0,0,0,0,7,0,0,0
639923,2018,8,8,"2018-08-08","16:06:00",3,"NC",37,0,0.75,0,0,0,0,35.57,-80.8,35.57,-80.8,0,0,0,0,0,97,0,0,0
639924,2018,8,8,"2018-08-08","16:20:00",3,"MN",27,0,1.25,0,0,0,0,47.17,-91.62,47.17,-91.62,0,0,0,0,0,75,0,0,0
639925,2018,8,8,"2018-08-08","16:20:00",3,"MN",27,0,1,0,0,0,0,47.17,-91.66,47.17,-91.66,0,0,0,0,0,75,0,0,0
639926,2018,8,8,"2018-08-08","16:21:00",3,"MN",27,0,2.5,0,0,0,0,47.1,-91.66,47.1,-91.66,0,0,0,0,0,75,0,0,0
639927,2018,8,8,"2018-08-08","16:28:00",3,"MN",27,0,1.25,0,0,0,0,47.11,-91.67,47.11,-91.67,0,0,0,0,0,75,0,0,0
639928,2018,8,8,"2018-08-08","16:30:00",3,"MN",27,0,1.75,0,0,0,0,47.11,-91.6,47.11,-91.6,0,0,0,0,0,75,0,0,0
639929,2018,8,8,"2018-08-08","16:30:00",3,"MN",27,0,2,0,0,0,0,47.1,-91.68,47.1,-91.68,0,0,0,0,0,75,0,0,0
639930,2018,8,8,"2018-08-08","16:37:00",3,"MN",27,0,1.75,0,0,0,0,47.05,-91.65,47.05,-91.65,0,0,0,0,0,75,0,0,0
639931,2018,8,8,"2018-08-08","17:55:00",3,"SC",45,0,1.25,0,0,0,0,34.57,-82.09,34.57,-82.09,0,0,0,0,0,59,0,0,0
639932,2018,8,8,"2018-08-08","18:10:00",3,"GA",13,0,1,0,0,0,0,32.8987,-83.689,32.8987,-83.689,0,0,0,0,0,21,0,0,0
639933,2018,8,8,"2018-08-08","19:45:00",3,"NM",35,0,2,0,0,0,0,34.6483,-104.3539,34.6483,-104.3539,0,0,0,0,0,19,0,0,0
639934,2018,8,8,"2018-08-08","20:09:00",3,"SC",45,0,0.25,0,0,100,100,34.31,-80.47,34.31,-80.47,0,0,0,0,0,55,0,0,0
639935,2018,8,9,"2018-08-09","14:13:00",3,"MO",29,0,1,0,0,0,0,37.14,-94.51,37.14,-94.51,0,0,0,0,0,97,0,0,0
639936,2018,8,9,"2018-08-09","14:14:00",3,"MO",29,0,0.88,0,0,0,0,37.1,-94.52,37.1,-94.52,0,0,0,0,0,97,0,0,0
639937,2018,8,9,"2018-08-09","14:20:00",3,"NM",35,0,1.75,0,0,0,0,36.53,-105.27,36.53,-105.27,0,0,0,0,0,7,0,0,0
639938,2018,8,9,"2018-08-09","14:23:00",3,"WI",55,0,0.75,0,0,0,0,43.35,-89.64,43.35,-89.64,0,0,0,0,0,21,0,0,0
639939,2018,8,9,"2018-08-09","15:04:00",3,"FL",12,0,0.75,0,0,0,0,25.78,-80.36,25.78,-80.36,0,0,0,0,0,86,0,0,0
639940,2018,8,9,"2018-08-09","15:20:00",3,"MO",29,0,0.75,0,0,0,0,37.08,-94.06,37.08,-94.06,0,0,0,0,0,97,0,0,0
639941,2018,8,9,"2018-08-09","15:20:00",3,"FL",12,0,0.75,0,0,0,0,25.69,-80.41,25.69,-80.41,0,0,0,0,0,86,0,0,0
639942,2018,8,9,"2018-08-09","15:24:00",3,"FL",12,0,0.75,0,0,0,0,25.71,-80.42,25.71,-80.42,0,0,0,0,0,86,0,0,0
639943,2018,8,9,"2018-08-09","15:31:00",3,"FL",12,0,1.25,0,0,0,0,25.7,-80.41,25.7,-80.41,0,0,0,0,0,86,0,0,0
639944,2018,8,9,"2018-08-09","15:33:00",3,"NM",35,0,1,0,0,0,0,35.44,-105.57,35.44,-105.57,0,0,0,0,0,47,0,0,0
639945,2018,8,9,"2018-08-09","15:35:00",3,"NM",35,0,1,0,0,0,0,36.63,-104.69,36.63,-104.69,0,0,0,0,0,7,0,0,0
639946,2018,8,9,"2018-08-09","15:38:00",3,"FL",12,0,0.88,0,0,0,0,25.6624,-80.4235,25.6624,-80.4235,0,0,0,0,0,86,0,0,0
639947,2018,8,9,"2018-08-09","16:05:00",3,"AZ",4,0,2,0,0,0,0,35.1635,-111.5215,35.2675,-111.9668,0,0,0,0,0,5,0,0,0
639948,2018,8,9,"2018-08-09","16:08:00",3,"SC",45,0,1,0,0,0,0,34.72,-82.18,34.72,-82.18,0,0,0,0,0,45,0,0,0
639949,2018,8,9,"2018-08-09","16:46:00",3,"MO",29,0,0.88,0,0,0,0,36.68,-93.85,36.68,-93.85,0,0,0,0,0,9,0,0,0
639950,2018,8,9,"2018-08-09","17:00:00",3,"MO",29,0,0.75,0,0,0,0,36.62,-93.85,36.62,-93.85,0,0,0,0,0,9,0,0,0
639951,2018,8,9,"2018-08-09","17:10:00",3,"AZ",4,0,1.75,0,0,0,0,35.2,-112.66,34.97,-112.25,0,0,0,0,0,25,0,0,0
639952,2018,8,9,"2018-08-09","17:39:00",3,"NM",35,0,0.88,0,0,0,0,35.1,-106.24,35.1,-106.24,0,0,0,0,0,49,0,0,0
639953,2018,8,9,"2018-08-09","17:43:00",3,"SC",45,0,0.88,0,0,0,0,34.47,-82.635,34.47,-82.635,0,0,0,0,0,7,0,0,0
639954,2018,8,9,"2018-08-09","17:52:00",3,"AR",5,0,1,0,0,0,0,36.3415,-94.0623,36.3415,-94.0623,0,0,0,0,0,7,0,0,0
640590,2018,9,10,"2018-09-10","06:28:00",3,"SD",46,0,1.25,0,0,0,0,44.89,-100.08,44.89,-100.08,0,0,0,0,0,119,0,0,0
640591,2018,9,10,"2018-09-10","07:25:00",3,"SD",46,0,1.5,0,0,0,0,44.71,-99.83,44.71,-99.83,0,0,0,0,0,119,0,0,0
640592,2018,9,11,"2018-09-11","16:10:00",3,"ND",38,0,0.75,0,0,0,0,48.22,-97.95,48.22,-97.95,0,0,0,0,0,99,0,0,0
640593,2018,9,11,"2018-09-11","16:45:00",3,"ND",38,0,1,0,0,0,0,48.27,-97.76,48.27,-97.76,0,0,0,0,0,99,0,0,0
640594,2018,9,11,"2018-09-11","16:50:00",3,"ND",38,0,0.88,0,0,0,0,48.27,-97.71,48.27,-97.71,0,0,0,0,0,99,0,0,0
640595,2018,9,11,"2018-09-11","16:55:00",3,"ND",38,0,1.25,0,0,0,0,48.27,-97.65,48.27,-97.65,0,0,0,0,0,99,0,0,0
640596,2018,9,11,"2018-09-11","17:05:00",3,"ND",38,0,0.88,0,0,0,0,48.29,-97.55,48.29,-97.55,0,0,0,0,0,99,0,0,0
640597,2018,9,11,"2018-09-11","17:30:00",3,"ND",38,0,1,0,0,0,0,48.3,-97.33,48.3,-97.33,0,0,0,0,0,99,0,0,0
640598,2018,9,11,"2018-09-11","17:40:00",3,"MN",27,0,1,0,0,0,0,48.3,-96.65,48.3,-96.65,0,0,0,0,0,89,0,0,0
640599,2018,9,11,"2018-09-11","18:15:00",3,"MN",27,0,1.25,0,0,0,0,48.58,-96.52,48.58,-96.52,0,0,0,0,0,69,0,0,0
640600,2018,9,12,"2018-09-12","13:02:00",3,"MN",27,0,1,0,0,0,0,47.48,-95.34,47.48,-95.34,0,0,0,0,0,29,0,0,0
640601,2018,9,12,"2018-09-12","13:07:00",3,"MN",27,0,1.25,0,0,0,0,47.53,-95.26,47.53,-95.26,0,0,0,0,0,29,0,0,0
640602,2018,9,12,"2018-09-12","13:53:00",3,"MN",27,0,1,0,0,0,0,47.79,-95,47.79,-95,0,0,0,0,0,7,0,0,0
640603,2018,9,12,"2018-09-12","13:55:00",3,"MN",27,0,0.88,0,0,0,0,48.42,-95.76,48.42,-95.76,0,0,0,0,0,89,0,0,0
640604,2018,9,12,"2018-09-12","14:12:00",3,"MN",27,0,1,0,0,0,0,48.55,-95.58,48.55,-95.58,0,0,0,0,0,135,0,0,0
640605,2018,9,12,"2018-09-12","14:25:00",3,"MN",27,0,0.75,0,0,0,0,48.61,-95.66,48.61,-95.66,0,0,0,0,0,135,0,0,0
640606,2018,9,12,"2018-09-12","14:30:00",3,"MN",27,0,1.25,0,0,0,0,47.87,-93.03,47.87,-93.03,0,0,0,0,0,137,0,0,0
640607,2018,9,12,"2018-09-12","14:57:00",3,"MN",27,0,1,0,0,0,0,48.01,-92.62,48.01,-92.62,0,0,0,0,0,137,0,0,0
640608,2018,9,12,"2018-09-12","15:15:00",3,"ND",38,0,0.75,0,0,0,0,48.11,-98.87,48.11,-98.87,0,0,0,0,0,71,0,0,0
640609,2018,9,12,"2018-09-12","15:35:00",3,"MN",27,0,1,0,0,0,0,48.77,-94.95,48.77,-94.95,0,0,0,0,0,77,0,0,0
640610,2018,9,12,"2018-09-12","22:40:00",3,"ND",38,0,1,0,0,0,0,47.19,-101.67,47.19,-101.67,0,0,0,0,0,65,0,0,0
640611,2018,9,13,"2018-09-13","16:22:00",3,"FL",12,0,0.75,0,0,0,0,27.86,-82.21,27.86,-82.21,0,0,0,0,0,57,0,0,0
640612,2018,9,14,"2018-09-14","17:20:00",3,"ND",38,0,1.75,0,0,0,0,46.74,-99.76,46.74,-99.76,0,0,0,0,0,43,0,0,0
640613,2018,9,14,"2018-09-14","18:48:00",3,"MN",27,0,0.88,0,0,0,0,46.51,-94.35,46.51,-94.35,0,0,0,0,0,21,0,0,0
640614,2018,9,14,"2018-09-14","18:55:00",3,"MN",27,0,0.88,0,0,0,0,46.5,-94.29,46.5,-94.29,0,0,0,0,0,35,0,0,0
640615,2018,9,14,"2018-09-14","19:25:00",3,"MN",27,0,1.25,0,0,0,0,46.48,-93.96,46.48,-93.96,0,0,0,0,0,35,0,0,0
640616,2018,9,14,"2018-09-14","19:29:00",3,"MN",27,0,1.75,0,0,0,0,46.48,-93.98,46.48,-93.98,0,0,0,0,0,35,0,0,0
640617,2018,9,14,"2018-09-14","19:45:00",3,"MN",27,0,1.25,0,0,0,0,46.44,-93.78,46.44,-93.78,0,0,0,0,0,1,0,0,0
640618,2018,9,14,"2018-09-14","20:00:00",3,"ND",38,0,2,0,0,0,0,46.93,-97.87,46.93,-97.87,0,0,0,0,0,3,0,0,0
640619,2018,9,14,"2018-09-14","20:00:00",3,"MN",27,0,0.75,0,0,0,0,47.31,-95.38,47.31,-95.38,0,0,0,0,0,29,0,0,0
640620,2018,9,14,"2018-09-14","20:07:00",3,"MN",27,0,1,0,0,0,0,47.26,-95.63,47.26,-95.63,0,0,0,0,0,87,0,0,0
640621,2018,9,14,"2018-09-14","20:25:00",3,"MN",27,0,2,0,0,0,0,47.26,-96.26,47.26,-96.26,0,0,0,0,0,107,0,0,0
640622,2018,9,14,"2018-09-14","20:28:00",3,"MN",27,0,0.88,0,0,0,0,47.35,-95.08,47.35,-95.08,0,0,0,0,0,57,0,0,0
640623,2018,9,14,"2018-09-14","20:29:00",3,"MN",27,0,1,0,0,0,0,47.31,-95.38,47.31,-95.38,0,0,0,0,0,29,0,0,0
640624,2018,9,14,"2018-09-14","20:53:00",3,"MN",27,0,1.75,0,0,0,0,47.3,-94.86,47.3,-94.86,0,0,0,0,0,57,0,0,0
640625,2018,9,14,"2018-09-14","21:55:00",3,"MN",27,0,1,0,0,0,0,47.31,-95.38,47.31,-95.38,0,0,0,0,0,29,0,0,0
640626,2018,9,14,"2018-09-14","22:35:00",3,"MN",27,0,2,0,0,0,0,47.17,-94.82,47.17,-94.82,0,0,0,0,0,57,0,0,0
640627,2018,9,14,"2018-09-14","23:50:00",3,"MN",27,0,1,0,0,0,0,47.22,-93.02,47.22,-93.02,0,0,0,0,0,137,0,0,0
640628,2018,9,15,"2018-09-15","00:32:00",3,"MN",27,0,0.88,0,0,0,0,46.95,-92.19,46.95,-92.19,0,0,0,0,0,137,0,0,0
640629,2018,9,15,"2018-09-15","20:22:00",3,"MN",27,0,0.75,0,0,0,0,47.71,-92.31,47.71,-92.31,0,0,0,0,0,137,0,0,0
640630,2018,9,17,"2018-09-17","14:12:00",3,"IA",19,0,1,0,0,0,0,43.24,-93.68,43.24,-93.68,0,0,0,0,0,81,0,0,0
640631,2018,9,17,"2018-09-17","14:58:00",3,"LA",22,0,1,0,0,0,0,29.47,-90.56,29.47,-90.56,0,0,0,0,0,109,0,0,0
640632,2018,9,17,"2018-09-17","15:11:00",3,"MN",27,0,0.75,0,0,0,0,44.05,-91.65,44.05,-91.65,0,0,0,0,0,169,0,0,0
640633,2018,9,17,"2018-09-17","19:25:00",3,"NE",31,0,1.25,0,0,0,0,41.98,-100.58,41.98,-100.58,0,0,0,0,0,171,0,0,0
640634,2018,9,17,"2018-09-17","19:28:00",3,"NE",31,0,1,0,0,0,0,41.98,-100.57,41.98,-100.57,0,0,0,0,0,171,0,0,0
640635,2018,9,18,"2018-09-18","02:37:00",3,"MN",27,0,1,0,0,0,0,43.96,-91.7,43.96,-91.7,0,0,0,0,0,169,0,0,0
640636,2018,9,18,"2018-09-18","04:00:00",3,"SD",46,0,1.75,0,0,0,0,44.58,-96.9,44.58,-96.9,0,0,0,0,0,57,0,0,0
640637,2018,9,18,"2018-09-18","04:14:00",3,"MN",27,0,0.88,0,0,0,0,44.45,-95.78,44.45,-95.78,0,0,0,0,0,83,0,0,0
640638,2018,9,18,"2018-09-18","04:16:00",3,"MN",27,0,1.25,0,0,0,0,44.43,-95.79,44.43,-95.79,0,0,0,0,0,83,0,0,0
640639,2018,9,18,"2018-09-18","04:20:00",3,"MN",27,0,1.5,0,0,0,0,44.45,-95.79,44.45,-95.79,0,0,0,0,0,83,0,0,0
640640,2018,9,18,"2018-09-18","09:44:00",3,"IA",19,0,0.75,0,0,0,0,41.75,-93.41,41.75,-93.41,0,0,0,0,0,153,0,0,0
640641,2018,9,18,"2018-09-18","09:55:00",3,"IA",19,0,1,0,0,0,0,41.72,-92.91,41.72,-92.91,0,0,0,0,0,99,0,0,0
640642,2018,9,18,"2018-09-18","14:10:00",3,"NE",31,0,1.75,0,0,0,0,41.31,-96.81,41.31,-96.81,0,0,0,0,0,155,0,0,0
640643,2018,9,18,"2018-09-18","14:27:00",3,"NE",31,0,2,0,0,0,0,41.29,-96.66,41.29,-96.66,0,0,0,0,0,155,0,0,0
640644,2018,9,18,"2018-09-18","14:30:00",3,"NE",31,0,1.75,0,0,0,0,41.3,-96.6,41.3,-96.6,0,0,0,0,0,155,0,0,0
640645,2018,9,18,"2018-09-18","15:00:00",3,"NE",31,0,1,0,0,0,0,41.19,-96.49,41.19,-96.49,0,0,0,0,0,155,0,0,0
640646,2018,9,18,"2018-09-18","15:34:00",3,"NE",31,0,1.75,0,0,0,0,40.92,-96.53,40.92,-96.53,0,0,0,0,0,109,0,0,0
640647,2018,9,18,"2018-09-18","15:44:00",3,"NE",31,0,1.25,0,0,0,0,40.99,-96.15,40.99,-96.15,0,0,0,0,0,25,0,0,0
640648,2018,9,19,"2018-09-19","03:25:00",3,"SD",46,0,1,0,0,0,0,44.85,-99.23,44.85,-99.23,0,0,0,0,0,59,0,0,0
640649,2018,9,19,"2018-09-19","14:35:00",3,"VA",51,0,1,0,0,0,0,38.14,-78.37,38.14,-78.37,0,0,0,0,0,3,0,0,0
640650,2018,9,20,"2018-09-20","12:44:00",3,"OH",39,0,0.75,0,0,0,0,41.32,-81.83,41.32,-81.83,0,0,0,0,0,35,0,0,0
640651,2018,9,20,"2018-09-20","13:00:00",3,"FL",12,0,0.75,0,0,0,0,26.27,-80.26,26.27,-80.26,0,0,0,0,0,11,0,0,0
640652,2018,9,20,"2018-09-20","13:10:00",3,"FL",12,0,0.75,0,0,0,0,26.2589,-80.2827,26.2589,-80.2827,0,0,0,0,0,11,0,0,0
640653,2018,9,20,"2018-09-20","13:25:00",3,"FL",12,0,1,0,0,0,0,26.1617,-80.3227,26.1617,-80.3227,0,0,0,0,0,11,0,0,0
640654,2018,9,20,"2018-09-20","13:29:00",3,"FL",12,0,0.75,0,0,0,0,26.15,-80.32,26.15,-80.32,0,0,0,0,0,11,0,0,0
640655,2018,9,20,"2018-09-20","14:50:00",3,"KS",20,0,0.75,0,0,0,0,39.067,-100.2365,39.067,-100.2365,0,0,0,0,0,63,0,0,0
640656,2018,9,20,"2018-09-20","16:15:00",3,"NE",31,0,0.88,0,0,0,0,40.4968,-97.9445,40.4968,-97.9445,0,0,0,0,0,35,0,0,0
640657,2018,9,20,"2018-09-20","16:40:00",3,"KS",20,0,1,0,0,0,0,39.6099,-98.9516,39.6099,-98.9516,0,0,0,0,0,183,0,0,0
640658,2018,9,20,"2018-09-20","16:58:00",3,"NE",31,0,1.75,0,0,25000,5e+05,40.1,-98.53,40.18,-98.45,0,0,0,0,0,181,0,0,0
640659,2018,9,20,"2018-09-20","17:05:00",3,"NE",31,0,1.25,0,0,0,0,40.79,-97.35,40.79,-97.35,0,0,0,0,0,159,0,0,0
640660,2018,9,26,"2018-09-26","17:08:00",3,"NM",35,0,0.75,0,0,0,0,32.7325,-108.2612,32.7325,-108.2612,0,0,0,0,0,17,0,0,0
640661,2018,9,27,"2018-09-27","17:18:00",3,"SC",45,0,0.25,0,0,100,100,33.78,-80.97,33.78,-80.97,0,0,0,0,0,17,0,0,0
640662,2018,9,30,"2018-09-30","14:09:00",3,"FL",12,0,0.88,0,0,0,0,30.2073,-85.6158,30.2073,-85.6158,0,0,0,0,0,5,0,0,0
640483,2018,9,1,"2018-09-01","00:00:00",3,"NE",31,0,0.88,0,0,0,0,40.45,-99.37,40.45,-99.37,0,0,0,0,0,137,0,0,0
640484,2018,9,1,"2018-09-01","00:23:00",3,"IA",19,0,0.75,0,0,0,0,42.38,-91.58,42.38,-91.58,0,0,0,0,0,55,0,0,0
640485,2018,9,1,"2018-09-01","01:33:00",3,"IA",19,0,0.75,0,0,0,0,41.32,-93.1,41.32,-93.1,0,0,0,0,0,125,0,0,0
640486,2018,9,1,"2018-09-01","01:33:00",3,"IA",19,0,1,0,0,0,0,41.71,-92.55,41.71,-92.55,0,0,0,0,0,157,0,0,0
640487,2018,9,1,"2018-09-01","05:22:00",3,"IA",19,0,1.25,0,0,0,0,41.15,-95.29,41.15,-95.29,0,0,0,0,0,137,0,0,0
640488,2018,9,1,"2018-09-01","06:19:00",3,"IA",19,0,0.88,0,0,0,0,41.53,-94.36,41.53,-94.36,0,0,0,0,0,77,0,0,0
640489,2018,9,1,"2018-09-01","06:22:00",3,"IA",19,0,1,0,0,0,0,41.53,-94.4,41.53,-94.4,0,0,0,0,0,77,0,0,0
640490,2018,9,1,"2018-09-01","11:40:00",3,"AZ",4,0,1.75,0,0,0,0,35.66,-109.09,35.7175,-109.0508,0,0,0,0,0,1,0,0,0
640491,2018,9,1,"2018-09-01","16:14:00",3,"AZ",4,0,1,0,0,0,0,35.76,-111.37,35.8089,-111.3285,0,0,0,0,0,5,0,0,0
640492,2018,9,1,"2018-09-01","16:19:00",3,"KS",20,0,2,0,0,0,0,39,-99.3,39,-99.3,0,0,0,0,0,51,0,0,0
640493,2018,9,1,"2018-09-01","16:20:00",3,"KS",20,0,1,0,0,0,0,39.04,-99.3,39.04,-99.3,0,0,0,0,0,51,0,0,0
640494,2018,9,1,"2018-09-01","16:37:00",3,"NE",31,0,0.75,0,0,0,0,41.31,-103.26,41.31,-103.26,0,0,0,0,0,33,0,0,0
640495,2018,9,1,"2018-09-01","16:50:00",3,"NE",31,0,1.5,0,0,0,0,41.26,-103.31,41.26,-103.31,0,0,0,0,0,33,0,0,0
640496,2018,9,1,"2018-09-01","16:58:00",3,"KS",20,0,1.5,0,0,0,0,39.12,-98.69,39.12,-98.69,0,0,0,0,0,167,0,0,0
640497,2018,9,1,"2018-09-01","17:02:00",3,"KS",20,0,1,0,0,0,0,39.13,-98.8,39.13,-98.8,0,0,0,0,0,167,0,0,0
640498,2018,9,1,"2018-09-01","17:03:00",3,"KS",20,0,1.5,0,0,0,0,39.12,-98.69,39.12,-98.69,0,0,0,0,0,167,0,0,0
640499,2018,9,1,"2018-09-01","17:08:00",3,"KS",20,0,2.5,0,0,250000,5e+05,39.16,-98.69,39.2,-98.64,0,0,0,0,0,141,0,0,0
640500,2018,9,1,"2018-09-01","17:14:00",3,"TX",48,0,1.75,0,0,0,0,35.11,-101.9,35.11,-101.9,0,0,0,0,0,381,0,0,0
640501,2018,9,1,"2018-09-01","17:18:00",3,"KS",20,0,0.75,0,0,0,0,39.52,-98.43,39.52,-98.43,0,0,0,0,0,123,0,0,0
640502,2018,9,1,"2018-09-01","17:18:00",3,"KS",20,0,1.25,0,0,0,0,38.85,-99.32,38.85,-99.32,0,0,0,0,0,51,0,0,0
640503,2018,9,1,"2018-09-01","17:18:00",3,"NE",31,0,1,0,0,0,0,41.0765,-103.4561,41.0765,-103.4561,0,0,0,0,0,105,0,0,0
640504,2018,9,1,"2018-09-01","17:19:00",3,"AZ",4,0,2.5,0,0,0,0,35.55,-110.84,35.6702,-110.7329,0,0,0,0,0,5,0,0,0
640505,2018,9,1,"2018-09-01","17:20:00",3,"TX",48,0,0.88,0,0,0,0,35.19,-101.92,35.19,-101.92,0,0,0,0,0,375,0,0,0
640506,2018,9,1,"2018-09-01","17:30:00",3,"NE",31,0,1.25,0,0,0,0,41.3506,-103.0905,41.3506,-103.0905,0,0,0,0,0,33,0,0,0
640507,2018,9,1,"2018-09-01","18:00:00",3,"NM",35,0,0.75,0,0,0,0,32.9918,-108.5507,32.9918,-108.5507,0,0,0,0,0,17,0,0,0
640508,2018,9,1,"2018-09-01","18:05:00",3,"IA",19,0,1,0,0,0,0,41.69,-93.79,41.69,-93.79,0,0,0,0,0,153,0,0,0
640509,2018,9,1,"2018-09-01","18:10:00",3,"IA",19,0,2,0,0,10000,0,41.65,-93.71,41.65,-93.71,0,0,0,0,0,153,0,0,0
640510,2018,9,1,"2018-09-01","18:11:00",3,"IA",19,0,1,0,0,0,0,41.69,-93.72,41.69,-93.72,0,0,0,0,0,153,0,0,0
640511,2018,9,1,"2018-09-01","18:12:00",3,"IA",19,0,0.88,0,0,0,0,41.6671,-93.7005,41.6671,-93.7005,0,0,0,0,0,153,0,0,0
640512,2018,9,1,"2018-09-01","18:15:00",3,"IA",19,0,1.25,0,0,10000,0,41.66,-93.74,41.66,-93.74,0,0,0,0,0,153,0,0,0
640513,2018,9,1,"2018-09-01","18:20:00",3,"IA",19,0,1.5,0,0,10000,0,41.66,-93.61,41.66,-93.61,0,0,0,0,0,153,0,0,0
640514,2018,9,1,"2018-09-01","18:30:00",3,"IA",19,0,1.25,0,0,2000,0,41.664,-93.7352,41.664,-93.7352,0,0,0,0,0,153,0,0,0
640515,2018,9,1,"2018-09-01","18:35:00",3,"NE",31,0,1,0,0,0,0,40.7,-96.38,40.7,-96.38,0,0,0,0,0,131,0,0,0
640516,2018,9,1,"2018-09-01","18:35:00",3,"IA",19,0,1.75,0,0,10000,0,41.64,-93.54,41.64,-93.54,0,0,0,0,0,153,0,0,0
640517,2018,9,1,"2018-09-01","18:38:00",3,"IA",19,0,1,0,0,0,0,41.64,-93.53,41.64,-93.53,0,0,0,0,0,153,0,0,0
640518,2018,9,1,"2018-09-01","18:39:00",3,"IA",19,0,2,0,0,15000,0,41.64,-93.56,41.64,-93.56,0,0,0,0,0,153,0,0,0
640519,2018,9,1,"2018-09-01","18:47:00",3,"IA",19,0,1.75,0,0,10000,0,41.69,-93.46,41.69,-93.46,0,0,0,0,0,153,0,0,0
640520,2018,9,1,"2018-09-01","18:48:00",3,"IA",19,0,0.88,0,0,0,0,41.68,-93.96,41.68,-93.96,0,0,0,0,0,49,0,0,0
640521,2018,9,1,"2018-09-01","18:48:00",3,"IA",19,0,1.75,0,0,5000,0,41.7,-93.47,41.7,-93.47,0,0,0,0,0,153,0,0,0
640522,2018,9,1,"2018-09-01","19:11:00",3,"AZ",4,0,2.75,0,0,0,0,34.97,-110.09,34.9819,-110.0701,0,0,0,0,0,17,0,0,0
640523,2018,9,1,"2018-09-01","19:25:00",3,"NC",37,0,1,0,0,0,0,35.73,-81.827,35.73,-81.827,0,0,0,0,0,23,0,0,0
640524,2018,9,1,"2018-09-01","22:01:00",3,"IA",19,0,0.88,0,0,0,0,41.99,-93.62,41.99,-93.62,0,0,0,0,0,169,0,0,0
640525,2018,9,2,"2018-09-02","00:00:00",3,"SD",46,0,1,0,0,0,0,45.48,-101.04,45.48,-101.04,0,0,0,0,0,31,0,0,0
640526,2018,9,2,"2018-09-02","00:20:00",3,"SD",46,0,1,0,0,0,0,45.51,-100.03,45.51,-100.03,0,0,0,0,0,129,0,0,0
640527,2018,9,2,"2018-09-02","02:54:00",3,"ND",38,0,0.88,0,0,0,0,46.83,-96.84,46.83,-96.84,0,0,0,0,0,17,0,0,0
640528,2018,9,2,"2018-09-02","04:20:00",3,"MN",27,0,0.88,0,0,0,0,45.99,-95.89,45.99,-95.89,0,0,0,0,0,51,0,0,0
640529,2018,9,2,"2018-09-02","05:13:00",3,"MN",27,0,0.75,0,0,0,0,46.52,-94.54,46.52,-94.54,0,0,0,0,0,21,0,0,0
640530,2018,9,2,"2018-09-02","05:23:00",3,"MN",27,0,0.75,0,0,0,0,46.56,-94.51,46.56,-94.51,0,0,0,0,0,21,0,0,0
640531,2018,9,2,"2018-09-02","05:25:00",3,"MN",27,0,0.75,0,0,0,0,46.53,-94.43,46.53,-94.43,0,0,0,0,0,21,0,0,0
640532,2018,9,2,"2018-09-02","05:26:00",3,"MN",27,0,0.88,0,0,0,0,46.58,-94.45,46.58,-94.45,0,0,0,0,0,21,0,0,0
640533,2018,9,2,"2018-09-02","05:32:00",3,"MN",27,0,1,0,0,0,0,46.66,-94.41,46.66,-94.41,0,0,0,0,0,21,0,0,0
640534,2018,9,2,"2018-09-02","05:41:00",3,"MN",27,0,0.75,0,0,0,0,46.72,-94.4,46.72,-94.4,0,0,0,0,0,21,0,0,0
640535,2018,9,2,"2018-09-02","13:26:00",3,"NC",37,0,1.25,0,0,0,0,36.17,-81.22,36.17,-81.22,0,0,0,0,0,193,0,0,0
640536,2018,9,2,"2018-09-02","15:00:00",3,"KS",20,0,2,0,0,0,0,38.17,-99.58,38.17,-99.58,0,0,0,0,0,83,0,0,0
640537,2018,9,2,"2018-09-02","15:22:00",3,"OH",39,0,1.75,0,0,0,0,38.44,-82.38,38.44,-82.38,0,0,0,0,0,87,0,0,0
640538,2018,9,2,"2018-09-02","15:55:00",3,"KS",20,0,1.5,0,0,0,0,38.28,-99.35,38.28,-99.35,0,0,0,0,0,145,0,0,0
640539,2018,9,2,"2018-09-02","17:09:00",3,"KS",20,0,0.75,0,0,0,0,38.8297,-100.4951,38.8297,-100.4951,0,0,0,0,0,63,0,0,0
640540,2018,9,2,"2018-09-02","17:20:00",3,"AZ",4,0,1,0,0,0,0,32.3622,-111.0821,32.3622,-111.0821,0,0,0,0,0,19,0,0,0
640541,2018,9,2,"2018-09-02","18:10:00",3,"AZ",4,0,1.75,0,0,0,0,33.95,-111.32,33.9279,-111.2343,0,0,0,0,0,7,0,0,0
640542,2018,9,2,"2018-09-02","19:45:00",3,"AZ",4,0,1.5,0,0,0,0,32.3058,-109.7909,32.3058,-109.7909,0,0,0,0,0,3,0,0,0
640543,2018,9,2,"2018-09-02","23:00:00",3,"AZ",4,0,1.75,0,0,0,0,31.7,-111.07,31.7,-111.07,0,0,0,0,0,23,0,0,0
640544,2018,9,3,"2018-09-03","16:15:00",3,"KS",20,0,1,0,0,0,0,38.03,-101.98,38.03,-101.98,0,0,0,0,0,75,0,0,0
640545,2018,9,3,"2018-09-03","16:43:00",3,"IL",17,0,1,0,0,0,0,41.81,-89.98,41.81,-89.98,0,0,0,0,0,195,0,0,0
640546,2018,9,3,"2018-09-03","17:25:00",3,"ND",38,0,0.75,0,0,0,0,46.91,-103.52,46.91,-103.52,0,0,0,0,0,7,0,0,0
640547,2018,9,3,"2018-09-03","18:50:00",3,"ND",38,0,1,0,0,0,0,46.89,-103.19,46.89,-103.19,0,0,0,0,0,89,0,0,0
640548,2018,9,3,"2018-09-03","19:05:00",3,"ND",38,0,1.5,0,0,0,0,46.95,-103.11,46.95,-103.11,0,0,0,0,0,89,0,0,0
640549,2018,9,3,"2018-09-03","19:17:00",3,"ND",38,0,0.75,0,0,0,0,47.98,-102.49,47.98,-102.49,0,0,0,0,0,61,0,0,0
640550,2018,9,3,"2018-09-03","19:50:00",3,"ND",38,0,0.88,0,0,0,0,46.89,-103.19,46.89,-103.19,0,0,0,0,0,89,0,0,0
640551,2018,9,3,"2018-09-03","19:57:00",3,"ND",38,0,1.25,0,0,0,0,46.88,-103.2,46.88,-103.2,0,0,0,0,0,89,0,0,0
640552,2018,9,3,"2018-09-03","20:00:00",3,"ND",38,0,1,0,0,0,0,46.89,-103.2,46.89,-103.2,0,0,0,0,0,89,0,0,0
640553,2018,9,3,"2018-09-03","20:29:00",3,"ND",38,0,0.88,0,0,0,0,48.93,-101.28,48.93,-101.28,0,0,0,0,0,9,0,0,0
640554,2018,9,3,"2018-09-03","20:32:00",3,"ND",38,0,1.25,0,0,0,0,48.9,-101.92,48.9,-101.92,0,0,0,0,0,75,0,0,0
640555,2018,9,3,"2018-09-03","20:36:00",3,"ND",38,0,1,0,0,0,0,46.92,-102.79,46.92,-102.79,0,0,0,0,0,89,0,0,0
640556,2018,9,3,"2018-09-03","23:13:00",3,"ND",38,0,1,0,0,0,0,46.86,-101.41,46.86,-101.41,0,0,0,0,0,59,0,0,0
640557,2018,9,4,"2018-09-04","06:30:00",3,"ND",38,0,0.88,0,0,0,0,46.63,-99.14,46.63,-99.14,0,0,0,0,0,47,0,0,0
640558,2018,9,4,"2018-09-04","15:50:00",3,"MN",27,0,0.75,0,0,0,0,44.1,-92.24,44.1,-92.24,0,0,0,0,0,109,0,0,0
640559,2018,9,5,"2018-09-05","15:00:00",3,"OH",39,0,0.75,0,0,0,0,39.33,-84.54,39.33,-84.54,0,0,0,0,0,17,0,0,0
640560,2018,9,5,"2018-09-05","15:35:00",3,"KY",21,0,0.75,0,0,0,0,39.11,-84.48,39.11,-84.48,0,0,0,0,0,37,0,0,0
640561,2018,9,6,"2018-09-06","10:40:00",3,"ME",23,0,1,0,0,0,0,43.88,-69.63,43.88,-69.63,0,0,0,0,0,15,0,0,0
640562,2018,9,6,"2018-09-06","11:20:00",3,"OH",39,0,0.88,0,0,0,0,39.7371,-84.5477,39.7371,-84.5477,0,0,0,0,0,135,0,0,0
640563,2018,9,6,"2018-09-06","12:29:00",3,"OH",39,0,1,0,0,0,0,39.5835,-84.2892,39.5835,-84.2892,0,0,0,0,0,165,0,0,0
640564,2018,9,6,"2018-09-06","14:30:00",3,"ND",38,0,0.75,0,0,0,0,48.33,-99.54,48.33,-99.54,0,0,0,0,0,5,0,0,0
640565,2018,9,6,"2018-09-06","14:38:00",3,"ND",38,0,0.75,0,0,0,0,48.51,-99.85,48.51,-99.85,0,0,0,0,0,69,0,0,0
640566,2018,9,6,"2018-09-06","14:50:00",3,"ND",38,0,1,0,0,0,0,48.46,-99.38,48.46,-99.38,0,0,0,0,0,95,0,0,0
640567,2018,9,6,"2018-09-06","14:50:00",3,"ND",38,0,1,0,0,0,0,48.5,-99.7,48.5,-99.7,0,0,0,0,0,69,0,0,0
640568,2018,9,6,"2018-09-06","15:27:00",3,"CT",9,0,0.75,0,0,0,0,41.19,-73.2,41.19,-73.2,0,0,0,0,0,1,0,0,0
640569,2018,9,6,"2018-09-06","17:30:00",3,"ND",38,0,1,0,0,0,0,46.95,-102.31,46.95,-102.31,0,0,0,0,0,89,0,0,0
640570,2018,9,6,"2018-09-06","18:40:00",3,"ND",38,0,1.75,0,0,0,0,46.89,-102.07,46.89,-102.07,0,0,0,0,0,59,0,0,0
640571,2018,9,8,"2018-09-08","20:09:00",3,"NE",31,0,0.88,0,0,0,0,41.23,-103.48,41.23,-103.48,0,0,0,0,0,105,0,0,0
640572,2018,9,8,"2018-09-08","20:15:00",3,"NE",31,0,1,0,0,0,0,41.22,-103.32,41.22,-103.32,0,0,0,0,0,33,0,0,0
640573,2018,9,9,"2018-09-09","02:05:00",3,"ND",38,0,1,0,0,0,0,46.88,-100.65,46.88,-100.65,0,0,0,0,0,15,0,0,0
640574,2018,9,9,"2018-09-09","13:42:00",3,"SD",46,0,1,0,0,0,0,44.2,-103.65,44.2,-103.65,0,0,0,0,0,81,0,0,0
640575,2018,9,9,"2018-09-09","14:02:00",3,"SD",46,0,1.25,0,0,0,0,44.0399,-103.5469,44.0399,-103.5469,0,0,0,0,0,103,0,0,0
640576,2018,9,9,"2018-09-09","14:45:00",3,"SD",46,0,1,0,0,0,0,43.9,-103.42,43.9,-103.42,0,0,0,0,0,103,0,0,0
640577,2018,9,9,"2018-09-09","14:55:00",3,"SD",46,0,0.88,0,0,0,0,43.87,-103.3702,43.87,-103.3702,0,0,0,0,0,103,0,0,0
640578,2018,9,9,"2018-09-09","17:45:00",3,"ND",38,0,1,0,0,0,0,46.32,-99.18,46.32,-99.18,0,0,0,0,0,47,0,0,0
640579,2018,9,9,"2018-09-09","17:50:00",3,"NM",35,0,0.75,0,0,0,0,35.77,-105.34,35.77,-105.34,0,0,0,0,0,47,0,0,0
640580,2018,9,9,"2018-09-09","17:55:00",3,"SD",46,0,1.75,0,0,0,0,45.88,-99.48,45.88,-99.48,0,0,0,0,0,89,0,0,0
640581,2018,9,9,"2018-09-09","18:10:00",3,"ND",38,0,1,0,0,0,0,47.08,-98.57,47.08,-98.57,0,0,0,0,0,93,0,0,0
640582,2018,9,9,"2018-09-09","18:20:00",3,"SD",46,0,1,0,0,0,0,45.74,-99.55,45.74,-99.55,0,0,0,0,0,89,0,0,0
640583,2018,9,9,"2018-09-09","19:20:00",3,"SD",46,0,1.5,0,0,0,0,45.64,-99.63,45.64,-99.63,0,0,0,0,0,89,0,0,0
640584,2018,9,9,"2018-09-09","19:45:00",3,"SD",46,0,1,0,0,0,0,45.6,-99.8,45.6,-99.8,0,0,0,0,0,21,0,0,0
640585,2018,9,9,"2018-09-09","20:28:00",3,"SD",46,0,1,0,0,0,0,45.69,-99.79,45.69,-99.79,0,0,0,0,0,21,0,0,0
640586,2018,9,9,"2018-09-09","21:30:00",3,"SD",46,0,1,0,0,0,0,45.49,-99.67,45.49,-99.67,0,0,0,0,0,45,0,0,0
640587,2018,9,9,"2018-09-09","23:12:00",3,"SD",46,0,1,0,0,0,0,45.15,-100.16,45.15,-100.16,0,0,0,0,0,107,0,0,0
640588,2018,9,9,"2018-09-09","23:15:00",3,"MN",27,0,0.88,0,0,0,0,48.79,-95.69,48.79,-95.69,0,0,0,0,0,135,0,0,0
640589,2018,9,9,"2018-09-09","23:50:00",3,"MN",27,0,0.88,0,0,0,0,48.79,-95.69,48.79,-95.69,0,0,0,0,0,135,0,0,0
