"om","yr","mo","dy","date","time","tz","st","stf","stn","mag","inj","fat","loss","closs","slat","slon","elat","elon","len","wid","ns","sn","sg","f1","f2","f3","f4"
657398,2020,10,10,"2020-10-10","15:38:00",3,"NY",36,0,1.75,0,0,10000,0,44.22,-73.6,44.22,-73.6,0,0,0,0,0,31,0,0,0
657399,2020,10,10,"2020-10-10","17:25:00",3,"NH",33,0,1.25,0,0,0,0,44.39,-71.15,44.39,-71.15,0,0,0,0,0,7,0,0,0
657400,2020,10,10,"2020-10-10","17:40:00",3,"NH",33,0,1,0,0,0,0,44.4,-71.22,44.4,-71.22,0,0,0,0,0,7,0,0,0
657401,2020,10,10,"2020-10-10","17:45:00",3,"ME",23,0,1,0,0,0,0,44.47,-70.9,44.47,-70.9,0,0,0,0,0,17,0,0,0
657402,2020,10,10,"2020-10-10","17:55:00",3,"ME",23,0,1,0,0,0,0,44.41,-70.79,44.41,-70.79,0,0,0,0,0,17,0,0,0
657403,2020,10,10,"2020-10-10","18:12:00",3,"ME",23,0,1,0,0,0,0,44.52,-70.41,44.52,-70.41,0,0,0,0,0,17,0,0,0
657404,2020,10,11,"2020-10-11","15:32:00",3,"SD",46,0,1,0,0,0,0,43.06,-96.94,43.06,-96.94,0,0,0,0,0,27,0,0,0
657405,2020,10,11,"2020-10-11","16:07:00",3,"SD",46,0,1.5,0,0,0,5000,42.94,-96.77,42.94,-96.77,0,0,0,0,0,127,0,0,0
657406,2020,10,11,"2020-10-11","16:27:00",3,"NE",31,0,1.3,0,0,0,0,41.9,-97.41,41.9,-97.41,0,0,0,0,0,119,0,0,0
657407,2020,10,11,"2020-10-11","16:35:00",3,"NE",31,0,2.75,0,0,0,0,41.85,-97.44,41.85,-97.44,0,0,0,0,0,119,0,0,0
657408,2020,10,11,"2020-10-11","16:40:00",3,"MN",27,0,1,0,0,0,0,45.3,-96.43,45.3,-96.43,0,0,0,0,0,11,0,0,0
657409,2020,10,11,"2020-10-11","16:43:00",3,"SD",46,0,1.75,0,0,0,0,43.11,-96.53,43.11,-96.53,0,0,0,0,0,83,0,0,0
657410,2020,10,11,"2020-10-11","16:45:00",3,"MN",27,0,1.25,0,0,0,0,45.3,-96.42,45.3,-96.42,0,0,0,0,0,11,0,0,0
657411,2020,10,11,"2020-10-11","16:45:00",3,"SD",46,0,1,0,0,0,0,45.01,-96.57,45.01,-96.57,0,0,0,0,0,51,0,0,0
657412,2020,10,11,"2020-10-11","16:59:00",3,"NE",31,0,1.25,0,0,0,0,41.68,-97.47,41.68,-97.47,0,0,0,0,0,141,0,0,0
657413,2020,10,11,"2020-10-11","17:00:00",3,"IA",19,0,0.75,0,0,0,0,43.2983,-96.2242,43.2983,-96.2242,0,0,0,0,0,119,0,0,0
657414,2020,10,11,"2020-10-11","17:12:00",3,"NE",31,0,0.75,0,0,0,0,42.41,-96.84,42.41,-96.84,0,0,0,0,0,51,0,0,0
657415,2020,10,11,"2020-10-11","17:17:00",3,"NE",31,0,1.25,0,0,0,0,41.66,-97.37,41.66,-97.37,0,0,0,0,0,141,0,0,0
657416,2020,10,11,"2020-10-11","17:40:00",3,"NE",31,0,1.75,0,0,0,0,41.7,-97.25,41.7,-97.25,0,0,0,0,0,37,0,0,0
657417,2020,10,11,"2020-10-11","17:45:00",3,"NE",31,0,1.75,0,0,0,0,41.7,-97.24,41.7,-97.24,0,0,0,0,0,37,0,0,0
657418,2020,10,11,"2020-10-11","18:14:00",3,"MN",27,0,1,0,0,0,1000,43.61,-95.64,43.61,-95.64,0,0,0,0,0,105,0,0,0
657419,2020,10,11,"2020-10-11","18:39:00",3,"NE",31,0,1.25,0,0,0,0,41.72,-96.88,41.72,-96.88,0,0,0,0,0,53,0,0,0
657420,2020,10,11,"2020-10-11","18:43:00",3,"NE",31,0,1,0,0,0,0,41.84,-96.71,41.84,-96.71,0,0,0,0,0,39,0,0,0
657421,2020,10,11,"2020-10-11","18:57:00",3,"NE",31,0,1.5,0,0,0,0,41.75,-96.76,41.75,-96.76,0,0,0,0,0,39,0,0,0
657422,2020,10,11,"2020-10-11","19:19:00",3,"NE",31,0,1,0,0,0,0,40.62,-98.1,40.62,-98.1,0,0,0,0,0,35,0,0,0
657423,2020,10,11,"2020-10-11","23:59:00",3,"MN",27,0,0.75,0,0,0,0,46.74,-92.17,46.74,-92.17,0,0,0,0,0,137,0,0,0
657424,2020,10,12,"2020-10-12","08:05:00",3,"WI",55,0,0.88,0,0,0,0,43.72,-89.47,43.72,-89.47,0,0,0,0,0,77,0,0,0
657425,2020,10,12,"2020-10-12","09:16:00",3,"WI",55,0,0.75,0,0,0,0,43.42,-89.2,43.42,-89.2,0,0,0,0,0,21,0,0,0
657426,2020,10,12,"2020-10-12","10:11:00",3,"WI",55,0,0.75,0,0,0,0,43.32,-88.38,43.32,-88.38,0,0,0,0,0,131,0,0,0
657427,2020,10,12,"2020-10-12","10:28:00",3,"WI",55,0,0.75,0,0,0,0,43.42,-88.34,43.42,-88.34,0,0,0,0,0,131,0,0,0
657428,2020,10,12,"2020-10-12","13:25:00",3,"IN",18,0,1,0,0,0,0,41.37,-87.45,41.37,-87.45,0,0,0,0,0,89,0,0,0
657429,2020,10,12,"2020-10-12","13:44:00",3,"IN",18,0,1,0,0,0,0,41.58,-87.2,41.58,-87.2,0,0,0,0,0,127,0,0,0
657430,2020,10,12,"2020-10-12","13:45:00",3,"IN",18,0,1,0,0,0,0,41.6187,-87.1266,41.6187,-87.1266,0,0,0,0,0,127,0,0,0
657431,2020,10,13,"2020-10-13","16:34:00",3,"MI",26,0,0.88,0,0,0,0,44.67,-85.68,44.67,-85.68,0,0,0,0,0,55,0,0,0
657432,2020,10,13,"2020-10-13","16:40:00",3,"MI",26,0,0.88,0,0,0,0,46.24,-84.36,46.24,-84.36,0,0,0,0,0,33,0,0,0
657433,2020,10,13,"2020-10-13","16:55:00",3,"MI",26,0,0.88,0,0,0,0,46.26,-84.47,46.26,-84.47,0,0,0,0,0,33,0,0,0
657434,2020,10,22,"2020-10-22","15:11:00",3,"WI",55,0,1,0,0,0,0,44.51,-89.56,44.51,-89.56,0,0,0,0,0,97,0,0,0
657435,2020,10,22,"2020-10-22","17:08:00",3,"IA",19,0,1,0,0,0,0,42.33,-92.48,42.33,-92.48,0,0,0,0,0,13,0,0,0
657436,2020,10,22,"2020-10-22","17:11:00",3,"IA",19,0,1,0,0,0,0,42.38,-92.45,42.38,-92.45,0,0,0,0,0,13,0,0,0
657437,2020,10,22,"2020-10-22","17:20:00",3,"IA",19,0,0.88,0,0,0,0,41.89,-93.4,41.89,-93.4,0,0,0,0,0,169,0,0,0
657438,2020,10,23,"2020-10-23","11:08:00",3,"MI",26,0,1,0,0,0,0,43.31,-84.14,43.31,-84.14,0,0,0,0,0,145,0,0,0
657439,2020,10,23,"2020-10-23","12:47:00",3,"MI",26,0,1,0,0,0,0,42.04,-83.68,42.04,-83.68,0,0,0,0,0,115,0,0,0
657440,2020,10,23,"2020-10-23","13:25:00",3,"IN",18,0,0.88,0,0,0,0,39.668,-86.3706,39.668,-86.3706,0,0,0,0,0,63,0,0,0
657441,2020,10,23,"2020-10-23","13:30:00",3,"OH",39,0,0.75,0,0,0,0,39.93,-82.77,39.93,-82.77,0,0,0,0,0,45,0,0,0
657442,2020,10,23,"2020-10-23","13:38:00",3,"OH",39,0,1,0,0,0,0,41.384,-82.5137,41.384,-82.5137,0,0,0,0,0,43,0,0,0
657443,2020,10,23,"2020-10-23","13:54:00",3,"IN",18,0,1,0,0,0,0,39.79,-85.81,39.79,-85.81,0,0,0,0,0,59,0,0,0
657444,2020,10,23,"2020-10-23","14:20:00",3,"AR",5,0,0.75,0,0,0,0,34.61,-92.49,34.61,-92.49,0,0,0,0,0,125,0,0,0
657445,2020,10,23,"2020-10-23","14:25:00",3,"OH",39,0,0.75,0,0,0,0,40.32,-82.79,40.32,-82.79,0,0,0,0,0,41,0,0,0
657446,2020,10,23,"2020-10-23","14:26:00",3,"OH",39,0,0.88,0,0,0,0,41.6367,-83.516,41.6714,-83.4661,0,0,0,0,0,95,0,0,0
657447,2020,10,23,"2020-10-23","14:31:00",3,"OH",39,0,0.75,0,0,0,0,41.41,-84.12,41.41,-84.12,0,0,0,0,0,69,0,0,0
657448,2020,10,23,"2020-10-23","14:45:00",3,"KY",21,0,1,0,0,0,0,36.8933,-87.1139,36.8933,-87.1139,0,0,0,0,0,219,0,0,0
657449,2020,10,23,"2020-10-23","14:55:00",3,"IN",18,0,1,0,0,0,0,38.79,-86.41,38.79,-86.41,0,0,0,0,0,93,0,0,0
657450,2020,10,23,"2020-10-23","15:05:00",3,"OH",39,0,0.75,0,0,0,0,41.6366,-83.5163,41.6366,-83.5163,0,0,0,0,0,95,0,0,0
657451,2020,10,23,"2020-10-23","15:09:00",3,"TN",47,0,1,0,0,0,0,36,-88.3842,36,-88.3842,0,0,0,0,0,17,0,0,0
657452,2020,10,23,"2020-10-23","15:20:00",3,"OH",39,0,0.75,0,0,0,0,41.32,-83.65,41.32,-83.65,0,0,0,0,0,173,0,0,0
657453,2020,10,23,"2020-10-23","15:22:00",3,"OH",39,0,0.75,0,0,0,0,41.02,-84.04,41.02,-84.04,0,0,0,0,0,137,0,0,0
657454,2020,10,23,"2020-10-23","15:35:00",3,"IN",18,0,1,0,0,0,0,38.4572,-85.9257,38.4572,-85.9257,0,0,0,0,0,19,0,0,0
657455,2020,10,23,"2020-10-23","15:50:00",3,"TN",47,0,1,0,0,0,0,36.2991,-87.2371,36.2991,-87.2371,0,0,0,0,0,43,0,0,0
657456,2020,10,23,"2020-10-23","15:51:00",3,"IN",18,0,1.5,0,0,0,0,38.4068,-85.7744,38.4068,-85.7744,0,0,0,0,0,19,0,0,0
657457,2020,10,23,"2020-10-23","15:58:00",3,"OH",39,0,1,0,0,0,0,41.3624,-81.6358,41.3624,-81.6358,0,0,0,0,0,35,0,0,0
657458,2020,10,23,"2020-10-23","16:27:00",3,"OH",39,0,1,0,0,0,0,41.442,-81.8645,41.442,-81.8645,0,0,0,0,0,35,0,0,0
657459,2020,10,23,"2020-10-23","16:32:00",3,"OH",39,0,1,0,0,0,0,41.3923,-82.5574,41.3923,-82.5574,0,0,0,0,0,43,0,0,0
657460,2020,10,23,"2020-10-23","16:36:00",3,"OH",39,0,1,0,0,0,0,41.4776,-81.7901,41.4776,-81.7901,0,0,0,0,0,35,0,0,0
657461,2020,10,23,"2020-10-23","19:45:00",3,"OH",39,0,0.75,0,0,0,0,39.92,-82.77,39.92,-82.77,0,0,0,0,0,45,0,0,0
657394,2020,10,4,"2020-10-04","18:20:00",3,"PA",42,0,0.75,0,0,0,0,40.33,-80.17,40.33,-80.17,0,0,0,0,0,125,0,0,0
657395,2020,10,7,"2020-10-07","13:28:00",3,"NY",36,0,0.75,0,0,0,0,42.97,-74.15,42.97,-74.15,0,0,0,0,0,57,0,0,0
657396,2020,10,7,"2020-10-07","15:11:00",3,"MA",25,0,0.75,0,0,0,0,42.3035,-72.7526,42.3035,-72.7526,0,0,0,0,0,15,0,0,0
657397,2020,10,7,"2020-10-07","15:51:00",3,"MA",25,0,0.75,0,0,0,0,42.36,-71.95,42.36,-71.95,0,0,0,0,0,27,0,0,0
657466,2020,11,10,"2020-11-10","13:13:00",3,"IL",17,0,1,0,0,0,0,40.1493,-91.4202,40.1493,-91.4202,0,0,0,0,0,1,0,0,0
657467,2020,11,10,"2020-11-10","14:35:00",3,"IL",17,0,1,0,0,0,0,40.97,-90.38,40.97,-90.38,0,0,0,0,0,95,0,0,0
657468,2020,11,10,"2020-11-10","15:35:00",3,"IL",17,0,1,0,0,0,0,42.2657,-89.2413,42.2657,-89.2413,0,0,0,0,0,201,0,0,0
657469,2020,11,10,"2020-11-10","15:46:00",3,"IL",17,0,1.25,0,0,0,0,42.46,-89.07,42.46,-89.07,0,0,0,0,0,201,0,0,0
657470,2020,11,10,"2020-11-10","15:46:00",3,"IL",17,0,1,0,0,0,0,42.41,-89.01,42.3998,-88.9961,0,0,0,0,0,201,0,0,0
657471,2020,11,14,"2020-11-14","17:38:00",3,"OK",40,0,0.88,0,0,0,0,36.9909,-94.7288,36.9909,-94.7288,0,0,0,0,0,115,0,0,0
657472,2020,11,14,"2020-11-14","18:05:00",3,"MO",29,0,1,0,0,0,0,37.18,-94.31,37.18,-94.31,0,0,0,0,0,97,0,0,0
657473,2020,11,14,"2020-11-14","18:13:00",3,"MO",29,0,0.75,0,0,0,0,38.75,-93.84,38.75,-93.84,0,0,0,0,0,101,0,0,0
657474,2020,11,14,"2020-11-14","19:12:00",3,"MO",29,0,1.25,0,0,0,0,38.36,-94.11,38.36,-94.11,0,0,0,0,0,13,0,0,0
657475,2020,11,14,"2020-11-14","19:23:00",3,"MO",29,0,1,0,0,0,0,38.39,-93.8,38.39,-93.8,0,0,0,0,0,83,0,0,0
657476,2020,11,14,"2020-11-14","19:58:00",3,"MO",29,0,1,0,0,0,0,37.88,-92.12,37.88,-92.12,0,0,0,0,0,169,0,0,0
657477,2020,11,14,"2020-11-14","21:46:00",3,"MO",29,0,1.75,0,0,0,0,36.8608,-92.3608,36.8608,-92.3608,0,0,0,0,0,67,0,0,0
657478,2020,11,15,"2020-11-15","12:20:00",3,"OH",39,0,0.88,0,0,0,0,41.69,-81.34,41.69,-81.34,0,0,0,0,0,85,0,0,0
657479,2020,11,18,"2020-11-18","18:15:00",3,"CA",6,0,0.88,0,0,0,0,38.18,-120.83,38.18,-120.83,0,0,0,0,0,9,0,0,0
657480,2020,11,24,"2020-11-24","13:32:00",3,"OK",40,0,1,0,0,0,0,36.62,-100.78,36.62,-100.78,0,0,0,0,0,7,0,0,0
657481,2020,11,24,"2020-11-24","13:46:00",3,"TX",48,0,1.75,0,0,0,0,35.74,-100.69,35.74,-100.69,0,0,0,0,0,393,0,0,0
657482,2020,11,24,"2020-11-24","14:05:00",3,"TX",48,0,1,0,0,0,0,35.9,-100.39,35.9,-100.39,0,0,0,0,0,211,0,0,0
657483,2020,11,24,"2020-11-24","14:18:00",3,"TX",48,0,0.88,0,0,0,0,35.53,-100.44,35.53,-100.44,0,0,0,0,0,483,0,0,0
657484,2020,11,24,"2020-11-24","14:18:00",3,"TX",48,0,1,0,0,0,0,36.01,-100.26,36.01,-100.26,0,0,0,0,0,211,0,0,0
657485,2020,11,24,"2020-11-24","14:20:00",3,"TX",48,0,1,0,0,0,0,36.48,-100.13,36.48,-100.13,0,0,0,0,0,295,0,0,0
657486,2020,11,24,"2020-11-24","15:06:00",3,"TX",48,0,1.25,0,0,0,0,35.59,-101.63,35.59,-101.63,0,0,0,0,0,375,0,0,0
657487,2020,11,24,"2020-11-24","15:08:00",3,"OK",40,0,1,0,0,0,0,36.79,-99.69,36.79,-99.69,0,0,0,0,0,59,0,0,0
657488,2020,11,24,"2020-11-24","15:28:00",3,"OK",40,0,1,0,0,0,0,35.35,-99.1,35.35,-99.1,0,0,0,0,0,149,0,0,0
657489,2020,11,24,"2020-11-24","15:30:00",3,"KS",20,0,0.88,0,0,0,0,37.83,-99.66,37.83,-99.66,0,0,0,0,0,57,0,0,0
657490,2020,11,24,"2020-11-24","15:51:00",3,"OK",40,0,1,0,0,0,0,35.49,-98.97,35.49,-98.97,0,0,0,0,0,39,0,0,0
657491,2020,11,24,"2020-11-24","18:24:00",3,"OK",40,0,0.88,0,0,0,0,35.89,-97.42,35.89,-97.42,0,0,0,0,0,83,0,0,0
657492,2020,11,24,"2020-11-24","18:25:00",3,"OK",40,0,1.25,0,0,0,0,35.87,-97.42,35.87,-97.42,0,0,0,0,0,83,0,0,0
657493,2020,11,24,"2020-11-24","18:33:00",3,"OK",40,0,1.75,0,0,25000,0,36.6953,-96.7315,36.6953,-96.7315,0,0,0,0,0,113,0,0,0
657494,2020,11,24,"2020-11-24","18:45:00",3,"OK",40,0,1,0,0,0,0,36.506,-96.7113,36.506,-96.7113,0,0,0,0,0,113,0,0,0
657495,2020,11,24,"2020-11-24","19:05:00",3,"OK",40,0,0.75,0,0,0,0,36.412,-96.3935,36.412,-96.3935,0,0,0,0,0,113,0,0,0
657496,2020,11,24,"2020-11-24","19:06:00",3,"OK",40,0,0.75,0,0,0,0,35.85,-97.02,35.85,-97.02,0,0,0,0,0,81,0,0,0
657497,2020,11,24,"2020-11-24","19:30:00",3,"OK",40,0,1.75,0,0,50000,0,36.75,-96,36.75,-96,0,0,0,0,0,147,0,0,0
657498,2020,11,24,"2020-11-24","19:35:00",3,"OK",40,0,1.75,0,0,25000,0,36.8998,-95.9264,36.8998,-95.9264,0,0,0,0,0,147,0,0,0
657499,2020,11,24,"2020-11-24","19:40:00",3,"OK",40,0,1.5,0,0,15000,0,36.9151,-95.8087,36.9151,-95.8087,0,0,0,0,0,105,0,0,0
657500,2020,11,24,"2020-11-24","19:50:00",3,"OK",40,0,1.75,0,0,15000,0,34.9444,-96.0079,34.9444,-96.0079,0,0,0,0,0,121,0,0,0
657501,2020,11,24,"2020-11-24","19:50:00",3,"KS",20,0,1,0,0,0,0,37.03,-95.82,37.03,-95.82,0,0,0,0,0,125,0,0,0
657502,2020,11,24,"2020-11-24","19:57:00",3,"OK",40,0,1,0,0,0,0,34.88,-96.0206,34.88,-96.0206,0,0,0,0,0,121,0,0,0
657503,2020,11,24,"2020-11-24","19:59:00",3,"KS",20,0,0.75,0,0,0,0,37.04,-95.62,37.04,-95.62,0,0,0,0,0,125,0,0,0
657504,2020,11,24,"2020-11-24","20:12:00",3,"OK",40,0,1,0,0,0,0,34.9755,-95.7567,34.9755,-95.7567,0,0,0,0,0,121,0,0,0
657505,2020,11,24,"2020-11-24","20:15:00",3,"KS",20,0,1.5,0,0,0,0,37.05,-95.37,37.05,-95.37,0,0,0,0,0,99,0,0,0
657506,2020,11,24,"2020-11-24","20:19:00",3,"KS",20,0,1.25,0,0,0,0,37.06,-95.36,37.06,-95.36,0,0,0,0,0,99,0,0,0
657507,2020,11,24,"2020-11-24","20:28:00",3,"KS",20,0,0.88,0,0,0,0,37.06,-95.22,37.06,-95.22,0,0,0,0,0,99,0,0,0
657508,2020,11,24,"2020-11-24","20:30:00",3,"KS",20,0,1.25,0,0,0,0,37.06,-95.22,37.06,-95.22,0,0,0,0,0,99,0,0,0
657509,2020,11,24,"2020-11-24","20:36:00",3,"KS",20,0,0.75,0,0,0,0,37.16,-95.11,37.16,-95.11,0,0,0,0,0,99,0,0,0
657510,2020,11,24,"2020-11-24","20:43:00",3,"KS",20,0,1,0,0,0,0,37.17,-95.03,37.17,-95.03,0,0,0,0,0,21,0,0,0
657511,2020,11,24,"2020-11-24","21:05:00",3,"MO",29,0,1,0,0,0,0,37,-94.62,37,-94.62,0,0,0,0,0,145,0,0,0
657512,2020,11,26,"2020-11-26","17:32:00",3,"AL",1,0,0.88,0,0,0,0,31.31,-85.85,31.31,-85.85,0,0,0,0,0,31,0,0,0
657513,2020,11,26,"2020-11-26","17:33:00",3,"AL",1,0,1,0,0,0,0,31.32,-85.85,31.32,-85.85,0,0,0,0,0,31,0,0,0
657514,2020,11,27,"2020-11-27","08:15:00",3,"LA",22,0,0.75,0,0,0,0,32.78,-91.79,32.78,-91.79,0,0,0,0,0,67,0,0,0
657462,2020,11,9,"2020-11-09","16:50:00",3,"KS",20,0,0.88,0,0,0,0,37.76,-99.97,37.76,-99.97,0,0,0,0,0,57,0,0,0
657463,2020,11,9,"2020-11-09","16:50:00",3,"KS",20,0,1,0,0,0,0,37.78,-99.999,37.78,-99.999,0,0,0,0,0,57,0,0,0
657464,2020,11,9,"2020-11-09","19:08:00",3,"KS",20,0,1.25,0,0,0,0,37.79,-99.83,37.79,-99.83,0,0,0,0,0,57,0,0,0
657465,2020,11,9,"2020-11-09","19:45:00",3,"KS",20,0,1,0,0,0,0,37.78,-100.05,37.78,-100.05,0,0,0,0,0,57,0,0,0
657520,2020,12,29,"2020-12-29","19:45:00",3,"TX",48,0,0.88,0,0,0,0,33.68,-101.38,33.68,-101.38,0,0,0,0,0,107,0,0,0
657515,2020,12,7,"2020-12-07","14:00:00",3,"SC",45,0,0.7,0,0,10,10,34.69,-80.7,34.69,-80.7,0,0,0,0,0,57,0,0,0
657516,2020,12,7,"2020-12-07","14:38:00",3,"SC",45,0,0.25,0,0,10,10,33.52,-81.96,33.52,-81.96,0,0,0,0,0,3,0,0,0
657517,2020,12,7,"2020-12-07","14:40:00",3,"SC",45,0,0.25,0,0,10,10,33.54,-81.97,33.54,-81.97,0,0,0,0,0,3,0,0,0
657518,2020,12,7,"2020-12-07","14:45:00",3,"SC",45,0,0.25,0,0,10,10,33.78,-81.85,33.78,-81.85,0,0,0,0,0,37,0,0,0
657519,2020,12,7,"2020-12-07","14:51:00",3,"SC",45,0,0.25,0,0,10,10,34.11,-80.71,34.11,-80.71,0,0,0,0,0,55,0,0,0
649851,2020,1,10,"2020-01-10","07:42:00",3,"OK",40,0,1.75,0,0,0,0,35.9,-99.43,35.9,-99.43,0,0,0,0,0,129,0,0,0
649852,2020,1,10,"2020-01-10","08:10:00",3,"OK",40,0,1,0,0,0,0,36.1,-99.24,36.1,-99.24,0,0,0,0,0,43,0,0,0
649853,2020,1,10,"2020-01-10","08:15:00",3,"OK",40,0,1,0,0,0,0,36.19,-98.74,36.19,-98.74,0,0,0,0,0,93,0,0,0
649854,2020,1,10,"2020-01-10","08:20:00",3,"OK",40,0,1,0,0,0,0,36.23,-99.17,36.23,-99.17,0,0,0,0,0,153,0,0,0
649855,2020,1,10,"2020-01-10","09:45:00",3,"OK",40,0,1,0,0,0,0,35.89,-97.97,35.89,-97.97,0,0,0,0,0,73,0,0,0
649856,2020,1,10,"2020-01-10","09:45:00",3,"OK",40,0,1,0,0,0,0,35.86,-98.02,35.86,-98.02,0,0,0,0,0,73,0,0,0
649857,2020,1,10,"2020-01-10","10:23:00",3,"OK",40,0,1,0,0,0,0,36.25,-97.9,36.25,-97.9,0,0,0,0,0,47,0,0,0
649858,2020,1,10,"2020-01-10","11:35:00",3,"OK",40,0,1,0,0,0,0,36.1514,-95.946,36.1514,-95.946,0,0,0,0,0,143,0,0,0
649859,2020,1,10,"2020-01-10","11:36:00",3,"OK",40,0,1,0,0,0,0,36.069,-95.9585,36.069,-95.9585,0,0,0,0,0,143,0,0,0
649860,2020,1,10,"2020-01-10","11:38:00",3,"OK",40,0,0.75,0,0,0,0,36.179,-95.95,36.179,-95.95,0,0,0,0,0,143,0,0,0
649861,2020,1,10,"2020-01-10","14:40:00",3,"TX",48,0,1,0,0,0,0,33.77,-97.23,33.77,-97.23,0,0,0,0,0,97,0,0,0
649862,2020,1,10,"2020-01-10","15:02:00",3,"OK",40,0,1.75,0,0,15000,0,35.9106,-94.971,35.9106,-94.971,0,0,0,0,0,21,0,0,0
649863,2020,1,10,"2020-01-10","16:10:00",3,"AR",5,0,1,0,0,0,0,36.1866,-94.5391,36.1866,-94.5391,0,0,0,0,0,7,0,0,0
649864,2020,1,10,"2020-01-10","16:22:00",3,"AR",5,0,1.75,0,0,15000,0,36.3095,-94.4246,36.3095,-94.4246,0,0,0,0,0,7,0,0,0
649865,2020,1,10,"2020-01-10","16:24:00",3,"AR",5,0,1,0,0,0,0,36.1816,-94.4882,36.1816,-94.4882,0,0,0,0,0,7,0,0,0
649866,2020,1,10,"2020-01-10","16:25:00",3,"TX",48,0,0.88,0,0,0,0,31.98,-98.03,31.98,-98.03,0,0,0,0,0,193,0,0,0
649867,2020,1,10,"2020-01-10","16:33:00",3,"AR",5,0,1,0,0,0,0,36.3601,-94.2861,36.3601,-94.2861,0,0,0,0,0,7,0,0,0
649868,2020,1,10,"2020-01-10","16:50:00",3,"TX",48,0,1.25,0,0,0,0,30.66,-98.68,30.66,-98.68,0,0,0,0,0,299,0,0,0
649869,2020,1,10,"2020-01-10","17:08:00",3,"TX",48,0,1.75,0,0,1000,0,31.85,-97.98,31.85,-97.98,0,0,0,0,0,193,0,0,0
649870,2020,1,10,"2020-01-10","17:15:00",3,"TX",48,0,1,0,0,0,0,30.7508,-98.4546,30.7508,-98.4546,0,0,0,0,0,299,0,0,0
649871,2020,1,10,"2020-01-10","17:29:00",3,"MO",29,0,1,0,0,0,0,37.21,-93.36,37.21,-93.36,0,0,0,0,0,77,0,0,0
649872,2020,1,10,"2020-01-10","17:30:00",3,"MO",29,0,1,0,0,0,0,37.19,-93.37,37.19,-93.37,0,0,0,0,0,77,0,0,0
649873,2020,1,10,"2020-01-10","17:34:00",3,"MO",29,0,1,0,0,0,0,37.16,-93.34,37.16,-93.34,0,0,0,0,0,77,0,0,0
649874,2020,1,10,"2020-01-10","17:40:00",3,"MO",29,0,1.75,0,0,1e+06,0,37.21,-93.23,37.21,-93.23,0,0,0,0,0,77,0,0,0
649875,2020,1,10,"2020-01-10","17:42:00",3,"TX",48,0,1.5,0,0,3000,0,31.07,-98.18,31.07,-98.18,0,0,0,0,0,281,0,0,0
649876,2020,1,10,"2020-01-10","17:42:00",3,"MO",29,0,1.25,0,0,0,0,37.24,-93.26,37.24,-93.26,0,0,0,0,0,77,0,0,0
649877,2020,1,10,"2020-01-10","17:43:00",3,"MO",29,0,1,0,0,0,0,37.24,-93.26,37.24,-93.26,0,0,0,0,0,77,0,0,0
649878,2020,1,10,"2020-01-10","17:45:00",3,"TX",48,0,0.75,0,0,0,0,29.69,-99.17,29.69,-99.17,0,0,0,0,0,19,0,0,0
649879,2020,1,10,"2020-01-10","17:57:00",3,"MO",29,0,1,0,0,0,0,37.22,-93.24,37.22,-93.24,0,0,0,0,0,77,0,0,0
649880,2020,1,10,"2020-01-10","18:03:00",3,"TX",48,0,1.5,0,0,1000,0,32.6196,-97.2893,32.6196,-97.2893,0,0,0,0,0,439,0,0,0
649881,2020,1,10,"2020-01-10","18:10:00",3,"TX",48,0,1.3,0,0,0,0,31.237,-97.9099,31.237,-97.9099,0,0,0,0,0,99,0,0,0
649882,2020,1,10,"2020-01-10","18:30:00",3,"TX",48,0,1,0,0,0,0,31.43,-97.75,31.43,-97.75,0,0,0,0,0,99,0,0,0
649883,2020,1,10,"2020-01-10","18:46:00",3,"MO",29,0,1,0,0,0,0,37.68,-92.66,37.68,-92.66,0,0,0,0,0,105,0,0,0
649884,2020,1,10,"2020-01-10","19:00:00",3,"TX",48,0,1,0,0,0,0,33.1516,-96.916,33.1516,-96.916,0,0,0,0,0,121,0,0,0
649885,2020,1,10,"2020-01-10","19:06:00",3,"TX",48,0,0.88,0,0,0,0,29.59,-98.95,29.59,-98.95,0,0,0,0,0,19,0,0,0
649886,2020,1,10,"2020-01-10","19:20:00",3,"TX",48,0,1.25,0,0,0,0,29.17,-98.94,29.17,-98.94,0,0,0,0,0,325,0,0,0
649887,2020,1,10,"2020-01-10","19:23:00",3,"TX",48,0,1,0,0,0,0,30.1,-98.42,30.1,-98.42,0,0,0,0,0,31,0,0,0
649888,2020,1,10,"2020-01-10","19:24:00",3,"TX",48,0,0.88,0,0,0,0,30.69,-97.92,30.69,-97.92,0,0,0,0,0,491,0,0,0
649889,2020,1,10,"2020-01-10","19:26:00",3,"TX",48,0,1,0,0,0,0,30.13,-98.41,30.13,-98.41,0,0,0,0,0,31,0,0,0
649890,2020,1,10,"2020-01-10","19:29:00",3,"TX",48,0,0.88,0,0,0,0,29.59,-98.7,29.59,-98.7,0,0,0,0,0,29,0,0,0
649891,2020,1,10,"2020-01-10","19:40:00",3,"TX",48,0,0.75,0,0,0,0,30.24,-98.15,30.24,-98.15,0,0,0,0,0,209,0,0,0
649892,2020,1,10,"2020-01-10","19:54:00",3,"TX",48,0,1,0,0,0,0,29.65,-98.43,29.65,-98.43,0,0,0,0,0,29,0,0,0
649893,2020,1,10,"2020-01-10","20:12:00",3,"TX",48,0,0.75,0,0,0,0,30.71,-97.66,30.71,-97.66,0,0,0,0,0,491,0,0,0
649894,2020,1,10,"2020-01-10","20:32:00",3,"TX",48,0,0.88,0,0,0,0,30.3,-97.74,30.3,-97.74,0,0,0,0,0,453,0,0,0
649895,2020,1,11,"2020-01-11","01:12:00",3,"LA",22,0,0.88,0,0,0,0,32.482,-93.7267,32.482,-93.7267,0,0,0,0,0,17,0,0,0
649896,2020,1,11,"2020-01-11","14:40:00",3,"AL",1,0,0.75,0,0,0,0,32.61,-86.21,32.61,-86.21,0,0,0,0,0,51,0,0,0
649897,2020,1,13,"2020-01-13","19:53:00",3,"TN",47,0,0.75,0,0,0,0,35.443,-87.6244,35.443,-87.6244,0,0,0,0,0,101,0,0,0
649898,2020,1,13,"2020-01-13","20:00:00",3,"TN",47,0,0.75,0,0,0,0,35.4297,-87.6312,35.4297,-87.6312,0,0,0,0,0,101,0,0,0
649899,2020,1,13,"2020-01-13","22:20:00",3,"KY",21,0,1.25,0,0,0,0,36.62,-85.73,36.62,-85.73,0,0,0,0,0,171,0,0,0
649900,2020,1,15,"2020-01-15","20:20:00",3,"MS",28,0,0.88,0,0,0,0,34.38,-88.68,34.38,-88.68,0,0,0,0,0,81,0,0,0
649901,2020,1,16,"2020-01-16","11:36:00",3,"CA",6,0,0.25,0,0,0,0,37.0698,-122.0928,37.0698,-122.0928,0,0,0,0,0,87,0,0,0
649902,2020,1,16,"2020-01-16","11:37:00",3,"CA",6,0,0.13,0,0,0,0,37.1607,-121.9898,37.1607,-121.9898,0,0,0,0,0,85,0,0,0
649903,2020,1,16,"2020-01-16","11:55:00",3,"CA",6,0,0.25,0,0,0,0,37.1371,-121.8872,37.1371,-121.8872,0,0,0,0,0,85,0,0,0
649904,2020,1,16,"2020-01-16","12:11:00",3,"CA",6,0,0.25,0,0,0,0,37.05,-122.03,37.05,-122.03,0,0,0,0,0,87,0,0,0
649905,2020,1,16,"2020-01-16","15:19:00",3,"CA",6,0,0.13,0,0,0,0,37.741,-122.4878,37.741,-122.4878,0,0,0,0,0,75,0,0,0
649906,2020,1,16,"2020-01-16","15:48:00",3,"CA",6,0,0.13,0,0,0,0,37.849,-122.23,37.849,-122.23,0,0,0,0,0,1,0,0,0
649907,2020,1,16,"2020-01-16","15:59:00",3,"CA",6,0,0.25,0,0,0,0,37.4591,-122.4184,37.4591,-122.4184,0,0,0,0,0,81,0,0,0
649908,2020,1,16,"2020-01-16","17:42:00",3,"CA",6,0,0.25,0,0,0,0,36.98,-122.02,36.98,-122.02,0,0,0,0,0,87,0,0,0
649953,2020,2,10,"2020-02-10","00:02:00",3,"MS",28,0,1.5,0,0,20000,0,32.3617,-90.8641,32.4375,-90.755,0,0,0,0,0,149,0,0,0
649954,2020,2,10,"2020-02-10","01:06:00",3,"MS",28,0,1,0,0,0,0,33.19,-90.48,33.19,-90.48,0,0,0,0,0,53,0,0,0
649955,2020,2,10,"2020-02-10","01:34:00",3,"MS",28,0,1.75,0,0,20000,0,33.37,-90.08,33.37,-90.08,0,0,0,0,0,15,0,0,0
649956,2020,2,10,"2020-02-10","02:01:00",3,"MS",28,0,1,0,0,0,0,33.54,-89.73,33.54,-89.73,0,0,0,0,0,97,0,0,0
649957,2020,2,10,"2020-02-10","02:25:00",3,"MS",28,0,1,0,0,0,0,33.03,-89.11,33.03,-89.11,0,0,0,0,0,159,0,0,0
649958,2020,2,10,"2020-02-10","10:20:00",3,"TX",48,0,0.88,0,0,0,0,32.03,-100.68,32.03,-100.68,0,0,0,0,0,81,0,0,0
649959,2020,2,10,"2020-02-10","12:20:00",3,"TX",48,0,0.88,0,0,0,0,30.91,-99.78,30.91,-99.78,0,0,0,0,0,327,0,0,0
649960,2020,2,10,"2020-02-10","23:43:00",3,"NM",35,0,0.75,0,0,0,0,32.9197,-107.5697,32.9197,-107.5697,0,0,0,0,0,51,0,0,0
649961,2020,2,18,"2020-02-18","10:10:00",3,"OK",40,0,0.75,0,0,0,0,34.67,-95.1,34.67,-95.1,0,0,0,0,0,127,0,0,0
649962,2020,2,18,"2020-02-18","10:28:00",3,"OK",40,0,0.75,0,0,0,0,34.8698,-94.8625,34.8698,-94.8625,0,0,0,0,0,79,0,0,0
649963,2020,2,18,"2020-02-18","10:28:00",3,"OK",40,0,0.75,0,0,0,0,34.8698,-94.8375,34.8698,-94.8375,0,0,0,0,0,79,0,0,0
649964,2020,2,26,"2020-02-26","16:07:00",3,"WV",54,0,0.75,0,0,0,0,38.71,-79.98,38.71,-79.98,0,0,0,0,0,83,0,0,0
649909,2020,2,5,"2020-02-05","10:51:00",3,"LA",22,0,1,0,0,0,0,30.65,-93.41,30.65,-93.41,0,0,0,0,0,11,0,0,0
649910,2020,2,5,"2020-02-05","11:08:00",3,"LA",22,0,1.25,0,0,0,0,30.85,-93.29,30.85,-93.29,0,0,0,0,0,11,0,0,0
649911,2020,2,5,"2020-02-05","11:22:00",3,"LA",22,0,1.25,0,0,0,0,30.99,-93.06,30.99,-93.06,0,0,0,0,0,115,0,0,0
649912,2020,2,5,"2020-02-05","11:23:00",3,"LA",22,0,1,0,0,0,0,31.14,-93.27,31.14,-93.27,0,0,0,0,0,115,0,0,0
649913,2020,2,5,"2020-02-05","11:39:00",3,"LA",22,0,1.5,0,0,0,0,31.16,-92.92,31.16,-92.92,0,0,0,0,0,115,0,0,0
649914,2020,2,5,"2020-02-05","11:44:00",3,"LA",22,0,1.25,0,0,0,0,31.23,-92.82,31.23,-92.82,0,0,0,0,0,79,0,0,0
649915,2020,2,5,"2020-02-05","11:59:00",3,"LA",22,0,1,0,0,0,0,31.5235,-92.9469,31.5235,-92.9469,0,0,0,0,0,69,0,0,0
649916,2020,2,5,"2020-02-05","12:07:00",3,"LA",22,0,1,0,0,0,0,32.8688,-92.9126,32.8688,-92.9126,0,0,0,0,0,27,0,0,0
649917,2020,2,5,"2020-02-05","12:13:00",3,"LA",22,0,1.75,0,0,0,0,31.7502,-92.8415,31.7502,-92.8415,0,0,0,0,0,127,0,0,0
649918,2020,2,5,"2020-02-05","12:18:00",3,"LA",22,0,1.5,0,0,0,0,31.41,-92.73,31.41,-92.73,0,0,0,0,0,79,0,0,0
649919,2020,2,5,"2020-02-05","12:20:00",3,"LA",22,0,1.75,0,0,0,0,31.8502,-92.7812,31.8502,-92.7812,0,0,0,0,0,127,0,0,0
649920,2020,2,5,"2020-02-05","12:35:00",3,"LA",22,0,1.25,0,0,0,0,32.6917,-92.2077,32.6917,-92.2077,0,0,0,0,0,111,0,0,0
649921,2020,2,5,"2020-02-05","12:47:00",3,"LA",22,0,1,0,0,0,0,32.2314,-92.586,32.2314,-92.586,0,0,0,0,0,49,0,0,0
649922,2020,2,5,"2020-02-05","13:01:00",3,"AR",5,0,1,0,0,0,0,33.17,-91.94,33.17,-91.94,0,0,0,0,0,3,0,0,0
649923,2020,2,5,"2020-02-05","13:05:00",3,"LA",22,0,1.75,0,0,0,0,32.5047,-92.3606,32.5047,-92.3606,0,0,0,0,0,73,0,0,0
649924,2020,2,5,"2020-02-05","13:10:00",3,"LA",22,0,1.25,0,0,0,0,32.581,-92.3732,32.581,-92.3732,0,0,0,0,0,111,0,0,0
649925,2020,2,5,"2020-02-05","13:42:00",3,"LA",22,0,1,0,0,0,0,32.94,-91.35,32.94,-91.35,0,0,0,0,0,123,0,0,0
649926,2020,2,5,"2020-02-05","13:45:00",3,"LA",22,0,1,0,0,0,0,30.41,-91.44,30.41,-91.44,0,0,0,0,0,47,0,0,0
649927,2020,2,5,"2020-02-05","13:51:00",3,"MS",28,0,1,0,0,0,0,31.7,-90.4,31.7,-90.4,0,0,0,0,0,29,0,0,0
649928,2020,2,5,"2020-02-05","15:05:00",3,"MS",28,0,1.25,0,0,5000,0,32.59,-90.85,32.59,-90.85,0,0,0,0,0,55,0,0,0
649929,2020,2,5,"2020-02-05","15:11:00",3,"AL",1,0,1,0,0,0,0,33.34,-86.63,33.34,-86.63,0,0,0,0,0,117,0,0,0
649930,2020,2,5,"2020-02-05","15:35:00",3,"MS",28,0,1,0,0,0,0,32.8358,-90.3846,32.8358,-90.3846,0,0,0,0,0,163,0,0,0
649931,2020,2,5,"2020-02-05","17:10:00",3,"MS",28,0,1,0,0,0,0,34.63,-88.23,34.63,-88.23,0,0,0,0,0,141,0,0,0
649932,2020,2,5,"2020-02-05","17:35:00",3,"MS",28,0,1,0,0,0,0,34.5,-88.22,34.5,-88.22,0,0,0,0,0,141,0,0,0
649933,2020,2,5,"2020-02-05","21:42:00",3,"MS",28,0,1,0,0,0,0,32.3343,-88.9314,32.3343,-88.9314,0,0,0,0,0,101,0,0,0
649934,2020,2,5,"2020-02-05","21:57:00",3,"MS",28,0,1,0,0,0,0,31.61,-90,31.61,-90,0,0,0,0,0,77,0,0,0
649935,2020,2,5,"2020-02-05","22:21:00",3,"MS",28,0,1.5,0,0,10000,0,31.82,-89.72,31.82,-89.72,0,0,0,0,0,127,0,0,0
649936,2020,2,5,"2020-02-05","22:59:00",3,"MS",28,0,1.25,0,0,3000,0,32.07,-89.26,32.07,-89.26,0,0,0,0,0,61,0,0,0
649937,2020,2,5,"2020-02-05","23:45:00",3,"LA",22,0,1,0,0,0,0,30.33,-90.98,30.33,-90.98,0,0,0,0,0,5,0,0,0
649938,2020,2,5,"2020-02-05","23:45:00",3,"LA",22,0,1,0,0,0,0,30.4,-90.99,30.4,-90.99,0,0,0,0,0,33,0,0,0
649939,2020,2,5,"2020-02-05","23:49:00",3,"LA",22,0,1,0,0,0,0,30.47,-90.92,30.47,-90.92,0,0,0,0,0,63,0,0,0
649940,2020,2,6,"2020-02-06","00:00:00",3,"LA",22,0,1,0,0,0,0,30.48,-90.87,30.48,-90.87,0,0,0,0,0,63,0,0,0
649941,2020,2,6,"2020-02-06","13:10:00",3,"NC",37,0,1,0,0,0,0,35.887,-78.5809,35.887,-78.5809,0,0,0,0,0,183,0,0,0
649942,2020,2,6,"2020-02-06","13:17:00",3,"NC",37,0,1,0,0,0,0,35.97,-78.52,35.97,-78.52,0,0,0,0,0,183,0,0,0
649943,2020,2,6,"2020-02-06","13:17:00",3,"NC",37,0,1.25,0,0,0,0,35.93,-78.4,35.93,-78.4,0,0,0,0,0,183,0,0,0
649944,2020,2,6,"2020-02-06","13:25:00",3,"NC",37,0,1,0,0,0,0,36.12,-78.39,36.12,-78.39,0,0,0,0,0,69,0,0,0
649945,2020,2,9,"2020-02-09","19:37:00",3,"TX",48,0,1,0,0,0,0,31.46,-96.32,31.46,-96.32,0,0,0,0,0,293,0,0,0
649946,2020,2,9,"2020-02-09","21:33:00",3,"AR",5,0,1,0,0,0,0,33.2367,-93.8242,33.2367,-93.8242,0,0,0,0,0,91,0,0,0
649947,2020,2,9,"2020-02-09","22:14:00",3,"AR",5,0,1,0,0,0,0,33.5782,-93.2605,33.5782,-93.2605,0,0,0,0,0,99,0,0,0
649948,2020,2,9,"2020-02-09","22:20:00",3,"AR",5,0,1.5,0,0,0,0,33.6481,-93.1659,33.6481,-93.1659,0,0,0,0,0,99,0,0,0
649949,2020,2,9,"2020-02-09","22:35:00",3,"AR",5,0,1,0,0,0,0,33.7,-93.02,33.7,-93.02,0,0,0,0,0,103,0,0,0
649950,2020,2,9,"2020-02-09","22:35:00",3,"AR",5,0,1.75,0,0,0,0,33.7,-93.02,33.7,-93.02,0,0,0,0,0,103,0,0,0
649951,2020,2,9,"2020-02-09","23:43:00",3,"AR",5,0,2,0,0,0,0,33.7205,-94.0586,33.7205,-94.0586,0,0,0,0,0,81,0,0,0
649952,2020,2,9,"2020-02-09","23:55:00",3,"AR",5,0,2,0,0,0,0,33.8122,-93.8954,33.8122,-93.8954,0,0,0,0,0,61,0,0,0
650061,2020,3,11,"2020-03-11","04:00:00",3,"KS",20,0,0.75,0,0,0,0,37.05,-95.21,37.05,-95.21,0,0,0,0,0,99,0,0,0
650062,2020,3,11,"2020-03-11","04:02:00",3,"MO",29,0,1,0,0,0,0,37.03,-94.56,37.03,-94.56,0,0,0,0,0,145,0,0,0
650063,2020,3,11,"2020-03-11","04:12:00",3,"OK",40,0,1,0,0,10000,0,35.82,-94.63,35.82,-94.63,0,0,0,0,0,1,0,0,0
650064,2020,3,11,"2020-03-11","04:14:00",3,"MO",29,0,1,0,0,0,0,37.05,-94.5,37.05,-94.5,0,0,0,0,0,145,0,0,0
650065,2020,3,11,"2020-03-11","04:52:00",3,"MO",29,0,0.88,0,0,0,0,36.59,-94.38,36.59,-94.38,0,0,0,0,0,119,0,0,0
650066,2020,3,11,"2020-03-11","05:00:00",3,"MO",29,0,1,0,0,0,0,36.55,-94.31,36.55,-94.31,0,0,0,0,0,119,0,0,0
650067,2020,3,11,"2020-03-11","05:00:00",3,"MO",29,0,1,0,0,0,0,36.76,-94.05,36.76,-94.05,0,0,0,0,0,9,0,0,0
650068,2020,3,11,"2020-03-11","05:10:00",3,"AR",5,0,1,0,0,50000,0,36.43,-94.23,36.43,-94.23,0,0,0,0,0,7,0,0,0
650069,2020,3,11,"2020-03-11","06:24:00",3,"AR",5,0,1,0,0,0,0,35.4,-92.82,35.4,-92.82,0,0,0,0,0,29,0,0,0
650070,2020,3,11,"2020-03-11","06:43:00",3,"AR",5,0,1,0,0,0,0,35.8,-93.39,35.8,-93.39,0,0,0,0,0,101,0,0,0
650071,2020,3,11,"2020-03-11","14:55:00",3,"AL",1,0,1,0,0,0,0,33.5,-86,33.5,-86,0,0,0,0,0,121,0,0,0
650072,2020,3,11,"2020-03-11","14:55:00",3,"AL",1,0,1.25,0,0,0,0,33.498,-86.0164,33.498,-86.0164,0,0,0,0,0,121,0,0,0
650073,2020,3,11,"2020-03-11","15:46:00",3,"AL",1,0,1,0,0,0,0,32.6,-87.78,32.6,-87.78,0,0,0,0,0,63,0,0,0
650074,2020,3,11,"2020-03-11","18:55:00",3,"NC",37,0,0.88,0,0,0,0,35.79,-78.2,35.79,-78.2,0,0,0,0,0,127,0,0,0
650075,2020,3,11,"2020-03-11","19:00:00",3,"NC",37,0,0.88,0,0,0,0,35.83,-78.11,35.83,-78.11,0,0,0,0,0,127,0,0,0
650076,2020,3,12,"2020-03-12","12:23:00",3,"IL",17,0,1,0,0,0,0,38.1958,-89.644,38.1958,-89.644,0,0,0,0,0,157,0,0,0
650077,2020,3,12,"2020-03-12","12:41:00",3,"IL",17,0,1,0,0,0,0,38.1,-89.05,38.0304,-88.93,0,0,0,0,0,55,0,0,0
650078,2020,3,12,"2020-03-12","12:45:00",3,"IL",17,0,1.25,0,0,0,0,38,-89.37,38.02,-89.23,0,0,0,0,0,145,0,0,0
650079,2020,3,12,"2020-03-12","12:48:00",3,"IL",17,0,1.25,0,0,0,0,38.15,-88.9,38.15,-88.9,0,0,0,0,0,81,0,0,0
650080,2020,3,12,"2020-03-12","13:07:00",3,"IL",17,0,2,0,0,0,0,37.87,-89.12,37.9,-89.05,0,0,0,0,0,55,0,0,0
650081,2020,3,12,"2020-03-12","13:12:00",3,"IL",17,0,1,0,0,0,0,37.83,-89.15,37.829,-89.08,0,0,0,0,0,199,0,0,0
650082,2020,3,12,"2020-03-12","13:20:00",3,"IL",17,0,2,0,0,0,0,37.8467,-88.944,37.82,-88.93,0,0,0,0,0,199,0,0,0
650083,2020,3,12,"2020-03-12","13:21:00",3,"IL",17,0,1.75,0,0,0,0,37.9,-88.92,37.9,-88.92,0,0,0,0,0,55,0,0,0
650084,2020,3,12,"2020-03-12","13:24:00",3,"IL",17,0,1.25,0,0,0,0,37.73,-88.93,37.73,-88.93,0,0,0,0,0,199,0,0,0
650085,2020,3,12,"2020-03-12","13:25:00",3,"IL",17,0,0.88,0,0,0,0,37.75,-89.08,37.75,-89.08,0,0,0,0,0,199,0,0,0
650086,2020,3,12,"2020-03-12","13:44:00",3,"IL",17,0,1,0,0,0,0,37.77,-88.5566,37.7011,-88.55,0,0,0,0,0,165,0,0,0
650087,2020,3,12,"2020-03-12","13:45:00",3,"IL",17,0,1,0,0,0,0,37.68,-88.65,37.68,-88.65,0,0,0,0,0,165,0,0,0
650088,2020,3,12,"2020-03-12","14:55:00",3,"KY",21,0,1,0,0,0,0,37.48,-87.83,37.48,-87.83,0,0,0,0,0,233,0,0,0
650089,2020,3,12,"2020-03-12","15:08:00",3,"AR",5,0,1.25,0,0,0,0,36.39,-92.36,36.39,-92.36,0,0,0,0,0,5,0,0,0
650090,2020,3,12,"2020-03-12","15:24:00",3,"KY",21,0,1,0,0,0,0,37.33,-87.5,37.33,-87.5,0,0,0,0,0,107,0,0,0
650091,2020,3,12,"2020-03-12","15:54:00",3,"KY",21,0,2.5,0,0,0,0,37.2,-87.18,37.2,-87.18,0,0,0,0,0,177,0,0,0
650092,2020,3,12,"2020-03-12","16:03:00",3,"AR",5,0,1.25,0,0,0,0,36.22,-91.74,36.22,-91.74,0,0,0,0,0,65,0,0,0
650093,2020,3,12,"2020-03-12","16:09:00",3,"MO",29,0,1.75,0,0,0,0,36.93,-90.75,36.93,-90.75,0,0,0,0,0,35,0,0,0
650094,2020,3,12,"2020-03-12","16:12:00",3,"AR",5,0,1.75,0,0,0,0,36.2,-91.62,36.2,-91.62,0,0,0,0,0,135,0,0,0
650095,2020,3,12,"2020-03-12","16:22:00",3,"KY",21,0,1.75,0,0,0,0,37.22,-86.7,37.22,-86.7,0,0,0,0,0,31,0,0,0
650096,2020,3,12,"2020-03-12","16:29:00",3,"MO",29,0,1.75,0,0,0,0,36.86,-90.64,36.86,-90.64,0,0,0,0,0,23,0,0,0
650097,2020,3,12,"2020-03-12","16:30:00",3,"KY",21,0,1.5,0,0,0,0,37.14,-86.72,37.14,-86.72,0,0,0,0,0,31,0,0,0
650098,2020,3,12,"2020-03-12","16:35:00",3,"KY",21,0,1,0,0,0,0,37.3,-87.13,37.3,-87.13,0,0,0,0,0,177,0,0,0
650099,2020,3,12,"2020-03-12","16:35:00",3,"MO",29,0,2.75,0,0,0,0,36.7909,-90.4511,36.8035,-90.4277,0,0,0,0,0,23,0,0,0
650100,2020,3,12,"2020-03-12","16:36:00",3,"MO",29,0,1,0,0,0,0,37,-91.02,37,-91.02,0,0,0,0,0,35,0,0,0
650101,2020,3,12,"2020-03-12","16:42:00",3,"KY",21,0,1.75,0,0,0,0,37.05,-86.62,37.05,-86.62,0,0,0,0,0,227,0,0,0
650102,2020,3,12,"2020-03-12","16:57:00",3,"MO",29,0,1,0,0,0,0,36.8005,-90.2456,36.8005,-90.2456,0,0,0,0,0,23,0,0,0
650103,2020,3,12,"2020-03-12","17:15:00",3,"KY",21,0,1,0,0,0,0,37.37,-85.58,37.37,-85.58,0,0,0,0,0,87,0,0,0
650104,2020,3,12,"2020-03-12","17:34:00",3,"KY",21,0,1,0,0,0,0,37.11,-86.32,37.11,-86.32,0,0,0,0,0,227,0,0,0
650105,2020,3,12,"2020-03-12","17:44:00",3,"KY",21,0,1,0,0,0,0,37.06,-86.14,37.06,-86.14,0,0,0,0,0,227,0,0,0
650106,2020,3,12,"2020-03-12","18:00:00",3,"AR",5,0,1.25,0,0,0,0,34.59,-93.91,34.59,-93.91,0,0,0,0,0,97,0,0,0
650107,2020,3,12,"2020-03-12","18:05:00",3,"KY",21,0,1,0,0,0,0,37.05,-86.07,37.05,-86.07,0,0,0,0,0,9,0,0,0
650108,2020,3,12,"2020-03-12","18:17:00",3,"AR",5,0,1,0,0,0,0,34.55,-93.63,34.55,-93.63,0,0,0,0,0,97,0,0,0
650109,2020,3,12,"2020-03-12","18:19:00",3,"AR",5,0,1,0,0,0,0,36.02,-91.81,36.02,-91.81,0,0,0,0,0,65,0,0,0
650110,2020,3,12,"2020-03-12","18:59:00",3,"AR",5,0,1.5,0,0,0,0,34.41,-93.3,34.41,-93.3,0,0,0,0,0,51,0,0,0
650111,2020,3,12,"2020-03-12","19:10:00",3,"AR",5,0,0.75,0,0,0,0,34.3158,-93.9768,34.3158,-93.9768,0,0,0,0,0,61,0,0,0
650112,2020,3,12,"2020-03-12","19:22:00",3,"AR",5,0,1,0,0,0,0,34.32,-93.17,34.32,-93.17,0,0,0,0,0,59,0,0,0
650113,2020,3,12,"2020-03-12","20:20:00",3,"KY",21,0,1,0,0,0,0,36.65,-84.35,36.65,-84.35,0,0,0,0,0,147,0,0,0
650114,2020,3,12,"2020-03-12","20:21:00",3,"KY",21,0,0.88,0,0,0,0,36.7,-84.48,36.7,-84.48,0,0,0,0,0,147,0,0,0
650115,2020,3,13,"2020-03-13","13:35:00",3,"AZ",4,0,0.88,0,0,0,0,33.72,-112.27,33.72,-112.27,0,0,0,0,0,13,0,0,0
650116,2020,3,14,"2020-03-14","12:25:00",3,"CA",6,0,0.25,0,0,750,0,40.62,-124.21,40.62,-124.21,0,0,0,0,0,23,0,0,0
650117,2020,3,14,"2020-03-14","16:57:00",3,"AR",5,0,1,0,0,0,0,34.97,-92.66,34.97,-92.66,0,0,0,0,0,105,0,0,0
650118,2020,3,14,"2020-03-14","18:28:00",3,"AR",5,0,0.75,0,0,0,0,34.97,-92.02,34.97,-92.02,0,0,0,0,0,85,0,0,0
650119,2020,3,14,"2020-03-14","21:05:00",3,"TX",48,0,0.88,0,0,0,0,33.2757,-95.5846,33.2757,-95.5846,0,0,0,0,0,223,0,0,0
650120,2020,3,17,"2020-03-17","07:55:00",3,"TX",48,0,1,0,0,0,0,33.6018,-102.4561,33.5835,-102.1631,0,0,0,0,0,219,0,0,0
650121,2020,3,17,"2020-03-17","08:45:00",3,"TX",48,0,1,0,0,0,0,33.5642,-101.9224,33.5642,-101.9224,0,0,0,0,0,303,0,0,0
650122,2020,3,17,"2020-03-17","09:45:00",3,"TX",48,0,1,0,0,0,0,33.68,-101.38,33.68,-101.38,0,0,0,0,0,107,0,0,0
650123,2020,3,17,"2020-03-17","15:56:00",3,"CA",6,0,0.25,0,0,0,0,37.1424,-121.4354,37.1424,-121.4354,0,0,0,0,0,85,0,0,0
650124,2020,3,17,"2020-03-17","16:30:00",3,"CA",6,0,0.25,0,0,0,0,37.67,-121.88,37.67,-121.88,0,0,0,0,0,1,0,0,0
650125,2020,3,17,"2020-03-17","18:07:00",3,"CA",6,0,0.25,0,0,0,0,36.2047,-121.1371,36.2047,-121.1371,0,0,0,0,0,53,0,0,0
650126,2020,3,17,"2020-03-17","18:20:00",3,"CA",6,0,0.25,0,0,0,0,36.2024,-121.1205,36.2024,-121.1205,0,0,0,0,0,53,0,0,0
650127,2020,3,17,"2020-03-17","19:55:00",3,"TX",48,0,1,0,0,0,0,32.73,-99.3,32.73,-99.3,0,0,0,0,0,417,0,0,0
650128,2020,3,18,"2020-03-18","16:03:00",3,"AZ",4,0,0.75,0,0,0,0,33.07,-112.05,33.07,-112.05,0,0,0,0,0,21,0,0,0
650129,2020,3,18,"2020-03-18","16:29:00",3,"TX",48,0,2.25,0,0,0,0,33.4413,-102.0176,33.5819,-101.8901,0,0,0,0,0,303,0,0,0
650130,2020,3,18,"2020-03-18","17:00:00",3,"TX",48,0,1.75,0,0,0,0,34.4227,-100.1938,34.5213,-100.2,0,0,0,0,0,75,0,0,0
650131,2020,3,18,"2020-03-18","17:13:00",3,"TX",48,0,1.75,0,0,0,0,32.8,-99.62,32.8,-99.62,0,0,0,0,0,253,0,0,0
650132,2020,3,18,"2020-03-18","17:20:00",3,"TX",48,0,1.25,0,0,0,0,33.5268,-101.9826,33.5268,-101.9826,0,0,0,0,0,303,0,0,0
650133,2020,3,18,"2020-03-18","17:48:00",3,"TX",48,0,1,0,0,0,0,34.86,-100.12,34.86,-100.12,0,0,0,0,0,87,0,0,0
650134,2020,3,19,"2020-03-19","00:24:00",3,"TX",48,0,2,0,0,0,0,32.47,-99.87,32.47,-99.87,0,0,0,0,0,441,0,0,0
650135,2020,3,19,"2020-03-19","01:14:00",3,"TX",48,0,1.75,0,0,0,0,29.51,-101.05,29.51,-101.05,0,0,0,0,0,465,0,0,0
650136,2020,3,19,"2020-03-19","02:10:00",3,"TX",48,0,1,0,0,0,0,29.79,-100.42,29.79,-100.42,0,0,0,0,0,137,0,0,0
650137,2020,3,19,"2020-03-19","02:30:00",3,"TX",48,0,1,0,0,0,0,29.9,-100.11,29.9,-100.11,0,0,0,0,0,137,0,0,0
650138,2020,3,19,"2020-03-19","13:36:00",3,"NE",31,0,0.75,0,0,0,0,40.42,-97.45,40.42,-97.45,0,0,0,0,0,59,0,0,0
650139,2020,3,19,"2020-03-19","13:46:00",3,"NE",31,0,1,0,0,125000,0,40.61,-99.16,40.61,-99.16,0,0,0,0,0,99,0,0,0
650140,2020,3,19,"2020-03-19","14:04:00",3,"NE",31,0,1.25,0,0,0,0,40.6795,-99.107,40.7111,-99.0447,0,0,0,0,0,19,0,0,0
650141,2020,3,19,"2020-03-19","14:24:00",3,"NE",31,0,0.88,0,0,0,0,40.34,-97.97,40.34,-97.97,0,0,0,0,0,129,0,0,0
650142,2020,3,19,"2020-03-19","14:59:00",3,"NE",31,0,1,0,0,0,0,40.63,-97.7,40.63,-97.7,0,0,0,0,0,59,0,0,0
650143,2020,3,19,"2020-03-19","15:11:00",3,"TX",48,0,0.75,0,0,0,0,33.1261,-97.4609,33.1261,-97.4609,0,0,0,0,0,497,0,0,0
650144,2020,3,19,"2020-03-19","15:14:00",3,"IA",19,0,1.5,0,0,0,0,40.8434,-95.2927,40.8434,-95.2927,0,0,0,0,0,145,0,0,0
650145,2020,3,19,"2020-03-19","15:14:00",3,"IA",19,0,1.5,0,0,0,0,40.85,-95.3,40.85,-95.3,0,0,0,0,0,145,0,0,0
650146,2020,3,19,"2020-03-19","15:15:00",3,"NE",31,0,1.25,0,0,75000,0,40.7355,-97.58,40.7355,-97.58,0,0,0,0,0,185,0,0,0
650147,2020,3,19,"2020-03-19","15:32:00",3,"IA",19,0,1.75,0,0,0,0,40.91,-95.1,40.91,-95.1,0,0,0,0,0,137,0,0,0
650148,2020,3,19,"2020-03-19","15:36:00",3,"IA",19,0,1.75,0,0,0,0,40.98,-95.1,40.98,-95.1,0,0,0,0,0,137,0,0,0
650149,2020,3,19,"2020-03-19","15:36:00",3,"IA",19,0,3,0,0,0,0,40.98,-95.12,40.98,-95.12,0,0,0,0,0,137,0,0,0
650150,2020,3,19,"2020-03-19","15:45:00",3,"IA",19,0,2,0,0,0,0,40.94,-94.99,40.94,-94.99,0,0,0,0,0,137,0,0,0
650151,2020,3,19,"2020-03-19","15:48:00",3,"IA",19,0,1,0,0,0,0,40.98,-94.93,40.98,-94.93,0,0,0,0,0,137,0,0,0
650152,2020,3,19,"2020-03-19","15:53:00",3,"TX",48,0,1,0,0,0,0,33.29,-96.99,33.29,-96.99,0,0,0,0,0,121,0,0,0
650153,2020,3,19,"2020-03-19","15:53:00",3,"IA",19,0,2,0,0,0,0,41.01,-95.22,41.01,-95.22,0,0,0,0,0,137,0,0,0
650154,2020,3,19,"2020-03-19","16:05:00",3,"NE",31,0,1,0,0,0,0,40.95,-97.17,40.95,-97.17,0,0,0,0,0,159,0,0,0
650155,2020,3,19,"2020-03-19","16:10:00",3,"NE",31,0,1,0,0,0,0,41.18,-96.14,41.18,-96.14,0,0,0,0,0,153,0,0,0
650156,2020,3,19,"2020-03-19","16:10:00",3,"IA",19,0,1,0,0,0,0,40.82,-94.98,40.82,-94.98,0,0,0,0,0,145,0,0,0
650157,2020,3,19,"2020-03-19","16:10:00",3,"IA",19,0,0.88,0,0,0,0,40.99,-94.74,40.99,-94.74,0,0,0,0,0,3,0,0,0
650158,2020,3,19,"2020-03-19","16:12:00",3,"TX",48,0,0.75,0,0,0,0,32.9511,-97.2993,32.9511,-97.2993,0,0,0,0,0,439,0,0,0
650159,2020,3,19,"2020-03-19","16:14:00",3,"NE",31,0,1.25,0,0,0,0,41.23,-96.11,41.23,-96.11,0,0,0,0,0,55,0,0,0
650160,2020,3,19,"2020-03-19","16:40:00",3,"TX",48,0,0.75,0,0,0,0,32.9951,-96.9029,32.9951,-96.9029,0,0,0,0,0,121,0,0,0
650161,2020,3,19,"2020-03-19","16:53:00",3,"KS",20,0,0.88,0,0,0,0,39.66,-96.03,39.66,-96.03,0,0,0,0,0,131,0,0,0
650162,2020,3,19,"2020-03-19","16:59:00",3,"IA",19,0,1.25,0,0,0,0,41.02,-95.23,41.02,-95.23,0,0,0,0,0,137,0,0,0
650163,2020,3,19,"2020-03-19","17:14:00",3,"KS",20,0,1.25,0,0,0,0,39.93,-95.5,39.93,-95.5,0,0,0,0,0,13,0,0,0
650164,2020,3,19,"2020-03-19","17:21:00",3,"KS",20,0,1.75,0,0,0,0,39.97,-95.47,39.97,-95.47,0,0,0,0,0,13,0,0,0
650165,2020,3,19,"2020-03-19","17:34:00",3,"KS",20,0,1,0,0,0,0,39.97,-95.6,39.97,-95.6,0,0,0,0,0,13,0,0,0
650166,2020,3,19,"2020-03-19","17:50:00",3,"IA",19,0,1.5,0,0,0,0,41.27,-93.58,41.27,-93.58,0,0,0,0,0,181,0,0,0
650167,2020,3,19,"2020-03-19","18:05:00",3,"MO",29,0,1.25,0,0,0,0,40.14,-95.23,40.14,-95.23,0,0,0,0,0,87,0,0,0
650168,2020,3,19,"2020-03-19","18:05:00",3,"MO",29,0,1.75,0,0,0,0,40.13,-95.23,40.13,-95.23,0,0,0,0,0,87,0,0,0
650169,2020,3,19,"2020-03-19","18:14:00",3,"MO",29,0,1.25,0,0,0,0,40.2,-95.07,40.2,-95.07,0,0,0,0,0,87,0,0,0
650170,2020,3,19,"2020-03-19","18:14:00",3,"MO",29,0,1.75,0,0,0,0,40.21,-95.07,40.21,-95.07,0,0,0,0,0,87,0,0,0
650171,2020,3,19,"2020-03-19","18:25:00",3,"MO",29,0,1,0,0,0,0,40.22,-94.94,40.22,-94.94,0,0,0,0,0,147,0,0,0
650172,2020,3,19,"2020-03-19","18:27:00",3,"MO",29,0,1,0,0,0,0,40.2,-94.91,40.2,-94.91,0,0,0,0,0,147,0,0,0
650173,2020,3,19,"2020-03-19","18:30:00",3,"MO",29,0,1.25,0,0,0,0,40.19,-94.84,40.19,-94.84,0,0,0,0,0,147,0,0,0
650174,2020,3,19,"2020-03-19","19:05:00",3,"TX",48,0,1.5,0,0,0,0,28.81,-100.53,28.81,-100.53,0,0,0,0,0,323,0,0,0
650175,2020,3,19,"2020-03-19","19:06:00",3,"TX",48,0,1.75,0,0,0,0,28.81,-100.5,28.81,-100.5,0,0,0,0,0,323,0,0,0
650176,2020,3,19,"2020-03-19","19:08:00",3,"TX",48,0,0.88,0,0,0,0,28.86,-100.53,28.86,-100.53,0,0,0,0,0,323,0,0,0
650177,2020,3,19,"2020-03-19","19:33:00",3,"TX",48,0,2.75,0,0,0,0,28.35,-99.61,28.35,-99.61,0,0,0,0,0,127,0,0,0
650178,2020,3,19,"2020-03-19","20:10:00",3,"AR",5,0,1,0,0,0,0,35.58,-92.45,35.58,-92.45,0,0,0,0,0,141,0,0,0
650179,2020,3,20,"2020-03-20","01:08:00",3,"IN",18,0,1,0,0,0,0,39.52,-85.06,39.52,-85.06,0,0,0,0,0,47,0,0,0
650180,2020,3,20,"2020-03-20","10:32:00",3,"TX",48,0,1,0,0,0,0,28.12,-98.26,28.12,-98.26,0,0,0,0,0,297,0,0,0
650181,2020,3,20,"2020-03-20","11:00:00",3,"TX",48,0,1,0,0,0,0,28.25,-97.92,28.25,-97.92,0,0,0,0,0,297,0,0,0
650182,2020,3,20,"2020-03-20","11:03:00",3,"TX",48,0,1.75,0,0,0,0,28.24,-97.92,28.24,-97.92,0,0,0,0,0,297,0,0,0
650183,2020,3,20,"2020-03-20","11:10:00",3,"TX",48,0,1,0,0,0,0,28.27,-97.86,28.27,-97.86,0,0,0,0,0,297,0,0,0
650184,2020,3,20,"2020-03-20","12:08:00",3,"TX",48,0,1,0,0,0,0,28.88,-97.17,28.88,-97.17,0,0,0,0,0,469,0,0,0
650185,2020,3,20,"2020-03-20","12:20:00",3,"TX",48,0,1,0,0,0,0,28.8739,-96.9885,28.8739,-96.9885,0,0,0,0,0,469,0,0,0
650186,2020,3,21,"2020-03-21","12:20:00",3,"TX",48,0,1,0,0,0,0,28.9,-97.2,28.9,-97.2,0,0,0,0,0,469,0,0,0
650187,2020,3,21,"2020-03-21","15:23:00",3,"TX",48,0,0.75,0,0,0,0,30.1,-98.96,30.1,-98.96,0,0,0,0,0,265,0,0,0
650188,2020,3,22,"2020-03-22","17:04:00",3,"KS",20,0,1,0,0,0,0,38.8026,-101.3353,38.8026,-101.3353,0,0,0,0,0,109,0,0,0
650189,2020,3,22,"2020-03-22","23:04:00",3,"MS",28,0,1,0,0,0,0,33.6,-90.77,33.6,-90.77,0,0,0,0,0,11,0,0,0
650190,2020,3,23,"2020-03-23","00:26:00",3,"MS",28,0,1.5,0,0,0,0,34.5,-89.5,34.5,-89.5,0,0,0,0,0,71,0,0,0
650191,2020,3,23,"2020-03-23","01:20:00",3,"MS",28,0,1.25,0,0,5000,0,33.67,-89.74,33.67,-89.74,0,0,0,0,0,97,0,0,0
650192,2020,3,23,"2020-03-23","02:26:00",3,"MS",28,0,1,0,0,0,0,33.72,-88.95,33.72,-88.95,0,0,0,0,0,25,0,0,0
650193,2020,3,23,"2020-03-23","21:15:00",3,"CO",8,0,0.75,0,0,0,0,38.48,-103.08,38.48,-103.08,0,0,0,0,0,61,0,0,0
650194,2020,3,24,"2020-03-24","01:13:00",3,"KS",20,0,1,0,0,0,0,37.45,-98.28,37.45,-98.28,0,0,0,0,0,95,0,0,0
650195,2020,3,24,"2020-03-24","01:30:00",3,"KS",20,0,0.88,0,0,0,0,37.64,-97.66,37.64,-97.66,0,0,0,0,0,173,0,0,0
650196,2020,3,24,"2020-03-24","08:55:00",3,"SC",45,0,0.5,0,0,10,10,34.06,-81.85,34.06,-81.85,0,0,0,0,0,81,0,0,0
650197,2020,3,24,"2020-03-24","09:00:00",3,"SC",45,0,0.75,0,0,0,0,34.02,-81.89,34.02,-81.89,0,0,0,0,0,81,0,0,0
650198,2020,3,24,"2020-03-24","10:27:00",3,"MO",29,0,0.88,0,0,0,0,36.1607,-90.132,36.1607,-90.132,0,0,0,0,0,69,0,0,0
650199,2020,3,24,"2020-03-24","10:54:00",3,"SC",45,0,1,0,0,0,0,33.91,-82.29,33.91,-82.29,0,0,0,0,0,65,0,0,0
650200,2020,3,24,"2020-03-24","10:56:00",3,"SC",45,0,1,0,0,0,0,33.85,-82.26,33.85,-82.26,0,0,0,0,0,65,0,0,0
650201,2020,3,24,"2020-03-24","12:20:00",3,"SC",45,0,0.7,0,0,10,10,34.14,-81.27,34.14,-81.27,0,0,0,0,0,79,0,0,0
650202,2020,3,25,"2020-03-25","12:50:00",3,"CA",6,0,0.25,0,0,0,0,37.95,-122.55,37.95,-122.55,0,0,0,0,0,41,0,0,0
650203,2020,3,25,"2020-03-25","12:55:00",3,"CA",6,0,0.38,0,0,0,0,37.23,-121.97,37.23,-121.97,0,0,0,0,0,85,0,0,0
650204,2020,3,25,"2020-03-25","13:00:00",3,"CA",6,0,0.25,0,0,0,0,37.4233,-122.164,37.4233,-122.164,0,0,0,0,0,85,0,0,0
650205,2020,3,25,"2020-03-25","13:00:00",3,"CA",6,0,0.35,0,0,0,0,37.38,-122.05,37.38,-122.05,0,0,0,0,0,85,0,0,0
650206,2020,3,25,"2020-03-25","13:15:00",3,"CA",6,0,0.25,0,0,0,0,37.38,-122.05,37.38,-122.05,0,0,0,0,0,85,0,0,0
650207,2020,3,25,"2020-03-25","13:41:00",3,"CA",6,0,0.25,0,0,0,0,37.0145,-121.5533,37.0145,-121.5533,0,0,0,0,0,85,0,0,0
650208,2020,3,25,"2020-03-25","14:17:00",3,"CA",6,0,0.25,0,0,0,0,38.8145,-123.02,38.8145,-123.02,0,0,0,0,0,97,0,0,0
650209,2020,3,25,"2020-03-25","15:10:00",3,"CA",6,0,0.25,0,0,0,0,38.323,-122.6914,38.323,-122.6914,0,0,0,0,0,97,0,0,0
650210,2020,3,25,"2020-03-25","15:15:00",3,"CA",6,0,0.25,0,0,0,0,38.2434,-122.6371,38.2434,-122.6371,0,0,0,0,0,97,0,0,0
650211,2020,3,25,"2020-03-25","16:30:00",3,"CA",6,0,0.25,0,0,0,0,37.3433,-122.0439,37.3433,-122.0439,0,0,0,0,0,85,0,0,0
650212,2020,3,25,"2020-03-25","16:44:00",3,"CA",6,0,0.25,0,0,0,0,36.9933,-121.5561,36.9933,-121.5561,0,0,0,0,0,85,0,0,0
650213,2020,3,25,"2020-03-25","16:58:00",3,"CA",6,0,0.25,0,0,0,0,38.7136,-122.9197,38.7136,-122.9197,0,0,0,0,0,97,0,0,0
650214,2020,3,25,"2020-03-25","17:07:00",3,"CA",6,0,0.25,0,0,0,0,37.3366,-121.943,37.3366,-121.943,0,0,0,0,0,85,0,0,0
650215,2020,3,26,"2020-03-26","12:13:00",3,"IL",17,0,1,0,0,0,0,38.42,-87.77,38.42,-87.77,0,0,0,0,0,185,0,0,0
650216,2020,3,26,"2020-03-26","18:05:00",3,"CA",6,0,0.25,0,0,0,0,36.9595,-121.9556,36.9595,-121.9556,0,0,0,0,0,87,0,0,0
650217,2020,3,26,"2020-03-26","22:31:00",3,"KS",20,0,1.75,0,0,0,0,38.8,-96.73,38.8,-96.73,0,0,0,0,0,127,0,0,0
650218,2020,3,26,"2020-03-26","23:58:00",3,"MO",29,0,1,0,0,0,0,38.81,-94.53,38.81,-94.53,0,0,0,0,0,37,0,0,0
650219,2020,3,27,"2020-03-27","00:12:00",3,"MO",29,0,1,0,0,0,0,38.7905,-92.2963,38.7905,-92.2963,0,0,0,0,0,19,0,0,0
650220,2020,3,27,"2020-03-27","00:28:00",3,"KS",20,0,1.75,0,0,0,0,38.811,-94.7796,38.811,-94.7796,0,0,0,0,0,91,0,0,0
650221,2020,3,27,"2020-03-27","00:42:00",3,"MO",29,0,1,0,0,0,0,38.81,-94.53,38.81,-94.53,0,0,0,0,0,37,0,0,0
650222,2020,3,27,"2020-03-27","01:09:00",3,"MO",29,0,1,0,0,0,0,38.71,-93.99,38.71,-93.99,0,0,0,0,0,101,0,0,0
650223,2020,3,27,"2020-03-27","01:10:00",3,"MO",29,0,1.5,0,0,0,0,38.71,-93.99,38.71,-93.99,0,0,0,0,0,101,0,0,0
650224,2020,3,27,"2020-03-27","01:15:00",3,"MO",29,0,1.25,0,0,0,0,38.75,-93.9,38.75,-93.9,0,0,0,0,0,101,0,0,0
650225,2020,3,27,"2020-03-27","01:30:00",3,"MO",29,0,1,0,0,0,0,38.69,-93.74,38.69,-93.74,0,0,0,0,0,101,0,0,0
650226,2020,3,27,"2020-03-27","01:36:00",3,"MO",29,0,1,0,0,0,0,38.77,-93.56,38.77,-93.56,0,0,0,0,0,101,0,0,0
650227,2020,3,27,"2020-03-27","01:37:00",3,"MO",29,0,1.5,0,0,0,0,38.73,-93.55,38.73,-93.55,0,0,0,0,0,101,0,0,0
650228,2020,3,27,"2020-03-27","01:44:00",3,"MO",29,0,1,0,0,0,0,38.82,-91.13,38.82,-91.13,0,0,0,0,0,219,0,0,0
650229,2020,3,27,"2020-03-27","01:48:00",3,"MO",29,0,1.5,0,0,0,0,38.817,-90.8916,38.7862,-90.4909,0,0,0,0,0,183,0,0,0
650230,2020,3,27,"2020-03-27","02:00:00",3,"MO",29,0,1,0,0,0,0,39.09,-94.42,39.09,-94.42,0,0,0,0,0,95,0,0,0
650231,2020,3,27,"2020-03-27","02:00:00",3,"MO",29,0,1,0,0,0,0,38.7064,-93.2677,38.7064,-93.2677,0,0,0,0,0,159,0,0,0
650232,2020,3,27,"2020-03-27","02:02:00",3,"MO",29,0,1.25,0,0,0,0,38.78,-90.33,38.7763,-90.1753,0,0,0,0,0,189,0,0,0
650233,2020,3,27,"2020-03-27","02:16:00",3,"IL",17,0,1.5,0,0,0,0,38.85,-90.08,38.7436,-89.6643,0,0,0,0,0,119,0,0,0
650234,2020,3,27,"2020-03-27","12:06:00",3,"OK",40,0,1,0,0,0,0,35.53,-97.78,35.53,-97.78,0,0,0,0,0,17,0,0,0
650235,2020,3,27,"2020-03-27","12:12:00",3,"OK",40,0,1.5,0,0,0,0,35.56,-97.66,35.56,-97.66,0,0,0,0,0,109,0,0,0
650236,2020,3,27,"2020-03-27","12:15:00",3,"OK",40,0,1.5,0,0,0,0,35.62,-97.51,35.62,-97.51,0,0,0,0,0,109,0,0,0
650237,2020,3,27,"2020-03-27","12:17:00",3,"OK",40,0,1.75,0,0,0,0,35.57,-97.62,35.57,-97.62,0,0,0,0,0,109,0,0,0
650238,2020,3,27,"2020-03-27","12:18:00",3,"OK",40,0,1.5,0,0,0,0,35.61,-97.62,35.61,-97.62,0,0,0,0,0,109,0,0,0
650239,2020,3,27,"2020-03-27","12:19:00",3,"OK",40,0,1.25,0,0,0,0,35.59,-97.55,35.59,-97.55,0,0,0,0,0,109,0,0,0
650240,2020,3,27,"2020-03-27","12:32:00",3,"OK",40,0,1,0,0,0,0,35.77,-97.33,35.77,-97.33,0,0,0,0,0,83,0,0,0
650241,2020,3,27,"2020-03-27","12:34:00",3,"OK",40,0,0.75,0,0,0,0,35.46,-97.72,35.46,-97.72,0,0,0,0,0,17,0,0,0
650242,2020,3,27,"2020-03-27","12:50:00",3,"OK",40,0,1.25,0,0,0,0,35.47,-97.4,35.47,-97.4,0,0,0,0,0,109,0,0,0
650243,2020,3,27,"2020-03-27","12:53:00",3,"OK",40,0,1.25,0,0,0,0,35.48,-97.36,35.48,-97.36,0,0,0,0,0,109,0,0,0
650244,2020,3,27,"2020-03-27","13:15:00",3,"OK",40,0,0.75,0,0,0,0,35.71,-96.89,35.71,-96.89,0,0,0,0,0,81,0,0,0
650245,2020,3,27,"2020-03-27","13:37:00",3,"OK",40,0,0.88,0,0,0,0,35.9093,-96.5832,35.9093,-96.5832,0,0,0,0,0,37,0,0,0
650246,2020,3,27,"2020-03-27","14:13:00",3,"OK",40,0,1,0,0,10000,0,36.1468,-96.065,36.1468,-96.065,0,0,0,0,0,143,0,0,0
650247,2020,3,27,"2020-03-27","14:15:00",3,"OK",40,0,1,0,0,10000,0,36.1768,-95.9406,36.1768,-95.9406,0,0,0,0,0,143,0,0,0
650248,2020,3,27,"2020-03-27","14:16:00",3,"OK",40,0,1,0,0,1e+05,0,36.2,-95.88,36.2,-95.88,0,0,0,0,0,143,0,0,0
650249,2020,3,27,"2020-03-27","14:17:00",3,"OK",40,0,1,0,0,10000,0,36.4634,-94.8,36.4634,-94.8,0,0,0,0,0,41,0,0,0
650250,2020,3,27,"2020-03-27","14:20:00",3,"OK",40,0,1,0,0,25000,0,36.27,-95.76,36.27,-95.76,0,0,0,0,0,131,0,0,0
650251,2020,3,27,"2020-03-27","14:22:00",3,"OK",40,0,1.5,0,0,1e+05,0,36.27,-95.8,36.27,-95.8,0,0,0,0,0,131,0,0,0
650252,2020,3,27,"2020-03-27","14:22:00",3,"OK",40,0,1.75,0,0,2e+05,0,36.2354,-95.7796,36.2354,-95.7796,0,0,0,0,0,143,0,0,0
650253,2020,3,27,"2020-03-27","14:23:00",3,"OK",40,0,1.25,0,0,1e+05,0,36.209,-95.75,36.209,-95.75,0,0,0,0,0,131,0,0,0
650254,2020,3,27,"2020-03-27","14:23:00",3,"OK",40,0,1.25,0,0,1e+05,0,36.2201,-95.7706,36.2201,-95.7706,0,0,0,0,0,131,0,0,0
650255,2020,3,27,"2020-03-27","14:28:00",3,"OK",40,0,1,0,0,1e+05,0,36.3102,-95.7212,36.3102,-95.7212,0,0,0,0,0,131,0,0,0
650256,2020,3,27,"2020-03-27","14:31:00",3,"OK",40,0,2,0,0,250000,0,36.3345,-95.6,36.3345,-95.6,0,0,0,0,0,131,0,0,0
650257,2020,3,27,"2020-03-27","14:33:00",3,"OK",40,0,1.75,0,0,150000,0,36.32,-95.618,36.32,-95.618,0,0,0,0,0,131,0,0,0
650258,2020,3,27,"2020-03-27","14:39:00",3,"MO",29,0,1,0,0,0,0,36.7,-94.51,36.7,-94.51,0,0,0,0,0,119,0,0,0
650259,2020,3,27,"2020-03-27","14:49:00",3,"OK",40,0,1.75,0,0,1e+05,0,36.4364,-95.2694,36.4364,-95.2694,0,0,0,0,0,97,0,0,0
650260,2020,3,27,"2020-03-27","14:55:00",3,"OK",40,0,1.75,0,0,50000,0,36.4103,-95.1309,36.4103,-95.1309,0,0,0,0,0,97,0,0,0
650261,2020,3,27,"2020-03-27","14:56:00",3,"OK",40,0,1,0,0,25000,0,36.3802,-95.3613,36.3802,-95.3613,0,0,0,0,0,97,0,0,0
650262,2020,3,27,"2020-03-27","14:59:00",3,"OK",40,0,2.5,0,0,150000,0,36.4639,-95.0469,36.4639,-95.0469,0,0,0,0,0,97,0,0,0
650263,2020,3,27,"2020-03-27","15:01:00",3,"OK",40,0,1.75,0,0,50000,0,36.5257,-95.0251,36.5257,-95.0251,0,0,0,0,0,35,0,0,0
650264,2020,3,27,"2020-03-27","15:02:00",3,"OK",40,0,2.75,0,0,150000,0,36.48,-95.02,36.48,-95.02,0,0,0,0,0,97,0,0,0
650265,2020,3,27,"2020-03-27","15:08:00",3,"OK",40,0,1.75,0,0,250000,0,36.5689,-94.9367,36.5689,-94.9367,0,0,0,0,0,41,0,0,0
650266,2020,3,27,"2020-03-27","15:09:00",3,"MO",29,0,1.75,0,0,0,0,36.8781,-93.9823,36.8781,-93.9823,0,0,0,0,0,9,0,0,0
650267,2020,3,27,"2020-03-27","15:11:00",3,"OK",40,0,3,0,0,50000,0,36.529,-94.85,36.529,-94.85,0,0,0,0,0,41,0,0,0
650268,2020,3,27,"2020-03-27","15:11:00",3,"OK",40,0,2.5,0,0,50000,0,36.496,-94.8535,36.496,-94.8535,0,0,0,0,0,41,0,0,0
650269,2020,3,27,"2020-03-27","15:15:00",3,"MO",29,0,1.25,0,0,0,0,36.92,-93.93,36.92,-93.93,0,0,0,0,0,9,0,0,0
650270,2020,3,27,"2020-03-27","15:17:00",3,"MO",29,0,1,0,0,0,0,36.96,-93.38,36.96,-93.38,0,0,0,0,0,209,0,0,0
650271,2020,3,27,"2020-03-27","15:18:00",3,"OK",40,0,2.5,0,0,250000,0,36.5923,-94.768,36.5923,-94.768,0,0,0,0,0,41,0,0,0
650272,2020,3,27,"2020-03-27","15:20:00",3,"MO",29,0,1.25,0,0,0,0,36.96,-93.8,36.96,-93.8,0,0,0,0,0,109,0,0,0
650273,2020,3,27,"2020-03-27","15:26:00",3,"MO",29,0,1.25,0,0,0,0,36.96,-93.74,36.96,-93.74,0,0,0,0,0,109,0,0,0
650274,2020,3,27,"2020-03-27","15:27:00",3,"MO",29,0,2.5,0,0,45000,0,36.5978,-94.6174,36.5978,-94.6174,0,0,0,0,0,119,0,0,0
650275,2020,3,27,"2020-03-27","15:42:00",3,"MO",29,0,1.5,0,0,0,0,37.11,-93.47,37.11,-93.47,0,0,0,0,0,77,0,0,0
650276,2020,3,27,"2020-03-27","15:44:00",3,"MO",29,0,1,0,0,0,0,37.07,-93.52,37.07,-93.52,0,0,0,0,0,43,0,0,0
650277,2020,3,27,"2020-03-27","15:45:00",3,"MO",29,0,1,0,0,0,0,37.11,-93.47,37.11,-93.47,0,0,0,0,0,77,0,0,0
650278,2020,3,27,"2020-03-27","15:48:00",3,"MO",29,0,1.75,0,0,0,0,37.1,-93.46,37.1,-93.46,0,0,0,0,0,77,0,0,0
650279,2020,3,27,"2020-03-27","15:51:00",3,"MO",29,0,1,0,0,0,0,37.12,-93.37,37.12,-93.37,0,0,0,0,0,77,0,0,0
650280,2020,3,27,"2020-03-27","15:52:00",3,"MO",29,0,1,0,0,0,0,37.15,-92.88,37.15,-92.88,0,0,0,0,0,225,0,0,0
650281,2020,3,27,"2020-03-27","15:56:00",3,"MO",29,0,0.75,0,0,0,0,37.19,-93.26,37.19,-93.26,0,0,0,0,0,77,0,0,0
650282,2020,3,27,"2020-03-27","15:58:00",3,"MO",29,0,1,0,0,0,0,37.18,-93.22,37.18,-93.22,0,0,0,0,0,77,0,0,0
650283,2020,3,27,"2020-03-27","16:12:00",3,"MO",29,0,2.5,0,0,250000,0,37.2575,-92.5335,37.3,-92.38,0,0,0,0,0,229,0,0,0
650284,2020,3,27,"2020-03-27","16:25:00",3,"MO",29,0,0.75,0,0,0,0,37.33,-92.8,37.33,-92.8,0,0,0,0,0,225,0,0,0
650285,2020,3,27,"2020-03-27","16:50:00",3,"MO",29,0,4.5,0,0,5e+05,0,37.34,-91.83,37.33,-91.96,0,0,0,0,0,215,0,0,0
650286,2020,3,27,"2020-03-27","17:16:00",3,"MO",29,0,1.75,0,0,0,0,37.3933,-91.5071,37.3933,-91.5071,0,0,0,0,0,203,0,0,0
650287,2020,3,27,"2020-03-27","18:10:00",3,"MO",29,0,1,0,0,0,0,37.6343,-90.6569,37.6343,-90.6569,0,0,0,0,0,93,0,0,0
650288,2020,3,27,"2020-03-27","20:20:00",3,"MO",29,0,1,0,0,0,0,38.29,-93.49,38.29,-93.49,0,0,0,0,0,15,0,0,0
650289,2020,3,27,"2020-03-27","20:39:00",3,"MO",29,0,1.75,0,0,0,0,38.3628,-93.0501,38.3628,-93.0501,0,0,0,0,0,141,0,0,0
650290,2020,3,27,"2020-03-27","20:50:00",3,"MO",29,0,1.5,0,0,15000,0,38.43,-92.84,38.43,-92.84,0,0,0,0,0,141,0,0,0
650291,2020,3,27,"2020-03-27","20:52:00",3,"MO",29,0,1,0,0,0,0,38.44,-92.82,38.44,-92.82,0,0,0,0,0,141,0,0,0
650292,2020,3,27,"2020-03-27","20:55:00",3,"MO",29,0,1,0,0,0,0,38.4,-92.97,38.4,-92.97,0,0,0,0,0,141,0,0,0
650293,2020,3,27,"2020-03-27","21:20:00",3,"MO",29,0,3,0,0,3e+06,0,38.5633,-92.3319,38.5551,-92.1039,0,0,0,0,0,51,0,0,0
650294,2020,3,27,"2020-03-27","21:32:00",3,"MO",29,0,2.75,0,0,0,0,38.6081,-92.1845,38.675,-92.0797,0,0,0,0,0,27,0,0,0
650295,2020,3,27,"2020-03-27","21:50:00",3,"MO",29,0,2.75,0,0,0,0,38.6593,-91.8467,38.6895,-91.702,0,0,0,0,0,151,0,0,0
650296,2020,3,27,"2020-03-27","22:10:00",3,"MO",29,0,2.75,0,0,0,0,38.7803,-91.5819,38.8033,-91.4146,0,0,0,0,0,139,0,0,0
650297,2020,3,27,"2020-03-27","22:19:00",3,"MO",29,0,2.75,0,0,0,0,38.8189,-91.2627,38.8188,-90.9706,0,0,0,0,0,219,0,0,0
650298,2020,3,27,"2020-03-27","22:33:00",3,"MO",29,0,2.5,0,0,0,0,38.8747,-90.9982,38.9812,-90.7153,0,0,0,0,0,113,0,0,0
650299,2020,3,28,"2020-03-28","04:38:00",3,"OK",40,0,0.88,0,0,0,0,35.98,-96.76,35.98,-96.76,0,0,0,0,0,119,0,0,0
650300,2020,3,28,"2020-03-28","05:20:00",3,"IN",18,0,0.75,0,0,0,0,40.5,-86.14,40.5,-86.14,0,0,0,0,0,67,0,0,0
650301,2020,3,28,"2020-03-28","05:40:00",3,"IN",18,0,0.75,0,0,0,0,40.61,-85.67,40.61,-85.67,0,0,0,0,0,53,0,0,0
650302,2020,3,28,"2020-03-28","05:56:00",3,"IN",18,0,1,0,0,0,0,40.64,-86.06,40.64,-86.06,0,0,0,0,0,103,0,0,0
650303,2020,3,28,"2020-03-28","06:45:00",3,"OH",39,0,1.25,0,0,0,0,40.88,-84.32,40.88,-84.32,0,0,0,0,0,137,0,0,0
650304,2020,3,28,"2020-03-28","06:54:00",3,"OH",39,0,1.25,0,0,0,0,40.77,-84.62,40.77,-84.62,0,0,0,0,0,161,0,0,0
650305,2020,3,28,"2020-03-28","06:55:00",3,"OH",39,0,1.75,0,0,0,0,40.86,-84.58,40.86,-84.58,0,0,0,0,0,161,0,0,0
650306,2020,3,28,"2020-03-28","07:05:00",3,"OH",39,0,1,0,0,0,0,40.92,-84.06,40.92,-84.06,0,0,0,0,0,137,0,0,0
650307,2020,3,28,"2020-03-28","07:15:00",3,"TX",48,0,1,0,0,0,0,32.73,-97.12,32.73,-97.12,0,0,0,0,0,439,0,0,0
650308,2020,3,28,"2020-03-28","07:15:00",3,"OH",39,0,1,0,0,0,0,40.87,-84.08,40.87,-84.08,0,0,0,0,0,3,0,0,0
650309,2020,3,28,"2020-03-28","07:19:00",3,"OH",39,0,1.25,0,0,0,0,40.82,-84.08,40.82,-84.08,0,0,0,0,0,3,0,0,0
650310,2020,3,28,"2020-03-28","07:27:00",3,"OH",39,0,1.75,0,0,0,0,40.88,-83.63,40.9,-83.55,0,0,0,0,0,63,0,0,0
650311,2020,3,28,"2020-03-28","07:38:00",3,"OH",39,0,1.25,0,0,0,0,40.8,-81.42,40.7465,-81.4093,0,0,0,0,0,151,0,0,0
650312,2020,3,28,"2020-03-28","07:48:00",3,"TX",48,0,1,0,0,0,0,32.65,-96.9,32.65,-96.9,0,0,0,0,0,113,0,0,0
650313,2020,3,28,"2020-03-28","08:44:00",3,"OH",39,0,0.88,0,0,0,0,41.02,-81.88,41.02,-81.88,0,0,0,0,0,103,0,0,0
650314,2020,3,28,"2020-03-28","09:27:00",3,"OH",39,0,0.88,0,0,0,0,41.2295,-82.7272,41.2295,-82.7272,0,0,0,0,0,77,0,0,0
650315,2020,3,28,"2020-03-28","09:33:00",3,"OH",39,0,0.75,0,0,0,0,41.23,-82.62,41.23,-82.62,0,0,0,0,0,77,0,0,0
650316,2020,3,28,"2020-03-28","09:34:00",3,"OH",39,0,0.75,0,0,0,0,41.02,-80.77,41.02,-80.77,0,0,0,0,0,99,0,0,0
650317,2020,3,28,"2020-03-28","09:42:00",3,"OH",39,0,1,0,0,0,0,41.2295,-82.7272,41.2295,-82.7272,0,0,0,0,0,77,0,0,0
650318,2020,3,28,"2020-03-28","09:43:00",3,"IN",18,0,1,0,0,0,0,38.8202,-86.9561,38.8202,-86.9561,0,0,0,0,0,27,0,0,0
650319,2020,3,28,"2020-03-28","09:50:00",3,"IL",17,0,1,0,0,0,0,39.62,-89.65,39.62,-89.65,0,0,0,0,0,167,0,0,0
650320,2020,3,28,"2020-03-28","09:58:00",3,"OH",39,0,1,0,0,0,0,41.23,-82.12,41.23,-82.12,0,0,0,0,0,93,0,0,0
650321,2020,3,28,"2020-03-28","10:00:00",3,"OH",39,0,1,0,0,0,0,41.28,-82.07,41.28,-82.07,0,0,0,0,0,93,0,0,0
650322,2020,3,28,"2020-03-28","10:01:00",3,"IL",17,0,1.25,0,0,0,0,39.6921,-89.53,39.6921,-89.53,0,0,0,0,0,167,0,0,0
650323,2020,3,28,"2020-03-28","10:02:00",3,"IN",18,0,1,0,0,0,0,38.9178,-86.5942,38.9178,-86.5942,0,0,0,0,0,93,0,0,0
650324,2020,3,28,"2020-03-28","10:05:00",3,"IL",17,0,1,0,0,0,0,39.6312,-89.4864,39.6312,-89.4864,0,0,0,0,0,21,0,0,0
650325,2020,3,28,"2020-03-28","10:07:00",3,"IN",18,0,0.75,0,0,0,0,38.9,-86.47,38.9,-86.47,0,0,0,0,0,93,0,0,0
650326,2020,3,28,"2020-03-28","10:07:00",3,"OH",39,0,2,0,0,0,0,41.23,-81.95,41.23,-81.95,0,0,0,0,0,103,0,0,0
650327,2020,3,28,"2020-03-28","10:07:00",3,"OH",39,0,2.25,0,0,0,0,41.23,-81.95,41.23,-81.95,0,0,0,0,0,103,0,0,0
650328,2020,3,28,"2020-03-28","10:10:00",3,"OH",39,0,2.25,0,0,0,0,41.23,-81.83,41.23,-81.83,0,0,0,0,0,103,0,0,0
650329,2020,3,28,"2020-03-28","10:10:00",3,"OH",39,0,1.75,0,0,0,0,41.23,-81.83,41.23,-81.83,0,0,0,0,0,103,0,0,0
650330,2020,3,28,"2020-03-28","10:10:00",3,"OH",39,0,1.75,0,0,0,0,41.2079,-81.9011,41.2079,-81.9011,0,0,0,0,0,103,0,0,0
650331,2020,3,28,"2020-03-28","10:13:00",3,"PA",42,0,1,0,0,0,0,40.95,-80.03,40.95,-80.03,0,0,0,0,0,19,0,0,0
650332,2020,3,28,"2020-03-28","10:15:00",3,"PA",42,0,1,0,0,0,0,40.94,-79.96,40.94,-79.96,0,0,0,0,0,19,0,0,0
650333,2020,3,28,"2020-03-28","10:16:00",3,"PA",42,0,1,0,0,0,0,40.91,-79.93,40.91,-79.93,0,0,0,0,0,19,0,0,0
650334,2020,3,28,"2020-03-28","10:24:00",3,"PA",42,0,1,0,0,0,0,40.94,-79.88,40.94,-79.88,0,0,0,0,0,19,0,0,0
650335,2020,3,28,"2020-03-28","10:29:00",3,"IL",17,0,1.75,0,0,0,0,39.7555,-89.27,39.7555,-89.27,0,0,0,0,0,21,0,0,0
650336,2020,3,28,"2020-03-28","10:32:00",3,"IN",18,0,1,0,0,0,0,38.98,-86.04,38.98,-86.04,0,0,0,0,0,71,0,0,0
650337,2020,3,28,"2020-03-28","10:36:00",3,"IN",18,0,1.75,0,0,0,0,39.52,-85.78,39.52,-85.78,0,0,0,0,0,145,0,0,0
650338,2020,3,28,"2020-03-28","10:40:00",3,"IL",17,0,1.75,0,0,0,0,39.7,-89.12,39.7,-89.12,0,0,0,0,0,115,0,0,0
650339,2020,3,28,"2020-03-28","10:43:00",3,"IN",18,0,1,0,0,0,0,39.57,-85.62,39.57,-85.62,0,0,0,0,0,139,0,0,0
650340,2020,3,28,"2020-03-28","10:45:00",3,"PA",42,0,1,0,0,0,0,40.94,-79.46,40.94,-79.46,0,0,0,0,0,5,0,0,0
650341,2020,3,28,"2020-03-28","10:52:00",3,"IN",18,0,0.88,0,0,0,0,39.61,-85.45,39.61,-85.45,0,0,0,0,0,139,0,0,0
650342,2020,3,28,"2020-03-28","10:52:00",3,"IN",18,0,1,0,0,0,0,39.59,-85.44,39.59,-85.44,0,0,0,0,0,139,0,0,0
650343,2020,3,28,"2020-03-28","11:00:00",3,"OH",39,0,1.5,0,0,0,0,41.2273,-81.4175,41.2273,-81.4175,0,0,0,0,0,153,0,0,0
650344,2020,3,28,"2020-03-28","11:00:00",3,"OH",39,0,2,0,0,0,0,41.2189,-81.4283,41.2189,-81.4283,0,0,0,0,0,153,0,0,0
650345,2020,3,28,"2020-03-28","11:23:00",3,"OH",39,0,1.75,0,0,0,0,41.1092,-81.58,41.1145,-81.43,0,0,0,0,0,153,0,0,0
650346,2020,3,28,"2020-03-28","11:25:00",3,"OH",39,0,1,0,0,0,0,39.8175,-84.4847,39.8175,-84.4847,0,0,0,0,0,135,0,0,0
650347,2020,3,28,"2020-03-28","11:27:00",3,"OH",39,0,2,0,0,0,0,41.1143,-81.5485,41.1143,-81.5485,0,0,0,0,0,153,0,0,0
650348,2020,3,28,"2020-03-28","11:28:00",3,"OH",39,0,2.5,0,0,0,0,41.109,-81.5,41.109,-81.5,0,0,0,0,0,153,0,0,0
650349,2020,3,28,"2020-03-28","11:32:00",3,"OH",39,0,2.25,0,0,0,0,41.1096,-81.4442,41.1096,-81.4442,0,0,0,0,0,153,0,0,0
650350,2020,3,28,"2020-03-28","11:37:00",3,"OH",39,0,1.75,0,0,0,0,41.1145,-81.33,41.1145,-81.33,0,0,0,0,0,133,0,0,0
650351,2020,3,28,"2020-03-28","11:43:00",3,"OH",39,0,0.75,0,0,0,0,41.1,-81.23,41.1,-81.23,0,0,0,0,0,133,0,0,0
650352,2020,3,28,"2020-03-28","11:43:00",3,"OH",39,0,2,0,0,0,0,41.1144,-81.2203,41.1144,-81.2203,0,0,0,0,0,133,0,0,0
650353,2020,3,28,"2020-03-28","12:00:00",3,"MO",29,0,1.25,0,0,0,0,37.9908,-90.3377,37.9908,-90.3377,0,0,0,0,0,186,0,0,0
650354,2020,3,28,"2020-03-28","12:00:00",3,"PA",42,0,1,0,0,0,0,41.07,-80.06,41.07,-80.06,0,0,0,0,0,19,0,0,0
650355,2020,3,28,"2020-03-28","12:04:00",3,"PA",42,0,1,0,0,0,0,41.09,-79.9,41.09,-79.9,0,0,0,0,0,19,0,0,0
650356,2020,3,28,"2020-03-28","12:13:00",3,"PA",42,0,1,0,0,0,0,40.9675,-80.2148,40.9675,-80.2148,0,0,0,0,0,73,0,0,0
650357,2020,3,28,"2020-03-28","12:17:00",3,"OH",39,0,0.88,0,0,0,0,39.82,-84.01,39.82,-84.01,0,0,0,0,0,57,0,0,0
650358,2020,3,28,"2020-03-28","12:18:00",3,"OH",39,0,2,0,0,0,0,39.79,-84.02,39.79,-84.02,0,0,0,0,0,57,0,0,0
650359,2020,3,28,"2020-03-28","12:26:00",3,"PA",42,0,1.25,0,0,0,0,40.97,-80.48,40.97,-80.48,0,0,0,0,0,73,0,0,0
650360,2020,3,28,"2020-03-28","12:26:00",3,"OH",39,0,0.75,0,0,0,0,39.81,-83.89,39.81,-83.89,0,0,0,0,0,57,0,0,0
650361,2020,3,28,"2020-03-28","12:27:00",3,"IN",18,0,0.75,0,0,0,0,39.99,-86.14,39.99,-86.14,0,0,0,0,0,57,0,0,0
650362,2020,3,28,"2020-03-28","12:27:00",3,"PA",42,0,1,0,0,0,0,40.98,-80.49,40.98,-80.49,0,0,0,0,0,73,0,0,0
650363,2020,3,28,"2020-03-28","12:27:00",3,"IN",18,0,1,0,0,0,0,39.98,-86.14,39.98,-86.14,0,0,0,0,0,57,0,0,0
650364,2020,3,28,"2020-03-28","12:31:00",3,"PA",42,0,1,0,0,0,0,41.08,-80.33,41.08,-80.33,0,0,0,0,0,73,0,0,0
650365,2020,3,28,"2020-03-28","12:32:00",3,"IN",18,0,1,0,0,0,0,40,-86.09,40,-86.09,0,0,0,0,0,57,0,0,0
650366,2020,3,28,"2020-03-28","12:32:00",3,"IN",18,0,0.88,0,0,0,0,40.02,-86.06,40.02,-86.06,0,0,0,0,0,57,0,0,0
650367,2020,3,28,"2020-03-28","12:32:00",3,"IN",18,0,1.5,0,0,0,0,40,-86.07,40,-86.07,0,0,0,0,0,57,0,0,0
650368,2020,3,28,"2020-03-28","12:34:00",3,"IN",18,0,1,0,0,0,0,40.0408,-86.072,40.0408,-86.072,0,0,0,0,0,57,0,0,0
650369,2020,3,28,"2020-03-28","12:35:00",3,"IN",18,0,0.75,0,0,0,0,40.03,-86,40.03,-86,0,0,0,0,0,57,0,0,0
650370,2020,3,28,"2020-03-28","12:45:00",3,"IN",18,0,0.88,0,0,0,0,40.07,-85.85,40.07,-85.85,0,0,0,0,0,95,0,0,0
650371,2020,3,28,"2020-03-28","12:54:00",3,"IN",18,0,1,0,0,0,0,40.06,-85.69,40.06,-85.69,0,0,0,0,0,95,0,0,0
650372,2020,3,28,"2020-03-28","12:54:00",3,"IN",18,0,1.75,0,0,0,0,40.0739,-85.6804,40.0739,-85.6804,0,0,0,0,0,95,0,0,0
650373,2020,3,28,"2020-03-28","13:02:00",3,"IN",18,0,1,0,0,0,0,40.12,-85.56,40.12,-85.56,0,0,0,0,0,35,0,0,0
650374,2020,3,28,"2020-03-28","13:04:00",3,"PA",42,0,1.5,0,0,0,0,40.94,-79.8,40.94,-79.8,0,0,0,0,0,19,0,0,0
650375,2020,3,28,"2020-03-28","13:05:00",3,"OH",39,0,0.75,0,0,0,0,39.85,-82.61,39.85,-82.61,0,0,0,0,0,45,0,0,0
650376,2020,3,28,"2020-03-28","13:21:00",3,"PA",42,0,1,0,0,0,0,40.92,-79.46,40.92,-79.46,0,0,0,0,0,5,0,0,0
650377,2020,3,28,"2020-03-28","13:36:00",3,"OH",39,0,1,0,0,0,0,40.36,-80.85,40.36,-80.85,0,0,0,0,0,81,0,0,0
650378,2020,3,28,"2020-03-28","13:40:00",3,"TX",48,0,0.75,0,0,0,0,31.11,-96.39,31.11,-96.39,0,0,0,0,0,395,0,0,0
650379,2020,3,28,"2020-03-28","13:42:00",3,"OH",39,0,2,0,0,0,0,40.38,-80.69,40.38,-80.69,0,0,0,0,0,81,0,0,0
650380,2020,3,28,"2020-03-28","13:43:00",3,"OH",39,0,0.88,0,0,0,0,39.99,-82.31,39.99,-82.31,0,0,0,0,0,89,0,0,0
650381,2020,3,28,"2020-03-28","13:45:00",3,"OH",39,0,0.75,0,0,0,0,40.05,-82.39,40.05,-82.39,0,0,0,0,0,89,0,0,0
650382,2020,3,28,"2020-03-28","13:49:00",3,"WV",54,0,1.75,0,0,0,0,40.34,-80.6,40.34,-80.6,0,0,0,0,0,9,0,0,0
650383,2020,3,28,"2020-03-28","13:49:00",3,"IN",18,0,1.5,0,0,0,0,39.95,-86.91,39.95,-86.91,0,0,0,0,0,107,0,0,0
650384,2020,3,28,"2020-03-28","13:51:00",3,"WV",54,0,2,0,0,0,0,40.34,-80.6,40.34,-80.6,0,0,0,0,0,9,0,0,0
650385,2020,3,28,"2020-03-28","13:52:00",3,"WV",54,0,1.5,0,0,0,0,40.37,-80.54,40.37,-80.54,0,0,0,0,0,9,0,0,0
650386,2020,3,28,"2020-03-28","13:55:00",3,"OH",39,0,1,0,0,0,0,39.98,-81.79,39.98,-81.79,0,0,0,0,0,119,0,0,0
650387,2020,3,28,"2020-03-28","13:59:00",3,"PA",42,0,1,0,0,0,0,40.79,-80.13,40.79,-80.13,0,0,0,0,0,19,0,0,0
650388,2020,3,28,"2020-03-28","13:59:00",3,"PA",42,0,1,0,0,0,0,40.79,-80.14,40.79,-80.14,0,0,0,0,0,19,0,0,0
650389,2020,3,28,"2020-03-28","14:04:00",3,"PA",42,0,1.75,0,0,0,0,40.37,-80.41,40.37,-80.41,0,0,0,0,0,125,0,0,0
650390,2020,3,28,"2020-03-28","14:07:00",3,"IN",18,0,0.75,0,0,0,0,40.01,-86.62,40.01,-86.62,0,0,0,0,0,11,0,0,0
650391,2020,3,28,"2020-03-28","14:07:00",3,"IN",18,0,1,0,0,0,0,39.98,-86.62,39.98,-86.62,0,0,0,0,0,11,0,0,0
650392,2020,3,28,"2020-03-28","14:10:00",3,"PA",42,0,2.5,0,0,0,0,40.78,-79.88,40.78,-79.88,0,0,0,0,0,19,0,0,0
650393,2020,3,28,"2020-03-28","14:11:00",3,"PA",42,0,1,0,0,0,0,40.8,-79.88,40.8,-79.88,0,0,0,0,0,19,0,0,0
650394,2020,3,28,"2020-03-28","14:13:00",3,"PA",42,0,1,0,0,0,0,40.37,-80.23,40.37,-80.23,0,0,0,0,0,125,0,0,0
650395,2020,3,28,"2020-03-28","14:15:00",3,"PA",42,0,2,0,0,0,0,40.37,-80.23,40.37,-80.23,0,0,0,0,0,125,0,0,0
650396,2020,3,28,"2020-03-28","14:18:00",3,"WV",54,0,1.5,0,0,0,0,40.4,-80.61,40.4,-80.61,0,0,0,0,0,29,0,0,0
650397,2020,3,28,"2020-03-28","14:18:00",3,"PA",42,0,2,0,0,0,0,40.3,-80.32,40.3,-80.32,0,0,0,0,0,125,0,0,0
650398,2020,3,28,"2020-03-28","14:22:00",3,"IN",18,0,1,0,0,0,0,40,-86.35,40,-86.35,0,0,0,0,0,11,0,0,0
650399,2020,3,28,"2020-03-28","14:23:00",3,"PA",42,0,1.75,0,0,0,0,40.32,-80.18,40.32,-80.18,0,0,0,0,0,125,0,0,0
650400,2020,3,28,"2020-03-28","14:24:00",3,"PA",42,0,1,0,0,0,0,40.32,-80.2,40.32,-80.2,0,0,0,0,0,125,0,0,0
650401,2020,3,28,"2020-03-28","14:25:00",3,"PA",42,0,2,0,0,0,0,40.26,-80.19,40.26,-80.19,0,0,0,0,0,125,0,0,0
650402,2020,3,28,"2020-03-28","14:25:00",3,"PA",42,0,1,0,0,0,0,40.33,-80.13,40.33,-80.13,0,0,0,0,0,3,0,0,0
650403,2020,3,28,"2020-03-28","14:26:00",3,"PA",42,0,1,0,0,0,0,40.27,-80.15,40.27,-80.15,0,0,0,0,0,125,0,0,0
650404,2020,3,28,"2020-03-28","14:28:00",3,"PA",42,0,0.75,0,0,0,0,40.27,-80.1,40.27,-80.1,0,0,0,0,0,125,0,0,0
650405,2020,3,28,"2020-03-28","14:30:00",3,"PA",42,0,1,0,0,0,0,40.25,-80.14,40.25,-80.14,0,0,0,0,0,125,0,0,0
650406,2020,3,28,"2020-03-28","14:30:00",3,"PA",42,0,1,0,0,0,0,40.32,-80.04,40.32,-80.04,0,0,0,0,0,3,0,0,0
650407,2020,3,28,"2020-03-28","14:30:00",3,"PA",42,0,1.5,0,0,0,0,40.29,-80.09,40.29,-80.09,0,0,0,0,0,125,0,0,0
650408,2020,3,28,"2020-03-28","14:30:00",3,"PA",42,0,1,0,0,0,0,40.3274,-80.0374,40.3274,-80.0374,0,0,0,0,0,3,0,0,0
650409,2020,3,28,"2020-03-28","14:30:00",3,"IL",17,0,2,0,0,0,0,39.58,-87.58,39.58,-87.58,0,0,0,0,0,45,0,0,0
650410,2020,3,28,"2020-03-28","14:31:00",3,"PA",42,0,1.25,0,0,0,0,40.34,-80.08,40.34,-80.08,0,0,0,0,0,3,0,0,0
650411,2020,3,28,"2020-03-28","14:31:00",3,"IN",18,0,1,0,0,0,0,40.09,-86.22,40.09,-86.22,0,0,0,0,0,57,0,0,0
650412,2020,3,28,"2020-03-28","14:31:00",3,"IN",18,0,1,0,0,0,0,40.14,-86.22,40.14,-86.22,0,0,0,0,0,57,0,0,0
650413,2020,3,28,"2020-03-28","14:35:00",3,"PA",42,0,2.5,0,0,0,0,40.95,-79.74,40.95,-79.74,0,0,0,0,0,19,0,0,0
650414,2020,3,28,"2020-03-28","14:45:00",3,"OH",39,0,0.75,0,0,0,0,39.95,-82.01,39.95,-82.01,0,0,0,0,0,119,0,0,0
650415,2020,3,28,"2020-03-28","14:48:00",3,"IN",18,0,1.5,0,0,0,0,40.06,-86,40.06,-86,0,0,0,0,0,57,0,0,0
650416,2020,3,28,"2020-03-28","14:52:00",3,"IA",19,0,0.75,0,0,0,0,41.58,-90.46,41.58,-90.46,0,0,0,0,0,163,0,0,0
650417,2020,3,28,"2020-03-28","14:59:00",3,"IN",18,0,0.75,0,0,0,0,40.03,-86.11,40.03,-86.11,0,0,0,0,0,57,0,0,0
650418,2020,3,28,"2020-03-28","15:00:00",3,"IN",18,0,1,0,0,0,0,40.04,-86.13,40.04,-86.13,0,0,0,0,0,57,0,0,0
650419,2020,3,28,"2020-03-28","15:06:00",3,"IN",18,0,1,0,0,0,0,39.64,-86.62,39.64,-86.62,0,0,0,0,0,63,0,0,0
650420,2020,3,28,"2020-03-28","15:07:00",3,"PA",42,0,2,0,0,0,0,40.2827,-80.1918,40.2827,-80.1918,0,0,0,0,0,125,0,0,0
650421,2020,3,28,"2020-03-28","15:15:00",3,"IN",18,0,1.25,0,0,0,0,39.92,-86.79,39.92,-86.79,0,0,0,0,0,107,0,0,0
650422,2020,3,28,"2020-03-28","15:30:00",3,"IN",18,0,1,0,0,0,0,40.11,-85.68,40.11,-85.68,0,0,0,0,0,95,0,0,0
650423,2020,3,28,"2020-03-28","15:30:00",3,"IA",19,0,0.75,0,0,0,0,43.13,-93.47,43.13,-93.47,0,0,0,0,0,33,0,0,0
650424,2020,3,28,"2020-03-28","16:19:00",3,"IA",19,0,1,0,0,0,0,42.4,-94.63,42.4,-94.63,0,0,0,0,0,25,0,0,0
650425,2020,3,28,"2020-03-28","16:30:00",3,"IA",19,0,1.5,0,0,0,0,42.4,-94.63,42.4,-94.63,0,0,0,0,0,25,0,0,0
650426,2020,3,28,"2020-03-28","16:33:00",3,"IA",19,0,1.25,0,0,0,0,42.51,-94.55,42.51,-94.55,0,0,0,0,0,25,0,0,0
650427,2020,3,28,"2020-03-28","16:37:00",3,"IA",19,0,1.25,0,0,0,0,42.53,-94.54,42.53,-94.54,0,0,0,0,0,25,0,0,0
650428,2020,3,28,"2020-03-28","17:22:00",3,"OH",39,0,0.75,0,0,0,0,40.36,-83.76,40.36,-83.76,0,0,0,0,0,91,0,0,0
650429,2020,3,28,"2020-03-28","17:28:00",3,"IA",19,0,1.75,0,0,0,0,42.497,-91.9147,42.497,-91.9147,0,0,0,0,0,19,0,0,0
650430,2020,3,28,"2020-03-28","18:08:00",3,"MS",28,0,1,0,0,0,0,33.82,-91.02,33.82,-91.02,0,0,0,0,0,11,0,0,0
650431,2020,3,28,"2020-03-28","18:11:00",3,"IA",19,0,1,0,0,0,0,42.86,-91.4,42.86,-91.4,0,0,0,0,0,43,0,0,0
650432,2020,3,28,"2020-03-28","18:17:00",3,"TN",47,0,1.75,0,0,0,0,36.48,-87.83,36.48,-87.83,0,0,0,0,0,161,0,0,0
650433,2020,3,28,"2020-03-28","18:20:00",3,"IA",19,0,1,0,0,0,0,43.05,-91.39,43.05,-91.39,0,0,0,0,0,43,0,0,0
650434,2020,3,28,"2020-03-28","18:21:00",3,"IA",19,0,0.75,0,0,0,0,43.05,-91.39,43.05,-91.39,0,0,0,0,0,43,0,0,0
650435,2020,3,28,"2020-03-28","18:38:00",3,"OH",39,0,1,0,0,0,0,40.11,-83.39,40.11,-83.39,0,0,0,0,0,159,0,0,0
650436,2020,3,28,"2020-03-28","18:41:00",3,"LA",22,0,1,0,0,0,0,32.1395,-92.0638,32.1395,-92.0638,0,0,0,0,0,21,0,0,0
650437,2020,3,28,"2020-03-28","19:25:00",3,"LA",22,0,1,0,0,0,0,32.4455,-91.53,32.4455,-91.53,0,0,0,0,0,83,0,0,0
650438,2020,3,28,"2020-03-28","19:31:00",3,"KY",21,0,0.75,0,0,0,0,37.74,-87.29,37.74,-87.29,0,0,0,0,0,59,0,0,0
650439,2020,3,28,"2020-03-28","20:25:00",3,"MS",28,0,1.5,0,0,25000,0,33.9178,-90.4987,33.9178,-90.4987,0,0,0,0,0,133,0,0,0
650440,2020,3,28,"2020-03-28","20:58:00",3,"MS",28,0,1.5,0,0,0,0,34.2223,-90.0569,34.2295,-89.9252,0,0,0,0,0,107,0,0,0
650441,2020,3,28,"2020-03-28","21:22:00",3,"OH",39,0,1,0,0,0,0,40.16,-81.13,40.16,-81.13,0,0,0,0,0,13,0,0,0
650442,2020,3,28,"2020-03-28","23:35:00",3,"TN",47,0,1.25,0,0,0,0,35.08,-87.45,35.08,-87.45,0,0,0,0,0,99,0,0,0
650443,2020,3,28,"2020-03-28","23:39:00",3,"TN",47,0,1,0,0,0,0,35.17,-87.35,35.17,-87.35,0,0,0,0,0,99,0,0,0
650444,2020,3,29,"2020-03-29","00:03:00",3,"MS",28,0,0.75,0,0,0,0,34.27,-88.77,34.27,-88.77,0,0,0,0,0,81,0,0,0
650445,2020,3,29,"2020-03-29","00:20:00",3,"MS",28,0,1,0,0,0,0,32.55,-89.59,32.57,-89.53,0,0,0,0,0,123,0,0,0
650446,2020,3,29,"2020-03-29","00:23:00",3,"MS",28,0,1.5,0,0,50000,0,32.58,-89.525,32.66,-89.325,0,0,0,0,0,79,0,0,0
650447,2020,3,29,"2020-03-29","00:30:00",3,"TN",47,0,1.75,0,0,0,0,35.22,-86.75,35.22,-86.75,0,0,0,0,0,103,0,0,0
650448,2020,3,29,"2020-03-29","00:34:00",3,"MS",28,0,1.25,0,0,25000,0,33.01,-89.08,33.01,-89.08,0,0,0,0,0,159,0,0,0
650449,2020,3,29,"2020-03-29","00:35:00",3,"MS",28,0,2.75,0,0,1e+06,0,32.67,-89.31,32.855,-88.925,0,0,0,0,0,99,0,0,0
650450,2020,3,29,"2020-03-29","00:47:00",3,"TN",47,0,0.75,0,0,0,0,35.63,-86.25,35.63,-86.25,0,0,0,0,0,31,0,0,0
650451,2020,3,29,"2020-03-29","00:51:00",3,"MS",28,0,1,0,0,0,0,33.65,-88.48,33.65,-88.48,0,0,0,0,0,87,0,0,0
650452,2020,3,29,"2020-03-29","00:54:00",3,"MS",28,0,1,0,0,0,0,33.564,-88.317,33.564,-88.317,0,0,0,0,0,87,0,0,0
650453,2020,3,29,"2020-03-29","00:55:00",3,"MS",28,0,1.5,0,0,50000,0,33.68,-88.32,33.68,-88.32,0,0,0,0,0,87,0,0,0
650454,2020,3,29,"2020-03-29","01:12:00",3,"AL",1,0,3,0,0,0,0,33.7186,-88.1002,33.7186,-88.1002,0,0,0,0,0,75,0,0,0
650455,2020,3,29,"2020-03-29","01:22:00",3,"MS",28,0,1.75,0,0,50000,0,32.98,-88.57,32.98,-88.57,0,0,0,0,0,103,0,0,0
650456,2020,3,29,"2020-03-29","13:16:00",3,"NY",36,0,0.75,0,0,0,0,42.76,-78.09,42.76,-78.09,0,0,0,0,0,121,0,0,0
650457,2020,3,29,"2020-03-29","15:22:00",3,"NY",36,0,1,0,0,0,0,44.24,-75.65,44.24,-75.65,0,0,0,0,0,45,0,0,0
650458,2020,3,29,"2020-03-29","15:33:00",3,"NY",36,0,1,0,0,0,0,44.31,-75.47,44.31,-75.47,0,0,0,0,0,89,0,0,0
650459,2020,3,29,"2020-03-29","15:36:00",3,"NY",36,0,0.75,0,0,0,0,44.34,-75.47,44.34,-75.47,0,0,0,0,0,89,0,0,0
650460,2020,3,29,"2020-03-29","16:26:00",3,"NY",36,0,0.88,0,0,0,0,42.8,-76.56,42.8,-76.56,0,0,0,0,0,11,0,0,0
650461,2020,3,29,"2020-03-29","18:47:00",3,"MA",25,0,1,0,0,0,0,42.57,-73.02,42.57,-73.02,0,0,0,0,0,3,0,0,0
650462,2020,3,29,"2020-03-29","18:50:00",3,"MA",25,0,1.25,0,0,0,0,42.2074,-71.935,42.2074,-71.935,0,0,0,0,0,27,0,0,0
650463,2020,3,29,"2020-03-29","18:56:00",3,"MA",25,0,1.75,0,0,0,0,42.27,-71.81,42.27,-71.81,0,0,0,0,0,27,0,0,0
650464,2020,3,29,"2020-03-29","19:02:00",3,"MA",25,0,0.75,0,0,0,0,42.78,-71.09,42.78,-71.09,0,0,0,0,0,9,0,0,0
650465,2020,3,29,"2020-03-29","19:20:00",3,"RI",44,0,1,0,0,0,0,42,-71.5,42,-71.5,0,0,0,0,0,7,0,0,0
650466,2020,3,29,"2020-03-29","20:05:00",3,"MA",25,0,1,0,0,0,0,41.66,-70.94,41.66,-70.94,0,0,0,0,0,5,0,0,0
650467,2020,3,29,"2020-03-29","20:07:00",3,"MA",25,0,0.75,0,0,0,0,41.6792,-70.9235,41.6792,-70.9235,0,0,0,0,0,5,0,0,0
650468,2020,3,30,"2020-03-30","16:52:00",3,"OK",40,0,0.88,0,0,0,0,36.6,-101.63,36.6,-101.63,0,0,0,0,0,139,0,0,0
650469,2020,3,30,"2020-03-30","17:37:00",3,"KS",20,0,0.88,0,0,0,0,38.9469,-101.4936,38.9469,-101.4936,0,0,0,0,0,199,0,0,0
650470,2020,3,31,"2020-03-31","18:15:00",3,"ND",38,0,1,0,0,0,0,46.6,-101.53,46.6,-101.53,0,0,0,0,0,37,0,0,0
650471,2020,3,31,"2020-03-31","18:39:00",3,"ND",38,0,0.75,0,0,0,0,46.59,-101.36,46.59,-101.36,0,0,0,0,0,37,0,0,0
650472,2020,3,31,"2020-03-31","18:44:00",3,"ND",38,0,1,0,0,0,0,46.64,-101.39,46.64,-101.39,0,0,0,0,0,59,0,0,0
649965,2020,3,1,"2020-03-01","17:50:00",3,"AR",5,0,0.88,0,0,0,0,35.788,-90.7435,35.83,-90.65,0,0,0,0,0,31,0,0,0
649966,2020,3,1,"2020-03-01","18:55:00",3,"AR",5,0,0.88,0,0,0,0,35.9,-90.35,35.9,-90.35,0,0,0,0,0,31,0,0,0
649967,2020,3,1,"2020-03-01","18:58:00",3,"AR",5,0,1.75,0,0,0,0,35.9077,-90.3021,35.9447,-90.2237,0,0,0,0,0,93,0,0,0
649968,2020,3,1,"2020-03-01","20:00:00",3,"TX",48,0,0.88,0,0,0,0,34.1277,-99.3333,34.1277,-99.3333,0,0,0,0,0,487,0,0,0
649969,2020,3,1,"2020-03-01","21:45:00",3,"MO",29,0,0.88,0,0,0,0,37.14,-94.08,37.14,-94.08,0,0,0,0,0,97,0,0,0
649970,2020,3,1,"2020-03-01","22:05:00",3,"MO",29,0,0.75,0,0,0,0,37.15,-94.43,37.15,-94.43,0,0,0,0,0,97,0,0,0
649971,2020,3,1,"2020-03-01","22:47:00",3,"MO",29,0,1,0,0,0,0,37.21,-93.84,37.21,-93.84,0,0,0,0,0,109,0,0,0
649972,2020,3,2,"2020-03-02","17:15:00",3,"KY",21,0,1,0,0,0,0,37.07,-88.98,37.08,-88.9,0,0,0,0,0,7,0,0,0
649973,2020,3,2,"2020-03-02","17:22:00",3,"MO",29,0,0.88,0,0,0,0,37.33,-91.96,37.33,-91.96,0,0,0,0,0,215,0,0,0
649974,2020,3,2,"2020-03-02","17:45:00",3,"IL",17,0,1,0,0,0,0,37.15,-88.73,37.15,-88.73,0,0,0,0,0,127,0,0,0
649975,2020,3,2,"2020-03-02","17:49:00",3,"KY",21,0,1.75,0,0,0,0,37.1067,-88.6161,37.08,-88.63,0,0,0,0,0,145,0,0,0
649976,2020,3,2,"2020-03-02","18:00:00",3,"MO",29,0,2.25,0,0,1200,0,37.16,-91.2847,37.16,-91.2847,0,0,0,0,0,203,0,0,0
649977,2020,3,2,"2020-03-02","18:00:00",3,"MO",29,0,1,0,0,0,0,37.65,-91.19,37.65,-91.19,0,0,0,0,0,65,0,0,0
649978,2020,3,2,"2020-03-02","18:05:00",3,"MO",29,0,1.25,0,0,0,0,37.18,-91.12,37.18,-91.12,0,0,0,0,0,203,0,0,0
649979,2020,3,2,"2020-03-02","18:05:00",3,"MO",29,0,1.5,0,0,500,0,36.5208,-92.1392,36.5208,-92.1392,0,0,0,0,0,153,0,0,0
649980,2020,3,2,"2020-03-02","18:06:00",3,"MO",29,0,1,0,0,0,0,36.65,-92.39,36.65,-92.39,0,0,0,0,0,153,0,0,0
649981,2020,3,2,"2020-03-02","18:08:00",3,"MO",29,0,1,0,0,0,0,36.93,-90.84,36.93,-90.84,0,0,0,0,0,35,0,0,0
649982,2020,3,2,"2020-03-02","18:10:00",3,"AR",5,0,0.88,0,0,0,0,36.41,-92.91,36.41,-92.91,0,0,0,0,0,9,0,0,0
649983,2020,3,2,"2020-03-02","18:12:00",3,"MO",29,0,1.5,0,0,500,0,37.26,-91.43,37.26,-91.43,0,0,0,0,0,203,0,0,0
649984,2020,3,2,"2020-03-02","18:27:00",3,"MO",29,0,0.75,0,0,0,0,36.75,-91.8,36.75,-91.8,0,0,0,0,0,91,0,0,0
649985,2020,3,2,"2020-03-02","18:30:00",3,"MO",29,0,1,0,0,0,0,37.5296,-90.9346,37.5296,-90.9346,0,0,0,0,0,179,0,0,0
649986,2020,3,2,"2020-03-02","18:40:00",3,"MO",29,0,1,0,0,0,0,37.146,-90.8995,37.146,-90.8995,0,0,0,0,0,179,0,0,0
649987,2020,3,2,"2020-03-02","18:41:00",3,"MO",29,0,1,0,0,0,0,37.8523,-90.5189,37.8523,-90.5189,0,0,0,0,0,187,0,0,0
649988,2020,3,2,"2020-03-02","18:45:00",3,"AR",5,0,0.75,0,0,0,0,36.46,-92.57,36.46,-92.57,0,0,0,0,0,89,0,0,0
649989,2020,3,2,"2020-03-02","18:45:00",3,"MO",29,0,1,0,0,0,0,36.86,-91.79,36.86,-91.79,0,0,0,0,0,91,0,0,0
649990,2020,3,2,"2020-03-02","18:50:00",3,"KY",21,0,1,0,0,0,0,37.05,-88.07,37.05,-88.07,0,0,0,0,0,143,0,0,0
649991,2020,3,2,"2020-03-02","18:53:00",3,"MO",29,0,1,0,0,0,0,37.4776,-90.3,37.4776,-90.3,0,0,0,0,0,123,0,0,0
649992,2020,3,2,"2020-03-02","19:11:00",3,"MO",29,0,1.5,0,0,0,0,37.0432,-90.47,37.0432,-90.47,0,0,0,0,0,223,0,0,0
649993,2020,3,2,"2020-03-02","19:12:00",3,"MO",29,0,1,0,0,0,0,37,-91.41,37,-91.41,0,0,0,0,0,203,0,0,0
649994,2020,3,2,"2020-03-02","19:17:00",3,"MO",29,0,0.75,0,0,0,0,37.0579,-91.02,37.0579,-91.02,0,0,0,0,0,35,0,0,0
649995,2020,3,2,"2020-03-02","19:30:00",3,"MO",29,0,1,0,0,0,0,37.0666,-90.2697,37.0666,-90.2697,0,0,0,0,0,223,0,0,0
649996,2020,3,2,"2020-03-02","19:32:00",3,"KY",21,0,0.75,0,0,0,0,37.17,-87.7,37.17,-87.7,0,0,0,0,0,107,0,0,0
649997,2020,3,2,"2020-03-02","19:33:00",3,"MO",29,0,0.88,0,0,0,0,37.72,-89.87,37.72,-89.87,0,0,0,0,0,157,0,0,0
649998,2020,3,2,"2020-03-02","19:40:00",3,"IL",17,0,1,0,0,0,0,38.392,-89.487,38.392,-89.487,0,0,0,0,0,189,0,0,0
649999,2020,3,2,"2020-03-02","19:43:00",3,"MO",29,0,1.5,0,0,0,0,37.1033,-90.4561,37.1033,-90.4561,0,0,0,0,0,223,0,0,0
650000,2020,3,2,"2020-03-02","19:52:00",3,"MO",29,0,0.75,0,0,0,0,37.0921,-90.08,37.0921,-90.08,0,0,0,0,0,17,0,0,0
650001,2020,3,2,"2020-03-02","20:02:00",3,"KY",21,0,1,0,0,0,0,37.03,-87.48,37.03,-87.48,0,0,0,0,0,47,0,0,0
650002,2020,3,2,"2020-03-02","20:42:00",3,"IL",17,0,1,0,0,0,0,37.45,-88.3,37.45,-88.3,0,0,0,0,0,69,0,0,0
650003,2020,3,2,"2020-03-02","21:09:00",3,"MO",29,0,1.5,0,0,0,0,36.6,-90.7,36.6,-90.7,0,0,0,0,0,181,0,0,0
650004,2020,3,2,"2020-03-02","21:17:00",3,"KY",21,0,1,0,0,0,0,37.05,-86.74,37.05,-86.74,0,0,0,0,0,31,0,0,0
650005,2020,3,2,"2020-03-02","21:35:00",3,"KY",21,0,0.75,0,0,0,0,37,-88.92,37,-88.92,0,0,0,0,0,7,0,0,0
650006,2020,3,2,"2020-03-02","21:35:00",3,"KY",21,0,1,0,0,0,0,37.42,-87.48,37.42,-87.48,0,0,0,0,0,107,0,0,0
650007,2020,3,2,"2020-03-02","21:57:00",3,"KY",21,0,1,0,0,0,0,37.02,-86.38,37.02,-86.38,0,0,0,0,0,227,0,0,0
650008,2020,3,2,"2020-03-02","22:05:00",3,"KY",21,0,1,0,0,0,0,37.01,-86.35,37.01,-86.35,0,0,0,0,0,227,0,0,0
650009,2020,3,2,"2020-03-02","22:22:00",3,"KY",21,0,0.75,0,0,0,0,37,-88.92,37,-88.92,0,0,0,0,0,7,0,0,0
650010,2020,3,2,"2020-03-02","23:07:00",3,"TN",47,0,1.5,0,0,0,0,36.05,-88.1,36.05,-88.1,0,0,0,0,0,5,0,0,0
650011,2020,3,2,"2020-03-02","23:52:00",3,"TN",47,0,1.75,0,0,0,0,36.18,-87.45,36.18,-87.45,0,0,0,0,0,43,0,0,0
650012,2020,3,3,"2020-03-03","00:04:00",3,"TN",47,0,3,0,0,15000,0,36.18,-87.33,36.18,-87.33,0,0,0,0,0,43,0,0,0
650013,2020,3,3,"2020-03-03","00:07:00",3,"TN",47,0,1,0,0,0,0,36.23,-87.45,36.23,-87.45,0,0,0,0,0,43,0,0,0
650014,2020,3,3,"2020-03-03","00:16:00",3,"AR",5,0,1,0,0,0,0,35.9,-90.8,35.9,-90.8,0,0,0,0,0,31,0,0,0
650015,2020,3,3,"2020-03-03","00:30:00",3,"AR",5,0,1,0,0,0,0,35.9893,-90.616,35.9893,-90.616,0,0,0,0,0,55,0,0,0
650016,2020,3,3,"2020-03-03","00:53:00",3,"KY",21,0,0.88,0,0,0,0,36.55,-88.15,36.55,-88.15,0,0,0,0,0,35,0,0,0
650017,2020,3,3,"2020-03-03","00:55:00",3,"KY",21,0,0.75,0,0,0,0,37.11,-84.04,37.11,-84.04,0,0,0,0,0,125,0,0,0
650018,2020,3,3,"2020-03-03","01:15:00",3,"IL",17,0,0.75,0,0,0,0,38.73,-88.08,38.73,-88.08,0,0,0,0,0,159,0,0,0
650019,2020,3,3,"2020-03-03","01:45:00",3,"KY",21,0,1,0,0,0,0,36.57,-89.18,36.57,-89.18,0,0,0,0,0,75,0,0,0
650020,2020,3,3,"2020-03-03","01:45:00",3,"TN",47,0,1.25,0,0,0,0,35.7991,-88.2824,35.7991,-88.2824,0,0,0,0,0,77,0,0,0
650021,2020,3,3,"2020-03-03","01:52:00",3,"TN",47,0,1.5,0,0,0,0,35.7079,-88.13,35.7079,-88.13,0,0,0,0,0,39,0,0,0
650022,2020,3,3,"2020-03-03","02:00:00",3,"TN",47,0,2,0,0,0,0,35.757,-88.0754,35.757,-88.0754,0,0,0,0,0,39,0,0,0
650023,2020,3,3,"2020-03-03","02:25:00",3,"TN",47,0,1.25,0,0,0,0,36.15,-85.03,36.15,-85.03,0,0,0,0,0,35,0,0,0
650024,2020,3,3,"2020-03-03","13:43:00",3,"OH",39,0,0.75,0,0,0,0,39,-81.97,39,-81.97,0,0,0,0,0,105,0,0,0
650025,2020,3,3,"2020-03-03","14:48:00",3,"WV",54,0,0.88,0,0,0,0,38.72,-81.31,38.72,-81.31,0,0,0,0,0,87,0,0,0
650026,2020,3,4,"2020-03-04","02:02:00",3,"MS",28,0,1,0,0,0,0,32.64,-89.07,32.64,-89.07,0,0,0,0,0,99,0,0,0
650027,2020,3,4,"2020-03-04","02:04:00",3,"MS",28,0,0.88,0,0,0,0,32.63,-90.5,32.63,-90.5,0,0,0,0,0,163,0,0,0
650028,2020,3,4,"2020-03-04","02:20:00",3,"MS",28,0,1,0,0,0,0,32.55,-90.32,32.55,-90.32,0,0,0,0,0,89,0,0,0
650029,2020,3,4,"2020-03-04","02:31:00",3,"MS",28,0,0.7,0,0,50000,0,32.52,-90.12,32.52,-90.12,0,0,0,0,0,89,0,0,0
650030,2020,3,4,"2020-03-04","02:48:00",3,"MS",28,0,2.5,0,0,15000,0,32.48,-89.82,32.48,-89.82,0,0,0,0,0,121,0,0,0
650031,2020,3,4,"2020-03-04","02:58:00",3,"MS",28,0,2.5,0,0,50000,0,32.49,-89.69,32.4588,-89.6536,0,0,0,0,0,123,0,0,0
650032,2020,3,4,"2020-03-04","03:13:00",3,"MS",28,0,1,0,0,0,0,32.49,-89.49,32.49,-89.49,0,0,0,0,0,123,0,0,0
650033,2020,3,4,"2020-03-04","04:20:00",3,"MS",28,0,1,0,0,0,0,31.86,-90.02,31.86,-90.02,0,0,0,0,0,127,0,0,0
650034,2020,3,4,"2020-03-04","05:15:00",3,"TX",48,0,1,0,0,0,0,31.4059,-94.0578,31.4059,-94.0578,0,0,0,0,0,405,0,0,0
650035,2020,3,4,"2020-03-04","05:19:00",3,"MS",28,0,2.5,0,0,5e+05,0,31.696,-89.21,31.58,-89.06,0,0,0,0,0,67,0,0,0
650036,2020,3,4,"2020-03-04","05:27:00",3,"TX",48,0,1,0,0,0,0,29.76,-98.69,29.76,-98.69,0,0,0,0,0,259,0,0,0
650037,2020,3,4,"2020-03-04","05:46:00",3,"MS",28,0,1,0,0,0,0,31.6898,-88.832,31.6898,-88.832,0,0,0,0,0,153,0,0,0
650038,2020,3,4,"2020-03-04","06:15:00",3,"LA",22,0,0.88,0,0,0,0,32.4153,-93.8128,32.4153,-93.8128,0,0,0,0,0,17,0,0,0
650039,2020,3,4,"2020-03-04","06:18:00",3,"LA",22,0,1,0,0,0,0,32.4707,-93.7502,32.4707,-93.7502,0,0,0,0,0,17,0,0,0
650040,2020,3,4,"2020-03-04","06:25:00",3,"LA",22,0,0.88,0,0,0,0,32.5285,-93.706,32.5285,-93.706,0,0,0,0,0,15,0,0,0
650041,2020,3,4,"2020-03-04","06:45:00",3,"TX",48,0,1,0,0,0,0,31.954,-95.265,31.954,-95.265,0,0,0,0,0,73,0,0,0
650042,2020,3,4,"2020-03-04","06:45:00",3,"TX",48,0,1,0,0,0,0,31.9635,-95.2705,31.9635,-95.2705,0,0,0,0,0,73,0,0,0
650043,2020,3,4,"2020-03-04","06:50:00",3,"TX",48,0,1,0,0,0,0,32.0378,-94.7342,32.0378,-94.7342,0,0,0,0,0,401,0,0,0
650044,2020,3,4,"2020-03-04","07:43:00",3,"LA",22,0,1,0,0,0,0,32.2878,-93.8246,32.2878,-93.8246,0,0,0,0,0,31,0,0,0
650045,2020,3,4,"2020-03-04","07:45:00",3,"LA",22,0,1,0,0,0,0,32.1917,-93.8214,32.1917,-93.8214,0,0,0,0,0,31,0,0,0
650046,2020,3,4,"2020-03-04","07:45:00",3,"LA",22,0,1,0,0,0,0,32.3535,-93.8055,32.3535,-93.8055,0,0,0,0,0,17,0,0,0
650047,2020,3,4,"2020-03-04","07:45:00",3,"LA",22,0,1,0,0,0,0,32.2839,-93.7856,32.2839,-93.7856,0,0,0,0,0,31,0,0,0
650048,2020,3,4,"2020-03-04","07:53:00",3,"LA",22,0,1,0,0,0,0,32.4033,-93.7538,32.4033,-93.7538,0,0,0,0,0,17,0,0,0
650049,2020,3,4,"2020-03-04","08:40:00",3,"TX",48,0,0.75,0,0,0,0,30.77,-96.7,30.77,-96.7,0,0,0,0,0,331,0,0,0
650050,2020,3,4,"2020-03-04","09:09:00",3,"TX",48,0,1,0,0,0,0,30.79,-96.42,30.79,-96.42,0,0,0,0,0,41,0,0,0
650051,2020,3,4,"2020-03-04","09:10:00",3,"TX",48,0,1,0,0,0,0,30.78,-96.49,30.78,-96.49,0,0,0,0,0,395,0,0,0
650052,2020,3,4,"2020-03-04","09:53:00",3,"MS",28,0,1.75,0,0,250000,0,32.18,-90.34,32.1788,-90.2445,0,0,0,0,0,49,0,0,0
650053,2020,3,4,"2020-03-04","09:55:00",3,"MS",28,0,1.75,0,0,150000,0,32.0967,-90.304,32.0967,-90.304,0,0,0,0,0,49,0,0,0
650054,2020,3,4,"2020-03-04","09:58:00",3,"MS",28,0,2,0,0,3e+05,0,32.13,-90.23,32.2,-89.86,0,0,0,0,0,121,0,0,0
650055,2020,3,4,"2020-03-04","14:43:00",3,"LA",22,0,0.88,0,0,0,0,30.21,-93.2,30.21,-93.2,0,0,0,0,0,19,0,0,0
650056,2020,3,4,"2020-03-04","14:50:00",3,"GA",13,0,0.88,0,0,0,0,31.72,-82.7,31.72,-82.7,0,0,0,0,0,161,0,0,0
650057,2020,3,5,"2020-03-05","04:24:00",3,"AL",1,0,1.75,0,0,0,0,31.11,-86.04,31.11,-86.04,0,0,0,0,0,61,0,0,0
650058,2020,3,5,"2020-03-05","04:45:00",3,"AL",1,0,1,0,0,0,0,31.4,-85.72,31.4,-85.72,0,0,0,0,0,45,0,0,0
650059,2020,3,5,"2020-03-05","05:00:00",3,"AL",1,0,1,0,0,0,0,31.56,-85.53,31.56,-85.53,0,0,0,0,0,45,0,0,0
650060,2020,3,5,"2020-03-05","08:45:00",3,"GA",13,0,0.75,0,0,0,0,32.12,-81.25,32.12,-81.25,0,0,0,0,0,51,0,0,0
651102,2020,4,10,"2020-04-10","16:22:00",3,"TX",48,0,1.5,0,0,0,0,31.1397,-102.68,31.1397,-102.68,0,0,0,0,0,371,0,0,0
651103,2020,4,10,"2020-04-10","17:18:00",3,"TX",48,0,1,0,0,0,0,31.53,-103.13,31.53,-103.13,0,0,0,0,0,475,0,0,0
651104,2020,4,10,"2020-04-10","17:30:00",3,"TX",48,0,1,0,0,0,0,31.85,-102.4552,31.85,-102.4552,0,0,0,0,0,135,0,0,0
651105,2020,4,10,"2020-04-10","17:31:00",3,"TX",48,0,2.75,0,0,0,0,31.2529,-102.4213,31.2529,-102.4213,0,0,0,0,0,103,0,0,0
651106,2020,4,10,"2020-04-10","18:20:00",3,"TX",48,0,1.75,0,0,500,0,31.1688,-101.9598,31.1688,-101.9598,0,0,0,0,0,461,0,0,0
651107,2020,4,10,"2020-04-10","18:31:00",3,"TX",48,0,1,0,0,0,0,31.13,-102.1455,31.13,-102.1455,0,0,0,0,0,461,0,0,0
651108,2020,4,10,"2020-04-10","18:42:00",3,"TX",48,0,1.75,0,0,0,0,31.1688,-101.9598,31.1688,-101.9598,0,0,0,0,0,461,0,0,0
651109,2020,4,10,"2020-04-10","18:46:00",3,"TX",48,0,1,0,0,0,0,32.5006,-102.0684,32.5006,-102.0684,0,0,0,0,0,317,0,0,0
651110,2020,4,10,"2020-04-10","18:55:00",3,"TX",48,0,1.75,0,0,0,0,32.2206,-102.6798,32.2206,-102.6798,0,0,0,0,0,3,0,0,0
651111,2020,4,10,"2020-04-10","20:05:00",3,"TX",48,0,1.75,0,0,0,0,30.99,-101.52,30.99,-101.52,0,0,0,0,0,105,0,0,0
651112,2020,4,10,"2020-04-10","20:26:00",3,"TX",48,0,0.88,0,0,0,0,33.1163,-101.2765,33.1163,-101.2765,0,0,0,0,0,169,0,0,0
651113,2020,4,10,"2020-04-10","21:50:00",3,"TX",48,0,1.75,0,0,0,0,31.68,-102.32,31.68,-102.32,0,0,0,0,0,135,0,0,0
651114,2020,4,11,"2020-04-11","09:20:00",3,"TX",48,0,1,0,0,0,0,32.93,-99.02,32.93,-99.02,0,0,0,0,0,429,0,0,0
651115,2020,4,11,"2020-04-11","09:20:00",3,"TX",48,0,0.88,0,0,0,0,32.97,-98.99,32.97,-98.99,0,0,0,0,0,447,0,0,0
651116,2020,4,11,"2020-04-11","09:45:00",3,"TX",48,0,0.75,0,0,0,0,32.01,-97.24,32.01,-97.24,0,0,0,0,0,217,0,0,0
651117,2020,4,11,"2020-04-11","10:19:00",3,"TX",48,0,0.88,0,0,0,0,33.06,-97.48,33.06,-97.48,0,0,0,0,0,497,0,0,0
651118,2020,4,11,"2020-04-11","13:46:00",3,"OK",40,0,1,0,0,0,0,34.32,-98.69,34.32,-98.69,0,0,0,0,0,141,0,0,0
651119,2020,4,11,"2020-04-11","13:50:00",3,"TX",48,0,1.25,0,0,0,0,33.1076,-100.4,33.1076,-100.4,0,0,0,0,0,433,0,0,0
651120,2020,4,11,"2020-04-11","14:07:00",3,"OK",40,0,1,0,0,0,0,34.44,-97.96,34.44,-97.96,0,0,0,0,0,137,0,0,0
651121,2020,4,11,"2020-04-11","14:10:00",3,"OK",40,0,0.88,0,0,0,0,34.5,-97.96,34.5,-97.96,0,0,0,0,0,137,0,0,0
651122,2020,4,11,"2020-04-11","14:19:00",3,"TX",48,0,1.75,0,0,0,0,33.15,-100.23,33.15,-100.23,0,0,0,0,0,433,0,0,0
651123,2020,4,11,"2020-04-11","14:38:00",3,"MO",29,0,0.88,0,0,0,0,40.45,-92.17,40.45,-92.17,0,0,0,0,0,199,0,0,0
651124,2020,4,11,"2020-04-11","14:45:00",3,"OK",40,0,1,0,0,0,0,34.51,-97.35,34.51,-97.35,0,0,0,0,0,99,0,0,0
651125,2020,4,11,"2020-04-11","14:45:00",3,"TX",48,0,1.75,0,0,0,0,33.19,-99.96,33.19,-99.96,0,0,0,0,0,207,0,0,0
651126,2020,4,11,"2020-04-11","14:55:00",3,"TX",48,0,1.5,0,0,0,0,33.19,-99.88,33.19,-99.88,0,0,0,0,0,207,0,0,0
651127,2020,4,11,"2020-04-11","15:05:00",3,"OK",40,0,0.75,0,0,0,0,34.71,-97.21,34.71,-97.21,0,0,0,0,0,49,0,0,0
651128,2020,4,11,"2020-04-11","15:49:00",3,"TX",48,0,1.25,0,0,0,0,34.7405,-100.1749,34.7405,-100.1749,0,0,0,0,0,75,0,0,0
651129,2020,4,11,"2020-04-11","16:11:00",3,"TX",48,0,1,0,0,0,0,34.6995,-100.5051,34.6995,-100.5051,0,0,0,0,0,191,0,0,0
651130,2020,4,11,"2020-04-11","16:25:00",3,"TX",48,0,1,0,0,0,0,34.83,-100.21,34.83,-100.21,0,0,0,0,0,87,0,0,0
651131,2020,4,11,"2020-04-11","16:55:00",3,"TX",48,0,1,0,0,0,0,31.45,-100.37,31.45,-100.37,0,0,0,0,0,451,0,0,0
651132,2020,4,11,"2020-04-11","17:05:00",3,"KS",20,0,0.75,0,0,0,0,38.05,-97.36,38.05,-97.36,0,0,0,0,0,79,0,0,0
651133,2020,4,11,"2020-04-11","17:07:00",3,"TX",48,0,1.75,0,0,0,0,32.76,-99.9,32.76,-99.9,0,0,0,0,0,253,0,0,0
651134,2020,4,11,"2020-04-11","17:08:00",3,"KS",20,0,0.88,0,0,0,0,38.35,-97.02,38.35,-97.02,0,0,0,0,0,115,0,0,0
651135,2020,4,11,"2020-04-11","17:18:00",3,"KS",20,0,1.25,0,0,0,0,38.35,-97.02,38.35,-97.02,0,0,0,0,0,115,0,0,0
651136,2020,4,11,"2020-04-11","17:21:00",3,"KS",20,0,1.75,0,0,0,0,38.32,-96.98,38.32,-96.98,0,0,0,0,0,115,0,0,0
651137,2020,4,11,"2020-04-11","17:23:00",3,"KS",20,0,2,0,0,0,0,38.3,-96.97,38.3,-96.97,0,0,0,0,0,115,0,0,0
651138,2020,4,11,"2020-04-11","17:30:00",3,"KS",20,0,0.88,0,0,0,0,38.12,-97.25,38.12,-97.25,0,0,0,0,0,79,0,0,0
651139,2020,4,11,"2020-04-11","17:33:00",3,"KS",20,0,1,0,0,0,0,38.06,-97.32,38.06,-97.32,0,0,0,0,0,79,0,0,0
651140,2020,4,11,"2020-04-11","17:36:00",3,"TX",48,0,0.75,0,0,0,0,34.4366,-100.1514,34.38,-100.07,0,0,0,0,0,75,0,0,0
651141,2020,4,11,"2020-04-11","17:37:00",3,"KS",20,0,2.75,0,0,0,0,38.32,-96.93,38.32,-96.93,0,0,0,0,0,115,0,0,0
651142,2020,4,11,"2020-04-11","17:54:00",3,"KS",20,0,1.75,0,0,0,0,38.66,-96.49,38.66,-96.49,0,0,0,0,0,127,0,0,0
651143,2020,4,11,"2020-04-11","18:05:00",3,"KS",20,0,1,0,0,0,0,38.12,-97.15,38.12,-97.15,0,0,0,0,0,115,0,0,0
651144,2020,4,11,"2020-04-11","18:15:00",3,"KS",20,0,1.75,0,0,0,0,38.77,-96.25,38.77,-96.25,0,0,0,0,0,197,0,0,0
651145,2020,4,11,"2020-04-11","18:20:00",3,"KS",20,0,2,0,0,0,0,38.37,-96.77,38.37,-96.77,0,0,0,0,0,17,0,0,0
651146,2020,4,11,"2020-04-11","18:22:00",3,"KS",20,0,1.25,0,0,0,0,38.37,-96.76,38.37,-96.76,0,0,0,0,0,17,0,0,0
651147,2020,4,11,"2020-04-11","18:25:00",3,"OK",40,0,0.88,0,0,0,0,34.64,-99.4,34.64,-99.4,0,0,0,0,0,65,0,0,0
651148,2020,4,11,"2020-04-11","18:31:00",3,"IL",17,0,1,0,0,0,0,39.6266,-89.85,39.6266,-89.85,0,0,0,0,0,167,0,0,0
651149,2020,4,11,"2020-04-11","18:32:00",3,"OK",40,0,1,0,0,0,0,34.63,-99.33,34.63,-99.33,0,0,0,0,0,65,0,0,0
651150,2020,4,11,"2020-04-11","18:36:00",3,"OK",40,0,0.75,0,0,0,0,34.67,-99.27,34.67,-99.27,0,0,0,0,0,65,0,0,0
651151,2020,4,11,"2020-04-11","18:37:00",3,"IL",17,0,0.75,0,0,0,0,39.5945,-89.75,39.5945,-89.75,0,0,0,0,0,167,0,0,0
651152,2020,4,11,"2020-04-11","18:37:00",3,"IL",17,0,1,0,0,0,0,39.6393,-89.7399,39.6393,-89.7399,0,0,0,0,0,167,0,0,0
651153,2020,4,11,"2020-04-11","18:42:00",3,"TX",48,0,1,0,0,0,0,32.78,-99.17,32.78,-99.17,0,0,0,0,0,417,0,0,0
651154,2020,4,11,"2020-04-11","18:43:00",3,"TX",48,0,2,0,0,0,0,32.76,-99.22,32.76,-99.22,0,0,0,0,0,417,0,0,0
651155,2020,4,11,"2020-04-11","18:46:00",3,"KS",20,0,1.5,0,0,0,0,38.99,-95.97,38.99,-95.97,0,0,0,0,0,197,0,0,0
651156,2020,4,11,"2020-04-11","18:47:00",3,"KS",20,0,1.5,0,0,0,0,39.02,-95.8,39.02,-95.8,0,0,0,0,0,177,0,0,0
651157,2020,4,11,"2020-04-11","18:48:00",3,"OK",40,0,1.75,0,0,0,0,34.51,-99.23,34.51,-99.23,0,0,0,0,0,65,0,0,0
651158,2020,4,11,"2020-04-11","18:48:00",3,"KS",20,0,1,0,0,0,0,39.05,-95.69,39.05,-95.69,0,0,0,0,0,177,0,0,0
651159,2020,4,11,"2020-04-11","18:49:00",3,"KS",20,0,1.5,0,0,0,0,39.02,-95.79,39.02,-95.79,0,0,0,0,0,177,0,0,0
651160,2020,4,11,"2020-04-11","18:49:00",3,"KS",20,0,1.75,0,0,0,0,39.02,-95.8,39.02,-95.8,0,0,0,0,0,177,0,0,0
651161,2020,4,11,"2020-04-11","18:50:00",3,"KS",20,0,1,0,0,0,0,39.06,-95.77,39.06,-95.77,0,0,0,0,0,177,0,0,0
651162,2020,4,11,"2020-04-11","18:53:00",3,"KS",20,0,1.75,0,0,0,0,39.04,-95.73,39.04,-95.73,0,0,0,0,0,177,0,0,0
651163,2020,4,11,"2020-04-11","18:53:00",3,"KS",20,0,1,0,0,0,0,38.99,-95.72,38.99,-95.72,0,0,0,0,0,177,0,0,0
651164,2020,4,11,"2020-04-11","18:54:00",3,"KS",20,0,1.25,0,0,0,0,39,-95.68,39,-95.68,0,0,0,0,0,177,0,0,0
651165,2020,4,11,"2020-04-11","18:54:00",3,"KS",20,0,1,0,0,0,0,39.01,-95.76,39.01,-95.76,0,0,0,0,0,177,0,0,0
651166,2020,4,11,"2020-04-11","18:56:00",3,"KS",20,0,1.5,0,0,0,0,39.02,-95.76,39.02,-95.76,0,0,0,0,0,177,0,0,0
651167,2020,4,11,"2020-04-11","19:00:00",3,"TX",48,0,1.75,0,0,0,0,29.45,-101.05,29.45,-101.05,0,0,0,0,0,465,0,0,0
651168,2020,4,11,"2020-04-11","19:00:00",3,"KS",20,0,1.5,0,0,0,0,39.07,-95.63,39.07,-95.63,0,0,0,0,0,177,0,0,0
651169,2020,4,11,"2020-04-11","19:02:00",3,"TX",48,0,1.75,0,0,0,0,29.41,-100.93,29.41,-100.93,0,0,0,0,0,465,0,0,0
651170,2020,4,11,"2020-04-11","19:03:00",3,"OK",40,0,1,0,0,0,0,34.5,-99.07,34.5,-99.07,0,0,0,0,0,141,0,0,0
651171,2020,4,11,"2020-04-11","19:04:00",3,"KS",20,0,1.75,0,0,0,0,39.07,-95.57,39.07,-95.57,0,0,0,0,0,87,0,0,0
651172,2020,4,11,"2020-04-11","19:05:00",3,"TX",48,0,1,0,0,0,0,29.4,-100.9,29.4,-100.9,0,0,0,0,0,465,0,0,0
651173,2020,4,11,"2020-04-11","19:05:00",3,"MO",29,0,0.88,0,0,0,0,39.21,-94.68,39.21,-94.68,0,0,0,0,0,165,0,0,0
651174,2020,4,11,"2020-04-11","19:06:00",3,"KS",20,0,1.75,0,0,0,0,39.46,-95.7,39.46,-95.7,0,0,0,0,0,85,0,0,0
651175,2020,4,11,"2020-04-11","19:06:00",3,"KS",20,0,1.75,0,0,0,0,39.46,-95.75,39.46,-95.75,0,0,0,0,0,85,0,0,0
651176,2020,4,11,"2020-04-11","19:06:00",3,"KS",20,0,1.75,0,0,0,0,39.14,-95.57,39.14,-95.57,0,0,0,0,0,87,0,0,0
651177,2020,4,11,"2020-04-11","19:06:00",3,"KS",20,0,1.75,0,0,0,0,39.16,-95.57,39.16,-95.57,0,0,0,0,0,87,0,0,0
651178,2020,4,11,"2020-04-11","19:07:00",3,"OK",40,0,1.75,0,0,0,0,34.51,-99.03,34.51,-99.03,0,0,0,0,0,141,0,0,0
651179,2020,4,11,"2020-04-11","19:07:00",3,"KS",20,0,1,0,0,0,0,39.04,-95.61,39.04,-95.61,0,0,0,0,0,177,0,0,0
651180,2020,4,11,"2020-04-11","19:10:00",3,"TX",48,0,2.75,0,0,0,0,29.39,-100.92,29.39,-100.92,0,0,0,0,0,465,0,0,0
651181,2020,4,11,"2020-04-11","19:10:00",3,"MO",29,0,1,0,0,0,0,39.25,-94.63,39.25,-94.63,0,0,0,0,0,165,0,0,0
651182,2020,4,11,"2020-04-11","19:12:00",3,"KS",20,0,1.5,0,0,0,0,39.17,-95.53,39.17,-95.53,0,0,0,0,0,87,0,0,0
651183,2020,4,11,"2020-04-11","19:12:00",3,"MO",29,0,1,0,0,0,0,39.25,-94.67,39.25,-94.67,0,0,0,0,0,165,0,0,0
651184,2020,4,11,"2020-04-11","19:12:00",3,"MO",29,0,1,0,0,0,0,39.23,-94.63,39.23,-94.63,0,0,0,0,0,165,0,0,0
651185,2020,4,11,"2020-04-11","19:13:00",3,"TX",48,0,1.5,0,0,0,0,29.4,-100.9,29.4,-100.9,0,0,0,0,0,465,0,0,0
651186,2020,4,11,"2020-04-11","19:14:00",3,"OK",40,0,2.75,0,0,0,0,34.43,-99.01,34.43,-99.01,0,0,0,0,0,141,0,0,0
651187,2020,4,11,"2020-04-11","19:15:00",3,"TX",48,0,3,0,0,0,0,29.37,-100.89,29.37,-100.89,0,0,0,0,0,465,0,0,0
651188,2020,4,11,"2020-04-11","19:19:00",3,"TX",48,0,2.75,0,0,0,0,29.39,-100.94,29.39,-100.94,0,0,0,0,0,465,0,0,0
651189,2020,4,11,"2020-04-11","19:20:00",3,"MO",29,0,1,0,0,0,0,39.26,-94.6,39.26,-94.6,0,0,0,0,0,165,0,0,0
651190,2020,4,11,"2020-04-11","19:25:00",3,"TX",48,0,4,0,0,1e+07,0,29.37,-100.91,29.37,-100.91,0,0,0,0,0,465,0,0,0
651191,2020,4,11,"2020-04-11","19:25:00",3,"TX",48,0,4,0,0,0,0,29.35,-100.9,29.35,-100.9,0,0,0,0,0,465,0,0,0
651192,2020,4,11,"2020-04-11","19:26:00",3,"TX",48,0,2.5,0,0,0,0,29.36,-100.78,29.36,-100.78,0,0,0,0,0,465,0,0,0
651193,2020,4,11,"2020-04-11","19:27:00",3,"TX",48,0,2.75,0,0,0,0,29.37,-100.82,29.37,-100.82,0,0,0,0,0,465,0,0,0
651194,2020,4,11,"2020-04-11","19:32:00",3,"KS",20,0,1,0,0,0,0,39.09,-95.94,39.09,-95.94,0,0,0,0,0,177,0,0,0
651195,2020,4,11,"2020-04-11","19:35:00",3,"KS",20,0,0.88,0,0,0,0,39.1,-95.85,39.1,-95.85,0,0,0,0,0,177,0,0,0
651196,2020,4,11,"2020-04-11","19:37:00",3,"KS",20,0,1,0,0,0,0,39.06,-95.77,39.06,-95.77,0,0,0,0,0,177,0,0,0
651197,2020,4,11,"2020-04-11","19:37:00",3,"KS",20,0,1,0,0,0,0,39.12,-95.84,39.12,-95.84,0,0,0,0,0,177,0,0,0
651198,2020,4,11,"2020-04-11","19:40:00",3,"KS",20,0,1,0,0,0,0,39.52,-95.4,39.52,-95.4,0,0,0,0,0,5,0,0,0
651199,2020,4,11,"2020-04-11","20:07:00",3,"OK",40,0,1,0,0,0,0,34.59,-98.44,34.59,-98.44,0,0,0,0,0,31,0,0,0
651200,2020,4,11,"2020-04-11","20:08:00",3,"TX",48,0,4,0,0,0,0,29.31,-100.42,29.31,-100.42,0,0,0,0,0,271,0,0,0
651201,2020,4,11,"2020-04-11","20:09:00",3,"OK",40,0,1.25,0,0,0,0,34.59,-98.44,34.59,-98.44,0,0,0,0,0,31,0,0,0
651202,2020,4,11,"2020-04-11","20:16:00",3,"OK",40,0,1.75,0,0,0,0,34.6,-98.35,34.6,-98.35,0,0,0,0,0,31,0,0,0
651203,2020,4,11,"2020-04-11","20:17:00",3,"OK",40,0,1.25,0,0,0,0,34.6,-98.44,34.6,-98.44,0,0,0,0,0,31,0,0,0
651204,2020,4,11,"2020-04-11","20:21:00",3,"OK",40,0,1.25,0,0,0,0,34.56,-98.29,34.56,-98.29,0,0,0,0,0,31,0,0,0
651205,2020,4,11,"2020-04-11","20:31:00",3,"MO",29,0,1.75,0,0,0,0,39.82,-94.55,39.82,-94.55,0,0,0,0,0,63,0,0,0
651206,2020,4,11,"2020-04-11","20:39:00",3,"MO",29,0,1,0,0,0,0,39.89,-94.36,39.89,-94.36,0,0,0,0,0,63,0,0,0
651207,2020,4,11,"2020-04-11","20:42:00",3,"OK",40,0,1,0,0,0,0,34.52,-97.97,34.52,-97.97,0,0,0,0,0,137,0,0,0
651208,2020,4,11,"2020-04-11","20:44:00",3,"OK",40,0,1.75,0,0,0,0,34.55,-97.97,34.55,-97.97,0,0,0,0,0,137,0,0,0
651209,2020,4,11,"2020-04-11","20:46:00",3,"OK",40,0,1,0,0,0,0,34.5,-97.96,34.5,-97.96,0,0,0,0,0,137,0,0,0
651210,2020,4,11,"2020-04-11","20:50:00",3,"OK",40,0,0.88,0,0,0,0,34.64,-97.96,34.64,-97.96,0,0,0,0,0,137,0,0,0
651211,2020,4,11,"2020-04-11","21:30:00",3,"KS",20,0,2.5,0,0,0,0,39.5,-96.4,39.5,-96.4,0,0,0,0,0,149,0,0,0
651212,2020,4,11,"2020-04-11","21:40:00",3,"KS",20,0,1.5,0,0,0,0,39.43,-96.76,39.43,-96.76,0,0,0,0,0,161,0,0,0
651213,2020,4,11,"2020-04-11","21:41:00",3,"KS",20,0,1,0,0,0,0,39.43,-96.76,39.43,-96.76,0,0,0,0,0,161,0,0,0
651214,2020,4,11,"2020-04-11","21:44:00",3,"KS",20,0,1.5,0,0,0,0,39.43,-96.76,39.43,-96.76,0,0,0,0,0,161,0,0,0
651215,2020,4,11,"2020-04-11","21:52:00",3,"TX",48,0,1,0,0,0,0,29.32,-99.74,29.32,-99.74,0,0,0,0,0,463,0,0,0
651216,2020,4,11,"2020-04-11","22:00:00",3,"OK",40,0,1.25,0,0,0,0,34.5,-97.12,34.5,-97.12,0,0,0,0,0,99,0,0,0
651217,2020,4,11,"2020-04-11","22:11:00",3,"IA",19,0,0.88,0,0,0,0,41.03,-93.46,41.03,-93.46,0,0,0,0,0,117,0,0,0
651218,2020,4,11,"2020-04-11","22:14:00",3,"KS",20,0,0.88,0,0,0,0,39.51,-95.86,39.51,-95.86,0,0,0,0,0,85,0,0,0
651219,2020,4,11,"2020-04-11","22:21:00",3,"KS",20,0,1,0,0,0,0,39.43,-96.64,39.43,-96.64,0,0,0,0,0,149,0,0,0
651220,2020,4,11,"2020-04-11","22:23:00",3,"KS",20,0,1.25,0,0,0,0,39.46,-95.85,39.46,-95.85,0,0,0,0,0,85,0,0,0
651221,2020,4,11,"2020-04-11","22:35:00",3,"KS",20,0,1,0,0,0,0,39.42,-96.52,39.42,-96.52,0,0,0,0,0,149,0,0,0
651222,2020,4,11,"2020-04-11","22:47:00",3,"IA",19,0,1,0,0,0,0,41.04,-93.98,41.04,-93.98,0,0,0,0,0,39,0,0,0
651223,2020,4,11,"2020-04-11","23:43:00",3,"TX",48,0,1,0,0,0,0,31.9795,-102.0559,31.9795,-102.0559,0,0,0,0,0,329,0,0,0
651224,2020,4,11,"2020-04-11","23:47:00",3,"TX",48,0,1,0,0,0,0,32,-101.92,32,-101.92,0,0,0,0,0,329,0,0,0
651225,2020,4,12,"2020-04-12","00:00:00",3,"TX",48,0,1,0,0,0,0,31.4,-102.35,31.4,-102.35,0,0,0,0,0,103,0,0,0
651226,2020,4,12,"2020-04-12","00:35:00",3,"TX",48,0,1.75,0,0,0,0,32.25,-101.47,32.25,-101.47,0,0,0,0,0,227,0,0,0
651227,2020,4,12,"2020-04-12","00:40:00",3,"TX",48,0,1.75,0,0,0,0,31.8845,-101.5,31.8845,-101.5,0,0,0,0,0,173,0,0,0
651228,2020,4,12,"2020-04-12","01:15:00",3,"TX",48,0,1,0,0,0,0,29.91,-100.39,29.91,-100.39,0,0,0,0,0,137,0,0,0
651229,2020,4,12,"2020-04-12","01:15:00",3,"TX",48,0,1.75,0,0,0,0,29.97,-100.34,29.97,-100.34,0,0,0,0,0,137,0,0,0
651230,2020,4,12,"2020-04-12","01:18:00",3,"TX",48,0,1,0,0,0,0,30.86,-100.6,30.86,-100.6,0,0,0,0,0,413,0,0,0
651231,2020,4,12,"2020-04-12","01:30:00",3,"TX",48,0,0.88,0,0,0,0,30.0157,-100.2076,30.0157,-100.2076,0,0,0,0,0,137,0,0,0
651232,2020,4,12,"2020-04-12","02:40:00",3,"TX",48,0,1,0,0,0,0,31.45,-100.45,31.45,-100.45,0,0,0,0,0,451,0,0,0
651233,2020,4,12,"2020-04-12","03:50:00",3,"NE",31,0,2,0,0,0,0,40.7198,-96.6261,40.7198,-96.6261,0,0,0,0,0,109,0,0,0
651234,2020,4,12,"2020-04-12","04:25:00",3,"NE",31,0,1.5,0,0,0,0,40.9924,-96.52,40.9924,-96.52,0,0,0,0,0,109,0,0,0
651235,2020,4,12,"2020-04-12","05:00:00",3,"NE",31,0,1,0,0,0,0,41.2012,-96.2946,41.2012,-96.2946,0,0,0,0,0,55,0,0,0
651236,2020,4,12,"2020-04-12","06:20:00",3,"TX",48,0,1.75,0,0,0,0,32.3011,-95.3028,32.3011,-95.3028,0,0,0,0,0,423,0,0,0
651237,2020,4,12,"2020-04-12","06:25:00",3,"TX",48,0,1,0,0,0,0,32.3711,-95.268,32.3711,-95.268,0,0,0,0,0,423,0,0,0
651238,2020,4,12,"2020-04-12","07:20:00",3,"LA",22,0,1.25,0,0,0,0,32.3274,-92.2214,32.3274,-92.2214,0,0,0,0,0,73,0,0,0
651239,2020,4,12,"2020-04-12","07:29:00",3,"LA",22,0,1,0,0,0,0,32.4538,-92.1069,32.4538,-92.1069,0,0,0,0,0,73,0,0,0
651240,2020,4,12,"2020-04-12","07:30:00",3,"LA",22,0,0.75,0,0,0,0,32.4658,-92.0376,32.4658,-92.0376,0,0,0,0,0,73,0,0,0
651241,2020,4,12,"2020-04-12","07:32:00",3,"TX",48,0,1,0,0,0,0,32.356,-94.7231,32.356,-94.7231,0,0,0,0,0,401,0,0,0
651242,2020,4,12,"2020-04-12","11:53:00",3,"LA",22,0,0.75,0,0,0,0,32.3784,-93.8028,32.3784,-93.8028,0,0,0,0,0,17,0,0,0
651243,2020,4,12,"2020-04-12","12:16:00",3,"MS",28,0,1,0,0,0,0,32.74,-89.53,32.74,-89.53,0,0,0,0,0,79,0,0,0
651244,2020,4,12,"2020-04-12","13:40:00",3,"OK",40,0,1,0,0,0,0,34.9,-97.57,34.9,-97.57,0,0,0,0,0,87,0,0,0
651245,2020,4,12,"2020-04-12","14:08:00",3,"OK",40,0,1,0,0,0,0,34.77,-96.61,34.77,-96.61,0,0,0,0,0,123,0,0,0
651246,2020,4,12,"2020-04-12","14:16:00",3,"MS",28,0,1.5,0,0,10000,0,32.48,-90.17,32.48,-90.17,0,0,0,0,0,89,0,0,0
651247,2020,4,12,"2020-04-12","14:17:00",3,"TX",48,0,1,0,0,0,0,33.7133,-96.1432,33.7133,-96.1432,0,0,0,0,0,147,0,0,0
651248,2020,4,12,"2020-04-12","14:28:00",3,"MS",28,0,1,0,0,0,0,32.88,-90.5,32.88,-90.5,0,0,0,0,0,163,0,0,0
651249,2020,4,12,"2020-04-12","14:46:00",3,"OK",40,0,0.88,0,0,0,0,34.51,-96.96,34.51,-96.96,0,0,0,0,0,99,0,0,0
651250,2020,4,12,"2020-04-12","14:50:00",3,"OK",40,0,1,0,0,0,0,34.55,-96.98,34.55,-96.98,0,0,0,0,0,99,0,0,0
651251,2020,4,12,"2020-04-12","14:50:00",3,"OK",40,0,0.88,0,0,0,0,33.89,-96.38,33.89,-96.38,0,0,0,0,0,13,0,0,0
651252,2020,4,12,"2020-04-12","15:11:00",3,"TX",48,0,0.75,0,0,0,0,33.55,-95.73,33.55,-95.73,0,0,0,0,0,277,0,0,0
651253,2020,4,12,"2020-04-12","15:16:00",3,"MS",28,0,1,0,0,0,0,33.234,-88.6164,33.234,-88.6164,0,0,0,0,0,103,0,0,0
651254,2020,4,12,"2020-04-12","15:21:00",3,"TX",48,0,1,0,0,0,0,33.7685,-95.6955,33.7685,-95.6955,0,0,0,0,0,277,0,0,0
651255,2020,4,12,"2020-04-12","15:22:00",3,"OK",40,0,1,0,0,0,0,34.3,-96.68,34.3,-96.68,0,0,0,0,0,69,0,0,0
651256,2020,4,12,"2020-04-12","15:32:00",3,"OK",40,0,1,0,0,0,0,34.24,-96.57,34.24,-96.57,0,0,0,0,0,69,0,0,0
651257,2020,4,12,"2020-04-12","15:33:00",3,"TX",48,0,1.5,0,0,1000,0,32.6502,-97.2009,32.6502,-97.2009,0,0,0,0,0,439,0,0,0
651258,2020,4,12,"2020-04-12","15:34:00",3,"OK",40,0,1.75,0,0,0,0,34.2,-96.55,34.2,-96.55,0,0,0,0,0,69,0,0,0
651259,2020,4,12,"2020-04-12","15:35:00",3,"NV",32,0,1,0,0,0,0,35.8343,-114.9357,35.8343,-114.9357,0,0,0,0,0,3,0,0,0
651260,2020,4,12,"2020-04-12","15:40:00",3,"TX",48,0,1,0,0,0,0,32.6424,-97.1339,32.6424,-97.1339,0,0,0,0,0,439,0,0,0
651261,2020,4,12,"2020-04-12","15:41:00",3,"LA",22,0,1,0,0,0,0,32.05,-91.82,32.05,-91.82,0,0,0,0,0,41,0,0,0
651262,2020,4,12,"2020-04-12","15:42:00",3,"TX",48,0,1.5,0,0,0,0,33.7581,-95.6207,33.7581,-95.6207,0,0,0,0,0,277,0,0,0
651263,2020,4,12,"2020-04-12","15:48:00",3,"TX",48,0,2,0,0,7000,0,33.7013,-95.53,33.7013,-95.53,0,0,0,0,0,277,0,0,0
651264,2020,4,12,"2020-04-12","16:00:00",3,"TX",48,0,0.88,0,0,0,0,33.7013,-95.53,33.7013,-95.53,0,0,0,0,0,277,0,0,0
651265,2020,4,12,"2020-04-12","16:09:00",3,"AR",5,0,0.88,0,0,0,0,36.1645,-94.28,36.1645,-94.28,0,0,0,0,0,143,0,0,0
651266,2020,4,12,"2020-04-12","16:10:00",3,"TX",48,0,1,0,0,0,0,33.2315,-94.9466,33.2315,-94.9466,0,0,0,0,0,449,0,0,0
651267,2020,4,12,"2020-04-12","16:32:00",3,"TX",48,0,1.25,0,0,0,0,33.7125,-95.0571,33.7125,-95.0571,0,0,0,0,0,387,0,0,0
651268,2020,4,12,"2020-04-12","16:38:00",3,"OK",40,0,0.75,0,0,0,0,34.6931,-94.8851,34.6931,-94.8851,0,0,0,0,0,79,0,0,0
651269,2020,4,12,"2020-04-12","16:38:00",3,"TX",48,0,1.25,0,0,0,0,32.53,-96.32,32.53,-96.32,0,0,0,0,0,257,0,0,0
651270,2020,4,12,"2020-04-12","16:38:00",3,"AR",5,0,1.5,0,0,5000,0,35.611,-94.19,35.611,-94.19,0,0,0,0,0,33,0,0,0
651271,2020,4,12,"2020-04-12","16:50:00",3,"AL",1,0,1.25,0,0,0,0,33.95,-86.47,33.95,-86.47,0,0,0,0,0,9,0,0,0
651272,2020,4,12,"2020-04-12","16:55:00",3,"TX",48,0,0.75,0,0,0,0,33.5499,-94.7809,33.5499,-94.7809,0,0,0,0,0,387,0,0,0
651273,2020,4,12,"2020-04-12","17:07:00",3,"AL",1,0,1.75,0,0,0,0,34.07,-86.28,34.07,-86.28,0,0,0,0,0,55,0,0,0
651274,2020,4,12,"2020-04-12","17:34:00",3,"AR",5,0,0.88,0,0,0,0,35.46,-93.49,35.46,-93.49,0,0,0,0,0,71,0,0,0
651275,2020,4,12,"2020-04-12","17:44:00",3,"AR",5,0,0.88,0,0,0,0,33.3652,-93.489,33.3652,-93.489,0,0,0,0,0,73,0,0,0
651276,2020,4,12,"2020-04-12","17:57:00",3,"AR",5,0,1,0,0,0,0,33.35,-93.3387,33.35,-93.3387,0,0,0,0,0,27,0,0,0
651277,2020,4,12,"2020-04-12","18:07:00",3,"AR",5,0,1,0,0,0,0,33.0942,-93.911,33.0942,-93.911,0,0,0,0,0,91,0,0,0
651278,2020,4,12,"2020-04-12","18:22:00",3,"TX",48,0,0.75,0,0,0,0,33.1168,-94.16,33.1168,-94.16,0,0,0,0,0,67,0,0,0
651279,2020,4,12,"2020-04-12","18:31:00",3,"AR",5,0,0.88,0,0,0,0,33.47,-92.81,33.47,-92.81,0,0,0,0,0,103,0,0,0
651280,2020,4,12,"2020-04-12","18:31:00",3,"AR",5,0,1.25,0,0,0,0,33.39,-92.79,33.39,-92.79,0,0,0,0,0,103,0,0,0
651281,2020,4,12,"2020-04-12","18:31:00",3,"AR",5,0,1,0,0,0,0,33.55,-92.85,33.55,-92.85,0,0,0,0,0,103,0,0,0
651282,2020,4,12,"2020-04-12","18:41:00",3,"AR",5,0,1,0,0,0,0,35.2,-92.45,35.2,-92.45,0,0,0,0,0,45,0,0,0
651283,2020,4,12,"2020-04-12","18:52:00",3,"AR",5,0,1.5,0,0,0,0,33.52,-92.47,33.52,-92.47,0,0,0,0,0,13,0,0,0
651284,2020,4,12,"2020-04-12","18:57:00",3,"AR",5,0,1,0,0,0,0,33.51,-92.4,33.51,-92.4,0,0,0,0,0,13,0,0,0
651285,2020,4,12,"2020-04-12","19:16:00",3,"LA",22,0,1,0,0,0,0,30.58,-90.49,30.58,-90.49,0,0,0,0,0,105,0,0,0
651286,2020,4,12,"2020-04-12","19:16:00",3,"AR",5,0,1,0,0,0,0,35.33,-92.08,35.33,-92.08,0,0,0,0,0,145,0,0,0
651287,2020,4,12,"2020-04-12","19:32:00",3,"LA",22,0,1.25,0,0,0,0,30.52,-90.46,30.52,-90.46,0,0,0,0,0,105,0,0,0
651288,2020,4,12,"2020-04-12","19:35:00",3,"LA",22,0,1,0,0,0,0,32.78,-91.79,32.78,-91.79,0,0,0,0,0,67,0,0,0
651289,2020,4,12,"2020-04-12","19:44:00",3,"AR",5,0,1,0,0,0,0,34.42,-91.7,34.42,-91.7,0,0,0,0,0,1,0,0,0
651290,2020,4,13,"2020-04-13","00:52:00",3,"GA",13,0,1.5,0,0,10000,0,34.07,-83.86,34.07,-83.86,0,0,0,0,0,135,0,0,0
651291,2020,4,13,"2020-04-13","10:55:00",3,"VA",51,0,1,0,0,0,0,38.7796,-77.1501,38.7796,-77.1501,0,0,0,0,0,59,0,0,0
651292,2020,4,13,"2020-04-13","12:20:00",3,"MD",24,0,1,0,0,0,0,39.05,-77.0492,39.05,-77.0492,0,0,0,0,0,31,0,0,0
651293,2020,4,13,"2020-04-13","12:43:00",3,"MD",24,0,1,0,0,0,0,39.3191,-76.4768,39.3191,-76.4768,0,0,0,0,0,5,0,0,0
651294,2020,4,16,"2020-04-16","18:07:00",3,"KS",20,0,0.75,0,0,0,0,37.9,-97.43,37.9,-97.43,0,0,0,0,0,173,0,0,0
651295,2020,4,18,"2020-04-18","14:00:00",3,"TX",48,0,1.75,0,0,0,0,29.92,-96.26,29.92,-96.26,0,0,0,0,0,15,0,0,0
651296,2020,4,18,"2020-04-18","14:37:00",3,"TX",48,0,1.5,0,0,0,0,29.8,-95.78,29.8,-95.78,0,0,0,0,0,201,0,0,0
651297,2020,4,18,"2020-04-18","14:40:00",3,"TX",48,0,1,0,0,0,0,29.7995,-95.8055,29.7995,-95.8055,0,0,0,0,0,201,0,0,0
651298,2020,4,18,"2020-04-18","14:42:00",3,"TX",48,0,1,0,0,0,0,30.26,-95.91,30.26,-95.91,0,0,0,0,0,185,0,0,0
651299,2020,4,18,"2020-04-18","15:18:00",3,"TX",48,0,1.25,0,0,0,0,30.54,-95.5,30.54,-95.5,0,0,0,0,0,471,0,0,0
651300,2020,4,18,"2020-04-18","15:24:00",3,"TX",48,0,1.75,0,0,0,0,30.67,-95.53,30.67,-95.53,0,0,0,0,0,471,0,0,0
651301,2020,4,18,"2020-04-18","15:30:00",3,"TX",48,0,1.75,0,0,0,0,30.71,-95.54,30.71,-95.54,0,0,0,0,0,471,0,0,0
651302,2020,4,18,"2020-04-18","15:30:00",3,"TX",48,0,3.5,0,0,10000,0,30.67,-95.53,30.67,-95.53,0,0,0,0,0,471,0,0,0
651303,2020,4,18,"2020-04-18","15:33:00",3,"TX",48,0,2.75,0,0,40000,0,30.71,-95.5,30.71,-95.5,0,0,0,0,0,471,0,0,0
651304,2020,4,18,"2020-04-18","15:35:00",3,"TX",48,0,1.75,0,0,0,0,30.71,-95.49,30.71,-95.49,0,0,0,0,0,471,0,0,0
651305,2020,4,18,"2020-04-18","15:45:00",3,"TX",48,0,1.75,0,0,0,0,30.7857,-95.4606,30.7857,-95.4606,0,0,0,0,0,471,0,0,0
651306,2020,4,18,"2020-04-18","15:45:00",3,"TX",48,0,1.75,0,0,0,0,30.84,-95.39,30.84,-95.39,0,0,0,0,0,471,0,0,0
651307,2020,4,18,"2020-04-18","16:00:00",3,"TX",48,0,1.25,0,0,0,0,30.87,-95.27,30.87,-95.27,0,0,0,0,0,407,0,0,0
651308,2020,4,18,"2020-04-18","16:00:00",3,"TX",48,0,3,0,0,30000,0,30.92,-95.28,30.92,-95.28,0,0,0,0,0,455,0,0,0
651309,2020,4,18,"2020-04-18","16:06:00",3,"TX",48,0,1.75,0,0,0,0,30.92,-95.25,30.92,-95.25,0,0,0,0,0,455,0,0,0
651310,2020,4,18,"2020-04-18","16:18:00",3,"TX",48,0,1.75,0,0,0,0,29.9466,-95.1409,29.9466,-95.1409,0,0,0,0,0,201,0,0,0
651311,2020,4,18,"2020-04-18","16:19:00",3,"TX",48,0,1.25,0,0,0,0,29.94,-95.17,29.94,-95.17,0,0,0,0,0,201,0,0,0
651312,2020,4,18,"2020-04-18","16:19:00",3,"TX",48,0,1.25,0,0,0,0,29.94,-95.18,29.94,-95.18,0,0,0,0,0,201,0,0,0
651313,2020,4,18,"2020-04-18","16:30:00",3,"TX",48,0,1.75,0,0,0,0,30.02,-94.9,30.02,-94.9,0,0,0,0,0,291,0,0,0
651314,2020,4,18,"2020-04-18","16:40:00",3,"TX",48,0,1.75,0,0,0,0,29.92,-96.26,29.92,-96.26,0,0,0,0,0,15,0,0,0
651315,2020,4,18,"2020-04-18","17:28:00",3,"LA",22,0,1.25,0,0,0,0,30.3,-90.97,30.3,-90.97,0,0,0,0,0,5,0,0,0
651316,2020,4,18,"2020-04-18","17:33:00",3,"TX",48,0,1,0,0,0,0,29.9,-94.42,29.9,-94.42,0,0,0,0,0,245,0,0,0
651317,2020,4,18,"2020-04-18","17:35:00",3,"LA",22,0,1.75,0,0,0,0,30.22,-90.92,30.22,-90.92,0,0,0,0,0,5,0,0,0
651318,2020,4,18,"2020-04-18","17:54:00",3,"LA",22,0,0.88,0,0,0,0,30.03,-92.51,30.03,-92.51,0,0,0,0,0,113,0,0,0
651319,2020,4,18,"2020-04-18","17:55:00",3,"TX",48,0,1.75,0,0,0,0,29.88,-94.16,29.88,-94.16,0,0,0,0,0,245,0,0,0
651320,2020,4,18,"2020-04-18","18:56:00",3,"LA",22,0,1,0,0,0,0,30.84,-91.66,30.84,-91.66,0,0,0,0,0,77,0,0,0
651321,2020,4,18,"2020-04-18","19:02:00",3,"LA",22,0,1.75,0,0,0,0,29.83,-93.47,29.83,-93.47,0,0,0,0,0,23,0,0,0
651322,2020,4,18,"2020-04-18","19:08:00",3,"LA",22,0,1,0,0,0,0,30.93,-91.64,30.93,-91.64,0,0,0,0,0,125,0,0,0
651323,2020,4,18,"2020-04-18","19:12:00",3,"TX",48,0,1,0,0,0,0,31.9011,-94.8688,31.9011,-94.8688,0,0,0,0,0,401,0,0,0
651324,2020,4,18,"2020-04-18","19:25:00",3,"TX",48,0,0.75,0,0,0,0,33.2239,-95.0149,33.2239,-95.0149,0,0,0,0,0,449,0,0,0
651325,2020,4,18,"2020-04-18","19:42:00",3,"LA",22,0,0.88,0,0,0,0,29.95,-92.16,29.95,-92.16,0,0,0,0,0,113,0,0,0
651326,2020,4,18,"2020-04-18","19:47:00",3,"LA",22,0,1,0,0,0,0,29.95,-91.99,29.95,-91.99,0,0,0,0,0,45,0,0,0
651327,2020,4,18,"2020-04-18","20:40:00",3,"LA",22,0,1.75,0,0,0,0,29.91,-91.21,29.91,-91.21,0,0,0,0,0,7,0,0,0
651328,2020,4,18,"2020-04-18","22:42:00",3,"MS",28,0,1,0,0,0,0,31.88,-89.7,31.88,-89.7,0,0,0,0,0,127,0,0,0
651329,2020,4,18,"2020-04-18","22:59:00",3,"MS",28,0,1.75,0,0,15000,0,31.99,-89.58,32.12,-89.4,0,0,0,0,0,129,0,0,0
651330,2020,4,18,"2020-04-18","23:45:00",3,"KS",20,0,0.75,0,0,0,0,37.51,-98.86,37.51,-98.86,0,0,0,0,0,151,0,0,0
651331,2020,4,19,"2020-04-19","00:24:00",3,"MS",28,0,1.25,0,0,10000,0,32.81,-90.93,32.81,-90.93,0,0,0,0,0,125,0,0,0
651332,2020,4,19,"2020-04-19","01:14:00",3,"MS",28,0,1.25,0,0,10000,0,32.83,-90.27,32.81,-90.04,0,0,0,0,0,163,0,0,0
651333,2020,4,19,"2020-04-19","01:50:00",3,"MS",28,0,0.88,0,0,0,0,32.85,-89.84,32.85,-89.84,0,0,0,0,0,89,0,0,0
651334,2020,4,19,"2020-04-19","01:58:00",3,"MS",28,0,1.25,0,0,10000,0,32.86,-89.67,32.87,-89.48,0,0,0,0,0,79,0,0,0
651335,2020,4,19,"2020-04-19","06:00:00",3,"AL",1,0,1,0,0,0,0,33.03,-86.05,33.03,-86.05,0,0,0,0,0,37,0,0,0
651336,2020,4,19,"2020-04-19","06:46:00",3,"TX",48,0,0.75,0,0,0,0,31.44,-97.41,31.44,-97.41,0,0,0,0,0,309,0,0,0
651337,2020,4,19,"2020-04-19","06:52:00",3,"TX",48,0,1,0,0,0,0,31.45,-97.39,31.45,-97.39,0,0,0,0,0,309,0,0,0
651338,2020,4,19,"2020-04-19","06:55:00",3,"TX",48,0,1.75,0,0,10000,0,31.48,-97.29,31.48,-97.29,0,0,0,0,0,309,0,0,0
651339,2020,4,19,"2020-04-19","07:22:00",3,"TX",48,0,1.5,0,0,0,0,31.5475,-97.0697,31.5475,-97.0697,0,0,0,0,0,309,0,0,0
651340,2020,4,19,"2020-04-19","08:22:00",3,"TX",48,0,1,0,0,0,0,29.89,-95.67,29.89,-95.67,0,0,0,0,0,201,0,0,0
651341,2020,4,19,"2020-04-19","08:23:00",3,"TX",48,0,1,0,0,0,0,29.8,-95.85,29.8,-95.85,0,0,0,0,0,473,0,0,0
651342,2020,4,19,"2020-04-19","08:25:00",3,"TX",48,0,1.75,0,0,0,0,29.85,-95.81,29.85,-95.81,0,0,0,0,0,201,0,0,0
651343,2020,4,19,"2020-04-19","08:29:00",3,"TX",48,0,1,0,0,0,0,31.66,-95.92,31.66,-95.92,0,0,0,0,0,161,0,0,0
651344,2020,4,19,"2020-04-19","08:35:00",3,"TX",48,0,1.5,0,0,0,0,29.83,-95.7,29.83,-95.7,0,0,0,0,0,201,0,0,0
651345,2020,4,19,"2020-04-19","08:39:00",3,"TX",48,0,0.75,0,0,0,0,29.9,-95.66,29.9,-95.66,0,0,0,0,0,201,0,0,0
651346,2020,4,19,"2020-04-19","08:40:00",3,"TX",48,0,1,0,0,0,0,29.88,-95.65,29.88,-95.65,0,0,0,0,0,201,0,0,0
651347,2020,4,19,"2020-04-19","08:40:00",3,"TX",48,0,1.5,0,0,0,0,29.86,-95.7,29.86,-95.7,0,0,0,0,0,201,0,0,0
651348,2020,4,19,"2020-04-19","08:42:00",3,"TX",48,0,1,0,0,0,0,29.89,-95.66,29.89,-95.66,0,0,0,0,0,201,0,0,0
651349,2020,4,19,"2020-04-19","08:48:00",3,"TX",48,0,1.5,0,0,0,0,29.89,-95.65,29.89,-95.65,0,0,0,0,0,201,0,0,0
651350,2020,4,19,"2020-04-19","08:58:00",3,"TX",48,0,1.75,0,0,5000,0,31.71,-95.75,31.71,-95.75,0,0,0,0,0,1,0,0,0
651351,2020,4,19,"2020-04-19","09:03:00",3,"TX",48,0,1,0,0,0,0,31.73,-95.68,31.73,-95.68,0,0,0,0,0,1,0,0,0
651352,2020,4,19,"2020-04-19","09:03:00",3,"TX",48,0,1.25,0,0,0,0,31.7463,-95.6851,31.7463,-95.6851,0,0,0,0,0,1,0,0,0
651353,2020,4,19,"2020-04-19","09:03:00",3,"TX",48,0,0.75,0,0,0,0,31.7787,-95.7141,31.7787,-95.7141,0,0,0,0,0,1,0,0,0
651354,2020,4,19,"2020-04-19","09:15:00",3,"TX",48,0,1.75,0,0,10000,0,32.7119,-97.3816,32.7119,-97.3816,0,0,0,0,0,439,0,0,0
651355,2020,4,19,"2020-04-19","09:16:00",3,"TX",48,0,1.75,0,0,10000,0,32.73,-97.39,32.73,-97.39,0,0,0,0,0,439,0,0,0
651356,2020,4,19,"2020-04-19","09:16:00",3,"TX",48,0,1.5,0,0,3000,0,32.7239,-97.3416,32.7239,-97.3416,0,0,0,0,0,439,0,0,0
651357,2020,4,19,"2020-04-19","09:16:00",3,"TX",48,0,1.5,0,0,3000,0,32.7198,-97.3864,32.7198,-97.3864,0,0,0,0,0,439,0,0,0
651358,2020,4,19,"2020-04-19","09:17:00",3,"TX",48,0,1.25,0,0,0,0,32.59,-97.03,32.59,-97.03,0,0,0,0,0,113,0,0,0
651359,2020,4,19,"2020-04-19","09:17:00",3,"TX",48,0,1.75,0,0,10000,0,32.7296,-97.3335,32.7296,-97.3335,0,0,0,0,0,439,0,0,0
651360,2020,4,19,"2020-04-19","09:20:00",3,"TX",48,0,1.25,0,0,0,0,32.7395,-97.3825,32.7395,-97.3825,0,0,0,0,0,439,0,0,0
651361,2020,4,19,"2020-04-19","09:33:00",3,"TX",48,0,1,0,0,0,0,32.77,-97.09,32.77,-97.09,0,0,0,0,0,439,0,0,0
651362,2020,4,19,"2020-04-19","09:36:00",3,"TX",48,0,1,0,0,0,0,32.76,-97.13,32.76,-97.13,0,0,0,0,0,439,0,0,0
651363,2020,4,19,"2020-04-19","09:40:00",3,"TX",48,0,1.25,0,0,0,0,32.83,-97.09,32.83,-97.09,0,0,0,0,0,439,0,0,0
651364,2020,4,19,"2020-04-19","09:42:00",3,"TX",48,0,1.5,0,0,0,0,32.8,-96.96,32.8,-96.96,0,0,0,0,0,113,0,0,0
651365,2020,4,19,"2020-04-19","09:57:00",3,"TX",48,0,1.5,0,0,0,0,31.7369,-94.9007,31.7369,-94.9007,0,0,0,0,0,347,0,0,0
651366,2020,4,19,"2020-04-19","10:05:00",3,"TX",48,0,1.5,0,0,0,0,32.7,-96.28,32.7,-96.28,0,0,0,0,0,257,0,0,0
651367,2020,4,19,"2020-04-19","10:05:00",3,"TX",48,0,0.88,0,0,0,0,31.8008,-94.6774,31.8008,-94.6774,0,0,0,0,0,347,0,0,0
651368,2020,4,19,"2020-04-19","10:35:00",3,"TX",48,0,1,0,0,0,0,31.9,-95.74,31.9,-95.74,0,0,0,0,0,1,0,0,0
651369,2020,4,19,"2020-04-19","10:48:00",3,"TX",48,0,0.75,0,0,0,0,32.84,-96.22,32.84,-96.22,0,0,0,0,0,231,0,0,0
651370,2020,4,19,"2020-04-19","11:02:00",3,"AL",1,0,1.75,0,0,0,0,32.95,-85.97,32.95,-85.97,0,0,0,0,0,123,0,0,0
651371,2020,4,19,"2020-04-19","11:23:00",3,"TX",48,0,1,0,0,0,0,32.53,-95.88,32.53,-95.88,0,0,0,0,0,467,0,0,0
651372,2020,4,19,"2020-04-19","12:07:00",3,"AR",5,0,1.5,0,0,0,0,35.55,-93.64,35.55,-93.64,0,0,0,0,0,71,0,0,0
651373,2020,4,19,"2020-04-19","12:08:00",3,"AR",5,0,0.75,0,0,0,0,35.57,-93.64,35.57,-93.64,0,0,0,0,0,71,0,0,0
651374,2020,4,19,"2020-04-19","12:15:00",3,"TX",48,0,1.5,0,0,0,0,30.77,-94.44,30.77,-94.44,0,0,0,0,0,457,0,0,0
651375,2020,4,19,"2020-04-19","12:40:00",3,"OK",40,0,1,0,0,0,0,35.23,-94.5154,35.23,-94.5154,0,0,0,0,0,79,0,0,0
651376,2020,4,19,"2020-04-19","13:15:00",3,"TX",48,0,1.25,0,0,0,0,31.7711,-93.982,31.7711,-93.982,0,0,0,0,0,419,0,0,0
651377,2020,4,19,"2020-04-19","13:30:00",3,"TX",48,0,1.75,0,0,10000,0,33.67,-95.6,33.67,-95.6,0,0,0,0,0,277,0,0,0
651378,2020,4,19,"2020-04-19","13:34:00",3,"MS",28,0,1,0,0,0,0,32.32,-89.34,32.32,-89.34,0,0,0,0,0,123,0,0,0
651379,2020,4,19,"2020-04-19","13:36:00",3,"TX",48,0,0.75,0,0,0,0,33.68,-95.56,33.68,-95.56,0,0,0,0,0,277,0,0,0
651380,2020,4,19,"2020-04-19","13:40:00",3,"TX",48,0,1,0,0,0,0,33.73,-95.53,33.73,-95.53,0,0,0,0,0,277,0,0,0
651381,2020,4,19,"2020-04-19","13:40:00",3,"MS",28,0,2,0,0,10000,0,32.33,-89.29,32.3,-89.26,0,0,0,0,0,101,0,0,0
651382,2020,4,19,"2020-04-19","14:45:00",3,"KS",20,0,0.88,0,0,0,0,37.94,-99.33,37.94,-99.33,0,0,0,0,0,47,0,0,0
651383,2020,4,19,"2020-04-19","14:45:00",3,"KS",20,0,1,0,0,0,0,37.93,-99.33,37.93,-99.33,0,0,0,0,0,47,0,0,0
651384,2020,4,19,"2020-04-19","14:55:00",3,"MS",28,0,1,0,0,0,0,32.23,-90.05,32.23,-90.05,0,0,0,0,0,121,0,0,0
651385,2020,4,19,"2020-04-19","15:10:00",3,"KS",20,0,0.75,0,0,0,0,37.83,-99.25,37.83,-99.25,0,0,0,0,0,47,0,0,0
651386,2020,4,19,"2020-04-19","15:10:00",3,"OK",40,0,1,0,0,0,0,34.02,-95.27,34.02,-95.27,0,0,0,0,0,23,0,0,0
651387,2020,4,19,"2020-04-19","15:12:00",3,"TX",48,0,1,0,0,0,0,33.6104,-95.053,33.6104,-95.053,0,0,0,0,0,387,0,0,0
651388,2020,4,19,"2020-04-19","16:21:00",3,"LA",22,0,0.88,0,0,0,0,30.9,-91.35,30.9,-91.35,0,0,0,0,0,125,0,0,0
651389,2020,4,19,"2020-04-19","16:36:00",3,"GA",13,0,1,0,0,0,0,30.97,-83.18,30.97,-83.18,0,0,0,0,0,185,0,0,0
651390,2020,4,19,"2020-04-19","16:46:00",3,"GA",13,0,0.88,0,0,0,0,30.93,-82.99,30.93,-82.99,0,0,0,0,0,173,0,0,0
651391,2020,4,19,"2020-04-19","17:30:00",3,"MS",28,0,1,0,0,0,0,31.45,-90.6,31.45,-90.6,0,0,0,0,0,85,0,0,0
651392,2020,4,19,"2020-04-19","17:30:00",3,"KS",20,0,1,0,0,0,0,38.17,-98.29,38.17,-98.29,0,0,0,0,0,159,0,0,0
651393,2020,4,19,"2020-04-19","17:35:00",3,"MS",28,0,1,0,0,0,0,31.05,-90.33,31.05,-90.33,0,0,0,0,0,113,0,0,0
651394,2020,4,19,"2020-04-19","17:38:00",3,"KS",20,0,1.5,0,0,0,0,38.16,-98.21,38.16,-98.21,0,0,0,0,0,159,0,0,0
651395,2020,4,19,"2020-04-19","17:41:00",3,"KS",20,0,1,0,0,0,0,38.16,-98.18,38.16,-98.18,0,0,0,0,0,155,0,0,0
651396,2020,4,19,"2020-04-19","17:47:00",3,"MS",28,0,1.5,0,0,0,0,31.12,-90.15,31.12,-90.15,0,0,0,0,0,147,0,0,0
651397,2020,4,19,"2020-04-19","18:15:00",3,"MS",28,0,1,0,0,0,0,31.25,-89.82,31.25,-89.82,0,0,0,0,0,91,0,0,0
651398,2020,4,19,"2020-04-19","18:43:00",3,"MS",28,0,1.75,0,0,15000,0,31.31,-89.47,31.28,-89.39,0,0,0,0,0,73,0,0,0
651399,2020,4,19,"2020-04-19","18:48:00",3,"MS",28,0,1.5,0,0,15000,0,31.34,-89.36,31.34,-89.36,0,0,0,0,0,73,0,0,0
651400,2020,4,19,"2020-04-19","18:51:00",3,"MS",28,0,1,0,0,0,0,31.32,-89.33,31.32,-89.33,0,0,0,0,0,35,0,0,0
651401,2020,4,19,"2020-04-19","19:00:00",3,"MS",28,0,1,0,0,0,0,31.29,-89.31,31.29,-89.31,0,0,0,0,0,35,0,0,0
651402,2020,4,20,"2020-04-20","02:24:00",3,"GA",13,0,1,0,0,0,0,31.71,-81.74,31.71,-81.74,0,0,0,0,0,183,0,0,0
651403,2020,4,20,"2020-04-20","15:22:00",3,"MO",29,0,0.75,0,0,0,0,36.73,-91.9,36.73,-91.9,0,0,0,0,0,91,0,0,0
651404,2020,4,20,"2020-04-20","15:25:00",3,"MO",29,0,0.75,0,0,0,0,36.75,-91.8,36.75,-91.8,0,0,0,0,0,91,0,0,0
651405,2020,4,20,"2020-04-20","15:26:00",3,"MO",29,0,1,0,0,0,0,36.73,-91.85,36.73,-91.85,0,0,0,0,0,91,0,0,0
651406,2020,4,20,"2020-04-20","15:27:00",3,"OK",40,0,1,0,0,0,0,35.88,-97.42,35.88,-97.42,0,0,0,0,0,83,0,0,0
651407,2020,4,20,"2020-04-20","15:30:00",3,"FL",12,0,1,0,0,0,0,27.18,-80.29,27.18,-80.29,0,0,0,0,0,85,0,0,0
651408,2020,4,20,"2020-04-20","15:48:00",3,"MO",29,0,1,0,0,0,0,36.7,-94.38,36.7,-94.38,0,0,0,0,0,119,0,0,0
651409,2020,4,20,"2020-04-20","15:50:00",3,"MO",29,0,1,0,0,0,0,36.6,-91.65,36.6,-91.65,0,0,0,0,0,149,0,0,0
651410,2020,4,20,"2020-04-20","16:05:00",3,"AR",5,0,1,0,0,0,0,36.48,-91.52,36.48,-91.52,0,0,0,0,0,49,0,0,0
651411,2020,4,20,"2020-04-20","16:15:00",3,"OK",40,0,0.75,0,0,0,0,35.7,-97.19,35.7,-97.19,0,0,0,0,0,109,0,0,0
651412,2020,4,20,"2020-04-20","16:35:00",3,"MO",29,0,1,0,0,0,0,36.55,-94.48,36.55,-94.48,0,0,0,0,0,119,0,0,0
651413,2020,4,20,"2020-04-20","16:53:00",3,"MO",29,0,0.75,0,0,0,0,37.11,-93.47,37.11,-93.47,0,0,0,0,0,77,0,0,0
651414,2020,4,20,"2020-04-20","16:58:00",3,"MO",29,0,0.75,0,0,0,0,37.13,-93.47,37.13,-93.47,0,0,0,0,0,77,0,0,0
651415,2020,4,20,"2020-04-20","16:58:00",3,"MO",29,0,0.75,0,0,0,0,37.13,-93.47,37.13,-93.47,0,0,0,0,0,77,0,0,0
651416,2020,4,20,"2020-04-20","17:05:00",3,"AR",5,0,1.25,0,0,0,0,36.13,-90.94,36.13,-90.94,0,0,0,0,0,75,0,0,0
651417,2020,4,20,"2020-04-20","17:07:00",3,"OK",40,0,0.75,0,0,0,0,35.55,-97.61,35.55,-97.61,0,0,0,0,0,109,0,0,0
651418,2020,4,20,"2020-04-20","17:10:00",3,"OK",40,0,0.91,0,0,0,0,35.54,-97.58,35.54,-97.58,0,0,0,0,0,109,0,0,0
651419,2020,4,20,"2020-04-20","17:18:00",3,"OK",40,0,1,0,0,0,0,35.52,-97.54,35.52,-97.54,0,0,0,0,0,109,0,0,0
651420,2020,4,20,"2020-04-20","17:30:00",3,"MO",29,0,0.88,0,0,0,0,37.6,-92.26,37.6,-92.26,0,0,0,0,0,105,0,0,0
651421,2020,4,20,"2020-04-20","17:31:00",3,"AR",5,0,1,0,0,0,0,36.37,-94.22,36.37,-94.22,0,0,0,0,0,7,0,0,0
651422,2020,4,20,"2020-04-20","18:07:00",3,"AR",5,0,0.75,0,0,0,0,36.15,-93.85,36.15,-93.85,0,0,0,0,0,87,0,0,0
651423,2020,4,20,"2020-04-20","18:20:00",3,"WI",55,0,1,0,0,0,0,44.26,-88.86,44.26,-88.86,0,0,0,0,0,135,0,0,0
651424,2020,4,20,"2020-04-20","19:10:00",3,"MO",29,0,1,0,0,0,0,36.99,-91.53,36.99,-91.53,0,0,0,0,0,203,0,0,0
651425,2020,4,21,"2020-04-21","12:06:00",3,"DE",10,0,0.75,0,0,0,0,39.72,-75.65,39.72,-75.65,0,0,0,0,0,3,0,0,0
651426,2020,4,21,"2020-04-21","12:22:00",3,"NJ",34,0,0.75,0,0,0,0,40.86,-74.13,40.86,-74.13,0,0,0,0,0,31,0,0,0
651427,2020,4,21,"2020-04-21","12:36:00",3,"NJ",34,0,0.75,0,0,0,0,40.38,-74.41,40.38,-74.41,0,0,0,0,0,23,0,0,0
651428,2020,4,21,"2020-04-21","12:52:00",3,"NJ",34,0,0.75,0,0,0,0,40.26,-74.27,40.26,-74.27,0,0,0,0,0,25,0,0,0
651429,2020,4,21,"2020-04-21","12:53:00",3,"NJ",34,0,0.75,0,0,0,0,40.31,-74.38,40.31,-74.38,0,0,0,0,0,25,0,0,0
651430,2020,4,21,"2020-04-21","13:20:00",3,"NJ",34,0,0.75,0,0,0,0,39.29,-74.75,39.29,-74.75,0,0,0,0,0,9,0,0,0
651431,2020,4,21,"2020-04-21","16:03:00",3,"TX",48,0,0.75,0,0,0,0,36.21,-101.44,36.21,-101.44,0,0,0,0,0,195,0,0,0
651432,2020,4,21,"2020-04-21","16:45:00",3,"TX",48,0,0.75,0,0,0,0,36.16,-102.24,36.16,-102.24,0,0,0,0,0,111,0,0,0
651433,2020,4,21,"2020-04-21","17:48:00",3,"TX",48,0,1.25,0,0,0,0,35.85,-100.4,35.85,-100.4,0,0,0,0,0,211,0,0,0
651434,2020,4,21,"2020-04-21","17:55:00",3,"TX",48,0,1,0,0,0,0,35.9,-100.38,35.9,-100.38,0,0,0,0,0,211,0,0,0
651435,2020,4,21,"2020-04-21","18:27:00",3,"TX",48,0,2,0,0,0,0,35.8,-100.06,35.8,-100.06,0,0,0,0,0,211,0,0,0
651436,2020,4,21,"2020-04-21","18:31:00",3,"TX",48,0,1,0,0,0,0,35.79,-100.2,35.79,-100.2,0,0,0,0,0,211,0,0,0
651437,2020,4,21,"2020-04-21","18:42:00",3,"OK",40,0,1,0,0,0,0,35.08,-98.24,35.08,-98.24,0,0,0,0,0,15,0,0,0
651438,2020,4,21,"2020-04-21","18:49:00",3,"TX",48,0,1.75,0,0,0,0,35.75,-100.16,35.75,-100.16,0,0,0,0,0,211,0,0,0
651439,2020,4,21,"2020-04-21","18:50:00",3,"OK",40,0,1,0,0,0,0,35.41,-99.66,35.41,-99.66,0,0,0,0,0,9,0,0,0
651440,2020,4,21,"2020-04-21","19:02:00",3,"OK",40,0,1.75,0,0,0,0,35.74,-99.92,35.74,-99.92,0,0,0,0,0,129,0,0,0
651441,2020,4,21,"2020-04-21","19:03:00",3,"TX",48,0,1,0,0,0,0,35.77,-100.39,35.77,-100.39,0,0,0,0,0,211,0,0,0
651442,2020,4,21,"2020-04-21","19:15:00",3,"OK",40,0,0.88,0,0,0,0,35.41,-99.52,35.41,-99.52,0,0,0,0,0,9,0,0,0
651443,2020,4,21,"2020-04-21","19:18:00",3,"OK",40,0,1.75,0,0,0,0,35.69,-99.76,35.69,-99.76,0,0,0,0,0,129,0,0,0
651444,2020,4,21,"2020-04-21","19:30:00",3,"OK",40,0,2.5,0,0,0,0,35.65,-99.93,35.65,-99.93,0,0,0,0,0,129,0,0,0
651445,2020,4,21,"2020-04-21","19:34:00",3,"OK",40,0,2,0,0,0,0,35.43,-99.37,35.43,-99.37,0,0,0,0,0,9,0,0,0
651446,2020,4,21,"2020-04-21","19:35:00",3,"OK",40,0,2,0,0,0,0,35.41,-99.42,35.41,-99.42,0,0,0,0,0,9,0,0,0
651447,2020,4,21,"2020-04-21","20:05:00",3,"OK",40,0,2.5,0,0,0,0,35.43,-99.38,35.43,-99.38,0,0,0,0,0,9,0,0,0
651448,2020,4,21,"2020-04-21","20:05:00",3,"OK",40,0,1.25,0,0,0,0,35.38,-99.33,35.38,-99.33,0,0,0,0,0,149,0,0,0
651449,2020,4,21,"2020-04-21","20:06:00",3,"OK",40,0,1,0,0,0,0,35.36,-98.46,35.36,-98.46,0,0,0,0,0,15,0,0,0
651450,2020,4,21,"2020-04-21","20:31:00",3,"OK",40,0,1.5,0,0,0,0,35.34,-98.34,35.34,-98.34,0,0,0,0,0,15,0,0,0
651451,2020,4,21,"2020-04-21","20:36:00",3,"OK",40,0,2.5,0,0,0,0,35.28,-99.13,35.28,-99.13,0,0,0,0,0,149,0,0,0
651452,2020,4,21,"2020-04-21","20:38:00",3,"TX",48,0,1.75,0,0,0,0,33.19,-99.8,33.19,-99.8,0,0,0,0,0,207,0,0,0
651453,2020,4,21,"2020-04-21","20:39:00",3,"OK",40,0,1.25,0,0,0,0,35.3,-99.71,35.3,-99.71,0,0,0,0,0,9,0,0,0
651454,2020,4,21,"2020-04-21","20:40:00",3,"OK",40,0,1.75,0,0,0,0,35.29,-99.63,35.29,-99.63,0,0,0,0,0,9,0,0,0
651455,2020,4,21,"2020-04-21","20:49:00",3,"OK",40,0,2.75,0,0,0,0,35.31,-99.64,35.31,-99.64,0,0,0,0,0,9,0,0,0
651456,2020,4,21,"2020-04-21","21:00:00",3,"OK",40,0,1,0,0,0,0,35.2,-98.94,35.2,-98.94,0,0,0,0,0,149,0,0,0
651457,2020,4,21,"2020-04-21","21:08:00",3,"OK",40,0,1.75,0,0,0,0,35.19,-98.88,35.19,-98.88,0,0,0,0,0,149,0,0,0
651458,2020,4,21,"2020-04-21","21:32:00",3,"OK",40,0,1.75,0,0,0,0,35.19,-97.95,35.19,-97.95,0,0,0,0,0,51,0,0,0
651459,2020,4,21,"2020-04-21","21:33:00",3,"OK",40,0,1,0,0,0,0,35.3,-97.94,35.3,-97.94,0,0,0,0,0,51,0,0,0
651460,2020,4,21,"2020-04-21","21:36:00",3,"TX",48,0,2.5,0,0,0,0,33.07,-99.6,33.07,-99.6,0,0,0,0,0,207,0,0,0
651461,2020,4,21,"2020-04-21","21:44:00",3,"OK",40,0,1,0,0,0,0,35.03,-99.09,35.03,-99.09,0,0,0,0,0,75,0,0,0
651462,2020,4,21,"2020-04-21","21:45:00",3,"TX",48,0,1.5,0,0,0,0,33.76,-99.2,33.76,-99.2,0,0,0,0,0,23,0,0,0
651463,2020,4,21,"2020-04-21","21:47:00",3,"OK",40,0,2.5,0,0,0,0,35.18,-97.95,35.18,-97.95,0,0,0,0,0,51,0,0,0
651464,2020,4,21,"2020-04-21","21:47:00",3,"OK",40,0,2,0,0,0,0,35.19,-97.88,35.19,-97.88,0,0,0,0,0,51,0,0,0
651465,2020,4,21,"2020-04-21","22:11:00",3,"OK",40,0,3,0,0,0,0,34.78,-98.29,34.78,-98.29,0,0,0,0,0,31,0,0,0
651466,2020,4,21,"2020-04-21","22:12:00",3,"TX",48,0,1.75,0,0,0,0,34.03,-98.92,34.03,-98.92,0,0,0,0,0,485,0,0,0
651467,2020,4,21,"2020-04-21","22:15:00",3,"OK",40,0,1.75,0,0,0,0,34.78,-98.26,34.78,-98.26,0,0,0,0,0,31,0,0,0
651468,2020,4,21,"2020-04-21","22:19:00",3,"OK",40,0,1.75,0,0,0,0,34.75,-98.12,34.75,-98.12,0,0,0,0,0,31,0,0,0
651469,2020,4,21,"2020-04-21","22:22:00",3,"OK",40,0,2,0,0,0,0,34.89,-98.86,34.89,-98.86,0,0,0,0,0,75,0,0,0
651470,2020,4,21,"2020-04-21","22:25:00",3,"OK",40,0,2,0,0,0,0,34.75,-98.17,34.75,-98.17,0,0,0,0,0,31,0,0,0
651471,2020,4,21,"2020-04-21","22:29:00",3,"TX",48,0,1,0,0,0,0,34.09,-98.6,34.09,-98.6,0,0,0,0,0,485,0,0,0
651472,2020,4,21,"2020-04-21","22:45:00",3,"OK",40,0,2.75,0,0,0,0,34.19,-98.59,34.19,-98.59,0,0,0,0,0,33,0,0,0
651473,2020,4,21,"2020-04-21","22:47:00",3,"OK",40,0,1.5,0,0,0,0,34.78,-98.57,34.78,-98.57,0,0,0,0,0,31,0,0,0
651474,2020,4,21,"2020-04-21","22:57:00",3,"OK",40,0,1,0,0,0,0,34.36,-98.26,34.36,-98.26,0,0,0,0,0,33,0,0,0
651475,2020,4,21,"2020-04-21","23:04:00",3,"OK",40,0,1,0,0,0,0,34.66,-98.17,34.66,-98.17,0,0,0,0,0,31,0,0,0
651476,2020,4,21,"2020-04-21","23:10:00",3,"OK",40,0,1,0,0,0,0,34.73,-98.5,34.73,-98.5,0,0,0,0,0,31,0,0,0
651477,2020,4,21,"2020-04-21","23:15:00",3,"OK",40,0,1.25,0,0,0,0,34.5,-97.96,34.5,-97.96,0,0,0,0,0,137,0,0,0
651478,2020,4,21,"2020-04-21","23:17:00",3,"OK",40,0,1.75,0,0,0,0,34.5,-97.96,34.5,-97.96,0,0,0,0,0,137,0,0,0
651479,2020,4,21,"2020-04-21","23:18:00",3,"OK",40,0,1.25,0,0,0,0,34.5,-97.96,34.5,-97.96,0,0,0,0,0,137,0,0,0
651480,2020,4,21,"2020-04-21","23:33:00",3,"OK",40,0,0.88,0,0,0,0,34.45,-97.51,34.45,-97.51,0,0,0,0,0,19,0,0,0
651481,2020,4,21,"2020-04-21","23:55:00",3,"OK",40,0,1,0,0,0,0,34.4,-97.14,34.4,-97.14,0,0,0,0,0,99,0,0,0
651482,2020,4,22,"2020-04-22","00:12:00",3,"OK",40,0,1.75,0,0,0,0,34.32,-97,34.32,-97,0,0,0,0,0,19,0,0,0
651483,2020,4,22,"2020-04-22","00:20:00",3,"OK",40,0,1.75,0,0,0,0,34.5,-97.96,34.5,-97.96,0,0,0,0,0,137,0,0,0
651484,2020,4,22,"2020-04-22","00:30:00",3,"OK",40,0,1,0,0,0,0,34.34,-96.76,34.34,-96.76,0,0,0,0,0,69,0,0,0
651485,2020,4,22,"2020-04-22","00:48:00",3,"OK",40,0,1,0,0,0,0,34.24,-96.59,34.24,-96.59,0,0,0,0,0,69,0,0,0
651486,2020,4,22,"2020-04-22","01:00:00",3,"OK",40,0,2,0,0,1e+06,0,34.2414,-96.5587,34.2414,-96.5587,0,0,0,0,0,69,0,0,0
651487,2020,4,22,"2020-04-22","01:02:00",3,"OK",40,0,1,0,0,0,0,34.27,-96.5,34.27,-96.5,0,0,0,0,0,69,0,0,0
651488,2020,4,22,"2020-04-22","01:12:00",3,"OK",40,0,1,0,0,0,0,34.23,-97.49,34.23,-97.49,0,0,0,0,0,19,0,0,0
651489,2020,4,22,"2020-04-22","01:15:00",3,"TX",48,0,1,0,0,0,0,35.68,-102.33,35.68,-102.33,0,0,0,0,0,205,0,0,0
651490,2020,4,22,"2020-04-22","01:20:00",3,"OK",40,0,2,0,0,0,0,34.13,-96.27,34.13,-96.27,0,0,0,0,0,13,0,0,0
651491,2020,4,22,"2020-04-22","01:27:00",3,"KS",20,0,1,0,0,0,0,37.04,-100.92,37.04,-100.92,0,0,0,0,0,175,0,0,0
651492,2020,4,22,"2020-04-22","01:35:00",3,"OK",40,0,1.75,0,0,0,0,34.23,-97.2,34.23,-97.2,0,0,0,0,0,19,0,0,0
651493,2020,4,22,"2020-04-22","01:37:00",3,"AR",5,0,1,0,0,0,0,33.9563,-93.8555,33.9563,-93.8555,0,0,0,0,0,61,0,0,0
651494,2020,4,22,"2020-04-22","01:40:00",3,"KS",20,0,1.25,0,0,0,0,37.09,-100.8,37.09,-100.8,0,0,0,0,0,175,0,0,0
651495,2020,4,22,"2020-04-22","01:50:00",3,"OK",40,0,1,0,0,0,0,34.23,-96.39,34.23,-96.39,0,0,0,0,0,5,0,0,0
651496,2020,4,22,"2020-04-22","02:29:00",3,"TX",48,0,1,0,0,0,0,35.82,-101.62,35.82,-101.62,0,0,0,0,0,341,0,0,0
651497,2020,4,22,"2020-04-22","02:29:00",3,"TX",48,0,1.5,0,0,0,0,35.67,-101.6,35.67,-101.6,0,0,0,0,0,233,0,0,0
651498,2020,4,22,"2020-04-22","02:35:00",3,"TX",48,0,1,0,0,0,0,35.82,-101.44,35.82,-101.44,0,0,0,0,0,233,0,0,0
651499,2020,4,22,"2020-04-22","02:35:00",3,"TX",48,0,1.5,0,0,0,0,35.66,-101.4,35.66,-101.4,0,0,0,0,0,233,0,0,0
651500,2020,4,22,"2020-04-22","03:04:00",3,"TX",48,0,0.88,0,0,0,0,36.19,-101.2,36.19,-101.2,0,0,0,0,0,195,0,0,0
651501,2020,4,22,"2020-04-22","03:05:00",3,"TX",48,0,0.75,0,0,0,0,36.19,-101.2,36.19,-101.2,0,0,0,0,0,195,0,0,0
651502,2020,4,22,"2020-04-22","03:06:00",3,"TX",48,0,0.75,0,0,0,0,36.19,-101.19,36.19,-101.19,0,0,0,0,0,195,0,0,0
651503,2020,4,22,"2020-04-22","03:38:00",3,"OK",40,0,1.75,0,0,0,0,36.13,-100,36.13,-100,0,0,0,0,0,45,0,0,0
651504,2020,4,22,"2020-04-22","04:33:00",3,"OK",40,0,1,0,0,0,0,36.4,-97.88,36.4,-97.88,0,0,0,0,0,47,0,0,0
651505,2020,4,22,"2020-04-22","04:35:00",3,"OK",40,0,1,0,0,0,0,36.34,-97.9,36.34,-97.9,0,0,0,0,0,47,0,0,0
651506,2020,4,22,"2020-04-22","06:10:00",3,"OK",40,0,1.5,0,0,15000,0,36.3354,-96.8025,36.3354,-96.8025,0,0,0,0,0,117,0,0,0
651507,2020,4,22,"2020-04-22","07:20:00",3,"OK",40,0,1,0,0,0,0,36.3108,-96.4654,36.3108,-96.4654,0,0,0,0,0,117,0,0,0
651508,2020,4,22,"2020-04-22","07:31:00",3,"OK",40,0,1.25,0,0,10000,0,36.1044,-96.0171,36.1044,-96.0171,0,0,0,0,0,143,0,0,0
651509,2020,4,22,"2020-04-22","07:35:00",3,"OK",40,0,1.5,0,0,20000,0,36.12,-96.12,36.12,-96.12,0,0,0,0,0,143,0,0,0
651510,2020,4,22,"2020-04-22","07:38:00",3,"OK",40,0,1.75,0,0,20000,0,36.1113,-96.1193,36.1113,-96.1193,0,0,0,0,0,143,0,0,0
651511,2020,4,22,"2020-04-22","07:40:00",3,"OK",40,0,1.5,0,0,15000,0,36.1429,-96.0834,36.1429,-96.0834,0,0,0,0,0,143,0,0,0
651512,2020,4,22,"2020-04-22","07:43:00",3,"OK",40,0,1,0,0,0,0,36.1224,-95.9757,36.1224,-95.9757,0,0,0,0,0,143,0,0,0
651513,2020,4,22,"2020-04-22","07:45:00",3,"OK",40,0,2,0,0,50000,0,36.1492,-95.9907,36.1492,-95.9907,0,0,0,0,0,143,0,0,0
651514,2020,4,22,"2020-04-22","07:45:00",3,"OK",40,0,1.75,0,0,50000,0,36.1169,-96.0286,36.1169,-96.0286,0,0,0,0,0,143,0,0,0
651515,2020,4,22,"2020-04-22","07:46:00",3,"OK",40,0,1.75,0,0,50000,0,36.1188,-95.9758,36.1188,-95.9758,0,0,0,0,0,143,0,0,0
651516,2020,4,22,"2020-04-22","07:46:00",3,"OK",40,0,1.25,0,0,15000,0,36.1567,-95.9817,36.1567,-95.9817,0,0,0,0,0,143,0,0,0
651517,2020,4,22,"2020-04-22","07:49:00",3,"OK",40,0,1.5,0,0,50000,0,36.1489,-95.9845,36.1489,-95.9845,0,0,0,0,0,143,0,0,0
651518,2020,4,22,"2020-04-22","07:50:00",3,"OK",40,0,1.25,0,0,30000,0,36.13,-95.92,36.13,-95.92,0,0,0,0,0,143,0,0,0
651519,2020,4,22,"2020-04-22","08:20:00",3,"OK",40,0,1,0,0,0,0,34.95,-97.92,34.95,-97.92,0,0,0,0,0,51,0,0,0
651520,2020,4,22,"2020-04-22","08:21:00",3,"TX",48,0,1,0,0,0,0,33.93,-97.7,33.93,-97.7,0,0,0,0,0,337,0,0,0
651521,2020,4,22,"2020-04-22","09:20:00",3,"OK",40,0,1,0,0,0,0,34.19,-96.88,34.19,-96.88,0,0,0,0,0,69,0,0,0
651522,2020,4,22,"2020-04-22","09:20:00",3,"OK",40,0,2.5,0,0,0,0,34.17,-96.83,34.17,-96.83,0,0,0,0,0,95,0,0,0
651523,2020,4,22,"2020-04-22","09:26:00",3,"TX",48,0,0.88,0,0,0,0,30.38,-97.89,30.38,-97.89,0,0,0,0,0,453,0,0,0
651524,2020,4,22,"2020-04-22","09:34:00",3,"TX",48,0,0.75,0,0,0,0,30.43,-97.79,30.43,-97.79,0,0,0,0,0,453,0,0,0
651525,2020,4,22,"2020-04-22","09:35:00",3,"TX",48,0,1,0,0,0,0,30.46,-97.75,30.46,-97.75,0,0,0,0,0,491,0,0,0
651526,2020,4,22,"2020-04-22","09:37:00",3,"OK",40,0,1,0,0,0,0,34.24,-96.68,34.24,-96.68,0,0,0,0,0,69,0,0,0
651527,2020,4,22,"2020-04-22","10:15:00",3,"OK",40,0,0.88,0,0,0,0,34.32,-96.17,34.32,-96.17,0,0,0,0,0,5,0,0,0
651528,2020,4,22,"2020-04-22","10:45:00",3,"OK",40,0,1,0,0,0,0,35.41,-97.68,35.41,-97.68,0,0,0,0,0,17,0,0,0
651529,2020,4,22,"2020-04-22","10:46:00",3,"LA",22,0,1.25,0,0,0,0,31.7577,-93.3623,31.7577,-93.3623,0,0,0,0,0,69,0,0,0
651530,2020,4,22,"2020-04-22","10:50:00",3,"LA",22,0,1.25,0,0,0,0,31.6901,-93.304,31.6901,-93.304,0,0,0,0,0,69,0,0,0
651531,2020,4,22,"2020-04-22","10:53:00",3,"LA",22,0,1.75,0,0,0,0,31.7354,-93.2604,31.7354,-93.2604,0,0,0,0,0,69,0,0,0
651532,2020,4,22,"2020-04-22","10:55:00",3,"OK",40,0,1,0,0,0,0,35.4605,-97.6364,35.4605,-97.6364,0,0,0,0,0,109,0,0,0
651533,2020,4,22,"2020-04-22","10:55:00",3,"OK",40,0,1,0,0,0,0,35.4933,-97.5833,35.4933,-97.5833,0,0,0,0,0,109,0,0,0
651534,2020,4,22,"2020-04-22","10:58:00",3,"LA",22,0,1,0,0,0,0,31.7144,-93.214,31.7144,-93.214,0,0,0,0,0,69,0,0,0
651535,2020,4,22,"2020-04-22","11:00:00",3,"OK",40,0,0.75,0,0,0,0,35.4011,-95.52,35.4011,-95.52,0,0,0,0,0,91,0,0,0
651536,2020,4,22,"2020-04-22","11:04:00",3,"OK",40,0,1.5,0,0,0,0,35.51,-97.56,35.51,-97.56,0,0,0,0,0,109,0,0,0
651537,2020,4,22,"2020-04-22","11:12:00",3,"LA",22,0,1,0,0,0,0,31.8726,-92.9985,31.8726,-92.9985,0,0,0,0,0,69,0,0,0
651538,2020,4,22,"2020-04-22","11:15:00",3,"AR",5,0,0.75,0,0,0,0,33.2121,-92.6617,33.2121,-92.6617,0,0,0,0,0,139,0,0,0
651539,2020,4,22,"2020-04-22","11:19:00",3,"OK",40,0,1,0,0,0,0,35.57,-97.49,35.57,-97.49,0,0,0,0,0,109,0,0,0
651540,2020,4,22,"2020-04-22","11:29:00",3,"OK",40,0,1,0,0,0,0,36.3094,-96.4595,36.3094,-96.4595,0,0,0,0,0,117,0,0,0
651541,2020,4,22,"2020-04-22","11:37:00",3,"LA",22,0,1,0,0,0,0,31.7444,-93.127,31.7444,-93.127,0,0,0,0,0,69,0,0,0
651542,2020,4,22,"2020-04-22","11:40:00",3,"LA",22,0,1,0,0,0,0,31.5867,-93.2671,31.5867,-93.2671,0,0,0,0,0,69,0,0,0
651543,2020,4,22,"2020-04-22","11:44:00",3,"LA",22,0,1,0,0,0,0,32.8732,-93.9879,32.8732,-93.9879,0,0,0,0,0,17,0,0,0
651544,2020,4,22,"2020-04-22","12:15:00",3,"OK",40,0,1,0,0,0,0,34.999,-94.72,34.999,-94.72,0,0,0,0,0,79,0,0,0
651545,2020,4,22,"2020-04-22","12:20:00",3,"LA",22,0,1,0,0,0,0,31.7469,-92.8376,31.7469,-92.8376,0,0,0,0,0,127,0,0,0
651546,2020,4,22,"2020-04-22","12:21:00",3,"OK",40,0,1,0,0,0,0,36.56,-97.99,36.56,-97.99,0,0,0,0,0,47,0,0,0
651547,2020,4,22,"2020-04-22","12:27:00",3,"LA",22,0,1,0,0,0,0,31.8063,-92.7366,31.8063,-92.7366,0,0,0,0,0,127,0,0,0
651548,2020,4,22,"2020-04-22","12:48:00",3,"AR",5,0,1.75,0,0,25000,0,35.2167,-94.2572,35.2167,-94.2572,0,0,0,0,0,131,0,0,0
651549,2020,4,22,"2020-04-22","12:50:00",3,"LA",22,0,0.75,0,0,0,0,31.8803,-92.5895,31.8803,-92.5895,0,0,0,0,0,127,0,0,0
651550,2020,4,22,"2020-04-22","12:58:00",3,"OK",40,0,0.75,0,0,0,0,34.85,-99.02,34.85,-99.02,0,0,0,0,0,75,0,0,0
651551,2020,4,22,"2020-04-22","13:15:00",3,"OK",40,0,0.75,0,0,0,0,35.4708,-95.5226,35.4708,-95.5226,0,0,0,0,0,91,0,0,0
651552,2020,4,22,"2020-04-22","13:39:00",3,"TX",48,0,1.75,0,0,0,0,31.5,-95.48,31.5,-95.48,0,0,0,0,0,225,0,0,0
651553,2020,4,22,"2020-04-22","14:09:00",3,"OK",40,0,1.5,0,0,0,0,36.62,-97.28,36.62,-97.28,0,0,0,0,0,71,0,0,0
651554,2020,4,22,"2020-04-22","14:11:00",3,"OK",40,0,1,0,0,0,0,36.65,-97.26,36.65,-97.26,0,0,0,0,0,71,0,0,0
651555,2020,4,22,"2020-04-22","14:12:00",3,"OK",40,0,1.5,0,0,0,0,34.78,-98.26,34.78,-98.26,0,0,0,0,0,31,0,0,0
651556,2020,4,22,"2020-04-22","14:14:00",3,"OK",40,0,1,0,0,0,0,34.77,-98.28,34.77,-98.28,0,0,0,0,0,31,0,0,0
651557,2020,4,22,"2020-04-22","14:17:00",3,"OK",40,0,1.5,0,0,0,0,36.68,-97.28,36.68,-97.28,0,0,0,0,0,71,0,0,0
651558,2020,4,22,"2020-04-22","14:28:00",3,"TX",48,0,1.25,0,0,0,0,31.6467,-94.887,31.6467,-94.887,0,0,0,0,0,347,0,0,0
651559,2020,4,22,"2020-04-22","14:28:00",3,"TX",48,0,1.75,0,0,0,0,31.6581,-94.8823,31.6581,-94.8823,0,0,0,0,0,347,0,0,0
651560,2020,4,22,"2020-04-22","14:34:00",3,"TX",48,0,2,0,0,0,0,31.5833,-94.7858,31.5833,-94.7858,0,0,0,0,0,347,0,0,0
651561,2020,4,22,"2020-04-22","14:39:00",3,"TX",48,0,1.75,0,0,0,0,31.5838,-94.755,31.5838,-94.755,0,0,0,0,0,347,0,0,0
651562,2020,4,22,"2020-04-22","14:41:00",3,"TX",48,0,1,0,0,0,0,31.5686,-94.6804,31.5686,-94.6804,0,0,0,0,0,347,0,0,0
651563,2020,4,22,"2020-04-22","14:41:00",3,"TX",48,0,1,0,0,0,0,31.5726,-94.7035,31.5726,-94.7035,0,0,0,0,0,347,0,0,0
651564,2020,4,22,"2020-04-22","14:47:00",3,"OK",40,0,1,0,0,0,0,34.72,-97.96,34.72,-97.96,0,0,0,0,0,51,0,0,0
651565,2020,4,22,"2020-04-22","14:48:00",3,"AR",5,0,1,0,0,0,0,35.15,-93.81,35.15,-93.81,0,0,0,0,0,83,0,0,0
651566,2020,4,22,"2020-04-22","15:40:00",3,"TX",48,0,0.88,0,0,0,0,33.83,-96.83,33.83,-96.83,0,0,0,0,0,181,0,0,0
651567,2020,4,22,"2020-04-22","16:06:00",3,"OK",40,0,0.75,0,0,0,0,34.78,-96.66,34.78,-96.66,0,0,0,0,0,123,0,0,0
651568,2020,4,22,"2020-04-22","16:08:00",3,"OK",40,0,1,0,0,0,0,34.74,-96.61,34.74,-96.61,0,0,0,0,0,123,0,0,0
651569,2020,4,22,"2020-04-22","16:12:00",3,"TX",48,0,1,0,0,0,0,30.94,-95.47,30.94,-95.47,0,0,0,0,0,471,0,0,0
651570,2020,4,22,"2020-04-22","16:15:00",3,"OK",40,0,2.75,0,0,0,0,34.14,-96.5,34.14,-96.5,0,0,0,0,0,69,0,0,0
651571,2020,4,22,"2020-04-22","16:20:00",3,"TX",48,0,1,0,0,0,0,30.94,-95.37,30.94,-95.37,0,0,0,0,0,455,0,0,0
651572,2020,4,22,"2020-04-22","16:26:00",3,"TX",48,0,2,0,0,9000,0,30.93,-95.38,30.93,-95.38,0,0,0,0,0,455,0,0,0
651573,2020,4,22,"2020-04-22","16:45:00",3,"TX",48,0,0.88,0,0,0,0,32.49,-94.3553,32.49,-94.3553,0,0,0,0,0,203,0,0,0
651574,2020,4,22,"2020-04-22","17:07:00",3,"LA",22,0,1.25,0,0,0,0,32.4817,-93.71,32.4817,-93.71,0,0,0,0,0,17,0,0,0
651575,2020,4,22,"2020-04-22","18:09:00",3,"OK",40,0,1,0,0,0,0,33.9993,-95.907,33.9993,-95.907,0,0,0,0,0,23,0,0,0
651576,2020,4,22,"2020-04-22","18:40:00",3,"TX",48,0,2.5,0,0,0,0,30.99,-93.8,30.99,-93.8,0,0,0,0,0,351,0,0,0
651577,2020,4,22,"2020-04-22","18:58:00",3,"OK",40,0,0.75,0,0,0,0,34.6689,-94.8475,34.6689,-94.8475,0,0,0,0,0,79,0,0,0
651578,2020,4,22,"2020-04-22","19:45:00",3,"MS",28,0,1.5,0,0,10000,0,31.82,-91.05,31.82,-91.05,0,0,0,0,0,63,0,0,0
651579,2020,4,22,"2020-04-22","20:20:00",3,"AR",5,0,1,0,0,0,0,33.9029,-94.254,33.9029,-94.254,0,0,0,0,0,133,0,0,0
651580,2020,4,22,"2020-04-22","20:51:00",3,"AR",5,0,1,0,0,0,0,33.9402,-93.8514,33.9402,-93.8514,0,0,0,0,0,61,0,0,0
651581,2020,4,22,"2020-04-22","20:56:00",3,"LA",22,0,1,0,0,0,0,32.1636,-92.9751,32.1636,-92.9751,0,0,0,0,0,13,0,0,0
651582,2020,4,22,"2020-04-22","21:01:00",3,"AR",5,0,1,0,0,0,0,33.9494,-93.7872,33.9494,-93.7872,0,0,0,0,0,57,0,0,0
651583,2020,4,22,"2020-04-22","21:16:00",3,"MS",28,0,1,0,0,0,0,31.86,-90.39,31.86,-90.39,0,0,0,0,0,29,0,0,0
651584,2020,4,22,"2020-04-22","21:19:00",3,"MS",28,0,1,0,0,0,0,31.6768,-90.4501,31.6768,-90.4501,0,0,0,0,0,85,0,0,0
651585,2020,4,22,"2020-04-22","21:58:00",3,"MS",28,0,1,0,0,0,0,31.75,-89.85,31.75,-89.85,0,0,0,0,0,65,0,0,0
651586,2020,4,22,"2020-04-22","22:25:00",3,"MS",28,0,1,0,0,0,0,33.27,-90.88,33.27,-90.88,0,0,0,0,0,151,0,0,0
651587,2020,4,22,"2020-04-22","22:39:00",3,"MS",28,0,1,0,0,0,0,33.4501,-90.6487,33.4501,-90.6487,0,0,0,0,0,133,0,0,0
651588,2020,4,22,"2020-04-22","22:55:00",3,"MS",28,0,1.25,0,0,0,0,33.64,-90.35,33.64,-90.35,0,0,0,0,0,83,0,0,0
651589,2020,4,22,"2020-04-22","23:05:00",3,"LA",22,0,1.25,0,0,5000,0,32.1,-91.71,32.1,-91.71,0,0,0,0,0,41,0,0,0
651590,2020,4,22,"2020-04-22","23:47:00",3,"LA",22,0,1,0,0,0,0,30.3,-93.2,30.3,-93.2,0,0,0,0,0,19,0,0,0
651591,2020,4,22,"2020-04-22","23:49:00",3,"LA",22,0,1,0,0,0,0,30.34,-93.21,30.34,-93.21,0,0,0,0,0,19,0,0,0
651592,2020,4,23,"2020-04-23","01:50:00",3,"LA",22,0,1.5,0,0,0,0,30.55,-91.56,30.55,-91.56,0,0,0,0,0,77,0,0,0
651593,2020,4,23,"2020-04-23","01:57:00",3,"LA",22,0,1.25,0,0,0,0,30.49,-91.52,30.49,-91.52,0,0,0,0,0,47,0,0,0
651594,2020,4,23,"2020-04-23","02:00:00",3,"LA",22,0,1.5,0,0,0,0,30.53,-91.41,30.53,-91.41,0,0,0,0,0,121,0,0,0
651595,2020,4,23,"2020-04-23","02:18:00",3,"LA",22,0,1,0,0,0,0,30.45,-91.21,30.45,-91.21,0,0,0,0,0,121,0,0,0
651596,2020,4,23,"2020-04-23","02:20:00",3,"LA",22,0,1,0,0,0,0,30.48,-90.96,30.48,-90.96,0,0,0,0,0,63,0,0,0
651597,2020,4,23,"2020-04-23","02:36:00",3,"LA",22,0,1,0,0,0,0,30.56,-90.93,30.56,-90.93,0,0,0,0,0,63,0,0,0
651598,2020,4,23,"2020-04-23","12:05:00",3,"LA",22,0,1,0,0,0,0,30.58,-90.99,30.58,-90.99,0,0,0,0,0,33,0,0,0
651599,2020,4,23,"2020-04-23","12:13:00",3,"GA",13,0,1,0,0,0,0,31.21,-82.36,31.21,-82.36,0,0,0,0,0,299,0,0,0
651600,2020,4,23,"2020-04-23","12:15:00",3,"GA",13,0,1,0,0,0,0,31.21,-82.35,31.21,-82.35,0,0,0,0,0,299,0,0,0
651601,2020,4,23,"2020-04-23","12:20:00",3,"GA",13,0,1,0,0,0,0,31.3,-82.24,31.3,-82.24,0,0,0,0,0,229,0,0,0
651602,2020,4,23,"2020-04-23","12:30:00",3,"GA",13,0,1.75,0,0,0,0,31.17,-82.14,31.17,-82.14,0,0,0,0,0,25,0,0,0
651603,2020,4,23,"2020-04-23","12:43:00",3,"GA",13,0,1,0,0,0,0,31.34,-81.96,31.34,-81.96,0,0,0,0,0,25,0,0,0
651604,2020,4,23,"2020-04-23","12:50:00",3,"GA",13,0,1.75,0,0,0,0,31.28,-81.78,31.28,-81.78,0,0,0,0,0,25,0,0,0
651605,2020,4,23,"2020-04-23","13:07:00",3,"AL",1,0,1,0,0,0,0,32.7,-88.33,32.7,-88.33,0,0,0,0,0,119,0,0,0
651606,2020,4,23,"2020-04-23","13:20:00",3,"GA",13,0,1,0,0,0,0,31.37,-81.43,31.37,-81.43,0,0,0,0,0,191,0,0,0
651607,2020,4,23,"2020-04-23","13:23:00",3,"GA",13,0,1,0,0,0,0,31.46,-81.43,31.46,-81.43,0,0,0,0,0,191,0,0,0
651608,2020,4,23,"2020-04-23","13:31:00",3,"GA",13,0,0.88,0,0,0,0,31.5,-81.35,31.5,-81.35,0,0,0,0,0,191,0,0,0
651609,2020,4,23,"2020-04-23","14:21:00",3,"MS",28,0,1,0,0,0,0,32.17,-88.79,32.17,-88.79,0,0,0,0,0,23,0,0,0
651610,2020,4,23,"2020-04-23","15:03:00",3,"AL",1,0,1,0,0,0,0,32.91,-86.92,32.91,-86.92,0,0,0,0,0,7,0,0,0
651611,2020,4,23,"2020-04-23","16:05:00",3,"GA",13,0,0.88,0,0,0,0,34.44,-83.35,34.44,-83.35,0,0,0,0,0,119,0,0,0
651612,2020,4,24,"2020-04-24","05:53:00",3,"OK",40,0,2,0,0,0,0,34,-96.04,34,-96.04,0,0,0,0,0,13,0,0,0
651613,2020,4,24,"2020-04-24","13:28:00",3,"VA",51,0,1,0,0,0,0,37.65,-78.1,37.65,-78.1,0,0,0,0,0,49,0,0,0
651614,2020,4,24,"2020-04-24","14:15:00",3,"VA",51,0,1,0,0,0,0,37.45,-77.68,37.45,-77.68,0,0,0,0,0,41,0,0,0
651615,2020,4,24,"2020-04-24","14:35:00",3,"VA",51,0,1,0,0,0,0,37.38,-77.48,37.38,-77.48,0,0,0,0,0,41,0,0,0
651616,2020,4,24,"2020-04-24","14:37:00",3,"VA",51,0,1,0,0,0,0,37.35,-77.48,37.35,-77.48,0,0,0,0,0,41,0,0,0
651617,2020,4,24,"2020-04-24","14:45:00",3,"VA",51,0,1,0,0,0,0,37.35,-77.44,37.35,-77.44,0,0,0,0,0,41,0,0,0
651618,2020,4,24,"2020-04-24","14:45:00",3,"VA",51,0,1,0,0,0,0,37.35,-77.42,37.35,-77.42,0,0,0,0,0,41,0,0,0
651619,2020,4,24,"2020-04-24","14:50:00",3,"VA",51,0,1,0,0,0,0,37.32,-77.43,37.32,-77.43,0,0,0,0,0,41,0,0,0
651620,2020,4,24,"2020-04-24","14:50:00",3,"VA",51,0,1,0,0,0,0,37.31,-77.39,37.31,-77.39,0,0,0,0,0,41,0,0,0
651621,2020,4,24,"2020-04-24","14:51:00",3,"VA",51,0,1,0,0,0,0,37.33,-77.33,37.33,-77.33,0,0,0,0,0,41,0,0,0
651622,2020,4,24,"2020-04-24","14:52:00",3,"VA",51,0,1.5,0,0,0,0,37.33,-77.32,37.33,-77.32,0,0,0,0,0,41,0,0,0
651623,2020,4,24,"2020-04-24","14:53:00",3,"VA",51,0,1,0,0,0,0,37.35,-77.41,37.35,-77.41,0,0,0,0,0,41,0,0,0
651624,2020,4,24,"2020-04-24","14:56:00",3,"VA",51,0,1,0,0,0,0,37.3,-77.3,37.3,-77.3,0,0,0,0,0,670,0,0,0
651625,2020,4,24,"2020-04-24","15:02:00",3,"VA",51,0,1,0,0,0,0,37.29,-77.33,37.29,-77.33,0,0,0,0,0,670,0,0,0
651626,2020,4,24,"2020-04-24","15:20:00",3,"ND",38,0,0.75,0,0,0,0,48.27,-99.28,48.27,-99.28,0,0,0,0,0,5,0,0,0
651627,2020,4,24,"2020-04-24","15:41:00",3,"OK",40,0,0.88,0,0,0,0,36.664,-96.0302,36.664,-96.0302,0,0,0,0,0,113,0,0,0
651628,2020,4,24,"2020-04-24","15:43:00",3,"OK",40,0,1,0,0,0,0,36.7332,-95.9421,36.7332,-95.9421,0,0,0,0,0,147,0,0,0
651629,2020,4,24,"2020-04-24","15:58:00",3,"OK",40,0,0.75,0,0,0,0,36.7278,-95.8993,36.7278,-95.8993,0,0,0,0,0,147,0,0,0
651630,2020,4,24,"2020-04-24","16:15:00",3,"OK",40,0,0.88,0,0,0,0,35.6158,-96.57,35.6158,-96.57,0,0,0,0,0,107,0,0,0
651631,2020,4,24,"2020-04-24","16:25:00",3,"OK",40,0,1,0,0,0,0,35.7355,-95.37,35.7355,-95.37,0,0,0,0,0,101,0,0,0
651632,2020,4,24,"2020-04-24","16:27:00",3,"OK",40,0,1,0,0,0,0,36.153,-96.0315,36.153,-96.0315,0,0,0,0,0,143,0,0,0
651633,2020,4,24,"2020-04-24","16:35:00",3,"OK",40,0,1,0,0,0,0,35.3473,-95.4388,35.3473,-95.4388,0,0,0,0,0,91,0,0,0
651634,2020,4,24,"2020-04-24","16:45:00",3,"OK",40,0,1.5,0,0,10000,0,35.3481,-95.4196,35.3481,-95.4196,0,0,0,0,0,91,0,0,0
651635,2020,4,24,"2020-04-24","16:46:00",3,"OK",40,0,0.75,0,0,0,0,36.1405,-95.9224,36.1405,-95.9224,0,0,0,0,0,143,0,0,0
651636,2020,4,24,"2020-04-24","16:52:00",3,"OK",40,0,1,0,0,0,0,35.399,-95.27,35.399,-95.27,0,0,0,0,0,101,0,0,0
651637,2020,4,24,"2020-04-24","16:56:00",3,"OK",40,0,0.75,0,0,0,0,35.9722,-95.9339,35.9722,-95.9339,0,0,0,0,0,143,0,0,0
651638,2020,4,24,"2020-04-24","16:58:00",3,"OK",40,0,1.5,0,0,10000,0,35.4134,-95.27,35.4134,-95.27,0,0,0,0,0,101,0,0,0
651639,2020,4,24,"2020-04-24","17:07:00",3,"OK",40,0,0.75,0,0,0,0,35.9193,-95.9179,35.9193,-95.9179,0,0,0,0,0,143,0,0,0
651640,2020,4,24,"2020-04-24","17:15:00",3,"OK",40,0,1,0,0,0,0,34.09,-96.39,34.09,-96.39,0,0,0,0,0,13,0,0,0
651641,2020,4,24,"2020-04-24","17:23:00",3,"OK",40,0,1,0,0,0,0,36.2711,-95.32,36.2711,-95.32,0,0,0,0,0,97,0,0,0
651642,2020,4,24,"2020-04-24","17:29:00",3,"OK",40,0,0.88,0,0,0,0,34.05,-96.31,34.05,-96.31,0,0,0,0,0,13,0,0,0
651643,2020,4,24,"2020-04-24","17:45:00",3,"TX",48,0,0.75,0,0,0,0,32.7283,-94.9431,32.7283,-94.9431,0,0,0,0,0,459,0,0,0
651644,2020,4,24,"2020-04-24","17:45:00",3,"OK",40,0,1,0,0,0,0,34.02,-96.14,34.02,-96.14,0,0,0,0,0,13,0,0,0
651645,2020,4,24,"2020-04-24","17:53:00",3,"OK",40,0,2,0,0,0,0,34,-96.04,34,-96.04,0,0,0,0,0,13,0,0,0
651646,2020,4,24,"2020-04-24","17:57:00",3,"OK",40,0,1,0,0,0,0,35.1634,-95.7761,35.1634,-95.7761,0,0,0,0,0,121,0,0,0
651647,2020,4,24,"2020-04-24","17:58:00",3,"TX",48,0,1.25,0,0,0,0,32.7032,-94.7505,32.7032,-94.7505,0,0,0,0,0,459,0,0,0
651648,2020,4,24,"2020-04-24","17:59:00",3,"OK",40,0,1,0,0,0,0,34.9914,-95.8449,34.9914,-95.8449,0,0,0,0,0,121,0,0,0
651649,2020,4,24,"2020-04-24","18:00:00",3,"OK",40,0,1.75,0,0,0,0,34.26,-95.87,34.26,-95.87,0,0,0,0,0,5,0,0,0
651650,2020,4,24,"2020-04-24","18:08:00",3,"OK",40,0,0.75,0,0,0,0,35.1245,-95.6701,35.1245,-95.6701,0,0,0,0,0,121,0,0,0
651651,2020,4,24,"2020-04-24","18:10:00",3,"TX",48,0,2,0,0,5000,0,33.5683,-95.6024,33.5683,-95.6024,0,0,0,0,0,277,0,0,0
651652,2020,4,24,"2020-04-24","18:10:00",3,"TX",48,0,2,0,0,10000,0,33.69,-95.81,33.69,-95.81,0,0,0,0,0,277,0,0,0
651653,2020,4,24,"2020-04-24","18:11:00",3,"TX",48,0,2.75,0,0,1e+05,0,33.64,-95.55,33.64,-95.55,0,0,0,0,0,277,0,0,0
651654,2020,4,24,"2020-04-24","18:17:00",3,"OK",40,0,0.88,0,0,0,0,34.9812,-95.7076,34.9812,-95.7076,0,0,0,0,0,121,0,0,0
651655,2020,4,24,"2020-04-24","18:17:00",3,"TX",48,0,1.75,0,0,10000,0,33.58,-95.53,33.58,-95.53,0,0,0,0,0,277,0,0,0
651656,2020,4,24,"2020-04-24","18:24:00",3,"OK",40,0,0.75,0,0,0,0,35.53,-95.12,35.53,-95.12,0,0,0,0,0,135,0,0,0
651657,2020,4,24,"2020-04-24","18:30:00",3,"TX",48,0,1.75,0,0,10000,0,33.58,-95.45,33.58,-95.45,0,0,0,0,0,277,0,0,0
651658,2020,4,24,"2020-04-24","18:40:00",3,"TX",48,0,1,0,0,0,0,33.4681,-95.214,33.4681,-95.214,0,0,0,0,0,387,0,0,0
651659,2020,4,24,"2020-04-24","18:50:00",3,"OK",40,0,1.25,0,0,0,0,34.7591,-95.5414,34.7591,-95.5414,0,0,0,0,0,121,0,0,0
651660,2020,4,24,"2020-04-24","18:55:00",3,"OK",40,0,1,0,0,0,0,33.8932,-95.0299,33.8932,-95.0299,0,0,0,0,0,89,0,0,0
651661,2020,4,24,"2020-04-24","18:56:00",3,"OK",40,0,0.88,0,0,0,0,34.92,-95.32,34.92,-95.32,0,0,0,0,0,77,0,0,0
651662,2020,4,24,"2020-04-24","18:57:00",3,"TX",48,0,1,0,0,0,0,32.581,-94.5801,32.581,-94.5801,0,0,0,0,0,203,0,0,0
651663,2020,4,24,"2020-04-24","18:58:00",3,"TX",48,0,1,0,0,0,0,32.8582,-94.3663,32.8582,-94.3663,0,0,0,0,0,315,0,0,0
651664,2020,4,24,"2020-04-24","19:00:00",3,"TX",48,0,1,0,0,0,0,32.5803,-94.4732,32.5803,-94.4732,0,0,0,0,0,203,0,0,0
651665,2020,4,24,"2020-04-24","19:00:00",3,"MO",29,0,1,0,0,0,0,37.07,-93.91,37.07,-93.91,0,0,0,0,0,109,0,0,0
651666,2020,4,24,"2020-04-24","19:09:00",3,"TX",48,0,1,0,0,0,0,31.5,-95.47,31.5,-95.47,0,0,0,0,0,225,0,0,0
651667,2020,4,24,"2020-04-24","19:11:00",3,"TX",48,0,1,0,0,0,0,33.2989,-95.0859,33.2989,-95.0859,0,0,0,0,0,449,0,0,0
651668,2020,4,24,"2020-04-24","19:12:00",3,"TX",48,0,1,0,0,0,0,32.3476,-94.7092,32.3476,-94.7092,0,0,0,0,0,401,0,0,0
651669,2020,4,24,"2020-04-24","19:15:00",3,"TX",48,0,1,0,0,0,0,33.201,-94.9549,33.201,-94.9549,0,0,0,0,0,449,0,0,0
651670,2020,4,24,"2020-04-24","19:15:00",3,"TX",48,0,1.75,0,0,0,0,33.2053,-94.9536,33.2053,-94.9536,0,0,0,0,0,449,0,0,0
651671,2020,4,24,"2020-04-24","19:15:00",3,"TX",48,0,1,0,0,0,0,32.5249,-94.3891,32.5249,-94.3891,0,0,0,0,0,203,0,0,0
651672,2020,4,24,"2020-04-24","19:17:00",3,"LA",22,0,1,0,0,0,0,32.8249,-93.6527,32.8249,-93.6527,0,0,0,0,0,15,0,0,0
651673,2020,4,24,"2020-04-24","19:20:00",3,"LA",22,0,1,0,0,0,0,32.0895,-93.8107,32.0895,-93.8107,0,0,0,0,0,31,0,0,0
651674,2020,4,24,"2020-04-24","19:25:00",3,"TX",48,0,1.25,0,0,0,0,33.1865,-94.8639,33.1865,-94.8639,0,0,0,0,0,449,0,0,0
651675,2020,4,24,"2020-04-24","19:27:00",3,"LA",22,0,1,0,0,0,0,32.5942,-93.8537,32.5942,-93.8537,0,0,0,0,0,17,0,0,0
651676,2020,4,24,"2020-04-24","19:27:00",3,"LA",22,0,1.25,0,0,0,0,32.6026,-93.841,32.6026,-93.841,0,0,0,0,0,17,0,0,0
651677,2020,4,24,"2020-04-24","19:28:00",3,"AR",5,0,1.5,0,0,0,0,33.0652,-94.0405,33.0652,-94.0405,0,0,0,0,0,91,0,0,0
651678,2020,4,24,"2020-04-24","19:30:00",3,"TX",48,0,1.25,0,0,0,0,33.1007,-94.0547,33.1007,-94.0547,0,0,0,0,0,67,0,0,0
651679,2020,4,24,"2020-04-24","19:30:00",3,"TX",48,0,1,0,0,0,0,32.3151,-94.5206,32.3151,-94.5206,0,0,0,0,0,401,0,0,0
651680,2020,4,24,"2020-04-24","19:33:00",3,"OK",40,0,0.88,0,0,0,0,34.6689,-94.8475,34.6689,-94.8475,0,0,0,0,0,79,0,0,0
651681,2020,4,24,"2020-04-24","19:35:00",3,"AR",5,0,1,0,0,0,0,33.1074,-93.9553,33.1074,-93.9553,0,0,0,0,0,91,0,0,0
651682,2020,4,24,"2020-04-24","19:37:00",3,"TX",48,0,1.75,0,0,0,0,32.2885,-94.3873,32.2885,-94.3873,0,0,0,0,0,365,0,0,0
651683,2020,4,24,"2020-04-24","19:38:00",3,"LA",22,0,1.5,0,0,0,0,32.5941,-93.7291,32.5941,-93.7291,0,0,0,0,0,15,0,0,0
651684,2020,4,24,"2020-04-24","19:38:00",3,"LA",22,0,1,0,0,0,0,32.558,-93.7266,32.558,-93.7266,0,0,0,0,0,15,0,0,0
651685,2020,4,24,"2020-04-24","19:38:00",3,"TX",48,0,1.75,0,0,0,0,31.25,-95.05,31.25,-95.05,0,0,0,0,0,455,0,0,0
651686,2020,4,24,"2020-04-24","19:40:00",3,"LA",22,0,1,0,0,0,0,32.966,-93.307,32.966,-93.307,0,0,0,0,0,119,0,0,0
651687,2020,4,24,"2020-04-24","19:40:00",3,"TX",48,0,1,0,0,0,0,31.21,-95.22,31.21,-95.22,0,0,0,0,0,225,0,0,0
651688,2020,4,24,"2020-04-24","19:40:00",3,"TX",48,0,1.75,0,0,0,0,32.2828,-94.3381,32.2828,-94.3381,0,0,0,0,0,365,0,0,0
651689,2020,4,24,"2020-04-24","19:41:00",3,"TX",48,0,1.25,0,0,0,0,32.2766,-94.3393,32.2766,-94.3393,0,0,0,0,0,365,0,0,0
651690,2020,4,24,"2020-04-24","19:43:00",3,"TX",48,0,1,0,0,0,0,30.55,-96.22,30.55,-96.22,0,0,0,0,0,41,0,0,0
651691,2020,4,24,"2020-04-24","19:49:00",3,"LA",22,0,1,0,0,0,0,32.5623,-93.6382,32.5623,-93.6382,0,0,0,0,0,15,0,0,0
651692,2020,4,24,"2020-04-24","19:50:00",3,"TX",48,0,1,0,0,0,0,31.21,-95.22,31.21,-95.22,0,0,0,0,0,225,0,0,0
651693,2020,4,24,"2020-04-24","19:50:00",3,"LA",22,0,1,0,0,0,0,32.5562,-93.6137,32.5562,-93.6137,0,0,0,0,0,15,0,0,0
651694,2020,4,24,"2020-04-24","19:51:00",3,"LA",22,0,1,0,0,0,0,32.3976,-94.0051,32.3976,-94.0051,0,0,0,0,0,17,0,0,0
651695,2020,4,24,"2020-04-24","19:52:00",3,"TX",48,0,1,0,0,0,0,33.0999,-94.3754,33.0999,-94.3754,0,0,0,0,0,67,0,0,0
651696,2020,4,24,"2020-04-24","19:52:00",3,"TX",48,0,1.5,0,0,0,0,32.2489,-94.2208,32.2489,-94.2208,0,0,0,0,0,365,0,0,0
651697,2020,4,24,"2020-04-24","20:00:00",3,"TX",48,0,2,0,0,0,0,32.9398,-94.3735,32.9398,-94.3735,0,0,0,0,0,67,0,0,0
651698,2020,4,24,"2020-04-24","20:00:00",3,"LA",22,0,1,0,0,0,0,32.3527,-93.8719,32.3527,-93.8719,0,0,0,0,0,17,0,0,0
651699,2020,4,24,"2020-04-24","20:01:00",3,"LA",22,0,1.5,0,0,0,0,32.3345,-93.8525,32.3345,-93.8525,0,0,0,0,0,17,0,0,0
651700,2020,4,24,"2020-04-24","20:02:00",3,"LA",22,0,1.25,0,0,0,0,32.5492,-93.5683,32.5492,-93.5683,0,0,0,0,0,15,0,0,0
651701,2020,4,24,"2020-04-24","20:05:00",3,"TX",48,0,1.75,0,0,0,0,30.39,-96.07,30.39,-96.07,0,0,0,0,0,185,0,0,0
651702,2020,4,24,"2020-04-24","20:07:00",3,"TX",48,0,1.25,0,0,0,0,33.0005,-94.1359,33.0005,-94.1359,0,0,0,0,0,67,0,0,0
651703,2020,4,24,"2020-04-24","20:13:00",3,"LA",22,0,1.75,0,0,0,0,32.17,-93.9522,32.17,-93.9522,0,0,0,0,0,31,0,0,0
651704,2020,4,24,"2020-04-24","20:14:00",3,"LA",22,0,1.25,0,0,0,0,32.5358,-93.4857,32.5358,-93.4857,0,0,0,0,0,15,0,0,0
651705,2020,4,24,"2020-04-24","20:14:00",3,"LA",22,0,0.75,0,0,0,0,32.2839,-93.7856,32.2839,-93.7856,0,0,0,0,0,31,0,0,0
651706,2020,4,24,"2020-04-24","20:15:00",3,"TX",48,0,1.75,0,0,0,0,32.9457,-94.0805,32.9457,-94.0805,0,0,0,0,0,67,0,0,0
651707,2020,4,24,"2020-04-24","20:22:00",3,"TX",48,0,2,0,0,4000,0,30.34,-95.87,30.34,-95.87,0,0,0,0,0,185,0,0,0
651708,2020,4,24,"2020-04-24","20:25:00",3,"LA",22,0,1.75,0,0,0,0,32.8612,-93.9781,32.8612,-93.9781,0,0,0,0,0,17,0,0,0
651709,2020,4,24,"2020-04-24","20:32:00",3,"AR",5,0,0.75,0,0,0,0,34.64,-94.2,34.64,-94.2,0,0,0,0,0,113,0,0,0
651710,2020,4,24,"2020-04-24","20:37:00",3,"AR",5,0,1.75,0,0,0,0,34.55,-93.72,34.55,-93.72,0,0,0,0,0,97,0,0,0
651711,2020,4,24,"2020-04-24","20:42:00",3,"TX",48,0,1,0,0,0,0,30.21,-95.75,30.21,-95.75,0,0,0,0,0,339,0,0,0
651712,2020,4,24,"2020-04-24","20:45:00",3,"LA",22,0,1.75,0,0,0,0,32.6961,-93.7368,32.6961,-93.7368,0,0,0,0,0,15,0,0,0
651713,2020,4,24,"2020-04-24","20:45:00",3,"LA",22,0,1,0,0,0,0,32.8151,-93.6273,32.8151,-93.6273,0,0,0,0,0,15,0,0,0
651714,2020,4,24,"2020-04-24","20:46:00",3,"LA",22,0,1.25,0,0,0,0,32.5964,-93.8322,32.5964,-93.8322,0,0,0,0,0,17,0,0,0
651715,2020,4,24,"2020-04-24","20:48:00",3,"TX",48,0,1.5,0,0,0,0,30.19,-95.7,30.19,-95.7,0,0,0,0,0,339,0,0,0
651716,2020,4,24,"2020-04-24","20:50:00",3,"LA",22,0,1.75,0,0,0,0,32.6082,-93.7365,32.6082,-93.7365,0,0,0,0,0,15,0,0,0
651717,2020,4,24,"2020-04-24","20:50:00",3,"LA",22,0,2.75,0,0,0,0,32.6875,-93.642,32.6875,-93.642,0,0,0,0,0,15,0,0,0
651718,2020,4,24,"2020-04-24","20:51:00",3,"LA",22,0,4,0,0,0,0,32.6214,-93.7085,32.6214,-93.7085,0,0,0,0,0,15,0,0,0
651719,2020,4,24,"2020-04-24","20:52:00",3,"LA",22,0,1.75,0,0,0,0,32.6391,-93.7058,32.6391,-93.7058,0,0,0,0,0,15,0,0,0
651720,2020,4,24,"2020-04-24","20:52:00",3,"LA",22,0,2,0,0,0,0,32.578,-93.7205,32.578,-93.7205,0,0,0,0,0,15,0,0,0
651721,2020,4,24,"2020-04-24","20:53:00",3,"TX",48,0,1,0,0,0,0,30.17,-95.67,30.17,-95.67,0,0,0,0,0,339,0,0,0
651722,2020,4,24,"2020-04-24","20:55:00",3,"LA",22,0,1.75,0,0,0,0,32.0135,-93.3399,32.0135,-93.3399,0,0,0,0,0,81,0,0,0
651723,2020,4,24,"2020-04-24","20:55:00",3,"TX",48,0,0.88,0,0,0,0,30.19,-95.81,30.19,-95.81,0,0,0,0,0,473,0,0,0
651724,2020,4,24,"2020-04-24","20:56:00",3,"TX",48,0,1.75,0,0,0,0,30.11,-95.64,30.11,-95.64,0,0,0,0,0,201,0,0,0
651725,2020,4,24,"2020-04-24","20:56:00",3,"TX",48,0,1.5,0,0,0,0,30.15,-95.52,30.15,-95.52,0,0,0,0,0,201,0,0,0
651726,2020,4,24,"2020-04-24","20:57:00",3,"LA",22,0,2,0,0,0,0,32.5748,-93.6228,32.5748,-93.6228,0,0,0,0,0,15,0,0,0
651727,2020,4,24,"2020-04-24","20:57:00",3,"LA",22,0,2.75,0,0,0,0,32.5632,-93.6376,32.5632,-93.6376,0,0,0,0,0,15,0,0,0
651728,2020,4,24,"2020-04-24","20:59:00",3,"LA",22,0,1.75,0,0,0,0,32.5591,-93.6107,32.5591,-93.6107,0,0,0,0,0,15,0,0,0
651729,2020,4,24,"2020-04-24","21:01:00",3,"LA",22,0,1.75,0,0,0,0,32.56,-93.58,32.56,-93.58,0,0,0,0,0,15,0,0,0
651730,2020,4,24,"2020-04-24","21:02:00",3,"TX",48,0,1,0,0,0,0,30.08,-95.56,30.08,-95.56,0,0,0,0,0,201,0,0,0
651731,2020,4,24,"2020-04-24","21:04:00",3,"TX",48,0,0.75,0,0,0,0,30.13,-95.75,30.13,-95.75,0,0,0,0,0,339,0,0,0
651732,2020,4,24,"2020-04-24","21:05:00",3,"TX",48,0,1,0,0,0,0,30.04,-95.47,30.04,-95.47,0,0,0,0,0,201,0,0,0
651733,2020,4,24,"2020-04-24","21:09:00",3,"LA",22,0,1,0,0,0,0,31.9337,-93.0695,31.9337,-93.0695,0,0,0,0,0,69,0,0,0
651734,2020,4,24,"2020-04-24","21:11:00",3,"TX",48,0,0.75,0,0,0,0,30.05,-95.4,30.05,-95.4,0,0,0,0,0,201,0,0,0
651735,2020,4,24,"2020-04-24","21:11:00",3,"LA",22,0,2,0,0,0,0,32.5342,-93.41,32.5342,-93.41,0,0,0,0,0,119,0,0,0
651736,2020,4,24,"2020-04-24","21:16:00",3,"TX",48,0,0.75,0,0,0,0,30.07,-95.49,30.07,-95.49,0,0,0,0,0,201,0,0,0
651737,2020,4,24,"2020-04-24","21:16:00",3,"TX",48,0,1.25,0,0,0,0,30.04,-95.65,30.04,-95.65,0,0,0,0,0,201,0,0,0
651738,2020,4,24,"2020-04-24","21:19:00",3,"LA",22,0,1.75,0,0,0,0,32.3832,-93.3727,32.3832,-93.3727,0,0,0,0,0,13,0,0,0
651739,2020,4,24,"2020-04-24","21:20:00",3,"LA",22,0,1.5,0,0,0,0,32.4598,-93.2661,32.4598,-93.2661,0,0,0,0,0,119,0,0,0
651740,2020,4,24,"2020-04-24","21:27:00",3,"LA",22,0,1.75,0,0,0,0,32.3424,-93.2107,32.3424,-93.2107,0,0,0,0,0,13,0,0,0
651741,2020,4,24,"2020-04-24","21:38:00",3,"TX",48,0,1.75,0,0,0,0,30.12,-95.75,30.12,-95.75,0,0,0,0,0,339,0,0,0
651742,2020,4,24,"2020-04-24","21:48:00",3,"TX",48,0,1,0,0,0,0,30.05,-95.46,30.05,-95.46,0,0,0,0,0,201,0,0,0
651743,2020,4,24,"2020-04-24","22:15:00",3,"LA",22,0,1,0,0,0,0,32.1819,-92.5813,32.1819,-92.5813,0,0,0,0,0,49,0,0,0
651744,2020,4,25,"2020-04-25","10:04:00",3,"TX",48,0,0.75,0,0,0,0,29.66,-98.1,29.66,-98.1,0,0,0,0,0,187,0,0,0
651745,2020,4,25,"2020-04-25","10:20:00",3,"TX",48,0,1.25,0,0,0,0,29.61,-98.03,29.61,-98.03,0,0,0,0,0,187,0,0,0
651746,2020,4,25,"2020-04-25","10:20:00",3,"TX",48,0,0.88,0,0,0,0,29.61,-98.01,29.61,-98.01,0,0,0,0,0,187,0,0,0
651747,2020,4,25,"2020-04-25","10:20:00",3,"TX",48,0,1,0,0,0,0,29.692,-97.8738,29.692,-97.8738,0,0,0,0,0,187,0,0,0
651748,2020,4,25,"2020-04-25","10:30:00",3,"TX",48,0,0.88,0,0,0,0,29.6,-97.96,29.6,-97.96,0,0,0,0,0,187,0,0,0
651749,2020,4,25,"2020-04-25","10:32:00",3,"TX",48,0,1.25,0,0,0,0,29.6,-97.92,29.6453,-97.8304,0,0,0,0,0,187,0,0,0
651750,2020,4,25,"2020-04-25","10:33:00",3,"TX",48,0,1,0,0,0,0,29.36,-98.22,29.36,-98.22,0,0,0,0,0,29,0,0,0
651751,2020,4,25,"2020-04-25","10:35:00",3,"TX",48,0,1,0,0,0,0,29.36,-98.12,29.36,-98.12,0,0,0,0,0,493,0,0,0
651752,2020,4,25,"2020-04-25","11:40:00",3,"IL",17,0,1,0,0,0,0,37.97,-88.18,37.97,-88.18,0,0,0,0,0,193,0,0,0
651753,2020,4,25,"2020-04-25","12:30:00",3,"KY",21,0,1,0,0,0,0,37.37,-87.22,37.37,-87.22,0,0,0,0,0,177,0,0,0
651754,2020,4,25,"2020-04-25","14:22:00",3,"IN",18,0,1,0,0,0,0,38.0198,-87.557,38.0198,-87.557,0,0,0,0,0,163,0,0,0
651755,2020,4,25,"2020-04-25","15:25:00",3,"TN",47,0,1,0,0,0,0,35.14,-84.65,35.14,-84.65,0,0,0,0,0,139,0,0,0
651756,2020,4,25,"2020-04-25","15:29:00",3,"TN",47,0,1.75,0,0,0,0,35.35,-84.58,35.35,-84.58,0,0,0,0,0,107,0,0,0
651757,2020,4,25,"2020-04-25","15:55:00",3,"GA",13,0,1,0,0,0,0,34.78,-83.44,34.78,-83.44,0,0,0,0,0,241,0,0,0
651758,2020,4,25,"2020-04-25","17:05:00",3,"NC",37,0,0.75,0,0,0,0,35.44,-83.46,35.44,-83.46,0,0,0,0,0,173,0,0,0
651759,2020,4,25,"2020-04-25","17:07:00",3,"TN",47,0,1,0,0,0,0,35.43,-84.22,35.43,-84.22,0,0,0,0,0,123,0,0,0
651760,2020,4,25,"2020-04-25","17:21:00",3,"SC",45,0,1,0,0,0,0,34.934,-82.559,34.934,-82.559,0,0,0,0,0,77,0,0,0
651761,2020,4,25,"2020-04-25","17:43:00",3,"GA",13,0,1,0,0,0,0,34.875,-83.421,34.876,-83.366,0,0,0,0,0,241,0,0,0
651762,2020,4,25,"2020-04-25","17:45:00",3,"TN",47,0,0.75,0,0,0,0,36.33,-83.75,36.33,-83.75,0,0,0,0,0,173,0,0,0
651763,2020,4,25,"2020-04-25","17:56:00",3,"SC",45,0,1,0,0,0,0,35.03,-82.17,35.03,-82.17,0,0,0,0,0,83,0,0,0
651764,2020,4,25,"2020-04-25","18:20:00",3,"SC",45,0,1,0,0,0,0,34.981,-82.449,34.981,-82.449,0,0,0,0,0,45,0,0,0
651765,2020,4,25,"2020-04-25","18:29:00",3,"SC",45,0,1,0,0,0,0,34.877,-82.828,34.881,-82.783,0,0,0,0,0,77,0,0,0
651766,2020,4,25,"2020-04-25","18:30:00",3,"SC",45,0,1,0,0,0,0,35.1,-81.85,35.1,-81.85,0,0,0,0,0,83,0,0,0
651767,2020,4,25,"2020-04-25","18:37:00",3,"SC",45,0,1,0,0,0,0,35.06,-82.27,34.99,-82.281,0,0,0,0,0,45,0,0,0
651768,2020,4,25,"2020-04-25","18:40:00",3,"SC",45,0,1,0,0,0,0,35.094,-81.651,35.094,-81.651,0,0,0,0,0,21,0,0,0
651769,2020,4,25,"2020-04-25","18:42:00",3,"TN",47,0,0.88,0,0,0,0,36.52,-82.72,36.52,-82.72,0,0,0,0,0,73,0,0,0
651770,2020,4,25,"2020-04-25","18:42:00",3,"SC",45,0,1.75,0,0,0,0,34.986,-82.172,35.074,-81.876,0,0,0,0,0,83,0,0,0
651771,2020,4,25,"2020-04-25","18:58:00",3,"SC",45,0,2,0,0,0,0,35.167,-81.445,35.167,-81.445,0,0,0,0,0,21,0,0,0
651772,2020,4,25,"2020-04-25","18:58:00",3,"NC",37,0,2,0,0,0,0,35.168,-81.441,35.168,-81.441,0,0,0,0,0,45,0,0,0
651773,2020,4,25,"2020-04-25","19:03:00",3,"NC",37,0,1,0,0,0,0,35.21,-81.44,35.21,-81.44,0,0,0,0,0,45,0,0,0
651774,2020,4,25,"2020-04-25","19:09:00",3,"SC",45,0,1.5,0,0,0,0,34.868,-82.389,34.919,-82.339,0,0,0,0,0,45,0,0,0
651775,2020,4,25,"2020-04-25","19:13:00",3,"SC",45,0,1,0,0,0,0,35.14,-81.82,35.14,-81.82,0,0,0,0,0,21,0,0,0
651776,2020,4,25,"2020-04-25","19:16:00",3,"NC",37,0,1,0,0,0,0,35.82,-81.76,35.82,-81.76,0,0,0,0,0,23,0,0,0
651777,2020,4,25,"2020-04-25","19:21:00",3,"SC",45,0,1.75,0,0,0,0,35.07,-81.65,35.119,-81.514,0,0,0,0,0,21,0,0,0
651778,2020,4,25,"2020-04-25","19:27:00",3,"SC",45,0,1,0,0,0,0,34.946,-82.127,34.937,-82.025,0,0,0,0,0,83,0,0,0
651779,2020,4,25,"2020-04-25","19:38:00",3,"NC",37,0,1,0,0,0,0,35.834,-81.545,35.834,-81.545,0,0,0,0,0,27,0,0,0
651780,2020,4,25,"2020-04-25","19:44:00",3,"NC",37,0,1,0,0,0,0,35.3,-80.9,35.3,-80.9,0,0,0,0,0,119,0,0,0
651781,2020,4,25,"2020-04-25","19:55:00",3,"NC",37,0,0.75,0,0,0,0,35.323,-80.803,35.323,-80.803,0,0,0,0,0,119,0,0,0
651782,2020,4,25,"2020-04-25","20:17:00",3,"NC",37,0,0.88,0,0,0,0,35.076,-81.024,35.076,-81.024,0,0,0,0,0,119,0,0,0
651783,2020,4,25,"2020-04-25","20:44:00",3,"SC",45,0,1.25,0,0,0,0,34.985,-81.127,35.01,-81.1,0,0,0,0,0,91,0,0,0
651784,2020,4,25,"2020-04-25","20:59:00",3,"SC",45,0,1,0,0,0,0,35,-80.93,35,-80.93,0,0,0,0,0,91,0,0,0
651785,2020,4,26,"2020-04-26","07:07:00",3,"FL",12,0,1,0,0,0,0,27.77,-80.6,27.77,-80.6,0,0,0,0,0,61,0,0,0
651786,2020,4,26,"2020-04-26","07:27:00",3,"FL",12,0,1,0,0,0,0,27.87,-80.52,27.87,-80.52,0,0,0,0,0,9,0,0,0
651787,2020,4,26,"2020-04-26","08:25:00",3,"FL",12,0,1.25,0,0,0,0,27.31,-80.28,27.31,-80.28,0,0,0,0,0,111,0,0,0
651788,2020,4,26,"2020-04-26","11:05:00",3,"FL",12,0,1,0,0,0,0,26.7938,-80.2621,26.7938,-80.2621,0,0,0,0,0,99,0,0,0
651789,2020,4,26,"2020-04-26","11:08:00",3,"FL",12,0,1,0,0,0,0,26.7973,-80.0716,26.7973,-80.0716,0,0,0,0,0,99,0,0,0
651790,2020,4,26,"2020-04-26","11:08:00",3,"FL",12,0,1,0,0,0,0,26.8309,-80.1015,26.8309,-80.1015,0,0,0,0,0,99,0,0,0
651791,2020,4,26,"2020-04-26","15:15:00",3,"NC",37,0,0.88,0,0,0,0,35.621,-81.42,35.621,-81.42,0,0,0,0,0,35,0,0,0
651792,2020,4,26,"2020-04-26","21:02:00",3,"VA",51,0,1,0,0,0,0,36.91,-76.07,36.91,-76.07,0,0,0,0,0,810,0,0,0
651793,2020,4,27,"2020-04-27","11:04:00",3,"OK",40,0,1,0,0,0,0,36.41,-95.93,36.41,-95.93,0,0,0,0,0,143,0,0,0
651794,2020,4,27,"2020-04-27","11:45:00",3,"OK",40,0,0.75,0,0,0,0,36.7465,-95.9023,36.7465,-95.9023,0,0,0,0,0,147,0,0,0
651795,2020,4,27,"2020-04-27","17:40:00",3,"TX",48,0,1.25,0,0,0,0,31.7055,-101.5337,31.7055,-101.5337,0,0,0,0,0,173,0,0,0
651796,2020,4,27,"2020-04-27","17:48:00",3,"TX",48,0,1.75,0,0,0,0,31.8121,-101.5,31.8121,-101.5,0,0,0,0,0,173,0,0,0
651797,2020,4,27,"2020-04-27","20:04:00",3,"TX",48,0,2,0,0,0,0,32.33,-100.32,32.33,-100.32,0,0,0,0,0,353,0,0,0
651798,2020,4,28,"2020-04-28","00:50:00",3,"TX",48,0,1,0,0,0,0,33.66,-98.47,33.66,-98.47,0,0,0,0,0,9,0,0,0
651799,2020,4,28,"2020-04-28","01:50:00",3,"TX",48,0,1,0,0,0,0,33.17,-97.9,33.17,-97.9,0,0,0,0,0,497,0,0,0
651800,2020,4,28,"2020-04-28","02:35:00",3,"TX",48,0,1,0,0,0,0,33.1,-97.76,33.1,-97.76,0,0,0,0,0,497,0,0,0
651801,2020,4,28,"2020-04-28","02:40:00",3,"TX",48,0,1.25,0,0,0,0,32.89,-97.54,32.89,-97.54,0,0,0,0,0,439,0,0,0
651802,2020,4,28,"2020-04-28","02:46:00",3,"TX",48,0,1,0,0,0,0,32.91,-97.55,32.91,-97.55,0,0,0,0,0,367,0,0,0
651803,2020,4,28,"2020-04-28","02:58:00",3,"TX",48,0,1,0,0,0,0,33,-97.65,33,-97.65,0,0,0,0,0,367,0,0,0
651804,2020,4,28,"2020-04-28","03:02:00",3,"TX",48,0,1,0,0,0,0,32.88,-97.43,32.88,-97.43,0,0,0,0,0,439,0,0,0
651805,2020,4,28,"2020-04-28","03:13:00",3,"TX",48,0,1.5,0,0,0,0,32.85,-97.42,32.85,-97.42,0,0,0,0,0,439,0,0,0
651806,2020,4,28,"2020-04-28","03:15:00",3,"TX",48,0,1.5,0,0,0,0,32.8349,-97.2987,32.8349,-97.2987,0,0,0,0,0,439,0,0,0
651807,2020,4,28,"2020-04-28","03:15:00",3,"TX",48,0,1,0,0,0,0,32.8716,-97.2784,32.8716,-97.2784,0,0,0,0,0,439,0,0,0
651808,2020,4,28,"2020-04-28","03:22:00",3,"TX",48,0,1.75,0,0,10000,0,32.81,-97.34,32.81,-97.34,0,0,0,0,0,439,0,0,0
651809,2020,4,28,"2020-04-28","03:25:00",3,"TX",48,0,1.25,0,0,0,0,32.85,-97.25,32.85,-97.25,0,0,0,0,0,439,0,0,0
651810,2020,4,28,"2020-04-28","03:25:00",3,"TX",48,0,1,0,0,0,0,32.8339,-97.2145,32.8339,-97.2145,0,0,0,0,0,439,0,0,0
651811,2020,4,28,"2020-04-28","03:28:00",3,"TX",48,0,1.25,0,0,0,0,32.84,-97.37,32.84,-97.37,0,0,0,0,0,439,0,0,0
651812,2020,4,28,"2020-04-28","03:30:00",3,"TX",48,0,1.25,0,0,0,0,32.85,-97.3,32.85,-97.3,0,0,0,0,0,439,0,0,0
651813,2020,4,28,"2020-04-28","03:34:00",3,"TX",48,0,1.5,0,0,0,0,32.81,-97.26,32.81,-97.26,0,0,0,0,0,439,0,0,0
651814,2020,4,28,"2020-04-28","03:35:00",3,"TX",48,0,1,0,0,0,0,32.82,-97.24,32.82,-97.24,0,0,0,0,0,439,0,0,0
651815,2020,4,28,"2020-04-28","03:35:00",3,"TX",48,0,1,0,0,0,0,32.8129,-97.2891,32.8129,-97.2891,0,0,0,0,0,439,0,0,0
651816,2020,4,28,"2020-04-28","03:35:00",3,"TX",48,0,1,0,0,0,0,32.79,-97.31,32.79,-97.31,0,0,0,0,0,439,0,0,0
651817,2020,4,28,"2020-04-28","03:42:00",3,"TX",48,0,1.5,0,0,0,0,32.8,-97.28,32.8,-97.28,0,0,0,0,0,439,0,0,0
651818,2020,4,28,"2020-04-28","03:45:00",3,"TX",48,0,1.25,0,0,0,0,32.81,-97.22,32.81,-97.22,0,0,0,0,0,439,0,0,0
651819,2020,4,28,"2020-04-28","03:50:00",3,"TX",48,0,1.25,0,0,0,0,32.77,-97.17,32.77,-97.17,0,0,0,0,0,439,0,0,0
651820,2020,4,28,"2020-04-28","03:53:00",3,"TX",48,0,1,0,0,0,0,32.72,-97.18,32.72,-97.18,0,0,0,0,0,439,0,0,0
651821,2020,4,28,"2020-04-28","03:57:00",3,"TX",48,0,1,0,0,0,0,32.7067,-97.132,32.7067,-97.132,0,0,0,0,0,439,0,0,0
651822,2020,4,28,"2020-04-28","03:58:00",3,"TX",48,0,1,0,0,0,0,32.69,-97.14,32.69,-97.14,0,0,0,0,0,439,0,0,0
651823,2020,4,28,"2020-04-28","03:58:00",3,"TX",48,0,1,0,0,0,0,32.7504,-97.1404,32.7504,-97.1404,0,0,0,0,0,439,0,0,0
651824,2020,4,28,"2020-04-28","04:00:00",3,"TX",48,0,1,0,0,0,0,32.7208,-97.1523,32.7208,-97.1523,0,0,0,0,0,439,0,0,0
651825,2020,4,28,"2020-04-28","04:10:00",3,"TX",48,0,1.75,0,0,15000,0,32.63,-97.14,32.63,-97.14,0,0,0,0,0,439,0,0,0
651826,2020,4,28,"2020-04-28","04:10:00",3,"TX",48,0,1.25,0,0,0,0,32.5913,-97.0968,32.5913,-97.0968,0,0,0,0,0,439,0,0,0
651827,2020,4,28,"2020-04-28","04:16:00",3,"TX",48,0,1.75,0,0,15000,0,32.59,-97.11,32.59,-97.11,0,0,0,0,0,439,0,0,0
651828,2020,4,28,"2020-04-28","04:17:00",3,"TX",48,0,1.5,0,0,0,0,32.6,-97.05,32.6,-97.05,0,0,0,0,0,439,0,0,0
651829,2020,4,28,"2020-04-28","04:18:00",3,"TX",48,0,1.25,0,0,0,0,32.6,-97.04,32.6,-97.04,0,0,0,0,0,439,0,0,0
651830,2020,4,28,"2020-04-28","04:28:00",3,"TX",48,0,1,0,0,0,0,32.57,-97.01,32.57,-97.01,0,0,0,0,0,113,0,0,0
651831,2020,4,28,"2020-04-28","04:37:00",3,"TX",48,0,1,0,0,0,0,32.49,-96.96,32.49,-96.96,0,0,0,0,0,139,0,0,0
651832,2020,4,28,"2020-04-28","04:55:00",3,"TX",48,0,0.88,0,0,0,0,32.3875,-96.8336,32.3875,-96.8336,0,0,0,0,0,139,0,0,0
651833,2020,4,28,"2020-04-28","05:07:00",3,"TX",48,0,1,0,0,0,0,32.41,-96.82,32.41,-96.82,0,0,0,0,0,139,0,0,0
651834,2020,4,28,"2020-04-28","05:07:00",3,"TX",48,0,1,0,0,0,0,32.41,-96.82,32.41,-96.82,0,0,0,0,0,139,0,0,0
651835,2020,4,28,"2020-04-28","06:48:00",3,"TX",48,0,1,0,0,0,0,32.54,-94.63,32.54,-94.63,0,0,0,0,0,203,0,0,0
651836,2020,4,28,"2020-04-28","07:00:00",3,"TX",48,0,1,0,0,0,0,32.5763,-94.3487,32.5763,-94.3487,0,0,0,0,0,203,0,0,0
651837,2020,4,28,"2020-04-28","08:33:00",3,"AR",5,0,0.88,0,0,0,0,33.6905,-94.286,33.6905,-94.286,0,0,0,0,0,81,0,0,0
651838,2020,4,28,"2020-04-28","08:54:00",3,"AR",5,0,1.5,0,0,0,0,34.0263,-93.948,34.0263,-93.948,0,0,0,0,0,61,0,0,0
651839,2020,4,28,"2020-04-28","14:27:00",3,"KS",20,0,1,0,0,0,0,37.46,-96.74,37.46,-96.74,0,0,0,0,0,35,0,0,0
651840,2020,4,28,"2020-04-28","14:36:00",3,"KS",20,0,1.25,0,0,0,0,37.42,-96.77,37.42,-96.77,0,0,0,0,0,35,0,0,0
651841,2020,4,28,"2020-04-28","14:38:00",3,"TX",48,0,1.75,0,0,0,0,31.5032,-94.5289,31.5032,-94.5289,0,0,0,0,0,347,0,0,0
651842,2020,4,28,"2020-04-28","14:58:00",3,"KS",20,0,1,0,0,0,0,37.3,-96.87,37.3,-96.87,0,0,0,0,0,35,0,0,0
651843,2020,4,28,"2020-04-28","15:04:00",3,"KS",20,0,1,0,0,0,0,37.29,-96.73,37.29,-96.73,0,0,0,0,0,35,0,0,0
651844,2020,4,28,"2020-04-28","15:10:00",3,"IL",17,0,1,0,0,0,0,41.58,-89.22,41.58,-89.22,0,0,0,0,0,11,0,0,0
651845,2020,4,28,"2020-04-28","15:13:00",3,"KS",20,0,1,0,0,0,0,37.35,-96.45,37.35,-96.45,0,0,0,0,0,49,0,0,0
651846,2020,4,28,"2020-04-28","15:14:00",3,"TX",48,0,1,0,0,0,0,31.7043,-94.6791,31.7043,-94.6791,0,0,0,0,0,347,0,0,0
651847,2020,4,28,"2020-04-28","15:24:00",3,"OK",40,0,1.25,0,0,0,0,36.2,-97.59,36.2,-97.59,0,0,0,0,0,47,0,0,0
651848,2020,4,28,"2020-04-28","15:27:00",3,"IL",17,0,0.88,0,0,0,0,41.55,-89.12,41.55,-89.12,0,0,0,0,0,99,0,0,0
651849,2020,4,28,"2020-04-28","15:29:00",3,"OK",40,0,1.75,0,0,0,0,36.18,-97.59,36.18,-97.59,0,0,0,0,0,47,0,0,0
651850,2020,4,28,"2020-04-28","15:30:00",3,"TX",48,0,1,0,0,0,0,31.7172,-94.622,31.7172,-94.622,0,0,0,0,0,347,0,0,0
651851,2020,4,28,"2020-04-28","15:34:00",3,"KS",20,0,1,0,0,0,0,38.08,-95.17,38.08,-95.17,0,0,0,0,0,3,0,0,0
651852,2020,4,28,"2020-04-28","15:36:00",3,"KS",20,0,1,0,0,0,0,37.13,-96.18,37.13,-96.18,0,0,0,0,0,19,0,0,0
651853,2020,4,28,"2020-04-28","15:42:00",3,"OK",40,0,1,0,0,0,0,35.86,-97.93,35.86,-97.93,0,0,0,0,0,73,0,0,0
651854,2020,4,28,"2020-04-28","15:44:00",3,"OK",40,0,2.5,0,0,0,0,36.12,-97.52,36.12,-97.52,0,0,0,0,0,83,0,0,0
651855,2020,4,28,"2020-04-28","15:49:00",3,"MO",29,0,0.88,0,0,0,0,38.61,-93.33,38.61,-93.33,0,0,0,0,0,159,0,0,0
651856,2020,4,28,"2020-04-28","16:02:00",3,"IL",17,0,1,0,0,0,0,40.9505,-89.4729,40.9505,-89.4729,0,0,0,0,0,143,0,0,0
651857,2020,4,28,"2020-04-28","16:13:00",3,"OK",40,0,1.75,0,0,15000,0,36.7322,-96.182,36.7322,-96.182,0,0,0,0,0,113,0,0,0
651858,2020,4,28,"2020-04-28","16:14:00",3,"MO",29,0,1,0,0,0,0,39.3496,-91.8545,39.3496,-91.8545,0,0,0,0,0,137,0,0,0
651859,2020,4,28,"2020-04-28","16:15:00",3,"OK",40,0,1.75,0,0,0,0,36.02,-97.6,36.02,-97.6,0,0,0,0,0,83,0,0,0
651860,2020,4,28,"2020-04-28","16:25:00",3,"KS",20,0,1,0,0,0,0,37.05,-95.49,37.05,-95.49,0,0,0,0,0,99,0,0,0
651861,2020,4,28,"2020-04-28","16:28:00",3,"IL",17,0,0.75,0,0,0,0,40.92,-89.28,40.92,-89.28,0,0,0,0,0,203,0,0,0
651862,2020,4,28,"2020-04-28","16:30:00",3,"OK",40,0,1,0,0,0,0,36.8145,-95.93,36.8145,-95.93,0,0,0,0,0,147,0,0,0
651863,2020,4,28,"2020-04-28","16:30:00",3,"OK",40,0,0.75,0,0,0,0,36.6724,-95.98,36.6724,-95.98,0,0,0,0,0,147,0,0,0
651864,2020,4,28,"2020-04-28","16:40:00",3,"OK",40,0,1,0,0,0,0,35.57,-97.57,35.57,-97.57,0,0,0,0,0,109,0,0,0
651865,2020,4,28,"2020-04-28","16:40:00",3,"OK",40,0,1,0,0,0,0,35.87,-97.35,35.87,-97.35,0,0,0,0,0,83,0,0,0
651866,2020,4,28,"2020-04-28","16:41:00",3,"OK",40,0,1,0,0,0,0,36.12,-97.18,36.12,-97.18,0,0,0,0,0,119,0,0,0
651867,2020,4,28,"2020-04-28","16:41:00",3,"OK",40,0,0.75,0,0,0,0,36.7,-95.7022,36.7,-95.7022,0,0,0,0,0,105,0,0,0
651868,2020,4,28,"2020-04-28","16:42:00",3,"OK",40,0,1.75,0,0,0,0,35.84,-97.25,35.84,-97.25,0,0,0,0,0,83,0,0,0
651869,2020,4,28,"2020-04-28","16:42:00",3,"IL",17,0,0.75,0,0,0,0,40.8334,-89.277,40.8334,-89.277,0,0,0,0,0,203,0,0,0
651870,2020,4,28,"2020-04-28","16:45:00",3,"TX",48,0,1.75,0,0,0,0,32.032,-94.889,32.032,-94.889,0,0,0,0,0,401,0,0,0
651871,2020,4,28,"2020-04-28","16:47:00",3,"OK",40,0,1.1,0,0,0,0,35.57,-97.66,35.57,-97.66,0,0,0,0,0,109,0,0,0
651872,2020,4,28,"2020-04-28","16:48:00",3,"OK",40,0,1.5,0,0,0,0,35.51,-97.7,35.51,-97.7,0,0,0,0,0,17,0,0,0
651873,2020,4,28,"2020-04-28","16:48:00",3,"KS",20,0,1,0,0,0,0,37.04,-95.1,37.04,-95.1,0,0,0,0,0,99,0,0,0
651874,2020,4,28,"2020-04-28","16:50:00",3,"TX",48,0,1.75,0,0,0,0,32.0568,-94.9187,32.0568,-94.9187,0,0,0,0,0,401,0,0,0
651875,2020,4,28,"2020-04-28","16:51:00",3,"TX",48,0,1.5,0,0,0,0,32.0821,-94.9327,32.0821,-94.9327,0,0,0,0,0,401,0,0,0
651876,2020,4,28,"2020-04-28","16:52:00",3,"OK",40,0,1,0,0,0,0,36.0409,-96.1506,36.0409,-96.1506,0,0,0,0,0,37,0,0,0
651877,2020,4,28,"2020-04-28","16:52:00",3,"TX",48,0,1.5,0,0,0,0,32.0801,-94.8929,32.0801,-94.8929,0,0,0,0,0,401,0,0,0
651878,2020,4,28,"2020-04-28","16:53:00",3,"OK",40,0,2.75,0,0,0,0,35.46,-97.74,35.46,-97.74,0,0,0,0,0,17,0,0,0
651879,2020,4,28,"2020-04-28","16:54:00",3,"OK",40,0,1.25,0,0,0,0,35.48,-97.72,35.48,-97.72,0,0,0,0,0,17,0,0,0
651880,2020,4,28,"2020-04-28","16:56:00",3,"OK",40,0,1.5,0,0,0,0,35.44,-97.69,35.44,-97.69,0,0,0,0,0,17,0,0,0
651881,2020,4,28,"2020-04-28","16:56:00",3,"OK",40,0,2.25,0,0,0,0,35.46,-97.73,35.46,-97.73,0,0,0,0,0,17,0,0,0
651882,2020,4,28,"2020-04-28","16:58:00",3,"OK",40,0,1.25,0,0,0,0,35.51,-97.64,35.51,-97.64,0,0,0,0,0,109,0,0,0
651883,2020,4,28,"2020-04-28","17:00:00",3,"OK",40,0,1,0,0,0,0,35.44,-97.67,35.44,-97.67,0,0,0,0,0,109,0,0,0
651884,2020,4,28,"2020-04-28","17:01:00",3,"OK",40,0,2,0,0,0,0,35.48,-97.72,35.48,-97.72,0,0,0,0,0,17,0,0,0
651885,2020,4,28,"2020-04-28","17:02:00",3,"OK",40,0,1,0,0,0,0,36.16,-97.08,36.16,-97.08,0,0,0,0,0,119,0,0,0
651886,2020,4,28,"2020-04-28","17:05:00",3,"OK",40,0,1.25,0,0,20000,0,36.3423,-96.083,36.3423,-96.083,0,0,0,0,0,113,0,0,0
651887,2020,4,28,"2020-04-28","17:07:00",3,"OK",40,0,1.75,0,0,25000,0,36.9193,-94.7416,36.9193,-94.7416,0,0,0,0,0,115,0,0,0
651888,2020,4,28,"2020-04-28","17:08:00",3,"OK",40,0,2,0,0,0,0,35.49,-97.74,35.49,-97.74,0,0,0,0,0,17,0,0,0
651889,2020,4,28,"2020-04-28","17:09:00",3,"OK",40,0,0.75,0,0,0,0,36.37,-96,36.37,-96,0,0,0,0,0,113,0,0,0
651890,2020,4,28,"2020-04-28","17:14:00",3,"OK",40,0,1.25,0,0,20000,0,36.37,-96.1079,36.37,-96.1079,0,0,0,0,0,113,0,0,0
651891,2020,4,28,"2020-04-28","17:16:00",3,"OK",40,0,1.25,0,0,0,0,35.36,-97.63,35.36,-97.63,0,0,0,0,0,27,0,0,0
651892,2020,4,28,"2020-04-28","17:18:00",3,"MO",29,0,1.75,0,0,0,0,36.9,-94.41,36.9,-94.41,0,0,0,0,0,145,0,0,0
651893,2020,4,28,"2020-04-28","17:19:00",3,"OK",40,0,1,0,0,0,0,36.3657,-95.9226,36.3657,-95.9226,0,0,0,0,0,143,0,0,0
651894,2020,4,28,"2020-04-28","17:20:00",3,"OK",40,0,2.75,0,0,0,0,34.65,-97.96,34.65,-97.96,0,0,0,0,0,137,0,0,0
651895,2020,4,28,"2020-04-28","17:21:00",3,"OK",40,0,1,0,0,0,0,36.02,-97.05,36.02,-97.05,0,0,0,0,0,119,0,0,0
651896,2020,4,28,"2020-04-28","17:22:00",3,"OK",40,0,0.75,0,0,0,0,36.27,-95.85,36.27,-95.85,0,0,0,0,0,143,0,0,0
651897,2020,4,28,"2020-04-28","17:24:00",3,"OK",40,0,0.88,0,0,0,0,36.27,-95.78,36.27,-95.78,0,0,0,0,0,131,0,0,0
651898,2020,4,28,"2020-04-28","17:24:00",3,"OK",40,0,1.5,0,0,0,0,35.3,-97.79,35.3,-97.79,0,0,0,0,0,51,0,0,0
651899,2020,4,28,"2020-04-28","17:24:00",3,"OK",40,0,1.75,0,0,0,0,36.02,-97.05,36.02,-97.05,0,0,0,0,0,119,0,0,0
651900,2020,4,28,"2020-04-28","17:25:00",3,"OK",40,0,1,0,0,0,0,36.3653,-95.8397,36.3653,-95.8397,0,0,0,0,0,143,0,0,0
651901,2020,4,28,"2020-04-28","17:29:00",3,"OK",40,0,1,0,0,0,0,35.27,-97.64,35.27,-97.64,0,0,0,0,0,87,0,0,0
651902,2020,4,28,"2020-04-28","17:30:00",3,"TX",48,0,1,0,0,0,0,32.1414,-95.1165,32.1414,-95.1165,0,0,0,0,0,423,0,0,0
651903,2020,4,28,"2020-04-28","17:32:00",3,"OK",40,0,1,0,0,0,0,35.12,-97.92,35.12,-97.92,0,0,0,0,0,51,0,0,0
651904,2020,4,28,"2020-04-28","17:32:00",3,"OK",40,0,0.75,0,0,0,0,36.15,-95.95,36.15,-95.95,0,0,0,0,0,143,0,0,0
651905,2020,4,28,"2020-04-28","17:34:00",3,"OK",40,0,1.25,0,0,15000,0,36.1197,-95.9839,36.1197,-95.9839,0,0,0,0,0,143,0,0,0
651906,2020,4,28,"2020-04-28","17:35:00",3,"OK",40,0,0.88,0,0,0,0,36.1091,-96.0007,36.1091,-96.0007,0,0,0,0,0,143,0,0,0
651907,2020,4,28,"2020-04-28","17:39:00",3,"OK",40,0,2.5,0,0,0,0,35.19,-97.97,35.19,-97.97,0,0,0,0,0,51,0,0,0
651908,2020,4,28,"2020-04-28","17:41:00",3,"OK",40,0,1,0,0,0,0,36.1115,-95.9579,36.1115,-95.9579,0,0,0,0,0,143,0,0,0
651909,2020,4,28,"2020-04-28","17:43:00",3,"OK",40,0,1,0,0,0,0,35.24,-97.62,35.24,-97.62,0,0,0,0,0,87,0,0,0
651910,2020,4,28,"2020-04-28","17:44:00",3,"OK",40,0,2.75,0,0,0,0,35.98,-96.8,35.98,-96.8,0,0,0,0,0,119,0,0,0
651911,2020,4,28,"2020-04-28","17:46:00",3,"OK",40,0,1,0,0,0,0,36.1042,-95.9227,36.1042,-95.9227,0,0,0,0,0,143,0,0,0
651912,2020,4,28,"2020-04-28","17:46:00",3,"OK",40,0,1,0,0,0,0,35.24,-97.62,35.24,-97.62,0,0,0,0,0,87,0,0,0
651913,2020,4,28,"2020-04-28","17:47:00",3,"MO",29,0,1,0,0,0,0,39,-90.75,39.0236,-90.7106,0,0,0,0,0,113,0,0,0
651914,2020,4,28,"2020-04-28","17:52:00",3,"OK",40,0,1,0,0,0,0,36.1046,-95.7439,36.1046,-95.7439,0,0,0,0,0,145,0,0,0
651915,2020,4,28,"2020-04-28","17:53:00",3,"OK",40,0,3.75,0,0,0,0,35.05,-97.97,35.05,-97.97,0,0,0,0,0,51,0,0,0
651916,2020,4,28,"2020-04-28","17:55:00",3,"OK",40,0,1,0,0,0,0,36.1124,-95.7261,36.1124,-95.7261,0,0,0,0,0,145,0,0,0
651917,2020,4,28,"2020-04-28","17:56:00",3,"OK",40,0,1,0,0,0,0,36.1219,-95.733,36.1219,-95.733,0,0,0,0,0,145,0,0,0
651918,2020,4,28,"2020-04-28","17:57:00",3,"OK",40,0,1.75,0,0,0,0,35.01,-97.98,35.01,-97.98,0,0,0,0,0,51,0,0,0
651919,2020,4,28,"2020-04-28","18:00:00",3,"OK",40,0,1.75,0,0,0,0,35.04,-97.94,35.04,-97.94,0,0,0,0,0,51,0,0,0
651920,2020,4,28,"2020-04-28","18:03:00",3,"OK",40,0,1,0,0,0,0,35.9453,-96.0655,35.9453,-96.0655,0,0,0,0,0,37,0,0,0
651921,2020,4,28,"2020-04-28","18:20:00",3,"OK",40,0,0.75,0,0,0,0,35.8,-95.93,35.8,-95.93,0,0,0,0,0,111,0,0,0
651922,2020,4,28,"2020-04-28","18:22:00",3,"OK",40,0,1,0,0,0,0,35.6235,-96.405,35.6235,-96.405,0,0,0,0,0,107,0,0,0
651923,2020,4,28,"2020-04-28","18:23:00",3,"OK",40,0,1,0,0,0,0,34.89,-97.91,34.89,-97.91,0,0,0,0,0,51,0,0,0
651924,2020,4,28,"2020-04-28","18:30:00",3,"OK",40,0,0.75,0,0,0,0,35.6688,-96.0852,35.6688,-96.0852,0,0,0,0,0,111,0,0,0
651925,2020,4,28,"2020-04-28","18:40:00",3,"OK",40,0,2,0,0,0,0,34.72,-97.96,34.72,-97.96,0,0,0,0,0,51,0,0,0
651926,2020,4,28,"2020-04-28","18:41:00",3,"OK",40,0,1.5,0,0,0,0,35.38,-97,35.38,-97,0,0,0,0,0,125,0,0,0
651927,2020,4,28,"2020-04-28","18:45:00",3,"OK",40,0,1.75,0,0,0,0,35.38,-96.9,35.38,-96.9,0,0,0,0,0,125,0,0,0
651928,2020,4,28,"2020-04-28","18:47:00",3,"OK",40,0,1.75,0,0,0,0,34.62,-98.04,34.62,-98.04,0,0,0,0,0,137,0,0,0
651929,2020,4,28,"2020-04-28","18:47:00",3,"OK",40,0,1,0,0,0,0,34.8788,-95.7076,34.8788,-95.7076,0,0,0,0,0,121,0,0,0
651930,2020,4,28,"2020-04-28","18:48:00",3,"IL",17,0,0.88,0,0,0,0,39.8366,-89.1772,39.8366,-89.1772,0,0,0,0,0,115,0,0,0
651931,2020,4,28,"2020-04-28","18:50:00",3,"OK",40,0,2.25,0,0,30000,0,34.8749,-95.5988,34.8749,-95.5988,0,0,0,0,0,121,0,0,0
651932,2020,4,28,"2020-04-28","18:50:00",3,"OK",40,0,1.75,0,0,0,0,34.6,-97.96,34.6,-97.96,0,0,0,0,0,137,0,0,0
651933,2020,4,28,"2020-04-28","18:52:00",3,"OK",40,0,1.75,0,0,20000,0,34.8682,-95.5429,34.8682,-95.5429,0,0,0,0,0,121,0,0,0
651934,2020,4,28,"2020-04-28","18:53:00",3,"OK",40,0,2,0,0,50000,0,34.854,-95.5818,34.854,-95.5818,0,0,0,0,0,121,0,0,0
651935,2020,4,28,"2020-04-28","18:53:00",3,"OK",40,0,1.75,0,0,30000,0,34.6817,-95.7512,34.6817,-95.7512,0,0,0,0,0,121,0,0,0
651936,2020,4,28,"2020-04-28","18:55:00",3,"OK",40,0,2,0,0,0,0,34.57,-98,34.57,-98,0,0,0,0,0,137,0,0,0
651937,2020,4,28,"2020-04-28","18:56:00",3,"OK",40,0,2.75,0,0,0,0,34.61,-98.09,34.61,-98.09,0,0,0,0,0,137,0,0,0
651938,2020,4,28,"2020-04-28","19:04:00",3,"OK",40,0,1,0,0,0,0,35.24,-96.47,35.24,-96.47,0,0,0,0,0,133,0,0,0
651939,2020,4,28,"2020-04-28","19:20:00",3,"OK",40,0,1.25,0,0,15000,0,34.9197,-95.394,34.9197,-95.394,0,0,0,0,0,77,0,0,0
651940,2020,4,28,"2020-04-28","19:20:00",3,"OK",40,0,2,0,0,0,0,34.37,-97.96,34.37,-97.96,0,0,0,0,0,137,0,0,0
651941,2020,4,28,"2020-04-28","19:21:00",3,"MO",29,0,1,0,0,0,0,37.18,-92.35,37.18,-92.35,0,0,0,0,0,229,0,0,0
651942,2020,4,28,"2020-04-28","19:23:00",3,"OK",40,0,1.75,0,0,0,0,35.07,-96.42,35.07,-96.42,0,0,0,0,0,63,0,0,0
651943,2020,4,28,"2020-04-28","19:23:00",3,"OK",40,0,1.75,0,0,0,0,35.09,-96.68,35.09,-96.68,0,0,0,0,0,133,0,0,0
651944,2020,4,28,"2020-04-28","19:24:00",3,"OK",40,0,1,0,0,0,0,35.08,-96.4,35.08,-96.4,0,0,0,0,0,63,0,0,0
651945,2020,4,28,"2020-04-28","19:29:00",3,"OK",40,0,1,0,0,0,0,34.7211,-95.77,34.7211,-95.77,0,0,0,0,0,121,0,0,0
651946,2020,4,28,"2020-04-28","19:52:00",3,"OK",40,0,1,0,0,0,0,34.78,-96.63,34.78,-96.63,0,0,0,0,0,123,0,0,0
651947,2020,4,28,"2020-04-28","19:54:00",3,"OK",40,0,1,0,0,0,0,34.9607,-95.7325,34.9607,-95.7325,0,0,0,0,0,121,0,0,0
651948,2020,4,28,"2020-04-28","19:59:00",3,"OK",40,0,1.75,0,0,15000,0,34.7127,-95.7337,34.7127,-95.7337,0,0,0,0,0,121,0,0,0
651949,2020,4,28,"2020-04-28","20:08:00",3,"OK",40,0,1.75,0,0,0,0,34.58,-95.77,34.58,-95.77,0,0,0,0,0,5,0,0,0
651950,2020,4,28,"2020-04-28","20:12:00",3,"OK",40,0,1.75,0,0,0,0,34.67,-96.57,34.67,-96.57,0,0,0,0,0,123,0,0,0
651951,2020,4,28,"2020-04-28","20:12:00",3,"OK",40,0,1,0,0,0,0,34.65,-96.53,34.65,-96.53,0,0,0,0,0,123,0,0,0
651952,2020,4,28,"2020-04-28","20:20:00",3,"TX",48,0,2.75,0,0,0,0,33.57,-98.44,33.57,-98.44,0,0,0,0,0,9,0,0,0
651953,2020,4,28,"2020-04-28","20:28:00",3,"TX",48,0,1.75,0,0,0,0,33.79,-98.41,33.79,-98.41,0,0,0,0,0,77,0,0,0
651954,2020,4,28,"2020-04-28","20:32:00",3,"TX",48,0,1.75,0,0,1000,0,32.95,-99.05,32.95,-99.05,0,0,0,0,0,429,0,0,0
651955,2020,4,28,"2020-04-28","20:52:00",3,"TX",48,0,1.75,0,0,1000,0,33.41,-98.15,33.41,-98.15,0,0,0,0,0,237,0,0,0
651956,2020,4,28,"2020-04-28","20:54:00",3,"TX",48,0,1.5,0,0,0,0,33.63,-98.02,33.63,-98.02,0,0,0,0,0,77,0,0,0
651957,2020,4,28,"2020-04-28","21:00:00",3,"TX",48,0,1.5,0,0,0,0,32.75,-98.9344,32.75,-98.9344,0,0,0,0,0,429,0,0,0
651958,2020,4,28,"2020-04-28","21:01:00",3,"TX",48,0,1,0,0,0,0,33.63,-98.02,33.63,-98.02,0,0,0,0,0,77,0,0,0
651959,2020,4,28,"2020-04-28","21:02:00",3,"TX",48,0,2,0,0,0,0,33.64,-98.01,33.64,-98.01,0,0,0,0,0,77,0,0,0
651960,2020,4,28,"2020-04-28","21:08:00",3,"TX",48,0,2,0,0,20000,0,33.17,-98.38,33.17,-98.38,0,0,0,0,0,237,0,0,0
651961,2020,4,28,"2020-04-28","21:09:00",3,"TX",48,0,1.75,0,0,0,0,33.7126,-95.0571,33.7126,-95.0571,0,0,0,0,0,387,0,0,0
651962,2020,4,28,"2020-04-28","21:16:00",3,"TX",48,0,1,0,0,0,0,33.1,-98.25,33.1,-98.25,0,0,0,0,0,237,0,0,0
651963,2020,4,28,"2020-04-28","21:27:00",3,"TX",48,0,1.5,0,0,0,0,33.8,-98.37,33.8,-98.37,0,0,0,0,0,77,0,0,0
651964,2020,4,28,"2020-04-28","21:36:00",3,"AR",5,0,1,0,0,0,0,34.0386,-94.3437,34.0386,-94.3437,0,0,0,0,0,133,0,0,0
651965,2020,4,28,"2020-04-28","21:45:00",3,"TX",48,0,1,0,0,0,0,33.37,-97.68,33.37,-97.68,0,0,0,0,0,497,0,0,0
651966,2020,4,28,"2020-04-28","21:53:00",3,"AR",5,0,1.5,0,0,0,0,35.26,-91.88,35.26,-91.88,0,0,0,0,0,145,0,0,0
651967,2020,4,28,"2020-04-28","21:56:00",3,"AR",5,0,1,0,0,0,0,34.73,-92.42,34.73,-92.42,0,0,0,0,0,119,0,0,0
651968,2020,4,28,"2020-04-28","21:58:00",3,"AR",5,0,1,0,0,0,0,34.89,-92.23,34.89,-92.23,0,0,0,0,0,119,0,0,0
651969,2020,4,28,"2020-04-28","22:00:00",3,"TX",48,0,1.5,0,0,0,0,33.26,-97.61,33.26,-97.61,0,0,0,0,0,497,0,0,0
651970,2020,4,28,"2020-04-28","22:01:00",3,"AR",5,0,0.75,0,0,0,0,34.92,-92.17,34.92,-92.17,0,0,0,0,0,119,0,0,0
651971,2020,4,28,"2020-04-28","22:03:00",3,"AR",5,0,1,0,0,0,0,34.92,-92.17,34.92,-92.17,0,0,0,0,0,119,0,0,0
651972,2020,4,28,"2020-04-28","22:03:00",3,"AR",5,0,1,0,0,0,0,34.92,-92.17,34.92,-92.17,0,0,0,0,0,119,0,0,0
651973,2020,4,28,"2020-04-28","22:05:00",3,"TX",48,0,0.75,0,0,0,0,32.75,-98.1,32.75,-98.1,0,0,0,0,0,363,0,0,0
651974,2020,4,28,"2020-04-28","22:17:00",3,"TX",48,0,2,0,0,10000,0,32.4,-98.82,32.4,-98.82,0,0,0,0,0,133,0,0,0
651975,2020,4,28,"2020-04-28","22:20:00",3,"TX",48,0,0.75,0,0,0,0,33.56,-95.6,33.56,-95.6,0,0,0,0,0,277,0,0,0
651976,2020,4,28,"2020-04-28","22:27:00",3,"AR",5,0,1,0,0,0,0,33.7291,-93.6202,33.7291,-93.6202,0,0,0,0,0,57,0,0,0
651977,2020,4,28,"2020-04-28","22:32:00",3,"AR",5,0,1,0,0,0,0,33.6682,-93.5758,33.6682,-93.5758,0,0,0,0,0,57,0,0,0
651978,2020,4,28,"2020-04-28","23:02:00",3,"AR",5,0,0.75,0,0,0,0,33.3689,-93.5081,33.3689,-93.5081,0,0,0,0,0,73,0,0,0
651979,2020,4,28,"2020-04-28","23:12:00",3,"TX",48,0,1,0,0,0,0,32.63,-97.09,32.63,-97.09,0,0,0,0,0,439,0,0,0
651980,2020,4,28,"2020-04-28","23:14:00",3,"TX",48,0,0.88,0,0,0,0,32.46,-97.47,32.46,-97.47,0,0,0,0,0,251,0,0,0
651981,2020,4,28,"2020-04-28","23:18:00",3,"TX",48,0,0.75,0,0,0,0,32.58,-97.1,32.58,-97.1,0,0,0,0,0,439,0,0,0
651982,2020,4,28,"2020-04-28","23:29:00",3,"TX",48,0,2,0,0,5000,0,32.3089,-97.4516,32.3089,-97.4516,0,0,0,0,0,251,0,0,0
651983,2020,4,28,"2020-04-28","23:32:00",3,"TX",48,0,0.88,0,0,0,0,32.5,-96.97,32.5,-96.97,0,0,0,0,0,139,0,0,0
651984,2020,4,28,"2020-04-28","23:35:00",3,"TX",48,0,1,0,0,0,0,32.6954,-95.4831,32.6954,-95.4831,0,0,0,0,0,499,0,0,0
651985,2020,4,28,"2020-04-28","23:38:00",3,"LA",22,0,1,0,0,0,0,33.0101,-93.4697,33.0101,-93.4697,0,0,0,0,0,119,0,0,0
651986,2020,4,28,"2020-04-28","23:43:00",3,"TX",48,0,1.25,0,0,0,0,32.61,-97.59,32.61,-97.59,0,0,0,0,0,367,0,0,0
651987,2020,4,28,"2020-04-28","23:50:00",3,"TX",48,0,1.25,0,0,0,0,32.5425,-95.4196,32.5425,-95.4196,0,0,0,0,0,423,0,0,0
651988,2020,4,28,"2020-04-28","23:58:00",3,"TX",48,0,1,0,0,0,0,32.32,-96.21,32.32,-96.21,0,0,0,0,0,213,0,0,0
651989,2020,4,29,"2020-04-29","00:01:00",3,"TX",48,0,1.25,0,0,0,0,32.08,-96.44,32.08,-96.44,0,0,0,0,0,349,0,0,0
651990,2020,4,29,"2020-04-29","00:02:00",3,"TX",48,0,1,0,0,0,0,32.48,-97.49,32.48,-97.49,0,0,0,0,0,251,0,0,0
651991,2020,4,29,"2020-04-29","00:06:00",3,"TX",48,0,1,0,0,0,0,32.381,-95.3305,32.381,-95.3305,0,0,0,0,0,423,0,0,0
651992,2020,4,29,"2020-04-29","00:16:00",3,"TX",48,0,1.5,0,0,0,0,32.3525,-94.9074,32.3525,-94.9074,0,0,0,0,0,401,0,0,0
651993,2020,4,29,"2020-04-29","00:18:00",3,"TX",48,0,0.75,0,0,0,0,31.1283,-97.7187,31.1283,-97.7187,0,0,0,0,0,27,0,0,0
651994,2020,4,29,"2020-04-29","00:19:00",3,"TX",48,0,0.88,0,0,0,0,32.34,-97.4,32.34,-97.4,0,0,0,0,0,251,0,0,0
651995,2020,4,29,"2020-04-29","00:20:00",3,"LA",22,0,1,0,0,0,0,32.4701,-93.7501,32.4701,-93.7501,0,0,0,0,0,17,0,0,0
651996,2020,4,29,"2020-04-29","00:21:00",3,"TX",48,0,1,0,0,0,0,32.34,-97.39,32.34,-97.39,0,0,0,0,0,251,0,0,0
651997,2020,4,29,"2020-04-29","00:22:00",3,"LA",22,0,1,0,0,0,0,32.4522,-93.7181,32.4522,-93.7181,0,0,0,0,0,17,0,0,0
651998,2020,4,29,"2020-04-29","00:27:00",3,"TX",48,0,1,0,0,0,0,32.34,-98.01,32.34,-98.01,0,0,0,0,0,143,0,0,0
651999,2020,4,29,"2020-04-29","00:27:00",3,"TX",48,0,1,0,0,0,0,32.3489,-94.708,32.3489,-94.708,0,0,0,0,0,401,0,0,0
652000,2020,4,29,"2020-04-29","00:27:00",3,"TX",48,0,1.5,0,0,0,0,31.07,-97.71,31.07,-97.71,0,0,0,0,0,27,0,0,0
652001,2020,4,29,"2020-04-29","00:30:00",3,"TX",48,0,1,0,0,0,0,31.05,-97.7,31.05,-97.7,0,0,0,0,0,27,0,0,0
652002,2020,4,29,"2020-04-29","00:35:00",3,"TX",48,0,0.75,0,0,0,0,32.0191,-96.2837,32.0191,-96.2837,0,0,0,0,0,349,0,0,0
652003,2020,4,29,"2020-04-29","00:38:00",3,"TX",48,0,0.88,0,0,0,0,32.2344,-94.9462,32.2344,-94.9462,0,0,0,0,0,401,0,0,0
652004,2020,4,29,"2020-04-29","00:47:00",3,"TX",48,0,0.75,0,0,0,0,31.87,-96.33,31.87,-96.33,0,0,0,0,0,161,0,0,0
652005,2020,4,29,"2020-04-29","00:50:00",3,"TX",48,0,1.25,0,0,0,0,32.22,-98.3,32.22,-98.3,0,0,0,0,0,143,0,0,0
652006,2020,4,29,"2020-04-29","01:01:00",3,"TX",48,0,1.25,0,0,0,0,31.96,-97.3,31.96,-97.3,0,0,0,0,0,217,0,0,0
652007,2020,4,29,"2020-04-29","01:01:00",3,"TX",48,0,1,0,0,0,0,32.16,-98.23,32.16,-98.23,0,0,0,0,0,143,0,0,0
652008,2020,4,29,"2020-04-29","04:50:00",3,"MS",28,0,0.88,0,0,0,0,31.35,-89.37,31.35,-89.37,0,0,0,0,0,35,0,0,0
652009,2020,4,29,"2020-04-29","04:55:00",3,"MS",28,0,0.88,0,0,0,0,31.24,-89.3,31.24,-89.3,0,0,0,0,0,35,0,0,0
652010,2020,4,29,"2020-04-29","14:15:00",3,"KY",21,0,0.88,0,0,0,0,36.9573,-88.3355,36.9573,-88.3355,0,0,0,0,0,157,0,0,0
652011,2020,4,29,"2020-04-29","15:02:00",3,"KY",21,0,0.75,0,0,0,0,36.52,-88.87,36.52,-88.87,0,0,0,0,0,75,0,0,0
652012,2020,4,29,"2020-04-29","19:20:00",3,"OR",41,0,1,0,0,0,0,44.77,-117.83,44.7629,-117.7064,0,0,0,0,0,1,0,0,0
652013,2020,4,30,"2020-04-30","14:30:00",3,"ID",16,0,1.75,0,0,0,0,43.05,-116.35,43.0065,-116.122,0,0,0,0,0,73,0,0,0
650473,2020,4,2,"2020-04-02","20:40:00",3,"OK",40,0,1.75,0,0,0,0,35.26,-99.69,35.26,-99.69,0,0,0,0,0,9,0,0,0
650474,2020,4,2,"2020-04-02","22:50:00",3,"OK",40,0,1,0,0,0,0,35.1,-99.36,35.1,-99.36,0,0,0,0,0,75,0,0,0
650475,2020,4,3,"2020-04-03","12:00:00",3,"TX",48,0,1.25,0,0,0,0,29.58,-100.97,29.58,-100.97,0,0,0,0,0,465,0,0,0
650476,2020,4,3,"2020-04-03","12:15:00",3,"TX",48,0,1.75,0,0,0,0,29.33,-100.41,29.33,-100.41,0,0,0,0,0,271,0,0,0
650477,2020,4,3,"2020-04-03","15:29:00",3,"TX",48,0,1,0,0,0,0,29.86,-97.86,29.86,-97.86,0,0,0,0,0,55,0,0,0
650478,2020,4,3,"2020-04-03","16:20:00",3,"TX",48,0,3,0,0,0,0,28.4876,-98.4317,28.4876,-98.4317,0,0,0,0,0,311,0,0,0
650479,2020,4,3,"2020-04-03","16:33:00",3,"TX",48,0,1,0,0,0,0,28.47,-98.36,28.47,-98.36,0,0,0,0,0,311,0,0,0
650480,2020,4,3,"2020-04-03","18:56:00",3,"TX",48,0,1.25,0,0,10000,0,27.97,-98.99,27.97,-98.99,0,0,0,0,0,479,0,0,0
650481,2020,4,3,"2020-04-03","19:05:00",3,"TX",48,0,1.75,0,0,0,0,27.95,-98.91,27.95,-98.91,0,0,0,0,0,479,0,0,0
650482,2020,4,6,"2020-04-06","12:57:00",3,"CA",6,0,0.25,0,0,0,0,37.8067,-121.994,37.8067,-121.994,0,0,0,0,0,13,0,0,0
650483,2020,4,6,"2020-04-06","13:09:00",3,"CA",6,0,0.75,0,0,0,0,37.31,-121.77,37.31,-121.77,0,0,0,0,0,85,0,0,0
650484,2020,4,6,"2020-04-06","14:10:00",3,"SC",45,0,0.25,0,0,10,10,34,-80.38,34,-80.38,0,0,0,0,0,85,0,0,0
650485,2020,4,6,"2020-04-06","18:55:00",3,"SD",46,0,1,0,0,0,0,45.54,-98.8,45.54,-98.8,0,0,0,0,0,45,0,0,0
650486,2020,4,6,"2020-04-06","19:10:00",3,"SD",46,0,1,0,0,0,0,45.72,-98.94,45.72,-98.94,0,0,0,0,0,89,0,0,0
650487,2020,4,6,"2020-04-06","19:45:00",3,"SD",46,0,0.88,0,0,0,0,45.73,-98.5,45.73,-98.5,0,0,0,0,0,13,0,0,0
650488,2020,4,6,"2020-04-06","19:50:00",3,"SD",46,0,1,0,0,0,0,45.68,-98.52,45.68,-98.52,0,0,0,0,0,13,0,0,0
650489,2020,4,6,"2020-04-06","20:20:00",3,"SD",46,0,1.75,0,0,0,0,45.69,-98.17,45.69,-98.17,0,0,0,0,0,13,0,0,0
650490,2020,4,6,"2020-04-06","20:25:00",3,"SD",46,0,1.5,0,0,0,0,45.68,-98.02,45.68,-98.02,0,0,0,0,0,13,0,0,0
650491,2020,4,6,"2020-04-06","20:35:00",3,"SD",46,0,1,0,0,0,0,45.69,-97.78,45.69,-97.78,0,0,0,0,0,91,0,0,0
650492,2020,4,6,"2020-04-06","21:36:00",3,"SD",46,0,1,0,0,0,0,45.66,-97.05,45.66,-97.05,0,0,0,0,0,109,0,0,0
650493,2020,4,6,"2020-04-06","22:25:00",3,"MN",27,0,1,0,0,0,0,45.65,-96.42,45.65,-96.42,0,0,0,0,0,155,0,0,0
650494,2020,4,7,"2020-04-07","00:45:00",3,"ND",38,0,1,0,0,0,0,46.3,-96.72,46.3,-96.72,0,0,0,0,0,77,0,0,0
650495,2020,4,7,"2020-04-07","00:45:00",3,"MN",27,0,1,0,0,0,0,46.0407,-95.8287,46.088,-95.6338,0,0,0,0,0,41,0,0,0
650496,2020,4,7,"2020-04-07","01:10:00",3,"MN",27,0,1,0,0,0,0,46.37,-96.44,46.37,-96.44,0,0,0,0,0,167,0,0,0
650497,2020,4,7,"2020-04-07","01:35:00",3,"MN",27,0,1,0,0,0,0,46.38,-96.13,46.38,-96.13,0,0,0,0,0,111,0,0,0
650498,2020,4,7,"2020-04-07","01:51:00",3,"MN",27,0,0.88,0,0,0,0,45.56,-94.17,45.56,-94.17,0,0,0,0,0,145,0,0,0
650499,2020,4,7,"2020-04-07","02:00:00",3,"MN",27,0,0.88,0,0,0,0,46.43,-95.56,46.43,-95.56,0,0,0,0,0,111,0,0,0
650500,2020,4,7,"2020-04-07","02:30:00",3,"MN",27,0,0.75,0,0,0,0,46.47,-95.23,46.47,-95.23,0,0,0,0,0,111,0,0,0
650501,2020,4,7,"2020-04-07","02:52:00",3,"MN",27,0,1,0,0,0,0,46.44,-95.13,46.44,-95.13,0,0,0,0,0,159,0,0,0
650502,2020,4,7,"2020-04-07","02:54:00",3,"MN",27,0,1,0,0,0,0,46.48,-95.08,46.48,-95.08,0,0,0,0,0,159,0,0,0
650503,2020,4,7,"2020-04-07","03:06:00",3,"MN",27,0,1,0,0,0,0,46.45,-94.94,46.45,-94.94,0,0,0,0,0,159,0,0,0
650504,2020,4,7,"2020-04-07","03:20:00",3,"MN",27,0,1,0,0,0,0,46.41,-94.79,46.41,-94.79,0,0,0,0,0,159,0,0,0
650505,2020,4,7,"2020-04-07","05:01:00",3,"MN",27,0,1.25,0,0,0,0,46.34,-94.28,46.34,-94.28,0,0,0,0,0,35,0,0,0
650506,2020,4,7,"2020-04-07","05:48:00",3,"WV",54,0,1.5,0,0,0,0,38.89,-80.3,38.89,-80.3,0,0,0,0,0,97,0,0,0
650507,2020,4,7,"2020-04-07","07:24:00",3,"WI",55,0,1,0,0,0,0,45.81,-92.2,45.81,-92.2,0,0,0,0,0,13,0,0,0
650508,2020,4,7,"2020-04-07","07:35:00",3,"WI",55,0,1,0,0,0,0,45.82,-91.89,45.82,-91.89,0,0,0,0,0,129,0,0,0
650509,2020,4,7,"2020-04-07","08:20:00",3,"WI",55,0,2,0,0,0,0,45.6323,-91.3944,45.5193,-90.6994,0,0,0,0,0,107,0,0,0
650510,2020,4,7,"2020-04-07","09:13:00",3,"WI",55,0,1,0,0,0,0,45.38,-90.3,45.38,-90.3,0,0,0,0,0,119,0,0,0
650511,2020,4,7,"2020-04-07","09:15:00",3,"WI",55,0,1.25,0,0,0,0,45.35,-90.3,45.35,-90.3,0,0,0,0,0,119,0,0,0
650512,2020,4,7,"2020-04-07","11:45:00",3,"VA",51,0,1,0,0,0,0,36.97,-78.25,36.97,-78.25,0,0,0,0,0,111,0,0,0
650513,2020,4,7,"2020-04-07","12:40:00",3,"WV",54,0,0.75,0,0,0,0,38.93,-79.85,38.93,-79.85,0,0,0,0,0,83,0,0,0
650514,2020,4,7,"2020-04-07","13:00:00",3,"NC",37,0,1,0,0,0,0,36.5,-77.96,36.5,-77.96,0,0,0,0,0,185,0,0,0
650515,2020,4,7,"2020-04-07","13:43:00",3,"WI",55,0,1,0,0,0,0,44.79,-88,44.79,-88,0,0,0,0,0,83,0,0,0
650516,2020,4,7,"2020-04-07","14:02:00",3,"WI",55,0,0.88,0,0,0,0,44.81,-87.92,44.81,-87.92,0,0,0,0,0,83,0,0,0
650517,2020,4,7,"2020-04-07","14:14:00",3,"WI",55,0,1.75,0,0,0,0,44.83,-87.38,44.83,-87.38,0,0,0,0,0,29,0,0,0
650518,2020,4,7,"2020-04-07","14:15:00",3,"WI",55,0,1,0,0,0,0,44.68,-87.5,44.68,-87.5,0,0,0,0,0,29,0,0,0
650519,2020,4,7,"2020-04-07","14:41:00",3,"WI",55,0,1,0,0,0,0,43.42,-88.34,43.42,-88.34,0,0,0,0,0,131,0,0,0
650520,2020,4,7,"2020-04-07","14:42:00",3,"VA",51,0,1,0,0,0,0,37.96,-76.76,37.96,-76.76,0,0,0,0,0,159,0,0,0
650521,2020,4,7,"2020-04-07","14:49:00",3,"WI",55,0,0.75,0,0,0,0,44.8,-87.45,44.8,-87.45,0,0,0,0,0,29,0,0,0
650522,2020,4,7,"2020-04-07","14:51:00",3,"WI",55,0,0.75,0,0,0,0,43.4,-88.17,43.4,-88.17,0,0,0,0,0,131,0,0,0
650523,2020,4,7,"2020-04-07","14:52:00",3,"WI",55,0,2.5,0,0,0,0,43.34,-88.17,43.34,-88.17,0,0,0,0,0,131,0,0,0
650524,2020,4,7,"2020-04-07","14:52:00",3,"WI",55,0,1.75,0,0,0,0,43.32,-88.16,43.32,-88.16,0,0,0,0,0,131,0,0,0
650525,2020,4,7,"2020-04-07","14:58:00",3,"WI",55,0,0.75,0,0,0,0,43.38,-87.93,43.38,-87.93,0,0,0,0,0,89,0,0,0
650526,2020,4,7,"2020-04-07","14:59:00",3,"WI",55,0,2.5,0,0,0,0,43.32,-88.08,43.32,-88.08,0,0,0,0,0,131,0,0,0
650527,2020,4,7,"2020-04-07","15:05:00",3,"WI",55,0,1,0,0,0,0,45.23,-88.01,45.23,-88.01,0,0,0,0,0,75,0,0,0
650528,2020,4,7,"2020-04-07","15:08:00",3,"WI",55,0,1.75,0,0,0,0,43.3,-87.99,43.3,-87.99,0,0,0,0,0,89,0,0,0
650529,2020,4,7,"2020-04-07","15:10:00",3,"OH",39,0,1,0,0,0,0,39.75,-81.57,39.75,-81.57,0,0,0,0,0,121,0,0,0
650530,2020,4,7,"2020-04-07","15:10:00",3,"WI",55,0,2.75,0,0,0,0,43.28,-87.98,43.28,-87.98,0,0,0,0,0,89,0,0,0
650531,2020,4,7,"2020-04-07","15:11:00",3,"WI",55,0,1.25,0,0,0,0,43.31,-88,43.31,-88,0,0,0,0,0,89,0,0,0
650532,2020,4,7,"2020-04-07","15:12:00",3,"WI",55,0,0.75,0,0,0,0,43.38,-87.93,43.38,-87.93,0,0,0,0,0,89,0,0,0
650533,2020,4,7,"2020-04-07","15:14:00",3,"WI",55,0,1,0,0,0,0,43.32,-87.96,43.32,-87.96,0,0,0,0,0,89,0,0,0
650534,2020,4,7,"2020-04-07","15:14:00",3,"WI",55,0,2,0,0,0,0,43.32,-87.95,43.32,-87.95,0,0,0,0,0,89,0,0,0
650535,2020,4,7,"2020-04-07","15:15:00",3,"WI",55,0,1,0,0,0,0,43.31,-87.92,43.31,-87.92,0,0,0,0,0,89,0,0,0
650536,2020,4,7,"2020-04-07","15:22:00",3,"WI",55,0,1.5,0,0,0,0,43.33,-87.93,43.33,-87.93,0,0,0,0,0,89,0,0,0
650537,2020,4,7,"2020-04-07","15:24:00",3,"MI",26,0,1.25,0,0,0,0,45.19,-87.5539,45.19,-87.5539,0,0,0,0,0,109,0,0,0
650538,2020,4,7,"2020-04-07","15:30:00",3,"OH",39,0,0.88,0,0,0,0,39.66,-81.47,39.66,-81.47,0,0,0,0,0,121,0,0,0
650539,2020,4,7,"2020-04-07","15:37:00",3,"OH",39,0,1.75,0,0,0,0,39.59,-81.39,39.59,-81.39,0,0,0,0,0,167,0,0,0
650540,2020,4,7,"2020-04-07","15:40:00",3,"SC",45,0,1,0,0,0,0,35.079,-81.947,35.079,-81.947,0,0,0,0,0,83,0,0,0
650541,2020,4,7,"2020-04-07","15:45:00",3,"WI",55,0,1,0,0,0,0,42.63,-90.6,42.63,-90.6,0,0,0,0,0,43,0,0,0
650542,2020,4,7,"2020-04-07","15:50:00",3,"WI",55,0,0.75,0,0,0,0,45.13,-87.23,45.13,-87.23,0,0,0,0,0,29,0,0,0
650543,2020,4,7,"2020-04-07","15:54:00",3,"WI",55,0,0.88,0,0,0,0,42.6,-90.43,42.6,-90.43,0,0,0,0,0,43,0,0,0
650544,2020,4,7,"2020-04-07","15:54:00",3,"OH",39,0,1,0,0,0,0,39.56,-81.34,39.56,-81.34,0,0,0,0,0,167,0,0,0
650545,2020,4,7,"2020-04-07","16:00:00",3,"MI",26,0,1,0,0,0,0,44.4951,-86.2321,44.4951,-86.2321,0,0,0,0,0,101,0,0,0
650546,2020,4,7,"2020-04-07","16:01:00",3,"WI",55,0,1,0,0,0,0,42.67,-90.33,42.67,-90.33,0,0,0,0,0,65,0,0,0
650547,2020,4,7,"2020-04-07","16:08:00",3,"MI",26,0,1,0,0,0,0,44.25,-85.4,44.25,-85.4,0,0,0,0,0,165,0,0,0
650548,2020,4,7,"2020-04-07","16:10:00",3,"MI",26,0,0.75,0,0,0,0,44.4239,-86.1382,44.4239,-86.1382,0,0,0,0,0,101,0,0,0
650549,2020,4,7,"2020-04-07","16:14:00",3,"WI",55,0,1,0,0,0,0,42.71,-90.09,42.71,-90.09,0,0,0,0,0,65,0,0,0
650550,2020,4,7,"2020-04-07","16:15:00",3,"MI",26,0,1,0,0,0,0,44.42,-86.15,44.42,-86.15,0,0,0,0,0,101,0,0,0
650551,2020,4,7,"2020-04-07","16:19:00",3,"WI",55,0,1,0,0,0,0,43.15,-88.13,43.15,-88.13,0,0,0,0,0,133,0,0,0
650552,2020,4,7,"2020-04-07","16:25:00",3,"MI",26,0,1.75,0,0,5e+05,0,43.38,-86.35,43.38,-86.35,0,0,0,0,0,121,0,0,0
650553,2020,4,7,"2020-04-07","16:26:00",3,"WI",55,0,2,0,0,2000,0,42.62,-90.14,42.62,-90.14,0,0,0,0,0,65,0,0,0
650554,2020,4,7,"2020-04-07","16:28:00",3,"WI",55,0,1,0,0,0,0,43.13,-87.93,43.13,-87.93,0,0,0,0,0,79,0,0,0
650555,2020,4,7,"2020-04-07","16:30:00",3,"WV",54,0,1.25,0,0,10500,0,39.36,-80.91,39.36,-80.91,0,0,0,0,0,85,0,0,0
650556,2020,4,7,"2020-04-07","16:30:00",3,"OH",39,0,1,0,0,0,0,39.52,-81.41,39.52,-81.41,0,0,0,0,0,167,0,0,0
650557,2020,4,7,"2020-04-07","16:30:00",3,"WI",55,0,1,0,0,0,0,43.06,-87.92,43.06,-87.92,0,0,0,0,0,79,0,0,0
650558,2020,4,7,"2020-04-07","16:36:00",3,"WV",54,0,1,0,0,0,0,39.28,-80.97,39.28,-80.97,0,0,0,0,0,85,0,0,0
650559,2020,4,7,"2020-04-07","16:36:00",3,"WI",55,0,2.5,0,0,0,0,42.58,-90.02,42.58,-90.02,0,0,0,0,0,65,0,0,0
650560,2020,4,7,"2020-04-07","16:44:00",3,"WV",54,0,1.25,0,0,10500,0,39.3,-80.78,39.3,-80.78,0,0,0,0,0,17,0,0,0
650561,2020,4,7,"2020-04-07","16:54:00",3,"WI",55,0,1.75,0,0,0,0,42.57,-89.88,42.57,-89.88,0,0,0,0,0,65,0,0,0
650562,2020,4,7,"2020-04-07","16:57:00",3,"MI",26,0,0.75,0,0,0,0,44.25,-85.36,44.25,-85.36,0,0,0,0,0,165,0,0,0
650563,2020,4,7,"2020-04-07","16:58:00",3,"WI",55,0,1.75,0,0,0,0,42.58,-89.79,42.58,-89.79,0,0,0,0,0,45,0,0,0
650564,2020,4,7,"2020-04-07","16:59:00",3,"WI",55,0,1,0,0,0,0,42.58,-89.79,42.58,-89.79,0,0,0,0,0,45,0,0,0
650565,2020,4,7,"2020-04-07","17:04:00",3,"WI",55,0,3,0,0,0,0,42.54,-89.73,42.54,-89.73,0,0,0,0,0,45,0,0,0
650566,2020,4,7,"2020-04-07","17:07:00",3,"MI",26,0,0.88,0,0,0,0,43.88,-84.49,43.88,-84.49,0,0,0,0,0,51,0,0,0
650567,2020,4,7,"2020-04-07","17:07:00",3,"WV",54,0,1,0,0,0,0,39.11,-80.75,39.11,-80.75,0,0,0,0,0,17,0,0,0
650568,2020,4,7,"2020-04-07","17:07:00",3,"WI",55,0,1.75,0,0,0,0,42.58,-89.64,42.58,-89.64,0,0,0,0,0,45,0,0,0
650569,2020,4,7,"2020-04-07","17:09:00",3,"WI",55,0,1,0,0,0,0,42.6,-89.64,42.6,-89.64,0,0,0,0,0,45,0,0,0
650570,2020,4,7,"2020-04-07","17:19:00",3,"WI",55,0,2.5,0,0,0,0,42.52,-89.65,42.52,-89.65,0,0,0,0,0,45,0,0,0
650571,2020,4,7,"2020-04-07","17:20:00",3,"IL",17,0,1.75,0,0,0,0,42.47,-89.64,42.47,-89.64,0,0,0,0,0,177,0,0,0
650572,2020,4,7,"2020-04-07","17:22:00",3,"MI",26,0,1,0,0,50000,0,42.99,-85.75,42.99,-85.75,0,0,0,0,0,81,0,0,0
650573,2020,4,7,"2020-04-07","17:25:00",3,"WI",55,0,1.75,0,0,0,0,42.51,-89.67,42.51,-89.67,0,0,0,0,0,45,0,0,0
650574,2020,4,7,"2020-04-07","17:25:00",3,"MI",26,0,1.75,0,0,0,0,43.78,-84.33,43.78,-84.33,0,0,0,0,0,111,0,0,0
650575,2020,4,7,"2020-04-07","17:25:00",3,"WV",54,0,0.75,0,0,0,0,39.1,-80.48,39.1,-80.48,0,0,0,0,0,41,0,0,0
650576,2020,4,7,"2020-04-07","17:28:00",3,"WV",54,0,0.75,0,0,0,0,39.02,-80.44,39.02,-80.44,0,0,0,0,0,41,0,0,0
650577,2020,4,7,"2020-04-07","17:28:00",3,"IL",17,0,3,0,0,0,0,42.48,-89.5,42.48,-89.5,0,0,0,0,0,177,0,0,0
650578,2020,4,7,"2020-04-07","17:28:00",3,"MI",26,0,1.75,0,0,250000,0,43.86,-85,43.86,-85,0,0,0,0,0,35,0,0,0
650579,2020,4,7,"2020-04-07","17:29:00",3,"IA",19,0,1,0,0,0,0,42.11,-91.27,42.11,-91.27,0,0,0,0,0,105,0,0,0
650580,2020,4,7,"2020-04-07","17:30:00",3,"IA",19,0,0.88,0,0,0,0,42.11,-91.28,42.11,-91.28,0,0,0,0,0,105,0,0,0
650581,2020,4,7,"2020-04-07","17:30:00",3,"WV",54,0,1.25,0,0,0,0,38.94,-80.51,38.94,-80.51,0,0,0,0,0,41,0,0,0
650582,2020,4,7,"2020-04-07","17:35:00",3,"WV",54,0,1.75,0,0,0,0,39.01,-80.51,39.01,-80.51,0,0,0,0,0,41,0,0,0
650583,2020,4,7,"2020-04-07","17:38:00",3,"IL",17,0,1.75,0,0,0,0,42.46,-89.39,42.43,-89.33,0,0,0,0,0,201,0,0,0
650584,2020,4,7,"2020-04-07","17:39:00",3,"WV",54,0,1.75,0,0,0,0,39.01,-80.47,39.01,-80.47,0,0,0,0,0,41,0,0,0
650585,2020,4,7,"2020-04-07","17:40:00",3,"IA",19,0,1.75,0,0,0,0,42.04,-91.72,42.04,-91.72,0,0,0,0,0,113,0,0,0
650586,2020,4,7,"2020-04-07","17:40:00",3,"IA",19,0,1,0,0,0,0,42.04,-91.71,42.04,-91.71,0,0,0,0,0,113,0,0,0
650587,2020,4,7,"2020-04-07","17:40:00",3,"IA",19,0,2,0,0,0,0,42.05,-91.61,42.05,-91.61,0,0,0,0,0,113,0,0,0
650588,2020,4,7,"2020-04-07","17:41:00",3,"IA",19,0,2,0,0,0,0,42.06,-91.65,42.06,-91.65,0,0,0,0,0,113,0,0,0
650589,2020,4,7,"2020-04-07","17:42:00",3,"IA",19,0,1.75,0,0,0,0,42.05,-91.68,42.05,-91.68,0,0,0,0,0,113,0,0,0
650590,2020,4,7,"2020-04-07","17:44:00",3,"IA",19,0,1,0,0,0,0,42.04,-91.59,42.04,-91.59,0,0,0,0,0,113,0,0,0
650591,2020,4,7,"2020-04-07","17:44:00",3,"IA",19,0,2.75,0,0,0,0,42.03,-91.64,42.03,-91.64,0,0,0,0,0,113,0,0,0
650592,2020,4,7,"2020-04-07","17:45:00",3,"IA",19,0,2.5,0,0,0,0,42.02,-91.6,42.02,-91.6,0,0,0,0,0,113,0,0,0
650593,2020,4,7,"2020-04-07","17:45:00",3,"IA",19,0,1.75,0,0,0,0,42.05,-91.68,42.05,-91.68,0,0,0,0,0,113,0,0,0
650594,2020,4,7,"2020-04-07","17:45:00",3,"IA",19,0,2,0,0,0,0,42.03,-91.62,42.03,-91.62,0,0,0,0,0,113,0,0,0
650595,2020,4,7,"2020-04-07","17:45:00",3,"IA",19,0,2.5,0,0,0,0,41.98,-91.66,41.98,-91.66,0,0,0,0,0,113,0,0,0
650596,2020,4,7,"2020-04-07","17:45:00",3,"IA",19,0,2,0,0,0,0,42.03,-91.64,42.03,-91.64,0,0,0,0,0,113,0,0,0
650597,2020,4,7,"2020-04-07","17:46:00",3,"IA",19,0,1.75,0,0,0,0,42.02,-91.66,42.02,-91.66,0,0,0,0,0,113,0,0,0
650598,2020,4,7,"2020-04-07","17:46:00",3,"IA",19,0,1.75,0,0,0,0,42.02,-91.63,42.02,-91.63,0,0,0,0,0,113,0,0,0
650599,2020,4,7,"2020-04-07","17:46:00",3,"IA",19,0,2.25,0,0,0,0,42.03,-91.63,42.03,-91.63,0,0,0,0,0,113,0,0,0
650600,2020,4,7,"2020-04-07","17:47:00",3,"IA",19,0,2,0,0,0,0,42.05,-91.68,42.05,-91.68,0,0,0,0,0,113,0,0,0
650601,2020,4,7,"2020-04-07","17:48:00",3,"IA",19,0,1.75,0,0,0,0,42.04,-91.56,42.04,-91.56,0,0,0,0,0,113,0,0,0
650602,2020,4,7,"2020-04-07","17:48:00",3,"WV",54,0,0.75,0,0,0,0,38.89,-80.3,38.89,-80.3,0,0,0,0,0,97,0,0,0
650603,2020,4,7,"2020-04-07","17:49:00",3,"IA",19,0,1,0,0,0,0,42.05,-91.61,42.05,-91.61,0,0,0,0,0,113,0,0,0
650604,2020,4,7,"2020-04-07","17:52:00",3,"IA",19,0,1.75,0,0,0,0,41.99,-91.66,41.99,-91.66,0,0,0,0,0,113,0,0,0
650605,2020,4,7,"2020-04-07","17:54:00",3,"IA",19,0,1.75,0,0,0,0,42.03,-91.6,42.03,-91.6,0,0,0,0,0,113,0,0,0
650606,2020,4,7,"2020-04-07","17:54:00",3,"IA",19,0,1.5,0,0,0,0,42.05,-91.56,42.05,-91.56,0,0,0,0,0,113,0,0,0
650607,2020,4,7,"2020-04-07","17:54:00",3,"IA",19,0,1.5,0,0,0,0,42.06,-91.59,42.06,-91.59,0,0,0,0,0,113,0,0,0
650608,2020,4,7,"2020-04-07","17:55:00",3,"IA",19,0,1,0,0,0,0,41.98,-91.67,41.98,-91.67,0,0,0,0,0,113,0,0,0
650609,2020,4,7,"2020-04-07","17:55:00",3,"MI",26,0,1.25,0,0,0,0,44.4092,-85.3993,44.41,-85.3752,0,0,0,0,0,165,0,0,0
650610,2020,4,7,"2020-04-07","17:59:00",3,"IL",17,0,1,0,0,0,0,42.2909,-88.5447,42.2909,-88.5447,0,0,0,0,0,111,0,0,0
650611,2020,4,7,"2020-04-07","18:00:00",3,"MI",26,0,1,0,0,10000,0,42.7,-84.78,42.7,-84.78,0,0,0,0,0,45,0,0,0
650612,2020,4,7,"2020-04-07","18:02:00",3,"IA",19,0,1,0,0,0,0,41.93,-91.77,41.93,-91.77,0,0,0,0,0,113,0,0,0
650613,2020,4,7,"2020-04-07","18:03:00",3,"IA",19,0,1.75,0,0,0,0,42.04,-91.56,42.04,-91.56,0,0,0,0,0,113,0,0,0
650614,2020,4,7,"2020-04-07","18:04:00",3,"IA",19,0,1,0,0,0,0,41.96,-91.75,41.96,-91.75,0,0,0,0,0,113,0,0,0
650615,2020,4,7,"2020-04-07","18:06:00",3,"IA",19,0,1,0,0,0,0,41.97,-91.75,41.97,-91.75,0,0,0,0,0,113,0,0,0
650616,2020,4,7,"2020-04-07","18:06:00",3,"IL",17,0,1.5,0,0,0,0,42.3705,-89.0123,42.3705,-89.0123,0,0,0,0,0,201,0,0,0
650617,2020,4,7,"2020-04-07","18:06:00",3,"IL",17,0,1.75,0,0,0,0,42.2995,-89.0223,42.2995,-89.0223,0,0,0,0,0,201,0,0,0
650618,2020,4,7,"2020-04-07","18:08:00",3,"IL",17,0,1,0,0,0,0,42.3,-89.35,42.3,-89.35,0,0,0,0,0,201,0,0,0
650619,2020,4,7,"2020-04-07","18:09:00",3,"IL",17,0,1,0,0,0,0,42.32,-88.45,42.32,-88.45,0,0,0,0,0,111,0,0,0
650620,2020,4,7,"2020-04-07","18:10:00",3,"IA",19,0,1,0,0,0,0,41.93,-91.65,41.93,-91.65,0,0,0,0,0,113,0,0,0
650621,2020,4,7,"2020-04-07","18:11:00",3,"IL",17,0,1,0,0,0,0,42.35,-89.04,42.35,-89.04,0,0,0,0,0,201,0,0,0
650622,2020,4,7,"2020-04-07","18:12:00",3,"IL",17,0,3,0,0,0,0,42.27,-89.23,42.27,-89.23,0,0,0,0,0,201,0,0,0
650623,2020,4,7,"2020-04-07","18:12:00",3,"MI",26,0,1,0,0,1e+05,0,42.67,-84.57,42.67,-84.57,0,0,0,0,0,65,0,0,0
650624,2020,4,7,"2020-04-07","18:14:00",3,"IL",17,0,1,0,0,0,0,42.2967,-89.095,42.2967,-89.095,0,0,0,0,0,201,0,0,0
650625,2020,4,7,"2020-04-07","18:15:00",3,"WV",54,0,1,0,0,0,0,38.7,-80.2,38.7,-80.2,0,0,0,0,0,83,0,0,0
650626,2020,4,7,"2020-04-07","18:16:00",3,"IL",17,0,2,0,0,0,0,42.2393,-89.1885,42.2393,-89.1885,0,0,0,0,0,201,0,0,0
650627,2020,4,7,"2020-04-07","18:19:00",3,"IL",17,0,1,0,0,0,0,42.29,-89.63,42.29,-89.63,0,0,0,0,0,177,0,0,0
650628,2020,4,7,"2020-04-07","18:19:00",3,"IL",17,0,1,0,0,0,0,42.2701,-88.9725,42.2701,-88.9725,0,0,0,0,0,201,0,0,0
650629,2020,4,7,"2020-04-07","18:21:00",3,"IL",17,0,1.75,0,0,0,0,42.2067,-89.0551,42.2067,-89.0551,0,0,0,0,0,201,0,0,0
650630,2020,4,7,"2020-04-07","18:22:00",3,"IL",17,0,1.25,0,0,0,0,42.33,-88.86,42.33,-88.86,0,0,0,0,0,7,0,0,0
650631,2020,4,7,"2020-04-07","18:23:00",3,"IL",17,0,1,0,0,0,0,42.229,-89.1,42.229,-89.1,0,0,0,0,0,201,0,0,0
650632,2020,4,7,"2020-04-07","18:26:00",3,"IL",17,0,1.25,0,0,0,0,42.2,-89.1,42.2,-89.1,0,0,0,0,0,201,0,0,0
650633,2020,4,7,"2020-04-07","18:26:00",3,"MI",26,0,1,0,0,50000,0,43,-85.66,43,-85.66,0,0,0,0,0,81,0,0,0
650634,2020,4,7,"2020-04-07","18:27:00",3,"IL",17,0,1.5,0,0,0,0,42.217,-89.0336,42.217,-89.0336,0,0,0,0,0,201,0,0,0
650635,2020,4,7,"2020-04-07","18:27:00",3,"MI",26,0,1.75,0,0,250000,0,42.76,-86.1,42.76,-86.1,0,0,0,0,0,5,0,0,0
650636,2020,4,7,"2020-04-07","18:28:00",3,"IL",17,0,2,0,0,0,0,42.1763,-89.0233,42.1763,-89.0233,0,0,0,0,0,201,0,0,0
650637,2020,4,7,"2020-04-07","18:29:00",3,"MI",26,0,1.5,0,0,0,0,43.19,-83.32,43.19,-83.32,0,0,0,0,0,87,0,0,0
650638,2020,4,7,"2020-04-07","18:30:00",3,"MI",26,0,1.75,0,0,250000,0,43.49,-85.45,43.49,-85.45,0,0,0,0,0,107,0,0,0
650639,2020,4,7,"2020-04-07","18:32:00",3,"MI",26,0,2,0,0,0,0,43.23,-83.19,43.23,-83.19,0,0,0,0,0,87,0,0,0
650640,2020,4,7,"2020-04-07","18:35:00",3,"MI",26,0,1.5,0,0,0,0,43.03,-83.16,43.03,-83.16,0,0,0,0,0,87,0,0,0
650641,2020,4,7,"2020-04-07","18:36:00",3,"IA",19,0,1,0,0,0,0,41.82,-91.25,41.82,-91.25,0,0,0,0,0,31,0,0,0
650642,2020,4,7,"2020-04-07","18:36:00",3,"MI",26,0,1.25,0,0,0,0,43.21,-82.99,43.21,-82.99,0,0,0,0,0,151,0,0,0
650643,2020,4,7,"2020-04-07","18:36:00",3,"IL",17,0,1,0,0,0,0,42.25,-88.85,42.25,-88.85,0,0,0,0,0,7,0,0,0
650644,2020,4,7,"2020-04-07","18:37:00",3,"MI",26,0,2,0,0,0,0,43.11,-83.16,43.11,-83.16,0,0,0,0,0,87,0,0,0
650645,2020,4,7,"2020-04-07","18:39:00",3,"IA",19,0,1,0,0,0,0,41.89,-91.15,41.89,-91.15,0,0,0,0,0,31,0,0,0
650646,2020,4,7,"2020-04-07","18:39:00",3,"MI",26,0,1,0,0,0,0,43.09,-83.27,43.09,-83.27,0,0,0,0,0,87,0,0,0
650647,2020,4,7,"2020-04-07","18:42:00",3,"IA",19,0,2,0,0,0,0,41.81,-90.92,41.81,-90.92,0,0,0,0,0,31,0,0,0
650648,2020,4,7,"2020-04-07","18:42:00",3,"IA",19,0,1.75,0,0,0,0,41.86,-90.92,41.86,-90.92,0,0,0,0,0,31,0,0,0
650649,2020,4,7,"2020-04-07","18:45:00",3,"MI",26,0,1.75,0,0,250000,0,42.73,-85.72,42.73,-85.72,0,0,0,0,0,5,0,0,0
650650,2020,4,7,"2020-04-07","18:46:00",3,"MI",26,0,1.75,0,0,0,0,43.04,-83.11,43.04,-83.11,0,0,0,0,0,87,0,0,0
650651,2020,4,7,"2020-04-07","18:48:00",3,"IA",19,0,1,0,0,0,0,41.77,-91.13,41.77,-91.13,0,0,0,0,0,31,0,0,0
650652,2020,4,7,"2020-04-07","18:49:00",3,"IA",19,0,1.5,0,0,0,0,42.03,-91.6,42.03,-91.6,0,0,0,0,0,113,0,0,0
650653,2020,4,7,"2020-04-07","18:50:00",3,"WV",54,0,1,0,0,0,0,38.5,-79.79,38.5,-79.79,0,0,0,0,0,75,0,0,0
650654,2020,4,7,"2020-04-07","18:50:00",3,"MI",26,0,1.75,0,0,0,0,43.26,-82.82,43.26,-82.82,0,0,0,0,0,151,0,0,0
650655,2020,4,7,"2020-04-07","18:50:00",3,"MI",26,0,1.75,0,0,0,0,43.18,-82.86,43.18,-82.86,0,0,0,0,0,151,0,0,0
650656,2020,4,7,"2020-04-07","18:52:00",3,"MI",26,0,1,0,0,0,0,43.13,-82.8,43.13,-82.8,0,0,0,0,0,147,0,0,0
650657,2020,4,7,"2020-04-07","18:53:00",3,"IA",19,0,1,0,0,0,0,41.77,-91.13,41.77,-91.13,0,0,0,0,0,31,0,0,0
650658,2020,4,7,"2020-04-07","18:54:00",3,"IA",19,0,1,0,0,0,0,41.73,-91.79,41.73,-91.79,0,0,0,0,0,103,0,0,0
650659,2020,4,7,"2020-04-07","18:55:00",3,"IA",19,0,1.5,0,0,0,0,41.76,-91.13,41.76,-91.13,0,0,0,0,0,31,0,0,0
650660,2020,4,7,"2020-04-07","18:59:00",3,"IA",19,0,1.5,0,0,0,0,41.86,-90.92,41.86,-90.92,0,0,0,0,0,31,0,0,0
650661,2020,4,7,"2020-04-07","19:00:00",3,"WV",54,0,1.5,0,0,0,0,38.89,-80.3,38.89,-80.3,0,0,0,0,0,97,0,0,0
650662,2020,4,7,"2020-04-07","19:00:00",3,"IL",17,0,1,0,0,0,0,42.0711,-88.68,42.0711,-88.68,0,0,0,0,0,37,0,0,0
650663,2020,4,7,"2020-04-07","19:08:00",3,"MI",26,0,1,0,0,0,0,43.06,-82.69,43.06,-82.69,0,0,0,0,0,147,0,0,0
650664,2020,4,7,"2020-04-07","19:10:00",3,"MI",26,0,2,0,0,5e+05,0,42.45,-85.64,42.45,-85.64,0,0,0,0,0,5,0,0,0
650665,2020,4,7,"2020-04-07","19:12:00",3,"IA",19,0,1,0,0,0,0,41.67,-90.93,41.67,-90.93,0,0,0,0,0,31,0,0,0
650666,2020,4,7,"2020-04-07","19:12:00",3,"IL",17,0,1,0,0,0,0,42.13,-87.75,42.13,-87.75,0,0,0,0,0,31,0,0,0
650667,2020,4,7,"2020-04-07","19:13:00",3,"MI",26,0,1.25,0,0,0,0,42.31,-84.02,42.31,-84.02,0,0,0,0,0,161,0,0,0
650668,2020,4,7,"2020-04-07","19:14:00",3,"MI",26,0,1,0,0,0,0,43.01,-82.54,43.01,-82.54,0,0,0,0,0,147,0,0,0
650669,2020,4,7,"2020-04-07","19:17:00",3,"MI",26,0,2,0,0,5e+05,0,42.32,-85.42,42.32,-85.42,0,0,0,0,0,77,0,0,0
650670,2020,4,7,"2020-04-07","19:17:00",3,"MI",26,0,1,0,0,25000,0,43.53,-84.69,43.53,-84.69,0,0,0,0,0,73,0,0,0
650671,2020,4,7,"2020-04-07","19:19:00",3,"IA",19,0,0.75,0,0,0,0,41.69,-90.67,41.69,-90.67,0,0,0,0,0,163,0,0,0
650672,2020,4,7,"2020-04-07","19:20:00",3,"MI",26,0,1,0,0,0,0,42.29,-83.84,42.29,-83.84,0,0,0,0,0,161,0,0,0
650673,2020,4,7,"2020-04-07","19:20:00",3,"IL",17,0,1,0,0,0,0,41.7855,-88,41.7855,-88,0,0,0,0,0,43,0,0,0
650674,2020,4,7,"2020-04-07","19:20:00",3,"IL",17,0,1,0,0,0,0,41.7485,-87.9737,41.7485,-87.9737,0,0,0,0,0,43,0,0,0
650675,2020,4,7,"2020-04-07","19:25:00",3,"MI",26,0,1.5,0,0,0,0,42.28,-83.85,42.28,-83.85,0,0,0,0,0,161,0,0,0
650676,2020,4,7,"2020-04-07","19:25:00",3,"IL",17,0,1,0,0,0,0,42.08,-87.8,42.08,-87.8,0,0,0,0,0,31,0,0,0
650677,2020,4,7,"2020-04-07","19:27:00",3,"IL",17,0,1.5,0,0,0,0,42.08,-87.71,42.08,-87.71,0,0,0,0,0,31,0,0,0
650678,2020,4,7,"2020-04-07","19:28:00",3,"MI",26,0,0.75,0,0,0,0,41.88,-86.6,41.88,-86.6,0,0,0,0,0,21,0,0,0
650679,2020,4,7,"2020-04-07","19:28:00",3,"IL",17,0,1,0,0,0,0,42.0402,-87.7338,42.0402,-87.7338,0,0,0,0,0,31,0,0,0
650680,2020,4,7,"2020-04-07","19:29:00",3,"MI",26,0,2,0,0,0,0,43.58,-84.37,43.58,-84.37,0,0,0,0,0,111,0,0,0
650681,2020,4,7,"2020-04-07","19:29:00",3,"MI",26,0,1.5,0,0,0,0,43.57,-84.44,43.57,-84.44,0,0,0,0,0,111,0,0,0
650682,2020,4,7,"2020-04-07","19:29:00",3,"MI",26,0,2,0,0,0,0,43.59,-84.3,43.59,-84.3,0,0,0,0,0,111,0,0,0
650683,2020,4,7,"2020-04-07","19:29:00",3,"IA",19,0,1.75,0,0,0,0,41.59,-90.67,41.59,-90.67,0,0,0,0,0,163,0,0,0
650684,2020,4,7,"2020-04-07","19:30:00",3,"VA",51,0,0.75,0,0,0,0,38.1812,-79.6472,38.1812,-79.6472,0,0,0,0,0,17,0,0,0
650685,2020,4,7,"2020-04-07","19:30:00",3,"IN",18,0,1,0,0,0,0,41.54,-87.26,41.54,-87.26,0,0,0,0,0,89,0,0,0
650686,2020,4,7,"2020-04-07","19:32:00",3,"IL",17,0,1,0,0,0,0,41.74,-87.78,41.74,-87.78,0,0,0,0,0,31,0,0,0
650687,2020,4,7,"2020-04-07","19:32:00",3,"IL",17,0,2.75,0,0,0,0,42.0602,-87.6938,42.0355,-87.68,0,0,0,0,0,31,0,0,0
650688,2020,4,7,"2020-04-07","19:35:00",3,"IN",18,0,1,0,0,0,0,41.5398,-87.4837,41.5398,-87.4837,0,0,0,0,0,89,0,0,0
650689,2020,4,7,"2020-04-07","19:36:00",3,"MI",26,0,1,0,0,0,0,43.62,-84.23,43.62,-84.23,0,0,0,0,0,111,0,0,0
650690,2020,4,7,"2020-04-07","19:36:00",3,"MI",26,0,1.5,0,0,1e+05,0,42.28,-85.14,42.28,-85.14,0,0,0,0,0,25,0,0,0
650691,2020,4,7,"2020-04-07","19:37:00",3,"IA",19,0,1,0,0,0,0,41.62,-90.58,41.62,-90.58,0,0,0,0,0,163,0,0,0
650692,2020,4,7,"2020-04-07","19:37:00",3,"MI",26,0,1.5,0,0,0,0,43.54,-84.21,43.54,-84.21,0,0,0,0,0,111,0,0,0
650693,2020,4,7,"2020-04-07","19:38:00",3,"MI",26,0,1,0,0,0,0,42.16,-83.78,42.16,-83.78,0,0,0,0,0,161,0,0,0
650694,2020,4,7,"2020-04-07","19:39:00",3,"IA",19,0,1,0,0,0,0,41.57,-90.61,41.57,-90.61,0,0,0,0,0,163,0,0,0
650695,2020,4,7,"2020-04-07","19:40:00",3,"IA",19,0,1,0,0,0,0,41.57,-90.51,41.57,-90.51,0,0,0,0,0,163,0,0,0
650696,2020,4,7,"2020-04-07","19:40:00",3,"IA",19,0,2,0,0,0,0,41.57,-90.58,41.57,-90.58,0,0,0,0,0,163,0,0,0
650697,2020,4,7,"2020-04-07","19:40:00",3,"IA",19,0,1.25,0,0,0,0,41.57,-90.61,41.57,-90.61,0,0,0,0,0,163,0,0,0
650698,2020,4,7,"2020-04-07","19:40:00",3,"MI",26,0,1,0,0,0,0,41.83,-86.37,41.83,-86.37,0,0,0,0,0,21,0,0,0
650699,2020,4,7,"2020-04-07","19:41:00",3,"IA",19,0,2,0,0,0,0,41.55,-90.55,41.55,-90.55,0,0,0,0,0,163,0,0,0
650700,2020,4,7,"2020-04-07","19:41:00",3,"IA",19,0,1.75,0,0,0,0,41.57,-90.59,41.57,-90.59,0,0,0,0,0,163,0,0,0
650701,2020,4,7,"2020-04-07","19:42:00",3,"MI",26,0,1,0,0,0,0,43.58,-84.21,43.58,-84.21,0,0,0,0,0,111,0,0,0
650702,2020,4,7,"2020-04-07","19:42:00",3,"IA",19,0,1.75,0,0,0,0,41.57,-90.51,41.57,-90.51,0,0,0,0,0,163,0,0,0
650703,2020,4,7,"2020-04-07","19:42:00",3,"IL",17,0,1.75,0,0,0,0,41.9804,-88.7087,41.9804,-88.7087,0,0,0,0,0,37,0,0,0
650704,2020,4,7,"2020-04-07","19:44:00",3,"IA",19,0,1.25,0,0,0,0,41.56,-90.62,41.56,-90.62,0,0,0,0,0,163,0,0,0
650705,2020,4,7,"2020-04-07","19:45:00",3,"IA",19,0,1,0,0,0,0,41.56,-90.48,41.56,-90.48,0,0,0,0,0,163,0,0,0
650706,2020,4,7,"2020-04-07","19:45:00",3,"IA",19,0,2,0,0,0,0,41.55,-90.52,41.55,-90.52,0,0,0,0,0,163,0,0,0
650707,2020,4,7,"2020-04-07","19:45:00",3,"IA",19,0,1.5,0,0,0,0,41.53,-90.59,41.53,-90.59,0,0,0,0,0,163,0,0,0
650708,2020,4,7,"2020-04-07","19:46:00",3,"IA",19,0,1.5,0,0,0,0,41.54,-90.54,41.54,-90.54,0,0,0,0,0,163,0,0,0
650709,2020,4,7,"2020-04-07","19:46:00",3,"IL",17,0,1.75,0,0,0,0,41.98,-88.68,41.98,-88.68,0,0,0,0,0,37,0,0,0
650710,2020,4,7,"2020-04-07","19:47:00",3,"IL",17,0,1,0,0,0,0,42,-88.55,42,-88.55,0,0,0,0,0,89,0,0,0
650711,2020,4,7,"2020-04-07","19:49:00",3,"IA",19,0,1.75,0,0,0,0,41.56,-90.51,41.56,-90.51,0,0,0,0,0,163,0,0,0
650712,2020,4,7,"2020-04-07","19:50:00",3,"IA",19,0,1.75,0,0,0,0,41.57,-90.51,41.57,-90.51,0,0,0,0,0,163,0,0,0
650713,2020,4,7,"2020-04-07","19:52:00",3,"IA",19,0,1.25,0,0,0,0,41.56,-90.49,41.56,-90.49,0,0,0,0,0,163,0,0,0
650714,2020,4,7,"2020-04-07","19:55:00",3,"IA",19,0,1.75,0,0,0,0,41.53,-90.53,41.53,-90.53,0,0,0,0,0,163,0,0,0
650715,2020,4,7,"2020-04-07","19:58:00",3,"VA",51,0,1,0,0,0,0,38.0805,-79.3818,38.0805,-79.3818,0,0,0,0,0,15,0,0,0
650716,2020,4,7,"2020-04-07","19:59:00",3,"MI",26,0,1.75,0,0,0,0,43.59,-83.89,43.59,-83.89,0,0,0,0,0,17,0,0,0
650717,2020,4,7,"2020-04-07","20:00:00",3,"IL",17,0,1.5,0,0,0,0,41.51,-90.39,41.51,-90.39,0,0,0,0,0,161,0,0,0
650718,2020,4,7,"2020-04-07","20:00:00",3,"MI",26,0,0.75,0,0,0,0,41.85,-86.17,41.85,-86.17,0,0,0,0,0,27,0,0,0
650719,2020,4,7,"2020-04-07","20:03:00",3,"IN",18,0,1.5,0,0,0,0,41.584,-87.1966,41.5752,-87.1746,0,0,0,0,0,127,0,0,0
650720,2020,4,7,"2020-04-07","20:08:00",3,"MI",26,0,0.75,0,0,0,0,41.85,-86.17,41.85,-86.17,0,0,0,0,0,27,0,0,0
650721,2020,4,7,"2020-04-07","20:09:00",3,"IA",19,0,0.88,0,0,0,0,41.49,-91.66,41.49,-91.66,0,0,0,0,0,183,0,0,0
650722,2020,4,7,"2020-04-07","20:12:00",3,"IA",19,0,1,0,0,0,0,41.48,-91.58,41.48,-91.58,0,0,0,0,0,183,0,0,0
650723,2020,4,7,"2020-04-07","20:12:00",3,"IN",18,0,0.75,0,0,0,0,41.75,-85.97,41.75,-85.97,0,0,0,0,0,39,0,0,0
650724,2020,4,7,"2020-04-07","20:13:00",3,"IA",19,0,0.88,0,0,0,0,41.48,-91.07,41.48,-91.07,0,0,0,0,0,139,0,0,0
650725,2020,4,7,"2020-04-07","20:15:00",3,"IL",17,0,1,0,0,0,0,41.88,-88.2,41.88,-88.2,0,0,0,0,0,43,0,0,0
650726,2020,4,7,"2020-04-07","20:18:00",3,"IA",19,0,1,0,0,0,0,41.47,-91.05,41.47,-91.05,0,0,0,0,0,139,0,0,0
650727,2020,4,7,"2020-04-07","20:18:00",3,"IA",19,0,1.25,0,0,0,0,41.46,-90.97,41.46,-90.97,0,0,0,0,0,139,0,0,0
650728,2020,4,7,"2020-04-07","20:19:00",3,"VA",51,0,1,5,1,0,0,37.9539,-79.2083,37.9539,-79.2083,0,0,0,0,0,15,0,0,0
650729,2020,4,7,"2020-04-07","20:22:00",3,"VA",51,0,1,0,0,0,0,37.9307,-79.2281,37.9307,-79.2281,0,0,0,0,0,163,0,0,0
650730,2020,4,7,"2020-04-07","20:32:00",3,"IL",17,0,1.5,0,0,30000,0,41.8196,-88.0178,41.8196,-88.0178,0,0,0,0,0,43,0,0,0
650731,2020,4,7,"2020-04-07","20:33:00",3,"IA",19,0,1.75,0,0,0,0,41.38,-91.35,41.38,-91.35,0,0,0,0,0,139,0,0,0
650732,2020,4,7,"2020-04-07","20:35:00",3,"IN",18,0,1.5,0,0,0,0,41.47,-87.0693,41.4967,-87.0352,0,0,0,0,0,127,0,0,0
650733,2020,4,7,"2020-04-07","20:37:00",3,"IA",19,0,2,0,0,0,0,41.38,-91.35,41.38,-91.35,0,0,0,0,0,139,0,0,0
650734,2020,4,7,"2020-04-07","20:39:00",3,"IA",19,0,1.5,0,0,0,0,41.38,-91.35,41.38,-91.35,0,0,0,0,0,139,0,0,0
650735,2020,4,7,"2020-04-07","20:40:00",3,"IA",19,0,1.75,0,0,0,0,41.38,-91.35,41.38,-91.35,0,0,0,0,0,139,0,0,0
650736,2020,4,7,"2020-04-07","20:44:00",3,"IL",17,0,1,0,0,0,0,41.38,-90.67,41.38,-90.67,0,0,0,0,0,161,0,0,0
650737,2020,4,7,"2020-04-07","20:47:00",3,"IA",19,0,1.75,0,0,0,0,41.37,-91.18,41.37,-91.18,0,0,0,0,0,139,0,0,0
650738,2020,4,7,"2020-04-07","20:51:00",3,"IA",19,0,1,0,0,0,0,41.31,-91.15,41.31,-91.15,0,0,0,0,0,115,0,0,0
650739,2020,4,7,"2020-04-07","20:53:00",3,"OH",39,0,0.75,0,0,0,0,41.4381,-81.7129,41.4381,-81.7129,0,0,0,0,0,35,0,0,0
650740,2020,4,7,"2020-04-07","20:53:00",3,"IA",19,0,1.5,0,0,0,0,41.3,-91.18,41.3,-91.18,0,0,0,0,0,115,0,0,0
650741,2020,4,7,"2020-04-07","20:54:00",3,"IA",19,0,1.75,0,0,0,0,41.28,-91.19,41.28,-91.19,0,0,0,0,0,115,0,0,0
650742,2020,4,7,"2020-04-07","20:58:00",3,"MI",26,0,1.5,0,0,0,0,41.72,-84.22,41.72,-84.22,0,0,0,0,0,91,0,0,0
650743,2020,4,7,"2020-04-07","21:05:00",3,"OH",39,0,1.25,0,0,0,0,41.65,-84.17,41.65,-84.17,0,0,0,0,0,51,0,0,0
650744,2020,4,7,"2020-04-07","21:07:00",3,"OH",39,0,1.75,0,0,0,0,41.65,-84.17,41.65,-84.17,0,0,0,0,0,51,0,0,0
650745,2020,4,7,"2020-04-07","21:10:00",3,"OH",39,0,1.75,0,0,0,0,41.67,-84.14,41.67,-84.14,0,0,0,0,0,51,0,0,0
650746,2020,4,7,"2020-04-07","21:12:00",3,"OH",39,0,2,0,0,0,0,41.4555,-81.6322,41.4555,-81.6322,0,0,0,0,0,35,0,0,0
650747,2020,4,7,"2020-04-07","21:12:00",3,"OH",39,0,0.88,0,0,0,0,41.62,-83.94,41.62,-83.94,0,0,0,0,0,51,0,0,0
650748,2020,4,7,"2020-04-07","21:15:00",3,"OH",39,0,1.25,0,0,0,0,41.4445,-82.0122,41.4445,-82.0122,0,0,0,0,0,93,0,0,0
650749,2020,4,7,"2020-04-07","21:27:00",3,"OH",39,0,1.25,0,0,0,0,41.4189,-81.2943,41.4189,-81.2943,0,0,0,0,0,55,0,0,0
650750,2020,4,7,"2020-04-07","21:30:00",3,"OH",39,0,0.75,0,0,0,0,41.57,-84,41.57,-84,0,0,0,0,0,51,0,0,0
650751,2020,4,7,"2020-04-07","21:35:00",3,"PA",42,0,0.88,0,0,0,0,41.59,-79.58,41.59,-79.58,0,0,0,0,0,121,0,0,0
650752,2020,4,7,"2020-04-07","21:45:00",3,"IL",17,0,1.25,0,0,0,0,41.06,-90.55,41.06,-90.55,0,0,0,0,0,187,0,0,0
650753,2020,4,7,"2020-04-07","21:45:00",3,"PA",42,0,1,0,0,0,0,41.8,-80.07,41.8,-80.07,0,0,0,0,0,39,0,0,0
650754,2020,4,7,"2020-04-07","21:46:00",3,"NY",36,0,0.75,0,0,0,0,42,-79.13,42,-79.13,0,0,0,0,0,13,0,0,0
650755,2020,4,7,"2020-04-07","21:46:00",3,"OH",39,0,1,0,0,0,0,41.2355,-80.8378,41.2355,-80.8378,0,0,0,0,0,155,0,0,0
650756,2020,4,7,"2020-04-07","21:50:00",3,"PA",42,0,0.88,0,0,0,0,41.16,-79.08,41.16,-79.08,0,0,0,0,0,65,0,0,0
650757,2020,4,7,"2020-04-07","21:51:00",3,"OH",39,0,1,0,0,0,0,41.72,-83.7,41.7,-83.57,0,0,0,0,0,95,0,0,0
650758,2020,4,7,"2020-04-07","21:53:00",3,"OH",39,0,0.75,0,0,0,0,41.1,-80.75,41.1,-80.75,0,0,0,0,0,99,0,0,0
650759,2020,4,7,"2020-04-07","21:54:00",3,"PA",42,0,0.75,0,0,0,0,41.16,-79.08,41.16,-79.08,0,0,0,0,0,65,0,0,0
650760,2020,4,7,"2020-04-07","22:00:00",3,"NY",36,0,1,0,0,0,0,42.1,-79.24,42.1,-79.24,0,0,0,0,0,13,0,0,0
650761,2020,4,7,"2020-04-07","22:01:00",3,"IL",17,0,1.5,0,0,0,0,40.975,-90.3656,41.0166,-90.3584,0,0,0,0,0,95,0,0,0
650762,2020,4,7,"2020-04-07","22:05:00",3,"OH",39,0,0.75,0,0,0,0,40.9463,-81.5359,40.9463,-81.5359,0,0,0,0,0,153,0,0,0
650763,2020,4,7,"2020-04-07","22:07:00",3,"OH",39,0,0.75,0,0,0,0,41.05,-82.73,41.05,-82.73,0,0,0,0,0,77,0,0,0
650764,2020,4,7,"2020-04-07","22:08:00",3,"OH",39,0,1,0,0,0,0,40.88,-81.6,40.88,-81.6,0,0,0,0,0,151,0,0,0
650765,2020,4,7,"2020-04-07","22:14:00",3,"OH",39,0,1,0,0,0,0,41.17,-80.73,41.17,-80.73,0,0,0,0,0,155,0,0,0
650766,2020,4,7,"2020-04-07","22:17:00",3,"OH",39,0,1,0,0,0,0,40.87,-81.4,40.83,-81.25,0,0,0,0,0,151,0,0,0
650767,2020,4,7,"2020-04-07","22:25:00",3,"OH",39,0,1,0,0,0,0,40.8,-81.38,40.8,-81.38,0,0,0,0,0,151,0,0,0
650768,2020,4,7,"2020-04-07","22:30:00",3,"OH",39,0,1,0,0,0,0,40.7421,-81.38,40.7421,-81.38,0,0,0,0,0,151,0,0,0
650769,2020,4,7,"2020-04-07","22:59:00",3,"MD",24,0,1,0,0,0,0,39.5757,-76.2083,39.5757,-76.2083,0,0,0,0,0,25,0,0,0
650770,2020,4,7,"2020-04-07","23:15:00",3,"PA",42,0,1.25,0,0,0,0,40.61,-79.76,40.61,-79.76,0,0,0,0,0,3,0,0,0
650771,2020,4,7,"2020-04-07","23:20:00",3,"OH",39,0,0.88,0,0,0,0,40.64,-84.79,40.64,-84.79,0,0,0,0,0,107,0,0,0
650772,2020,4,7,"2020-04-07","23:27:00",3,"PA",42,0,0.75,0,0,0,0,40.64,-79.72,40.64,-79.72,0,0,0,0,0,3,0,0,0
650773,2020,4,7,"2020-04-07","23:30:00",3,"OH",39,0,0.88,0,0,0,0,40.32,-80.61,40.32,-80.61,0,0,0,0,0,81,0,0,0
650774,2020,4,7,"2020-04-07","23:34:00",3,"OH",39,0,0.75,0,0,0,0,40.56,-84.2,40.56,-84.2,0,0,0,0,0,11,0,0,0
650775,2020,4,7,"2020-04-07","23:35:00",3,"PA",42,0,0.75,0,0,0,0,40.43,-79.41,40.43,-79.41,0,0,0,0,0,129,0,0,0
650776,2020,4,7,"2020-04-07","23:57:00",3,"OH",39,0,0.75,0,0,0,0,40.33,-84.49,40.33,-84.49,0,0,0,0,0,37,0,0,0
650777,2020,4,8,"2020-04-08","00:17:00",3,"OH",39,0,0.75,0,0,0,0,40.17,-84.22,40.17,-84.22,0,0,0,0,0,109,0,0,0
650778,2020,4,8,"2020-04-08","00:21:00",3,"OH",39,0,0.75,0,0,0,0,40.13,-82.66,40.13,-82.66,0,0,0,0,0,89,0,0,0
650779,2020,4,8,"2020-04-08","00:26:00",3,"OH",39,0,1,0,0,0,0,40.12,-84.49,40.12,-84.49,0,0,0,0,0,37,0,0,0
650780,2020,4,8,"2020-04-08","01:00:00",3,"OH",39,0,0.75,0,0,0,0,39.68,-81.56,39.68,-81.56,0,0,0,0,0,121,0,0,0
650781,2020,4,8,"2020-04-08","01:08:00",3,"OH",39,0,1,0,0,0,0,39.81,-82.93,39.81,-82.93,0,0,0,0,0,49,0,0,0
650782,2020,4,8,"2020-04-08","01:10:00",3,"WV",54,0,0.88,0,0,0,0,39.67,-79.82,39.67,-79.82,0,0,0,0,0,61,0,0,0
650783,2020,4,8,"2020-04-08","01:11:00",3,"OH",39,0,1,0,0,0,0,39.92,-83.83,39.92,-83.83,0,0,0,0,0,23,0,0,0
650784,2020,4,8,"2020-04-08","01:12:00",3,"OH",39,0,0.88,0,0,0,0,39.98,-84.38,39.98,-84.38,0,0,0,0,0,109,0,0,0
650785,2020,4,8,"2020-04-08","01:20:00",3,"OH",39,0,0.88,0,0,0,0,39.93,-84.19,39.93,-84.19,0,0,0,0,0,109,0,0,0
650786,2020,4,8,"2020-04-08","01:30:00",3,"WV",54,0,0.88,0,0,0,0,39.29,-81.54,39.29,-81.54,0,0,0,0,0,107,0,0,0
650787,2020,4,8,"2020-04-08","01:35:00",3,"OH",39,0,1,0,0,0,0,39.38,-81.39,39.38,-81.39,0,0,0,0,0,167,0,0,0
650788,2020,4,8,"2020-04-08","01:45:00",3,"OH",39,0,1,0,0,0,0,39.87,-84.19,39.87,-84.19,0,0,0,0,0,113,0,0,0
650789,2020,4,8,"2020-04-08","01:47:00",3,"OH",39,0,1,0,0,0,0,39.39,-82.36,39.39,-82.36,0,0,0,0,0,73,0,0,0
650790,2020,4,8,"2020-04-08","01:50:00",3,"OH",39,0,0.88,0,0,0,0,39.85,-84.1,39.85,-84.1,0,0,0,0,0,113,0,0,0
650791,2020,4,8,"2020-04-08","02:00:00",3,"OH",39,0,1.5,0,0,0,0,39.87,-84.06,39.87,-84.06,0,0,0,0,0,113,0,0,0
650792,2020,4,8,"2020-04-08","02:17:00",3,"OH",39,0,1.25,0,0,0,0,39.84,-83.76,39.84,-83.76,0,0,0,0,0,23,0,0,0
650793,2020,4,8,"2020-04-08","02:24:00",3,"OH",39,0,1,0,0,0,0,39.64,-83.43,39.64,-83.43,0,0,0,0,0,47,0,0,0
650794,2020,4,8,"2020-04-08","02:46:00",3,"OH",39,0,0.75,0,0,0,0,39,-82.06,39,-82.06,0,0,0,0,0,105,0,0,0
650795,2020,4,8,"2020-04-08","02:47:00",3,"OH",39,0,0.75,0,0,0,0,39.55,-83.1,39.55,-83.1,0,0,0,0,0,129,0,0,0
650796,2020,4,8,"2020-04-08","03:05:00",3,"OH",39,0,0.88,0,0,0,0,39.47,-82.74,39.47,-82.74,0,0,0,0,0,73,0,0,0
650797,2020,4,8,"2020-04-08","03:30:00",3,"IL",17,0,1,0,0,0,0,41.33,-90.83,41.33,-90.83,0,0,0,0,0,161,0,0,0
650798,2020,4,8,"2020-04-08","04:05:00",3,"OH",39,0,1,0,0,0,0,38.9,-82.56,38.9,-82.56,0,0,0,0,0,79,0,0,0
650799,2020,4,8,"2020-04-08","06:54:00",3,"WV",54,0,0.88,0,0,0,0,38.58,-81.8,38.58,-81.8,0,0,0,0,0,79,0,0,0
650800,2020,4,8,"2020-04-08","06:57:00",3,"WV",54,0,0.75,0,0,0,0,38.64,-81.85,38.64,-81.85,0,0,0,0,0,79,0,0,0
650801,2020,4,8,"2020-04-08","06:57:00",3,"WV",54,0,0.75,0,0,0,0,38.64,-81.86,38.64,-81.86,0,0,0,0,0,79,0,0,0
650802,2020,4,8,"2020-04-08","07:02:00",3,"WV",54,0,0.75,0,0,0,0,38.55,-81.64,38.55,-81.64,0,0,0,0,0,39,0,0,0
650803,2020,4,8,"2020-04-08","07:17:00",3,"WV",54,0,0.88,0,0,0,0,38.43,-81.47,38.43,-81.47,0,0,0,0,0,39,0,0,0
650804,2020,4,8,"2020-04-08","10:25:00",3,"WV",54,0,0.88,0,0,0,0,38.45,-81.95,38.45,-81.95,0,0,0,0,0,79,0,0,0
650805,2020,4,8,"2020-04-08","10:30:00",3,"WV",54,0,1,0,0,0,0,38.45,-81.89,38.45,-81.89,0,0,0,0,0,79,0,0,0
650806,2020,4,8,"2020-04-08","10:30:00",3,"WV",54,0,1,0,0,0,0,38.45,-81.89,38.45,-81.89,0,0,0,0,0,79,0,0,0
650807,2020,4,8,"2020-04-08","10:32:00",3,"WV",54,0,0.75,0,0,0,0,38.45,-81.96,38.45,-81.96,0,0,0,0,0,79,0,0,0
650808,2020,4,8,"2020-04-08","10:35:00",3,"WV",54,0,1,0,0,0,0,38.44,-81.93,38.44,-81.93,0,0,0,0,0,79,0,0,0
650809,2020,4,8,"2020-04-08","10:35:00",3,"WV",54,0,1,0,0,0,0,38.45,-81.95,38.45,-81.95,0,0,0,0,0,79,0,0,0
650810,2020,4,8,"2020-04-08","10:35:00",3,"WV",54,0,1.25,0,0,0,0,38.45,-81.97,38.45,-81.97,0,0,0,0,0,79,0,0,0
650811,2020,4,8,"2020-04-08","10:36:00",3,"WV",54,0,1,0,0,0,0,38.44,-82,38.44,-82,0,0,0,0,0,79,0,0,0
650812,2020,4,8,"2020-04-08","10:41:00",3,"WV",54,0,1,0,0,0,0,38.39,-81.84,38.39,-81.84,0,0,0,0,0,39,0,0,0
650813,2020,4,8,"2020-04-08","10:45:00",3,"KY",21,0,0.75,0,0,0,0,38.77,-84,38.77,-84,0,0,0,0,0,23,0,0,0
650814,2020,4,8,"2020-04-08","10:50:00",3,"KY",21,0,0.75,0,0,0,0,38.77,-84,38.77,-84,0,0,0,0,0,23,0,0,0
650815,2020,4,8,"2020-04-08","11:02:00",3,"WV",54,0,0.75,0,0,0,0,38.32,-81.72,38.32,-81.72,0,0,0,0,0,39,0,0,0
650816,2020,4,8,"2020-04-08","11:03:00",3,"IN",18,0,1,0,0,0,0,38.75,-85.07,38.75,-85.07,0,0,0,0,0,155,0,0,0
650817,2020,4,8,"2020-04-08","11:05:00",3,"WV",54,0,0.75,0,0,0,0,38.42,-82.03,38.42,-82.03,0,0,0,0,0,79,0,0,0
650818,2020,4,8,"2020-04-08","11:05:00",3,"WV",54,0,0.75,0,0,0,0,38.41,-82.03,38.41,-82.03,0,0,0,0,0,79,0,0,0
650819,2020,4,8,"2020-04-08","11:05:00",3,"IN",18,0,0.75,0,0,0,0,38.76,-85.06,38.76,-85.06,0,0,0,0,0,155,0,0,0
650820,2020,4,8,"2020-04-08","11:05:00",3,"KY",21,0,1.75,0,0,0,0,38.74,-85.06,38.74,-85.06,0,0,0,0,0,41,0,0,0
650821,2020,4,8,"2020-04-08","11:05:00",3,"IN",18,0,1.25,0,0,0,0,38.75,-85.07,38.75,-85.07,0,0,0,0,0,155,0,0,0
650822,2020,4,8,"2020-04-08","11:15:00",3,"AR",5,0,1,0,0,0,0,33.13,-91.28,33.13,-91.28,0,0,0,0,0,17,0,0,0
650823,2020,4,8,"2020-04-08","11:45:00",3,"KY",21,0,1,0,0,0,0,38.43,-83.59,38.43,-83.59,0,0,0,0,0,69,0,0,0
650824,2020,4,8,"2020-04-08","11:47:00",3,"KY",21,0,1.25,0,0,0,0,38.59,-84.82,38.59,-84.82,0,0,0,0,0,187,0,0,0
650825,2020,4,8,"2020-04-08","12:00:00",3,"WV",54,0,1.25,0,0,0,0,37.9,-81.17,37.9,-81.17,0,0,0,0,0,19,0,0,0
650826,2020,4,8,"2020-04-08","12:08:00",3,"WV",54,0,1.25,0,0,0,0,37.93,-81.15,37.93,-81.15,0,0,0,0,0,19,0,0,0
650827,2020,4,8,"2020-04-08","12:15:00",3,"WV",54,0,0.88,0,0,0,0,37.95,-81.17,37.95,-81.17,0,0,0,0,0,19,0,0,0
650828,2020,4,8,"2020-04-08","12:20:00",3,"KY",21,0,0.88,0,0,0,0,38.29,-83.39,38.29,-83.39,0,0,0,0,0,205,0,0,0
650829,2020,4,8,"2020-04-08","12:20:00",3,"WV",54,0,1.25,0,0,0,0,37.95,-81.14,37.95,-81.14,0,0,0,0,0,19,0,0,0
650830,2020,4,8,"2020-04-08","12:27:00",3,"WV",54,0,1,0,0,0,0,37.78,-80.99,37.78,-80.99,0,0,0,0,0,81,0,0,0
650831,2020,4,8,"2020-04-08","12:32:00",3,"WV",54,0,1.25,0,0,0,0,38.29,-82.11,38.29,-82.11,0,0,0,0,0,43,0,0,0
650832,2020,4,8,"2020-04-08","13:10:00",3,"WV",54,0,1,0,0,0,0,37.5387,-80.7266,37.5387,-80.7266,0,0,0,0,0,63,0,0,0
650833,2020,4,8,"2020-04-08","13:18:00",3,"WV",54,0,1.5,0,0,0,0,37.4501,-80.6748,37.4704,-80.6382,0,0,0,0,0,63,0,0,0
650834,2020,4,8,"2020-04-08","13:21:00",3,"KY",21,0,0.75,0,0,0,0,38.1,-83.9,38.1,-83.9,0,0,0,0,0,173,0,0,0
650835,2020,4,8,"2020-04-08","13:30:00",3,"IA",19,0,1,0,0,0,0,40.92,-92.01,40.92,-92.01,0,0,0,0,0,101,0,0,0
650836,2020,4,8,"2020-04-08","13:35:00",3,"VA",51,0,0.88,0,0,0,0,37.3554,-80.5371,37.3554,-80.5371,0,0,0,0,0,71,0,0,0
650837,2020,4,8,"2020-04-08","13:57:00",3,"KY",21,0,0.88,0,0,0,0,37.96,-83.9,37.96,-83.9,0,0,0,0,0,173,0,0,0
650838,2020,4,8,"2020-04-08","13:57:00",3,"IA",19,0,1.5,0,0,0,0,40.84,-91.62,40.84,-91.62,0,0,0,0,0,87,0,0,0
650839,2020,4,8,"2020-04-08","13:58:00",3,"WV",54,0,1,0,0,0,0,37.62,-81.11,37.62,-81.11,0,0,0,0,0,81,0,0,0
650840,2020,4,8,"2020-04-08","14:00:00",3,"IA",19,0,1.75,0,0,0,0,40.83,-91.62,40.83,-91.62,0,0,0,0,0,87,0,0,0
650841,2020,4,8,"2020-04-08","14:07:00",3,"IA",19,0,1.75,0,0,0,0,40.82,-91.44,40.82,-91.44,0,0,0,0,0,87,0,0,0
650842,2020,4,8,"2020-04-08","14:09:00",3,"IA",19,0,1,0,0,0,0,40.8,-91.86,40.8,-91.86,0,0,0,0,0,177,0,0,0
650843,2020,4,8,"2020-04-08","14:14:00",3,"KY",21,0,0.75,0,0,0,0,37.84,-83.8,37.84,-83.8,0,0,0,0,0,197,0,0,0
650844,2020,4,8,"2020-04-08","14:15:00",3,"IA",19,0,1.75,0,0,0,0,40.76,-91.45,40.76,-91.45,0,0,0,0,0,111,0,0,0
650845,2020,4,8,"2020-04-08","14:16:00",3,"MS",28,0,1.75,0,0,15000,0,32.5545,-89.3054,32.4893,-88.9222,0,0,0,0,0,101,0,0,0
650846,2020,4,8,"2020-04-08","14:17:00",3,"IA",19,0,0.88,0,0,0,0,40.81,-91.82,40.81,-91.82,0,0,0,0,0,177,0,0,0
650847,2020,4,8,"2020-04-08","14:22:00",3,"IA",19,0,4,0,0,0,0,40.75,-91.35,40.75,-91.35,0,0,0,0,0,111,0,0,0
650848,2020,4,8,"2020-04-08","14:24:00",3,"IL",17,0,0.75,0,0,0,0,40.55,-91.38,40.55,-91.38,0,0,0,0,0,67,0,0,0
650849,2020,4,8,"2020-04-08","14:25:00",3,"IL",17,0,0.75,0,0,0,0,40.55,-91.38,40.55,-91.38,0,0,0,0,0,67,0,0,0
650850,2020,4,8,"2020-04-08","14:25:00",3,"VA",51,0,1.5,0,0,0,0,37.3805,-80.8216,37.3805,-80.8216,0,0,0,0,0,71,0,0,0
650851,2020,4,8,"2020-04-08","14:27:00",3,"VA",51,0,1,0,0,0,0,37.3449,-80.6853,37.3449,-80.6853,0,0,0,0,0,71,0,0,0
650852,2020,4,8,"2020-04-08","14:27:00",3,"VA",51,0,1,0,0,0,0,37.3318,-80.8114,37.3318,-80.8114,0,0,0,0,0,71,0,0,0
650853,2020,4,8,"2020-04-08","14:28:00",3,"IL",17,0,0.88,0,0,0,0,40.57,-91.38,40.57,-91.38,0,0,0,0,0,67,0,0,0
650854,2020,4,8,"2020-04-08","14:30:00",3,"IL",17,0,0.75,0,0,0,0,40.67,-90.43,40.67,-90.43,0,0,0,0,0,57,0,0,0
650855,2020,4,8,"2020-04-08","14:31:00",3,"IL",17,0,1,0,0,0,0,40.75,-91.04,40.75,-91.04,0,0,0,0,0,71,0,0,0
650856,2020,4,8,"2020-04-08","14:35:00",3,"TN",47,0,0.75,0,0,0,0,35.47,-88.53,35.47,-88.53,0,0,0,0,0,23,0,0,0
650857,2020,4,8,"2020-04-08","14:38:00",3,"IA",19,0,0.88,0,0,0,0,40.77,-91.51,40.77,-91.51,0,0,0,0,0,111,0,0,0
650858,2020,4,8,"2020-04-08","14:38:00",3,"TN",47,0,0.88,0,0,0,0,35.4087,-88.5224,35.4087,-88.5224,0,0,0,0,0,23,0,0,0
650859,2020,4,8,"2020-04-08","14:41:00",3,"MS",28,0,2.75,0,0,75000,0,32.495,-88.8502,32.2244,-88.4516,0,0,0,0,0,75,0,0,0
650860,2020,4,8,"2020-04-08","14:43:00",3,"GA",13,0,1.25,0,0,0,0,31.7,-83.65,31.7,-83.65,0,0,0,0,0,287,0,0,0
650861,2020,4,8,"2020-04-08","14:44:00",3,"IL",17,0,1,0,0,0,0,40.71,-91.05,40.71,-91.05,0,0,0,0,0,71,0,0,0
650862,2020,4,8,"2020-04-08","14:47:00",3,"GA",13,0,1.25,0,0,0,0,31.67,-83.63,31.67,-83.63,0,0,0,0,0,287,0,0,0
650863,2020,4,8,"2020-04-08","14:50:00",3,"VA",51,0,1,0,0,0,0,37.0301,-79.9016,37.0301,-79.9016,0,0,0,0,0,67,0,0,0
650864,2020,4,8,"2020-04-08","14:51:00",3,"VA",51,0,1,0,0,0,0,37.1429,-80.5801,37.1429,-80.5801,0,0,0,0,0,155,0,0,0
650865,2020,4,8,"2020-04-08","14:55:00",3,"IL",17,0,1.25,0,0,0,0,40.47,-90.68,40.47,-90.68,0,0,0,0,0,109,0,0,0
650866,2020,4,8,"2020-04-08","14:57:00",3,"IA",19,0,0.75,0,0,0,0,41.38,-91.35,41.38,-91.35,0,0,0,0,0,139,0,0,0
650867,2020,4,8,"2020-04-08","14:59:00",3,"IL",17,0,1,0,0,0,0,40.48,-90.97,40.48,-90.97,0,0,0,0,0,67,0,0,0
650868,2020,4,8,"2020-04-08","14:59:00",3,"IL",17,0,1,0,0,0,0,40.95,-90.37,40.95,-90.37,0,0,0,0,0,95,0,0,0
650869,2020,4,8,"2020-04-08","15:00:00",3,"IL",17,0,1.75,0,0,0,0,40.95,-90.52,40.95,-90.52,0,0,0,0,0,187,0,0,0
650870,2020,4,8,"2020-04-08","15:00:00",3,"IL",17,0,0.75,0,0,0,0,40.51,-90.82,40.51,-90.82,0,0,0,0,0,109,0,0,0
650871,2020,4,8,"2020-04-08","15:05:00",3,"IL",17,0,0.88,0,0,0,0,40.45,-90.71,40.45,-90.71,0,0,0,0,0,109,0,0,0
650872,2020,4,8,"2020-04-08","15:09:00",3,"IL",17,0,1.5,0,0,0,0,40.43,-90.79,40.43,-90.79,0,0,0,0,0,109,0,0,0
650873,2020,4,8,"2020-04-08","15:10:00",3,"IL",17,0,1.75,0,0,0,0,40.44,-90.67,40.44,-90.67,0,0,0,0,0,109,0,0,0
650874,2020,4,8,"2020-04-08","15:10:00",3,"AL",1,0,2,0,0,0,0,32.68,-86.02,32.68,-86.02,0,0,0,0,0,51,0,0,0
650875,2020,4,8,"2020-04-08","15:11:00",3,"IL",17,0,0.75,0,0,0,0,40.56,-90.68,40.56,-90.68,0,0,0,0,0,109,0,0,0
650876,2020,4,8,"2020-04-08","15:12:00",3,"IL",17,0,1,0,0,0,0,40.51,-90.53,40.51,-90.53,0,0,0,0,0,109,0,0,0
650877,2020,4,8,"2020-04-08","15:15:00",3,"VA",51,0,0.75,0,0,0,0,36.6098,-79.4066,36.6098,-79.4066,0,0,0,0,0,590,0,0,0
650878,2020,4,8,"2020-04-08","15:15:00",3,"IL",17,0,1,0,0,0,0,40.42,-90.56,40.42,-90.56,0,0,0,0,0,109,0,0,0
650879,2020,4,8,"2020-04-08","15:17:00",3,"AL",1,0,1,0,0,0,0,32.18,-88.42,32.18,-88.42,0,0,0,0,0,23,0,0,0
650880,2020,4,8,"2020-04-08","15:18:00",3,"VA",51,0,1,0,0,0,0,37.0309,-80.1744,37.0309,-80.1744,0,0,0,0,0,63,0,0,0
650881,2020,4,8,"2020-04-08","15:20:00",3,"GA",13,0,0.75,0,0,0,0,32.63,-84.8,32.63,-84.8,0,0,0,0,0,145,0,0,0
650882,2020,4,8,"2020-04-08","15:24:00",3,"TN",47,0,1,0,0,0,0,35.32,-87.77,35.32,-87.77,0,0,0,0,0,181,0,0,0
650883,2020,4,8,"2020-04-08","15:25:00",3,"IL",17,0,1,0,0,0,0,40.23,-90.95,40.23,-90.95,0,0,0,0,0,67,0,0,0
650884,2020,4,8,"2020-04-08","15:27:00",3,"VA",51,0,1,0,0,0,0,36.9286,-80.9434,36.9286,-80.9434,0,0,0,0,0,197,0,0,0
650885,2020,4,8,"2020-04-08","15:30:00",3,"IL",17,0,1,0,0,0,0,41.33,-90.83,41.33,-90.83,0,0,0,0,0,161,0,0,0
650886,2020,4,8,"2020-04-08","15:32:00",3,"IL",17,0,0.88,0,0,0,0,41.27,-90.57,41.27,-90.57,0,0,0,0,0,131,0,0,0
650887,2020,4,8,"2020-04-08","15:32:00",3,"VA",51,0,1.25,0,0,0,0,36.9204,-80.0127,36.9204,-80.0127,0,0,0,0,0,67,0,0,0
650888,2020,4,8,"2020-04-08","15:40:00",3,"VA",51,0,1,0,0,0,0,36.8306,-79.3978,36.8306,-79.3978,0,0,0,0,0,143,0,0,0
650889,2020,4,8,"2020-04-08","15:40:00",3,"AL",1,0,1.75,0,0,0,0,32.09,-88.19,32.09,-88.19,0,0,0,0,0,23,0,0,0
650890,2020,4,8,"2020-04-08","15:40:00",3,"AL",1,0,1,0,0,0,0,32.1,-88.19,32.1,-88.19,0,0,0,0,0,23,0,0,0
650891,2020,4,8,"2020-04-08","15:41:00",3,"VA",51,0,1,0,0,0,0,36.8884,-79.8616,36.8884,-79.8616,0,0,0,0,0,67,0,0,0
650892,2020,4,8,"2020-04-08","15:41:00",3,"AL",1,0,1,0,0,0,0,32.57,-85.67,32.57,-85.67,0,0,0,0,0,87,0,0,0
650893,2020,4,8,"2020-04-08","15:41:00",3,"KY",21,0,1,0,0,0,0,37.7,-84.03,37.7,-83.97,0,0,0,0,0,65,0,0,0
650894,2020,4,8,"2020-04-08","15:41:00",3,"IL",17,0,0.75,0,0,0,0,40.4145,-90.15,40.4145,-90.15,0,0,0,0,0,57,0,0,0
650895,2020,4,8,"2020-04-08","15:46:00",3,"NC",37,0,1,0,0,0,0,36.47,-78.8,36.47,-78.8,0,0,0,0,0,77,0,0,0
650896,2020,4,8,"2020-04-08","15:48:00",3,"TN",47,0,1,0,0,0,0,36.18,-86.62,36.18,-86.62,0,0,0,0,0,37,0,0,0
650897,2020,4,8,"2020-04-08","15:54:00",3,"IL",17,0,1,0,0,0,0,41.17,-90.04,41.17,-90.04,0,0,0,0,0,73,0,0,0
650898,2020,4,8,"2020-04-08","15:56:00",3,"NC",37,0,1,0,0,0,0,36.4,-78.98,36.4,-78.98,0,0,0,0,0,145,0,0,0
650899,2020,4,8,"2020-04-08","15:58:00",3,"TN",47,0,1.75,0,0,0,0,35.243,-87.5283,35.243,-87.5283,0,0,0,0,0,99,0,0,0
650900,2020,4,8,"2020-04-08","15:59:00",3,"VA",51,0,1,0,0,2500,0,36.7219,-79.7497,36.7219,-79.7497,0,0,0,0,0,89,0,0,0
650901,2020,4,8,"2020-04-08","16:00:00",3,"TN",47,0,1,0,0,0,0,36.2,-86.52,36.2,-86.52,0,0,0,0,0,189,0,0,0
650902,2020,4,8,"2020-04-08","16:04:00",3,"AL",1,0,1,0,0,0,0,32.48,-85.36,32.48,-85.36,0,0,0,0,0,81,0,0,0
650903,2020,4,8,"2020-04-08","16:05:00",3,"NC",37,0,0.88,0,0,0,0,36.29,-78.93,36.29,-78.93,0,0,0,0,0,145,0,0,0
650904,2020,4,8,"2020-04-08","16:05:00",3,"AL",1,0,0.75,0,0,0,0,32.5254,-85.3797,32.5254,-85.3797,0,0,0,0,0,81,0,0,0
650905,2020,4,8,"2020-04-08","16:07:00",3,"VA",51,0,0.88,0,0,0,0,36.83,-81.52,36.83,-81.52,0,0,0,0,0,173,0,0,0
650906,2020,4,8,"2020-04-08","16:11:00",3,"IL",17,0,0.75,0,0,0,0,39.9095,-89.6533,39.9095,-89.6533,0,0,0,0,0,167,0,0,0
650907,2020,4,8,"2020-04-08","16:14:00",3,"KY",21,0,1.75,0,0,0,0,37.42,-85.89,37.42,-85.89,0,0,0,0,0,99,0,0,0
650908,2020,4,8,"2020-04-08","16:15:00",3,"VA",51,0,0.88,0,0,0,0,36.942,-79.8012,36.942,-79.8012,0,0,0,0,0,67,0,0,0
650909,2020,4,8,"2020-04-08","16:15:00",3,"KY",21,0,1,0,0,0,0,37.43,-85.89,37.43,-85.89,0,0,0,0,0,99,0,0,0
650910,2020,4,8,"2020-04-08","16:20:00",3,"MO",29,0,0.88,0,0,0,0,38.1,-91.67,38.1,-91.67,0,0,0,0,0,125,0,0,0
650911,2020,4,8,"2020-04-08","16:20:00",3,"IL",17,0,0.75,0,0,0,0,39.88,-89.6,39.88,-89.6,0,0,0,0,0,167,0,0,0
650912,2020,4,8,"2020-04-08","16:21:00",3,"IL",17,0,3,0,0,0,0,39.87,-89.61,39.87,-89.61,0,0,0,0,0,167,0,0,0
650913,2020,4,8,"2020-04-08","16:23:00",3,"IL",17,0,1.25,0,0,0,0,39.88,-89.6,39.88,-89.6,0,0,0,0,0,167,0,0,0
650914,2020,4,8,"2020-04-08","16:26:00",3,"VA",51,0,1,0,0,0,0,36.6,-79.39,36.6,-79.39,0,0,0,0,0,590,0,0,0
650915,2020,4,8,"2020-04-08","16:28:00",3,"IL",17,0,0.88,0,0,0,0,39.85,-89.47,39.85,-89.47,0,0,0,0,0,167,0,0,0
650916,2020,4,8,"2020-04-08","16:30:00",3,"NC",37,0,1,0,0,0,0,36.14,-78.71,36.1367,-78.7136,0,0,0,0,0,77,0,0,0
650917,2020,4,8,"2020-04-08","16:30:00",3,"IL",17,0,0.75,0,0,0,0,40.92,-89.48,40.92,-89.48,0,0,0,0,0,143,0,0,0
650918,2020,4,8,"2020-04-08","16:31:00",3,"AR",5,0,1,0,0,0,0,36.27,-91.98,36.27,-91.98,0,0,0,0,0,49,0,0,0
650919,2020,4,8,"2020-04-08","16:31:00",3,"NC",37,0,0.75,0,0,0,0,35.7,-79.9,35.7,-79.9,0,0,0,0,0,151,0,0,0
650920,2020,4,8,"2020-04-08","16:32:00",3,"MO",29,0,1.75,0,0,0,0,36.5225,-91.8927,36.5225,-91.8927,0,0,0,0,0,91,0,0,0
650921,2020,4,8,"2020-04-08","16:32:00",3,"IL",17,0,1.5,0,0,0,0,39.85,-89.53,39.85,-89.53,0,0,0,0,0,167,0,0,0
650922,2020,4,8,"2020-04-08","16:34:00",3,"KY",21,0,0.88,0,0,0,0,37.48,-83.66,37.48,-83.66,0,0,0,0,0,189,0,0,0
650923,2020,4,8,"2020-04-08","16:38:00",3,"IL",17,0,0.75,0,0,0,0,38.17,-89.53,38.17,-89.53,0,0,0,0,0,145,0,0,0
650924,2020,4,8,"2020-04-08","16:38:00",3,"MO",29,0,1.75,0,0,0,0,37.22,-90.2773,37.2465,-90.2422,0,0,0,0,0,223,0,0,0
650925,2020,4,8,"2020-04-08","16:41:00",3,"MO",29,0,1.75,0,0,0,0,36.59,-91.64,36.5907,-91.6282,0,0,0,0,0,149,0,0,0
650926,2020,4,8,"2020-04-08","16:43:00",3,"IL",17,0,1,0,0,0,0,39.75,-89.25,39.75,-89.25,0,0,0,0,0,21,0,0,0
650927,2020,4,8,"2020-04-08","16:45:00",3,"MO",29,0,1.75,0,0,0,0,37.2586,-90.1072,37.15,-90.08,0,0,0,0,0,17,0,0,0
650928,2020,4,8,"2020-04-08","16:47:00",3,"NC",37,0,0.75,0,0,0,0,35.97,-78.48,35.97,-78.48,0,0,0,0,0,183,0,0,0
650929,2020,4,8,"2020-04-08","16:47:00",3,"IL",17,0,1.25,0,0,0,0,40.32,-87.6,40.32,-87.6,0,0,0,0,0,183,0,0,0
650930,2020,4,8,"2020-04-08","16:49:00",3,"MO",29,0,1.75,0,0,0,0,36.5993,-91.5942,36.5987,-91.5851,0,0,0,0,0,149,0,0,0
650931,2020,4,8,"2020-04-08","16:53:00",3,"NC",37,0,0.75,0,0,0,0,35.93,-78.43,35.93,-78.43,0,0,0,0,0,183,0,0,0
650932,2020,4,8,"2020-04-08","16:55:00",3,"AR",5,0,1.75,0,0,0,0,36.25,-91.75,36.25,-91.75,0,0,0,0,0,65,0,0,0
650933,2020,4,8,"2020-04-08","16:57:00",3,"NC",37,0,0.88,0,0,0,0,35.9189,-78.4648,35.9189,-78.4648,0,0,0,0,0,183,0,0,0
650934,2020,4,8,"2020-04-08","16:59:00",3,"MO",29,0,1,0,0,0,0,37.78,-90.42,37.78,-90.42,0,0,0,0,0,187,0,0,0
650935,2020,4,8,"2020-04-08","17:00:00",3,"AR",5,0,1.75,0,0,0,0,36.22,-91.74,36.22,-91.74,0,0,0,0,0,65,0,0,0
650936,2020,4,8,"2020-04-08","17:02:00",3,"IL",17,0,1.5,0,0,0,0,38.03,-89.57,38.08,-89.38,0,0,0,0,0,145,0,0,0
650937,2020,4,8,"2020-04-08","17:04:00",3,"NC",37,0,0.75,0,0,0,0,36.08,-78.05,36.08,-78.05,0,0,0,0,0,127,0,0,0
650938,2020,4,8,"2020-04-08","17:05:00",3,"NC",37,0,1,0,0,0,0,35.97,-78.51,35.97,-78.51,0,0,0,0,0,183,0,0,0
650939,2020,4,8,"2020-04-08","17:05:00",3,"IN",18,0,1,0,0,0,0,40.28,-87.38,40.28,-87.38,0,0,0,0,0,171,0,0,0
650940,2020,4,8,"2020-04-08","17:06:00",3,"TN",47,0,1,0,0,0,0,36.3186,-85.969,36.3186,-85.969,0,0,0,0,0,159,0,0,0
650941,2020,4,8,"2020-04-08","17:06:00",3,"MO",29,0,1,0,0,0,0,37.7672,-90.2492,37.7672,-90.2492,0,0,0,0,0,186,0,0,0
650942,2020,4,8,"2020-04-08","17:09:00",3,"IN",18,0,1,0,0,0,0,40.29,-87.29,40.29,-87.29,0,0,0,0,0,171,0,0,0
650943,2020,4,8,"2020-04-08","17:12:00",3,"MO",29,0,1.25,0,0,0,0,36.69,-91.38,36.6897,-91.3741,0,0,0,0,0,149,0,0,0
650944,2020,4,8,"2020-04-08","17:13:00",3,"MO",29,0,1,0,0,0,0,37.1,-89.92,37.1,-89.92,0,0,0,0,0,207,0,0,0
650945,2020,4,8,"2020-04-08","17:17:00",3,"MO",29,0,1.75,0,0,0,0,39,-90.8617,38.9795,-90.7763,0,0,0,0,0,113,0,0,0
650946,2020,4,8,"2020-04-08","17:23:00",3,"MO",29,0,1,0,0,0,0,37.72,-89.87,37.7098,-89.8571,0,0,0,0,0,157,0,0,0
650947,2020,4,8,"2020-04-08","17:25:00",3,"IL",17,0,1,0,0,0,0,38.02,-89.3035,38.02,-89.3035,0,0,0,0,0,145,0,0,0
650948,2020,4,8,"2020-04-08","17:26:00",3,"MO",29,0,1,0,0,0,0,37.7098,-89.8571,37.7098,-89.8571,0,0,0,0,0,157,0,0,0
650949,2020,4,8,"2020-04-08","17:30:00",3,"AR",5,0,1.75,0,0,0,0,36.24,-91.25,36.24,-91.25,0,0,0,0,0,75,0,0,0
650950,2020,4,8,"2020-04-08","17:31:00",3,"NC",37,0,1,0,0,0,0,35.6464,-78.0104,35.6464,-78.0104,0,0,0,0,0,195,0,0,0
650951,2020,4,8,"2020-04-08","17:32:00",3,"NC",37,0,1,0,0,0,0,35.751,-77.9319,35.751,-77.9319,0,0,0,0,0,195,0,0,0
650952,2020,4,8,"2020-04-08","17:32:00",3,"IN",18,0,1,0,0,0,0,40.17,-87.07,40.17,-87.07,0,0,0,0,0,107,0,0,0
650953,2020,4,8,"2020-04-08","17:39:00",3,"MO",29,0,1,0,0,0,0,37.62,-89.72,37.62,-89.72,0,0,0,0,0,157,0,0,0
650954,2020,4,8,"2020-04-08","17:45:00",3,"MO",29,0,2.25,0,0,0,0,36.88,-89.58,36.9139,-89.4882,0,0,0,0,0,201,0,0,0
650955,2020,4,8,"2020-04-08","17:46:00",3,"MO",29,0,1,0,0,0,0,36.8,-90.97,36.8,-90.97,0,0,0,0,0,181,0,0,0
650956,2020,4,8,"2020-04-08","17:51:00",3,"AR",5,0,2.75,0,0,0,0,35.97,-91.32,35.97,-91.32,0,0,0,0,0,75,0,0,0
650957,2020,4,8,"2020-04-08","17:53:00",3,"AR",5,0,1,0,0,0,0,35.97,-91.32,35.97,-91.32,0,0,0,0,0,75,0,0,0
650958,2020,4,8,"2020-04-08","17:57:00",3,"NC",37,0,1,0,0,0,0,35.7938,-78.5488,35.7938,-78.5488,0,0,0,0,0,183,0,0,0
650959,2020,4,8,"2020-04-08","17:59:00",3,"VA",51,0,0.75,0,0,0,0,36.8097,-79.6113,36.8097,-79.6113,0,0,0,0,0,143,0,0,0
650960,2020,4,8,"2020-04-08","18:03:00",3,"AR",5,0,1.75,0,0,0,0,36.01,-91.25,36.01,-91.25,0,0,0,0,0,75,0,0,0
650961,2020,4,8,"2020-04-08","18:03:00",3,"IN",18,0,1,0,0,0,0,40.13,-86.61,40.13,-86.61,0,0,0,0,0,11,0,0,0
650962,2020,4,8,"2020-04-08","18:07:00",3,"NC",37,0,0.88,0,0,0,0,35.6077,-78.564,35.6077,-78.564,0,0,0,0,0,101,0,0,0
650963,2020,4,8,"2020-04-08","18:09:00",3,"KY",21,0,1.25,0,0,0,0,36.87,-89.02,36.87,-89.02,0,0,0,0,0,39,0,0,0
650964,2020,4,8,"2020-04-08","18:12:00",3,"MO",29,0,1,0,0,0,0,36.83,-90.63,36.83,-90.63,0,0,0,0,0,23,0,0,0
650965,2020,4,8,"2020-04-08","18:12:00",3,"AR",5,0,1,0,0,0,0,35.8866,-90.9995,35.8866,-90.9995,0,0,0,0,0,31,0,0,0
650966,2020,4,8,"2020-04-08","18:13:00",3,"MO",29,0,1,0,0,0,0,36.92,-89.33,36.92,-89.33,0,0,0,0,0,133,0,0,0
650967,2020,4,8,"2020-04-08","18:27:00",3,"IN",18,0,0.75,0,0,0,0,40,-86.26,40,-86.26,0,0,0,0,0,11,0,0,0
650968,2020,4,8,"2020-04-08","18:27:00",3,"IN",18,0,0.75,0,0,0,0,39.99,-86.26,39.99,-86.26,0,0,0,0,0,11,0,0,0
650969,2020,4,8,"2020-04-08","18:30:00",3,"IL",17,0,1,0,0,0,0,37.8,-89.03,37.8,-89.03,0,0,0,0,0,199,0,0,0
650970,2020,4,8,"2020-04-08","18:32:00",3,"IN",18,0,0.88,0,0,0,0,40.01,-86.16,40.01,-86.16,0,0,0,0,0,57,0,0,0
650971,2020,4,8,"2020-04-08","18:37:00",3,"IN",18,0,1,0,0,0,0,40,-86.1,40,-86.1,0,0,0,0,0,57,0,0,0
650972,2020,4,8,"2020-04-08","18:37:00",3,"IN",18,0,0.75,0,0,0,0,39.91,-86.19,39.91,-86.19,0,0,0,0,0,97,0,0,0
650973,2020,4,8,"2020-04-08","18:37:00",3,"IN",18,0,0.75,0,0,0,0,39.97,-86.11,39.97,-86.11,0,0,0,0,0,57,0,0,0
650974,2020,4,8,"2020-04-08","18:39:00",3,"IN",18,0,0.75,0,0,0,0,39.91,-86.18,39.91,-86.18,0,0,0,0,0,97,0,0,0
650975,2020,4,8,"2020-04-08","18:43:00",3,"KY",21,0,1,0,0,0,0,36.6866,-88.63,36.6866,-88.63,0,0,0,0,0,83,0,0,0
650976,2020,4,8,"2020-04-08","18:50:00",3,"GA",13,0,0.88,0,0,0,0,30.99,-82.87,30.99,-82.87,0,0,0,0,0,65,0,0,0
650977,2020,4,8,"2020-04-08","18:52:00",3,"MO",29,0,1,0,0,0,0,37.3102,-89.5429,37.3307,-89.4914,0,0,0,0,0,31,0,0,0
650978,2020,4,8,"2020-04-08","18:56:00",3,"NC",37,0,1,0,0,0,0,35.026,-80.84,35.026,-80.84,0,0,0,0,0,119,0,0,0
650979,2020,4,8,"2020-04-08","19:00:00",3,"IN",18,0,0.75,0,0,0,0,39.78,-85.83,39.78,-85.83,0,0,0,0,0,59,0,0,0
650980,2020,4,8,"2020-04-08","19:00:00",3,"GA",13,0,1,0,0,0,0,31.04,-82.84,31.04,-82.84,0,0,0,0,0,65,0,0,0
650981,2020,4,8,"2020-04-08","19:00:00",3,"KY",21,0,1,0,0,0,0,36.6,-88.43,36.6,-88.43,0,0,0,0,0,35,0,0,0
650982,2020,4,8,"2020-04-08","19:01:00",3,"AR",5,0,1,0,0,0,0,35.8155,-90.7,35.8155,-90.7,0,0,0,0,0,31,0,0,0
650983,2020,4,8,"2020-04-08","19:07:00",3,"KY",21,0,1.5,0,0,0,0,36.62,-88.32,36.5893,-88.3583,0,0,0,0,0,35,0,0,0
650984,2020,4,8,"2020-04-08","19:11:00",3,"IN",18,0,1,0,0,0,0,38.71,-87.4,38.71,-87.4,0,0,0,0,0,83,0,0,0
650985,2020,4,8,"2020-04-08","19:13:00",3,"MO",29,0,1,0,0,0,0,37.43,-89.8,37.45,-89.65,0,0,0,0,0,31,0,0,0
650986,2020,4,8,"2020-04-08","19:15:00",3,"KY",21,0,1,0,0,0,0,37.12,-87.87,37.12,-87.87,0,0,0,0,0,33,0,0,0
650987,2020,4,8,"2020-04-08","19:20:00",3,"IN",18,0,1.25,0,0,0,0,39.13,-86.44,39.13,-86.44,0,0,0,0,0,105,0,0,0
650988,2020,4,8,"2020-04-08","19:22:00",3,"IN",18,0,1,0,0,0,0,39.71,-85.44,39.71,-85.44,0,0,0,0,0,139,0,0,0
650989,2020,4,8,"2020-04-08","19:31:00",3,"AR",5,0,1,0,0,0,0,35.8567,-90.7137,35.8567,-90.7137,0,0,0,0,0,31,0,0,0
650990,2020,4,8,"2020-04-08","19:36:00",3,"TN",47,0,1,0,0,0,0,36.45,-88.1681,36.45,-88.1681,0,0,0,0,0,79,0,0,0
650991,2020,4,8,"2020-04-08","19:40:00",3,"KY",21,0,1,0,0,0,0,36.85,-87.48,36.85,-87.48,0,0,0,0,0,47,0,0,0
650992,2020,4,8,"2020-04-08","19:43:00",3,"IL",17,0,1,0,0,0,0,37.23,-89.27,37.23,-89.27,0,0,0,0,0,3,0,0,0
650993,2020,4,8,"2020-04-08","19:46:00",3,"TN",47,0,1,0,0,0,0,36.38,-88.48,36.38,-88.48,0,0,0,0,0,79,0,0,0
650994,2020,4,8,"2020-04-08","19:54:00",3,"TN",47,0,1,0,0,0,0,36.48,-87.83,36.48,-87.83,0,0,0,0,0,161,0,0,0
650995,2020,4,8,"2020-04-08","19:56:00",3,"MO",29,0,1,0,0,0,0,37.3307,-89.5686,37.3307,-89.5686,0,0,0,0,0,31,0,0,0
650996,2020,4,8,"2020-04-08","19:57:00",3,"KY",21,0,0.75,0,0,0,0,36.66,-87.45,36.66,-87.45,0,0,0,0,0,47,0,0,0
650997,2020,4,8,"2020-04-08","19:59:00",3,"OH",39,0,0.75,0,0,0,0,38.92,-84.19,38.92,-84.19,0,0,0,0,0,25,0,0,0
650998,2020,4,8,"2020-04-08","20:03:00",3,"OH",39,0,0.75,0,0,0,0,39.4,-84.41,39.4,-84.41,0,0,0,0,0,17,0,0,0
650999,2020,4,8,"2020-04-08","20:03:00",3,"IN",18,0,0.75,0,0,0,0,39.83,-84.89,39.83,-84.89,0,0,0,0,0,177,0,0,0
651000,2020,4,8,"2020-04-08","20:04:00",3,"OH",39,0,0.75,0,0,0,0,38.95,-84.28,38.95,-84.28,0,0,0,0,0,25,0,0,0
651001,2020,4,8,"2020-04-08","20:04:00",3,"OH",39,0,1.25,0,0,0,0,39.38,-84.37,39.38,-84.37,0,0,0,0,0,17,0,0,0
651002,2020,4,8,"2020-04-08","20:04:00",3,"OH",39,0,1,0,0,0,0,38.96,-84.07,38.96,-84.07,0,0,0,0,0,25,0,0,0
651003,2020,4,8,"2020-04-08","20:05:00",3,"OH",39,0,1.5,0,0,0,0,38.96,-84.08,38.96,-84.08,0,0,0,0,0,25,0,0,0
651004,2020,4,8,"2020-04-08","20:06:00",3,"OH",39,0,1,0,0,0,0,39.44,-84.36,39.44,-84.36,0,0,0,0,0,17,0,0,0
651005,2020,4,8,"2020-04-08","20:07:00",3,"OH",39,0,1.5,0,0,0,0,39.36,-84.31,39.36,-84.31,0,0,0,0,0,165,0,0,0
651006,2020,4,8,"2020-04-08","20:07:00",3,"TN",47,0,0.75,0,0,0,0,36.3,-88.32,36.3,-88.32,0,0,0,0,0,79,0,0,0
651007,2020,4,8,"2020-04-08","20:09:00",3,"OH",39,0,1,0,0,0,0,39.36,-84.31,39.36,-84.31,0,0,0,0,0,165,0,0,0
651008,2020,4,8,"2020-04-08","20:10:00",3,"OH",39,0,0.88,0,0,0,0,39.36,-84.31,39.36,-84.31,0,0,0,0,0,165,0,0,0
651009,2020,4,8,"2020-04-08","20:11:00",3,"OH",39,0,1,0,0,0,0,39.36,-84.31,39.36,-84.31,0,0,0,0,0,165,0,0,0
651010,2020,4,8,"2020-04-08","20:12:00",3,"OH",39,0,1,0,0,0,0,39.05,-84.05,39.05,-84.05,0,0,0,0,0,25,0,0,0
651011,2020,4,8,"2020-04-08","20:15:00",3,"OH",39,0,1,0,0,0,0,39.29,-84.48,39.29,-84.48,0,0,0,0,0,61,0,0,0
651012,2020,4,8,"2020-04-08","20:15:00",3,"OH",39,0,0.75,0,0,0,0,39.54,-84.53,39.54,-84.53,0,0,0,0,0,17,0,0,0
651013,2020,4,8,"2020-04-08","20:15:00",3,"OH",39,0,1.75,0,0,0,0,39.03,-83.92,39.03,-83.92,0,0,0,0,0,15,0,0,0
651014,2020,4,8,"2020-04-08","20:18:00",3,"OH",39,0,1.5,0,0,0,0,39.25,-84.38,39.25,-84.38,0,0,0,0,0,61,0,0,0
651015,2020,4,8,"2020-04-08","20:19:00",3,"OH",39,0,1.25,0,0,0,0,39.25,-84.46,39.25,-84.46,0,0,0,0,0,61,0,0,0
651016,2020,4,8,"2020-04-08","20:22:00",3,"OH",39,0,1,0,0,0,0,39.25,-84.38,39.25,-84.38,0,0,0,0,0,61,0,0,0
651017,2020,4,8,"2020-04-08","20:25:00",3,"AR",5,0,0.75,0,0,0,0,36.42,-90.9,36.42,-90.9,0,0,0,0,0,121,0,0,0
651018,2020,4,8,"2020-04-08","20:25:00",3,"OH",39,0,1,0,0,0,0,39.08,-83.84,39.08,-83.84,0,0,0,0,0,71,0,0,0
651019,2020,4,8,"2020-04-08","20:25:00",3,"OH",39,0,1,0,0,0,0,39.4,-84.56,39.4,-84.56,0,0,0,0,0,17,0,0,0
651020,2020,4,8,"2020-04-08","20:25:00",3,"OH",39,0,1,0,0,0,0,39.4,-84.56,39.4,-84.56,0,0,0,0,0,17,0,0,0
651021,2020,4,8,"2020-04-08","20:25:00",3,"OH",39,0,1,0,0,0,0,39.25,-84.35,39.25,-84.35,0,0,0,0,0,61,0,0,0
651022,2020,4,8,"2020-04-08","20:25:00",3,"OH",39,0,1,0,0,0,0,39.27,-84.27,39.27,-84.27,0,0,0,0,0,61,0,0,0
651023,2020,4,8,"2020-04-08","20:27:00",3,"OH",39,0,1.75,0,0,0,0,39.03,-83.92,39.03,-83.92,0,0,0,0,0,15,0,0,0
651024,2020,4,8,"2020-04-08","20:27:00",3,"OH",39,0,0.75,0,0,0,0,39.3443,-84.3563,39.3443,-84.3563,0,0,0,0,0,17,0,0,0
651025,2020,4,8,"2020-04-08","20:28:00",3,"OH",39,0,0.75,0,0,0,0,38.95,-83.67,38.95,-83.67,0,0,0,0,0,1,0,0,0
651026,2020,4,8,"2020-04-08","20:30:00",3,"AR",5,0,0.88,0,0,0,0,36.32,-90.6,36.32,-90.6,0,0,0,0,0,21,0,0,0
651027,2020,4,8,"2020-04-08","20:31:00",3,"OH",39,0,1.75,0,0,0,0,39.01,-83.81,39.01,-83.81,0,0,0,0,0,15,0,0,0
651028,2020,4,8,"2020-04-08","20:31:00",3,"OH",39,0,2,0,0,0,0,39.3,-84.29,39.3,-84.29,0,0,0,0,0,165,0,0,0
651029,2020,4,8,"2020-04-08","20:32:00",3,"OH",39,0,1,0,0,0,0,39.31,-84.28,39.31,-84.28,0,0,0,0,0,165,0,0,0
651030,2020,4,8,"2020-04-08","20:33:00",3,"OH",39,0,0.88,0,0,0,0,39.32,-84.25,39.32,-84.25,0,0,0,0,0,165,0,0,0
651031,2020,4,8,"2020-04-08","20:36:00",3,"OH",39,0,1.75,0,0,0,0,39.04,-83.75,39.04,-83.75,0,0,0,0,0,71,0,0,0
651032,2020,4,8,"2020-04-08","20:36:00",3,"AR",5,0,0.75,0,0,0,0,36.2379,-90.38,36.2379,-90.38,0,0,0,0,0,55,0,0,0
651033,2020,4,8,"2020-04-08","20:41:00",3,"OH",39,0,1.5,0,0,0,0,39.2,-83.61,39.2,-83.61,0,0,0,0,0,71,0,0,0
651034,2020,4,8,"2020-04-08","20:41:00",3,"AR",5,0,1,0,0,0,0,36.2121,-90.3,36.2121,-90.3,0,0,0,0,0,21,0,0,0
651035,2020,4,8,"2020-04-08","20:43:00",3,"KY",21,0,1,0,0,250,0,39.08,-84.45,39.08,-84.45,0,0,0,0,0,37,0,0,0
651036,2020,4,8,"2020-04-08","20:44:00",3,"KY",21,0,0.75,0,0,0,0,38.99,-84.64,38.99,-84.64,0,0,0,0,0,15,0,0,0
651037,2020,4,8,"2020-04-08","20:45:00",3,"AR",5,0,2,0,0,0,0,36.2817,-90.4481,36.2817,-90.4481,0,0,0,0,0,21,0,0,0
651038,2020,4,8,"2020-04-08","20:47:00",3,"OH",39,0,1.25,0,0,0,0,39.14,-83.67,39.14,-83.67,0,0,0,0,0,71,0,0,0
651039,2020,4,8,"2020-04-08","20:50:00",3,"KY",21,0,0.75,0,0,0,0,38.96,-84.38,38.96,-84.38,0,0,0,0,0,37,0,0,0
651040,2020,4,8,"2020-04-08","20:53:00",3,"OH",39,0,1.75,0,0,0,0,39.14,-83.67,39.14,-83.67,0,0,0,0,0,71,0,0,0
651041,2020,4,8,"2020-04-08","20:55:00",3,"KY",21,0,1,0,0,0,0,38.06,-86.43,38.06,-86.43,0,0,0,0,0,163,0,0,0
651042,2020,4,8,"2020-04-08","21:00:00",3,"MO",29,0,1,0,0,0,0,36.13,-90.17,36.13,-90.17,0,0,0,0,0,69,0,0,0
651043,2020,4,8,"2020-04-08","21:08:00",3,"TN",47,0,0.75,0,0,0,0,35.6489,-88.8216,35.6489,-88.8216,0,0,0,0,0,113,0,0,0
651044,2020,4,8,"2020-04-08","21:10:00",3,"AR",5,0,0.88,0,0,0,0,36.18,-90.38,36.18,-90.38,0,0,0,0,0,55,0,0,0
651045,2020,4,8,"2020-04-08","21:13:00",3,"OH",39,0,1.25,0,0,0,0,38.85,-82.86,38.85,-82.86,0,0,0,0,0,145,0,0,0
651046,2020,4,8,"2020-04-08","21:18:00",3,"OH",39,0,1.75,0,0,0,0,38.85,-82.79,38.85,-82.79,0,0,0,0,0,145,0,0,0
651047,2020,4,8,"2020-04-08","21:19:00",3,"TN",47,0,0.88,0,0,0,0,36.0155,-87.5449,36.0155,-87.5449,0,0,0,0,0,43,0,0,0
651048,2020,4,8,"2020-04-08","21:27:00",3,"OH",39,0,1.25,0,0,0,0,39.05,-82.63,39.05,-82.63,0,0,0,0,0,79,0,0,0
651049,2020,4,8,"2020-04-08","21:36:00",3,"OH",39,0,1,0,0,0,0,38.87,-82.61,38.87,-82.61,0,0,0,0,0,79,0,0,0
651050,2020,4,8,"2020-04-08","21:38:00",3,"MO",29,0,0.88,0,0,0,0,36.05,-90.12,36.05,-90.12,0,0,0,0,0,69,0,0,0
651051,2020,4,8,"2020-04-08","21:55:00",3,"AR",5,0,1.75,0,0,0,0,35.9201,-90.1905,35.9201,-90.1905,0,0,0,0,0,93,0,0,0
651052,2020,4,8,"2020-04-08","22:00:00",3,"OH",39,0,1.75,0,0,0,0,38.98,-82.34,38.98,-82.34,0,0,0,0,0,53,0,0,0
651053,2020,4,8,"2020-04-08","22:00:00",3,"AR",5,0,1,0,0,0,0,35.97,-89.97,35.97,-89.97,0,0,0,0,0,93,0,0,0
651054,2020,4,8,"2020-04-08","22:06:00",3,"OH",39,0,1.75,0,0,0,0,38.98,-82.34,38.98,-82.34,0,0,0,0,0,53,0,0,0
651055,2020,4,8,"2020-04-08","22:16:00",3,"OH",39,0,1.5,0,0,0,0,38.88,-82.66,38.88,-82.66,0,0,0,0,0,79,0,0,0
651056,2020,4,8,"2020-04-08","22:19:00",3,"OH",39,0,2.5,0,0,0,0,38.9,-82.57,38.9,-82.57,0,0,0,0,0,79,0,0,0
651057,2020,4,8,"2020-04-08","22:24:00",3,"OH",39,0,1.75,0,0,0,0,38.88,-82.38,38.88,-82.38,0,0,0,0,0,53,0,0,0
651058,2020,4,8,"2020-04-08","22:30:00",3,"KY",21,0,1,0,0,0,0,37.46,-84.51,37.46,-84.51,0,0,0,0,0,137,0,0,0
651059,2020,4,8,"2020-04-08","22:30:00",3,"AR",5,0,1,0,0,0,0,35.7,-89.97,35.7,-89.97,0,0,0,0,0,93,0,0,0
651060,2020,4,8,"2020-04-08","22:32:00",3,"AR",5,0,0.75,0,0,0,0,35.7,-89.97,35.7,-89.97,0,0,0,0,0,93,0,0,0
651061,2020,4,8,"2020-04-08","22:40:00",3,"OH",39,0,0.75,0,0,0,0,39,-82.06,39,-82.06,0,0,0,0,0,105,0,0,0
651062,2020,4,8,"2020-04-08","22:46:00",3,"KY",21,0,1,0,0,0,0,37.35,-84.4,37.35,-84.4,0,0,0,0,0,203,0,0,0
651063,2020,4,8,"2020-04-08","22:48:00",3,"WV",54,0,1,0,0,0,0,38.55,-82.08,38.55,-82.08,0,0,0,0,0,53,0,0,0
651064,2020,4,8,"2020-04-08","22:52:00",3,"WV",54,0,1,0,0,0,0,38.57,-82.07,38.57,-82.07,0,0,0,0,0,53,0,0,0
651065,2020,4,8,"2020-04-08","22:58:00",3,"WV",54,0,1,0,0,0,0,38.61,-81.98,38.61,-81.98,0,0,0,0,0,79,0,0,0
651066,2020,4,8,"2020-04-08","23:00:00",3,"WV",54,0,0.75,0,0,0,0,38.54,-81.91,38.54,-81.91,0,0,0,0,0,79,0,0,0
651067,2020,4,8,"2020-04-08","23:15:00",3,"TN",47,0,0.88,0,0,0,0,35.7671,-89.5917,35.7671,-89.5917,0,0,0,0,0,97,0,0,0
651068,2020,4,8,"2020-04-08","23:20:00",3,"KY",21,0,0.88,0,0,0,0,37.3646,-83.7688,37.3646,-83.7688,0,0,0,0,0,189,0,0,0
651069,2020,4,8,"2020-04-08","23:35:00",3,"TN",47,0,1,0,0,0,0,35.05,-88.45,35.05,-88.45,0,0,0,0,0,109,0,0,0
651070,2020,4,8,"2020-04-08","23:45:00",3,"TN",47,0,1.25,0,0,0,0,35.0416,-88.3358,35.0416,-88.3358,0,0,0,0,0,71,0,0,0
651071,2020,4,8,"2020-04-08","23:45:00",3,"TN",47,0,0.88,0,0,0,0,35.05,-88.28,35.05,-88.28,0,0,0,0,0,71,0,0,0
651072,2020,4,8,"2020-04-08","23:46:00",3,"KY",21,0,0.88,0,0,0,0,37.1995,-83.3992,37.1995,-83.3992,0,0,0,0,0,131,0,0,0
651073,2020,4,8,"2020-04-08","23:55:00",3,"AL",1,0,1,0,0,0,0,34.74,-86.59,34.74,-86.59,0,0,0,0,0,89,0,0,0
651074,2020,4,9,"2020-04-09","00:03:00",3,"AL",1,0,1.75,0,0,0,0,34.92,-88.06,34.92,-88.06,0,0,0,0,0,77,0,0,0
651075,2020,4,9,"2020-04-09","00:09:00",3,"AL",1,0,0.88,0,0,0,0,34.91,-87.99,34.91,-87.99,0,0,0,0,0,77,0,0,0
651076,2020,4,9,"2020-04-09","00:29:00",3,"AL",1,0,1,0,0,0,0,34.76,-87.69,34.76,-87.69,0,0,0,0,0,33,0,0,0
651077,2020,4,9,"2020-04-09","00:36:00",3,"AL",1,0,1,0,0,0,0,34.76,-87.65,34.76,-87.65,0,0,0,0,0,33,0,0,0
651078,2020,4,9,"2020-04-09","00:47:00",3,"AL",1,0,1,0,0,0,0,34.44,-86.93,34.44,-86.93,0,0,0,0,0,103,0,0,0
651079,2020,4,9,"2020-04-09","00:52:00",3,"WV",54,0,0.88,0,0,0,0,37.37,-81.1,37.37,-81.1,0,0,0,0,0,55,0,0,0
651080,2020,4,9,"2020-04-09","01:12:00",3,"AL",1,0,0.88,0,0,0,0,34.18,-86.96,34.18,-86.96,0,0,0,0,0,43,0,0,0
651081,2020,4,9,"2020-04-09","01:40:00",3,"GA",13,0,0.88,0,0,0,0,34.29,-85.14,34.29,-85.14,0,0,0,0,0,115,0,0,0
651082,2020,4,9,"2020-04-09","01:52:00",3,"WV",54,0,0.88,0,0,0,0,37.3691,-81.1016,37.3691,-81.1016,0,0,0,0,0,55,0,0,0
651083,2020,4,9,"2020-04-09","03:56:00",3,"GA",13,0,1,0,0,0,0,33.11,-83.81,33.11,-83.81,0,0,0,0,0,207,0,0,0
651084,2020,4,9,"2020-04-09","04:31:00",3,"AL",1,0,1,0,0,0,0,33.13,-88.15,33.13,-88.15,0,0,0,0,0,107,0,0,0
651085,2020,4,9,"2020-04-09","05:00:00",3,"GA",13,0,0.75,0,0,0,0,32.73,-82.7,32.73,-82.7,0,0,0,0,0,167,0,0,0
651086,2020,4,9,"2020-04-09","11:27:00",3,"TX",48,0,1,0,0,0,0,31.22,-99.21,31.22,-99.21,0,0,0,0,0,307,0,0,0
651087,2020,4,9,"2020-04-09","11:35:00",3,"NJ",34,0,0.88,0,0,0,0,40.38,-74.61,40.38,-74.61,0,0,0,0,0,23,0,0,0
651088,2020,4,9,"2020-04-09","11:42:00",3,"NJ",34,0,1,0,0,0,0,40.51,-74.68,40.51,-74.68,0,0,0,0,0,35,0,0,0
651089,2020,4,9,"2020-04-09","11:43:00",3,"NJ",34,0,0.75,0,0,0,0,40.31,-74.47,40.31,-74.47,0,0,0,0,0,23,0,0,0
651090,2020,4,9,"2020-04-09","11:45:00",3,"NJ",34,0,0.75,0,0,0,0,39.74,-75.22,39.74,-75.22,0,0,0,0,0,15,0,0,0
651091,2020,4,9,"2020-04-09","15:26:00",3,"TX",48,0,1,0,0,0,0,30.4523,-96.5212,30.4523,-96.5212,0,0,0,0,0,51,0,0,0
651092,2020,4,9,"2020-04-09","15:29:00",3,"TX",48,0,1,0,0,0,0,30.56,-96.28,30.56,-96.28,0,0,0,0,0,41,0,0,0
651093,2020,4,9,"2020-04-09","15:38:00",3,"TX",48,0,1,0,0,0,0,30.5,-96.19,30.5,-96.19,0,0,0,0,0,41,0,0,0
651094,2020,4,9,"2020-04-09","15:40:00",3,"TX",48,0,1,0,0,0,0,30.57,-96.28,30.57,-96.28,0,0,0,0,0,41,0,0,0
651095,2020,4,9,"2020-04-09","16:40:00",3,"TX",48,0,1,0,0,0,0,31.3452,-94.0108,31.3452,-94.0108,0,0,0,0,0,403,0,0,0
651096,2020,4,9,"2020-04-09","16:45:00",3,"TX",48,0,2,0,0,0,0,31.3483,-93.9172,31.3483,-93.9172,0,0,0,0,0,403,0,0,0
651097,2020,4,9,"2020-04-09","16:50:00",3,"TX",48,0,1,0,0,0,0,31.3389,-93.8709,31.3389,-93.8709,0,0,0,0,0,403,0,0,0
651098,2020,4,9,"2020-04-09","19:00:00",3,"TX",48,0,0.75,0,0,0,0,28.8,-98.08,28.8,-98.08,0,0,0,0,0,255,0,0,0
651099,2020,4,9,"2020-04-09","19:04:00",3,"LA",22,0,1,0,0,0,0,30.42,-92.31,30.42,-92.31,0,0,0,0,0,1,0,0,0
651100,2020,4,9,"2020-04-09","19:08:00",3,"LA",22,0,1.25,0,0,0,0,30.4,-92.21,30.4,-92.21,0,0,0,0,0,1,0,0,0
651101,2020,4,9,"2020-04-09","19:30:00",3,"TX",48,0,1.5,0,0,0,0,28.67,-97.7472,28.67,-97.7472,0,0,0,0,0,175,0,0,0
652530,2020,5,10,"2020-05-10","14:46:00",3,"OH",39,0,1,0,0,0,0,39.21,-84.61,39.21,-84.61,0,0,0,0,0,61,0,0,0
652531,2020,5,10,"2020-05-10","14:59:00",3,"OH",39,0,0.75,0,0,0,0,39.32,-84.2,39.32,-84.2,0,0,0,0,0,165,0,0,0
652532,2020,5,10,"2020-05-10","15:28:00",3,"KY",21,0,0.75,0,0,0,0,38.93,-84.38,38.93,-84.38,0,0,0,0,0,37,0,0,0
652533,2020,5,10,"2020-05-10","16:28:00",3,"OH",39,0,0.75,0,0,0,0,38.87,-83.9,38.87,-83.9,0,0,0,0,0,15,0,0,0
652534,2020,5,10,"2020-05-10","16:45:00",3,"KY",21,0,0.75,0,0,0,0,38.77,-84,38.77,-84,0,0,0,0,0,23,0,0,0
652535,2020,5,10,"2020-05-10","18:15:00",3,"KY",21,0,0.75,0,0,0,0,38.58,-83.37,38.58,-83.37,0,0,0,0,0,135,0,0,0
652536,2020,5,10,"2020-05-10","18:55:00",3,"OH",39,0,1,0,0,0,0,39.05,-82.63,39.05,-82.63,0,0,0,0,0,79,0,0,0
652537,2020,5,10,"2020-05-10","19:18:00",3,"NM",35,0,0.75,0,0,0,0,36,-104.4774,36,-104.4774,0,0,0,0,0,33,0,0,0
652538,2020,5,11,"2020-05-11","08:52:00",3,"NY",36,0,0.75,0,0,0,0,42.63,-77.05,42.63,-77.05,0,0,0,0,0,123,0,0,0
652539,2020,5,11,"2020-05-11","09:16:00",3,"NY",36,0,1,0,0,0,0,42.61,-76.92,42.61,-76.92,0,0,0,0,0,123,0,0,0
652540,2020,5,11,"2020-05-11","09:16:00",3,"NY",36,0,1,0,0,0,0,42.61,-76.95,42.61,-76.95,0,0,0,0,0,123,0,0,0
652541,2020,5,11,"2020-05-11","13:13:00",3,"PA",42,0,1,0,0,0,0,41.65,-75.6,41.65,-75.6,0,0,0,0,0,115,0,0,0
652542,2020,5,11,"2020-05-11","13:15:00",3,"NY",36,0,0.75,0,0,0,0,42.68,-74.49,42.68,-74.49,0,0,0,0,0,95,0,0,0
652543,2020,5,11,"2020-05-11","14:00:00",3,"CT",9,0,0.75,0,0,0,0,41.5207,-72.8023,41.5207,-72.8023,0,0,0,0,0,1,0,0,0
652544,2020,5,11,"2020-05-11","14:40:00",3,"CO",8,0,1,0,0,0,0,38.61,-107.98,38.61,-107.98,0,0,0,0,0,85,0,0,0
652545,2020,5,11,"2020-05-11","16:43:00",3,"CO",8,0,1.25,0,0,0,0,39.31,-108.21,39.31,-108.21,0,0,0,0,0,77,0,0,0
652546,2020,5,11,"2020-05-11","16:45:00",3,"CO",8,0,1,0,0,0,0,39.32,-108.21,39.32,-108.21,0,0,0,0,0,77,0,0,0
652547,2020,5,11,"2020-05-11","16:46:00",3,"TX",48,0,1,0,0,0,0,34.92,-102.4,34.92,-102.4,0,0,0,0,0,117,0,0,0
652548,2020,5,11,"2020-05-11","16:53:00",3,"TX",48,0,0.75,0,0,0,0,34.9,-102.4,34.9,-102.4,0,0,0,0,0,117,0,0,0
652549,2020,5,11,"2020-05-11","17:01:00",3,"TX",48,0,1.75,0,0,0,0,30.9058,-102.9173,30.9058,-102.9173,0,0,0,0,0,371,0,0,0
652550,2020,5,11,"2020-05-11","17:02:00",3,"TX",48,0,1.25,0,0,0,0,30.8979,-102.8912,30.8979,-102.8912,0,0,0,0,0,371,0,0,0
652551,2020,5,11,"2020-05-11","17:15:00",3,"TX",48,0,1,0,0,0,0,34.91,-102.2,34.91,-102.2,0,0,0,0,0,117,0,0,0
652552,2020,5,11,"2020-05-11","17:18:00",3,"CO",8,0,1,0,0,0,0,39.3,-107.95,39.3,-107.95,0,0,0,0,0,77,0,0,0
652553,2020,5,11,"2020-05-11","17:19:00",3,"CT",9,0,0.75,0,0,0,0,41.93,-72.66,41.93,-72.66,0,0,0,0,0,3,0,0,0
652554,2020,5,11,"2020-05-11","17:20:00",3,"CT",9,0,0.88,0,0,0,0,41.97,-72.57,41.97,-72.57,0,0,0,0,0,3,0,0,0
652555,2020,5,11,"2020-05-11","17:20:00",3,"TX",48,0,1,0,0,0,0,34.91,-102.2,34.91,-102.2,0,0,0,0,0,117,0,0,0
652556,2020,5,11,"2020-05-11","17:22:00",3,"TX",48,0,1.25,0,0,0,0,34.94,-102.15,34.94,-102.15,0,0,0,0,0,381,0,0,0
652557,2020,5,11,"2020-05-11","17:28:00",3,"CO",8,0,1,0,0,0,0,39.25,-107.93,39.25,-107.93,0,0,0,0,0,77,0,0,0
652558,2020,5,11,"2020-05-11","17:34:00",3,"MA",25,0,1,0,0,0,0,42.07,-72.52,42.07,-72.52,0,0,0,0,0,13,0,0,0
652559,2020,5,11,"2020-05-11","17:50:00",3,"TX",48,0,0.88,0,0,0,0,34.93,-101.98,34.93,-101.98,0,0,0,0,0,381,0,0,0
652560,2020,5,11,"2020-05-11","17:55:00",3,"TX",48,0,1,0,0,0,0,34.9,-101.97,34.9,-101.97,0,0,0,0,0,381,0,0,0
652561,2020,5,11,"2020-05-11","17:55:00",3,"TX",48,0,2.5,0,0,0,0,30.7244,-102.7463,30.7244,-102.7463,0,0,0,0,0,371,0,0,0
652562,2020,5,11,"2020-05-11","18:02:00",3,"TX",48,0,1.25,0,0,0,0,34.89,-101.92,34.89,-101.92,0,0,0,0,0,381,0,0,0
652563,2020,5,11,"2020-05-11","19:03:00",3,"TX",48,0,0.75,0,0,0,0,33.786,-102.4011,33.786,-102.4011,0,0,0,0,0,219,0,0,0
652564,2020,5,11,"2020-05-11","19:23:00",3,"TX",48,0,0.75,0,0,0,0,36,-102,36,-102,0,0,0,0,0,341,0,0,0
652565,2020,5,11,"2020-05-11","19:25:00",3,"TX",48,0,1,0,0,0,0,34.6553,-101.4371,34.6553,-101.4371,0,0,0,0,0,45,0,0,0
652566,2020,5,11,"2020-05-11","19:30:00",3,"TX",48,0,1.75,0,0,0,0,33.5945,-102.37,33.5945,-102.37,0,0,0,0,0,219,0,0,0
652567,2020,5,12,"2020-05-12","17:22:00",3,"WY",56,0,0.88,0,0,0,0,44.1762,-106.5995,44.1762,-106.5995,0,0,0,0,0,19,0,0,0
652568,2020,5,12,"2020-05-12","18:09:00",3,"WY",56,0,0.75,0,0,0,0,44.29,-105.5,44.29,-105.5,0,0,0,0,0,5,0,0,0
652569,2020,5,13,"2020-05-13","05:25:00",3,"KS",20,0,0.75,0,0,0,0,37.58,-97.24,37.58,-97.24,0,0,0,0,0,173,0,0,0
652570,2020,5,13,"2020-05-13","08:01:00",3,"KS",20,0,0.75,0,0,0,0,37.24,-96.99,37.24,-96.99,0,0,0,0,0,35,0,0,0
652571,2020,5,13,"2020-05-13","08:02:00",3,"KS",20,0,1,0,0,0,0,37.24,-96.95,37.24,-96.95,0,0,0,0,0,35,0,0,0
652572,2020,5,13,"2020-05-13","14:56:00",3,"TX",48,0,0.88,0,0,0,0,33.6391,-101.9308,33.6391,-101.9308,0,0,0,0,0,303,0,0,0
652573,2020,5,13,"2020-05-13","15:15:00",3,"TX",48,0,0.75,0,0,0,0,35.2,-100.61,35.2,-100.61,0,0,0,0,0,179,0,0,0
652574,2020,5,13,"2020-05-13","15:52:00",3,"TX",48,0,1,0,0,0,0,33.6005,-102.1946,33.6005,-102.1946,0,0,0,0,0,219,0,0,0
652575,2020,5,13,"2020-05-13","16:32:00",3,"TX",48,0,1.25,0,0,0,0,31.83,-102.5,31.83,-102.5,0,0,0,0,0,135,0,0,0
652576,2020,5,13,"2020-05-13","16:32:00",3,"TX",48,0,1,0,0,0,0,31.8389,-102.4015,31.8389,-102.4015,0,0,0,0,0,135,0,0,0
652577,2020,5,13,"2020-05-13","16:49:00",3,"TX",48,0,1.25,0,0,0,0,32,-102.4541,32,-102.4541,0,0,0,0,0,135,0,0,0
652578,2020,5,13,"2020-05-13","17:05:00",3,"TX",48,0,2.5,0,0,0,0,32,-102.42,32,-102.42,0,0,0,0,0,135,0,0,0
652579,2020,5,13,"2020-05-13","17:42:00",3,"NE",31,0,0.88,0,0,0,0,41.32,-103.31,41.32,-103.31,0,0,0,0,0,33,0,0,0
652580,2020,5,13,"2020-05-13","17:43:00",3,"OK",40,0,1,0,0,0,0,35.62,-99.96,35.62,-99.96,0,0,0,0,0,129,0,0,0
652581,2020,5,13,"2020-05-13","17:50:00",3,"OK",40,0,1.5,0,0,0,0,35.25,-99.63,35.25,-99.63,0,0,0,0,0,9,0,0,0
652582,2020,5,13,"2020-05-13","17:53:00",3,"OK",40,0,1.75,0,0,0,0,35.28,-99.63,35.28,-99.63,0,0,0,0,0,9,0,0,0
652583,2020,5,13,"2020-05-13","17:58:00",3,"TX",48,0,1,0,0,0,0,34.6733,-100.077,34.6733,-100.077,0,0,0,0,0,75,0,0,0
652584,2020,5,13,"2020-05-13","18:00:00",3,"TX",48,0,1,0,0,0,0,33.8762,-101.8359,33.8762,-101.8359,0,0,0,0,0,189,0,0,0
652585,2020,5,13,"2020-05-13","18:02:00",3,"TX",48,0,0.88,0,0,0,0,33.6,-102.02,33.6,-102.02,0,0,0,0,0,303,0,0,0
652586,2020,5,13,"2020-05-13","18:08:00",3,"OK",40,0,2,0,0,0,0,35.27,-99.6,35.27,-99.6,0,0,0,0,0,9,0,0,0
652587,2020,5,13,"2020-05-13","18:09:00",3,"OK",40,0,1,0,0,0,0,35.41,-99.42,35.41,-99.42,0,0,0,0,0,9,0,0,0
652588,2020,5,13,"2020-05-13","18:16:00",3,"TX",48,0,1.5,0,0,0,0,33.4981,-101.9482,33.4981,-101.9482,0,0,0,0,0,303,0,0,0
652589,2020,5,13,"2020-05-13","18:17:00",3,"TX",48,0,1.5,0,0,0,0,33.1663,-101.6052,33.1663,-101.6052,0,0,0,0,0,305,0,0,0
652590,2020,5,13,"2020-05-13","18:22:00",3,"TX",48,0,1,0,0,0,0,33.9979,-100.3645,33.9979,-100.3645,0,0,0,0,0,101,0,0,0
652591,2020,5,13,"2020-05-13","18:30:00",3,"OK",40,0,1.75,0,0,0,0,35.18,-99.83,35.18,-99.83,0,0,0,0,0,9,0,0,0
652592,2020,5,13,"2020-05-13","18:35:00",3,"TX",48,0,1,0,0,0,0,33.32,-101.73,33.32,-101.73,0,0,0,0,0,305,0,0,0
652593,2020,5,13,"2020-05-13","18:55:00",3,"TX",48,0,0.75,0,0,0,0,32.72,-100.9172,32.72,-100.9172,0,0,0,0,0,415,0,0,0
652594,2020,5,13,"2020-05-13","19:13:00",3,"TX",48,0,1,0,0,0,0,32.7969,-100.9671,32.7969,-100.9671,0,0,0,0,0,415,0,0,0
652595,2020,5,13,"2020-05-13","19:19:00",3,"TX",48,0,1.5,0,0,0,0,32.8068,-100.9,32.8068,-100.9,0,0,0,0,0,415,0,0,0
652596,2020,5,13,"2020-05-13","19:42:00",3,"OK",40,0,1.5,0,0,0,0,35.71,-99.6,35.71,-99.6,0,0,0,0,0,129,0,0,0
652597,2020,5,13,"2020-05-13","20:00:00",3,"OK",40,0,1.75,0,0,0,0,35.82,-99.51,35.82,-99.51,0,0,0,0,0,129,0,0,0
652598,2020,5,13,"2020-05-13","20:28:00",3,"OK",40,0,0.88,0,0,0,0,35.84,-99.36,35.84,-99.36,0,0,0,0,0,43,0,0,0
652599,2020,5,13,"2020-05-13","20:50:00",3,"TX",48,0,0.75,0,0,0,0,33.4278,-100.2662,33.4278,-100.2662,0,0,0,0,0,269,0,0,0
652600,2020,5,13,"2020-05-13","21:52:00",3,"OK",40,0,0.88,0,0,0,0,34.78,-98.57,34.78,-98.57,0,0,0,0,0,31,0,0,0
652601,2020,5,13,"2020-05-13","22:54:00",3,"OK",40,0,1,0,0,0,0,35.3629,-97.5828,35.3629,-97.5828,0,0,0,0,0,27,0,0,0
652602,2020,5,14,"2020-05-14","01:28:00",3,"KS",20,0,1,0,0,0,0,39.36,-95.82,39.36,-95.82,0,0,0,0,0,85,0,0,0
652603,2020,5,14,"2020-05-14","13:27:00",3,"CO",8,0,0.88,0,0,0,0,40.32,-105.08,40.32,-105.08,0,0,0,0,0,69,0,0,0
652604,2020,5,14,"2020-05-14","15:18:00",3,"IA",19,0,1.75,0,0,0,0,41.18,-93.75,41.18,-93.75,0,0,0,0,0,181,0,0,0
652605,2020,5,14,"2020-05-14","15:19:00",3,"IA",19,0,1.25,0,0,0,0,41.19,-93.73,41.19,-93.73,0,0,0,0,0,181,0,0,0
652606,2020,5,14,"2020-05-14","15:22:00",3,"IA",19,0,2.75,0,0,0,0,41.18,-93.73,41.18,-93.73,0,0,0,0,0,181,0,0,0
652607,2020,5,14,"2020-05-14","15:24:00",3,"IA",19,0,1,0,0,0,0,41.21,-93.63,41.21,-93.63,0,0,0,0,0,181,0,0,0
652608,2020,5,14,"2020-05-14","15:30:00",3,"IA",19,0,3,0,0,0,0,41.18,-93.73,41.18,-93.73,0,0,0,0,0,181,0,0,0
652609,2020,5,14,"2020-05-14","15:35:00",3,"IA",19,0,1.25,0,0,0,0,41.19,-93.6,41.19,-93.6,0,0,0,0,0,181,0,0,0
652610,2020,5,14,"2020-05-14","15:39:00",3,"OH",39,0,1,0,0,0,0,40.58,-83.13,40.58,-83.13,0,0,0,0,0,101,0,0,0
652611,2020,5,14,"2020-05-14","15:46:00",3,"IA",19,0,0.75,0,0,0,0,41.29,-93.58,41.29,-93.58,0,0,0,0,0,181,0,0,0
652612,2020,5,14,"2020-05-14","16:00:00",3,"IA",19,0,1,0,0,0,0,41.29,-93.44,41.29,-93.44,0,0,0,0,0,181,0,0,0
652613,2020,5,14,"2020-05-14","16:07:00",3,"MO",29,0,1,0,0,0,0,37.15,-92.75,37.15,-92.75,0,0,0,0,0,225,0,0,0
652614,2020,5,14,"2020-05-14","16:13:00",3,"IA",19,0,1,0,0,0,0,41.19,-93.58,41.19,-93.58,0,0,0,0,0,181,0,0,0
652615,2020,5,14,"2020-05-14","16:22:00",3,"IA",19,0,0.88,0,0,0,0,41.19,-93.6,41.19,-93.6,0,0,0,0,0,181,0,0,0
652616,2020,5,14,"2020-05-14","16:36:00",3,"OH",39,0,0.75,0,0,0,0,39.99,-82.68,39.99,-82.68,0,0,0,0,0,89,0,0,0
652617,2020,5,14,"2020-05-14","16:55:00",3,"KS",20,0,0.88,0,0,0,0,38.41,-96.2,38.41,-96.2,0,0,0,0,0,111,0,0,0
652618,2020,5,14,"2020-05-14","16:56:00",3,"KS",20,0,1,0,0,0,0,38.41,-96.21,38.41,-96.21,0,0,0,0,0,111,0,0,0
652619,2020,5,14,"2020-05-14","17:05:00",3,"KS",20,0,1,0,0,0,0,38.42,-96.2,38.42,-96.2,0,0,0,0,0,111,0,0,0
652620,2020,5,14,"2020-05-14","17:59:00",3,"MO",29,0,1,0,0,0,0,39.79,-93.08,39.79,-93.08,0,0,0,0,0,115,0,0,0
652621,2020,5,14,"2020-05-14","18:05:00",3,"MO",29,0,1.25,0,0,0,0,39.79,-93.3,39.79,-93.3,0,0,0,0,0,115,0,0,0
652622,2020,5,14,"2020-05-14","18:09:00",3,"IA",19,0,1,0,0,0,0,41.26,-92.2,41.26,-92.2,0,0,0,0,0,107,0,0,0
652623,2020,5,14,"2020-05-14","18:09:00",3,"IA",19,0,1,0,0,0,0,41.15,-92.5,41.15,-92.5,0,0,0,0,0,179,0,0,0
652624,2020,5,14,"2020-05-14","18:53:00",3,"KS",20,0,1.75,0,0,0,0,38.78,-97.2,38.78,-97.2,0,0,0,0,0,41,0,0,0
652625,2020,5,14,"2020-05-14","19:07:00",3,"KS",20,0,1.75,0,0,0,0,38.61,-96.42,38.61,-96.42,0,0,0,0,0,127,0,0,0
652626,2020,5,14,"2020-05-14","19:07:00",3,"KS",20,0,1.25,0,0,0,0,38.8,-97.15,38.8,-97.15,0,0,0,0,0,41,0,0,0
652627,2020,5,14,"2020-05-14","19:12:00",3,"OK",40,0,1,0,0,0,0,36.42,-98.96,36.42,-98.96,0,0,0,0,0,153,0,0,0
652628,2020,5,14,"2020-05-14","19:30:00",3,"MN",27,0,0.88,0,0,0,0,47.66,-92.2,47.66,-92.2,0,0,0,0,0,137,0,0,0
652629,2020,5,14,"2020-05-14","20:06:00",3,"MO",29,0,1.5,0,0,0,0,40.4,-94.79,40.4,-94.79,0,0,0,0,0,147,0,0,0
652630,2020,5,14,"2020-05-14","20:09:00",3,"OK",40,0,1,0,0,0,0,36.16,-99.76,36.16,-99.76,0,0,0,0,0,45,0,0,0
652631,2020,5,14,"2020-05-14","20:13:00",3,"IL",17,0,1,0,0,0,0,40.73,-90.67,40.73,-90.67,0,0,0,0,0,187,0,0,0
652632,2020,5,14,"2020-05-14","20:20:00",3,"OK",40,0,1.25,0,0,0,0,36.36,-98.78,36.36,-98.78,0,0,0,0,0,93,0,0,0
652633,2020,5,14,"2020-05-14","20:27:00",3,"OK",40,0,2.5,0,0,0,0,36.17,-99.62,36.17,-99.62,0,0,0,0,0,45,0,0,0
652634,2020,5,14,"2020-05-14","20:38:00",3,"KS",20,0,1,0,0,0,0,38.69,-96.49,38.69,-96.49,0,0,0,0,0,127,0,0,0
652635,2020,5,14,"2020-05-14","20:54:00",3,"KS",20,0,1.75,0,0,0,0,38.7,-96.5,38.7,-96.5,0,0,0,0,0,127,0,0,0
652636,2020,5,14,"2020-05-14","20:57:00",3,"KS",20,0,1,0,0,0,0,38.51,-96.26,38.51,-96.26,0,0,0,0,0,111,0,0,0
652637,2020,5,14,"2020-05-14","21:00:00",3,"KS",20,0,1,0,0,0,0,38.68,-96,38.68,-96,0,0,0,0,0,111,0,0,0
652638,2020,5,14,"2020-05-14","21:08:00",3,"KS",20,0,0.75,0,0,0,0,38.09,-96.89,38.09,-96.89,0,0,0,0,0,115,0,0,0
652639,2020,5,14,"2020-05-14","21:18:00",3,"KS",20,0,1,0,0,0,0,38.37,-96.54,38.37,-96.54,0,0,0,0,0,17,0,0,0
652640,2020,5,14,"2020-05-14","21:47:00",3,"IN",18,0,1,0,0,0,0,41.34,-85.78,41.34,-85.78,0,0,0,0,0,85,0,0,0
652641,2020,5,14,"2020-05-14","21:49:00",3,"IN",18,0,1,0,0,0,0,41.36,-85.7,41.36,-85.7,0,0,0,0,0,85,0,0,0
652642,2020,5,14,"2020-05-14","21:52:00",3,"MO",29,0,1,0,0,0,0,40.27,-92.78,40.27,-92.78,0,0,0,0,0,1,0,0,0
652643,2020,5,14,"2020-05-14","22:50:00",3,"OK",40,0,1,0,0,0,0,36.27,-98.48,36.27,-98.48,0,0,0,0,0,93,0,0,0
652644,2020,5,14,"2020-05-14","23:00:00",3,"OK",40,0,1.75,0,0,0,0,36.27,-98.44,36.27,-98.44,0,0,0,0,0,93,0,0,0
652645,2020,5,14,"2020-05-14","23:05:00",3,"CO",8,0,1,0,0,0,0,37.6,-103.45,37.6,-103.45,0,0,0,0,0,71,0,0,0
652646,2020,5,14,"2020-05-14","23:20:00",3,"KS",20,0,1,0,0,0,0,38.08,-95.7,38.08,-95.7,0,0,0,0,0,31,0,0,0
652647,2020,5,14,"2020-05-14","23:20:00",3,"CO",8,0,1.75,0,0,0,0,37.45,-103.32,37.45,-103.32,0,0,0,0,0,71,0,0,0
652648,2020,5,14,"2020-05-14","23:33:00",3,"KS",20,0,0.88,0,0,0,0,37.69,-96.98,37.69,-96.98,0,0,0,0,0,15,0,0,0
652649,2020,5,14,"2020-05-14","23:50:00",3,"WY",56,0,0.7,0,0,1000,0,41.1092,-104.8506,41.1092,-104.8506,0,0,0,0,0,21,0,0,0
652650,2020,5,15,"2020-05-15","00:15:00",3,"KS",20,0,1,0,0,0,0,37.57,-97.1,37.57,-97.1,0,0,0,0,0,15,0,0,0
652651,2020,5,15,"2020-05-15","00:15:00",3,"KS",20,0,1,0,0,0,0,37.54,-97.13,37.54,-97.13,0,0,0,0,0,15,0,0,0
652652,2020,5,15,"2020-05-15","00:26:00",3,"KS",20,0,1,0,0,0,0,37.57,-97.13,37.57,-97.13,0,0,0,0,0,15,0,0,0
652653,2020,5,15,"2020-05-15","00:30:00",3,"KS",20,0,1,0,0,0,0,37.93,-95.4,37.93,-95.4,0,0,0,0,0,1,0,0,0
652654,2020,5,15,"2020-05-15","00:36:00",3,"KS",20,0,0.88,0,0,0,0,37.89,-95.34,37.89,-95.34,0,0,0,0,0,1,0,0,0
652655,2020,5,15,"2020-05-15","04:06:00",3,"KS",20,0,0.75,0,0,0,0,37.98,-97.57,37.98,-97.57,0,0,0,0,0,79,0,0,0
652656,2020,5,15,"2020-05-15","04:31:00",3,"KS",20,0,1,0,0,0,0,37.4,-95.5,37.4,-95.5,0,0,0,0,0,133,0,0,0
652657,2020,5,15,"2020-05-15","05:02:00",3,"KS",20,0,0.75,0,0,0,0,37.92,-97.43,37.92,-97.43,0,0,0,0,0,79,0,0,0
652658,2020,5,15,"2020-05-15","12:35:00",3,"NY",36,0,0.75,0,0,0,0,42.61,-78.5,42.61,-78.5,0,0,0,0,0,29,0,0,0
652659,2020,5,15,"2020-05-15","12:45:00",3,"NY",36,0,0.75,0,0,0,0,42.64,-78.39,42.64,-78.39,0,0,0,0,0,121,0,0,0
652660,2020,5,15,"2020-05-15","13:17:00",3,"OK",40,0,1,0,0,0,0,35.15,-97.66,35.15,-97.66,0,0,0,0,0,87,0,0,0
652661,2020,5,15,"2020-05-15","14:02:00",3,"OK",40,0,1.25,0,0,0,0,34.74,-98.24,34.74,-98.24,0,0,0,0,0,31,0,0,0
652662,2020,5,15,"2020-05-15","14:02:00",3,"OK",40,0,1.25,0,0,0,0,34.71,-98.44,34.71,-98.44,0,0,0,0,0,31,0,0,0
652663,2020,5,15,"2020-05-15","14:08:00",3,"OK",40,0,2,0,0,0,0,34.9,-98.09,34.9,-98.09,0,0,0,0,0,51,0,0,0
652664,2020,5,15,"2020-05-15","14:10:00",3,"TX",48,0,1.5,0,0,0,0,32.58,-101.83,32.58,-101.83,0,0,0,0,0,115,0,0,0
652665,2020,5,15,"2020-05-15","14:12:00",3,"OK",40,0,1.75,0,0,0,0,34.86,-98.15,34.86,-98.15,0,0,0,0,0,15,0,0,0
652666,2020,5,15,"2020-05-15","14:17:00",3,"AR",5,0,1,0,0,0,0,35.0928,-94.3537,35.0928,-94.3537,0,0,0,0,0,131,0,0,0
652667,2020,5,15,"2020-05-15","14:20:00",3,"OK",40,0,1.75,0,0,0,0,34.83,-98.23,34.83,-98.23,0,0,0,0,0,31,0,0,0
652668,2020,5,15,"2020-05-15","14:25:00",3,"OK",40,0,1.5,0,0,0,0,34.86,-98.15,34.86,-98.15,0,0,0,0,0,15,0,0,0
652669,2020,5,15,"2020-05-15","14:28:00",3,"OK",40,0,1.5,0,0,0,0,34.78,-98.17,34.78,-98.17,0,0,0,0,0,31,0,0,0
652670,2020,5,15,"2020-05-15","14:45:00",3,"TX",48,0,0.75,0,0,0,0,33.3019,-101.6016,33.3019,-101.6016,0,0,0,0,0,305,0,0,0
652671,2020,5,15,"2020-05-15","14:47:00",3,"TX",48,0,0.75,0,0,0,0,34.4,-100.88,34.4,-100.88,0,0,0,0,0,191,0,0,0
652672,2020,5,15,"2020-05-15","14:59:00",3,"TX",48,0,1.25,0,0,0,0,31.83,-102.5,31.83,-102.5,0,0,0,0,0,135,0,0,0
652673,2020,5,15,"2020-05-15","14:59:00",3,"TX",48,0,1,0,0,0,0,31.8112,-102.4802,31.8112,-102.4802,0,0,0,0,0,135,0,0,0
652674,2020,5,15,"2020-05-15","15:05:00",3,"TX",48,0,1.25,0,0,0,0,32.13,-101.8,32.13,-101.8,0,0,0,0,0,317,0,0,0
652675,2020,5,15,"2020-05-15","15:19:00",3,"TX",48,0,1,0,0,0,0,33.2669,-100.9276,33.2669,-100.9276,0,0,0,0,0,263,0,0,0
652676,2020,5,15,"2020-05-15","15:32:00",3,"TX",48,0,1.75,0,0,0,0,32.13,-101.8,32.13,-101.8,0,0,0,0,0,317,0,0,0
652677,2020,5,15,"2020-05-15","15:46:00",3,"OK",40,0,0.88,0,0,0,0,34.54,-97.17,34.54,-97.17,0,0,0,0,0,49,0,0,0
652678,2020,5,15,"2020-05-15","15:56:00",3,"OK",40,0,1,0,0,0,0,34.64,-97.96,34.64,-97.96,0,0,0,0,0,137,0,0,0
652679,2020,5,15,"2020-05-15","16:00:00",3,"NY",36,0,1,0,0,0,0,43.1807,-73.7543,43.1807,-73.7543,0,0,0,0,0,91,0,0,0
652680,2020,5,15,"2020-05-15","16:00:00",3,"NY",36,0,0.75,0,0,0,0,43.17,-73.74,43.17,-73.74,0,0,0,0,0,91,0,0,0
652681,2020,5,15,"2020-05-15","16:06:00",3,"NY",36,0,0.75,0,0,0,0,43.2,-73.65,43.2,-73.65,0,0,0,0,0,91,0,0,0
652682,2020,5,15,"2020-05-15","16:07:00",3,"OK",40,0,1.5,0,0,0,0,34.55,-97.71,34.55,-97.71,0,0,0,0,0,137,0,0,0
652683,2020,5,15,"2020-05-15","16:08:00",3,"OK",40,0,1,0,0,0,0,34.5,-97.96,34.5,-97.96,0,0,0,0,0,137,0,0,0
652684,2020,5,15,"2020-05-15","16:21:00",3,"OK",40,0,1,0,0,0,0,34.63,-99.33,34.63,-99.33,0,0,0,0,0,65,0,0,0
652685,2020,5,15,"2020-05-15","16:23:00",3,"OK",40,0,1.75,0,0,0,0,34.6,-99.33,34.6,-99.33,0,0,0,0,0,65,0,0,0
652686,2020,5,15,"2020-05-15","16:24:00",3,"OK",40,0,1,0,0,0,0,34.61,-99.33,34.61,-99.33,0,0,0,0,0,65,0,0,0
652687,2020,5,15,"2020-05-15","16:28:00",3,"TX",48,0,1.5,0,0,0,0,34.2609,-100.9305,34.2609,-100.9305,0,0,0,0,0,345,0,0,0
652688,2020,5,15,"2020-05-15","16:32:00",3,"TX",48,0,1,0,0,0,0,34.2601,-100.4701,34.2601,-100.4701,0,0,0,0,0,101,0,0,0
652689,2020,5,15,"2020-05-15","16:36:00",3,"OK",40,0,1.25,0,0,0,0,34.65,-99.31,34.65,-99.31,0,0,0,0,0,65,0,0,0
652690,2020,5,15,"2020-05-15","16:37:00",3,"OK",40,0,2,0,0,0,0,34.63,-99.29,34.63,-99.29,0,0,0,0,0,65,0,0,0
652691,2020,5,15,"2020-05-15","16:38:00",3,"OK",40,0,1,0,0,0,0,34.93,-98.41,34.93,-98.41,0,0,0,0,0,15,0,0,0
652692,2020,5,15,"2020-05-15","17:00:00",3,"TX",48,0,1.25,0,0,0,0,34.3,-99.92,34.3,-99.92,0,0,0,0,0,197,0,0,0
652693,2020,5,15,"2020-05-15","17:02:00",3,"TX",48,0,2,0,0,0,0,34.38,-100.0875,34.38,-100.0875,0,0,0,0,0,75,0,0,0
652694,2020,5,15,"2020-05-15","17:19:00",3,"TX",48,0,1.25,0,0,0,0,34.3634,-100.0214,34.3634,-100.0214,0,0,0,0,0,75,0,0,0
652695,2020,5,15,"2020-05-15","17:20:00",3,"OK",40,0,1,0,0,0,0,34.63,-99.07,34.63,-99.07,0,0,0,0,0,141,0,0,0
652696,2020,5,15,"2020-05-15","17:33:00",3,"TX",48,0,1,0,0,0,0,34.17,-99.08,34.17,-99.08,0,0,0,0,0,487,0,0,0
652697,2020,5,15,"2020-05-15","17:34:00",3,"TX",48,0,1,0,0,0,0,34.29,-99.75,34.29,-99.75,0,0,0,0,0,197,0,0,0
652698,2020,5,15,"2020-05-15","17:35:00",3,"CO",8,0,0.75,0,0,0,0,39.86,-103.22,39.86,-103.22,0,0,0,0,0,121,0,0,0
652699,2020,5,15,"2020-05-15","17:37:00",3,"OK",40,0,1.25,0,0,0,0,34.24,-99.08,34.24,-99.08,0,0,0,0,0,141,0,0,0
652700,2020,5,15,"2020-05-15","17:41:00",3,"OK",40,0,0.75,0,0,0,0,34.24,-99.08,34.24,-99.08,0,0,0,0,0,141,0,0,0
652701,2020,5,15,"2020-05-15","17:46:00",3,"OK",40,0,1.75,0,0,0,0,34.3624,-99.0298,34.3624,-99.0298,0,0,0,0,0,141,0,0,0
652702,2020,5,15,"2020-05-15","17:51:00",3,"OK",40,0,1,0,0,0,0,34.39,-99.01,34.39,-99.01,0,0,0,0,0,141,0,0,0
652703,2020,5,15,"2020-05-15","17:59:00",3,"MA",25,0,0.75,0,0,0,0,42.63,-71.9,42.63,-71.9,0,0,0,0,0,27,0,0,0
652704,2020,5,15,"2020-05-15","18:00:00",3,"OK",40,0,1,0,0,0,0,34.7253,-98.4621,34.7253,-98.4621,0,0,0,0,0,31,0,0,0
652705,2020,5,15,"2020-05-15","18:15:00",3,"OK",40,0,1,0,0,0,0,34.3235,-99.0421,34.3235,-99.0421,0,0,0,0,0,141,0,0,0
652706,2020,5,15,"2020-05-15","18:16:00",3,"TX",48,0,0.88,0,0,0,0,34.27,-99.51,34.27,-99.51,0,0,0,0,0,197,0,0,0
652707,2020,5,15,"2020-05-15","18:21:00",3,"NM",35,0,0.75,0,0,0,0,36.22,-103.11,36.22,-103.11,0,0,0,0,0,59,0,0,0
652708,2020,5,15,"2020-05-15","18:23:00",3,"AR",5,0,1,0,0,0,0,34.32,-93.17,34.32,-93.17,0,0,0,0,0,59,0,0,0
652709,2020,5,15,"2020-05-15","18:25:00",3,"CO",8,0,0.75,0,0,0,0,40.11,-104.93,40.11,-104.93,0,0,0,0,0,123,0,0,0
652710,2020,5,15,"2020-05-15","18:26:00",3,"CO",8,0,0.75,0,0,0,0,40.06,-105.04,40.06,-105.04,0,0,0,0,0,123,0,0,0
652711,2020,5,15,"2020-05-15","18:35:00",3,"OK",40,0,1,0,0,0,0,34.56,-97.6,34.56,-97.6,0,0,0,0,0,137,0,0,0
652712,2020,5,15,"2020-05-15","18:38:00",3,"CO",8,0,1,0,0,0,0,40.07,-104.83,40.07,-104.83,0,0,0,0,0,123,0,0,0
652713,2020,5,15,"2020-05-15","18:40:00",3,"TX",48,0,0.75,0,0,0,0,33.59,-99.27,33.59,-99.27,0,0,0,0,0,23,0,0,0
652714,2020,5,15,"2020-05-15","18:41:00",3,"CO",8,0,1,0,0,0,0,40.07,-104.81,40.07,-104.81,0,0,0,0,0,123,0,0,0
652715,2020,5,15,"2020-05-15","18:43:00",3,"TX",48,0,1,0,0,0,0,36.37,-103.02,36.37,-103.02,0,0,0,0,0,111,0,0,0
652716,2020,5,15,"2020-05-15","18:50:00",3,"TX",48,0,0.75,0,0,0,0,29.3,-100.79,29.3,-100.79,0,0,0,0,0,465,0,0,0
652717,2020,5,15,"2020-05-15","18:56:00",3,"TX",48,0,1,0,0,0,0,30.06,-100.02,30.06,-100.02,0,0,0,0,0,137,0,0,0
652718,2020,5,15,"2020-05-15","19:00:00",3,"TX",48,0,0.88,0,0,0,0,34.08,-99.03,34.08,-99.03,0,0,0,0,0,487,0,0,0
652719,2020,5,15,"2020-05-15","19:10:00",3,"TX",48,0,1,0,0,0,0,32.97,-98.99,32.97,-98.99,0,0,0,0,0,447,0,0,0
652720,2020,5,15,"2020-05-15","19:17:00",3,"TX",48,0,1.5,0,0,0,0,34.02,-98.87,34.02,-98.87,0,0,0,0,0,485,0,0,0
652721,2020,5,15,"2020-05-15","19:28:00",3,"TX",48,0,1,0,0,0,0,33.45,-98.93,33.45,-98.93,0,0,0,0,0,9,0,0,0
652722,2020,5,15,"2020-05-15","19:28:00",3,"TX",48,0,1,0,0,0,0,31.74,-99.95,31.74,-99.95,0,0,0,0,0,399,0,0,0
652723,2020,5,15,"2020-05-15","19:34:00",3,"TX",48,0,1,0,0,0,0,34.09,-98.57,34.09,-98.57,0,0,0,0,0,485,0,0,0
652724,2020,5,15,"2020-05-15","19:37:00",3,"OK",40,0,0.88,0,0,0,0,34.23,-98.69,34.23,-98.69,0,0,0,0,0,141,0,0,0
652725,2020,5,15,"2020-05-15","19:43:00",3,"TX",48,0,0.88,0,0,0,0,34.08,-98.56,34.08,-98.56,0,0,0,0,0,485,0,0,0
652726,2020,5,15,"2020-05-15","19:53:00",3,"TX",48,0,0.75,0,0,0,0,35.39,-101.28,35.39,-101.28,0,0,0,0,0,65,0,0,0
652727,2020,5,15,"2020-05-15","19:58:00",3,"TX",48,0,1,0,0,0,0,36.01,-102.56,36.01,-102.56,0,0,0,0,0,205,0,0,0
652728,2020,5,15,"2020-05-15","20:02:00",3,"TX",48,0,1.25,0,0,0,0,36.2,-102.51,36.2,-102.51,0,0,0,0,0,111,0,0,0
652729,2020,5,15,"2020-05-15","22:10:00",3,"TX",48,0,0.75,0,0,0,0,29.69,-98.46,29.69,-98.46,0,0,0,0,0,29,0,0,0
652730,2020,5,15,"2020-05-15","22:26:00",3,"TX",48,0,1,0,0,0,0,29.16,-98.5,29.16,-98.5,0,0,0,0,0,29,0,0,0
652731,2020,5,15,"2020-05-15","22:39:00",3,"TX",48,0,1.25,0,0,0,0,29.17,-98.46,29.17,-98.46,0,0,0,0,0,29,0,0,0
652732,2020,5,16,"2020-05-16","14:29:00",3,"IL",17,0,0.75,0,0,0,0,39.62,-90.05,39.62,-90.05,0,0,0,0,0,137,0,0,0
652733,2020,5,16,"2020-05-16","17:50:00",3,"NM",35,0,0.88,0,0,0,0,36.52,-104.56,36.52,-104.56,0,0,0,0,0,7,0,0,0
652734,2020,5,16,"2020-05-16","17:53:00",3,"NM",35,0,1,0,0,0,0,36.5,-104.57,36.5,-104.57,0,0,0,0,0,7,0,0,0
652735,2020,5,16,"2020-05-16","18:02:00",3,"NM",35,0,1,0,0,0,0,36.51,-104.54,36.51,-104.54,0,0,0,0,0,7,0,0,0
652736,2020,5,16,"2020-05-16","19:12:00",3,"VA",51,0,1,0,0,0,0,37.27,-78.29,37.27,-78.29,0,0,0,0,0,147,0,0,0
652737,2020,5,16,"2020-05-16","19:38:00",3,"NM",35,0,0.88,0,0,0,0,35.9273,-104.3732,35.9273,-104.3732,0,0,0,0,0,33,0,0,0
652738,2020,5,16,"2020-05-16","20:00:00",3,"NM",35,0,1.25,0,0,0,0,35.9069,-104.3201,35.9069,-104.3201,0,0,0,0,0,21,0,0,0
652739,2020,5,17,"2020-05-17","15:46:00",3,"CO",8,0,1,0,0,0,0,37.23,-104.45,37.23,-104.45,0,0,0,0,0,71,0,0,0
652740,2020,5,17,"2020-05-17","17:37:00",3,"CO",8,0,1,0,0,0,0,37.09,-104.55,37.09,-104.55,0,0,0,0,0,71,0,0,0
652741,2020,5,17,"2020-05-17","19:47:00",3,"CO",8,0,0.88,0,0,0,0,37.92,-104.8,37.92,-104.8,0,0,0,0,0,101,0,0,0
652742,2020,5,17,"2020-05-17","19:49:00",3,"CO",8,0,0.75,0,0,0,0,37.95,-104.85,37.95,-104.85,0,0,0,0,0,101,0,0,0
652743,2020,5,17,"2020-05-17","19:55:00",3,"CO",8,0,1,0,0,0,0,37.91,-104.8,37.91,-104.8,0,0,0,0,0,101,0,0,0
652744,2020,5,18,"2020-05-18","12:25:00",3,"FL",12,0,0.88,0,0,0,0,26.6669,-80.2575,26.6669,-80.2575,0,0,0,0,0,99,0,0,0
652745,2020,5,18,"2020-05-18","13:30:00",3,"TN",47,0,0.88,0,0,0,0,36.3602,-85.6373,36.3602,-85.6373,0,0,0,0,0,87,0,0,0
652746,2020,5,18,"2020-05-18","19:00:00",3,"MT",30,0,1,0,0,0,0,47.1923,-109.7784,47.1923,-109.7784,0,0,0,0,0,27,0,0,0
652747,2020,5,18,"2020-05-18","23:55:00",3,"MT",30,0,1.25,0,0,0,0,47.05,-109.88,47.05,-109.88,0,0,0,0,0,45,0,0,0
652748,2020,5,19,"2020-05-19","16:25:00",3,"MT",30,0,1,0,0,0,0,46.6912,-112.1135,46.6912,-112.1135,0,0,0,0,0,49,0,0,0
652749,2020,5,19,"2020-05-19","18:45:00",3,"WY",56,0,0.88,0,0,0,0,42.05,-104.96,42.05,-104.96,0,0,0,0,0,31,0,0,0
652750,2020,5,19,"2020-05-19","18:46:00",3,"WY",56,0,1,0,0,0,0,42.06,-104.96,42.06,-104.96,0,0,0,0,0,31,0,0,0
652751,2020,5,19,"2020-05-19","18:50:00",3,"WY",56,0,1,0,0,0,0,42.05,-104.96,42.05,-104.96,0,0,0,0,0,31,0,0,0
652752,2020,5,19,"2020-05-19","18:50:00",3,"TX",48,0,1.75,0,0,0,0,33.708,-102.0196,33.8237,-102.0277,0,0,0,0,0,303,0,0,0
652753,2020,5,19,"2020-05-19","19:00:00",3,"MT",30,0,0.75,0,0,0,0,46.17,-109.77,46.17,-109.77,0,0,0,0,0,97,0,0,0
652754,2020,5,19,"2020-05-19","19:35:00",3,"TX",48,0,1.5,0,0,0,0,34.07,-101.83,34.07,-101.83,0,0,0,0,0,189,0,0,0
652755,2020,5,19,"2020-05-19","19:50:00",3,"MT",30,0,0.88,0,0,0,0,46.35,-109.52,46.35,-109.52,0,0,0,0,0,107,0,0,0
652756,2020,5,19,"2020-05-19","20:25:00",3,"MT",30,0,1,0,0,0,0,46.53,-109.34,46.53,-109.34,0,0,0,0,0,37,0,0,0
652757,2020,5,19,"2020-05-19","20:30:00",3,"MT",30,0,1.25,0,0,0,0,47.0479,-109.4985,47.0479,-109.4985,0,0,0,0,0,27,0,0,0
652758,2020,5,19,"2020-05-19","20:42:00",3,"MT",30,0,0.75,0,0,0,0,45.79,-109.84,45.79,-109.84,0,0,0,0,0,97,0,0,0
652759,2020,5,19,"2020-05-19","20:45:00",3,"MT",30,0,1.75,0,0,0,0,46.61,-109.11,46.61,-109.11,0,0,0,0,0,37,0,0,0
652760,2020,5,20,"2020-05-20","00:17:00",3,"MT",30,0,0.75,0,0,0,0,45.71,-109.54,45.71,-109.54,0,0,0,0,0,95,0,0,0
652761,2020,5,20,"2020-05-20","00:47:00",3,"MT",30,0,1.25,0,0,0,0,45.97,-109.26,45.97,-109.26,0,0,0,0,0,95,0,0,0
652762,2020,5,20,"2020-05-20","01:08:00",3,"MT",30,0,1.75,0,0,0,0,46.27,-109.23,46.27,-109.23,0,0,0,0,0,37,0,0,0
652763,2020,5,20,"2020-05-20","01:11:00",3,"MT",30,0,1,0,0,0,0,46.3,-109.26,46.3,-109.26,0,0,0,0,0,37,0,0,0
652764,2020,5,20,"2020-05-20","01:19:00",3,"MT",30,0,2.5,0,0,0,0,46.3,-108.94,46.3,-108.94,0,0,0,0,0,37,0,0,0
652765,2020,5,20,"2020-05-20","01:52:00",3,"MT",30,0,1,0,0,0,0,47.53,-111.5,47.53,-111.5,0,0,0,0,0,13,0,0,0
652766,2020,5,20,"2020-05-20","02:01:00",3,"MT",30,0,1.25,0,0,0,0,47.57,-111.5286,47.57,-111.5286,0,0,0,0,0,13,0,0,0
652767,2020,5,20,"2020-05-20","02:40:00",3,"MT",30,0,1.75,0,0,0,0,47,-108.35,47,-108.35,0,0,0,0,0,69,0,0,0
652768,2020,5,20,"2020-05-20","08:35:00",3,"LA",22,0,1,0,0,0,0,31.33,-93.4,31.33,-93.4,0,0,0,0,0,115,0,0,0
652769,2020,5,20,"2020-05-20","09:42:00",3,"SC",45,0,0.75,0,0,0,0,32.68,-80.17,32.68,-80.17,0,0,0,0,0,19,0,0,0
652770,2020,5,20,"2020-05-20","09:50:00",3,"SC",45,0,1.25,0,0,0,0,32.76,-80.11,32.76,-80.11,0,0,0,0,0,19,0,0,0
652771,2020,5,20,"2020-05-20","10:07:00",3,"SC",45,0,0.88,0,0,0,0,32.8097,-80.0747,32.8097,-80.0747,0,0,0,0,0,19,0,0,0
652772,2020,5,20,"2020-05-20","10:16:00",3,"SC",45,0,1,0,0,0,0,32.82,-80.07,32.82,-80.07,0,0,0,0,0,19,0,0,0
652773,2020,5,20,"2020-05-20","11:26:00",3,"SC",45,0,0.88,0,0,0,0,32.8,-79.9,32.8,-79.9,0,0,0,0,0,19,0,0,0
652774,2020,5,20,"2020-05-20","15:05:00",3,"WY",56,0,1,0,0,0,0,42.75,-105.4,42.75,-105.4,0,0,0,0,0,9,0,0,0
652775,2020,5,20,"2020-05-20","15:05:00",3,"WY",56,0,1.75,0,0,0,0,42.76,-105.39,42.76,-105.39,0,0,0,0,0,9,0,0,0
652776,2020,5,20,"2020-05-20","15:12:00",3,"TX",48,0,1,0,0,0,0,31.67,-100.99,31.67,-100.99,0,0,0,0,0,431,0,0,0
652777,2020,5,20,"2020-05-20","15:16:00",3,"FL",12,0,0.75,0,0,0,0,25.95,-80.32,25.95,-80.32,0,0,0,0,0,86,0,0,0
652778,2020,5,20,"2020-05-20","15:22:00",3,"WY",56,0,2,0,0,0,0,42.75,-105.37,42.75,-105.37,0,0,0,0,0,9,0,0,0
652779,2020,5,20,"2020-05-20","15:22:00",3,"FL",12,0,0.75,0,0,0,0,25.98,-80.15,25.98,-80.15,0,0,0,0,0,11,0,0,0
652780,2020,5,20,"2020-05-20","15:26:00",3,"LA",22,0,1.75,0,0,0,0,31.624,-93.3852,31.624,-93.3852,0,0,0,0,0,85,0,0,0
652781,2020,5,20,"2020-05-20","15:41:00",3,"WY",56,0,1,0,0,0,0,42.97,-105.51,42.97,-105.51,0,0,0,0,0,9,0,0,0
652782,2020,5,20,"2020-05-20","15:43:00",3,"TX",48,0,1.25,0,0,0,0,32.3,-101.3,32.3,-101.3,0,0,0,0,0,227,0,0,0
652783,2020,5,20,"2020-05-20","15:50:00",3,"TX",48,0,1.5,0,0,0,0,34.5296,-102.4075,34.5331,-102.3865,0,0,0,0,0,69,0,0,0
652784,2020,5,20,"2020-05-20","15:57:00",3,"WY",56,0,1.25,0,0,0,0,42.76,-105.39,42.76,-105.39,0,0,0,0,0,9,0,0,0
652785,2020,5,20,"2020-05-20","16:14:00",3,"WY",56,0,0.75,0,0,0,0,42.28,-105.05,42.28,-105.05,0,0,0,0,0,31,0,0,0
652786,2020,5,20,"2020-05-20","16:20:00",3,"WY",56,0,1,0,0,0,0,44.22,-105.37,44.22,-105.37,0,0,0,0,0,5,0,0,0
652787,2020,5,20,"2020-05-20","16:25:00",3,"WY",56,0,1,0,0,0,0,44.29,-105.34,44.29,-105.34,0,0,0,0,0,5,0,0,0
652788,2020,5,20,"2020-05-20","16:34:00",3,"MT",30,0,1.25,0,0,0,0,45.94,-105.65,45.94,-105.65,0,0,0,0,0,17,0,0,0
652789,2020,5,20,"2020-05-20","16:55:00",3,"WY",56,0,0.88,0,0,0,0,43.58,-104.74,43.58,-104.74,0,0,0,0,0,45,0,0,0
652790,2020,5,20,"2020-05-20","17:00:00",3,"WY",56,0,1,0,0,0,0,43.6488,-104.754,43.6488,-104.754,0,0,0,0,0,45,0,0,0
652791,2020,5,20,"2020-05-20","17:00:00",3,"TX",48,0,2.5,0,0,0,0,33.2107,-101.4167,33.248,-101.3913,0,0,0,0,0,169,0,0,0
652792,2020,5,20,"2020-05-20","17:05:00",3,"WY",56,0,0.88,0,0,0,0,44.6411,-105.2924,44.6411,-105.2924,0,0,0,0,0,5,0,0,0
652793,2020,5,20,"2020-05-20","17:05:00",3,"GA",13,0,1,0,0,0,0,31.86,-81.75,31.86,-81.75,0,0,0,0,0,183,0,0,0
652794,2020,5,20,"2020-05-20","17:09:00",3,"WY",56,0,0.88,0,0,0,0,44.6835,-105.3612,44.6835,-105.3612,0,0,0,0,0,5,0,0,0
652795,2020,5,20,"2020-05-20","17:25:00",3,"MT",30,0,2,0,0,0,0,46.23,-106.05,46.23,-106.05,0,0,0,0,0,17,0,0,0
652796,2020,5,20,"2020-05-20","17:30:00",3,"MT",30,0,0.88,0,0,0,0,46.22,-105.69,46.22,-105.69,0,0,0,0,0,17,0,0,0
652797,2020,5,20,"2020-05-20","17:40:00",3,"TX",48,0,1,0,0,0,0,34.437,-102.1794,34.437,-102.1794,0,0,0,0,0,69,0,0,0
652798,2020,5,20,"2020-05-20","17:45:00",3,"MT",30,0,1,0,0,0,0,46.31,-105.76,46.31,-105.76,0,0,0,0,0,17,0,0,0
652799,2020,5,20,"2020-05-20","17:46:00",3,"TX",48,0,3,0,0,1e+08,0,33.4807,-101.8568,33.67,-101.82,0,0,0,0,0,303,0,0,0
652800,2020,5,20,"2020-05-20","17:50:00",3,"WY",56,0,0.88,0,0,0,0,42.07,-104.18,42.07,-104.18,0,0,0,0,0,15,0,0,0
652801,2020,5,20,"2020-05-20","17:58:00",3,"MT",30,0,1.5,0,0,0,0,46.43,-105.74,46.43,-105.74,0,0,0,0,0,17,0,0,0
652802,2020,5,20,"2020-05-20","17:58:00",3,"MT",30,0,2,0,0,0,0,46.4,-105.62,46.4,-105.62,0,0,0,0,0,17,0,0,0
652803,2020,5,20,"2020-05-20","18:05:00",3,"MT",30,0,1.5,0,0,0,0,46.42,-105.69,46.42,-105.69,0,0,0,0,0,17,0,0,0
652804,2020,5,20,"2020-05-20","18:05:00",3,"MT",30,0,0.75,0,0,0,0,45.37,-105.04,45.37,-105.04,0,0,0,0,0,75,0,0,0
652805,2020,5,20,"2020-05-20","18:09:00",3,"MT",30,0,2.5,0,0,0,0,46.51,-105.7,46.51,-105.7,0,0,0,0,0,17,0,0,0
652806,2020,5,20,"2020-05-20","18:20:00",3,"MT",30,0,2,0,0,0,0,46.56,-105.63,46.56,-105.63,0,0,0,0,0,17,0,0,0
652807,2020,5,20,"2020-05-20","18:30:00",3,"MT",30,0,1.75,0,0,0,0,46.57,-105.68,46.57,-105.68,0,0,0,0,0,17,0,0,0
652808,2020,5,20,"2020-05-20","18:33:00",3,"TX",48,0,1.25,0,0,0,0,33.83,-101.85,33.83,-101.85,0,0,0,0,0,189,0,0,0
652809,2020,5,20,"2020-05-20","18:40:00",3,"SD",46,0,0.88,0,0,0,0,44.35,-103.77,44.35,-103.77,0,0,0,0,0,81,0,0,0
652810,2020,5,20,"2020-05-20","18:44:00",3,"SD",46,0,0.88,0,0,0,0,44.37,-103.77,44.37,-103.77,0,0,0,0,0,81,0,0,0
652811,2020,5,20,"2020-05-20","18:48:00",3,"TX",48,0,1.25,0,0,0,0,33.77,-102.1,33.77,-102.1,0,0,0,0,0,219,0,0,0
652812,2020,5,20,"2020-05-20","18:53:00",3,"TX",48,0,0.88,0,0,0,0,31.2,-101.47,31.2,-101.47,0,0,0,0,0,383,0,0,0
652813,2020,5,20,"2020-05-20","19:02:00",3,"TX",48,0,1,0,0,0,0,34.0553,-101.7,34.0553,-101.7,0,0,0,0,0,189,0,0,0
652814,2020,5,20,"2020-05-20","19:18:00",3,"MT",30,0,1,0,0,0,0,46.95,-105.8,46.95,-105.8,0,0,0,0,0,79,0,0,0
652815,2020,5,20,"2020-05-20","19:30:00",3,"TX",48,0,1.5,0,0,0,0,34.1762,-101.6259,34.1762,-101.6259,0,0,0,0,0,189,0,0,0
652816,2020,5,20,"2020-05-20","20:50:00",3,"CO",8,0,1.25,0,0,0,0,40.64,-104.18,40.64,-104.18,0,0,0,0,0,123,0,0,0
652817,2020,5,20,"2020-05-20","21:02:00",3,"MT",30,0,1,0,0,0,0,48.2,-106.63,48.2,-106.63,0,0,0,0,0,105,0,0,0
652818,2020,5,20,"2020-05-20","21:05:00",3,"CO",8,0,1.5,0,0,0,0,40.64,-104.18,40.64,-104.18,0,0,0,0,0,123,0,0,0
652819,2020,5,20,"2020-05-20","21:11:00",3,"TX",48,0,1,0,0,0,0,34.5066,-100.43,34.5066,-100.43,0,0,0,0,0,191,0,0,0
652820,2020,5,20,"2020-05-20","21:15:00",3,"MT",30,0,1,0,0,0,0,48.2,-106.63,48.2,-106.63,0,0,0,0,0,105,0,0,0
652821,2020,5,21,"2020-05-21","00:32:00",3,"OK",40,0,1,0,0,0,0,34.79,-98.56,34.79,-98.56,0,0,0,0,0,31,0,0,0
652822,2020,5,21,"2020-05-21","00:32:00",3,"OK",40,0,1,0,0,0,0,34.8,-98.59,34.8,-98.59,0,0,0,0,0,31,0,0,0
652823,2020,5,21,"2020-05-21","03:20:00",3,"NE",31,0,1,0,0,0,0,41.18,-100.91,41.18,-100.91,0,0,0,0,0,111,0,0,0
652824,2020,5,21,"2020-05-21","11:30:00",3,"FL",12,0,1,0,0,0,0,25.91,-80.38,25.91,-80.38,0,0,0,0,0,86,0,0,0
652825,2020,5,21,"2020-05-21","11:33:00",3,"FL",12,0,0.88,0,0,0,0,25.93,-80.37,25.93,-80.37,0,0,0,0,0,86,0,0,0
652826,2020,5,21,"2020-05-21","11:40:00",3,"FL",12,0,0.88,0,0,0,0,26.2712,-80.2947,26.2712,-80.2947,0,0,0,0,0,11,0,0,0
652827,2020,5,21,"2020-05-21","11:55:00",3,"FL",12,0,1,0,0,0,0,26.25,-80.27,26.25,-80.27,0,0,0,0,0,11,0,0,0
652828,2020,5,21,"2020-05-21","12:05:00",3,"FL",12,0,1,0,0,0,0,26.28,-80.28,26.28,-80.28,0,0,0,0,0,11,0,0,0
652829,2020,5,21,"2020-05-21","12:10:00",3,"FL",12,0,0.75,0,0,0,0,26.67,-80.25,26.67,-80.25,0,0,0,0,0,99,0,0,0
652830,2020,5,21,"2020-05-21","12:12:00",3,"FL",12,0,0.88,0,0,0,0,26.21,-80.27,26.21,-80.27,0,0,0,0,0,11,0,0,0
652831,2020,5,21,"2020-05-21","12:45:00",3,"FL",12,0,0.88,0,0,0,0,26.12,-80.4,26.12,-80.4,0,0,0,0,0,11,0,0,0
652832,2020,5,21,"2020-05-21","14:03:00",3,"FL",12,0,1,0,0,0,0,27.31,-80.43,27.31,-80.43,0,0,0,0,0,111,0,0,0
652833,2020,5,21,"2020-05-21","14:08:00",3,"FL",12,0,1,0,0,0,0,27.31,-80.4,27.31,-80.4,0,0,0,0,0,111,0,0,0
652834,2020,5,21,"2020-05-21","14:45:00",3,"FL",12,0,1,0,0,0,0,27.2445,-80.9786,27.2445,-80.9786,0,0,0,0,0,93,0,0,0
652835,2020,5,21,"2020-05-21","15:00:00",3,"FL",12,0,1,0,0,0,0,30.52,-81.54,30.52,-81.54,0,0,0,0,0,31,0,0,0
652836,2020,5,21,"2020-05-21","15:15:00",3,"FL",12,0,1,0,0,0,0,30.63,-81.53,30.63,-81.53,0,0,0,0,0,89,0,0,0
652837,2020,5,21,"2020-05-21","15:20:00",3,"FL",12,0,0.75,0,0,0,0,30.47,-81.63,30.47,-81.63,0,0,0,0,0,31,0,0,0
652838,2020,5,21,"2020-05-21","15:20:00",3,"FL",12,0,0.75,0,0,0,0,30.66,-81.45,30.66,-81.45,0,0,0,0,0,89,0,0,0
652839,2020,5,21,"2020-05-21","15:47:00",3,"CO",8,0,1.5,0,0,0,0,37.99,-102.31,37.99,-102.31,0,0,0,0,0,99,0,0,0
652840,2020,5,21,"2020-05-21","15:50:00",3,"TX",48,0,1,0,0,0,0,33.1917,-94.3542,33.1917,-94.3542,0,0,0,0,0,67,0,0,0
652841,2020,5,21,"2020-05-21","16:15:00",3,"FL",12,0,1.75,0,0,0,0,28.37,-81.33,28.37,-81.33,0,0,0,0,0,95,0,0,0
652842,2020,5,21,"2020-05-21","16:18:00",3,"FL",12,0,1,0,0,0,0,28.34,-81.33,28.34,-81.33,0,0,0,0,0,97,0,0,0
652843,2020,5,21,"2020-05-21","16:18:00",3,"CO",8,0,2.75,0,0,0,0,38.05,-102.14,38.05,-102.14,0,0,0,0,0,99,0,0,0
652844,2020,5,21,"2020-05-21","16:20:00",3,"FL",12,0,0.88,0,0,0,0,28.4,-81.25,28.4,-81.25,0,0,0,0,0,95,0,0,0
652845,2020,5,21,"2020-05-21","16:22:00",3,"FL",12,0,1.75,0,0,0,0,28.34,-81.34,28.34,-81.34,0,0,0,0,0,97,0,0,0
652846,2020,5,21,"2020-05-21","16:28:00",3,"CO",8,0,2.75,0,0,0,0,38.06,-102.13,38.06,-102.13,0,0,0,0,0,99,0,0,0
652847,2020,5,21,"2020-05-21","16:44:00",3,"KS",20,0,1.75,0,0,0,0,38.04,-102.01,38.04,-102.01,0,0,0,0,0,75,0,0,0
652848,2020,5,21,"2020-05-21","16:47:00",3,"CO",8,0,1.25,0,0,0,0,38.12,-102.31,38.12,-102.31,0,0,0,0,0,99,0,0,0
652849,2020,5,21,"2020-05-21","16:50:00",3,"CO",8,0,1,0,0,0,0,38.09,-102.31,38.09,-102.31,0,0,0,0,0,99,0,0,0
652850,2020,5,21,"2020-05-21","16:51:00",3,"KS",20,0,3,0,0,0,0,38.04,-102.01,38.04,-102.01,0,0,0,0,0,75,0,0,0
652851,2020,5,21,"2020-05-21","17:05:00",3,"KS",20,0,1.5,0,0,0,0,37.96,-101.64,37.96,-101.64,0,0,0,0,0,75,0,0,0
652852,2020,5,21,"2020-05-21","17:17:00",3,"FL",12,0,0.75,0,0,0,0,28.53,-81.25,28.53,-81.25,0,0,0,0,0,95,0,0,0
652853,2020,5,21,"2020-05-21","17:18:00",3,"FL",12,0,1.25,0,0,0,0,28.51,-81.24,28.51,-81.24,0,0,0,0,0,95,0,0,0
652854,2020,5,21,"2020-05-21","17:20:00",3,"FL",12,0,1,0,0,0,0,28.5,-81.23,28.5,-81.23,0,0,0,0,0,95,0,0,0
652855,2020,5,21,"2020-05-21","17:20:00",3,"KS",20,0,1.25,0,0,0,0,37.98,-101.66,37.98,-101.66,0,0,0,0,0,75,0,0,0
652856,2020,5,21,"2020-05-21","17:30:00",3,"FL",12,0,1.75,0,0,0,0,28.75,-81.28,28.75,-81.28,0,0,0,0,0,117,0,0,0
652857,2020,5,21,"2020-05-21","17:34:00",3,"TX",48,0,1,0,0,0,0,32.581,-100.7661,32.581,-100.7661,0,0,0,0,0,415,0,0,0
652858,2020,5,21,"2020-05-21","17:35:00",3,"KS",20,0,1,0,0,0,0,37.91,-101.75,37.91,-101.75,0,0,0,0,0,75,0,0,0
652859,2020,5,21,"2020-05-21","17:35:00",3,"KS",20,0,1.75,0,0,0,0,37.96,-101.54,37.96,-101.54,0,0,0,0,0,75,0,0,0
652860,2020,5,21,"2020-05-21","17:38:00",3,"AR",5,0,1,0,0,0,0,33.3153,-93.4977,33.3153,-93.4977,0,0,0,0,0,73,0,0,0
652861,2020,5,21,"2020-05-21","17:40:00",3,"FL",12,0,2,0,0,0,0,28.77,-81.3,28.77,-81.3,0,0,0,0,0,117,0,0,0
652862,2020,5,21,"2020-05-21","17:41:00",3,"KS",20,0,1.5,0,0,0,0,37.83,-101.6,37.83,-101.6,0,0,0,0,0,75,0,0,0
652863,2020,5,21,"2020-05-21","17:41:00",3,"KS",20,0,1,0,0,0,0,37.9,-101.76,37.9,-101.76,0,0,0,0,0,75,0,0,0
652864,2020,5,21,"2020-05-21","17:41:00",3,"FL",12,0,1.25,0,0,0,0,28.75,-81.3,28.75,-81.3,0,0,0,0,0,117,0,0,0
652865,2020,5,21,"2020-05-21","17:42:00",3,"FL",12,0,2,0,0,0,0,28.74,-81.32,28.74,-81.32,0,0,0,0,0,117,0,0,0
652866,2020,5,21,"2020-05-21","17:42:00",3,"FL",12,0,2,0,0,0,0,28.76,-81.32,28.76,-81.32,0,0,0,0,0,117,0,0,0
652867,2020,5,21,"2020-05-21","17:42:00",3,"FL",12,0,1.5,0,0,0,0,28.79,-81.28,28.79,-81.28,0,0,0,0,0,117,0,0,0
652868,2020,5,21,"2020-05-21","17:43:00",3,"TX",48,0,1.75,0,0,0,0,33.15,-100.23,33.15,-100.23,0,0,0,0,0,433,0,0,0
652869,2020,5,21,"2020-05-21","17:45:00",3,"FL",12,0,1.75,0,0,0,0,28.79,-81.31,28.79,-81.31,0,0,0,0,0,117,0,0,0
652870,2020,5,21,"2020-05-21","17:45:00",3,"FL",12,0,1.75,0,0,0,0,28.77,-81.3,28.77,-81.3,0,0,0,0,0,117,0,0,0
652871,2020,5,21,"2020-05-21","17:45:00",3,"FL",12,0,2,0,0,0,0,28.78,-81.32,28.78,-81.32,0,0,0,0,0,117,0,0,0
652872,2020,5,21,"2020-05-21","17:45:00",3,"FL",12,0,2.5,0,0,0,0,28.76,-81.3,28.76,-81.3,0,0,0,0,0,117,0,0,0
652873,2020,5,21,"2020-05-21","17:45:00",3,"FL",12,0,1.75,0,0,0,0,28.81,-81.31,28.81,-81.31,0,0,0,0,0,117,0,0,0
652874,2020,5,21,"2020-05-21","17:45:00",3,"FL",12,0,2,0,0,0,0,28.8,-81.33,28.8,-81.33,0,0,0,0,0,117,0,0,0
652875,2020,5,21,"2020-05-21","17:48:00",3,"FL",12,0,1,0,0,0,0,28.79,-81.28,28.79,-81.28,0,0,0,0,0,117,0,0,0
652876,2020,5,21,"2020-05-21","17:50:00",3,"FL",12,0,3,0,0,0,0,28.79,-81.32,28.79,-81.32,0,0,0,0,0,117,0,0,0
652877,2020,5,21,"2020-05-21","17:51:00",3,"KS",20,0,1.25,0,0,0,0,37.94,-101.32,37.94,-101.32,0,0,0,0,0,93,0,0,0
652878,2020,5,21,"2020-05-21","17:52:00",3,"KS",20,0,2.75,0,0,0,0,37.94,-101.54,37.94,-101.54,0,0,0,0,0,75,0,0,0
652879,2020,5,21,"2020-05-21","17:53:00",3,"KS",20,0,1.5,0,0,0,0,37.94,-101.26,37.94,-101.26,0,0,0,0,0,93,0,0,0
652880,2020,5,21,"2020-05-21","17:56:00",3,"KS",20,0,1,0,0,0,0,37.94,-101.26,37.94,-101.26,0,0,0,0,0,93,0,0,0
652881,2020,5,21,"2020-05-21","18:00:00",3,"FL",12,0,0.75,0,0,0,0,28.81,-81.27,28.81,-81.27,0,0,0,0,0,117,0,0,0
652882,2020,5,21,"2020-05-21","18:02:00",3,"TX",48,0,1,0,0,0,0,31.45,-100.45,31.45,-100.45,0,0,0,0,0,451,0,0,0
652883,2020,5,21,"2020-05-21","18:08:00",3,"KS",20,0,1,0,0,0,0,37.27,-100.86,37.27,-100.86,0,0,0,0,0,175,0,0,0
652884,2020,5,21,"2020-05-21","18:11:00",3,"KS",20,0,1.25,0,0,0,0,37.31,-100.9,37.31,-100.9,0,0,0,0,0,175,0,0,0
652885,2020,5,21,"2020-05-21","18:15:00",3,"KS",20,0,1.25,0,0,0,0,37.3,-100.87,37.3,-100.87,0,0,0,0,0,175,0,0,0
652886,2020,5,21,"2020-05-21","18:15:00",3,"FL",12,0,1,0,0,0,0,28.95,-81.19,28.95,-81.19,0,0,0,0,0,127,0,0,0
652887,2020,5,21,"2020-05-21","18:16:00",3,"AR",5,0,1.25,0,0,0,0,33.2671,-93.2409,33.2671,-93.2409,0,0,0,0,0,27,0,0,0
652888,2020,5,21,"2020-05-21","18:17:00",3,"KS",20,0,1.75,0,0,0,0,37.31,-100.87,37.31,-100.87,0,0,0,0,0,175,0,0,0
652889,2020,5,21,"2020-05-21","18:18:00",3,"KS",20,0,1.75,0,0,0,0,37.73,-101.76,37.73,-101.76,0,0,0,0,0,187,0,0,0
652890,2020,5,21,"2020-05-21","18:20:00",3,"KS",20,0,2,0,0,0,0,37.31,-100.87,37.31,-100.87,0,0,0,0,0,175,0,0,0
652891,2020,5,21,"2020-05-21","18:23:00",3,"KS",20,0,2.5,0,0,0,0,37.36,-100.87,37.36,-100.87,0,0,0,0,0,175,0,0,0
652892,2020,5,21,"2020-05-21","18:26:00",3,"KS",20,0,1.75,0,0,0,0,37.33,-100.85,37.33,-100.85,0,0,0,0,0,175,0,0,0
652893,2020,5,21,"2020-05-21","18:27:00",3,"KS",20,0,2,0,0,0,0,37.31,-101.87,37.31,-101.87,0,0,0,0,0,129,0,0,0
652894,2020,5,21,"2020-05-21","18:30:00",3,"TX",48,0,1.75,0,0,0,0,31.43,-100.51,31.43,-100.51,0,0,0,0,0,451,0,0,0
652895,2020,5,21,"2020-05-21","18:33:00",3,"KS",20,0,2.5,0,0,0,0,37.35,-100.87,37.35,-100.87,0,0,0,0,0,175,0,0,0
652896,2020,5,21,"2020-05-21","18:33:00",3,"TX",48,0,1,0,0,0,0,31.52,-100.5,31.52,-100.5,0,0,0,0,0,451,0,0,0
652897,2020,5,21,"2020-05-21","18:34:00",3,"TX",48,0,1.75,0,0,0,0,31.52,-100.48,31.52,-100.48,0,0,0,0,0,451,0,0,0
652898,2020,5,21,"2020-05-21","18:35:00",3,"TX",48,0,1.75,0,0,0,0,31.54,-100.52,31.54,-100.52,0,0,0,0,0,451,0,0,0
652899,2020,5,21,"2020-05-21","18:36:00",3,"TX",48,0,1.75,0,0,0,0,31.44,-100.44,31.44,-100.44,0,0,0,0,0,451,0,0,0
652900,2020,5,21,"2020-05-21","18:40:00",3,"TX",48,0,1.75,0,0,0,0,31.44,-100.48,31.44,-100.48,0,0,0,0,0,451,0,0,0
652901,2020,5,21,"2020-05-21","18:41:00",3,"TX",48,0,2.75,0,0,0,0,31.47,-100.42,31.47,-100.42,0,0,0,0,0,451,0,0,0
652902,2020,5,21,"2020-05-21","18:46:00",3,"TX",48,0,3,0,0,0,0,31.45,-100.43,31.45,-100.43,0,0,0,0,0,451,0,0,0
652903,2020,5,21,"2020-05-21","18:49:00",3,"TX",48,0,3,0,0,0,0,31.43,-100.51,31.43,-100.51,0,0,0,0,0,451,0,0,0
652904,2020,5,21,"2020-05-21","18:54:00",3,"TX",48,0,1.75,0,0,0,0,31.44,-100.43,31.44,-100.43,0,0,0,0,0,451,0,0,0
652905,2020,5,21,"2020-05-21","18:59:00",3,"KS",20,0,1,0,0,0,0,37.59,-101.71,37.59,-101.71,0,0,0,0,0,187,0,0,0
652906,2020,5,21,"2020-05-21","19:00:00",3,"TX",48,0,2.5,0,0,0,0,31.47,-100.43,31.47,-100.43,0,0,0,0,0,451,0,0,0
652907,2020,5,21,"2020-05-21","19:02:00",3,"TX",48,0,1,0,0,0,0,33.42,-99.82,33.42,-99.82,0,0,0,0,0,275,0,0,0
652908,2020,5,21,"2020-05-21","19:10:00",3,"KS",20,0,2.5,0,0,0,0,37.48,-100.83,37.48,-100.83,0,0,0,0,0,81,0,0,0
652909,2020,5,21,"2020-05-21","19:10:00",3,"TX",48,0,4,0,0,0,0,31.49,-100.43,31.49,-100.43,0,0,0,0,0,451,0,0,0
652910,2020,5,21,"2020-05-21","19:15:00",3,"KS",20,0,2,0,0,0,0,37.34,-101.21,37.34,-101.21,0,0,0,0,0,189,0,0,0
652911,2020,5,21,"2020-05-21","19:15:00",3,"TX",48,0,1.75,0,0,0,0,32.54,-100.35,32.54,-100.35,0,0,0,0,0,151,0,0,0
652912,2020,5,21,"2020-05-21","19:20:00",3,"KS",20,0,2,0,0,0,0,37.4,-101.21,37.4,-101.21,0,0,0,0,0,67,0,0,0
652913,2020,5,21,"2020-05-21","19:30:00",3,"KS",20,0,0.75,0,0,0,0,37.55,-100.87,37.55,-100.87,0,0,0,0,0,81,0,0,0
652914,2020,5,21,"2020-05-21","19:34:00",3,"TX",48,0,1.75,0,0,0,0,31.47,-100.37,31.47,-100.37,0,0,0,0,0,451,0,0,0
652915,2020,5,21,"2020-05-21","19:38:00",3,"TX",48,0,1,0,0,0,0,31.37,-100.26,31.37,-100.26,0,0,0,0,0,451,0,0,0
652916,2020,5,21,"2020-05-21","19:48:00",3,"KS",20,0,0.75,0,0,0,0,39.0682,-100.237,39.0682,-100.237,0,0,0,0,0,63,0,0,0
652917,2020,5,21,"2020-05-21","19:50:00",3,"KS",20,0,1.25,0,0,0,0,37.58,-101.37,37.58,-101.37,0,0,0,0,0,67,0,0,0
652918,2020,5,21,"2020-05-21","19:51:00",3,"TX",48,0,3,0,0,0,0,31.57,-100.49,31.57,-100.49,0,0,0,0,0,451,0,0,0
652919,2020,5,21,"2020-05-21","19:55:00",3,"KS",20,0,2,0,0,0,0,37.46,-101.11,37.46,-101.11,0,0,0,0,0,67,0,0,0
652920,2020,5,21,"2020-05-21","19:55:00",3,"TX",48,0,3,0,0,0,0,31.52,-100.36,31.52,-100.36,0,0,0,0,0,451,0,0,0
652921,2020,5,21,"2020-05-21","21:00:00",3,"TX",48,0,1.75,0,0,0,0,31.38,-100.31,31.38,-100.31,0,0,0,0,0,451,0,0,0
652922,2020,5,21,"2020-05-21","21:15:00",3,"TX",48,0,1,0,0,0,0,31.38,-100.31,31.38,-100.31,0,0,0,0,0,451,0,0,0
652923,2020,5,21,"2020-05-21","21:16:00",3,"KS",20,0,1,0,0,0,0,37.59,-100.74,37.59,-100.74,0,0,0,0,0,81,0,0,0
652924,2020,5,21,"2020-05-21","21:30:00",3,"TX",48,0,1,0,0,0,0,32.46,-99.87,32.46,-99.87,0,0,0,0,0,441,0,0,0
652925,2020,5,21,"2020-05-21","21:31:00",3,"KS",20,0,1.5,0,0,0,0,37.81,-100.44,37.81,-100.44,0,0,0,0,0,69,0,0,0
652926,2020,5,21,"2020-05-21","21:31:00",3,"KS",20,0,1.5,0,0,0,0,37.81,-100.41,37.81,-100.41,0,0,0,0,0,69,0,0,0
652927,2020,5,21,"2020-05-21","21:35:00",3,"KS",20,0,1,0,0,0,0,37.83,-100.45,37.83,-100.45,0,0,0,0,0,69,0,0,0
652928,2020,5,21,"2020-05-21","21:35:00",3,"KS",20,0,1,0,0,0,0,37.84,-100.45,37.84,-100.45,0,0,0,0,0,69,0,0,0
652929,2020,5,21,"2020-05-21","21:38:00",3,"TX",48,0,1.5,0,0,0,0,32.46,-99.87,32.46,-99.87,0,0,0,0,0,441,0,0,0
652930,2020,5,21,"2020-05-21","21:40:00",3,"TX",48,0,2,0,0,0,0,32.46,-99.87,32.46,-99.87,0,0,0,0,0,441,0,0,0
652931,2020,5,21,"2020-05-21","22:09:00",3,"TX",48,0,0.88,0,0,0,0,32.48,-99.73,32.48,-99.73,0,0,0,0,0,441,0,0,0
652932,2020,5,21,"2020-05-21","22:10:00",3,"TX",48,0,1,0,0,0,0,32.73,-99.3,32.73,-99.3,0,0,0,0,0,417,0,0,0
652933,2020,5,22,"2020-05-22","00:54:00",3,"TX",48,0,1,0,0,0,0,32.48,-97.78,32.48,-97.78,0,0,0,0,0,221,0,0,0
652934,2020,5,22,"2020-05-22","00:57:00",3,"TX",48,0,0.75,0,0,0,0,32.44,-97.71,32.44,-97.71,0,0,0,0,0,221,0,0,0
652935,2020,5,22,"2020-05-22","08:50:00",3,"MO",29,0,0.88,0,0,0,0,36.75,-94.09,36.75,-94.09,0,0,0,0,0,145,0,0,0
652936,2020,5,22,"2020-05-22","08:51:00",3,"MO",29,0,1,0,0,0,0,36.75,-94.09,36.75,-94.09,0,0,0,0,0,145,0,0,0
652937,2020,5,22,"2020-05-22","08:51:00",3,"AR",5,0,0.75,0,0,0,0,36.4398,-93.4427,36.4398,-93.4427,0,0,0,0,0,15,0,0,0
652938,2020,5,22,"2020-05-22","11:05:00",3,"GA",13,0,1.75,0,0,5e+06,0,34.1853,-84.2101,34.2253,-84.14,0,0,0,0,0,117,0,0,0
652939,2020,5,22,"2020-05-22","12:20:00",3,"GA",13,0,1,0,0,0,0,34.12,-83.33,34.12,-83.33,0,0,0,0,0,195,0,0,0
652940,2020,5,22,"2020-05-22","13:29:00",3,"AR",5,0,0.75,0,0,0,0,34.97,-92.02,34.97,-92.02,0,0,0,0,0,85,0,0,0
652941,2020,5,22,"2020-05-22","14:03:00",3,"AR",5,0,1,0,0,0,0,35.02,-91.46,35.02,-91.46,0,0,0,0,0,117,0,0,0
652942,2020,5,22,"2020-05-22","14:14:00",3,"SC",45,0,1,0,0,0,0,33.67,-81.67,33.67,-81.67,0,0,0,0,0,3,0,0,0
652943,2020,5,22,"2020-05-22","14:25:00",3,"FL",12,0,0.75,0,0,0,0,26.24,-81.69,26.24,-81.69,0,0,0,0,0,21,0,0,0
652944,2020,5,22,"2020-05-22","14:30:00",3,"AL",1,0,1,0,0,0,0,32.73,-85.26,32.73,-85.26,0,0,0,0,0,81,0,0,0
652945,2020,5,22,"2020-05-22","14:35:00",3,"MS",28,0,1.75,0,0,10000,0,31.8275,-89.1347,31.8275,-89.1347,0,0,0,0,0,61,0,0,0
652946,2020,5,22,"2020-05-22","14:58:00",3,"FL",12,0,0.88,0,0,0,0,30.11,-81.85,30.11,-81.85,0,0,0,0,0,19,0,0,0
652947,2020,5,22,"2020-05-22","15:02:00",3,"FL",12,0,1,0,0,0,0,26.62,-81.98,26.62,-81.98,0,0,0,0,0,71,0,0,0
652948,2020,5,22,"2020-05-22","15:03:00",3,"FL",12,0,0.88,0,0,0,0,30.16,-81.85,30.16,-81.85,0,0,0,0,0,19,0,0,0
652949,2020,5,22,"2020-05-22","15:05:00",3,"SC",45,0,0.25,0,0,10,100,33.9465,-81.8558,33.9465,-81.8558,0,0,0,0,0,81,0,0,0
652950,2020,5,22,"2020-05-22","15:12:00",3,"AL",1,0,1,0,0,0,0,32.03,-86.16,32.03,-86.16,0,0,0,0,0,101,0,0,0
652951,2020,5,22,"2020-05-22","15:17:00",3,"SC",45,0,1,0,0,0,0,34.13,-80.95,34.13,-80.95,0,0,0,0,0,79,0,0,0
652952,2020,5,22,"2020-05-22","15:18:00",3,"SC",45,0,1.5,0,0,0,0,33.63,-80.85,33.63,-80.85,0,0,0,0,0,17,0,0,0
652953,2020,5,22,"2020-05-22","15:40:00",3,"FL",12,0,0.88,0,0,0,0,29.09,-82.26,29.09,-82.26,0,0,0,0,0,83,0,0,0
652954,2020,5,22,"2020-05-22","15:41:00",3,"SC",45,0,0.88,0,0,0,0,34.2,-80.81,34.2,-80.81,0,0,0,0,0,55,0,0,0
652955,2020,5,22,"2020-05-22","15:47:00",3,"FL",12,0,1,0,0,0,0,28.58,-81.57,28.58,-81.57,0,0,0,0,0,95,0,0,0
652956,2020,5,22,"2020-05-22","15:50:00",3,"FL",12,0,1,0,0,0,0,28.62,-81.5,28.62,-81.5,0,0,0,0,0,95,0,0,0
652957,2020,5,22,"2020-05-22","15:50:00",3,"AL",1,0,1,0,0,0,0,33.1,-86.25,33.1,-86.25,0,0,0,0,0,37,0,0,0
652958,2020,5,22,"2020-05-22","15:55:00",3,"AL",1,0,1.75,0,0,0,0,33.14,-86.78,33.14,-86.78,0,0,0,0,0,117,0,0,0
652959,2020,5,22,"2020-05-22","15:55:00",3,"AL",1,0,1.25,0,0,0,0,33.14,-86.77,33.14,-86.77,0,0,0,0,0,117,0,0,0
652960,2020,5,22,"2020-05-22","15:55:00",3,"AL",1,0,1,0,0,0,0,33.1784,-86.7831,33.1784,-86.7831,0,0,0,0,0,117,0,0,0
652961,2020,5,22,"2020-05-22","15:55:00",3,"AL",1,0,1,0,0,0,0,33.4,-86.14,33.4,-86.14,0,0,0,0,0,121,0,0,0
652962,2020,5,22,"2020-05-22","16:00:00",3,"AL",1,0,1,0,0,0,0,32.73,-88.17,32.73,-88.17,0,0,0,0,0,119,0,0,0
652963,2020,5,22,"2020-05-22","16:04:00",3,"SC",45,0,1.5,0,0,0,0,33.57,-80.55,33.57,-80.55,0,0,0,0,0,17,0,0,0
652964,2020,5,22,"2020-05-22","16:05:00",3,"AL",1,0,1.25,0,0,0,0,33.3921,-86.036,33.3921,-86.036,0,0,0,0,0,121,0,0,0
652965,2020,5,22,"2020-05-22","16:07:00",3,"SC",45,0,0.75,0,0,0,0,33.07,-81.48,33.07,-81.48,0,0,0,0,0,5,0,0,0
652966,2020,5,22,"2020-05-22","16:17:00",3,"OK",40,0,1,0,0,0,0,34.34,-98.87,34.34,-98.87,0,0,0,0,0,141,0,0,0
652967,2020,5,22,"2020-05-22","16:20:00",3,"GA",13,0,1.75,0,0,15000,0,32.0659,-84.5367,32.0659,-84.5367,0,0,0,0,0,307,0,0,0
652968,2020,5,22,"2020-05-22","16:24:00",3,"SC",45,0,1,0,0,0,0,33.97,-80.47,33.97,-80.47,0,0,0,0,0,85,0,0,0
652969,2020,5,22,"2020-05-22","16:26:00",3,"OK",40,0,4,0,0,0,0,34.25,-98.95,34.25,-98.95,0,0,0,0,0,141,0,0,0
652970,2020,5,22,"2020-05-22","16:35:00",3,"OK",40,0,2,0,0,0,0,34.24,-98.92,34.24,-98.92,0,0,0,0,0,141,0,0,0
652971,2020,5,22,"2020-05-22","16:40:00",3,"OK",40,0,1.5,0,0,0,0,34.28,-98.87,34.28,-98.87,0,0,0,0,0,141,0,0,0
652972,2020,5,22,"2020-05-22","16:44:00",3,"SC",45,0,0.88,0,0,0,0,33.38,-81.38,33.38,-81.38,0,0,0,0,0,11,0,0,0
652973,2020,5,22,"2020-05-22","16:52:00",3,"OK",40,0,2.5,0,0,0,0,34.24,-99.08,34.24,-99.08,0,0,0,0,0,141,0,0,0
652974,2020,5,22,"2020-05-22","16:52:00",3,"OK",40,0,1,0,0,0,0,34.23,-98.81,34.23,-98.81,0,0,0,0,0,141,0,0,0
652975,2020,5,22,"2020-05-22","16:57:00",3,"OK",40,0,0.88,0,0,0,0,34.21,-98.64,34.21,-98.64,0,0,0,0,0,141,0,0,0
652976,2020,5,22,"2020-05-22","17:00:00",3,"AL",1,0,1,0,0,0,0,33.52,-86.83,33.52,-86.83,0,0,0,0,0,73,0,0,0
652977,2020,5,22,"2020-05-22","17:03:00",3,"OK",40,0,0.75,0,0,0,0,34.63,-98.62,34.63,-98.62,0,0,0,0,0,31,0,0,0
652978,2020,5,22,"2020-05-22","17:05:00",3,"SC",45,0,1.75,0,0,0,0,32.96,-81.24,32.96,-81.24,0,0,0,0,0,5,0,0,0
652979,2020,5,22,"2020-05-22","17:11:00",3,"OK",40,0,1,0,0,0,0,34.63,-98.62,34.63,-98.62,0,0,0,0,0,31,0,0,0
652980,2020,5,22,"2020-05-22","17:15:00",3,"OK",40,0,1,0,0,0,0,34.62,-98.75,34.62,-98.75,0,0,0,0,0,31,0,0,0
652981,2020,5,22,"2020-05-22","17:29:00",3,"TX",48,0,3,0,0,0,0,34.12,-98.68,34.12,-98.68,0,0,0,0,0,485,0,0,0
652982,2020,5,22,"2020-05-22","17:30:00",3,"TX",48,0,1.25,0,0,0,0,34.08,-98.63,34.08,-98.63,0,0,0,0,0,485,0,0,0
652983,2020,5,22,"2020-05-22","17:32:00",3,"NC",37,0,0.88,0,0,0,0,34.6366,-78.0433,34.6366,-78.0433,0,0,0,0,0,141,0,0,0
652984,2020,5,22,"2020-05-22","17:36:00",3,"SC",45,0,1,0,0,0,0,33.37,-80.48,33.37,-80.48,0,0,0,0,0,75,0,0,0
652985,2020,5,22,"2020-05-22","17:40:00",3,"TX",48,0,5.33,0,0,0,0,34.08,-98.56,34.08,-98.56,0,0,0,0,0,485,0,0,0
652986,2020,5,22,"2020-05-22","17:46:00",3,"TX",48,0,1,0,0,0,0,34.07,-98.55,34.07,-98.55,0,0,0,0,0,485,0,0,0
652987,2020,5,22,"2020-05-22","17:49:00",3,"TX",48,0,1.75,0,0,0,0,34.08,-98.56,34.08,-98.56,0,0,0,0,0,485,0,0,0
652988,2020,5,22,"2020-05-22","17:50:00",3,"TX",48,0,2.75,0,0,0,0,34.08,-98.56,34.08,-98.56,0,0,0,0,0,485,0,0,0
652989,2020,5,22,"2020-05-22","17:50:00",3,"SC",45,0,2.75,0,0,0,0,32.76,-81.24,32.76,-81.24,0,0,0,0,0,49,0,0,0
652990,2020,5,22,"2020-05-22","18:03:00",3,"TX",48,0,1.75,0,0,0,0,34.06,-98.54,34.06,-98.54,0,0,0,0,0,485,0,0,0
652991,2020,5,22,"2020-05-22","18:05:00",3,"TX",48,0,1.5,0,0,0,0,34.1,-98.32,34.1,-98.32,0,0,0,0,0,77,0,0,0
652992,2020,5,22,"2020-05-22","18:05:00",3,"SC",45,0,1,0,0,0,0,32.74,-81.15,32.74,-81.15,0,0,0,0,0,49,0,0,0
652993,2020,5,22,"2020-05-22","18:28:00",3,"TX",48,0,2.75,0,0,0,0,34.07,-98.4,34.07,-98.4,0,0,0,0,0,77,0,0,0
652994,2020,5,22,"2020-05-22","18:35:00",3,"TX",48,0,1,0,0,0,0,32.52,-95.64,32.52,-95.64,0,0,0,0,0,467,0,0,0
652995,2020,5,22,"2020-05-22","18:40:00",3,"SC",45,0,1.75,0,0,0,0,32.65,-81.04,32.65,-81.04,0,0,0,0,0,53,0,0,0
652996,2020,5,22,"2020-05-22","18:48:00",3,"OK",40,0,1,0,0,0,0,34.9523,-94.6382,34.9523,-94.6382,0,0,0,0,0,79,0,0,0
652997,2020,5,22,"2020-05-22","18:52:00",3,"TX",48,0,1.5,0,0,0,0,33.89,-98.51,33.89,-98.51,0,0,0,0,0,485,0,0,0
652998,2020,5,22,"2020-05-22","18:53:00",3,"TX",48,0,1.75,0,0,0,0,33.89,-98.51,33.89,-98.51,0,0,0,0,0,485,0,0,0
652999,2020,5,22,"2020-05-22","18:59:00",3,"TX",48,0,1.75,0,0,0,0,33.89,-98.51,33.89,-98.51,0,0,0,0,0,485,0,0,0
653000,2020,5,22,"2020-05-22","19:00:00",3,"TX",48,0,1.75,0,0,0,0,33.89,-98.53,33.89,-98.53,0,0,0,0,0,485,0,0,0
653001,2020,5,22,"2020-05-22","19:01:00",3,"OK",40,0,1,0,0,0,0,34.97,-94.72,34.97,-94.72,0,0,0,0,0,79,0,0,0
653002,2020,5,22,"2020-05-22","19:02:00",3,"TX",48,0,2.75,0,0,0,0,34.01,-98.23,34.01,-98.23,0,0,0,0,0,77,0,0,0
653003,2020,5,22,"2020-05-22","19:05:00",3,"TX",48,0,1.75,0,0,0,0,33.88,-98.51,33.88,-98.51,0,0,0,0,0,485,0,0,0
653004,2020,5,22,"2020-05-22","19:05:00",3,"TX",48,0,0.88,0,0,0,0,33.14,-99.9,33.14,-99.9,0,0,0,0,0,207,0,0,0
653005,2020,5,22,"2020-05-22","19:07:00",3,"OK",40,0,1,0,0,0,0,34.78,-98.57,34.78,-98.57,0,0,0,0,0,31,0,0,0
653006,2020,5,22,"2020-05-22","19:08:00",3,"TX",48,0,1.25,0,0,0,0,34.06,-98.54,34.06,-98.54,0,0,0,0,0,485,0,0,0
653007,2020,5,22,"2020-05-22","19:09:00",3,"TX",48,0,2.5,0,0,0,0,33.61,-98.02,33.61,-98.02,0,0,0,0,0,77,0,0,0
653008,2020,5,22,"2020-05-22","19:10:00",3,"KS",20,0,1,0,0,0,0,39.93,-95.7,39.93,-95.7,0,0,0,0,0,13,0,0,0
653009,2020,5,22,"2020-05-22","19:20:00",3,"TX",48,0,1.75,0,0,8000,0,33.5964,-97.9571,33.5964,-97.9571,0,0,0,0,0,337,0,0,0
653010,2020,5,22,"2020-05-22","19:21:00",3,"TX",48,0,1,0,0,0,0,33.9,-98.35,33.9,-98.35,0,0,0,0,0,77,0,0,0
653011,2020,5,22,"2020-05-22","19:22:00",3,"OK",40,0,1.5,0,0,15000,0,34.841,-94.608,34.841,-94.608,0,0,0,0,0,79,0,0,0
653012,2020,5,22,"2020-05-22","19:24:00",3,"TX",48,0,1,0,0,0,0,33.88,-98.33,33.88,-98.33,0,0,0,0,0,77,0,0,0
653013,2020,5,22,"2020-05-22","19:25:00",3,"OK",40,0,1,0,0,0,0,34.93,-98.6,34.93,-98.6,0,0,0,0,0,15,0,0,0
653014,2020,5,22,"2020-05-22","19:27:00",3,"NE",31,0,1,0,0,0,0,40.05,-95.6,40.05,-95.6,0,0,0,0,0,147,0,0,0
653015,2020,5,22,"2020-05-22","19:31:00",3,"AL",1,0,1.75,0,0,0,0,34.2,-86.3,34.2,-86.3,0,0,0,0,0,95,0,0,0
653016,2020,5,22,"2020-05-22","19:32:00",3,"AL",1,0,1.75,0,0,0,0,34.2,-86.3,34.2,-86.3,0,0,0,0,0,95,0,0,0
653017,2020,5,22,"2020-05-22","19:32:00",3,"OK",40,0,1.75,0,0,0,0,34.8655,-94.6,34.8655,-94.6,0,0,0,0,0,79,0,0,0
653018,2020,5,22,"2020-05-22","19:32:00",3,"OK",40,0,2.75,0,0,40000,0,34.8901,-94.6005,34.8901,-94.6005,0,0,0,0,0,79,0,0,0
653019,2020,5,22,"2020-05-22","19:33:00",3,"NE",31,0,1,0,0,0,0,40.05,-95.43,40.05,-95.43,0,0,0,0,0,147,0,0,0
653020,2020,5,22,"2020-05-22","19:37:00",3,"TX",48,0,1,0,0,0,0,33.63,-98.02,33.63,-98.02,0,0,0,0,0,77,0,0,0
653021,2020,5,22,"2020-05-22","19:37:00",3,"TX",48,0,2,0,0,50000,0,33.5526,-97.8327,33.5526,-97.8327,0,0,0,0,0,337,0,0,0
653022,2020,5,22,"2020-05-22","19:38:00",3,"TX",48,0,1.75,0,0,0,0,33.62,-98,33.62,-98,0,0,0,0,0,77,0,0,0
653023,2020,5,22,"2020-05-22","19:38:00",3,"GA",13,0,0.75,0,0,0,0,32.16,-81.9,32.16,-81.9,0,0,0,0,0,109,0,0,0
653024,2020,5,22,"2020-05-22","19:48:00",3,"TX",48,0,1.5,0,0,0,0,33.61,-97.99,33.61,-97.99,0,0,0,0,0,77,0,0,0
653025,2020,5,22,"2020-05-22","19:51:00",3,"AR",5,0,0.88,0,0,0,0,34.99,-93.54,34.99,-93.54,0,0,0,0,0,149,0,0,0
653026,2020,5,22,"2020-05-22","19:51:00",3,"GA",13,0,2,0,0,0,0,32.15,-81.83,32.15,-81.83,0,0,0,0,0,109,0,0,0
653027,2020,5,22,"2020-05-22","19:52:00",3,"GA",13,0,1.75,0,0,0,0,32.09,-81.85,32.09,-81.85,0,0,0,0,0,109,0,0,0
653028,2020,5,22,"2020-05-22","19:56:00",3,"OK",40,0,1.75,0,0,0,0,35.07,-98.4,35.07,-98.4,0,0,0,0,0,15,0,0,0
653029,2020,5,22,"2020-05-22","19:58:00",3,"OK",40,0,1.5,0,0,0,0,34.13,-98.52,34.13,-98.52,0,0,0,0,0,33,0,0,0
653030,2020,5,22,"2020-05-22","20:12:00",3,"AR",5,0,1,0,0,0,0,35.27,-94.3877,35.27,-94.3877,0,0,0,0,0,131,0,0,0
653031,2020,5,22,"2020-05-22","20:17:00",3,"AR",5,0,1.5,0,0,20000,0,35.02,-94.38,35.02,-94.38,0,0,0,0,0,131,0,0,0
653032,2020,5,22,"2020-05-22","20:18:00",3,"TX",48,0,2,0,0,8000,0,33.59,-97.89,33.59,-97.89,0,0,0,0,0,337,0,0,0
653033,2020,5,22,"2020-05-22","20:21:00",3,"MO",29,0,1.5,0,0,0,0,40,-95.06,40,-95.06,0,0,0,0,0,87,0,0,0
653034,2020,5,22,"2020-05-22","20:33:00",3,"AR",5,0,1.75,0,0,25000,0,35.0579,-94.2485,35.0579,-94.2485,0,0,0,0,0,131,0,0,0
653035,2020,5,22,"2020-05-22","20:34:00",3,"TX",48,0,1.75,0,0,3000,0,33.43,-97.93,33.43,-97.93,0,0,0,0,0,237,0,0,0
653036,2020,5,22,"2020-05-22","20:41:00",3,"AR",5,0,1,0,0,0,0,35.06,-94.24,35.06,-94.24,0,0,0,0,0,127,0,0,0
653037,2020,5,22,"2020-05-22","20:43:00",3,"TX",48,0,0.75,0,0,0,0,33.89,-98.51,33.89,-98.51,0,0,0,0,0,485,0,0,0
653038,2020,5,22,"2020-05-22","21:00:00",3,"AR",5,0,1,0,0,0,0,35.03,-93.22,35.03,-93.22,0,0,0,0,0,149,0,0,0
653039,2020,5,22,"2020-05-22","21:00:00",3,"SC",45,0,0.75,0,0,0,0,34.24,-82.52,34.24,-82.52,0,0,0,0,0,1,0,0,0
653040,2020,5,22,"2020-05-22","21:02:00",3,"MO",29,0,1,0,0,0,0,40.03,-94.96,40.03,-94.96,0,0,0,0,0,3,0,0,0
653041,2020,5,22,"2020-05-22","21:13:00",3,"AR",5,0,1.75,0,0,50000,0,35.2161,-94.2545,35.2161,-94.2545,0,0,0,0,0,131,0,0,0
653042,2020,5,22,"2020-05-22","21:38:00",3,"OK",40,0,1,0,0,0,0,35.2223,-95.381,35.2223,-95.381,0,0,0,0,0,61,0,0,0
653043,2020,5,22,"2020-05-22","21:40:00",3,"TX",48,0,1,0,0,0,0,33.59,-98.63,33.59,-98.63,0,0,0,0,0,9,0,0,0
653044,2020,5,22,"2020-05-22","21:43:00",3,"TX",48,0,1,0,0,0,0,33.81,-98.69,33.81,-98.69,0,0,0,0,0,9,0,0,0
653045,2020,5,22,"2020-05-22","21:51:00",3,"TX",48,0,1,0,0,0,0,33.4494,-98.1973,33.4494,-98.1973,0,0,0,0,0,237,0,0,0
653046,2020,5,22,"2020-05-22","22:18:00",3,"TX",48,0,1,0,0,0,0,33.83,-98.83,33.83,-98.83,0,0,0,0,0,9,0,0,0
653047,2020,5,22,"2020-05-22","23:05:00",3,"TX",48,0,1,0,0,0,0,33.24,-98.21,33.24,-98.21,0,0,0,0,0,237,0,0,0
653048,2020,5,23,"2020-05-23","00:33:00",3,"TX",48,0,0.75,0,0,0,0,34.15,-99.29,34.15,-99.29,0,0,0,0,0,487,0,0,0
653049,2020,5,23,"2020-05-23","00:56:00",3,"OK",40,0,1,0,0,0,0,36.2488,-95.2565,36.2488,-95.2565,0,0,0,0,0,97,0,0,0
653050,2020,5,23,"2020-05-23","01:23:00",3,"AR",5,0,1.25,0,0,0,0,35.15,-92.09,35.15,-92.09,0,0,0,0,0,145,0,0,0
653051,2020,5,23,"2020-05-23","05:39:00",3,"IA",19,0,1,0,0,0,0,41.22,-91.98,41.22,-91.98,0,0,0,0,0,107,0,0,0
653052,2020,5,23,"2020-05-23","07:39:00",3,"TX",48,0,0.75,0,0,0,0,32.99,-97.56,32.99,-97.56,0,0,0,0,0,367,0,0,0
653053,2020,5,23,"2020-05-23","11:11:00",3,"IL",17,0,1,0,0,0,0,41.66,-90.08,41.66,-90.08,0,0,0,0,0,195,0,0,0
653054,2020,5,23,"2020-05-23","12:07:00",3,"IL",17,0,1,0,0,0,0,40.7,-89.4,40.7,-89.4,0,0,0,0,0,179,0,0,0
653055,2020,5,23,"2020-05-23","12:09:00",3,"IL",17,0,0.88,0,0,0,0,40.6779,-89.4705,40.6779,-89.4705,0,0,0,0,0,179,0,0,0
653056,2020,5,23,"2020-05-23","12:48:00",3,"TX",48,0,1,0,0,0,0,30.37,-103.6197,30.37,-103.6197,0,0,0,0,0,43,0,0,0
653057,2020,5,23,"2020-05-23","12:53:00",3,"MS",28,0,0.88,0,0,0,0,32.34,-90.33,32.34,-90.33,0,0,0,0,0,49,0,0,0
653058,2020,5,23,"2020-05-23","13:05:00",3,"IL",17,0,0.88,0,0,0,0,41.35,-88.8114,41.35,-88.8114,0,0,0,0,0,99,0,0,0
653059,2020,5,23,"2020-05-23","13:10:00",3,"WY",56,0,1,0,0,0,0,44.12,-104.2,44.12,-104.2,0,0,0,0,0,45,0,0,0
653060,2020,5,23,"2020-05-23","13:13:00",3,"TX",48,0,1,0,0,0,0,30.37,-103.6197,30.37,-103.6197,0,0,0,0,0,43,0,0,0
653061,2020,5,23,"2020-05-23","13:15:00",3,"IL",17,0,0.88,0,0,0,0,41.33,-88.72,41.33,-88.72,0,0,0,0,0,99,0,0,0
653062,2020,5,23,"2020-05-23","13:30:00",3,"SD",46,0,1,0,0,0,0,44.3259,-103.1099,44.3259,-103.1099,0,0,0,0,0,93,0,0,0
653063,2020,5,23,"2020-05-23","13:34:00",3,"SD",46,0,1.25,0,0,0,0,44.2328,-103.0402,44.2328,-103.0402,0,0,0,0,0,93,0,0,0
653064,2020,5,23,"2020-05-23","13:35:00",3,"SD",46,0,0.88,0,0,0,0,43.98,-103.17,43.98,-103.17,0,0,0,0,0,103,0,0,0
653065,2020,5,23,"2020-05-23","13:39:00",3,"IL",17,0,1.75,0,0,0,0,40.87,-88.62,40.87,-88.62,0,0,0,0,0,105,0,0,0
653066,2020,5,23,"2020-05-23","13:40:00",3,"IN",18,0,1.75,0,0,0,0,39.7,-85.58,39.7,-85.58,0,0,0,0,0,139,0,0,0
653067,2020,5,23,"2020-05-23","13:45:00",3,"SD",46,0,1,0,0,0,0,44.46,-103.13,44.46,-103.13,0,0,0,0,0,93,0,0,0
653068,2020,5,23,"2020-05-23","13:53:00",3,"IL",17,0,1,0,0,0,0,42.2811,-89.2661,42.2811,-89.2661,0,0,0,0,0,201,0,0,0
653069,2020,5,23,"2020-05-23","13:54:00",3,"SD",46,0,1,0,0,0,0,44.2,-104.03,44.2,-104.03,0,0,0,0,0,81,0,0,0
653070,2020,5,23,"2020-05-23","13:55:00",3,"SD",46,0,1.75,0,0,0,0,44.03,-102.71,44.03,-102.71,0,0,0,0,0,103,0,0,0
653071,2020,5,23,"2020-05-23","13:56:00",3,"IL",17,0,1,0,0,0,0,42.2866,-89.2842,42.2866,-89.2842,0,0,0,0,0,201,0,0,0
653072,2020,5,23,"2020-05-23","14:20:00",3,"SD",46,0,1,0,0,0,0,44.2,-103.35,44.2,-103.35,0,0,0,0,0,93,0,0,0
653073,2020,5,23,"2020-05-23","14:24:00",3,"SD",46,0,1.5,0,0,0,0,44.18,-103.34,44.18,-103.34,0,0,0,0,0,93,0,0,0
653074,2020,5,23,"2020-05-23","14:25:00",3,"MS",28,0,1,0,0,0,0,33.1,-90.5,33.1,-90.5,0,0,0,0,0,53,0,0,0
653075,2020,5,23,"2020-05-23","14:28:00",3,"SD",46,0,0.88,0,0,0,0,43.72,-101.98,43.72,-101.98,0,0,0,0,0,71,0,0,0
653076,2020,5,23,"2020-05-23","14:30:00",3,"TX",48,0,2,0,0,0,0,30.6667,-102.8274,30.6667,-102.8274,0,0,0,0,0,371,0,0,0
653077,2020,5,23,"2020-05-23","14:47:00",3,"IL",17,0,1,0,0,0,0,41.05,-88.17,41.05,-88.17,0,0,0,0,0,91,0,0,0
653078,2020,5,23,"2020-05-23","14:50:00",3,"TX",48,0,0.75,0,0,0,0,34.98,-101.87,34.98,-101.87,0,0,0,0,0,381,0,0,0
653079,2020,5,23,"2020-05-23","14:58:00",3,"SD",46,0,1,0,0,0,0,43.83,-101.9803,43.83,-101.9803,0,0,0,0,0,71,0,0,0
653080,2020,5,23,"2020-05-23","14:58:00",3,"IL",17,0,1,0,0,0,0,40.8399,-88.292,40.8399,-88.292,0,0,0,0,0,105,0,0,0
653081,2020,5,23,"2020-05-23","15:00:00",3,"SD",46,0,1,0,0,0,0,44.01,-103.68,44.01,-103.68,0,0,0,0,0,103,0,0,0
653082,2020,5,23,"2020-05-23","15:05:00",3,"SD",46,0,1.25,0,0,0,0,44.23,-103.04,44.23,-103.04,0,0,0,0,0,93,0,0,0
653083,2020,5,23,"2020-05-23","15:05:00",3,"TX",48,0,1.75,0,0,0,0,32.9235,-101.6127,32.9235,-101.6127,0,0,0,0,0,33,0,0,0
653084,2020,5,23,"2020-05-23","15:10:00",3,"IN",18,0,0.88,0,0,0,0,38.2,-87.57,38.2,-87.57,0,0,0,0,0,51,0,0,0
653085,2020,5,23,"2020-05-23","15:10:00",3,"SD",46,0,1,0,0,0,0,44.2823,-102.4366,44.2823,-102.4366,0,0,0,0,0,93,0,0,0
653086,2020,5,23,"2020-05-23","15:15:00",3,"TX",48,0,1.25,0,0,0,0,35.26,-101.61,35.26,-101.61,0,0,0,0,0,65,0,0,0
653087,2020,5,23,"2020-05-23","15:18:00",3,"SD",46,0,1.5,0,0,0,0,44.43,-102.67,44.43,-102.67,0,0,0,0,0,93,0,0,0
653088,2020,5,23,"2020-05-23","15:24:00",3,"SD",46,0,1.5,0,0,0,0,43.9866,-101.9558,43.9866,-101.9558,0,0,0,0,0,71,0,0,0
653089,2020,5,23,"2020-05-23","15:25:00",3,"IL",17,0,1,0,0,0,0,41.12,-87.8884,41.12,-87.8884,0,0,0,0,0,91,0,0,0
653090,2020,5,23,"2020-05-23","15:37:00",3,"TX",48,0,0.88,0,0,0,0,35.09,-101.82,35.09,-101.82,0,0,0,0,0,381,0,0,0
653091,2020,5,23,"2020-05-23","15:41:00",3,"TX",48,0,1,0,0,0,0,33.3597,-101.5686,33.3597,-101.5686,0,0,0,0,0,305,0,0,0
653092,2020,5,23,"2020-05-23","15:45:00",3,"IN",18,0,0.88,0,0,0,0,39.21,-85.91,39.21,-85.91,0,0,0,0,0,5,0,0,0
653093,2020,5,23,"2020-05-23","15:45:00",3,"WY",56,0,0.75,0,0,0,0,42.07,-104.28,42.07,-104.28,0,0,0,0,0,15,0,0,0
653094,2020,5,23,"2020-05-23","15:45:00",3,"SD",46,0,1,0,0,0,0,43.9134,-103.6357,43.9134,-103.6357,0,0,0,0,0,103,0,0,0
653095,2020,5,23,"2020-05-23","15:45:00",3,"WI",55,0,1,0,0,0,0,42.52,-89.02,42.52,-89.02,0,0,0,0,0,105,0,0,0
653096,2020,5,23,"2020-05-23","15:49:00",3,"TX",48,0,1.75,0,0,0,0,30.5304,-102.9261,30.5304,-102.9261,0,0,0,0,0,371,0,0,0
653097,2020,5,23,"2020-05-23","15:52:00",3,"TX",48,0,0.75,0,0,0,0,35.17,-101.82,35.17,-101.82,0,0,0,0,0,381,0,0,0
653098,2020,5,23,"2020-05-23","15:58:00",3,"OH",39,0,1.25,0,0,0,0,39.08,-84.32,39.08,-84.32,0,0,0,0,0,61,0,0,0
653099,2020,5,23,"2020-05-23","15:58:00",3,"OH",39,0,1.25,0,0,1000,0,39.07,-84.33,39.07,-84.33,0,0,0,0,0,61,0,0,0
653100,2020,5,23,"2020-05-23","16:00:00",3,"OH",39,0,0.75,0,0,0,0,39.07,-84.31,39.07,-84.31,0,0,0,0,0,61,0,0,0
653101,2020,5,23,"2020-05-23","16:04:00",3,"OH",39,0,1,0,0,0,0,39.08,-84.32,39.08,-84.32,0,0,0,0,0,61,0,0,0
653102,2020,5,23,"2020-05-23","16:05:00",3,"TX",48,0,1.75,0,0,0,0,33.4355,-101.666,33.5351,-101.7107,0,0,0,0,0,303,0,0,0
653103,2020,5,23,"2020-05-23","16:05:00",3,"OH",39,0,0.75,0,0,0,0,39.06,-84.27,39.06,-84.27,0,0,0,0,0,25,0,0,0
653104,2020,5,23,"2020-05-23","16:07:00",3,"OH",39,0,0.88,0,0,0,0,39.08,-84.32,39.08,-84.32,0,0,0,0,0,61,0,0,0
653105,2020,5,23,"2020-05-23","16:08:00",3,"KY",21,0,1,0,0,0,0,38.21,-84.55,38.21,-84.55,0,0,0,0,0,209,0,0,0
653106,2020,5,23,"2020-05-23","16:08:00",3,"NE",31,0,1.25,0,0,0,0,41.37,-103.94,41.37,-103.94,0,0,0,0,0,105,0,0,0
653107,2020,5,23,"2020-05-23","16:12:00",3,"TX",48,0,0.75,0,0,0,0,35.24,-101.7,35.24,-101.7,0,0,0,0,0,375,0,0,0
653108,2020,5,23,"2020-05-23","16:15:00",3,"OH",39,0,1.25,0,0,0,0,39.03,-84.22,39.03,-84.22,0,0,0,0,0,25,0,0,0
653109,2020,5,23,"2020-05-23","16:20:00",3,"SD",46,0,1,0,0,0,0,44.5276,-102.43,44.5276,-102.43,0,0,0,0,0,93,0,0,0
653110,2020,5,23,"2020-05-23","16:24:00",3,"SD",46,0,1.75,0,0,0,0,44.03,-101.88,44.03,-101.88,0,0,0,0,0,55,0,0,0
653111,2020,5,23,"2020-05-23","16:25:00",3,"TX",48,0,1.5,0,0,0,0,32.944,-101.6371,32.944,-101.6371,0,0,0,0,0,33,0,0,0
653112,2020,5,23,"2020-05-23","16:26:00",3,"TX",48,0,1.5,0,0,0,0,35.27,-100.97,35.27,-100.97,0,0,0,0,0,179,0,0,0
653113,2020,5,23,"2020-05-23","16:34:00",3,"TX",48,0,1.75,0,0,0,0,35.3,-100.97,35.3,-100.97,0,0,0,0,0,179,0,0,0
653114,2020,5,23,"2020-05-23","16:34:00",3,"TX",48,0,2,0,0,0,0,33.5116,-101.9608,33.5701,-101.9314,0,0,0,0,0,303,0,0,0
653115,2020,5,23,"2020-05-23","17:00:00",3,"SD",46,0,1,0,0,0,0,44.2823,-102.4366,44.2823,-102.4366,0,0,0,0,0,93,0,0,0
653116,2020,5,23,"2020-05-23","17:02:00",3,"TX",48,0,1.75,0,0,0,0,32.4842,-102.2701,32.4842,-102.2701,0,0,0,0,0,3,0,0,0
653117,2020,5,23,"2020-05-23","17:07:00",3,"SD",46,0,1,0,0,0,0,44.31,-101.9,44.31,-101.9,0,0,0,0,0,55,0,0,0
653118,2020,5,23,"2020-05-23","17:09:00",3,"TX",48,0,1,0,0,0,0,34.2,-101.7,34.2,-101.7,0,0,0,0,0,189,0,0,0
653119,2020,5,23,"2020-05-23","17:10:00",3,"TX",48,0,1,0,0,0,0,33.32,-101.92,33.32,-101.92,0,0,0,0,0,305,0,0,0
653120,2020,5,23,"2020-05-23","17:15:00",3,"NE",31,0,0.75,0,0,0,0,41.47,-103.63,41.47,-103.63,0,0,0,0,0,7,0,0,0
653121,2020,5,23,"2020-05-23","17:19:00",3,"TX",48,0,1.5,0,0,0,0,33.5,-102.02,33.5,-102.02,0,0,0,0,0,303,0,0,0
653122,2020,5,23,"2020-05-23","17:22:00",3,"TX",48,0,3.25,0,0,0,0,34.47,-101.3,34.47,-101.3,0,0,0,0,0,45,0,0,0
653123,2020,5,23,"2020-05-23","17:24:00",3,"SD",46,0,0.88,0,0,0,0,44.41,-101.79,44.41,-101.79,0,0,0,0,0,55,0,0,0
653124,2020,5,23,"2020-05-23","17:34:00",3,"TX",48,0,1,0,0,0,0,35.03,-100.89,35.03,-100.89,0,0,0,0,0,129,0,0,0
653125,2020,5,23,"2020-05-23","17:38:00",3,"NE",31,0,1,0,0,0,0,41.36,-103.48,41.36,-103.48,0,0,0,0,0,105,0,0,0
653126,2020,5,23,"2020-05-23","17:39:00",3,"NE",31,0,0.75,0,0,0,0,42.32,-103.08,42.32,-103.08,0,0,0,0,0,13,0,0,0
653127,2020,5,23,"2020-05-23","17:40:00",3,"SD",46,0,1,0,0,0,0,44.23,-101.79,44.23,-101.79,0,0,0,0,0,55,0,0,0
653128,2020,5,23,"2020-05-23","17:40:00",3,"OK",40,0,1,0,0,0,0,36.63,-100.68,36.63,-100.68,0,0,0,0,0,7,0,0,0
653129,2020,5,23,"2020-05-23","17:48:00",3,"TX",48,0,0.75,0,0,0,0,35.18,-100.92,35.18,-100.92,0,0,0,0,0,179,0,0,0
653130,2020,5,23,"2020-05-23","18:00:00",3,"SD",46,0,1,0,0,0,0,44.24,-101.68,44.24,-101.68,0,0,0,0,0,55,0,0,0
653131,2020,5,23,"2020-05-23","18:00:00",3,"TX",48,0,2.25,0,0,0,0,35.01,-100.91,35.01,-100.91,0,0,0,0,0,129,0,0,0
653132,2020,5,23,"2020-05-23","18:09:00",3,"TX",48,0,2,0,0,0,0,34.97,-100.89,34.97,-100.89,0,0,0,0,0,129,0,0,0
653133,2020,5,23,"2020-05-23","18:11:00",3,"TX",48,0,1.25,0,0,0,0,34.93,-100.88,34.93,-100.88,0,0,0,0,0,129,0,0,0
653134,2020,5,23,"2020-05-23","18:16:00",3,"TX",48,0,1.25,0,0,0,0,34.97,-100.97,34.97,-100.97,0,0,0,0,0,129,0,0,0
653135,2020,5,23,"2020-05-23","18:30:00",3,"SD",46,0,1,0,0,0,0,43.62,-101.93,43.62,-101.93,0,0,0,0,0,71,0,0,0
653136,2020,5,23,"2020-05-23","18:30:00",3,"SD",46,0,1,0,0,0,0,44.22,-101.67,44.22,-101.67,0,0,0,0,0,55,0,0,0
653137,2020,5,23,"2020-05-23","18:30:00",3,"ND",38,0,1.25,0,0,0,0,46.64,-102.05,46.64,-102.05,0,0,0,0,0,37,0,0,0
653138,2020,5,23,"2020-05-23","18:35:00",3,"NE",31,0,1,0,0,0,0,41.13,-102.99,41.13,-102.99,0,0,0,0,0,33,0,0,0
653139,2020,5,23,"2020-05-23","18:40:00",3,"ND",38,0,1,0,0,0,0,46.7,-102.06,46.7,-102.06,0,0,0,0,0,37,0,0,0
653140,2020,5,23,"2020-05-23","18:41:00",3,"TX",48,0,1.25,0,0,0,0,35.2,-101.25,35.2,-101.25,0,0,0,0,0,65,0,0,0
653141,2020,5,23,"2020-05-23","18:46:00",3,"TX",48,0,1.5,0,0,0,0,35.2,-101.18,35.2,-101.18,0,0,0,0,0,65,0,0,0
653142,2020,5,23,"2020-05-23","18:49:00",3,"KS",20,0,0.75,0,0,0,0,37.26,-100.6,37.26,-100.6,0,0,0,0,0,119,0,0,0
653143,2020,5,23,"2020-05-23","18:51:00",3,"KS",20,0,1,0,0,0,0,37.28,-100.53,37.28,-100.53,0,0,0,0,0,119,0,0,0
653144,2020,5,23,"2020-05-23","18:54:00",3,"ND",38,0,0.88,0,0,0,0,46.72,-102.09,46.72,-102.09,0,0,0,0,0,59,0,0,0
653145,2020,5,23,"2020-05-23","19:02:00",3,"IN",18,0,1,0,0,0,0,41.4291,-86.9954,41.4291,-86.9954,0,0,0,0,0,127,0,0,0
653146,2020,5,23,"2020-05-23","19:03:00",3,"NE",31,0,1,0,0,0,0,41.15,-102.77,41.15,-102.77,0,0,0,0,0,33,0,0,0
653147,2020,5,23,"2020-05-23","19:03:00",3,"NE",31,0,1.25,0,0,0,0,41.15,-102.97,41.15,-102.97,0,0,0,0,0,33,0,0,0
653148,2020,5,23,"2020-05-23","19:04:00",3,"KS",20,0,1.5,0,0,0,0,37.4,-100.42,37.4,-100.42,0,0,0,0,0,119,0,0,0
653149,2020,5,23,"2020-05-23","19:12:00",3,"KS",20,0,1,0,0,0,0,37.46,-100.34,37.46,-100.34,0,0,0,0,0,119,0,0,0
653150,2020,5,23,"2020-05-23","19:21:00",3,"IN",18,0,1.25,0,0,0,0,41.44,-86.9,41.44,-86.9,0,0,0,0,0,91,0,0,0
653151,2020,5,23,"2020-05-23","19:23:00",3,"NE",31,0,1,0,0,0,0,42.83,-102.18,42.83,-102.18,0,0,0,0,0,161,0,0,0
653152,2020,5,23,"2020-05-23","19:29:00",3,"NE",31,0,1,0,0,0,0,41.2,-102.6,41.2,-102.6,0,0,0,0,0,49,0,0,0
653153,2020,5,23,"2020-05-23","19:30:00",3,"SD",46,0,1,0,0,0,0,43.58,-101.52,43.58,-101.52,0,0,0,0,0,71,0,0,0
653154,2020,5,23,"2020-05-23","19:43:00",3,"NE",31,0,1.5,0,0,0,0,41.09,-102.43,41.09,-102.43,0,0,0,0,0,49,0,0,0
653155,2020,5,23,"2020-05-23","19:55:00",3,"OH",39,0,0.88,0,0,0,0,39.11,-83.02,39.11,-83.02,0,0,0,0,0,131,0,0,0
653156,2020,5,23,"2020-05-23","19:58:00",3,"NE",31,0,1.75,0,0,0,0,41.09,-102.31,41.09,-102.31,0,0,0,0,0,49,0,0,0
653157,2020,5,23,"2020-05-23","20:10:00",3,"OK",40,0,0.75,0,0,0,0,35.21,-99.87,35.21,-99.87,0,0,0,0,0,9,0,0,0
653158,2020,5,23,"2020-05-23","20:31:00",3,"IN",18,0,0.75,0,0,0,0,41.33,-86.4,41.33,-86.4,0,0,0,0,0,99,0,0,0
653159,2020,5,23,"2020-05-23","21:15:00",3,"NE",31,0,1,0,0,0,0,41.3,-102.05,41.3,-102.05,0,0,0,0,0,101,0,0,0
653160,2020,5,23,"2020-05-23","21:25:00",3,"NE",31,0,1,0,0,0,0,41.21,-100.03,41.21,-100.03,0,0,0,0,0,41,0,0,0
653161,2020,5,23,"2020-05-23","22:50:00",3,"NE",31,0,1.75,0,0,0,0,41.39,-99.78,41.39,-99.78,0,0,0,0,0,41,0,0,0
653162,2020,5,23,"2020-05-23","22:50:00",3,"NE",31,0,1.5,0,0,0,0,41.28,-99.91,41.28,-99.91,0,0,0,0,0,41,0,0,0
653163,2020,5,23,"2020-05-23","22:50:00",3,"NE",31,0,1.25,0,0,0,0,41.98,-99.87,41.98,-99.87,0,0,0,0,0,9,0,0,0
653164,2020,5,23,"2020-05-23","23:05:00",3,"NE",31,0,1.25,0,0,0,0,41.43,-99.64,41.43,-99.64,0,0,0,0,0,41,0,0,0
653165,2020,5,24,"2020-05-24","00:05:00",3,"NE",31,0,1.5,0,0,0,0,41.57,-99.24,41.57,-99.24,0,0,0,0,0,41,0,0,0
653166,2020,5,24,"2020-05-24","11:50:00",3,"TX",48,0,1,0,0,0,0,30.15,-95.55,30.15,-95.55,0,0,0,0,0,201,0,0,0
653167,2020,5,24,"2020-05-24","12:50:00",3,"MO",29,0,1,0,0,0,0,40.48,-93,40.48,-93,0,0,0,0,0,171,0,0,0
653168,2020,5,24,"2020-05-24","12:55:00",3,"MO",29,0,1.75,0,0,0,0,39.37,-94.73,39.37,-94.73,0,0,0,0,0,165,0,0,0
653169,2020,5,24,"2020-05-24","13:02:00",3,"MO",29,0,1,0,0,0,0,39.47,-94.65,39.47,-94.65,0,0,0,0,0,165,0,0,0
653170,2020,5,24,"2020-05-24","13:20:00",3,"MO",29,0,2.75,0,0,0,0,39.61,-94.59,39.61,-94.59,0,0,0,0,0,49,0,0,0
653171,2020,5,24,"2020-05-24","13:41:00",3,"TN",47,0,0.88,0,0,0,0,35.8,-88.4,35.8,-88.4,0,0,0,0,0,77,0,0,0
653172,2020,5,24,"2020-05-24","13:45:00",3,"SC",45,0,0.5,0,0,10,10,34.68,-80.72,34.68,-80.72,0,0,0,0,0,57,0,0,0
653173,2020,5,24,"2020-05-24","13:53:00",3,"TX",48,0,1.5,0,0,0,0,30.4911,-102.4178,30.4911,-102.4178,0,0,0,0,0,371,0,0,0
653174,2020,5,24,"2020-05-24","13:55:00",3,"SC",45,0,1,0,0,0,0,34.67,-80.73,34.67,-80.73,0,0,0,0,0,57,0,0,0
653175,2020,5,24,"2020-05-24","14:11:00",3,"MO",29,0,0.75,0,0,0,0,37.99,-92.77,37.99,-92.77,0,0,0,0,0,29,0,0,0
653176,2020,5,24,"2020-05-24","14:13:00",3,"KY",21,0,0.75,0,0,0,0,38.93,-84.38,38.93,-84.38,0,0,0,0,0,37,0,0,0
653177,2020,5,24,"2020-05-24","14:25:00",3,"GA",13,0,1,0,0,0,0,34.09,-84.2,34.09,-84.2,0,0,0,0,0,117,0,0,0
653178,2020,5,24,"2020-05-24","14:27:00",3,"TX",48,0,1,0,0,0,0,30.34,-97.52,30.34,-97.52,0,0,0,0,0,453,0,0,0
653179,2020,5,24,"2020-05-24","14:32:00",3,"MO",29,0,1,0,0,0,0,40.21,-92.49,40.21,-92.49,0,0,0,0,0,1,0,0,0
653180,2020,5,24,"2020-05-24","14:33:00",3,"TX",48,0,1.25,0,0,0,0,30.37,-97.51,30.37,-97.51,0,0,0,0,0,453,0,0,0
653181,2020,5,24,"2020-05-24","14:38:00",3,"MO",29,0,0.75,0,0,0,0,37.02,-93.31,37.02,-93.31,0,0,0,0,0,43,0,0,0
653182,2020,5,24,"2020-05-24","14:40:00",3,"TX",48,0,0.88,0,0,0,0,32.5483,-94.7988,32.5483,-94.7988,0,0,0,0,0,183,0,0,0
653183,2020,5,24,"2020-05-24","14:43:00",3,"MO",29,0,0.75,0,0,0,0,37.03,-93.25,37.03,-93.25,0,0,0,0,0,43,0,0,0
653184,2020,5,24,"2020-05-24","14:43:00",3,"MO",29,0,1,0,0,0,0,40.22,-92.58,40.22,-92.58,0,0,0,0,0,1,0,0,0
653185,2020,5,24,"2020-05-24","14:46:00",3,"MO",29,0,1,0,0,0,0,39.85,-94.18,39.85,-94.18,0,0,0,0,0,61,0,0,0
653186,2020,5,24,"2020-05-24","14:48:00",3,"MO",29,0,1.5,0,0,10000,0,37.0701,-93.2813,37.07,-93.28,0,0,0,0,0,43,0,0,0
653187,2020,5,24,"2020-05-24","14:48:00",3,"TX",48,0,1,0,0,0,0,31.42,-97.7,31.42,-97.7,0,0,0,0,0,99,0,0,0
653188,2020,5,24,"2020-05-24","14:49:00",3,"TX",48,0,1,0,0,0,0,33.1812,-96.1811,33.1812,-96.1811,0,0,0,0,0,231,0,0,0
653189,2020,5,24,"2020-05-24","14:50:00",3,"MO",29,0,1,0,0,0,0,37.12,-93.28,37.12,-93.28,0,0,0,0,0,77,0,0,0
653190,2020,5,24,"2020-05-24","14:50:00",3,"TX",48,0,1,0,0,0,0,31.05,-97.47,31.05,-97.47,0,0,0,0,0,27,0,0,0
653191,2020,5,24,"2020-05-24","14:50:00",3,"TX",48,0,2,0,0,1e+05,0,33.22,-97.11,33.22,-97.11,0,0,0,0,0,121,0,0,0
653192,2020,5,24,"2020-05-24","14:51:00",3,"MO",29,0,0.75,0,0,0,0,37.08,-93.28,37.08,-93.28,0,0,0,0,0,43,0,0,0
653193,2020,5,24,"2020-05-24","14:51:00",3,"MO",29,0,1,0,0,0,0,37.12,-93.28,37.12,-93.28,0,0,0,0,0,77,0,0,0
653194,2020,5,24,"2020-05-24","14:55:00",3,"TX",48,0,1,0,0,0,0,30.21,-97.31,30.21,-97.31,0,0,0,0,0,21,0,0,0
653195,2020,5,24,"2020-05-24","14:57:00",3,"GA",13,0,1.75,0,0,150000,0,32.9272,-84.414,32.9272,-84.414,0,0,0,0,0,293,0,0,0
653196,2020,5,24,"2020-05-24","14:58:00",3,"MO",29,0,0.75,0,0,0,0,37.11,-93.27,37.11,-93.27,0,0,0,0,0,77,0,0,0
653197,2020,5,24,"2020-05-24","14:59:00",3,"MO",29,0,1,0,0,0,0,40.49,-92.37,40.49,-92.37,0,0,0,0,0,197,0,0,0
653198,2020,5,24,"2020-05-24","15:00:00",3,"TX",48,0,1.75,0,0,0,0,32.7117,-94.9463,32.7117,-94.9463,0,0,0,0,0,459,0,0,0
653199,2020,5,24,"2020-05-24","15:01:00",3,"MS",28,0,1,0,0,0,0,31.2582,-89.2354,31.2582,-89.2354,0,0,0,0,0,35,0,0,0
653200,2020,5,24,"2020-05-24","15:02:00",3,"TX",48,0,1,0,0,0,0,33.254,-97.1166,33.254,-97.1166,0,0,0,0,0,121,0,0,0
653201,2020,5,24,"2020-05-24","15:03:00",3,"MO",29,0,0.88,0,0,0,0,37.07,-93.29,37.07,-93.29,0,0,0,0,0,43,0,0,0
653202,2020,5,24,"2020-05-24","15:06:00",3,"TX",48,0,2,0,0,25000,0,33.24,-97.14,33.24,-97.14,0,0,0,0,0,121,0,0,0
653203,2020,5,24,"2020-05-24","15:16:00",3,"TX",48,0,1,0,0,0,0,30.18,-96.95,30.18,-96.95,0,0,0,0,0,287,0,0,0
653204,2020,5,24,"2020-05-24","15:24:00",3,"TX",48,0,2.5,0,0,0,0,31.06,-97.34,31.06,-97.34,0,0,0,0,0,27,0,0,0
653205,2020,5,24,"2020-05-24","15:24:00",3,"TX",48,0,1,0,0,0,0,31.07,-97.36,31.07,-97.36,0,0,0,0,0,27,0,0,0
653206,2020,5,24,"2020-05-24","15:30:00",3,"GA",13,0,1,0,0,0,0,33.3612,-84.8196,33.3612,-84.8196,0,0,0,0,0,77,0,0,0
653207,2020,5,24,"2020-05-24","15:42:00",3,"MO",29,0,1,0,0,0,0,39.95,-93.8,39.95,-93.8,0,0,0,0,0,61,0,0,0
653208,2020,5,24,"2020-05-24","15:45:00",3,"MO",29,0,1.5,0,0,0,0,39.96,-93.8,39.96,-93.8,0,0,0,0,0,61,0,0,0
653209,2020,5,24,"2020-05-24","15:50:00",3,"MO",29,0,1.25,0,0,0,0,39.97,-93.8,39.97,-93.8,0,0,0,0,0,61,0,0,0
653210,2020,5,24,"2020-05-24","15:56:00",3,"MO",29,0,1,0,0,0,0,40.117,-91.9122,40.117,-91.9122,0,0,0,0,0,111,0,0,0
653211,2020,5,24,"2020-05-24","16:15:00",3,"SC",45,0,0.25,0,0,10,10,33.97,-80.93,33.97,-80.93,0,0,0,0,0,79,0,0,0
653212,2020,5,24,"2020-05-24","16:22:00",3,"TX",48,0,1,0,0,0,0,31.9753,-101.7211,31.9753,-101.7211,0,0,0,0,0,173,0,0,0
653213,2020,5,24,"2020-05-24","16:25:00",3,"TX",48,0,0.88,0,0,0,0,36.2,-100.53,36.2,-100.53,0,0,0,0,0,295,0,0,0
653214,2020,5,24,"2020-05-24","16:40:00",3,"TX",48,0,1,0,0,0,0,32.38,-98.17,32.38,-98.17,0,0,0,0,0,143,0,0,0
653215,2020,5,24,"2020-05-24","16:55:00",3,"TX",48,0,1,0,0,0,0,31.29,-97.49,31.29,-97.49,0,0,0,0,0,99,0,0,0
653216,2020,5,24,"2020-05-24","16:58:00",3,"TX",48,0,1.25,0,0,0,0,30.23,-97.78,30.23,-97.78,0,0,0,0,0,453,0,0,0
653217,2020,5,24,"2020-05-24","16:58:00",3,"TX",48,0,1,0,0,0,0,30.21,-97.78,30.21,-97.78,0,0,0,0,0,453,0,0,0
653218,2020,5,24,"2020-05-24","17:00:00",3,"TX",48,0,1.5,0,0,0,0,30.22,-97.8,30.22,-97.8,0,0,0,0,0,453,0,0,0
653219,2020,5,24,"2020-05-24","17:04:00",3,"TX",48,0,1.75,0,0,1000,0,31.29,-97.51,31.29,-97.51,0,0,0,0,0,99,0,0,0
653220,2020,5,24,"2020-05-24","17:05:00",3,"TX",48,0,1.5,0,0,0,0,30.24,-97.77,30.24,-97.77,0,0,0,0,0,453,0,0,0
653221,2020,5,24,"2020-05-24","17:06:00",3,"TX",48,0,1,0,0,0,0,33.51,-102.08,33.51,-102.08,0,0,0,0,0,219,0,0,0
653222,2020,5,24,"2020-05-24","17:13:00",3,"KS",20,0,1.75,0,0,0,0,38.13,-98.67,38.13,-98.67,0,0,0,0,0,185,0,0,0
653223,2020,5,24,"2020-05-24","17:17:00",3,"TX",48,0,1.5,0,0,0,0,33.03,-101.76,33.14,-101.66,0,0,0,0,0,305,0,0,0
653224,2020,5,24,"2020-05-24","17:18:00",3,"MS",28,0,1,0,0,0,0,31.79,-89.02,31.79,-89.02,0,0,0,0,0,67,0,0,0
653225,2020,5,24,"2020-05-24","17:24:00",3,"TX",48,0,1.75,0,0,0,0,33.41,-101.93,33.42,-101.81,0,0,0,0,0,303,0,0,0
653226,2020,5,24,"2020-05-24","17:26:00",3,"KS",20,0,1.75,0,0,0,0,38.18,-98.62,38.18,-98.62,0,0,0,0,0,185,0,0,0
653227,2020,5,24,"2020-05-24","17:28:00",3,"TX",48,0,1,0,0,0,0,32.8888,-101.0538,32.8888,-101.0538,0,0,0,0,0,415,0,0,0
653228,2020,5,24,"2020-05-24","17:30:00",3,"TX",48,0,1.25,0,0,0,0,29.59,-99.74,29.59,-99.74,0,0,0,0,0,463,0,0,0
653229,2020,5,24,"2020-05-24","17:30:00",3,"GA",13,0,1,0,0,0,0,32.2847,-83.2511,32.2847,-83.2511,0,0,0,0,0,91,0,0,0
653230,2020,5,24,"2020-05-24","17:33:00",3,"TX",48,0,0.88,0,0,0,0,33.82,-98.57,33.82,-98.57,0,0,0,0,0,9,0,0,0
653231,2020,5,24,"2020-05-24","17:38:00",3,"TX",48,0,1,0,0,0,0,35.54,-100.85,35.54,-100.85,0,0,0,0,0,179,0,0,0
653232,2020,5,24,"2020-05-24","17:41:00",3,"TX",48,0,1,0,0,0,0,35.54,-100.85,35.54,-100.85,0,0,0,0,0,179,0,0,0
653233,2020,5,24,"2020-05-24","17:44:00",3,"TX",48,0,1.5,0,0,0,0,36.36,-100.28,36.36,-100.28,0,0,0,0,0,295,0,0,0
653234,2020,5,24,"2020-05-24","17:49:00",3,"TX",48,0,0.75,0,0,0,0,36.44,-100.22,36.44,-100.22,0,0,0,0,0,295,0,0,0
653235,2020,5,24,"2020-05-24","17:58:00",3,"KS",20,0,1,0,0,0,0,38.24,-98.56,38.24,-98.56,0,0,0,0,0,185,0,0,0
653236,2020,5,24,"2020-05-24","18:07:00",3,"TX",48,0,1,0,0,0,0,32.944,-101.2229,32.944,-101.2229,0,0,0,0,0,33,0,0,0
653237,2020,5,24,"2020-05-24","18:16:00",3,"KS",20,0,1,0,0,0,0,37.39,-100.01,37.39,-100.01,0,0,0,0,0,25,0,0,0
653238,2020,5,24,"2020-05-24","18:21:00",3,"TX",48,0,1,0,0,0,0,30.28,-97.73,30.28,-97.73,0,0,0,0,0,453,0,0,0
653239,2020,5,24,"2020-05-24","18:28:00",3,"KS",20,0,1,0,0,0,0,37.44,-100.01,37.44,-100.01,0,0,0,0,0,25,0,0,0
653240,2020,5,24,"2020-05-24","18:30:00",3,"TX",48,0,1,0,0,0,0,36.14,-100.28,36.14,-100.28,0,0,0,0,0,295,0,0,0
653241,2020,5,24,"2020-05-24","18:30:00",3,"KS",20,0,1.75,0,0,0,0,37.39,-100.01,37.39,-100.01,0,0,0,0,0,25,0,0,0
653242,2020,5,24,"2020-05-24","18:32:00",3,"CO",8,0,1,0,0,0,0,38.41,-104.99,38.41,-104.99,0,0,0,0,0,43,0,0,0
653243,2020,5,24,"2020-05-24","18:32:00",3,"KS",20,0,1.25,0,0,0,0,38.88,-98.76,38.88,-98.76,0,0,0,0,0,167,0,0,0
653244,2020,5,24,"2020-05-24","18:35:00",3,"KS",20,0,2.25,0,0,0,0,37.44,-99.99,37.44,-99.99,0,0,0,0,0,25,0,0,0
653245,2020,5,24,"2020-05-24","18:35:00",3,"TX",48,0,1.75,0,0,0,0,30.16,-97.69,30.16,-97.69,0,0,0,0,0,453,0,0,0
653246,2020,5,24,"2020-05-24","18:35:00",3,"KS",20,0,1,0,0,0,0,38.94,-98.57,38.94,-98.57,0,0,0,0,0,167,0,0,0
653247,2020,5,24,"2020-05-24","18:40:00",3,"TX",48,0,1,0,0,0,0,30.19,-97.77,30.19,-97.77,0,0,0,0,0,453,0,0,0
653248,2020,5,24,"2020-05-24","18:42:00",3,"TX",48,0,1,0,0,0,0,33.25,-100.58,33.25,-100.58,0,0,0,0,0,263,0,0,0
653249,2020,5,24,"2020-05-24","18:43:00",3,"KS",20,0,1.75,0,0,0,0,37.44,-100.02,37.44,-100.02,0,0,0,0,0,25,0,0,0
653250,2020,5,24,"2020-05-24","18:43:00",3,"TX",48,0,1,0,0,0,0,33.15,-101.42,33.15,-101.42,0,0,0,0,0,169,0,0,0
653251,2020,5,24,"2020-05-24","18:44:00",3,"KS",20,0,2.75,0,0,0,0,37.44,-100.01,37.44,-100.01,0,0,0,0,0,25,0,0,0
653252,2020,5,24,"2020-05-24","18:45:00",3,"KS",20,0,2.5,0,0,0,0,37.44,-100.01,37.44,-100.01,0,0,0,0,0,25,0,0,0
653253,2020,5,24,"2020-05-24","18:45:00",3,"KS",20,0,1.75,0,0,0,0,37.45,-100,37.45,-100,0,0,0,0,0,25,0,0,0
653254,2020,5,24,"2020-05-24","19:05:00",3,"KS",20,0,1.5,0,0,0,0,37.5,-99.63,37.5,-99.63,0,0,0,0,0,57,0,0,0
653255,2020,5,24,"2020-05-24","19:05:00",3,"KS",20,0,1,0,0,0,0,38.96,-97.98,38.96,-97.98,0,0,0,0,0,105,0,0,0
653256,2020,5,24,"2020-05-24","19:20:00",3,"KS",20,0,1.25,0,0,0,0,37.55,-99.63,37.55,-99.63,0,0,0,0,0,57,0,0,0
653257,2020,5,24,"2020-05-24","19:27:00",3,"KS",20,0,1.25,0,0,0,0,37.18,-101.94,37.18,-101.94,0,0,0,0,0,129,0,0,0
653258,2020,5,24,"2020-05-24","19:28:00",3,"KS",20,0,1,0,0,0,0,37.18,-101.94,37.18,-101.94,0,0,0,0,0,129,0,0,0
653259,2020,5,24,"2020-05-24","19:45:00",3,"KS",20,0,1.25,0,0,0,0,37.87,-100.56,37.87,-100.56,0,0,0,0,0,69,0,0,0
653260,2020,5,24,"2020-05-24","20:00:00",3,"KS",20,0,1.25,0,0,0,0,37.12,-101.63,37.12,-101.63,0,0,0,0,0,129,0,0,0
653261,2020,5,24,"2020-05-24","20:05:00",3,"KS",20,0,1,0,0,0,0,38.88,-99.3,38.88,-99.3,0,0,0,0,0,51,0,0,0
653262,2020,5,24,"2020-05-24","20:10:00",3,"KS",20,0,1.75,0,0,0,0,37.12,-101.63,37.12,-101.63,0,0,0,0,0,129,0,0,0
653263,2020,5,24,"2020-05-24","20:11:00",3,"KS",20,0,1,0,0,0,0,37.83,-100.36,37.83,-100.36,0,0,0,0,0,69,0,0,0
653264,2020,5,24,"2020-05-24","20:14:00",3,"TX",48,0,1,0,0,0,0,32.97,-98.99,32.97,-98.99,0,0,0,0,0,447,0,0,0
653265,2020,5,24,"2020-05-24","20:15:00",3,"KS",20,0,1,0,0,0,0,37.18,-101.46,37.18,-101.46,0,0,0,0,0,189,0,0,0
653266,2020,5,24,"2020-05-24","20:16:00",3,"KS",20,0,1,0,0,0,0,38.88,-99.3,38.88,-99.3,0,0,0,0,0,51,0,0,0
653267,2020,5,24,"2020-05-24","20:16:00",3,"KS",20,0,0.88,0,0,0,0,38.82,-97.86,38.82,-97.86,0,0,0,0,0,169,0,0,0
653268,2020,5,24,"2020-05-24","20:17:00",3,"KS",20,0,1,0,0,0,0,38.05,-100.13,38.05,-100.13,0,0,0,0,0,83,0,0,0
653269,2020,5,24,"2020-05-24","20:28:00",3,"KS",20,0,0.75,0,0,0,0,39.3599,-99.69,39.3599,-99.69,0,0,0,0,0,65,0,0,0
653270,2020,5,24,"2020-05-24","20:30:00",3,"KS",20,0,1.5,0,0,0,0,37.18,-101.35,37.18,-101.35,0,0,0,0,0,189,0,0,0
653271,2020,5,24,"2020-05-24","20:30:00",3,"KS",20,0,1.25,0,0,0,0,38.98,-96.72,38.98,-96.72,0,0,0,0,0,61,0,0,0
653272,2020,5,24,"2020-05-24","20:30:00",3,"KS",20,0,1,0,0,0,0,38.77,-97.86,38.77,-97.86,0,0,0,0,0,169,0,0,0
653273,2020,5,24,"2020-05-24","20:40:00",3,"KS",20,0,1.5,0,0,0,0,37.94,-100.28,37.94,-100.28,0,0,0,0,0,69,0,0,0
653274,2020,5,24,"2020-05-24","20:44:00",3,"KS",20,0,1,0,0,0,0,38.2,-99.89,38.2,-99.89,0,0,0,0,0,83,0,0,0
653275,2020,5,24,"2020-05-24","20:45:00",3,"KS",20,0,1,0,0,0,0,38.84,-97.76,38.84,-97.76,0,0,0,0,0,169,0,0,0
653276,2020,5,24,"2020-05-24","21:11:00",3,"KS",20,0,1,0,0,0,0,38.37,-98.81,38.37,-98.81,0,0,0,0,0,9,0,0,0
653277,2020,5,24,"2020-05-24","21:11:00",3,"KS",20,0,1,0,0,0,0,38.38,-98.78,38.38,-98.78,0,0,0,0,0,9,0,0,0
653278,2020,5,24,"2020-05-24","21:12:00",3,"KS",20,0,1,0,0,0,0,38.36,-98.81,38.36,-98.81,0,0,0,0,0,9,0,0,0
653279,2020,5,24,"2020-05-24","21:17:00",3,"KS",20,0,1.25,0,0,0,0,38.36,-98.81,38.36,-98.81,0,0,0,0,0,9,0,0,0
653280,2020,5,25,"2020-05-25","07:30:00",3,"WI",55,0,2,0,0,0,0,44.44,-92.15,44.44,-92.15,0,0,0,0,0,91,0,0,0
653281,2020,5,25,"2020-05-25","07:45:00",3,"WI",55,0,1,0,0,0,0,44.53,-92.1,44.5598,-92.079,0,0,0,0,0,91,0,0,0
653282,2020,5,25,"2020-05-25","08:08:00",3,"WI",55,0,1,0,0,0,0,44.65,-91.92,44.65,-91.92,0,0,0,0,0,91,0,0,0
653283,2020,5,25,"2020-05-25","09:08:00",3,"WI",55,0,1.25,0,0,0,0,44.83,-91.54,44.83,-91.54,0,0,0,0,0,35,0,0,0
653284,2020,5,25,"2020-05-25","09:10:00",3,"WI",55,0,1,0,0,0,0,44.84,-91.59,44.84,-91.59,0,0,0,0,0,35,0,0,0
653285,2020,5,25,"2020-05-25","15:10:00",3,"WI",55,0,1,0,0,0,0,45.38,-89.19,45.38,-89.19,0,0,0,0,0,67,0,0,0
653286,2020,5,25,"2020-05-25","16:00:00",3,"NY",36,0,1,0,0,0,0,42.2,-76.88,42.2,-76.88,0,0,0,0,0,15,0,0,0
653287,2020,5,25,"2020-05-25","16:21:00",3,"NY",36,0,1,0,0,0,0,42.14,-76.93,42.14,-76.93,0,0,0,0,0,15,0,0,0
653288,2020,5,25,"2020-05-25","16:23:00",3,"NY",36,0,0.75,0,0,0,0,42.17,-76.83,42.17,-76.83,0,0,0,0,0,15,0,0,0
653289,2020,5,25,"2020-05-25","16:40:00",3,"TX",48,0,1,0,0,0,0,31.5302,-94.1059,31.5302,-94.1059,0,0,0,0,0,405,0,0,0
653290,2020,5,25,"2020-05-25","18:57:00",3,"NM",35,0,0.88,0,0,0,0,35.8845,-106.3265,35.8845,-106.3265,0,0,0,0,0,28,0,0,0
653291,2020,5,25,"2020-05-25","19:18:00",3,"TX",48,0,1.5,0,0,0,0,26.38,-98.83,26.38,-98.83,0,0,0,0,0,427,0,0,0
653292,2020,5,25,"2020-05-25","19:20:00",3,"TX",48,0,2,0,0,0,0,26.41,-99,26.41,-99,0,0,0,0,0,427,0,0,0
653293,2020,5,25,"2020-05-25","21:15:00",3,"IL",17,0,1,0,0,0,0,40.12,-88.25,40.12,-88.25,0,0,0,0,0,19,0,0,0
653294,2020,5,25,"2020-05-25","22:07:00",3,"TX",48,0,1.25,0,0,0,0,29.25,-99.75,29.25,-99.75,0,0,0,0,0,463,0,0,0
653295,2020,5,25,"2020-05-25","22:10:00",3,"TX",48,0,1,0,0,0,0,29.13,-98.15,29.13,-98.15,0,0,0,0,0,493,0,0,0
653296,2020,5,25,"2020-05-25","23:07:00",3,"TX",48,0,1,0,0,0,0,28.89,-97.7,28.89,-97.7,0,0,0,0,0,255,0,0,0
653297,2020,5,26,"2020-05-26","06:37:00",3,"TX",48,0,0.75,0,0,0,0,30.43,-98.34,30.43,-98.34,0,0,0,0,0,31,0,0,0
653298,2020,5,26,"2020-05-26","07:02:00",3,"TX",48,0,1.5,0,0,0,0,30.43,-98.33,30.43,-98.33,0,0,0,0,0,31,0,0,0
653299,2020,5,26,"2020-05-26","07:05:00",3,"TX",48,0,1.75,0,0,0,0,30.08,-100.04,30.08,-100.04,0,0,0,0,0,137,0,0,0
653300,2020,5,26,"2020-05-26","12:24:00",3,"WI",55,0,0.88,0,0,0,0,44.95,-90.56,44.95,-90.56,0,0,0,0,0,19,0,0,0
653301,2020,5,26,"2020-05-26","14:30:00",3,"TX",48,0,0.88,0,0,0,0,30.42,-97,30.42,-97,0,0,0,0,0,287,0,0,0
653302,2020,5,26,"2020-05-26","14:33:00",3,"OH",39,0,1,0,0,0,0,41.6706,-83.6225,41.6706,-83.6225,0,0,0,0,0,95,0,0,0
653303,2020,5,26,"2020-05-26","15:02:00",3,"TX",48,0,0.75,0,0,0,0,30.36,-96.82,30.36,-96.82,0,0,0,0,0,287,0,0,0
653304,2020,5,26,"2020-05-26","15:22:00",3,"TX",48,0,1.25,0,0,0,0,29.46,-98.29,29.46,-98.29,0,0,0,0,0,29,0,0,0
653305,2020,5,26,"2020-05-26","15:45:00",3,"TX",48,0,1.75,0,0,2000,0,30.9,-95.34,30.9,-95.34,0,0,0,0,0,455,0,0,0
653306,2020,5,26,"2020-05-26","15:47:00",3,"TX",48,0,1.75,0,0,0,0,30.83,-95.4,30.83,-95.4,0,0,0,0,0,471,0,0,0
653307,2020,5,26,"2020-05-26","15:50:00",3,"TX",48,0,1.25,0,0,0,0,30.37,-97.06,30.37,-97.06,0,0,0,0,0,287,0,0,0
653308,2020,5,26,"2020-05-26","15:56:00",3,"TX",48,0,1,0,0,0,0,30.42,-97.01,30.42,-97.01,0,0,0,0,0,287,0,0,0
653309,2020,5,26,"2020-05-26","16:00:00",3,"TX",48,0,1.75,0,0,0,0,30.42,-96.97,30.42,-96.97,0,0,0,0,0,287,0,0,0
653310,2020,5,26,"2020-05-26","16:01:00",3,"TX",48,0,1.75,0,0,0,0,30.41,-97.01,30.41,-97.01,0,0,0,0,0,287,0,0,0
653311,2020,5,26,"2020-05-26","16:02:00",3,"TX",48,0,2,0,0,0,0,30.42,-97,30.42,-97,0,0,0,0,0,287,0,0,0
653312,2020,5,26,"2020-05-26","16:10:00",3,"TX",48,0,1.75,0,0,0,0,29.31,-98.21,29.31,-98.21,0,0,0,0,0,493,0,0,0
653313,2020,5,26,"2020-05-26","16:24:00",3,"TX",48,0,0.75,0,0,0,0,30.91,-95.26,30.91,-95.26,0,0,0,0,0,455,0,0,0
653314,2020,5,26,"2020-05-26","17:30:00",3,"LA",22,0,1,0,0,0,0,30.99,-92.98,30.99,-92.98,0,0,0,0,0,115,0,0,0
653315,2020,5,26,"2020-05-26","17:55:00",3,"LA",22,0,1,0,0,0,0,30.45,-93.44,30.45,-93.44,0,0,0,0,0,19,0,0,0
653316,2020,5,26,"2020-05-26","18:20:00",3,"LA",22,0,1.75,0,0,0,0,30.46,-93.23,30.46,-93.23,0,0,0,0,0,11,0,0,0
653317,2020,5,26,"2020-05-26","18:22:00",3,"LA",22,0,1.75,0,0,0,0,30.51,-93.23,30.51,-93.23,0,0,0,0,0,11,0,0,0
653318,2020,5,26,"2020-05-26","18:30:00",3,"LA",22,0,1,0,0,0,0,30.51,-93.2,30.51,-93.2,0,0,0,0,0,11,0,0,0
653319,2020,5,26,"2020-05-26","18:55:00",3,"TX",48,0,1,0,0,0,0,32.488,-94.41,32.488,-94.41,0,0,0,0,0,203,0,0,0
653320,2020,5,26,"2020-05-26","20:04:00",3,"LA",22,0,1,0,0,0,0,30.21,-93.2,30.21,-93.2,0,0,0,0,0,19,0,0,0
653321,2020,5,26,"2020-05-26","20:10:00",3,"LA",22,0,1.5,0,0,0,0,30.17,-93.22,30.17,-93.22,0,0,0,0,0,19,0,0,0
653322,2020,5,26,"2020-05-26","20:10:00",3,"LA",22,0,1.25,0,0,0,0,30.2,-93.21,30.2,-93.21,0,0,0,0,0,19,0,0,0
653323,2020,5,26,"2020-05-26","20:14:00",3,"LA",22,0,1.25,0,0,0,0,30.22,-93.21,30.22,-93.21,0,0,0,0,0,19,0,0,0
653324,2020,5,26,"2020-05-26","20:23:00",3,"LA",22,0,1.5,0,0,0,0,30.22,-93.13,30.22,-93.13,0,0,0,0,0,19,0,0,0
653325,2020,5,26,"2020-05-26","20:25:00",3,"TX",48,0,1,0,0,0,0,33.4671,-94.2728,33.4671,-94.2728,0,0,0,0,0,37,0,0,0
653326,2020,5,26,"2020-05-26","22:38:00",3,"LA",22,0,1,0,0,0,0,32.2839,-93.7856,32.2839,-93.7856,0,0,0,0,0,31,0,0,0
653327,2020,5,27,"2020-05-27","10:30:00",3,"TX",48,0,1,0,0,0,0,32.03,-97.44,32.03,-97.44,0,0,0,0,0,217,0,0,0
653328,2020,5,27,"2020-05-27","10:45:00",3,"TX",48,0,1.75,0,0,20000,0,31.86,-97.38,31.86,-97.38,0,0,0,0,0,35,0,0,0
653329,2020,5,27,"2020-05-27","10:46:00",3,"TX",48,0,1.5,0,0,0,0,31.86,-97.39,31.86,-97.39,0,0,0,0,0,35,0,0,0
653330,2020,5,27,"2020-05-27","11:04:00",3,"TX",48,0,1.5,0,0,0,0,31.702,-97.2162,31.702,-97.2162,0,0,0,0,0,309,0,0,0
653331,2020,5,27,"2020-05-27","11:21:00",3,"TX",48,0,1,0,0,0,0,31.59,-97.1,31.59,-97.1,0,0,0,0,0,309,0,0,0
653332,2020,5,27,"2020-05-27","11:22:00",3,"TX",48,0,0.88,0,0,0,0,31.67,-97.1,31.67,-97.1,0,0,0,0,0,309,0,0,0
653333,2020,5,27,"2020-05-27","11:25:00",3,"TX",48,0,1.75,0,0,20000,0,31.6302,-97.0955,31.6302,-97.0955,0,0,0,0,0,309,0,0,0
653334,2020,5,27,"2020-05-27","11:27:00",3,"TX",48,0,0.88,0,0,0,0,31.6527,-97.3082,31.6527,-97.3082,0,0,0,0,0,309,0,0,0
653335,2020,5,27,"2020-05-27","11:31:00",3,"TX",48,0,1.25,0,0,0,0,31.6531,-97.3082,31.6531,-97.3082,0,0,0,0,0,309,0,0,0
653336,2020,5,27,"2020-05-27","11:46:00",3,"MS",28,0,1.5,0,0,5000,0,30.9937,-89.269,30.9937,-89.269,0,0,0,0,0,35,0,0,0
653337,2020,5,27,"2020-05-27","12:05:00",3,"TX",48,0,2,0,0,25000,0,31.3,-96.89,31.3,-96.89,0,0,0,0,0,145,0,0,0
653338,2020,5,27,"2020-05-27","12:17:00",3,"TX",48,0,1,0,0,0,0,31.4262,-97.7162,31.4262,-97.7162,0,0,0,0,0,99,0,0,0
653339,2020,5,27,"2020-05-27","12:26:00",3,"TX",48,0,1,0,0,0,0,31.4328,-97.7252,31.4328,-97.7252,0,0,0,0,0,99,0,0,0
653340,2020,5,27,"2020-05-27","12:34:00",3,"TX",48,0,1,0,0,0,0,31.0766,-97.1149,31.0766,-97.1149,0,0,0,0,0,145,0,0,0
653341,2020,5,27,"2020-05-27","12:34:00",3,"TX",48,0,1.75,0,0,6000,0,31.0744,-97.0953,31.0744,-97.0953,0,0,0,0,0,145,0,0,0
653342,2020,5,27,"2020-05-27","12:38:00",3,"MS",28,0,1,0,0,0,0,31.17,-88.93,31.17,-88.93,0,0,0,0,0,111,0,0,0
653343,2020,5,27,"2020-05-27","12:40:00",3,"TX",48,0,1,0,0,0,0,31.0189,-97.0621,31.0189,-97.0621,0,0,0,0,0,145,0,0,0
653344,2020,5,27,"2020-05-27","12:40:00",3,"ME",23,0,0.88,0,0,0,0,46.7165,-68.2205,46.7165,-68.2205,0,0,0,0,0,3,0,0,0
653345,2020,5,27,"2020-05-27","12:55:00",3,"TX",48,0,1.75,0,0,7000,0,30.7344,-96.5651,30.7344,-96.5651,0,0,0,0,0,395,0,0,0
653346,2020,5,27,"2020-05-27","13:07:00",3,"TX",48,0,0.7,0,0,500,0,30.74,-96.45,30.74,-96.45,0,0,0,0,0,41,0,0,0
653347,2020,5,27,"2020-05-27","13:15:00",3,"TX",48,0,0.7,0,0,500,0,30.62,-96.34,30.62,-96.34,0,0,0,0,0,41,0,0,0
653348,2020,5,27,"2020-05-27","13:19:00",3,"TX",48,0,0.75,0,0,0,0,32.48,-99.92,32.48,-99.92,0,0,0,0,0,441,0,0,0
653349,2020,5,27,"2020-05-27","13:24:00",3,"FL",12,0,1,0,0,0,0,26.79,-80.23,26.79,-80.23,0,0,0,0,0,99,0,0,0
653350,2020,5,27,"2020-05-27","13:30:00",3,"TX",48,0,1,0,0,1200,0,30.67,-96.37,30.67,-96.37,0,0,0,0,0,41,0,0,0
653351,2020,5,27,"2020-05-27","13:39:00",3,"TX",48,0,1.5,0,0,3000,0,30.63,-96.35,30.63,-96.35,0,0,0,0,0,41,0,0,0
653352,2020,5,27,"2020-05-27","13:40:00",3,"TX",48,0,1.75,0,0,3100,0,30.68,-96.37,30.68,-96.37,0,0,0,0,0,41,0,0,0
653353,2020,5,27,"2020-05-27","13:45:00",3,"TX",48,0,1,0,0,2700,0,30.67,-96.34,30.67,-96.34,0,0,0,0,0,41,0,0,0
653354,2020,5,27,"2020-05-27","13:53:00",3,"TX",48,0,1,0,0,1900,0,30.49,-96.47,30.49,-96.47,0,0,0,0,0,51,0,0,0
653355,2020,5,27,"2020-05-27","14:26:00",3,"MS",28,0,1,0,0,0,0,32.16,-89.93,32.16,-89.93,0,0,0,0,0,121,0,0,0
653356,2020,5,27,"2020-05-27","14:27:00",3,"MS",28,0,1.5,0,0,10000,0,33.18,-90.22,33.18,-90.22,0,0,0,0,0,51,0,0,0
653357,2020,5,27,"2020-05-27","14:35:00",3,"AR",5,0,0.75,0,0,0,0,35.28,-93.3,35.28,-93.3,0,0,0,0,0,83,0,0,0
653358,2020,5,27,"2020-05-27","14:41:00",3,"AR",5,0,0.75,0,0,0,0,35.33,-93.24,35.33,-93.24,0,0,0,0,0,115,0,0,0
653359,2020,5,27,"2020-05-27","14:47:00",3,"AL",1,0,1,0,0,0,0,30.72,-88.37,30.72,-88.37,0,0,0,0,0,97,0,0,0
653360,2020,5,27,"2020-05-27","15:04:00",3,"AL",1,0,1,0,0,0,0,30.78,-88.25,30.78,-88.25,0,0,0,0,0,97,0,0,0
653361,2020,5,27,"2020-05-27","15:10:00",3,"MS",28,0,1.75,0,0,10000,0,31.3497,-89.8286,31.3497,-89.8286,0,0,0,0,0,91,0,0,0
653362,2020,5,27,"2020-05-27","15:14:00",3,"MS",28,0,1,0,0,0,0,31.94,-89.88,31.94,-89.88,0,0,0,0,0,127,0,0,0
653363,2020,5,27,"2020-05-27","15:20:00",3,"TX",48,0,0.88,0,0,0,0,32.4,-99.36,32.4,-99.36,0,0,0,0,0,59,0,0,0
653364,2020,5,27,"2020-05-27","15:30:00",3,"TX",48,0,0.88,0,0,0,0,30.59,-98.06,30.59,-98.06,0,0,0,0,0,453,0,0,0
653365,2020,5,27,"2020-05-27","15:36:00",3,"MS",28,0,1,0,0,1000,0,32.59,-89.55,32.59,-89.55,0,0,0,0,0,79,0,0,0
653366,2020,5,27,"2020-05-27","15:41:00",3,"MS",28,0,1,0,0,0,0,31.3,-89.93,31.3,-89.93,0,0,0,0,0,91,0,0,0
653367,2020,5,27,"2020-05-27","15:42:00",3,"MS",28,0,1.75,0,0,10000,0,31.54,-89.79,31.54,-89.79,0,0,0,0,0,65,0,0,0
653368,2020,5,27,"2020-05-27","15:53:00",3,"TX",48,0,0.75,0,0,0,0,30.63,-97.86,30.63,-97.86,0,0,0,0,0,491,0,0,0
653369,2020,5,27,"2020-05-27","16:15:00",3,"MS",28,0,1,0,0,0,0,32.75,-89.49,32.75,-89.49,0,0,0,0,0,79,0,0,0
653370,2020,5,27,"2020-05-27","16:25:00",3,"TX",48,0,0.88,0,0,0,0,30.86,-98.44,30.86,-98.44,0,0,0,0,0,299,0,0,0
653371,2020,5,27,"2020-05-27","16:32:00",3,"MS",28,0,1,0,0,0,0,31.6,-90,31.6,-90,0,0,0,0,0,77,0,0,0
653372,2020,5,27,"2020-05-27","16:40:00",3,"TX",48,0,1,0,0,0,0,31.2,-98.72,31.2,-98.72,0,0,0,0,0,411,0,0,0
653373,2020,5,27,"2020-05-27","16:44:00",3,"TX",48,0,1,0,0,0,0,32.11,-98.54,32.11,-98.54,0,0,0,0,0,93,0,0,0
653374,2020,5,27,"2020-05-27","17:00:00",3,"TX",48,0,1.25,0,0,0,0,30.66,-98.31,30.66,-98.31,0,0,0,0,0,53,0,0,0
653375,2020,5,27,"2020-05-27","17:06:00",3,"MS",28,0,1,0,0,0,0,32.86,-89.1,32.86,-89.1,0,0,0,0,0,99,0,0,0
653376,2020,5,27,"2020-05-27","17:08:00",3,"TX",48,0,1.5,0,0,0,0,30.92,-97.95,30.92,-97.95,0,0,0,0,0,53,0,0,0
653377,2020,5,27,"2020-05-27","17:10:00",3,"TX",48,0,1,0,0,0,0,30.65,-98.3,30.65,-98.3,0,0,0,0,0,53,0,0,0
653378,2020,5,27,"2020-05-27","17:16:00",3,"TX",48,0,0.75,0,0,0,0,30.7,-98.25,30.7,-98.25,0,0,0,0,0,53,0,0,0
653379,2020,5,27,"2020-05-27","17:43:00",3,"TX",48,0,1.75,0,0,0,0,30.3,-99.15,30.3,-99.15,0,0,0,0,0,171,0,0,0
653380,2020,5,27,"2020-05-27","17:47:00",3,"TX",48,0,1.75,0,0,3700,0,30.67,-96.37,30.67,-96.37,0,0,0,0,0,41,0,0,0
653381,2020,5,27,"2020-05-27","17:54:00",3,"TX",48,0,1,0,0,2200,0,30.66,-96.33,30.66,-96.33,0,0,0,0,0,41,0,0,0
653382,2020,5,27,"2020-05-27","17:58:00",3,"TX",48,0,1.25,0,0,0,0,30.29,-98.89,30.29,-98.89,0,0,0,0,0,171,0,0,0
653383,2020,5,27,"2020-05-27","18:00:00",3,"TX",48,0,1.75,0,0,3900,0,30.68,-96.29,30.68,-96.29,0,0,0,0,0,41,0,0,0
653384,2020,5,27,"2020-05-27","18:14:00",3,"TX",48,0,1.25,0,0,0,0,30.15,-98.91,30.15,-98.91,0,0,0,0,0,171,0,0,0
653385,2020,5,27,"2020-05-27","18:34:00",3,"TX",48,0,1,0,0,0,0,29.99,-98.77,29.99,-98.77,0,0,0,0,0,259,0,0,0
653386,2020,5,27,"2020-05-27","18:44:00",3,"TX",48,0,1,0,0,0,0,30.18,-99.33,30.18,-99.33,0,0,0,0,0,265,0,0,0
653387,2020,5,27,"2020-05-27","18:45:00",3,"TX",48,0,1,0,0,0,0,29.91,-98.79,29.91,-98.79,0,0,0,0,0,259,0,0,0
653388,2020,5,27,"2020-05-27","18:45:00",3,"TX",48,0,1,0,0,0,0,29.98,-98.72,29.98,-98.72,0,0,0,0,0,259,0,0,0
653389,2020,5,27,"2020-05-27","18:49:00",3,"TX",48,0,1.5,0,0,0,0,30.18,-99.33,30.18,-99.33,0,0,0,0,0,265,0,0,0
653390,2020,5,27,"2020-05-27","18:56:00",3,"TX",48,0,1,0,0,0,0,30.08,-99.26,30.08,-99.26,0,0,0,0,0,265,0,0,0
653391,2020,5,27,"2020-05-27","18:58:00",3,"TX",48,0,1.5,0,0,0,0,30.15,-99.16,30.15,-99.16,0,0,0,0,0,171,0,0,0
653392,2020,5,27,"2020-05-27","18:59:00",3,"TX",48,0,1,0,0,0,0,29.87,-98.68,29.87,-98.68,0,0,0,0,0,259,0,0,0
653393,2020,5,27,"2020-05-27","19:00:00",3,"TX",48,0,1.5,0,0,0,0,29.9,-98.62,29.9,-98.62,0,0,0,0,0,259,0,0,0
653394,2020,5,27,"2020-05-27","19:05:00",3,"TX",48,0,1.5,0,0,0,0,29.88,-98.65,29.88,-98.65,0,0,0,0,0,259,0,0,0
653395,2020,5,27,"2020-05-27","19:06:00",3,"TX",48,0,1,0,0,0,0,30.04,-97.84,30.04,-97.84,0,0,0,0,0,209,0,0,0
653396,2020,5,27,"2020-05-27","19:08:00",3,"TX",48,0,1,0,0,0,0,30.05,-99.14,30.05,-99.14,0,0,0,0,0,265,0,0,0
653397,2020,5,27,"2020-05-27","19:17:00",3,"TX",48,0,1,0,0,0,0,30.18,-99.33,30.18,-99.33,0,0,0,0,0,265,0,0,0
653398,2020,5,27,"2020-05-27","19:24:00",3,"TX",48,0,1,0,0,0,0,29.91,-99.11,29.91,-99.11,0,0,0,0,0,265,0,0,0
653399,2020,5,27,"2020-05-27","19:32:00",3,"TX",48,0,1.5,0,0,0,0,29.89,-97.67,29.89,-97.67,0,0,0,0,0,55,0,0,0
653400,2020,5,27,"2020-05-27","19:33:00",3,"TX",48,0,1.5,0,0,0,0,29.67,-98.5,29.67,-98.5,0,0,0,0,0,29,0,0,0
653401,2020,5,27,"2020-05-27","19:33:00",3,"TX",48,0,1,0,0,0,0,29.82,-97.67,29.82,-97.67,0,0,0,0,0,55,0,0,0
653402,2020,5,27,"2020-05-27","19:35:00",3,"TX",48,0,1,0,0,0,0,29.71,-99.06,29.71,-99.06,0,0,0,0,0,19,0,0,0
653403,2020,5,27,"2020-05-27","19:37:00",3,"TX",48,0,1.5,0,0,0,0,29.85,-99.04,29.85,-99.04,0,0,0,0,0,265,0,0,0
653404,2020,5,27,"2020-05-27","19:39:00",3,"TX",48,0,2,0,0,0,0,29.83,-97.67,29.83,-97.67,0,0,0,0,0,55,0,0,0
653405,2020,5,27,"2020-05-27","19:42:00",3,"TX",48,0,1.75,0,0,0,0,29.73,-99.07,29.73,-99.07,0,0,0,0,0,19,0,0,0
653406,2020,5,27,"2020-05-27","19:44:00",3,"TX",48,0,1.5,0,0,0,0,29.61,-98.53,29.61,-98.53,0,0,0,0,0,29,0,0,0
653407,2020,5,27,"2020-05-27","19:46:00",3,"TX",48,0,1,0,0,0,0,29.59,-98.52,29.59,-98.52,0,0,0,0,0,29,0,0,0
653408,2020,5,27,"2020-05-27","19:47:00",3,"TX",48,0,1.25,0,0,0,0,29.59,-98.54,29.59,-98.54,0,0,0,0,0,29,0,0,0
653409,2020,5,27,"2020-05-27","19:47:00",3,"TX",48,0,1,0,0,0,0,29.61,-98.51,29.61,-98.51,0,0,0,0,0,29,0,0,0
653410,2020,5,27,"2020-05-27","19:49:00",3,"TX",48,0,1.75,0,0,0,0,29.59,-98.53,29.59,-98.53,0,0,0,0,0,29,0,0,0
653411,2020,5,27,"2020-05-27","19:49:00",3,"TX",48,0,2,0,0,0,0,29.6,-98.56,29.6,-98.56,0,0,0,0,0,29,0,0,0
653412,2020,5,27,"2020-05-27","19:50:00",3,"TX",48,0,1.5,0,0,0,0,29.72,-98.98,29.72,-98.98,0,0,0,0,0,19,0,0,0
653413,2020,5,27,"2020-05-27","19:52:00",3,"TX",48,0,1,0,0,0,0,29.6,-98.49,29.6,-98.49,0,0,0,0,0,29,0,0,0
653414,2020,5,27,"2020-05-27","19:56:00",3,"TX",48,0,1.75,0,0,0,0,29.6,-98.49,29.6,-98.49,0,0,0,0,0,29,0,0,0
653415,2020,5,27,"2020-05-27","19:59:00",3,"TX",48,0,1.25,0,0,0,0,29.53,-98.47,29.53,-98.47,0,0,0,0,0,29,0,0,0
653416,2020,5,27,"2020-05-27","19:59:00",3,"TX",48,0,2,0,0,0,0,29.6,-98.49,29.6,-98.49,0,0,0,0,0,29,0,0,0
653417,2020,5,27,"2020-05-27","20:03:00",3,"TX",48,0,2,0,0,0,0,29.52,-98.46,29.52,-98.46,0,0,0,0,0,29,0,0,0
653418,2020,5,27,"2020-05-27","20:04:00",3,"TX",48,0,1,0,0,0,0,29.6,-98.42,29.6,-98.42,0,0,0,0,0,29,0,0,0
653419,2020,5,27,"2020-05-27","20:05:00",3,"TX",48,0,1.25,0,0,0,0,29.6,-98.97,29.6,-98.97,0,0,0,0,0,19,0,0,0
653420,2020,5,27,"2020-05-27","20:12:00",3,"TX",48,0,2,0,0,0,0,29.62,-98.52,29.62,-98.52,0,0,0,0,0,29,0,0,0
653421,2020,5,27,"2020-05-27","20:15:00",3,"TX",48,0,1.75,0,0,0,0,29.48,-98.42,29.48,-98.42,0,0,0,0,0,29,0,0,0
653422,2020,5,27,"2020-05-27","20:15:00",3,"TX",48,0,1.75,0,0,0,0,29.47,-98.44,29.47,-98.44,0,0,0,0,0,29,0,0,0
653423,2020,5,27,"2020-05-27","20:21:00",3,"TX",48,0,1,0,0,0,0,29.41,-98.41,29.41,-98.41,0,0,0,0,0,29,0,0,0
653424,2020,5,27,"2020-05-27","20:22:00",3,"TX",48,0,1,0,0,0,0,29.43,-98.75,29.43,-98.75,0,0,0,0,0,29,0,0,0
653425,2020,5,27,"2020-05-27","20:24:00",3,"TX",48,0,2.5,0,0,0,0,29.49,-98.71,29.49,-98.71,0,0,0,0,0,29,0,0,0
653426,2020,5,27,"2020-05-27","20:26:00",3,"TX",48,0,1,0,0,0,0,29.79,-99.25,29.79,-99.25,0,0,0,0,0,19,0,0,0
653427,2020,5,27,"2020-05-27","20:30:00",3,"TX",48,0,1.5,0,0,0,0,29.4363,-98.3816,29.4363,-98.3816,0,0,0,0,0,29,0,0,0
653428,2020,5,27,"2020-05-27","20:45:00",3,"TX",48,0,1,0,0,0,0,29.76,-99.52,29.76,-99.52,0,0,0,0,0,19,0,0,0
653429,2020,5,27,"2020-05-27","20:52:00",3,"TX",48,0,1,0,0,0,0,29.31,-98.39,29.31,-98.39,0,0,0,0,0,29,0,0,0
653430,2020,5,27,"2020-05-27","21:08:00",3,"TX",48,0,1,0,0,0,0,29.61,-99.53,29.61,-99.53,0,0,0,0,0,463,0,0,0
653431,2020,5,27,"2020-05-27","22:22:00",3,"TX",48,0,1.75,0,0,0,0,28.97,-99.23,28.97,-99.23,0,0,0,0,0,163,0,0,0
653432,2020,5,27,"2020-05-27","22:35:00",3,"TX",48,0,1,0,0,0,0,28.53,-97.78,28.53,-97.78,0,0,0,0,0,25,0,0,0
653433,2020,5,27,"2020-05-27","23:06:00",3,"TX",48,0,1,0,0,0,0,30.71,-97.74,30.71,-97.74,0,0,0,0,0,491,0,0,0
653434,2020,5,27,"2020-05-27","23:09:00",3,"TX",48,0,2,0,0,0,0,30.71,-97.66,30.71,-97.66,0,0,0,0,0,491,0,0,0
653435,2020,5,27,"2020-05-27","23:10:00",3,"TX",48,0,1,0,0,0,0,30.72,-97.72,30.72,-97.72,0,0,0,0,0,491,0,0,0
653436,2020,5,27,"2020-05-27","23:10:00",3,"TX",48,0,1,0,0,0,0,30.74,-97.77,30.74,-97.77,0,0,0,0,0,491,0,0,0
653437,2020,5,27,"2020-05-27","23:10:00",3,"TX",48,0,2.5,0,0,0,0,30.61,-97.69,30.61,-97.69,0,0,0,0,0,491,0,0,0
653438,2020,5,27,"2020-05-27","23:10:00",3,"TX",48,0,2,0,0,0,0,30.71,-97.73,30.71,-97.73,0,0,0,0,0,491,0,0,0
653439,2020,5,27,"2020-05-27","23:16:00",3,"TX",48,0,1,0,0,0,0,30.63,-97.65,30.63,-97.65,0,0,0,0,0,491,0,0,0
653440,2020,5,27,"2020-05-27","23:19:00",3,"TX",48,0,2.75,0,0,0,0,30.63,-97.68,30.63,-97.68,0,0,0,0,0,491,0,0,0
653441,2020,5,27,"2020-05-27","23:27:00",3,"TX",48,0,1.75,0,0,0,0,29.72,-99.97,29.72,-99.97,0,0,0,0,0,385,0,0,0
653442,2020,5,28,"2020-05-28","00:45:00",3,"TX",48,0,2,0,0,0,0,29.21,-99.9,29.21,-99.9,0,0,0,0,0,463,0,0,0
653443,2020,5,28,"2020-05-28","00:49:00",3,"TX",48,0,0.75,0,0,0,0,29.2,-99.81,29.2,-99.81,0,0,0,0,0,463,0,0,0
653444,2020,5,28,"2020-05-28","01:38:00",3,"MO",29,0,1,0,0,0,0,36.67,-90.6561,36.67,-90.6561,0,0,0,0,0,181,0,0,0
653445,2020,5,28,"2020-05-28","06:58:00",3,"SC",45,0,1,0,0,0,0,34.7,-82.29,34.7,-82.29,0,0,0,0,0,45,0,0,0
653446,2020,5,28,"2020-05-28","12:35:00",3,"FL",12,0,0.75,0,0,0,0,28.93,-81.93,28.93,-81.93,0,0,0,0,0,69,0,0,0
653447,2020,5,28,"2020-05-28","13:59:00",3,"TX",48,0,1.5,0,0,0,0,30.11,-99.14,30.11,-99.14,0,0,0,0,0,265,0,0,0
653448,2020,5,28,"2020-05-28","14:15:00",3,"FL",12,0,1,0,0,0,0,28.19,-82.37,28.19,-82.37,0,0,0,0,0,101,0,0,0
653449,2020,5,28,"2020-05-28","14:16:00",3,"TX",48,0,0.7,0,0,10,0,29.39,-94.92,29.39,-94.92,0,0,0,0,0,167,0,0,0
653450,2020,5,28,"2020-05-28","14:18:00",3,"TX",48,0,2,0,0,0,0,30.08,-99.27,30.08,-99.27,0,0,0,0,0,265,0,0,0
653451,2020,5,28,"2020-05-28","14:20:00",3,"TX",48,0,1,0,0,0,0,30.07,-99.16,30.07,-99.16,0,0,0,0,0,265,0,0,0
653452,2020,5,28,"2020-05-28","14:26:00",3,"TX",48,0,1.5,0,0,0,0,30.07,-99.25,30.07,-99.25,0,0,0,0,0,265,0,0,0
653453,2020,5,28,"2020-05-28","16:04:00",3,"TX",48,0,1.5,0,0,0,0,29.61,-100.64,29.61,-100.64,0,0,0,0,0,271,0,0,0
653454,2020,5,28,"2020-05-28","16:37:00",3,"TX",48,0,0.88,0,0,0,0,29.6,-98.63,29.6,-98.63,0,0,0,0,0,29,0,0,0
653455,2020,5,28,"2020-05-28","16:42:00",3,"SC",45,0,1.25,0,0,0,0,34.77,-80.2,34.77,-80.2,0,0,0,0,0,25,0,0,0
653456,2020,5,28,"2020-05-28","16:45:00",3,"MO",29,0,1.5,0,0,0,0,38.1656,-90.7352,38.1656,-90.7352,0,0,0,0,0,99,0,0,0
653457,2020,5,28,"2020-05-28","16:47:00",3,"SC",45,0,0.88,0,0,0,0,34.81,-80.16,34.81,-80.16,0,0,0,0,0,25,0,0,0
653458,2020,5,28,"2020-05-28","16:48:00",3,"TX",48,0,0.88,0,0,0,0,29.57,-98.58,29.57,-98.58,0,0,0,0,0,29,0,0,0
653459,2020,5,28,"2020-05-28","17:00:00",3,"TX",48,0,1.75,0,0,0,0,30.42,-104.2968,30.42,-104.2968,0,0,0,0,0,377,0,0,0
653460,2020,5,28,"2020-05-28","17:25:00",3,"TX",48,0,1.5,0,0,0,0,31.12,-97.94,31.12,-97.94,0,0,0,0,0,99,0,0,0
653461,2020,5,28,"2020-05-28","18:55:00",3,"TX",48,0,1,0,0,10000,0,28.39,-96.84,28.39,-96.84,0,0,0,0,0,391,0,0,0
653462,2020,5,28,"2020-05-28","21:32:00",3,"OR",41,0,1.25,0,0,0,0,45.1355,-118.9111,45.1355,-118.9111,0,0,0,0,0,59,0,0,0
653463,2020,5,29,"2020-05-29","10:08:00",3,"SC",45,0,0.25,0,0,100,100,35,-80.86,35,-80.86,0,0,0,0,0,57,0,0,0
653464,2020,5,29,"2020-05-29","14:25:00",3,"PA",42,0,1,0,0,0,0,41.5462,-76.7413,41.5462,-76.7413,0,0,0,0,0,113,0,0,0
653465,2020,5,29,"2020-05-29","17:50:00",3,"SC",45,0,0.25,0,0,100,100,33.93,-81.24,33.93,-81.24,0,0,0,0,0,63,0,0,0
653466,2020,5,30,"2020-05-30","06:15:00",3,"CA",6,0,1,0,0,0,0,39.48,-121.25,39.48,-121.25,0,0,0,0,0,115,0,0,0
653467,2020,5,30,"2020-05-30","12:40:00",3,"OR",41,0,1.75,0,0,0,0,42.9,-121.66,42.9,-121.66,0,0,0,0,0,35,0,0,0
653468,2020,5,30,"2020-05-30","13:59:00",3,"OR",41,0,1.75,0,0,0,0,43.46,-121.69,43.46,-121.69,0,0,0,0,0,35,0,0,0
653469,2020,5,30,"2020-05-30","14:05:00",3,"OR",41,0,2,0,0,0,0,44.2079,-121.4214,44.2079,-121.4214,0,0,0,0,0,17,0,0,0
653470,2020,5,30,"2020-05-30","14:30:00",3,"OR",41,0,1,0,0,0,0,43.7365,-121.702,43.7365,-121.702,0,0,0,0,0,17,0,0,0
653471,2020,5,30,"2020-05-30","14:48:00",3,"OR",41,0,1.5,0,0,0,0,44.0393,-121.3427,44.0393,-121.3427,0,0,0,0,0,17,0,0,0
653472,2020,5,30,"2020-05-30","14:50:00",3,"OR",41,0,1.25,0,0,0,0,43.63,-121.53,43.63,-121.53,0,0,0,0,0,17,0,0,0
653473,2020,5,30,"2020-05-30","15:00:00",3,"OR",41,0,1,0,0,0,0,43.9107,-121.3574,43.8698,-121.4142,0,0,0,0,0,17,0,0,0
653474,2020,5,30,"2020-05-30","15:26:00",3,"OR",41,0,1.75,0,0,0,0,44.4963,-121.2077,44.4963,-121.2077,0,0,0,0,0,31,0,0,0
653475,2020,5,30,"2020-05-30","15:34:00",3,"OR",41,0,1.25,0,0,0,0,44.35,-121.3014,44.35,-121.3014,0,0,0,0,0,17,0,0,0
653476,2020,5,30,"2020-05-30","15:36:00",3,"OR",41,0,1.75,0,0,0,0,44.83,-119.78,44.83,-119.78,0,0,0,0,0,69,0,0,0
653477,2020,5,30,"2020-05-30","15:45:00",3,"OR",41,0,1.75,0,0,0,0,44.75,-119.63,44.75,-119.63,0,0,0,0,0,23,0,0,0
653478,2020,5,30,"2020-05-30","15:50:00",3,"OR",41,0,2,0,0,0,0,44.9223,-119.5644,44.9223,-119.5644,0,0,0,0,0,23,0,0,0
653479,2020,5,30,"2020-05-30","16:05:00",3,"OR",41,0,1.75,0,0,0,0,44.8345,-119.42,44.8345,-119.42,0,0,0,0,0,23,0,0,0
653480,2020,5,30,"2020-05-30","16:45:00",3,"OR",41,0,1.75,0,0,0,0,45.6297,-119.1286,45.6297,-119.1286,0,0,0,0,0,59,0,0,0
653481,2020,5,30,"2020-05-30","17:00:00",3,"WY",56,0,0.88,0,0,0,0,43.0434,-108.3724,43.0434,-108.3724,0,0,0,0,0,13,0,0,0
653482,2020,5,30,"2020-05-30","17:13:00",3,"OR",41,0,1.5,0,0,0,0,45.67,-118.9036,45.67,-118.9036,0,0,0,0,0,59,0,0,0
653483,2020,5,30,"2020-05-30","17:28:00",3,"CO",8,0,0.88,0,0,0,0,38.26,-104.61,38.26,-104.61,0,0,0,0,0,101,0,0,0
653484,2020,5,30,"2020-05-30","17:31:00",3,"OR",41,0,1.25,0,0,0,0,45.87,-118.93,45.87,-118.93,0,0,0,0,0,59,0,0,0
653485,2020,5,30,"2020-05-30","17:31:00",3,"CO",8,0,1,0,0,0,0,38.22,-104.61,38.22,-104.61,0,0,0,0,0,101,0,0,0
653486,2020,5,30,"2020-05-30","17:32:00",3,"CO",8,0,1,0,0,0,0,38.28,-104.66,38.28,-104.66,0,0,0,0,0,101,0,0,0
653487,2020,5,30,"2020-05-30","17:33:00",3,"CO",8,0,1,0,0,0,0,38.27,-104.62,38.27,-104.62,0,0,0,0,0,101,0,0,0
653488,2020,5,30,"2020-05-30","17:37:00",3,"CO",8,0,1,0,0,0,0,38.26,-104.61,38.26,-104.61,0,0,0,0,0,101,0,0,0
653489,2020,5,30,"2020-05-30","17:38:00",3,"CO",8,0,1,0,0,0,0,38.25,-104.63,38.25,-104.63,0,0,0,0,0,101,0,0,0
653490,2020,5,30,"2020-05-30","18:10:00",3,"OR",41,0,2,0,0,0,0,45.85,-118.8162,45.85,-118.8162,0,0,0,0,0,59,0,0,0
653491,2020,5,30,"2020-05-30","18:30:00",3,"CO",8,0,0.75,0,0,0,0,40.58,-105.1,40.58,-105.1,0,0,0,0,0,69,0,0,0
653492,2020,5,30,"2020-05-30","19:28:00",3,"WY",56,0,1.75,0,0,0,0,44.3585,-106.71,44.3697,-106.7076,0,0,0,0,0,19,0,0,0
653493,2020,5,31,"2020-05-31","03:00:00",3,"OR",41,0,1,0,0,0,0,45.35,-117.23,45.35,-117.23,0,0,0,0,0,63,0,0,0
653494,2020,5,31,"2020-05-31","14:56:00",3,"WY",56,0,0.75,0,0,0,0,41.32,-104.22,41.32,-104.22,0,0,0,0,0,21,0,0,0
653495,2020,5,31,"2020-05-31","17:07:00",3,"MT",30,0,0.75,0,0,0,0,46.41,-105.82,46.41,-105.82,0,0,0,0,0,17,0,0,0
653496,2020,5,31,"2020-05-31","17:20:00",3,"MT",30,0,0.75,0,0,0,0,46.42,-105.66,46.42,-105.66,0,0,0,0,0,17,0,0,0
653497,2020,5,31,"2020-05-31","17:30:00",3,"MT",30,0,1,0,0,0,0,46.38,-105.58,46.38,-105.58,0,0,0,0,0,17,0,0,0
653498,2020,5,31,"2020-05-31","18:20:00",3,"MT",30,0,1,0,0,0,0,45.31,-104.81,45.31,-104.81,0,0,0,0,0,11,0,0,0
653499,2020,5,31,"2020-05-31","19:30:00",3,"SD",46,0,1,0,0,0,0,45.58,-103.73,45.58,-103.73,0,0,0,0,0,63,0,0,0
653500,2020,5,31,"2020-05-31","19:45:00",3,"SD",46,0,1.75,0,0,0,0,45.55,-103.98,45.55,-103.98,0,0,0,0,0,63,0,0,0
653501,2020,5,31,"2020-05-31","20:00:00",3,"SD",46,0,1.5,0,0,0,0,45.55,-103.98,45.55,-103.98,0,0,0,0,0,63,0,0,0
653502,2020,5,31,"2020-05-31","20:00:00",3,"SD",46,0,1.75,0,0,0,0,45.579,-103.98,45.579,-103.98,0,0,0,0,0,63,0,0,0
652014,2020,5,2,"2020-05-02","13:45:00",3,"CO",8,0,1,0,0,0,0,39.84,-108.24,39.84,-108.24,0,0,0,0,0,103,0,0,0
652015,2020,5,2,"2020-05-02","18:29:00",3,"CO",8,0,0.88,0,0,0,0,40.32,-104.19,40.32,-104.19,0,0,0,0,0,123,0,0,0
652016,2020,5,2,"2020-05-02","20:28:00",3,"IL",17,0,0.88,0,0,0,0,39.82,-89.67,39.82,-89.67,0,0,0,0,0,167,0,0,0
652017,2020,5,2,"2020-05-02","21:52:00",3,"IL",17,0,1,0,0,0,0,39.3911,-88.8,39.3911,-88.8,0,0,0,0,0,173,0,0,0
652018,2020,5,2,"2020-05-02","22:20:00",3,"IL",17,0,0.88,0,0,0,0,39.48,-88.18,39.48,-88.18,0,0,0,0,0,29,0,0,0
652019,2020,5,2,"2020-05-02","22:24:00",3,"IL",17,0,1,0,0,0,0,39.48,-88.1988,39.48,-88.1988,0,0,0,0,0,29,0,0,0
652020,2020,5,2,"2020-05-02","22:26:00",3,"IL",17,0,1.25,0,0,0,0,39.4595,-88.1535,39.4595,-88.1535,0,0,0,0,0,29,0,0,0
652021,2020,5,2,"2020-05-02","23:22:00",3,"IN",18,0,1,0,0,0,0,39.2,-87.35,39.2,-87.35,0,0,0,0,0,153,0,0,0
652022,2020,5,2,"2020-05-02","23:32:00",3,"IN",18,0,1,0,0,0,0,39.11,-87.31,39.11,-87.31,0,0,0,0,0,153,0,0,0
652023,2020,5,3,"2020-05-03","00:20:00",3,"CO",8,0,0.88,0,0,0,0,40.08,-102.21,40.08,-102.21,0,0,0,0,0,125,0,0,0
652024,2020,5,3,"2020-05-03","04:14:00",3,"KS",20,0,1.5,0,0,0,0,38.25,-97.34,38.25,-97.34,0,0,0,0,0,115,0,0,0
652025,2020,5,3,"2020-05-03","04:14:00",3,"KS",20,0,0.75,0,0,0,0,38.25,-97.35,38.25,-97.35,0,0,0,0,0,115,0,0,0
652026,2020,5,3,"2020-05-03","04:34:00",3,"KS",20,0,1,0,0,0,0,38.25,-97.31,38.25,-97.31,0,0,0,0,0,115,0,0,0
652027,2020,5,3,"2020-05-03","05:00:00",3,"KS",20,0,1,0,0,1000,0,37.87,-97.34,37.87,-97.34,0,0,0,0,0,173,0,0,0
652028,2020,5,3,"2020-05-03","05:07:00",3,"KS",20,0,1.75,0,0,0,0,37.86,-97.37,37.86,-97.37,0,0,0,0,0,173,0,0,0
652029,2020,5,3,"2020-05-03","05:10:00",3,"KS",20,0,1.5,0,0,0,0,37.88,-97.4,37.88,-97.4,0,0,0,0,0,173,0,0,0
652030,2020,5,3,"2020-05-03","05:15:00",3,"KS",20,0,2,0,0,0,0,37.88,-97.28,37.88,-97.28,0,0,0,0,0,173,0,0,0
652031,2020,5,3,"2020-05-03","05:15:00",3,"KS",20,0,1,0,0,0,0,37.52,-97.88,37.52,-97.88,0,0,0,0,0,95,0,0,0
652032,2020,5,3,"2020-05-03","05:36:00",3,"KS",20,0,1.75,0,0,0,0,37.84,-97.37,37.84,-97.37,0,0,0,0,0,173,0,0,0
652033,2020,5,3,"2020-05-03","05:40:00",3,"KS",20,0,1,0,0,0,0,37.73,-97.14,37.73,-97.14,0,0,0,0,0,15,0,0,0
652034,2020,5,3,"2020-05-03","05:45:00",3,"KS",20,0,1,0,0,0,0,37.54,-97.64,37.54,-97.64,0,0,0,0,0,173,0,0,0
652035,2020,5,3,"2020-05-03","05:50:00",3,"KS",20,0,1.25,0,0,0,0,37.48,-97.72,37.48,-97.72,0,0,0,0,0,173,0,0,0
652036,2020,5,3,"2020-05-03","06:39:00",3,"KS",20,0,1,0,0,0,0,37.62,-96.33,37.62,-96.33,0,0,0,0,0,73,0,0,0
652037,2020,5,3,"2020-05-03","07:40:00",3,"KS",20,0,1.5,0,0,30000,0,37.41,-94.83,37.41,-94.83,0,0,0,0,0,37,0,0,0
652038,2020,5,3,"2020-05-03","08:03:00",3,"MO",29,0,2.75,0,0,2e+06,0,37.2491,-94.6163,37.1588,-94.0923,0,0,0,0,0,97,0,0,0
652039,2020,5,3,"2020-05-03","08:05:00",3,"KS",20,0,1,0,0,0,0,37.26,-95.06,37.26,-95.06,0,0,0,0,0,21,0,0,0
652040,2020,5,3,"2020-05-03","08:15:00",3,"KS",20,0,1,0,0,0,0,37.4,-94.71,37.4,-94.71,0,0,0,0,0,37,0,0,0
652041,2020,5,3,"2020-05-03","08:16:00",3,"KS",20,0,1,0,0,0,0,37.43,-94.66,37.43,-94.66,0,0,0,0,0,37,0,0,0
652042,2020,5,3,"2020-05-03","09:10:00",3,"MO",29,0,1,0,0,0,0,37.11,-93.82,37.11,-93.82,0,0,0,0,0,109,0,0,0
652043,2020,5,3,"2020-05-03","09:14:00",3,"MO",29,0,1,0,0,0,0,37.1,-93.81,37.1,-93.81,0,0,0,0,0,109,0,0,0
652044,2020,5,3,"2020-05-03","09:19:00",3,"MO",29,0,1,0,0,0,0,36.63,-93.42,36.63,-93.42,0,0,0,0,0,209,0,0,0
652045,2020,5,3,"2020-05-03","09:20:00",3,"MO",29,0,1,0,0,0,0,37.51,-93.46,37.51,-93.46,0,0,0,0,0,167,0,0,0
652046,2020,5,3,"2020-05-03","09:23:00",3,"MO",29,0,2,0,0,0,0,36.58,-93.43,36.58,-93.43,0,0,0,0,0,209,0,0,0
652047,2020,5,3,"2020-05-03","09:23:00",3,"MO",29,0,1.75,0,0,125000,0,36.61,-93.42,36.61,-93.42,0,0,0,0,0,209,0,0,0
652048,2020,5,3,"2020-05-03","09:27:00",3,"MO",29,0,1,0,0,0,0,36.9,-93.57,36.9,-93.57,0,0,0,0,0,209,0,0,0
652049,2020,5,3,"2020-05-03","09:31:00",3,"MO",29,0,1.75,0,0,75000,0,36.93,-93.5,36.93,-93.5,0,0,0,0,0,209,0,0,0
652050,2020,5,3,"2020-05-03","09:31:00",3,"MO",29,0,1,0,0,0,0,36.64,-93.32,36.64,-93.32,0,0,0,0,0,209,0,0,0
652051,2020,5,3,"2020-05-03","09:35:00",3,"MO",29,0,2.75,0,0,6e+05,0,36.6202,-93.2611,36.52,-92.83,0,0,0,0,0,213,0,0,0
652052,2020,5,3,"2020-05-03","09:41:00",3,"AR",5,0,1.75,0,0,0,0,36.45,-93.19,36.45,-93.19,0,0,0,0,0,9,0,0,0
652053,2020,5,3,"2020-05-03","10:24:00",3,"AR",5,0,2,0,0,0,0,36.45,-92.77,36.45,-92.77,0,0,0,0,0,89,0,0,0
652054,2020,5,3,"2020-05-03","10:45:00",3,"MO",29,0,1.25,0,0,0,0,36.58,-92.11,36.58,-92.11,0,0,0,0,0,91,0,0,0
652055,2020,5,3,"2020-05-03","10:50:00",3,"AR",5,0,2,0,0,0,0,36.38,-92.54,36.38,-92.54,0,0,0,0,0,5,0,0,0
652056,2020,5,3,"2020-05-03","10:53:00",3,"MO",29,0,1.75,0,0,0,0,36.62,-92.11,36.62,-92.11,0,0,0,0,0,91,0,0,0
652057,2020,5,3,"2020-05-03","10:53:00",3,"AR",5,0,1.5,0,0,0,0,36.37,-92.42,36.37,-92.42,0,0,0,0,0,5,0,0,0
652058,2020,5,3,"2020-05-03","10:54:00",3,"AR",5,0,1.75,0,0,0,0,36.39,-92.46,36.39,-92.46,0,0,0,0,0,5,0,0,0
652059,2020,5,3,"2020-05-03","11:00:00",3,"AR",5,0,1,0,0,0,0,36.34,-92.38,36.34,-92.38,0,0,0,0,0,5,0,0,0
652060,2020,5,3,"2020-05-03","11:00:00",3,"AR",5,0,1.5,0,0,0,0,36.34,-92.38,36.34,-92.38,0,0,0,0,0,5,0,0,0
652061,2020,5,3,"2020-05-03","11:08:00",3,"AR",5,0,1.75,0,0,0,0,36.23,-92.69,36.23,-92.69,0,0,0,0,0,89,0,0,0
652062,2020,5,3,"2020-05-03","11:26:00",3,"AR",5,0,2.5,0,0,0,0,36.35,-92.38,36.35,-92.38,0,0,0,0,0,5,0,0,0
652063,2020,5,3,"2020-05-03","11:30:00",3,"AR",5,0,2,0,0,0,0,36.18,-92.28,36.18,-92.28,0,0,0,0,0,5,0,0,0
652064,2020,5,3,"2020-05-03","11:45:00",3,"AR",5,0,1.25,0,0,0,0,36.12,-92.14,36.12,-92.14,0,0,0,0,0,65,0,0,0
652065,2020,5,3,"2020-05-03","12:02:00",3,"AR",5,0,1,0,0,0,0,36.06,-91.9,36.06,-91.9,0,0,0,0,0,65,0,0,0
652066,2020,5,3,"2020-05-03","12:20:00",3,"AR",5,0,1,0,0,0,0,36,-91.66,36,-91.66,0,0,0,0,0,135,0,0,0
652067,2020,5,3,"2020-05-03","13:09:00",3,"MO",29,0,0.75,0,0,0,0,36.1198,-90.1573,36.1198,-90.1573,0,0,0,0,0,69,0,0,0
652068,2020,5,3,"2020-05-03","13:10:00",3,"AR",5,0,1,0,0,0,0,35.82,-90.43,35.82,-90.43,0,0,0,0,0,31,0,0,0
652069,2020,5,3,"2020-05-03","14:11:00",3,"TN",47,0,0.75,0,0,0,0,36.0717,-88.6895,36.0717,-88.6895,0,0,0,0,0,183,0,0,0
652070,2020,5,3,"2020-05-03","14:48:00",3,"SD",46,0,0.88,0,0,0,0,44.38,-103.73,44.38,-103.73,0,0,0,0,0,81,0,0,0
652071,2020,5,3,"2020-05-03","14:50:00",3,"SD",46,0,1.25,0,0,0,0,44.3966,-103.6739,44.3966,-103.6739,0,0,0,0,0,81,0,0,0
652072,2020,5,3,"2020-05-03","15:10:00",3,"TN",47,0,0.75,0,0,0,0,35.2613,-89.7843,35.2613,-89.7843,0,0,0,0,0,157,0,0,0
652073,2020,5,3,"2020-05-03","15:10:00",3,"SD",46,0,1,0,0,0,0,44.18,-103.34,44.18,-103.34,0,0,0,0,0,93,0,0,0
652074,2020,5,3,"2020-05-03","15:14:00",3,"MT",30,0,0.75,0,0,0,0,45.97,-108.17,45.97,-108.17,0,0,0,0,0,111,0,0,0
652075,2020,5,3,"2020-05-03","15:20:00",3,"SD",46,0,1,0,0,0,0,44.41,-103.51,44.41,-103.51,0,0,0,0,0,93,0,0,0
652076,2020,5,3,"2020-05-03","15:30:00",3,"WY",56,0,0.88,0,0,0,0,44.1,-104.86,44.1,-104.86,0,0,0,0,0,45,0,0,0
652077,2020,5,3,"2020-05-03","15:31:00",3,"SD",46,0,1,0,0,0,0,44.41,-103.51,44.41,-103.51,0,0,0,0,0,93,0,0,0
652078,2020,5,3,"2020-05-03","15:36:00",3,"SD",46,0,1.75,0,0,0,0,44.41,-103.51,44.41,-103.51,0,0,0,0,0,93,0,0,0
652079,2020,5,3,"2020-05-03","15:38:00",3,"SD",46,0,1,0,0,0,0,44.15,-103.31,44.15,-103.31,0,0,0,0,0,93,0,0,0
652080,2020,5,3,"2020-05-03","15:54:00",3,"SD",46,0,1.25,0,0,0,0,44.15,-103.2293,44.15,-103.2293,0,0,0,0,0,93,0,0,0
652081,2020,5,3,"2020-05-03","15:55:00",3,"WY",56,0,1,0,0,0,0,44.1134,-104.6223,44.1134,-104.6223,0,0,0,0,0,45,0,0,0
652082,2020,5,3,"2020-05-03","15:58:00",3,"NE",31,0,1.25,0,0,0,0,40.84,-101.8,40.84,-101.8,0,0,0,0,0,135,0,0,0
652083,2020,5,3,"2020-05-03","16:00:00",3,"SD",46,0,1,0,0,0,0,44.1379,-103.23,44.1379,-103.23,0,0,0,0,0,103,0,0,0
652084,2020,5,3,"2020-05-03","16:02:00",3,"SD",46,0,1.5,0,0,0,0,44.15,-103.2495,44.15,-103.2495,0,0,0,0,0,93,0,0,0
652085,2020,5,3,"2020-05-03","16:06:00",3,"SD",46,0,1.5,0,0,0,0,44.127,-103.217,44.127,-103.217,0,0,0,0,0,103,0,0,0
652086,2020,5,3,"2020-05-03","16:07:00",3,"SD",46,0,1.5,0,0,0,0,44.1262,-103.1921,44.1262,-103.1921,0,0,0,0,0,103,0,0,0
652087,2020,5,3,"2020-05-03","16:10:00",3,"NE",31,0,1,0,0,0,0,41.35,-102.12,41.35,-102.12,0,0,0,0,0,69,0,0,0
652088,2020,5,3,"2020-05-03","16:25:00",3,"SD",46,0,1.5,0,0,0,0,44.07,-103.13,44.07,-103.13,0,0,0,0,0,103,0,0,0
652089,2020,5,3,"2020-05-03","16:40:00",3,"TN",47,0,1,0,0,0,0,35.5736,-88.7861,35.5736,-88.7861,0,0,0,0,0,113,0,0,0
652090,2020,5,3,"2020-05-03","16:40:00",3,"TN",47,0,1.25,0,0,0,0,35.902,-89.0641,35.902,-89.0641,0,0,0,0,0,53,0,0,0
652091,2020,5,3,"2020-05-03","16:45:00",3,"TN",47,0,1.25,0,0,0,0,35.95,-89.33,35.95,-89.33,0,0,0,0,0,45,0,0,0
652092,2020,5,3,"2020-05-03","16:45:00",3,"TN",47,0,1.75,0,0,0,0,35.9499,-89.242,35.9499,-89.242,0,0,0,0,0,45,0,0,0
652093,2020,5,3,"2020-05-03","16:55:00",3,"TN",47,0,0.88,0,0,0,0,35.5342,-88.6836,35.5342,-88.6836,0,0,0,0,0,113,0,0,0
652094,2020,5,3,"2020-05-03","16:56:00",3,"TN",47,0,1.5,0,0,0,0,35.87,-89.17,35.87,-89.17,0,0,0,0,0,33,0,0,0
652095,2020,5,3,"2020-05-03","16:58:00",3,"TN",47,0,0.75,0,0,0,0,35.8,-88.77,35.8,-88.77,0,0,0,0,0,53,0,0,0
652096,2020,5,3,"2020-05-03","17:00:00",3,"NE",31,0,1.5,0,0,0,0,40.71,-101.32,40.71,-101.32,0,0,0,0,0,135,0,0,0
652097,2020,5,3,"2020-05-03","17:00:00",3,"SD",46,0,1,0,0,0,0,44.0533,-103.2146,44.0533,-103.2146,0,0,0,0,0,103,0,0,0
652098,2020,5,3,"2020-05-03","17:00:00",3,"TN",47,0,1,0,0,0,0,35.5121,-88.5663,35.5121,-88.5663,0,0,0,0,0,23,0,0,0
652099,2020,5,3,"2020-05-03","17:02:00",3,"SD",46,0,1.75,0,0,0,0,44.0109,-102.8231,44.0109,-102.8231,0,0,0,0,0,103,0,0,0
652100,2020,5,3,"2020-05-03","17:09:00",3,"MT",30,0,1.75,0,0,0,0,45.5,-104.59,45.5,-104.59,0,0,0,0,0,11,0,0,0
652101,2020,5,3,"2020-05-03","17:30:00",3,"TN",47,0,1.5,0,0,0,0,35.72,-88.8,35.72,-88.8,0,0,0,0,0,113,0,0,0
652102,2020,5,3,"2020-05-03","17:40:00",3,"MT",30,0,1,0,0,0,0,45.48,-104.49,45.48,-104.49,0,0,0,0,0,11,0,0,0
652103,2020,5,3,"2020-05-03","17:50:00",3,"MT",30,0,1.75,0,0,0,0,45.38,-104.52,45.38,-104.52,0,0,0,0,0,11,0,0,0
652104,2020,5,3,"2020-05-03","18:00:00",3,"SD",46,0,1,0,0,0,0,43.88,-102.45,43.88,-102.45,0,0,0,0,0,103,0,0,0
652105,2020,5,3,"2020-05-03","18:05:00",3,"MT",30,0,1.5,0,0,0,0,45.38,-104.48,45.38,-104.48,0,0,0,0,0,11,0,0,0
652106,2020,5,3,"2020-05-03","18:12:00",3,"MT",30,0,1,0,0,0,0,46.92,-104.05,46.92,-104.05,0,0,0,0,0,109,0,0,0
652107,2020,5,3,"2020-05-03","18:21:00",3,"ND",38,0,1,0,0,0,0,46.93,-104.05,46.93,-104.05,0,0,0,0,0,33,0,0,0
652108,2020,5,3,"2020-05-03","18:26:00",3,"NE",31,0,0.88,0,0,0,0,40.32,-100.8,40.32,-100.8,0,0,0,0,0,87,0,0,0
652109,2020,5,3,"2020-05-03","18:26:00",3,"ND",38,0,1,0,0,0,0,46.92,-104.01,46.92,-104.01,0,0,0,0,0,33,0,0,0
652110,2020,5,3,"2020-05-03","18:32:00",3,"SD",46,0,1,0,0,0,0,43.8721,-103.58,43.8721,-103.58,0,0,0,0,0,103,0,0,0
652111,2020,5,3,"2020-05-03","18:40:00",3,"SD",46,0,1,0,0,0,0,43.71,-102.13,43.71,-102.13,0,0,0,0,0,103,0,0,0
652112,2020,5,3,"2020-05-03","18:46:00",3,"NE",31,0,1,0,0,0,0,41.08,-102.02,41.08,-102.02,0,0,0,0,0,101,0,0,0
652113,2020,5,3,"2020-05-03","19:00:00",3,"SD",46,0,1,0,0,0,0,43.84,-103.3104,43.84,-103.3104,0,0,0,0,0,33,0,0,0
652114,2020,5,3,"2020-05-03","19:05:00",3,"SD",46,0,2.75,0,0,0,0,43.5969,-101.9618,43.5969,-101.9618,0,0,0,0,0,71,0,0,0
652115,2020,5,3,"2020-05-03","19:23:00",3,"MT",30,0,0.88,0,0,0,0,45.21,-104.26,45.21,-104.26,0,0,0,0,0,11,0,0,0
652116,2020,5,3,"2020-05-03","19:25:00",3,"MT",30,0,1,0,0,0,0,45.16,-104.3,45.16,-104.3,0,0,0,0,0,11,0,0,0
652117,2020,5,3,"2020-05-03","19:26:00",3,"NE",31,0,1,0,0,0,0,41.21,-101.67,41.21,-101.67,0,0,0,0,0,101,0,0,0
652118,2020,5,3,"2020-05-03","19:34:00",3,"SD",46,0,1.25,0,0,0,0,43.52,-101.8,43.52,-101.8,0,0,0,0,0,71,0,0,0
652119,2020,5,3,"2020-05-03","19:34:00",3,"CO",8,0,1,0,0,0,0,39.2,-103.83,39.2,-103.83,0,0,0,0,0,39,0,0,0
652120,2020,5,3,"2020-05-03","19:53:00",3,"SD",46,0,1.25,0,0,0,0,43.44,-101.61,43.44,-101.61,0,0,0,0,0,71,0,0,0
652121,2020,5,3,"2020-05-03","20:13:00",3,"SD",46,0,1,0,0,0,0,43.38,-101.5,43.38,-101.5,0,0,0,0,0,7,0,0,0
652122,2020,5,3,"2020-05-03","20:30:00",3,"CO",8,0,1,0,0,0,0,40.27,-102.88,40.27,-102.88,0,0,0,0,0,121,0,0,0
652123,2020,5,3,"2020-05-03","21:27:00",3,"CO",8,0,0.75,0,0,0,0,39.3,-103.07,39.3,-103.07,0,0,0,0,0,63,0,0,0
652124,2020,5,3,"2020-05-03","21:46:00",3,"CO",8,0,1,0,0,0,0,39.35,-103.8,39.35,-103.8,0,0,0,0,0,39,0,0,0
652125,2020,5,3,"2020-05-03","22:15:00",3,"CO",8,0,0.75,0,0,0,0,39.3,-102.6,39.3,-102.6,0,0,0,0,0,63,0,0,0
652126,2020,5,3,"2020-05-03","22:38:00",3,"CO",8,0,1,0,0,0,0,40.61,-103.53,40.61,-103.53,0,0,0,0,0,75,0,0,0
652127,2020,5,3,"2020-05-03","22:52:00",3,"CO",8,0,0.88,0,0,0,0,40.61,-103.32,40.61,-103.32,0,0,0,0,0,75,0,0,0
652128,2020,5,3,"2020-05-03","22:55:00",3,"CO",8,0,1.75,0,0,0,0,40.63,-103.21,40.63,-103.21,0,0,0,0,0,75,0,0,0
652129,2020,5,3,"2020-05-03","23:03:00",3,"CO",8,0,0.88,0,0,0,0,39.3,-102.27,39.3,-102.27,0,0,0,0,0,63,0,0,0
652130,2020,5,3,"2020-05-03","23:20:00",3,"KS",20,0,1,0,0,0,0,39.34,-102.04,39.34,-102.04,0,0,0,0,0,181,0,0,0
652131,2020,5,4,"2020-05-04","00:54:00",3,"CO",8,0,0.75,0,0,0,0,40.08,-102.1,40.08,-102.1,0,0,0,0,0,125,0,0,0
652132,2020,5,4,"2020-05-04","01:33:00",3,"NE",31,0,1,0,0,0,0,40.12,-101.73,40.12,-101.73,0,0,0,0,0,57,0,0,0
652133,2020,5,4,"2020-05-04","03:30:00",3,"NE",31,0,0.75,0,0,0,0,40.18,-101.02,40.18,-101.02,0,0,0,0,0,87,0,0,0
652134,2020,5,4,"2020-05-04","05:52:00",3,"KS",20,0,1.75,0,0,0,0,38.9,-97.11,38.9,-97.11,0,0,0,0,0,41,0,0,0
652135,2020,5,4,"2020-05-04","06:10:00",3,"KS",20,0,0.88,0,0,0,0,38.94,-97.05,38.94,-97.05,0,0,0,0,0,41,0,0,0
652136,2020,5,4,"2020-05-04","06:20:00",3,"KS",20,0,0.75,0,0,0,0,38.39,-96.54,38.39,-96.54,0,0,0,0,0,17,0,0,0
652137,2020,5,4,"2020-05-04","06:21:00",3,"KS",20,0,1,0,0,0,0,39.01,-98.15,39.01,-98.15,0,0,0,0,0,105,0,0,0
652138,2020,5,4,"2020-05-04","06:25:00",3,"KS",20,0,0.75,0,0,0,0,38.8,-97.61,38.8,-97.61,0,0,0,0,0,169,0,0,0
652139,2020,5,4,"2020-05-04","06:25:00",3,"KS",20,0,1,0,0,0,0,38.17,-96.16,38.17,-96.16,0,0,0,0,0,73,0,0,0
652140,2020,5,4,"2020-05-04","06:25:00",3,"KS",20,0,1,0,0,0,0,38.17,-96.16,38.17,-96.16,0,0,0,0,0,111,0,0,0
652141,2020,5,4,"2020-05-04","06:28:00",3,"KS",20,0,0.75,0,0,0,0,38.8,-97.62,38.8,-97.62,0,0,0,0,0,169,0,0,0
652142,2020,5,4,"2020-05-04","06:30:00",3,"KS",20,0,1,0,0,0,0,38.82,-97.62,38.82,-97.62,0,0,0,0,0,169,0,0,0
652143,2020,5,4,"2020-05-04","06:33:00",3,"KS",20,0,1,0,0,0,0,38.82,-97.62,38.82,-97.62,0,0,0,0,0,169,0,0,0
652144,2020,5,4,"2020-05-04","06:35:00",3,"KS",20,0,1,0,0,0,0,38.82,-97.62,38.82,-97.62,0,0,0,0,0,169,0,0,0
652145,2020,5,4,"2020-05-04","06:35:00",3,"KS",20,0,1,0,0,0,0,38.81,-97.6,38.81,-97.6,0,0,0,0,0,169,0,0,0
652146,2020,5,4,"2020-05-04","06:39:00",3,"KS",20,0,1,0,0,0,0,38.81,-97.58,38.81,-97.58,0,0,0,0,0,169,0,0,0
652147,2020,5,4,"2020-05-04","06:39:00",3,"KS",20,0,1.75,0,0,0,0,39.04,-98.14,39.04,-98.14,0,0,0,0,0,105,0,0,0
652148,2020,5,4,"2020-05-04","06:40:00",3,"KS",20,0,1,0,0,0,0,38.82,-97.62,38.82,-97.62,0,0,0,0,0,169,0,0,0
652149,2020,5,4,"2020-05-04","06:40:00",3,"KS",20,0,1.75,0,0,0,0,38.88,-97.51,38.88,-97.51,0,0,0,0,0,169,0,0,0
652150,2020,5,4,"2020-05-04","06:40:00",3,"KS",20,0,1,0,0,0,0,39.03,-96.84,39.03,-96.84,0,0,0,0,0,61,0,0,0
652151,2020,5,4,"2020-05-04","06:41:00",3,"KS",20,0,2,0,0,0,0,38.88,-97.51,38.88,-97.51,0,0,0,0,0,169,0,0,0
652152,2020,5,4,"2020-05-04","06:41:00",3,"KS",20,0,0.88,0,0,0,0,39.03,-96.8,39.03,-96.8,0,0,0,0,0,61,0,0,0
652153,2020,5,4,"2020-05-04","06:45:00",3,"KS",20,0,1.5,0,0,0,0,38.88,-97.44,38.88,-97.44,0,0,0,0,0,169,0,0,0
652154,2020,5,4,"2020-05-04","06:49:00",3,"KS",20,0,1,0,0,0,0,39.03,-96.83,39.03,-96.83,0,0,0,0,0,61,0,0,0
652155,2020,5,4,"2020-05-04","06:50:00",3,"KS",20,0,1,0,0,0,0,39.02,-97.88,39.02,-97.88,0,0,0,0,0,143,0,0,0
652156,2020,5,4,"2020-05-04","06:50:00",3,"KS",20,0,1,0,0,0,0,38.99,-96.66,38.99,-96.66,0,0,0,0,0,61,0,0,0
652157,2020,5,4,"2020-05-04","06:59:00",3,"KS",20,0,1,0,0,0,0,38.9,-97.11,38.9,-97.11,0,0,0,0,0,41,0,0,0
652158,2020,5,4,"2020-05-04","07:00:00",3,"KS",20,0,1,0,0,0,0,39.12,-97.71,39.12,-97.71,0,0,0,0,0,143,0,0,0
652159,2020,5,4,"2020-05-04","07:06:00",3,"KS",20,0,1.75,0,0,0,0,38.92,-97.2,38.92,-97.2,0,0,0,0,0,41,0,0,0
652160,2020,5,4,"2020-05-04","07:07:00",3,"KS",20,0,1.75,0,0,0,0,38.92,-97.36,38.92,-97.36,0,0,0,0,0,41,0,0,0
652161,2020,5,4,"2020-05-04","07:08:00",3,"KS",20,0,1,0,0,0,0,38.41,-96.17,38.41,-96.17,0,0,0,0,0,111,0,0,0
652162,2020,5,4,"2020-05-04","07:10:00",3,"KS",20,0,1,0,0,0,0,38.28,-95.86,38.28,-95.86,0,0,0,0,0,31,0,0,0
652163,2020,5,4,"2020-05-04","07:17:00",3,"OK",40,0,1.75,0,0,20000,0,36.5463,-95.3638,36.5463,-95.3638,0,0,0,0,0,131,0,0,0
652164,2020,5,4,"2020-05-04","07:20:00",3,"KS",20,0,1,0,0,0,0,38.42,-95.86,38.42,-95.86,0,0,0,0,0,31,0,0,0
652165,2020,5,4,"2020-05-04","07:23:00",3,"KS",20,0,1,0,0,0,0,38.42,-95.85,38.42,-95.85,0,0,0,0,0,31,0,0,0
652166,2020,5,4,"2020-05-04","07:23:00",3,"KS",20,0,1,0,0,0,0,38.4,-95.6,38.4,-95.6,0,0,0,0,0,31,0,0,0
652167,2020,5,4,"2020-05-04","07:31:00",3,"KS",20,0,2.5,0,0,0,0,38.92,-97.21,38.92,-97.21,0,0,0,0,0,41,0,0,0
652168,2020,5,4,"2020-05-04","07:35:00",3,"KS",20,0,2.5,0,0,0,0,38.42,-95.86,38.42,-95.86,0,0,0,0,0,31,0,0,0
652169,2020,5,4,"2020-05-04","07:40:00",3,"OK",40,0,2,0,0,20000,0,36.5374,-95.2217,36.5374,-95.2217,0,0,0,0,0,35,0,0,0
652170,2020,5,4,"2020-05-04","07:40:00",3,"KS",20,0,2.75,0,0,0,0,38.41,-95.99,38.41,-95.99,0,0,0,0,0,111,0,0,0
652171,2020,5,4,"2020-05-04","07:44:00",3,"KS",20,0,1,0,0,0,0,39.06,-96.1,39.06,-96.1,0,0,0,0,0,197,0,0,0
652172,2020,5,4,"2020-05-04","07:45:00",3,"OK",40,0,1.5,0,0,15000,0,36.7302,-95.1086,36.7302,-95.1086,0,0,0,0,0,35,0,0,0
652173,2020,5,4,"2020-05-04","07:47:00",3,"KS",20,0,2,0,0,0,0,38.48,-95.75,38.48,-95.75,0,0,0,0,0,139,0,0,0
652174,2020,5,4,"2020-05-04","07:52:00",3,"OK",40,0,2,0,0,75000,0,36.6414,-95.1551,36.6414,-95.1551,0,0,0,0,0,35,0,0,0
652175,2020,5,4,"2020-05-04","07:52:00",3,"KS",20,0,1.25,0,0,0,0,37.93,-95.4,37.93,-95.4,0,0,0,0,0,1,0,0,0
652176,2020,5,4,"2020-05-04","07:54:00",3,"KS",20,0,1.75,0,0,0,0,37.93,-95.4,37.93,-95.4,0,0,0,0,0,1,0,0,0
652177,2020,5,4,"2020-05-04","07:55:00",3,"KS",20,0,1.75,0,0,0,0,37.93,-95.4,37.93,-95.4,0,0,0,0,0,1,0,0,0
652178,2020,5,4,"2020-05-04","07:55:00",3,"OK",40,0,2.5,0,0,30000,0,36.5285,-95.0285,36.5285,-95.0285,0,0,0,0,0,35,0,0,0
652179,2020,5,4,"2020-05-04","07:55:00",3,"KS",20,0,1,0,0,0,0,38.39,-95.6,38.39,-95.6,0,0,0,0,0,31,0,0,0
652180,2020,5,4,"2020-05-04","07:56:00",3,"KS",20,0,1.75,0,0,0,0,39.07,-97.65,39.07,-97.65,0,0,0,0,0,143,0,0,0
652181,2020,5,4,"2020-05-04","07:57:00",3,"KS",20,0,1,0,0,0,0,39.09,-95.94,39.09,-95.94,0,0,0,0,0,177,0,0,0
652182,2020,5,4,"2020-05-04","07:58:00",3,"KS",20,0,1,0,0,0,0,37.94,-95.41,37.94,-95.41,0,0,0,0,0,1,0,0,0
652183,2020,5,4,"2020-05-04","07:59:00",3,"KS",20,0,1.25,0,0,0,0,37.93,-95.4,37.93,-95.4,0,0,0,0,0,1,0,0,0
652184,2020,5,4,"2020-05-04","08:04:00",3,"KS",20,0,1,0,0,0,0,38.48,-95.46,38.48,-95.46,0,0,0,0,0,59,0,0,0
652185,2020,5,4,"2020-05-04","08:04:00",3,"KS",20,0,2.5,0,0,0,0,38.42,-95.85,38.42,-95.85,0,0,0,0,0,31,0,0,0
652186,2020,5,4,"2020-05-04","08:05:00",3,"OK",40,0,2.5,0,0,150000,0,36.48,-95.02,36.48,-95.02,0,0,0,0,0,97,0,0,0
652187,2020,5,4,"2020-05-04","08:07:00",3,"OK",40,0,2,0,0,150000,0,36.909,-94.88,36.909,-94.88,0,0,0,0,0,115,0,0,0
652188,2020,5,4,"2020-05-04","08:08:00",3,"OK",40,0,1.75,0,0,0,0,36.9851,-94.829,36.9851,-94.829,0,0,0,0,0,115,0,0,0
652189,2020,5,4,"2020-05-04","08:10:00",3,"KS",20,0,1.75,0,0,25000,0,37.0172,-94.7512,37.0172,-94.7512,0,0,0,0,0,21,0,0,0
652190,2020,5,4,"2020-05-04","08:12:00",3,"OK",40,0,2.5,0,0,25000,0,36.5284,-95.1118,36.5284,-95.1118,0,0,0,0,0,35,0,0,0
652191,2020,5,4,"2020-05-04","08:18:00",3,"KS",20,0,1.75,0,0,0,0,39.12,-96.71,39.12,-96.71,0,0,0,0,0,161,0,0,0
652192,2020,5,4,"2020-05-04","08:20:00",3,"KS",20,0,0.88,0,0,0,0,39.14,-96.67,39.14,-96.67,0,0,0,0,0,161,0,0,0
652193,2020,5,4,"2020-05-04","08:22:00",3,"KS",20,0,2.75,0,0,80000,0,37.0306,-94.7704,37.0306,-94.7704,0,0,0,0,0,21,0,0,0
652194,2020,5,4,"2020-05-04","08:25:00",3,"OK",40,0,1.5,0,0,25000,0,36.42,-94.854,36.42,-94.854,0,0,0,0,0,41,0,0,0
652195,2020,5,4,"2020-05-04","08:25:00",3,"OK",40,0,2.5,0,0,30000,0,36.4034,-94.8499,36.4034,-94.8499,0,0,0,0,0,41,0,0,0
652196,2020,5,4,"2020-05-04","08:25:00",3,"OK",40,0,1.75,0,0,20000,0,36.6932,-94.9617,36.6932,-94.9617,0,0,0,0,0,115,0,0,0
652197,2020,5,4,"2020-05-04","08:27:00",3,"KS",20,0,1,0,0,0,0,38.4,-95.19,38.4,-95.19,0,0,0,0,0,59,0,0,0
652198,2020,5,4,"2020-05-04","08:30:00",3,"KS",20,0,1.75,0,0,0,0,38.38,-95.25,38.38,-95.25,0,0,0,0,0,3,0,0,0
652199,2020,5,4,"2020-05-04","08:30:00",3,"KS",20,0,1,0,0,0,0,37.92,-95.17,37.92,-95.17,0,0,0,0,0,1,0,0,0
652200,2020,5,4,"2020-05-04","08:31:00",3,"KS",20,0,1.75,0,0,0,0,37.67,-95.46,37.67,-95.46,0,0,0,0,0,133,0,0,0
652201,2020,5,4,"2020-05-04","08:32:00",3,"KS",20,0,1.5,0,0,10000,0,37.1738,-94.6509,37.1738,-94.6509,0,0,0,0,0,21,0,0,0
652202,2020,5,4,"2020-05-04","08:34:00",3,"KS",20,0,1,0,0,0,0,37.92,-95.17,37.92,-95.17,0,0,0,0,0,1,0,0,0
652203,2020,5,4,"2020-05-04","08:34:00",3,"KS",20,0,1,0,0,0,0,38.38,-95.12,38.38,-95.12,0,0,0,0,0,3,0,0,0
652204,2020,5,4,"2020-05-04","08:35:00",3,"OK",40,0,1.5,0,0,25000,0,36.75,-94.85,36.75,-94.85,0,0,0,0,0,115,0,0,0
652205,2020,5,4,"2020-05-04","08:35:00",3,"MO",29,0,1.75,0,0,250000,0,37.1795,-94.5612,37.1094,-94.5181,0,0,0,0,0,97,0,0,0
652206,2020,5,4,"2020-05-04","08:40:00",3,"KS",20,0,1.5,0,0,0,0,38.33,-94.99,38.33,-94.99,0,0,0,0,0,107,0,0,0
652207,2020,5,4,"2020-05-04","08:40:00",3,"KS",20,0,1.5,0,0,0,0,38.33,-94.99,38.33,-94.99,0,0,0,0,0,107,0,0,0
652208,2020,5,4,"2020-05-04","08:41:00",3,"KS",20,0,1.75,0,0,0,0,37.92,-95.15,37.92,-95.15,0,0,0,0,0,1,0,0,0
652209,2020,5,4,"2020-05-04","08:43:00",3,"KS",20,0,1,0,0,0,0,38.1,-94.82,38.1,-94.82,0,0,0,0,0,107,0,0,0
652210,2020,5,4,"2020-05-04","08:43:00",3,"KS",20,0,1.25,0,0,0,0,38.42,-94.95,38.42,-94.95,0,0,0,0,0,121,0,0,0
652211,2020,5,4,"2020-05-04","08:49:00",3,"OK",40,0,1.75,0,0,15000,0,36.87,-95.0276,36.87,-95.0276,0,0,0,0,0,35,0,0,0
652212,2020,5,4,"2020-05-04","08:50:00",3,"AR",5,0,1,0,0,0,0,36.07,-94.17,36.07,-94.17,0,0,0,0,0,143,0,0,0
652213,2020,5,4,"2020-05-04","08:51:00",3,"AR",5,0,1.75,0,0,50000,0,36.083,-94.1626,36.083,-94.1626,0,0,0,0,0,143,0,0,0
652214,2020,5,4,"2020-05-04","09:00:00",3,"AR",5,0,2.5,0,0,1e+05,0,36.0766,-94.1542,36.0766,-94.1542,0,0,0,0,0,143,0,0,0
652215,2020,5,4,"2020-05-04","09:00:00",3,"KS",20,0,2,0,0,20000,0,37.92,-94.82,37.9225,-94.8158,0,0,0,0,0,11,0,0,0
652216,2020,5,4,"2020-05-04","09:02:00",3,"AR",5,0,3,0,0,2e+05,0,36.0858,-94.1345,36.0858,-94.1345,0,0,0,0,0,143,0,0,0
652217,2020,5,4,"2020-05-04","09:07:00",3,"AR",5,0,5,0,0,2e+05,0,36.1151,-94.1365,36.1151,-94.1365,0,0,0,0,0,143,0,0,0
652218,2020,5,4,"2020-05-04","09:08:00",3,"MO",29,0,1.75,0,0,0,0,37.18,-94.31,37.18,-94.31,0,0,0,0,0,97,0,0,0
652219,2020,5,4,"2020-05-04","09:09:00",3,"MO",29,0,1,0,0,0,0,36.67,-94.61,36.67,-94.61,0,0,0,0,0,119,0,0,0
652220,2020,5,4,"2020-05-04","09:11:00",3,"AR",5,0,1.5,0,0,20000,0,36.133,-94.165,36.133,-94.165,0,0,0,0,0,143,0,0,0
652221,2020,5,4,"2020-05-04","09:15:00",3,"MO",29,0,1.5,0,0,0,0,37.15,-94.29,37.15,-94.29,0,0,0,0,0,97,0,0,0
652222,2020,5,4,"2020-05-04","09:15:00",3,"AR",5,0,2,0,0,150000,0,36.3612,-94.2866,36.3612,-94.2866,0,0,0,0,0,7,0,0,0
652223,2020,5,4,"2020-05-04","09:15:00",3,"AR",5,0,4,0,0,250000,0,36.1458,-94.1435,36.1458,-94.1435,0,0,0,0,0,143,0,0,0
652224,2020,5,4,"2020-05-04","09:15:00",3,"MO",29,0,1,0,0,0,0,38.4,-94.48,38.4,-94.48,0,0,0,0,0,13,0,0,0
652225,2020,5,4,"2020-05-04","09:20:00",3,"MO",29,0,1.25,0,0,0,0,36.72,-94.42,36.72,-94.42,0,0,0,0,0,119,0,0,0
652226,2020,5,4,"2020-05-04","09:25:00",3,"AR",5,0,0.75,0,0,0,0,36.3717,-94.212,36.3717,-94.212,0,0,0,0,0,7,0,0,0
652227,2020,5,4,"2020-05-04","09:29:00",3,"MO",29,0,1,0,0,0,0,38.32,-94.35,38.32,-94.35,0,0,0,0,0,13,0,0,0
652228,2020,5,4,"2020-05-04","09:31:00",3,"AR",5,0,1.25,0,0,0,0,36.4792,-94.272,36.4792,-94.272,0,0,0,0,0,7,0,0,0
652229,2020,5,4,"2020-05-04","09:32:00",3,"MO",29,0,1,0,0,0,0,36.65,-94.43,36.65,-94.43,0,0,0,0,0,119,0,0,0
652230,2020,5,4,"2020-05-04","09:32:00",3,"KS",20,0,1,0,0,0,0,39.1,-94.73,39.1,-94.73,0,0,0,0,0,209,0,0,0
652231,2020,5,4,"2020-05-04","09:33:00",3,"AR",5,0,0.75,0,0,0,0,36.3109,-94.1792,36.3109,-94.1792,0,0,0,0,0,7,0,0,0
652232,2020,5,4,"2020-05-04","09:36:00",3,"AR",5,0,1,0,0,0,0,36.33,-94.12,36.33,-94.12,0,0,0,0,0,7,0,0,0
652233,2020,5,4,"2020-05-04","09:39:00",3,"AR",5,0,0.88,0,0,0,0,36.2859,-94.0738,36.2859,-94.0738,0,0,0,0,0,7,0,0,0
652234,2020,5,4,"2020-05-04","09:42:00",3,"AR",5,0,3,0,0,250000,0,36.33,-94.12,36.33,-94.12,0,0,0,0,0,7,0,0,0
652235,2020,5,4,"2020-05-04","09:43:00",3,"KS",20,0,1,0,0,0,0,39.19,-95.21,39.19,-95.21,0,0,0,0,0,87,0,0,0
652236,2020,5,4,"2020-05-04","09:50:00",3,"AR",5,0,1,0,0,0,0,36.37,-94.2739,36.37,-94.2739,0,0,0,0,0,7,0,0,0
652237,2020,5,4,"2020-05-04","09:53:00",3,"MO",29,0,1.75,0,0,0,0,37.02,-94.29,37.02,-94.29,0,0,0,0,0,145,0,0,0
652238,2020,5,4,"2020-05-04","10:17:00",3,"MO",29,0,1.25,0,0,0,0,37.66,-94.3,37.66,-94.3,0,0,0,0,0,217,0,0,0
652239,2020,5,4,"2020-05-04","10:42:00",3,"KS",20,0,1,0,0,0,0,38.5,-94.95,38.5,-94.95,0,0,0,0,0,121,0,0,0
652240,2020,5,4,"2020-05-04","10:50:00",3,"MO",29,0,1,0,0,0,0,37.45,-93.89,37.45,-93.89,0,0,0,0,0,57,0,0,0
652241,2020,5,4,"2020-05-04","10:52:00",3,"AR",5,0,1,0,0,0,0,36.1,-93.3,36.1,-93.3,0,0,0,0,0,101,0,0,0
652242,2020,5,4,"2020-05-04","11:00:00",3,"MO",29,0,1,0,0,0,0,37.07,-93.55,37.07,-93.55,0,0,0,0,0,43,0,0,0
652243,2020,5,4,"2020-05-04","11:02:00",3,"MO",29,0,1.75,0,0,25000,0,37.4192,-93.8514,37.4192,-93.8514,0,0,0,0,0,57,0,0,0
652244,2020,5,4,"2020-05-04","11:02:00",3,"MO",29,0,1.25,0,0,0,0,37.45,-93.89,37.45,-93.89,0,0,0,0,0,57,0,0,0
652245,2020,5,4,"2020-05-04","11:02:00",3,"MO",29,0,1,0,0,0,0,38.51,-94.35,38.51,-94.35,0,0,0,0,0,37,0,0,0
652246,2020,5,4,"2020-05-04","11:10:00",3,"AR",5,0,1.5,0,0,0,0,36.04,-93.24,36.04,-93.24,0,0,0,0,0,101,0,0,0
652247,2020,5,4,"2020-05-04","11:10:00",3,"MO",29,0,2.25,0,0,2e+06,0,37.12,-93.3402,37.1192,-93.1092,0,0,0,0,0,77,0,0,0
652248,2020,5,4,"2020-05-04","11:15:00",3,"AR",5,0,1.5,0,0,0,0,36.02,-93.18,36.02,-93.18,0,0,0,0,0,101,0,0,0
652249,2020,5,4,"2020-05-04","11:16:00",3,"MO",29,0,1,0,0,0,0,37.08,-93.28,37.08,-93.28,0,0,0,0,0,43,0,0,0
652250,2020,5,4,"2020-05-04","11:19:00",3,"MO",29,0,1,0,0,0,0,37.45,-93.27,37.45,-93.27,0,0,0,0,0,167,0,0,0
652251,2020,5,4,"2020-05-04","11:21:00",3,"MO",29,0,1,0,0,0,0,37.07,-93.28,37.07,-93.28,0,0,0,0,0,43,0,0,0
652252,2020,5,4,"2020-05-04","11:25:00",3,"MO",29,0,1,0,0,0,0,37.48,-93.43,37.48,-93.43,0,0,0,0,0,167,0,0,0
652253,2020,5,4,"2020-05-04","12:04:00",3,"MO",29,0,1,0,0,0,0,37.42,-93,37.42,-93,0,0,0,0,0,225,0,0,0
652254,2020,5,4,"2020-05-04","12:12:00",3,"MO",29,0,1,0,0,0,0,37.37,-92.92,37.37,-92.92,0,0,0,0,0,225,0,0,0
652255,2020,5,4,"2020-05-04","12:16:00",3,"AR",5,0,1,0,0,0,0,36.21,-91.92,36.21,-91.92,0,0,0,0,0,65,0,0,0
652256,2020,5,4,"2020-05-04","12:40:00",3,"MO",29,0,1.75,0,0,0,0,37.2747,-92.6089,37.2747,-92.6089,0,0,0,0,0,229,0,0,0
652257,2020,5,4,"2020-05-04","12:50:00",3,"MO",29,0,1.75,0,0,0,0,36.94,-92.3,36.94,-92.3,0,0,0,0,0,67,0,0,0
652258,2020,5,4,"2020-05-04","13:03:00",3,"AR",5,0,1,0,0,0,0,35.95,-91.55,35.95,-91.55,0,0,0,0,0,135,0,0,0
652259,2020,5,4,"2020-05-04","13:13:00",3,"MO",29,0,1,0,0,0,0,37.67,-92.67,37.67,-92.67,0,0,0,0,0,105,0,0,0
652260,2020,5,4,"2020-05-04","13:34:00",3,"AR",5,0,1.75,0,0,0,0,35.82,-91.13,35.82,-91.13,0,0,0,0,0,67,0,0,0
652261,2020,5,4,"2020-05-04","13:37:00",3,"MO",29,0,1.25,0,0,0,0,37.02,-91.79,37.02,-91.79,0,0,0,0,0,91,0,0,0
652262,2020,5,4,"2020-05-04","13:50:00",3,"AR",5,0,1.5,0,0,0,0,35.8,-90.93,35.8,-90.93,0,0,0,0,0,31,0,0,0
652263,2020,5,4,"2020-05-04","14:02:00",3,"AR",5,0,1.75,0,0,0,0,35.8155,-90.7,35.8155,-90.7,0,0,0,0,0,31,0,0,0
652264,2020,5,4,"2020-05-04","14:15:00",3,"AR",5,0,0.75,0,0,0,0,35.68,-90.5735,35.68,-90.5735,0,0,0,0,0,111,0,0,0
652265,2020,5,4,"2020-05-04","14:30:00",3,"AR",5,0,1,0,0,0,0,35.6098,-90.3174,35.6098,-90.3174,0,0,0,0,0,111,0,0,0
652266,2020,5,4,"2020-05-04","15:25:00",3,"OK",40,0,1.75,0,0,15000,0,36.95,-95.19,36.95,-95.19,0,0,0,0,0,35,0,0,0
652267,2020,5,4,"2020-05-04","15:34:00",3,"KS",20,0,1,0,0,0,0,37.02,-95.09,37.02,-95.09,0,0,0,0,0,99,0,0,0
652268,2020,5,4,"2020-05-04","15:39:00",3,"MO",29,0,1,0,0,0,0,36.45,-89.97,36.45,-89.97,0,0,0,0,0,69,0,0,0
652269,2020,5,4,"2020-05-04","15:40:00",3,"KS",20,0,1,0,0,0,0,37.07,-95.01,37.07,-95.01,0,0,0,0,0,21,0,0,0
652270,2020,5,4,"2020-05-04","15:48:00",3,"MO",29,0,1,0,0,0,0,36.8701,-90.2904,36.8701,-90.2904,0,0,0,0,0,23,0,0,0
652271,2020,5,4,"2020-05-04","15:51:00",3,"MO",29,0,1,0,0,0,0,36.67,-90.47,36.67,-90.47,0,0,0,0,0,23,0,0,0
652272,2020,5,4,"2020-05-04","15:58:00",3,"KS",20,0,1.75,0,0,250000,0,37.17,-94.84,37.1727,-94.7002,0,0,0,0,0,21,0,0,0
652273,2020,5,4,"2020-05-04","16:01:00",3,"KS",20,0,1,0,0,0,0,37.21,-94.81,37.21,-94.81,0,0,0,0,0,21,0,0,0
652274,2020,5,4,"2020-05-04","16:02:00",3,"KS",20,0,1.5,0,0,0,0,37.14,-94.83,37.14,-94.83,0,0,0,0,0,21,0,0,0
652275,2020,5,4,"2020-05-04","16:05:00",3,"OK",40,0,1.25,0,0,0,0,35.22,-97.39,35.22,-97.39,0,0,0,0,0,27,0,0,0
652276,2020,5,4,"2020-05-04","16:07:00",3,"OK",40,0,1.25,0,0,0,0,35.27,-97.21,35.27,-97.21,0,0,0,0,0,27,0,0,0
652277,2020,5,4,"2020-05-04","16:11:00",3,"OK",40,0,3.25,0,0,0,0,35.23,-97.3,35.23,-97.3,0,0,0,0,0,27,0,0,0
652278,2020,5,4,"2020-05-04","16:13:00",3,"OK",40,0,2.5,0,0,0,0,35.19,-97.32,35.19,-97.32,0,0,0,0,0,27,0,0,0
652279,2020,5,4,"2020-05-04","16:14:00",3,"OK",40,0,2,0,0,0,0,35.19,-97.25,35.19,-97.25,0,0,0,0,0,27,0,0,0
652280,2020,5,4,"2020-05-04","16:14:00",3,"OK",40,0,3,0,0,0,0,35.19,-97.3,35.19,-97.3,0,0,0,0,0,27,0,0,0
652281,2020,5,4,"2020-05-04","16:15:00",3,"OK",40,0,2.5,0,0,0,0,35.19,-97.34,35.19,-97.34,0,0,0,0,0,27,0,0,0
652282,2020,5,4,"2020-05-04","16:15:00",3,"OK",40,0,1.25,0,0,0,0,35.2,-97.35,35.2,-97.35,0,0,0,0,0,27,0,0,0
652283,2020,5,4,"2020-05-04","16:15:00",3,"AR",5,0,0.88,0,0,0,0,36.43,-90.08,36.43,-90.08,0,0,0,0,0,21,0,0,0
652284,2020,5,4,"2020-05-04","16:20:00",3,"OK",40,0,1.75,0,0,15000,0,36.4607,-95.5582,36.4607,-95.5582,0,0,0,0,0,131,0,0,0
652285,2020,5,4,"2020-05-04","16:20:00",3,"AR",5,0,1,0,0,0,0,36.38,-90.18,36.38,-90.18,0,0,0,0,0,21,0,0,0
652286,2020,5,4,"2020-05-04","16:23:00",3,"OK",40,0,1,0,0,0,0,35.23,-97.18,35.23,-97.18,0,0,0,0,0,27,0,0,0
652287,2020,5,4,"2020-05-04","16:24:00",3,"OK",40,0,1,0,0,0,0,35.26,-97.12,35.26,-97.12,0,0,0,0,0,125,0,0,0
652288,2020,5,4,"2020-05-04","16:30:00",3,"MO",29,0,1,0,0,0,0,36.4,-90.03,36.4,-90.03,0,0,0,0,0,69,0,0,0
652289,2020,5,4,"2020-05-04","16:35:00",3,"OK",40,0,2.75,0,0,0,0,35.12,-97.27,35.12,-97.27,0,0,0,0,0,27,0,0,0
652290,2020,5,4,"2020-05-04","16:35:00",3,"MO",29,0,1,0,0,0,0,36.23,-90.07,36.23,-90.07,0,0,0,0,0,69,0,0,0
652291,2020,5,4,"2020-05-04","16:37:00",3,"OK",40,0,2,0,0,20000,0,36.4366,-95.4455,36.4366,-95.4455,0,0,0,0,0,97,0,0,0
652292,2020,5,4,"2020-05-04","16:38:00",3,"OK",40,0,2.5,0,0,0,0,35.13,-97.17,35.13,-97.17,0,0,0,0,0,27,0,0,0
652293,2020,5,4,"2020-05-04","16:40:00",3,"OK",40,0,2.75,0,0,0,0,35.14,-97.18,35.14,-97.18,0,0,0,0,0,27,0,0,0
652294,2020,5,4,"2020-05-04","16:41:00",3,"MO",29,0,1.5,0,0,0,0,36.37,-89.82,36.37,-89.82,0,0,0,0,0,155,0,0,0
652295,2020,5,4,"2020-05-04","16:42:00",3,"OK",40,0,3.41,0,0,0,0,35.12,-97.17,35.12,-97.17,0,0,0,0,0,27,0,0,0
652296,2020,5,4,"2020-05-04","16:50:00",3,"OK",40,0,1,0,0,0,0,36.8749,-94.8778,36.8749,-94.8778,0,0,0,0,0,115,0,0,0
652297,2020,5,4,"2020-05-04","16:54:00",3,"OK",40,0,2.75,0,0,0,0,35.02,-97.16,35.02,-97.16,0,0,0,0,0,27,0,0,0
652298,2020,5,4,"2020-05-04","16:55:00",3,"OK",40,0,3,0,0,0,0,35.01,-97.21,35.01,-97.21,0,0,0,0,0,27,0,0,0
652299,2020,5,4,"2020-05-04","16:55:00",3,"OK",40,0,2.5,0,0,0,0,35.01,-97.28,35.01,-97.28,0,0,0,0,0,27,0,0,0
652300,2020,5,4,"2020-05-04","16:55:00",3,"MO",29,0,1,0,0,0,0,36.18,-89.65,36.18,-89.65,0,0,0,0,0,155,0,0,0
652301,2020,5,4,"2020-05-04","16:56:00",3,"OK",40,0,1.75,0,0,25000,0,36.3614,-95.3962,36.3614,-95.3962,0,0,0,0,0,97,0,0,0
652302,2020,5,4,"2020-05-04","16:58:00",3,"TN",47,0,1,0,0,0,0,35.82,-88.92,35.82,-88.92,0,0,0,0,0,53,0,0,0
652303,2020,5,4,"2020-05-04","17:00:00",3,"OK",40,0,1,0,0,0,0,35.15,-97.01,35.15,-97.01,0,0,0,0,0,125,0,0,0
652304,2020,5,4,"2020-05-04","17:00:00",3,"SC",45,0,0.88,0,0,0,0,35.07,-82.41,35.07,-82.41,0,0,0,0,0,45,0,0,0
652305,2020,5,4,"2020-05-04","17:03:00",3,"OK",40,0,1,0,0,0,0,36.3434,-95.32,36.3434,-95.32,0,0,0,0,0,97,0,0,0
652306,2020,5,4,"2020-05-04","17:05:00",3,"OK",40,0,2.75,0,0,0,0,34.96,-97.2,34.96,-97.2,0,0,0,0,0,27,0,0,0
652307,2020,5,4,"2020-05-04","17:05:00",3,"OK",40,0,3.5,0,0,0,0,35.01,-97.35,35.01,-97.35,0,0,0,0,0,87,0,0,0
652308,2020,5,4,"2020-05-04","17:06:00",3,"OK",40,0,2.5,0,0,1e+05,0,36.7929,-94.724,36.7929,-94.724,0,0,0,0,0,115,0,0,0
652309,2020,5,4,"2020-05-04","17:06:00",3,"TN",47,0,1,0,0,0,0,35.7952,-88.7363,35.7952,-88.7363,0,0,0,0,0,53,0,0,0
652310,2020,5,4,"2020-05-04","17:08:00",3,"OK",40,0,2.75,0,0,25000,0,36.88,-94.6991,36.88,-94.6991,0,0,0,0,0,115,0,0,0
652311,2020,5,4,"2020-05-04","17:09:00",3,"OK",40,0,1.75,0,0,0,0,34.97,-97.21,34.97,-97.21,0,0,0,0,0,27,0,0,0
652312,2020,5,4,"2020-05-04","17:09:00",3,"OK",40,0,1.75,0,0,0,0,34.99,-97.18,34.99,-97.18,0,0,0,0,0,27,0,0,0
652313,2020,5,4,"2020-05-04","17:10:00",3,"TN",47,0,1,0,0,0,0,35.7644,-88.6781,35.7644,-88.6781,0,0,0,0,0,113,0,0,0
652314,2020,5,4,"2020-05-04","17:19:00",3,"OK",40,0,1,0,0,0,0,34.92,-97.32,34.92,-97.32,0,0,0,0,0,87,0,0,0
652315,2020,5,4,"2020-05-04","17:23:00",3,"TN",47,0,1.25,0,0,0,0,35.7,-88.58,35.7,-88.58,0,0,0,0,0,77,0,0,0
652316,2020,5,4,"2020-05-04","17:25:00",3,"OK",40,0,1.75,0,0,0,0,34.92,-97.32,34.92,-97.32,0,0,0,0,0,87,0,0,0
652317,2020,5,4,"2020-05-04","17:25:00",3,"TN",47,0,1.75,0,0,0,0,35.82,-88.92,35.82,-88.92,0,0,0,0,0,53,0,0,0
652318,2020,5,4,"2020-05-04","17:25:00",3,"TN",47,0,1,0,0,0,0,35.7054,-88.5646,35.7054,-88.5646,0,0,0,0,0,77,0,0,0
652319,2020,5,4,"2020-05-04","17:27:00",3,"TN",47,0,1,0,0,0,0,35.8,-88.77,35.8,-88.77,0,0,0,0,0,53,0,0,0
652320,2020,5,4,"2020-05-04","17:29:00",3,"OK",40,0,0.75,0,0,0,0,35.79,-96.01,35.79,-96.01,0,0,0,0,0,111,0,0,0
652321,2020,5,4,"2020-05-04","17:29:00",3,"OK",40,0,1.75,0,0,25000,0,36.2495,-95.5954,36.2495,-95.5954,0,0,0,0,0,131,0,0,0
652322,2020,5,4,"2020-05-04","17:30:00",3,"TN",47,0,1,0,0,0,0,35.65,-88.4,35.65,-88.4,0,0,0,0,0,77,0,0,0
652323,2020,5,4,"2020-05-04","17:36:00",3,"MO",29,0,1.5,0,0,0,0,36.74,-94.41,36.74,-94.41,0,0,0,0,0,119,0,0,0
652324,2020,5,4,"2020-05-04","17:39:00",3,"OK",40,0,2.5,0,0,25000,0,36.2455,-95.2513,36.2455,-95.2513,0,0,0,0,0,97,0,0,0
652325,2020,5,4,"2020-05-04","17:40:00",3,"OK",40,0,2,0,0,25000,0,36.2434,-95.17,36.2434,-95.17,0,0,0,0,0,97,0,0,0
652326,2020,5,4,"2020-05-04","17:41:00",3,"OK",40,0,1.75,0,0,0,0,34.78,-97.3,34.78,-97.3,0,0,0,0,0,49,0,0,0
652327,2020,5,4,"2020-05-04","17:44:00",3,"SC",45,0,1.75,0,0,0,0,34.933,-82.191,34.828,-82.012,0,0,0,0,0,83,0,0,0
652328,2020,5,4,"2020-05-04","17:50:00",3,"OK",40,0,1.5,0,0,0,0,34.74,-97.24,34.74,-97.24,0,0,0,0,0,49,0,0,0
652329,2020,5,4,"2020-05-04","17:50:00",3,"OK",40,0,1.25,0,0,0,0,34.8,-97.15,34.8,-97.15,0,0,0,0,0,49,0,0,0
652330,2020,5,4,"2020-05-04","17:52:00",3,"MO",29,0,1.75,0,0,0,0,36.65,-94.3,36.65,-94.3,0,0,0,0,0,119,0,0,0
652331,2020,5,4,"2020-05-04","17:52:00",3,"OK",40,0,1.75,0,0,20000,0,36.18,-95.4397,36.18,-95.4397,0,0,0,0,0,97,0,0,0
652332,2020,5,4,"2020-05-04","17:53:00",3,"OK",40,0,1.75,0,0,20000,0,35.5168,-96.3,35.5168,-96.3,0,0,0,0,0,107,0,0,0
652333,2020,5,4,"2020-05-04","17:53:00",3,"OK",40,0,1.75,0,0,0,0,34.79,-97.16,34.79,-97.16,0,0,0,0,0,49,0,0,0
652334,2020,5,4,"2020-05-04","17:55:00",3,"OK",40,0,1.25,0,0,0,0,34.73,-97.21,34.73,-97.21,0,0,0,0,0,49,0,0,0
652335,2020,5,4,"2020-05-04","17:57:00",3,"OK",40,0,1.75,0,0,20000,0,36.1523,-95.4328,36.1523,-95.4328,0,0,0,0,0,97,0,0,0
652336,2020,5,4,"2020-05-04","18:01:00",3,"OK",40,0,1.75,0,0,15000,0,36.15,-95.44,36.15,-95.44,0,0,0,0,0,97,0,0,0
652337,2020,5,4,"2020-05-04","18:02:00",3,"OK",40,0,1,0,0,0,0,34.82,-96.76,34.82,-96.76,0,0,0,0,0,123,0,0,0
652338,2020,5,4,"2020-05-04","18:05:00",3,"TN",47,0,1,0,0,0,0,35.7,-88.53,35.7,-88.53,0,0,0,0,0,77,0,0,0
652339,2020,5,4,"2020-05-04","18:08:00",3,"TN",47,0,1,0,0,0,0,35.6099,-87.8612,35.6099,-87.8612,0,0,0,0,0,135,0,0,0
652340,2020,5,4,"2020-05-04","18:08:00",3,"OK",40,0,1.75,0,0,0,0,34.62,-97.36,34.62,-97.36,0,0,0,0,0,49,0,0,0
652341,2020,5,4,"2020-05-04","18:10:00",3,"OK",40,0,1,0,0,0,0,34.82,-96.66,34.82,-96.66,0,0,0,0,0,123,0,0,0
652342,2020,5,4,"2020-05-04","18:12:00",3,"OK",40,0,1.5,0,0,0,0,34.77,-96.96,34.77,-96.96,0,0,0,0,0,49,0,0,0
652343,2020,5,4,"2020-05-04","18:15:00",3,"OK",40,0,1.25,0,0,0,0,34.65,-97.28,34.65,-97.28,0,0,0,0,0,49,0,0,0
652344,2020,5,4,"2020-05-04","18:15:00",3,"OK",40,0,1.75,0,0,0,0,34.62,-97.24,34.62,-97.24,0,0,0,0,0,49,0,0,0
652345,2020,5,4,"2020-05-04","18:16:00",3,"OK",40,0,1.25,0,0,0,0,34.67,-97.23,34.67,-97.23,0,0,0,0,0,49,0,0,0
652346,2020,5,4,"2020-05-04","18:24:00",3,"TN",47,0,0.88,0,0,0,0,35.6445,-88.23,35.6445,-88.23,0,0,0,0,0,77,0,0,0
652347,2020,5,4,"2020-05-04","18:32:00",3,"MO",29,0,1.25,0,0,0,0,36.58,-93.96,36.58,-93.96,0,0,0,0,0,9,0,0,0
652348,2020,5,4,"2020-05-04","18:35:00",3,"OK",40,0,1,0,0,0,0,34.63,-96.84,34.63,-96.84,0,0,0,0,0,123,0,0,0
652349,2020,5,4,"2020-05-04","18:38:00",3,"MO",29,0,1.5,0,0,0,0,36.53,-93.8,36.53,-93.8,0,0,0,0,0,9,0,0,0
652350,2020,5,4,"2020-05-04","18:38:00",3,"MO",29,0,1.5,0,0,0,0,36.58,-93.96,36.58,-93.96,0,0,0,0,0,9,0,0,0
652351,2020,5,4,"2020-05-04","18:38:00",3,"TN",47,0,3,0,0,0,0,35.58,-88.13,35.58,-88.13,0,0,0,0,0,39,0,0,0
652352,2020,5,4,"2020-05-04","18:45:00",3,"OK",40,0,2,0,0,0,0,34.21,-97.55,34.21,-97.55,0,0,0,0,0,19,0,0,0
652353,2020,5,4,"2020-05-04","18:46:00",3,"SC",45,0,1.75,0,0,0,0,34.67,-81.84,34.67,-81.84,0,0,0,0,0,83,0,0,0
652354,2020,5,4,"2020-05-04","18:48:00",3,"OK",40,0,1.75,0,0,0,0,34.23,-97.49,34.23,-97.49,0,0,0,0,0,19,0,0,0
652355,2020,5,4,"2020-05-04","18:48:00",3,"TN",47,0,1,0,0,0,0,35.62,-87.85,35.62,-87.85,0,0,0,0,0,135,0,0,0
652356,2020,5,4,"2020-05-04","18:50:00",3,"MO",29,0,0.88,0,0,0,0,36.82,-94.33,36.82,-94.33,0,0,0,0,0,145,0,0,0
652357,2020,5,4,"2020-05-04","18:50:00",3,"OK",40,0,2.5,0,0,5000,0,34.19,-97.54,34.19,-97.54,0,0,0,0,0,19,0,0,0
652358,2020,5,4,"2020-05-04","18:50:00",3,"OK",40,0,1,0,0,0,0,34.22,-97.47,34.22,-97.47,0,0,0,0,0,19,0,0,0
652359,2020,5,4,"2020-05-04","18:50:00",3,"OK",40,0,1.25,0,0,0,0,34.18,-97.59,34.18,-97.59,0,0,0,0,0,67,0,0,0
652360,2020,5,4,"2020-05-04","18:50:00",3,"TN",47,0,2,0,0,0,0,35.43,-88.1,35.43,-88.1,0,0,0,0,0,39,0,0,0
652361,2020,5,4,"2020-05-04","18:55:00",3,"OK",40,0,2.5,0,0,0,0,34.16,-97.46,34.16,-97.46,0,0,0,0,0,19,0,0,0
652362,2020,5,4,"2020-05-04","18:57:00",3,"TN",47,0,2,0,0,0,0,35.4244,-87.9842,35.4244,-87.9842,0,0,0,0,0,181,0,0,0
652363,2020,5,4,"2020-05-04","19:00:00",3,"OK",40,0,3,0,0,0,0,34.16,-97.43,34.16,-97.43,0,0,0,0,0,19,0,0,0
652364,2020,5,4,"2020-05-04","19:00:00",3,"TN",47,0,1,0,0,0,0,35.3424,-88.03,35.3424,-88.03,0,0,0,0,0,71,0,0,0
652365,2020,5,4,"2020-05-04","19:02:00",3,"MO",29,0,1,0,0,0,0,36.86,-94.36,36.86,-94.36,0,0,0,0,0,145,0,0,0
652366,2020,5,4,"2020-05-04","19:09:00",3,"MO",29,0,1,0,0,0,0,36.85,-94.26,36.85,-94.26,0,0,0,0,0,145,0,0,0
652367,2020,5,4,"2020-05-04","19:09:00",3,"MO",29,0,1,0,0,0,0,36.84,-94.11,36.84,-94.11,0,0,0,0,0,145,0,0,0
652368,2020,5,4,"2020-05-04","19:12:00",3,"MO",29,0,1,0,0,0,0,36.91,-93.95,36.91,-93.95,0,0,0,0,0,9,0,0,0
652369,2020,5,4,"2020-05-04","19:18:00",3,"TN",47,0,1.75,0,0,0,0,35.15,-87.95,35.15,-87.95,0,0,0,0,0,181,0,0,0
652370,2020,5,4,"2020-05-04","19:20:00",3,"TN",47,0,2,0,0,0,0,35.15,-87.95,35.15,-87.95,0,0,0,0,0,181,0,0,0
652371,2020,5,4,"2020-05-04","19:25:00",3,"OK",40,0,1.5,0,0,20000,0,35.932,-95.1432,35.932,-95.1432,0,0,0,0,0,21,0,0,0
652372,2020,5,4,"2020-05-04","19:31:00",3,"OK",40,0,1.75,0,0,0,0,33.94,-97.32,33.94,-97.32,0,0,0,0,0,85,0,0,0
652373,2020,5,4,"2020-05-04","19:36:00",3,"OK",40,0,1,0,0,0,0,35.9311,-95.003,35.9311,-95.003,0,0,0,0,0,21,0,0,0
652374,2020,5,4,"2020-05-04","19:43:00",3,"OK",40,0,1,0,0,0,0,35.9634,-94.97,35.9634,-94.97,0,0,0,0,0,21,0,0,0
652375,2020,5,4,"2020-05-04","19:55:00",3,"TX",48,0,1,0,0,0,0,33.84,-97.65,33.84,-97.65,0,0,0,0,0,337,0,0,0
652376,2020,5,4,"2020-05-04","20:08:00",3,"AL",1,0,0.75,0,0,0,0,34.91,-87.7,34.91,-87.7,0,0,0,0,0,77,0,0,0
652377,2020,5,4,"2020-05-04","20:09:00",3,"AL",1,0,0.75,0,0,0,0,34.92,-87.63,34.92,-87.63,0,0,0,0,0,77,0,0,0
652378,2020,5,4,"2020-05-04","20:24:00",3,"OK",40,0,1.5,0,0,15000,0,35.5511,-94.98,35.5511,-94.98,0,0,0,0,0,135,0,0,0
652379,2020,5,4,"2020-05-04","20:33:00",3,"TX",48,0,1.75,0,0,10000,0,33.65,-97.37,33.65,-97.37,0,0,0,0,0,97,0,0,0
652380,2020,5,4,"2020-05-04","21:33:00",3,"AR",5,0,0.75,0,0,0,0,35.4876,-93.8295,35.4876,-93.8295,0,0,0,0,0,47,0,0,0
652381,2020,5,4,"2020-05-04","21:40:00",3,"OK",40,0,1.25,0,0,0,0,33.75,-97.13,33.75,-97.13,0,0,0,0,0,85,0,0,0
652382,2020,5,4,"2020-05-04","21:42:00",3,"TX",48,0,0.75,0,0,0,0,33.36,-97.17,33.36,-97.17,0,0,0,0,0,121,0,0,0
652383,2020,5,4,"2020-05-04","21:47:00",3,"OK",40,0,0.75,0,0,0,0,35.5634,-94.7132,35.5634,-94.7132,0,0,0,0,0,135,0,0,0
652384,2020,5,4,"2020-05-04","21:53:00",3,"TX",48,0,1,0,0,0,0,33.32,-97.18,33.32,-97.18,0,0,0,0,0,121,0,0,0
652385,2020,5,4,"2020-05-04","21:58:00",3,"TX",48,0,1,0,0,0,0,33.22,-97.16,33.22,-97.16,0,0,0,0,0,121,0,0,0
652386,2020,5,4,"2020-05-04","22:01:00",3,"TX",48,0,1,0,0,0,0,33.21,-97.09,33.21,-97.09,0,0,0,0,0,121,0,0,0
652387,2020,5,4,"2020-05-04","22:05:00",3,"TX",48,0,1,0,0,0,0,33.18,-97.08,33.18,-97.08,0,0,0,0,0,121,0,0,0
652388,2020,5,4,"2020-05-04","22:24:00",3,"AR",5,0,1,0,0,0,0,35.23,-93.17,35.23,-93.17,0,0,0,0,0,149,0,0,0
652389,2020,5,4,"2020-05-04","22:27:00",3,"TX",48,0,0.75,0,0,0,0,33.03,-97.09,33.03,-97.09,0,0,0,0,0,121,0,0,0
652390,2020,5,4,"2020-05-04","22:27:00",3,"TX",48,0,1.25,0,0,0,0,33.12,-96.92,33.12,-96.92,0,0,0,0,0,121,0,0,0
652391,2020,5,4,"2020-05-04","22:28:00",3,"AR",5,0,1,0,0,0,0,35.3972,-94.3832,35.3972,-94.3832,0,0,0,0,0,131,0,0,0
652392,2020,5,4,"2020-05-04","22:45:00",3,"TX",48,0,0.88,0,0,0,0,32.95,-97.29,32.95,-97.29,0,0,0,0,0,439,0,0,0
652393,2020,5,4,"2020-05-04","22:46:00",3,"AR",5,0,0.75,0,0,0,0,35.3057,-93.9544,35.3057,-93.9544,0,0,0,0,0,47,0,0,0
652394,2020,5,5,"2020-05-05","00:20:00",3,"TX",48,0,1,0,0,0,0,32.76,-97.11,32.76,-97.11,0,0,0,0,0,439,0,0,0
652395,2020,5,5,"2020-05-05","00:30:00",3,"TX",48,0,0.88,0,0,0,0,32.73,-97.15,32.73,-97.15,0,0,0,0,0,439,0,0,0
652396,2020,5,5,"2020-05-05","00:35:00",3,"TX",48,0,1,0,0,0,0,32.48,-96.82,32.48,-96.82,0,0,0,0,0,139,0,0,0
652397,2020,5,5,"2020-05-05","00:37:00",3,"TX",48,0,0.75,0,0,0,0,32.49,-96.81,32.49,-96.81,0,0,0,0,0,139,0,0,0
652398,2020,5,5,"2020-05-05","00:48:00",3,"TX",48,0,1,0,0,0,0,32.52,-96.8,32.52,-96.8,0,0,0,0,0,139,0,0,0
652399,2020,5,5,"2020-05-05","00:55:00",3,"OK",40,0,1.75,0,0,0,0,34.47,-94.65,34.47,-94.65,0,0,0,0,0,89,0,0,0
652400,2020,5,5,"2020-05-05","01:05:00",3,"OK",40,0,1.25,0,0,0,0,34.4603,-94.5325,34.4603,-94.5325,0,0,0,0,0,89,0,0,0
652401,2020,5,5,"2020-05-05","04:15:00",3,"OK",40,0,1.75,0,0,0,0,34.0405,-94.6496,34.0405,-94.6496,0,0,0,0,0,89,0,0,0
652402,2020,5,5,"2020-05-05","14:25:00",3,"NC",37,0,1.75,0,0,0,0,35.16,-82.59,35.16,-82.59,0,0,0,0,0,175,0,0,0
652403,2020,5,5,"2020-05-05","14:42:00",3,"SC",45,0,1.5,0,0,0,0,35.14,-82.32,35.14,-82.32,0,0,0,0,0,45,0,0,0
652404,2020,5,5,"2020-05-05","14:52:00",3,"SC",45,0,0.75,0,0,0,0,35.05,-82.37,35.05,-82.37,0,0,0,0,0,45,0,0,0
652405,2020,5,5,"2020-05-05","15:28:00",3,"SC",45,0,0.75,0,0,0,0,34.88,-82.22,34.88,-82.22,0,0,0,0,0,83,0,0,0
652406,2020,5,5,"2020-05-05","15:34:00",3,"SC",45,0,0.75,0,0,0,0,34.89,-81.97,34.89,-81.97,0,0,0,0,0,83,0,0,0
652407,2020,5,5,"2020-05-05","15:43:00",3,"SC",45,0,1.25,0,0,0,0,34.88,-81.96,34.88,-81.96,0,0,0,0,0,83,0,0,0
652408,2020,5,5,"2020-05-05","15:57:00",3,"SD",46,0,1.25,0,0,0,9000,43.1,-98.43,43.1,-98.43,0,0,0,0,0,23,0,0,0
652409,2020,5,5,"2020-05-05","16:12:00",3,"SC",45,0,1.5,0,0,0,0,34.78,-81.46,34.78,-81.46,0,0,0,0,0,87,0,0,0
652410,2020,5,5,"2020-05-05","16:33:00",3,"SC",45,0,0.75,0,0,0,0,34.99,-82.35,34.99,-82.35,0,0,0,0,0,45,0,0,0
652411,2020,5,5,"2020-05-05","16:34:00",3,"SC",45,0,1.75,0,0,0,0,34.72,-81.17,34.72,-81.17,0,0,0,0,0,23,0,0,0
652412,2020,5,5,"2020-05-05","16:39:00",3,"SC",45,0,1.5,0,0,0,0,34.96,-82.24,34.96,-82.24,0,0,0,0,0,45,0,0,0
652413,2020,5,5,"2020-05-05","16:50:00",3,"TX",48,0,1,0,0,0,0,31.4,-95.42,31.4,-95.42,0,0,0,0,0,225,0,0,0
652414,2020,5,5,"2020-05-05","16:54:00",3,"SC",45,0,1.25,0,0,0,0,34.943,-82.068,34.976,-81.951,0,0,0,0,0,83,0,0,0
652415,2020,5,5,"2020-05-05","16:56:00",3,"GA",13,0,1,0,0,0,0,34.45,-83.92,34.45,-83.92,0,0,0,0,0,139,0,0,0
652416,2020,5,5,"2020-05-05","16:57:00",3,"SC",45,0,1.5,0,0,0,0,34.64,-80.87,34.64,-80.87,0,0,0,0,0,57,0,0,0
652417,2020,5,5,"2020-05-05","17:18:00",3,"SC",45,0,1,0,0,0,0,34.91,-81.75,34.91,-81.75,0,0,0,0,0,83,0,0,0
652418,2020,5,5,"2020-05-05","17:18:00",3,"SC",45,0,0.75,0,0,0,0,34.69,-82.85,34.69,-82.85,0,0,0,0,0,77,0,0,0
652419,2020,5,5,"2020-05-05","17:50:00",3,"SC",45,0,2.5,0,0,0,0,34.42,-80.35,34.42,-80.35,0,0,0,0,0,55,0,0,0
652420,2020,5,5,"2020-05-05","17:50:00",3,"SC",45,0,2,0,0,0,0,34.43,-80.35,34.43,-80.35,0,0,0,0,0,55,0,0,0
652421,2020,5,5,"2020-05-05","18:00:00",3,"SC",45,0,1.25,0,0,0,0,34.429,-80.246,34.429,-80.246,0,0,0,0,0,25,0,0,0
652422,2020,5,5,"2020-05-05","18:02:00",3,"SC",45,0,3,0,0,1000,0,34.3934,-80.1733,34.3934,-80.1733,0,0,0,0,0,31,0,0,0
652423,2020,5,5,"2020-05-05","18:04:00",3,"SC",45,0,2.25,0,0,0,0,34.4005,-80.1552,34.4005,-80.1552,0,0,0,0,0,31,0,0,0
652424,2020,5,5,"2020-05-05","18:10:00",3,"NE",31,0,0.88,0,0,0,0,42.52,-97.91,42.52,-97.91,0,0,0,0,0,107,0,0,0
652425,2020,5,5,"2020-05-05","18:10:00",3,"SC",45,0,2,0,0,0,0,34.39,-80.11,34.39,-80.11,0,0,0,0,0,31,0,0,0
652426,2020,5,5,"2020-05-05","18:12:00",3,"SC",45,0,3,0,0,0,0,34.37,-80.08,34.37,-80.08,0,0,0,0,0,31,0,0,0
652427,2020,5,5,"2020-05-05","18:25:00",3,"TX",48,0,0.88,0,0,0,0,29.69,-95.11,29.69,-95.11,0,0,0,0,0,201,0,0,0
652428,2020,5,5,"2020-05-05","18:25:00",3,"SC",45,0,0.75,0,0,0,0,34.55,-80.58,34.55,-80.58,0,0,0,0,0,57,0,0,0
652429,2020,5,5,"2020-05-05","18:30:00",3,"SC",45,0,2.5,0,0,0,0,34.3102,-79.8576,34.3102,-79.8576,0,0,0,0,0,31,0,0,0
652430,2020,5,5,"2020-05-05","18:31:00",3,"SC",45,0,1.75,0,0,0,0,34.5458,-80.502,34.5458,-80.502,0,0,0,0,0,55,0,0,0
652431,2020,5,5,"2020-05-05","18:40:00",3,"SC",45,0,1.75,0,0,0,0,34.3488,-79.758,34.3488,-79.758,0,0,0,0,0,31,0,0,0
652432,2020,5,5,"2020-05-05","18:40:00",3,"SC",45,0,1,0,0,0,0,34.4111,-79.8476,34.4111,-79.8476,0,0,0,0,0,31,0,0,0
652433,2020,5,5,"2020-05-05","19:09:00",3,"SC",45,0,1.25,0,0,0,0,34.33,-79.43,34.33,-79.43,0,0,0,0,0,33,0,0,0
652434,2020,5,5,"2020-05-05","19:12:00",3,"SC",45,0,1.5,0,0,0,0,34.28,-79.47,34.28,-79.47,0,0,0,0,0,67,0,0,0
652435,2020,5,5,"2020-05-05","20:00:00",3,"NC",37,0,1,0,0,0,0,34.3145,-79.0138,34.3145,-79.0138,0,0,0,0,0,47,0,0,0
652436,2020,5,5,"2020-05-05","20:48:00",3,"LA",22,0,1,0,0,0,0,30.51,-93.23,30.51,-93.23,0,0,0,0,0,11,0,0,0
652437,2020,5,5,"2020-05-05","20:48:00",3,"LA",22,0,1,0,0,0,0,30.48,-93.2,30.48,-93.2,0,0,0,0,0,11,0,0,0
652438,2020,5,5,"2020-05-05","21:10:00",3,"LA",22,0,1.75,0,0,0,0,30.23,-92.19,30.23,-92.19,0,0,0,0,0,55,0,0,0
652439,2020,5,5,"2020-05-05","21:33:00",3,"LA",22,0,1.25,0,0,0,0,30.24,-92.09,30.24,-92.09,0,0,0,0,0,55,0,0,0
652440,2020,5,5,"2020-05-05","22:04:00",3,"LA",22,0,1,0,0,0,0,30.22,-92.03,30.22,-92.03,0,0,0,0,0,55,0,0,0
652441,2020,5,5,"2020-05-05","22:20:00",3,"LA",22,0,1,0,0,0,0,30.28,-91.9,30.28,-91.9,0,0,0,0,0,99,0,0,0
652442,2020,5,7,"2020-05-07","11:01:00",3,"KS",20,0,1,0,0,0,0,38.74,-98.23,38.74,-98.23,0,0,0,0,0,53,0,0,0
652443,2020,5,7,"2020-05-07","11:03:00",3,"KS",20,0,0.88,0,0,0,0,38.03,-97.94,38.03,-97.94,0,0,0,0,0,155,0,0,0
652444,2020,5,7,"2020-05-07","13:52:00",3,"KS",20,0,1,0,0,0,0,37.89,-97.52,37.89,-97.52,0,0,0,0,0,173,0,0,0
652445,2020,5,7,"2020-05-07","15:57:00",3,"KS",20,0,0.88,0,0,0,0,37.11,-96.5,37.11,-96.5,0,0,0,0,0,19,0,0,0
652446,2020,5,7,"2020-05-07","16:24:00",3,"TX",48,0,3.25,0,0,0,0,34.72,-100.31,34.65,-100.19,0,0,0,0,0,75,0,0,0
652447,2020,5,7,"2020-05-07","17:00:00",3,"OK",40,0,1.75,0,0,0,0,34.88,-99.7,34.88,-99.7,0,0,0,0,0,55,0,0,0
652448,2020,5,7,"2020-05-07","17:03:00",3,"OK",40,0,3,0,0,0,0,34.64,-99.98,34.64,-99.98,0,0,0,0,0,57,0,0,0
652449,2020,5,7,"2020-05-07","17:07:00",3,"TX",48,0,2.75,0,0,0,0,34.49,-99.88,34.49,-99.88,0,0,0,0,0,197,0,0,0
652450,2020,5,7,"2020-05-07","17:17:00",3,"OK",40,0,1.75,0,0,0,0,34.44,-99.73,34.44,-99.73,0,0,0,0,0,65,0,0,0
652451,2020,5,7,"2020-05-07","17:17:00",3,"OK",40,0,2.5,0,0,0,0,34.9,-99.7,34.9,-99.7,0,0,0,0,0,55,0,0,0
652452,2020,5,7,"2020-05-07","17:20:00",3,"OK",40,0,1.75,0,0,0,0,34.99,-99.38,34.99,-99.38,0,0,0,0,0,55,0,0,0
652453,2020,5,7,"2020-05-07","17:20:00",3,"OK",40,0,1.75,0,0,0,0,34.96,-99.38,34.96,-99.38,0,0,0,0,0,55,0,0,0
652454,2020,5,7,"2020-05-07","17:23:00",3,"TX",48,0,1.75,0,0,0,0,34.42,-99.82,34.42,-99.82,0,0,0,0,0,197,0,0,0
652455,2020,5,7,"2020-05-07","17:24:00",3,"OK",40,0,3,0,0,0,0,34.41,-99.72,34.41,-99.72,0,0,0,0,0,65,0,0,0
652456,2020,5,7,"2020-05-07","17:30:00",3,"OK",40,0,1.75,0,0,0,0,35.03,-99.09,35.03,-99.09,0,0,0,0,0,75,0,0,0
652457,2020,5,7,"2020-05-07","17:32:00",3,"TX",48,0,1.75,0,0,0,0,34.3,-99.74,34.3,-99.74,0,0,0,0,0,197,0,0,0
652458,2020,5,7,"2020-05-07","17:34:00",3,"OK",40,0,2.5,0,0,0,0,34.45,-99.71,34.45,-99.71,0,0,0,0,0,65,0,0,0
652459,2020,5,7,"2020-05-07","17:37:00",3,"OK",40,0,1.75,0,0,0,0,35.03,-99.09,35.03,-99.09,0,0,0,0,0,75,0,0,0
652460,2020,5,7,"2020-05-07","17:40:00",3,"TX",48,0,2.5,0,0,0,0,34.27,-99.63,34.27,-99.63,0,0,0,0,0,197,0,0,0
652461,2020,5,7,"2020-05-07","17:59:00",3,"TX",48,0,2.75,0,0,0,0,34.16,-99.51,34.16,-99.51,0,0,0,0,0,197,0,0,0
652462,2020,5,7,"2020-05-07","18:10:00",3,"TX",48,0,1,0,0,0,0,34.15,-99.32,34.15,-99.32,0,0,0,0,0,487,0,0,0
652463,2020,5,7,"2020-05-07","18:12:00",3,"TX",48,0,3,0,0,0,0,34.08,-99.38,34.08,-99.38,0,0,0,0,0,487,0,0,0
652464,2020,5,7,"2020-05-07","18:30:00",3,"OK",40,0,1.75,0,0,0,0,34.96,-99.38,34.96,-99.38,0,0,0,0,0,55,0,0,0
652465,2020,5,7,"2020-05-07","18:36:00",3,"TX",48,0,3,0,0,0,0,34.05,-99.41,34.05,-99.41,0,0,0,0,0,487,0,0,0
652466,2020,5,7,"2020-05-07","18:45:00",3,"TX",48,0,2,0,0,0,0,33.76,-99.2,33.76,-99.2,0,0,0,0,0,23,0,0,0
652467,2020,5,7,"2020-05-07","18:55:00",3,"TX",48,0,2.75,0,0,0,0,33.75,-99.2,33.75,-99.2,0,0,0,0,0,23,0,0,0
652468,2020,5,7,"2020-05-07","19:01:00",3,"TX",48,0,2.75,0,0,0,0,33.69,-99.08,33.69,-99.08,0,0,0,0,0,23,0,0,0
652469,2020,5,7,"2020-05-07","19:05:00",3,"TX",48,0,3,0,0,0,0,33.71,-99.03,33.71,-99.03,0,0,0,0,0,23,0,0,0
652470,2020,5,7,"2020-05-07","19:24:00",3,"TX",48,0,2.75,0,0,0,0,33.56,-98.72,33.56,-98.72,0,0,0,0,0,9,0,0,0
652471,2020,5,7,"2020-05-07","19:36:00",3,"OK",40,0,2.75,0,0,0,0,34.51,-96.36,34.51,-96.36,0,0,0,0,0,29,0,0,0
652472,2020,5,7,"2020-05-07","19:39:00",3,"TX",48,0,2.75,0,0,0,0,33.4,-98.75,33.4,-98.75,0,0,0,0,0,9,0,0,0
652473,2020,5,7,"2020-05-07","19:50:00",3,"TX",48,0,2.75,0,0,5000,0,33.35,-98.55,33.35,-98.55,0,0,0,0,0,503,0,0,0
652474,2020,5,7,"2020-05-07","19:57:00",3,"TX",48,0,2.75,0,0,50000,0,33.26,-98.51,33.26,-98.51,0,0,0,0,0,503,0,0,0
652475,2020,5,7,"2020-05-07","20:01:00",3,"KS",20,0,1.5,0,0,0,0,37.19,-99.77,37.19,-99.77,0,0,0,0,0,25,0,0,0
652476,2020,5,7,"2020-05-07","20:04:00",3,"KS",20,0,2,0,0,0,0,37.2,-99.74,37.2,-99.74,0,0,0,0,0,25,0,0,0
652477,2020,5,7,"2020-05-07","20:08:00",3,"KS",20,0,2,0,0,0,0,37.19,-99.71,37.19,-99.71,0,0,0,0,0,25,0,0,0
652478,2020,5,7,"2020-05-07","20:14:00",3,"TX",48,0,1.75,0,0,10000,0,33.22,-98.16,33.22,-98.16,0,0,0,0,0,237,0,0,0
652479,2020,5,7,"2020-05-07","20:15:00",3,"OK",40,0,1,0,0,0,0,36.97,-100.49,36.97,-100.49,0,0,0,0,0,7,0,0,0
652480,2020,5,7,"2020-05-07","20:16:00",3,"TX",48,0,2.75,0,0,50000,0,33.27,-98.29,33.27,-98.29,0,0,0,0,0,237,0,0,0
652481,2020,5,7,"2020-05-07","20:18:00",3,"OK",40,0,1.5,0,0,0,0,34.61,-98.68,34.61,-98.68,0,0,0,0,0,31,0,0,0
652482,2020,5,7,"2020-05-07","20:23:00",3,"TX",48,0,1.75,0,0,10000,0,33.1,-98.25,33.1,-98.25,0,0,0,0,0,237,0,0,0
652483,2020,5,7,"2020-05-07","20:43:00",3,"OK",40,0,1.75,0,0,0,0,36.96,-99.32,36.96,-99.32,0,0,0,0,0,151,0,0,0
652484,2020,5,7,"2020-05-07","20:47:00",3,"TX",48,0,1.75,0,0,10000,0,33.03,-98.07,33.03,-98.07,0,0,0,0,0,237,0,0,0
652485,2020,5,7,"2020-05-07","20:51:00",3,"TX",48,0,1,0,0,0,0,32.97,-97.86,32.97,-97.86,0,0,0,0,0,367,0,0,0
652486,2020,5,7,"2020-05-07","21:08:00",3,"TX",48,0,1,0,0,0,0,36.46,-100.54,36.46,-100.54,0,0,0,0,0,295,0,0,0
652487,2020,5,7,"2020-05-07","21:09:00",3,"TX",48,0,1,0,0,0,0,36.18,-100.91,36.18,-100.91,0,0,0,0,0,357,0,0,0
652488,2020,5,7,"2020-05-07","21:10:00",3,"TX",48,0,0.88,0,0,0,0,36.21,-100.54,36.21,-100.54,0,0,0,0,0,295,0,0,0
652489,2020,5,7,"2020-05-07","21:11:00",3,"TX",48,0,1,0,0,0,0,32.81,-97.77,32.81,-97.77,0,0,0,0,0,367,0,0,0
652490,2020,5,7,"2020-05-07","21:13:00",3,"TX",48,0,1,0,0,0,0,32.77,-97.8,32.77,-97.8,0,0,0,0,0,367,0,0,0
652491,2020,5,7,"2020-05-07","21:16:00",3,"TX",48,0,1.25,0,0,0,0,32.75,-97.69,32.75,-97.69,0,0,0,0,0,367,0,0,0
652492,2020,5,7,"2020-05-07","21:18:00",3,"TX",48,0,0.88,0,0,0,0,32.84,-97.64,32.84,-97.64,0,0,0,0,0,367,0,0,0
652493,2020,5,7,"2020-05-07","21:18:00",3,"TX",48,0,1.75,0,0,0,0,35.98,-100.86,35.98,-100.86,0,0,0,0,0,393,0,0,0
652494,2020,5,7,"2020-05-07","21:19:00",3,"TX",48,0,1,0,0,0,0,32.75,-97.7,32.75,-97.7,0,0,0,0,0,367,0,0,0
652495,2020,5,7,"2020-05-07","21:30:00",3,"TX",48,0,1.75,0,0,25000,0,32.75,-97.69,32.75,-97.69,0,0,0,0,0,367,0,0,0
652496,2020,5,7,"2020-05-07","21:30:00",3,"TX",48,0,1,0,0,0,0,32.73,-97.56,32.73,-97.56,0,0,0,0,0,367,0,0,0
652497,2020,5,7,"2020-05-07","21:30:00",3,"TX",48,0,1,0,0,0,0,35.91,-100.38,35.91,-100.38,0,0,0,0,0,211,0,0,0
652498,2020,5,7,"2020-05-07","21:30:00",3,"TX",48,0,1.5,0,0,0,0,32.67,-97.65,32.67,-97.65,0,0,0,0,0,367,0,0,0
652499,2020,5,7,"2020-05-07","21:32:00",3,"TX",48,0,1.25,0,0,0,0,32.76,-97.65,32.76,-97.65,0,0,0,0,0,367,0,0,0
652500,2020,5,7,"2020-05-07","21:38:00",3,"TX",48,0,0.88,0,0,0,0,35.9,-100.38,35.9,-100.38,0,0,0,0,0,211,0,0,0
652501,2020,5,7,"2020-05-07","21:40:00",3,"TX",48,0,1,0,0,0,0,32.68,-97.46,32.68,-97.46,0,0,0,0,0,439,0,0,0
652502,2020,5,7,"2020-05-07","21:43:00",3,"OK",40,0,1,0,0,0,0,36.63,-98.67,36.63,-98.67,0,0,0,0,0,151,0,0,0
652503,2020,5,7,"2020-05-07","21:45:00",3,"TX",48,0,1,0,0,0,0,32.66,-97.48,32.66,-97.48,0,0,0,0,0,439,0,0,0
652504,2020,5,7,"2020-05-07","21:55:00",3,"TX",48,0,1.25,0,0,0,0,32.61,-97.41,32.61,-97.41,0,0,0,0,0,439,0,0,0
652505,2020,5,7,"2020-05-07","22:03:00",3,"TX",48,0,1,0,0,0,0,32.58,-97.33,32.58,-97.33,0,0,0,0,0,439,0,0,0
652506,2020,5,7,"2020-05-07","22:05:00",3,"TX",48,0,0.88,0,0,0,0,32.5687,-97.329,32.5687,-97.329,0,0,0,0,0,439,0,0,0
652507,2020,5,7,"2020-05-07","22:19:00",3,"OK",40,0,1,0,0,0,0,36.28,-98.19,36.28,-98.19,0,0,0,0,0,93,0,0,0
652508,2020,5,7,"2020-05-07","23:46:00",3,"OK",40,0,1,0,0,0,0,35.27,-97.95,35.27,-97.95,0,0,0,0,0,51,0,0,0
652509,2020,5,8,"2020-05-08","00:01:00",3,"OK",40,0,1,0,0,0,0,35.39,-97.72,35.39,-97.72,0,0,0,0,0,17,0,0,0
652510,2020,5,8,"2020-05-08","00:14:00",3,"OK",40,0,1.25,0,0,0,0,35.08,-98.24,35.08,-98.24,0,0,0,0,0,15,0,0,0
652511,2020,5,8,"2020-05-08","00:20:00",3,"OK",40,0,1.75,0,0,0,0,34.78,-98.58,34.78,-98.58,0,0,0,0,0,31,0,0,0
652512,2020,5,8,"2020-05-08","00:58:00",3,"OK",40,0,1.25,0,0,0,0,34.71,-97.21,34.71,-97.21,0,0,0,0,0,49,0,0,0
652513,2020,5,8,"2020-05-08","01:09:00",3,"OK",40,0,1,0,0,0,0,34.51,-97.99,34.51,-97.99,0,0,0,0,0,137,0,0,0
652514,2020,5,8,"2020-05-08","01:11:00",3,"OK",40,0,1.5,0,0,0,0,34.51,-97.98,34.51,-97.98,0,0,0,0,0,137,0,0,0
652515,2020,5,8,"2020-05-08","01:14:00",3,"OK",40,0,2,0,0,0,0,34.5,-97.96,34.5,-97.96,0,0,0,0,0,137,0,0,0
652516,2020,5,8,"2020-05-08","01:20:00",3,"OK",40,0,1,0,0,0,0,34.5,-97.96,34.5,-97.96,0,0,0,0,0,137,0,0,0
652517,2020,5,8,"2020-05-08","01:21:00",3,"OK",40,0,1,0,0,0,0,34.51,-96.97,34.51,-96.97,0,0,0,0,0,99,0,0,0
652518,2020,5,8,"2020-05-08","01:46:00",3,"OK",40,0,1,0,0,0,0,34.38,-96.13,34.38,-96.13,0,0,0,0,0,5,0,0,0
652519,2020,5,8,"2020-05-08","01:53:00",3,"OK",40,0,1.75,0,0,0,0,34.28,-97.59,34.28,-97.59,0,0,0,0,0,67,0,0,0
652520,2020,5,8,"2020-05-08","01:56:00",3,"OK",40,0,1.75,0,0,15000,0,34.6921,-95.77,34.6921,-95.77,0,0,0,0,0,121,0,0,0
652521,2020,5,8,"2020-05-08","01:57:00",3,"OK",40,0,1.5,0,0,0,0,34.23,-97.49,34.23,-97.49,0,0,0,0,0,19,0,0,0
652522,2020,5,8,"2020-05-08","02:20:00",3,"OK",40,0,0.88,0,0,0,0,34.0086,-95.5102,34.0086,-95.5102,0,0,0,0,0,23,0,0,0
652523,2020,5,8,"2020-05-08","03:06:00",3,"TX",48,0,1,0,0,0,0,33.53,-95.32,33.53,-95.32,0,0,0,0,0,277,0,0,0
652524,2020,5,8,"2020-05-08","03:22:00",3,"TX",48,0,0.75,0,0,0,0,33.6,-96.92,33.6,-96.92,0,0,0,0,0,181,0,0,0
652525,2020,5,8,"2020-05-08","12:16:00",3,"LA",22,0,1,0,0,0,0,31.05,-93.23,31.05,-93.23,0,0,0,0,0,115,0,0,0
652526,2020,5,8,"2020-05-08","13:00:00",3,"LA",22,0,1,0,0,0,0,30.88,-92.8,30.88,-92.8,0,0,0,0,0,3,0,0,0
652527,2020,5,8,"2020-05-08","13:55:00",3,"LA",22,0,1,0,0,0,0,30.55,-93.27,30.55,-93.27,0,0,0,0,0,11,0,0,0
652528,2020,5,8,"2020-05-08","21:39:00",3,"TX",48,0,1,0,0,0,0,26.23,-98.29,26.23,-98.29,0,0,0,0,0,215,0,0,0
652529,2020,5,8,"2020-05-08","21:40:00",3,"TX",48,0,1.75,0,0,0,0,26.23,-98.26,26.23,-98.26,0,0,0,0,0,215,0,0,0
654060,2020,6,10,"2020-06-10","07:59:00",3,"IL",17,0,2,0,0,0,0,41.4955,-87.5327,41.4955,-87.5327,0,0,0,0,0,31,0,0,0
654061,2020,6,10,"2020-06-10","08:02:00",3,"IN",18,0,1.75,0,0,0,0,41.48,-87.52,41.48,-87.52,0,0,0,0,0,89,0,0,0
654062,2020,6,10,"2020-06-10","08:03:00",3,"IL",17,0,1,0,0,0,0,41.51,-87.53,41.51,-87.53,0,0,0,0,0,31,0,0,0
654063,2020,6,10,"2020-06-10","11:41:00",3,"IN",18,0,0.88,0,0,0,0,41.6,-85.88,41.6,-85.88,0,0,0,0,0,39,0,0,0
654064,2020,6,10,"2020-06-10","11:42:00",3,"IN",18,0,1,0,0,500,0,40.48,-85.97,40.48,-85.97,0,0,0,0,0,67,0,0,0
654065,2020,6,10,"2020-06-10","11:50:00",3,"IN",18,0,1.75,0,0,0,0,40.6,-85.92,40.6,-85.92,0,0,0,0,0,103,0,0,0
654066,2020,6,10,"2020-06-10","11:55:00",3,"IN",18,0,1,0,0,0,0,40.69,-85.8,40.69,-85.8,0,0,0,0,0,169,0,0,0
654067,2020,6,10,"2020-06-10","12:14:00",3,"IN",18,0,1,0,0,0,0,40.84,-85.67,40.84,-85.67,0,0,0,0,0,169,0,0,0
654068,2020,6,10,"2020-06-10","12:24:00",3,"WI",55,0,1,0,0,0,0,43.15,-88.3,43.15,-88.3,0,0,0,0,0,133,0,0,0
654069,2020,6,10,"2020-06-10","12:40:00",3,"WI",55,0,0.75,0,0,0,0,43.09,-88.5,43.09,-88.5,0,0,0,0,0,133,0,0,0
654070,2020,6,10,"2020-06-10","12:45:00",3,"WI",55,0,1,0,0,0,0,43.08,-88.47,43.08,-88.47,0,0,0,0,0,133,0,0,0
654071,2020,6,10,"2020-06-10","12:58:00",3,"IN",18,0,1,0,0,0,0,41.1,-85.15,41.1,-85.15,0,0,0,0,0,3,0,0,0
654072,2020,6,10,"2020-06-10","13:23:00",3,"OH",39,0,2,0,0,0,0,41.47,-84.55,41.47,-84.55,0,0,0,0,0,171,0,0,0
654073,2020,6,10,"2020-06-10","13:32:00",3,"IN",18,0,1,0,0,0,0,40.69,-85.8,40.69,-85.8,0,0,0,0,0,169,0,0,0
654074,2020,6,10,"2020-06-10","14:08:00",3,"IN",18,0,1.25,0,0,0,0,40.98,-85.08,40.98,-85.08,0,0,0,0,0,3,0,0,0
654075,2020,6,10,"2020-06-10","14:15:00",3,"IN",18,0,1.5,0,0,0,0,41.17,-85.1,41.17,-85.1,0,0,0,0,0,3,0,0,0
654076,2020,6,10,"2020-06-10","14:35:00",3,"OH",39,0,0.75,0,0,0,0,40.0386,-84.2036,40.0386,-84.2036,0,0,0,0,0,109,0,0,0
654077,2020,6,10,"2020-06-10","15:15:00",3,"TX",48,0,0.75,0,0,0,0,26.38,-98.83,26.38,-98.83,0,0,0,0,0,427,0,0,0
654078,2020,6,10,"2020-06-10","15:49:00",3,"MI",26,0,1,0,0,0,0,42.38,-83.11,42.38,-83.11,0,0,0,0,0,163,0,0,0
654079,2020,6,10,"2020-06-10","16:25:00",3,"MI",26,0,1,0,0,0,0,42.72,-82.76,42.72,-82.76,0,0,0,0,0,99,0,0,0
654080,2020,6,10,"2020-06-10","16:34:00",3,"PA",42,0,1.5,0,0,0,0,40.18,-79.85,40.18,-79.85,0,0,0,0,0,129,0,0,0
654081,2020,6,10,"2020-06-10","17:46:00",3,"KY",21,0,1,0,0,0,0,38.49,-83.02,38.49,-83.02,0,0,0,0,0,89,0,0,0
654082,2020,6,10,"2020-06-10","18:25:00",3,"PA",42,0,1,0,0,0,0,40.2588,-76.7413,40.2588,-76.7413,0,0,0,0,0,43,0,0,0
654083,2020,6,11,"2020-06-11","12:39:00",3,"WI",55,0,1,0,0,0,0,44.76,-89.38,44.76,-89.38,0,0,0,0,0,73,0,0,0
654084,2020,6,11,"2020-06-11","14:45:00",3,"ND",38,0,0.75,0,0,0,0,48.8,-97.45,48.8,-97.45,0,0,0,0,0,67,0,0,0
654085,2020,6,11,"2020-06-11","14:57:00",3,"ND",38,0,1.25,0,0,0,0,48.66,-97.45,48.66,-97.45,0,0,0,0,0,67,0,0,0
654086,2020,6,11,"2020-06-11","15:53:00",3,"MN",27,0,1.25,0,0,0,0,48.33,-97.05,48.33,-97.05,0,0,0,0,0,89,0,0,0
654087,2020,6,11,"2020-06-11","16:55:00",3,"KS",20,0,1,0,0,0,0,37.71,-99.9,37.71,-99.9,0,0,0,0,0,57,0,0,0
654088,2020,6,11,"2020-06-11","18:22:00",3,"OR",41,0,1,0,0,0,0,44.86,-121.38,44.86,-121.38,0,0,0,0,0,65,0,0,0
654089,2020,6,11,"2020-06-11","22:10:00",3,"OR",41,0,1.25,0,0,0,0,43.67,-121.48,43.67,-121.48,0,0,0,0,0,17,0,0,0
654090,2020,6,11,"2020-06-11","22:15:00",3,"OR",41,0,1.75,0,0,0,0,43.67,-121.48,43.67,-121.48,0,0,0,0,0,17,0,0,0
654091,2020,6,12,"2020-06-12","16:55:00",3,"GA",13,0,1,0,0,0,0,31.96,-83.43,31.96,-83.43,0,0,0,0,0,315,0,0,0
654092,2020,6,12,"2020-06-12","19:45:00",3,"WA",53,0,1,0,0,0,0,46.2,-117.25,46.2,-117.25,0,0,0,0,0,3,0,0,0
654093,2020,6,12,"2020-06-12","20:05:00",3,"WA",53,0,1,0,0,0,0,46.4028,-117.0593,46.4028,-117.0593,0,0,0,0,0,3,0,0,0
654094,2020,6,13,"2020-06-13","18:00:00",3,"MT",30,0,1.5,0,0,0,0,48.65,-112.93,48.65,-112.93,0,0,0,0,0,35,0,0,0
654095,2020,6,13,"2020-06-13","19:43:00",3,"MT",30,0,1.5,0,0,0,0,48.51,-110.97,48.51,-110.97,0,0,0,0,0,51,0,0,0
654096,2020,6,14,"2020-06-14","10:14:00",3,"VA",51,0,1,0,0,0,0,36.63,-83.02,36.63,-83.02,0,0,0,0,0,105,0,0,0
654097,2020,6,14,"2020-06-14","11:06:00",3,"TN",47,0,1.25,0,0,0,0,35.83,-84.71,35.83,-84.71,0,0,0,0,0,145,0,0,0
654098,2020,6,14,"2020-06-14","11:14:00",3,"TN",47,0,0.88,0,0,0,0,35.7653,-86.7359,35.7653,-86.7359,0,0,0,0,0,187,0,0,0
654099,2020,6,14,"2020-06-14","11:15:00",3,"TN",47,0,1,0,0,0,0,35.99,-83.86,35.99,-83.86,0,0,0,0,0,93,0,0,0
654100,2020,6,14,"2020-06-14","11:25:00",3,"TN",47,0,1,0,0,0,0,35.7362,-86.7222,35.7362,-86.7222,0,0,0,0,0,187,0,0,0
654101,2020,6,14,"2020-06-14","11:45:00",3,"TN",47,0,0.75,0,0,0,0,35.63,-86.7,35.63,-86.7,0,0,0,0,0,117,0,0,0
654102,2020,6,14,"2020-06-14","12:00:00",3,"TN",47,0,1,0,0,0,0,35.61,-84.92,35.61,-84.92,0,0,0,0,0,143,0,0,0
654103,2020,6,14,"2020-06-14","12:07:00",3,"TN",47,0,1,0,0,0,0,36.48,-82.27,36.48,-82.27,0,0,0,0,0,163,0,0,0
654104,2020,6,14,"2020-06-14","12:13:00",3,"TN",47,0,1,0,0,0,0,36.36,-82.45,36.36,-82.45,0,0,0,0,0,179,0,0,0
654105,2020,6,14,"2020-06-14","12:37:00",3,"TN",47,0,1,0,0,0,0,36.06,-82.81,36.06,-82.81,0,0,0,0,0,59,0,0,0
654106,2020,6,14,"2020-06-14","14:21:00",3,"GA",13,0,0.75,0,0,0,0,34.8088,-85.0385,34.8088,-85.0385,0,0,0,0,0,313,0,0,0
654107,2020,6,14,"2020-06-14","14:55:00",3,"SD",46,0,1.75,0,0,0,0,45.6436,-103.9246,45.6436,-103.9246,0,0,0,0,0,63,0,0,0
654108,2020,6,14,"2020-06-14","14:55:00",3,"SD",46,0,1,0,0,0,0,45.65,-103.95,45.65,-103.95,0,0,0,0,0,63,0,0,0
654109,2020,6,14,"2020-06-14","15:05:00",3,"SD",46,0,1.75,0,0,0,0,45.69,-103.84,45.69,-103.84,0,0,0,0,0,63,0,0,0
654110,2020,6,14,"2020-06-14","15:20:00",3,"SD",46,0,1,0,0,0,0,45.83,-103.6885,45.83,-103.6885,0,0,0,0,0,63,0,0,0
654111,2020,6,14,"2020-06-14","15:54:00",3,"SD",46,0,1.25,0,0,0,0,45.94,-103.49,45.94,-103.49,0,0,0,0,0,63,0,0,0
654112,2020,6,14,"2020-06-14","16:00:00",3,"GA",13,0,1,0,0,0,0,34.41,-84.53,34.41,-84.53,0,0,0,0,0,227,0,0,0
654113,2020,6,14,"2020-06-14","16:07:00",3,"ND",38,0,1.25,0,0,0,0,45.95,-103.4,45.95,-103.4,0,0,0,0,0,11,0,0,0
654114,2020,6,14,"2020-06-14","16:10:00",3,"ND",38,0,1.75,0,0,0,0,45.97,-103.41,45.97,-103.41,0,0,0,0,0,11,0,0,0
654115,2020,6,14,"2020-06-14","16:12:00",3,"GA",13,0,1,0,0,0,0,34.0634,-84.3822,34.0634,-84.3822,0,0,0,0,0,121,0,0,0
654116,2020,6,14,"2020-06-14","16:15:00",3,"GA",13,0,1.25,0,0,0,0,34.1137,-84.4109,34.1137,-84.4109,0,0,0,0,0,57,0,0,0
654117,2020,6,14,"2020-06-14","16:30:00",3,"GA",13,0,1,0,0,0,0,34.0998,-84.3975,34.0998,-84.3975,0,0,0,0,0,121,0,0,0
654118,2020,6,14,"2020-06-14","16:35:00",3,"GA",13,0,1.5,0,0,0,0,34.0379,-84.352,34.0379,-84.352,0,0,0,0,0,121,0,0,0
654119,2020,6,14,"2020-06-14","16:53:00",3,"ND",38,0,1.25,0,0,0,0,46.09,-102.98,46.09,-102.98,0,0,0,0,0,1,0,0,0
654120,2020,6,14,"2020-06-14","17:10:00",3,"ND",38,0,1.25,0,0,0,0,46.92,-103.84,46.92,-103.84,0,0,0,0,0,33,0,0,0
654121,2020,6,14,"2020-06-14","17:15:00",3,"ND",38,0,2.25,0,0,0,0,46.92,-103.72,46.92,-103.72,0,0,0,0,0,33,0,0,0
654122,2020,6,14,"2020-06-14","17:15:00",3,"ND",38,0,2,0,0,0,0,47.18,-103.22,47.18,-103.22,0,0,0,0,0,7,0,0,0
654123,2020,6,14,"2020-06-14","17:15:00",3,"GA",13,0,0.88,0,0,0,0,33.96,-84.79,33.96,-84.79,0,0,0,0,0,223,0,0,0
654124,2020,6,14,"2020-06-14","17:18:00",3,"ND",38,0,1.75,0,0,0,0,46.3,-102.87,46.3,-102.87,0,0,0,0,0,41,0,0,0
654125,2020,6,14,"2020-06-14","17:18:00",3,"ND",38,0,1.75,0,0,0,0,47.14,-103.15,47.14,-103.15,0,0,0,0,0,7,0,0,0
654126,2020,6,14,"2020-06-14","17:20:00",3,"ND",38,0,1,0,0,0,0,46.18,-102.91,46.18,-102.91,0,0,0,0,0,1,0,0,0
654127,2020,6,14,"2020-06-14","17:51:00",3,"ND",38,0,2.75,0,0,0,0,46.25,-102.81,46.25,-102.81,0,0,0,0,0,1,0,0,0
654128,2020,6,14,"2020-06-14","17:58:00",3,"ND",38,0,2,0,0,0,0,48.69,-101.63,48.69,-101.63,0,0,0,0,0,75,0,0,0
654129,2020,6,14,"2020-06-14","18:01:00",3,"ND",38,0,2.75,0,0,0,0,46.33,-102.87,46.33,-102.87,0,0,0,0,0,41,0,0,0
654130,2020,6,14,"2020-06-14","18:13:00",3,"ND",38,0,2.5,0,0,0,0,47.12,-103.2,47.12,-103.2,0,0,0,0,0,7,0,0,0
654131,2020,6,14,"2020-06-14","18:15:00",3,"ND",38,0,2,0,0,0,0,47.18,-103.22,47.18,-103.22,0,0,0,0,0,7,0,0,0
654132,2020,6,14,"2020-06-14","18:15:00",3,"ND",38,0,2.5,0,0,0,0,47.13,-103.2,47.13,-103.2,0,0,0,0,0,7,0,0,0
654133,2020,6,14,"2020-06-14","18:15:00",3,"ND",38,0,1.75,0,0,0,0,46.42,-102.6,46.42,-102.6,0,0,0,0,0,41,0,0,0
654134,2020,6,14,"2020-06-14","18:17:00",3,"ND",38,0,1.5,0,0,0,0,47.14,-103.15,47.14,-103.15,0,0,0,0,0,7,0,0,0
654135,2020,6,14,"2020-06-14","18:18:00",3,"ND",38,0,1.75,0,0,0,0,47.14,-103.15,47.14,-103.15,0,0,0,0,0,7,0,0,0
654136,2020,6,14,"2020-06-14","19:05:00",3,"ND",38,0,1.75,0,0,0,0,48.13,-102.73,48.13,-102.73,0,0,0,0,0,61,0,0,0
654137,2020,6,14,"2020-06-14","19:11:00",3,"ND",38,0,1.75,0,0,0,0,48.38,-102.77,48.38,-102.77,0,0,0,0,0,61,0,0,0
654138,2020,6,14,"2020-06-14","19:21:00",3,"ND",38,0,2,0,0,0,0,48.11,-102.7,48.11,-102.7,0,0,0,0,0,61,0,0,0
654139,2020,6,14,"2020-06-14","20:14:00",3,"ND",38,0,1,0,0,0,0,48.32,-102.39,48.32,-102.39,0,0,0,0,0,61,0,0,0
654140,2020,6,14,"2020-06-14","23:51:00",3,"ND",38,0,1,0,0,0,0,48.3,-102.4,48.3,-102.4,0,0,0,0,0,61,0,0,0
654141,2020,6,15,"2020-06-15","00:45:00",3,"ND",38,0,1.5,0,0,0,0,48.68,-101.75,48.68,-101.75,0,0,0,0,0,75,0,0,0
654142,2020,6,15,"2020-06-15","01:10:00",3,"ND",38,0,1,0,0,0,0,48.67,-102.08,48.67,-102.08,0,0,0,0,0,101,0,0,0
654143,2020,6,15,"2020-06-15","01:12:00",3,"ND",38,0,1,0,0,0,0,48.51,-101.89,48.51,-101.89,0,0,0,0,0,101,0,0,0
654144,2020,6,15,"2020-06-15","01:58:00",3,"ND",38,0,1.75,0,0,0,0,48.96,-101.61,48.96,-101.61,0,0,0,0,0,75,0,0,0
654145,2020,6,15,"2020-06-15","12:00:00",3,"TN",47,0,1,0,0,0,0,35.9,-83.77,35.9,-83.77,0,0,0,0,0,155,0,0,0
654146,2020,6,15,"2020-06-15","13:37:00",3,"GA",13,0,1,0,0,0,0,33.6027,-83.8602,33.6027,-83.8602,0,0,0,0,0,217,0,0,0
654147,2020,6,15,"2020-06-15","14:47:00",3,"GA",13,0,1,0,0,0,0,33.5969,-83.8585,33.5969,-83.8585,0,0,0,0,0,217,0,0,0
654148,2020,6,15,"2020-06-15","14:49:00",3,"GA",13,0,1.75,0,0,1e+06,0,33.5988,-83.8338,33.5988,-83.8338,0,0,0,0,0,217,0,0,0
654149,2020,6,15,"2020-06-15","15:00:00",3,"AZ",4,0,0.75,0,0,0,0,31.42,-109.88,31.42,-109.88,0,0,0,0,0,3,0,0,0
654150,2020,6,16,"2020-06-16","17:00:00",3,"AZ",4,0,0.75,0,0,0,0,31.34,-109.53,31.34,-109.53,0,0,0,0,0,3,0,0,0
654151,2020,6,16,"2020-06-16","18:35:00",3,"WY",56,0,1,0,0,0,0,41.34,-110.71,41.34,-110.71,0,0,0,0,0,41,0,0,0
654152,2020,6,16,"2020-06-16","21:47:00",3,"ND",38,0,1,0,0,0,0,46.86,-101.67,46.86,-101.67,0,0,0,0,0,59,0,0,0
654153,2020,6,16,"2020-06-16","22:08:00",3,"ND",38,0,0.88,0,0,0,0,47.95,-102.36,47.95,-102.36,0,0,0,0,0,61,0,0,0
654154,2020,6,16,"2020-06-16","22:29:00",3,"ND",38,0,1,0,0,0,0,48.76,-101.51,48.76,-101.51,0,0,0,0,0,75,0,0,0
654155,2020,6,17,"2020-06-17","16:35:00",3,"MN",27,0,1,0,0,0,0,48.7,-96.32,48.7,-96.32,0,0,0,0,0,135,0,0,0
654156,2020,6,17,"2020-06-17","16:56:00",3,"ND",38,0,1,0,0,0,0,48.04,-98.54,48.04,-98.54,0,0,0,0,0,71,0,0,0
654157,2020,6,17,"2020-06-17","17:20:00",3,"ND",38,0,2,0,0,0,0,48.21,-98.4,48.21,-98.4,0,0,0,0,0,71,0,0,0
654158,2020,6,17,"2020-06-17","17:35:00",3,"ND",38,0,1.5,0,0,0,0,48.35,-98.07,48.35,-98.07,0,0,0,0,0,99,0,0,0
654159,2020,6,17,"2020-06-17","17:43:00",3,"ND",38,0,1.75,0,0,0,0,48.11,-98.17,48.11,-98.17,0,0,0,0,0,63,0,0,0
654160,2020,6,17,"2020-06-17","17:48:00",3,"ND",38,0,1.5,0,0,0,0,47.31,-98.19,47.31,-98.19,0,0,0,0,0,39,0,0,0
654161,2020,6,17,"2020-06-17","18:08:00",3,"NE",31,0,1,0,0,0,0,42.94,-100.96,42.94,-100.96,0,0,0,0,0,31,0,0,0
654162,2020,6,17,"2020-06-17","18:10:00",3,"SD",46,0,1,0,0,0,0,43.07,-100.81,43.07,-100.81,0,0,0,0,0,121,0,0,0
654163,2020,6,17,"2020-06-17","18:20:00",3,"SD",46,0,1.5,0,0,0,0,43.89,-100.71,43.89,-100.71,0,0,0,0,0,75,0,0,0
654164,2020,6,17,"2020-06-17","18:30:00",3,"NE",31,0,1.5,0,0,0,0,42.79,-100.96,42.79,-100.96,0,0,0,0,0,31,0,0,0
654165,2020,6,17,"2020-06-17","18:30:00",3,"SD",46,0,1,0,0,0,0,44.45,-98.7,44.45,-98.7,0,0,0,0,0,5,0,0,0
654166,2020,6,17,"2020-06-17","18:50:00",3,"SD",46,0,1.25,0,0,0,0,43.06,-100.51,43.06,-100.51,0,0,0,0,0,121,0,0,0
654167,2020,6,17,"2020-06-17","18:50:00",3,"SD",46,0,1.75,0,0,0,0,43.09,-100.53,43.09,-100.53,0,0,0,0,0,121,0,0,0
654168,2020,6,17,"2020-06-17","18:55:00",3,"NE",31,0,1,0,0,0,0,42.68,-101.18,42.68,-101.18,0,0,0,0,0,31,0,0,0
654169,2020,6,17,"2020-06-17","19:26:00",3,"SD",46,0,1,0,0,0,0,43.93,-100.29,43.93,-100.29,0,0,0,0,0,85,0,0,0
654170,2020,6,17,"2020-06-17","19:30:00",3,"SD",46,0,1.5,0,0,0,0,44,-100.29,44,-100.29,0,0,0,0,0,85,0,0,0
654171,2020,6,17,"2020-06-17","19:48:00",3,"ND",38,0,1.5,0,0,0,0,47.13,-97.57,47.13,-97.57,0,0,0,0,0,17,0,0,0
654172,2020,6,17,"2020-06-17","19:50:00",3,"SD",46,0,1.75,0,0,0,0,44.07,-100.01,44.07,-100.01,0,0,0,0,0,85,0,0,0
654173,2020,6,17,"2020-06-17","19:59:00",3,"SD",46,0,1,0,0,0,0,44.49,-98.78,44.49,-98.78,0,0,0,0,0,59,0,0,0
654174,2020,6,17,"2020-06-17","19:59:00",3,"ND",38,0,1,0,0,0,0,46.95,-97.4,46.95,-97.4,0,0,0,0,0,17,0,0,0
654175,2020,6,17,"2020-06-17","20:14:00",3,"ND",38,0,1,0,0,0,0,47.17,-97.42,47.17,-97.42,0,0,0,0,0,17,0,0,0
654176,2020,6,17,"2020-06-17","20:27:00",3,"SD",46,0,1,0,0,0,0,44.52,-98.92,44.52,-98.92,0,0,0,0,0,59,0,0,0
654177,2020,6,17,"2020-06-17","20:29:00",3,"NE",31,0,1,0,0,0,0,42,-101.68,42,-101.68,0,0,0,0,0,75,0,0,0
654178,2020,6,17,"2020-06-17","20:35:00",3,"SD",46,0,2.5,0,0,0,0,44.52,-98.94,44.52,-98.94,0,0,0,0,0,59,0,0,0
654179,2020,6,17,"2020-06-17","20:40:00",3,"SD",46,0,2,0,0,0,0,44.52,-98.94,44.52,-98.94,0,0,0,0,0,59,0,0,0
654180,2020,6,17,"2020-06-17","21:37:00",3,"NE",31,0,1,0,0,0,0,42.26,-101.04,42.26,-101.04,0,0,0,0,0,31,0,0,0
654181,2020,6,17,"2020-06-17","21:55:00",3,"MN",27,0,1,0,0,0,0,48.7,-96.32,48.7,-96.32,0,0,0,0,0,135,0,0,0
654182,2020,6,17,"2020-06-17","22:30:00",3,"NE",31,0,1,0,0,0,0,42.37,-100.88,42.37,-100.88,0,0,0,0,0,31,0,0,0
654183,2020,6,18,"2020-06-18","14:22:00",3,"NE",31,0,1,0,0,0,0,40.65,-96.85,40.65,-96.85,0,0,0,0,0,109,0,0,0
654184,2020,6,18,"2020-06-18","15:49:00",3,"NE",31,0,1.25,0,0,0,0,40.66,-96.56,40.66,-96.56,0,0,0,0,0,109,0,0,0
654185,2020,6,18,"2020-06-18","15:58:00",3,"NE",31,0,1,0,0,0,0,40.68,-96.51,40.68,-96.51,0,0,0,0,0,109,0,0,0
654186,2020,6,18,"2020-06-18","16:37:00",3,"TX",48,0,1.75,0,0,0,0,26.3211,-98.5542,26.314,-98.5555,0,0,0,0,0,215,0,0,0
654187,2020,6,18,"2020-06-18","16:44:00",3,"NE",31,0,1,0,0,0,0,40.4,-96.92,40.4,-96.92,0,0,0,0,0,151,0,0,0
654188,2020,6,18,"2020-06-18","16:50:00",3,"KS",20,0,1,0,0,0,0,39.18,-98.27,39.18,-98.27,0,0,0,0,0,105,0,0,0
654189,2020,6,18,"2020-06-18","17:15:00",3,"NE",31,0,1,0,0,0,0,40.19,-97.18,40.19,-97.18,0,0,0,0,0,95,0,0,0
654190,2020,6,18,"2020-06-18","17:25:00",3,"NE",31,0,1,0,0,0,0,40.19,-97.08,40.19,-97.08,0,0,0,0,0,95,0,0,0
654191,2020,6,18,"2020-06-18","17:32:00",3,"KS",20,0,1,0,0,0,0,39.52,-97.87,39.52,-97.87,0,0,0,0,0,29,0,0,0
654192,2020,6,18,"2020-06-18","17:35:00",3,"NE",31,0,1,0,0,0,0,40.19,-96.97,40.19,-96.97,0,0,0,0,0,95,0,0,0
654193,2020,6,18,"2020-06-18","18:49:00",3,"TX",48,0,1.5,0,0,0,0,31.74,-100.28,31.74,-100.28,0,0,0,0,0,81,0,0,0
654194,2020,6,18,"2020-06-18","19:05:00",3,"KS",20,0,1,0,0,0,0,39.73,-96.98,39.73,-96.98,0,0,0,0,0,201,0,0,0
654195,2020,6,18,"2020-06-18","19:10:00",3,"FL",12,0,1.25,0,0,0,0,29.62,-81.72,29.62,-81.72,0,0,0,0,0,107,0,0,0
654196,2020,6,18,"2020-06-18","19:10:00",3,"FL",12,0,1.75,0,0,0,0,29.6179,-81.7204,29.6179,-81.7204,0,0,0,0,0,107,0,0,0
654197,2020,6,18,"2020-06-18","19:25:00",3,"KS",20,0,0.75,0,0,0,0,38.89,-97.84,38.89,-97.84,0,0,0,0,0,169,0,0,0
654198,2020,6,18,"2020-06-18","19:30:00",3,"GA",13,0,0.75,0,0,0,0,32.38,-81.66,32.38,-81.66,0,0,0,0,0,31,0,0,0
654199,2020,6,18,"2020-06-18","19:45:00",3,"NM",35,0,0.88,0,0,300,0,35.9,-103.53,35.9,-103.53,0,0,0,0,0,21,0,0,0
654200,2020,6,18,"2020-06-18","21:50:00",3,"CO",8,0,1,0,0,0,0,37.25,-104.37,37.25,-104.37,0,0,0,0,0,71,0,0,0
654201,2020,6,18,"2020-06-18","22:13:00",3,"CO",8,0,1,0,0,0,0,37.24,-104.33,37.24,-104.33,0,0,0,0,0,71,0,0,0
654202,2020,6,18,"2020-06-18","23:15:00",3,"GA",13,0,1,0,0,0,0,32.1718,-82.3631,32.1718,-82.3631,0,0,0,0,0,279,0,0,0
654203,2020,6,19,"2020-06-19","13:16:00",3,"FL",12,0,0.88,0,0,0,0,30.07,-81.55,30.07,-81.55,0,0,0,0,0,109,0,0,0
654204,2020,6,19,"2020-06-19","13:56:00",3,"GA",13,0,0.75,0,0,0,0,30.92,-81.71,30.92,-81.71,0,0,0,0,0,39,0,0,0
654205,2020,6,19,"2020-06-19","14:15:00",3,"TN",47,0,1,0,0,0,0,36.46,-83.23,36.46,-83.23,0,0,0,0,0,67,0,0,0
654206,2020,6,19,"2020-06-19","14:38:00",3,"NC",37,0,0.75,0,0,0,0,35.79,-78.53,35.79,-78.53,0,0,0,0,0,183,0,0,0
654207,2020,6,19,"2020-06-19","14:38:00",3,"NC",37,0,0.75,0,0,0,0,35.8,-78.52,35.8,-78.52,0,0,0,0,0,183,0,0,0
654208,2020,6,19,"2020-06-19","14:38:00",3,"TN",47,0,1,0,0,0,0,36.37,-83.17,36.37,-83.17,0,0,0,0,0,73,0,0,0
654209,2020,6,19,"2020-06-19","14:44:00",3,"TX",48,0,2,0,0,1.8e+07,0,35.2,-101.9263,35.2283,-101.6955,0,0,0,0,0,375,0,0,0
654210,2020,6,19,"2020-06-19","14:55:00",3,"TX",48,0,1.5,0,0,5e+06,0,35.18,-101.9,35.1802,-101.8424,0,0,0,0,0,381,0,0,0
654211,2020,6,19,"2020-06-19","15:06:00",3,"TN",47,0,1.5,0,0,0,0,36.28,-83.08,36.28,-83.08,0,0,0,0,0,73,0,0,0
654212,2020,6,19,"2020-06-19","15:07:00",3,"TX",48,0,1.25,0,0,0,0,35.28,-101.77,35.28,-101.77,0,0,0,0,0,375,0,0,0
654213,2020,6,19,"2020-06-19","15:24:00",3,"TX",48,0,1,0,0,0,0,34.85,-100.22,34.85,-100.22,0,0,0,0,0,87,0,0,0
654214,2020,6,19,"2020-06-19","15:26:00",3,"TN",47,0,1.25,0,0,0,0,36.22,-83.06,36.22,-83.06,0,0,0,0,0,59,0,0,0
654215,2020,6,19,"2020-06-19","15:28:00",3,"FL",12,0,1,0,0,0,0,29.19,-82.11,29.19,-82.11,0,0,0,0,0,83,0,0,0
654216,2020,6,19,"2020-06-19","15:59:00",3,"TX",48,0,1.25,0,0,0,0,35.23,-101.71,35.23,-101.71,0,0,0,0,0,375,0,0,0
654217,2020,6,19,"2020-06-19","16:01:00",3,"TX",48,0,1.75,0,0,0,0,35.24,-101.5,35.24,-101.5,0,0,0,0,0,65,0,0,0
654218,2020,6,19,"2020-06-19","16:15:00",3,"TX",48,0,1,0,0,0,0,35.65,-101.41,35.65,-101.41,0,0,0,0,0,233,0,0,0
654219,2020,6,19,"2020-06-19","16:19:00",3,"TX",48,0,0.75,0,0,0,0,35.57,-101.35,35.57,-101.35,0,0,0,0,0,65,0,0,0
654220,2020,6,19,"2020-06-19","16:19:00",3,"TX",48,0,1.25,0,0,0,0,35.24,-101.7,35.24,-101.7,0,0,0,0,0,375,0,0,0
654221,2020,6,19,"2020-06-19","16:22:00",3,"CO",8,0,1.75,0,0,0,0,38.55,-102.44,38.55,-102.44,0,0,0,0,0,61,0,0,0
654222,2020,6,19,"2020-06-19","16:38:00",3,"TX",48,0,1.25,0,0,0,0,31.85,-102.37,31.85,-102.37,0,0,0,0,0,135,0,0,0
654223,2020,6,19,"2020-06-19","16:41:00",3,"TX",48,0,3,0,0,0,0,31.85,-102.37,31.85,-102.37,0,0,0,0,0,135,0,0,0
654224,2020,6,19,"2020-06-19","16:49:00",3,"TX",48,0,1,0,0,0,0,35.16,-101.53,35.16,-101.53,0,0,0,0,0,11,0,0,0
654225,2020,6,19,"2020-06-19","16:55:00",3,"TX",48,0,1.75,0,0,0,0,35.21,-101.14,35.21,-101.14,0,0,0,0,0,65,0,0,0
654226,2020,6,19,"2020-06-19","16:55:00",3,"TX",48,0,1,0,0,0,0,31.8576,-102.2,31.8576,-102.2,0,0,0,0,0,329,0,0,0
654227,2020,6,19,"2020-06-19","16:58:00",3,"TX",48,0,1,0,0,0,0,31.8432,-102.3664,31.8432,-102.3664,0,0,0,0,0,135,0,0,0
654228,2020,6,19,"2020-06-19","17:13:00",3,"TX",48,0,1.25,0,0,0,0,31.9693,-102.1162,31.9693,-102.1162,0,0,0,0,0,329,0,0,0
654229,2020,6,19,"2020-06-19","17:20:00",3,"TX",48,0,1.5,0,0,0,0,31.9693,-102.0438,31.9693,-102.0438,0,0,0,0,0,329,0,0,0
654230,2020,6,19,"2020-06-19","17:20:00",3,"TX",48,0,2.5,0,0,0,0,32,-102.08,32,-102.08,0,0,0,0,0,329,0,0,0
654231,2020,6,19,"2020-06-19","17:24:00",3,"TX",48,0,1,0,0,0,0,31.9795,-102.0559,31.9795,-102.0559,0,0,0,0,0,329,0,0,0
654232,2020,6,19,"2020-06-19","17:25:00",3,"WY",56,0,0.75,0,0,0,0,44.29,-105.5,44.29,-105.5,0,0,0,0,0,5,0,0,0
654233,2020,6,19,"2020-06-19","17:25:00",3,"WY",56,0,1,0,0,0,0,44.2633,-105.4845,44.2633,-105.4845,0,0,0,0,0,5,0,0,0
654234,2020,6,19,"2020-06-19","17:27:00",3,"TX",48,0,1,0,0,0,0,32.4592,-101.87,32.4592,-101.87,0,0,0,0,0,317,0,0,0
654235,2020,6,19,"2020-06-19","17:27:00",3,"WY",56,0,0.88,0,0,0,0,44.2845,-105.4813,44.2845,-105.4813,0,0,0,0,0,5,0,0,0
654236,2020,6,19,"2020-06-19","17:30:00",3,"WY",56,0,0.75,0,0,0,0,44.2466,-105.5,44.2466,-105.5,0,0,0,0,0,5,0,0,0
654237,2020,6,19,"2020-06-19","17:30:00",3,"WY",56,0,1,0,0,0,0,44.2755,-105.5,44.2755,-105.5,0,0,0,0,0,5,0,0,0
654238,2020,6,19,"2020-06-19","17:30:00",3,"TX",48,0,1,0,0,0,0,32,-102.0288,32,-102.0288,0,0,0,0,0,329,0,0,0
654239,2020,6,19,"2020-06-19","17:30:00",3,"WY",56,0,1.25,0,0,0,0,44.2633,-105.4845,44.2633,-105.4845,0,0,0,0,0,5,0,0,0
654240,2020,6,19,"2020-06-19","17:38:00",3,"TX",48,0,1,0,0,0,0,32.3,-101.87,32.3,-101.87,0,0,0,0,0,317,0,0,0
654241,2020,6,19,"2020-06-19","17:45:00",3,"TX",48,0,1,0,0,0,0,35.05,-100.9,35.05,-100.9,0,0,0,0,0,129,0,0,0
654242,2020,6,19,"2020-06-19","18:09:00",3,"TX",48,0,1,0,0,0,0,34.88,-101.87,34.88,-101.87,0,0,0,0,0,381,0,0,0
654243,2020,6,19,"2020-06-19","18:15:00",3,"KY",21,0,1,0,0,0,0,37.43,-84,37.34,-83.9,0,0,0,0,0,109,0,0,0
654244,2020,6,19,"2020-06-19","19:26:00",3,"TX",48,0,1,0,0,0,0,32.42,-100.62,32.42,-100.62,0,0,0,0,0,353,0,0,0
654245,2020,6,19,"2020-06-19","19:33:00",3,"TX",48,0,1.5,0,0,0,0,36.06,-102.34,36.06,-102.34,0,0,0,0,0,111,0,0,0
654246,2020,6,19,"2020-06-19","19:59:00",3,"GA",13,0,1,0,0,0,0,31.48,-82.02,31.48,-82.02,0,0,0,0,0,305,0,0,0
654247,2020,6,19,"2020-06-19","20:52:00",3,"TX",48,0,0.88,0,0,0,0,32.45,-99.79,32.45,-99.79,0,0,0,0,0,441,0,0,0
654248,2020,6,19,"2020-06-19","22:25:00",3,"TX",48,0,0.75,0,0,0,0,36.18,-102.69,36.18,-102.69,0,0,0,0,0,111,0,0,0
654249,2020,6,19,"2020-06-19","23:45:00",3,"TX",48,0,1.5,0,0,0,0,33.6433,-101.2633,33.6433,-101.2633,0,0,0,0,0,107,0,0,0
654250,2020,6,20,"2020-06-20","11:30:00",3,"NH",33,0,1,0,0,0,0,43.8224,-71.8911,43.8224,-71.8911,0,0,0,0,0,9,0,0,0
654251,2020,6,20,"2020-06-20","11:50:00",3,"NC",37,0,1,0,0,0,0,35.622,-80.893,35.622,-80.893,0,0,0,0,0,97,0,0,0
654252,2020,6,20,"2020-06-20","12:13:00",3,"ND",38,0,1.25,0,0,0,0,47.12,-98.28,47.12,-98.28,0,0,0,0,0,3,0,0,0
654253,2020,6,20,"2020-06-20","12:25:00",3,"ND",38,0,1,0,0,0,0,47.16,-98.18,47.16,-98.18,0,0,0,0,0,3,0,0,0
654254,2020,6,20,"2020-06-20","12:45:00",3,"ND",38,0,1.25,0,0,0,0,47.47,-98.35,47.47,-98.35,0,0,0,0,0,39,0,0,0
654255,2020,6,20,"2020-06-20","14:04:00",3,"ND",38,0,0.75,0,0,0,0,47.45,-98.01,47.45,-98.01,0,0,0,0,0,39,0,0,0
654256,2020,6,20,"2020-06-20","14:05:00",3,"SD",46,0,0.88,0,0,0,0,45.86,-100.01,45.86,-100.01,0,0,0,0,0,21,0,0,0
654257,2020,6,20,"2020-06-20","14:10:00",3,"ND",38,0,1.25,0,0,0,0,47.48,-98.01,47.48,-98.01,0,0,0,0,0,39,0,0,0
654258,2020,6,20,"2020-06-20","14:15:00",3,"SD",46,0,1.75,0,0,0,0,44.32,-99.95,44.32,-99.95,0,0,0,0,0,65,0,0,0
654259,2020,6,20,"2020-06-20","14:20:00",3,"ND",38,0,0.88,0,0,0,0,48.42,-97.4,48.42,-97.4,0,0,0,0,0,99,0,0,0
654260,2020,6,20,"2020-06-20","14:27:00",3,"ND",38,0,1,0,0,0,0,47.77,-96.98,47.77,-96.98,0,0,0,0,0,35,0,0,0
654261,2020,6,20,"2020-06-20","14:37:00",3,"MN",27,0,0.88,0,0,0,0,47.35,-96.82,47.35,-96.82,0,0,0,0,0,107,0,0,0
654262,2020,6,20,"2020-06-20","14:50:00",3,"SD",46,0,0.75,0,0,0,0,45.77,-98.77,45.77,-98.77,0,0,0,0,0,89,0,0,0
654263,2020,6,20,"2020-06-20","15:15:00",3,"ND",38,0,1,0,0,0,0,48.72,-97.73,48.72,-97.73,0,0,0,0,0,67,0,0,0
654264,2020,6,20,"2020-06-20","15:17:00",3,"SD",46,0,0.75,0,0,0,0,45.76,-98.42,45.76,-98.42,0,0,0,0,0,13,0,0,0
654265,2020,6,20,"2020-06-20","15:25:00",3,"ND",38,0,1,0,0,0,0,46.44,-98.62,46.44,-98.62,0,0,0,0,0,45,0,0,0
654266,2020,6,20,"2020-06-20","15:29:00",3,"SC",45,0,1,0,0,0,0,33.8205,-79.1754,33.8205,-79.1754,0,0,0,0,0,51,0,0,0
654267,2020,6,20,"2020-06-20","15:36:00",3,"ND",38,0,1,0,0,0,0,48.8,-97.62,48.8,-97.62,0,0,0,0,0,67,0,0,0
654268,2020,6,20,"2020-06-20","15:40:00",3,"ND",38,0,0.75,0,0,0,0,48.39,-97.74,48.39,-97.74,0,0,0,0,0,99,0,0,0
654269,2020,6,20,"2020-06-20","15:50:00",3,"SC",45,0,1,0,0,0,0,33.75,-78.93,33.75,-78.93,0,0,0,0,0,51,0,0,0
654270,2020,6,20,"2020-06-20","15:56:00",3,"IL",17,0,0.75,0,0,0,0,40.4034,-90.0827,40.4034,-90.0827,0,0,0,0,0,57,0,0,0
654271,2020,6,20,"2020-06-20","16:06:00",3,"NE",31,0,1.75,0,0,0,0,42.07,-100.26,42.07,-100.26,0,0,0,0,0,9,0,0,0
654272,2020,6,20,"2020-06-20","16:10:00",3,"NE",31,0,2.5,0,0,0,0,42.05,-100.23,42.05,-100.23,0,0,0,0,0,9,0,0,0
654273,2020,6,20,"2020-06-20","16:10:00",3,"KS",20,0,1,0,0,0,0,37.4,-99.38,37.4,-99.38,0,0,0,0,0,97,0,0,0
654274,2020,6,20,"2020-06-20","16:13:00",3,"SC",45,0,1,0,0,0,0,33.67,-78.92,33.67,-78.92,0,0,0,0,0,51,0,0,0
654275,2020,6,20,"2020-06-20","16:20:00",3,"ND",38,0,1,0,0,0,0,46.03,-98.48,46.03,-98.48,0,0,0,0,0,21,0,0,0
654276,2020,6,20,"2020-06-20","16:28:00",3,"NE",31,0,1.25,0,0,0,0,42,-100.05,42,-100.05,0,0,0,0,0,9,0,0,0
654277,2020,6,20,"2020-06-20","16:37:00",3,"NC",37,0,1,0,0,0,0,34.6211,-78.05,34.6211,-78.05,0,0,0,0,0,141,0,0,0
654278,2020,6,20,"2020-06-20","16:49:00",3,"NE",31,0,1.75,0,0,0,0,42.07,-99.99,42.07,-99.99,0,0,0,0,0,9,0,0,0
654279,2020,6,20,"2020-06-20","16:54:00",3,"SD",46,0,1.25,0,0,0,0,45.61,-98.31,45.61,-98.31,0,0,0,0,0,13,0,0,0
654280,2020,6,20,"2020-06-20","16:58:00",3,"SD",46,0,1.5,0,0,0,0,43.81,-99.33,43.81,-99.33,0,0,0,0,0,15,0,0,0
654281,2020,6,20,"2020-06-20","16:59:00",3,"SD",46,0,1.75,0,0,0,0,43.8,-99.38,43.8,-99.38,0,0,0,0,0,85,0,0,0
654282,2020,6,20,"2020-06-20","17:00:00",3,"NE",31,0,1.25,0,0,0,0,41.94,-99.86,41.94,-99.86,0,0,0,0,0,9,0,0,0
654283,2020,6,20,"2020-06-20","17:02:00",3,"NE",31,0,1.25,0,0,0,0,41.45,-100.28,41.45,-100.28,0,0,0,0,0,113,0,0,0
654284,2020,6,20,"2020-06-20","17:10:00",3,"ND",38,0,1,0,0,0,0,46.59,-97.32,46.59,-97.32,0,0,0,0,0,73,0,0,0
654285,2020,6,20,"2020-06-20","17:12:00",3,"SD",46,0,1.75,0,0,0,0,43.77,-99.34,43.77,-99.34,0,0,0,0,0,15,0,0,0
654286,2020,6,20,"2020-06-20","17:15:00",3,"SD",46,0,0.88,0,0,0,0,45.22,-98.59,45.22,-98.59,0,0,0,0,0,115,0,0,0
654287,2020,6,20,"2020-06-20","17:18:00",3,"SD",46,0,1.75,0,0,0,0,43.77,-99.31,43.77,-99.31,0,0,0,0,0,15,0,0,0
654288,2020,6,20,"2020-06-20","17:20:00",3,"SD",46,0,1.75,0,0,0,1e+05,43.77,-99.28,43.77,-99.28,0,0,0,0,0,15,0,0,0
654289,2020,6,20,"2020-06-20","17:30:00",3,"NE",31,0,1,0,0,0,0,41.76,-99.6,41.76,-99.6,0,0,0,0,0,115,0,0,0
654290,2020,6,20,"2020-06-20","17:30:00",3,"SC",45,0,1,0,0,0,0,33.55,-79.22,33.55,-79.22,0,0,0,0,0,43,0,0,0
654291,2020,6,20,"2020-06-20","17:32:00",3,"SD",46,0,1.75,0,0,10000,0,43.92,-99.15,43.92,-99.15,0,0,0,0,0,15,0,0,0
654292,2020,6,20,"2020-06-20","17:45:00",3,"NE",31,0,1.75,0,0,0,0,41.29,-100.05,41.29,-100.05,0,0,0,0,0,41,0,0,0
654293,2020,6,20,"2020-06-20","17:52:00",3,"SD",46,0,1,0,0,0,0,45.64,-98,45.64,-98,0,0,0,0,0,13,0,0,0
654294,2020,6,20,"2020-06-20","17:58:00",3,"SC",45,0,1,0,0,0,0,33.4966,-79.1781,33.4966,-79.1781,0,0,0,0,0,43,0,0,0
654295,2020,6,20,"2020-06-20","18:00:00",3,"KS",20,0,1,0,0,0,0,38.39,-100.02,38.39,-100.02,0,0,0,0,0,135,0,0,0
654296,2020,6,20,"2020-06-20","18:04:00",3,"SD",46,0,1.5,0,0,0,40000,43.56,-98.98,43.56,-98.98,0,0,0,0,0,15,0,0,0
654297,2020,6,20,"2020-06-20","18:10:00",3,"KS",20,0,1,0,0,0,0,38.89,-99.89,38.89,-99.89,0,0,0,0,0,195,0,0,0
654298,2020,6,20,"2020-06-20","18:10:00",3,"NE",31,0,1.75,0,0,50000,5e+05,40.0476,-100.12,40.0398,-100.0766,0,0,0,0,0,65,0,0,0
654299,2020,6,20,"2020-06-20","18:23:00",3,"TX",48,0,1.5,0,0,0,0,32.0166,-102.4727,32.0166,-102.4727,0,0,0,0,0,135,0,0,0
654300,2020,6,20,"2020-06-20","18:25:00",3,"TX",48,0,2,0,0,0,0,32.0176,-102.4567,32.0176,-102.4567,0,0,0,0,0,135,0,0,0
654301,2020,6,20,"2020-06-20","18:26:00",3,"KS",20,0,1,0,0,0,0,38.34,-99.9,38.34,-99.9,0,0,0,0,0,135,0,0,0
654302,2020,6,20,"2020-06-20","18:28:00",3,"TX",48,0,2,0,0,0,0,31.9302,-102.4091,31.9302,-102.4091,0,0,0,0,0,135,0,0,0
654303,2020,6,20,"2020-06-20","18:29:00",3,"TX",48,0,1,0,0,0,0,31.9454,-102.4051,31.9454,-102.4051,0,0,0,0,0,135,0,0,0
654304,2020,6,20,"2020-06-20","18:30:00",3,"NE",31,0,1,0,0,0,0,41.22,-99.76,41.22,-99.76,0,0,0,0,0,41,0,0,0
654305,2020,6,20,"2020-06-20","18:30:00",3,"KS",20,0,1,0,0,0,0,38.35,-99.85,38.35,-99.85,0,0,0,0,0,135,0,0,0
654306,2020,6,20,"2020-06-20","18:30:00",3,"SD",46,0,2.75,0,0,0,10000,43.39,-99.24,43.39,-99.24,0,0,0,0,0,53,0,0,0
654307,2020,6,20,"2020-06-20","18:30:00",3,"TX",48,0,1.5,0,0,0,0,31.9436,-102.4157,31.9436,-102.4157,0,0,0,0,0,135,0,0,0
654308,2020,6,20,"2020-06-20","18:30:00",3,"TX",48,0,3,0,0,0,0,31.9309,-102.4,31.9309,-102.4,0,0,0,0,0,135,0,0,0
654309,2020,6,20,"2020-06-20","18:30:00",3,"TX",48,0,2.5,0,0,0,0,31.9302,-102.4091,31.9302,-102.4091,0,0,0,0,0,135,0,0,0
654310,2020,6,20,"2020-06-20","18:32:00",3,"KS",20,0,1,0,0,0,0,38.35,-99.85,38.35,-99.85,0,0,0,0,0,135,0,0,0
654311,2020,6,20,"2020-06-20","18:32:00",3,"TX",48,0,1,0,0,0,0,31.8901,-102.3504,31.8901,-102.3504,0,0,0,0,0,135,0,0,0
654312,2020,6,20,"2020-06-20","18:34:00",3,"TX",48,0,1.75,0,0,0,0,31.9436,-102.4157,31.9436,-102.4157,0,0,0,0,0,135,0,0,0
654313,2020,6,20,"2020-06-20","18:34:00",3,"TX",48,0,1.5,0,0,0,0,31.9302,-102.4091,31.9302,-102.4091,0,0,0,0,0,135,0,0,0
654314,2020,6,20,"2020-06-20","18:37:00",3,"KS",20,0,0.75,0,0,0,0,39.9397,-99.8877,39.9397,-99.8877,0,0,0,0,0,137,0,0,0
654315,2020,6,20,"2020-06-20","18:37:00",3,"SD",46,0,2,0,0,0,0,43.36,-99.18,43.36,-99.18,0,0,0,0,0,53,0,0,0
654316,2020,6,20,"2020-06-20","18:38:00",3,"IL",17,0,0.75,0,0,0,0,41.6473,-88.2,41.6473,-88.2,0,0,0,0,0,197,0,0,0
654317,2020,6,20,"2020-06-20","18:39:00",3,"SD",46,0,1.75,0,0,10000,0,43.38,-99.29,43.38,-99.29,0,0,0,0,0,53,0,0,0
654318,2020,6,20,"2020-06-20","18:43:00",3,"TX",48,0,1.5,0,0,0,0,31.8848,-102.3737,31.8848,-102.3737,0,0,0,0,0,135,0,0,0
654319,2020,6,20,"2020-06-20","18:45:00",3,"KS",20,0,1.75,0,0,0,0,39.12,-99.54,39.12,-99.54,0,0,0,0,0,51,0,0,0
654320,2020,6,20,"2020-06-20","18:48:00",3,"SD",46,0,1,0,0,0,0,43.29,-98.99,43.29,-98.99,0,0,0,0,0,23,0,0,0
654321,2020,6,20,"2020-06-20","18:50:00",3,"TX",48,0,1.75,0,0,0,0,31.8901,-102.3896,31.8901,-102.3896,0,0,0,0,0,135,0,0,0
654322,2020,6,20,"2020-06-20","18:53:00",3,"SD",46,0,1,0,0,0,0,43.56,-98.98,43.56,-98.98,0,0,0,0,0,15,0,0,0
654323,2020,6,20,"2020-06-20","19:00:00",3,"SD",46,0,1,0,0,0,0,45.07,-98.04,45.07,-98.04,0,0,0,0,0,115,0,0,0
654324,2020,6,20,"2020-06-20","19:00:00",3,"KS",20,0,2.5,0,0,0,0,39.8385,-99.8,39.8385,-99.8,0,0,0,0,0,137,0,0,0
654325,2020,6,20,"2020-06-20","19:00:00",3,"KS",20,0,1.25,0,0,0,0,39.84,-99.89,39.84,-99.89,0,0,0,0,0,137,0,0,0
654326,2020,6,20,"2020-06-20","19:03:00",3,"SD",46,0,1,0,0,0,12000,43.53,-98.85,43.53,-98.85,0,0,0,0,0,15,0,0,0
654327,2020,6,20,"2020-06-20","19:08:00",3,"KS",20,0,3,0,0,50000,5e+05,39.1498,-99.3429,39.2011,-99.3,0,0,0,0,0,163,0,0,0
654328,2020,6,20,"2020-06-20","19:10:00",3,"KS",20,0,0.88,0,0,0,0,39.8493,-99.7489,39.8493,-99.7489,0,0,0,0,0,137,0,0,0
654329,2020,6,20,"2020-06-20","19:10:00",3,"TX",48,0,1,0,0,0,0,31.7784,-102.4543,31.7784,-102.4543,0,0,0,0,0,135,0,0,0
654330,2020,6,20,"2020-06-20","19:11:00",3,"SD",46,0,1,0,0,0,14000,43.3,-99,43.3,-99,0,0,0,0,0,23,0,0,0
654331,2020,6,20,"2020-06-20","19:25:00",3,"SD",46,0,1.5,0,0,0,0,43.4,-98.71,43.4,-98.71,0,0,0,0,0,23,0,0,0
654332,2020,6,20,"2020-06-20","19:30:00",3,"KS",20,0,1,0,0,0,0,39.7571,-99.6684,39.7571,-99.6684,0,0,0,0,0,137,0,0,0
654333,2020,6,20,"2020-06-20","19:30:00",3,"SD",46,0,1,0,0,0,0,43.38,-99.04,43.38,-99.04,0,0,0,0,0,23,0,0,0
654334,2020,6,20,"2020-06-20","19:35:00",3,"KS",20,0,1.75,0,0,0,0,38.31,-100.06,38.31,-100.06,0,0,0,0,0,135,0,0,0
654335,2020,6,20,"2020-06-20","19:38:00",3,"KS",20,0,2,0,0,0,0,38.2,-99.75,38.2,-99.75,0,0,0,0,0,83,0,0,0
654336,2020,6,20,"2020-06-20","19:39:00",3,"SD",46,0,1,0,0,0,0,43.1,-98.86,43.1,-98.86,0,0,0,0,0,53,0,0,0
654337,2020,6,20,"2020-06-20","19:46:00",3,"KS",20,0,1.25,0,0,0,0,38.13,-99.71,38.13,-99.71,0,0,0,0,0,83,0,0,0
654338,2020,6,20,"2020-06-20","19:54:00",3,"SD",46,0,1,0,0,0,0,43.3,-99,43.3,-99,0,0,0,0,0,23,0,0,0
654339,2020,6,20,"2020-06-20","19:58:00",3,"NE",31,0,1,0,0,0,0,40.82,-98.6,40.82,-98.6,0,0,0,0,0,79,0,0,0
654340,2020,6,20,"2020-06-20","20:08:00",3,"KS",20,0,1,0,0,0,0,38.24,-99.9,38.24,-99.9,0,0,0,0,0,83,0,0,0
654341,2020,6,20,"2020-06-20","20:10:00",3,"KS",20,0,1.25,0,0,0,0,38.39,-100.02,38.39,-100.02,0,0,0,0,0,135,0,0,0
654342,2020,6,20,"2020-06-20","20:14:00",3,"KS",20,0,1,0,0,0,0,38.2,-99.9,38.2,-99.9,0,0,0,0,0,83,0,0,0
654343,2020,6,20,"2020-06-20","20:18:00",3,"SD",46,0,1.75,0,0,0,0,43.01,-98.62,43.01,-98.62,0,0,0,0,0,53,0,0,0
654344,2020,6,20,"2020-06-20","20:21:00",3,"KS",20,0,1,0,0,0,0,38.18,-99.9,38.18,-99.9,0,0,0,0,0,83,0,0,0
654345,2020,6,20,"2020-06-20","20:27:00",3,"KS",20,0,1.5,0,0,0,0,38.15,-99.9,38.15,-99.9,0,0,0,0,0,83,0,0,0
654346,2020,6,20,"2020-06-20","20:30:00",3,"KS",20,0,1.5,0,0,0,0,38.12,-99.71,38.12,-99.71,0,0,0,0,0,83,0,0,0
654347,2020,6,20,"2020-06-20","20:45:00",3,"SD",46,0,1,0,0,0,0,43.01,-98.74,43.01,-98.74,0,0,0,0,0,53,0,0,0
654348,2020,6,20,"2020-06-20","22:05:00",3,"KS",20,0,0.88,0,0,0,0,37.83,-100.02,37.83,-100.02,0,0,0,0,0,57,0,0,0
654349,2020,6,20,"2020-06-20","22:15:00",3,"KS",20,0,1,0,0,0,0,37.76,-99.97,37.76,-99.97,0,0,0,0,0,57,0,0,0
654350,2020,6,20,"2020-06-20","22:22:00",3,"KS",20,0,1.25,0,0,0,0,37.74,-99.94,37.74,-99.94,0,0,0,0,0,57,0,0,0
654351,2020,6,20,"2020-06-20","22:27:00",3,"TX",48,0,1.75,0,0,0,0,34.6741,-100.083,34.6741,-100.083,0,0,0,0,0,75,0,0,0
654352,2020,6,20,"2020-06-20","23:35:00",3,"NE",31,0,1,0,0,0,0,41.45,-97.73,41.45,-97.73,0,0,0,0,0,125,0,0,0
654353,2020,6,20,"2020-06-20","23:50:00",3,"NE",31,0,1,0,0,0,0,41.39,-97.54,41.39,-97.54,0,0,0,0,0,141,0,0,0
654354,2020,6,21,"2020-06-21","00:17:00",3,"NE",31,0,1,0,0,0,0,41.32,-97.67,41.32,-97.67,0,0,0,0,0,121,0,0,0
654355,2020,6,21,"2020-06-21","02:19:00",3,"OK",40,0,1.25,0,0,0,0,35.06,-98.26,35.06,-98.26,0,0,0,0,0,15,0,0,0
654356,2020,6,21,"2020-06-21","02:22:00",3,"OK",40,0,1.5,0,0,0,0,35.06,-98.26,35.06,-98.26,0,0,0,0,0,15,0,0,0
654357,2020,6,21,"2020-06-21","02:26:00",3,"OK",40,0,1.75,0,0,0,0,35.06,-98.26,35.06,-98.26,0,0,0,0,0,15,0,0,0
654358,2020,6,21,"2020-06-21","02:53:00",3,"OK",40,0,1.75,0,0,0,0,35.06,-98.26,35.06,-98.26,0,0,0,0,0,15,0,0,0
654359,2020,6,21,"2020-06-21","03:17:00",3,"OK",40,0,1,0,0,0,0,34.01,-97.97,34.01,-97.97,0,0,0,0,0,67,0,0,0
654360,2020,6,21,"2020-06-21","03:56:00",3,"NE",31,0,1,0,0,0,0,42.44,-96.71,42.44,-96.71,0,0,0,0,0,43,0,0,0
654361,2020,6,21,"2020-06-21","03:59:00",3,"NE",31,0,1,0,0,0,0,42.44,-96.68,42.44,-96.68,0,0,0,0,0,43,0,0,0
654362,2020,6,21,"2020-06-21","05:00:00",3,"OK",40,0,0.88,0,0,0,0,36.75,-101.11,36.75,-101.11,0,0,0,0,0,139,0,0,0
654363,2020,6,21,"2020-06-21","05:00:00",3,"OK",40,0,1,0,0,0,0,35.69,-97.81,35.69,-97.81,0,0,0,0,0,17,0,0,0
654364,2020,6,21,"2020-06-21","05:30:00",3,"IA",19,0,0.88,0,0,0,0,42.41,-96.21,42.41,-96.21,0,0,0,0,0,193,0,0,0
654365,2020,6,21,"2020-06-21","05:30:00",3,"IA",19,0,1,0,0,0,0,42.4,-96.2,42.4,-96.2,0,0,0,0,0,193,0,0,0
654366,2020,6,21,"2020-06-21","06:40:00",3,"KS",20,0,1,0,0,0,0,39.06,-98.54,39.06,-98.54,0,0,0,0,0,167,0,0,0
654367,2020,6,21,"2020-06-21","07:28:00",3,"OK",40,0,1,0,0,0,0,34.78,-98.57,34.78,-98.57,0,0,0,0,0,31,0,0,0
654368,2020,6,21,"2020-06-21","09:15:00",3,"KS",20,0,1,0,0,0,0,39.67,-98.35,39.67,-98.35,0,0,0,0,0,89,0,0,0
654369,2020,6,21,"2020-06-21","09:25:00",3,"OK",40,0,1,0,0,0,0,34.9,-98.47,34.9,-98.47,0,0,0,0,0,15,0,0,0
654370,2020,6,21,"2020-06-21","10:38:00",3,"MN",27,0,0.75,0,0,0,0,47.46,-92.48,47.46,-92.48,0,0,0,0,0,137,0,0,0
654371,2020,6,21,"2020-06-21","11:04:00",3,"MN",27,0,1,0,0,0,0,47.48,-92.25,47.48,-92.25,0,0,0,0,0,137,0,0,0
654372,2020,6,21,"2020-06-21","11:50:00",3,"KS",20,0,1.5,0,0,0,0,38.99,-98.15,38.99,-98.15,0,0,0,0,0,105,0,0,0
654373,2020,6,21,"2020-06-21","11:55:00",3,"KS",20,0,1.5,0,0,0,0,39,-98.39,39,-98.39,0,0,0,0,0,105,0,0,0
654374,2020,6,21,"2020-06-21","12:03:00",3,"MN",27,0,1,0,0,0,0,46.93,-92.14,46.93,-92.14,0,0,0,0,0,137,0,0,0
654375,2020,6,21,"2020-06-21","12:04:00",3,"MN",27,0,1,0,0,0,0,46.89,-92.03,46.89,-92.03,0,0,0,0,0,137,0,0,0
654376,2020,6,21,"2020-06-21","12:20:00",3,"MN",27,0,1,0,0,0,0,46.93,-91.88,46.93,-91.88,0,0,0,0,0,137,0,0,0
654377,2020,6,21,"2020-06-21","12:22:00",3,"MN",27,0,1,0,0,0,0,46.93,-91.92,46.93,-91.92,0,0,0,0,0,137,0,0,0
654378,2020,6,21,"2020-06-21","12:25:00",3,"IA",19,0,1,0,0,0,0,42.28,-92.09,42.28,-92.09,0,0,0,0,0,11,0,0,0
654379,2020,6,21,"2020-06-21","12:25:00",3,"IA",19,0,0.88,0,0,0,0,42.26,-92.09,42.26,-92.09,0,0,0,0,0,11,0,0,0
654380,2020,6,21,"2020-06-21","12:29:00",3,"MN",27,0,0.75,0,0,0,0,46.92,-91.85,46.92,-91.85,0,0,0,0,0,137,0,0,0
654381,2020,6,21,"2020-06-21","12:35:00",3,"WV",54,0,0.88,0,0,0,0,37.69,-80.72,37.69,-80.72,0,0,0,0,0,89,0,0,0
654382,2020,6,21,"2020-06-21","12:48:00",3,"IL",17,0,1.75,0,0,0,0,39.1466,-89.8817,39.1466,-89.8817,0,0,0,0,0,117,0,0,0
654383,2020,6,21,"2020-06-21","12:50:00",3,"NH",33,0,1,0,0,0,0,44.3559,-71.188,44.3559,-71.188,0,0,0,0,0,7,0,0,0
654384,2020,6,21,"2020-06-21","12:53:00",3,"KS",20,0,1.5,0,0,0,0,38.95,-100.8517,38.95,-100.8517,0,0,0,0,0,109,0,0,0
654385,2020,6,21,"2020-06-21","13:04:00",3,"KS",20,0,1,0,0,0,0,39.111,-100.6276,39.111,-100.6276,0,0,0,0,0,63,0,0,0
654386,2020,6,21,"2020-06-21","13:04:00",3,"KS",20,0,1,0,0,0,0,39.12,-100.63,39.12,-100.63,0,0,0,0,0,63,0,0,0
654387,2020,6,21,"2020-06-21","13:14:00",3,"KS",20,0,1.5,0,0,0,0,39.1116,-100.6415,39.1116,-100.6415,0,0,0,0,0,63,0,0,0
654388,2020,6,21,"2020-06-21","13:16:00",3,"KS",20,0,0.88,0,0,0,0,39.069,-100.6281,39.069,-100.6281,0,0,0,0,0,63,0,0,0
654389,2020,6,21,"2020-06-21","13:18:00",3,"KS",20,0,1,0,0,0,0,38.98,-100.8512,38.98,-100.8512,0,0,0,0,0,109,0,0,0
654390,2020,6,21,"2020-06-21","13:30:00",3,"KS",20,0,1.5,0,0,0,0,38.82,-98.47,38.82,-98.47,0,0,0,0,0,53,0,0,0
654391,2020,6,21,"2020-06-21","13:40:00",3,"SD",46,0,1,0,0,0,0,42.78,-96.93,42.78,-96.93,0,0,0,0,0,27,0,0,0
654392,2020,6,21,"2020-06-21","13:42:00",3,"WI",55,0,1,0,0,0,0,46.22,-91.28,46.22,-91.28,0,0,0,0,0,7,0,0,0
654393,2020,6,21,"2020-06-21","13:45:00",3,"KS",20,0,1,0,0,0,0,39.3006,-100.5529,39.3006,-100.5529,0,0,0,0,0,179,0,0,0
654394,2020,6,21,"2020-06-21","13:46:00",3,"KS",20,0,1.5,0,0,0,0,38.88,-98.7,38.88,-98.7,0,0,0,0,0,167,0,0,0
654395,2020,6,21,"2020-06-21","13:52:00",3,"KS",20,0,1,0,0,0,0,39.1523,-98.9338,39.1523,-98.9338,0,0,0,0,0,141,0,0,0
654396,2020,6,21,"2020-06-21","14:02:00",3,"IA",19,0,1,0,0,0,0,42.15,-91.7,42.15,-91.7,0,0,0,0,0,113,0,0,0
654397,2020,6,21,"2020-06-21","14:05:00",3,"SD",46,0,1,0,0,0,60000,42.86,-96.86,42.86,-96.86,0,0,0,0,0,27,0,0,0
654398,2020,6,21,"2020-06-21","14:05:00",3,"KS",20,0,1.25,0,0,0,0,39.3602,-100.4371,39.3602,-100.4371,0,0,0,0,0,179,0,0,0
654399,2020,6,21,"2020-06-21","14:08:00",3,"WI",55,0,1.75,0,0,0,0,46.79,-90.86,46.79,-90.86,0,0,0,0,0,7,0,0,0
654400,2020,6,21,"2020-06-21","14:12:00",3,"IL",17,0,1,0,0,0,0,39.9332,-91.4033,39.9332,-91.4033,0,0,0,0,0,1,0,0,0
654401,2020,6,21,"2020-06-21","14:12:00",3,"WI",55,0,1,0,0,0,0,46.12,-91.23,46.12,-91.23,0,0,0,0,0,113,0,0,0
654402,2020,6,21,"2020-06-21","14:20:00",3,"KS",20,0,0.88,0,0,0,0,38.503,-101.2196,38.503,-101.2196,0,0,0,0,0,203,0,0,0
654403,2020,6,21,"2020-06-21","14:25:00",3,"WI",55,0,1,0,0,0,0,46.76,-90.78,46.76,-90.78,0,0,0,0,0,3,0,0,0
654404,2020,6,21,"2020-06-21","14:55:00",3,"IA",19,0,1,0,0,0,0,42.09,-91.46,42.09,-91.46,0,0,0,0,0,113,0,0,0
654405,2020,6,21,"2020-06-21","14:59:00",3,"KS",20,0,1,0,0,0,0,38.5,-100.47,38.5,-100.47,0,0,0,0,0,101,0,0,0
654406,2020,6,21,"2020-06-21","15:00:00",3,"MN",27,0,1,0,0,0,0,43.8388,-94.7423,43.8469,-94.7296,0,0,0,0,0,91,0,0,0
654407,2020,6,21,"2020-06-21","15:00:00",3,"MN",27,0,1.25,0,0,20000,0,43.8492,-94.7435,43.8694,-94.7096,0,0,0,0,0,165,0,0,0
654408,2020,6,21,"2020-06-21","15:00:00",3,"KS",20,0,1.25,0,0,0,0,39.7606,-99.8894,39.7606,-99.8894,0,0,0,0,0,137,0,0,0
654409,2020,6,21,"2020-06-21","15:05:00",3,"AR",5,0,1,0,0,0,0,36.32,-93.45,36.32,-93.45,0,0,0,0,0,15,0,0,0
654410,2020,6,21,"2020-06-21","15:15:00",3,"MN",27,0,1,0,0,0,0,44.18,-94.04,44.18,-94.04,0,0,0,0,0,103,0,0,0
654411,2020,6,21,"2020-06-21","15:18:00",3,"OH",39,0,0.75,0,0,0,0,41.4109,-81.362,41.4109,-81.362,0,0,0,0,0,55,0,0,0
654412,2020,6,21,"2020-06-21","15:20:00",3,"KS",20,0,1,0,0,0,0,39.8207,-99.897,39.8207,-99.897,0,0,0,0,0,137,0,0,0
654413,2020,6,21,"2020-06-21","15:30:00",3,"MN",27,0,0.75,0,0,0,0,43.97,-94.48,43.97,-94.48,0,0,0,0,0,165,0,0,0
654414,2020,6,21,"2020-06-21","15:30:00",3,"SD",46,0,1,0,0,0,0,44.24,-100.67,44.24,-100.67,0,0,0,0,0,117,0,0,0
654415,2020,6,21,"2020-06-21","15:30:00",3,"MN",27,0,1,0,0,0,0,43.88,-94.57,43.88,-94.57,0,0,0,0,0,165,0,0,0
654416,2020,6,21,"2020-06-21","15:33:00",3,"KS",20,0,3.25,0,0,0,0,38.6,-98.4,38.6,-98.4,0,0,0,0,0,53,0,0,0
654417,2020,6,21,"2020-06-21","15:36:00",3,"OH",39,0,1,0,0,0,0,41.0667,-81.7332,41.0667,-81.7332,0,0,0,0,0,103,0,0,0
654418,2020,6,21,"2020-06-21","15:43:00",3,"OH",39,0,0.75,0,0,0,0,41.38,-81.2336,41.38,-81.2336,0,0,0,0,0,55,0,0,0
654419,2020,6,21,"2020-06-21","15:43:00",3,"IA",19,0,1,0,0,0,0,43.4,-95.12,43.4,-95.12,0,0,0,0,0,59,0,0,0
654420,2020,6,21,"2020-06-21","16:00:00",3,"MT",30,0,1,0,0,0,0,48.5355,-109.7498,48.5355,-109.7498,0,0,0,0,0,41,0,0,0
654421,2020,6,21,"2020-06-21","16:11:00",3,"KS",20,0,1,0,0,0,0,38.77,-98.59,38.77,-98.59,0,0,0,0,0,167,0,0,0
654422,2020,6,21,"2020-06-21","16:14:00",3,"MN",27,0,1.25,0,0,0,0,43.67,-94.1,43.67,-94.1,0,0,0,0,0,43,0,0,0
654423,2020,6,21,"2020-06-21","16:15:00",3,"KS",20,0,1.75,0,0,0,0,37.62,-100.65,37.62,-100.65,0,0,0,0,0,81,0,0,0
654424,2020,6,21,"2020-06-21","16:40:00",3,"KS",20,0,1.5,0,0,0,0,37.94,-101.25,37.94,-101.25,0,0,0,0,0,93,0,0,0
654425,2020,6,21,"2020-06-21","16:43:00",3,"KS",20,0,1.25,0,0,0,0,37.33,-101.21,37.33,-101.21,0,0,0,0,0,189,0,0,0
654426,2020,6,21,"2020-06-21","16:43:00",3,"KS",20,0,1.25,0,0,0,0,37.59,-100.59,37.59,-100.59,0,0,0,0,0,69,0,0,0
654427,2020,6,21,"2020-06-21","16:46:00",3,"KS",20,0,1.75,0,0,0,0,37.94,-101.27,37.94,-101.27,0,0,0,0,0,93,0,0,0
654428,2020,6,21,"2020-06-21","16:55:00",3,"KS",20,0,1,0,0,0,0,37.6,-100.45,37.6,-100.45,0,0,0,0,0,69,0,0,0
654429,2020,6,21,"2020-06-21","17:00:00",3,"KS",20,0,1.5,0,0,0,0,37.94,-101.26,37.94,-101.26,0,0,0,0,0,93,0,0,0
654430,2020,6,21,"2020-06-21","17:20:00",3,"KS",20,0,1,0,0,0,0,37.48,-100.85,37.48,-100.85,0,0,0,0,0,81,0,0,0
654431,2020,6,21,"2020-06-21","17:26:00",3,"NE",31,0,0.88,0,0,0,0,41.3334,-98.8926,41.3334,-98.8926,0,0,0,0,0,163,0,0,0
654432,2020,6,21,"2020-06-21","17:40:00",3,"NE",31,0,1.25,0,0,0,0,40.7146,-99.8724,40.7055,-99.8324,0,0,0,0,0,73,0,0,0
654433,2020,6,21,"2020-06-21","17:45:00",3,"KS",20,0,1,0,0,0,0,37.2,-100.7,37.2,-100.7,0,0,0,0,0,175,0,0,0
654434,2020,6,21,"2020-06-21","17:50:00",3,"KS",20,0,1.25,0,0,0,0,37.21,-100.69,37.21,-100.69,0,0,0,0,0,175,0,0,0
654435,2020,6,21,"2020-06-21","17:54:00",3,"IA",19,0,1,0,0,0,0,43.12,-93.39,43.12,-93.39,0,0,0,0,0,33,0,0,0
654436,2020,6,21,"2020-06-21","17:55:00",3,"IA",19,0,0.75,0,0,0,0,43.14,-93.4,43.14,-93.4,0,0,0,0,0,33,0,0,0
654437,2020,6,21,"2020-06-21","17:55:00",3,"IA",19,0,0.88,0,0,0,0,43.15,-93.39,43.15,-93.39,0,0,0,0,0,33,0,0,0
654438,2020,6,21,"2020-06-21","18:00:00",3,"KS",20,0,1,0,0,0,0,37.2,-100.7,37.2,-100.7,0,0,0,0,0,175,0,0,0
654439,2020,6,21,"2020-06-21","18:12:00",3,"IA",19,0,0.75,0,0,0,0,43.2,-93.21,43.2,-93.21,0,0,0,0,0,33,0,0,0
654440,2020,6,21,"2020-06-21","18:17:00",3,"OK",40,0,0.88,0,0,0,0,36.77,-100.52,36.82,-100.52,0,0,0,0,0,7,0,0,0
654441,2020,6,21,"2020-06-21","18:19:00",3,"IA",19,0,1,0,0,0,0,43.05,-93.31,43.05,-93.31,0,0,0,0,0,33,0,0,0
654442,2020,6,21,"2020-06-21","18:22:00",3,"OK",40,0,1,0,0,0,0,36.82,-100.5019,36.82,-100.5019,0,0,0,0,0,7,0,0,0
654443,2020,6,21,"2020-06-21","18:28:00",3,"OK",40,0,1.5,0,0,0,0,36.63,-100.52,36.63,-100.52,0,0,0,0,0,7,0,0,0
654444,2020,6,21,"2020-06-21","18:30:00",3,"IA",19,0,1,0,0,0,0,42.78,-92.67,42.78,-92.67,0,0,0,0,0,23,0,0,0
654445,2020,6,21,"2020-06-21","18:41:00",3,"OK",40,0,0.75,0,0,0,0,36.81,-100.52,36.81,-100.52,0,0,0,0,0,7,0,0,0
654446,2020,6,21,"2020-06-21","18:46:00",3,"OK",40,0,1,0,0,0,0,36.79,-100.52,36.79,-100.52,0,0,0,0,0,7,0,0,0
654447,2020,6,21,"2020-06-21","18:47:00",3,"OK",40,0,3,0,0,0,0,36.61,-100.63,36.61,-100.63,0,0,0,0,0,7,0,0,0
654448,2020,6,21,"2020-06-21","19:02:00",3,"OK",40,0,2.75,0,0,0,0,36.65,-100.51,36.65,-100.51,0,0,0,0,0,7,0,0,0
654449,2020,6,21,"2020-06-21","19:44:00",3,"TX",48,0,1,0,0,0,0,36.44,-100.14,36.44,-100.14,0,0,0,0,0,295,0,0,0
654450,2020,6,21,"2020-06-21","19:45:00",3,"TX",48,0,0.88,0,0,0,0,36.46,-100.54,36.46,-100.54,0,0,0,0,0,295,0,0,0
654451,2020,6,21,"2020-06-21","19:47:00",3,"AR",5,0,0.88,0,0,0,0,33.6267,-93.7994,33.6267,-93.7994,0,0,0,0,0,57,0,0,0
654452,2020,6,21,"2020-06-21","19:51:00",3,"AR",5,0,0.75,0,0,0,0,33.7052,-93.606,33.7052,-93.606,0,0,0,0,0,57,0,0,0
654453,2020,6,21,"2020-06-21","20:15:00",3,"NE",31,0,1.25,0,0,0,0,41.08,-100.66,41.08,-100.66,0,0,0,0,0,111,0,0,0
654454,2020,6,21,"2020-06-21","20:29:00",3,"NE",31,0,1,0,0,0,0,41.08,-100.66,41.08,-100.66,0,0,0,0,0,111,0,0,0
654455,2020,6,21,"2020-06-21","20:34:00",3,"TX",48,0,1,0,0,0,0,36.2568,-100.7638,36.2568,-100.7638,0,0,0,0,0,357,0,0,0
654456,2020,6,21,"2020-06-21","21:45:00",3,"TX",48,0,1,0,0,0,0,35.76,-100.53,35.76,-100.53,0,0,0,0,0,211,0,0,0
654457,2020,6,21,"2020-06-21","23:44:00",3,"IA",19,0,0.88,0,0,0,0,41.62,-93.67,41.62,-93.67,0,0,0,0,0,153,0,0,0
654458,2020,6,22,"2020-06-22","11:55:00",3,"IL",17,0,1,0,0,0,0,41.42,-87.98,41.42,-87.98,0,0,0,0,0,197,0,0,0
654459,2020,6,22,"2020-06-22","11:55:00",3,"SD",46,0,1,0,0,0,13000,43.31,-98.01,43.31,-98.01,0,0,0,0,0,67,0,0,0
654460,2020,6,22,"2020-06-22","12:08:00",3,"IL",17,0,0.75,0,0,0,0,41.52,-87.97,41.52,-87.97,0,0,0,0,0,197,0,0,0
654461,2020,6,22,"2020-06-22","12:10:00",3,"IL",17,0,1.5,0,0,0,0,41.4585,-87.9098,41.4585,-87.9098,0,0,0,0,0,197,0,0,0
654462,2020,6,22,"2020-06-22","12:15:00",3,"IL",17,0,0.88,0,0,0,0,41.4806,-87.8678,41.4806,-87.8678,0,0,0,0,0,197,0,0,0
654463,2020,6,22,"2020-06-22","12:25:00",3,"NY",36,0,0.75,0,0,0,0,43.24,-78.22,43.24,-78.22,0,0,0,0,0,73,0,0,0
654464,2020,6,22,"2020-06-22","13:42:00",3,"NE",31,0,1.3,0,0,0,0,42.34,-97.52,42.34,-97.52,0,0,0,0,0,139,0,0,0
654465,2020,6,22,"2020-06-22","13:45:00",3,"IN",18,0,1,0,0,0,0,41.53,-87.31,41.53,-87.31,0,0,0,0,0,89,0,0,0
654466,2020,6,22,"2020-06-22","15:15:00",3,"MD",24,0,1,0,0,0,0,39.0996,-76.9017,39.0996,-76.9017,0,0,0,0,0,27,0,0,0
654467,2020,6,22,"2020-06-22","15:22:00",3,"IL",17,0,1,0,0,0,0,41.93,-87.88,41.93,-87.88,0,0,0,0,0,31,0,0,0
654468,2020,6,22,"2020-06-22","15:30:00",3,"IL",17,0,1.25,0,0,0,0,41.19,-89.31,41.19,-89.31,0,0,0,0,0,155,0,0,0
654469,2020,6,22,"2020-06-22","16:26:00",3,"NE",31,0,0.75,0,0,0,0,40.53,-97.58,40.53,-97.58,0,0,0,0,0,59,0,0,0
654470,2020,6,22,"2020-06-22","16:45:00",3,"NC",37,0,0.75,0,0,0,0,35.3,-80.945,35.3,-80.945,0,0,0,0,0,119,0,0,0
654471,2020,6,22,"2020-06-22","16:50:00",3,"NE",31,0,0.88,0,0,0,0,40.406,-97.374,40.406,-97.374,0,0,0,0,0,59,0,0,0
654472,2020,6,22,"2020-06-22","16:53:00",3,"NE",31,0,1,0,0,0,0,40.62,-96.71,40.62,-96.71,0,0,0,0,0,109,0,0,0
654473,2020,6,22,"2020-06-22","16:55:00",3,"NE",31,0,2,0,0,0,0,40.51,-96.71,40.51,-96.71,0,0,0,0,0,67,0,0,0
654474,2020,6,22,"2020-06-22","16:55:00",3,"NE",31,0,1.5,0,0,0,0,40.52,-96.71,40.52,-96.71,0,0,0,0,0,67,0,0,0
654475,2020,6,22,"2020-06-22","17:17:00",3,"TX",48,0,1,0,0,0,0,36.42,-101.86,36.42,-101.86,0,0,0,0,0,421,0,0,0
654476,2020,6,22,"2020-06-22","17:42:00",3,"TX",48,0,0.88,0,0,0,0,31.3881,-100.4489,31.3881,-100.4489,0,0,0,0,0,451,0,0,0
654477,2020,6,22,"2020-06-22","17:46:00",3,"TX",48,0,0.75,0,0,0,0,31.39,-100.44,31.39,-100.44,0,0,0,0,0,451,0,0,0
654478,2020,6,22,"2020-06-22","17:55:00",3,"TX",48,0,1.25,0,0,0,0,36.34,-102.07,36.34,-102.07,0,0,0,0,0,421,0,0,0
654479,2020,6,22,"2020-06-22","18:00:00",3,"TX",48,0,1,0,0,0,0,36.19,-101.19,36.19,-101.19,0,0,0,0,0,195,0,0,0
654480,2020,6,22,"2020-06-22","18:07:00",3,"FL",12,0,0.75,0,0,0,0,28.5,-81.29,28.5,-81.29,0,0,0,0,0,95,0,0,0
654481,2020,6,22,"2020-06-22","18:08:00",3,"TX",48,0,1,0,0,0,0,31.51,-100.45,31.51,-100.45,0,0,0,0,0,451,0,0,0
654482,2020,6,22,"2020-06-22","18:20:00",3,"TX",48,0,1.5,0,0,0,0,31.5,-100.48,31.5,-100.48,0,0,0,0,0,451,0,0,0
654483,2020,6,22,"2020-06-22","18:25:00",3,"TX",48,0,2.5,0,0,0,0,36.1,-101.95,36.1,-101.95,0,0,0,0,0,421,0,0,0
654484,2020,6,22,"2020-06-22","18:31:00",3,"TX",48,0,1,0,0,0,0,31.45,-100.47,31.45,-100.47,0,0,0,0,0,451,0,0,0
654485,2020,6,22,"2020-06-22","18:37:00",3,"TX",48,0,3.25,0,0,0,0,35.23,-102.38,35.23,-102.38,0,0,0,0,0,359,0,0,0
654486,2020,6,22,"2020-06-22","18:38:00",3,"TX",48,0,1.5,0,0,0,0,36.24,-101.13,36.24,-101.13,0,0,0,0,0,195,0,0,0
654487,2020,6,22,"2020-06-22","18:42:00",3,"TX",48,0,1.75,0,0,0,0,35.63,-102.31,35.63,-102.31,0,0,0,0,0,205,0,0,0
654488,2020,6,22,"2020-06-22","18:45:00",3,"TX",48,0,0.88,0,0,0,0,31.44,-100.51,31.44,-100.51,0,0,0,0,0,451,0,0,0
654489,2020,6,22,"2020-06-22","18:49:00",3,"TX",48,0,2.25,0,0,0,0,36.28,-101.05,36.28,-101.05,0,0,0,0,0,357,0,0,0
654490,2020,6,22,"2020-06-22","18:50:00",3,"TX",48,0,1,0,0,0,0,35.83,-101.44,35.83,-101.44,0,0,0,0,0,233,0,0,0
654491,2020,6,22,"2020-06-22","18:50:00",3,"TX",48,0,2.5,0,0,0,0,35.25,-102.39,35.25,-102.39,0,0,0,0,0,359,0,0,0
654492,2020,6,22,"2020-06-22","18:51:00",3,"TX",48,0,1.25,0,0,0,0,35.25,-102.43,35.25,-102.43,0,0,0,0,0,359,0,0,0
654493,2020,6,22,"2020-06-22","18:51:00",3,"TX",48,0,2,0,0,0,0,30.89,-101.44,30.89,-101.44,0,0,0,0,0,105,0,0,0
654494,2020,6,22,"2020-06-22","18:53:00",3,"TX",48,0,1.75,0,0,0,0,35.23,-102.36,35.23,-102.36,0,0,0,0,0,359,0,0,0
654495,2020,6,22,"2020-06-22","18:54:00",3,"TX",48,0,2,0,0,0,0,35.23,-102.33,35.23,-102.33,0,0,0,0,0,359,0,0,0
654496,2020,6,22,"2020-06-22","19:15:00",3,"TX",48,0,1.25,0,0,0,0,35.7,-101.53,35.7,-101.53,0,0,0,0,0,233,0,0,0
654497,2020,6,22,"2020-06-22","19:20:00",3,"TX",48,0,1.75,0,0,0,0,35.13,-102.36,35.13,-102.36,0,0,0,0,0,117,0,0,0
654498,2020,6,22,"2020-06-22","19:21:00",3,"TX",48,0,2,0,0,0,0,36.26,-100.97,36.26,-100.97,0,0,0,0,0,357,0,0,0
654499,2020,6,22,"2020-06-22","19:24:00",3,"TX",48,0,1,0,0,0,0,35.62,-101.58,35.62,-101.58,0,0,0,0,0,233,0,0,0
654500,2020,6,22,"2020-06-22","19:24:00",3,"TX",48,0,1,0,0,0,0,35.62,-101.58,35.62,-101.58,0,0,0,0,0,65,0,0,0
654501,2020,6,22,"2020-06-22","19:25:00",3,"TX",48,0,2.5,0,0,0,0,36.28,-100.8,36.28,-100.8,0,0,0,0,0,357,0,0,0
654502,2020,6,22,"2020-06-22","19:28:00",3,"TX",48,0,1,0,0,0,0,35.64,-101.6,35.64,-101.6,0,0,0,0,0,233,0,0,0
654503,2020,6,22,"2020-06-22","19:34:00",3,"TX",48,0,0.75,0,0,0,0,35.63,-101.56,35.63,-101.56,0,0,0,0,0,233,0,0,0
654504,2020,6,22,"2020-06-22","19:34:00",3,"TX",48,0,2.5,0,0,0,0,36.29,-100.8,36.29,-100.8,0,0,0,0,0,357,0,0,0
654505,2020,6,22,"2020-06-22","20:15:00",3,"NM",35,0,2.5,0,0,0,0,34.18,-103.34,34.18,-103.34,0,0,0,0,0,41,0,0,0
654506,2020,6,22,"2020-06-22","20:41:00",3,"TX",48,0,1,0,0,0,0,36.21,-100.37,36.21,-100.37,0,0,0,0,0,295,0,0,0
654507,2020,6,22,"2020-06-22","21:00:00",3,"TX",48,0,2.25,0,0,0,0,36.12,-100.03,36.12,-100.03,0,0,0,0,0,295,0,0,0
654508,2020,6,22,"2020-06-22","21:15:00",3,"TX",48,0,1.25,0,0,0,0,31.85,-102.37,31.85,-102.37,0,0,0,0,0,135,0,0,0
654509,2020,6,22,"2020-06-22","21:15:00",3,"NM",35,0,1,0,0,0,0,33.89,-103.11,33.89,-103.11,0,0,0,0,0,41,0,0,0
654510,2020,6,22,"2020-06-22","21:17:00",3,"TX",48,0,1.75,0,0,0,0,36.12,-100.01,36.12,-100.01,0,0,0,0,0,295,0,0,0
654511,2020,6,22,"2020-06-22","21:18:00",3,"TX",48,0,1,0,0,0,0,31.9035,-102.3961,31.9035,-102.3961,0,0,0,0,0,135,0,0,0
654512,2020,6,22,"2020-06-22","21:21:00",3,"OK",40,0,1.75,0,0,0,0,36.14,-99.8238,36.14,-99.8238,0,0,0,0,0,45,0,0,0
654513,2020,6,22,"2020-06-22","21:22:00",3,"OK",40,0,1.75,0,0,0,0,36.14,-99.9851,36.14,-99.9851,0,0,0,0,0,45,0,0,0
654514,2020,6,23,"2020-06-23","11:11:00",3,"AR",5,0,1,0,0,0,0,34.85,-92.38,34.85,-92.38,0,0,0,0,0,119,0,0,0
654515,2020,6,23,"2020-06-23","13:30:00",3,"NM",35,0,0.88,0,0,0,0,35.85,-106.42,35.85,-106.42,0,0,0,0,0,43,0,0,0
654516,2020,6,23,"2020-06-23","14:10:00",3,"NM",35,0,1.5,0,0,2000,0,35.56,-105.37,35.56,-105.37,0,0,0,0,0,47,0,0,0
654517,2020,6,23,"2020-06-23","14:23:00",3,"CO",8,0,0.88,0,0,0,0,38.8931,-102.313,38.8931,-102.313,0,0,0,0,0,17,0,0,0
654518,2020,6,23,"2020-06-23","14:41:00",3,"NM",35,0,1.75,0,0,0,0,35.56,-106.38,35.56,-106.38,0,0,0,0,0,43,0,0,0
654519,2020,6,23,"2020-06-23","15:00:00",3,"NM",35,0,1,0,0,0,0,34.99,-106.19,34.99,-106.19,0,0,0,0,0,57,0,0,0
654520,2020,6,23,"2020-06-23","15:20:00",3,"AL",1,0,1,0,0,0,0,31.6421,-87.78,31.6421,-87.78,0,0,0,0,0,25,0,0,0
654521,2020,6,23,"2020-06-23","15:30:00",3,"NM",35,0,0.75,0,0,0,0,35.04,-106.62,35.04,-106.62,0,0,0,0,0,1,0,0,0
654522,2020,6,23,"2020-06-23","15:35:00",3,"NM",35,0,0.88,0,0,0,0,35.32,-106.6,35.32,-106.6,0,0,0,0,0,43,0,0,0
654523,2020,6,23,"2020-06-23","15:37:00",3,"NM",35,0,1.75,0,0,0,0,35,-105.31,35,-105.31,0,0,0,0,0,57,0,0,0
654524,2020,6,23,"2020-06-23","15:38:00",3,"NM",35,0,0.75,0,0,0,0,35.3,-106.55,35.3,-106.55,0,0,0,0,0,43,0,0,0
654525,2020,6,23,"2020-06-23","15:40:00",3,"NM",35,0,1,0,0,0,0,34.07,-106.9,34.07,-106.9,0,0,0,0,0,53,0,0,0
654526,2020,6,23,"2020-06-23","15:46:00",3,"WV",54,0,1,0,0,0,0,39.3536,-78.0504,39.3536,-78.0504,0,0,0,0,0,3,0,0,0
654527,2020,6,23,"2020-06-23","16:11:00",3,"CO",8,0,0.75,0,0,0,0,38.7204,-102.6783,38.7204,-102.6783,0,0,0,0,0,17,0,0,0
654528,2020,6,23,"2020-06-23","16:41:00",3,"NM",35,0,0.88,0,0,0,0,34.6,-105.2,34.6,-105.2,0,0,0,0,0,19,0,0,0
654529,2020,6,23,"2020-06-23","17:33:00",3,"FL",12,0,0.88,0,0,0,0,27.07,-81.11,27.07,-81.11,0,0,0,0,0,43,0,0,0
654530,2020,6,23,"2020-06-23","18:34:00",3,"AR",5,0,0.75,0,0,0,0,35.17,-92.73,35.17,-92.73,0,0,0,0,0,29,0,0,0
654531,2020,6,23,"2020-06-23","19:14:00",3,"TX",48,0,1.5,0,0,0,0,29.03,-97.43,29.03,-97.43,0,0,0,0,0,123,0,0,0
654532,2020,6,23,"2020-06-23","20:00:00",3,"CO",8,0,1,0,0,0,0,37.78,-102.18,37.78,-102.18,0,0,0,0,0,99,0,0,0
654533,2020,6,24,"2020-06-24","14:15:00",3,"NM",35,0,0.88,0,0,0,0,36.55,-105.11,36.55,-105.11,0,0,0,0,0,7,0,0,0
654534,2020,6,24,"2020-06-24","14:31:00",3,"GA",13,0,1,0,0,0,0,31.1,-84.22,31.1,-84.22,0,0,0,0,0,205,0,0,0
654535,2020,6,24,"2020-06-24","14:40:00",3,"WA",53,0,1.5,0,0,0,0,48.6534,-118.1307,48.6534,-118.1307,0,0,0,0,0,65,0,0,0
654536,2020,6,24,"2020-06-24","14:45:00",3,"NM",35,0,0.88,0,0,0,0,36.18,-105.06,36.18,-105.06,0,0,0,0,0,33,0,0,0
654537,2020,6,24,"2020-06-24","14:55:00",3,"WA",53,0,1.5,0,0,0,0,48.67,-118.0919,48.67,-118.0919,0,0,0,0,0,65,0,0,0
654538,2020,6,24,"2020-06-24","15:00:00",3,"NM",35,0,1,0,0,0,0,32.89,-105.48,32.89,-105.48,0,0,0,0,0,35,0,0,0
654539,2020,6,24,"2020-06-24","15:03:00",3,"NM",35,0,0.75,0,0,0,0,32.88,-105.47,32.88,-105.47,0,0,0,0,0,35,0,0,0
654540,2020,6,24,"2020-06-24","15:08:00",3,"KS",20,0,2,0,0,0,0,38.53,-99.05,38.53,-99.05,0,0,0,0,0,165,0,0,0
654541,2020,6,24,"2020-06-24","15:10:00",3,"WA",53,0,1,0,0,0,0,48.8479,-117.2887,48.8479,-117.2887,0,0,0,0,0,51,0,0,0
654542,2020,6,24,"2020-06-24","15:11:00",3,"KS",20,0,2,0,0,0,0,38.53,-99.05,38.53,-99.05,0,0,0,0,0,165,0,0,0
654543,2020,6,24,"2020-06-24","15:15:00",3,"NM",35,0,0.75,0,0,0,0,33.34,-107.64,33.34,-107.64,0,0,0,0,0,51,0,0,0
654544,2020,6,24,"2020-06-24","15:15:00",3,"KS",20,0,1.25,0,0,0,0,38.53,-99.05,38.53,-99.05,0,0,0,0,0,165,0,0,0
654545,2020,6,24,"2020-06-24","15:19:00",3,"KS",20,0,2,0,0,0,0,38.53,-99.05,38.53,-99.05,0,0,0,0,0,165,0,0,0
654546,2020,6,24,"2020-06-24","15:25:00",3,"NM",35,0,0.75,0,0,0,0,34.25,-106.91,34.25,-106.91,0,0,0,0,0,53,0,0,0
654547,2020,6,24,"2020-06-24","15:27:00",3,"KS",20,0,2,0,0,0,0,38.53,-99.05,38.53,-99.05,0,0,0,0,0,165,0,0,0
654548,2020,6,24,"2020-06-24","15:30:00",3,"FL",12,0,0.75,0,0,0,0,29.49,-81.13,29.49,-81.13,0,0,0,0,0,35,0,0,0
654549,2020,6,24,"2020-06-24","15:42:00",3,"KS",20,0,2,0,0,0,0,38.46,-99.07,38.46,-99.07,0,0,0,0,0,165,0,0,0
654550,2020,6,24,"2020-06-24","15:56:00",3,"MT",30,0,1.25,0,0,0,0,47.717,-114.339,47.747,-114.142,0,0,0,0,0,47,0,0,0
654551,2020,6,24,"2020-06-24","16:04:00",3,"MT",30,0,1.75,0,0,10000,0,48.088,-114.495,48.221,-114.197,0,0,0,0,0,29,0,0,0
654552,2020,6,24,"2020-06-24","16:06:00",3,"OR",41,0,1,0,0,0,0,44.13,-117.43,44.1918,-117.2816,0,0,0,0,0,45,0,0,0
654553,2020,6,24,"2020-06-24","16:20:00",3,"KS",20,0,1.75,0,0,0,0,38.515,-98.1566,38.515,-98.1566,0,0,0,0,0,159,0,0,0
654554,2020,6,24,"2020-06-24","16:20:00",3,"KS",20,0,1,0,0,0,0,38.5364,-98.1835,38.5364,-98.1835,0,0,0,0,0,53,0,0,0
654555,2020,6,24,"2020-06-24","16:22:00",3,"KS",20,0,2,0,0,0,0,38.47,-99.18,38.47,-99.18,0,0,0,0,0,165,0,0,0
654556,2020,6,24,"2020-06-24","16:33:00",3,"KS",20,0,1.5,0,0,0,0,38.47,-99.18,38.47,-99.18,0,0,0,0,0,165,0,0,0
654557,2020,6,24,"2020-06-24","16:50:00",3,"KS",20,0,1.75,0,0,0,0,38.3,-99.14,38.3,-99.14,0,0,0,0,0,145,0,0,0
654558,2020,6,24,"2020-06-24","16:55:00",3,"KS",20,0,1.25,0,0,0,0,38.39,-99.18,38.39,-99.18,0,0,0,0,0,165,0,0,0
654559,2020,6,24,"2020-06-24","16:56:00",3,"KS",20,0,1.75,0,0,0,0,38.4012,-98.1347,38.4012,-98.1347,0,0,0,0,0,159,0,0,0
654560,2020,6,24,"2020-06-24","17:00:00",3,"KS",20,0,2,0,0,0,0,38.3705,-98.1739,38.3705,-98.1739,0,0,0,0,0,159,0,0,0
654561,2020,6,24,"2020-06-24","17:00:00",3,"MT",30,0,1,0,0,0,0,48.38,-114.05,48.38,-114.05,0,0,0,0,0,29,0,0,0
654562,2020,6,24,"2020-06-24","17:15:00",3,"KS",20,0,1,0,0,0,0,38.18,-99.1,38.18,-99.1,0,0,0,0,0,145,0,0,0
654563,2020,6,24,"2020-06-24","17:21:00",3,"FL",12,0,0.75,0,0,0,0,29.14,-81.01,29.14,-81.01,0,0,0,0,0,127,0,0,0
654564,2020,6,24,"2020-06-24","17:28:00",3,"KS",20,0,1.75,0,0,0,0,38.3602,-98.187,38.3602,-98.187,0,0,0,0,0,159,0,0,0
654565,2020,6,24,"2020-06-24","17:35:00",3,"ID",16,0,1.25,0,0,0,0,48.3277,-116.4195,48.3277,-116.4195,0,0,0,0,0,17,0,0,0
654566,2020,6,24,"2020-06-24","17:40:00",3,"KS",20,0,1,0,0,0,0,38.17,-99.22,38.17,-99.22,0,0,0,0,0,145,0,0,0
654567,2020,6,24,"2020-06-24","17:55:00",3,"FL",12,0,1,0,0,0,0,28.34,-81.64,28.34,-81.64,0,0,0,0,0,97,0,0,0
654568,2020,6,24,"2020-06-24","18:00:00",3,"KS",20,0,3,0,0,0,0,37.98,-99.28,37.98,-99.28,0,0,0,0,0,47,0,0,0
654569,2020,6,24,"2020-06-24","18:03:00",3,"KS",20,0,2,0,0,0,0,37.94,-99.24,37.94,-99.24,0,0,0,0,0,47,0,0,0
654570,2020,6,24,"2020-06-24","18:05:00",3,"ID",16,0,1,0,0,1000,0,48.3879,-116.3112,48.3879,-116.3112,0,0,0,0,0,17,0,0,0
654571,2020,6,24,"2020-06-24","18:10:00",3,"MT",30,0,0.88,0,0,0,0,45.18,-109.26,45.18,-109.26,0,0,0,0,0,9,0,0,0
654572,2020,6,24,"2020-06-24","18:10:00",3,"ID",16,0,1,0,0,0,0,48.18,-116.9,48.18,-116.9,0,0,0,0,0,17,0,0,0
654573,2020,6,24,"2020-06-24","18:13:00",3,"KS",20,0,2.5,0,0,0,0,37.93,-99.27,37.93,-99.27,0,0,0,0,0,47,0,0,0
654574,2020,6,24,"2020-06-24","18:34:00",3,"FL",12,0,1.75,0,0,0,0,28.64,-81.42,28.64,-81.42,0,0,0,0,0,117,0,0,0
654575,2020,6,24,"2020-06-24","18:35:00",3,"KS",20,0,1,0,0,0,0,37.79,-99.39,37.79,-99.39,0,0,0,0,0,47,0,0,0
654576,2020,6,24,"2020-06-24","18:47:00",3,"FL",12,0,1,0,0,0,0,28.64,-81.39,28.64,-81.39,0,0,0,0,0,117,0,0,0
654577,2020,6,24,"2020-06-24","18:52:00",3,"KS",20,0,1.25,0,0,0,0,37.89,-99.56,37.89,-99.56,0,0,0,0,0,47,0,0,0
654578,2020,6,24,"2020-06-24","18:54:00",3,"NE",31,0,1,0,0,0,0,41.16,-100.98,41.16,-100.98,0,0,0,0,0,111,0,0,0
654579,2020,6,24,"2020-06-24","19:00:00",3,"NE",31,0,1.75,0,0,0,0,41.06,-100.87,41.06,-100.87,0,0,0,0,0,111,0,0,0
654580,2020,6,24,"2020-06-24","19:00:00",3,"KS",20,0,1.25,0,0,0,0,37.73,-99.45,37.73,-99.45,0,0,0,0,0,47,0,0,0
654581,2020,6,24,"2020-06-24","19:02:00",3,"NE",31,0,1.75,0,0,0,0,41.08,-101.11,41.08,-101.11,0,0,0,0,0,111,0,0,0
654582,2020,6,24,"2020-06-24","19:02:00",3,"NE",31,0,1.75,0,0,0,0,41.08,-100.89,41.08,-100.89,0,0,0,0,0,111,0,0,0
654583,2020,6,24,"2020-06-24","19:05:00",3,"NE",31,0,2.5,0,0,0,0,41.06,-100.87,41.06,-100.87,0,0,0,0,0,111,0,0,0
654584,2020,6,24,"2020-06-24","19:35:00",3,"KS",20,0,1,0,0,0,0,37.63,-99.74,37.63,-99.74,0,0,0,0,0,57,0,0,0
654585,2020,6,24,"2020-06-24","19:36:00",3,"MT",30,0,1.5,0,0,0,0,47.76,-111.45,47.76,-111.45,0,0,0,0,0,99,0,0,0
654586,2020,6,24,"2020-06-24","19:55:00",3,"MT",30,0,1,0,0,0,0,48.07,-114.07,48.07,-114.07,0,0,0,0,0,29,0,0,0
654587,2020,6,24,"2020-06-24","22:11:00",3,"KS",20,0,0.75,0,0,0,0,38,-100.85,38,-100.85,0,0,0,0,0,55,0,0,0
654588,2020,6,25,"2020-06-25","12:20:00",3,"ND",38,0,0.88,0,0,0,0,47.84,-98.57,47.84,-98.57,0,0,0,0,0,27,0,0,0
654589,2020,6,25,"2020-06-25","12:35:00",3,"ND",38,0,1.5,0,0,0,0,47.78,-98.44,47.78,-98.44,0,0,0,0,0,63,0,0,0
654590,2020,6,25,"2020-06-25","13:03:00",3,"SD",46,0,1,0,0,0,0,43.771,-103.573,43.771,-103.573,0,0,0,0,0,33,0,0,0
654591,2020,6,25,"2020-06-25","13:32:00",3,"SD",46,0,1.75,0,0,0,0,43.77,-103.6,43.77,-103.6,0,0,0,0,0,33,0,0,0
654592,2020,6,25,"2020-06-25","13:34:00",3,"ND",38,0,1,0,0,0,0,47.65,-98.35,47.65,-98.35,0,0,0,0,0,39,0,0,0
654593,2020,6,25,"2020-06-25","13:45:00",3,"ND",38,0,1,0,0,0,0,47.65,-97.93,47.65,-97.93,0,0,0,0,0,91,0,0,0
654594,2020,6,25,"2020-06-25","13:52:00",3,"ND",38,0,1,0,0,0,0,47.56,-98.18,47.56,-98.18,0,0,0,0,0,39,0,0,0
654595,2020,6,25,"2020-06-25","14:20:00",3,"ND",38,0,1.25,0,0,0,0,47.46,-98.06,47.46,-98.06,0,0,0,0,0,39,0,0,0
654596,2020,6,25,"2020-06-25","15:00:00",3,"SC",45,0,0.75,0,0,0,0,34.94,-82.14,34.94,-82.14,0,0,0,0,0,83,0,0,0
654597,2020,6,25,"2020-06-25","15:09:00",3,"VA",51,0,1,0,0,0,0,39.347,-77.518,39.347,-77.518,0,0,0,0,0,69,0,0,0
654598,2020,6,25,"2020-06-25","15:22:00",3,"SD",46,0,1,0,0,0,0,43.52,-99.17,43.52,-99.17,0,0,0,0,0,15,0,0,0
654599,2020,6,25,"2020-06-25","15:31:00",3,"SD",46,0,1,0,0,0,0,43.83,-98.98,43.83,-98.98,0,0,0,0,0,15,0,0,0
654600,2020,6,25,"2020-06-25","15:38:00",3,"SD",46,0,1,0,0,0,0,43.49,-99.07,43.49,-99.07,0,0,0,0,0,23,0,0,0
654601,2020,6,25,"2020-06-25","15:49:00",3,"SD",46,0,1,0,0,0,0,43.89,-98.7,43.89,-98.7,0,0,0,0,0,3,0,0,0
654602,2020,6,25,"2020-06-25","16:11:00",3,"GA",13,0,1,0,0,0,0,32.54,-84.52,32.54,-84.52,0,0,0,0,0,197,0,0,0
654603,2020,6,25,"2020-06-25","16:32:00",3,"NE",31,0,2.5,0,0,0,0,42.69,-103.41,42.69,-103.41,0,0,0,0,0,45,0,0,0
654604,2020,6,25,"2020-06-25","16:38:00",3,"MD",24,0,1,0,0,0,0,38.9894,-77.1153,38.9894,-77.1153,0,0,0,0,0,31,0,0,0
654605,2020,6,25,"2020-06-25","16:38:00",3,"NE",31,0,3,0,0,0,0,42.69,-103.41,42.69,-103.41,0,0,0,0,0,45,0,0,0
654606,2020,6,25,"2020-06-25","16:55:00",3,"FL",12,0,0.75,0,0,0,0,30.14,-81.6,30.14,-81.6,0,0,0,0,0,31,0,0,0
654607,2020,6,25,"2020-06-25","17:06:00",3,"CO",8,0,1,0,0,0,0,38.13,-102.45,38.13,-102.45,0,0,0,0,0,99,0,0,0
654608,2020,6,25,"2020-06-25","17:08:00",3,"FL",12,0,1.25,0,0,0,0,30.1,-81.59,30.1,-81.59,0,0,0,0,0,109,0,0,0
654609,2020,6,25,"2020-06-25","17:10:00",3,"FL",12,0,1.75,0,0,0,0,30.12,-81.59,30.12,-81.59,0,0,0,0,0,109,0,0,0
654610,2020,6,25,"2020-06-25","17:10:00",3,"FL",12,0,0.75,0,0,0,0,30.1,-81.62,30.1,-81.62,0,0,0,0,0,109,0,0,0
654611,2020,6,25,"2020-06-25","17:20:00",3,"FL",12,0,0.75,0,0,0,0,30.1,-81.54,30.1,-81.54,0,0,0,0,0,109,0,0,0
654612,2020,6,25,"2020-06-25","17:20:00",3,"CO",8,0,1.25,0,0,0,0,38.16,-102.38,38.16,-102.38,0,0,0,0,0,99,0,0,0
654613,2020,6,25,"2020-06-25","17:30:00",3,"FL",12,0,1.75,0,0,0,0,30.07,-81.51,30.07,-81.51,0,0,0,0,0,109,0,0,0
654614,2020,6,25,"2020-06-25","17:30:00",3,"KS",20,0,1,0,0,0,0,39.9099,-100.7887,39.9099,-100.7887,0,0,0,0,0,153,0,0,0
654615,2020,6,25,"2020-06-25","17:43:00",3,"VA",51,0,1.5,0,0,0,0,38.0387,-77.6803,38.0387,-77.6803,0,0,0,0,0,177,0,0,0
654616,2020,6,25,"2020-06-25","18:04:00",3,"NE",31,0,1.5,0,0,0,0,42.69,-101.7,42.69,-101.7,0,0,0,0,0,31,0,0,0
654617,2020,6,25,"2020-06-25","18:04:00",3,"NE",31,0,1.5,0,0,0,0,42.92,-101.7,42.92,-101.7,0,0,0,0,0,31,0,0,0
654618,2020,6,25,"2020-06-25","18:59:00",3,"MD",24,0,1,0,0,0,0,38.4877,-77.1287,38.4877,-77.1287,0,0,0,0,0,17,0,0,0
654619,2020,6,25,"2020-06-25","19:02:00",3,"SD",46,0,0.75,0,0,0,0,43.53,-96.84,43.53,-96.84,0,0,0,0,0,99,0,0,0
654620,2020,6,25,"2020-06-25","19:15:00",3,"NE",31,0,1.25,0,0,0,0,42.23,-101.29,42.23,-101.29,0,0,0,0,0,31,0,0,0
654621,2020,6,25,"2020-06-25","19:21:00",3,"SD",46,0,0.75,0,0,0,0,43.51,-96.7,43.51,-96.7,0,0,0,0,0,99,0,0,0
654622,2020,6,25,"2020-06-25","19:26:00",3,"OK",40,0,0.75,0,0,0,0,36.73,-102.61,36.73,-102.61,0,0,0,0,0,25,0,0,0
654623,2020,6,25,"2020-06-25","21:30:00",3,"SD",46,0,1,0,0,0,0,44.02,-99.13,44.02,-99.13,0,0,0,0,0,17,0,0,0
654624,2020,6,26,"2020-06-26","11:20:00",3,"IA",19,0,1,0,0,0,0,43.45,-92.28,43.45,-92.28,0,0,0,0,0,89,0,0,0
654625,2020,6,26,"2020-06-26","14:10:00",3,"CO",8,0,1,0,0,0,0,39.45,-105.07,39.45,-105.07,0,0,0,0,0,35,0,0,0
654626,2020,6,26,"2020-06-26","14:51:00",3,"CO",8,0,1.25,0,0,0,0,39.36,-104.85,39.36,-104.85,0,0,0,0,0,35,0,0,0
654627,2020,6,26,"2020-06-26","15:28:00",3,"WY",56,0,1.25,0,0,0,0,41.27,-105.1,41.27,-105.1,0,0,0,0,0,21,0,0,0
654628,2020,6,26,"2020-06-26","15:39:00",3,"WY",56,0,0.88,0,0,0,0,41.17,-104.78,41.17,-104.78,0,0,0,0,0,21,0,0,0
654629,2020,6,26,"2020-06-26","15:48:00",3,"WY",56,0,1.25,0,0,0,0,41.17,-104.81,41.17,-104.81,0,0,0,0,0,21,0,0,0
654630,2020,6,26,"2020-06-26","15:50:00",3,"WY",56,0,1,0,0,0,0,41.2,-104.72,41.2,-104.72,0,0,0,0,0,21,0,0,0
654631,2020,6,26,"2020-06-26","15:50:00",3,"WY",56,0,1.25,0,0,0,0,41.17,-104.78,41.17,-104.78,0,0,0,0,0,21,0,0,0
654632,2020,6,26,"2020-06-26","15:51:00",3,"CO",8,0,1,0,0,0,0,39.09,-104.85,39.09,-104.85,0,0,0,0,0,41,0,0,0
654633,2020,6,26,"2020-06-26","15:53:00",3,"WY",56,0,1,0,0,0,0,41.18,-104.75,41.18,-104.75,0,0,0,0,0,21,0,0,0
654634,2020,6,26,"2020-06-26","16:03:00",3,"WY",56,0,1,0,0,0,0,41.17,-104.79,41.17,-104.79,0,0,0,0,0,21,0,0,0
654635,2020,6,26,"2020-06-26","16:05:00",3,"ME",23,0,1,0,0,0,0,46.68,-68.02,46.68,-68.02,0,0,0,0,0,3,0,0,0
654636,2020,6,26,"2020-06-26","16:08:00",3,"WY",56,0,1.25,0,0,0,0,41.17,-104.77,41.17,-104.77,0,0,0,0,0,21,0,0,0
654637,2020,6,26,"2020-06-26","16:09:00",3,"CO",8,0,1,0,0,0,0,39.05,-104.81,39.05,-104.81,0,0,0,0,0,41,0,0,0
654638,2020,6,26,"2020-06-26","16:13:00",3,"CO",8,0,2.5,0,0,0,0,39.01,-104.79,39.01,-104.79,0,0,0,0,0,41,0,0,0
654639,2020,6,26,"2020-06-26","16:14:00",3,"WY",56,0,1,0,0,0,0,41.18,-104.84,41.18,-104.84,0,0,0,0,0,21,0,0,0
654640,2020,6,26,"2020-06-26","16:15:00",3,"WY",56,0,0.88,0,0,0,0,41.16,-104.63,41.16,-104.63,0,0,0,0,0,21,0,0,0
654641,2020,6,26,"2020-06-26","16:15:00",3,"CO",8,0,1.75,0,0,0,0,39.02,-104.81,39.02,-104.81,0,0,0,0,0,41,0,0,0
654642,2020,6,26,"2020-06-26","16:18:00",3,"CO",8,0,1.75,0,0,0,0,39,-104.78,39,-104.78,0,0,0,0,0,41,0,0,0
654643,2020,6,26,"2020-06-26","16:19:00",3,"IL",17,0,1.5,0,0,0,0,42.0111,-89.3,42.0111,-89.3,0,0,0,0,0,141,0,0,0
654644,2020,6,26,"2020-06-26","16:33:00",3,"CO",8,0,1,0,0,0,0,38.98,-104.74,38.98,-104.74,0,0,0,0,0,41,0,0,0
654645,2020,6,26,"2020-06-26","16:34:00",3,"CO",8,0,1,0,0,0,0,38.96,-104.72,38.96,-104.72,0,0,0,0,0,41,0,0,0
654646,2020,6,26,"2020-06-26","16:36:00",3,"CO",8,0,1.5,0,0,0,0,38.97,-104.7,38.97,-104.7,0,0,0,0,0,41,0,0,0
654647,2020,6,26,"2020-06-26","16:37:00",3,"CO",8,0,1.5,0,0,0,0,38.97,-104.72,38.97,-104.72,0,0,0,0,0,41,0,0,0
654648,2020,6,26,"2020-06-26","16:44:00",3,"CO",8,0,1,0,0,0,0,39,-104.72,39,-104.72,0,0,0,0,0,41,0,0,0
654649,2020,6,26,"2020-06-26","16:45:00",3,"WY",56,0,1,0,0,0,0,41.04,-104.38,41.04,-104.38,0,0,0,0,0,21,0,0,0
654650,2020,6,26,"2020-06-26","16:45:00",3,"WY",56,0,1.25,0,0,0,0,41.11,-104.36,41.11,-104.36,0,0,0,0,0,21,0,0,0
654651,2020,6,26,"2020-06-26","16:52:00",3,"CO",8,0,1,0,0,0,0,38.96,-104.6,38.96,-104.6,0,0,0,0,0,41,0,0,0
654652,2020,6,26,"2020-06-26","16:53:00",3,"CO",8,0,1,0,0,0,0,38.96,-104.61,38.96,-104.61,0,0,0,0,0,41,0,0,0
654653,2020,6,26,"2020-06-26","16:56:00",3,"WY",56,0,1.25,0,0,0,0,41.03,-104.34,41.03,-104.34,0,0,0,0,0,21,0,0,0
654654,2020,6,26,"2020-06-26","17:04:00",3,"CO",8,0,1,0,0,0,0,38.99,-104.53,38.99,-104.53,0,0,0,0,0,41,0,0,0
654655,2020,6,26,"2020-06-26","17:12:00",3,"CO",8,0,1.75,0,0,0,0,38.89,-104.51,38.89,-104.51,0,0,0,0,0,41,0,0,0
654656,2020,6,26,"2020-06-26","17:28:00",3,"CO",8,0,1,0,0,0,0,38.87,-104.68,38.87,-104.68,0,0,0,0,0,41,0,0,0
654657,2020,6,26,"2020-06-26","18:00:00",3,"CO",8,0,2,0,0,0,0,40.96,-103.11,40.96,-103.11,0,0,0,0,0,75,0,0,0
654658,2020,6,26,"2020-06-26","18:02:00",3,"CO",8,0,1.75,0,0,0,0,40.68,-102.84,40.68,-102.84,0,0,0,0,0,75,0,0,0
654659,2020,6,26,"2020-06-26","18:05:00",3,"CO",8,0,2,0,0,0,0,40.69,-102.83,40.69,-102.83,0,0,0,0,0,75,0,0,0
654660,2020,6,26,"2020-06-26","18:17:00",3,"CO",8,0,1.75,0,0,0,0,40.99,-103.14,40.99,-103.14,0,0,0,0,0,75,0,0,0
654661,2020,6,26,"2020-06-26","18:19:00",3,"CO",8,0,1.25,0,0,0,0,38.7,-104.18,38.7,-104.18,0,0,0,0,0,41,0,0,0
654662,2020,6,26,"2020-06-26","18:25:00",3,"CO",8,0,2.75,0,0,0,0,40.85,-102.8,40.85,-102.8,0,0,0,0,0,75,0,0,0
654663,2020,6,26,"2020-06-26","18:55:00",3,"CO",8,0,2.75,0,0,0,0,40.94,-102.64,40.94,-102.64,0,0,0,0,0,115,0,0,0
654664,2020,6,26,"2020-06-26","19:00:00",3,"NE",31,0,1.5,0,0,0,0,41.4,-102.14,41.4,-102.14,0,0,0,0,0,69,0,0,0
654665,2020,6,26,"2020-06-26","19:30:00",3,"CO",8,0,0.75,0,0,0,0,39.9134,-102.2277,39.9134,-102.2277,0,0,0,0,0,125,0,0,0
654666,2020,6,26,"2020-06-26","19:38:00",3,"KS",20,0,1,0,0,0,0,39.89,-97.62,39.89,-97.62,0,0,0,0,0,157,0,0,0
654667,2020,6,26,"2020-06-26","19:45:00",3,"CO",8,0,1.75,0,0,0,0,39.86,-102.18,39.86,-102.18,0,0,0,0,0,125,0,0,0
654668,2020,6,26,"2020-06-26","20:00:00",3,"NE",31,0,1,0,0,0,0,41.41,-102.17,41.41,-102.17,0,0,0,0,0,69,0,0,0
654669,2020,6,26,"2020-06-26","20:00:00",3,"NE",31,0,1.5,0,0,0,0,41.4,-102.14,41.4,-102.14,0,0,0,0,0,69,0,0,0
654670,2020,6,26,"2020-06-26","20:00:00",3,"NE",31,0,1,0,0,0,0,41.88,-101.6,41.88,-101.6,0,0,0,0,0,75,0,0,0
654671,2020,6,26,"2020-06-26","20:00:00",3,"NE",31,0,1.5,0,0,0,0,41.41,-102.19,41.41,-102.19,0,0,0,0,0,69,0,0,0
654672,2020,6,26,"2020-06-26","20:15:00",3,"CO",8,0,1,0,0,0,0,38.02,-102.61,38.02,-102.61,0,0,0,0,0,99,0,0,0
654673,2020,6,26,"2020-06-26","20:32:00",3,"KS",20,0,1,0,0,0,0,39.83,-97.63,39.83,-97.63,0,0,0,0,0,157,0,0,0
654674,2020,6,26,"2020-06-26","20:40:00",3,"NE",31,0,1,0,0,0,0,41.88,-101.6,41.88,-101.6,0,0,0,0,0,75,0,0,0
654675,2020,6,26,"2020-06-26","20:47:00",3,"NE",31,0,1,0,0,0,0,41.57,-101.83,41.57,-101.83,0,0,0,0,0,5,0,0,0
654676,2020,6,26,"2020-06-26","21:00:00",3,"NE",31,0,1.75,0,0,0,0,41.57,-101.69,41.57,-101.69,0,0,0,0,0,5,0,0,0
654677,2020,6,26,"2020-06-26","21:05:00",3,"KS",20,0,0.88,0,0,0,0,39.71,-97.46,39.71,-97.46,0,0,0,0,0,157,0,0,0
654678,2020,6,26,"2020-06-26","21:30:00",3,"NE",31,0,1,0,0,0,0,40.66,-101.64,40.66,-101.64,0,0,0,0,0,29,0,0,0
654679,2020,6,26,"2020-06-26","22:13:00",3,"KS",20,0,1,0,0,0,0,39.75,-99.2071,39.75,-99.2071,0,0,0,0,0,147,0,0,0
654680,2020,6,26,"2020-06-26","22:26:00",3,"KS",20,0,1.25,0,0,0,0,39.45,-97.52,39.45,-97.52,0,0,0,0,0,29,0,0,0
654681,2020,6,26,"2020-06-26","22:29:00",3,"KS",20,0,0.88,0,0,0,0,39.38,-97.35,39.38,-97.35,0,0,0,0,0,27,0,0,0
654682,2020,6,26,"2020-06-26","22:41:00",3,"NE",31,0,1.25,0,0,0,0,40.38,-96.18,40.38,-96.18,0,0,0,0,0,97,0,0,0
654683,2020,6,26,"2020-06-26","22:50:00",3,"KS",20,0,1.75,0,0,0,0,39.35,-97.45,39.35,-97.45,0,0,0,0,0,29,0,0,0
654684,2020,6,26,"2020-06-26","23:45:00",3,"NE",31,0,1.25,0,0,0,0,40.1,-98.95,40.1,-98.95,0,0,0,0,0,61,0,0,0
654685,2020,6,27,"2020-06-27","01:05:00",3,"NE",31,0,1,0,0,0,0,41.57,-99.76,41.57,-99.76,0,0,0,0,0,41,0,0,0
654686,2020,6,27,"2020-06-27","11:17:00",3,"OH",39,0,0.88,0,0,0,0,40.33,-81.52,40.33,-81.52,0,0,0,0,0,157,0,0,0
654687,2020,6,27,"2020-06-27","14:46:00",3,"MT",30,0,1,0,0,0,0,48.55,-109.67,48.55,-109.67,0,0,0,0,0,41,0,0,0
654688,2020,6,27,"2020-06-27","16:05:00",3,"GA",13,0,1,0,0,0,0,32.1988,-83.1842,32.1988,-83.1842,0,0,0,0,0,91,0,0,0
654689,2020,6,27,"2020-06-27","18:35:00",3,"CO",8,0,1,0,0,0,0,38.53,-102.88,38.53,-102.88,0,0,0,0,0,61,0,0,0
654690,2020,6,27,"2020-06-27","19:10:00",3,"SD",46,0,1,0,0,0,0,43.3391,-100.1437,43.3391,-100.1437,0,0,0,0,0,123,0,0,0
654691,2020,6,27,"2020-06-27","20:00:00",3,"KS",20,0,1,0,0,0,0,39.5166,-101.9302,39.5166,-101.9302,0,0,0,0,0,181,0,0,0
654692,2020,6,27,"2020-06-27","21:27:00",3,"KS",20,0,0.75,0,0,0,0,39.13,-100.8664,39.13,-100.8664,0,0,0,0,0,109,0,0,0
654693,2020,6,27,"2020-06-27","23:04:00",3,"KS",20,0,0.75,0,0,0,0,37.89,-101.01,37.89,-101.01,0,0,0,0,0,55,0,0,0
654694,2020,6,27,"2020-06-27","23:45:00",3,"NE",31,0,1.5,0,0,0,0,40.32,-97.8,40.32,-97.8,0,0,0,0,0,169,0,0,0
654695,2020,6,27,"2020-06-27","23:47:00",3,"NE",31,0,1.75,0,0,0,0,40.42,-98.35,40.42,-98.35,0,0,0,0,0,1,0,0,0
654696,2020,6,27,"2020-06-27","23:55:00",3,"NE",31,0,0.88,0,0,0,0,40.6711,-99.08,40.6711,-99.08,0,0,0,0,0,19,0,0,0
654697,2020,6,27,"2020-06-27","23:55:00",3,"NE",31,0,1,0,0,0,0,40.5533,-98.3654,40.6335,-98.4092,0,0,0,0,0,1,0,0,0
654698,2020,6,28,"2020-06-28","00:00:00",3,"NE",31,0,1,0,0,0,0,40.3621,-97.72,40.3621,-97.72,0,0,0,0,0,59,0,0,0
654699,2020,6,28,"2020-06-28","00:30:00",3,"NE",31,0,0.88,0,0,0,0,40.831,-98.3797,40.831,-98.3797,0,0,0,0,0,79,0,0,0
654700,2020,6,28,"2020-06-28","05:39:00",3,"KS",20,0,1,0,0,0,0,39.16,-95.94,39.16,-95.94,0,0,0,0,0,177,0,0,0
654701,2020,6,28,"2020-06-28","11:30:00",3,"PA",42,0,1.25,0,0,2000,0,41.37,-74.7,41.37,-74.7,0,0,0,0,0,103,0,0,0
654702,2020,6,28,"2020-06-28","11:30:00",3,"MA",25,0,1,0,0,0,0,42.3653,-71.1852,42.3653,-71.1852,0,0,0,0,0,17,0,0,0
654703,2020,6,28,"2020-06-28","11:30:00",3,"NY",36,0,1.75,0,0,0,0,41.3752,-74.691,41.3752,-74.691,0,0,0,0,0,71,0,0,0
654704,2020,6,28,"2020-06-28","11:31:00",3,"NJ",34,0,0.88,0,0,0,0,41.35,-74.69,41.35,-74.69,0,0,0,0,0,37,0,0,0
654705,2020,6,28,"2020-06-28","11:35:00",3,"NY",36,0,1.5,0,0,0,0,41.38,-74.69,41.38,-74.69,0,0,0,0,0,71,0,0,0
654706,2020,6,28,"2020-06-28","11:38:00",3,"NJ",34,0,1.5,0,0,0,0,41.36,-74.69,41.36,-74.69,0,0,0,0,0,37,0,0,0
654707,2020,6,28,"2020-06-28","12:00:00",3,"MA",25,0,0.75,0,0,0,0,42.31,-71.12,42.31,-71.12,0,0,0,0,0,25,0,0,0
654708,2020,6,28,"2020-06-28","12:20:00",3,"NY",36,0,1,0,0,0,0,41.97,-75.17,41.97,-75.17,0,0,0,0,0,25,0,0,0
654709,2020,6,28,"2020-06-28","12:35:00",3,"PA",42,0,1,0,0,0,0,41.73,-75.42,41.73,-75.42,0,0,0,0,0,127,0,0,0
654710,2020,6,28,"2020-06-28","12:40:00",3,"PA",42,0,1,0,0,0,0,41.53,-75.55,41.53,-75.55,0,0,0,0,0,69,0,0,0
654711,2020,6,28,"2020-06-28","13:10:00",3,"NY",36,0,0.75,0,0,0,0,42.12,-74.4,42.12,-74.4,0,0,0,0,0,111,0,0,0
654712,2020,6,28,"2020-06-28","13:10:00",3,"PA",42,0,1,0,0,0,0,41.4,-75.47,41.4,-75.47,0,0,0,0,0,69,0,0,0
654713,2020,6,28,"2020-06-28","13:15:00",3,"NY",36,0,0.88,0,0,0,0,42.09,-74.32,42.09,-74.32,0,0,0,0,0,111,0,0,0
654714,2020,6,28,"2020-06-28","13:26:00",3,"PA",42,0,0.75,0,0,0,0,41.34,-75.53,41.34,-75.53,0,0,0,0,0,69,0,0,0
654715,2020,6,28,"2020-06-28","13:48:00",3,"MA",25,0,1.25,0,0,0,0,42.33,-72.68,42.33,-72.68,0,0,0,0,0,15,0,0,0
654716,2020,6,28,"2020-06-28","13:48:00",3,"NY",36,0,1,0,0,0,0,41.11,-74.05,41.11,-74.05,0,0,0,0,0,87,0,0,0
654717,2020,6,28,"2020-06-28","13:52:00",3,"NY",36,0,1,0,0,0,0,41.13,-74.04,41.13,-74.04,0,0,0,0,0,87,0,0,0
654718,2020,6,28,"2020-06-28","13:56:00",3,"MA",25,0,1.5,0,0,0,0,42.27,-72.68,42.27,-72.68,0,0,0,0,0,15,0,0,0
654719,2020,6,28,"2020-06-28","14:01:00",3,"NJ",34,0,0.75,0,0,0,0,41.0444,-74.0084,41.0444,-74.0084,0,0,0,0,0,3,0,0,0
654720,2020,6,28,"2020-06-28","14:07:00",3,"NY",36,0,0.75,0,0,0,0,41.0302,-73.9282,41.0302,-73.9282,0,0,0,0,0,87,0,0,0
654721,2020,6,28,"2020-06-28","14:25:00",3,"ME",23,0,1,0,0,0,0,43.831,-70.8461,43.831,-70.8461,0,0,0,0,0,17,0,0,0
654722,2020,6,28,"2020-06-28","14:35:00",3,"WY",56,0,1,0,0,0,0,44.2321,-105.5,44.2321,-105.5,0,0,0,0,0,5,0,0,0
654723,2020,6,28,"2020-06-28","14:40:00",3,"MA",25,0,1,0,0,0,0,42.19,-71.2,42.19,-71.2,0,0,0,0,0,21,0,0,0
654724,2020,6,28,"2020-06-28","14:42:00",3,"WY",56,0,1,0,0,0,0,44.29,-105.5,44.29,-105.5,0,0,0,0,0,5,0,0,0
654725,2020,6,28,"2020-06-28","14:50:00",3,"WY",56,0,1,0,0,0,0,44.3177,-105.4066,44.3177,-105.4066,0,0,0,0,0,5,0,0,0
654726,2020,6,28,"2020-06-28","14:50:00",3,"MA",25,0,1,0,0,0,0,42.09,-71.39,42.09,-71.39,0,0,0,0,0,21,0,0,0
654727,2020,6,28,"2020-06-28","15:00:00",3,"ME",23,0,1,0,0,0,0,43.6412,-70.9105,43.6412,-70.9105,0,0,0,0,0,31,0,0,0
654728,2020,6,28,"2020-06-28","15:05:00",3,"WY",56,0,1,0,0,0,0,44.28,-105.2,44.28,-105.2,0,0,0,0,0,5,0,0,0
654729,2020,6,28,"2020-06-28","15:10:00",3,"WY",56,0,1,0,0,0,0,44.3379,-105.2,44.3379,-105.2,0,0,0,0,0,5,0,0,0
654730,2020,6,28,"2020-06-28","15:10:00",3,"MA",25,0,2,0,0,0,1000,42.1478,-71.4369,42.1478,-71.4369,0,0,0,0,0,21,0,0,0
654731,2020,6,28,"2020-06-28","15:15:00",3,"NC",37,0,0.75,0,0,0,0,34.87,-80.74,34.87,-80.74,0,0,0,0,0,179,0,0,0
654732,2020,6,28,"2020-06-28","15:50:00",3,"ND",38,0,0.88,0,0,0,0,47.5,-101.37,47.5,-101.37,0,0,0,0,0,55,0,0,0
654733,2020,6,28,"2020-06-28","15:51:00",3,"MN",27,0,1,0,0,0,0,43.51,-93.04,43.51,-93.04,0,0,0,0,0,99,0,0,0
654734,2020,6,28,"2020-06-28","15:52:00",3,"MN",27,0,1.75,0,0,125000,25000,43.51,-93,43.51,-93,0,0,0,0,0,99,0,0,0
654735,2020,6,28,"2020-06-28","15:53:00",3,"CT",9,0,1,0,0,0,0,41.27,-72.97,41.27,-72.97,0,0,0,0,0,9,0,0,0
654736,2020,6,28,"2020-06-28","15:57:00",3,"ND",38,0,0.75,0,0,0,0,48.36,-100.9,48.36,-100.9,0,0,0,0,0,49,0,0,0
654737,2020,6,28,"2020-06-28","16:00:00",3,"WY",56,0,1,0,0,0,0,44.4879,-104.5708,44.4879,-104.5708,0,0,0,0,0,11,0,0,0
654738,2020,6,28,"2020-06-28","16:00:00",3,"ND",38,0,1.5,0,0,0,0,48.33,-100.96,48.33,-100.96,0,0,0,0,0,49,0,0,0
654739,2020,6,28,"2020-06-28","16:03:00",3,"ND",38,0,1.75,0,0,0,0,48.25,-100.99,48.25,-100.99,0,0,0,0,0,49,0,0,0
654740,2020,6,28,"2020-06-28","16:05:00",3,"WY",56,0,1.75,0,0,0,0,44.58,-104.4765,44.58,-104.4765,0,0,0,0,0,11,0,0,0
654741,2020,6,28,"2020-06-28","16:06:00",3,"NH",33,0,1,0,0,0,0,43.47,-71.06,43.47,-71.06,0,0,0,0,0,17,0,0,0
654742,2020,6,28,"2020-06-28","16:20:00",3,"NJ",34,0,0.88,0,0,0,0,40.88,-74.46,40.88,-74.46,0,0,0,0,0,27,0,0,0
654743,2020,6,28,"2020-06-28","16:24:00",3,"ND",38,0,1.75,0,0,0,0,48.24,-101.14,48.24,-101.14,0,0,0,0,0,101,0,0,0
654744,2020,6,28,"2020-06-28","16:25:00",3,"ND",38,0,1,0,0,0,0,48.26,-100.99,48.26,-100.99,0,0,0,0,0,49,0,0,0
654745,2020,6,28,"2020-06-28","16:25:00",3,"ND",38,0,1,0,0,0,0,48.23,-101.09,48.23,-101.09,0,0,0,0,0,101,0,0,0
654746,2020,6,28,"2020-06-28","16:32:00",3,"WY",56,0,1,0,0,0,0,44.64,-104.18,44.64,-104.18,0,0,0,0,0,11,0,0,0
654747,2020,6,28,"2020-06-28","16:47:00",3,"SD",46,0,1,0,0,0,0,44.64,-104.03,44.64,-104.03,0,0,0,0,0,19,0,0,0
654748,2020,6,28,"2020-06-28","16:55:00",3,"ME",23,0,1,0,0,0,0,43.4745,-70.6782,43.4745,-70.6782,0,0,0,0,0,31,0,0,0
654749,2020,6,28,"2020-06-28","17:00:00",3,"ND",38,0,0.88,0,0,0,0,48.37,-101.57,48.37,-101.57,0,0,0,0,0,101,0,0,0
654750,2020,6,28,"2020-06-28","17:20:00",3,"SD",46,0,1.5,0,0,0,0,44.699,-103.55,44.699,-103.55,0,0,0,0,0,19,0,0,0
654751,2020,6,28,"2020-06-28","17:20:00",3,"SD",46,0,0.88,0,0,0,0,44.67,-103.85,44.67,-103.85,0,0,0,0,0,19,0,0,0
654752,2020,6,28,"2020-06-28","17:20:00",3,"ND",38,0,0.88,0,0,0,0,47.12,-101.3,47.12,-101.3,0,0,0,0,0,65,0,0,0
654753,2020,6,28,"2020-06-28","17:35:00",3,"NY",36,0,0.75,0,0,0,0,40.6985,-73.7187,40.6985,-73.7187,0,0,0,0,0,59,0,0,0
654754,2020,6,28,"2020-06-28","17:35:00",3,"SD",46,0,1,0,0,0,0,44.1234,-103.63,44.1234,-103.63,0,0,0,0,0,103,0,0,0
654755,2020,6,28,"2020-06-28","17:40:00",3,"MN",27,0,1,0,0,0,0,43.85,-92.35,43.85,-92.35,0,0,0,0,0,109,0,0,0
654756,2020,6,28,"2020-06-28","17:45:00",3,"ND",38,0,1,0,0,0,0,47.12,-101.3,47.12,-101.3,0,0,0,0,0,65,0,0,0
654757,2020,6,28,"2020-06-28","17:45:00",3,"ND",38,0,1,0,0,0,0,48.86,-101.59,48.86,-101.59,0,0,0,0,0,75,0,0,0
654758,2020,6,28,"2020-06-28","17:50:00",3,"SD",46,0,2,0,0,0,0,44.15,-103.57,44.15,-103.57,0,0,0,0,0,81,0,0,0
654759,2020,6,28,"2020-06-28","18:03:00",3,"SD",46,0,1,0,0,0,0,44.19,-103.5,44.19,-103.5,0,0,0,0,0,81,0,0,0
654760,2020,6,28,"2020-06-28","18:08:00",3,"ND",38,0,1.75,0,0,0,0,47.07,-101.22,47.07,-101.22,0,0,0,0,0,65,0,0,0
654761,2020,6,28,"2020-06-28","18:09:00",3,"SD",46,0,1.5,0,0,0,0,44.2434,-103.3977,44.2434,-103.3977,0,0,0,0,0,93,0,0,0
654762,2020,6,28,"2020-06-28","18:10:00",3,"SD",46,0,1.75,0,0,0,0,44.2434,-103.3977,44.2434,-103.3977,0,0,0,0,0,93,0,0,0
654763,2020,6,28,"2020-06-28","18:13:00",3,"SD",46,0,1.75,0,0,0,0,44.23,-103.39,44.23,-103.39,0,0,0,0,0,93,0,0,0
654764,2020,6,28,"2020-06-28","18:15:00",3,"SD",46,0,2.25,0,0,0,0,44.23,-103.39,44.23,-103.39,0,0,0,0,0,93,0,0,0
654765,2020,6,28,"2020-06-28","18:15:00",3,"SD",46,0,2,0,0,0,0,44.18,-103.34,44.18,-103.34,0,0,0,0,0,93,0,0,0
654766,2020,6,28,"2020-06-28","18:18:00",3,"SD",46,0,1.25,0,0,0,0,44.91,-103.01,44.91,-103.01,0,0,0,0,0,19,0,0,0
654767,2020,6,28,"2020-06-28","18:18:00",3,"ND",38,0,1,0,0,0,0,47.12,-101.18,47.12,-101.18,0,0,0,0,0,65,0,0,0
654768,2020,6,28,"2020-06-28","18:23:00",3,"MN",27,0,1,0,0,0,0,43.97,-92.06,43.97,-92.06,0,0,0,0,0,169,0,0,0
654769,2020,6,28,"2020-06-28","18:28:00",3,"ND",38,0,2,0,0,0,0,47.07,-101.07,47.07,-101.07,0,0,0,0,0,65,0,0,0
654770,2020,6,28,"2020-06-28","18:40:00",3,"ND",38,0,1,0,0,0,0,48.6,-101.28,48.6,-101.28,0,0,0,0,0,9,0,0,0
654771,2020,6,28,"2020-06-28","18:50:00",3,"MN",27,0,1,0,0,0,0,44.03,-91.94,44.03,-91.94,0,0,0,0,0,169,0,0,0
654772,2020,6,28,"2020-06-28","18:55:00",3,"MN",27,0,0.88,0,0,0,0,43.96,-91.87,43.96,-91.87,0,0,0,0,0,169,0,0,0
654773,2020,6,28,"2020-06-28","19:00:00",3,"ND",38,0,1,0,0,0,0,46.77,-101.1,46.77,-101.1,0,0,0,0,0,59,0,0,0
654774,2020,6,28,"2020-06-28","19:05:00",3,"ND",38,0,1,0,0,0,0,46.44,-101.1,46.44,-101.1,0,0,0,0,0,59,0,0,0
654775,2020,6,28,"2020-06-28","19:08:00",3,"MN",27,0,1,0,0,0,0,43.99,-91.86,43.99,-91.86,0,0,0,0,0,169,0,0,0
654776,2020,6,28,"2020-06-28","19:12:00",3,"ND",38,0,1,0,0,0,0,48.65,-101.22,48.65,-101.22,0,0,0,0,0,9,0,0,0
654777,2020,6,28,"2020-06-28","19:15:00",3,"ND",38,0,1,0,0,0,0,48.64,-101.19,48.64,-101.19,0,0,0,0,0,9,0,0,0
654778,2020,6,28,"2020-06-28","19:20:00",3,"SD",46,0,1.25,0,0,0,0,43.77,-103.62,43.77,-103.62,0,0,0,0,0,33,0,0,0
654779,2020,6,28,"2020-06-28","19:20:00",3,"ND",38,0,2.5,0,0,0,0,46.38,-101.02,46.38,-101.02,0,0,0,0,0,59,0,0,0
654780,2020,6,28,"2020-06-28","19:25:00",3,"SD",46,0,0.88,0,0,0,0,43.9791,-103.7731,43.9791,-103.7731,0,0,0,0,0,103,0,0,0
654781,2020,6,28,"2020-06-28","19:29:00",3,"MN",27,0,0.75,0,0,0,0,44.03,-91.79,44.03,-91.79,0,0,0,0,0,169,0,0,0
654782,2020,6,28,"2020-06-28","19:30:00",3,"SD",46,0,1.25,0,0,0,0,43.7866,-103.5444,43.7866,-103.5444,0,0,0,0,0,33,0,0,0
654783,2020,6,28,"2020-06-28","19:33:00",3,"SD",46,0,1.75,0,0,0,0,43.77,-103.6,43.77,-103.6,0,0,0,0,0,33,0,0,0
654784,2020,6,28,"2020-06-28","19:40:00",3,"SD",46,0,1.5,0,0,0,0,43.9709,-103.6369,43.9709,-103.6369,0,0,0,0,0,103,0,0,0
654785,2020,6,28,"2020-06-28","20:00:00",3,"SD",46,0,1.25,0,0,0,0,43.87,-103.3702,43.87,-103.3702,0,0,0,0,0,103,0,0,0
654786,2020,6,28,"2020-06-28","20:02:00",3,"SD",46,0,1,0,0,0,0,43.9498,-103.3458,43.9498,-103.3458,0,0,0,0,0,103,0,0,0
654787,2020,6,28,"2020-06-28","20:17:00",3,"SD",46,0,1.25,0,0,0,0,44.0221,-103.23,44.0221,-103.23,0,0,0,0,0,103,0,0,0
654788,2020,6,28,"2020-06-28","20:20:00",3,"SD",46,0,1,0,0,0,0,43.1423,-101.8217,43.1423,-101.8217,0,0,0,0,0,7,0,0,0
654789,2020,6,28,"2020-06-28","21:15:00",3,"SD",46,0,0.88,0,0,0,0,43.69,-102.42,43.69,-102.42,0,0,0,0,0,103,0,0,0
654790,2020,6,29,"2020-06-29","07:40:00",3,"MA",25,0,0.75,0,0,0,0,41.26,-70.07,41.26,-70.07,0,0,0,0,0,19,0,0,0
654791,2020,6,29,"2020-06-29","11:52:00",3,"WI",55,0,1.5,0,0,0,0,43.09,-89.54,43.09,-89.54,0,0,0,0,0,25,0,0,0
654792,2020,6,29,"2020-06-29","11:59:00",3,"MA",25,0,0.75,0,0,0,0,41.64,-70.9,41.64,-70.9,0,0,0,0,0,5,0,0,0
654793,2020,6,29,"2020-06-29","11:59:00",3,"MA",25,0,1.25,0,0,0,0,42.7,-72.9,42.7,-72.9,0,0,0,0,0,11,0,0,0
654794,2020,6,29,"2020-06-29","12:15:00",3,"WI",55,0,1,0,0,0,0,43,-89.55,43,-89.55,0,0,0,0,0,25,0,0,0
654795,2020,6,29,"2020-06-29","12:29:00",3,"MA",25,0,1,0,0,0,0,42.57,-72.88,42.57,-72.88,0,0,0,0,0,11,0,0,0
654796,2020,6,29,"2020-06-29","13:06:00",3,"MA",25,0,0.75,0,0,0,0,42.12,-72.54,42.12,-72.54,0,0,0,0,0,13,0,0,0
654797,2020,6,29,"2020-06-29","13:15:00",3,"FL",12,0,0.88,0,0,0,0,26.07,-80.4,26.07,-80.4,0,0,0,0,0,11,0,0,0
654798,2020,6,29,"2020-06-29","13:50:00",3,"CT",9,0,1.75,0,0,0,0,41.3831,-72.3375,41.3831,-72.3375,0,0,0,0,0,11,0,0,0
654799,2020,6,29,"2020-06-29","13:55:00",3,"NY",36,0,1,0,0,0,0,41.83,-74.07,41.83,-74.07,0,0,0,0,0,111,0,0,0
654800,2020,6,29,"2020-06-29","14:00:00",3,"CT",9,0,1,0,0,0,0,41.3,-72.27,41.3,-72.27,0,0,0,0,0,11,0,0,0
654801,2020,6,29,"2020-06-29","14:00:00",3,"NY",36,0,1.25,0,0,0,0,41.83,-74.04,41.83,-74.04,0,0,0,0,0,111,0,0,0
654802,2020,6,29,"2020-06-29","14:00:00",3,"CT",9,0,1.75,0,0,0,0,41.3328,-72.3202,41.3328,-72.3202,0,0,0,0,0,11,0,0,0
654803,2020,6,29,"2020-06-29","14:02:00",3,"CT",9,0,1.25,0,0,0,0,41.3199,-72.3277,41.3199,-72.3277,0,0,0,0,0,7,0,0,0
654804,2020,6,29,"2020-06-29","14:05:00",3,"CT",9,0,1,0,0,0,0,41.29,-72.28,41.29,-72.28,0,0,0,0,0,11,0,0,0
654805,2020,6,29,"2020-06-29","14:10:00",3,"NY",36,0,1.75,0,0,0,0,41.75,-74.08,41.75,-74.08,0,0,0,0,0,111,0,0,0
654806,2020,6,29,"2020-06-29","14:15:00",3,"CT",9,0,1,0,0,0,0,41.5732,-72.318,41.5732,-72.318,0,0,0,0,0,11,0,0,0
654807,2020,6,29,"2020-06-29","14:15:00",3,"NY",36,0,1.75,0,0,0,0,41.69,-74.05,41.69,-74.05,0,0,0,0,0,111,0,0,0
654808,2020,6,29,"2020-06-29","14:19:00",3,"NY",36,0,1.25,0,0,0,0,41.68,-74.07,41.68,-74.07,0,0,0,0,0,111,0,0,0
654809,2020,6,29,"2020-06-29","14:25:00",3,"IL",17,0,1,0,0,0,0,42.1,-88.28,42.1,-88.28,0,0,0,0,0,89,0,0,0
654810,2020,6,29,"2020-06-29","14:28:00",3,"AR",5,0,0.75,0,0,0,0,34.37,-92.82,34.37,-92.82,0,0,0,0,0,59,0,0,0
654811,2020,6,29,"2020-06-29","14:30:00",3,"IL",17,0,1,0,0,0,0,42.0941,-88.3029,42.0941,-88.3029,0,0,0,0,0,89,0,0,0
654812,2020,6,29,"2020-06-29","14:31:00",3,"IL",17,0,1,0,0,0,0,42.13,-88.25,42.13,-88.25,0,0,0,0,0,89,0,0,0
654813,2020,6,29,"2020-06-29","15:03:00",3,"FL",12,0,0.75,0,0,0,0,26.65,-80.25,26.65,-80.25,0,0,0,0,0,99,0,0,0
654814,2020,6,29,"2020-06-29","15:40:00",3,"MT",30,0,1,0,0,0,0,47.16,-104.29,47.16,-104.29,0,0,0,0,0,109,0,0,0
654815,2020,6,29,"2020-06-29","15:52:00",3,"MT",30,0,2.5,0,0,0,0,47.06,-104.47,47.06,-104.47,0,0,0,0,0,21,0,0,0
654816,2020,6,29,"2020-06-29","15:54:00",3,"NJ",34,0,1,0,0,0,0,40.9642,-73.986,40.9642,-73.986,0,0,0,0,0,3,0,0,0
654817,2020,6,29,"2020-06-29","16:12:00",3,"NJ",34,0,1,0,0,0,0,40.8999,-73.9732,40.8999,-73.9732,0,0,0,0,0,3,0,0,0
654818,2020,6,29,"2020-06-29","16:17:00",3,"AL",1,0,1,0,0,0,0,33.58,-86.28,33.58,-86.28,0,0,0,0,0,115,0,0,0
654819,2020,6,29,"2020-06-29","16:25:00",3,"SD",46,0,1,0,0,0,0,44.2,-103.65,44.2,-103.65,0,0,0,0,0,81,0,0,0
654820,2020,6,29,"2020-06-29","16:55:00",3,"SD",46,0,1,0,0,0,0,44.34,-103.61,44.34,-103.61,0,0,0,0,0,81,0,0,0
654821,2020,6,29,"2020-06-29","17:08:00",3,"AL",1,0,1,0,0,0,0,33.51,-86.73,33.51,-86.73,0,0,0,0,0,73,0,0,0
654822,2020,6,29,"2020-06-29","17:22:00",3,"KY",21,0,0.88,0,0,0,0,36.75,-84.16,36.75,-84.16,0,0,0,0,0,235,0,0,0
654823,2020,6,29,"2020-06-29","17:22:00",3,"ND",38,0,1,0,0,0,0,47.44,-103.94,47.44,-103.94,0,0,0,0,0,53,0,0,0
654824,2020,6,29,"2020-06-29","17:25:00",3,"SD",46,0,1,0,0,0,0,44.23,-103.76,44.23,-103.76,0,0,0,0,0,81,0,0,0
654825,2020,6,29,"2020-06-29","17:40:00",3,"SD",46,0,1.5,0,0,0,0,44.48,-102.79,44.48,-102.79,0,0,0,0,0,93,0,0,0
654826,2020,6,29,"2020-06-29","18:00:00",3,"WY",56,0,1,0,0,0,0,43.6889,-104.737,43.6889,-104.737,0,0,0,0,0,45,0,0,0
654827,2020,6,29,"2020-06-29","18:03:00",3,"ND",38,0,1.25,0,0,0,0,47.6,-103.25,47.6,-103.25,0,0,0,0,0,53,0,0,0
654828,2020,6,29,"2020-06-29","18:05:00",3,"ND",38,0,1.75,0,0,0,0,47.37,-102.75,47.37,-102.75,0,0,0,0,0,25,0,0,0
654829,2020,6,29,"2020-06-29","18:10:00",3,"SD",46,0,1,0,0,0,0,44.24,-103.73,44.24,-103.73,0,0,0,0,0,81,0,0,0
654830,2020,6,29,"2020-06-29","18:14:00",3,"ND",38,0,1.75,0,0,0,0,47.44,-103.34,47.44,-103.34,0,0,0,0,0,53,0,0,0
654831,2020,6,29,"2020-06-29","18:20:00",3,"SD",46,0,1,0,0,0,0,44.0302,-103.8158,44.0302,-103.8158,0,0,0,0,0,103,0,0,0
654832,2020,6,29,"2020-06-29","18:20:00",3,"SD",46,0,1.25,0,0,0,0,44.6214,-102.7562,44.6214,-102.7562,0,0,0,0,0,93,0,0,0
654833,2020,6,29,"2020-06-29","18:20:00",3,"ND",38,0,0.88,0,0,0,0,47.22,-103.34,47.22,-103.34,0,0,0,0,0,7,0,0,0
654834,2020,6,29,"2020-06-29","18:45:00",3,"SD",46,0,1,0,0,0,0,45.55,-102.74,45.55,-102.74,0,0,0,0,0,105,0,0,0
654835,2020,6,29,"2020-06-29","18:47:00",3,"SD",46,0,1.25,0,0,0,0,44.3,-103.68,44.3,-103.68,0,0,0,0,0,81,0,0,0
654836,2020,6,29,"2020-06-29","19:02:00",3,"SD",46,0,0.88,0,0,0,0,44.5498,-102.6556,44.5498,-102.6556,0,0,0,0,0,93,0,0,0
654837,2020,6,29,"2020-06-29","19:17:00",3,"ND",38,0,1,0,0,0,0,46.54,-102.86,46.54,-102.86,0,0,0,0,0,41,0,0,0
654838,2020,6,29,"2020-06-29","20:00:00",3,"MT",30,0,1.25,0,0,0,0,48.89,-104.82,48.89,-104.82,0,0,0,0,0,91,0,0,0
654839,2020,6,29,"2020-06-29","20:05:00",3,"SD",46,0,1,0,0,0,0,44.0734,-102.7842,44.0734,-102.7842,0,0,0,0,0,103,0,0,0
654840,2020,6,29,"2020-06-29","20:07:00",3,"MT",30,0,1,0,0,0,0,48.89,-104.78,48.89,-104.78,0,0,0,0,0,91,0,0,0
654841,2020,6,29,"2020-06-29","20:16:00",3,"MT",30,0,1.75,0,0,0,0,48.89,-104.78,48.89,-104.78,0,0,0,0,0,91,0,0,0
654842,2020,6,29,"2020-06-29","20:35:00",3,"SD",46,0,1,0,0,0,0,44.49,-103.9006,44.49,-103.9006,0,0,0,0,0,81,0,0,0
654843,2020,6,29,"2020-06-29","20:35:00",3,"SD",46,0,1.75,0,0,0,0,44.5011,-103.8975,44.5011,-103.8975,0,0,0,0,0,81,0,0,0
654844,2020,6,29,"2020-06-29","20:36:00",3,"SD",46,0,1,0,0,0,0,44.5066,-103.9162,44.5066,-103.9162,0,0,0,0,0,81,0,0,0
654845,2020,6,29,"2020-06-29","20:43:00",3,"SD",46,0,1,0,0,0,0,44.4798,-103.8457,44.4798,-103.8457,0,0,0,0,0,81,0,0,0
654846,2020,6,29,"2020-06-29","20:45:00",3,"SD",46,0,1.5,0,0,0,0,44.49,-103.86,44.49,-103.86,0,0,0,0,0,81,0,0,0
654847,2020,6,29,"2020-06-29","20:50:00",3,"SD",46,0,1,0,0,0,0,45.88,-102.55,45.88,-102.55,0,0,0,0,0,105,0,0,0
654848,2020,6,29,"2020-06-29","21:02:00",3,"SD",46,0,1,0,0,0,0,44.0221,-103.23,44.0221,-103.23,0,0,0,0,0,103,0,0,0
654849,2020,6,29,"2020-06-29","21:03:00",3,"SD",46,0,1,0,0,0,0,44.0533,-103.2454,44.0533,-103.2454,0,0,0,0,0,103,0,0,0
654850,2020,6,29,"2020-06-29","21:25:00",3,"NY",36,0,0.75,0,0,0,0,40.7869,-73.9453,40.7869,-73.9453,0,0,0,0,0,61,0,0,0
654851,2020,6,29,"2020-06-29","21:25:00",3,"SD",46,0,0.88,0,0,0,0,44.3,-103.42,44.3,-103.42,0,0,0,0,0,93,0,0,0
654852,2020,6,29,"2020-06-29","21:30:00",3,"SD",46,0,1,0,0,0,0,44.3,-103.4402,44.3,-103.4402,0,0,0,0,0,93,0,0,0
654853,2020,6,29,"2020-06-29","22:10:00",3,"SD",46,0,1,0,0,0,0,45.32,-102.58,45.32,-102.58,0,0,0,0,0,105,0,0,0
654854,2020,6,29,"2020-06-29","23:50:00",3,"WY",56,0,1.5,0,0,0,0,44.52,-104.6,44.52,-104.6,0,0,0,0,0,11,0,0,0
654855,2020,6,30,"2020-06-30","00:55:00",3,"SD",46,0,1.75,0,0,0,0,45.43,-102.43,45.43,-102.43,0,0,0,0,0,105,0,0,0
654856,2020,6,30,"2020-06-30","01:50:00",3,"SD",46,0,1,0,0,0,0,45.77,-102.18,45.77,-102.18,0,0,0,0,0,105,0,0,0
654857,2020,6,30,"2020-06-30","12:05:00",3,"ND",38,0,0.88,0,0,0,0,47.25,-99.66,47.25,-99.66,0,0,0,0,0,43,0,0,0
654858,2020,6,30,"2020-06-30","14:20:00",3,"KY",21,0,0.75,0,0,0,0,37.08,-88.63,37.08,-88.63,0,0,0,0,0,145,0,0,0
654859,2020,6,30,"2020-06-30","14:43:00",3,"TX",48,0,1,0,0,0,0,32.3212,-100.8209,32.3212,-100.8209,0,0,0,0,0,335,0,0,0
654860,2020,6,30,"2020-06-30","14:45:00",3,"GA",13,0,1,0,0,0,0,33.7601,-84.3791,33.7601,-84.3791,0,0,0,0,0,121,0,0,0
654861,2020,6,30,"2020-06-30","15:08:00",3,"ND",38,0,0.88,0,0,0,0,47.96,-99.68,47.96,-99.68,0,0,0,0,0,5,0,0,0
654862,2020,6,30,"2020-06-30","15:15:00",3,"TX",48,0,1,0,0,0,0,33.19,-99.9,33.19,-99.9,0,0,0,0,0,207,0,0,0
654863,2020,6,30,"2020-06-30","15:15:00",3,"ND",38,0,0.88,0,0,0,0,47.87,-99.85,47.87,-99.85,0,0,0,0,0,69,0,0,0
654864,2020,6,30,"2020-06-30","15:46:00",3,"TX",48,0,0.75,0,0,0,0,33.19,-99.9,33.19,-99.9,0,0,0,0,0,207,0,0,0
654865,2020,6,30,"2020-06-30","16:06:00",3,"TX",48,0,0.88,0,0,0,0,33.19,-99.89,33.19,-99.89,0,0,0,0,0,207,0,0,0
654866,2020,6,30,"2020-06-30","17:55:00",3,"SC",45,0,0.25,0,0,100,100,33.51,-81.87,33.51,-81.87,0,0,0,0,0,3,0,0,0
654867,2020,6,30,"2020-06-30","19:00:00",3,"NE",31,0,1,0,0,0,0,40.9645,-99.52,40.9645,-99.52,0,0,0,0,0,47,0,0,0
654868,2020,6,30,"2020-06-30","19:20:00",3,"NE",31,0,1,0,0,0,0,41.14,-99.38,41.14,-99.38,0,0,0,0,0,41,0,0,0
654869,2020,6,30,"2020-06-30","19:29:00",3,"TX",48,0,0.75,0,0,0,0,31.4,-100.43,31.4,-100.43,0,0,0,0,0,451,0,0,0
654870,2020,6,30,"2020-06-30","19:35:00",3,"TX",48,0,1,0,0,0,0,31.4,-100.43,31.4,-100.43,0,0,0,0,0,451,0,0,0
654871,2020,6,30,"2020-06-30","19:54:00",3,"TX",48,0,0.75,0,0,0,0,31.44,-100.41,31.44,-100.41,0,0,0,0,0,451,0,0,0
654872,2020,6,30,"2020-06-30","19:55:00",3,"TX",48,0,0.75,0,0,0,0,31.43,-100.42,31.43,-100.42,0,0,0,0,0,451,0,0,0
654873,2020,6,30,"2020-06-30","19:56:00",3,"NE",31,0,1.5,0,0,1e+05,1e+06,41,-98.6,41.0401,-98.622,0,0,0,0,0,79,0,0,0
654874,2020,6,30,"2020-06-30","20:01:00",3,"TX",48,0,1,0,0,0,0,31.4,-100.43,31.4,-100.43,0,0,0,0,0,451,0,0,0
654875,2020,6,30,"2020-06-30","20:05:00",3,"TX",48,0,1,0,0,0,0,31.44,-100.41,31.44,-100.41,0,0,0,0,0,451,0,0,0
654876,2020,6,30,"2020-06-30","20:07:00",3,"NE",31,0,1.5,0,0,0,0,41.74,-98.27,41.74,-98.27,0,0,0,0,0,11,0,0,0
654877,2020,6,30,"2020-06-30","20:10:00",3,"NE",31,0,1.75,0,0,0,0,41.73,-98.23,41.73,-98.23,0,0,0,0,0,11,0,0,0
654878,2020,6,30,"2020-06-30","20:10:00",3,"NE",31,0,1,0,0,0,0,40.9668,-98.4937,40.9668,-98.4937,0,0,0,0,0,79,0,0,0
654879,2020,6,30,"2020-06-30","20:12:00",3,"TX",48,0,0.75,0,0,0,0,31.39,-100.45,31.39,-100.45,0,0,0,0,0,451,0,0,0
654880,2020,6,30,"2020-06-30","20:14:00",3,"NE",31,0,1,0,0,0,0,40.87,-98.47,40.87,-98.47,0,0,0,0,0,79,0,0,0
654881,2020,6,30,"2020-06-30","20:23:00",3,"TX",48,0,1,0,0,0,0,31.4,-100.43,31.4,-100.43,0,0,0,0,0,451,0,0,0
654882,2020,6,30,"2020-06-30","20:25:00",3,"TX",48,0,1,0,0,0,0,31.39,-100.45,31.39,-100.45,0,0,0,0,0,451,0,0,0
654883,2020,6,30,"2020-06-30","20:27:00",3,"NE",31,0,1,0,0,0,0,41.03,-98.4,41.03,-98.4,0,0,0,0,0,79,0,0,0
654884,2020,6,30,"2020-06-30","20:29:00",3,"TX",48,0,1.5,0,0,0,0,31.39,-100.45,31.39,-100.45,0,0,0,0,0,451,0,0,0
654885,2020,6,30,"2020-06-30","20:33:00",3,"TX",48,0,1,0,0,0,0,31.39,-100.44,31.39,-100.44,0,0,0,0,0,451,0,0,0
654886,2020,6,30,"2020-06-30","20:35:00",3,"NE",31,0,1,0,0,0,0,41.08,-98.37,41.08,-98.37,0,0,0,0,0,93,0,0,0
654887,2020,6,30,"2020-06-30","21:18:00",3,"NE",31,0,0.88,0,0,0,0,40.8,-98.26,40.8,-98.26,0,0,0,0,0,81,0,0,0
654888,2020,6,30,"2020-06-30","21:50:00",3,"SD",46,0,1,0,0,0,0,43.03,-99.14,43.03,-99.14,0,0,0,0,0,53,0,0,0
654889,2020,6,30,"2020-06-30","22:06:00",3,"NE",31,0,1,0,0,0,0,42.73,-98.84,42.73,-98.84,0,0,0,0,0,89,0,0,0
653503,2020,6,1,"2020-06-01","09:00:00",3,"MN",27,0,0.88,0,0,0,0,46.21,-93.91,46.21,-93.91,0,0,0,0,0,35,0,0,0
653504,2020,6,1,"2020-06-01","09:10:00",3,"MN",27,0,0.88,0,0,0,0,46.21,-94.06,46.21,-94.06,0,0,0,0,0,35,0,0,0
653505,2020,6,1,"2020-06-01","09:18:00",3,"MN",27,0,1,0,0,0,0,46.21,-94.02,46.21,-94.02,0,0,0,0,0,35,0,0,0
653506,2020,6,1,"2020-06-01","09:24:00",3,"MN",27,0,1,0,0,0,0,46.23,-93.91,46.23,-93.91,0,0,0,0,0,35,0,0,0
653507,2020,6,1,"2020-06-01","09:27:00",3,"MN",27,0,2.5,0,0,0,0,46.16,-93.98,46.16,-93.98,0,0,0,0,0,35,0,0,0
653508,2020,6,1,"2020-06-01","09:38:00",3,"MN",27,0,1.25,0,0,0,0,46.12,-93.8,46.0848,-93.5305,0,0,0,0,0,95,0,0,0
653509,2020,6,1,"2020-06-01","10:25:00",3,"MN",27,0,1,0,0,0,0,46.04,-93.29,46.04,-93.29,0,0,0,0,0,65,0,0,0
653510,2020,6,1,"2020-06-01","10:28:00",3,"MN",27,0,1,0,0,0,0,46.01,-93.18,46.01,-93.18,0,0,0,0,0,65,0,0,0
653511,2020,6,1,"2020-06-01","18:39:00",3,"MN",27,0,1,0,0,0,0,46.88,-95.64,46.88,-95.64,0,0,0,0,0,5,0,0,0
653512,2020,6,1,"2020-06-01","18:42:00",3,"MN",27,0,1,0,0,0,0,46.86,-95.59,46.86,-95.59,0,0,0,0,0,5,0,0,0
653513,2020,6,1,"2020-06-01","20:10:00",3,"MN",27,0,1,0,0,0,0,47.61,-94.13,47.61,-94.13,0,0,0,0,0,61,0,0,0
653514,2020,6,1,"2020-06-01","20:39:00",3,"MN",27,0,1.5,0,0,0,0,47.67,-93.75,47.67,-93.75,0,0,0,0,0,61,0,0,0
653515,2020,6,2,"2020-06-02","05:25:00",3,"ND",38,0,2,0,0,0,0,46.17,-100.38,46.17,-100.38,0,0,0,0,0,29,0,0,0
653516,2020,6,2,"2020-06-02","05:35:00",3,"SD",46,0,1,0,0,0,0,45.94,-102.16,45.94,-102.16,0,0,0,0,0,105,0,0,0
653517,2020,6,2,"2020-06-02","05:50:00",3,"MI",26,0,0.88,0,0,0,0,46.42,-87.77,46.42,-87.77,0,0,0,0,0,103,0,0,0
653518,2020,6,2,"2020-06-02","05:58:00",3,"MI",26,0,1,0,0,0,0,46.49,-87.72,46.49,-87.72,0,0,0,0,0,103,0,0,0
653519,2020,6,2,"2020-06-02","06:00:00",3,"ND",38,0,1,0,0,0,0,46.25,-99.91,46.25,-99.91,0,0,0,0,0,29,0,0,0
653520,2020,6,2,"2020-06-02","06:20:00",3,"ND",38,0,1.5,0,0,0,0,46.18,-99.48,46.18,-99.48,0,0,0,0,0,51,0,0,0
653521,2020,6,2,"2020-06-02","06:36:00",3,"ND",38,0,1,0,0,0,0,46.18,-99.35,46.18,-99.35,0,0,0,0,0,51,0,0,0
653522,2020,6,2,"2020-06-02","06:45:00",3,"ND",38,0,0.88,0,0,0,10000,46.1712,-99.1618,46.1712,-99.1618,0,0,0,0,0,51,0,0,0
653523,2020,6,2,"2020-06-02","07:25:00",3,"ND",38,0,1.5,0,0,0,0,46,-98.63,46,-98.63,0,0,0,0,0,21,0,0,0
653524,2020,6,2,"2020-06-02","11:15:00",3,"MN",27,0,1,0,0,0,0,45.81,-95.97,45.81,-95.97,0,0,0,0,0,51,0,0,0
653525,2020,6,2,"2020-06-02","11:40:00",3,"MN",27,0,1.75,0,0,0,0,45.75,-95.62,45.75,-95.62,0,0,0,0,0,121,0,0,0
653526,2020,6,2,"2020-06-02","11:55:00",3,"MN",27,0,0.88,0,0,0,0,45.9,-95.08,45.9,-95.08,0,0,0,0,0,153,0,0,0
653527,2020,6,2,"2020-06-02","12:05:00",3,"MN",27,0,0.88,0,0,0,0,45.87,-94.67,45.87,-94.67,0,0,0,0,0,153,0,0,0
653528,2020,6,2,"2020-06-02","12:22:00",3,"MN",27,0,1,0,0,0,0,45.71,-95.27,45.71,-95.27,0,0,0,0,0,121,0,0,0
653529,2020,6,2,"2020-06-02","12:40:00",3,"MN",27,0,1,0,0,0,0,45.65,-95.39,45.65,-95.39,0,0,0,0,0,121,0,0,0
653530,2020,6,2,"2020-06-02","13:10:00",3,"MN",27,0,0.88,0,0,0,0,45.75,-93.97,45.75,-93.97,0,0,0,0,0,9,0,0,0
653531,2020,6,2,"2020-06-02","13:30:00",3,"MN",27,0,1,0,0,0,0,45.62,-94.21,45.62,-94.21,0,0,0,0,0,145,0,0,0
653532,2020,6,2,"2020-06-02","13:32:00",3,"MN",27,0,0.88,0,0,0,0,45.62,-94.22,45.62,-94.22,0,0,0,0,0,145,0,0,0
653533,2020,6,2,"2020-06-02","13:40:00",3,"MN",27,0,1.25,0,0,0,0,45.59,-94.19,45.59,-94.19,0,0,0,0,0,145,0,0,0
653534,2020,6,2,"2020-06-02","13:57:00",3,"MN",27,0,1,0,0,0,0,45.46,-94.43,45.46,-94.43,0,0,0,0,0,145,0,0,0
653535,2020,6,2,"2020-06-02","15:05:00",3,"MN",27,0,0.88,0,0,0,0,45.31,-93.56,45.31,-93.56,0,0,0,0,0,141,0,0,0
653536,2020,6,2,"2020-06-02","15:30:00",3,"MN",27,0,1.25,0,0,0,0,44.13,-94.42,44.13,-94.42,0,0,0,0,0,15,0,0,0
653537,2020,6,2,"2020-06-02","15:30:00",3,"MN",27,0,1,0,0,0,0,44.14,-94.31,44.14,-94.31,0,0,0,0,0,13,0,0,0
653538,2020,6,2,"2020-06-02","15:35:00",3,"MN",27,0,0.88,0,0,0,0,44.15,-92.05,44.15,-92.05,0,0,0,0,0,169,0,0,0
653539,2020,6,2,"2020-06-02","15:38:00",3,"WI",55,0,1,0,0,0,0,45.18,-91.69,45.18,-91.69,0,0,0,0,0,33,0,0,0
653540,2020,6,2,"2020-06-02","15:52:00",3,"MN",27,0,1,0,0,0,0,45.06,-92.95,45.06,-92.95,0,0,0,0,0,163,0,0,0
653541,2020,6,2,"2020-06-02","15:54:00",3,"MN",27,0,1,0,0,0,0,44.11,-94.22,44.11,-94.22,0,0,0,0,0,13,0,0,0
653542,2020,6,2,"2020-06-02","15:55:00",3,"MN",27,0,2.5,0,0,0,50000,44.1203,-94.2254,44.0666,-94.0515,0,0,0,0,0,13,0,0,0
653543,2020,6,2,"2020-06-02","16:03:00",3,"NE",31,0,1.75,0,0,0,0,40.49,-101.68,40.49,-101.68,0,0,0,0,0,29,0,0,0
653544,2020,6,2,"2020-06-02","16:15:00",3,"MN",27,0,1,0,0,0,0,44.05,-91.71,44.05,-91.71,0,0,0,0,0,169,0,0,0
653545,2020,6,2,"2020-06-02","16:15:00",3,"WI",55,0,0.75,0,0,0,0,44.8,-92.26,44.8,-92.26,0,0,0,0,0,93,0,0,0
653546,2020,6,2,"2020-06-02","16:16:00",3,"MN",27,0,2,0,0,1800000,0,44.05,-91.66,44.03,-91.62,0,0,0,0,0,169,0,0,0
653547,2020,6,2,"2020-06-02","16:29:00",3,"MN",27,0,1,0,0,0,0,43.96,-94.43,43.96,-94.43,0,0,0,0,0,165,0,0,0
653548,2020,6,2,"2020-06-02","16:30:00",3,"MN",27,0,2,0,0,9e+05,26000,44.0192,-91.5965,43.98,-91.5,0,0,0,0,0,169,0,0,0
653549,2020,6,2,"2020-06-02","16:31:00",3,"MN",27,0,2,0,0,50000,2000,43.98,-91.6,43.98,-91.6,0,0,0,0,0,169,0,0,0
653550,2020,6,2,"2020-06-02","16:32:00",3,"WI",55,0,1.75,0,0,105000,4000,44.36,-90.55,44.36,-90.55,0,0,0,0,0,53,0,0,0
653551,2020,6,2,"2020-06-02","16:35:00",3,"MN",27,0,1,0,0,0,0,44.0143,-93.905,43.98,-93.78,0,0,0,0,0,13,0,0,0
653552,2020,6,2,"2020-06-02","16:37:00",3,"WY",56,0,0.88,0,0,0,0,41.15,-104.76,41.15,-104.76,0,0,0,0,0,21,0,0,0
653553,2020,6,2,"2020-06-02","16:44:00",3,"WY",56,0,0.75,0,0,0,0,41.15,-104.81,41.15,-104.81,0,0,0,0,0,21,0,0,0
653554,2020,6,2,"2020-06-02","16:45:00",3,"WY",56,0,0.88,0,0,0,0,41.29,-104.79,41.29,-104.79,0,0,0,0,0,21,0,0,0
653555,2020,6,2,"2020-06-02","16:45:00",3,"NE",31,0,1,0,0,0,0,40.92,-100.37,40.92,-100.37,0,0,0,0,0,111,0,0,0
653556,2020,6,2,"2020-06-02","16:46:00",3,"WI",55,0,1,0,0,0,0,44.02,-91.45,44.02,-91.45,0,0,0,0,0,121,0,0,0
653557,2020,6,2,"2020-06-02","16:50:00",3,"WI",55,0,1,0,0,0,0,44.01,-91.44,44.01,-91.44,0,0,0,0,0,121,0,0,0
653558,2020,6,2,"2020-06-02","16:50:00",3,"MN",27,0,2,0,0,0,0,43.94,-93.7,43.94,-93.7,0,0,0,0,0,161,0,0,0
653559,2020,6,2,"2020-06-02","16:56:00",3,"WY",56,0,1,0,0,0,0,41.3,-104.79,41.3,-104.79,0,0,0,0,0,21,0,0,0
653560,2020,6,2,"2020-06-02","17:01:00",3,"WI",55,0,1.25,0,0,0,0,44.01,-91.44,44.01,-91.44,0,0,0,0,0,121,0,0,0
653561,2020,6,2,"2020-06-02","17:02:00",3,"WY",56,0,1.25,0,0,0,0,41.38,-104.75,41.38,-104.75,0,0,0,0,0,21,0,0,0
653562,2020,6,2,"2020-06-02","17:06:00",3,"NE",31,0,1.75,0,0,0,0,40.38,-101.24,40.38,-101.24,0,0,0,0,0,85,0,0,0
653563,2020,6,2,"2020-06-02","17:07:00",3,"MN",27,0,1,0,0,0,0,43.7,-94.35,43.7,-94.35,0,0,0,0,0,91,0,0,0
653564,2020,6,2,"2020-06-02","17:08:00",3,"WI",55,0,2.5,0,0,2100000,0,43.99,-91.32,43.99,-91.32,0,0,0,0,0,63,0,0,0
653565,2020,6,2,"2020-06-02","17:10:00",3,"WI",55,0,1.75,0,0,115000,3000,44.11,-91.58,44.11,-91.58,0,0,0,0,0,11,0,0,0
653566,2020,6,2,"2020-06-02","17:15:00",3,"NE",31,0,2.75,0,0,0,0,40.38,-101.24,40.38,-101.24,0,0,0,0,0,85,0,0,0
653567,2020,6,2,"2020-06-02","17:15:00",3,"WI",55,0,2,0,0,0,0,44.29,-90.13,44.29,-90.13,0,0,0,0,0,141,0,0,0
653568,2020,6,2,"2020-06-02","17:15:00",3,"WI",55,0,2.5,0,0,45500000,0,43.9681,-91.2737,43.93,-91.24,0,0,0,0,0,63,0,0,0
653569,2020,6,2,"2020-06-02","17:20:00",3,"NE",31,0,0.75,0,0,0,0,40.3491,-101.1078,40.3491,-101.1078,0,0,0,0,0,87,0,0,0
653570,2020,6,2,"2020-06-02","17:23:00",3,"NE",31,0,2.75,0,0,0,0,40.3355,-101.1506,40.3355,-101.1506,0,0,0,0,0,87,0,0,0
653571,2020,6,2,"2020-06-02","17:30:00",3,"KS",20,0,0.88,0,0,0,0,39.6558,-101.8729,39.6558,-101.8729,0,0,0,0,0,23,0,0,0
653572,2020,6,2,"2020-06-02","17:33:00",3,"WI",55,0,0.75,0,0,0,0,44.33,-89.84,44.33,-89.84,0,0,0,0,0,141,0,0,0
653573,2020,6,2,"2020-06-02","17:34:00",3,"KS",20,0,0.75,0,0,0,0,39.5122,-101.9857,39.5122,-101.9857,0,0,0,0,0,181,0,0,0
653574,2020,6,2,"2020-06-02","17:36:00",3,"MN",27,0,1.75,0,0,0,0,43.91,-91.36,43.91,-91.36,0,0,0,0,0,169,0,0,0
653575,2020,6,2,"2020-06-02","17:40:00",3,"WI",55,0,0.75,0,0,0,0,44.31,-89.84,44.31,-89.84,0,0,0,0,0,141,0,0,0
653576,2020,6,2,"2020-06-02","17:40:00",3,"WI",55,0,1,0,0,0,0,43.9,-91.1,43.9,-91.1,0,0,0,0,0,63,0,0,0
653577,2020,6,2,"2020-06-02","17:44:00",3,"WI",55,0,0.88,0,0,0,0,44.21,-89.46,44.21,-89.46,0,0,0,0,0,137,0,0,0
653578,2020,6,2,"2020-06-02","18:18:00",3,"MN",27,0,0.88,0,0,0,0,44.75,-93.35,44.75,-93.35,0,0,0,0,0,139,0,0,0
653579,2020,6,2,"2020-06-02","18:28:00",3,"WI",55,0,1.5,0,0,0,0,44.06,-89.28,44.06,-89.28,0,0,0,0,0,137,0,0,0
653580,2020,6,2,"2020-06-02","18:32:00",3,"WI",55,0,1.25,0,0,0,0,44.12,-89.01,44.12,-89.01,0,0,0,0,0,137,0,0,0
653581,2020,6,2,"2020-06-02","18:35:00",3,"WI",55,0,1,0,0,0,0,44.01,-88.55,44.01,-88.55,0,0,0,0,0,139,0,0,0
653582,2020,6,2,"2020-06-02","18:35:00",3,"WI",55,0,1,0,0,0,0,44.06,-89.28,44.06,-89.28,0,0,0,0,0,137,0,0,0
653583,2020,6,2,"2020-06-02","18:40:00",3,"MN",27,0,0.75,0,0,0,0,44.65,-93.29,44.65,-93.29,0,0,0,0,0,37,0,0,0
653584,2020,6,2,"2020-06-02","18:49:00",3,"WY",56,0,1.25,0,0,0,0,41.79,-104.34,41.79,-104.34,0,0,0,0,0,15,0,0,0
653585,2020,6,2,"2020-06-02","19:04:00",3,"WI",55,0,1,0,0,0,0,44.07,-88.54,44.07,-88.54,0,0,0,0,0,139,0,0,0
653586,2020,6,2,"2020-06-02","19:14:00",3,"WY",56,0,1.25,0,0,0,0,41.94,-104.1,41.94,-104.1,0,0,0,0,0,15,0,0,0
653587,2020,6,2,"2020-06-02","19:32:00",3,"WY",56,0,1.25,0,0,0,0,42.05,-104.26,42.05,-104.26,0,0,0,0,0,15,0,0,0
653588,2020,6,2,"2020-06-02","19:43:00",3,"WY",56,0,0.75,0,0,0,0,42.08,-104.22,42.08,-104.22,0,0,0,0,0,15,0,0,0
653589,2020,6,2,"2020-06-02","19:44:00",3,"NE",31,0,0.75,0,0,0,0,42,-104.01,42,-104.01,0,0,0,0,0,157,0,0,0
653590,2020,6,2,"2020-06-02","20:45:00",3,"IA",19,0,1,0,0,0,0,42.2,-95.72,42.2,-95.72,0,0,0,0,0,133,0,0,0
653591,2020,6,2,"2020-06-02","21:05:00",3,"NY",36,0,1.5,0,0,0,0,42.99,-78.95,42.99,-78.95,0,0,0,0,0,29,0,0,0
653592,2020,6,2,"2020-06-02","21:07:00",3,"WY",56,0,0.75,0,0,0,0,42.66,-104.09,42.66,-104.09,0,0,0,0,0,27,0,0,0
653593,2020,6,2,"2020-06-02","21:13:00",3,"NY",36,0,1,0,0,0,0,42.92,-78.87,42.92,-78.87,0,0,0,0,0,29,0,0,0
653594,2020,6,2,"2020-06-02","21:14:00",3,"NY",36,0,0.88,0,0,0,0,42.89,-78.89,42.89,-78.89,0,0,0,0,0,29,0,0,0
653595,2020,6,2,"2020-06-02","21:15:00",3,"NY",36,0,1,0,0,0,0,42.89,-78.86,42.89,-78.86,0,0,0,0,0,29,0,0,0
653596,2020,6,2,"2020-06-02","21:20:00",3,"NY",36,0,1.25,0,0,0,0,42.83,-78.8,42.83,-78.8,0,0,0,0,0,29,0,0,0
653597,2020,6,2,"2020-06-02","21:30:00",3,"NE",31,0,0.75,0,0,0,0,40.15,-99.83,40.15,-99.83,0,0,0,0,0,65,0,0,0
653598,2020,6,2,"2020-06-02","21:43:00",3,"NY",36,0,1,0,0,0,0,42.65,-78.7,42.65,-78.7,0,0,0,0,0,29,0,0,0
653599,2020,6,2,"2020-06-02","21:43:00",3,"NE",31,0,1,0,0,0,0,40.0899,-99.5583,40.0899,-99.5583,0,0,0,0,0,83,0,0,0
653600,2020,6,2,"2020-06-02","21:47:00",3,"NY",36,0,1,0,0,0,0,42.65,-78.7,42.65,-78.7,0,0,0,0,0,29,0,0,0
653601,2020,6,2,"2020-06-02","22:01:00",3,"NY",36,0,1.25,0,0,0,0,42.53,-78.63,42.53,-78.63,0,0,0,0,0,29,0,0,0
653602,2020,6,2,"2020-06-02","22:12:00",3,"NY",36,0,1.25,0,0,0,0,42.62,-78.66,42.62,-78.66,0,0,0,0,0,29,0,0,0
653603,2020,6,2,"2020-06-02","22:12:00",3,"NY",36,0,1.25,0,0,0,0,42.52,-78.48,42.52,-78.48,0,0,0,0,0,9,0,0,0
653604,2020,6,3,"2020-06-03","03:30:00",3,"MT",30,0,0.88,0,0,0,0,45.25,-105.32,45.25,-105.32,0,0,0,0,0,75,0,0,0
653605,2020,6,3,"2020-06-03","04:12:00",3,"IA",19,0,1.75,0,0,0,0,41.34,-94.02,41.34,-94.02,0,0,0,0,0,121,0,0,0
653606,2020,6,3,"2020-06-03","04:16:00",3,"IA",19,0,0.88,0,0,0,0,41.37,-93.89,41.37,-93.89,0,0,0,0,0,121,0,0,0
653607,2020,6,3,"2020-06-03","05:05:00",3,"IA",19,0,1,0,0,25000,0,40.81,-94.34,40.81,-94.34,0,0,0,0,0,159,0,0,0
653608,2020,6,3,"2020-06-03","06:00:00",3,"IA",19,0,1.25,0,0,0,0,41.68,-90.34,41.68,-90.34,0,0,0,0,0,163,0,0,0
653609,2020,6,3,"2020-06-03","06:05:00",3,"IA",19,0,1,0,0,0,0,41.67,-90.34,41.67,-90.34,0,0,0,0,0,163,0,0,0
653610,2020,6,3,"2020-06-03","07:26:00",3,"IL",17,0,1,0,0,0,0,41.29,-89.37,41.29,-89.37,0,0,0,0,0,11,0,0,0
653611,2020,6,3,"2020-06-03","07:30:00",3,"IL",17,0,0.75,0,0,0,0,41.26,-89.32,41.26,-89.32,0,0,0,0,0,155,0,0,0
653612,2020,6,3,"2020-06-03","13:11:00",3,"SD",46,0,1,0,0,0,0,44.0112,-103.2889,44.0112,-103.2889,0,0,0,0,0,103,0,0,0
653613,2020,6,3,"2020-06-03","13:12:00",3,"SD",46,0,1,0,0,0,0,44.0009,-103.3031,44.0009,-103.3031,0,0,0,0,0,103,0,0,0
653614,2020,6,3,"2020-06-03","13:30:00",3,"MS",28,0,1,0,0,0,0,31.87,-90.41,31.87,-90.41,0,0,0,0,0,29,0,0,0
653615,2020,6,3,"2020-06-03","14:00:00",3,"TN",47,0,0.88,0,0,1000,0,35.8355,-86.0725,35.8355,-86.0725,0,0,0,0,0,15,0,0,0
653616,2020,6,3,"2020-06-03","14:15:00",3,"IL",17,0,1,0,0,0,0,39.776,-90.8854,39.776,-90.8854,0,0,0,0,0,149,0,0,0
653617,2020,6,3,"2020-06-03","14:25:00",3,"CO",8,0,0.75,0,0,0,0,39.2149,-102.8753,39.2149,-102.8753,0,0,0,0,0,63,0,0,0
653618,2020,6,3,"2020-06-03","14:34:00",3,"MO",29,0,1,0,0,0,0,36.52,-91.8,36.52,-91.8,0,0,0,0,0,91,0,0,0
653619,2020,6,3,"2020-06-03","14:35:00",3,"IL",17,0,1,0,0,0,0,39.6872,-90.8916,39.6059,-90.8751,0,0,0,0,0,149,0,0,0
653620,2020,6,3,"2020-06-03","14:42:00",3,"WV",54,0,1,0,0,0,0,39.5,-80.9,39.5,-80.9,0,0,0,0,0,95,0,0,0
653621,2020,6,3,"2020-06-03","14:47:00",3,"AL",1,0,0.75,0,0,0,0,33.58,-86.77,33.58,-86.77,0,0,0,0,0,73,0,0,0
653622,2020,6,3,"2020-06-03","14:48:00",3,"CO",8,0,0.75,0,0,0,0,39.6035,-102.2817,39.6035,-102.2817,0,0,0,0,0,125,0,0,0
653623,2020,6,3,"2020-06-03","14:52:00",3,"WV",54,0,1,0,0,0,0,39.46,-80.53,39.46,-80.53,0,0,0,0,0,103,0,0,0
653624,2020,6,3,"2020-06-03","14:54:00",3,"WV",54,0,1,0,0,0,0,39.46,-80.52,39.46,-80.52,0,0,0,0,0,103,0,0,0
653625,2020,6,3,"2020-06-03","14:58:00",3,"PA",42,0,1,0,0,0,0,40.81,-77.2,40.81,-77.2,0,0,0,0,0,109,0,0,0
653626,2020,6,3,"2020-06-03","15:03:00",3,"CO",8,0,1.75,0,0,0,0,39.6907,-102.3101,39.6907,-102.3101,0,0,0,0,0,125,0,0,0
653627,2020,6,3,"2020-06-03","15:08:00",3,"CO",8,0,1.5,0,0,0,0,39.7028,-102.2589,39.7028,-102.2589,0,0,0,0,0,125,0,0,0
653628,2020,6,3,"2020-06-03","15:09:00",3,"CO",8,0,1.5,0,0,0,0,39.702,-102.303,39.702,-102.303,0,0,0,0,0,125,0,0,0
653629,2020,6,3,"2020-06-03","15:10:00",3,"MS",28,0,0.88,0,0,0,0,31.37,-90.13,31.37,-90.13,0,0,0,0,0,77,0,0,0
653630,2020,6,3,"2020-06-03","15:10:00",3,"CO",8,0,1,0,0,0,0,39.6909,-102.2578,39.6909,-102.2578,0,0,0,0,0,125,0,0,0
653631,2020,6,3,"2020-06-03","15:18:00",3,"CO",8,0,1.75,0,0,0,0,39.6877,-102.3313,39.6877,-102.3313,0,0,0,0,0,125,0,0,0
653632,2020,6,3,"2020-06-03","15:18:00",3,"CO",8,0,1.5,0,0,0,0,39.7031,-102.2028,39.7031,-102.2028,0,0,0,0,0,125,0,0,0
653633,2020,6,3,"2020-06-03","15:20:00",3,"NE",31,0,1.5,0,0,0,0,42.72,-98.87,42.72,-98.87,0,0,0,0,0,89,0,0,0
653634,2020,6,3,"2020-06-03","15:20:00",3,"CO",8,0,1.75,0,0,0,0,39.742,-102.2199,39.742,-102.2199,0,0,0,0,0,125,0,0,0
653635,2020,6,3,"2020-06-03","15:20:00",3,"IL",17,0,1,0,0,0,0,39.5265,-90.9331,39.4589,-91.0389,0,0,0,0,0,149,0,0,0
653636,2020,6,3,"2020-06-03","15:24:00",3,"AL",1,0,1,0,0,0,0,33.72,-86.6,33.72,-86.6,0,0,0,0,0,73,0,0,0
653637,2020,6,3,"2020-06-03","15:32:00",3,"CO",8,0,0.75,0,0,0,0,39.7905,-102.0834,39.7905,-102.0834,0,0,0,0,0,125,0,0,0
653638,2020,6,3,"2020-06-03","15:33:00",3,"SD",46,0,1,0,0,0,0,44.0745,-103.2114,44.0745,-103.2114,0,0,0,0,0,103,0,0,0
653639,2020,6,3,"2020-06-03","15:35:00",3,"NE",31,0,1,0,0,0,0,42.53,-98.98,42.53,-98.98,0,0,0,0,0,89,0,0,0
653640,2020,6,3,"2020-06-03","15:35:00",3,"NE",31,0,1,0,0,0,0,42.64,-98.82,42.64,-98.82,0,0,0,0,0,89,0,0,0
653641,2020,6,3,"2020-06-03","15:36:00",3,"PA",42,0,1,0,0,0,0,40.6,-76.81,40.6,-76.81,0,0,0,0,0,43,0,0,0
653642,2020,6,3,"2020-06-03","15:40:00",3,"PA",42,0,0.88,0,0,0,0,40.56,-76.78,40.56,-76.78,0,0,0,0,0,43,0,0,0
653643,2020,6,3,"2020-06-03","15:45:00",3,"CO",8,0,0.75,0,0,0,0,39.2935,-102.6972,39.2931,-102.6437,0,0,0,0,0,63,0,0,0
653644,2020,6,3,"2020-06-03","15:50:00",3,"KS",20,0,0.75,0,0,0,0,39.9137,-101.9753,39.9137,-101.9753,0,0,0,0,0,23,0,0,0
653645,2020,6,3,"2020-06-03","15:54:00",3,"MO",29,0,1,0,0,0,0,37.2477,-90.9609,37.2477,-90.9609,0,0,0,0,0,179,0,0,0
653646,2020,6,3,"2020-06-03","16:00:00",3,"NE",31,0,2,0,0,0,0,42.36,-100.72,42.36,-100.72,0,0,0,0,0,31,0,0,0
653647,2020,6,3,"2020-06-03","16:15:00",3,"NE",31,0,1,0,0,0,0,42.33,-100.5,42.33,-100.5,0,0,0,0,0,31,0,0,0
653648,2020,6,3,"2020-06-03","16:15:00",3,"PA",42,0,0.88,0,0,0,0,40.36,-76.19,40.36,-76.19,0,0,0,0,0,11,0,0,0
653649,2020,6,3,"2020-06-03","16:17:00",3,"AR",5,0,1,0,0,0,0,35.92,-93.06,35.92,-93.06,0,0,0,0,0,101,0,0,0
653650,2020,6,3,"2020-06-03","16:35:00",3,"CO",8,0,1,0,0,0,0,38.8492,-102.174,38.8492,-102.174,0,0,0,0,0,17,0,0,0
653651,2020,6,3,"2020-06-03","16:59:00",3,"NE",31,0,0.75,0,0,0,0,40.2936,-101.512,40.2936,-101.512,0,0,0,0,0,57,0,0,0
653652,2020,6,3,"2020-06-03","17:04:00",3,"NE",31,0,0.75,0,0,0,0,40.2751,-101.5337,40.2751,-101.5337,0,0,0,0,0,57,0,0,0
653653,2020,6,3,"2020-06-03","17:23:00",3,"AR",5,0,1,0,0,0,0,35.25,-94.32,35.25,-94.32,0,0,0,0,0,131,0,0,0
653654,2020,6,3,"2020-06-03","17:37:00",3,"MS",28,0,1.5,0,0,3000,0,33.59,-89.84,33.59,-89.84,0,0,0,0,0,15,0,0,0
653655,2020,6,3,"2020-06-03","17:55:00",3,"NE",31,0,1,0,0,0,0,41.77,-99.65,41.77,-99.65,0,0,0,0,0,115,0,0,0
653656,2020,6,3,"2020-06-03","17:56:00",3,"IA",19,0,0.75,0,0,0,0,41.51,-90.76,41.51,-90.76,0,0,0,0,0,163,0,0,0
653657,2020,6,3,"2020-06-03","17:57:00",3,"MO",29,0,1,0,0,0,0,38.77,-93.54,38.77,-93.54,0,0,0,0,0,101,0,0,0
653658,2020,6,3,"2020-06-03","17:58:00",3,"LA",22,0,0.88,0,0,0,0,32.62,-91.18,32.62,-91.18,0,0,0,0,0,35,0,0,0
653659,2020,6,3,"2020-06-03","18:00:00",3,"MO",29,0,1,0,0,0,0,37.7722,-89.7977,37.7722,-89.7977,0,0,0,0,0,157,0,0,0
653660,2020,6,3,"2020-06-03","18:01:00",3,"IA",19,0,0.75,0,0,0,0,41.53,-90.68,41.53,-90.68,0,0,0,0,0,163,0,0,0
653661,2020,6,3,"2020-06-03","18:12:00",3,"IA",19,0,1.75,0,0,0,0,41.51,-90.76,41.51,-90.76,0,0,0,0,0,163,0,0,0
653662,2020,6,3,"2020-06-03","18:18:00",3,"NE",31,0,1,0,0,0,0,42.26,-98.82,42.26,-98.82,0,0,0,0,0,89,0,0,0
653663,2020,6,3,"2020-06-03","18:35:00",3,"MO",29,0,1,0,0,0,0,39.8698,-91.694,39.8698,-91.694,0,0,0,0,0,127,0,0,0
653664,2020,6,3,"2020-06-03","18:37:00",3,"NE",31,0,1,0,0,0,0,41.77,-99.15,41.77,-99.15,0,0,0,0,0,71,0,0,0
653665,2020,6,3,"2020-06-03","18:37:00",3,"MO",29,0,1.75,0,0,0,0,39.1344,-91.764,39.1344,-91.764,0,0,0,0,0,7,0,0,0
653666,2020,6,3,"2020-06-03","18:42:00",3,"NE",31,0,1,0,0,0,0,41.6,-98.93,41.6,-98.93,0,0,0,0,0,175,0,0,0
653667,2020,6,3,"2020-06-03","18:45:00",3,"MO",29,0,1,0,0,0,0,39.117,-92.2226,39.117,-92.2226,0,0,0,0,0,19,0,0,0
653668,2020,6,3,"2020-06-03","18:47:00",3,"KS",20,0,1,0,0,0,0,38.34,-101.03,38.34,-101.03,0,0,0,0,0,171,0,0,0
653669,2020,6,3,"2020-06-03","18:59:00",3,"IA",19,0,0.75,0,0,0,0,41.44,-90.9,41.44,-90.9,0,0,0,0,0,139,0,0,0
653670,2020,6,3,"2020-06-03","19:00:00",3,"NE",31,0,1.75,0,0,0,0,41.02,-100.37,41.02,-100.37,0,0,0,0,0,111,0,0,0
653671,2020,6,3,"2020-06-03","19:05:00",3,"NE",31,0,1.75,0,0,10000,0,41.5,-98.78,41.5,-98.78,0,0,0,0,0,175,0,0,0
653672,2020,6,3,"2020-06-03","19:36:00",3,"NE",31,0,1,0,0,0,0,41.28,-98.98,41.28,-98.98,0,0,0,0,0,163,0,0,0
653673,2020,6,3,"2020-06-03","19:37:00",3,"NE",31,0,1,0,0,0,0,41.75,-99.18,41.75,-99.18,0,0,0,0,0,71,0,0,0
653674,2020,6,3,"2020-06-03","20:00:00",3,"IL",17,0,1,0,0,0,0,40.47,-90.28,40.47,-90.28,0,0,0,0,0,57,0,0,0
653675,2020,6,3,"2020-06-03","20:05:00",3,"NE",31,0,1,0,0,0,0,40.9893,-98.2107,40.9893,-98.2107,0,0,0,0,0,121,0,0,0
653676,2020,6,3,"2020-06-03","20:20:00",3,"NE",31,0,1,0,0,0,0,40.9276,-98,40.9276,-98,0,0,0,0,0,81,0,0,0
653677,2020,6,3,"2020-06-03","21:18:00",3,"NE",31,0,0.88,0,0,0,0,41.5,-98.78,41.5,-98.78,0,0,0,0,0,175,0,0,0
653678,2020,6,3,"2020-06-03","21:22:00",3,"MO",29,0,1,0,0,0,0,39.42,-92.44,39.42,-92.44,0,0,0,0,0,175,0,0,0
653679,2020,6,3,"2020-06-03","22:00:00",3,"IN",18,0,1,0,0,0,0,40.6,-85.47,40.6,-85.47,0,0,0,0,0,53,0,0,0
653680,2020,6,3,"2020-06-03","22:47:00",3,"IL",17,0,0.75,0,0,0,0,39.85,-88.95,39.85,-88.95,0,0,0,0,0,115,0,0,0
653681,2020,6,3,"2020-06-03","23:43:00",3,"KS",20,0,1.5,0,0,0,50000,38.68,-97.6,38.68,-97.6,0,0,0,0,0,169,0,0,0
653682,2020,6,4,"2020-06-04","07:16:00",3,"AR",5,0,1,0,0,0,0,33.16,-91.26,33.16,-91.26,0,0,0,0,0,17,0,0,0
653683,2020,6,4,"2020-06-04","09:44:00",3,"OH",39,0,1.25,0,0,0,0,40.14,-83.74,40.14,-83.74,0,0,0,0,0,21,0,0,0
653684,2020,6,4,"2020-06-04","09:45:00",3,"OH",39,0,2,0,0,0,0,40.14,-83.74,40.14,-83.74,0,0,0,0,0,21,0,0,0
653685,2020,6,4,"2020-06-04","10:19:00",3,"OH",39,0,1.5,0,0,0,0,40.18,-83.44,40.18,-83.44,0,0,0,0,0,159,0,0,0
653686,2020,6,4,"2020-06-04","10:25:00",3,"OH",39,0,0.75,0,0,0,0,40.22,-83.37,40.22,-83.37,0,0,0,0,0,159,0,0,0
653687,2020,6,4,"2020-06-04","10:26:00",3,"OH",39,0,1,0,0,0,0,40.22,-83.37,40.22,-83.37,0,0,0,0,0,159,0,0,0
653688,2020,6,4,"2020-06-04","10:26:00",3,"OH",39,0,1.75,0,0,0,0,40.24,-83.37,40.24,-83.37,0,0,0,0,0,159,0,0,0
653689,2020,6,4,"2020-06-04","10:28:00",3,"OH",39,0,2,0,0,0,0,40.17,-83.42,40.17,-83.42,0,0,0,0,0,159,0,0,0
653690,2020,6,4,"2020-06-04","11:42:00",3,"OH",39,0,1.25,0,0,0,0,39.71,-82.84,39.71,-82.84,0,0,0,0,0,129,0,0,0
653691,2020,6,4,"2020-06-04","12:07:00",3,"OH",39,0,1,0,0,0,0,40.5666,-81.9728,40.5666,-81.9728,0,0,0,0,0,75,0,0,0
653692,2020,6,4,"2020-06-04","12:08:00",3,"VA",51,0,1,0,0,0,0,36.96,-80.06,36.96,-80.06,0,0,0,0,0,67,0,0,0
653693,2020,6,4,"2020-06-04","12:27:00",3,"GA",13,0,0.75,0,0,100,100,33.44,-82.21,33.44,-82.21,0,0,0,0,0,73,0,0,0
653694,2020,6,4,"2020-06-04","12:29:00",3,"VA",51,0,0.75,0,0,0,0,37.22,-79.83,37.22,-79.83,0,0,0,0,0,67,0,0,0
653695,2020,6,4,"2020-06-04","12:30:00",3,"OH",39,0,0.75,0,0,0,0,39.7167,-82.5547,39.7167,-82.5547,0,0,0,0,0,45,0,0,0
653696,2020,6,4,"2020-06-04","12:33:00",3,"OH",39,0,1,0,0,0,0,40.8205,-81.407,40.8205,-81.407,0,0,0,0,0,151,0,0,0
653697,2020,6,4,"2020-06-04","12:38:00",3,"VA",51,0,0.88,0,0,0,0,37.05,-79.11,37.05,-79.11,0,0,0,0,0,143,0,0,0
653698,2020,6,4,"2020-06-04","12:45:00",3,"OH",39,0,1.5,0,0,0,0,39.69,-82.74,39.69,-82.74,0,0,0,0,0,45,0,0,0
653699,2020,6,4,"2020-06-04","12:55:00",3,"VA",51,0,0.88,0,0,0,0,37.39,-79.73,37.39,-79.73,0,0,0,0,0,19,0,0,0
653700,2020,6,4,"2020-06-04","13:00:00",3,"PA",42,0,1,0,0,0,0,40.17,-78.52,40.17,-78.52,0,0,0,0,0,9,0,0,0
653701,2020,6,4,"2020-06-04","13:13:00",3,"PA",42,0,1.5,0,0,0,0,39.9372,-78.0082,39.9372,-78.0082,0,0,0,0,0,57,0,0,0
653702,2020,6,4,"2020-06-04","13:15:00",3,"PA",42,0,1,0,0,0,0,39.9439,-78.021,39.9439,-78.021,0,0,0,0,0,57,0,0,0
653703,2020,6,4,"2020-06-04","13:22:00",3,"PA",42,0,1,0,0,0,0,39.9877,-78.0602,39.9877,-78.0602,0,0,0,0,0,57,0,0,0
653704,2020,6,4,"2020-06-04","13:28:00",3,"PA",42,0,1.5,0,0,0,0,39.8901,-78.0161,39.8901,-78.0161,0,0,0,0,0,57,0,0,0
653705,2020,6,4,"2020-06-04","13:30:00",3,"PA",42,0,1,0,0,0,0,39.931,-77.9991,39.931,-77.9991,0,0,0,0,0,57,0,0,0
653706,2020,6,4,"2020-06-04","13:37:00",3,"VA",51,0,0.75,0,0,0,0,37.63,-79.48,37.63,-79.48,0,0,0,0,0,163,0,0,0
653707,2020,6,4,"2020-06-04","13:47:00",3,"VA",51,0,1,0,0,0,0,37.74,-79.38,37.74,-79.38,0,0,0,0,0,530,0,0,0
653708,2020,6,4,"2020-06-04","13:52:00",3,"PA",42,0,0.88,0,0,0,0,39.911,-77.9092,39.911,-77.9092,0,0,0,0,0,55,0,0,0
653709,2020,6,4,"2020-06-04","13:55:00",3,"TX",48,0,0.75,0,0,0,0,35.24,-101.7,35.24,-101.7,0,0,0,0,0,375,0,0,0
653710,2020,6,4,"2020-06-04","14:04:00",3,"SC",45,0,0.25,0,0,100,100,34.35,-80.83,34.35,-80.83,0,0,0,0,0,39,0,0,0
653711,2020,6,4,"2020-06-04","14:07:00",3,"TX",48,0,1,0,0,0,0,35.23,-101.67,35.23,-101.67,0,0,0,0,0,375,0,0,0
653712,2020,6,4,"2020-06-04","14:17:00",3,"TX",48,0,1,0,0,0,0,35.32,-101.58,35.32,-101.58,0,0,0,0,0,65,0,0,0
653713,2020,6,4,"2020-06-04","14:22:00",3,"OK",40,0,1.5,0,0,0,0,36.61,-101.19,36.61,-101.19,0,0,0,0,0,139,0,0,0
653714,2020,6,4,"2020-06-04","14:30:00",3,"TX",48,0,0.88,0,0,0,0,35.22,-101.62,35.22,-101.62,0,0,0,0,0,375,0,0,0
653715,2020,6,4,"2020-06-04","14:35:00",3,"PA",42,0,1,0,0,0,0,40.79,-77.86,40.79,-77.86,0,0,0,0,0,27,0,0,0
653716,2020,6,4,"2020-06-04","14:36:00",3,"PA",42,0,0.75,0,0,0,0,40.76,-77.8782,40.76,-77.8782,0,0,0,0,0,27,0,0,0
653717,2020,6,4,"2020-06-04","14:47:00",3,"TN",47,0,1,0,0,0,0,36.14,-82.82,36.14,-82.82,0,0,0,0,0,59,0,0,0
653718,2020,6,4,"2020-06-04","14:54:00",3,"NE",31,0,0.75,0,0,0,0,42.7,-103.04,42.7,-103.04,0,0,0,0,0,45,0,0,0
653719,2020,6,4,"2020-06-04","14:55:00",3,"PA",42,0,0.88,0,0,0,0,41.3282,-77.7499,41.3282,-77.7499,0,0,0,0,0,35,0,0,0
653720,2020,6,4,"2020-06-04","15:06:00",3,"SD",46,0,0.88,0,0,0,0,45.4965,-103.1116,45.4965,-103.1116,0,0,0,0,0,63,0,0,0
653721,2020,6,4,"2020-06-04","15:11:00",3,"TX",48,0,1,0,0,0,0,36.41,-100.33,36.41,-100.33,0,0,0,0,0,295,0,0,0
653722,2020,6,4,"2020-06-04","15:20:00",3,"WV",54,0,0.88,0,0,0,0,38.99,-81.97,38.99,-81.97,0,0,0,0,0,53,0,0,0
653723,2020,6,4,"2020-06-04","15:24:00",3,"SD",46,0,1.5,0,0,0,0,45.4099,-102.9063,45.4099,-102.9063,0,0,0,0,0,105,0,0,0
653724,2020,6,4,"2020-06-04","15:35:00",3,"TX",48,0,1,0,0,0,0,36.18,-100.91,36.18,-100.91,0,0,0,0,0,357,0,0,0
653725,2020,6,4,"2020-06-04","15:40:00",3,"MT",30,0,1,0,0,0,0,45.25,-105.32,45.25,-105.32,0,0,0,0,0,75,0,0,0
653726,2020,6,4,"2020-06-04","16:07:00",3,"TX",48,0,1,0,0,0,0,36.12,-100.8,36.12,-100.8,0,0,0,0,0,357,0,0,0
653727,2020,6,4,"2020-06-04","16:08:00",3,"MT",30,0,1,0,0,0,0,45.09,-104.98,45.09,-104.98,0,0,0,0,0,11,0,0,0
653728,2020,6,4,"2020-06-04","16:15:00",3,"SD",46,0,1.25,0,0,0,0,45.1042,-102.16,45.1042,-102.16,0,0,0,0,0,105,0,0,0
653729,2020,6,4,"2020-06-04","16:25:00",3,"SD",46,0,2.75,0,0,0,0,45.02,-102.2,45.02,-102.2,0,0,0,0,0,93,0,0,0
653730,2020,6,4,"2020-06-04","16:29:00",3,"TX",48,0,1,0,0,0,0,35.89,-100.39,35.89,-100.39,0,0,0,0,0,211,0,0,0
653731,2020,6,4,"2020-06-04","16:30:00",3,"SD",46,0,2,0,0,0,0,45.02,-102.19,45.02,-102.19,0,0,0,0,0,93,0,0,0
653732,2020,6,4,"2020-06-04","16:35:00",3,"SD",46,0,2,0,0,0,0,45.03,-102.0914,45.03,-102.0914,0,0,0,0,0,93,0,0,0
653733,2020,6,4,"2020-06-04","16:40:00",3,"TN",47,0,0.75,0,0,0,0,35.1592,-89.6645,35.1592,-89.6645,0,0,0,0,0,157,0,0,0
653734,2020,6,4,"2020-06-04","16:44:00",3,"SD",46,0,3.2,0,0,0,0,44.89,-102.04,44.89,-102.04,0,0,0,0,0,93,0,0,0
653735,2020,6,4,"2020-06-04","16:44:00",3,"WY",56,0,1,0,0,0,0,44.9,-104.56,44.9,-104.56,0,0,0,0,0,11,0,0,0
653736,2020,6,4,"2020-06-04","16:57:00",3,"OK",40,0,1,0,0,0,0,35.78,-99.71,35.78,-99.71,0,0,0,0,0,129,0,0,0
653737,2020,6,4,"2020-06-04","17:03:00",3,"SD",46,0,1.75,0,0,0,0,44.77,-101.8504,44.77,-101.8504,0,0,0,0,0,137,0,0,0
653738,2020,6,4,"2020-06-04","17:05:00",3,"NE",31,0,1.5,0,0,0,0,42.25,-102.69,42.25,-102.69,0,0,0,0,0,161,0,0,0
653739,2020,6,4,"2020-06-04","17:08:00",3,"TX",48,0,0.75,0,0,0,0,34.2,-101.6125,34.2,-101.6125,0,0,0,0,0,189,0,0,0
653740,2020,6,4,"2020-06-04","17:10:00",3,"WY",56,0,1,0,0,0,0,44.71,-104.15,44.71,-104.15,0,0,0,0,0,11,0,0,0
653741,2020,6,4,"2020-06-04","17:15:00",3,"PA",42,0,1.5,0,0,0,0,39.86,-76.71,39.86,-76.71,0,0,0,0,0,133,0,0,0
653742,2020,6,4,"2020-06-04","17:24:00",3,"PA",42,0,1,0,0,0,0,39.9,-76.64,39.9,-76.64,0,0,0,0,0,133,0,0,0
653743,2020,6,4,"2020-06-04","17:25:00",3,"SD",46,0,0.88,0,0,0,0,44.05,-103.4,44.05,-103.4,0,0,0,0,0,103,0,0,0
653744,2020,6,4,"2020-06-04","17:26:00",3,"SD",46,0,0.88,0,0,0,0,44.54,-101.4,44.54,-101.4,0,0,0,0,0,55,0,0,0
653745,2020,6,4,"2020-06-04","17:30:00",3,"KS",20,0,0.75,0,0,0,0,38.3505,-101.7467,38.3505,-101.7467,0,0,0,0,0,71,0,0,0
653746,2020,6,4,"2020-06-04","17:33:00",3,"SD",46,0,1.75,0,0,0,0,44.55,-101.55,44.55,-101.55,0,0,0,0,0,55,0,0,0
653747,2020,6,4,"2020-06-04","17:38:00",3,"SD",46,0,2,0,0,0,0,44.5011,-103.8975,44.5011,-103.8975,0,0,0,0,0,81,0,0,0
653748,2020,6,4,"2020-06-04","17:39:00",3,"SD",46,0,2.5,0,0,0,0,44.5066,-103.9162,44.5066,-103.9162,0,0,0,0,0,81,0,0,0
653749,2020,6,4,"2020-06-04","17:42:00",3,"TX",48,0,1,0,0,0,0,35.57,-100.31,35.57,-100.31,0,0,0,0,0,483,0,0,0
653750,2020,6,4,"2020-06-04","17:47:00",3,"SD",46,0,2,0,0,0,0,44.4955,-103.8787,44.4955,-103.8787,0,0,0,0,0,81,0,0,0
653751,2020,6,4,"2020-06-04","17:50:00",3,"TX",48,0,2,0,0,0,0,33.98,-101.4696,33.8815,-101.4783,0,0,0,0,0,153,0,0,0
653752,2020,6,4,"2020-06-04","17:54:00",3,"SD",46,0,1.25,0,0,0,0,44.38,-103.73,44.38,-103.73,0,0,0,0,0,81,0,0,0
653753,2020,6,4,"2020-06-04","17:59:00",3,"SD",46,0,1,0,0,0,0,44.4776,-103.72,44.4776,-103.72,0,0,0,0,0,81,0,0,0
653754,2020,6,4,"2020-06-04","17:59:00",3,"SD",46,0,1,0,0,0,0,45.46,-98.48,45.46,-98.48,0,0,0,0,0,13,0,0,0
653755,2020,6,4,"2020-06-04","18:00:00",3,"TX",48,0,1.75,0,0,0,0,33.7836,-101.4997,33.7836,-101.4997,0,0,0,0,0,107,0,0,0
653756,2020,6,4,"2020-06-04","18:00:00",3,"WY",56,0,0.75,0,0,0,0,44.8,-105.5,44.8,-105.5,0,0,0,0,0,5,0,0,0
653757,2020,6,4,"2020-06-04","18:06:00",3,"MS",28,0,0.88,0,0,0,0,34.9165,-90.003,34.9165,-90.003,0,0,0,0,0,33,0,0,0
653758,2020,6,4,"2020-06-04","18:09:00",3,"SD",46,0,1.75,0,0,0,0,44.3,-103.42,44.3,-103.42,0,0,0,0,0,93,0,0,0
653759,2020,6,4,"2020-06-04","18:15:00",3,"WV",54,0,0.75,0,0,0,0,38.13,-81.62,38.13,-81.62,0,0,0,0,0,5,0,0,0
653760,2020,6,4,"2020-06-04","18:15:00",3,"SD",46,0,2.75,0,0,0,0,44.2434,-103.3977,44.2434,-103.3977,0,0,0,0,0,93,0,0,0
653761,2020,6,4,"2020-06-04","18:25:00",3,"SD",46,0,1.75,0,0,0,0,44.18,-103.34,44.18,-103.34,0,0,0,0,0,93,0,0,0
653762,2020,6,4,"2020-06-04","18:27:00",3,"SD",46,0,1,0,0,0,0,44.1234,-103.43,44.1234,-103.43,0,0,0,0,0,103,0,0,0
653763,2020,6,4,"2020-06-04","18:27:00",3,"SD",46,0,2.5,0,0,0,0,44.17,-103.32,44.17,-103.32,0,0,0,0,0,93,0,0,0
653764,2020,6,4,"2020-06-04","18:28:00",3,"SD",46,0,2.5,0,0,0,0,44.15,-103.31,44.15,-103.31,0,0,0,0,0,93,0,0,0
653765,2020,6,4,"2020-06-04","18:32:00",3,"TX",48,0,1.75,0,0,0,0,33.68,-101.38,33.68,-101.38,0,0,0,0,0,107,0,0,0
653766,2020,6,4,"2020-06-04","18:37:00",3,"SD",46,0,2.5,0,0,0,0,44.0945,-103.23,44.0945,-103.23,0,0,0,0,0,103,0,0,0
653767,2020,6,4,"2020-06-04","18:38:00",3,"WY",56,0,1,0,0,0,0,44.5902,-104.9156,44.5902,-104.9156,0,0,0,0,0,11,0,0,0
653768,2020,6,4,"2020-06-04","18:38:00",3,"SD",46,0,2,0,0,0,0,44.109,-103.23,44.109,-103.23,0,0,0,0,0,103,0,0,0
653769,2020,6,4,"2020-06-04","18:41:00",3,"SD",46,0,2.5,0,0,0,0,44.1234,-103.23,44.1234,-103.23,0,0,0,0,0,103,0,0,0
653770,2020,6,4,"2020-06-04","18:42:00",3,"SD",46,0,1.5,0,0,0,0,44.1347,-103.2278,44.1347,-103.2278,0,0,0,0,0,103,0,0,0
653771,2020,6,4,"2020-06-04","18:47:00",3,"SD",46,0,1.25,0,0,0,0,44.1201,-103.2069,44.1201,-103.2069,0,0,0,0,0,103,0,0,0
653772,2020,6,4,"2020-06-04","18:48:00",3,"SD",46,0,1,0,0,0,0,44.0634,-103.1742,44.0634,-103.1742,0,0,0,0,0,103,0,0,0
653773,2020,6,4,"2020-06-04","18:52:00",3,"SD",46,0,1.5,0,0,0,0,44.0399,-103.2069,44.0399,-103.2069,0,0,0,0,0,103,0,0,0
653774,2020,6,4,"2020-06-04","19:03:00",3,"KS",20,0,1,0,0,0,0,37.6,-101.29,37.6,-101.29,0,0,0,0,0,67,0,0,0
653775,2020,6,4,"2020-06-04","19:12:00",3,"WY",56,0,1.25,0,0,0,0,44.22,-105.46,44.22,-105.46,0,0,0,0,0,5,0,0,0
653776,2020,6,4,"2020-06-04","19:14:00",3,"IA",19,0,1.75,0,0,0,0,42.45,-94,42.45,-94,0,0,0,0,0,187,0,0,0
653777,2020,6,4,"2020-06-04","19:15:00",3,"WY",56,0,1,0,0,0,0,44.16,-105.45,44.16,-105.45,0,0,0,0,0,5,0,0,0
653778,2020,6,4,"2020-06-04","19:15:00",3,"WY",56,0,1.25,0,0,0,0,44.41,-104.38,44.41,-104.38,0,0,0,0,0,11,0,0,0
653779,2020,6,4,"2020-06-04","19:20:00",3,"KS",20,0,1,0,0,0,0,37.52,-101.15,37.52,-101.15,0,0,0,0,0,67,0,0,0
653780,2020,6,4,"2020-06-04","19:26:00",3,"SD",46,0,0.88,0,0,0,0,44.68,-98.54,44.68,-98.54,0,0,0,0,0,115,0,0,0
653781,2020,6,4,"2020-06-04","19:36:00",3,"SD",46,0,0.75,0,0,0,0,44.63,-98.41,44.63,-98.41,0,0,0,0,0,5,0,0,0
653782,2020,6,4,"2020-06-04","19:50:00",3,"SD",46,0,1,0,0,0,0,43.72,-102.31,43.72,-102.31,0,0,0,0,0,103,0,0,0
653783,2020,6,4,"2020-06-04","19:56:00",3,"SD",46,0,1,0,0,0,6000,44.36,-98.4,44.36,-98.4,0,0,0,0,0,5,0,0,0
653784,2020,6,4,"2020-06-04","20:03:00",3,"SD",46,0,0.88,0,0,0,0,44.42,-98.22,44.42,-98.22,0,0,0,0,0,5,0,0,0
653785,2020,6,4,"2020-06-04","20:10:00",3,"WY",56,0,0.75,0,0,0,0,43.91,-104.63,43.91,-104.63,0,0,0,0,0,45,0,0,0
653786,2020,6,4,"2020-06-04","20:18:00",3,"SD",46,0,1,0,0,0,0,43.53,-102,43.53,-102,0,0,0,0,0,71,0,0,0
653787,2020,6,4,"2020-06-04","20:18:00",3,"SD",46,0,1,0,0,0,0,44.05,-103.4,44.05,-103.4,0,0,0,0,0,103,0,0,0
653788,2020,6,4,"2020-06-04","20:25:00",3,"SD",46,0,1,0,0,0,0,43.4576,-102,43.4576,-102,0,0,0,0,0,71,0,0,0
653789,2020,6,4,"2020-06-04","20:27:00",3,"KS",20,0,1,0,0,0,0,37.27,-101.24,37.27,-101.24,0,0,0,0,0,189,0,0,0
653790,2020,6,4,"2020-06-04","20:30:00",3,"KS",20,0,0.88,0,0,0,0,38.06,-100.06,38.06,-100.06,0,0,0,0,0,83,0,0,0
653791,2020,6,4,"2020-06-04","20:30:00",3,"SD",46,0,1,0,0,0,0,43.98,-103.17,43.98,-103.17,0,0,0,0,0,103,0,0,0
653792,2020,6,4,"2020-06-04","20:38:00",3,"TX",48,0,0.75,0,0,0,0,33.4864,-101.8965,33.4864,-101.8965,0,0,0,0,0,303,0,0,0
653793,2020,6,4,"2020-06-04","20:45:00",3,"SD",46,0,1,0,0,0,0,43.9495,-102.8516,43.9495,-102.8516,0,0,0,0,0,103,0,0,0
653794,2020,6,4,"2020-06-04","20:50:00",3,"SD",46,0,1,0,0,0,0,43.73,-104.02,43.73,-104.02,0,0,0,0,0,33,0,0,0
653795,2020,6,4,"2020-06-04","21:05:00",3,"SD",46,0,2.5,0,0,0,0,43.2032,-101.62,43.2032,-101.62,0,0,0,0,0,7,0,0,0
653796,2020,6,4,"2020-06-04","21:11:00",3,"NE",31,0,1,0,0,0,0,40.6,-97.85,40.6,-97.85,0,0,0,0,0,35,0,0,0
653797,2020,6,4,"2020-06-04","21:22:00",3,"MN",27,0,0.7,0,0,0,156000,44.2414,-96.0526,44.2414,-96.0526,0,0,0,0,0,83,0,0,0
653798,2020,6,4,"2020-06-04","21:35:00",3,"SD",46,0,0.88,0,0,0,0,43.5002,-102.2258,43.5002,-102.2258,0,0,0,0,0,102,0,0,0
653799,2020,6,4,"2020-06-04","21:45:00",3,"SD",46,0,1,0,0,0,0,43.4576,-102,43.4576,-102,0,0,0,0,0,71,0,0,0
653800,2020,6,4,"2020-06-04","21:50:00",3,"SD",46,0,1,0,0,0,0,43.07,-100.8,43.07,-100.8,0,0,0,0,0,121,0,0,0
653801,2020,6,4,"2020-06-04","21:52:00",3,"IA",19,0,0.75,0,0,0,20000,43.08,-95.98,43.08,-95.98,0,0,0,0,0,167,0,0,0
653802,2020,6,4,"2020-06-04","22:10:00",3,"TX",48,0,1.75,0,0,0,0,32.77,-101.43,32.77,-101.43,0,0,0,0,0,33,0,0,0
653803,2020,6,4,"2020-06-04","22:18:00",3,"IA",19,0,1,0,0,0,0,43.18,-95.65,43.18,-95.65,0,0,0,0,0,141,0,0,0
653804,2020,6,4,"2020-06-04","22:20:00",3,"IA",19,0,1,0,0,0,0,43.18,-95.66,43.18,-95.66,0,0,0,0,0,141,0,0,0
653805,2020,6,4,"2020-06-04","22:27:00",3,"IA",19,0,1.75,0,0,0,27000,43.18,-95.48,43.18,-95.48,0,0,0,0,0,141,0,0,0
653806,2020,6,4,"2020-06-04","22:43:00",3,"IA",19,0,1,0,0,0,0,42.78,-95.74,42.78,-95.74,0,0,0,0,0,35,0,0,0
653807,2020,6,4,"2020-06-04","22:51:00",3,"IA",19,0,1.75,0,0,0,75000,43.31,-95.15,43.31,-95.15,0,0,0,0,0,59,0,0,0
653808,2020,6,4,"2020-06-04","22:52:00",3,"NE",31,0,1,0,0,0,0,41.27,-96.72,41.27,-96.72,0,0,0,0,0,155,0,0,0
653809,2020,6,4,"2020-06-04","22:52:00",3,"IA",19,0,1,0,0,0,0,43.33,-95.15,43.33,-95.15,0,0,0,0,0,59,0,0,0
653810,2020,6,4,"2020-06-04","23:09:00",3,"IA",19,0,1.25,0,0,0,0,42.71,-95.53,42.71,-95.53,0,0,0,0,0,35,0,0,0
653811,2020,6,4,"2020-06-04","23:22:00",3,"KS",20,0,0.88,0,0,0,0,39.96,-97.16,39.96,-97.16,0,0,0,0,0,201,0,0,0
653812,2020,6,4,"2020-06-04","23:37:00",3,"NE",31,0,0.75,0,0,0,0,41.21,-96.21,41.21,-96.21,0,0,0,0,0,55,0,0,0
653813,2020,6,4,"2020-06-04","23:39:00",3,"NE",31,0,1,0,0,0,0,41.14,-96.24,41.14,-96.24,0,0,0,0,0,153,0,0,0
653814,2020,6,4,"2020-06-04","23:55:00",3,"IA",19,0,1,0,0,0,0,43.24,-94.04,43.24,-94.04,0,0,0,0,0,109,0,0,0
653815,2020,6,5,"2020-06-05","00:29:00",3,"KS",20,0,1,0,0,0,0,39.43,-96.64,39.43,-96.64,0,0,0,0,0,149,0,0,0
653816,2020,6,5,"2020-06-05","00:53:00",3,"IA",19,0,1,0,0,0,0,42.34,-95.49,42.34,-95.49,0,0,0,0,0,93,0,0,0
653817,2020,6,5,"2020-06-05","00:57:00",3,"IA",19,0,1.75,0,0,0,0,42.34,-95.47,42.34,-95.47,0,0,0,0,0,93,0,0,0
653818,2020,6,5,"2020-06-05","00:59:00",3,"IA",19,0,2.5,0,0,0,0,42.34,-95.48,42.34,-95.48,0,0,0,0,0,93,0,0,0
653819,2020,6,5,"2020-06-05","00:59:00",3,"IA",19,0,1.5,0,0,0,0,42.34,-95.47,42.34,-95.47,0,0,0,0,0,93,0,0,0
653820,2020,6,5,"2020-06-05","01:02:00",3,"IA",19,0,1,0,0,0,0,42.34,-95.35,42.34,-95.35,0,0,0,0,0,93,0,0,0
653821,2020,6,5,"2020-06-05","01:04:00",3,"IA",19,0,1.25,0,0,0,0,42.66,-95.27,42.66,-95.27,0,0,0,0,0,21,0,0,0
653822,2020,6,5,"2020-06-05","01:06:00",3,"IA",19,0,1,0,0,0,0,42.35,-95.46,42.35,-95.46,0,0,0,0,0,93,0,0,0
653823,2020,6,5,"2020-06-05","01:27:00",3,"IA",19,0,1.5,0,0,0,0,42.73,-94.22,42.73,-94.22,0,0,0,0,0,91,0,0,0
653824,2020,6,5,"2020-06-05","01:40:00",3,"IA",19,0,1.25,0,0,0,0,42.72,-94.2,42.72,-94.2,0,0,0,0,0,91,0,0,0
653825,2020,6,5,"2020-06-05","03:33:00",3,"IA",19,0,1,0,0,0,0,41.04,-93.98,41.04,-93.98,0,0,0,0,0,39,0,0,0
653826,2020,6,5,"2020-06-05","11:25:00",3,"AR",5,0,0.88,0,0,0,0,35.75,-90.57,35.75,-90.57,0,0,0,0,0,31,0,0,0
653827,2020,6,5,"2020-06-05","12:43:00",3,"TN",47,0,0.88,0,0,0,0,35.04,-89.6351,35.04,-89.6351,0,0,0,0,0,47,0,0,0
653828,2020,6,5,"2020-06-05","13:05:00",3,"AR",5,0,1,0,0,0,0,35.267,-90.4944,35.267,-90.4944,0,0,0,0,0,35,0,0,0
653829,2020,6,5,"2020-06-05","13:24:00",3,"NY",36,0,1,0,0,0,0,42.71,-74.04,42.71,-74.04,0,0,0,0,0,1,0,0,0
653830,2020,6,5,"2020-06-05","13:25:00",3,"NY",36,0,1,0,0,0,0,42.71,-74.02,42.71,-74.02,0,0,0,0,0,1,0,0,0
653831,2020,6,5,"2020-06-05","13:25:00",3,"MS",28,0,0.75,0,0,0,0,34.6693,-88.5173,34.6693,-88.5173,0,0,0,0,0,117,0,0,0
653832,2020,6,5,"2020-06-05","14:05:00",3,"AR",5,0,1,0,0,0,0,34.72,-90.9,34.72,-90.9,0,0,0,0,0,77,0,0,0
653833,2020,6,5,"2020-06-05","14:55:00",3,"AL",1,0,0.88,0,0,0,0,34.7,-87.63,34.7,-87.63,0,0,0,0,0,33,0,0,0
653834,2020,6,5,"2020-06-05","15:40:00",3,"MS",28,0,1,0,0,0,0,33.65,-88.45,33.65,-88.45,0,0,0,0,0,87,0,0,0
653835,2020,6,5,"2020-06-05","16:02:00",3,"AR",5,0,1,0,0,0,0,34.72,-92.35,34.72,-92.35,0,0,0,0,0,119,0,0,0
653836,2020,6,5,"2020-06-05","16:04:00",3,"MS",28,0,1,0,0,0,0,33.49,-88.42,33.49,-88.42,0,0,0,0,0,87,0,0,0
653837,2020,6,5,"2020-06-05","16:08:00",3,"AR",5,0,1.75,0,0,0,0,34.72,-92.35,34.72,-92.35,0,0,0,0,0,119,0,0,0
653838,2020,6,5,"2020-06-05","17:10:00",3,"AR",5,0,1,0,0,0,0,34.65,-91.58,34.65,-91.58,0,0,0,0,0,117,0,0,0
653839,2020,6,5,"2020-06-05","18:09:00",3,"IA",19,0,1,0,0,0,0,41.29,-95.64,41.29,-95.64,0,0,0,0,0,155,0,0,0
653840,2020,6,5,"2020-06-05","18:13:00",3,"IA",19,0,1.25,0,0,0,0,41.3,-95.61,41.3,-95.61,0,0,0,0,0,155,0,0,0
653841,2020,6,5,"2020-06-05","18:37:00",3,"IA",19,0,2,0,0,0,0,41.23,-95.61,41.23,-95.61,0,0,0,0,0,155,0,0,0
653842,2020,6,5,"2020-06-05","18:40:00",3,"WY",56,0,2.75,0,0,0,0,42.96,-104.26,42.96,-104.26,0,0,0,0,0,27,0,0,0
653843,2020,6,5,"2020-06-05","18:40:00",3,"WY",56,0,1.5,0,0,0,0,43.1,-104.36,43.1,-104.36,0,0,0,0,0,27,0,0,0
653844,2020,6,5,"2020-06-05","18:52:00",3,"WY",56,0,1.75,0,0,0,0,42.9326,-104.1279,42.9326,-104.1279,0,0,0,0,0,27,0,0,0
653845,2020,6,5,"2020-06-05","19:15:00",3,"WY",56,0,2.75,0,0,0,0,42.94,-104.07,42.94,-104.07,0,0,0,0,0,27,0,0,0
653846,2020,6,5,"2020-06-05","19:35:00",3,"AR",5,0,1.75,0,0,0,0,33.1981,-92.5775,33.1981,-92.5775,0,0,0,0,0,139,0,0,0
653847,2020,6,5,"2020-06-05","20:44:00",3,"NE",31,0,2,0,0,0,0,42.77,-103.23,42.77,-103.23,0,0,0,0,0,45,0,0,0
653848,2020,6,5,"2020-06-05","20:45:00",3,"AR",5,0,0.88,0,0,0,0,34.83,-92.21,34.83,-92.21,0,0,0,0,0,119,0,0,0
653849,2020,6,5,"2020-06-05","21:35:00",3,"AR",5,0,0.88,0,0,0,0,34.65,-92.46,34.65,-92.46,0,0,0,0,0,125,0,0,0
653850,2020,6,5,"2020-06-05","21:40:00",3,"AR",5,0,1,0,0,0,0,34.33,-92.54,34.33,-92.54,0,0,0,0,0,53,0,0,0
653851,2020,6,5,"2020-06-05","22:32:00",3,"AR",5,0,1,0,0,0,0,34.24,-93.18,34.24,-93.18,0,0,0,0,0,19,0,0,0
653852,2020,6,6,"2020-06-06","02:25:00",3,"MT",30,0,1,0,0,0,0,48.57,-106.24,48.57,-106.24,0,0,0,0,0,105,0,0,0
653853,2020,6,6,"2020-06-06","05:27:00",3,"SD",46,0,0.88,0,0,0,0,43.08,-98.57,43.08,-98.57,0,0,0,0,0,23,0,0,0
653854,2020,6,6,"2020-06-06","05:29:00",3,"SD",46,0,1,0,0,0,0,43.06,-98.53,43.06,-98.53,0,0,0,0,0,23,0,0,0
653855,2020,6,6,"2020-06-06","07:45:00",3,"NE",31,0,1,0,0,0,250000,40.37,-99.89,40.39,-99.9,0,0,0,0,0,73,0,0,0
653856,2020,6,6,"2020-06-06","07:55:00",3,"ME",23,0,1,0,0,0,0,43.88,-70.9,43.88,-70.9,0,0,0,0,0,17,0,0,0
653857,2020,6,6,"2020-06-06","08:06:00",3,"NE",31,0,0.88,0,0,0,0,40.4998,-99.7737,40.4998,-99.7737,0,0,0,0,0,73,0,0,0
653858,2020,6,6,"2020-06-06","08:10:00",3,"ME",23,0,0.75,0,0,0,0,43.87,-70.8,43.87,-70.8,0,0,0,0,0,17,0,0,0
653859,2020,6,6,"2020-06-06","08:13:00",3,"ND",38,0,1,0,0,0,0,47.6,-101.42,47.6,-101.42,0,0,0,0,0,55,0,0,0
653860,2020,6,6,"2020-06-06","09:40:00",3,"UT",49,0,1,0,0,0,0,37.27,-109.92,37.27,-109.92,0,0,0,0,0,37,0,0,0
653861,2020,6,6,"2020-06-06","09:55:00",3,"UT",49,0,1.25,0,0,0,0,37.74,-109.76,37.74,-109.76,0,0,0,0,0,37,0,0,0
653862,2020,6,6,"2020-06-06","09:55:00",3,"UT",49,0,1.5,0,0,0,0,37.28,-109.56,37.28,-109.56,0,0,0,0,0,37,0,0,0
653863,2020,6,6,"2020-06-06","10:08:00",3,"UT",49,0,1,0,0,0,0,37.76,-111.6,37.76,-111.6,0,0,0,0,0,17,0,0,0
653864,2020,6,6,"2020-06-06","10:10:00",3,"UT",49,0,1.75,0,0,0,0,37.61,-109.48,37.61,-109.48,0,0,0,0,0,37,0,0,0
653865,2020,6,6,"2020-06-06","10:30:00",3,"UT",49,0,1.75,0,0,0,0,37.87,-109.32,37.87,-109.32,0,0,0,0,0,37,0,0,0
653866,2020,6,6,"2020-06-06","10:42:00",3,"NH",33,0,1,0,0,0,0,43.9307,-71.8893,43.9307,-71.8893,0,0,0,0,0,9,0,0,0
653867,2020,6,6,"2020-06-06","10:42:00",3,"UT",49,0,1.25,0,0,0,0,37.88,-109.35,37.88,-109.35,0,0,0,0,0,37,0,0,0
653868,2020,6,6,"2020-06-06","10:50:00",3,"CO",8,0,1,0,0,0,0,37.48,-108.55,37.48,-108.55,0,0,0,0,0,83,0,0,0
653869,2020,6,6,"2020-06-06","11:07:00",3,"ME",23,0,1,0,0,0,0,43.3,-70.7,43.3,-70.7,0,0,0,0,0,31,0,0,0
653870,2020,6,6,"2020-06-06","11:07:00",3,"NE",31,0,1.5,0,0,0,0,42.74,-98.63,42.74,-98.63,0,0,0,0,0,89,0,0,0
653871,2020,6,6,"2020-06-06","11:15:00",3,"NE",31,0,1.75,0,0,0,0,42.8,-98.64,42.8,-98.64,0,0,0,0,0,89,0,0,0
653872,2020,6,6,"2020-06-06","11:15:00",3,"UT",49,0,0.75,0,0,0,0,38.28,-111.2,38.28,-111.2,0,0,0,0,0,55,0,0,0
653873,2020,6,6,"2020-06-06","11:45:00",3,"UT",49,0,1,0,0,0,0,39.58,-109.39,39.58,-109.39,0,0,0,0,0,47,0,0,0
653874,2020,6,6,"2020-06-06","11:47:00",3,"NE",31,0,1.75,0,0,0,0,42.6439,-98.7703,42.6439,-98.7703,0,0,0,0,0,89,0,0,0
653875,2020,6,6,"2020-06-06","12:08:00",3,"SD",46,0,1,0,0,0,0,43.09,-98.43,43.09,-98.43,0,0,0,0,0,23,0,0,0
653876,2020,6,6,"2020-06-06","12:12:00",3,"SD",46,0,0.75,0,0,0,0,43.14,-98.41,43.14,-98.41,0,0,0,0,0,23,0,0,0
653877,2020,6,6,"2020-06-06","12:30:00",3,"NH",33,0,1.25,0,0,0,0,43.64,-71.02,43.64,-71.02,0,0,0,0,0,3,0,0,0
653878,2020,6,6,"2020-06-06","12:40:00",3,"ME",23,0,1,0,0,0,0,43.56,-70.86,43.56,-70.86,0,0,0,0,0,31,0,0,0
653879,2020,6,6,"2020-06-06","14:45:00",3,"ND",38,0,1,0,0,0,0,48.84,-100.42,48.84,-100.42,0,0,0,0,0,9,0,0,0
653880,2020,6,6,"2020-06-06","14:55:00",3,"CO",8,0,1,0,0,0,0,40.24,-108.77,40.24,-108.77,0,0,0,0,0,81,0,0,0
653881,2020,6,6,"2020-06-06","16:18:00",3,"WV",54,0,0.75,0,0,0,0,38.4,-82.29,38.4,-82.29,0,0,0,0,0,11,0,0,0
653882,2020,6,6,"2020-06-06","18:56:00",3,"MA",25,0,1,0,0,0,0,42.43,-71.5,42.43,-71.5,0,0,0,0,0,17,0,0,0
653883,2020,6,6,"2020-06-06","19:11:00",3,"MA",25,0,1,0,0,0,0,42.37,-71.4,42.37,-71.4,0,0,0,0,0,17,0,0,0
653884,2020,6,6,"2020-06-06","23:15:00",3,"ND",38,0,1.25,0,0,0,0,48.2,-101.31,48.2,-101.31,0,0,0,0,0,101,0,0,0
653885,2020,6,7,"2020-06-07","01:20:00",3,"ND",38,0,1,0,0,0,0,48.07,-97.18,48.07,-97.18,0,0,0,0,0,35,0,0,0
653886,2020,6,7,"2020-06-07","09:42:00",3,"UT",49,0,1.25,0,0,0,0,41.4,-112.04,41.4,-112.04,0,0,0,0,0,3,0,0,0
653887,2020,6,7,"2020-06-07","09:42:00",3,"UT",49,0,1.75,0,0,0,0,41.3,-112.07,41.3,-112.07,0,0,0,0,0,57,0,0,0
653888,2020,6,7,"2020-06-07","10:10:00",3,"UT",49,0,0.75,0,0,0,0,40.69,-112.01,40.69,-112.01,0,0,0,0,0,35,0,0,0
653889,2020,6,7,"2020-06-07","10:15:00",3,"UT",49,0,0.88,0,0,0,0,40.65,-112.01,40.65,-112.01,0,0,0,0,0,35,0,0,0
653890,2020,6,7,"2020-06-07","14:10:00",3,"MN",27,0,1,0,0,0,0,47.78,-96.46,47.78,-96.46,0,0,0,0,0,119,0,0,0
653891,2020,6,7,"2020-06-07","14:50:00",3,"MN",27,0,1.25,0,0,0,0,48.09,-96.1,48.09,-96.1,0,0,0,0,0,113,0,0,0
653892,2020,6,7,"2020-06-07","15:05:00",3,"MN",27,0,1.75,0,0,0,0,48.15,-96.06,48.15,-96.06,0,0,0,0,0,113,0,0,0
653893,2020,6,7,"2020-06-07","15:13:00",3,"MT",30,0,0.88,0,0,0,0,45.77,-108.52,45.77,-108.52,0,0,0,0,0,111,0,0,0
653894,2020,6,7,"2020-06-07","15:25:00",3,"MN",27,0,1,0,0,0,0,48.22,-96.09,48.22,-96.09,0,0,0,0,0,89,0,0,0
653895,2020,6,7,"2020-06-07","15:35:00",3,"MN",27,0,1,0,0,0,0,48.55,-96.3,48.55,-96.3,0,0,0,0,0,135,0,0,0
653896,2020,6,7,"2020-06-07","15:59:00",3,"MN",27,0,0.75,0,0,0,0,48.7,-96.18,48.7,-96.18,0,0,0,0,0,135,0,0,0
653897,2020,6,7,"2020-06-07","16:00:00",3,"SD",46,0,1.25,0,0,0,0,44.35,-100.05,44.35,-100.05,0,0,0,0,0,65,0,0,0
653898,2020,6,7,"2020-06-07","16:15:00",3,"SD",46,0,1,0,0,0,0,43.5409,-100.5365,43.5409,-100.5365,0,0,0,0,0,95,0,0,0
653899,2020,6,7,"2020-06-07","16:16:00",3,"SD",46,0,1.5,0,0,0,0,44.52,-100.01,44.52,-100.01,0,0,0,0,0,65,0,0,0
653900,2020,6,7,"2020-06-07","16:20:00",3,"MN",27,0,1.5,0,0,0,0,48.52,-96.92,48.52,-96.92,0,0,0,0,0,89,0,0,0
653901,2020,6,7,"2020-06-07","16:20:00",3,"SD",46,0,1,0,0,0,0,43.31,-100.7396,43.31,-100.7396,0,0,0,0,0,121,0,0,0
653902,2020,6,7,"2020-06-07","16:25:00",3,"MN",27,0,1,0,0,0,0,48.67,-96.61,48.67,-96.61,0,0,0,0,0,69,0,0,0
653903,2020,6,7,"2020-06-07","16:30:00",3,"MN",27,0,0.88,0,0,0,0,47.3,-96.47,47.3,-96.47,0,0,0,0,0,107,0,0,0
653904,2020,6,7,"2020-06-07","16:35:00",3,"MN",27,0,1.5,0,0,0,0,47.15,-96.39,47.15,-96.39,0,0,0,0,0,27,0,0,0
653905,2020,6,7,"2020-06-07","16:35:00",3,"ND",38,0,1.25,0,0,0,0,48.29,-97.37,48.29,-97.37,0,0,0,0,0,99,0,0,0
653906,2020,6,7,"2020-06-07","16:40:00",3,"ND",38,0,1.75,0,0,0,0,48.29,-97.37,48.29,-97.37,0,0,0,0,0,99,0,0,0
653907,2020,6,7,"2020-06-07","16:46:00",3,"SD",46,0,1,0,0,0,0,45.77,-99.71,45.77,-99.71,0,0,0,0,0,89,0,0,0
653908,2020,6,7,"2020-06-07","16:50:00",3,"SD",46,0,1.25,0,0,0,0,44.97,-99.8,44.97,-99.8,0,0,0,0,0,107,0,0,0
653909,2020,6,7,"2020-06-07","16:50:00",3,"SD",46,0,1,0,0,0,0,43.33,-101.24,43.33,-101.24,0,0,0,0,0,7,0,0,0
653910,2020,6,7,"2020-06-07","16:52:00",3,"MN",27,0,1,0,0,0,0,47.27,-96.22,47.27,-96.22,0,0,0,0,0,107,0,0,0
653911,2020,6,7,"2020-06-07","16:54:00",3,"SD",46,0,1,0,0,0,0,43.3609,-101.0763,43.3609,-101.0763,0,0,0,0,0,121,0,0,0
653912,2020,6,7,"2020-06-07","16:59:00",3,"SD",46,0,1.5,0,0,0,0,45.92,-99.68,45.92,-99.68,0,0,0,0,0,89,0,0,0
653913,2020,6,7,"2020-06-07","17:00:00",3,"ND",38,0,1.5,0,0,0,0,48.59,-97.18,48.59,-97.18,0,0,0,0,0,67,0,0,0
653914,2020,6,7,"2020-06-07","17:13:00",3,"SD",46,0,1,0,0,0,0,43.78,-100.54,43.78,-100.54,0,0,0,0,0,75,0,0,0
653915,2020,6,7,"2020-06-07","17:15:00",3,"SD",46,0,1.75,0,0,0,0,45.5,-99.88,45.5,-99.88,0,0,0,0,0,129,0,0,0
653916,2020,6,7,"2020-06-07","17:17:00",3,"SD",46,0,1,0,0,0,0,43.57,-100.8299,43.57,-100.8299,0,0,0,0,0,95,0,0,0
653917,2020,6,7,"2020-06-07","17:19:00",3,"SD",46,0,1,0,0,0,0,45.92,-99.68,45.92,-99.68,0,0,0,0,0,89,0,0,0
653918,2020,6,7,"2020-06-07","17:24:00",3,"SD",46,0,1,0,0,0,0,45.39,-99.88,45.39,-99.88,0,0,0,0,0,129,0,0,0
653919,2020,6,7,"2020-06-07","17:30:00",3,"MN",27,0,0.75,0,0,0,0,48.77,-96.94,48.77,-96.94,0,0,0,0,0,69,0,0,0
653920,2020,6,7,"2020-06-07","17:30:00",3,"ND",38,0,1.75,0,0,0,0,46.04,-99.46,46.04,-99.46,0,0,0,0,0,51,0,0,0
653921,2020,6,7,"2020-06-07","17:30:00",3,"ND",38,0,2.5,0,0,0,0,46,-99.55,46,-99.55,0,0,0,0,0,51,0,0,0
653922,2020,6,7,"2020-06-07","17:30:00",3,"MN",27,0,1,0,0,0,0,48.98,-96.47,48.98,-96.47,0,0,0,0,0,69,0,0,0
653923,2020,6,7,"2020-06-07","17:39:00",3,"SD",46,0,0.75,0,0,0,0,45.77,-99.63,45.77,-99.63,0,0,0,0,0,89,0,0,0
653924,2020,6,7,"2020-06-07","17:42:00",3,"SD",46,0,1.75,0,0,0,0,45.63,-99.86,45.63,-99.86,0,0,0,0,0,21,0,0,0
653925,2020,6,7,"2020-06-07","17:45:00",3,"SD",46,0,1,0,0,0,0,43.58,-100.59,43.58,-100.59,0,0,0,0,0,95,0,0,0
653926,2020,6,7,"2020-06-07","17:55:00",3,"MN",27,0,1,0,0,0,0,48.96,-96.8,48.96,-96.8,0,0,0,0,0,69,0,0,0
653927,2020,6,7,"2020-06-07","17:59:00",3,"SD",46,0,1,0,0,0,0,43.71,-102.37,43.71,-102.37,0,0,0,0,0,103,0,0,0
653928,2020,6,7,"2020-06-07","18:00:00",3,"MN",27,0,1.25,0,0,0,0,48.21,-96.97,48.21,-96.97,0,0,0,0,0,89,0,0,0
653929,2020,6,7,"2020-06-07","18:02:00",3,"ND",38,0,1,0,0,0,0,46.67,-99.92,46.67,-99.92,0,0,0,0,0,43,0,0,0
653930,2020,6,7,"2020-06-07","18:03:00",3,"ND",38,0,1,0,0,0,0,48.81,-97.25,48.81,-97.25,0,0,0,0,0,67,0,0,0
653931,2020,6,7,"2020-06-07","18:06:00",3,"ND",38,0,1.75,0,0,0,0,46.64,-99.76,46.64,-99.76,0,0,0,0,0,43,0,0,0
653932,2020,6,7,"2020-06-07","18:07:00",3,"SD",46,0,1,0,0,0,0,45.31,-99.66,45.31,-99.66,0,0,0,0,0,45,0,0,0
653933,2020,6,7,"2020-06-07","18:17:00",3,"MN",27,0,1,0,0,0,0,48.42,-96.86,48.42,-96.86,0,0,0,0,0,89,0,0,0
653934,2020,6,7,"2020-06-07","18:20:00",3,"NE",31,0,1.75,0,0,0,0,42.74,-101.45,42.74,-101.45,0,0,0,0,0,31,0,0,0
653935,2020,6,7,"2020-06-07","18:20:00",3,"ND",38,0,1.75,0,0,0,0,46.12,-99.83,46.12,-99.83,0,0,0,0,0,51,0,0,0
653936,2020,6,7,"2020-06-07","18:22:00",3,"ND",38,0,1.25,0,0,0,0,47.78,-99.14,47.78,-99.14,0,0,0,0,0,27,0,0,0
653937,2020,6,7,"2020-06-07","18:28:00",3,"ND",38,0,1.75,0,0,0,0,46.7,-99.75,46.7,-99.75,0,0,0,0,0,43,0,0,0
653938,2020,6,7,"2020-06-07","18:28:00",3,"ND",38,0,1.75,0,0,0,0,46.71,-99.75,46.71,-99.75,0,0,0,0,0,43,0,0,0
653939,2020,6,7,"2020-06-07","18:30:00",3,"ND",38,0,0.88,0,0,0,0,48.62,-97.45,48.62,-97.45,0,0,0,0,0,67,0,0,0
653940,2020,6,7,"2020-06-07","18:35:00",3,"SD",46,0,1,0,0,0,0,44.02,-101.93,44.02,-101.93,0,0,0,0,0,55,0,0,0
653941,2020,6,7,"2020-06-07","18:35:00",3,"ND",38,0,1,0,0,0,0,48.07,-97.18,48.07,-97.18,0,0,0,0,0,35,0,0,0
653942,2020,6,7,"2020-06-07","18:40:00",3,"SD",46,0,1.5,0,0,0,0,44,-100.29,44,-100.29,0,0,0,0,0,85,0,0,0
653943,2020,6,7,"2020-06-07","18:44:00",3,"MN",27,0,1.25,0,0,0,0,48.67,-96.61,48.67,-96.61,0,0,0,0,0,69,0,0,0
653944,2020,6,7,"2020-06-07","18:45:00",3,"ND",38,0,1.5,0,0,0,0,48.68,-97.45,48.68,-97.45,0,0,0,0,0,67,0,0,0
653945,2020,6,7,"2020-06-07","18:50:00",3,"SD",46,0,1.5,0,0,0,0,45.48,-99.68,45.48,-99.68,0,0,0,0,0,45,0,0,0
653946,2020,6,7,"2020-06-07","18:50:00",3,"SD",46,0,1,0,0,0,0,44.04,-100.27,44.04,-100.27,0,0,0,0,0,85,0,0,0
653947,2020,6,7,"2020-06-07","18:50:00",3,"ND",38,0,1,0,0,0,0,47.67,-98.82,47.67,-98.82,0,0,0,0,0,27,0,0,0
653948,2020,6,7,"2020-06-07","18:50:00",3,"MT",30,0,0.88,0,0,0,0,46.14,-104.74,46.14,-104.74,0,0,0,0,0,25,0,0,0
653949,2020,6,7,"2020-06-07","19:03:00",3,"MT",30,0,1.75,0,0,0,0,45.9,-104.65,45.9,-104.65,0,0,0,0,0,11,0,0,0
653950,2020,6,7,"2020-06-07","19:06:00",3,"ND",38,0,2,0,0,0,0,47.67,-99.1,47.67,-99.1,0,0,0,0,0,27,0,0,0
653951,2020,6,7,"2020-06-07","19:06:00",3,"ND",38,0,1,0,0,0,0,46.35,-102.52,46.35,-102.52,0,0,0,0,0,41,0,0,0
653952,2020,6,7,"2020-06-07","19:07:00",3,"ND",38,0,1.25,0,0,0,0,47.57,-99.15,47.57,-99.15,0,0,0,0,0,31,0,0,0
653953,2020,6,7,"2020-06-07","19:08:00",3,"ND",38,0,1,0,0,0,0,46.37,-102.32,46.37,-102.32,0,0,0,0,0,41,0,0,0
653954,2020,6,7,"2020-06-07","19:10:00",3,"ND",38,0,1.25,0,0,0,0,48.35,-97.17,48.35,-97.17,0,0,0,0,0,99,0,0,0
653955,2020,6,7,"2020-06-07","19:10:00",3,"SD",46,0,1.75,0,0,0,0,43.01,-101.25,43.01,-101.25,0,0,0,0,0,7,0,0,0
653956,2020,6,7,"2020-06-07","19:11:00",3,"NE",31,0,2.5,0,0,0,0,42.97,-101.25,42.97,-101.25,0,0,0,0,0,31,0,0,0
653957,2020,6,7,"2020-06-07","19:15:00",3,"SD",46,0,1.75,0,0,0,0,44.17,-101.17,44.17,-101.17,0,0,0,0,0,55,0,0,0
653958,2020,6,7,"2020-06-07","19:18:00",3,"NE",31,0,2,0,0,0,0,42.94,-101.25,42.94,-101.25,0,0,0,0,0,31,0,0,0
653959,2020,6,7,"2020-06-07","19:20:00",3,"ND",38,0,1.75,0,0,0,0,47.68,-99.03,47.68,-99.03,0,0,0,0,0,27,0,0,0
653960,2020,6,7,"2020-06-07","19:21:00",3,"NE",31,0,2,0,0,0,0,42.86,-101.24,42.86,-101.24,0,0,0,0,0,31,0,0,0
653961,2020,6,7,"2020-06-07","19:22:00",3,"MN",27,0,1.25,0,0,0,0,48.45,-97.01,48.45,-97.01,0,0,0,0,0,89,0,0,0
653962,2020,6,7,"2020-06-07","19:23:00",3,"SD",46,0,1.5,0,0,0,0,44.25,-101.06,44.25,-101.06,0,0,0,0,0,117,0,0,0
653963,2020,6,7,"2020-06-07","19:27:00",3,"SD",46,0,1.75,0,0,0,0,44.9,-99.27,44.9,-99.27,0,0,0,0,0,49,0,0,0
653964,2020,6,7,"2020-06-07","19:32:00",3,"SD",46,0,1,0,0,0,0,44.75,-100.49,44.75,-100.49,0,0,0,0,0,119,0,0,0
653965,2020,6,7,"2020-06-07","19:35:00",3,"SD",46,0,1.25,0,0,0,0,44.33,-100.01,44.33,-100.01,0,0,0,0,0,65,0,0,0
653966,2020,6,7,"2020-06-07","19:40:00",3,"SD",46,0,1.5,0,0,0,0,44.51,-99.45,44.51,-99.45,0,0,0,0,0,69,0,0,0
653967,2020,6,7,"2020-06-07","19:40:00",3,"SD",46,0,1.5,0,0,0,0,44.52,-99.44,44.52,-99.44,0,0,0,0,0,69,0,0,0
653968,2020,6,7,"2020-06-07","19:40:00",3,"SD",46,0,1.75,0,0,0,0,44.48,-99.44,44.48,-99.44,0,0,0,0,0,69,0,0,0
653969,2020,6,7,"2020-06-07","19:45:00",3,"ND",38,0,1,0,0,0,0,48.88,-97.47,48.88,-97.47,0,0,0,0,0,67,0,0,0
653970,2020,6,7,"2020-06-07","19:50:00",3,"ND",38,0,1.5,0,0,0,0,48.25,-98.29,48.25,-98.29,0,0,0,0,0,71,0,0,0
653971,2020,6,7,"2020-06-07","19:54:00",3,"MT",30,0,0.75,0,0,0,0,46.42,-104.17,46.42,-104.17,0,0,0,0,0,25,0,0,0
653972,2020,6,7,"2020-06-07","19:59:00",3,"SD",46,0,1.25,0,0,0,0,44.69,-99.23,44.69,-99.23,0,0,0,0,0,59,0,0,0
653973,2020,6,7,"2020-06-07","20:40:00",3,"ND",38,0,1.25,0,0,0,0,46.86,-101.37,46.86,-101.37,0,0,0,0,0,59,0,0,0
653974,2020,6,7,"2020-06-07","21:04:00",3,"SD",46,0,1,0,0,0,0,43.81,-100.34,43.81,-100.34,0,0,0,0,0,75,0,0,0
653975,2020,6,7,"2020-06-07","21:11:00",3,"ND",38,0,1,0,0,0,0,46.99,-101.03,46.99,-101.03,0,0,0,0,0,65,0,0,0
653976,2020,6,7,"2020-06-07","21:23:00",3,"SD",46,0,1.75,0,0,0,0,44.87,-99.33,44.87,-99.33,0,0,0,0,0,69,0,0,0
653977,2020,6,7,"2020-06-07","23:30:00",3,"ND",38,0,1,0,0,0,0,46.36,-98.29,46.36,-98.29,0,0,0,0,0,45,0,0,0
653978,2020,6,8,"2020-06-08","14:02:00",3,"ND",38,0,1,0,0,0,0,48.4,-97.4,48.4,-97.4,0,0,0,0,0,99,0,0,0
653979,2020,6,8,"2020-06-08","14:30:00",3,"ND",38,0,1,0,0,0,0,48.45,-97.74,48.45,-97.74,0,0,0,0,0,99,0,0,0
653980,2020,6,8,"2020-06-08","14:40:00",3,"MN",27,0,2,0,0,0,0,48.64,-96.91,48.64,-96.91,0,0,0,0,0,69,0,0,0
653981,2020,6,8,"2020-06-08","15:01:00",3,"MN",27,0,3,0,0,0,0,48.73,-96.66,48.73,-96.66,0,0,0,0,0,69,0,0,0
653982,2020,6,8,"2020-06-08","15:30:00",3,"MN",27,0,1.25,0,0,0,0,48.98,-96.45,48.98,-96.45,0,0,0,0,0,69,0,0,0
653983,2020,6,8,"2020-06-08","16:13:00",3,"ND",38,0,1,0,0,0,0,47.94,-97.46,47.94,-97.46,0,0,0,0,0,35,0,0,0
653984,2020,6,8,"2020-06-08","16:15:00",3,"ND",38,0,1.25,0,0,0,0,47.92,-97.49,47.92,-97.49,0,0,0,0,0,35,0,0,0
653985,2020,6,8,"2020-06-08","16:24:00",3,"ND",38,0,1.75,0,0,0,0,47.92,-97.45,47.92,-97.45,0,0,0,0,0,35,0,0,0
653986,2020,6,8,"2020-06-08","16:45:00",3,"ND",38,0,1,0,0,0,0,48.09,-97.21,48.09,-97.21,0,0,0,0,0,35,0,0,0
653987,2020,6,8,"2020-06-08","17:02:00",3,"MN",27,0,1,0,0,0,0,48.12,-97,48.12,-97,0,0,0,0,0,119,0,0,0
653988,2020,6,8,"2020-06-08","17:31:00",3,"NE",31,0,1,0,0,0,0,41.58,-100.19,41.58,-100.19,0,0,0,0,0,41,0,0,0
653989,2020,6,8,"2020-06-08","17:34:00",3,"NE",31,0,1.25,0,0,0,0,41.48,-100.19,41.48,-100.19,0,0,0,0,0,41,0,0,0
653990,2020,6,8,"2020-06-08","17:35:00",3,"NE",31,0,1.5,0,0,0,0,41.47,-100.2,41.47,-100.2,0,0,0,0,0,41,0,0,0
653991,2020,6,8,"2020-06-08","17:36:00",3,"NE",31,0,1.25,0,0,0,0,41.48,-100.2,41.48,-100.2,0,0,0,0,0,41,0,0,0
653992,2020,6,8,"2020-06-08","17:55:00",3,"NE",31,0,1,0,0,0,0,42.34,-99.51,42.34,-99.51,0,0,0,0,0,149,0,0,0
653993,2020,6,8,"2020-06-08","17:55:00",3,"NE",31,0,1.75,0,0,0,0,41.08,-100.53,41.08,-100.53,0,0,0,0,0,111,0,0,0
653994,2020,6,8,"2020-06-08","18:07:00",3,"NE",31,0,1,0,0,0,0,41.67,-100.19,41.67,-100.19,0,0,0,0,0,41,0,0,0
653995,2020,6,8,"2020-06-08","18:25:00",3,"NE",31,0,1,0,0,0,0,41.98,-100.57,41.98,-100.57,0,0,0,0,0,171,0,0,0
653996,2020,6,8,"2020-06-08","18:26:00",3,"NE",31,0,1,0,0,0,0,41.98,-100.57,41.98,-100.57,0,0,0,0,0,171,0,0,0
653997,2020,6,8,"2020-06-08","18:43:00",3,"CO",8,0,0.88,0,0,0,0,40.07,-105.91,40.07,-105.91,0,0,0,0,0,49,0,0,0
653998,2020,6,8,"2020-06-08","18:55:00",3,"NE",31,0,4.25,0,0,0,0,42.33,-99.25,42.33,-99.25,0,0,0,0,0,149,0,0,0
653999,2020,6,8,"2020-06-08","19:00:00",3,"NE",31,0,1.75,0,0,0,0,42.4,-99.29,42.4,-99.29,0,0,0,0,0,149,0,0,0
654000,2020,6,8,"2020-06-08","19:05:00",3,"NE",31,0,1.75,0,0,0,0,42.52,-99.25,42.52,-99.25,0,0,0,0,0,149,0,0,0
654001,2020,6,8,"2020-06-08","19:15:00",3,"NE",31,0,2.5,0,0,0,0,41.2,-100.63,41.2,-100.63,0,0,0,0,0,111,0,0,0
654002,2020,6,8,"2020-06-08","19:18:00",3,"MN",27,0,1.25,0,0,0,0,48.59,-95.46,48.59,-95.46,0,0,0,0,0,135,0,0,0
654003,2020,6,8,"2020-06-08","19:20:00",3,"NE",31,0,1.75,0,0,0,0,42.48,-99.05,42.48,-99.05,0,0,0,0,0,89,0,0,0
654004,2020,6,8,"2020-06-08","19:32:00",3,"NE",31,0,1.75,0,0,0,0,42.57,-99.06,42.57,-99.06,0,0,0,0,0,89,0,0,0
654005,2020,6,8,"2020-06-08","19:34:00",3,"NE",31,0,1,0,0,0,0,42.5,-99.02,42.5,-99.02,0,0,0,0,0,89,0,0,0
654006,2020,6,8,"2020-06-08","19:45:00",3,"NE",31,0,1.5,0,0,0,0,41.45,-100.45,41.45,-100.45,0,0,0,0,0,113,0,0,0
654007,2020,6,8,"2020-06-08","19:45:00",3,"NE",31,0,1.5,0,0,0,0,42.21,-99.65,42.21,-99.65,0,0,0,0,0,149,0,0,0
654008,2020,6,8,"2020-06-08","19:50:00",3,"MN",27,0,1.75,0,0,0,0,48.61,-95.18,48.61,-95.18,0,0,0,0,0,77,0,0,0
654009,2020,6,8,"2020-06-08","19:52:00",3,"NE",31,0,1.75,0,0,0,0,42.23,-99.53,42.23,-99.53,0,0,0,0,0,149,0,0,0
654010,2020,6,8,"2020-06-08","20:06:00",3,"NE",31,0,1.75,0,0,0,0,42.23,-99.53,42.23,-99.53,0,0,0,0,0,149,0,0,0
654011,2020,6,8,"2020-06-08","20:15:00",3,"MN",27,0,2,0,0,0,0,48.74,-94.84,48.74,-94.84,0,0,0,0,0,77,0,0,0
654012,2020,6,8,"2020-06-08","20:33:00",3,"MN",27,0,1.75,0,0,0,0,48.59,-95.78,48.59,-95.78,0,0,0,0,0,135,0,0,0
654013,2020,6,8,"2020-06-08","20:43:00",3,"SD",46,0,1,0,0,0,0,43.02,-98.43,43.02,-98.43,0,0,0,0,0,23,0,0,0
654014,2020,6,8,"2020-06-08","20:45:00",3,"NE",31,0,1.75,0,0,0,0,41.93,-99.91,41.93,-99.91,0,0,0,0,0,9,0,0,0
654015,2020,6,8,"2020-06-08","20:50:00",3,"SD",46,0,2.5,0,0,0,1e+05,43.08,-98.34,43.08,-98.34,0,0,0,0,0,23,0,0,0
654016,2020,6,8,"2020-06-08","20:52:00",3,"CO",8,0,0.75,0,0,0,0,40.4,-105.03,40.4,-105.03,0,0,0,0,0,69,0,0,0
654017,2020,6,8,"2020-06-08","20:52:00",3,"SD",46,0,2,0,0,0,0,43.08,-98.3,43.08,-98.3,0,0,0,0,0,23,0,0,0
654018,2020,6,8,"2020-06-08","20:53:00",3,"NE",31,0,1.75,0,0,0,0,42.53,-99,42.53,-99,0,0,0,0,0,89,0,0,0
654019,2020,6,8,"2020-06-08","20:53:00",3,"SD",46,0,2,0,0,0,0,43.08,-98.3,43.08,-98.3,0,0,0,0,0,23,0,0,0
654020,2020,6,8,"2020-06-08","20:55:00",3,"MN",27,0,1,0,0,0,0,48.8,-95.61,48.8,-95.61,0,0,0,0,0,135,0,0,0
654021,2020,6,8,"2020-06-08","20:58:00",3,"CO",8,0,0.75,0,0,0,0,40.39,-104.98,40.39,-104.98,0,0,0,0,0,69,0,0,0
654022,2020,6,8,"2020-06-08","20:58:00",3,"SD",46,0,2.5,0,0,0,195000,43.05,-98.34,43.05,-98.34,0,0,0,0,0,23,0,0,0
654023,2020,6,8,"2020-06-08","21:00:00",3,"NE",31,0,1,0,0,0,0,41.44,-100.64,41.44,-100.64,0,0,0,0,0,113,0,0,0
654024,2020,6,8,"2020-06-08","21:00:00",3,"NE",31,0,1.5,0,0,0,0,42.83,-98.69,42.83,-98.69,0,0,0,0,0,15,0,0,0
654025,2020,6,8,"2020-06-08","21:00:00",3,"SD",46,0,1.75,0,0,0,375000,43.63,-98.05,43.63,-98.05,0,0,0,0,0,35,0,0,0
654026,2020,6,8,"2020-06-08","21:05:00",3,"CO",8,0,0.75,0,0,0,0,40.46,-104.95,40.46,-104.95,0,0,0,0,0,69,0,0,0
654027,2020,6,8,"2020-06-08","21:07:00",3,"CO",8,0,0.88,0,0,0,0,40.48,-104.91,40.48,-104.91,0,0,0,0,0,123,0,0,0
654028,2020,6,8,"2020-06-08","21:10:00",3,"CO",8,0,1,0,0,0,0,40.53,-104.98,40.53,-104.98,0,0,0,0,0,69,0,0,0
654029,2020,6,8,"2020-06-08","21:12:00",3,"SD",46,0,1.25,0,0,0,0,43.21,-98.19,43.21,-98.19,0,0,0,0,0,23,0,0,0
654030,2020,6,8,"2020-06-08","21:25:00",3,"NE",31,0,1.75,0,0,0,0,42.19,-99.58,42.19,-99.58,0,0,0,0,0,149,0,0,0
654031,2020,6,8,"2020-06-08","21:44:00",3,"NE",31,0,1.75,0,0,0,0,42.91,-98.57,42.91,-98.57,0,0,0,0,0,15,0,0,0
654032,2020,6,8,"2020-06-08","22:03:00",3,"SD",46,0,1.75,0,0,5000,0,43.08,-98.32,43.08,-98.32,0,0,0,0,0,23,0,0,0
654033,2020,6,8,"2020-06-08","22:04:00",3,"SD",46,0,1,0,0,0,0,44.01,-97.79,44.01,-97.79,0,0,0,0,0,97,0,0,0
654034,2020,6,8,"2020-06-08","22:08:00",3,"CO",8,0,0.75,0,0,0,0,40.52,-105,40.52,-105,0,0,0,0,0,69,0,0,0
654035,2020,6,8,"2020-06-08","22:10:00",3,"NE",31,0,1,0,0,0,0,42.68,-98.97,42.68,-98.97,0,0,0,0,0,89,0,0,0
654036,2020,6,8,"2020-06-08","22:10:00",3,"CO",8,0,0.88,0,0,0,0,40.48,-105.04,40.48,-105.04,0,0,0,0,0,69,0,0,0
654037,2020,6,8,"2020-06-08","22:12:00",3,"CO",8,0,0.75,0,0,0,0,40.56,-105.11,40.56,-105.11,0,0,0,0,0,69,0,0,0
654038,2020,6,8,"2020-06-08","22:28:00",3,"SD",46,0,1,0,0,0,11000,43.24,-98.14,43.24,-98.14,0,0,0,0,0,43,0,0,0
654039,2020,6,8,"2020-06-08","22:37:00",3,"CO",8,0,0.75,0,0,0,0,40.13,-105.11,40.13,-105.11,0,0,0,0,0,13,0,0,0
654040,2020,6,8,"2020-06-08","22:50:00",3,"CO",8,0,1,0,0,0,0,40.63,-103.21,40.63,-103.21,0,0,0,0,0,75,0,0,0
654041,2020,6,8,"2020-06-08","23:38:00",3,"MN",27,0,1.25,0,0,0,0,46.26,-95.51,46.26,-95.51,0,0,0,0,0,111,0,0,0
654042,2020,6,9,"2020-06-09","00:30:00",3,"MN",27,0,1,0,0,0,0,46.61,-95.03,46.61,-95.03,0,0,0,0,0,159,0,0,0
654043,2020,6,9,"2020-06-09","15:01:00",3,"NE",31,0,1,0,0,0,0,40.53,-97.58,40.53,-97.58,0,0,0,0,0,59,0,0,0
654044,2020,6,9,"2020-06-09","15:40:00",3,"NE",31,0,1,0,0,0,0,40.78,-97.8,40.78,-97.8,0,0,0,0,0,185,0,0,0
654045,2020,6,9,"2020-06-09","15:44:00",3,"NE",31,0,2,0,0,25000,750000,40.8834,-97.8927,40.83,-97.84,0,0,0,0,0,81,0,0,0
654046,2020,6,9,"2020-06-09","16:28:00",3,"SD",46,0,1.75,0,0,0,514000,43.08,-97.36,43.08,-97.36,0,0,0,0,0,135,0,0,0
654047,2020,6,9,"2020-06-09","16:51:00",3,"SD",46,0,0.75,0,0,0,2e+05,43.1782,-97.1187,43.2004,-97.0878,0,0,0,0,0,125,0,0,0
654048,2020,6,9,"2020-06-09","17:15:00",3,"NE",31,0,1,0,0,0,0,40.27,-97.2,40.27,-97.2,0,0,0,0,0,95,0,0,0
654049,2020,6,9,"2020-06-09","17:23:00",3,"NE",31,0,1,0,0,0,0,40.15,-97.17,40.15,-97.17,0,0,0,0,0,95,0,0,0
654050,2020,6,9,"2020-06-09","17:31:00",3,"KS",20,0,1,0,0,0,0,39.87,-96.26,39.87,-96.26,0,0,0,0,0,117,0,0,0
654051,2020,6,9,"2020-06-09","17:33:00",3,"KS",20,0,1,0,0,0,0,39.87,-96.25,39.87,-96.25,0,0,0,0,0,117,0,0,0
654052,2020,6,9,"2020-06-09","17:55:00",3,"NE",31,0,1,0,0,0,0,40.47,-96.93,40.47,-96.93,0,0,0,0,0,151,0,0,0
654053,2020,6,9,"2020-06-09","18:22:00",3,"NE",31,0,1.25,0,0,0,0,40.11,-96.16,40.11,-96.16,0,0,0,0,0,133,0,0,0
654054,2020,6,9,"2020-06-09","18:27:00",3,"NE",31,0,1.75,0,0,0,0,40.18,-96.09,40.18,-96.09,0,0,0,0,0,133,0,0,0
654055,2020,6,9,"2020-06-09","19:00:00",3,"NE",31,0,1.5,0,0,0,0,40.23,-95.64,40.23,-95.64,0,0,0,0,0,147,0,0,0
654056,2020,6,9,"2020-06-09","19:16:00",3,"MO",29,0,1,0,0,0,0,40.4,-95.62,40.4,-95.62,0,0,0,0,0,5,0,0,0
654057,2020,6,9,"2020-06-09","19:29:00",3,"TX",48,0,1,0,0,0,0,32.9597,-94.708,32.9597,-94.708,0,0,0,0,0,343,0,0,0
654058,2020,6,9,"2020-06-09","19:41:00",3,"TX",48,0,1,0,0,0,0,32.7937,-94.8276,32.7937,-94.8276,0,0,0,0,0,459,0,0,0
654059,2020,6,9,"2020-06-09","20:17:00",3,"AR",5,0,0.75,0,0,0,0,33.7203,-93.5891,33.7203,-93.5891,0,0,0,0,0,57,0,0,0
655492,2020,7,10,"2020-07-10","00:42:00",3,"SD",46,0,1,0,0,0,0,43.7188,-103.6708,43.7188,-103.6708,0,0,0,0,0,33,0,0,0
655493,2020,7,10,"2020-07-10","00:45:00",3,"SD",46,0,1,0,0,0,0,43.7393,-103.6425,43.7393,-103.6425,0,0,0,0,0,33,0,0,0
655494,2020,7,10,"2020-07-10","10:15:00",3,"SD",46,0,0.88,0,0,0,0,43.2434,-100.8424,43.2434,-100.8424,0,0,0,0,0,121,0,0,0
655495,2020,7,10,"2020-07-10","10:35:00",3,"SD",46,0,1.5,0,0,0,0,43.09,-100.53,43.09,-100.53,0,0,0,0,0,121,0,0,0
655496,2020,7,10,"2020-07-10","10:45:00",3,"SD",46,0,1.25,0,0,0,0,43.06,-100.51,43.06,-100.51,0,0,0,0,0,121,0,0,0
655497,2020,7,10,"2020-07-10","12:55:00",3,"NE",31,0,1,0,0,0,0,42.53,-100.87,42.53,-100.87,0,0,0,0,0,31,0,0,0
655498,2020,7,10,"2020-07-10","13:00:00",3,"OH",39,0,0.75,0,0,0,0,40.07,-82.64,40.07,-82.64,0,0,0,0,0,89,0,0,0
655499,2020,7,10,"2020-07-10","13:15:00",3,"NE",31,0,2,0,0,0,0,42.36,-100.87,42.36,-100.87,0,0,0,0,0,31,0,0,0
655500,2020,7,10,"2020-07-10","13:20:00",3,"MT",30,0,0.88,0,0,0,0,45.25,-105.32,45.25,-105.32,0,0,0,0,0,75,0,0,0
655501,2020,7,10,"2020-07-10","14:10:00",3,"NE",31,0,1,0,0,0,0,42.09,-100.29,42.09,-100.29,0,0,0,0,0,31,0,0,0
655502,2020,7,10,"2020-07-10","14:12:00",3,"MT",30,0,1,0,0,0,0,46.59,-104.08,46.59,-104.08,0,0,0,0,0,25,0,0,0
655503,2020,7,10,"2020-07-10","14:24:00",3,"MT",30,0,1,0,0,0,0,45.11,-104.64,45.11,-104.64,0,0,0,0,0,11,0,0,0
655504,2020,7,10,"2020-07-10","14:26:00",3,"ND",38,0,0.88,0,0,0,0,46.74,-103.99,46.74,-103.99,0,0,0,0,0,33,0,0,0
655505,2020,7,10,"2020-07-10","14:30:00",3,"WY",56,0,0.75,0,0,0,0,44.7807,-104.8732,44.7807,-104.8732,0,0,0,0,0,11,0,0,0
655506,2020,7,10,"2020-07-10","14:45:00",3,"NE",31,0,1.75,0,0,0,0,41.8,-100.06,41.8,-100.06,0,0,0,0,0,9,0,0,0
655507,2020,7,10,"2020-07-10","14:45:00",3,"WY",56,0,1,0,0,0,0,44.95,-104.38,44.95,-104.38,0,0,0,0,0,11,0,0,0
655508,2020,7,10,"2020-07-10","15:10:00",3,"WY",56,0,1,0,0,0,0,44.6491,-104.3824,44.6491,-104.3824,0,0,0,0,0,11,0,0,0
655509,2020,7,10,"2020-07-10","15:15:00",3,"NE",31,0,1.75,0,0,0,0,41.63,-99.63,41.63,-99.63,0,0,0,0,0,41,0,0,0
655510,2020,7,10,"2020-07-10","15:20:00",3,"WY",56,0,1,0,0,0,0,44.64,-104.18,44.64,-104.18,0,0,0,0,0,11,0,0,0
655511,2020,7,10,"2020-07-10","15:23:00",3,"WY",56,0,1.75,0,0,0,0,44.53,-104.2018,44.53,-104.2018,0,0,0,0,0,11,0,0,0
655512,2020,7,10,"2020-07-10","15:25:00",3,"WY",56,0,1,0,0,0,0,44.52,-104.33,44.52,-104.33,0,0,0,0,0,11,0,0,0
655513,2020,7,10,"2020-07-10","15:32:00",3,"WY",56,0,3.25,0,0,0,0,44.4788,-104.1518,44.4788,-104.1518,0,0,0,0,0,11,0,0,0
655514,2020,7,10,"2020-07-10","15:40:00",3,"SD",46,0,1,0,0,0,0,44.5,-104.04,44.5,-104.04,0,0,0,0,0,81,0,0,0
655515,2020,7,10,"2020-07-10","15:45:00",3,"SD",46,0,1.75,0,0,0,0,44.49,-103.86,44.49,-103.86,0,0,0,0,0,81,0,0,0
655516,2020,7,10,"2020-07-10","15:51:00",3,"SD",46,0,1,0,0,0,0,44.4755,-103.86,44.4755,-103.86,0,0,0,0,0,81,0,0,0
655517,2020,7,10,"2020-07-10","16:00:00",3,"SC",45,0,0.88,0,0,0,0,34.99,-81.97,34.99,-81.97,0,0,0,0,0,83,0,0,0
655518,2020,7,10,"2020-07-10","16:01:00",3,"NC",37,0,1,0,0,0,0,35.78,-81.69,35.78,-81.69,0,0,0,0,0,23,0,0,0
655519,2020,7,10,"2020-07-10","16:12:00",3,"VA",51,0,1.25,0,0,0,0,37.45,-79.97,37.45,-79.97,0,0,0,0,0,23,0,0,0
655520,2020,7,10,"2020-07-10","16:15:00",3,"NE",31,0,1,0,0,0,0,41.22,-99.3,41.22,-99.3,0,0,0,0,0,41,0,0,0
655521,2020,7,10,"2020-07-10","16:15:00",3,"NE",31,0,1.75,0,0,0,0,41.28,-99.38,41.2219,-99.2949,0,0,0,0,0,41,0,0,0
655522,2020,7,10,"2020-07-10","16:15:00",3,"NE",31,0,1.75,0,0,0,0,41.29,-99.38,41.29,-99.38,0,0,0,0,0,41,0,0,0
655523,2020,7,10,"2020-07-10","16:20:00",3,"SD",46,0,1.75,0,0,0,0,44.1067,-103.4146,44.1067,-103.4146,0,0,0,0,0,103,0,0,0
655524,2020,7,10,"2020-07-10","16:20:00",3,"SD",46,0,1.5,0,0,0,0,44.2,-103.35,44.2,-103.35,0,0,0,0,0,93,0,0,0
655525,2020,7,10,"2020-07-10","16:24:00",3,"SD",46,0,1.5,0,0,0,0,44.2434,-103.3977,44.2434,-103.3977,0,0,0,0,0,93,0,0,0
655526,2020,7,10,"2020-07-10","16:30:00",3,"SD",46,0,1.75,0,0,0,0,44.1022,-103.3045,44.1022,-103.3045,0,0,0,0,0,103,0,0,0
655527,2020,7,10,"2020-07-10","16:30:00",3,"SD",46,0,1,0,0,0,0,44.18,-103.34,44.18,-103.34,0,0,0,0,0,93,0,0,0
655528,2020,7,10,"2020-07-10","16:33:00",3,"SD",46,0,2.25,0,0,0,0,44.0745,-103.2114,44.0745,-103.2114,0,0,0,0,0,103,0,0,0
655529,2020,7,10,"2020-07-10","16:34:00",3,"SD",46,0,1,0,0,0,0,44.155,-103.303,44.155,-103.303,0,0,0,0,0,93,0,0,0
655530,2020,7,10,"2020-07-10","16:35:00",3,"SD",46,0,1.25,0,0,0,0,44.0745,-103.2114,44.0745,-103.2114,0,0,0,0,0,103,0,0,0
655531,2020,7,10,"2020-07-10","16:35:00",3,"SD",46,0,3,0,0,0,0,44.08,-103.3106,44.08,-103.3106,0,0,0,0,0,103,0,0,0
655532,2020,7,10,"2020-07-10","16:36:00",3,"SD",46,0,1.75,0,0,0,0,44.0689,-103.2672,44.0689,-103.2672,0,0,0,0,0,103,0,0,0
655533,2020,7,10,"2020-07-10","16:40:00",3,"SD",46,0,2.5,0,0,0,0,44.08,-103.2904,44.08,-103.2904,0,0,0,0,0,103,0,0,0
655534,2020,7,10,"2020-07-10","16:40:00",3,"SD",46,0,3.25,0,0,0,0,44.0391,-103.287,44.0391,-103.287,0,0,0,0,0,103,0,0,0
655535,2020,7,10,"2020-07-10","16:43:00",3,"SD",46,0,3,0,0,0,0,44.0595,-103.2585,44.0595,-103.2585,0,0,0,0,0,103,0,0,0
655536,2020,7,10,"2020-07-10","16:44:00",3,"SD",46,0,2.75,0,0,0,0,44.0595,-103.2585,44.0595,-103.2585,0,0,0,0,0,103,0,0,0
655537,2020,7,10,"2020-07-10","16:44:00",3,"SD",46,0,2,0,0,0,0,44.0366,-103.23,44.0366,-103.23,0,0,0,0,0,103,0,0,0
655538,2020,7,10,"2020-07-10","16:44:00",3,"VA",51,0,1,0,0,0,0,37.43,-79.87,37.43,-79.87,0,0,0,0,0,23,0,0,0
655539,2020,7,10,"2020-07-10","16:46:00",3,"SD",46,0,2,0,0,0,0,44.08,-103.2904,44.08,-103.2904,0,0,0,0,0,103,0,0,0
655540,2020,7,10,"2020-07-10","16:48:00",3,"SD",46,0,2.25,0,0,0,0,44.0221,-103.23,44.0221,-103.23,0,0,0,0,0,103,0,0,0
655541,2020,7,10,"2020-07-10","16:50:00",3,"SD",46,0,3.25,0,0,0,0,44.08,-103.3106,44.08,-103.3106,0,0,0,0,0,103,0,0,0
655542,2020,7,10,"2020-07-10","16:50:00",3,"SD",46,0,1.25,0,0,0,0,44.0112,-103.2889,44.0112,-103.2889,0,0,0,0,0,103,0,0,0
655543,2020,7,10,"2020-07-10","16:51:00",3,"SD",46,0,1,0,0,0,0,44.0009,-103.3031,44.0009,-103.3031,0,0,0,0,0,103,0,0,0
655544,2020,7,10,"2020-07-10","16:53:00",3,"SD",46,0,1.25,0,0,0,0,44.05,-103.14,44.05,-103.14,0,0,0,0,0,103,0,0,0
655545,2020,7,10,"2020-07-10","16:54:00",3,"SD",46,0,3,0,0,0,0,44.0666,-103.2223,44.0666,-103.2223,0,0,0,0,0,103,0,0,0
655546,2020,7,10,"2020-07-10","16:56:00",3,"SD",46,0,0.88,0,0,0,0,43.96,-103.36,43.96,-103.36,0,0,0,0,0,103,0,0,0
655547,2020,7,10,"2020-07-10","16:58:00",3,"SD",46,0,0.88,0,0,0,0,44.4045,-102.87,44.4045,-102.87,0,0,0,0,0,93,0,0,0
655548,2020,7,10,"2020-07-10","17:00:00",3,"SD",46,0,1,0,0,0,0,43.98,-103.17,43.98,-103.17,0,0,0,0,0,103,0,0,0
655549,2020,7,10,"2020-07-10","17:01:00",3,"NE",31,0,1,0,0,0,0,40.8668,-99.17,40.8668,-99.17,0,0,0,0,0,19,0,0,0
655550,2020,7,10,"2020-07-10","17:21:00",3,"NE",31,0,0.88,0,0,0,0,40.7434,-99.08,40.7434,-99.08,0,0,0,0,0,19,0,0,0
655551,2020,7,10,"2020-07-10","17:25:00",3,"SD",46,0,0.88,0,0,0,0,43.87,-103.74,43.87,-103.74,0,0,0,0,0,103,0,0,0
655552,2020,7,10,"2020-07-10","17:30:00",3,"SD",46,0,1.75,0,0,0,0,43.86,-103,43.86,-103,0,0,0,0,0,103,0,0,0
655553,2020,7,10,"2020-07-10","17:35:00",3,"NE",31,0,1.5,0,0,0,0,40.5409,-98.8962,40.5277,-98.8621,0,0,0,0,0,99,0,0,0
655554,2020,7,10,"2020-07-10","17:40:00",3,"SD",46,0,1,0,0,0,0,43.7977,-103.5074,43.7977,-103.5074,0,0,0,0,0,33,0,0,0
655555,2020,7,10,"2020-07-10","17:45:00",3,"NE",31,0,1.5,0,0,0,0,40.4288,-98.8473,40.4288,-98.8473,0,0,0,0,0,99,0,0,0
655556,2020,7,10,"2020-07-10","17:49:00",3,"ND",38,0,1.5,0,0,0,0,46.89,-103.21,46.89,-103.21,0,0,0,0,0,89,0,0,0
655557,2020,7,10,"2020-07-10","17:50:00",3,"SD",46,0,2.5,0,0,0,0,43.5,-102.5998,43.5,-102.5998,0,0,0,0,0,102,0,0,0
655558,2020,7,10,"2020-07-10","17:51:00",3,"ND",38,0,1,0,0,0,0,46.88,-103.2,46.88,-103.2,0,0,0,0,0,89,0,0,0
655559,2020,7,10,"2020-07-10","18:25:00",3,"SD",46,0,2.75,0,0,0,0,43.3698,-102.3859,43.3698,-102.3859,0,0,0,0,0,102,0,0,0
655560,2020,7,10,"2020-07-10","18:37:00",3,"SD",46,0,1.75,0,0,0,0,43.23,-102.2307,43.23,-102.2307,0,0,0,0,0,102,0,0,0
655561,2020,7,10,"2020-07-10","18:45:00",3,"SD",46,0,1,0,0,0,0,45.83,-100.6,45.83,-100.6,0,0,0,0,0,31,0,0,0
655562,2020,7,10,"2020-07-10","18:48:00",3,"SD",46,0,0.88,0,0,0,0,45.82,-100.58,45.82,-100.58,0,0,0,0,0,31,0,0,0
655563,2020,7,10,"2020-07-10","18:55:00",3,"SD",46,0,4,0,0,0,0,43.17,-101.95,43.17,-101.95,0,0,0,0,0,7,0,0,0
655564,2020,7,10,"2020-07-10","19:15:00",3,"SD",46,0,2.75,0,0,0,0,43.04,-101.73,43.04,-101.73,0,0,0,0,0,7,0,0,0
655565,2020,7,10,"2020-07-10","19:15:00",3,"NE",31,0,2,0,0,0,0,42.99,-101.74,42.99,-101.74,0,0,0,0,0,31,0,0,0
655566,2020,7,10,"2020-07-10","19:15:00",3,"NE",31,0,1.75,0,0,0,0,42.99,-101.73,42.99,-101.73,0,0,0,0,0,31,0,0,0
655567,2020,7,10,"2020-07-10","19:23:00",3,"NE",31,0,2,0,0,0,0,42.92,-101.7,42.92,-101.7,0,0,0,0,0,31,0,0,0
655568,2020,7,10,"2020-07-10","19:27:00",3,"SD",46,0,2,0,0,0,0,45.59,-100.24,45.59,-100.24,0,0,0,0,0,129,0,0,0
655569,2020,7,10,"2020-07-10","19:39:00",3,"NE",31,0,2.5,0,0,0,0,42.92,-101.5,42.92,-101.5,0,0,0,0,0,31,0,0,0
655570,2020,7,10,"2020-07-10","19:50:00",3,"NE",31,0,1.75,0,0,0,0,42.7,-101.56,42.7,-101.56,0,0,0,0,0,31,0,0,0
655571,2020,7,10,"2020-07-10","19:55:00",3,"NE",31,0,1,0,0,0,0,42.9,-101.26,42.9,-101.26,0,0,0,0,0,31,0,0,0
655572,2020,7,10,"2020-07-10","20:40:00",3,"SD",46,0,1.25,0,0,0,0,45.19,-99.77,45.19,-99.77,0,0,0,0,0,107,0,0,0
655573,2020,7,11,"2020-07-11","00:45:00",3,"NE",31,0,2,0,0,0,0,41.72,-99.64,41.72,-99.64,0,0,0,0,0,41,0,0,0
655574,2020,7,11,"2020-07-11","04:25:00",3,"MN",27,0,0.75,0,0,0,0,44.44,-93.58,44.44,-93.58,0,0,0,0,0,79,0,0,0
655575,2020,7,11,"2020-07-11","07:31:00",3,"IA",19,0,1,0,0,0,0,43.06,-92.25,43.06,-92.25,0,0,0,0,0,37,0,0,0
655576,2020,7,11,"2020-07-11","07:36:00",3,"IA",19,0,1,0,0,0,9000,43.07,-92.09,43.07,-92.09,0,0,0,0,0,37,0,0,0
655577,2020,7,11,"2020-07-11","07:41:00",3,"IA",19,0,1,0,0,0,0,42.97,-92.2,42.97,-92.2,0,0,0,0,0,37,0,0,0
655578,2020,7,11,"2020-07-11","07:50:00",3,"IA",19,0,1,0,0,0,0,42.97,-92.04,42.97,-92.04,0,0,0,0,0,65,0,0,0
655579,2020,7,11,"2020-07-11","08:45:00",3,"IA",19,0,1,0,0,0,0,42.5,-91.92,42.5,-91.92,0,0,0,0,0,19,0,0,0
655580,2020,7,11,"2020-07-11","08:47:00",3,"IA",19,0,1.25,0,0,0,0,42.47,-91.91,42.47,-91.91,0,0,0,0,0,19,0,0,0
655581,2020,7,11,"2020-07-11","08:47:00",3,"IA",19,0,1,0,0,0,0,42.47,-91.88,42.47,-91.88,0,0,0,0,0,19,0,0,0
655582,2020,7,11,"2020-07-11","08:47:00",3,"IA",19,0,1,0,0,0,0,42.48,-91.89,42.48,-91.89,0,0,0,0,0,19,0,0,0
655583,2020,7,11,"2020-07-11","08:47:00",3,"IA",19,0,1,0,0,0,0,42.48,-91.89,42.48,-91.89,0,0,0,0,0,19,0,0,0
655584,2020,7,11,"2020-07-11","08:49:00",3,"IA",19,0,1.5,0,0,0,0,42.47,-91.87,42.47,-91.87,0,0,0,0,0,19,0,0,0
655585,2020,7,11,"2020-07-11","08:50:00",3,"IA",19,0,1.5,0,0,0,0,42.46,-91.9,42.46,-91.9,0,0,0,0,0,19,0,0,0
655586,2020,7,11,"2020-07-11","08:50:00",3,"IA",19,0,1.75,0,0,0,0,42.47,-91.89,42.47,-91.89,0,0,0,0,0,19,0,0,0
655587,2020,7,11,"2020-07-11","09:10:00",3,"IA",19,0,1,0,0,0,0,42.2,-91.53,42.2,-91.53,0,0,0,0,0,113,0,0,0
655588,2020,7,11,"2020-07-11","09:25:00",3,"IA",19,0,1,0,0,0,0,42.2,-91.53,42.2,-91.53,0,0,0,0,0,113,0,0,0
655589,2020,7,11,"2020-07-11","09:39:00",3,"IA",19,0,1,0,0,0,0,42.1,-91.47,42.1,-91.47,0,0,0,0,0,113,0,0,0
655590,2020,7,11,"2020-07-11","10:00:00",3,"IA",19,0,1.25,0,0,0,0,41.89,-91.19,41.89,-91.19,0,0,0,0,0,31,0,0,0
655591,2020,7,11,"2020-07-11","10:10:00",3,"IA",19,0,1.25,0,0,0,0,41.89,-91.19,41.89,-91.19,0,0,0,0,0,31,0,0,0
655592,2020,7,11,"2020-07-11","10:15:00",3,"IA",19,0,1.25,0,0,0,0,41.77,-91.13,41.77,-91.13,0,0,0,0,0,31,0,0,0
655593,2020,7,11,"2020-07-11","10:20:00",3,"IA",19,0,1,0,0,0,0,41.77,-91.13,41.77,-91.13,0,0,0,0,0,31,0,0,0
655594,2020,7,11,"2020-07-11","12:00:00",3,"KS",20,0,3.5,0,0,0,0,38.99,-95.97,38.99,-95.97,0,0,0,0,0,197,0,0,0
655595,2020,7,11,"2020-07-11","12:00:00",3,"KS",20,0,2.75,0,0,0,0,39.39,-96.42,39.39,-96.42,0,0,0,0,0,149,0,0,0
655596,2020,7,11,"2020-07-11","12:03:00",3,"KS",20,0,1.75,0,0,0,0,39.39,-96.41,39.39,-96.41,0,0,0,0,0,149,0,0,0
655597,2020,7,11,"2020-07-11","12:07:00",3,"MN",27,0,1.5,0,0,0,0,44.95,-94.88,44.95,-94.88,0,0,0,0,0,67,0,0,0
655598,2020,7,11,"2020-07-11","12:15:00",3,"MN",27,0,1.25,0,0,0,0,44.88,-94.82,44.88,-94.82,0,0,0,0,0,129,0,0,0
655599,2020,7,11,"2020-07-11","12:15:00",3,"MN",27,0,2,0,0,0,1e+06,44.8909,-94.776,44.7186,-94.5537,0,0,0,0,0,129,0,0,0
655600,2020,7,11,"2020-07-11","12:27:00",3,"KS",20,0,1.75,0,0,0,0,39.2,-96.3,39.2,-96.3,0,0,0,0,0,149,0,0,0
655601,2020,7,11,"2020-07-11","12:27:00",3,"MN",27,0,1.75,0,0,0,370000,43.7745,-95.4854,43.7745,-95.4854,0,0,0,0,0,105,0,0,0
655602,2020,7,11,"2020-07-11","12:44:00",3,"MN",27,0,1.75,0,0,0,0,43.69,-95.33,43.69,-95.33,0,0,0,0,0,63,0,0,0
655603,2020,7,11,"2020-07-11","12:50:00",3,"KS",20,0,1.75,0,0,0,0,39.06,-96.1,39.06,-96.1,0,0,0,0,0,197,0,0,0
655604,2020,7,11,"2020-07-11","12:50:00",3,"MN",27,0,2.5,0,0,0,5e+05,44.7168,-94.5529,44.6734,-94.4976,0,0,0,0,0,143,0,0,0
655605,2020,7,11,"2020-07-11","12:55:00",3,"KS",20,0,4.5,0,0,0,0,38.96,-96.02,38.96,-96.02,0,0,0,0,0,197,0,0,0
655606,2020,7,11,"2020-07-11","12:55:00",3,"KS",20,0,4,0,0,0,0,38.99,-95.98,38.99,-95.98,0,0,0,0,0,197,0,0,0
655607,2020,7,11,"2020-07-11","12:56:00",3,"MN",27,0,1.75,0,0,0,0,43.64,-95.19,43.64,-95.19,0,0,0,0,0,63,0,0,0
655608,2020,7,11,"2020-07-11","12:57:00",3,"KS",20,0,3,0,0,0,0,38.99,-95.97,38.99,-95.97,0,0,0,0,0,197,0,0,0
655609,2020,7,11,"2020-07-11","13:00:00",3,"MN",27,0,2.5,0,0,0,1700000,43.6,-95.28,43.6,-95.28,0,0,0,0,0,63,0,0,0
655610,2020,7,11,"2020-07-11","13:00:00",3,"MN",27,0,2.5,0,0,0,0,43.6,-95.24,43.6,-95.24,0,0,0,0,0,63,0,0,0
655611,2020,7,11,"2020-07-11","13:00:00",3,"MN",27,0,2,0,0,0,250000,44.6871,-94.4921,44.6312,-94.4441,0,0,0,0,0,85,0,0,0
655612,2020,7,11,"2020-07-11","13:05:00",3,"KS",20,0,2,0,0,0,0,38.91,-95.93,38.91,-95.93,0,0,0,0,0,177,0,0,0
655613,2020,7,11,"2020-07-11","13:06:00",3,"MN",27,0,1.75,0,0,0,0,43.54,-95.31,43.54,-95.31,0,0,0,0,0,63,0,0,0
655614,2020,7,11,"2020-07-11","13:06:00",3,"MN",27,0,1,0,0,0,0,45.5312,-95.5023,45.62,-95.4,0,0,0,0,0,121,0,0,0
655615,2020,7,11,"2020-07-11","13:08:00",3,"IA",19,0,0.88,0,0,0,40000,43.49,-95.28,43.49,-95.28,0,0,0,0,0,59,0,0,0
655616,2020,7,11,"2020-07-11","13:08:00",3,"MN",27,0,1.75,0,0,0,1e+05,44.6324,-94.4445,44.5024,-94.3124,0,0,0,0,0,143,0,0,0
655617,2020,7,11,"2020-07-11","13:15:00",3,"IA",19,0,1,0,0,0,0,42.59,-94.34,42.59,-94.34,0,0,0,0,0,187,0,0,0
655618,2020,7,11,"2020-07-11","13:15:00",3,"MN",27,0,1.25,0,0,0,0,43.51,-95.1,43.51,-95.1,0,0,0,0,0,63,0,0,0
655619,2020,7,11,"2020-07-11","13:18:00",3,"KS",20,0,2,0,0,0,0,38.84,-95.87,38.84,-95.87,0,0,0,0,0,139,0,0,0
655620,2020,7,11,"2020-07-11","13:20:00",3,"KS",20,0,1.75,0,0,0,0,38.87,-95.85,38.87,-95.85,0,0,0,0,0,139,0,0,0
655621,2020,7,11,"2020-07-11","13:21:00",3,"KS",20,0,1,0,0,0,0,38.91,-95.82,38.91,-95.82,0,0,0,0,0,177,0,0,0
655622,2020,7,11,"2020-07-11","13:24:00",3,"MN",27,0,2,0,0,0,0,45.51,-95.34,45.51,-95.34,0,0,0,0,0,121,0,0,0
655623,2020,7,11,"2020-07-11","13:27:00",3,"IA",19,0,1,0,0,0,0,42.51,-94.18,42.51,-94.18,0,0,0,0,0,187,0,0,0
655624,2020,7,11,"2020-07-11","13:29:00",3,"IA",19,0,1.75,0,0,0,0,42.49,-94.21,42.49,-94.21,0,0,0,0,0,187,0,0,0
655625,2020,7,11,"2020-07-11","13:31:00",3,"MN",27,0,1,0,0,0,0,46.07,-95.91,46.07,-95.91,0,0,0,0,0,51,0,0,0
655626,2020,7,11,"2020-07-11","13:32:00",3,"MN",27,0,1,0,0,0,0,44.06,-95.16,44.06,-95.16,0,0,0,0,0,33,0,0,0
655627,2020,7,11,"2020-07-11","13:38:00",3,"IA",19,0,1.5,0,0,0,0,42.5,-94.18,42.5,-94.18,0,0,0,0,0,187,0,0,0
655628,2020,7,11,"2020-07-11","13:41:00",3,"IA",19,0,1.75,0,0,0,0,42.49,-94.17,42.49,-94.17,0,0,0,0,0,187,0,0,0
655629,2020,7,11,"2020-07-11","13:42:00",3,"MN",27,0,1.25,0,0,0,2000,44.03,-95.12,44.03,-95.12,0,0,0,0,0,33,0,0,0
655630,2020,7,11,"2020-07-11","13:52:00",3,"IA",19,0,1.5,0,0,0,125000,43.17,-94.94,43.17,-94.94,0,0,0,0,0,41,0,0,0
655631,2020,7,11,"2020-07-11","13:54:00",3,"IA",19,0,1.75,0,0,0,0,43.17,-94.89,43.17,-94.89,0,0,0,0,0,147,0,0,0
655632,2020,7,11,"2020-07-11","13:58:00",3,"IA",19,0,1,0,0,0,0,43.13,-94.9,43.13,-94.9,0,0,0,0,0,147,0,0,0
655633,2020,7,11,"2020-07-11","13:58:00",3,"IA",19,0,1.5,0,0,0,0,43.28,-94.22,43.28,-94.22,0,0,0,0,0,109,0,0,0
655634,2020,7,11,"2020-07-11","14:07:00",3,"KS",20,0,4,0,0,0,0,38.39,-95.6,38.39,-95.6,0,0,0,0,0,31,0,0,0
655635,2020,7,11,"2020-07-11","14:09:00",3,"KS",20,0,2,0,0,0,0,38.38,-95.6,38.38,-95.6,0,0,0,0,0,31,0,0,0
655636,2020,7,11,"2020-07-11","14:15:00",3,"IA",19,0,1.5,0,0,0,0,42.89,-93.21,42.89,-93.21,0,0,0,0,0,69,0,0,0
655637,2020,7,11,"2020-07-11","14:15:00",3,"KS",20,0,1,0,0,0,0,39.03,-95.61,39.03,-95.61,0,0,0,0,0,177,0,0,0
655638,2020,7,11,"2020-07-11","14:24:00",3,"IA",19,0,2,0,0,0,0,43.05,-94.01,43.05,-94.01,0,0,0,0,0,109,0,0,0
655639,2020,7,11,"2020-07-11","14:24:00",3,"IA",19,0,2.5,0,0,0,0,42.92,-94.67,42.92,-94.67,0,0,0,0,0,147,0,0,0
655640,2020,7,11,"2020-07-11","14:26:00",3,"IA",19,0,1,0,0,0,0,42.73,-92.7,42.73,-92.7,0,0,0,0,0,23,0,0,0
655641,2020,7,11,"2020-07-11","14:28:00",3,"KS",20,0,1,0,0,0,0,38.25,-95.49,38.25,-95.49,0,0,0,0,0,3,0,0,0
655642,2020,7,11,"2020-07-11","14:30:00",3,"IA",19,0,1.5,0,0,0,0,43.29,-93.38,43.29,-93.38,0,0,0,0,0,195,0,0,0
655643,2020,7,11,"2020-07-11","14:34:00",3,"IA",19,0,2.5,0,0,0,0,42.66,-92.64,42.66,-92.64,0,0,0,0,0,23,0,0,0
655644,2020,7,11,"2020-07-11","14:35:00",3,"KS",20,0,1,0,0,0,0,39.1,-95.09,39.1,-95.09,0,0,0,0,0,103,0,0,0
655645,2020,7,11,"2020-07-11","14:37:00",3,"KS",20,0,3,0,0,0,0,38.28,-95.42,38.28,-95.42,0,0,0,0,0,3,0,0,0
655646,2020,7,11,"2020-07-11","14:39:00",3,"KS",20,0,2,0,0,0,0,38.28,-95.33,38.28,-95.33,0,0,0,0,0,3,0,0,0
655647,2020,7,11,"2020-07-11","14:40:00",3,"IA",19,0,1,0,0,0,0,42.17,-93.7,42.17,-93.7,0,0,0,0,0,169,0,0,0
655648,2020,7,11,"2020-07-11","14:43:00",3,"IN",18,0,1,0,0,0,0,39.8971,-86.2158,39.8971,-86.2158,0,0,0,0,0,97,0,0,0
655649,2020,7,11,"2020-07-11","14:43:00",3,"IA",19,0,1.5,0,0,0,0,42.1873,-93.6285,42.1873,-93.6285,0,0,0,0,0,169,0,0,0
655650,2020,7,11,"2020-07-11","14:43:00",3,"MN",27,0,1,0,0,0,0,43.66,-94.46,43.6662,-94.408,0,0,0,0,0,91,0,0,0
655651,2020,7,11,"2020-07-11","14:45:00",3,"IA",19,0,1.5,0,0,0,0,42.93,-93.79,42.93,-93.79,0,0,0,0,0,81,0,0,0
655652,2020,7,11,"2020-07-11","14:46:00",3,"IA",19,0,1.5,0,0,0,0,42.62,-92.56,42.62,-92.56,0,0,0,0,0,23,0,0,0
655653,2020,7,11,"2020-07-11","14:50:00",3,"IN",18,0,1,0,0,0,0,39.8552,-86.1956,39.8552,-86.1956,0,0,0,0,0,97,0,0,0
655654,2020,7,11,"2020-07-11","14:51:00",3,"IA",19,0,2,0,0,0,0,42.61,-92.58,42.61,-92.58,0,0,0,0,0,23,0,0,0
655655,2020,7,11,"2020-07-11","14:51:00",3,"KS",20,0,1,0,0,0,0,38.13,-95.3,38.13,-95.3,0,0,0,0,0,3,0,0,0
655656,2020,7,11,"2020-07-11","14:53:00",3,"KS",20,0,1.75,0,0,0,0,38.22,-95.28,38.22,-95.28,0,0,0,0,0,3,0,0,0
655657,2020,7,11,"2020-07-11","14:54:00",3,"IA",19,0,1,0,0,0,0,42.63,-92.54,42.63,-92.54,0,0,0,0,0,13,0,0,0
655658,2020,7,11,"2020-07-11","14:57:00",3,"IN",18,0,1,0,0,0,0,39.77,-86.15,39.77,-86.15,0,0,0,0,0,97,0,0,0
655659,2020,7,11,"2020-07-11","14:57:00",3,"KS",20,0,1,0,0,0,0,38.13,-95.3,38.13,-95.3,0,0,0,0,0,3,0,0,0
655660,2020,7,11,"2020-07-11","14:58:00",3,"IA",19,0,0.88,0,0,0,0,42.57,-92.49,42.57,-92.49,0,0,0,0,0,13,0,0,0
655661,2020,7,11,"2020-07-11","15:02:00",3,"IA",19,0,1,0,0,0,0,43.17,-93.2,43.17,-93.2,0,0,0,0,0,33,0,0,0
655662,2020,7,11,"2020-07-11","15:03:00",3,"IN",18,0,1,0,0,0,0,39.7231,-86.1208,39.7231,-86.1208,0,0,0,0,0,97,0,0,0
655663,2020,7,11,"2020-07-11","15:05:00",3,"IL",17,0,1.75,0,0,0,0,40.73,-89.13,40.73,-89.13,0,0,0,0,0,203,0,0,0
655664,2020,7,11,"2020-07-11","15:05:00",3,"IL",17,0,1.25,0,0,0,0,40.6866,-89.13,40.6866,-89.13,0,0,0,0,0,203,0,0,0
655665,2020,7,11,"2020-07-11","15:08:00",3,"KS",20,0,1,0,0,0,0,38.01,-95.21,38.01,-95.21,0,0,0,0,0,1,0,0,0
655666,2020,7,11,"2020-07-11","15:20:00",3,"IA",19,0,1,0,0,0,0,42.49,-92.47,42.49,-92.47,0,0,0,0,0,13,0,0,0
655667,2020,7,11,"2020-07-11","15:24:00",3,"IA",19,0,1,0,0,0,0,42.48,-92.5,42.48,-92.5,0,0,0,0,0,13,0,0,0
655668,2020,7,11,"2020-07-11","15:31:00",3,"IA",19,0,1.25,0,0,0,0,42.49,-92.46,42.49,-92.46,0,0,0,0,0,13,0,0,0
655669,2020,7,11,"2020-07-11","15:38:00",3,"IL",17,0,1.5,0,0,0,0,40.37,-88.42,40.37,-88.42,0,0,0,0,0,19,0,0,0
655670,2020,7,11,"2020-07-11","15:39:00",3,"IA",19,0,1,0,0,0,0,42.52,-92.81,42.52,-92.81,0,0,0,0,0,75,0,0,0
655671,2020,7,11,"2020-07-11","15:45:00",3,"KS",20,0,1.5,0,0,0,0,37.81,-95.44,37.81,-95.44,0,0,0,0,0,1,0,0,0
655672,2020,7,11,"2020-07-11","15:48:00",3,"KS",20,0,1,0,0,0,0,37.81,-95.44,37.81,-95.44,0,0,0,0,0,1,0,0,0
655673,2020,7,11,"2020-07-11","15:49:00",3,"KS",20,0,1.25,0,0,0,0,37.8,-95.42,37.8,-95.42,0,0,0,0,0,1,0,0,0
655674,2020,7,11,"2020-07-11","15:50:00",3,"IA",19,0,1,0,0,0,0,42.04,-92.11,42.04,-92.11,0,0,0,0,0,11,0,0,0
655675,2020,7,11,"2020-07-11","15:52:00",3,"IL",17,0,0.75,0,0,0,0,40.5005,-88.9531,40.5005,-88.9531,0,0,0,0,0,113,0,0,0
655676,2020,7,11,"2020-07-11","16:05:00",3,"IA",19,0,1.75,0,0,0,0,41.96,-92.03,41.96,-92.03,0,0,0,0,0,11,0,0,0
655677,2020,7,11,"2020-07-11","16:08:00",3,"IA",19,0,1.75,0,0,0,0,41.98,-92.09,41.98,-92.09,0,0,0,0,0,11,0,0,0
655678,2020,7,11,"2020-07-11","16:10:00",3,"KS",20,0,1.25,0,0,0,0,37.57,-95.24,37.57,-95.24,0,0,0,0,0,133,0,0,0
655679,2020,7,11,"2020-07-11","16:12:00",3,"IA",19,0,1.25,0,0,0,0,41.96,-92.03,41.96,-92.03,0,0,0,0,0,11,0,0,0
655680,2020,7,11,"2020-07-11","16:18:00",3,"IA",19,0,1.75,0,0,0,0,42.19,-93.5,42.19,-93.5,0,0,0,0,0,169,0,0,0
655681,2020,7,11,"2020-07-11","16:19:00",3,"IN",18,0,1,0,0,0,0,39.61,-87.37,39.61,-87.37,0,0,0,0,0,121,0,0,0
655682,2020,7,11,"2020-07-11","16:19:00",3,"IA",19,0,2.5,0,0,0,0,42.18,-93.46,42.18,-93.46,0,0,0,0,0,169,0,0,0
655683,2020,7,11,"2020-07-11","16:20:00",3,"IA",19,0,2.5,0,0,0,0,42.17,-93.5,42.17,-93.5,0,0,0,0,0,169,0,0,0
655684,2020,7,11,"2020-07-11","16:20:00",3,"IL",17,0,1.75,0,0,5e+06,0,40.1,-88.2,40.1,-88.2,0,0,0,0,0,19,0,0,0
655685,2020,7,11,"2020-07-11","16:21:00",3,"IA",19,0,1,0,0,0,0,42.17,-93.5,42.17,-93.5,0,0,0,0,0,169,0,0,0
655686,2020,7,11,"2020-07-11","16:22:00",3,"IA",19,0,1.25,0,0,0,0,41.91,-91.91,41.91,-91.91,0,0,0,0,0,11,0,0,0
655687,2020,7,11,"2020-07-11","16:22:00",3,"KS",20,0,1,0,0,0,0,37.54,-95.28,37.54,-95.28,0,0,0,0,0,133,0,0,0
655688,2020,7,11,"2020-07-11","16:24:00",3,"IA",19,0,1,0,0,0,0,41.95,-91.94,41.95,-91.94,0,0,0,0,0,11,0,0,0
655689,2020,7,11,"2020-07-11","16:25:00",3,"IL",17,0,2,0,0,0,0,40.0861,-88.1879,40.0861,-88.1879,0,0,0,0,0,19,0,0,0
655690,2020,7,11,"2020-07-11","16:25:00",3,"IL",17,0,1,0,0,0,0,40.5366,-88.9472,40.5366,-88.9472,0,0,0,0,0,113,0,0,0
655691,2020,7,11,"2020-07-11","16:28:00",3,"IA",19,0,1.75,0,0,0,0,41.88,-91.89,41.88,-91.89,0,0,0,0,0,11,0,0,0
655692,2020,7,11,"2020-07-11","16:30:00",3,"IA",19,0,1.5,0,0,0,0,41.93,-91.9,41.93,-91.9,0,0,0,0,0,11,0,0,0
655693,2020,7,11,"2020-07-11","16:30:00",3,"IA",19,0,1.75,0,0,0,0,42.17,-93.39,42.17,-93.39,0,0,0,0,0,169,0,0,0
655694,2020,7,11,"2020-07-11","16:32:00",3,"IA",19,0,1.25,0,0,0,0,42.16,-93.4,42.16,-93.4,0,0,0,0,0,169,0,0,0
655695,2020,7,11,"2020-07-11","16:32:00",3,"IA",19,0,1,0,0,0,0,42.03,-93.31,42.03,-93.31,0,0,0,0,0,169,0,0,0
655696,2020,7,11,"2020-07-11","16:33:00",3,"IA",19,0,1.5,0,0,0,0,41.91,-91.92,41.91,-91.92,0,0,0,0,0,11,0,0,0
655697,2020,7,11,"2020-07-11","16:34:00",3,"IA",19,0,1.75,0,0,0,0,41.9,-91.92,41.9,-91.92,0,0,0,0,0,11,0,0,0
655698,2020,7,11,"2020-07-11","16:35:00",3,"IL",17,0,1.75,0,0,0,0,40,-88.15,40,-88.15,0,0,0,0,0,19,0,0,0
655699,2020,7,11,"2020-07-11","16:39:00",3,"IA",19,0,1.75,0,0,0,0,41.88,-91.84,41.88,-91.84,0,0,0,0,0,11,0,0,0
655700,2020,7,11,"2020-07-11","16:41:00",3,"IA",19,0,2.75,0,0,0,0,41.88,-91.83,41.88,-91.83,0,0,0,0,0,113,0,0,0
655701,2020,7,11,"2020-07-11","16:45:00",3,"IA",19,0,2,0,0,0,0,41.86,-91.87,41.86,-91.87,0,0,0,0,0,11,0,0,0
655702,2020,7,11,"2020-07-11","16:47:00",3,"IA",19,0,1.75,0,0,0,0,41.84,-91.87,41.84,-91.87,0,0,0,0,0,95,0,0,0
655703,2020,7,11,"2020-07-11","16:48:00",3,"IA",19,0,1,0,0,0,0,42.01,-93.44,42.01,-93.44,0,0,0,0,0,169,0,0,0
655704,2020,7,11,"2020-07-11","16:48:00",3,"KS",20,0,2,0,0,0,0,37.61,-95.66,37.61,-95.66,0,0,0,0,0,205,0,0,0
655705,2020,7,11,"2020-07-11","16:48:00",3,"KS",20,0,1.25,0,0,0,0,37.64,-95.66,37.64,-95.66,0,0,0,0,0,205,0,0,0
655706,2020,7,11,"2020-07-11","16:49:00",3,"KS",20,0,2.5,0,0,0,0,37.6,-95.66,37.6,-95.66,0,0,0,0,0,205,0,0,0
655707,2020,7,11,"2020-07-11","16:50:00",3,"KS",20,0,1.5,0,0,0,0,37.24,-95.15,37.24,-95.15,0,0,0,0,0,99,0,0,0
655708,2020,7,11,"2020-07-11","16:54:00",3,"KS",20,0,2.75,0,0,0,0,37.49,-95.61,37.49,-95.61,0,0,0,0,0,205,0,0,0
655709,2020,7,11,"2020-07-11","16:55:00",3,"IA",19,0,1.5,0,0,0,0,41.9,-93.31,41.9,-93.31,0,0,0,0,0,169,0,0,0
655710,2020,7,11,"2020-07-11","16:55:00",3,"IA",19,0,2,0,0,0,0,41.92,-93.31,41.92,-93.31,0,0,0,0,0,169,0,0,0
655711,2020,7,11,"2020-07-11","16:57:00",3,"IA",19,0,0.88,0,0,0,0,41.48,-91.04,41.48,-91.04,0,0,0,0,0,139,0,0,0
655712,2020,7,11,"2020-07-11","16:58:00",3,"IA",19,0,1.5,0,0,0,0,41.93,-91.9,41.93,-91.9,0,0,0,0,0,11,0,0,0
655713,2020,7,11,"2020-07-11","16:58:00",3,"KS",20,0,2.5,0,0,0,0,37.67,-95.35,37.67,-95.35,0,0,0,0,0,133,0,0,0
655714,2020,7,11,"2020-07-11","16:59:00",3,"KS",20,0,2.75,0,0,0,0,37.53,-95.57,37.53,-95.57,0,0,0,0,0,205,0,0,0
655715,2020,7,11,"2020-07-11","17:00:00",3,"IA",19,0,1.5,0,0,0,0,42.02,-93.32,42.02,-93.32,0,0,0,0,0,169,0,0,0
655716,2020,7,11,"2020-07-11","17:00:00",3,"IL",17,0,1.5,0,0,0,0,40.1098,-88.2634,40.1098,-88.2634,0,0,0,0,0,19,0,0,0
655717,2020,7,11,"2020-07-11","17:04:00",3,"IA",19,0,0.88,0,0,0,0,41.89,-93.25,41.89,-93.25,0,0,0,0,0,169,0,0,0
655718,2020,7,11,"2020-07-11","17:04:00",3,"KS",20,0,1,0,0,0,0,37.1,-95.01,37.1,-95.01,0,0,0,0,0,21,0,0,0
655719,2020,7,11,"2020-07-11","17:07:00",3,"IA",19,0,1.75,0,0,0,0,41.76,-91.62,41.76,-91.62,0,0,0,0,0,103,0,0,0
655720,2020,7,11,"2020-07-11","17:08:00",3,"IN",18,0,1,0,0,0,0,39.55,-87.51,39.55,-87.51,0,0,0,0,0,167,0,0,0
655721,2020,7,11,"2020-07-11","17:09:00",3,"IA",19,0,1.75,0,0,0,0,41.75,-91.59,41.75,-91.59,0,0,0,0,0,103,0,0,0
655722,2020,7,11,"2020-07-11","17:10:00",3,"KS",20,0,4,0,0,0,0,37.49,-95.56,37.49,-95.56,0,0,0,0,0,205,0,0,0
655723,2020,7,11,"2020-07-11","17:11:00",3,"IA",19,0,1,0,0,0,0,41.83,-93.15,41.83,-93.15,0,0,0,0,0,99,0,0,0
655724,2020,7,11,"2020-07-11","17:14:00",3,"IA",19,0,1.75,0,0,0,0,41.75,-91.61,41.75,-91.61,0,0,0,0,0,103,0,0,0
655725,2020,7,11,"2020-07-11","17:18:00",3,"KS",20,0,1.75,0,0,0,0,37.03,-95.03,37.03,-95.03,0,0,0,0,0,21,0,0,0
655726,2020,7,11,"2020-07-11","17:18:00",3,"IN",18,0,1,0,0,0,0,39.51,-87.41,39.51,-87.41,0,0,0,0,0,167,0,0,0
655727,2020,7,11,"2020-07-11","17:18:00",3,"IN",18,0,1.25,0,0,0,0,39.5,-87.4,39.5,-87.4,0,0,0,0,0,167,0,0,0
655728,2020,7,11,"2020-07-11","17:18:00",3,"KS",20,0,2,0,0,0,0,37.04,-95.09,37.04,-95.09,0,0,0,0,0,99,0,0,0
655729,2020,7,11,"2020-07-11","17:21:00",3,"IA",19,0,1,0,0,0,0,41.73,-92.29,41.73,-92.29,0,0,0,0,0,95,0,0,0
655730,2020,7,11,"2020-07-11","17:22:00",3,"IA",19,0,1.25,0,0,0,0,41.74,-91.63,41.74,-91.63,0,0,0,0,0,103,0,0,0
655731,2020,7,11,"2020-07-11","17:22:00",3,"IA",19,0,1,0,0,0,0,41.71,-91.66,41.71,-91.66,0,0,0,0,0,103,0,0,0
655732,2020,7,11,"2020-07-11","17:25:00",3,"IA",19,0,1.5,0,0,0,0,41.66,-91.56,41.66,-91.56,0,0,0,0,0,103,0,0,0
655733,2020,7,11,"2020-07-11","17:25:00",3,"IA",19,0,1.5,0,0,0,0,41.69,-91.6,41.69,-91.6,0,0,0,0,0,103,0,0,0
655734,2020,7,11,"2020-07-11","17:25:00",3,"KS",20,0,2,0,0,0,0,37.35,-95.47,37.35,-95.47,0,0,0,0,0,99,0,0,0
655735,2020,7,11,"2020-07-11","17:28:00",3,"IA",19,0,1,0,0,0,0,41.7,-91.61,41.7,-91.61,0,0,0,0,0,103,0,0,0
655736,2020,7,11,"2020-07-11","17:30:00",3,"IA",19,0,1,0,0,0,0,41.73,-92.92,41.73,-92.92,0,0,0,0,0,99,0,0,0
655737,2020,7,11,"2020-07-11","17:30:00",3,"IA",19,0,1,0,0,0,0,41.67,-91.56,41.67,-91.56,0,0,0,0,0,103,0,0,0
655738,2020,7,11,"2020-07-11","17:37:00",3,"IA",19,0,1,0,0,0,0,41.64,-91.51,41.64,-91.51,0,0,0,0,0,103,0,0,0
655739,2020,7,11,"2020-07-11","17:38:00",3,"KS",20,0,1.75,0,0,0,0,37.31,-95.42,37.31,-95.42,0,0,0,0,0,99,0,0,0
655740,2020,7,11,"2020-07-11","17:42:00",3,"OK",40,0,1,0,0,0,0,36.42,-99.4,36.42,-99.4,0,0,0,0,0,153,0,0,0
655741,2020,7,11,"2020-07-11","17:43:00",3,"OK",40,0,0.75,0,0,0,0,36.42,-99.4,36.42,-99.4,0,0,0,0,0,153,0,0,0
655742,2020,7,11,"2020-07-11","17:44:00",3,"OK",40,0,1.75,0,0,0,0,36.42,-98.09,36.42,-98.09,0,0,0,0,0,47,0,0,0
655743,2020,7,11,"2020-07-11","17:46:00",3,"OK",40,0,1,0,0,0,0,36.25,-98.19,36.25,-98.19,0,0,0,0,0,93,0,0,0
655744,2020,7,11,"2020-07-11","17:52:00",3,"OK",40,0,1.75,0,0,0,0,36.39,-98.09,36.39,-98.09,0,0,0,0,0,47,0,0,0
655745,2020,7,11,"2020-07-11","17:58:00",3,"OK",40,0,1.25,0,0,10000,0,36.8493,-94.9184,36.8493,-94.9184,0,0,0,0,0,115,0,0,0
655746,2020,7,11,"2020-07-11","18:00:00",3,"IN",18,0,1,0,0,0,0,39.44,-87.53,39.44,-87.53,0,0,0,0,0,167,0,0,0
655747,2020,7,11,"2020-07-11","18:00:00",3,"KS",20,0,2,0,0,0,0,37.06,-95.36,37.06,-95.36,0,0,0,0,0,99,0,0,0
655748,2020,7,11,"2020-07-11","18:01:00",3,"OK",40,0,1.5,0,0,0,0,36.41,-97.87,36.41,-97.87,0,0,0,0,0,47,0,0,0
655749,2020,7,11,"2020-07-11","18:04:00",3,"OK",40,0,1.75,0,0,0,0,36.41,-97.87,36.41,-97.87,0,0,0,0,0,47,0,0,0
655750,2020,7,11,"2020-07-11","18:07:00",3,"OK",40,0,1,0,0,0,0,36.34,-97.9,36.34,-97.9,0,0,0,0,0,47,0,0,0
655751,2020,7,11,"2020-07-11","18:08:00",3,"KS",20,0,2.5,0,0,0,0,37.38,-96.03,37.38,-96.03,0,0,0,0,0,49,0,0,0
655752,2020,7,11,"2020-07-11","18:10:00",3,"OK",40,0,2,0,0,0,0,36.9862,-95.2272,36.9862,-95.2272,0,0,0,0,0,35,0,0,0
655753,2020,7,11,"2020-07-11","18:13:00",3,"OK",40,0,1,0,0,0,0,36.8,-94.9119,36.8,-94.9119,0,0,0,0,0,115,0,0,0
655754,2020,7,11,"2020-07-11","18:14:00",3,"IL",17,0,1.5,0,0,0,0,41.21,-90.04,41.21,-90.04,0,0,0,0,0,73,0,0,0
655755,2020,7,11,"2020-07-11","18:15:00",3,"OK",40,0,1,0,0,0,0,36.7645,-94.85,36.7645,-94.85,0,0,0,0,0,115,0,0,0
655756,2020,7,11,"2020-07-11","18:19:00",3,"IA",19,0,1,0,0,0,0,41.54,-90.67,41.54,-90.67,0,0,0,0,0,163,0,0,0
655757,2020,7,11,"2020-07-11","18:19:00",3,"KS",20,0,1.5,0,0,0,0,37.32,-95.97,37.32,-95.97,0,0,0,0,0,49,0,0,0
655758,2020,7,11,"2020-07-11","18:20:00",3,"OK",40,0,2,0,0,0,0,36.41,-97.83,36.41,-97.83,0,0,0,0,0,47,0,0,0
655759,2020,7,11,"2020-07-11","18:20:00",3,"OK",40,0,2,0,0,15000,0,36.887,-95.2773,36.887,-95.2773,0,0,0,0,0,35,0,0,0
655760,2020,7,11,"2020-07-11","18:20:00",3,"IA",19,0,0.75,0,0,0,0,41.58,-93.71,41.58,-93.71,0,0,0,0,0,153,0,0,0
655761,2020,7,11,"2020-07-11","18:26:00",3,"OK",40,0,1.75,0,0,15000,0,36.6853,-94.854,36.6853,-94.854,0,0,0,0,0,115,0,0,0
655762,2020,7,11,"2020-07-11","18:27:00",3,"KS",20,0,1,0,0,0,0,37.29,-95.86,37.29,-95.86,0,0,0,0,0,125,0,0,0
655763,2020,7,11,"2020-07-11","18:28:00",3,"OK",40,0,1.5,0,0,0,0,36.2,-98.12,36.2,-98.12,0,0,0,0,0,93,0,0,0
655764,2020,7,11,"2020-07-11","18:29:00",3,"KS",20,0,1.25,0,0,0,0,37.37,-96.19,37.37,-96.19,0,0,0,0,0,49,0,0,0
655765,2020,7,11,"2020-07-11","18:32:00",3,"OK",40,0,1.75,0,0,50000,0,36.58,-94.77,36.58,-94.77,0,0,0,0,0,41,0,0,0
655766,2020,7,11,"2020-07-11","18:35:00",3,"IL",17,0,1,0,0,0,0,41.41,-90.02,41.41,-90.02,0,0,0,0,0,73,0,0,0
655767,2020,7,11,"2020-07-11","18:35:00",3,"OK",40,0,1.75,0,0,0,0,36.7,-99.15,36.7,-99.15,0,0,0,0,0,153,0,0,0
655768,2020,7,11,"2020-07-11","18:40:00",3,"OK",40,0,0.75,0,0,0,0,36.44,-99.21,36.44,-99.21,0,0,0,0,0,153,0,0,0
655769,2020,7,11,"2020-07-11","18:41:00",3,"IL",17,0,1,0,0,0,0,40.65,-89.67,40.65,-89.67,0,0,0,0,0,143,0,0,0
655770,2020,7,11,"2020-07-11","18:44:00",3,"KS",20,0,1,0,0,0,0,37.37,-96.19,37.37,-96.19,0,0,0,0,0,49,0,0,0
655771,2020,7,11,"2020-07-11","18:50:00",3,"OK",40,0,1.5,0,0,0,0,36.62,-100.17,36.62,-100.17,0,0,0,0,0,7,0,0,0
655772,2020,7,11,"2020-07-11","18:51:00",3,"OK",40,0,0.88,0,0,0,0,36.62,-100.52,36.62,-100.52,0,0,0,0,0,7,0,0,0
655773,2020,7,11,"2020-07-11","18:54:00",3,"IA",19,0,1,0,0,0,0,41.35,-93.58,41.35,-93.58,0,0,0,0,0,181,0,0,0
655774,2020,7,11,"2020-07-11","18:55:00",3,"IL",17,0,2.5,0,0,0,0,40.65,-89.67,40.65,-89.67,0,0,0,0,0,143,0,0,0
655775,2020,7,11,"2020-07-11","18:55:00",3,"IL",17,0,1.75,0,0,0,0,40.62,-89.6,40.62,-89.6,0,0,0,0,0,179,0,0,0
655776,2020,7,11,"2020-07-11","18:55:00",3,"IL",17,0,1.5,0,0,0,0,40.65,-89.58,40.65,-89.58,0,0,0,0,0,179,0,0,0
655777,2020,7,11,"2020-07-11","18:55:00",3,"IL",17,0,2,0,0,0,0,40.65,-89.58,40.65,-89.58,0,0,0,0,0,179,0,0,0
655778,2020,7,11,"2020-07-11","18:58:00",3,"OK",40,0,1,0,0,0,0,36.63,-100.12,36.63,-100.12,0,0,0,0,0,7,0,0,0
655779,2020,7,11,"2020-07-11","18:58:00",3,"NM",35,0,1,0,0,0,0,35.57,-103.88,35.57,-103.88,0,0,0,0,0,47,0,0,0
655780,2020,7,11,"2020-07-11","19:05:00",3,"OK",40,0,1,0,0,0,0,36.64,-100.14,36.64,-100.14,0,0,0,0,0,7,0,0,0
655781,2020,7,11,"2020-07-11","19:05:00",3,"IL",17,0,0.88,0,0,0,0,40.6,-89.53,40.6,-89.53,0,0,0,0,0,179,0,0,0
655782,2020,7,11,"2020-07-11","19:08:00",3,"IL",17,0,1,0,0,0,0,40.72,-89.3082,40.72,-89.3082,0,0,0,0,0,203,0,0,0
655783,2020,7,11,"2020-07-11","19:12:00",3,"KS",20,0,1,0,0,0,0,37.09,-95.94,37.09,-95.94,0,0,0,0,0,125,0,0,0
655784,2020,7,11,"2020-07-11","19:21:00",3,"OK",40,0,1,0,0,0,0,36.9947,-95.6218,36.9947,-95.6218,0,0,0,0,0,105,0,0,0
655785,2020,7,11,"2020-07-11","19:26:00",3,"IL",17,0,1.5,0,0,0,0,40.6891,-89.076,40.6891,-89.076,0,0,0,0,0,203,0,0,0
655786,2020,7,11,"2020-07-11","19:30:00",3,"IL",17,0,1,0,0,0,0,40.68,-89.9,40.68,-89.9,0,0,0,0,0,143,0,0,0
655787,2020,7,11,"2020-07-11","19:35:00",3,"IL",17,0,1,0,0,0,0,40.93,-89.5,40.93,-89.5,0,0,0,0,0,143,0,0,0
655788,2020,7,11,"2020-07-11","19:36:00",3,"IL",17,0,1,0,0,0,0,40.57,-89.63,40.57,-89.63,0,0,0,0,0,179,0,0,0
655789,2020,7,11,"2020-07-11","19:36:00",3,"IL",17,0,1.25,0,0,0,0,40.6866,-89.6073,40.6866,-89.6073,0,0,0,0,0,143,0,0,0
655790,2020,7,11,"2020-07-11","19:48:00",3,"OK",40,0,1,0,0,0,0,36.71,-99.9,36.71,-99.9,0,0,0,0,0,59,0,0,0
655791,2020,7,11,"2020-07-11","19:56:00",3,"OK",40,0,1,0,0,0,0,36.32,-95.6719,36.32,-95.6719,0,0,0,0,0,131,0,0,0
655792,2020,7,11,"2020-07-11","20:00:00",3,"IL",17,0,1,0,0,0,0,40.42,-89.42,40.42,-89.42,0,0,0,0,0,179,0,0,0
655793,2020,7,11,"2020-07-11","20:07:00",3,"OK",40,0,1.5,0,0,25000,0,36.3021,-95.815,36.3021,-95.815,0,0,0,0,0,143,0,0,0
655794,2020,7,11,"2020-07-11","20:10:00",3,"IL",17,0,1.5,0,0,0,0,40.27,-89.23,40.27,-89.23,0,0,0,0,0,107,0,0,0
655795,2020,7,11,"2020-07-11","20:13:00",3,"OK",40,0,1,0,0,0,0,36.58,-97.99,36.58,-97.99,0,0,0,0,0,47,0,0,0
655796,2020,7,11,"2020-07-11","20:17:00",3,"OK",40,0,1.5,0,0,25000,0,35.92,-94.97,35.92,-94.97,0,0,0,0,0,21,0,0,0
655797,2020,7,11,"2020-07-11","20:35:00",3,"OK",40,0,0.88,0,0,0,0,36.67,-97.8,36.67,-97.8,0,0,0,0,0,53,0,0,0
655798,2020,7,11,"2020-07-11","21:10:00",3,"IL",17,0,0.88,0,0,0,0,39.77,-88.88,39.77,-88.88,0,0,0,0,0,115,0,0,0
655799,2020,7,11,"2020-07-11","21:15:00",3,"MO",29,0,1,0,0,0,0,39.18,-91.9,39.0689,-91.8994,0,0,0,0,0,7,0,0,0
655800,2020,7,11,"2020-07-11","22:09:00",3,"OK",40,0,0.88,0,0,0,0,36.59,-101.63,36.59,-101.63,0,0,0,0,0,139,0,0,0
655801,2020,7,11,"2020-07-11","22:11:00",3,"OK",40,0,1.75,0,0,0,0,36.59,-101.62,36.59,-101.62,0,0,0,0,0,139,0,0,0
655802,2020,7,11,"2020-07-11","22:25:00",3,"IN",18,0,1,0,0,0,0,39.38,-87.4,39.38,-87.4,0,0,0,0,0,167,0,0,0
655803,2020,7,11,"2020-07-11","23:36:00",3,"OK",40,0,1.25,0,0,0,0,35.07,-98.24,35.07,-98.24,0,0,0,0,0,15,0,0,0
655804,2020,7,12,"2020-07-12","02:30:00",3,"TN",47,0,0.75,0,0,0,0,36.5,-87.68,36.5,-87.68,0,0,0,0,0,161,0,0,0
655805,2020,7,12,"2020-07-12","04:20:00",3,"TN",47,0,0.88,0,0,0,0,35.9156,-87.3306,35.9156,-87.3306,0,0,0,0,0,81,0,0,0
655806,2020,7,12,"2020-07-12","06:12:00",3,"TN",47,0,0.88,0,0,0,0,35.42,-87.19,35.42,-87.19,0,0,0,0,0,55,0,0,0
655807,2020,7,12,"2020-07-12","08:45:00",3,"TN",47,0,0.88,0,0,0,0,35.2155,-88.25,35.2155,-88.25,0,0,0,0,0,71,0,0,0
655808,2020,7,12,"2020-07-12","09:30:00",3,"NE",31,0,1.5,0,0,0,0,41.98,-100.57,41.98,-100.57,0,0,0,0,0,171,0,0,0
655809,2020,7,12,"2020-07-12","09:55:00",3,"NE",31,0,1.25,0,0,0,0,41.4,-101.69,41.4,-101.69,0,0,0,0,0,5,0,0,0
655810,2020,7,12,"2020-07-12","10:00:00",3,"NE",31,0,1.75,0,0,0,0,42.04,-100.83,42.04,-100.83,0,0,0,0,0,171,0,0,0
655811,2020,7,12,"2020-07-12","10:15:00",3,"SD",46,0,1,0,0,0,0,43.4021,-101.49,43.4021,-101.49,0,0,0,0,0,71,0,0,0
655812,2020,7,12,"2020-07-12","10:17:00",3,"IN",18,0,1,0,0,0,0,38.0308,-86.0883,38.0308,-86.0883,0,0,0,0,0,61,0,0,0
655813,2020,7,12,"2020-07-12","10:52:00",3,"AL",1,0,1,0,0,0,0,34.24,-87.61,34.24,-87.61,0,0,0,0,0,133,0,0,0
655814,2020,7,12,"2020-07-12","13:49:00",3,"CO",8,0,1,0,0,0,0,38.7,-104.84,38.7,-104.84,0,0,0,0,0,41,0,0,0
655815,2020,7,12,"2020-07-12","14:00:00",3,"CO",8,0,1.75,0,0,0,0,38.74,-104.81,38.74,-104.81,0,0,0,0,0,41,0,0,0
655816,2020,7,12,"2020-07-12","14:58:00",3,"CO",8,0,2,0,0,0,0,39.44,-103.29,39.44,-103.29,0,0,0,0,0,73,0,0,0
655817,2020,7,12,"2020-07-12","15:03:00",3,"CO",8,0,1,0,0,0,0,39.46,-103.29,39.46,-103.29,0,0,0,0,0,73,0,0,0
655818,2020,7,12,"2020-07-12","15:11:00",3,"OH",39,0,0.75,0,0,0,0,39.3877,-83.9255,39.3877,-83.9255,0,0,0,0,0,27,0,0,0
655819,2020,7,12,"2020-07-12","15:36:00",3,"CO",8,0,1,0,0,0,0,39.65,-103.09,39.65,-103.09,0,0,0,0,0,121,0,0,0
655820,2020,7,12,"2020-07-12","15:50:00",3,"CO",8,0,1.5,0,0,0,0,39.67,-102.85,39.67,-102.85,0,0,0,0,0,121,0,0,0
655821,2020,7,12,"2020-07-12","16:08:00",3,"CO",8,0,0.88,0,0,0,0,39.8415,-102.7012,39.8415,-102.7012,0,0,0,0,0,125,0,0,0
655822,2020,7,12,"2020-07-12","16:12:00",3,"CO",8,0,1,0,0,0,0,38.48,-105.24,38.48,-105.24,0,0,0,0,0,43,0,0,0
655823,2020,7,12,"2020-07-12","16:14:00",3,"CO",8,0,0.88,0,0,0,0,39.9326,-102.4492,39.9326,-102.4492,0,0,0,0,0,125,0,0,0
655824,2020,7,12,"2020-07-12","16:16:00",3,"KY",21,0,1,0,0,0,0,38.0989,-83.6956,38.0989,-83.6956,0,0,0,0,0,11,0,0,0
655825,2020,7,12,"2020-07-12","16:28:00",3,"CO",8,0,1.75,0,0,0,0,39.9538,-102.3163,39.9538,-102.3163,0,0,0,0,0,125,0,0,0
655826,2020,7,12,"2020-07-12","16:34:00",3,"CO",8,0,1,0,0,0,0,39.9492,-102.2459,39.9492,-102.2459,0,0,0,0,0,125,0,0,0
655827,2020,7,12,"2020-07-12","16:35:00",3,"CO",8,0,1.25,0,0,0,0,39.983,-102.2243,39.983,-102.2243,0,0,0,0,0,125,0,0,0
655828,2020,7,12,"2020-07-12","16:42:00",3,"CO",8,0,2.5,0,0,0,0,40.0518,-102.218,40.0518,-102.218,0,0,0,0,0,125,0,0,0
655829,2020,7,12,"2020-07-12","16:42:00",3,"CO",8,0,1.25,0,0,0,0,40.0701,-102.2304,40.0701,-102.2304,0,0,0,0,0,125,0,0,0
655830,2020,7,12,"2020-07-12","16:43:00",3,"CO",8,0,1,0,0,0,0,39.8429,-102.3146,39.8429,-102.3146,0,0,0,0,0,125,0,0,0
655831,2020,7,12,"2020-07-12","16:47:00",3,"CO",8,0,1,0,0,0,0,39.26,-103.5,39.26,-103.5,0,0,0,0,0,73,0,0,0
655832,2020,7,12,"2020-07-12","16:51:00",3,"CO",8,0,1.75,0,0,0,0,40.0808,-102.1013,40.0808,-102.1013,0,0,0,0,0,125,0,0,0
655833,2020,7,12,"2020-07-12","16:54:00",3,"CO",8,0,2.5,0,0,0,0,40.0317,-102.0617,40.0317,-102.0617,0,0,0,0,0,125,0,0,0
655834,2020,7,12,"2020-07-12","16:57:00",3,"NM",35,0,0.88,0,0,0,0,36.73,-104,36.73,-104,0,0,0,0,0,59,0,0,0
655835,2020,7,12,"2020-07-12","17:00:00",3,"CO",8,0,1,0,0,0,0,39.19,-103.47,39.19,-103.47,0,0,0,0,0,73,0,0,0
655836,2020,7,12,"2020-07-12","17:03:00",3,"KY",21,0,0.88,0,0,0,0,37.9188,-83.2031,37.9188,-83.2031,0,0,0,0,0,175,0,0,0
655837,2020,7,12,"2020-07-12","17:20:00",3,"NE",31,0,0.75,0,0,0,0,40.1204,-101.7333,40.1204,-101.7333,0,0,0,0,0,57,0,0,0
655838,2020,7,12,"2020-07-12","17:34:00",3,"NE",31,0,2.5,0,0,0,0,40.0544,-101.6253,40.0544,-101.6253,0,0,0,0,0,57,0,0,0
655839,2020,7,12,"2020-07-12","17:50:00",3,"NE",31,0,0.88,0,0,0,0,40.0504,-101.5189,40.0504,-101.5189,0,0,0,0,0,57,0,0,0
655840,2020,7,12,"2020-07-12","17:53:00",3,"NE",31,0,2.5,0,0,0,0,40.41,-101.64,40.41,-101.64,0,0,0,0,0,29,0,0,0
655841,2020,7,12,"2020-07-12","17:58:00",3,"NE",31,0,1,0,0,0,0,40.2789,-101.2292,40.2789,-101.2292,0,0,0,0,0,87,0,0,0
655842,2020,7,12,"2020-07-12","18:01:00",3,"NE",31,0,2.75,0,0,0,0,40.36,-101.51,40.36,-101.51,0,0,0,0,0,29,0,0,0
655843,2020,7,12,"2020-07-12","18:06:00",3,"NE",31,0,2.5,0,0,0,0,40.36,-101.52,40.36,-101.52,0,0,0,0,0,29,0,0,0
655844,2020,7,12,"2020-07-12","18:15:00",3,"OH",39,0,0.75,0,0,0,0,38.6,-82.49,38.6,-82.49,0,0,0,0,0,87,0,0,0
655845,2020,7,12,"2020-07-12","18:15:00",3,"NE",31,0,1,0,0,0,0,40.3497,-101.1096,40.3497,-101.1096,0,0,0,0,0,87,0,0,0
655846,2020,7,12,"2020-07-12","18:15:00",3,"CO",8,0,1.25,0,0,0,0,38.8199,-102.341,38.8199,-102.341,0,0,0,0,0,17,0,0,0
655847,2020,7,12,"2020-07-12","18:28:00",3,"NE",31,0,1,0,0,0,0,40.3223,-100.9492,40.3223,-100.9492,0,0,0,0,0,87,0,0,0
655848,2020,7,12,"2020-07-12","18:40:00",3,"NE",31,0,1.5,0,0,0,0,40.3224,-100.7817,40.3224,-100.7817,0,0,0,0,0,87,0,0,0
655849,2020,7,12,"2020-07-12","18:40:00",3,"NE",31,0,0.75,0,0,0,0,40.231,-100.8299,40.231,-100.8299,0,0,0,0,0,87,0,0,0
655850,2020,7,12,"2020-07-12","18:42:00",3,"NE",31,0,1,0,0,0,1000,40.2098,-100.8197,40.2098,-100.8197,0,0,0,0,0,87,0,0,0
655851,2020,7,12,"2020-07-12","18:42:00",3,"NE",31,0,1.75,0,0,0,0,40.37,-100.79,40.37,-100.79,0,0,0,0,0,85,0,0,0
655852,2020,7,12,"2020-07-12","18:56:00",3,"NE",31,0,0.88,0,0,0,0,40.2,-100.62,40.2,-100.62,0,0,0,0,0,145,0,0,0
655853,2020,7,12,"2020-07-12","19:04:00",3,"AL",1,0,1.75,0,0,0,0,30.5838,-87.75,30.5838,-87.75,0,0,0,0,0,3,0,0,0
655854,2020,7,12,"2020-07-12","19:12:00",3,"CO",8,0,1.75,0,0,0,0,38.58,-102.43,38.58,-102.43,0,0,0,0,0,61,0,0,0
655855,2020,7,12,"2020-07-12","19:33:00",3,"KS",20,0,0.88,0,0,0,0,39.1918,-100.8939,39.1918,-100.8939,0,0,0,0,0,193,0,0,0
655856,2020,7,12,"2020-07-12","19:38:00",3,"ND",38,0,1,0,0,0,0,48.52,-103,48.52,-103,0,0,0,0,0,105,0,0,0
655857,2020,7,12,"2020-07-12","20:06:00",3,"KS",20,0,1,0,0,0,0,39.1409,-100.631,39.1409,-100.631,0,0,0,0,0,179,0,0,0
655858,2020,7,12,"2020-07-12","20:06:00",3,"KS",20,0,1.75,0,0,1000,0,39.117,-100.7117,39.117,-100.7117,0,0,0,0,0,63,0,0,0
655859,2020,7,12,"2020-07-12","20:19:00",3,"CO",8,0,1,0,0,0,0,38.12,-102.27,38.12,-102.27,0,0,0,0,0,99,0,0,0
655860,2020,7,12,"2020-07-12","21:40:00",3,"ND",38,0,0.88,0,0,0,0,46.65,-103.47,46.65,-103.47,0,0,0,0,0,7,0,0,0
655861,2020,7,12,"2020-07-12","22:30:00",3,"ND",38,0,0.88,0,0,0,0,46.92,-102.83,46.92,-102.83,0,0,0,0,0,89,0,0,0
655862,2020,7,12,"2020-07-12","23:08:00",3,"ND",38,0,2,0,0,0,0,46.86,-103.6,46.86,-103.6,0,0,0,0,0,7,0,0,0
655863,2020,7,12,"2020-07-12","23:12:00",3,"ND",38,0,1.5,0,0,0,0,47.07,-103.21,47.07,-103.21,0,0,0,0,0,7,0,0,0
655864,2020,7,12,"2020-07-12","23:14:00",3,"ND",38,0,1.5,0,0,0,0,46.92,-103.52,46.92,-103.52,0,0,0,0,0,7,0,0,0
655865,2020,7,12,"2020-07-12","23:30:00",3,"ND",38,0,0.88,0,0,0,0,47.06,-103.02,47.06,-103.02,0,0,0,0,0,25,0,0,0
655866,2020,7,13,"2020-07-13","10:29:00",3,"ND",38,0,1,0,0,0,0,48.57,-99,48.57,-99,0,0,0,0,0,95,0,0,0
655867,2020,7,13,"2020-07-13","10:33:00",3,"ND",38,0,0.75,0,0,0,0,48.58,-98.96,48.58,-98.96,0,0,0,0,0,19,0,0,0
655868,2020,7,13,"2020-07-13","10:56:00",3,"ND",38,0,1.75,0,0,0,0,48.6,-99,48.6,-99,0,0,0,0,0,95,0,0,0
655869,2020,7,13,"2020-07-13","11:00:00",3,"ND",38,0,1.75,0,0,0,0,48.62,-98.94,48.62,-98.94,0,0,0,0,0,19,0,0,0
655870,2020,7,13,"2020-07-13","11:00:00",3,"ND",38,0,1,0,0,0,0,48.368,-99.9895,48.368,-99.9895,0,0,0,0,0,69,0,0,0
655871,2020,7,13,"2020-07-13","11:00:00",3,"ND",38,0,0.88,0,0,0,0,48.38,-99.99,48.38,-99.99,0,0,0,0,0,69,0,0,0
655872,2020,7,13,"2020-07-13","11:07:00",3,"ND",38,0,1,0,0,0,0,48.66,-98.85,48.66,-98.85,0,0,0,0,0,19,0,0,0
655873,2020,7,13,"2020-07-13","11:30:00",3,"ND",38,0,1,0,0,0,0,48.5,-99.7,48.5,-99.7,0,0,0,0,0,69,0,0,0
655874,2020,7,13,"2020-07-13","12:35:00",3,"NC",37,0,0.88,0,0,0,0,35.02,-80.27,35.02,-80.27,0,0,0,0,0,7,0,0,0
655875,2020,7,13,"2020-07-13","13:24:00",3,"NC",37,0,1,0,0,0,0,35.07,-77.18,35.07,-77.18,0,0,0,0,0,49,0,0,0
655876,2020,7,13,"2020-07-13","13:48:00",3,"SC",45,0,1,0,0,0,0,34.79,-80.22,34.79,-80.22,0,0,0,0,0,25,0,0,0
655877,2020,7,13,"2020-07-13","13:49:00",3,"SC",45,0,1,0,0,0,0,34.77,-80.23,34.77,-80.23,0,0,0,0,0,25,0,0,0
655878,2020,7,13,"2020-07-13","14:24:00",3,"NC",37,0,1,0,0,0,0,35.38,-77.85,35.38,-77.85,0,0,0,0,0,191,0,0,0
655879,2020,7,13,"2020-07-13","16:35:00",3,"ME",23,0,1,0,0,0,0,43.9406,-70.7948,43.9406,-70.7948,0,0,0,0,0,17,0,0,0
655880,2020,7,13,"2020-07-13","16:36:00",3,"NC",37,0,1,0,0,0,0,36.07,-76.6,36.07,-76.6,0,0,0,0,0,41,0,0,0
655881,2020,7,13,"2020-07-13","17:45:00",3,"NE",31,0,1,0,0,0,0,41.42,-101.23,41.42,-101.23,0,0,0,0,0,117,0,0,0
655882,2020,7,13,"2020-07-13","18:05:00",3,"NE",31,0,1,0,0,0,0,40.84,-101.73,40.84,-101.73,0,0,0,0,0,135,0,0,0
655883,2020,7,13,"2020-07-13","18:15:00",3,"MA",25,0,0.88,0,0,0,0,42.1793,-73.2124,42.1793,-73.2124,0,0,0,0,0,3,0,0,0
655884,2020,7,13,"2020-07-13","18:33:00",3,"MA",25,0,0.75,0,0,0,0,42.2,-73.07,42.2,-73.07,0,0,0,0,0,3,0,0,0
655885,2020,7,13,"2020-07-13","18:55:00",3,"CO",8,0,1,0,0,0,0,40.0026,-102.1264,40.0026,-102.1264,0,0,0,0,0,125,0,0,0
655886,2020,7,13,"2020-07-13","19:09:00",3,"KS",20,0,1.75,0,0,0,0,39.9657,-102.0228,39.9657,-102.0228,0,0,0,0,0,23,0,0,0
655887,2020,7,13,"2020-07-13","19:39:00",3,"MN",27,0,1,0,0,0,0,47.29,-94.76,47.29,-94.76,0,0,0,0,0,57,0,0,0
655888,2020,7,13,"2020-07-13","19:42:00",3,"MN",27,0,0.75,0,0,0,0,46.54,-95.43,46.54,-95.43,0,0,0,0,0,111,0,0,0
655889,2020,7,13,"2020-07-13","19:42:00",3,"KS",20,0,1.25,0,0,0,0,39.9305,-101.9738,39.9305,-101.9738,0,0,0,0,0,23,0,0,0
655890,2020,7,13,"2020-07-13","19:48:00",3,"MN",27,0,1,0,0,0,0,46.5,-95.4,46.5,-95.4,0,0,0,0,0,111,0,0,0
655891,2020,7,13,"2020-07-13","20:00:00",3,"KS",20,0,1,0,0,0,0,39.0672,-101.7372,39.0672,-101.7372,0,0,0,0,0,199,0,0,0
655892,2020,7,13,"2020-07-13","20:25:00",3,"MN",27,0,0.75,0,0,0,0,46.54,-95.01,46.54,-95.01,0,0,0,0,0,159,0,0,0
655893,2020,7,13,"2020-07-13","21:35:00",3,"KS",20,0,1,0,0,0,0,39.3661,-101.7006,39.3661,-101.7006,0,0,0,0,0,181,0,0,0
655894,2020,7,13,"2020-07-13","21:35:00",3,"KS",20,0,1,0,0,0,0,39.3424,-101.7064,39.3424,-101.7064,0,0,0,0,0,181,0,0,0
655895,2020,7,13,"2020-07-13","21:35:00",3,"KS",20,0,1.5,0,0,0,0,39.35,-101.72,39.35,-101.72,0,0,0,0,0,181,0,0,0
655896,2020,7,13,"2020-07-13","22:37:00",3,"MN",27,0,1.25,0,0,0,0,45.98,-94.11,45.98,-94.11,0,0,0,0,0,97,0,0,0
655897,2020,7,13,"2020-07-13","22:50:00",3,"KS",20,0,1,0,0,0,0,39.39,-101.05,39.39,-101.05,0,0,0,0,0,193,0,0,0
655898,2020,7,13,"2020-07-13","23:23:00",3,"SD",46,0,1,0,0,0,0,44.2434,-103.3977,44.2434,-103.3977,0,0,0,0,0,93,0,0,0
655899,2020,7,14,"2020-07-14","06:33:00",3,"MN",27,0,1.75,0,0,0,0,44.67,-92.9,44.672,-92.8928,0,0,0,0,0,37,0,0,0
655900,2020,7,14,"2020-07-14","06:38:00",3,"MN",27,0,1,0,0,0,0,44.74,-92.85,44.74,-92.85,0,0,0,0,0,37,0,0,0
655901,2020,7,14,"2020-07-14","06:50:00",3,"ME",23,0,1.5,0,0,2e+05,0,43.43,-70.77,43.43,-70.77,0,0,0,0,0,31,0,0,0
655902,2020,7,14,"2020-07-14","06:54:00",3,"ME",23,0,1,0,0,0,0,43.39,-70.54,43.39,-70.54,0,0,0,0,0,31,0,0,0
655903,2020,7,14,"2020-07-14","07:54:00",3,"ME",23,0,1.25,0,0,0,0,43.47,-70.46,43.47,-70.46,0,0,0,0,0,31,0,0,0
655904,2020,7,14,"2020-07-14","08:04:00",3,"MA",25,0,0.75,0,0,0,0,42.78,-71.09,42.78,-71.09,0,0,0,0,0,9,0,0,0
655905,2020,7,14,"2020-07-14","10:05:00",3,"MA",25,0,0.75,0,0,0,0,42.7,-72.62,42.7,-72.62,0,0,0,0,0,11,0,0,0
655906,2020,7,14,"2020-07-14","10:15:00",3,"NH",33,0,1.5,0,0,0,0,42.76,-72.4,42.76,-72.4,0,0,0,0,0,5,0,0,0
655907,2020,7,14,"2020-07-14","10:15:00",3,"MA",25,0,1.25,0,0,0,0,42.27,-72.57,42.27,-72.57,0,0,0,0,0,15,0,0,0
655908,2020,7,14,"2020-07-14","11:10:00",3,"MA",25,0,0.75,0,0,0,0,42.63,-71.9,42.63,-71.9,0,0,0,0,0,27,0,0,0
655909,2020,7,14,"2020-07-14","11:20:00",3,"CT",9,0,1,0,0,0,0,41.9,-72.47,41.9,-72.47,0,0,0,0,0,13,0,0,0
655910,2020,7,14,"2020-07-14","13:19:00",3,"RI",44,0,1.25,0,0,0,0,41.43,-71.55,41.43,-71.55,0,0,0,0,0,9,0,0,0
655911,2020,7,14,"2020-07-14","13:22:00",3,"NH",33,0,1.25,0,0,0,0,42.82,-71.43,42.82,-71.43,0,0,0,0,0,11,0,0,0
655912,2020,7,14,"2020-07-14","13:40:00",3,"MA",25,0,0.75,0,0,0,0,42.7,-72.9,42.7,-72.9,0,0,0,0,0,11,0,0,0
655913,2020,7,14,"2020-07-14","14:27:00",3,"NH",33,0,1,0,0,0,0,42.89,-71.14,42.89,-71.14,0,0,0,0,0,15,0,0,0
655914,2020,7,14,"2020-07-14","16:00:00",3,"CO",8,0,1.5,0,0,0,0,38.85,-104.09,38.85,-104.09,0,0,0,0,0,41,0,0,0
655915,2020,7,14,"2020-07-14","16:15:00",3,"CO",8,0,1.75,0,0,0,0,38.84,-104.22,38.84,-104.22,0,0,0,0,0,41,0,0,0
655916,2020,7,14,"2020-07-14","17:20:00",3,"IA",19,0,1,0,0,0,0,42.17,-93.81,42.17,-93.81,0,0,0,0,0,15,0,0,0
655917,2020,7,14,"2020-07-14","18:27:00",3,"WI",55,0,0.88,0,0,0,0,44.59,-89.86,44.59,-89.86,0,0,0,0,0,141,0,0,0
655918,2020,7,14,"2020-07-14","18:44:00",3,"IA",19,0,2,0,0,0,0,41.69,-93.8,41.69,-93.8,0,0,0,0,0,153,0,0,0
655919,2020,7,14,"2020-07-14","18:45:00",3,"IA",19,0,2,0,0,0,0,41.69,-93.79,41.69,-93.79,0,0,0,0,0,153,0,0,0
655920,2020,7,14,"2020-07-14","18:45:00",3,"IA",19,0,1,0,0,0,0,41.72,-93.58,41.72,-93.58,0,0,0,0,0,153,0,0,0
655921,2020,7,14,"2020-07-14","18:57:00",3,"IA",19,0,1,0,0,0,0,41.71,-93.62,41.71,-93.62,0,0,0,0,0,153,0,0,0
655922,2020,7,14,"2020-07-14","20:45:00",3,"IA",19,0,1,0,0,0,0,41.23,-93.24,41.23,-93.24,0,0,0,0,0,125,0,0,0
655923,2020,7,15,"2020-07-15","13:58:00",3,"CO",8,0,1,0,0,0,0,38.8,-104.53,38.8,-104.53,0,0,0,0,0,41,0,0,0
655924,2020,7,15,"2020-07-15","14:10:00",3,"FL",12,0,0.88,0,0,0,0,26.55,-81.87,26.55,-81.87,0,0,0,0,0,71,0,0,0
655925,2020,7,15,"2020-07-15","14:29:00",3,"CO",8,0,1,0,0,0,0,38.87,-104.38,38.87,-104.38,0,0,0,0,0,41,0,0,0
655926,2020,7,15,"2020-07-15","14:41:00",3,"CO",8,0,1.25,0,0,0,0,38.85,-104.38,38.85,-104.38,0,0,0,0,0,41,0,0,0
655927,2020,7,15,"2020-07-15","14:45:00",3,"AL",1,0,1,0,0,0,0,32.56,-85.25,32.56,-85.25,0,0,0,0,0,81,0,0,0
655928,2020,7,15,"2020-07-15","14:48:00",3,"GA",13,0,1,0,0,0,0,33.99,-84.18,34.0014,-84.1761,0,0,0,0,0,135,0,0,0
655929,2020,7,15,"2020-07-15","15:21:00",3,"CO",8,0,1,0,0,0,0,39.07,-104.67,39.07,-104.67,0,0,0,0,0,41,0,0,0
655930,2020,7,15,"2020-07-15","15:44:00",3,"IL",17,0,1,0,0,0,0,40.75,-88.52,40.75,-88.52,0,0,0,0,0,105,0,0,0
655931,2020,7,15,"2020-07-15","15:51:00",3,"GA",13,0,1.75,0,0,320000,0,33.0685,-84.904,33.1665,-84.9138,0,0,0,0,0,285,0,0,0
655932,2020,7,15,"2020-07-15","15:51:00",3,"GA",13,0,2,0,0,320000,0,33.0721,-84.9446,33.0721,-84.9446,0,0,0,0,0,285,0,0,0
655933,2020,7,15,"2020-07-15","15:55:00",3,"NM",35,0,1.5,0,0,0,0,36.74,-103.99,36.74,-103.99,0,0,0,0,0,59,0,0,0
655934,2020,7,15,"2020-07-15","15:57:00",3,"CO",8,0,2,0,0,0,0,39.24,-104.53,39.24,-104.53,0,0,0,0,0,39,0,0,0
655935,2020,7,15,"2020-07-15","16:00:00",3,"IL",17,0,1.75,0,0,0,0,40.8482,-88.3775,40.8482,-88.3775,0,0,0,0,0,105,0,0,0
655936,2020,7,15,"2020-07-15","16:12:00",3,"CO",8,0,1,0,0,0,0,38.33,-104.81,38.33,-104.81,0,0,0,0,0,101,0,0,0
655937,2020,7,15,"2020-07-15","16:14:00",3,"IL",17,0,1,0,0,0,0,40.7536,-88.292,40.7536,-88.292,0,0,0,0,0,105,0,0,0
655938,2020,7,15,"2020-07-15","17:40:00",3,"GA",13,0,0.88,0,0,0,0,33.0936,-84.5732,33.0936,-84.5732,0,0,0,0,0,199,0,0,0
655939,2020,7,15,"2020-07-15","18:16:00",3,"IL",17,0,0.88,0,0,0,0,38.03,-89.57,38.03,-89.57,0,0,0,0,0,145,0,0,0
655940,2020,7,16,"2020-07-16","15:05:00",3,"MD",24,0,1.5,0,0,0,0,39.5595,-78.641,39.5595,-78.641,0,0,0,0,0,1,0,0,0
655941,2020,7,16,"2020-07-16","16:29:00",3,"MN",27,0,1,0,0,0,0,46.79,-92.93,46.79,-92.93,0,0,0,0,0,137,0,0,0
655942,2020,7,16,"2020-07-16","17:25:00",3,"MN",27,0,1,0,0,0,0,46.96,-92.23,46.96,-92.23,0,0,0,0,0,137,0,0,0
655943,2020,7,16,"2020-07-16","17:35:00",3,"MN",27,0,0.88,0,0,0,0,46.21,-93.01,46.21,-93.01,0,0,0,0,0,115,0,0,0
655944,2020,7,16,"2020-07-16","18:26:00",3,"CO",8,0,1.5,0,0,0,0,40.58,-102.3,40.58,-102.3,0,0,0,0,0,95,0,0,0
655945,2020,7,16,"2020-07-16","18:28:00",3,"CO",8,0,1,0,0,0,0,39.6409,-102.4014,39.6409,-102.4014,0,0,0,0,0,125,0,0,0
655946,2020,7,16,"2020-07-16","18:59:00",3,"CO",8,0,2,0,0,0,0,40.8,-102.11,40.8,-102.11,0,0,0,0,0,115,0,0,0
655947,2020,7,16,"2020-07-16","19:05:00",3,"CO",8,0,1.5,0,0,0,0,40.97,-102.25,40.97,-102.25,0,0,0,0,0,115,0,0,0
655948,2020,7,16,"2020-07-16","19:10:00",3,"CO",8,0,1,0,0,0,0,40.99,-102.25,40.99,-102.25,0,0,0,0,0,115,0,0,0
655949,2020,7,16,"2020-07-16","21:10:00",3,"MO",29,0,1,0,0,0,0,36.9,-94.28,36.9,-94.28,0,0,0,0,0,145,0,0,0
655950,2020,7,16,"2020-07-16","21:15:00",3,"MO",29,0,0.75,0,0,0,0,36.88,-94.23,36.88,-94.23,0,0,0,0,0,145,0,0,0
655951,2020,7,16,"2020-07-16","21:30:00",3,"MO",29,0,1,0,0,0,0,36.85,-94.14,36.85,-94.14,0,0,0,0,0,145,0,0,0
655952,2020,7,17,"2020-07-17","07:26:00",3,"SD",46,0,0.88,0,0,0,0,42.87,-97.92,42.87,-97.92,0,0,0,0,0,9,0,0,0
655953,2020,7,17,"2020-07-17","07:29:00",3,"SD",46,0,1.25,0,0,0,0,42.86,-97.89,42.86,-97.89,0,0,0,0,0,9,0,0,0
655954,2020,7,17,"2020-07-17","07:29:00",3,"SD",46,0,2,0,0,0,0,42.85,-97.89,42.85,-97.89,0,0,0,0,0,9,0,0,0
655955,2020,7,17,"2020-07-17","07:46:00",3,"NE",31,0,1.5,0,0,0,0,42.84,-97.85,42.84,-97.85,0,0,0,0,0,107,0,0,0
655956,2020,7,17,"2020-07-17","08:00:00",3,"SD",46,0,0.88,0,0,0,0,43.48,-97.86,43.48,-97.86,0,0,0,0,0,67,0,0,0
655957,2020,7,17,"2020-07-17","08:20:00",3,"SD",46,0,1,0,0,0,0,43.53,-97.66,43.53,-97.66,0,0,0,0,0,61,0,0,0
655958,2020,7,17,"2020-07-17","12:27:00",3,"ND",38,0,1.75,0,0,0,0,48.18,-101.79,48.18,-101.79,0,0,0,0,0,101,0,0,0
655959,2020,7,17,"2020-07-17","12:56:00",3,"ND",38,0,1,0,0,0,0,48.66,-99.84,48.66,-99.84,0,0,0,0,0,79,0,0,0
655960,2020,7,17,"2020-07-17","13:00:00",3,"ND",38,0,1,0,0,0,0,48.66,-99.84,48.66,-99.84,0,0,0,0,0,79,0,0,0
655961,2020,7,17,"2020-07-17","13:07:00",3,"ND",38,0,1.75,0,0,0,0,48.24,-101.3,48.24,-101.3,0,0,0,0,0,101,0,0,0
655962,2020,7,17,"2020-07-17","13:09:00",3,"ND",38,0,1.75,0,0,0,0,48.24,-101.19,48.24,-101.19,0,0,0,0,0,101,0,0,0
655963,2020,7,17,"2020-07-17","13:25:00",3,"ND",38,0,1,0,0,0,0,48.38,-101.3,48.38,-101.3,0,0,0,0,0,101,0,0,0
655964,2020,7,17,"2020-07-17","13:25:00",3,"ND",38,0,2,0,0,0,0,48.28,-101.3,48.28,-101.3,0,0,0,0,0,101,0,0,0
655965,2020,7,17,"2020-07-17","13:55:00",3,"ND",38,0,1,0,0,0,0,48.55,-99.2,48.55,-99.2,0,0,0,0,0,95,0,0,0
655966,2020,7,17,"2020-07-17","16:00:00",3,"ND",38,0,1.75,0,0,0,0,48.16,-100.87,48.16,-100.87,0,0,0,0,0,49,0,0,0
655967,2020,7,17,"2020-07-17","16:04:00",3,"ND",38,0,2.75,0,0,0,0,47.92,-98.82,47.92,-98.82,0,0,0,0,0,5,0,0,0
655968,2020,7,17,"2020-07-17","16:10:00",3,"ND",38,0,2.75,0,0,0,0,47.83,-98.9,47.83,-98.9,0,0,0,0,0,27,0,0,0
655969,2020,7,17,"2020-07-17","16:20:00",3,"ND",38,0,1.5,0,0,0,0,48.09,-98.97,48.09,-98.97,0,0,0,0,0,71,0,0,0
655970,2020,7,17,"2020-07-17","16:31:00",3,"ND",38,0,1.75,0,0,0,0,47.83,-100.93,47.83,-100.93,0,0,0,0,0,55,0,0,0
655971,2020,7,17,"2020-07-17","16:37:00",3,"ND",38,0,2,0,0,0,0,48.12,-100.94,48.12,-100.94,0,0,0,0,0,49,0,0,0
655972,2020,7,17,"2020-07-17","16:45:00",3,"ND",38,0,0.88,0,0,0,0,47.83,-98.44,47.83,-98.44,0,0,0,0,0,63,0,0,0
655973,2020,7,17,"2020-07-17","16:48:00",3,"ND",38,0,1,0,0,0,0,47.71,-99.09,47.71,-99.09,0,0,0,0,0,27,0,0,0
655974,2020,7,17,"2020-07-17","16:48:00",3,"ND",38,0,1.5,0,0,0,0,47.88,-100.24,47.88,-100.24,0,0,0,0,0,49,0,0,0
655975,2020,7,17,"2020-07-17","17:05:00",3,"ND",38,0,1.25,0,0,0,0,47.53,-100.71,47.53,-100.71,0,0,0,0,0,55,0,0,0
655976,2020,7,17,"2020-07-17","17:20:00",3,"ND",38,0,1.75,0,0,0,0,47.5,-100.44,47.5,-100.44,0,0,0,0,0,83,0,0,0
655977,2020,7,17,"2020-07-17","17:30:00",3,"ND",38,0,1,0,0,0,0,46.83,-100.87,46.83,-100.87,0,0,0,0,0,59,0,0,0
655978,2020,7,17,"2020-07-17","17:40:00",3,"ND",38,0,1,0,0,0,0,46.85,-100.8,46.85,-100.8,0,0,0,0,0,15,0,0,0
655979,2020,7,17,"2020-07-17","17:48:00",3,"ND",38,0,0.88,0,0,0,0,46.84,-100.79,46.84,-100.79,0,0,0,0,0,15,0,0,0
655980,2020,7,17,"2020-07-17","17:55:00",3,"ND",38,0,2,0,0,0,0,47.02,-100.88,47.02,-100.88,0,0,0,0,0,15,0,0,0
655981,2020,7,17,"2020-07-17","18:15:00",3,"ND",38,0,1.5,0,0,0,0,47.03,-100.75,47.03,-100.75,0,0,0,0,0,15,0,0,0
655982,2020,7,17,"2020-07-17","18:30:00",3,"ND",38,0,1,0,0,0,0,47.24,-98.19,47.24,-98.19,0,0,0,0,0,39,0,0,0
655983,2020,7,17,"2020-07-17","18:31:00",3,"ND",38,0,1,0,0,0,0,47.23,-98.18,47.23,-98.18,0,0,0,0,0,3,0,0,0
655984,2020,7,17,"2020-07-17","18:42:00",3,"ND",38,0,1,0,0,0,0,47.28,-99.36,47.28,-99.36,0,0,0,0,0,93,0,0,0
655985,2020,7,17,"2020-07-17","19:24:00",3,"MN",27,0,0.75,0,0,0,0,46.92,-95.26,46.92,-95.26,0,0,0,0,0,5,0,0,0
655986,2020,7,17,"2020-07-17","19:40:00",3,"MN",27,0,1,0,0,0,0,47.02,-95.06,47.02,-95.06,0,0,0,0,0,57,0,0,0
655987,2020,7,17,"2020-07-17","20:00:00",3,"ND",38,0,0.75,0,0,0,0,47.17,-98.46,47.17,-98.46,0,0,0,0,0,3,0,0,0
655988,2020,7,17,"2020-07-17","20:31:00",3,"MN",27,0,1.25,0,0,0,0,46.44,-95.18,46.44,-95.18,0,0,0,0,0,111,0,0,0
655989,2020,7,17,"2020-07-17","20:44:00",3,"MN",27,0,1,0,0,0,0,46.4,-95.01,46.4,-95.01,0,0,0,0,0,159,0,0,0
655990,2020,7,17,"2020-07-17","20:47:00",3,"MN",27,0,1,0,0,0,0,46.3,-95.08,46.3,-95.08,0,0,0,0,0,153,0,0,0
655991,2020,7,18,"2020-07-18","15:08:00",3,"GA",13,0,1,0,0,0,0,33.8369,-84.5703,33.8369,-84.5703,0,0,0,0,0,67,0,0,0
655992,2020,7,18,"2020-07-18","16:50:00",3,"MN",27,0,1,0,0,0,0,45.25,-93.24,45.25,-93.24,0,0,0,0,0,3,0,0,0
655993,2020,7,18,"2020-07-18","17:00:00",3,"MN",27,0,1,0,0,0,0,45.19,-93.2,45.19,-93.2,0,0,0,0,0,3,0,0,0
655994,2020,7,18,"2020-07-18","17:10:00",3,"MN",27,0,0.88,0,0,0,0,45.27,-93.05,45.27,-93.05,0,0,0,0,0,3,0,0,0
655995,2020,7,18,"2020-07-18","17:12:00",3,"MN",27,0,1,0,0,0,0,45.27,-92.98,45.27,-92.98,0,0,0,0,0,163,0,0,0
655996,2020,7,18,"2020-07-18","17:18:00",3,"MN",27,0,1,0,0,0,0,45.23,-93.04,45.23,-93.04,0,0,0,0,0,3,0,0,0
655997,2020,7,18,"2020-07-18","17:20:00",3,"MN",27,0,1,0,0,0,0,45.25,-93,45.25,-93,0,0,0,0,0,163,0,0,0
655998,2020,7,18,"2020-07-18","17:23:00",3,"MN",27,0,2,0,0,0,0,45.27,-92.99,45.27,-92.99,0,0,0,0,0,163,0,0,0
655999,2020,7,18,"2020-07-18","17:35:00",3,"MN",27,0,2,0,0,0,0,45.23,-92.87,45.23,-92.87,0,0,0,0,0,163,0,0,0
656000,2020,7,18,"2020-07-18","17:35:00",3,"MN",27,0,1.5,0,0,0,0,45.23,-92.8,45.23,-92.8,0,0,0,0,0,163,0,0,0
656001,2020,7,18,"2020-07-18","17:40:00",3,"MN",27,0,1,0,0,0,0,46.81,-94.02,46.81,-94.02,0,0,0,0,0,21,0,0,0
656002,2020,7,18,"2020-07-18","17:40:00",3,"MN",27,0,1,0,0,0,0,46.82,-93.94,46.82,-93.94,0,0,0,0,0,21,0,0,0
656003,2020,7,18,"2020-07-18","17:45:00",3,"WI",55,0,1.25,0,0,0,0,45.25,-92.63,45.25,-92.63,0,0,0,0,0,95,0,0,0
656004,2020,7,18,"2020-07-18","17:56:00",3,"WI",55,0,1,0,0,0,0,45.32,-92.57,45.32,-92.57,0,0,0,0,0,95,0,0,0
656005,2020,7,18,"2020-07-18","17:56:00",3,"WI",55,0,1.25,0,0,0,0,45.33,-92.67,45.33,-92.67,0,0,0,0,0,95,0,0,0
656006,2020,7,18,"2020-07-18","18:03:00",3,"MN",27,0,1,0,0,0,0,47.13,-92.94,47.13,-92.94,0,0,0,0,0,137,0,0,0
656007,2020,7,18,"2020-07-18","18:09:00",3,"MN",27,0,2,0,0,0,0,47.16,-92.79,47.16,-92.79,0,0,0,0,0,137,0,0,0
656008,2020,7,18,"2020-07-18","18:25:00",3,"MN",27,0,1.75,0,0,0,0,47.1,-92.4,47.1,-92.4,0,0,0,0,0,137,0,0,0
656009,2020,7,18,"2020-07-18","18:30:00",3,"MN",27,0,3,0,0,0,0,47.1,-92.4,47.1,-92.4,0,0,0,0,0,137,0,0,0
656010,2020,7,18,"2020-07-18","18:33:00",3,"MN",27,0,1.75,0,0,0,0,47.16,-92.47,47.16,-92.47,0,0,0,0,0,137,0,0,0
656011,2020,7,18,"2020-07-18","18:35:00",3,"MN",27,0,1,0,0,0,0,47.15,-92.36,47.15,-92.36,0,0,0,0,0,137,0,0,0
656012,2020,7,18,"2020-07-18","18:35:00",3,"MN",27,0,1,0,0,0,0,47.17,-92.46,47.17,-92.46,0,0,0,0,0,137,0,0,0
656013,2020,7,18,"2020-07-18","18:45:00",3,"MN",27,0,1,0,0,0,0,47.02,-92.22,47.02,-92.22,0,0,0,0,0,137,0,0,0
656014,2020,7,18,"2020-07-18","19:13:00",3,"MN",27,0,1,0,0,0,0,46.51,-92.69,46.51,-92.69,0,0,0,0,0,17,0,0,0
656015,2020,7,18,"2020-07-18","19:18:00",3,"MN",27,0,0.75,0,0,0,0,46.53,-92.6,46.53,-92.6,0,0,0,0,0,17,0,0,0
656016,2020,7,18,"2020-07-18","19:20:00",3,"MN",27,0,1,0,0,0,0,46.55,-92.59,46.55,-92.59,0,0,0,0,0,17,0,0,0
656017,2020,7,18,"2020-07-18","19:25:00",3,"NE",31,0,1,0,0,0,0,41.68,-103.52,41.68,-103.52,0,0,0,0,0,7,0,0,0
656018,2020,7,18,"2020-07-18","19:33:00",3,"MN",27,0,0.75,0,0,0,0,46.39,-92.81,46.39,-92.81,0,0,0,0,0,115,0,0,0
656019,2020,7,18,"2020-07-18","19:40:00",3,"NE",31,0,0.88,0,0,0,0,41.67,-103.53,41.67,-103.53,0,0,0,0,0,7,0,0,0
656020,2020,7,18,"2020-07-18","19:50:00",3,"WI",55,0,0.88,0,0,0,0,45.7991,-92.314,45.7991,-92.314,0,0,0,0,0,13,0,0,0
656021,2020,7,18,"2020-07-18","19:50:00",3,"WI",55,0,1,0,0,0,0,46.5379,-92.1324,46.5379,-92.1324,0,0,0,0,0,31,0,0,0
656022,2020,7,18,"2020-07-18","20:03:00",3,"WI",55,0,1,0,0,0,0,46.5413,-92.1193,46.5413,-92.1193,0,0,0,0,0,31,0,0,0
656023,2020,7,18,"2020-07-18","21:20:00",3,"WI",55,0,1,0,0,0,0,45.52,-91.72,45.52,-91.72,0,0,0,0,0,5,0,0,0
656024,2020,7,18,"2020-07-18","22:40:00",3,"MI",26,0,1,0,0,0,0,47.12,-88.57,47.12,-88.57,0,0,0,0,0,61,0,0,0
656025,2020,7,18,"2020-07-18","23:50:00",3,"WI",55,0,1,0,0,0,0,45.63,-89.41,45.63,-89.41,0,0,0,0,0,85,0,0,0
656026,2020,7,19,"2020-07-19","00:03:00",3,"MN",27,0,0.88,0,0,0,0,48,-89.59,48,-89.59,0,0,0,0,0,31,0,0,0
656027,2020,7,19,"2020-07-19","00:30:00",3,"WI",55,0,1,0,0,0,0,44.93,-90.8,44.93,-90.8,0,0,0,0,0,19,0,0,0
656028,2020,7,19,"2020-07-19","12:42:00",3,"IL",17,0,1,0,0,0,0,40.1,-88.28,40.1,-88.28,0,0,0,0,0,19,0,0,0
656029,2020,7,19,"2020-07-19","15:23:00",3,"KS",20,0,0.75,0,0,0,0,39.12,-94.83,39.12,-94.83,0,0,0,0,0,209,0,0,0
656030,2020,7,19,"2020-07-19","15:38:00",3,"NE",31,0,1,0,0,0,0,41.01,-103.89,41.01,-103.89,0,0,0,0,0,105,0,0,0
656031,2020,7,19,"2020-07-19","16:25:00",3,"WY",56,0,1,0,0,0,0,44.83,-104.95,44.83,-104.95,0,0,0,0,0,11,0,0,0
656032,2020,7,19,"2020-07-19","16:40:00",3,"NE",31,0,1,0,0,0,0,41.2266,-103.6165,41.2266,-103.6165,0,0,0,0,0,105,0,0,0
656033,2020,7,19,"2020-07-19","16:43:00",3,"WY",56,0,1.75,0,0,0,0,44.7645,-104.83,44.7645,-104.83,0,0,0,0,0,11,0,0,0
656034,2020,7,19,"2020-07-19","17:10:00",3,"WY",56,0,1.75,0,0,0,0,44.58,-104.7,44.58,-104.7,0,0,0,0,0,11,0,0,0
656035,2020,7,19,"2020-07-19","17:20:00",3,"WY",56,0,1.5,0,0,0,0,44.52,-105.5,44.52,-105.5,0,0,0,0,0,5,0,0,0
656036,2020,7,19,"2020-07-19","17:20:00",3,"WY",56,0,1.75,0,0,0,0,43.84,-105.47,43.84,-105.47,0,0,0,0,0,5,0,0,0
656037,2020,7,19,"2020-07-19","17:37:00",3,"CO",8,0,1,0,0,0,0,40.69,-103.13,40.69,-103.13,0,0,0,0,0,75,0,0,0
656038,2020,7,19,"2020-07-19","17:42:00",3,"WY",56,0,3,0,0,0,0,43.73,-105.37,43.73,-105.37,0,0,0,0,0,5,0,0,0
656039,2020,7,19,"2020-07-19","17:45:00",3,"NE",31,0,1.75,0,0,0,0,41.83,-103.67,41.83,-103.67,0,0,0,0,0,157,0,0,0
656040,2020,7,19,"2020-07-19","17:45:00",3,"NE",31,0,1,0,0,0,0,41.76,-103.63,41.76,-103.63,0,0,0,0,0,157,0,0,0
656041,2020,7,19,"2020-07-19","17:47:00",3,"WY",56,0,2.75,0,0,0,0,44.6445,-105.33,44.6445,-105.33,0,0,0,0,0,5,0,0,0
656042,2020,7,19,"2020-07-19","17:49:00",3,"WY",56,0,1.5,0,0,0,0,44.41,-104.4813,44.41,-104.4813,0,0,0,0,0,11,0,0,0
656043,2020,7,19,"2020-07-19","17:50:00",3,"NE",31,0,2,0,0,0,0,41.83,-103.67,41.83,-103.67,0,0,0,0,0,157,0,0,0
656044,2020,7,19,"2020-07-19","17:57:00",3,"CO",8,0,1,0,0,0,0,40.63,-103.21,40.63,-103.21,0,0,0,0,0,75,0,0,0
656045,2020,7,19,"2020-07-19","18:00:00",3,"WY",56,0,1.75,0,0,0,0,44.303,-104.318,44.303,-104.318,0,0,0,0,0,11,0,0,0
656046,2020,7,19,"2020-07-19","18:00:00",3,"WY",56,0,1.5,0,0,0,0,44.31,-104.32,44.31,-104.32,0,0,0,0,0,11,0,0,0
656047,2020,7,19,"2020-07-19","18:00:00",3,"CO",8,0,1,0,0,0,0,40.76,-103.07,40.76,-103.07,0,0,0,0,0,75,0,0,0
656048,2020,7,19,"2020-07-19","18:02:00",3,"NE",31,0,1.75,0,0,0,0,41.82,-103.52,41.82,-103.52,0,0,0,0,0,157,0,0,0
656049,2020,7,19,"2020-07-19","18:04:00",3,"NE",31,0,2,0,0,0,0,41.81,-103.5,41.81,-103.5,0,0,0,0,0,157,0,0,0
656050,2020,7,19,"2020-07-19","18:05:00",3,"WY",56,0,2.25,0,0,0,0,44.28,-104.3,44.28,-104.3,0,0,0,0,0,11,0,0,0
656051,2020,7,19,"2020-07-19","18:08:00",3,"WY",56,0,1.25,0,0,0,0,44.7398,-104.8156,44.7398,-104.8156,0,0,0,0,0,11,0,0,0
656052,2020,7,19,"2020-07-19","18:09:00",3,"NE",31,0,1.75,0,0,0,0,41.7,-103.56,41.7,-103.56,0,0,0,0,0,157,0,0,0
656053,2020,7,19,"2020-07-19","18:10:00",3,"CO",8,0,1,0,0,0,0,40.7,-103.12,40.7,-103.12,0,0,0,0,0,75,0,0,0
656054,2020,7,19,"2020-07-19","18:45:00",3,"MO",29,0,1,0,0,0,0,38.55,-90.48,38.55,-90.48,0,0,0,0,0,189,0,0,0
656055,2020,7,19,"2020-07-19","18:46:00",3,"WY",56,0,1.75,0,0,0,0,43.4,-104.95,43.4,-104.95,0,0,0,0,0,9,0,0,0
656056,2020,7,19,"2020-07-19","19:00:00",3,"NE",31,0,1,0,0,0,0,41.63,-100.94,41.63,-100.94,0,0,0,0,0,117,0,0,0
656057,2020,7,19,"2020-07-19","19:10:00",3,"NE",31,0,2,0,0,0,0,41.56,-100.91,41.56,-100.91,0,0,0,0,0,117,0,0,0
656058,2020,7,19,"2020-07-19","19:13:00",3,"WY",56,0,1,0,0,0,0,44.9,-104.56,44.9,-104.56,0,0,0,0,0,11,0,0,0
656059,2020,7,19,"2020-07-19","19:15:00",3,"NE",31,0,1.75,0,0,0,0,41.3,-102.08,41.3,-102.08,0,0,0,0,0,69,0,0,0
656060,2020,7,19,"2020-07-19","19:19:00",3,"TX",48,0,1,0,0,0,0,36.34,-102.07,36.34,-102.07,0,0,0,0,0,421,0,0,0
656061,2020,7,19,"2020-07-19","19:31:00",3,"MO",29,0,0.88,0,0,0,0,37.33,-93.62,37.33,-93.62,0,0,0,0,0,57,0,0,0
656062,2020,7,19,"2020-07-19","19:36:00",3,"WY",56,0,1.5,0,0,0,0,44.8995,-104.1711,44.8995,-104.1711,0,0,0,0,0,11,0,0,0
656063,2020,7,19,"2020-07-19","19:38:00",3,"WY",56,0,1,0,0,0,0,44.98,-104.34,44.98,-104.34,0,0,0,0,0,11,0,0,0
656064,2020,7,19,"2020-07-19","19:40:00",3,"NE",31,0,1.75,0,0,0,0,41.4,-100.92,41.4,-100.92,0,0,0,0,0,117,0,0,0
656065,2020,7,19,"2020-07-19","19:45:00",3,"WY",56,0,4.25,0,0,0,0,43.02,-104.64,43.02,-104.64,0,0,0,0,0,27,0,0,0
656066,2020,7,19,"2020-07-19","19:49:00",3,"WY",56,0,1.75,0,0,0,0,43.02,-104.64,43.02,-104.64,0,0,0,0,0,27,0,0,0
656067,2020,7,19,"2020-07-19","20:15:00",3,"WY",56,0,1.75,0,0,0,0,42.75,-104.45,42.75,-104.45,0,0,0,0,0,27,0,0,0
656068,2020,7,19,"2020-07-19","20:37:00",3,"WY",56,0,1.75,0,0,0,0,42.76,-104.45,42.76,-104.45,0,0,0,0,0,27,0,0,0
656069,2020,7,19,"2020-07-19","20:40:00",3,"WY",56,0,2,0,0,0,0,42.76,-104.45,42.76,-104.45,0,0,0,0,0,27,0,0,0
656070,2020,7,19,"2020-07-19","20:45:00",3,"NE",31,0,1,0,0,0,0,42.43,-101.9,42.43,-101.9,0,0,0,0,0,31,0,0,0
656071,2020,7,19,"2020-07-19","20:54:00",3,"WY",56,0,2.5,0,0,0,0,42.66,-104.45,42.66,-104.45,0,0,0,0,0,27,0,0,0
656072,2020,7,19,"2020-07-19","20:57:00",3,"WY",56,0,1.75,0,0,0,0,42.64,-104.45,42.64,-104.45,0,0,0,0,0,27,0,0,0
656073,2020,7,19,"2020-07-19","21:00:00",3,"WY",56,0,1.75,0,0,0,0,42.6203,-104.4338,42.6203,-104.4338,0,0,0,0,0,27,0,0,0
656074,2020,7,19,"2020-07-19","21:00:00",3,"WY",56,0,1,0,0,0,0,42.64,-104.29,42.64,-104.29,0,0,0,0,0,27,0,0,0
656075,2020,7,19,"2020-07-19","21:14:00",3,"WY",56,0,1.75,0,0,0,0,42.5001,-104.3577,42.5001,-104.3577,0,0,0,0,0,15,0,0,0
656076,2020,7,19,"2020-07-19","21:35:00",3,"SD",46,0,1.5,0,0,0,0,43.4268,-101.6005,43.4268,-101.6005,0,0,0,0,0,71,0,0,0
656077,2020,7,19,"2020-07-19","22:40:00",3,"WY",56,0,1.75,0,0,0,0,44.6411,-105.2924,44.6411,-105.2924,0,0,0,0,0,5,0,0,0
656078,2020,7,19,"2020-07-19","23:50:00",3,"WY",56,0,1,0,0,0,0,44.56,-105.67,44.56,-105.67,0,0,0,0,0,5,0,0,0
656079,2020,7,20,"2020-07-20","00:30:00",3,"WY",56,0,1,0,0,0,0,44.7534,-105.7022,44.7534,-105.7022,0,0,0,0,0,5,0,0,0
656080,2020,7,20,"2020-07-20","01:40:00",3,"WY",56,0,1,0,0,0,0,44.48,-105.24,44.48,-105.24,0,0,0,0,0,5,0,0,0
656081,2020,7,20,"2020-07-20","10:50:00",3,"SD",46,0,1,0,0,0,0,45.22,-102.2833,45.22,-102.2833,0,0,0,0,0,105,0,0,0
656082,2020,7,20,"2020-07-20","11:27:00",3,"SD",46,0,1.5,0,0,0,0,45.02,-101.95,45.02,-101.95,0,0,0,0,0,137,0,0,0
656083,2020,7,20,"2020-07-20","12:33:00",3,"SD",46,0,1,0,0,0,0,44.7,-101.22,44.7,-101.22,0,0,0,0,0,55,0,0,0
656084,2020,7,20,"2020-07-20","14:33:00",3,"SD",46,0,1.5,0,0,0,0,43.7569,-103.2483,43.7569,-103.2483,0,0,0,0,0,33,0,0,0
656085,2020,7,20,"2020-07-20","14:45:00",3,"NE",31,0,1.75,0,0,0,0,41.44,-101.38,41.44,-101.38,0,0,0,0,0,117,0,0,0
656086,2020,7,20,"2020-07-20","14:46:00",3,"SD",46,0,1,0,0,0,0,43.98,-103.17,43.98,-103.17,0,0,0,0,0,103,0,0,0
656087,2020,7,20,"2020-07-20","14:47:00",3,"SD",46,0,0.88,0,0,0,0,44.0645,-103.4,44.0645,-103.4,0,0,0,0,0,103,0,0,0
656088,2020,7,20,"2020-07-20","15:12:00",3,"NE",31,0,1,0,0,0,0,41.44,-101.38,41.44,-101.38,0,0,0,0,0,117,0,0,0
656089,2020,7,20,"2020-07-20","15:14:00",3,"CO",8,0,1,0,0,0,0,39.3,-102.87,39.3,-102.87,0,0,0,0,0,63,0,0,0
656090,2020,7,20,"2020-07-20","15:15:00",3,"KY",21,0,0.88,0,0,0,0,36.6458,-84.3569,36.6458,-84.3569,0,0,0,0,0,147,0,0,0
656091,2020,7,20,"2020-07-20","15:15:00",3,"CA",6,0,1,0,0,0,0,38.49,-119.8,38.49,-119.8,0,0,0,0,0,3,0,0,0
656092,2020,7,20,"2020-07-20","15:20:00",3,"WY",56,0,1,0,0,0,0,44.03,-104.2,44.03,-104.2,0,0,0,0,0,45,0,0,0
656093,2020,7,20,"2020-07-20","15:30:00",3,"SD",46,0,1.5,0,0,0,0,43.52,-101.28,43.52,-101.28,0,0,0,0,0,71,0,0,0
656094,2020,7,20,"2020-07-20","15:30:00",3,"SD",46,0,2.75,0,0,0,0,43.53,-101.25,43.53,-101.25,0,0,0,0,0,71,0,0,0
656095,2020,7,20,"2020-07-20","16:03:00",3,"NE",31,0,1.75,0,0,0,0,41.12,-101.15,41.12,-101.15,0,0,0,0,0,111,0,0,0
656096,2020,7,20,"2020-07-20","16:06:00",3,"SD",46,0,1,0,0,0,0,43.39,-101.07,43.39,-101.07,0,0,0,0,0,95,0,0,0
656097,2020,7,20,"2020-07-20","16:15:00",3,"NE",31,0,1.75,0,0,0,0,41.16,-101.3,41.16,-101.3,0,0,0,0,0,101,0,0,0
656098,2020,7,20,"2020-07-20","16:30:00",3,"NE",31,0,1.75,0,0,0,0,42,-101.04,42,-101.04,0,0,0,0,0,91,0,0,0
656099,2020,7,20,"2020-07-20","16:34:00",3,"SD",46,0,1,0,0,0,0,43.5002,-102.2258,43.5002,-102.2258,0,0,0,0,0,102,0,0,0
656100,2020,7,20,"2020-07-20","16:35:00",3,"SD",46,0,1.75,0,0,0,0,43.42,-102.18,43.42,-102.18,0,0,0,0,0,102,0,0,0
656101,2020,7,20,"2020-07-20","16:35:00",3,"NE",31,0,2.5,0,0,0,0,42,-101.04,42,-101.04,0,0,0,0,0,91,0,0,0
656102,2020,7,20,"2020-07-20","16:47:00",3,"CO",8,0,1,0,0,0,0,40.84,-104.95,40.84,-104.95,0,0,0,0,0,69,0,0,0
656103,2020,7,20,"2020-07-20","16:51:00",3,"CO",8,0,1,0,0,0,0,38.9325,-102.9855,38.9325,-102.9855,0,0,0,0,0,17,0,0,0
656104,2020,7,20,"2020-07-20","16:58:00",3,"NE",31,0,1,0,0,0,0,41.12,-101.36,41.12,-101.36,0,0,0,0,0,101,0,0,0
656105,2020,7,20,"2020-07-20","17:00:00",3,"NE",31,0,1.75,0,0,0,0,41.14,-101.36,41.14,-101.36,0,0,0,0,0,101,0,0,0
656106,2020,7,20,"2020-07-20","17:02:00",3,"NE",31,0,1.75,0,0,0,0,41.12,-101.36,41.12,-101.36,0,0,0,0,0,101,0,0,0
656107,2020,7,20,"2020-07-20","17:10:00",3,"CO",8,0,1,0,0,0,0,40.73,-104.78,40.73,-104.78,0,0,0,0,0,123,0,0,0
656108,2020,7,20,"2020-07-20","17:10:00",3,"NE",31,0,1.75,0,0,0,0,42.09,-100.8,42.09,-100.8,0,0,0,0,0,171,0,0,0
656109,2020,7,20,"2020-07-20","17:11:00",3,"NE",31,0,1.25,0,0,0,0,41.12,-101.36,41.12,-101.36,0,0,0,0,0,101,0,0,0
656110,2020,7,20,"2020-07-20","17:12:00",3,"CO",8,0,1.5,0,0,0,0,40.7,-104.78,40.7,-104.78,0,0,0,0,0,123,0,0,0
656111,2020,7,20,"2020-07-20","17:14:00",3,"CO",8,0,0.88,0,0,0,0,38.8125,-102.9768,38.8125,-102.9768,0,0,0,0,0,17,0,0,0
656112,2020,7,20,"2020-07-20","17:15:00",3,"NE",31,0,1.25,0,0,0,0,41.02,-101.3,41.02,-101.3,0,0,0,0,0,101,0,0,0
656113,2020,7,20,"2020-07-20","17:30:00",3,"SD",46,0,0.88,0,0,0,0,43.17,-101.57,43.17,-101.57,0,0,0,0,0,7,0,0,0
656114,2020,7,20,"2020-07-20","17:35:00",3,"NE",31,0,1.75,0,0,0,0,41.07,-101.13,41.07,-101.13,0,0,0,0,0,111,0,0,0
656115,2020,7,20,"2020-07-20","17:35:00",3,"TN",47,0,0.75,0,0,0,0,36.23,-86.4,36.23,-86.4,0,0,0,0,0,189,0,0,0
656116,2020,7,20,"2020-07-20","17:35:00",3,"NE",31,0,1.75,0,0,0,0,41,-101.28,41,-101.28,0,0,0,0,0,135,0,0,0
656117,2020,7,20,"2020-07-20","17:38:00",3,"OK",40,0,0.88,0,0,0,0,36.95,-102.91,36.95,-102.91,0,0,0,0,0,25,0,0,0
656118,2020,7,20,"2020-07-20","17:50:00",3,"NC",37,0,1,0,0,0,0,36.5271,-81.3359,36.5271,-81.3359,0,0,0,0,0,5,0,0,0
656119,2020,7,20,"2020-07-20","18:10:00",3,"NE",31,0,2.75,0,0,0,0,40.84,-101.16,40.84,-101.16,0,0,0,0,0,111,0,0,0
656120,2020,7,20,"2020-07-20","18:25:00",3,"WY",56,0,1.5,0,0,0,0,41.22,-104.92,41.22,-104.92,0,0,0,0,0,21,0,0,0
656121,2020,7,20,"2020-07-20","18:30:00",3,"NE",31,0,1,0,0,0,0,40.72,-101.03,40.72,-101.03,0,0,0,0,0,111,0,0,0
656122,2020,7,20,"2020-07-20","18:30:00",3,"WY",56,0,0.75,0,0,0,0,41.19,-104.83,41.19,-104.83,0,0,0,0,0,21,0,0,0
656123,2020,7,20,"2020-07-20","18:32:00",3,"WY",56,0,0.88,0,0,0,0,41.19,-104.84,41.19,-104.84,0,0,0,0,0,21,0,0,0
656124,2020,7,20,"2020-07-20","18:38:00",3,"NE",31,0,2.75,0,0,0,0,40.76,-101.16,40.76,-101.16,0,0,0,0,0,111,0,0,0
656125,2020,7,20,"2020-07-20","18:40:00",3,"WY",56,0,1,0,0,0,0,41.21,-104.78,41.21,-104.78,0,0,0,0,0,21,0,0,0
656126,2020,7,20,"2020-07-20","18:45:00",3,"NE",31,0,2.75,0,0,0,0,40.84,-101.16,40.84,-101.16,0,0,0,0,0,111,0,0,0
656127,2020,7,20,"2020-07-20","18:55:00",3,"SD",46,0,1,0,0,0,137000,44.15,-96.74,44.15,-96.74,0,0,0,0,0,101,0,0,0
656128,2020,7,20,"2020-07-20","19:00:00",3,"NE",31,0,1.75,0,0,0,0,40.51,-101.02,40.51,-101.02,0,0,0,0,0,85,0,0,0
656129,2020,7,20,"2020-07-20","19:00:00",3,"NE",31,0,1.5,0,0,0,0,40.3224,-100.9491,40.3224,-100.9491,0,0,0,0,0,87,0,0,0
656130,2020,7,20,"2020-07-20","19:10:00",3,"NE",31,0,1,0,0,0,0,40.3506,-100.9154,40.3506,-100.9154,0,0,0,0,0,87,0,0,0
656131,2020,7,20,"2020-07-20","19:24:00",3,"NE",31,0,1,0,0,0,0,40.2874,-100.9658,40.2874,-100.9658,0,0,0,0,0,87,0,0,0
656132,2020,7,20,"2020-07-20","19:30:00",3,"NE",31,0,1,0,0,0,0,40.2444,-101.0597,40.2444,-101.0597,0,0,0,0,0,87,0,0,0
656133,2020,7,20,"2020-07-20","19:30:00",3,"NE",31,0,0.88,0,0,0,0,40.2345,-100.8872,40.2345,-100.8872,0,0,0,0,0,87,0,0,0
656134,2020,7,20,"2020-07-20","19:30:00",3,"WY",56,0,1,0,0,0,0,41.78,-104.61,41.78,-104.61,0,0,0,0,0,15,0,0,0
656135,2020,7,20,"2020-07-20","19:58:00",3,"NE",31,0,1,0,0,0,0,42.03,-102.41,42.03,-102.41,0,0,0,0,0,161,0,0,0
656136,2020,7,20,"2020-07-20","20:10:00",3,"KS",20,0,2,0,0,0,0,39.9354,-100.8843,39.9354,-100.8843,0,0,0,0,0,153,0,0,0
656137,2020,7,20,"2020-07-20","20:14:00",3,"KS",20,0,1.25,0,0,0,0,39.8552,-100.9595,39.8552,-100.9595,0,0,0,0,0,153,0,0,0
656138,2020,7,20,"2020-07-20","20:15:00",3,"KS",20,0,1,0,0,0,0,39.8286,-100.946,39.8286,-100.946,0,0,0,0,0,153,0,0,0
656139,2020,7,20,"2020-07-20","20:20:00",3,"KS",20,0,1.5,0,0,0,0,38.51,-96.26,38.51,-96.26,0,0,0,0,0,111,0,0,0
656140,2020,7,20,"2020-07-20","20:30:00",3,"KS",20,0,1,0,0,0,0,39.81,-101.04,39.81,-101.04,0,0,0,0,0,153,0,0,0
656141,2020,7,20,"2020-07-20","20:49:00",3,"SD",46,0,0.75,0,0,0,1e+05,44.23,-96.49,44.23,-96.49,0,0,0,0,0,11,0,0,0
656142,2020,7,20,"2020-07-20","21:31:00",3,"MN",27,0,0.75,0,0,0,0,44.09,-96.2,44.09,-96.2,0,0,0,0,0,117,0,0,0
656143,2020,7,20,"2020-07-20","21:56:00",3,"KS",20,0,1,0,0,0,0,39.3227,-101.7244,39.3227,-101.7244,0,0,0,0,0,181,0,0,0
656144,2020,7,20,"2020-07-20","22:24:00",3,"KS",20,0,0.75,0,0,0,0,39.2142,-101.3902,39.2142,-101.3902,0,0,0,0,0,193,0,0,0
656145,2020,7,21,"2020-07-21","10:48:00",3,"GA",13,0,1.5,0,0,0,0,34.7785,-83.9034,34.7785,-83.9034,0,0,0,0,0,291,0,0,0
656146,2020,7,21,"2020-07-21","10:55:00",3,"GA",13,0,1,0,0,500,0,34.7886,-83.8938,34.7886,-83.8938,0,0,0,0,0,291,0,0,0
656147,2020,7,21,"2020-07-21","10:56:00",3,"GA",13,0,1.75,0,0,3e+05,0,34.7716,-83.9155,34.7716,-83.9155,0,0,0,0,0,291,0,0,0
656148,2020,7,21,"2020-07-21","13:20:00",3,"MO",29,0,1,0,0,0,0,38.8242,-90.5181,38.8242,-90.5181,0,0,0,0,0,183,0,0,0
656149,2020,7,21,"2020-07-21","13:38:00",3,"GA",13,0,0.88,0,0,0,0,34.02,-83.69,34.02,-83.69,0,0,0,0,0,13,0,0,0
656150,2020,7,21,"2020-07-21","14:20:00",3,"GA",13,0,1.5,0,0,0,0,34.753,-84.8763,34.753,-84.8763,0,0,0,0,0,313,0,0,0
656151,2020,7,21,"2020-07-21","14:32:00",3,"IL",17,0,1,0,0,0,0,39.87,-89.92,39.87,-89.92,0,0,0,0,0,167,0,0,0
656152,2020,7,21,"2020-07-21","14:47:00",3,"NC",37,0,1,0,0,0,0,35.828,-81.724,35.828,-81.724,0,0,0,0,0,23,0,0,0
656153,2020,7,21,"2020-07-21","14:58:00",3,"NC",37,0,1,0,0,0,0,35.8,-81.67,35.75,-81.64,0,0,0,0,0,23,0,0,0
656154,2020,7,21,"2020-07-21","15:25:00",3,"NC",37,0,1,0,0,0,0,35.73,-81.58,35.73,-81.58,0,0,0,0,0,23,0,0,0
656155,2020,7,21,"2020-07-21","15:30:00",3,"WY",56,0,1,0,0,0,0,41.1,-105.28,41.1,-105.28,0,0,0,0,0,1,0,0,0
656156,2020,7,21,"2020-07-21","15:38:00",3,"CO",8,0,1,0,0,0,0,38.85,-104.9,38.85,-104.9,0,0,0,0,0,41,0,0,0
656157,2020,7,21,"2020-07-21","16:03:00",3,"NC",37,0,1,0,0,0,0,35.74,-81.4,35.74,-81.4,0,0,0,0,0,23,0,0,0
656158,2020,7,21,"2020-07-21","16:35:00",3,"WY",56,0,1.5,0,0,0,0,41.15,-105.4,41.15,-105.4,0,0,0,0,0,1,0,0,0
656159,2020,7,21,"2020-07-21","17:15:00",3,"AL",1,0,0.88,0,0,0,0,34.5,-85.85,34.5,-85.85,0,0,0,0,0,49,0,0,0
656160,2020,7,21,"2020-07-21","17:20:00",3,"NC",37,0,1,0,0,0,0,35.138,-80.96,35.138,-80.96,0,0,0,0,0,119,0,0,0
656161,2020,7,21,"2020-07-21","17:27:00",3,"MO",29,0,1,0,0,0,0,38.3215,-90.6322,38.3215,-90.6322,0,0,0,0,0,99,0,0,0
656162,2020,7,21,"2020-07-21","17:43:00",3,"WY",56,0,1,0,0,0,0,41.8,-104.82,41.8,-104.82,0,0,0,0,0,31,0,0,0
656163,2020,7,21,"2020-07-21","17:55:00",3,"MD",24,0,1,0,0,0,0,38.526,-76.979,38.526,-76.979,0,0,0,0,0,17,0,0,0
656164,2020,7,21,"2020-07-21","18:28:00",3,"CO",8,0,0.75,0,0,0,0,40.77,-103.68,40.77,-103.68,0,0,0,0,0,123,0,0,0
656165,2020,7,21,"2020-07-21","18:44:00",3,"WY",56,0,1,0,0,0,0,41.41,-104.87,41.41,-104.87,0,0,0,0,0,21,0,0,0
656166,2020,7,21,"2020-07-21","19:10:00",3,"WY",56,0,1,0,0,0,0,41.33,-104.55,41.33,-104.55,0,0,0,0,0,21,0,0,0
656167,2020,7,21,"2020-07-21","19:45:00",3,"WY",56,0,2.5,0,0,0,0,41.18,-104.83,41.18,-104.83,0,0,0,0,0,21,0,0,0
656168,2020,7,21,"2020-07-21","19:45:00",3,"WY",56,0,1.75,0,0,0,0,41.19,-104.85,41.19,-104.85,0,0,0,0,0,21,0,0,0
656169,2020,7,21,"2020-07-21","19:45:00",3,"WY",56,0,1.75,0,0,0,0,41.2,-104.79,41.2,-104.79,0,0,0,0,0,21,0,0,0
656170,2020,7,21,"2020-07-21","19:48:00",3,"WY",56,0,1,0,0,0,0,41.12,-104.45,41.12,-104.45,0,0,0,0,0,21,0,0,0
656171,2020,7,21,"2020-07-21","19:48:00",3,"WY",56,0,1.75,0,0,0,0,41.17,-104.81,41.17,-104.81,0,0,0,0,0,21,0,0,0
656172,2020,7,21,"2020-07-21","19:50:00",3,"WY",56,0,2.5,0,0,0,0,41.18,-104.83,41.18,-104.83,0,0,0,0,0,21,0,0,0
656173,2020,7,21,"2020-07-21","19:56:00",3,"WY",56,0,1.5,0,0,0,0,41.15,-104.79,41.15,-104.79,0,0,0,0,0,21,0,0,0
656174,2020,7,21,"2020-07-21","20:18:00",3,"WY",56,0,1.75,0,0,0,0,41.2,-104.72,41.2,-104.72,0,0,0,0,0,21,0,0,0
656175,2020,7,21,"2020-07-21","20:25:00",3,"WY",56,0,0.88,0,0,0,0,41.15,-104.91,41.15,-104.91,0,0,0,0,0,21,0,0,0
656176,2020,7,21,"2020-07-21","21:10:00",3,"VA",51,0,1,0,0,0,0,37.21,-79.86,37.21,-79.86,0,0,0,0,0,67,0,0,0
656177,2020,7,21,"2020-07-21","21:44:00",3,"CO",8,0,1,0,0,0,0,40.45,-102.97,40.45,-102.97,0,0,0,0,0,75,0,0,0
656178,2020,7,22,"2020-07-22","07:00:00",3,"SD",46,0,0.88,0,0,0,0,45.34,-101.14,45.34,-101.14,0,0,0,0,0,41,0,0,0
656179,2020,7,22,"2020-07-22","07:55:00",3,"SD",46,0,1,0,0,0,0,44.71,-100.15,44.71,-100.15,0,0,0,0,0,119,0,0,0
656180,2020,7,22,"2020-07-22","12:13:00",3,"PA",42,0,1.5,0,0,0,0,41.04,-75.31,41.04,-75.31,0,0,0,0,0,89,0,0,0
656181,2020,7,22,"2020-07-22","13:15:00",3,"NJ",34,0,1.25,0,0,0,0,41.3,-74.75,41.3,-74.75,0,0,0,0,0,37,0,0,0
656182,2020,7,22,"2020-07-22","13:16:00",3,"NJ",34,0,1.25,0,0,0,0,41.3,-74.78,41.3,-74.78,0,0,0,0,0,37,0,0,0
656183,2020,7,22,"2020-07-22","13:20:00",3,"NJ",34,0,0.88,0,0,0,0,40.93,-74.97,40.93,-74.97,0,0,0,0,0,41,0,0,0
656184,2020,7,22,"2020-07-22","13:30:00",3,"NJ",34,0,1.5,0,0,0,0,41.3,-74.79,41.3,-74.79,0,0,0,0,0,37,0,0,0
656185,2020,7,22,"2020-07-22","14:55:00",3,"VA",51,0,1,0,0,0,0,36.72,-80.97,36.72,-80.97,0,0,0,0,0,77,0,0,0
656186,2020,7,22,"2020-07-22","15:00:00",3,"PA",42,0,0.75,0,0,0,0,40.81,-75.33,40.81,-75.33,0,0,0,0,0,95,0,0,0
656187,2020,7,22,"2020-07-22","16:30:00",3,"NJ",34,0,1,0,0,0,0,40.59,-74.42,40.59,-74.42,0,0,0,0,0,23,0,0,0
656188,2020,7,22,"2020-07-22","18:15:00",3,"CA",6,0,1,0,0,0,0,40.6523,-122.9434,40.6523,-122.9434,0,0,0,0,0,105,0,0,0
656189,2020,7,23,"2020-07-23","05:40:00",3,"ND",38,0,1.5,0,0,0,0,48.98,-102.53,48.98,-102.53,0,0,0,0,0,13,0,0,0
656190,2020,7,23,"2020-07-23","15:20:00",3,"SD",46,0,0.88,0,0,0,0,45.7,-103.94,45.7,-103.94,0,0,0,0,0,63,0,0,0
656191,2020,7,23,"2020-07-23","15:35:00",3,"NH",33,0,1.25,0,0,0,0,43.11,-71.73,43.11,-71.73,0,0,0,0,0,11,0,0,0
656192,2020,7,23,"2020-07-23","15:46:00",3,"NH",33,0,1.5,0,0,0,0,43.16,-71.54,43.16,-71.54,0,0,0,0,0,13,0,0,0
656193,2020,7,23,"2020-07-23","15:54:00",3,"NH",33,0,1.5,0,0,0,0,43.11,-71.49,43.11,-71.49,0,0,0,0,0,13,0,0,0
656194,2020,7,23,"2020-07-23","16:05:00",3,"NH",33,0,1.5,0,0,0,0,43.05,-71.43,43.05,-71.43,0,0,0,0,0,13,0,0,0
656195,2020,7,23,"2020-07-23","16:17:00",3,"MT",30,0,0.75,0,0,0,0,46.42,-104.17,46.42,-104.17,0,0,0,0,0,25,0,0,0
656196,2020,7,23,"2020-07-23","16:20:00",3,"SD",46,0,1.75,0,0,0,0,45.5966,-103.4927,45.5966,-103.4927,0,0,0,0,0,63,0,0,0
656197,2020,7,23,"2020-07-23","16:30:00",3,"MT",30,0,1.5,0,0,0,0,46.66,-104.19,46.66,-104.19,0,0,0,0,0,109,0,0,0
656198,2020,7,23,"2020-07-23","16:40:00",3,"SD",46,0,2.25,0,0,0,0,45.4,-103.13,45.4,-103.13,0,0,0,0,0,63,0,0,0
656199,2020,7,23,"2020-07-23","16:55:00",3,"SD",46,0,1.75,0,0,0,0,45.42,-103.03,45.42,-103.03,0,0,0,0,0,63,0,0,0
656200,2020,7,23,"2020-07-23","17:20:00",3,"MT",30,0,1.25,0,0,0,0,47.06,-104.08,47.06,-104.08,0,0,0,0,0,109,0,0,0
656201,2020,7,23,"2020-07-23","17:28:00",3,"SD",46,0,1,0,0,0,0,45.53,-102.9026,45.53,-102.9026,0,0,0,0,0,105,0,0,0
656202,2020,7,24,"2020-07-24","14:50:00",3,"SC",45,0,0.88,0,0,0,0,34.12,-80.84,34.12,-80.84,0,0,0,0,0,79,0,0,0
656203,2020,7,24,"2020-07-24","17:15:00",3,"ND",38,0,1.75,0,0,0,0,46.97,-100.06,46.97,-100.06,0,0,0,0,0,43,0,0,0
656204,2020,7,24,"2020-07-24","17:18:00",3,"NE",31,0,1,0,0,0,0,41.3,-102.4,41.3,-102.4,0,0,0,0,0,69,0,0,0
656205,2020,7,24,"2020-07-24","19:28:00",3,"ND",38,0,0.88,0,0,0,0,47.83,-98.5,47.83,-98.5,0,0,0,0,0,63,0,0,0
656206,2020,7,24,"2020-07-24","19:35:00",3,"ND",38,0,1,0,0,0,0,47.79,-98.57,47.79,-98.57,0,0,0,0,0,27,0,0,0
656207,2020,7,25,"2020-07-25","12:30:00",3,"GA",13,0,1,0,0,0,0,34.0289,-83.9769,34.0289,-83.9769,0,0,0,0,0,135,0,0,0
656208,2020,7,25,"2020-07-25","12:33:00",3,"GA",13,0,1.25,0,0,0,0,33.7891,-83.9888,33.7891,-83.9888,0,0,0,0,0,135,0,0,0
656209,2020,7,25,"2020-07-25","14:30:00",3,"GA",13,0,1.5,0,0,0,0,34.0834,-84.5508,34.0834,-84.5508,0,0,0,0,0,57,0,0,0
656210,2020,7,25,"2020-07-25","14:30:00",3,"GA",13,0,1,0,0,0,0,34.0767,-84.5598,34.0767,-84.5598,0,0,0,0,0,57,0,0,0
656211,2020,7,25,"2020-07-25","14:30:00",3,"GA",13,0,1,0,0,0,0,34.0873,-84.5493,34.0873,-84.5493,0,0,0,0,0,57,0,0,0
656212,2020,7,25,"2020-07-25","14:55:00",3,"GA",13,0,1,0,0,0,0,33.5365,-85.2349,33.5365,-85.2349,0,0,0,0,0,45,0,0,0
656213,2020,7,25,"2020-07-25","15:00:00",3,"GA",13,0,1.25,0,0,0,0,34.84,-84.05,34.84,-84.05,0,0,0,0,0,291,0,0,0
656214,2020,7,25,"2020-07-25","15:05:00",3,"ND",38,0,1,0,0,0,0,48.8,-98.78,48.8,-98.78,0,0,0,0,0,19,0,0,0
656215,2020,7,25,"2020-07-25","15:06:00",3,"ND",38,0,1.25,0,0,0,0,46,-102.64,46,-102.64,0,0,0,0,0,1,0,0,0
656216,2020,7,25,"2020-07-25","15:07:00",3,"GA",13,0,1,0,0,0,0,33.03,-84.71,33.03,-84.71,0,0,0,0,0,199,0,0,0
656217,2020,7,25,"2020-07-25","15:12:00",3,"ND",38,0,1.5,0,0,0,0,48.76,-98.68,48.76,-98.68,0,0,0,0,0,19,0,0,0
656218,2020,7,25,"2020-07-25","15:50:00",3,"GA",13,0,1.75,0,0,2e+05,0,34.6254,-84.3825,34.6254,-84.3825,0,0,0,0,0,123,0,0,0
656219,2020,7,25,"2020-07-25","16:05:00",3,"GA",13,0,1,0,0,0,0,32.48,-84.87,32.48,-84.87,0,0,0,0,0,215,0,0,0
656220,2020,7,25,"2020-07-25","16:30:00",3,"SD",46,0,0.88,0,0,0,0,45.94,-101.85,45.94,-101.85,0,0,0,0,0,31,0,0,0
656221,2020,7,25,"2020-07-25","20:10:00",3,"ND",38,0,1,0,0,0,0,48.11,-98.87,48.11,-98.87,0,0,0,0,0,71,0,0,0
656222,2020,7,25,"2020-07-25","20:25:00",3,"ND",38,0,1,0,0,0,0,48.01,-97.86,48.01,-97.86,0,0,0,0,0,35,0,0,0
656223,2020,7,25,"2020-07-25","21:05:00",3,"SD",46,0,1.5,0,0,0,0,45.91,-99.24,45.91,-99.24,0,0,0,0,0,89,0,0,0
656224,2020,7,26,"2020-07-26","00:25:00",3,"SD",46,0,1,0,0,0,0,45.35,-97.75,45.35,-97.75,0,0,0,0,0,37,0,0,0
656225,2020,7,26,"2020-07-26","01:04:00",3,"MN",27,0,1,0,0,0,0,45.89,-96.23,45.89,-96.23,0,0,0,0,0,51,0,0,0
656226,2020,7,26,"2020-07-26","15:56:00",3,"WY",56,0,0.75,0,0,0,0,44.24,-105.68,44.24,-105.68,0,0,0,0,0,5,0,0,0
656227,2020,7,26,"2020-07-26","16:00:00",3,"CO",8,0,0.75,0,0,0,0,39.0846,-102.4322,39.0846,-102.4322,0,0,0,0,0,63,0,0,0
656228,2020,7,26,"2020-07-26","16:20:00",3,"WY",56,0,1,0,0,0,0,44.2798,-105.5143,44.2798,-105.5143,0,0,0,0,0,5,0,0,0
656229,2020,7,27,"2020-07-27","17:00:00",3,"CA",6,0,0.88,0,0,0,0,40.31,-121.22,40.31,-121.22,0,0,0,0,0,63,0,0,0
656230,2020,7,28,"2020-07-28","14:45:00",3,"NC",37,0,0.75,0,0,0,0,35.47,-80.83,35.47,-80.83,0,0,0,0,0,119,0,0,0
656231,2020,7,28,"2020-07-28","15:05:00",3,"WI",55,0,0.88,0,0,0,0,43.95,-88.46,43.95,-88.46,0,0,0,0,0,139,0,0,0
656232,2020,7,28,"2020-07-28","15:25:00",3,"WI",55,0,0.88,0,0,0,0,43.88,-88.29,43.88,-88.29,0,0,0,0,0,39,0,0,0
656233,2020,7,28,"2020-07-28","15:29:00",3,"WI",55,0,1,0,0,0,0,43.81,-88.15,43.81,-88.15,0,0,0,0,0,117,0,0,0
656234,2020,7,28,"2020-07-28","15:46:00",3,"WI",55,0,1.75,0,0,0,0,43.78,-88.08,43.78,-88.08,0,0,0,0,0,117,0,0,0
656235,2020,7,28,"2020-07-28","20:45:00",3,"OR",41,0,1,0,0,0,0,43.18,-122.14,43.18,-122.14,0,0,0,0,0,19,0,0,0
656236,2020,7,29,"2020-07-29","15:20:00",3,"KS",20,0,1,0,0,0,0,38.7189,-101.0976,38.7189,-101.0976,0,0,0,0,0,109,0,0,0
656237,2020,7,29,"2020-07-29","15:30:00",3,"KS",20,0,0.75,0,0,0,0,38.67,-101.07,38.67,-101.07,0,0,0,0,0,171,0,0,0
656238,2020,7,29,"2020-07-29","15:45:00",3,"KS",20,0,0.75,0,0,0,0,38.69,-101.04,38.69,-101.04,0,0,0,0,0,171,0,0,0
656239,2020,7,29,"2020-07-29","16:16:00",3,"KS",20,0,1.25,0,0,0,0,38.6502,-101.219,38.6502,-101.219,0,0,0,0,0,203,0,0,0
656240,2020,7,29,"2020-07-29","16:16:00",3,"KS",20,0,1.25,0,0,0,0,38.6427,-101.2344,38.6427,-101.2344,0,0,0,0,0,203,0,0,0
656241,2020,7,29,"2020-07-29","16:30:00",3,"KS",20,0,1,0,0,0,0,38.48,-101,38.48,-101,0,0,0,0,0,171,0,0,0
656242,2020,7,29,"2020-07-29","16:52:00",3,"KS",20,0,0.88,0,0,0,0,39.9882,-99.9254,39.9882,-99.9254,0,0,0,0,0,137,0,0,0
656243,2020,7,29,"2020-07-29","17:12:00",3,"KS",20,0,0.88,0,0,0,0,38.27,-100.95,38.27,-100.95,0,0,0,0,0,171,0,0,0
656244,2020,7,29,"2020-07-29","17:38:00",3,"NE",31,0,1.5,0,0,0,0,40.15,-99.83,40.15,-99.83,0,0,0,0,0,65,0,0,0
656245,2020,7,29,"2020-07-29","17:39:00",3,"KS",20,0,0.88,0,0,0,0,38.13,-100.88,38.13,-100.88,0,0,0,0,0,55,0,0,0
656246,2020,7,29,"2020-07-29","19:50:00",3,"NE",31,0,0.75,0,0,0,0,40.5224,-99.37,40.5224,-99.37,0,0,0,0,0,137,0,0,0
656247,2020,7,30,"2020-07-30","15:30:00",3,"PA",42,0,1,0,0,0,0,41.86,-76.34,41.86,-76.34,0,0,0,0,0,15,0,0,0
656248,2020,7,30,"2020-07-30","15:37:00",3,"PA",42,0,1.75,0,0,0,0,41.86,-76.27,41.86,-76.27,0,0,0,0,0,15,0,0,0
656249,2020,7,30,"2020-07-30","15:53:00",3,"MA",25,0,0.75,0,0,0,0,42.6,-71.37,42.6,-71.37,0,0,0,0,0,17,0,0,0
656250,2020,7,30,"2020-07-30","16:20:00",3,"OK",40,0,1.5,0,0,0,0,34.63,-98.39,34.63,-98.39,0,0,0,0,0,31,0,0,0
656251,2020,7,30,"2020-07-30","16:32:00",3,"CO",8,0,0.75,0,0,0,0,40.38,-104.77,40.38,-104.77,0,0,0,0,0,123,0,0,0
656252,2020,7,30,"2020-07-30","16:34:00",3,"MA",25,0,0.75,0,0,0,0,42.47,-70.96,42.47,-70.96,0,0,0,0,0,9,0,0,0
656253,2020,7,30,"2020-07-30","17:18:00",3,"OK",40,0,1,0,0,0,0,34.7055,-95.9,34.7055,-95.9,0,0,0,0,0,121,0,0,0
656254,2020,7,30,"2020-07-30","17:41:00",3,"OK",40,0,1,0,0,0,0,34.96,-96.75,34.96,-96.75,0,0,0,0,0,133,0,0,0
656255,2020,7,30,"2020-07-30","17:45:00",3,"OK",40,0,1,0,0,0,0,34.6,-98.42,34.6,-98.42,0,0,0,0,0,31,0,0,0
656256,2020,7,30,"2020-07-30","18:00:00",3,"OK",40,0,1,0,0,0,0,34.68,-96.53,34.68,-96.53,0,0,0,0,0,123,0,0,0
656257,2020,7,30,"2020-07-30","20:02:00",3,"OK",40,0,0.88,0,0,0,0,35.199,-94.67,35.199,-94.67,0,0,0,0,0,79,0,0,0
656258,2020,7,30,"2020-07-30","20:08:00",3,"OK",40,0,1,0,0,0,0,34.81,-98.53,34.81,-98.53,0,0,0,0,0,31,0,0,0
656259,2020,7,30,"2020-07-30","20:12:00",3,"CO",8,0,1,0,0,0,0,38.45,-105.21,38.45,-105.21,0,0,0,0,0,43,0,0,0
656260,2020,7,30,"2020-07-30","20:17:00",3,"CO",8,0,1,0,0,0,0,38.38,-105.15,38.38,-105.15,0,0,0,0,0,43,0,0,0
656261,2020,7,30,"2020-07-30","20:20:00",3,"CO",8,0,1.75,0,0,0,0,38.37,-105.12,38.37,-105.12,0,0,0,0,0,43,0,0,0
656262,2020,7,31,"2020-07-31","13:33:00",3,"LA",22,0,1.25,0,0,25000,0,32.9293,-91.3483,32.9293,-91.3483,0,0,0,0,0,123,0,0,0
656263,2020,7,31,"2020-07-31","13:59:00",3,"MT",30,0,1.75,0,0,0,0,47.88,-108.77,47.88,-108.77,0,0,0,0,0,71,0,0,0
656264,2020,7,31,"2020-07-31","14:10:00",3,"SD",46,0,0.88,0,0,0,0,45.52,-102.47,45.52,-102.47,0,0,0,0,0,105,0,0,0
656265,2020,7,31,"2020-07-31","14:22:00",3,"NM",35,0,1.75,0,0,0,0,35.6,-105.22,35.6,-105.22,0,0,0,0,0,47,0,0,0
656266,2020,7,31,"2020-07-31","14:55:00",3,"NM",35,0,1,0,0,0,0,35.55,-105.37,35.55,-105.37,0,0,0,0,0,47,0,0,0
656267,2020,7,31,"2020-07-31","15:45:00",3,"NM",35,0,0.88,0,0,0,0,35.39,-105.46,35.39,-105.46,0,0,0,0,0,47,0,0,0
656268,2020,7,31,"2020-07-31","15:52:00",3,"SD",46,0,1.75,0,0,0,0,45.62,-101.37,45.62,-101.37,0,0,0,0,0,31,0,0,0
656269,2020,7,31,"2020-07-31","15:55:00",3,"NM",35,0,1,0,0,0,0,35.4,-105.48,35.4,-105.48,0,0,0,0,0,47,0,0,0
656270,2020,7,31,"2020-07-31","16:25:00",3,"SD",46,0,1,0,0,0,0,45.48,-100.78,45.48,-100.78,0,0,0,0,0,31,0,0,0
656271,2020,7,31,"2020-07-31","16:48:00",3,"KS",20,0,0.75,0,0,0,0,38.7845,-101.8648,38.7845,-101.8648,0,0,0,0,0,199,0,0,0
656272,2020,7,31,"2020-07-31","16:50:00",3,"NM",35,0,1,0,0,0,0,35.61,-106.34,35.61,-106.34,0,0,0,0,0,43,0,0,0
656273,2020,7,31,"2020-07-31","17:32:00",3,"CO",8,0,1,0,0,0,0,40.15,-105.18,40.15,-105.18,0,0,0,0,0,13,0,0,0
656274,2020,7,31,"2020-07-31","17:45:00",3,"ND",38,0,1.25,0,0,0,0,46.22,-97.55,46.22,-97.55,0,0,0,0,0,81,0,0,0
656275,2020,7,31,"2020-07-31","18:00:00",3,"NM",35,0,1,0,0,0,0,36.27,-105.18,36.27,-105.18,0,0,0,0,0,7,0,0,0
656276,2020,7,31,"2020-07-31","18:40:00",3,"NM",35,0,0.88,0,0,0,0,32.3588,-106.6016,32.3588,-106.6016,0,0,0,0,0,13,0,0,0
656277,2020,7,31,"2020-07-31","18:55:00",3,"MT",30,0,2,0,0,0,0,48.5416,-111.1119,48.5416,-111.1119,0,0,0,0,0,51,0,0,0
656278,2020,7,31,"2020-07-31","19:00:00",3,"NM",35,0,1,0,0,0,0,33.36,-105.64,33.36,-105.64,0,0,0,0,0,27,0,0,0
656279,2020,7,31,"2020-07-31","19:10:00",3,"MT",30,0,1.75,0,0,0,0,48.4257,-111.0587,48.4257,-111.0587,0,0,0,0,0,51,0,0,0
656280,2020,7,31,"2020-07-31","19:16:00",3,"CO",8,0,0.75,0,0,0,0,40.15,-104.93,40.15,-104.93,0,0,0,0,0,123,0,0,0
656281,2020,7,31,"2020-07-31","20:43:00",3,"CO",8,0,0.75,0,0,0,0,40.12,-104.96,40.12,-104.96,0,0,0,0,0,123,0,0,0
654890,2020,7,1,"2020-07-01","04:22:00",3,"MO",29,0,1,0,0,0,0,39.05,-94.44,39.05,-94.44,0,0,0,0,0,95,0,0,0
654891,2020,7,1,"2020-07-01","12:00:00",3,"VA",51,0,1,0,0,0,0,37.74,-75.66,37.74,-75.66,0,0,0,0,0,1,0,0,0
654892,2020,7,1,"2020-07-01","12:56:00",3,"CT",9,0,1,0,0,0,0,41.47,-72.28,41.47,-72.28,0,0,0,0,0,11,0,0,0
654893,2020,7,1,"2020-07-01","13:40:00",3,"NJ",34,0,1,0,0,0,0,39.25,-74.73,39.25,-74.73,0,0,0,0,0,9,0,0,0
654894,2020,7,1,"2020-07-01","13:50:00",3,"MD",24,0,1,0,0,0,0,39.0071,-76.5364,39.0071,-76.5364,0,0,0,0,0,3,0,0,0
654895,2020,7,1,"2020-07-01","13:56:00",3,"MD",24,0,1,0,0,0,0,39.0203,-76.4966,39.0203,-76.4966,0,0,0,0,0,3,0,0,0
654896,2020,7,1,"2020-07-01","14:04:00",3,"MD",24,0,1.25,0,0,0,0,39,-76.54,39,-76.54,0,0,0,0,0,3,0,0,0
654897,2020,7,1,"2020-07-01","14:10:00",3,"NJ",34,0,1,0,0,0,0,39.26,-74.6,39.26,-74.6,0,0,0,0,0,9,0,0,0
654898,2020,7,1,"2020-07-01","14:10:00",3,"MD",24,0,1.5,0,0,0,0,38.9788,-76.5388,38.9788,-76.5388,0,0,0,0,0,3,0,0,0
654899,2020,7,1,"2020-07-01","14:27:00",3,"MD",24,0,1.75,0,0,0,0,38.9519,-76.5796,38.9519,-76.5796,0,0,0,0,0,3,0,0,0
654900,2020,7,1,"2020-07-01","15:15:00",3,"NY",36,0,0.88,0,0,0,0,43.07,-75.29,43.07,-75.29,0,0,0,0,0,65,0,0,0
654901,2020,7,1,"2020-07-01","15:34:00",3,"NY",36,0,1,0,0,0,0,40.8656,-72.8646,40.8656,-72.8646,0,0,0,0,0,103,0,0,0
654902,2020,7,1,"2020-07-01","16:08:00",3,"TX",48,0,1,0,0,0,0,34.12,-99.74,34.12,-99.74,0,0,0,0,0,197,0,0,0
654903,2020,7,1,"2020-07-01","16:10:00",3,"TX",48,0,1,0,0,0,0,31.76,-99.96,31.76,-99.96,0,0,0,0,0,399,0,0,0
654904,2020,7,1,"2020-07-01","16:11:00",3,"TX",48,0,1.5,0,0,0,0,31.74,-99.95,31.74,-99.95,0,0,0,0,0,399,0,0,0
654905,2020,7,1,"2020-07-01","17:00:00",3,"TX",48,0,1.75,0,0,0,0,31.06,-100.32,31.06,-100.32,0,0,0,0,0,413,0,0,0
654906,2020,7,1,"2020-07-01","17:27:00",3,"KS",20,0,1.5,0,0,0,0,38.12,-101.25,38.12,-101.25,0,0,0,0,0,93,0,0,0
654907,2020,7,1,"2020-07-01","17:47:00",3,"KS",20,0,1.75,0,0,0,0,38.3937,-101.3852,38.3937,-101.3852,0,0,0,0,0,203,0,0,0
654908,2020,7,1,"2020-07-01","18:05:00",3,"KS",20,0,1.25,0,0,0,0,38.49,-101.3597,38.49,-101.3597,0,0,0,0,0,203,0,0,0
654909,2020,7,1,"2020-07-01","18:13:00",3,"KS",20,0,1.75,0,0,0,0,37.44,-100.99,37.44,-100.99,0,0,0,0,0,81,0,0,0
654910,2020,7,1,"2020-07-01","18:28:00",3,"KS",20,0,1.75,0,0,0,0,37.39,-101.1,37.39,-101.1,0,0,0,0,0,67,0,0,0
654911,2020,7,1,"2020-07-01","18:41:00",3,"KS",20,0,1,0,0,0,0,37.93,-101.52,37.93,-101.52,0,0,0,0,0,93,0,0,0
654912,2020,7,1,"2020-07-01","19:24:00",3,"KS",20,0,1.5,0,0,0,0,37.81,-101.49,37.81,-101.49,0,0,0,0,0,93,0,0,0
654913,2020,7,1,"2020-07-01","19:35:00",3,"ND",38,0,0.88,0,0,0,0,47.68,-99.14,47.68,-99.14,0,0,0,0,0,27,0,0,0
654914,2020,7,2,"2020-07-02","13:21:00",3,"WY",56,0,1.5,0,0,0,0,43.86,-104.2,43.86,-104.2,0,0,0,0,0,45,0,0,0
654915,2020,7,2,"2020-07-02","13:28:00",3,"WY",56,0,1.75,0,0,0,0,43.9001,-104.177,43.9001,-104.177,0,0,0,0,0,45,0,0,0
654916,2020,7,2,"2020-07-02","13:48:00",3,"ME",23,0,1,0,0,0,0,45.0933,-69.6343,45.0933,-69.6343,0,0,0,0,0,21,0,0,0
654917,2020,7,2,"2020-07-02","13:55:00",3,"SD",46,0,1,0,0,0,0,44.6793,-103.3768,44.6793,-103.3768,0,0,0,0,0,19,0,0,0
654918,2020,7,2,"2020-07-02","14:10:00",3,"CO",8,0,1.25,0,0,0,0,39.74,-103.01,39.74,-103.01,0,0,0,0,0,121,0,0,0
654919,2020,7,2,"2020-07-02","14:20:00",3,"SD",46,0,1.25,0,0,0,0,43.9688,-103.7589,43.9688,-103.7589,0,0,0,0,0,103,0,0,0
654920,2020,7,2,"2020-07-02","14:25:00",3,"CO",8,0,1.75,0,0,0,0,39.67,-102.9,39.67,-102.9,0,0,0,0,0,121,0,0,0
654921,2020,7,2,"2020-07-02","14:29:00",3,"CO",8,0,1.75,0,0,0,0,38.13,-102.72,38.13,-102.72,0,0,0,0,0,99,0,0,0
654922,2020,7,2,"2020-07-02","14:37:00",3,"CO",8,0,2.75,0,0,0,0,39.66,-102.99,39.66,-102.99,0,0,0,0,0,121,0,0,0
654923,2020,7,2,"2020-07-02","14:55:00",3,"SD",46,0,0.88,0,0,0,0,44.0234,-103.48,44.0234,-103.48,0,0,0,0,0,103,0,0,0
654924,2020,7,2,"2020-07-02","15:00:00",3,"SD",46,0,1,0,0,0,0,43.84,-103.3305,43.84,-103.3305,0,0,0,0,0,33,0,0,0
654925,2020,7,2,"2020-07-02","15:06:00",3,"SD",46,0,1.5,0,0,0,0,43.84,-103.2903,43.84,-103.2903,0,0,0,0,0,33,0,0,0
654926,2020,7,2,"2020-07-02","15:09:00",3,"SD",46,0,1.5,0,0,0,0,43.87,-103.3702,43.87,-103.3702,0,0,0,0,0,103,0,0,0
654927,2020,7,2,"2020-07-02","15:10:00",3,"CO",8,0,3,0,0,0,0,39.69,-102.98,39.69,-102.98,0,0,0,0,0,121,0,0,0
654928,2020,7,2,"2020-07-02","15:10:00",3,"SD",46,0,1,0,0,0,0,44.0411,-103.48,44.0411,-103.48,0,0,0,0,0,103,0,0,0
654929,2020,7,2,"2020-07-02","15:16:00",3,"SD",46,0,0.88,0,0,0,0,45,-102.7777,45,-102.7777,0,0,0,0,0,93,0,0,0
654930,2020,7,2,"2020-07-02","15:18:00",3,"CO",8,0,1,0,0,0,0,39.64,-102.88,39.64,-102.88,0,0,0,0,0,121,0,0,0
654931,2020,7,2,"2020-07-02","15:20:00",3,"SD",46,0,1.25,0,0,0,0,44.0266,-103.48,44.0266,-103.48,0,0,0,0,0,103,0,0,0
654932,2020,7,2,"2020-07-02","15:20:00",3,"ND",38,0,1.5,0,0,0,0,46.9,-102.43,46.9,-102.43,0,0,0,0,0,89,0,0,0
654933,2020,7,2,"2020-07-02","15:23:00",3,"NE",31,0,0.75,0,0,0,0,42.69,-103.41,42.69,-103.41,0,0,0,0,0,45,0,0,0
654934,2020,7,2,"2020-07-02","15:30:00",3,"SD",46,0,1.25,0,0,0,0,44.08,-103.2904,44.08,-103.2904,0,0,0,0,0,103,0,0,0
654935,2020,7,2,"2020-07-02","15:30:00",3,"SD",46,0,1.25,0,0,0,0,45.633,-102.998,45.633,-102.998,0,0,0,0,0,63,0,0,0
654936,2020,7,2,"2020-07-02","15:33:00",3,"CO",8,0,1,0,0,0,1000,39.6109,-102.7631,39.6109,-102.7631,0,0,0,0,0,125,0,0,0
654937,2020,7,2,"2020-07-02","15:34:00",3,"SD",46,0,1,0,0,0,0,44.0391,-103.287,44.0391,-103.287,0,0,0,0,0,103,0,0,0
654938,2020,7,2,"2020-07-02","15:35:00",3,"CO",8,0,0.88,0,0,0,0,39.6269,-102.715,39.6269,-102.715,0,0,0,0,0,125,0,0,0
654939,2020,7,2,"2020-07-02","15:35:00",3,"NE",31,0,1.5,0,0,0,0,41.03,-103.05,41.03,-103.05,0,0,0,0,0,33,0,0,0
654940,2020,7,2,"2020-07-02","15:41:00",3,"NE",31,0,0.88,0,0,0,0,41.59,-103.3,41.59,-103.3,0,0,0,0,0,123,0,0,0
654941,2020,7,2,"2020-07-02","15:46:00",3,"ND",38,0,1.25,0,0,0,0,47.1,-102.41,47.1,-102.41,0,0,0,0,0,25,0,0,0
654942,2020,7,2,"2020-07-02","15:48:00",3,"NE",31,0,1.5,0,0,0,0,41.13,-102.99,41.13,-102.99,0,0,0,0,0,33,0,0,0
654943,2020,7,2,"2020-07-02","15:50:00",3,"NE",31,0,1,0,0,0,0,40.3077,-101.7699,40.3077,-101.7699,0,0,0,0,0,57,0,0,0
654944,2020,7,2,"2020-07-02","15:50:00",3,"NE",31,0,1.5,0,0,0,0,40.44,-101.72,40.44,-101.72,0,0,0,0,0,29,0,0,0
654945,2020,7,2,"2020-07-02","15:52:00",3,"CO",8,0,1,0,0,0,0,39.5099,-102.747,39.5099,-102.747,0,0,0,0,0,63,0,0,0
654946,2020,7,2,"2020-07-02","15:52:00",3,"KS",20,0,0.75,0,0,0,0,37.07,-94.64,37.07,-94.64,0,0,0,0,0,21,0,0,0
654947,2020,7,2,"2020-07-02","15:53:00",3,"NE",31,0,1.5,0,0,0,0,41.19,-102.97,41.19,-102.97,0,0,0,0,0,33,0,0,0
654948,2020,7,2,"2020-07-02","15:53:00",3,"CO",8,0,1.75,0,0,0,0,39.3,-102.26,39.3,-102.26,0,0,0,0,0,63,0,0,0
654949,2020,7,2,"2020-07-02","16:00:00",3,"SD",46,0,2,0,0,0,0,43.8967,-103.3146,43.8967,-103.3146,0,0,0,0,0,103,0,0,0
654950,2020,7,2,"2020-07-02","16:02:00",3,"CO",8,0,1.25,0,0,0,0,39.5486,-102.5887,39.5486,-102.5887,0,0,0,0,0,63,0,0,0
654951,2020,7,2,"2020-07-02","16:09:00",3,"NE",31,0,1.25,0,0,0,0,40.57,-101.64,40.57,-101.64,0,0,0,0,0,29,0,0,0
654952,2020,7,2,"2020-07-02","16:10:00",3,"SD",46,0,2,0,0,0,0,43.9379,-103.2857,43.9379,-103.2857,0,0,0,0,0,103,0,0,0
654953,2020,7,2,"2020-07-02","16:10:00",3,"FL",12,0,1,0,0,0,0,26.1,-80.25,26.1,-80.25,0,0,0,0,0,11,0,0,0
654954,2020,7,2,"2020-07-02","16:10:00",3,"SD",46,0,1,0,0,0,0,43.9932,-103.2485,43.9932,-103.2485,0,0,0,0,0,103,0,0,0
654955,2020,7,2,"2020-07-02","16:17:00",3,"ND",38,0,1,0,0,0,0,47.23,-102.44,47.23,-102.44,0,0,0,0,0,25,0,0,0
654956,2020,7,2,"2020-07-02","16:20:00",3,"SD",46,0,1.5,0,0,0,0,43.98,-103.17,43.98,-103.17,0,0,0,0,0,103,0,0,0
654957,2020,7,2,"2020-07-02","16:20:00",3,"SD",46,0,1.75,0,0,0,0,43.96,-103.21,43.96,-103.21,0,0,0,0,0,103,0,0,0
654958,2020,7,2,"2020-07-02","16:20:00",3,"NE",31,0,1.75,0,0,0,0,42.6,-103.3,42.6,-103.3,0,0,0,0,0,45,0,0,0
654959,2020,7,2,"2020-07-02","16:25:00",3,"ME",23,0,0.75,0,0,0,0,44.8,-68.77,44.8,-68.77,0,0,0,0,0,19,0,0,0
654960,2020,7,2,"2020-07-02","16:25:00",3,"CO",8,0,1,0,0,0,0,39.4817,-102.41,39.4817,-102.41,0,0,0,0,0,63,0,0,0
654961,2020,7,2,"2020-07-02","16:26:00",3,"NE",31,0,1.25,0,0,0,0,40.85,-101.54,40.85,-101.54,0,0,0,0,0,135,0,0,0
654962,2020,7,2,"2020-07-02","16:28:00",3,"ND",38,0,1,0,0,0,0,47.45,-102.26,47.45,-102.26,0,0,0,0,0,25,0,0,0
654963,2020,7,2,"2020-07-02","16:30:00",3,"KS",20,0,1,0,0,0,0,38.64,-100.77,38.64,-100.77,0,0,0,0,0,171,0,0,0
654964,2020,7,2,"2020-07-02","16:33:00",3,"OK",40,0,0.88,0,0,0,0,36.68,-101.47,36.68,-101.47,0,0,0,0,0,139,0,0,0
654965,2020,7,2,"2020-07-02","16:44:00",3,"KS",20,0,1,0,0,0,0,38.54,-100.8,38.54,-100.8,0,0,0,0,0,171,0,0,0
654966,2020,7,2,"2020-07-02","16:45:00",3,"KS",20,0,1.25,0,0,0,0,39.999,-101.5426,39.999,-101.5426,0,0,0,0,0,23,0,0,0
654967,2020,7,2,"2020-07-02","16:45:00",3,"NE",31,0,1,0,0,0,0,40.05,-101.53,40.05,-101.53,0,0,0,0,0,57,0,0,0
654968,2020,7,2,"2020-07-02","16:48:00",3,"SD",46,0,1,0,0,0,0,44.653,-102.28,44.653,-102.28,0,0,0,0,0,93,0,0,0
654969,2020,7,2,"2020-07-02","16:50:00",3,"ND",38,0,1.75,0,0,0,0,46.54,-102.85,46.54,-102.85,0,0,0,0,0,41,0,0,0
654970,2020,7,2,"2020-07-02","16:51:00",3,"NE",31,0,1.5,0,0,0,0,41.17,-101.58,41.17,-101.58,0,0,0,0,0,101,0,0,0
654971,2020,7,2,"2020-07-02","16:53:00",3,"NE",31,0,1,0,0,0,0,41.67,-103.1,41.67,-103.1,0,0,0,0,0,123,0,0,0
654972,2020,7,2,"2020-07-02","17:00:00",3,"ND",38,0,1.75,0,0,0,0,46.54,-102.87,46.54,-102.87,0,0,0,0,0,41,0,0,0
654973,2020,7,2,"2020-07-02","17:05:00",3,"KS",20,0,1.75,0,0,0,0,38.57,-100.79,38.57,-100.79,0,0,0,0,0,171,0,0,0
654974,2020,7,2,"2020-07-02","17:15:00",3,"NE",31,0,2.75,0,0,0,0,42.46,-103.23,42.46,-103.23,0,0,0,0,0,45,0,0,0
654975,2020,7,2,"2020-07-02","17:16:00",3,"KS",20,0,1.75,0,0,0,0,38.57,-100.78,38.57,-100.78,0,0,0,0,0,171,0,0,0
654976,2020,7,2,"2020-07-02","17:28:00",3,"KS",20,0,1.5,0,0,0,0,39.1299,-100.85,39.1299,-100.85,0,0,0,0,0,109,0,0,0
654977,2020,7,2,"2020-07-02","17:45:00",3,"ND",38,0,0.88,0,0,0,0,46.56,-103.02,46.56,-103.02,0,0,0,0,0,87,0,0,0
654978,2020,7,2,"2020-07-02","17:56:00",3,"KS",20,0,1,0,0,0,0,39.3987,-100.7385,39.3987,-100.7385,0,0,0,0,0,193,0,0,0
654979,2020,7,2,"2020-07-02","19:21:00",3,"NE",31,0,1.75,0,0,0,0,42.94,-101.25,42.94,-101.25,0,0,0,0,0,31,0,0,0
654980,2020,7,2,"2020-07-02","19:30:00",3,"NE",31,0,1,0,0,0,0,42.82,-101.18,42.82,-101.18,0,0,0,0,0,31,0,0,0
654981,2020,7,2,"2020-07-02","19:35:00",3,"SD",46,0,1.25,0,0,0,0,44.16,-101.36,44.16,-101.36,0,0,0,0,0,55,0,0,0
654982,2020,7,2,"2020-07-02","19:48:00",3,"SD",46,0,1.5,0,0,0,0,44.2,-101.2,44.2,-101.2,0,0,0,0,0,55,0,0,0
654983,2020,7,2,"2020-07-02","20:05:00",3,"SD",46,0,0.75,0,0,0,0,44.2,-101.1,44.2,-101.1,0,0,0,0,0,117,0,0,0
654984,2020,7,3,"2020-07-03","05:05:00",3,"ND",38,0,1,0,0,0,0,46.89,-102.79,46.89,-102.79,0,0,0,0,0,89,0,0,0
654985,2020,7,3,"2020-07-03","05:07:00",3,"ND",38,0,0.88,0,0,0,0,46.88,-102.79,46.88,-102.79,0,0,0,0,0,89,0,0,0
654986,2020,7,3,"2020-07-03","12:20:00",3,"ND",38,0,0.75,0,0,0,0,48.15,-103.62,48.15,-103.62,0,0,0,0,0,105,0,0,0
654987,2020,7,3,"2020-07-03","13:56:00",3,"CO",8,0,1,0,0,0,0,39.07,-104.7,39.07,-104.7,0,0,0,0,0,41,0,0,0
654988,2020,7,3,"2020-07-03","14:48:00",3,"CO",8,0,1,0,0,0,0,39.39,-104.91,39.39,-104.91,0,0,0,0,0,35,0,0,0
654989,2020,7,3,"2020-07-03","14:54:00",3,"CO",8,0,1,0,0,0,0,39.4,-104.9,39.4,-104.9,0,0,0,0,0,35,0,0,0
654990,2020,7,3,"2020-07-03","15:05:00",3,"CO",8,0,0.88,0,0,0,0,39.56,-104.74,39.56,-104.74,0,0,0,0,0,35,0,0,0
654991,2020,7,3,"2020-07-03","15:57:00",3,"WY",56,0,0.88,0,0,0,0,41.17,-104.79,41.17,-104.79,0,0,0,0,0,21,0,0,0
654992,2020,7,3,"2020-07-03","16:32:00",3,"CO",8,0,1,0,0,0,0,38.11,-102.96,38.11,-102.96,0,0,0,0,0,11,0,0,0
654993,2020,7,3,"2020-07-03","17:30:00",3,"CO",8,0,1.75,0,0,0,0,38.51,-102.97,38.51,-102.97,0,0,0,0,0,61,0,0,0
654994,2020,7,3,"2020-07-03","17:38:00",3,"CO",8,0,0.88,0,0,0,0,40.17,-103.79,40.17,-103.79,0,0,0,0,0,87,0,0,0
654995,2020,7,3,"2020-07-03","17:45:00",3,"MT",30,0,1,0,0,0,0,45.25,-105.32,45.25,-105.32,0,0,0,0,0,75,0,0,0
654996,2020,7,3,"2020-07-03","17:57:00",3,"CO",8,0,1,0,0,0,0,39.95,-103.59,39.95,-103.59,0,0,0,0,0,121,0,0,0
654997,2020,7,3,"2020-07-03","18:00:00",3,"CO",8,0,1,0,0,0,0,38.6918,-102.8164,38.6918,-102.8164,0,0,0,0,0,17,0,0,0
654998,2020,7,3,"2020-07-03","18:04:00",3,"CO",8,0,0.88,0,0,0,0,39.74,-103.41,39.74,-103.41,0,0,0,0,0,121,0,0,0
654999,2020,7,3,"2020-07-03","18:20:00",3,"MO",29,0,0.88,0,0,0,0,37.41,-94.3,37.41,-94.3,0,0,0,0,0,11,0,0,0
655000,2020,7,3,"2020-07-03","18:49:00",3,"MT",30,0,1.75,0,0,0,0,47.56,-106.22,47.56,-106.22,0,0,0,0,0,55,0,0,0
655001,2020,7,3,"2020-07-03","19:02:00",3,"CO",8,0,1.5,0,0,0,0,39.0267,-102.632,39.0267,-102.632,0,0,0,0,0,17,0,0,0
655002,2020,7,3,"2020-07-03","19:05:00",3,"NE",31,0,0.75,0,0,0,0,41.15,-103.89,41.15,-103.89,0,0,0,0,0,105,0,0,0
655003,2020,7,3,"2020-07-03","19:11:00",3,"NE",31,0,1,0,0,0,0,41.16,-103.85,41.16,-103.85,0,0,0,0,0,105,0,0,0
655004,2020,7,3,"2020-07-03","19:15:00",3,"MT",30,0,1,0,0,0,0,47.29,-105.86,47.29,-105.86,0,0,0,0,0,55,0,0,0
655005,2020,7,3,"2020-07-03","19:35:00",3,"SD",46,0,1.75,0,0,0,0,45.6436,-103.9246,45.6436,-103.9246,0,0,0,0,0,63,0,0,0
655006,2020,7,3,"2020-07-03","19:40:00",3,"MT",30,0,1,0,0,0,0,47.8,-106.16,47.8,-106.16,0,0,0,0,0,55,0,0,0
655007,2020,7,3,"2020-07-03","20:00:00",3,"MT",30,0,1,0,0,0,0,46.99,-104.3,46.99,-104.3,0,0,0,0,0,109,0,0,0
655008,2020,7,3,"2020-07-03","22:00:00",3,"ND",38,0,1,0,0,0,0,45.97,-102.47,45.97,-102.47,0,0,0,0,0,1,0,0,0
655009,2020,7,3,"2020-07-03","23:06:00",3,"ND",38,0,0.88,0,0,0,0,46.02,-102.95,46.02,-102.95,0,0,0,0,0,1,0,0,0
655010,2020,7,3,"2020-07-03","23:10:00",3,"ND",38,0,0.88,0,0,0,0,46.09,-102.85,46.09,-102.85,0,0,0,0,0,1,0,0,0
655011,2020,7,3,"2020-07-03","23:15:00",3,"MN",27,0,1,0,0,0,0,48.34,-96.6,48.34,-96.6,0,0,0,0,0,89,0,0,0
655012,2020,7,3,"2020-07-03","23:20:00",3,"MN",27,0,0.75,0,0,0,0,48.36,-96.57,48.36,-96.57,0,0,0,0,0,89,0,0,0
655013,2020,7,4,"2020-07-04","01:30:00",3,"MN",27,0,1,0,0,0,0,48.6,-97.13,48.6,-97.13,0,0,0,0,0,69,0,0,0
655014,2020,7,4,"2020-07-04","06:05:00",3,"SD",46,0,1,0,0,0,0,45.64,-100.52,45.64,-100.52,0,0,0,0,0,31,0,0,0
655015,2020,7,4,"2020-07-04","08:10:00",3,"SD",46,0,1.75,0,0,0,0,45.22,-98.78,45.22,-98.78,0,0,0,0,0,49,0,0,0
655016,2020,7,4,"2020-07-04","09:15:00",3,"ND",38,0,0.88,0,0,0,0,47.9,-97.07,47.9,-97.07,0,0,0,0,0,35,0,0,0
655017,2020,7,4,"2020-07-04","14:20:00",3,"SD",46,0,1,0,0,0,0,44.22,-103.77,44.22,-103.77,0,0,0,0,0,81,0,0,0
655018,2020,7,4,"2020-07-04","14:45:00",3,"TX",48,0,1.5,0,0,0,0,35.5155,-100.97,35.55,-100.96,0,0,0,0,0,179,0,0,0
655019,2020,7,4,"2020-07-04","14:58:00",3,"ND",38,0,1,0,0,0,0,46.35,-98.92,46.35,-98.92,0,0,0,0,0,45,0,0,0
655020,2020,7,4,"2020-07-04","15:08:00",3,"FL",12,0,0.75,0,0,0,0,26.25,-80.21,26.25,-80.21,0,0,0,0,0,11,0,0,0
655021,2020,7,4,"2020-07-04","15:27:00",3,"ND",38,0,1,0,0,0,0,46.3,-98.85,46.3,-98.85,0,0,0,0,0,45,0,0,0
655022,2020,7,4,"2020-07-04","15:49:00",3,"ND",38,0,1.25,0,0,0,0,46.3,-99.14,46.3,-99.14,0,0,0,0,0,47,0,0,0
655023,2020,7,4,"2020-07-04","15:55:00",3,"WY",56,0,0.88,0,0,0,0,43.12,-107.35,43.12,-107.35,0,0,0,0,0,25,0,0,0
655024,2020,7,4,"2020-07-04","16:01:00",3,"SD",46,0,1,0,0,0,0,43.7834,-103.6077,43.7834,-103.6077,0,0,0,0,0,33,0,0,0
655025,2020,7,4,"2020-07-04","16:30:00",3,"ND",38,0,1.5,0,0,0,0,46.32,-98.95,46.32,-98.95,0,0,0,0,0,45,0,0,0
655026,2020,7,4,"2020-07-04","16:38:00",3,"ND",38,0,0.88,0,0,0,0,46.03,-99.38,46.03,-99.38,0,0,0,0,0,51,0,0,0
655027,2020,7,4,"2020-07-04","17:15:00",3,"SD",46,0,1,0,0,0,0,43.13,-103.73,43.13,-103.73,0,0,0,0,0,47,0,0,0
655028,2020,7,4,"2020-07-04","17:16:00",3,"MN",27,0,1.25,0,0,0,0,47.89,-92.48,47.89,-92.48,0,0,0,0,0,137,0,0,0
655029,2020,7,4,"2020-07-04","17:30:00",3,"MN",27,0,1,0,0,0,0,48.6,-95.73,48.6,-95.73,0,0,0,0,0,135,0,0,0
655030,2020,7,4,"2020-07-04","17:50:00",3,"ND",38,0,1.75,0,0,0,0,47.01,-98.71,47.01,-98.71,0,0,0,0,0,93,0,0,0
655031,2020,7,4,"2020-07-04","17:58:00",3,"MT",30,0,1,0,0,0,0,47.15,-110.23,47.15,-110.23,0,0,0,0,0,45,0,0,0
655032,2020,7,4,"2020-07-04","18:30:00",3,"MN",27,0,0.88,0,0,0,0,48.85,-95.76,48.85,-95.76,0,0,0,0,0,135,0,0,0
655033,2020,7,4,"2020-07-04","19:32:00",3,"SD",46,0,1,0,0,0,0,45.54,-100,45.54,-100,0,0,0,0,0,129,0,0,0
655034,2020,7,4,"2020-07-04","20:10:00",3,"SD",46,0,1.75,0,0,0,0,45.22,-98.78,45.22,-98.78,0,0,0,0,0,49,0,0,0
655035,2020,7,4,"2020-07-04","20:10:00",3,"MT",30,0,1.5,0,0,0,0,48.69,-105.49,48.69,-105.49,0,0,0,0,0,19,0,0,0
655036,2020,7,4,"2020-07-04","20:15:00",3,"MT",30,0,1.5,0,0,0,0,47.77,-106.29,47.77,-106.29,0,0,0,0,0,33,0,0,0
655037,2020,7,4,"2020-07-04","20:20:00",3,"SD",46,0,1,0,0,0,0,45.44,-99.84,45.44,-99.84,0,0,0,0,0,129,0,0,0
655038,2020,7,4,"2020-07-04","20:30:00",3,"MT",30,0,1,0,0,0,0,48.05,-106.23,48.05,-106.23,0,0,0,0,0,105,0,0,0
655039,2020,7,4,"2020-07-04","20:30:00",3,"SD",46,0,1,0,0,0,0,45.39,-99.78,45.39,-99.78,0,0,0,0,0,129,0,0,0
655040,2020,7,4,"2020-07-04","20:35:00",3,"MT",30,0,1.75,0,0,0,0,48.06,-106.23,48.06,-106.23,0,0,0,0,0,105,0,0,0
655041,2020,7,4,"2020-07-04","20:47:00",3,"SD",46,0,1.75,0,0,0,0,45.31,-99.66,45.31,-99.66,0,0,0,0,0,45,0,0,0
655042,2020,7,4,"2020-07-04","23:01:00",3,"SD",46,0,1,0,0,0,0,44.64,-99.37,44.64,-99.37,0,0,0,0,0,69,0,0,0
655043,2020,7,4,"2020-07-04","23:39:00",3,"SD",46,0,0.75,0,0,0,0,44.18,-98.91,44.18,-98.91,0,0,0,0,0,73,0,0,0
655044,2020,7,5,"2020-07-05","12:10:00",3,"SD",46,0,1,0,0,0,0,44.62,-98.58,44.62,-98.58,0,0,0,0,0,5,0,0,0
655045,2020,7,5,"2020-07-05","12:57:00",3,"MD",24,0,1.25,0,0,0,0,39.4538,-76.2654,39.4538,-76.2654,0,0,0,0,0,25,0,0,0
655046,2020,7,5,"2020-07-05","13:27:00",3,"MD",24,0,1.5,0,0,0,0,39.4205,-76.2992,39.4205,-76.2992,0,0,0,0,0,25,0,0,0
655047,2020,7,5,"2020-07-05","13:28:00",3,"MD",24,0,1.25,0,0,0,0,39.3123,-76.3823,39.3123,-76.3823,0,0,0,0,0,5,0,0,0
655048,2020,7,5,"2020-07-05","13:34:00",3,"MI",26,0,0.88,0,0,0,0,45.71,-87.45,45.71,-87.45,0,0,0,0,0,109,0,0,0
655049,2020,7,5,"2020-07-05","13:40:00",3,"FL",12,0,0.88,0,0,0,0,26.6761,-80.0638,26.6761,-80.0638,0,0,0,0,0,99,0,0,0
655050,2020,7,5,"2020-07-05","13:40:00",3,"FL",12,0,1,0,0,0,0,26.69,-80.07,26.69,-80.07,0,0,0,0,0,99,0,0,0
655051,2020,7,5,"2020-07-05","13:47:00",3,"VA",51,0,1.25,0,0,0,0,38.765,-78.3883,38.765,-78.3883,0,0,0,0,0,139,0,0,0
655052,2020,7,5,"2020-07-05","14:00:00",3,"NC",37,0,1,0,0,0,0,36.21,-81.26,36.2132,-81.2527,0,0,0,0,0,193,0,0,0
655053,2020,7,5,"2020-07-05","14:15:00",3,"MN",27,0,1,0,0,0,0,47,-92.13,47,-92.13,0,0,0,0,0,137,0,0,0
655054,2020,7,5,"2020-07-05","14:30:00",3,"MO",29,0,1,0,0,0,0,38.77,-90.75,38.77,-90.75,0,0,0,0,0,183,0,0,0
655055,2020,7,5,"2020-07-05","14:33:00",3,"ND",38,0,1,0,0,10000,0,46.64,-102.77,46.64,-102.77,0,0,0,0,0,89,0,0,0
655056,2020,7,5,"2020-07-05","14:57:00",3,"SD",46,0,1,0,0,0,0,44.07,-103.48,44.07,-103.48,0,0,0,0,0,103,0,0,0
655057,2020,7,5,"2020-07-05","15:00:00",3,"SD",46,0,2,0,0,0,0,44.0411,-103.48,44.0411,-103.48,0,0,0,0,0,103,0,0,0
655058,2020,7,5,"2020-07-05","15:03:00",3,"VA",51,0,1,0,0,0,0,38.9292,-77.3892,38.9292,-77.3892,0,0,0,0,0,59,0,0,0
655059,2020,7,5,"2020-07-05","15:03:00",3,"SD",46,0,1,0,0,0,0,44.0234,-103.48,44.0234,-103.48,0,0,0,0,0,103,0,0,0
655060,2020,7,5,"2020-07-05","15:10:00",3,"ND",38,0,1,0,0,0,0,46.13,-97.92,46.13,-97.92,0,0,0,0,0,81,0,0,0
655061,2020,7,5,"2020-07-05","15:13:00",3,"SD",46,0,1.5,0,0,0,0,44.0288,-103.3012,44.0288,-103.3012,0,0,0,0,0,103,0,0,0
655062,2020,7,5,"2020-07-05","15:20:00",3,"VA",51,0,1,0,0,0,0,38.1625,-79.0714,38.1625,-79.0714,0,0,0,0,0,15,0,0,0
655063,2020,7,5,"2020-07-05","15:20:00",3,"MN",27,0,1.5,0,0,0,0,46.98,-92.12,46.98,-92.12,0,0,0,0,0,137,0,0,0
655064,2020,7,5,"2020-07-05","15:23:00",3,"TX",48,0,1,0,0,0,0,32.8408,-96.596,32.8408,-96.596,0,0,0,0,0,113,0,0,0
655065,2020,7,5,"2020-07-05","15:23:00",3,"SD",46,0,1.25,0,0,0,0,44.0391,-103.287,44.0391,-103.287,0,0,0,0,0,103,0,0,0
655066,2020,7,5,"2020-07-05","15:23:00",3,"MN",27,0,1.5,0,0,0,0,47,-92.12,47,-92.12,0,0,0,0,0,137,0,0,0
655067,2020,7,5,"2020-07-05","15:25:00",3,"SD",46,0,0.75,0,0,0,0,44.0009,-103.3031,44.0009,-103.3031,0,0,0,0,0,103,0,0,0
655068,2020,7,5,"2020-07-05","15:27:00",3,"KY",21,0,1,0,0,0,0,37.5683,-85.7396,37.5683,-85.7396,0,0,0,0,0,123,0,0,0
655069,2020,7,5,"2020-07-05","15:27:00",3,"KY",21,0,1,0,0,0,0,37.57,-85.74,37.57,-85.74,0,0,0,0,0,123,0,0,0
655070,2020,7,5,"2020-07-05","15:30:00",3,"ND",38,0,2,0,0,25000,0,46.55,-101.89,46.55,-101.89,0,0,0,0,0,37,0,0,0
655071,2020,7,5,"2020-07-05","15:33:00",3,"ND",38,0,1.25,0,0,0,0,46.62,-101.81,46.62,-101.81,0,0,0,0,0,37,0,0,0
655072,2020,7,5,"2020-07-05","15:35:00",3,"SD",46,0,2.5,0,0,0,0,43.96,-103.3399,43.96,-103.3399,0,0,0,0,0,103,0,0,0
655073,2020,7,5,"2020-07-05","15:35:00",3,"KY",21,0,1,0,0,0,0,37.59,-85.78,37.59,-85.78,0,0,0,0,0,123,0,0,0
655074,2020,7,5,"2020-07-05","15:35:00",3,"ND",38,0,1.75,0,0,0,0,46.57,-101.84,46.57,-101.84,0,0,0,0,0,37,0,0,0
655075,2020,7,5,"2020-07-05","15:35:00",3,"ND",38,0,1.5,0,0,0,0,46.53,-101.81,46.53,-101.81,0,0,0,0,0,37,0,0,0
655076,2020,7,5,"2020-07-05","15:40:00",3,"SD",46,0,1,0,0,0,0,43.96,-103.2193,43.96,-103.2193,0,0,0,0,0,103,0,0,0
655077,2020,7,5,"2020-07-05","15:40:00",3,"ND",38,0,3,0,0,50000,150000,46.5,-101.74,46.5,-101.74,0,0,0,0,0,37,0,0,0
655078,2020,7,5,"2020-07-05","15:43:00",3,"ND",38,0,1,0,0,0,0,46.57,-101.83,46.57,-101.83,0,0,0,0,0,37,0,0,0
655079,2020,7,5,"2020-07-05","15:45:00",3,"ND",38,0,1.75,0,0,0,0,46.55,-101.77,46.55,-101.77,0,0,0,0,0,37,0,0,0
655080,2020,7,5,"2020-07-05","15:45:00",3,"ND",38,0,2,0,0,0,0,46.53,-101.65,46.53,-101.65,0,0,0,0,0,37,0,0,0
655081,2020,7,5,"2020-07-05","15:50:00",3,"ND",38,0,2.5,0,0,0,0,46.53,-101.64,46.53,-101.64,0,0,0,0,0,37,0,0,0
655082,2020,7,5,"2020-07-05","15:51:00",3,"SD",46,0,1,0,0,0,0,43.98,-103.17,43.98,-103.17,0,0,0,0,0,103,0,0,0
655083,2020,7,5,"2020-07-05","15:56:00",3,"MT",30,0,1.25,0,0,0,0,48.14,-104.52,48.14,-104.52,0,0,0,0,0,85,0,0,0
655084,2020,7,5,"2020-07-05","15:56:00",3,"WI",55,0,0.88,0,0,0,0,45.66,-92.68,45.66,-92.68,0,0,0,0,0,13,0,0,0
655085,2020,7,5,"2020-07-05","16:09:00",3,"TX",48,0,1,0,0,0,0,32.86,-96.42,32.86,-96.42,0,0,0,0,0,397,0,0,0
655086,2020,7,5,"2020-07-05","16:09:00",3,"SD",46,0,1,0,0,0,0,43.9102,-103.4058,43.9102,-103.4058,0,0,0,0,0,103,0,0,0
655087,2020,7,5,"2020-07-05","16:22:00",3,"SD",46,0,1.25,0,0,0,0,43.99,-100.67,43.99,-100.67,0,0,0,0,0,75,0,0,0
655088,2020,7,5,"2020-07-05","16:22:00",3,"SD",46,0,1.5,0,0,0,0,43.84,-103.3305,43.84,-103.3305,0,0,0,0,0,33,0,0,0
655089,2020,7,5,"2020-07-05","16:26:00",3,"SD",46,0,1.75,0,0,0,0,43.84,-103.3505,43.84,-103.3505,0,0,0,0,0,33,0,0,0
655090,2020,7,5,"2020-07-05","16:26:00",3,"SD",46,0,2,0,0,0,0,43.8677,-103.2827,43.8677,-103.2827,0,0,0,0,0,33,0,0,0
655091,2020,7,5,"2020-07-05","16:38:00",3,"SD",46,0,1.25,0,0,0,0,44.43,-99.8,44.43,-99.8,0,0,0,0,0,65,0,0,0
655092,2020,7,5,"2020-07-05","16:42:00",3,"VA",51,0,1,0,0,0,0,37.31,-78.83,37.31,-78.83,0,0,0,0,0,11,0,0,0
655093,2020,7,5,"2020-07-05","16:45:00",3,"ND",38,0,1,0,0,0,0,46.49,-101.08,46.49,-101.08,0,0,0,0,0,59,0,0,0
655094,2020,7,5,"2020-07-05","17:00:00",3,"AL",1,0,0.88,0,0,0,0,34.7345,-86.21,34.7345,-86.21,0,0,0,0,0,71,0,0,0
655095,2020,7,5,"2020-07-05","17:15:00",3,"MT",30,0,0.75,0,0,0,0,45.39,-109.72,45.39,-109.72,0,0,0,0,0,95,0,0,0
655096,2020,7,5,"2020-07-05","17:18:00",3,"SD",46,0,0.75,0,0,0,0,44.5,-99.95,44.5,-99.95,0,0,0,0,0,65,0,0,0
655097,2020,7,5,"2020-07-05","17:18:00",3,"ND",38,0,1,0,0,0,0,46.42,-101.57,46.42,-101.57,0,0,0,0,0,37,0,0,0
655098,2020,7,5,"2020-07-05","17:20:00",3,"MN",27,0,1.25,0,0,0,0,47.92,-92.52,47.92,-92.52,0,0,0,0,0,137,0,0,0
655099,2020,7,5,"2020-07-05","17:35:00",3,"MT",30,0,0.88,0,0,0,0,45.37,-109.5,45.37,-109.5,0,0,0,0,0,9,0,0,0
655100,2020,7,5,"2020-07-05","18:07:00",3,"SD",46,0,1.25,0,0,0,0,45.3591,-103.8883,45.3591,-103.8883,0,0,0,0,0,63,0,0,0
655101,2020,7,5,"2020-07-05","18:10:00",3,"NH",33,0,1.25,0,0,0,0,42.98,-72.28,42.98,-72.28,0,0,0,0,0,5,0,0,0
655102,2020,7,5,"2020-07-05","18:10:00",3,"ND",38,0,0.75,0,0,0,0,48.91,-103.3,48.91,-103.3,0,0,0,0,0,23,0,0,0
655103,2020,7,5,"2020-07-05","18:20:00",3,"SD",46,0,2,0,0,0,0,45.8379,-103.07,45.8379,-103.07,0,0,0,0,0,63,0,0,0
655104,2020,7,5,"2020-07-05","18:20:00",3,"WI",55,0,0.88,0,0,0,0,46.52,-92.14,46.52,-92.14,0,0,0,0,0,31,0,0,0
655105,2020,7,5,"2020-07-05","18:23:00",3,"WI",55,0,1,0,0,0,0,46.54,-92.12,46.54,-92.12,0,0,0,0,0,31,0,0,0
655106,2020,7,5,"2020-07-05","18:28:00",3,"WY",56,0,1.75,0,0,0,0,44.18,-105.9,44.18,-105.9,0,0,0,0,0,5,0,0,0
655107,2020,7,5,"2020-07-05","18:33:00",3,"TX",48,0,1.5,0,0,0,0,34.83,-102.81,34.83,-102.81,0,0,0,0,0,117,0,0,0
655108,2020,7,5,"2020-07-05","18:35:00",3,"SD",46,0,1.5,0,0,0,0,45.88,-103.07,45.88,-103.07,0,0,0,0,0,63,0,0,0
655109,2020,7,5,"2020-07-05","18:35:00",3,"ND",38,0,1,0,0,0,25000,48.86,-103.06,48.86,-103.06,0,0,0,0,0,23,0,0,0
655110,2020,7,5,"2020-07-05","18:40:00",3,"SD",46,0,1,0,0,0,0,45.4443,-103.6776,45.4443,-103.6776,0,0,0,0,0,63,0,0,0
655111,2020,7,5,"2020-07-05","18:48:00",3,"ND",38,0,1.25,0,0,0,0,48.82,-102.95,48.82,-102.95,0,0,0,0,0,23,0,0,0
655112,2020,7,5,"2020-07-05","19:05:00",3,"VA",51,0,0.88,0,0,0,0,37.31,-78.9,37.31,-78.9,0,0,0,0,0,11,0,0,0
655113,2020,7,5,"2020-07-05","19:06:00",3,"SD",46,0,0.88,0,0,0,0,45.78,-99.15,45.78,-99.15,0,0,0,0,0,89,0,0,0
655114,2020,7,5,"2020-07-05","19:25:00",3,"MT",30,0,0.88,0,0,0,0,45.53,-107.42,45.53,-107.42,0,0,0,0,0,3,0,0,0
655115,2020,7,5,"2020-07-05","19:25:00",3,"WY",56,0,1,0,0,0,0,44.54,-105.5,44.54,-105.5,0,0,0,0,0,5,0,0,0
655116,2020,7,5,"2020-07-05","19:46:00",3,"WY",56,0,1,0,0,0,0,44.52,-105.64,44.52,-105.64,0,0,0,0,0,5,0,0,0
655117,2020,7,5,"2020-07-05","20:10:00",3,"WY",56,0,1,0,0,0,0,44.85,-104.56,44.85,-104.56,0,0,0,0,0,11,0,0,0
655118,2020,7,5,"2020-07-05","20:17:00",3,"WY",56,0,1,0,0,0,0,44.76,-105.17,44.76,-105.17,0,0,0,0,0,5,0,0,0
655119,2020,7,5,"2020-07-05","20:20:00",3,"SD",46,0,1,0,0,0,0,45.2,-103.49,45.2,-103.49,0,0,0,0,0,19,0,0,0
655120,2020,7,5,"2020-07-05","20:28:00",3,"MT",30,0,1,0,0,0,0,45.05,-104.46,45.05,-104.46,0,0,0,0,0,11,0,0,0
655121,2020,7,6,"2020-07-06","07:15:00",3,"SD",46,0,1.25,0,0,0,0,44,-97.37,44,-97.37,0,0,0,0,0,79,0,0,0
655122,2020,7,6,"2020-07-06","10:55:00",3,"PA",42,0,0.88,0,0,0,0,40.09,-75.02,40.09,-75.02,0,0,0,0,0,101,0,0,0
655123,2020,7,6,"2020-07-06","10:56:00",3,"PA",42,0,0.75,0,0,0,0,40.08,-75,40.08,-75,0,0,0,0,0,101,0,0,0
655124,2020,7,6,"2020-07-06","11:10:00",3,"PA",42,0,0.75,0,0,0,0,40.18,-74.88,40.18,-74.88,0,0,0,0,0,17,0,0,0
655125,2020,7,6,"2020-07-06","11:15:00",3,"PA",42,0,0.88,0,0,0,0,40.16,-74.91,40.16,-74.91,0,0,0,0,0,17,0,0,0
655126,2020,7,6,"2020-07-06","11:20:00",3,"PA",42,0,1.25,0,0,0,0,40.16,-74.88,40.16,-74.88,0,0,0,0,0,17,0,0,0
655127,2020,7,6,"2020-07-06","11:20:00",3,"PA",42,0,1,0,0,0,0,40.17,-74.85,40.17,-74.85,0,0,0,0,0,17,0,0,0
655128,2020,7,6,"2020-07-06","11:23:00",3,"WI",55,0,0.88,0,0,0,0,45.92,-90.45,45.92,-90.45,0,0,0,0,0,99,0,0,0
655129,2020,7,6,"2020-07-06","11:25:00",3,"PA",42,0,1.75,0,0,0,0,40.16,-74.88,40.16,-74.88,0,0,0,0,0,17,0,0,0
655130,2020,7,6,"2020-07-06","11:25:00",3,"WI",55,0,0.75,0,0,0,0,45.94,-90.45,45.94,-90.45,0,0,0,0,0,99,0,0,0
655131,2020,7,6,"2020-07-06","11:26:00",3,"WI",55,0,0.75,0,0,0,0,45.93,-90.45,45.93,-90.45,0,0,0,0,0,99,0,0,0
655132,2020,7,6,"2020-07-06","11:28:00",3,"PA",42,0,0.75,0,0,0,0,40.1,-75.15,40.1,-75.15,0,0,0,0,0,91,0,0,0
655133,2020,7,6,"2020-07-06","11:29:00",3,"PA",42,0,1,0,0,0,0,40.11,-74.93,40.11,-74.93,0,0,0,0,0,17,0,0,0
655134,2020,7,6,"2020-07-06","11:35:00",3,"PA",42,0,1,0,0,0,0,40.1,-75.21,40.1,-75.21,0,0,0,0,0,91,0,0,0
655135,2020,7,6,"2020-07-06","11:35:00",3,"PA",42,0,1,0,0,0,0,40.16,-74.89,40.16,-74.89,0,0,0,0,0,17,0,0,0
655136,2020,7,6,"2020-07-06","11:48:00",3,"NJ",34,0,0.75,0,0,0,0,40.2,-74.7,40.2,-74.7,0,0,0,0,0,21,0,0,0
655137,2020,7,6,"2020-07-06","11:48:00",3,"PA",42,0,1.25,0,0,0,0,40,-75.22,40,-75.22,0,0,0,0,0,101,0,0,0
655138,2020,7,6,"2020-07-06","11:49:00",3,"PA",42,0,1.25,0,0,0,0,40.03,-75.21,40.03,-75.21,0,0,0,0,0,101,0,0,0
655139,2020,7,6,"2020-07-06","12:00:00",3,"NJ",34,0,1,0,0,0,0,40.23,-74.65,40.23,-74.65,0,0,0,0,0,21,0,0,0
655140,2020,7,6,"2020-07-06","12:00:00",3,"NJ",34,0,1,0,0,0,0,40.21,-74.68,40.21,-74.68,0,0,0,0,0,21,0,0,0
655141,2020,7,6,"2020-07-06","12:05:00",3,"NJ",34,0,1,0,0,0,0,40.18,-74.59,40.18,-74.59,0,0,0,0,0,25,0,0,0
655142,2020,7,6,"2020-07-06","12:10:00",3,"NJ",34,0,1.25,0,0,0,0,40.21,-74.67,40.21,-74.67,0,0,0,0,0,21,0,0,0
655143,2020,7,6,"2020-07-06","12:10:00",3,"NJ",34,0,1.5,0,0,0,0,40.21,-74.68,40.21,-74.68,0,0,0,0,0,21,0,0,0
655144,2020,7,6,"2020-07-06","12:10:00",3,"NJ",34,0,1,0,0,0,0,40.22,-74.64,40.22,-74.64,0,0,0,0,0,21,0,0,0
655145,2020,7,6,"2020-07-06","12:26:00",3,"NJ",34,0,1,0,0,0,0,39.94,-74.21,39.94,-74.21,0,0,0,0,0,29,0,0,0
655146,2020,7,6,"2020-07-06","12:40:00",3,"NJ",34,0,0.75,0,0,0,0,40.26,-74.29,40.26,-74.29,0,0,0,0,0,25,0,0,0
655147,2020,7,6,"2020-07-06","12:43:00",3,"PA",42,0,1,0,0,0,0,40.14,-75.31,40.14,-75.31,0,0,0,0,0,91,0,0,0
655148,2020,7,6,"2020-07-06","12:43:00",3,"SD",46,0,1.5,0,0,0,2000,43.72,-97.79,43.72,-97.79,0,0,0,0,0,61,0,0,0
655149,2020,7,6,"2020-07-06","12:49:00",3,"NJ",34,0,0.75,0,0,0,0,40.31,-74.3,40.31,-74.3,0,0,0,0,0,25,0,0,0
655150,2020,7,6,"2020-07-06","12:52:00",3,"NJ",34,0,0.75,0,0,0,0,40.11,-74.25,40.11,-74.25,0,0,0,0,0,29,0,0,0
655151,2020,7,6,"2020-07-06","12:54:00",3,"NJ",34,0,0.88,0,0,0,0,40.5,-74.47,40.5,-74.47,0,0,0,0,0,35,0,0,0
655152,2020,7,6,"2020-07-06","12:54:00",3,"WV",54,0,0.88,0,0,0,0,38.0562,-80.7162,38.0562,-80.7162,0,0,0,0,0,25,0,0,0
655153,2020,7,6,"2020-07-06","12:55:00",3,"PA",42,0,1,0,0,0,0,40.16,-75.41,40.16,-75.41,0,0,0,0,0,91,0,0,0
655154,2020,7,6,"2020-07-06","12:56:00",3,"PA",42,0,0.88,0,0,0,0,40.14,-75.51,40.14,-75.51,0,0,0,0,0,91,0,0,0
655155,2020,7,6,"2020-07-06","13:00:00",3,"PA",42,0,1,0,0,0,0,40.13,-75.38,40.13,-75.38,0,0,0,0,0,91,0,0,0
655156,2020,7,6,"2020-07-06","13:00:00",3,"NJ",34,0,1,0,0,0,0,40.08,-74.15,40.08,-74.15,0,0,0,0,0,29,0,0,0
655157,2020,7,6,"2020-07-06","13:00:00",3,"PA",42,0,1,0,0,0,0,40.16,-75.49,40.16,-75.49,0,0,0,0,0,91,0,0,0
655158,2020,7,6,"2020-07-06","13:00:00",3,"SD",46,0,2.75,0,0,0,0,43.65,-97.78,43.65,-97.78,0,0,0,0,0,61,0,0,0
655159,2020,7,6,"2020-07-06","13:00:00",3,"SD",46,0,1.5,0,0,0,0,43.66,-97.79,43.66,-97.79,0,0,0,0,0,61,0,0,0
655160,2020,7,6,"2020-07-06","13:05:00",3,"SD",46,0,1,0,0,0,0,42.9,-97.69,42.9,-97.69,0,0,0,0,0,9,0,0,0
655161,2020,7,6,"2020-07-06","13:15:00",3,"PA",42,0,1,0,0,0,0,40.14,-75.45,40.14,-75.45,0,0,0,0,0,91,0,0,0
655162,2020,7,6,"2020-07-06","13:15:00",3,"PA",42,0,1.25,0,0,0,0,40.14,-75.51,40.14,-75.51,0,0,0,0,0,91,0,0,0
655163,2020,7,6,"2020-07-06","13:20:00",3,"NJ",34,0,1,0,0,0,0,40.51,-74.28,40.51,-74.28,0,0,0,0,0,23,0,0,0
655164,2020,7,6,"2020-07-06","13:20:00",3,"NJ",34,0,1,0,0,0,0,40.57,-74.42,40.57,-74.42,0,0,0,0,0,23,0,0,0
655165,2020,7,6,"2020-07-06","13:24:00",3,"NJ",34,0,1,0,0,0,0,40.55,-74.36,40.55,-74.36,0,0,0,0,0,23,0,0,0
655166,2020,7,6,"2020-07-06","13:25:00",3,"NJ",34,0,1.5,0,0,0,0,40.53,-74.38,40.53,-74.38,0,0,0,0,0,23,0,0,0
655167,2020,7,6,"2020-07-06","13:25:00",3,"SD",46,0,1,0,0,0,0,43.38,-97.76,43.38,-97.76,0,0,0,0,0,67,0,0,0
655168,2020,7,6,"2020-07-06","13:27:00",3,"PA",42,0,0.75,0,0,0,0,40.47,-75.16,40.47,-75.16,0,0,0,0,0,17,0,0,0
655169,2020,7,6,"2020-07-06","13:27:00",3,"PA",42,0,0.75,0,0,0,0,40.54,-75.35,40.54,-75.35,0,0,0,0,0,77,0,0,0
655170,2020,7,6,"2020-07-06","13:30:00",3,"NJ",34,0,1,0,0,0,0,40.55,-74.27,40.55,-74.27,0,0,0,0,0,23,0,0,0
655171,2020,7,6,"2020-07-06","13:30:00",3,"PA",42,0,1.25,0,0,0,0,40.13,-75.43,40.13,-75.43,0,0,0,0,0,91,0,0,0
655172,2020,7,6,"2020-07-06","13:32:00",3,"NJ",34,0,1,0,0,0,0,40.91,-74.08,40.91,-74.08,0,0,0,0,0,3,0,0,0
655173,2020,7,6,"2020-07-06","13:35:00",3,"NJ",34,0,1,0,0,0,0,40.9212,-74.0682,40.9212,-74.0682,0,0,0,0,0,3,0,0,0
655174,2020,7,6,"2020-07-06","13:36:00",3,"NJ",34,0,1,0,0,0,0,40.7812,-74.4659,40.7812,-74.4659,0,0,0,0,0,27,0,0,0
655175,2020,7,6,"2020-07-06","13:37:00",3,"PA",42,0,1.25,0,0,0,0,40.54,-75.35,40.54,-75.35,0,0,0,0,0,77,0,0,0
655176,2020,7,6,"2020-07-06","13:38:00",3,"MT",30,0,1,0,0,0,0,47.34,-105.49,47.34,-105.49,0,0,0,0,0,55,0,0,0
655177,2020,7,6,"2020-07-06","13:40:00",3,"PA",42,0,1.25,0,0,0,0,40.53,-75.39,40.53,-75.39,0,0,0,0,0,77,0,0,0
655178,2020,7,6,"2020-07-06","13:48:00",3,"SD",46,0,1,0,0,0,23000,43.38,-97.66,43.38,-97.66,0,0,0,0,0,67,0,0,0
655179,2020,7,6,"2020-07-06","13:52:00",3,"NJ",34,0,1,0,0,0,0,40.88,-74.08,40.88,-74.08,0,0,0,0,0,3,0,0,0
655180,2020,7,6,"2020-07-06","13:55:00",3,"NJ",34,0,1.25,0,0,0,0,40.86,-74.07,40.86,-74.07,0,0,0,0,0,3,0,0,0
655181,2020,7,6,"2020-07-06","13:58:00",3,"NJ",34,0,1.75,0,0,0,0,40.84,-74.06,40.84,-74.06,0,0,0,0,0,3,0,0,0
655182,2020,7,6,"2020-07-06","14:00:00",3,"PA",42,0,1,0,0,0,0,40.55,-75.6,40.55,-75.6,0,0,0,0,0,77,0,0,0
655183,2020,7,6,"2020-07-06","14:09:00",3,"NY",36,0,0.75,0,0,0,0,42.08,-77.42,42.08,-77.42,0,0,0,0,0,101,0,0,0
655184,2020,7,6,"2020-07-06","14:12:00",3,"MT",30,0,1,0,0,0,0,46.51,-108.27,46.51,-108.27,0,0,0,0,0,65,0,0,0
655185,2020,7,6,"2020-07-06","14:17:00",3,"PA",42,0,0.75,0,0,0,0,40.05,-75.44,40.05,-75.44,0,0,0,0,0,29,0,0,0
655186,2020,7,6,"2020-07-06","14:24:00",3,"NJ",34,0,1,0,0,0,0,40.94,-74.12,40.94,-74.12,0,0,0,0,0,3,0,0,0
655187,2020,7,6,"2020-07-06","14:24:00",3,"MT",30,0,1.75,0,0,0,0,46.52,-108.09,46.52,-108.09,0,0,0,0,0,65,0,0,0
655188,2020,7,6,"2020-07-06","14:25:00",3,"NJ",34,0,1,0,0,0,0,40.96,-74.13,40.96,-74.13,0,0,0,0,0,3,0,0,0
655189,2020,7,6,"2020-07-06","14:27:00",3,"NJ",34,0,1,0,0,0,0,40.9801,-74.1228,40.9801,-74.1228,0,0,0,0,0,3,0,0,0
655190,2020,7,6,"2020-07-06","14:48:00",3,"SD",46,0,1.25,0,0,0,4000,43.08,-97.79,43.08,-97.79,0,0,0,0,0,9,0,0,0
655191,2020,7,6,"2020-07-06","14:50:00",3,"MT",30,0,1.75,0,0,0,0,46.49,-107.92,46.49,-107.92,0,0,0,0,0,65,0,0,0
655192,2020,7,6,"2020-07-06","14:50:00",3,"SD",46,0,1,0,0,0,0,45.77,-102.2423,45.77,-102.2423,0,0,0,0,0,105,0,0,0
655193,2020,7,6,"2020-07-06","14:54:00",3,"PA",42,0,1.25,0,0,0,0,40.87,-75.81,40.87,-75.81,0,0,0,0,0,25,0,0,0
655194,2020,7,6,"2020-07-06","15:10:00",3,"NY",36,0,0.75,0,0,0,0,41.5231,-74.8514,41.5231,-74.8514,0,0,0,0,0,105,0,0,0
655195,2020,7,6,"2020-07-06","15:15:00",3,"ND",38,0,1,0,0,0,0,47.18,-97.2,47.18,-97.2,0,0,0,0,0,17,0,0,0
655196,2020,7,6,"2020-07-06","15:32:00",3,"MT",30,0,1.25,0,0,0,0,47.87,-105.24,47.87,-105.24,0,0,0,0,0,55,0,0,0
655197,2020,7,6,"2020-07-06","15:33:00",3,"NY",36,0,1.75,0,0,0,0,41.78,-74.67,41.78,-74.67,0,0,0,0,0,105,0,0,0
655198,2020,7,6,"2020-07-06","15:35:00",3,"NY",36,0,1,0,0,0,0,42.13,-76.83,42.13,-76.83,0,0,0,0,0,15,0,0,0
655199,2020,7,6,"2020-07-06","15:35:00",3,"PA",42,0,0.75,0,0,0,0,40.45,-75.65,40.45,-75.65,0,0,0,0,0,11,0,0,0
655200,2020,7,6,"2020-07-06","15:39:00",3,"PA",42,0,0.75,0,0,0,0,40.41,-75.65,40.41,-75.65,0,0,0,0,0,11,0,0,0
655201,2020,7,6,"2020-07-06","15:45:00",3,"MT",30,0,0.88,0,0,0,0,46.29,-107.13,46.29,-107.13,0,0,0,0,0,103,0,0,0
655202,2020,7,6,"2020-07-06","15:50:00",3,"MT",30,0,1.75,0,0,0,0,46.29,-107.09,46.29,-107.09,0,0,0,0,0,103,0,0,0
655203,2020,7,6,"2020-07-06","15:50:00",3,"MT",30,0,2,0,0,0,0,46.29,-107.1,46.29,-107.1,0,0,0,0,0,103,0,0,0
655204,2020,7,6,"2020-07-06","15:50:00",3,"MT",30,0,1,0,0,0,0,46.32,-107.05,46.32,-107.05,0,0,0,0,0,103,0,0,0
655205,2020,7,6,"2020-07-06","15:51:00",3,"NY",36,0,1.75,0,0,0,0,41.69,-74.84,41.69,-74.84,0,0,0,0,0,105,0,0,0
655206,2020,7,6,"2020-07-06","15:51:00",3,"SD",46,0,0.88,0,0,0,250000,42.95,-97.32,42.95,-97.32,0,0,0,0,0,135,0,0,0
655207,2020,7,6,"2020-07-06","15:58:00",3,"MT",30,0,1.75,0,0,0,0,46.28,-106.94,46.28,-106.94,0,0,0,0,0,87,0,0,0
655208,2020,7,6,"2020-07-06","16:00:00",3,"NY",36,0,0.75,0,0,0,0,41.65,-74.69,41.65,-74.69,0,0,0,0,0,105,0,0,0
655209,2020,7,6,"2020-07-06","16:03:00",3,"MT",30,0,1.75,0,0,0,0,46.27,-106.83,46.27,-106.83,0,0,0,0,0,87,0,0,0
655210,2020,7,6,"2020-07-06","16:09:00",3,"NY",36,0,1,0,0,5000,0,41.9036,-74.7462,41.9036,-74.7462,0,0,0,0,0,105,0,0,0
655211,2020,7,6,"2020-07-06","16:20:00",3,"MT",30,0,0.75,0,0,0,0,46.26,-106.62,46.26,-106.62,0,0,0,0,0,87,0,0,0
655212,2020,7,6,"2020-07-06","16:21:00",3,"MT",30,0,1.5,0,0,0,0,46.27,-106.65,46.27,-106.65,0,0,0,0,0,87,0,0,0
655213,2020,7,6,"2020-07-06","16:22:00",3,"NE",31,0,1.5,0,0,0,0,42.46,-97.91,42.46,-97.91,0,0,0,0,0,107,0,0,0
655214,2020,7,6,"2020-07-06","16:22:00",3,"MT",30,0,0.88,0,0,0,0,46.34,-106.7,46.34,-106.7,0,0,0,0,0,87,0,0,0
655215,2020,7,6,"2020-07-06","16:24:00",3,"NE",31,0,1.75,0,0,0,0,42.47,-97.91,42.47,-97.91,0,0,0,0,0,107,0,0,0
655216,2020,7,6,"2020-07-06","16:25:00",3,"MT",30,0,1.75,0,0,0,0,45.14,-105.79,45.14,-105.79,0,0,0,0,0,75,0,0,0
655217,2020,7,6,"2020-07-06","16:25:00",3,"NE",31,0,1,0,0,0,0,42.46,-97.89,42.46,-97.89,0,0,0,0,0,107,0,0,0
655218,2020,7,6,"2020-07-06","16:31:00",3,"MT",30,0,1.75,0,0,0,0,46.26,-106.8,46.26,-106.8,0,0,0,0,0,87,0,0,0
655219,2020,7,6,"2020-07-06","16:34:00",3,"SD",46,0,1.25,0,0,0,32000,42.78,-97.11,42.78,-97.11,0,0,0,0,0,27,0,0,0
655220,2020,7,6,"2020-07-06","16:35:00",3,"MD",24,0,1,0,0,0,0,39.337,-76.419,39.337,-76.419,0,0,0,0,0,5,0,0,0
655221,2020,7,6,"2020-07-06","16:36:00",3,"MT",30,0,1,0,0,0,0,45.1,-105.32,45.1,-105.32,0,0,0,0,0,75,0,0,0
655222,2020,7,6,"2020-07-06","16:40:00",3,"MT",30,0,1,0,0,0,0,48.4,-106.54,48.4,-106.54,0,0,0,0,0,105,0,0,0
655223,2020,7,6,"2020-07-06","16:42:00",3,"NE",31,0,0.88,0,0,0,6000,42.63,-96.98,42.63,-96.98,0,0,0,0,0,51,0,0,0
655224,2020,7,6,"2020-07-06","16:52:00",3,"NY",36,0,1,0,0,0,0,41.89,-74.73,41.89,-74.73,0,0,0,0,0,105,0,0,0
655225,2020,7,6,"2020-07-06","17:00:00",3,"PA",42,0,1,0,0,0,0,40.3117,-76.6664,40.3117,-76.6664,0,0,0,0,0,43,0,0,0
655226,2020,7,6,"2020-07-06","17:00:00",3,"WY",56,0,2.75,0,0,0,0,44.99,-105.05,44.99,-105.05,0,0,0,0,0,11,0,0,0
655227,2020,7,6,"2020-07-06","17:04:00",3,"MT",30,0,2,0,0,0,0,45.02,-105.1,45.02,-105.1,0,0,0,0,0,75,0,0,0
655228,2020,7,6,"2020-07-06","17:05:00",3,"WY",56,0,2,0,0,0,0,44.99,-105.2,44.99,-105.2,0,0,0,0,0,5,0,0,0
655229,2020,7,6,"2020-07-06","17:10:00",3,"NE",31,0,1.5,0,0,0,0,42.47,-97.92,42.47,-97.92,0,0,0,0,0,107,0,0,0
655230,2020,7,6,"2020-07-06","17:20:00",3,"CT",9,0,1,0,0,0,0,41.82,-72.62,41.82,-72.62,0,0,0,0,0,3,0,0,0
655231,2020,7,6,"2020-07-06","17:25:00",3,"MT",30,0,1,0,0,0,0,46.04,-105.05,46.04,-105.05,0,0,0,0,0,17,0,0,0
655232,2020,7,6,"2020-07-06","17:30:00",3,"WY",56,0,2.75,0,0,0,0,44.6107,-104.9731,44.6107,-104.9731,0,0,0,0,0,11,0,0,0
655233,2020,7,6,"2020-07-06","17:41:00",3,"PA",42,0,1.5,0,0,0,0,40.0393,-76.1994,40.0393,-76.1994,0,0,0,0,0,71,0,0,0
655234,2020,7,6,"2020-07-06","17:49:00",3,"NE",31,0,1.5,0,0,0,0,42.82,-101.28,42.82,-101.28,0,0,0,0,0,31,0,0,0
655235,2020,7,6,"2020-07-06","17:49:00",3,"WY",56,0,1,0,0,0,0,44.5265,-104.6689,44.5265,-104.6689,0,0,0,0,0,11,0,0,0
655236,2020,7,6,"2020-07-06","17:50:00",3,"PA",42,0,0.75,0,0,0,0,39.9785,-76.1781,39.9785,-76.1781,0,0,0,0,0,71,0,0,0
655237,2020,7,6,"2020-07-06","18:00:00",3,"MT",30,0,1.75,0,0,0,0,46.38,-104.5,46.38,-104.5,0,0,0,0,0,25,0,0,0
655238,2020,7,6,"2020-07-06","18:00:00",3,"NE",31,0,1.75,0,0,0,0,42.82,-101.18,42.82,-101.18,0,0,0,0,0,31,0,0,0
655239,2020,7,6,"2020-07-06","18:18:00",3,"MT",30,0,1,0,0,0,0,46.48,-104.25,46.48,-104.25,0,0,0,0,0,25,0,0,0
655240,2020,7,6,"2020-07-06","18:32:00",3,"NE",31,0,0.75,0,0,0,0,41.19,-103.13,41.19,-103.13,0,0,0,0,0,33,0,0,0
655241,2020,7,6,"2020-07-06","18:34:00",3,"WI",55,0,0.88,0,0,0,0,44.31,-89.51,44.31,-89.51,0,0,0,0,0,97,0,0,0
655242,2020,7,6,"2020-07-06","18:47:00",3,"WY",56,0,1.75,0,0,0,0,44.3,-104.2,44.3,-104.2,0,0,0,0,0,11,0,0,0
655243,2020,7,6,"2020-07-06","19:13:00",3,"SD",46,0,1,0,0,0,0,44.2,-103.65,44.2,-103.65,0,0,0,0,0,81,0,0,0
655244,2020,7,6,"2020-07-06","19:30:00",3,"SD",46,0,1,0,0,0,0,44.1234,-103.43,44.1234,-103.43,0,0,0,0,0,103,0,0,0
655245,2020,7,6,"2020-07-06","19:30:00",3,"SD",46,0,1.5,0,0,0,0,44.08,-103.37,44.08,-103.37,0,0,0,0,0,103,0,0,0
655246,2020,7,6,"2020-07-06","19:30:00",3,"SD",46,0,1,0,0,0,0,44.1312,-103.5013,44.1312,-103.5013,0,0,0,0,0,103,0,0,0
655247,2020,7,6,"2020-07-06","19:35:00",3,"SD",46,0,1.5,0,0,0,0,44.0645,-103.4,44.0645,-103.4,0,0,0,0,0,103,0,0,0
655248,2020,7,6,"2020-07-06","19:38:00",3,"SD",46,0,2.75,0,0,0,0,44.0745,-103.4114,44.0745,-103.4114,0,0,0,0,0,103,0,0,0
655249,2020,7,6,"2020-07-06","19:40:00",3,"SD",46,0,2,0,0,0,0,44.0391,-103.287,44.0391,-103.287,0,0,0,0,0,103,0,0,0
655250,2020,7,6,"2020-07-06","19:44:00",3,"SD",46,0,2,0,0,0,0,44.0009,-103.4169,44.0009,-103.4169,0,0,0,0,0,103,0,0,0
655251,2020,7,6,"2020-07-06","19:45:00",3,"SD",46,0,1.75,0,0,0,0,44.0595,-103.2585,44.0595,-103.2585,0,0,0,0,0,103,0,0,0
655252,2020,7,6,"2020-07-06","19:45:00",3,"SD",46,0,1.25,0,0,0,0,44.0745,-103.2114,44.0745,-103.2114,0,0,0,0,0,103,0,0,0
655253,2020,7,6,"2020-07-06","19:48:00",3,"SD",46,0,2.5,0,0,0,0,44.0634,-103.2858,44.0634,-103.2858,0,0,0,0,0,103,0,0,0
655254,2020,7,6,"2020-07-06","19:49:00",3,"SD",46,0,2.5,0,0,0,0,44.0399,-103.2531,44.0399,-103.2531,0,0,0,0,0,103,0,0,0
655255,2020,7,6,"2020-07-06","19:51:00",3,"SD",46,0,2,0,0,0,0,44.0221,-103.23,44.0221,-103.23,0,0,0,0,0,103,0,0,0
655256,2020,7,6,"2020-07-06","19:51:00",3,"SD",46,0,2,0,0,0,0,44.0366,-103.23,44.0366,-103.23,0,0,0,0,0,103,0,0,0
655257,2020,7,6,"2020-07-06","19:55:00",3,"SD",46,0,1.25,0,0,0,0,43.97,-103.23,43.97,-103.23,0,0,0,0,0,103,0,0,0
655258,2020,7,6,"2020-07-06","19:55:00",3,"SD",46,0,2,0,0,0,0,43.98,-103.17,43.98,-103.17,0,0,0,0,0,103,0,0,0
655259,2020,7,6,"2020-07-06","20:15:00",3,"SD",46,0,1,0,0,0,0,44.23,-103.04,44.23,-103.04,0,0,0,0,0,93,0,0,0
655260,2020,7,6,"2020-07-06","20:17:00",3,"SD",46,0,1.75,0,0,0,0,44.19,-102.63,44.19,-102.63,0,0,0,0,0,93,0,0,0
655261,2020,7,6,"2020-07-06","20:30:00",3,"SD",46,0,2.5,0,0,0,0,43.7791,-102.8133,43.7791,-102.8133,0,0,0,0,0,33,0,0,0
655262,2020,7,6,"2020-07-06","21:23:00",3,"SD",46,0,1.25,0,0,0,0,43.44,-98.41,43.44,-98.41,0,0,0,0,0,43,0,0,0
655263,2020,7,6,"2020-07-06","21:25:00",3,"SD",46,0,1,0,0,0,0,43.64,-102.34,43.64,-102.34,0,0,0,0,0,102,0,0,0
655264,2020,7,6,"2020-07-06","21:45:00",3,"SD",46,0,0.88,0,0,0,0,43.76,-98.88,43.76,-98.88,0,0,0,0,0,15,0,0,0
655265,2020,7,6,"2020-07-06","21:47:00",3,"SD",46,0,1,0,0,0,0,43.37,-98.31,43.37,-98.31,0,0,0,0,0,43,0,0,0
655266,2020,7,6,"2020-07-06","21:49:00",3,"SD",46,0,1,0,0,0,10000,43.73,-98.85,43.73,-98.85,0,0,0,0,0,15,0,0,0
655267,2020,7,7,"2020-07-07","12:23:00",3,"WI",55,0,0.75,0,0,0,0,43.91,-91.23,43.91,-91.23,0,0,0,0,0,63,0,0,0
655268,2020,7,7,"2020-07-07","12:24:00",3,"WI",55,0,1,0,0,4000,0,43.9,-91.23,43.9,-91.23,0,0,0,0,0,63,0,0,0
655269,2020,7,7,"2020-07-07","12:27:00",3,"WI",55,0,1,0,0,1200,0,43.9,-91.22,43.9,-91.22,0,0,0,0,0,63,0,0,0
655270,2020,7,7,"2020-07-07","12:30:00",3,"IN",18,0,0.75,0,0,0,0,41.51,-87.04,41.51,-87.04,0,0,0,0,0,127,0,0,0
655271,2020,7,7,"2020-07-07","13:18:00",3,"MT",30,0,1,0,0,0,0,45.6279,-111.1035,45.6279,-111.1035,0,0,0,0,0,31,0,0,0
655272,2020,7,7,"2020-07-07","13:20:00",3,"MT",30,0,1,0,0,0,0,45.58,-111.138,45.58,-111.138,0,0,0,0,0,31,0,0,0
655273,2020,7,7,"2020-07-07","13:25:00",3,"MT",30,0,1,0,0,0,0,45.6131,-111.0696,45.6131,-111.0696,0,0,0,0,0,31,0,0,0
655274,2020,7,7,"2020-07-07","13:30:00",3,"MT",30,0,1.5,0,0,0,0,46.2834,-110.808,46.2834,-110.808,0,0,0,0,0,59,0,0,0
655275,2020,7,7,"2020-07-07","13:30:00",3,"MT",30,0,1.75,0,0,0,0,45.7132,-110.9151,45.7132,-110.9151,0,0,0,0,0,31,0,0,0
655276,2020,7,7,"2020-07-07","13:30:00",3,"MT",30,0,1,0,0,0,0,45.68,-110.9886,45.68,-110.9886,0,0,0,0,0,31,0,0,0
655277,2020,7,7,"2020-07-07","13:45:00",3,"MT",30,0,1,0,0,0,0,47.7963,-110.4174,47.7963,-110.4174,0,0,0,0,0,15,0,0,0
655278,2020,7,7,"2020-07-07","13:50:00",3,"MT",30,0,1,0,0,0,0,45.6265,-110.9983,45.6265,-110.9983,0,0,0,0,0,31,0,0,0
655279,2020,7,7,"2020-07-07","13:57:00",3,"MT",30,0,1.25,0,0,0,0,45.6076,-111.03,45.6076,-111.03,0,0,0,0,0,31,0,0,0
655280,2020,7,7,"2020-07-07","13:59:00",3,"MT",30,0,1,0,0,0,0,47.8072,-110.3169,47.8072,-110.3169,0,0,0,0,0,15,0,0,0
655281,2020,7,7,"2020-07-07","14:02:00",3,"MT",30,0,0.75,0,0,0,0,45.81,-110.49,45.81,-110.49,0,0,0,0,0,67,0,0,0
655282,2020,7,7,"2020-07-07","14:05:00",3,"MT",30,0,1.5,0,0,0,0,46.45,-110.32,46.45,-110.32,0,0,0,0,0,59,0,0,0
655283,2020,7,7,"2020-07-07","14:10:00",3,"MT",30,0,1.75,0,0,0,0,46.47,-110.28,46.47,-110.28,0,0,0,0,0,107,0,0,0
655284,2020,7,7,"2020-07-07","14:25:00",3,"MT",30,0,1.75,0,0,0,0,48.7003,-110.42,48.7003,-110.42,0,0,0,0,0,41,0,0,0
655285,2020,7,7,"2020-07-07","14:30:00",3,"MT",30,0,1,0,0,0,0,45.58,-111.0966,45.58,-111.0966,0,0,0,0,0,31,0,0,0
655286,2020,7,7,"2020-07-07","14:30:00",3,"MT",30,0,1,0,0,0,0,45.58,-111.0966,45.58,-111.0966,0,0,0,0,0,31,0,0,0
655287,2020,7,7,"2020-07-07","14:40:00",3,"MT",30,0,0.88,0,0,0,0,46.58,-109.95,46.58,-109.95,0,0,0,0,0,107,0,0,0
655288,2020,7,7,"2020-07-07","14:45:00",3,"MT",30,0,1,0,0,0,0,48.23,-109.78,48.23,-109.78,0,0,0,0,0,41,0,0,0
655289,2020,7,7,"2020-07-07","14:55:00",3,"MT",30,0,1.5,0,0,0,0,47.2893,-109.8747,47.2893,-109.8747,0,0,0,0,0,27,0,0,0
655290,2020,7,7,"2020-07-07","15:10:00",3,"MT",30,0,1.5,0,0,0,0,47.2777,-109.4485,47.2777,-109.4485,0,0,0,0,0,27,0,0,0
655291,2020,7,7,"2020-07-07","15:15:00",3,"MT",30,0,2,0,0,0,0,46.15,-109.45,46.15,-109.45,0,0,0,0,0,37,0,0,0
655292,2020,7,7,"2020-07-07","15:16:00",3,"OH",39,0,1,0,0,0,0,40.85,-84.35,40.85,-84.35,0,0,0,0,0,161,0,0,0
655293,2020,7,7,"2020-07-07","15:20:00",3,"OH",39,0,0.75,0,0,0,0,40.84,-84.34,40.84,-84.34,0,0,0,0,0,161,0,0,0
655294,2020,7,7,"2020-07-07","15:40:00",3,"MT",30,0,1,0,0,0,0,45.6076,-111.03,45.6076,-111.03,0,0,0,0,0,31,0,0,0
655295,2020,7,7,"2020-07-07","16:00:00",3,"MT",30,0,1.25,0,0,0,0,47.02,-108.78,47.02,-108.78,0,0,0,0,0,27,0,0,0
655296,2020,7,7,"2020-07-07","16:00:00",3,"MT",30,0,1.25,0,0,0,0,47.0334,-108.7881,47.0334,-108.7881,0,0,0,0,0,27,0,0,0
655297,2020,7,7,"2020-07-07","16:03:00",3,"MT",30,0,1.75,0,0,0,0,46.19,-108.89,46.19,-108.89,0,0,0,0,0,37,0,0,0
655298,2020,7,7,"2020-07-07","16:10:00",3,"MT",30,0,2.5,0,0,0,0,46.24,-108.77,46.24,-108.77,0,0,0,0,0,65,0,0,0
655299,2020,7,7,"2020-07-07","16:10:00",3,"MT",30,0,1.75,0,0,0,0,46.24,-108.76,46.24,-108.76,0,0,0,0,0,65,0,0,0
655300,2020,7,7,"2020-07-07","16:13:00",3,"MT",30,0,2,0,0,0,0,46.28,-108.72,46.28,-108.72,0,0,0,0,0,65,0,0,0
655301,2020,7,7,"2020-07-07","16:15:00",3,"MT",30,0,1.75,0,0,0,0,46.3,-108.79,46.3,-108.79,0,0,0,0,0,65,0,0,0
655302,2020,7,7,"2020-07-07","16:25:00",3,"MT",30,0,1,0,0,0,0,45.25,-106.97,45.25,-106.97,0,0,0,0,0,3,0,0,0
655303,2020,7,7,"2020-07-07","16:25:00",3,"MT",30,0,1.25,0,0,0,0,46.97,-108.36,46.97,-108.36,0,0,0,0,0,69,0,0,0
655304,2020,7,7,"2020-07-07","16:27:00",3,"WI",55,0,0.75,0,0,0,0,43.21,-88.16,43.21,-88.16,0,0,0,0,0,131,0,0,0
655305,2020,7,7,"2020-07-07","16:35:00",3,"MT",30,0,1,0,0,0,0,46.46,-108.55,46.46,-108.55,0,0,0,0,0,65,0,0,0
655306,2020,7,7,"2020-07-07","16:36:00",3,"MT",30,0,1,0,0,0,0,46.45,-108.55,46.45,-108.55,0,0,0,0,0,65,0,0,0
655307,2020,7,7,"2020-07-07","16:36:00",3,"MT",30,0,1.75,0,0,0,0,46.39,-108.52,46.39,-108.52,0,0,0,0,0,65,0,0,0
655308,2020,7,7,"2020-07-07","16:38:00",3,"MT",30,0,0.88,0,0,0,0,46.46,-108.54,46.46,-108.54,0,0,0,0,0,65,0,0,0
655309,2020,7,7,"2020-07-07","16:43:00",3,"WI",55,0,0.88,0,0,0,0,42.7,-89.01,42.7,-89.01,0,0,0,0,0,105,0,0,0
655310,2020,7,7,"2020-07-07","16:45:00",3,"MT",30,0,1.75,0,0,0,0,46.51,-108.27,46.51,-108.27,0,0,0,0,0,65,0,0,0
655311,2020,7,7,"2020-07-07","16:45:00",3,"MT",30,0,2,0,0,0,0,46.36,-108.45,46.36,-108.45,0,0,0,0,0,65,0,0,0
655312,2020,7,7,"2020-07-07","16:50:00",3,"MT",30,0,2,0,0,0,0,45.94,-108.35,45.94,-108.35,0,0,0,0,0,111,0,0,0
655313,2020,7,7,"2020-07-07","16:58:00",3,"MT",30,0,1.5,0,0,0,0,45.91,-108.34,45.91,-108.34,0,0,0,0,0,111,0,0,0
655314,2020,7,7,"2020-07-07","17:00:00",3,"MT",30,0,1,0,0,0,0,48.8445,-108.3797,48.8445,-108.3797,0,0,0,0,0,5,0,0,0
655315,2020,7,7,"2020-07-07","17:00:00",3,"MT",30,0,1,0,0,0,0,45.94,-108.23,45.94,-108.23,0,0,0,0,0,111,0,0,0
655316,2020,7,7,"2020-07-07","17:20:00",3,"IL",17,0,1,0,0,0,0,41.94,-87.86,41.94,-87.86,0,0,0,0,0,31,0,0,0
655317,2020,7,7,"2020-07-07","18:05:00",3,"MT",30,0,1,0,0,0,0,45.44,-105.63,45.44,-105.63,0,0,0,0,0,75,0,0,0
655318,2020,7,7,"2020-07-07","18:12:00",3,"WV",54,0,1,0,0,0,0,39.25,-80.32,39.25,-80.32,0,0,0,0,0,33,0,0,0
655319,2020,7,7,"2020-07-07","18:27:00",3,"MT",30,0,1.75,0,0,0,0,45.46,-105.45,45.46,-105.45,0,0,0,0,0,75,0,0,0
655320,2020,7,7,"2020-07-07","18:30:00",3,"MT",30,0,1,0,0,0,0,45.25,-105.32,45.25,-105.32,0,0,0,0,0,75,0,0,0
655321,2020,7,7,"2020-07-07","18:30:00",3,"MT",30,0,2,0,0,0,0,45.34,-105.36,45.34,-105.36,0,0,0,0,0,75,0,0,0
655322,2020,7,7,"2020-07-07","18:35:00",3,"MT",30,0,1.5,0,0,0,0,45.49,-105.36,45.49,-105.36,0,0,0,0,0,75,0,0,0
655323,2020,7,7,"2020-07-07","18:55:00",3,"SD",46,0,1,0,0,0,0,44,-101.48,44,-101.48,0,0,0,0,0,55,0,0,0
655324,2020,7,7,"2020-07-07","19:02:00",3,"MT",30,0,1.5,0,0,0,0,45.37,-105.04,45.37,-105.04,0,0,0,0,0,75,0,0,0
655325,2020,7,7,"2020-07-07","19:45:00",3,"MT",30,0,1.25,0,0,0,0,45.7,-104.77,45.7,-104.77,0,0,0,0,0,11,0,0,0
655326,2020,7,7,"2020-07-07","20:12:00",3,"MT",30,0,1.75,0,0,0,0,45.55,-104.4,45.55,-104.4,0,0,0,0,0,11,0,0,0
655327,2020,7,7,"2020-07-07","20:40:00",3,"SD",46,0,1,0,0,0,0,45.74,-103.88,45.74,-103.88,0,0,0,0,0,63,0,0,0
655328,2020,7,7,"2020-07-07","20:41:00",3,"SD",46,0,2.5,0,0,0,0,45.65,-103.89,45.65,-103.89,0,0,0,0,0,63,0,0,0
655329,2020,7,7,"2020-07-07","21:25:00",3,"SD",46,0,1.25,0,0,0,0,45.83,-103.38,45.83,-103.38,0,0,0,0,0,63,0,0,0
655330,2020,7,7,"2020-07-07","23:12:00",3,"ND",38,0,2,0,0,0,0,46.86,-98.96,46.86,-98.96,0,0,0,0,0,93,0,0,0
655331,2020,7,7,"2020-07-07","23:46:00",3,"ND",38,0,1,0,0,0,0,46.66,-98.19,46.66,-98.19,0,0,0,0,0,3,0,0,0
655332,2020,7,8,"2020-07-08","00:20:00",3,"ND",38,0,1,0,0,0,0,46.76,-97.79,46.76,-97.79,0,0,0,0,0,3,0,0,0
655333,2020,7,8,"2020-07-08","00:25:00",3,"ND",38,0,1.5,0,0,0,0,46.78,-97.97,46.78,-97.97,0,0,0,0,0,3,0,0,0
655334,2020,7,8,"2020-07-08","00:45:00",3,"ND",38,0,1.25,0,0,0,0,47.07,-98.2,47.07,-98.2,0,0,0,0,0,3,0,0,0
655335,2020,7,8,"2020-07-08","01:00:00",3,"ND",38,0,1,0,0,0,0,46.65,-97.25,46.65,-97.25,0,0,0,0,0,17,0,0,0
655336,2020,7,8,"2020-07-08","01:20:00",3,"ND",38,0,1,0,0,0,0,46.79,-97.54,46.79,-97.54,0,0,0,0,0,17,0,0,0
655337,2020,7,8,"2020-07-08","02:14:00",3,"ND",38,0,1,0,0,0,0,46.85,-96.82,46.85,-96.82,0,0,0,0,0,17,0,0,0
655338,2020,7,8,"2020-07-08","12:25:00",3,"NH",33,0,1.25,0,0,0,0,43.17,-72.41,43.17,-72.41,0,0,0,0,0,19,0,0,0
655339,2020,7,8,"2020-07-08","12:30:00",3,"MI",26,0,1,0,0,0,0,42.39,-83.08,42.39,-83.08,0,0,0,0,0,163,0,0,0
655340,2020,7,8,"2020-07-08","12:40:00",3,"NH",33,0,1.75,0,0,0,0,43.24,-72.37,43.24,-72.37,0,0,0,0,0,19,0,0,0
655341,2020,7,8,"2020-07-08","12:50:00",3,"NH",33,0,1.75,0,0,0,0,43.2,-72.28,43.2,-72.28,0,0,0,0,0,19,0,0,0
655342,2020,7,8,"2020-07-08","13:12:00",3,"VT",50,0,1.5,0,0,5000,0,43.6,-73.27,43.6,-73.27,0,0,0,0,0,21,0,0,0
655343,2020,7,8,"2020-07-08","13:15:00",3,"VT",50,0,0.88,0,0,0,0,44.41,-73.09,44.41,-73.09,0,0,0,0,0,7,0,0,0
655344,2020,7,8,"2020-07-08","13:45:00",3,"NY",36,0,0.75,0,0,0,0,42.94,-73.8,42.94,-73.8,0,0,0,0,0,91,0,0,0
655345,2020,7,8,"2020-07-08","13:45:00",3,"NH",33,0,1.75,0,0,0,0,42.96,-72.44,42.96,-72.44,0,0,0,0,0,5,0,0,0
655346,2020,7,8,"2020-07-08","13:45:00",3,"ME",23,0,1.25,0,0,0,0,44.52,-70.26,44.52,-70.26,0,0,0,0,0,7,0,0,0
655347,2020,7,8,"2020-07-08","14:01:00",3,"NY",36,0,0.88,0,0,0,0,42.86,-73.78,42.86,-73.78,0,0,0,0,0,91,0,0,0
655348,2020,7,8,"2020-07-08","14:32:00",3,"NH",33,0,1.25,0,0,0,0,43.31,-71.23,43.31,-71.23,0,0,0,0,0,1,0,0,0
655349,2020,7,8,"2020-07-08","15:10:00",3,"IN",18,0,0.88,0,0,0,0,40.66,-84.95,40.66,-84.95,0,0,0,0,0,1,0,0,0
655350,2020,7,8,"2020-07-08","15:43:00",3,"OH",39,0,1,0,0,0,0,40.53,-84.66,40.53,-84.66,0,0,0,0,0,107,0,0,0
655351,2020,7,8,"2020-07-08","16:39:00",3,"OH",39,0,0.75,0,0,0,0,40.62,-84.26,40.62,-84.26,0,0,0,0,0,11,0,0,0
655352,2020,7,8,"2020-07-08","16:55:00",3,"MN",27,0,0.75,0,0,0,0,47.5,-92.53,47.5,-92.53,0,0,0,0,0,137,0,0,0
655353,2020,7,8,"2020-07-08","17:03:00",3,"CO",8,0,0.75,0,0,0,0,40.97,-103.29,40.97,-103.29,0,0,0,0,0,75,0,0,0
655354,2020,7,8,"2020-07-08","17:05:00",3,"NE",31,0,1,0,0,0,0,42.93,-99.97,42.93,-99.97,0,0,0,0,0,103,0,0,0
655355,2020,7,8,"2020-07-08","17:05:00",3,"OH",39,0,0.88,0,0,0,0,39.49,-84.37,39.49,-84.37,0,0,0,0,0,17,0,0,0
655356,2020,7,8,"2020-07-08","17:39:00",3,"NE",31,0,1,0,0,0,0,42.96,-99.93,42.96,-99.93,0,0,0,0,0,103,0,0,0
655357,2020,7,8,"2020-07-08","17:50:00",3,"MN",27,0,1,0,0,0,0,46.3,-94.06,46.3,-94.06,0,0,0,0,0,35,0,0,0
655358,2020,7,8,"2020-07-08","17:50:00",3,"WI",55,0,1.75,0,0,0,0,46.48,-91.79,46.48,-91.79,0,0,0,0,0,31,0,0,0
655359,2020,7,8,"2020-07-08","17:53:00",3,"MN",27,0,1,0,0,0,0,46.34,-94.48,46.34,-94.48,0,0,0,0,0,21,0,0,0
655360,2020,7,8,"2020-07-08","17:55:00",3,"MN",27,0,0.75,0,0,0,0,46.299,-95.07,46.299,-95.07,0,0,0,0,0,153,0,0,0
655361,2020,7,8,"2020-07-08","17:58:00",3,"NE",31,0,1,0,0,0,0,42.95,-99.92,42.95,-99.92,0,0,0,0,0,103,0,0,0
655362,2020,7,8,"2020-07-08","18:00:00",3,"WI",55,0,1,0,0,0,0,46.35,-91.95,46.35,-91.95,0,0,0,0,0,31,0,0,0
655363,2020,7,8,"2020-07-08","18:02:00",3,"MN",27,0,1,0,0,0,0,46.3104,-94.6755,46.3287,-94.6565,0,0,0,0,0,153,0,0,0
655364,2020,7,8,"2020-07-08","18:04:00",3,"MN",27,0,1,0,0,0,0,46.27,-94.08,46.27,-94.08,0,0,0,0,0,35,0,0,0
655365,2020,7,8,"2020-07-08","18:05:00",3,"MN",27,0,1,0,0,0,0,46.33,-94.65,46.3198,-94.638,0,0,0,0,0,97,0,0,0
655366,2020,7,8,"2020-07-08","18:09:00",3,"MN",27,0,1,0,0,0,0,46.35,-94.65,46.35,-94.65,0,0,0,0,0,21,0,0,0
655367,2020,7,8,"2020-07-08","18:14:00",3,"MN",27,0,1,0,0,0,0,46.34,-94.58,46.34,-94.58,0,0,0,0,0,21,0,0,0
655368,2020,7,8,"2020-07-08","18:20:00",3,"MN",27,0,2.5,0,0,0,0,46.2616,-94.6333,46.2616,-94.6333,0,0,0,0,0,97,0,0,0
655369,2020,7,8,"2020-07-08","18:22:00",3,"WI",55,0,0.88,0,0,0,0,46.36,-91.82,46.36,-91.82,0,0,0,0,0,31,0,0,0
655370,2020,7,8,"2020-07-08","18:43:00",3,"MN",27,0,1.75,0,0,0,0,46.36,-94.65,46.36,-94.65,0,0,0,0,0,21,0,0,0
655371,2020,7,8,"2020-07-08","18:45:00",3,"WI",55,0,1,0,0,0,0,46.53,-91.38,46.53,-91.38,0,0,0,0,0,7,0,0,0
655372,2020,7,8,"2020-07-08","19:07:00",3,"MN",27,0,1,0,0,0,0,46.36,-93.73,46.36,-93.73,0,0,0,0,0,1,0,0,0
655373,2020,7,8,"2020-07-08","19:07:00",3,"MN",27,0,1.25,0,0,0,0,46.34,-93.77,46.34,-93.77,0,0,0,0,0,1,0,0,0
655374,2020,7,8,"2020-07-08","19:20:00",3,"NE",31,0,1.75,0,0,0,0,42.28,-100.18,42.28,-100.18,0,0,0,0,0,31,0,0,0
655375,2020,7,8,"2020-07-08","19:23:00",3,"NE",31,0,1,0,0,0,0,41.16,-101,41.16,-101,0,0,0,0,0,111,0,0,0
655376,2020,7,8,"2020-07-08","19:24:00",3,"NE",31,0,2.5,0,0,0,0,42.07,-100.57,42.07,-100.57,0,0,0,0,0,171,0,0,0
655377,2020,7,8,"2020-07-08","19:30:00",3,"MN",27,0,1,0,0,0,0,46.48,-93.46,46.48,-93.46,0,0,0,0,0,1,0,0,0
655378,2020,7,8,"2020-07-08","19:32:00",3,"MN",27,0,0.88,0,0,0,0,46.44,-93.78,46.44,-93.78,0,0,0,0,0,1,0,0,0
655379,2020,7,8,"2020-07-08","20:00:00",3,"MN",27,0,1,0,0,0,0,46.71,-92.36,46.71,-92.36,0,0,0,0,0,17,0,0,0
655380,2020,7,8,"2020-07-08","20:00:00",3,"MN",27,0,0.88,0,0,0,0,46.7,-92.37,46.7,-92.37,0,0,0,0,0,17,0,0,0
655381,2020,7,8,"2020-07-08","20:13:00",3,"NE",31,0,1.75,0,0,0,0,41.91,-100.67,41.91,-100.67,0,0,0,0,0,171,0,0,0
655382,2020,7,8,"2020-07-08","20:15:00",3,"MN",27,0,2,0,0,0,0,45.33,-96.44,45.33,-96.44,0,0,0,0,0,11,0,0,0
655383,2020,7,8,"2020-07-08","20:24:00",3,"SD",46,0,1,0,0,0,0,44.74,-98.05,44.74,-98.05,0,0,0,0,0,115,0,0,0
655384,2020,7,8,"2020-07-08","20:45:00",3,"MN",27,0,1,0,0,0,0,46.51,-94.35,46.51,-94.35,0,0,0,0,0,21,0,0,0
655385,2020,7,8,"2020-07-08","20:50:00",3,"SD",46,0,1.75,0,0,0,0,44.64,-97.91,44.64,-97.91,0,0,0,0,0,25,0,0,0
655386,2020,7,8,"2020-07-08","20:58:00",3,"MN",27,0,1,0,0,0,0,45.3,-96.44,45.3,-96.44,0,0,0,0,0,11,0,0,0
655387,2020,7,8,"2020-07-08","21:05:00",3,"MN",27,0,1,0,0,0,0,46.6,-94.32,46.6,-94.32,0,0,0,0,0,35,0,0,0
655388,2020,7,8,"2020-07-08","21:30:00",3,"SD",46,0,1.75,0,0,0,0,44.61,-97.83,44.61,-97.83,0,0,0,0,0,25,0,0,0
655389,2020,7,8,"2020-07-08","21:45:00",3,"SD",46,0,1,0,0,0,0,44.82,-98.1,44.82,-98.1,0,0,0,0,0,115,0,0,0
655390,2020,7,8,"2020-07-08","21:45:00",3,"MN",27,0,0.88,0,0,0,0,46.54,-95.01,46.54,-95.01,0,0,0,0,0,159,0,0,0
655391,2020,7,8,"2020-07-08","21:55:00",3,"SD",46,0,0.75,0,0,0,0,44.41,-98.48,44.41,-98.48,0,0,0,0,0,5,0,0,0
655392,2020,7,8,"2020-07-08","22:21:00",3,"MN",27,0,1,0,0,0,0,47.05,-94.54,47.05,-94.54,0,0,0,0,0,21,0,0,0
655393,2020,7,8,"2020-07-08","22:25:00",3,"NE",31,0,1.75,0,0,0,0,40.12,-100.12,40.12,-100.12,0,0,0,0,0,65,0,0,0
655394,2020,7,8,"2020-07-08","22:28:00",3,"MN",27,0,0.88,0,0,0,0,47.05,-94.37,47.05,-94.37,0,0,0,0,0,21,0,0,0
655395,2020,7,8,"2020-07-08","22:45:00",3,"NE",31,0,1,0,0,0,0,40.92,-98.35,40.92,-98.35,0,0,0,0,0,79,0,0,0
655396,2020,7,8,"2020-07-08","23:05:00",3,"MN",27,0,1.25,0,0,0,0,46.67,-95.61,46.67,-95.61,0,0,0,0,0,111,0,0,0
655397,2020,7,8,"2020-07-08","23:15:00",3,"MN",27,0,1.5,0,0,0,0,46.78,-94.91,46.78,-94.91,0,0,0,0,0,159,0,0,0
655398,2020,7,8,"2020-07-08","23:20:00",3,"MN",27,0,1,0,0,0,0,46.92,-95.06,46.92,-95.06,0,0,0,0,0,57,0,0,0
655399,2020,7,8,"2020-07-08","23:28:00",3,"MN",27,0,2,0,0,0,0,46.98,-94.97,46.98,-94.97,0,0,0,0,0,57,0,0,0
655400,2020,7,8,"2020-07-08","23:30:00",3,"MN",27,0,1,0,0,0,0,46.6,-94.32,46.6,-94.32,0,0,0,0,0,35,0,0,0
655401,2020,7,8,"2020-07-08","23:40:00",3,"MN",27,0,1,0,0,0,0,46.89,-95.61,46.89,-95.61,0,0,0,0,0,5,0,0,0
655402,2020,7,8,"2020-07-08","23:42:00",3,"MN",27,0,1,0,0,0,0,46,-96.49,46,-96.49,0,0,0,0,0,155,0,0,0
655403,2020,7,8,"2020-07-08","23:45:00",3,"MN",27,0,1,0,0,0,0,46.1,-96.55,46.1,-96.55,0,0,0,0,0,167,0,0,0
655404,2020,7,8,"2020-07-08","23:55:00",3,"MN",27,0,1,0,0,0,0,47.02,-95.56,47.02,-95.56,0,0,0,0,0,5,0,0,0
655405,2020,7,9,"2020-07-09","00:05:00",3,"MN",27,0,1,0,0,0,0,46.82,-94.51,46.82,-94.51,0,0,0,0,0,21,0,0,0
655406,2020,7,9,"2020-07-09","00:30:00",3,"MN",27,0,1.5,0,0,0,0,45.99,-95.85,45.99,-95.85,0,0,0,0,0,51,0,0,0
655407,2020,7,9,"2020-07-09","00:40:00",3,"SD",46,0,1,0,0,0,0,43.8379,-102.55,43.8379,-102.55,0,0,0,0,0,103,0,0,0
655408,2020,7,9,"2020-07-09","00:42:00",3,"MN",27,0,1,0,0,0,0,46.49,-94.37,46.49,-94.37,0,0,0,0,0,21,0,0,0
655409,2020,7,9,"2020-07-09","01:00:00",3,"NE",31,0,1.75,0,0,0,0,40.28,-99.77,40.28,-99.77,0,0,0,0,0,65,0,0,0
655410,2020,7,9,"2020-07-09","01:10:00",3,"SD",46,0,1,0,0,0,0,43.8,-102.25,43.8,-102.25,0,0,0,0,0,103,0,0,0
655411,2020,7,9,"2020-07-09","01:16:00",3,"MN",27,0,0.75,0,0,0,0,47.14,-93.39,47.14,-93.39,0,0,0,0,0,61,0,0,0
655412,2020,7,9,"2020-07-09","01:26:00",3,"MN",27,0,1,0,0,0,0,47.6,-94.88,47.6,-94.88,0,0,0,0,0,7,0,0,0
655413,2020,7,9,"2020-07-09","01:46:00",3,"SD",46,0,1,0,0,0,0,43.7586,-102.7849,43.7586,-102.7849,0,0,0,0,0,33,0,0,0
655414,2020,7,9,"2020-07-09","02:10:00",3,"SD",46,0,1,0,0,0,0,43.5914,-101.9153,43.5914,-101.9153,0,0,0,0,0,71,0,0,0
655415,2020,7,9,"2020-07-09","02:25:00",3,"SD",46,0,1.25,0,0,0,0,43.63,-102.93,43.63,-102.93,0,0,0,0,0,33,0,0,0
655416,2020,7,9,"2020-07-09","02:55:00",3,"MN",27,0,1.25,0,0,0,0,45.487,-93.2497,45.487,-93.2497,0,0,0,0,0,59,0,0,0
655417,2020,7,9,"2020-07-09","03:04:00",3,"MN",27,0,1,0,0,0,0,44.5754,-93.8776,44.6277,-93.7804,0,0,0,0,0,139,0,0,0
655418,2020,7,9,"2020-07-09","03:07:00",3,"SD",46,0,1,0,0,0,0,43.42,-102.18,43.42,-102.18,0,0,0,0,0,102,0,0,0
655419,2020,7,9,"2020-07-09","03:45:00",3,"MN",27,0,1,0,0,0,0,44.8396,-93.3196,44.8928,-93.2667,0,0,0,0,0,53,0,0,0
655420,2020,7,9,"2020-07-09","03:51:00",3,"MN",27,0,0.75,0,0,0,0,44.55,-93.61,44.55,-93.61,0,0,0,0,0,139,0,0,0
655421,2020,7,9,"2020-07-09","03:54:00",3,"MN",27,0,1,0,0,0,0,44.81,-93.3,44.81,-93.3,0,0,0,0,0,53,0,0,0
655422,2020,7,9,"2020-07-09","03:56:00",3,"SD",46,0,1,0,0,5000,0,43.39,-103.71,43.39,-103.71,0,0,0,0,0,47,0,0,0
655423,2020,7,9,"2020-07-09","04:12:00",3,"SD",46,0,1.25,0,0,0,0,43.2402,-102.4941,43.2402,-102.4941,0,0,0,0,0,102,0,0,0
655424,2020,7,9,"2020-07-09","04:15:00",3,"SD",46,0,1,0,0,0,0,43.34,-103.55,43.34,-103.55,0,0,0,0,0,47,0,0,0
655425,2020,7,9,"2020-07-09","04:18:00",3,"WI",55,0,1.5,0,0,0,0,45.0098,-91.4401,45.0098,-91.4401,0,0,0,0,0,17,0,0,0
655426,2020,7,9,"2020-07-09","04:33:00",3,"SD",46,0,2,0,0,0,0,44.16,-101.73,44.16,-101.73,0,0,0,0,0,55,0,0,0
655427,2020,7,9,"2020-07-09","04:40:00",3,"MN",27,0,1,0,0,0,0,44.7397,-92.8808,44.7397,-92.8808,0,0,0,0,0,37,0,0,0
655428,2020,7,9,"2020-07-09","04:43:00",3,"MN",27,0,1.25,0,0,0,0,44.7391,-92.85,44.7391,-92.85,0,0,0,0,0,37,0,0,0
655429,2020,7,9,"2020-07-09","04:47:00",3,"WI",55,0,1,0,0,0,0,44.9072,-92.6253,44.9171,-92.6044,0,0,0,0,0,109,0,0,0
655430,2020,7,9,"2020-07-09","05:06:00",3,"SD",46,0,1.75,0,0,0,0,43.18,-103.2895,43.18,-103.2895,0,0,0,0,0,47,0,0,0
655431,2020,7,9,"2020-07-09","05:30:00",3,"WI",55,0,1,0,0,0,0,45.17,-91.15,45.17,-91.15,0,0,0,0,0,17,0,0,0
655432,2020,7,9,"2020-07-09","07:44:00",3,"KS",20,0,0.75,0,0,0,0,37.69,-97.46,37.69,-97.46,0,0,0,0,0,173,0,0,0
655433,2020,7,9,"2020-07-09","11:01:00",3,"WI",55,0,0.88,0,0,0,0,44.18,-88.44,44.18,-88.44,0,0,0,0,0,139,0,0,0
655434,2020,7,9,"2020-07-09","11:10:00",3,"ME",23,0,0.75,0,0,0,0,46.6166,-68.3919,46.6166,-68.3919,0,0,0,0,0,3,0,0,0
655435,2020,7,9,"2020-07-09","11:12:00",3,"ME",23,0,0.75,0,0,0,0,46.63,-68.3789,46.63,-68.3789,0,0,0,0,0,3,0,0,0
655436,2020,7,9,"2020-07-09","11:25:00",3,"KY",21,0,0.75,0,0,0,0,39.04,-84.48,39.04,-84.48,0,0,0,0,0,37,0,0,0
655437,2020,7,9,"2020-07-09","12:57:00",3,"OH",39,0,1,0,0,0,0,39.35,-84.13,39.35,-84.13,0,0,0,0,0,165,0,0,0
655438,2020,7,9,"2020-07-09","13:10:00",3,"WI",55,0,0.88,0,0,0,0,44.04,-90.03,44.04,-90.03,0,0,0,0,0,57,0,0,0
655439,2020,7,9,"2020-07-09","14:05:00",3,"GA",13,0,1.25,0,0,0,0,34.8297,-83.8645,34.8297,-83.8645,0,0,0,0,0,291,0,0,0
655440,2020,7,9,"2020-07-09","14:38:00",3,"GA",13,0,1,0,0,0,0,34.4937,-84.4318,34.4937,-84.4318,0,0,0,0,0,227,0,0,0
655441,2020,7,9,"2020-07-09","14:45:00",3,"OH",39,0,0.88,0,0,0,0,39.74,-84.62,39.74,-84.62,0,0,0,0,0,135,0,0,0
655442,2020,7,9,"2020-07-09","14:50:00",3,"GA",13,0,1,0,0,0,0,34.4756,-84.4235,34.4756,-84.4235,0,0,0,0,0,227,0,0,0
655443,2020,7,9,"2020-07-09","15:40:00",3,"SD",46,0,1.5,0,0,0,0,43.88,-103.45,43.88,-103.45,0,0,0,0,0,103,0,0,0
655444,2020,7,9,"2020-07-09","15:45:00",3,"GA",13,0,1,0,0,0,0,34.743,-84.4904,34.743,-84.4904,0,0,0,0,0,123,0,0,0
655445,2020,7,9,"2020-07-09","15:50:00",3,"SD",46,0,2.5,0,0,0,0,43.87,-103.3702,43.87,-103.3702,0,0,0,0,0,103,0,0,0
655446,2020,7,9,"2020-07-09","15:56:00",3,"SD",46,0,2.75,0,0,0,0,43.84,-103.3305,43.84,-103.3305,0,0,0,0,0,33,0,0,0
655447,2020,7,9,"2020-07-09","16:00:00",3,"TN",47,0,1,0,0,0,0,35.75,-83.97,35.75,-83.97,0,0,0,0,0,9,0,0,0
655448,2020,7,9,"2020-07-09","16:22:00",3,"SD",46,0,1.5,0,0,0,0,43.7786,-103.2751,43.7786,-103.2751,0,0,0,0,0,33,0,0,0
655449,2020,7,9,"2020-07-09","16:22:00",3,"SD",46,0,1.5,0,0,0,0,43.7569,-103.2483,43.7569,-103.2483,0,0,0,0,0,33,0,0,0
655450,2020,7,9,"2020-07-09","16:30:00",3,"ME",23,0,1.5,0,0,0,0,46.65,-68.17,46.65,-68.17,0,0,0,0,0,3,0,0,0
655451,2020,7,9,"2020-07-09","16:30:00",3,"ME",23,0,0.88,0,0,0,0,46.6645,-68.17,46.6645,-68.17,0,0,0,0,0,3,0,0,0
655452,2020,7,9,"2020-07-09","16:40:00",3,"ME",23,0,1.75,0,0,0,0,46.5886,-68.0806,46.5886,-68.0806,0,0,0,0,0,3,0,0,0
655453,2020,7,9,"2020-07-09","16:45:00",3,"SD",46,0,1.25,0,0,0,0,43.6593,-103.1676,43.6593,-103.1676,0,0,0,0,0,33,0,0,0
655454,2020,7,9,"2020-07-09","16:51:00",3,"MI",26,0,1,0,0,0,0,44.88,-84.31,44.88,-84.31,0,0,0,0,0,119,0,0,0
655455,2020,7,9,"2020-07-09","17:00:00",3,"WY",56,0,0.88,0,0,0,0,42.27,-104.75,42.27,-104.75,0,0,0,0,0,31,0,0,0
655456,2020,7,9,"2020-07-09","17:19:00",3,"CO",8,0,1.75,0,0,0,0,39.62,-104.01,39.62,-104.01,0,0,0,0,0,5,0,0,0
655457,2020,7,9,"2020-07-09","17:34:00",3,"TX",48,0,1,0,0,0,0,34.55,-100.43,34.55,-100.43,0,0,0,0,0,191,0,0,0
655458,2020,7,9,"2020-07-09","18:40:00",3,"CO",8,0,1,0,0,0,0,39.8947,-104.43,39.8947,-104.43,0,0,0,0,0,1,0,0,0
655459,2020,7,9,"2020-07-09","18:54:00",3,"CO",8,0,1,0,0,0,0,39.89,-104.3,39.89,-104.3,0,0,0,0,0,1,0,0,0
655460,2020,7,9,"2020-07-09","18:59:00",3,"PA",42,0,1,0,0,0,0,41.8071,-80.0538,41.8071,-80.0538,0,0,0,0,0,39,0,0,0
655461,2020,7,9,"2020-07-09","19:13:00",3,"TX",48,0,1.25,0,0,0,0,34.28,-100.6,34.28,-100.6,0,0,0,0,0,345,0,0,0
655462,2020,7,9,"2020-07-09","19:22:00",3,"NE",31,0,2,0,0,0,0,41.6,-102.85,41.6,-102.85,0,0,0,0,0,123,0,0,0
655463,2020,7,9,"2020-07-09","19:26:00",3,"NE",31,0,1,0,0,0,0,41.6,-102.84,41.6,-102.84,0,0,0,0,0,123,0,0,0
655464,2020,7,9,"2020-07-09","19:57:00",3,"CO",8,0,1.25,0,0,0,0,40.86,-103.72,40.86,-103.72,0,0,0,0,0,123,0,0,0
655465,2020,7,9,"2020-07-09","20:15:00",3,"NE",31,0,0.88,0,0,0,0,42.22,-102.94,42.22,-102.94,0,0,0,0,0,13,0,0,0
655466,2020,7,9,"2020-07-09","20:16:00",3,"NE",31,0,1.75,0,0,0,0,42.25,-101.34,42.25,-101.34,0,0,0,0,0,31,0,0,0
655467,2020,7,9,"2020-07-09","20:19:00",3,"CO",8,0,1.75,0,0,0,0,40.8,-103.58,40.8,-103.58,0,0,0,0,0,123,0,0,0
655468,2020,7,9,"2020-07-09","20:19:00",3,"NE",31,0,1.75,0,0,0,0,42.1,-102.87,42.1,-102.87,0,0,0,0,0,13,0,0,0
655469,2020,7,9,"2020-07-09","20:20:00",3,"NE",31,0,1,0,0,0,0,42.1,-102.91,42.1,-102.91,0,0,0,0,0,13,0,0,0
655470,2020,7,9,"2020-07-09","20:28:00",3,"NE",31,0,1,0,0,0,0,42.1,-102.87,42.1,-102.87,0,0,0,0,0,13,0,0,0
655471,2020,7,9,"2020-07-09","20:29:00",3,"NE",31,0,1.75,0,0,0,0,42.0995,-102.8585,42.0995,-102.8585,0,0,0,0,0,13,0,0,0
655472,2020,7,9,"2020-07-09","20:30:00",3,"SD",46,0,1,0,0,0,0,43.1084,-103.1318,43.1084,-103.1318,0,0,0,0,0,47,0,0,0
655473,2020,7,9,"2020-07-09","20:35:00",3,"CO",8,0,1,0,0,0,0,39.99,-104.87,39.99,-104.87,0,0,0,0,0,1,0,0,0
655474,2020,7,9,"2020-07-09","20:36:00",3,"NE",31,0,2,0,0,0,0,42.1,-102.87,42.1,-102.87,0,0,0,0,0,13,0,0,0
655475,2020,7,9,"2020-07-09","20:40:00",3,"NE",31,0,1,0,0,0,0,42.04,-101.93,42.04,-101.93,0,0,0,0,0,75,0,0,0
655476,2020,7,9,"2020-07-09","20:50:00",3,"WY",56,0,1.5,0,0,0,0,44.3435,-105.531,44.3435,-105.531,0,0,0,0,0,5,0,0,0
655477,2020,7,9,"2020-07-09","20:55:00",3,"WY",56,0,2.5,0,0,0,0,44.29,-105.5404,44.29,-105.5404,0,0,0,0,0,5,0,0,0
655478,2020,7,9,"2020-07-09","21:00:00",3,"WY",56,0,1.75,0,0,0,0,44.3002,-105.5143,44.3002,-105.5143,0,0,0,0,0,5,0,0,0
655479,2020,7,9,"2020-07-09","21:00:00",3,"WY",56,0,1.25,0,0,0,0,44.2798,-105.4857,44.2798,-105.4857,0,0,0,0,0,5,0,0,0
655480,2020,7,9,"2020-07-09","21:00:00",3,"WY",56,0,1.5,0,0,0,0,44.2845,-105.4813,44.2845,-105.4813,0,0,0,0,0,5,0,0,0
655481,2020,7,9,"2020-07-09","21:00:00",3,"WY",56,0,1.25,0,0,0,0,44.2798,-105.5143,44.2798,-105.5143,0,0,0,0,0,5,0,0,0
655482,2020,7,9,"2020-07-09","21:05:00",3,"WY",56,0,1.5,0,0,0,0,44.2633,-105.4845,44.2633,-105.4845,0,0,0,0,0,5,0,0,0
655483,2020,7,9,"2020-07-09","21:05:00",3,"WY",56,0,0.88,0,0,0,0,44.3379,-105.2,44.3379,-105.2,0,0,0,0,0,5,0,0,0
655484,2020,7,9,"2020-07-09","21:19:00",3,"CO",8,0,1,0,0,0,0,39.87,-104.69,39.87,-104.69,0,0,0,0,0,31,0,0,0
655485,2020,7,9,"2020-07-09","21:34:00",3,"WY",56,0,1.75,0,0,0,0,44.3524,-105.2,44.3524,-105.2,0,0,0,0,0,5,0,0,0
655486,2020,7,9,"2020-07-09","21:38:00",3,"CO",8,0,2,0,0,0,0,39.75,-104.6,39.75,-104.6,0,0,0,0,0,1,0,0,0
655487,2020,7,9,"2020-07-09","21:45:00",3,"CO",8,0,1,0,0,0,0,39.76,-104.42,39.76,-104.42,0,0,0,0,0,1,0,0,0
655488,2020,7,9,"2020-07-09","22:00:00",3,"MT",30,0,0.88,0,0,0,0,45.77,-109.55,45.77,-109.55,0,0,0,0,0,95,0,0,0
655489,2020,7,9,"2020-07-09","22:10:00",3,"CO",8,0,2.5,0,0,0,0,39.62,-104.49,39.62,-104.49,0,0,0,0,0,5,0,0,0
655490,2020,7,9,"2020-07-09","22:11:00",3,"WY",56,0,1,0,0,0,0,44.4234,-104.3723,44.4234,-104.3723,0,0,0,0,0,11,0,0,0
655491,2020,7,9,"2020-07-09","22:45:00",3,"WY",56,0,1.75,0,0,0,0,44.559,-104.08,44.559,-104.08,0,0,0,0,0,11,0,0,0
656561,2020,8,10,"2020-08-10","00:15:00",3,"KS",20,0,1,0,0,0,0,38.44,-99.69,38.44,-99.69,0,0,0,0,0,135,0,0,0
656562,2020,8,10,"2020-08-10","00:35:00",3,"MN",27,0,1.75,0,0,0,0,44.89,-93.32,44.88,-93.29,0,0,0,0,0,53,0,0,0
656563,2020,8,10,"2020-08-10","00:51:00",3,"MN",27,0,1.25,0,0,0,0,44.8861,-93.2984,44.856,-93.2243,0,0,0,0,0,53,0,0,0
656564,2020,8,10,"2020-08-10","01:07:00",3,"MN",27,0,1,0,0,0,0,44.8,-93.14,44.8,-93.14,0,0,0,0,0,37,0,0,0
656565,2020,8,10,"2020-08-10","01:16:00",3,"MN",27,0,1.5,0,0,0,0,44.84,-93.07,44.84,-93.07,0,0,0,0,0,37,0,0,0
656566,2020,8,10,"2020-08-10","01:17:00",3,"MN",27,0,1.75,0,0,0,0,44.6857,-93.5147,44.6412,-93.3461,0,0,0,0,0,139,0,0,0
656567,2020,8,10,"2020-08-10","01:30:00",3,"MN",27,0,1,0,0,0,0,45.1757,-93.944,45.1757,-93.944,0,0,0,0,0,171,0,0,0
656568,2020,8,10,"2020-08-10","01:40:00",3,"MN",27,0,2,0,0,0,0,45.18,-93.88,45.1735,-93.8501,0,0,0,0,0,171,0,0,0
656569,2020,8,10,"2020-08-10","01:45:00",3,"MN",27,0,0.88,0,0,0,0,44.6481,-93.2196,44.6481,-93.2196,0,0,0,0,0,37,0,0,0
656570,2020,8,10,"2020-08-10","01:48:00",3,"MN",27,0,1,0,0,0,0,44.63,-93.11,44.63,-93.11,0,0,0,0,0,37,0,0,0
656571,2020,8,10,"2020-08-10","01:50:00",3,"SD",46,0,1.75,0,0,0,0,43.71,-98.49,43.71,-98.49,0,0,0,0,0,3,0,0,0
656572,2020,8,10,"2020-08-10","02:00:00",3,"SD",46,0,1,0,0,0,0,43.32,-101.02,43.32,-101.02,0,0,0,0,0,121,0,0,0
656573,2020,8,10,"2020-08-10","02:02:00",3,"MN",27,0,1.5,0,0,0,0,45.15,-93.69,45.15,-93.69,0,0,0,0,0,171,0,0,0
656574,2020,8,10,"2020-08-10","02:05:00",3,"MN",27,0,1,0,0,0,0,44.52,-93.3995,44.52,-93.3995,0,0,0,0,0,131,0,0,0
656575,2020,8,10,"2020-08-10","02:25:00",3,"MN",27,0,1.75,0,0,0,0,44.4793,-93.1715,44.4723,-93.1671,0,0,0,0,0,37,0,0,0
656576,2020,8,10,"2020-08-10","02:30:00",3,"MN",27,0,1,0,0,0,0,45.8,-93.42,45.8203,-93.1769,0,0,0,0,0,65,0,0,0
656577,2020,8,10,"2020-08-10","02:35:00",3,"MN",27,0,1,0,0,0,0,45.03,-93.35,45.03,-93.35,0,0,0,0,0,53,0,0,0
656578,2020,8,10,"2020-08-10","02:35:00",3,"MN",27,0,1.5,0,0,0,0,44.4646,-93.1878,44.442,-93.0992,0,0,0,0,0,131,0,0,0
656579,2020,8,10,"2020-08-10","02:46:00",3,"MN",27,0,1,0,0,0,0,45.45,-93.79,45.45,-93.79,0,0,0,0,0,141,0,0,0
656580,2020,8,10,"2020-08-10","02:54:00",3,"MN",27,0,1.5,0,0,0,0,45.82,-93.06,45.82,-93.06,0,0,0,0,0,115,0,0,0
656581,2020,8,10,"2020-08-10","02:55:00",3,"MN",27,0,1,0,0,0,0,45.83,-93.08,45.83,-93.08,0,0,0,0,0,115,0,0,0
656582,2020,8,10,"2020-08-10","02:55:00",3,"MN",27,0,1.25,0,0,0,0,45.82,-93.03,45.82,-93.03,0,0,0,0,0,115,0,0,0
656583,2020,8,10,"2020-08-10","03:00:00",3,"SD",46,0,3,0,0,0,0,43.23,-100.85,43.23,-100.85,0,0,0,0,0,121,0,0,0
656584,2020,8,10,"2020-08-10","03:33:00",3,"SD",46,0,2,0,0,0,0,43.23,-99.43,43.23,-99.43,0,0,0,0,0,53,0,0,0
656585,2020,8,10,"2020-08-10","03:54:00",3,"SD",46,0,1,0,0,0,0,43.32,-99.12,43.32,-99.12,0,0,0,0,0,53,0,0,0
656586,2020,8,10,"2020-08-10","03:54:00",3,"SD",46,0,1.25,0,0,0,0,43.23,-99.33,43.23,-99.33,0,0,0,0,0,53,0,0,0
656587,2020,8,10,"2020-08-10","03:58:00",3,"SD",46,0,1,0,0,0,0,43.2,-99.34,43.2,-99.34,0,0,0,0,0,53,0,0,0
656588,2020,8,10,"2020-08-10","04:06:00",3,"MN",27,0,1,0,0,0,0,43.91,-93.39,43.91,-93.39,0,0,0,0,0,147,0,0,0
656589,2020,8,10,"2020-08-10","04:15:00",3,"MN",27,0,1.5,0,0,0,0,44.1933,-93.1259,44.1933,-93.1259,0,0,0,0,0,147,0,0,0
656590,2020,8,10,"2020-08-10","04:25:00",3,"MN",27,0,1.5,0,0,0,0,44.23,-93.0683,44.23,-93.0683,0,0,0,0,0,131,0,0,0
656591,2020,8,10,"2020-08-10","04:27:00",3,"MN",27,0,1,0,0,0,0,44.07,-92.77,44.07,-92.77,0,0,0,0,0,39,0,0,0
656592,2020,8,10,"2020-08-10","04:53:00",3,"IA",19,0,1,0,0,0,0,43.42,-96.17,43.42,-96.17,0,0,0,0,0,119,0,0,0
656593,2020,8,10,"2020-08-10","04:58:00",3,"NE",31,0,1,0,0,0,0,42.82,-98.56,42.82,-98.56,0,0,0,0,0,15,0,0,0
656594,2020,8,10,"2020-08-10","05:22:00",3,"MN",27,0,0.75,0,0,0,0,43.95,-91.72,43.95,-91.72,0,0,0,0,0,169,0,0,0
656595,2020,8,10,"2020-08-10","05:30:00",3,"MN",27,0,2,0,0,60000,9000,43.88,-91.57,43.88,-91.57,0,0,0,0,0,169,0,0,0
656596,2020,8,10,"2020-08-10","05:33:00",3,"SD",46,0,1,0,0,0,0,42.99,-97.86,42.99,-97.86,0,0,0,0,0,9,0,0,0
656597,2020,8,10,"2020-08-10","05:35:00",3,"SD",46,0,1,0,0,0,0,42.99,-97.87,42.99,-97.87,0,0,0,0,0,9,0,0,0
656598,2020,8,10,"2020-08-10","05:41:00",3,"MN",27,0,1,0,0,0,0,43.91,-91.44,43.91,-91.44,0,0,0,0,0,169,0,0,0
656599,2020,8,10,"2020-08-10","05:42:00",3,"SD",46,0,1,0,0,0,26000,43.09,-97.71,43.09,-97.71,0,0,0,0,0,9,0,0,0
656600,2020,8,10,"2020-08-10","07:34:00",3,"MN",27,0,1.75,0,0,0,0,43.8933,-93.5016,43.93,-93.46,0,0,0,0,0,161,0,0,0
656601,2020,8,10,"2020-08-10","08:40:00",3,"KS",20,0,0.75,0,0,0,0,37.75,-97.22,37.75,-97.22,0,0,0,0,0,173,0,0,0
656602,2020,8,10,"2020-08-10","08:58:00",3,"IA",19,0,1.5,0,0,0,0,42.21,-94.94,42.21,-94.94,0,0,0,0,0,161,0,0,0
656603,2020,8,10,"2020-08-10","12:25:00",3,"IA",19,0,1,0,0,0,0,42.3,-90.99,42.3,-90.99,0,0,0,0,0,61,0,0,0
656604,2020,8,10,"2020-08-10","12:35:00",3,"IL",17,0,2,0,0,0,0,42.3,-89.62,42.3,-89.62,0,0,0,0,0,177,0,0,0
656605,2020,8,10,"2020-08-10","13:45:00",3,"MI",26,0,1,0,0,0,0,45.41,-87.61,45.41,-87.61,0,0,0,0,0,109,0,0,0
656606,2020,8,10,"2020-08-10","13:53:00",3,"IL",17,0,1,0,0,0,0,42.29,-88.98,42.29,-88.98,0,0,0,0,0,201,0,0,0
656607,2020,8,10,"2020-08-10","14:00:00",3,"IL",17,0,1,0,0,0,0,42.26,-88.86,42.26,-88.86,0,0,0,0,0,7,0,0,0
656608,2020,8,10,"2020-08-10","14:27:00",3,"IL",17,0,1,0,0,0,0,41.37,-88.42,41.37,-88.42,0,0,0,0,0,63,0,0,0
656609,2020,8,10,"2020-08-10","14:29:00",3,"IL",17,0,1.75,0,0,0,0,41.3828,-88.4328,41.3828,-88.4328,0,0,0,0,0,63,0,0,0
656610,2020,8,10,"2020-08-10","14:30:00",3,"IL",17,0,1,0,0,0,0,41.68,-88.35,41.68,-88.35,0,0,0,0,0,93,0,0,0
656611,2020,8,10,"2020-08-10","14:43:00",3,"IL",17,0,1,0,0,0,0,41.8595,-88.0527,41.8595,-88.0527,0,0,0,0,0,43,0,0,0
656612,2020,8,10,"2020-08-10","14:50:00",3,"IL",17,0,0.88,0,0,0,0,42.1321,-87.7673,42.137,-87.7489,0,0,0,0,0,31,0,0,0
656613,2020,8,10,"2020-08-10","14:54:00",3,"KS",20,0,0.88,0,0,0,0,37.28,-95.51,37.28,-95.51,0,0,0,0,0,99,0,0,0
656614,2020,8,10,"2020-08-10","15:11:00",3,"AL",1,0,1,0,0,0,0,33.61,-86.32,33.61,-86.32,0,0,0,0,0,115,0,0,0
656615,2020,8,10,"2020-08-10","15:22:00",3,"KS",20,0,1,0,0,0,0,37.32,-95.26,37.32,-95.26,0,0,0,0,0,99,0,0,0
656616,2020,8,10,"2020-08-10","15:25:00",3,"KS",20,0,1.25,0,0,0,0,37.79,-100.02,37.79,-100.02,0,0,0,0,0,57,0,0,0
656617,2020,8,10,"2020-08-10","15:27:00",3,"KS",20,0,1.25,0,0,0,0,37.78,-100.03,37.78,-100.03,0,0,0,0,0,57,0,0,0
656618,2020,8,10,"2020-08-10","15:35:00",3,"KS",20,0,1,0,0,0,0,37.79,-100.02,37.79,-100.02,0,0,0,0,0,57,0,0,0
656619,2020,8,10,"2020-08-10","15:37:00",3,"GA",13,0,0.25,0,0,10,10,33.42,-82.14,33.42,-82.14,0,0,0,0,0,245,0,0,0
656620,2020,8,10,"2020-08-10","16:05:00",3,"KS",20,0,2,0,0,0,0,38.53,-99.31,38.53,-99.31,0,0,0,0,0,165,0,0,0
656621,2020,8,10,"2020-08-10","16:12:00",3,"MO",29,0,1,0,0,0,0,37.82,-94.27,37.82,-94.27,0,0,0,0,0,217,0,0,0
656622,2020,8,10,"2020-08-10","16:23:00",3,"KS",20,0,1.75,0,0,0,0,38.56,-99.36,38.56,-99.36,0,0,0,0,0,165,0,0,0
656623,2020,8,10,"2020-08-10","16:30:00",3,"MO",29,0,2.5,0,0,25000,0,37.87,-94.23,37.87,-94.23,0,0,0,0,0,217,0,0,0
656624,2020,8,10,"2020-08-10","16:32:00",3,"TX",48,0,1,0,0,0,0,36.33,-102.09,36.33,-102.09,0,0,0,0,0,421,0,0,0
656625,2020,8,10,"2020-08-10","16:32:00",3,"TX",48,0,1.5,0,0,0,0,36.28,-102.16,36.28,-102.16,0,0,0,0,0,421,0,0,0
656626,2020,8,10,"2020-08-10","16:43:00",3,"KS",20,0,1.75,0,0,0,0,38.64,-99.42,38.64,-99.42,0,0,0,0,0,165,0,0,0
656627,2020,8,10,"2020-08-10","16:54:00",3,"TX",48,0,0.75,0,0,0,0,36.27,-101.41,36.27,-101.41,0,0,0,0,0,195,0,0,0
656628,2020,8,10,"2020-08-10","16:56:00",3,"OK",40,0,1.75,0,0,0,0,36.79,-100.05,36.79,-100.05,0,0,0,0,0,7,0,0,0
656629,2020,8,10,"2020-08-10","17:00:00",3,"MO",29,0,0.75,0,0,0,0,37.64,-91.54,37.64,-91.54,0,0,0,0,0,65,0,0,0
656630,2020,8,10,"2020-08-10","17:00:00",3,"KS",20,0,0.88,0,0,0,0,37.75,-99.79,37.75,-99.79,0,0,0,0,0,57,0,0,0
656631,2020,8,10,"2020-08-10","17:04:00",3,"MO",29,0,1,0,0,0,0,38.01,-91.69,38.01,-91.69,0,0,0,0,0,161,0,0,0
656632,2020,8,10,"2020-08-10","17:05:00",3,"MO",29,0,1.25,0,0,0,0,37.65,-91.54,37.65,-91.54,0,0,0,0,0,65,0,0,0
656633,2020,8,10,"2020-08-10","17:07:00",3,"MO",29,0,1.5,0,0,0,0,37.9,-94.02,37.9,-94.02,0,0,0,0,0,185,0,0,0
656634,2020,8,10,"2020-08-10","17:07:00",3,"KS",20,0,0.88,0,0,0,0,38.74,-99.41,38.74,-99.41,0,0,0,0,0,51,0,0,0
656635,2020,8,10,"2020-08-10","17:07:00",3,"KS",20,0,0.88,0,0,0,0,38.74,-99.42,38.74,-99.42,0,0,0,0,0,51,0,0,0
656636,2020,8,10,"2020-08-10","17:19:00",3,"TX",48,0,1,0,0,0,0,36.19,-101.2,36.19,-101.2,0,0,0,0,0,195,0,0,0
656637,2020,8,10,"2020-08-10","17:40:00",3,"MO",29,0,2.5,0,0,10000,0,37.86,-94.13,37.86,-94.13,0,0,0,0,0,217,0,0,0
656638,2020,8,10,"2020-08-10","17:47:00",3,"IL",17,0,0.75,0,0,0,0,38.6402,-88.6431,38.6402,-88.6431,0,0,0,0,0,25,0,0,0
656639,2020,8,10,"2020-08-10","19:21:00",3,"TX",48,0,0.88,0,0,0,0,34.95,-102.11,34.95,-102.11,0,0,0,0,0,381,0,0,0
656640,2020,8,10,"2020-08-10","19:21:00",3,"TX",48,0,1,0,0,0,0,34.94,-102.15,34.94,-102.15,0,0,0,0,0,381,0,0,0
656641,2020,8,10,"2020-08-10","19:56:00",3,"KS",20,0,0.88,0,0,0,0,37.15,-98.03,37.15,-98.03,0,0,0,0,0,77,0,0,0
656642,2020,8,10,"2020-08-10","20:00:00",3,"AL",1,0,0.75,0,0,0,0,34.3879,-86.3689,34.3879,-86.3689,0,0,0,0,0,95,0,0,0
656643,2020,8,10,"2020-08-10","20:13:00",3,"TX",48,0,0.8,0,0,0,0,34.88,-102.27,34.88,-102.27,0,0,0,0,0,117,0,0,0
656644,2020,8,10,"2020-08-10","20:34:00",3,"TX",48,0,0.75,0,0,0,0,35.63,-100.87,35.63,-100.87,0,0,0,0,0,393,0,0,0
656645,2020,8,10,"2020-08-10","20:49:00",3,"KS",20,0,0.75,0,0,0,0,37.6798,-97.4438,37.6798,-97.4438,0,0,0,0,0,173,0,0,0
656646,2020,8,10,"2020-08-10","20:58:00",3,"TX",48,0,0.75,0,0,0,0,35.18,-101.97,35.18,-101.97,0,0,0,0,0,375,0,0,0
656647,2020,8,10,"2020-08-10","21:00:00",3,"FL",12,0,0.75,0,0,0,0,29.6,-81.26,29.6,-81.26,0,0,0,0,0,35,0,0,0
656648,2020,8,10,"2020-08-10","21:28:00",3,"TX",48,0,0.75,0,0,0,0,35.14,-101.89,35.14,-101.89,0,0,0,0,0,381,0,0,0
656649,2020,8,10,"2020-08-10","21:57:00",3,"TX",48,0,0.88,0,0,0,0,35.07,-101.85,35.07,-101.85,0,0,0,0,0,381,0,0,0
656650,2020,8,11,"2020-08-11","02:50:00",3,"SD",46,0,0.88,0,0,0,0,44.9368,-103.5434,44.9368,-103.5434,0,0,0,0,0,19,0,0,0
656651,2020,8,11,"2020-08-11","09:15:00",3,"SD",46,0,1,0,0,0,0,44.5012,-101.5983,44.5012,-101.5983,0,0,0,0,0,55,0,0,0
656652,2020,8,11,"2020-08-11","11:31:00",3,"SD",46,0,1.25,0,0,0,0,44.4995,-101.3287,44.4995,-101.3287,0,0,0,0,0,55,0,0,0
656653,2020,8,11,"2020-08-11","11:55:00",3,"SD",46,0,1.75,0,0,0,0,44.46,-101.13,44.46,-101.13,0,0,0,0,0,117,0,0,0
656654,2020,8,11,"2020-08-11","13:18:00",3,"WY",56,0,1,0,0,0,0,41.07,-104.52,41.07,-104.52,0,0,0,0,0,21,0,0,0
656655,2020,8,11,"2020-08-11","13:55:00",3,"AL",1,0,0.75,0,0,0,0,32.44,-86.33,32.44,-86.33,0,0,0,0,0,51,0,0,0
656656,2020,8,11,"2020-08-11","15:30:00",3,"MO",29,0,0.75,0,0,0,0,37.82,-93.95,37.82,-93.95,0,0,0,0,0,39,0,0,0
656657,2020,8,11,"2020-08-11","16:57:00",3,"NE",31,0,1.25,0,0,0,0,40.47,-101.71,40.47,-101.71,0,0,0,0,0,29,0,0,0
656658,2020,8,11,"2020-08-11","17:10:00",3,"CO",8,0,1,0,0,0,0,39.4747,-102.2998,39.4747,-102.2998,0,0,0,0,0,63,0,0,0
656659,2020,8,11,"2020-08-11","17:15:00",3,"CO",8,0,1,0,0,0,0,39.4889,-102.2596,39.4889,-102.2596,0,0,0,0,0,63,0,0,0
656660,2020,8,11,"2020-08-11","17:22:00",3,"GA",13,0,1,0,0,0,0,32.2423,-84.3183,32.2423,-84.3183,0,0,0,0,0,249,0,0,0
656661,2020,8,11,"2020-08-11","17:40:00",3,"SD",46,0,1.5,0,0,0,0,43.459,-103.48,43.459,-103.48,0,0,0,0,0,47,0,0,0
656662,2020,8,11,"2020-08-11","17:43:00",3,"SD",46,0,1,0,0,0,0,43.5189,-103.6869,43.5189,-103.6869,0,0,0,0,0,33,0,0,0
656663,2020,8,11,"2020-08-11","17:45:00",3,"SD",46,0,0.75,0,0,0,0,43.53,-103.65,43.53,-103.65,0,0,0,0,0,33,0,0,0
656664,2020,8,11,"2020-08-11","17:45:00",3,"SD",46,0,1.5,0,0,0,0,43.43,-103.48,43.43,-103.48,0,0,0,0,0,47,0,0,0
656665,2020,8,11,"2020-08-11","17:46:00",3,"SD",46,0,1.75,0,0,0,0,43.43,-103.48,43.43,-103.48,0,0,0,0,0,47,0,0,0
656666,2020,8,11,"2020-08-11","17:56:00",3,"SD",46,0,1,0,0,0,0,43.43,-103.4003,43.43,-103.4003,0,0,0,0,0,47,0,0,0
656667,2020,8,11,"2020-08-11","18:10:00",3,"KS",20,0,0.75,0,0,0,0,39.2646,-101.7829,39.2646,-101.7829,0,0,0,0,0,181,0,0,0
656668,2020,8,11,"2020-08-11","18:12:00",3,"KS",20,0,0.88,0,0,0,0,39.3157,-101.8242,39.3157,-101.8242,0,0,0,0,0,181,0,0,0
656669,2020,8,11,"2020-08-11","18:14:00",3,"ND",38,0,1,0,0,0,0,46.15,-103.94,46.15,-103.94,0,0,0,0,0,11,0,0,0
656670,2020,8,11,"2020-08-11","19:05:00",3,"SD",46,0,1.75,0,0,0,0,43.8524,-102.55,43.8524,-102.55,0,0,0,0,0,103,0,0,0
656671,2020,8,11,"2020-08-11","19:29:00",3,"SD",46,0,1.5,0,0,0,0,44.0034,-102.6358,44.0034,-102.6358,0,0,0,0,0,103,0,0,0
656672,2020,8,11,"2020-08-11","19:35:00",3,"SD",46,0,0.75,0,0,0,0,44.02,-102.58,44.02,-102.58,0,0,0,0,0,103,0,0,0
656673,2020,8,11,"2020-08-11","19:46:00",3,"KS",20,0,2,0,0,0,0,38.8999,-101.75,38.8999,-101.75,0,0,0,0,0,199,0,0,0
656674,2020,8,11,"2020-08-11","20:02:00",3,"TX",48,0,0.75,0,0,0,0,35.28,-101.54,35.28,-101.54,0,0,0,0,0,65,0,0,0
656675,2020,8,11,"2020-08-11","22:14:00",3,"NE",31,0,0.75,0,0,0,0,42.77,-98.56,42.77,-98.56,0,0,0,0,0,89,0,0,0
656676,2020,8,11,"2020-08-11","23:30:00",3,"KS",20,0,1,0,0,0,0,39.3648,-101.0549,39.3648,-101.0549,0,0,0,0,0,193,0,0,0
656677,2020,8,11,"2020-08-11","23:40:00",3,"KS",20,0,2.5,0,0,0,0,39.1301,-100.8501,39.1301,-100.8501,0,0,0,0,0,109,0,0,0
656678,2020,8,12,"2020-08-12","03:40:00",3,"SD",46,0,0.88,0,0,0,0,45.4,-97.31,45.4,-97.31,0,0,0,0,0,37,0,0,0
656679,2020,8,12,"2020-08-12","12:25:00",3,"TN",47,0,0.88,0,0,0,0,36.1535,-86.6254,36.1535,-86.6254,0,0,0,0,0,37,0,0,0
656680,2020,8,12,"2020-08-12","15:20:00",3,"FL",12,0,0.75,0,0,0,0,28.01,-81.89,28.01,-81.89,0,0,0,0,0,105,0,0,0
656681,2020,8,12,"2020-08-12","18:36:00",3,"NE",31,0,1,0,0,0,0,41.05,-102.92,41.05,-102.92,0,0,0,0,0,33,0,0,0
656682,2020,8,12,"2020-08-12","23:22:00",3,"KS",20,0,2,0,0,0,0,37.11,-97.14,37.11,-97.14,0,0,0,0,0,35,0,0,0
656683,2020,8,12,"2020-08-12","23:28:00",3,"KS",20,0,1.25,0,0,0,0,37.06,-97.05,37.06,-97.05,0,0,0,0,0,35,0,0,0
656684,2020,8,12,"2020-08-12","23:48:00",3,"KS",20,0,1,0,0,0,0,37.68,-97.17,37.68,-97.17,0,0,0,0,0,173,0,0,0
656685,2020,8,13,"2020-08-13","00:35:00",3,"OK",40,0,1.75,0,0,0,0,36.76,-96.86,36.76,-96.86,0,0,0,0,0,71,0,0,0
656686,2020,8,13,"2020-08-13","00:35:00",3,"OK",40,0,1.75,0,0,0,0,36.7621,-96.871,36.7621,-96.871,0,0,0,0,0,71,0,0,0
656687,2020,8,13,"2020-08-13","00:59:00",3,"OK",40,0,1.75,0,0,25000,0,36.7,-96.72,36.7,-96.72,0,0,0,0,0,113,0,0,0
656688,2020,8,13,"2020-08-13","01:40:00",3,"OK",40,0,1.75,0,0,25000,0,36.42,-96.4,36.42,-96.4,0,0,0,0,0,113,0,0,0
656689,2020,8,13,"2020-08-13","01:57:00",3,"OK",40,0,1,0,0,0,0,36.37,-96.0719,36.37,-96.0719,0,0,0,0,0,113,0,0,0
656690,2020,8,13,"2020-08-13","11:30:00",3,"SC",45,0,0.25,0,0,10,10,34.55,-80.55,34.55,-80.55,0,0,0,0,0,55,0,0,0
656691,2020,8,13,"2020-08-13","16:05:00",3,"KS",20,0,0.88,0,0,0,0,39.3037,-101.968,39.3037,-101.968,0,0,0,0,0,181,0,0,0
656692,2020,8,13,"2020-08-13","16:20:00",3,"KS",20,0,1,0,0,0,0,39.0614,-101.7886,39.0614,-101.7886,0,0,0,0,0,199,0,0,0
656693,2020,8,13,"2020-08-13","16:26:00",3,"NE",31,0,1,0,0,0,0,41.56,-100.94,41.56,-100.94,0,0,0,0,0,117,0,0,0
656694,2020,8,13,"2020-08-13","16:30:00",3,"KS",20,0,0.88,0,0,0,0,38.9882,-101.7013,38.9882,-101.7013,0,0,0,0,0,199,0,0,0
656695,2020,8,13,"2020-08-13","16:50:00",3,"KS",20,0,1.5,0,0,0,0,38.9941,-101.7024,38.9941,-101.7024,0,0,0,0,0,199,0,0,0
656696,2020,8,13,"2020-08-13","17:15:00",3,"NE",31,0,1,0,0,0,0,42.84,-99.8,42.84,-99.8,0,0,0,0,0,103,0,0,0
656697,2020,8,13,"2020-08-13","17:30:00",3,"MN",27,0,0.75,0,0,0,0,47.08,-96.5,47.08,-96.5,0,0,0,0,0,27,0,0,0
656698,2020,8,13,"2020-08-13","17:45:00",3,"MN",27,0,1.25,0,0,0,0,47.1,-96.47,47.1,-96.47,0,0,0,0,0,27,0,0,0
656699,2020,8,13,"2020-08-13","17:50:00",3,"MN",27,0,1,0,0,0,0,47.42,-96.19,47.42,-96.19,0,0,0,0,0,107,0,0,0
656700,2020,8,13,"2020-08-13","18:05:00",3,"MN",27,0,0.88,0,0,0,0,48.01,-96.21,48.01,-96.21,0,0,0,0,0,113,0,0,0
656701,2020,8,13,"2020-08-13","18:15:00",3,"NE",31,0,2.5,0,0,0,0,42.7,-100.07,42.7,-100.07,0,0,0,0,0,17,0,0,0
656702,2020,8,13,"2020-08-13","18:25:00",3,"MN",27,0,1.25,0,0,0,0,47.94,-95.84,47.94,-95.84,0,0,0,0,0,125,0,0,0
656703,2020,8,13,"2020-08-13","18:40:00",3,"KS",20,0,1.5,0,0,0,0,38.72,-101.91,38.72,-101.91,0,0,0,0,0,199,0,0,0
656704,2020,8,13,"2020-08-13","18:40:00",3,"MN",27,0,1,0,0,0,0,48.05,-95.85,48.05,-95.85,0,0,0,0,0,113,0,0,0
656705,2020,8,13,"2020-08-13","18:45:00",3,"KS",20,0,0.88,0,0,0,0,38.7382,-101.8917,38.7382,-101.8917,0,0,0,0,0,199,0,0,0
656706,2020,8,13,"2020-08-13","18:46:00",3,"MN",27,0,1,0,0,0,0,48.09,-96.08,48.09,-96.08,0,0,0,0,0,113,0,0,0
656707,2020,8,13,"2020-08-13","18:48:00",3,"MN",27,0,1.25,0,0,0,0,48.07,-96.02,48.07,-96.02,0,0,0,0,0,113,0,0,0
656708,2020,8,13,"2020-08-13","19:10:00",3,"MN",27,0,1.25,0,0,0,0,48.11,-95.96,48.11,-95.96,0,0,0,0,0,113,0,0,0
656709,2020,8,13,"2020-08-13","19:19:00",3,"MN",27,0,1,0,0,0,0,48.16,-95.99,48.16,-95.99,0,0,0,0,0,113,0,0,0
656710,2020,8,13,"2020-08-13","19:20:00",3,"MN",27,0,1.25,0,0,0,0,47.54,-96.49,47.54,-96.49,0,0,0,0,0,119,0,0,0
656711,2020,8,13,"2020-08-13","19:30:00",3,"MN",27,0,1,0,0,0,0,47.54,-96.4,47.54,-96.4,0,0,0,0,0,119,0,0,0
656712,2020,8,13,"2020-08-13","19:40:00",3,"MN",27,0,1,0,0,0,0,47.84,-95.85,47.84,-95.85,0,0,0,0,0,125,0,0,0
656713,2020,8,13,"2020-08-13","19:43:00",3,"MN",27,0,1,0,0,0,0,47.3,-96.49,47.3,-96.49,0,0,0,0,0,107,0,0,0
656714,2020,8,13,"2020-08-13","20:40:00",3,"MN",27,0,1,0,0,0,0,48.01,-96.21,48.01,-96.21,0,0,0,0,0,113,0,0,0
656715,2020,8,13,"2020-08-13","21:41:00",3,"MN",27,0,0.88,0,0,0,0,47.44,-95.97,47.44,-95.97,0,0,0,0,0,87,0,0,0
656716,2020,8,13,"2020-08-13","21:44:00",3,"MN",27,0,1,0,0,0,0,46.56,-96.74,46.56,-96.74,0,0,0,0,0,167,0,0,0
656717,2020,8,13,"2020-08-13","22:00:00",3,"MN",27,0,1,0,0,0,0,47.5,-95.51,47.5,-95.51,0,0,0,0,0,29,0,0,0
656718,2020,8,13,"2020-08-13","23:30:00",3,"MN",27,0,1,0,0,0,0,46.89,-95.51,46.89,-95.51,0,0,0,0,0,5,0,0,0
656719,2020,8,14,"2020-08-14","00:15:00",3,"MN",27,0,1.75,0,0,0,0,46.9,-95.03,46.9,-95.03,0,0,0,0,0,57,0,0,0
656720,2020,8,14,"2020-08-14","00:20:00",3,"MN",27,0,0.75,0,0,0,0,46.93,-94.79,46.93,-94.79,0,0,0,0,0,57,0,0,0
656721,2020,8,14,"2020-08-14","00:25:00",3,"MN",27,0,0.75,0,0,0,0,47.05,-94.37,47.05,-94.37,0,0,0,0,0,21,0,0,0
656722,2020,8,14,"2020-08-14","00:40:00",3,"ND",38,0,1,0,0,0,0,46.06,-102.65,46.06,-102.65,0,0,0,0,0,1,0,0,0
656723,2020,8,14,"2020-08-14","01:45:00",3,"ND",38,0,1.25,0,0,0,0,46,-102.64,46,-102.64,0,0,0,0,0,1,0,0,0
656724,2020,8,14,"2020-08-14","03:30:00",3,"ND",38,0,1.5,0,0,0,0,46.34,-96.71,46.34,-96.71,0,0,0,0,0,77,0,0,0
656725,2020,8,14,"2020-08-14","04:05:00",3,"ND",38,0,1.5,0,0,0,0,46.51,-99.92,46.51,-99.92,0,0,0,0,0,29,0,0,0
656726,2020,8,14,"2020-08-14","04:18:00",3,"ND",38,0,1.5,0,0,0,0,46.51,-99.76,46.51,-99.76,0,0,0,0,0,47,0,0,0
656727,2020,8,14,"2020-08-14","05:15:00",3,"ND",38,0,1,0,0,0,0,46.52,-99.14,46.52,-99.14,0,0,0,0,0,47,0,0,0
656728,2020,8,14,"2020-08-14","05:18:00",3,"ND",38,0,1.5,0,0,0,0,46.87,-96.9,46.87,-96.9,0,0,0,0,0,17,0,0,0
656729,2020,8,14,"2020-08-14","05:22:00",3,"ND",38,0,1,0,0,0,0,46.88,-96.82,46.88,-96.82,0,0,0,0,0,17,0,0,0
656730,2020,8,14,"2020-08-14","05:23:00",3,"ND",38,0,1.75,0,0,0,0,46.87,-98.77,46.87,-98.77,0,0,0,0,0,93,0,0,0
656731,2020,8,14,"2020-08-14","05:34:00",3,"ND",38,0,1,0,0,0,0,46.91,-98.71,46.91,-98.71,0,0,0,0,0,93,0,0,0
656732,2020,8,14,"2020-08-14","05:55:00",3,"ND",38,0,1.75,0,0,0,0,46.52,-99.57,46.52,-99.57,0,0,0,0,0,47,0,0,0
656733,2020,8,14,"2020-08-14","05:58:00",3,"ND",38,0,1,0,0,0,0,46.92,-98.01,46.92,-98.01,0,0,0,0,0,3,0,0,0
656734,2020,8,14,"2020-08-14","06:10:00",3,"ND",38,0,1.75,0,0,0,0,47.05,-97.11,47.05,-97.11,0,0,0,0,0,17,0,0,0
656735,2020,8,14,"2020-08-14","06:25:00",3,"ND",38,0,1.25,0,0,0,0,47.14,-97.08,47.14,-97.08,0,0,0,0,0,17,0,0,0
656736,2020,8,14,"2020-08-14","08:14:00",3,"ND",38,0,1,0,0,0,0,46.54,-97.68,46.54,-97.68,0,0,0,0,0,73,0,0,0
656737,2020,8,14,"2020-08-14","08:30:00",3,"ND",38,0,1,0,0,0,0,46.62,-97.6,46.62,-97.6,0,0,0,0,0,73,0,0,0
656738,2020,8,14,"2020-08-14","10:23:00",3,"MN",27,0,0.88,0,0,0,0,46.81,-95.59,46.81,-95.59,0,0,0,0,0,5,0,0,0
656739,2020,8,14,"2020-08-14","13:54:00",3,"IA",19,0,1,0,0,0,0,42.72,-96.57,42.72,-96.57,0,0,0,0,0,149,0,0,0
656740,2020,8,14,"2020-08-14","14:05:00",3,"IA",19,0,1,0,0,0,0,42.69,-96.5,42.69,-96.5,0,0,0,0,0,149,0,0,0
656741,2020,8,14,"2020-08-14","14:25:00",3,"IA",19,0,1.75,0,0,0,0,42.68,-96.35,42.68,-96.35,0,0,0,0,0,149,0,0,0
656742,2020,8,14,"2020-08-14","14:32:00",3,"OH",39,0,1,0,0,0,0,41.67,-84.33,41.67,-84.33,0,0,0,0,0,51,0,0,0
656743,2020,8,14,"2020-08-14","14:59:00",3,"IA",19,0,0.75,0,0,0,0,42.62,-96.3,42.62,-96.3,0,0,0,0,0,149,0,0,0
656744,2020,8,14,"2020-08-14","15:08:00",3,"OH",39,0,1,0,0,0,0,41.62,-84.33,41.62,-84.33,0,0,0,0,0,51,0,0,0
656745,2020,8,14,"2020-08-14","15:23:00",3,"NE",31,0,1,0,0,0,0,41.2107,-97.5908,41.18,-97.55,0,0,0,0,0,143,0,0,0
656746,2020,8,14,"2020-08-14","15:50:00",3,"NE",31,0,1,0,0,0,0,42.28,-96.7,42.28,-96.7,0,0,0,0,0,173,0,0,0
656747,2020,8,14,"2020-08-14","15:56:00",3,"TX",48,0,0.88,0,0,0,0,35.3,-101.85,35.3,-101.85,0,0,0,0,0,375,0,0,0
656748,2020,8,14,"2020-08-14","15:58:00",3,"NE",31,0,1.75,0,0,0,0,42.24,-96.61,42.24,-96.61,0,0,0,0,0,173,0,0,0
656749,2020,8,14,"2020-08-14","16:20:00",3,"KS",20,0,1.25,0,0,0,0,38.26,-102,38.26,-102,0,0,0,0,0,75,0,0,0
656750,2020,8,14,"2020-08-14","16:26:00",3,"KS",20,0,1,0,0,0,0,38.22,-102.01,38.22,-102.01,0,0,0,0,0,75,0,0,0
656751,2020,8,14,"2020-08-14","16:40:00",3,"MN",27,0,1,0,0,0,0,44.55,-94.22,44.55,-94.22,0,0,0,0,0,143,0,0,0
656752,2020,8,14,"2020-08-14","16:43:00",3,"MN",27,0,1.75,0,0,0,0,44.83,-94.27,44.83,-94.27,0,0,0,0,0,85,0,0,0
656753,2020,8,14,"2020-08-14","16:45:00",3,"KS",20,0,1.5,0,0,0,0,37.56,-101.81,37.56,-101.81,0,0,0,0,0,187,0,0,0
656754,2020,8,14,"2020-08-14","16:50:00",3,"NE",31,0,2.75,0,0,1e+06,3e+06,40.6,-97.85,40.6,-97.85,0,0,0,0,0,35,0,0,0
656755,2020,8,14,"2020-08-14","16:52:00",3,"NE",31,0,1.25,0,0,0,0,40.58,-98,40.58,-98,0,0,0,0,0,35,0,0,0
656756,2020,8,14,"2020-08-14","16:54:00",3,"TX",48,0,1,0,0,0,0,35.54,-101.16,35.54,-101.16,0,0,0,0,0,65,0,0,0
656757,2020,8,14,"2020-08-14","16:55:00",3,"TX",48,0,1.5,0,0,0,0,35.56,-101.17,35.56,-101.17,0,0,0,0,0,65,0,0,0
656758,2020,8,14,"2020-08-14","16:57:00",3,"NE",31,0,2.5,0,0,1e+05,2e+06,40.53,-98.0119,40.53,-98.0119,0,0,0,0,0,35,0,0,0
656759,2020,8,14,"2020-08-14","17:00:00",3,"NE",31,0,2.5,0,0,1e+05,2e+06,40.5134,-98.1028,40.5134,-98.1028,0,0,0,0,0,35,0,0,0
656760,2020,8,14,"2020-08-14","17:00:00",3,"CO",8,0,2,0,0,0,0,38.03,-102.27,38.03,-102.27,0,0,0,0,0,99,0,0,0
656761,2020,8,14,"2020-08-14","17:10:00",3,"NE",31,0,3,0,0,0,0,40.5893,-98.0596,40.5893,-98.0596,0,0,0,0,0,35,0,0,0
656762,2020,8,14,"2020-08-14","17:10:00",3,"NE",31,0,2.75,0,0,25000,1e+06,40.53,-97.9358,40.4968,-97.9445,0,0,0,0,0,35,0,0,0
656763,2020,8,14,"2020-08-14","17:15:00",3,"ND",38,0,1,0,0,0,0,48.47,-101.32,48.47,-101.32,0,0,0,0,0,75,0,0,0
656764,2020,8,14,"2020-08-14","17:23:00",3,"MN",27,0,0.88,0,0,0,0,47.22,-93.53,47.22,-93.53,0,0,0,0,0,61,0,0,0
656765,2020,8,14,"2020-08-14","17:23:00",3,"MN",27,0,0.88,0,0,0,0,47.22,-93.54,47.22,-93.54,0,0,0,0,0,61,0,0,0
656766,2020,8,14,"2020-08-14","17:23:00",3,"ND",38,0,1.75,0,0,0,0,48.42,-101.36,48.42,-101.36,0,0,0,0,0,101,0,0,0
656767,2020,8,14,"2020-08-14","17:25:00",3,"KS",20,0,3,0,0,0,0,37.52,-101.89,37.52,-101.89,0,0,0,0,0,187,0,0,0
656768,2020,8,14,"2020-08-14","17:25:00",3,"KS",20,0,4,0,0,0,0,37.52,-101.88,37.52,-101.88,0,0,0,0,0,187,0,0,0
656769,2020,8,14,"2020-08-14","17:29:00",3,"KS",20,0,1,0,0,0,0,37.48,-101.87,37.48,-101.87,0,0,0,0,0,187,0,0,0
656770,2020,8,14,"2020-08-14","17:35:00",3,"NE",31,0,2,0,0,1e+05,3e+06,40.29,-98.16,40.29,-98.16,0,0,0,0,0,129,0,0,0
656771,2020,8,14,"2020-08-14","17:35:00",3,"ND",38,0,1,0,0,0,0,48.02,-101.16,48.02,-101.16,0,0,0,0,0,101,0,0,0
656772,2020,8,14,"2020-08-14","17:35:00",3,"ND",38,0,0.88,0,0,0,0,48.04,-101.09,48.04,-101.09,0,0,0,0,0,101,0,0,0
656773,2020,8,14,"2020-08-14","17:37:00",3,"NE",31,0,1.75,0,0,25000,1e+06,40.2802,-98.0265,40.2802,-98.0265,0,0,0,0,0,129,0,0,0
656774,2020,8,14,"2020-08-14","17:49:00",3,"NE",31,0,2.5,0,0,3e+05,3e+06,40.2145,-98.07,40.2,-98.07,0,0,0,0,0,129,0,0,0
656775,2020,8,14,"2020-08-14","18:05:00",3,"KS",20,0,1,0,0,0,0,37.27,-101.78,37.27,-101.78,0,0,0,0,0,129,0,0,0
656776,2020,8,14,"2020-08-14","18:25:00",3,"KS",20,0,1.5,0,0,0,0,37.15,-102.01,37.15,-102.01,0,0,0,0,0,129,0,0,0
656777,2020,8,14,"2020-08-14","18:30:00",3,"NE",31,0,1,0,0,0,0,40.03,-98.07,40.03,-98.07,0,0,0,0,0,129,0,0,0
656778,2020,8,14,"2020-08-14","18:40:00",3,"KS",20,0,1,0,0,0,0,39.9466,-97.9777,39.9466,-97.9777,0,0,0,0,0,89,0,0,0
656779,2020,8,14,"2020-08-14","18:45:00",3,"KS",20,0,4,0,0,1e+06,2.5e+07,39.79,-98.21,39.66,-98.1094,0,0,0,0,0,89,0,0,0
656780,2020,8,14,"2020-08-14","19:08:00",3,"MN",27,0,1,0,0,0,0,45.21,-93.34,45.21,-93.34,0,0,0,0,0,3,0,0,0
656781,2020,8,14,"2020-08-14","19:27:00",3,"MN",27,0,1,0,0,0,0,44.88,-93.25,44.88,-93.25,0,0,0,0,0,53,0,0,0
656782,2020,8,14,"2020-08-14","19:31:00",3,"KS",20,0,1,0,0,0,0,39.3107,-98.7803,39.3107,-98.7803,0,0,0,0,0,141,0,0,0
656783,2020,8,14,"2020-08-14","19:50:00",3,"KS",20,0,1.5,0,0,0,0,39.52,-98.43,39.52,-98.43,0,0,0,0,0,123,0,0,0
656784,2020,8,14,"2020-08-14","19:55:00",3,"OK",40,0,1.5,0,0,0,0,36.59,-101.62,36.59,-101.62,0,0,0,0,0,139,0,0,0
656785,2020,8,14,"2020-08-14","20:17:00",3,"KS",20,0,1.75,0,0,25000,125000,39.2997,-98.7,39.2997,-98.7,0,0,0,0,0,141,0,0,0
656786,2020,8,14,"2020-08-14","21:37:00",3,"KS",20,0,1,0,0,0,0,38.86,-98.71,38.86,-98.71,0,0,0,0,0,167,0,0,0
656787,2020,8,14,"2020-08-14","21:55:00",3,"KS",20,0,1,0,0,0,0,38.78,-98.67,38.78,-98.67,0,0,0,0,0,167,0,0,0
656788,2020,8,14,"2020-08-14","22:10:00",3,"KS",20,0,1.5,0,0,0,0,38.78,-99.62,38.78,-99.62,0,0,0,0,0,195,0,0,0
656789,2020,8,14,"2020-08-14","22:15:00",3,"KS",20,0,1.25,0,0,0,0,38.62,-98.65,38.62,-98.65,0,0,0,0,0,9,0,0,0
656790,2020,8,14,"2020-08-14","22:30:00",3,"KS",20,0,0.88,0,0,0,0,38.89,-99.33,38.89,-99.33,0,0,0,0,0,51,0,0,0
656791,2020,8,14,"2020-08-14","22:34:00",3,"WI",55,0,0.75,0,0,0,0,44.95,-90.33,44.95,-90.33,0,0,0,0,0,19,0,0,0
656792,2020,8,14,"2020-08-14","22:34:00",3,"WI",55,0,0.75,0,0,0,0,44.91,-90.32,44.91,-90.32,0,0,0,0,0,19,0,0,0
656793,2020,8,14,"2020-08-14","22:55:00",3,"KS",20,0,3,0,0,0,0,38.64,-99.74,38.64,-99.74,0,0,0,0,0,135,0,0,0
656794,2020,8,14,"2020-08-14","23:26:00",3,"WI",55,0,0.75,0,0,0,0,43.9,-91.1,43.9,-91.1,0,0,0,0,0,63,0,0,0
656795,2020,8,14,"2020-08-14","23:30:00",3,"WI",55,0,0.75,0,0,0,0,43.9,-91.06,43.9,-91.06,0,0,0,0,0,63,0,0,0
656796,2020,8,14,"2020-08-14","23:40:00",3,"WI",55,0,1,0,0,5000,0,43.99,-90.81,43.99,-90.81,0,0,0,0,0,81,0,0,0
656797,2020,8,14,"2020-08-14","23:40:00",3,"WI",55,0,0.75,0,0,0,0,43.86,-90.83,43.86,-90.83,0,0,0,0,0,81,0,0,0
656798,2020,8,14,"2020-08-14","23:46:00",3,"KS",20,0,1.75,0,0,0,0,38.64,-100.1,38.64,-100.1,0,0,0,0,0,135,0,0,0
656799,2020,8,15,"2020-08-15","05:54:00",3,"MO",29,0,1.25,0,0,0,0,39.21,-93.53,39.21,-93.53,0,0,0,0,0,107,0,0,0
656800,2020,8,15,"2020-08-15","06:01:00",3,"MO",29,0,1.5,0,0,0,0,39.21,-93.51,39.21,-93.51,0,0,0,0,0,107,0,0,0
656801,2020,8,15,"2020-08-15","08:00:00",3,"MO",29,0,1,0,0,0,0,38.35,-93.76,38.35,-93.76,0,0,0,0,0,83,0,0,0
656802,2020,8,15,"2020-08-15","13:32:00",3,"NE",31,0,1.25,0,0,0,0,42.64,-102.74,42.64,-102.74,0,0,0,0,0,161,0,0,0
656803,2020,8,15,"2020-08-15","14:10:00",3,"MI",26,0,1,0,0,0,0,42.25,-85.51,42.25,-85.51,0,0,0,0,0,77,0,0,0
656804,2020,8,15,"2020-08-15","14:21:00",3,"NE",31,0,1,0,0,0,0,42.68,-102.78,42.68,-102.78,0,0,0,0,0,45,0,0,0
656805,2020,8,15,"2020-08-15","15:25:00",3,"KS",20,0,1.75,0,0,0,0,37.18,-94.62,37.18,-94.62,0,0,0,0,0,21,0,0,0
656806,2020,8,15,"2020-08-15","15:29:00",3,"NE",31,0,2.75,0,0,0,0,42.36,-103.02,42.36,-103.02,0,0,0,0,0,13,0,0,0
656807,2020,8,15,"2020-08-15","15:34:00",3,"KS",20,0,1.25,0,0,0,0,37.14,-94.73,37.14,-94.73,0,0,0,0,0,21,0,0,0
656808,2020,8,15,"2020-08-15","15:35:00",3,"NE",31,0,3.25,0,0,0,0,42.35,-103.03,42.35,-103.03,0,0,0,0,0,13,0,0,0
656809,2020,8,15,"2020-08-15","15:36:00",3,"TX",48,0,1.75,0,0,0,0,35.35,-101.35,35.35,-101.35,0,0,0,0,0,65,0,0,0
656810,2020,8,15,"2020-08-15","15:47:00",3,"KS",20,0,1.25,0,0,0,0,37.09,-94.7,37.09,-94.7,0,0,0,0,0,21,0,0,0
656811,2020,8,15,"2020-08-15","15:50:00",3,"KS",20,0,2.5,0,0,0,0,37.09,-94.72,37.09,-94.72,0,0,0,0,0,21,0,0,0
656812,2020,8,15,"2020-08-15","15:53:00",3,"CO",8,0,1,0,0,0,0,39.01,-104.79,39.01,-104.79,0,0,0,0,0,41,0,0,0
656813,2020,8,15,"2020-08-15","15:57:00",3,"KS",20,0,1,0,0,0,0,37.07,-94.64,37.07,-94.64,0,0,0,0,0,21,0,0,0
656814,2020,8,15,"2020-08-15","16:05:00",3,"CO",8,0,1,0,0,0,0,39.02,-104.81,39.02,-104.81,0,0,0,0,0,41,0,0,0
656815,2020,8,15,"2020-08-15","16:11:00",3,"CO",8,0,1.25,0,0,0,0,38.94,-104.7,38.94,-104.7,0,0,0,0,0,41,0,0,0
656816,2020,8,15,"2020-08-15","16:13:00",3,"CO",8,0,1,0,0,0,0,38.96,-104.72,38.96,-104.72,0,0,0,0,0,41,0,0,0
656817,2020,8,15,"2020-08-15","16:14:00",3,"CO",8,0,1,0,0,0,0,38.9,-104.77,38.9,-104.77,0,0,0,0,0,41,0,0,0
656818,2020,8,15,"2020-08-15","16:18:00",3,"CO",8,0,1,0,0,0,0,38.95,-104.7,38.95,-104.7,0,0,0,0,0,41,0,0,0
656819,2020,8,15,"2020-08-15","16:20:00",3,"KS",20,0,2.5,0,0,15000,0,37.14,-94.89,37.14,-94.89,0,0,0,0,0,21,0,0,0
656820,2020,8,15,"2020-08-15","16:23:00",3,"KS",20,0,1.75,0,0,0,0,37.12,-94.83,37.12,-94.83,0,0,0,0,0,21,0,0,0
656821,2020,8,15,"2020-08-15","16:25:00",3,"KS",20,0,1,0,0,0,0,37.03,-94.83,37.03,-94.83,0,0,0,0,0,21,0,0,0
656822,2020,8,15,"2020-08-15","16:48:00",3,"KS",20,0,1.75,0,0,0,0,37.09,-94.76,37.09,-94.76,0,0,0,0,0,21,0,0,0
656823,2020,8,15,"2020-08-15","16:50:00",3,"CO",8,0,1.75,0,0,0,0,38.83,-104.7,38.83,-104.7,0,0,0,0,0,41,0,0,0
656824,2020,8,15,"2020-08-15","16:50:00",3,"CO",8,0,1.75,0,0,0,0,38.83,-104.7,38.83,-104.7,0,0,0,0,0,41,0,0,0
656825,2020,8,15,"2020-08-15","16:52:00",3,"OK",40,0,1.25,0,0,10000,0,36.95,-94.8162,36.95,-94.8162,0,0,0,0,0,115,0,0,0
656826,2020,8,15,"2020-08-15","16:52:00",3,"CO",8,0,1.25,0,0,0,0,38.86,-104.7,38.86,-104.7,0,0,0,0,0,41,0,0,0
656827,2020,8,15,"2020-08-15","17:01:00",3,"CO",8,0,2,0,0,0,0,38.81,-104.69,38.81,-104.69,0,0,0,0,0,41,0,0,0
656828,2020,8,15,"2020-08-15","17:06:00",3,"CO",8,0,1.5,0,0,0,0,38.82,-104.7,38.82,-104.7,0,0,0,0,0,41,0,0,0
656829,2020,8,15,"2020-08-15","17:08:00",3,"CO",8,0,1.25,0,0,0,0,38.78,-104.65,38.78,-104.65,0,0,0,0,0,41,0,0,0
656830,2020,8,15,"2020-08-15","17:15:00",3,"CO",8,0,1.25,0,0,0,0,40.18,-103.28,40.18,-103.28,0,0,0,0,0,121,0,0,0
656831,2020,8,15,"2020-08-15","17:17:00",3,"NY",36,0,0.75,0,0,0,0,42.93,-78.75,42.93,-78.75,0,0,0,0,0,29,0,0,0
656832,2020,8,15,"2020-08-15","17:36:00",3,"CO",8,0,2,0,0,0,0,40.12,-103.28,40.12,-103.28,0,0,0,0,0,121,0,0,0
656833,2020,8,15,"2020-08-15","17:40:00",3,"CO",8,0,2.5,0,0,0,0,40.08,-103.33,40.08,-103.33,0,0,0,0,0,121,0,0,0
656834,2020,8,15,"2020-08-15","17:47:00",3,"CO",8,0,2,0,0,0,0,40.18,-103.33,40.18,-103.33,0,0,0,0,0,121,0,0,0
656835,2020,8,15,"2020-08-15","17:53:00",3,"CO",8,0,1.5,0,0,0,0,39.22,-103.62,39.22,-103.62,0,0,0,0,0,73,0,0,0
656836,2020,8,15,"2020-08-15","18:01:00",3,"MI",26,0,1,0,0,0,0,42.77,-82.55,42.77,-82.55,0,0,0,0,0,147,0,0,0
656837,2020,8,15,"2020-08-15","18:04:00",3,"OK",40,0,1,0,0,0,0,36.65,-95.15,36.65,-95.15,0,0,0,0,0,35,0,0,0
656838,2020,8,15,"2020-08-15","18:10:00",3,"CO",8,0,1.75,0,0,0,0,39.3242,-103.1206,39.3242,-103.1206,0,0,0,0,0,63,0,0,0
656839,2020,8,15,"2020-08-15","18:10:00",3,"CO",8,0,0.75,0,0,0,0,39.2959,-103.0642,39.2959,-103.0642,0,0,0,0,0,63,0,0,0
656840,2020,8,15,"2020-08-15","18:10:00",3,"OK",40,0,1.75,0,0,25000,0,36.6705,-95.1755,36.6705,-95.1755,0,0,0,0,0,35,0,0,0
656841,2020,8,15,"2020-08-15","18:10:00",3,"OK",40,0,2.75,0,0,25000,0,36.7012,-95.2138,36.7012,-95.2138,0,0,0,0,0,35,0,0,0
656842,2020,8,15,"2020-08-15","18:15:00",3,"CO",8,0,1.75,0,0,0,0,39.342,-103.0826,39.342,-103.0826,0,0,0,0,0,63,0,0,0
656843,2020,8,15,"2020-08-15","18:30:00",3,"CO",8,0,1,0,0,0,0,39.3457,-102.9111,39.3457,-102.9111,0,0,0,0,0,63,0,0,0
656844,2020,8,15,"2020-08-15","19:01:00",3,"CO",8,0,1,0,0,0,0,39.45,-103.36,39.45,-103.36,0,0,0,0,0,73,0,0,0
656845,2020,8,15,"2020-08-15","19:10:00",3,"OK",40,0,1,0,0,0,0,36.6554,-95.8635,36.6554,-95.8635,0,0,0,0,0,147,0,0,0
656846,2020,8,15,"2020-08-15","19:18:00",3,"LA",22,0,1,0,0,0,0,31.12,-93.3,31.12,-93.3,0,0,0,0,0,115,0,0,0
656847,2020,8,15,"2020-08-15","19:27:00",3,"OK",40,0,1,0,0,0,0,36.6,-95.9259,36.6,-95.9259,0,0,0,0,0,147,0,0,0
656848,2020,8,15,"2020-08-15","19:48:00",3,"CO",8,0,1.75,0,0,0,0,39.28,-103.43,39.28,-103.43,0,0,0,0,0,73,0,0,0
656849,2020,8,15,"2020-08-15","20:00:00",3,"CO",8,0,1.5,0,0,0,0,39.22,-103.46,39.22,-103.46,0,0,0,0,0,73,0,0,0
656850,2020,8,16,"2020-08-16","13:25:00",3,"TX",48,0,0.88,0,0,0,0,35.69,-100.64,35.69,-100.64,0,0,0,0,0,393,0,0,0
656851,2020,8,16,"2020-08-16","14:00:00",3,"TX",48,0,1.75,0,0,0,0,35.23,-100.6,35.23,-100.6,0,0,0,0,0,179,0,0,0
656852,2020,8,16,"2020-08-16","14:02:00",3,"OK",40,0,1,0,0,0,0,34.9,-97.53,34.9,-97.53,0,0,0,0,0,87,0,0,0
656853,2020,8,16,"2020-08-16","14:14:00",3,"NE",31,0,1.75,0,0,0,0,40.63,-100.86,40.63,-100.86,0,0,0,0,0,85,0,0,0
656854,2020,8,16,"2020-08-16","14:16:00",3,"NE",31,0,1.25,0,0,0,0,40.37,-101.44,40.37,-101.44,0,0,0,0,0,29,0,0,0
656855,2020,8,16,"2020-08-16","14:18:00",3,"CO",8,0,1.5,0,0,0,0,39.7009,-102.4065,39.7264,-102.4449,0,0,0,0,0,125,0,0,0
656856,2020,8,16,"2020-08-16","14:26:00",3,"NE",31,0,1,0,0,0,0,40.5,-101.02,40.5,-101.02,0,0,0,0,0,85,0,0,0
656857,2020,8,16,"2020-08-16","14:26:00",3,"NE",31,0,1,0,0,0,0,40.3209,-101.4703,40.3209,-101.4703,0,0,0,0,0,57,0,0,0
656858,2020,8,16,"2020-08-16","14:30:00",3,"NE",31,0,1.75,0,0,0,0,40.2954,-101.4566,40.2954,-101.4566,0,0,0,0,0,57,0,0,0
656859,2020,8,16,"2020-08-16","14:40:00",3,"NE",31,0,1,0,0,0,0,41.47,-96.82,41.47,-96.82,0,0,0,0,0,53,0,0,0
656860,2020,8,16,"2020-08-16","14:41:00",3,"OK",40,0,1,0,0,0,0,34.81,-97.26,34.81,-97.26,0,0,0,0,0,49,0,0,0
656861,2020,8,16,"2020-08-16","14:45:00",3,"NE",31,0,2.5,0,0,0,0,40.3206,-101.4705,40.3206,-101.4705,0,0,0,0,0,57,0,0,0
656862,2020,8,16,"2020-08-16","14:45:00",3,"NE",31,0,1,0,0,0,0,41.71,-96.79,41.71,-96.79,0,0,0,0,0,53,0,0,0
656863,2020,8,16,"2020-08-16","14:45:00",3,"NE",31,0,0.88,0,0,0,0,40.22,-101.436,40.22,-101.436,0,0,0,0,0,57,0,0,0
656864,2020,8,16,"2020-08-16","14:48:00",3,"CO",8,0,1.5,0,0,0,0,39.6718,-102.4915,39.6718,-102.4915,0,0,0,0,0,125,0,0,0
656865,2020,8,16,"2020-08-16","14:48:00",3,"NE",31,0,1.5,0,0,0,0,40.48,-100.91,40.48,-100.91,0,0,0,0,0,85,0,0,0
656866,2020,8,16,"2020-08-16","14:50:00",3,"NE",31,0,0.75,0,0,0,0,40.17,-101.148,40.17,-101.148,0,0,0,0,0,87,0,0,0
656867,2020,8,16,"2020-08-16","14:55:00",3,"TX",48,0,1,0,0,0,0,33.3001,-95.2462,33.3001,-95.2462,0,0,0,0,0,159,0,0,0
656868,2020,8,16,"2020-08-16","14:57:00",3,"OK",40,0,1,0,0,0,0,34.63,-97.21,34.63,-97.21,0,0,0,0,0,49,0,0,0
656869,2020,8,16,"2020-08-16","14:59:00",3,"NE",31,0,2.5,0,0,0,0,40.66,-100.44,40.66,-100.44,0,0,0,0,0,63,0,0,0
656870,2020,8,16,"2020-08-16","15:04:00",3,"OK",40,0,1,0,0,0,0,34.62,-97.16,34.62,-97.16,0,0,0,0,0,99,0,0,0
656871,2020,8,16,"2020-08-16","15:10:00",3,"CO",8,0,2,0,0,20000,0,39.6185,-102.5918,39.6185,-102.5918,0,0,0,0,0,125,0,0,0
656872,2020,8,16,"2020-08-16","15:13:00",3,"TX",48,0,1.25,0,0,0,0,32.8748,-95.491,32.8748,-95.491,0,0,0,0,0,499,0,0,0
656873,2020,8,16,"2020-08-16","15:14:00",3,"CO",8,0,1.5,0,0,0,0,39.6145,-102.5802,39.6145,-102.5802,0,0,0,0,0,125,0,0,0
656874,2020,8,16,"2020-08-16","15:24:00",3,"OK",40,0,1,0,0,0,0,34.3,-97.14,34.3,-97.14,0,0,0,0,0,19,0,0,0
656875,2020,8,16,"2020-08-16","15:25:00",3,"OK",40,0,1.75,0,0,0,0,34.17,-97.14,34.17,-97.14,0,0,0,0,0,19,0,0,0
656876,2020,8,16,"2020-08-16","15:30:00",3,"CO",8,0,1.75,0,0,0,0,39.5264,-102.5952,39.5264,-102.5952,0,0,0,0,0,63,0,0,0
656877,2020,8,16,"2020-08-16","15:30:00",3,"NE",31,0,1,0,0,0,0,40.0561,-101.0985,40.0561,-101.0985,0,0,0,0,0,87,0,0,0
656878,2020,8,16,"2020-08-16","15:36:00",3,"NE",31,0,2.5,0,0,0,0,41.29,-96.62,41.29,-96.62,0,0,0,0,0,155,0,0,0
656879,2020,8,16,"2020-08-16","15:38:00",3,"NE",31,0,2,0,0,0,0,41.3,-96.64,41.3,-96.64,0,0,0,0,0,155,0,0,0
656880,2020,8,16,"2020-08-16","15:38:00",3,"CO",8,0,1,0,0,0,0,39.4843,-102.5942,39.4843,-102.5942,0,0,0,0,0,63,0,0,0
656881,2020,8,16,"2020-08-16","15:42:00",3,"OK",40,0,2,0,0,0,0,34.28,-97.18,34.28,-97.18,0,0,0,0,0,19,0,0,0
656882,2020,8,16,"2020-08-16","15:45:00",3,"TX",48,0,0.75,0,0,0,0,33.14,-95.61,33.14,-95.61,0,0,0,0,0,223,0,0,0
656883,2020,8,16,"2020-08-16","15:47:00",3,"OK",40,0,1,0,0,0,0,34,-96.72,34,-96.72,0,0,0,0,0,95,0,0,0
656884,2020,8,16,"2020-08-16","15:53:00",3,"OK",40,0,0.88,0,0,0,0,34.22,-97.47,34.22,-97.47,0,0,0,0,0,19,0,0,0
656885,2020,8,16,"2020-08-16","15:55:00",3,"NE",31,0,2.5,0,0,0,0,40.0505,-101.5188,40.0505,-101.5188,0,0,0,0,0,57,0,0,0
656886,2020,8,16,"2020-08-16","15:56:00",3,"OK",40,0,1,0,0,0,0,34.16,-97.43,34.16,-97.43,0,0,0,0,0,19,0,0,0
656887,2020,8,16,"2020-08-16","16:00:00",3,"CO",8,0,0.75,0,0,0,0,38.765,-102.8012,38.765,-102.8012,0,0,0,0,0,17,0,0,0
656888,2020,8,16,"2020-08-16","16:00:00",3,"NE",31,0,1,0,0,0,0,40.2504,-100.3027,40.2504,-100.3027,0,0,0,0,0,145,0,0,0
656889,2020,8,16,"2020-08-16","16:00:00",3,"NE",31,0,1.75,0,0,0,0,40.2143,-100.353,40.2143,-100.353,0,0,0,0,0,145,0,0,0
656890,2020,8,16,"2020-08-16","16:02:00",3,"OK",40,0,0.75,0,0,0,0,34.35,-96.96,34.35,-96.96,0,0,0,0,0,99,0,0,0
656891,2020,8,16,"2020-08-16","16:02:00",3,"NE",31,0,1.75,0,0,0,0,41.22,-96.66,41.22,-96.66,0,0,0,0,0,155,0,0,0
656892,2020,8,16,"2020-08-16","16:02:00",3,"NE",31,0,1,0,0,0,0,40.2506,-100.6005,40.2506,-100.6005,0,0,0,0,0,145,0,0,0
656893,2020,8,16,"2020-08-16","16:05:00",3,"NE",31,0,2.5,0,0,0,0,40.0502,-101.4551,40.0502,-101.4551,0,0,0,0,0,57,0,0,0
656894,2020,8,16,"2020-08-16","16:05:00",3,"NE",31,0,1.75,0,0,0,0,40.16,-99.67,40.16,-99.67,0,0,0,0,0,65,0,0,0
656895,2020,8,16,"2020-08-16","16:13:00",3,"CO",8,0,1.75,0,0,0,0,39.3056,-102.5984,39.3056,-102.5984,0,0,0,0,0,63,0,0,0
656896,2020,8,16,"2020-08-16","16:15:00",3,"NE",31,0,1.5,0,0,0,0,41.43,-97.17,41.43,-97.17,0,0,0,0,0,37,0,0,0
656897,2020,8,16,"2020-08-16","16:15:00",3,"TX",48,0,1,0,0,0,0,33.4555,-96.38,33.4555,-96.38,0,0,0,0,0,181,0,0,0
656898,2020,8,16,"2020-08-16","16:31:00",3,"TX",48,0,1,0,0,0,0,34.5066,-100.43,34.5066,-100.43,0,0,0,0,0,191,0,0,0
656899,2020,8,16,"2020-08-16","16:35:00",3,"OK",40,0,1,0,0,0,0,33.912,-97.1538,33.912,-97.1538,0,0,0,0,0,85,0,0,0
656900,2020,8,16,"2020-08-16","16:35:00",3,"NE",31,0,1.75,0,0,0,0,40.13,-99.45,40.0578,-99.215,0,0,0,0,0,83,0,0,0
656901,2020,8,16,"2020-08-16","16:39:00",3,"NE",31,0,1,0,0,0,0,41.26,-97.13,41.26,-97.13,0,0,0,0,0,23,0,0,0
656902,2020,8,16,"2020-08-16","16:40:00",3,"KS",20,0,1,0,0,0,0,39.801,-101.4623,39.801,-101.4623,0,0,0,0,0,23,0,0,0
656903,2020,8,16,"2020-08-16","16:43:00",3,"TX",48,0,1.5,0,0,0,0,33.36,-96.45,33.36,-96.45,0,0,0,0,0,85,0,0,0
656904,2020,8,16,"2020-08-16","16:44:00",3,"TX",48,0,1.25,0,0,0,0,33.36,-96.46,33.36,-96.46,0,0,0,0,0,85,0,0,0
656905,2020,8,16,"2020-08-16","16:50:00",3,"TX",48,0,1,0,0,0,0,33.81,-97.01,33.81,-97.01,0,0,0,0,0,97,0,0,0
656906,2020,8,16,"2020-08-16","16:52:00",3,"NE",31,0,1,0,0,0,0,41.21,-97.12,41.21,-97.12,0,0,0,0,0,23,0,0,0
656907,2020,8,16,"2020-08-16","16:53:00",3,"NE",31,0,1.75,0,0,0,0,40.8033,-99.2846,40.8033,-99.2846,0,0,0,0,0,19,0,0,0
656908,2020,8,16,"2020-08-16","16:53:00",3,"NE",31,0,1.5,0,0,0,0,41.37,-97.98,41.37,-97.98,0,0,0,0,0,125,0,0,0
656909,2020,8,16,"2020-08-16","16:54:00",3,"TX",48,0,1.5,0,0,0,0,33.45,-96.74,33.45,-96.74,0,0,0,0,0,181,0,0,0
656910,2020,8,16,"2020-08-16","16:55:00",3,"CO",8,0,0.75,0,0,0,0,40.1119,-102.2266,40.1119,-102.2266,0,0,0,0,0,125,0,0,0
656911,2020,8,16,"2020-08-16","16:59:00",3,"TX",48,0,0.75,0,0,0,0,33.79,-97.73,33.79,-97.73,0,0,0,0,0,337,0,0,0
656912,2020,8,16,"2020-08-16","17:00:00",3,"CO",8,0,0.88,0,0,0,0,40.0789,-102.2292,40.0789,-102.2292,0,0,0,0,0,125,0,0,0
656913,2020,8,16,"2020-08-16","17:00:00",3,"KS",20,0,1,0,0,250,0,39.8444,-101.5248,39.8444,-101.5248,0,0,0,0,0,23,0,0,0
656914,2020,8,16,"2020-08-16","17:00:00",3,"NE",31,0,1.5,0,0,0,0,41,-98.39,40.97,-98.32,0,0,0,0,0,79,0,0,0
656915,2020,8,16,"2020-08-16","17:15:00",3,"NE",31,0,1.75,0,0,0,0,40.0595,-99.1768,40.0595,-99.1768,0,0,0,0,0,61,0,0,0
656916,2020,8,16,"2020-08-16","17:20:00",3,"KS",20,0,1,0,0,0,0,39.7604,-101.7102,39.7604,-101.7102,0,0,0,0,0,23,0,0,0
656917,2020,8,16,"2020-08-16","17:20:00",3,"CO",8,0,1.25,0,0,0,0,40.3967,-102.0628,40.3967,-102.0628,0,0,0,0,0,125,0,0,0
656918,2020,8,16,"2020-08-16","17:20:00",3,"TX",48,0,1.25,0,0,0,0,33,-95.94,33,-95.94,0,0,0,0,0,231,0,0,0
656919,2020,8,16,"2020-08-16","17:20:00",3,"NE",31,0,3,0,0,125000,1e+06,41.01,-98.18,41.01,-98.18,0,0,0,0,0,121,0,0,0
656920,2020,8,16,"2020-08-16","17:25:00",3,"TX",48,0,0.75,0,0,0,0,33.19,-96.5,33.19,-96.5,0,0,0,0,0,85,0,0,0
656921,2020,8,16,"2020-08-16","17:27:00",3,"TX",48,0,0.75,0,0,0,0,33.24,-96.65,33.24,-96.65,0,0,0,0,0,85,0,0,0
656922,2020,8,16,"2020-08-16","17:30:00",3,"CO",8,0,0.75,0,0,0,0,40.4096,-102.1191,40.4096,-102.1191,0,0,0,0,0,125,0,0,0
656923,2020,8,16,"2020-08-16","17:30:00",3,"CO",8,0,1,0,0,0,0,40.3531,-102.0778,40.3531,-102.0778,0,0,0,0,0,125,0,0,0
656924,2020,8,16,"2020-08-16","17:30:00",3,"NE",31,0,3,0,0,25000,1e+06,40.96,-98.06,40.96,-98.06,0,0,0,0,0,81,0,0,0
656925,2020,8,16,"2020-08-16","17:32:00",3,"NE",31,0,1.75,0,0,0,0,40.96,-98.13,40.96,-98.13,0,0,0,0,0,81,0,0,0
656926,2020,8,16,"2020-08-16","17:32:00",3,"NE",31,0,1.25,0,0,0,0,41.1345,-98,41.12,-98,0,0,0,0,0,121,0,0,0
656927,2020,8,16,"2020-08-16","17:35:00",3,"TX",48,0,1.25,0,0,0,0,31.2322,-94.7678,31.2322,-94.7678,0,0,0,0,0,5,0,0,0
656928,2020,8,16,"2020-08-16","17:37:00",3,"TX",48,0,0.75,0,0,0,0,33.24,-96.65,33.24,-96.65,0,0,0,0,0,85,0,0,0
656929,2020,8,16,"2020-08-16","17:45:00",3,"TX",48,0,1.75,0,0,50000,0,33.45,-96.61,33.45,-96.61,0,0,0,0,0,181,0,0,0
656930,2020,8,16,"2020-08-16","17:45:00",3,"NE",31,0,2,0,0,25000,1e+06,41,-98,40.9779,-97.9291,0,0,0,0,0,81,0,0,0
656931,2020,8,16,"2020-08-16","17:50:00",3,"TX",48,0,0.75,0,0,0,0,33.05,-96.75,33.05,-96.75,0,0,0,0,0,85,0,0,0
656932,2020,8,16,"2020-08-16","17:55:00",3,"TX",48,0,0.88,0,0,0,0,33.62,-96.61,33.62,-96.61,0,0,0,0,0,181,0,0,0
656933,2020,8,16,"2020-08-16","17:57:00",3,"TX",48,0,1,0,0,0,0,32.93,-96.82,32.93,-96.82,0,0,0,0,0,113,0,0,0
656934,2020,8,16,"2020-08-16","17:58:00",3,"TX",48,0,0.88,0,0,0,0,32.95,-96.82,32.95,-96.82,0,0,0,0,0,113,0,0,0
656935,2020,8,16,"2020-08-16","17:59:00",3,"NE",31,0,1.75,0,0,0,0,40.9424,-97.9,40.9424,-97.9,0,0,0,0,0,81,0,0,0
656936,2020,8,16,"2020-08-16","18:03:00",3,"TX",48,0,1,0,0,0,0,32.93,-96.85,32.93,-96.85,0,0,0,0,0,113,0,0,0
656937,2020,8,16,"2020-08-16","18:15:00",3,"AZ",4,0,1,0,0,0,0,32.32,-111.24,32.32,-111.24,0,0,0,0,0,19,0,0,0
656938,2020,8,16,"2020-08-16","18:16:00",3,"TX",48,0,1,0,0,0,0,33.01,-96.8,33.01,-96.8,0,0,0,0,0,85,0,0,0
656939,2020,8,16,"2020-08-16","18:16:00",3,"NE",31,0,1.25,0,0,0,0,40.9467,-98.3647,40.8911,-98.35,0,0,0,0,0,79,0,0,0
656940,2020,8,16,"2020-08-16","18:17:00",3,"KS",20,0,1,0,0,0,0,39.7531,-98.586,39.7531,-98.586,0,0,0,0,0,183,0,0,0
656941,2020,8,16,"2020-08-16","18:20:00",3,"KS",20,0,1,0,0,0,0,39.9068,-98.43,39.9068,-98.43,0,0,0,0,0,89,0,0,0
656942,2020,8,16,"2020-08-16","18:28:00",3,"TX",48,0,0.75,0,0,0,0,32.85,-97.34,32.85,-97.34,0,0,0,0,0,439,0,0,0
656943,2020,8,16,"2020-08-16","18:34:00",3,"TX",48,0,1,0,0,0,0,33.67,-96.24,33.67,-96.24,0,0,0,0,0,147,0,0,0
656944,2020,8,16,"2020-08-16","18:37:00",3,"TX",48,0,0.75,0,0,0,0,32.85,-96.85,32.85,-96.85,0,0,0,0,0,113,0,0,0
656945,2020,8,16,"2020-08-16","18:42:00",3,"CO",8,0,1,0,0,0,0,38.05,-103.84,38.05,-103.84,0,0,0,0,0,89,0,0,0
656946,2020,8,16,"2020-08-16","18:45:00",3,"NE",31,0,1.25,0,0,0,0,40.32,-97.48,40.32,-97.48,0,0,0,0,0,169,0,0,0
656947,2020,8,16,"2020-08-16","19:10:00",3,"TX",48,0,0.75,0,0,0,0,32.52,-97,32.52,-97,0,0,0,0,0,139,0,0,0
656948,2020,8,16,"2020-08-16","19:20:00",3,"TX",48,0,0.75,0,0,0,0,32.54,-96.89,32.54,-96.89,0,0,0,0,0,139,0,0,0
656949,2020,8,16,"2020-08-16","19:39:00",3,"NE",31,0,1.75,0,0,0,0,40.35,-98.13,40.35,-98.13,0,0,0,0,0,35,0,0,0
656950,2020,8,16,"2020-08-16","21:20:00",3,"KS",20,0,0.88,0,0,0,0,39.5,-98.55,39.5,-98.55,0,0,0,0,0,141,0,0,0
656951,2020,8,16,"2020-08-16","21:30:00",3,"KS",20,0,1,0,0,0,0,39.39,-98.53,39.39,-98.53,0,0,0,0,0,141,0,0,0
656952,2020,8,16,"2020-08-16","23:10:00",3,"TX",48,0,1,0,0,0,0,33.1617,-95.2265,33.1617,-95.2265,0,0,0,0,0,159,0,0,0
656953,2020,8,17,"2020-08-17","07:03:00",3,"CA",6,0,0.25,0,0,0,0,37.9802,-122.517,37.9802,-122.517,0,0,0,0,0,41,0,0,0
656954,2020,8,17,"2020-08-17","09:01:00",3,"CA",6,0,0.25,0,0,0,0,38.4355,-122.7,38.4355,-122.7,0,0,0,0,0,97,0,0,0
656955,2020,8,17,"2020-08-17","14:30:00",3,"OH",39,0,1,0,0,0,0,39.87,-82.1,39.87,-82.1,0,0,0,0,0,119,0,0,0
656956,2020,8,17,"2020-08-17","14:31:00",3,"OH",39,0,0.75,0,0,0,0,39.85,-82.12,39.85,-82.12,0,0,0,0,0,119,0,0,0
656957,2020,8,17,"2020-08-17","14:44:00",3,"NC",37,0,1,0,0,0,0,35.34,-81.42,35.34,-81.42,0,0,0,0,0,45,0,0,0
656958,2020,8,17,"2020-08-17","16:15:00",3,"NE",31,0,1.5,0,0,0,0,42.83,-102.92,42.83,-102.92,0,0,0,0,0,45,0,0,0
656959,2020,8,17,"2020-08-17","16:35:00",3,"NE",31,0,1,0,0,0,0,42.78,-102.93,42.78,-102.93,0,0,0,0,0,45,0,0,0
656960,2020,8,17,"2020-08-17","17:24:00",3,"NE",31,0,1,0,0,0,0,42.78,-102.93,42.78,-102.93,0,0,0,0,0,45,0,0,0
656961,2020,8,18,"2020-08-18","12:30:00",3,"FL",12,0,1,0,0,0,0,29.91,-81.32,29.91,-81.32,0,0,0,0,0,109,0,0,0
656962,2020,8,18,"2020-08-18","12:54:00",3,"FL",12,0,1,0,0,0,0,29.16,-81,29.16,-81,0,0,0,0,0,127,0,0,0
656963,2020,8,18,"2020-08-18","15:00:00",3,"GA",13,0,1,0,0,0,0,32.18,-81.46,32.18,-81.46,0,0,0,0,0,29,0,0,0
656964,2020,8,18,"2020-08-18","16:45:00",3,"KY",21,0,0.75,0,0,0,0,36.7408,-84.4815,36.7408,-84.4815,0,0,0,0,0,147,0,0,0
656965,2020,8,18,"2020-08-18","17:12:00",3,"TX",48,0,1,0,0,0,0,27.74,-97.75,27.74,-97.75,0,0,0,0,0,355,0,0,0
656966,2020,8,19,"2020-08-19","02:52:00",3,"MN",27,0,1.25,0,0,0,0,48.28,-96.19,48.28,-96.19,0,0,0,0,0,89,0,0,0
656967,2020,8,19,"2020-08-19","03:40:00",3,"MN",27,0,1,0,0,0,0,48.18,-96.03,48.18,-96.03,0,0,0,0,0,89,0,0,0
656968,2020,8,19,"2020-08-19","04:00:00",3,"ND",38,0,1,0,0,0,0,47.92,-97.14,47.92,-97.14,0,0,0,0,0,35,0,0,0
656969,2020,8,19,"2020-08-19","04:20:00",3,"MN",27,0,1,0,0,0,0,48.3,-95.77,48.3,-95.77,0,0,0,0,0,89,0,0,0
656970,2020,8,19,"2020-08-19","04:55:00",3,"MN",27,0,1.5,0,0,0,0,47.92,-96.67,47.92,-96.67,0,0,0,0,0,119,0,0,0
656971,2020,8,19,"2020-08-19","05:11:00",3,"MN",27,0,1.5,0,0,0,0,48.3,-95.62,48.3,-95.62,0,0,0,0,0,89,0,0,0
656972,2020,8,19,"2020-08-19","05:55:00",3,"MN",27,0,1,0,0,0,0,47.7,-96.5,47.7,-96.5,0,0,0,0,0,119,0,0,0
656973,2020,8,19,"2020-08-19","06:54:00",3,"MN",27,0,1.5,0,0,0,0,47.67,-96.14,47.67,-96.14,0,0,0,0,0,119,0,0,0
656974,2020,8,19,"2020-08-19","07:00:00",3,"ND",38,0,0.88,0,0,0,0,47.95,-97.49,47.95,-97.49,0,0,0,0,0,35,0,0,0
656975,2020,8,19,"2020-08-19","07:15:00",3,"MN",27,0,0.88,0,0,0,0,47.66,-96.01,47.66,-96.01,0,0,0,0,0,119,0,0,0
656976,2020,8,19,"2020-08-19","07:21:00",3,"ND",38,0,0.75,0,0,0,0,47.96,-97.38,47.96,-97.38,0,0,0,0,0,35,0,0,0
656977,2020,8,19,"2020-08-19","07:30:00",3,"ND",38,0,0.75,0,0,0,0,47.92,-97.07,47.92,-97.07,0,0,0,0,0,35,0,0,0
656978,2020,8,19,"2020-08-19","13:33:00",3,"AL",1,0,0.88,0,0,0,0,34.17,-86.62,34.17,-86.62,0,0,0,0,0,43,0,0,0
656979,2020,8,19,"2020-08-19","14:07:00",3,"SC",45,0,1,0,0,0,0,32.92,-80.02,32.92,-80.02,0,0,0,0,0,15,0,0,0
656980,2020,8,19,"2020-08-19","15:20:00",3,"MT",30,0,0.88,0,0,0,0,45.18,-109.26,45.18,-109.26,0,0,0,0,0,9,0,0,0
656981,2020,8,19,"2020-08-19","15:44:00",3,"GA",13,0,1,0,0,0,0,33.9958,-84.5078,33.9958,-84.5078,0,0,0,0,0,67,0,0,0
656982,2020,8,19,"2020-08-19","15:47:00",3,"GA",13,0,0.88,0,0,0,0,34.1,-84.34,34.1,-84.34,0,0,0,0,0,121,0,0,0
656983,2020,8,19,"2020-08-19","16:13:00",3,"GA",13,0,1,0,0,0,0,33.9832,-84.4625,33.9832,-84.4625,0,0,0,0,0,67,0,0,0
656984,2020,8,19,"2020-08-19","18:21:00",3,"MN",27,0,1.25,0,0,0,0,48.27,-92.49,48.27,-92.49,0,0,0,0,0,137,0,0,0
656985,2020,8,19,"2020-08-19","18:21:00",3,"MN",27,0,1,0,0,0,0,48.26,-92.49,48.26,-92.49,0,0,0,0,0,137,0,0,0
656986,2020,8,19,"2020-08-19","19:07:00",3,"MN",27,0,0.88,0,0,0,0,48.14,-92.52,48.14,-92.52,0,0,0,0,0,137,0,0,0
656987,2020,8,19,"2020-08-19","23:50:00",3,"MN",27,0,1.25,0,0,0,0,48.93,-96.94,48.93,-96.94,0,0,0,0,0,69,0,0,0
656988,2020,8,20,"2020-08-20","00:05:00",3,"MN",27,0,1.5,0,0,0,0,48.74,-96.94,48.74,-96.94,0,0,0,0,0,69,0,0,0
656989,2020,8,20,"2020-08-20","05:25:00",3,"MN",27,0,1,0,0,0,0,47.49,-92.73,47.49,-92.73,0,0,0,0,0,137,0,0,0
656990,2020,8,20,"2020-08-20","05:25:00",3,"MN",27,0,0.75,0,0,0,0,47.42,-92.66,47.42,-92.66,0,0,0,0,0,137,0,0,0
656991,2020,8,20,"2020-08-20","12:00:00",3,"LA",22,0,1,0,0,0,0,30.48,-90.03,30.48,-90.03,0,0,0,0,0,103,0,0,0
656992,2020,8,20,"2020-08-20","15:00:00",3,"MT",30,0,1.75,0,0,0,0,47.96,-112.18,47.96,-112.18,0,0,0,0,0,99,0,0,0
656993,2020,8,20,"2020-08-20","16:28:00",3,"WI",55,0,0.75,0,0,0,0,45.36,-86.89,45.36,-86.89,0,0,0,0,0,29,0,0,0
656994,2020,8,20,"2020-08-20","16:50:00",3,"MT",30,0,1,0,0,0,0,47.27,-110.75,47.27,-110.75,0,0,0,0,0,45,0,0,0
656995,2020,8,20,"2020-08-20","17:00:00",3,"MT",30,0,1,0,0,0,0,47.27,-110.73,47.27,-110.73,0,0,0,0,0,45,0,0,0
656996,2020,8,20,"2020-08-20","17:26:00",3,"MT",30,0,1,0,0,0,0,47.27,-110.49,47.27,-110.49,0,0,0,0,0,45,0,0,0
656997,2020,8,20,"2020-08-20","17:28:00",3,"CO",8,0,1,0,0,0,0,38.84,-104.34,38.84,-104.34,0,0,0,0,0,41,0,0,0
656998,2020,8,20,"2020-08-20","18:25:00",3,"AZ",4,0,0.75,0,0,0,0,32.2913,-110.3661,32.2913,-110.3661,0,0,0,0,0,3,0,0,0
656999,2020,8,21,"2020-08-21","13:15:00",3,"MI",26,0,0.88,0,0,0,0,44.99,-84.15,44.99,-84.15,0,0,0,0,0,119,0,0,0
657000,2020,8,21,"2020-08-21","15:15:00",3,"MI",26,0,1,0,0,0,0,45.71,-87.31,45.71,-87.31,0,0,0,0,0,41,0,0,0
657001,2020,8,21,"2020-08-21","15:25:00",3,"MI",26,0,0.88,0,0,0,0,44.57,-83.66,44.5019,-83.6015,0,0,0,0,0,1,0,0,0
657002,2020,8,21,"2020-08-21","16:03:00",3,"WI",55,0,0.88,0,0,0,0,45.75,-87.92,45.75,-87.92,0,0,0,0,0,75,0,0,0
657003,2020,8,21,"2020-08-21","16:06:00",3,"WI",55,0,1.25,0,0,0,0,45.7328,-87.9562,45.7328,-87.9562,0,0,0,0,0,75,0,0,0
657004,2020,8,21,"2020-08-21","16:08:00",3,"WI",55,0,1,0,0,0,0,45.7261,-87.8958,45.7261,-87.8958,0,0,0,0,0,75,0,0,0
657005,2020,8,21,"2020-08-21","16:56:00",3,"SD",46,0,1,0,0,0,0,45.28,-96.84,45.28,-96.84,0,0,0,0,0,51,0,0,0
657006,2020,8,21,"2020-08-21","17:02:00",3,"WI",55,0,0.88,0,0,0,0,45.5,-87.98,45.5,-87.98,0,0,0,0,0,75,0,0,0
657007,2020,8,21,"2020-08-21","17:18:00",3,"SD",46,0,1.5,0,0,0,0,45.25,-96.63,45.25,-96.63,0,0,0,0,0,51,0,0,0
657008,2020,8,21,"2020-08-21","18:18:00",3,"SD",46,0,1.5,0,0,0,0,45.25,-96.63,45.25,-96.63,0,0,0,0,0,51,0,0,0
657009,2020,8,21,"2020-08-21","19:38:00",3,"NM",35,0,1,0,0,0,0,34.24,-103.44,34.24,-103.44,0,0,0,0,0,41,0,0,0
657010,2020,8,21,"2020-08-21","19:50:00",3,"MI",26,0,1,0,0,0,0,46.9,-88.85,46.9,-88.85,0,0,0,0,0,61,0,0,0
657011,2020,8,21,"2020-08-21","21:15:00",3,"AL",1,0,1,0,0,0,0,31.3,-87.5,31.3,-87.5,0,0,0,0,0,99,0,0,0
657012,2020,8,22,"2020-08-22","06:24:00",3,"MN",27,0,1,0,0,0,0,45.55,-93.97,45.55,-93.97,0,0,0,0,0,141,0,0,0
657013,2020,8,22,"2020-08-22","12:15:00",3,"ME",23,0,1,0,0,0,0,43.33,-70.64,43.33,-70.64,0,0,0,0,0,31,0,0,0
657014,2020,8,22,"2020-08-22","13:05:00",3,"MA",25,0,0.75,0,0,0,0,42.07,-70.8,42.07,-70.8,0,0,0,0,0,23,0,0,0
657015,2020,8,22,"2020-08-22","13:10:00",3,"CT",9,0,1.25,0,0,0,0,41.4876,-72.3544,41.4876,-72.3544,0,0,0,0,0,7,0,0,0
657016,2020,8,22,"2020-08-22","14:10:00",3,"MA",25,0,1,0,0,0,0,41.9,-70.93,41.9,-70.93,0,0,0,0,0,23,0,0,0
657017,2020,8,22,"2020-08-22","14:25:00",3,"MA",25,0,1.75,0,0,0,0,41.8935,-70.8875,41.8935,-70.8875,0,0,0,0,0,23,0,0,0
657018,2020,8,22,"2020-08-22","15:00:00",3,"AZ",4,0,1,0,0,0,0,35.2925,-111.7583,35.39,-111.75,0,0,0,0,0,5,0,0,0
657019,2020,8,22,"2020-08-22","15:10:00",3,"CA",6,0,1.75,0,0,250000,0,35.4692,-115.54,35.4692,-115.54,0,0,0,0,0,71,0,0,0
657020,2020,8,22,"2020-08-22","15:35:00",3,"MN",27,0,1.25,0,0,0,0,47.5,-92.89,47.5,-92.89,0,0,0,0,0,137,0,0,0
657021,2020,8,22,"2020-08-22","15:36:00",3,"MN",27,0,1.5,0,0,0,0,47.45,-92.9,47.45,-92.9,0,0,0,0,0,137,0,0,0
657022,2020,8,22,"2020-08-22","15:40:00",3,"MN",27,0,1.5,0,0,0,0,47.49,-92.88,47.49,-92.88,0,0,0,0,0,137,0,0,0
657023,2020,8,22,"2020-08-22","15:49:00",3,"MN",27,0,1,0,0,0,0,47.4,-92.88,47.4,-92.88,0,0,0,0,0,137,0,0,0
657024,2020,8,22,"2020-08-22","17:40:00",3,"AZ",4,0,1,0,0,0,0,34.47,-112.37,34.4353,-112.4653,0,0,0,0,0,25,0,0,0
657025,2020,8,23,"2020-08-23","12:15:00",3,"NH",33,0,1,0,0,0,0,42.8,-71.3,42.8,-71.3,0,0,0,0,0,15,0,0,0
657026,2020,8,23,"2020-08-23","12:42:00",3,"NY",36,0,1,0,0,0,0,42.6,-73.83,42.6,-73.83,0,0,0,0,0,1,0,0,0
657027,2020,8,23,"2020-08-23","12:43:00",3,"NY",36,0,1,0,0,0,0,42.61,-73.77,42.61,-73.77,0,0,0,0,0,1,0,0,0
657028,2020,8,23,"2020-08-23","12:48:00",3,"NY",36,0,1.5,0,0,0,0,42.59,-73.79,42.59,-73.79,0,0,0,0,0,1,0,0,0
657029,2020,8,23,"2020-08-23","13:57:00",3,"NY",36,0,1,0,0,0,0,42.82,-75.61,42.82,-75.61,0,0,0,0,0,53,0,0,0
657030,2020,8,23,"2020-08-23","14:45:00",3,"MA",25,0,1,0,0,0,0,42.5,-71.07,42.5,-71.07,0,0,0,0,0,17,0,0,0
657031,2020,8,23,"2020-08-23","14:55:00",3,"MA",25,0,0.75,0,0,0,0,42.47,-70.96,42.47,-70.96,0,0,0,0,0,9,0,0,0
657032,2020,8,23,"2020-08-23","15:00:00",3,"MA",25,0,0.75,0,0,0,0,42.2546,-71.1232,42.2546,-71.1232,0,0,0,0,0,25,0,0,0
657033,2020,8,23,"2020-08-23","15:00:00",3,"NY",36,0,1,0,0,0,0,42.69,-74.22,42.69,-74.22,0,0,0,0,0,95,0,0,0
657034,2020,8,23,"2020-08-23","15:05:00",3,"MA",25,0,0.75,0,0,0,0,42.2,-71.83,42.2,-71.83,0,0,0,0,0,27,0,0,0
657035,2020,8,23,"2020-08-23","15:30:00",3,"IL",17,0,1,0,0,0,0,42.11,-88.02,42.11,-88.02,0,0,0,0,0,31,0,0,0
657036,2020,8,23,"2020-08-23","15:33:00",3,"SD",46,0,0.75,0,0,0,0,44.22,-103,44.22,-103,0,0,0,0,0,93,0,0,0
657037,2020,8,23,"2020-08-23","15:34:00",3,"SD",46,0,0.75,0,0,0,0,44.23,-103.04,44.23,-103.04,0,0,0,0,0,93,0,0,0
657038,2020,8,23,"2020-08-23","15:41:00",3,"MA",25,0,1,0,0,0,0,42.27,-71.81,42.27,-71.81,0,0,0,0,0,27,0,0,0
657039,2020,8,23,"2020-08-23","15:41:00",3,"IL",17,0,1.25,0,0,0,0,42.0885,-88.031,42.0885,-88.031,0,0,0,0,0,31,0,0,0
657040,2020,8,23,"2020-08-23","16:00:00",3,"IL",17,0,1,0,0,0,0,42.1251,-87.9943,42.1251,-87.9943,0,0,0,0,0,31,0,0,0
657041,2020,8,23,"2020-08-23","16:00:00",3,"ND",38,0,1.5,0,0,0,0,45.95,-98.85,45.95,-98.85,0,0,0,0,0,21,0,0,0
657042,2020,8,23,"2020-08-23","16:05:00",3,"ND",38,0,2.5,0,0,0,0,45.97,-98.77,45.97,-98.77,0,0,0,0,0,21,0,0,0
657043,2020,8,23,"2020-08-23","16:11:00",3,"ND",38,0,3.75,0,0,0,0,45.95,-98.75,45.95,-98.75,0,0,0,0,0,21,0,0,0
657044,2020,8,23,"2020-08-23","16:30:00",3,"SD",46,0,4,0,0,0,0,45.91,-98.68,45.91,-98.68,0,0,0,0,0,13,0,0,0
657045,2020,8,23,"2020-08-23","16:41:00",3,"ND",38,0,1.75,0,0,0,0,45.94,-98.53,45.94,-98.53,0,0,0,0,0,21,0,0,0
657046,2020,8,23,"2020-08-23","16:53:00",3,"MA",25,0,0.75,0,0,0,0,42.32,-72.13,42.32,-72.13,0,0,0,0,0,27,0,0,0
657047,2020,8,23,"2020-08-23","16:58:00",3,"SD",46,0,1,0,0,0,0,45.92,-98.41,45.92,-98.41,0,0,0,0,0,13,0,0,0
657048,2020,8,23,"2020-08-23","17:03:00",3,"MD",24,0,1,0,0,0,0,39.2991,-76.5106,39.2991,-76.5106,0,0,0,0,0,5,0,0,0
657049,2020,8,23,"2020-08-23","17:10:00",3,"MA",25,0,0.75,0,0,0,0,42.27,-72.4,42.27,-72.4,0,0,0,0,0,15,0,0,0
657050,2020,8,23,"2020-08-23","17:40:00",3,"ND",38,0,1,0,0,0,0,46.08,-98.22,46.08,-98.22,0,0,0,0,0,21,0,0,0
657051,2020,8,23,"2020-08-23","18:40:00",3,"IL",17,0,1,0,0,0,0,42.03,-88.08,42.03,-88.08,0,0,0,0,0,31,0,0,0
657052,2020,8,23,"2020-08-23","20:20:00",3,"ND",38,0,1.75,0,0,0,0,47.06,-99.56,47.06,-99.56,0,0,0,0,0,43,0,0,0
657053,2020,8,23,"2020-08-23","20:25:00",3,"ND",38,0,1.75,0,0,0,0,46.83,-98.22,46.83,-98.22,0,0,0,0,0,3,0,0,0
657054,2020,8,23,"2020-08-23","21:07:00",3,"ND",38,0,1,0,0,0,0,46.89,-99.12,46.89,-99.12,0,0,0,0,0,93,0,0,0
657055,2020,8,23,"2020-08-23","21:25:00",3,"ND",38,0,1,0,0,0,0,46.62,-99.69,46.62,-99.69,0,0,0,0,0,47,0,0,0
657056,2020,8,23,"2020-08-23","22:12:00",3,"ND",38,0,1,0,0,0,0,46.61,-99.82,46.61,-99.82,0,0,0,0,0,47,0,0,0
657057,2020,8,23,"2020-08-23","23:30:00",3,"ND",38,0,0.88,0,0,0,0,46.88,-99.64,46.88,-99.64,0,0,0,0,0,43,0,0,0
657058,2020,8,24,"2020-08-24","01:01:00",3,"ND",38,0,0.88,0,0,0,0,46.97,-99.3,46.97,-99.3,0,0,0,0,0,93,0,0,0
657059,2020,8,24,"2020-08-24","01:07:00",3,"SD",46,0,1.75,0,0,0,0,45.5,-97.7,45.5,-97.7,0,0,0,0,0,37,0,0,0
657060,2020,8,24,"2020-08-24","01:09:00",3,"SD",46,0,1.75,0,0,0,0,45.3,-97.57,45.3,-97.57,0,0,0,0,0,37,0,0,0
657061,2020,8,24,"2020-08-24","11:40:00",3,"CT",9,0,1,0,0,0,0,41.5886,-72.4917,41.5886,-72.4917,0,0,0,0,0,7,0,0,0
657062,2020,8,24,"2020-08-24","12:00:00",3,"ME",23,0,1,0,0,0,0,44.5,-70.22,44.5,-70.22,0,0,0,0,0,7,0,0,0
657063,2020,8,24,"2020-08-24","12:12:00",3,"ME",23,0,1.5,0,0,0,1000,44.48,-70.16,44.48,-70.16,0,0,0,0,0,1,0,0,0
657064,2020,8,24,"2020-08-24","12:20:00",3,"ME",23,0,1,0,0,0,0,44.46,-70.05,44.46,-70.05,0,0,0,0,0,11,0,0,0
657065,2020,8,24,"2020-08-24","12:30:00",3,"ME",23,0,1,0,0,0,0,44.7176,-69.7292,44.7176,-69.7292,0,0,0,0,0,25,0,0,0
657066,2020,8,24,"2020-08-24","12:55:00",3,"MA",25,0,0.75,0,0,0,0,42.71,-72.44,42.71,-72.44,0,0,0,0,0,11,0,0,0
657067,2020,8,24,"2020-08-24","12:55:00",3,"MA",25,0,0.75,0,0,0,0,42.55,-72.6,42.55,-72.6,0,0,0,0,0,11,0,0,0
657068,2020,8,24,"2020-08-24","13:08:00",3,"CT",9,0,1,0,0,0,0,41.5934,-72.543,41.5934,-72.543,0,0,0,0,0,7,0,0,0
657069,2020,8,24,"2020-08-24","13:08:00",3,"CT",9,0,1.75,0,0,0,0,41.6042,-72.5686,41.6042,-72.5686,0,0,0,0,0,7,0,0,0
657070,2020,8,24,"2020-08-24","13:24:00",3,"VT",50,0,1,0,0,1000,0,44.17,-72.98,44.17,-72.98,0,0,0,0,0,1,0,0,0
657071,2020,8,24,"2020-08-24","14:00:00",3,"ME",23,0,1,0,0,0,0,44.23,-69.63,44.23,-69.63,0,0,0,0,0,15,0,0,0
657072,2020,8,24,"2020-08-24","14:00:00",3,"NH",33,0,1,0,0,0,0,42.8,-71.43,42.8,-71.43,0,0,0,0,0,11,0,0,0
657073,2020,8,24,"2020-08-24","14:00:00",3,"NH",33,0,1,0,0,0,0,42.8,-71.43,42.8,-71.43,0,0,0,0,0,11,0,0,0
657074,2020,8,24,"2020-08-24","14:04:00",3,"NH",33,0,1.25,0,0,0,0,42.97,-71.35,42.97,-71.35,0,0,0,0,0,15,0,0,0
657075,2020,8,24,"2020-08-24","14:10:00",3,"NH",33,0,1.25,0,0,0,0,42.88,-71.3,42.88,-71.3,0,0,0,0,0,15,0,0,0
657076,2020,8,24,"2020-08-24","14:18:00",3,"NH",33,0,1,0,0,0,0,42.87,-71.33,42.87,-71.33,0,0,0,0,0,15,0,0,0
657077,2020,8,24,"2020-08-24","14:45:00",3,"ME",23,0,1,0,0,0,0,44.03,-70.39,44.03,-70.39,0,0,0,0,0,1,0,0,0
657078,2020,8,24,"2020-08-24","15:17:00",3,"ME",23,0,1,0,0,0,0,43.75,-70.35,43.75,-70.35,0,0,0,0,0,5,0,0,0
657079,2020,8,24,"2020-08-24","15:23:00",3,"ME",23,0,1,0,0,0,0,43.74,-70.29,43.74,-70.29,0,0,0,0,0,5,0,0,0
657080,2020,8,24,"2020-08-24","16:25:00",3,"ME",23,0,1,0,0,0,0,43.8323,-70.4067,43.8323,-70.4067,0,0,0,0,0,5,0,0,0
657081,2020,8,24,"2020-08-24","20:17:00",3,"WI",55,0,1,0,0,0,0,44.3,-89.85,44.3,-89.85,0,0,0,0,0,141,0,0,0
657082,2020,8,24,"2020-08-24","20:35:00",3,"WI",55,0,0.75,0,0,0,0,44.2488,-89.8097,44.2488,-89.8097,0,0,0,0,0,1,0,0,0
657083,2020,8,24,"2020-08-24","21:20:00",3,"WI",55,0,1,0,0,0,0,44.11,-89.81,44.11,-89.81,0,0,0,0,0,1,0,0,0
657084,2020,8,24,"2020-08-24","22:05:00",3,"WI",55,0,0.75,0,0,0,0,44.3,-89.85,44.3,-89.85,0,0,0,0,0,141,0,0,0
657085,2020,8,24,"2020-08-24","22:15:00",3,"WI",55,0,1,0,0,0,0,44.67,-91.26,44.67,-91.26,0,0,0,0,0,35,0,0,0
657086,2020,8,24,"2020-08-24","22:43:00",3,"WI",55,0,1.5,0,0,0,0,43.89,-89.49,43.89,-89.49,0,0,0,0,0,77,0,0,0
657087,2020,8,24,"2020-08-24","22:50:00",3,"WI",55,0,1,0,0,0,0,44.77,-91.45,44.77,-91.45,0,0,0,0,0,35,0,0,0
657088,2020,8,24,"2020-08-24","22:53:00",3,"WI",55,0,1,0,0,0,0,44.79,-91.49,44.79,-91.49,0,0,0,0,0,35,0,0,0
657089,2020,8,24,"2020-08-24","23:20:00",3,"WI",55,0,1,0,0,0,0,43.7709,-89.4526,43.7709,-89.4526,0,0,0,0,0,77,0,0,0
657090,2020,8,24,"2020-08-24","23:25:00",3,"WI",55,0,1.25,0,0,0,0,44.34,-89.92,44.34,-89.92,0,0,0,0,0,141,0,0,0
657091,2020,8,25,"2020-08-25","01:00:00",3,"WI",55,0,0.88,0,0,0,0,44.74,-90.5,44.74,-90.5,0,0,0,0,0,19,0,0,0
657092,2020,8,25,"2020-08-25","01:50:00",3,"WI",55,0,1,0,0,0,0,42.67,-88.55,42.67,-88.55,0,0,0,0,0,127,0,0,0
657093,2020,8,25,"2020-08-25","01:57:00",3,"WI",55,0,1,0,0,0,0,44.75,-90.08,44.75,-90.08,0,0,0,0,0,73,0,0,0
657094,2020,8,25,"2020-08-25","05:45:00",3,"WI",55,0,1,0,0,0,0,44.04,-90.55,44.04,-90.55,0,0,0,0,0,81,0,0,0
657095,2020,8,25,"2020-08-25","06:25:00",3,"WI",55,0,1,0,0,0,0,43.78,-89.69,43.78,-89.69,0,0,0,0,0,1,0,0,0
657096,2020,8,25,"2020-08-25","07:47:00",3,"WI",55,0,0.75,0,0,0,0,43.55,-89.3,43.55,-89.3,0,0,0,0,0,21,0,0,0
657097,2020,8,25,"2020-08-25","11:47:00",3,"PA",42,0,1,0,0,0,0,40.95,-79.74,40.95,-79.74,0,0,0,0,0,19,0,0,0
657098,2020,8,25,"2020-08-25","11:55:00",3,"OH",39,0,1,0,0,0,0,39.88,-83.94,39.88,-83.94,0,0,0,0,0,23,0,0,0
657099,2020,8,25,"2020-08-25","12:10:00",3,"NY",36,0,1,0,0,0,0,42.48,-75.1,42.48,-75.1,0,0,0,0,0,77,0,0,0
657100,2020,8,25,"2020-08-25","12:47:00",3,"PA",42,0,1.25,0,0,0,0,40.56,-79.39,40.56,-79.39,0,0,0,0,0,63,0,0,0
657101,2020,8,25,"2020-08-25","12:49:00",3,"WI",55,0,1.25,0,0,0,0,43.94,-88.95,43.94,-88.95,0,0,0,0,0,47,0,0,0
657102,2020,8,25,"2020-08-25","12:50:00",3,"OH",39,0,1,0,0,0,0,40.13,-81.07,40.13,-81.07,0,0,0,0,0,13,0,0,0
657103,2020,8,25,"2020-08-25","14:00:00",3,"OH",39,0,1.25,0,0,0,0,39.5,-83.89,39.5,-83.89,0,0,0,0,0,27,0,0,0
657104,2020,8,25,"2020-08-25","14:55:00",3,"OH",39,0,0.75,0,0,0,0,39.34,-84.36,39.34,-84.36,0,0,0,0,0,17,0,0,0
657105,2020,8,25,"2020-08-25","15:16:00",3,"WV",54,0,1,0,0,0,0,39.3,-79.64,39.3,-79.64,0,0,0,0,0,77,0,0,0
657106,2020,8,25,"2020-08-25","15:47:00",3,"WV",54,0,1.25,0,0,0,0,38.77,-81.9,38.77,-81.9,0,0,0,0,0,53,0,0,0
657107,2020,8,25,"2020-08-25","16:54:00",3,"NJ",34,0,1,0,0,0,0,39.3,-75.17,39.3,-75.17,0,0,0,0,0,11,0,0,0
657108,2020,8,25,"2020-08-25","22:27:00",3,"OH",39,0,0.88,0,0,0,0,39.17,-84.67,39.17,-84.67,0,0,0,0,0,61,0,0,0
657109,2020,8,26,"2020-08-26","07:35:00",3,"MI",26,0,0.88,0,0,0,0,45.96,-86.25,45.96,-86.25,0,0,0,0,0,153,0,0,0
657110,2020,8,26,"2020-08-26","13:15:00",3,"OH",39,0,1,0,0,0,0,39.99,-81.71,39.99,-81.71,0,0,0,0,0,59,0,0,0
657111,2020,8,26,"2020-08-26","15:00:00",3,"SD",46,0,1,0,0,0,0,44.99,-101.24,44.99,-101.24,0,0,0,0,0,137,0,0,0
657112,2020,8,26,"2020-08-26","15:02:00",3,"SD",46,0,1.25,0,0,0,0,45,-101.25,45,-101.25,0,0,0,0,0,41,0,0,0
657113,2020,8,26,"2020-08-26","15:06:00",3,"SD",46,0,1.75,0,0,0,0,45,-101.24,45,-101.24,0,0,0,0,0,41,0,0,0
657114,2020,8,26,"2020-08-26","15:20:00",3,"SD",46,0,1,0,0,0,0,44.64,-101.05,44.64,-101.05,0,0,0,0,0,117,0,0,0
657115,2020,8,26,"2020-08-26","15:30:00",3,"SD",46,0,1.75,0,0,0,0,45.08,-101.16,45.08,-101.16,0,0,0,0,0,41,0,0,0
657116,2020,8,26,"2020-08-26","15:45:00",3,"SD",46,0,1.5,0,0,0,0,44.56,-100.89,44.56,-100.89,0,0,0,0,0,117,0,0,0
657117,2020,8,26,"2020-08-26","16:25:00",3,"SD",46,0,0.88,0,0,0,0,45.3,-101.38,45.3,-101.38,0,0,0,0,0,41,0,0,0
657118,2020,8,26,"2020-08-26","16:25:00",3,"SD",46,0,1,0,0,0,0,44.5507,-101.3431,44.5507,-101.3431,0,0,0,0,0,55,0,0,0
657119,2020,8,26,"2020-08-26","16:31:00",3,"SD",46,0,1,0,0,0,0,43.75,-103.24,43.75,-103.24,0,0,0,0,0,33,0,0,0
657120,2020,8,26,"2020-08-26","16:48:00",3,"SD",46,0,2.75,0,0,0,0,44.46,-101.13,44.46,-101.13,0,0,0,0,0,117,0,0,0
657121,2020,8,26,"2020-08-26","16:58:00",3,"SD",46,0,1,0,0,0,0,45.28,-100.79,45.28,-100.79,0,0,0,0,0,41,0,0,0
657122,2020,8,26,"2020-08-26","17:00:00",3,"SD",46,0,1,0,0,0,0,43.62,-102.99,43.62,-102.99,0,0,0,0,0,33,0,0,0
657123,2020,8,26,"2020-08-26","17:13:00",3,"SD",46,0,1.75,0,0,0,0,45.43,-101.07,45.43,-101.07,0,0,0,0,0,41,0,0,0
657124,2020,8,26,"2020-08-26","17:17:00",3,"SD",46,0,2,0,0,0,0,45.43,-101.07,45.43,-101.07,0,0,0,0,0,41,0,0,0
657125,2020,8,26,"2020-08-26","17:20:00",3,"SD",46,0,2,0,0,0,0,45.44,-101.07,45.44,-101.07,0,0,0,0,0,41,0,0,0
657126,2020,8,26,"2020-08-26","18:05:00",3,"MT",30,0,1,0,0,0,0,45.859,-114.0252,45.859,-114.0252,0,0,0,0,0,81,0,0,0
657127,2020,8,26,"2020-08-26","18:25:00",3,"SD",46,0,1.25,0,0,0,0,43.8,-100.87,43.8,-100.87,0,0,0,0,0,75,0,0,0
657128,2020,8,26,"2020-08-26","18:32:00",3,"MT",30,0,0.75,0,0,0,0,48.51,-109.64,48.51,-109.64,0,0,0,0,0,41,0,0,0
657129,2020,8,26,"2020-08-26","18:37:00",3,"SD",46,0,1,0,0,0,0,43.46,-101.73,43.46,-101.73,0,0,0,0,0,71,0,0,0
657130,2020,8,26,"2020-08-26","18:40:00",3,"SD",46,0,1,0,0,0,0,43.6,-101.17,43.6,-101.17,0,0,0,0,0,95,0,0,0
657131,2020,8,26,"2020-08-26","19:00:00",3,"SD",46,0,0.88,0,0,0,0,43.57,-100.5,43.57,-100.5,0,0,0,0,0,95,0,0,0
657132,2020,8,26,"2020-08-26","19:00:00",3,"SD",46,0,4.5,0,0,0,0,43.47,-101.0803,43.47,-101.0803,0,0,0,0,0,95,0,0,0
657133,2020,8,26,"2020-08-26","19:00:00",3,"SD",46,0,2.5,0,0,0,0,43.4423,-101.1079,43.4423,-101.1079,0,0,0,0,0,95,0,0,0
657134,2020,8,26,"2020-08-26","19:10:00",3,"SD",46,0,1.5,0,0,0,0,43.5409,-100.4236,43.5409,-100.4236,0,0,0,0,0,95,0,0,0
657135,2020,8,26,"2020-08-26","19:25:00",3,"SD",46,0,1,0,0,0,0,43.2302,-101.394,43.2302,-101.394,0,0,0,0,0,7,0,0,0
657136,2020,8,26,"2020-08-26","19:35:00",3,"SD",46,0,0.88,0,0,0,0,43.23,-100.85,43.23,-100.85,0,0,0,0,0,121,0,0,0
657137,2020,8,26,"2020-08-26","20:06:00",3,"NE",31,0,1.75,0,0,0,0,42.97,-101.1,42.97,-101.1,0,0,0,0,0,31,0,0,0
657138,2020,8,27,"2020-08-27","13:12:00",3,"NY",36,0,1.25,0,0,0,0,41.87,-73.72,41.87,-73.72,0,0,0,0,0,27,0,0,0
657139,2020,8,27,"2020-08-27","13:14:00",3,"NY",36,0,1,0,0,0,0,41.82,-73.65,41.82,-73.65,0,0,0,0,0,27,0,0,0
657140,2020,8,27,"2020-08-27","13:23:00",3,"NY",36,0,0.88,0,0,0,0,41.75,-73.58,41.75,-73.58,0,0,0,0,0,27,0,0,0
657141,2020,8,27,"2020-08-27","13:25:00",3,"NY",36,0,2,0,0,0,0,42.83,-77.65,42.83,-77.65,0,0,0,0,0,51,0,0,0
657142,2020,8,27,"2020-08-27","13:29:00",3,"CT",9,0,0.75,0,0,0,0,41.72,-73.48,41.72,-73.48,0,0,0,0,0,5,0,0,0
657143,2020,8,27,"2020-08-27","14:44:00",3,"NY",36,0,1,0,0,0,0,42.17,-75.83,42.17,-75.83,0,0,0,0,0,7,0,0,0
657144,2020,8,27,"2020-08-27","15:15:00",3,"NY",36,0,0.88,0,0,0,0,41.27,-73.55,41.27,-73.55,0,0,0,0,0,119,0,0,0
657145,2020,8,27,"2020-08-27","15:59:00",3,"OH",39,0,0.75,0,0,0,0,40.8797,-81.3691,40.8797,-81.3691,0,0,0,0,0,151,0,0,0
657146,2020,8,27,"2020-08-27","16:30:00",3,"NY",36,0,1,0,0,0,0,41.52,-74.24,41.52,-74.24,0,0,0,0,0,71,0,0,0
657147,2020,8,27,"2020-08-27","16:52:00",3,"NY",36,0,0.75,0,0,0,0,40.8764,-73.081,40.8764,-73.081,0,0,0,0,0,103,0,0,0
657148,2020,8,27,"2020-08-27","17:08:00",3,"OH",39,0,0.75,0,0,0,0,40.6682,-81.2567,40.6682,-81.2567,0,0,0,0,0,151,0,0,0
657149,2020,8,27,"2020-08-27","17:20:00",3,"SD",46,0,1.75,0,0,0,0,45.8466,-103.3224,45.8466,-103.3224,0,0,0,0,0,63,0,0,0
657150,2020,8,27,"2020-08-27","18:12:00",3,"SD",46,0,1.75,0,0,0,0,45.79,-102.94,45.79,-102.94,0,0,0,0,0,105,0,0,0
657151,2020,8,27,"2020-08-27","18:25:00",3,"WY",56,0,1,0,0,0,0,44.782,-104.157,44.782,-104.157,0,0,0,0,0,11,0,0,0
657152,2020,8,27,"2020-08-27","18:25:00",3,"SD",46,0,1,0,0,0,0,45.76,-102.82,45.76,-102.82,0,0,0,0,0,105,0,0,0
657153,2020,8,27,"2020-08-27","18:30:00",3,"SD",46,0,1,0,0,0,0,43.18,-102.8492,43.18,-102.8492,0,0,0,0,0,102,0,0,0
657154,2020,8,27,"2020-08-27","18:30:00",3,"SD",46,0,1.75,0,0,0,0,44.7416,-103.9508,44.7416,-103.9508,0,0,0,0,0,19,0,0,0
657155,2020,8,27,"2020-08-27","18:30:00",3,"SD",46,0,1,0,0,0,0,45.7198,-102.6224,45.7198,-102.6224,0,0,0,0,0,105,0,0,0
657156,2020,8,27,"2020-08-27","18:38:00",3,"ND",38,0,1.75,0,0,0,0,46.35,-102.51,46.35,-102.51,0,0,0,0,0,41,0,0,0
657157,2020,8,27,"2020-08-27","18:40:00",3,"WY",56,0,1,0,0,0,0,44.78,-104.6,44.78,-104.6,0,0,0,0,0,11,0,0,0
657158,2020,8,27,"2020-08-27","19:00:00",3,"ND",38,0,2,0,0,0,0,46.58,-101.95,46.58,-101.95,0,0,0,0,0,37,0,0,0
657159,2020,8,27,"2020-08-27","19:13:00",3,"ND",38,0,1.75,0,0,0,0,46.62,-101.9,46.62,-101.9,0,0,0,0,0,37,0,0,0
657160,2020,8,27,"2020-08-27","19:14:00",3,"WY",56,0,1.25,0,0,0,0,44.64,-104.18,44.64,-104.18,0,0,0,0,0,11,0,0,0
657161,2020,8,27,"2020-08-27","19:16:00",3,"ND",38,0,1.5,0,0,0,0,46.59,-101.81,46.59,-101.81,0,0,0,0,0,37,0,0,0
657162,2020,8,27,"2020-08-27","19:35:00",3,"WY",56,0,1,0,0,0,0,44.1,-104.86,44.1,-104.86,0,0,0,0,0,45,0,0,0
657163,2020,8,27,"2020-08-27","19:45:00",3,"SD",46,0,1,0,0,0,0,45.27,-103.406,45.27,-103.406,0,0,0,0,0,63,0,0,0
657164,2020,8,28,"2020-08-28","09:49:00",3,"OH",39,0,1,0,0,0,0,40.9687,-81.4401,40.9687,-81.4401,0,0,0,0,0,153,0,0,0
657165,2020,8,28,"2020-08-28","13:04:00",3,"WV",54,0,1.25,0,0,0,0,39.67,-79.9,39.67,-79.9,0,0,0,0,0,61,0,0,0
657166,2020,8,28,"2020-08-28","13:13:00",3,"WV",54,0,0.75,0,0,0,0,39.68,-79.86,39.68,-79.86,0,0,0,0,0,61,0,0,0
657167,2020,8,28,"2020-08-28","14:10:00",3,"PA",42,0,0.88,0,0,0,0,39.87,-75.59,39.87,-75.59,0,0,0,0,0,45,0,0,0
657168,2020,8,28,"2020-08-28","14:30:00",3,"MI",26,0,1.75,0,0,0,0,43.19,-84.48,43.19,-84.48,0,0,0,0,0,57,0,0,0
657169,2020,8,28,"2020-08-28","14:39:00",3,"IA",19,0,1,0,0,0,0,42.18,-92.71,42.18,-92.71,0,0,0,0,0,171,0,0,0
657170,2020,8,28,"2020-08-28","14:46:00",3,"VA",51,0,1,0,0,0,0,39.2456,-78.3136,39.2456,-78.3136,0,0,0,0,0,69,0,0,0
657171,2020,8,28,"2020-08-28","14:50:00",3,"IA",19,0,1,0,0,0,0,42.19,-92.47,42.19,-92.47,0,0,0,0,0,171,0,0,0
657172,2020,8,28,"2020-08-28","15:03:00",3,"IA",19,0,1.25,0,0,0,0,42.17,-92.31,42.17,-92.31,0,0,0,0,0,171,0,0,0
657173,2020,8,28,"2020-08-28","15:05:00",3,"MI",26,0,1.25,0,0,0,0,43.07,-83.81,43.07,-83.81,0,0,0,0,0,49,0,0,0
657174,2020,8,28,"2020-08-28","15:07:00",3,"MI",26,0,1.75,0,0,0,0,43.06,-83.81,43.06,-83.81,0,0,0,0,0,49,0,0,0
657175,2020,8,28,"2020-08-28","15:08:00",3,"MI",26,0,1,0,0,0,0,43.06,-83.75,43.06,-83.75,0,0,0,0,0,49,0,0,0
657176,2020,8,28,"2020-08-28","15:10:00",3,"MI",26,0,2,0,0,0,0,43.06,-83.81,43.06,-83.81,0,0,0,0,0,49,0,0,0
657177,2020,8,28,"2020-08-28","15:10:00",3,"IA",19,0,1,0,0,0,0,42.23,-92.3,42.23,-92.3,0,0,0,0,0,11,0,0,0
657178,2020,8,28,"2020-08-28","15:27:00",3,"PA",42,0,0.75,0,0,0,0,39.8,-79.53,39.8,-79.53,0,0,0,0,0,51,0,0,0
657179,2020,8,28,"2020-08-28","16:29:00",3,"MD",24,0,1.75,0,0,0,0,38.8001,-76.9403,38.8001,-76.9403,0,0,0,0,0,33,0,0,0
657180,2020,8,28,"2020-08-28","19:28:00",3,"KS",20,0,1,0,0,0,0,39.43,-98.7,39.43,-98.7,0,0,0,0,0,141,0,0,0
657181,2020,8,28,"2020-08-28","19:50:00",3,"KS",20,0,1.5,0,0,1e+05,1e+06,39.3097,-98.6355,39.2,-98.64,0,0,0,0,0,141,0,0,0
657182,2020,8,28,"2020-08-28","21:57:00",3,"KS",20,0,1,0,0,0,0,37.57,-101.81,37.57,-101.81,0,0,0,0,0,187,0,0,0
657183,2020,8,29,"2020-08-29","13:20:00",3,"NM",35,0,1,0,0,2000,0,35.89,-106.09,35.89,-106.09,0,0,0,0,0,49,0,0,0
657184,2020,8,29,"2020-08-29","14:19:00",3,"NY",36,0,1.5,0,0,0,0,43.07,-74.2,43.07,-74.2,0,0,0,0,0,35,0,0,0
657185,2020,8,29,"2020-08-29","14:23:00",3,"CO",8,0,1,0,0,0,0,37.99,-104.76,37.99,-104.76,0,0,0,0,0,101,0,0,0
657186,2020,8,29,"2020-08-29","14:32:00",3,"NY",36,0,1.5,0,0,0,0,43.05,-74.06,43.05,-74.06,0,0,0,0,0,91,0,0,0
657187,2020,8,29,"2020-08-29","15:55:00",3,"NY",36,0,0.75,0,0,0,0,42.94,-73.45,42.94,-73.45,0,0,0,0,0,83,0,0,0
657188,2020,8,29,"2020-08-29","17:14:00",3,"AR",5,0,1.75,0,0,0,0,35.04,-94.12,35.04,-94.12,0,0,0,0,0,127,0,0,0
657189,2020,8,29,"2020-08-29","18:20:00",3,"AR",5,0,1.5,0,0,25000,0,35.2932,-94.42,35.2932,-94.42,0,0,0,0,0,131,0,0,0
657190,2020,8,29,"2020-08-29","18:43:00",3,"TX",48,0,1.5,0,0,0,0,35.37,-102.1,35.29,-101.91,0,0,0,0,0,375,0,0,0
657191,2020,8,29,"2020-08-29","18:53:00",3,"TX",48,0,1,0,0,0,0,35.29,-101.91,35.29,-101.91,0,0,0,0,0,375,0,0,0
657192,2020,8,29,"2020-08-29","19:07:00",3,"TX",48,0,1.75,0,0,0,0,35.25,-101.85,35.26,-101.83,0,0,0,0,0,375,0,0,0
657193,2020,8,29,"2020-08-29","19:07:00",3,"TX",48,0,1.75,0,0,0,0,35.26,-101.83,35.26,-101.83,0,0,0,0,0,375,0,0,0
657194,2020,8,29,"2020-08-29","19:08:00",3,"TX",48,0,1,0,0,0,0,35.29,-101.91,35.29,-101.91,0,0,0,0,0,375,0,0,0
657195,2020,8,29,"2020-08-29","19:08:00",3,"TX",48,0,1,0,0,0,0,35.44,-102.1,35.44,-102.1,0,0,0,0,0,375,0,0,0
657196,2020,8,29,"2020-08-29","19:10:00",3,"SD",46,0,1.25,0,0,0,0,44.1005,-103.5415,44.1005,-103.5415,0,0,0,0,0,103,0,0,0
657197,2020,8,29,"2020-08-29","19:13:00",3,"TX",48,0,2,0,0,0,0,35.3,-101.83,35.3,-101.83,0,0,0,0,0,375,0,0,0
657198,2020,8,29,"2020-08-29","19:15:00",3,"TX",48,0,1.5,0,0,0,0,35.27,-101.82,35.27,-101.82,0,0,0,0,0,375,0,0,0
657199,2020,8,29,"2020-08-29","19:15:00",3,"TX",48,0,1.5,0,0,0,0,35.27,-101.83,35.27,-101.83,0,0,0,0,0,375,0,0,0
657200,2020,8,29,"2020-08-29","19:24:00",3,"TX",48,0,0.75,0,0,0,0,35.24,-101.72,35.24,-101.72,0,0,0,0,0,375,0,0,0
657201,2020,8,29,"2020-08-29","19:28:00",3,"TX",48,0,1.25,0,0,0,0,34.89,-102.24,34.89,-102.24,0,0,0,0,0,117,0,0,0
657202,2020,8,30,"2020-08-30","01:54:00",3,"OK",40,0,1,0,0,0,0,34.37,-97.97,34.37,-97.97,0,0,0,0,0,137,0,0,0
657203,2020,8,30,"2020-08-30","14:15:00",3,"AZ",4,0,1,0,0,0,0,34.35,-112.12,34.35,-112.12,0,0,0,0,0,25,0,0,0
657204,2020,8,30,"2020-08-30","16:15:00",3,"SD",46,0,1.75,0,0,0,0,44.92,-99.3,44.92,-99.3,0,0,0,0,0,49,0,0,0
657205,2020,8,30,"2020-08-30","16:26:00",3,"SD",46,0,1,0,0,0,0,45.33,-98.98,45.33,-98.98,0,0,0,0,0,45,0,0,0
657206,2020,8,30,"2020-08-30","16:50:00",3,"SD",46,0,1.75,0,0,0,0,44.82,-98.98,44.82,-98.98,0,0,0,0,0,59,0,0,0
657207,2020,8,30,"2020-08-30","17:05:00",3,"SD",46,0,1,0,0,0,0,43.86,-99.25,43.86,-99.25,0,0,0,0,0,15,0,0,0
657208,2020,8,30,"2020-08-30","17:14:00",3,"SD",46,0,2,0,0,0,0,44.52,-98.99,44.52,-98.99,0,0,0,0,0,59,0,0,0
657209,2020,8,30,"2020-08-30","17:29:00",3,"SD",46,0,1,0,0,0,0,44.43,-98.86,44.43,-98.86,0,0,0,0,0,59,0,0,0
657210,2020,8,30,"2020-08-30","17:31:00",3,"SD",46,0,1.25,0,0,0,0,43.63,-99.16,43.63,-99.16,0,0,0,0,0,15,0,0,0
657211,2020,8,30,"2020-08-30","17:34:00",3,"SD",46,0,1,0,0,0,0,44.19,-98.99,44.19,-98.99,0,0,0,0,0,17,0,0,0
657212,2020,8,30,"2020-08-30","18:20:00",3,"NE",31,0,1.25,0,0,0,0,42.21,-99.7,42.21,-99.7,0,0,0,0,0,17,0,0,0
657213,2020,8,30,"2020-08-30","18:22:00",3,"NE",31,0,1.75,0,0,0,0,41.83,-100.1,41.83,-100.1,0,0,0,0,0,9,0,0,0
657214,2020,8,30,"2020-08-30","18:29:00",3,"SD",46,0,1.25,0,0,0,0,44.05,-98.82,44.05,-98.82,0,0,0,0,0,73,0,0,0
657215,2020,8,30,"2020-08-30","18:45:00",3,"NE",31,0,1.75,0,0,0,0,41.72,-100.09,41.72,-100.09,0,0,0,0,0,41,0,0,0
657216,2020,8,30,"2020-08-30","19:16:00",3,"SD",46,0,1.5,0,0,0,0,44.02,-98.37,44.02,-98.37,0,0,0,0,0,73,0,0,0
657217,2020,8,30,"2020-08-30","22:01:00",3,"MN",27,0,1.5,0,0,0,0,43.92,-95.78,43.92,-95.78,0,0,0,0,0,101,0,0,0
657218,2020,8,30,"2020-08-30","22:06:00",3,"MN",27,0,1,0,0,0,3000,43.96,-95.7,43.96,-95.7,0,0,0,0,0,101,0,0,0
657219,2020,8,30,"2020-08-30","23:18:00",3,"NE",31,0,0.88,0,0,0,0,41.5,-98.78,41.5,-98.78,0,0,0,0,0,175,0,0,0
657220,2020,8,31,"2020-08-31","01:38:00",3,"NE",31,0,1,0,0,0,0,42,-97.7,42,-97.7,0,0,0,0,0,119,0,0,0
657221,2020,8,31,"2020-08-31","03:11:00",3,"NE",31,0,1.75,0,0,0,0,42.56,-96.71,42.56,-96.71,0,0,0,0,0,51,0,0,0
657222,2020,8,31,"2020-08-31","03:26:00",3,"OK",40,0,0.88,0,0,0,0,35.8298,-95.9251,35.8298,-95.9251,0,0,0,0,0,111,0,0,0
657223,2020,8,31,"2020-08-31","03:37:00",3,"IA",19,0,1,0,0,0,0,42.72,-96.25,42.72,-96.25,0,0,0,0,0,149,0,0,0
657224,2020,8,31,"2020-08-31","05:56:00",3,"KS",20,0,1,0,0,0,0,39.12,-94.63,39.12,-94.63,0,0,0,0,0,209,0,0,0
657225,2020,8,31,"2020-08-31","06:56:00",3,"MO",29,0,1,0,0,0,0,39.31,-94.67,39.31,-94.67,0,0,0,0,0,165,0,0,0
657226,2020,8,31,"2020-08-31","11:50:00",3,"MO",29,0,1,0,0,0,0,37.7671,-90.9416,37.7671,-90.9416,0,0,0,0,0,221,0,0,0
657227,2020,8,31,"2020-08-31","15:42:00",3,"OK",40,0,0.88,0,0,0,0,35.92,-97.02,35.92,-97.02,0,0,0,0,0,81,0,0,0
657228,2020,8,31,"2020-08-31","15:50:00",3,"OK",40,0,1.25,0,0,0,0,35.29,-97.81,35.29,-97.81,0,0,0,0,0,51,0,0,0
657229,2020,8,31,"2020-08-31","15:56:00",3,"OK",40,0,1.75,0,0,0,0,35.92,-97.02,35.92,-97.02,0,0,0,0,0,81,0,0,0
657230,2020,8,31,"2020-08-31","15:57:00",3,"OK",40,0,2,0,0,0,0,35.91,-97.01,35.91,-97.01,0,0,0,0,0,81,0,0,0
657231,2020,8,31,"2020-08-31","16:16:00",3,"OK",40,0,0.88,0,0,0,0,35.31,-97.53,35.31,-97.53,0,0,0,0,0,27,0,0,0
657232,2020,8,31,"2020-08-31","16:20:00",3,"OK",40,0,1.32,0,0,0,0,35.31,-97.52,35.31,-97.52,0,0,0,0,0,27,0,0,0
657233,2020,8,31,"2020-08-31","16:20:00",3,"OK",40,0,1.75,0,0,0,0,35.28,-97.6,35.28,-97.6,0,0,0,0,0,87,0,0,0
657234,2020,8,31,"2020-08-31","16:23:00",3,"OK",40,0,1.25,0,0,0,0,35.53,-97.96,35.53,-97.96,0,0,0,0,0,17,0,0,0
657235,2020,8,31,"2020-08-31","16:23:00",3,"OK",40,0,1.27,0,0,0,0,35.31,-97.53,35.31,-97.53,0,0,0,0,0,27,0,0,0
657236,2020,8,31,"2020-08-31","16:25:00",3,"OK",40,0,1,0,0,0,0,35.34,-97.49,35.34,-97.49,0,0,0,0,0,27,0,0,0
657237,2020,8,31,"2020-08-31","16:25:00",3,"OK",40,0,1.75,0,0,0,0,35.33,-97.53,35.33,-97.53,0,0,0,0,0,27,0,0,0
657238,2020,8,31,"2020-08-31","16:48:00",3,"OK",40,0,1.5,0,0,0,0,35.24,-97.38,35.24,-97.38,0,0,0,0,0,27,0,0,0
657239,2020,8,31,"2020-08-31","16:49:00",3,"OK",40,0,0.75,0,0,0,0,35.24,-97.49,35.24,-97.49,0,0,0,0,0,27,0,0,0
657240,2020,8,31,"2020-08-31","16:55:00",3,"OK",40,0,1,0,0,0,0,35.22,-97.44,35.22,-97.44,0,0,0,0,0,27,0,0,0
657241,2020,8,31,"2020-08-31","17:00:00",3,"OK",40,0,1.5,0,0,0,0,35.2,-97.5,35.2,-97.5,0,0,0,0,0,27,0,0,0
657242,2020,8,31,"2020-08-31","17:04:00",3,"OK",40,0,1,0,0,0,0,35.22,-97.44,35.22,-97.44,0,0,0,0,0,27,0,0,0
657243,2020,8,31,"2020-08-31","17:11:00",3,"OK",40,0,1,0,0,0,0,35.18,-97.42,35.18,-97.42,0,0,0,0,0,27,0,0,0
657244,2020,8,31,"2020-08-31","17:11:00",3,"OK",40,0,1,0,0,0,0,35.18,-97.4,35.18,-97.4,0,0,0,0,0,27,0,0,0
657245,2020,8,31,"2020-08-31","17:13:00",3,"OK",40,0,1.75,0,0,0,0,35.18,-97.39,35.18,-97.39,0,0,0,0,0,27,0,0,0
657246,2020,8,31,"2020-08-31","17:14:00",3,"OK",40,0,1,0,0,0,0,35.19,-97.4,35.19,-97.4,0,0,0,0,0,27,0,0,0
657247,2020,8,31,"2020-08-31","17:15:00",3,"OK",40,0,1.9,0,0,0,0,35.18,-97.39,35.18,-97.39,0,0,0,0,0,27,0,0,0
657248,2020,8,31,"2020-08-31","17:15:00",3,"OK",40,0,1.5,0,0,0,0,35.17,-97.39,35.17,-97.39,0,0,0,0,0,27,0,0,0
657249,2020,8,31,"2020-08-31","17:17:00",3,"OK",40,0,2,0,0,0,0,35.18,-97.39,35.18,-97.39,0,0,0,0,0,27,0,0,0
657250,2020,8,31,"2020-08-31","17:17:00",3,"OK",40,0,1.75,0,0,0,0,35.15,-97.39,35.15,-97.39,0,0,0,0,0,27,0,0,0
657251,2020,8,31,"2020-08-31","17:19:00",3,"OK",40,0,2,0,0,0,0,35.17,-97.39,35.17,-97.39,0,0,0,0,0,27,0,0,0
657252,2020,8,31,"2020-08-31","17:24:00",3,"OK",40,0,2,0,0,0,0,35.18,-97.39,35.18,-97.39,0,0,0,0,0,27,0,0,0
657253,2020,8,31,"2020-08-31","17:29:00",3,"OK",40,0,1,0,0,0,0,35.16,-97.35,35.16,-97.35,0,0,0,0,0,27,0,0,0
657254,2020,8,31,"2020-08-31","17:30:00",3,"OK",40,0,1.75,0,0,0,0,35.14,-97.32,35.14,-97.32,0,0,0,0,0,27,0,0,0
657255,2020,8,31,"2020-08-31","21:10:00",3,"OK",40,0,1,0,0,0,0,35.52,-97.73,35.52,-97.73,0,0,0,0,0,17,0,0,0
656282,2020,8,1,"2020-08-01","14:20:00",3,"KS",20,0,1.25,0,0,0,0,39.0089,-100.4478,39.0089,-100.4478,0,0,0,0,0,63,0,0,0
656283,2020,8,1,"2020-08-01","15:00:00",3,"KS",20,0,0.75,0,0,0,0,39.1301,-100.8501,39.1301,-100.8501,0,0,0,0,0,109,0,0,0
656284,2020,8,1,"2020-08-01","15:10:00",3,"WY",56,0,1.25,0,0,0,0,43.46,-106.77,43.46,-106.77,0,0,0,0,0,25,0,0,0
656285,2020,8,1,"2020-08-01","15:18:00",3,"TX",48,0,0.88,0,0,0,0,33.48,-100.8674,33.48,-100.8674,0,0,0,0,0,125,0,0,0
656286,2020,8,1,"2020-08-01","17:12:00",3,"WY",56,0,1,0,0,0,0,41.33,-105.56,41.33,-105.56,0,0,0,0,0,1,0,0,0
656287,2020,8,1,"2020-08-01","17:33:00",3,"AZ",4,0,1,0,0,1000,0,33.31,-110.46,33.31,-110.46,0,0,0,0,0,7,0,0,0
656288,2020,8,1,"2020-08-01","17:35:00",3,"AZ",4,0,1.5,0,0,0,0,33.2954,-110.4447,33.2954,-110.4447,0,0,0,0,0,9,0,0,0
656289,2020,8,1,"2020-08-01","18:20:00",3,"AZ",4,0,1,0,0,0,0,34.52,-111.84,34.6606,-111.8459,0,0,0,0,0,25,0,0,0
656290,2020,8,1,"2020-08-01","18:41:00",3,"CO",8,0,1,0,0,0,0,40.8,-105.58,40.8,-105.58,0,0,0,0,0,69,0,0,0
656291,2020,8,1,"2020-08-01","18:44:00",3,"CO",8,0,1.5,0,0,0,0,40.77,-105.48,40.77,-105.48,0,0,0,0,0,69,0,0,0
656292,2020,8,1,"2020-08-01","18:58:00",3,"CO",8,0,1.75,0,0,0,0,40.8,-105.48,40.8,-105.48,0,0,0,0,0,69,0,0,0
656293,2020,8,1,"2020-08-01","18:58:00",3,"CO",8,0,1,0,0,0,0,40.75,-105.44,40.75,-105.44,0,0,0,0,0,69,0,0,0
656294,2020,8,1,"2020-08-01","21:07:00",3,"PA",42,0,1,0,0,0,0,39.8165,-77.5638,39.8165,-77.5638,0,0,0,0,0,55,0,0,0
656295,2020,8,1,"2020-08-01","21:13:00",3,"PA",42,0,1,0,0,0,0,39.8,-77.56,39.8,-77.56,0,0,0,0,0,55,0,0,0
656296,2020,8,2,"2020-08-02","14:02:00",3,"MS",28,0,2,0,0,20000,0,31.6,-89.19,31.66,-88.99,0,0,0,0,0,67,0,0,0
656297,2020,8,2,"2020-08-02","14:40:00",3,"TX",48,0,1,0,0,0,0,30.35,-95.84,30.35,-95.84,0,0,0,0,0,185,0,0,0
656298,2020,8,2,"2020-08-02","16:35:00",3,"SC",45,0,0.88,0,0,0,0,34.52,-83.01,34.52,-83.01,0,0,0,0,0,73,0,0,0
656299,2020,8,2,"2020-08-02","19:00:00",3,"AZ",4,0,1,0,0,0,0,31.6121,-111.0472,31.6121,-111.0472,0,0,0,0,0,23,0,0,0
656300,2020,8,2,"2020-08-02","19:08:00",3,"AZ",4,0,1,0,0,0,0,31.67,-110.53,31.67,-110.53,0,0,0,0,0,23,0,0,0
656301,2020,8,2,"2020-08-02","20:15:00",3,"AZ",4,0,1,0,0,0,0,31.69,-110.56,31.69,-110.56,0,0,0,0,0,23,0,0,0
656302,2020,8,2,"2020-08-02","20:47:00",3,"CO",8,0,1.25,0,0,0,0,39.27,-103.69,39.27,-103.69,0,0,0,0,0,73,0,0,0
656303,2020,8,2,"2020-08-02","20:54:00",3,"CO",8,0,1.75,0,0,0,0,39.21,-103.63,39.21,-103.63,0,0,0,0,0,73,0,0,0
656304,2020,8,2,"2020-08-02","21:12:00",3,"CO",8,0,1,0,0,0,0,39.13,-103.47,39.13,-103.47,0,0,0,0,0,73,0,0,0
656305,2020,8,3,"2020-08-03","07:15:00",3,"TN",47,0,0.75,0,0,0,0,35.48,-84.34,35.48,-84.34,0,0,0,0,0,123,0,0,0
656306,2020,8,3,"2020-08-03","09:28:00",3,"AL",1,0,1,0,0,0,0,34.21,-85.56,34.21,-85.56,0,0,0,0,0,19,0,0,0
656307,2020,8,3,"2020-08-03","09:36:00",3,"AL",1,0,1,0,0,0,0,34.31,-85.63,34.52,-85.51,0,0,0,0,0,19,0,0,0
656308,2020,8,3,"2020-08-03","10:50:00",3,"AL",1,0,1,0,0,0,0,33.72,-85.7,33.72,-85.7,0,0,0,0,0,15,0,0,0
656309,2020,8,3,"2020-08-03","11:16:00",3,"GA",13,0,1.25,0,0,0,0,34.4071,-85.0169,34.4071,-85.0169,0,0,0,0,0,129,0,0,0
656310,2020,8,3,"2020-08-03","11:38:00",3,"GA",13,0,2.5,0,0,290000,0,34.4438,-84.8328,34.4438,-84.8328,0,0,0,0,0,129,0,0,0
656311,2020,8,3,"2020-08-03","11:40:00",3,"GA",13,0,2.5,0,0,290000,0,34.4481,-84.8094,34.4481,-84.8094,0,0,0,0,0,129,0,0,0
656312,2020,8,3,"2020-08-03","12:40:00",3,"GA",13,0,1,0,0,0,0,34.26,-83.96,34.26,-83.96,0,0,0,0,0,117,0,0,0
656313,2020,8,3,"2020-08-03","15:00:00",3,"AZ",4,0,0.75,0,0,0,0,31.8278,-111.0111,31.8278,-111.0111,0,0,0,0,0,19,0,0,0
656314,2020,8,3,"2020-08-03","15:30:00",3,"MT",30,0,1,0,0,0,0,44.7,-111.24,44.7,-111.24,0,0,0,0,0,31,0,0,0
656315,2020,8,3,"2020-08-03","15:56:00",3,"NM",35,0,2,0,0,0,0,35.9017,-105.2511,35.9017,-105.2511,0,0,0,0,0,33,0,0,0
656316,2020,8,3,"2020-08-03","17:53:00",3,"MT",30,0,0.75,0,0,0,0,45.6,-111.04,45.6,-111.04,0,0,0,0,0,31,0,0,0
656317,2020,8,3,"2020-08-03","18:40:00",3,"NM",35,0,0.88,0,0,0,0,35.32,-106.56,35.32,-106.56,0,0,0,0,0,43,0,0,0
656318,2020,8,3,"2020-08-03","19:10:00",3,"NM",35,0,1,0,0,0,0,35.0793,-106.2886,35.0793,-106.2886,0,0,0,0,0,1,0,0,0
656319,2020,8,3,"2020-08-03","19:15:00",3,"MT",30,0,1,0,0,0,0,45.67,-111.16,45.67,-111.16,0,0,0,0,0,31,0,0,0
656320,2020,8,3,"2020-08-03","19:15:00",3,"NM",35,0,0.88,0,0,0,0,35.1,-106.31,35.1,-106.31,0,0,0,0,0,1,0,0,0
656321,2020,8,4,"2020-08-04","14:25:00",3,"GA",13,0,1.75,0,0,0,0,31.78,-82.35,31.78,-82.35,0,0,0,0,0,1,0,0,0
656322,2020,8,4,"2020-08-04","14:28:00",3,"GA",13,0,1,0,0,0,0,31.77,-82.35,31.77,-82.35,0,0,0,0,0,1,0,0,0
656323,2020,8,4,"2020-08-04","14:30:00",3,"GA",13,0,1,0,0,0,0,31.78,-82.35,31.78,-82.35,0,0,0,0,0,1,0,0,0
656324,2020,8,4,"2020-08-04","15:20:00",3,"CO",8,0,2,0,0,0,0,40.84,-104.88,40.84,-104.88,0,0,0,0,0,123,0,0,0
656325,2020,8,4,"2020-08-04","15:25:00",3,"CO",8,0,0.75,0,0,0,0,40.51,-104.58,40.51,-104.58,0,0,0,0,0,123,0,0,0
656326,2020,8,4,"2020-08-04","15:51:00",3,"CO",8,0,2,0,0,0,0,40.95,-104.8,40.95,-104.8,0,0,0,0,0,123,0,0,0
656327,2020,8,4,"2020-08-04","16:01:00",3,"CO",8,0,1.75,0,0,0,0,40.58,-104.75,40.58,-104.75,0,0,0,0,0,123,0,0,0
656328,2020,8,4,"2020-08-04","16:07:00",3,"CO",8,0,1,0,0,0,0,40.53,-104.71,40.53,-104.71,0,0,0,0,0,123,0,0,0
656329,2020,8,4,"2020-08-04","16:08:00",3,"CO",8,0,1.5,0,0,0,0,40.52,-104.73,40.52,-104.73,0,0,0,0,0,123,0,0,0
656330,2020,8,4,"2020-08-04","16:21:00",3,"CO",8,0,2,0,0,0,0,40.46,-104.7,40.46,-104.7,0,0,0,0,0,123,0,0,0
656331,2020,8,4,"2020-08-04","16:22:00",3,"CO",8,0,1.5,0,0,0,0,40.91,-104.55,40.91,-104.55,0,0,0,0,0,123,0,0,0
656332,2020,8,4,"2020-08-04","16:22:00",3,"CO",8,0,1.75,0,0,0,0,40.5,-104.73,40.5,-104.73,0,0,0,0,0,123,0,0,0
656333,2020,8,4,"2020-08-04","16:22:00",3,"CO",8,0,1.5,0,0,0,0,40.45,-104.7,40.45,-104.7,0,0,0,0,0,123,0,0,0
656334,2020,8,4,"2020-08-04","16:28:00",3,"CO",8,0,1.5,0,0,0,0,40.45,-104.68,40.45,-104.68,0,0,0,0,0,123,0,0,0
656335,2020,8,4,"2020-08-04","16:35:00",3,"CO",8,0,1.5,0,0,0,0,40.38,-104.64,40.38,-104.64,0,0,0,0,0,123,0,0,0
656336,2020,8,4,"2020-08-04","16:35:00",3,"CO",8,0,2,0,0,0,0,40.39,-104.6,40.39,-104.6,0,0,0,0,0,123,0,0,0
656337,2020,8,4,"2020-08-04","16:48:00",3,"CO",8,0,1,0,0,0,0,40.32,-104.51,40.32,-104.51,0,0,0,0,0,123,0,0,0
656338,2020,8,4,"2020-08-04","16:58:00",3,"CO",8,0,1,0,0,0,0,39.83,-103.72,39.83,-103.72,0,0,0,0,0,1,0,0,0
656339,2020,8,4,"2020-08-04","17:16:00",3,"CO",8,0,1.75,0,0,0,0,40.87,-104.23,40.87,-104.23,0,0,0,0,0,123,0,0,0
656340,2020,8,4,"2020-08-04","17:17:00",3,"FL",12,0,0.88,0,0,0,0,30.33,-81.78,30.33,-81.78,0,0,0,0,0,31,0,0,0
656341,2020,8,4,"2020-08-04","17:18:00",3,"SD",46,0,2,0,0,0,0,43.5024,-100.08,43.5024,-100.08,0,0,0,0,0,123,0,0,0
656342,2020,8,4,"2020-08-04","17:21:00",3,"CO",8,0,1.25,0,0,0,0,40.77,-104.79,40.77,-104.79,0,0,0,0,0,123,0,0,0
656343,2020,8,4,"2020-08-04","17:24:00",3,"CO",8,0,1,0,0,0,0,40.33,-104.56,40.33,-104.56,0,0,0,0,0,123,0,0,0
656344,2020,8,4,"2020-08-04","17:25:00",3,"FL",12,0,1,0,0,0,0,30.33,-81.77,30.33,-81.77,0,0,0,0,0,31,0,0,0
656345,2020,8,4,"2020-08-04","17:29:00",3,"FL",12,0,1.75,0,0,0,0,30.32,-81.77,30.32,-81.77,0,0,0,0,0,31,0,0,0
656346,2020,8,4,"2020-08-04","17:30:00",3,"FL",12,0,1.75,0,0,0,0,30.31,-81.81,30.31,-81.81,0,0,0,0,0,31,0,0,0
656347,2020,8,4,"2020-08-04","17:39:00",3,"FL",12,0,0.75,0,0,0,0,30.25,-81.79,30.25,-81.79,0,0,0,0,0,31,0,0,0
656348,2020,8,4,"2020-08-04","17:40:00",3,"FL",12,0,1.5,0,0,0,0,30.28,-81.81,30.28,-81.81,0,0,0,0,0,31,0,0,0
656349,2020,8,4,"2020-08-04","17:42:00",3,"FL",12,0,1,0,0,0,0,30.31,-81.85,30.31,-81.85,0,0,0,0,0,31,0,0,0
656350,2020,8,4,"2020-08-04","17:45:00",3,"NE",31,0,1,0,0,0,0,42.06,-102.34,42.06,-102.34,0,0,0,0,0,161,0,0,0
656351,2020,8,4,"2020-08-04","17:51:00",3,"ND",38,0,1,0,0,0,0,48.98,-103.01,48.98,-103.01,0,0,0,0,0,23,0,0,0
656352,2020,8,4,"2020-08-04","17:55:00",3,"NE",31,0,1.75,0,0,0,0,42.06,-102.32,42.06,-102.32,0,0,0,0,0,161,0,0,0
656353,2020,8,4,"2020-08-04","17:57:00",3,"FL",12,0,1.75,0,0,0,0,30.32,-81.83,30.32,-81.83,0,0,0,0,0,31,0,0,0
656354,2020,8,4,"2020-08-04","17:57:00",3,"FL",12,0,2,0,0,0,0,30.3,-81.82,30.3,-81.82,0,0,0,0,0,31,0,0,0
656355,2020,8,4,"2020-08-04","18:13:00",3,"CO",8,0,1.75,0,0,0,0,37.5,-102.72,37.5,-102.72,0,0,0,0,0,9,0,0,0
656356,2020,8,4,"2020-08-04","18:14:00",3,"CO",8,0,1.25,0,0,0,0,40.12,-104.96,40.12,-104.96,0,0,0,0,0,123,0,0,0
656357,2020,8,4,"2020-08-04","18:15:00",3,"CO",8,0,1.75,0,0,0,0,40.09,-105,40.09,-105,0,0,0,0,0,123,0,0,0
656358,2020,8,4,"2020-08-04","18:20:00",3,"CO",8,0,1.75,0,0,0,0,40.08,-104.94,40.08,-104.94,0,0,0,0,0,123,0,0,0
656359,2020,8,4,"2020-08-04","18:20:00",3,"CO",8,0,1,0,0,0,0,40.02,-104.95,40.02,-104.95,0,0,0,0,0,123,0,0,0
656360,2020,8,4,"2020-08-04","18:27:00",3,"CO",8,0,1.25,0,0,0,0,40.02,-104.96,40.02,-104.96,0,0,0,0,0,123,0,0,0
656361,2020,8,4,"2020-08-04","18:30:00",3,"SD",46,0,1,0,0,0,0,43.028,-99.723,43.028,-99.723,0,0,0,0,0,123,0,0,0
656362,2020,8,4,"2020-08-04","18:42:00",3,"NE",31,0,1.75,0,0,0,0,42.98,-99.61,42.98,-99.61,0,0,0,0,0,103,0,0,0
656363,2020,8,4,"2020-08-04","18:50:00",3,"ND",38,0,1,0,0,0,0,48.4,-102.94,48.4,-102.94,0,0,0,0,0,105,0,0,0
656364,2020,8,4,"2020-08-04","18:58:00",3,"ND",38,0,1,0,0,0,0,48.38,-102.77,48.38,-102.77,0,0,0,0,0,61,0,0,0
656365,2020,8,4,"2020-08-04","19:00:00",3,"ND",38,0,1.75,0,0,0,0,48.38,-102.77,48.38,-102.77,0,0,0,0,0,61,0,0,0
656366,2020,8,4,"2020-08-04","19:14:00",3,"CO",8,0,1.5,0,0,0,0,37.94,-102.62,37.94,-102.62,0,0,0,0,0,99,0,0,0
656367,2020,8,4,"2020-08-04","19:46:00",3,"NE",31,0,1,0,0,0,0,42.74,-99.75,42.74,-99.75,0,0,0,0,0,103,0,0,0
656368,2020,8,4,"2020-08-04","19:47:00",3,"CO",8,0,1.25,0,0,0,0,37.99,-102.31,37.99,-102.31,0,0,0,0,0,99,0,0,0
656369,2020,8,4,"2020-08-04","19:48:00",3,"CO",8,0,2.5,0,0,0,0,38.84,-103.87,38.84,-103.87,0,0,0,0,0,73,0,0,0
656370,2020,8,4,"2020-08-04","20:18:00",3,"CO",8,0,1.75,0,0,0,0,40.94,-105.8,40.94,-105.8,0,0,0,0,0,69,0,0,0
656371,2020,8,4,"2020-08-04","22:35:00",3,"ND",38,0,1,0,0,10000,0,47.57,-100.58,47.57,-100.58,0,0,0,0,0,83,0,0,0
656372,2020,8,5,"2020-08-05","15:06:00",3,"CO",8,0,1.75,0,0,0,0,39.68,-104.22,39.68,-104.22,0,0,0,0,0,5,0,0,0
656373,2020,8,5,"2020-08-05","15:52:00",3,"CO",8,0,1.5,0,0,0,0,38.82,-104.88,38.82,-104.88,0,0,0,0,0,41,0,0,0
656374,2020,8,5,"2020-08-05","15:52:00",3,"CO",8,0,1,0,0,0,0,38.83,-104.84,38.83,-104.84,0,0,0,0,0,41,0,0,0
656375,2020,8,5,"2020-08-05","15:54:00",3,"CO",8,0,1,0,0,0,0,38.81,-104.88,38.81,-104.88,0,0,0,0,0,41,0,0,0
656376,2020,8,5,"2020-08-05","15:55:00",3,"CO",8,0,1.75,0,0,0,0,38.81,-104.88,38.81,-104.88,0,0,0,0,0,41,0,0,0
656377,2020,8,5,"2020-08-05","15:58:00",3,"CO",8,0,1,0,0,0,0,38.84,-104.85,38.84,-104.85,0,0,0,0,0,41,0,0,0
656378,2020,8,5,"2020-08-05","15:58:00",3,"CO",8,0,1.25,0,0,0,0,38.8,-104.84,38.8,-104.84,0,0,0,0,0,41,0,0,0
656379,2020,8,5,"2020-08-05","16:00:00",3,"CO",8,0,1.75,1,0,0,0,38.82,-104.85,38.82,-104.85,0,0,0,0,0,41,0,0,0
656380,2020,8,5,"2020-08-05","16:01:00",3,"CO",8,0,1.5,0,0,0,0,38.83,-104.84,38.83,-104.84,0,0,0,0,0,41,0,0,0
656381,2020,8,5,"2020-08-05","16:05:00",3,"CO",8,0,1.75,0,0,0,0,38.77,-104.83,38.77,-104.83,0,0,0,0,0,41,0,0,0
656382,2020,8,5,"2020-08-05","16:16:00",3,"GA",13,0,0.25,0,0,10,10,33.53,-82.14,33.53,-82.14,0,0,0,0,0,73,0,0,0
656383,2020,8,5,"2020-08-05","16:19:00",3,"CO",8,0,1.75,0,0,0,0,38.77,-104.82,38.77,-104.82,0,0,0,0,0,41,0,0,0
656384,2020,8,5,"2020-08-05","16:25:00",3,"CO",8,0,2,0,0,0,0,38.77,-104.82,38.77,-104.82,0,0,0,0,0,41,0,0,0
656385,2020,8,5,"2020-08-05","16:28:00",3,"CO",8,0,2,0,0,0,0,38.77,-104.81,38.77,-104.81,0,0,0,0,0,41,0,0,0
656386,2020,8,5,"2020-08-05","16:30:00",3,"CO",8,0,2,0,0,0,0,38.78,-104.82,38.78,-104.82,0,0,0,0,0,41,0,0,0
656387,2020,8,5,"2020-08-05","16:33:00",3,"CO",8,0,1.5,0,0,0,0,38.75,-104.74,38.75,-104.74,0,0,0,0,0,41,0,0,0
656388,2020,8,5,"2020-08-05","16:35:00",3,"CO",8,0,1,0,0,0,0,38.74,-104.73,38.74,-104.73,0,0,0,0,0,41,0,0,0
656389,2020,8,5,"2020-08-05","16:37:00",3,"CO",8,0,1.25,0,0,0,0,39.77,-105.23,39.77,-105.23,0,0,0,0,0,59,0,0,0
656390,2020,8,5,"2020-08-05","16:40:00",3,"CO",8,0,1,0,0,0,0,39.76,-105.22,39.76,-105.22,0,0,0,0,0,59,0,0,0
656391,2020,8,5,"2020-08-05","16:41:00",3,"CO",8,0,2,0,0,0,0,38.75,-104.74,38.75,-104.74,0,0,0,0,0,41,0,0,0
656392,2020,8,5,"2020-08-05","16:44:00",3,"CO",8,0,1.5,0,0,0,0,38.68,-104.7,38.68,-104.7,0,0,0,0,0,41,0,0,0
656393,2020,8,5,"2020-08-05","17:02:00",3,"WY",56,0,0.75,0,0,0,0,42.05,-104.98,42.05,-104.98,0,0,0,0,0,31,0,0,0
656394,2020,8,5,"2020-08-05","17:02:00",3,"WY",56,0,1,0,0,0,0,42.0073,-104.9606,42.0073,-104.9606,0,0,0,0,0,31,0,0,0
656395,2020,8,5,"2020-08-05","17:09:00",3,"WY",56,0,0.88,0,0,0,0,42.04,-104.95,42.04,-104.95,0,0,0,0,0,31,0,0,0
656396,2020,8,5,"2020-08-05","17:20:00",3,"WY",56,0,0.88,0,0,0,0,42.04,-104.92,42.04,-104.92,0,0,0,0,0,31,0,0,0
656397,2020,8,5,"2020-08-05","17:29:00",3,"CO",8,0,1,0,0,0,0,40.22,-103.6,40.22,-103.6,0,0,0,0,0,87,0,0,0
656398,2020,8,5,"2020-08-05","17:44:00",3,"CO",8,0,1.25,0,0,0,0,38.73,-104.73,38.73,-104.73,0,0,0,0,0,41,0,0,0
656399,2020,8,5,"2020-08-05","17:50:00",3,"CO",8,0,0.75,0,0,0,0,39.9028,-102.6231,39.9028,-102.6231,0,0,0,0,0,125,0,0,0
656400,2020,8,5,"2020-08-05","17:58:00",3,"OR",41,0,1,0,0,0,0,42.24,-121.8,42.24,-121.8,0,0,0,0,0,35,0,0,0
656401,2020,8,5,"2020-08-05","18:00:00",3,"CO",8,0,0.75,0,0,0,0,39.9878,-102.7103,39.9878,-102.7103,0,0,0,0,0,125,0,0,0
656402,2020,8,5,"2020-08-05","18:14:00",3,"CO",8,0,0.88,0,0,0,0,39.9124,-102.3586,39.9124,-102.3586,0,0,0,0,0,125,0,0,0
656403,2020,8,5,"2020-08-05","18:15:00",3,"CO",8,0,1,0,0,0,0,39.89,-102.3385,39.89,-102.3385,0,0,0,0,0,125,0,0,0
656404,2020,8,5,"2020-08-05","18:23:00",3,"CO",8,0,0.75,0,0,0,0,39.9302,-102.3349,39.9302,-102.3349,0,0,0,0,0,125,0,0,0
656405,2020,8,5,"2020-08-05","18:25:00",3,"NE",31,0,1,0,0,0,0,41.63,-102.69,41.63,-102.69,0,0,0,0,0,123,0,0,0
656406,2020,8,5,"2020-08-05","18:35:00",3,"OR",41,0,1,0,0,0,0,42.23,-121.78,42.23,-121.78,0,0,0,0,0,35,0,0,0
656407,2020,8,5,"2020-08-05","19:04:00",3,"KS",20,0,0.75,0,0,0,0,39.974,-101.9376,39.974,-101.9376,0,0,0,0,0,23,0,0,0
656408,2020,8,5,"2020-08-05","19:20:00",3,"NE",31,0,1.25,0,0,0,0,40.0213,-101.9376,40.0213,-101.9376,0,0,0,0,0,57,0,0,0
656409,2020,8,5,"2020-08-05","19:28:00",3,"CO",8,0,0.75,0,0,0,0,39.7541,-102.2755,39.7541,-102.2755,0,0,0,0,0,125,0,0,0
656410,2020,8,5,"2020-08-05","19:30:00",3,"CO",8,0,1.75,0,0,0,0,38.86,-105.01,38.86,-105.01,0,0,0,0,0,41,0,0,0
656411,2020,8,5,"2020-08-05","19:30:00",3,"CO",8,0,1,0,0,0,0,38.17,-104.95,38.17,-104.95,0,0,0,0,0,101,0,0,0
656412,2020,8,5,"2020-08-05","19:53:00",3,"NE",31,0,0.75,0,0,0,0,41.22,-102.86,41.22,-102.86,0,0,0,0,0,33,0,0,0
656413,2020,8,5,"2020-08-05","20:05:00",3,"NE",31,0,0.88,0,0,0,0,40.0941,-101.5493,40.0941,-101.5493,0,0,0,0,0,57,0,0,0
656414,2020,8,5,"2020-08-05","20:26:00",3,"NE",31,0,0.75,0,0,0,0,40.0073,-101.0595,40.0073,-101.0595,0,0,0,0,0,87,0,0,0
656415,2020,8,5,"2020-08-05","22:05:00",3,"NE",31,0,1.25,0,0,0,0,40.75,-100.88,40.75,-100.88,0,0,0,0,0,111,0,0,0
656416,2020,8,6,"2020-08-06","00:27:00",3,"NE",31,0,1.25,0,0,0,0,41.12,-99.4,41.12,-99.4,0,0,0,0,0,41,0,0,0
656417,2020,8,6,"2020-08-06","00:32:00",3,"NE",31,0,1,0,0,0,0,40.609,-98.38,40.609,-98.38,0,0,0,0,0,1,0,0,0
656418,2020,8,6,"2020-08-06","00:38:00",3,"NE",31,0,0.75,0,0,0,0,40.5933,-98.354,40.5933,-98.354,0,0,0,0,0,1,0,0,0
656419,2020,8,6,"2020-08-06","00:55:00",3,"NE",31,0,1.75,0,0,25000,250000,40.6,-98.22,40.6,-98.22,0,0,0,0,0,35,0,0,0
656420,2020,8,6,"2020-08-06","04:00:00",3,"NE",31,0,1,0,0,0,0,40.61,-97.18,40.61,-97.18,0,0,0,0,0,151,0,0,0
656421,2020,8,6,"2020-08-06","10:11:00",3,"IA",19,0,1.5,0,0,0,0,41.88,-94.68,41.88,-94.68,0,0,0,0,0,27,0,0,0
656422,2020,8,6,"2020-08-06","10:30:00",3,"IA",19,0,0.88,0,0,0,0,41.85,-94.49,41.85,-94.49,0,0,0,0,0,77,0,0,0
656423,2020,8,6,"2020-08-06","11:02:00",3,"VA",51,0,1,0,0,0,0,36.84,-80.95,36.84,-80.95,0,0,0,0,0,197,0,0,0
656424,2020,8,6,"2020-08-06","12:21:00",3,"SC",45,0,1,0,0,0,0,34.69,-79.88,34.69,-79.88,0,0,0,0,0,25,0,0,0
656425,2020,8,6,"2020-08-06","12:38:00",3,"VA",51,0,1,0,0,0,0,37.03,-80.28,37.03,-80.28,0,0,0,0,0,63,0,0,0
656426,2020,8,6,"2020-08-06","13:53:00",3,"WV",54,0,1,0,0,0,0,37.4,-80.93,37.4,-80.93,0,0,0,0,0,55,0,0,0
656427,2020,8,6,"2020-08-06","14:39:00",3,"GA",13,0,0.75,0,0,0,0,32.26,-81.16,32.26,-81.16,0,0,0,0,0,103,0,0,0
656428,2020,8,6,"2020-08-06","14:43:00",3,"WV",54,0,1,0,0,0,0,37.65,-80.85,37.65,-80.85,0,0,0,0,0,89,0,0,0
656429,2020,8,6,"2020-08-06","14:56:00",3,"VA",51,0,1.25,0,0,0,0,38.1497,-78.5598,38.1497,-78.5598,0,0,0,0,0,3,0,0,0
656430,2020,8,6,"2020-08-06","15:00:00",3,"VA",51,0,2,0,0,0,0,38.1594,-78.5204,38.1594,-78.5204,0,0,0,0,0,3,0,0,0
656431,2020,8,6,"2020-08-06","15:05:00",3,"VA",51,0,1,0,0,0,0,38.0469,-78.4794,38.0469,-78.4794,0,0,0,0,0,540,0,0,0
656432,2020,8,6,"2020-08-06","15:15:00",3,"CO",8,0,1,0,0,0,0,39.73,-104.24,39.73,-104.24,0,0,0,0,0,5,0,0,0
656433,2020,8,6,"2020-08-06","15:44:00",3,"SC",45,0,0.75,0,0,0,0,32.27,-81.08,32.27,-81.08,0,0,0,0,0,53,0,0,0
656434,2020,8,6,"2020-08-06","16:25:00",3,"CO",8,0,1,0,0,0,0,38.92,-104.15,38.92,-104.15,0,0,0,0,0,41,0,0,0
656435,2020,8,6,"2020-08-06","16:33:00",3,"WY",56,0,1,0,0,0,0,42.21,-104.52,42.21,-104.52,0,0,0,0,0,15,0,0,0
656436,2020,8,6,"2020-08-06","16:35:00",3,"CO",8,0,1,0,0,0,0,40.7,-103.5,40.7,-103.5,0,0,0,0,0,75,0,0,0
656437,2020,8,6,"2020-08-06","16:39:00",3,"WY",56,0,1.25,0,0,0,0,42.21,-104.52,42.21,-104.52,0,0,0,0,0,15,0,0,0
656438,2020,8,6,"2020-08-06","17:10:00",3,"CO",8,0,1,0,0,0,0,40.62,-103.49,40.62,-103.49,0,0,0,0,0,75,0,0,0
656439,2020,8,6,"2020-08-06","17:39:00",3,"WY",56,0,1,0,0,0,0,42.58,-104.21,42.58,-104.21,0,0,0,0,0,15,0,0,0
656440,2020,8,6,"2020-08-06","17:44:00",3,"WY",56,0,1.75,0,0,0,0,42.34,-104.12,42.34,-104.12,0,0,0,0,0,15,0,0,0
656441,2020,8,6,"2020-08-06","17:44:00",3,"WY",56,0,1.75,0,0,0,0,42.58,-104.21,42.58,-104.21,0,0,0,0,0,15,0,0,0
656442,2020,8,6,"2020-08-06","19:05:00",3,"WY",56,0,0.75,0,0,0,0,43.7,-104.68,43.7,-104.68,0,0,0,0,0,45,0,0,0
656443,2020,8,6,"2020-08-06","19:05:00",3,"SD",46,0,1.75,0,0,0,0,44.67,-103.85,44.67,-103.85,0,0,0,0,0,19,0,0,0
656444,2020,8,6,"2020-08-06","19:10:00",3,"SD",46,0,1.5,0,0,0,0,44.67,-103.85,44.67,-103.85,0,0,0,0,0,19,0,0,0
656445,2020,8,6,"2020-08-06","19:10:00",3,"SD",46,0,1.75,0,0,0,0,44.67,-103.85,44.67,-103.85,0,0,0,0,0,19,0,0,0
656446,2020,8,7,"2020-08-07","12:56:00",3,"MD",24,0,1,0,0,0,0,39.4815,-77.5594,39.4815,-77.5594,0,0,0,0,0,21,0,0,0
656447,2020,8,7,"2020-08-07","12:57:00",3,"MD",24,0,1,0,0,0,0,39.4573,-77.5083,39.4573,-77.5083,0,0,0,0,0,21,0,0,0
656448,2020,8,7,"2020-08-07","15:21:00",3,"MN",27,0,1.5,0,0,0,0,47.15,-96.13,47.15,-96.13,0,0,0,0,0,107,0,0,0
656449,2020,8,7,"2020-08-07","15:25:00",3,"MN",27,0,2,0,0,0,0,47.15,-96.08,47.15,-96.08,0,0,0,0,0,5,0,0,0
656450,2020,8,7,"2020-08-07","15:55:00",3,"MN",27,0,1,0,0,0,0,47.18,-95.94,47.18,-95.94,0,0,0,0,0,87,0,0,0
656451,2020,8,7,"2020-08-07","16:27:00",3,"MN",27,0,1.25,0,0,0,0,47.16,-95.55,47.16,-95.55,0,0,0,0,0,29,0,0,0
656452,2020,8,7,"2020-08-07","16:35:00",3,"SD",46,0,1.75,0,0,0,0,44.17,-103.72,44.17,-103.72,0,0,0,0,0,81,0,0,0
656453,2020,8,7,"2020-08-07","16:50:00",3,"MN",27,0,1,0,0,0,0,47.23,-95.2,47.23,-95.2,0,0,0,0,0,29,0,0,0
656454,2020,8,7,"2020-08-07","16:58:00",3,"SD",46,0,1,0,0,0,0,44.12,-103.72,44.12,-103.72,0,0,0,0,0,103,0,0,0
656455,2020,8,7,"2020-08-07","17:20:00",3,"ND",38,0,1.25,0,0,0,0,47.24,-101.78,47.24,-101.78,0,0,0,0,0,57,0,0,0
656456,2020,8,7,"2020-08-07","17:25:00",3,"ND",38,0,1.5,0,0,0,0,47.26,-101.78,47.26,-101.78,0,0,0,0,0,57,0,0,0
656457,2020,8,7,"2020-08-07","18:35:00",3,"ND",38,0,1,0,0,10000,0,46.85,-101.56,46.85,-101.56,0,0,0,0,0,59,0,0,0
656458,2020,8,7,"2020-08-07","18:40:00",3,"ND",38,0,0.88,0,0,0,0,46.87,-101.52,46.87,-101.52,0,0,0,0,0,59,0,0,0
656459,2020,8,7,"2020-08-07","18:45:00",3,"ND",38,0,1,0,0,0,0,46.85,-101.41,46.85,-101.41,0,0,0,0,0,59,0,0,0
656460,2020,8,7,"2020-08-07","18:50:00",3,"MN",27,0,1.5,0,0,0,0,46.96,-94.95,46.96,-94.95,0,0,0,0,0,57,0,0,0
656461,2020,8,7,"2020-08-07","19:10:00",3,"MN",27,0,1.75,0,0,0,0,46.97,-94.84,46.97,-94.84,0,0,0,0,0,57,0,0,0
656462,2020,8,7,"2020-08-07","19:50:00",3,"ND",38,0,1.25,0,0,0,0,46.42,-101.56,46.42,-101.56,0,0,0,0,0,37,0,0,0
656463,2020,8,7,"2020-08-07","19:55:00",3,"ND",38,0,1,0,0,0,0,46.6,-101.23,46.6,-101.23,0,0,0,0,0,59,0,0,0
656464,2020,8,7,"2020-08-07","20:05:00",3,"ND",38,0,1.75,0,0,0,0,46.45,-101.52,46.45,-101.52,0,0,0,0,0,37,0,0,0
656465,2020,8,7,"2020-08-07","20:20:00",3,"MN",27,0,1.75,0,0,0,0,47.01,-94.9,47.01,-94.9,0,0,0,0,0,57,0,0,0
656466,2020,8,7,"2020-08-07","20:50:00",3,"MN",27,0,1.25,0,0,0,0,46.92,-94.68,46.92,-94.68,0,0,0,0,0,57,0,0,0
656467,2020,8,7,"2020-08-07","22:05:00",3,"MN",27,0,1,0,0,0,0,46.68,-94.19,46.68,-94.19,0,0,0,0,0,35,0,0,0
656468,2020,8,8,"2020-08-08","01:05:00",3,"ND",38,0,1,0,0,0,0,48.92,-97.59,48.92,-97.59,0,0,0,0,0,67,0,0,0
656469,2020,8,8,"2020-08-08","03:45:00",3,"SD",46,0,1,0,0,0,0,45.5712,-102.3969,45.5712,-102.3969,0,0,0,0,0,105,0,0,0
656470,2020,8,8,"2020-08-08","04:35:00",3,"MN",27,0,1,0,0,0,0,49.31,-94.85,49.31,-94.85,0,0,0,0,0,77,0,0,0
656471,2020,8,8,"2020-08-08","09:47:00",3,"MN",27,0,0.75,0,0,0,0,47.48,-94.88,47.48,-94.88,0,0,0,0,0,7,0,0,0
656472,2020,8,8,"2020-08-08","09:55:00",3,"MN",27,0,1.5,0,0,0,0,47.43,-94.99,47.43,-94.99,0,0,0,0,0,7,0,0,0
656473,2020,8,8,"2020-08-08","10:07:00",3,"MN",27,0,1,0,0,0,0,47.42,-94.92,47.42,-94.92,0,0,0,0,0,7,0,0,0
656474,2020,8,8,"2020-08-08","10:08:00",3,"MN",27,0,1,0,0,0,0,47.39,-94.92,47.39,-94.92,0,0,0,0,0,57,0,0,0
656475,2020,8,8,"2020-08-08","10:15:00",3,"WI",55,0,0.88,0,0,0,0,44.13,-90.5,44.13,-90.5,0,0,0,0,0,81,0,0,0
656476,2020,8,8,"2020-08-08","10:52:00",3,"MN",27,0,1,0,0,0,0,47.23,-94.99,47.23,-94.99,0,0,0,0,0,57,0,0,0
656477,2020,8,8,"2020-08-08","11:11:00",3,"MN",27,0,1.5,0,0,0,0,47.21,-94.95,47.21,-94.95,0,0,0,0,0,57,0,0,0
656478,2020,8,8,"2020-08-08","11:33:00",3,"MN",27,0,1,0,0,0,0,47.15,-94.96,47.15,-94.96,0,0,0,0,0,57,0,0,0
656479,2020,8,8,"2020-08-08","12:02:00",3,"MN",27,0,0.88,0,0,0,0,47.09,-95.02,47.09,-95.02,0,0,0,0,0,57,0,0,0
656480,2020,8,8,"2020-08-08","12:14:00",3,"MN",27,0,1,0,0,0,0,46.99,-94.92,46.99,-94.92,0,0,0,0,0,57,0,0,0
656481,2020,8,8,"2020-08-08","12:17:00",3,"MN",27,0,1,0,0,0,0,44.85,-95.99,44.85,-95.99,0,0,0,0,0,73,0,0,0
656482,2020,8,8,"2020-08-08","12:47:00",3,"MN",27,0,1,0,0,0,0,46.87,-94.73,46.87,-94.73,0,0,0,0,0,57,0,0,0
656483,2020,8,8,"2020-08-08","13:06:00",3,"MN",27,0,1,0,0,0,0,46.79,-94.51,46.79,-94.51,0,0,0,0,0,21,0,0,0
656484,2020,8,8,"2020-08-08","15:50:00",3,"KS",20,0,0.88,0,0,0,0,39.113,-101.9608,39.113,-101.9608,0,0,0,0,0,199,0,0,0
656485,2020,8,8,"2020-08-08","16:40:00",3,"KS",20,0,1.75,0,0,2000,0,39.3295,-101.7636,39.3295,-101.7636,0,0,0,0,0,181,0,0,0
656486,2020,8,8,"2020-08-08","16:42:00",3,"KS",20,0,1.75,0,0,0,0,39.3153,-101.824,39.3153,-101.824,0,0,0,0,0,181,0,0,0
656487,2020,8,8,"2020-08-08","16:54:00",3,"KS",20,0,0.75,0,0,0,0,39.35,-101.71,39.35,-101.71,0,0,0,0,0,181,0,0,0
656488,2020,8,8,"2020-08-08","16:59:00",3,"KS",20,0,0.75,0,0,0,0,39.3664,-101.7007,39.3664,-101.7007,0,0,0,0,0,181,0,0,0
656489,2020,8,8,"2020-08-08","16:59:00",3,"SD",46,0,2.5,0,0,0,0,44.1005,-103.5415,44.1005,-103.5415,0,0,0,0,0,103,0,0,0
656490,2020,8,8,"2020-08-08","17:00:00",3,"SD",46,0,2.75,0,0,0,0,44.0967,-103.4954,44.0967,-103.4954,0,0,0,0,0,103,0,0,0
656491,2020,8,8,"2020-08-08","17:00:00",3,"KS",20,0,1,0,0,0,0,39.35,-101.7,39.35,-101.7,0,0,0,0,0,181,0,0,0
656492,2020,8,8,"2020-08-08","17:04:00",3,"NE",31,0,1,0,0,0,0,42.43,-103.88,42.43,-103.88,0,0,0,0,0,165,0,0,0
656493,2020,8,8,"2020-08-08","17:05:00",3,"SD",46,0,4,0,0,0,0,44.0845,-103.48,44.0845,-103.48,0,0,0,0,0,103,0,0,0
656494,2020,8,8,"2020-08-08","17:10:00",3,"SD",46,0,4.5,1,0,0,0,44.0845,-103.48,44.0845,-103.48,0,0,0,0,0,103,0,0,0
656495,2020,8,8,"2020-08-08","17:15:00",3,"KS",20,0,0.75,0,0,0,0,39.611,-101.7097,39.611,-101.7097,0,0,0,0,0,23,0,0,0
656496,2020,8,8,"2020-08-08","17:15:00",3,"SD",46,0,1,0,0,0,0,43.3205,-103.8581,43.3205,-103.8581,0,0,0,0,0,47,0,0,0
656497,2020,8,8,"2020-08-08","17:20:00",3,"SD",46,0,1,0,0,0,0,43.3716,-103.9285,43.3716,-103.9285,0,0,0,0,0,47,0,0,0
656498,2020,8,8,"2020-08-08","17:30:00",3,"SD",46,0,1.75,0,0,0,0,44.07,-103.48,44.07,-103.48,0,0,0,0,0,103,0,0,0
656499,2020,8,8,"2020-08-08","17:40:00",3,"SD",46,0,1,0,0,0,0,44.2035,-103.3409,44.2035,-103.3409,0,0,0,0,0,93,0,0,0
656500,2020,8,8,"2020-08-08","17:40:00",3,"KS",20,0,1.75,0,0,0,0,39.8152,-101.6028,39.8152,-101.6028,0,0,0,0,0,23,0,0,0
656501,2020,8,8,"2020-08-08","17:45:00",3,"SD",46,0,0.75,0,0,0,0,44.0391,-103.287,44.0391,-103.287,0,0,0,0,0,103,0,0,0
656502,2020,8,8,"2020-08-08","17:53:00",3,"SD",46,0,1,0,0,0,0,44.0745,-103.2114,44.0745,-103.2114,0,0,0,0,0,103,0,0,0
656503,2020,8,8,"2020-08-08","17:55:00",3,"KS",20,0,0.88,0,0,0,0,38.5245,-101.8249,38.5245,-101.8249,0,0,0,0,0,71,0,0,0
656504,2020,8,8,"2020-08-08","18:00:00",3,"SD",46,0,1.75,0,0,0,0,43.9489,-103.3229,43.9489,-103.3229,0,0,0,0,0,103,0,0,0
656505,2020,8,8,"2020-08-08","18:10:00",3,"KS",20,0,1,0,0,0,0,38.48,-101.79,38.48,-101.79,0,0,0,0,0,71,0,0,0
656506,2020,8,8,"2020-08-08","18:17:00",3,"KS",20,0,1.75,0,0,0,0,38.47,-101.75,38.47,-101.75,0,0,0,0,0,71,0,0,0
656507,2020,8,8,"2020-08-08","18:21:00",3,"NE",31,0,2,0,0,0,0,42.08,-103.54,42.08,-103.54,0,0,0,0,0,165,0,0,0
656508,2020,8,8,"2020-08-08","18:24:00",3,"WI",55,0,0.88,0,0,0,0,44.03,-91.27,44.03,-91.27,0,0,0,0,0,63,0,0,0
656509,2020,8,8,"2020-08-08","18:26:00",3,"NE",31,0,2.5,0,0,0,0,42.07,-103.55,42.07,-103.55,0,0,0,0,0,165,0,0,0
656510,2020,8,8,"2020-08-08","18:35:00",3,"WI",55,0,1.25,0,0,0,0,44.03,-91.17,44.03,-91.17,0,0,0,0,0,63,0,0,0
656511,2020,8,8,"2020-08-08","18:40:00",3,"SD",46,0,0.88,0,0,0,0,43.8298,-103.2042,43.8298,-103.2042,0,0,0,0,0,33,0,0,0
656512,2020,8,8,"2020-08-08","19:06:00",3,"NE",31,0,1,0,0,0,0,40.39,-100.91,40.39,-100.91,0,0,0,0,0,85,0,0,0
656513,2020,8,8,"2020-08-08","19:40:00",3,"SD",46,0,1,0,0,0,0,43.8524,-102.55,43.8524,-102.55,0,0,0,0,0,103,0,0,0
656514,2020,8,8,"2020-08-08","20:06:00",3,"WI",55,0,1,0,0,0,0,44.4,-89.84,44.4,-89.84,0,0,0,0,0,141,0,0,0
656515,2020,8,9,"2020-08-09","04:56:00",3,"ND",38,0,0.75,0,0,0,0,48.02,-100.24,48.02,-100.24,0,0,0,0,0,49,0,0,0
656516,2020,8,9,"2020-08-09","05:00:00",3,"ND",38,0,1,0,0,0,0,48.05,-100.18,48.05,-100.18,0,0,0,0,0,69,0,0,0
656517,2020,8,9,"2020-08-09","05:35:00",3,"ND",38,0,1,0,0,0,0,48.12,-99.71,48.12,-99.71,0,0,0,0,0,5,0,0,0
656518,2020,8,9,"2020-08-09","05:46:00",3,"WI",55,0,0.75,0,0,0,0,43.5706,-87.8002,43.5706,-87.8002,0,0,0,0,0,117,0,0,0
656519,2020,8,9,"2020-08-09","05:50:00",3,"MN",27,0,1.25,0,0,0,0,45.89,-93.07,45.89,-93.07,0,0,0,0,0,115,0,0,0
656520,2020,8,9,"2020-08-09","06:03:00",3,"MN",27,0,0.75,0,0,0,0,46.48,-93.45,46.48,-93.45,0,0,0,0,0,1,0,0,0
656521,2020,8,9,"2020-08-09","09:40:00",3,"ND",38,0,0.75,0,0,0,0,48.21,-98.04,48.21,-98.04,0,0,0,0,0,99,0,0,0
656522,2020,8,9,"2020-08-09","09:45:00",3,"ND",38,0,1,0,0,0,0,48.22,-97.97,48.22,-97.97,0,0,0,0,0,99,0,0,0
656523,2020,8,9,"2020-08-09","10:43:00",3,"ND",38,0,1,0,0,0,0,48.7,-98.25,48.7,-98.25,0,0,0,0,0,19,0,0,0
656524,2020,8,9,"2020-08-09","11:05:00",3,"ND",38,0,1.25,0,0,0,0,48.67,-97.86,48.67,-97.86,0,0,0,0,0,67,0,0,0
656525,2020,8,9,"2020-08-09","11:55:00",3,"MN",27,0,1,0,0,0,0,48.89,-97.09,48.89,-97.09,0,0,0,0,0,69,0,0,0
656526,2020,8,9,"2020-08-09","12:12:00",3,"MN",27,0,1,0,0,0,0,48.89,-96.8,48.89,-96.8,0,0,0,0,0,69,0,0,0
656527,2020,8,9,"2020-08-09","12:59:00",3,"MN",27,0,1,0,0,0,0,48.24,-96.77,48.24,-96.77,0,0,0,0,0,89,0,0,0
656528,2020,8,9,"2020-08-09","13:20:00",3,"ND",38,0,1.25,0,0,0,0,47.8,-97.08,47.8,-97.08,0,0,0,0,0,35,0,0,0
656529,2020,8,9,"2020-08-09","13:39:00",3,"ND",38,0,1,0,0,0,0,47.07,-97.33,47.07,-97.33,0,0,0,0,0,17,0,0,0
656530,2020,8,9,"2020-08-09","13:56:00",3,"ND",38,0,1,0,0,0,0,47.4,-96.93,47.4,-96.93,0,0,0,0,0,97,0,0,0
656531,2020,8,9,"2020-08-09","14:29:00",3,"FL",12,0,1,0,0,0,0,28.94,-81.28,28.94,-81.28,0,0,0,0,0,127,0,0,0
656532,2020,8,9,"2020-08-09","14:30:00",3,"ND",38,0,0.88,0,0,0,0,47.01,-96.9,47.01,-96.9,0,0,0,0,0,17,0,0,0
656533,2020,8,9,"2020-08-09","14:31:00",3,"ND",38,0,1,0,0,0,0,46.36,-98.15,46.36,-98.15,0,0,0,0,0,45,0,0,0
656534,2020,8,9,"2020-08-09","14:35:00",3,"ND",38,0,1,0,0,0,0,46.36,-98.07,46.36,-98.07,0,0,0,0,0,45,0,0,0
656535,2020,8,9,"2020-08-09","14:36:00",3,"FL",12,0,1.75,0,0,0,0,28.93,-81.3,28.93,-81.3,0,0,0,0,0,127,0,0,0
656536,2020,8,9,"2020-08-09","14:40:00",3,"ND",38,0,0.88,0,0,0,0,46.36,-97.95,46.36,-97.95,0,0,0,0,0,73,0,0,0
656537,2020,8,9,"2020-08-09","14:45:00",3,"MI",26,0,0.75,0,0,0,0,46.8,-88.7,46.8,-88.7,0,0,0,0,0,61,0,0,0
656538,2020,8,9,"2020-08-09","14:46:00",3,"FL",12,0,1.75,0,0,0,0,28.92,-81.26,28.92,-81.26,0,0,0,0,0,127,0,0,0
656539,2020,8,9,"2020-08-09","14:51:00",3,"ND",38,0,1,0,0,0,0,46.2,-98.08,46.2,-98.08,0,0,0,0,0,21,0,0,0
656540,2020,8,9,"2020-08-09","15:30:00",3,"FL",12,0,1,0,0,0,0,28.61,-81.5,28.61,-81.5,0,0,0,0,0,95,0,0,0
656541,2020,8,9,"2020-08-09","15:47:00",3,"KS",20,0,0.88,0,0,0,0,39.1207,-101.5156,39.1207,-101.5156,0,0,0,0,0,199,0,0,0
656542,2020,8,9,"2020-08-09","15:49:00",3,"KS",20,0,0.75,0,0,0,0,39.154,-101.6147,39.154,-101.6147,0,0,0,0,0,181,0,0,0
656543,2020,8,9,"2020-08-09","15:50:00",3,"MN",27,0,1,0,0,0,0,47.35,-95.08,47.35,-95.08,0,0,0,0,0,57,0,0,0
656544,2020,8,9,"2020-08-09","16:16:00",3,"KS",20,0,0.75,0,0,0,0,37.99,-95.45,37.99,-95.45,0,0,0,0,0,1,0,0,0
656545,2020,8,9,"2020-08-09","17:39:00",3,"KS",20,0,1,0,0,0,0,38.7425,-101.7335,38.7425,-101.7335,0,0,0,0,0,199,0,0,0
656546,2020,8,9,"2020-08-09","18:09:00",3,"OK",40,0,1,0,0,0,0,36.81,-102.24,36.81,-102.24,0,0,0,0,0,25,0,0,0
656547,2020,8,9,"2020-08-09","19:18:00",3,"KS",20,0,1,0,0,0,0,37.81,-95.55,37.81,-95.55,0,0,0,0,0,207,0,0,0
656548,2020,8,9,"2020-08-09","20:15:00",3,"TX",48,0,0.88,0,0,0,0,35.88,-102.39,35.88,-102.39,0,0,0,0,0,205,0,0,0
656549,2020,8,9,"2020-08-09","20:27:00",3,"MN",27,0,2.75,0,0,5e+05,0,44.8633,-93.7044,44.8274,-93.5224,0,0,0,0,0,19,0,0,0
656550,2020,8,9,"2020-08-09","20:33:00",3,"OK",40,0,0.88,0,0,0,0,36.59,-101.62,36.59,-101.62,0,0,0,0,0,139,0,0,0
656551,2020,8,9,"2020-08-09","20:55:00",3,"MN",27,0,1.25,0,0,5e+05,0,44.836,-93.5125,44.8086,-93.329,0,0,0,0,0,53,0,0,0
656552,2020,8,9,"2020-08-09","21:03:00",3,"MN",27,0,2.25,0,0,0,0,44.87,-93.51,44.87,-93.51,0,0,0,0,0,53,0,0,0
656553,2020,8,9,"2020-08-09","21:30:00",3,"MN",27,0,1.25,0,0,0,0,44.828,-93.3417,44.8098,-93.2929,0,0,0,0,0,53,0,0,0
656554,2020,8,9,"2020-08-09","21:50:00",3,"MN",27,0,1,0,0,0,0,45.2236,-93.7281,45.22,-93.66,0,0,0,0,0,171,0,0,0
656555,2020,8,9,"2020-08-09","22:13:00",3,"MN",27,0,1.75,0,0,50000,0,45.1708,-93.7595,45.1583,-93.6509,0,0,0,0,0,171,0,0,0
656556,2020,8,9,"2020-08-09","22:30:00",3,"MN",27,0,1.75,0,0,50000,0,45.1515,-93.6613,45.1341,-93.5759,0,0,0,0,0,53,0,0,0
656557,2020,8,9,"2020-08-09","22:40:00",3,"MN",27,0,2,0,0,1e+05,0,45.1252,-93.9056,45.0917,-93.7322,0,0,0,0,0,171,0,0,0
656558,2020,8,9,"2020-08-09","23:05:00",3,"MN",27,0,2.5,0,0,5e+05,0,45.0873,-93.7289,45.0471,-93.5679,0,0,0,0,0,53,0,0,0
656559,2020,8,9,"2020-08-09","23:35:00",3,"MN",27,0,1,0,0,0,0,45.14,-93.8,45.14,-93.8,0,0,0,0,0,171,0,0,0
656560,2020,8,9,"2020-08-09","23:40:00",3,"MN",27,0,1,0,0,0,0,45.0471,-93.5679,45.02,-93.48,0,0,0,0,0,53,0,0,0
657322,2020,9,18,"2020-09-18","02:50:00",3,"OR",41,0,0.88,0,0,0,0,44.7,-122.84,44.7,-122.84,0,0,0,0,0,43,0,0,0
657323,2020,9,18,"2020-09-18","03:15:00",3,"OR",41,0,0.75,0,0,0,0,44.84,-122.73,44.84,-122.73,0,0,0,0,0,47,0,0,0
657324,2020,9,19,"2020-09-19","17:10:00",3,"ID",16,0,1,0,0,0,0,43.48,-112.05,43.48,-112.05,0,0,0,0,0,19,0,0,0
657325,2020,9,23,"2020-09-23","21:16:00",3,"MN",27,0,0.75,0,0,0,0,46.1472,-95.3315,46.1472,-95.3315,0,0,0,0,0,111,0,0,0
657326,2020,9,23,"2020-09-23","21:50:00",3,"MN",27,0,1,0,0,0,0,46.13,-95.25,46.13,-95.25,0,0,0,0,0,111,0,0,0
657327,2020,9,23,"2020-09-23","22:12:00",3,"MN",27,0,1,0,0,0,0,46.15,-95.33,46.15,-95.33,0,0,0,0,0,111,0,0,0
657328,2020,9,24,"2020-09-24","07:25:00",3,"MN",27,0,0.75,0,0,0,0,43.93,-92.47,43.93,-92.47,0,0,0,0,0,109,0,0,0
657329,2020,9,25,"2020-09-25","15:36:00",3,"MN",27,0,0.88,0,0,0,0,47.22,-93.53,47.22,-93.53,0,0,0,0,0,61,0,0,0
657330,2020,9,25,"2020-09-25","16:20:00",3,"NC",37,0,1,0,0,0,0,35.4687,-79.1783,35.4687,-79.1783,0,0,0,0,0,105,0,0,0
657331,2020,9,25,"2020-09-25","16:45:00",3,"NC",37,0,1,0,0,0,0,35.229,-79.3972,35.229,-79.3972,0,0,0,0,0,125,0,0,0
657332,2020,9,25,"2020-09-25","17:45:00",3,"NC",37,0,2.25,0,0,0,0,35.71,-78.96,35.71,-78.96,0,0,0,0,0,183,0,0,0
657333,2020,9,25,"2020-09-25","17:49:00",3,"NC",37,0,1,0,0,0,0,35.69,-78.93,35.69,-78.93,0,0,0,0,0,183,0,0,0
657334,2020,9,25,"2020-09-25","17:51:00",3,"NC",37,0,2,0,0,0,0,35.71,-78.96,35.71,-78.96,0,0,0,0,0,183,0,0,0
657335,2020,9,25,"2020-09-25","17:54:00",3,"NC",37,0,1.75,0,0,0,0,35.72,-78.92,35.72,-78.92,0,0,0,0,0,183,0,0,0
657336,2020,9,25,"2020-09-25","17:54:00",3,"NC",37,0,0.75,0,0,0,0,35.74,-78.88,35.74,-78.88,0,0,0,0,0,183,0,0,0
657337,2020,9,25,"2020-09-25","17:56:00",3,"NC",37,0,0.75,0,0,0,0,35.71,-78.9,35.71,-78.9,0,0,0,0,0,183,0,0,0
657338,2020,9,25,"2020-09-25","17:57:00",3,"NC",37,0,1.75,0,0,0,0,35.73,-78.91,35.73,-78.91,0,0,0,0,0,183,0,0,0
657339,2020,9,25,"2020-09-25","17:58:00",3,"NC",37,0,1.75,0,0,0,0,35.79,-78.92,35.79,-78.92,0,0,0,0,0,183,0,0,0
657340,2020,9,25,"2020-09-25","17:58:00",3,"NC",37,0,1,0,0,0,0,35.77,-78.86,35.77,-78.86,0,0,0,0,0,183,0,0,0
657341,2020,9,25,"2020-09-25","17:59:00",3,"NC",37,0,1,0,0,0,0,35.77,-78.86,35.77,-78.86,0,0,0,0,0,183,0,0,0
657342,2020,9,25,"2020-09-25","18:00:00",3,"NC",37,0,2,0,0,0,0,35.8204,-78.8737,35.8204,-78.8737,0,0,0,0,0,183,0,0,0
657343,2020,9,25,"2020-09-25","18:01:00",3,"NC",37,0,1,0,0,0,0,35.79,-78.87,35.79,-78.87,0,0,0,0,0,183,0,0,0
657344,2020,9,25,"2020-09-25","18:02:00",3,"NC",37,0,0.75,0,0,0,0,35.77,-78.86,35.77,-78.86,0,0,0,0,0,183,0,0,0
657345,2020,9,25,"2020-09-25","18:05:00",3,"NC",37,0,1.5,0,0,0,0,35.82,-78.84,35.82,-78.84,0,0,0,0,0,183,0,0,0
657346,2020,9,25,"2020-09-25","18:07:00",3,"NC",37,0,1,0,0,0,0,35.82,-78.87,35.82,-78.87,0,0,0,0,0,183,0,0,0
657347,2020,9,25,"2020-09-25","18:07:00",3,"NC",37,0,2,0,0,0,0,35.86,-78.85,35.86,-78.85,0,0,0,0,0,183,0,0,0
657348,2020,9,25,"2020-09-25","18:08:00",3,"NC",37,0,1,0,0,0,0,35.83,-78.84,35.83,-78.84,0,0,0,0,0,183,0,0,0
657349,2020,9,25,"2020-09-25","18:09:00",3,"NC",37,0,0.75,0,0,0,0,35.82,-78.83,35.82,-78.83,0,0,0,0,0,183,0,0,0
657350,2020,9,25,"2020-09-25","18:09:00",3,"NC",37,0,1.5,0,0,0,0,35.83,-78.85,35.83,-78.85,0,0,0,0,0,183,0,0,0
657351,2020,9,25,"2020-09-25","18:09:00",3,"NC",37,0,0.75,0,0,0,0,35.78,-78.84,35.78,-78.84,0,0,0,0,0,183,0,0,0
657352,2020,9,25,"2020-09-25","18:10:00",3,"NC",37,0,1.5,0,0,0,0,35.84,-78.85,35.84,-78.85,0,0,0,0,0,183,0,0,0
657353,2020,9,25,"2020-09-25","18:12:00",3,"NC",37,0,1,0,0,0,0,35.89,-78.83,35.89,-78.83,0,0,0,0,0,63,0,0,0
657354,2020,9,25,"2020-09-25","18:13:00",3,"NC",37,0,0.75,0,0,0,0,35.89,-78.83,35.89,-78.83,0,0,0,0,0,63,0,0,0
657355,2020,9,25,"2020-09-25","18:15:00",3,"NC",37,0,0.75,0,0,0,0,35.71,-78.72,35.71,-78.72,0,0,0,0,0,183,0,0,0
657356,2020,9,25,"2020-09-25","18:18:00",3,"NC",37,0,0.75,0,0,0,0,35.89,-78.84,35.89,-78.84,0,0,0,0,0,63,0,0,0
657357,2020,9,25,"2020-09-25","18:23:00",3,"NC",37,0,0.75,0,0,0,0,35.93,-78.75,35.93,-78.75,0,0,0,0,0,183,0,0,0
657358,2020,9,25,"2020-09-25","18:25:00",3,"NC",37,0,1.25,0,0,0,0,35.96,-78.71,35.96,-78.71,0,0,0,0,0,183,0,0,0
657359,2020,9,25,"2020-09-25","18:45:00",3,"WI",55,0,1,0,0,0,0,46.37,-90.41,46.37,-90.41,0,0,0,0,0,51,0,0,0
657360,2020,9,25,"2020-09-25","18:55:00",3,"WI",55,0,2,0,0,0,0,46.25,-90.66,46.25,-90.66,0,0,0,0,0,3,0,0,0
657361,2020,9,25,"2020-09-25","19:48:00",3,"WI",55,0,0.75,0,0,0,0,46.17,-90.06,46.17,-90.06,0,0,0,0,0,51,0,0,0
657362,2020,9,25,"2020-09-25","20:01:00",3,"WI",55,0,0.75,0,0,0,0,46.17,-90.06,46.17,-90.06,0,0,0,0,0,51,0,0,0
657363,2020,9,25,"2020-09-25","20:02:00",3,"WI",55,0,0.75,0,0,0,0,46.17,-90.06,46.17,-90.06,0,0,0,0,0,51,0,0,0
657364,2020,9,25,"2020-09-25","20:03:00",3,"WI",55,0,1,0,0,0,0,46.17,-90.06,46.17,-90.06,0,0,0,0,0,51,0,0,0
657365,2020,9,25,"2020-09-25","20:04:00",3,"WI",55,0,1.25,0,0,0,0,46.17,-90.06,46.17,-90.06,0,0,0,0,0,51,0,0,0
657366,2020,9,25,"2020-09-25","20:05:00",3,"WI",55,0,1.25,0,0,0,0,46.17,-90.06,46.17,-90.06,0,0,0,0,0,51,0,0,0
657367,2020,9,25,"2020-09-25","20:06:00",3,"WI",55,0,1.25,0,0,0,0,46.16,-90.06,46.16,-90.06,0,0,0,0,0,51,0,0,0
657368,2020,9,25,"2020-09-25","20:10:00",3,"WI",55,0,1,0,0,0,0,46.17,-90.06,46.17,-90.06,0,0,0,0,0,51,0,0,0
657369,2020,9,25,"2020-09-25","20:12:00",3,"WI",55,0,0.75,0,0,0,0,46.17,-90.06,46.17,-90.06,0,0,0,0,0,51,0,0,0
657370,2020,9,25,"2020-09-25","20:48:00",3,"WI",55,0,1.25,0,0,0,0,46.16,-89.23,46.16,-89.23,0,0,0,0,0,125,0,0,0
657371,2020,9,26,"2020-09-26","14:04:00",3,"WI",55,0,1.25,0,0,0,0,44.94,-89.19,44.94,-89.19,0,0,0,0,0,115,0,0,0
657372,2020,9,26,"2020-09-26","14:35:00",3,"WI",55,0,1,0,0,0,0,45.18,-89.68,45.18,-89.68,0,0,0,0,0,69,0,0,0
657373,2020,9,26,"2020-09-26","14:38:00",3,"WI",55,0,1,0,0,0,0,45.18,-89.65,45.18,-89.65,0,0,0,0,0,69,0,0,0
657374,2020,9,26,"2020-09-26","14:40:00",3,"WI",55,0,1.25,0,0,0,0,45.19,-89.67,45.19,-89.67,0,0,0,0,0,69,0,0,0
657375,2020,9,26,"2020-09-26","14:59:00",3,"WI",55,0,1.25,0,0,0,0,44.96,-88.26,44.96,-88.26,0,0,0,0,0,83,0,0,0
657376,2020,9,26,"2020-09-26","15:01:00",3,"WI",55,0,0.75,0,0,0,0,44.95,-88.05,44.95,-88.05,0,0,0,0,0,83,0,0,0
657377,2020,9,26,"2020-09-26","15:03:00",3,"WI",55,0,0.75,0,0,0,0,44.95,-88.03,44.95,-88.03,0,0,0,0,0,83,0,0,0
657378,2020,9,26,"2020-09-26","16:52:00",3,"WI",55,0,0.88,0,0,0,0,45.95,-90.59,45.95,-90.59,0,0,0,0,0,99,0,0,0
657379,2020,9,26,"2020-09-26","16:55:00",3,"WI",55,0,0.75,0,0,0,0,45.38,-86.94,45.38,-86.94,0,0,0,0,0,29,0,0,0
657380,2020,9,26,"2020-09-26","20:24:00",3,"MI",26,0,1,0,0,0,0,46.41,-86.65,46.41,-86.65,0,0,0,0,0,3,0,0,0
657381,2020,9,27,"2020-09-27","09:29:00",3,"KS",20,0,1.75,0,0,0,0,38.66,-96.17,38.66,-96.17,0,0,0,0,0,111,0,0,0
657382,2020,9,27,"2020-09-27","09:36:00",3,"KS",20,0,1.25,0,0,0,0,38.67,-96.11,38.67,-96.11,0,0,0,0,0,111,0,0,0
657383,2020,9,27,"2020-09-27","09:44:00",3,"KS",20,0,1.5,0,0,0,0,38.69,-96,38.69,-96,0,0,0,0,0,111,0,0,0
657384,2020,9,27,"2020-09-27","09:48:00",3,"KS",20,0,1.25,0,0,0,0,38.65,-95.95,38.65,-95.95,0,0,0,0,0,111,0,0,0
657385,2020,9,27,"2020-09-27","09:56:00",3,"KS",20,0,1,0,0,0,0,38.65,-95.88,38.65,-95.88,0,0,0,0,0,139,0,0,0
657386,2020,9,27,"2020-09-27","10:02:00",3,"KS",20,0,1,0,0,0,0,38.64,-95.83,38.64,-95.83,0,0,0,0,0,139,0,0,0
657387,2020,9,27,"2020-09-27","10:03:00",3,"KS",20,0,0.88,0,0,0,0,38.63,-95.83,38.63,-95.83,0,0,0,0,0,139,0,0,0
657388,2020,9,27,"2020-09-27","10:10:00",3,"KS",20,0,1,0,0,0,0,38.61,-95.68,38.61,-95.68,0,0,0,0,0,139,0,0,0
657389,2020,9,27,"2020-09-27","10:25:00",3,"KS",20,0,0.88,0,0,0,0,38.58,-95.53,38.58,-95.53,0,0,0,0,0,139,0,0,0
657390,2020,9,27,"2020-09-27","11:09:00",3,"KS",20,0,1.25,0,0,0,0,39.06,-96.98,39.06,-96.98,0,0,0,0,0,41,0,0,0
657391,2020,9,27,"2020-09-27","11:30:00",3,"KS",20,0,0.88,0,0,0,0,39.12,-97.12,39.12,-97.12,0,0,0,0,0,41,0,0,0
657392,2020,9,27,"2020-09-27","11:31:00",3,"KS",20,0,0.88,0,0,0,0,39.1,-97.11,39.1,-97.11,0,0,0,0,0,41,0,0,0
657393,2020,9,27,"2020-09-27","22:33:00",3,"TX",48,0,1,0,0,0,0,33.5319,-95.2015,33.5319,-95.2015,0,0,0,0,0,387,0,0,0
657256,2020,9,1,"2020-09-01","13:17:00",3,"NM",35,0,1,0,0,0,0,34.76,-106.74,34.76,-106.74,0,0,0,0,0,61,0,0,0
657257,2020,9,1,"2020-09-01","14:00:00",3,"TX",48,0,0.75,0,0,0,0,32.61,-99.81,32.61,-99.81,0,0,0,0,0,253,0,0,0
657258,2020,9,1,"2020-09-01","15:23:00",3,"OK",40,0,0.75,0,0,0,0,36.63,-100.12,36.63,-100.12,0,0,0,0,0,7,0,0,0
657259,2020,9,1,"2020-09-01","16:18:00",3,"WI",55,0,1.25,0,0,0,0,45.3744,-92.6417,45.3744,-92.6417,0,0,0,0,0,95,0,0,0
657260,2020,9,1,"2020-09-01","17:08:00",3,"TX",48,0,0.88,0,0,0,0,35.45,-102.11,35.45,-102.11,0,0,0,0,0,375,0,0,0
657261,2020,9,1,"2020-09-01","17:17:00",3,"TX",48,0,0.75,0,0,0,0,35.19,-102.06,35.19,-102.06,0,0,0,0,0,375,0,0,0
657262,2020,9,1,"2020-09-01","17:17:00",3,"TX",48,0,1,0,0,0,0,35.46,-101.87,35.46,-101.87,0,0,0,0,0,375,0,0,0
657263,2020,9,1,"2020-09-01","18:35:00",3,"KS",20,0,1,0,0,0,0,37.29,-100.34,37.29,-100.34,0,0,0,0,0,119,0,0,0
657264,2020,9,2,"2020-09-02","20:30:00",3,"MN",27,0,0.88,0,0,0,0,47.77,-96.65,47.77,-96.65,0,0,0,0,0,119,0,0,0
657265,2020,9,5,"2020-09-05","21:48:00",3,"MN",27,0,0.88,0,0,0,0,44.61,-95.87,44.61,-95.87,0,0,0,0,0,83,0,0,0
657266,2020,9,5,"2020-09-05","22:03:00",3,"SD",46,0,1.25,0,0,0,18000,44.33,-96.93,44.33,-96.93,0,0,0,0,0,11,0,0,0
657267,2020,9,5,"2020-09-05","22:03:00",3,"SD",46,0,0.88,0,0,0,0,44.32,-96.92,44.32,-96.92,0,0,0,0,0,11,0,0,0
657268,2020,9,5,"2020-09-05","22:06:00",3,"MN",27,0,1.5,0,0,0,0,44.79,-95.35,44.79,-95.35,0,0,0,0,0,129,0,0,0
657269,2020,9,5,"2020-09-05","22:15:00",3,"MN",27,0,1.5,0,0,0,0,44.8,-95.3,44.8,-95.3,0,0,0,0,0,129,0,0,0
657270,2020,9,5,"2020-09-05","22:15:00",3,"MN",27,0,0.88,0,0,0,0,44.79,-95.21,44.79,-95.21,0,0,0,0,0,129,0,0,0
657271,2020,9,5,"2020-09-05","22:22:00",3,"MN",27,0,1,0,0,0,0,44.8,-95.3,44.8,-95.3,0,0,0,0,0,129,0,0,0
657272,2020,9,5,"2020-09-05","22:22:00",3,"MN",27,0,1.75,0,0,0,0,44.78,-94.99,44.78,-94.99,0,0,0,0,0,129,0,0,0
657273,2020,9,5,"2020-09-05","22:23:00",3,"MN",27,0,1.75,0,0,0,0,44.79,-95.1,44.79,-95.1,0,0,0,0,0,129,0,0,0
657274,2020,9,5,"2020-09-05","22:25:00",3,"MN",27,0,2,0,0,0,0,44.78,-94.99,44.78,-94.99,0,0,0,0,0,129,0,0,0
657275,2020,9,5,"2020-09-05","22:40:00",3,"MN",27,0,2,0,0,0,0,45.23,-94.94,45.23,-94.94,0,0,0,0,0,67,0,0,0
657276,2020,9,5,"2020-09-05","22:45:00",3,"MN",27,0,1.25,0,0,0,0,45.23,-94.94,45.23,-94.94,0,0,0,0,0,67,0,0,0
657277,2020,9,5,"2020-09-05","22:57:00",3,"MN",27,0,1.25,0,0,0,0,44.17,-93.4,44.17,-93.4,0,0,0,0,0,147,0,0,0
657278,2020,9,5,"2020-09-05","23:12:00",3,"MN",27,0,1,0,0,0,0,44.67,-94.23,44.67,-94.23,0,0,0,0,0,143,0,0,0
657279,2020,9,5,"2020-09-05","23:12:00",3,"MN",27,0,1,0,0,0,0,43.9921,-93,43.9921,-93,0,0,0,0,0,39,0,0,0
657280,2020,9,5,"2020-09-05","23:22:00",3,"MN",27,0,1,0,0,0,0,43.8,-92.7598,43.8,-92.7598,0,0,0,0,0,99,0,0,0
657281,2020,9,5,"2020-09-05","23:29:00",3,"MN",27,0,1.75,0,0,0,0,44.9,-93.61,44.9,-93.61,0,0,0,0,0,53,0,0,0
657282,2020,9,5,"2020-09-05","23:30:00",3,"MN",27,0,1,0,0,0,0,44.9,-93.57,44.9,-93.57,0,0,0,0,0,53,0,0,0
657283,2020,9,5,"2020-09-05","23:31:00",3,"MN",27,0,1,0,0,0,0,44.88,-93.53,44.88,-93.53,0,0,0,0,0,19,0,0,0
657284,2020,9,5,"2020-09-05","23:34:00",3,"MN",27,0,1,0,0,0,0,44.89,-93.49,44.89,-93.49,0,0,0,0,0,53,0,0,0
657285,2020,9,5,"2020-09-05","23:35:00",3,"MN",27,0,1,0,0,0,0,44.52,-94.53,44.52,-94.53,0,0,0,0,0,143,0,0,0
657286,2020,9,5,"2020-09-05","23:35:00",3,"MN",27,0,1.25,0,0,0,0,44.85,-93.44,44.85,-93.44,0,0,0,0,0,53,0,0,0
657287,2020,9,5,"2020-09-05","23:42:00",3,"MN",27,0,1,0,0,0,0,44.86,-93.45,44.86,-93.45,0,0,0,0,0,53,0,0,0
657288,2020,9,5,"2020-09-05","23:43:00",3,"MN",27,0,1,0,0,0,0,43.79,-95.32,43.79,-95.32,0,0,0,0,0,63,0,0,0
657289,2020,9,5,"2020-09-05","23:44:00",3,"MN",27,0,1,0,0,0,0,44.68,-93.24,44.68,-93.24,0,0,0,0,0,37,0,0,0
657290,2020,9,5,"2020-09-05","23:46:00",3,"MN",27,0,1.25,0,0,0,0,44.81,-93.31,44.81,-93.31,0,0,0,0,0,53,0,0,0
657291,2020,9,5,"2020-09-05","23:46:00",3,"IA",19,0,1.75,0,0,0,0,42.7,-92.23,42.7,-92.23,0,0,0,0,0,17,0,0,0
657292,2020,9,5,"2020-09-05","23:50:00",3,"IA",19,0,1.75,0,0,0,0,42.6,-92.16,42.6,-92.16,0,0,0,0,0,13,0,0,0
657293,2020,9,6,"2020-09-06","00:01:00",3,"IA",19,0,0.75,0,0,0,0,42.63,-91.86,42.63,-91.86,0,0,0,0,0,19,0,0,0
657294,2020,9,6,"2020-09-06","00:02:00",3,"MN",27,0,1.5,0,0,0,0,44.54,-95.11,44.54,-95.11,0,0,0,0,0,127,0,0,0
657295,2020,9,6,"2020-09-06","00:03:00",3,"MN",27,0,1,0,0,0,0,45.43,-94.18,45.43,-94.18,0,0,0,0,0,145,0,0,0
657296,2020,9,6,"2020-09-06","00:05:00",3,"MN",27,0,1.25,0,0,0,0,44.54,-95.11,44.54,-95.11,0,0,0,0,0,127,0,0,0
657297,2020,9,6,"2020-09-06","00:05:00",3,"MN",27,0,1.5,0,0,0,0,44.54,-95.12,44.54,-95.12,0,0,0,0,0,127,0,0,0
657298,2020,9,6,"2020-09-06","00:15:00",3,"IA",19,0,1,0,0,0,0,42.68,-91.92,42.68,-91.92,0,0,0,0,0,65,0,0,0
657299,2020,9,6,"2020-09-06","00:16:00",3,"MN",27,0,1.75,0,0,0,20000,43.7,-94.97,43.7,-94.97,0,0,0,0,0,63,0,0,0
657300,2020,9,6,"2020-09-06","01:14:00",3,"MN",27,0,1,0,0,0,0,43.81,-94.48,43.81,-94.48,0,0,0,0,0,91,0,0,0
657301,2020,9,6,"2020-09-06","03:15:00",3,"MN",27,0,0.88,0,0,0,0,44.87,-93.28,44.87,-93.28,0,0,0,0,0,53,0,0,0
657302,2020,9,6,"2020-09-06","03:25:00",3,"MN",27,0,1.25,0,0,0,0,44.74,-93.13,44.74,-93.13,0,0,0,0,0,37,0,0,0
657303,2020,9,6,"2020-09-06","03:35:00",3,"MN",27,0,1.5,0,0,0,0,44.74,-93.13,44.74,-93.13,0,0,0,0,0,37,0,0,0
657304,2020,9,6,"2020-09-06","03:59:00",3,"MN",27,0,1.25,0,0,0,0,44.5,-92.72,44.5,-92.72,0,0,0,0,0,49,0,0,0
657305,2020,9,6,"2020-09-06","04:02:00",3,"MN",27,0,1,0,0,0,0,44.52,-92.73,44.52,-92.73,0,0,0,0,0,49,0,0,0
657306,2020,9,6,"2020-09-06","04:23:00",3,"MN",27,0,1,0,0,0,0,44.368,-92.4005,44.368,-92.4005,0,0,0,0,0,157,0,0,0
657307,2020,9,6,"2020-09-06","05:00:00",3,"MN",27,0,0.75,0,0,0,0,43.69,-92.39,43.69,-92.39,0,0,0,0,0,45,0,0,0
657308,2020,9,7,"2020-09-07","15:14:00",3,"OH",39,0,2,0,0,0,0,40.5967,-82.1127,40.5967,-82.1127,0,0,0,0,0,75,0,0,0
657309,2020,9,7,"2020-09-07","15:20:00",3,"OH",39,0,1,0,0,0,0,40.4933,-82.1146,40.4933,-82.1146,0,0,0,0,0,75,0,0,0
657310,2020,9,7,"2020-09-07","15:20:00",3,"OH",39,0,1.75,0,0,0,0,40.52,-82.1,40.52,-82.1,0,0,0,0,0,75,0,0,0
657311,2020,9,7,"2020-09-07","21:25:00",3,"KS",20,0,1,0,0,0,0,39.81,-101.04,39.81,-101.04,0,0,0,0,0,153,0,0,0
657312,2020,9,7,"2020-09-07","21:55:00",3,"KS",20,0,1,0,0,0,0,39.7884,-101.3701,39.7884,-101.3701,0,0,0,0,0,153,0,0,0
657313,2020,9,7,"2020-09-07","22:30:00",3,"NE",31,0,1,0,0,0,0,40.05,-101.53,40.05,-101.53,0,0,0,0,0,57,0,0,0
657314,2020,9,8,"2020-09-08","01:29:00",3,"IL",17,0,1,0,0,0,0,40.94,-90.95,40.94,-90.95,0,0,0,0,0,71,0,0,0
657315,2020,9,8,"2020-09-08","14:40:00",3,"IN",18,0,1,0,0,0,0,40.89,-85.51,40.89,-85.51,0,0,0,0,0,69,0,0,0
657316,2020,9,8,"2020-09-08","14:45:00",3,"IN",18,0,0.88,0,0,0,0,40.91,-85.41,40.91,-85.41,0,0,0,0,0,69,0,0,0
657317,2020,9,8,"2020-09-08","15:02:00",3,"IN",18,0,1.75,0,0,0,0,40.3,-86.96,40.3,-86.96,0,0,0,0,0,157,0,0,0
657318,2020,9,8,"2020-09-08","15:49:00",3,"IN",18,0,0.75,0,0,0,0,40.35,-86.67,40.35,-86.67,0,0,0,0,0,23,0,0,0
657319,2020,9,8,"2020-09-08","15:52:00",3,"NM",35,0,0.75,0,0,0,0,32.8468,-106.1104,32.8468,-106.1104,0,0,0,0,0,35,0,0,0
657320,2020,9,8,"2020-09-08","16:05:00",3,"NM",35,0,1.75,0,0,0,0,32.8107,-105.991,32.8107,-105.991,0,0,0,0,0,35,0,0,0
657321,2020,9,8,"2020-09-08","18:00:00",3,"AZ",4,0,0.88,0,0,0,0,33.27,-111.69,33.27,-111.69,0,0,0,0,0,13,0,0,0
