"om","yr","mo","dy","date","time","tz","st","stf","stn","mag","inj","fat","loss","closs","slat","slon","elat","elon","len","wid","ns","sn","sg","f1","f2","f3","f4"
663523,2021,10,10,"2021-10-10","16:16:00",3,"OK",40,0,1.25,0,0,0,0,34.51,-99.39,34.51,-99.39,0,0,0,0,0,65,0,0,0
663524,2021,10,10,"2021-10-10","16:27:00",3,"OK",40,0,1,0,0,0,0,34.66,-99.29,34.66,-99.29,0,0,0,0,0,65,0,0,0
663525,2021,10,10,"2021-10-10","16:41:00",3,"MN",27,0,1.75,0,0,0,0,47.9,-90.56,47.9,-90.56,0,0,0,0,0,31,0,0,0
663526,2021,10,10,"2021-10-10","17:15:00",3,"OK",40,0,2,0,0,50000,0,34.85,-99.02,34.85,-99.02,0,0,0,0,0,75,0,0,0
663527,2021,10,10,"2021-10-10","17:49:00",3,"OK",40,0,2,0,0,35000,0,36.6728,-97.0342,36.6728,-97.0342,0,0,0,0,0,113,0,0,0
663528,2021,10,10,"2021-10-10","17:52:00",3,"TX",48,0,1,0,0,0,0,34.096,-98.5951,34.096,-98.5951,0,0,0,0,0,485,0,0,0
663529,2021,10,10,"2021-10-10","18:35:00",3,"KS",20,0,1.75,0,0,0,0,38.27,-95.64,38.27,-95.64,0,0,0,0,0,31,0,0,0
663530,2021,10,10,"2021-10-10","18:40:00",3,"OK",40,0,1.75,0,0,0,0,35.19,-97.61,35.19,-97.61,0,0,0,0,0,87,0,0,0
663531,2021,10,10,"2021-10-10","18:40:00",3,"OK",40,0,1.5,0,0,0,0,35.04,-97.65,35.04,-97.65,0,0,0,0,0,87,0,0,0
663532,2021,10,10,"2021-10-10","18:48:00",3,"OK",40,0,1,0,0,0,0,35.2474,-97.6002,35.2474,-97.6002,0,0,0,0,0,87,0,0,0
663533,2021,10,10,"2021-10-10","18:51:00",3,"OK",40,0,1,0,0,0,0,35.15,-97.48,35.15,-97.48,0,0,0,0,0,87,0,0,0
663534,2021,10,10,"2021-10-10","18:57:00",3,"OK",40,0,1,0,0,0,0,35.15,-97.39,35.15,-97.39,0,0,0,0,0,27,0,0,0
663535,2021,10,10,"2021-10-10","18:57:00",3,"OK",40,0,1.75,0,0,0,0,35.12,-97.44,35.12,-97.44,0,0,0,0,0,87,0,0,0
663536,2021,10,10,"2021-10-10","19:02:00",3,"OK",40,0,1.5,0,0,0,0,35.14,-97.36,35.14,-97.36,0,0,0,0,0,27,0,0,0
663537,2021,10,10,"2021-10-10","19:04:00",3,"OK",40,0,3,0,0,0,0,35.22,-97.41,35.22,-97.41,0,0,0,0,0,27,0,0,0
663538,2021,10,10,"2021-10-10","19:05:00",3,"OK",40,0,2,0,0,0,0,35.24,-97.46,35.24,-97.46,0,0,0,0,0,27,0,0,0
663539,2021,10,10,"2021-10-10","19:06:00",3,"OK",40,0,2.75,0,0,0,0,35.26,-97.37,35.26,-97.37,0,0,0,0,0,27,0,0,0
663540,2021,10,11,"2021-10-11","14:15:00",3,"IL",17,0,0.75,0,0,0,0,39.6869,-90.1806,39.6869,-90.1806,0,0,0,0,0,137,0,0,0
663541,2021,10,11,"2021-10-11","15:17:00",3,"IN",18,0,1,0,0,0,0,39.9625,-86.9708,39.9625,-86.9708,0,0,0,0,0,107,0,0,0
663542,2021,10,12,"2021-10-12","17:02:00",3,"CO",8,0,1,0,0,0,0,40.63,-103.21,40.63,-103.21,0,0,0,0,0,75,0,0,0
663543,2021,10,12,"2021-10-12","17:15:00",3,"NE",31,0,1.5,0,0,0,0,41.26,-102.89,41.26,-102.89,0,0,0,0,0,33,0,0,0
663544,2021,10,12,"2021-10-12","17:23:00",3,"NE",31,0,0.88,0,0,0,0,41.3,-102.9,41.3,-102.9,0,0,0,0,0,33,0,0,0
663545,2021,10,12,"2021-10-12","18:00:00",3,"KS",20,0,1,0,0,0,0,38.8579,-101.9641,38.8579,-101.9641,0,0,0,0,0,199,0,0,0
663546,2021,10,12,"2021-10-12","18:25:00",3,"KS",20,0,1,0,0,0,0,38.7851,-101.7421,38.7851,-101.7421,0,0,0,0,0,199,0,0,0
663547,2021,10,12,"2021-10-12","19:00:00",3,"KS",20,0,1.25,0,0,0,0,37.75,-101.94,37.75,-101.94,0,0,0,0,0,75,0,0,0
663548,2021,10,12,"2021-10-12","19:21:00",3,"OK",40,0,1.75,0,0,0,0,34.58,-98.95,34.58,-98.95,0,0,0,0,0,141,0,0,0
663549,2021,10,12,"2021-10-12","19:40:00",3,"KS",20,0,1,0,0,0,0,37.14,-101.36,37.14,-101.36,0,0,0,0,0,189,0,0,0
663550,2021,10,12,"2021-10-12","19:49:00",3,"OK",40,0,1,0,0,0,0,36.86,-101.49,36.86,-101.49,0,0,0,0,0,139,0,0,0
663551,2021,10,12,"2021-10-12","20:14:00",3,"OK",40,0,1.75,0,0,0,0,36.67,-101.36,36.67,-101.36,0,0,0,0,0,139,0,0,0
663552,2021,10,12,"2021-10-12","20:57:00",3,"KS",20,0,1.25,0,0,0,0,37.62,-100.38,37.62,-100.38,0,0,0,0,0,69,0,0,0
663553,2021,10,12,"2021-10-12","22:11:00",3,"TX",48,0,1,0,0,0,0,35.28,-101.42,35.28,-101.42,0,0,0,0,0,65,0,0,0
663554,2021,10,12,"2021-10-12","22:56:00",3,"TX",48,0,1.75,0,0,0,0,35.42,-100.98,35.42,-100.98,0,0,0,0,0,179,0,0,0
663555,2021,10,12,"2021-10-12","23:03:00",3,"TX",48,0,1,0,0,0,0,35.44,-100.81,35.44,-100.81,0,0,0,0,0,179,0,0,0
663556,2021,10,12,"2021-10-12","23:36:00",3,"TX",48,0,1.25,0,0,0,0,36.12,-100.03,36.12,-100.03,0,0,0,0,0,295,0,0,0
663557,2021,10,14,"2021-10-14","23:00:00",3,"OK",40,0,1,0,0,0,0,35.38,-97.74,35.38,-97.74,0,0,0,0,0,17,0,0,0
663558,2021,10,14,"2021-10-14","23:03:00",3,"OK",40,0,1.25,0,0,0,0,35.39,-97.72,35.39,-97.72,0,0,0,0,0,17,0,0,0
663559,2021,10,14,"2021-10-14","23:05:00",3,"OK",40,0,2,0,0,5000,0,35.39,-97.7,35.39,-97.7,0,0,0,0,0,17,0,0,0
663560,2021,10,14,"2021-10-14","23:20:00",3,"OK",40,0,1.75,0,0,0,0,35.39,-97.55,35.39,-97.55,0,0,0,0,0,109,0,0,0
663561,2021,10,14,"2021-10-14","23:26:00",3,"OK",40,0,1.75,0,0,0,0,35.4,-97.48,35.4,-97.48,0,0,0,0,0,109,0,0,0
663562,2021,10,14,"2021-10-14","23:29:00",3,"OK",40,0,1.75,0,0,0,0,35.39,-97.44,35.39,-97.44,0,0,0,0,0,109,0,0,0
663563,2021,10,15,"2021-10-15","00:18:00",3,"OK",40,0,1.25,0,0,0,0,35.5,-96.89,35.5,-96.89,0,0,0,0,0,81,0,0,0
663564,2021,10,15,"2021-10-15","12:00:00",3,"AR",5,0,1,0,0,0,0,35.03,-93.22,35.03,-93.22,0,0,0,0,0,149,0,0,0
663565,2021,10,15,"2021-10-15","12:37:00",3,"AR",5,0,1.25,0,0,0,0,35.08,-92.77,35.08,-92.77,0,0,0,0,0,29,0,0,0
663566,2021,10,15,"2021-10-15","12:41:00",3,"AR",5,0,0.88,0,0,0,0,35.14,-92.89,35.14,-92.89,0,0,0,0,0,29,0,0,0
663567,2021,10,15,"2021-10-15","14:32:00",3,"AR",5,0,0.88,0,0,0,0,35,-91.98,35,-91.98,0,0,0,0,0,85,0,0,0
663568,2021,10,20,"2021-10-20","07:20:00",3,"SD",46,0,0.75,0,0,0,0,42.69,-96.68,42.69,-96.68,0,0,0,0,0,127,0,0,0
663569,2021,10,20,"2021-10-20","08:17:00",3,"IA",19,0,0.88,0,0,0,0,42.8,-96.17,42.8,-96.17,0,0,0,0,0,149,0,0,0
663570,2021,10,20,"2021-10-20","12:40:00",3,"WI",55,0,0.75,0,0,0,0,44.22,-91.83,44.22,-91.83,0,0,0,0,0,11,0,0,0
663571,2021,10,23,"2021-10-23","14:32:00",3,"AR",5,0,1,0,0,0,0,36.37,-92.28,36.37,-92.28,0,0,0,0,0,5,0,0,0
663572,2021,10,23,"2021-10-23","14:43:00",3,"AR",5,0,1,0,0,0,0,36.38,-92.36,36.38,-92.36,0,0,0,0,0,5,0,0,0
663573,2021,10,23,"2021-10-23","23:54:00",3,"KS",20,0,0.88,0,0,0,0,39.46,-95.74,39.46,-95.74,0,0,0,0,0,85,0,0,0
663574,2021,10,24,"2021-10-24","14:25:00",3,"IL",17,0,0.88,0,0,0,0,40.44,-90.67,40.44,-90.67,0,0,0,0,0,109,0,0,0
663575,2021,10,24,"2021-10-24","15:02:00",3,"MO",29,0,1.5,0,0,0,0,39.76,-93.8,39.76,-93.8,0,0,0,0,0,25,0,0,0
663576,2021,10,24,"2021-10-24","17:25:00",3,"IL",17,0,1.75,0,0,0,0,39.85,-90.2,39.85,-90.2,0,0,0,0,0,137,0,0,0
663577,2021,10,24,"2021-10-24","17:45:00",3,"IL",17,0,1,0,0,0,0,39.9995,-89.8233,39.9995,-89.8233,0,0,0,0,0,129,0,0,0
663578,2021,10,24,"2021-10-24","18:18:00",3,"MO",29,0,0.88,0,0,0,0,37.26,-93,37.26,-93,0,0,0,0,0,225,0,0,0
663579,2021,10,24,"2021-10-24","18:48:00",3,"MO",29,0,0.88,0,0,0,0,37.35,-92.59,37.35,-92.59,0,0,0,0,0,229,0,0,0
663580,2021,10,24,"2021-10-24","19:31:00",3,"AR",5,0,1,0,0,0,0,36.46,-93.19,36.46,-93.19,0,0,0,0,0,9,0,0,0
663581,2021,10,24,"2021-10-24","20:58:00",3,"MO",29,0,0.88,0,0,0,0,36.54,-91.99,36.54,-91.99,0,0,0,0,0,91,0,0,0
663582,2021,10,24,"2021-10-24","21:00:00",3,"MO",29,0,0.75,0,0,0,0,37.7601,-89.849,37.7601,-89.849,0,0,0,0,0,157,0,0,0
663583,2021,10,26,"2021-10-26","18:40:00",3,"NE",31,0,0.88,0,0,0,0,40.13,-100.53,40.13,-100.53,0,0,0,0,0,145,0,0,0
663584,2021,10,26,"2021-10-26","18:45:00",3,"KS",20,0,0.88,0,0,0,0,39.654,-100.363,39.654,-100.363,0,0,0,0,0,39,0,0,0
663585,2021,10,26,"2021-10-26","19:02:00",3,"KS",20,0,0.88,0,0,0,0,39.4228,-100.3269,39.4228,-100.3269,0,0,0,0,0,179,0,0,0
663586,2021,10,26,"2021-10-26","19:05:00",3,"KS",20,0,0.75,0,0,0,0,39.3463,-100.2554,39.3463,-100.2554,0,0,0,0,0,179,0,0,0
663587,2021,10,26,"2021-10-26","19:12:00",3,"TX",48,0,1.5,0,0,0,0,33.1644,-100.8939,33.1644,-100.8939,0,0,0,0,0,263,0,0,0
663588,2021,10,26,"2021-10-26","19:15:00",3,"KS",20,0,0.88,0,0,0,0,39.3931,-100.1144,39.3931,-100.1144,0,0,0,0,0,65,0,0,0
663589,2021,10,26,"2021-10-26","19:17:00",3,"OK",40,0,1,0,0,0,0,35.7,-99.77,35.7,-99.77,0,0,0,0,0,129,0,0,0
663590,2021,10,26,"2021-10-26","20:12:00",3,"KS",20,0,1,0,0,0,0,37.89,-99.57,37.89,-99.57,0,0,0,0,0,57,0,0,0
663591,2021,10,26,"2021-10-26","20:23:00",3,"OK",40,0,1,0,0,0,0,36.15,-99.28,36.15,-99.28,0,0,0,0,0,43,0,0,0
663475,2021,10,1,"2021-10-01","12:00:00",3,"NM",35,0,0.5,0,0,50000,75000,33.99,-106.89,33.99,-106.89,0,0,0,0,0,53,0,0,0
663476,2021,10,1,"2021-10-01","15:40:00",3,"NM",35,0,1,0,0,0,0,32.9024,-104.4,32.9024,-104.4,0,0,0,0,0,15,0,0,0
663477,2021,10,1,"2021-10-01","15:44:00",3,"NM",35,0,1.5,0,0,5000,0,32.8701,-104.3802,32.8701,-104.3802,0,0,0,0,0,15,0,0,0
663478,2021,10,1,"2021-10-01","16:50:00",3,"TX",48,0,1,0,0,0,0,34.87,-102.4,34.87,-102.4,0,0,0,0,0,117,0,0,0
663479,2021,10,4,"2021-10-04","16:44:00",3,"AL",1,0,0.75,0,0,0,0,33.31,-86.82,33.31,-86.82,0,0,0,0,0,117,0,0,0
663480,2021,10,4,"2021-10-04","17:09:00",3,"AL",1,0,0.88,0,0,0,0,33.35,-86.87,33.35,-86.87,0,0,0,0,0,73,0,0,0
663481,2021,10,5,"2021-10-05","12:47:00",3,"MS",28,0,1,0,0,0,0,32.32,-90.23,32.28,-90.21,0,0,0,0,0,49,0,0,0
663482,2021,10,5,"2021-10-05","13:00:00",3,"AZ",4,0,0.88,0,0,0,0,33.42,-111.74,33.42,-111.74,0,0,0,0,0,13,0,0,0
663483,2021,10,5,"2021-10-05","13:00:00",3,"AZ",4,0,0.88,0,0,0,0,33.4373,-111.7364,33.4373,-111.7364,0,0,0,0,0,13,0,0,0
663484,2021,10,5,"2021-10-05","14:05:00",3,"MS",28,0,1.75,0,0,10000,0,33.58,-90.06,33.58,-90.06,0,0,0,0,0,15,0,0,0
663485,2021,10,5,"2021-10-05","14:14:00",3,"MS",28,0,0.88,0,0,0,0,31.93,-90.4,31.93,-90.4,0,0,0,0,0,29,0,0,0
663486,2021,10,5,"2021-10-05","14:35:00",3,"MS",28,0,1,0,0,0,0,31.94,-90.4,31.93,-90.39,0,0,0,0,0,29,0,0,0
663487,2021,10,5,"2021-10-05","15:43:00",3,"MS",28,0,1,0,0,0,0,33.23,-90.78,33.23,-90.78,0,0,0,0,0,151,0,0,0
663488,2021,10,5,"2021-10-05","17:00:00",3,"MS",28,0,1,0,0,0,0,32.98,-89.11,32.99,-89.06,0,0,0,0,0,159,0,0,0
663489,2021,10,5,"2021-10-05","17:13:00",3,"AZ",4,0,1,0,0,0,0,32.89,-112.72,32.89,-112.72,0,0,0,0,0,13,0,0,0
663490,2021,10,5,"2021-10-05","17:20:00",3,"MS",28,0,1.25,0,0,10000,0,33.1,-89.02,33.1,-89.02,0,0,0,0,0,159,0,0,0
663491,2021,10,5,"2021-10-05","17:40:00",3,"MS",28,0,1,0,0,0,0,33.11,-88.93,33.11,-88.93,0,0,0,0,0,159,0,0,0
663492,2021,10,5,"2021-10-05","18:13:00",3,"AZ",4,0,1.75,0,0,0,0,33.22,-112.38,33.22,-112.38,0,0,0,0,0,13,0,0,0
663493,2021,10,5,"2021-10-05","18:15:00",3,"AZ",4,0,0.75,0,0,0,0,31.8,-109.0973,31.8,-109.0973,0,0,0,0,0,3,0,0,0
663494,2021,10,5,"2021-10-05","18:25:00",3,"AZ",4,0,1,0,0,0,0,34.56,-109.73,34.6391,-109.7272,0,0,0,0,0,1,0,0,0
663495,2021,10,5,"2021-10-05","18:46:00",3,"AZ",4,0,1,0,0,0,0,33.31,-112.15,33.31,-112.15,0,0,0,0,0,13,0,0,0
663496,2021,10,5,"2021-10-05","18:58:00",3,"AZ",4,0,0.88,0,0,0,0,33.36,-112.1,33.36,-112.1,0,0,0,0,0,13,0,0,0
663497,2021,10,5,"2021-10-05","19:02:00",3,"AZ",4,0,1,0,0,0,0,33.38,-112.03,33.38,-112.03,0,0,0,0,0,13,0,0,0
663498,2021,10,5,"2021-10-05","19:03:00",3,"AZ",4,0,1.25,0,0,0,0,33.3938,-112.0379,33.3938,-112.0379,0,0,0,0,0,13,0,0,0
663499,2021,10,5,"2021-10-05","19:04:00",3,"AZ",4,0,1,0,0,0,0,33.41,-112.03,33.41,-112.03,0,0,0,0,0,13,0,0,0
663500,2021,10,5,"2021-10-05","19:04:00",3,"AZ",4,0,1.5,0,0,0,0,33.39,-112.02,33.39,-112.02,0,0,0,0,0,13,0,0,0
663501,2021,10,5,"2021-10-05","19:05:00",3,"AZ",4,0,1.25,0,0,0,0,33.41,-112.03,33.41,-112.03,0,0,0,0,0,13,0,0,0
663502,2021,10,5,"2021-10-05","19:06:00",3,"AZ",4,0,0.75,0,0,0,0,33.4336,-112,33.4336,-112,0,0,0,0,0,13,0,0,0
663503,2021,10,5,"2021-10-05","19:12:00",3,"AZ",4,0,0.88,0,0,0,0,33.41,-111.98,33.41,-111.98,0,0,0,0,0,13,0,0,0
663504,2021,10,5,"2021-10-05","19:42:00",3,"AZ",4,0,0.75,0,0,0,0,33.6,-111.85,33.6,-111.85,0,0,0,0,0,13,0,0,0
663505,2021,10,5,"2021-10-05","19:42:00",3,"AZ",4,0,0.75,0,0,0,0,33.59,-111.84,33.59,-111.84,0,0,0,0,0,13,0,0,0
663506,2021,10,6,"2021-10-06","18:23:00",3,"TN",47,0,0.75,0,0,0,0,35.9975,-87.4107,35.9975,-87.4107,0,0,0,0,0,43,0,0,0
663507,2021,10,6,"2021-10-06","18:25:00",3,"TN",47,0,1,0,0,0,0,35.9982,-87.4079,35.9982,-87.4079,0,0,0,0,0,43,0,0,0
663508,2021,10,7,"2021-10-07","14:00:00",3,"IL",17,0,1,0,0,0,0,39.47,-89.04,39.47,-89.04,0,0,0,0,0,21,0,0,0
663509,2021,10,7,"2021-10-07","15:45:00",3,"IL",17,0,1,0,0,0,0,40.7267,-89.6146,40.7267,-89.6146,0,0,0,0,0,143,0,0,0
663510,2021,10,7,"2021-10-07","15:47:00",3,"IL",17,0,0.75,0,0,0,0,40.6,-89.48,40.6,-89.48,0,0,0,0,0,179,0,0,0
663511,2021,10,8,"2021-10-08","12:00:00",3,"OH",39,0,1,0,0,0,0,41.3735,-82.9405,41.3735,-82.9405,0,0,0,0,0,143,0,0,0
663512,2021,10,8,"2021-10-08","14:47:00",3,"OH",39,0,1,0,0,0,0,41.4597,-82.1795,41.4597,-82.1795,0,0,0,0,0,93,0,0,0
663513,2021,10,8,"2021-10-08","19:52:00",3,"OH",39,0,1,0,0,0,0,41.3278,-83.1314,41.3278,-83.1314,0,0,0,0,0,143,0,0,0
663514,2021,10,8,"2021-10-08","19:57:00",3,"OH",39,0,1,0,0,0,0,41.35,-83.12,41.35,-83.12,0,0,0,0,0,143,0,0,0
663515,2021,10,9,"2021-10-09","14:31:00",3,"SD",46,0,1.25,0,0,0,0,43.93,-98.91,43.93,-98.91,0,0,0,0,0,15,0,0,0
663516,2021,10,9,"2021-10-09","14:46:00",3,"SD",46,0,1,0,0,0,0,43.96,-98.74,43.96,-98.74,0,0,0,0,0,73,0,0,0
663517,2021,10,9,"2021-10-09","14:49:00",3,"SD",46,0,1.75,0,0,0,60000,43.96,-98.74,43.96,-98.74,0,0,0,0,0,73,0,0,0
663518,2021,10,9,"2021-10-09","14:51:00",3,"SD",46,0,1,0,0,0,0,43.98,-98.74,43.98,-98.74,0,0,0,0,0,73,0,0,0
663519,2021,10,9,"2021-10-09","14:56:00",3,"SD",46,0,1.75,0,0,0,0,43.98,-98.74,43.98,-98.74,0,0,0,0,0,73,0,0,0
663520,2021,10,9,"2021-10-09","15:30:00",3,"SD",46,0,1,0,0,0,0,44.14,-98.37,44.14,-98.37,0,0,0,0,0,73,0,0,0
663521,2021,10,9,"2021-10-09","17:28:00",3,"SD",46,0,1,0,0,0,0,44.66,-97.29,44.66,-97.29,0,0,0,0,0,57,0,0,0
663522,2021,10,9,"2021-10-09","17:38:00",3,"SD",46,0,1,0,0,0,0,44.73,-97.2,44.73,-97.2,0,0,0,0,0,57,0,0,0
663592,2021,11,10,"2021-11-10","10:49:00",3,"KS",20,0,1,0,0,0,0,37.72,-97.44,37.72,-97.44,0,0,0,0,0,173,0,0,0
663593,2021,11,10,"2021-11-10","16:35:00",3,"OK",40,0,1.75,0,0,0,0,35.84,-97.75,35.84,-97.75,0,0,0,0,0,73,0,0,0
663594,2021,11,10,"2021-11-10","17:02:00",3,"OK",40,0,1.25,0,0,0,0,35.79,-97.67,35.79,-97.67,0,0,0,0,0,83,0,0,0
663595,2021,11,10,"2021-11-10","17:05:00",3,"OK",40,0,1.75,0,0,0,0,35.73,-97.69,35.73,-97.69,0,0,0,0,0,73,0,0,0
663596,2021,11,10,"2021-11-10","17:07:00",3,"TX",48,0,1.5,0,0,0,0,34.09,-98.92,34.09,-98.92,0,0,0,0,0,485,0,0,0
663597,2021,11,10,"2021-11-10","17:10:00",3,"TX",48,0,2,0,0,0,0,34.09,-98.92,34.09,-98.92,0,0,0,0,0,485,0,0,0
663598,2021,11,10,"2021-11-10","17:33:00",3,"OK",40,0,1,0,0,0,0,35.72,-97.53,35.72,-97.53,0,0,0,0,0,109,0,0,0
663599,2021,11,10,"2021-11-10","17:38:00",3,"OK",40,0,1.5,0,0,0,0,35.84,-97.37,35.84,-97.37,0,0,0,0,0,83,0,0,0
663600,2021,11,10,"2021-11-10","17:45:00",3,"OK",40,0,1,0,0,0,0,35.65,-97.48,35.65,-97.48,0,0,0,0,0,109,0,0,0
663601,2021,11,10,"2021-11-10","17:50:00",3,"TX",48,0,1,0,0,0,0,33.95,-98.67,33.95,-98.67,0,0,0,0,0,485,0,0,0
663602,2021,11,10,"2021-11-10","17:53:00",3,"OK",40,0,1,0,0,0,0,34.74,-97.96,34.74,-97.96,0,0,0,0,0,51,0,0,0
663603,2021,11,10,"2021-11-10","18:02:00",3,"OK",40,0,1,0,0,0,0,35.92,-96.98,35.92,-96.98,0,0,0,0,0,81,0,0,0
663604,2021,11,10,"2021-11-10","18:05:00",3,"OK",40,0,1,0,0,0,0,35.6,-97.43,35.6,-97.43,0,0,0,0,0,109,0,0,0
663605,2021,11,10,"2021-11-10","18:11:00",3,"TX",48,0,1,0,0,0,0,33.91,-98.49,33.91,-98.49,0,0,0,0,0,485,0,0,0
663606,2021,11,10,"2021-11-10","18:15:00",3,"OK",40,0,1,0,0,0,0,35.89,-97.02,35.89,-97.02,0,0,0,0,0,81,0,0,0
663607,2021,11,10,"2021-11-10","18:19:00",3,"TX",48,0,1.75,0,0,0,0,33.89,-98.54,33.89,-98.54,0,0,0,0,0,485,0,0,0
663608,2021,11,10,"2021-11-10","18:20:00",3,"TX",48,0,1,0,0,0,0,33.91,-98.51,33.91,-98.51,0,0,0,0,0,485,0,0,0
663609,2021,11,10,"2021-11-10","18:23:00",3,"OK",40,0,1,0,0,0,0,34.66,-97.78,34.66,-97.78,0,0,0,0,0,137,0,0,0
663610,2021,11,10,"2021-11-10","18:25:00",3,"OK",40,0,1,0,0,0,0,35.86,-97.02,35.86,-97.02,0,0,0,0,0,81,0,0,0
663611,2021,11,10,"2021-11-10","18:35:00",3,"TX",48,0,1,0,0,0,0,33.77,-98.55,33.77,-98.55,0,0,0,0,0,9,0,0,0
663612,2021,11,10,"2021-11-10","18:40:00",3,"KS",20,0,0.88,0,0,0,0,37.04,-95.86,37.04,-95.86,0,0,0,0,0,125,0,0,0
663613,2021,11,10,"2021-11-10","18:44:00",3,"OK",40,0,1,0,0,0,0,35.57,-97.21,35.57,-97.21,0,0,0,0,0,109,0,0,0
663614,2021,11,10,"2021-11-10","18:51:00",3,"OK",40,0,1,0,0,0,0,36.81,-97.52,36.81,-97.52,0,0,0,0,0,53,0,0,0
663615,2021,11,10,"2021-11-10","18:59:00",3,"OK",40,0,1,0,0,0,0,35.5412,-97.1645,35.5412,-97.1645,0,0,0,0,0,109,0,0,0
663616,2021,11,10,"2021-11-10","19:02:00",3,"TX",48,0,1,0,0,0,0,33.56,-97.35,33.56,-97.35,0,0,0,0,0,97,0,0,0
663617,2021,11,10,"2021-11-10","19:04:00",3,"TX",48,0,1,0,0,0,0,33.6,-97.11,33.6,-97.11,0,0,0,0,0,97,0,0,0
663618,2021,11,10,"2021-11-10","19:12:00",3,"TX",48,0,1,0,0,0,0,33.56,-98.14,33.56,-98.14,0,0,0,0,0,77,0,0,0
663619,2021,11,10,"2021-11-10","19:24:00",3,"TX",48,0,1.75,0,0,0,0,33.51,-97.19,33.51,-97.19,0,0,0,0,0,97,0,0,0
663620,2021,11,10,"2021-11-10","19:25:00",3,"TX",48,0,1,0,0,0,0,33.51,-97.17,33.51,-97.17,0,0,0,0,0,97,0,0,0
663621,2021,11,10,"2021-11-10","19:31:00",3,"TX",48,0,1.25,0,0,0,0,33.43,-97.17,33.43,-97.17,0,0,0,0,0,97,0,0,0
663622,2021,11,10,"2021-11-10","19:36:00",3,"TX",48,0,1.25,0,0,0,0,33.45,-98.02,33.45,-98.02,0,0,0,0,0,237,0,0,0
663623,2021,11,10,"2021-11-10","19:46:00",3,"OK",40,0,0.75,0,0,0,0,35.91,-95.92,35.91,-95.92,0,0,0,0,0,143,0,0,0
663624,2021,11,10,"2021-11-10","19:47:00",3,"TX",48,0,1.5,0,0,0,0,33.37,-97.16,33.37,-97.16,0,0,0,0,0,121,0,0,0
663625,2021,11,10,"2021-11-10","19:50:00",3,"TX",48,0,1.25,0,0,0,0,33.34,-96.97,33.34,-96.97,0,0,0,0,0,121,0,0,0
663626,2021,11,10,"2021-11-10","20:16:00",3,"TX",48,0,1,0,0,0,0,33.28,-96.98,33.28,-96.98,0,0,0,0,0,121,0,0,0
663627,2021,11,10,"2021-11-10","20:19:00",3,"TX",48,0,1.25,0,0,0,0,33.28,-96.97,33.28,-96.97,0,0,0,0,0,121,0,0,0
663628,2021,11,10,"2021-11-10","20:22:00",3,"TX",48,0,1.25,0,0,0,0,33.39,-96.96,33.39,-96.96,0,0,0,0,0,121,0,0,0
663629,2021,11,10,"2021-11-10","20:32:00",3,"TX",48,0,1.25,0,0,0,0,33.28,-96.97,33.28,-96.97,0,0,0,0,0,121,0,0,0
663630,2021,11,10,"2021-11-10","20:38:00",3,"TX",48,0,1.25,0,0,0,0,33.31,-96.89,33.31,-96.89,0,0,0,0,0,121,0,0,0
663631,2021,11,10,"2021-11-10","21:23:00",3,"TX",48,0,1,0,0,0,0,33,-96.61,33,-96.61,0,0,0,0,0,85,0,0,0
663632,2021,11,10,"2021-11-10","21:24:00",3,"TX",48,0,1,0,0,0,0,32.93,-97.21,32.93,-97.21,0,0,0,0,0,439,0,0,0
663633,2021,11,10,"2021-11-10","21:57:00",3,"TX",48,0,1.25,0,0,0,0,32.76,-96.96,32.76,-96.96,0,0,0,0,0,113,0,0,0
663634,2021,11,10,"2021-11-10","22:03:00",3,"TX",48,0,1,0,0,0,0,32.81,-96.94,32.81,-96.94,0,0,0,0,0,113,0,0,0
663635,2021,11,13,"2021-11-13","11:47:00",3,"NJ",34,0,1,0,0,0,0,40.89,-74.66,40.89,-74.66,0,0,0,0,0,27,0,0,0
663636,2021,11,13,"2021-11-13","12:13:00",3,"NJ",34,0,1,0,0,0,0,40.94,-74.41,40.94,-74.41,0,0,0,0,0,27,0,0,0
663637,2021,11,13,"2021-11-13","12:19:00",3,"NJ",34,0,1,0,0,0,0,41,-74.34,41,-74.34,0,0,0,0,0,27,0,0,0
663638,2021,11,13,"2021-11-13","12:20:00",3,"NJ",34,0,1,0,0,0,0,41.03,-74.33,41.03,-74.33,0,0,0,0,0,31,0,0,0
663639,2021,11,13,"2021-11-13","12:22:00",3,"NJ",34,0,0.75,0,0,0,0,41,-74.34,41,-74.34,0,0,0,0,0,27,0,0,0
663640,2021,11,13,"2021-11-13","12:30:00",3,"NJ",34,0,0.75,0,0,0,0,40.74,-74.39,40.74,-74.39,0,0,0,0,0,27,0,0,0
663641,2021,11,13,"2021-11-13","12:30:00",3,"NJ",34,0,0.75,0,0,0,0,40.75,-74.39,40.75,-74.39,0,0,0,0,0,27,0,0,0
663642,2021,11,13,"2021-11-13","12:35:00",3,"NJ",34,0,0.75,0,0,0,0,41.1,-74.14,41.1,-74.14,0,0,0,0,0,3,0,0,0
663643,2021,11,13,"2021-11-13","12:45:00",3,"NJ",34,0,0.88,0,0,0,0,39.93,-74.73,39.93,-74.73,0,0,0,0,0,5,0,0,0
663644,2021,11,13,"2021-11-13","12:52:00",3,"NJ",34,0,1.25,0,0,0,0,40.53,-74.29,40.53,-74.29,0,0,0,0,0,23,0,0,0
663645,2021,11,13,"2021-11-13","13:01:00",3,"NY",36,0,0.75,0,0,0,0,41.27,-73.86,41.27,-73.86,0,0,0,0,0,119,0,0,0
663646,2021,11,13,"2021-11-13","13:15:00",3,"NY",36,0,1.25,0,0,0,0,40.7372,-74.0008,40.7372,-74.0008,0,0,0,0,0,61,0,0,0
663647,2021,11,13,"2021-11-13","13:15:00",3,"NY",36,0,1,0,0,0,0,41.39,-73.74,41.39,-73.74,0,0,0,0,0,79,0,0,0
663648,2021,11,13,"2021-11-13","13:16:00",3,"NY",36,0,0.75,0,0,0,0,40.68,-74,40.68,-74,0,0,0,0,0,47,0,0,0
663649,2021,11,13,"2021-11-13","13:16:00",3,"NJ",34,0,0.75,0,0,0,0,40.11,-74.11,40.11,-74.11,0,0,0,0,0,29,0,0,0
663650,2021,11,13,"2021-11-13","13:17:00",3,"NY",36,0,0.75,0,0,0,0,40.734,-73.9939,40.734,-73.9939,0,0,0,0,0,61,0,0,0
663651,2021,11,13,"2021-11-13","13:30:00",3,"NY",36,0,0.75,0,0,0,0,40.91,-73.85,40.91,-73.85,0,0,0,0,0,119,0,0,0
663652,2021,11,13,"2021-11-13","13:40:00",3,"NY",36,0,0.75,0,0,0,0,40.73,-73.72,40.73,-73.72,0,0,0,0,0,81,0,0,0
663653,2021,11,13,"2021-11-13","13:50:00",3,"NY",36,0,1.5,0,0,0,0,40.71,-73.6,40.71,-73.6,0,0,0,0,0,59,0,0,0
663654,2021,11,21,"2021-11-21","01:14:00",3,"AR",5,0,0.88,0,0,0,0,35.62,-90.9,35.62,-90.9,0,0,0,0,0,111,0,0,0
663655,2021,11,21,"2021-11-21","12:20:00",3,"AR",5,0,0.88,0,0,0,0,35.62,-91.62,35.62,-91.62,0,0,0,0,0,63,0,0,0
663656,2021,11,21,"2021-11-21","12:45:00",3,"AR",5,0,1.25,0,0,0,0,35.64,-91.31,35.64,-91.31,0,0,0,0,0,67,0,0,0
663657,2021,11,21,"2021-11-21","12:47:00",3,"AR",5,0,1.25,0,0,0,0,35.65,-91.26,35.65,-91.26,0,0,0,0,0,67,0,0,0
663658,2021,11,24,"2021-11-24","22:10:00",3,"OK",40,0,0.75,0,0,0,0,36.0167,-95.8865,36.0167,-95.8865,0,0,0,0,0,143,0,0,0
663689,2021,12,10,"2021-12-10","16:56:00",3,"TX",48,0,1,0,0,0,0,33.16,-96.31,33.16,-96.31,0,0,0,0,0,85,0,0,0
663690,2021,12,10,"2021-12-10","18:20:00",3,"TX",48,0,2,0,0,0,0,33.4731,-95.2134,33.4731,-95.2134,0,0,0,0,0,387,0,0,0
663691,2021,12,10,"2021-12-10","18:55:00",3,"MO",29,0,1,0,0,0,0,37.39,-93.75,37.39,-93.75,0,0,0,0,0,57,0,0,0
663692,2021,12,10,"2021-12-10","18:57:00",3,"MO",29,0,1.75,0,0,0,0,37.34,-93.7,37.34,-93.7,0,0,0,0,0,57,0,0,0
663693,2021,12,10,"2021-12-10","18:59:00",3,"MO",29,0,1.75,0,0,0,0,37.34,-93.7,37.34,-93.7,0,0,0,0,0,57,0,0,0
663694,2021,12,10,"2021-12-10","19:02:00",3,"MO",29,0,0.75,0,0,0,0,37.42,-93.65,37.42,-93.65,0,0,0,0,0,57,0,0,0
663695,2021,12,10,"2021-12-10","19:10:00",3,"MO",29,0,0.88,0,0,0,0,37.49,-93.54,37.49,-93.54,0,0,0,0,0,167,0,0,0
663696,2021,12,10,"2021-12-10","19:12:00",3,"AR",5,0,1,0,0,0,0,33.7361,-94.4752,33.7361,-94.4752,0,0,0,0,0,81,0,0,0
663697,2021,12,10,"2021-12-10","19:20:00",3,"AR",5,0,1,0,0,0,0,33.7819,-94.3201,33.7819,-94.3201,0,0,0,0,0,81,0,0,0
663698,2021,12,10,"2021-12-10","19:25:00",3,"AR",5,0,1,0,0,0,0,34.57,-93.17,34.57,-93.17,0,0,0,0,0,51,0,0,0
663699,2021,12,10,"2021-12-10","19:29:00",3,"MO",29,0,1,0,0,0,0,38.629,-91.0638,38.629,-91.0638,0,0,0,0,0,219,0,0,0
663700,2021,12,10,"2021-12-10","20:00:00",3,"MO",29,0,1,0,0,0,0,38.5899,-90.5406,38.5899,-90.5406,0,0,0,0,0,189,0,0,0
663701,2021,12,10,"2021-12-10","20:00:00",3,"AR",5,0,1,0,0,0,0,34.91,-92.21,34.91,-92.21,0,0,0,0,0,119,0,0,0
663702,2021,12,10,"2021-12-10","20:10:00",3,"AR",5,0,1.25,0,0,0,0,35.02,-91.95,35.02,-91.95,0,0,0,0,0,85,0,0,0
663703,2021,12,10,"2021-12-10","20:30:00",3,"AR",5,0,1,0,0,0,0,34.97,-92.02,34.97,-92.02,0,0,0,0,0,85,0,0,0
663704,2021,12,10,"2021-12-10","20:30:00",3,"AR",5,0,1,0,0,0,0,34.88,-91.91,34.88,-91.91,0,0,0,0,0,85,0,0,0
663705,2021,12,10,"2021-12-10","20:43:00",3,"AR",5,0,1.25,0,0,0,0,33.8719,-93.5766,33.8719,-93.5766,0,0,0,0,0,57,0,0,0
663706,2021,12,10,"2021-12-10","20:48:00",3,"AR",5,0,1,0,0,0,0,34.12,-93.07,34.12,-93.07,0,0,0,0,0,19,0,0,0
663707,2021,12,10,"2021-12-10","20:55:00",3,"KY",21,0,1.75,0,0,0,0,36.5121,-89.18,36.5121,-89.18,0,0,0,0,0,75,0,0,0
663708,2021,12,10,"2021-12-10","20:58:00",3,"MO",29,0,1.5,0,0,0,0,37,-91.97,37,-91.97,0,0,0,0,0,91,0,0,0
663709,2021,12,10,"2021-12-10","21:24:00",3,"KY",21,0,1.75,0,0,0,0,36.759,-88.63,36.759,-88.63,0,0,0,0,0,83,0,0,0
663710,2021,12,10,"2021-12-10","21:33:00",3,"AR",5,0,1,0,0,0,0,33.7992,-93.3791,33.7992,-93.3791,0,0,0,0,0,99,0,0,0
663711,2021,12,10,"2021-12-10","22:45:00",3,"TX",48,0,1,0,0,0,0,33.4634,-94.0661,33.4634,-94.0661,0,0,0,0,0,37,0,0,0
663712,2021,12,10,"2021-12-10","22:55:00",3,"TN",47,0,1,0,0,0,0,36.1279,-89,36.1279,-89,0,0,0,0,0,53,0,0,0
663713,2021,12,10,"2021-12-10","23:17:00",3,"AR",5,0,0.88,0,0,0,0,34.49,-91.55,34.49,-91.55,0,0,0,0,0,1,0,0,0
663714,2021,12,11,"2021-12-11","00:26:00",3,"TN",47,0,0.88,0,0,0,0,35.1561,-89.8882,35.1561,-89.8882,0,0,0,0,0,157,0,0,0
663715,2021,12,13,"2021-12-13","05:41:00",3,"CA",6,0,0.25,0,0,4000,0,41.43,-124.02,41.43,-124.02,0,0,0,0,0,23,0,0,0
663716,2021,12,15,"2021-12-15","12:10:00",3,"KS",20,0,0.75,0,0,0,0,39.3518,-100.1632,39.3518,-100.1632,0,0,0,0,0,179,0,0,0
663717,2021,12,15,"2021-12-15","13:56:00",3,"NE",31,0,1,0,0,5e+05,0,40.61,-98.39,40.61,-98.39,0,0,0,0,0,1,0,0,0
663718,2021,12,15,"2021-12-15","13:58:00",3,"NE",31,0,0.88,0,0,0,0,40.65,-98.38,40.65,-98.38,0,0,0,0,0,1,0,0,0
663719,2021,12,15,"2021-12-15","14:07:00",3,"NE",31,0,1,0,0,3e+05,0,40.93,-98.38,40.93,-98.38,0,0,0,0,0,79,0,0,0
663720,2021,12,15,"2021-12-15","14:13:00",3,"NE",31,0,0.75,0,0,0,0,41.21,-98.46,41.21,-98.46,0,0,0,0,0,93,0,0,0
663721,2021,12,15,"2021-12-15","14:25:00",3,"NE",31,0,1.75,0,0,1e+05,0,41.0166,-97.9468,41.0166,-97.9468,0,0,0,0,0,81,0,0,0
663722,2021,12,15,"2021-12-15","15:04:00",3,"NE",31,0,1.25,0,0,0,0,41.44,-97.36,41.44,-97.36,0,0,0,0,0,141,0,0,0
663723,2021,12,15,"2021-12-15","15:05:00",3,"NE",31,0,1.25,0,0,0,0,41.44,-97.35,41.44,-97.35,0,0,0,0,0,141,0,0,0
663724,2021,12,15,"2021-12-15","16:47:00",3,"KS",20,0,4,0,0,0,0,38.36,-96.28,38.36,-96.28,0,0,0,0,0,111,0,0,0
663725,2021,12,15,"2021-12-15","16:49:00",3,"KS",20,0,1,0,0,0,0,38.41,-96.18,38.41,-96.18,0,0,0,0,0,111,0,0,0
663726,2021,12,15,"2021-12-15","16:51:00",3,"KS",20,0,2.5,0,0,0,0,38.41,-96.12,38.41,-96.12,0,0,0,0,0,111,0,0,0
663727,2021,12,15,"2021-12-15","16:52:00",3,"KS",20,0,1,0,0,0,0,38.4,-96.19,38.4,-96.19,0,0,0,0,0,111,0,0,0
663728,2021,12,15,"2021-12-15","16:53:00",3,"KS",20,0,1.75,0,0,0,0,38.38,-96.18,38.38,-96.18,0,0,0,0,0,111,0,0,0
663729,2021,12,15,"2021-12-15","17:00:00",3,"KS",20,0,2,0,0,0,0,38.4,-96.14,38.4,-96.14,0,0,0,0,0,111,0,0,0
663730,2021,12,15,"2021-12-15","17:17:00",3,"MO",29,0,1.75,0,0,0,0,40.34,-94.87,40.34,-94.87,0,0,0,0,0,147,0,0,0
663731,2021,12,15,"2021-12-15","17:20:00",3,"KS",20,0,2,0,0,0,0,38.55,-95.67,38.55,-95.67,0,0,0,0,0,139,0,0,0
663732,2021,12,15,"2021-12-15","17:20:00",3,"KS",20,0,1.75,0,0,0,0,38.63,-95.59,38.63,-95.59,0,0,0,0,0,139,0,0,0
663733,2021,12,15,"2021-12-15","17:22:00",3,"KS",20,0,1.75,0,0,0,0,38.58,-95.53,38.58,-95.53,0,0,0,0,0,139,0,0,0
663734,2021,12,15,"2021-12-15","17:23:00",3,"IA",19,0,1,0,0,0,0,41.87,-94.68,41.87,-94.68,0,0,0,0,0,27,0,0,0
663735,2021,12,15,"2021-12-15","17:24:00",3,"KS",20,0,1,0,0,0,0,38.68,-95.43,38.68,-95.43,0,0,0,0,0,59,0,0,0
663736,2021,12,15,"2021-12-15","17:52:00",3,"KS",20,0,1,0,0,0,0,38.87,-94.88,38.87,-94.88,0,0,0,0,0,91,0,0,0
663737,2021,12,15,"2021-12-15","18:10:00",3,"MO",29,0,1,0,0,0,0,39.23,-94.63,39.23,-94.63,0,0,0,0,0,165,0,0,0
663738,2021,12,15,"2021-12-15","18:20:00",3,"MO",29,0,0.75,0,0,0,0,39.09,-94.42,39.09,-94.42,0,0,0,0,0,95,0,0,0
663739,2021,12,15,"2021-12-15","18:30:00",3,"KS",20,0,1.5,0,0,0,0,37.32,-95.93,37.32,-95.93,0,0,0,0,0,125,0,0,0
663740,2021,12,15,"2021-12-15","18:32:00",3,"IA",19,0,1,0,0,0,0,42.75,-93.4,42.75,-93.4,0,0,0,0,0,69,0,0,0
663741,2021,12,15,"2021-12-15","19:06:00",3,"IA",19,0,1,0,0,0,0,43.06,-92.67,43.06,-92.67,0,0,0,0,0,67,0,0,0
663742,2021,12,15,"2021-12-15","20:24:00",3,"MN",27,0,0.75,0,0,0,0,43.91,-91.36,43.91,-91.36,0,0,0,0,0,169,0,0,0
663743,2021,12,15,"2021-12-15","20:30:00",3,"WI",55,0,1.25,0,0,0,0,44.03,-91.27,44.03,-91.27,0,0,0,0,0,63,0,0,0
663744,2021,12,17,"2021-12-17","14:50:00",3,"OK",40,0,0.88,0,0,0,0,34.62,-97.22,34.62,-97.22,0,0,0,0,0,49,0,0,0
663745,2021,12,17,"2021-12-17","15:49:00",3,"OK",40,0,0.75,0,0,0,0,34.82,-96.69,34.82,-96.69,0,0,0,0,0,123,0,0,0
663746,2021,12,17,"2021-12-17","15:57:00",3,"OK",40,0,1,0,0,0,0,34.79,-96.67,34.79,-96.67,0,0,0,0,0,123,0,0,0
663747,2021,12,17,"2021-12-17","16:28:00",3,"OK",40,0,1,0,0,0,0,34.35,-97.99,34.35,-97.99,0,0,0,0,0,137,0,0,0
663748,2021,12,17,"2021-12-17","17:15:00",3,"OK",40,0,1,0,0,0,0,34.88,-96.41,34.88,-96.41,0,0,0,0,0,123,0,0,0
663749,2021,12,18,"2021-12-18","09:58:00",3,"TX",48,0,1,0,0,0,0,29.21,-98.41,29.21,-98.41,0,0,0,0,0,29,0,0,0
663750,2021,12,18,"2021-12-18","10:15:00",3,"TX",48,0,1,0,0,0,0,29.22,-98.21,29.22,-98.21,0,0,0,0,0,493,0,0,0
663751,2021,12,18,"2021-12-18","10:16:00",3,"TX",48,0,1.25,0,0,0,0,29.28,-98.06,29.28,-98.06,0,0,0,0,0,493,0,0,0
663752,2021,12,18,"2021-12-18","10:30:00",3,"TX",48,0,2,0,0,0,0,29.32,-98.06,29.32,-98.06,0,0,0,0,0,493,0,0,0
663753,2021,12,18,"2021-12-18","11:12:00",3,"TX",48,0,1,0,0,0,0,29.64,-99.26,29.64,-99.26,0,0,0,0,0,19,0,0,0
663754,2021,12,29,"2021-12-29","14:17:00",3,"AR",5,0,1,0,0,0,0,33.45,-92.17,33.45,-92.17,0,0,0,0,0,11,0,0,0
663755,2021,12,29,"2021-12-29","14:43:00",3,"AR",5,0,1.75,0,0,500,0,33.57,-91.79,33.57,-91.79,0,0,0,0,0,43,0,0,0
663756,2021,12,30,"2021-12-30","12:33:00",3,"GA",13,0,0.25,0,0,10,10,33.5485,-82.2078,33.5485,-82.2078,0,0,0,0,0,33,0,0,0
663757,2021,12,30,"2021-12-30","13:40:00",3,"AL",1,0,1.75,0,0,0,0,32.5494,-85.9153,32.5494,-85.9153,0,0,0,0,0,51,0,0,0
663758,2021,12,30,"2021-12-30","13:45:00",3,"GA",13,0,1,0,0,0,0,32.6,-83.78,32.6,-83.78,0,0,0,0,0,225,0,0,0
663759,2021,12,30,"2021-12-30","13:50:00",3,"GA",13,0,1,0,0,0,0,32.63,-83.72,32.63,-83.72,0,0,0,0,0,225,0,0,0
663760,2021,12,30,"2021-12-30","14:04:00",3,"AL",1,0,1,0,0,0,0,32.6,-85.58,32.6,-85.58,0,0,0,0,0,81,0,0,0
663761,2021,12,30,"2021-12-30","14:06:00",3,"AL",1,0,0.75,0,0,0,0,32.8,-85.187,32.8,-85.187,0,0,0,0,0,17,0,0,0
663762,2021,12,30,"2021-12-30","14:09:00",3,"AL",1,0,1,0,0,0,0,31.72,-85.82,31.72,-85.82,0,0,0,0,0,109,0,0,0
663763,2021,12,30,"2021-12-30","14:22:00",3,"AL",1,0,1,0,0,0,0,32.57,-85.41,32.57,-85.41,0,0,0,0,0,81,0,0,0
663764,2021,12,30,"2021-12-30","14:26:00",3,"AL",1,0,1.5,0,0,0,0,32.543,-85.372,32.543,-85.372,0,0,0,0,0,81,0,0,0
663765,2021,12,30,"2021-12-30","14:46:00",3,"AL",1,0,1.75,0,0,0,0,32.53,-85.08,32.53,-85.08,0,0,0,0,0,81,0,0,0
663766,2021,12,30,"2021-12-30","14:49:00",3,"GA",13,0,1,0,0,0,0,32.79,-84.56,32.79,-84.56,0,0,0,0,0,263,0,0,0
663767,2021,12,30,"2021-12-30","14:58:00",3,"GA",13,0,1,0,0,0,0,32.5,-84.98,32.5,-84.98,0,0,0,0,0,215,0,0,0
663768,2021,12,30,"2021-12-30","15:00:00",3,"GA",13,0,1,0,0,0,0,32.56,-84.96,32.56,-84.96,0,0,0,0,0,215,0,0,0
663769,2021,12,30,"2021-12-30","15:03:00",3,"GA",13,0,1,0,0,0,0,32.54,-84.88,32.54,-84.88,0,0,0,0,0,215,0,0,0
663770,2021,12,30,"2021-12-30","15:09:00",3,"GA",13,0,1,0,0,0,0,32.62,-84.78,32.62,-84.78,0,0,0,0,0,145,0,0,0
663771,2021,12,30,"2021-12-30","15:14:00",3,"GA",13,0,1,0,0,0,0,32.58,-84.74,32.58,-84.74,0,0,0,0,0,215,0,0,0
663772,2021,12,30,"2021-12-30","15:15:00",3,"SC",45,0,0.88,0,0,0,0,33.03,-80.93,33.03,-80.93,0,0,0,0,0,29,0,0,0
663773,2021,12,30,"2021-12-30","15:15:00",3,"GA",13,0,1.75,0,0,0,0,32.488,-84.9314,32.488,-84.9314,0,0,0,0,0,215,0,0,0
663774,2021,12,30,"2021-12-30","15:20:00",3,"GA",13,0,1.5,0,0,0,0,32.45,-83.63,32.45,-83.63,0,0,0,0,0,153,0,0,0
663775,2021,12,30,"2021-12-30","15:20:00",3,"GA",13,0,1.5,0,0,0,0,32.46,-83.68,32.46,-83.68,0,0,0,0,0,153,0,0,0
663776,2021,12,30,"2021-12-30","15:25:00",3,"GA",13,0,0.25,0,0,10,10,33.0288,-81.8905,33.0288,-81.8905,0,0,0,0,0,33,0,0,0
663777,2021,12,30,"2021-12-30","15:45:00",3,"SC",45,0,1,0,0,0,0,33.2,-80.01,33.2,-80.01,0,0,0,0,0,15,0,0,0
663778,2021,12,30,"2021-12-30","16:05:00",3,"SC",45,0,0.75,0,0,0,0,33.02,-80.18,33.02,-80.18,0,0,0,0,0,35,0,0,0
663779,2021,12,30,"2021-12-30","16:10:00",3,"SC",45,0,1,0,0,0,0,32.99,-80.22,32.99,-80.22,0,0,0,0,0,35,0,0,0
663780,2021,12,30,"2021-12-30","16:42:00",3,"SC",45,0,0.75,0,0,0,0,32.93,-81.19,32.93,-81.19,0,0,0,0,0,49,0,0,0
663781,2021,12,30,"2021-12-30","17:35:00",3,"SC",45,0,0.75,0,0,0,0,33.05,-80.11,33.05,-80.11,0,0,0,0,0,15,0,0,0
663659,2021,12,4,"2021-12-04","01:03:00",3,"TX",48,0,0.75,0,0,0,0,32.43,-97.77,32.43,-97.77,0,0,0,0,0,221,0,0,0
663660,2021,12,5,"2021-12-05","16:04:00",3,"TN",47,0,1,0,0,0,0,35.3517,-88.9524,35.3517,-88.9524,0,0,0,0,0,69,0,0,0
663661,2021,12,5,"2021-12-05","17:14:00",3,"TN",47,0,0.88,0,0,0,0,35.54,-88.39,35.54,-88.39,0,0,0,0,0,77,0,0,0
663662,2021,12,5,"2021-12-05","18:17:00",3,"TN",47,0,0.75,0,0,0,0,35.8193,-87.8193,35.8193,-87.8193,0,0,0,0,0,135,0,0,0
663663,2021,12,5,"2021-12-05","18:45:00",3,"AR",5,0,1,0,0,0,0,35.9579,-90.3425,35.9579,-90.3425,0,0,0,0,0,31,0,0,0
663664,2021,12,5,"2021-12-05","19:16:00",3,"KY",21,0,0.75,0,0,0,0,36.98,-88.88,36.98,-88.88,0,0,0,0,0,7,0,0,0
663665,2021,12,5,"2021-12-05","19:29:00",3,"KY",21,0,1.5,0,0,20000,0,36.9993,-88.7085,37.0709,-88.7213,0,0,0,0,0,145,0,0,0
663666,2021,12,5,"2021-12-05","19:35:00",3,"KY",21,0,0.75,0,0,0,0,37.08,-88.63,37.08,-88.63,0,0,0,0,0,145,0,0,0
663667,2021,12,5,"2021-12-05","20:25:00",3,"OK",40,0,1,0,0,0,0,36.1586,-96.0472,36.1586,-96.0472,0,0,0,0,0,143,0,0,0
663668,2021,12,5,"2021-12-05","20:30:00",3,"KY",21,0,1,0,0,0,0,37.3166,-87.493,37.3166,-87.493,0,0,0,0,0,107,0,0,0
663669,2021,12,5,"2021-12-05","20:36:00",3,"OK",40,0,1,0,0,0,0,36.2,-95.89,36.2,-95.89,0,0,0,0,0,143,0,0,0
663670,2021,12,5,"2021-12-05","20:42:00",3,"MO",29,0,0.75,0,0,0,0,36.76,-93.36,36.76,-93.36,0,0,0,0,0,209,0,0,0
663671,2021,12,5,"2021-12-05","21:05:00",3,"OK",40,0,1.75,0,0,20000,0,36.4547,-95.1303,36.4547,-95.1303,0,0,0,0,0,97,0,0,0
663672,2021,12,5,"2021-12-05","21:10:00",3,"OK",40,0,1,0,0,0,0,35.9738,-95.8872,35.9738,-95.8872,0,0,0,0,0,143,0,0,0
663673,2021,12,5,"2021-12-05","21:11:00",3,"OK",40,0,1,0,0,0,0,36,-95.82,36,-95.82,0,0,0,0,0,143,0,0,0
663674,2021,12,5,"2021-12-05","21:40:00",3,"MO",29,0,0.88,0,0,0,0,36.87,-92.36,36.87,-92.36,0,0,0,0,0,67,0,0,0
663675,2021,12,5,"2021-12-05","21:43:00",3,"MO",29,0,0.88,0,0,0,0,36.93,-92.32,36.93,-92.32,0,0,0,0,0,67,0,0,0
663676,2021,12,5,"2021-12-05","21:48:00",3,"MO",29,0,1,0,0,0,0,36.93,-92.32,36.93,-92.32,0,0,0,0,0,67,0,0,0
663677,2021,12,5,"2021-12-05","21:53:00",3,"MO",29,0,1.25,0,0,0,0,36.8,-92.5,36.8,-92.5,0,0,0,0,0,153,0,0,0
663678,2021,12,5,"2021-12-05","21:57:00",3,"MO",29,0,1.75,0,0,0,0,36.51,-93.4,36.51,-93.4,0,0,0,0,0,209,0,0,0
663679,2021,12,5,"2021-12-05","22:03:00",3,"MO",29,0,1,0,0,0,0,36.6,-93.3,36.6,-93.3,0,0,0,0,0,213,0,0,0
663680,2021,12,5,"2021-12-05","22:06:00",3,"MO",29,0,1.25,0,0,0,0,36.6,-93.28,36.6,-93.28,0,0,0,0,0,213,0,0,0
663681,2021,12,5,"2021-12-05","22:10:00",3,"MO",29,0,1.25,0,0,0,0,36.51,-93.4,36.51,-93.4,0,0,0,0,0,209,0,0,0
663682,2021,12,5,"2021-12-05","22:14:00",3,"MO",29,0,1.25,0,0,0,0,36.6,-93.3,36.6,-93.3,0,0,0,0,0,213,0,0,0
663683,2021,12,5,"2021-12-05","22:14:00",3,"MO",29,0,1.25,0,0,0,0,36.67,-92.82,36.67,-92.82,0,0,0,0,0,213,0,0,0
663684,2021,12,5,"2021-12-05","22:26:00",3,"MO",29,0,0.88,0,0,0,0,37,-91.02,37,-91.02,0,0,0,0,0,35,0,0,0
663685,2021,12,5,"2021-12-05","23:00:00",3,"IN",18,0,1,0,0,0,0,39.06,-85.63,39.06,-85.63,0,0,0,0,0,79,0,0,0
663686,2021,12,6,"2021-12-06","02:35:00",3,"MO",29,0,0.75,0,0,0,0,36.4,-90.02,36.4,-90.02,0,0,0,0,0,69,0,0,0
663687,2021,12,6,"2021-12-06","02:42:00",3,"MO",29,0,0.75,0,0,0,0,36.78,-89.38,36.78,-89.38,0,0,0,0,0,133,0,0,0
663688,2021,12,6,"2021-12-06","03:50:00",3,"KY",21,0,0.75,0,0,0,0,36.7,-88.27,36.7,-88.27,0,0,0,0,0,35,0,0,0
657525,2021,1,24,"2021-01-24","12:00:00",3,"AZ",4,0,0.5,0,0,30000,0,32.4764,-111.2364,32.4216,-111.1595,0,0,0,0,0,19,0,0,0
657526,2021,1,24,"2021-01-24","14:35:00",3,"TX",48,0,0.75,0,0,0,0,32.9339,-96.7895,32.9339,-96.7895,0,0,0,0,0,113,0,0,0
657527,2021,1,24,"2021-01-24","14:45:00",3,"TX",48,0,0.88,0,0,0,0,32.96,-96.73,32.96,-96.73,0,0,0,0,0,113,0,0,0
657528,2021,1,24,"2021-01-24","23:00:00",3,"TX",48,0,2.25,0,0,0,0,33.0356,-102.0328,33.0951,-101.6911,0,0,0,0,0,305,0,0,0
657529,2021,1,25,"2021-01-25","00:30:00",3,"TX",48,0,1.25,0,0,0,0,33.77,-99.17,33.77,-99.17,0,0,0,0,0,23,0,0,0
657530,2021,1,25,"2021-01-25","00:37:00",3,"TX",48,0,1,0,0,0,0,33.96,-98.68,33.96,-98.68,0,0,0,0,0,485,0,0,0
657531,2021,1,25,"2021-01-25","00:38:00",3,"TX",48,0,1,0,0,0,0,33.97,-98.69,33.97,-98.69,0,0,0,0,0,485,0,0,0
657532,2021,1,25,"2021-01-25","04:15:00",3,"TX",48,0,0.88,0,0,0,0,33.64,-97.15,33.64,-97.15,0,0,0,0,0,97,0,0,0
657533,2021,1,25,"2021-01-25","05:15:00",3,"OK",40,0,1,0,0,0,0,33.94,-96.39,33.94,-96.39,0,0,0,0,0,13,0,0,0
657534,2021,1,25,"2021-01-25","06:34:00",3,"TX",48,0,0.75,0,0,0,0,32.01,-97.12,32.01,-97.12,0,0,0,0,0,217,0,0,0
657535,2021,1,25,"2021-01-25","06:43:00",3,"TX",48,0,1.25,0,0,0,0,32.88,-96.06,32.88,-96.06,0,0,0,0,0,231,0,0,0
657536,2021,1,25,"2021-01-25","07:10:00",3,"TN",47,0,0.88,0,0,0,0,36.0812,-89.4433,36.0812,-89.4433,0,0,0,0,0,45,0,0,0
657537,2021,1,25,"2021-01-25","07:15:00",3,"TX",48,0,1,0,0,0,0,32.37,-96.28,32.37,-96.28,0,0,0,0,0,257,0,0,0
657538,2021,1,25,"2021-01-25","07:24:00",3,"TX",48,0,1.25,0,0,0,0,32.37,-96.1,32.37,-96.1,0,0,0,0,0,257,0,0,0
657539,2021,1,25,"2021-01-25","15:29:00",3,"MS",28,0,1.75,0,0,0,0,34.95,-90.13,34.95,-90.13,0,0,0,0,0,33,0,0,0
657540,2021,1,25,"2021-01-25","15:30:00",3,"MS",28,0,1,0,0,0,0,34.97,-90.03,34.97,-90.03,0,0,0,0,0,33,0,0,0
657541,2021,1,25,"2021-01-25","15:35:00",3,"MS",28,0,1.75,0,0,0,0,34.992,-90.0118,34.992,-90.0118,0,0,0,0,0,33,0,0,0
657542,2021,1,25,"2021-01-25","15:40:00",3,"TN",47,0,1,0,0,0,0,35.049,-89.8441,35.049,-89.8441,0,0,0,0,0,157,0,0,0
657543,2021,1,25,"2021-01-25","15:45:00",3,"TN",47,0,1,0,0,0,0,35.02,-90.03,35.02,-90.03,0,0,0,0,0,157,0,0,0
657544,2021,1,25,"2021-01-25","15:45:00",3,"TN",47,0,1,0,0,0,0,35.0843,-89.7772,35.0843,-89.7772,0,0,0,0,0,157,0,0,0
657545,2021,1,25,"2021-01-25","16:05:00",3,"TN",47,0,2,0,0,0,0,35.0208,-89.89,35.0208,-89.89,0,0,0,0,0,157,0,0,0
657546,2021,1,25,"2021-01-25","17:10:00",3,"KY",21,0,1,0,0,0,0,37.11,-85.03,37.11,-85.03,0,0,0,0,0,207,0,0,0
657547,2021,1,25,"2021-01-25","17:30:00",3,"KY",21,0,1,0,0,100,0,37.2801,-84.651,37.2801,-84.651,0,0,0,0,0,199,0,0,0
657548,2021,1,25,"2021-01-25","17:49:00",3,"KY",21,0,0.5,0,0,10,0,37.35,-84.4,37.35,-84.4,0,0,0,0,0,203,0,0,0
657549,2021,1,25,"2021-01-25","18:35:00",3,"TN",47,0,1,0,0,0,0,35.8847,-86.4763,35.8847,-86.4763,0,0,0,0,0,149,0,0,0
657550,2021,1,25,"2021-01-25","22:15:00",3,"AL",1,0,0.88,0,0,0,0,33.65,-87.07,33.65,-87.07,0,0,0,0,0,73,0,0,0
657551,2021,1,25,"2021-01-25","23:03:00",3,"MS",28,0,1,0,0,0,0,31.99,-90.36,31.99,-90.36,0,0,0,0,0,29,0,0,0
657552,2021,1,25,"2021-01-25","23:45:00",3,"MS",28,0,1,0,0,0,0,32.57,-89.12,32.57,-89.12,0,0,0,0,0,101,0,0,0
657553,2021,1,26,"2021-01-26","00:46:00",3,"MS",28,0,1,0,0,0,0,31.36,-90.52,31.36,-90.52,0,0,0,0,0,85,0,0,0
657554,2021,1,26,"2021-01-26","14:02:00",3,"SC",45,0,0.88,0,0,0,0,32.72,-79.94,32.72,-79.94,0,0,0,0,0,19,0,0,0
657555,2021,1,26,"2021-01-26","14:05:00",3,"SC",45,0,0.88,0,0,0,0,32.72,-79.97,32.72,-79.97,0,0,0,0,0,19,0,0,0
657556,2021,1,26,"2021-01-26","14:08:00",3,"SC",45,0,0.88,0,0,0,0,32.73,-79.96,32.73,-79.96,0,0,0,0,0,19,0,0,0
657557,2021,1,26,"2021-01-26","14:14:00",3,"SC",45,0,0.75,0,0,0,0,32.73,-79.96,32.73,-79.96,0,0,0,0,0,19,0,0,0
657558,2021,1,30,"2021-01-30","15:08:00",3,"OK",40,0,0.75,0,0,0,0,36.8881,-95.2697,36.8881,-95.2697,0,0,0,0,0,35,0,0,0
657559,2021,1,30,"2021-01-30","15:38:00",3,"OK",40,0,0.75,0,0,0,0,36.9655,-94.83,36.9655,-94.83,0,0,0,0,0,115,0,0,0
657521,2021,1,6,"2021-01-06","11:53:00",3,"TX",48,0,1,0,0,0,0,30.76,-96.75,30.76,-96.75,0,0,0,0,0,331,0,0,0
657522,2021,1,6,"2021-01-06","17:31:00",3,"TX",48,0,1,0,0,0,0,29.4,-95.43,29.4,-95.43,0,0,0,0,0,39,0,0,0
657523,2021,1,6,"2021-01-06","18:05:00",3,"TX",48,0,1,0,0,0,0,29.46,-95.05,29.46,-95.05,0,0,0,0,0,167,0,0,0
657524,2021,1,6,"2021-01-06","18:21:00",3,"TX",48,0,1,0,0,0,0,29.54,-95.02,29.54,-95.02,0,0,0,0,0,167,0,0,0
657569,2021,2,11,"2021-02-11","03:57:00",3,"MS",28,0,1.5,0,0,10000,0,32.6671,-89.2176,32.67,-89.17,0,0,0,0,0,99,0,0,0
657570,2021,2,15,"2021-02-15","15:15:00",3,"FL",12,0,1.75,0,0,0,0,30.2,-82.64,30.2,-82.64,0,0,0,0,0,23,0,0,0
657571,2021,2,15,"2021-02-15","15:30:00",3,"FL",12,0,1,0,0,0,0,29.93,-81.44,29.93,-81.44,0,0,0,0,0,109,0,0,0
657572,2021,2,15,"2021-02-15","15:37:00",3,"FL",12,0,0.88,0,0,0,0,30.03,-81.39,30.03,-81.39,0,0,0,0,0,109,0,0,0
657573,2021,2,15,"2021-02-15","15:41:00",3,"FL",12,0,1,0,0,0,0,29.98,-81.36,29.98,-81.36,0,0,0,0,0,109,0,0,0
657574,2021,2,15,"2021-02-15","16:40:00",3,"GA",13,0,1.75,0,0,50000,0,32.55,-82.59,32.55,-82.59,0,0,0,0,0,167,0,0,0
657575,2021,2,15,"2021-02-15","16:41:00",3,"GA",13,0,1,0,0,0,0,32.4785,-82.6982,32.4785,-82.6982,0,0,0,0,0,175,0,0,0
657576,2021,2,15,"2021-02-15","17:53:00",3,"GA",13,0,1,0,0,0,0,31.94,-81.3,31.94,-81.3,0,0,0,0,0,29,0,0,0
657577,2021,2,15,"2021-02-15","18:00:00",3,"GA",13,0,1,0,0,0,0,32.12,-81.25,32.12,-81.25,0,0,0,0,0,51,0,0,0
657578,2021,2,15,"2021-02-15","18:07:00",3,"GA",13,0,1.5,0,0,0,0,32.14,-81.25,32.14,-81.25,0,0,0,0,0,51,0,0,0
657579,2021,2,15,"2021-02-15","18:36:00",3,"SC",45,0,1.5,0,0,0,0,32.6,-81.14,32.6,-81.14,0,0,0,0,0,53,0,0,0
657580,2021,2,25,"2021-02-25","20:13:00",3,"TX",48,0,0.75,0,0,0,0,33.05,-97,33.05,-97,0,0,0,0,0,121,0,0,0
657581,2021,2,25,"2021-02-25","20:25:00",3,"TX",48,0,1.25,0,0,0,0,33.19,-96.75,33.19,-96.75,0,0,0,0,0,85,0,0,0
657582,2021,2,25,"2021-02-25","20:29:00",3,"TX",48,0,0.88,0,0,0,0,33.22,-96.72,33.22,-96.72,0,0,0,0,0,85,0,0,0
657583,2021,2,25,"2021-02-25","20:30:00",3,"TX",48,0,1.5,0,0,0,0,33.24,-96.66,33.24,-96.66,0,0,0,0,0,85,0,0,0
657584,2021,2,25,"2021-02-25","20:48:00",3,"TX",48,0,1,0,0,0,0,33.29,-96.56,33.29,-96.56,0,0,0,0,0,85,0,0,0
657585,2021,2,25,"2021-02-25","21:38:00",3,"TX",48,0,2,0,0,0,0,33.4703,-95.2159,33.4703,-95.2159,0,0,0,0,0,387,0,0,0
657586,2021,2,25,"2021-02-25","22:26:00",3,"TX",48,0,0.75,0,0,0,0,33.16,-96.86,33.16,-96.86,0,0,0,0,0,121,0,0,0
657587,2021,2,25,"2021-02-25","22:35:00",3,"TX",48,0,1,0,0,0,0,33.4525,-94.1304,33.4525,-94.1304,0,0,0,0,0,37,0,0,0
657588,2021,2,25,"2021-02-25","22:37:00",3,"TX",48,0,0.75,0,0,0,0,33.4799,-94.0902,33.4799,-94.0902,0,0,0,0,0,37,0,0,0
657589,2021,2,28,"2021-02-28","09:48:00",3,"TX",48,0,1,0,0,0,0,33.7248,-96.8494,33.7248,-96.8494,0,0,0,0,0,181,0,0,0
657590,2021,2,28,"2021-02-28","10:00:00",3,"TX",48,0,1.5,0,0,0,0,33.798,-96.6416,33.798,-96.6416,0,0,0,0,0,181,0,0,0
657591,2021,2,28,"2021-02-28","10:03:00",3,"TX",48,0,1,0,0,0,0,33.77,-96.65,33.77,-96.65,0,0,0,0,0,181,0,0,0
657592,2021,2,28,"2021-02-28","10:44:00",3,"OK",40,0,1,0,0,0,0,34.03,-95.87,34.03,-95.87,0,0,0,0,0,23,0,0,0
657593,2021,2,28,"2021-02-28","11:21:00",3,"AR",5,0,0.88,0,0,0,0,35.2,-92.5,35.2,-92.5,0,0,0,0,0,45,0,0,0
657594,2021,2,28,"2021-02-28","11:45:00",3,"OK",40,0,1,0,0,0,0,34.03,-95.7,34.03,-95.7,0,0,0,0,0,23,0,0,0
657595,2021,2,28,"2021-02-28","17:35:00",3,"AR",5,0,0.75,0,0,0,0,35.48,-90.37,35.48,-90.37,0,0,0,0,0,111,0,0,0
657596,2021,2,28,"2021-02-28","18:10:00",3,"TN",47,0,0.75,0,0,0,0,35.344,-90.0393,35.344,-90.0393,0,0,0,0,0,157,0,0,0
657597,2021,2,28,"2021-02-28","19:53:00",3,"TN",47,0,1.5,0,0,0,0,36.2388,-86.5711,36.2388,-86.5711,0,0,0,0,0,189,0,0,0
657598,2021,2,28,"2021-02-28","19:55:00",3,"TN",47,0,0.88,0,0,0,0,36.2472,-86.5631,36.2472,-86.5631,0,0,0,0,0,189,0,0,0
657599,2021,2,28,"2021-02-28","19:55:00",3,"TN",47,0,0.75,0,0,0,0,36.2802,-86.6234,36.2802,-86.6234,0,0,0,0,0,165,0,0,0
657600,2021,2,28,"2021-02-28","19:59:00",3,"TN",47,0,0.88,0,0,0,0,36.2742,-86.5857,36.2742,-86.5857,0,0,0,0,0,165,0,0,0
657601,2021,2,28,"2021-02-28","20:02:00",3,"TN",47,0,1,0,0,0,0,36.2762,-86.5767,36.2762,-86.5767,0,0,0,0,0,165,0,0,0
657602,2021,2,28,"2021-02-28","20:07:00",3,"TN",47,0,1.25,0,0,0,0,36.2823,-86.4585,36.2823,-86.4585,0,0,0,0,0,189,0,0,0
657603,2021,2,28,"2021-02-28","20:08:00",3,"TN",47,0,1,0,0,0,0,36.3019,-86.4214,36.3019,-86.4214,0,0,0,0,0,189,0,0,0
657560,2021,2,5,"2021-02-05","20:48:00",3,"HI",15,0,0.88,0,0,0,0,19.5,-154.95,19.4838,-154.9365,0,0,0,0,0,1,0,0,0
657561,2021,2,6,"2021-02-06","16:10:00",3,"FL",12,0,1,0,0,0,0,29.78,-82.48,29.78,-82.48,0,0,0,0,0,1,0,0,0
657562,2021,2,7,"2021-02-07","00:15:00",3,"GA",13,0,1,0,0,0,0,31.7,-82.92,31.7,-82.92,0,0,0,0,0,69,0,0,0
657563,2021,2,9,"2021-02-09","03:10:00",3,"FL",12,0,1.5,0,0,0,0,30.8595,-87.4762,30.8595,-87.4762,0,0,0,0,0,33,0,0,0
657564,2021,2,9,"2021-02-09","03:30:00",3,"FL",12,0,1,0,0,0,0,30.95,-87.15,30.95,-87.15,0,0,0,0,0,113,0,0,0
657565,2021,2,9,"2021-02-09","07:56:00",3,"FL",12,0,0.75,0,0,0,0,30.4,-81.94,30.4,-81.94,0,0,0,0,0,89,0,0,0
657566,2021,2,9,"2021-02-09","08:00:00",3,"FL",12,0,0.75,0,0,0,0,30.39,-81.83,30.39,-81.83,0,0,0,0,0,31,0,0,0
657567,2021,2,9,"2021-02-09","10:04:00",3,"FL",12,0,0.88,0,0,0,0,30.07,-81.93,30.07,-81.93,0,0,0,0,0,19,0,0,0
657568,2021,2,9,"2021-02-09","10:25:00",3,"FL",12,0,0.75,0,0,0,0,30.06,-81.71,30.06,-81.71,0,0,0,0,0,19,0,0,0
657614,2021,3,10,"2021-03-10","08:25:00",3,"CA",6,0,0.25,0,0,0,0,37.05,-122.03,37.05,-122.03,0,0,0,0,0,87,0,0,0
657615,2021,3,10,"2021-03-10","09:25:00",3,"CA",6,0,0.25,0,0,0,0,36.98,-121.9,36.98,-121.9,0,0,0,0,0,87,0,0,0
657616,2021,3,10,"2021-03-10","09:45:00",3,"CA",6,0,0.25,0,0,0,0,37.88,-122.55,37.88,-122.55,0,0,0,0,0,41,0,0,0
657617,2021,3,10,"2021-03-10","12:00:00",3,"CA",6,0,0.25,0,0,0,0,38.45,-122.7,38.45,-122.7,0,0,0,0,0,97,0,0,0
657618,2021,3,10,"2021-03-10","14:25:00",3,"CA",6,0,0.25,0,0,0,0,37.75,-122.45,37.75,-122.45,0,0,0,0,0,75,0,0,0
657619,2021,3,10,"2021-03-10","14:30:00",3,"CA",6,0,0.25,0,0,0,0,37.37,-121.93,37.37,-121.93,0,0,0,0,0,85,0,0,0
657620,2021,3,10,"2021-03-10","16:40:00",3,"MN",27,0,1,0,0,0,0,44.22,-93.53,44.22,-93.53,0,0,0,0,0,79,0,0,0
657621,2021,3,10,"2021-03-10","17:18:00",3,"MN",27,0,1,0,0,0,0,44.74,-93.13,44.74,-93.13,0,0,0,0,0,37,0,0,0
657622,2021,3,10,"2021-03-10","17:25:00",3,"MN",27,0,1.5,0,0,0,0,44.79,-93.11,44.79,-93.11,0,0,0,0,0,37,0,0,0
657623,2021,3,10,"2021-03-10","17:27:00",3,"MN",27,0,1.75,0,0,0,0,44.83,-93.09,44.83,-93.09,0,0,0,0,0,37,0,0,0
657624,2021,3,10,"2021-03-10","17:28:00",3,"MN",27,0,1.75,0,0,0,0,44.83,-93.07,44.83,-93.07,0,0,0,0,0,37,0,0,0
657625,2021,3,10,"2021-03-10","17:33:00",3,"MN",27,0,1.25,0,0,0,0,44.89,-93.04,44.89,-93.04,0,0,0,0,0,37,0,0,0
657626,2021,3,10,"2021-03-10","17:33:00",3,"MN",27,0,2.5,0,0,0,0,44.85,-93.08,44.85,-93.08,0,0,0,0,0,37,0,0,0
657627,2021,3,10,"2021-03-10","17:38:00",3,"MN",27,0,2,0,0,0,0,44.89,-93.04,44.89,-93.04,0,0,0,0,0,37,0,0,0
657628,2021,3,10,"2021-03-10","17:49:00",3,"IA",19,0,1,0,0,0,0,41.03,-93.75,41.03,-93.75,0,0,0,0,0,39,0,0,0
657629,2021,3,10,"2021-03-10","17:50:00",3,"IA",19,0,0.75,0,0,0,0,41.04,-93.76,41.04,-93.76,0,0,0,0,0,39,0,0,0
657630,2021,3,10,"2021-03-10","19:05:00",3,"IA",19,0,0.88,0,0,0,0,40.69,-92.98,40.69,-92.98,0,0,0,0,0,7,0,0,0
657631,2021,3,10,"2021-03-10","19:10:00",3,"MO",29,0,0.88,0,0,0,0,40.38,-93.34,40.38,-93.34,0,0,0,0,0,211,0,0,0
657632,2021,3,10,"2021-03-10","19:28:00",3,"KS",20,0,0.75,0,0,0,0,38.1,-96.14,38.1,-96.14,0,0,0,0,0,73,0,0,0
657633,2021,3,10,"2021-03-10","19:54:00",3,"KS",20,0,0.88,0,0,0,0,38.93,-94.67,38.93,-94.67,0,0,0,0,0,91,0,0,0
657634,2021,3,10,"2021-03-10","20:50:00",3,"KS",20,0,1,0,0,0,0,37.82,-96.29,37.82,-96.29,0,0,0,0,0,73,0,0,0
657635,2021,3,10,"2021-03-10","20:51:00",3,"KS",20,0,1,0,0,0,0,37.82,-96.29,37.82,-96.29,0,0,0,0,0,73,0,0,0
657636,2021,3,10,"2021-03-10","21:24:00",3,"KS",20,0,1.5,0,0,0,0,37.61,-96.08,37.61,-96.08,0,0,0,0,0,73,0,0,0
657637,2021,3,10,"2021-03-10","21:43:00",3,"KS",20,0,1.5,0,0,0,0,37.65,-95.8,37.65,-95.8,0,0,0,0,0,205,0,0,0
657638,2021,3,11,"2021-03-11","09:04:00",3,"MO",29,0,1,0,0,0,0,37.38,-93.83,37.38,-93.83,0,0,0,0,0,57,0,0,0
657639,2021,3,11,"2021-03-11","10:25:00",3,"MO",29,0,0.75,0,0,0,0,37.2,-94.46,37.2,-94.46,0,0,0,0,0,97,0,0,0
657640,2021,3,11,"2021-03-11","13:00:00",3,"MO",29,0,0.88,0,0,0,0,37.9757,-90.8847,37.9757,-90.8847,0,0,0,0,0,221,0,0,0
657641,2021,3,11,"2021-03-11","16:00:00",3,"CA",6,0,0.5,0,0,10000,0,33.5273,-117.2127,33.5996,-117.1598,0,0,0,0,0,65,0,0,0
657642,2021,3,12,"2021-03-12","10:39:00",3,"KS",20,0,1,0,0,0,0,37.55,-97.35,37.55,-97.35,0,0,0,0,0,173,0,0,0
657643,2021,3,12,"2021-03-12","16:55:00",3,"TX",48,0,1,0,0,0,0,33.8467,-102.0276,33.8467,-102.0276,0,0,0,0,0,189,0,0,0
657644,2021,3,12,"2021-03-12","17:40:00",3,"OK",40,0,1,0,0,0,0,35.2566,-99.64,35.2566,-99.64,0,0,0,0,0,9,0,0,0
657645,2021,3,12,"2021-03-12","18:07:00",3,"TX",48,0,2.5,0,0,0,0,33.909,-101.5915,33.909,-101.5915,0,0,0,0,0,189,0,0,0
657646,2021,3,12,"2021-03-12","20:02:00",3,"TX",48,0,1.25,0,0,0,0,35.63,-101.6,35.63,-101.6,0,0,0,0,0,233,0,0,0
657647,2021,3,12,"2021-03-12","20:03:00",3,"TX",48,0,1,0,0,0,0,35.64,-101.62,35.64,-101.62,0,0,0,0,0,341,0,0,0
657648,2021,3,12,"2021-03-12","20:09:00",3,"TX",48,0,0.88,0,0,0,0,35.65,-101.59,35.65,-101.59,0,0,0,0,0,233,0,0,0
657649,2021,3,12,"2021-03-12","20:12:00",3,"TX",48,0,1.25,0,0,0,0,35.7,-101.54,35.7,-101.54,0,0,0,0,0,233,0,0,0
657650,2021,3,12,"2021-03-12","20:17:00",3,"TX",48,0,1.75,0,0,0,0,33.8906,-100.3989,33.896,-100.3268,0,0,0,0,0,101,0,0,0
657651,2021,3,12,"2021-03-12","20:25:00",3,"TX",48,0,1.25,0,0,0,0,35.71,-101.41,35.71,-101.41,0,0,0,0,0,233,0,0,0
657652,2021,3,12,"2021-03-12","22:11:00",3,"TX",48,0,1,0,0,0,0,35.55,-100.96,35.55,-100.96,0,0,0,0,0,179,0,0,0
657653,2021,3,13,"2021-03-13","12:30:00",3,"NM",35,0,1,0,0,0,0,35.2,-103.69,35.2,-103.69,0,0,0,0,0,37,0,0,0
657654,2021,3,13,"2021-03-13","13:58:00",3,"NV",32,0,1,0,0,0,0,36.7737,-114.2911,36.7737,-114.2911,0,0,0,0,0,3,0,0,0
657655,2021,3,13,"2021-03-13","14:38:00",3,"TX",48,0,1.25,0,0,0,0,34.4619,-102.2193,34.4619,-102.2193,0,0,0,0,0,69,0,0,0
657656,2021,3,13,"2021-03-13","14:56:00",3,"TX",48,0,0.75,0,0,0,0,31.8913,-102.2898,31.8913,-102.2898,0,0,0,0,0,135,0,0,0
657657,2021,3,13,"2021-03-13","15:58:00",3,"TX",48,0,1,0,0,0,0,35.86,-101.96,35.86,-101.96,0,0,0,0,0,341,0,0,0
657658,2021,3,13,"2021-03-13","15:59:00",3,"TX",48,0,0.75,0,0,0,0,35.1,-101.58,35.1,-101.58,0,0,0,0,0,11,0,0,0
657659,2021,3,13,"2021-03-13","16:00:00",3,"TX",48,0,1.5,0,0,0,0,35.1,-101.78,35.1,-101.78,0,0,0,0,0,381,0,0,0
657660,2021,3,13,"2021-03-13","16:22:00",3,"TX",48,0,1.5,0,0,0,0,34.95,-101.65,34.95,-101.65,0,0,0,0,0,381,0,0,0
657661,2021,3,13,"2021-03-13","16:30:00",3,"TX",48,0,1.5,0,0,0,0,32.25,-101.4358,32.25,-101.4358,0,0,0,0,0,227,0,0,0
657662,2021,3,13,"2021-03-13","16:32:00",3,"TX",48,0,1.75,0,0,0,0,35.09,-101.38,35.11,-101.31,0,0,0,0,0,11,0,0,0
657663,2021,3,13,"2021-03-13","16:35:00",3,"TX",48,0,1.75,0,0,0,0,32.25,-101.4358,32.25,-101.4358,0,0,0,0,0,227,0,0,0
657664,2021,3,13,"2021-03-13","16:35:00",3,"TX",48,0,1,0,0,0,0,32.2066,-101.47,32.2066,-101.47,0,0,0,0,0,227,0,0,0
657665,2021,3,13,"2021-03-13","16:50:00",3,"TX",48,0,2.75,0,0,0,0,35.33,-101.4,35.33,-101.4,0,0,0,0,0,65,0,0,0
657666,2021,3,13,"2021-03-13","17:03:00",3,"TX",48,0,1.5,0,0,0,0,31.6986,-101.5347,31.6986,-101.5347,0,0,0,0,0,173,0,0,0
657667,2021,3,13,"2021-03-13","17:05:00",3,"TX",48,0,1.5,0,0,0,0,31.7044,-101.5329,31.7044,-101.5329,0,0,0,0,0,173,0,0,0
657668,2021,3,13,"2021-03-13","19:27:00",3,"TX",48,0,1,0,0,0,0,35.55,-100.97,35.56,-100.94,0,0,0,0,0,179,0,0,0
657669,2021,3,13,"2021-03-13","19:56:00",3,"TX",48,0,1.25,0,0,0,0,35.55,-100.72,35.55,-100.72,0,0,0,0,0,179,0,0,0
657670,2021,3,13,"2021-03-13","19:56:00",3,"TX",48,0,1.25,0,0,0,0,35.55,-100.72,35.55,-100.72,0,0,0,0,0,179,0,0,0
657671,2021,3,13,"2021-03-13","19:59:00",3,"TX",48,0,1,0,0,0,0,35.69,-100.64,35.69,-100.64,0,0,0,0,0,393,0,0,0
657672,2021,3,13,"2021-03-13","20:44:00",3,"TX",48,0,1,0,0,0,0,35.91,-100.38,35.91,-100.38,0,0,0,0,0,211,0,0,0
657673,2021,3,14,"2021-03-14","15:05:00",3,"MO",29,0,0.75,0,0,0,0,36.78,-92.9,36.78,-92.9,0,0,0,0,0,213,0,0,0
657674,2021,3,14,"2021-03-14","16:15:00",3,"AR",5,0,1.5,0,0,0,0,33.7722,-94.2612,33.7722,-94.2612,0,0,0,0,0,81,0,0,0
657675,2021,3,15,"2021-03-15","13:15:00",3,"CA",6,0,0.25,0,0,0,0,36.43,-121.32,36.43,-121.32,0,0,0,0,0,53,0,0,0
657676,2021,3,15,"2021-03-15","15:04:00",3,"KS",20,0,1,0,0,0,0,38.75,-94.82,38.75,-94.82,0,0,0,0,0,91,0,0,0
657677,2021,3,15,"2021-03-15","15:21:00",3,"KS",20,0,1,0,0,0,0,38.77,-94.78,38.77,-94.78,0,0,0,0,0,91,0,0,0
657678,2021,3,15,"2021-03-15","16:54:00",3,"MO",29,0,0.75,0,0,0,0,38.75,-93.75,38.75,-93.75,0,0,0,0,0,101,0,0,0
657679,2021,3,15,"2021-03-15","16:55:00",3,"MO",29,0,1,0,0,0,0,38.76,-93.74,38.76,-93.74,0,0,0,0,0,101,0,0,0
657680,2021,3,15,"2021-03-15","17:00:00",3,"CA",6,0,0.25,0,0,0,0,37.67,-121.88,37.67,-121.88,0,0,0,0,0,1,0,0,0
657681,2021,3,15,"2021-03-15","17:15:00",3,"MO",29,0,1,0,0,0,0,38.77,-93.57,38.77,-93.57,0,0,0,0,0,101,0,0,0
657682,2021,3,15,"2021-03-15","17:51:00",3,"MO",29,0,1,0,0,0,0,38.69,-93.26,38.69,-93.26,0,0,0,0,0,159,0,0,0
657683,2021,3,15,"2021-03-15","17:54:00",3,"MS",28,0,1,0,0,0,0,32.5,-89.93,32.51,-89.7656,0,0,0,0,0,121,0,0,0
657684,2021,3,15,"2021-03-15","18:10:00",3,"MS",28,0,1.5,0,0,2000,0,32.51,-89.7656,32.5282,-89.631,0,0,0,0,0,123,0,0,0
657685,2021,3,15,"2021-03-15","20:37:00",3,"AL",1,0,1,0,0,0,0,34,-86.02,34,-86.02,0,0,0,0,0,55,0,0,0
657686,2021,3,16,"2021-03-16","01:40:00",3,"TN",47,0,1,0,0,0,0,35.0355,-87.5,35.0355,-87.5,0,0,0,0,0,99,0,0,0
657687,2021,3,16,"2021-03-16","14:32:00",3,"LA",22,0,1.25,0,0,10000,0,32.17,-91.72,32.17,-91.72,0,0,0,0,0,41,0,0,0
657688,2021,3,16,"2021-03-16","15:25:00",3,"LA",22,0,1.25,0,0,2000,0,32.5667,-91.498,32.5667,-91.498,0,0,0,0,0,83,0,0,0
657689,2021,3,16,"2021-03-16","16:06:00",3,"LA",22,0,1,0,0,3000,0,32.86,-91.31,32.86,-91.31,0,0,0,0,0,35,0,0,0
657690,2021,3,16,"2021-03-16","17:45:00",3,"MS",28,0,2,0,0,15000,0,31.84,-90.47,31.83,-90.25,0,0,0,0,0,29,0,0,0
657691,2021,3,16,"2021-03-16","18:09:00",3,"MS",28,0,1.75,0,0,10000,0,33.06,-89.59,33.1,-89.58,0,0,0,0,0,7,0,0,0
657692,2021,3,16,"2021-03-16","18:15:00",3,"TX",48,0,1.75,0,0,0,0,34.22,-100.45,34.22,-100.45,0,0,0,0,0,101,0,0,0
657693,2021,3,16,"2021-03-16","18:55:00",3,"TX",48,0,1.5,0,0,0,0,34.42,-100.2,34.42,-100.2,0,0,0,0,0,75,0,0,0
657694,2021,3,16,"2021-03-16","19:02:00",3,"TX",48,0,1.25,0,0,0,0,34.85,-100.2,34.85,-100.2,0,0,0,0,0,87,0,0,0
657695,2021,3,16,"2021-03-16","20:14:00",3,"TX",48,0,1.75,0,0,0,0,35.89,-100.39,35.89,-100.39,0,0,0,0,0,211,0,0,0
657696,2021,3,16,"2021-03-16","20:25:00",3,"OK",40,0,1,0,0,0,0,34.9,-99.68,34.9,-99.68,0,0,0,0,0,55,0,0,0
657697,2021,3,16,"2021-03-16","20:25:00",3,"OK",40,0,1.75,0,0,0,0,34.88,-99.52,34.88,-99.52,0,0,0,0,0,55,0,0,0
657698,2021,3,16,"2021-03-16","20:30:00",3,"OK",40,0,1,0,0,0,0,34.9,-99.55,34.9,-99.55,0,0,0,0,0,55,0,0,0
657699,2021,3,16,"2021-03-16","20:46:00",3,"TX",48,0,1,0,0,0,0,36.12,-100.03,36.12,-100.03,0,0,0,0,0,295,0,0,0
657700,2021,3,16,"2021-03-16","20:50:00",3,"TX",48,0,1,0,0,0,0,36.03,-100.03,36.03,-100.03,0,0,0,0,0,211,0,0,0
657701,2021,3,16,"2021-03-16","20:57:00",3,"TX",48,0,0.88,0,0,0,0,35.66,-101.4,35.66,-101.4,0,0,0,0,0,233,0,0,0
657702,2021,3,16,"2021-03-16","20:58:00",3,"OK",40,0,1,0,0,0,0,34.96,-99.5,34.96,-99.5,0,0,0,0,0,55,0,0,0
657703,2021,3,16,"2021-03-16","21:00:00",3,"OK",40,0,1,0,0,0,0,34.93,-99.5,34.93,-99.5,0,0,0,0,0,55,0,0,0
657704,2021,3,16,"2021-03-16","21:05:00",3,"OK",40,0,1.75,0,0,0,0,35.01,-99.5,35.01,-99.5,0,0,0,0,0,55,0,0,0
657705,2021,3,16,"2021-03-16","21:27:00",3,"OK",40,0,1.75,0,0,0,0,35,-99.18,35,-99.18,0,0,0,0,0,75,0,0,0
657706,2021,3,16,"2021-03-16","21:40:00",3,"OK",40,0,2.5,0,0,0,0,35.03,-99.09,35.03,-99.09,0,0,0,0,0,75,0,0,0
657707,2021,3,16,"2021-03-16","22:00:00",3,"TX",48,0,0.88,0,0,0,0,36.21,-100.54,36.21,-100.54,0,0,0,0,0,295,0,0,0
657708,2021,3,16,"2021-03-16","22:07:00",3,"TX",48,0,1.5,0,0,0,0,35.56,-100.98,35.56,-100.98,0,0,0,0,0,179,0,0,0
657709,2021,3,16,"2021-03-16","22:10:00",3,"TX",48,0,1,0,0,0,0,35.56,-101.06,35.56,-101.06,0,0,0,0,0,179,0,0,0
657710,2021,3,16,"2021-03-16","22:11:00",3,"TX",48,0,1,0,0,0,0,36.11,-100.57,36.11,-100.57,0,0,0,0,0,357,0,0,0
657711,2021,3,16,"2021-03-16","22:35:00",3,"KS",20,0,1,0,0,0,0,38.5,-96.26,38.5,-96.26,0,0,0,0,0,111,0,0,0
657712,2021,3,16,"2021-03-16","22:42:00",3,"OK",40,0,1.5,0,0,0,0,35.19,-98.74,35.19,-98.74,0,0,0,0,0,149,0,0,0
657713,2021,3,16,"2021-03-16","23:00:00",3,"OK",40,0,1.25,0,0,0,0,35.26,-98.66,35.26,-98.66,0,0,0,0,0,149,0,0,0
657714,2021,3,16,"2021-03-16","23:14:00",3,"OK",40,0,0.88,0,0,0,0,35.38,-98.78,35.38,-98.78,0,0,0,0,0,149,0,0,0
657715,2021,3,16,"2021-03-16","23:16:00",3,"KS",20,0,1,0,0,0,0,38.64,-95.83,38.64,-95.83,0,0,0,0,0,139,0,0,0
657716,2021,3,16,"2021-03-16","23:32:00",3,"AR",5,0,0.88,0,0,0,0,33.2156,-92.6614,33.2156,-92.6614,0,0,0,0,0,139,0,0,0
657717,2021,3,16,"2021-03-16","23:55:00",3,"TX",48,0,1,0,0,0,0,31.42,-100.52,31.42,-100.52,0,0,0,0,0,451,0,0,0
657718,2021,3,16,"2021-03-16","23:55:00",3,"TX",48,0,1,0,0,0,0,31.42,-100.51,31.42,-100.51,0,0,0,0,0,451,0,0,0
657719,2021,3,16,"2021-03-16","23:55:00",3,"TX",48,0,1,0,0,0,0,31.42,-100.51,31.42,-100.51,0,0,0,0,0,451,0,0,0
657720,2021,3,17,"2021-03-17","00:05:00",3,"AR",5,0,1,0,0,0,0,33.37,-92.02,33.37,-92.02,0,0,0,0,0,11,0,0,0
657721,2021,3,17,"2021-03-17","00:08:00",3,"TX",48,0,1.75,0,0,0,0,31.55,-100.32,31.55,-100.32,0,0,0,0,0,451,0,0,0
657722,2021,3,17,"2021-03-17","00:16:00",3,"OK",40,0,1,0,0,0,0,35.73,-98.38,35.73,-98.38,0,0,0,0,0,11,0,0,0
657723,2021,3,17,"2021-03-17","00:25:00",3,"OK",40,0,1.75,0,0,0,0,36.21,-97.99,36.21,-97.99,0,0,0,0,0,47,0,0,0
657724,2021,3,17,"2021-03-17","00:58:00",3,"KS",20,0,0.75,0,0,0,0,37.37,-97.53,37.37,-97.53,0,0,0,0,0,191,0,0,0
657725,2021,3,17,"2021-03-17","01:37:00",3,"TX",48,0,2,0,0,0,0,31.71,-98.99,31.71,-98.99,0,0,0,0,0,49,0,0,0
657726,2021,3,17,"2021-03-17","01:49:00",3,"TX",48,0,1,0,0,0,0,31.83,-98.79,31.83,-98.79,0,0,0,0,0,49,0,0,0
657727,2021,3,17,"2021-03-17","02:09:00",3,"OK",40,0,1,0,0,0,0,36.78,-96.65,36.78,-96.65,0,0,0,0,0,113,0,0,0
657728,2021,3,17,"2021-03-17","02:35:00",3,"TX",48,0,1,0,0,0,0,32.74,-98.07,32.74,-98.07,0,0,0,0,0,363,0,0,0
657729,2021,3,17,"2021-03-17","02:42:00",3,"TX",48,0,1.25,0,0,0,0,32.81,-98.05,32.81,-98.05,0,0,0,0,0,367,0,0,0
657730,2021,3,17,"2021-03-17","02:50:00",3,"TX",48,0,0.75,0,0,0,0,31.48,-98.13,31.48,-98.13,0,0,0,0,0,99,0,0,0
657731,2021,3,17,"2021-03-17","02:52:00",3,"TX",48,0,0.88,0,0,0,0,31.48,-98.15,31.48,-98.15,0,0,0,0,0,193,0,0,0
657732,2021,3,17,"2021-03-17","03:00:00",3,"AR",5,0,1.75,0,0,0,0,35.36,-93.49,35.36,-93.49,0,0,0,0,0,83,0,0,0
657733,2021,3,17,"2021-03-17","03:05:00",3,"AR",5,0,1,0,0,0,0,35.24,-92.95,35.24,-92.95,0,0,0,0,0,115,0,0,0
657734,2021,3,17,"2021-03-17","03:20:00",3,"MO",29,0,0.75,0,0,0,0,38.32,-93.55,38.32,-93.55,0,0,0,0,0,83,0,0,0
657735,2021,3,17,"2021-03-17","03:23:00",3,"TX",48,0,1,0,0,0,0,32.33,-97.44,32.33,-97.44,0,0,0,0,0,251,0,0,0
657736,2021,3,17,"2021-03-17","04:05:00",3,"TX",48,0,1,0,0,0,0,32.96,-96.98,32.96,-96.98,0,0,0,0,0,113,0,0,0
657737,2021,3,17,"2021-03-17","04:05:00",3,"KS",20,0,0.75,0,0,0,0,37.92,-94.9,37.92,-94.9,0,0,0,0,0,11,0,0,0
657738,2021,3,17,"2021-03-17","04:06:00",3,"OK",40,0,0.75,0,0,0,0,36.7434,-95.9779,36.7434,-95.9779,0,0,0,0,0,147,0,0,0
657739,2021,3,17,"2021-03-17","04:11:00",3,"TX",48,0,0.75,0,0,0,0,33.01,-96.92,33.01,-96.92,0,0,0,0,0,121,0,0,0
657740,2021,3,17,"2021-03-17","04:20:00",3,"MO",29,0,1,0,0,0,0,37.55,-94.21,37.55,-94.21,0,0,0,0,0,11,0,0,0
657741,2021,3,17,"2021-03-17","04:20:00",3,"KS",20,0,1,0,0,0,0,38.07,-94.71,38.07,-94.71,0,0,0,0,0,107,0,0,0
657742,2021,3,17,"2021-03-17","04:56:00",3,"AR",5,0,0.75,0,0,0,0,36.3,-91.52,36.3,-91.52,0,0,0,0,0,135,0,0,0
657743,2021,3,17,"2021-03-17","05:25:00",3,"MO",29,0,0.75,0,0,0,0,37.2,-94.46,37.2,-94.46,0,0,0,0,0,97,0,0,0
657744,2021,3,17,"2021-03-17","05:28:00",3,"MO",29,0,0.75,0,0,0,0,37.49,-94.28,37.49,-94.28,0,0,0,0,0,11,0,0,0
657745,2021,3,17,"2021-03-17","05:36:00",3,"KS",20,0,1,0,0,0,0,37.1,-94.63,37.1,-94.63,0,0,0,0,0,21,0,0,0
657746,2021,3,17,"2021-03-17","05:40:00",3,"MS",28,0,1,0,0,0,0,34.825,-89.6839,34.825,-89.6839,0,0,0,0,0,93,0,0,0
657747,2021,3,17,"2021-03-17","05:45:00",3,"TX",48,0,1,0,0,0,0,33.18,-95.233,33.18,-95.233,0,0,0,0,0,159,0,0,0
657748,2021,3,17,"2021-03-17","05:50:00",3,"TX",48,0,1.75,0,0,0,0,33.1885,-95.2204,33.1885,-95.2204,0,0,0,0,0,159,0,0,0
657749,2021,3,17,"2021-03-17","06:08:00",3,"MO",29,0,0.75,0,0,0,0,38.33,-93.18,38.33,-93.18,0,0,0,0,0,15,0,0,0
657750,2021,3,17,"2021-03-17","06:58:00",3,"TX",48,0,0.88,0,0,0,0,33.3326,-94.344,33.3326,-94.344,0,0,0,0,0,37,0,0,0
657751,2021,3,17,"2021-03-17","07:05:00",3,"MO",29,0,1,0,0,0,0,38.6972,-92.5038,38.6972,-92.5038,0,0,0,0,0,135,0,0,0
657752,2021,3,17,"2021-03-17","07:10:00",3,"MO",29,0,1,0,0,0,0,38.6089,-92.3858,38.5983,-92.349,0,0,0,0,0,51,0,0,0
657753,2021,3,17,"2021-03-17","10:07:00",3,"TX",48,0,0.75,0,0,0,0,29.74,-95.54,29.74,-95.54,0,0,0,0,0,201,0,0,0
657754,2021,3,17,"2021-03-17","10:11:00",3,"TX",48,0,0.75,0,0,0,0,29.72,-95.65,29.72,-95.65,0,0,0,0,0,201,0,0,0
657755,2021,3,17,"2021-03-17","10:12:00",3,"TX",48,0,0.75,0,0,0,0,29.75,-95.49,29.75,-95.49,0,0,0,0,0,201,0,0,0
657756,2021,3,17,"2021-03-17","10:12:00",3,"TX",48,0,0.75,0,0,0,0,29.75,-95.49,29.75,-95.49,0,0,0,0,0,201,0,0,0
657757,2021,3,17,"2021-03-17","10:12:00",3,"TX",48,0,1,0,0,0,0,29.7791,-95.4678,29.7791,-95.4678,0,0,0,0,0,201,0,0,0
657758,2021,3,17,"2021-03-17","10:15:00",3,"TX",48,0,0.75,0,0,0,0,29.78,-95.45,29.78,-95.45,0,0,0,0,0,201,0,0,0
657759,2021,3,17,"2021-03-17","11:20:00",3,"AL",1,0,1,0,0,0,0,33.8535,-88.1181,33.8535,-88.1181,0,0,0,0,0,75,0,0,0
657760,2021,3,17,"2021-03-17","12:53:00",3,"OK",40,0,1,0,0,0,0,36.0183,-95.7689,36.0183,-95.7689,0,0,0,0,0,143,0,0,0
657761,2021,3,17,"2021-03-17","12:55:00",3,"AL",1,0,2.5,0,0,0,0,33.32,-87.9,33.32,-87.9,0,0,0,0,0,107,0,0,0
657762,2021,3,17,"2021-03-17","13:00:00",3,"OK",40,0,0.88,0,0,0,0,36.0461,-95.7511,36.0461,-95.7511,0,0,0,0,0,145,0,0,0
657763,2021,3,17,"2021-03-17","13:42:00",3,"OK",40,0,1,0,0,0,0,36.0849,-96.0372,36.0849,-96.0372,0,0,0,0,0,143,0,0,0
657764,2021,3,17,"2021-03-17","14:45:00",3,"MO",29,0,1.25,0,0,0,0,36.6,-94.49,36.6,-94.49,0,0,0,0,0,119,0,0,0
657765,2021,3,17,"2021-03-17","14:54:00",3,"MO",29,0,1,0,0,0,0,36.65,-94.44,36.65,-94.44,0,0,0,0,0,119,0,0,0
657766,2021,3,17,"2021-03-17","14:55:00",3,"MO",29,0,1.75,0,0,25000,0,36.6,-94.38,36.6,-94.38,0,0,0,0,0,119,0,0,0
657767,2021,3,17,"2021-03-17","14:57:00",3,"MO",29,0,1,0,0,0,0,36.6669,-94.4702,36.6669,-94.4702,0,0,0,0,0,119,0,0,0
657768,2021,3,17,"2021-03-17","14:58:00",3,"MO",29,0,1.75,0,0,30000,0,36.65,-94.44,36.65,-94.44,0,0,0,0,0,119,0,0,0
657769,2021,3,17,"2021-03-17","14:59:00",3,"MO",29,0,1,0,0,0,0,36.62,-94.41,36.62,-94.41,0,0,0,0,0,119,0,0,0
657770,2021,3,17,"2021-03-17","15:01:00",3,"MO",29,0,2,0,0,55000,0,36.65,-94.44,36.65,-94.44,0,0,0,0,0,119,0,0,0
657771,2021,3,17,"2021-03-17","15:10:00",3,"AR",5,0,1,0,0,0,0,36.1704,-94.1868,36.1704,-94.1868,0,0,0,0,0,143,0,0,0
657772,2021,3,17,"2021-03-17","15:23:00",3,"MO",29,0,1,0,0,0,0,36.76,-94.26,36.76,-94.26,0,0,0,0,0,145,0,0,0
657773,2021,3,17,"2021-03-17","16:01:00",3,"AR",5,0,1.25,0,0,10000,0,36.4895,-93.9321,36.4895,-93.9321,0,0,0,0,0,7,0,0,0
657774,2021,3,17,"2021-03-17","16:05:00",3,"AR",5,0,1.75,0,0,20000,0,36.4892,-93.9319,36.4892,-93.9319,0,0,0,0,0,7,0,0,0
657775,2021,3,17,"2021-03-17","16:05:00",3,"MO",29,0,1,0,0,0,0,36.78,-94.19,36.78,-94.19,0,0,0,0,0,145,0,0,0
657776,2021,3,17,"2021-03-17","16:06:00",3,"MS",28,0,0.75,0,0,0,0,34.0474,-88.9405,34.0474,-88.9405,0,0,0,0,0,17,0,0,0
657777,2021,3,17,"2021-03-17","16:08:00",3,"MS",28,0,1,0,0,10000,0,33.58,-91.08,33.58,-91.08,0,0,0,0,0,11,0,0,0
657778,2021,3,17,"2021-03-17","16:10:00",3,"MS",28,0,1,0,0,0,0,34.28,-88.83,34.28,-88.83,0,0,0,0,0,115,0,0,0
657779,2021,3,17,"2021-03-17","16:10:00",3,"MS",28,0,1,0,0,0,0,34.1991,-88.9305,34.1991,-88.9305,0,0,0,0,0,115,0,0,0
657780,2021,3,17,"2021-03-17","16:13:00",3,"GA",13,0,1,0,0,0,0,32.1089,-84.3215,32.1089,-84.3215,0,0,0,0,0,261,0,0,0
657781,2021,3,17,"2021-03-17","16:16:00",3,"AR",5,0,0.88,0,0,0,0,36.43,-94.23,36.43,-94.23,0,0,0,0,0,7,0,0,0
657782,2021,3,17,"2021-03-17","16:18:00",3,"MO",29,0,1.25,0,0,0,0,36.52,-93.94,36.52,-93.94,0,0,0,0,0,9,0,0,0
657783,2021,3,17,"2021-03-17","16:21:00",3,"MO",29,0,1,0,0,0,0,36.66,-93.84,36.66,-93.84,0,0,0,0,0,9,0,0,0
657784,2021,3,17,"2021-03-17","16:23:00",3,"MS",28,0,1.5,0,0,0,0,34.32,-88.88,34.32,-88.88,0,0,0,0,0,115,0,0,0
657785,2021,3,17,"2021-03-17","16:25:00",3,"MS",28,0,1,0,0,0,0,34.3466,-88.842,34.3466,-88.842,0,0,0,0,0,115,0,0,0
657786,2021,3,17,"2021-03-17","16:25:00",3,"MS",28,0,1.75,0,0,0,0,34.32,-88.82,34.32,-88.82,0,0,0,0,0,81,0,0,0
657787,2021,3,17,"2021-03-17","16:30:00",3,"MO",29,0,1,0,0,0,0,36.57,-93.82,36.57,-93.82,0,0,0,0,0,9,0,0,0
657788,2021,3,17,"2021-03-17","16:34:00",3,"MO",29,0,1.25,0,0,0,0,36.59,-93.83,36.59,-93.83,0,0,0,0,0,9,0,0,0
657789,2021,3,17,"2021-03-17","16:36:00",3,"MO",29,0,1.25,0,0,0,0,36.84,-93.87,36.84,-93.87,0,0,0,0,0,9,0,0,0
657790,2021,3,17,"2021-03-17","16:42:00",3,"MO",29,0,1,0,0,0,0,36.91,-93.92,36.91,-93.92,0,0,0,0,0,9,0,0,0
657791,2021,3,17,"2021-03-17","16:43:00",3,"MO",29,0,1,0,0,0,0,37.08,-94.02,37.08,-94.02,0,0,0,0,0,109,0,0,0
657792,2021,3,17,"2021-03-17","16:52:00",3,"MO",29,0,2,0,0,40000,0,36.59,-93.83,36.59,-93.83,0,0,0,0,0,9,0,0,0
657793,2021,3,17,"2021-03-17","17:04:00",3,"MO",29,0,1.25,0,0,0,0,37.11,-93.82,37.11,-93.82,0,0,0,0,0,109,0,0,0
657794,2021,3,17,"2021-03-17","17:06:00",3,"MO",29,0,1.75,0,0,0,0,37.08,-93.82,37.08,-93.82,0,0,0,0,0,109,0,0,0
657795,2021,3,17,"2021-03-17","17:06:00",3,"MO",29,0,1,0,0,0,0,37.09,-93.81,37.09,-93.81,0,0,0,0,0,109,0,0,0
657796,2021,3,17,"2021-03-17","17:16:00",3,"MO",29,0,1,0,0,0,0,37.1,-93.81,37.1,-93.81,0,0,0,0,0,109,0,0,0
657797,2021,3,17,"2021-03-17","17:25:00",3,"AR",5,0,0.88,0,0,0,0,35.7835,-90.6035,35.7835,-90.6035,0,0,0,0,0,31,0,0,0
657798,2021,3,17,"2021-03-17","17:27:00",3,"MO",29,0,2,0,0,30000,0,36.84,-93.63,36.84,-93.63,0,0,0,0,0,9,0,0,0
657799,2021,3,17,"2021-03-17","17:56:00",3,"MO",29,0,1,0,0,0,0,37.04,-93.4,37.04,-93.4,0,0,0,0,0,43,0,0,0
657800,2021,3,17,"2021-03-17","17:58:00",3,"MO",29,0,1,0,0,0,0,37.04,-93.31,37.04,-93.31,0,0,0,0,0,43,0,0,0
657801,2021,3,17,"2021-03-17","18:00:00",3,"MO",29,0,1.5,0,0,0,0,36.92,-93.28,36.92,-93.28,0,0,0,0,0,43,0,0,0
657802,2021,3,17,"2021-03-17","18:10:00",3,"MO",29,0,0.88,0,0,0,0,37.02,-93.2,37.02,-93.2,0,0,0,0,0,43,0,0,0
657803,2021,3,17,"2021-03-17","18:10:00",3,"MO",29,0,1,0,0,0,0,37.02,-93.23,37.02,-93.23,0,0,0,0,0,43,0,0,0
657804,2021,3,17,"2021-03-17","18:30:00",3,"MO",29,0,0.88,0,0,0,0,37.17,-93.12,37.17,-93.12,0,0,0,0,0,77,0,0,0
657805,2021,3,17,"2021-03-17","18:58:00",3,"MO",29,0,1,0,0,0,0,37.15,-92.77,37.15,-92.77,0,0,0,0,0,225,0,0,0
657806,2021,3,17,"2021-03-17","19:35:00",3,"MO",29,0,0.88,0,0,0,0,37.33,-92.61,37.33,-92.61,0,0,0,0,0,229,0,0,0
657807,2021,3,18,"2021-03-18","13:20:00",3,"WV",54,0,1,0,0,0,0,38.01,-82.51,38.01,-82.51,0,0,0,0,0,99,0,0,0
657808,2021,3,18,"2021-03-18","13:55:00",3,"KY",21,0,1,0,0,0,0,37.5922,-82.6682,37.5922,-82.6682,0,0,0,0,0,71,0,0,0
657809,2021,3,18,"2021-03-18","14:19:00",3,"KY",21,0,1,0,0,0,0,37.7238,-82.3683,37.7238,-82.3683,0,0,0,0,0,11,0,0,0
657810,2021,3,18,"2021-03-18","14:25:00",3,"TN",47,0,1,0,0,0,0,36.45,-83.57,36.45,-83.57,0,0,0,0,0,25,0,0,0
657811,2021,3,18,"2021-03-18","14:26:00",3,"WV",54,0,1.5,0,0,0,0,37.8,-82.27,37.8,-82.27,0,0,0,0,0,59,0,0,0
657812,2021,3,18,"2021-03-18","14:27:00",3,"WV",54,0,0.75,0,0,0,0,37.74,-82.33,37.74,-82.33,0,0,0,0,0,59,0,0,0
657813,2021,3,18,"2021-03-18","14:43:00",3,"WV",54,0,1.5,0,0,0,0,37.8,-82.28,37.8,-82.28,0,0,0,0,0,59,0,0,0
657814,2021,3,18,"2021-03-18","14:48:00",3,"WV",54,0,1.75,0,0,0,0,37.78,-82.16,37.78,-82.16,0,0,0,0,0,59,0,0,0
657815,2021,3,18,"2021-03-18","15:04:00",3,"OH",39,0,1.5,0,0,0,0,38.77,-82.35,38.77,-82.35,0,0,0,0,0,53,0,0,0
657816,2021,3,18,"2021-03-18","15:28:00",3,"NC",37,0,1,0,0,0,0,36.19,-81.87,36.19,-81.87,0,0,0,0,0,11,0,0,0
657817,2021,3,18,"2021-03-18","15:40:00",3,"OH",39,0,1.25,0,0,0,0,38.82,-82.19,38.82,-82.19,0,0,0,0,0,53,0,0,0
657818,2021,3,18,"2021-03-18","15:40:00",3,"NC",37,0,1,0,0,0,0,36.27,-81.77,36.27,-81.77,0,0,0,0,0,189,0,0,0
657819,2021,3,18,"2021-03-18","15:51:00",3,"WV",54,0,0.88,0,0,0,0,39.52,-80.39,39.52,-80.39,0,0,0,0,0,49,0,0,0
657820,2021,3,18,"2021-03-18","15:59:00",3,"VA",51,0,1,0,0,0,0,36.72,-77.2,36.72,-77.2,0,0,0,0,0,175,0,0,0
657821,2021,3,18,"2021-03-18","16:00:00",3,"WV",54,0,1,0,0,0,0,39.46,-80.22,39.46,-80.22,0,0,0,0,0,49,0,0,0
657822,2021,3,18,"2021-03-18","16:00:00",3,"WV",54,0,0.75,0,0,0,0,37.66,-81.6,37.66,-81.6,0,0,0,0,0,109,0,0,0
657823,2021,3,18,"2021-03-18","16:03:00",3,"VA",51,0,1,0,0,0,0,37.03,-76.61,37.03,-76.61,0,0,0,0,0,93,0,0,0
657824,2021,3,18,"2021-03-18","16:07:00",3,"WV",54,0,0.88,0,0,0,0,38.4,-82.32,38.4,-82.32,0,0,0,0,0,11,0,0,0
657825,2021,3,18,"2021-03-18","16:09:00",3,"VA",51,0,1,0,0,0,0,37.08,-76.45,37.08,-76.45,0,0,0,0,0,700,0,0,0
657826,2021,3,18,"2021-03-18","16:15:00",3,"VA",51,0,1.25,0,0,0,0,37.11,-76.42,37.11,-76.42,0,0,0,0,0,199,0,0,0
657827,2021,3,18,"2021-03-18","16:17:00",3,"VA",51,0,1.75,0,0,0,0,37.09,-76.42,37.09,-76.42,0,0,0,0,0,650,0,0,0
657828,2021,3,18,"2021-03-18","16:18:00",3,"VA",51,0,1,0,0,0,0,37.11,-76.43,37.11,-76.43,0,0,0,0,0,199,0,0,0
657829,2021,3,18,"2021-03-18","16:20:00",3,"WV",54,0,2,0,0,10000,0,37.65,-81.46,37.65,-81.46,0,0,0,0,0,109,0,0,0
657830,2021,3,18,"2021-03-18","16:22:00",3,"VA",51,0,1,0,0,0,0,37.08,-76.37,37.08,-76.37,0,0,0,0,0,650,0,0,0
657831,2021,3,18,"2021-03-18","16:25:00",3,"VA",51,0,1.25,0,0,0,0,37.07,-76.32,37.07,-76.32,0,0,0,0,0,650,0,0,0
657832,2021,3,18,"2021-03-18","16:30:00",3,"WV",54,0,1.5,0,0,0,0,37.67,-81.37,37.67,-81.37,0,0,0,0,0,81,0,0,0
657833,2021,3,18,"2021-03-18","16:45:00",3,"WV",54,0,1,0,0,0,0,37.71,-81.25,37.71,-81.25,0,0,0,0,0,81,0,0,0
657834,2021,3,18,"2021-03-18","16:52:00",3,"VA",51,0,1.75,0,0,0,0,37.0601,-81.5292,37.0601,-81.5292,0,0,0,0,0,185,0,0,0
657835,2021,3,18,"2021-03-18","16:52:00",3,"VA",51,0,1,0,0,0,0,37.0799,-81.5408,37.0799,-81.5408,0,0,0,0,0,185,0,0,0
657836,2021,3,18,"2021-03-18","17:30:00",3,"WV",54,0,0.88,0,0,0,0,37.6634,-80.973,37.6634,-80.973,0,0,0,0,0,89,0,0,0
657837,2021,3,18,"2021-03-18","17:40:00",3,"SC",45,0,0.25,0,0,10,10,34.6502,-80.389,34.6502,-80.389,0,0,0,0,0,25,0,0,0
657838,2021,3,18,"2021-03-18","17:51:00",3,"SC",45,0,0.88,0,0,0,0,34.7,-80.28,34.7,-80.28,0,0,0,0,0,25,0,0,0
657839,2021,3,18,"2021-03-18","18:30:00",3,"WV",54,0,1,0,0,0,0,37.5855,-80.5469,37.5855,-80.5469,0,0,0,0,0,63,0,0,0
657840,2021,3,22,"2021-03-22","12:55:00",3,"NM",35,0,0.75,0,0,0,0,33.37,-104.53,33.37,-104.53,0,0,0,0,0,5,0,0,0
657841,2021,3,22,"2021-03-22","13:13:00",3,"TX",48,0,1,0,0,0,0,33.67,-101.25,33.67,-101.25,0,0,0,0,0,107,0,0,0
657842,2021,3,22,"2021-03-22","14:10:00",3,"TX",48,0,0.75,0,0,0,0,33.9965,-100.6143,33.9965,-100.6143,0,0,0,0,0,345,0,0,0
657843,2021,3,22,"2021-03-22","17:40:00",3,"TX",48,0,1,0,0,0,0,31.13,-98.75,31.13,-98.75,0,0,0,0,0,411,0,0,0
657844,2021,3,22,"2021-03-22","17:43:00",3,"TX",48,0,1,0,0,0,0,31.14,-98.72,31.14,-98.72,0,0,0,0,0,411,0,0,0
657845,2021,3,22,"2021-03-22","18:30:00",3,"TX",48,0,1.5,0,0,0,0,31.3,-98.17,31.3,-98.17,0,0,0,0,0,281,0,0,0
657846,2021,3,22,"2021-03-22","18:45:00",3,"TX",48,0,1.5,0,0,0,0,31.29,-98.06,31.29,-98.06,0,0,0,0,0,99,0,0,0
657847,2021,3,22,"2021-03-22","20:19:00",3,"TX",48,0,1.75,0,0,0,0,30.78,-98.39,30.78,-98.39,0,0,0,0,0,53,0,0,0
657848,2021,3,22,"2021-03-22","20:24:00",3,"TX",48,0,2.5,0,0,0,0,30.8,-98.38,30.8,-98.38,0,0,0,0,0,53,0,0,0
657849,2021,3,22,"2021-03-22","20:25:00",3,"TX",48,0,1.75,0,0,0,0,30.82,-98.36,30.82,-98.36,0,0,0,0,0,53,0,0,0
657850,2021,3,22,"2021-03-22","20:25:00",3,"TX",48,0,3,0,0,5000,0,30.83,-98.26,30.83,-98.26,0,0,0,0,0,53,0,0,0
657851,2021,3,22,"2021-03-22","20:30:00",3,"TX",48,0,3,0,0,0,0,30.81,-98.25,30.81,-98.25,0,0,0,0,0,53,0,0,0
657852,2021,3,22,"2021-03-22","20:35:00",3,"TX",48,0,1,0,0,0,0,31.74,-97.56,31.74,-97.56,0,0,0,0,0,35,0,0,0
657853,2021,3,22,"2021-03-22","20:36:00",3,"TX",48,0,0.75,0,0,0,0,32.84,-96.81,32.84,-96.81,0,0,0,0,0,113,0,0,0
657854,2021,3,22,"2021-03-22","20:37:00",3,"TX",48,0,1.5,0,0,0,0,30.83,-98.26,30.83,-98.26,0,0,0,0,0,53,0,0,0
657855,2021,3,22,"2021-03-22","21:03:00",3,"TX",48,0,0.88,0,0,0,0,32.8478,-96.6178,32.8478,-96.6178,0,0,0,0,0,113,0,0,0
657856,2021,3,22,"2021-03-22","21:05:00",3,"TX",48,0,1.75,0,0,2000,0,30.74,-98.05,30.74,-98.05,0,0,0,0,0,53,0,0,0
657857,2021,3,22,"2021-03-22","21:10:00",3,"TX",48,0,1,0,0,0,0,32.93,-96.53,32.93,-96.53,0,0,0,0,0,113,0,0,0
657858,2021,3,22,"2021-03-22","21:18:00",3,"TX",48,0,1,0,0,0,0,31.84,-97.09,31.84,-97.09,0,0,0,0,0,217,0,0,0
657859,2021,3,22,"2021-03-22","21:24:00",3,"TX",48,0,1,0,0,0,0,33.07,-96.23,33.07,-96.23,0,0,0,0,0,231,0,0,0
657860,2021,3,22,"2021-03-22","21:50:00",3,"TX",48,0,1,0,0,0,0,30.73,-97.58,30.73,-97.58,0,0,0,0,0,491,0,0,0
657861,2021,3,22,"2021-03-22","22:14:00",3,"TX",48,0,0.75,0,0,0,0,30.24,-97.92,30.24,-97.92,0,0,0,0,0,453,0,0,0
657862,2021,3,22,"2021-03-22","22:47:00",3,"TX",48,0,1,0,0,0,0,30.1,-99.16,30.1,-99.16,0,0,0,0,0,265,0,0,0
657863,2021,3,22,"2021-03-22","22:50:00",3,"TX",48,0,2,0,0,0,0,29.74,-99.76,29.74,-99.76,0,0,0,0,0,385,0,0,0
657864,2021,3,22,"2021-03-22","22:55:00",3,"TX",48,0,1,0,0,0,0,29.77,-99.7,29.77,-99.7,0,0,0,0,0,385,0,0,0
657865,2021,3,22,"2021-03-22","23:56:00",3,"TX",48,0,1.75,0,0,0,0,29.95,-98.42,29.95,-98.42,0,0,0,0,0,31,0,0,0
657866,2021,3,23,"2021-03-23","00:04:00",3,"TX",48,0,1,0,0,0,0,29.79,-98.71,29.79,-98.71,0,0,0,0,0,259,0,0,0
657867,2021,3,23,"2021-03-23","00:05:00",3,"TX",48,0,1.75,0,0,0,0,29.9,-98.3,29.9,-98.3,0,0,0,0,0,91,0,0,0
657868,2021,3,23,"2021-03-23","00:07:00",3,"TX",48,0,1,0,0,0,0,29.79,-98.75,29.79,-98.75,0,0,0,0,0,259,0,0,0
657869,2021,3,23,"2021-03-23","00:29:00",3,"TX",48,0,2,0,0,0,0,29.79,-98.07,29.79,-98.07,0,0,0,0,0,91,0,0,0
657870,2021,3,23,"2021-03-23","00:30:00",3,"TX",48,0,1.75,0,0,0,0,29.78,-98.06,29.78,-98.06,0,0,0,0,0,91,0,0,0
657871,2021,3,23,"2021-03-23","00:31:00",3,"TX",48,0,0.75,0,0,0,0,29.9,-98,29.9,-98,0,0,0,0,0,209,0,0,0
657872,2021,3,23,"2021-03-23","00:34:00",3,"TX",48,0,1,0,0,0,0,29.89,-97.94,29.89,-97.94,0,0,0,0,0,209,0,0,0
657873,2021,3,23,"2021-03-23","00:44:00",3,"TX",48,0,1,0,0,0,0,29.43,-98.75,29.43,-98.75,0,0,0,0,0,29,0,0,0
657874,2021,3,23,"2021-03-23","00:47:00",3,"TX",48,0,0.75,0,0,0,0,29.39,-98.71,29.39,-98.71,0,0,0,0,0,29,0,0,0
657875,2021,3,23,"2021-03-23","00:52:00",3,"TX",48,0,1.5,0,0,0,0,29.86,-97.86,29.86,-97.86,0,0,0,0,0,55,0,0,0
657876,2021,3,23,"2021-03-23","00:55:00",3,"TX",48,0,1.5,0,0,0,0,29.78,-97.79,29.78,-97.79,0,0,0,0,0,55,0,0,0
657877,2021,3,23,"2021-03-23","02:02:00",3,"TX",48,0,1,0,0,0,0,29.57,-97.17,29.57,-97.17,0,0,0,0,0,285,0,0,0
657878,2021,3,24,"2021-03-24","14:10:00",3,"MS",28,0,1,0,0,0,0,31.09,-91.07,31.09,-91.07,0,0,0,0,0,157,0,0,0
657879,2021,3,24,"2021-03-24","15:25:00",3,"TX",48,0,1.75,0,0,0,0,31.36,-98.96,31.36,-98.96,0,0,0,0,0,411,0,0,0
657880,2021,3,24,"2021-03-24","16:27:00",3,"TX",48,0,1.75,0,0,10000,0,31.4539,-98.5778,31.4539,-98.5778,0,0,0,0,0,333,0,0,0
657881,2021,3,24,"2021-03-24","16:30:00",3,"TX",48,0,1.5,0,0,0,0,32.5349,-96.6589,32.5349,-96.6589,0,0,0,0,0,139,0,0,0
657882,2021,3,24,"2021-03-24","16:34:00",3,"TX",48,0,1.5,0,0,0,0,32.3573,-96.1453,32.3573,-96.1453,0,0,0,0,0,257,0,0,0
657883,2021,3,24,"2021-03-24","16:50:00",3,"TX",48,0,1.25,0,0,0,0,32.48,-96.09,32.48,-96.09,0,0,0,0,0,257,0,0,0
657884,2021,3,24,"2021-03-24","16:57:00",3,"TX",48,0,1,0,0,0,0,32.71,-96.57,32.71,-96.57,0,0,0,0,0,113,0,0,0
657885,2021,3,24,"2021-03-24","17:04:00",3,"TX",48,0,1.75,0,0,5000,0,32.55,-96.03,32.55,-96.03,0,0,0,0,0,467,0,0,0
657886,2021,3,24,"2021-03-24","17:07:00",3,"TX",48,0,1,0,0,0,0,32.64,-96.46,32.64,-96.46,0,0,0,0,0,257,0,0,0
657887,2021,3,24,"2021-03-24","17:10:00",3,"TX",48,0,1.75,0,0,5000,0,32.57,-96.06,32.57,-96.06,0,0,0,0,0,467,0,0,0
657888,2021,3,24,"2021-03-24","17:25:00",3,"TX",48,0,2.5,0,0,75000,0,32.6341,-95.8774,32.6341,-95.8774,0,0,0,0,0,467,0,0,0
657889,2021,3,24,"2021-03-24","17:38:00",3,"TX",48,0,1,0,0,0,0,31.7,-98.13,31.7,-98.13,0,0,0,0,0,193,0,0,0
657890,2021,3,24,"2021-03-24","18:20:00",3,"TX",48,0,1.75,0,0,0,0,32.93,-95.5753,32.93,-95.5753,0,0,0,0,0,499,0,0,0
657891,2021,3,24,"2021-03-24","18:28:00",3,"TX",48,0,1.5,0,0,0,0,33.1753,-95.2278,33.1753,-95.2278,0,0,0,0,0,159,0,0,0
657892,2021,3,24,"2021-03-24","18:29:00",3,"TX",48,0,1,0,0,0,0,32.98,-95.59,32.98,-95.59,0,0,0,0,0,223,0,0,0
657893,2021,3,24,"2021-03-24","18:55:00",3,"TX",48,0,1.25,0,0,0,0,31.9,-97.65,31.9,-97.65,0,0,0,0,0,35,0,0,0
657894,2021,3,24,"2021-03-24","19:40:00",3,"TX",48,0,1,0,0,0,0,33.1,-98.25,33.1,-98.25,0,0,0,0,0,237,0,0,0
657895,2021,3,24,"2021-03-24","19:45:00",3,"TX",48,0,1,0,0,0,0,33.21,-98.19,33.21,-98.19,0,0,0,0,0,237,0,0,0
657896,2021,3,24,"2021-03-24","19:52:00",3,"TX",48,0,2,0,0,2e+07,0,32.91,-97.36,32.91,-97.36,0,0,0,0,0,439,0,0,0
657897,2021,3,24,"2021-03-24","19:55:00",3,"TX",48,0,2.5,0,0,5e+07,0,32.93,-97.35,32.93,-97.35,0,0,0,0,0,439,0,0,0
657898,2021,3,24,"2021-03-24","19:55:00",3,"TX",48,0,3,0,0,5.8e+07,0,32.9234,-97.3739,32.9234,-97.3739,0,0,0,0,0,439,0,0,0
657899,2021,3,24,"2021-03-24","19:56:00",3,"TX",48,0,3,0,0,5.8e+07,0,32.96,-97.34,32.96,-97.34,0,0,0,0,0,439,0,0,0
657900,2021,3,24,"2021-03-24","19:57:00",3,"TX",48,0,1.25,0,0,0,0,32.92,-97.34,32.92,-97.34,0,0,0,0,0,439,0,0,0
657901,2021,3,24,"2021-03-24","20:00:00",3,"TX",48,0,2,0,0,5e+07,0,32.93,-97.36,32.93,-97.36,0,0,0,0,0,439,0,0,0
657902,2021,3,24,"2021-03-24","20:02:00",3,"TX",48,0,2,0,0,5.8e+07,0,32.97,-97.32,32.97,-97.32,0,0,0,0,0,439,0,0,0
657903,2021,3,24,"2021-03-24","20:02:00",3,"TX",48,0,1.75,0,0,5.8e+07,0,32.96,-97.31,32.96,-97.31,0,0,0,0,0,439,0,0,0
657904,2021,3,24,"2021-03-24","20:08:00",3,"LA",22,0,1,0,0,0,0,30.83,-91.21,30.83,-91.21,0,0,0,0,0,37,0,0,0
657905,2021,3,24,"2021-03-24","20:09:00",3,"TX",48,0,1.25,0,0,0,0,32.98,-97.28,32.98,-97.28,0,0,0,0,0,439,0,0,0
657906,2021,3,24,"2021-03-24","20:09:00",3,"TX",48,0,1,0,0,0,0,32.97,-97.24,32.97,-97.24,0,0,0,0,0,439,0,0,0
657907,2021,3,24,"2021-03-24","20:12:00",3,"TX",48,0,1.25,0,0,0,0,33,-97.26,33,-97.26,0,0,0,0,0,121,0,0,0
657908,2021,3,24,"2021-03-24","20:17:00",3,"TX",48,0,2,0,0,5e+07,0,33.05,-97.27,33.05,-97.27,0,0,0,0,0,121,0,0,0
657909,2021,3,24,"2021-03-24","20:17:00",3,"TX",48,0,1.5,0,0,0,0,33.02,-97.27,33.02,-97.27,0,0,0,0,0,121,0,0,0
657910,2021,3,24,"2021-03-24","20:20:00",3,"TX",48,0,2.5,0,0,6e+07,0,33.0542,-97.2031,33.0542,-97.2031,0,0,0,0,0,121,0,0,0
657911,2021,3,24,"2021-03-24","20:22:00",3,"TX",48,0,0.75,0,0,0,0,33.53,-97.57,33.53,-97.57,0,0,0,0,0,337,0,0,0
657912,2021,3,24,"2021-03-24","20:36:00",3,"TX",48,0,1,0,0,0,0,33.02,-97.19,33.02,-97.19,0,0,0,0,0,121,0,0,0
657913,2021,3,24,"2021-03-24","20:40:00",3,"AR",5,0,1.75,0,0,0,0,33.788,-94.3899,33.788,-94.3899,0,0,0,0,0,81,0,0,0
657914,2021,3,24,"2021-03-24","20:42:00",3,"AR",5,0,1.25,0,0,0,0,33.7234,-94.3967,33.7234,-94.3967,0,0,0,0,0,81,0,0,0
657915,2021,3,24,"2021-03-24","20:42:00",3,"AR",5,0,1.75,0,0,0,0,33.8344,-94.344,33.8344,-94.344,0,0,0,0,0,81,0,0,0
657916,2021,3,24,"2021-03-24","20:45:00",3,"TX",48,0,1,0,0,0,0,33.11,-97.12,33.11,-97.12,0,0,0,0,0,121,0,0,0
657917,2021,3,24,"2021-03-24","21:08:00",3,"TX",48,0,1,0,0,0,0,30.78,-99.77,30.78,-99.77,0,0,0,0,0,327,0,0,0
657918,2021,3,24,"2021-03-24","21:08:00",3,"TX",48,0,1.5,0,0,0,0,33.16,-96.94,33.16,-96.94,0,0,0,0,0,121,0,0,0
657919,2021,3,24,"2021-03-24","21:23:00",3,"TX",48,0,1.75,0,0,5e+05,0,33.22,-96.88,33.22,-96.88,0,0,0,0,0,121,0,0,0
657920,2021,3,24,"2021-03-24","21:30:00",3,"AR",5,0,1.75,0,0,0,0,34.121,-94.0166,34.121,-94.0166,0,0,0,0,0,61,0,0,0
657921,2021,3,24,"2021-03-24","21:30:00",3,"TX",48,0,2.75,0,0,0,0,30.53,-99.84,30.53,-99.84,0,0,0,0,0,267,0,0,0
657922,2021,3,24,"2021-03-24","21:35:00",3,"TX",48,0,2.75,0,0,0,0,30.45,-99.81,30.45,-99.81,0,0,0,0,0,267,0,0,0
657923,2021,3,24,"2021-03-24","21:37:00",3,"TX",48,0,0.75,0,0,0,0,33.21,-96.77,33.21,-96.77,0,0,0,0,0,85,0,0,0
657924,2021,3,24,"2021-03-24","21:38:00",3,"TX",48,0,1.75,0,0,0,0,30.49,-99.77,30.49,-99.77,0,0,0,0,0,267,0,0,0
657925,2021,3,24,"2021-03-24","21:49:00",3,"TX",48,0,1.5,0,0,0,0,30.43,-99.67,30.43,-99.67,0,0,0,0,0,267,0,0,0
657926,2021,3,24,"2021-03-24","22:00:00",3,"TX",48,0,0.75,0,0,0,0,33.2,-96.64,33.2,-96.64,0,0,0,0,0,85,0,0,0
657927,2021,3,24,"2021-03-24","22:08:00",3,"TX",48,0,1,0,0,0,0,32.5,-96.34,32.5,-96.34,0,0,0,0,0,257,0,0,0
657928,2021,3,24,"2021-03-24","22:29:00",3,"TX",48,0,1.5,0,0,0,0,32.56,-96.31,32.56,-96.31,0,0,0,0,0,257,0,0,0
657929,2021,3,24,"2021-03-24","22:42:00",3,"TX",48,0,1,0,0,0,0,32.56,-96.21,32.56,-96.21,0,0,0,0,0,257,0,0,0
657930,2021,3,24,"2021-03-24","22:58:00",3,"TX",48,0,1,0,0,0,0,29.45,-100.96,29.45,-100.96,0,0,0,0,0,465,0,0,0
657931,2021,3,24,"2021-03-24","23:11:00",3,"TX",48,0,0.75,0,0,0,0,29.41,-100.9,29.41,-100.9,0,0,0,0,0,465,0,0,0
657932,2021,3,24,"2021-03-24","23:20:00",3,"AR",5,0,1.25,0,0,0,0,34.2,-92.7,34.2,-92.7,0,0,0,0,0,59,0,0,0
657933,2021,3,24,"2021-03-24","23:20:00",3,"AR",5,0,1.25,0,0,0,0,34.2,-92.79,34.2,-92.79,0,0,0,0,0,59,0,0,0
657934,2021,3,24,"2021-03-24","23:42:00",3,"TX",48,0,0.75,0,0,0,0,30.59,-98.7,30.59,-98.7,0,0,0,0,0,299,0,0,0
657935,2021,3,24,"2021-03-24","23:50:00",3,"TX",48,0,2,0,0,0,0,29.73,-100.04,29.73,-100.04,0,0,0,0,0,137,0,0,0
657936,2021,3,25,"2021-03-25","00:23:00",3,"TX",48,0,1.75,0,0,0,0,29.73,-99.76,29.73,-99.76,0,0,0,0,0,385,0,0,0
657937,2021,3,25,"2021-03-25","00:27:00",3,"TX",48,0,1.5,0,0,0,0,29.72,-99.76,29.72,-99.76,0,0,0,0,0,385,0,0,0
657938,2021,3,25,"2021-03-25","00:29:00",3,"TX",48,0,0.75,0,0,0,0,31.66,-97.33,31.66,-97.33,0,0,0,0,0,309,0,0,0
657939,2021,3,25,"2021-03-25","00:30:00",3,"TX",48,0,1,0,0,0,0,29.73,-99.76,29.73,-99.76,0,0,0,0,0,385,0,0,0
657940,2021,3,25,"2021-03-25","00:45:00",3,"TX",48,0,2,0,0,0,0,29.73,-99.76,29.73,-99.76,0,0,0,0,0,385,0,0,0
657941,2021,3,25,"2021-03-25","03:08:00",3,"TX",48,0,0.75,0,0,0,0,30.18,-97.84,30.18,-97.84,0,0,0,0,0,453,0,0,0
657942,2021,3,25,"2021-03-25","03:11:00",3,"TX",48,0,1,0,0,0,0,30.22,-97.77,30.22,-97.77,0,0,0,0,0,453,0,0,0
657943,2021,3,25,"2021-03-25","03:15:00",3,"TX",48,0,0.75,0,0,0,0,30.26,-97.75,30.26,-97.75,0,0,0,0,0,453,0,0,0
657944,2021,3,25,"2021-03-25","03:17:00",3,"TX",48,0,1,0,0,0,0,30.28,-97.74,30.28,-97.74,0,0,0,0,0,453,0,0,0
657945,2021,3,25,"2021-03-25","03:17:00",3,"TX",48,0,1.25,0,0,0,0,30.2953,-97.7369,30.2953,-97.7369,0,0,0,0,0,453,0,0,0
657946,2021,3,25,"2021-03-25","03:20:00",3,"TX",48,0,0.88,0,0,0,0,30.3,-97.75,30.3,-97.75,0,0,0,0,0,453,0,0,0
657947,2021,3,25,"2021-03-25","03:21:00",3,"TX",48,0,2,0,0,0,0,30.32,-97.69,30.32,-97.69,0,0,0,0,0,453,0,0,0
657948,2021,3,25,"2021-03-25","03:21:00",3,"TX",48,0,2,0,0,0,0,30.35,-97.65,30.35,-97.65,0,0,0,0,0,453,0,0,0
657949,2021,3,25,"2021-03-25","03:23:00",3,"TX",48,0,1.25,0,0,0,0,30.31,-97.71,30.31,-97.71,0,0,0,0,0,453,0,0,0
657950,2021,3,25,"2021-03-25","03:27:00",3,"TX",48,0,1.5,0,0,0,0,30.33,-97.66,30.33,-97.66,0,0,0,0,0,453,0,0,0
657951,2021,3,25,"2021-03-25","03:28:00",3,"TX",48,0,2,0,0,0,0,30.3759,-97.632,30.3759,-97.632,0,0,0,0,0,453,0,0,0
657952,2021,3,25,"2021-03-25","03:32:00",3,"TX",48,0,1.75,0,0,0,0,30.33,-97.7,30.33,-97.7,0,0,0,0,0,453,0,0,0
657953,2021,3,25,"2021-03-25","04:08:00",3,"TX",48,0,0.88,0,0,0,0,30.66,-97.01,30.66,-97.01,0,0,0,0,0,331,0,0,0
657954,2021,3,25,"2021-03-25","08:25:00",3,"AL",1,0,1,0,0,0,0,34.4,-86.02,34.4,-86.02,0,0,0,0,0,49,0,0,0
657955,2021,3,25,"2021-03-25","10:24:00",3,"AL",1,0,1,0,0,0,0,33.92,-85.47,33.92,-85.47,0,0,0,0,0,29,0,0,0
657956,2021,3,25,"2021-03-25","10:35:00",3,"GA",13,0,1,0,0,0,0,33.986,-85.2544,33.986,-85.2544,0,0,0,0,0,233,0,0,0
657957,2021,3,25,"2021-03-25","10:48:00",3,"AL",1,0,1.75,0,0,0,0,33.64,-86.81,33.64,-86.81,0,0,0,0,0,73,0,0,0
657958,2021,3,25,"2021-03-25","10:59:00",3,"AL",1,0,1,0,0,0,0,33.68,-86.68,33.68,-86.68,0,0,0,0,0,73,0,0,0
657959,2021,3,25,"2021-03-25","11:15:00",3,"GA",13,0,1,0,0,0,0,34.05,-84.65,34.05,-84.65,0,0,0,0,0,67,0,0,0
657960,2021,3,25,"2021-03-25","11:45:00",3,"MS",28,0,1.75,0,0,50000,0,32.5,-89.5,32.5,-89.5,0,0,0,0,0,123,0,0,0
657961,2021,3,25,"2021-03-25","11:53:00",3,"MS",28,0,1.75,0,0,75000,0,32.6,-89.46,32.678,-89.3526,0,0,0,0,0,79,0,0,0
657962,2021,3,25,"2021-03-25","14:36:00",3,"SC",45,0,1,0,0,0,0,34.52,-82,34.52,-82,0,0,0,0,0,59,0,0,0
657963,2021,3,25,"2021-03-25","14:40:00",3,"TN",47,0,0.88,0,0,0,0,35.6307,-85.8822,35.6307,-85.8822,0,0,0,0,0,177,0,0,0
657964,2021,3,25,"2021-03-25","14:40:00",3,"MS",28,0,1,0,0,0,0,31.6,-89.87,31.6,-89.87,0,0,0,0,0,65,0,0,0
657965,2021,3,25,"2021-03-25","14:48:00",3,"MS",28,0,2.75,0,0,25000,0,31.67,-89.74,31.67,-89.74,0,0,0,0,0,31,0,0,0
657966,2021,3,25,"2021-03-25","15:00:00",3,"MS",28,0,1.25,0,0,15000,0,31.92,-89.81,31.92,-89.81,0,0,0,0,0,127,0,0,0
657967,2021,3,25,"2021-03-25","15:10:00",3,"TN",47,0,1,0,0,0,0,35.87,-87.1,35.87,-87.1,0,0,0,0,0,187,0,0,0
657968,2021,3,25,"2021-03-25","15:10:00",3,"SC",45,0,1,0,0,0,0,34.61,-81.5,34.61,-81.5,0,0,0,0,0,87,0,0,0
657969,2021,3,25,"2021-03-25","15:15:00",3,"TN",47,0,1,0,0,0,0,35.9255,-86.9272,35.9255,-86.9272,0,0,0,0,0,187,0,0,0
657970,2021,3,25,"2021-03-25","15:20:00",3,"TN",47,0,1.25,0,0,0,0,35.9996,-86.8857,35.9996,-86.8857,0,0,0,0,0,187,0,0,0
657971,2021,3,25,"2021-03-25","15:28:00",3,"TN",47,0,1.5,0,0,0,0,36.1059,-86.8139,36.1059,-86.8139,0,0,0,0,0,37,0,0,0
657972,2021,3,25,"2021-03-25","15:28:00",3,"SC",45,0,1,0,0,0,0,34.55,-81.25,34.55,-81.25,0,0,0,0,0,39,0,0,0
657973,2021,3,25,"2021-03-25","15:29:00",3,"TN",47,0,1.5,0,0,0,0,36.1177,-86.8012,36.1177,-86.8012,0,0,0,0,0,37,0,0,0
657974,2021,3,25,"2021-03-25","15:30:00",3,"TN",47,0,1.25,0,0,0,0,36.07,-86.85,36.07,-86.85,0,0,0,0,0,37,0,0,0
657975,2021,3,25,"2021-03-25","15:33:00",3,"SC",45,0,0.88,0,0,0,0,34.56,-81.15,34.56,-81.15,0,0,0,0,0,39,0,0,0
657976,2021,3,25,"2021-03-25","15:36:00",3,"TN",47,0,1.25,0,0,0,0,36.2321,-86.7511,36.2321,-86.7511,0,0,0,0,0,37,0,0,0
657977,2021,3,25,"2021-03-25","15:42:00",3,"TN",47,0,1,0,0,0,0,36.32,-86.72,36.32,-86.72,0,0,0,0,0,37,0,0,0
657978,2021,3,25,"2021-03-25","15:51:00",3,"TN",47,0,1.5,0,0,0,0,36.45,-86.53,36.45,-86.53,0,0,0,0,0,165,0,0,0
657979,2021,3,25,"2021-03-25","15:52:00",3,"TN",47,0,2,0,0,0,0,36.4942,-86.593,36.4942,-86.593,0,0,0,0,0,165,0,0,0
657980,2021,3,25,"2021-03-25","15:57:00",3,"TN",47,0,1.5,0,0,0,0,36.58,-86.52,36.58,-86.52,0,0,0,0,0,165,0,0,0
657981,2021,3,25,"2021-03-25","16:02:00",3,"SC",45,0,0.7,0,0,10,10,34.58,-80.81,34.58,-80.81,0,0,0,0,0,57,0,0,0
657982,2021,3,25,"2021-03-25","17:05:00",3,"MS",28,0,1,0,0,0,0,31.974,-88.718,31.974,-88.718,0,0,0,0,0,23,0,0,0
657983,2021,3,25,"2021-03-25","17:18:00",3,"KY",21,0,1,0,0,0,0,37.83,-85.63,37.83,-85.63,0,0,0,0,0,179,0,0,0
657984,2021,3,25,"2021-03-25","17:20:00",3,"KY",21,0,1,0,0,0,0,37.9,-85.56,37.9,-85.56,0,0,0,0,0,179,0,0,0
657985,2021,3,25,"2021-03-25","17:22:00",3,"TN",47,0,1.25,0,0,0,0,35.37,-88.6,35.37,-88.6,0,0,0,0,0,109,0,0,0
657986,2021,3,25,"2021-03-25","17:30:00",3,"TN",47,0,1,0,0,0,0,35.1397,-88.5742,35.1397,-88.5742,0,0,0,0,0,109,0,0,0
657987,2021,3,25,"2021-03-25","17:38:00",3,"KY",21,0,1.5,0,0,0,0,38.1331,-85.3978,38.1331,-85.3978,0,0,0,0,0,215,0,0,0
657988,2021,3,25,"2021-03-25","17:40:00",3,"TN",47,0,1,0,0,0,0,35.17,-88.43,35.17,-88.43,0,0,0,0,0,109,0,0,0
657989,2021,3,25,"2021-03-25","17:44:00",3,"IN",18,0,1,0,0,0,0,38.1,-87.58,38.1,-87.58,0,0,0,0,0,163,0,0,0
657990,2021,3,25,"2021-03-25","17:45:00",3,"KY",21,0,1,0,0,0,0,38.22,-85.34,38.22,-85.34,0,0,0,0,0,211,0,0,0
657991,2021,3,25,"2021-03-25","17:50:00",3,"KY",21,0,1.75,0,0,0,0,38.2,-85.35,38.2,-85.35,0,0,0,0,0,211,0,0,0
657992,2021,3,25,"2021-03-25","17:53:00",3,"TN",47,0,1,0,0,0,0,35.23,-88.25,35.23,-88.25,0,0,0,0,0,71,0,0,0
657993,2021,3,25,"2021-03-25","18:18:00",3,"KY",21,0,1.25,0,0,0,0,38.66,-84.95,38.66,-84.95,0,0,0,0,0,41,0,0,0
657994,2021,3,25,"2021-03-25","18:40:00",3,"IN",18,0,1.5,0,0,0,0,39.05,-86.81,39.05,-86.81,0,0,0,0,0,55,0,0,0
657995,2021,3,25,"2021-03-25","18:48:00",3,"IN",18,0,1,0,0,0,0,39.19,-86.78,39.19,-86.78,0,0,0,0,0,119,0,0,0
657996,2021,3,25,"2021-03-25","18:54:00",3,"IN",18,0,0.88,0,0,0,0,39.3,-86.69,39.3,-86.69,0,0,0,0,0,119,0,0,0
657997,2021,3,25,"2021-03-25","18:58:00",3,"IN",18,0,1,0,0,0,0,39.35,-86.56,39.35,-86.56,0,0,0,0,0,109,0,0,0
657998,2021,3,25,"2021-03-25","19:10:00",3,"GA",13,0,1,0,0,0,0,34.1063,-84.9117,34.1063,-84.9117,0,0,0,0,0,15,0,0,0
657999,2021,3,25,"2021-03-25","19:35:00",3,"GA",13,0,1.75,0,0,2e+06,0,34.21,-84.53,34.21,-84.53,0,0,0,0,0,57,0,0,0
658000,2021,3,25,"2021-03-25","19:49:00",3,"AL",1,0,1.25,0,0,0,0,32.84,-86.64,32.84,-86.64,0,0,0,0,0,21,0,0,0
658001,2021,3,25,"2021-03-25","19:58:00",3,"IN",18,0,0.88,0,0,0,0,39.9,-86.22,39.9,-86.22,0,0,0,0,0,97,0,0,0
658002,2021,3,25,"2021-03-25","20:03:00",3,"AL",1,0,1,0,0,0,0,34.05,-86.22,34.05,-86.22,0,0,0,0,0,55,0,0,0
658003,2021,3,25,"2021-03-25","20:12:00",3,"IN",18,0,0.88,0,0,0,0,39.97,-86.11,39.97,-86.11,0,0,0,0,0,57,0,0,0
658004,2021,3,25,"2021-03-25","23:28:00",3,"TN",47,0,1.25,0,0,0,0,35.4611,-84.2019,35.4611,-84.2019,0,0,0,0,0,123,0,0,0
658005,2021,3,25,"2021-03-25","23:51:00",3,"TN",47,0,1,0,0,0,0,35.7607,-83.7822,35.7607,-83.7822,0,0,0,0,0,9,0,0,0
658006,2021,3,26,"2021-03-26","06:26:00",3,"SC",45,0,1,0,0,0,0,34,-82.51,34,-82.51,0,0,0,0,0,65,0,0,0
658007,2021,3,26,"2021-03-26","08:28:00",3,"GA",13,0,1,0,0,0,0,32.76,-84.88,32.76,-84.88,0,0,0,0,0,145,0,0,0
658008,2021,3,26,"2021-03-26","09:57:00",3,"SC",45,0,0.7,0,0,10,10,34.35,-80.84,34.35,-80.84,0,0,0,0,0,39,0,0,0
658009,2021,3,26,"2021-03-26","10:26:00",3,"SC",45,0,0.25,0,0,10,10,34.3646,-80.4359,34.3646,-80.4359,0,0,0,0,0,55,0,0,0
658010,2021,3,26,"2021-03-26","12:58:00",3,"GA",13,0,0.7,0,0,10,10,33.86,-82.5,33.86,-82.5,0,0,0,0,0,181,0,0,0
658011,2021,3,26,"2021-03-26","13:03:00",3,"SC",45,0,0.88,0,0,10,10,33.88,-82.43,33.88,-82.43,0,0,0,0,0,65,0,0,0
658012,2021,3,26,"2021-03-26","14:55:00",3,"NH",33,0,0.75,0,0,0,0,43.64,-71.05,43.64,-71.05,0,0,0,0,0,3,0,0,0
658013,2021,3,26,"2021-03-26","18:40:00",3,"NE",31,0,1,0,0,0,0,40.28,-100.02,40.28,-100.02,0,0,0,0,0,65,0,0,0
658014,2021,3,26,"2021-03-26","18:50:00",3,"NE",31,0,0.75,0,0,0,0,40.31,-99.96,40.31,-99.96,0,0,0,0,0,65,0,0,0
658015,2021,3,26,"2021-03-26","19:03:00",3,"NE",31,0,1,0,0,0,0,40.29,-98.75,40.29,-98.75,0,0,0,0,0,61,0,0,0
658016,2021,3,26,"2021-03-26","19:07:00",3,"KS",20,0,1,0,0,0,0,39.63,-97.14,39.63,-97.14,0,0,0,0,0,201,0,0,0
658017,2021,3,26,"2021-03-26","19:16:00",3,"NE",31,0,0.88,0,0,0,0,41.13,-98.55,41.13,-98.55,0,0,0,0,0,93,0,0,0
658018,2021,3,26,"2021-03-26","19:29:00",3,"NE",31,0,1,0,0,0,0,40.28,-99.77,40.28,-99.77,0,0,0,0,0,65,0,0,0
658019,2021,3,26,"2021-03-26","19:53:00",3,"NE",31,0,0.75,0,0,0,0,40.59,-98.33,40.59,-98.33,0,0,0,0,0,1,0,0,0
658020,2021,3,26,"2021-03-26","20:24:00",3,"NE",31,0,1,0,0,0,0,40.7,-99.79,40.7,-99.79,0,0,0,0,0,73,0,0,0
658021,2021,3,27,"2021-03-27","03:30:00",3,"TN",47,0,1.5,0,0,0,0,35.22,-85.52,35.22,-85.52,0,0,0,0,0,115,0,0,0
658022,2021,3,27,"2021-03-27","03:30:00",3,"TN",47,0,1,0,0,0,0,35.2,-85.52,35.2,-85.52,0,0,0,0,0,115,0,0,0
658023,2021,3,27,"2021-03-27","03:35:00",3,"TN",47,0,1.25,0,0,0,0,35.29,-85.46,35.29,-85.46,0,0,0,0,0,153,0,0,0
658024,2021,3,27,"2021-03-27","03:40:00",3,"TN",47,0,1,0,0,0,0,35.3,-85.39,35.3,-85.39,0,0,0,0,0,153,0,0,0
658025,2021,3,27,"2021-03-27","04:18:00",3,"TN",47,0,1.25,0,0,0,0,35.6607,-87.5489,35.6607,-87.5489,0,0,0,0,0,81,0,0,0
658026,2021,3,27,"2021-03-27","04:55:00",3,"TN",47,0,1,0,0,0,0,35.13,-84.72,35.13,-84.72,0,0,0,0,0,11,0,0,0
658027,2021,3,27,"2021-03-27","04:58:00",3,"TN",47,0,0.88,0,0,0,0,36.3752,-87.0573,36.3752,-87.0573,0,0,0,0,0,21,0,0,0
658028,2021,3,27,"2021-03-27","05:00:00",3,"TN",47,0,1,0,0,0,0,35.1,-84.65,35.1,-84.65,0,0,0,0,0,139,0,0,0
658029,2021,3,27,"2021-03-27","05:36:00",3,"TN",47,0,1,0,0,0,0,36.0063,-86.7443,36.0063,-86.7443,0,0,0,0,0,187,0,0,0
658030,2021,3,27,"2021-03-27","05:48:00",3,"TN",47,0,1,0,0,0,0,36.0747,-86.633,36.0747,-86.633,0,0,0,0,0,37,0,0,0
658031,2021,3,27,"2021-03-27","06:05:00",3,"TN",47,0,1.5,0,0,0,0,36.17,-84.86,36.17,-84.86,0,0,0,0,0,129,0,0,0
658032,2021,3,27,"2021-03-27","06:08:00",3,"TN",47,0,0.75,0,0,0,0,35.98,-87.12,35.98,-87.12,0,0,0,0,0,187,0,0,0
658033,2021,3,27,"2021-03-27","06:09:00",3,"TN",47,0,1,0,0,0,0,36.22,-86.3,36.22,-86.3,0,0,0,0,0,189,0,0,0
658034,2021,3,27,"2021-03-27","06:15:00",3,"TN",47,0,1,0,0,0,0,36.2199,-86.2581,36.2199,-86.2581,0,0,0,0,0,189,0,0,0
658035,2021,3,27,"2021-03-27","06:33:00",3,"TN",47,0,0.88,0,0,0,0,35.98,-87.12,35.98,-87.12,0,0,0,0,0,187,0,0,0
658036,2021,3,27,"2021-03-27","06:57:00",3,"KY",21,0,1.75,0,0,0,0,36.6512,-84.3484,36.6512,-84.3484,0,0,0,0,0,147,0,0,0
658037,2021,3,27,"2021-03-27","07:00:00",3,"TN",47,0,1,0,0,0,0,35.88,-84.18,35.88,-84.18,0,0,0,0,0,93,0,0,0
658038,2021,3,27,"2021-03-27","07:05:00",3,"TN",47,0,1,0,0,0,0,35.8,-86.92,35.8,-86.92,0,0,0,0,0,187,0,0,0
658039,2021,3,27,"2021-03-27","07:30:00",3,"KY",21,0,0.75,0,0,0,0,36.9397,-84.0941,36.9397,-84.0941,0,0,0,0,0,125,0,0,0
658040,2021,3,27,"2021-03-27","08:05:00",3,"TN",47,0,1,0,0,0,0,36.03,-83.47,36.03,-83.47,0,0,0,0,0,89,0,0,0
658041,2021,3,27,"2021-03-27","08:15:00",3,"TN",47,0,1,0,0,0,0,36.51,-84.52,36.51,-84.52,0,0,0,0,0,151,0,0,0
658042,2021,3,27,"2021-03-27","08:20:00",3,"TN",47,0,1.5,0,0,0,0,36.1,-83.3,36.1,-83.3,0,0,0,0,0,89,0,0,0
658043,2021,3,27,"2021-03-27","08:35:00",3,"KY",21,0,0.88,0,0,0,0,36.65,-84.35,36.65,-84.35,0,0,0,0,0,11,0,0,0
658044,2021,3,27,"2021-03-27","08:55:00",3,"TN",47,0,1,0,0,0,0,36.53,-82.78,36.53,-82.78,0,0,0,0,0,73,0,0,0
658045,2021,3,27,"2021-03-27","08:55:00",3,"TN",47,0,1.25,0,0,0,0,36.17,-82.8,36.17,-82.8,0,0,0,0,0,59,0,0,0
658046,2021,3,27,"2021-03-27","09:20:00",3,"TN",47,0,1,0,0,0,0,36.56,-82.46,36.56,-82.46,0,0,0,0,0,163,0,0,0
658047,2021,3,27,"2021-03-27","09:30:00",3,"TN",47,0,1,0,0,0,0,36.46,-83.52,36.46,-83.52,0,0,0,0,0,25,0,0,0
658048,2021,3,27,"2021-03-27","09:31:00",3,"TN",47,0,1.25,0,0,0,0,36.28,-82.41,36.28,-82.41,0,0,0,0,0,179,0,0,0
658049,2021,3,27,"2021-03-27","09:41:00",3,"TN",47,0,1,0,0,0,0,36.34,-82.22,36.34,-82.22,0,0,0,0,0,19,0,0,0
658050,2021,3,27,"2021-03-27","09:43:00",3,"TN",47,0,1.5,0,0,0,0,36.28,-82.41,36.28,-82.41,0,0,0,0,0,179,0,0,0
658051,2021,3,27,"2021-03-27","09:58:00",3,"VA",51,0,1.25,0,0,0,0,36.62,-81.38,36.62,-81.38,0,0,0,0,0,77,0,0,0
658052,2021,3,27,"2021-03-27","10:00:00",3,"VA",51,0,1,0,0,0,0,36.79,-81.77,36.79,-81.77,0,0,0,0,0,191,0,0,0
658053,2021,3,27,"2021-03-27","11:05:00",3,"VA",51,0,1.75,0,0,0,0,36.7089,-81.1466,36.7089,-81.1466,0,0,0,0,0,77,0,0,0
658054,2021,3,27,"2021-03-27","11:06:00",3,"VA",51,0,1,0,0,0,0,36.6601,-81.1293,36.6601,-81.1293,0,0,0,0,0,77,0,0,0
658055,2021,3,27,"2021-03-27","11:06:00",3,"VA",51,0,1.25,0,0,0,0,36.6765,-81.0976,36.6712,-81.0838,0,0,0,0,0,77,0,0,0
658056,2021,3,27,"2021-03-27","11:15:00",3,"VA",51,0,1,0,0,0,0,36.72,-80.9881,36.72,-80.9881,0,0,0,0,0,77,0,0,0
658057,2021,3,27,"2021-03-27","11:18:00",3,"VA",51,0,2,0,0,0,0,36.72,-80.98,36.72,-80.98,0,0,0,0,0,35,0,0,0
658058,2021,3,27,"2021-03-27","11:20:00",3,"VA",51,0,1,0,0,0,0,36.72,-80.93,36.72,-80.93,0,0,0,0,0,35,0,0,0
658059,2021,3,27,"2021-03-27","11:29:00",3,"VA",51,0,0.88,0,0,0,0,36.7634,-80.8799,36.7634,-80.8799,0,0,0,0,0,35,0,0,0
658060,2021,3,27,"2021-03-27","11:30:00",3,"VA",51,0,2,0,0,1e+06,0,36.77,-80.73,36.77,-80.73,0,0,0,0,0,35,0,0,0
658061,2021,3,27,"2021-03-27","11:31:00",3,"VA",51,0,1,0,0,0,0,36.77,-80.8,36.77,-80.8,0,0,0,0,0,35,0,0,0
658062,2021,3,27,"2021-03-27","11:32:00",3,"VA",51,0,1.5,0,0,0,0,36.6534,-80.87,36.6534,-80.87,0,0,0,0,0,640,0,0,0
658063,2021,3,27,"2021-03-27","11:48:00",3,"NC",37,0,1.25,0,0,0,0,35.91,-80.61,35.91,-80.61,0,0,0,0,0,59,0,0,0
658064,2021,3,27,"2021-03-27","11:55:00",3,"VA",51,0,1.75,0,0,5000,0,36.8389,-80.4466,36.8389,-80.4466,0,0,0,0,0,63,0,0,0
658065,2021,3,27,"2021-03-27","12:00:00",3,"NC",37,0,0.75,0,0,0,0,35.61,-82.33,35.61,-82.33,0,0,0,0,0,21,0,0,0
658066,2021,3,27,"2021-03-27","12:07:00",3,"VA",51,0,1.5,0,0,0,0,36.9066,-80.3269,36.9066,-80.3269,0,0,0,0,0,63,0,0,0
658067,2021,3,27,"2021-03-27","12:25:00",3,"NC",37,0,0.75,0,0,0,0,35.74,-81.7,35.74,-81.7,0,0,0,0,0,23,0,0,0
658068,2021,3,27,"2021-03-27","12:29:00",3,"NC",37,0,1,0,0,0,0,35.9424,-80.1609,35.9424,-80.1609,0,0,0,0,0,57,0,0,0
658069,2021,3,27,"2021-03-27","12:32:00",3,"NC",37,0,1.5,0,0,0,0,35.88,-80.08,35.88,-80.08,0,0,0,0,0,57,0,0,0
658070,2021,3,27,"2021-03-27","12:37:00",3,"NC",37,0,1,0,0,0,0,35.93,-80.06,35.93,-80.06,0,0,0,0,0,57,0,0,0
658071,2021,3,27,"2021-03-27","12:56:00",3,"NC",37,0,1.5,0,0,40000,0,35.9086,-79.8001,35.9086,-79.8001,0,0,0,0,0,151,0,0,0
658072,2021,3,27,"2021-03-27","13:00:00",3,"NC",37,0,1.5,0,0,0,0,35.89,-79.81,35.89,-79.81,0,0,0,0,0,151,0,0,0
658073,2021,3,27,"2021-03-27","14:06:00",3,"NC",37,0,1.75,0,0,0,0,35.431,-80.74,35.401,-80.63,0,0,0,0,0,25,0,0,0
658074,2021,3,27,"2021-03-27","14:28:00",3,"NC",37,0,1,0,0,0,0,35.41,-80.46,35.41,-80.46,0,0,0,0,0,25,0,0,0
658075,2021,3,27,"2021-03-27","14:34:00",3,"NC",37,0,0.75,0,0,0,0,35.38,-80.34,35.38,-80.34,0,0,0,0,0,167,0,0,0
658076,2021,3,27,"2021-03-27","14:38:00",3,"NC",37,0,1,0,0,0,0,35.67,-79.87,35.67,-79.87,0,0,0,0,0,151,0,0,0
658077,2021,3,27,"2021-03-27","15:02:00",3,"NC",37,0,1,0,0,0,0,35.87,-78.67,35.87,-78.67,0,0,0,0,0,183,0,0,0
658078,2021,3,27,"2021-03-27","15:10:00",3,"NC",37,0,1.75,0,0,0,0,35.3,-79.65,35.3,-79.65,0,0,0,0,0,125,0,0,0
658079,2021,3,27,"2021-03-27","15:10:00",3,"NC",37,0,1,0,0,0,0,35.2898,-79.6375,35.2898,-79.6375,0,0,0,0,0,125,0,0,0
658080,2021,3,27,"2021-03-27","15:11:00",3,"NC",37,0,1.75,0,0,0,0,35.38,-79.2,35.38,-79.2,0,0,0,0,0,105,0,0,0
658081,2021,3,27,"2021-03-27","15:15:00",3,"NC",37,0,1.75,0,0,0,0,35.33,-79.25,35.33,-79.25,0,0,0,0,0,125,0,0,0
658082,2021,3,27,"2021-03-27","15:29:00",3,"AL",1,0,1,0,0,0,0,33.85,-87.18,33.85,-87.18,0,0,0,0,0,127,0,0,0
658083,2021,3,27,"2021-03-27","15:32:00",3,"NC",37,0,1,0,0,0,0,35.33,-79.04,35.33,-79.04,0,0,0,0,0,85,0,0,0
658084,2021,3,27,"2021-03-27","15:34:00",3,"AL",1,0,1,0,0,0,0,33.9,-87.13,33.9,-87.13,0,0,0,0,0,127,0,0,0
658085,2021,3,27,"2021-03-27","15:43:00",3,"TN",47,0,1.75,0,0,0,0,35.5664,-88.398,35.5664,-88.398,0,0,0,0,0,77,0,0,0
658086,2021,3,27,"2021-03-27","15:45:00",3,"MS",28,0,1,0,0,0,0,33.306,-88.619,33.419,-88.346,0,0,0,0,0,87,0,0,0
658087,2021,3,27,"2021-03-27","15:59:00",3,"TN",47,0,1.75,0,0,0,0,35.5457,-88.3352,35.5457,-88.3352,0,0,0,0,0,77,0,0,0
658088,2021,3,27,"2021-03-27","16:00:00",3,"TN",47,0,1,0,0,0,0,35.52,-88.25,35.52,-88.25,0,0,0,0,0,77,0,0,0
658089,2021,3,27,"2021-03-27","16:01:00",3,"AL",1,0,0.88,0,0,0,0,34.11,-86.86,34.11,-86.86,0,0,0,0,0,43,0,0,0
658090,2021,3,27,"2021-03-27","16:05:00",3,"MS",28,0,1,0,0,0,0,33.82,-88.55,33.82,-88.55,0,0,0,0,0,95,0,0,0
658091,2021,3,27,"2021-03-27","16:05:00",3,"MO",29,0,1.75,0,0,0,0,38.6989,-90.6828,38.7645,-90.5105,0,0,0,0,0,183,0,0,0
658092,2021,3,27,"2021-03-27","16:09:00",3,"NC",37,0,1,0,0,0,0,35.595,-78.4096,35.595,-78.4096,0,0,0,0,0,101,0,0,0
658093,2021,3,27,"2021-03-27","16:09:00",3,"MO",29,0,1,0,0,0,0,38.6767,-90.6637,38.7959,-90.2381,0,0,0,0,0,189,0,0,0
658094,2021,3,27,"2021-03-27","16:12:00",3,"AL",1,0,1,0,0,0,0,33.65,-86.82,33.65,-86.82,0,0,0,0,0,73,0,0,0
658095,2021,3,27,"2021-03-27","16:13:00",3,"AL",1,0,1,0,0,0,0,34.17,-86.84,34.17,-86.84,0,0,0,0,0,43,0,0,0
658096,2021,3,27,"2021-03-27","16:15:00",3,"TN",47,0,1,0,0,0,0,35.65,-88.13,35.65,-88.13,0,0,0,0,0,39,0,0,0
658097,2021,3,27,"2021-03-27","16:18:00",3,"NC",37,0,1,0,0,0,0,35.38,-78.54,35.38,-78.54,0,0,0,0,0,101,0,0,0
658098,2021,3,27,"2021-03-27","16:18:00",3,"AR",5,0,0.75,0,0,0,0,34.65,-92.06,34.65,-92.06,0,0,0,0,0,85,0,0,0
658099,2021,3,27,"2021-03-27","16:20:00",3,"MO",29,0,0.75,0,0,0,0,37.81,-91.9,37.81,-91.9,0,0,0,0,0,161,0,0,0
658100,2021,3,27,"2021-03-27","16:21:00",3,"NC",37,0,1,0,0,0,0,35.7164,-77.9185,35.7164,-77.9185,0,0,0,0,0,195,0,0,0
658101,2021,3,27,"2021-03-27","16:22:00",3,"NC",37,0,0.75,0,0,0,0,35.75,-77.91,35.75,-77.91,0,0,0,0,0,195,0,0,0
658102,2021,3,27,"2021-03-27","16:25:00",3,"TN",47,0,0.75,0,0,0,0,35.19,-86.12,35.19,-86.12,0,0,0,0,0,51,0,0,0
658103,2021,3,27,"2021-03-27","16:30:00",3,"IL",17,0,1,0,0,0,0,39.5,-89.77,39.5,-89.77,0,0,0,0,0,117,0,0,0
658104,2021,3,27,"2021-03-27","16:33:00",3,"NC",37,0,1.75,0,0,0,0,35.6968,-77.8478,35.6968,-77.8478,0,0,0,0,0,195,0,0,0
658105,2021,3,27,"2021-03-27","16:33:00",3,"IL",17,0,1,0,0,0,0,39.58,-89.58,39.58,-89.58,0,0,0,0,0,167,0,0,0
658106,2021,3,27,"2021-03-27","16:36:00",3,"AR",5,0,1.25,0,0,0,0,34.83,-91.98,34.83,-91.98,0,0,0,0,0,85,0,0,0
658107,2021,3,27,"2021-03-27","16:40:00",3,"AR",5,0,1,0,0,0,0,34.79,-91.9,34.79,-91.9,0,0,0,0,0,85,0,0,0
658108,2021,3,27,"2021-03-27","16:41:00",3,"NC",37,0,2,0,0,0,0,34.8302,-78.0175,34.8302,-78.0175,0,0,0,0,0,61,0,0,0
658109,2021,3,27,"2021-03-27","16:43:00",3,"NC",37,0,1,0,0,0,0,35.6,-78.13,35.6,-78.13,0,0,0,0,0,101,0,0,0
658110,2021,3,27,"2021-03-27","16:48:00",3,"TN",47,0,0.75,0,0,0,0,36.2,-85.17,36.2,-85.17,0,0,0,0,0,133,0,0,0
658111,2021,3,27,"2021-03-27","16:49:00",3,"AR",5,0,0.88,0,0,0,0,36.1366,-94.2003,36.1366,-94.2003,0,0,0,0,0,143,0,0,0
658112,2021,3,27,"2021-03-27","16:54:00",3,"IL",17,0,1.25,0,0,0,0,39.55,-89.2437,39.55,-89.2437,0,0,0,0,0,21,0,0,0
658113,2021,3,27,"2021-03-27","16:54:00",3,"IL",17,0,1.25,0,0,0,0,39.5602,-89.2867,39.5602,-89.2867,0,0,0,0,0,21,0,0,0
658114,2021,3,27,"2021-03-27","16:58:00",3,"AL",1,0,1.75,0,0,0,0,34.54,-86.41,34.54,-86.41,0,0,0,0,0,89,0,0,0
658115,2021,3,27,"2021-03-27","16:58:00",3,"IL",17,0,1,0,0,0,0,39.5602,-89.2867,39.5602,-89.2867,0,0,0,0,0,21,0,0,0
658116,2021,3,27,"2021-03-27","17:03:00",3,"AL",1,0,1,0,0,0,0,34.66,-86.33,34.66,-86.33,0,0,0,0,0,71,0,0,0
658117,2021,3,27,"2021-03-27","17:05:00",3,"NC",37,0,0.75,0,0,0,0,35.47,-77.94,35.47,-77.94,0,0,0,0,0,191,0,0,0
658118,2021,3,27,"2021-03-27","17:05:00",3,"TN",47,0,0.75,0,0,0,0,36.18,-85.02,36.18,-85.02,0,0,0,0,0,49,0,0,0
658119,2021,3,27,"2021-03-27","17:08:00",3,"AR",5,0,1.75,0,0,0,0,33.8189,-93.4124,33.8189,-93.4124,0,0,0,0,0,99,0,0,0
658120,2021,3,27,"2021-03-27","17:10:00",3,"AR",5,0,2.5,0,0,0,0,33.8507,-93.3261,33.8507,-93.3261,0,0,0,0,0,99,0,0,0
658121,2021,3,27,"2021-03-27","17:15:00",3,"NC",37,0,1,0,0,0,0,34.97,-78.94,34.97,-78.94,0,0,0,0,0,51,0,0,0
658122,2021,3,27,"2021-03-27","17:15:00",3,"AL",1,0,1.5,0,0,0,0,34.66,-86.33,34.66,-86.33,0,0,0,0,0,71,0,0,0
658123,2021,3,27,"2021-03-27","17:17:00",3,"AL",1,0,1.5,0,0,0,0,34.54,-86.41,34.54,-86.41,0,0,0,0,0,89,0,0,0
658124,2021,3,27,"2021-03-27","17:23:00",3,"AR",5,0,2.75,0,0,0,0,33.92,-93.15,33.92,-93.15,0,0,0,0,0,19,0,0,0
658125,2021,3,27,"2021-03-27","17:24:00",3,"AR",5,0,2.75,0,0,0,0,33.83,-93.13,33.83,-93.13,0,0,0,0,0,19,0,0,0
658126,2021,3,27,"2021-03-27","17:26:00",3,"AR",5,0,1.75,0,0,0,0,34.78,-92.13,34.78,-92.13,0,0,0,0,0,119,0,0,0
658127,2021,3,27,"2021-03-27","17:28:00",3,"NC",37,0,1,0,0,0,0,35.32,-77.8,35.32,-77.8,0,0,0,0,0,107,0,0,0
658128,2021,3,27,"2021-03-27","17:28:00",3,"AR",5,0,1.5,0,0,0,0,34.84,-92.05,34.84,-92.05,0,0,0,0,0,85,0,0,0
658129,2021,3,27,"2021-03-27","17:29:00",3,"NC",37,0,1,0,0,0,0,35.15,-78.1,35.15,-78.1,0,0,0,0,0,61,0,0,0
658130,2021,3,27,"2021-03-27","17:29:00",3,"AR",5,0,3,0,0,0,0,34.84,-92.05,34.84,-92.05,0,0,0,0,0,85,0,0,0
658131,2021,3,27,"2021-03-27","17:30:00",3,"AR",5,0,0.75,0,0,0,0,33.92,-93.15,33.92,-93.15,0,0,0,0,0,19,0,0,0
658132,2021,3,27,"2021-03-27","17:32:00",3,"AR",5,0,1,0,0,0,0,33.92,-93.15,33.92,-93.15,0,0,0,0,0,19,0,0,0
658133,2021,3,27,"2021-03-27","17:33:00",3,"TN",47,0,1,0,0,0,0,36.41,-84.44,36.41,-84.44,0,0,0,0,0,151,0,0,0
658134,2021,3,27,"2021-03-27","17:41:00",3,"TN",47,0,1.25,0,0,0,0,35.62,-87.05,35.62,-87.05,0,0,0,0,0,119,0,0,0
658135,2021,3,27,"2021-03-27","17:42:00",3,"AR",5,0,1.75,0,0,0,0,34.97,-91.93,34.97,-91.93,0,0,0,0,0,85,0,0,0
658136,2021,3,27,"2021-03-27","17:42:00",3,"AR",5,0,2,0,0,0,0,34.49,-91.55,34.49,-91.55,0,0,0,0,0,1,0,0,0
658137,2021,3,27,"2021-03-27","17:46:00",3,"MO",29,0,0.88,0,0,0,0,36.74,-93.4,36.74,-93.4,0,0,0,0,0,209,0,0,0
658138,2021,3,27,"2021-03-27","17:52:00",3,"TN",47,0,1,0,0,0,0,35.7193,-86.8922,35.7193,-86.8922,0,0,0,0,0,119,0,0,0
658139,2021,3,27,"2021-03-27","17:52:00",3,"TN",47,0,1,0,0,0,0,35.75,-86.93,35.75,-86.93,0,0,0,0,0,119,0,0,0
658140,2021,3,27,"2021-03-27","17:53:00",3,"TN",47,0,1.5,0,0,0,0,35.7818,-86.8118,35.7818,-86.8118,0,0,0,0,0,187,0,0,0
658141,2021,3,27,"2021-03-27","17:55:00",3,"TN",47,0,1.75,0,0,0,0,35.7527,-86.8913,35.7527,-86.8913,0,0,0,0,0,187,0,0,0
658142,2021,3,27,"2021-03-27","17:56:00",3,"TN",47,0,1.75,0,0,0,0,35.77,-86.8,35.77,-86.8,0,0,0,0,0,187,0,0,0
658143,2021,3,27,"2021-03-27","18:00:00",3,"IL",17,0,1,0,0,0,0,38.6726,-89.9848,38.7243,-89.9566,0,0,0,0,0,119,0,0,0
658144,2021,3,27,"2021-03-27","18:03:00",3,"TN",47,0,2.25,0,0,0,0,35.78,-86.68,35.78,-86.68,0,0,0,0,0,187,0,0,0
658145,2021,3,27,"2021-03-27","18:04:00",3,"TN",47,0,1.5,0,0,0,0,35.7016,-86.7882,35.7016,-86.7882,0,0,0,0,0,117,0,0,0
658146,2021,3,27,"2021-03-27","18:05:00",3,"TN",47,0,1.5,0,0,0,0,35.75,-86.65,35.75,-86.65,0,0,0,0,0,149,0,0,0
658147,2021,3,27,"2021-03-27","18:15:00",3,"AR",5,0,1,0,0,0,0,35.28,-91.64,35.28,-91.64,0,0,0,0,0,145,0,0,0
658148,2021,3,27,"2021-03-27","18:20:00",3,"TN",47,0,1,0,0,0,0,35.18,-85.67,35.18,-85.67,0,0,0,0,0,115,0,0,0
658149,2021,3,27,"2021-03-27","18:21:00",3,"AR",5,0,1,0,0,0,0,35.63,-91.24,35.63,-91.24,0,0,0,0,0,67,0,0,0
658150,2021,3,27,"2021-03-27","18:24:00",3,"TN",47,0,1.25,0,0,0,0,35.7301,-86.3483,35.7301,-86.3483,0,0,0,0,0,149,0,0,0
658151,2021,3,27,"2021-03-27","18:26:00",3,"AR",5,0,2,0,0,0,0,35.63,-91.24,35.63,-91.24,0,0,0,0,0,67,0,0,0
658152,2021,3,27,"2021-03-27","18:28:00",3,"AR",5,0,1,0,0,0,0,35.65,-91.26,35.65,-91.26,0,0,0,0,0,67,0,0,0
658153,2021,3,27,"2021-03-27","18:35:00",3,"AR",5,0,1.5,0,0,0,0,35.73,-91.2,35.73,-91.2,0,0,0,0,0,67,0,0,0
658154,2021,3,27,"2021-03-27","18:37:00",3,"TX",48,0,1.75,0,0,0,0,32.143,-94.3228,32.143,-94.3228,0,0,0,0,0,365,0,0,0
658155,2021,3,27,"2021-03-27","18:40:00",3,"TN",47,0,1.5,0,0,0,0,35.63,-86.25,35.63,-86.25,0,0,0,0,0,31,0,0,0
658156,2021,3,27,"2021-03-27","18:42:00",3,"VA",51,0,1,0,0,0,0,36.62,-82.45,36.62,-82.45,0,0,0,0,0,169,0,0,0
658157,2021,3,27,"2021-03-27","18:55:00",3,"AR",5,0,1.75,0,0,0,0,34.77,-90.75,34.77,-90.75,0,0,0,0,0,77,0,0,0
658158,2021,3,27,"2021-03-27","19:05:00",3,"TN",47,0,1,0,0,0,0,35.78,-86.0508,35.78,-86.0508,0,0,0,0,0,15,0,0,0
658159,2021,3,27,"2021-03-27","19:07:00",3,"TN",47,0,1,0,0,0,0,35.78,-86.05,35.78,-86.05,0,0,0,0,0,15,0,0,0
658160,2021,3,27,"2021-03-27","19:15:00",3,"MO",29,0,1,0,0,0,0,37.832,-90.1394,37.832,-90.1394,0,0,0,0,0,186,0,0,0
658161,2021,3,27,"2021-03-27","19:20:00",3,"TN",47,0,1,0,0,0,0,35.499,-88.53,35.499,-88.53,0,0,0,0,0,23,0,0,0
658162,2021,3,27,"2021-03-27","19:30:00",3,"IL",17,0,1,0,0,0,0,39.38,-88.45,39.38,-88.45,0,0,0,0,0,29,0,0,0
658163,2021,3,27,"2021-03-27","19:31:00",3,"TN",47,0,1,0,0,0,0,35.5157,-88.8329,35.5157,-88.8329,0,0,0,0,0,113,0,0,0
658164,2021,3,27,"2021-03-27","19:32:00",3,"TN",47,0,1.5,0,0,0,0,35.68,-86.13,35.68,-86.13,0,0,0,0,0,15,0,0,0
658165,2021,3,27,"2021-03-27","19:35:00",3,"TN",47,0,1,0,0,0,0,36.38,-83.01,36.38,-83.01,0,0,0,0,0,73,0,0,0
658166,2021,3,27,"2021-03-27","19:35:00",3,"TN",47,0,1.25,0,0,0,0,35.5398,-88.7891,35.5398,-88.7891,0,0,0,0,0,113,0,0,0
658167,2021,3,27,"2021-03-27","19:45:00",3,"TN",47,0,1.75,0,0,0,0,35.6,-88.65,35.6,-88.65,0,0,0,0,0,113,0,0,0
658168,2021,3,27,"2021-03-27","19:50:00",3,"TN",47,0,1,0,0,0,0,35.5301,-88.5959,35.5301,-88.5959,0,0,0,0,0,23,0,0,0
658169,2021,3,27,"2021-03-27","19:51:00",3,"TN",47,0,0.75,0,0,0,0,35.61,-88.58,35.61,-88.58,0,0,0,0,0,77,0,0,0
658170,2021,3,27,"2021-03-27","19:56:00",3,"TN",47,0,0.75,0,0,0,0,35.6223,-88.4823,35.6223,-88.4823,0,0,0,0,0,77,0,0,0
658171,2021,3,27,"2021-03-27","19:58:00",3,"AR",5,0,1.75,0,0,0,0,33.88,-91.59,33.88,-91.59,0,0,0,0,0,79,0,0,0
658172,2021,3,27,"2021-03-27","20:00:00",3,"AR",5,0,1.5,0,0,0,0,33.57,-92.84,33.57,-92.84,0,0,0,0,0,103,0,0,0
658173,2021,3,27,"2021-03-27","20:01:00",3,"TN",47,0,1,0,0,0,0,36.33,-82.54,36.33,-82.54,0,0,0,0,0,179,0,0,0
658174,2021,3,27,"2021-03-27","20:05:00",3,"IN",18,0,1,0,0,0,0,40.04,-86.62,40.04,-86.62,0,0,0,0,0,11,0,0,0
658175,2021,3,27,"2021-03-27","20:12:00",3,"TN",47,0,0.88,0,0,0,0,36.08,-88.82,36.08,-88.82,0,0,0,0,0,53,0,0,0
658176,2021,3,27,"2021-03-27","20:15:00",3,"TN",47,0,0.88,0,0,0,0,35.78,-87.75,35.78,-87.75,0,0,0,0,0,135,0,0,0
658177,2021,3,27,"2021-03-27","20:25:00",3,"IN",18,0,0.75,0,0,0,0,39.97,-86.3,39.97,-86.3,0,0,0,0,0,11,0,0,0
658178,2021,3,27,"2021-03-27","20:35:00",3,"IN",18,0,1,0,0,0,0,40,-86.18,40,-86.18,0,0,0,0,0,57,0,0,0
658179,2021,3,27,"2021-03-27","20:35:00",3,"IN",18,0,1,0,0,0,0,40.02,-86.16,40.02,-86.16,0,0,0,0,0,57,0,0,0
658180,2021,3,27,"2021-03-27","20:39:00",3,"IN",18,0,1,0,0,0,0,39.98,-86.14,39.98,-86.14,0,0,0,0,0,57,0,0,0
658181,2021,3,27,"2021-03-27","20:40:00",3,"IN",18,0,0.75,0,0,0,0,40.04,-86.11,40.04,-86.11,0,0,0,0,0,57,0,0,0
658182,2021,3,27,"2021-03-27","20:42:00",3,"IN",18,0,0.88,0,0,0,0,40.02,-86.07,40.02,-86.07,0,0,0,0,0,57,0,0,0
658183,2021,3,27,"2021-03-27","20:42:00",3,"IN",18,0,1,0,0,0,0,40.04,-86.05,40.04,-86.05,0,0,0,0,0,57,0,0,0
658184,2021,3,27,"2021-03-27","20:43:00",3,"TN",47,0,1,0,0,0,0,35.73,-88.1,35.73,-88.1,0,0,0,0,0,39,0,0,0
658185,2021,3,27,"2021-03-27","21:00:00",3,"TN",47,0,0.88,0,0,0,0,35.742,-88.9073,35.742,-88.9073,0,0,0,0,0,113,0,0,0
658186,2021,3,27,"2021-03-27","21:11:00",3,"IN",18,0,0.88,0,0,0,0,40.14,-85.69,40.14,-85.69,0,0,0,0,0,95,0,0,0
658187,2021,3,27,"2021-03-27","21:11:00",3,"IN",18,0,1,0,0,0,0,40.13,-85.69,40.13,-85.69,0,0,0,0,0,95,0,0,0
658188,2021,3,27,"2021-03-27","22:17:00",3,"LA",22,0,0.75,0,0,0,0,32.5305,-93.5908,32.5305,-93.5908,0,0,0,0,0,15,0,0,0
658189,2021,3,27,"2021-03-27","22:31:00",3,"LA",22,0,1,0,0,0,0,32.5305,-93.4983,32.5305,-93.4983,0,0,0,0,0,15,0,0,0
658190,2021,3,27,"2021-03-27","22:54:00",3,"TN",47,0,0.88,0,0,0,0,36.2,-86.18,36.2,-86.18,0,0,0,0,0,189,0,0,0
658191,2021,3,27,"2021-03-27","23:13:00",3,"OH",39,0,0.75,0,0,0,0,39.15,-84.66,39.15,-84.66,0,0,0,0,0,61,0,0,0
658192,2021,3,27,"2021-03-27","23:20:00",3,"OH",39,0,1,0,0,0,0,39.23,-84.59,39.23,-84.59,0,0,0,0,0,61,0,0,0
658193,2021,3,27,"2021-03-27","23:20:00",3,"OH",39,0,1,0,0,0,0,39.2429,-84.5916,39.2429,-84.5916,0,0,0,0,0,61,0,0,0
658194,2021,3,28,"2021-03-28","00:35:00",3,"VA",51,0,1,0,0,0,0,36.66,-82.19,36.66,-82.19,0,0,0,0,0,191,0,0,0
658195,2021,3,28,"2021-03-28","00:35:00",3,"VA",51,0,1,0,0,0,0,36.63,-82.21,36.63,-82.21,0,0,0,0,0,191,0,0,0
658196,2021,3,28,"2021-03-28","00:45:00",3,"VA",51,0,1,0,0,0,0,36.72,-81.96,36.72,-81.96,0,0,0,0,0,191,0,0,0
658197,2021,3,28,"2021-03-28","12:56:00",3,"NC",37,0,0.75,0,0,0,0,35.6598,-78.7904,35.6598,-78.7904,0,0,0,0,0,183,0,0,0
658198,2021,3,28,"2021-03-28","13:11:00",3,"NC",37,0,1,0,0,0,0,35.9642,-77.9458,35.9642,-77.9458,0,0,0,0,0,127,0,0,0
658199,2021,3,28,"2021-03-28","13:11:00",3,"NC",37,0,1,0,0,0,0,35.97,-77.96,35.97,-77.96,0,0,0,0,0,127,0,0,0
658200,2021,3,28,"2021-03-28","13:11:00",3,"NC",37,0,1,0,0,0,0,35.9671,-77.9541,35.9671,-77.9541,0,0,0,0,0,127,0,0,0
658201,2021,3,28,"2021-03-28","15:59:00",3,"NC",37,0,1,0,0,0,0,35.95,-76.3,35.95,-76.3,0,0,0,0,0,177,0,0,0
658202,2021,3,30,"2021-03-30","18:07:00",3,"FL",12,0,1,0,0,0,0,28.73,-81.88,28.73,-81.88,0,0,0,0,0,69,0,0,0
658203,2021,3,31,"2021-03-31","02:24:00",3,"AR",5,0,1.75,0,0,0,0,33.62,-91.82,33.62,-91.82,0,0,0,0,0,43,0,0,0
658204,2021,3,31,"2021-03-31","11:55:00",3,"MS",28,0,1,0,0,0,0,31.786,-89.034,31.786,-89.034,0,0,0,0,0,67,0,0,0
658205,2021,3,31,"2021-03-31","12:40:00",3,"AL",1,0,1,0,0,0,0,31.98,-88.35,31.98,-88.35,0,0,0,0,0,23,0,0,0
658206,2021,3,31,"2021-03-31","14:25:00",3,"NC",37,0,0.75,0,0,0,0,35.1138,-78.5371,35.1138,-78.5371,0,0,0,0,0,163,0,0,0
658207,2021,3,31,"2021-03-31","15:32:00",3,"SC",45,0,0.88,0,0,0,0,33.74,-81.82,33.74,-81.82,0,0,0,0,0,37,0,0,0
658208,2021,3,31,"2021-03-31","15:36:00",3,"SC",45,0,1.75,0,0,0,0,33.66,-81.77,33.66,-81.77,0,0,0,0,0,3,0,0,0
658209,2021,3,31,"2021-03-31","15:45:00",3,"SC",45,0,1.5,0,0,0,0,33.672,-81.6725,33.672,-81.6725,0,0,0,0,0,3,0,0,0
658210,2021,3,31,"2021-03-31","15:50:00",3,"NC",37,0,1,0,0,0,0,35.8608,-78.1783,35.8608,-78.1783,0,0,0,0,0,127,0,0,0
658211,2021,3,31,"2021-03-31","15:52:00",3,"SC",45,0,0.75,0,0,0,0,33.72,-81.57,33.72,-81.57,0,0,0,0,0,3,0,0,0
658212,2021,3,31,"2021-03-31","15:54:00",3,"SC",45,0,1,0,0,0,0,33.05,-80.62,33.05,-80.62,0,0,0,0,0,29,0,0,0
658213,2021,3,31,"2021-03-31","15:55:00",3,"SC",45,0,0.25,0,0,10,10,33.67,-81.57,33.67,-81.57,0,0,0,0,0,3,0,0,0
658214,2021,3,31,"2021-03-31","16:34:00",3,"SC",45,0,0.75,0,0,0,0,33.1,-80.4,33.1,-80.4,0,0,0,0,0,35,0,0,0
658215,2021,3,31,"2021-03-31","17:01:00",3,"SC",45,0,0.75,0,0,0,0,33.01,-80.39,33.01,-80.39,0,0,0,0,0,35,0,0,0
658216,2021,3,31,"2021-03-31","17:24:00",3,"SC",45,0,0.75,0,0,0,0,32.98,-80.27,32.98,-80.27,0,0,0,0,0,35,0,0,0
658217,2021,3,31,"2021-03-31","17:26:00",3,"SC",45,0,1,0,0,0,0,32.97,-80.19,32.97,-80.19,0,0,0,0,0,35,0,0,0
658218,2021,3,31,"2021-03-31","17:30:00",3,"SC",45,0,0.75,0,0,0,0,32.99,-80.23,32.99,-80.23,0,0,0,0,0,35,0,0,0
658219,2021,3,31,"2021-03-31","17:45:00",3,"SC",45,0,0.75,0,0,0,0,33.01,-80.04,33.01,-80.04,0,0,0,0,0,15,0,0,0
658220,2021,3,31,"2021-03-31","17:47:00",3,"SC",45,0,1.75,0,0,0,0,33.02,-80.04,33.02,-80.04,0,0,0,0,0,15,0,0,0
658221,2021,3,31,"2021-03-31","17:53:00",3,"SC",45,0,0.75,0,0,0,0,33.07,-79.97,33.07,-79.97,0,0,0,0,0,15,0,0,0
658222,2021,3,31,"2021-03-31","17:55:00",3,"SC",45,0,0.75,0,0,0,0,33.03,-80.02,33.03,-80.02,0,0,0,0,0,15,0,0,0
657604,2021,3,3,"2021-03-03","14:00:00",3,"CA",6,0,0.5,0,0,10000,0,32.7599,-117.1443,32.8726,-117.0249,0,0,0,0,0,73,0,0,0
657605,2021,3,6,"2021-03-06","09:35:00",3,"FL",12,0,1,0,0,0,0,29.21,-81.14,29.21,-81.14,0,0,0,0,0,127,0,0,0
657606,2021,3,6,"2021-03-06","09:48:00",3,"FL",12,0,1.25,0,0,0,0,29.22,-81.11,29.22,-81.11,0,0,0,0,0,127,0,0,0
657607,2021,3,6,"2021-03-06","09:53:00",3,"FL",12,0,1.25,0,0,0,0,29.19,-81.07,29.19,-81.07,0,0,0,0,0,127,0,0,0
657608,2021,3,6,"2021-03-06","09:58:00",3,"FL",12,0,1,0,0,0,0,29.2,-81.03,29.2,-81.03,0,0,0,0,0,127,0,0,0
657609,2021,3,6,"2021-03-06","10:00:00",3,"FL",12,0,1,0,0,0,0,29.204,-81.0021,29.204,-81.0021,0,0,0,0,0,127,0,0,0
657610,2021,3,6,"2021-03-06","10:02:00",3,"FL",12,0,1.5,0,0,0,0,29.1819,-80.989,29.1819,-80.989,0,0,0,0,0,127,0,0,0
657611,2021,3,6,"2021-03-06","10:07:00",3,"FL",12,0,0.75,0,0,0,0,29.22,-81.01,29.22,-81.01,0,0,0,0,0,127,0,0,0
657612,2021,3,6,"2021-03-06","10:15:00",3,"FL",12,0,1.25,0,0,0,0,29.17,-80.98,29.17,-80.98,0,0,0,0,0,127,0,0,0
657613,2021,3,7,"2021-03-07","13:33:00",3,"OR",41,0,0.88,0,0,0,0,46.1433,-123.904,46.1433,-123.904,0,0,0,0,0,7,0,0,0
658695,2021,4,10,"2021-04-10","00:04:00",3,"MS",28,0,1,0,0,0,0,31.96,-88.8,31.96,-88.8,0,0,0,0,0,23,0,0,0
658696,2021,4,10,"2021-04-10","00:12:00",3,"MS",28,0,1,0,0,0,0,32.04,-88.75,32.04,-88.75,0,0,0,0,0,23,0,0,0
658697,2021,4,10,"2021-04-10","01:22:00",3,"TX",48,0,0.88,0,0,0,0,31.7189,-94.6059,31.7189,-94.6059,0,0,0,0,0,347,0,0,0
658698,2021,4,10,"2021-04-10","02:10:00",3,"AL",1,0,1.75,0,0,0,0,30.28,-87.68,30.28,-87.68,0,0,0,0,0,3,0,0,0
658699,2021,4,10,"2021-04-10","02:17:00",3,"AL",1,0,1.75,0,0,0,0,30.2634,-87.7265,30.2634,-87.7265,0,0,0,0,0,3,0,0,0
658700,2021,4,10,"2021-04-10","02:20:00",3,"AL",1,0,4,0,0,0,0,30.2666,-87.5764,30.2666,-87.5764,0,0,0,0,0,3,0,0,0
658701,2021,4,10,"2021-04-10","02:25:00",3,"AL",1,0,1.25,0,0,0,0,30.2705,-87.6437,30.2705,-87.6437,0,0,0,0,0,3,0,0,0
658702,2021,4,10,"2021-04-10","02:25:00",3,"AL",1,0,2.75,0,0,0,0,30.28,-87.57,30.28,-87.57,0,0,0,0,0,3,0,0,0
658703,2021,4,10,"2021-04-10","02:25:00",3,"AL",1,0,3,0,0,0,0,30.28,-87.57,30.28,-87.57,0,0,0,0,0,3,0,0,0
658704,2021,4,10,"2021-04-10","02:30:00",3,"AL",1,0,2.5,0,0,0,0,30.32,-87.53,30.32,-87.53,0,0,0,0,0,3,0,0,0
658705,2021,4,10,"2021-04-10","02:40:00",3,"MS",28,0,1,0,0,0,0,30.37,-89.17,30.37,-89.17,0,0,0,0,0,47,0,0,0
658706,2021,4,10,"2021-04-10","02:40:00",3,"AL",1,0,2,0,0,0,0,30.3591,-87.4975,30.3591,-87.4975,0,0,0,0,0,3,0,0,0
658707,2021,4,10,"2021-04-10","03:00:00",3,"FL",12,0,1,0,0,0,0,30.62,-87.3132,30.62,-87.3132,0,0,0,0,0,33,0,0,0
658708,2021,4,10,"2021-04-10","03:34:00",3,"FL",12,0,1,0,0,0,0,30.37,-86.67,30.37,-86.67,0,0,0,0,0,91,0,0,0
658709,2021,4,10,"2021-04-10","03:53:00",3,"FL",12,0,1,0,0,0,0,30.53,-86.5,30.53,-86.5,0,0,0,0,0,91,0,0,0
658710,2021,4,10,"2021-04-10","04:59:00",3,"LA",22,0,1.25,0,0,0,0,30.0492,-93.2426,30.0492,-93.2426,0,0,0,0,0,23,0,0,0
658711,2021,4,11,"2021-04-11","02:56:00",3,"FL",12,0,0.88,0,0,0,0,29.49,-82.45,29.49,-82.45,0,0,0,0,0,1,0,0,0
658712,2021,4,11,"2021-04-11","05:15:00",3,"FL",12,0,0.88,0,0,0,0,29.47,-81.34,29.47,-81.34,0,0,0,0,0,35,0,0,0
658713,2021,4,11,"2021-04-11","08:40:00",3,"FL",12,0,1,0,0,0,0,28.58,-81.39,28.58,-81.39,0,0,0,0,0,95,0,0,0
658714,2021,4,11,"2021-04-11","08:42:00",3,"FL",12,0,1.75,0,0,0,0,28.6,-81.34,28.6,-81.34,0,0,0,0,0,95,0,0,0
658715,2021,4,11,"2021-04-11","08:45:00",3,"FL",12,0,1,0,0,0,0,28.63,-81.35,28.63,-81.35,0,0,0,0,0,95,0,0,0
658716,2021,4,11,"2021-04-11","08:48:00",3,"FL",12,0,1.25,0,0,0,0,28.62,-81.29,28.62,-81.29,0,0,0,0,0,117,0,0,0
658717,2021,4,11,"2021-04-11","08:49:00",3,"FL",12,0,1.75,0,0,0,0,28.62,-81.27,28.62,-81.27,0,0,0,0,0,117,0,0,0
658718,2021,4,11,"2021-04-11","08:50:00",3,"FL",12,0,2,0,0,0,0,28.64,-81.25,28.64,-81.25,0,0,0,0,0,117,0,0,0
658719,2021,4,11,"2021-04-11","08:50:00",3,"FL",12,0,1,0,0,0,0,28.66,-81.31,28.66,-81.31,0,0,0,0,0,117,0,0,0
658720,2021,4,11,"2021-04-11","08:51:00",3,"FL",12,0,1,0,0,0,0,28.61,-81.22,28.61,-81.22,0,0,0,0,0,95,0,0,0
658721,2021,4,11,"2021-04-11","08:54:00",3,"FL",12,0,2,0,0,0,0,28.63,-81.26,28.63,-81.26,0,0,0,0,0,117,0,0,0
658722,2021,4,11,"2021-04-11","08:58:00",3,"FL",12,0,1,0,0,0,0,28.65,-81.2,28.65,-81.2,0,0,0,0,0,117,0,0,0
658723,2021,4,11,"2021-04-11","09:00:00",3,"FL",12,0,1,0,0,0,0,28.65,-81.29,28.65,-81.29,0,0,0,0,0,117,0,0,0
658724,2021,4,11,"2021-04-11","09:03:00",3,"FL",12,0,1.5,0,0,0,0,28.65,-81.17,28.65,-81.17,0,0,0,0,0,117,0,0,0
658725,2021,4,11,"2021-04-11","11:20:00",3,"FL",12,0,2,0,0,0,0,27.55,-81.8,27.55,-81.8,0,0,0,0,0,49,0,0,0
658726,2021,4,11,"2021-04-11","11:25:00",3,"FL",12,0,1,0,0,0,0,27.55,-81.79,27.55,-81.79,0,0,0,0,0,49,0,0,0
658727,2021,4,11,"2021-04-11","13:03:00",3,"FL",12,0,1.75,0,0,0,0,27.06,-80.14,27.06,-80.14,0,0,0,0,0,85,0,0,0
658728,2021,4,11,"2021-04-11","13:06:00",3,"FL",12,0,1,0,0,0,0,27.1,-80.17,27.1,-80.17,0,0,0,0,0,85,0,0,0
658729,2021,4,11,"2021-04-11","13:28:00",3,"FL",12,0,0.88,0,0,0,0,26.54,-80.09,26.54,-80.09,0,0,0,0,0,99,0,0,0
658730,2021,4,11,"2021-04-11","13:30:00",3,"FL",12,0,0.75,0,0,0,0,26.67,-80.22,26.67,-80.22,0,0,0,0,0,99,0,0,0
658731,2021,4,11,"2021-04-11","15:25:00",3,"FL",12,0,0.75,0,0,0,0,25.92,-80.34,25.92,-80.34,0,0,0,0,0,86,0,0,0
658732,2021,4,11,"2021-04-11","15:35:00",3,"FL",12,0,1,0,0,0,0,25.92,-80.34,25.92,-80.34,0,0,0,0,0,86,0,0,0
658733,2021,4,12,"2021-04-12","16:34:00",3,"TX",48,0,0.75,0,0,0,0,31.14,-99.44,31.14,-99.44,0,0,0,0,0,307,0,0,0
658734,2021,4,12,"2021-04-12","16:45:00",3,"TX",48,0,1,0,0,0,0,31.13,-99.35,31.13,-99.35,0,0,0,0,0,307,0,0,0
658735,2021,4,12,"2021-04-12","16:50:00",3,"TX",48,0,0.75,0,0,0,0,31.12,-99.33,31.12,-99.33,0,0,0,0,0,307,0,0,0
658736,2021,4,12,"2021-04-12","17:02:00",3,"TX",48,0,1.5,0,0,0,0,31.01,-99.27,31.01,-99.27,0,0,0,0,0,307,0,0,0
658737,2021,4,12,"2021-04-12","17:04:00",3,"TX",48,0,2,0,0,0,0,31.01,-99.27,31.01,-99.27,0,0,0,0,0,307,0,0,0
658738,2021,4,12,"2021-04-12","17:06:00",3,"TX",48,0,2.75,0,0,0,0,30.99,-99.2,30.99,-99.2,0,0,0,0,0,307,0,0,0
658739,2021,4,12,"2021-04-12","17:06:00",3,"TX",48,0,2.75,0,0,3000,0,30.99,-99.25,30.99,-99.25,0,0,0,0,0,307,0,0,0
658740,2021,4,12,"2021-04-12","17:08:00",3,"TX",48,0,1.75,0,0,0,0,31.01,-99.19,31.01,-99.19,0,0,0,0,0,307,0,0,0
658741,2021,4,12,"2021-04-12","17:12:00",3,"TX",48,0,2.75,0,0,0,0,31.01,-99.18,31.01,-99.18,0,0,0,0,0,307,0,0,0
658742,2021,4,12,"2021-04-12","17:18:00",3,"TX",48,0,2.75,0,0,0,0,31.01,-99.21,31.01,-99.21,0,0,0,0,0,307,0,0,0
658743,2021,4,12,"2021-04-12","17:30:00",3,"TX",48,0,1.75,0,0,0,0,30.93,-99.16,30.93,-99.16,0,0,0,0,0,319,0,0,0
658744,2021,4,12,"2021-04-12","18:02:00",3,"TX",48,0,0.88,0,0,0,0,30.91,-98.98,30.91,-98.98,0,0,0,0,0,319,0,0,0
658745,2021,4,12,"2021-04-12","18:05:00",3,"TX",48,0,1.75,0,0,0,0,30.85,-98.93,30.85,-98.93,0,0,0,0,0,299,0,0,0
658746,2021,4,12,"2021-04-12","18:08:00",3,"TX",48,0,1,0,0,0,0,30.74,-99.23,30.74,-99.23,0,0,0,0,0,319,0,0,0
658747,2021,4,12,"2021-04-12","18:09:00",3,"TX",48,0,1,0,0,0,0,30.74,-99.22,30.74,-99.22,0,0,0,0,0,319,0,0,0
658748,2021,4,12,"2021-04-12","18:11:00",3,"TX",48,0,1.25,0,0,0,0,30.75,-99.23,30.75,-99.23,0,0,0,0,0,319,0,0,0
658749,2021,4,12,"2021-04-12","18:35:00",3,"TX",48,0,2.75,0,0,0,0,30.77,-98.75,30.77,-98.75,0,0,0,0,0,299,0,0,0
658750,2021,4,12,"2021-04-12","18:38:00",3,"TX",48,0,3,0,0,0,0,30.75,-98.79,30.75,-98.79,0,0,0,0,0,299,0,0,0
658751,2021,4,12,"2021-04-12","18:41:00",3,"TX",48,0,1.75,0,0,0,0,30.75,-98.83,30.75,-98.83,0,0,0,0,0,299,0,0,0
658752,2021,4,12,"2021-04-12","18:43:00",3,"TX",48,0,2.5,0,0,0,0,30.75,-98.68,30.75,-98.68,0,0,0,0,0,299,0,0,0
658753,2021,4,12,"2021-04-12","18:45:00",3,"TX",48,0,1.75,0,0,0,0,30.75,-98.67,30.75,-98.67,0,0,0,0,0,299,0,0,0
658754,2021,4,12,"2021-04-12","18:47:00",3,"TX",48,0,2,0,0,0,0,30.76,-98.68,30.76,-98.68,0,0,0,0,0,299,0,0,0
658755,2021,4,12,"2021-04-12","18:49:00",3,"TX",48,0,2.75,0,0,1000,0,30.77,-98.81,30.77,-98.81,0,0,0,0,0,299,0,0,0
658756,2021,4,12,"2021-04-12","18:54:00",3,"TX",48,0,1.75,0,0,0,0,30.73,-98.65,30.73,-98.65,0,0,0,0,0,299,0,0,0
658757,2021,4,12,"2021-04-12","21:20:00",3,"TX",48,0,2,0,0,0,0,32.46,-99.87,32.46,-99.87,0,0,0,0,0,441,0,0,0
658758,2021,4,12,"2021-04-12","21:28:00",3,"TX",48,0,1.75,0,0,0,0,31.22,-99.76,31.22,-99.76,0,0,0,0,0,95,0,0,0
658759,2021,4,12,"2021-04-12","21:33:00",3,"TX",48,0,1,0,0,0,0,32.51,-99.75,32.51,-99.75,0,0,0,0,0,441,0,0,0
658760,2021,4,12,"2021-04-12","21:35:00",3,"TX",48,0,1,0,0,0,0,32.5,-99.74,32.5,-99.74,0,0,0,0,0,441,0,0,0
658761,2021,4,12,"2021-04-12","21:37:00",3,"TX",48,0,2,0,0,2e+05,0,32.72,-98.9,32.72,-98.9,0,0,0,0,0,429,0,0,0
658762,2021,4,12,"2021-04-12","21:40:00",3,"TX",48,0,2.5,0,0,30000,0,32.7091,-98.8513,32.7091,-98.8513,0,0,0,0,0,429,0,0,0
658763,2021,4,12,"2021-04-12","22:20:00",3,"TX",48,0,1.5,0,0,0,0,33.01,-99.05,33.01,-99.05,0,0,0,0,0,447,0,0,0
658764,2021,4,12,"2021-04-12","22:30:00",3,"TX",48,0,2.75,0,0,0,0,31.35,-99.55,31.35,-99.55,0,0,0,0,0,307,0,0,0
658765,2021,4,13,"2021-04-13","01:35:00",3,"TX",48,0,2.5,0,0,1e+06,0,32.47,-98.68,32.47,-98.68,0,0,0,0,0,133,0,0,0
658766,2021,4,13,"2021-04-13","01:48:00",3,"TX",48,0,1.5,0,0,0,0,32.59,-97.1,32.59,-97.1,0,0,0,0,0,439,0,0,0
658767,2021,4,13,"2021-04-13","01:53:00",3,"TX",48,0,0.75,0,0,0,0,32.58,-97.09,32.58,-97.09,0,0,0,0,0,439,0,0,0
658768,2021,4,13,"2021-04-13","02:39:00",3,"TX",48,0,0.75,0,0,0,0,32.59,-96.93,32.59,-96.93,0,0,0,0,0,113,0,0,0
658769,2021,4,13,"2021-04-13","02:56:00",3,"TX",48,0,1.75,0,0,25000,0,32.33,-98.12,32.33,-98.12,0,0,0,0,0,143,0,0,0
658770,2021,4,13,"2021-04-13","08:50:00",3,"LA",22,0,1,0,0,0,0,29.77,-91.48,29.77,-91.48,0,0,0,0,0,101,0,0,0
658771,2021,4,13,"2021-04-13","09:08:00",3,"LA",22,0,1,0,0,0,0,29.82,-90.96,29.82,-90.96,0,0,0,0,0,7,0,0,0
658772,2021,4,13,"2021-04-13","09:35:00",3,"LA",22,0,1,0,0,0,0,30.12,-90.87,30.12,-90.87,0,0,0,0,0,93,0,0,0
658773,2021,4,13,"2021-04-13","10:24:00",3,"LA",22,0,1,0,0,0,0,29.82,-90.82,29.82,-90.82,0,0,0,0,0,57,0,0,0
658774,2021,4,13,"2021-04-13","12:15:00",3,"LA",22,0,1,0,0,0,0,29.53,-90.33,29.53,-90.33,0,0,0,0,0,57,0,0,0
658775,2021,4,13,"2021-04-13","15:35:00",3,"TX",48,0,1,0,0,0,0,32.72,-102.65,32.72,-102.65,0,0,0,0,0,165,0,0,0
658776,2021,4,13,"2021-04-13","15:45:00",3,"OK",40,0,0.75,0,0,0,0,34.66,-99.29,34.66,-99.29,0,0,0,0,0,65,0,0,0
658777,2021,4,13,"2021-04-13","15:53:00",3,"TX",48,0,1.5,0,0,0,0,31.6502,-94.6157,31.6502,-94.6157,0,0,0,0,0,347,0,0,0
658778,2021,4,13,"2021-04-13","15:55:00",3,"TX",48,0,1,0,0,0,0,31.6611,-94.6103,31.6611,-94.6103,0,0,0,0,0,347,0,0,0
658779,2021,4,13,"2021-04-13","16:32:00",3,"TX",48,0,1,0,0,0,0,31.6422,-94.53,31.6422,-94.53,0,0,0,0,0,347,0,0,0
658780,2021,4,13,"2021-04-13","16:33:00",3,"OK",40,0,1,0,0,0,0,34.51,-99.14,34.51,-99.14,0,0,0,0,0,141,0,0,0
658781,2021,4,13,"2021-04-13","16:57:00",3,"OK",40,0,0.88,0,0,0,0,35.17,-98.44,35.17,-98.44,0,0,0,0,0,15,0,0,0
658782,2021,4,13,"2021-04-13","17:53:00",3,"TX",48,0,1.25,0,0,0,0,32.0326,-94.3729,32.0326,-94.3729,0,0,0,0,0,365,0,0,0
658783,2021,4,13,"2021-04-13","18:30:00",3,"TX",48,0,1.25,0,0,0,0,32.1818,-94.2749,32.1818,-94.2749,0,0,0,0,0,365,0,0,0
658784,2021,4,13,"2021-04-13","18:38:00",3,"TX",48,0,1,0,0,0,0,34.09,-98.7,34.09,-98.7,0,0,0,0,0,485,0,0,0
658785,2021,4,13,"2021-04-13","18:44:00",3,"TX",48,0,1,0,0,0,0,34.09,-98.62,34.09,-98.62,0,0,0,0,0,485,0,0,0
658786,2021,4,13,"2021-04-13","19:00:00",3,"TX",48,0,1,0,0,0,0,32.3102,-94.1661,32.3102,-94.1661,0,0,0,0,0,365,0,0,0
658787,2021,4,14,"2021-04-14","00:28:00",3,"TX",48,0,1,0,0,0,0,32.4168,-95.227,32.4168,-95.227,0,0,0,0,0,423,0,0,0
658788,2021,4,14,"2021-04-14","04:20:00",3,"AR",5,0,0.88,0,0,0,0,33.92,-92.85,33.92,-92.85,0,0,0,0,0,39,0,0,0
658789,2021,4,14,"2021-04-14","04:27:00",3,"TX",48,0,1,0,0,0,0,33.5058,-94.5975,33.5058,-94.5975,0,0,0,0,0,37,0,0,0
658790,2021,4,14,"2021-04-14","04:45:00",3,"LA",22,0,1,0,0,0,0,31.5777,-92.5284,31.5777,-92.5284,0,0,0,0,0,43,0,0,0
658791,2021,4,14,"2021-04-14","05:09:00",3,"AR",5,0,1,0,0,0,0,34.0341,-94.3291,34.0341,-94.3291,0,0,0,0,0,133,0,0,0
658792,2021,4,14,"2021-04-14","05:25:00",3,"TX",48,0,1.5,0,0,0,0,30.73,-93.9,30.73,-93.9,0,0,0,0,0,241,0,0,0
658793,2021,4,14,"2021-04-14","05:39:00",3,"TX",48,0,1.75,0,0,0,0,30.66,-93.9,30.66,-93.9,0,0,0,0,0,241,0,0,0
658794,2021,4,14,"2021-04-14","07:58:00",3,"LA",22,0,1,0,0,0,0,30.05,-93.23,30.05,-93.23,0,0,0,0,0,23,0,0,0
658795,2021,4,14,"2021-04-14","08:30:00",3,"LA",22,0,1,0,0,0,0,30.43,-91.11,30.43,-91.11,0,0,0,0,0,33,0,0,0
658796,2021,4,14,"2021-04-14","14:55:00",3,"TX",48,0,1,0,0,0,0,32.49,-100.11,32.49,-100.11,0,0,0,0,0,441,0,0,0
658797,2021,4,14,"2021-04-14","15:30:00",3,"TX",48,0,1.75,0,0,0,0,32.25,-99.99,32.25,-99.99,0,0,0,0,0,441,0,0,0
658798,2021,4,14,"2021-04-14","15:31:00",3,"TX",48,0,1.5,0,0,0,0,32.76,-99.89,32.76,-99.89,0,0,0,0,0,253,0,0,0
658799,2021,4,14,"2021-04-14","15:31:00",3,"TX",48,0,1.75,0,0,0,0,32.75,-99.9,32.75,-99.9,0,0,0,0,0,253,0,0,0
658800,2021,4,14,"2021-04-14","15:32:00",3,"TX",48,0,2.75,0,0,0,0,32.75,-99.9,32.75,-99.9,0,0,0,0,0,253,0,0,0
658801,2021,4,14,"2021-04-14","15:50:00",3,"TX",48,0,1.5,0,0,0,0,32.36,-99.74,32.36,-99.74,0,0,0,0,0,441,0,0,0
658802,2021,4,14,"2021-04-14","15:50:00",3,"TX",48,0,1,0,0,0,0,32.32,-99.76,32.32,-99.76,0,0,0,0,0,441,0,0,0
658803,2021,4,14,"2021-04-14","15:52:00",3,"TX",48,0,1,0,0,0,0,32.35,-99.78,32.35,-99.78,0,0,0,0,0,441,0,0,0
658804,2021,4,14,"2021-04-14","15:53:00",3,"TX",48,0,1,0,0,0,0,32.32,-99.75,32.32,-99.75,0,0,0,0,0,441,0,0,0
658805,2021,4,14,"2021-04-14","15:58:00",3,"TX",48,0,1,0,0,0,0,32.32,-99.76,32.32,-99.76,0,0,0,0,0,441,0,0,0
658806,2021,4,14,"2021-04-14","15:59:00",3,"TX",48,0,1.5,0,0,0,0,32.32,-99.76,32.32,-99.76,0,0,0,0,0,441,0,0,0
658807,2021,4,14,"2021-04-14","16:00:00",3,"TX",48,0,1.25,0,0,0,0,32.37,-99.73,32.37,-99.73,0,0,0,0,0,441,0,0,0
658808,2021,4,14,"2021-04-14","17:52:00",3,"NC",37,0,1.75,0,0,0,0,36.36,-77.67,36.36,-77.67,0,0,0,0,0,83,0,0,0
658809,2021,4,14,"2021-04-14","17:56:00",3,"NC",37,0,1,0,0,0,0,36.34,-77.65,36.34,-77.65,0,0,0,0,0,83,0,0,0
658810,2021,4,14,"2021-04-14","18:34:00",3,"NC",37,0,1.75,0,0,0,0,36.27,-77.29,36.27,-77.29,0,0,0,0,0,131,0,0,0
658811,2021,4,14,"2021-04-14","19:10:00",3,"NC",37,0,2.75,0,0,5000,0,36.11,-76.94,36.11,-76.94,0,0,0,0,0,15,0,0,0
658812,2021,4,14,"2021-04-14","19:43:00",3,"NC",37,0,1.75,0,0,0,0,35.9354,-76.6305,35.9354,-76.6305,0,0,0,0,0,187,0,0,0
658813,2021,4,15,"2021-04-15","03:50:00",3,"MS",28,0,1,0,0,0,0,31.35,-88.94,31.35,-88.94,0,0,0,0,0,111,0,0,0
658814,2021,4,15,"2021-04-15","04:00:00",3,"MS",28,0,1.75,0,0,0,0,31.4,-88.74,31.4,-88.74,0,0,0,0,0,41,0,0,0
658815,2021,4,15,"2021-04-15","06:56:00",3,"AL",1,0,1,0,0,0,0,30.39,-87.72,30.39,-87.72,0,0,0,0,0,3,0,0,0
658816,2021,4,15,"2021-04-15","07:40:00",3,"LA",22,0,1,0,0,0,0,30.93,-90.52,30.93,-90.52,0,0,0,0,0,105,0,0,0
658817,2021,4,15,"2021-04-15","07:53:00",3,"TX",48,0,1.75,0,0,0,0,30.64,-100.64,30.64,-100.64,0,0,0,0,0,435,0,0,0
658818,2021,4,15,"2021-04-15","08:50:00",3,"TX",48,0,1,0,0,0,0,30.49,-100.05,30.49,-100.05,0,0,0,0,0,267,0,0,0
658819,2021,4,15,"2021-04-15","09:20:00",3,"TX",48,0,1.25,0,0,0,0,30.48,-100.05,30.48,-100.05,0,0,0,0,0,267,0,0,0
658820,2021,4,15,"2021-04-15","09:35:00",3,"TX",48,0,1,0,0,0,0,30.48,-100.05,30.48,-100.05,0,0,0,0,0,267,0,0,0
658821,2021,4,15,"2021-04-15","10:25:00",3,"TX",48,0,1,0,0,0,0,31.14,-99.33,31.14,-99.33,0,0,0,0,0,307,0,0,0
658822,2021,4,15,"2021-04-15","11:29:00",3,"TX",48,0,2.75,0,0,0,0,30.56,-99.01,30.56,-99.01,0,0,0,0,0,319,0,0,0
658823,2021,4,15,"2021-04-15","12:10:00",3,"TX",48,0,0.75,0,0,0,0,32.92,-99.22,32.92,-99.22,0,0,0,0,0,417,0,0,0
658824,2021,4,15,"2021-04-15","12:40:00",3,"TX",48,0,0.88,0,0,0,0,31.53,-99.1,31.53,-99.1,0,0,0,0,0,49,0,0,0
658825,2021,4,15,"2021-04-15","13:01:00",3,"TX",48,0,0.88,0,0,0,0,31.65,-99,31.65,-99,0,0,0,0,0,49,0,0,0
658826,2021,4,15,"2021-04-15","13:07:00",3,"TX",48,0,0.75,0,0,0,0,30.76,-98.22,30.76,-98.22,0,0,0,0,0,53,0,0,0
658827,2021,4,15,"2021-04-15","13:13:00",3,"TX",48,0,1,0,0,0,0,31.9,-99.34,31.9,-99.34,0,0,0,0,0,83,0,0,0
658828,2021,4,15,"2021-04-15","13:49:00",3,"TX",48,0,1,0,0,0,0,30.98,-98.64,30.98,-98.64,0,0,0,0,0,411,0,0,0
658829,2021,4,15,"2021-04-15","14:32:00",3,"TX",48,0,1,0,0,0,0,30.76,-98.23,30.76,-98.23,0,0,0,0,0,53,0,0,0
658830,2021,4,15,"2021-04-15","14:34:00",3,"TX",48,0,2.5,0,0,0,0,30.76,-98.23,30.76,-98.23,0,0,0,0,0,53,0,0,0
658831,2021,4,15,"2021-04-15","14:40:00",3,"TX",48,0,1,0,0,0,0,30.74,-98.06,30.74,-98.06,0,0,0,0,0,53,0,0,0
658832,2021,4,15,"2021-04-15","14:44:00",3,"TX",48,0,0.75,0,0,0,0,31.1,-97.74,31.1,-97.74,0,0,0,0,0,27,0,0,0
658833,2021,4,15,"2021-04-15","14:52:00",3,"TX",48,0,2.75,0,0,0,0,30.75,-98.05,30.75,-98.05,0,0,0,0,0,53,0,0,0
658834,2021,4,15,"2021-04-15","15:00:00",3,"TX",48,0,1.25,0,0,0,0,30.66,-97.91,30.66,-97.91,0,0,0,0,0,491,0,0,0
658835,2021,4,15,"2021-04-15","15:02:00",3,"TX",48,0,1.5,0,0,0,0,30.65,-97.85,30.65,-97.85,0,0,0,0,0,491,0,0,0
658836,2021,4,15,"2021-04-15","15:05:00",3,"TX",48,0,2,0,0,0,0,30.56,-97.84,30.56,-97.84,0,0,0,0,0,491,0,0,0
658837,2021,4,15,"2021-04-15","15:08:00",3,"TX",48,0,1.5,0,0,0,0,30.6165,-97.799,30.6165,-97.799,0,0,0,0,0,491,0,0,0
658838,2021,4,15,"2021-04-15","15:08:00",3,"TX",48,0,1.5,0,0,0,0,30.58,-97.85,30.58,-97.85,0,0,0,0,0,491,0,0,0
658839,2021,4,15,"2021-04-15","15:09:00",3,"TX",48,0,1.75,0,0,0,0,30.55,-97.79,30.55,-97.79,0,0,0,0,0,491,0,0,0
658840,2021,4,15,"2021-04-15","15:11:00",3,"TX",48,0,2,0,0,0,0,30.58,-97.85,30.58,-97.85,0,0,0,0,0,491,0,0,0
658841,2021,4,15,"2021-04-15","15:15:00",3,"TX",48,0,1.75,0,0,0,0,30.53,-97.81,30.53,-97.81,0,0,0,0,0,491,0,0,0
658842,2021,4,15,"2021-04-15","15:17:00",3,"TX",48,0,1.75,0,0,0,0,30.4991,-97.7217,30.4991,-97.7217,0,0,0,0,0,491,0,0,0
658843,2021,4,15,"2021-04-15","15:23:00",3,"TX",48,0,1.75,0,0,0,0,30.53,-97.72,30.53,-97.72,0,0,0,0,0,491,0,0,0
658844,2021,4,15,"2021-04-15","15:25:00",3,"TX",48,0,2,0,0,0,0,30.48,-97.68,30.48,-97.68,0,0,0,0,0,491,0,0,0
658845,2021,4,15,"2021-04-15","15:29:00",3,"TX",48,0,2,0,0,1000,0,30.46,-97.58,30.46,-97.58,0,0,0,0,0,453,0,0,0
658846,2021,4,15,"2021-04-15","15:35:00",3,"TX",48,0,1,0,0,0,0,30.44,-97.59,30.44,-97.59,0,0,0,0,0,453,0,0,0
658847,2021,4,15,"2021-04-15","15:36:00",3,"TX",48,0,2,0,0,0,0,30.47,-97.56,30.47,-97.56,0,0,0,0,0,453,0,0,0
658848,2021,4,15,"2021-04-15","15:44:00",3,"TX",48,0,2.5,0,0,0,0,30.48,-97.61,30.48,-97.61,0,0,0,0,0,453,0,0,0
658849,2021,4,15,"2021-04-15","15:55:00",3,"TX",48,0,1,0,0,0,0,30.35,-97.37,30.35,-97.37,0,0,0,0,0,21,0,0,0
658850,2021,4,15,"2021-04-15","15:55:00",3,"TX",48,0,1.5,0,0,0,0,30.34,-97.37,30.34,-97.37,0,0,0,0,0,21,0,0,0
658851,2021,4,15,"2021-04-15","16:00:00",3,"TX",48,0,1.75,0,0,0,0,30.35,-97.36,30.35,-97.36,0,0,0,0,0,21,0,0,0
658852,2021,4,15,"2021-04-15","18:02:00",3,"TX",48,0,1,0,0,0,0,30.1497,-95.7497,30.1497,-95.7497,0,0,0,0,0,339,0,0,0
658853,2021,4,15,"2021-04-15","18:10:00",3,"TX",48,0,1,0,0,0,0,30.1,-95.62,30.1,-95.62,0,0,0,0,0,201,0,0,0
658854,2021,4,15,"2021-04-15","18:15:00",3,"TX",48,0,1,0,0,0,0,30.1,-95.5,30.1,-95.5,0,0,0,0,0,201,0,0,0
658855,2021,4,15,"2021-04-15","18:20:00",3,"TX",48,0,1.5,0,0,0,0,30.11,-95.52,30.11,-95.52,0,0,0,0,0,201,0,0,0
658856,2021,4,15,"2021-04-15","18:25:00",3,"TX",48,0,0.88,0,0,0,0,30.11,-95.39,30.11,-95.39,0,0,0,0,0,339,0,0,0
658857,2021,4,15,"2021-04-15","18:35:00",3,"TX",48,0,0.88,0,0,0,0,30.1,-95.4,30.1,-95.4,0,0,0,0,0,339,0,0,0
658858,2021,4,15,"2021-04-15","23:10:00",3,"TX",48,0,0.75,0,0,0,0,30.66,-93.9,30.66,-93.9,0,0,0,0,0,241,0,0,0
658859,2021,4,16,"2021-04-16","04:15:00",3,"LA",22,0,1,0,0,0,0,30.11,-92.12,30.11,-92.12,0,0,0,0,0,113,0,0,0
658860,2021,4,16,"2021-04-16","13:16:00",3,"LA",22,0,1,0,0,0,0,31.6918,-93.305,31.6918,-93.305,0,0,0,0,0,69,0,0,0
658861,2021,4,17,"2021-04-17","18:34:00",3,"FL",12,0,0.88,0,0,0,0,29.47,-81.26,29.47,-81.26,0,0,0,0,0,35,0,0,0
658862,2021,4,17,"2021-04-17","18:55:00",3,"FL",12,0,0.75,0,0,0,0,29.47,-81.23,29.47,-81.23,0,0,0,0,0,35,0,0,0
658863,2021,4,18,"2021-04-18","01:10:00",3,"TX",48,0,0.75,0,0,0,0,26.48,-97.78,26.48,-97.78,0,0,0,0,0,489,0,0,0
658864,2021,4,18,"2021-04-18","01:15:00",3,"TX",48,0,0.88,0,0,0,0,26.48,-97.78,26.48,-97.78,0,0,0,0,0,489,0,0,0
658865,2021,4,18,"2021-04-18","08:41:00",3,"FL",12,0,1,0,0,0,0,29.41,-81.11,29.41,-81.11,0,0,0,0,0,127,0,0,0
658866,2021,4,18,"2021-04-18","08:41:00",3,"FL",12,0,1.5,0,0,0,0,29.42,-81.12,29.42,-81.12,0,0,0,0,0,35,0,0,0
658867,2021,4,18,"2021-04-18","08:43:00",3,"FL",12,0,1,0,0,0,0,29.45,-81.18,29.45,-81.18,0,0,0,0,0,35,0,0,0
658868,2021,4,18,"2021-04-18","08:45:00",3,"FL",12,0,1.25,0,0,0,0,29.42,-81.21,29.42,-81.21,0,0,0,0,0,35,0,0,0
658869,2021,4,18,"2021-04-18","09:07:00",3,"FL",12,0,1.5,0,0,0,0,29.47,-81.13,29.47,-81.13,0,0,0,0,0,35,0,0,0
658870,2021,4,19,"2021-04-19","11:38:00",3,"NC",37,0,1,0,0,0,0,36.32,-76.63,36.32,-76.63,0,0,0,0,0,41,0,0,0
658871,2021,4,21,"2021-04-21","10:22:00",3,"PA",42,0,1,0,0,0,0,40.32,-75.64,40.32,-75.64,0,0,0,0,0,11,0,0,0
658872,2021,4,21,"2021-04-21","10:45:00",3,"PA",42,0,0.88,0,0,0,0,40.74,-75.21,40.74,-75.21,0,0,0,0,0,95,0,0,0
658873,2021,4,21,"2021-04-21","11:03:00",3,"PA",42,0,0.88,0,0,0,0,40.19,-75.46,40.19,-75.46,0,0,0,0,0,91,0,0,0
658874,2021,4,21,"2021-04-21","11:20:00",3,"MD",24,0,1,0,0,0,0,39.11,-75.95,39.11,-75.95,0,0,0,0,0,35,0,0,0
658875,2021,4,21,"2021-04-21","11:20:00",3,"MD",24,0,1,0,0,0,0,39.11,-75.95,39.11,-75.95,0,0,0,0,0,35,0,0,0
658876,2021,4,21,"2021-04-21","11:48:00",3,"NJ",34,0,0.88,0,0,0,0,39.89,-74.82,39.89,-74.82,0,0,0,0,0,5,0,0,0
658877,2021,4,21,"2021-04-21","12:12:00",3,"DE",10,0,1,0,0,0,0,38.64,-75.61,38.64,-75.61,0,0,0,0,0,5,0,0,0
658878,2021,4,21,"2021-04-21","12:12:00",3,"DE",10,0,1,0,0,0,0,38.74,-75.6,38.74,-75.6,0,0,0,0,0,5,0,0,0
658879,2021,4,21,"2021-04-21","12:22:00",3,"NJ",34,0,1,0,0,0,0,39.95,-74.32,39.95,-74.32,0,0,0,0,0,29,0,0,0
658880,2021,4,21,"2021-04-21","12:23:00",3,"NJ",34,0,1,0,0,0,0,39.4,-75.04,39.4,-75.04,0,0,0,0,0,11,0,0,0
658881,2021,4,21,"2021-04-21","12:24:00",3,"NJ",34,0,0.88,0,0,0,0,39.4,-75.05,39.4,-75.05,0,0,0,0,0,11,0,0,0
658882,2021,4,21,"2021-04-21","12:30:00",3,"NY",36,0,0.75,0,0,0,0,40.75,-73.94,40.75,-73.94,0,0,0,0,0,81,0,0,0
658883,2021,4,21,"2021-04-21","12:45:00",3,"NY",36,0,0.88,0,0,0,0,41.68,-73.58,41.68,-73.58,0,0,0,0,0,27,0,0,0
658884,2021,4,21,"2021-04-21","13:23:00",3,"CT",9,0,0.75,0,0,0,0,41.83,-73.22,41.83,-73.22,0,0,0,0,0,5,0,0,0
658885,2021,4,21,"2021-04-21","13:46:00",3,"MA",25,0,0.75,0,0,0,0,42.26,-72.53,42.26,-72.53,0,0,0,0,0,15,0,0,0
658886,2021,4,21,"2021-04-21","13:56:00",3,"MA",25,0,0.75,0,0,0,0,42.15,-72.74,42.15,-72.74,0,0,0,0,0,13,0,0,0
658887,2021,4,21,"2021-04-21","14:23:00",3,"CT",9,0,0.88,0,0,0,0,41.84,-73.13,41.84,-73.13,0,0,0,0,0,5,0,0,0
658888,2021,4,23,"2021-04-23","11:38:00",3,"TX",48,0,0.88,0,0,0,0,32.48,-97.82,32.48,-97.82,0,0,0,0,0,221,0,0,0
658889,2021,4,23,"2021-04-23","12:30:00",3,"TX",48,0,0.75,0,0,0,0,32.7283,-97.428,32.7283,-97.428,0,0,0,0,0,439,0,0,0
658890,2021,4,23,"2021-04-23","12:31:00",3,"OK",40,0,1,0,0,0,0,34.59,-98.42,34.59,-98.42,0,0,0,0,0,31,0,0,0
658891,2021,4,23,"2021-04-23","12:33:00",3,"TX",48,0,0.75,0,0,0,0,32.7807,-97.0725,32.7807,-97.0725,0,0,0,0,0,439,0,0,0
658892,2021,4,23,"2021-04-23","12:35:00",3,"TX",48,0,0.75,0,0,0,0,32.7649,-97.1975,32.7649,-97.1975,0,0,0,0,0,439,0,0,0
658893,2021,4,23,"2021-04-23","12:40:00",3,"OK",40,0,0.88,0,0,0,0,34.62,-98.42,34.62,-98.42,0,0,0,0,0,31,0,0,0
658894,2021,4,23,"2021-04-23","12:46:00",3,"TX",48,0,1,0,0,0,0,32.76,-97.03,32.76,-97.03,0,0,0,0,0,113,0,0,0
658895,2021,4,23,"2021-04-23","13:40:00",3,"TX",48,0,0.88,0,0,0,0,32.9788,-96.6392,32.9788,-96.6392,0,0,0,0,0,113,0,0,0
658896,2021,4,23,"2021-04-23","13:40:00",3,"TX",48,0,1,0,0,0,0,32.97,-96.71,32.97,-96.71,0,0,0,0,0,113,0,0,0
658897,2021,4,23,"2021-04-23","13:40:00",3,"TX",48,0,1.75,0,0,20000,0,33.01,-96.61,33.01,-96.61,0,0,0,0,0,85,0,0,0
658898,2021,4,23,"2021-04-23","13:43:00",3,"TX",48,0,1,0,0,0,0,33,-96.61,33,-96.61,0,0,0,0,0,85,0,0,0
658899,2021,4,23,"2021-04-23","13:45:00",3,"TX",48,0,2,0,0,50000,0,33.01,-96.61,33.01,-96.61,0,0,0,0,0,85,0,0,0
658900,2021,4,23,"2021-04-23","14:00:00",3,"TX",48,0,1.75,0,0,30000,0,33.03,-96.44,33.03,-96.44,0,0,0,0,0,85,0,0,0
658901,2021,4,23,"2021-04-23","14:01:00",3,"TX",48,0,0.75,0,0,0,0,33.03,-96.4,33.03,-96.4,0,0,0,0,0,85,0,0,0
658902,2021,4,23,"2021-04-23","14:03:00",3,"TX",48,0,1,0,0,0,0,33.03,-96.44,33.03,-96.44,0,0,0,0,0,85,0,0,0
658903,2021,4,23,"2021-04-23","14:18:00",3,"TX",48,0,1.5,0,0,0,0,33.04,-96.37,33.04,-96.37,0,0,0,0,0,85,0,0,0
658904,2021,4,23,"2021-04-23","14:43:00",3,"TX",48,0,1,0,0,0,0,31.45,-97.38,31.45,-97.38,0,0,0,0,0,309,0,0,0
658905,2021,4,23,"2021-04-23","14:51:00",3,"TX",48,0,0.75,0,0,0,0,31.43,-97.4,31.43,-97.4,0,0,0,0,0,309,0,0,0
658906,2021,4,23,"2021-04-23","15:18:00",3,"TX",48,0,1.75,0,0,0,0,34.2643,-100.3206,34.2643,-100.3206,0,0,0,0,0,101,0,0,0
658907,2021,4,23,"2021-04-23","15:25:00",3,"TX",48,0,0.75,0,0,0,0,32.58,-96.31,32.58,-96.31,0,0,0,0,0,257,0,0,0
658908,2021,4,23,"2021-04-23","15:37:00",3,"OK",40,0,1,0,0,0,0,33.95,-97.15,33.95,-97.15,0,0,0,0,0,85,0,0,0
658909,2021,4,23,"2021-04-23","15:49:00",3,"TX",48,0,1.5,0,0,0,0,34.2177,-100.0877,34.2177,-100.0877,0,0,0,0,0,101,0,0,0
658910,2021,4,23,"2021-04-23","15:52:00",3,"OK",40,0,1,0,0,0,0,35.52,-97.74,35.52,-97.74,0,0,0,0,0,17,0,0,0
658911,2021,4,23,"2021-04-23","15:53:00",3,"OK",40,0,1,0,0,0,0,35.46,-97.73,35.46,-97.73,0,0,0,0,0,17,0,0,0
658912,2021,4,23,"2021-04-23","15:56:00",3,"OK",40,0,1,0,0,0,0,35.51,-97.77,35.51,-97.77,0,0,0,0,0,17,0,0,0
658913,2021,4,23,"2021-04-23","16:00:00",3,"OK",40,0,0.75,0,0,0,0,35.64,-97.66,35.64,-97.66,0,0,0,0,0,109,0,0,0
658914,2021,4,23,"2021-04-23","16:24:00",3,"TX",48,0,1,0,0,0,0,33.57,-99.65,33.57,-99.65,0,0,0,0,0,275,0,0,0
658915,2021,4,23,"2021-04-23","16:29:00",3,"TX",48,0,1.75,0,0,0,0,34.24,-99.77,34.24,-99.77,0,0,0,0,0,197,0,0,0
658916,2021,4,23,"2021-04-23","16:32:00",3,"TX",48,0,1,0,0,0,0,34.21,-99.74,34.21,-99.74,0,0,0,0,0,197,0,0,0
658917,2021,4,23,"2021-04-23","16:34:00",3,"TX",48,0,2,0,0,0,0,33.87,-99.8,33.87,-99.8,0,0,0,0,0,155,0,0,0
658918,2021,4,23,"2021-04-23","16:35:00",3,"TX",48,0,1.5,0,0,0,0,34.22,-99.74,34.22,-99.74,0,0,0,0,0,197,0,0,0
658919,2021,4,23,"2021-04-23","16:41:00",3,"TX",48,0,2.75,0,0,0,0,33.85,-99.8,33.85,-99.8,0,0,0,0,0,155,0,0,0
658920,2021,4,23,"2021-04-23","16:45:00",3,"TX",48,0,3.5,0,0,0,0,33.86,-99.66,33.86,-99.66,0,0,0,0,0,155,0,0,0
658921,2021,4,23,"2021-04-23","17:05:00",3,"TX",48,0,3.37,0,0,0,0,34.15,-99.73,34.15,-99.73,0,0,0,0,0,197,0,0,0
658922,2021,4,23,"2021-04-23","17:06:00",3,"TX",48,0,1,0,0,0,0,31.11,-98.2,31.11,-98.2,0,0,0,0,0,281,0,0,0
658923,2021,4,23,"2021-04-23","17:10:00",3,"TX",48,0,1,0,0,0,0,35.58,-101.19,35.58,-101.19,0,0,0,0,0,65,0,0,0
658924,2021,4,23,"2021-04-23","17:15:00",3,"TX",48,0,1.25,0,0,0,0,33.61,-99.25,33.61,-99.25,0,0,0,0,0,23,0,0,0
658925,2021,4,23,"2021-04-23","17:17:00",3,"TX",48,0,0.75,0,0,0,0,33.6,-96.61,33.6,-96.61,0,0,0,0,0,181,0,0,0
658926,2021,4,23,"2021-04-23","17:25:00",3,"TX",48,0,2,0,0,0,0,34.4311,-100.4299,34.4311,-100.4299,0,0,0,0,0,191,0,0,0
658927,2021,4,23,"2021-04-23","17:40:00",3,"TX",48,0,0.75,0,0,0,0,29.48,-98.71,29.48,-98.71,0,0,0,0,0,29,0,0,0
658928,2021,4,23,"2021-04-23","17:43:00",3,"TX",48,0,1,0,0,0,0,34.3266,-100.38,34.3266,-100.38,0,0,0,0,0,75,0,0,0
658929,2021,4,23,"2021-04-23","17:47:00",3,"TX",48,0,3,0,0,0,0,34.13,-99.13,34.13,-99.13,0,0,0,0,0,487,0,0,0
658930,2021,4,23,"2021-04-23","17:50:00",3,"TX",48,0,3,0,0,0,0,34.12,-99.19,34.12,-99.19,0,0,0,0,0,487,0,0,0
658931,2021,4,23,"2021-04-23","17:50:00",3,"TX",48,0,1.75,0,0,0,0,34.12,-99.15,34.12,-99.15,0,0,0,0,0,487,0,0,0
658932,2021,4,23,"2021-04-23","17:59:00",3,"TX",48,0,2,0,0,0,0,34.03,-99.14,34.03,-99.14,0,0,0,0,0,487,0,0,0
658933,2021,4,23,"2021-04-23","18:00:00",3,"TX",48,0,2,0,0,0,0,34.03,-99.09,34.03,-99.09,0,0,0,0,0,487,0,0,0
658934,2021,4,23,"2021-04-23","18:06:00",3,"TX",48,0,2,0,0,0,0,34.08,-99.03,34.08,-99.03,0,0,0,0,0,487,0,0,0
658935,2021,4,23,"2021-04-23","18:08:00",3,"TX",48,0,1,0,0,0,0,29.45,-98.53,29.45,-98.53,0,0,0,0,0,29,0,0,0
658936,2021,4,23,"2021-04-23","18:10:00",3,"TX",48,0,2,0,0,0,0,34.07,-99.04,34.07,-99.04,0,0,0,0,0,487,0,0,0
658937,2021,4,23,"2021-04-23","18:12:00",3,"TX",48,0,1,0,0,0,0,29.42,-98.51,29.42,-98.51,0,0,0,0,0,29,0,0,0
658938,2021,4,23,"2021-04-23","18:13:00",3,"TX",48,0,1,0,0,0,0,34.07,-99.01,34.07,-99.01,0,0,0,0,0,487,0,0,0
658939,2021,4,23,"2021-04-23","18:16:00",3,"TX",48,0,1,0,0,0,0,34.06,-98.99,34.06,-98.99,0,0,0,0,0,487,0,0,0
658940,2021,4,23,"2021-04-23","18:28:00",3,"TX",48,0,1.75,0,0,0,0,34.03,-98.92,34.03,-98.92,0,0,0,0,0,485,0,0,0
658941,2021,4,23,"2021-04-23","18:35:00",3,"LA",22,0,1.75,0,0,12000,0,31.48,-91.9,31.48,-91.9,0,0,0,0,0,25,0,0,0
658942,2021,4,23,"2021-04-23","18:35:00",3,"LA",22,0,1,0,0,0,0,30.95,-92.19,30.95,-92.19,0,0,0,0,0,9,0,0,0
658943,2021,4,23,"2021-04-23","18:49:00",3,"TX",48,0,1.75,0,0,0,0,28.75,-98.29,28.75,-98.29,0,0,0,0,0,13,0,0,0
658944,2021,4,23,"2021-04-23","18:51:00",3,"TX",48,0,1,0,0,0,0,34.02,-98.88,34.02,-98.88,0,0,0,0,0,485,0,0,0
658945,2021,4,23,"2021-04-23","18:55:00",3,"TX",48,0,1.5,0,0,500,0,28.77,-98.31,28.77,-98.31,0,0,0,0,0,13,0,0,0
658946,2021,4,23,"2021-04-23","18:57:00",3,"TX",48,0,1,0,0,0,0,34.08,-98.56,34.08,-98.56,0,0,0,0,0,485,0,0,0
658947,2021,4,23,"2021-04-23","19:01:00",3,"TX",48,0,1,0,0,0,0,34.08,-98.54,34.08,-98.54,0,0,0,0,0,485,0,0,0
658948,2021,4,23,"2021-04-23","19:05:00",3,"TX",48,0,1,0,0,0,0,34.07,-98.56,34.07,-98.56,0,0,0,0,0,485,0,0,0
658949,2021,4,23,"2021-04-23","19:06:00",3,"LA",22,0,1,0,0,0,0,31.63,-91.56,31.63,-91.56,0,0,0,0,0,29,0,0,0
658950,2021,4,23,"2021-04-23","19:12:00",3,"TX",48,0,1,0,0,0,0,33.98,-98.81,33.98,-98.81,0,0,0,0,0,485,0,0,0
658951,2021,4,23,"2021-04-23","19:24:00",3,"TX",48,0,1,0,0,0,0,33.82,-98.69,33.82,-98.69,0,0,0,0,0,9,0,0,0
658952,2021,4,23,"2021-04-23","19:26:00",3,"OK",40,0,1.25,0,0,0,0,34.36,-98.1,34.36,-98.1,0,0,0,0,0,137,0,0,0
658953,2021,4,23,"2021-04-23","19:35:00",3,"TX",48,0,2.5,0,0,0,0,33.77,-98.69,33.77,-98.69,0,0,0,0,0,9,0,0,0
658954,2021,4,23,"2021-04-23","19:41:00",3,"TX",48,0,1,0,0,0,0,33.85,-98.58,33.85,-98.58,0,0,0,0,0,485,0,0,0
658955,2021,4,23,"2021-04-23","19:44:00",3,"TX",48,0,1,0,0,0,0,33.9,-98.52,33.9,-98.52,0,0,0,0,0,485,0,0,0
658956,2021,4,23,"2021-04-23","19:44:00",3,"TX",48,0,1.5,0,0,0,0,33.82,-98.54,33.82,-98.54,0,0,0,0,0,9,0,0,0
658957,2021,4,23,"2021-04-23","19:45:00",3,"TX",48,0,1,0,0,0,0,33.93,-98.52,33.93,-98.52,0,0,0,0,0,485,0,0,0
658958,2021,4,23,"2021-04-23","19:47:00",3,"TX",48,0,1.25,0,0,0,0,33.85,-98.58,33.85,-98.58,0,0,0,0,0,485,0,0,0
658959,2021,4,23,"2021-04-23","19:47:00",3,"TX",48,0,1,0,0,0,0,33.88,-98.54,33.88,-98.54,0,0,0,0,0,485,0,0,0
658960,2021,4,23,"2021-04-23","19:51:00",3,"TX",48,0,1,0,0,0,0,33.85,-98.51,33.85,-98.51,0,0,0,0,0,485,0,0,0
658961,2021,4,23,"2021-04-23","19:51:00",3,"TX",48,0,1.25,0,0,0,0,33.88,-98.53,33.88,-98.53,0,0,0,0,0,485,0,0,0
658962,2021,4,23,"2021-04-23","19:56:00",3,"TX",48,0,3,0,0,0,0,33.83,-98.55,33.83,-98.55,0,0,0,0,0,9,0,0,0
658963,2021,4,23,"2021-04-23","19:59:00",3,"TX",48,0,3,0,0,0,0,33.76,-98.58,33.76,-98.58,0,0,0,0,0,9,0,0,0
658964,2021,4,23,"2021-04-23","20:18:00",3,"OK",40,0,1,0,0,0,0,34.01,-97.96,34.01,-97.96,0,0,0,0,0,67,0,0,0
658965,2021,4,23,"2021-04-23","20:38:00",3,"TX",48,0,1.75,0,0,0,0,33.71,-98.37,33.71,-98.37,0,0,0,0,0,77,0,0,0
658966,2021,4,23,"2021-04-23","21:05:00",3,"TX",48,0,1.25,0,0,0,0,33.65,-98.04,33.65,-98.04,0,0,0,0,0,77,0,0,0
658967,2021,4,23,"2021-04-23","21:08:00",3,"MS",28,0,0.88,0,0,0,0,31.16,-89.97,31.16,-89.97,0,0,0,0,0,91,0,0,0
658968,2021,4,23,"2021-04-23","21:46:00",3,"TX",48,0,0.75,0,0,0,0,33.65,-97.32,33.65,-97.32,0,0,0,0,0,97,0,0,0
658969,2021,4,23,"2021-04-23","21:57:00",3,"TX",48,0,0.75,0,0,0,0,33.67,-96.91,33.67,-96.91,0,0,0,0,0,181,0,0,0
658970,2021,4,24,"2021-04-24","03:15:00",3,"AL",1,0,1,0,0,0,0,31.45,-87.63,31.45,-87.63,0,0,0,0,0,25,0,0,0
658971,2021,4,24,"2021-04-24","07:42:00",3,"GA",13,0,1.75,0,0,0,0,31.33,-84.34,31.33,-84.34,0,0,0,0,0,7,0,0,0
658972,2021,4,24,"2021-04-24","08:07:00",3,"GA",13,0,1,0,0,0,0,31.32,-83.92,31.32,-83.92,0,0,0,0,0,71,0,0,0
658973,2021,4,24,"2021-04-24","08:44:00",3,"GA",13,0,1,0,0,0,0,31.45,-83.5,31.45,-83.5,0,0,0,0,0,277,0,0,0
658974,2021,4,24,"2021-04-24","08:45:00",3,"GA",13,0,1,0,0,0,0,31.27,-83.46,31.27,-83.46,0,0,0,0,0,75,0,0,0
658975,2021,4,24,"2021-04-24","09:15:00",3,"GA",13,0,1.75,0,0,0,0,31.38,-83.06,31.38,-83.06,0,0,0,0,0,3,0,0,0
658976,2021,4,24,"2021-04-24","09:15:00",3,"FL",12,0,1.75,0,0,0,0,30.71,-85.07,30.71,-85.07,0,0,0,0,0,63,0,0,0
658977,2021,4,24,"2021-04-24","09:44:00",3,"GA",13,0,1,0,0,0,0,31.46,-82.65,31.46,-82.65,0,0,0,0,0,69,0,0,0
658978,2021,4,24,"2021-04-24","10:40:00",3,"FL",12,0,2,0,0,0,0,30.67,-84.24,30.67,-84.24,0,0,0,0,0,73,0,0,0
658979,2021,4,24,"2021-04-24","11:00:00",3,"GA",13,0,2,0,0,0,0,30.7,-83.98,30.7,-83.98,0,0,0,0,0,275,0,0,0
658980,2021,4,24,"2021-04-24","11:15:00",3,"FL",12,0,1,0,0,0,0,30.67,-84.41,30.67,-84.41,0,0,0,0,0,39,0,0,0
658981,2021,4,24,"2021-04-24","11:20:00",3,"GA",13,0,1.75,0,0,0,0,30.72,-84.13,30.72,-84.13,0,0,0,0,0,131,0,0,0
658982,2021,4,24,"2021-04-24","12:08:00",3,"GA",13,0,2,0,0,0,0,30.72,-83.53,30.72,-83.53,0,0,0,0,0,27,0,0,0
658983,2021,4,24,"2021-04-24","12:13:00",3,"GA",13,0,1,0,0,0,0,30.77,-83.27,30.77,-83.27,0,0,0,0,0,185,0,0,0
658984,2021,4,24,"2021-04-24","12:36:00",3,"GA",13,0,1.25,0,0,0,0,30.69,-83.2,30.69,-83.2,0,0,0,0,0,185,0,0,0
658985,2021,4,24,"2021-04-24","12:46:00",3,"GA",13,0,0.88,0,0,0,0,30.69,-83.19,30.69,-83.19,0,0,0,0,0,185,0,0,0
658986,2021,4,24,"2021-04-24","13:00:00",3,"GA",13,0,2.5,0,0,0,0,30.7,-83,30.7,-83,0,0,0,0,0,101,0,0,0
658987,2021,4,24,"2021-04-24","13:40:00",3,"FL",12,0,1.75,0,0,0,0,30.44,-82.69,30.44,-82.69,0,0,0,0,0,47,0,0,0
658988,2021,4,24,"2021-04-24","13:40:00",3,"FL",12,0,1,0,0,0,0,30.4406,-82.688,30.4406,-82.688,0,0,0,0,0,47,0,0,0
658989,2021,4,24,"2021-04-24","13:48:00",3,"AL",1,0,1,0,0,0,0,31.41,-87.24,31.41,-87.24,0,0,0,0,0,35,0,0,0
658990,2021,4,24,"2021-04-24","14:21:00",3,"FL",12,0,1,0,0,0,0,30.57,-81.84,30.57,-81.84,0,0,0,0,0,89,0,0,0
658991,2021,4,24,"2021-04-24","14:29:00",3,"AL",1,0,1.75,0,0,0,0,32.2903,-86.1027,32.2903,-86.1027,0,0,0,0,0,101,0,0,0
658992,2021,4,24,"2021-04-24","14:30:00",3,"AL",1,0,1.75,0,0,0,0,31.42,-86.6,31.42,-86.6,0,0,0,0,0,39,0,0,0
658993,2021,4,24,"2021-04-24","14:34:00",3,"AL",1,0,0.88,0,0,0,0,33.59,-87.99,33.59,-87.99,0,0,0,0,0,75,0,0,0
658994,2021,4,24,"2021-04-24","14:34:00",3,"AL",1,0,1,0,0,0,0,33.82,-87.75,33.82,-87.75,0,0,0,0,0,57,0,0,0
658995,2021,4,24,"2021-04-24","14:36:00",3,"AL",1,0,1,0,0,0,0,31.91,-87.74,31.91,-87.74,0,0,0,0,0,25,0,0,0
658996,2021,4,24,"2021-04-24","14:36:00",3,"AL",1,0,1.75,0,0,0,0,31.87,-87.74,31.87,-87.74,0,0,0,0,0,25,0,0,0
658997,2021,4,24,"2021-04-24","14:36:00",3,"AL",1,0,2.75,0,0,0,0,31.84,-87.76,31.84,-87.76,0,0,0,0,0,25,0,0,0
658998,2021,4,24,"2021-04-24","14:37:00",3,"FL",12,0,0.88,0,0,0,0,30.48,-81.7,30.48,-81.7,0,0,0,0,0,31,0,0,0
658999,2021,4,24,"2021-04-24","14:40:00",3,"TN",47,0,0.75,0,0,0,0,35.45,-86.8,35.45,-86.8,0,0,0,0,0,117,0,0,0
659000,2021,4,24,"2021-04-24","14:42:00",3,"FL",12,0,0.75,0,0,0,0,30.62,-81.55,30.62,-81.55,0,0,0,0,0,89,0,0,0
659001,2021,4,24,"2021-04-24","14:42:00",3,"FL",12,0,0.75,0,0,0,0,30.63,-81.57,30.63,-81.57,0,0,0,0,0,89,0,0,0
659002,2021,4,24,"2021-04-24","14:44:00",3,"AL",1,0,1.75,0,0,0,0,32.4,-85.93,32.4,-85.93,0,0,0,0,0,87,0,0,0
659003,2021,4,24,"2021-04-24","14:45:00",3,"FL",12,0,0.75,0,0,0,0,30.63,-81.56,30.63,-81.56,0,0,0,0,0,89,0,0,0
659004,2021,4,24,"2021-04-24","14:51:00",3,"AL",1,0,1,0,0,0,0,31.9,-87.46,31.9,-87.46,0,0,0,0,0,131,0,0,0
659005,2021,4,24,"2021-04-24","15:04:00",3,"AL",1,0,1,0,0,0,0,34.21,-87.05,34.21,-87.05,0,0,0,0,0,43,0,0,0
659006,2021,4,24,"2021-04-24","15:05:00",3,"AL",1,0,1,0,0,0,0,34.57,-87.37,34.57,-87.37,0,0,0,0,0,79,0,0,0
659007,2021,4,24,"2021-04-24","15:08:00",3,"AL",1,0,1,0,0,0,0,32.6,-85.58,32.6,-85.58,0,0,0,0,0,81,0,0,0
659008,2021,4,24,"2021-04-24","15:14:00",3,"AL",1,0,1,0,0,0,0,34.24,-86.87,34.24,-86.87,0,0,0,0,0,43,0,0,0
659009,2021,4,24,"2021-04-24","15:14:00",3,"AL",1,0,1,0,0,0,0,31.75,-87.64,31.75,-87.64,0,0,0,0,0,25,0,0,0
659010,2021,4,24,"2021-04-24","15:15:00",3,"TN",47,0,0.75,0,0,0,0,35.85,-86.42,35.85,-86.42,0,0,0,0,0,149,0,0,0
659011,2021,4,24,"2021-04-24","15:17:00",3,"AL",1,0,1.25,0,0,0,0,32.6535,-85.4867,32.6535,-85.4867,0,0,0,0,0,81,0,0,0
659012,2021,4,24,"2021-04-24","15:18:00",3,"GA",13,0,1,0,0,0,0,33.72,-84.25,33.72,-84.25,0,0,0,0,0,89,0,0,0
659013,2021,4,24,"2021-04-24","15:18:00",3,"GA",13,0,1,0,0,0,0,33.72,-84.33,33.72,-84.33,0,0,0,0,0,89,0,0,0
659014,2021,4,24,"2021-04-24","15:20:00",3,"AL",1,0,1,0,0,0,0,34.25,-86.69,34.25,-86.69,0,0,0,0,0,43,0,0,0
659015,2021,4,24,"2021-04-24","15:21:00",3,"AL",1,0,0.75,0,0,0,0,34.24,-86.86,34.24,-86.86,0,0,0,0,0,43,0,0,0
659016,2021,4,24,"2021-04-24","15:21:00",3,"TN",47,0,0.75,0,0,0,0,35.92,-86.9,35.92,-86.9,0,0,0,0,0,187,0,0,0
659017,2021,4,24,"2021-04-24","15:22:00",3,"GA",13,0,1.75,0,0,4e+06,0,33.75,-84.3,33.75,-84.3,0,0,0,0,0,89,0,0,0
659018,2021,4,24,"2021-04-24","15:22:00",3,"GA",13,0,0.88,0,0,0,0,33.7577,-84.2982,33.7577,-84.2982,0,0,0,0,0,89,0,0,0
659019,2021,4,24,"2021-04-24","15:23:00",3,"TN",47,0,0.75,0,0,0,0,35.8,-86.92,35.8,-86.92,0,0,0,0,0,187,0,0,0
659020,2021,4,24,"2021-04-24","15:30:00",3,"AL",1,0,1,0,0,0,0,31.44,-85.64,31.44,-85.64,0,0,0,0,0,45,0,0,0
659021,2021,4,24,"2021-04-24","15:30:00",3,"AL",1,0,1,0,0,0,0,34.33,-86.76,34.33,-86.76,0,0,0,0,0,103,0,0,0
659022,2021,4,24,"2021-04-24","15:30:00",3,"GA",13,0,1,0,0,0,0,33.81,-84.15,33.81,-84.15,0,0,0,0,0,89,0,0,0
659023,2021,4,24,"2021-04-24","15:33:00",3,"AL",1,0,1,0,0,0,0,34.3,-86.59,34.3,-86.59,0,0,0,0,0,43,0,0,0
659024,2021,4,24,"2021-04-24","15:35:00",3,"AL",1,0,0.88,0,0,0,0,34.66,-86.88,34.66,-86.88,0,0,0,0,0,83,0,0,0
659025,2021,4,24,"2021-04-24","15:35:00",3,"AL",1,0,1,0,0,0,0,34.31,-86.53,34.31,-86.53,0,0,0,0,0,95,0,0,0
659026,2021,4,24,"2021-04-24","15:39:00",3,"AL",1,0,1,0,0,0,0,32.83,-85.17,32.83,-85.17,0,0,0,0,0,17,0,0,0
659027,2021,4,24,"2021-04-24","15:39:00",3,"AL",1,0,2,0,0,0,0,32.88,-85.18,32.88,-85.18,0,0,0,0,0,17,0,0,0
659028,2021,4,24,"2021-04-24","15:40:00",3,"GA",13,0,1.5,0,0,0,0,32.875,-85.1447,32.875,-85.1447,0,0,0,0,0,285,0,0,0
659029,2021,4,24,"2021-04-24","15:44:00",3,"AL",1,0,1,0,0,0,0,33.82,-86.82,33.82,-86.82,0,0,0,0,0,73,0,0,0
659030,2021,4,24,"2021-04-24","15:44:00",3,"AL",1,0,1,0,0,0,0,32.55,-86.22,32.55,-86.22,0,0,0,0,0,51,0,0,0
659031,2021,4,24,"2021-04-24","15:45:00",3,"AL",1,0,1.25,0,0,0,0,31.52,-87.8,31.52,-87.8,0,0,0,0,0,25,0,0,0
659032,2021,4,24,"2021-04-24","15:45:00",3,"AL",1,0,1.25,0,0,0,0,31.51,-87.92,31.51,-87.92,0,0,0,0,0,25,0,0,0
659033,2021,4,24,"2021-04-24","15:46:00",3,"AL",1,0,0.75,0,0,0,0,34.74,-86.74,34.74,-86.74,0,0,0,0,0,89,0,0,0
659034,2021,4,24,"2021-04-24","15:46:00",3,"GA",13,0,1,0,0,0,0,33.9008,-84.0482,33.9008,-84.0482,0,0,0,0,0,135,0,0,0
659035,2021,4,24,"2021-04-24","15:48:00",3,"AL",1,0,2.5,0,0,0,0,34.73,-86.74,34.73,-86.74,0,0,0,0,0,89,0,0,0
659036,2021,4,24,"2021-04-24","15:48:00",3,"AL",1,0,1.75,0,0,0,0,34.74,-86.7,34.74,-86.7,0,0,0,0,0,89,0,0,0
659037,2021,4,24,"2021-04-24","15:48:00",3,"AL",1,0,2.5,0,0,0,0,34.75,-86.67,34.75,-86.67,0,0,0,0,0,89,0,0,0
659038,2021,4,24,"2021-04-24","15:48:00",3,"AL",1,0,1.25,0,0,0,0,34.75,-86.76,34.75,-86.76,0,0,0,0,0,89,0,0,0
659039,2021,4,24,"2021-04-24","15:48:00",3,"AL",1,0,1.25,0,0,0,0,33.87,-86.75,33.87,-86.75,0,0,0,0,0,9,0,0,0
659040,2021,4,24,"2021-04-24","15:50:00",3,"AL",1,0,0.75,0,0,0,0,34.77,-86.65,34.77,-86.65,0,0,0,0,0,89,0,0,0
659041,2021,4,24,"2021-04-24","15:50:00",3,"AL",1,0,2,0,0,0,0,34.33,-86.29,34.33,-86.29,0,0,0,0,0,95,0,0,0
659042,2021,4,24,"2021-04-24","15:50:00",3,"AL",1,0,2,0,0,0,0,34.76,-86.79,34.76,-86.79,0,0,0,0,0,83,0,0,0
659043,2021,4,24,"2021-04-24","15:53:00",3,"AL",1,0,1.25,0,0,0,0,34.76,-86.63,34.76,-86.63,0,0,0,0,0,89,0,0,0
659044,2021,4,24,"2021-04-24","15:55:00",3,"AL",1,0,1.75,0,0,0,0,34.3,-86.36,34.3,-86.36,0,0,0,0,0,95,0,0,0
659045,2021,4,24,"2021-04-24","15:55:00",3,"GA",13,0,1,0,0,0,0,33.0374,-85.0311,33.0374,-85.0311,0,0,0,0,0,285,0,0,0
659046,2021,4,24,"2021-04-24","15:58:00",3,"GA",13,0,1,0,0,0,0,33.0595,-84.9863,33.0595,-84.9863,0,0,0,0,0,285,0,0,0
659047,2021,4,24,"2021-04-24","16:00:00",3,"AL",1,0,1.5,0,0,0,0,34.35,-86.28,34.35,-86.28,0,0,0,0,0,95,0,0,0
659048,2021,4,24,"2021-04-24","16:04:00",3,"AL",1,0,0.75,0,0,0,0,34.74,-86.58,34.74,-86.58,0,0,0,0,0,89,0,0,0
659049,2021,4,24,"2021-04-24","16:05:00",3,"AL",1,0,1,0,0,0,0,34.75,-86.57,34.75,-86.57,0,0,0,0,0,89,0,0,0
659050,2021,4,24,"2021-04-24","16:06:00",3,"AL",1,0,0.75,0,0,0,0,34.8,-86.51,34.8,-86.51,0,0,0,0,0,89,0,0,0
659051,2021,4,24,"2021-04-24","16:08:00",3,"AL",1,0,1.25,0,0,0,0,34.5,-85.62,34.5,-85.62,0,0,0,0,0,49,0,0,0
659052,2021,4,24,"2021-04-24","16:08:00",3,"AL",1,0,1.75,0,0,0,0,31.83,-86.63,31.83,-86.63,0,0,0,0,0,13,0,0,0
659053,2021,4,24,"2021-04-24","16:09:00",3,"GA",13,0,1,0,0,0,0,33.1216,-84.8232,33.1216,-84.8232,0,0,0,0,0,199,0,0,0
659054,2021,4,24,"2021-04-24","16:12:00",3,"AL",1,0,1.75,0,0,0,0,31.57,-86.25,31.57,-86.25,0,0,0,0,0,41,0,0,0
659055,2021,4,24,"2021-04-24","16:13:00",3,"AL",1,0,1.25,0,0,0,0,33.85,-86.42,33.85,-86.42,0,0,0,0,0,9,0,0,0
659056,2021,4,24,"2021-04-24","16:14:00",3,"AL",1,0,1.5,0,0,0,0,33.8,-86.4,33.8,-86.4,0,0,0,0,0,115,0,0,0
659057,2021,4,24,"2021-04-24","16:15:00",3,"AL",1,0,1,0,0,0,0,34.36,-86,34.36,-86,0,0,0,0,0,49,0,0,0
659058,2021,4,24,"2021-04-24","16:16:00",3,"AL",1,0,1.75,0,0,0,0,31.49,-87.42,31.49,-87.42,0,0,0,0,0,99,0,0,0
659059,2021,4,24,"2021-04-24","16:17:00",3,"AL",1,0,1.75,0,0,0,0,31.46,-87.4,31.46,-87.4,0,0,0,0,0,99,0,0,0
659060,2021,4,24,"2021-04-24","16:20:00",3,"AL",1,0,2.75,0,0,0,0,31.51,-87.39,31.51,-87.39,0,0,0,0,0,99,0,0,0
659061,2021,4,24,"2021-04-24","16:22:00",3,"AL",1,0,1.75,0,0,0,0,31.85,-86.21,31.85,-86.21,0,0,0,0,0,41,0,0,0
659062,2021,4,24,"2021-04-24","16:22:00",3,"AL",1,0,1.75,0,0,0,0,31.47,-87.35,31.47,-87.35,0,0,0,0,0,99,0,0,0
659063,2021,4,24,"2021-04-24","16:29:00",3,"AL",1,0,1,0,0,0,0,33.8548,-86.1941,33.8548,-86.1941,0,0,0,0,0,115,0,0,0
659064,2021,4,24,"2021-04-24","16:52:00",3,"AL",1,0,1.25,0,0,0,0,31.6,-86.26,31.6,-86.26,0,0,0,0,0,41,0,0,0
659065,2021,4,24,"2021-04-24","16:53:00",3,"AL",1,0,1.5,0,0,0,0,31.41,-87.24,31.41,-87.24,0,0,0,0,0,35,0,0,0
659066,2021,4,24,"2021-04-24","16:59:00",3,"AL",1,0,1,0,0,0,0,33.82,-85.77,33.82,-85.77,0,0,0,0,0,15,0,0,0
659067,2021,4,24,"2021-04-24","16:59:00",3,"AL",1,0,1,0,0,0,0,34.37,-85.52,34.37,-85.52,0,0,0,0,0,19,0,0,0
659068,2021,4,24,"2021-04-24","17:00:00",3,"GA",13,0,1,0,0,0,0,34.19,-84.25,34.19,-84.25,0,0,0,0,0,117,0,0,0
659069,2021,4,24,"2021-04-24","17:03:00",3,"AL",1,0,0.88,0,0,0,0,34.57,-85.58,34.57,-85.58,0,0,0,0,0,49,0,0,0
659070,2021,4,24,"2021-04-24","17:03:00",3,"GA",13,0,1,0,0,0,0,34.17,-84.25,34.17,-84.25,0,0,0,0,0,117,0,0,0
659071,2021,4,24,"2021-04-24","17:08:00",3,"AL",1,0,1,0,0,0,0,33.86,-85.66,33.86,-85.66,0,0,0,0,0,15,0,0,0
659072,2021,4,24,"2021-04-24","17:18:00",3,"GA",13,0,1,0,0,0,0,34.28,-84.09,34.28,-84.09,0,0,0,0,0,117,0,0,0
659073,2021,4,24,"2021-04-24","17:18:00",3,"GA",13,0,1.25,0,0,0,0,34.29,-84.09,34.29,-84.09,0,0,0,0,0,117,0,0,0
659074,2021,4,24,"2021-04-24","17:23:00",3,"GA",13,0,1,0,0,0,0,34.3202,-84.0742,34.3202,-84.0742,0,0,0,0,0,117,0,0,0
659075,2021,4,24,"2021-04-24","17:25:00",3,"GA",13,0,1.75,0,0,1800000,0,34.38,-83.98,34.38,-83.98,0,0,0,0,0,139,0,0,0
659076,2021,4,24,"2021-04-24","17:28:00",3,"GA",13,0,1.25,0,0,0,0,34.4,-84.01,34.4,-84.01,0,0,0,0,0,85,0,0,0
659077,2021,4,24,"2021-04-24","17:42:00",3,"GA",13,0,1,0,0,0,0,34.4817,-83.8396,34.4817,-83.8396,0,0,0,0,0,139,0,0,0
659078,2021,4,24,"2021-04-24","17:56:00",3,"GA",13,0,1,0,0,0,0,33.6322,-85.0968,33.6322,-85.0968,0,0,0,0,0,45,0,0,0
659079,2021,4,24,"2021-04-24","18:08:00",3,"GA",13,0,0.75,0,0,0,0,34.67,-83.584,34.67,-83.584,0,0,0,0,0,137,0,0,0
659080,2021,4,24,"2021-04-24","18:12:00",3,"GA",13,0,1,0,0,0,0,34.69,-83.51,34.69,-83.51,0,0,0,0,0,137,0,0,0
659081,2021,4,24,"2021-04-24","18:26:00",3,"GA",13,0,1.75,0,0,0,0,31.45,-83.5,31.45,-83.5,0,0,0,0,0,277,0,0,0
659082,2021,4,24,"2021-04-24","18:37:00",3,"AL",1,0,1,0,0,0,0,31.33,-85.85,31.33,-85.85,0,0,0,0,0,31,0,0,0
659083,2021,4,24,"2021-04-24","18:41:00",3,"GA",13,0,1.25,0,0,0,0,33.64,-84.43,33.64,-84.43,0,0,0,0,0,63,0,0,0
659084,2021,4,24,"2021-04-24","19:11:00",3,"AL",1,0,1,0,0,0,0,31.29,-85.73,31.29,-85.73,0,0,0,0,0,45,0,0,0
659085,2021,4,24,"2021-04-24","20:45:00",3,"GA",13,0,1,0,0,0,0,31.06,-82.77,31.06,-82.77,0,0,0,0,0,65,0,0,0
659086,2021,4,24,"2021-04-24","20:48:00",3,"GA",13,0,1,0,0,0,0,31.04,-82.75,31.04,-82.75,0,0,0,0,0,65,0,0,0
659087,2021,4,25,"2021-04-25","05:00:00",3,"FL",12,0,0.75,0,0,0,0,29.57,-81.21,29.57,-81.21,0,0,0,0,0,35,0,0,0
659088,2021,4,26,"2021-04-26","19:00:00",3,"WY",56,0,1.25,0,0,0,0,43.6284,-104.601,43.6284,-104.601,0,0,0,0,0,45,0,0,0
659089,2021,4,26,"2021-04-26","23:50:00",3,"MN",27,0,1.75,0,0,0,0,43.58,-95.53,43.58,-95.53,0,0,0,0,0,105,0,0,0
659090,2021,4,27,"2021-04-27","00:00:00",3,"MN",27,0,0.88,0,0,0,0,44.02,-91.68,44.02,-91.68,0,0,0,0,0,169,0,0,0
659091,2021,4,27,"2021-04-27","00:06:00",3,"MN",27,0,1,0,0,0,0,44.02,-91.65,44.02,-91.65,0,0,0,0,0,169,0,0,0
659092,2021,4,27,"2021-04-27","00:09:00",3,"MN",27,0,1.5,0,0,3000,0,44.02,-91.63,44.02,-91.63,0,0,0,0,0,169,0,0,0
659093,2021,4,27,"2021-04-27","00:10:00",3,"MN",27,0,1.25,0,0,0,0,44.02,-91.63,44.02,-91.63,0,0,0,0,0,169,0,0,0
659094,2021,4,27,"2021-04-27","00:11:00",3,"MN",27,0,1,0,0,0,0,44.01,-91.63,44.01,-91.63,0,0,0,0,0,169,0,0,0
659095,2021,4,27,"2021-04-27","00:34:00",3,"WI",55,0,1,0,0,0,0,44.01,-91.43,44.01,-91.43,0,0,0,0,0,121,0,0,0
659096,2021,4,27,"2021-04-27","00:35:00",3,"WI",55,0,1.25,0,0,0,0,44.01,-91.44,44.01,-91.44,0,0,0,0,0,121,0,0,0
659097,2021,4,27,"2021-04-27","01:00:00",3,"WI",55,0,0.75,0,0,0,0,44.04,-91.27,44.04,-91.27,0,0,0,0,0,63,0,0,0
659098,2021,4,27,"2021-04-27","03:24:00",3,"WI",55,0,1,0,0,0,0,45.17,-90.81,45.17,-90.81,0,0,0,0,0,119,0,0,0
659099,2021,4,27,"2021-04-27","03:25:00",3,"WI",55,0,0.88,0,0,0,0,45.17,-90.81,45.17,-90.81,0,0,0,0,0,119,0,0,0
659100,2021,4,27,"2021-04-27","06:20:00",3,"MN",27,0,1,0,0,0,0,43.83,-94.74,43.83,-94.74,0,0,0,0,0,91,0,0,0
659101,2021,4,27,"2021-04-27","06:34:00",3,"MN",27,0,1.25,0,0,0,0,43.79,-94.55,43.79,-94.55,0,0,0,0,0,91,0,0,0
659102,2021,4,27,"2021-04-27","06:43:00",3,"MN",27,0,1,0,0,0,0,43.8202,-94.4496,43.8202,-94.4496,0,0,0,0,0,91,0,0,0
659103,2021,4,27,"2021-04-27","09:55:00",3,"WI",55,0,0.75,0,0,0,0,45.17,-88.47,45.17,-88.47,0,0,0,0,0,83,0,0,0
659104,2021,4,27,"2021-04-27","10:03:00",3,"WI",55,0,1,0,0,0,0,45.18,-88.5,45.18,-88.5,0,0,0,0,0,83,0,0,0
659105,2021,4,27,"2021-04-27","10:07:00",3,"WI",55,0,0.88,0,0,0,0,45.33,-88.58,45.33,-88.58,0,0,0,0,0,83,0,0,0
659106,2021,4,27,"2021-04-27","10:10:00",3,"WI",55,0,1,0,0,0,0,45.32,-88.04,45.32,-88.04,0,0,0,0,0,75,0,0,0
659107,2021,4,27,"2021-04-27","11:51:00",3,"CO",8,0,1,0,0,0,0,39.17,-104.63,39.17,-104.63,0,0,0,0,0,39,0,0,0
659108,2021,4,27,"2021-04-27","12:34:00",3,"CO",8,0,1,0,0,0,0,39.17,-104.63,39.17,-104.63,0,0,0,0,0,39,0,0,0
659109,2021,4,27,"2021-04-27","13:00:00",3,"CO",8,0,1,0,0,0,0,39.91,-104.41,39.91,-104.41,0,0,0,0,0,1,0,0,0
659110,2021,4,27,"2021-04-27","14:14:00",3,"TX",48,0,2.75,0,0,0,0,33.8107,-100.3364,33.8098,-100.2995,0,0,0,0,0,269,0,0,0
659111,2021,4,27,"2021-04-27","14:29:00",3,"CO",8,0,0.75,0,0,0,0,40.1,-104.93,40.1,-104.93,0,0,0,0,0,123,0,0,0
659112,2021,4,27,"2021-04-27","14:47:00",3,"CO",8,0,1,0,0,0,0,38.85,-103.76,38.85,-103.76,0,0,0,0,0,73,0,0,0
659113,2021,4,27,"2021-04-27","14:49:00",3,"CO",8,0,1.5,0,0,0,0,38.85,-103.76,38.85,-103.76,0,0,0,0,0,73,0,0,0
659114,2021,4,27,"2021-04-27","14:50:00",3,"TX",48,0,2,0,0,0,0,33.75,-99.86,33.75,-99.86,0,0,0,0,0,275,0,0,0
659115,2021,4,27,"2021-04-27","15:21:00",3,"MN",27,0,0.75,0,0,0,0,44.03,-92.64,44.03,-92.64,0,0,0,0,0,109,0,0,0
659116,2021,4,27,"2021-04-27","15:23:00",3,"CO",8,0,1,0,0,0,0,39.07,-103.63,39.07,-103.63,0,0,0,0,0,73,0,0,0
659117,2021,4,27,"2021-04-27","15:28:00",3,"CO",8,0,1,0,0,0,0,39.08,-103.44,39.08,-103.44,0,0,0,0,0,73,0,0,0
659118,2021,4,27,"2021-04-27","15:37:00",3,"TX",48,0,1,0,0,0,0,34.01,-99.22,34.01,-99.22,0,0,0,0,0,487,0,0,0
659119,2021,4,27,"2021-04-27","15:58:00",3,"CO",8,0,0.75,0,0,0,0,40,-103.59,40,-103.59,0,0,0,0,0,87,0,0,0
659120,2021,4,27,"2021-04-27","16:28:00",3,"CO",8,0,0.88,0,0,0,0,39.0808,-103.0723,39.0808,-103.0723,0,0,0,0,0,63,0,0,0
659121,2021,4,27,"2021-04-27","17:05:00",3,"CO",8,0,1.75,0,0,0,0,39.5339,-102.6417,39.5339,-102.6417,0,0,0,0,0,63,0,0,0
659122,2021,4,27,"2021-04-27","17:05:00",3,"CO",8,0,1.75,0,0,0,0,39.5488,-102.6408,39.5488,-102.6408,0,0,0,0,0,63,0,0,0
659123,2021,4,27,"2021-04-27","17:15:00",3,"CO",8,0,0.88,0,0,0,0,40.344,-102.7573,40.344,-102.7573,0,0,0,0,0,125,0,0,0
659124,2021,4,27,"2021-04-27","17:22:00",3,"CO",8,0,1,0,0,0,0,40.35,-102.8,40.35,-102.8,0,0,0,0,0,121,0,0,0
659125,2021,4,27,"2021-04-27","18:28:00",3,"CO",8,0,0.88,0,0,0,0,39.6103,-102.3103,39.6103,-102.3103,0,0,0,0,0,125,0,0,0
659126,2021,4,27,"2021-04-27","18:30:00",3,"CO",8,0,1,0,0,0,0,39.5947,-102.3119,39.5947,-102.3119,0,0,0,0,0,125,0,0,0
659127,2021,4,27,"2021-04-27","18:35:00",3,"TX",48,0,1.75,0,0,0,0,33.32,-99.84,33.32,-99.84,0,0,0,0,0,207,0,0,0
659128,2021,4,27,"2021-04-27","18:45:00",3,"CO",8,0,1,0,0,0,0,39.6755,-102.1159,39.6755,-102.1159,0,0,0,0,0,125,0,0,0
659129,2021,4,27,"2021-04-27","18:48:00",3,"CO",8,0,1.5,0,0,0,0,39.6679,-102.0949,39.6679,-102.0949,0,0,0,0,0,125,0,0,0
659130,2021,4,27,"2021-04-27","19:00:00",3,"KS",20,0,3,0,0,20000,0,39.7394,-102.0501,39.7394,-102.0501,0,0,0,0,0,23,0,0,0
659131,2021,4,27,"2021-04-27","19:00:00",3,"KS",20,0,1.5,0,0,0,0,39.6788,-102.0319,39.6788,-102.0319,0,0,0,0,0,23,0,0,0
659132,2021,4,27,"2021-04-27","19:07:00",3,"TX",48,0,1.25,0,0,0,0,34.03,-98.91,34.03,-98.91,0,0,0,0,0,485,0,0,0
659133,2021,4,27,"2021-04-27","19:09:00",3,"KS",20,0,0.75,0,0,0,0,39.6828,-101.7975,39.6828,-101.7975,0,0,0,0,0,23,0,0,0
659134,2021,4,27,"2021-04-27","19:15:00",3,"KS",20,0,1.5,0,0,0,0,39.7828,-101.877,39.7828,-101.877,0,0,0,0,0,23,0,0,0
659135,2021,4,27,"2021-04-27","19:15:00",3,"KS",20,0,0.75,0,0,0,0,39.7953,-101.834,39.7953,-101.834,0,0,0,0,0,23,0,0,0
659136,2021,4,27,"2021-04-27","19:18:00",3,"KS",20,0,1,0,0,0,0,39.4471,-101.8934,39.4471,-101.8934,0,0,0,0,0,181,0,0,0
659137,2021,4,27,"2021-04-27","19:20:00",3,"KS",20,0,1,0,0,0,0,39.77,-101.8,39.77,-101.8,0,0,0,0,0,23,0,0,0
659138,2021,4,27,"2021-04-27","19:25:00",3,"KS",20,0,0.75,0,0,0,0,39.753,-101.7389,39.753,-101.7389,0,0,0,0,0,23,0,0,0
659139,2021,4,27,"2021-04-27","19:30:00",3,"KS",20,0,0.75,0,0,0,0,39.75,-101.53,39.75,-101.53,0,0,0,0,0,23,0,0,0
659140,2021,4,27,"2021-04-27","19:35:00",3,"KS",20,0,1,0,0,0,0,39.8963,-101.533,39.8963,-101.533,0,0,0,0,0,23,0,0,0
659141,2021,4,27,"2021-04-27","19:35:00",3,"KS",20,0,1,0,0,0,0,39.8573,-101.7629,39.8573,-101.7629,0,0,0,0,0,23,0,0,0
659142,2021,4,27,"2021-04-27","19:42:00",3,"KS",20,0,0.75,0,0,0,0,39.7901,-101.373,39.7901,-101.373,0,0,0,0,0,153,0,0,0
659143,2021,4,27,"2021-04-27","19:59:00",3,"TX",48,0,1,0,0,0,0,32.47,-100.4,32.47,-100.4,0,0,0,0,0,353,0,0,0
659144,2021,4,27,"2021-04-27","20:00:00",3,"TX",48,0,1.25,0,0,0,0,32.48,-100.39,32.48,-100.39,0,0,0,0,0,353,0,0,0
659145,2021,4,27,"2021-04-27","20:09:00",3,"KS",20,0,0.88,0,0,0,0,39.7785,-101.1761,39.7785,-101.1761,0,0,0,0,0,153,0,0,0
659146,2021,4,27,"2021-04-27","20:52:00",3,"TX",48,0,1.75,0,0,0,0,32.6109,-100.8314,32.6109,-100.8314,0,0,0,0,0,415,0,0,0
659147,2021,4,27,"2021-04-27","20:58:00",3,"NE",31,0,0.88,0,0,0,0,41.48,-99.86,41.48,-99.86,0,0,0,0,0,41,0,0,0
659148,2021,4,27,"2021-04-27","21:10:00",3,"TX",48,0,1.75,0,0,0,0,32.53,-100.68,32.53,-100.68,0,0,0,0,0,415,0,0,0
659149,2021,4,27,"2021-04-27","21:25:00",3,"NE",31,0,0.75,0,0,0,0,40.0466,-100.59,40.0466,-100.59,0,0,0,0,0,145,0,0,0
659150,2021,4,27,"2021-04-27","22:56:00",3,"NE",31,0,1,0,0,0,0,40.28,-99.77,40.28,-99.77,0,0,0,0,0,65,0,0,0
659151,2021,4,27,"2021-04-27","23:45:00",3,"TX",48,0,2,0,0,0,0,31.3733,-102.337,31.3733,-102.337,0,0,0,0,0,103,0,0,0
659152,2021,4,27,"2021-04-27","23:54:00",3,"TX",48,0,1,0,0,0,0,32.2987,-100.85,32.2987,-100.85,0,0,0,0,0,335,0,0,0
659153,2021,4,28,"2021-04-28","00:55:00",3,"NE",31,0,0.88,0,0,0,0,40.77,-98.37,40.77,-98.37,0,0,0,0,0,79,0,0,0
659154,2021,4,28,"2021-04-28","13:18:00",3,"TX",48,0,1.25,0,0,0,0,31.89,-100.3,31.89,-100.3,0,0,0,0,0,81,0,0,0
659155,2021,4,28,"2021-04-28","13:31:00",3,"TX",48,0,0.88,0,0,0,0,32.04,-100.11,32.04,-100.11,0,0,0,0,0,399,0,0,0
659156,2021,4,28,"2021-04-28","14:35:00",3,"TX",48,0,1.75,0,0,0,0,31.99,-99.59,31.99,-99.59,0,0,0,0,0,83,0,0,0
659157,2021,4,28,"2021-04-28","15:41:00",3,"TX",48,0,1.5,0,0,0,0,29.37,-100.91,29.37,-100.91,0,0,0,0,0,465,0,0,0
659158,2021,4,28,"2021-04-28","15:45:00",3,"TX",48,0,1.75,0,0,0,0,29.37,-100.85,29.37,-100.85,0,0,0,0,0,465,0,0,0
659159,2021,4,28,"2021-04-28","15:45:00",3,"TX",48,0,1.25,0,0,0,0,32.2355,-101.47,32.2355,-101.47,0,0,0,0,0,227,0,0,0
659160,2021,4,28,"2021-04-28","15:47:00",3,"TX",48,0,3,0,0,0,0,29.33,-100.82,29.33,-100.82,0,0,0,0,0,465,0,0,0
659161,2021,4,28,"2021-04-28","15:49:00",3,"TX",48,0,1,0,0,0,0,32.2295,-101.4458,32.2295,-101.4458,0,0,0,0,0,227,0,0,0
659162,2021,4,28,"2021-04-28","15:50:00",3,"TX",48,0,2,0,0,0,0,29.35,-100.9,29.35,-100.9,0,0,0,0,0,465,0,0,0
659163,2021,4,28,"2021-04-28","15:55:00",3,"TX",48,0,2,0,0,0,0,29.36,-100.79,29.36,-100.79,0,0,0,0,0,465,0,0,0
659164,2021,4,28,"2021-04-28","16:08:00",3,"TX",48,0,0.75,0,0,0,0,33.48,-100.85,33.48,-100.85,0,0,0,0,0,125,0,0,0
659165,2021,4,28,"2021-04-28","16:22:00",3,"TX",48,0,1.25,0,0,0,0,29.32,-100.41,29.32,-100.41,0,0,0,0,0,271,0,0,0
659166,2021,4,28,"2021-04-28","16:35:00",3,"TX",48,0,1.25,0,0,0,0,29.31,-100.42,29.31,-100.42,0,0,0,0,0,271,0,0,0
659167,2021,4,28,"2021-04-28","17:04:00",3,"TX",48,0,1,0,0,0,0,29.31,-100.42,29.31,-100.42,0,0,0,0,0,271,0,0,0
659168,2021,4,28,"2021-04-28","17:05:00",3,"TX",48,0,1.5,0,0,0,0,29.31,-100.42,29.31,-100.42,0,0,0,0,0,271,0,0,0
659169,2021,4,28,"2021-04-28","17:05:00",3,"TX",48,0,2,0,0,0,0,29.32,-100.44,29.32,-100.44,0,0,0,0,0,271,0,0,0
659170,2021,4,28,"2021-04-28","17:07:00",3,"TX",48,0,2.75,0,0,0,0,29.42,-100.01,29.42,-100.01,0,0,0,0,0,463,0,0,0
659171,2021,4,28,"2021-04-28","17:19:00",3,"TX",48,0,2.75,0,0,0,0,29.27,-99.86,29.27,-99.86,0,0,0,0,0,463,0,0,0
659172,2021,4,28,"2021-04-28","17:28:00",3,"TX",48,0,0.75,0,0,0,0,32.53,-98.33,32.53,-98.33,0,0,0,0,0,363,0,0,0
659173,2021,4,28,"2021-04-28","17:50:00",3,"TX",48,0,1.75,0,0,0,0,29.5,-99.71,29.5,-99.71,0,0,0,0,0,463,0,0,0
659174,2021,4,28,"2021-04-28","18:12:00",3,"TX",48,0,2.5,0,0,0,0,29.32,-99.47,29.32,-99.47,0,0,0,0,0,463,0,0,0
659175,2021,4,28,"2021-04-28","18:19:00",3,"TX",48,0,2.75,0,0,0,0,33.1668,-100.2406,33.1518,-100.2274,0,0,0,0,0,433,0,0,0
659176,2021,4,28,"2021-04-28","18:30:00",3,"TX",48,0,2.5,0,0,0,0,29.35,-99.26,29.35,-99.26,0,0,0,0,0,325,0,0,0
659177,2021,4,28,"2021-04-28","18:30:00",3,"TX",48,0,4,0,0,1e+06,0,29.3313,-99.2542,29.3313,-99.2542,0,0,0,0,0,325,0,0,0
659178,2021,4,28,"2021-04-28","18:30:00",3,"TX",48,0,1,0,0,0,0,32.7597,-97.7736,32.7597,-97.7736,0,0,0,0,0,367,0,0,0
659179,2021,4,28,"2021-04-28","18:35:00",3,"TX",48,0,6.42,0,0,0,0,29.342,-99.144,29.342,-99.144,0,0,0,0,0,325,0,0,0
659180,2021,4,28,"2021-04-28","18:35:00",3,"TX",48,0,6,0,0,0,0,29.35,-99.15,29.35,-99.15,0,0,0,0,0,325,0,0,0
659181,2021,4,28,"2021-04-28","18:35:00",3,"TX",48,0,5,0,0,0,0,29.35,-99.14,29.35,-99.14,0,0,0,0,0,325,0,0,0
659182,2021,4,28,"2021-04-28","18:42:00",3,"AR",5,0,1.75,0,0,25000,0,35.4265,-93.7707,35.4265,-93.7707,0,0,0,0,0,47,0,0,0
659183,2021,4,28,"2021-04-28","18:58:00",3,"TX",48,0,1,0,0,0,0,32.83,-97.57,32.83,-97.57,0,0,0,0,0,367,0,0,0
659184,2021,4,28,"2021-04-28","19:00:00",3,"TX",48,0,2.5,0,0,0,0,29.35,-98.99,29.35,-98.99,0,0,0,0,0,325,0,0,0
659185,2021,4,28,"2021-04-28","19:06:00",3,"TX",48,0,1,0,0,0,0,32.8382,-97.491,32.8382,-97.491,0,0,0,0,0,439,0,0,0
659186,2021,4,28,"2021-04-28","19:07:00",3,"TX",48,0,1,0,0,0,0,32.8976,-97.5336,32.8722,-97.3674,0,0,0,0,0,439,0,0,0
659187,2021,4,28,"2021-04-28","19:10:00",3,"TX",48,0,1.75,0,0,0,0,29.37,-98.92,29.37,-98.92,0,0,0,0,0,325,0,0,0
659188,2021,4,28,"2021-04-28","19:14:00",3,"TX",48,0,1.75,0,0,1.8e+07,0,32.874,-97.4256,32.874,-97.4256,0,0,0,0,0,439,0,0,0
659189,2021,4,28,"2021-04-28","19:15:00",3,"TX",48,0,3,0,0,4e+07,0,32.8807,-97.4253,32.8807,-97.4253,0,0,0,0,0,439,0,0,0
659190,2021,4,28,"2021-04-28","19:17:00",3,"TX",48,0,1,0,0,0,0,32.8885,-97.4468,32.8885,-97.4468,0,0,0,0,0,439,0,0,0
659191,2021,4,28,"2021-04-28","19:17:00",3,"TX",48,0,1,0,0,0,0,29.45,-98.7,29.45,-98.7,0,0,0,0,0,29,0,0,0
659192,2021,4,28,"2021-04-28","19:19:00",3,"TX",48,0,1,0,0,0,0,32.9248,-97.3926,32.9248,-97.3926,0,0,0,0,0,439,0,0,0
659193,2021,4,28,"2021-04-28","19:20:00",3,"TX",48,0,2,0,0,1.8e+07,0,32.9047,-97.3577,32.9047,-97.3577,0,0,0,0,0,439,0,0,0
659194,2021,4,28,"2021-04-28","19:21:00",3,"TX",48,0,1.75,0,0,1.8e+07,0,32.88,-97.38,32.88,-97.38,0,0,0,0,0,439,0,0,0
659195,2021,4,28,"2021-04-28","19:22:00",3,"TX",48,0,1.5,0,0,0,0,29.42,-98.65,29.42,-98.65,0,0,0,0,0,29,0,0,0
659196,2021,4,28,"2021-04-28","19:22:00",3,"TX",48,0,1.75,0,0,1.8e+07,0,32.91,-97.32,32.91,-97.32,0,0,0,0,0,439,0,0,0
659197,2021,4,28,"2021-04-28","19:23:00",3,"TX",48,0,1.75,0,0,1.8e+07,0,32.8939,-97.3467,32.8939,-97.3467,0,0,0,0,0,439,0,0,0
659198,2021,4,28,"2021-04-28","19:23:00",3,"TX",48,0,1,0,0,0,0,29.39,-98.66,29.39,-98.66,0,0,0,0,0,29,0,0,0
659199,2021,4,28,"2021-04-28","19:24:00",3,"TX",48,0,1.5,0,0,0,0,32.9,-97.33,32.9,-97.33,0,0,0,0,0,439,0,0,0
659200,2021,4,28,"2021-04-28","19:27:00",3,"TX",48,0,1,0,0,0,0,29.43,-98.75,29.43,-98.75,0,0,0,0,0,29,0,0,0
659201,2021,4,28,"2021-04-28","19:29:00",3,"TX",48,0,2,0,0,1.8e+07,0,32.86,-97.37,32.86,-97.37,0,0,0,0,0,439,0,0,0
659202,2021,4,28,"2021-04-28","19:30:00",3,"TX",48,0,2.5,0,0,4e+07,0,32.94,-97.26,32.94,-97.26,0,0,0,0,0,439,0,0,0
659203,2021,4,28,"2021-04-28","19:30:00",3,"TX",48,0,1.75,0,0,1.8e+07,0,32.93,-97.29,32.93,-97.29,0,0,0,0,0,439,0,0,0
659204,2021,4,28,"2021-04-28","19:30:00",3,"TX",48,0,3,0,0,4e+07,0,32.9039,-97.322,32.9039,-97.322,0,0,0,0,0,439,0,0,0
659205,2021,4,28,"2021-04-28","19:31:00",3,"TX",48,0,1.75,0,0,0,0,33.23,-99.33,33.23,-99.33,0,0,0,0,0,447,0,0,0
659206,2021,4,28,"2021-04-28","19:34:00",3,"OK",40,0,1.75,0,0,0,0,35.23,-97.72,35.23,-97.72,0,0,0,0,0,51,0,0,0
659207,2021,4,28,"2021-04-28","19:35:00",3,"TX",48,0,2,0,0,1.8e+07,0,32.9138,-97.315,32.9138,-97.315,0,0,0,0,0,439,0,0,0
659208,2021,4,28,"2021-04-28","19:35:00",3,"TX",48,0,3,0,0,4e+07,0,32.9305,-97.2166,32.9305,-97.2166,0,0,0,0,0,439,0,0,0
659209,2021,4,28,"2021-04-28","19:35:00",3,"TX",48,0,2.25,0,0,4e+07,0,32.9562,-97.2535,32.9562,-97.2535,0,0,0,0,0,439,0,0,0
659210,2021,4,28,"2021-04-28","19:35:00",3,"TX",48,0,1,0,0,0,0,29.37,-98.65,29.37,-98.65,0,0,0,0,0,29,0,0,0
659211,2021,4,28,"2021-04-28","19:37:00",3,"TX",48,0,2.5,0,0,4e+07,0,32.92,-97.29,32.92,-97.29,0,0,0,0,0,439,0,0,0
659212,2021,4,28,"2021-04-28","19:37:00",3,"TX",48,0,1.75,0,0,0,0,33.18,-99.32,33.18,-99.32,0,0,0,0,0,447,0,0,0
659213,2021,4,28,"2021-04-28","19:38:00",3,"OK",40,0,2.75,0,0,0,0,35.2,-97.71,35.2,-97.71,0,0,0,0,0,51,0,0,0
659214,2021,4,28,"2021-04-28","19:38:00",3,"OK",40,0,1.75,0,0,0,0,35.2,-97.76,35.2,-97.76,0,0,0,0,0,51,0,0,0
659215,2021,4,28,"2021-04-28","19:40:00",3,"TX",48,0,1.75,0,0,0,0,29.48,-98.73,29.48,-98.73,0,0,0,0,0,29,0,0,0
659216,2021,4,28,"2021-04-28","19:40:00",3,"TX",48,0,3.25,0,0,4e+07,0,32.968,-97.2698,32.968,-97.2698,0,0,0,0,0,439,0,0,0
659217,2021,4,28,"2021-04-28","19:40:00",3,"TX",48,0,2.5,0,0,4e+07,0,32.96,-97.23,32.96,-97.23,0,0,0,0,0,439,0,0,0
659218,2021,4,28,"2021-04-28","19:43:00",3,"OK",40,0,1.75,0,0,0,0,35.26,-97.65,35.26,-97.65,0,0,0,0,0,87,0,0,0
659219,2021,4,28,"2021-04-28","19:44:00",3,"OK",40,0,2.75,0,0,0,0,35.16,-97.64,35.16,-97.64,0,0,0,0,0,87,0,0,0
659220,2021,4,28,"2021-04-28","19:45:00",3,"OK",40,0,1.75,0,0,0,0,35.24,-97.62,35.24,-97.62,0,0,0,0,0,87,0,0,0
659221,2021,4,28,"2021-04-28","19:46:00",3,"TX",48,0,1.75,0,0,1.8e+07,0,33,-97.19,33,-97.19,0,0,0,0,0,121,0,0,0
659222,2021,4,28,"2021-04-28","19:50:00",3,"TX",48,0,1.75,0,0,0,0,29.21,-99.79,29.21,-99.79,0,0,0,0,0,463,0,0,0
659223,2021,4,28,"2021-04-28","19:53:00",3,"OK",40,0,2.75,0,0,0,0,35.22,-97.51,35.22,-97.51,0,0,0,0,0,27,0,0,0
659224,2021,4,28,"2021-04-28","19:53:00",3,"OK",40,0,2.75,0,0,0,0,35.26,-97.49,35.26,-97.49,0,0,0,0,0,27,0,0,0
659225,2021,4,28,"2021-04-28","19:54:00",3,"OK",40,0,1.25,0,0,0,0,35.27,-97.5,35.27,-97.5,0,0,0,0,0,27,0,0,0
659226,2021,4,28,"2021-04-28","19:54:00",3,"TX",48,0,1.5,0,0,0,0,33.03,-97.09,33.03,-97.09,0,0,0,0,0,121,0,0,0
659227,2021,4,28,"2021-04-28","19:55:00",3,"OK",40,0,1.5,0,0,0,0,35.26,-97.5,35.26,-97.5,0,0,0,0,0,27,0,0,0
659228,2021,4,28,"2021-04-28","19:55:00",3,"OK",40,0,2.75,0,0,0,0,35.23,-97.49,35.23,-97.49,0,0,0,0,0,27,0,0,0
659229,2021,4,28,"2021-04-28","19:55:00",3,"TX",48,0,1,0,0,0,0,29.52,-98.69,29.52,-98.69,0,0,0,0,0,29,0,0,0
659230,2021,4,28,"2021-04-28","19:57:00",3,"OK",40,0,3,0,0,0,0,35.23,-97.45,35.23,-97.45,0,0,0,0,0,27,0,0,0
659231,2021,4,28,"2021-04-28","19:57:00",3,"OK",40,0,2.75,0,0,0,0,35.23,-97.47,35.23,-97.47,0,0,0,0,0,27,0,0,0
659232,2021,4,28,"2021-04-28","19:58:00",3,"OK",40,0,1.75,0,0,0,0,35.26,-97.46,35.26,-97.46,0,0,0,0,0,27,0,0,0
659233,2021,4,28,"2021-04-28","19:58:00",3,"TX",48,0,1.25,0,0,0,0,33.0659,-97.1317,33.0659,-97.1317,0,0,0,0,0,121,0,0,0
659234,2021,4,28,"2021-04-28","19:59:00",3,"OK",40,0,2.5,0,0,0,0,35.22,-97.51,35.22,-97.51,0,0,0,0,0,27,0,0,0
659235,2021,4,28,"2021-04-28","20:00:00",3,"OK",40,0,2.75,0,0,0,0,35.25,-97.42,35.25,-97.42,0,0,0,0,0,27,0,0,0
659236,2021,4,28,"2021-04-28","20:01:00",3,"TX",48,0,2,0,0,1.8e+07,0,33.0138,-97.0708,33.0138,-97.0708,0,0,0,0,0,121,0,0,0
659237,2021,4,28,"2021-04-28","20:03:00",3,"TX",48,0,1.5,0,0,0,0,33.04,-97.08,33.04,-97.08,0,0,0,0,0,121,0,0,0
659238,2021,4,28,"2021-04-28","20:05:00",3,"TX",48,0,1,0,0,0,0,33.05,-96.99,33.05,-96.99,0,0,0,0,0,121,0,0,0
659239,2021,4,28,"2021-04-28","20:12:00",3,"OK",40,0,3,0,0,0,0,35.22,-97.34,35.22,-97.34,0,0,0,0,0,27,0,0,0
659240,2021,4,28,"2021-04-28","20:25:00",3,"AR",5,0,1,0,0,0,0,35.2382,-94.4241,35.2382,-94.4241,0,0,0,0,0,131,0,0,0
659241,2021,4,28,"2021-04-28","20:30:00",3,"TX",48,0,1.5,0,0,0,0,31.33,-99.41,31.33,-99.41,0,0,0,0,0,307,0,0,0
659242,2021,4,28,"2021-04-28","20:30:00",3,"TX",48,0,1,0,0,0,0,31.39,-99.34,31.39,-99.34,0,0,0,0,0,307,0,0,0
659243,2021,4,28,"2021-04-28","20:38:00",3,"OK",40,0,1,0,0,0,0,35.33,-97.09,35.33,-97.09,0,0,0,0,0,125,0,0,0
659244,2021,4,28,"2021-04-28","20:55:00",3,"TX",48,0,1,0,0,0,0,29.73,-98.19,29.73,-98.19,0,0,0,0,0,91,0,0,0
659245,2021,4,28,"2021-04-28","21:00:00",3,"TX",48,0,1.75,0,0,0,0,29.77,-98.19,29.77,-98.19,0,0,0,0,0,91,0,0,0
659246,2021,4,28,"2021-04-28","21:05:00",3,"TX",48,0,1.25,0,0,0,0,29.74,-98.21,29.74,-98.21,0,0,0,0,0,91,0,0,0
659247,2021,4,28,"2021-04-28","21:06:00",3,"TX",48,0,1,0,0,0,0,29.81,-98.08,29.81,-98.08,0,0,0,0,0,91,0,0,0
659248,2021,4,28,"2021-04-28","21:10:00",3,"TX",48,0,1,0,0,0,0,29.81,-98.08,29.81,-98.08,0,0,0,0,0,91,0,0,0
659249,2021,4,28,"2021-04-28","21:15:00",3,"TX",48,0,2,0,0,0,0,29.88,-97.96,29.88,-97.96,0,0,0,0,0,209,0,0,0
659250,2021,4,28,"2021-04-28","21:17:00",3,"TX",48,0,1.75,0,0,0,0,29.88,-97.94,29.88,-97.94,0,0,0,0,0,209,0,0,0
659251,2021,4,28,"2021-04-28","21:22:00",3,"OK",40,0,1.75,0,0,0,0,35.43,-96.67,35.43,-96.67,0,0,0,0,0,125,0,0,0
659252,2021,4,28,"2021-04-28","21:30:00",3,"TX",48,0,1,0,0,0,0,29.95,-97.89,29.95,-97.89,0,0,0,0,0,209,0,0,0
659253,2021,4,28,"2021-04-28","21:35:00",3,"TX",48,0,1.5,0,0,0,0,29.87,-99.77,29.87,-99.77,0,0,0,0,0,385,0,0,0
659254,2021,4,28,"2021-04-28","21:40:00",3,"TX",48,0,1.5,0,0,0,0,29.84,-99.76,29.84,-99.76,0,0,0,0,0,385,0,0,0
659255,2021,4,28,"2021-04-28","23:09:00",3,"TX",48,0,0.75,0,0,0,0,29.84,-99.25,29.84,-99.25,0,0,0,0,0,19,0,0,0
659256,2021,4,28,"2021-04-28","23:20:00",3,"TX",48,0,1.5,0,0,0,0,30.04,-99.13,30.04,-99.13,0,0,0,0,0,265,0,0,0
659257,2021,4,28,"2021-04-28","23:23:00",3,"TX",48,0,2.5,0,0,0,0,29.62,-99.53,29.62,-99.53,0,0,0,0,0,463,0,0,0
658223,2021,4,5,"2021-04-05","18:37:00",3,"WI",55,0,0.88,0,0,0,0,46.34,-90.69,46.34,-90.69,0,0,0,0,0,3,0,0,0
658224,2021,4,5,"2021-04-05","18:45:00",3,"SD",46,0,1,0,0,0,0,44.04,-96.46,44.04,-96.46,0,0,0,0,0,101,0,0,0
658225,2021,4,5,"2021-04-05","18:50:00",3,"SD",46,0,1,0,0,0,0,43.36,-97.36,43.36,-97.36,0,0,0,0,0,125,0,0,0
658226,2021,4,5,"2021-04-05","19:00:00",3,"MN",27,0,1.5,0,0,0,0,45.21,-94.05,45.21,-94.05,0,0,0,0,0,171,0,0,0
658227,2021,4,5,"2021-04-05","19:11:00",3,"MN",27,0,1.75,0,0,0,0,45.24,-94,45.24,-94,0,0,0,0,0,171,0,0,0
658228,2021,4,5,"2021-04-05","19:16:00",3,"MN",27,0,0.88,0,0,0,0,44.15,-96.11,44.15,-96.11,0,0,0,0,0,117,0,0,0
658229,2021,4,5,"2021-04-05","19:25:00",3,"MN",27,0,0.88,0,0,0,0,45.32,-93.8,45.32,-93.8,0,0,0,0,0,141,0,0,0
658230,2021,4,5,"2021-04-05","19:25:00",3,"MN",27,0,0.75,0,0,0,0,45.3,-93.76,45.3,-93.76,0,0,0,0,0,141,0,0,0
658231,2021,4,5,"2021-04-05","19:34:00",3,"MN",27,0,1,0,0,0,0,45.3847,-93.4127,45.3847,-93.4127,0,0,0,0,0,3,0,0,0
658232,2021,4,5,"2021-04-05","19:42:00",3,"SD",46,0,1.25,0,0,0,0,43.59,-96.73,43.59,-96.73,0,0,0,0,0,99,0,0,0
658233,2021,4,5,"2021-04-05","20:13:00",3,"SD",46,0,1,0,0,0,0,43.46,-96.83,43.46,-96.83,0,0,0,0,0,83,0,0,0
658234,2021,4,5,"2021-04-05","20:14:00",3,"MN",27,0,1,0,0,0,0,45.32,-94.22,45.32,-94.22,0,0,0,0,0,145,0,0,0
658235,2021,4,5,"2021-04-05","20:20:00",3,"SD",46,0,1,0,0,0,0,43.46,-96.77,43.46,-96.77,0,0,0,0,0,83,0,0,0
658236,2021,4,5,"2021-04-05","20:20:00",3,"SD",46,0,1,0,0,0,0,43.48,-96.76,43.48,-96.76,0,0,0,0,0,83,0,0,0
658237,2021,4,5,"2021-04-05","20:21:00",3,"SD",46,0,1,0,0,0,0,43.44,-96.69,43.44,-96.69,0,0,0,0,0,83,0,0,0
658238,2021,4,5,"2021-04-05","20:25:00",3,"SD",46,0,1.25,0,0,0,0,43.43,-96.63,43.43,-96.63,0,0,0,0,0,83,0,0,0
658239,2021,4,5,"2021-04-05","20:27:00",3,"SD",46,0,1.75,0,0,0,0,43.44,-96.61,43.44,-96.61,0,0,0,0,0,83,0,0,0
658240,2021,4,5,"2021-04-05","20:40:00",3,"IA",19,0,1,0,0,0,0,43.45,-96.43,43.45,-96.43,0,0,0,0,0,119,0,0,0
658241,2021,4,5,"2021-04-05","20:44:00",3,"IA",19,0,1,0,0,0,0,43.45,-96.44,43.45,-96.44,0,0,0,0,0,119,0,0,0
658242,2021,4,5,"2021-04-05","20:50:00",3,"IA",19,0,0.75,0,0,0,0,43.43,-96.29,43.43,-96.29,0,0,0,0,0,119,0,0,0
658243,2021,4,5,"2021-04-05","20:53:00",3,"MN",27,0,1,0,0,0,0,45.06,-94.5,45.06,-94.5,0,0,0,0,0,93,0,0,0
658244,2021,4,5,"2021-04-05","20:55:00",3,"WI",55,0,0.75,0,0,0,0,45.9,-91.48,45.9,-91.48,0,0,0,0,0,113,0,0,0
658245,2021,4,5,"2021-04-05","21:00:00",3,"WI",55,0,1.25,0,0,0,0,45.54,-92.02,45.54,-92.02,0,0,0,0,0,5,0,0,0
658246,2021,4,5,"2021-04-05","21:02:00",3,"IA",19,0,1.25,0,0,0,0,43.42,-96.17,43.42,-96.17,0,0,0,0,0,119,0,0,0
658247,2021,4,5,"2021-04-05","21:05:00",3,"MN",27,0,1,0,0,0,0,45.1,-94.41,45.1,-94.41,0,0,0,0,0,93,0,0,0
658248,2021,4,5,"2021-04-05","21:07:00",3,"MN",27,0,1.75,0,0,0,0,45.92,-93.29,45.92,-93.29,0,0,0,0,0,65,0,0,0
658249,2021,4,5,"2021-04-05","21:09:00",3,"MN",27,0,1,0,0,0,0,44.89,-94.37,44.89,-94.37,0,0,0,0,0,85,0,0,0
658250,2021,4,5,"2021-04-05","21:14:00",3,"MN",27,0,1,0,0,0,0,44.99,-94.13,44.99,-94.13,0,0,0,0,0,171,0,0,0
658251,2021,4,5,"2021-04-05","21:18:00",3,"MN",27,0,0.75,0,0,0,0,43.52,-96.02,43.52,-96.02,0,0,0,0,0,105,0,0,0
658252,2021,4,5,"2021-04-05","21:24:00",3,"MN",27,0,0.75,0,0,0,0,43.54,-95.47,43.54,-95.47,0,0,0,0,0,105,0,0,0
658253,2021,4,5,"2021-04-05","21:27:00",3,"MN",27,0,1,0,0,0,0,44.97,-94.15,44.97,-94.15,0,0,0,0,0,85,0,0,0
658254,2021,4,5,"2021-04-05","21:30:00",3,"MN",27,0,1,0,0,0,0,44.97,-94.05,44.97,-94.05,0,0,0,0,0,85,0,0,0
658255,2021,4,5,"2021-04-05","22:01:00",3,"MN",27,0,1,0,0,0,0,45.09,-93.74,45.09,-93.74,0,0,0,0,0,171,0,0,0
658256,2021,4,5,"2021-04-05","22:10:00",3,"MN",27,0,1.25,0,0,0,0,45.14,-93.8,45.14,-93.8,0,0,0,0,0,171,0,0,0
658257,2021,4,5,"2021-04-05","22:19:00",3,"MN",27,0,1,0,0,0,0,45.14,-93.72,45.14,-93.72,0,0,0,0,0,171,0,0,0
658258,2021,4,5,"2021-04-05","22:19:00",3,"MN",27,0,1,0,0,0,0,45.16,-93.69,45.16,-93.69,0,0,0,0,0,171,0,0,0
658259,2021,4,5,"2021-04-05","22:25:00",3,"MN",27,0,1,0,0,0,0,45.1312,-93.5728,45.1312,-93.5728,0,0,0,0,0,53,0,0,0
658260,2021,4,5,"2021-04-05","22:30:00",3,"MN",27,0,1,0,0,0,0,45.3,-93.8,45.3,-93.8,0,0,0,0,0,171,0,0,0
658261,2021,4,5,"2021-04-05","22:40:00",3,"MN",27,0,0.88,0,0,0,0,46.71,-92.5,46.71,-92.5,0,0,0,0,0,17,0,0,0
658262,2021,4,5,"2021-04-05","22:43:00",3,"MN",27,0,0.88,0,0,0,0,46.72,-92.46,46.72,-92.46,0,0,0,0,0,17,0,0,0
658263,2021,4,5,"2021-04-05","22:45:00",3,"MN",27,0,1.25,0,0,0,0,46.72,-92.44,46.72,-92.44,0,0,0,0,0,17,0,0,0
658264,2021,4,5,"2021-04-05","22:57:00",3,"MN",27,0,0.88,0,0,0,0,47.29,-91.3,47.29,-91.3,0,0,0,0,0,75,0,0,0
658265,2021,4,5,"2021-04-05","23:15:00",3,"MN",27,0,0.75,0,0,0,0,46.79,-92.17,46.79,-92.17,0,0,0,0,0,137,0,0,0
658266,2021,4,6,"2021-04-06","02:35:00",3,"WI",55,0,0.88,0,0,0,0,44.76,-89.38,44.76,-89.38,0,0,0,0,0,73,0,0,0
658267,2021,4,6,"2021-04-06","06:55:00",3,"WI",55,0,0.88,0,0,0,0,44.34,-88.45,44.34,-88.45,0,0,0,0,0,87,0,0,0
658268,2021,4,6,"2021-04-06","07:57:00",3,"WI",55,0,1,0,0,0,0,44.24,-88.1,44.24,-88.1,0,0,0,0,0,15,0,0,0
658269,2021,4,6,"2021-04-06","10:14:00",3,"SD",46,0,0.75,0,0,0,0,43.72,-98.46,43.72,-98.46,0,0,0,0,0,3,0,0,0
658270,2021,4,6,"2021-04-06","17:13:00",3,"KS",20,0,0.75,0,0,0,0,38.32,-99.3,38.32,-99.3,0,0,0,0,0,145,0,0,0
658271,2021,4,6,"2021-04-06","17:40:00",3,"NE",31,0,1.25,0,0,0,0,41.09,-99.69,41.09,-99.69,0,0,0,0,0,41,0,0,0
658272,2021,4,6,"2021-04-06","17:44:00",3,"WI",55,0,0.88,0,0,0,0,44.79,-90.08,44.79,-90.08,0,0,0,0,0,73,0,0,0
658273,2021,4,6,"2021-04-06","17:45:00",3,"KS",20,0,2,0,0,0,0,38.71,-99.17,38.71,-99.17,0,0,0,0,0,51,0,0,0
658274,2021,4,6,"2021-04-06","17:46:00",3,"WI",55,0,0.75,0,0,0,0,45.63,-89.41,45.63,-89.41,0,0,0,0,0,85,0,0,0
658275,2021,4,6,"2021-04-06","17:48:00",3,"NE",31,0,0.88,0,0,0,0,40.7934,-99.7373,40.7934,-99.7373,0,0,0,0,0,47,0,0,0
658276,2021,4,6,"2021-04-06","17:59:00",3,"KS",20,0,1,0,0,0,0,38.46,-99.31,38.46,-99.31,0,0,0,0,0,165,0,0,0
658277,2021,4,6,"2021-04-06","18:10:00",3,"NE",31,0,0.88,0,0,0,0,40.837,-99.5885,40.837,-99.5885,0,0,0,0,0,47,0,0,0
658278,2021,4,6,"2021-04-06","18:15:00",3,"KS",20,0,1,0,0,0,0,38.53,-99.31,38.53,-99.31,0,0,0,0,0,165,0,0,0
658279,2021,4,6,"2021-04-06","18:15:00",3,"NE",31,0,1,0,0,0,0,40.837,-99.5885,40.837,-99.5885,0,0,0,0,0,47,0,0,0
658280,2021,4,6,"2021-04-06","18:18:00",3,"KS",20,0,1,0,0,0,0,38.92,-98.94,38.92,-98.94,0,0,0,0,0,167,0,0,0
658281,2021,4,6,"2021-04-06","18:24:00",3,"NE",31,0,1.75,0,0,0,0,41.29,-99.38,41.29,-99.38,0,0,0,0,0,41,0,0,0
658282,2021,4,6,"2021-04-06","18:28:00",3,"NE",31,0,1.25,0,0,0,0,40.95,-99.52,40.95,-99.52,0,0,0,0,0,47,0,0,0
658283,2021,4,6,"2021-04-06","18:30:00",3,"KS",20,0,1.25,0,0,0,0,38.14,-99.31,38.14,-99.31,0,0,0,0,0,145,0,0,0
658284,2021,4,6,"2021-04-06","18:33:00",3,"KS",20,0,2,0,0,0,0,38.17,-99.22,38.17,-99.22,0,0,0,0,0,145,0,0,0
658285,2021,4,6,"2021-04-06","18:34:00",3,"KS",20,0,1,0,0,0,0,38.17,-99.22,38.17,-99.22,0,0,0,0,0,145,0,0,0
658286,2021,4,6,"2021-04-06","18:44:00",3,"KS",20,0,2.5,0,0,0,0,38.17,-99.22,38.17,-99.22,0,0,0,0,0,145,0,0,0
658287,2021,4,6,"2021-04-06","18:50:00",3,"KS",20,0,1,0,0,0,0,38.26,-99.15,38.26,-99.15,0,0,0,0,0,145,0,0,0
658288,2021,4,6,"2021-04-06","19:05:00",3,"KS",20,0,1.5,0,0,0,0,38.26,-99.15,38.26,-99.15,0,0,0,0,0,145,0,0,0
658289,2021,4,6,"2021-04-06","19:20:00",3,"KS",20,0,1.25,0,0,0,0,38.19,-99.1,38.19,-99.1,0,0,0,0,0,145,0,0,0
658290,2021,4,6,"2021-04-06","19:25:00",3,"KS",20,0,1,0,0,0,0,38.18,-99.1,38.18,-99.1,0,0,0,0,0,145,0,0,0
658291,2021,4,6,"2021-04-06","19:30:00",3,"KS",20,0,1,0,0,0,0,38.18,-99.1,38.18,-99.1,0,0,0,0,0,145,0,0,0
658292,2021,4,6,"2021-04-06","19:34:00",3,"KS",20,0,1.25,0,0,0,0,38.29,-98.99,38.29,-98.99,0,0,0,0,0,9,0,0,0
658293,2021,4,6,"2021-04-06","19:35:00",3,"KS",20,0,0.88,0,0,0,0,39.87,-98.3189,39.87,-98.3189,0,0,0,0,0,89,0,0,0
658294,2021,4,6,"2021-04-06","19:36:00",3,"KS",20,0,1,0,0,0,0,38.3,-99,38.3,-99,0,0,0,0,0,9,0,0,0
658295,2021,4,6,"2021-04-06","20:20:00",3,"KS",20,0,1.75,0,0,0,0,38.17,-98.89,38.17,-98.89,0,0,0,0,0,185,0,0,0
658296,2021,4,6,"2021-04-06","20:22:00",3,"KS",20,0,0.75,0,0,0,0,38.36,-98.75,38.36,-98.75,0,0,0,0,0,9,0,0,0
658297,2021,4,6,"2021-04-06","20:30:00",3,"KS",20,0,0.75,0,0,0,0,38.38,-98.78,38.38,-98.78,0,0,0,0,0,9,0,0,0
658298,2021,4,6,"2021-04-06","20:45:00",3,"KS",20,0,1.5,0,0,0,0,38.29,-98.76,38.29,-98.76,0,0,0,0,0,9,0,0,0
658299,2021,4,6,"2021-04-06","20:49:00",3,"KS",20,0,1,0,0,0,0,38.35,-98.71,38.35,-98.71,0,0,0,0,0,9,0,0,0
658300,2021,4,6,"2021-04-06","21:03:00",3,"KS",20,0,1,0,0,0,0,38.36,-98.79,38.36,-98.79,0,0,0,0,0,9,0,0,0
658301,2021,4,6,"2021-04-06","21:15:00",3,"KS",20,0,1,0,0,0,0,38.38,-98.81,38.38,-98.81,0,0,0,0,0,9,0,0,0
658302,2021,4,6,"2021-04-06","21:39:00",3,"KS",20,0,1,0,0,0,0,38.36,-98.58,38.36,-98.58,0,0,0,0,0,9,0,0,0
658303,2021,4,6,"2021-04-06","21:40:00",3,"KS",20,0,0.88,0,0,0,0,37.63,-98.91,37.63,-98.91,0,0,0,0,0,151,0,0,0
658304,2021,4,6,"2021-04-06","21:56:00",3,"KS",20,0,1,0,0,0,0,37.52,-98.86,37.52,-98.86,0,0,0,0,0,151,0,0,0
658305,2021,4,6,"2021-04-06","22:00:00",3,"KS",20,0,1,0,0,0,0,37.52,-98.86,37.52,-98.86,0,0,0,0,0,151,0,0,0
658306,2021,4,6,"2021-04-06","22:10:00",3,"KS",20,0,1.25,0,0,0,0,37.52,-98.88,37.52,-98.88,0,0,0,0,0,151,0,0,0
658307,2021,4,6,"2021-04-06","22:33:00",3,"KS",20,0,1,0,0,0,0,38.35,-98.21,38.35,-98.21,0,0,0,0,0,159,0,0,0
658308,2021,4,6,"2021-04-06","22:45:00",3,"KS",20,0,1,0,0,0,0,37.29,-98.58,37.29,-98.58,0,0,0,0,0,7,0,0,0
658309,2021,4,6,"2021-04-06","23:19:00",3,"KS",20,0,1,0,0,0,0,38.55,-97.83,38.55,-97.83,0,0,0,0,0,113,0,0,0
658310,2021,4,7,"2021-04-07","06:04:00",3,"MO",29,0,1,0,0,0,0,38.6973,-92.5037,38.6973,-92.5037,0,0,0,0,0,135,0,0,0
658311,2021,4,7,"2021-04-07","06:12:00",3,"MO",29,0,1,0,0,0,0,37.03,-93.32,37.03,-93.32,0,0,0,0,0,43,0,0,0
658312,2021,4,7,"2021-04-07","06:18:00",3,"MO",29,0,0.75,0,0,0,0,37.06,-93.28,37.06,-93.28,0,0,0,0,0,43,0,0,0
658313,2021,4,7,"2021-04-07","13:00:00",3,"LA",22,0,1,0,0,0,0,31.9818,-93.9964,31.9818,-93.9964,0,0,0,0,0,31,0,0,0
658314,2021,4,7,"2021-04-07","13:35:00",3,"AR",5,0,1,0,0,0,0,35.38,-92.21,35.38,-92.21,0,0,0,0,0,23,0,0,0
658315,2021,4,7,"2021-04-07","13:35:00",3,"AR",5,0,1.5,0,0,0,0,35.38,-92.21,35.38,-92.21,0,0,0,0,0,23,0,0,0
658316,2021,4,7,"2021-04-07","13:41:00",3,"AR",5,0,1,0,0,0,0,34.75,-92.33,34.75,-92.33,0,0,0,0,0,119,0,0,0
658317,2021,4,7,"2021-04-07","13:45:00",3,"AR",5,0,0.75,0,0,0,0,34.72,-92.35,34.72,-92.35,0,0,0,0,0,119,0,0,0
658318,2021,4,7,"2021-04-07","13:47:00",3,"AR",5,0,1,0,0,0,0,34.79,-92.26,34.79,-92.26,0,0,0,0,0,119,0,0,0
658319,2021,4,7,"2021-04-07","13:55:00",3,"AR",5,0,0.88,0,0,0,0,34.79,-92.26,34.79,-92.26,0,0,0,0,0,119,0,0,0
658320,2021,4,8,"2021-04-08","14:11:00",3,"TN",47,0,1,0,0,0,0,35.97,-85.18,35.97,-85.18,0,0,0,0,0,35,0,0,0
658321,2021,4,8,"2021-04-08","14:16:00",3,"KY",21,0,1,0,0,0,0,37.3011,-84.2192,37.3011,-84.2192,0,0,0,0,0,203,0,0,0
658322,2021,4,8,"2021-04-08","15:21:00",3,"KY",21,0,1,0,0,0,0,37.66,-83.8,37.66,-83.8,0,0,0,0,0,129,0,0,0
658323,2021,4,8,"2021-04-08","15:40:00",3,"TN",47,0,1.25,0,0,0,0,36.24,-84.67,36.24,-84.67,0,0,0,0,0,129,0,0,0
658324,2021,4,8,"2021-04-08","15:45:00",3,"TN",47,0,1,0,0,0,0,36.44,-84.53,36.44,-84.53,0,0,0,0,0,151,0,0,0
658325,2021,4,8,"2021-04-08","15:51:00",3,"TX",48,0,2,0,0,20000,0,31.92,-98.17,31.92,-98.17,0,0,0,0,0,193,0,0,0
658326,2021,4,8,"2021-04-08","15:54:00",3,"TX",48,0,1.75,0,0,7000,0,31.92,-98.16,31.92,-98.16,0,0,0,0,0,193,0,0,0
658327,2021,4,8,"2021-04-08","16:00:00",3,"TN",47,0,1,0,0,0,0,36.47,-84.52,36.47,-84.52,0,0,0,0,0,151,0,0,0
658328,2021,4,8,"2021-04-08","16:02:00",3,"KY",21,0,1,0,0,0,0,36.93,-84.6,36.93,-84.6,0,0,0,0,0,199,0,0,0
658329,2021,4,8,"2021-04-08","16:46:00",3,"TX",48,0,1,0,0,0,0,31.77,-97.83,31.77,-97.83,0,0,0,0,0,35,0,0,0
658330,2021,4,8,"2021-04-08","17:01:00",3,"TX",48,0,0.75,0,0,0,0,31.73,-97.56,31.73,-97.56,0,0,0,0,0,35,0,0,0
658331,2021,4,8,"2021-04-08","17:13:00",3,"TX",48,0,0.88,0,0,0,0,32.23,-97.37,32.23,-97.37,0,0,0,0,0,251,0,0,0
658332,2021,4,8,"2021-04-08","17:15:00",3,"TN",47,0,1.75,0,0,0,0,36.44,-84.08,36.44,-84.08,0,0,0,0,0,13,0,0,0
658333,2021,4,8,"2021-04-08","17:25:00",3,"TX",48,0,1,0,0,0,0,31.58,-97.46,31.58,-97.46,0,0,0,0,0,309,0,0,0
658334,2021,4,8,"2021-04-08","17:30:00",3,"KY",21,0,0.75,0,0,0,0,37.0822,-84.0475,37.0822,-84.0475,0,0,0,0,0,125,0,0,0
658335,2021,4,8,"2021-04-08","17:33:00",3,"KY",21,0,0.88,0,0,0,0,37.1235,-83.9734,37.1235,-83.9734,0,0,0,0,0,125,0,0,0
658336,2021,4,8,"2021-04-08","17:35:00",3,"TN",47,0,1.5,0,0,0,0,36.55,-83.95,36.55,-83.95,0,0,0,0,0,25,0,0,0
658337,2021,4,8,"2021-04-08","17:45:00",3,"KY",21,0,0.88,0,0,0,0,37.5568,-83.5167,37.5568,-83.5167,0,0,0,0,0,25,0,0,0
658338,2021,4,8,"2021-04-08","17:53:00",3,"KY",21,0,1.25,0,0,3000,0,37.2303,-83.7831,37.2303,-83.7831,0,0,0,0,0,51,0,0,0
658339,2021,4,8,"2021-04-08","17:54:00",3,"TX",48,0,1,0,0,0,0,31.46,-97.4,31.46,-97.4,0,0,0,0,0,309,0,0,0
658340,2021,4,8,"2021-04-08","17:55:00",3,"TX",48,0,2,0,0,7000,0,31.47,-97.35,31.47,-97.35,0,0,0,0,0,309,0,0,0
658341,2021,4,8,"2021-04-08","17:57:00",3,"TX",48,0,0.75,0,0,0,0,32.34,-96.75,32.34,-96.75,0,0,0,0,0,139,0,0,0
658342,2021,4,8,"2021-04-08","17:58:00",3,"TX",48,0,1,0,0,0,0,31.44,-97.19,31.44,-97.19,0,0,0,0,0,309,0,0,0
658343,2021,4,8,"2021-04-08","17:59:00",3,"KY",21,0,0.75,0,0,0,0,37.5738,-83.4116,37.5738,-83.4116,0,0,0,0,0,25,0,0,0
658344,2021,4,8,"2021-04-08","18:00:00",3,"KY",21,0,1.25,0,0,0,0,36.6427,-83.7345,36.6427,-83.7345,0,0,0,0,0,13,0,0,0
658345,2021,4,8,"2021-04-08","18:00:00",3,"KY",21,0,0.88,0,0,0,0,37.6,-83.42,37.6,-83.42,0,0,0,0,0,25,0,0,0
658346,2021,4,8,"2021-04-08","18:05:00",3,"KY",21,0,1,0,0,0,0,37.2709,-83.6482,37.2709,-83.6482,0,0,0,0,0,51,0,0,0
658347,2021,4,8,"2021-04-08","18:05:00",3,"TX",48,0,1.75,0,0,5000,0,31.36,-97.27,31.36,-97.27,0,0,0,0,0,309,0,0,0
658348,2021,4,8,"2021-04-08","18:10:00",3,"KY",21,0,1,0,0,0,0,36.7232,-83.6425,36.7232,-83.6425,0,0,0,0,0,13,0,0,0
658349,2021,4,8,"2021-04-08","18:25:00",3,"TX",48,0,1.5,0,0,0,0,31.32,-97.35,31.32,-97.35,0,0,0,0,0,309,0,0,0
658350,2021,4,8,"2021-04-08","18:25:00",3,"KY",21,0,0.88,0,0,0,0,36.7612,-83.6024,36.7612,-83.6024,0,0,0,0,0,13,0,0,0
658351,2021,4,8,"2021-04-08","18:26:00",3,"TX",48,0,1.25,0,0,0,0,31.28,-97.37,31.28,-97.37,0,0,0,0,0,309,0,0,0
658352,2021,4,8,"2021-04-08","18:34:00",3,"TX",48,0,1.5,0,0,0,0,31.2,-97.23,31.2,-97.23,0,0,0,0,0,27,0,0,0
658353,2021,4,8,"2021-04-08","18:37:00",3,"TX",48,0,1,0,0,0,0,31.28,-97.06,31.28,-97.06,0,0,0,0,0,145,0,0,0
658354,2021,4,8,"2021-04-08","18:37:00",3,"KY",21,0,1,0,0,0,0,37.4201,-83.3723,37.4201,-83.3723,0,0,0,0,0,25,0,0,0
658355,2021,4,8,"2021-04-08","18:41:00",3,"KY",21,0,0.88,0,0,0,0,37.82,-83.13,37.82,-83.13,0,0,0,0,0,153,0,0,0
658356,2021,4,8,"2021-04-08","18:55:00",3,"VA",51,0,1,0,0,0,0,37.31,-79.21,37.31,-79.21,0,0,0,0,0,31,0,0,0
658357,2021,4,8,"2021-04-08","19:03:00",3,"TX",48,0,2,0,0,6000,0,31.06,-97.1,31.06,-97.1,0,0,0,0,0,145,0,0,0
658358,2021,4,8,"2021-04-08","19:05:00",3,"VA",51,0,1,0,0,0,0,37.35,-79.1891,37.3595,-79.18,0,0,0,0,0,680,0,0,0
658359,2021,4,8,"2021-04-08","19:22:00",3,"VA",51,0,1,0,0,0,0,37.41,-79.16,37.41,-79.16,0,0,0,0,0,680,0,0,0
658360,2021,4,8,"2021-04-08","19:22:00",3,"VA",51,0,1,0,0,0,0,37.2204,-78.9106,37.2204,-78.9106,0,0,0,0,0,31,0,0,0
658361,2021,4,8,"2021-04-08","19:39:00",3,"VA",51,0,1,0,0,0,0,37.79,-79.88,37.79,-79.88,0,0,0,0,0,5,0,0,0
658362,2021,4,8,"2021-04-08","19:41:00",3,"GA",13,0,0.75,0,0,0,0,34.54,-83.52,34.54,-83.52,0,0,0,0,0,137,0,0,0
658363,2021,4,8,"2021-04-08","19:45:00",3,"TX",48,0,1.25,0,0,5000,0,30.88,-96.6,30.88,-96.6,0,0,0,0,0,395,0,0,0
658364,2021,4,8,"2021-04-08","19:50:00",3,"TX",48,0,1.25,0,0,0,0,30.7,-96.49,30.7,-96.49,0,0,0,0,0,41,0,0,0
658365,2021,4,8,"2021-04-08","20:06:00",3,"GA",13,0,0.88,0,0,0,0,34.56,-83.31,34.56,-83.31,0,0,0,0,0,257,0,0,0
658366,2021,4,8,"2021-04-08","20:10:00",3,"TX",48,0,1,0,0,0,0,30.67,-96.37,30.67,-96.37,0,0,0,0,0,41,0,0,0
658367,2021,4,8,"2021-04-08","20:11:00",3,"TX",48,0,1,0,0,0,0,30.61,-96.33,30.61,-96.33,0,0,0,0,0,41,0,0,0
658368,2021,4,8,"2021-04-08","20:13:00",3,"TX",48,0,1.5,0,0,0,0,30.63,-96.35,30.63,-96.35,0,0,0,0,0,41,0,0,0
658369,2021,4,8,"2021-04-08","20:14:00",3,"TX",48,0,1,0,0,0,0,30.65,-96.29,30.65,-96.29,0,0,0,0,0,41,0,0,0
658370,2021,4,8,"2021-04-08","20:15:00",3,"TX",48,0,2.75,0,0,0,0,30.6,-96.38,30.6,-96.38,0,0,0,0,0,41,0,0,0
658371,2021,4,8,"2021-04-08","20:18:00",3,"TX",48,0,1.5,0,0,0,0,30.63,-96.34,30.63,-96.34,0,0,0,0,0,41,0,0,0
658372,2021,4,8,"2021-04-08","20:19:00",3,"TX",48,0,1.25,0,0,0,0,30.62,-96.34,30.62,-96.34,0,0,0,0,0,41,0,0,0
658373,2021,4,8,"2021-04-08","20:21:00",3,"TX",48,0,1,0,0,0,0,30.62,-96.34,30.62,-96.34,0,0,0,0,0,41,0,0,0
658374,2021,4,8,"2021-04-08","20:22:00",3,"GA",13,0,1,0,0,0,0,34.5,-83.14,34.5,-83.14,0,0,0,0,0,119,0,0,0
658375,2021,4,8,"2021-04-08","20:24:00",3,"TX",48,0,1,0,0,0,0,30.66,-96.31,30.66,-96.31,0,0,0,0,0,41,0,0,0
658376,2021,4,8,"2021-04-08","20:27:00",3,"TX",48,0,2.75,0,0,0,0,30.58,-96.28,30.58,-96.28,0,0,0,0,0,41,0,0,0
658377,2021,4,8,"2021-04-08","20:59:00",3,"TX",48,0,1.25,0,0,0,0,32.17,-96.02,32.17,-96.02,0,0,0,0,0,213,0,0,0
658378,2021,4,8,"2021-04-08","21:12:00",3,"KY",21,0,1,0,0,0,0,36.9503,-83.6506,36.9503,-83.6506,0,0,0,0,0,121,0,0,0
658379,2021,4,8,"2021-04-08","21:55:00",3,"TX",48,0,1,0,0,0,0,32.3,-96.14,32.3,-96.14,0,0,0,0,0,213,0,0,0
658380,2021,4,9,"2021-04-09","01:53:00",3,"MS",28,0,1.75,0,0,0,0,30.37,-88.55,30.37,-88.55,0,0,0,0,0,59,0,0,0
658381,2021,4,9,"2021-04-09","03:15:00",3,"FL",12,0,1,0,0,0,0,29.89,-85.07,29.89,-85.07,0,0,0,0,0,45,0,0,0
658382,2021,4,9,"2021-04-09","05:45:00",3,"FL",12,0,1.5,0,0,0,0,30.47,-85.42,30.47,-85.42,0,0,0,0,0,5,0,0,0
658383,2021,4,9,"2021-04-09","06:15:00",3,"AL",1,0,2.5,0,0,0,0,31.6965,-88.074,31.6965,-88.074,0,0,0,0,0,25,0,0,0
658384,2021,4,9,"2021-04-09","06:18:00",3,"AL",1,0,2,0,0,0,0,32.01,-87.9,32.01,-87.9,0,0,0,0,0,91,0,0,0
658385,2021,4,9,"2021-04-09","06:20:00",3,"AL",1,0,1.75,0,0,0,0,31.97,-87.9382,31.97,-87.9382,0,0,0,0,0,25,0,0,0
658386,2021,4,9,"2021-04-09","06:22:00",3,"AL",1,0,2.5,0,0,0,0,31.97,-87.87,31.97,-87.87,0,0,0,0,0,25,0,0,0
658387,2021,4,9,"2021-04-09","07:03:00",3,"AL",1,0,1,0,0,0,0,32.3,-87.8,32.3,-87.8,0,0,0,0,0,91,0,0,0
658388,2021,4,9,"2021-04-09","07:08:00",3,"AL",1,0,0.88,0,0,0,0,32.33,-87.79,32.33,-87.79,0,0,0,0,0,91,0,0,0
658389,2021,4,9,"2021-04-09","07:28:00",3,"AL",1,0,1.5,0,0,0,0,31.05,-85.3,31.05,-85.3,0,0,0,0,0,69,0,0,0
658390,2021,4,9,"2021-04-09","08:00:00",3,"AL",1,0,1,0,0,0,0,31.29,-85.11,31.29,-85.11,0,0,0,0,0,69,0,0,0
658391,2021,4,9,"2021-04-09","09:00:00",3,"AL",1,0,1.5,0,0,0,0,32.67,-86.42,32.67,-86.42,0,0,0,0,0,1,0,0,0
658392,2021,4,9,"2021-04-09","09:02:00",3,"AL",1,0,1,0,0,0,0,32.71,-86.39,32.71,-86.39,0,0,0,0,0,51,0,0,0
658393,2021,4,9,"2021-04-09","09:20:00",3,"AL",1,0,1.5,0,0,0,0,32.5856,-86.1409,32.5856,-86.1409,0,0,0,0,0,1,0,0,0
658394,2021,4,9,"2021-04-09","09:53:00",3,"WV",54,0,0.75,0,0,0,0,38.74,-80.33,38.74,-80.33,0,0,0,0,0,97,0,0,0
658395,2021,4,9,"2021-04-09","10:43:00",3,"TX",48,0,0.75,0,0,0,0,33.58,-95.39,33.58,-95.39,0,0,0,0,0,277,0,0,0
658396,2021,4,9,"2021-04-09","10:46:00",3,"TX",48,0,0.75,0,0,0,0,33.3412,-95.2489,33.3412,-95.2489,0,0,0,0,0,159,0,0,0
658397,2021,4,9,"2021-04-09","10:48:00",3,"TX",48,0,1.75,0,0,4000,0,33.53,-95.32,33.53,-95.32,0,0,0,0,0,277,0,0,0
658398,2021,4,9,"2021-04-09","10:50:00",3,"TX",48,0,1,0,0,0,0,33.3395,-95.1791,33.3395,-95.1791,0,0,0,0,0,159,0,0,0
658399,2021,4,9,"2021-04-09","10:55:00",3,"TX",48,0,1,0,0,0,0,33.1617,-95.1122,33.1617,-95.1122,0,0,0,0,0,449,0,0,0
658400,2021,4,9,"2021-04-09","11:06:00",3,"TX",48,0,1.5,0,0,0,0,33.1991,-94.9943,33.1991,-94.9943,0,0,0,0,0,449,0,0,0
658401,2021,4,9,"2021-04-09","11:20:00",3,"TX",48,0,0.75,0,0,0,0,32.4911,-95.4569,32.4911,-95.4569,0,0,0,0,0,423,0,0,0
658402,2021,4,9,"2021-04-09","11:40:00",3,"TX",48,0,1.25,0,0,0,0,32.5345,-95.2707,32.5345,-95.2707,0,0,0,0,0,423,0,0,0
658403,2021,4,9,"2021-04-09","11:50:00",3,"TX",48,0,0.75,0,0,0,0,32.5872,-95.1994,32.5872,-95.1994,0,0,0,0,0,499,0,0,0
658404,2021,4,9,"2021-04-09","11:50:00",3,"AL",1,0,1,0,0,0,0,33.8642,-87.4217,33.8642,-87.4217,0,0,0,0,0,127,0,0,0
658405,2021,4,9,"2021-04-09","11:50:00",3,"AL",1,0,1,0,0,0,0,32.2875,-87.3722,32.2875,-87.3722,0,0,0,0,0,47,0,0,0
658406,2021,4,9,"2021-04-09","11:51:00",3,"TX",48,0,1.75,0,0,0,0,33.1853,-94.711,33.1853,-94.711,0,0,0,0,0,343,0,0,0
658407,2021,4,9,"2021-04-09","11:55:00",3,"TX",48,0,1.25,0,0,0,0,33.5035,-94.6062,33.5035,-94.6062,0,0,0,0,0,37,0,0,0
658408,2021,4,9,"2021-04-09","11:55:00",3,"AL",1,0,1,0,0,0,0,33.9259,-87.4124,33.9259,-87.4124,0,0,0,0,0,127,0,0,0
658409,2021,4,9,"2021-04-09","11:56:00",3,"TX",48,0,1.5,0,0,0,0,33.5147,-94.6288,33.5147,-94.6288,0,0,0,0,0,37,0,0,0
658410,2021,4,9,"2021-04-09","12:08:00",3,"WV",54,0,1,0,0,0,0,38.15,-79.98,38.15,-79.98,0,0,0,0,0,75,0,0,0
658411,2021,4,9,"2021-04-09","12:18:00",3,"AL",1,0,1,0,0,0,0,33.73,-87.1,33.73,-87.1,0,0,0,0,0,127,0,0,0
658412,2021,4,9,"2021-04-09","12:21:00",3,"AL",1,0,1.5,0,0,0,0,33.75,-87.05,33.75,-87.05,0,0,0,0,0,127,0,0,0
658413,2021,4,9,"2021-04-09","12:30:00",3,"AR",5,0,0.88,0,0,0,0,35.4319,-93.7594,35.4319,-93.7594,0,0,0,0,0,47,0,0,0
658414,2021,4,9,"2021-04-09","12:37:00",3,"AR",5,0,1,0,0,0,0,35.35,-93.71,35.35,-93.71,0,0,0,0,0,83,0,0,0
658415,2021,4,9,"2021-04-09","12:39:00",3,"AL",1,0,1,0,0,0,0,33.77,-86.82,33.77,-86.82,0,0,0,0,0,73,0,0,0
658416,2021,4,9,"2021-04-09","12:40:00",3,"TX",48,0,1,0,0,0,0,32.4762,-95.5211,32.4762,-95.5211,0,0,0,0,0,423,0,0,0
658417,2021,4,9,"2021-04-09","12:57:00",3,"VA",51,0,0.88,0,0,0,0,36.83,-80.95,36.83,-80.95,0,0,0,0,0,197,0,0,0
658418,2021,4,9,"2021-04-09","12:58:00",3,"AL",1,0,0.75,0,0,0,0,33.98,-87.44,33.98,-87.44,0,0,0,0,0,127,0,0,0
658419,2021,4,9,"2021-04-09","13:00:00",3,"AL",1,0,1,0,0,0,0,33.73,-86.82,33.73,-86.82,0,0,0,0,0,73,0,0,0
658420,2021,4,9,"2021-04-09","13:12:00",3,"AL",1,0,1,0,0,0,0,33.94,-87.27,33.94,-87.27,0,0,0,0,0,127,0,0,0
658421,2021,4,9,"2021-04-09","13:13:00",3,"LA",22,0,0.75,0,0,0,0,32.6158,-93.8158,32.6158,-93.8158,0,0,0,0,0,17,0,0,0
658422,2021,4,9,"2021-04-09","13:16:00",3,"VA",51,0,1,0,0,0,0,36.9503,-80.3591,36.9503,-80.3591,0,0,0,0,0,63,0,0,0
658423,2021,4,9,"2021-04-09","13:24:00",3,"LA",22,0,0.88,0,0,0,0,32.6316,-93.7334,32.6316,-93.7334,0,0,0,0,0,15,0,0,0
658424,2021,4,9,"2021-04-09","13:25:00",3,"VA",51,0,1,0,0,0,0,36.94,-80.25,36.94,-80.25,0,0,0,0,0,63,0,0,0
658425,2021,4,9,"2021-04-09","13:30:00",3,"VA",51,0,0.88,0,0,0,0,38.01,-79.84,38.01,-79.84,0,0,0,0,0,17,0,0,0
658426,2021,4,9,"2021-04-09","13:30:00",3,"VA",51,0,1.25,0,0,0,0,36.95,-80.26,36.95,-80.26,0,0,0,0,0,63,0,0,0
658427,2021,4,9,"2021-04-09","13:30:00",3,"AR",5,0,0.75,0,0,0,0,36.23,-93.8,36.23,-93.8,0,0,0,0,0,87,0,0,0
658428,2021,4,9,"2021-04-09","13:33:00",3,"MO",29,0,0.88,0,0,0,0,36.67,-94.4,36.67,-94.4,0,0,0,0,0,119,0,0,0
658429,2021,4,9,"2021-04-09","13:36:00",3,"VA",51,0,1,0,0,0,0,36.9,-80.26,36.9,-80.26,0,0,0,0,0,63,0,0,0
658430,2021,4,9,"2021-04-09","13:38:00",3,"WV",54,0,1.5,0,0,0,0,38.9988,-79.1349,38.9988,-79.1349,0,0,0,0,0,23,0,0,0
658431,2021,4,9,"2021-04-09","13:40:00",3,"AR",5,0,0.88,0,0,0,0,33.2664,-93.2242,33.2664,-93.2242,0,0,0,0,0,27,0,0,0
658432,2021,4,9,"2021-04-09","13:40:00",3,"WV",54,0,1.75,0,0,0,0,38.9987,-79.1221,38.9987,-79.1221,0,0,0,0,0,23,0,0,0
658433,2021,4,9,"2021-04-09","13:50:00",3,"AR",5,0,1,0,0,0,0,33.63,-93.01,33.63,-93.01,0,0,0,0,0,103,0,0,0
658434,2021,4,9,"2021-04-09","13:50:00",3,"AR",5,0,1,0,0,0,0,36.33,-93.23,36.33,-93.23,0,0,0,0,0,9,0,0,0
658435,2021,4,9,"2021-04-09","14:05:00",3,"WV",54,0,1.25,0,0,0,0,39.0072,-78.949,39.0072,-78.949,0,0,0,0,0,31,0,0,0
658436,2021,4,9,"2021-04-09","14:09:00",3,"VA",51,0,1,0,0,0,0,36.91,-80.01,36.91,-80.01,0,0,0,0,0,67,0,0,0
658437,2021,4,9,"2021-04-09","14:10:00",3,"NC",37,0,1.75,0,0,0,0,35.11,-79.47,35.11,-79.47,0,0,0,0,0,125,0,0,0
658438,2021,4,9,"2021-04-09","14:10:00",3,"NC",37,0,1,0,0,0,0,36.51,-80.61,36.51,-80.61,0,0,0,0,0,171,0,0,0
658439,2021,4,9,"2021-04-09","14:10:00",3,"NC",37,0,0.88,0,0,0,0,36.5,-80.63,36.5,-80.63,0,0,0,0,0,171,0,0,0
658440,2021,4,9,"2021-04-09","14:13:00",3,"NC",37,0,0.88,0,0,0,0,36.52,-80.6,36.52,-80.6,0,0,0,0,0,171,0,0,0
658441,2021,4,9,"2021-04-09","14:15:00",3,"NC",37,0,1,0,0,0,0,35.13,-79.47,35.13,-79.47,0,0,0,0,0,125,0,0,0
658442,2021,4,9,"2021-04-09","14:15:00",3,"NC",37,0,1.75,0,0,0,0,35.13,-79.44,35.13,-79.44,0,0,0,0,0,125,0,0,0
658443,2021,4,9,"2021-04-09","14:15:00",3,"NC",37,0,1.5,0,0,0,0,35.12,-79.48,35.12,-79.48,0,0,0,0,0,125,0,0,0
658444,2021,4,9,"2021-04-09","14:15:00",3,"SC",45,0,0.7,0,0,10,10,34.77,-80.39,34.77,-80.39,0,0,0,0,0,25,0,0,0
658445,2021,4,9,"2021-04-09","14:17:00",3,"AR",5,0,2.75,0,0,0,0,36.32,-92.44,36.32,-92.44,0,0,0,0,0,5,0,0,0
658446,2021,4,9,"2021-04-09","14:25:00",3,"VA",51,0,1,0,0,0,0,36.78,-79.71,36.78,-79.71,0,0,0,0,0,89,0,0,0
658447,2021,4,9,"2021-04-09","14:28:00",3,"MO",29,0,1.25,0,0,0,0,36.75,-93.89,36.75,-93.89,0,0,0,0,0,9,0,0,0
658448,2021,4,9,"2021-04-09","14:28:00",3,"NC",37,0,1,0,0,0,0,36.49,-80.47,36.49,-80.47,0,0,0,0,0,171,0,0,0
658449,2021,4,9,"2021-04-09","14:30:00",3,"VA",51,0,1.25,0,0,0,0,36.58,-78.7,36.58,-78.7,0,0,0,0,0,117,0,0,0
658450,2021,4,9,"2021-04-09","14:30:00",3,"VA",51,0,1,0,0,0,0,36.72,-76.66,36.72,-76.66,0,0,0,0,0,800,0,0,0
658451,2021,4,9,"2021-04-09","14:34:00",3,"VA",51,0,1.25,0,0,0,0,36.62,-79.03,36.62,-79.03,0,0,0,0,0,83,0,0,0
658452,2021,4,9,"2021-04-09","14:36:00",3,"NC",37,0,1,0,0,0,0,35.46,-78.91,35.46,-78.91,0,0,0,0,0,85,0,0,0
658453,2021,4,9,"2021-04-09","14:37:00",3,"AR",5,0,0.75,0,0,0,0,33.1704,-92.7204,33.1704,-92.7204,0,0,0,0,0,139,0,0,0
658454,2021,4,9,"2021-04-09","14:38:00",3,"VA",51,0,1.25,0,0,0,0,36.63,-78.93,36.63,-78.93,0,0,0,0,0,83,0,0,0
658455,2021,4,9,"2021-04-09","14:45:00",3,"AR",5,0,1,0,0,0,0,33.1916,-92.6397,33.1916,-92.6397,0,0,0,0,0,139,0,0,0
658456,2021,4,9,"2021-04-09","14:45:00",3,"MO",29,0,1,0,0,0,0,36.88,-93.72,36.88,-93.72,0,0,0,0,0,9,0,0,0
658457,2021,4,9,"2021-04-09","14:45:00",3,"NC",37,0,1,0,0,0,0,36.5,-80.39,36.5,-80.39,0,0,0,0,0,169,0,0,0
658458,2021,4,9,"2021-04-09","14:48:00",3,"VA",51,0,1.75,0,0,20000,0,36.91,-80.08,36.91,-80.08,0,0,0,0,0,67,0,0,0
658459,2021,4,9,"2021-04-09","14:50:00",3,"VA",51,0,1.5,0,0,0,0,36.61,-76.33,36.61,-76.33,0,0,0,0,0,550,0,0,0
658460,2021,4,9,"2021-04-09","14:51:00",3,"MO",29,0,0.88,0,0,0,0,36.58,-91.1,36.58,-91.1,0,0,0,0,0,181,0,0,0
658461,2021,4,9,"2021-04-09","14:54:00",3,"MO",29,0,1,0,0,0,0,36.82,-93.92,36.82,-93.92,0,0,0,0,0,9,0,0,0
658462,2021,4,9,"2021-04-09","14:55:00",3,"VA",51,0,1.5,0,0,0,0,36.59,-76.29,36.59,-76.29,0,0,0,0,0,550,0,0,0
658463,2021,4,9,"2021-04-09","14:57:00",3,"AR",5,0,1,0,0,0,0,36.47,-91.54,36.47,-91.54,0,0,0,0,0,49,0,0,0
658464,2021,4,9,"2021-04-09","14:59:00",3,"MO",29,0,1,0,0,0,0,37.04,-94.56,37.04,-94.56,0,0,0,0,0,145,0,0,0
658465,2021,4,9,"2021-04-09","15:00:00",3,"VA",51,0,0.75,0,0,0,0,36.92,-80.02,36.92,-80.02,0,0,0,0,0,67,0,0,0
658466,2021,4,9,"2021-04-09","15:02:00",3,"OK",40,0,1,0,0,0,0,35.47,-98.36,35.47,-98.36,0,0,0,0,0,15,0,0,0
658467,2021,4,9,"2021-04-09","15:04:00",3,"MO",29,0,1,0,0,0,0,36.52,-91.54,36.52,-91.54,0,0,0,0,0,149,0,0,0
658468,2021,4,9,"2021-04-09","15:04:00",3,"AR",5,0,1,0,0,0,0,33.1447,-92.6237,33.1447,-92.6237,0,0,0,0,0,139,0,0,0
658469,2021,4,9,"2021-04-09","15:05:00",3,"VA",51,0,1.25,0,0,0,0,36.73,-79.48,36.73,-79.48,0,0,0,0,0,143,0,0,0
658470,2021,4,9,"2021-04-09","15:05:00",3,"AR",5,0,1,0,0,0,0,35.68,-90.5378,35.68,-90.5378,0,0,0,0,0,111,0,0,0
658471,2021,4,9,"2021-04-09","15:07:00",3,"OK",40,0,1.25,0,0,0,0,35.47,-98.36,35.47,-98.36,0,0,0,0,0,15,0,0,0
658472,2021,4,9,"2021-04-09","15:08:00",3,"AR",5,0,1,0,0,0,0,35.9,-90.58,35.9,-90.58,0,0,0,0,0,31,0,0,0
658473,2021,4,9,"2021-04-09","15:10:00",3,"OK",40,0,1,0,0,0,0,35.5,-98.36,35.5,-98.36,0,0,0,0,0,15,0,0,0
658474,2021,4,9,"2021-04-09","15:11:00",3,"NC",37,0,1,0,0,0,0,36.53,-78.52,36.53,-78.52,0,0,0,0,0,77,0,0,0
658475,2021,4,9,"2021-04-09","15:11:00",3,"NC",37,0,1.75,0,0,0,0,35.51,-78.74,35.51,-78.74,0,0,0,0,0,85,0,0,0
658476,2021,4,9,"2021-04-09","15:12:00",3,"VA",51,0,1.25,0,0,0,0,36.68,-79.42,36.68,-79.42,0,0,0,0,0,143,0,0,0
658477,2021,4,9,"2021-04-09","15:13:00",3,"NC",37,0,1,0,0,0,0,35.51,-78.56,35.51,-78.56,0,0,0,0,0,101,0,0,0
658478,2021,4,9,"2021-04-09","15:14:00",3,"VA",51,0,1,0,0,0,0,36.75,-79.42,36.75,-79.42,0,0,0,0,0,143,0,0,0
658479,2021,4,9,"2021-04-09","15:15:00",3,"AL",1,0,1,0,0,0,0,32.54,-87.93,32.54,-87.93,0,0,0,0,0,119,0,0,0
658480,2021,4,9,"2021-04-09","15:17:00",3,"AR",5,0,1,0,0,0,0,36.1215,-90.5113,36.1215,-90.5113,0,0,0,0,0,55,0,0,0
658481,2021,4,9,"2021-04-09","15:18:00",3,"AR",5,0,1.5,0,0,0,0,36.05,-90.48,36.05,-90.48,0,0,0,0,0,55,0,0,0
658482,2021,4,9,"2021-04-09","15:19:00",3,"MO",29,0,1,0,0,0,0,36.62,-90.82,36.62,-90.82,0,0,0,0,0,181,0,0,0
658483,2021,4,9,"2021-04-09","15:20:00",3,"AR",5,0,1,0,0,0,0,33.75,-92,33.75,-92,0,0,0,0,0,25,0,0,0
658484,2021,4,9,"2021-04-09","15:20:00",3,"TX",48,0,0.75,0,0,0,0,31.6665,-94.9933,31.6665,-94.9933,0,0,0,0,0,73,0,0,0
658485,2021,4,9,"2021-04-09","15:20:00",3,"AR",5,0,1.5,0,0,0,0,36.0709,-90.5121,36.0709,-90.5121,0,0,0,0,0,55,0,0,0
658486,2021,4,9,"2021-04-09","15:25:00",3,"OK",40,0,0.75,0,0,0,0,36.5289,-95.7012,36.5289,-95.7012,0,0,0,0,0,131,0,0,0
658487,2021,4,9,"2021-04-09","15:25:00",3,"AR",5,0,0.88,0,0,0,0,36.32,-90.5102,36.32,-90.5102,0,0,0,0,0,21,0,0,0
658488,2021,4,9,"2021-04-09","15:27:00",3,"VA",51,0,1,0,0,0,0,36.6586,-79.3253,36.6586,-79.3253,0,0,0,0,0,143,0,0,0
658489,2021,4,9,"2021-04-09","15:30:00",3,"VA",51,0,1,0,0,0,0,36.61,-76.2,36.61,-76.2,0,0,0,0,0,550,0,0,0
658490,2021,4,9,"2021-04-09","15:30:00",3,"VA",51,0,1,0,0,0,0,36.55,-78.46,36.55,-78.46,0,0,0,0,0,117,0,0,0
658491,2021,4,9,"2021-04-09","15:30:00",3,"OK",40,0,1,0,0,0,0,36.3094,-96.4132,36.3094,-96.4132,0,0,0,0,0,113,0,0,0
658492,2021,4,9,"2021-04-09","15:30:00",3,"AR",5,0,1.25,0,0,0,0,36.2,-90.52,36.2,-90.52,0,0,0,0,0,55,0,0,0
658493,2021,4,9,"2021-04-09","15:31:00",3,"OK",40,0,1.75,0,0,20000,0,36.3304,-96.4512,36.3304,-96.4512,0,0,0,0,0,113,0,0,0
658494,2021,4,9,"2021-04-09","15:32:00",3,"TX",48,0,1,0,0,0,0,31.736,-94.9023,31.736,-94.9023,0,0,0,0,0,347,0,0,0
658495,2021,4,9,"2021-04-09","15:33:00",3,"NC",37,0,1,0,0,0,0,36.12,-76.75,36.12,-76.75,0,0,0,0,0,15,0,0,0
658496,2021,4,9,"2021-04-09","15:33:00",3,"VA",51,0,1.75,0,0,0,0,36.6054,-79.2298,36.6054,-79.2298,0,0,0,0,0,143,0,0,0
658497,2021,4,9,"2021-04-09","15:34:00",3,"MO",29,0,1.5,0,0,0,0,36.62,-90.82,36.62,-90.82,0,0,0,0,0,181,0,0,0
658498,2021,4,9,"2021-04-09","15:35:00",3,"NC",37,0,1,0,0,0,0,36.1,-76.67,36.1,-76.67,0,0,0,0,0,41,0,0,0
658499,2021,4,9,"2021-04-09","15:35:00",3,"OK",40,0,1.75,0,0,25000,0,36.5573,-95.4878,36.5573,-95.4878,0,0,0,0,0,131,0,0,0
658500,2021,4,9,"2021-04-09","15:37:00",3,"MO",29,0,1,0,0,0,0,36.93,-90.75,36.93,-90.75,0,0,0,0,0,35,0,0,0
658501,2021,4,9,"2021-04-09","15:39:00",3,"OK",40,0,1.75,0,0,20000,0,36.338,-96.437,36.338,-96.437,0,0,0,0,0,113,0,0,0
658502,2021,4,9,"2021-04-09","15:40:00",3,"AR",5,0,0.75,0,0,0,0,36.18,-90.38,36.18,-90.38,0,0,0,0,0,55,0,0,0
658503,2021,4,9,"2021-04-09","15:42:00",3,"VA",51,0,1.75,0,0,0,0,36.59,-79.17,36.59,-79.17,0,0,0,0,0,83,0,0,0
658504,2021,4,9,"2021-04-09","15:47:00",3,"MO",29,0,1,0,0,0,0,36.93,-90.8043,36.93,-90.8043,0,0,0,0,0,35,0,0,0
658505,2021,4,9,"2021-04-09","15:48:00",3,"MO",29,0,0.88,0,0,0,0,37.17,-90.72,37.17,-90.72,0,0,0,0,0,223,0,0,0
658506,2021,4,9,"2021-04-09","15:53:00",3,"OK",40,0,2,0,0,0,0,35.25,-98.03,35.25,-98.03,0,0,0,0,0,51,0,0,0
658507,2021,4,9,"2021-04-09","15:53:00",3,"MS",28,0,1.25,0,0,0,0,31.87,-89.27,31.87,-89.27,0,0,0,0,0,61,0,0,0
658508,2021,4,9,"2021-04-09","15:53:00",3,"MS",28,0,1.75,0,0,35000,0,31.86,-89.26,32.2188,-89.1028,0,0,0,0,0,61,0,0,0
658509,2021,4,9,"2021-04-09","15:55:00",3,"TX",48,0,1,0,0,0,0,31.9121,-94.6812,31.9121,-94.6812,0,0,0,0,0,401,0,0,0
658510,2021,4,9,"2021-04-09","15:56:00",3,"OK",40,0,2.75,0,0,0,0,35.25,-98.03,35.25,-98.03,0,0,0,0,0,51,0,0,0
658511,2021,4,9,"2021-04-09","15:56:00",3,"VA",51,0,1,0,0,0,0,36.57,-77.94,36.57,-77.94,0,0,0,0,0,25,0,0,0
658512,2021,4,9,"2021-04-09","15:57:00",3,"MO",29,0,1.75,0,0,0,0,37.18,-90.57,37.18,-90.57,0,0,0,0,0,223,0,0,0
658513,2021,4,9,"2021-04-09","15:59:00",3,"KS",20,0,1,0,0,0,0,37.3,-94.71,37.3,-94.71,0,0,0,0,0,21,0,0,0
658514,2021,4,9,"2021-04-09","15:59:00",3,"AL",1,0,1,0,0,0,0,32.88,-87.44,32.88,-87.44,0,0,0,0,0,65,0,0,0
658515,2021,4,9,"2021-04-09","16:00:00",3,"VA",51,0,1,0,0,0,0,36.74,-76.34,36.74,-76.34,0,0,0,0,0,550,0,0,0
658516,2021,4,9,"2021-04-09","16:00:00",3,"VA",51,0,1,0,0,0,0,36.6,-78.14,36.6,-78.14,0,0,0,0,0,117,0,0,0
658517,2021,4,9,"2021-04-09","16:04:00",3,"AR",5,0,1,0,0,0,0,33.13,-91.96,33.13,-91.96,0,0,0,0,0,3,0,0,0
658518,2021,4,9,"2021-04-09","16:07:00",3,"MO",29,0,1.75,0,0,0,0,36.6,-90.27,36.6,-90.27,0,0,0,0,0,23,0,0,0
658519,2021,4,9,"2021-04-09","16:13:00",3,"MO",29,0,1,0,0,0,0,36.68,-90.25,36.68,-90.25,0,0,0,0,0,23,0,0,0
658520,2021,4,9,"2021-04-09","16:14:00",3,"VA",51,0,0.75,0,0,0,0,36.64,-78.9,36.64,-78.9,0,0,0,0,0,83,0,0,0
658521,2021,4,9,"2021-04-09","16:14:00",3,"IL",17,0,1,0,0,0,0,37.9905,-89.076,37.9905,-89.076,0,0,0,0,0,55,0,0,0
658522,2021,4,9,"2021-04-09","16:14:00",3,"OK",40,0,2.75,0,0,0,0,35.12,-98.01,35.12,-98.01,0,0,0,0,0,51,0,0,0
658523,2021,4,9,"2021-04-09","16:15:00",3,"TX",48,0,1,0,0,0,0,31.9249,-94.3243,31.9249,-94.3243,0,0,0,0,0,419,0,0,0
658524,2021,4,9,"2021-04-09","16:15:00",3,"LA",22,0,1.5,0,0,0,0,32.5914,-92.6464,32.5914,-92.6464,0,0,0,0,0,61,0,0,0
658525,2021,4,9,"2021-04-09","16:19:00",3,"OK",40,0,2,0,0,5000,0,35.19,-97.97,35.19,-97.97,0,0,0,0,0,51,0,0,0
658526,2021,4,9,"2021-04-09","16:19:00",3,"LA",22,0,0.75,0,0,0,0,32.5676,-92.5888,32.5676,-92.5888,0,0,0,0,0,61,0,0,0
658527,2021,4,9,"2021-04-09","16:20:00",3,"TX",48,0,0.75,0,0,0,0,31.32,-95.46,31.32,-95.46,0,0,0,0,0,225,0,0,0
658528,2021,4,9,"2021-04-09","16:20:00",3,"NC",37,0,1.5,0,0,0,0,36.06,-76.6,36.06,-76.6,0,0,0,0,0,41,0,0,0
658529,2021,4,9,"2021-04-09","16:23:00",3,"OK",40,0,1.5,0,0,0,0,35.85,-97.74,35.85,-97.74,0,0,0,0,0,73,0,0,0
658530,2021,4,9,"2021-04-09","16:25:00",3,"LA",22,0,0.88,0,0,0,0,32.6121,-92.5112,32.6121,-92.5112,0,0,0,0,0,61,0,0,0
658531,2021,4,9,"2021-04-09","16:25:00",3,"OK",40,0,1.75,0,0,0,0,35.13,-97.92,35.13,-97.92,0,0,0,0,0,51,0,0,0
658532,2021,4,9,"2021-04-09","16:25:00",3,"TN",47,0,0.75,0,0,0,0,35.55,-89.57,35.55,-89.57,0,0,0,0,0,167,0,0,0
658533,2021,4,9,"2021-04-09","16:28:00",3,"NC",37,0,1,0,0,0,0,36.05,-76.63,36.05,-76.63,0,0,0,0,0,41,0,0,0
658534,2021,4,9,"2021-04-09","16:29:00",3,"OK",40,0,1.5,0,0,0,0,35.04,-97.99,35.04,-97.99,0,0,0,0,0,51,0,0,0
658535,2021,4,9,"2021-04-09","16:30:00",3,"OK",40,0,2,0,0,0,0,35.8,-97.75,35.8,-97.75,0,0,0,0,0,73,0,0,0
658536,2021,4,9,"2021-04-09","16:30:00",3,"MO",29,0,1,0,0,0,0,36.95,-90.17,36.95,-90.17,0,0,0,0,0,207,0,0,0
658537,2021,4,9,"2021-04-09","16:30:00",3,"TN",47,0,1,0,0,0,0,35.63,-89.61,35.63,-89.61,0,0,0,0,0,167,0,0,0
658538,2021,4,9,"2021-04-09","16:34:00",3,"LA",22,0,1,0,0,0,0,32.6284,-92.4134,32.6284,-92.4134,0,0,0,0,0,111,0,0,0
658539,2021,4,9,"2021-04-09","16:34:00",3,"OK",40,0,1.75,0,0,0,0,35.03,-97.95,35.03,-97.95,0,0,0,0,0,51,0,0,0
658540,2021,4,9,"2021-04-09","16:35:00",3,"MO",29,0,1,0,0,0,0,36.78,-90.22,36.78,-90.22,0,0,0,0,0,23,0,0,0
658541,2021,4,9,"2021-04-09","16:35:00",3,"OK",40,0,1.25,0,0,0,0,35.04,-97.92,35.04,-97.92,0,0,0,0,0,51,0,0,0
658542,2021,4,9,"2021-04-09","16:35:00",3,"MO",29,0,1,0,0,0,0,36.78,-90.2084,36.78,-90.2084,0,0,0,0,0,207,0,0,0
658543,2021,4,9,"2021-04-09","16:39:00",3,"TN",47,0,1,0,0,0,0,35.47,-89.4,35.47,-89.4,0,0,0,0,0,75,0,0,0
658544,2021,4,9,"2021-04-09","16:40:00",3,"MS",28,0,2.25,0,0,35000,0,32.2406,-89.1127,32.39,-89.02,0,0,0,0,0,101,0,0,0
658545,2021,4,9,"2021-04-09","16:42:00",3,"TN",47,0,1.25,0,0,0,0,35.17,-89.38,35.17,-89.38,0,0,0,0,0,47,0,0,0
658546,2021,4,9,"2021-04-09","16:43:00",3,"OK",40,0,2.5,0,0,0,0,35.04,-97.9,35.04,-97.9,0,0,0,0,0,51,0,0,0
658547,2021,4,9,"2021-04-09","16:44:00",3,"TN",47,0,0.75,0,0,0,0,35.7095,-89.5752,35.7095,-89.5752,0,0,0,0,0,97,0,0,0
658548,2021,4,9,"2021-04-09","16:45:00",3,"OK",40,0,2.75,0,0,0,0,34.98,-97.88,34.98,-97.88,0,0,0,0,0,51,0,0,0
658549,2021,4,9,"2021-04-09","16:50:00",3,"AL",1,0,1.75,0,0,0,0,33.25,-87.8,33.25,-87.8,0,0,0,0,0,125,0,0,0
658550,2021,4,9,"2021-04-09","16:50:00",3,"AL",1,0,2,0,0,0,0,33.29,-87.85,33.29,-87.85,0,0,0,0,0,107,0,0,0
658551,2021,4,9,"2021-04-09","16:52:00",3,"OK",40,0,1.25,0,0,0,0,34.92,-97.84,34.92,-97.84,0,0,0,0,0,51,0,0,0
658552,2021,4,9,"2021-04-09","16:53:00",3,"MS",28,0,1.5,0,0,15000,0,33.45,-88.35,33.4477,-88.3238,0,0,0,0,0,87,0,0,0
658553,2021,4,9,"2021-04-09","16:55:00",3,"OK",40,0,2,0,0,0,0,34.94,-97.8,34.94,-97.8,0,0,0,0,0,51,0,0,0
658554,2021,4,9,"2021-04-09","16:55:00",3,"OK",40,0,1.75,0,0,0,0,34.97,-97.85,34.97,-97.85,0,0,0,0,0,51,0,0,0
658555,2021,4,9,"2021-04-09","16:59:00",3,"TX",48,0,1,0,0,0,0,31.36,-95.19,31.36,-95.19,0,0,0,0,0,225,0,0,0
658556,2021,4,9,"2021-04-09","16:59:00",3,"AL",1,0,1.5,0,0,0,0,33.35,-87.8,33.35,-87.8,0,0,0,0,0,125,0,0,0
658557,2021,4,9,"2021-04-09","17:00:00",3,"NC",37,0,1.75,0,0,0,0,36.46,-77.55,36.46,-77.55,0,0,0,0,0,131,0,0,0
658558,2021,4,9,"2021-04-09","17:01:00",3,"TX",48,0,1.25,0,0,0,0,31.9148,-94.8558,31.9148,-94.8558,0,0,0,0,0,401,0,0,0
658559,2021,4,9,"2021-04-09","17:01:00",3,"LA",22,0,1.25,0,0,0,0,32.6198,-93.284,32.6198,-93.284,0,0,0,0,0,119,0,0,0
658560,2021,4,9,"2021-04-09","17:01:00",3,"TN",47,0,1,0,0,0,0,35.6,-89.27,35.6,-89.27,0,0,0,0,0,75,0,0,0
658561,2021,4,9,"2021-04-09","17:03:00",3,"NC",37,0,1,0,0,0,0,36.53,-76.25,36.53,-76.25,0,0,0,0,0,53,0,0,0
658562,2021,4,9,"2021-04-09","17:09:00",3,"LA",22,0,1.25,0,0,0,0,32.6009,-92.086,32.6009,-92.086,0,0,0,0,0,73,0,0,0
658563,2021,4,9,"2021-04-09","17:09:00",3,"LA",22,0,1,0,0,0,0,32.6142,-92.059,32.6142,-92.059,0,0,0,0,0,73,0,0,0
658564,2021,4,9,"2021-04-09","17:12:00",3,"OK",40,0,1.75,0,0,0,0,35.66,-97.19,35.66,-97.19,0,0,0,0,0,109,0,0,0
658565,2021,4,9,"2021-04-09","17:14:00",3,"LA",22,0,1,0,0,0,0,32.5447,-92.0041,32.5447,-92.0041,0,0,0,0,0,73,0,0,0
658566,2021,4,9,"2021-04-09","17:15:00",3,"NC",37,0,1,0,0,0,0,36.45,-76.29,36.45,-76.29,0,0,0,0,0,29,0,0,0
658567,2021,4,9,"2021-04-09","17:15:00",3,"NC",37,0,1,0,0,0,0,36.39,-77.42,36.39,-77.42,0,0,0,0,0,131,0,0,0
658568,2021,4,9,"2021-04-09","17:15:00",3,"OK",40,0,2,0,0,0,0,35.22,-96.93,35.22,-96.93,0,0,0,0,0,125,0,0,0
658569,2021,4,9,"2021-04-09","17:15:00",3,"MS",28,0,1.33,0,0,0,0,34.5,-89,34.5,-89,0,0,0,0,0,145,0,0,0
658570,2021,4,9,"2021-04-09","17:20:00",3,"TX",48,0,1.75,0,0,12000,0,32.27,-97.18,32.27,-97.18,0,0,0,0,0,251,0,0,0
658571,2021,4,9,"2021-04-09","17:21:00",3,"OK",40,0,1.75,0,0,0,0,35.2,-96.97,35.2,-96.97,0,0,0,0,0,125,0,0,0
658572,2021,4,9,"2021-04-09","17:21:00",3,"LA",22,0,2.75,0,0,0,0,32.2394,-92.2671,32.2394,-92.2671,0,0,0,0,0,21,0,0,0
658573,2021,4,9,"2021-04-09","17:24:00",3,"MS",28,0,1,0,0,0,0,32.77,-89.15,32.77,-89.15,0,0,0,0,0,99,0,0,0
658574,2021,4,9,"2021-04-09","17:25:00",3,"LA",22,0,1.75,0,0,15000,0,32.7,-91.87,32.7,-91.87,0,0,0,0,0,67,0,0,0
658575,2021,4,9,"2021-04-09","17:25:00",3,"TX",48,0,1,0,0,0,0,32.28,-97.2,32.28,-97.2,0,0,0,0,0,251,0,0,0
658576,2021,4,9,"2021-04-09","17:25:00",3,"TX",48,0,2,0,0,25000,0,32.27,-97.17,32.27,-97.17,0,0,0,0,0,251,0,0,0
658577,2021,4,9,"2021-04-09","17:25:00",3,"TX",48,0,1.5,0,0,0,0,32.0135,-94.7076,32.0135,-94.7076,0,0,0,0,0,401,0,0,0
658578,2021,4,9,"2021-04-09","17:29:00",3,"OK",40,0,1,0,0,0,0,35.19,-96.93,35.19,-96.93,0,0,0,0,0,125,0,0,0
658579,2021,4,9,"2021-04-09","17:32:00",3,"NC",37,0,1.5,0,0,0,0,36.3,-77.3,36.3,-77.3,0,0,0,0,0,131,0,0,0
658580,2021,4,9,"2021-04-09","17:34:00",3,"LA",22,0,1,0,0,0,0,32.5507,-92.9191,32.5507,-92.9191,0,0,0,0,0,13,0,0,0
658581,2021,4,9,"2021-04-09","17:35:00",3,"TX",48,0,3,0,0,0,0,32.0997,-94.7661,32.0997,-94.7661,0,0,0,0,0,401,0,0,0
658582,2021,4,9,"2021-04-09","17:35:00",3,"TX",48,0,2.75,0,0,0,0,32.0986,-94.7658,32.0986,-94.7658,0,0,0,0,0,401,0,0,0
658583,2021,4,9,"2021-04-09","17:35:00",3,"TX",48,0,1.5,0,0,0,0,32.0468,-94.6478,32.0468,-94.6478,0,0,0,0,0,401,0,0,0
658584,2021,4,9,"2021-04-09","17:38:00",3,"NC",37,0,1,0,0,0,0,36.27,-77.28,36.27,-77.28,0,0,0,0,0,131,0,0,0
658585,2021,4,9,"2021-04-09","17:40:00",3,"MS",28,0,2.75,0,0,0,0,34.42,-89.03,34.42,-89.03,0,0,0,0,0,145,0,0,0
658586,2021,4,9,"2021-04-09","17:42:00",3,"TX",48,0,0.88,0,0,0,0,32.46,-97.07,32.46,-97.07,0,0,0,0,0,139,0,0,0
658587,2021,4,9,"2021-04-09","17:45:00",3,"LA",22,0,1.75,0,0,0,0,32.1557,-92.9774,32.1557,-92.9774,0,0,0,0,0,13,0,0,0
658588,2021,4,9,"2021-04-09","17:45:00",3,"TX",48,0,0.75,0,0,0,0,32.26,-97.04,32.26,-97.04,0,0,0,0,0,139,0,0,0
658589,2021,4,9,"2021-04-09","17:50:00",3,"TX",48,0,1,0,0,0,0,32.2,-96.99,32.2,-96.99,0,0,0,0,0,139,0,0,0
658590,2021,4,9,"2021-04-09","17:51:00",3,"TX",48,0,1.25,0,0,0,0,32.0964,-94.7625,32.0964,-94.7625,0,0,0,0,0,401,0,0,0
658591,2021,4,9,"2021-04-09","17:52:00",3,"TX",48,0,2,0,0,8000,0,32.27,-97.08,32.27,-97.08,0,0,0,0,0,139,0,0,0
658592,2021,4,9,"2021-04-09","17:52:00",3,"TX",48,0,0.75,0,0,0,0,32.49,-96.96,32.49,-96.96,0,0,0,0,0,139,0,0,0
658593,2021,4,9,"2021-04-09","17:53:00",3,"TX",48,0,2.75,0,0,1e+05,0,32.43,-97.12,32.43,-97.12,0,0,0,0,0,251,0,0,0
658594,2021,4,9,"2021-04-09","17:56:00",3,"MS",28,0,2,0,0,40000,0,32.99,-89.06,32.99,-89.06,0,0,0,0,0,159,0,0,0
658595,2021,4,9,"2021-04-09","18:00:00",3,"TX",48,0,1,0,0,0,0,32.45,-97,32.45,-97,0,0,0,0,0,139,0,0,0
658596,2021,4,9,"2021-04-09","18:00:00",3,"TX",48,0,1,0,0,0,0,32.48,-96.9285,32.48,-96.9285,0,0,0,0,0,139,0,0,0
658597,2021,4,9,"2021-04-09","18:00:00",3,"TX",48,0,0.88,0,0,0,0,32.48,-96.9628,32.48,-96.9628,0,0,0,0,0,139,0,0,0
658598,2021,4,9,"2021-04-09","18:01:00",3,"LA",22,0,2,0,0,15000,0,32.19,-91.52,32.19,-91.52,0,0,0,0,0,41,0,0,0
658599,2021,4,9,"2021-04-09","18:06:00",3,"LA",22,0,1,0,0,0,0,32.4609,-92.2916,32.4609,-92.2916,0,0,0,0,0,73,0,0,0
658600,2021,4,9,"2021-04-09","18:10:00",3,"TX",48,0,0.75,0,0,0,0,32.43,-97,32.43,-97,0,0,0,0,0,139,0,0,0
658601,2021,4,9,"2021-04-09","18:11:00",3,"TX",48,0,1,0,0,0,0,32.4366,-96.98,32.4366,-96.98,0,0,0,0,0,139,0,0,0
658602,2021,4,9,"2021-04-09","18:11:00",3,"OK",40,0,1.75,0,0,0,0,35.49,-96.69,35.49,-96.69,0,0,0,0,0,81,0,0,0
658603,2021,4,9,"2021-04-09","18:12:00",3,"TX",48,0,1,0,0,0,0,32.53,-96.88,32.53,-96.88,0,0,0,0,0,139,0,0,0
658604,2021,4,9,"2021-04-09","18:14:00",3,"TX",48,0,0.75,0,0,0,0,32.3991,-94.7218,32.3991,-94.7218,0,0,0,0,0,183,0,0,0
658605,2021,4,9,"2021-04-09","18:15:00",3,"TX",48,0,1.75,0,0,3000,0,32.18,-96.95,32.18,-96.95,0,0,0,0,0,139,0,0,0
658606,2021,4,9,"2021-04-09","18:15:00",3,"MS",28,0,1.25,0,0,0,0,34.35,-88.9599,34.35,-88.9599,0,0,0,0,0,115,0,0,0
658607,2021,4,9,"2021-04-09","18:17:00",3,"OK",40,0,2,0,0,0,0,35.45,-96.67,35.45,-96.67,0,0,0,0,0,125,0,0,0
658608,2021,4,9,"2021-04-09","18:19:00",3,"LA",22,0,1,0,0,0,0,32.5103,-92.1492,32.5103,-92.1492,0,0,0,0,0,73,0,0,0
658609,2021,4,9,"2021-04-09","18:19:00",3,"MS",28,0,1.25,0,0,12000,0,33.03,-89.76,33.03,-89.76,0,0,0,0,0,7,0,0,0
658610,2021,4,9,"2021-04-09","18:20:00",3,"LA",22,0,0.88,0,0,0,0,32.5049,-92.1772,32.5049,-92.1772,0,0,0,0,0,73,0,0,0
658611,2021,4,9,"2021-04-09","18:20:00",3,"MS",28,0,1,0,0,0,0,32.04,-89.94,32.04,-89.94,0,0,0,0,0,127,0,0,0
658612,2021,4,9,"2021-04-09","18:21:00",3,"TX",48,0,1.5,0,0,0,0,32.5457,-96.8466,32.5457,-96.8466,0,0,0,0,0,113,0,0,0
658613,2021,4,9,"2021-04-09","18:22:00",3,"OK",40,0,1,0,0,0,0,34.96,-97.03,34.96,-97.03,0,0,0,0,0,125,0,0,0
658614,2021,4,9,"2021-04-09","18:23:00",3,"TX",48,0,1,0,0,0,0,32.6,-96.76,32.6,-96.76,0,0,0,0,0,113,0,0,0
658615,2021,4,9,"2021-04-09","18:25:00",3,"LA",22,0,0.75,0,0,0,0,32.1481,-93.3401,32.1481,-93.3401,0,0,0,0,0,81,0,0,0
658616,2021,4,9,"2021-04-09","18:28:00",3,"OK",40,0,1,0,0,0,0,35.8812,-96.3169,35.8812,-96.3169,0,0,0,0,0,37,0,0,0
658617,2021,4,9,"2021-04-09","18:30:00",3,"TX",48,0,0.75,0,0,0,0,31.3276,-94.7346,31.3276,-94.7346,0,0,0,0,0,5,0,0,0
658618,2021,4,9,"2021-04-09","18:30:00",3,"LA",22,0,1,0,0,0,0,32.5283,-92.0748,32.5283,-92.0748,0,0,0,0,0,73,0,0,0
658619,2021,4,9,"2021-04-09","18:30:00",3,"OK",40,0,2.75,0,0,0,0,34.07,-97.15,34.07,-97.15,0,0,0,0,0,85,0,0,0
658620,2021,4,9,"2021-04-09","18:34:00",3,"TX",48,0,1.75,0,0,50000,0,32.32,-97.02,32.32,-97.02,0,0,0,0,0,139,0,0,0
658621,2021,4,9,"2021-04-09","18:36:00",3,"TX",48,0,1.5,0,0,0,0,32.3,-97.03,32.3,-97.03,0,0,0,0,0,139,0,0,0
658622,2021,4,9,"2021-04-09","18:37:00",3,"OK",40,0,1,0,0,0,0,35.13,-96.5,35.13,-96.5,0,0,0,0,0,133,0,0,0
658623,2021,4,9,"2021-04-09","18:40:00",3,"OK",40,0,2,0,0,0,0,34.04,-97.14,34.04,-97.14,0,0,0,0,0,85,0,0,0
658624,2021,4,9,"2021-04-09","18:42:00",3,"OK",40,0,1.75,0,0,0,0,34.07,-97.07,34.07,-97.07,0,0,0,0,0,85,0,0,0
658625,2021,4,9,"2021-04-09","18:45:00",3,"OK",40,0,1,0,0,0,0,34.8,-96.87,34.8,-96.87,0,0,0,0,0,123,0,0,0
658626,2021,4,9,"2021-04-09","18:48:00",3,"MS",28,0,1,0,0,0,0,33.31,-89.18,33.31,-89.18,0,0,0,0,0,19,0,0,0
658627,2021,4,9,"2021-04-09","18:48:00",3,"TX",48,0,0.75,0,0,0,0,32.9,-96.75,32.9,-96.75,0,0,0,0,0,113,0,0,0
658628,2021,4,9,"2021-04-09","18:49:00",3,"MS",28,0,1,0,0,0,0,34.4,-88.92,34.4,-88.92,0,0,0,0,0,145,0,0,0
658629,2021,4,9,"2021-04-09","18:50:00",3,"TX",48,0,1.75,0,0,5000,0,32.24,-97.01,32.24,-97.01,0,0,0,0,0,139,0,0,0
658630,2021,4,9,"2021-04-09","18:50:00",3,"MS",28,0,1.75,0,0,15000,0,32.13,-89.84,32.13,-89.84,0,0,0,0,0,121,0,0,0
658631,2021,4,9,"2021-04-09","18:50:00",3,"MS",28,0,2.5,0,0,0,0,34.4,-88.87,34.4,-88.87,0,0,0,0,0,145,0,0,0
658632,2021,4,9,"2021-04-09","18:52:00",3,"MS",28,0,1.75,0,0,5000,0,33.1279,-89.765,33.1279,-89.765,0,0,0,0,0,7,0,0,0
658633,2021,4,9,"2021-04-09","18:53:00",3,"OK",40,0,1,0,0,0,0,34.63,-96.95,34.63,-96.95,0,0,0,0,0,99,0,0,0
658634,2021,4,9,"2021-04-09","18:55:00",3,"TX",48,0,1,0,0,0,0,32.89,-96.71,32.89,-96.71,0,0,0,0,0,113,0,0,0
658635,2021,4,9,"2021-04-09","18:55:00",3,"TX",48,0,1,0,0,0,0,32.75,-96.47,32.75,-96.47,0,0,0,0,0,257,0,0,0
658636,2021,4,9,"2021-04-09","18:57:00",3,"TX",48,0,1.25,0,0,0,0,32.73,-96.47,32.73,-96.47,0,0,0,0,0,257,0,0,0
658637,2021,4,9,"2021-04-09","18:57:00",3,"OK",40,0,1,0,0,0,0,34.77,-96.75,34.77,-96.75,0,0,0,0,0,123,0,0,0
658638,2021,4,9,"2021-04-09","19:00:00",3,"OK",40,0,1.25,0,0,0,0,33.99,-96.91,33.99,-96.91,0,0,0,0,0,95,0,0,0
658639,2021,4,9,"2021-04-09","19:00:00",3,"OK",40,0,1.75,0,0,0,0,34.66,-96.78,34.66,-96.78,0,0,0,0,0,123,0,0,0
658640,2021,4,9,"2021-04-09","19:02:00",3,"OK",40,0,1.1,0,0,0,0,34.51,-96.92,34.51,-96.92,0,0,0,0,0,99,0,0,0
658641,2021,4,9,"2021-04-09","19:04:00",3,"TX",48,0,1,0,0,0,0,32.1,-96.72,32.1,-96.72,0,0,0,0,0,349,0,0,0
658642,2021,4,9,"2021-04-09","19:04:00",3,"LA",22,0,1,0,0,0,0,32.4,-91.42,32.4,-91.42,0,0,0,0,0,65,0,0,0
658643,2021,4,9,"2021-04-09","19:09:00",3,"TX",48,0,2,0,0,150000,0,32.68,-96.86,32.68,-96.86,0,0,0,0,0,113,0,0,0
658644,2021,4,9,"2021-04-09","19:09:00",3,"TX",48,0,0.75,0,0,0,0,32.73,-96.86,32.73,-96.86,0,0,0,0,0,113,0,0,0
658645,2021,4,9,"2021-04-09","19:10:00",3,"TX",48,0,3,0,0,2e+07,0,32.18,-96.88,32.18,-96.88,0,0,0,0,0,139,0,0,0
658646,2021,4,9,"2021-04-09","19:10:00",3,"MS",28,0,1,0,0,0,0,34.4432,-88.4814,34.4432,-88.4814,0,0,0,0,0,57,0,0,0
658647,2021,4,9,"2021-04-09","19:11:00",3,"TX",48,0,0.88,0,0,0,0,32.3722,-94.7284,32.3722,-94.7284,0,0,0,0,0,183,0,0,0
658648,2021,4,9,"2021-04-09","19:12:00",3,"MS",28,0,1,0,0,0,0,34.93,-88.52,34.93,-88.52,0,0,0,0,0,3,0,0,0
658649,2021,4,9,"2021-04-09","19:13:00",3,"TX",48,0,2,0,0,150000,0,32.72,-96.87,32.72,-96.87,0,0,0,0,0,113,0,0,0
658650,2021,4,9,"2021-04-09","19:13:00",3,"MS",28,0,1.75,0,0,0,0,34.37,-88.85,34.37,-88.85,0,0,0,0,0,115,0,0,0
658651,2021,4,9,"2021-04-09","19:15:00",3,"TX",48,0,1,0,0,0,0,32.89,-96.57,32.89,-96.57,0,0,0,0,0,113,0,0,0
658652,2021,4,9,"2021-04-09","19:16:00",3,"TX",48,0,1,0,0,0,0,32.73,-96.86,32.73,-96.86,0,0,0,0,0,113,0,0,0
658653,2021,4,9,"2021-04-09","19:17:00",3,"TX",48,0,1,0,0,0,0,32.89,-96.57,32.89,-96.57,0,0,0,0,0,113,0,0,0
658654,2021,4,9,"2021-04-09","19:17:00",3,"MS",28,0,1.75,0,0,10000,0,33.56,-89.08,33.56,-89.08,0,0,0,0,0,105,0,0,0
658655,2021,4,9,"2021-04-09","19:20:00",3,"MS",28,0,1.5,0,0,20000,0,32.34,-89.82,32.34,-89.82,0,0,0,0,0,121,0,0,0
658656,2021,4,9,"2021-04-09","19:21:00",3,"TX",48,0,0.75,0,0,0,0,32.73,-96.85,32.73,-96.85,0,0,0,0,0,113,0,0,0
658657,2021,4,9,"2021-04-09","19:21:00",3,"MS",28,0,1,0,0,0,0,33.9,-89,33.9,-89,0,0,0,0,0,17,0,0,0
658658,2021,4,9,"2021-04-09","19:22:00",3,"TX",48,0,1,0,0,0,0,32.8,-96.7,32.8,-96.7,0,0,0,0,0,113,0,0,0
658659,2021,4,9,"2021-04-09","19:22:00",3,"TX",48,0,0.88,0,0,0,0,32.2,-95.85,32.2,-95.85,0,0,0,0,0,213,0,0,0
658660,2021,4,9,"2021-04-09","19:24:00",3,"TX",48,0,1,0,0,0,0,32.8945,-96.5859,32.8945,-96.5859,0,0,0,0,0,113,0,0,0
658661,2021,4,9,"2021-04-09","19:28:00",3,"OK",40,0,1,0,0,0,0,33.9,-96.83,33.9,-96.83,0,0,0,0,0,95,0,0,0
658662,2021,4,9,"2021-04-09","19:28:00",3,"OK",40,0,1.5,0,0,0,0,33.89,-96.83,33.89,-96.83,0,0,0,0,0,95,0,0,0
658663,2021,4,9,"2021-04-09","19:35:00",3,"MS",28,0,1,0,0,0,0,32.6,-89.6,32.6,-89.6,0,0,0,0,0,79,0,0,0
658664,2021,4,9,"2021-04-09","19:35:00",3,"MS",28,0,0.88,0,0,0,0,32.37,-90.05,32.37,-90.05,0,0,0,0,0,121,0,0,0
658665,2021,4,9,"2021-04-09","19:39:00",3,"OK",40,0,1,0,0,0,0,34.42,-96.49,34.42,-96.49,0,0,0,0,0,69,0,0,0
658666,2021,4,9,"2021-04-09","19:40:00",3,"MS",28,0,1.5,0,0,25000,0,32.35,-89.7,32.35,-89.7,0,0,0,0,0,123,0,0,0
658667,2021,4,9,"2021-04-09","19:44:00",3,"TX",48,0,0.88,0,0,0,0,32.85,-96.48,32.85,-96.48,0,0,0,0,0,397,0,0,0
658668,2021,4,9,"2021-04-09","19:58:00",3,"TX",48,0,0.88,0,0,0,0,31.98,-95.97,31.98,-95.97,0,0,0,0,0,1,0,0,0
658669,2021,4,9,"2021-04-09","19:58:00",3,"TX",48,0,1.5,0,0,5000,0,31.96,-95.98,31.96,-95.98,0,0,0,0,0,1,0,0,0
658670,2021,4,9,"2021-04-09","20:10:00",3,"OK",40,0,1,0,0,0,0,35.5,-95.3178,35.5,-95.3178,0,0,0,0,0,101,0,0,0
658671,2021,4,9,"2021-04-09","20:10:00",3,"TX",48,0,0.75,0,0,0,0,33.81,-96.57,33.81,-96.57,0,0,0,0,0,181,0,0,0
658672,2021,4,9,"2021-04-09","20:10:00",3,"OK",40,0,0.75,0,0,0,0,34.9,-95.68,34.9,-95.68,0,0,0,0,0,121,0,0,0
658673,2021,4,9,"2021-04-09","20:11:00",3,"TX",48,0,1,0,0,0,0,31.92,-95.92,31.92,-95.92,0,0,0,0,0,1,0,0,0
658674,2021,4,9,"2021-04-09","20:11:00",3,"TX",48,0,1,0,0,0,0,31.92,-95.92,31.92,-95.92,0,0,0,0,0,1,0,0,0
658675,2021,4,9,"2021-04-09","20:12:00",3,"TX",48,0,1,0,0,0,0,31.97,-95.83,31.97,-95.83,0,0,0,0,0,1,0,0,0
658676,2021,4,9,"2021-04-09","20:12:00",3,"OK",40,0,0.75,0,0,0,0,34.92,-95.7377,34.92,-95.7377,0,0,0,0,0,121,0,0,0
658677,2021,4,9,"2021-04-09","20:20:00",3,"OK",40,0,1,0,0,0,0,34.899,-95.58,34.899,-95.58,0,0,0,0,0,121,0,0,0
658678,2021,4,9,"2021-04-09","20:29:00",3,"OK",40,0,1,0,0,0,0,34,-96.39,34,-96.39,0,0,0,0,0,13,0,0,0
658679,2021,4,9,"2021-04-09","20:30:00",3,"OK",40,0,0.75,0,0,0,0,35.7091,-95.3196,35.7091,-95.3196,0,0,0,0,0,101,0,0,0
658680,2021,4,9,"2021-04-09","20:43:00",3,"TX",48,0,1.25,0,0,0,0,31.83,-95.81,31.83,-95.81,0,0,0,0,0,1,0,0,0
658681,2021,4,9,"2021-04-09","20:45:00",3,"TX",48,0,1,0,0,0,0,31.88,-95.73,31.88,-95.73,0,0,0,0,0,1,0,0,0
658682,2021,4,9,"2021-04-09","20:59:00",3,"TX",48,0,0.75,0,0,0,0,31.9148,-95.4044,31.9148,-95.4044,0,0,0,0,0,73,0,0,0
658683,2021,4,9,"2021-04-09","21:13:00",3,"TX",48,0,0.75,0,0,0,0,31.74,-95.63,31.74,-95.63,0,0,0,0,0,1,0,0,0
658684,2021,4,9,"2021-04-09","21:14:00",3,"TX",48,0,1,0,0,0,0,31.73,-95.67,31.73,-95.67,0,0,0,0,0,1,0,0,0
658685,2021,4,9,"2021-04-09","21:20:00",3,"TX",48,0,1,0,0,0,0,31.7941,-95.1491,31.7941,-95.1491,0,0,0,0,0,73,0,0,0
658686,2021,4,9,"2021-04-09","21:23:00",3,"MS",28,0,1,0,0,0,0,32.01,-90.35,32.01,-90.35,0,0,0,0,0,29,0,0,0
658687,2021,4,9,"2021-04-09","21:50:00",3,"OK",40,0,1.75,0,0,0,0,33.7502,-94.7274,33.7502,-94.7274,0,0,0,0,0,89,0,0,0
658688,2021,4,9,"2021-04-09","22:05:00",3,"AR",5,0,1,0,0,0,0,35.4,-93.08,35.4,-93.08,0,0,0,0,0,115,0,0,0
658689,2021,4,9,"2021-04-09","22:08:00",3,"TX",48,0,0.75,0,0,0,0,31.6118,-94.6852,31.6118,-94.6852,0,0,0,0,0,347,0,0,0
658690,2021,4,9,"2021-04-09","22:54:00",3,"TX",48,0,1,0,0,0,0,32.3,-96.14,32.3,-96.14,0,0,0,0,0,213,0,0,0
658691,2021,4,9,"2021-04-09","23:07:00",3,"AR",5,0,0.75,0,0,0,0,33.6597,-93.6012,33.6597,-93.6012,0,0,0,0,0,57,0,0,0
658692,2021,4,9,"2021-04-09","23:08:00",3,"AR",5,0,0.88,0,0,0,0,33.6609,-93.588,33.6609,-93.588,0,0,0,0,0,57,0,0,0
658693,2021,4,9,"2021-04-09","23:20:00",3,"TX",48,0,0.75,0,0,0,0,32.5001,-95.3862,32.5001,-95.3862,0,0,0,0,0,423,0,0,0
658694,2021,4,9,"2021-04-09","23:58:00",3,"AR",5,0,1,0,0,0,0,34.37,-92.82,34.37,-92.82,0,0,0,0,0,59,0,0,0
659699,2021,5,10,"2021-05-10","08:06:00",3,"OK",40,0,1,0,0,0,0,33.91,-97.3,33.91,-97.3,0,0,0,0,0,85,0,0,0
659700,2021,5,10,"2021-05-10","08:34:00",3,"OK",40,0,1,0,0,0,0,33.76,-97.14,33.76,-97.14,0,0,0,0,0,85,0,0,0
659701,2021,5,10,"2021-05-10","08:52:00",3,"TX",48,0,1.25,0,0,0,0,33.73,-96.85,33.73,-96.85,0,0,0,0,0,181,0,0,0
659702,2021,5,10,"2021-05-10","08:55:00",3,"TX",48,0,1.5,0,0,0,0,33.6511,-96.85,33.6511,-96.85,0,0,0,0,0,181,0,0,0
659703,2021,5,10,"2021-05-10","08:55:00",3,"TX",48,0,1.5,0,0,0,0,33.69,-96.84,33.69,-96.84,0,0,0,0,0,181,0,0,0
659704,2021,5,10,"2021-05-10","09:09:00",3,"TX",48,0,1,0,0,0,0,33.62,-96.64,33.62,-96.64,0,0,0,0,0,181,0,0,0
659705,2021,5,10,"2021-05-10","09:50:00",3,"TX",48,0,1,0,0,0,0,33.73,-96.51,33.73,-96.51,0,0,0,0,0,181,0,0,0
659706,2021,5,10,"2021-05-10","10:16:00",3,"TX",48,0,1.5,0,0,0,0,33.61,-96.43,33.61,-96.43,0,0,0,0,0,181,0,0,0
659707,2021,5,10,"2021-05-10","10:20:00",3,"TX",48,0,1.25,0,0,0,0,33.61,-96.43,33.61,-96.43,0,0,0,0,0,181,0,0,0
659708,2021,5,10,"2021-05-10","10:24:00",3,"TX",48,0,1.25,0,0,0,0,33.37,-96.07,33.37,-96.07,0,0,0,0,0,231,0,0,0
659709,2021,5,10,"2021-05-10","11:22:00",3,"TX",48,0,1.5,0,0,0,0,33.0925,-95.2622,33.0925,-95.2622,0,0,0,0,0,159,0,0,0
659710,2021,5,10,"2021-05-10","11:38:00",3,"TX",48,0,1.25,0,0,0,0,33.0469,-95.1459,33.0469,-95.1459,0,0,0,0,0,159,0,0,0
659711,2021,5,10,"2021-05-10","11:50:00",3,"TX",48,0,1.75,0,0,0,0,33.0214,-95.0196,33.0214,-95.0196,0,0,0,0,0,63,0,0,0
659712,2021,5,10,"2021-05-10","11:52:00",3,"TX",48,0,1.75,0,0,0,0,33.0625,-95.0402,33.0625,-95.0402,0,0,0,0,0,63,0,0,0
659713,2021,5,10,"2021-05-10","11:56:00",3,"TX",48,0,1.5,0,0,0,0,33.0628,-94.9586,33.0628,-94.9586,0,0,0,0,0,63,0,0,0
659714,2021,5,10,"2021-05-10","11:56:00",3,"TX",48,0,1.75,0,0,0,0,33.0606,-94.9617,33.0606,-94.9617,0,0,0,0,0,63,0,0,0
659715,2021,5,10,"2021-05-10","11:56:00",3,"TX",48,0,1.25,0,0,0,0,33.0413,-94.9594,33.0413,-94.9594,0,0,0,0,0,63,0,0,0
659716,2021,5,10,"2021-05-10","11:58:00",3,"TX",48,0,1,0,0,0,0,33.1899,-95.2214,33.1899,-95.2214,0,0,0,0,0,159,0,0,0
659717,2021,5,10,"2021-05-10","12:22:00",3,"TX",48,0,1.25,0,0,0,0,33.1303,-94.9684,33.1303,-94.9684,0,0,0,0,0,449,0,0,0
659718,2021,5,10,"2021-05-10","12:26:00",3,"TX",48,0,1.25,0,0,0,0,33.0538,-94.6896,33.0538,-94.6896,0,0,0,0,0,343,0,0,0
659719,2021,5,10,"2021-05-10","12:50:00",3,"TX",48,0,1.5,0,0,0,0,33.0538,-94.6896,33.0538,-94.6896,0,0,0,0,0,343,0,0,0
659720,2021,5,10,"2021-05-10","12:55:00",3,"TX",48,0,1.75,0,0,0,0,33.0078,-94.6404,33.0078,-94.6404,0,0,0,0,0,67,0,0,0
659721,2021,5,10,"2021-05-10","12:55:00",3,"TX",48,0,1.5,0,0,0,0,32.9993,-94.6322,32.9993,-94.6322,0,0,0,0,0,67,0,0,0
659722,2021,5,10,"2021-05-10","13:16:00",3,"TX",48,0,1.75,0,0,0,0,32.9471,-94.2467,32.9471,-94.2467,0,0,0,0,0,67,0,0,0
659723,2021,5,10,"2021-05-10","13:19:00",3,"NC",37,0,1,0,0,0,0,36.1256,-80.0815,36.1256,-80.0815,0,0,0,0,0,67,0,0,0
659724,2021,5,10,"2021-05-10","13:44:00",3,"NC",37,0,1,0,0,0,0,36.06,-79.89,36.06,-79.89,0,0,0,0,0,81,0,0,0
659725,2021,5,10,"2021-05-10","13:47:00",3,"NC",37,0,1,0,0,0,0,36.06,-79.85,36.06,-79.85,0,0,0,0,0,81,0,0,0
659726,2021,5,10,"2021-05-10","13:50:00",3,"LA",22,0,1,0,0,0,0,32.8717,-93.9868,32.8717,-93.9868,0,0,0,0,0,17,0,0,0
659727,2021,5,10,"2021-05-10","14:10:00",3,"NC",37,0,1,0,0,0,0,36.02,-80.14,36.02,-80.14,0,0,0,0,0,57,0,0,0
659728,2021,5,10,"2021-05-10","14:35:00",3,"LA",22,0,1,0,0,0,0,32.4246,-93.7056,32.4246,-93.7056,0,0,0,0,0,17,0,0,0
659729,2021,5,10,"2021-05-10","14:37:00",3,"LA",22,0,0.88,0,0,0,0,32.4151,-93.8128,32.4151,-93.8128,0,0,0,0,0,17,0,0,0
659730,2021,5,10,"2021-05-10","14:43:00",3,"LA",22,0,1.5,0,0,0,0,32.7299,-93.7354,32.7299,-93.7354,0,0,0,0,0,15,0,0,0
659731,2021,5,10,"2021-05-10","14:44:00",3,"LA",22,0,1,0,0,0,0,32.4583,-93.6532,32.4583,-93.6532,0,0,0,0,0,15,0,0,0
659732,2021,5,10,"2021-05-10","14:50:00",3,"LA",22,0,1,0,0,0,0,32.3772,-93.7164,32.3772,-93.7164,0,0,0,0,0,17,0,0,0
659733,2021,5,10,"2021-05-10","14:54:00",3,"NC",37,0,1,0,0,0,0,35.86,-79.25,35.86,-79.25,0,0,0,0,0,37,0,0,0
659734,2021,5,10,"2021-05-10","14:55:00",3,"LA",22,0,0.75,0,0,0,0,32.2837,-93.6951,32.2837,-93.6951,0,0,0,0,0,31,0,0,0
659735,2021,5,10,"2021-05-10","15:08:00",3,"NC",37,0,1,0,0,0,0,35.83,-79.19,35.83,-79.19,0,0,0,0,0,37,0,0,0
659736,2021,5,10,"2021-05-10","15:16:00",3,"LA",22,0,1.25,0,0,0,0,32.2485,-93.5001,32.2485,-93.5001,0,0,0,0,0,17,0,0,0
659737,2021,5,10,"2021-05-10","15:29:00",3,"LA",22,0,1,0,0,0,0,32.1763,-93.3037,32.1763,-93.3037,0,0,0,0,0,81,0,0,0
659738,2021,5,10,"2021-05-10","15:52:00",3,"TX",48,0,1.5,0,0,0,0,29.83,-99.67,29.83,-99.67,0,0,0,0,0,385,0,0,0
659739,2021,5,10,"2021-05-10","16:07:00",3,"TX",48,0,1.75,0,0,0,0,30.52,-99.89,30.52,-99.89,0,0,0,0,0,267,0,0,0
659740,2021,5,10,"2021-05-10","16:15:00",3,"TX",48,0,2.75,0,0,0,0,30.53,-99.88,30.53,-99.88,0,0,0,0,0,267,0,0,0
659741,2021,5,10,"2021-05-10","16:20:00",3,"TX",48,0,2.75,0,0,0,0,30.61,-99.86,30.61,-99.86,0,0,0,0,0,267,0,0,0
659742,2021,5,10,"2021-05-10","16:22:00",3,"TX",48,0,0.75,0,0,0,0,32.22,-98.23,32.22,-98.23,0,0,0,0,0,143,0,0,0
659743,2021,5,10,"2021-05-10","16:22:00",3,"TX",48,0,1.25,0,0,0,0,32.22,-98.21,32.22,-98.21,0,0,0,0,0,143,0,0,0
659744,2021,5,10,"2021-05-10","16:24:00",3,"TX",48,0,0.88,0,0,0,0,32.22,-98.22,32.22,-98.22,0,0,0,0,0,143,0,0,0
659745,2021,5,10,"2021-05-10","16:25:00",3,"TX",48,0,2.75,0,0,0,0,30.62,-99.78,30.62,-99.78,0,0,0,0,0,267,0,0,0
659746,2021,5,10,"2021-05-10","16:30:00",3,"TX",48,0,1.75,0,0,0,0,31.22,-99.59,31.22,-99.59,0,0,0,0,0,307,0,0,0
659747,2021,5,10,"2021-05-10","16:30:00",3,"TX",48,0,2,0,0,250000,0,32.22,-98.2,32.22,-98.2,0,0,0,0,0,143,0,0,0
659748,2021,5,10,"2021-05-10","16:30:00",3,"TX",48,0,2.75,0,0,0,0,30.71,-99.77,30.71,-99.77,0,0,0,0,0,267,0,0,0
659749,2021,5,10,"2021-05-10","16:44:00",3,"TX",48,0,1.75,0,0,75000,0,32.72,-97.79,32.72,-97.79,0,0,0,0,0,367,0,0,0
659750,2021,5,10,"2021-05-10","16:45:00",3,"TX",48,0,1,0,0,0,0,32.73,-97.78,32.73,-97.78,0,0,0,0,0,367,0,0,0
659751,2021,5,10,"2021-05-10","16:50:00",3,"TX",48,0,1.25,0,0,0,0,32.75,-97.7,32.75,-97.7,0,0,0,0,0,367,0,0,0
659752,2021,5,10,"2021-05-10","16:54:00",3,"TX",48,0,1.75,0,0,75000,0,32.77,-97.66,32.77,-97.66,0,0,0,0,0,367,0,0,0
659753,2021,5,10,"2021-05-10","16:55:00",3,"TX",48,0,1.5,0,0,0,0,31.31,-99.44,31.31,-99.44,0,0,0,0,0,307,0,0,0
659754,2021,5,10,"2021-05-10","16:56:00",3,"TX",48,0,1,0,0,0,0,32.73,-97.6,32.73,-97.6,0,0,0,0,0,367,0,0,0
659755,2021,5,10,"2021-05-10","17:05:00",3,"TX",48,0,1,0,0,0,0,33.06,-97.57,33.06,-97.57,0,0,0,0,0,497,0,0,0
659756,2021,5,10,"2021-05-10","17:10:00",3,"TX",48,0,1.25,0,0,0,0,32.89,-97.52,32.89,-97.52,0,0,0,0,0,439,0,0,0
659757,2021,5,10,"2021-05-10","17:18:00",3,"TX",48,0,1.25,0,0,0,0,33.11,-97.36,33.11,-97.36,0,0,0,0,0,121,0,0,0
659758,2021,5,10,"2021-05-10","17:18:00",3,"TX",48,0,1.75,0,0,0,0,31.11,-99.48,31.11,-99.48,0,0,0,0,0,307,0,0,0
659759,2021,5,10,"2021-05-10","17:21:00",3,"TX",48,0,1,0,0,0,0,32.97,-97.4,32.97,-97.4,0,0,0,0,0,439,0,0,0
659760,2021,5,10,"2021-05-10","17:24:00",3,"TX",48,0,1,0,0,0,0,32.93,-97.38,32.93,-97.38,0,0,0,0,0,439,0,0,0
659761,2021,5,10,"2021-05-10","17:24:00",3,"TX",48,0,4,0,0,5e+06,0,33.18,-97.3,33.18,-97.3,0,0,0,0,0,121,0,0,0
659762,2021,5,10,"2021-05-10","17:27:00",3,"TX",48,0,1,0,0,0,0,31.13,-99.34,31.13,-99.34,0,0,0,0,0,307,0,0,0
659763,2021,5,10,"2021-05-10","17:28:00",3,"TX",48,0,1.25,0,0,0,0,31.13,-99.34,31.13,-99.34,0,0,0,0,0,307,0,0,0
659764,2021,5,10,"2021-05-10","17:30:00",3,"TX",48,0,1.75,0,0,0,0,31.15,-99.34,31.15,-99.34,0,0,0,0,0,307,0,0,0
659765,2021,5,10,"2021-05-10","17:33:00",3,"TX",48,0,1.75,0,0,15000,0,33.23,-97.25,33.23,-97.25,0,0,0,0,0,121,0,0,0
659766,2021,5,10,"2021-05-10","17:36:00",3,"TX",48,0,1,0,0,0,0,32.49,-97.26,32.49,-97.26,0,0,0,0,0,251,0,0,0
659767,2021,5,10,"2021-05-10","17:37:00",3,"TX",48,0,1,0,0,0,0,32.57,-97.29,32.57,-97.29,0,0,0,0,0,439,0,0,0
659768,2021,5,10,"2021-05-10","17:38:00",3,"TX",48,0,1.25,0,0,0,0,31.25,-99.34,31.25,-99.34,0,0,0,0,0,307,0,0,0
659769,2021,5,10,"2021-05-10","17:38:00",3,"TX",48,0,1,0,0,0,0,33.24,-97.17,33.24,-97.17,0,0,0,0,0,121,0,0,0
659770,2021,5,10,"2021-05-10","17:40:00",3,"TX",48,0,1.25,0,0,0,0,31.25,-99.34,31.25,-99.34,0,0,0,0,0,307,0,0,0
659771,2021,5,10,"2021-05-10","17:41:00",3,"TX",48,0,1.25,0,0,0,0,32.61,-97.41,32.61,-97.41,0,0,0,0,0,439,0,0,0
659772,2021,5,10,"2021-05-10","17:44:00",3,"TX",48,0,1,0,0,0,0,32.59,-97.38,32.59,-97.38,0,0,0,0,0,439,0,0,0
659773,2021,5,10,"2021-05-10","17:50:00",3,"TX",48,0,1,0,0,0,0,32.4172,-97.8155,32.4172,-97.8155,0,0,0,0,0,221,0,0,0
659774,2021,5,10,"2021-05-10","17:50:00",3,"TX",48,0,1.75,0,0,0,0,31.62,-99.03,31.62,-99.03,0,0,0,0,0,49,0,0,0
659775,2021,5,10,"2021-05-10","17:52:00",3,"TX",48,0,1.25,0,0,0,0,33.57,-96.54,33.57,-96.54,0,0,0,0,0,181,0,0,0
659776,2021,5,10,"2021-05-10","18:04:00",3,"TX",48,0,1,0,0,0,0,33.61,-96.43,33.61,-96.43,0,0,0,0,0,181,0,0,0
659777,2021,5,10,"2021-05-10","18:10:00",3,"TX",48,0,1,0,0,0,0,33.65,-96.3,33.65,-96.3,0,0,0,0,0,147,0,0,0
659778,2021,5,10,"2021-05-10","18:17:00",3,"TX",48,0,1.5,0,0,0,0,33.67,-96.24,33.67,-96.24,0,0,0,0,0,147,0,0,0
659779,2021,5,10,"2021-05-10","18:18:00",3,"TX",48,0,0.88,0,0,0,0,32.97,-96.72,32.97,-96.72,0,0,0,0,0,113,0,0,0
659780,2021,5,10,"2021-05-10","18:20:00",3,"TX",48,0,2,0,0,20000,0,33.75,-96.14,33.75,-96.14,0,0,0,0,0,147,0,0,0
659781,2021,5,10,"2021-05-10","18:22:00",3,"TX",48,0,1.75,0,0,15000,0,33.63,-96.18,33.63,-96.18,0,0,0,0,0,147,0,0,0
659782,2021,5,10,"2021-05-10","18:33:00",3,"TX",48,0,2,0,0,50000,0,33.81,-96.07,33.81,-96.07,0,0,0,0,0,147,0,0,0
659783,2021,5,10,"2021-05-10","18:34:00",3,"OK",40,0,1,0,0,0,0,33.7938,-96.2049,33.7938,-96.2049,0,0,0,0,0,13,0,0,0
659784,2021,5,10,"2021-05-10","18:41:00",3,"NC",37,0,0.75,0,0,0,0,35.62,-80.78,35.62,-80.78,0,0,0,0,0,97,0,0,0
659785,2021,5,10,"2021-05-10","18:42:00",3,"TX",48,0,2.25,0,0,0,0,30.43,-100.39,30.43,-100.39,0,0,0,0,0,435,0,0,0
659786,2021,5,10,"2021-05-10","18:54:00",3,"OK",40,0,2.5,0,0,0,0,33.85,-96.04,33.85,-96.04,0,0,0,0,0,13,0,0,0
659787,2021,5,10,"2021-05-10","18:54:00",3,"OK",40,0,2.75,0,0,20000,0,33.9051,-95.8165,33.9051,-95.8165,0,0,0,0,0,23,0,0,0
659788,2021,5,10,"2021-05-10","19:00:00",3,"OK",40,0,1.75,0,0,20000,0,33.94,-95.78,33.94,-95.78,0,0,0,0,0,23,0,0,0
659789,2021,5,10,"2021-05-10","19:12:00",3,"OK",40,0,1,0,0,0,0,33.99,-95.61,33.99,-95.61,0,0,0,0,0,23,0,0,0
659790,2021,5,10,"2021-05-10","19:13:00",3,"OK",40,0,1.75,0,0,15000,0,34.01,-95.61,34.01,-95.61,0,0,0,0,0,23,0,0,0
659791,2021,5,10,"2021-05-10","19:15:00",3,"OK",40,0,1,0,0,0,0,34.01,-95.57,34.01,-95.57,0,0,0,0,0,23,0,0,0
659792,2021,5,10,"2021-05-10","19:20:00",3,"OK",40,0,1,0,0,0,0,34.04,-95.53,34.04,-95.53,0,0,0,0,0,23,0,0,0
659793,2021,5,10,"2021-05-10","19:52:00",3,"OK",40,0,1,0,0,0,0,34.1809,-95.1008,34.1809,-95.1008,0,0,0,0,0,89,0,0,0
659794,2021,5,10,"2021-05-10","19:53:00",3,"TX",48,0,1.25,0,0,0,0,32.64,-97.27,32.64,-97.27,0,0,0,0,0,439,0,0,0
659795,2021,5,10,"2021-05-10","20:02:00",3,"TX",48,0,0.75,0,0,0,0,32.6668,-97.1412,32.6668,-97.1412,0,0,0,0,0,439,0,0,0
659796,2021,5,10,"2021-05-10","20:15:00",3,"TX",48,0,1,0,0,0,0,32.61,-97.12,32.61,-97.12,0,0,0,0,0,439,0,0,0
659797,2021,5,10,"2021-05-10","20:17:00",3,"TX",48,0,1,0,0,0,0,32.61,-97.1,32.61,-97.1,0,0,0,0,0,439,0,0,0
659798,2021,5,10,"2021-05-10","21:06:00",3,"TX",48,0,0.75,0,0,0,0,32.99,-96.58,32.99,-96.58,0,0,0,0,0,85,0,0,0
659799,2021,5,10,"2021-05-10","21:10:00",3,"TX",48,0,1.25,0,0,0,0,33.03,-96.43,33.03,-96.43,0,0,0,0,0,85,0,0,0
659800,2021,5,10,"2021-05-10","21:11:00",3,"TX",48,0,1,0,0,0,0,33.01,-96.44,33.01,-96.44,0,0,0,0,0,85,0,0,0
659801,2021,5,10,"2021-05-10","21:13:00",3,"TX",48,0,1,0,0,0,0,33.04,-96.43,33.04,-96.43,0,0,0,0,0,85,0,0,0
659802,2021,5,10,"2021-05-10","21:15:00",3,"TX",48,0,1.5,0,0,0,0,33.03,-96.43,33.03,-96.43,0,0,0,0,0,85,0,0,0
659803,2021,5,10,"2021-05-10","21:48:00",3,"TX",48,0,1,0,0,0,0,32.71,-96.58,32.71,-96.58,0,0,0,0,0,113,0,0,0
659804,2021,5,11,"2021-05-11","02:39:00",3,"AR",5,0,1,0,0,0,0,34.0512,-94.3288,34.0512,-94.3288,0,0,0,0,0,133,0,0,0
659805,2021,5,11,"2021-05-11","06:14:00",3,"LA",22,0,0.88,0,0,0,0,30.42,-92.31,30.42,-92.31,0,0,0,0,0,1,0,0,0
659806,2021,5,11,"2021-05-11","06:30:00",3,"TX",48,0,1,0,0,4000,0,30.6447,-94.7259,30.6447,-94.7259,0,0,0,0,0,373,0,0,0
659807,2021,5,11,"2021-05-11","07:18:00",3,"OK",40,0,0.88,0,0,0,0,35.84,-98.23,35.84,-98.23,0,0,0,0,0,11,0,0,0
659808,2021,5,11,"2021-05-11","09:17:00",3,"OK",40,0,1,0,0,0,0,33.93,-97.12,33.93,-97.12,0,0,0,0,0,85,0,0,0
659809,2021,5,11,"2021-05-11","13:30:00",3,"TX",48,0,0.88,0,0,0,0,32.9433,-94.2486,32.9433,-94.2486,0,0,0,0,0,67,0,0,0
659810,2021,5,11,"2021-05-11","14:15:00",3,"TX",48,0,1,0,0,0,0,32.2299,-95.222,32.2299,-95.222,0,0,0,0,0,423,0,0,0
659811,2021,5,11,"2021-05-11","14:45:00",3,"TX",48,0,1,0,0,0,0,31.8698,-95.2108,31.8698,-95.2108,0,0,0,0,0,73,0,0,0
659812,2021,5,11,"2021-05-11","15:31:00",3,"TX",48,0,0.75,0,0,0,0,29.61,-98.25,29.61,-98.25,0,0,0,0,0,187,0,0,0
659813,2021,5,11,"2021-05-11","16:00:00",3,"GA",13,0,0.75,0,0,0,0,32.8,-81.95,32.8,-81.95,0,0,0,0,0,165,0,0,0
659814,2021,5,11,"2021-05-11","16:20:00",3,"TX",48,0,0.75,0,0,0,0,29.12,-98.82,29.12,-98.82,0,0,0,0,0,325,0,0,0
659815,2021,5,11,"2021-05-11","16:48:00",3,"TX",48,0,1,0,0,0,0,30.74,-95.06,30.74,-95.06,0,0,0,0,0,373,0,0,0
659816,2021,5,11,"2021-05-11","17:05:00",3,"SC",45,0,0.88,0,0,0,0,33.23,-80.04,33.23,-80.04,0,0,0,0,0,15,0,0,0
659817,2021,5,11,"2021-05-11","17:07:00",3,"SC",45,0,1,0,0,0,0,33.21,-80.02,33.21,-80.02,0,0,0,0,0,15,0,0,0
659818,2021,5,11,"2021-05-11","17:08:00",3,"TX",48,0,1,0,0,0,0,29.38,-98.74,29.38,-98.74,0,0,0,0,0,29,0,0,0
659819,2021,5,11,"2021-05-11","17:14:00",3,"SC",45,0,1.75,0,0,0,0,33.19,-80,33.19,-80,0,0,0,0,0,15,0,0,0
659820,2021,5,11,"2021-05-11","17:15:00",3,"TX",48,0,1,0,0,0,0,30.54,-94.41,30.54,-94.41,0,0,0,0,0,457,0,0,0
659821,2021,5,11,"2021-05-11","17:15:00",3,"SC",45,0,1,0,0,0,0,33.19,-79.98,33.19,-79.98,0,0,0,0,0,15,0,0,0
659822,2021,5,11,"2021-05-11","17:20:00",3,"SC",45,0,0.75,0,0,0,0,33.19,-79.97,33.19,-79.97,0,0,0,0,0,15,0,0,0
659823,2021,5,11,"2021-05-11","17:26:00",3,"SC",45,0,1.75,0,0,0,0,33.41,-80.36,33.41,-80.36,0,0,0,0,0,75,0,0,0
659824,2021,5,11,"2021-05-11","17:59:00",3,"TX",48,0,1.25,0,0,0,0,30.1602,-102.4118,30.1602,-102.4118,0,0,0,0,0,443,0,0,0
659825,2021,5,11,"2021-05-11","18:23:00",3,"TX",48,0,1.75,0,0,0,0,30.05,-102.2203,30.05,-102.2203,0,0,0,0,0,443,0,0,0
659826,2021,5,11,"2021-05-11","18:24:00",3,"TX",48,0,0.75,0,0,0,0,30.31,-98.41,30.31,-98.41,0,0,0,0,0,31,0,0,0
659827,2021,5,11,"2021-05-11","20:10:00",3,"TX",48,0,1,0,0,0,0,30.43,-97.99,30.43,-97.99,0,0,0,0,0,453,0,0,0
659828,2021,5,12,"2021-05-12","12:45:00",3,"GA",13,0,0.88,0,0,0,0,31.32,-81.78,31.32,-81.78,0,0,0,0,0,25,0,0,0
659829,2021,5,13,"2021-05-13","15:22:00",3,"NE",31,0,1.25,0,0,0,0,41.88,-101.93,41.88,-101.93,0,0,0,0,0,75,0,0,0
659830,2021,5,13,"2021-05-13","15:45:00",3,"CO",8,0,0.88,0,0,0,0,40.3746,-102.2193,40.3746,-102.2193,0,0,0,0,0,125,0,0,0
659831,2021,5,13,"2021-05-13","16:48:00",3,"NE",31,0,0.88,0,0,0,0,41.4,-101.69,41.4,-101.69,0,0,0,0,0,5,0,0,0
659832,2021,5,13,"2021-05-13","16:59:00",3,"NE",31,0,1,0,0,0,0,41.41,-101.59,41.41,-101.59,0,0,0,0,0,5,0,0,0
659833,2021,5,13,"2021-05-13","17:02:00",3,"NE",31,0,1.5,0,0,0,0,40.0177,-101.9001,40.0177,-101.9001,0,0,0,0,0,57,0,0,0
659834,2021,5,13,"2021-05-13","17:08:00",3,"NE",31,0,1.5,0,0,0,0,40.01,-101.94,40.01,-101.94,0,0,0,0,0,57,0,0,0
659835,2021,5,13,"2021-05-13","17:29:00",3,"NE",31,0,1,0,0,0,0,41.15,-101.36,41.15,-101.36,0,0,0,0,0,101,0,0,0
659836,2021,5,13,"2021-05-13","17:40:00",3,"KS",20,0,0.75,0,0,0,0,39.84,-101.8423,39.84,-101.8423,0,0,0,0,0,23,0,0,0
659837,2021,5,13,"2021-05-13","17:43:00",3,"NE",31,0,1,0,0,0,0,41.02,-101.36,41.02,-101.36,0,0,0,0,0,101,0,0,0
659838,2021,5,13,"2021-05-13","17:45:00",3,"FL",12,0,1,0,0,0,0,26.64,-81.43,26.64,-81.43,0,0,0,0,0,51,0,0,0
659839,2021,5,13,"2021-05-13","17:45:00",3,"NE",31,0,1,0,0,0,0,41.02,-101.41,41.02,-101.41,0,0,0,0,0,101,0,0,0
659840,2021,5,13,"2021-05-13","17:49:00",3,"KS",20,0,1.75,0,0,0,0,39.85,-101.8423,39.85,-101.8423,0,0,0,0,0,23,0,0,0
659841,2021,5,13,"2021-05-13","17:51:00",3,"KS",20,0,1.25,0,0,0,0,39.7957,-101.8337,39.7957,-101.8337,0,0,0,0,0,23,0,0,0
659842,2021,5,13,"2021-05-13","17:59:00",3,"NE",31,0,1.75,0,0,0,0,40.96,-101.21,40.96,-101.21,0,0,0,0,0,111,0,0,0
659843,2021,5,13,"2021-05-13","18:00:00",3,"KS",20,0,1.75,0,0,0,0,39.7745,-101.7996,39.7745,-101.7996,0,0,0,0,0,23,0,0,0
659844,2021,5,13,"2021-05-13","18:06:00",3,"KS",20,0,1.75,0,0,0,0,39.771,-101.7909,39.771,-101.7909,0,0,0,0,0,23,0,0,0
659845,2021,5,13,"2021-05-13","18:10:00",3,"KS",20,0,0.88,0,0,0,0,39.684,-101.6427,39.684,-101.6427,0,0,0,0,0,23,0,0,0
659846,2021,5,13,"2021-05-13","18:11:00",3,"KS",20,0,1.75,0,0,0,0,39.7605,-101.7103,39.7605,-101.7103,0,0,0,0,0,23,0,0,0
659847,2021,5,13,"2021-05-13","18:13:00",3,"NE",31,0,2,0,0,0,0,40.84,-101.16,40.84,-101.16,0,0,0,0,0,111,0,0,0
659848,2021,5,13,"2021-05-13","18:21:00",3,"KS",20,0,2,0,0,0,0,39.77,-101.8,39.77,-101.8,0,0,0,0,0,23,0,0,0
659849,2021,5,13,"2021-05-13","18:44:00",3,"NE",31,0,1,0,0,0,0,40.77,-101.07,40.77,-101.07,0,0,0,0,0,111,0,0,0
659850,2021,5,13,"2021-05-13","19:11:00",3,"KS",20,0,0.75,0,0,0,0,39.5114,-101.5732,39.5114,-101.5732,0,0,0,0,0,181,0,0,0
659851,2021,5,13,"2021-05-13","19:29:00",3,"KS",20,0,1.25,0,0,0,0,39.341,-101.5214,39.3498,-101.447,0,0,0,0,0,181,0,0,0
659852,2021,5,13,"2021-05-13","19:50:00",3,"KS",20,0,0.88,0,0,0,0,39.3374,-101.4844,39.3374,-101.4844,0,0,0,0,0,181,0,0,0
659853,2021,5,13,"2021-05-13","20:20:00",3,"KS",20,0,1,0,0,0,0,38.89,-101.37,38.89,-101.37,0,0,0,0,0,109,0,0,0
659854,2021,5,13,"2021-05-13","21:00:00",3,"SD",46,0,0.75,0,0,0,0,44.94,-98.1,44.94,-98.1,0,0,0,0,0,115,0,0,0
659855,2021,5,13,"2021-05-13","21:17:00",3,"KS",20,0,0.88,0,0,0,0,38.62,-101.11,38.62,-101.11,0,0,0,0,0,171,0,0,0
659856,2021,5,14,"2021-05-14","12:54:00",3,"KS",20,0,0.75,0,0,0,0,37.62,-97.16,37.62,-97.16,0,0,0,0,0,173,0,0,0
659857,2021,5,14,"2021-05-14","13:05:00",3,"KS",20,0,0.75,0,0,0,0,37.64,-97.24,37.64,-97.24,0,0,0,0,0,173,0,0,0
659858,2021,5,14,"2021-05-14","13:07:00",3,"KS",20,0,0.88,0,0,0,0,37.64,-97.24,37.64,-97.24,0,0,0,0,0,173,0,0,0
659859,2021,5,14,"2021-05-14","15:05:00",3,"MN",27,0,0.75,0,0,0,0,46.33,-96.07,46.33,-96.07,0,0,0,0,0,111,0,0,0
659860,2021,5,14,"2021-05-14","15:48:00",3,"CO",8,0,1,0,0,0,0,38.84,-104.06,38.84,-104.06,0,0,0,0,0,41,0,0,0
659861,2021,5,14,"2021-05-14","15:58:00",3,"CO",8,0,1,0,0,0,0,38.84,-103.86,38.84,-103.86,0,0,0,0,0,73,0,0,0
659862,2021,5,14,"2021-05-14","16:14:00",3,"NM",35,0,0.88,0,0,0,0,34.53,-103.05,34.53,-103.05,0,0,0,0,0,9,0,0,0
659863,2021,5,14,"2021-05-14","16:15:00",3,"CO",8,0,1,0,0,0,0,39.28,-103.38,39.28,-103.38,0,0,0,0,0,73,0,0,0
659864,2021,5,14,"2021-05-14","16:30:00",3,"CO",8,0,1,0,0,0,0,39.24,-103.27,39.24,-103.27,0,0,0,0,0,73,0,0,0
659865,2021,5,14,"2021-05-14","16:37:00",3,"CO",8,0,1,0,0,0,0,39.28,-103.38,39.28,-103.38,0,0,0,0,0,73,0,0,0
659866,2021,5,14,"2021-05-14","16:51:00",3,"ND",38,0,1,0,0,0,0,46.38,-96.83,46.38,-96.83,0,0,0,0,0,77,0,0,0
659867,2021,5,14,"2021-05-14","16:55:00",3,"ND",38,0,0.75,0,0,0,0,46.59,-96.94,46.59,-96.94,0,0,0,0,0,77,0,0,0
659868,2021,5,14,"2021-05-14","17:04:00",3,"TX",48,0,1,0,0,0,0,36.06,-102.44,36.06,-102.44,0,0,0,0,0,111,0,0,0
659869,2021,5,14,"2021-05-14","17:17:00",3,"TX",48,0,0.88,0,0,0,0,36.06,-102.21,36.06,-102.21,0,0,0,0,0,111,0,0,0
659870,2021,5,14,"2021-05-14","17:17:00",3,"TX",48,0,0.88,0,0,0,0,30.32,-104.02,30.32,-104.02,0,0,0,0,0,377,0,0,0
659871,2021,5,14,"2021-05-14","17:19:00",3,"TX",48,0,1,0,0,0,0,34.52,-102.9,34.52,-102.9,0,0,0,0,0,369,0,0,0
659872,2021,5,14,"2021-05-14","17:20:00",3,"TX",48,0,1,0,0,0,0,30.32,-104.02,30.32,-104.02,0,0,0,0,0,377,0,0,0
659873,2021,5,14,"2021-05-14","17:30:00",3,"CO",8,0,0.75,0,0,0,0,38.9376,-102.8486,38.9376,-102.8486,0,0,0,0,0,17,0,0,0
659874,2021,5,14,"2021-05-14","17:38:00",3,"TX",48,0,1,0,0,0,0,35.22,-102.25,35.22,-102.25,0,0,0,0,0,359,0,0,0
659875,2021,5,14,"2021-05-14","17:40:00",3,"TX",48,0,1,0,0,0,0,33.72,-102.77,33.72,-102.77,0,0,0,0,0,79,0,0,0
659876,2021,5,14,"2021-05-14","17:48:00",3,"CO",8,0,1,0,0,0,0,38.9022,-102.7974,38.9022,-102.7974,0,0,0,0,0,17,0,0,0
659877,2021,5,14,"2021-05-14","18:28:00",3,"KS",20,0,1,0,0,0,0,38.96,-99.5,38.96,-99.5,0,0,0,0,0,51,0,0,0
659878,2021,5,14,"2021-05-14","18:28:00",3,"KS",20,0,1,0,0,0,0,39.4805,-100.2501,39.4805,-100.2501,0,0,0,0,0,179,0,0,0
659879,2021,5,14,"2021-05-14","18:36:00",3,"KS",20,0,1,0,0,0,0,38.94,-99.56,38.94,-99.56,0,0,0,0,0,51,0,0,0
659880,2021,5,14,"2021-05-14","18:37:00",3,"KS",20,0,1.75,0,0,0,0,39.3714,-100.1908,39.3714,-100.1908,0,0,0,0,0,179,0,0,0
659881,2021,5,14,"2021-05-14","18:40:00",3,"KS",20,0,2,0,0,0,0,39.4955,-100.9061,39.4955,-100.9061,0,0,0,0,0,193,0,0,0
659882,2021,5,14,"2021-05-14","18:40:00",3,"KS",20,0,1,0,0,0,0,39.3498,-100.0708,39.3498,-100.0708,0,0,0,0,0,65,0,0,0
659883,2021,5,14,"2021-05-14","18:40:00",3,"KS",20,0,1.75,0,0,0,0,38.95,-99.56,38.95,-99.56,0,0,0,0,0,51,0,0,0
659884,2021,5,14,"2021-05-14","18:42:00",3,"KS",20,0,2,0,0,0,0,39.3505,-100.1623,39.3505,-100.1623,0,0,0,0,0,65,0,0,0
659885,2021,5,14,"2021-05-14","18:43:00",3,"KS",20,0,2,0,0,100,0,39.37,-100.1624,39.37,-100.1624,0,0,0,0,0,179,0,0,0
659886,2021,5,14,"2021-05-14","18:52:00",3,"KS",20,0,0.88,0,0,0,0,38.51,-96.26,38.51,-96.26,0,0,0,0,0,111,0,0,0
659887,2021,5,14,"2021-05-14","19:00:00",3,"CO",8,0,0.75,0,0,0,0,40.5,-103.75,40.5,-103.75,0,0,0,0,0,87,0,0,0
659888,2021,5,14,"2021-05-14","19:04:00",3,"KS",20,0,1.5,0,0,0,0,39.27,-100.07,39.27,-100.07,0,0,0,0,0,65,0,0,0
659889,2021,5,14,"2021-05-14","19:18:00",3,"KS",20,0,0.88,0,0,0,0,38.1,-101.67,38.1,-101.67,0,0,0,0,0,75,0,0,0
659890,2021,5,14,"2021-05-14","19:23:00",3,"KS",20,0,1.75,0,0,0,0,38.72,-99.33,38.72,-99.33,0,0,0,0,0,51,0,0,0
659891,2021,5,14,"2021-05-14","19:23:00",3,"KS",20,0,1.75,0,0,0,0,38.71,-99.33,38.71,-99.33,0,0,0,0,0,51,0,0,0
659892,2021,5,14,"2021-05-14","19:24:00",3,"KS",20,0,1,0,0,0,0,39.02,-99.93,39.02,-99.93,0,0,0,0,0,195,0,0,0
659893,2021,5,14,"2021-05-14","19:25:00",3,"TX",48,0,1.75,0,0,0,0,33.58,-102.37,33.58,-102.37,0,0,0,0,0,219,0,0,0
659894,2021,5,14,"2021-05-14","19:25:00",3,"KS",20,0,0.88,0,0,0,0,38.4306,-101.4763,38.4306,-101.4763,0,0,0,0,0,203,0,0,0
659895,2021,5,14,"2021-05-14","19:26:00",3,"CO",8,0,2,0,0,0,0,38.09,-103.18,38.09,-103.18,0,0,0,0,0,11,0,0,0
659896,2021,5,14,"2021-05-14","19:26:00",3,"CO",8,0,2,0,0,0,0,38.09,-103.16,38.09,-103.16,0,0,0,0,0,11,0,0,0
659897,2021,5,14,"2021-05-14","19:27:00",3,"CO",8,0,1.75,0,0,0,0,40.38,-103.62,40.38,-103.62,0,0,0,0,0,87,0,0,0
659898,2021,5,14,"2021-05-14","19:35:00",3,"CO",8,0,1.75,0,0,0,0,38.1,-103.15,38.1,-103.15,0,0,0,0,0,11,0,0,0
659899,2021,5,14,"2021-05-14","19:40:00",3,"KS",20,0,1.5,0,0,0,0,39.06,-99.96,39.06,-99.96,0,0,0,0,0,195,0,0,0
659900,2021,5,14,"2021-05-14","19:40:00",3,"CO",8,0,1.5,0,0,0,0,40.25,-103.63,40.25,-103.63,0,0,0,0,0,87,0,0,0
659901,2021,5,14,"2021-05-14","19:41:00",3,"CO",8,0,1.75,0,0,0,0,40.32,-103.6,40.32,-103.6,0,0,0,0,0,87,0,0,0
659902,2021,5,14,"2021-05-14","19:41:00",3,"CO",8,0,1.75,0,0,0,0,40.26,-103.61,40.26,-103.61,0,0,0,0,0,87,0,0,0
659903,2021,5,14,"2021-05-14","19:41:00",3,"CO",8,0,1.75,0,0,0,0,40.26,-103.58,40.26,-103.58,0,0,0,0,0,87,0,0,0
659904,2021,5,14,"2021-05-14","19:43:00",3,"KS",20,0,1.25,0,0,0,0,39.02,-99.93,39.02,-99.93,0,0,0,0,0,195,0,0,0
659905,2021,5,14,"2021-05-14","19:43:00",3,"KS",20,0,1,0,0,0,0,39.1297,-100.6299,39.1297,-100.6299,0,0,0,0,0,63,0,0,0
659906,2021,5,14,"2021-05-14","19:44:00",3,"CO",8,0,2.3,0,0,0,0,40.26,-103.54,40.26,-103.54,0,0,0,0,0,87,0,0,0
659907,2021,5,14,"2021-05-14","19:46:00",3,"TX",48,0,0.75,0,0,0,0,35.6,-101.21,35.6,-101.21,0,0,0,0,0,65,0,0,0
659908,2021,5,14,"2021-05-14","19:58:00",3,"CO",8,0,1.75,0,0,0,0,38.02,-102.55,38.02,-102.55,0,0,0,0,0,99,0,0,0
659909,2021,5,14,"2021-05-14","19:59:00",3,"KS",20,0,1.25,0,0,0,0,39.01,-99.88,39.01,-99.88,0,0,0,0,0,195,0,0,0
659910,2021,5,14,"2021-05-14","20:00:00",3,"KS",20,0,0.88,0,0,0,0,38.4821,-101.2137,38.4821,-101.2137,0,0,0,0,0,203,0,0,0
659911,2021,5,14,"2021-05-14","20:02:00",3,"KS",20,0,1,0,0,0,0,38.54,-99.26,38.54,-99.26,0,0,0,0,0,165,0,0,0
659912,2021,5,14,"2021-05-14","20:05:00",3,"KS",20,0,1,0,0,0,0,39.2,-100.6658,39.2,-100.6658,0,0,0,0,0,179,0,0,0
659913,2021,5,14,"2021-05-14","20:06:00",3,"KS",20,0,4,0,0,0,0,38.95,-99.88,38.95,-99.88,0,0,0,0,0,195,0,0,0
659914,2021,5,14,"2021-05-14","20:06:00",3,"KS",20,0,1.75,0,0,0,0,38.52,-99.2,38.52,-99.2,0,0,0,0,0,165,0,0,0
659915,2021,5,14,"2021-05-14","20:08:00",3,"KS",20,0,1,0,0,0,0,38.23,-101.27,38.23,-101.27,0,0,0,0,0,93,0,0,0
659916,2021,5,14,"2021-05-14","20:40:00",3,"CO",8,0,1,0,0,0,0,40.38,-104.09,40.38,-104.09,0,0,0,0,0,87,0,0,0
659917,2021,5,14,"2021-05-14","20:42:00",3,"KS",20,0,1.75,0,0,0,0,38.69,-99.84,38.69,-99.84,0,0,0,0,0,135,0,0,0
659918,2021,5,14,"2021-05-14","20:58:00",3,"CO",8,0,1,0,0,0,0,40.22,-104.07,40.22,-104.07,0,0,0,0,0,87,0,0,0
659919,2021,5,14,"2021-05-14","21:01:00",3,"CO",8,0,1,0,0,0,0,40.26,-104.06,40.26,-104.06,0,0,0,0,0,87,0,0,0
659920,2021,5,14,"2021-05-14","21:05:00",3,"CO",8,0,1.9,0,0,0,0,40.25,-104,40.25,-104,0,0,0,0,0,87,0,0,0
659921,2021,5,14,"2021-05-14","21:20:00",3,"KS",20,0,1,0,0,0,0,38.48,-100.47,38.48,-100.47,0,0,0,0,0,101,0,0,0
659922,2021,5,15,"2021-05-15","12:55:00",3,"IA",19,0,0.88,0,0,0,0,43.09,-93.8,43.09,-93.8,0,0,0,0,0,81,0,0,0
659923,2021,5,15,"2021-05-15","15:10:00",3,"NM",35,0,1,0,0,0,0,36.78,-104.2,36.78,-104.2,0,0,0,0,0,7,0,0,0
659924,2021,5,15,"2021-05-15","15:15:00",3,"NV",32,0,1,0,0,5e+05,0,39.7,-116.05,39.7,-116.05,0,0,0,0,0,11,0,0,0
659925,2021,5,15,"2021-05-15","15:15:00",3,"NV",32,0,1.5,0,0,0,0,39.75,-115.72,39.75,-115.72,0,0,0,0,0,11,0,0,0
659926,2021,5,15,"2021-05-15","15:19:00",3,"WI",55,0,1,0,0,0,0,45.35,-92.44,45.35,-92.44,0,0,0,0,0,95,0,0,0
659927,2021,5,15,"2021-05-15","15:29:00",3,"WI",55,0,1,0,0,0,0,45.31,-92.42,45.31,-92.42,0,0,0,0,0,95,0,0,0
659928,2021,5,15,"2021-05-15","15:31:00",3,"NM",35,0,1.25,0,0,0,0,34.18,-103.34,34.18,-103.34,0,0,0,0,0,41,0,0,0
659929,2021,5,15,"2021-05-15","15:50:00",3,"TX",48,0,1.25,0,0,0,0,30.8899,-102.7475,30.8899,-102.7475,0,0,0,0,0,371,0,0,0
659930,2021,5,15,"2021-05-15","16:11:00",3,"IA",19,0,1.75,0,0,0,13000,42.84,-91.88,42.84,-91.88,0,0,0,0,0,65,0,0,0
659931,2021,5,15,"2021-05-15","16:15:00",3,"NM",35,0,0.75,0,0,0,0,35.14,-103.56,35.14,-103.56,0,0,0,0,0,37,0,0,0
659932,2021,5,15,"2021-05-15","16:20:00",3,"WI",55,0,1.25,0,0,0,0,45.04,-92.49,45.04,-92.49,0,0,0,0,0,109,0,0,0
659933,2021,5,15,"2021-05-15","16:23:00",3,"NM",35,0,0.75,0,0,0,0,34.18,-103.34,34.18,-103.34,0,0,0,0,0,41,0,0,0
659934,2021,5,15,"2021-05-15","16:35:00",3,"NM",35,0,1.75,0,0,10000,0,34.18,-103.34,34.18,-103.34,0,0,0,0,0,41,0,0,0
659935,2021,5,15,"2021-05-15","16:52:00",3,"WI",55,0,1,0,0,0,0,44.83,-92.37,44.83,-92.37,0,0,0,0,0,93,0,0,0
659936,2021,5,15,"2021-05-15","17:33:00",3,"TX",48,0,2,0,0,0,0,30.3426,-102.4318,30.3426,-102.4318,0,0,0,0,0,371,0,0,0
659937,2021,5,15,"2021-05-15","17:41:00",3,"TX",48,0,1,0,0,0,0,32.0168,-102.3743,32.0168,-102.3743,0,0,0,0,0,135,0,0,0
659938,2021,5,15,"2021-05-15","18:05:00",3,"CO",8,0,1,0,0,0,0,39.28,-104.76,39.28,-104.76,0,0,0,0,0,35,0,0,0
659939,2021,5,15,"2021-05-15","18:08:00",3,"WI",55,0,1,0,0,0,0,44.44,-92.15,44.44,-92.15,0,0,0,0,0,91,0,0,0
659940,2021,5,15,"2021-05-15","18:15:00",3,"WY",56,0,0.88,0,0,0,0,41.78,-107.23,41.78,-107.23,0,0,0,0,0,7,0,0,0
659941,2021,5,15,"2021-05-15","18:22:00",3,"NV",32,0,1,0,0,0,0,39.5,-115.95,39.5,-115.95,0,0,0,0,0,11,0,0,0
659942,2021,5,15,"2021-05-15","18:42:00",3,"MN",27,0,0.88,0,0,0,0,44.25,-91.98,44.25,-91.98,0,0,0,0,0,157,0,0,0
659943,2021,5,15,"2021-05-15","18:42:00",3,"TX",48,0,1.25,0,0,0,0,32.3,-102.0214,32.3,-102.0214,0,0,0,0,0,317,0,0,0
659944,2021,5,15,"2021-05-15","19:02:00",3,"TX",48,0,1.75,0,0,400,0,32.48,-101.9357,32.48,-101.9357,0,0,0,0,0,317,0,0,0
659945,2021,5,15,"2021-05-15","19:28:00",3,"NE",31,0,1,0,0,0,0,40.9,-101.76,40.9,-101.76,0,0,0,0,0,135,0,0,0
659946,2021,5,15,"2021-05-15","19:50:00",3,"NE",31,0,1,0,0,0,0,40.87,-101.74,40.87,-101.74,0,0,0,0,0,135,0,0,0
659947,2021,5,15,"2021-05-15","19:55:00",3,"NE",31,0,1.75,0,0,0,0,40.91,-101.73,40.91,-101.73,0,0,0,0,0,135,0,0,0
659948,2021,5,15,"2021-05-15","20:15:00",3,"TX",48,0,2,0,0,0,0,29.9147,-101.9085,29.9147,-101.9085,0,0,0,0,0,443,0,0,0
659949,2021,5,15,"2021-05-15","20:22:00",3,"TX",48,0,1.25,0,0,0,0,36.0066,-102,36.0066,-102,0,0,0,0,0,341,0,0,0
659950,2021,5,15,"2021-05-15","20:22:00",3,"TX",48,0,1.25,0,0,0,0,36.01,-102,36.01,-102,0,0,0,0,0,341,0,0,0
659951,2021,5,15,"2021-05-15","21:00:00",3,"OK",40,0,1,0,0,0,0,36.66,-101.4,36.66,-101.4,0,0,0,0,0,139,0,0,0
659952,2021,5,15,"2021-05-15","21:06:00",3,"KS",20,0,1.75,0,0,0,0,37.59,-100.59,37.59,-100.59,0,0,0,0,0,69,0,0,0
659953,2021,5,15,"2021-05-15","21:55:00",3,"KS",20,0,0.88,0,0,0,0,37.55,-97.27,37.55,-97.27,0,0,0,0,0,173,0,0,0
659954,2021,5,15,"2021-05-15","21:58:00",3,"KS",20,0,0.75,0,0,0,0,37.57,-97.26,37.57,-97.26,0,0,0,0,0,173,0,0,0
659955,2021,5,15,"2021-05-15","22:28:00",3,"KS",20,0,1,0,0,0,0,38.18,-99.1,38.18,-99.1,0,0,0,0,0,145,0,0,0
659956,2021,5,15,"2021-05-15","23:20:00",3,"KS",20,0,0.88,0,0,0,0,37.83,-97.44,37.83,-97.44,0,0,0,0,0,173,0,0,0
659957,2021,5,16,"2021-05-16","13:20:00",3,"UT",49,0,1,0,0,0,0,40.52,-112.03,40.52,-112.03,0,0,0,0,0,35,0,0,0
659958,2021,5,16,"2021-05-16","13:58:00",3,"UT",49,0,0.88,0,0,0,0,40.54,-112.3,40.54,-112.3,0,0,0,0,0,45,0,0,0
659959,2021,5,16,"2021-05-16","14:45:00",3,"ME",23,0,1,0,0,0,0,44.57,-68.6691,44.57,-68.6691,0,0,0,0,0,9,0,0,0
659960,2021,5,16,"2021-05-16","14:53:00",3,"UT",49,0,0.88,0,0,0,0,41.31,-111.96,41.31,-111.96,0,0,0,0,0,57,0,0,0
659961,2021,5,16,"2021-05-16","15:18:00",3,"MO",29,0,1,0,0,0,0,38.65,-92.78,38.65,-92.78,0,0,0,0,0,135,0,0,0
659962,2021,5,16,"2021-05-16","15:27:00",3,"UT",49,0,1,0,0,0,0,41.3,-112.07,41.3,-112.07,0,0,0,0,0,57,0,0,0
659963,2021,5,16,"2021-05-16","15:30:00",3,"UT",49,0,1,0,0,0,0,41.71,-111.83,41.71,-111.83,0,0,0,0,0,5,0,0,0
659964,2021,5,16,"2021-05-16","15:38:00",3,"TX",48,0,2,0,0,0,0,35.13,-101.87,35.17,-101.82,0,0,0,0,0,381,0,0,0
659965,2021,5,16,"2021-05-16","15:50:00",3,"CO",8,0,1.5,0,0,0,0,37.51,-105.01,37.51,-105.01,0,0,0,0,0,55,0,0,0
659966,2021,5,16,"2021-05-16","15:50:00",3,"TX",48,0,1.25,0,0,0,0,35.08,-101.92,35.13,-101.85,0,0,0,0,0,381,0,0,0
659967,2021,5,16,"2021-05-16","15:52:00",3,"CO",8,0,1,0,0,0,0,37.63,-104.78,37.63,-104.78,0,0,0,0,0,55,0,0,0
659968,2021,5,16,"2021-05-16","16:23:00",3,"CO",8,0,1.75,0,0,0,0,38.3,-104.62,38.3,-104.62,0,0,0,0,0,101,0,0,0
659969,2021,5,16,"2021-05-16","16:25:00",3,"CO",8,0,1.75,0,0,0,0,38.32,-104.6,38.32,-104.6,0,0,0,0,0,101,0,0,0
659970,2021,5,16,"2021-05-16","16:30:00",3,"CO",8,0,1.75,0,0,0,0,38.31,-104.58,38.31,-104.58,0,0,0,0,0,101,0,0,0
659971,2021,5,16,"2021-05-16","16:31:00",3,"CO",8,0,1.75,0,0,0,0,38.72,-103.63,38.72,-103.63,0,0,0,0,0,73,0,0,0
659972,2021,5,16,"2021-05-16","16:33:00",3,"TX",48,0,1.5,0,0,0,0,34.3831,-100.0695,34.3831,-100.0695,0,0,0,0,0,75,0,0,0
659973,2021,5,16,"2021-05-16","16:35:00",3,"CO",8,0,1,0,0,0,0,38.3,-104.58,38.3,-104.58,0,0,0,0,0,101,0,0,0
659974,2021,5,16,"2021-05-16","16:36:00",3,"CO",8,0,1.25,0,0,0,0,38.72,-103.6,38.72,-103.6,0,0,0,0,0,73,0,0,0
659975,2021,5,16,"2021-05-16","16:40:00",3,"CO",8,0,1.25,0,0,0,0,38.69,-103.61,38.69,-103.61,0,0,0,0,0,73,0,0,0
659976,2021,5,16,"2021-05-16","16:42:00",3,"CO",8,0,1.75,0,0,0,0,38.24,-104.52,38.24,-104.52,0,0,0,0,0,101,0,0,0
659977,2021,5,16,"2021-05-16","16:42:00",3,"CO",8,0,2,0,0,0,0,38.25,-104.53,38.25,-104.53,0,0,0,0,0,101,0,0,0
659978,2021,5,16,"2021-05-16","16:46:00",3,"CO",8,0,1.25,0,0,0,0,38.27,-104.5,38.27,-104.5,0,0,0,0,0,101,0,0,0
659979,2021,5,16,"2021-05-16","16:46:00",3,"CO",8,0,1,0,0,0,0,38.3,-104.58,38.3,-104.58,0,0,0,0,0,101,0,0,0
659980,2021,5,16,"2021-05-16","16:46:00",3,"TX",48,0,1.5,0,0,0,0,35.15,-102.55,35.1,-102.55,0,0,0,0,0,117,0,0,0
659981,2021,5,16,"2021-05-16","16:54:00",3,"CO",8,0,1,0,0,0,0,38.28,-104.52,38.28,-104.52,0,0,0,0,0,101,0,0,0
659982,2021,5,16,"2021-05-16","17:00:00",3,"TX",48,0,2,0,0,0,0,34.98,-101.92,35,-101.86,0,0,0,0,0,381,0,0,0
659983,2021,5,16,"2021-05-16","17:02:00",3,"KS",20,0,1.25,0,0,0,0,38.52,-98.78,38.52,-98.78,0,0,0,0,0,9,0,0,0
659984,2021,5,16,"2021-05-16","17:05:00",3,"KS",20,0,1,0,0,0,0,38.52,-98.78,38.52,-98.78,0,0,0,0,0,9,0,0,0
659985,2021,5,16,"2021-05-16","17:09:00",3,"CO",8,0,1.25,0,0,0,0,38.28,-104.52,38.28,-104.52,0,0,0,0,0,101,0,0,0
659986,2021,5,16,"2021-05-16","17:20:00",3,"KS",20,0,1.75,0,0,0,0,39.3493,-100.0762,39.3493,-100.0762,0,0,0,0,0,65,0,0,0
659987,2021,5,16,"2021-05-16","17:21:00",3,"CO",8,0,1,0,0,0,0,38.31,-104.59,38.31,-104.59,0,0,0,0,0,101,0,0,0
659988,2021,5,16,"2021-05-16","17:29:00",3,"TX",48,0,1,0,0,0,0,35.24,-101.71,35.19,-101.81,0,0,0,0,0,375,0,0,0
659989,2021,5,16,"2021-05-16","17:34:00",3,"CO",8,0,0.88,0,0,0,0,39.3005,-102.6042,39.3005,-102.6042,0,0,0,0,0,63,0,0,0
659990,2021,5,16,"2021-05-16","17:35:00",3,"KS",20,0,0.75,0,0,0,0,39.4264,-100.8959,39.4264,-100.8959,0,0,0,0,0,193,0,0,0
659991,2021,5,16,"2021-05-16","17:37:00",3,"MO",29,0,1,0,0,0,0,38.5032,-90.6069,38.5193,-90.5965,0,0,0,0,0,189,0,0,0
659992,2021,5,16,"2021-05-16","17:37:00",3,"TX",48,0,1.75,0,0,0,0,35.04,-101.98,34.98,-101.87,0,0,0,0,0,381,0,0,0
659993,2021,5,16,"2021-05-16","17:45:00",3,"OK",40,0,0.88,0,0,0,0,33.86,-97.37,33.86,-97.37,0,0,0,0,0,85,0,0,0
659994,2021,5,16,"2021-05-16","17:47:00",3,"TX",48,0,1.75,0,0,0,0,35.15,-102.4,35.11,-102.4,0,0,0,0,0,117,0,0,0
659995,2021,5,16,"2021-05-16","17:52:00",3,"KS",20,0,1,0,0,0,0,38.53,-99.11,38.53,-99.11,0,0,0,0,0,165,0,0,0
659996,2021,5,16,"2021-05-16","17:55:00",3,"KS",20,0,0.88,0,0,0,0,39.2909,-100.0825,39.2909,-100.0825,0,0,0,0,0,65,0,0,0
659997,2021,5,16,"2021-05-16","17:56:00",3,"TX",48,0,2,0,0,0,0,34.98,-101.87,35.08,-101.91,0,0,0,0,0,381,0,0,0
659998,2021,5,16,"2021-05-16","18:27:00",3,"TX",48,0,1.25,0,0,0,0,34.94,-101.85,34.94,-101.85,0,0,0,0,0,381,0,0,0
659999,2021,5,16,"2021-05-16","18:29:00",3,"TX",48,0,1.5,0,0,0,0,34.2182,-102.4105,34.2182,-102.4105,0,0,0,0,0,279,0,0,0
660000,2021,5,16,"2021-05-16","18:30:00",3,"TX",48,0,1.25,0,0,0,0,34.22,-100.3625,34.22,-100.3625,0,0,0,0,0,101,0,0,0
660001,2021,5,16,"2021-05-16","18:40:00",3,"TX",48,0,1,0,0,0,0,34.7155,-101.85,34.7155,-101.85,0,0,0,0,0,437,0,0,0
660002,2021,5,16,"2021-05-16","18:44:00",3,"TX",48,0,1.5,0,0,0,0,34.99,-102.06,34.99,-102.06,0,0,0,0,0,381,0,0,0
660003,2021,5,16,"2021-05-16","18:45:00",3,"TX",48,0,1,0,0,0,0,33.99,-99.73,33.99,-99.73,0,0,0,0,0,155,0,0,0
660004,2021,5,16,"2021-05-16","18:45:00",3,"CO",8,0,0.88,0,0,0,0,39.3,-102.27,39.3,-102.27,0,0,0,0,0,63,0,0,0
660005,2021,5,16,"2021-05-16","18:50:00",3,"NM",35,0,0.88,0,0,0,0,36.08,-104.25,36.08,-104.25,0,0,0,0,0,21,0,0,0
660006,2021,5,16,"2021-05-16","18:54:00",3,"TX",48,0,1,0,0,0,0,32.08,-101.48,32.08,-101.48,0,0,0,0,0,173,0,0,0
660007,2021,5,16,"2021-05-16","18:55:00",3,"TX",48,0,1.5,0,0,0,0,33.99,-99.73,33.99,-99.73,0,0,0,0,0,155,0,0,0
660008,2021,5,16,"2021-05-16","18:55:00",3,"TX",48,0,1.25,0,0,0,0,34.94,-100.95,34.94,-100.95,0,0,0,0,0,129,0,0,0
660009,2021,5,16,"2021-05-16","18:57:00",3,"TX",48,0,1.75,0,0,0,0,33.99,-99.72,33.99,-99.72,0,0,0,0,0,155,0,0,0
660010,2021,5,16,"2021-05-16","18:57:00",3,"TX",48,0,1.75,0,0,0,0,34.99,-102.05,34.99,-102.06,0,0,0,0,0,381,0,0,0
660011,2021,5,16,"2021-05-16","18:59:00",3,"TX",48,0,1.5,0,0,0,0,36.26,-102.83,36.26,-102.83,0,0,0,0,0,111,0,0,0
660012,2021,5,16,"2021-05-16","19:00:00",3,"TX",48,0,1.5,0,0,0,0,34.98,-101.87,35.03,-101.93,0,0,0,0,0,381,0,0,0
660013,2021,5,16,"2021-05-16","19:05:00",3,"TX",48,0,1.75,0,0,0,0,32.3452,-100.9155,32.3452,-100.9155,0,0,0,0,0,335,0,0,0
660014,2021,5,16,"2021-05-16","19:06:00",3,"TX",48,0,1.5,0,0,0,0,31.6239,-101.5377,31.6239,-101.5377,0,0,0,0,0,383,0,0,0
660015,2021,5,16,"2021-05-16","19:15:00",3,"TX",48,0,2.75,0,0,0,0,32.4,-100.85,32.4,-100.85,0,0,0,0,0,335,0,0,0
660016,2021,5,16,"2021-05-16","19:16:00",3,"TX",48,0,2,0,0,0,0,32.4,-100.85,32.4,-100.85,0,0,0,0,0,335,0,0,0
660017,2021,5,16,"2021-05-16","19:19:00",3,"TX",48,0,0.75,0,0,0,0,35.4,-101.24,35.4,-101.24,0,0,0,0,0,65,0,0,0
660018,2021,5,16,"2021-05-16","19:23:00",3,"CO",8,0,1,0,0,0,0,38.34,-103.16,38.34,-103.16,0,0,0,0,0,61,0,0,0
660019,2021,5,16,"2021-05-16","19:32:00",3,"TX",48,0,1,0,0,0,0,33.85,-98.21,33.85,-98.21,0,0,0,0,0,77,0,0,0
660020,2021,5,16,"2021-05-16","19:32:00",3,"TX",48,0,1.5,0,0,0,0,32.4735,-100.6938,32.4735,-100.6938,0,0,0,0,0,335,0,0,0
660021,2021,5,16,"2021-05-16","19:40:00",3,"KS",20,0,0.75,0,0,0,0,39.3661,-101.7007,39.3661,-101.7007,0,0,0,0,0,181,0,0,0
660022,2021,5,16,"2021-05-16","19:50:00",3,"TX",48,0,3,6,0,5e+05,0,32.72,-100.9,32.72,-100.9,0,0,0,0,0,415,0,0,0
660023,2021,5,16,"2021-05-16","19:54:00",3,"TX",48,0,4.25,0,0,0,0,32.72,-100.8656,32.72,-100.8656,0,0,0,0,0,415,0,0,0
660024,2021,5,16,"2021-05-16","20:08:00",3,"TX",48,0,2,0,0,0,0,32.59,-100.48,32.59,-100.48,0,0,0,0,0,151,0,0,0
660025,2021,5,16,"2021-05-16","20:28:00",3,"NE",31,0,1.5,0,0,0,0,40.64,-100.6,40.64,-100.6,0,0,0,0,0,63,0,0,0
660026,2021,5,16,"2021-05-16","21:31:00",3,"TX",48,0,3,0,0,0,0,33.9832,-101.83,33.87,-101.6,0,0,0,0,0,189,0,0,0
660027,2021,5,16,"2021-05-16","21:44:00",3,"TX",48,0,1,0,0,0,0,33.31,-98.05,33.31,-98.05,0,0,0,0,0,237,0,0,0
660028,2021,5,16,"2021-05-16","21:48:00",3,"TX",48,0,1.5,0,0,0,0,33.42,-99.82,33.42,-99.82,0,0,0,0,0,275,0,0,0
660029,2021,5,16,"2021-05-16","22:13:00",3,"TX",48,0,1.5,0,0,0,0,33.17,-97.96,33.17,-97.96,0,0,0,0,0,237,0,0,0
660030,2021,5,16,"2021-05-16","22:57:00",3,"TX",48,0,1,0,0,0,0,32.97,-97.68,32.97,-97.68,0,0,0,0,0,367,0,0,0
660031,2021,5,16,"2021-05-16","23:02:00",3,"TX",48,0,1,0,0,0,0,32.9351,-97.6285,32.9351,-97.6285,0,0,0,0,0,367,0,0,0
660032,2021,5,17,"2021-05-17","10:59:00",3,"TX",48,0,1,0,0,0,0,31.07,-98.18,31.07,-98.18,0,0,0,0,0,281,0,0,0
660033,2021,5,17,"2021-05-17","11:33:00",3,"TX",48,0,0.88,0,0,0,0,30.76,-98.3,30.76,-98.3,0,0,0,0,0,53,0,0,0
660034,2021,5,17,"2021-05-17","11:55:00",3,"CO",8,0,1,0,0,0,0,38.12,-105.58,38.12,-105.58,0,0,0,0,0,27,0,0,0
660035,2021,5,17,"2021-05-17","12:45:00",3,"NM",35,0,0.75,0,0,0,0,36.71,-105.41,36.71,-105.41,0,0,0,0,0,55,0,0,0
660036,2021,5,17,"2021-05-17","13:05:00",3,"NM",35,0,1,0,0,0,0,35.46,-106.06,35.46,-106.06,0,0,0,0,0,49,0,0,0
660037,2021,5,17,"2021-05-17","13:45:00",3,"NM",35,0,0.75,0,0,0,0,35.64,-106.04,35.64,-106.04,0,0,0,0,0,49,0,0,0
660038,2021,5,17,"2021-05-17","13:51:00",3,"UT",49,0,0.75,0,0,0,0,40.66,-111.49,40.66,-111.49,0,0,0,0,0,43,0,0,0
660039,2021,5,17,"2021-05-17","14:00:00",3,"NM",35,0,1,0,0,2500,0,35.5,-106.04,35.5,-106.04,0,0,0,0,0,49,0,0,0
660040,2021,5,17,"2021-05-17","14:20:00",3,"NM",35,0,0.88,0,0,0,0,34.6,-105.21,34.6,-105.21,0,0,0,0,0,19,0,0,0
660041,2021,5,17,"2021-05-17","14:25:00",3,"NM",35,0,1,0,0,0,0,34.44,-104.61,34.44,-104.61,0,0,0,0,0,11,0,0,0
660042,2021,5,17,"2021-05-17","14:35:00",3,"NM",35,0,0.75,0,0,0,0,35.56,-105.8,35.56,-105.8,0,0,0,0,0,49,0,0,0
660043,2021,5,17,"2021-05-17","15:00:00",3,"NM",35,0,0.88,0,0,0,0,34.65,-103.99,34.65,-103.99,0,0,0,0,0,37,0,0,0
660044,2021,5,17,"2021-05-17","15:04:00",3,"CO",8,0,1.5,0,0,0,0,37.23,-104.41,37.23,-104.41,0,0,0,0,0,71,0,0,0
660045,2021,5,17,"2021-05-17","15:28:00",3,"TX",48,0,2.5,0,0,0,0,32.0744,-101.786,32.0744,-101.786,0,0,0,0,0,329,0,0,0
660046,2021,5,17,"2021-05-17","15:51:00",3,"TX",48,0,2.5,0,0,0,0,32.1402,-101.8121,32.1402,-101.8121,0,0,0,0,0,317,0,0,0
660047,2021,5,17,"2021-05-17","16:04:00",3,"TX",48,0,1,0,0,0,0,33.4515,-100.8602,33.4515,-100.8602,0,0,0,0,0,125,0,0,0
660048,2021,5,17,"2021-05-17","16:07:00",3,"TX",48,0,2.75,0,0,0,0,33.2678,-100.7686,33.3572,-100.6597,0,0,0,0,0,263,0,0,0
660049,2021,5,17,"2021-05-17","16:14:00",3,"TX",48,0,1,0,0,0,0,35.99,-101,35.99,-101,0,0,0,0,0,393,0,0,0
660050,2021,5,17,"2021-05-17","16:14:00",3,"TX",48,0,2.5,0,0,0,0,32.3,-101.733,32.3,-101.733,0,0,0,0,0,317,0,0,0
660051,2021,5,17,"2021-05-17","16:41:00",3,"TX",48,0,1.5,0,0,0,0,34.02,-100.82,34.02,-100.82,0,0,0,0,0,345,0,0,0
660052,2021,5,17,"2021-05-17","16:48:00",3,"TX",48,0,1.75,0,0,0,0,33.25,-100.58,33.2706,-100.5858,0,0,0,0,0,263,0,0,0
660053,2021,5,17,"2021-05-17","16:51:00",3,"TX",48,0,1.75,0,0,0,0,32.4512,-101.5894,32.4512,-101.5894,0,0,0,0,0,227,0,0,0
660054,2021,5,17,"2021-05-17","17:06:00",3,"TX",48,0,1.75,0,0,0,0,32.1265,-101.4538,32.1265,-101.4538,0,0,0,0,0,227,0,0,0
660055,2021,5,17,"2021-05-17","17:10:00",3,"TX",48,0,2.75,0,0,0,0,32.18,-101.48,32.18,-101.48,0,0,0,0,0,227,0,0,0
660056,2021,5,17,"2021-05-17","17:15:00",3,"TX",48,0,2.75,0,0,0,0,32.12,-101.37,32.12,-101.37,0,0,0,0,0,227,0,0,0
660057,2021,5,17,"2021-05-17","17:16:00",3,"TX",48,0,2,0,0,0,0,34.1344,-102.8642,34.1344,-102.8642,0,0,0,0,0,17,0,0,0
660058,2021,5,17,"2021-05-17","17:20:00",3,"TX",48,0,4.25,0,0,0,0,32.1609,-101.4184,32.1609,-101.4184,0,0,0,0,0,227,0,0,0
660059,2021,5,17,"2021-05-17","17:21:00",3,"TX",48,0,1,0,0,0,0,33.45,-102.5,33.45,-102.5,0,0,0,0,0,219,0,0,0
660060,2021,5,17,"2021-05-17","17:33:00",3,"TX",48,0,1,0,0,0,0,34.22,-102.73,34.22,-102.73,0,0,0,0,0,17,0,0,0
660061,2021,5,17,"2021-05-17","17:44:00",3,"TX",48,0,1.75,0,0,0,0,33.5022,-102.4339,33.5312,-102.3232,0,0,0,0,0,219,0,0,0
660062,2021,5,17,"2021-05-17","17:46:00",3,"TX",48,0,1,0,0,0,0,32.018,-101.9,32.018,-101.9,0,0,0,0,0,329,0,0,0
660063,2021,5,17,"2021-05-17","17:47:00",3,"TX",48,0,2,0,0,0,0,34.07,-102.53,34.07,-102.53,0,0,0,0,0,279,0,0,0
660064,2021,5,17,"2021-05-17","17:52:00",3,"TX",48,0,2,0,0,0,0,32.0512,-102.0196,32.0512,-102.0196,0,0,0,0,0,329,0,0,0
660065,2021,5,17,"2021-05-17","17:57:00",3,"TX",48,0,1,0,0,0,0,34.2691,-100.8903,34.2691,-100.8903,0,0,0,0,0,345,0,0,0
660066,2021,5,17,"2021-05-17","17:58:00",3,"TX",48,0,2,0,0,0,0,34.03,-102.73,34.03,-102.73,0,0,0,0,0,17,0,0,0
660067,2021,5,17,"2021-05-17","18:22:00",3,"TX",48,0,1,0,0,0,0,35.21,-102.19,35.21,-102.19,0,0,0,0,0,359,0,0,0
660068,2021,5,17,"2021-05-17","18:25:00",3,"TX",48,0,2.75,0,0,0,0,34.94,-101.65,34.94,-101.65,0,0,0,0,0,381,0,0,0
660069,2021,5,17,"2021-05-17","18:25:00",3,"TX",48,0,1.25,0,0,0,0,34.81,-101.87,34.81,-101.87,0,0,0,0,0,381,0,0,0
660070,2021,5,17,"2021-05-17","18:26:00",3,"TX",48,0,1.5,0,0,0,0,35.51,-102.25,35.51,-102.25,0,0,0,0,0,359,0,0,0
660071,2021,5,17,"2021-05-17","18:27:00",3,"TX",48,0,2.5,0,0,0,0,33.5391,-102.2191,33.5391,-102.2191,0,0,0,0,0,219,0,0,0
660072,2021,5,17,"2021-05-17","18:29:00",3,"TX",48,0,1.75,0,0,0,0,35.22,-102.21,35.22,-102.21,0,0,0,0,0,359,0,0,0
660073,2021,5,17,"2021-05-17","18:29:00",3,"TX",48,0,1.25,0,0,0,0,34.94,-101.65,34.94,-101.65,0,0,0,0,0,381,0,0,0
660074,2021,5,17,"2021-05-17","18:30:00",3,"TX",48,0,1.75,0,0,0,0,30.15,-102.4,30.15,-102.4,0,0,0,0,0,443,0,0,0
660075,2021,5,17,"2021-05-17","18:33:00",3,"TX",48,0,1,0,0,0,0,34.1233,-102.5528,34.1233,-102.5528,0,0,0,0,0,279,0,0,0
660076,2021,5,17,"2021-05-17","18:36:00",3,"TX",48,0,2,0,0,0,0,34.4178,-100.9038,34.4178,-100.9038,0,0,0,0,0,191,0,0,0
660077,2021,5,17,"2021-05-17","18:36:00",3,"TX",48,0,1.75,0,0,0,0,35.51,-102.25,35.51,-102.25,0,0,0,0,0,359,0,0,0
660078,2021,5,17,"2021-05-17","18:36:00",3,"TX",48,0,1.5,0,0,0,0,32.2987,-100.85,32.2987,-100.85,0,0,0,0,0,335,0,0,0
660079,2021,5,17,"2021-05-17","18:40:00",3,"TX",48,0,2.75,0,0,0,0,32.02,-101.02,32.02,-101.02,0,0,0,0,0,431,0,0,0
660080,2021,5,17,"2021-05-17","18:40:00",3,"TX",48,0,2,0,0,0,0,32.2987,-100.85,32.2987,-100.85,0,0,0,0,0,335,0,0,0
660081,2021,5,17,"2021-05-17","18:47:00",3,"TX",48,0,2,0,0,0,0,35.07,-101.69,35.07,-101.69,0,0,0,0,0,381,0,0,0
660082,2021,5,17,"2021-05-17","18:48:00",3,"TX",48,0,1,0,0,0,0,33.4964,-101.8878,33.4964,-101.8878,0,0,0,0,0,303,0,0,0
660083,2021,5,17,"2021-05-17","18:54:00",3,"TX",48,0,1.25,0,0,0,0,35.19,-101.72,35.19,-101.72,0,0,0,0,0,375,0,0,0
660084,2021,5,17,"2021-05-17","18:57:00",3,"TX",48,0,1.25,0,0,0,0,32.49,-100.4,32.49,-100.4,0,0,0,0,0,353,0,0,0
660085,2021,5,17,"2021-05-17","19:00:00",3,"TX",48,0,1.25,0,0,0,0,35.19,-101.72,35.19,-101.72,0,0,0,0,0,375,0,0,0
660086,2021,5,17,"2021-05-17","19:02:00",3,"CO",8,0,1,0,0,0,0,38.91,-104.86,38.91,-104.86,0,0,0,0,0,41,0,0,0
660087,2021,5,17,"2021-05-17","19:12:00",3,"TX",48,0,1.75,0,0,0,0,33.5342,-102.0087,33.5279,-101.8685,0,0,0,0,0,303,0,0,0
660088,2021,5,17,"2021-05-17","20:21:00",3,"TX",48,0,1,0,0,0,0,32.47,-99.71,32.47,-99.71,0,0,0,0,0,441,0,0,0
660089,2021,5,17,"2021-05-17","20:37:00",3,"TX",48,0,0.75,0,0,0,0,31.97,-100.28,31.97,-100.28,0,0,0,0,0,81,0,0,0
660090,2021,5,18,"2021-05-18","01:15:00",3,"TX",48,0,1,0,0,0,0,31.34,-100.11,31.34,-100.11,0,0,0,0,0,451,0,0,0
660091,2021,5,18,"2021-05-18","02:30:00",3,"TX",48,0,1,0,0,0,0,31.4,-102.35,31.4,-102.35,0,0,0,0,0,103,0,0,0
660092,2021,5,18,"2021-05-18","12:44:00",3,"OK",40,0,1,0,0,0,0,36.96,-102.56,36.96,-102.56,0,0,0,0,0,25,0,0,0
660093,2021,5,18,"2021-05-18","14:24:00",3,"TX",48,0,1.25,0,0,0,0,29.72,-98.16,29.72,-98.16,0,0,0,0,0,91,0,0,0
660094,2021,5,18,"2021-05-18","14:34:00",3,"TX",48,0,0.88,0,0,0,0,29.76,-98.06,29.76,-98.06,0,0,0,0,0,91,0,0,0
660095,2021,5,18,"2021-05-18","14:50:00",3,"TX",48,0,1,0,0,0,0,32.9413,-102.5153,32.9413,-102.5153,0,0,0,0,0,165,0,0,0
660096,2021,5,18,"2021-05-18","15:09:00",3,"TX",48,0,1,0,0,0,0,35.27,-102.66,35.27,-102.66,0,0,0,0,0,359,0,0,0
660097,2021,5,18,"2021-05-18","15:09:00",3,"TX",48,0,1,0,0,0,0,29.97,-97.86,29.97,-97.86,0,0,0,0,0,209,0,0,0
660098,2021,5,18,"2021-05-18","15:23:00",3,"TX",48,0,1,0,0,0,0,35.26,-102.49,35.26,-102.49,0,0,0,0,0,359,0,0,0
660099,2021,5,18,"2021-05-18","15:36:00",3,"TX",48,0,1,0,0,0,0,32.9298,-102.2786,32.9298,-102.2786,0,0,0,0,0,165,0,0,0
660100,2021,5,18,"2021-05-18","15:47:00",3,"TX",48,0,0.75,0,0,0,0,35.22,-102.31,35.22,-102.31,0,0,0,0,0,359,0,0,0
660101,2021,5,18,"2021-05-18","17:28:00",3,"TX",48,0,1.75,0,0,0,0,32.8236,-101.9039,32.8236,-101.9039,0,0,0,0,0,115,0,0,0
660102,2021,5,18,"2021-05-18","18:12:00",3,"TX",48,0,1,0,0,0,0,35.67,-101.28,35.67,-101.28,0,0,0,0,0,233,0,0,0
660103,2021,5,18,"2021-05-18","18:27:00",3,"TX",48,0,1,0,0,0,0,32.7609,-101.7513,32.7609,-101.7513,0,0,0,0,0,115,0,0,0
660104,2021,5,18,"2021-05-18","18:53:00",3,"TX",48,0,1.75,0,0,0,0,32.77,-101.5333,32.77,-101.5333,0,0,0,0,0,33,0,0,0
660105,2021,5,18,"2021-05-18","19:23:00",3,"TX",48,0,1.5,0,0,0,0,32.77,-101.4989,32.77,-101.4989,0,0,0,0,0,33,0,0,0
660106,2021,5,18,"2021-05-18","19:29:00",3,"TX",48,0,1.5,0,0,0,0,32.6764,-101.3839,32.6764,-101.3839,0,0,0,0,0,33,0,0,0
660107,2021,5,18,"2021-05-18","19:38:00",3,"TX",48,0,1.25,0,0,0,0,32.7031,-101.4629,32.7031,-101.4629,0,0,0,0,0,33,0,0,0
660108,2021,5,18,"2021-05-18","20:32:00",3,"TX",48,0,1.75,0,0,0,0,32.5316,-101.02,32.5316,-101.02,0,0,0,0,0,415,0,0,0
660109,2021,5,18,"2021-05-18","20:44:00",3,"TX",48,0,1,0,0,0,0,32.4689,-100.9983,32.4689,-100.9983,0,0,0,0,0,335,0,0,0
660110,2021,5,18,"2021-05-18","20:54:00",3,"TX",48,0,1,0,0,0,0,32.4595,-101.0543,32.4595,-101.0543,0,0,0,0,0,335,0,0,0
660111,2021,5,19,"2021-05-19","05:10:00",3,"TX",48,0,1,0,0,0,0,32.3819,-101.3969,32.3819,-101.3969,0,0,0,0,0,227,0,0,0
660112,2021,5,19,"2021-05-19","13:30:00",3,"TX",48,0,1,0,0,0,0,29.44,-100.96,29.44,-100.96,0,0,0,0,0,465,0,0,0
660113,2021,5,19,"2021-05-19","16:28:00",3,"TX",48,0,1.75,0,0,0,0,30.6849,-101.8248,30.6849,-101.8248,0,0,0,0,0,371,0,0,0
660114,2021,5,19,"2021-05-19","16:29:00",3,"TX",48,0,2.5,0,0,0,0,30.6849,-101.8248,30.6849,-101.8248,0,0,0,0,0,371,0,0,0
660115,2021,5,19,"2021-05-19","16:50:00",3,"TX",48,0,1.25,0,0,0,0,32.0295,-102.2351,32.0295,-102.2351,0,0,0,0,0,329,0,0,0
660116,2021,5,19,"2021-05-19","19:29:00",3,"SD",46,0,0.75,0,0,0,0,44.79,-102.8,44.79,-102.8,0,0,0,0,0,93,0,0,0
660117,2021,5,20,"2021-05-20","15:50:00",3,"WY",56,0,0.75,0,0,0,0,44.34,-106.17,44.3412,-106.1529,0,0,0,0,0,19,0,0,0
660118,2021,5,20,"2021-05-20","19:06:00",3,"CO",8,0,0.75,0,0,0,0,40.6,-103.84,40.6,-103.84,0,0,0,0,0,123,0,0,0
660119,2021,5,20,"2021-05-20","19:07:00",3,"WY",56,0,1.5,0,0,0,0,42.07,-104.17,42.07,-104.17,0,0,0,0,0,15,0,0,0
660120,2021,5,20,"2021-05-20","19:12:00",3,"WY",56,0,1.75,0,0,0,0,42.15,-104.26,42.15,-104.26,0,0,0,0,0,15,0,0,0
660121,2021,5,20,"2021-05-20","19:12:00",3,"WY",56,0,1.75,0,0,0,0,42.15,-104.27,42.15,-104.27,0,0,0,0,0,15,0,0,0
660122,2021,5,20,"2021-05-20","19:16:00",3,"WY",56,0,1,0,0,0,0,42.12,-104.26,42.12,-104.26,0,0,0,0,0,15,0,0,0
660123,2021,5,20,"2021-05-20","19:21:00",3,"CO",8,0,1.25,0,0,0,0,40.61,-103.7,40.61,-103.7,0,0,0,0,0,123,0,0,0
660124,2021,5,20,"2021-05-20","19:25:00",3,"WY",56,0,1.75,0,0,0,0,42.07,-104.18,42.07,-104.18,0,0,0,0,0,15,0,0,0
660125,2021,5,20,"2021-05-20","19:25:00",3,"WY",56,0,1.75,0,0,0,0,42.07,-104.18,42.07,-104.18,0,0,0,0,0,15,0,0,0
660126,2021,5,20,"2021-05-20","19:26:00",3,"WY",56,0,1.5,0,0,0,0,42.08,-104.18,42.08,-104.18,0,0,0,0,0,15,0,0,0
660127,2021,5,20,"2021-05-20","19:27:00",3,"CO",8,0,2,0,0,0,0,40.65,-103.7,40.65,-103.7,0,0,0,0,0,123,0,0,0
660128,2021,5,20,"2021-05-20","19:29:00",3,"CO",8,0,3,0,0,0,0,40.61,-103.68,40.61,-103.68,0,0,0,0,0,123,0,0,0
660129,2021,5,20,"2021-05-20","19:29:00",3,"CO",8,0,0.75,0,0,0,0,40.68,-103.72,40.68,-103.72,0,0,0,0,0,123,0,0,0
660130,2021,5,20,"2021-05-20","19:37:00",3,"CO",8,0,3.25,0,0,0,0,40.73,-103.68,40.73,-103.68,0,0,0,0,0,123,0,0,0
660131,2021,5,20,"2021-05-20","19:41:00",3,"CO",8,0,2.75,0,0,0,0,40.65,-103.7,40.65,-103.7,0,0,0,0,0,123,0,0,0
660132,2021,5,20,"2021-05-20","20:35:00",3,"CO",8,0,2.75,0,0,0,0,40.94,-103.5,40.94,-103.5,0,0,0,0,0,75,0,0,0
660133,2021,5,20,"2021-05-20","20:37:00",3,"NE",31,0,1,0,0,0,0,41.15,-103.71,41.15,-103.71,0,0,0,0,0,105,0,0,0
660134,2021,5,20,"2021-05-20","22:23:00",3,"SD",46,0,1,0,0,0,0,44.0755,-102.84,44.0755,-102.84,0,0,0,0,0,103,0,0,0
660135,2021,5,21,"2021-05-21","12:15:00",3,"PR",72,0,1,0,0,0,0,18.3017,-66.3711,18.2898,-66.3477,0,0,0,0,0,47,0,0,0
660136,2021,5,21,"2021-05-21","17:30:00",3,"NE",31,0,1.75,0,0,0,0,41.81,-103.42,41.81,-103.42,0,0,0,0,0,157,0,0,0
660137,2021,5,21,"2021-05-21","17:35:00",3,"NE",31,0,1.5,0,0,0,0,42.83,-103,42.83,-103,0,0,0,0,0,45,0,0,0
660138,2021,5,21,"2021-05-21","17:38:00",3,"NE",31,0,1.75,0,0,0,0,42.65,-103,42.65,-103,0,0,0,0,0,45,0,0,0
660139,2021,5,21,"2021-05-21","18:13:00",3,"NE",31,0,0.75,0,0,0,0,41.93,-103.5,41.93,-103.5,0,0,0,0,0,157,0,0,0
660140,2021,5,21,"2021-05-21","19:18:00",3,"CO",8,0,1,0,0,0,0,38.09,-102.61,38.09,-102.61,0,0,0,0,0,99,0,0,0
660141,2021,5,21,"2021-05-21","19:40:00",3,"NM",35,0,0.75,0,0,0,0,34.15,-103.38,34.15,-103.38,0,0,0,0,0,41,0,0,0
660142,2021,5,22,"2021-05-22","12:05:00",3,"NM",35,0,1,0,0,0,0,35.7,-105.92,35.7,-105.92,0,0,0,0,0,49,0,0,0
660143,2021,5,22,"2021-05-22","12:24:00",3,"NM",35,0,1,0,0,0,0,35.62,-105.98,35.62,-105.98,0,0,0,0,0,49,0,0,0
660144,2021,5,22,"2021-05-22","12:32:00",3,"NM",35,0,0.75,0,0,0,0,35.68,-105.95,35.68,-105.95,0,0,0,0,0,49,0,0,0
660145,2021,5,22,"2021-05-22","13:03:00",3,"NM",35,0,1.5,0,0,15000,0,35.58,-105.77,35.58,-105.77,0,0,0,0,0,49,0,0,0
660146,2021,5,22,"2021-05-22","13:36:00",3,"NM",35,0,0.75,0,0,0,0,33.54,-105.6,33.54,-105.6,0,0,0,0,0,27,0,0,0
660147,2021,5,22,"2021-05-22","13:55:00",3,"NM",35,0,1.5,0,0,0,0,33.5,-105.52,33.5,-105.52,0,0,0,0,0,27,0,0,0
660148,2021,5,22,"2021-05-22","13:58:00",3,"CO",8,0,1.5,0,0,0,0,40.26,-103.48,40.26,-103.48,0,0,0,0,0,87,0,0,0
660149,2021,5,22,"2021-05-22","14:04:00",3,"CO",8,0,1,0,0,0,0,39.45,-104.76,39.45,-104.76,0,0,0,0,0,35,0,0,0
660150,2021,5,22,"2021-05-22","14:12:00",3,"CO",8,0,1,0,0,0,0,40.19,-103.28,40.19,-103.28,0,0,0,0,0,121,0,0,0
660151,2021,5,22,"2021-05-22","14:15:00",3,"PR",72,0,1,0,0,0,0,18.325,-66.3526,18.3451,-66.3262,0,0,0,0,0,47,0,0,0
660152,2021,5,22,"2021-05-22","14:33:00",3,"CO",8,0,1.25,0,0,0,0,38.37,-103.76,38.37,-103.76,0,0,0,0,0,25,0,0,0
660153,2021,5,22,"2021-05-22","14:45:00",3,"NM",35,0,2,0,0,0,0,35.84,-105.42,35.84,-105.42,0,0,0,0,0,47,0,0,0
660154,2021,5,22,"2021-05-22","15:04:00",3,"CO",8,0,0.75,0,0,0,0,40.67,-103.01,40.67,-103.01,0,0,0,0,0,75,0,0,0
660155,2021,5,22,"2021-05-22","15:23:00",3,"CO",8,0,1,0,0,0,0,39.96,-104.36,39.96,-104.36,0,0,0,0,0,1,0,0,0
660156,2021,5,22,"2021-05-22","16:24:00",3,"NM",35,0,1,0,0,0,0,35.65,-106.05,35.65,-106.05,0,0,0,0,0,49,0,0,0
660157,2021,5,22,"2021-05-22","16:38:00",3,"NM",35,0,1,0,0,0,0,35.63,-106.05,35.63,-106.05,0,0,0,0,0,49,0,0,0
660158,2021,5,22,"2021-05-22","16:46:00",3,"NM",35,0,0.75,0,0,10000,0,35.68,-105.95,35.68,-105.95,0,0,0,0,0,49,0,0,0
660159,2021,5,22,"2021-05-22","17:30:00",3,"NM",35,0,1.25,0,0,0,0,36.52,-104.9,36.52,-104.9,0,0,0,0,0,7,0,0,0
660160,2021,5,22,"2021-05-22","18:37:00",3,"CO",8,0,1,0,0,0,0,37,-104.48,37,-104.48,0,0,0,0,0,71,0,0,0
660161,2021,5,23,"2021-05-23","13:30:00",3,"WY",56,0,0.75,0,0,0,0,41.15,-104.79,41.15,-104.79,0,0,0,0,0,21,0,0,0
660162,2021,5,23,"2021-05-23","14:51:00",3,"NE",31,0,1,0,0,0,0,42.05,-103.92,42.05,-103.92,0,0,0,0,0,165,0,0,0
660163,2021,5,23,"2021-05-23","15:58:00",3,"CO",8,0,1,0,0,0,0,40.56,-103.21,40.56,-103.21,0,0,0,0,0,75,0,0,0
660164,2021,5,23,"2021-05-23","15:58:00",3,"TX",48,0,1,0,0,0,0,30.9186,-103.0901,30.9186,-103.0901,0,0,0,0,0,371,0,0,0
660165,2021,5,23,"2021-05-23","16:02:00",3,"SD",46,0,1.25,0,0,0,0,43.7566,-103.6077,43.7566,-103.6077,0,0,0,0,0,33,0,0,0
660166,2021,5,23,"2021-05-23","16:08:00",3,"SD",46,0,0.75,0,0,0,0,43.7755,-103.5815,43.7755,-103.5815,0,0,0,0,0,33,0,0,0
660167,2021,5,23,"2021-05-23","16:11:00",3,"CO",8,0,1,0,0,0,0,40.76,-103.07,40.76,-103.07,0,0,0,0,0,75,0,0,0
660168,2021,5,23,"2021-05-23","16:11:00",3,"CO",8,0,0.75,0,0,0,0,40.76,-103.06,40.76,-103.06,0,0,0,0,0,75,0,0,0
660169,2021,5,23,"2021-05-23","16:30:00",3,"CO",8,0,1.5,0,0,0,0,40.76,-103.07,40.76,-103.07,0,0,0,0,0,75,0,0,0
660170,2021,5,23,"2021-05-23","16:35:00",3,"CO",8,0,3,0,0,0,0,40.86,-102.96,40.86,-102.96,0,0,0,0,0,75,0,0,0
660171,2021,5,23,"2021-05-23","16:47:00",3,"SD",46,0,1,0,0,0,0,44.0221,-103.23,44.0221,-103.23,0,0,0,0,0,103,0,0,0
660172,2021,5,23,"2021-05-23","16:48:00",3,"NE",31,0,1.5,0,0,0,0,41.03,-102.83,41.03,-102.83,0,0,0,0,0,33,0,0,0
660173,2021,5,23,"2021-05-23","16:48:00",3,"NE",31,0,1.5,0,0,0,0,41.16,-102.76,41.16,-102.76,0,0,0,0,0,33,0,0,0
660174,2021,5,23,"2021-05-23","16:51:00",3,"NE",31,0,1,0,0,0,0,41.04,-102.91,41.04,-102.91,0,0,0,0,0,33,0,0,0
660175,2021,5,23,"2021-05-23","16:53:00",3,"NE",31,0,2.5,0,0,0,0,41.15,-102.64,41.15,-102.64,0,0,0,0,0,33,0,0,0
660176,2021,5,23,"2021-05-23","16:55:00",3,"NE",31,0,1.5,0,0,0,0,41.17,-102.76,41.17,-102.76,0,0,0,0,0,33,0,0,0
660177,2021,5,23,"2021-05-23","16:57:00",3,"SD",46,0,0.88,0,0,0,0,44.0745,-103.2114,44.0745,-103.2114,0,0,0,0,0,103,0,0,0
660178,2021,5,23,"2021-05-23","16:58:00",3,"SD",46,0,1,0,0,0,0,44.08,-103.2099,44.08,-103.2099,0,0,0,0,0,103,0,0,0
660179,2021,5,23,"2021-05-23","17:00:00",3,"NE",31,0,2,0,0,0,0,41.26,-102.64,41.26,-102.64,0,0,0,0,0,33,0,0,0
660180,2021,5,23,"2021-05-23","17:04:00",3,"NE",31,0,3,0,0,0,0,41.1,-102.76,41.1,-102.76,0,0,0,0,0,33,0,0,0
660181,2021,5,23,"2021-05-23","17:21:00",3,"NE",31,0,1,0,0,0,0,41.41,-102.34,41.41,-102.34,0,0,0,0,0,69,0,0,0
660182,2021,5,23,"2021-05-23","17:27:00",3,"NE",31,0,2.75,0,0,0,0,41.51,-102.4,41.51,-102.4,0,0,0,0,0,69,0,0,0
660183,2021,5,23,"2021-05-23","17:53:00",3,"NE",31,0,1,0,0,0,0,41.75,-102.08,41.75,-102.08,0,0,0,0,0,69,0,0,0
660184,2021,5,23,"2021-05-23","18:02:00",3,"NE",31,0,1.75,0,0,0,0,41.96,-102.11,41.96,-102.11,0,0,0,0,0,69,0,0,0
660185,2021,5,23,"2021-05-23","18:26:00",3,"NE",31,0,1,0,0,0,0,42.22,-101.89,42.22,-101.89,0,0,0,0,0,31,0,0,0
660186,2021,5,23,"2021-05-23","18:45:00",3,"CO",8,0,1.75,0,0,0,0,39.1272,-102.5772,39.1272,-102.5772,0,0,0,0,0,63,0,0,0
660187,2021,5,23,"2021-05-23","19:02:00",3,"CO",8,0,0.75,0,0,0,0,38.7701,-102.7944,38.7701,-102.7944,0,0,0,0,0,17,0,0,0
660188,2021,5,23,"2021-05-23","19:05:00",3,"CO",8,0,0.75,0,0,0,0,38.7642,-102.7952,38.7642,-102.7952,0,0,0,0,0,17,0,0,0
660189,2021,5,23,"2021-05-23","19:12:00",3,"CO",8,0,1.75,0,0,0,0,39.2972,-102.4807,39.2972,-102.4807,0,0,0,0,0,63,0,0,0
660190,2021,5,23,"2021-05-23","19:25:00",3,"NE",31,0,1,0,0,0,0,40.78,-101.97,40.78,-101.97,0,0,0,0,0,135,0,0,0
660191,2021,5,23,"2021-05-23","19:40:00",3,"KS",20,0,0.75,0,0,0,0,39.9112,-101.9754,39.9112,-101.9754,0,0,0,0,0,23,0,0,0
660192,2021,5,23,"2021-05-23","19:40:00",3,"TX",48,0,1.75,0,0,0,0,30.2,-103.3337,30.2,-103.3337,0,0,0,0,0,43,0,0,0
660193,2021,5,23,"2021-05-23","19:52:00",3,"CO",8,0,1,0,0,0,0,39.2991,-102.3359,39.2991,-102.3359,0,0,0,0,0,63,0,0,0
660194,2021,5,23,"2021-05-23","19:57:00",3,"CO",8,0,0.75,0,0,0,0,39.3,-102.28,39.3,-102.28,0,0,0,0,0,63,0,0,0
660195,2021,5,23,"2021-05-23","20:17:00",3,"NM",35,0,1,0,0,0,0,35.92,-103.09,35.92,-103.09,0,0,0,0,0,59,0,0,0
660196,2021,5,23,"2021-05-23","20:24:00",3,"CO",8,0,0.75,0,0,0,0,38.8199,-102.4628,38.8199,-102.4628,0,0,0,0,0,17,0,0,0
660197,2021,5,23,"2021-05-23","20:40:00",3,"CO",8,0,1,0,0,0,0,38.6843,-102.1613,38.6843,-102.1613,0,0,0,0,0,17,0,0,0
660198,2021,5,23,"2021-05-23","21:20:00",3,"KS",20,0,0.75,0,0,0,0,39.5031,-101.8901,39.5031,-101.8901,0,0,0,0,0,181,0,0,0
660199,2021,5,23,"2021-05-23","21:55:00",3,"TX",48,0,0.75,0,0,0,0,36.14,-102.7,36.14,-102.7,0,0,0,0,0,111,0,0,0
660200,2021,5,24,"2021-05-24","15:18:00",3,"KS",20,0,0.88,0,0,0,0,38.13,-101.58,38.13,-101.58,0,0,0,0,0,75,0,0,0
660201,2021,5,24,"2021-05-24","15:59:00",3,"KS",20,0,1.5,0,0,0,0,38.13,-101.47,38.13,-101.47,0,0,0,0,0,93,0,0,0
660202,2021,5,24,"2021-05-24","16:15:00",3,"KS",20,0,0.75,0,0,0,0,38.7428,-100.8687,38.7428,-100.8687,0,0,0,0,0,109,0,0,0
660203,2021,5,24,"2021-05-24","16:24:00",3,"KS",20,0,1.75,0,0,0,0,38.13,-101.29,38.13,-101.29,0,0,0,0,0,93,0,0,0
660204,2021,5,24,"2021-05-24","16:55:00",3,"KS",20,0,0.88,0,0,0,0,39.5835,-100.6979,39.5835,-100.6979,0,0,0,0,0,39,0,0,0
660205,2021,5,24,"2021-05-24","16:57:00",3,"TX",48,0,1.75,0,0,0,0,33.6823,-102.3541,33.6823,-102.3541,0,0,0,0,0,219,0,0,0
660206,2021,5,24,"2021-05-24","17:05:00",3,"KS",20,0,1.75,0,0,0,0,39.5917,-100.6648,39.5917,-100.6648,0,0,0,0,0,39,0,0,0
660207,2021,5,24,"2021-05-24","17:35:00",3,"TX",48,0,1,0,0,0,0,33.72,-102.77,33.72,-102.77,0,0,0,0,0,79,0,0,0
660208,2021,5,24,"2021-05-24","17:39:00",3,"TX",48,0,1,0,0,0,0,33.5929,-102.3487,33.5929,-102.3487,0,0,0,0,0,219,0,0,0
660209,2021,5,24,"2021-05-24","18:28:00",3,"SD",46,0,0.88,0,0,0,0,43.7,-98.15,43.7,-98.15,0,0,0,0,0,35,0,0,0
660210,2021,5,24,"2021-05-24","18:29:00",3,"KS",20,0,1.75,0,0,0,0,37.99,-101.22,37.99,-101.22,0,0,0,0,0,93,0,0,0
660211,2021,5,24,"2021-05-24","18:31:00",3,"KS",20,0,1,0,0,0,0,37.99,-101.13,37.99,-101.13,0,0,0,0,0,93,0,0,0
660212,2021,5,24,"2021-05-24","18:32:00",3,"KS",20,0,1.25,0,0,0,0,37.98,-101.13,37.98,-101.13,0,0,0,0,0,93,0,0,0
660213,2021,5,24,"2021-05-24","18:42:00",3,"KS",20,0,1,0,0,0,0,38.91,-99.98,38.91,-99.98,0,0,0,0,0,195,0,0,0
660214,2021,5,24,"2021-05-24","19:01:00",3,"KS",20,0,1,0,0,0,0,37.85,-101.12,37.85,-101.12,0,0,0,0,0,93,0,0,0
660215,2021,5,24,"2021-05-24","19:20:00",3,"KS",20,0,1.25,0,0,0,0,37.78,-101.76,37.78,-101.76,0,0,0,0,0,75,0,0,0
660216,2021,5,24,"2021-05-24","19:35:00",3,"KS",20,0,1,0,0,0,0,37.98,-100.86,37.98,-100.86,0,0,0,0,0,55,0,0,0
660217,2021,5,24,"2021-05-24","20:05:00",3,"KS",20,0,1.75,0,0,0,0,37.85,-100.87,37.85,-100.87,0,0,0,0,0,55,0,0,0
660218,2021,5,24,"2021-05-24","20:14:00",3,"KS",20,0,1.75,0,0,0,0,37.83,-101.61,37.83,-101.61,0,0,0,0,0,75,0,0,0
660219,2021,5,24,"2021-05-24","20:16:00",3,"KS",20,0,1.5,0,0,0,0,37.86,-100.87,37.86,-100.87,0,0,0,0,0,55,0,0,0
660220,2021,5,24,"2021-05-24","20:31:00",3,"KS",20,0,1.25,0,0,0,0,37.83,-101.53,37.83,-101.53,0,0,0,0,0,75,0,0,0
660221,2021,5,24,"2021-05-24","20:32:00",3,"KS",20,0,2,0,0,0,0,37.83,-100.77,37.83,-100.77,0,0,0,0,0,55,0,0,0
660222,2021,5,24,"2021-05-24","20:48:00",3,"TX",48,0,1,0,0,0,0,33.48,-100.85,33.48,-100.85,0,0,0,0,0,125,0,0,0
660223,2021,5,24,"2021-05-24","20:57:00",3,"KS",20,0,1,0,0,0,0,37.71,-101.44,37.71,-101.44,0,0,0,0,0,67,0,0,0
660224,2021,5,24,"2021-05-24","23:06:00",3,"TX",48,0,1,0,0,0,0,33.556,-101.8835,33.556,-101.8835,0,0,0,0,0,303,0,0,0
660225,2021,5,24,"2021-05-24","23:30:00",3,"NM",35,0,1.75,0,0,0,0,34.41,-103.19,34.41,-103.19,0,0,0,0,0,9,0,0,0
660226,2021,5,25,"2021-05-25","14:28:00",3,"MN",27,0,1,0,0,0,0,44.3,-92.47,44.3,-92.47,0,0,0,0,0,157,0,0,0
660227,2021,5,25,"2021-05-25","14:51:00",3,"MN",27,0,0.88,0,0,0,0,44.35,-92.23,44.35,-92.23,0,0,0,0,0,157,0,0,0
660228,2021,5,25,"2021-05-25","14:59:00",3,"MN",27,0,1.25,0,0,0,0,44.38,-92.12,44.38,-92.12,0,0,0,0,0,157,0,0,0
660229,2021,5,25,"2021-05-25","15:42:00",3,"TX",48,0,1.5,0,0,0,0,30.2,-103.25,30.2,-103.25,0,0,0,0,0,43,0,0,0
660230,2021,5,25,"2021-05-25","15:47:00",3,"TX",48,0,1,0,0,0,0,30.2,-103.2668,30.2,-103.2668,0,0,0,0,0,43,0,0,0
660231,2021,5,25,"2021-05-25","16:22:00",3,"TX",48,0,1.25,0,0,0,0,31.6316,-102.35,31.6316,-102.35,0,0,0,0,0,103,0,0,0
660232,2021,5,25,"2021-05-25","16:28:00",3,"KS",20,0,0.88,0,0,0,0,38.86,-97.84,38.86,-97.84,0,0,0,0,0,169,0,0,0
660233,2021,5,25,"2021-05-25","16:28:00",3,"TX",48,0,2.75,0,0,0,0,31.68,-102.32,31.68,-102.32,0,0,0,0,0,135,0,0,0
660234,2021,5,25,"2021-05-25","16:51:00",3,"WI",55,0,1.5,0,0,0,0,45.41,-89.76,45.41,-89.76,0,0,0,0,0,69,0,0,0
660235,2021,5,25,"2021-05-25","16:53:00",3,"WI",55,0,1,0,0,0,0,45.46,-89.73,45.46,-89.73,0,0,0,0,0,69,0,0,0
660236,2021,5,25,"2021-05-25","17:05:00",3,"TX",48,0,1,0,0,0,0,35.1,-102.21,35.1,-102.21,0,0,0,0,0,117,0,0,0
660237,2021,5,25,"2021-05-25","17:10:00",3,"TX",48,0,1.5,0,0,0,0,32.4398,-101.4821,32.4398,-101.4821,0,0,0,0,0,227,0,0,0
660238,2021,5,25,"2021-05-25","17:12:00",3,"NE",31,0,1,0,0,0,0,40.3,-95.98,40.3,-95.98,0,0,0,0,0,127,0,0,0
660239,2021,5,25,"2021-05-25","17:46:00",3,"TX",48,0,1,0,0,0,0,32.25,-101.47,32.25,-101.47,0,0,0,0,0,227,0,0,0
660240,2021,5,25,"2021-05-25","17:54:00",3,"TX",48,0,1.75,0,0,0,0,35.06,-102.04,35.06,-102.04,0,0,0,0,0,381,0,0,0
660241,2021,5,25,"2021-05-25","17:58:00",3,"TX",48,0,1.5,0,0,0,0,32.25,-101.47,32.25,-101.47,0,0,0,0,0,227,0,0,0
660242,2021,5,25,"2021-05-25","18:15:00",3,"NE",31,0,1,0,0,0,0,40.15,-95.64,40.15,-95.64,0,0,0,0,0,147,0,0,0
660243,2021,5,25,"2021-05-25","18:25:00",3,"TX",48,0,2,0,0,500,0,32.7932,-100.9596,32.7932,-100.9596,0,0,0,0,0,415,0,0,0
660244,2021,5,25,"2021-05-25","18:28:00",3,"TX",48,0,2,0,0,0,0,34.97,-102.08,34.97,-102.08,0,0,0,0,0,381,0,0,0
660245,2021,5,25,"2021-05-25","18:29:00",3,"TX",48,0,1.75,0,0,0,0,34.98,-102.03,34.98,-102.03,0,0,0,0,0,381,0,0,0
660246,2021,5,25,"2021-05-25","18:35:00",3,"TX",48,0,0.75,0,0,0,0,34.97,-102.02,34.97,-102.02,0,0,0,0,0,381,0,0,0
660247,2021,5,25,"2021-05-25","18:37:00",3,"TX",48,0,1,0,0,0,0,32.6099,-101.1003,32.6099,-101.1003,0,0,0,0,0,415,0,0,0
660248,2021,5,25,"2021-05-25","18:38:00",3,"TX",48,0,1,0,0,0,0,34.91,-101.95,34.91,-101.95,0,0,0,0,0,381,0,0,0
660249,2021,5,25,"2021-05-25","18:48:00",3,"TX",48,0,2,0,0,0,0,34.91,-102,34.91,-102,0,0,0,0,0,381,0,0,0
660250,2021,5,25,"2021-05-25","18:54:00",3,"TX",48,0,2,0,0,0,0,34.89,-101.97,34.89,-101.97,0,0,0,0,0,381,0,0,0
660251,2021,5,25,"2021-05-25","19:04:00",3,"KS",20,0,1.75,0,0,0,0,39.46,-96.76,39.46,-96.76,0,0,0,0,0,161,0,0,0
660252,2021,5,25,"2021-05-25","19:19:00",3,"TX",48,0,0.75,0,0,0,0,36.49,-100.58,36.49,-100.58,0,0,0,0,0,357,0,0,0
660253,2021,5,25,"2021-05-25","19:23:00",3,"TX",48,0,0.88,0,0,0,0,36.19,-101.19,36.19,-101.19,0,0,0,0,0,195,0,0,0
660254,2021,5,25,"2021-05-25","19:24:00",3,"TX",48,0,0.75,0,0,0,0,36.49,-100.58,36.49,-100.58,0,0,0,0,0,357,0,0,0
660255,2021,5,25,"2021-05-25","19:30:00",3,"TX",48,0,1,0,0,0,0,32.7173,-100.9285,32.7173,-100.9285,0,0,0,0,0,415,0,0,0
660256,2021,5,25,"2021-05-25","19:55:00",3,"TX",48,0,1.75,0,0,0,0,36.08,-101.28,36.08,-101.28,0,0,0,0,0,195,0,0,0
660257,2021,5,25,"2021-05-25","20:00:00",3,"TX",48,0,1,0,0,0,0,36.36,-100.84,36.36,-100.84,0,0,0,0,0,357,0,0,0
660258,2021,5,25,"2021-05-25","20:19:00",3,"TX",48,0,2.5,0,0,0,0,36.07,-101.31,36.07,-101.31,0,0,0,0,0,195,0,0,0
660259,2021,5,25,"2021-05-25","20:20:00",3,"TX",48,0,3,0,0,0,0,36.06,-101.3,36.06,-101.3,0,0,0,0,0,195,0,0,0
660260,2021,5,25,"2021-05-25","20:23:00",3,"TX",48,0,1,0,0,0,0,36.39,-100.79,36.39,-100.79,0,0,0,0,0,357,0,0,0
660261,2021,5,25,"2021-05-25","20:25:00",3,"TX",48,0,2.75,0,0,0,0,36.07,-101.31,36.07,-101.31,0,0,0,0,0,195,0,0,0
660262,2021,5,25,"2021-05-25","20:26:00",3,"TX",48,0,2.5,0,0,0,0,36.06,-101.31,36.06,-101.31,0,0,0,0,0,195,0,0,0
660263,2021,5,25,"2021-05-25","21:40:00",3,"TX",48,0,1,0,0,0,0,31.74,-99.95,31.74,-99.95,0,0,0,0,0,399,0,0,0
660264,2021,5,25,"2021-05-25","22:36:00",3,"IA",19,0,1.25,0,0,0,0,41.59,-93.66,41.59,-93.66,0,0,0,0,0,153,0,0,0
660265,2021,5,26,"2021-05-26","01:20:00",3,"TX",48,0,0.88,0,0,0,0,33.4207,-94.1087,33.4207,-94.1087,0,0,0,0,0,37,0,0,0
660266,2021,5,26,"2021-05-26","08:47:00",3,"KS",20,0,0.75,0,0,0,0,39.3662,-101.7008,39.3662,-101.7008,0,0,0,0,0,181,0,0,0
660267,2021,5,26,"2021-05-26","09:06:00",3,"KS",20,0,1.25,0,0,0,0,39.5114,-101.5732,39.5114,-101.5732,0,0,0,0,0,181,0,0,0
660268,2021,5,26,"2021-05-26","09:10:00",3,"KS",20,0,0.88,0,0,0,0,39.3108,-101.7269,39.3108,-101.7269,0,0,0,0,0,181,0,0,0
660269,2021,5,26,"2021-05-26","09:12:00",3,"KS",20,0,1.25,0,0,0,0,39.2539,-101.7269,39.2539,-101.7269,0,0,0,0,0,181,0,0,0
660270,2021,5,26,"2021-05-26","09:18:00",3,"KS",20,0,2.5,0,0,0,0,39.2796,-101.7066,39.2796,-101.7066,0,0,0,0,0,181,0,0,0
660271,2021,5,26,"2021-05-26","09:20:00",3,"KS",20,0,1,0,0,0,0,39.3198,-101.725,39.3198,-101.725,0,0,0,0,0,181,0,0,0
660272,2021,5,26,"2021-05-26","09:24:00",3,"KS",20,0,1,0,0,0,0,39.33,-101.69,39.33,-101.69,0,0,0,0,0,181,0,0,0
660273,2021,5,26,"2021-05-26","09:26:00",3,"KS",20,0,1,0,0,0,0,39.2397,-101.6517,39.2397,-101.6517,0,0,0,0,0,181,0,0,0
660274,2021,5,26,"2021-05-26","10:08:00",3,"KS",20,0,1.5,0,0,0,0,39.3671,-101.3821,39.3671,-101.3821,0,0,0,0,0,193,0,0,0
660275,2021,5,26,"2021-05-26","10:08:00",3,"KS",20,0,1,0,0,0,0,39.34,-101.37,39.34,-101.37,0,0,0,0,0,193,0,0,0
660276,2021,5,26,"2021-05-26","10:10:00",3,"KS",20,0,2.5,0,0,1000,0,39.4136,-101.372,39.4136,-101.372,0,0,0,0,0,193,0,0,0
660277,2021,5,26,"2021-05-26","10:37:00",3,"KS",20,0,1,0,0,0,0,39.518,-101.1635,39.518,-101.1635,0,0,0,0,0,193,0,0,0
660278,2021,5,26,"2021-05-26","11:19:00",3,"PA",42,0,1,0,0,0,0,41.21,-78.77,41.21,-78.77,0,0,0,0,0,65,0,0,0
660279,2021,5,26,"2021-05-26","11:19:00",3,"PA",42,0,0.88,0,0,0,0,41.2,-78.77,41.2,-78.77,0,0,0,0,0,65,0,0,0
660280,2021,5,26,"2021-05-26","11:20:00",3,"PA",42,0,0.75,0,0,0,0,41.21,-78.77,41.21,-78.77,0,0,0,0,0,65,0,0,0
660281,2021,5,26,"2021-05-26","12:13:00",3,"KS",20,0,1,0,0,0,0,39.01,-99.87,39.01,-99.87,0,0,0,0,0,195,0,0,0
660282,2021,5,26,"2021-05-26","12:15:00",3,"KS",20,0,1,0,0,0,0,39.7372,-100.5353,39.7372,-100.5353,0,0,0,0,0,39,0,0,0
660283,2021,5,26,"2021-05-26","12:25:00",3,"KS",20,0,1,0,0,0,0,38.94,-99.56,38.94,-99.56,0,0,0,0,0,51,0,0,0
660284,2021,5,26,"2021-05-26","12:28:00",3,"KS",20,0,1.5,0,0,0,0,38.94,-99.56,38.94,-99.56,0,0,0,0,0,51,0,0,0
660285,2021,5,26,"2021-05-26","12:36:00",3,"KS",20,0,1.25,0,0,0,0,38.95,-99.56,38.95,-99.56,0,0,0,0,0,51,0,0,0
660286,2021,5,26,"2021-05-26","12:37:00",3,"KS",20,0,1.75,0,0,0,0,38.96,-99.56,38.96,-99.56,0,0,0,0,0,51,0,0,0
660287,2021,5,26,"2021-05-26","12:40:00",3,"KS",20,0,2.25,0,0,0,0,38.94,-99.56,38.94,-99.56,0,0,0,0,0,51,0,0,0
660288,2021,5,26,"2021-05-26","12:45:00",3,"PA",42,0,1,0,0,0,0,41.2,-76.38,41.2,-76.38,0,0,0,0,0,37,0,0,0
660289,2021,5,26,"2021-05-26","12:49:00",3,"KS",20,0,1.5,0,0,0,0,38.94,-99.56,38.94,-99.56,0,0,0,0,0,51,0,0,0
660290,2021,5,26,"2021-05-26","12:58:00",3,"PA",42,0,1,0,0,0,0,41.25,-76.31,41.25,-76.31,0,0,0,0,0,79,0,0,0
660291,2021,5,26,"2021-05-26","13:00:00",3,"KS",20,0,1.25,0,0,0,0,38.86,-99.34,38.86,-99.34,0,0,0,0,0,51,0,0,0
660292,2021,5,26,"2021-05-26","13:04:00",3,"KS",20,0,1,0,0,0,0,38.92,-99.39,38.92,-99.39,0,0,0,0,0,51,0,0,0
660293,2021,5,26,"2021-05-26","13:06:00",3,"KS",20,0,1,0,0,0,0,38.87,-99.33,38.87,-99.33,0,0,0,0,0,51,0,0,0
660294,2021,5,26,"2021-05-26","13:08:00",3,"KS",20,0,2.75,0,0,0,0,38.88,-99.32,38.88,-99.32,0,0,0,0,0,51,0,0,0
660295,2021,5,26,"2021-05-26","13:11:00",3,"KS",20,0,1,0,0,0,0,38.9,-99.33,38.9,-99.33,0,0,0,0,0,51,0,0,0
660296,2021,5,26,"2021-05-26","13:13:00",3,"KS",20,0,2,0,0,0,0,38.9,-99.33,38.9,-99.33,0,0,0,0,0,51,0,0,0
660297,2021,5,26,"2021-05-26","13:13:00",3,"KS",20,0,1.75,0,0,0,0,38.87,-99.32,38.87,-99.32,0,0,0,0,0,51,0,0,0
660298,2021,5,26,"2021-05-26","13:15:00",3,"NE",31,0,1,0,0,0,0,41.35,-101.13,41.35,-101.13,0,0,0,0,0,111,0,0,0
660299,2021,5,26,"2021-05-26","13:30:00",3,"KS",20,0,4,0,0,0,0,38.85,-99.32,38.85,-99.32,0,0,0,0,0,51,0,0,0
660300,2021,5,26,"2021-05-26","13:30:00",3,"KS",20,0,3,0,0,0,0,38.76,-99.25,38.76,-99.25,0,0,0,0,0,51,0,0,0
660301,2021,5,26,"2021-05-26","13:39:00",3,"KS",20,0,1,0,0,0,0,38.85,-99.3,38.85,-99.3,0,0,0,0,0,51,0,0,0
660302,2021,5,26,"2021-05-26","13:41:00",3,"KS",20,0,1.75,0,0,0,0,38.85,-99.24,38.85,-99.24,0,0,0,0,0,51,0,0,0
660303,2021,5,26,"2021-05-26","13:41:00",3,"KS",20,0,1,0,0,0,0,38.81,-99.27,38.81,-99.27,0,0,0,0,0,51,0,0,0
660304,2021,5,26,"2021-05-26","13:49:00",3,"KS",20,0,1,0,0,0,0,38.85,-99.3,38.85,-99.3,0,0,0,0,0,51,0,0,0
660305,2021,5,26,"2021-05-26","13:56:00",3,"KS",20,0,1.75,0,0,0,0,38.86,-99.3,38.86,-99.3,0,0,0,0,0,51,0,0,0
660306,2021,5,26,"2021-05-26","14:18:00",3,"VA",51,0,1,0,0,0,0,38.7676,-77.6114,38.7676,-77.6114,0,0,0,0,0,153,0,0,0
660307,2021,5,26,"2021-05-26","14:23:00",3,"KS",20,0,2,0,0,0,0,38.86,-99.15,38.86,-99.15,0,0,0,0,0,51,0,0,0
660308,2021,5,26,"2021-05-26","14:30:00",3,"KS",20,0,1,0,0,0,0,38.71,-99.33,38.71,-99.33,0,0,0,0,0,51,0,0,0
660309,2021,5,26,"2021-05-26","14:30:00",3,"KS",20,0,1.25,0,0,0,0,38.78,-99.32,38.78,-99.32,0,0,0,0,0,51,0,0,0
660310,2021,5,26,"2021-05-26","14:32:00",3,"VA",51,0,1,0,0,0,0,38.7918,-77.4746,38.7918,-77.4746,0,0,0,0,0,153,0,0,0
660311,2021,5,26,"2021-05-26","14:32:00",3,"VA",51,0,1,0,0,0,0,38.7509,-77.4779,38.7509,-77.4779,0,0,0,0,0,683,0,0,0
660312,2021,5,26,"2021-05-26","14:50:00",3,"KS",20,0,1,0,0,0,0,38.84,-99.02,38.84,-99.02,0,0,0,0,0,167,0,0,0
660313,2021,5,26,"2021-05-26","14:51:00",3,"NE",31,0,0.75,0,0,0,0,42.43,-103.79,42.43,-103.79,0,0,0,0,0,165,0,0,0
660314,2021,5,26,"2021-05-26","15:16:00",3,"NE",31,0,1.25,0,0,0,0,42.45,-103.65,42.45,-103.65,0,0,0,0,0,165,0,0,0
660315,2021,5,26,"2021-05-26","15:18:00",3,"PA",42,0,0.75,0,0,0,0,40.4,-75.61,40.4,-75.61,0,0,0,0,0,11,0,0,0
660316,2021,5,26,"2021-05-26","15:20:00",3,"NE",31,0,1.25,0,0,0,0,40.1187,-101.5342,40.1187,-101.5342,0,0,0,0,0,57,0,0,0
660317,2021,5,26,"2021-05-26","15:24:00",3,"KS",20,0,1.25,0,0,0,0,38.84,-98.92,38.84,-98.92,0,0,0,0,0,167,0,0,0
660318,2021,5,26,"2021-05-26","15:31:00",3,"WY",56,0,0.75,0,0,0,0,43.97,-105.28,43.97,-105.28,0,0,0,0,0,5,0,0,0
660319,2021,5,26,"2021-05-26","15:35:00",3,"PA",42,0,0.88,0,0,0,0,40.43,-75.18,40.43,-75.18,0,0,0,0,0,17,0,0,0
660320,2021,5,26,"2021-05-26","15:35:00",3,"KS",20,0,2.5,0,0,0,0,38.89,-98.85,38.89,-98.85,0,0,0,0,0,167,0,0,0
660321,2021,5,26,"2021-05-26","15:39:00",3,"KS",20,0,1.5,0,0,0,0,38.89,-98.85,38.89,-98.85,0,0,0,0,0,167,0,0,0
660322,2021,5,26,"2021-05-26","15:42:00",3,"MD",24,0,1.75,0,0,0,0,39.1864,-76.7936,39.1864,-76.7936,0,0,0,0,0,27,0,0,0
660323,2021,5,26,"2021-05-26","15:43:00",3,"KS",20,0,1,0,0,0,0,38.6,-101.368,38.6,-101.368,0,0,0,0,0,203,0,0,0
660324,2021,5,26,"2021-05-26","15:44:00",3,"KS",20,0,1.25,0,0,0,0,38.5904,-101.369,38.5904,-101.369,0,0,0,0,0,203,0,0,0
660325,2021,5,26,"2021-05-26","15:45:00",3,"KS",20,0,1.75,0,0,0,0,38.89,-98.85,38.89,-98.85,0,0,0,0,0,167,0,0,0
660326,2021,5,26,"2021-05-26","15:48:00",3,"NE",31,0,1,0,0,0,0,42.87,-103.06,42.87,-103.06,0,0,0,0,0,45,0,0,0
660327,2021,5,26,"2021-05-26","16:00:00",3,"NY",36,0,0.75,0,0,0,0,41.93,-74,41.93,-74,0,0,0,0,0,111,0,0,0
660328,2021,5,26,"2021-05-26","16:08:00",3,"NE",31,0,2.5,0,0,0,0,40.2912,-101.3822,40.2912,-101.3822,0,0,0,0,0,57,0,0,0
660329,2021,5,26,"2021-05-26","16:10:00",3,"CO",8,0,1,0,0,0,0,40.61,-103.68,40.61,-103.68,0,0,0,0,0,123,0,0,0
660330,2021,5,26,"2021-05-26","16:16:00",3,"TX",48,0,1.25,0,0,0,0,35.21,-101.63,35.21,-101.63,0,0,0,0,0,375,0,0,0
660331,2021,5,26,"2021-05-26","16:16:00",3,"WY",56,0,1.75,0,0,0,0,44.01,-104.8,44.01,-104.8,0,0,0,0,0,45,0,0,0
660332,2021,5,26,"2021-05-26","16:25:00",3,"NE",31,0,1,0,0,0,0,40.56,-100.62,40.56,-100.62,0,0,0,0,0,63,0,0,0
660333,2021,5,26,"2021-05-26","16:26:00",3,"NE",31,0,1,0,0,0,0,40.65,-100.34,40.65,-100.34,0,0,0,0,0,63,0,0,0
660334,2021,5,26,"2021-05-26","16:27:00",3,"NE",31,0,1,0,0,0,0,40.8368,-99.8639,40.8368,-99.8639,0,0,0,0,0,47,0,0,0
660335,2021,5,26,"2021-05-26","16:31:00",3,"KS",20,0,1,0,0,0,0,39.048,-101.1659,39.048,-101.1659,0,0,0,0,0,109,0,0,0
660336,2021,5,26,"2021-05-26","16:33:00",3,"KS",20,0,1,0,0,0,0,39.0622,-101.2446,39.0622,-101.2446,0,0,0,0,0,109,0,0,0
660337,2021,5,26,"2021-05-26","16:40:00",3,"KS",20,0,1.75,0,0,0,0,39.995,-100.7804,39.995,-100.7804,0,0,0,0,0,153,0,0,0
660338,2021,5,26,"2021-05-26","16:57:00",3,"WY",56,0,1,0,0,0,0,44.12,-104.19,44.12,-104.19,0,0,0,0,0,45,0,0,0
660339,2021,5,26,"2021-05-26","16:58:00",3,"NE",31,0,0.88,0,0,0,0,41.13,-102.99,41.13,-102.99,0,0,0,0,0,33,0,0,0
660340,2021,5,26,"2021-05-26","16:58:00",3,"NE",31,0,2.75,0,0,0,0,40.38,-101.23,40.38,-101.23,0,0,0,0,0,85,0,0,0
660341,2021,5,26,"2021-05-26","16:58:00",3,"NE",31,0,1,0,0,0,0,42.66,-103,42.66,-103,0,0,0,0,0,45,0,0,0
660342,2021,5,26,"2021-05-26","17:00:00",3,"NE",31,0,1.75,0,0,0,0,40.0585,-100.6094,40.0585,-100.6094,0,0,0,0,0,145,0,0,0
660343,2021,5,26,"2021-05-26","17:00:00",3,"KS",20,0,1,0,0,0,0,38.65,-98.03,38.65,-98.03,0,0,0,0,0,53,0,0,0
660344,2021,5,26,"2021-05-26","17:02:00",3,"NE",31,0,1,0,0,0,0,42.43,-103.79,42.43,-103.79,0,0,0,0,0,165,0,0,0
660345,2021,5,26,"2021-05-26","17:05:00",3,"KS",20,0,1,0,0,0,0,38.78,-98.1,38.78,-98.1,0,0,0,0,0,53,0,0,0
660346,2021,5,26,"2021-05-26","17:08:00",3,"KS",20,0,1,0,0,0,0,39.23,-101.0559,39.23,-101.0559,0,0,0,0,0,193,0,0,0
660347,2021,5,26,"2021-05-26","17:12:00",3,"KS",20,0,1.75,0,0,0,0,40,-100.6643,40,-100.6643,0,0,0,0,0,39,0,0,0
660348,2021,5,26,"2021-05-26","17:14:00",3,"TX",48,0,1.5,0,0,0,0,35.32,-101.43,35.34,-101.39,0,0,0,0,0,65,0,0,0
660349,2021,5,26,"2021-05-26","17:15:00",3,"NE",31,0,1,0,0,0,0,41.32,-102.98,41.32,-102.98,0,0,0,0,0,33,0,0,0
660350,2021,5,26,"2021-05-26","17:15:00",3,"NE",31,0,2.75,0,0,0,0,41.32,-102.97,41.32,-102.97,0,0,0,0,0,33,0,0,0
660351,2021,5,26,"2021-05-26","17:15:00",3,"NE",31,0,1,0,0,0,0,41.16,-101.13,41.16,-101.13,0,0,0,0,0,111,0,0,0
660352,2021,5,26,"2021-05-26","17:24:00",3,"KS",20,0,1.5,0,0,0,0,38.59,-98.41,38.59,-98.41,0,0,0,0,0,53,0,0,0
660353,2021,5,26,"2021-05-26","17:26:00",3,"NE",31,0,0.75,0,0,0,0,40.0214,-100.7767,40.0214,-100.7767,0,0,0,0,0,87,0,0,0
660354,2021,5,26,"2021-05-26","17:28:00",3,"NE",31,0,2.14,0,0,0,0,42.32,-103.27,42.32,-103.27,0,0,0,0,0,13,0,0,0
660355,2021,5,26,"2021-05-26","17:28:00",3,"TX",48,0,3,0,0,0,0,36.34,-101.35,36.34,-101.35,0,0,0,0,0,195,0,0,0
660356,2021,5,26,"2021-05-26","17:30:00",3,"NE",31,0,2.5,0,0,0,0,41.32,-102.97,41.32,-102.97,0,0,0,0,0,33,0,0,0
660357,2021,5,26,"2021-05-26","17:30:00",3,"NE",31,0,2.75,0,0,0,0,41.32,-102.97,41.32,-102.97,0,0,0,0,0,33,0,0,0
660358,2021,5,26,"2021-05-26","17:33:00",3,"TX",48,0,2.75,0,0,0,0,36.36,-101.36,36.36,-101.35,0,0,0,0,0,195,0,0,0
660359,2021,5,26,"2021-05-26","17:34:00",3,"PA",42,0,0.88,0,0,0,0,40.0491,-76.5102,40.0491,-76.5102,0,0,0,0,0,71,0,0,0
660360,2021,5,26,"2021-05-26","17:34:00",3,"NE",31,0,0.75,0,0,0,0,40.0193,-100.4822,40.0193,-100.4822,0,0,0,0,0,145,0,0,0
660361,2021,5,26,"2021-05-26","17:40:00",3,"TX",48,0,2,0,0,0,0,35.36,-101.38,35.36,-101.38,0,0,0,0,0,65,0,0,0
660362,2021,5,26,"2021-05-26","17:40:00",3,"NE",31,0,1,0,0,0,0,41.47,-102.85,41.47,-102.85,0,0,0,0,0,123,0,0,0
660363,2021,5,26,"2021-05-26","17:40:00",3,"TX",48,0,0.75,0,0,0,0,34.38,-102.12,34.38,-102.12,0,0,0,0,0,69,0,0,0
660364,2021,5,26,"2021-05-26","17:42:00",3,"OK",40,0,0.88,0,0,0,0,36.62,-100.82,36.62,-100.82,0,0,0,0,0,7,0,0,0
660365,2021,5,26,"2021-05-26","17:43:00",3,"KS",20,0,1,0,0,0,0,38.51,-98.27,38.51,-98.27,0,0,0,0,0,159,0,0,0
660366,2021,5,26,"2021-05-26","17:49:00",3,"TX",48,0,2.5,0,0,0,0,35.31,-101.43,35.35,-101.38,0,0,0,0,0,65,0,0,0
660367,2021,5,26,"2021-05-26","17:54:00",3,"KS",20,0,1.75,0,0,0,0,38.4,-98.2,38.4,-98.2,0,0,0,0,0,159,0,0,0
660368,2021,5,26,"2021-05-26","17:54:00",3,"KS",20,0,1.25,0,0,0,0,38.52,-98.16,38.52,-98.16,0,0,0,0,0,159,0,0,0
660369,2021,5,26,"2021-05-26","17:56:00",3,"KS",20,0,1.75,0,0,0,0,38.51,-98.27,38.51,-98.27,0,0,0,0,0,159,0,0,0
660370,2021,5,26,"2021-05-26","17:57:00",3,"KS",20,0,1.75,0,0,0,0,38.48,-98.2,38.48,-98.2,0,0,0,0,0,159,0,0,0
660371,2021,5,26,"2021-05-26","17:58:00",3,"KS",20,0,1.75,0,0,0,0,39.3553,-100.4387,39.3553,-100.4387,0,0,0,0,0,179,0,0,0
660372,2021,5,26,"2021-05-26","18:00:00",3,"NE",31,0,0.88,0,0,0,0,41.15,-102.64,41.15,-102.64,0,0,0,0,0,33,0,0,0
660373,2021,5,26,"2021-05-26","18:05:00",3,"NE",31,0,1,0,0,0,0,41.15,-102.63,41.15,-102.63,0,0,0,0,0,33,0,0,0
660374,2021,5,26,"2021-05-26","18:05:00",3,"KS",20,0,2,0,0,0,0,38.52,-98.16,38.52,-98.16,0,0,0,0,0,159,0,0,0
660375,2021,5,26,"2021-05-26","18:06:00",3,"KS",20,0,1.5,0,0,0,0,38.52,-98.17,38.52,-98.17,0,0,0,0,0,159,0,0,0
660376,2021,5,26,"2021-05-26","18:07:00",3,"NE",31,0,0.75,0,0,0,0,40.1622,-100.6296,40.1622,-100.6296,0,0,0,0,0,145,0,0,0
660377,2021,5,26,"2021-05-26","18:12:00",3,"KS",20,0,1,0,0,0,0,39.6107,-101.0127,39.6107,-101.0127,0,0,0,0,0,153,0,0,0
660378,2021,5,26,"2021-05-26","18:14:00",3,"OK",40,0,1.25,0,0,0,0,36.66,-100.52,36.66,-100.52,0,0,0,0,0,7,0,0,0
660379,2021,5,26,"2021-05-26","18:15:00",3,"KS",20,0,0.88,0,0,0,0,37.49,-100.55,37.49,-100.55,0,0,0,0,0,69,0,0,0
660380,2021,5,26,"2021-05-26","18:15:00",3,"KS",20,0,1.25,0,0,0,0,38.53,-98.15,38.53,-98.15,0,0,0,0,0,53,0,0,0
660381,2021,5,26,"2021-05-26","18:22:00",3,"KS",20,0,1,0,0,0,0,37.49,-100.49,37.49,-100.49,0,0,0,0,0,69,0,0,0
660382,2021,5,26,"2021-05-26","18:23:00",3,"KS",20,0,2,0,0,0,0,38.52,-98.15,38.52,-98.15,0,0,0,0,0,159,0,0,0
660383,2021,5,26,"2021-05-26","18:25:00",3,"NE",31,0,1,0,0,0,0,42.33,-102.75,42.33,-102.75,0,0,0,0,0,13,0,0,0
660384,2021,5,26,"2021-05-26","18:25:00",3,"KS",20,0,1,0,0,0,0,37.67,-100.23,37.67,-100.23,0,0,0,0,0,69,0,0,0
660385,2021,5,26,"2021-05-26","18:25:00",3,"KS",20,0,1,0,0,0,0,38.52,-98.16,38.52,-98.16,0,0,0,0,0,159,0,0,0
660386,2021,5,26,"2021-05-26","18:26:00",3,"KS",20,0,1.25,0,0,0,0,39.6978,-101.0037,39.6978,-101.0037,0,0,0,0,0,153,0,0,0
660387,2021,5,26,"2021-05-26","18:39:00",3,"KS",20,0,1.5,0,0,0,0,39.572,-100.2202,39.572,-100.2202,0,0,0,0,0,39,0,0,0
660388,2021,5,26,"2021-05-26","18:39:00",3,"TX",48,0,2.5,0,0,0,0,35.42,-101.38,35.42,-101.38,0,0,0,0,0,65,0,0,0
660389,2021,5,26,"2021-05-26","18:41:00",3,"KS",20,0,1,0,0,0,0,39.583,-100.2007,39.583,-100.2007,0,0,0,0,0,39,0,0,0
660390,2021,5,26,"2021-05-26","18:45:00",3,"TX",48,0,0.75,0,0,0,0,36.43,-100.94,36.43,-100.94,0,0,0,0,0,357,0,0,0
660391,2021,5,26,"2021-05-26","18:52:00",3,"KS",20,0,1.75,0,0,0,0,39.7896,-100.7752,39.7896,-100.7752,0,0,0,0,0,153,0,0,0
660392,2021,5,26,"2021-05-26","18:55:00",3,"KS",20,0,1.75,0,0,0,0,39.8298,-100.7989,39.8298,-100.7989,0,0,0,0,0,153,0,0,0
660393,2021,5,26,"2021-05-26","18:57:00",3,"KS",20,0,2.25,0,0,0,0,39.8282,-100.7701,39.8282,-100.7701,0,0,0,0,0,153,0,0,0
660394,2021,5,26,"2021-05-26","18:57:00",3,"KS",20,0,2,0,0,0,0,39.8133,-100.8294,39.8133,-100.8294,0,0,0,0,0,153,0,0,0
660395,2021,5,26,"2021-05-26","18:58:00",3,"KS",20,0,1.75,0,0,0,0,39.8277,-100.8322,39.8277,-100.8322,0,0,0,0,0,153,0,0,0
660396,2021,5,26,"2021-05-26","19:00:00",3,"NE",31,0,1,0,0,0,0,40.84,-101.73,40.84,-101.73,0,0,0,0,0,135,0,0,0
660397,2021,5,26,"2021-05-26","19:04:00",3,"NE",31,0,1,0,0,0,0,42.52,-101.98,42.52,-101.98,0,0,0,0,0,31,0,0,0
660398,2021,5,26,"2021-05-26","19:05:00",3,"NE",31,0,1,0,0,0,0,40.38,-101.09,40.38,-101.09,0,0,0,0,0,85,0,0,0
660399,2021,5,26,"2021-05-26","19:05:00",3,"KS",20,0,1.75,0,0,0,0,39.8418,-100.7237,39.8418,-100.7237,0,0,0,0,0,39,0,0,0
660400,2021,5,26,"2021-05-26","19:06:00",3,"KS",20,0,1.5,0,0,0,0,39.8315,-100.777,39.8315,-100.777,0,0,0,0,0,153,0,0,0
660401,2021,5,26,"2021-05-26","19:11:00",3,"TX",48,0,1,0,0,0,0,35.46,-101.12,35.55,-101.17,0,0,0,0,0,65,0,0,0
660402,2021,5,26,"2021-05-26","19:12:00",3,"KS",20,0,1,0,0,0,0,39.9036,-100.6824,39.9036,-100.6824,0,0,0,0,0,39,0,0,0
660403,2021,5,26,"2021-05-26","19:15:00",3,"NE",31,0,1,0,0,0,0,40.84,-101.73,40.84,-101.73,0,0,0,0,0,135,0,0,0
660404,2021,5,26,"2021-05-26","19:17:00",3,"NE",31,0,2.75,0,0,0,0,40.3024,-101.0287,40.3024,-101.0287,0,0,0,0,0,87,0,0,0
660405,2021,5,26,"2021-05-26","19:18:00",3,"NE",31,0,1,0,0,0,0,40.4,-101.08,40.4,-101.08,0,0,0,0,0,85,0,0,0
660406,2021,5,26,"2021-05-26","19:20:00",3,"TX",48,0,2.5,0,0,0,0,36.43,-100.8,36.39,-100.67,0,0,0,0,0,357,0,0,0
660407,2021,5,26,"2021-05-26","19:21:00",3,"KS",20,0,1.75,0,0,0,0,39.7412,-99.9566,39.7412,-99.9566,0,0,0,0,0,137,0,0,0
660408,2021,5,26,"2021-05-26","19:22:00",3,"NE",31,0,1,0,0,0,0,40.2801,-101.0167,40.2801,-101.0167,0,0,0,0,0,87,0,0,0
660409,2021,5,26,"2021-05-26","19:25:00",3,"KS",20,0,0.88,0,0,0,0,39.6541,-100.1087,39.6541,-100.1087,0,0,0,0,0,137,0,0,0
660410,2021,5,26,"2021-05-26","19:30:00",3,"KS",20,0,1.5,0,0,0,0,39.8276,-99.9614,39.8276,-99.9614,0,0,0,0,0,137,0,0,0
660411,2021,5,26,"2021-05-26","19:31:00",3,"NE",31,0,1,0,0,0,0,40.85,-101.73,40.85,-101.73,0,0,0,0,0,135,0,0,0
660412,2021,5,26,"2021-05-26","19:32:00",3,"KS",20,0,1.5,0,0,0,0,39.8294,-99.9391,39.8294,-99.9391,0,0,0,0,0,137,0,0,0
660413,2021,5,26,"2021-05-26","19:36:00",3,"KS",20,0,1.75,0,0,0,0,39.84,-99.89,39.84,-99.89,0,0,0,0,0,137,0,0,0
660414,2021,5,26,"2021-05-26","19:40:00",3,"TX",48,0,1.75,0,0,0,0,34.324,-102.0869,34.324,-102.0869,0,0,0,0,0,189,0,0,0
660415,2021,5,26,"2021-05-26","19:43:00",3,"KS",20,0,1.75,0,0,0,0,38.37,-97.66,38.37,-97.66,0,0,0,0,0,113,0,0,0
660416,2021,5,26,"2021-05-26","19:47:00",3,"TX",48,0,1,0,0,0,0,35.57,-100.97,35.57,-100.97,0,0,0,0,0,179,0,0,0
660417,2021,5,26,"2021-05-26","19:47:00",3,"KS",20,0,1.75,0,0,0,0,38.38,-97.66,38.38,-97.66,0,0,0,0,0,113,0,0,0
660418,2021,5,26,"2021-05-26","19:50:00",3,"KS",20,0,2.75,0,0,0,0,38.37,-97.67,38.37,-97.67,0,0,0,0,0,113,0,0,0
660419,2021,5,26,"2021-05-26","20:00:00",3,"NE",31,0,0.75,0,0,0,0,40.21,-100.65,40.21,-100.65,0,0,0,0,0,145,0,0,0
660420,2021,5,26,"2021-05-26","20:07:00",3,"KS",20,0,1,0,0,0,0,38.23,-97.77,38.23,-97.77,0,0,0,0,0,113,0,0,0
660421,2021,5,26,"2021-05-26","20:20:00",3,"KS",20,0,1.25,0,0,0,0,38.37,-97.6,38.37,-97.6,0,0,0,0,0,113,0,0,0
660422,2021,5,26,"2021-05-26","20:38:00",3,"KS",20,0,1,0,0,0,0,39.3644,-99.8458,39.3644,-99.8458,0,0,0,0,0,65,0,0,0
660423,2021,5,26,"2021-05-26","20:56:00",3,"KS",20,0,1,0,0,0,0,39.36,-99.69,39.36,-99.69,0,0,0,0,0,65,0,0,0
660424,2021,5,26,"2021-05-26","21:15:00",3,"KS",20,0,1.75,0,0,0,0,39.32,-99.58,39.32,-99.58,0,0,0,0,0,163,0,0,0
660425,2021,5,26,"2021-05-26","21:24:00",3,"KS",20,0,1,0,0,0,0,39.4,-99.45,39.4,-99.45,0,0,0,0,0,163,0,0,0
660426,2021,5,26,"2021-05-26","21:46:00",3,"KS",20,0,1.5,0,0,0,0,39.41,-99.28,39.41,-99.28,0,0,0,0,0,163,0,0,0
660427,2021,5,26,"2021-05-26","23:14:00",3,"KS",20,0,1,0,0,0,0,39.53,-98.23,39.53,-98.23,0,0,0,0,0,123,0,0,0
660428,2021,5,27,"2021-05-27","01:22:00",3,"KS",20,0,1,0,0,0,0,39.52,-97.13,39.52,-97.13,0,0,0,0,0,27,0,0,0
660429,2021,5,27,"2021-05-27","12:17:00",3,"MO",29,0,0.75,0,0,0,0,37.33,-92.8,37.33,-92.8,0,0,0,0,0,225,0,0,0
660430,2021,5,27,"2021-05-27","13:36:00",3,"OK",40,0,1.75,0,0,0,0,35.88,-97.42,35.88,-97.42,0,0,0,0,0,83,0,0,0
660431,2021,5,27,"2021-05-27","13:54:00",3,"IL",17,0,1,0,0,0,0,38.33,-90.15,38.33,-90.15,0,0,0,0,0,133,0,0,0
660432,2021,5,27,"2021-05-27","14:03:00",3,"OK",40,0,1,0,0,0,0,35.9,-97.07,35.9,-97.07,0,0,0,0,0,81,0,0,0
660433,2021,5,27,"2021-05-27","14:07:00",3,"OK",40,0,0.88,0,0,0,0,36.6,-95.98,36.6,-95.98,0,0,0,0,0,147,0,0,0
660434,2021,5,27,"2021-05-27","14:18:00",3,"OK",40,0,1.75,0,0,0,0,36.31,-98.25,36.31,-98.25,0,0,0,0,0,93,0,0,0
660435,2021,5,27,"2021-05-27","15:30:00",3,"TX",48,0,1,0,0,0,0,31.8905,-102.292,31.8905,-102.292,0,0,0,0,0,135,0,0,0
660436,2021,5,27,"2021-05-27","15:31:00",3,"TX",48,0,2.5,0,0,0,0,31.8355,-102.37,31.8355,-102.37,0,0,0,0,0,135,0,0,0
660437,2021,5,27,"2021-05-27","15:35:00",3,"TX",48,0,1.25,0,0,0,0,31.8901,-102.2921,31.8901,-102.2921,0,0,0,0,0,135,0,0,0
660438,2021,5,27,"2021-05-27","15:42:00",3,"OK",40,0,1,0,0,0,0,35.66,-97.19,35.66,-97.19,0,0,0,0,0,109,0,0,0
660439,2021,5,27,"2021-05-27","15:43:00",3,"AR",5,0,0.75,0,0,0,0,36.13,-94.17,36.13,-94.17,0,0,0,0,0,143,0,0,0
660440,2021,5,27,"2021-05-27","15:45:00",3,"AR",5,0,1.75,0,0,50000,0,36.1744,-94.1482,36.1744,-94.1482,0,0,0,0,0,7,0,0,0
660441,2021,5,27,"2021-05-27","15:45:00",3,"AR",5,0,1.25,0,0,25000,0,36.1737,-94.1402,36.1737,-94.1402,0,0,0,0,0,7,0,0,0
660442,2021,5,27,"2021-05-27","15:45:00",3,"TX",48,0,2,0,0,0,0,31.8348,-102.3515,31.8348,-102.3515,0,0,0,0,0,135,0,0,0
660443,2021,5,27,"2021-05-27","15:52:00",3,"MO",29,0,0.88,0,0,0,0,39.27,-94.43,39.27,-94.43,0,0,0,0,0,47,0,0,0
660444,2021,5,27,"2021-05-27","16:01:00",3,"OK",40,0,1,0,0,0,0,35.76,-97.06,35.76,-97.06,0,0,0,0,0,81,0,0,0
660445,2021,5,27,"2021-05-27","16:04:00",3,"MO",29,0,1.5,0,0,0,0,39.31,-94.4,39.31,-94.4,0,0,0,0,0,47,0,0,0
660446,2021,5,27,"2021-05-27","16:10:00",3,"TX",48,0,0.88,0,0,0,0,32.0409,-102.1283,32.0409,-102.1283,0,0,0,0,0,329,0,0,0
660447,2021,5,27,"2021-05-27","16:16:00",3,"TX",48,0,1,0,0,0,0,31.9969,-102.1547,31.9969,-102.1547,0,0,0,0,0,329,0,0,0
660448,2021,5,27,"2021-05-27","16:30:00",3,"TX",48,0,1.5,0,0,0,0,32.0544,-102.0193,32.0544,-102.0193,0,0,0,0,0,329,0,0,0
660449,2021,5,27,"2021-05-27","16:37:00",3,"KS",20,0,1.75,0,0,0,0,39.12,-94.93,39.12,-94.93,0,0,0,0,0,103,0,0,0
660450,2021,5,27,"2021-05-27","16:37:00",3,"KS",20,0,1.75,0,0,0,0,39.13,-94.94,39.13,-94.94,0,0,0,0,0,103,0,0,0
660451,2021,5,27,"2021-05-27","16:40:00",3,"OK",40,0,2.75,0,0,30000,0,35.6013,-96.57,35.6013,-96.57,0,0,0,0,0,107,0,0,0
660452,2021,5,27,"2021-05-27","16:50:00",3,"KS",20,0,1,0,0,0,0,39.14,-94.84,39.14,-94.84,0,0,0,0,0,209,0,0,0
660453,2021,5,27,"2021-05-27","16:50:00",3,"TX",48,0,1.75,0,0,0,0,30.5537,-102.5592,30.5537,-102.5592,0,0,0,0,0,371,0,0,0
660454,2021,5,27,"2021-05-27","16:52:00",3,"KS",20,0,1,0,0,0,0,39.17,-94.91,39.17,-94.91,0,0,0,0,0,103,0,0,0
660455,2021,5,27,"2021-05-27","16:52:00",3,"KS",20,0,1.5,0,0,0,0,39.14,-94.81,39.14,-94.81,0,0,0,0,0,209,0,0,0
660456,2021,5,27,"2021-05-27","16:56:00",3,"KS",20,0,1,0,0,0,0,39.13,-94.83,39.13,-94.83,0,0,0,0,0,209,0,0,0
660457,2021,5,27,"2021-05-27","17:11:00",3,"AR",5,0,0.75,0,0,0,0,36.4838,-94.2221,36.4838,-94.2221,0,0,0,0,0,7,0,0,0
660458,2021,5,27,"2021-05-27","17:18:00",3,"MO",29,0,0.88,0,0,0,0,39.19,-94.71,39.19,-94.71,0,0,0,0,0,165,0,0,0
660459,2021,5,27,"2021-05-27","17:46:00",3,"OK",40,0,0.75,0,0,0,0,35.5634,-95.95,35.5634,-95.95,0,0,0,0,0,111,0,0,0
660460,2021,5,27,"2021-05-27","17:55:00",3,"OK",40,0,1,0,0,0,0,35.397,-96.1875,35.397,-96.1875,0,0,0,0,0,107,0,0,0
660461,2021,5,27,"2021-05-27","18:01:00",3,"TX",48,0,1.5,0,0,0,0,34.4047,-100.8899,34.3812,-100.8899,0,0,0,0,0,191,0,0,0
660462,2021,5,27,"2021-05-27","18:11:00",3,"OK",40,0,0.75,0,0,0,0,35.4592,-95.9418,35.4592,-95.9418,0,0,0,0,0,111,0,0,0
660463,2021,5,27,"2021-05-27","18:30:00",3,"TX",48,0,2,0,0,0,0,31.84,-100.99,31.84,-100.99,0,0,0,0,0,431,0,0,0
660464,2021,5,27,"2021-05-27","18:30:00",3,"TX",48,0,2,0,0,0,0,30.15,-102.4,30.15,-102.4,0,0,0,0,0,443,0,0,0
660465,2021,5,27,"2021-05-27","18:32:00",3,"OK",40,0,1.75,0,0,25000,0,35.2595,-95.5549,35.2595,-95.5549,0,0,0,0,0,91,0,0,0
660466,2021,5,27,"2021-05-27","18:49:00",3,"OK",40,0,0.75,0,0,0,0,35.2492,-95.5099,35.2492,-95.5099,0,0,0,0,0,121,0,0,0
660467,2021,5,27,"2021-05-27","18:52:00",3,"TX",48,0,0.88,0,0,0,0,34.1068,-100.3,34.1068,-100.3,0,0,0,0,0,101,0,0,0
660468,2021,5,27,"2021-05-27","19:13:00",3,"TX",48,0,1.5,0,0,0,0,34.3,-99.74,34.3,-99.74,0,0,0,0,0,197,0,0,0
660469,2021,5,27,"2021-05-27","19:15:00",3,"TX",48,0,2.5,0,0,0,0,34.3,-99.74,34.3,-99.74,0,0,0,0,0,197,0,0,0
660470,2021,5,27,"2021-05-27","19:20:00",3,"TX",48,0,1.5,0,0,0,0,31.88,-101.08,31.88,-101.08,0,0,0,0,0,431,0,0,0
660471,2021,5,27,"2021-05-27","19:20:00",3,"TX",48,0,1,0,0,0,0,31.84,-100.99,31.84,-100.99,0,0,0,0,0,431,0,0,0
660472,2021,5,27,"2021-05-27","19:28:00",3,"TX",48,0,1,0,0,0,0,34.27,-99.68,34.27,-99.68,0,0,0,0,0,197,0,0,0
660473,2021,5,27,"2021-05-27","19:30:00",3,"TX",48,0,1,0,0,0,0,31.84,-100.99,31.84,-100.99,0,0,0,0,0,431,0,0,0
660474,2021,5,27,"2021-05-27","20:02:00",3,"TX",48,0,1.25,0,0,0,0,34.21,-99.38,34.21,-99.38,0,0,0,0,0,487,0,0,0
660475,2021,5,27,"2021-05-27","20:03:00",3,"OK",40,0,1,0,0,0,0,34.6913,-94.8848,34.6913,-94.8848,0,0,0,0,0,79,0,0,0
660476,2021,5,27,"2021-05-27","21:13:00",3,"TX",48,0,1.25,0,0,0,0,34.08,-98.62,34.08,-98.62,0,0,0,0,0,485,0,0,0
660477,2021,5,27,"2021-05-27","21:19:00",3,"TX",48,0,1,0,0,0,0,34.08,-98.56,34.08,-98.56,0,0,0,0,0,485,0,0,0
660478,2021,5,27,"2021-05-27","21:36:00",3,"TX",48,0,1.5,0,0,0,0,33.96,-98.52,33.96,-98.52,0,0,0,0,0,485,0,0,0
660479,2021,5,28,"2021-05-28","03:54:00",3,"TX",48,0,1.25,0,0,0,0,34.63,-102.73,34.63,-102.73,0,0,0,0,0,369,0,0,0
660480,2021,5,28,"2021-05-28","04:08:00",3,"NM",35,0,1.75,0,0,0,0,34.78,-103.61,34.78,-103.61,0,0,0,0,0,37,0,0,0
660481,2021,5,28,"2021-05-28","06:27:00",3,"TX",48,0,1,0,0,0,0,34.2609,-100.9305,34.2609,-100.9305,0,0,0,0,0,345,0,0,0
660482,2021,5,28,"2021-05-28","09:56:00",3,"TX",48,0,1.75,0,0,0,0,33.8766,-101.2179,33.8766,-101.2179,0,0,0,0,0,153,0,0,0
660483,2021,5,28,"2021-05-28","11:45:00",3,"TX",48,0,1,0,0,0,0,33.68,-101.98,33.68,-101.9278,0,0,0,0,0,303,0,0,0
660484,2021,5,28,"2021-05-28","12:10:00",3,"TX",48,0,1.25,0,0,0,0,33.68,-101.38,33.68,-101.38,0,0,0,0,0,107,0,0,0
660485,2021,5,28,"2021-05-28","12:15:00",3,"TX",48,0,1.25,0,0,0,0,31.58,-98.35,31.58,-98.35,0,0,0,0,0,193,0,0,0
660486,2021,5,28,"2021-05-28","12:37:00",3,"TX",48,0,0.88,0,0,0,0,31.64,-98.27,31.64,-98.27,0,0,0,0,0,193,0,0,0
660487,2021,5,28,"2021-05-28","12:54:00",3,"TX",48,0,0.88,0,0,0,0,33.67,-101.25,33.67,-101.25,0,0,0,0,0,107,0,0,0
660488,2021,5,28,"2021-05-28","13:30:00",3,"TX",48,0,1,0,0,0,0,31.45,-97.9,31.45,-97.9,0,0,0,0,0,99,0,0,0
660489,2021,5,28,"2021-05-28","13:36:00",3,"NM",35,0,1,0,0,0,0,35.43,-105.55,35.43,-105.55,0,0,0,0,0,47,0,0,0
660490,2021,5,28,"2021-05-28","14:40:00",3,"NM",35,0,1.5,0,0,5000,0,36.74,-103.99,36.74,-103.99,0,0,0,0,0,59,0,0,0
660491,2021,5,28,"2021-05-28","15:20:00",3,"NM",35,0,0.88,0,0,0,0,34.25,-105.49,34.25,-105.49,0,0,0,0,0,27,0,0,0
660492,2021,5,28,"2021-05-28","15:38:00",3,"NM",35,0,1,0,0,0,0,34.99,-105.27,34.99,-105.27,0,0,0,0,0,19,0,0,0
660493,2021,5,28,"2021-05-28","15:46:00",3,"TX",48,0,1,0,0,0,0,30.3608,-103.6666,30.3608,-103.6666,0,0,0,0,0,43,0,0,0
660494,2021,5,28,"2021-05-28","15:50:00",3,"NM",35,0,1,0,0,0,0,34.62,-105.47,34.62,-105.47,0,0,0,0,0,57,0,0,0
660495,2021,5,28,"2021-05-28","16:05:00",3,"MT",30,0,0.88,0,0,0,0,45.95,-108.16,45.95,-108.16,0,0,0,0,0,111,0,0,0
660496,2021,5,28,"2021-05-28","16:05:00",3,"TX",48,0,1.75,0,0,0,0,30.86,-98.5,30.86,-98.5,0,0,0,0,0,299,0,0,0
660497,2021,5,28,"2021-05-28","16:06:00",3,"NM",35,0,1,0,0,0,0,35.12,-103.96,35.12,-103.96,0,0,0,0,0,37,0,0,0
660498,2021,5,28,"2021-05-28","16:08:00",3,"MT",30,0,1.25,0,0,0,0,45.47,-108.85,45.47,-108.85,0,0,0,0,0,9,0,0,0
660499,2021,5,28,"2021-05-28","16:10:00",3,"MT",30,0,1.5,0,0,0,0,45.46,-108.85,45.46,-108.85,0,0,0,0,0,9,0,0,0
660500,2021,5,28,"2021-05-28","16:12:00",3,"NM",35,0,1.5,0,0,0,0,34.08,-105.33,34.08,-105.33,0,0,0,0,0,27,0,0,0
660501,2021,5,28,"2021-05-28","16:23:00",3,"TX",48,0,2.5,0,0,0,0,31.0918,-103.0667,31.0918,-103.0667,0,0,0,0,0,371,0,0,0
660502,2021,5,28,"2021-05-28","16:45:00",3,"NM",35,0,0.75,0,0,0,0,34.6,-105.21,34.6,-105.21,0,0,0,0,0,19,0,0,0
660503,2021,5,28,"2021-05-28","16:48:00",3,"TX",48,0,1.25,0,0,0,0,31.32,-100.78,31.32,-100.78,0,0,0,0,0,235,0,0,0
660504,2021,5,28,"2021-05-28","16:50:00",3,"TX",48,0,1,0,0,0,0,31.28,-100.8,31.28,-100.8,0,0,0,0,0,235,0,0,0
660505,2021,5,28,"2021-05-28","16:52:00",3,"TX",48,0,1.75,0,0,0,0,31.31,-100.8,31.31,-100.8,0,0,0,0,0,235,0,0,0
660506,2021,5,28,"2021-05-28","16:52:00",3,"TX",48,0,1,0,0,0,0,31.29,-100.8,31.29,-100.8,0,0,0,0,0,235,0,0,0
660507,2021,5,28,"2021-05-28","16:55:00",3,"NM",35,0,1,0,0,0,0,34.95,-103.76,34.95,-103.76,0,0,0,0,0,37,0,0,0
660508,2021,5,28,"2021-05-28","17:09:00",3,"TX",48,0,2,0,0,0,0,31.3731,-102.7143,31.3731,-102.7143,0,0,0,0,0,103,0,0,0
660509,2021,5,28,"2021-05-28","17:10:00",3,"TX",48,0,1,0,0,0,0,31.2942,-102.8369,31.2942,-102.8369,0,0,0,0,0,475,0,0,0
660510,2021,5,28,"2021-05-28","17:20:00",3,"TX",48,0,2,0,0,0,0,31.9731,-103.7429,31.9731,-103.7429,0,0,0,0,0,301,0,0,0
660511,2021,5,28,"2021-05-28","17:23:00",3,"MT",30,0,1,0,0,0,0,45.31,-107.92,45.31,-107.92,0,0,0,0,0,3,0,0,0
660512,2021,5,28,"2021-05-28","17:25:00",3,"MT",30,0,1.25,0,0,0,0,45.31,-107.93,45.31,-107.93,0,0,0,0,0,3,0,0,0
660513,2021,5,28,"2021-05-28","17:35:00",3,"TX",48,0,1,0,0,0,0,30.52,-99.86,30.52,-99.86,0,0,0,0,0,267,0,0,0
660514,2021,5,28,"2021-05-28","17:40:00",3,"TX",48,0,0.75,0,0,0,0,30.38,-98.01,30.38,-98.01,0,0,0,0,0,453,0,0,0
660515,2021,5,28,"2021-05-28","17:42:00",3,"TX",48,0,2,0,0,0,0,31.4,-102.4348,31.4,-102.4348,0,0,0,0,0,103,0,0,0
660516,2021,5,28,"2021-05-28","17:42:00",3,"TX",48,0,3,0,0,0,0,31.5945,-102.5781,31.5945,-102.5781,0,0,0,0,0,103,0,0,0
660517,2021,5,28,"2021-05-28","17:59:00",3,"TX",48,0,1,0,0,0,0,31.0227,-103.6548,31.0227,-103.6548,0,0,0,0,0,389,0,0,0
660518,2021,5,28,"2021-05-28","17:59:00",3,"NM",35,0,2,0,0,0,0,33.67,-105.17,33.67,-105.17,0,0,0,0,0,27,0,0,0
660519,2021,5,28,"2021-05-28","18:08:00",3,"TX",48,0,1.75,0,0,0,0,31.8882,-103.6,31.8882,-103.6,0,0,0,0,0,301,0,0,0
660520,2021,5,28,"2021-05-28","18:15:00",3,"MT",30,0,0.88,0,0,0,0,45.62,-106.67,45.62,-106.67,0,0,0,0,0,87,0,0,0
660521,2021,5,28,"2021-05-28","18:15:00",3,"TX",48,0,1,0,0,0,0,30.32,-98.53,30.32,-98.53,0,0,0,0,0,31,0,0,0
660522,2021,5,28,"2021-05-28","18:20:00",3,"TX",48,0,2,0,0,0,0,31.6719,-102.3834,31.6719,-102.3834,0,0,0,0,0,135,0,0,0
660523,2021,5,28,"2021-05-28","18:21:00",3,"TX",48,0,2,0,0,0,0,31.6139,-102.4539,31.6139,-102.4539,0,0,0,0,0,103,0,0,0
660524,2021,5,28,"2021-05-28","18:25:00",3,"NM",35,0,1,0,0,0,0,33.37,-104.65,33.37,-104.65,0,0,0,0,0,5,0,0,0
660525,2021,5,28,"2021-05-28","18:38:00",3,"NM",35,0,3,0,0,1e+05,0,33.23,-104.4,33.23,-104.4,0,0,0,0,0,5,0,0,0
660526,2021,5,28,"2021-05-28","18:40:00",3,"NM",35,0,1,0,0,0,0,33.27,-104.43,33.27,-104.43,0,0,0,0,0,5,0,0,0
660527,2021,5,28,"2021-05-28","18:41:00",3,"NM",35,0,1.75,0,0,0,0,34.18,-103.34,34.18,-103.34,0,0,0,0,0,41,0,0,0
660528,2021,5,28,"2021-05-28","18:47:00",3,"NM",35,0,3,0,0,1e+05,0,33.24,-104.46,33.24,-104.46,0,0,0,0,0,5,0,0,0
660529,2021,5,28,"2021-05-28","18:51:00",3,"TX",48,0,1,0,0,0,0,30.05,-99.14,30.05,-99.14,0,0,0,0,0,265,0,0,0
660530,2021,5,28,"2021-05-28","18:52:00",3,"NM",35,0,1,0,0,0,0,34.39,-103.23,34.39,-103.23,0,0,0,0,0,9,0,0,0
660531,2021,5,28,"2021-05-28","18:56:00",3,"TX",48,0,2.5,0,0,0,0,31.5436,-103.3545,31.5436,-103.3545,0,0,0,0,0,475,0,0,0
660532,2021,5,28,"2021-05-28","19:00:00",3,"TX",48,0,1,0,0,0,0,31.7045,-103.5987,31.7045,-103.5987,0,0,0,0,0,301,0,0,0
660533,2021,5,28,"2021-05-28","19:20:00",3,"TX",48,0,2,0,0,0,0,31.4894,-103.2763,31.4894,-103.2763,0,0,0,0,0,475,0,0,0
660534,2021,5,28,"2021-05-28","19:30:00",3,"NM",35,0,2,0,0,0,0,32.5,-104.323,32.5,-104.323,0,0,0,0,0,15,0,0,0
660535,2021,5,28,"2021-05-28","19:34:00",3,"MT",30,0,0.75,0,0,0,0,45.44,-105.63,45.44,-105.63,0,0,0,0,0,75,0,0,0
660536,2021,5,28,"2021-05-28","19:48:00",3,"MT",30,0,1.75,0,0,0,0,45.46,-105.45,45.46,-105.45,0,0,0,0,0,75,0,0,0
660537,2021,5,28,"2021-05-28","19:50:00",3,"MT",30,0,1,0,0,0,0,45.44,-105.41,45.44,-105.41,0,0,0,0,0,75,0,0,0
660538,2021,5,28,"2021-05-28","20:18:00",3,"CO",8,0,1,0,0,0,0,38.69,-104.69,38.69,-104.69,0,0,0,0,0,41,0,0,0
660539,2021,5,28,"2021-05-28","20:19:00",3,"NM",35,0,1.5,0,0,0,0,32.83,-104.3311,32.83,-104.3311,0,0,0,0,0,15,0,0,0
660540,2021,5,28,"2021-05-28","20:45:00",3,"NM",35,0,1,0,0,0,0,32.63,-104.37,32.63,-104.37,0,0,0,0,0,15,0,0,0
660541,2021,5,28,"2021-05-28","21:01:00",3,"NM",35,0,1.75,0,0,0,0,32.5951,-104.4217,32.5951,-104.4217,0,0,0,0,0,15,0,0,0
660542,2021,5,28,"2021-05-28","21:13:00",3,"NM",35,0,1,0,0,0,0,32.42,-104.23,32.42,-104.23,0,0,0,0,0,15,0,0,0
660543,2021,5,28,"2021-05-28","21:14:00",3,"NM",35,0,2,0,0,0,0,32.5,-104.3401,32.5,-104.3401,0,0,0,0,0,15,0,0,0
660544,2021,5,28,"2021-05-28","21:15:00",3,"WY",56,0,1.5,0,0,0,0,42.6902,-104.1989,42.6902,-104.1989,0,0,0,0,0,27,0,0,0
660545,2021,5,28,"2021-05-28","21:55:00",3,"TX",48,0,1,0,0,0,0,32.32,-102.55,32.32,-102.55,0,0,0,0,0,3,0,0,0
660546,2021,5,29,"2021-05-29","02:30:00",3,"TX",48,0,1,0,0,0,0,29.64,-101.14,29.64,-101.14,0,0,0,0,0,465,0,0,0
660547,2021,5,29,"2021-05-29","13:31:00",3,"NC",37,0,1,0,0,0,0,35.9679,-79.7008,35.9679,-79.7008,0,0,0,0,0,81,0,0,0
660548,2021,5,29,"2021-05-29","13:50:00",3,"NC",37,0,0.75,0,0,0,0,35.67,-80.5,35.67,-80.5,0,0,0,0,0,159,0,0,0
660549,2021,5,29,"2021-05-29","13:55:00",3,"NC",37,0,1.5,0,0,0,0,35.66,-80.44,35.66,-80.44,0,0,0,0,0,159,0,0,0
660550,2021,5,29,"2021-05-29","13:58:00",3,"NC",37,0,0.75,0,0,0,0,35.61,-80.45,35.61,-80.45,0,0,0,0,0,159,0,0,0
660551,2021,5,29,"2021-05-29","14:10:00",3,"NC",37,0,1,0,0,0,0,35.64,-80.345,35.64,-80.345,0,0,0,0,0,159,0,0,0
660552,2021,5,29,"2021-05-29","14:11:00",3,"CO",8,0,0.75,0,0,0,0,39.25,-104.68,39.25,-104.68,0,0,0,0,0,35,0,0,0
660553,2021,5,29,"2021-05-29","14:20:00",3,"NC",37,0,1,0,0,0,0,35.665,-80.267,35.665,-80.267,0,0,0,0,0,57,0,0,0
660554,2021,5,29,"2021-05-29","14:33:00",3,"WY",56,0,1,0,0,0,0,41.06,-104.9,41.06,-104.9,0,0,0,0,0,21,0,0,0
660555,2021,5,29,"2021-05-29","14:36:00",3,"WY",56,0,1,0,0,0,0,41.04,-104.85,41.04,-104.85,0,0,0,0,0,21,0,0,0
660556,2021,5,29,"2021-05-29","14:48:00",3,"NC",37,0,1,0,0,0,0,35.6215,-80.0804,35.6215,-80.0804,0,0,0,0,0,57,0,0,0
660557,2021,5,29,"2021-05-29","15:10:00",3,"TX",48,0,1,0,0,0,0,30.5878,-103.9159,30.5878,-103.9159,0,0,0,0,0,243,0,0,0
660558,2021,5,29,"2021-05-29","15:25:00",3,"CO",8,0,1,0,0,0,0,38.95,-104.7,38.95,-104.7,0,0,0,0,0,41,0,0,0
660559,2021,5,29,"2021-05-29","15:28:00",3,"CO",8,0,1,0,0,0,0,38.96,-104.6,38.96,-104.6,0,0,0,0,0,41,0,0,0
660560,2021,5,29,"2021-05-29","15:40:00",3,"CO",8,0,2,0,0,0,0,38.91,-104.56,38.91,-104.56,0,0,0,0,0,41,0,0,0
660561,2021,5,29,"2021-05-29","15:42:00",3,"CO",8,0,1.5,0,0,0,0,38.97,-104.56,38.97,-104.56,0,0,0,0,0,41,0,0,0
660562,2021,5,29,"2021-05-29","15:45:00",3,"CO",8,0,1.5,0,0,0,0,38.81,-104.77,38.81,-104.77,0,0,0,0,0,41,0,0,0
660563,2021,5,29,"2021-05-29","15:52:00",3,"NC",37,0,1,0,0,0,0,35.4127,-79.0891,35.4127,-79.0891,0,0,0,0,0,105,0,0,0
660564,2021,5,29,"2021-05-29","16:00:00",3,"CO",8,0,1.5,0,0,0,0,38.93,-104.62,38.93,-104.62,0,0,0,0,0,41,0,0,0
660565,2021,5,29,"2021-05-29","16:03:00",3,"CO",8,0,1.25,0,0,0,0,38.83,-104.7,38.83,-104.7,0,0,0,0,0,41,0,0,0
660566,2021,5,29,"2021-05-29","16:05:00",3,"CO",8,0,1.5,0,0,0,0,38.93,-104.55,38.93,-104.55,0,0,0,0,0,41,0,0,0
660567,2021,5,29,"2021-05-29","16:28:00",3,"NC",37,0,1,0,0,0,0,35.4343,-78.8292,35.4343,-78.8292,0,0,0,0,0,85,0,0,0
660568,2021,5,29,"2021-05-29","16:29:00",3,"CO",8,0,1,0,0,0,0,38.77,-104.83,38.77,-104.83,0,0,0,0,0,41,0,0,0
660569,2021,5,29,"2021-05-29","16:36:00",3,"NC",37,0,1,0,0,0,0,35.4506,-78.729,35.4506,-78.729,0,0,0,0,0,85,0,0,0
660570,2021,5,29,"2021-05-29","16:50:00",3,"CO",8,0,1,0,0,0,0,38.8,-104.7,38.8,-104.7,0,0,0,0,0,41,0,0,0
660571,2021,5,29,"2021-05-29","17:27:00",3,"CO",8,0,1,0,0,0,0,38.85,-103.48,38.85,-103.48,0,0,0,0,0,73,0,0,0
660572,2021,5,29,"2021-05-29","18:17:00",3,"KS",20,0,0.75,0,0,0,0,39.46,-101.7074,39.46,-101.7074,0,0,0,0,0,181,0,0,0
660573,2021,5,29,"2021-05-29","18:22:00",3,"CO",8,0,1.75,0,0,0,0,39.3,-102.87,39.3,-102.87,0,0,0,0,0,63,0,0,0
660574,2021,5,29,"2021-05-29","18:26:00",3,"CO",8,0,1,0,0,0,0,39.2972,-102.8685,39.2972,-102.8685,0,0,0,0,0,63,0,0,0
660575,2021,5,29,"2021-05-29","18:40:00",3,"CO",8,0,0.75,0,0,0,0,39.3012,-102.6938,39.3012,-102.6938,0,0,0,0,0,63,0,0,0
660576,2021,5,29,"2021-05-29","18:45:00",3,"CO",8,0,1,0,0,0,0,39.3747,-102.7329,39.3747,-102.7329,0,0,0,0,0,63,0,0,0
660577,2021,5,29,"2021-05-29","18:50:00",3,"CO",8,0,1,0,0,0,0,38.85,-104.9,38.85,-104.9,0,0,0,0,0,41,0,0,0
660578,2021,5,29,"2021-05-29","18:55:00",3,"CO",8,0,1,0,0,0,0,38.87,-104.86,38.87,-104.86,0,0,0,0,0,41,0,0,0
660579,2021,5,29,"2021-05-29","18:58:00",3,"CO",8,0,1,0,0,0,0,39.4449,-102.5932,39.4449,-102.5932,0,0,0,0,0,63,0,0,0
660580,2021,5,29,"2021-05-29","19:04:00",3,"CO",8,0,1.5,0,0,0,0,39.5058,-102.5848,39.5058,-102.5848,0,0,0,0,0,63,0,0,0
660581,2021,5,29,"2021-05-29","19:25:00",3,"OK",40,0,2,0,0,0,0,36.96,-102.97,36.96,-102.97,0,0,0,0,0,25,0,0,0
660582,2021,5,29,"2021-05-29","19:40:00",3,"OK",40,0,2.5,0,0,0,0,36.91,-102.9,36.91,-102.9,0,0,0,0,0,25,0,0,0
660583,2021,5,29,"2021-05-29","19:45:00",3,"OK",40,0,2,0,0,0,0,36.85,-102.88,36.85,-102.88,0,0,0,0,0,25,0,0,0
660584,2021,5,29,"2021-05-29","19:47:00",3,"OK",40,0,1.75,0,0,0,0,36.96,-102.95,36.96,-102.95,0,0,0,0,0,25,0,0,0
660585,2021,5,29,"2021-05-29","20:05:00",3,"OK",40,0,2.75,0,0,0,0,36.9,-102.88,36.9,-102.88,0,0,0,0,0,25,0,0,0
660586,2021,5,29,"2021-05-29","20:20:00",3,"NM",35,0,1,0,0,50000,0,35.9,-104.3,35.9,-104.3,0,0,0,0,0,21,0,0,0
660587,2021,5,29,"2021-05-29","20:26:00",3,"OK",40,0,2.5,0,0,0,0,36.9,-102.82,36.9,-102.82,0,0,0,0,0,25,0,0,0
660588,2021,5,29,"2021-05-29","20:42:00",3,"OK",40,0,2.5,0,0,0,0,36.99,-102.97,36.99,-102.97,0,0,0,0,0,25,0,0,0
660589,2021,5,29,"2021-05-29","21:47:00",3,"OK",40,0,2.75,0,0,0,0,36.81,-102.61,36.81,-102.61,0,0,0,0,0,25,0,0,0
660590,2021,5,29,"2021-05-29","21:51:00",3,"OK",40,0,0.75,0,0,0,0,36.88,-102.52,36.88,-102.52,0,0,0,0,0,25,0,0,0
660591,2021,5,29,"2021-05-29","21:51:00",3,"CO",8,0,1,0,0,0,0,37.98,-103.54,37.98,-103.54,0,0,0,0,0,89,0,0,0
660592,2021,5,29,"2021-05-29","23:00:00",3,"NM",35,0,1.5,0,0,40000,0,35.57,-103.88,35.57,-103.88,0,0,0,0,0,47,0,0,0
660593,2021,5,30,"2021-05-30","13:47:00",3,"NM",35,0,0.75,0,0,0,0,36.89,-104.44,36.89,-104.44,0,0,0,0,0,7,0,0,0
660594,2021,5,30,"2021-05-30","14:20:00",3,"CO",8,0,0.75,0,0,0,0,38.96,-105.55,38.96,-105.55,0,0,0,0,0,93,0,0,0
660595,2021,5,30,"2021-05-30","14:23:00",3,"NM",35,0,1.25,0,0,0,0,35.56,-106.13,35.56,-106.13,0,0,0,0,0,49,0,0,0
660596,2021,5,30,"2021-05-30","14:26:00",3,"CO",8,0,1.5,0,0,0,0,37.25,-103.35,37.25,-103.35,0,0,0,0,0,71,0,0,0
660597,2021,5,30,"2021-05-30","14:33:00",3,"NM",35,0,1.75,0,0,0,0,33.37,-105.23,33.37,-105.23,0,0,0,0,0,27,0,0,0
660598,2021,5,30,"2021-05-30","14:37:00",3,"NM",35,0,1,0,0,0,0,36.18,-105.06,36.18,-105.06,0,0,0,0,0,33,0,0,0
660599,2021,5,30,"2021-05-30","14:45:00",3,"FL",12,0,1.25,0,0,0,0,27.94,-82.18,27.94,-82.18,0,0,0,0,0,57,0,0,0
660600,2021,5,30,"2021-05-30","16:12:00",3,"FL",12,0,0.88,0,0,0,0,28.88,-81.18,28.88,-81.18,0,0,0,0,0,127,0,0,0
660601,2021,5,30,"2021-05-30","16:28:00",3,"NM",35,0,1,0,0,0,0,33.52,-103.521,33.52,-103.521,0,0,0,0,0,25,0,0,0
660602,2021,5,30,"2021-05-30","16:41:00",3,"OK",40,0,1.75,0,0,0,0,36.55,-102.87,36.55,-102.87,0,0,0,0,0,25,0,0,0
660603,2021,5,30,"2021-05-30","17:00:00",3,"OK",40,0,1.25,0,0,0,0,36.59,-102.75,36.59,-102.75,0,0,0,0,0,25,0,0,0
660604,2021,5,30,"2021-05-30","17:10:00",3,"NM",35,0,1.75,0,0,0,0,33.52,-103.3474,33.52,-103.3474,0,0,0,0,0,25,0,0,0
660605,2021,5,30,"2021-05-30","17:27:00",3,"OK",40,0,1.25,0,0,0,0,36.63,-102.55,36.63,-102.55,0,0,0,0,0,25,0,0,0
660606,2021,5,30,"2021-05-30","17:35:00",3,"NM",35,0,1.5,0,0,0,0,33.19,-104.37,33.19,-104.37,0,0,0,0,0,5,0,0,0
660607,2021,5,30,"2021-05-30","17:40:00",3,"NM",35,0,0.88,0,0,0,0,33.17,-104.35,33.17,-104.35,0,0,0,0,0,5,0,0,0
660608,2021,5,30,"2021-05-30","18:41:00",3,"TX",48,0,1.75,0,0,0,0,36.32,-101.96,36.32,-101.96,0,0,0,0,0,421,0,0,0
660609,2021,5,30,"2021-05-30","19:13:00",3,"TX",48,0,1,0,0,0,0,36.33,-101.77,36.33,-101.77,0,0,0,0,0,421,0,0,0
660610,2021,5,30,"2021-05-30","19:29:00",3,"NM",35,0,1,0,0,0,0,33.63,-103.17,33.63,-103.17,0,0,0,0,0,41,0,0,0
660611,2021,5,30,"2021-05-30","19:50:00",3,"TX",48,0,1,0,0,0,0,33.746,-102.8558,33.746,-102.8558,0,0,0,0,0,79,0,0,0
660612,2021,5,30,"2021-05-30","22:48:00",3,"TX",48,0,0.75,0,0,0,0,35.16,-101.93,35.16,-101.93,0,0,0,0,0,381,0,0,0
660613,2021,5,31,"2021-05-31","09:47:00",3,"TX",48,0,1,0,0,0,0,31.8666,-102.4172,31.8666,-102.4172,0,0,0,0,0,135,0,0,0
660614,2021,5,31,"2021-05-31","10:16:00",3,"TX",48,0,1,0,0,0,0,31.9114,-102.2977,31.9114,-102.2977,0,0,0,0,0,135,0,0,0
660615,2021,5,31,"2021-05-31","11:15:00",3,"MI",26,0,1,0,0,0,0,46.72,-88.43,46.72,-88.43,0,0,0,0,0,13,0,0,0
660616,2021,5,31,"2021-05-31","11:30:00",3,"MI",26,0,0.88,0,0,0,0,46.4,-89.18,46.4,-89.18,0,0,0,0,0,131,0,0,0
660617,2021,5,31,"2021-05-31","11:35:00",3,"CO",8,0,1,0,0,0,0,37.5,-108.24,37.5,-108.24,0,0,0,0,0,83,0,0,0
660618,2021,5,31,"2021-05-31","12:25:00",3,"MI",26,0,0.75,0,0,0,0,46.49,-87.73,46.49,-87.73,0,0,0,0,0,103,0,0,0
660619,2021,5,31,"2021-05-31","12:30:00",3,"MI",26,0,1.25,0,0,5000,0,46.48,-87.72,46.48,-87.72,0,0,0,0,0,103,0,0,0
660620,2021,5,31,"2021-05-31","12:50:00",3,"CO",8,0,0.75,0,0,0,0,37.25,-107.94,37.25,-107.94,0,0,0,0,0,67,0,0,0
660621,2021,5,31,"2021-05-31","12:58:00",3,"WI",55,0,0.75,0,0,0,0,45.97,-89.89,45.97,-89.89,0,0,0,0,0,125,0,0,0
660622,2021,5,31,"2021-05-31","12:58:00",3,"WI",55,0,0.88,0,0,0,0,45.96,-89.88,45.96,-89.88,0,0,0,0,0,125,0,0,0
660623,2021,5,31,"2021-05-31","13:30:00",3,"NM",35,0,0.88,0,0,0,0,35.17,-106.79,35.17,-106.79,0,0,0,0,0,1,0,0,0
660624,2021,5,31,"2021-05-31","13:44:00",3,"WI",55,0,1,0,0,0,0,45.78,-89.3,45.78,-89.3,0,0,0,0,0,85,0,0,0
660625,2021,5,31,"2021-05-31","13:50:00",3,"WI",55,0,0.88,0,0,0,0,45.83,-89.16,45.83,-89.16,0,0,0,0,0,85,0,0,0
660626,2021,5,31,"2021-05-31","13:52:00",3,"NM",35,0,1,0,0,0,0,35.25,-106.65,35.25,-106.65,0,0,0,0,0,43,0,0,0
660627,2021,5,31,"2021-05-31","14:08:00",3,"NM",35,0,1,0,0,0,0,35.2,-106.66,35.2,-106.66,0,0,0,0,0,1,0,0,0
660628,2021,5,31,"2021-05-31","14:10:00",3,"TX",48,0,1.5,0,0,0,0,30.7272,-103.1874,30.7272,-103.1874,0,0,0,0,0,371,0,0,0
660629,2021,5,31,"2021-05-31","14:25:00",3,"MN",27,0,0.88,0,0,0,0,44.15,-92.94,44.15,-92.94,0,0,0,0,0,39,0,0,0
660630,2021,5,31,"2021-05-31","14:30:00",3,"NM",35,0,0.75,0,0,0,0,35.21,-106.67,35.21,-106.67,0,0,0,0,0,1,0,0,0
660631,2021,5,31,"2021-05-31","14:36:00",3,"WI",55,0,1,0,0,0,0,45.64,-89.41,45.64,-89.41,0,0,0,0,0,85,0,0,0
660632,2021,5,31,"2021-05-31","14:45:00",3,"WI",55,0,1,0,0,0,0,45.63,-89.41,45.63,-89.41,0,0,0,0,0,85,0,0,0
660633,2021,5,31,"2021-05-31","14:48:00",3,"WI",55,0,0.88,0,0,0,0,44.5,-91.89,44.5,-91.89,0,0,0,0,0,11,0,0,0
660634,2021,5,31,"2021-05-31","15:04:00",3,"TX",48,0,1,0,0,0,0,30.9354,-102.7142,30.9354,-102.7142,0,0,0,0,0,371,0,0,0
660635,2021,5,31,"2021-05-31","15:37:00",3,"WI",55,0,0.88,0,0,0,0,45.18,-89.68,45.18,-89.68,0,0,0,0,0,69,0,0,0
660636,2021,5,31,"2021-05-31","15:38:00",3,"TX",48,0,1.25,0,0,0,0,30.5174,-102.63,30.5174,-102.63,0,0,0,0,0,371,0,0,0
660637,2021,5,31,"2021-05-31","15:39:00",3,"WI",55,0,1.25,0,0,0,0,45.72,-90.4,45.72,-90.4,0,0,0,0,0,99,0,0,0
660638,2021,5,31,"2021-05-31","15:42:00",3,"WI",55,0,1,0,0,0,0,45.69,-90.41,45.69,-90.41,0,0,0,0,0,99,0,0,0
660639,2021,5,31,"2021-05-31","16:00:00",3,"WI",55,0,0.75,0,0,0,0,45.69,-90.4,45.69,-90.4,0,0,0,0,0,99,0,0,0
660640,2021,5,31,"2021-05-31","16:35:00",3,"TX",48,0,2,0,0,0,0,31.4942,-102.6165,31.4942,-102.6165,0,0,0,0,0,103,0,0,0
660641,2021,5,31,"2021-05-31","18:18:00",3,"TX",48,0,1,0,0,0,0,30.5905,-102.87,30.5905,-102.87,0,0,0,0,0,371,0,0,0
660642,2021,5,31,"2021-05-31","23:06:00",3,"TX",48,0,0.75,0,0,0,0,28.7345,-100.5,28.7345,-100.5,0,0,0,0,0,323,0,0,0
659258,2021,5,2,"2021-05-02","10:29:00",3,"CO",8,0,0.75,0,0,0,0,39.99,-105.45,39.99,-105.45,0,0,0,0,0,13,0,0,0
659259,2021,5,2,"2021-05-02","13:05:00",3,"CO",8,0,1,0,0,0,0,40.35,-103.77,40.35,-103.77,0,0,0,0,0,87,0,0,0
659260,2021,5,2,"2021-05-02","13:18:00",3,"CO",8,0,1,0,0,0,0,39.02,-104.79,39.02,-104.79,0,0,0,0,0,41,0,0,0
659261,2021,5,2,"2021-05-02","13:25:00",3,"CO",8,0,1,0,0,0,0,38.78,-104.73,38.78,-104.73,0,0,0,0,0,41,0,0,0
659262,2021,5,2,"2021-05-02","13:31:00",3,"CO",8,0,1.75,0,0,0,0,38.83,-104.7,38.83,-104.7,0,0,0,0,0,41,0,0,0
659263,2021,5,2,"2021-05-02","15:43:00",3,"CO",8,0,1,0,0,0,0,38.78,-104.73,38.78,-104.73,0,0,0,0,0,41,0,0,0
659264,2021,5,2,"2021-05-02","15:57:00",3,"WI",55,0,0.88,0,0,0,0,44.25,-89.02,44.25,-89.02,0,0,0,0,0,135,0,0,0
659265,2021,5,2,"2021-05-02","16:04:00",3,"WI",55,0,0.88,0,0,0,0,44.26,-88.86,44.26,-88.86,0,0,0,0,0,135,0,0,0
659266,2021,5,2,"2021-05-02","16:11:00",3,"WI",55,0,1,0,0,0,0,44.24,-88.32,44.24,-88.32,0,0,0,0,0,15,0,0,0
659267,2021,5,2,"2021-05-02","16:19:00",3,"WI",55,0,1,0,0,0,0,44.07,-91.39,44.07,-91.39,0,0,0,0,0,121,0,0,0
659268,2021,5,2,"2021-05-02","16:39:00",3,"NE",31,0,0.88,0,0,0,0,40.0099,-101.9401,40.0099,-101.9401,0,0,0,0,0,57,0,0,0
659269,2021,5,2,"2021-05-02","16:48:00",3,"MN",27,0,0.75,0,0,0,0,43.99,-91.86,43.99,-91.86,0,0,0,0,0,169,0,0,0
659270,2021,5,2,"2021-05-02","17:07:00",3,"WI",55,0,1,0,0,0,0,44.1,-91.1,44.1,-91.1,0,0,0,0,0,53,0,0,0
659271,2021,5,2,"2021-05-02","17:08:00",3,"KS",20,0,0.88,0,0,0,0,39.5875,-101.7695,39.5875,-101.7695,0,0,0,0,0,23,0,0,0
659272,2021,5,2,"2021-05-02","17:10:00",3,"KS",20,0,1,0,0,0,0,39.8433,-101.5413,39.8433,-101.5413,0,0,0,0,0,23,0,0,0
659273,2021,5,2,"2021-05-02","17:20:00",3,"KS",20,0,1,0,0,0,0,39.3665,-101.3722,39.3665,-101.3722,0,0,0,0,0,193,0,0,0
659274,2021,5,2,"2021-05-02","17:23:00",3,"NE",31,0,1,0,0,0,0,40.83,-97.22,40.83,-97.22,0,0,0,0,0,159,0,0,0
659275,2021,5,2,"2021-05-02","17:35:00",3,"NE",31,0,0.75,0,0,0,0,40.21,-100.63,40.21,-100.63,0,0,0,0,0,145,0,0,0
659276,2021,5,2,"2021-05-02","17:36:00",3,"CO",8,0,1,0,0,0,0,38.09,-102.42,38.09,-102.42,0,0,0,0,0,99,0,0,0
659277,2021,5,2,"2021-05-02","17:37:00",3,"KS",20,0,1,0,0,0,0,39.56,-99.29,39.56,-99.29,0,0,0,0,0,163,0,0,0
659278,2021,5,2,"2021-05-02","17:43:00",3,"KS",20,0,1,0,0,0,0,39.88,-101,39.88,-101,0,0,0,0,0,153,0,0,0
659279,2021,5,2,"2021-05-02","17:45:00",3,"KS",20,0,0.75,0,0,0,0,39.8288,-101.0821,39.8288,-101.0821,0,0,0,0,0,153,0,0,0
659280,2021,5,2,"2021-05-02","17:49:00",3,"WI",55,0,1.5,0,0,0,0,43.73,-90.59,43.73,-90.59,0,0,0,0,0,123,0,0,0
659281,2021,5,2,"2021-05-02","17:52:00",3,"NE",31,0,1,0,0,0,0,41.63,-96.35,41.63,-96.35,0,0,0,0,0,177,0,0,0
659282,2021,5,2,"2021-05-02","17:57:00",3,"WI",55,0,1.5,0,0,0,0,43.73,-90.55,43.73,-90.55,0,0,0,0,0,81,0,0,0
659283,2021,5,2,"2021-05-02","18:20:00",3,"WI",55,0,1,0,0,0,0,43.8,-90.38,43.8,-90.38,0,0,0,0,0,81,0,0,0
659284,2021,5,2,"2021-05-02","18:45:00",3,"NE",31,0,1.5,0,0,0,0,41.16,-97.35,41.16,-97.35,0,0,0,0,0,23,0,0,0
659285,2021,5,2,"2021-05-02","18:45:00",3,"NE",31,0,1.75,0,0,0,0,40.5,-98.95,40.5,-98.95,0,0,0,0,0,99,0,0,0
659286,2021,5,2,"2021-05-02","18:45:00",3,"KS",20,0,0.75,0,0,0,0,39.7608,-99.8892,39.7608,-99.8892,0,0,0,0,0,137,0,0,0
659287,2021,5,2,"2021-05-02","19:16:00",3,"KS",20,0,1,0,0,0,0,38.49,-101.08,38.49,-101.08,0,0,0,0,0,171,0,0,0
659288,2021,5,2,"2021-05-02","19:37:00",3,"IA",19,0,0.88,0,0,0,2000,42.47,-95.46,42.47,-95.46,0,0,0,0,0,93,0,0,0
659289,2021,5,2,"2021-05-02","19:50:00",3,"NE",31,0,1,0,0,0,0,41.88,-96.47,41.88,-96.47,0,0,0,0,0,21,0,0,0
659290,2021,5,2,"2021-05-02","20:00:00",3,"NE",31,0,1,0,0,0,0,41.64,-97.24,41.64,-97.24,0,0,0,0,0,37,0,0,0
659291,2021,5,2,"2021-05-02","21:12:00",3,"KS",20,0,0.75,0,0,0,0,38.86,-99.15,38.86,-99.15,0,0,0,0,0,51,0,0,0
659292,2021,5,2,"2021-05-02","22:12:00",3,"KS",20,0,0.75,0,0,0,0,38.38,-98.78,38.38,-98.78,0,0,0,0,0,9,0,0,0
659293,2021,5,2,"2021-05-02","22:55:00",3,"KS",20,0,0.88,0,0,0,0,37.64,-98.43,37.64,-98.43,0,0,0,0,0,95,0,0,0
659294,2021,5,2,"2021-05-02","23:12:00",3,"KS",20,0,0.75,0,0,0,0,38.09,-97.92,38.09,-97.92,0,0,0,0,0,155,0,0,0
659295,2021,5,3,"2021-05-03","10:58:00",3,"GA",13,0,1,0,0,0,0,33.2369,-84.1804,33.2369,-84.1804,0,0,0,0,0,255,0,0,0
659296,2021,5,3,"2021-05-03","12:40:00",3,"SC",45,0,1.5,0,0,0,0,34.106,-82.598,34.106,-82.598,0,0,0,0,0,1,0,0,0
659297,2021,5,3,"2021-05-03","12:53:00",3,"SC",45,0,1.75,0,0,0,0,34.18,-82.39,34.18,-82.39,0,0,0,0,0,1,0,0,0
659298,2021,5,3,"2021-05-03","13:21:00",3,"SC",45,0,1,0,0,0,0,34.14,-82.15,34.14,-82.15,0,0,0,0,0,47,0,0,0
659299,2021,5,3,"2021-05-03","13:41:00",3,"MO",29,0,1.75,0,0,0,0,39.9759,-91.6679,39.9538,-91.602,0,0,0,0,0,111,0,0,0
659300,2021,5,3,"2021-05-03","13:52:00",3,"SC",45,0,1.75,0,0,0,0,34.0014,-81.7724,34.0014,-81.7724,0,0,0,0,0,81,0,0,0
659301,2021,5,3,"2021-05-03","13:52:00",3,"SC",45,0,1.5,0,0,0,0,34.01,-81.78,34.01,-81.78,0,0,0,0,0,81,0,0,0
659302,2021,5,3,"2021-05-03","14:05:00",3,"SC",45,0,1.75,0,0,0,0,33.9082,-81.2229,33.9082,-81.2229,0,0,0,0,0,63,0,0,0
659303,2021,5,3,"2021-05-03","14:07:00",3,"SC",45,0,1.75,0,0,0,0,33.9,-81.24,33.9,-81.24,0,0,0,0,0,63,0,0,0
659304,2021,5,3,"2021-05-03","14:08:00",3,"SC",45,0,1.75,0,0,0,0,33.8949,-81.2228,33.8949,-81.2228,0,0,0,0,0,63,0,0,0
659305,2021,5,3,"2021-05-03","14:09:00",3,"IL",17,0,1,0,0,0,0,39.9802,-91.3766,39.9993,-91.1901,0,0,0,0,0,1,0,0,0
659306,2021,5,3,"2021-05-03","14:10:00",3,"SC",45,0,0.75,0,0,0,0,34.01,-81.15,34.01,-81.15,0,0,0,0,0,63,0,0,0
659307,2021,5,3,"2021-05-03","14:10:00",3,"SC",45,0,1.75,0,0,0,0,34.0347,-81.2114,34.0347,-81.2114,0,0,0,0,0,63,0,0,0
659308,2021,5,3,"2021-05-03","14:10:00",3,"GA",13,0,1,0,0,0,0,32.9944,-82.4227,32.9944,-82.4227,0,0,0,0,0,163,0,0,0
659309,2021,5,3,"2021-05-03","14:12:00",3,"SC",45,0,0.75,0,0,0,0,33.9581,-81.147,33.9581,-81.147,0,0,0,0,0,63,0,0,0
659310,2021,5,3,"2021-05-03","14:50:00",3,"SC",45,0,1.75,0,0,0,0,34.0605,-80.0718,34.0605,-80.0718,0,0,0,0,0,61,0,0,0
659311,2021,5,3,"2021-05-03","15:00:00",3,"SC",45,0,2,0,0,0,0,34.13,-79.93,34.13,-79.93,0,0,0,0,0,41,0,0,0
659312,2021,5,3,"2021-05-03","15:05:00",3,"NM",35,0,0.88,0,0,0,0,33.41,-104.59,33.41,-104.59,0,0,0,0,0,5,0,0,0
659313,2021,5,3,"2021-05-03","15:06:00",3,"IL",17,0,1.5,0,0,0,0,39.9254,-90.8737,39.9626,-90.7505,0,0,0,0,0,9,0,0,0
659314,2021,5,3,"2021-05-03","15:08:00",3,"GA",13,0,0.88,0,0,0,0,33.07,-82,33.07,-82,0,0,0,0,0,33,0,0,0
659315,2021,5,3,"2021-05-03","15:15:00",3,"NM",35,0,0.75,0,0,0,0,33.37,-104.53,33.37,-104.53,0,0,0,0,0,5,0,0,0
659316,2021,5,3,"2021-05-03","15:23:00",3,"TX",48,0,1.75,0,0,0,0,33.1694,-102.8872,33.1826,-102.8182,0,0,0,0,0,501,0,0,0
659317,2021,5,3,"2021-05-03","15:29:00",3,"TX",48,0,0.88,0,0,0,0,32.9338,-101.6249,32.9338,-101.6249,0,0,0,0,0,33,0,0,0
659318,2021,5,3,"2021-05-03","15:30:00",3,"NM",35,0,1.75,0,0,50000,0,34.08,-104.84,34.08,-104.84,0,0,0,0,0,5,0,0,0
659319,2021,5,3,"2021-05-03","15:40:00",3,"TX",48,0,0.88,0,0,0,0,32.97,-97.86,32.97,-97.86,0,0,0,0,0,367,0,0,0
659320,2021,5,3,"2021-05-03","15:40:00",3,"OK",40,0,0.88,0,0,0,0,36.62,-100.26,36.62,-100.26,0,0,0,0,0,7,0,0,0
659321,2021,5,3,"2021-05-03","15:43:00",3,"TX",48,0,0.75,0,0,0,0,32.97,-97.76,32.97,-97.76,0,0,0,0,0,367,0,0,0
659322,2021,5,3,"2021-05-03","15:51:00",3,"TX",48,0,1.75,0,0,0,0,33.1817,-102.6115,33.1817,-102.6115,0,0,0,0,0,501,0,0,0
659323,2021,5,3,"2021-05-03","15:55:00",3,"IL",17,0,1.5,0,0,0,0,39.9399,-90.3283,39.9399,-90.3283,0,0,0,0,0,17,0,0,0
659324,2021,5,3,"2021-05-03","15:58:00",3,"TX",48,0,1,0,0,0,0,32.5,-97.85,32.5,-97.85,0,0,0,0,0,221,0,0,0
659325,2021,5,3,"2021-05-03","15:58:00",3,"TX",48,0,1,0,0,0,0,32.48,-97.91,32.48,-97.91,0,0,0,0,0,221,0,0,0
659326,2021,5,3,"2021-05-03","16:02:00",3,"TX",48,0,1.75,0,0,20000,0,32.45,-97.79,32.45,-97.79,0,0,0,0,0,221,0,0,0
659327,2021,5,3,"2021-05-03","16:02:00",3,"TX",48,0,1,0,0,0,0,32.49,-97.85,32.49,-97.85,0,0,0,0,0,221,0,0,0
659328,2021,5,3,"2021-05-03","16:04:00",3,"TX",48,0,0.75,0,0,0,0,32.75,-97.7,32.75,-97.7,0,0,0,0,0,367,0,0,0
659329,2021,5,3,"2021-05-03","16:04:00",3,"IL",17,0,1.5,0,0,0,0,39.95,-90.22,39.95,-90.22,0,0,0,0,0,17,0,0,0
659330,2021,5,3,"2021-05-03","16:05:00",3,"SC",45,0,1.25,0,0,0,0,34.1,-79.32,34.1,-79.32,0,0,0,0,0,67,0,0,0
659331,2021,5,3,"2021-05-03","16:05:00",3,"TX",48,0,0.75,0,0,0,0,32.474,-97.7871,32.474,-97.7871,0,0,0,0,0,221,0,0,0
659332,2021,5,3,"2021-05-03","16:10:00",3,"TX",48,0,1.25,0,0,0,0,32.45,-97.8,32.45,-97.8,0,0,0,0,0,221,0,0,0
659333,2021,5,3,"2021-05-03","16:15:00",3,"IL",17,0,1,0,0,0,0,39.9979,-90.1398,39.9979,-90.1398,0,0,0,0,0,17,0,0,0
659334,2021,5,3,"2021-05-03","16:18:00",3,"TX",48,0,1.25,0,0,0,0,32.47,-97.75,32.47,-97.75,0,0,0,0,0,221,0,0,0
659335,2021,5,3,"2021-05-03","16:27:00",3,"TX",48,0,0.75,0,0,0,0,33.3375,-97.5892,33.3375,-97.5892,0,0,0,0,0,497,0,0,0
659336,2021,5,3,"2021-05-03","16:27:00",3,"TX",48,0,1.75,0,0,0,0,33.18,-102.3146,33.1698,-102.2922,0,0,0,0,0,445,0,0,0
659337,2021,5,3,"2021-05-03","16:28:00",3,"OK",40,0,1,0,0,0,0,34.27,-97.26,34.27,-97.26,0,0,0,0,0,19,0,0,0
659338,2021,5,3,"2021-05-03","16:31:00",3,"TX",48,0,0.75,0,0,0,0,33.25,-97.42,33.25,-97.42,0,0,0,0,0,497,0,0,0
659339,2021,5,3,"2021-05-03","16:32:00",3,"IL",17,0,1,0,0,0,0,39.9766,-89.85,39.9766,-89.85,0,0,0,0,0,129,0,0,0
659340,2021,5,3,"2021-05-03","16:34:00",3,"TX",48,0,1,0,0,0,0,33.41,-97.55,33.41,-97.55,0,0,0,0,0,497,0,0,0
659341,2021,5,3,"2021-05-03","16:37:00",3,"TX",48,0,1.75,0,0,20000,0,32.45,-97.79,32.45,-97.79,0,0,0,0,0,221,0,0,0
659342,2021,5,3,"2021-05-03","16:38:00",3,"OK",40,0,1,0,0,0,0,34.5,-97.12,34.5,-97.12,0,0,0,0,0,99,0,0,0
659343,2021,5,3,"2021-05-03","16:42:00",3,"TX",48,0,0.75,0,0,0,0,33.25,-97.42,33.25,-97.42,0,0,0,0,0,497,0,0,0
659344,2021,5,3,"2021-05-03","16:42:00",3,"TX",48,0,1.75,0,0,10000,0,32.47,-97.74,32.47,-97.74,0,0,0,0,0,221,0,0,0
659345,2021,5,3,"2021-05-03","16:43:00",3,"TX",48,0,0.75,0,0,0,0,33.65,-97.38,33.65,-97.38,0,0,0,0,0,97,0,0,0
659346,2021,5,3,"2021-05-03","16:45:00",3,"TX",48,0,1.5,0,0,0,0,32.4832,-97.7049,32.4832,-97.7049,0,0,0,0,0,221,0,0,0
659347,2021,5,3,"2021-05-03","16:47:00",3,"TX",48,0,1,0,0,0,0,32.52,-97.62,32.52,-97.62,0,0,0,0,0,221,0,0,0
659348,2021,5,3,"2021-05-03","16:52:00",3,"TX",48,0,1,0,0,0,0,31.98,-97.86,31.98,-97.86,0,0,0,0,0,35,0,0,0
659349,2021,5,3,"2021-05-03","17:00:00",3,"SC",45,0,1,0,0,0,0,33.7,-78.88,33.7,-78.88,0,0,0,0,0,51,0,0,0
659350,2021,5,3,"2021-05-03","17:03:00",3,"OK",40,0,1,0,0,0,0,34.77,-96.66,34.77,-96.66,0,0,0,0,0,123,0,0,0
659351,2021,5,3,"2021-05-03","17:04:00",3,"TX",48,0,1.75,0,0,5000,0,32.01,-97.81,32.01,-97.81,0,0,0,0,0,35,0,0,0
659352,2021,5,3,"2021-05-03","17:05:00",3,"TX",48,0,0.88,0,0,0,0,33.07,-97.4827,33.07,-97.4827,0,0,0,0,0,497,0,0,0
659353,2021,5,3,"2021-05-03","17:05:00",3,"TX",48,0,1.5,0,0,0,0,32.53,-101.0748,32.53,-101.0748,0,0,0,0,0,415,0,0,0
659354,2021,5,3,"2021-05-03","17:07:00",3,"TX",48,0,1,0,0,0,0,32.58,-101,32.58,-101,0,0,0,0,0,415,0,0,0
659355,2021,5,3,"2021-05-03","17:08:00",3,"TX",48,0,1.75,0,0,30000,0,32.48,-97.69,32.48,-97.69,0,0,0,0,0,221,0,0,0
659356,2021,5,3,"2021-05-03","17:10:00",3,"TX",48,0,1,0,0,0,0,32.48,-100.9785,32.48,-100.9785,0,0,0,0,0,335,0,0,0
659357,2021,5,3,"2021-05-03","17:19:00",3,"TX",48,0,1.25,0,0,0,0,32.44,-97.75,32.44,-97.75,0,0,0,0,0,221,0,0,0
659358,2021,5,3,"2021-05-03","17:20:00",3,"TX",48,0,2,0,0,0,0,32.57,-100.88,32.57,-100.88,0,0,0,0,0,415,0,0,0
659359,2021,5,3,"2021-05-03","17:22:00",3,"TX",48,0,1,0,0,0,0,32.52,-97.65,32.52,-97.65,0,0,0,0,0,221,0,0,0
659360,2021,5,3,"2021-05-03","17:28:00",3,"TX",48,0,1,0,0,0,0,32.42,-97.77,32.42,-97.77,0,0,0,0,0,221,0,0,0
659361,2021,5,3,"2021-05-03","17:28:00",3,"AL",1,0,1,0,0,0,0,32.5004,-86.4353,32.5004,-86.4353,0,0,0,0,0,1,0,0,0
659362,2021,5,3,"2021-05-03","17:28:00",3,"TX",48,0,2.5,0,0,0,0,32.5266,-100.88,32.5266,-100.88,0,0,0,0,0,415,0,0,0
659363,2021,5,3,"2021-05-03","17:30:00",3,"TX",48,0,1.75,0,0,30000,0,32.4,-97.79,32.4,-97.79,0,0,0,0,0,221,0,0,0
659364,2021,5,3,"2021-05-03","17:34:00",3,"SC",45,0,1.5,0,0,0,0,33.55,-79.05,33.55,-79.05,0,0,0,0,0,43,0,0,0
659365,2021,5,3,"2021-05-03","17:35:00",3,"OK",40,0,1,0,0,0,0,34.17,-97.07,34.17,-97.07,0,0,0,0,0,19,0,0,0
659366,2021,5,3,"2021-05-03","17:35:00",3,"TX",48,0,0.75,0,0,0,0,32.39,-97.82,32.39,-97.82,0,0,0,0,0,221,0,0,0
659367,2021,5,3,"2021-05-03","17:35:00",3,"TX",48,0,1.5,0,0,0,0,32.44,-97.79,32.44,-97.79,0,0,0,0,0,221,0,0,0
659368,2021,5,3,"2021-05-03","17:35:00",3,"TX",48,0,0.75,0,0,0,0,33.25,-97.13,33.25,-97.13,0,0,0,0,0,121,0,0,0
659369,2021,5,3,"2021-05-03","17:36:00",3,"TX",48,0,1,0,0,0,0,33.1663,-101.7943,33.1663,-101.7943,0,0,0,0,0,305,0,0,0
659370,2021,5,3,"2021-05-03","17:40:00",3,"TX",48,0,0.75,0,0,0,0,33.15,-97.24,33.15,-97.24,0,0,0,0,0,121,0,0,0
659371,2021,5,3,"2021-05-03","17:40:00",3,"TX",48,0,1.5,0,0,0,0,32.63,-97.57,32.63,-97.57,0,0,0,0,0,367,0,0,0
659372,2021,5,3,"2021-05-03","17:44:00",3,"TX",48,0,1.25,0,0,0,0,33.1708,-97.1805,33.1708,-97.1805,0,0,0,0,0,121,0,0,0
659373,2021,5,3,"2021-05-03","17:46:00",3,"TX",48,0,1.25,0,0,0,0,32.88,-97.6,32.88,-97.6,0,0,0,0,0,367,0,0,0
659374,2021,5,3,"2021-05-03","17:46:00",3,"TX",48,0,1,0,0,0,0,32.68,-97.69,32.68,-97.69,0,0,0,0,0,367,0,0,0
659375,2021,5,3,"2021-05-03","17:50:00",3,"IL",17,0,1.5,0,0,0,0,39.4288,-89.7035,39.4288,-89.7035,0,0,0,0,0,117,0,0,0
659376,2021,5,3,"2021-05-03","17:50:00",3,"TX",48,0,1,0,0,0,0,33.1345,-97.18,33.1345,-97.18,0,0,0,0,0,121,0,0,0
659377,2021,5,3,"2021-05-03","17:50:00",3,"TX",48,0,0.75,0,0,0,0,32.9,-97.53,32.9,-97.53,0,0,0,0,0,439,0,0,0
659378,2021,5,3,"2021-05-03","17:52:00",3,"TX",48,0,1,0,0,0,0,33.1973,-97.1398,33.1973,-97.1398,0,0,0,0,0,121,0,0,0
659379,2021,5,3,"2021-05-03","17:53:00",3,"TX",48,0,1,0,0,0,0,33.18,-97.11,33.18,-97.11,0,0,0,0,0,121,0,0,0
659380,2021,5,3,"2021-05-03","17:53:00",3,"TX",48,0,1.75,0,0,5000,0,32.08,-97.57,32.08,-97.57,0,0,0,0,0,35,0,0,0
659381,2021,5,3,"2021-05-03","17:53:00",3,"TX",48,0,0.75,0,0,0,0,32.9359,-97.543,32.9359,-97.543,0,0,0,0,0,439,0,0,0
659382,2021,5,3,"2021-05-03","17:53:00",3,"TX",48,0,1.75,0,0,3e+05,0,32.9065,-97.554,32.9065,-97.554,0,0,0,0,0,367,0,0,0
659383,2021,5,3,"2021-05-03","17:54:00",3,"TX",48,0,2,0,0,5e+05,0,32.91,-97.59,32.91,-97.59,0,0,0,0,0,367,0,0,0
659384,2021,5,3,"2021-05-03","17:55:00",3,"IL",17,0,1.5,0,0,0,0,39.442,-89.6493,39.442,-89.6493,0,0,0,0,0,135,0,0,0
659385,2021,5,3,"2021-05-03","17:56:00",3,"OK",40,0,1,0,0,0,0,34.34,-96.99,34.34,-96.99,0,0,0,0,0,99,0,0,0
659386,2021,5,3,"2021-05-03","17:56:00",3,"TX",48,0,1.75,0,0,250000,0,32.95,-97.58,32.95,-97.58,0,0,0,0,0,367,0,0,0
659387,2021,5,3,"2021-05-03","18:00:00",3,"TX",48,0,1.75,0,0,1e+05,0,32.21,-97.51,32.21,-97.51,0,0,0,0,0,251,0,0,0
659388,2021,5,3,"2021-05-03","18:01:00",3,"TX",48,0,0.75,0,0,0,0,32.8,-97.57,32.8,-97.57,0,0,0,0,0,367,0,0,0
659389,2021,5,3,"2021-05-03","18:04:00",3,"TX",48,0,1,0,0,0,0,33.18,-97.11,33.18,-97.11,0,0,0,0,0,121,0,0,0
659390,2021,5,3,"2021-05-03","18:06:00",3,"TX",48,0,1.75,0,0,1e+05,0,33.04,-97.45,33.04,-97.45,0,0,0,0,0,497,0,0,0
659391,2021,5,3,"2021-05-03","18:08:00",3,"TX",48,0,0.88,0,0,0,0,32.98,-97.49,32.98,-97.49,0,0,0,0,0,439,0,0,0
659392,2021,5,3,"2021-05-03","18:10:00",3,"TX",48,0,1,0,0,0,0,33.33,-96.85,33.33,-96.85,0,0,0,0,0,121,0,0,0
659393,2021,5,3,"2021-05-03","18:10:00",3,"TX",48,0,1.5,0,0,0,0,29.42,-98.78,29.42,-98.78,0,0,0,0,0,29,0,0,0
659394,2021,5,3,"2021-05-03","18:12:00",3,"TX",48,0,1.5,0,0,0,0,29.42,-98.78,29.42,-98.78,0,0,0,0,0,29,0,0,0
659395,2021,5,3,"2021-05-03","18:15:00",3,"TX",48,0,1,0,0,0,0,33.05,-97.47,33.05,-97.47,0,0,0,0,0,497,0,0,0
659396,2021,5,3,"2021-05-03","18:15:00",3,"TX",48,0,1.5,0,0,400,0,32.9338,-101.2351,32.9338,-101.2351,0,0,0,0,0,33,0,0,0
659397,2021,5,3,"2021-05-03","18:18:00",3,"TX",48,0,1.5,0,0,0,0,32.25,-97.37,32.25,-97.37,0,0,0,0,0,251,0,0,0
659398,2021,5,3,"2021-05-03","18:18:00",3,"IL",17,0,1,0,0,0,0,39.7,-89,39.7,-89,0,0,0,0,0,115,0,0,0
659399,2021,5,3,"2021-05-03","18:20:00",3,"TX",48,0,2,0,0,0,0,29.59,-98.94,29.59,-98.94,0,0,0,0,0,19,0,0,0
659400,2021,5,3,"2021-05-03","18:20:00",3,"TX",48,0,1,0,0,0,0,32.45,-100.54,32.45,-100.54,0,0,0,0,0,353,0,0,0
659401,2021,5,3,"2021-05-03","18:20:00",3,"TX",48,0,3,0,0,750000,0,32.25,-97.39,32.25,-97.39,0,0,0,0,0,251,0,0,0
659402,2021,5,3,"2021-05-03","18:23:00",3,"TX",48,0,1,0,0,0,0,33.03,-101.2,33.03,-101.2,0,0,0,0,0,169,0,0,0
659403,2021,5,3,"2021-05-03","18:28:00",3,"TX",48,0,1,0,0,0,0,29.5,-98.67,29.5,-98.67,0,0,0,0,0,29,0,0,0
659404,2021,5,3,"2021-05-03","18:28:00",3,"IL",17,0,2,0,0,0,0,39.3523,-89.2565,39.3523,-89.2565,0,0,0,0,0,21,0,0,0
659405,2021,5,3,"2021-05-03","18:31:00",3,"IL",17,0,1.75,0,0,0,0,39.3447,-89.3078,39.3476,-89.1957,0,0,0,0,0,135,0,0,0
659406,2021,5,3,"2021-05-03","18:35:00",3,"TX",48,0,1,0,0,0,0,29.78,-98.73,29.78,-98.73,0,0,0,0,0,259,0,0,0
659407,2021,5,3,"2021-05-03","18:36:00",3,"TX",48,0,2.5,0,0,0,0,29.8,-98.77,29.8,-98.77,0,0,0,0,0,259,0,0,0
659408,2021,5,3,"2021-05-03","18:37:00",3,"TX",48,0,2.75,0,0,0,0,29.78,-98.81,29.78,-98.81,0,0,0,0,0,259,0,0,0
659409,2021,5,3,"2021-05-03","18:37:00",3,"TX",48,0,1,0,0,0,0,29.49,-98.73,29.49,-98.73,0,0,0,0,0,29,0,0,0
659410,2021,5,3,"2021-05-03","18:37:00",3,"TX",48,0,1.75,0,0,0,0,29.79,-98.74,29.79,-98.74,0,0,0,0,0,259,0,0,0
659411,2021,5,3,"2021-05-03","18:38:00",3,"TX",48,0,2.5,0,0,0,0,29.79,-98.72,29.79,-98.72,0,0,0,0,0,259,0,0,0
659412,2021,5,3,"2021-05-03","18:40:00",3,"TX",48,0,2,0,0,0,0,29.89,-98.73,29.89,-98.73,0,0,0,0,0,259,0,0,0
659413,2021,5,3,"2021-05-03","18:45:00",3,"TX",48,0,1.75,0,0,10000,0,32.1432,-97.3434,32.1432,-97.3434,0,0,0,0,0,217,0,0,0
659414,2021,5,3,"2021-05-03","18:45:00",3,"TX",48,0,1.75,0,0,0,0,29.7881,-98.7456,29.7881,-98.7456,0,0,0,0,0,259,0,0,0
659415,2021,5,3,"2021-05-03","18:45:00",3,"TX",48,0,1.5,0,0,0,0,29.79,-98.69,29.79,-98.69,0,0,0,0,0,259,0,0,0
659416,2021,5,3,"2021-05-03","18:45:00",3,"TX",48,0,2,0,0,0,0,29.79,-98.7,29.79,-98.7,0,0,0,0,0,259,0,0,0
659417,2021,5,3,"2021-05-03","18:47:00",3,"TX",48,0,0.88,0,0,0,0,32.8358,-102.65,32.8358,-102.65,0,0,0,0,0,165,0,0,0
659418,2021,5,3,"2021-05-03","18:51:00",3,"OK",40,0,1.5,0,0,15000,0,34.8445,-95.83,34.8445,-95.83,0,0,0,0,0,121,0,0,0
659419,2021,5,3,"2021-05-03","18:57:00",3,"TX",48,0,1,0,0,0,0,29.45,-98.57,29.45,-98.57,0,0,0,0,0,29,0,0,0
659420,2021,5,3,"2021-05-03","18:57:00",3,"TX",48,0,1.75,0,0,0,0,29.3791,-98.6033,29.3791,-98.6033,0,0,0,0,0,29,0,0,0
659421,2021,5,3,"2021-05-03","18:59:00",3,"TX",48,0,1,0,0,0,0,29.45,-98.57,29.45,-98.57,0,0,0,0,0,29,0,0,0
659422,2021,5,3,"2021-05-03","19:00:00",3,"TX",48,0,1.75,0,0,0,0,29.44,-98.55,29.44,-98.55,0,0,0,0,0,29,0,0,0
659423,2021,5,3,"2021-05-03","19:00:00",3,"TX",48,0,0.88,0,0,0,0,29.45,-98.52,29.45,-98.52,0,0,0,0,0,29,0,0,0
659424,2021,5,3,"2021-05-03","19:03:00",3,"TX",48,0,0.75,0,0,0,0,29.49,-98.51,29.49,-98.51,0,0,0,0,0,29,0,0,0
659425,2021,5,3,"2021-05-03","19:03:00",3,"TX",48,0,1,0,0,0,0,29.38,-98.51,29.38,-98.51,0,0,0,0,0,29,0,0,0
659426,2021,5,3,"2021-05-03","19:05:00",3,"TX",48,0,1.75,0,0,0,0,29.425,-98.5274,29.425,-98.5274,0,0,0,0,0,29,0,0,0
659427,2021,5,3,"2021-05-03","19:05:00",3,"TX",48,0,2,0,0,0,0,29.38,-98.51,29.38,-98.51,0,0,0,0,0,29,0,0,0
659428,2021,5,3,"2021-05-03","19:05:00",3,"IL",17,0,1,0,0,0,0,39.0347,-89.5232,39.0347,-89.5232,0,0,0,0,0,135,0,0,0
659429,2021,5,3,"2021-05-03","19:06:00",3,"TX",48,0,2,0,0,0,0,29.45,-98.53,29.45,-98.53,0,0,0,0,0,29,0,0,0
659430,2021,5,3,"2021-05-03","19:07:00",3,"TX",48,0,0.88,0,0,0,0,29.41,-98.5,29.41,-98.5,0,0,0,0,0,29,0,0,0
659431,2021,5,3,"2021-05-03","19:08:00",3,"TX",48,0,1,0,0,0,0,33.7,-97.01,33.7,-97.01,0,0,0,0,0,97,0,0,0
659432,2021,5,3,"2021-05-03","19:10:00",3,"TX",48,0,0.88,0,0,0,0,29.4,-98.4,29.4,-98.4,0,0,0,0,0,29,0,0,0
659433,2021,5,3,"2021-05-03","19:10:00",3,"TX",48,0,2.75,0,0,0,0,29.4249,-98.5273,29.4249,-98.5273,0,0,0,0,0,29,0,0,0
659434,2021,5,3,"2021-05-03","19:10:00",3,"TX",48,0,3,0,0,0,0,29.4059,-98.5274,29.4059,-98.5274,0,0,0,0,0,29,0,0,0
659435,2021,5,3,"2021-05-03","19:12:00",3,"TX",48,0,0.75,0,0,0,0,32.45,-97.38,32.45,-97.38,0,0,0,0,0,251,0,0,0
659436,2021,5,3,"2021-05-03","19:13:00",3,"TX",48,0,1.75,0,0,0,0,29.4657,-98.4637,29.4657,-98.4637,0,0,0,0,0,29,0,0,0
659437,2021,5,3,"2021-05-03","19:14:00",3,"TX",48,0,2,0,0,0,0,29.3909,-98.4568,29.3909,-98.4568,0,0,0,0,0,29,0,0,0
659438,2021,5,3,"2021-05-03","19:14:00",3,"TX",48,0,1.5,0,0,0,0,29.38,-98.46,29.38,-98.46,0,0,0,0,0,29,0,0,0
659439,2021,5,3,"2021-05-03","19:15:00",3,"TX",48,0,2,0,0,0,0,29.3999,-98.4841,29.3999,-98.4841,0,0,0,0,0,29,0,0,0
659440,2021,5,3,"2021-05-03","19:20:00",3,"TX",48,0,4.5,0,0,0,0,29.39,-98.39,29.39,-98.39,0,0,0,0,0,29,0,0,0
659441,2021,5,3,"2021-05-03","19:20:00",3,"TX",48,0,5.5,0,0,0,0,29.36,-98.34,29.36,-98.34,0,0,0,0,0,29,0,0,0
659442,2021,5,3,"2021-05-03","19:20:00",3,"TX",48,0,1.5,0,0,2000,0,33.8,-96.85,33.8,-96.85,0,0,0,0,0,181,0,0,0
659443,2021,5,3,"2021-05-03","19:20:00",3,"TX",48,0,2,0,0,0,0,29.3633,-98.439,29.3633,-98.439,0,0,0,0,0,29,0,0,0
659444,2021,5,3,"2021-05-03","19:20:00",3,"TX",48,0,2.75,0,0,0,0,29.4,-98.44,29.4,-98.44,0,0,0,0,0,29,0,0,0
659445,2021,5,3,"2021-05-03","19:21:00",3,"TX",48,0,1.75,0,0,40000,0,32.31,-97.42,32.31,-97.42,0,0,0,0,0,251,0,0,0
659446,2021,5,3,"2021-05-03","19:25:00",3,"TX",48,0,2.75,0,0,0,0,29.3563,-98.4152,29.3563,-98.4152,0,0,0,0,0,29,0,0,0
659447,2021,5,3,"2021-05-03","19:25:00",3,"TX",48,0,2.75,0,0,0,0,32.85,-100.47,32.85,-100.47,0,0,0,0,0,151,0,0,0
659448,2021,5,3,"2021-05-03","19:26:00",3,"TX",48,0,0.75,0,0,0,0,32.9652,-100.5264,32.9652,-100.5264,0,0,0,0,0,263,0,0,0
659449,2021,5,3,"2021-05-03","19:27:00",3,"TX",48,0,1.75,0,0,0,0,29.46,-98.37,29.46,-98.37,0,0,0,0,0,29,0,0,0
659450,2021,5,3,"2021-05-03","19:30:00",3,"TX",48,0,2.5,0,0,0,0,29.36,-98.42,29.36,-98.42,0,0,0,0,0,29,0,0,0
659451,2021,5,3,"2021-05-03","19:38:00",3,"OK",40,0,1,0,0,0,0,35.0009,-95.3401,35.0009,-95.3401,0,0,0,0,0,77,0,0,0
659452,2021,5,3,"2021-05-03","19:42:00",3,"TX",48,0,0.75,0,0,0,0,32.63,-100.75,32.63,-100.75,0,0,0,0,0,415,0,0,0
659453,2021,5,3,"2021-05-03","19:44:00",3,"TX",48,0,1,0,0,0,0,32.43,-97,32.43,-97,0,0,0,0,0,139,0,0,0
659454,2021,5,3,"2021-05-03","19:46:00",3,"OK",40,0,1,0,0,0,0,33.94,-96.76,33.94,-96.76,0,0,0,0,0,95,0,0,0
659455,2021,5,3,"2021-05-03","19:46:00",3,"TX",48,0,1,0,0,0,0,32.73,-101.95,32.73,-101.95,0,0,0,0,0,115,0,0,0
659456,2021,5,3,"2021-05-03","19:47:00",3,"TX",48,0,1.5,0,0,0,0,32.49,-97.26,32.49,-97.26,0,0,0,0,0,251,0,0,0
659457,2021,5,3,"2021-05-03","19:48:00",3,"OK",40,0,1.75,0,0,0,0,35.26,-96.98,35.26,-96.98,0,0,0,0,0,125,0,0,0
659458,2021,5,3,"2021-05-03","19:52:00",3,"TX",48,0,1.25,0,0,0,0,32.89,-100.13,32.89,-100.13,0,0,0,0,0,253,0,0,0
659459,2021,5,3,"2021-05-03","19:55:00",3,"OK",40,0,1,0,0,0,0,33.98,-96.7,33.98,-96.7,0,0,0,0,0,95,0,0,0
659460,2021,5,3,"2021-05-03","19:55:00",3,"OK",40,0,1,0,0,0,0,35.28,-97,35.28,-97,0,0,0,0,0,125,0,0,0
659461,2021,5,3,"2021-05-03","19:57:00",3,"TX",48,0,1,0,0,0,0,29.46,-98.27,29.46,-98.27,0,0,0,0,0,29,0,0,0
659462,2021,5,3,"2021-05-03","20:03:00",3,"TX",48,0,1,0,0,0,0,32.76,-96.66,32.76,-96.66,0,0,0,0,0,113,0,0,0
659463,2021,5,3,"2021-05-03","20:08:00",3,"TX",48,0,2,0,0,0,0,29.46,-98.1,29.46,-98.1,0,0,0,0,0,187,0,0,0
659464,2021,5,3,"2021-05-03","20:10:00",3,"OK",40,0,2.5,0,0,0,0,35.38,-97,35.38,-97,0,0,0,0,0,125,0,0,0
659465,2021,5,3,"2021-05-03","20:10:00",3,"OK",40,0,1.25,0,0,0,0,35.37,-96.95,35.37,-96.95,0,0,0,0,0,125,0,0,0
659466,2021,5,3,"2021-05-03","20:14:00",3,"OK",40,0,0.75,0,0,0,0,35.9007,-96.1079,35.9007,-96.1079,0,0,0,0,0,37,0,0,0
659467,2021,5,3,"2021-05-03","20:15:00",3,"TX",48,0,0.88,0,0,0,0,29.57,-97.93,29.57,-97.93,0,0,0,0,0,187,0,0,0
659468,2021,5,3,"2021-05-03","20:16:00",3,"TX",48,0,2,0,0,0,0,29.47,-98.02,29.47,-98.02,0,0,0,0,0,187,0,0,0
659469,2021,5,3,"2021-05-03","20:20:00",3,"TX",48,0,1.5,0,0,0,0,29.43,-98,29.43,-98,0,0,0,0,0,187,0,0,0
659470,2021,5,3,"2021-05-03","20:20:00",3,"TX",48,0,1.25,0,0,0,0,32.93,-99.83,32.93,-99.83,0,0,0,0,0,253,0,0,0
659471,2021,5,3,"2021-05-03","20:23:00",3,"TX",48,0,1.75,0,0,1e+05,0,32.42,-96.84,32.42,-96.84,0,0,0,0,0,139,0,0,0
659472,2021,5,3,"2021-05-03","20:24:00",3,"OK",40,0,0.75,0,0,0,0,35.05,-94.62,35.05,-94.62,0,0,0,0,0,79,0,0,0
659473,2021,5,3,"2021-05-03","20:26:00",3,"TX",48,0,0.75,0,0,0,0,32.94,-99.8,32.94,-99.8,0,0,0,0,0,253,0,0,0
659474,2021,5,3,"2021-05-03","20:27:00",3,"TX",48,0,1,0,0,0,0,32.94,-99.8,32.94,-99.8,0,0,0,0,0,253,0,0,0
659475,2021,5,3,"2021-05-03","20:32:00",3,"TX",48,0,0.75,0,0,0,0,32.94,-99.77,32.94,-99.77,0,0,0,0,0,253,0,0,0
659476,2021,5,3,"2021-05-03","20:33:00",3,"TX",48,0,1,0,0,0,0,33.45,-96.75,33.45,-96.75,0,0,0,0,0,181,0,0,0
659477,2021,5,3,"2021-05-03","20:38:00",3,"TX",48,0,1.25,0,0,0,0,29.49,-97.95,29.49,-97.95,0,0,0,0,0,187,0,0,0
659478,2021,5,3,"2021-05-03","20:46:00",3,"TX",48,0,1.5,0,0,0,0,33.4855,-96.62,33.4855,-96.62,0,0,0,0,0,181,0,0,0
659479,2021,5,3,"2021-05-03","20:48:00",3,"TX",48,0,1.5,0,0,0,0,33.63,-96.62,33.63,-96.62,0,0,0,0,0,181,0,0,0
659480,2021,5,3,"2021-05-03","20:48:00",3,"TX",48,0,1,0,0,0,0,33.6,-96.61,33.6,-96.61,0,0,0,0,0,181,0,0,0
659481,2021,5,3,"2021-05-03","20:58:00",3,"TX",48,0,1,0,0,0,0,32.3,-97.03,32.3,-97.03,0,0,0,0,0,139,0,0,0
659482,2021,5,3,"2021-05-03","21:00:00",3,"TX",48,0,1.75,0,0,0,0,32.93,-99.23,32.93,-99.23,0,0,0,0,0,417,0,0,0
659483,2021,5,3,"2021-05-03","21:05:00",3,"TX",48,0,0.75,0,0,0,0,32.7,-96.37,32.7,-96.37,0,0,0,0,0,257,0,0,0
659484,2021,5,3,"2021-05-03","21:06:00",3,"TX",48,0,1,0,0,0,0,32.71,-96.34,32.71,-96.34,0,0,0,0,0,257,0,0,0
659485,2021,5,3,"2021-05-03","21:13:00",3,"OK",40,0,1.5,0,0,0,0,35.74,-96.93,35.74,-96.93,0,0,0,0,0,81,0,0,0
659486,2021,5,3,"2021-05-03","21:35:00",3,"OK",40,0,1,0,0,0,0,35.9,-96.87,35.9,-96.87,0,0,0,0,0,81,0,0,0
659487,2021,5,3,"2021-05-03","21:51:00",3,"TX",48,0,1,0,0,0,0,31.1318,-97.3433,31.1318,-97.3433,0,0,0,0,0,27,0,0,0
659488,2021,5,3,"2021-05-03","21:52:00",3,"TX",48,0,1.75,0,0,1e+05,0,31.18,-97.33,31.18,-97.33,0,0,0,0,0,27,0,0,0
659489,2021,5,3,"2021-05-03","22:05:00",3,"OK",40,0,1.75,0,0,0,0,36.02,-96.91,36.02,-96.91,0,0,0,0,0,119,0,0,0
659490,2021,5,3,"2021-05-03","22:05:00",3,"OK",40,0,1.75,0,0,0,0,35.98,-96.87,35.98,-96.87,0,0,0,0,0,119,0,0,0
659491,2021,5,3,"2021-05-03","22:13:00",3,"OK",40,0,1.75,0,0,0,0,36.13,-96.9,36.13,-96.9,0,0,0,0,0,119,0,0,0
659492,2021,5,3,"2021-05-03","22:46:00",3,"OK",40,0,1.5,0,0,20000,0,36.33,-96.818,36.33,-96.818,0,0,0,0,0,117,0,0,0
659493,2021,5,3,"2021-05-03","23:17:00",3,"KY",21,0,1,0,0,0,0,36.99,-86.47,36.99,-86.47,0,0,0,0,0,227,0,0,0
659494,2021,5,3,"2021-05-03","23:20:00",3,"OK",40,0,1.25,0,0,0,0,34.41,-97.04,34.41,-97.04,0,0,0,0,0,99,0,0,0
659495,2021,5,3,"2021-05-03","23:21:00",3,"TX",48,0,0.75,0,0,0,0,33.98,-98.5,33.98,-98.5,0,0,0,0,0,485,0,0,0
659496,2021,5,3,"2021-05-03","23:26:00",3,"KY",21,0,1.25,0,0,0,0,37.02,-86.38,37.02,-86.38,0,0,0,0,0,227,0,0,0
659497,2021,5,3,"2021-05-03","23:30:00",3,"AR",5,0,0.75,0,0,0,0,35.83,-90.7,35.83,-90.7,0,0,0,0,0,31,0,0,0
659498,2021,5,3,"2021-05-03","23:35:00",3,"OK",40,0,1.75,0,0,0,0,34.45,-97.51,34.45,-97.51,0,0,0,0,0,19,0,0,0
659499,2021,5,3,"2021-05-03","23:48:00",3,"OK",40,0,1,0,0,0,0,34.45,-97.51,34.45,-97.51,0,0,0,0,0,19,0,0,0
659500,2021,5,3,"2021-05-03","23:52:00",3,"AR",5,0,0.88,0,0,0,0,35.87,-92.11,35.87,-92.11,0,0,0,0,0,137,0,0,0
659501,2021,5,4,"2021-05-04","00:12:00",3,"TX",48,0,0.88,0,0,0,0,32.4764,-95.5203,32.4764,-95.5203,0,0,0,0,0,423,0,0,0
659502,2021,5,4,"2021-05-04","00:15:00",3,"OK",40,0,3.61,0,0,0,0,34.41,-97.13,34.41,-97.13,0,0,0,0,0,99,0,0,0
659503,2021,5,4,"2021-05-04","00:20:00",3,"OK",40,0,1.8,0,0,0,0,34.43,-97.06,34.43,-97.06,0,0,0,0,0,99,0,0,0
659504,2021,5,4,"2021-05-04","00:20:00",3,"AR",5,0,0.88,0,0,0,0,36.28,-90.67,36.28,-90.67,0,0,0,0,0,21,0,0,0
659505,2021,5,4,"2021-05-04","00:50:00",3,"KY",21,0,0.75,0,0,0,0,36.5698,-88.9427,36.5698,-88.9427,0,0,0,0,0,75,0,0,0
659506,2021,5,4,"2021-05-04","00:55:00",3,"TN",47,0,1,0,0,0,0,36.5315,-85.3605,36.5315,-85.3605,0,0,0,0,0,27,0,0,0
659507,2021,5,4,"2021-05-04","00:56:00",3,"AR",5,0,0.75,0,0,0,0,36.08,-91.61,36.08,-91.61,0,0,0,0,0,135,0,0,0
659508,2021,5,4,"2021-05-04","01:25:00",3,"AR",5,0,1,0,0,0,0,35.09,-92.4,35.09,-92.4,0,0,0,0,0,45,0,0,0
659509,2021,5,4,"2021-05-04","01:35:00",3,"AR",5,0,1,0,0,0,0,35.9,-90.35,35.9,-90.35,0,0,0,0,0,31,0,0,0
659510,2021,5,4,"2021-05-04","01:55:00",3,"KY",21,0,0.75,0,0,0,0,37.0909,-87.5313,37.0909,-87.5313,0,0,0,0,0,47,0,0,0
659511,2021,5,4,"2021-05-04","02:00:00",3,"KY",21,0,0.75,0,0,0,0,36.62,-88.32,36.62,-88.32,0,0,0,0,0,35,0,0,0
659512,2021,5,4,"2021-05-04","02:07:00",3,"KY",21,0,0.75,0,0,0,0,37.05,-87.48,37.05,-87.48,0,0,0,0,0,47,0,0,0
659513,2021,5,4,"2021-05-04","02:18:00",3,"TN",47,0,0.88,0,0,0,0,36.48,-85.4,36.48,-85.4,0,0,0,0,0,133,0,0,0
659514,2021,5,4,"2021-05-04","03:20:00",3,"TN",47,0,0.75,0,0,0,0,35.78,-89,35.78,-89,0,0,0,0,0,33,0,0,0
659515,2021,5,4,"2021-05-04","04:15:00",3,"TN",47,0,1,0,0,0,0,35.69,-83.8,35.69,-83.8,0,0,0,0,0,9,0,0,0
659516,2021,5,4,"2021-05-04","05:47:00",3,"TX",48,0,1,0,0,0,0,29.89,-97.92,29.89,-97.92,0,0,0,0,0,209,0,0,0
659517,2021,5,4,"2021-05-04","05:52:00",3,"TX",48,0,1.5,0,0,0,0,29.9,-97.88,29.9,-97.88,0,0,0,0,0,55,0,0,0
659518,2021,5,4,"2021-05-04","06:15:00",3,"TX",48,0,0.88,0,0,0,0,30.15,-97.76,30.15,-97.76,0,0,0,0,0,453,0,0,0
659519,2021,5,4,"2021-05-04","06:25:00",3,"TX",48,0,0.88,0,0,0,0,30.2,-97.66,30.2,-97.66,0,0,0,0,0,453,0,0,0
659520,2021,5,4,"2021-05-04","06:25:00",3,"TX",48,0,1.75,0,0,0,0,29.91,-97.75,29.91,-97.75,0,0,0,0,0,55,0,0,0
659521,2021,5,4,"2021-05-04","06:30:00",3,"TX",48,0,0.88,0,0,0,0,29.98,-97.45,29.98,-97.45,0,0,0,0,0,21,0,0,0
659522,2021,5,4,"2021-05-04","06:30:00",3,"TX",48,0,1.5,0,0,0,0,30.04,-97.33,30.04,-97.33,0,0,0,0,0,21,0,0,0
659523,2021,5,4,"2021-05-04","06:32:00",3,"TX",48,0,0.88,0,0,0,0,30.04,-97.36,30.04,-97.36,0,0,0,0,0,21,0,0,0
659524,2021,5,4,"2021-05-04","06:55:00",3,"TX",48,0,1.25,0,0,0,0,30.01,-97.15,30.01,-97.15,0,0,0,0,0,21,0,0,0
659525,2021,5,4,"2021-05-04","07:05:00",3,"MS",28,0,1.25,0,0,5000,0,32.01,-90.35,32.01,-90.35,0,0,0,0,0,29,0,0,0
659526,2021,5,4,"2021-05-04","08:40:00",3,"TX",48,0,0.88,0,0,0,0,29.73,-98.08,29.73,-98.08,0,0,0,0,0,91,0,0,0
659527,2021,5,4,"2021-05-04","09:05:00",3,"MS",28,0,1,0,0,0,0,33.3258,-89.2262,33.3258,-89.2262,0,0,0,0,0,19,0,0,0
659528,2021,5,4,"2021-05-04","09:13:00",3,"TX",48,0,1,0,0,0,0,29.87,-97.65,29.87,-97.65,0,0,0,0,0,55,0,0,0
659529,2021,5,4,"2021-05-04","10:00:00",3,"AL",1,0,1,0,0,0,0,33.83,-87.28,33.83,-87.28,0,0,0,0,0,127,0,0,0
659530,2021,5,4,"2021-05-04","10:05:00",3,"LA",22,0,0.88,0,0,0,0,32.3471,-93.7188,32.3471,-93.7188,0,0,0,0,0,17,0,0,0
659531,2021,5,4,"2021-05-04","12:03:00",3,"MS",28,0,1,0,0,0,0,31.99,-90.36,31.99,-90.36,0,0,0,0,0,29,0,0,0
659532,2021,5,4,"2021-05-04","12:29:00",3,"AL",1,0,1.25,0,0,0,0,33.65,-85.58,33.65,-85.58,0,0,0,0,0,29,0,0,0
659533,2021,5,4,"2021-05-04","12:40:00",3,"MS",28,0,1.75,0,0,10000,0,32.91,-90.87,32.91,-90.87,0,0,0,0,0,125,0,0,0
659534,2021,5,4,"2021-05-04","12:46:00",3,"MS",28,0,1,0,0,0,0,33.5,-89.92,33.5,-89.92,0,0,0,0,0,15,0,0,0
659535,2021,5,4,"2021-05-04","12:48:00",3,"VA",51,0,1.5,0,0,0,0,38.0002,-79.1503,38.0002,-79.1503,0,0,0,0,0,15,0,0,0
659536,2021,5,4,"2021-05-04","12:49:00",3,"VA",51,0,1,0,0,0,0,38.7045,-78.6566,38.7045,-78.6566,0,0,0,0,0,171,0,0,0
659537,2021,5,4,"2021-05-04","13:12:00",3,"VA",51,0,1,0,0,0,0,38.6856,-78.5083,38.6856,-78.5083,0,0,0,0,0,139,0,0,0
659538,2021,5,4,"2021-05-04","13:19:00",3,"VA",51,0,0.88,0,0,0,0,37.53,-79.37,37.53,-79.37,0,0,0,0,0,19,0,0,0
659539,2021,5,4,"2021-05-04","13:24:00",3,"NC",37,0,0.88,0,0,0,0,36.21,-79.74,36.21,-79.74,0,0,0,0,0,81,0,0,0
659540,2021,5,4,"2021-05-04","13:26:00",3,"NC",37,0,1,0,0,0,0,36.21,-79.7,36.21,-79.7,0,0,0,0,0,81,0,0,0
659541,2021,5,4,"2021-05-04","13:45:00",3,"MS",28,0,1,0,0,0,0,34.83,-89.17,34.83,-89.17,0,0,0,0,0,9,0,0,0
659542,2021,5,4,"2021-05-04","14:33:00",3,"SC",45,0,1.25,0,0,0,0,33.13,-79.85,33.13,-79.85,0,0,0,0,0,15,0,0,0
659543,2021,5,4,"2021-05-04","15:15:00",3,"AL",1,0,1,0,0,0,0,34.72,-87.69,34.72,-87.69,0,0,0,0,0,33,0,0,0
659544,2021,5,5,"2021-05-05","14:30:00",3,"KS",20,0,2,0,0,0,0,39.9805,-98.6366,39.9805,-98.6366,0,0,0,0,0,183,0,0,0
659545,2021,5,5,"2021-05-05","14:40:00",3,"NE",31,0,1,0,0,0,0,41.98,-97.71,41.98,-97.71,0,0,0,0,0,119,0,0,0
659546,2021,5,5,"2021-05-05","14:40:00",3,"NE",31,0,2,0,0,0,0,42.02,-97.74,42.02,-97.74,0,0,0,0,0,119,0,0,0
659547,2021,5,5,"2021-05-05","14:59:00",3,"NE",31,0,0.88,0,0,0,0,40.5445,-98.05,40.5445,-98.05,0,0,0,0,0,35,0,0,0
659548,2021,5,5,"2021-05-05","15:16:00",3,"NE",31,0,1,0,0,0,0,42.72,-97.27,42.72,-97.27,0,0,0,0,0,27,0,0,0
659549,2021,5,5,"2021-05-05","15:25:00",3,"NE",31,0,1,0,0,0,0,41.84,-97.46,41.84,-97.46,0,0,0,0,0,119,0,0,0
659550,2021,5,5,"2021-05-05","16:10:00",3,"KS",20,0,1,0,0,0,0,39.3984,-98.2128,39.3984,-98.2128,0,0,0,0,0,123,0,0,0
659551,2021,5,5,"2021-05-05","16:18:00",3,"NE",31,0,1.5,0,0,0,0,40.68,-97.11,40.68,-97.11,0,0,0,0,0,151,0,0,0
659552,2021,5,5,"2021-05-05","16:32:00",3,"KS",20,0,1,0,0,0,0,37.78,-100.04,37.78,-100.04,0,0,0,0,0,57,0,0,0
659553,2021,5,5,"2021-05-05","16:33:00",3,"KS",20,0,0.75,0,0,0,0,37.78,-100.03,37.78,-100.03,0,0,0,0,0,57,0,0,0
659554,2021,5,5,"2021-05-05","16:35:00",3,"KS",20,0,1.75,0,0,0,0,37.78,-100.02,37.78,-100.02,0,0,0,0,0,57,0,0,0
659555,2021,5,5,"2021-05-05","16:41:00",3,"KS",20,0,1,0,0,0,0,37.53,-100.69,37.53,-100.69,0,0,0,0,0,81,0,0,0
659556,2021,5,5,"2021-05-05","20:26:00",3,"OK",40,0,1.25,0,0,0,0,36.14,-99.84,36.14,-99.84,0,0,0,0,0,45,0,0,0
659557,2021,5,5,"2021-05-05","21:21:00",3,"TX",48,0,1,0,0,0,0,36.08,-100.14,36.08,-100.14,0,0,0,0,0,295,0,0,0
659558,2021,5,5,"2021-05-05","21:44:00",3,"OK",40,0,1,0,0,0,0,35.78,-99.72,35.78,-99.72,0,0,0,0,0,129,0,0,0
659559,2021,5,6,"2021-05-06","10:25:00",3,"MO",29,0,0.75,0,0,0,0,37,-91.0381,37,-91.0381,0,0,0,0,0,35,0,0,0
659560,2021,5,6,"2021-05-06","11:54:00",3,"MO",29,0,0.75,0,0,0,0,36.97,-90.55,36.97,-90.55,0,0,0,0,0,223,0,0,0
659561,2021,5,6,"2021-05-06","12:17:00",3,"AR",5,0,0.75,0,0,0,0,36.31,-91.22,36.31,-91.22,0,0,0,0,0,121,0,0,0
659562,2021,5,6,"2021-05-06","12:24:00",3,"IL",17,0,1,0,0,0,0,38.6506,-88.5836,38.6506,-88.5836,0,0,0,0,0,25,0,0,0
659563,2021,5,6,"2021-05-06","12:27:00",3,"AR",5,0,0.75,0,0,0,0,36.26,-91.11,36.26,-91.11,0,0,0,0,0,121,0,0,0
659564,2021,5,6,"2021-05-06","12:55:00",3,"AR",5,0,0.88,0,0,0,0,36.38,-90.18,36.38,-90.18,0,0,0,0,0,21,0,0,0
659565,2021,5,6,"2021-05-06","13:41:00",3,"IL",17,0,1,0,0,0,0,40.47,-87.5939,40.47,-87.5939,0,0,0,0,0,183,0,0,0
659566,2021,5,6,"2021-05-06","13:45:00",3,"KY",21,0,0.75,0,0,0,0,36.8511,-88.63,36.8511,-88.63,0,0,0,0,0,83,0,0,0
659567,2021,5,6,"2021-05-06","14:00:00",3,"AR",5,0,0.88,0,0,0,0,35.62,-90.33,35.62,-90.33,0,0,0,0,0,111,0,0,0
659568,2021,5,6,"2021-05-06","14:47:00",3,"TN",47,0,0.88,0,0,0,0,36.2,-88.42,36.2,-88.42,0,0,0,0,0,79,0,0,0
659569,2021,5,6,"2021-05-06","14:58:00",3,"TN",47,0,0.88,0,0,0,0,36,-88.42,36,-88.42,0,0,0,0,0,17,0,0,0
659570,2021,5,6,"2021-05-06","15:07:00",3,"IL",17,0,1,0,0,0,0,38.43,-88.93,38.43,-88.93,0,0,0,0,0,81,0,0,0
659571,2021,5,6,"2021-05-06","16:37:00",3,"IL",17,0,1,0,0,0,0,37.62,-88.98,37.62,-88.98,0,0,0,0,0,199,0,0,0
659572,2021,5,6,"2021-05-06","17:10:00",3,"IL",17,0,1,0,0,0,0,37.42,-88.91,37.42,-88.91,0,0,0,0,0,87,0,0,0
659573,2021,5,6,"2021-05-06","17:43:00",3,"IL",17,0,0.88,0,0,0,0,37.18,-88.76,37.18,-88.76,0,0,0,0,0,127,0,0,0
659574,2021,5,7,"2021-05-07","04:15:00",3,"NC",37,0,0.75,0,0,0,0,35.2593,-79.3909,35.2593,-79.3909,0,0,0,0,0,125,0,0,0
659575,2021,5,7,"2021-05-07","05:00:00",3,"NC",37,0,0.75,0,0,0,0,35.0714,-79.0254,35.0714,-79.0254,0,0,0,0,0,51,0,0,0
659576,2021,5,7,"2021-05-07","05:08:00",3,"NC",37,0,0.75,0,0,0,0,35.0735,-79.4847,35.0735,-79.4847,0,0,0,0,0,125,0,0,0
659577,2021,5,7,"2021-05-07","06:50:00",3,"NC",37,0,1.75,0,0,0,0,34.63,-78.62,34.63,-78.62,0,0,0,0,0,17,0,0,0
659578,2021,5,7,"2021-05-07","06:51:00",3,"NC",37,0,1,0,0,0,0,34.63,-78.62,34.63,-78.62,0,0,0,0,0,17,0,0,0
659579,2021,5,7,"2021-05-07","07:00:00",3,"NC",37,0,2,0,0,0,0,34.63,-78.62,34.63,-78.62,0,0,0,0,0,17,0,0,0
659580,2021,5,7,"2021-05-07","07:10:00",3,"NC",37,0,1,0,0,0,0,34.65,-78.5,34.65,-78.5,0,0,0,0,0,17,0,0,0
659581,2021,5,7,"2021-05-07","07:30:00",3,"NC",37,0,1,0,0,0,0,34.6194,-78.235,34.6194,-78.235,0,0,0,0,0,163,0,0,0
659582,2021,5,7,"2021-05-07","08:07:00",3,"NC",37,0,1,0,0,0,0,34.47,-78.12,34.47,-78.12,0,0,0,0,0,141,0,0,0
659583,2021,5,7,"2021-05-07","08:20:00",3,"NC",37,0,1,0,0,0,0,34.55,-77.9651,34.55,-77.9651,0,0,0,0,0,141,0,0,0
659584,2021,5,7,"2021-05-07","08:26:00",3,"NC",37,0,1,0,0,0,0,34.25,-78.05,34.25,-78.05,0,0,0,0,0,19,0,0,0
659585,2021,5,7,"2021-05-07","08:30:00",3,"NC",37,0,1,0,0,0,0,34.399,-77.72,34.399,-77.72,0,0,0,0,0,141,0,0,0
659586,2021,5,7,"2021-05-07","08:32:00",3,"NC",37,0,1,0,0,0,0,34.25,-78.0675,34.25,-78.0675,0,0,0,0,0,19,0,0,0
659587,2021,5,7,"2021-05-07","08:35:00",3,"NC",37,0,1.5,0,0,0,0,34.34,-77.73,34.34,-77.73,0,0,0,0,0,141,0,0,0
659588,2021,5,7,"2021-05-07","08:50:00",3,"NC",37,0,1,0,0,0,0,34.26,-77.78,34.26,-77.78,0,0,0,0,0,129,0,0,0
659589,2021,5,7,"2021-05-07","12:24:00",3,"NC",37,0,0.75,0,0,0,0,36.0123,-79.1946,36.0123,-79.1946,0,0,0,0,0,135,0,0,0
659590,2021,5,7,"2021-05-07","14:35:00",3,"NM",35,0,0.88,0,0,0,0,34.16,-106.91,34.16,-106.91,0,0,0,0,0,53,0,0,0
659591,2021,5,7,"2021-05-07","15:51:00",3,"AR",5,0,0.75,0,0,0,0,36.0811,-94.2031,36.0811,-94.2031,0,0,0,0,0,143,0,0,0
659592,2021,5,7,"2021-05-07","15:57:00",3,"OK",40,0,0.75,0,0,0,0,35.529,-94.97,35.529,-94.97,0,0,0,0,0,135,0,0,0
659593,2021,5,7,"2021-05-07","17:08:00",3,"AR",5,0,1,0,0,0,0,35.457,-94.3199,35.457,-94.3199,0,0,0,0,0,33,0,0,0
659594,2021,5,7,"2021-05-07","17:29:00",3,"TX",48,0,1,0,0,0,0,35.73,-100.94,35.73,-100.94,0,0,0,0,0,393,0,0,0
659595,2021,5,7,"2021-05-07","17:48:00",3,"TX",48,0,1,0,0,0,0,35.69,-100.64,35.69,-100.64,0,0,0,0,0,393,0,0,0
659596,2021,5,7,"2021-05-07","18:10:00",3,"AR",5,0,0.88,0,0,0,0,35.29,-93.72,35.29,-93.72,0,0,0,0,0,83,0,0,0
659597,2021,5,7,"2021-05-07","18:38:00",3,"TX",48,0,1,0,0,0,0,34.18,-101.95,34.18,-101.95,0,0,0,0,0,189,0,0,0
659598,2021,5,7,"2021-05-07","18:48:00",3,"IN",18,0,0.88,0,0,0,0,39.12,-85.13,39.12,-85.13,0,0,0,0,0,137,0,0,0
659599,2021,5,8,"2021-05-08","09:10:00",3,"KS",20,0,1.5,0,0,0,0,38.85,-97.94,38.85,-97.94,0,0,0,0,0,53,0,0,0
659600,2021,5,8,"2021-05-08","17:15:00",3,"NE",31,0,1,0,0,0,0,40.18,-98.45,40.18,-98.45,0,0,0,0,0,181,0,0,0
659601,2021,5,8,"2021-05-08","17:15:00",3,"KS",20,0,1,0,0,0,0,38.55,-99.38,38.55,-99.38,0,0,0,0,0,165,0,0,0
659602,2021,5,8,"2021-05-08","17:25:00",3,"KS",20,0,1,0,0,0,0,38.88,-99.32,38.88,-99.32,0,0,0,0,0,51,0,0,0
659603,2021,5,8,"2021-05-08","17:26:00",3,"KS",20,0,1,0,0,0,0,38.88,-99.32,38.88,-99.32,0,0,0,0,0,51,0,0,0
659604,2021,5,8,"2021-05-08","17:28:00",3,"KS",20,0,1.5,0,0,0,0,39.24,-99.2,39.24,-99.2,0,0,0,0,0,163,0,0,0
659605,2021,5,8,"2021-05-08","17:30:00",3,"NE",31,0,1.25,0,0,0,0,40.1579,-98.52,40.1579,-98.52,0,0,0,0,0,181,0,0,0
659606,2021,5,8,"2021-05-08","17:35:00",3,"NE",31,0,1,0,0,0,0,40.3,-98.27,40.3,-98.27,0,0,0,0,0,129,0,0,0
659607,2021,5,8,"2021-05-08","17:37:00",3,"KS",20,0,1.5,0,0,25000,0,39.25,-99.09,39.25,-99.09,0,0,0,0,0,163,0,0,0
659608,2021,5,8,"2021-05-08","17:45:00",3,"KS",20,0,1.75,0,0,0,0,38.97,-99.21,38.97,-99.21,0,0,0,0,0,51,0,0,0
659609,2021,5,8,"2021-05-08","17:55:00",3,"KS",20,0,1,0,0,0,0,38.65,-99.32,38.65,-99.32,0,0,0,0,0,165,0,0,0
659610,2021,5,8,"2021-05-08","18:29:00",3,"KS",20,0,2,0,0,250000,0,39.78,-98.78,39.78,-98.78,0,0,0,0,0,183,0,0,0
659611,2021,5,8,"2021-05-08","18:38:00",3,"KS",20,0,1.5,0,0,0,0,39.43,-98.7,39.43,-98.7,0,0,0,0,0,141,0,0,0
659612,2021,5,8,"2021-05-08","18:49:00",3,"KS",20,0,1,0,0,0,0,38.74,-98.27,38.74,-98.27,0,0,0,0,0,53,0,0,0
659613,2021,5,8,"2021-05-08","18:49:00",3,"NE",31,0,1.75,0,0,1e+05,0,40.01,-97.62,40.01,-97.62,0,0,0,0,0,169,0,0,0
659614,2021,5,8,"2021-05-08","19:04:00",3,"KS",20,0,1,0,0,0,0,38.73,-98.23,38.73,-98.23,0,0,0,0,0,53,0,0,0
659615,2021,5,8,"2021-05-08","19:07:00",3,"KS",20,0,1,0,0,0,0,39.68,-98.56,39.68,-98.56,0,0,0,0,0,183,0,0,0
659616,2021,5,8,"2021-05-08","19:10:00",3,"KS",20,0,1,0,0,0,0,38.88,-98,38.88,-98,0,0,0,0,0,105,0,0,0
659617,2021,5,8,"2021-05-08","19:12:00",3,"NE",31,0,1,0,0,0,0,40.08,-97.34,40.08,-97.34,0,0,0,0,0,95,0,0,0
659618,2021,5,8,"2021-05-08","19:20:00",3,"KS",20,0,1,0,0,0,0,39.76,-96.65,39.76,-96.65,0,0,0,0,0,117,0,0,0
659619,2021,5,8,"2021-05-08","19:25:00",3,"KS",20,0,2,0,0,0,0,38.77,-97.86,38.77,-97.86,0,0,0,0,0,169,0,0,0
659620,2021,5,8,"2021-05-08","19:41:00",3,"KS",20,0,1,0,0,0,0,38.79,-97.77,38.79,-97.77,0,0,0,0,0,169,0,0,0
659621,2021,5,8,"2021-05-08","19:43:00",3,"KS",20,0,1.25,0,0,0,0,38.79,-97.76,38.79,-97.76,0,0,0,0,0,169,0,0,0
659622,2021,5,8,"2021-05-08","19:45:00",3,"KS",20,0,1,0,0,0,0,38.81,-97.74,38.81,-97.74,0,0,0,0,0,169,0,0,0
659623,2021,5,8,"2021-05-08","19:50:00",3,"NE",31,0,1,0,0,0,0,40.1512,-98.7169,40.1512,-98.7169,0,0,0,0,0,181,0,0,0
659624,2021,5,8,"2021-05-08","19:50:00",3,"KS",20,0,1,0,0,0,0,38.85,-98.27,38.85,-98.27,0,0,0,0,0,53,0,0,0
659625,2021,5,8,"2021-05-08","20:15:00",3,"KS",20,0,1,0,0,0,0,38.92,-97.21,38.92,-97.21,0,0,0,0,0,41,0,0,0
659626,2021,5,8,"2021-05-08","20:25:00",3,"KS",20,0,1.5,0,0,0,0,38.91,-98.17,38.91,-98.17,0,0,0,0,0,105,0,0,0
659627,2021,5,8,"2021-05-08","20:27:00",3,"KS",20,0,1,0,0,0,0,38.96,-97.1,38.96,-97.1,0,0,0,0,0,41,0,0,0
659628,2021,5,8,"2021-05-08","20:34:00",3,"KS",20,0,1,0,0,0,0,38.99,-96.96,38.99,-96.96,0,0,0,0,0,61,0,0,0
659629,2021,5,8,"2021-05-08","20:42:00",3,"KS",20,0,1.5,0,0,0,0,38.85,-98.19,38.85,-98.19,0,0,0,0,0,53,0,0,0
659630,2021,5,8,"2021-05-08","21:00:00",3,"KS",20,0,1.25,0,0,0,0,38.8,-96.73,38.8,-96.73,0,0,0,0,0,127,0,0,0
659631,2021,5,8,"2021-05-08","21:10:00",3,"KS",20,0,1.5,0,0,0,0,38.85,-97.94,38.85,-97.94,0,0,0,0,0,53,0,0,0
659632,2021,5,8,"2021-05-08","21:16:00",3,"IA",19,0,1,0,0,0,0,40.75,-95.81,40.75,-95.81,0,0,0,0,0,71,0,0,0
659633,2021,5,8,"2021-05-08","21:44:00",3,"KS",20,0,1.25,0,0,0,0,38.78,-97.62,38.78,-97.62,0,0,0,0,0,169,0,0,0
659634,2021,5,8,"2021-05-08","21:56:00",3,"KS",20,0,1,0,0,0,0,38.83,-97.57,38.83,-97.57,0,0,0,0,0,169,0,0,0
659635,2021,5,8,"2021-05-08","22:32:00",3,"KS",20,0,0.88,0,0,0,0,38.85,-97.61,38.85,-97.61,0,0,0,0,0,169,0,0,0
659636,2021,5,8,"2021-05-08","22:41:00",3,"KS",20,0,0.88,0,0,0,0,38.8,-97.59,38.8,-97.59,0,0,0,0,0,169,0,0,0
659637,2021,5,8,"2021-05-08","22:45:00",3,"KS",20,0,0.75,0,0,0,0,38.71,-97.54,38.71,-97.54,0,0,0,0,0,169,0,0,0
659638,2021,5,8,"2021-05-08","23:19:00",3,"KS",20,0,0.88,0,0,0,0,38.26,-98.77,38.26,-98.77,0,0,0,0,0,9,0,0,0
659639,2021,5,9,"2021-05-09","01:01:00",3,"OK",40,0,0.88,0,0,0,0,36.4405,-94.7746,36.4405,-94.7746,0,0,0,0,0,41,0,0,0
659640,2021,5,9,"2021-05-09","01:14:00",3,"AR",5,0,1,0,0,0,0,36.4868,-94.5764,36.4868,-94.5764,0,0,0,0,0,7,0,0,0
659641,2021,5,9,"2021-05-09","01:30:00",3,"AR",5,0,1.5,0,0,20000,0,36.4882,-94.3378,36.4882,-94.3378,0,0,0,0,0,7,0,0,0
659642,2021,5,9,"2021-05-09","01:32:00",3,"MO",29,0,1.5,0,0,0,0,36.51,-94.28,36.51,-94.28,0,0,0,0,0,119,0,0,0
659643,2021,5,9,"2021-05-09","01:38:00",3,"MO",29,0,1.25,0,0,0,0,36.51,-94.22,36.51,-94.22,0,0,0,0,0,119,0,0,0
659644,2021,5,9,"2021-05-09","01:40:00",3,"MO",29,0,1.5,0,0,0,0,36.51,-94.21,36.51,-94.21,0,0,0,0,0,119,0,0,0
659645,2021,5,9,"2021-05-09","01:53:00",3,"MO",29,0,1,0,0,0,0,36.51,-94.11,36.51,-94.11,0,0,0,0,0,119,0,0,0
659646,2021,5,9,"2021-05-09","02:02:00",3,"MO",29,0,1.75,0,0,0,0,36.61,-93.84,36.61,-93.84,0,0,0,0,0,9,0,0,0
659647,2021,5,9,"2021-05-09","02:57:00",3,"MO",29,0,1,0,0,0,0,37.36,-93.58,37.36,-93.58,0,0,0,0,0,77,0,0,0
659648,2021,5,9,"2021-05-09","03:22:00",3,"MO",29,0,1,0,0,0,0,37.44,-93.41,37.44,-93.41,0,0,0,0,0,167,0,0,0
659649,2021,5,9,"2021-05-09","03:57:00",3,"MO",29,0,1,0,0,0,0,36.91,-92.81,36.91,-92.81,0,0,0,0,0,67,0,0,0
659650,2021,5,9,"2021-05-09","05:15:00",3,"IL",17,0,0.88,0,0,0,0,38.67,-88.49,38.67,-88.49,0,0,0,0,0,25,0,0,0
659651,2021,5,9,"2021-05-09","11:56:00",3,"LA",22,0,1,0,0,0,0,32.2871,-92.7124,32.2871,-92.7124,0,0,0,0,0,49,0,0,0
659652,2021,5,9,"2021-05-09","11:58:00",3,"LA",22,0,1,0,0,0,0,32.3507,-92.7201,32.3507,-92.7201,0,0,0,0,0,49,0,0,0
659653,2021,5,9,"2021-05-09","13:20:00",3,"AR",5,0,0.75,0,0,0,0,35.36,-92.24,35.36,-92.24,0,0,0,0,0,45,0,0,0
659654,2021,5,9,"2021-05-09","13:30:00",3,"AR",5,0,1,0,0,0,0,35.29,-92.2,35.29,-92.2,0,0,0,0,0,45,0,0,0
659655,2021,5,9,"2021-05-09","13:40:00",3,"AR",5,0,1,0,0,0,0,35.29,-92.08,35.29,-92.08,0,0,0,0,0,145,0,0,0
659656,2021,5,9,"2021-05-09","13:45:00",3,"AR",5,0,1.5,0,0,0,0,35.29,-92.07,35.29,-92.07,0,0,0,0,0,145,0,0,0
659657,2021,5,9,"2021-05-09","13:47:00",3,"AR",5,0,2.75,0,0,0,0,35.22,-92.13,35.22,-92.13,0,0,0,0,0,45,0,0,0
659658,2021,5,9,"2021-05-09","14:19:00",3,"AR",5,0,1,0,0,0,0,35.24,-91.67,35.24,-91.67,0,0,0,0,0,145,0,0,0
659659,2021,5,9,"2021-05-09","14:38:00",3,"AR",5,0,1.25,0,0,0,0,34.0763,-93.8274,34.0763,-93.8274,0,0,0,0,0,61,0,0,0
659660,2021,5,9,"2021-05-09","14:45:00",3,"TX",48,0,1.75,0,0,4000,0,31.9547,-95.6105,31.9547,-95.6105,0,0,0,0,0,1,0,0,0
659661,2021,5,9,"2021-05-09","14:53:00",3,"AR",5,0,1.75,0,0,0,0,34.03,-93.67,34.03,-93.67,0,0,0,0,0,109,0,0,0
659662,2021,5,9,"2021-05-09","15:00:00",3,"AR",5,0,1,0,0,0,0,35.69,-90.33,35.69,-90.33,0,0,0,0,0,111,0,0,0
659663,2021,5,9,"2021-05-09","15:09:00",3,"TX",48,0,1,0,0,0,0,31.79,-97.23,31.79,-97.23,0,0,0,0,0,217,0,0,0
659664,2021,5,9,"2021-05-09","15:20:00",3,"TX",48,0,1,0,0,0,0,31.8,-97.09,31.8,-97.09,0,0,0,0,0,309,0,0,0
659665,2021,5,9,"2021-05-09","15:25:00",3,"TX",48,0,0.88,0,0,0,0,31.6119,-94.6843,31.6119,-94.6843,0,0,0,0,0,347,0,0,0
659666,2021,5,9,"2021-05-09","15:36:00",3,"AR",5,0,1.75,0,0,0,0,33.75,-92.49,33.75,-92.49,0,0,0,0,0,13,0,0,0
659667,2021,5,9,"2021-05-09","15:39:00",3,"AR",5,0,1.5,0,0,0,0,33.73,-92.62,33.73,-92.62,0,0,0,0,0,103,0,0,0
659668,2021,5,9,"2021-05-09","15:45:00",3,"TX",48,0,0.75,0,0,0,0,31.76,-96.88,31.76,-96.88,0,0,0,0,0,217,0,0,0
659669,2021,5,9,"2021-05-09","15:56:00",3,"AR",5,0,1,0,0,0,0,33.71,-92.47,33.71,-92.47,0,0,0,0,0,13,0,0,0
659670,2021,5,9,"2021-05-09","16:01:00",3,"AR",5,0,1.5,0,0,0,0,33.73,-92.41,33.73,-92.41,0,0,0,0,0,13,0,0,0
659671,2021,5,9,"2021-05-09","16:03:00",3,"AR",5,0,1.75,0,0,0,0,33.72,-92.43,33.72,-92.43,0,0,0,0,0,13,0,0,0
659672,2021,5,9,"2021-05-09","16:06:00",3,"AR",5,0,1,0,0,0,0,33.6596,-93.6809,33.6596,-93.6809,0,0,0,0,0,57,0,0,0
659673,2021,5,9,"2021-05-09","16:22:00",3,"AR",5,0,1,0,0,0,0,33.71,-92.47,33.71,-92.47,0,0,0,0,0,13,0,0,0
659674,2021,5,9,"2021-05-09","16:23:00",3,"AR",5,0,1,0,0,0,0,33.6299,-93.5304,33.6299,-93.5304,0,0,0,0,0,57,0,0,0
659675,2021,5,9,"2021-05-09","16:54:00",3,"AR",5,0,1.25,0,0,0,0,33.55,-92.85,33.55,-92.85,0,0,0,0,0,103,0,0,0
659676,2021,5,9,"2021-05-09","16:55:00",3,"AR",5,0,1.25,0,0,0,0,33.57,-92.85,33.57,-92.85,0,0,0,0,0,103,0,0,0
659677,2021,5,9,"2021-05-09","17:05:00",3,"TX",48,0,1.5,0,0,0,0,30.83,-99.26,30.83,-99.26,0,0,0,0,0,319,0,0,0
659678,2021,5,9,"2021-05-09","17:15:00",3,"TX",48,0,0.75,0,0,0,0,32.3304,-96.0807,32.3304,-96.0807,0,0,0,0,0,213,0,0,0
659679,2021,5,9,"2021-05-09","17:20:00",3,"TX",48,0,1.75,0,0,2000,0,31.43,-95.76,31.43,-95.76,0,0,0,0,0,289,0,0,0
659680,2021,5,9,"2021-05-09","17:22:00",3,"TX",48,0,2.5,0,0,0,0,30.74,-99.17,30.74,-99.17,0,0,0,0,0,319,0,0,0
659681,2021,5,9,"2021-05-09","17:45:00",3,"LA",22,0,0.88,0,0,0,0,31.4442,-93.457,31.4442,-93.457,0,0,0,0,0,85,0,0,0
659682,2021,5,9,"2021-05-09","18:02:00",3,"TX",48,0,1.5,0,0,0,0,30.58,-98.88,30.58,-98.88,0,0,0,0,0,299,0,0,0
659683,2021,5,9,"2021-05-09","18:05:00",3,"TX",48,0,1,0,0,0,0,30.5,-98.89,30.5,-98.89,0,0,0,0,0,171,0,0,0
659684,2021,5,9,"2021-05-09","18:10:00",3,"TX",48,0,1.75,0,0,0,0,30.38,-98.73,30.38,-98.73,0,0,0,0,0,171,0,0,0
659685,2021,5,9,"2021-05-09","18:15:00",3,"TX",48,0,1.75,0,0,1000,0,30.4,-98.79,30.4,-98.79,0,0,0,0,0,171,0,0,0
659686,2021,5,9,"2021-05-09","18:17:00",3,"TX",48,0,1.75,0,0,0,0,30.43,-98.8,30.43,-98.8,0,0,0,0,0,171,0,0,0
659687,2021,5,9,"2021-05-09","18:19:00",3,"TX",48,0,1,0,0,0,0,31,-93.67,31,-93.67,0,0,0,0,0,351,0,0,0
659688,2021,5,9,"2021-05-09","18:25:00",3,"TX",48,0,1.5,0,0,0,0,30.44,-98.78,30.44,-98.78,0,0,0,0,0,171,0,0,0
659689,2021,5,9,"2021-05-09","18:25:00",3,"TX",48,0,2.5,0,0,0,0,30.39,-98.73,30.39,-98.73,0,0,0,0,0,171,0,0,0
659690,2021,5,9,"2021-05-09","18:25:00",3,"TX",48,0,1.5,0,0,0,0,31.28,-98.94,31.28,-98.94,0,0,0,0,0,411,0,0,0
659691,2021,5,9,"2021-05-09","18:30:00",3,"TX",48,0,2.5,0,0,0,0,31.27,-98.94,31.27,-98.94,0,0,0,0,0,411,0,0,0
659692,2021,5,9,"2021-05-09","18:30:00",3,"TX",48,0,0.88,0,0,0,0,30.41,-98.77,30.41,-98.77,0,0,0,0,0,171,0,0,0
659693,2021,5,9,"2021-05-09","18:39:00",3,"MS",28,0,0.75,0,0,0,0,34.1265,-89.0032,34.1265,-89.0032,0,0,0,0,0,115,0,0,0
659694,2021,5,9,"2021-05-09","18:43:00",3,"TX",48,0,1,0,0,0,0,31.32,-98.94,31.32,-98.94,0,0,0,0,0,411,0,0,0
659695,2021,5,9,"2021-05-09","19:04:00",3,"TX",48,0,1.75,0,0,0,0,30.24,-98.56,30.24,-98.56,0,0,0,0,0,31,0,0,0
659696,2021,5,9,"2021-05-09","19:30:00",3,"TX",48,0,1.5,0,0,0,0,31.56,-98.66,31.56,-98.66,0,0,0,0,0,333,0,0,0
659697,2021,5,9,"2021-05-09","19:42:00",3,"TX",48,0,0.88,0,0,0,0,34.63,-102.73,34.63,-102.73,0,0,0,0,0,369,0,0,0
659698,2021,5,9,"2021-05-09","22:55:00",3,"NM",35,0,1,0,0,0,0,35.37,-103.41,35.37,-103.41,0,0,0,0,0,37,0,0,0
660837,2021,6,10,"2021-06-10","14:55:00",3,"SC",45,0,0.25,0,0,10,10,34.2746,-81.6187,34.2746,-81.6187,0,0,0,0,0,71,0,0,0
660838,2021,6,10,"2021-06-10","15:15:00",3,"WI",55,0,0.75,0,0,0,0,46,-89.53,46,-89.53,0,0,0,0,0,125,0,0,0
660839,2021,6,10,"2021-06-10","15:15:00",3,"MI",26,0,1,0,0,0,0,46.28,-89.48,46.28,-89.48,0,0,0,0,0,53,0,0,0
660840,2021,6,10,"2021-06-10","15:33:00",3,"MT",30,0,1,0,0,0,0,47.06,-108.74,47.06,-108.74,0,0,0,0,0,27,0,0,0
660841,2021,6,10,"2021-06-10","15:33:00",3,"MT",30,0,1.5,0,0,0,0,47.71,-104.55,47.71,-104.55,0,0,0,0,0,83,0,0,0
660842,2021,6,10,"2021-06-10","15:35:00",3,"MI",26,0,1,0,0,0,0,46.99,-88.54,46.99,-88.54,0,0,0,0,0,61,0,0,0
660843,2021,6,10,"2021-06-10","15:35:00",3,"MI",26,0,0.88,0,0,0,0,46.99,-88.57,46.99,-88.57,0,0,0,0,0,61,0,0,0
660844,2021,6,10,"2021-06-10","15:37:00",3,"MT",30,0,1,0,0,0,0,48.22,-104.5,48.22,-104.5,0,0,0,0,0,85,0,0,0
660845,2021,6,10,"2021-06-10","15:41:00",3,"MT",30,0,0.88,0,0,0,0,46.35,-108.44,46.35,-108.44,0,0,0,0,0,65,0,0,0
660846,2021,6,10,"2021-06-10","15:49:00",3,"MT",30,0,1,0,0,0,0,46.2,-108.45,46.2,-108.45,0,0,0,0,0,65,0,0,0
660847,2021,6,10,"2021-06-10","15:50:00",3,"MT",30,0,1.25,0,0,0,0,46.09,-108.47,46.09,-108.47,0,0,0,0,0,111,0,0,0
660848,2021,6,10,"2021-06-10","16:00:00",3,"MT",30,0,1.75,0,0,0,0,48.82,-104.94,48.82,-104.94,0,0,0,0,0,91,0,0,0
660849,2021,6,10,"2021-06-10","16:00:00",3,"MT",30,0,1,0,0,0,0,48.89,-104.78,48.89,-104.78,0,0,0,0,0,91,0,0,0
660850,2021,6,10,"2021-06-10","16:00:00",3,"MT",30,0,1,0,0,0,0,48.61,-104.61,48.61,-104.61,0,0,0,0,0,91,0,0,0
660851,2021,6,10,"2021-06-10","16:10:00",3,"MT",30,0,1,0,0,0,0,46.82,-108.61,46.82,-108.61,0,0,0,0,0,69,0,0,0
660852,2021,6,10,"2021-06-10","16:12:00",3,"WI",55,0,0.88,0,0,0,0,45.93,-90.12,45.93,-90.12,0,0,0,0,0,99,0,0,0
660853,2021,6,10,"2021-06-10","16:13:00",3,"MT",30,0,1,0,0,0,0,48.69,-104.46,48.69,-104.46,0,0,0,0,0,91,0,0,0
660854,2021,6,10,"2021-06-10","16:15:00",3,"MT",30,0,1.75,0,0,0,0,46.29,-108.37,46.29,-108.37,0,0,0,0,0,65,0,0,0
660855,2021,6,10,"2021-06-10","16:22:00",3,"MT",30,0,1.5,0,0,0,0,47.71,-104.16,47.71,-104.16,0,0,0,0,0,83,0,0,0
660856,2021,6,10,"2021-06-10","16:27:00",3,"MT",30,0,0.88,0,0,0,0,45.62,-108.87,45.62,-108.87,0,0,0,0,0,95,0,0,0
660857,2021,6,10,"2021-06-10","16:30:00",3,"MT",30,0,2,0,0,0,0,47.65,-104.12,47.65,-104.12,0,0,0,0,0,83,0,0,0
660858,2021,6,10,"2021-06-10","16:42:00",3,"MT",30,0,1.5,0,0,0,0,48.65,-104.4,48.65,-104.4,0,0,0,0,0,91,0,0,0
660859,2021,6,10,"2021-06-10","16:57:00",3,"MT",30,0,0.88,0,0,0,0,45.8,-108.57,45.8,-108.57,0,0,0,0,0,111,0,0,0
660860,2021,6,10,"2021-06-10","17:05:00",3,"WI",55,0,0.75,0,0,0,0,45.92,-90.45,45.92,-90.45,0,0,0,0,0,99,0,0,0
660861,2021,6,10,"2021-06-10","17:09:00",3,"MT",30,0,0.88,0,0,0,0,45.83,-108.51,45.83,-108.51,0,0,0,0,0,111,0,0,0
660862,2021,6,10,"2021-06-10","17:10:00",3,"MT",30,0,1.5,0,0,0,0,45.94,-108.35,45.94,-108.35,0,0,0,0,0,111,0,0,0
660863,2021,6,10,"2021-06-10","17:11:00",3,"WI",55,0,1.5,0,0,0,0,46.01,-90.49,46.01,-90.49,0,0,0,0,0,3,0,0,0
660864,2021,6,10,"2021-06-10","17:15:00",3,"MT",30,0,2,0,0,0,0,45.96,-108.34,45.96,-108.34,0,0,0,0,0,111,0,0,0
660865,2021,6,10,"2021-06-10","17:30:00",3,"WI",55,0,0.88,0,0,0,0,45.35,-89.66,45.35,-89.66,0,0,0,0,0,69,0,0,0
660866,2021,6,10,"2021-06-10","17:30:00",3,"ND",38,0,1.75,0,0,0,0,47.58,-103.91,47.58,-103.91,0,0,0,0,0,53,0,0,0
660867,2021,6,10,"2021-06-10","17:41:00",3,"AR",5,0,1,0,0,0,0,34.8,-92.49,34.8,-92.49,0,0,0,0,0,119,0,0,0
660868,2021,6,10,"2021-06-10","17:50:00",3,"MT",30,0,1.75,0,0,0,0,47.3,-104.19,47.3,-104.19,0,0,0,0,0,109,0,0,0
660869,2021,6,10,"2021-06-10","17:55:00",3,"MT",30,0,0.75,0,0,0,0,45.67,-108.77,45.67,-108.77,0,0,0,0,0,111,0,0,0
660870,2021,6,10,"2021-06-10","18:00:00",3,"MT",30,0,0.75,0,0,0,0,45.72,-108.72,45.72,-108.72,0,0,0,0,0,111,0,0,0
660871,2021,6,10,"2021-06-10","18:11:00",3,"MT",30,0,1,0,0,0,0,45.79,-108.65,45.79,-108.65,0,0,0,0,0,111,0,0,0
660872,2021,6,10,"2021-06-10","18:12:00",3,"MT",30,0,0.88,0,0,0,0,45.79,-108.65,45.79,-108.65,0,0,0,0,0,111,0,0,0
660873,2021,6,10,"2021-06-10","18:16:00",3,"MT",30,0,1.75,0,0,0,0,47.5,-104.16,47.5,-104.16,0,0,0,0,0,83,0,0,0
660874,2021,6,10,"2021-06-10","18:20:00",3,"WI",55,0,1.5,0,0,0,0,46.13,-91.4,46.13,-91.4,0,0,0,0,0,113,0,0,0
660875,2021,6,10,"2021-06-10","18:23:00",3,"ND",38,0,1.5,0,0,0,0,47.84,-103.69,47.84,-103.69,0,0,0,0,0,53,0,0,0
660876,2021,6,10,"2021-06-10","18:24:00",3,"WI",55,0,0.88,0,0,0,0,45,-89.5,45,-89.5,0,0,0,0,0,73,0,0,0
660877,2021,6,10,"2021-06-10","19:01:00",3,"ND",38,0,1,0,0,0,0,47.59,-103.92,47.59,-103.92,0,0,0,0,0,53,0,0,0
660878,2021,6,10,"2021-06-10","19:10:00",3,"ND",38,0,1,0,0,0,0,47.67,-103.81,47.67,-103.81,0,0,0,0,0,53,0,0,0
660879,2021,6,10,"2021-06-10","19:18:00",3,"WI",55,0,1.75,0,0,0,0,46.01,-91.48,46.01,-91.48,0,0,0,0,0,113,0,0,0
660880,2021,6,10,"2021-06-10","19:20:00",3,"WI",55,0,1,0,0,0,0,46,-91.34,46,-91.34,0,0,0,0,0,113,0,0,0
660881,2021,6,10,"2021-06-10","19:30:00",3,"MT",30,0,2.5,0,0,0,0,46.79,-106.2,46.79,-106.2,0,0,0,0,0,87,0,0,0
660882,2021,6,10,"2021-06-10","19:45:00",3,"ND",38,0,1.25,0,0,0,0,47.62,-104.02,47.62,-104.02,0,0,0,0,0,53,0,0,0
660883,2021,6,10,"2021-06-10","19:55:00",3,"MT",30,0,3,0,0,0,0,46.95,-105.8,46.95,-105.8,0,0,0,0,0,79,0,0,0
660884,2021,6,10,"2021-06-10","19:55:00",3,"WI",55,0,1.25,0,0,0,0,45.88,-91.36,45.88,-91.36,0,0,0,0,0,113,0,0,0
660885,2021,6,10,"2021-06-10","20:00:00",3,"MT",30,0,2.75,0,0,0,0,47.04,-105.67,47.04,-105.67,0,0,0,0,0,79,0,0,0
660886,2021,6,10,"2021-06-10","20:00:00",3,"MT",30,0,2,0,0,0,0,46.99,-105.6,46.99,-105.6,0,0,0,0,0,79,0,0,0
660887,2021,6,10,"2021-06-10","20:01:00",3,"MT",30,0,1,0,0,0,0,48.39,-105.88,48.39,-105.88,0,0,0,0,0,105,0,0,0
660888,2021,6,10,"2021-06-10","20:10:00",3,"ND",38,0,1.75,0,0,0,0,48.22,-103.63,48.22,-103.63,0,0,0,0,0,105,0,0,0
660889,2021,6,10,"2021-06-10","20:15:00",3,"MT",30,0,2,0,0,0,0,47.28,-105.33,47.28,-105.33,0,0,0,0,0,21,0,0,0
660890,2021,6,10,"2021-06-10","20:15:00",3,"MT",30,0,2.75,0,0,0,0,47.18,-105.31,47.18,-105.31,0,0,0,0,0,21,0,0,0
660891,2021,6,10,"2021-06-10","20:15:00",3,"SD",46,0,1,0,0,0,0,44.6486,-103.5064,44.6486,-103.5064,0,0,0,0,0,19,0,0,0
660892,2021,6,10,"2021-06-10","20:15:00",3,"WI",55,0,0.75,0,0,0,0,45.77,-91.27,45.77,-91.27,0,0,0,0,0,113,0,0,0
660893,2021,6,10,"2021-06-10","20:18:00",3,"MT",30,0,3,0,0,0,0,47.17,-105.24,47.17,-105.24,0,0,0,0,0,21,0,0,0
660894,2021,6,10,"2021-06-10","20:20:00",3,"MT",30,0,2.75,0,0,0,0,47.22,-105.15,47.22,-105.15,0,0,0,0,0,21,0,0,0
660895,2021,6,10,"2021-06-10","20:27:00",3,"SD",46,0,0.75,0,0,0,0,44.71,-103.42,44.71,-103.42,0,0,0,0,0,19,0,0,0
660896,2021,6,10,"2021-06-10","20:32:00",3,"SD",46,0,1,0,0,0,0,44.5,-104.04,44.5,-104.04,0,0,0,0,0,81,0,0,0
660897,2021,6,10,"2021-06-10","20:35:00",3,"MT",30,0,1,0,0,0,0,47.33,-105.12,47.33,-105.12,0,0,0,0,0,21,0,0,0
660898,2021,6,10,"2021-06-10","20:35:00",3,"SD",46,0,1.75,0,0,0,0,44.49,-104.0223,44.49,-104.0223,0,0,0,0,0,81,0,0,0
660899,2021,6,10,"2021-06-10","20:36:00",3,"ND",38,0,1.5,0,0,0,0,48.16,-103.63,48.16,-103.63,0,0,0,0,0,105,0,0,0
660900,2021,6,10,"2021-06-10","20:36:00",3,"ND",38,0,2.5,0,0,1e+06,0,48.1328,-103.6685,48.1947,-103.565,0,0,0,0,0,105,0,0,0
660901,2021,6,10,"2021-06-10","20:37:00",3,"MT",30,0,1.75,0,0,0,0,47.42,-104.96,47.42,-104.96,0,0,0,0,0,21,0,0,0
660902,2021,6,10,"2021-06-10","20:42:00",3,"MT",30,0,1.25,0,0,0,0,47.23,-105.15,47.23,-105.15,0,0,0,0,0,21,0,0,0
660903,2021,6,10,"2021-06-10","20:42:00",3,"ND",38,0,2,0,0,0,0,48.05,-103.66,48.05,-103.66,0,0,0,0,0,53,0,0,0
660904,2021,6,10,"2021-06-10","20:45:00",3,"MT",30,0,1,0,0,0,0,47.53,-105.07,47.53,-105.07,0,0,0,0,0,21,0,0,0
660905,2021,6,10,"2021-06-10","20:47:00",3,"SD",46,0,1,0,0,0,0,44.6566,-103.8578,44.6566,-103.8578,0,0,0,0,0,19,0,0,0
660906,2021,6,10,"2021-06-10","21:00:00",3,"MT",30,0,1,0,0,0,0,47.53,-105.08,47.53,-105.08,0,0,0,0,0,21,0,0,0
660907,2021,6,10,"2021-06-10","21:05:00",3,"MT",30,0,1.5,0,0,0,0,47.68,-104.62,47.68,-104.62,0,0,0,0,0,83,0,0,0
660908,2021,6,10,"2021-06-10","21:23:00",3,"SD",46,0,1,0,0,0,0,45.55,-103.08,45.55,-103.08,0,0,0,0,0,63,0,0,0
660909,2021,6,10,"2021-06-10","21:32:00",3,"ND",38,0,1.25,0,0,0,0,48.34,-103.17,48.34,-103.17,0,0,0,0,0,105,0,0,0
660910,2021,6,10,"2021-06-10","21:34:00",3,"SD",46,0,1,0,0,0,0,44.7612,-103.348,44.7612,-103.348,0,0,0,0,0,19,0,0,0
660911,2021,6,10,"2021-06-10","21:38:00",3,"SD",46,0,0.75,0,0,0,0,44.71,-103.42,44.71,-103.42,0,0,0,0,0,19,0,0,0
660912,2021,6,10,"2021-06-10","21:58:00",3,"ND",38,0,1,0,0,0,0,48.68,-102.04,48.68,-102.04,0,0,0,0,0,101,0,0,0
660913,2021,6,10,"2021-06-10","22:09:00",3,"ND",38,0,1.5,0,0,2e+05,0,48.15,-103.63,48.15,-103.63,0,0,0,0,0,105,0,0,0
660914,2021,6,10,"2021-06-10","22:24:00",3,"SD",46,0,1,0,0,0,0,44.8866,-102.4878,44.8866,-102.4878,0,0,0,0,0,93,0,0,0
660915,2021,6,10,"2021-06-10","22:27:00",3,"ND",38,0,1.5,0,0,0,0,48.15,-103.63,48.15,-103.63,0,0,0,0,0,105,0,0,0
660916,2021,6,10,"2021-06-10","22:46:00",3,"ND",38,0,1.75,0,0,0,0,48.59,-102.75,48.59,-102.75,0,0,0,0,0,13,0,0,0
660917,2021,6,10,"2021-06-10","22:52:00",3,"ND",38,0,1,0,0,0,0,46.82,-102.31,46.82,-102.31,0,0,0,0,0,89,0,0,0
660918,2021,6,10,"2021-06-10","22:54:00",3,"ND",38,0,1,0,0,0,0,46.8,-102.31,46.8,-102.31,0,0,0,0,0,89,0,0,0
660919,2021,6,10,"2021-06-10","23:06:00",3,"SD",46,0,1,0,0,0,0,44.75,-102.76,44.75,-102.76,0,0,0,0,0,93,0,0,0
660920,2021,6,10,"2021-06-10","23:20:00",3,"SD",46,0,1,0,0,0,0,44.85,-102.04,44.85,-102.04,0,0,0,0,0,93,0,0,0
660921,2021,6,10,"2021-06-10","23:31:00",3,"ND",38,0,1.25,0,0,0,0,46.98,-101.79,46.98,-101.79,0,0,0,0,0,59,0,0,0
660922,2021,6,10,"2021-06-10","23:50:00",3,"NE",31,0,1.5,0,0,0,0,42.71,-102.47,42.71,-102.47,0,0,0,0,0,161,0,0,0
660923,2021,6,11,"2021-06-11","01:57:00",3,"SD",46,0,1,0,0,0,0,45.26,-99.59,45.26,-99.59,0,0,0,0,0,45,0,0,0
660924,2021,6,11,"2021-06-11","02:03:00",3,"SD",46,0,1,0,0,0,0,45.21,-99.61,45.21,-99.61,0,0,0,0,0,107,0,0,0
660925,2021,6,11,"2021-06-11","03:20:00",3,"SD",46,0,1,0,0,0,0,45.64,-98,45.64,-98,0,0,0,0,0,13,0,0,0
660926,2021,6,11,"2021-06-11","03:30:00",3,"ND",38,0,1.75,0,0,0,0,46.52,-97.93,46.52,-97.93,0,0,0,0,0,73,0,0,0
660927,2021,6,11,"2021-06-11","04:10:00",3,"ND",38,0,1.25,0,0,0,0,47.05,-96.94,47.05,-96.94,0,0,0,0,0,17,0,0,0
660928,2021,6,11,"2021-06-11","04:30:00",3,"ND",38,0,1,0,0,0,0,46.88,-96.82,46.88,-96.82,0,0,0,0,0,17,0,0,0
660929,2021,6,11,"2021-06-11","05:46:00",3,"NE",31,0,1,0,0,0,0,41.76,-98.21,41.76,-98.21,0,0,0,0,0,11,0,0,0
660930,2021,6,11,"2021-06-11","08:44:00",3,"MN",27,0,1,0,0,0,0,46.85,-92.47,46.85,-92.47,0,0,0,0,0,137,0,0,0
660931,2021,6,11,"2021-06-11","08:46:00",3,"MN",27,0,1.25,0,0,0,0,46.85,-92.46,46.85,-92.46,0,0,0,0,0,137,0,0,0
660932,2021,6,11,"2021-06-11","08:47:00",3,"WI",55,0,1,0,0,0,0,46.71,-92.1,46.71,-92.1,0,0,0,0,0,31,0,0,0
660933,2021,6,11,"2021-06-11","08:50:00",3,"MN",27,0,1,0,0,0,0,46.85,-92.47,46.85,-92.47,0,0,0,0,0,137,0,0,0
660934,2021,6,11,"2021-06-11","08:50:00",3,"WI",55,0,1,0,0,0,0,46.55,-92.12,46.55,-92.12,0,0,0,0,0,31,0,0,0
660935,2021,6,11,"2021-06-11","08:55:00",3,"WI",55,0,1,0,0,0,0,46.58,-92.12,46.58,-92.12,0,0,0,0,0,31,0,0,0
660936,2021,6,11,"2021-06-11","10:00:00",3,"NE",31,0,1,0,0,0,0,40.46,-96.37,40.46,-96.37,0,0,0,0,0,97,0,0,0
660937,2021,6,11,"2021-06-11","10:39:00",3,"NE",31,0,1,0,0,0,0,40.39,-95.86,40.39,-95.86,0,0,0,0,0,127,0,0,0
660938,2021,6,11,"2021-06-11","10:40:00",3,"NE",31,0,1.75,0,0,0,0,40.38,-96.14,40.38,-96.14,0,0,0,0,0,97,0,0,0
660939,2021,6,11,"2021-06-11","10:47:00",3,"NE",31,0,1,0,0,0,0,40.41,-96.01,40.41,-96.01,0,0,0,0,0,127,0,0,0
660940,2021,6,11,"2021-06-11","11:07:00",3,"NE",31,0,2,0,0,0,0,40.37,-95.83,40.37,-95.83,0,0,0,0,0,127,0,0,0
660941,2021,6,11,"2021-06-11","11:14:00",3,"NE",31,0,1.5,0,0,0,0,40.35,-95.85,40.35,-95.85,0,0,0,0,0,127,0,0,0
660942,2021,6,11,"2021-06-11","11:35:00",3,"WI",55,0,0.88,0,0,0,0,42.93,-88.84,42.93,-88.84,0,0,0,0,0,55,0,0,0
660943,2021,6,11,"2021-06-11","12:04:00",3,"WI",55,0,0.75,0,0,0,0,45.73,-89.34,45.73,-89.34,0,0,0,0,0,85,0,0,0
660944,2021,6,11,"2021-06-11","13:13:00",3,"KS",20,0,1,0,0,0,0,39.28,-95.52,39.28,-95.52,0,0,0,0,0,87,0,0,0
660945,2021,6,11,"2021-06-11","13:25:00",3,"MI",26,0,0.75,0,0,0,0,44.44,-84.68,44.44,-84.68,0,0,0,0,0,143,0,0,0
660946,2021,6,11,"2021-06-11","13:36:00",3,"MO",29,0,2,0,0,0,0,39.86,-94.81,39.86,-94.81,0,0,0,0,0,3,0,0,0
660947,2021,6,11,"2021-06-11","14:48:00",3,"KS",20,0,1.5,0,0,0,0,38.94,-94.61,38.94,-94.61,0,0,0,0,0,91,0,0,0
660948,2021,6,11,"2021-06-11","15:00:00",3,"KS",20,0,1,0,0,0,0,38.93,-94.66,38.93,-94.66,0,0,0,0,0,91,0,0,0
660949,2021,6,11,"2021-06-11","15:02:00",3,"KS",20,0,1,0,0,0,0,38.99,-94.67,38.99,-94.67,0,0,0,0,0,91,0,0,0
660950,2021,6,11,"2021-06-11","15:02:00",3,"KS",20,0,1.5,0,0,0,0,38.92,-94.66,38.92,-94.66,0,0,0,0,0,91,0,0,0
660951,2021,6,11,"2021-06-11","16:12:00",3,"WI",55,0,0.88,0,0,0,0,43.2,-88.75,43.2,-88.75,0,0,0,0,0,27,0,0,0
660952,2021,6,11,"2021-06-11","16:25:00",3,"WI",55,0,1,0,0,0,0,46.29,-91.19,46.29,-91.19,0,0,0,0,0,7,0,0,0
660953,2021,6,11,"2021-06-11","17:00:00",3,"MO",29,0,1.25,0,0,0,0,38.25,-93.37,38.25,-93.37,0,0,0,0,0,15,0,0,0
660954,2021,6,11,"2021-06-11","17:44:00",3,"MO",29,0,1,0,0,0,0,37.97,-92.97,37.97,-92.97,0,0,0,0,0,29,0,0,0
660955,2021,6,11,"2021-06-11","18:02:00",3,"MO",29,0,1,0,0,0,0,38.15,-92.62,38.15,-92.62,0,0,0,0,0,29,0,0,0
660956,2021,6,11,"2021-06-11","19:29:00",3,"KS",20,0,0.75,0,0,0,0,37.67,-97.26,37.67,-97.26,0,0,0,0,0,173,0,0,0
660957,2021,6,11,"2021-06-11","19:44:00",3,"KS",20,0,0.75,0,0,0,0,37.67,-97.25,37.67,-97.25,0,0,0,0,0,173,0,0,0
660958,2021,6,11,"2021-06-11","20:00:00",3,"KS",20,0,1.75,0,0,0,0,37.79,-97.11,37.79,-97.11,0,0,0,0,0,15,0,0,0
660959,2021,6,11,"2021-06-11","20:06:00",3,"KS",20,0,0.75,0,0,0,0,37.72,-97.01,37.72,-97.01,0,0,0,0,0,15,0,0,0
660960,2021,6,11,"2021-06-11","20:12:00",3,"KS",20,0,0.75,0,0,0,0,37.6,-97.37,37.6,-97.37,0,0,0,0,0,173,0,0,0
660961,2021,6,11,"2021-06-11","20:33:00",3,"KS",20,0,0.75,0,0,0,0,37.5,-97.49,37.5,-97.49,0,0,0,0,0,173,0,0,0
660962,2021,6,11,"2021-06-11","21:26:00",3,"KS",20,0,1.75,0,0,0,0,37.06,-97.04,37.06,-97.04,0,0,0,0,0,35,0,0,0
660963,2021,6,11,"2021-06-11","21:29:00",3,"KS",20,0,1.75,0,0,0,0,37.07,-97.04,37.07,-97.04,0,0,0,0,0,35,0,0,0
660964,2021,6,11,"2021-06-11","21:33:00",3,"KS",20,0,2.5,0,0,0,0,37.06,-97,37.06,-97,0,0,0,0,0,35,0,0,0
660965,2021,6,11,"2021-06-11","21:36:00",3,"KS",20,0,1,0,0,0,0,37.07,-97.04,37.07,-97.04,0,0,0,0,0,35,0,0,0
660966,2021,6,12,"2021-06-12","05:37:00",3,"TX",48,0,1,0,0,0,0,33.16,-96.71,33.16,-96.71,0,0,0,0,0,85,0,0,0
660967,2021,6,12,"2021-06-12","05:38:00",3,"TX",48,0,0.75,0,0,0,0,33.11,-96.69,33.11,-96.69,0,0,0,0,0,85,0,0,0
660968,2021,6,12,"2021-06-12","05:38:00",3,"TX",48,0,0.75,0,0,0,0,33.17,-96.68,33.17,-96.68,0,0,0,0,0,85,0,0,0
660969,2021,6,12,"2021-06-12","13:15:00",3,"IL",17,0,1,0,0,0,0,42.0178,-87.9913,42.0178,-87.9913,0,0,0,0,0,31,0,0,0
660970,2021,6,12,"2021-06-12","13:29:00",3,"IL",17,0,1.25,0,0,0,0,42.12,-88.26,42.12,-88.26,0,0,0,0,0,89,0,0,0
660971,2021,6,12,"2021-06-12","13:54:00",3,"IL",17,0,1.25,0,0,0,0,41.8701,-88.3131,41.8701,-88.3131,0,0,0,0,0,89,0,0,0
660972,2021,6,12,"2021-06-12","14:38:00",3,"IL",17,0,1,0,0,0,0,41.764,-88.3647,41.764,-88.3647,0,0,0,0,0,89,0,0,0
660973,2021,6,12,"2021-06-12","16:12:00",3,"MI",26,0,2.75,0,0,50000,0,43.01,-84.37,43.01,-84.37,0,0,0,0,0,37,0,0,0
660974,2021,6,12,"2021-06-12","16:25:00",3,"TN",47,0,0.88,0,0,0,0,36.3,-88.32,36.3,-88.32,0,0,0,0,0,79,0,0,0
660975,2021,6,12,"2021-06-12","16:29:00",3,"MI",26,0,1,0,0,0,0,44.99,-84.17,44.99,-84.17,0,0,0,0,0,119,0,0,0
660976,2021,6,12,"2021-06-12","16:33:00",3,"MI",26,0,1.5,0,0,0,0,42.89,-84.35,42.89,-84.35,0,0,0,0,0,155,0,0,0
660977,2021,6,12,"2021-06-12","16:35:00",3,"MI",26,0,1.75,0,0,0,0,42.89,-84.34,42.89,-84.34,0,0,0,0,0,155,0,0,0
660978,2021,6,12,"2021-06-12","16:35:00",3,"NM",35,0,1.75,0,0,0,0,35.77,-105.25,35.77,-105.25,0,0,0,0,0,47,0,0,0
660979,2021,6,12,"2021-06-12","16:36:00",3,"MI",26,0,1,0,0,0,0,45,-84.14,45,-84.14,0,0,0,0,0,119,0,0,0
660980,2021,6,12,"2021-06-12","16:45:00",3,"MI",26,0,1.25,0,0,0,0,44.21,-84.81,44.21,-84.81,0,0,0,0,0,143,0,0,0
660981,2021,6,12,"2021-06-12","16:45:00",3,"MI",26,0,1.25,0,0,0,0,42.82,-84.23,42.82,-84.23,0,0,0,0,0,155,0,0,0
660982,2021,6,12,"2021-06-12","16:50:00",3,"IL",17,0,1.25,0,0,0,0,40.6051,-88.0683,40.6051,-88.0683,0,0,0,0,0,75,0,0,0
660983,2021,6,12,"2021-06-12","17:05:00",3,"TN",47,0,1,0,0,0,0,35.5168,-86.8834,35.5168,-86.8834,0,0,0,0,0,117,0,0,0
660984,2021,6,12,"2021-06-12","17:10:00",3,"TN",47,0,0.88,0,0,0,0,35.4929,-86.8059,35.4929,-86.8059,0,0,0,0,0,117,0,0,0
660985,2021,6,12,"2021-06-12","17:10:00",3,"IN",18,0,0.75,0,0,0,0,39.57,-85.15,39.57,-85.15,0,0,0,0,0,41,0,0,0
660986,2021,6,12,"2021-06-12","17:12:00",3,"NM",35,0,1,0,0,0,0,35.68,-105.17,35.68,-105.17,0,0,0,0,0,47,0,0,0
660987,2021,6,12,"2021-06-12","17:14:00",3,"NM",35,0,3.07,0,0,10000,0,35.59,-105.04,35.59,-105.04,0,0,0,0,0,47,0,0,0
660988,2021,6,12,"2021-06-12","17:38:00",3,"MI",26,0,0.88,0,0,0,0,43.99,-84.5,43.99,-84.5,0,0,0,0,0,51,0,0,0
660989,2021,6,12,"2021-06-12","18:00:00",3,"AR",5,0,1,0,0,0,0,35.8468,-90.13,35.8468,-90.13,0,0,0,0,0,93,0,0,0
660990,2021,6,12,"2021-06-12","18:32:00",3,"MI",26,0,1,0,0,0,0,42.33,-83.88,42.33,-83.88,0,0,0,0,0,161,0,0,0
660991,2021,6,12,"2021-06-12","18:45:00",3,"MI",26,0,1,0,0,0,0,42.29,-83.78,42.29,-83.78,0,0,0,0,0,161,0,0,0
660992,2021,6,12,"2021-06-12","19:48:00",3,"KY",21,0,0.75,0,0,0,0,37.05,-87.48,37.05,-87.48,0,0,0,0,0,47,0,0,0
660993,2021,6,12,"2021-06-12","19:50:00",3,"MI",26,0,1,0,0,10000,0,42.64,-84.54,42.64,-84.54,0,0,0,0,0,65,0,0,0
660994,2021,6,12,"2021-06-12","20:43:00",3,"IN",18,0,1,0,0,0,0,39.78,-86.1,39.78,-86.1,0,0,0,0,0,97,0,0,0
660995,2021,6,12,"2021-06-12","20:54:00",3,"IN",18,0,1,0,0,0,0,39.7399,-86.0263,39.7399,-86.0263,0,0,0,0,0,97,0,0,0
660996,2021,6,12,"2021-06-12","20:54:00",3,"NM",35,0,1,0,0,0,0,34.82,-103.31,34.82,-103.31,0,0,0,0,0,9,0,0,0
660997,2021,6,12,"2021-06-12","21:25:00",3,"IL",17,0,1,0,0,0,0,37.6621,-88.23,37.6621,-88.23,0,0,0,0,0,59,0,0,0
660998,2021,6,12,"2021-06-12","21:34:00",3,"OK",40,0,1,0,0,0,0,36.73,-102.51,36.73,-102.51,0,0,0,0,0,25,0,0,0
660999,2021,6,12,"2021-06-12","23:30:00",3,"IN",18,0,0.75,0,0,0,0,38.27,-87.68,38.27,-87.68,0,0,0,0,0,51,0,0,0
661000,2021,6,12,"2021-06-12","23:33:00",3,"KY",21,0,0.88,0,0,0,0,37.08,-88.63,37.08,-88.63,0,0,0,0,0,145,0,0,0
661001,2021,6,13,"2021-06-13","10:56:00",3,"OH",39,0,1,0,0,0,0,40.04,-81.43,40.04,-81.43,0,0,0,0,0,59,0,0,0
661002,2021,6,13,"2021-06-13","11:11:00",3,"WV",54,0,0.88,0,0,0,0,39.47,-79.66,39.47,-79.66,0,0,0,0,0,77,0,0,0
661003,2021,6,13,"2021-06-13","11:19:00",3,"WV",54,0,0.88,0,0,0,0,39.51,-79.75,39.51,-79.75,0,0,0,0,0,77,0,0,0
661004,2021,6,13,"2021-06-13","11:36:00",3,"OH",39,0,1,0,0,0,0,39.91,-81.23,39.91,-81.23,0,0,0,0,0,13,0,0,0
661005,2021,6,13,"2021-06-13","11:39:00",3,"FL",12,0,0.75,0,0,0,0,28.4,-81.28,28.4,-81.28,0,0,0,0,0,95,0,0,0
661006,2021,6,13,"2021-06-13","11:45:00",3,"OH",39,0,0.88,0,0,0,0,39.91,-81.23,39.91,-81.23,0,0,0,0,0,59,0,0,0
661007,2021,6,13,"2021-06-13","11:50:00",3,"OH",39,0,1,0,0,0,0,39.86,-81.17,39.86,-81.17,0,0,0,0,0,111,0,0,0
661008,2021,6,13,"2021-06-13","13:36:00",3,"FL",12,0,1,0,0,0,0,29.47,-81.26,29.47,-81.26,0,0,0,0,0,35,0,0,0
661009,2021,6,13,"2021-06-13","13:46:00",3,"AL",1,0,0.88,0,0,0,0,33.19,-87.44,33.19,-87.44,0,0,0,0,0,125,0,0,0
661010,2021,6,13,"2021-06-13","13:48:00",3,"PA",42,0,1,0,0,0,0,41.68,-77.07,41.68,-77.07,0,0,0,0,0,117,0,0,0
661011,2021,6,13,"2021-06-13","14:20:00",3,"PA",42,0,0.88,0,0,0,0,41,-80.32,41,-80.32,0,0,0,0,0,73,0,0,0
661012,2021,6,13,"2021-06-13","14:23:00",3,"PA",42,0,1,0,0,0,0,41,-80.3,41,-80.3,0,0,0,0,0,73,0,0,0
661013,2021,6,13,"2021-06-13","14:38:00",3,"MS",28,0,1,0,0,0,0,32.3,-88.65,32.3,-88.65,0,0,0,0,0,75,0,0,0
661014,2021,6,13,"2021-06-13","15:25:00",3,"LA",22,0,1,0,0,0,0,30.31,-89.94,30.31,-89.94,0,0,0,0,0,103,0,0,0
661015,2021,6,13,"2021-06-13","15:40:00",3,"LA",22,0,1,0,0,0,0,30.53,-89.86,30.53,-89.86,0,0,0,0,0,103,0,0,0
661016,2021,6,13,"2021-06-13","15:52:00",3,"PA",42,0,0.88,0,0,0,0,40.56,-80.04,40.56,-80.04,0,0,0,0,0,3,0,0,0
661017,2021,6,13,"2021-06-13","15:52:00",3,"PA",42,0,1.5,0,0,0,0,40.38,-79.51,40.38,-79.51,0,0,0,0,0,129,0,0,0
661018,2021,6,13,"2021-06-13","15:55:00",3,"PA",42,0,1,0,0,0,0,40.6,-80.02,40.6,-80.02,0,0,0,0,0,3,0,0,0
661019,2021,6,13,"2021-06-13","15:57:00",3,"WV",54,0,1,0,0,0,0,38.69,-81.09,38.69,-81.09,0,0,0,0,0,13,0,0,0
661020,2021,6,13,"2021-06-13","15:58:00",3,"PA",42,0,1,0,0,0,0,40.53,-80.02,40.53,-80.02,0,0,0,0,0,3,0,0,0
661021,2021,6,13,"2021-06-13","15:59:00",3,"PA",42,0,1,0,0,0,0,40.63,-80.05,40.63,-80.05,0,0,0,0,0,3,0,0,0
661022,2021,6,13,"2021-06-13","16:00:00",3,"PA",42,0,0.75,0,0,0,0,40.45,-79.95,40.45,-79.95,0,0,0,0,0,3,0,0,0
661023,2021,6,13,"2021-06-13","16:05:00",3,"PA",42,0,0.75,0,0,0,0,40.46,-79.96,40.46,-79.96,0,0,0,0,0,3,0,0,0
661024,2021,6,13,"2021-06-13","16:15:00",3,"PA",42,0,1,0,0,0,0,40.44,-79.92,40.44,-79.92,0,0,0,0,0,3,0,0,0
661025,2021,6,13,"2021-06-13","16:15:00",3,"PA",42,0,1,0,0,0,0,40.44,-79.93,40.44,-79.93,0,0,0,0,0,3,0,0,0
661026,2021,6,13,"2021-06-13","16:15:00",3,"PA",42,0,0.88,0,0,0,0,40.43,-79.93,40.43,-79.93,0,0,0,0,0,3,0,0,0
661027,2021,6,13,"2021-06-13","16:16:00",3,"PA",42,0,0.75,0,0,0,0,40.42,-79.88,40.42,-79.88,0,0,0,0,0,3,0,0,0
661028,2021,6,13,"2021-06-13","16:20:00",3,"PA",42,0,0.75,0,0,0,0,40.42,-79.9,40.42,-79.9,0,0,0,0,0,3,0,0,0
661029,2021,6,13,"2021-06-13","16:24:00",3,"PA",42,0,1.25,0,0,0,0,40.46,-79.92,40.46,-79.92,0,0,0,0,0,3,0,0,0
661030,2021,6,13,"2021-06-13","16:25:00",3,"CO",8,0,0.88,0,0,0,0,39.72,-104.92,39.72,-104.92,0,0,0,0,0,31,0,0,0
661031,2021,6,13,"2021-06-13","16:25:00",3,"WV",54,0,0.75,0,0,0,0,40.07,-80.68,40.07,-80.68,0,0,0,0,0,69,0,0,0
661032,2021,6,13,"2021-06-13","16:30:00",3,"PA",42,0,0.75,0,0,0,0,40.42,-79.94,40.42,-79.94,0,0,0,0,0,3,0,0,0
661033,2021,6,13,"2021-06-13","16:30:00",3,"PA",42,0,0.75,0,0,0,0,40.45,-79.91,40.45,-79.91,0,0,0,0,0,3,0,0,0
661034,2021,6,13,"2021-06-13","16:37:00",3,"CO",8,0,1,0,0,0,0,39.71,-104.89,39.71,-104.89,0,0,0,0,0,31,0,0,0
661035,2021,6,13,"2021-06-13","16:41:00",3,"CO",8,0,1,0,0,0,0,39.68,-104.86,39.68,-104.86,0,0,0,0,0,5,0,0,0
661036,2021,6,13,"2021-06-13","16:47:00",3,"CO",8,0,1,0,0,0,0,39.67,-104.87,39.67,-104.87,0,0,0,0,0,31,0,0,0
661037,2021,6,13,"2021-06-13","16:48:00",3,"CO",8,0,1,0,0,0,0,39.67,-104.86,39.67,-104.86,0,0,0,0,0,5,0,0,0
661038,2021,6,13,"2021-06-13","16:54:00",3,"CO",8,0,1.75,0,0,0,0,39.75,-104.82,39.75,-104.82,0,0,0,0,0,1,0,0,0
661039,2021,6,13,"2021-06-13","16:55:00",3,"CO",8,0,1.25,0,0,0,0,39.68,-104.86,39.68,-104.86,0,0,0,0,0,5,0,0,0
661040,2021,6,13,"2021-06-13","16:57:00",3,"WY",56,0,1.75,0,0,0,0,42.07,-104.44,42.07,-104.44,0,0,0,0,0,15,0,0,0
661041,2021,6,13,"2021-06-13","17:00:00",3,"CO",8,0,1.5,0,0,0,0,39.71,-104.81,39.71,-104.81,0,0,0,0,0,5,0,0,0
661042,2021,6,13,"2021-06-13","17:03:00",3,"WY",56,0,1.5,0,0,0,0,44.0005,-104.4485,44.0005,-104.4485,0,0,0,0,0,45,0,0,0
661043,2021,6,13,"2021-06-13","17:10:00",3,"PA",42,0,1.75,0,0,0,0,41.7133,-79.0442,41.7133,-79.0442,0,0,0,0,0,123,0,0,0
661044,2021,6,13,"2021-06-13","17:10:00",3,"CO",8,0,1,0,0,0,0,39.68,-104.87,39.68,-104.87,0,0,0,0,0,5,0,0,0
661045,2021,6,13,"2021-06-13","17:12:00",3,"CO",8,0,1,0,0,0,0,39.67,-104.85,39.67,-104.85,0,0,0,0,0,5,0,0,0
661046,2021,6,13,"2021-06-13","17:12:00",3,"PA",42,0,1,0,0,0,0,41.7,-79.03,41.7,-79.03,0,0,0,0,0,123,0,0,0
661047,2021,6,13,"2021-06-13","17:12:00",3,"CO",8,0,1.5,0,0,0,0,39.68,-104.86,39.68,-104.86,0,0,0,0,0,5,0,0,0
661048,2021,6,13,"2021-06-13","17:14:00",3,"WY",56,0,1,0,0,0,0,41.42,-104.27,41.42,-104.27,0,0,0,0,0,21,0,0,0
661049,2021,6,13,"2021-06-13","17:14:00",3,"CO",8,0,1.25,0,0,0,0,39.62,-104.83,39.62,-104.83,0,0,0,0,0,5,0,0,0
661050,2021,6,13,"2021-06-13","17:16:00",3,"CO",8,0,1.5,0,0,0,0,39.68,-104.86,39.68,-104.86,0,0,0,0,0,5,0,0,0
661051,2021,6,13,"2021-06-13","17:17:00",3,"CO",8,0,1.25,0,0,0,0,39.67,-104.85,39.67,-104.85,0,0,0,0,0,5,0,0,0
661052,2021,6,13,"2021-06-13","17:19:00",3,"CO",8,0,0.75,0,0,0,0,39.64,-104.81,39.64,-104.81,0,0,0,0,0,5,0,0,0
661053,2021,6,13,"2021-06-13","17:20:00",3,"CO",8,0,1.5,0,0,0,0,39.66,-104.85,39.66,-104.85,0,0,0,0,0,5,0,0,0
661054,2021,6,13,"2021-06-13","17:35:00",3,"NE",31,0,1.75,0,0,0,0,41.92,-103.93,41.92,-103.93,0,0,0,0,0,157,0,0,0
661055,2021,6,13,"2021-06-13","17:35:00",3,"CO",8,0,1,0,0,0,0,39.69,-104.94,39.69,-104.94,0,0,0,0,0,31,0,0,0
661056,2021,6,13,"2021-06-13","17:41:00",3,"WI",55,0,0.75,0,0,0,0,45.93,-88.25,45.93,-88.25,0,0,0,0,0,37,0,0,0
661057,2021,6,13,"2021-06-13","17:42:00",3,"CO",8,0,1,0,0,0,0,39.68,-104.96,39.68,-104.96,0,0,0,0,0,31,0,0,0
661058,2021,6,13,"2021-06-13","17:43:00",3,"CO",8,0,1,0,0,0,0,39.65,-104.93,39.65,-104.93,0,0,0,0,0,31,0,0,0
661059,2021,6,13,"2021-06-13","17:45:00",3,"CO",8,0,1,0,0,0,0,39.66,-104.93,39.66,-104.93,0,0,0,0,0,31,0,0,0
661060,2021,6,13,"2021-06-13","17:55:00",3,"CO",8,0,1,0,0,0,0,39.68,-104.98,39.68,-104.98,0,0,0,0,0,31,0,0,0
661061,2021,6,13,"2021-06-13","17:57:00",3,"CO",8,0,1,0,0,0,0,39.68,-104.99,39.68,-104.99,0,0,0,0,0,31,0,0,0
661062,2021,6,13,"2021-06-13","18:03:00",3,"VA",51,0,1,0,0,0,0,37.2748,-79.9304,37.2748,-79.9304,0,0,0,0,0,161,0,0,0
661063,2021,6,13,"2021-06-13","18:04:00",3,"PA",42,0,1,0,0,0,0,41.8408,-78.6931,41.8408,-78.6931,0,0,0,0,0,83,0,0,0
661064,2021,6,13,"2021-06-13","18:08:00",3,"NE",31,0,0.88,0,0,0,0,41.87,-103.66,41.87,-103.66,0,0,0,0,0,157,0,0,0
661065,2021,6,13,"2021-06-13","18:10:00",3,"WY",56,0,1,0,0,0,0,41.15,-104.5,41.15,-104.5,0,0,0,0,0,21,0,0,0
661066,2021,6,13,"2021-06-13","18:17:00",3,"WY",56,0,1.75,0,0,0,0,41.03,-104.44,41.03,-104.44,0,0,0,0,0,21,0,0,0
661067,2021,6,13,"2021-06-13","18:17:00",3,"NE",31,0,1,0,0,0,0,42.62,-103.32,42.62,-103.32,0,0,0,0,0,45,0,0,0
661068,2021,6,13,"2021-06-13","18:20:00",3,"NY",36,0,0.88,0,0,0,0,42.34,-77.32,42.34,-77.32,0,0,0,0,0,101,0,0,0
661069,2021,6,13,"2021-06-13","18:20:00",3,"WY",56,0,1.75,0,0,0,0,41.16,-104.53,41.16,-104.53,0,0,0,0,0,21,0,0,0
661070,2021,6,13,"2021-06-13","18:24:00",3,"KY",21,0,0.5,0,0,10,0,37.5001,-82.1841,37.5001,-82.1841,0,0,0,0,0,195,0,0,0
661071,2021,6,13,"2021-06-13","18:28:00",3,"NE",31,0,1,0,0,0,0,42.52,-103.51,42.52,-103.51,0,0,0,0,0,165,0,0,0
661072,2021,6,13,"2021-06-13","18:45:00",3,"KY",21,0,0.5,0,0,10,0,37.3018,-83.166,37.3018,-83.166,0,0,0,0,0,193,0,0,0
661073,2021,6,13,"2021-06-13","19:10:00",3,"CO",8,0,1,0,0,0,0,40.35,-104.71,40.35,-104.71,0,0,0,0,0,123,0,0,0
661074,2021,6,13,"2021-06-13","19:14:00",3,"NE",31,0,1,0,0,0,0,42.41,-103.61,42.41,-103.61,0,0,0,0,0,165,0,0,0
661075,2021,6,13,"2021-06-13","19:15:00",3,"CO",8,0,1.5,0,0,0,0,40.32,-104.86,40.32,-104.86,0,0,0,0,0,123,0,0,0
661076,2021,6,13,"2021-06-13","19:17:00",3,"CO",8,0,1.25,0,0,0,0,40.37,-104.7,40.37,-104.7,0,0,0,0,0,123,0,0,0
661077,2021,6,13,"2021-06-13","19:17:00",3,"CO",8,0,1.25,0,0,0,0,39.02,-105.05,39.02,-105.05,0,0,0,0,0,119,0,0,0
661078,2021,6,13,"2021-06-13","19:17:00",3,"CO",8,0,1.25,0,0,0,0,39,-105.07,39,-105.07,0,0,0,0,0,119,0,0,0
661079,2021,6,13,"2021-06-13","19:20:00",3,"CO",8,0,1,0,0,0,0,39.02,-105.04,39.02,-105.04,0,0,0,0,0,119,0,0,0
661080,2021,6,13,"2021-06-13","19:22:00",3,"CO",8,0,1.25,0,0,0,0,40.32,-104.85,40.32,-104.85,0,0,0,0,0,123,0,0,0
661081,2021,6,13,"2021-06-13","19:27:00",3,"CO",8,0,1.25,0,0,0,0,40.33,-104.86,40.33,-104.86,0,0,0,0,0,123,0,0,0
661082,2021,6,13,"2021-06-13","20:10:00",3,"NE",31,0,1.5,0,0,0,0,42.52,-101.98,42.52,-101.98,0,0,0,0,0,31,0,0,0
661083,2021,6,13,"2021-06-13","20:33:00",3,"SD",46,0,1.75,0,0,0,0,43,-101.03,43,-101.03,0,0,0,0,0,121,0,0,0
661084,2021,6,13,"2021-06-13","21:24:00",3,"CO",8,0,1,0,0,0,0,40.52,-104.86,40.52,-104.86,0,0,0,0,0,123,0,0,0
661085,2021,6,13,"2021-06-13","23:19:00",3,"SD",46,0,1.25,0,0,0,0,43.85,-100.43,43.85,-100.43,0,0,0,0,0,75,0,0,0
661086,2021,6,14,"2021-06-14","00:05:00",3,"SD",46,0,1,0,0,0,0,44.46,-98.17,44.46,-98.17,0,0,0,0,0,5,0,0,0
661087,2021,6,14,"2021-06-14","00:22:00",3,"TX",48,0,1,0,0,0,0,32.7412,-94.9415,32.7412,-94.9415,0,0,0,0,0,459,0,0,0
661088,2021,6,14,"2021-06-14","01:05:00",3,"NE",31,0,1,0,0,0,0,41.58,-102.51,41.58,-102.51,0,0,0,0,0,69,0,0,0
661089,2021,6,14,"2021-06-14","01:10:00",3,"NE",31,0,1,0,0,0,0,41.49,-102.39,41.49,-102.39,0,0,0,0,0,69,0,0,0
661090,2021,6,14,"2021-06-14","11:22:00",3,"PA",42,0,0.75,0,0,0,0,40.79,-80.14,40.79,-80.14,0,0,0,0,0,19,0,0,0
661091,2021,6,14,"2021-06-14","12:33:00",3,"PA",42,0,0.75,0,0,0,0,41.07,-80.06,41.07,-80.06,0,0,0,0,0,19,0,0,0
661092,2021,6,14,"2021-06-14","12:36:00",3,"NY",36,0,0.75,0,0,0,0,42.92,-74.95,42.92,-74.95,0,0,0,0,0,43,0,0,0
661093,2021,6,14,"2021-06-14","13:05:00",3,"NY",36,0,1.75,0,0,0,0,42.89,-74.76,42.89,-74.76,0,0,0,0,0,43,0,0,0
661094,2021,6,14,"2021-06-14","13:07:00",3,"WV",54,0,1,0,0,0,0,40.37,-80.54,40.37,-80.54,0,0,0,0,0,9,0,0,0
661095,2021,6,14,"2021-06-14","13:11:00",3,"PA",42,0,0.75,0,0,0,0,40.41,-80.09,40.41,-80.09,0,0,0,0,0,3,0,0,0
661096,2021,6,14,"2021-06-14","13:20:00",3,"PA",42,0,0.75,0,0,0,0,40.45,-80.24,40.45,-80.24,0,0,0,0,0,3,0,0,0
661097,2021,6,14,"2021-06-14","13:32:00",3,"SC",45,0,1.25,0,0,0,0,34.81,-82.82,34.81,-82.82,0,0,0,0,0,77,0,0,0
661098,2021,6,14,"2021-06-14","13:35:00",3,"PA",42,0,1,0,0,0,0,40.17,-80.25,40.17,-80.25,0,0,0,0,0,125,0,0,0
661099,2021,6,14,"2021-06-14","14:02:00",3,"NY",36,0,1,0,0,0,0,44.83,-74.51,44.83,-74.51,0,0,0,0,0,33,0,0,0
661100,2021,6,14,"2021-06-14","14:06:00",3,"NY",36,0,1,0,0,0,0,44.82,-74.56,44.82,-74.56,0,0,0,0,0,33,0,0,0
661101,2021,6,14,"2021-06-14","14:55:00",3,"NY",36,0,1,0,0,0,0,42.6911,-74.565,42.6911,-74.565,0,0,0,0,0,95,0,0,0
661102,2021,6,14,"2021-06-14","15:01:00",3,"SC",45,0,1,0,0,0,0,35.15,-81.55,35.15,-81.55,0,0,0,0,0,21,0,0,0
661103,2021,6,14,"2021-06-14","15:07:00",3,"GA",13,0,1,0,0,0,0,33.7673,-83.919,33.7673,-83.919,0,0,0,0,0,297,0,0,0
661104,2021,6,14,"2021-06-14","15:07:00",3,"GA",13,0,1.75,0,0,9e+05,0,33.7786,-83.9219,33.7786,-83.9219,0,0,0,0,0,297,0,0,0
661105,2021,6,14,"2021-06-14","15:20:00",3,"PA",42,0,1,0,0,0,0,39.9,-79.98,39.9,-79.98,0,0,0,0,0,59,0,0,0
661106,2021,6,14,"2021-06-14","16:21:00",3,"TX",48,0,1,0,0,0,0,31.7,-98.11,31.7,-98.11,0,0,0,0,0,193,0,0,0
661107,2021,6,14,"2021-06-14","16:40:00",3,"WV",54,0,1,0,0,0,0,39.66,-79.98,39.66,-79.98,0,0,0,0,0,61,0,0,0
661108,2021,6,14,"2021-06-14","16:40:00",3,"WV",54,0,0.75,0,0,0,0,39.39,-81.21,39.39,-81.21,0,0,0,0,0,73,0,0,0
661109,2021,6,14,"2021-06-14","16:46:00",3,"WV",54,0,1,0,0,0,0,39.65,-79.95,39.65,-79.95,0,0,0,0,0,61,0,0,0
661110,2021,6,14,"2021-06-14","16:48:00",3,"WV",54,0,1,0,0,0,0,39.64,-79.95,39.64,-79.95,0,0,0,0,0,61,0,0,0
661111,2021,6,14,"2021-06-14","17:12:00",3,"WV",54,0,1,0,0,0,0,39.35,-79.68,39.35,-79.68,0,0,0,0,0,77,0,0,0
661112,2021,6,14,"2021-06-14","17:28:00",3,"NJ",34,0,0.75,0,0,0,0,40.31,-74.37,40.31,-74.37,0,0,0,0,0,25,0,0,0
661113,2021,6,14,"2021-06-14","17:32:00",3,"NC",37,0,1,0,0,0,0,35.67,-81.17,35.67,-81.17,0,0,0,0,0,35,0,0,0
661114,2021,6,14,"2021-06-14","17:52:00",3,"WY",56,0,1.25,0,0,0,0,44.24,-105.85,44.24,-105.85,0,0,0,0,0,5,0,0,0
661115,2021,6,14,"2021-06-14","18:15:00",3,"WY",56,0,1.75,0,0,0,0,44.7534,-105.7022,44.7534,-105.7022,0,0,0,0,0,5,0,0,0
661116,2021,6,14,"2021-06-14","18:32:00",3,"WY",56,0,1.5,0,0,0,0,44.7801,-105.6866,44.7801,-105.6866,0,0,0,0,0,5,0,0,0
661117,2021,6,14,"2021-06-14","18:32:00",3,"SC",45,0,0.25,0,0,10,10,34.02,-80.96,34.02,-80.96,0,0,0,0,0,79,0,0,0
661118,2021,6,14,"2021-06-14","18:37:00",3,"PA",42,0,0.75,0,0,0,0,39.97,-75.35,39.97,-75.35,0,0,0,0,0,45,0,0,0
661119,2021,6,14,"2021-06-14","18:38:00",3,"PA",42,0,0.75,0,0,0,0,39.99,-75.37,39.99,-75.37,0,0,0,0,0,45,0,0,0
661120,2021,6,14,"2021-06-14","18:40:00",3,"PA",42,0,1,0,0,0,0,39.93,-75.3,39.93,-75.3,0,0,0,0,0,45,0,0,0
661121,2021,6,14,"2021-06-14","18:40:00",3,"NJ",34,0,0.75,0,0,0,0,40.57,-74.24,40.57,-74.24,0,0,0,0,0,23,0,0,0
661122,2021,6,14,"2021-06-14","18:43:00",3,"VA",51,0,1.25,0,0,0,0,38.8625,-77.4492,38.8625,-77.4492,0,0,0,0,0,59,0,0,0
661123,2021,6,14,"2021-06-14","18:50:00",3,"OH",39,0,0.75,0,0,0,0,41.0657,-82.8843,41.0657,-82.8843,0,0,0,0,0,147,0,0,0
661124,2021,6,14,"2021-06-14","18:50:00",3,"WV",54,0,1,0,0,0,0,38.89,-80.3,38.89,-80.3,0,0,0,0,0,97,0,0,0
661125,2021,6,14,"2021-06-14","19:39:00",3,"MD",24,0,1,0,0,0,0,39.2795,-76.7097,39.2795,-76.7097,0,0,0,0,0,510,0,0,0
661126,2021,6,14,"2021-06-14","19:41:00",3,"MD",24,0,1,0,0,0,0,39.27,-76.69,39.27,-76.69,0,0,0,0,0,510,0,0,0
661127,2021,6,14,"2021-06-14","19:55:00",3,"MD",24,0,1,0,0,0,0,39.2884,-76.6049,39.2884,-76.6049,0,0,0,0,0,510,0,0,0
661128,2021,6,14,"2021-06-14","20:03:00",3,"MD",24,0,1.75,0,0,0,0,39.2128,-76.8111,39.2128,-76.8111,0,0,0,0,0,27,0,0,0
661129,2021,6,14,"2021-06-14","20:08:00",3,"MD",24,0,1,0,0,0,0,39.1997,-76.7471,39.1997,-76.7471,0,0,0,0,0,27,0,0,0
661130,2021,6,14,"2021-06-14","20:10:00",3,"MD",24,0,1,0,0,0,0,39.3209,-76.476,39.3209,-76.476,0,0,0,0,0,5,0,0,0
661131,2021,6,14,"2021-06-14","20:10:00",3,"MD",24,0,1.75,0,0,0,0,39.229,-76.4489,39.229,-76.4489,0,0,0,0,0,5,0,0,0
661132,2021,6,14,"2021-06-14","22:45:00",3,"WY",56,0,1.5,0,0,0,0,43.9001,-104.177,43.9001,-104.177,0,0,0,0,0,45,0,0,0
661133,2021,6,14,"2021-06-14","23:09:00",3,"WY",56,0,1,0,0,0,0,43.878,-104.186,43.878,-104.186,0,0,0,0,0,45,0,0,0
661134,2021,6,14,"2021-06-14","23:53:00",3,"SD",46,0,1,0,0,0,0,43.7854,-104.0151,43.7854,-104.0151,0,0,0,0,0,33,0,0,0
661135,2021,6,15,"2021-06-15","01:00:00",3,"OR",41,0,1.75,0,0,0,0,45.98,-118.0931,45.9984,-118.0866,0,0,0,0,0,59,0,0,0
661136,2021,6,15,"2021-06-15","01:30:00",3,"WA",53,0,1.25,0,0,0,0,46.447,-117.7841,46.47,-117.78,0,0,0,0,0,13,0,0,0
661137,2021,6,15,"2021-06-15","01:36:00",3,"SD",46,0,1,0,0,0,0,43.4,-103.27,43.4,-103.27,0,0,0,0,0,47,0,0,0
661138,2021,6,15,"2021-06-15","02:45:00",3,"WA",53,0,1.25,0,0,0,0,46.47,-117.58,46.47,-117.7691,0,0,0,0,0,23,0,0,0
661139,2021,6,15,"2021-06-15","02:49:00",3,"SD",46,0,2,0,0,0,0,43.9791,-103.7731,43.9791,-103.7731,0,0,0,0,0,103,0,0,0
661140,2021,6,15,"2021-06-15","03:25:00",3,"SD",46,0,1,0,0,0,0,43.9634,-103.5357,43.9634,-103.5357,0,0,0,0,0,103,0,0,0
661141,2021,6,15,"2021-06-15","03:30:00",3,"WA",53,0,1.5,0,0,0,0,46.6241,-117.7954,46.93,-117.68,0,0,0,0,0,75,0,0,0
661142,2021,6,15,"2021-06-15","04:33:00",3,"SD",46,0,2.5,0,0,0,0,43.18,-103.07,43.18,-103.07,0,0,0,0,0,47,0,0,0
661143,2021,6,15,"2021-06-15","04:50:00",3,"SD",46,0,0.88,0,0,0,0,44.38,-103.73,44.38,-103.73,0,0,0,0,0,81,0,0,0
661144,2021,6,15,"2021-06-15","05:20:00",3,"NE",31,0,1,0,0,0,0,42.91,-102.69,42.91,-102.69,0,0,0,0,0,161,0,0,0
661145,2021,6,15,"2021-06-15","05:25:00",3,"NE",31,0,1,0,0,0,0,42.86,-102.69,42.86,-102.69,0,0,0,0,0,161,0,0,0
661146,2021,6,15,"2021-06-15","05:25:00",3,"NE",31,0,1,0,0,0,0,42.34,-102.13,42.34,-102.13,0,0,0,0,0,161,0,0,0
661147,2021,6,15,"2021-06-15","07:15:00",3,"MT",30,0,1,0,0,0,0,48.38,-115.53,48.38,-115.53,0,0,0,0,0,53,0,0,0
661148,2021,6,15,"2021-06-15","07:15:00",3,"ID",16,0,1,0,0,0,0,46.73,-117,46.8379,-117.0267,0,0,0,0,0,57,0,0,0
661149,2021,6,15,"2021-06-15","12:32:00",3,"NC",37,0,1,0,0,0,0,34.159,-77.88,34.159,-77.88,0,0,0,0,0,129,0,0,0
661150,2021,6,15,"2021-06-15","13:05:00",3,"NC",37,0,1,0,0,0,0,35,-77.25,35,-77.25,0,0,0,0,0,103,0,0,0
661151,2021,6,15,"2021-06-15","13:13:00",3,"NC",37,0,1.5,0,0,0,0,34.9389,-77.3491,34.9389,-77.3491,0,0,0,0,0,103,0,0,0
661152,2021,6,15,"2021-06-15","13:15:00",3,"FL",12,0,0.88,0,0,0,0,30.43,-85.69,30.43,-85.69,0,0,0,0,0,5,0,0,0
661153,2021,6,15,"2021-06-15","13:15:00",3,"FL",12,0,1,0,0,0,0,30.31,-85.29,30.31,-85.29,0,0,0,0,0,13,0,0,0
661154,2021,6,15,"2021-06-15","13:20:00",3,"NC",37,0,0.88,0,0,0,0,34.43,-77.88,34.43,-77.88,0,0,0,0,0,141,0,0,0
661155,2021,6,15,"2021-06-15","13:30:00",3,"FL",12,0,1,0,0,0,0,30.4,-85.41,30.4,-85.41,0,0,0,0,0,5,0,0,0
661156,2021,6,15,"2021-06-15","13:59:00",3,"FL",12,0,1.75,0,0,0,0,30.44,-85.39,30.44,-85.39,0,0,0,0,0,5,0,0,0
661157,2021,6,15,"2021-06-15","14:00:00",3,"NH",33,0,1.5,0,0,0,0,43.67,-71.26,43.67,-71.26,0,0,0,0,0,3,0,0,0
661158,2021,6,15,"2021-06-15","14:10:00",3,"FL",12,0,1,0,0,0,0,29.98,-82.25,29.98,-82.25,0,0,0,0,0,7,0,0,0
661159,2021,6,15,"2021-06-15","14:15:00",3,"NH",33,0,1.75,0,0,0,0,43.68,-71.12,43.68,-71.12,0,0,0,0,0,3,0,0,0
661160,2021,6,15,"2021-06-15","14:26:00",3,"FL",12,0,0.88,0,0,0,0,30.06,-84.49,30.06,-84.49,0,0,0,0,0,129,0,0,0
661161,2021,6,15,"2021-06-15","14:45:00",3,"NH",33,0,1,0,0,0,0,42.75,-71.52,42.75,-71.52,0,0,0,0,0,11,0,0,0
661162,2021,6,15,"2021-06-15","14:50:00",3,"SC",45,0,1.25,0,0,0,0,33.13,-80.21,33.13,-80.21,0,0,0,0,0,15,0,0,0
661163,2021,6,15,"2021-06-15","14:52:00",3,"SC",45,0,0.75,0,0,0,0,33.11,-80.2,33.11,-80.2,0,0,0,0,0,15,0,0,0
661164,2021,6,15,"2021-06-15","15:10:00",3,"SC",45,0,0.88,0,0,0,0,33.1,-80.13,33.1,-80.13,0,0,0,0,0,15,0,0,0
661165,2021,6,15,"2021-06-15","15:34:00",3,"MA",25,0,1,0,0,0,0,42.7761,-71.1737,42.7761,-71.1737,0,0,0,0,0,9,0,0,0
661166,2021,6,15,"2021-06-15","15:35:00",3,"NH",33,0,1,0,0,0,0,42.78,-71.23,42.78,-71.23,0,0,0,0,0,15,0,0,0
661167,2021,6,15,"2021-06-15","15:45:00",3,"MA",25,0,1.25,0,0,0,0,42.81,-70.89,42.81,-70.89,0,0,0,0,0,9,0,0,0
661168,2021,6,15,"2021-06-15","16:40:00",3,"SC",45,0,1.75,0,0,0,0,33.446,-80.5164,33.446,-80.5164,0,0,0,0,0,75,0,0,0
661169,2021,6,15,"2021-06-15","16:58:00",3,"TX",48,0,1,0,0,0,0,29.83,-95.43,29.83,-95.43,0,0,0,0,0,201,0,0,0
661170,2021,6,15,"2021-06-15","17:00:00",3,"TX",48,0,1,0,0,0,0,29.8,-95.38,29.8,-95.38,0,0,0,0,0,201,0,0,0
661171,2021,6,15,"2021-06-15","17:07:00",3,"TX",48,0,1,0,0,0,0,29.82,-95.41,29.82,-95.41,0,0,0,0,0,201,0,0,0
661172,2021,6,15,"2021-06-15","17:40:00",3,"TX",48,0,1,0,0,0,0,29.73,-95.15,29.73,-95.15,0,0,0,0,0,201,0,0,0
661173,2021,6,15,"2021-06-15","17:45:00",3,"SC",45,0,0.88,0,0,0,0,32.81,-80.1,32.81,-80.1,0,0,0,0,0,19,0,0,0
661174,2021,6,15,"2021-06-15","17:50:00",3,"SC",45,0,1,0,0,0,0,32.83,-80.09,32.83,-80.09,0,0,0,0,0,19,0,0,0
661175,2021,6,15,"2021-06-15","18:05:00",3,"SC",45,0,1,0,0,0,0,32.78,-79.97,32.78,-79.97,0,0,0,0,0,19,0,0,0
661176,2021,6,15,"2021-06-15","18:14:00",3,"SC",45,0,1,0,0,0,0,32.72,-79.92,32.72,-79.92,0,0,0,0,0,19,0,0,0
661177,2021,6,15,"2021-06-15","18:23:00",3,"SC",45,0,1,0,0,0,0,32.83,-79.82,32.83,-79.82,0,0,0,0,0,19,0,0,0
661178,2021,6,15,"2021-06-15","18:25:00",3,"NE",31,0,2,0,0,1e+05,1e+06,40.78,-98.73,40.78,-98.73,0,0,0,0,0,19,0,0,0
661179,2021,6,15,"2021-06-15","18:55:00",3,"TX",48,0,1,0,0,0,0,29.7,-99.07,29.7,-99.07,0,0,0,0,0,19,0,0,0
661180,2021,6,15,"2021-06-15","19:30:00",3,"NE",31,0,1.75,0,0,1e+05,1e+06,40.4369,-97.9336,40.4369,-97.9336,0,0,0,0,0,35,0,0,0
661181,2021,6,15,"2021-06-15","20:14:00",3,"GA",13,0,1.75,0,0,0,0,32.28,-81.39,32.28,-81.39,0,0,0,0,0,103,0,0,0
661182,2021,6,15,"2021-06-15","20:37:00",3,"SC",45,0,1,0,0,0,0,32.3,-80.98,32.3,-80.98,0,0,0,0,0,13,0,0,0
661183,2021,6,16,"2021-06-16","17:33:00",3,"MN",27,0,1,0,0,0,0,43.56,-95.87,43.56,-95.87,0,0,0,0,0,105,0,0,0
661184,2021,6,16,"2021-06-16","17:57:00",3,"MN",27,0,1,0,0,0,0,44,-95.95,44,-95.95,0,0,0,0,0,101,0,0,0
661185,2021,6,16,"2021-06-16","18:07:00",3,"MN",27,0,1,0,0,0,0,43.89,-95.94,43.89,-95.94,0,0,0,0,0,101,0,0,0
661186,2021,6,16,"2021-06-16","18:11:00",3,"MN",27,0,0.88,0,0,0,0,43.83,-95.88,43.83,-95.88,0,0,0,0,0,105,0,0,0
661187,2021,6,16,"2021-06-16","18:18:00",3,"MN",27,0,0.75,0,0,0,0,43.76,-95.86,43.76,-95.86,0,0,0,0,0,105,0,0,0
661188,2021,6,16,"2021-06-16","19:43:00",3,"IA",19,0,1.75,0,0,0,8000,42.82,-95.36,42.82,-95.36,0,0,0,0,0,21,0,0,0
661189,2021,6,16,"2021-06-16","20:00:00",3,"IA",19,0,1,0,0,0,0,42.67,-95.3,42.67,-95.3,0,0,0,0,0,21,0,0,0
661190,2021,6,16,"2021-06-16","20:02:00",3,"IA",19,0,0.88,0,0,0,6000,42.63,-95.3,42.63,-95.3,0,0,0,0,0,21,0,0,0
661191,2021,6,16,"2021-06-16","20:05:00",3,"IA",19,0,1,0,0,0,0,42.62,-95.27,42.62,-95.27,0,0,0,0,0,21,0,0,0
661192,2021,6,16,"2021-06-16","20:16:00",3,"IA",19,0,1,0,0,0,0,42.48,-95.29,42.48,-95.29,0,0,0,0,0,161,0,0,0
661193,2021,6,16,"2021-06-16","20:18:00",3,"IA",19,0,1.5,0,0,0,0,42.5,-95.3,42.5,-95.3,0,0,0,0,0,161,0,0,0
661194,2021,6,16,"2021-06-16","20:24:00",3,"IA",19,0,0.75,0,0,0,0,42.48,-95.25,42.48,-95.25,0,0,0,0,0,161,0,0,0
661195,2021,6,16,"2021-06-16","20:52:00",3,"IA",19,0,0.75,0,0,0,233000,42.42,-95.46,42.42,-95.46,0,0,0,0,0,93,0,0,0
661196,2021,6,16,"2021-06-16","21:00:00",3,"IA",19,0,1.25,0,0,0,0,42.34,-95.47,42.34,-95.47,0,0,0,0,0,93,0,0,0
661197,2021,6,16,"2021-06-16","21:02:00",3,"IA",19,0,1,0,0,0,0,42.34,-95.47,42.34,-95.47,0,0,0,0,0,93,0,0,0
661198,2021,6,16,"2021-06-16","21:40:00",3,"MN",27,0,0.88,0,0,0,0,46.78,-92.24,46.78,-92.24,0,0,0,0,0,137,0,0,0
661199,2021,6,16,"2021-06-16","21:45:00",3,"MN",27,0,0.88,0,0,0,0,46.79,-92.11,46.79,-92.11,0,0,0,0,0,137,0,0,0
661200,2021,6,17,"2021-06-17","02:23:00",3,"WI",55,0,1,0,0,0,0,44.78,-91.93,44.78,-91.93,0,0,0,0,0,33,0,0,0
661201,2021,6,17,"2021-06-17","03:35:00",3,"MN",27,0,0.75,0,0,0,0,43.74,-92.31,43.74,-92.31,0,0,0,0,0,45,0,0,0
661202,2021,6,17,"2021-06-17","10:36:00",3,"MO",29,0,0.88,0,0,0,0,36.64,-90.88,36.64,-90.88,0,0,0,0,0,181,0,0,0
661203,2021,6,17,"2021-06-17","16:22:00",3,"OK",40,0,1,0,0,0,0,34.3603,-94.8372,34.3603,-94.8372,0,0,0,0,0,89,0,0,0
661204,2021,6,17,"2021-06-17","16:47:00",3,"OK",40,0,1,0,0,0,0,34.3958,-94.9083,34.3958,-94.9083,0,0,0,0,0,89,0,0,0
661205,2021,6,17,"2021-06-17","17:20:00",3,"WI",55,0,1,0,0,0,0,44.64,-92.03,44.64,-92.03,0,0,0,0,0,91,0,0,0
661206,2021,6,17,"2021-06-17","17:37:00",3,"WI",55,0,0.75,0,0,0,0,44.79,-91.18,44.79,-91.18,0,0,0,0,0,35,0,0,0
661207,2021,6,17,"2021-06-17","17:40:00",3,"MN",27,0,2,0,0,0,0,44.5,-93.74,44.5,-93.74,0,0,0,0,0,79,0,0,0
661208,2021,6,17,"2021-06-17","17:49:00",3,"MN",27,0,1.75,0,0,0,0,44.53,-93.58,44.53,-93.58,0,0,0,0,0,79,0,0,0
661209,2021,6,17,"2021-06-17","17:59:00",3,"MN",27,0,2.5,0,0,0,0,44.48,-93.43,44.48,-93.43,0,0,0,0,0,131,0,0,0
661210,2021,6,17,"2021-06-17","18:04:00",3,"MN",27,0,1,0,0,0,0,44.57,-93.34,44.57,-93.34,0,0,0,0,0,139,0,0,0
661211,2021,6,17,"2021-06-17","18:05:00",3,"MN",27,0,1.75,0,0,0,0,44.52,-93.35,44.52,-93.35,0,0,0,0,0,131,0,0,0
661212,2021,6,17,"2021-06-17","18:08:00",3,"MN",27,0,2.5,0,0,0,0,44.48,-93.43,44.48,-93.43,0,0,0,0,0,131,0,0,0
661213,2021,6,17,"2021-06-17","18:09:00",3,"MN",27,0,2.5,0,0,0,0,44.53,-93.35,44.53,-93.35,0,0,0,0,0,131,0,0,0
661214,2021,6,17,"2021-06-17","18:10:00",3,"MN",27,0,1,0,0,0,0,44.57,-93.3,44.57,-93.3,0,0,0,0,0,139,0,0,0
661215,2021,6,17,"2021-06-17","18:10:00",3,"MN",27,0,2.5,0,0,0,0,44.46,-93.42,44.46,-93.42,0,0,0,0,0,131,0,0,0
661216,2021,6,17,"2021-06-17","18:11:00",3,"MN",27,0,1.75,0,0,0,0,44.49,-93.32,44.49,-93.32,0,0,0,0,0,131,0,0,0
661217,2021,6,17,"2021-06-17","18:11:00",3,"MN",27,0,2.5,0,0,0,0,44.46,-93.42,44.46,-93.42,0,0,0,0,0,131,0,0,0
661218,2021,6,17,"2021-06-17","18:15:00",3,"MN",27,0,1,0,0,0,0,44.62,-93.77,44.62,-93.77,0,0,0,0,0,139,0,0,0
661219,2021,6,17,"2021-06-17","18:20:00",3,"MN",27,0,2.75,0,0,2500000,0,44.46,-93.1,44.46,-93.1,0,0,0,0,0,131,0,0,0
661220,2021,6,17,"2021-06-17","18:26:00",3,"MN",27,0,1,0,0,0,0,44.65,-93.29,44.65,-93.29,0,0,0,0,0,37,0,0,0
661221,2021,6,17,"2021-06-17","18:30:00",3,"MN",27,0,0.88,0,0,0,0,44.65,-93.2,44.65,-93.2,0,0,0,0,0,37,0,0,0
661222,2021,6,17,"2021-06-17","18:30:00",3,"MN",27,0,3,0,0,3e+06,0,44.49,-92.97,44.49,-92.97,0,0,0,0,0,49,0,0,0
661223,2021,6,17,"2021-06-17","18:30:00",3,"MN",27,0,2,0,0,0,0,44.5,-92.91,44.5,-92.91,0,0,0,0,0,49,0,0,0
661224,2021,6,17,"2021-06-17","18:33:00",3,"MN",27,0,2,0,0,0,0,44.47,-93.06,44.47,-93.06,0,0,0,0,0,37,0,0,0
661225,2021,6,17,"2021-06-17","18:35:00",3,"MN",27,0,3,0,0,0,0,44.47,-92.92,44.47,-92.92,0,0,0,0,0,49,0,0,0
661226,2021,6,17,"2021-06-17","18:35:00",3,"MN",27,0,1,0,0,0,0,44.51,-92.91,44.51,-92.91,0,0,0,0,0,49,0,0,0
661227,2021,6,17,"2021-06-17","18:35:00",3,"MN",27,0,1,0,0,0,0,44.43,-92.96,44.43,-92.96,0,0,0,0,0,49,0,0,0
661228,2021,6,17,"2021-06-17","18:35:00",3,"MN",27,0,1.5,0,0,0,0,44.49,-92.89,44.49,-92.89,0,0,0,0,0,49,0,0,0
661229,2021,6,17,"2021-06-17","18:37:00",3,"MN",27,0,2,0,0,0,0,44.4932,-93.0375,44.4932,-93.0375,0,0,0,0,0,49,0,0,0
661230,2021,6,17,"2021-06-17","18:37:00",3,"MN",27,0,1.5,0,0,0,0,44.46,-92.97,44.46,-92.97,0,0,0,0,0,49,0,0,0
661231,2021,6,17,"2021-06-17","18:37:00",3,"MN",27,0,1.5,0,0,0,0,44.45,-92.95,44.45,-92.95,0,0,0,0,0,49,0,0,0
661232,2021,6,17,"2021-06-17","18:40:00",3,"MN",27,0,1,0,0,0,0,44.58,-93.33,44.58,-93.33,0,0,0,0,0,139,0,0,0
661233,2021,6,17,"2021-06-17","18:40:00",3,"MN",27,0,2.75,0,0,0,0,44.46,-92.83,44.46,-92.83,0,0,0,0,0,49,0,0,0
661234,2021,6,17,"2021-06-17","18:51:00",3,"MN",27,0,2.75,0,0,0,0,44.47,-93.02,44.47,-93.02,0,0,0,0,0,49,0,0,0
661235,2021,6,17,"2021-06-17","18:53:00",3,"MN",27,0,1.5,0,0,0,0,44.4,-92.62,44.4,-92.62,0,0,0,0,0,49,0,0,0
661236,2021,6,17,"2021-06-17","18:55:00",3,"MN",27,0,1.25,0,0,0,0,44.48,-93.15,44.48,-93.15,0,0,0,0,0,37,0,0,0
661237,2021,6,17,"2021-06-17","18:58:00",3,"WI",55,0,2,0,0,0,0,44.73,-92.49,44.73,-92.49,0,0,0,0,0,93,0,0,0
661238,2021,6,17,"2021-06-17","19:03:00",3,"WI",55,0,1,0,0,0,0,44.91,-90.3,44.91,-90.3,0,0,0,0,0,73,0,0,0
661239,2021,6,17,"2021-06-17","19:04:00",3,"WI",55,0,0.75,0,0,0,0,44.9,-90.32,44.9,-90.32,0,0,0,0,0,19,0,0,0
661240,2021,6,17,"2021-06-17","19:05:00",3,"MN",27,0,1,0,0,0,0,44.38,-94.19,44.38,-94.19,0,0,0,0,0,103,0,0,0
661241,2021,6,17,"2021-06-17","19:08:00",3,"MN",27,0,1.75,0,0,0,0,44.49,-93.01,44.49,-93.01,0,0,0,0,0,49,0,0,0
661242,2021,6,17,"2021-06-17","19:15:00",3,"MN",27,0,1.5,0,0,0,0,44.44,-92.82,44.44,-92.82,0,0,0,0,0,49,0,0,0
661243,2021,6,17,"2021-06-17","19:26:00",3,"MN",27,0,2,0,0,35000,50000,44.28,-92.07,44.28,-92.07,0,0,0,0,0,157,0,0,0
661244,2021,6,17,"2021-06-17","19:29:00",3,"MN",27,0,2,0,0,70000,50000,44.29,-92.03,44.29,-92.03,0,0,0,0,0,157,0,0,0
661245,2021,6,17,"2021-06-17","19:32:00",3,"MN",27,0,2.5,0,0,150000,55000,44.26,-92.04,44.26,-92.04,0,0,0,0,0,157,0,0,0
661246,2021,6,17,"2021-06-17","19:46:00",3,"WI",55,0,1.75,0,0,10000,1000,44.279,-91.882,44.279,-91.882,0,0,0,0,0,11,0,0,0
661247,2021,6,17,"2021-06-17","19:48:00",3,"WI",55,0,1.75,0,0,520000,30000,44.22,-91.87,44.22,-91.87,0,0,0,0,0,11,0,0,0
661248,2021,6,17,"2021-06-17","19:50:00",3,"WI",55,0,0.75,0,0,0,0,44.75,-91.67,44.75,-91.67,0,0,0,0,0,33,0,0,0
661249,2021,6,17,"2021-06-17","19:54:00",3,"WI",55,0,2.5,0,0,260000,31000,44.24,-91.86,44.24,-91.86,0,0,0,0,0,11,0,0,0
661250,2021,6,17,"2021-06-17","19:55:00",3,"WI",55,0,2.5,0,0,260000,31000,44.22,-91.83,44.22,-91.83,0,0,0,0,0,11,0,0,0
661251,2021,6,17,"2021-06-17","20:01:00",3,"MN",27,0,1,0,0,0,0,44.35,-92.07,44.35,-92.07,0,0,0,0,0,157,0,0,0
661252,2021,6,17,"2021-06-17","20:01:00",3,"WI",55,0,1,0,0,0,0,44.79,-91.47,44.79,-91.47,0,0,0,0,0,35,0,0,0
661253,2021,6,17,"2021-06-17","20:02:00",3,"WI",55,0,1,0,0,0,0,44.79,-91.46,44.79,-91.46,0,0,0,0,0,35,0,0,0
661254,2021,6,17,"2021-06-17","20:04:00",3,"WI",55,0,0.75,0,0,0,0,44.78,-91.42,44.78,-91.42,0,0,0,0,0,35,0,0,0
661255,2021,6,17,"2021-06-17","20:05:00",3,"WI",55,0,0.88,0,0,0,0,44.78,-91.44,44.78,-91.44,0,0,0,0,0,35,0,0,0
661256,2021,6,17,"2021-06-17","20:07:00",3,"MN",27,0,0.75,0,0,0,0,44.31,-92,44.31,-92,0,0,0,0,0,157,0,0,0
661257,2021,6,17,"2021-06-17","20:15:00",3,"WI",55,0,1,0,0,0,0,44.22,-91.49,44.22,-91.49,0,0,0,0,0,121,0,0,0
661258,2021,6,17,"2021-06-17","20:52:00",3,"MN",27,0,0.75,0,0,0,0,44.29,-92.05,44.29,-92.05,0,0,0,0,0,157,0,0,0
661259,2021,6,17,"2021-06-17","20:59:00",3,"WI",55,0,0.75,0,0,0,0,44.07,-91.39,44.07,-91.39,0,0,0,0,0,121,0,0,0
661260,2021,6,17,"2021-06-17","21:10:00",3,"MN",27,0,1,0,0,0,0,44.09,-91.75,44.09,-91.75,0,0,0,0,0,169,0,0,0
661261,2021,6,17,"2021-06-17","21:15:00",3,"MN",27,0,1.75,0,0,8e+05,0,44.07,-91.71,44.07,-91.71,0,0,0,0,0,169,0,0,0
661262,2021,6,17,"2021-06-17","21:30:00",3,"WI",55,0,2,0,0,95000,12000,44.07,-91.49,44.07,-91.49,0,0,0,0,0,121,0,0,0
661263,2021,6,17,"2021-06-17","21:31:00",3,"MN",27,0,2.75,0,0,3e+06,0,44.07,-91.71,44.07,-91.71,0,0,0,0,0,169,0,0,0
661264,2021,6,17,"2021-06-17","21:36:00",3,"MN",27,0,1,0,0,0,0,44,-91.66,44,-91.66,0,0,0,0,0,169,0,0,0
661265,2021,6,17,"2021-06-17","21:46:00",3,"WI",55,0,0.75,0,0,0,0,44.04,-91.17,44.04,-91.17,0,0,0,0,0,63,0,0,0
661266,2021,6,17,"2021-06-17","21:51:00",3,"WI",55,0,1.75,0,0,885000,0,44.01,-91.44,44.01,-91.44,0,0,0,0,0,121,0,0,0
661267,2021,6,17,"2021-06-17","21:59:00",3,"MN",27,0,1.5,0,0,0,0,43.91,-91.36,43.91,-91.36,0,0,0,0,0,169,0,0,0
661268,2021,6,17,"2021-06-17","22:03:00",3,"WI",55,0,0.88,0,0,0,0,43.94,-91.25,43.94,-91.25,0,0,0,0,0,63,0,0,0
661269,2021,6,17,"2021-06-17","22:04:00",3,"WI",55,0,1,0,0,0,0,43.91,-91.23,43.91,-91.23,0,0,0,0,0,63,0,0,0
661270,2021,6,17,"2021-06-17","22:05:00",3,"WI",55,0,0.75,0,0,0,0,43.93,-91.24,43.93,-91.24,0,0,0,0,0,63,0,0,0
661271,2021,6,17,"2021-06-17","23:04:00",3,"WI",55,0,1,0,0,0,0,43.57,-91.23,43.57,-91.23,0,0,0,0,0,123,0,0,0
661272,2021,6,18,"2021-06-18","06:35:00",3,"IN",18,0,0.75,0,0,0,0,41.04,-85.27,41.04,-85.27,0,0,0,0,0,3,0,0,0
661273,2021,6,18,"2021-06-18","09:25:00",3,"KY",21,0,1.75,0,0,0,0,39.02,-84.72,39.02,-84.72,0,0,0,0,0,15,0,0,0
661274,2021,6,18,"2021-06-18","09:30:00",3,"IN",18,0,0.88,0,0,0,0,38.78,-84.92,38.78,-84.92,0,0,0,0,0,155,0,0,0
661275,2021,6,18,"2021-06-18","11:00:00",3,"IL",17,0,1,0,0,0,0,40.75,-88.52,40.75,-88.52,0,0,0,0,0,105,0,0,0
661276,2021,6,18,"2021-06-18","12:48:00",3,"NE",31,0,0.88,0,0,0,0,42.69,-103.88,42.69,-103.88,0,0,0,0,0,165,0,0,0
661277,2021,6,18,"2021-06-18","12:50:00",3,"NE",31,0,1.25,0,0,0,0,42.69,-103.88,42.69,-103.88,0,0,0,0,0,165,0,0,0
661278,2021,6,18,"2021-06-18","13:27:00",3,"IN",18,0,1,0,0,0,0,40.24,-85.34,40.24,-85.34,0,0,0,0,0,35,0,0,0
661279,2021,6,18,"2021-06-18","14:09:00",3,"NE",31,0,0.75,0,0,0,0,42.42,-103.73,42.42,-103.73,0,0,0,0,0,165,0,0,0
661280,2021,6,18,"2021-06-18","14:15:00",3,"NE",31,0,0.75,0,0,0,0,42.41,-103.72,42.41,-103.72,0,0,0,0,0,165,0,0,0
661281,2021,6,18,"2021-06-18","14:34:00",3,"IN",18,0,1,0,0,0,0,40.37,-85.21,40.37,-85.21,0,0,0,0,0,75,0,0,0
661282,2021,6,18,"2021-06-18","14:35:00",3,"IN",18,0,1.75,0,0,0,0,40.35,-85.15,40.35,-85.15,0,0,0,0,0,75,0,0,0
661283,2021,6,18,"2021-06-18","14:56:00",3,"IN",18,0,1,0,0,0,0,40.27,-84.98,40.27,-84.98,0,0,0,0,0,135,0,0,0
661284,2021,6,18,"2021-06-18","15:03:00",3,"OH",39,0,0.75,0,0,0,0,40.23,-84.41,40.23,-84.41,0,0,0,0,0,149,0,0,0
661285,2021,6,18,"2021-06-18","15:18:00",3,"NE",31,0,0.88,0,0,0,0,42.01,-103.39,42.01,-103.39,0,0,0,0,0,13,0,0,0
661286,2021,6,18,"2021-06-18","15:45:00",3,"OH",39,0,0.88,0,0,0,0,39.8,-84.3,39.8,-84.3,0,0,0,0,0,113,0,0,0
661287,2021,6,18,"2021-06-18","15:45:00",3,"OH",39,0,0.88,0,0,0,0,40.1,-84.62,40.1,-84.62,0,0,0,0,0,37,0,0,0
661288,2021,6,18,"2021-06-18","15:50:00",3,"OH",39,0,1.75,0,0,0,0,39.8121,-84.2893,39.8121,-84.2893,0,0,0,0,0,113,0,0,0
661289,2021,6,18,"2021-06-18","15:56:00",3,"OH",39,0,1,0,0,0,0,39.82,-84.27,39.82,-84.27,0,0,0,0,0,113,0,0,0
661290,2021,6,18,"2021-06-18","15:59:00",3,"OH",39,0,1,0,0,5000,0,39.81,-84.19,39.81,-84.19,0,0,0,0,0,113,0,0,0
661291,2021,6,18,"2021-06-18","16:35:00",3,"OH",39,0,0.88,0,0,0,0,39.85,-84.36,39.85,-84.36,0,0,0,0,0,113,0,0,0
661292,2021,6,18,"2021-06-18","16:42:00",3,"IN",18,0,1,0,0,0,0,39.94,-86.15,39.94,-86.15,0,0,0,0,0,57,0,0,0
661293,2021,6,18,"2021-06-18","16:42:00",3,"IN",18,0,1.75,0,0,0,0,39.93,-86.11,39.93,-86.11,0,0,0,0,0,57,0,0,0
661294,2021,6,18,"2021-06-18","16:44:00",3,"IN",18,0,1.25,0,0,0,0,39.94,-86.11,39.94,-86.11,0,0,0,0,0,57,0,0,0
661295,2021,6,18,"2021-06-18","16:46:00",3,"OH",39,0,1,0,0,0,0,39.86,-84.36,39.86,-84.36,0,0,0,0,0,113,0,0,0
661296,2021,6,18,"2021-06-18","16:48:00",3,"IN",18,0,2,0,0,0,0,39.9,-86.05,39.9,-86.05,0,0,0,0,0,97,0,0,0
661297,2021,6,18,"2021-06-18","16:48:00",3,"IN",18,0,1,0,0,0,0,39.9,-86.07,39.9,-86.07,0,0,0,0,0,97,0,0,0
661298,2021,6,18,"2021-06-18","16:55:00",3,"IN",18,0,1,0,0,0,0,39.91,-85.93,39.91,-85.93,0,0,0,0,0,59,0,0,0
661299,2021,6,18,"2021-06-18","17:07:00",3,"IN",18,0,1,0,0,0,0,40.29,-84.82,40.29,-84.82,0,0,0,0,0,135,0,0,0
661300,2021,6,18,"2021-06-18","17:10:00",3,"IN",18,0,1.75,0,0,0,0,39.87,-85.99,39.87,-85.99,0,0,0,0,0,97,0,0,0
661301,2021,6,18,"2021-06-18","17:10:00",3,"IN",18,0,1.75,0,0,0,0,39.58,-86.82,39.58,-86.82,0,0,0,0,0,133,0,0,0
661302,2021,6,18,"2021-06-18","17:12:00",3,"IN",18,0,2,0,0,0,0,39.58,-86.82,39.58,-86.82,0,0,0,0,0,133,0,0,0
661303,2021,6,18,"2021-06-18","17:12:00",3,"OH",39,0,1,0,0,0,0,39.76,-84.19,39.76,-84.19,0,0,0,0,0,113,0,0,0
661304,2021,6,18,"2021-06-18","17:15:00",3,"IN",18,0,2,0,0,0,0,39.98,-85.63,39.98,-85.63,0,0,0,0,0,95,0,0,0
661305,2021,6,18,"2021-06-18","17:15:00",3,"OH",39,0,1.5,0,0,0,0,39.78,-84.12,39.78,-84.12,0,0,0,0,0,113,0,0,0
661306,2021,6,18,"2021-06-18","17:20:00",3,"OH",39,0,1,0,0,0,0,39.7,-84.15,39.7,-84.15,0,0,0,0,0,113,0,0,0
661307,2021,6,18,"2021-06-18","17:21:00",3,"IN",18,0,1,0,0,0,0,39.61,-86.45,39.61,-86.45,0,0,0,0,0,109,0,0,0
661308,2021,6,18,"2021-06-18","17:26:00",3,"IN",18,0,2.5,0,0,0,0,39.52,-86.8,39.52,-86.8,0,0,0,0,0,133,0,0,0
661309,2021,6,18,"2021-06-18","17:26:00",3,"IN",18,0,2.5,0,0,0,0,39.52,-86.78,39.52,-86.78,0,0,0,0,0,133,0,0,0
661310,2021,6,18,"2021-06-18","17:26:00",3,"OH",39,0,1,0,0,0,0,39.8,-84.02,39.8,-84.02,0,0,0,0,0,57,0,0,0
661311,2021,6,18,"2021-06-18","17:28:00",3,"OH",39,0,2.5,0,0,0,0,39.68,-84.1,39.68,-84.1,0,0,0,0,0,57,0,0,0
661312,2021,6,18,"2021-06-18","17:28:00",3,"OH",39,0,1,0,0,0,0,39.68,-84.11,39.68,-84.11,0,0,0,0,0,113,0,0,0
661313,2021,6,18,"2021-06-18","17:29:00",3,"IN",18,0,3.25,0,0,0,0,39.78,-85.94,39.78,-85.94,0,0,0,0,0,59,0,0,0
661314,2021,6,18,"2021-06-18","17:29:00",3,"OH",39,0,1.5,0,0,0,0,39.68,-84.1,39.68,-84.1,0,0,0,0,0,57,0,0,0
661315,2021,6,18,"2021-06-18","17:30:00",3,"IN",18,0,2.75,0,0,0,0,39.95,-85.49,39.95,-85.49,0,0,0,0,0,65,0,0,0
661316,2021,6,18,"2021-06-18","17:30:00",3,"IN",18,0,1.75,0,0,0,0,39.74,-86.03,39.74,-86.03,0,0,0,0,0,97,0,0,0
661317,2021,6,18,"2021-06-18","17:30:00",3,"OH",39,0,1,0,0,0,0,39.73,-84.06,39.73,-84.06,0,0,0,0,0,57,0,0,0
661318,2021,6,18,"2021-06-18","17:32:00",3,"IN",18,0,3,0,0,0,0,39.51,-86.71,39.51,-86.71,0,0,0,0,0,133,0,0,0
661319,2021,6,18,"2021-06-18","17:33:00",3,"IN",18,0,1.75,0,0,0,0,39.51,-86.71,39.51,-86.71,0,0,0,0,0,133,0,0,0
661320,2021,6,18,"2021-06-18","17:35:00",3,"IN",18,0,1.75,0,0,0,0,39.93,-85.39,39.93,-85.39,0,0,0,0,0,65,0,0,0
661321,2021,6,18,"2021-06-18","17:45:00",3,"IN",18,0,3.25,0,0,0,0,39.72,-85.9,39.72,-85.9,0,0,0,0,0,59,0,0,0
661322,2021,6,18,"2021-06-18","17:45:00",3,"IN",18,0,2.5,0,0,0,0,39.72,-85.89,39.72,-85.89,0,0,0,0,0,59,0,0,0
661323,2021,6,18,"2021-06-18","17:45:00",3,"IN",18,0,3.4,0,0,0,0,39.74,-85.88,39.74,-85.88,0,0,0,0,0,59,0,0,0
661324,2021,6,18,"2021-06-18","17:45:00",3,"IN",18,0,3,0,0,0,0,39.74,-85.88,39.74,-85.88,0,0,0,0,0,59,0,0,0
661325,2021,6,18,"2021-06-18","17:50:00",3,"IN",18,0,2,0,0,0,0,39.79,-85.77,39.79,-85.77,0,0,0,0,0,59,0,0,0
661326,2021,6,18,"2021-06-18","17:50:00",3,"OH",39,0,1,0,0,0,0,39.67,-83.96,39.67,-83.96,0,0,0,0,0,57,0,0,0
661327,2021,6,18,"2021-06-18","17:50:00",3,"OH",39,0,1.75,0,0,0,0,39.69,-83.94,39.69,-83.94,0,0,0,0,0,57,0,0,0
661328,2021,6,18,"2021-06-18","18:33:00",3,"OH",39,0,1.25,0,0,0,0,39.75,-84.31,39.75,-84.31,0,0,0,0,0,113,0,0,0
661329,2021,6,18,"2021-06-18","18:40:00",3,"IN",18,0,1,0,0,0,0,39.2578,-86.3567,39.2578,-86.3567,0,0,0,0,0,105,0,0,0
661330,2021,6,18,"2021-06-18","19:00:00",3,"MN",27,0,1,0,0,0,0,47.48,-94.56,47.48,-94.56,0,0,0,0,0,7,0,0,0
661331,2021,6,18,"2021-06-18","19:05:00",3,"MN",27,0,1,0,0,0,0,47.56,-94.48,47.56,-94.48,0,0,0,0,0,7,0,0,0
661332,2021,6,18,"2021-06-18","19:17:00",3,"IN",18,0,1.75,0,0,0,0,39.4502,-86.4685,39.4502,-86.4685,0,0,0,0,0,109,0,0,0
661333,2021,6,18,"2021-06-18","19:24:00",3,"IN",18,0,1.75,0,0,0,0,39.41,-86.31,39.41,-86.31,0,0,0,0,0,109,0,0,0
661334,2021,6,18,"2021-06-18","19:45:00",3,"IN",18,0,1.75,0,0,0,0,39.33,-86.68,39.33,-86.68,0,0,0,0,0,105,0,0,0
661335,2021,6,18,"2021-06-18","19:45:00",3,"WY",56,0,1.5,0,0,0,0,41.1837,-104.8373,41.1837,-104.8373,0,0,0,0,0,21,0,0,0
661336,2021,6,18,"2021-06-18","19:47:00",3,"IN",18,0,1.25,0,0,0,0,38.995,-85.9448,38.995,-85.9448,0,0,0,0,0,71,0,0,0
661337,2021,6,18,"2021-06-18","19:50:00",3,"WY",56,0,1,0,0,0,0,41.15,-104.81,41.15,-104.81,0,0,0,0,0,21,0,0,0
661338,2021,6,18,"2021-06-18","19:54:00",3,"IL",17,0,0.75,0,0,0,0,39.8155,-89.65,39.8155,-89.65,0,0,0,0,0,167,0,0,0
661339,2021,6,18,"2021-06-18","19:55:00",3,"WY",56,0,1.5,0,0,0,0,41.22,-104.79,41.22,-104.79,0,0,0,0,0,21,0,0,0
661340,2021,6,18,"2021-06-18","19:58:00",3,"WY",56,0,1,0,0,0,0,41.1387,-104.7901,41.1387,-104.7901,0,0,0,0,0,21,0,0,0
661341,2021,6,18,"2021-06-18","19:58:00",3,"WY",56,0,1,0,0,0,0,41.18,-104.81,41.18,-104.81,0,0,0,0,0,21,0,0,0
661342,2021,6,18,"2021-06-18","19:59:00",3,"WY",56,0,1.25,0,0,0,0,41.15,-104.79,41.15,-104.79,0,0,0,0,0,21,0,0,0
661343,2021,6,18,"2021-06-18","20:00:00",3,"IN",18,0,1,0,0,0,0,39.32,-86.56,39.32,-86.56,0,0,0,0,0,105,0,0,0
661344,2021,6,18,"2021-06-18","20:00:00",3,"WY",56,0,1.25,0,0,0,0,41.19,-104.71,41.19,-104.71,0,0,0,0,0,21,0,0,0
661345,2021,6,18,"2021-06-18","20:00:00",3,"WY",56,0,1.5,0,0,0,0,41.16,-104.74,41.16,-104.74,0,0,0,0,0,21,0,0,0
661346,2021,6,18,"2021-06-18","20:00:00",3,"WY",56,0,1.25,0,0,0,0,41.1338,-104.7767,41.1338,-104.7767,0,0,0,0,0,21,0,0,0
661347,2021,6,18,"2021-06-18","20:05:00",3,"WY",56,0,1.5,0,0,0,0,41.17,-104.81,41.17,-104.81,0,0,0,0,0,21,0,0,0
661348,2021,6,18,"2021-06-18","20:10:00",3,"WY",56,0,0.88,0,0,0,0,41.1321,-104.7524,41.1321,-104.7524,0,0,0,0,0,21,0,0,0
661349,2021,6,18,"2021-06-18","20:27:00",3,"IN",18,0,1,0,0,0,0,38.8282,-85.8359,38.8282,-85.8359,0,0,0,0,0,71,0,0,0
661350,2021,6,18,"2021-06-18","21:05:00",3,"IA",19,0,1.75,0,0,0,0,41.22,-94.36,41.22,-94.36,0,0,0,0,0,1,0,0,0
661351,2021,6,18,"2021-06-18","21:09:00",3,"IA",19,0,1,0,0,0,0,41.2,-93.62,41.2,-93.62,0,0,0,0,0,181,0,0,0
661352,2021,6,18,"2021-06-18","21:18:00",3,"OH",39,0,1,0,0,0,0,39.33,-84.4,39.33,-84.4,0,0,0,0,0,17,0,0,0
661353,2021,6,18,"2021-06-18","21:20:00",3,"IA",19,0,1.75,0,0,0,0,41.21,-93.52,41.21,-93.52,0,0,0,0,0,181,0,0,0
661354,2021,6,18,"2021-06-18","21:20:00",3,"IA",19,0,1.25,0,0,0,0,41.21,-93.5,41.21,-93.5,0,0,0,0,0,181,0,0,0
661355,2021,6,18,"2021-06-18","21:33:00",3,"IA",19,0,1.25,0,0,0,0,41.18,-93.5,41.18,-93.5,0,0,0,0,0,181,0,0,0
661356,2021,6,18,"2021-06-18","21:39:00",3,"IA",19,0,3,0,0,0,0,41.13,-94.06,41.13,-94.06,0,0,0,0,0,175,0,0,0
661357,2021,6,18,"2021-06-18","21:55:00",3,"IA",19,0,1,0,0,0,0,41.02,-93.3,41.02,-93.3,0,0,0,0,0,117,0,0,0
661358,2021,6,18,"2021-06-18","21:55:00",3,"IA",19,0,1,0,0,0,0,41.02,-93.33,41.02,-93.33,0,0,0,0,0,117,0,0,0
661359,2021,6,18,"2021-06-18","21:55:00",3,"IA",19,0,2,0,0,0,0,41.02,-93.31,41.02,-93.31,0,0,0,0,0,117,0,0,0
661360,2021,6,18,"2021-06-18","21:59:00",3,"IA",19,0,0.75,0,0,0,0,41.02,-93.3,41.02,-93.3,0,0,0,0,0,117,0,0,0
661361,2021,6,18,"2021-06-18","22:06:00",3,"IA",19,0,1.25,0,0,0,0,41.32,-93.1,41.32,-93.1,0,0,0,0,0,125,0,0,0
661362,2021,6,18,"2021-06-18","22:07:00",3,"IA",19,0,2.5,0,0,0,0,40.89,-93.2,40.89,-93.2,0,0,0,0,0,185,0,0,0
661363,2021,6,18,"2021-06-18","22:08:00",3,"IA",19,0,1,0,0,0,0,41.37,-93.58,41.37,-93.58,0,0,0,0,0,181,0,0,0
661364,2021,6,18,"2021-06-18","22:08:00",3,"IA",19,0,0.75,0,0,0,0,41.35,-93.6,41.35,-93.6,0,0,0,0,0,181,0,0,0
661365,2021,6,18,"2021-06-18","22:08:00",3,"IA",19,0,1.75,0,0,0,0,41.36,-93.04,41.36,-93.04,0,0,0,0,0,125,0,0,0
661366,2021,6,18,"2021-06-18","22:09:00",3,"IA",19,0,2,0,0,0,0,41.32,-93.07,41.32,-93.07,0,0,0,0,0,125,0,0,0
661367,2021,6,18,"2021-06-18","22:10:00",3,"IA",19,0,2.5,0,0,0,0,41.39,-93.03,41.39,-93.03,0,0,0,0,0,125,0,0,0
661368,2021,6,18,"2021-06-18","22:10:00",3,"IA",19,0,1,0,0,0,0,41.06,-93.76,41.06,-93.76,0,0,0,0,0,39,0,0,0
661369,2021,6,18,"2021-06-18","22:12:00",3,"IA",19,0,2,0,0,0,0,40.91,-93.1,40.91,-93.1,0,0,0,0,0,135,0,0,0
661370,2021,6,18,"2021-06-18","22:13:00",3,"IA",19,0,1.5,0,0,0,0,41.34,-92.99,41.34,-92.99,0,0,0,0,0,125,0,0,0
661371,2021,6,18,"2021-06-18","22:15:00",3,"IA",19,0,1,0,0,0,0,41.37,-92.97,41.37,-92.97,0,0,0,0,0,125,0,0,0
661372,2021,6,18,"2021-06-18","22:20:00",3,"IA",19,0,1.25,0,0,0,0,41.31,-95.39,41.31,-95.39,0,0,0,0,0,155,0,0,0
661373,2021,6,18,"2021-06-18","22:23:00",3,"IA",19,0,0.75,0,0,0,0,41.03,-93.32,41.03,-93.32,0,0,0,0,0,117,0,0,0
661374,2021,6,18,"2021-06-18","22:27:00",3,"IA",19,0,1.75,0,0,0,0,41.31,-95.4,41.31,-95.4,0,0,0,0,0,155,0,0,0
661375,2021,6,18,"2021-06-18","22:30:00",3,"IA",19,0,1.75,0,0,0,0,41.01,-93.6,41.01,-93.6,0,0,0,0,0,39,0,0,0
661376,2021,6,18,"2021-06-18","22:30:00",3,"IA",19,0,1.75,0,0,0,0,40.88,-93.03,40.88,-93.03,0,0,0,0,0,7,0,0,0
661377,2021,6,18,"2021-06-18","22:32:00",3,"IA",19,0,1.25,0,0,0,0,41.41,-95,41.41,-95,0,0,0,0,0,29,0,0,0
661378,2021,6,18,"2021-06-18","22:33:00",3,"IA",19,0,4,0,0,0,0,41.25,-94.67,41.25,-94.67,0,0,0,0,0,1,0,0,0
661379,2021,6,18,"2021-06-18","22:35:00",3,"IA",19,0,1.75,0,0,0,0,41.36,-92.97,41.36,-92.97,0,0,0,0,0,125,0,0,0
661380,2021,6,18,"2021-06-18","22:35:00",3,"IA",19,0,2.5,0,0,0,0,41.23,-95.3,41.23,-95.3,0,0,0,0,0,155,0,0,0
661381,2021,6,18,"2021-06-18","22:40:00",3,"IL",17,0,0.88,0,0,0,0,40.62,-89.45,40.62,-89.45,0,0,0,0,0,179,0,0,0
661382,2021,6,18,"2021-06-18","22:40:00",3,"IL",17,0,0.88,0,0,0,0,40.5693,-89.4896,40.5693,-89.4896,0,0,0,0,0,179,0,0,0
661383,2021,6,18,"2021-06-18","22:46:00",3,"IA",19,0,1,0,0,0,0,41.45,-93.74,41.45,-93.74,0,0,0,0,0,181,0,0,0
661384,2021,6,18,"2021-06-18","22:52:00",3,"IA",19,0,0.75,0,0,0,0,41.29,-91.69,41.29,-91.69,0,0,0,0,0,183,0,0,0
661385,2021,6,18,"2021-06-18","23:00:00",3,"IA",19,0,2,0,0,0,0,41.15,-95.06,41.15,-95.06,0,0,0,0,0,137,0,0,0
661386,2021,6,18,"2021-06-18","23:10:00",3,"IL",17,0,0.88,0,0,0,0,40.57,-90.03,40.57,-90.03,0,0,0,0,0,57,0,0,0
661387,2021,6,18,"2021-06-18","23:17:00",3,"IA",19,0,1.5,0,0,0,0,41.41,-91.89,41.41,-91.89,0,0,0,0,0,183,0,0,0
661388,2021,6,19,"2021-06-19","00:07:00",3,"IL",17,0,0.88,0,0,0,0,40.611,-89.4779,40.611,-89.4779,0,0,0,0,0,179,0,0,0
661389,2021,6,19,"2021-06-19","02:31:00",3,"IL",17,0,0.75,0,0,0,0,39.7598,-88.8667,39.7598,-88.8667,0,0,0,0,0,115,0,0,0
661390,2021,6,19,"2021-06-19","03:18:00",3,"MO",29,0,0.88,0,0,0,0,40.43,-92.02,40.43,-92.02,0,0,0,0,0,199,0,0,0
661391,2021,6,19,"2021-06-19","05:03:00",3,"WI",55,0,0.75,0,0,0,0,44.61,-88.75,44.61,-88.75,0,0,0,0,0,135,0,0,0
661392,2021,6,19,"2021-06-19","05:07:00",3,"WI",55,0,0.75,0,0,0,0,44.61,-88.47,44.61,-88.47,0,0,0,0,0,115,0,0,0
661393,2021,6,19,"2021-06-19","05:09:00",3,"WI",55,0,0.75,0,0,0,0,44.07,-88.29,44.07,-88.29,0,0,0,0,0,15,0,0,0
661394,2021,6,19,"2021-06-19","05:11:00",3,"WI",55,0,0.75,0,0,0,0,44.31,-88.75,44.31,-88.75,0,0,0,0,0,135,0,0,0
661395,2021,6,19,"2021-06-19","05:30:00",3,"WI",55,0,0.75,0,0,0,0,44.26,-88.4,44.26,-88.4,0,0,0,0,0,87,0,0,0
661396,2021,6,19,"2021-06-19","05:36:00",3,"WI",55,0,0.75,0,0,0,0,44.28,-88.31,44.28,-88.31,0,0,0,0,0,87,0,0,0
661397,2021,6,19,"2021-06-19","07:26:00",3,"WI",55,0,0.75,0,0,0,0,44.15,-87.56,44.15,-87.56,0,0,0,0,0,71,0,0,0
661398,2021,6,19,"2021-06-19","13:12:00",3,"ME",23,0,1.25,0,0,0,0,47.35,-68.28,47.35,-68.28,0,0,0,0,0,3,0,0,0
661399,2021,6,19,"2021-06-19","13:20:00",3,"ME",23,0,1,0,0,0,0,44.36,-69.97,44.36,-69.97,0,0,0,0,0,11,0,0,0
661400,2021,6,19,"2021-06-19","14:00:00",3,"IL",17,0,1,0,0,0,0,39.15,-90.62,39.15,-90.62,0,0,0,0,0,13,0,0,0
661401,2021,6,19,"2021-06-19","15:20:00",3,"ME",23,0,1,0,0,0,0,44.3,-68.93,44.3,-68.93,0,0,0,0,0,27,0,0,0
661402,2021,6,19,"2021-06-19","15:26:00",3,"CO",8,0,1,0,0,0,0,38.93,-104.69,38.93,-104.69,0,0,0,0,0,41,0,0,0
661403,2021,6,19,"2021-06-19","15:30:00",3,"ME",23,0,1,0,0,0,0,46.85,-68.2,46.85,-68.2,0,0,0,0,0,3,0,0,0
661404,2021,6,19,"2021-06-19","15:30:00",3,"ME",23,0,1,0,0,0,0,46.88,-68.23,46.88,-68.23,0,0,0,0,0,3,0,0,0
661405,2021,6,19,"2021-06-19","15:32:00",3,"CO",8,0,0.75,0,0,0,0,40.58,-103.8,40.58,-103.8,0,0,0,0,0,123,0,0,0
661406,2021,6,19,"2021-06-19","15:34:00",3,"CO",8,0,1.25,0,0,0,0,39.83,-103.72,39.83,-103.72,0,0,0,0,0,1,0,0,0
661407,2021,6,19,"2021-06-19","15:36:00",3,"CO",8,0,1,0,0,0,0,40.55,-103.8,40.55,-103.8,0,0,0,0,0,123,0,0,0
661408,2021,6,19,"2021-06-19","15:37:00",3,"NE",31,0,0.75,0,0,0,0,41.41,-102.97,41.41,-102.97,0,0,0,0,0,33,0,0,0
661409,2021,6,19,"2021-06-19","15:38:00",3,"ME",23,0,1.25,0,0,0,0,46.88,-68.11,46.88,-68.11,0,0,0,0,0,3,0,0,0
661410,2021,6,19,"2021-06-19","15:47:00",3,"CO",8,0,1.25,0,0,0,0,39.79,-103.59,39.79,-103.59,0,0,0,0,0,121,0,0,0
661411,2021,6,19,"2021-06-19","15:58:00",3,"ME",23,0,0.88,0,0,0,0,46.87,-68.02,46.87,-68.02,0,0,0,0,0,3,0,0,0
661412,2021,6,19,"2021-06-19","16:05:00",3,"CO",8,0,1.25,0,0,0,0,40.48,-103.35,40.48,-103.35,0,0,0,0,0,75,0,0,0
661413,2021,6,19,"2021-06-19","16:10:00",3,"MO",29,0,1,0,0,0,0,38.78,-90.5,38.78,-90.5,0,0,0,0,0,183,0,0,0
661414,2021,6,19,"2021-06-19","16:50:00",3,"SD",46,0,1,0,0,0,0,44.6566,-103.8422,44.6566,-103.8422,0,0,0,0,0,19,0,0,0
661415,2021,6,19,"2021-06-19","16:55:00",3,"MO",29,0,1,0,0,0,0,39.5,-91.33,39.35,-91.2,0,0,0,0,0,163,0,0,0
661416,2021,6,19,"2021-06-19","17:00:00",3,"SD",46,0,1,0,0,0,0,44.67,-103.85,44.67,-103.85,0,0,0,0,0,19,0,0,0
661417,2021,6,19,"2021-06-19","17:35:00",3,"SD",46,0,1.75,0,0,0,0,44.46,-103.64,44.46,-103.64,0,0,0,0,0,81,0,0,0
661418,2021,6,19,"2021-06-19","17:40:00",3,"SD",46,0,1.75,0,0,0,0,44.4766,-103.5838,44.4766,-103.5838,0,0,0,0,0,81,0,0,0
661419,2021,6,19,"2021-06-19","17:55:00",3,"SD",46,0,1,0,0,0,0,44.27,-103.17,44.27,-103.17,0,0,0,0,0,93,0,0,0
661420,2021,6,19,"2021-06-19","18:00:00",3,"SD",46,0,1,0,0,0,0,44.3955,-103.51,44.3955,-103.51,0,0,0,0,0,93,0,0,0
661421,2021,6,19,"2021-06-19","18:52:00",3,"SD",46,0,0.75,0,0,0,0,44.1005,-103.2015,44.1005,-103.2015,0,0,0,0,0,103,0,0,0
661422,2021,6,19,"2021-06-19","19:02:00",3,"MO",29,0,1,0,0,0,0,39.34,-92.39,39.34,-92.39,0,0,0,0,0,175,0,0,0
661423,2021,6,19,"2021-06-19","19:50:00",3,"SD",46,0,2,0,0,0,0,43.9,-102.37,43.9,-102.37,0,0,0,0,0,103,0,0,0
661424,2021,6,19,"2021-06-19","20:00:00",3,"MI",26,0,2.75,0,0,0,0,41.86,-84.48,41.86,-84.48,0,0,0,0,0,59,0,0,0
661425,2021,6,19,"2021-06-19","20:08:00",3,"MI",26,0,4,0,0,0,0,41.84,-84.36,41.84,-84.36,0,0,0,0,0,59,0,0,0
661426,2021,6,19,"2021-06-19","20:10:00",3,"MI",26,0,3,0,0,0,0,41.86,-84.35,41.86,-84.35,0,0,0,0,0,91,0,0,0
661427,2021,6,19,"2021-06-19","20:14:00",3,"MI",26,0,2.75,0,0,0,0,41.86,-84.29,41.86,-84.29,0,0,0,0,0,91,0,0,0
661428,2021,6,19,"2021-06-19","20:22:00",3,"SD",46,0,0.88,0,0,0,0,43.8524,-102.55,43.8524,-102.55,0,0,0,0,0,103,0,0,0
661429,2021,6,19,"2021-06-19","20:22:00",3,"SD",46,0,1,0,0,0,0,43.8155,-101.9,43.8155,-101.9,0,0,0,0,0,71,0,0,0
661430,2021,6,19,"2021-06-19","20:27:00",3,"MO",29,0,1,0,0,0,0,39.42,-92.43,39.42,-92.43,0,0,0,0,0,175,0,0,0
661431,2021,6,20,"2021-06-20","07:23:00",3,"MO",29,0,1,0,0,0,0,39.99,-93.57,39.99,-93.57,0,0,0,0,0,79,0,0,0
661432,2021,6,20,"2021-06-20","15:34:00",3,"IA",19,0,2,0,0,0,0,41.09,-94.15,41.09,-94.15,0,0,0,0,0,175,0,0,0
661433,2021,6,20,"2021-06-20","16:39:00",3,"IN",18,0,1,0,0,0,0,41.24,-86.25,41.24,-86.25,0,0,0,0,0,99,0,0,0
661434,2021,6,20,"2021-06-20","16:41:00",3,"IA",19,0,1.25,0,0,0,0,41.69,-92.76,41.69,-92.76,0,0,0,0,0,157,0,0,0
661435,2021,6,20,"2021-06-20","16:55:00",3,"MI",26,0,1,0,0,0,0,41.94,-86.33,41.94,-86.33,0,0,0,0,0,21,0,0,0
661436,2021,6,20,"2021-06-20","17:00:00",3,"MI",26,0,1.5,0,0,0,0,41.94,-86.33,41.94,-86.33,0,0,0,0,0,21,0,0,0
661437,2021,6,20,"2021-06-20","17:00:00",3,"MI",26,0,1,0,0,0,0,41.93,-86.3,41.93,-86.3,0,0,0,0,0,21,0,0,0
661438,2021,6,20,"2021-06-20","17:00:00",3,"MO",29,0,1,0,0,0,0,39.92,-94.91,39.92,-94.91,0,0,0,0,0,3,0,0,0
661439,2021,6,20,"2021-06-20","17:05:00",3,"MI",26,0,2,0,0,0,0,41.99,-86.3,41.99,-86.3,0,0,0,0,0,21,0,0,0
661440,2021,6,20,"2021-06-20","17:15:00",3,"MI",26,0,0.75,0,0,0,0,42.05,-86.18,42.05,-86.18,0,0,0,0,0,27,0,0,0
661441,2021,6,20,"2021-06-20","17:18:00",3,"MI",26,0,1.75,0,0,0,0,42.07,-86.19,42.07,-86.19,0,0,0,0,0,27,0,0,0
661442,2021,6,20,"2021-06-20","17:25:00",3,"MI",26,0,1.75,0,0,0,0,42.11,-86.17,42.11,-86.17,0,0,0,0,0,159,0,0,0
661443,2021,6,20,"2021-06-20","17:33:00",3,"IN",18,0,0.75,0,0,0,0,39.94,-86.25,39.94,-86.25,0,0,0,0,0,11,0,0,0
661444,2021,6,20,"2021-06-20","17:35:00",3,"IN",18,0,1,0,0,0,0,39.93,-86.2229,39.93,-86.2229,0,0,0,0,0,57,0,0,0
661445,2021,6,20,"2021-06-20","17:35:00",3,"MO",29,0,1.75,0,0,0,0,39.9004,-94.7063,39.9004,-94.7063,0,0,0,0,0,3,0,0,0
661446,2021,6,20,"2021-06-20","17:43:00",3,"IA",19,0,1.5,0,0,0,0,40.64,-93.82,40.64,-93.82,0,0,0,0,0,53,0,0,0
661447,2021,6,20,"2021-06-20","17:58:00",3,"MO",29,0,1.75,0,0,0,0,40.51,-93.53,40.51,-93.53,0,0,0,0,0,129,0,0,0
661448,2021,6,20,"2021-06-20","18:00:00",3,"KS",20,0,1.5,0,0,0,0,38.93,-95.63,38.93,-95.63,0,0,0,0,0,177,0,0,0
661449,2021,6,20,"2021-06-20","18:07:00",3,"KS",20,0,0.88,0,0,0,0,38.91,-95.56,38.91,-95.56,0,0,0,0,0,177,0,0,0
661450,2021,6,20,"2021-06-20","18:17:00",3,"MO",29,0,1,0,0,0,0,40.4,-93.58,40.4,-93.58,0,0,0,0,0,129,0,0,0
661451,2021,6,20,"2021-06-20","19:03:00",3,"MO",29,0,0.75,0,0,0,0,39.51,-94.46,39.51,-94.46,0,0,0,0,0,49,0,0,0
661452,2021,6,20,"2021-06-20","19:11:00",3,"KS",20,0,1,0,0,0,0,38.27,-95.77,38.27,-95.77,0,0,0,0,0,31,0,0,0
661453,2021,6,20,"2021-06-20","19:30:00",3,"MO",29,0,1,0,0,0,0,40.2,-92.57,40.2,-92.57,0,0,0,0,0,1,0,0,0
661454,2021,6,20,"2021-06-20","19:47:00",3,"IA",19,0,1.25,0,0,0,0,41.3,-91.8541,41.3,-91.8541,0,0,0,0,0,183,0,0,0
661455,2021,6,20,"2021-06-20","20:13:00",3,"IL",17,0,1.25,0,0,0,0,42.09,-89.72,42.09,-89.72,0,0,0,0,0,15,0,0,0
661456,2021,6,20,"2021-06-20","21:38:00",3,"NY",36,0,1.25,0,0,0,0,42.19,-79.72,42.19,-79.72,0,0,0,0,0,13,0,0,0
661457,2021,6,20,"2021-06-20","22:49:00",3,"MI",26,0,0.75,0,0,0,0,42.07,-86.19,42.07,-86.19,0,0,0,0,0,27,0,0,0
661458,2021,6,21,"2021-06-21","00:01:00",3,"MI",26,0,1,0,0,0,0,42.44,-84.35,42.44,-84.35,0,0,0,0,0,65,0,0,0
661459,2021,6,21,"2021-06-21","11:25:00",3,"OH",39,0,1.25,0,0,0,0,41.6034,-80.5797,41.6034,-80.5797,0,0,0,0,0,7,0,0,0
661460,2021,6,21,"2021-06-21","12:12:00",3,"NY",36,0,1,0,0,0,0,42.73,-76.15,42.73,-76.15,0,0,0,0,0,23,0,0,0
661461,2021,6,21,"2021-06-21","13:22:00",3,"NY",36,0,1,0,0,0,0,42.45,-76.5,42.45,-76.5,0,0,0,0,0,109,0,0,0
661462,2021,6,21,"2021-06-21","13:22:00",3,"NY",36,0,1,0,0,0,0,42.46,-76.5,42.46,-76.5,0,0,0,0,0,109,0,0,0
661463,2021,6,21,"2021-06-21","13:49:00",3,"NY",36,0,1,0,0,0,0,42.64,-76.18,42.64,-76.18,0,0,0,0,0,23,0,0,0
661464,2021,6,21,"2021-06-21","14:14:00",3,"NY",36,0,1,0,0,0,0,42.76,-75.89,42.76,-75.89,0,0,0,0,0,53,0,0,0
661465,2021,6,21,"2021-06-21","15:08:00",3,"TN",47,0,1.5,0,0,0,0,36.46,-83.24,36.46,-83.24,0,0,0,0,0,67,0,0,0
661466,2021,6,21,"2021-06-21","15:20:00",3,"VT",50,0,1.25,0,0,0,0,44.14,-73.08,44.14,-73.08,0,0,0,0,0,1,0,0,0
661467,2021,6,21,"2021-06-21","16:05:00",3,"NH",33,0,1.5,0,0,0,0,44.87,-71.51,44.87,-71.51,0,0,0,0,0,7,0,0,0
661468,2021,6,21,"2021-06-21","16:08:00",3,"VT",50,0,1,0,0,0,0,44.42,-72.02,44.42,-72.02,0,0,0,0,0,5,0,0,0
661469,2021,6,21,"2021-06-21","16:30:00",3,"NH",33,0,1,0,0,0,0,44.36,-71.8,44.36,-71.8,0,0,0,0,0,9,0,0,0
661470,2021,6,22,"2021-06-22","16:00:00",3,"NE",31,0,1,0,0,0,0,42.26,-97.96,42.26,-97.96,0,0,0,0,0,3,0,0,0
661471,2021,6,22,"2021-06-22","16:20:00",3,"NE",31,0,1.5,0,0,0,0,42.09,-97.8,42.09,-97.8,0,0,0,0,0,119,0,0,0
661472,2021,6,22,"2021-06-22","16:22:00",3,"IA",19,0,0.88,0,0,0,0,41.69,-93.79,41.69,-93.79,0,0,0,0,0,153,0,0,0
661473,2021,6,22,"2021-06-22","16:23:00",3,"IA",19,0,0.75,0,0,0,0,42.26,-92.02,42.26,-92.02,0,0,0,0,0,11,0,0,0
661474,2021,6,22,"2021-06-22","16:25:00",3,"IA",19,0,1,0,0,0,0,41.7,-93.8,41.7,-93.8,0,0,0,0,0,153,0,0,0
661475,2021,6,22,"2021-06-22","16:30:00",3,"IA",19,0,1,0,0,0,0,41.66,-93.73,41.66,-93.73,0,0,0,0,0,153,0,0,0
661476,2021,6,22,"2021-06-22","16:30:00",3,"IA",19,0,1,0,0,0,0,41.68,-93.79,41.68,-93.79,0,0,0,0,0,153,0,0,0
661477,2021,6,22,"2021-06-22","16:32:00",3,"NE",31,0,1.25,0,0,0,0,42.06,-97.76,42.06,-97.76,0,0,0,0,0,119,0,0,0
661478,2021,6,22,"2021-06-22","16:33:00",3,"IA",19,0,1,0,0,0,0,41.7,-93.8,41.7,-93.8,0,0,0,0,0,153,0,0,0
661479,2021,6,22,"2021-06-22","16:35:00",3,"IA",19,0,1,0,0,0,0,41.66,-93.76,41.66,-93.76,0,0,0,0,0,153,0,0,0
661480,2021,6,22,"2021-06-22","16:38:00",3,"IA",19,0,1,0,0,0,0,41.66,-93.74,41.66,-93.74,0,0,0,0,0,153,0,0,0
661481,2021,6,22,"2021-06-22","16:38:00",3,"IA",19,0,1,0,0,0,0,42.22,-91.8505,42.22,-91.8505,0,0,0,0,0,11,0,0,0
661482,2021,6,22,"2021-06-22","16:39:00",3,"IA",19,0,1,0,0,0,0,41.64,-93.76,41.64,-93.76,0,0,0,0,0,153,0,0,0
661483,2021,6,22,"2021-06-22","16:39:00",3,"IA",19,0,1,0,0,0,0,42.43,-94.86,42.43,-94.86,0,0,0,0,0,161,0,0,0
661484,2021,6,22,"2021-06-22","16:40:00",3,"IA",19,0,1.75,0,0,0,0,42.29,-91.78,42.29,-91.78,0,0,0,0,0,113,0,0,0
661485,2021,6,22,"2021-06-22","16:42:00",3,"IA",19,0,1,0,0,0,0,41.64,-93.71,41.64,-93.71,0,0,0,0,0,153,0,0,0
661486,2021,6,22,"2021-06-22","16:44:00",3,"NE",31,0,1,0,0,0,0,42.03,-97.74,42.03,-97.74,0,0,0,0,0,119,0,0,0
661487,2021,6,22,"2021-06-22","16:45:00",3,"IA",19,0,1.5,0,0,0,0,42.42,-94.87,42.42,-94.87,0,0,0,0,0,161,0,0,0
661488,2021,6,22,"2021-06-22","16:45:00",3,"IA",19,0,1,0,0,0,0,41.62,-93.78,41.62,-93.78,0,0,0,0,0,153,0,0,0
661489,2021,6,22,"2021-06-22","16:46:00",3,"IA",19,0,1,0,0,0,0,41.59,-93.72,41.59,-93.72,0,0,0,0,0,153,0,0,0
661490,2021,6,22,"2021-06-22","16:46:00",3,"NE",31,0,1,0,0,0,0,42,-97.7,42,-97.7,0,0,0,0,0,119,0,0,0
661491,2021,6,22,"2021-06-22","16:48:00",3,"IA",19,0,1.5,0,0,0,0,41.68,-93.7,41.68,-93.7,0,0,0,0,0,153,0,0,0
661492,2021,6,22,"2021-06-22","16:49:00",3,"IA",19,0,0.75,0,0,0,0,41.58,-93.74,41.58,-93.74,0,0,0,0,0,153,0,0,0
661493,2021,6,22,"2021-06-22","16:50:00",3,"NE",31,0,1.75,0,0,0,0,42.03,-97.74,42.03,-97.74,0,0,0,0,0,119,0,0,0
661494,2021,6,22,"2021-06-22","16:56:00",3,"NE",31,0,1.25,0,0,0,0,41.97,-97.7,41.97,-97.7,0,0,0,0,0,119,0,0,0
661495,2021,6,22,"2021-06-22","16:58:00",3,"IA",19,0,1,0,0,0,0,41.49,-93.68,41.49,-93.68,0,0,0,0,0,181,0,0,0
661496,2021,6,22,"2021-06-22","16:59:00",3,"IA",19,0,1,0,0,0,0,42.28,-91.53,42.28,-91.53,0,0,0,0,0,113,0,0,0
661497,2021,6,22,"2021-06-22","17:00:00",3,"NE",31,0,1.25,0,0,0,0,41.98,-97.7,41.98,-97.7,0,0,0,0,0,119,0,0,0
661498,2021,6,22,"2021-06-22","17:00:00",3,"NE",31,0,1.75,0,0,0,0,42,-97.7,42,-97.7,0,0,0,0,0,119,0,0,0
661499,2021,6,22,"2021-06-22","17:00:00",3,"IA",19,0,0.88,0,0,0,0,41.5,-93.68,41.5,-93.68,0,0,0,0,0,181,0,0,0
661500,2021,6,22,"2021-06-22","17:05:00",3,"IA",19,0,1,0,0,0,0,41.44,-93.56,41.44,-93.56,0,0,0,0,0,181,0,0,0
661501,2021,6,22,"2021-06-22","17:10:00",3,"IA",19,0,1,0,0,6000,5220000,42.7496,-96.0961,42.5657,-95.8598,0,0,0,0,0,149,0,0,0
661502,2021,6,22,"2021-06-22","17:19:00",3,"NE",31,0,1.25,0,0,0,0,42.13,-98.03,42.13,-98.03,0,0,0,0,0,3,0,0,0
661503,2021,6,22,"2021-06-22","17:21:00",3,"IA",19,0,0.75,0,0,0,0,41.37,-93.55,41.37,-93.55,0,0,0,0,0,181,0,0,0
661504,2021,6,22,"2021-06-22","17:22:00",3,"IA",19,0,1.5,0,0,0,0,41.36,-93.56,41.36,-93.56,0,0,0,0,0,181,0,0,0
661505,2021,6,22,"2021-06-22","17:25:00",3,"IA",19,0,1.5,0,0,0,0,41.36,-93.49,41.36,-93.49,0,0,0,0,0,181,0,0,0
661506,2021,6,22,"2021-06-22","17:30:00",3,"IA",19,0,0.75,0,0,0,0,41.29,-93.44,41.29,-93.44,0,0,0,0,0,181,0,0,0
661507,2021,6,22,"2021-06-22","17:30:00",3,"IA",19,0,1,0,0,0,0,41.34,-93.52,41.34,-93.52,0,0,0,0,0,181,0,0,0
661508,2021,6,22,"2021-06-22","17:30:00",3,"NE",31,0,1,0,0,0,0,41.83,-97.62,41.83,-97.62,0,0,0,0,0,119,0,0,0
661509,2021,6,22,"2021-06-22","17:31:00",3,"IA",19,0,1.5,0,0,0,0,41.34,-93.52,41.34,-93.52,0,0,0,0,0,181,0,0,0
661510,2021,6,22,"2021-06-22","17:40:00",3,"IA",19,0,1.5,0,0,0,0,42.02,-94.55,42.02,-94.55,0,0,0,0,0,73,0,0,0
661511,2021,6,22,"2021-06-22","17:42:00",3,"IA",19,0,1.25,0,0,0,191000,42.5657,-95.8598,42.5606,-95.8542,0,0,0,0,0,35,0,0,0
661512,2021,6,22,"2021-06-22","17:46:00",3,"IA",19,0,1.75,0,0,0,8000,42.5606,-95.8542,42.5402,-95.8283,0,0,0,0,0,193,0,0,0
661513,2021,6,22,"2021-06-22","17:50:00",3,"IA",19,0,1.25,0,0,0,0,41.89,-94.43,41.89,-94.43,0,0,0,0,0,73,0,0,0
661514,2021,6,22,"2021-06-22","18:00:00",3,"IA",19,0,1,0,0,0,0,41.85,-94.43,41.85,-94.43,0,0,0,0,0,77,0,0,0
661515,2021,6,22,"2021-06-22","18:01:00",3,"IA",19,0,0.88,0,0,0,0,41.07,-92.09,41.07,-92.09,0,0,0,0,0,101,0,0,0
661516,2021,6,22,"2021-06-22","18:10:00",3,"NE",31,0,1,0,0,0,0,41.55,-97.7,41.55,-97.7,0,0,0,0,0,141,0,0,0
661517,2021,6,22,"2021-06-22","18:13:00",3,"IA",19,0,0.75,0,0,0,0,40.96,-92.05,40.96,-92.05,0,0,0,0,0,101,0,0,0
661518,2021,6,22,"2021-06-22","18:16:00",3,"IA",19,0,1,0,0,0,0,40.95,-92.04,40.95,-92.04,0,0,0,0,0,101,0,0,0
661519,2021,6,22,"2021-06-22","18:20:00",3,"NE",31,0,1,0,0,0,0,41.4934,-97.73,41.4934,-97.73,0,0,0,0,0,125,0,0,0
661520,2021,6,22,"2021-06-22","18:25:00",3,"IA",19,0,1,0,0,0,0,40.83,-92.08,40.83,-92.08,0,0,0,0,0,177,0,0,0
661521,2021,6,22,"2021-06-22","18:28:00",3,"NE",31,0,1.75,0,0,0,0,41.46,-97.64,41.46,-97.64,0,0,0,0,0,141,0,0,0
661522,2021,6,22,"2021-06-22","18:34:00",3,"NE",31,0,1,0,0,0,0,41.48,-97.6973,41.48,-97.6973,0,0,0,0,0,141,0,0,0
661523,2021,6,22,"2021-06-22","18:40:00",3,"IA",19,0,1,0,0,0,0,40.77,-92.04,40.77,-92.04,0,0,0,0,0,177,0,0,0
661524,2021,6,22,"2021-06-22","18:41:00",3,"NE",31,0,1.5,0,0,0,0,41.4,-97.54,41.4,-97.54,0,0,0,0,0,141,0,0,0
661525,2021,6,22,"2021-06-22","18:45:00",3,"IA",19,0,1,0,0,0,0,40.73,-91.95,40.73,-91.95,0,0,0,0,0,177,0,0,0
661526,2021,6,22,"2021-06-22","18:48:00",3,"NE",31,0,1,0,0,0,0,41.43,-97.57,41.43,-97.57,0,0,0,0,0,141,0,0,0
661527,2021,6,22,"2021-06-22","19:08:00",3,"MO",29,0,0.88,0,0,0,0,40.61,-91.84,40.61,-91.84,0,0,0,0,0,45,0,0,0
661528,2021,6,22,"2021-06-22","19:08:00",3,"NE",31,0,1.5,0,0,50000,5e+06,41.18,-97.6269,41.1112,-97.5857,0,0,0,0,0,143,0,0,0
661529,2021,6,22,"2021-06-22","19:09:00",3,"NE",31,0,2,0,0,250000,0,41.18,-97.55,41.18,-97.55,0,0,0,0,0,143,0,0,0
661530,2021,6,22,"2021-06-22","19:12:00",3,"MO",29,0,1,0,0,0,0,40.58,-91.94,40.58,-91.94,0,0,0,0,0,45,0,0,0
661531,2021,6,22,"2021-06-22","19:20:00",3,"OR",41,0,1,0,0,0,0,42.4146,-122.8838,42.4146,-122.8838,0,0,0,0,0,29,0,0,0
661532,2021,6,22,"2021-06-22","19:29:00",3,"NE",31,0,1.75,0,0,50000,5e+06,41.029,-97.62,40.9,-97.45,0,0,0,0,0,185,0,0,0
661533,2021,6,22,"2021-06-22","19:30:00",3,"NE",31,0,1.5,0,0,25000,0,41.03,-97.47,41.03,-97.47,0,0,0,0,0,185,0,0,0
661534,2021,6,22,"2021-06-22","20:04:00",3,"NE",31,0,0.88,0,0,0,0,41.46,-98.08,41.46,-98.08,0,0,0,0,0,125,0,0,0
661535,2021,6,22,"2021-06-22","20:08:00",3,"NE",31,0,1.25,0,0,0,0,40.75,-97.48,40.75,-97.48,0,0,0,0,0,185,0,0,0
661536,2021,6,22,"2021-06-22","20:18:00",3,"NE",31,0,1.25,0,0,0,0,40.65,-97.35,40.65,-97.35,0,0,0,0,0,151,0,0,0
661537,2021,6,22,"2021-06-22","20:50:00",3,"NE",31,0,1,0,0,0,0,41.08,-97.9,41.08,-97.9,0,0,0,0,0,81,0,0,0
661538,2021,6,22,"2021-06-22","20:51:00",3,"NE",31,0,1,0,0,0,0,41.17,-97.91,41.17,-97.91,0,0,0,0,0,121,0,0,0
661539,2021,6,23,"2021-06-23","15:28:00",3,"ID",16,0,1,0,0,0,0,43.7567,-113.3853,43.7567,-113.3853,0,0,0,0,0,23,0,0,0
661540,2021,6,23,"2021-06-23","16:39:00",3,"NE",31,0,2.75,0,0,0,0,42.9,-99.65,42.9,-99.65,0,0,0,0,0,103,0,0,0
661541,2021,6,23,"2021-06-23","17:41:00",3,"NE",31,0,1,0,0,0,0,42.57,-100.06,42.57,-100.06,0,0,0,0,0,17,0,0,0
661542,2021,6,23,"2021-06-23","18:20:00",3,"SD",46,0,0.88,0,0,0,0,43.23,-99.43,43.23,-99.43,0,0,0,0,0,53,0,0,0
661543,2021,6,23,"2021-06-23","18:20:00",3,"SD",46,0,0.75,0,0,0,0,43.24,-99.43,43.24,-99.43,0,0,0,0,0,53,0,0,0
661544,2021,6,23,"2021-06-23","18:30:00",3,"SD",46,0,1,0,0,0,0,43.18,-99.29,43.18,-99.29,0,0,0,0,0,53,0,0,0
661545,2021,6,23,"2021-06-23","18:40:00",3,"OR",41,0,1.25,0,0,0,0,44.0583,-121.3143,44.1336,-121.3091,0,0,0,0,0,17,0,0,0
661546,2021,6,23,"2021-06-23","19:12:00",3,"SD",46,0,1,0,0,0,0,43.56,-98.42,43.56,-98.42,0,0,0,0,0,3,0,0,0
661547,2021,6,23,"2021-06-23","19:23:00",3,"SD",46,0,0.88,0,0,0,0,43.59,-98.44,43.59,-98.44,0,0,0,0,0,3,0,0,0
661548,2021,6,23,"2021-06-23","19:32:00",3,"NE",31,0,1,0,0,0,0,42.91,-99.75,42.91,-99.75,0,0,0,0,0,103,0,0,0
661549,2021,6,23,"2021-06-23","20:10:00",3,"NE",31,0,1.75,0,0,0,0,42.83,-99.79,42.83,-99.79,0,0,0,0,0,103,0,0,0
661550,2021,6,23,"2021-06-23","20:15:00",3,"NE",31,0,1,0,0,0,0,42.79,-99.71,42.79,-99.71,0,0,0,0,0,103,0,0,0
661551,2021,6,23,"2021-06-23","21:00:00",3,"NE",31,0,1.5,0,0,0,0,42.72,-99.26,42.72,-99.26,0,0,0,0,0,149,0,0,0
661552,2021,6,23,"2021-06-23","21:28:00",3,"NE",31,0,0.88,0,0,0,0,42.5,-99.02,42.5,-99.02,0,0,0,0,0,89,0,0,0
661553,2021,6,23,"2021-06-23","21:32:00",3,"NE",31,0,1.75,0,0,0,0,42.58,-99.94,42.58,-99.94,0,0,0,0,0,17,0,0,0
661554,2021,6,24,"2021-06-24","01:24:00",3,"MN",27,0,0.75,0,0,0,0,46.82,-92.19,46.82,-92.19,0,0,0,0,0,137,0,0,0
661555,2021,6,24,"2021-06-24","01:37:00",3,"WI",55,0,0.75,0,0,0,0,45.84,-91.91,45.84,-91.91,0,0,0,0,0,129,0,0,0
661556,2021,6,24,"2021-06-24","02:39:00",3,"NE",31,0,1,0,0,0,0,40.66,-95.84,40.66,-95.84,0,0,0,0,0,131,0,0,0
661557,2021,6,24,"2021-06-24","02:50:00",3,"WI",55,0,0.88,0,0,0,0,45.83,-92.31,45.83,-92.31,0,0,0,0,0,13,0,0,0
661558,2021,6,24,"2021-06-24","04:58:00",3,"KS",20,0,1,0,0,0,0,39.36,-95.81,39.36,-95.81,0,0,0,0,0,85,0,0,0
661559,2021,6,24,"2021-06-24","06:30:00",3,"WI",55,0,1,0,0,0,0,44.51,-89.56,44.51,-89.56,0,0,0,0,0,97,0,0,0
661560,2021,6,24,"2021-06-24","14:14:00",3,"WI",55,0,0.88,0,0,0,0,44.56,-91.22,44.56,-91.22,0,0,0,0,0,121,0,0,0
661561,2021,6,24,"2021-06-24","14:34:00",3,"WI",55,0,1,0,0,0,0,45.14,-91.52,45.14,-91.52,0,0,0,0,0,17,0,0,0
661562,2021,6,24,"2021-06-24","14:35:00",3,"WI",55,0,1,0,0,0,0,44.57,-91.07,44.57,-91.07,0,0,0,0,0,53,0,0,0
661563,2021,6,24,"2021-06-24","14:40:00",3,"WI",55,0,2,0,0,0,0,45.11,-91.51,45.11,-91.51,0,0,0,0,0,17,0,0,0
661564,2021,6,24,"2021-06-24","14:40:00",3,"SD",46,0,0.75,0,0,0,0,44.49,-103.86,44.49,-103.86,0,0,0,0,0,81,0,0,0
661565,2021,6,24,"2021-06-24","15:00:00",3,"NE",31,0,1,0,0,0,0,40.67,-98.5128,40.67,-98.5128,0,0,0,0,0,1,0,0,0
661566,2021,6,24,"2021-06-24","15:00:00",3,"WI",55,0,1.5,0,0,0,0,45.0115,-91.4275,45.0115,-91.4275,0,0,0,0,0,17,0,0,0
661567,2021,6,24,"2021-06-24","15:15:00",3,"NE",31,0,1.75,0,0,1e+05,0,40.6965,-98.3712,40.6955,-98.3688,0,0,0,0,0,1,0,0,0
661568,2021,6,24,"2021-06-24","15:20:00",3,"NE",31,0,1.75,0,0,1e+05,0,40.68,-98.27,40.68,-98.27,0,0,0,0,0,35,0,0,0
661569,2021,6,24,"2021-06-24","15:50:00",3,"WI",55,0,1.25,0,0,0,0,44.77,-90.78,44.77,-90.78,0,0,0,0,0,19,0,0,0
661570,2021,6,24,"2021-06-24","16:30:00",3,"CO",8,0,4,0,0,0,0,38.47,-102.29,38.47,-102.29,0,0,0,0,0,61,0,0,0
661571,2021,6,24,"2021-06-24","16:40:00",3,"MT",30,0,1.25,0,0,0,0,46.94,-109.89,46.94,-109.89,0,0,0,0,0,45,0,0,0
661572,2021,6,24,"2021-06-24","16:42:00",3,"CO",8,0,2,0,0,0,0,38.2,-102.12,38.2,-102.12,0,0,0,0,0,99,0,0,0
661573,2021,6,24,"2021-06-24","17:03:00",3,"KS",20,0,1.5,0,0,0,0,39.96,-96.56,39.96,-96.56,0,0,0,0,0,117,0,0,0
661574,2021,6,24,"2021-06-24","17:06:00",3,"KS",20,0,1.75,0,0,0,0,38.16,-102,38.16,-102,0,0,0,0,0,75,0,0,0
661575,2021,6,24,"2021-06-24","17:10:00",3,"WI",55,0,1,0,0,0,0,44.45,-89.98,44.45,-89.98,0,0,0,0,0,141,0,0,0
661576,2021,6,24,"2021-06-24","17:20:00",3,"AL",1,0,1,0,0,0,0,31.32,-87.11,31.32,-87.11,0,0,0,0,0,35,0,0,0
661577,2021,6,24,"2021-06-24","17:20:00",3,"CO",8,0,1,0,0,0,0,38.6843,-102.1613,38.6843,-102.1613,0,0,0,0,0,17,0,0,0
661578,2021,6,24,"2021-06-24","17:26:00",3,"KS",20,0,1.75,0,0,0,0,38.12,-101.76,38.12,-101.76,0,0,0,0,0,75,0,0,0
661579,2021,6,24,"2021-06-24","17:29:00",3,"WI",55,0,0.88,0,0,0,0,44.4,-89.84,44.4,-89.84,0,0,0,0,0,141,0,0,0
661580,2021,6,24,"2021-06-24","17:30:00",3,"WI",55,0,1.75,0,0,0,0,44.51,-89.56,44.51,-89.56,0,0,0,0,0,97,0,0,0
661581,2021,6,24,"2021-06-24","17:42:00",3,"WI",55,0,1.25,0,0,0,0,44.45,-89.53,44.45,-89.53,0,0,0,0,0,97,0,0,0
661582,2021,6,24,"2021-06-24","17:51:00",3,"KS",20,0,2,0,0,0,0,38.07,-101.76,38.07,-101.76,0,0,0,0,0,75,0,0,0
661583,2021,6,24,"2021-06-24","17:54:00",3,"KS",20,0,2.5,0,0,0,0,38.02,-101.65,38.02,-101.65,0,0,0,0,0,75,0,0,0
661584,2021,6,24,"2021-06-24","18:18:00",3,"MO",29,0,1,0,0,0,0,40.54,-95.62,40.54,-95.62,0,0,0,0,0,5,0,0,0
661585,2021,6,24,"2021-06-24","19:00:00",3,"CO",8,0,1.75,0,0,0,0,38.9022,-102.7974,38.9022,-102.7974,0,0,0,0,0,17,0,0,0
661586,2021,6,24,"2021-06-24","19:02:00",3,"CO",8,0,1,0,0,0,0,38.59,-102.88,38.59,-102.88,0,0,0,0,0,61,0,0,0
661587,2021,6,24,"2021-06-24","19:10:00",3,"CO",8,0,1.25,0,0,0,0,38.55,-102.87,38.55,-102.87,0,0,0,0,0,61,0,0,0
661588,2021,6,24,"2021-06-24","19:20:00",3,"CO",8,0,1,0,0,0,0,39.1182,-102.2701,39.1182,-102.2701,0,0,0,0,0,63,0,0,0
661589,2021,6,24,"2021-06-24","19:25:00",3,"KS",20,0,0.75,0,0,0,0,39.1096,-102.0176,39.1096,-102.0176,0,0,0,0,0,199,0,0,0
661590,2021,6,24,"2021-06-24","19:33:00",3,"KS",20,0,1,0,0,0,0,39.0962,-102.0262,39.0962,-102.0262,0,0,0,0,0,199,0,0,0
661591,2021,6,24,"2021-06-24","19:58:00",3,"CO",8,0,1,0,0,0,0,38.58,-102.44,38.58,-102.44,0,0,0,0,0,61,0,0,0
661592,2021,6,24,"2021-06-24","20:25:00",3,"TX",48,0,1.5,0,0,10000,0,36.5,-100.71,36.5,-100.71,0,0,0,0,0,357,0,0,0
661593,2021,6,24,"2021-06-24","20:30:00",3,"KS",20,0,1.25,0,0,0,0,38.888,-101.6001,38.888,-101.6001,0,0,0,0,0,199,0,0,0
661594,2021,6,25,"2021-06-25","13:55:00",3,"NE",31,0,1.25,0,0,0,0,40.2,-100.96,40.2,-100.96,0,0,0,0,0,87,0,0,0
661595,2021,6,25,"2021-06-25","14:00:00",3,"CO",8,0,1,0,0,0,0,40.04,-105.32,40.04,-105.32,0,0,0,0,0,13,0,0,0
661596,2021,6,25,"2021-06-25","14:20:00",3,"CO",8,0,2.75,0,0,0,0,37.03,-102.53,37.03,-102.53,0,0,0,0,0,9,0,0,0
661597,2021,6,25,"2021-06-25","14:29:00",3,"KS",20,0,1,0,0,0,0,38.92,-95.33,38.92,-95.33,0,0,0,0,0,45,0,0,0
661598,2021,6,25,"2021-06-25","14:30:00",3,"CO",8,0,1.5,0,0,0,0,37.02,-102.55,37.02,-102.55,0,0,0,0,0,9,0,0,0
661599,2021,6,25,"2021-06-25","14:41:00",3,"NE",31,0,1,0,0,0,0,40.1609,-100.6214,40.1609,-100.6214,0,0,0,0,0,145,0,0,0
661600,2021,6,25,"2021-06-25","14:50:00",3,"KS",20,0,1,0,0,0,0,39.04,-94.76,39.04,-94.76,0,0,0,0,0,91,0,0,0
661601,2021,6,25,"2021-06-25","15:03:00",3,"KS",20,0,1,0,0,0,0,39.06,-94.72,39.06,-94.72,0,0,0,0,0,209,0,0,0
661602,2021,6,25,"2021-06-25","15:11:00",3,"NE",31,0,1,0,0,0,0,41.06,-99.08,41.06,-99.08,0,0,0,0,0,163,0,0,0
661603,2021,6,25,"2021-06-25","16:01:00",3,"KS",20,0,1,0,0,0,0,37.03,-101.77,37.03,-101.77,0,0,0,0,0,129,0,0,0
661604,2021,6,25,"2021-06-25","16:30:00",3,"KS",20,0,1,0,0,0,0,36.99,-101.89,36.99,-101.89,0,0,0,0,0,129,0,0,0
661605,2021,6,25,"2021-06-25","16:40:00",3,"KS",20,0,2.75,0,0,0,0,37.08,-101.55,37.08,-101.55,0,0,0,0,0,189,0,0,0
661606,2021,6,25,"2021-06-25","17:20:00",3,"KS",20,0,1.5,0,0,0,0,37.53,-99.14,37.53,-99.14,0,0,0,0,0,97,0,0,0
661607,2021,6,25,"2021-06-25","17:27:00",3,"TX",48,0,1.5,0,0,0,0,36.18,-100.27,36.18,-100.27,0,0,0,0,0,295,0,0,0
661608,2021,6,25,"2021-06-25","17:39:00",3,"KS",20,0,1,0,0,0,0,38.2,-97.34,38.2,-97.34,0,0,0,0,0,115,0,0,0
661609,2021,6,25,"2021-06-25","17:45:00",3,"KS",20,0,1,0,0,0,0,37.04,-100.94,37.04,-100.94,0,0,0,0,0,175,0,0,0
661610,2021,6,25,"2021-06-25","18:10:00",3,"KS",20,0,0.75,0,0,2000,0,39.6207,-101.2064,39.6207,-101.2064,0,0,0,0,0,153,0,0,0
661611,2021,6,25,"2021-06-25","18:25:00",3,"KS",20,0,1.75,0,0,0,0,39.5885,-101.059,39.5885,-101.059,0,0,0,0,0,153,0,0,0
661612,2021,6,25,"2021-06-25","18:25:00",3,"KS",20,0,1,0,0,0,0,39.5601,-101.0539,39.5601,-101.0539,0,0,0,0,0,193,0,0,0
661613,2021,6,25,"2021-06-25","20:35:00",3,"KS",20,0,1,0,0,0,0,39.2155,-99.3,39.2155,-99.3,0,0,0,0,0,163,0,0,0
661614,2021,6,25,"2021-06-25","20:36:00",3,"TX",48,0,2,0,0,0,0,34.93,-100.89,34.93,-100.89,0,0,0,0,0,129,0,0,0
661615,2021,6,26,"2021-06-26","15:46:00",3,"OK",40,0,0.88,0,0,0,0,34.77,-98.28,34.77,-98.28,0,0,0,0,0,31,0,0,0
661616,2021,6,26,"2021-06-26","15:50:00",3,"NM",35,0,1,0,0,40000,0,35.37,-103.41,35.37,-103.41,0,0,0,0,0,37,0,0,0
661617,2021,6,26,"2021-06-26","15:54:00",3,"OK",40,0,1,0,0,0,0,34.77,-98.28,34.77,-98.28,0,0,0,0,0,31,0,0,0
661618,2021,6,26,"2021-06-26","16:39:00",3,"TX",48,0,1,0,0,0,0,33.0802,-102.6634,33.0802,-102.6634,0,0,0,0,0,501,0,0,0
661619,2021,6,26,"2021-06-26","16:48:00",3,"NM",35,0,0.88,0,0,0,0,34.8,-103.73,34.8,-103.73,0,0,0,0,0,37,0,0,0
661620,2021,6,26,"2021-06-26","17:59:00",3,"TX",48,0,0.88,0,0,0,0,33.72,-102.7526,33.72,-102.7526,0,0,0,0,0,79,0,0,0
661621,2021,6,26,"2021-06-26","18:50:00",3,"TX",48,0,2,0,0,0,0,33.9768,-102.7367,33.9768,-102.7367,0,0,0,0,0,17,0,0,0
661622,2021,6,26,"2021-06-26","20:00:00",3,"TX",48,0,1.75,0,0,0,0,31.5697,-103.0064,31.5697,-103.0064,0,0,0,0,0,475,0,0,0
661623,2021,6,26,"2021-06-26","20:22:00",3,"TX",48,0,1.75,0,0,0,0,33.83,-101.85,33.83,-101.85,0,0,0,0,0,189,0,0,0
661624,2021,6,27,"2021-06-27","10:58:00",3,"NE",31,0,0.75,0,0,0,0,41.97,-103.79,41.97,-103.79,0,0,0,0,0,157,0,0,0
661625,2021,6,28,"2021-06-28","15:40:00",3,"MN",27,0,1,0,0,0,0,45.81,-96.14,45.81,-96.14,0,0,0,0,0,51,0,0,0
661626,2021,6,29,"2021-06-29","13:21:00",3,"NY",36,0,0.75,0,0,0,0,43.06,-76.15,43.06,-76.15,0,0,0,0,0,67,0,0,0
661627,2021,6,29,"2021-06-29","14:10:00",3,"OH",39,0,0.88,0,0,0,0,41.2198,-82.1336,41.2198,-82.1336,0,0,0,0,0,93,0,0,0
661628,2021,6,29,"2021-06-29","16:19:00",3,"NH",33,0,1.25,0,0,0,0,43.69,-72.09,43.69,-72.09,0,0,0,0,0,9,0,0,0
661629,2021,6,29,"2021-06-29","16:30:00",3,"NH",33,0,1,0,0,0,0,43.68,-71.99,43.68,-71.99,0,0,0,0,0,9,0,0,0
661630,2021,6,29,"2021-06-29","16:55:00",3,"NY",36,0,0.75,0,0,0,0,42.67,-74.31,42.67,-74.31,0,0,0,0,0,95,0,0,0
661631,2021,6,29,"2021-06-29","17:10:00",3,"IN",18,0,1,0,0,0,0,38.98,-85.87,38.98,-85.87,0,0,0,0,0,71,0,0,0
661632,2021,6,29,"2021-06-29","17:19:00",3,"OH",39,0,1,0,0,0,0,39.31,-84.28,39.31,-84.28,0,0,0,0,0,165,0,0,0
661633,2021,6,30,"2021-06-30","09:41:00",3,"NY",36,0,1.5,0,0,0,0,43.21,-76.46,43.21,-76.46,0,0,0,0,0,67,0,0,0
661634,2021,6,30,"2021-06-30","09:58:00",3,"NY",36,0,1,0,0,0,0,43.18,-76.23,43.18,-76.23,0,0,0,0,0,67,0,0,0
661635,2021,6,30,"2021-06-30","11:15:00",3,"PA",42,0,1,0,0,0,0,40.43,-79.97,40.43,-79.97,0,0,0,0,0,3,0,0,0
661636,2021,6,30,"2021-06-30","11:23:00",3,"NY",36,0,1,0,0,0,0,43.08,-75.28,43.08,-75.28,0,0,0,0,0,65,0,0,0
661637,2021,6,30,"2021-06-30","11:23:00",3,"NY",36,0,1,0,0,0,0,43.09,-75.26,43.09,-75.26,0,0,0,0,0,65,0,0,0
661638,2021,6,30,"2021-06-30","11:23:00",3,"PA",42,0,0.75,0,0,0,0,40.42,-79.94,40.42,-79.94,0,0,0,0,0,3,0,0,0
661639,2021,6,30,"2021-06-30","13:30:00",3,"NY",36,0,0.75,0,0,0,0,42.39,-73.48,42.39,-73.48,0,0,0,0,0,21,0,0,0
661640,2021,6,30,"2021-06-30","13:41:00",3,"MA",25,0,1,0,0,0,0,42.3729,-73.3681,42.3729,-73.3681,0,0,0,0,0,3,0,0,0
661641,2021,6,30,"2021-06-30","14:05:00",3,"NH",33,0,1.25,0,0,0,0,43.44,-71.56,43.44,-71.56,0,0,0,0,0,13,0,0,0
661642,2021,6,30,"2021-06-30","14:10:00",3,"NH",33,0,1.5,0,0,0,0,42.8,-72.37,42.8,-72.37,0,0,0,0,0,5,0,0,0
661643,2021,6,30,"2021-06-30","14:15:00",3,"NH",33,0,1.25,0,0,0,0,43.41,-71.41,43.41,-71.41,0,0,0,0,0,1,0,0,0
661644,2021,6,30,"2021-06-30","14:40:00",3,"NH",33,0,1.75,0,0,2000,0,42.79,-71.96,42.79,-71.96,0,0,0,0,0,11,0,0,0
661645,2021,6,30,"2021-06-30","14:50:00",3,"MN",27,0,1,0,0,0,0,47.82,-90.11,47.82,-90.11,0,0,0,0,0,31,0,0,0
661646,2021,6,30,"2021-06-30","15:30:00",3,"ME",23,0,1.75,0,0,0,0,44.25,-68.26,44.25,-68.26,0,0,0,0,0,9,0,0,0
661647,2021,6,30,"2021-06-30","16:55:00",3,"WI",55,0,0.75,0,0,0,0,44.19,-88.28,44.19,-88.28,0,0,0,0,0,15,0,0,0
660643,2021,6,1,"2021-06-01","16:06:00",3,"NM",35,0,0.88,0,0,0,0,33.54,-105.17,33.54,-105.17,0,0,0,0,0,27,0,0,0
660644,2021,6,1,"2021-06-01","17:05:00",3,"CO",8,0,1,0,0,0,0,38.35,-104.18,38.35,-104.18,0,0,0,0,0,101,0,0,0
660645,2021,6,1,"2021-06-01","17:07:00",3,"KS",20,0,0.75,0,0,0,0,38.8946,-102.037,38.8946,-102.037,0,0,0,0,0,199,0,0,0
660646,2021,6,1,"2021-06-01","17:30:00",3,"CO",8,0,1.75,0,0,0,0,40.25,-103.79,40.25,-103.79,0,0,0,0,0,87,0,0,0
660647,2021,6,1,"2021-06-01","17:37:00",3,"KS",20,0,0.75,0,0,0,0,39.5168,-101.9299,39.5168,-101.9299,0,0,0,0,0,181,0,0,0
660648,2021,6,1,"2021-06-01","17:38:00",3,"NM",35,0,0.88,0,0,0,0,34.44,-105.04,34.44,-105.04,0,0,0,0,0,19,0,0,0
660649,2021,6,1,"2021-06-01","17:49:00",3,"CO",8,0,1,0,0,0,0,38.52,-102.97,38.52,-102.97,0,0,0,0,0,61,0,0,0
660650,2021,6,1,"2021-06-01","18:23:00",3,"TX",48,0,0.75,0,0,0,0,33.73,-100.98,33.73,-100.98,0,0,0,0,0,125,0,0,0
660651,2021,6,1,"2021-06-01","19:36:00",3,"TX",48,0,1.75,0,0,0,0,32.3405,-102.5258,32.3405,-102.5258,0,0,0,0,0,3,0,0,0
660652,2021,6,1,"2021-06-01","19:37:00",3,"TX",48,0,1.25,0,0,0,0,32.3334,-102.5566,32.3334,-102.5566,0,0,0,0,0,3,0,0,0
660653,2021,6,1,"2021-06-01","20:55:00",3,"NM",35,0,1,0,0,2000,0,35.19,-105.06,35.19,-105.06,0,0,0,0,0,19,0,0,0
660654,2021,6,2,"2021-06-02","14:10:00",3,"OK",40,0,0.88,0,0,0,0,34.51,-98.98,34.51,-98.98,0,0,0,0,0,141,0,0,0
660655,2021,6,2,"2021-06-02","14:50:00",3,"TX",48,0,1.25,0,0,0,0,32.312,-102.0726,32.312,-102.0726,0,0,0,0,0,317,0,0,0
660656,2021,6,2,"2021-06-02","14:55:00",3,"OK",40,0,1.75,0,0,0,0,34.34,-98.87,34.34,-98.87,0,0,0,0,0,141,0,0,0
660657,2021,6,2,"2021-06-02","15:07:00",3,"TN",47,0,1.25,0,0,0,0,36.1017,-88.184,36.1017,-88.184,0,0,0,0,0,5,0,0,0
660658,2021,6,2,"2021-06-02","15:15:00",3,"TN",47,0,1,0,0,0,0,36.0913,-88.11,36.0913,-88.11,0,0,0,0,0,5,0,0,0
660659,2021,6,2,"2021-06-02","15:53:00",3,"TX",48,0,1.75,0,0,0,0,32.45,-100.51,32.45,-100.51,0,0,0,0,0,353,0,0,0
660660,2021,6,2,"2021-06-02","16:50:00",3,"TX",48,0,1,0,0,0,0,31.9924,-102.75,31.9924,-102.75,0,0,0,0,0,135,0,0,0
660661,2021,6,2,"2021-06-02","17:18:00",3,"TX",48,0,1,0,0,0,0,31.8993,-102.9456,31.8993,-102.9456,0,0,0,0,0,495,0,0,0
660662,2021,6,2,"2021-06-02","17:37:00",3,"TX",48,0,1,0,0,0,0,30.15,-95.22,30.15,-95.22,0,0,0,0,0,339,0,0,0
660663,2021,6,2,"2021-06-02","18:15:00",3,"TX",48,0,1,0,0,0,0,30.52,-96.72,30.52,-96.72,0,0,0,0,0,51,0,0,0
660664,2021,6,2,"2021-06-02","18:25:00",3,"TN",47,0,0.88,0,0,0,0,36.2921,-88.1401,36.2921,-88.1401,0,0,0,0,0,79,0,0,0
660665,2021,6,2,"2021-06-02","18:39:00",3,"NM",35,0,1,0,0,0,0,33.2398,-103.3322,33.2398,-103.3322,0,0,0,0,0,25,0,0,0
660666,2021,6,2,"2021-06-02","19:02:00",3,"NM",35,0,1.75,0,0,0,0,33.258,-103.32,33.258,-103.32,0,0,0,0,0,25,0,0,0
660667,2021,6,3,"2021-06-03","14:52:00",3,"MD",24,0,1,0,0,0,0,39.3599,-76.6901,39.3599,-76.6901,0,0,0,0,0,510,0,0,0
660668,2021,6,3,"2021-06-03","15:44:00",3,"MD",24,0,1,0,0,0,0,39.1372,-77.1656,39.1372,-77.1656,0,0,0,0,0,31,0,0,0
660669,2021,6,4,"2021-06-04","12:13:00",3,"PA",42,0,1,0,0,0,0,40.41,-75.76,40.41,-75.76,0,0,0,0,0,11,0,0,0
660670,2021,6,4,"2021-06-04","12:30:00",3,"PA",42,0,1,0,0,0,0,40.34,-75.26,40.34,-75.26,0,0,0,0,0,17,0,0,0
660671,2021,6,4,"2021-06-04","12:35:00",3,"PA",42,0,0.88,0,0,0,0,40.29,-75.21,40.29,-75.21,0,0,0,0,0,17,0,0,0
660672,2021,6,4,"2021-06-04","12:40:00",3,"PA",42,0,0.88,0,0,0,0,40.3,-75.18,40.3,-75.18,0,0,0,0,0,17,0,0,0
660673,2021,6,4,"2021-06-04","13:38:00",3,"NJ",34,0,1,0,0,0,0,40.65,-74.41,40.65,-74.41,0,0,0,0,0,35,0,0,0
660674,2021,6,4,"2021-06-04","13:42:00",3,"NJ",34,0,1,0,0,0,0,40.64,-74.39,40.64,-74.39,0,0,0,0,0,39,0,0,0
660675,2021,6,4,"2021-06-04","13:43:00",3,"NJ",34,0,1.25,0,0,0,0,40.63,-74.37,40.63,-74.37,0,0,0,0,0,39,0,0,0
660676,2021,6,4,"2021-06-04","13:54:00",3,"NJ",34,0,0.75,0,0,0,0,40.12,-74.81,40.12,-74.81,0,0,0,0,0,5,0,0,0
660677,2021,6,4,"2021-06-04","13:57:00",3,"NJ",34,0,1.25,0,0,0,0,40.82,-73.98,40.82,-73.98,0,0,0,0,0,3,0,0,0
660678,2021,6,4,"2021-06-04","13:58:00",3,"PA",42,0,0.75,0,0,0,0,40.09,-74.96,40.09,-74.96,0,0,0,0,0,101,0,0,0
660679,2021,6,4,"2021-06-04","14:04:00",3,"PA",42,0,1.25,0,0,0,0,39.97,-75.21,39.97,-75.21,0,0,0,0,0,101,0,0,0
660680,2021,6,4,"2021-06-04","14:08:00",3,"NY",36,0,1.5,0,0,0,0,40.78,-73.91,40.78,-73.91,0,0,0,0,0,81,0,0,0
660681,2021,6,4,"2021-06-04","15:08:00",3,"NJ",34,0,0.75,0,0,0,0,40.06,-74.14,40.06,-74.14,0,0,0,0,0,29,0,0,0
660682,2021,6,4,"2021-06-04","15:40:00",3,"CT",9,0,1,0,0,0,0,41.65,-72.48,41.65,-72.48,0,0,0,0,0,3,0,0,0
660683,2021,6,4,"2021-06-04","15:57:00",3,"CT",9,0,0.75,0,0,0,0,41.7,-72.56,41.7,-72.56,0,0,0,0,0,3,0,0,0
660684,2021,6,4,"2021-06-04","17:00:00",3,"MT",30,0,1.75,0,0,0,0,46.23,-110.13,46.23,-110.13,0,0,0,0,0,107,0,0,0
660685,2021,6,4,"2021-06-04","18:50:00",3,"GA",13,0,0.88,0,0,0,0,31.84,-81.69,31.84,-81.69,0,0,0,0,0,179,0,0,0
660686,2021,6,4,"2021-06-04","19:02:00",3,"MT",30,0,1,0,0,0,0,47.83,-108.64,47.83,-108.64,0,0,0,0,0,71,0,0,0
660687,2021,6,4,"2021-06-04","20:45:00",3,"MT",30,0,1,0,0,0,0,46.01,-110.67,46.01,-110.67,0,0,0,0,0,67,0,0,0
660688,2021,6,5,"2021-06-05","13:26:00",3,"SC",45,0,1,0,0,0,0,33.01,-80.04,33.01,-80.04,0,0,0,0,0,15,0,0,0
660689,2021,6,5,"2021-06-05","13:40:00",3,"SC",45,0,0.88,0,0,0,0,33.05,-80.23,33.05,-80.23,0,0,0,0,0,35,0,0,0
660690,2021,6,5,"2021-06-05","19:10:00",3,"CO",8,0,1,0,0,0,0,39.36,-104.85,39.36,-104.85,0,0,0,0,0,35,0,0,0
660691,2021,6,5,"2021-06-05","19:18:00",3,"CO",8,0,0.75,0,0,0,0,39.38,-104.86,39.38,-104.86,0,0,0,0,0,35,0,0,0
660692,2021,6,5,"2021-06-05","21:08:00",3,"ND",38,0,0.75,0,0,0,0,48.97,-97.25,48.97,-97.25,0,0,0,0,0,67,0,0,0
660693,2021,6,5,"2021-06-05","23:00:00",3,"ND",38,0,1,0,0,0,0,48.62,-97.45,48.62,-97.45,0,0,0,0,0,67,0,0,0
660694,2021,6,5,"2021-06-05","23:10:00",3,"ND",38,0,1,0,0,0,0,46.88,-102.79,46.88,-102.79,0,0,0,0,0,89,0,0,0
660695,2021,6,5,"2021-06-05","23:24:00",3,"ND",38,0,0.75,0,0,0,0,46.86,-102.57,46.86,-102.57,0,0,0,0,0,89,0,0,0
660696,2021,6,6,"2021-06-06","16:30:00",3,"NC",37,0,0.75,0,0,0,0,35.26,-81.22,35.26,-81.22,0,0,0,0,0,71,0,0,0
660697,2021,6,6,"2021-06-06","18:20:00",3,"NE",31,0,1,0,0,0,0,41.15,-103.68,41.15,-103.68,0,0,0,0,0,105,0,0,0
660698,2021,6,6,"2021-06-06","18:35:00",3,"WY",56,0,1,0,0,0,0,41.7721,-104.799,41.7721,-104.799,0,0,0,0,0,31,0,0,0
660699,2021,6,6,"2021-06-06","18:40:00",3,"WY",56,0,1,0,0,0,0,41.77,-104.81,41.77,-104.81,0,0,0,0,0,31,0,0,0
660700,2021,6,6,"2021-06-06","18:59:00",3,"TX",48,0,1.25,0,0,0,0,32.3,-95.3,32.3,-95.3,0,0,0,0,0,423,0,0,0
660701,2021,6,6,"2021-06-06","19:38:00",3,"WY",56,0,1.75,0,0,0,0,41.97,-104.36,41.97,-104.36,0,0,0,0,0,15,0,0,0
660702,2021,6,6,"2021-06-06","19:38:00",3,"GA",13,0,1,0,0,0,0,33.8494,-83.4321,33.8494,-83.4321,0,0,0,0,0,219,0,0,0
660703,2021,6,6,"2021-06-06","19:40:00",3,"GA",13,0,1.5,0,0,0,0,33.9117,-83.4829,33.9117,-83.4829,0,0,0,0,0,219,0,0,0
660704,2021,6,6,"2021-06-06","19:44:00",3,"GA",13,0,1.5,0,0,0,0,33.94,-83.48,33.94,-83.48,0,0,0,0,0,59,0,0,0
660705,2021,6,6,"2021-06-06","19:45:00",3,"GA",13,0,1.25,0,0,0,0,33.957,-83.4674,33.957,-83.4674,0,0,0,0,0,59,0,0,0
660706,2021,6,6,"2021-06-06","19:58:00",3,"WY",56,0,1,0,0,0,0,42.14,-104.35,42.14,-104.35,0,0,0,0,0,15,0,0,0
660707,2021,6,6,"2021-06-06","20:03:00",3,"WY",56,0,1,0,0,0,0,42.12,-104.35,42.12,-104.35,0,0,0,0,0,15,0,0,0
660708,2021,6,6,"2021-06-06","20:39:00",3,"TX",48,0,0.91,0,0,0,0,34.76,-102.3,34.76,-102.3,0,0,0,0,0,117,0,0,0
660709,2021,6,6,"2021-06-06","21:54:00",3,"CO",8,0,1.75,0,0,0,0,38.09,-102.62,38.09,-102.62,0,0,0,0,0,99,0,0,0
660710,2021,6,7,"2021-06-07","02:35:00",3,"OK",40,0,2.75,0,0,0,0,34.8,-98.32,34.8,-98.32,0,0,0,0,0,31,0,0,0
660711,2021,6,7,"2021-06-07","03:55:00",3,"TX",48,0,1.5,0,0,0,0,33.85,-98.58,33.85,-98.58,0,0,0,0,0,485,0,0,0
660712,2021,6,7,"2021-06-07","03:57:00",3,"TX",48,0,1,0,0,0,0,33.87,-98.58,33.87,-98.58,0,0,0,0,0,485,0,0,0
660713,2021,6,7,"2021-06-07","15:21:00",3,"LA",22,0,1,0,0,0,0,32.5427,-92.6641,32.5427,-92.6641,0,0,0,0,0,61,0,0,0
660714,2021,6,7,"2021-06-07","16:16:00",3,"ND",38,0,1,0,0,0,0,47.64,-97.46,47.64,-97.46,0,0,0,0,0,97,0,0,0
660715,2021,6,7,"2021-06-07","16:25:00",3,"ND",38,0,1,0,0,0,0,47.64,-97.46,47.64,-97.46,0,0,0,0,0,97,0,0,0
660716,2021,6,7,"2021-06-07","16:32:00",3,"ND",38,0,1,0,0,0,0,47.67,-97.11,47.67,-97.11,0,0,0,0,0,97,0,0,0
660717,2021,6,7,"2021-06-07","16:38:00",3,"ND",38,0,0.75,0,0,0,0,47.6,-97.1,47.6,-97.1,0,0,0,0,0,97,0,0,0
660718,2021,6,7,"2021-06-07","16:45:00",3,"ND",38,0,1,0,0,0,0,47.72,-96.95,47.72,-96.95,0,0,0,0,0,35,0,0,0
660719,2021,6,7,"2021-06-07","16:49:00",3,"ND",38,0,1,0,0,0,0,47.64,-97.46,47.64,-97.46,0,0,0,0,0,97,0,0,0
660720,2021,6,7,"2021-06-07","16:55:00",3,"MN",27,0,0.75,0,0,0,0,47.71,-96.73,47.71,-96.73,0,0,0,0,0,119,0,0,0
660721,2021,6,7,"2021-06-07","17:00:00",3,"MN",27,0,1,0,0,0,0,47.7,-96.78,47.7,-96.78,0,0,0,0,0,119,0,0,0
660722,2021,6,7,"2021-06-07","17:00:00",3,"MN",27,0,1,0,0,0,0,47.69,-96.74,47.69,-96.74,0,0,0,0,0,119,0,0,0
660723,2021,6,7,"2021-06-07","17:00:00",3,"SD",46,0,1,0,0,0,0,44.17,-103.74,44.17,-103.74,0,0,0,0,0,81,0,0,0
660724,2021,6,7,"2021-06-07","17:14:00",3,"SD",46,0,1,0,0,0,0,45.92,-99.68,45.92,-99.68,0,0,0,0,0,89,0,0,0
660725,2021,6,7,"2021-06-07","17:49:00",3,"ND",38,0,1.25,0,0,0,0,46.9,-99.3,46.9,-99.3,0,0,0,0,0,93,0,0,0
660726,2021,6,7,"2021-06-07","17:54:00",3,"ND",38,0,1.75,0,0,0,0,46.19,-99.36,46.19,-99.36,0,0,0,0,0,51,0,0,0
660727,2021,6,7,"2021-06-07","17:58:00",3,"ND",38,0,1,0,0,0,0,46.07,-99.37,46.07,-99.37,0,0,0,0,0,51,0,0,0
660728,2021,6,7,"2021-06-07","18:05:00",3,"ND",38,0,1.5,0,0,0,0,46.15,-99.37,46.15,-99.37,0,0,0,0,0,51,0,0,0
660729,2021,6,7,"2021-06-07","18:11:00",3,"ND",38,0,2,0,0,0,0,46.14,-99.37,46.14,-99.37,0,0,0,0,0,51,0,0,0
660730,2021,6,7,"2021-06-07","18:33:00",3,"ND",38,0,1.75,0,0,0,0,46.42,-99.49,46.42,-99.49,0,0,0,0,0,47,0,0,0
660731,2021,6,7,"2021-06-07","18:46:00",3,"ND",38,0,1.25,0,0,0,0,46.45,-99.35,46.45,-99.35,0,0,0,0,0,47,0,0,0
660732,2021,6,7,"2021-06-07","18:47:00",3,"ND",38,0,2.25,0,0,0,0,46.6,-99.37,46.6,-99.37,0,0,0,0,0,47,0,0,0
660733,2021,6,7,"2021-06-07","18:49:00",3,"ND",38,0,2,0,0,0,0,46.46,-99.35,46.46,-99.35,0,0,0,0,0,47,0,0,0
660734,2021,6,7,"2021-06-07","18:50:00",3,"ND",38,0,2.5,0,0,0,0,46.68,-98.86,46.68,-98.86,0,0,0,0,0,93,0,0,0
660735,2021,6,7,"2021-06-07","19:10:00",3,"ND",38,0,1,0,0,0,0,46.69,-98.71,46.69,-98.71,0,0,0,0,0,93,0,0,0
660736,2021,6,7,"2021-06-07","19:21:00",3,"ND",38,0,1,0,0,0,0,47.37,-98.23,47.37,-98.23,0,0,0,0,0,39,0,0,0
660737,2021,6,7,"2021-06-07","19:28:00",3,"ND",38,0,1,0,0,0,0,46.63,-99.14,46.63,-99.14,0,0,0,0,0,47,0,0,0
660738,2021,6,7,"2021-06-07","19:30:00",3,"ND",38,0,1.25,0,0,0,0,46.26,-99.51,46.26,-99.51,0,0,0,0,0,51,0,0,0
660739,2021,6,7,"2021-06-07","19:48:00",3,"ND",38,0,0.75,0,0,0,0,46.73,-98.08,46.73,-98.08,0,0,0,0,0,3,0,0,0
660740,2021,6,7,"2021-06-07","19:48:00",3,"ND",38,0,1,0,0,0,0,46.74,-98.09,46.74,-98.09,0,0,0,0,0,3,0,0,0
660741,2021,6,7,"2021-06-07","21:15:00",3,"ND",38,0,1.75,0,0,0,0,46.52,-97.93,46.52,-97.93,0,0,0,0,0,73,0,0,0
660742,2021,6,7,"2021-06-07","21:35:00",3,"ND",38,0,1.25,0,0,0,0,46.26,-99.77,46.26,-99.77,0,0,0,0,0,51,0,0,0
660743,2021,6,7,"2021-06-07","21:38:00",3,"ND",38,0,0.75,0,0,0,0,46.86,-96.86,46.86,-96.86,0,0,0,0,0,17,0,0,0
660744,2021,6,7,"2021-06-07","21:57:00",3,"ND",38,0,1,0,0,0,0,46.26,-99.69,46.26,-99.69,0,0,0,0,0,51,0,0,0
660745,2021,6,8,"2021-06-08","00:47:00",3,"ND",38,0,1,0,0,0,0,46.6,-98.55,46.6,-98.55,0,0,0,0,0,45,0,0,0
660746,2021,6,8,"2021-06-08","01:05:00",3,"ND",38,0,1,0,0,0,0,46.66,-98.25,46.66,-98.25,0,0,0,0,0,3,0,0,0
660747,2021,6,8,"2021-06-08","01:13:00",3,"ND",38,0,2,0,0,0,0,46.6,-98.56,46.6,-98.56,0,0,0,0,0,45,0,0,0
660748,2021,6,8,"2021-06-08","01:14:00",3,"ND",38,0,1.5,0,0,0,0,46.6,-98.53,46.6,-98.53,0,0,0,0,0,45,0,0,0
660749,2021,6,8,"2021-06-08","01:17:00",3,"ND",38,0,2,0,0,0,0,46.61,-98.56,46.61,-98.56,0,0,0,0,0,45,0,0,0
660750,2021,6,8,"2021-06-08","02:07:00",3,"ND",38,0,1,0,0,0,0,46.9,-98.7,46.9,-98.7,0,0,0,0,0,93,0,0,0
660751,2021,6,8,"2021-06-08","02:35:00",3,"ND",38,0,2.75,0,0,0,0,46.66,-98.19,46.66,-98.19,0,0,0,0,0,3,0,0,0
660752,2021,6,8,"2021-06-08","02:35:00",3,"ND",38,0,2.75,0,0,0,0,46.68,-98.22,46.68,-98.22,0,0,0,0,0,3,0,0,0
660753,2021,6,8,"2021-06-08","02:50:00",3,"ND",38,0,1.25,0,0,0,0,46.66,-98.34,46.66,-98.34,0,0,0,0,0,3,0,0,0
660754,2021,6,8,"2021-06-08","03:07:00",3,"ND",38,0,1,0,0,0,0,46.8469,-98.6478,46.8469,-98.6478,0,0,0,0,0,93,0,0,0
660755,2021,6,8,"2021-06-08","03:19:00",3,"ND",38,0,1,0,0,0,0,46.72,-98.43,46.72,-98.43,0,0,0,0,0,3,0,0,0
660756,2021,6,8,"2021-06-08","04:00:00",3,"ND",38,0,1,0,0,0,0,46.52,-97.99,46.52,-97.99,0,0,0,0,0,73,0,0,0
660757,2021,6,8,"2021-06-08","04:10:00",3,"MN",27,0,1.25,0,0,0,0,47.75,-90.67,47.75,-90.67,0,0,0,0,0,31,0,0,0
660758,2021,6,8,"2021-06-08","04:30:00",3,"ND",38,0,2,0,0,0,0,46.52,-97.93,46.52,-97.93,0,0,0,0,0,73,0,0,0
660759,2021,6,8,"2021-06-08","05:00:00",3,"ND",38,0,1.5,0,0,0,0,46.52,-97.93,46.52,-97.93,0,0,0,0,0,73,0,0,0
660760,2021,6,8,"2021-06-08","08:40:00",3,"ND",38,0,0.75,0,0,0,0,46.79,-99.94,46.79,-99.94,0,0,0,0,0,43,0,0,0
660761,2021,6,8,"2021-06-08","08:40:00",3,"ND",38,0,0.88,0,0,0,0,46.85,-99.87,46.85,-99.87,0,0,0,0,0,43,0,0,0
660762,2021,6,8,"2021-06-08","08:45:00",3,"ND",38,0,0.88,0,0,0,0,46.87,-99.64,46.87,-99.64,0,0,0,0,0,43,0,0,0
660763,2021,6,8,"2021-06-08","10:45:00",3,"ND",38,0,1.5,0,0,0,0,46.51,-100.25,46.51,-100.25,0,0,0,0,0,29,0,0,0
660764,2021,6,8,"2021-06-08","12:30:00",3,"MT",30,0,1.3,0,0,0,0,48.14,-104.71,48.14,-104.71,0,0,0,0,0,85,0,0,0
660765,2021,6,8,"2021-06-08","12:30:00",3,"ND",38,0,1.75,0,0,0,0,46.34,-100.71,46.34,-100.71,0,0,0,0,0,85,0,0,0
660766,2021,6,8,"2021-06-08","14:05:00",3,"NJ",34,0,0.75,0,0,0,0,40.41,-74.22,40.41,-74.22,0,0,0,0,0,25,0,0,0
660767,2021,6,8,"2021-06-08","14:38:00",3,"SD",46,0,1.5,0,0,0,0,44.0616,-102.0304,44.0616,-102.0304,0,0,0,0,0,103,0,0,0
660768,2021,6,8,"2021-06-08","14:40:00",3,"ND",38,0,1,0,0,0,0,46.4,-101.82,46.4,-101.82,0,0,0,0,0,37,0,0,0
660769,2021,6,8,"2021-06-08","14:46:00",3,"MT",30,0,2,0,0,0,0,48.04,-104.67,48.04,-104.67,0,0,0,0,0,83,0,0,0
660770,2021,6,8,"2021-06-08","14:48:00",3,"ND",38,0,1,0,0,0,0,46.2,-101.33,46.2,-101.33,0,0,0,0,0,37,0,0,0
660771,2021,6,8,"2021-06-08","14:48:00",3,"MI",26,0,1.75,0,0,0,0,46.37,-87.56,46.37,-87.56,0,0,0,0,0,103,0,0,0
660772,2021,6,8,"2021-06-08","14:57:00",3,"MI",26,0,1,0,0,0,0,46.44,-87.59,46.44,-87.59,0,0,0,0,0,103,0,0,0
660773,2021,6,8,"2021-06-08","15:10:00",3,"MI",26,0,1,0,0,0,0,46.09,-88.64,46.09,-88.64,0,0,0,0,0,71,0,0,0
660774,2021,6,8,"2021-06-08","15:12:00",3,"MI",26,0,1,0,0,2000,0,46.08,-88.65,46.08,-88.65,0,0,0,0,0,71,0,0,0
660775,2021,6,8,"2021-06-08","15:16:00",3,"NJ",34,0,1,0,0,0,0,39.94,-74.07,39.94,-74.07,0,0,0,0,0,29,0,0,0
660776,2021,6,8,"2021-06-08","15:21:00",3,"NJ",34,0,1,0,0,0,0,39.64,-74.88,39.64,-74.88,0,0,0,0,0,7,0,0,0
660777,2021,6,8,"2021-06-08","15:40:00",3,"MI",26,0,1,0,0,0,0,46.35,-87.98,46.35,-87.98,0,0,0,0,0,103,0,0,0
660778,2021,6,8,"2021-06-08","15:54:00",3,"MI",26,0,1,0,0,1000,0,46.28,-87.96,46.28,-87.96,0,0,0,0,0,103,0,0,0
660779,2021,6,8,"2021-06-08","16:18:00",3,"SD",46,0,1.75,0,0,0,0,45.45,-101.29,45.45,-101.29,0,0,0,0,0,41,0,0,0
660780,2021,6,8,"2021-06-08","16:33:00",3,"SD",46,0,0.88,0,0,0,0,45.4584,-102.1178,45.4584,-102.1178,0,0,0,0,0,105,0,0,0
660781,2021,6,8,"2021-06-08","16:49:00",3,"MT",30,0,1.5,0,0,0,0,47.29,-104.71,47.29,-104.71,0,0,0,0,0,21,0,0,0
660782,2021,6,8,"2021-06-08","16:50:00",3,"MT",30,0,1,0,0,0,0,47.03,-104.29,47.03,-104.29,0,0,0,0,0,109,0,0,0
660783,2021,6,8,"2021-06-08","16:56:00",3,"SD",46,0,1.5,0,0,0,0,45.53,-102.22,45.53,-102.22,0,0,0,0,0,105,0,0,0
660784,2021,6,8,"2021-06-08","17:00:00",3,"MT",30,0,4,0,0,0,0,47.09,-104.53,47.09,-104.53,0,0,0,0,0,21,0,0,0
660785,2021,6,8,"2021-06-08","17:00:00",3,"SD",46,0,1,0,0,0,0,45.45,-101.29,45.45,-101.29,0,0,0,0,0,41,0,0,0
660786,2021,6,8,"2021-06-08","17:35:00",3,"MT",30,0,2.75,0,0,0,0,47.2,-104.19,47.2,-104.19,0,0,0,0,0,109,0,0,0
660787,2021,6,8,"2021-06-08","18:00:00",3,"MT",30,0,2,0,0,0,0,48.04,-104.67,48.04,-104.67,0,0,0,0,0,83,0,0,0
660788,2021,6,8,"2021-06-08","18:00:00",3,"ND",38,0,2.5,0,0,0,0,47.32,-104.03,47.32,-104.03,0,0,0,0,0,33,0,0,0
660789,2021,6,8,"2021-06-08","18:05:00",3,"MT",30,0,2.75,0,0,0,0,47.2,-104.19,47.2,-104.19,0,0,0,0,0,109,0,0,0
660790,2021,6,8,"2021-06-08","18:10:00",3,"ND",38,0,2.75,0,0,0,0,47.32,-104.03,47.32,-104.03,0,0,0,0,0,33,0,0,0
660791,2021,6,8,"2021-06-08","18:18:00",3,"MT",30,0,1.75,0,0,0,0,48.04,-104.65,48.04,-104.65,0,0,0,0,0,83,0,0,0
660792,2021,6,8,"2021-06-08","18:28:00",3,"ND",38,0,1.75,0,0,0,0,47.34,-103.92,47.34,-103.92,0,0,0,0,0,53,0,0,0
660793,2021,6,8,"2021-06-08","18:30:00",3,"MT",30,0,2.5,0,0,0,0,47.62,-106.89,47.62,-106.89,0,0,0,0,0,33,0,0,0
660794,2021,6,8,"2021-06-08","18:35:00",3,"MT",30,0,1.75,0,0,0,0,48.15,-104.72,48.15,-104.72,0,0,0,0,0,85,0,0,0
660795,2021,6,8,"2021-06-08","18:49:00",3,"SD",46,0,1,0,0,0,0,45.43,-101.07,45.43,-101.07,0,0,0,0,0,41,0,0,0
660796,2021,6,8,"2021-06-08","18:49:00",3,"WY",56,0,1,0,0,0,0,41.14,-104.84,41.14,-104.84,0,0,0,0,0,21,0,0,0
660797,2021,6,8,"2021-06-08","18:50:00",3,"MT",30,0,1.5,0,0,0,0,46.83,-104.15,46.83,-104.15,0,0,0,0,0,109,0,0,0
660798,2021,6,8,"2021-06-08","19:15:00",3,"WY",56,0,1.5,0,0,0,0,41.1837,-104.8373,41.1837,-104.8373,0,0,0,0,0,21,0,0,0
660799,2021,6,8,"2021-06-08","19:15:00",3,"MT",30,0,1.75,0,0,0,0,47.62,-106.89,47.62,-106.89,0,0,0,0,0,33,0,0,0
660800,2021,6,8,"2021-06-08","19:16:00",3,"MT",30,0,1.75,0,0,0,0,48.06,-105.88,48.06,-105.88,0,0,0,0,0,105,0,0,0
660801,2021,6,8,"2021-06-08","19:31:00",3,"SD",46,0,0.75,0,0,0,0,45.1791,-102.1019,45.1791,-102.1019,0,0,0,0,0,105,0,0,0
660802,2021,6,8,"2021-06-08","19:39:00",3,"WY",56,0,1,0,0,0,0,41.15,-104.6,41.15,-104.6,0,0,0,0,0,21,0,0,0
660803,2021,6,8,"2021-06-08","19:40:00",3,"WY",56,0,1,0,0,0,0,41.18,-104.75,41.18,-104.75,0,0,0,0,0,21,0,0,0
660804,2021,6,8,"2021-06-08","19:40:00",3,"WY",56,0,1,0,0,0,0,41.18,-104.7,41.18,-104.7,0,0,0,0,0,21,0,0,0
660805,2021,6,8,"2021-06-08","20:00:00",3,"MT",30,0,1,0,0,0,0,47.05,-106.26,47.05,-106.26,0,0,0,0,0,33,0,0,0
660806,2021,6,8,"2021-06-08","20:00:00",3,"MT",30,0,1.75,0,0,0,0,47.26,-106.25,47.26,-106.25,0,0,0,0,0,33,0,0,0
660807,2021,6,8,"2021-06-08","20:35:00",3,"WY",56,0,1,0,0,0,0,43.03,-104.62,43.03,-104.62,0,0,0,0,0,27,0,0,0
660808,2021,6,8,"2021-06-08","20:37:00",3,"SD",46,0,1,0,0,0,0,45.29,-102.58,45.29,-102.58,0,0,0,0,0,105,0,0,0
660809,2021,6,8,"2021-06-08","20:39:00",3,"SD",46,0,0.75,0,0,0,0,44.2434,-103.3977,44.2434,-103.3977,0,0,0,0,0,93,0,0,0
660810,2021,6,8,"2021-06-08","20:45:00",3,"SD",46,0,0.88,0,0,0,0,44.0745,-103.2114,44.0745,-103.2114,0,0,0,0,0,103,0,0,0
660811,2021,6,8,"2021-06-08","20:49:00",3,"SD",46,0,0.75,0,0,0,0,44.0265,-103.2608,44.0265,-103.2608,0,0,0,0,0,103,0,0,0
660812,2021,6,8,"2021-06-08","20:51:00",3,"SD",46,0,0.75,0,0,0,0,44.0493,-103.1873,44.0493,-103.1873,0,0,0,0,0,103,0,0,0
660813,2021,6,8,"2021-06-08","20:55:00",3,"SD",46,0,1,0,0,0,0,43.84,-103.31,43.84,-103.31,0,0,0,0,0,33,0,0,0
660814,2021,6,8,"2021-06-08","20:56:00",3,"SD",46,0,0.75,0,0,0,0,43.97,-103.16,43.97,-103.16,0,0,0,0,0,103,0,0,0
660815,2021,6,8,"2021-06-08","21:04:00",3,"SD",46,0,1,0,0,0,0,44.2436,-103.0459,44.2436,-103.0459,0,0,0,0,0,93,0,0,0
660816,2021,6,8,"2021-06-08","21:10:00",3,"MT",30,0,1,0,0,0,0,48.2013,-105.57,48.2013,-105.57,0,0,0,0,0,85,0,0,0
660817,2021,6,8,"2021-06-08","22:26:00",3,"WY",56,0,1,0,0,0,0,41.18,-104.07,41.18,-104.07,0,0,0,0,0,21,0,0,0
660818,2021,6,9,"2021-06-09","11:45:00",3,"ND",38,0,1,0,0,0,0,48.62,-97.45,48.62,-97.45,0,0,0,0,0,67,0,0,0
660819,2021,6,9,"2021-06-09","13:03:00",3,"MI",26,0,0.75,0,0,0,0,44.94,-85.13,44.94,-85.13,0,0,0,0,0,9,0,0,0
660820,2021,6,9,"2021-06-09","16:45:00",3,"TX",48,0,1,0,0,0,0,31.0247,-102.87,31.0247,-102.87,0,0,0,0,0,371,0,0,0
660821,2021,6,9,"2021-06-09","17:56:00",3,"TX",48,0,1.25,0,0,0,0,31.2899,-102.8506,31.2899,-102.8506,0,0,0,0,0,475,0,0,0
660822,2021,6,9,"2021-06-09","18:32:00",3,"AR",5,0,1,0,0,0,0,34.71,-92.19,34.71,-92.19,0,0,0,0,0,119,0,0,0
660823,2021,6,9,"2021-06-09","19:15:00",3,"MT",30,0,1,0,0,0,0,47.89,-108.77,47.89,-108.77,0,0,0,0,0,71,0,0,0
660824,2021,6,9,"2021-06-09","19:20:00",3,"MT",30,0,2.5,0,0,0,0,47.99,-108.69,47.99,-108.69,0,0,0,0,0,5,0,0,0
660825,2021,6,9,"2021-06-09","19:30:00",3,"MT",30,0,2,0,0,0,0,48.02,-108.29,48.02,-108.29,0,0,0,0,0,71,0,0,0
660826,2021,6,9,"2021-06-09","19:40:00",3,"MT",30,0,1.75,0,0,0,0,47.92,-108.52,47.92,-108.52,0,0,0,0,0,71,0,0,0
660827,2021,6,9,"2021-06-09","19:40:00",3,"MT",30,0,3,0,0,0,0,47.92,-108.53,47.92,-108.53,0,0,0,0,0,71,0,0,0
660828,2021,6,9,"2021-06-09","19:45:00",3,"MT",30,0,1,0,0,0,0,47.37,-110.11,47.37,-110.11,0,0,0,0,0,27,0,0,0
660829,2021,6,9,"2021-06-09","20:00:00",3,"MT",30,0,3,0,0,0,0,47.93,-108.35,47.93,-108.35,0,0,0,0,0,71,0,0,0
660830,2021,6,9,"2021-06-09","20:02:00",3,"MT",30,0,2.5,0,0,0,0,47.92,-108.35,47.92,-108.35,0,0,0,0,0,71,0,0,0
660831,2021,6,9,"2021-06-09","20:30:00",3,"MT",30,0,1,0,0,0,0,47.58,-110.41,47.58,-110.41,0,0,0,0,0,15,0,0,0
660832,2021,6,9,"2021-06-09","21:00:00",3,"MT",30,0,1,0,0,0,0,47.74,-109.39,47.74,-109.39,0,0,0,0,0,5,0,0,0
660833,2021,6,9,"2021-06-09","21:12:00",3,"MT",30,0,2,0,0,0,0,48.21,-109.97,48.21,-109.97,0,0,0,0,0,15,0,0,0
660834,2021,6,9,"2021-06-09","22:05:00",3,"MT",30,0,1,0,0,0,0,47.99,-108.7,47.99,-108.7,0,0,0,0,0,5,0,0,0
660835,2021,6,9,"2021-06-09","22:38:00",3,"MT",30,0,1.25,0,0,0,0,47.81,-108.04,47.81,-108.04,0,0,0,0,0,71,0,0,0
660836,2021,6,9,"2021-06-09","22:55:00",3,"MT",30,0,1.5,0,0,0,0,47.99,-108.7,47.99,-108.7,0,0,0,0,0,5,0,0,0
661973,2021,7,10,"2021-07-10","01:06:00",3,"IL",17,0,1.75,0,0,0,0,38.0097,-89.9067,38.0097,-89.9067,0,0,0,0,0,157,0,0,0
661974,2021,7,10,"2021-07-10","14:17:00",3,"KS",20,0,1.75,0,0,0,0,37.61,-96.61,37.61,-96.61,0,0,0,0,0,15,0,0,0
661975,2021,7,10,"2021-07-10","16:49:00",3,"KS",20,0,1,0,0,0,0,39.3,-94.94,39.3,-94.94,0,0,0,0,0,103,0,0,0
661976,2021,7,10,"2021-07-10","17:00:00",3,"AZ",4,0,1,0,0,0,0,31.54,-110.28,31.54,-110.28,0,0,0,0,0,3,0,0,0
661977,2021,7,10,"2021-07-10","17:08:00",3,"KS",20,0,0.75,0,0,0,0,39.25,-94.9,39.25,-94.9,0,0,0,0,0,103,0,0,0
661978,2021,7,10,"2021-07-10","18:16:00",3,"AZ",4,0,1,0,0,0,0,31.52,-110.78,31.52,-110.78,0,0,0,0,0,23,0,0,0
661979,2021,7,10,"2021-07-10","18:20:00",3,"AZ",4,0,1,0,0,0,0,34.31,-110.77,34.31,-110.77,0,0,0,0,0,5,0,0,0
661980,2021,7,10,"2021-07-10","18:24:00",3,"KS",20,0,0.88,0,0,0,0,39,-95.09,39,-95.09,0,0,0,0,0,103,0,0,0
661981,2021,7,10,"2021-07-10","19:02:00",3,"KS",20,0,1,0,0,0,0,38.85,-94.74,38.85,-94.74,0,0,0,0,0,91,0,0,0
661982,2021,7,10,"2021-07-10","19:06:00",3,"KS",20,0,1.75,0,0,0,0,38.8545,-94.7422,38.8545,-94.7422,0,0,0,0,0,91,0,0,0
661983,2021,7,10,"2021-07-10","19:15:00",3,"KS",20,0,1,0,0,0,0,38.77,-94.66,38.77,-94.66,0,0,0,0,0,91,0,0,0
661984,2021,7,10,"2021-07-10","19:20:00",3,"AZ",4,0,1,0,0,0,0,31.96,-110.43,31.96,-110.43,0,0,0,0,0,3,0,0,0
661985,2021,7,10,"2021-07-10","19:23:00",3,"OK",40,0,1.25,0,0,0,0,35.88,-97.37,35.88,-97.37,0,0,0,0,0,83,0,0,0
661986,2021,7,10,"2021-07-10","19:31:00",3,"OK",40,0,1.5,0,0,0,0,35.84,-97.34,35.84,-97.34,0,0,0,0,0,83,0,0,0
661987,2021,7,10,"2021-07-10","20:31:00",3,"NM",35,0,1,0,0,0,0,36.46,-104.95,36.46,-104.95,0,0,0,0,0,7,0,0,0
661988,2021,7,10,"2021-07-10","20:55:00",3,"NM",35,0,1,0,0,0,0,36.49,-104.61,36.49,-104.61,0,0,0,0,0,7,0,0,0
661989,2021,7,10,"2021-07-10","21:15:00",3,"AZ",4,0,1,0,0,0,0,33.25,-111.64,33.25,-111.64,0,0,0,0,0,13,0,0,0
661990,2021,7,11,"2021-07-11","12:01:00",3,"NM",35,0,1.25,0,0,0,0,33.25,-103.32,33.25,-103.32,0,0,0,0,0,25,0,0,0
661991,2021,7,11,"2021-07-11","14:18:00",3,"NM",35,0,1.75,0,0,0,0,33.37,-104.53,33.37,-104.53,0,0,0,0,0,5,0,0,0
661992,2021,7,11,"2021-07-11","14:35:00",3,"MT",30,0,1,0,0,0,0,48.9866,-112.6854,48.9866,-112.6854,0,0,0,0,0,35,0,0,0
661993,2021,7,11,"2021-07-11","14:40:00",3,"NM",35,0,0.75,0,0,0,0,33.11,-104.29,33.11,-104.29,0,0,0,0,0,5,0,0,0
661994,2021,7,11,"2021-07-11","14:43:00",3,"NM",35,0,1,0,0,0,0,33.34,-104.53,33.34,-104.53,0,0,0,0,0,5,0,0,0
661995,2021,7,11,"2021-07-11","15:22:00",3,"NM",35,0,1,0,0,0,0,33.75,-103.28,33.75,-103.28,0,0,0,0,0,41,0,0,0
661996,2021,7,11,"2021-07-11","15:32:00",3,"NM",35,0,2,0,0,0,0,33.35,-105.14,33.35,-105.14,0,0,0,0,0,27,0,0,0
661997,2021,7,11,"2021-07-11","15:42:00",3,"NM",35,0,1,0,0,0,0,36.02,-106.95,36.02,-106.95,0,0,0,0,0,43,0,0,0
661998,2021,7,11,"2021-07-11","16:15:00",3,"TX",48,0,1.5,0,0,0,0,30.58,-104.5,30.58,-104.5,0,0,0,0,0,243,0,0,0
661999,2021,7,11,"2021-07-11","16:48:00",3,"AZ",4,0,1.25,0,0,0,0,34.56,-112.39,34.52,-112.29,0,0,0,0,0,25,0,0,0
662000,2021,7,11,"2021-07-11","16:55:00",3,"NM",35,0,1.75,0,0,0,0,32.9,-105.73,32.9,-105.73,0,0,0,0,0,35,0,0,0
662001,2021,7,11,"2021-07-11","17:00:00",3,"NM",35,0,1,0,0,0,0,33.69,-105.93,33.69,-105.93,0,0,0,0,0,27,0,0,0
662002,2021,7,11,"2021-07-11","17:16:00",3,"NM",35,0,1,0,0,0,0,35.68,-105.97,35.68,-105.97,0,0,0,0,0,49,0,0,0
662003,2021,7,11,"2021-07-11","17:35:00",3,"NM",35,0,1,0,0,0,0,32.84,-105.98,32.84,-105.98,0,0,0,0,0,35,0,0,0
662004,2021,7,11,"2021-07-11","17:39:00",3,"NM",35,0,1.75,0,0,0,0,32.83,-105.98,32.83,-105.98,0,0,0,0,0,35,0,0,0
662005,2021,7,11,"2021-07-11","17:41:00",3,"NM",35,0,1.75,0,0,0,0,32.76,-105.93,32.76,-105.93,0,0,0,0,0,35,0,0,0
662006,2021,7,11,"2021-07-11","17:54:00",3,"NM",35,0,1,0,0,0,0,33.64,-105.88,33.64,-105.88,0,0,0,0,0,27,0,0,0
662007,2021,7,11,"2021-07-11","18:37:00",3,"TX",48,0,0.88,0,0,0,0,31.49,-95.49,31.49,-95.49,0,0,0,0,0,225,0,0,0
662008,2021,7,11,"2021-07-11","19:04:00",3,"TX",48,0,1,0,0,0,0,32,-102.42,32,-102.42,0,0,0,0,0,135,0,0,0
662009,2021,7,11,"2021-07-11","19:10:00",3,"NM",35,0,0.88,0,0,0,0,36.08,-104.14,36.08,-104.14,0,0,0,0,0,21,0,0,0
662010,2021,7,11,"2021-07-11","19:24:00",3,"NM",35,0,1,0,0,0,0,36.08,-104.25,36.08,-104.25,0,0,0,0,0,21,0,0,0
662011,2021,7,11,"2021-07-11","20:04:00",3,"TX",48,0,0.75,0,0,0,0,31.85,-106.53,31.85,-106.53,0,0,0,0,0,141,0,0,0
662012,2021,7,11,"2021-07-11","20:35:00",3,"TX",48,0,1.25,0,0,0,0,31.84,-106.53,31.84,-106.53,0,0,0,0,0,141,0,0,0
662013,2021,7,11,"2021-07-11","22:23:00",3,"NM",35,0,1.7,0,0,0,0,36.46,-104.95,36.46,-104.95,0,0,0,0,0,7,0,0,0
662014,2021,7,12,"2021-07-12","14:37:00",3,"AZ",4,0,1,0,0,0,0,35.3,-111.72,35.3,-111.72,0,0,0,0,0,5,0,0,0
662015,2021,7,12,"2021-07-12","15:06:00",3,"NJ",34,0,1,0,0,0,0,39.97,-74.13,39.97,-74.13,0,0,0,0,0,29,0,0,0
662016,2021,7,12,"2021-07-12","17:00:00",3,"AZ",4,0,1.5,0,0,0,0,34.08,-109.9,34.08,-109.9,0,0,0,0,0,17,0,0,0
662017,2021,7,12,"2021-07-12","17:53:00",3,"GA",13,0,0.25,0,0,10,10,33.3748,-81.97,33.3748,-81.97,0,0,0,0,0,245,0,0,0
662018,2021,7,12,"2021-07-12","19:18:00",3,"NM",35,0,1,0,0,0,0,35.15,-105.98,35.15,-105.98,0,0,0,0,0,49,0,0,0
662019,2021,7,13,"2021-07-13","14:00:00",3,"SC",45,0,0.25,0,0,10,10,34.7,-80.04,34.7,-80.04,0,0,0,0,0,25,0,0,0
662020,2021,7,13,"2021-07-13","15:34:00",3,"PA",42,0,1,0,0,0,0,40.5,-79.05,40.5,-79.05,0,0,0,0,0,63,0,0,0
662021,2021,7,13,"2021-07-13","16:10:00",3,"MN",27,0,1,0,0,0,0,44.54,-94.87,44.54,-94.87,0,0,0,0,0,129,0,0,0
662022,2021,7,13,"2021-07-13","16:10:00",3,"PA",42,0,0.75,0,0,0,0,40.54,-79.07,40.54,-79.07,0,0,0,0,0,63,0,0,0
662023,2021,7,13,"2021-07-13","16:45:00",3,"WI",55,0,1,0,0,0,0,46.06,-91.47,46.06,-91.47,0,0,0,0,0,113,0,0,0
662024,2021,7,13,"2021-07-13","17:43:00",3,"PA",42,0,1,0,0,20000,4000,40.79,-77.86,40.79,-77.86,0,0,0,0,0,27,0,0,0
662025,2021,7,13,"2021-07-13","17:43:00",3,"ID",16,0,1,0,0,0,0,44.07,-111.45,44.07,-111.45,0,0,0,0,0,43,0,0,0
662026,2021,7,13,"2021-07-13","17:45:00",3,"ID",16,0,1.5,0,0,0,0,44.07,-111.45,44.07,-111.45,0,0,0,0,0,43,0,0,0
662027,2021,7,13,"2021-07-13","17:56:00",3,"ID",16,0,1,0,0,0,0,44.07,-111.4299,44.07,-111.4299,0,0,0,0,0,43,0,0,0
662028,2021,7,13,"2021-07-13","18:15:00",3,"KS",20,0,1.25,0,0,0,0,38.35,-99.4,38.35,-99.4,0,0,0,0,0,145,0,0,0
662029,2021,7,13,"2021-07-13","18:50:00",3,"PA",42,0,1.5,0,0,0,0,41.17,-76.87,41.17,-76.87,0,0,0,0,0,81,0,0,0
662030,2021,7,13,"2021-07-13","19:35:00",3,"MN",27,0,1,0,0,0,0,45.08,-93.14,45.08,-93.14,0,0,0,0,0,123,0,0,0
662031,2021,7,13,"2021-07-13","19:49:00",3,"WY",56,0,1.25,0,0,0,0,44.3913,-105.5,44.3913,-105.5,0,0,0,0,0,5,0,0,0
662032,2021,7,13,"2021-07-13","20:23:00",3,"WY",56,0,1.5,0,0,0,0,44.29,-105.3,44.29,-105.3,0,0,0,0,0,5,0,0,0
662033,2021,7,13,"2021-07-13","23:20:00",3,"NE",31,0,1,0,0,0,0,41.34,-100.53,41.34,-100.53,0,0,0,0,0,111,0,0,0
662034,2021,7,14,"2021-07-14","05:15:00",3,"IA",19,0,1,0,0,0,0,42.77,-91.88,42.77,-91.88,0,0,0,0,0,65,0,0,0
662035,2021,7,14,"2021-07-14","13:40:00",3,"WI",55,0,1.5,0,0,0,0,45.7342,-89.3371,45.7342,-89.3371,0,0,0,0,0,85,0,0,0
662036,2021,7,14,"2021-07-14","14:00:00",3,"NH",33,0,1,0,0,0,0,43.65,-72.07,43.65,-72.07,0,0,0,0,0,9,0,0,0
662037,2021,7,14,"2021-07-14","14:51:00",3,"WY",56,0,1.5,0,0,0,0,41.29,-105.11,41.29,-105.11,0,0,0,0,0,21,0,0,0
662038,2021,7,14,"2021-07-14","14:57:00",3,"WY",56,0,0.75,0,0,0,0,41.26,-105.06,41.26,-105.06,0,0,0,0,0,21,0,0,0
662039,2021,7,14,"2021-07-14","14:58:00",3,"WY",56,0,0.75,0,0,0,0,41.25,-105.09,41.25,-105.09,0,0,0,0,0,21,0,0,0
662040,2021,7,14,"2021-07-14","15:00:00",3,"WY",56,0,1.5,0,0,0,0,41.24,-105.11,41.24,-105.11,0,0,0,0,0,21,0,0,0
662041,2021,7,14,"2021-07-14","15:00:00",3,"WY",56,0,1,0,0,0,0,41.26,-105.09,41.26,-105.09,0,0,0,0,0,21,0,0,0
662042,2021,7,14,"2021-07-14","15:13:00",3,"WY",56,0,1.75,0,0,0,0,41.16,-105.04,41.16,-105.04,0,0,0,0,0,21,0,0,0
662043,2021,7,14,"2021-07-14","15:20:00",3,"WY",56,0,1.25,0,0,0,0,41.15,-105,41.15,-105,0,0,0,0,0,21,0,0,0
662044,2021,7,14,"2021-07-14","15:40:00",3,"MA",25,0,1,0,0,0,0,42.6,-72.4,42.6,-72.4,0,0,0,0,0,11,0,0,0
662045,2021,7,14,"2021-07-14","15:48:00",3,"IA",19,0,0.75,0,0,0,0,42.74,-92.77,42.74,-92.77,0,0,0,0,0,23,0,0,0
662046,2021,7,14,"2021-07-14","16:14:00",3,"IA",19,0,1.25,0,0,0,0,42.78,-92.67,42.78,-92.67,0,0,0,0,0,23,0,0,0
662047,2021,7,14,"2021-07-14","16:22:00",3,"MA",25,0,1.25,0,0,0,0,42.38,-72.52,42.38,-72.52,0,0,0,0,0,15,0,0,0
662048,2021,7,14,"2021-07-14","16:25:00",3,"MA",25,0,0.75,0,0,0,0,42.45,-72.4,42.45,-72.4,0,0,0,0,0,11,0,0,0
662049,2021,7,14,"2021-07-14","16:28:00",3,"WI",55,0,1,0,0,0,0,43.48,-89.75,43.48,-89.75,0,0,0,0,0,111,0,0,0
662050,2021,7,14,"2021-07-14","16:30:00",3,"MA",25,0,1.75,0,0,0,0,42.4,-72.4,42.4,-72.4,0,0,0,0,0,15,0,0,0
662051,2021,7,14,"2021-07-14","16:45:00",3,"UT",49,0,1,0,0,0,0,37.76,-113.04,37.76,-113.04,0,0,0,0,0,21,0,0,0
662052,2021,7,14,"2021-07-14","19:40:00",3,"WY",56,0,2,0,0,0,0,41.63,-105.76,41.63,-105.76,0,0,0,0,0,1,0,0,0
662053,2021,7,15,"2021-07-15","15:22:00",3,"IL",17,0,1,0,0,0,0,40.02,-89.28,40.02,-89.28,0,0,0,0,0,107,0,0,0
662054,2021,7,15,"2021-07-15","16:00:00",3,"CO",8,0,2,0,0,0,0,38.66,-103.54,38.66,-103.54,0,0,0,0,0,73,0,0,0
662055,2021,7,15,"2021-07-15","16:21:00",3,"IL",17,0,1.75,0,0,0,0,40.4125,-88.2969,40.4125,-88.2969,0,0,0,0,0,53,0,0,0
662056,2021,7,15,"2021-07-15","16:24:00",3,"WY",56,0,1,0,0,0,0,41.2,-104.71,41.2,-104.71,0,0,0,0,0,21,0,0,0
662057,2021,7,15,"2021-07-15","16:27:00",3,"WY",56,0,1,0,0,0,0,41.2,-104.71,41.2,-104.71,0,0,0,0,0,21,0,0,0
662058,2021,7,15,"2021-07-15","16:30:00",3,"WY",56,0,1.5,0,0,0,0,41.19,-104.71,41.19,-104.71,0,0,0,0,0,21,0,0,0
662059,2021,7,15,"2021-07-15","18:06:00",3,"NM",35,0,1.75,0,0,10000,0,36.61,-104.72,36.61,-104.72,0,0,0,0,0,7,0,0,0
662060,2021,7,15,"2021-07-15","18:07:00",3,"OK",40,0,1,0,0,0,0,36.57,-99.57,36.57,-99.57,0,0,0,0,0,153,0,0,0
662061,2021,7,15,"2021-07-15","19:40:00",3,"NE",31,0,0.88,0,0,0,0,41.55,-103.74,41.55,-103.74,0,0,0,0,0,7,0,0,0
662062,2021,7,16,"2021-07-16","06:42:00",3,"ND",38,0,1,0,0,0,0,48.22,-101.3,48.22,-101.3,0,0,0,0,0,101,0,0,0
662063,2021,7,16,"2021-07-16","12:22:00",3,"ME",23,0,1,0,0,0,0,44.5302,-68.9857,44.5302,-68.9857,0,0,0,0,0,27,0,0,0
662064,2021,7,16,"2021-07-16","13:02:00",3,"SC",45,0,0.25,0,0,10,10,34.14,-81.35,34.14,-81.35,0,0,0,0,0,63,0,0,0
662065,2021,7,16,"2021-07-16","13:57:00",3,"SC",45,0,0.25,0,0,10,10,33.9546,-81.1748,33.9546,-81.1748,0,0,0,0,0,63,0,0,0
662066,2021,7,16,"2021-07-16","16:18:00",3,"SD",46,0,1,0,0,0,0,44.02,-103.65,44.02,-103.65,0,0,0,0,0,103,0,0,0
662067,2021,7,16,"2021-07-16","16:25:00",3,"SD",46,0,1.75,0,0,0,0,43.9107,-103.4926,43.9107,-103.4926,0,0,0,0,0,103,0,0,0
662068,2021,7,16,"2021-07-16","16:30:00",3,"SD",46,0,1.5,0,0,0,0,44.0266,-103.48,44.0266,-103.48,0,0,0,0,0,103,0,0,0
662069,2021,7,16,"2021-07-16","16:35:00",3,"SD",46,0,1.75,0,0,0,0,43.9709,-103.5231,43.9709,-103.5231,0,0,0,0,0,103,0,0,0
662070,2021,7,16,"2021-07-16","16:35:00",3,"SD",46,0,1,0,0,0,0,43.88,-103.45,43.88,-103.45,0,0,0,0,0,103,0,0,0
662071,2021,7,16,"2021-07-16","16:50:00",3,"SD",46,0,2.25,0,0,0,0,43.87,-103.3702,43.87,-103.3702,0,0,0,0,0,103,0,0,0
662072,2021,7,16,"2021-07-16","17:02:00",3,"SD",46,0,1.5,0,0,0,0,43.85,-103.38,43.85,-103.38,0,0,0,0,0,33,0,0,0
662073,2021,7,16,"2021-07-16","17:07:00",3,"SD",46,0,1.75,0,0,0,0,43.84,-103.3305,43.84,-103.3305,0,0,0,0,0,33,0,0,0
662074,2021,7,16,"2021-07-16","17:11:00",3,"SD",46,0,1.75,0,0,0,0,43.7786,-103.2751,43.7786,-103.2751,0,0,0,0,0,33,0,0,0
662075,2021,7,16,"2021-07-16","17:13:00",3,"SD",46,0,2,0,0,0,0,43.7569,-103.2483,43.7569,-103.2483,0,0,0,0,0,33,0,0,0
662076,2021,7,16,"2021-07-16","17:19:00",3,"SD",46,0,1.25,0,0,0,0,43.84,-103.3104,43.84,-103.3104,0,0,0,0,0,33,0,0,0
662077,2021,7,16,"2021-07-16","17:30:00",3,"CO",8,0,0.75,0,0,0,0,39.3596,-102.4728,39.3596,-102.4728,0,0,0,0,0,63,0,0,0
662078,2021,7,16,"2021-07-16","17:34:00",3,"NC",37,0,0.75,0,0,0,0,35.84,-82.86,35.84,-82.86,0,0,0,0,0,115,0,0,0
662079,2021,7,16,"2021-07-16","19:06:00",3,"ND",38,0,1,0,0,0,0,47.14,-101.79,47.14,-101.79,0,0,0,0,0,57,0,0,0
662080,2021,7,16,"2021-07-16","19:30:00",3,"ND",38,0,2,0,0,0,0,47.08,-101.87,47.08,-101.87,0,0,0,0,0,57,0,0,0
662081,2021,7,16,"2021-07-16","19:43:00",3,"NE",31,0,1,0,0,0,0,42.89,-102.2,42.89,-102.2,0,0,0,0,0,161,0,0,0
662082,2021,7,16,"2021-07-16","20:08:00",3,"ND",38,0,1.75,0,0,0,0,47,-102.03,47,-102.03,0,0,0,0,0,57,0,0,0
662083,2021,7,16,"2021-07-16","20:15:00",3,"ND",38,0,1.75,0,0,0,0,46.95,-102.12,46.95,-102.12,0,0,0,0,0,89,0,0,0
662084,2021,7,16,"2021-07-16","20:28:00",3,"ND",38,0,1.75,0,0,0,0,46.93,-102.13,46.93,-102.13,0,0,0,0,0,89,0,0,0
662085,2021,7,17,"2021-07-17","11:28:00",3,"SC",45,0,0.25,0,0,10,10,34.0334,-80.9587,34.0334,-80.9587,0,0,0,0,0,79,0,0,0
662086,2021,7,17,"2021-07-17","11:39:00",3,"NC",37,0,0.75,0,0,0,0,35.81,-81.189,35.81,-81.189,0,0,0,0,0,35,0,0,0
662087,2021,7,17,"2021-07-17","12:25:00",3,"NJ",34,0,1,0,0,0,0,40.71,-74.15,40.71,-74.15,0,0,0,0,0,13,0,0,0
662088,2021,7,17,"2021-07-17","12:48:00",3,"PA",42,0,1,0,0,0,0,40.04,-76.19,40.04,-76.19,0,0,0,0,0,71,0,0,0
662089,2021,7,17,"2021-07-17","13:06:00",3,"RI",44,0,0.75,0,0,0,0,41.97,-71.46,41.97,-71.46,0,0,0,0,0,7,0,0,0
662090,2021,7,17,"2021-07-17","13:29:00",3,"MD",24,0,1,0,0,0,0,39.3194,-76.4786,39.3194,-76.4786,0,0,0,0,0,5,0,0,0
662091,2021,7,17,"2021-07-17","13:31:00",3,"NJ",34,0,0.88,0,0,0,0,40.53,-74.29,40.53,-74.29,0,0,0,0,0,23,0,0,0
662092,2021,7,17,"2021-07-17","14:00:00",3,"VA",51,0,1,0,0,0,0,36.6302,-79.4613,36.6302,-79.4613,0,0,0,0,0,143,0,0,0
662093,2021,7,17,"2021-07-17","14:57:00",3,"OK",40,0,1,0,0,0,0,36.89,-101.9,36.89,-101.9,0,0,0,0,0,139,0,0,0
662094,2021,7,17,"2021-07-17","15:05:00",3,"NY",36,0,1.25,0,0,0,0,41.9,-74.11,41.9,-74.11,0,0,0,0,0,111,0,0,0
662095,2021,7,17,"2021-07-17","15:06:00",3,"NY",36,0,1,0,0,0,0,41.9,-74.13,41.9,-74.13,0,0,0,0,0,111,0,0,0
662096,2021,7,17,"2021-07-17","15:11:00",3,"NY",36,0,1,0,0,0,0,42.43,-76.23,42.43,-76.23,0,0,0,0,0,23,0,0,0
662097,2021,7,17,"2021-07-17","15:15:00",3,"MA",25,0,1,0,0,0,0,42.42,-71.69,42.42,-71.69,0,0,0,0,0,27,0,0,0
662098,2021,7,17,"2021-07-17","15:17:00",3,"NY",36,0,1,0,0,0,0,42.41,-76.2,42.41,-76.2,0,0,0,0,0,23,0,0,0
662099,2021,7,17,"2021-07-17","15:22:00",3,"MA",25,0,1.25,0,0,0,0,42.38,-71.63,42.38,-71.63,0,0,0,0,0,27,0,0,0
662100,2021,7,17,"2021-07-17","15:37:00",3,"NY",36,0,2,0,0,0,0,42.36,-75.97,42.36,-75.97,0,0,0,0,0,7,0,0,0
662101,2021,7,17,"2021-07-17","16:14:00",3,"TX",48,0,1.75,0,0,0,0,35.1,-101.41,35.1,-101.41,0,0,0,0,0,11,0,0,0
662102,2021,7,17,"2021-07-17","16:21:00",3,"PA",42,0,1.25,0,0,0,0,40.3513,-77.0017,40.3513,-77.0017,0,0,0,0,0,99,0,0,0
662103,2021,7,17,"2021-07-17","16:43:00",3,"NJ",34,0,1,0,0,0,0,40.39,-74.92,40.39,-74.92,0,0,0,0,0,19,0,0,0
662104,2021,7,17,"2021-07-17","17:02:00",3,"TX",48,0,1,0,0,0,0,35.02,-100.89,35.02,-100.89,0,0,0,0,0,129,0,0,0
662105,2021,7,17,"2021-07-17","17:35:00",3,"SD",46,0,2.25,0,0,0,0,43.54,-103.83,43.54,-103.83,0,0,0,0,0,33,0,0,0
662106,2021,7,17,"2021-07-17","17:41:00",3,"CO",8,0,1,0,0,0,0,37.37,-102.86,37.37,-102.86,0,0,0,0,0,9,0,0,0
662107,2021,7,17,"2021-07-17","17:46:00",3,"SD",46,0,1.75,0,0,0,0,43.53,-103.8803,43.53,-103.8803,0,0,0,0,0,33,0,0,0
662108,2021,7,17,"2021-07-17","17:55:00",3,"SD",46,0,2,0,0,0,0,43.44,-103.83,43.44,-103.83,0,0,0,0,0,47,0,0,0
662109,2021,7,17,"2021-07-17","18:52:00",3,"ND",38,0,1,0,0,0,0,48.97,-101.46,48.97,-101.46,0,0,0,0,0,9,0,0,0
662110,2021,7,17,"2021-07-17","18:55:00",3,"SD",46,0,1.5,0,0,0,0,43.18,-103.76,43.18,-103.76,0,0,0,0,0,47,0,0,0
662111,2021,7,18,"2021-07-18","09:20:00",3,"NE",31,0,1.25,0,0,0,0,40.0498,-100.2796,40.0498,-100.2796,0,0,0,0,0,145,0,0,0
662112,2021,7,18,"2021-07-18","10:05:00",3,"KS",20,0,0.75,0,0,0,0,39.7405,-100.1543,39.7405,-100.1543,0,0,0,0,0,137,0,0,0
662113,2021,7,18,"2021-07-18","11:20:00",3,"KS",20,0,1,0,0,0,0,38.89,-99.37,38.89,-99.37,0,0,0,0,0,51,0,0,0
662114,2021,7,18,"2021-07-18","11:20:00",3,"KS",20,0,1,0,0,0,0,38.88,-99.32,38.88,-99.32,0,0,0,0,0,51,0,0,0
662115,2021,7,18,"2021-07-18","11:27:00",3,"KS",20,0,1,0,0,0,0,38.89,-99.37,38.89,-99.37,0,0,0,0,0,51,0,0,0
662116,2021,7,18,"2021-07-18","11:31:00",3,"KS",20,0,0.75,0,0,0,0,38.89,-99.37,38.89,-99.37,0,0,0,0,0,51,0,0,0
662117,2021,7,18,"2021-07-18","11:45:00",3,"KS",20,0,1,0,0,0,0,39.3398,-102.0398,39.3398,-102.0398,0,0,0,0,0,181,0,0,0
662118,2021,7,18,"2021-07-18","12:12:00",3,"SC",45,0,0.75,0,0,0,0,33.01,-80.18,33.01,-80.18,0,0,0,0,0,35,0,0,0
662119,2021,7,18,"2021-07-18","12:26:00",3,"SC",45,0,0.75,0,0,0,0,33.04,-80.15,33.04,-80.15,0,0,0,0,0,15,0,0,0
662120,2021,7,18,"2021-07-18","12:45:00",3,"NC",37,0,1,0,0,0,0,34.31,-78.15,34.31,-78.15,0,0,0,0,0,19,0,0,0
662121,2021,7,18,"2021-07-18","12:48:00",3,"KS",20,0,1,0,0,0,0,39.35,-101.72,39.35,-101.72,0,0,0,0,0,181,0,0,0
662122,2021,7,18,"2021-07-18","12:51:00",3,"KS",20,0,1.25,0,0,0,0,39.36,-101.7169,39.36,-101.7169,0,0,0,0,0,181,0,0,0
662123,2021,7,18,"2021-07-18","12:52:00",3,"KS",20,0,2,0,0,0,0,39.3509,-101.7161,39.3509,-101.7161,0,0,0,0,0,181,0,0,0
662124,2021,7,18,"2021-07-18","12:52:00",3,"KS",20,0,1.25,0,0,0,0,39.3394,-101.7112,39.3394,-101.7112,0,0,0,0,0,181,0,0,0
662125,2021,7,18,"2021-07-18","12:53:00",3,"KS",20,0,1.75,0,0,0,0,39.3423,-101.7065,39.3423,-101.7065,0,0,0,0,0,181,0,0,0
662126,2021,7,18,"2021-07-18","12:59:00",3,"KS",20,0,1.25,0,0,0,0,39.35,-101.7,39.35,-101.7,0,0,0,0,0,181,0,0,0
662127,2021,7,18,"2021-07-18","13:08:00",3,"KS",20,0,1.75,0,0,0,0,39.35,-101.71,39.35,-101.71,0,0,0,0,0,181,0,0,0
662128,2021,7,18,"2021-07-18","13:17:00",3,"KS",20,0,1.6,0,0,0,0,39.36,-101.71,39.36,-101.71,0,0,0,0,0,181,0,0,0
662129,2021,7,18,"2021-07-18","13:40:00",3,"CO",8,0,0.75,0,0,0,0,38.7543,-102.3529,38.7543,-102.3529,0,0,0,0,0,17,0,0,0
662130,2021,7,18,"2021-07-18","14:04:00",3,"FL",12,0,0.88,0,0,0,0,30.36,-81.59,30.36,-81.59,0,0,0,0,0,31,0,0,0
662131,2021,7,18,"2021-07-18","14:10:00",3,"KS",20,0,1,0,0,0,0,38.3933,-102.0312,38.3933,-102.0312,0,0,0,0,0,71,0,0,0
662132,2021,7,18,"2021-07-18","14:30:00",3,"CO",8,0,1,0,0,0,0,38.26,-102.13,38.26,-102.13,0,0,0,0,0,99,0,0,0
662133,2021,7,18,"2021-07-18","15:10:00",3,"KS",20,0,1.25,0,0,0,0,39.7605,-101.7104,39.7605,-101.7104,0,0,0,0,0,23,0,0,0
662134,2021,7,18,"2021-07-18","15:25:00",3,"KS",20,0,1,0,0,0,0,39.7172,-101.7138,39.7172,-101.7138,0,0,0,0,0,23,0,0,0
662135,2021,7,18,"2021-07-18","18:10:00",3,"OK",40,0,1,0,0,0,0,35.35,-97.55,35.35,-97.55,0,0,0,0,0,27,0,0,0
662136,2021,7,19,"2021-07-19","10:45:00",3,"ND",38,0,1,0,0,0,0,48.11,-98.83,48.11,-98.83,0,0,0,0,0,71,0,0,0
662137,2021,7,19,"2021-07-19","12:38:00",3,"ND",38,0,1,0,0,0,0,47.6,-96.97,47.6,-96.97,0,0,0,0,0,97,0,0,0
662138,2021,7,19,"2021-07-19","16:00:00",3,"NY",36,0,1,0,0,0,0,43,-74.38,43,-74.38,0,0,0,0,0,35,0,0,0
662139,2021,7,19,"2021-07-19","16:45:00",3,"ND",38,0,2,0,0,0,0,48.22,-100.25,48.22,-100.25,0,0,0,0,0,49,0,0,0
662140,2021,7,19,"2021-07-19","17:30:00",3,"ND",38,0,1.75,0,0,0,0,48.16,-100.51,48.16,-100.51,0,0,0,0,0,49,0,0,0
662141,2021,7,19,"2021-07-19","17:51:00",3,"ND",38,0,1,0,0,0,0,48.65,-99.59,48.65,-99.59,0,0,0,0,0,79,0,0,0
662142,2021,7,19,"2021-07-19","18:07:00",3,"ND",38,0,2.75,0,0,0,0,48.09,-100.53,48.09,-100.53,0,0,0,0,0,49,0,0,0
662143,2021,7,19,"2021-07-19","18:10:00",3,"ND",38,0,1,0,0,0,2000,47.93,-100.53,47.93,-100.53,0,0,0,0,0,49,0,0,0
662144,2021,7,19,"2021-07-19","18:15:00",3,"ND",38,0,1.5,0,0,0,2000,47.93,-100.53,47.93,-100.53,0,0,0,0,0,49,0,0,0
662145,2021,7,19,"2021-07-19","19:58:00",3,"MN",27,0,1.75,0,0,0,0,48.21,-96.97,48.21,-96.97,0,0,0,0,0,89,0,0,0
662146,2021,7,20,"2021-07-20","12:15:00",3,"NM",35,0,0.88,0,0,2000,0,34.65,-103.9,34.65,-103.9,0,0,0,0,0,37,0,0,0
662147,2021,7,20,"2021-07-20","12:27:00",3,"NY",36,0,0.75,0,0,0,0,43.13,-73.67,43.13,-73.67,0,0,0,0,0,91,0,0,0
662148,2021,7,20,"2021-07-20","12:30:00",3,"NY",36,0,1.25,0,0,0,0,43.14,-73.66,43.14,-73.66,0,0,0,0,0,91,0,0,0
662149,2021,7,20,"2021-07-20","14:06:00",3,"NY",36,0,1,0,0,0,0,43.18,-78.84,43.18,-78.84,0,0,0,0,0,63,0,0,0
662150,2021,7,20,"2021-07-20","14:34:00",3,"NY",36,0,1.5,0,0,0,0,43.16,-78.7,43.16,-78.7,0,0,0,0,0,63,0,0,0
662151,2021,7,20,"2021-07-20","14:35:00",3,"NY",36,0,1,0,0,0,0,43.18,-78.68,43.18,-78.68,0,0,0,0,0,63,0,0,0
662152,2021,7,20,"2021-07-20","14:41:00",3,"NY",36,0,1.25,0,0,0,0,43.16,-78.79,43.16,-78.79,0,0,0,0,0,63,0,0,0
662153,2021,7,20,"2021-07-20","14:43:00",3,"NY",36,0,1.25,0,0,0,0,43.18,-78.68,43.18,-78.68,0,0,0,0,0,63,0,0,0
662154,2021,7,20,"2021-07-20","14:51:00",3,"NY",36,0,0.75,0,0,0,0,43.21,-78.99,43.21,-78.99,0,0,0,0,0,63,0,0,0
662155,2021,7,20,"2021-07-20","14:57:00",3,"NY",36,0,1,0,0,0,0,43.17,-78.73,43.17,-78.73,0,0,0,0,0,63,0,0,0
662156,2021,7,20,"2021-07-20","14:58:00",3,"NY",36,0,1,0,0,0,0,43.16,-78.79,43.16,-78.79,0,0,0,0,0,63,0,0,0
662157,2021,7,20,"2021-07-20","15:05:00",3,"NY",36,0,1,0,0,0,0,43.17,-79.04,43.17,-79.04,0,0,0,0,0,63,0,0,0
662158,2021,7,20,"2021-07-20","15:07:00",3,"NY",36,0,1,0,0,0,0,43.16,-78.7,43.16,-78.7,0,0,0,0,0,63,0,0,0
662159,2021,7,20,"2021-07-20","15:13:00",3,"NY",36,0,0.75,0,0,0,0,43.17,-79.02,43.17,-79.02,0,0,0,0,0,63,0,0,0
662160,2021,7,20,"2021-07-20","15:13:00",3,"NY",36,0,0.88,0,0,0,0,43.13,-78.7,43.13,-78.7,0,0,0,0,0,63,0,0,0
662161,2021,7,20,"2021-07-20","15:20:00",3,"NY",36,0,1.25,0,0,0,0,44.9855,-74.6596,44.9855,-74.6596,0,0,0,0,0,33,0,0,0
662162,2021,7,20,"2021-07-20","16:02:00",3,"NY",36,0,2.5,0,0,0,0,43.17,-79.04,43.17,-79.04,0,0,0,0,0,63,0,0,0
662163,2021,7,20,"2021-07-20","16:43:00",3,"MT",30,0,1,0,0,0,0,46.59,-104.08,46.59,-104.08,0,0,0,0,0,25,0,0,0
662164,2021,7,20,"2021-07-20","18:11:00",3,"NY",36,0,1,0,0,0,0,42.43,-76.57,42.43,-76.57,0,0,0,0,0,109,0,0,0
662165,2021,7,20,"2021-07-20","18:27:00",3,"MI",26,0,0.75,0,0,0,0,42.29,-84.03,42.29,-84.03,0,0,0,0,0,161,0,0,0
662166,2021,7,20,"2021-07-20","18:30:00",3,"PA",42,0,0.88,0,0,0,0,40.62,-80.25,40.62,-80.25,0,0,0,0,0,7,0,0,0
662167,2021,7,20,"2021-07-20","19:10:00",3,"NH",33,0,1.25,0,0,0,0,43.78,-72.16,43.78,-72.16,0,0,0,0,0,9,0,0,0
662168,2021,7,20,"2021-07-20","20:00:00",3,"NH",33,0,1,0,0,0,0,43.71,-71.84,43.71,-71.84,0,0,0,0,0,9,0,0,0
662169,2021,7,20,"2021-07-20","20:10:00",3,"NH",33,0,1.25,0,0,0,0,43.59,-71.74,43.59,-71.74,0,0,0,0,0,9,0,0,0
662170,2021,7,20,"2021-07-20","20:30:00",3,"NH",33,0,1,0,0,0,0,42.96,-72.31,42.96,-72.31,0,0,0,0,0,5,0,0,0
662171,2021,7,20,"2021-07-20","20:50:00",3,"NH",33,0,1.25,0,0,0,0,42.79,-72.46,42.79,-72.46,0,0,0,0,0,5,0,0,0
662172,2021,7,20,"2021-07-20","21:20:00",3,"NH",33,0,1,0,0,0,0,42.78,-72.15,42.78,-72.15,0,0,0,0,0,5,0,0,0
662173,2021,7,20,"2021-07-20","21:25:00",3,"NH",33,0,1.25,0,0,0,0,43.02,-71.61,43.02,-71.61,0,0,0,0,0,11,0,0,0
662174,2021,7,20,"2021-07-20","21:45:00",3,"NH",33,0,1.5,0,0,0,0,43.01,-71.37,43.01,-71.37,0,0,0,0,0,15,0,0,0
662175,2021,7,21,"2021-07-21","11:05:00",3,"NJ",34,0,1,0,0,0,0,39.74,-74.28,39.74,-74.28,0,0,0,0,0,29,0,0,0
662176,2021,7,21,"2021-07-21","11:05:00",3,"NJ",34,0,1,0,0,0,0,39.83,-75.01,39.83,-75.01,0,0,0,0,0,7,0,0,0
662177,2021,7,21,"2021-07-21","11:15:00",3,"NJ",34,0,1,0,0,0,0,39.7,-74.26,39.7,-74.26,0,0,0,0,0,29,0,0,0
662178,2021,7,21,"2021-07-21","11:50:00",3,"NJ",34,0,0.75,0,0,0,0,39.7,-74.26,39.7,-74.26,0,0,0,0,0,29,0,0,0
662179,2021,7,21,"2021-07-21","11:56:00",3,"CT",9,0,1,0,0,0,0,41.37,-72.9,41.37,-72.9,0,0,0,0,0,9,0,0,0
662180,2021,7,21,"2021-07-21","12:00:00",3,"PA",42,0,1,0,0,0,0,40.41,-75.93,40.41,-75.93,0,0,0,0,0,11,0,0,0
662181,2021,7,21,"2021-07-21","12:05:00",3,"PA",42,0,0.75,0,0,0,0,40.62,-75.51,40.62,-75.51,0,0,0,0,0,77,0,0,0
662182,2021,7,21,"2021-07-21","12:05:00",3,"NJ",34,0,1.25,0,0,0,0,39.69,-74.26,39.69,-74.26,0,0,0,0,0,29,0,0,0
662183,2021,7,21,"2021-07-21","12:50:00",3,"PA",42,0,0.88,0,0,0,0,40.25,-75.46,40.25,-75.46,0,0,0,0,0,91,0,0,0
662184,2021,7,21,"2021-07-21","13:05:00",3,"PA",42,0,1,0,0,0,0,40.15,-75.33,40.15,-75.33,0,0,0,0,0,91,0,0,0
662185,2021,7,21,"2021-07-21","13:10:00",3,"PA",42,0,1,0,0,0,0,40.11,-75.28,40.11,-75.28,0,0,0,0,0,91,0,0,0
662186,2021,7,21,"2021-07-21","13:11:00",3,"PA",42,0,1,0,0,0,0,40.13,-75.3,40.13,-75.3,0,0,0,0,0,91,0,0,0
662187,2021,7,21,"2021-07-21","13:15:00",3,"PA",42,0,1.25,0,0,0,0,40.16,-75.26,40.16,-75.26,0,0,0,0,0,91,0,0,0
662188,2021,7,21,"2021-07-21","13:20:00",3,"NJ",34,0,1,0,0,0,0,39.85,-75.01,39.85,-75.01,0,0,0,0,0,7,0,0,0
662189,2021,7,21,"2021-07-21","13:20:00",3,"NJ",34,0,1,0,0,0,0,40.01,-74.3,40.01,-74.3,0,0,0,0,0,29,0,0,0
662190,2021,7,21,"2021-07-21","13:20:00",3,"NJ",34,0,1,0,0,0,0,39.82,-75.04,39.82,-75.04,0,0,0,0,0,7,0,0,0
662191,2021,7,21,"2021-07-21","13:25:00",3,"PA",42,0,1,0,0,0,0,40.11,-75.21,40.11,-75.21,0,0,0,0,0,91,0,0,0
662192,2021,7,21,"2021-07-21","13:30:00",3,"PA",42,0,1,0,0,0,0,40.09,-75.13,40.09,-75.13,0,0,0,0,0,91,0,0,0
662193,2021,7,21,"2021-07-21","13:30:00",3,"PA",42,0,1,0,0,0,0,40.1,-75.15,40.1,-75.15,0,0,0,0,0,91,0,0,0
662194,2021,7,21,"2021-07-21","13:30:00",3,"PA",42,0,1,0,0,0,0,40.12,-75.12,40.12,-75.12,0,0,0,0,0,91,0,0,0
662195,2021,7,21,"2021-07-21","13:45:00",3,"NJ",34,0,0.75,0,0,0,0,40.08,-74.17,40.08,-74.17,0,0,0,0,0,29,0,0,0
662196,2021,7,21,"2021-07-21","14:00:00",3,"NJ",34,0,0.88,0,0,0,0,39.84,-75.2,39.84,-75.2,0,0,0,0,0,15,0,0,0
662197,2021,7,21,"2021-07-21","14:00:00",3,"NJ",34,0,0.75,0,0,0,0,40.12,-74.14,40.12,-74.14,0,0,0,0,0,25,0,0,0
662198,2021,7,21,"2021-07-21","14:20:00",3,"NJ",34,0,1,0,0,0,0,39.47,-74.51,39.47,-74.51,0,0,0,0,0,1,0,0,0
662199,2021,7,21,"2021-07-21","17:13:00",3,"MT",30,0,1,0,0,0,0,46.89,-113.59,47,-113.37,0,0,0,0,0,63,0,0,0
662200,2021,7,21,"2021-07-21","18:07:00",3,"MT",30,0,1,0,0,0,0,47.19,-113.34,47.19,-113.34,0,0,0,0,0,77,0,0,0
662201,2021,7,21,"2021-07-21","18:45:00",3,"MT",30,0,2,0,0,0,0,46.82,-113.32,47.04,-113.22,0,0,0,0,0,39,0,0,0
662202,2021,7,21,"2021-07-21","20:27:00",3,"MT",30,0,1,0,0,0,0,47.5,-112.8942,47.5,-112.8942,0,0,0,0,0,49,0,0,0
662203,2021,7,21,"2021-07-21","21:00:00",3,"MT",30,0,1,0,0,0,0,47.6052,-112.7564,47.6052,-112.7564,0,0,0,0,0,49,0,0,0
662204,2021,7,22,"2021-07-22","13:15:00",3,"MT",30,0,1.5,0,0,0,0,46.67,-104.94,46.67,-104.94,0,0,0,0,0,79,0,0,0
662205,2021,7,22,"2021-07-22","13:20:00",3,"UT",49,0,1.5,0,0,0,0,37.67,-112.17,37.67,-112.17,0,0,0,0,0,17,0,0,0
662206,2021,7,22,"2021-07-22","16:03:00",3,"MT",30,0,0.75,0,0,0,0,45.2898,-111.3996,45.2898,-111.3996,0,0,0,0,0,57,0,0,0
662207,2021,7,22,"2021-07-22","17:40:00",3,"AZ",4,0,0.88,0,0,0,0,32.23,-110.82,32.23,-110.82,0,0,0,0,0,19,0,0,0
662208,2021,7,22,"2021-07-22","19:15:00",3,"UT",49,0,0.75,0,0,0,0,40.73,-111.95,40.73,-111.95,0,0,0,0,0,35,0,0,0
662209,2021,7,23,"2021-07-23","10:35:00",3,"NH",33,0,1.25,0,0,0,0,43.74,-71.01,43.74,-71.01,0,0,0,0,0,3,0,0,0
662210,2021,7,23,"2021-07-23","10:58:00",3,"NH",33,0,1,0,0,0,0,43.71,-71.0474,43.71,-71.0474,0,0,0,0,0,3,0,0,0
662211,2021,7,23,"2021-07-23","12:27:00",3,"NH",33,0,1.75,0,0,0,0,43.88,-71.12,43.88,-71.12,0,0,0,0,0,3,0,0,0
662212,2021,7,23,"2021-07-23","12:45:00",3,"NH",33,0,1,0,0,0,0,43.82,-71.1,43.82,-71.1,0,0,0,0,0,3,0,0,0
662213,2021,7,23,"2021-07-23","12:48:00",3,"NH",33,0,1,0,0,0,0,43.72,-71.47,43.72,-71.47,0,0,0,0,0,3,0,0,0
662214,2021,7,23,"2021-07-23","13:30:00",3,"ME",23,0,1,0,0,0,0,44.4159,-70.1419,44.4159,-70.1419,0,0,0,0,0,1,0,0,0
662215,2021,7,23,"2021-07-23","13:39:00",3,"NH",33,0,1,0,0,0,0,43.0046,-70.8358,43.0046,-70.8358,0,0,0,0,0,15,0,0,0
662216,2021,7,23,"2021-07-23","13:50:00",3,"NM",35,0,1.5,0,0,50000,0,34.4,-105.48,34.4,-105.48,0,0,0,0,0,57,0,0,0
662217,2021,7,23,"2021-07-23","14:17:00",3,"NM",35,0,2.75,0,0,150000,0,34.39,-105.6,34.39,-105.6,0,0,0,0,0,57,0,0,0
662218,2021,7,23,"2021-07-23","14:25:00",3,"NH",33,0,1,0,0,0,0,43.53,-71.71,43.53,-71.71,0,0,0,0,0,13,0,0,0
662219,2021,7,23,"2021-07-23","14:35:00",3,"NH",33,0,1.25,0,0,0,0,42.93,-71.04,42.93,-71.04,0,0,0,0,0,15,0,0,0
662220,2021,7,23,"2021-07-23","14:40:00",3,"NH",33,0,1,0,0,0,0,42.9204,-70.9767,42.9204,-70.9767,0,0,0,0,0,15,0,0,0
662221,2021,7,23,"2021-07-23","14:53:00",3,"NH",33,0,1.5,0,0,0,0,43.2,-71.69,43.2,-71.69,0,0,0,0,0,13,0,0,0
662222,2021,7,23,"2021-07-23","15:00:00",3,"NH",33,0,1.25,0,0,0,0,43.1848,-71.7228,43.1848,-71.7228,0,0,0,0,0,11,0,0,0
662223,2021,7,23,"2021-07-23","15:05:00",3,"MN",27,0,1,0,0,0,0,48.05,-94.9,48.05,-94.9,0,0,0,0,0,7,0,0,0
662224,2021,7,23,"2021-07-23","15:09:00",3,"MA",25,0,1,0,0,0,0,42.83,-71,42.83,-71,0,0,0,0,0,9,0,0,0
662225,2021,7,23,"2021-07-23","15:10:00",3,"MA",25,0,0.75,0,0,0,0,41.82,-71.33,41.82,-71.33,0,0,0,0,0,5,0,0,0
662226,2021,7,23,"2021-07-23","15:20:00",3,"MA",25,0,1,0,0,0,0,42.78,-71.09,42.78,-71.09,0,0,0,0,0,9,0,0,0
662227,2021,7,23,"2021-07-23","15:35:00",3,"MA",25,0,1.25,0,0,0,0,42.7322,-71.007,42.7322,-71.007,0,0,0,0,0,9,0,0,0
662228,2021,7,23,"2021-07-23","15:53:00",3,"MN",27,0,2,0,0,0,0,47.87,-94.44,47.87,-94.44,0,0,0,0,0,7,0,0,0
662229,2021,7,23,"2021-07-23","16:12:00",3,"ME",23,0,1,0,0,0,0,45.16,-67.42,45.16,-67.42,0,0,0,0,0,29,0,0,0
662230,2021,7,23,"2021-07-23","16:15:00",3,"ME",23,0,0.75,0,0,0,0,45.16,-67.41,45.16,-67.41,0,0,0,0,0,29,0,0,0
662231,2021,7,23,"2021-07-23","16:20:00",3,"NM",35,0,1,0,0,0,0,34.81,-106.74,34.81,-106.74,0,0,0,0,0,61,0,0,0
662232,2021,7,23,"2021-07-23","16:47:00",3,"MA",25,0,0.75,0,0,0,0,42.03,-70.95,42.03,-70.95,0,0,0,0,0,23,0,0,0
662233,2021,7,23,"2021-07-23","16:48:00",3,"MA",25,0,0.75,0,0,0,0,42.08,-71.03,42.08,-71.03,0,0,0,0,0,23,0,0,0
662234,2021,7,23,"2021-07-23","16:57:00",3,"MA",25,0,0.88,0,0,0,0,42.08,-70.93,42.08,-70.93,0,0,0,0,0,23,0,0,0
662235,2021,7,23,"2021-07-23","17:10:00",3,"MA",25,0,0.75,0,0,0,0,41.96,-70.68,41.96,-70.68,0,0,0,0,0,23,0,0,0
662236,2021,7,23,"2021-07-23","17:23:00",3,"MN",27,0,1,0,0,0,0,47.47,-94.95,47.47,-94.95,0,0,0,0,0,7,0,0,0
662237,2021,7,23,"2021-07-23","17:25:00",3,"MA",25,0,1,0,0,0,0,42.01,-70.77,42.01,-70.77,0,0,0,0,0,23,0,0,0
662238,2021,7,23,"2021-07-23","17:30:00",3,"MA",25,0,0.75,0,0,0,0,42,-70.71,42,-70.71,0,0,0,0,0,23,0,0,0
662239,2021,7,23,"2021-07-23","17:30:00",3,"MN",27,0,1,0,0,0,0,47.48,-94.88,47.48,-94.88,0,0,0,0,0,7,0,0,0
662240,2021,7,23,"2021-07-23","17:32:00",3,"SD",46,0,1.25,0,0,0,0,45.4099,-102.9063,45.4099,-102.9063,0,0,0,0,0,105,0,0,0
662241,2021,7,23,"2021-07-23","17:33:00",3,"MA",25,0,0.75,0,0,0,0,41.96,-70.68,41.96,-70.68,0,0,0,0,0,23,0,0,0
662242,2021,7,23,"2021-07-23","17:40:00",3,"MA",25,0,1.25,0,0,0,0,42,-70.71,42,-70.71,0,0,0,0,0,23,0,0,0
662243,2021,7,23,"2021-07-23","17:42:00",3,"MN",27,0,1,0,0,0,0,47.44,-94.72,47.44,-94.72,0,0,0,0,0,7,0,0,0
662244,2021,7,23,"2021-07-23","18:30:00",3,"SD",46,0,1,0,0,0,0,45.6984,-102.2826,45.6984,-102.2826,0,0,0,0,0,105,0,0,0
662245,2021,7,23,"2021-07-23","19:20:00",3,"SD",46,0,1,0,0,0,0,45.94,-102.0143,45.94,-102.0143,0,0,0,0,0,105,0,0,0
662246,2021,7,23,"2021-07-23","19:25:00",3,"SD",46,0,1,0,0,0,0,45.89,-102,45.89,-102,0,0,0,0,0,105,0,0,0
662247,2021,7,23,"2021-07-23","23:47:00",3,"MN",27,0,1,0,0,0,0,46.78,-95.8,46.78,-95.8,0,0,0,0,0,5,0,0,0
662248,2021,7,24,"2021-07-24","00:08:00",3,"MN",27,0,1.25,0,0,0,0,46.73,-95.7,46.73,-95.7,0,0,0,0,0,5,0,0,0
662249,2021,7,24,"2021-07-24","16:06:00",3,"UT",49,0,1,0,0,0,0,37.34,-113.69,37.34,-113.69,0,0,0,0,0,53,0,0,0
662250,2021,7,24,"2021-07-24","19:46:00",3,"CO",8,0,1,0,0,0,0,38.13,-108.3,38.13,-108.3,0,0,0,0,0,113,0,0,0
662251,2021,7,25,"2021-07-25","13:10:00",3,"NM",35,0,0.88,0,0,0,0,33.37,-105.64,33.37,-105.64,0,0,0,0,0,27,0,0,0
662252,2021,7,25,"2021-07-25","14:55:00",3,"CO",8,0,0.88,0,0,0,0,38.7768,-102.4247,38.7768,-102.4247,0,0,0,0,0,17,0,0,0
662253,2021,7,25,"2021-07-25","15:13:00",3,"TX",48,0,2,0,0,0,0,35.11,-100.9,35.11,-100.9,0,0,0,0,0,129,0,0,0
662254,2021,7,25,"2021-07-25","15:23:00",3,"TX",48,0,0.88,0,0,0,0,35.18,-100.96,35.18,-100.96,0,0,0,0,0,129,0,0,0
662255,2021,7,25,"2021-07-25","16:21:00",3,"TX",48,0,0.88,0,0,0,0,35.23,-100.58,35.23,-100.58,0,0,0,0,0,179,0,0,0
662256,2021,7,25,"2021-07-25","16:28:00",3,"TX",48,0,0.88,0,0,0,0,35.78,-100.66,35.78,-100.66,0,0,0,0,0,393,0,0,0
662257,2021,7,25,"2021-07-25","16:42:00",3,"SD",46,0,1.75,0,0,0,0,44.39,-100.31,44.39,-100.31,0,0,0,0,0,65,0,0,0
662258,2021,7,25,"2021-07-25","17:20:00",3,"SD",46,0,2.5,0,0,0,0,44.28,-99.91,44.28,-99.91,0,0,0,0,0,65,0,0,0
662259,2021,7,25,"2021-07-25","17:32:00",3,"SD",46,0,1.75,0,0,0,0,44.42,-99.25,44.42,-99.25,0,0,0,0,0,59,0,0,0
662260,2021,7,25,"2021-07-25","17:35:00",3,"SD",46,0,2.5,0,0,0,0,44.91,-99.3,44.91,-99.3,0,0,0,0,0,49,0,0,0
662261,2021,7,25,"2021-07-25","17:46:00",3,"SD",46,0,1,0,0,0,0,44.96,-99.22,44.96,-99.22,0,0,0,0,0,49,0,0,0
662262,2021,7,25,"2021-07-25","18:00:00",3,"CO",8,0,1,0,0,0,0,38.16,-102.31,38.16,-102.31,0,0,0,0,0,99,0,0,0
662263,2021,7,25,"2021-07-25","18:02:00",3,"CO",8,0,1.25,0,0,0,0,38.15,-102.31,38.15,-102.31,0,0,0,0,0,99,0,0,0
662264,2021,7,25,"2021-07-25","18:07:00",3,"SD",46,0,1.5,0,0,0,0,44.77,-99.34,44.77,-99.34,0,0,0,0,0,69,0,0,0
662265,2021,7,25,"2021-07-25","18:18:00",3,"CO",8,0,1,0,0,0,0,38.16,-102.31,38.16,-102.31,0,0,0,0,0,99,0,0,0
662266,2021,7,25,"2021-07-25","18:19:00",3,"SD",46,0,1.5,0,0,0,0,44.42,-98.69,44.42,-98.69,0,0,0,0,0,5,0,0,0
662267,2021,7,25,"2021-07-25","18:29:00",3,"SD",46,0,0.88,0,0,0,0,44.4,-98.51,44.4,-98.51,0,0,0,0,0,5,0,0,0
662268,2021,7,25,"2021-07-25","18:30:00",3,"SD",46,0,0.88,0,0,0,0,44.35,-98.46,44.35,-98.46,0,0,0,0,0,5,0,0,0
662269,2021,7,25,"2021-07-25","18:32:00",3,"SD",46,0,1.25,0,0,0,0,43.5716,-100.5788,43.5716,-100.5788,0,0,0,0,0,95,0,0,0
662270,2021,7,25,"2021-07-25","18:39:00",3,"SD",46,0,1,0,0,0,0,44.62,-99.06,44.62,-99.06,0,0,0,0,0,59,0,0,0
662271,2021,7,25,"2021-07-25","18:40:00",3,"SD",46,0,3,0,0,0,0,45.02,-98.5,45.02,-98.5,0,0,0,0,0,115,0,0,0
662272,2021,7,25,"2021-07-25","19:04:00",3,"SD",46,0,1,0,0,0,0,43.5,-100.6197,43.5,-100.6197,0,0,0,0,0,95,0,0,0
662273,2021,7,25,"2021-07-25","19:07:00",3,"SD",46,0,1.25,0,0,0,0,45.05,-98.1,45.05,-98.1,0,0,0,0,0,115,0,0,0
662274,2021,7,25,"2021-07-25","19:11:00",3,"SD",46,0,1.75,0,0,0,0,45.05,-98.1,45.05,-98.1,0,0,0,0,0,115,0,0,0
662275,2021,7,25,"2021-07-25","20:02:00",3,"SD",46,0,3.75,0,0,0,0,45.09,-97.48,45.09,-97.48,0,0,0,0,0,29,0,0,0
662276,2021,7,25,"2021-07-25","20:07:00",3,"SD",46,0,1,0,0,0,0,45.06,-97.33,45.06,-97.33,0,0,0,0,0,29,0,0,0
662277,2021,7,25,"2021-07-25","20:07:00",3,"SD",46,0,1.25,0,0,0,0,45.12,-97.33,45.12,-97.33,0,0,0,0,0,29,0,0,0
662278,2021,7,25,"2021-07-25","20:50:00",3,"ND",38,0,1,0,0,0,0,46.13,-96.7,46.13,-96.7,0,0,0,0,0,77,0,0,0
662279,2021,7,25,"2021-07-25","20:55:00",3,"ND",38,0,1.25,0,0,0,0,46.06,-96.62,46.06,-96.62,0,0,0,0,0,77,0,0,0
662280,2021,7,25,"2021-07-25","21:00:00",3,"MN",27,0,1,0,0,0,0,45.81,-96.5,45.81,-96.5,0,0,0,0,0,155,0,0,0
662281,2021,7,25,"2021-07-25","21:04:00",3,"MN",27,0,1,0,0,0,0,45.8,-96.47,45.8,-96.47,0,0,0,0,0,155,0,0,0
662282,2021,7,25,"2021-07-25","21:10:00",3,"MN",27,0,1.25,0,0,0,0,46.1,-96.41,46.1,-96.41,0,0,0,0,0,167,0,0,0
662283,2021,7,25,"2021-07-25","21:25:00",3,"ND",38,0,1.75,0,0,0,0,46.27,-97,46.27,-97,0,0,0,0,0,77,0,0,0
662284,2021,7,25,"2021-07-25","21:30:00",3,"MN",27,0,1.75,0,0,0,0,46.09,-96.18,46.09,-96.18,0,0,0,0,0,51,0,0,0
662285,2021,7,25,"2021-07-25","21:40:00",3,"ND",38,0,1.5,0,0,0,0,46.33,-96.81,46.33,-96.81,0,0,0,0,0,77,0,0,0
662286,2021,7,25,"2021-07-25","22:05:00",3,"MN",27,0,1,0,0,0,0,45.81,-96.5,45.81,-96.5,0,0,0,0,0,155,0,0,0
662287,2021,7,25,"2021-07-25","22:10:00",3,"MN",27,0,0.75,0,0,0,0,46.37,-96.64,46.37,-96.64,0,0,0,0,0,167,0,0,0
662288,2021,7,25,"2021-07-25","22:30:00",3,"ND",38,0,1.75,0,0,0,0,46.55,-97.1,46.55,-97.1,0,0,0,0,0,77,0,0,0
662289,2021,7,25,"2021-07-25","22:40:00",3,"ND",38,0,1.25,0,0,0,0,46.62,-97.6,46.62,-97.6,0,0,0,0,0,73,0,0,0
662290,2021,7,26,"2021-07-26","07:30:00",3,"SD",46,0,1,0,0,0,0,45.53,-100.27,45.53,-100.27,0,0,0,0,0,129,0,0,0
662291,2021,7,26,"2021-07-26","12:01:00",3,"VA",51,0,1,0,0,0,0,38.1588,-79.0623,38.1588,-79.0623,0,0,0,0,0,790,0,0,0
662292,2021,7,26,"2021-07-26","12:35:00",3,"VA",51,0,1.5,0,0,0,0,38.0046,-78.8852,38.0046,-78.8852,0,0,0,0,0,15,0,0,0
662293,2021,7,26,"2021-07-26","13:12:00",3,"NM",35,0,0.88,0,0,0,0,36.58,-105.07,36.58,-105.07,0,0,0,0,0,7,0,0,0
662294,2021,7,26,"2021-07-26","13:55:00",3,"WI",55,0,0.75,0,0,0,0,44.45,-89.53,44.45,-89.53,0,0,0,0,0,97,0,0,0
662295,2021,7,26,"2021-07-26","15:05:00",3,"WI",55,0,1.25,0,0,0,0,45.04,-87.75,45.04,-87.75,0,0,0,0,0,75,0,0,0
662296,2021,7,26,"2021-07-26","15:15:00",3,"WI",55,0,0.88,0,0,0,0,45.15,-87.8,45.15,-87.8,0,0,0,0,0,75,0,0,0
662297,2021,7,26,"2021-07-26","16:07:00",3,"MN",27,0,1.25,0,0,0,0,47.88,-95.02,47.88,-95.02,0,0,0,0,0,7,0,0,0
662298,2021,7,26,"2021-07-26","16:15:00",3,"MN",27,0,2.5,0,0,0,0,47.88,-94.91,47.88,-94.91,0,0,0,0,0,7,0,0,0
662299,2021,7,26,"2021-07-26","16:35:00",3,"MN",27,0,1.75,0,0,0,0,47.73,-94.55,47.73,-94.55,0,0,0,0,0,7,0,0,0
662300,2021,7,26,"2021-07-26","16:40:00",3,"MN",27,0,2.75,0,0,0,0,47.66,-94.68,47.66,-94.68,0,0,0,0,0,7,0,0,0
662301,2021,7,26,"2021-07-26","16:45:00",3,"MN",27,0,1.5,0,0,0,0,47.59,-94.72,47.59,-94.72,0,0,0,0,0,7,0,0,0
662302,2021,7,26,"2021-07-26","17:05:00",3,"MN",27,0,2.75,0,0,0,0,47.48,-94.48,47.48,-94.48,0,0,0,0,0,7,0,0,0
662303,2021,7,26,"2021-07-26","17:15:00",3,"MN",27,0,1.5,0,0,0,0,47.41,-94.34,47.41,-94.34,0,0,0,0,0,21,0,0,0
662304,2021,7,26,"2021-07-26","17:34:00",3,"MN",27,0,3,0,0,0,0,47.34,-94.21,47.34,-94.21,0,0,0,0,0,21,0,0,0
662305,2021,7,26,"2021-07-26","17:45:00",3,"ND",38,0,1.25,0,0,0,0,46.78,-99.47,46.78,-99.47,0,0,0,0,0,43,0,0,0
662306,2021,7,26,"2021-07-26","18:05:00",3,"MN",27,0,1.75,0,0,0,0,47.24,-93.42,47.24,-93.42,0,0,0,0,0,61,0,0,0
662307,2021,7,26,"2021-07-26","18:06:00",3,"MN",27,0,1,0,0,0,0,47.26,-93.45,47.26,-93.45,0,0,0,0,0,61,0,0,0
662308,2021,7,26,"2021-07-26","18:13:00",3,"MN",27,0,1,0,0,0,0,47.24,-93.4,47.24,-93.4,0,0,0,0,0,61,0,0,0
662309,2021,7,26,"2021-07-26","18:14:00",3,"MN",27,0,1,0,0,0,0,47.28,-93.44,47.28,-93.44,0,0,0,0,0,61,0,0,0
662310,2021,7,26,"2021-07-26","18:16:00",3,"MN",27,0,1,0,0,0,0,47.17,-93.42,47.17,-93.42,0,0,0,0,0,61,0,0,0
662311,2021,7,26,"2021-07-26","18:20:00",3,"MN",27,0,0.88,0,0,0,0,47.2889,-93.4694,47.2889,-93.4694,0,0,0,0,0,61,0,0,0
662312,2021,7,26,"2021-07-26","18:20:00",3,"MN",27,0,1,0,0,0,0,47.18,-93.39,47.18,-93.39,0,0,0,0,0,61,0,0,0
662313,2021,7,26,"2021-07-26","18:29:00",3,"MD",24,0,1.25,0,0,0,0,38.7907,-76.8922,38.7907,-76.8922,0,0,0,0,0,33,0,0,0
662314,2021,7,26,"2021-07-26","18:51:00",3,"MN",27,0,0.75,0,0,0,0,46.94,-92.52,46.94,-92.52,0,0,0,0,0,137,0,0,0
662315,2021,7,26,"2021-07-26","19:01:00",3,"MN",27,0,0.75,0,0,0,0,46.85,-92.28,46.85,-92.28,0,0,0,0,0,137,0,0,0
662316,2021,7,26,"2021-07-26","19:02:00",3,"MN",27,0,0.88,0,0,0,0,46.85,-92.46,46.85,-92.46,0,0,0,0,0,137,0,0,0
662317,2021,7,26,"2021-07-26","19:10:00",3,"MN",27,0,1,0,0,0,0,46.81,-92.11,46.81,-92.11,0,0,0,0,0,137,0,0,0
662318,2021,7,26,"2021-07-26","19:11:00",3,"MN",27,0,1,0,0,0,0,46.84,-92.18,46.84,-92.18,0,0,0,0,0,137,0,0,0
662319,2021,7,26,"2021-07-26","19:15:00",3,"MN",27,0,0.88,0,0,0,0,46.8086,-92.0826,46.8086,-92.0826,0,0,0,0,0,137,0,0,0
662320,2021,7,26,"2021-07-26","20:12:00",3,"MN",27,0,1,0,0,0,0,47.23,-92.95,47.23,-92.95,0,0,0,0,0,137,0,0,0
662321,2021,7,26,"2021-07-26","21:20:00",3,"WI",55,0,0.75,0,0,0,0,46.16,-89.23,46.16,-89.23,0,0,0,0,0,125,0,0,0
662322,2021,7,26,"2021-07-26","21:57:00",3,"WI",55,0,1.75,0,0,0,0,46.68,-92.01,46.68,-92.01,0,0,0,0,0,31,0,0,0
662323,2021,7,26,"2021-07-26","22:00:00",3,"WI",55,0,3,0,0,0,0,46.58,-91.77,46.58,-91.77,0,0,0,0,0,31,0,0,0
662324,2021,7,26,"2021-07-26","22:00:00",3,"WI",55,0,2.5,0,0,0,0,46.59,-91.75,46.59,-91.75,0,0,0,0,0,31,0,0,0
662325,2021,7,26,"2021-07-26","22:00:00",3,"WI",55,0,2,0,0,0,0,46.72,-92.09,46.72,-92.09,0,0,0,0,0,31,0,0,0
662326,2021,7,26,"2021-07-26","22:10:00",3,"WI",55,0,1.5,0,0,0,0,46.63,-91.83,46.63,-91.83,0,0,0,0,0,31,0,0,0
662327,2021,7,26,"2021-07-26","22:20:00",3,"WI",55,0,3,0,0,0,0,46.58,-91.75,46.58,-91.75,0,0,0,0,0,31,0,0,0
662328,2021,7,26,"2021-07-26","22:30:00",3,"WI",55,0,1,0,0,0,0,46.55,-91.58,46.55,-91.58,0,0,0,0,0,31,0,0,0
662329,2021,7,26,"2021-07-26","22:38:00",3,"WI",55,0,1,0,0,0,0,46.59,-91.72,46.59,-91.72,0,0,0,0,0,31,0,0,0
662330,2021,7,26,"2021-07-26","22:55:00",3,"WI",55,0,1,0,0,0,0,46.26,-91.1,46.26,-91.1,0,0,0,0,0,7,0,0,0
662331,2021,7,26,"2021-07-26","23:00:00",3,"MN",27,0,1,0,0,0,0,47.43,-95.7,47.43,-95.7,0,0,0,0,0,87,0,0,0
662332,2021,7,27,"2021-07-27","00:09:00",3,"WI",55,0,1.25,0,0,0,0,46.01,-91.48,46.01,-91.48,0,0,0,0,0,113,0,0,0
662333,2021,7,27,"2021-07-27","06:12:00",3,"WI",55,0,1,0,0,0,0,44.59,-90.46,44.59,-90.46,0,0,0,0,0,19,0,0,0
662334,2021,7,27,"2021-07-27","06:27:00",3,"MN",27,0,0.75,0,0,0,0,44.04,-91.62,44.04,-91.62,0,0,0,0,0,169,0,0,0
662335,2021,7,27,"2021-07-27","07:17:00",3,"MN",27,0,1.25,0,0,15000,0,43.83,-91.31,43.83,-91.31,0,0,0,0,0,55,0,0,0
662336,2021,7,27,"2021-07-27","07:17:00",3,"MN",27,0,1,0,0,0,0,43.83,-91.33,43.83,-91.33,0,0,0,0,0,55,0,0,0
662337,2021,7,27,"2021-07-27","07:35:00",3,"WI",55,0,1,0,0,0,0,43.77,-91.21,43.77,-91.21,0,0,0,0,0,63,0,0,0
662338,2021,7,27,"2021-07-27","07:40:00",3,"WI",55,0,1,0,0,0,0,43.67,-91.21,43.67,-91.21,0,0,0,0,0,123,0,0,0
662339,2021,7,27,"2021-07-27","07:42:00",3,"WI",55,0,1,0,0,0,0,43.72,-91.17,43.72,-91.17,0,0,0,0,0,123,0,0,0
662340,2021,7,27,"2021-07-27","08:27:00",3,"WI",55,0,1,0,0,0,0,43.4609,-91.1436,43.4609,-91.1436,0,0,0,0,0,123,0,0,0
662341,2021,7,27,"2021-07-27","11:05:00",3,"WI",55,0,2.75,0,0,105000,15000,44.1,-91.19,44.1,-91.19,0,0,0,0,0,121,0,0,0
662342,2021,7,27,"2021-07-27","11:14:00",3,"WI",55,0,1.5,0,0,0,0,44.02,-91.1,44.02,-91.1,0,0,0,0,0,63,0,0,0
662343,2021,7,27,"2021-07-27","14:33:00",3,"WI",55,0,0.88,0,0,0,0,43.59,-91.23,43.59,-91.23,0,0,0,0,0,123,0,0,0
662344,2021,7,27,"2021-07-27","14:47:00",3,"NY",36,0,0.75,0,0,0,0,42.53,-73.8,42.53,-73.8,0,0,0,0,0,1,0,0,0
662345,2021,7,27,"2021-07-27","15:10:00",3,"NC",37,0,1.25,0,0,0,0,36.1391,-81.141,36.1391,-81.141,0,0,0,0,0,193,0,0,0
662346,2021,7,27,"2021-07-27","15:18:00",3,"GA",13,0,1,0,0,0,0,34.0538,-84.2508,34.0538,-84.2508,0,0,0,0,0,121,0,0,0
662347,2021,7,27,"2021-07-27","20:10:00",3,"MN",27,0,1,0,0,0,0,44,-92.23,44,-92.23,0,0,0,0,0,109,0,0,0
662348,2021,7,27,"2021-07-27","21:22:00",3,"MN",27,0,0.88,0,0,0,0,43.69,-92.39,43.69,-92.39,0,0,0,0,0,45,0,0,0
662349,2021,7,27,"2021-07-27","21:54:00",3,"VA",51,0,0.75,0,0,0,0,37.733,-79.0855,37.733,-79.0855,0,0,0,0,0,9,0,0,0
662350,2021,7,27,"2021-07-27","23:47:00",3,"IA",19,0,0.75,0,0,0,0,42.63,-91.86,42.63,-91.86,0,0,0,0,0,19,0,0,0
662351,2021,7,28,"2021-07-28","02:50:00",3,"ND",38,0,1,0,0,0,0,46.49,-96.93,46.49,-96.93,0,0,0,0,0,77,0,0,0
662352,2021,7,28,"2021-07-28","05:52:00",3,"MN",27,0,1,0,0,0,0,46.89,-94.84,46.89,-94.84,0,0,0,0,0,57,0,0,0
662353,2021,7,28,"2021-07-28","06:00:00",3,"MN",27,0,1.5,0,0,0,0,47.5437,-94.8773,47.5437,-94.8773,0,0,0,0,0,7,0,0,0
662354,2021,7,28,"2021-07-28","08:59:00",3,"MN",27,0,1,0,0,0,0,47.78,-94.58,47.78,-94.58,0,0,0,0,0,7,0,0,0
662355,2021,7,28,"2021-07-28","09:23:00",3,"MN",27,0,1,0,0,0,0,47.5152,-94.0436,47.5152,-94.0436,0,0,0,0,0,61,0,0,0
662356,2021,7,28,"2021-07-28","10:30:00",3,"MN",27,0,1,0,0,0,0,49.35,-94.98,49.35,-94.98,0,0,0,0,0,77,0,0,0
662357,2021,7,28,"2021-07-28","11:30:00",3,"WI",55,0,0.75,0,0,0,0,45.12,-92.53,45.12,-92.53,0,0,0,0,0,109,0,0,0
662358,2021,7,28,"2021-07-28","14:58:00",3,"MD",24,0,1.5,0,0,0,0,38.3458,-76.5719,38.3458,-76.5719,0,0,0,0,0,37,0,0,0
662359,2021,7,28,"2021-07-28","15:08:00",3,"TX",48,0,1,0,0,0,0,31.97,-96.08,31.97,-96.08,0,0,0,0,0,161,0,0,0
662360,2021,7,28,"2021-07-28","15:08:00",3,"MD",24,0,1,0,0,0,0,38.3026,-76.5627,38.3026,-76.5627,0,0,0,0,0,37,0,0,0
662361,2021,7,28,"2021-07-28","15:11:00",3,"MD",24,0,1.75,0,0,0,0,38.2779,-76.5026,38.2779,-76.5026,0,0,0,0,0,37,0,0,0
662362,2021,7,28,"2021-07-28","15:15:00",3,"MD",24,0,1,0,0,0,0,38.2329,-76.4824,38.2329,-76.4824,0,0,0,0,0,37,0,0,0
662363,2021,7,28,"2021-07-28","15:55:00",3,"SC",45,0,0.75,0,0,0,0,34.71,-79.96,34.71,-79.96,0,0,0,0,0,25,0,0,0
662364,2021,7,28,"2021-07-28","17:07:00",3,"AZ",4,0,1,0,0,0,0,31.55,-110.24,31.55,-110.24,0,0,0,0,0,3,0,0,0
662365,2021,7,28,"2021-07-28","17:42:00",3,"CO",8,0,1,0,0,0,0,39.04,-108.07,39.04,-108.07,0,0,0,0,0,77,0,0,0
662366,2021,7,28,"2021-07-28","17:42:00",3,"CO",8,0,1,0,0,0,0,39.04,-108.07,39.04,-108.07,0,0,0,0,0,77,0,0,0
662367,2021,7,28,"2021-07-28","19:02:00",3,"MN",27,0,1.25,0,0,0,0,47.44,-94.46,47.44,-94.46,0,0,0,0,0,7,0,0,0
662368,2021,7,28,"2021-07-28","19:25:00",3,"WI",55,0,1,0,0,0,0,45.51,-91.74,45.51,-91.74,0,0,0,0,0,5,0,0,0
662369,2021,7,28,"2021-07-28","19:25:00",3,"MN",27,0,1,0,0,0,0,47.24,-94.22,47.24,-94.22,0,0,0,0,0,21,0,0,0
662370,2021,7,28,"2021-07-28","19:35:00",3,"WI",55,0,1.25,0,0,0,0,45.5,-91.76,45.5,-91.76,0,0,0,0,0,5,0,0,0
662371,2021,7,28,"2021-07-28","19:35:00",3,"MD",24,0,1,0,0,0,0,39.1484,-77.1732,39.1484,-77.1732,0,0,0,0,0,31,0,0,0
662372,2021,7,28,"2021-07-28","19:48:00",3,"MN",27,0,1,0,0,0,0,47.06,-93.91,47.06,-93.91,0,0,0,0,0,21,0,0,0
662373,2021,7,28,"2021-07-28","20:55:00",3,"WI",55,0,1.5,0,0,0,0,45.12,-92.54,45.12,-92.54,0,0,0,0,0,109,0,0,0
662374,2021,7,28,"2021-07-28","20:56:00",3,"WI",55,0,0.75,0,0,0,0,45.08,-92.55,45.08,-92.55,0,0,0,0,0,109,0,0,0
662375,2021,7,28,"2021-07-28","21:15:00",3,"VA",51,0,2,0,0,0,0,37.8088,-78.5013,37.8088,-78.5013,0,0,0,0,0,3,0,0,0
662376,2021,7,29,"2021-07-29","12:59:00",3,"DE",10,0,1,0,0,0,0,38.66,-75.19,38.66,-75.19,0,0,0,0,0,5,0,0,0
662377,2021,7,29,"2021-07-29","13:07:00",3,"OH",39,0,1,0,0,0,0,39.99,-83.01,39.99,-83.01,0,0,0,0,0,49,0,0,0
662378,2021,7,29,"2021-07-29","13:42:00",3,"OH",39,0,1,0,0,0,0,39.86,-82.81,39.86,-82.81,0,0,0,0,0,49,0,0,0
662379,2021,7,29,"2021-07-29","14:39:00",3,"UT",49,0,1.25,0,0,0,0,38.28,-112.6,38.28,-112.6,0,0,0,0,0,1,0,0,0
662380,2021,7,29,"2021-07-29","14:50:00",3,"OH",39,0,1.5,0,0,0,0,39.74,-81.57,39.74,-81.57,0,0,0,0,0,121,0,0,0
662381,2021,7,29,"2021-07-29","14:59:00",3,"OH",39,0,0.75,0,0,0,0,39.73,-81.51,39.73,-81.51,0,0,0,0,0,121,0,0,0
662382,2021,7,29,"2021-07-29","15:00:00",3,"OH",39,0,0.88,0,0,0,0,39.7,-81.5,39.7,-81.5,0,0,0,0,0,121,0,0,0
662383,2021,7,29,"2021-07-29","15:08:00",3,"OH",39,0,1.5,0,0,0,0,39.68,-81.49,39.68,-81.49,0,0,0,0,0,121,0,0,0
662384,2021,7,29,"2021-07-29","15:10:00",3,"WY",56,0,0.75,0,0,0,0,41.3,-106.15,41.3,-106.15,0,0,0,0,0,1,0,0,0
662385,2021,7,29,"2021-07-29","15:25:00",3,"VA",51,0,1.75,0,0,0,0,38.3705,-77.5315,38.3705,-77.5315,0,0,0,0,0,179,0,0,0
662386,2021,7,29,"2021-07-29","15:27:00",3,"VA",51,0,2.25,0,0,0,0,38.3475,-77.5003,38.3475,-77.5003,0,0,0,0,0,179,0,0,0
662387,2021,7,29,"2021-07-29","16:08:00",3,"OH",39,0,1.75,0,0,0,0,39.65,-83.75,39.65,-83.75,0,0,0,0,0,57,0,0,0
662388,2021,7,29,"2021-07-29","16:10:00",3,"NJ",34,0,0.75,0,0,0,0,40.36,-74.83,40.36,-74.83,0,0,0,0,0,21,0,0,0
662389,2021,7,29,"2021-07-29","16:44:00",3,"VA",51,0,1,0,0,0,0,37.83,-77.06,37.83,-77.06,0,0,0,0,0,97,0,0,0
662390,2021,7,29,"2021-07-29","16:46:00",3,"VA",51,0,1.25,0,0,0,0,37.79,-77.07,37.79,-77.07,0,0,0,0,0,97,0,0,0
662391,2021,7,29,"2021-07-29","17:00:00",3,"CO",8,0,1.5,0,0,15000,0,39.99,-107.24,39.99,-107.24,0,0,0,0,0,45,0,0,0
662392,2021,7,29,"2021-07-29","17:19:00",3,"NJ",34,0,1,0,0,0,0,40.05,-74.92,40.05,-74.92,0,0,0,0,0,5,0,0,0
662393,2021,7,29,"2021-07-29","17:19:00",3,"NJ",34,0,1.5,0,0,0,0,40.03,-74.89,40.03,-74.89,0,0,0,0,0,5,0,0,0
662394,2021,7,29,"2021-07-29","17:26:00",3,"NJ",34,0,1,0,0,0,0,40.01,-74.82,40.01,-74.82,0,0,0,0,0,5,0,0,0
662395,2021,7,29,"2021-07-29","17:27:00",3,"NJ",34,0,1.5,0,0,0,0,39.99,-74.82,39.99,-74.82,0,0,0,0,0,5,0,0,0
662396,2021,7,29,"2021-07-29","17:29:00",3,"NJ",34,0,1.25,0,0,0,0,40.02,-74.82,40.02,-74.82,0,0,0,0,0,5,0,0,0
662397,2021,7,29,"2021-07-29","17:30:00",3,"CO",8,0,1,0,0,0,0,40.7,-106.39,40.7,-106.39,0,0,0,0,0,57,0,0,0
662398,2021,7,29,"2021-07-29","17:31:00",3,"NJ",34,0,1.25,0,0,0,0,40,-74.8,40,-74.8,0,0,0,0,0,5,0,0,0
662399,2021,7,30,"2021-07-30","15:54:00",3,"CO",8,0,1,0,0,0,0,40.7,-105,40.7,-105,0,0,0,0,0,69,0,0,0
662400,2021,7,30,"2021-07-30","15:55:00",3,"CO",8,0,1,0,0,0,0,40.72,-104.99,40.72,-104.99,0,0,0,0,0,69,0,0,0
662401,2021,7,30,"2021-07-30","19:28:00",3,"IA",19,0,1.5,0,0,0,0,41.39,-95.36,41.39,-95.36,0,0,0,0,0,155,0,0,0
662402,2021,7,30,"2021-07-30","20:57:00",3,"IA",19,0,1.75,0,0,0,0,41.04,-93.98,41.04,-93.98,0,0,0,0,0,39,0,0,0
662403,2021,7,30,"2021-07-30","21:57:00",3,"MO",29,0,1,0,0,0,0,40.35,-94.87,40.35,-94.87,0,0,0,0,0,147,0,0,0
662404,2021,7,31,"2021-07-31","15:13:00",3,"MO",29,0,1,0,0,0,0,38,-92.72,38,-92.72,0,0,0,0,0,29,0,0,0
662405,2021,7,31,"2021-07-31","15:35:00",3,"CA",6,0,0.5,0,0,1000,0,32.5898,-116.4822,32.5898,-116.4822,0,0,0,0,0,73,0,0,0
662406,2021,7,31,"2021-07-31","16:35:00",3,"WI",55,0,1.25,0,0,0,0,44.96,-90.03,44.96,-90.03,0,0,0,0,0,73,0,0,0
662407,2021,7,31,"2021-07-31","17:00:00",3,"WI",55,0,0.75,0,0,0,0,44.82,-89.61,44.82,-89.61,0,0,0,0,0,73,0,0,0
662408,2021,7,31,"2021-07-31","17:59:00",3,"KS",20,0,2,0,0,0,0,37.58,-98.85,37.58,-98.85,0,0,0,0,0,151,0,0,0
662409,2021,7,31,"2021-07-31","18:13:00",3,"KS",20,0,1,0,0,0,0,37.63,-98.94,37.63,-98.94,0,0,0,0,0,151,0,0,0
662410,2021,7,31,"2021-07-31","19:55:00",3,"MO",29,0,0.75,0,0,0,0,37.49,-94.15,37.49,-94.15,0,0,0,0,0,11,0,0,0
661648,2021,7,1,"2021-07-01","11:48:00",3,"MD",24,0,1,0,0,0,0,39.0912,-77.101,39.0912,-77.101,0,0,0,0,0,31,0,0,0
661649,2021,7,1,"2021-07-01","11:50:00",3,"MD",24,0,1,0,0,0,0,39.0445,-77.0438,39.0445,-77.0438,0,0,0,0,0,31,0,0,0
661650,2021,7,1,"2021-07-01","12:17:00",3,"MD",24,0,1,0,0,0,0,39.257,-77.2205,39.257,-77.2205,0,0,0,0,0,31,0,0,0
661651,2021,7,1,"2021-07-01","12:21:00",3,"MD",24,0,1,0,0,0,0,39,-76.7746,39,-76.7746,0,0,0,0,0,33,0,0,0
661652,2021,7,1,"2021-07-01","12:23:00",3,"MD",24,0,1,0,0,0,0,38.9755,-76.784,38.9755,-76.784,0,0,0,0,0,33,0,0,0
661653,2021,7,1,"2021-07-01","12:27:00",3,"MD",24,0,1.75,0,0,0,0,38.9868,-76.7504,38.9868,-76.7504,0,0,0,0,0,33,0,0,0
661654,2021,7,1,"2021-07-01","12:29:00",3,"MD",24,0,1,0,0,0,0,38.9814,-76.7334,38.9814,-76.7334,0,0,0,0,0,33,0,0,0
661655,2021,7,1,"2021-07-01","12:33:00",3,"MD",24,0,1.5,0,0,0,0,39.0026,-76.6868,39.0026,-76.6868,0,0,0,0,0,3,0,0,0
661656,2021,7,1,"2021-07-01","12:40:00",3,"MD",24,0,1,0,0,0,0,38.9978,-76.677,38.9978,-76.677,0,0,0,0,0,33,0,0,0
661657,2021,7,1,"2021-07-01","13:39:00",3,"CO",8,0,1.25,0,0,0,0,40.41,-104.82,40.41,-104.82,0,0,0,0,0,123,0,0,0
661658,2021,7,1,"2021-07-01","14:02:00",3,"CO",8,0,1,0,0,0,0,40.42,-104.74,40.42,-104.74,0,0,0,0,0,123,0,0,0
661659,2021,7,1,"2021-07-01","14:30:00",3,"CO",8,0,1,0,0,0,0,38.82,-104.39,38.82,-104.39,0,0,0,0,0,41,0,0,0
661660,2021,7,1,"2021-07-01","16:45:00",3,"CO",8,0,2.75,0,0,0,0,38.27,-104.34,38.27,-104.34,0,0,0,0,0,101,0,0,0
661661,2021,7,2,"2021-07-02","13:51:00",3,"NY",36,0,0.88,0,0,0,0,42.5,-74.93,42.5,-74.93,0,0,0,0,0,77,0,0,0
661662,2021,7,2,"2021-07-02","14:02:00",3,"NY",36,0,1,0,0,0,0,42.53,-74.88,42.53,-74.88,0,0,0,0,0,77,0,0,0
661663,2021,7,2,"2021-07-02","15:44:00",3,"PA",42,0,1.25,0,0,0,0,41.88,-76.61,41.88,-76.61,0,0,0,0,0,15,0,0,0
661664,2021,7,2,"2021-07-02","15:47:00",3,"NY",36,0,1.25,0,0,0,0,41.32,-74.19,41.32,-74.19,0,0,0,0,0,71,0,0,0
661665,2021,7,2,"2021-07-02","17:07:00",3,"WY",56,0,1,0,0,0,0,44.1669,-104.5914,44.1669,-104.5914,0,0,0,0,0,45,0,0,0
661666,2021,7,2,"2021-07-02","17:12:00",3,"WY",56,0,1,0,0,0,0,44.19,-104.56,44.19,-104.56,0,0,0,0,0,11,0,0,0
661667,2021,7,2,"2021-07-02","18:50:00",3,"CO",8,0,1.25,0,0,0,0,39.96,-104.8,39.96,-104.8,0,0,0,0,0,1,0,0,0
661668,2021,7,2,"2021-07-02","18:53:00",3,"CO",8,0,1,0,0,0,0,39.98,-104.83,39.98,-104.83,0,0,0,0,0,1,0,0,0
661669,2021,7,2,"2021-07-02","18:55:00",3,"CO",8,0,1.75,0,0,0,0,39.99,-104.8,39.99,-104.8,0,0,0,0,0,1,0,0,0
661670,2021,7,2,"2021-07-02","19:25:00",3,"WY",56,0,2,0,0,0,0,42.52,-104.53,42.52,-104.53,0,0,0,0,0,15,0,0,0
661671,2021,7,2,"2021-07-02","19:30:00",3,"TX",48,0,1,0,0,0,0,31.85,-103.08,31.85,-103.08,0,0,0,0,0,495,0,0,0
661672,2021,7,2,"2021-07-02","19:50:00",3,"WY",56,0,1,0,0,0,0,42.49,-104.36,42.49,-104.36,0,0,0,0,0,15,0,0,0
661673,2021,7,3,"2021-07-03","12:46:00",3,"SD",46,0,1,0,0,0,0,44.1499,-103.4768,44.1499,-103.4768,0,0,0,0,0,81,0,0,0
661674,2021,7,3,"2021-07-03","13:39:00",3,"SD",46,0,0.75,0,0,0,0,43.7031,-103.6383,43.7031,-103.6383,0,0,0,0,0,33,0,0,0
661675,2021,7,3,"2021-07-03","13:56:00",3,"SD",46,0,1,0,0,0,0,43.7031,-103.6383,43.7031,-103.6383,0,0,0,0,0,33,0,0,0
661676,2021,7,3,"2021-07-03","14:15:00",3,"SD",46,0,1,0,0,0,0,43.639,-103.59,43.639,-103.59,0,0,0,0,0,33,0,0,0
661677,2021,7,3,"2021-07-03","14:55:00",3,"ND",38,0,1,0,0,0,0,48.11,-98.87,48.11,-98.87,0,0,0,0,0,71,0,0,0
661678,2021,7,3,"2021-07-03","15:20:00",3,"WY",56,0,1,0,0,0,0,41.95,-104.1,41.95,-104.1,0,0,0,0,0,15,0,0,0
661679,2021,7,3,"2021-07-03","16:30:00",3,"NE",31,0,1,0,0,0,0,41.26,-103.26,41.26,-103.26,0,0,0,0,0,33,0,0,0
661680,2021,7,3,"2021-07-03","17:06:00",3,"CO",8,0,1.25,0,0,0,0,40.89,-102.81,40.89,-102.81,0,0,0,0,0,75,0,0,0
661681,2021,7,3,"2021-07-03","17:17:00",3,"CO",8,0,1.5,0,0,0,0,40.68,-102.84,40.68,-102.84,0,0,0,0,0,75,0,0,0
661682,2021,7,3,"2021-07-03","17:20:00",3,"ND",38,0,1.5,0,0,0,20000,46.5446,-99.5464,46.5446,-99.5464,0,0,0,0,0,47,0,0,0
661683,2021,7,3,"2021-07-03","17:30:00",3,"SD",46,0,1,0,0,0,0,44.08,-101.01,44.08,-101.01,0,0,0,0,0,75,0,0,0
661684,2021,7,3,"2021-07-03","17:39:00",3,"ND",38,0,1,0,0,0,0,46.9,-99.38,46.9,-99.38,0,0,0,0,0,93,0,0,0
661685,2021,7,3,"2021-07-03","17:40:00",3,"SD",46,0,1,0,0,0,0,45.36,-100.4,45.36,-100.4,0,0,0,0,0,41,0,0,0
661686,2021,7,3,"2021-07-03","17:50:00",3,"SD",46,0,0.88,0,0,0,0,43.93,-100.96,43.93,-100.96,0,0,0,0,0,75,0,0,0
661687,2021,7,3,"2021-07-03","18:00:00",3,"ND",38,0,1.25,0,0,0,0,46.54,-99.35,46.54,-99.35,0,0,0,0,0,47,0,0,0
661688,2021,7,3,"2021-07-03","18:05:00",3,"ND",38,0,1,0,0,0,0,47.68,-99.14,47.68,-99.14,0,0,0,0,0,27,0,0,0
661689,2021,7,3,"2021-07-03","18:20:00",3,"CO",8,0,1,0,0,0,0,39.11,-104.69,39.11,-104.69,0,0,0,0,0,41,0,0,0
661690,2021,7,3,"2021-07-03","18:25:00",3,"NE",31,0,1.75,0,0,0,0,42.86,-101.89,42.86,-101.89,0,0,0,0,0,31,0,0,0
661691,2021,7,3,"2021-07-03","18:45:00",3,"SD",46,0,2,0,0,0,0,43.17,-101.57,43.17,-101.57,0,0,0,0,0,7,0,0,0
661692,2021,7,3,"2021-07-03","19:14:00",3,"ND",38,0,1.25,0,0,0,0,47.6,-98.73,47.6,-98.73,0,0,0,0,0,27,0,0,0
661693,2021,7,4,"2021-07-04","14:04:00",3,"NE",31,0,0.88,0,0,0,0,41.87,-103.66,41.87,-103.66,0,0,0,0,0,157,0,0,0
661694,2021,7,4,"2021-07-04","14:26:00",3,"WY",56,0,1,0,0,0,0,41.95,-104.11,41.95,-104.11,0,0,0,0,0,15,0,0,0
661695,2021,7,4,"2021-07-04","14:26:00",3,"NE",31,0,1,0,0,0,0,41.86,-103.65,41.86,-103.65,0,0,0,0,0,157,0,0,0
661696,2021,7,4,"2021-07-04","14:46:00",3,"CO",8,0,0.88,0,0,0,0,39.55,-104.92,39.55,-104.92,0,0,0,0,0,35,0,0,0
661697,2021,7,4,"2021-07-04","15:16:00",3,"CO",8,0,0.75,0,0,0,0,39.55,-104.78,39.55,-104.78,0,0,0,0,0,35,0,0,0
661698,2021,7,4,"2021-07-04","15:26:00",3,"NE",31,0,1,0,0,0,0,42.02,-104.02,42.02,-104.02,0,0,0,0,0,165,0,0,0
661699,2021,7,4,"2021-07-04","15:30:00",3,"KS",20,0,1,0,0,0,0,39.1718,-100.2978,39.1718,-100.2978,0,0,0,0,0,179,0,0,0
661700,2021,7,4,"2021-07-04","15:35:00",3,"KS",20,0,1.75,0,0,0,0,37.92,-100.35,37.92,-100.35,0,0,0,0,0,69,0,0,0
661701,2021,7,4,"2021-07-04","15:46:00",3,"TX",48,0,1.25,0,0,0,0,35.85,-101.95,35.85,-101.95,0,0,0,0,0,341,0,0,0
661702,2021,7,4,"2021-07-04","15:55:00",3,"TX",48,0,2,0,0,0,0,36.08,-102.51,36.08,-102.51,0,0,0,0,0,111,0,0,0
661703,2021,7,4,"2021-07-04","15:58:00",3,"KS",20,0,0.88,0,0,0,0,39.0859,-100.3533,39.0859,-100.3533,0,0,0,0,0,63,0,0,0
661704,2021,7,4,"2021-07-04","16:00:00",3,"KS",20,0,1.5,0,0,0,0,37.83,-100.46,37.83,-100.46,0,0,0,0,0,69,0,0,0
661705,2021,7,4,"2021-07-04","16:20:00",3,"NM",35,0,0.88,0,0,0,0,36.07,-104.54,36.07,-104.54,0,0,0,0,0,33,0,0,0
661706,2021,7,4,"2021-07-04","16:24:00",3,"KS",20,0,1.25,0,0,0,0,38.23,-99.64,38.23,-99.64,0,0,0,0,0,83,0,0,0
661707,2021,7,4,"2021-07-04","16:43:00",3,"TX",48,0,1.5,0,0,0,0,36.06,-102.44,36.06,-102.44,0,0,0,0,0,111,0,0,0
661708,2021,7,4,"2021-07-04","16:50:00",3,"TX",48,0,1.75,0,0,0,0,35.99,-102.6,35.99,-102.6,0,0,0,0,0,205,0,0,0
661709,2021,7,4,"2021-07-04","17:20:00",3,"CO",8,0,1,0,0,0,0,38.19,-103.93,38.19,-103.93,0,0,0,0,0,25,0,0,0
661710,2021,7,4,"2021-07-04","17:23:00",3,"TX",48,0,2,0,0,1000,0,35.94,-102.67,35.94,-102.67,0,0,0,0,0,205,0,0,0
661711,2021,7,4,"2021-07-04","18:30:00",3,"MT",30,0,0.75,0,0,0,0,45.7288,-111.1067,45.7288,-111.1067,0,0,0,0,0,31,0,0,0
661712,2021,7,4,"2021-07-04","19:05:00",3,"KS",20,0,0.75,0,0,10,0,38.2793,-101.2906,38.2793,-101.2906,0,0,0,0,0,203,0,0,0
661713,2021,7,4,"2021-07-04","19:10:00",3,"TX",48,0,1.25,0,0,0,0,35.27,-102.68,35.27,-102.68,0,0,0,0,0,359,0,0,0
661714,2021,7,4,"2021-07-04","19:32:00",3,"KS",20,0,1,0,0,0,0,37.06,-101.79,37.06,-101.79,0,0,0,0,0,129,0,0,0
661715,2021,7,4,"2021-07-04","19:40:00",3,"KS",20,0,1.75,0,0,0,0,38.47,-101.75,38.47,-101.76,0,0,0,0,0,71,0,0,0
661716,2021,7,4,"2021-07-04","19:55:00",3,"KS",20,0,1,0,0,0,0,37.93,-101.52,37.93,-101.52,0,0,0,0,0,93,0,0,0
661717,2021,7,5,"2021-07-05","11:15:00",3,"SD",46,0,1.75,0,0,0,0,44.49,-100.66,44.49,-100.66,0,0,0,0,0,117,0,0,0
661718,2021,7,5,"2021-07-05","14:19:00",3,"SD",46,0,1,0,0,0,7000,43.65,-99.32,43.65,-99.32,0,0,0,0,0,15,0,0,0
661719,2021,7,5,"2021-07-05","15:27:00",3,"WY",56,0,0.88,0,0,0,0,41.9,-105.24,41.9,-105.24,0,0,0,0,0,31,0,0,0
661720,2021,7,5,"2021-07-05","16:08:00",3,"SD",46,0,1,0,0,0,0,43.32,-97.57,43.32,-97.57,0,0,0,0,0,67,0,0,0
661721,2021,7,5,"2021-07-05","17:13:00",3,"SD",46,0,1,0,0,0,0,45.68,-102.89,45.68,-102.89,0,0,0,0,0,105,0,0,0
661722,2021,7,6,"2021-07-06","13:09:00",3,"NE",31,0,0.88,0,0,0,0,40.5689,-99.6948,40.5689,-99.6948,0,0,0,0,0,73,0,0,0
661723,2021,7,6,"2021-07-06","13:45:00",3,"KY",21,0,1,0,0,0,0,38.04,-84.9,38.04,-84.9,0,0,0,0,0,5,0,0,0
661724,2021,7,6,"2021-07-06","14:39:00",3,"PA",42,0,1.25,0,0,0,0,40.28,-76.65,40.28,-76.65,0,0,0,0,0,43,0,0,0
661725,2021,7,6,"2021-07-06","15:10:00",3,"PA",42,0,1,0,0,0,0,40.94,-75.44,40.94,-75.44,0,0,0,0,0,89,0,0,0
661726,2021,7,6,"2021-07-06","15:16:00",3,"PA",42,0,1,0,0,0,0,40.16,-75.41,40.16,-75.41,0,0,0,0,0,91,0,0,0
661727,2021,7,6,"2021-07-06","15:25:00",3,"PA",42,0,0.75,0,0,0,0,40.15,-75.32,40.15,-75.32,0,0,0,0,0,91,0,0,0
661728,2021,7,6,"2021-07-06","15:36:00",3,"WV",54,0,1,0,0,0,0,38.6202,-79.3897,38.6202,-79.3897,0,0,0,0,0,71,0,0,0
661729,2021,7,6,"2021-07-06","15:38:00",3,"NJ",34,0,1,0,0,0,0,40.95,-74.8,40.95,-74.8,0,0,0,0,0,37,0,0,0
661730,2021,7,6,"2021-07-06","15:50:00",3,"PA",42,0,1,0,0,0,0,40.79,-75.53,40.79,-75.53,0,0,0,0,0,95,0,0,0
661731,2021,7,6,"2021-07-06","15:54:00",3,"PA",42,0,1,0,0,0,0,40.01,-75.29,40.01,-75.29,0,0,0,0,0,91,0,0,0
661732,2021,7,6,"2021-07-06","16:00:00",3,"PA",42,0,1,0,0,0,0,40.13,-75.49,40.13,-75.49,0,0,0,0,0,91,0,0,0
661733,2021,7,6,"2021-07-06","16:00:00",3,"PA",42,0,0.88,0,0,0,0,40.13,-75.51,40.13,-75.51,0,0,0,0,0,29,0,0,0
661734,2021,7,6,"2021-07-06","16:06:00",3,"PA",42,0,1,0,0,0,0,40,-75.27,40,-75.27,0,0,0,0,0,91,0,0,0
661735,2021,7,6,"2021-07-06","16:17:00",3,"PA",42,0,0.75,0,0,0,0,40.63,-75.47,40.63,-75.47,0,0,0,0,0,77,0,0,0
661736,2021,7,6,"2021-07-06","16:20:00",3,"PA",42,0,0.75,0,0,0,0,40.63,-75.38,40.63,-75.38,0,0,0,0,0,95,0,0,0
661737,2021,7,6,"2021-07-06","16:29:00",3,"MT",30,0,0.88,0,0,0,0,46.3,-108.94,46.3,-108.94,0,0,0,0,0,37,0,0,0
661738,2021,7,6,"2021-07-06","16:33:00",3,"MT",30,0,1.25,0,0,0,0,46.26,-108.92,46.26,-108.92,0,0,0,0,0,37,0,0,0
661739,2021,7,6,"2021-07-06","16:37:00",3,"VA",51,0,1,0,0,0,0,38.7687,-78.9905,38.7687,-78.9905,0,0,0,0,0,165,0,0,0
661740,2021,7,6,"2021-07-06","17:00:00",3,"NM",35,0,0.88,0,0,0,0,35.2,-103.69,35.2,-103.69,0,0,0,0,0,37,0,0,0
661741,2021,7,6,"2021-07-06","17:00:00",3,"NM",35,0,1,0,0,0,0,35.03,-104.41,35.03,-104.41,0,0,0,0,0,19,0,0,0
661742,2021,7,6,"2021-07-06","17:21:00",3,"MT",30,0,1,0,0,0,0,48.7,-112.25,48.7,-112.25,0,0,0,0,0,35,0,0,0
661743,2021,7,6,"2021-07-06","17:30:00",3,"MT",30,0,1.75,0,0,0,0,48.71,-112.36,48.71,-112.36,0,0,0,0,0,35,0,0,0
661744,2021,7,6,"2021-07-06","17:33:00",3,"MT",30,0,1,0,0,0,0,45.98,-108.41,45.98,-108.41,0,0,0,0,0,111,0,0,0
661745,2021,7,6,"2021-07-06","17:43:00",3,"MT",30,0,1,0,0,0,0,45.94,-108.35,45.94,-108.35,0,0,0,0,0,111,0,0,0
661746,2021,7,6,"2021-07-06","17:45:00",3,"MT",30,0,1,0,0,0,0,46.49,-107.77,46.49,-107.77,0,0,0,0,0,111,0,0,0
661747,2021,7,6,"2021-07-06","17:46:00",3,"MT",30,0,1.75,0,0,0,0,48.1538,-108.8078,48.1538,-108.8078,0,0,0,0,0,5,0,0,0
661748,2021,7,6,"2021-07-06","17:56:00",3,"MT",30,0,1,0,0,0,0,45.88,-108.31,45.88,-108.31,0,0,0,0,0,111,0,0,0
661749,2021,7,6,"2021-07-06","18:05:00",3,"SD",46,0,0.88,0,0,0,0,45.029,-102.88,45.029,-102.88,0,0,0,0,0,93,0,0,0
661750,2021,7,6,"2021-07-06","18:15:00",3,"MT",30,0,1.25,0,0,0,0,48.0335,-108.7331,48.0335,-108.7331,0,0,0,0,0,5,0,0,0
661751,2021,7,6,"2021-07-06","18:38:00",3,"MT",30,0,1.75,0,0,0,0,46.19,-107.44,46.19,-107.44,0,0,0,0,0,103,0,0,0
661752,2021,7,6,"2021-07-06","18:59:00",3,"NJ",34,0,0.88,0,0,0,0,40.53,-74.37,40.53,-74.37,0,0,0,0,0,23,0,0,0
661753,2021,7,6,"2021-07-06","19:00:00",3,"MT",30,0,1.75,0,0,0,0,46.04,-107.34,46.04,-107.34,0,0,0,0,0,103,0,0,0
661754,2021,7,6,"2021-07-06","19:05:00",3,"NJ",34,0,0.88,0,0,0,0,40.46,-74.32,40.46,-74.32,0,0,0,0,0,23,0,0,0
661755,2021,7,6,"2021-07-06","19:25:00",3,"MT",30,0,1,0,0,0,0,45.93,-107.05,45.93,-107.05,0,0,0,0,0,103,0,0,0
661756,2021,7,6,"2021-07-06","19:31:00",3,"NJ",34,0,1,0,0,0,0,40.37,-74.83,40.37,-74.83,0,0,0,0,0,21,0,0,0
661757,2021,7,6,"2021-07-06","19:35:00",3,"MT",30,0,1,0,0,0,0,45.84,-107.16,45.84,-107.16,0,0,0,0,0,3,0,0,0
661758,2021,7,6,"2021-07-06","19:45:00",3,"MT",30,0,1.75,0,0,0,0,45.73,-107.11,45.73,-107.11,0,0,0,0,0,3,0,0,0
661759,2021,7,6,"2021-07-06","20:00:00",3,"SD",46,0,1,0,0,0,0,45.4,-103.83,45.4,-103.83,0,0,0,0,0,63,0,0,0
661760,2021,7,6,"2021-07-06","20:00:00",3,"SD",46,0,1,0,0,0,0,45.3599,-103.8063,45.3599,-103.8063,0,0,0,0,0,63,0,0,0
661761,2021,7,6,"2021-07-06","20:35:00",3,"MT",30,0,1,0,0,0,0,45.53,-106.77,45.53,-106.77,0,0,0,0,0,3,0,0,0
661762,2021,7,6,"2021-07-06","21:00:00",3,"MT",30,0,1,0,0,0,0,45.19,-106.36,45.19,-106.36,0,0,0,0,0,87,0,0,0
661763,2021,7,6,"2021-07-06","21:01:00",3,"WY",56,0,0.75,0,0,0,0,44.91,-107.17,44.91,-107.17,0,0,0,0,0,33,0,0,0
661764,2021,7,6,"2021-07-06","21:05:00",3,"WY",56,0,1.25,0,0,0,0,44.91,-107.16,44.91,-107.16,0,0,0,0,0,33,0,0,0
661765,2021,7,6,"2021-07-06","21:07:00",3,"WY",56,0,1,0,0,0,0,44.91,-107.16,44.91,-107.16,0,0,0,0,0,33,0,0,0
661766,2021,7,6,"2021-07-06","21:16:00",3,"MT",30,0,1,0,0,0,0,46.93,-107.34,46.93,-107.34,0,0,0,0,0,33,0,0,0
661767,2021,7,7,"2021-07-07","13:15:00",3,"PA",42,0,0.75,0,0,0,0,40.33,-80.05,40.33,-80.05,0,0,0,0,0,3,0,0,0
661768,2021,7,7,"2021-07-07","13:19:00",3,"PA",42,0,0.75,0,0,0,0,40.29,-80.11,40.29,-80.11,0,0,0,0,0,125,0,0,0
661769,2021,7,7,"2021-07-07","13:49:00",3,"PA",42,0,1,0,0,0,0,40.63,-79.6,40.63,-79.6,0,0,0,0,0,5,0,0,0
661770,2021,7,7,"2021-07-07","13:54:00",3,"PA",42,0,0.75,0,0,0,0,40.52,-79.96,40.52,-79.96,0,0,0,0,0,3,0,0,0
661771,2021,7,7,"2021-07-07","14:35:00",3,"PA",42,0,0.75,0,0,0,0,40.99,-80.31,40.99,-80.31,0,0,0,0,0,73,0,0,0
661772,2021,7,7,"2021-07-07","14:38:00",3,"NH",33,0,1.25,0,0,0,0,42.74,-71.33,42.74,-71.33,0,0,0,0,0,11,0,0,0
661773,2021,7,7,"2021-07-07","14:40:00",3,"NH",33,0,1,0,0,0,0,42.74,-71.27,42.74,-71.27,0,0,0,0,0,11,0,0,0
661774,2021,7,7,"2021-07-07","14:42:00",3,"PA",42,0,0.75,0,0,0,0,41.03,-80.29,41.03,-80.29,0,0,0,0,0,73,0,0,0
661775,2021,7,7,"2021-07-07","14:47:00",3,"MA",25,0,1,0,0,0,0,42.72,-71.18,42.72,-71.18,0,0,0,0,0,9,0,0,0
661776,2021,7,7,"2021-07-07","14:55:00",3,"MT",30,0,1,0,0,0,0,47.0266,-109.42,47.0266,-109.42,0,0,0,0,0,27,0,0,0
661777,2021,7,7,"2021-07-07","15:40:00",3,"NY",36,0,1,0,0,0,0,42.46,-75.07,42.46,-75.07,0,0,0,0,0,77,0,0,0
661778,2021,7,7,"2021-07-07","15:47:00",3,"NY",36,0,0.88,0,0,0,0,42.47,-75.02,42.47,-75.02,0,0,0,0,0,77,0,0,0
661779,2021,7,7,"2021-07-07","15:55:00",3,"PA",42,0,1,0,0,0,0,41.8592,-78.5967,41.8592,-78.5967,0,0,0,0,0,83,0,0,0
661780,2021,7,7,"2021-07-07","16:30:00",3,"PA",42,0,1,0,0,0,0,41.8815,-78.4001,41.8815,-78.4001,0,0,0,0,0,83,0,0,0
661781,2021,7,7,"2021-07-07","16:41:00",3,"WY",56,0,1,0,0,0,0,42.41,-104.17,42.41,-104.17,0,0,0,0,0,15,0,0,0
661782,2021,7,7,"2021-07-07","17:10:00",3,"VA",51,0,1,0,0,0,0,38.77,-78.4113,38.77,-78.4113,0,0,0,0,0,139,0,0,0
661783,2021,7,7,"2021-07-07","17:50:00",3,"MA",25,0,1,0,0,0,0,42.21,-70.95,42.21,-70.95,0,0,0,0,0,21,0,0,0
661784,2021,7,7,"2021-07-07","19:33:00",3,"PA",42,0,1,0,0,0,0,41.01,-76.07,41.01,-76.07,0,0,0,0,0,79,0,0,0
661785,2021,7,7,"2021-07-07","19:55:00",3,"NY",36,0,1,0,0,0,0,42.1,-76.08,42.1,-76.08,0,0,0,0,0,7,0,0,0
661786,2021,7,8,"2021-07-08","11:41:00",3,"NJ",34,0,1,0,0,0,0,41,-74.1,41,-74.1,0,0,0,0,0,3,0,0,0
661787,2021,7,8,"2021-07-08","11:45:00",3,"NJ",34,0,1,0,0,0,0,40.98,-74.11,40.98,-74.11,0,0,0,0,0,3,0,0,0
661788,2021,7,8,"2021-07-08","11:50:00",3,"NJ",34,0,1.5,0,0,0,0,41.02,-74.05,41.02,-74.05,0,0,0,0,0,3,0,0,0
661789,2021,7,8,"2021-07-08","11:52:00",3,"NJ",34,0,2.5,0,0,0,0,41,-74.06,41,-74.06,0,0,0,0,0,3,0,0,0
661790,2021,7,8,"2021-07-08","11:53:00",3,"NJ",34,0,2.5,0,0,0,0,41.01,-74.04,41.01,-74.04,0,0,0,0,0,3,0,0,0
661791,2021,7,8,"2021-07-08","11:55:00",3,"NJ",34,0,1.25,0,0,0,0,40.99,-74.06,40.99,-74.06,0,0,0,0,0,3,0,0,0
661792,2021,7,8,"2021-07-08","11:56:00",3,"NJ",34,0,1,0,0,0,0,40.99,-74.03,40.99,-74.03,0,0,0,0,0,3,0,0,0
661793,2021,7,8,"2021-07-08","12:00:00",3,"NJ",34,0,1.75,0,0,0,0,40.98,-74.04,40.98,-74.04,0,0,0,0,0,3,0,0,0
661794,2021,7,8,"2021-07-08","12:00:00",3,"NJ",34,0,2,0,0,0,0,40.99,-74.03,40.99,-74.03,0,0,0,0,0,3,0,0,0
661795,2021,7,8,"2021-07-08","12:45:00",3,"MT",30,0,1.25,0,0,0,0,47.82,-107.91,47.82,-107.91,0,0,0,0,0,71,0,0,0
661796,2021,7,8,"2021-07-08","13:36:00",3,"MT",30,0,1.5,0,0,0,0,48.93,-105.8,48.93,-105.8,0,0,0,0,0,19,0,0,0
661797,2021,7,8,"2021-07-08","13:40:00",3,"MT",30,0,1,0,0,0,0,48.92,-105.78,48.92,-105.78,0,0,0,0,0,19,0,0,0
661798,2021,7,8,"2021-07-08","14:10:00",3,"MT",30,0,1,0,0,0,0,48.73,-107.36,48.73,-107.36,0,0,0,0,0,71,0,0,0
661799,2021,7,8,"2021-07-08","14:25:00",3,"IN",18,0,0.75,0,0,0,0,38.99,-85.65,38.99,-85.65,0,0,0,0,0,79,0,0,0
661800,2021,7,8,"2021-07-08","14:26:00",3,"MT",30,0,1,0,0,0,0,48.47,-107.35,48.47,-107.35,0,0,0,0,0,71,0,0,0
661801,2021,7,8,"2021-07-08","14:26:00",3,"MT",30,0,1,0,0,0,0,48.46,-107.39,48.46,-107.39,0,0,0,0,0,71,0,0,0
661802,2021,7,8,"2021-07-08","14:27:00",3,"MT",30,0,1,0,0,0,0,48.71,-107.24,48.71,-107.24,0,0,0,0,0,71,0,0,0
661803,2021,7,8,"2021-07-08","14:29:00",3,"MT",30,0,1.5,0,0,0,0,48.46,-107.34,48.46,-107.34,0,0,0,0,0,71,0,0,0
661804,2021,7,8,"2021-07-08","14:30:00",3,"MT",30,0,1,0,0,0,0,48.64,-104.97,48.64,-104.97,0,0,0,0,0,91,0,0,0
661805,2021,7,8,"2021-07-08","14:58:00",3,"PA",42,0,1,0,0,0,0,40.48,-75.5,40.48,-75.5,0,0,0,0,0,77,0,0,0
661806,2021,7,8,"2021-07-08","15:53:00",3,"MT",30,0,1,0,0,0,0,48.37,-104.54,48.37,-104.54,0,0,0,0,0,85,0,0,0
661807,2021,7,8,"2021-07-08","16:23:00",3,"SD",46,0,1.75,0,0,0,0,44.77,-103.53,44.77,-103.53,0,0,0,0,0,19,0,0,0
661808,2021,7,8,"2021-07-08","16:34:00",3,"SD",46,0,1.75,0,0,0,0,44.6998,-103.4344,44.6998,-103.4344,0,0,0,0,0,19,0,0,0
661809,2021,7,8,"2021-07-08","16:34:00",3,"SD",46,0,2.5,0,0,0,0,44.71,-103.42,44.71,-103.42,0,0,0,0,0,19,0,0,0
661810,2021,7,8,"2021-07-08","16:52:00",3,"ND",38,0,1.25,0,0,0,0,46.62,-103.61,46.62,-103.61,0,0,0,0,0,87,0,0,0
661811,2021,7,8,"2021-07-08","17:11:00",3,"ND",38,0,1.75,0,0,0,0,46.48,-103.37,46.48,-103.37,0,0,0,0,0,87,0,0,0
661812,2021,7,8,"2021-07-08","17:14:00",3,"MT",30,0,1.5,0,0,0,0,47.85,-104.05,47.85,-104.05,0,0,0,0,0,83,0,0,0
661813,2021,7,8,"2021-07-08","17:15:00",3,"MT",30,0,1.5,0,0,0,0,47.85,-104.05,47.85,-104.05,0,0,0,0,0,83,0,0,0
661814,2021,7,8,"2021-07-08","17:15:00",3,"MT",30,0,1.75,0,0,0,0,47.81,-104.05,47.81,-104.05,0,0,0,0,0,83,0,0,0
661815,2021,7,8,"2021-07-08","17:16:00",3,"MT",30,0,1.75,0,0,0,0,47.82,-104.05,47.82,-104.05,0,0,0,0,0,83,0,0,0
661816,2021,7,8,"2021-07-08","17:17:00",3,"ND",38,0,1.75,0,0,0,0,46.46,-103.36,46.46,-103.36,0,0,0,0,0,87,0,0,0
661817,2021,7,8,"2021-07-08","17:28:00",3,"SD",46,0,1,0,0,0,0,44.35,-103.05,44.35,-103.05,0,0,0,0,0,93,0,0,0
661818,2021,7,8,"2021-07-08","17:44:00",3,"SD",46,0,1.75,0,0,0,0,44.19,-102.83,44.19,-102.83,0,0,0,0,0,93,0,0,0
661819,2021,7,8,"2021-07-08","17:48:00",3,"ND",38,0,1.75,0,0,0,0,46.29,-103.15,46.29,-103.15,0,0,0,0,0,87,0,0,0
661820,2021,7,8,"2021-07-08","18:00:00",3,"SD",46,0,2.5,0,0,0,0,44.125,-102.83,44.125,-102.83,0,0,0,0,0,103,0,0,0
661821,2021,7,8,"2021-07-08","18:00:00",3,"SD",46,0,2.5,0,0,0,0,44.09,-102.7997,44.09,-102.7997,0,0,0,0,0,103,0,0,0
661822,2021,7,8,"2021-07-08","18:20:00",3,"ND",38,0,1,0,0,0,0,46.1,-102.88,46.1,-102.88,0,0,0,0,0,1,0,0,0
661823,2021,7,8,"2021-07-08","18:24:00",3,"ND",38,0,1,0,0,0,0,46.12,-102.86,46.12,-102.86,0,0,0,0,0,1,0,0,0
661824,2021,7,8,"2021-07-08","18:30:00",3,"SD",46,0,2.75,0,0,0,0,43.8524,-102.55,43.8524,-102.55,0,0,0,0,0,103,0,0,0
661825,2021,7,8,"2021-07-08","18:39:00",3,"ND",38,0,1.75,0,0,0,0,47.03,-103.2,47.03,-103.2,0,0,0,0,0,7,0,0,0
661826,2021,7,8,"2021-07-08","18:44:00",3,"ND",38,0,1,0,0,0,0,47.06,-103.02,47.06,-103.02,0,0,0,0,0,25,0,0,0
661827,2021,7,8,"2021-07-08","19:04:00",3,"SD",46,0,2,0,0,0,0,45.5345,-102.47,45.5345,-102.47,0,0,0,0,0,105,0,0,0
661828,2021,7,8,"2021-07-08","19:13:00",3,"SD",46,0,1,0,0,0,0,43.5002,-102.2258,43.5002,-102.2258,0,0,0,0,0,102,0,0,0
661829,2021,7,8,"2021-07-08","19:23:00",3,"MT",30,0,1.75,0,0,0,0,48.39,-104.91,48.39,-104.91,0,0,0,0,0,85,0,0,0
661830,2021,7,8,"2021-07-08","19:26:00",3,"SD",46,0,1.5,0,0,0,0,45.75,-102.8,45.75,-102.8,0,0,0,0,0,105,0,0,0
661831,2021,7,8,"2021-07-08","19:55:00",3,"SD",46,0,1.5,0,0,0,0,43.17,-101.8491,43.17,-101.8491,0,0,0,0,0,7,0,0,0
661832,2021,7,8,"2021-07-08","20:18:00",3,"ND",38,0,1,0,0,0,0,46.56,-102.6,46.56,-102.6,0,0,0,0,0,41,0,0,0
661833,2021,7,8,"2021-07-08","20:24:00",3,"SD",46,0,2,0,0,0,0,45.2643,-102.3119,45.2643,-102.3119,0,0,0,0,0,105,0,0,0
661834,2021,7,8,"2021-07-08","20:40:00",3,"SD",46,0,1,0,0,0,0,45.05,-101.6,45.05,-101.6,0,0,0,0,0,137,0,0,0
661835,2021,7,8,"2021-07-08","21:07:00",3,"SD",46,0,2.5,0,0,0,0,44.85,-102.04,44.85,-102.04,0,0,0,0,0,93,0,0,0
661836,2021,7,8,"2021-07-08","21:40:00",3,"SD",46,0,1,0,0,0,0,44.5555,-101.8812,44.5555,-101.8812,0,0,0,0,0,137,0,0,0
661837,2021,7,8,"2021-07-08","21:50:00",3,"SD",46,0,1,0,0,0,0,45.01,-101.43,45.01,-101.43,0,0,0,0,0,41,0,0,0
661838,2021,7,8,"2021-07-08","21:55:00",3,"SD",46,0,1,0,0,0,0,43.34,-97.99,43.34,-97.99,0,0,0,0,0,67,0,0,0
661839,2021,7,8,"2021-07-08","22:25:00",3,"SD",46,0,0.88,0,0,0,0,43.35,-97.43,43.35,-97.43,0,0,0,0,0,67,0,0,0
661840,2021,7,8,"2021-07-08","22:25:00",3,"SD",46,0,1.5,0,0,0,0,43.35,-97.44,43.35,-97.44,0,0,0,0,0,67,0,0,0
661841,2021,7,8,"2021-07-08","22:29:00",3,"SD",46,0,1.25,0,0,0,5000,43.33,-97.37,43.33,-97.37,0,0,0,0,0,125,0,0,0
661842,2021,7,8,"2021-07-08","22:29:00",3,"SD",46,0,1.25,0,0,0,0,43.33,-97.42,43.33,-97.42,0,0,0,0,0,67,0,0,0
661843,2021,7,8,"2021-07-08","22:37:00",3,"NE",31,0,1.25,0,0,0,0,42.48,-96.96,42.48,-96.96,0,0,0,0,0,51,0,0,0
661844,2021,7,8,"2021-07-08","22:40:00",3,"NE",31,0,0.88,0,0,0,0,42.47,-96.92,42.47,-96.92,0,0,0,0,0,51,0,0,0
661845,2021,7,8,"2021-07-08","22:50:00",3,"SD",46,0,1,0,0,0,0,43.9313,-101.27,43.9313,-101.27,0,0,0,0,0,71,0,0,0
661846,2021,7,8,"2021-07-08","23:19:00",3,"SD",46,0,1,0,0,0,0,45.58,-101.54,45.58,-101.54,0,0,0,0,0,31,0,0,0
661847,2021,7,8,"2021-07-08","23:25:00",3,"SD",46,0,1,0,0,0,85000,43.04,-96.9,43.04,-96.9,0,0,0,0,0,27,0,0,0
661848,2021,7,8,"2021-07-08","23:29:00",3,"IA",19,0,1,0,0,0,0,42.72,-96.16,42.72,-96.16,0,0,0,0,0,149,0,0,0
661849,2021,7,8,"2021-07-08","23:30:00",3,"SD",46,0,1.5,0,0,0,0,43.57,-100.8099,43.57,-100.8099,0,0,0,0,0,95,0,0,0
661850,2021,7,8,"2021-07-08","23:31:00",3,"IA",19,0,1,0,0,0,0,42.72,-96.16,42.72,-96.16,0,0,0,0,0,149,0,0,0
661851,2021,7,8,"2021-07-08","23:40:00",3,"SD",46,0,1.75,0,0,0,0,45.43,-101.26,45.43,-101.26,0,0,0,0,0,41,0,0,0
661852,2021,7,8,"2021-07-08","23:47:00",3,"SD",46,0,1,0,0,0,0,42.97,-96.71,42.97,-96.71,0,0,0,0,0,127,0,0,0
661853,2021,7,9,"2021-07-09","00:09:00",3,"IA",19,0,1.5,0,0,0,0,42.03,-96.09,42.03,-96.09,0,0,0,0,0,133,0,0,0
661854,2021,7,9,"2021-07-09","00:22:00",3,"IA",19,0,1,0,0,0,0,43.06,-96.47,43.06,-96.47,0,0,0,0,0,167,0,0,0
661855,2021,7,9,"2021-07-09","01:17:00",3,"IA",19,0,1,0,0,0,5e+05,43.06,-96.45,43.06,-96.45,0,0,0,0,0,167,0,0,0
661856,2021,7,9,"2021-07-09","01:21:00",3,"SD",46,0,1,0,0,0,0,43.52,-96.83,43.52,-96.83,0,0,0,0,0,99,0,0,0
661857,2021,7,9,"2021-07-09","01:23:00",3,"IA",19,0,1,0,0,0,0,41.65,-95.62,41.65,-95.62,0,0,0,0,0,85,0,0,0
661858,2021,7,9,"2021-07-09","01:25:00",3,"SD",46,0,1,0,0,0,0,43.51,-96.8,43.51,-96.8,0,0,0,0,0,99,0,0,0
661859,2021,7,9,"2021-07-09","05:55:00",3,"NE",31,0,4.3,0,0,0,0,42.09,-103.22,42.09,-103.22,0,0,0,0,0,13,0,0,0
661860,2021,7,9,"2021-07-09","07:15:00",3,"IA",19,0,1.75,0,0,0,0,41.23,-94.53,41.23,-94.53,0,0,0,0,0,1,0,0,0
661861,2021,7,9,"2021-07-09","07:33:00",3,"IA",19,0,1,0,0,0,0,41.33,-94.47,41.33,-94.47,0,0,0,0,0,1,0,0,0
661862,2021,7,9,"2021-07-09","11:43:00",3,"IA",19,0,1,0,0,0,0,42.17,-94.11,42.17,-94.11,0,0,0,0,0,15,0,0,0
661863,2021,7,9,"2021-07-09","11:50:00",3,"IA",19,0,1,0,0,0,0,42.15,-94.05,42.15,-94.05,0,0,0,0,0,15,0,0,0
661864,2021,7,9,"2021-07-09","12:02:00",3,"IA",19,0,1.75,0,0,0,0,42.04,-94.03,42.04,-94.03,0,0,0,0,0,15,0,0,0
661865,2021,7,9,"2021-07-09","12:03:00",3,"IA",19,0,1.75,0,0,0,0,42.04,-94.03,42.04,-94.03,0,0,0,0,0,15,0,0,0
661866,2021,7,9,"2021-07-09","12:14:00",3,"IA",19,0,1.75,0,0,0,0,41.94,-94.03,41.94,-94.03,0,0,0,0,0,15,0,0,0
661867,2021,7,9,"2021-07-09","12:15:00",3,"IA",19,0,0.88,0,0,0,0,42.07,-93.88,42.07,-93.88,0,0,0,0,0,15,0,0,0
661868,2021,7,9,"2021-07-09","12:21:00",3,"IA",19,0,1.75,0,0,0,0,41.91,-94.1,41.91,-94.1,0,0,0,0,0,15,0,0,0
661869,2021,7,9,"2021-07-09","12:23:00",3,"IA",19,0,1,0,0,0,0,41.97,-93.87,41.97,-93.87,0,0,0,0,0,15,0,0,0
661870,2021,7,9,"2021-07-09","12:27:00",3,"IA",19,0,1.75,0,0,0,0,41.89,-93.93,41.89,-93.93,0,0,0,0,0,15,0,0,0
661871,2021,7,9,"2021-07-09","12:28:00",3,"IA",19,0,2.75,0,0,0,0,41.85,-93.92,41.85,-93.92,0,0,0,0,0,49,0,0,0
661872,2021,7,9,"2021-07-09","12:29:00",3,"IA",19,0,2.75,0,0,0,0,41.87,-93.91,41.87,-93.91,0,0,0,0,0,15,0,0,0
661873,2021,7,9,"2021-07-09","12:29:00",3,"IA",19,0,3,0,0,0,0,41.86,-93.92,41.86,-93.92,0,0,0,0,0,49,0,0,0
661874,2021,7,9,"2021-07-09","12:38:00",3,"IA",19,0,1.75,0,0,0,0,41.81,-93.91,41.81,-93.91,0,0,0,0,0,49,0,0,0
661875,2021,7,9,"2021-07-09","12:39:00",3,"AR",5,0,1,0,0,0,0,35.62,-91.61,35.62,-91.61,0,0,0,0,0,63,0,0,0
661876,2021,7,9,"2021-07-09","12:43:00",3,"AR",5,0,0.75,0,0,0,0,35.71,-91.62,35.71,-91.62,0,0,0,0,0,63,0,0,0
661877,2021,7,9,"2021-07-09","12:55:00",3,"IA",19,0,1.75,0,0,0,0,41.69,-93.8,41.69,-93.8,0,0,0,0,0,153,0,0,0
661878,2021,7,9,"2021-07-09","12:56:00",3,"IA",19,0,1.75,0,0,0,0,41.7,-93.7,41.7,-93.7,0,0,0,0,0,153,0,0,0
661879,2021,7,9,"2021-07-09","12:58:00",3,"IA",19,0,1,0,0,0,0,41.69,-93.72,41.69,-93.72,0,0,0,0,0,153,0,0,0
661880,2021,7,9,"2021-07-09","12:59:00",3,"IA",19,0,1.75,0,0,0,0,41.68,-93.76,41.68,-93.76,0,0,0,0,0,153,0,0,0
661881,2021,7,9,"2021-07-09","13:00:00",3,"IA",19,0,1.75,0,0,0,0,41.66,-93.73,41.66,-93.73,0,0,0,0,0,153,0,0,0
661882,2021,7,9,"2021-07-09","13:01:00",3,"IA",19,0,2.75,0,0,0,0,41.63,-93.72,41.63,-93.72,0,0,0,0,0,153,0,0,0
661883,2021,7,9,"2021-07-09","13:01:00",3,"IA",19,0,2,0,0,0,0,41.74,-93.72,41.74,-93.72,0,0,0,0,0,153,0,0,0
661884,2021,7,9,"2021-07-09","13:01:00",3,"IA",19,0,2,0,0,0,0,41.65,-93.71,41.65,-93.71,0,0,0,0,0,153,0,0,0
661885,2021,7,9,"2021-07-09","13:01:00",3,"IA",19,0,1.25,0,0,0,0,41.64,-93.71,41.64,-93.71,0,0,0,0,0,153,0,0,0
661886,2021,7,9,"2021-07-09","13:01:00",3,"IA",19,0,1.5,0,0,0,0,41.69,-93.72,41.69,-93.72,0,0,0,0,0,153,0,0,0
661887,2021,7,9,"2021-07-09","13:01:00",3,"IA",19,0,1.5,0,0,0,0,41.75,-93.81,41.75,-93.81,0,0,0,0,0,153,0,0,0
661888,2021,7,9,"2021-07-09","13:02:00",3,"IA",19,0,1,0,0,0,0,41.64,-93.79,41.64,-93.79,0,0,0,0,0,153,0,0,0
661889,2021,7,9,"2021-07-09","13:02:00",3,"IA",19,0,1,0,0,0,0,41.63,-93.68,41.63,-93.68,0,0,0,0,0,153,0,0,0
661890,2021,7,9,"2021-07-09","13:03:00",3,"IA",19,0,2.75,0,0,0,0,41.68,-93.73,41.68,-93.73,0,0,0,0,0,153,0,0,0
661891,2021,7,9,"2021-07-09","13:05:00",3,"IA",19,0,1.75,0,0,0,0,41.62,-93.71,41.62,-93.71,0,0,0,0,0,153,0,0,0
661892,2021,7,9,"2021-07-09","13:06:00",3,"IA",19,0,1.75,0,0,0,0,41.6,-93.7,41.6,-93.7,0,0,0,0,0,153,0,0,0
661893,2021,7,9,"2021-07-09","13:08:00",3,"IA",19,0,1.75,0,0,0,0,41.73,-93.65,41.73,-93.65,0,0,0,0,0,153,0,0,0
661894,2021,7,9,"2021-07-09","13:11:00",3,"IA",19,0,1.75,0,0,0,0,41.63,-93.72,41.63,-93.72,0,0,0,0,0,153,0,0,0
661895,2021,7,9,"2021-07-09","13:14:00",3,"IA",19,0,1.5,0,0,0,0,41.63,-93.66,41.63,-93.66,0,0,0,0,0,153,0,0,0
661896,2021,7,9,"2021-07-09","13:15:00",3,"IA",19,0,3.25,0,0,0,0,41.62,-93.67,41.62,-93.67,0,0,0,0,0,153,0,0,0
661897,2021,7,9,"2021-07-09","13:15:00",3,"IA",19,0,1.5,0,0,0,0,41.59,-93.66,41.59,-93.66,0,0,0,0,0,153,0,0,0
661898,2021,7,9,"2021-07-09","13:16:00",3,"IA",19,0,1.25,0,0,0,0,41.59,-93.6,41.59,-93.6,0,0,0,0,0,153,0,0,0
661899,2021,7,9,"2021-07-09","13:21:00",3,"IA",19,0,1.75,0,0,0,0,41.59,-93.6,41.59,-93.6,0,0,0,0,0,153,0,0,0
661900,2021,7,9,"2021-07-09","13:23:00",3,"IA",19,0,1.75,0,0,0,0,41.53,-93.64,41.53,-93.64,0,0,0,0,0,153,0,0,0
661901,2021,7,9,"2021-07-09","13:36:00",3,"IA",19,0,1,0,0,0,0,41.5,-93.49,41.5,-93.49,0,0,0,0,0,181,0,0,0
661902,2021,7,9,"2021-07-09","13:49:00",3,"IA",19,0,1.5,0,0,0,0,41.35,-93.52,41.35,-93.52,0,0,0,0,0,181,0,0,0
661903,2021,7,9,"2021-07-09","14:30:00",3,"WY",56,0,1,0,0,0,0,41.18,-104.07,41.18,-104.07,0,0,0,0,0,21,0,0,0
661904,2021,7,9,"2021-07-09","14:37:00",3,"WY",56,0,1,0,0,0,0,41.18,-104.07,41.18,-104.07,0,0,0,0,0,21,0,0,0
661905,2021,7,9,"2021-07-09","14:40:00",3,"NM",35,0,0.75,0,0,0,0,35.76,-105.7,35.76,-105.7,0,0,0,0,0,47,0,0,0
661906,2021,7,9,"2021-07-09","14:51:00",3,"CO",8,0,1,0,0,0,0,40.9,-104.28,40.9,-104.28,0,0,0,0,0,123,0,0,0
661907,2021,7,9,"2021-07-09","15:00:00",3,"WY",56,0,0.75,0,0,0,0,41.36,-104.1,41.36,-104.1,0,0,0,0,0,21,0,0,0
661908,2021,7,9,"2021-07-09","15:02:00",3,"MO",29,0,0.88,0,0,0,0,36.62,-90.82,36.62,-90.82,0,0,0,0,0,181,0,0,0
661909,2021,7,9,"2021-07-09","15:20:00",3,"NE",31,0,1,0,0,0,0,41.24,-103.88,41.24,-103.88,0,0,0,0,0,105,0,0,0
661910,2021,7,9,"2021-07-09","15:29:00",3,"NE",31,0,1.75,0,0,0,0,41.23,-103.79,41.23,-103.79,0,0,0,0,0,105,0,0,0
661911,2021,7,9,"2021-07-09","16:00:00",3,"NE",31,0,1.75,0,0,0,0,42.69,-103.69,42.69,-103.69,0,0,0,0,0,165,0,0,0
661912,2021,7,9,"2021-07-09","16:01:00",3,"MT",30,0,0.75,0,0,0,0,45.67,-108.77,45.67,-108.77,0,0,0,0,0,111,0,0,0
661913,2021,7,9,"2021-07-09","16:25:00",3,"MO",29,0,0.75,0,0,0,0,36.78,-90.1,36.78,-90.1,0,0,0,0,0,207,0,0,0
661914,2021,7,9,"2021-07-09","16:42:00",3,"NE",31,0,1.75,0,0,0,0,42.32,-103.27,42.32,-103.27,0,0,0,0,0,13,0,0,0
661915,2021,7,9,"2021-07-09","16:44:00",3,"NE",31,0,2,0,0,0,0,42.32,-103.13,42.32,-103.13,0,0,0,0,0,13,0,0,0
661916,2021,7,9,"2021-07-09","16:50:00",3,"AZ",4,0,1.75,0,0,0,0,34.65,-111.78,34.7219,-111.6733,0,0,0,0,0,25,0,0,0
661917,2021,7,9,"2021-07-09","16:56:00",3,"IA",19,0,0.75,0,0,0,0,41.3,-91.7,41.3,-91.7,0,0,0,0,0,183,0,0,0
661918,2021,7,9,"2021-07-09","17:03:00",3,"WY",56,0,0.88,0,0,0,0,44.58,-106.91,44.58,-106.91,0,0,0,0,0,33,0,0,0
661919,2021,7,9,"2021-07-09","17:04:00",3,"NE",31,0,2.5,0,0,0,0,42.32,-103.13,42.32,-103.13,0,0,0,0,0,13,0,0,0
661920,2021,7,9,"2021-07-09","17:05:00",3,"WY",56,0,1,0,0,0,0,44.6,-106.92,44.6,-106.92,0,0,0,0,0,33,0,0,0
661921,2021,7,9,"2021-07-09","17:10:00",3,"NE",31,0,2.5,0,0,0,0,42.44,-103.31,42.44,-103.31,0,0,0,0,0,45,0,0,0
661922,2021,7,9,"2021-07-09","17:10:00",3,"IA",19,0,1.75,0,0,0,0,41.1,-91.54,41.1,-91.54,0,0,0,0,0,87,0,0,0
661923,2021,7,9,"2021-07-09","17:21:00",3,"NE",31,0,2,0,0,0,0,42.32,-103.37,42.32,-103.37,0,0,0,0,0,13,0,0,0
661924,2021,7,9,"2021-07-09","17:30:00",3,"IA",19,0,1.5,0,0,0,0,41.06,-91.39,41.06,-91.39,0,0,0,0,0,87,0,0,0
661925,2021,7,9,"2021-07-09","17:34:00",3,"NE",31,0,1.5,0,0,0,0,42.1,-102.87,42.1,-102.87,0,0,0,0,0,13,0,0,0
661926,2021,7,9,"2021-07-09","17:36:00",3,"WY",56,0,1,0,0,0,0,44.35,-106.4166,44.35,-106.3559,0,0,0,0,0,19,0,0,0
661927,2021,7,9,"2021-07-09","17:40:00",3,"NE",31,0,4.25,0,0,0,0,42.2,-102.91,42.2,-102.91,0,0,0,0,0,13,0,0,0
661928,2021,7,9,"2021-07-09","17:45:00",3,"NE",31,0,2.75,0,0,0,0,42.1,-102.87,42.1,-102.87,0,0,0,0,0,13,0,0,0
661929,2021,7,9,"2021-07-09","17:49:00",3,"WY",56,0,1,0,0,0,0,44.56,-105.67,44.56,-105.67,0,0,0,0,0,5,0,0,0
661930,2021,7,9,"2021-07-09","17:49:00",3,"IA",19,0,0.88,0,0,0,0,40.92,-91.4,40.92,-91.4,0,0,0,0,0,87,0,0,0
661931,2021,7,9,"2021-07-09","17:50:00",3,"NE",31,0,3,0,0,0,0,42.1,-102.87,42.1,-102.87,0,0,0,0,0,13,0,0,0
661932,2021,7,9,"2021-07-09","17:51:00",3,"IA",19,0,1,0,0,0,0,40.92,-91.39,40.92,-91.39,0,0,0,0,0,87,0,0,0
661933,2021,7,9,"2021-07-09","17:54:00",3,"SD",46,0,1,0,0,0,0,43.53,-103.08,43.53,-103.08,0,0,0,0,0,33,0,0,0
661934,2021,7,9,"2021-07-09","18:05:00",3,"WY",56,0,0.75,0,0,0,0,44.83,-106.96,44.83,-106.96,0,0,0,0,0,33,0,0,0
661935,2021,7,9,"2021-07-09","18:12:00",3,"NE",31,0,3.5,0,0,0,0,42.04,-103.07,42.04,-103.07,0,0,0,0,0,13,0,0,0
661936,2021,7,9,"2021-07-09","18:19:00",3,"NE",31,0,3.3,0,0,0,0,41.96,-102.98,41.96,-102.98,0,0,0,0,0,123,0,0,0
661937,2021,7,9,"2021-07-09","18:19:00",3,"IA",19,0,1,0,0,0,0,40.82,-91.16,40.82,-91.16,0,0,0,0,0,57,0,0,0
661938,2021,7,9,"2021-07-09","18:20:00",3,"IA",19,0,1.5,0,0,0,0,40.73,-91.19,40.73,-91.19,0,0,0,0,0,57,0,0,0
661939,2021,7,9,"2021-07-09","18:20:00",3,"NE",31,0,2.5,0,0,0,0,41.94,-102.96,41.94,-102.96,0,0,0,0,0,123,0,0,0
661940,2021,7,9,"2021-07-09","18:20:00",3,"IA",19,0,1.5,0,0,0,0,40.8,-91.12,40.8,-91.12,0,0,0,0,0,57,0,0,0
661941,2021,7,9,"2021-07-09","18:20:00",3,"IA",19,0,1.75,0,0,0,0,40.8,-91.14,40.8,-91.14,0,0,0,0,0,57,0,0,0
661942,2021,7,9,"2021-07-09","18:25:00",3,"IA",19,0,2.5,0,0,0,0,40.78,-91.12,40.78,-91.12,0,0,0,0,0,57,0,0,0
661943,2021,7,9,"2021-07-09","18:29:00",3,"MO",29,0,1.75,0,0,0,0,36.99,-91.97,36.99,-91.97,0,0,0,0,0,91,0,0,0
661944,2021,7,9,"2021-07-09","18:30:00",3,"IA",19,0,1.5,0,0,0,0,40.79,-91.11,40.79,-91.11,0,0,0,0,0,57,0,0,0
661945,2021,7,9,"2021-07-09","18:35:00",3,"IL",17,0,1,0,0,0,0,40.6,-91.12,40.6,-91.12,0,0,0,0,0,67,0,0,0
661946,2021,7,9,"2021-07-09","18:50:00",3,"WY",56,0,1,0,0,0,0,43.88,-105.31,43.88,-105.31,0,0,0,0,0,5,0,0,0
661947,2021,7,9,"2021-07-09","18:50:00",3,"IL",17,0,3,0,0,0,0,40.51,-90.97,40.51,-90.97,0,0,0,0,0,67,0,0,0
661948,2021,7,9,"2021-07-09","19:00:00",3,"WY",56,0,0.88,0,0,0,0,44.05,-104.7,44.05,-104.7,0,0,0,0,0,45,0,0,0
661949,2021,7,9,"2021-07-09","19:02:00",3,"WY",56,0,0.75,0,0,0,0,44.1134,-104.6223,44.1134,-104.6223,0,0,0,0,0,45,0,0,0
661950,2021,7,9,"2021-07-09","19:04:00",3,"IL",17,0,1.25,0,0,0,0,40.36,-91.05,40.36,-91.05,0,0,0,0,0,67,0,0,0
661951,2021,7,9,"2021-07-09","19:06:00",3,"IL",17,0,1,0,0,0,0,40.49,-90.89,40.49,-90.89,0,0,0,0,0,109,0,0,0
661952,2021,7,9,"2021-07-09","19:06:00",3,"IL",17,0,1,0,0,0,0,40.52,-90.89,40.52,-90.89,0,0,0,0,0,109,0,0,0
661953,2021,7,9,"2021-07-09","19:15:00",3,"IL",17,0,2.5,0,0,0,0,40.3,-90.92,40.3,-90.92,0,0,0,0,0,67,0,0,0
661954,2021,7,9,"2021-07-09","19:20:00",3,"IL",17,0,1.75,0,0,0,0,40.29,-90.92,40.29,-90.92,0,0,0,0,0,67,0,0,0
661955,2021,7,9,"2021-07-09","19:23:00",3,"IL",17,0,1,0,0,0,0,40.23,-90.95,40.23,-90.95,0,0,0,0,0,67,0,0,0
661956,2021,7,9,"2021-07-09","19:25:00",3,"MO",29,0,1.5,0,0,0,0,36.7,-92.03,36.7,-92.03,0,0,0,0,0,91,0,0,0
661957,2021,7,9,"2021-07-09","19:25:00",3,"WY",56,0,2.75,0,0,0,0,43.8091,-104.3208,43.8091,-104.3208,0,0,0,0,0,45,0,0,0
661958,2021,7,9,"2021-07-09","19:30:00",3,"WY",56,0,1,0,0,0,0,43.8545,-104.2185,43.8545,-104.2185,0,0,0,0,0,45,0,0,0
661959,2021,7,9,"2021-07-09","19:30:00",3,"WY",56,0,1.75,0,0,0,0,43.86,-104.2,43.86,-104.2,0,0,0,0,0,45,0,0,0
661960,2021,7,9,"2021-07-09","19:40:00",3,"WY",56,0,1.75,0,0,0,0,43.38,-104.52,43.38,-104.52,0,0,0,0,0,27,0,0,0
661961,2021,7,9,"2021-07-09","19:45:00",3,"MO",29,0,1,0,0,0,0,39.95,-91.6,39.95,-91.6,0,0,0,0,0,111,0,0,0
661962,2021,7,9,"2021-07-09","19:48:00",3,"IL",17,0,2.75,0,0,1e+05,0,39.9942,-90.7749,39.9482,-90.7395,0,0,0,0,0,9,0,0,0
661963,2021,7,9,"2021-07-09","19:54:00",3,"IA",19,0,1,0,0,0,0,40.64,-91.56,40.64,-91.56,0,0,0,0,0,111,0,0,0
661964,2021,7,9,"2021-07-09","19:58:00",3,"SD",46,0,1,0,0,0,0,43.52,-104.03,43.52,-104.03,0,0,0,0,0,33,0,0,0
661965,2021,7,9,"2021-07-09","20:06:00",3,"WY",56,0,1.5,0,0,0,0,43.12,-104.34,43.12,-104.34,0,0,0,0,0,27,0,0,0
661966,2021,7,9,"2021-07-09","20:07:00",3,"AZ",4,0,1,0,0,0,0,34.43,-110.58,34.5419,-110.5474,0,0,0,0,0,17,0,0,0
661967,2021,7,9,"2021-07-09","20:10:00",3,"MO",29,0,2,0,0,0,0,38.7759,-90.4024,38.596,-90.3782,0,0,0,0,0,189,0,0,0
661968,2021,7,9,"2021-07-09","21:03:00",3,"NE",31,0,1,0,0,0,0,42.79,-103.13,42.79,-103.13,0,0,0,0,0,45,0,0,0
661969,2021,7,9,"2021-07-09","21:23:00",3,"NE",31,0,1.5,0,0,0,0,42.78,-103.15,42.78,-103.15,0,0,0,0,0,45,0,0,0
661970,2021,7,9,"2021-07-09","21:24:00",3,"IA",19,0,1.5,0,0,0,0,40.71,-94.25,40.71,-94.25,0,0,0,0,0,159,0,0,0
661971,2021,7,9,"2021-07-09","21:38:00",3,"NE",31,0,1,0,0,0,0,42.32,-103.19,42.32,-103.19,0,0,0,0,0,13,0,0,0
661972,2021,7,9,"2021-07-09","22:43:00",3,"MO",29,0,1,0,0,0,0,38.8728,-90.7898,38.8728,-90.7898,0,0,0,0,0,183,0,0,0
662584,2021,8,10,"2021-08-10","02:12:00",3,"KS",20,0,0.88,0,0,0,0,39.47,-98.12,39.47,-98.12,0,0,0,0,0,123,0,0,0
662585,2021,8,10,"2021-08-10","04:34:00",3,"KS",20,0,1,0,0,0,0,39.19,-96.42,39.19,-96.42,0,0,0,0,0,149,0,0,0
662586,2021,8,10,"2021-08-10","10:40:00",3,"KY",21,0,1,0,0,0,0,38.07,-84.73,38.07,-84.73,0,0,0,0,0,239,0,0,0
662587,2021,8,10,"2021-08-10","10:57:00",3,"WI",55,0,1,0,0,0,0,46.35,-90.99,46.35,-90.99,0,0,0,0,0,7,0,0,0
662588,2021,8,10,"2021-08-10","11:45:00",3,"IA",19,0,1,0,0,0,0,41.04,-93.98,41.04,-93.98,0,0,0,0,0,39,0,0,0
662589,2021,8,10,"2021-08-10","11:55:00",3,"WI",55,0,0.75,0,0,0,0,46.17,-90.06,46.17,-90.06,0,0,0,0,0,51,0,0,0
662590,2021,8,10,"2021-08-10","12:28:00",3,"VA",51,0,1,0,0,0,0,36.78,-80.56,36.78,-80.56,0,0,0,0,0,35,0,0,0
662591,2021,8,10,"2021-08-10","12:50:00",3,"MI",26,0,2.75,0,0,0,0,46.28,-89.18,46.28,-89.18,0,0,0,0,0,53,0,0,0
662592,2021,8,10,"2021-08-10","12:50:00",3,"MI",26,0,2,0,0,0,0,46.27,-89.18,46.27,-89.18,0,0,0,0,0,53,0,0,0
662593,2021,8,10,"2021-08-10","13:08:00",3,"IA",19,0,1,0,0,0,0,42.86,-92.34,42.86,-92.34,0,0,0,0,0,17,0,0,0
662594,2021,8,10,"2021-08-10","13:40:00",3,"MI",26,0,1.5,0,0,0,0,46.28,-88.02,46.28,-88.02,0,0,0,0,0,103,0,0,0
662595,2021,8,10,"2021-08-10","15:15:00",3,"MI",26,0,1,0,0,0,0,46.2,-86.97,46.2,-86.97,0,0,0,0,0,3,0,0,0
662596,2021,8,10,"2021-08-10","15:29:00",3,"VA",51,0,1.75,0,0,0,0,38.9937,-77.8865,38.9937,-77.8865,0,0,0,0,0,61,0,0,0
662597,2021,8,10,"2021-08-10","15:41:00",3,"MI",26,0,0.75,0,0,0,0,46.47,-87.37,46.47,-87.37,0,0,0,0,0,103,0,0,0
662598,2021,8,10,"2021-08-10","15:42:00",3,"KS",20,0,1,0,0,0,0,37.72,-99.91,37.72,-99.91,0,0,0,0,0,57,0,0,0
662599,2021,8,10,"2021-08-10","15:44:00",3,"MI",26,0,1,0,0,0,0,46.49,-87.36,46.49,-87.36,0,0,0,0,0,103,0,0,0
662600,2021,8,10,"2021-08-10","15:45:00",3,"KS",20,0,1,0,0,0,0,37.73,-99.92,37.73,-99.92,0,0,0,0,0,57,0,0,0
662601,2021,8,10,"2021-08-10","15:45:00",3,"KS",20,0,1.25,0,0,0,0,37.72,-99.91,37.72,-99.91,0,0,0,0,0,57,0,0,0
662602,2021,8,10,"2021-08-10","15:45:00",3,"MI",26,0,0.75,0,0,0,0,46.46,-87.36,46.46,-87.36,0,0,0,0,0,103,0,0,0
662603,2021,8,10,"2021-08-10","15:47:00",3,"MI",26,0,0.75,0,0,0,0,46.45,-87.3,46.45,-87.3,0,0,0,0,0,103,0,0,0
662604,2021,8,10,"2021-08-10","15:48:00",3,"MI",26,0,1,0,0,0,0,46.44,-87.29,46.44,-87.29,0,0,0,0,0,103,0,0,0
662605,2021,8,10,"2021-08-10","15:52:00",3,"KS",20,0,1,0,0,0,0,37.72,-99.91,37.72,-99.91,0,0,0,0,0,57,0,0,0
662606,2021,8,10,"2021-08-10","15:57:00",3,"KS",20,0,1.75,0,0,0,0,37.98,-99.75,37.98,-99.75,0,0,0,0,0,83,0,0,0
662607,2021,8,10,"2021-08-10","16:12:00",3,"KS",20,0,0.88,0,0,0,0,38.4,-96.18,38.4,-96.18,0,0,0,0,0,111,0,0,0
662608,2021,8,10,"2021-08-10","17:18:00",3,"KS",20,0,1,0,0,0,0,38.53,-99.31,38.53,-99.31,0,0,0,0,0,165,0,0,0
662609,2021,8,10,"2021-08-10","17:20:00",3,"KS",20,0,1.25,0,0,0,0,37.48,-100.14,37.48,-100.14,0,0,0,0,0,57,0,0,0
662610,2021,8,10,"2021-08-10","17:28:00",3,"KS",20,0,1.75,0,0,0,0,38.64,-99.32,38.64,-99.32,0,0,0,0,0,165,0,0,0
662611,2021,8,10,"2021-08-10","17:41:00",3,"KS",20,0,2,0,0,0,0,38.67,-99.18,38.67,-99.18,0,0,0,0,0,165,0,0,0
662612,2021,8,10,"2021-08-10","17:50:00",3,"IL",17,0,0.88,0,0,0,0,42.279,-88.85,42.279,-88.85,0,0,0,0,0,7,0,0,0
662613,2021,8,10,"2021-08-10","17:58:00",3,"KS",20,0,2.75,0,0,0,0,37.47,-100.12,37.47,-100.12,0,0,0,0,0,119,0,0,0
662614,2021,8,10,"2021-08-10","18:05:00",3,"KS",20,0,2.5,0,0,0,0,37.46,-100.09,37.46,-100.09,0,0,0,0,0,25,0,0,0
662615,2021,8,10,"2021-08-10","18:06:00",3,"KS",20,0,2.75,0,0,0,0,37.49,-100.11,37.49,-100.11,0,0,0,0,0,57,0,0,0
662616,2021,8,10,"2021-08-10","18:06:00",3,"KS",20,0,1.75,0,0,0,0,38.88,-99,38.88,-99,0,0,0,0,0,167,0,0,0
662617,2021,8,10,"2021-08-10","18:08:00",3,"KS",20,0,1.5,0,0,0,0,38.89,-98.85,38.89,-98.85,0,0,0,0,0,167,0,0,0
662618,2021,8,10,"2021-08-10","18:40:00",3,"KS",20,0,2,0,0,0,0,37.49,-100.08,37.49,-100.08,0,0,0,0,0,57,0,0,0
662619,2021,8,10,"2021-08-10","18:48:00",3,"KS",20,0,1,0,0,0,0,39.09,-98.54,39.09,-98.54,0,0,0,0,0,167,0,0,0
662620,2021,8,10,"2021-08-10","19:10:00",3,"KS",20,0,1,0,0,0,0,39.22,-98.4,39.22,-98.4,0,0,0,0,0,123,0,0,0
662621,2021,8,10,"2021-08-10","19:44:00",3,"KS",20,0,1.5,0,0,1e+05,3e+06,39.4555,-98.12,39.4266,-98.12,0,0,0,0,0,123,0,0,0
662622,2021,8,10,"2021-08-10","19:51:00",3,"KS",20,0,1,0,0,0,0,39.4479,-98.0507,39.4479,-98.0507,0,0,0,0,0,123,0,0,0
662623,2021,8,10,"2021-08-10","19:51:00",3,"KS",20,0,2.75,0,0,3e+05,3e+06,39.449,-97.98,39.4779,-97.98,0,0,0,0,0,123,0,0,0
662624,2021,8,10,"2021-08-10","20:03:00",3,"KS",20,0,1,0,0,0,0,39.52,-97.87,39.52,-97.87,0,0,0,0,0,29,0,0,0
662625,2021,8,10,"2021-08-10","20:45:00",3,"MI",26,0,0.75,0,0,0,0,44.78,-85.68,44.78,-85.68,0,0,0,0,0,89,0,0,0
662626,2021,8,11,"2021-08-11","04:34:00",3,"MO",29,0,1,0,0,0,0,39.9,-92.77,39.9,-92.77,0,0,0,0,0,121,0,0,0
662627,2021,8,11,"2021-08-11","05:25:00",3,"IA",19,0,1,0,0,0,0,40.81,-91.14,40.81,-91.14,0,0,0,0,0,57,0,0,0
662628,2021,8,11,"2021-08-11","07:01:00",3,"IL",17,0,1,0,0,0,0,41.46,-90.56,41.46,-90.56,0,0,0,0,0,161,0,0,0
662629,2021,8,11,"2021-08-11","12:15:00",3,"WI",55,0,1,0,0,0,0,43.93,-90.81,43.93,-90.81,0,0,0,0,0,81,0,0,0
662630,2021,8,11,"2021-08-11","12:58:00",3,"WI",55,0,1,0,0,0,0,43.88,-90.37,43.88,-90.37,0,0,0,0,0,81,0,0,0
662631,2021,8,11,"2021-08-11","13:40:00",3,"VA",51,0,1.75,0,0,0,0,38.4503,-78.2506,38.4503,-78.2506,0,0,0,0,0,113,0,0,0
662632,2021,8,11,"2021-08-11","13:45:00",3,"OH",39,0,0.75,0,0,0,0,40.8985,-83.5563,40.8985,-83.5563,0,0,0,0,0,63,0,0,0
662633,2021,8,11,"2021-08-11","13:51:00",3,"GA",13,0,1,0,0,0,0,34.37,-83.23,34.37,-83.23,0,0,0,0,0,119,0,0,0
662634,2021,8,11,"2021-08-11","14:10:00",3,"WI",55,0,1,0,0,0,0,44.61,-88.75,44.61,-88.75,0,0,0,0,0,135,0,0,0
662635,2021,8,11,"2021-08-11","15:16:00",3,"GA",13,0,1,0,0,0,0,34.0691,-85.2179,34.0691,-85.2179,0,0,0,0,0,233,0,0,0
662636,2021,8,11,"2021-08-11","18:16:00",3,"TN",47,0,1,0,0,0,0,35.6344,-86.3563,35.6344,-86.3563,0,0,0,0,0,3,0,0,0
662637,2021,8,11,"2021-08-11","19:18:00",3,"KS",20,0,0.88,0,0,0,0,38.3295,-101.3469,38.3295,-101.3469,0,0,0,0,0,203,0,0,0
662638,2021,8,12,"2021-08-12","06:50:00",3,"IA",19,0,1,0,0,0,0,40.64,-91.74,40.64,-91.74,0,0,0,0,0,177,0,0,0
662639,2021,8,12,"2021-08-12","08:02:00",3,"IL",17,0,1,0,0,0,0,40.47,-88.37,40.47,-88.37,0,0,0,0,0,53,0,0,0
662640,2021,8,12,"2021-08-12","08:07:00",3,"IL",17,0,0.75,0,0,0,0,40.43,-88.52,40.43,-88.52,0,0,0,0,0,113,0,0,0
662641,2021,8,12,"2021-08-12","08:17:00",3,"IL",17,0,0.75,0,0,0,0,40.34,-88.53,40.34,-88.53,0,0,0,0,0,113,0,0,0
662642,2021,8,12,"2021-08-12","09:00:00",3,"MO",29,0,0.88,0,0,0,0,40.6,-91.83,40.6,-91.83,0,0,0,0,0,45,0,0,0
662643,2021,8,12,"2021-08-12","12:57:00",3,"NC",37,0,1.5,0,0,0,0,36.36,-81.45,36.36,-81.45,0,0,0,0,0,9,0,0,0
662644,2021,8,12,"2021-08-12","13:09:00",3,"NC",37,0,1.25,0,0,0,0,36.42,-81.47,36.42,-81.47,0,0,0,0,0,9,0,0,0
662645,2021,8,12,"2021-08-12","13:15:00",3,"NC",37,0,1.75,0,0,0,0,36.42,-81.47,36.42,-81.47,0,0,0,0,0,9,0,0,0
662646,2021,8,12,"2021-08-12","13:40:00",3,"MO",29,0,1,0,0,0,0,39.69,-93.46,39.69,-93.46,0,0,0,0,0,117,0,0,0
662647,2021,8,12,"2021-08-12","14:36:00",3,"MO",29,0,1,0,0,0,0,39.37,-94.78,39.37,-94.78,0,0,0,0,0,165,0,0,0
662648,2021,8,12,"2021-08-12","14:56:00",3,"MO",29,0,1,0,0,0,0,39.3,-94.72,39.3,-94.72,0,0,0,0,0,165,0,0,0
662649,2021,8,12,"2021-08-12","15:05:00",3,"OH",39,0,0.75,0,0,0,0,39.86,-83.64,39.86,-83.64,0,0,0,0,0,23,0,0,0
662650,2021,8,12,"2021-08-12","15:14:00",3,"PA",42,0,1.75,0,0,0,0,41.6503,-79.73,41.6503,-79.73,0,0,0,0,0,39,0,0,0
662651,2021,8,12,"2021-08-12","15:18:00",3,"PA",42,0,1.75,0,0,0,0,41.6567,-79.6652,41.6567,-79.6652,0,0,0,0,0,39,0,0,0
662652,2021,8,12,"2021-08-12","15:30:00",3,"PA",42,0,0.75,0,0,0,0,41.02,-80.36,41.02,-80.36,0,0,0,0,0,73,0,0,0
662653,2021,8,12,"2021-08-12","15:31:00",3,"PA",42,0,0.75,0,0,0,0,41,-80.35,41,-80.35,0,0,0,0,0,73,0,0,0
662654,2021,8,12,"2021-08-12","15:35:00",3,"PA",42,0,0.75,0,0,0,0,41.16,-79.08,41.16,-79.08,0,0,0,0,0,65,0,0,0
662655,2021,8,12,"2021-08-12","15:36:00",3,"KS",20,0,1,0,0,0,0,39.01,-97.88,39.01,-97.88,0,0,0,0,0,143,0,0,0
662656,2021,8,12,"2021-08-12","15:40:00",3,"MO",29,0,1,0,0,0,0,39.02,-94.25,39.02,-94.25,0,0,0,0,0,95,0,0,0
662657,2021,8,12,"2021-08-12","15:43:00",3,"PA",42,0,0.75,0,0,0,0,41.07,-80.06,41.07,-80.06,0,0,0,0,0,19,0,0,0
662658,2021,8,12,"2021-08-12","15:47:00",3,"MO",29,0,1.75,0,0,0,0,39.04,-94.27,39.04,-94.27,0,0,0,0,0,95,0,0,0
662659,2021,8,12,"2021-08-12","15:54:00",3,"MO",29,0,1.25,0,0,0,0,39.03,-94.26,39.03,-94.26,0,0,0,0,0,95,0,0,0
662660,2021,8,12,"2021-08-12","16:00:00",3,"KS",20,0,1,0,0,0,0,39.01,-98.39,39.01,-98.39,0,0,0,0,0,105,0,0,0
662661,2021,8,12,"2021-08-12","16:00:00",3,"MO",29,0,1,0,0,0,0,39.01,-94.12,39.01,-94.12,0,0,0,0,0,95,0,0,0
662662,2021,8,12,"2021-08-12","16:00:00",3,"MO",29,0,1.25,0,0,0,0,39.03,-94.26,39.03,-94.26,0,0,0,0,0,95,0,0,0
662663,2021,8,12,"2021-08-12","16:02:00",3,"PA",42,0,0.75,0,0,0,0,41.01,-79.9,41.01,-79.9,0,0,0,0,0,19,0,0,0
662664,2021,8,12,"2021-08-12","16:02:00",3,"MO",29,0,1.25,0,0,0,0,39.05,-94.25,39.05,-94.25,0,0,0,0,0,95,0,0,0
662665,2021,8,12,"2021-08-12","16:09:00",3,"KS",20,0,1.25,0,0,0,0,38.9,-94.78,38.9,-94.78,0,0,0,0,0,91,0,0,0
662666,2021,8,12,"2021-08-12","16:10:00",3,"KS",20,0,1.5,0,0,25000,250000,39.18,-98.49,39.18,-98.49,0,0,0,0,0,141,0,0,0
662667,2021,8,12,"2021-08-12","16:11:00",3,"KS",20,0,1,0,0,0,0,38.89,-94.81,38.89,-94.81,0,0,0,0,0,91,0,0,0
662668,2021,8,12,"2021-08-12","16:13:00",3,"OH",39,0,1,0,0,0,0,39.79,-83.28,39.79,-83.28,0,0,0,0,0,97,0,0,0
662669,2021,8,12,"2021-08-12","16:15:00",3,"KS",20,0,1,0,0,0,0,39.21,-98.47,39.21,-98.47,0,0,0,0,0,105,0,0,0
662670,2021,8,12,"2021-08-12","16:15:00",3,"KS",20,0,1.25,0,0,0,0,38.88,-94.77,38.88,-94.77,0,0,0,0,0,91,0,0,0
662671,2021,8,12,"2021-08-12","16:20:00",3,"KS",20,0,1.75,0,0,0,0,38.89,-94.81,38.89,-94.81,0,0,0,0,0,91,0,0,0
662672,2021,8,12,"2021-08-12","16:30:00",3,"IL",17,0,1,0,0,0,0,39.83,-90.56,39.83,-90.56,0,0,0,0,0,137,0,0,0
662673,2021,8,12,"2021-08-12","16:38:00",3,"KS",20,0,1,0,0,0,0,38.85,-94.73,38.85,-94.73,0,0,0,0,0,91,0,0,0
662674,2021,8,12,"2021-08-12","16:41:00",3,"KS",20,0,1,0,0,0,0,39.13,-98.41,39.13,-98.41,0,0,0,0,0,105,0,0,0
662675,2021,8,12,"2021-08-12","17:10:00",3,"KS",20,0,0.88,0,0,0,0,39.2465,-98.8129,39.2465,-98.8129,0,0,0,0,0,141,0,0,0
662676,2021,8,12,"2021-08-12","17:18:00",3,"KS",20,0,1.75,0,0,0,0,39.1929,-100.6817,39.1929,-100.6817,0,0,0,0,0,179,0,0,0
662677,2021,8,12,"2021-08-12","17:20:00",3,"KS",20,0,1,0,0,0,0,39.23,-99.3,39.23,-99.3,0,0,0,0,0,163,0,0,0
662678,2021,8,12,"2021-08-12","17:21:00",3,"KS",20,0,1.75,0,0,0,0,39.1948,-100.6352,39.1948,-100.6352,0,0,0,0,0,179,0,0,0
662679,2021,8,12,"2021-08-12","17:28:00",3,"KS",20,0,1,0,0,0,0,39.37,-98.93,39.37,-98.93,0,0,0,0,0,141,0,0,0
662680,2021,8,12,"2021-08-12","17:36:00",3,"OH",39,0,0.75,0,0,0,0,39.99,-82.01,39.99,-82.01,0,0,0,0,0,119,0,0,0
662681,2021,8,12,"2021-08-12","17:37:00",3,"OH",39,0,0.75,0,0,0,0,39.99,-82.01,39.99,-82.01,0,0,0,0,0,119,0,0,0
662682,2021,8,12,"2021-08-12","17:40:00",3,"KS",20,0,1,0,0,0,0,39.0623,-101.2446,39.0623,-101.2446,0,0,0,0,0,109,0,0,0
662683,2021,8,12,"2021-08-12","17:55:00",3,"KS",20,0,1,0,0,0,0,38.91,-99.32,38.91,-99.32,0,0,0,0,0,51,0,0,0
662684,2021,8,12,"2021-08-12","18:02:00",3,"KS",20,0,1,0,0,0,0,38.88,-99.32,38.88,-99.32,0,0,0,0,0,51,0,0,0
662685,2021,8,12,"2021-08-12","18:14:00",3,"KS",20,0,1,0,0,0,0,38.96,-95.54,38.96,-95.54,0,0,0,0,0,177,0,0,0
662686,2021,8,12,"2021-08-12","18:21:00",3,"LA",22,0,0.88,0,0,0,0,31.7345,-93.1242,31.7345,-93.1242,0,0,0,0,0,69,0,0,0
662687,2021,8,12,"2021-08-12","18:26:00",3,"KS",20,0,1.75,0,0,0,0,39.3558,-100.7244,39.3558,-100.7244,0,0,0,0,0,193,0,0,0
662688,2021,8,12,"2021-08-12","18:30:00",3,"KS",20,0,1.5,0,0,0,0,38.87,-94.78,38.87,-94.78,0,0,0,0,0,91,0,0,0
662689,2021,8,12,"2021-08-12","19:13:00",3,"KS",20,0,1,0,0,0,0,39.01,-94.79,39.01,-94.79,0,0,0,0,0,91,0,0,0
662690,2021,8,12,"2021-08-12","19:15:00",3,"CO",8,0,1,0,0,0,0,39.3,-102.69,39.3,-102.69,0,0,0,0,0,63,0,0,0
662691,2021,8,12,"2021-08-12","19:17:00",3,"KS",20,0,1,0,0,0,0,39.04,-94.72,39.04,-94.72,0,0,0,0,0,91,0,0,0
662692,2021,8,12,"2021-08-12","19:24:00",3,"CO",8,0,1.75,0,0,0,0,39.31,-102.74,39.31,-102.74,0,0,0,0,0,63,0,0,0
662693,2021,8,12,"2021-08-12","19:25:00",3,"KS",20,0,1,0,0,0,0,39.04,-94.74,39.04,-94.74,0,0,0,0,0,91,0,0,0
662694,2021,8,12,"2021-08-12","19:39:00",3,"MO",29,0,1,0,0,0,0,39.06,-94.36,39.06,-94.36,0,0,0,0,0,95,0,0,0
662695,2021,8,12,"2021-08-12","19:45:00",3,"CO",8,0,1,0,0,0,0,39.1,-104.53,39.1,-104.53,0,0,0,0,0,41,0,0,0
662696,2021,8,12,"2021-08-12","20:45:00",3,"KS",20,0,0.75,0,0,0,0,38.08,-97.95,38.08,-97.95,0,0,0,0,0,155,0,0,0
662697,2021,8,12,"2021-08-12","20:45:00",3,"KS",20,0,1.5,0,0,0,0,39.06,-95.01,39.06,-95.01,0,0,0,0,0,103,0,0,0
662698,2021,8,12,"2021-08-12","20:54:00",3,"KS",20,0,1.25,0,0,0,0,39.06,-94.82,39.06,-94.82,0,0,0,0,0,209,0,0,0
662699,2021,8,12,"2021-08-12","20:59:00",3,"NY",36,0,0.75,0,0,0,0,41.77,-74.94,41.77,-74.94,0,0,0,0,0,105,0,0,0
662700,2021,8,12,"2021-08-12","21:26:00",3,"KS",20,0,0.75,0,0,0,0,38.22,-98.21,38.22,-98.21,0,0,0,0,0,159,0,0,0
662701,2021,8,12,"2021-08-12","21:47:00",3,"NE",31,0,1,0,0,0,0,40.22,-100.36,40.22,-100.36,0,0,0,0,0,145,0,0,0
662702,2021,8,13,"2021-08-13","12:15:00",3,"NY",36,0,1,0,0,0,0,43.1,-75.23,43.1,-75.23,0,0,0,0,0,65,0,0,0
662703,2021,8,13,"2021-08-13","14:52:00",3,"AR",5,0,1,0,0,0,0,36.4355,-93.97,36.4355,-93.97,0,0,0,0,0,7,0,0,0
662704,2021,8,13,"2021-08-13","14:55:00",3,"AR",5,0,1,0,0,0,0,36.33,-94.5039,36.33,-94.5039,0,0,0,0,0,7,0,0,0
662705,2021,8,13,"2021-08-13","15:05:00",3,"AR",5,0,1,0,0,0,0,36.3079,-94.5164,36.3079,-94.5164,0,0,0,0,0,7,0,0,0
662706,2021,8,13,"2021-08-13","15:07:00",3,"NY",36,0,1,0,0,0,0,42.2119,-75.9857,42.2119,-75.9857,0,0,0,0,0,7,0,0,0
662707,2021,8,13,"2021-08-13","15:24:00",3,"NY",36,0,0.88,0,0,0,0,42.91,-74.57,42.91,-74.57,0,0,0,0,0,57,0,0,0
662708,2021,8,13,"2021-08-13","15:43:00",3,"VA",51,0,1.75,0,0,0,0,38.875,-77.2911,38.875,-77.2911,0,0,0,0,0,59,0,0,0
662709,2021,8,13,"2021-08-13","16:19:00",3,"CO",8,0,0.87,0,0,0,0,39.49,-105.52,39.49,-105.52,0,0,0,0,0,93,0,0,0
662710,2021,8,13,"2021-08-13","17:03:00",3,"PA",42,0,0.75,0,0,0,0,40.45,-80.24,40.45,-80.24,0,0,0,0,0,3,0,0,0
662711,2021,8,13,"2021-08-13","17:13:00",3,"NY",36,0,1,0,0,0,0,42.65,-73.93,42.65,-73.93,0,0,0,0,0,1,0,0,0
662712,2021,8,13,"2021-08-13","19:09:00",3,"WY",56,0,1.25,0,0,0,0,41.73,-105.97,41.73,-105.97,0,0,0,0,0,1,0,0,0
662713,2021,8,13,"2021-08-13","19:53:00",3,"VA",51,0,1,0,0,0,0,36.63,-82.61,36.63,-82.61,0,0,0,0,0,169,0,0,0
662714,2021,8,14,"2021-08-14","06:13:00",3,"NE",31,0,1,0,0,0,0,41.13,-101.65,41.13,-101.65,0,0,0,0,0,101,0,0,0
662715,2021,8,14,"2021-08-14","08:06:00",3,"NE",31,0,1.25,0,0,0,0,40.77,-101.4,40.77,-101.4,0,0,0,0,0,135,0,0,0
662716,2021,8,14,"2021-08-14","08:12:00",3,"NE",31,0,1.75,0,0,0,0,40.73,-101.4,40.73,-101.4,0,0,0,0,0,135,0,0,0
662717,2021,8,14,"2021-08-14","08:49:00",3,"NE",31,0,1,0,0,0,0,41,-101.52,41,-101.52,0,0,0,0,0,135,0,0,0
662718,2021,8,14,"2021-08-14","08:56:00",3,"NE",31,0,1,0,0,0,0,40.7,-101.35,40.7,-101.35,0,0,0,0,0,29,0,0,0
662719,2021,8,14,"2021-08-14","13:04:00",3,"NC",37,0,0.88,0,0,0,0,35.9198,-78.6211,35.9198,-78.6211,0,0,0,0,0,183,0,0,0
662720,2021,8,14,"2021-08-14","13:05:00",3,"NC",37,0,0.88,0,0,0,0,35.7371,-78.7442,35.7371,-78.7442,0,0,0,0,0,183,0,0,0
662721,2021,8,14,"2021-08-14","13:20:00",3,"SD",46,0,1,0,0,0,0,43.6286,-103.2949,43.6286,-103.2949,0,0,0,0,0,33,0,0,0
662722,2021,8,14,"2021-08-14","13:30:00",3,"SC",45,0,0.88,0,0,0,0,35.003,-80.93,35.003,-80.93,0,0,0,0,0,91,0,0,0
662723,2021,8,14,"2021-08-14","13:35:00",3,"SD",46,0,1,0,0,0,0,43.5105,-103.3382,43.5105,-103.3382,0,0,0,0,0,33,0,0,0
662724,2021,8,14,"2021-08-14","13:48:00",3,"NC",37,0,1,0,0,0,0,35.89,-78.78,35.89,-78.78,0,0,0,0,0,183,0,0,0
662725,2021,8,14,"2021-08-14","13:52:00",3,"TX",48,0,0.88,0,0,0,0,32.221,-95.8028,32.221,-95.8028,0,0,0,0,0,213,0,0,0
662726,2021,8,14,"2021-08-14","13:55:00",3,"SD",46,0,0.88,0,0,0,0,44.1234,-103.43,44.1234,-103.43,0,0,0,0,0,103,0,0,0
662727,2021,8,14,"2021-08-14","14:10:00",3,"SD",46,0,1,0,0,0,0,43.3599,-103.2929,43.3599,-103.2929,0,0,0,0,0,47,0,0,0
662728,2021,8,14,"2021-08-14","14:25:00",3,"SD",46,0,1,0,0,0,0,44.0645,-103.4,44.0645,-103.4,0,0,0,0,0,103,0,0,0
662729,2021,8,14,"2021-08-14","14:25:00",3,"NC",37,0,0.88,0,0,0,0,35.52,-82.42,35.52,-82.42,0,0,0,0,0,21,0,0,0
662730,2021,8,14,"2021-08-14","14:33:00",3,"SD",46,0,1.75,0,0,0,0,44,-103.31,44,-103.31,0,0,0,0,0,103,0,0,0
662731,2021,8,14,"2021-08-14","14:35:00",3,"SD",46,0,0.75,0,0,0,0,44.0579,-103.3044,44.0579,-103.3044,0,0,0,0,0,103,0,0,0
662732,2021,8,14,"2021-08-14","14:40:00",3,"SD",46,0,1,0,0,0,0,43.9711,-103.3228,43.9711,-103.3228,0,0,0,0,0,103,0,0,0
662733,2021,8,14,"2021-08-14","14:40:00",3,"SD",46,0,2.5,0,0,0,0,43.96,-103.3198,43.96,-103.3198,0,0,0,0,0,103,0,0,0
662734,2021,8,14,"2021-08-14","14:41:00",3,"NC",37,0,0.88,0,0,0,0,35.84,-81.57,35.84,-81.57,0,0,0,0,0,27,0,0,0
662735,2021,8,14,"2021-08-14","15:15:00",3,"SD",46,0,1,0,0,0,0,44.24,-102.73,44.24,-102.73,0,0,0,0,0,93,0,0,0
662736,2021,8,14,"2021-08-14","15:15:00",3,"SD",46,0,1.75,0,0,0,0,43.8677,-103.2827,43.8677,-103.2827,0,0,0,0,0,33,0,0,0
662737,2021,8,14,"2021-08-14","15:25:00",3,"SD",46,0,1,0,0,0,0,43.8234,-103.2456,43.8234,-103.2456,0,0,0,0,0,33,0,0,0
662738,2021,8,14,"2021-08-14","15:30:00",3,"SD",46,0,2.75,0,0,0,0,44.2431,-102.5687,44.2431,-102.5687,0,0,0,0,0,93,0,0,0
662739,2021,8,14,"2021-08-14","15:40:00",3,"SD",46,0,1.5,0,0,0,0,44.2298,-102.5764,44.2298,-102.5764,0,0,0,0,0,93,0,0,0
662740,2021,8,14,"2021-08-14","15:46:00",3,"SD",46,0,2,0,0,0,0,43.7569,-103.2483,43.7569,-103.2483,0,0,0,0,0,33,0,0,0
662741,2021,8,14,"2021-08-14","16:10:00",3,"NE",31,0,1.25,0,0,0,0,42.69,-103.47,42.69,-103.47,0,0,0,0,0,45,0,0,0
662742,2021,8,14,"2021-08-14","16:16:00",3,"NE",31,0,1,0,0,0,0,42.69,-103.41,42.69,-103.41,0,0,0,0,0,45,0,0,0
662743,2021,8,14,"2021-08-14","16:20:00",3,"SD",46,0,1.5,0,0,0,0,44.2901,-102.1868,44.2901,-102.1868,0,0,0,0,0,103,0,0,0
662744,2021,8,14,"2021-08-14","16:23:00",3,"NE",31,0,1.5,0,0,0,0,42.69,-103.41,42.69,-103.41,0,0,0,0,0,45,0,0,0
662745,2021,8,14,"2021-08-14","16:30:00",3,"NE",31,0,1,0,0,0,0,42.57,-102.2,42.57,-102.2,0,0,0,0,0,161,0,0,0
662746,2021,8,14,"2021-08-14","16:41:00",3,"NE",31,0,0.88,0,0,0,0,42.82,-102.76,42.82,-102.76,0,0,0,0,0,161,0,0,0
662747,2021,8,14,"2021-08-14","16:41:00",3,"NE",31,0,0.88,0,0,0,0,42.82,-102.76,42.82,-102.76,0,0,0,0,0,161,0,0,0
662748,2021,8,14,"2021-08-14","16:50:00",3,"SD",46,0,1.25,0,0,0,0,44.2,-101.97,44.2,-101.97,0,0,0,0,0,55,0,0,0
662749,2021,8,14,"2021-08-14","16:59:00",3,"NE",31,0,1.25,0,0,0,0,42.48,-103.34,42.48,-103.34,0,0,0,0,0,45,0,0,0
662750,2021,8,14,"2021-08-14","17:09:00",3,"NE",31,0,1.75,0,0,0,0,42.32,-103.37,42.32,-103.37,0,0,0,0,0,13,0,0,0
662751,2021,8,14,"2021-08-14","17:18:00",3,"NE",31,0,1.5,0,0,0,0,42.32,-103.37,42.32,-103.37,0,0,0,0,0,13,0,0,0
662752,2021,8,14,"2021-08-14","17:35:00",3,"NE",31,0,2.5,0,0,0,0,42.21,-103.24,42.21,-103.24,0,0,0,0,0,13,0,0,0
662753,2021,8,14,"2021-08-14","17:35:00",3,"NE",31,0,1.75,0,0,0,0,42.42,-102.2,42.42,-102.2,0,0,0,0,0,161,0,0,0
662754,2021,8,14,"2021-08-14","17:50:00",3,"SD",46,0,1,0,0,0,0,43.67,-100.8,43.67,-100.8,0,0,0,0,0,95,0,0,0
662755,2021,8,14,"2021-08-14","17:57:00",3,"SD",46,0,1,0,0,0,0,44.36,-100.56,44.36,-100.56,0,0,0,0,0,117,0,0,0
662756,2021,8,14,"2021-08-14","18:00:00",3,"SD",46,0,1.5,0,0,0,0,43.2209,-103.2862,43.2209,-103.2862,0,0,0,0,0,47,0,0,0
662757,2021,8,14,"2021-08-14","18:06:00",3,"NE",31,0,1.75,0,0,0,0,42.06,-103.33,42.06,-103.33,0,0,0,0,0,13,0,0,0
662758,2021,8,14,"2021-08-14","18:10:00",3,"NE",31,0,2.5,0,0,0,0,42.01,-103.33,42.01,-103.33,0,0,0,0,0,13,0,0,0
662759,2021,8,14,"2021-08-14","18:15:00",3,"NE",31,0,2.5,0,0,0,0,42.01,-103.29,42.01,-103.29,0,0,0,0,0,13,0,0,0
662760,2021,8,14,"2021-08-14","18:25:00",3,"SD",46,0,1,0,0,0,0,43.1076,-103.23,43.1076,-103.23,0,0,0,0,0,47,0,0,0
662761,2021,8,14,"2021-08-14","18:31:00",3,"NE",31,0,2,0,0,0,0,41.96,-103.21,41.96,-103.21,0,0,0,0,0,123,0,0,0
662762,2021,8,14,"2021-08-14","18:38:00",3,"NE",31,0,2.5,0,0,0,0,41.92,-103.26,41.92,-103.26,0,0,0,0,0,123,0,0,0
662763,2021,8,14,"2021-08-14","19:05:00",3,"WY",56,0,1,0,0,0,0,41.2,-104.72,41.2,-104.72,0,0,0,0,0,21,0,0,0
662764,2021,8,14,"2021-08-14","19:10:00",3,"WY",56,0,1.75,0,0,0,0,41.23,-104.68,41.23,-104.68,0,0,0,0,0,21,0,0,0
662765,2021,8,14,"2021-08-14","19:12:00",3,"UT",49,0,1,0,0,0,0,37.08,-113.59,37.08,-113.59,0,0,0,0,0,53,0,0,0
662766,2021,8,14,"2021-08-14","19:21:00",3,"WY",56,0,1.25,0,0,0,0,41.15,-104.75,41.15,-104.75,0,0,0,0,0,21,0,0,0
662767,2021,8,14,"2021-08-14","19:25:00",3,"WY",56,0,1,0,0,0,0,41.15,-104.73,41.15,-104.73,0,0,0,0,0,21,0,0,0
662768,2021,8,14,"2021-08-14","19:25:00",3,"WY",56,0,1,0,0,0,0,41.15,-104.72,41.15,-104.72,0,0,0,0,0,21,0,0,0
662769,2021,8,14,"2021-08-14","19:30:00",3,"NE",31,0,1.25,0,0,0,0,41.42,-102.34,41.42,-102.34,0,0,0,0,0,69,0,0,0
662770,2021,8,14,"2021-08-14","19:30:00",3,"NE",31,0,1.5,0,0,0,0,41.42,-102.37,41.42,-102.37,0,0,0,0,0,69,0,0,0
662771,2021,8,14,"2021-08-14","19:37:00",3,"NE",31,0,1.25,0,0,0,0,41.41,-102.36,41.41,-102.36,0,0,0,0,0,69,0,0,0
662772,2021,8,14,"2021-08-14","19:40:00",3,"SD",46,0,1.5,0,0,0,0,45.13,-100.55,45.13,-100.55,0,0,0,0,0,41,0,0,0
662773,2021,8,14,"2021-08-14","19:42:00",3,"NE",31,0,1.5,0,0,0,0,41.6,-103.19,41.6,-103.19,0,0,0,0,0,123,0,0,0
662774,2021,8,14,"2021-08-14","19:52:00",3,"WY",56,0,1,0,0,0,0,41.05,-104.67,41.05,-104.67,0,0,0,0,0,21,0,0,0
662775,2021,8,14,"2021-08-14","20:05:00",3,"NE",31,0,1,0,0,0,0,41.28,-102.38,41.28,-102.38,0,0,0,0,0,69,0,0,0
662776,2021,8,14,"2021-08-14","21:13:00",3,"CO",8,0,0.88,0,0,0,0,40.87,-102.53,40.87,-102.53,0,0,0,0,0,115,0,0,0
662777,2021,8,15,"2021-08-15","01:30:00",3,"NE",31,0,0.88,0,0,0,0,40.32,-98.9,40.32,-98.9,0,0,0,0,0,61,0,0,0
662778,2021,8,15,"2021-08-15","02:40:00",3,"NE",31,0,0.88,0,0,0,0,41.43,-99.1686,41.43,-99.1686,0,0,0,0,0,175,0,0,0
662779,2021,8,15,"2021-08-15","03:10:00",3,"NE",31,0,1,0,0,50000,3e+06,40.7609,-99.424,40.7609,-99.424,0,0,0,0,0,19,0,0,0
662780,2021,8,15,"2021-08-15","05:26:00",3,"NE",31,0,1.25,0,0,0,0,40.5902,-98.3935,40.5902,-98.3935,0,0,0,0,0,1,0,0,0
662781,2021,8,15,"2021-08-15","15:25:00",3,"AZ",4,0,1,0,0,0,0,35.37,-112.2,35.33,-112.18,0,0,0,0,0,5,0,0,0
662782,2021,8,15,"2021-08-15","15:46:00",3,"KS",20,0,1.5,0,0,0,0,39.02,-99.88,39.02,-99.88,0,0,0,0,0,195,0,0,0
662783,2021,8,15,"2021-08-15","16:25:00",3,"KS",20,0,0.75,0,0,0,0,38.76,-98.14,38.76,-98.14,0,0,0,0,0,53,0,0,0
662784,2021,8,15,"2021-08-15","16:30:00",3,"KS",20,0,1,0,0,0,0,38.71,-98.16,38.71,-98.16,0,0,0,0,0,53,0,0,0
662785,2021,8,15,"2021-08-15","16:36:00",3,"KS",20,0,1.25,0,0,0,0,38.71,-98.16,38.71,-98.16,0,0,0,0,0,53,0,0,0
662786,2021,8,15,"2021-08-15","16:37:00",3,"KS",20,0,1.75,0,0,0,0,38.71,-98.16,38.71,-98.16,0,0,0,0,0,53,0,0,0
662787,2021,8,15,"2021-08-15","16:55:00",3,"KS",20,0,1.5,0,0,0,0,38.8,-100.05,38.8,-100.05,0,0,0,0,0,195,0,0,0
662788,2021,8,15,"2021-08-15","17:03:00",3,"KS",20,0,1.75,0,0,0,0,38.48,-98.22,38.48,-98.22,0,0,0,0,0,159,0,0,0
662789,2021,8,15,"2021-08-15","17:05:00",3,"AZ",4,0,1,0,0,0,0,35.6,-110.07,35.61,-110.07,0,0,0,0,0,17,0,0,0
662790,2021,8,15,"2021-08-15","17:05:00",3,"KS",20,0,1.25,0,0,0,0,38.52,-98.17,38.52,-98.17,0,0,0,0,0,159,0,0,0
662791,2021,8,15,"2021-08-15","17:08:00",3,"KS",20,0,2.75,0,0,0,0,38.52,-98.16,38.52,-98.16,0,0,0,0,0,159,0,0,0
662792,2021,8,15,"2021-08-15","17:10:00",3,"KS",20,0,2.5,0,0,0,0,38.49,-98.19,38.49,-98.19,0,0,0,0,0,159,0,0,0
662793,2021,8,15,"2021-08-15","17:18:00",3,"KS",20,0,1,0,0,0,0,38.64,-100.17,38.64,-100.17,0,0,0,0,0,135,0,0,0
662794,2021,8,15,"2021-08-15","17:42:00",3,"KS",20,0,1.75,0,0,0,0,38.35,-98.2,38.35,-98.2,0,0,0,0,0,159,0,0,0
662795,2021,8,15,"2021-08-15","18:01:00",3,"KS",20,0,0.88,0,0,0,0,38.26,-98.22,38.26,-98.22,0,0,0,0,0,159,0,0,0
662796,2021,8,15,"2021-08-15","20:04:00",3,"KS",20,0,1,0,0,0,0,37.9,-99.23,37.9,-99.23,0,0,0,0,0,47,0,0,0
662797,2021,8,15,"2021-08-15","20:05:00",3,"KS",20,0,0.88,0,0,0,0,37.87,-99.21,37.87,-99.21,0,0,0,0,0,47,0,0,0
662798,2021,8,15,"2021-08-15","20:59:00",3,"KS",20,0,0.88,0,0,0,0,37.59,-99.47,37.59,-99.47,0,0,0,0,0,97,0,0,0
662799,2021,8,15,"2021-08-15","22:50:00",3,"AZ",4,0,0.3,0,0,0,5000,33.5278,-111.0831,33.5278,-111.0831,0,0,0,0,0,13,0,0,0
662800,2021,8,16,"2021-08-16","00:15:00",3,"AZ",4,0,1,0,0,0,0,34.76,-112.45,34.76,-112.45,0,0,0,0,0,25,0,0,0
662801,2021,8,16,"2021-08-16","13:24:00",3,"AZ",4,0,0.88,0,0,0,0,32.61,-110.8,32.61,-110.8,0,0,0,0,0,21,0,0,0
662802,2021,8,16,"2021-08-16","13:37:00",3,"TX",48,0,1,0,0,0,0,35.5,-101.04,35.5,-101.04,0,0,0,0,0,179,0,0,0
662803,2021,8,16,"2021-08-16","14:52:00",3,"AZ",4,0,1,0,0,0,0,34.4,-110.59,34.4,-110.59,0,0,0,0,0,17,0,0,0
662804,2021,8,16,"2021-08-16","15:40:00",3,"AZ",4,0,2.5,0,0,0,0,35.08,-111.52,35.08,-111.66,0,0,0,0,0,5,0,0,0
662805,2021,8,16,"2021-08-16","23:41:00",3,"AZ",4,0,0.75,0,0,0,0,33.7413,-111.7567,33.7413,-111.7567,0,0,0,0,0,13,0,0,0
662806,2021,8,17,"2021-08-17","13:40:00",3,"UT",49,0,0.88,0,0,0,0,37.63,-112.16,37.63,-112.16,0,0,0,0,0,17,0,0,0
662807,2021,8,17,"2021-08-17","14:54:00",3,"UT",49,0,2,0,0,20000,0,38.24,-112.47,38.24,-112.47,0,0,0,0,0,1,0,0,0
662808,2021,8,17,"2021-08-17","21:41:00",3,"WY",56,0,0.75,0,0,0,0,43.47,-110.73,43.47,-110.73,0,0,0,0,0,39,0,0,0
662809,2021,8,18,"2021-08-18","14:00:00",3,"AZ",4,0,0.75,0,0,0,0,33.62,-111.98,33.62,-111.98,0,0,0,0,0,13,0,0,0
662810,2021,8,18,"2021-08-18","18:50:00",3,"AZ",4,0,1.75,0,0,0,0,36.41,-112.13,36.41,-112.13,0,0,0,0,0,5,0,0,0
662811,2021,8,18,"2021-08-18","21:03:00",3,"PA",42,0,0.75,0,0,0,0,40.22,-75.53,40.22,-75.53,0,0,0,0,0,91,0,0,0
662812,2021,8,19,"2021-08-19","11:01:00",3,"UT",49,0,0.75,0,0,0,0,39.33,-112.69,39.33,-112.69,0,0,0,0,0,27,0,0,0
662813,2021,8,19,"2021-08-19","14:25:00",3,"CO",8,0,2,0,0,0,0,39.8,-105.22,39.8,-105.22,0,0,0,0,0,59,0,0,0
662814,2021,8,19,"2021-08-19","14:28:00",3,"CO",8,0,1,0,0,0,0,39.83,-105.15,39.83,-105.15,0,0,0,0,0,59,0,0,0
662815,2021,8,19,"2021-08-19","14:29:00",3,"CO",8,0,1.5,0,0,0,0,39.81,-105.18,39.81,-105.18,0,0,0,0,0,59,0,0,0
662816,2021,8,19,"2021-08-19","14:30:00",3,"CO",8,0,1,0,0,0,0,39.36,-104.86,39.36,-104.86,0,0,0,0,0,35,0,0,0
662817,2021,8,19,"2021-08-19","14:33:00",3,"CO",8,0,1,0,0,0,0,39.34,-104.86,39.34,-104.86,0,0,0,0,0,35,0,0,0
662818,2021,8,19,"2021-08-19","14:40:00",3,"CO",8,0,0.75,0,0,0,0,39.88,-105.13,39.88,-105.13,0,0,0,0,0,59,0,0,0
662819,2021,8,19,"2021-08-19","14:40:00",3,"CO",8,0,1,0,0,0,0,39.85,-105.08,39.85,-105.08,0,0,0,0,0,59,0,0,0
662820,2021,8,19,"2021-08-19","14:40:00",3,"CO",8,0,0.75,0,0,0,0,39.37,-104.79,39.37,-104.79,0,0,0,0,0,35,0,0,0
662821,2021,8,19,"2021-08-19","14:42:00",3,"CO",8,0,0.88,0,0,0,0,39.37,-104.91,39.37,-104.91,0,0,0,0,0,35,0,0,0
662822,2021,8,19,"2021-08-19","14:45:00",3,"CO",8,0,1.5,0,0,0,0,39.87,-105.09,39.87,-105.09,0,0,0,0,0,59,0,0,0
662823,2021,8,19,"2021-08-19","14:45:00",3,"CO",8,0,1,0,0,0,0,39.88,-105.03,39.88,-105.03,0,0,0,0,0,1,0,0,0
662824,2021,8,19,"2021-08-19","14:45:00",3,"CO",8,0,1.25,0,0,0,0,39.91,-105.06,39.91,-105.06,0,0,0,0,0,59,0,0,0
662825,2021,8,19,"2021-08-19","14:46:00",3,"CO",8,0,1.5,0,0,0,0,39.88,-105.07,39.88,-105.07,0,0,0,0,0,59,0,0,0
662826,2021,8,19,"2021-08-19","14:47:00",3,"CO",8,0,1,0,0,0,0,39.89,-105.09,39.89,-105.09,0,0,0,0,0,59,0,0,0
662827,2021,8,19,"2021-08-19","14:48:00",3,"CO",8,0,1,0,0,0,0,39.88,-105.05,39.88,-105.05,0,0,0,0,0,59,0,0,0
662828,2021,8,19,"2021-08-19","14:49:00",3,"CO",8,0,1,0,0,0,0,39.87,-105.08,39.87,-105.08,0,0,0,0,0,59,0,0,0
662829,2021,8,19,"2021-08-19","14:50:00",3,"CO",8,0,1.25,0,0,0,0,39.9,-105.06,39.9,-105.06,0,0,0,0,0,59,0,0,0
662830,2021,8,19,"2021-08-19","14:50:00",3,"CO",8,0,1.25,0,0,0,0,39.89,-105.01,39.89,-105.01,0,0,0,0,0,1,0,0,0
662831,2021,8,19,"2021-08-19","14:50:00",3,"CO",8,0,1,0,0,0,0,39.89,-105.04,39.89,-105.04,0,0,0,0,0,1,0,0,0
662832,2021,8,19,"2021-08-19","14:50:00",3,"CO",8,0,0.75,0,0,0,0,39.93,-105.02,39.93,-105.02,0,0,0,0,0,14,0,0,0
662833,2021,8,19,"2021-08-19","14:50:00",3,"CO",8,0,1,0,0,0,0,39.9,-105.03,39.9,-105.03,0,0,0,0,0,1,0,0,0
662834,2021,8,19,"2021-08-19","14:53:00",3,"CO",8,0,1,0,0,0,0,39.93,-105.02,39.93,-105.02,0,0,0,0,0,14,0,0,0
662835,2021,8,19,"2021-08-19","14:53:00",3,"CO",8,0,0.75,0,0,0,0,39.93,-105,39.93,-105,0,0,0,0,0,1,0,0,0
662836,2021,8,19,"2021-08-19","15:06:00",3,"CO",8,0,1,0,0,0,0,39.93,-104.95,39.93,-104.95,0,0,0,0,0,1,0,0,0
662837,2021,8,19,"2021-08-19","15:09:00",3,"CO",8,0,0.75,0,0,0,0,39.96,-104.9,39.96,-104.9,0,0,0,0,0,1,0,0,0
662838,2021,8,19,"2021-08-19","15:19:00",3,"CO",8,0,0.75,0,0,0,0,39.43,-104.86,39.43,-104.86,0,0,0,0,0,35,0,0,0
662839,2021,8,19,"2021-08-19","15:30:00",3,"CO",8,0,1.5,0,0,0,0,40.17,-104.37,40.17,-104.37,0,0,0,0,0,123,0,0,0
662840,2021,8,19,"2021-08-19","15:40:00",3,"CO",8,0,0.75,0,0,0,0,39.5,-104.74,39.5,-104.74,0,0,0,0,0,35,0,0,0
662841,2021,8,19,"2021-08-19","15:45:00",3,"CO",8,0,1,0,0,0,0,39.46,-104.73,39.46,-104.73,0,0,0,0,0,35,0,0,0
662842,2021,8,19,"2021-08-19","15:51:00",3,"CO",8,0,0.75,0,0,0,0,39.51,-104.69,39.51,-104.69,0,0,0,0,0,35,0,0,0
662843,2021,8,19,"2021-08-19","16:00:00",3,"TX",48,0,1,0,0,0,0,31.8402,-102.5121,31.8402,-102.5121,0,0,0,0,0,135,0,0,0
662844,2021,8,19,"2021-08-19","16:02:00",3,"CO",8,0,1.5,0,0,0,0,39.75,-104.45,39.75,-104.45,0,0,0,0,0,1,0,0,0
662845,2021,8,19,"2021-08-19","16:05:00",3,"KS",20,0,1,0,0,0,0,39.6863,-101.8442,39.6863,-101.8442,0,0,0,0,0,23,0,0,0
662846,2021,8,19,"2021-08-19","16:05:00",3,"CO",8,0,1.25,0,0,0,0,39.76,-104.42,39.76,-104.42,0,0,0,0,0,1,0,0,0
662847,2021,8,19,"2021-08-19","16:06:00",3,"CO",8,0,0.88,0,0,0,0,40.22,-104.2,40.22,-104.2,0,0,0,0,0,123,0,0,0
662848,2021,8,19,"2021-08-19","16:19:00",3,"CO",8,0,0.75,0,0,0,0,40.29,-104.09,40.29,-104.09,0,0,0,0,0,87,0,0,0
662849,2021,8,19,"2021-08-19","16:22:00",3,"NE",31,0,1,0,0,0,0,41.11,-102.19,41.11,-102.19,0,0,0,0,0,49,0,0,0
662850,2021,8,19,"2021-08-19","16:22:00",3,"NE",31,0,1,0,0,0,0,41.69,-102.19,41.69,-102.19,0,0,0,0,0,69,0,0,0
662851,2021,8,19,"2021-08-19","17:45:00",3,"KS",20,0,0.88,0,0,0,0,39.2145,-101.3899,39.2145,-101.3899,0,0,0,0,0,193,0,0,0
662852,2021,8,19,"2021-08-19","18:43:00",3,"CO",8,0,1,0,0,0,0,40.3366,-102.7268,40.3366,-102.7268,0,0,0,0,0,125,0,0,0
662853,2021,8,19,"2021-08-19","18:57:00",3,"CO",8,0,1,0,0,0,0,40.3785,-102.6047,40.3785,-102.6047,0,0,0,0,0,125,0,0,0
662854,2021,8,19,"2021-08-19","19:00:00",3,"NE",31,0,2,0,0,0,0,40.63,-101.98,40.63,-101.98,0,0,0,0,0,29,0,0,0
662855,2021,8,19,"2021-08-19","20:45:00",3,"CO",8,0,0.75,0,0,0,0,40.1121,-102.2267,40.1121,-102.2267,0,0,0,0,0,125,0,0,0
662856,2021,8,19,"2021-08-19","20:50:00",3,"CO",8,0,1,0,0,0,0,40.137,-102.1921,40.137,-102.1921,0,0,0,0,0,125,0,0,0
662857,2021,8,20,"2021-08-20","13:49:00",3,"SD",46,0,0.75,0,0,0,0,43.39,-96.64,43.39,-96.64,0,0,0,0,0,83,0,0,0
662858,2021,8,20,"2021-08-20","15:10:00",3,"NE",31,0,0.75,0,0,0,0,40.23,-97.85,40.23,-97.85,0,0,0,0,0,129,0,0,0
662859,2021,8,20,"2021-08-20","15:36:00",3,"NE",31,0,1.5,0,0,25000,0,40.2398,-97.7564,40.2398,-97.7564,0,0,0,0,0,169,0,0,0
662860,2021,8,20,"2021-08-20","16:25:00",3,"NE",31,0,0.88,0,0,0,0,40.29,-97.5,40.29,-97.5,0,0,0,0,0,169,0,0,0
662861,2021,8,20,"2021-08-20","16:26:00",3,"KS",20,0,1,0,0,0,0,39.17,-97.82,39.17,-97.82,0,0,0,0,0,143,0,0,0
662862,2021,8,20,"2021-08-20","16:29:00",3,"KS",20,0,0.88,0,0,0,0,38.27,-99.15,38.27,-99.15,0,0,0,0,0,145,0,0,0
662863,2021,8,20,"2021-08-20","16:40:00",3,"NE",31,0,1.5,0,0,1e+05,3e+06,40.15,-97.47,40.1511,-97.3729,0,0,0,0,0,169,0,0,0
662864,2021,8,21,"2021-08-21","14:44:00",3,"TX",48,0,1.25,0,0,0,0,35.11,-101.96,35.11,-101.96,0,0,0,0,0,381,0,0,0
662865,2021,8,21,"2021-08-21","14:50:00",3,"TX",48,0,0.88,0,0,0,0,35.64,-101.47,35.64,-101.47,0,0,0,0,0,233,0,0,0
662866,2021,8,21,"2021-08-21","14:50:00",3,"TX",48,0,1,0,0,0,0,35.16,-101.92,35.16,-101.92,0,0,0,0,0,381,0,0,0
662867,2021,8,21,"2021-08-21","14:53:00",3,"VA",51,0,1,0,0,0,0,36.57,-80.39,36.57,-80.39,0,0,0,0,0,141,0,0,0
662868,2021,8,21,"2021-08-21","14:54:00",3,"TX",48,0,1.25,0,0,60000,0,35.1218,-101.9251,35.1218,-101.9251,0,0,0,0,0,381,0,0,0
662869,2021,8,21,"2021-08-21","15:00:00",3,"OK",40,0,1.75,0,0,0,0,36.07,-99.47,36.07,-99.47,0,0,0,0,0,45,0,0,0
662870,2021,8,21,"2021-08-21","15:44:00",3,"TX",48,0,2,0,0,0,0,36.4492,-100.5407,36.4617,-100.539,0,0,0,0,0,295,0,0,0
662871,2021,8,21,"2021-08-21","16:10:00",3,"OK",40,0,1,0,0,0,0,36.61,-100.52,36.61,-100.52,0,0,0,0,0,7,0,0,0
662872,2021,8,21,"2021-08-21","16:25:00",3,"OK",40,0,1.5,0,0,0,0,36.66,-100.52,36.66,-100.52,0,0,0,0,0,7,0,0,0
662873,2021,8,21,"2021-08-21","16:55:00",3,"OK",40,0,1.75,0,0,0,0,36.72,-100.83,36.72,-100.83,0,0,0,0,0,7,0,0,0
662874,2021,8,22,"2021-08-22","11:51:00",3,"MD",24,0,1,0,0,0,0,38.2413,-76.5598,38.2413,-76.5598,0,0,0,0,0,37,0,0,0
662875,2021,8,22,"2021-08-22","12:49:00",3,"SD",46,0,0.75,0,0,0,0,45.34,-97.41,45.34,-97.41,0,0,0,0,0,37,0,0,0
662876,2021,8,22,"2021-08-22","13:06:00",3,"VA",51,0,1.25,0,0,0,0,37.37,-76.58,37.37,-76.58,0,0,0,0,0,73,0,0,0
662877,2021,8,22,"2021-08-22","15:15:00",3,"MN",27,0,1,0,0,0,0,43.57,-96.16,43.57,-96.16,0,0,0,0,0,133,0,0,0
662878,2021,8,22,"2021-08-22","15:17:00",3,"ND",38,0,1.75,0,0,0,0,47.77,-99.93,47.77,-99.93,0,0,0,0,0,103,0,0,0
662879,2021,8,22,"2021-08-22","15:58:00",3,"SD",46,0,1.75,0,0,0,0,45.36,-99.25,45.36,-99.25,0,0,0,0,0,45,0,0,0
662880,2021,8,22,"2021-08-22","16:15:00",3,"NE",31,0,1,0,0,0,0,40.0178,-100.4736,40.0178,-100.4736,0,0,0,0,0,145,0,0,0
662881,2021,8,22,"2021-08-22","16:20:00",3,"NE",31,0,1.5,0,0,0,0,40.0388,-100.4123,40.0388,-100.4123,0,0,0,0,0,145,0,0,0
662882,2021,8,22,"2021-08-22","16:24:00",3,"NE",31,0,0.75,0,0,0,0,40.0543,-100.3434,40.0543,-100.3434,0,0,0,0,0,145,0,0,0
662883,2021,8,22,"2021-08-22","16:32:00",3,"SD",46,0,1,0,0,0,0,45.45,-98.84,45.45,-98.84,0,0,0,0,0,45,0,0,0
662884,2021,8,22,"2021-08-22","16:38:00",3,"SD",46,0,1,0,0,0,0,45.54,-98.61,45.54,-98.61,0,0,0,0,0,13,0,0,0
662885,2021,8,22,"2021-08-22","16:46:00",3,"NE",31,0,1,0,0,0,0,40.11,-99.65,40.11,-99.65,0,0,0,0,0,65,0,0,0
662886,2021,8,22,"2021-08-22","16:50:00",3,"NE",31,0,1.5,0,0,0,0,40.08,-100.1,40.08,-100.1,0,0,0,0,0,65,0,0,0
662887,2021,8,22,"2021-08-22","16:57:00",3,"SD",46,0,0.88,0,0,0,0,45.61,-98.31,45.61,-98.31,0,0,0,0,0,13,0,0,0
662888,2021,8,22,"2021-08-22","17:00:00",3,"SD",46,0,0.88,0,0,0,0,45.34,-98.76,45.34,-98.76,0,0,0,0,0,45,0,0,0
662889,2021,8,22,"2021-08-22","17:00:00",3,"ND",38,0,1.5,0,0,0,0,47.54,-99.13,47.54,-99.13,0,0,0,0,0,31,0,0,0
662890,2021,8,22,"2021-08-22","17:00:00",3,"ND",38,0,1.75,0,0,0,0,47.53,-99.11,47.53,-99.11,0,0,0,0,0,31,0,0,0
662891,2021,8,22,"2021-08-22","17:04:00",3,"NE",31,0,1,0,0,0,0,40.04,-99.89,40.04,-99.89,0,0,0,0,0,65,0,0,0
662892,2021,8,22,"2021-08-22","17:05:00",3,"ND",38,0,1,0,0,0,0,47.64,-99.08,47.64,-99.08,0,0,0,0,0,27,0,0,0
662893,2021,8,22,"2021-08-22","17:24:00",3,"SD",46,0,1.25,0,0,0,0,45.33,-98.49,45.33,-98.49,0,0,0,0,0,13,0,0,0
662894,2021,8,22,"2021-08-22","17:31:00",3,"NE",31,0,0.88,0,0,0,0,40.11,-99.65,40.11,-99.65,0,0,0,0,0,65,0,0,0
662895,2021,8,22,"2021-08-22","17:35:00",3,"SD",46,0,1.75,0,0,0,2e+05,43.92,-98.49,43.92,-98.49,0,0,0,0,0,3,0,0,0
662896,2021,8,22,"2021-08-22","17:36:00",3,"SD",46,0,2.75,0,0,0,0,45.23,-98.49,45.23,-98.49,0,0,0,0,0,115,0,0,0
662897,2021,8,22,"2021-08-22","17:39:00",3,"SD",46,0,1,0,0,0,0,43.93,-98.43,43.93,-98.43,0,0,0,0,0,3,0,0,0
662898,2021,8,22,"2021-08-22","17:40:00",3,"SD",46,0,2,0,0,0,0,45.23,-98.5,45.23,-98.5,0,0,0,0,0,115,0,0,0
662899,2021,8,22,"2021-08-22","17:45:00",3,"ND",38,0,1,0,0,0,0,47.77,-98.41,47.77,-98.41,0,0,0,0,0,63,0,0,0
662900,2021,8,22,"2021-08-22","17:48:00",3,"SD",46,0,1,0,0,0,0,45.24,-98.39,45.24,-98.39,0,0,0,0,0,115,0,0,0
662901,2021,8,22,"2021-08-22","18:00:00",3,"ND",38,0,1.25,0,0,0,0,47.27,-98.41,47.27,-98.41,0,0,0,0,0,39,0,0,0
662902,2021,8,22,"2021-08-22","18:10:00",3,"KS",20,0,0.75,0,0,0,0,39.9573,-99.8057,39.9573,-99.8057,0,0,0,0,0,137,0,0,0
662903,2021,8,22,"2021-08-22","18:15:00",3,"ND",38,0,1.75,0,0,0,0,47.43,-98.44,47.43,-98.44,0,0,0,0,0,39,0,0,0
662904,2021,8,22,"2021-08-22","18:18:00",3,"SD",46,0,1,0,0,0,0,45.21,-97.96,45.21,-97.96,0,0,0,0,0,37,0,0,0
662905,2021,8,22,"2021-08-22","18:35:00",3,"ND",38,0,1,0,0,0,0,47.33,-98.16,47.33,-98.16,0,0,0,0,0,39,0,0,0
662906,2021,8,22,"2021-08-22","18:48:00",3,"SD",46,0,1,0,0,0,0,43.87,-98.18,43.87,-98.18,0,0,0,0,0,111,0,0,0
662907,2021,8,22,"2021-08-22","18:52:00",3,"MN",27,0,1,0,0,0,0,44.16,-94.01,44.16,-94.01,0,0,0,0,0,13,0,0,0
662908,2021,8,22,"2021-08-22","18:52:00",3,"MN",27,0,1.75,0,0,0,0,44.16,-94.02,44.16,-94.02,0,0,0,0,0,13,0,0,0
662909,2021,8,22,"2021-08-22","18:53:00",3,"MN",27,0,1.75,0,0,0,0,44.1547,-93.9957,44.1547,-93.9957,0,0,0,0,0,13,0,0,0
662910,2021,8,22,"2021-08-22","18:53:00",3,"MN",27,0,1.25,0,0,0,0,44.17,-94,44.17,-94,0,0,0,0,0,13,0,0,0
662911,2021,8,22,"2021-08-22","18:54:00",3,"MN",27,0,1.25,0,0,0,0,44.1604,-93.9735,44.1604,-93.9735,0,0,0,0,0,13,0,0,0
662912,2021,8,22,"2021-08-22","18:54:00",3,"MN",27,0,2,0,0,0,0,44.1622,-93.9708,44.1622,-93.9708,0,0,0,0,0,13,0,0,0
662913,2021,8,22,"2021-08-22","18:55:00",3,"NE",31,0,1.75,0,0,25000,250000,40.97,-99.2334,40.97,-99.2334,0,0,0,0,0,19,0,0,0
662914,2021,8,22,"2021-08-22","19:09:00",3,"NE",31,0,1,0,0,0,0,41.25,-98.82,41.25,-98.82,0,0,0,0,0,163,0,0,0
662915,2021,8,22,"2021-08-22","21:00:00",3,"NE",31,0,1,0,0,0,0,40.1,-98.95,40.1,-98.95,0,0,0,0,0,61,0,0,0
662916,2021,8,23,"2021-08-23","16:15:00",3,"SD",46,0,1,0,0,0,0,43.74,-100.67,43.74,-100.67,0,0,0,0,0,75,0,0,0
662917,2021,8,23,"2021-08-23","16:25:00",3,"SD",46,0,1,0,0,0,0,43.6212,-100.8207,43.6212,-100.8207,0,0,0,0,0,95,0,0,0
662918,2021,8,23,"2021-08-23","17:55:00",3,"SD",46,0,1,0,0,0,0,44.83,-101.33,44.83,-101.33,0,0,0,0,0,137,0,0,0
662919,2021,8,23,"2021-08-23","18:13:00",3,"SD",46,0,1,0,0,0,0,45.02,-101.38,45.02,-101.38,0,0,0,0,0,41,0,0,0
662920,2021,8,23,"2021-08-23","18:19:00",3,"SD",46,0,1.25,0,0,0,0,45.02,-101.38,45.02,-101.38,0,0,0,0,0,41,0,0,0
662921,2021,8,23,"2021-08-23","20:47:00",3,"SD",46,0,1,0,0,0,0,45.46,-101.07,45.46,-101.07,0,0,0,0,0,41,0,0,0
662922,2021,8,23,"2021-08-23","22:24:00",3,"SD",46,0,1,0,0,0,0,45.17,-100.19,45.17,-100.19,0,0,0,0,0,107,0,0,0
662923,2021,8,23,"2021-08-23","23:28:00",3,"SD",46,0,1,0,0,0,0,45.05,-99.37,45.05,-99.37,0,0,0,0,0,49,0,0,0
662924,2021,8,24,"2021-08-24","02:52:00",3,"MN",27,0,1,0,0,0,0,44.48,-93.44,44.48,-93.44,0,0,0,0,0,131,0,0,0
662925,2021,8,24,"2021-08-24","05:18:00",3,"ND",38,0,0.88,0,0,0,20000,47.87,-101.96,47.87,-101.96,0,0,0,0,0,61,0,0,0
662926,2021,8,24,"2021-08-24","05:53:00",3,"MN",27,0,0.88,0,0,0,0,44.695,-93.4146,44.69,-93.38,0,0,0,0,0,139,0,0,0
662927,2021,8,24,"2021-08-24","06:24:00",3,"ND",38,0,1.25,0,0,0,0,48.13,-101.3,48.13,-101.3,0,0,0,0,0,101,0,0,0
662928,2021,8,24,"2021-08-24","07:13:00",3,"MN",27,0,1,0,0,0,0,44.45,-94.39,44.45,-94.39,0,0,0,0,0,103,0,0,0
662929,2021,8,24,"2021-08-24","07:32:00",3,"MN",27,0,1,0,0,0,0,43.95,-95.64,43.95,-95.64,0,0,0,0,0,101,0,0,0
662930,2021,8,24,"2021-08-24","08:05:00",3,"MN",27,0,1,0,0,0,0,43.95,-95.44,43.95,-95.44,0,0,0,0,0,33,0,0,0
662931,2021,8,24,"2021-08-24","08:12:00",3,"MN",27,0,1.25,0,0,0,0,43.85,-95.47,43.85,-95.47,0,0,0,0,0,101,0,0,0
662932,2021,8,24,"2021-08-24","08:32:00",3,"MN",27,0,1,0,0,0,0,43.9499,-95.1206,43.9499,-95.1206,0,0,0,0,0,33,0,0,0
662933,2021,8,24,"2021-08-24","08:55:00",3,"IA",19,0,1,0,0,0,0,43.44,-95.88,43.44,-95.88,0,0,0,0,0,119,0,0,0
662934,2021,8,24,"2021-08-24","09:19:00",3,"WI",55,0,1.75,0,0,0,0,44.13,-89,44.13,-89,0,0,0,0,0,137,0,0,0
662935,2021,8,24,"2021-08-24","10:08:00",3,"MN",27,0,0.88,0,0,0,0,43.57,-95.07,43.57,-95.07,0,0,0,0,0,63,0,0,0
662936,2021,8,24,"2021-08-24","14:05:00",3,"WI",55,0,0.88,0,0,0,0,43.16,-89.27,43.16,-89.27,0,0,0,0,0,25,0,0,0
662937,2021,8,24,"2021-08-24","14:26:00",3,"IA",19,0,1.75,0,0,0,0,42.53,-91.46,42.53,-91.46,0,0,0,0,0,55,0,0,0
662938,2021,8,24,"2021-08-24","14:38:00",3,"IA",19,0,0.88,0,0,0,0,42.19,-93.59,42.19,-93.59,0,0,0,0,0,169,0,0,0
662939,2021,8,24,"2021-08-24","14:58:00",3,"IA",19,0,1,0,0,0,0,42.46,-91.12,42.46,-91.12,0,0,0,0,0,61,0,0,0
662940,2021,8,24,"2021-08-24","15:33:00",3,"IA",19,0,1,0,0,0,0,42.4,-90.72,42.4,-90.72,0,0,0,0,0,61,0,0,0
662941,2021,8,24,"2021-08-24","16:20:00",3,"IL",17,0,1,0,0,0,0,42,-87.97,42,-87.97,0,0,0,0,0,31,0,0,0
662942,2021,8,24,"2021-08-24","22:25:00",3,"NE",31,0,1,0,0,0,0,41.28,-96.77,41.28,-96.77,0,0,0,0,0,155,0,0,0
662943,2021,8,25,"2021-08-25","00:10:00",3,"NE",31,0,1,0,0,0,0,41.19,-96.04,41.19,-96.04,0,0,0,0,0,153,0,0,0
662944,2021,8,25,"2021-08-25","00:13:00",3,"NE",31,0,1,0,0,0,0,41.01,-95.89,41.01,-95.89,0,0,0,0,0,25,0,0,0
662945,2021,8,25,"2021-08-25","00:15:00",3,"NE",31,0,1,0,0,0,0,41.19,-95.98,41.19,-95.98,0,0,0,0,0,153,0,0,0
662946,2021,8,25,"2021-08-25","13:40:00",3,"OH",39,0,1,0,0,0,0,38.44,-82.38,38.44,-82.38,0,0,0,0,0,87,0,0,0
662947,2021,8,25,"2021-08-25","14:15:00",3,"IL",17,0,1,0,0,0,0,39.8,-87.6,39.8,-87.6,0,0,0,0,0,45,0,0,0
662948,2021,8,25,"2021-08-25","14:56:00",3,"SD",46,0,1.5,0,0,0,33000,42.86,-97.9,42.86,-97.9,0,0,0,0,0,9,0,0,0
662949,2021,8,25,"2021-08-25","15:12:00",3,"IL",17,0,1.75,0,0,0,0,41.16,-90.09,41.16,-90.09,0,0,0,0,0,73,0,0,0
662950,2021,8,25,"2021-08-25","16:54:00",3,"IL",17,0,1,0,0,0,0,41.85,-87.9506,41.85,-87.9506,0,0,0,0,0,43,0,0,0
662951,2021,8,25,"2021-08-25","16:59:00",3,"IL",17,0,1,0,0,0,0,41.89,-87.99,41.89,-87.99,0,0,0,0,0,43,0,0,0
662952,2021,8,25,"2021-08-25","17:09:00",3,"IL",17,0,1,0,0,0,0,40.7205,-89.627,40.7205,-89.627,0,0,0,0,0,143,0,0,0
662953,2021,8,25,"2021-08-25","18:10:00",3,"KS",20,0,1.75,0,0,0,0,38.6643,-101.3308,38.6643,-101.3308,0,0,0,0,0,203,0,0,0
662954,2021,8,25,"2021-08-25","18:50:00",3,"KS",20,0,0.75,0,0,0,0,38.9077,-101.3514,38.9077,-101.3514,0,0,0,0,0,109,0,0,0
662955,2021,8,25,"2021-08-25","19:06:00",3,"KS",20,0,1,0,0,0,0,39.033,-101.3802,39.033,-101.3802,0,0,0,0,0,109,0,0,0
662956,2021,8,25,"2021-08-25","19:20:00",3,"KS",20,0,1,0,0,0,0,39.0801,-101.313,39.0801,-101.313,0,0,0,0,0,109,0,0,0
662957,2021,8,25,"2021-08-25","19:45:00",3,"KS",20,0,0.75,0,0,0,0,39.0601,-101.2395,39.0601,-101.2395,0,0,0,0,0,109,0,0,0
662958,2021,8,25,"2021-08-25","20:00:00",3,"KS",20,0,1,0,0,0,0,39.37,-101.2042,39.37,-101.2042,0,0,0,0,0,193,0,0,0
662959,2021,8,26,"2021-08-26","03:55:00",3,"WY",56,0,0.88,0,0,0,0,44.4499,-104.8233,44.4499,-104.8233,0,0,0,0,0,11,0,0,0
662960,2021,8,26,"2021-08-26","13:34:00",3,"SD",46,0,0.88,0,0,0,0,45.53,-96.99,45.53,-96.99,0,0,0,0,0,109,0,0,0
662961,2021,8,26,"2021-08-26","16:09:00",3,"CO",8,0,1,0,0,0,0,39.2999,-102.8699,39.2999,-102.8699,0,0,0,0,0,63,0,0,0
662962,2021,8,26,"2021-08-26","17:00:00",3,"KS",20,0,1,0,0,0,0,39.5114,-101.5732,39.5114,-101.5732,0,0,0,0,0,181,0,0,0
662963,2021,8,26,"2021-08-26","17:04:00",3,"KS",20,0,0.75,0,0,0,0,39.5114,-101.5732,39.5114,-101.5732,0,0,0,0,0,181,0,0,0
662964,2021,8,26,"2021-08-26","17:10:00",3,"MT",30,0,1.25,0,0,0,0,47.02,-108.48,47.02,-108.48,0,0,0,0,0,69,0,0,0
662965,2021,8,26,"2021-08-26","17:29:00",3,"SD",46,0,1,0,0,0,0,44.3,-103.87,44.3,-103.87,0,0,0,0,0,81,0,0,0
662966,2021,8,26,"2021-08-26","17:31:00",3,"MT",30,0,1,0,0,0,0,47.01,-108.31,47.01,-108.31,0,0,0,0,0,69,0,0,0
662967,2021,8,26,"2021-08-26","17:50:00",3,"MT",30,0,1,0,0,0,0,47,-108.31,47,-108.31,0,0,0,0,0,69,0,0,0
662968,2021,8,26,"2021-08-26","17:51:00",3,"NE",31,0,1,0,0,0,0,40.62,-100.94,40.62,-100.94,0,0,0,0,0,85,0,0,0
662969,2021,8,26,"2021-08-26","18:05:00",3,"KY",21,0,1,0,0,0,0,38.23,-85.73,38.23,-85.73,0,0,0,0,0,111,0,0,0
662970,2021,8,26,"2021-08-26","18:05:00",3,"SD",46,0,4.5,0,0,0,0,43.9791,-103.7731,43.9791,-103.7731,0,0,0,0,0,103,0,0,0
662971,2021,8,26,"2021-08-26","18:30:00",3,"MT",30,0,1,0,0,0,0,46.96,-107.9,46.96,-107.9,0,0,0,0,0,33,0,0,0
662972,2021,8,26,"2021-08-26","19:00:00",3,"WY",56,0,0.75,0,0,0,0,44.98,-106.85,44.98,-106.85,0,0,0,0,0,33,0,0,0
662973,2021,8,26,"2021-08-26","19:00:00",3,"SD",46,0,1.75,0,0,0,0,43.93,-103.58,43.93,-103.58,0,0,0,0,0,103,0,0,0
662974,2021,8,26,"2021-08-26","19:30:00",3,"SD",46,0,2.25,0,0,0,0,43.96,-103.21,43.96,-103.21,0,0,0,0,0,103,0,0,0
662975,2021,8,26,"2021-08-26","19:38:00",3,"SD",46,0,1,0,0,0,0,44.0221,-103.23,44.0221,-103.23,0,0,0,0,0,103,0,0,0
662976,2021,8,26,"2021-08-26","19:40:00",3,"SD",46,0,3,0,0,0,0,43.976,-103.168,43.976,-103.168,0,0,0,0,0,103,0,0,0
662977,2021,8,26,"2021-08-26","19:56:00",3,"SD",46,0,1,0,0,0,0,44.05,-103.05,44.05,-103.05,0,0,0,0,0,103,0,0,0
662978,2021,8,26,"2021-08-26","20:05:00",3,"SD",46,0,1,0,0,0,0,44,-102.98,44,-102.98,0,0,0,0,0,103,0,0,0
662979,2021,8,26,"2021-08-26","21:44:00",3,"NE",31,0,0.88,0,0,0,0,41.24,-98.56,41.24,-98.56,0,0,0,0,0,93,0,0,0
662980,2021,8,26,"2021-08-26","21:47:00",3,"IA",19,0,1,0,0,0,0,41.34,-92.23,41.34,-92.23,0,0,0,0,0,107,0,0,0
662981,2021,8,26,"2021-08-26","21:48:00",3,"IA",19,0,1.75,0,0,0,0,41.33,-92.21,41.33,-92.21,0,0,0,0,0,107,0,0,0
662982,2021,8,26,"2021-08-26","21:49:00",3,"IA",19,0,1.5,0,0,0,0,41.36,-92.21,41.36,-92.21,0,0,0,0,0,107,0,0,0
662983,2021,8,26,"2021-08-26","22:42:00",3,"IA",19,0,0.88,0,0,0,0,43.32,-94.72,43.32,-94.72,0,0,0,0,0,63,0,0,0
662984,2021,8,26,"2021-08-26","23:30:00",3,"IA",19,0,1.75,0,0,0,0,43.28,-96.39,43.28,-96.39,0,0,0,0,0,119,0,0,0
662985,2021,8,26,"2021-08-26","23:50:00",3,"MN",27,0,0.88,0,0,0,0,43.64,-94.87,43.64,-94.87,0,0,0,0,0,63,0,0,0
662986,2021,8,27,"2021-08-27","00:05:00",3,"IA",19,0,1,0,0,10000,180000,43.17,-96.29,43.17,-96.29,0,0,0,0,0,167,0,0,0
662987,2021,8,27,"2021-08-27","03:00:00",3,"IA",19,0,1,0,0,0,0,43.06,-94.07,43.06,-94.07,0,0,0,0,0,109,0,0,0
662988,2021,8,27,"2021-08-27","08:41:00",3,"WI",55,0,0.75,0,0,0,0,43.19,-89.62,43.19,-89.62,0,0,0,0,0,25,0,0,0
662989,2021,8,27,"2021-08-27","12:05:00",3,"RI",44,0,0.75,0,0,0,0,41.4997,-71.6611,41.4997,-71.6611,0,0,0,0,0,9,0,0,0
662990,2021,8,27,"2021-08-27","16:40:00",3,"MT",30,0,1,0,0,0,0,48.66,-106.48,48.66,-106.48,0,0,0,0,0,105,0,0,0
662991,2021,8,27,"2021-08-27","16:50:00",3,"NE",31,0,1.25,0,0,0,0,40.34,-97.57,40.34,-97.57,0,0,0,0,0,169,0,0,0
662992,2021,8,27,"2021-08-27","17:07:00",3,"NE",31,0,1,0,0,0,0,41.28,-96.24,41.28,-96.24,0,0,0,0,0,55,0,0,0
662993,2021,8,27,"2021-08-27","17:20:00",3,"SD",46,0,1.75,0,0,0,0,45.17,-103.75,45.17,-103.75,0,0,0,0,0,19,0,0,0
662994,2021,8,27,"2021-08-27","17:22:00",3,"NE",31,0,1.25,0,0,0,0,41.24,-96.4,41.24,-96.4,0,0,0,0,0,155,0,0,0
662995,2021,8,27,"2021-08-27","17:28:00",3,"NE",31,0,1.25,0,0,0,0,41.29,-96.19,41.29,-96.19,0,0,0,0,0,55,0,0,0
662996,2021,8,27,"2021-08-27","17:36:00",3,"NE",31,0,2.5,0,0,0,0,41.32,-96.35,41.32,-96.35,0,0,0,0,0,55,0,0,0
662997,2021,8,27,"2021-08-27","17:36:00",3,"ND",38,0,1,0,0,7000,0,47.82,-103.28,47.82,-103.28,0,0,0,0,0,53,0,0,0
662998,2021,8,27,"2021-08-27","17:37:00",3,"NE",31,0,2,0,0,0,0,41.31,-96.34,41.31,-96.34,0,0,0,0,0,55,0,0,0
662999,2021,8,27,"2021-08-27","17:40:00",3,"ND",38,0,1.5,0,0,0,0,48.63,-103.47,48.63,-103.47,0,0,0,0,0,105,0,0,0
663000,2021,8,27,"2021-08-27","17:42:00",3,"SD",46,0,1,0,0,0,0,45.1155,-103.289,45.1155,-103.289,0,0,0,0,0,19,0,0,0
663001,2021,8,27,"2021-08-27","17:43:00",3,"NE",31,0,1.5,0,0,0,0,41.32,-96.37,41.32,-96.37,0,0,0,0,0,55,0,0,0
663002,2021,8,27,"2021-08-27","17:45:00",3,"NE",31,0,1,0,0,0,0,40.26,-98.06,40.26,-98.06,0,0,0,0,0,129,0,0,0
663003,2021,8,28,"2021-08-28","00:35:00",3,"SD",46,0,1.25,0,0,0,0,45.53,-100.27,45.53,-100.27,0,0,0,0,0,129,0,0,0
663004,2021,8,28,"2021-08-28","00:56:00",3,"SD",46,0,1,0,0,0,0,45.55,-100.01,45.55,-100.01,0,0,0,0,0,129,0,0,0
663005,2021,8,28,"2021-08-28","01:32:00",3,"SD",46,0,2.5,0,0,0,0,45.39,-99.98,45.39,-99.98,0,0,0,0,0,129,0,0,0
663006,2021,8,28,"2021-08-28","02:20:00",3,"SD",46,0,1,0,0,0,0,45.4,-99.34,45.4,-99.34,0,0,0,0,0,45,0,0,0
663007,2021,8,28,"2021-08-28","02:25:00",3,"SD",46,0,1,0,0,0,0,45.5,-98.92,45.5,-98.92,0,0,0,0,0,45,0,0,0
663008,2021,8,28,"2021-08-28","02:48:00",3,"SD",46,0,1.75,0,0,0,0,45.4,-99.1,45.4,-99.1,0,0,0,0,0,45,0,0,0
663009,2021,8,28,"2021-08-28","02:48:00",3,"SD",46,0,2.5,0,0,0,0,45.3978,-99.0819,45.35,-98.722,0,0,0,0,0,45,0,0,0
663010,2021,8,28,"2021-08-28","03:00:00",3,"SD",46,0,1,0,0,0,0,45.34,-98.76,45.34,-98.76,0,0,0,0,0,45,0,0,0
663011,2021,8,28,"2021-08-28","03:08:00",3,"SD",46,0,2.5,0,0,0,0,45.35,-98.82,45.35,-98.82,0,0,0,0,0,45,0,0,0
663012,2021,8,28,"2021-08-28","03:13:00",3,"SD",46,0,2.75,0,0,0,0,45.35,-98.722,45.2843,-98.2071,0,0,0,0,0,13,0,0,0
663013,2021,8,28,"2021-08-28","03:30:00",3,"SD",46,0,1.5,0,0,0,0,45.33,-98.62,45.33,-98.62,0,0,0,0,0,13,0,0,0
663014,2021,8,28,"2021-08-28","03:34:00",3,"SD",46,0,1.75,0,0,0,0,45.33,-98.49,45.33,-98.49,0,0,0,0,0,13,0,0,0
663015,2021,8,28,"2021-08-28","04:06:00",3,"SD",46,0,2.75,0,0,0,0,45.2843,-98.2071,45.3088,-97.9806,0,0,0,0,0,13,0,0,0
663016,2021,8,28,"2021-08-28","04:13:00",3,"SD",46,0,2.75,0,0,0,0,45.3,-98.073,45.3,-98.073,0,0,0,0,0,13,0,0,0
663017,2021,8,28,"2021-08-28","04:20:00",3,"SD",46,0,2.5,0,0,0,0,45.2446,-97.8372,45.2235,-97.2644,0,0,0,0,0,37,0,0,0
663018,2021,8,28,"2021-08-28","04:44:00",3,"SD",46,0,2,0,0,0,0,45.26,-97.71,45.26,-97.71,0,0,0,0,0,37,0,0,0
663019,2021,8,28,"2021-08-28","05:03:00",3,"SD",46,0,1.75,0,0,0,0,45.23,-97.56,45.23,-97.56,0,0,0,0,0,37,0,0,0
663020,2021,8,28,"2021-08-28","05:50:00",3,"SD",46,0,2.75,0,0,0,0,45.21,-97.09,45.21,-97.09,0,0,0,0,0,51,0,0,0
663021,2021,8,28,"2021-08-28","06:10:00",3,"SD",46,0,1,0,0,0,0,45.34,-99.21,45.34,-99.21,0,0,0,0,0,45,0,0,0
663022,2021,8,28,"2021-08-28","06:15:00",3,"SD",46,0,1,0,0,0,0,45.81,-98.25,45.81,-98.25,0,0,0,0,0,13,0,0,0
663023,2021,8,28,"2021-08-28","06:33:00",3,"SD",46,0,1.25,0,0,0,0,45.22,-96.68,45.22,-96.68,0,0,0,0,0,51,0,0,0
663024,2021,8,28,"2021-08-28","06:53:00",3,"MN",27,0,1,0,0,0,0,45.3,-96.44,45.3,-96.44,0,0,0,0,0,11,0,0,0
663025,2021,8,28,"2021-08-28","07:25:00",3,"SD",46,0,1,0,0,0,0,45.27,-97.42,45.27,-97.42,0,0,0,0,0,37,0,0,0
663026,2021,8,28,"2021-08-28","07:30:00",3,"SD",46,0,2.5,0,0,0,0,45.22,-97.38,45.22,-97.38,0,0,0,0,0,37,0,0,0
663027,2021,8,28,"2021-08-28","08:15:00",3,"SD",46,0,2.5,0,0,0,0,45.26,-96.68,45.26,-96.68,0,0,0,0,0,51,0,0,0
663028,2021,8,28,"2021-08-28","08:19:00",3,"SD",46,0,1.75,0,0,0,0,45.22,-96.64,45.22,-96.64,0,0,0,0,0,51,0,0,0
663029,2021,8,28,"2021-08-28","08:35:00",3,"SD",46,0,1.25,0,0,0,0,45.3,-96.47,45.3,-96.47,0,0,0,0,0,51,0,0,0
663030,2021,8,28,"2021-08-28","08:42:00",3,"MN",27,0,0.75,0,0,0,0,45.26,-96.33,45.26,-96.33,0,0,0,0,0,11,0,0,0
663031,2021,8,28,"2021-08-28","08:57:00",3,"MN",27,0,2.75,0,0,0,0,45.26,-96.12,45.26,-96.12,0,0,0,0,0,11,0,0,0
663032,2021,8,28,"2021-08-28","09:00:00",3,"MN",27,0,3,0,0,0,0,45.27,-96.11,45.27,-96.11,0,0,0,0,0,151,0,0,0
663033,2021,8,28,"2021-08-28","09:24:00",3,"MN",27,0,2.75,0,0,0,0,45.3,-95.75,45.3,-95.75,0,0,0,0,0,151,0,0,0
663034,2021,8,28,"2021-08-28","09:54:00",3,"MN",27,0,1.25,0,0,0,0,45.83,-95.22,45.83,-95.22,0,0,0,0,0,41,0,0,0
663035,2021,8,28,"2021-08-28","10:46:00",3,"MN",27,0,1,0,0,0,0,45.81,-94.61,45.81,-94.61,0,0,0,0,0,97,0,0,0
663036,2021,8,28,"2021-08-28","10:50:00",3,"MN",27,0,1.5,0,0,0,0,45.62,-94.21,45.62,-94.21,0,0,0,0,0,145,0,0,0
663037,2021,8,28,"2021-08-28","10:55:00",3,"MN",27,0,1.25,0,0,1e+05,0,45.61,-94.17,45.61,-94.17,0,0,0,0,0,9,0,0,0
663038,2021,8,28,"2021-08-28","10:55:00",3,"MN",27,0,1.5,0,0,0,0,45.59,-94.17,45.59,-94.17,0,0,0,0,0,9,0,0,0
663039,2021,8,28,"2021-08-28","10:58:00",3,"MN",27,0,2,0,0,0,0,45.83,-94.31,45.83,-94.31,0,0,0,0,0,97,0,0,0
663040,2021,8,28,"2021-08-28","11:00:00",3,"MN",27,0,1.75,0,0,0,0,45.69,-94.03,45.69,-94.03,0,0,0,0,0,9,0,0,0
663041,2021,8,28,"2021-08-28","11:00:00",3,"MN",27,0,2.5,0,0,250000,0,45.64,-94.09,45.6618,-94.021,0,0,0,0,0,9,0,0,0
663042,2021,8,28,"2021-08-28","11:30:00",3,"MN",27,0,1,0,0,0,0,45.75,-93.74,45.75,-93.74,0,0,0,0,0,95,0,0,0
663043,2021,8,28,"2021-08-28","14:32:00",3,"SD",46,0,1,0,0,0,0,43.84,-97.29,43.84,-97.29,0,0,0,0,0,87,0,0,0
663044,2021,8,28,"2021-08-28","15:15:00",3,"SD",46,0,1,0,0,0,11000,43.28,-97.09,43.28,-97.09,0,0,0,0,0,125,0,0,0
663045,2021,8,28,"2021-08-28","16:28:00",3,"IA",19,0,1,0,0,0,0,43.45,-96.43,43.45,-96.43,0,0,0,0,0,119,0,0,0
663046,2021,8,28,"2021-08-28","16:38:00",3,"MN",27,0,1,0,0,0,0,43.53,-96.36,43.53,-96.36,0,0,0,0,0,133,0,0,0
663047,2021,8,28,"2021-08-28","17:20:00",3,"MN",27,0,1,0,0,0,4000,43.95,-96.4,43.95,-96.4,0,0,0,0,0,117,0,0,0
663048,2021,8,28,"2021-08-28","17:35:00",3,"NE",31,0,1.5,0,0,0,0,41.49,-100.48,41.49,-100.48,0,0,0,0,0,113,0,0,0
663049,2021,8,28,"2021-08-28","17:52:00",3,"SD",46,0,1.25,0,0,0,0,43.27,-96.67,43.27,-96.67,0,0,0,0,0,83,0,0,0
663050,2021,8,28,"2021-08-28","17:55:00",3,"SD",46,0,1,0,0,0,0,43.43,-96.71,43.43,-96.71,0,0,0,0,0,83,0,0,0
663051,2021,8,28,"2021-08-28","17:55:00",3,"SD",46,0,1,0,0,0,0,43.43,-96.7,43.43,-96.7,0,0,0,0,0,83,0,0,0
663052,2021,8,28,"2021-08-28","17:58:00",3,"SD",46,0,1.75,0,0,0,0,43.72,-97.39,43.72,-97.39,0,0,0,0,0,87,0,0,0
663053,2021,8,28,"2021-08-28","18:16:00",3,"SD",46,0,1,0,0,0,575000,43.33,-96.55,43.33,-96.55,0,0,0,0,0,83,0,0,0
663054,2021,8,28,"2021-08-28","18:20:00",3,"SD",46,0,1.75,0,0,0,0,43.69,-97.38,43.69,-97.38,0,0,0,0,0,87,0,0,0
663055,2021,8,28,"2021-08-28","18:35:00",3,"NE",31,0,1.25,0,0,0,0,41.87,-99.27,41.87,-99.27,0,0,0,0,0,115,0,0,0
663056,2021,8,28,"2021-08-28","18:35:00",3,"IA",19,0,1,0,0,0,0,43.39,-96.47,43.39,-96.47,0,0,0,0,0,119,0,0,0
663057,2021,8,28,"2021-08-28","18:36:00",3,"MN",27,0,3.5,0,0,0,0,44.11,-95.97,44.11,-95.97,0,0,0,0,0,101,0,0,0
663058,2021,8,28,"2021-08-28","18:40:00",3,"MN",27,0,2.25,0,0,0,19000,44.09,-95.96,44.09,-95.96,0,0,0,0,0,101,0,0,0
663059,2021,8,28,"2021-08-28","18:41:00",3,"MN",27,0,3.75,0,0,0,0,44.11,-95.95,44.11,-95.95,0,0,0,0,0,101,0,0,0
663060,2021,8,28,"2021-08-28","18:48:00",3,"IA",19,0,4,0,0,3e+05,0,43.45,-96.43,43.45,-96.43,0,0,0,0,0,119,0,0,0
663061,2021,8,28,"2021-08-28","18:48:00",3,"IA",19,0,2.5,0,0,0,188000,43.46,-96.45,43.46,-96.45,0,0,0,0,0,119,0,0,0
663062,2021,8,28,"2021-08-28","18:50:00",3,"SD",46,0,1.5,0,0,0,0,43.6,-97.19,43.6,-97.19,0,0,0,0,0,87,0,0,0
663063,2021,8,28,"2021-08-28","18:53:00",3,"IA",19,0,1,0,0,0,0,43.44,-96.33,43.44,-96.33,0,0,0,0,0,119,0,0,0
663064,2021,8,28,"2021-08-28","19:08:00",3,"MN",27,0,1.75,0,0,0,0,43.53,-96.36,43.53,-96.36,0,0,0,0,0,133,0,0,0
663065,2021,8,28,"2021-08-28","19:21:00",3,"MN",27,0,1.75,0,0,0,0,44.13,-95.67,44.13,-95.67,0,0,0,0,0,101,0,0,0
663066,2021,8,28,"2021-08-28","20:00:00",3,"WI",55,0,0.75,0,0,0,0,43.95,-88.08,43.95,-88.08,0,0,0,0,0,15,0,0,0
663067,2021,8,29,"2021-08-29","15:50:00",3,"VA",51,0,0.75,0,0,3000,0,37.2373,-80.6135,37.2373,-80.6135,0,0,0,0,0,121,0,0,0
663068,2021,8,29,"2021-08-29","16:01:00",3,"CO",8,0,1.25,0,0,0,0,39.38,-105.8,39.38,-105.8,0,0,0,0,0,93,0,0,0
663069,2021,8,29,"2021-08-29","17:21:00",3,"OH",39,0,0.75,0,0,0,0,40.892,-83.6651,40.892,-83.6651,0,0,0,0,0,63,0,0,0
663070,2021,8,30,"2021-08-30","11:14:00",3,"ND",38,0,1.5,0,0,0,0,47.11,-101.64,47.11,-101.64,0,0,0,0,0,65,0,0,0
663071,2021,8,30,"2021-08-30","11:28:00",3,"SD",46,0,0.88,0,0,0,0,43.4,-97.87,43.4,-97.87,0,0,0,0,0,67,0,0,0
663072,2021,8,30,"2021-08-30","12:30:00",3,"ND",38,0,1.5,0,0,0,0,47.3,-101.69,47.3,-101.69,0,0,0,0,0,57,0,0,0
663073,2021,8,30,"2021-08-30","12:40:00",3,"ND",38,0,2,0,0,0,0,46.94,-101.41,46.94,-101.41,0,0,0,0,0,59,0,0,0
663074,2021,8,30,"2021-08-30","12:45:00",3,"ND",38,0,1.75,0,0,7000,0,47.31,-101.76,47.31,-101.76,0,0,0,0,0,57,0,0,0
663075,2021,8,30,"2021-08-30","13:11:00",3,"ND",38,0,1.75,0,0,0,0,46.88,-101.34,46.88,-101.34,0,0,0,0,0,59,0,0,0
663076,2021,8,30,"2021-08-30","13:24:00",3,"ND",38,0,1,0,0,0,0,46.86,-101.26,46.86,-101.26,0,0,0,0,0,59,0,0,0
663077,2021,8,30,"2021-08-30","13:25:00",3,"ND",38,0,2.75,0,0,2e+05,0,46.85,-101.33,46.8438,-101.32,0,0,0,0,0,59,0,0,0
663078,2021,8,30,"2021-08-30","15:00:00",3,"ND",38,0,1.25,0,0,20000,50000,47.71,-101.7,47.71,-101.7,0,0,0,0,0,55,0,0,0
663079,2021,8,30,"2021-08-30","15:05:00",3,"ND",38,0,2.25,0,0,0,50000,46.69,-101.14,46.69,-101.14,0,0,0,0,0,59,0,0,0
663080,2021,8,30,"2021-08-30","15:10:00",3,"SD",46,0,1,0,0,0,0,44.1388,-103.5713,44.1388,-103.5713,0,0,0,0,0,81,0,0,0
663081,2021,8,30,"2021-08-30","15:18:00",3,"ND",38,0,1,0,0,0,0,46.81,-101.82,46.81,-101.82,0,0,0,0,0,59,0,0,0
663082,2021,8,30,"2021-08-30","15:30:00",3,"SD",46,0,1,0,0,0,0,44.0911,-103.5328,44.0911,-103.5328,0,0,0,0,0,103,0,0,0
663083,2021,8,30,"2021-08-30","15:41:00",3,"SD",46,0,1,0,0,0,43000,43.62,-98.11,43.62,-98.11,0,0,0,0,0,35,0,0,0
663084,2021,8,30,"2021-08-30","15:50:00",3,"ND",38,0,1.75,0,0,0,0,46.74,-101.77,46.74,-101.77,0,0,0,0,0,59,0,0,0
663085,2021,8,30,"2021-08-30","15:51:00",3,"ND",38,0,2,0,0,0,0,46.61,-101.31,46.61,-101.31,0,0,0,0,0,37,0,0,0
663086,2021,8,30,"2021-08-30","15:55:00",3,"ND",38,0,2,0,0,0,0,46.65,-101.28,46.65,-101.28,0,0,0,0,0,59,0,0,0
663087,2021,8,30,"2021-08-30","16:03:00",3,"SD",46,0,1,0,0,0,0,43.58,-98.01,43.58,-98.01,0,0,0,0,0,35,0,0,0
663088,2021,8,30,"2021-08-30","16:11:00",3,"ND",38,0,2.75,0,0,0,0,46.48,-102.52,46.48,-102.52,0,0,0,0,0,41,0,0,0
663089,2021,8,30,"2021-08-30","16:13:00",3,"SD",46,0,0.88,0,0,0,0,43.55,-97.97,43.55,-97.97,0,0,0,0,0,35,0,0,0
663090,2021,8,30,"2021-08-30","16:14:00",3,"SD",46,0,1.5,0,0,0,0,43.93,-103.58,43.93,-103.58,0,0,0,0,0,103,0,0,0
663091,2021,8,30,"2021-08-30","16:18:00",3,"SD",46,0,1.25,0,0,0,0,43.33,-97.58,43.33,-97.58,0,0,0,0,0,67,0,0,0
663092,2021,8,30,"2021-08-30","16:25:00",3,"SD",46,0,1.75,0,0,0,0,43.93,-103.5599,43.93,-103.5599,0,0,0,0,0,103,0,0,0
663093,2021,8,30,"2021-08-30","16:27:00",3,"SD",46,0,1.75,0,0,0,27000,43.3,-97.49,43.3,-97.49,0,0,0,0,0,67,0,0,0
663094,2021,8,30,"2021-08-30","16:29:00",3,"SD",46,0,0.88,0,0,0,0,43.57,-97.79,43.57,-97.79,0,0,0,0,0,61,0,0,0
663095,2021,8,30,"2021-08-30","16:30:00",3,"SD",46,0,2.75,0,0,0,0,43.8993,-103.5374,43.8993,-103.5374,0,0,0,0,0,103,0,0,0
663096,2021,8,30,"2021-08-30","16:30:00",3,"ND",38,0,1.75,0,0,0,0,46.67,-101.26,46.67,-101.26,0,0,0,0,0,59,0,0,0
663097,2021,8,30,"2021-08-30","16:34:00",3,"ND",38,0,1.75,0,0,0,0,46.5,-101.23,46.5,-101.23,0,0,0,0,0,59,0,0,0
663098,2021,8,30,"2021-08-30","16:38:00",3,"SD",46,0,1.25,0,0,0,0,43.44,-97.69,43.44,-97.69,0,0,0,0,0,67,0,0,0
663099,2021,8,30,"2021-08-30","16:40:00",3,"SD",46,0,2,0,0,0,0,45.63,-102.17,45.63,-102.17,0,0,0,0,0,105,0,0,0
663100,2021,8,30,"2021-08-30","16:43:00",3,"SD",46,0,1,0,0,0,0,43.44,-97.66,43.44,-97.66,0,0,0,0,0,67,0,0,0
663101,2021,8,30,"2021-08-30","16:53:00",3,"ND",38,0,3,0,0,35000,0,46.3318,-102.4721,46.31,-102.33,0,0,0,0,0,41,0,0,0
663102,2021,8,30,"2021-08-30","16:55:00",3,"ND",38,0,1,0,0,0,0,47.59,-101.77,47.59,-101.77,0,0,0,0,0,55,0,0,0
663103,2021,8,30,"2021-08-30","16:56:00",3,"SD",46,0,1,0,0,0,0,43.7,-103.48,43.7,-103.48,0,0,0,0,0,33,0,0,0
663104,2021,8,30,"2021-08-30","17:05:00",3,"ND",38,0,2.75,0,0,4e+05,750000,46.5169,-101.1898,46.51,-101.16,0,0,0,0,0,59,0,0,0
663105,2021,8,30,"2021-08-30","17:15:00",3,"SD",46,0,2.75,0,0,0,0,45.5522,-102.1436,45.5522,-102.1436,0,0,0,0,0,105,0,0,0
663106,2021,8,30,"2021-08-30","17:35:00",3,"SD",46,0,1,0,0,0,0,43.6184,-103.309,43.6184,-103.309,0,0,0,0,0,33,0,0,0
663107,2021,8,30,"2021-08-30","17:50:00",3,"ND",38,0,3,0,0,350000,4e+05,46.09,-102.5,45.9584,-102.403,0,0,0,0,0,1,0,0,0
663108,2021,8,30,"2021-08-30","17:55:00",3,"SD",46,0,1.75,0,0,0,0,45.39,-102.14,45.39,-102.14,0,0,0,0,0,105,0,0,0
663109,2021,8,30,"2021-08-30","18:05:00",3,"SD",46,0,1,0,0,0,0,43.5964,-103.1564,43.5964,-103.1564,0,0,0,0,0,33,0,0,0
663110,2021,8,30,"2021-08-30","18:06:00",3,"IA",19,0,1,0,0,0,2e+05,43,-96.49,43,-96.49,0,0,0,0,0,167,0,0,0
663111,2021,8,30,"2021-08-30","18:32:00",3,"SD",46,0,1.75,0,0,0,6000,42.99,-96.77,42.99,-96.77,0,0,0,0,0,127,0,0,0
663112,2021,8,30,"2021-08-30","18:35:00",3,"SD",46,0,1.75,0,0,0,0,45.8786,-102.4483,45.8786,-102.4483,0,0,0,0,0,105,0,0,0
663113,2021,8,30,"2021-08-30","18:38:00",3,"SD",46,0,0.75,0,0,0,0,42.94,-96.71,42.94,-96.71,0,0,0,0,0,127,0,0,0
663114,2021,8,30,"2021-08-30","18:40:00",3,"SD",46,0,1.5,0,0,0,0,45.1791,-102.1019,45.1791,-102.1019,0,0,0,0,0,105,0,0,0
663115,2021,8,30,"2021-08-30","18:55:00",3,"SD",46,0,2,0,0,0,0,45.0445,-102.03,45.0445,-102.03,0,0,0,0,0,93,0,0,0
663116,2021,8,30,"2021-08-30","18:56:00",3,"SD",46,0,1.75,0,0,0,0,45.81,-102.45,45.81,-102.45,0,0,0,0,0,105,0,0,0
663117,2021,8,30,"2021-08-30","18:58:00",3,"SD",46,0,1,0,0,0,0,43.46,-97.51,43.46,-97.51,0,0,0,0,0,67,0,0,0
663118,2021,8,30,"2021-08-30","20:00:00",3,"SD",46,0,1.75,0,0,0,0,44.7755,-101.8488,44.7755,-101.8488,0,0,0,0,0,137,0,0,0
663119,2021,8,30,"2021-08-30","20:30:00",3,"SD",46,0,0.88,0,0,0,0,43.31,-97.46,43.31,-97.46,0,0,0,0,0,67,0,0,0
663120,2021,8,30,"2021-08-30","20:36:00",3,"SD",46,0,0.75,0,0,0,0,43.33,-97.45,43.33,-97.45,0,0,0,0,0,67,0,0,0
663121,2021,8,30,"2021-08-30","20:40:00",3,"SD",46,0,1,0,0,0,0,44.52,-102.22,44.52,-102.22,0,0,0,0,0,93,0,0,0
663122,2021,8,30,"2021-08-30","20:50:00",3,"NE",31,0,1,0,0,0,0,42.93,-100.75,42.93,-100.75,0,0,0,0,0,31,0,0,0
663123,2021,8,30,"2021-08-30","20:50:00",3,"SD",46,0,1,0,0,0,0,45.0766,-101.7332,45.0766,-101.7332,0,0,0,0,0,137,0,0,0
663124,2021,8,30,"2021-08-30","20:54:00",3,"IA",19,0,0.75,0,0,0,0,42.32,-95.44,42.32,-95.44,0,0,0,0,0,93,0,0,0
663125,2021,8,30,"2021-08-30","21:02:00",3,"IA",19,0,1.75,0,0,0,0,42.25,-95.35,42.25,-95.35,0,0,0,0,0,93,0,0,0
663126,2021,8,30,"2021-08-30","21:06:00",3,"IA",19,0,1.75,0,0,0,33000,42.23,-95.34,42.23,-95.34,0,0,0,0,0,93,0,0,0
663127,2021,8,30,"2021-08-30","21:30:00",3,"IA",19,0,1,0,0,0,0,42.06,-95.2,42.06,-95.2,0,0,0,0,0,47,0,0,0
663128,2021,8,30,"2021-08-30","21:37:00",3,"NE",31,0,1,0,0,0,0,42.28,-97.19,42.28,-97.19,0,0,0,0,0,179,0,0,0
663129,2021,8,30,"2021-08-30","21:50:00",3,"NE",31,0,1,0,0,0,0,42.36,-97.59,42.36,-97.59,0,0,0,0,0,139,0,0,0
663130,2021,8,30,"2021-08-30","21:55:00",3,"NE",31,0,1.5,0,0,0,0,42.2,-97.53,42.2,-97.53,0,0,0,0,0,139,0,0,0
663131,2021,8,30,"2021-08-30","21:58:00",3,"NE",31,0,1.25,0,0,0,0,42.36,-97.59,42.36,-97.59,0,0,0,0,0,139,0,0,0
663132,2021,8,30,"2021-08-30","22:00:00",3,"NE",31,0,1,0,0,0,0,42.85,-100.58,42.85,-100.58,0,0,0,0,0,31,0,0,0
663133,2021,8,30,"2021-08-30","22:03:00",3,"NE",31,0,1,0,0,0,0,42.18,-97.17,42.18,-97.17,0,0,0,0,0,179,0,0,0
663134,2021,8,30,"2021-08-30","22:11:00",3,"NE",31,0,2.5,0,0,0,0,42.71,-97.25,42.71,-97.25,0,0,0,0,0,27,0,0,0
663135,2021,8,30,"2021-08-30","22:15:00",3,"NE",31,0,1.75,0,0,0,0,42.73,-97.27,42.73,-97.27,0,0,0,0,0,27,0,0,0
663136,2021,8,30,"2021-08-30","22:25:00",3,"NE",31,0,1,0,0,0,0,42.74,-100.53,42.74,-100.53,0,0,0,0,0,31,0,0,0
663137,2021,8,30,"2021-08-30","22:40:00",3,"NE",31,0,2.5,0,0,0,0,42.02,-97.21,42.02,-97.21,0,0,0,0,0,167,0,0,0
663138,2021,8,30,"2021-08-30","22:42:00",3,"NE",31,0,1,0,0,0,0,42.02,-97.1,42.02,-97.1,0,0,0,0,0,167,0,0,0
663139,2021,8,30,"2021-08-30","22:45:00",3,"NE",31,0,1.75,0,0,0,0,42.6,-98.04,42.6,-98.04,0,0,0,0,0,107,0,0,0
663140,2021,8,30,"2021-08-30","22:45:00",3,"NE",31,0,1.75,0,0,0,0,42.02,-97.21,42.02,-97.21,0,0,0,0,0,167,0,0,0
663141,2021,8,30,"2021-08-30","22:50:00",3,"NE",31,0,2.5,0,0,0,0,42.6,-98.03,42.6,-98.03,0,0,0,0,0,107,0,0,0
663142,2021,8,30,"2021-08-30","23:05:00",3,"NE",31,0,1.75,0,0,0,0,41.87,-97.12,41.87,-97.12,0,0,0,0,0,167,0,0,0
663143,2021,8,30,"2021-08-30","23:08:00",3,"SD",46,0,1,0,0,0,0,43.56,-98.42,43.56,-98.42,0,0,0,0,0,3,0,0,0
663144,2021,8,30,"2021-08-30","23:40:00",3,"NE",31,0,1,0,0,0,0,42.11,-97.45,42.11,-97.45,0,0,0,0,0,139,0,0,0
663145,2021,8,30,"2021-08-30","23:43:00",3,"NE",31,0,1,0,0,0,0,41.7,-96.79,41.7,-96.79,0,0,0,0,0,53,0,0,0
662411,2021,8,1,"2021-08-01","03:14:00",3,"NC",37,0,1,0,0,0,0,36.03,-80.62,36.03,-80.62,0,0,0,0,0,59,0,0,0
662412,2021,8,1,"2021-08-01","03:19:00",3,"NC",37,0,1,0,0,0,0,36.01,-80.53,36.01,-80.53,0,0,0,0,0,59,0,0,0
662413,2021,8,1,"2021-08-01","12:29:00",3,"NC",37,0,0.88,0,0,0,0,35.23,-77.85,35.23,-77.85,0,0,0,0,0,191,0,0,0
662414,2021,8,1,"2021-08-01","12:30:00",3,"AR",5,0,0.75,0,0,0,0,34.16,-93.63,34.16,-93.63,0,0,0,0,0,109,0,0,0
662415,2021,8,1,"2021-08-01","12:46:00",3,"NC",37,0,1.5,0,0,0,0,35.7104,-79.7075,35.7104,-79.7075,0,0,0,0,0,151,0,0,0
662416,2021,8,1,"2021-08-01","12:50:00",3,"NC",37,0,0.75,0,0,0,0,35.67,-79.66,35.67,-79.66,0,0,0,0,0,151,0,0,0
662417,2021,8,1,"2021-08-01","13:33:00",3,"AR",5,0,1,0,0,0,0,34.73,-94.43,34.73,-94.43,0,0,0,0,0,127,0,0,0
662418,2021,8,1,"2021-08-01","15:03:00",3,"TX",48,0,1.75,0,0,50000,0,32.83,-97.07,32.83,-97.07,0,0,0,0,0,439,0,0,0
662419,2021,8,1,"2021-08-01","15:05:00",3,"TX",48,0,1.5,0,0,0,0,32.8648,-97.0779,32.8648,-97.0779,0,0,0,0,0,439,0,0,0
662420,2021,8,1,"2021-08-01","15:05:00",3,"TX",48,0,1.75,0,0,50000,0,32.84,-97.08,32.84,-97.08,0,0,0,0,0,439,0,0,0
662421,2021,8,1,"2021-08-01","15:05:00",3,"TX",48,0,1,0,0,0,0,32.84,-97.12,32.84,-97.12,0,0,0,0,0,439,0,0,0
662422,2021,8,1,"2021-08-01","15:15:00",3,"TX",48,0,1.75,0,0,50000,0,32.84,-97.14,32.84,-97.14,0,0,0,0,0,439,0,0,0
662423,2021,8,1,"2021-08-01","15:18:00",3,"TX",48,0,1,0,0,0,0,32.84,-97.16,32.84,-97.16,0,0,0,0,0,439,0,0,0
662424,2021,8,1,"2021-08-01","15:55:00",3,"UT",49,0,0.75,0,0,0,0,37.76,-113.04,37.76,-113.04,0,0,0,0,0,21,0,0,0
662425,2021,8,1,"2021-08-01","16:00:00",3,"UT",49,0,1,0,0,0,0,37.76,-113.04,37.76,-113.04,0,0,0,0,0,21,0,0,0
662426,2021,8,2,"2021-08-02","14:30:00",3,"OR",41,0,1,0,0,0,0,43.98,-121.2,44.065,-121.148,0,0,0,0,0,17,0,0,0
662427,2021,8,2,"2021-08-02","15:15:00",3,"OR",41,0,1,0,0,0,0,44.091,-120.953,44.166,-120.835,0,0,0,0,0,13,0,0,0
662428,2021,8,3,"2021-08-03","19:00:00",3,"OR",41,0,1.5,0,0,0,0,45.251,-118.154,45.4,-117.819,0,0,0,0,0,61,0,0,0
662429,2021,8,4,"2021-08-04","15:43:00",3,"WV",54,0,0.75,0,0,0,0,39.16,-80.35,39.16,-80.35,0,0,0,0,0,33,0,0,0
662430,2021,8,4,"2021-08-04","16:30:00",3,"NM",35,0,1,0,0,0,0,36.61,-104.65,36.61,-104.65,0,0,0,0,0,7,0,0,0
662431,2021,8,4,"2021-08-04","18:48:00",3,"MT",30,0,1,0,0,0,0,47.51,-111.33,47.51,-111.33,0,0,0,0,0,13,0,0,0
662432,2021,8,4,"2021-08-04","18:58:00",3,"MT",30,0,1,0,0,0,0,47.5,-111.2,47.5,-111.2,0,0,0,0,0,13,0,0,0
662433,2021,8,4,"2021-08-04","20:20:00",3,"WY",56,0,1,0,0,0,0,42.87,-106.27,42.87,-106.2305,0,0,0,0,0,25,0,0,0
662434,2021,8,5,"2021-08-05","15:25:00",3,"NE",31,0,1,0,0,0,0,42.86,-100.27,42.86,-100.27,0,0,0,0,0,31,0,0,0
662435,2021,8,5,"2021-08-05","16:15:00",3,"NE",31,0,1.75,0,0,0,0,42.78,-99.59,42.78,-99.59,0,0,0,0,0,103,0,0,0
662436,2021,8,5,"2021-08-05","16:30:00",3,"MN",27,0,1,0,0,0,1000,44.36,-96.22,44.36,-96.22,0,0,0,0,0,81,0,0,0
662437,2021,8,5,"2021-08-05","17:03:00",3,"NE",31,0,1,0,0,0,0,42.59,-99.15,42.59,-99.15,0,0,0,0,0,89,0,0,0
662438,2021,8,5,"2021-08-05","18:15:00",3,"SD",46,0,1,0,0,0,0,44.11,-96.83,44.11,-96.83,0,0,0,0,0,101,0,0,0
662439,2021,8,5,"2021-08-05","18:25:00",3,"SD",46,0,1.5,0,0,0,0,44.23,-96.48,44.23,-96.48,0,0,0,0,0,11,0,0,0
662440,2021,8,5,"2021-08-05","18:26:00",3,"SD",46,0,1,0,0,0,0,44.24,-96.48,44.24,-96.48,0,0,0,0,0,11,0,0,0
662441,2021,8,5,"2021-08-05","18:29:00",3,"SD",46,0,1.25,0,0,0,0,43.97,-97.05,43.97,-97.05,0,0,0,0,0,79,0,0,0
662442,2021,8,5,"2021-08-05","18:35:00",3,"SD",46,0,1,0,0,0,0,44.23,-96.48,44.23,-96.48,0,0,0,0,0,11,0,0,0
662443,2021,8,5,"2021-08-05","18:43:00",3,"SD",46,0,1.5,0,0,0,30000,44.09,-96.83,44.09,-96.83,0,0,0,0,0,101,0,0,0
662444,2021,8,5,"2021-08-05","18:53:00",3,"SD",46,0,1.5,0,0,0,0,43.98,-96.82,43.98,-96.82,0,0,0,0,0,101,0,0,0
662445,2021,8,5,"2021-08-05","18:55:00",3,"MN",27,0,1,0,0,0,0,43.88,-96.13,43.88,-96.13,0,0,0,0,0,117,0,0,0
662446,2021,8,5,"2021-08-05","19:00:00",3,"SD",46,0,1.5,0,0,0,1000,43.98,-96.92,43.98,-96.92,0,0,0,0,0,79,0,0,0
662447,2021,8,5,"2021-08-05","19:00:00",3,"SD",46,0,1.75,0,0,0,0,43.99,-96.93,43.99,-96.93,0,0,0,0,0,79,0,0,0
662448,2021,8,5,"2021-08-05","19:24:00",3,"SD",46,0,1,0,0,0,0,43.82,-96.72,43.82,-96.72,0,0,0,0,0,99,0,0,0
662449,2021,8,5,"2021-08-05","19:35:00",3,"SD",46,0,1,0,0,0,0,43.76,-96.73,43.76,-96.73,0,0,0,0,0,99,0,0,0
662450,2021,8,5,"2021-08-05","19:49:00",3,"SD",46,0,2.5,0,0,0,0,43.64,-96.71,43.64,-96.71,0,0,0,0,0,99,0,0,0
662451,2021,8,5,"2021-08-05","19:50:00",3,"SD",46,0,3.5,0,0,5e+05,175000,43.62,-96.71,43.62,-96.71,0,0,0,0,0,99,0,0,0
662452,2021,8,5,"2021-08-05","20:00:00",3,"SD",46,0,1.5,0,0,0,0,43.59,-96.58,43.59,-96.58,0,0,0,0,0,99,0,0,0
662453,2021,8,5,"2021-08-05","20:08:00",3,"SD",46,0,1,0,0,0,0,43.54,-96.62,43.54,-96.62,0,0,0,0,0,99,0,0,0
662454,2021,8,5,"2021-08-05","20:10:00",3,"SD",46,0,2,0,0,0,0,43.54,-96.62,43.54,-96.62,0,0,0,0,0,99,0,0,0
662455,2021,8,5,"2021-08-05","20:50:00",3,"SD",46,0,0.88,0,0,0,1000,43.6,-97.18,43.6,-97.18,0,0,0,0,0,87,0,0,0
662456,2021,8,5,"2021-08-05","21:47:00",3,"MN",27,0,1,0,0,0,0,44.931,-92.913,44.931,-92.913,0,0,0,0,0,163,0,0,0
662457,2021,8,5,"2021-08-05","22:38:00",3,"MN",27,0,1,0,0,0,0,44.83,-92.92,44.83,-92.92,0,0,0,0,0,163,0,0,0
662458,2021,8,5,"2021-08-05","22:38:00",3,"SD",46,0,0.88,0,0,0,0,43.53,-96.66,43.53,-96.66,0,0,0,0,0,99,0,0,0
662459,2021,8,5,"2021-08-05","22:49:00",3,"SD",46,0,1,0,0,0,0,43.66,-96.81,43.66,-96.81,0,0,0,0,0,99,0,0,0
662460,2021,8,6,"2021-08-06","00:06:00",3,"SD",46,0,1,0,0,0,0,43.3,-96.6,43.3,-96.6,0,0,0,0,0,83,0,0,0
662461,2021,8,6,"2021-08-06","15:27:00",3,"WY",56,0,0.75,0,0,0,0,42.73,-105.38,42.73,-105.38,0,0,0,0,0,9,0,0,0
662462,2021,8,6,"2021-08-06","15:40:00",3,"AZ",4,0,1,0,0,0,0,34.94,-111.66,34.94,-111.66,0,0,0,0,0,5,0,0,0
662463,2021,8,6,"2021-08-06","16:08:00",3,"AZ",4,0,1,0,0,0,0,31.44,-111.04,31.44,-111.04,0,0,0,0,0,23,0,0,0
662464,2021,8,6,"2021-08-06","16:10:00",3,"WY",56,0,1,0,0,0,0,43.02,-108.77,43.02,-108.77,0,0,0,0,0,13,0,0,0
662465,2021,8,6,"2021-08-06","16:32:00",3,"IN",18,0,0.75,0,0,0,0,41.7,-86.21,41.7,-86.21,0,0,0,0,0,141,0,0,0
662466,2021,8,6,"2021-08-06","16:37:00",3,"WY",56,0,1,0,0,0,0,44.8995,-104.1711,44.8995,-104.1711,0,0,0,0,0,11,0,0,0
662467,2021,8,6,"2021-08-06","16:39:00",3,"IN",18,0,0.75,0,0,0,0,41.68,-86.23,41.68,-86.23,0,0,0,0,0,141,0,0,0
662468,2021,8,6,"2021-08-06","16:42:00",3,"IN",18,0,1,0,0,0,0,41.68,-86.27,41.68,-86.27,0,0,0,0,0,141,0,0,0
662469,2021,8,6,"2021-08-06","17:00:00",3,"IN",18,0,1,0,0,0,0,41.68,-86.23,41.68,-86.23,0,0,0,0,0,141,0,0,0
662470,2021,8,6,"2021-08-06","17:15:00",3,"WI",55,0,1.5,0,0,8000,0,43.08,-88.91,43.0717,-88.7692,0,0,0,0,0,55,0,0,0
662471,2021,8,6,"2021-08-06","19:08:00",3,"WI",55,0,1,0,0,0,0,42.8282,-88.8388,42.8282,-88.8388,0,0,0,0,0,105,0,0,0
662472,2021,8,7,"2021-08-07","09:45:00",3,"MN",27,0,1,0,0,0,0,44.1,-92.48,44.1,-92.48,0,0,0,0,0,109,0,0,0
662473,2021,8,7,"2021-08-07","12:30:00",3,"TN",47,0,1,0,0,0,0,36.42,-82.62,36.42,-82.62,0,0,0,0,0,179,0,0,0
662474,2021,8,7,"2021-08-07","12:49:00",3,"WI",55,0,1,0,0,0,0,43.54,-90.43,43.54,-90.43,0,0,0,0,0,103,0,0,0
662475,2021,8,7,"2021-08-07","13:16:00",3,"WI",55,0,0.88,0,0,0,0,44.03,-91.29,44.03,-91.29,0,0,0,0,0,63,0,0,0
662476,2021,8,7,"2021-08-07","13:19:00",3,"WI",55,0,1,0,0,0,0,43.91,-91.22,43.91,-91.22,0,0,0,0,0,63,0,0,0
662477,2021,8,7,"2021-08-07","13:23:00",3,"WI",55,0,1.25,0,0,0,0,43.98,-91.19,43.98,-91.19,0,0,0,0,0,63,0,0,0
662478,2021,8,7,"2021-08-07","13:28:00",3,"MN",27,0,1,0,0,0,0,44.04,-91.69,44.04,-91.69,0,0,0,0,0,169,0,0,0
662479,2021,8,7,"2021-08-07","13:38:00",3,"WI",55,0,0.88,0,0,0,0,43.89,-91.16,43.89,-91.16,0,0,0,0,0,63,0,0,0
662480,2021,8,7,"2021-08-07","14:21:00",3,"VA",51,0,1,0,0,0,0,37.04,-81.92,37.04,-81.92,0,0,0,0,0,167,0,0,0
662481,2021,8,7,"2021-08-07","14:30:00",3,"CO",8,0,1.25,0,0,0,0,38.94,-103.39,38.94,-103.39,0,0,0,0,0,73,0,0,0
662482,2021,8,7,"2021-08-07","14:35:00",3,"TN",47,0,1,0,0,0,0,35.99,-82.96,35.99,-82.96,0,0,0,0,0,29,0,0,0
662483,2021,8,7,"2021-08-07","14:38:00",3,"NC",37,0,0.88,0,0,0,0,36.0905,-81.3747,36.0905,-81.3747,0,0,0,0,0,193,0,0,0
662484,2021,8,7,"2021-08-07","14:38:00",3,"WI",55,0,0.75,0,0,0,0,43.72,-90.59,43.72,-90.59,0,0,0,0,0,123,0,0,0
662485,2021,8,7,"2021-08-07","14:39:00",3,"WI",55,0,0.88,0,0,0,0,43.71,-90.72,43.71,-90.72,0,0,0,0,0,123,0,0,0
662486,2021,8,7,"2021-08-07","14:40:00",3,"KS",20,0,3.5,0,0,1000,0,38.47,-101.75,38.47,-101.75,0,0,0,0,0,71,0,0,0
662487,2021,8,7,"2021-08-07","14:55:00",3,"CO",8,0,1.25,0,0,0,0,38.8695,-103.1207,38.8695,-103.1207,0,0,0,0,0,17,0,0,0
662488,2021,8,7,"2021-08-07","14:55:00",3,"KS",20,0,1.5,0,0,0,0,38.4798,-101.7902,38.4798,-101.7902,0,0,0,0,0,71,0,0,0
662489,2021,8,7,"2021-08-07","15:00:00",3,"CO",8,0,1.25,0,0,0,0,38.8701,-103.1269,38.8701,-103.1269,0,0,0,0,0,17,0,0,0
662490,2021,8,7,"2021-08-07","15:13:00",3,"KS",20,0,1.25,0,0,0,0,38.4267,-101.4587,38.4267,-101.4587,0,0,0,0,0,203,0,0,0
662491,2021,8,7,"2021-08-07","15:18:00",3,"KS",20,0,0.88,0,0,0,0,38.7506,-101.7432,38.7506,-101.7432,0,0,0,0,0,199,0,0,0
662492,2021,8,7,"2021-08-07","15:22:00",3,"WI",55,0,0.88,0,0,0,0,43.33,-90.74,43.33,-90.74,0,0,0,0,0,23,0,0,0
662493,2021,8,7,"2021-08-07","15:24:00",3,"NC",37,0,1,0,0,0,0,36.43,-81.18,36.43,-81.18,0,0,0,0,0,5,0,0,0
662494,2021,8,7,"2021-08-07","15:28:00",3,"IN",18,0,1,0,0,0,0,40.13,-84.93,40.13,-84.93,0,0,0,0,0,135,0,0,0
662495,2021,8,7,"2021-08-07","15:45:00",3,"KS",20,0,1,0,0,0,0,38.3935,-101.2708,38.3935,-101.2708,0,0,0,0,0,203,0,0,0
662496,2021,8,7,"2021-08-07","15:45:00",3,"KS",20,0,1,0,0,0,0,38.2901,-101.1989,38.2901,-101.1989,0,0,0,0,0,203,0,0,0
662497,2021,8,7,"2021-08-07","15:46:00",3,"IN",18,0,1,0,0,0,0,40.09,-84.94,40.09,-84.94,0,0,0,0,0,135,0,0,0
662498,2021,8,7,"2021-08-07","15:49:00",3,"NC",37,0,1,0,0,0,0,36.53,-80.97,36.53,-80.97,0,0,0,0,0,5,0,0,0
662499,2021,8,7,"2021-08-07","15:50:00",3,"KS",20,0,1,0,0,0,0,38.77,-101.68,38.77,-101.68,0,0,0,0,0,199,0,0,0
662500,2021,8,7,"2021-08-07","15:52:00",3,"WI",55,0,1.25,0,0,0,0,43.15,-90.56,43.15,-90.56,0,0,0,0,0,43,0,0,0
662501,2021,8,7,"2021-08-07","16:00:00",3,"KS",20,0,3.5,0,0,0,0,38.479,-101.7899,38.479,-101.7899,0,0,0,0,0,71,0,0,0
662502,2021,8,7,"2021-08-07","16:09:00",3,"WI",55,0,2.5,0,0,20000,0,43.0785,-90.3962,43.0785,-90.3962,0,0,0,0,0,49,0,0,0
662503,2021,8,7,"2021-08-07","16:10:00",3,"KS",20,0,2.5,0,0,0,0,38.24,-101.09,38.24,-101.09,0,0,0,0,0,55,0,0,0
662504,2021,8,7,"2021-08-07","16:15:00",3,"KS",20,0,1.75,0,0,0,0,38.4719,-101.5412,38.4719,-101.5412,0,0,0,0,0,203,0,0,0
662505,2021,8,7,"2021-08-07","16:19:00",3,"KS",20,0,2,0,0,0,0,38.27,-100.95,38.27,-100.95,0,0,0,0,0,171,0,0,0
662506,2021,8,7,"2021-08-07","16:32:00",3,"IN",18,0,1.25,0,0,0,0,40.02,-85.13,40.02,-85.13,0,0,0,0,0,135,0,0,0
662507,2021,8,7,"2021-08-07","16:35:00",3,"OK",40,0,0.88,0,0,0,0,36.91,-102.04,36.91,-102.04,0,0,0,0,0,25,0,0,0
662508,2021,8,7,"2021-08-07","16:35:00",3,"KS",20,0,0.75,0,0,0,0,39.1301,-100.9232,39.1301,-100.9232,0,0,0,0,0,109,0,0,0
662509,2021,8,7,"2021-08-07","16:39:00",3,"KS",20,0,1.5,0,0,0,0,38.4799,-101.3599,38.4799,-101.3599,0,0,0,0,0,203,0,0,0
662510,2021,8,7,"2021-08-07","16:45:00",3,"KS",20,0,1.75,0,0,0,0,39.1299,-100.8601,39.1299,-100.8601,0,0,0,0,0,109,0,0,0
662511,2021,8,7,"2021-08-07","16:50:00",3,"KS",20,0,1.25,0,0,0,0,39.1303,-100.8416,39.1303,-100.8416,0,0,0,0,0,109,0,0,0
662512,2021,8,7,"2021-08-07","17:00:00",3,"KS",20,0,0.75,0,0,0,0,39.2072,-100.7774,39.2072,-100.7774,0,0,0,0,0,193,0,0,0
662513,2021,8,7,"2021-08-07","17:03:00",3,"WI",55,0,1,0,0,0,0,43.79,-90.37,43.79,-90.37,0,0,0,0,0,81,0,0,0
662514,2021,8,7,"2021-08-07","17:15:00",3,"KS",20,0,1.5,0,0,0,0,39.3943,-100.6828,39.3943,-100.6828,0,0,0,0,0,179,0,0,0
662515,2021,8,7,"2021-08-07","17:25:00",3,"KS",20,0,1,0,0,0,0,39.7655,-98.78,39.7655,-98.78,0,0,0,0,0,183,0,0,0
662516,2021,8,7,"2021-08-07","17:30:00",3,"KS",20,0,2,0,0,0,0,38.3401,-101.4207,38.3401,-101.4207,0,0,0,0,0,203,0,0,0
662517,2021,8,7,"2021-08-07","17:39:00",3,"NE",31,0,1,0,0,0,0,41.18,-97.5885,41.1945,-97.55,0,0,0,0,0,143,0,0,0
662518,2021,8,7,"2021-08-07","17:50:00",3,"KS",20,0,0.88,0,0,0,0,39.4874,-100.5713,39.4874,-100.5713,0,0,0,0,0,179,0,0,0
662519,2021,8,7,"2021-08-07","17:52:00",3,"TX",48,0,0.88,0,0,0,0,36.04,-102.38,36.04,-102.38,0,0,0,0,0,205,0,0,0
662520,2021,8,7,"2021-08-07","17:53:00",3,"KS",20,0,1,0,0,0,0,39.5096,-100.57,39.5096,-100.57,0,0,0,0,0,179,0,0,0
662521,2021,8,7,"2021-08-07","17:55:00",3,"NE",31,0,1,0,0,0,0,41.16,-97.32,41.16,-97.32,0,0,0,0,0,23,0,0,0
662522,2021,8,7,"2021-08-07","18:01:00",3,"SD",46,0,1,0,0,0,0,45.92,-98.63,45.92,-98.63,0,0,0,0,0,13,0,0,0
662523,2021,8,7,"2021-08-07","18:03:00",3,"SD",46,0,1.5,0,0,0,0,45.92,-98.63,45.92,-98.63,0,0,0,0,0,13,0,0,0
662524,2021,8,7,"2021-08-07","18:05:00",3,"KS",20,0,1.75,0,0,0,0,39.6116,-100.6695,39.6116,-100.6695,0,0,0,0,0,39,0,0,0
662525,2021,8,7,"2021-08-07","18:08:00",3,"NE",31,0,1.5,0,0,0,0,41.2,-97.26,41.2,-97.26,0,0,0,0,0,23,0,0,0
662526,2021,8,7,"2021-08-07","18:15:00",3,"NE",31,0,1,0,0,0,0,41.21,-97.15,41.21,-97.15,0,0,0,0,0,23,0,0,0
662527,2021,8,7,"2021-08-07","18:16:00",3,"SD",46,0,1,0,0,0,0,45.87,-98.57,45.87,-98.57,0,0,0,0,0,13,0,0,0
662528,2021,8,7,"2021-08-07","18:20:00",3,"SD",46,0,1,0,0,0,0,45.65,-98.64,45.65,-98.64,0,0,0,0,0,13,0,0,0
662529,2021,8,7,"2021-08-07","18:35:00",3,"NE",31,0,1.75,0,0,50000,5e+05,40.29,-98.26,40.29,-98.26,0,0,0,0,0,129,0,0,0
662530,2021,8,7,"2021-08-07","18:55:00",3,"NE",31,0,1.5,0,0,50000,5e+05,40.4134,-98.1727,40.43,-98.12,0,0,0,0,0,35,0,0,0
662531,2021,8,7,"2021-08-07","18:58:00",3,"IN",18,0,1,0,0,0,0,40.26,-85.11,40.26,-85.11,0,0,0,0,0,135,0,0,0
662532,2021,8,7,"2021-08-07","19:07:00",3,"NE",31,0,1.5,0,0,0,0,41.22,-96.62,41.22,-96.62,0,0,0,0,0,155,0,0,0
662533,2021,8,7,"2021-08-07","19:08:00",3,"KS",20,0,1,0,0,0,0,37.6,-100.44,37.6,-100.44,0,0,0,0,0,69,0,0,0
662534,2021,8,7,"2021-08-07","19:09:00",3,"NE",31,0,0.88,0,0,0,0,40.5902,-98.3935,40.5902,-98.3935,0,0,0,0,0,1,0,0,0
662535,2021,8,7,"2021-08-07","19:15:00",3,"NE",31,0,1.25,0,0,0,0,41.28,-97.36,41.28,-97.36,0,0,0,0,0,23,0,0,0
662536,2021,8,7,"2021-08-07","19:20:00",3,"NE",31,0,0.88,0,0,0,0,40.5698,-98.3935,40.5698,-98.3935,0,0,0,0,0,1,0,0,0
662537,2021,8,7,"2021-08-07","19:20:00",3,"NE",31,0,1.75,0,0,1e+05,3e+06,40.78,-98.15,40.78,-98.1309,0,0,0,0,0,81,0,0,0
662538,2021,8,7,"2021-08-07","19:22:00",3,"KS",20,0,1,0,0,0,0,37.65,-100.23,37.65,-100.23,0,0,0,0,0,69,0,0,0
662539,2021,8,7,"2021-08-07","19:26:00",3,"NE",31,0,1,0,0,0,0,41.22,-96.48,41.22,-96.48,0,0,0,0,0,155,0,0,0
662540,2021,8,7,"2021-08-07","19:33:00",3,"NE",31,0,1.25,0,0,0,0,40.8188,-98.0676,40.8188,-98.0676,0,0,0,0,0,81,0,0,0
662541,2021,8,7,"2021-08-07","19:42:00",3,"NE",31,0,0.75,0,0,0,0,40.9345,-98.35,40.9345,-98.35,0,0,0,0,0,79,0,0,0
662542,2021,8,7,"2021-08-07","20:23:00",3,"TX",48,0,1,0,0,0,0,36.28,-101.05,36.28,-101.05,0,0,0,0,0,357,0,0,0
662543,2021,8,7,"2021-08-07","20:32:00",3,"NE",31,0,1,0,0,0,0,41.17,-96.03,41.17,-96.03,0,0,0,0,0,153,0,0,0
662544,2021,8,7,"2021-08-07","20:46:00",3,"NE",31,0,1,0,0,0,0,41.11,-95.92,41.11,-95.92,0,0,0,0,0,153,0,0,0
662545,2021,8,7,"2021-08-07","20:47:00",3,"NE",31,0,1.25,0,0,0,0,41.16,-95.92,41.16,-95.92,0,0,0,0,0,153,0,0,0
662546,2021,8,7,"2021-08-07","22:26:00",3,"SD",46,0,1,0,0,0,0,45.21,-98.1,45.21,-98.1,0,0,0,0,0,115,0,0,0
662547,2021,8,7,"2021-08-07","22:30:00",3,"TX",48,0,1,0,0,0,0,35.63,-100.95,35.63,-100.95,0,0,0,0,0,393,0,0,0
662548,2021,8,7,"2021-08-07","22:34:00",3,"SD",46,0,1,0,0,0,0,45.18,-98.06,45.18,-98.06,0,0,0,0,0,115,0,0,0
662549,2021,8,8,"2021-08-08","00:53:00",3,"IA",19,0,0.75,0,0,0,0,42.14,-92.33,42.14,-92.33,0,0,0,0,0,171,0,0,0
662550,2021,8,8,"2021-08-08","01:47:00",3,"OK",40,0,1,0,0,0,0,36.23,-98.34,36.23,-98.34,0,0,0,0,0,93,0,0,0
662551,2021,8,8,"2021-08-08","01:53:00",3,"NE",31,0,0.75,0,0,0,0,40.9311,-98.3854,40.9311,-98.3854,0,0,0,0,0,79,0,0,0
662552,2021,8,8,"2021-08-08","02:20:00",3,"OK",40,0,0.88,0,0,0,0,36.2,-98.03,36.2,-98.03,0,0,0,0,0,47,0,0,0
662553,2021,8,9,"2021-08-09","16:29:00",3,"ND",38,0,1.75,0,0,0,0,47.65,-99.65,47.65,-99.65,0,0,0,0,0,103,0,0,0
662554,2021,8,9,"2021-08-09","16:40:00",3,"ND",38,0,2.75,0,0,3e+05,0,47.65,-99.64,47.65,-99.64,0,0,0,0,0,103,0,0,0
662555,2021,8,9,"2021-08-09","16:48:00",3,"NE",31,0,1,0,0,0,0,40.96,-100.17,40.96,-100.17,0,0,0,0,0,47,0,0,0
662556,2021,8,9,"2021-08-09","16:53:00",3,"ND",38,0,2.5,0,0,0,0,47.42,-99.65,47.42,-99.65,0,0,0,0,0,103,0,0,0
662557,2021,8,9,"2021-08-09","16:55:00",3,"ND",38,0,1,0,0,0,0,48,-99.64,48,-99.64,0,0,0,0,0,5,0,0,0
662558,2021,8,9,"2021-08-09","16:56:00",3,"ND",38,0,1.75,0,0,0,0,47.47,-99.51,47.47,-99.51,0,0,0,0,0,103,0,0,0
662559,2021,8,9,"2021-08-09","16:57:00",3,"ND",38,0,3,0,0,250000,0,47.47,-99.58,47.47,-99.58,0,0,0,0,0,103,0,0,0
662560,2021,8,9,"2021-08-09","17:01:00",3,"TN",47,0,0.88,0,0,0,0,36.23,-85.88,36.23,-85.88,0,0,0,0,0,159,0,0,0
662561,2021,8,9,"2021-08-09","17:02:00",3,"ND",38,0,1.25,0,0,0,0,48.02,-100.24,48.02,-100.24,0,0,0,0,0,49,0,0,0
662562,2021,8,9,"2021-08-09","17:21:00",3,"ND",38,0,1.5,0,0,0,0,47.63,-99.17,47.63,-99.17,0,0,0,0,0,27,0,0,0
662563,2021,8,9,"2021-08-09","17:25:00",3,"ND",38,0,1,0,0,0,0,48.49,-99.38,48.49,-99.38,0,0,0,0,0,95,0,0,0
662564,2021,8,9,"2021-08-09","17:25:00",3,"ND",38,0,1.25,0,0,0,0,47.57,-99.15,47.57,-99.15,0,0,0,0,0,31,0,0,0
662565,2021,8,9,"2021-08-09","18:00:00",3,"ND",38,0,1.75,0,0,0,0,47.58,-98.92,47.58,-98.92,0,0,0,0,0,31,0,0,0
662566,2021,8,9,"2021-08-09","18:01:00",3,"ND",38,0,1.75,0,0,0,0,47.61,-98.86,47.61,-98.86,0,0,0,0,0,27,0,0,0
662567,2021,8,9,"2021-08-09","18:27:00",3,"ND",38,0,1.25,0,0,0,0,48.42,-98.88,48.42,-98.88,0,0,0,0,0,71,0,0,0
662568,2021,8,9,"2021-08-09","18:30:00",3,"ND",38,0,1.25,0,0,0,0,47.76,-98.57,47.76,-98.57,0,0,0,0,0,27,0,0,0
662569,2021,8,9,"2021-08-09","18:30:00",3,"KS",20,0,1,0,0,0,0,39.7585,-102.0311,39.7585,-102.0311,0,0,0,0,0,23,0,0,0
662570,2021,8,9,"2021-08-09","18:35:00",3,"ND",38,0,1,0,0,0,0,47.46,-99,47.46,-99,0,0,0,0,0,31,0,0,0
662571,2021,8,9,"2021-08-09","18:53:00",3,"ND",38,0,1,0,0,0,0,46.62,-98.57,46.62,-98.57,0,0,0,0,0,45,0,0,0
662572,2021,8,9,"2021-08-09","19:00:00",3,"ND",38,0,1.25,0,0,0,0,47.79,-98.28,47.79,-98.28,0,0,0,0,0,63,0,0,0
662573,2021,8,9,"2021-08-09","19:08:00",3,"ND",38,0,1.25,0,0,0,0,47.58,-98.66,47.58,-98.66,0,0,0,0,0,31,0,0,0
662574,2021,8,9,"2021-08-09","19:10:00",3,"ND",38,0,1.5,0,0,0,0,47.63,-98.56,47.63,-98.56,0,0,0,0,0,27,0,0,0
662575,2021,8,9,"2021-08-09","19:18:00",3,"ND",38,0,1,0,0,0,0,48.68,-98.37,48.68,-98.37,0,0,0,0,0,19,0,0,0
662576,2021,8,9,"2021-08-09","19:22:00",3,"ND",38,0,1.5,0,0,0,0,48.73,-98.33,48.73,-98.33,0,0,0,0,0,19,0,0,0
662577,2021,8,9,"2021-08-09","19:23:00",3,"ND",38,0,1,0,0,0,0,47.56,-98.52,47.56,-98.52,0,0,0,0,0,31,0,0,0
662578,2021,8,9,"2021-08-09","19:26:00",3,"ND",38,0,1.75,0,0,0,0,47.65,-98.37,47.65,-98.37,0,0,0,0,0,39,0,0,0
662579,2021,8,9,"2021-08-09","19:35:00",3,"ND",38,0,2.5,0,0,0,0,47.57,-98.33,47.57,-98.33,0,0,0,0,0,39,0,0,0
662580,2021,8,9,"2021-08-09","19:35:00",3,"ND",38,0,2.75,0,0,0,0,47.66,-98.35,47.66,-98.35,0,0,0,0,0,39,0,0,0
662581,2021,8,9,"2021-08-09","20:03:00",3,"ND",38,0,1,0,0,0,0,48.89,-97.9,48.89,-97.9,0,0,0,0,0,67,0,0,0
662582,2021,8,9,"2021-08-09","21:30:00",3,"ND",38,0,1,0,0,0,0,47.92,-97.07,47.92,-97.07,0,0,0,0,0,35,0,0,0
662583,2021,8,9,"2021-08-09","21:30:00",3,"ND",38,0,1,0,0,0,0,47.93,-97.11,47.93,-97.11,0,0,0,0,0,35,0,0,0
663314,2021,9,10,"2021-09-10","16:10:00",3,"FL",12,0,1,0,0,0,0,27.6322,-80.3893,27.6322,-80.3893,0,0,0,0,0,61,0,0,0
663315,2021,9,12,"2021-09-12","14:04:00",3,"MI",26,0,1,0,0,0,0,43.57,-86.04,43.57,-86.04,0,0,0,0,0,127,0,0,0
663316,2021,9,12,"2021-09-12","15:01:00",3,"MI",26,0,2.5,0,0,250000,0,43.28,-84.45,43.28,-84.45,0,0,0,0,0,57,0,0,0
663317,2021,9,12,"2021-09-12","15:09:00",3,"WI",55,0,0.75,0,0,0,0,43.22,-88.12,43.22,-88.12,0,0,0,0,0,131,0,0,0
663318,2021,9,12,"2021-09-12","15:10:00",3,"WI",55,0,1,0,0,0,0,43.24,-88.12,43.24,-88.12,0,0,0,0,0,131,0,0,0
663319,2021,9,12,"2021-09-12","15:10:00",3,"WI",55,0,1,0,0,0,0,43.19,-88.15,43.19,-88.15,0,0,0,0,0,133,0,0,0
663320,2021,9,12,"2021-09-12","15:10:00",3,"WI",55,0,0.75,0,0,0,0,43.15,-88.13,43.15,-88.13,0,0,0,0,0,133,0,0,0
663321,2021,9,12,"2021-09-12","15:11:00",3,"WI",55,0,0.75,0,0,0,0,43.21,-88.11,43.21,-88.11,0,0,0,0,0,131,0,0,0
663322,2021,9,12,"2021-09-12","15:22:00",3,"MI",26,0,2,0,0,0,0,43.24,-84.21,43.24,-84.21,0,0,0,0,0,145,0,0,0
663323,2021,9,12,"2021-09-12","15:28:00",3,"WI",55,0,0.75,0,0,0,0,43.19,-87.92,43.19,-87.92,0,0,0,0,0,79,0,0,0
663324,2021,9,12,"2021-09-12","15:34:00",3,"MI",26,0,1.75,0,0,0,0,43.21,-84.17,43.21,-84.17,0,0,0,0,0,145,0,0,0
663325,2021,9,12,"2021-09-12","15:38:00",3,"MI",26,0,1,0,0,0,0,43.25,-83.94,43.25,-83.94,0,0,0,0,0,145,0,0,0
663326,2021,9,12,"2021-09-12","15:40:00",3,"MI",26,0,1.75,0,0,0,0,43.18,-84.12,43.18,-84.12,0,0,0,0,0,145,0,0,0
663327,2021,9,12,"2021-09-12","15:44:00",3,"MI",26,0,1,0,0,0,0,43.18,-83.93,43.18,-83.93,0,0,0,0,0,49,0,0,0
663328,2021,9,12,"2021-09-12","16:35:00",3,"MI",26,0,1,0,0,0,0,43.23,-86.26,43.23,-86.26,0,0,0,0,0,121,0,0,0
663329,2021,9,12,"2021-09-12","16:51:00",3,"MI",26,0,1,0,0,0,0,43.34,-85.81,43.34,-85.81,0,0,0,0,0,123,0,0,0
663330,2021,9,12,"2021-09-12","17:15:00",3,"MI",26,0,1,0,0,0,0,43.35,-85.05,43.35,-85.05,0,0,0,0,0,117,0,0,0
663331,2021,9,13,"2021-09-13","01:41:00",3,"WI",55,0,0.75,0,0,0,0,42.97,-89.53,42.97,-89.53,0,0,0,0,0,25,0,0,0
663332,2021,9,13,"2021-09-13","02:34:00",3,"WI",55,0,0.75,0,0,0,0,43.02,-88.27,43.02,-88.27,0,0,0,0,0,133,0,0,0
663333,2021,9,13,"2021-09-13","02:40:00",3,"WI",55,0,0.75,0,0,0,0,43.03,-88.19,43.03,-88.19,0,0,0,0,0,133,0,0,0
663334,2021,9,13,"2021-09-13","02:43:00",3,"WI",55,0,0.75,0,0,0,0,43.05,-88.13,43.05,-88.13,0,0,0,0,0,133,0,0,0
663335,2021,9,13,"2021-09-13","03:05:00",3,"WI",55,0,0.88,0,0,0,0,42.96,-87.86,42.96,-87.86,0,0,0,0,0,79,0,0,0
663336,2021,9,13,"2021-09-13","06:00:00",3,"ND",38,0,1,0,0,0,0,46.2887,-102.3464,46.2887,-102.3464,0,0,0,0,0,41,0,0,0
663337,2021,9,13,"2021-09-13","07:14:00",3,"WI",55,0,1,0,0,0,0,43.09,-88.5,43.09,-88.5,0,0,0,0,0,133,0,0,0
663338,2021,9,13,"2021-09-13","07:19:00",3,"WI",55,0,1,0,0,0,0,43.09,-88.4,43.09,-88.4,0,0,0,0,0,133,0,0,0
663339,2021,9,13,"2021-09-13","10:00:00",3,"MI",26,0,1,0,0,0,0,42.91,-85.83,42.91,-85.83,0,0,0,0,0,139,0,0,0
663340,2021,9,13,"2021-09-13","10:23:00",3,"MI",26,0,1,0,0,0,0,42.83,-85.55,42.83,-85.55,0,0,0,0,0,81,0,0,0
663341,2021,9,13,"2021-09-13","12:52:00",3,"MI",26,0,1,0,0,0,0,42.46,-82.9,42.46,-82.9,0,0,0,0,0,99,0,0,0
663342,2021,9,13,"2021-09-13","15:45:00",3,"PA",42,0,1,0,0,0,0,41.5,-79.87,41.5,-79.87,0,0,0,0,0,121,0,0,0
663343,2021,9,13,"2021-09-13","16:56:00",3,"PA",42,0,1,0,0,0,0,41.24,-79.2,41.24,-79.2,0,0,0,0,0,65,0,0,0
663344,2021,9,13,"2021-09-13","19:20:00",3,"WY",56,0,1,0,0,0,0,44.91,-107.06,44.91,-107.06,0,0,0,0,0,33,0,0,0
663345,2021,9,13,"2021-09-13","20:20:00",3,"WY",56,0,0.75,0,0,0,0,44.7,-106.33,44.7,-106.33,0,0,0,0,0,33,0,0,0
663346,2021,9,13,"2021-09-13","22:30:00",3,"IA",19,0,1.5,0,0,0,0,42.25,-94.88,42.25,-94.88,0,0,0,0,0,161,0,0,0
663347,2021,9,14,"2021-09-14","14:00:00",3,"PR",72,0,0.25,0,0,500,0,18.2955,-66.7783,18.291,-66.7667,0,0,0,0,0,141,0,0,0
663348,2021,9,14,"2021-09-14","14:17:00",3,"MI",26,0,1,0,0,0,0,43.26,-83.78,43.26,-83.78,0,0,0,0,0,145,0,0,0
663349,2021,9,14,"2021-09-14","14:24:00",3,"MI",26,0,0.88,0,0,0,0,42.52,-83.62,42.52,-83.62,0,0,0,0,0,125,0,0,0
663350,2021,9,14,"2021-09-14","14:45:00",3,"CO",8,0,1,0,0,0,0,38.97,-104.67,38.97,-104.67,0,0,0,0,0,41,0,0,0
663351,2021,9,14,"2021-09-14","15:50:00",3,"CO",8,0,1.25,0,0,0,0,38.84,-104.46,38.84,-104.46,0,0,0,0,0,41,0,0,0
663352,2021,9,14,"2021-09-14","15:55:00",3,"MI",26,0,1.25,0,0,0,0,42.61,-83.94,42.61,-83.94,0,0,0,0,0,93,0,0,0
663353,2021,9,14,"2021-09-14","16:24:00",3,"IN",18,0,0.75,0,0,0,0,41.63,-85.91,41.63,-85.91,0,0,0,0,0,39,0,0,0
663354,2021,9,14,"2021-09-14","16:34:00",3,"WY",56,0,1.75,0,0,0,0,44.2766,-105.006,44.2766,-105.006,0,0,0,0,0,11,0,0,0
663355,2021,9,14,"2021-09-14","16:45:00",3,"KS",20,0,1.75,0,0,0,0,37.78,-99.36,37.78,-99.36,0,0,0,0,0,47,0,0,0
663356,2021,9,14,"2021-09-14","17:06:00",3,"KS",20,0,1,0,0,0,0,37.82,-99.27,37.82,-99.27,0,0,0,0,0,47,0,0,0
663357,2021,9,14,"2021-09-14","17:06:00",3,"KS",20,0,1,0,0,0,0,37.82,-99.26,37.82,-99.26,0,0,0,0,0,47,0,0,0
663358,2021,9,14,"2021-09-14","17:12:00",3,"KS",20,0,0.88,0,0,0,0,37.79,-99.2,37.79,-99.2,0,0,0,0,0,47,0,0,0
663359,2021,9,14,"2021-09-14","17:15:00",3,"KS",20,0,1,0,0,0,0,37.88,-99.22,37.88,-99.22,0,0,0,0,0,47,0,0,0
663360,2021,9,14,"2021-09-14","17:15:00",3,"KS",20,0,1.25,0,0,0,0,37.9,-99.25,37.9,-99.25,0,0,0,0,0,47,0,0,0
663361,2021,9,14,"2021-09-14","17:30:00",3,"KS",20,0,1.25,0,0,0,0,37.94,-99.23,37.94,-99.23,0,0,0,0,0,47,0,0,0
663362,2021,9,14,"2021-09-14","19:10:00",3,"KS",20,0,2,0,0,0,0,38.36,-98.76,38.36,-98.76,0,0,0,0,0,9,0,0,0
663363,2021,9,14,"2021-09-14","19:16:00",3,"KS",20,0,1.25,0,0,0,0,38.36,-98.79,38.36,-98.79,0,0,0,0,0,9,0,0,0
663364,2021,9,14,"2021-09-14","19:40:00",3,"KS",20,0,1,0,0,0,0,38.52,-98.77,38.52,-98.77,0,0,0,0,0,9,0,0,0
663365,2021,9,14,"2021-09-14","21:05:00",3,"KS",20,0,1.25,0,0,0,0,37.92,-101.58,37.92,-101.58,0,0,0,0,0,75,0,0,0
663366,2021,9,15,"2021-09-15","10:53:00",3,"NY",36,0,1,0,0,0,0,42.95,-74.37,42.95,-74.37,0,0,0,0,0,57,0,0,0
663367,2021,9,15,"2021-09-15","10:56:00",3,"NY",36,0,0.88,0,0,0,0,42.95,-74.37,42.95,-74.37,0,0,0,0,0,57,0,0,0
663368,2021,9,15,"2021-09-15","11:49:00",3,"NY",36,0,1,0,0,0,0,42.33,-77.32,42.33,-77.32,0,0,0,0,0,101,0,0,0
663369,2021,9,15,"2021-09-15","12:40:00",3,"NH",33,0,1.25,0,0,0,0,44.7,-71.05,44.7,-71.05,0,0,0,0,0,7,0,0,0
663370,2021,9,15,"2021-09-15","12:50:00",3,"NY",36,0,0.75,0,0,0,0,42.9,-73.59,42.9,-73.59,0,0,0,0,0,83,0,0,0
663371,2021,9,15,"2021-09-15","14:18:00",3,"NH",33,0,1,0,0,0,0,43.86,-71.4,43.86,-71.4,0,0,0,0,0,3,0,0,0
663372,2021,9,15,"2021-09-15","14:20:00",3,"NH",33,0,1.25,0,0,0,0,43.18,-72.1,43.18,-72.1,0,0,0,0,0,19,0,0,0
663373,2021,9,15,"2021-09-15","14:30:00",3,"NH",33,0,1,0,0,0,0,43.24,-71.97,43.24,-71.97,0,0,0,0,0,13,0,0,0
663374,2021,9,15,"2021-09-15","15:09:00",3,"NH",33,0,1,0,0,0,0,42.91,-72.11,42.91,-72.11,0,0,0,0,0,5,0,0,0
663375,2021,9,15,"2021-09-15","15:12:00",3,"NH",33,0,1.25,0,0,0,0,43.57,-71.18,43.57,-71.18,0,0,0,0,0,3,0,0,0
663376,2021,9,15,"2021-09-15","15:25:00",3,"NH",33,0,1.25,0,0,0,0,43.57,-71.04,43.57,-71.04,0,0,0,0,0,3,0,0,0
663377,2021,9,15,"2021-09-15","21:05:00",3,"ND",38,0,1,0,0,0,0,48.43,-97.62,48.43,-97.62,0,0,0,0,0,99,0,0,0
663378,2021,9,15,"2021-09-15","22:00:00",3,"ND",38,0,1,0,0,0,0,48.07,-97.2,48.07,-97.2,0,0,0,0,0,35,0,0,0
663379,2021,9,15,"2021-09-15","22:55:00",3,"MN",27,0,1,0,0,0,0,47.62,-96.8,47.62,-96.8,0,0,0,0,0,119,0,0,0
663380,2021,9,15,"2021-09-15","23:42:00",3,"MN",27,0,0.75,0,0,0,0,47.89,-96.27,47.89,-96.27,0,0,0,0,0,125,0,0,0
663381,2021,9,15,"2021-09-15","23:42:00",3,"MN",27,0,1,0,0,0,0,47.76,-96.43,47.76,-96.43,0,0,0,0,0,119,0,0,0
663382,2021,9,16,"2021-09-16","17:10:00",3,"MN",27,0,1.25,0,0,0,0,46.46,-94.05,46.46,-94.05,0,0,0,0,0,35,0,0,0
663383,2021,9,16,"2021-09-16","17:20:00",3,"MN",27,0,0.75,0,0,0,0,46.49,-93.94,46.49,-93.94,0,0,0,0,0,35,0,0,0
663384,2021,9,16,"2021-09-16","17:20:00",3,"MN",27,0,1,0,0,0,0,46.49,-93.96,46.49,-93.96,0,0,0,0,0,35,0,0,0
663385,2021,9,16,"2021-09-16","17:21:00",3,"MN",27,0,1,0,0,0,0,46.82,-93.36,46.82,-93.36,0,0,0,0,0,1,0,0,0
663386,2021,9,16,"2021-09-16","17:25:00",3,"MN",27,0,2.5,0,0,0,0,46.06,-94.25,46.06,-94.25,0,0,0,0,0,97,0,0,0
663387,2021,9,16,"2021-09-16","17:27:00",3,"MN",27,0,1,0,0,0,0,46.48,-94,46.48,-94,0,0,0,0,0,35,0,0,0
663388,2021,9,16,"2021-09-16","17:36:00",3,"MN",27,0,1,0,0,0,0,45.19,-95.31,45.1607,-95.2647,0,0,0,0,0,151,0,0,0
663389,2021,9,16,"2021-09-16","17:40:00",3,"MN",27,0,2,0,0,0,0,46.07,-94.23,46.07,-94.23,0,0,0,0,0,97,0,0,0
663390,2021,9,16,"2021-09-16","17:40:00",3,"NE",31,0,1.25,0,0,0,0,41.04,-102.15,41.04,-102.15,0,0,0,0,0,49,0,0,0
663391,2021,9,16,"2021-09-16","17:50:00",3,"MN",27,0,1.5,0,0,0,0,45.9,-94.14,45.9,-94.14,0,0,0,0,0,97,0,0,0
663392,2021,9,16,"2021-09-16","17:52:00",3,"NE",31,0,1,0,0,0,0,41.06,-102.07,41.06,-102.07,0,0,0,0,0,49,0,0,0
663393,2021,9,16,"2021-09-16","17:59:00",3,"MN",27,0,1.25,0,0,0,0,45.9,-94.26,45.9,-94.26,0,0,0,0,0,97,0,0,0
663394,2021,9,16,"2021-09-16","18:19:00",3,"MN",27,0,1,0,0,0,0,44.8718,-95.3613,44.8718,-95.3613,0,0,0,0,0,129,0,0,0
663395,2021,9,16,"2021-09-16","18:21:00",3,"MN",27,0,1,0,0,0,0,46.67,-93.63,46.67,-93.63,0,0,0,0,0,1,0,0,0
663396,2021,9,16,"2021-09-16","18:43:00",3,"NE",31,0,1,0,0,0,0,41.13,-101.72,41.13,-101.72,0,0,0,0,0,101,0,0,0
663397,2021,9,16,"2021-09-16","19:06:00",3,"MN",27,0,1,0,0,0,0,46.12,-93.53,46.12,-93.53,0,0,0,0,0,95,0,0,0
663398,2021,9,16,"2021-09-16","19:25:00",3,"MN",27,0,1,0,0,0,0,46.15,-93.48,46.15,-93.48,0,0,0,0,0,95,0,0,0
663399,2021,9,16,"2021-09-16","19:25:00",3,"MN",27,0,1.25,0,0,0,0,46.21,-93.39,46.21,-93.39,0,0,0,0,0,1,0,0,0
663400,2021,9,16,"2021-09-16","20:38:00",3,"SD",46,0,0.88,0,0,0,0,44.55,-97.06,44.55,-97.06,0,0,0,0,0,57,0,0,0
663401,2021,9,16,"2021-09-16","21:10:00",3,"SD",46,0,1,0,0,0,0,45.14,-97.11,45.14,-97.11,0,0,0,0,0,29,0,0,0
663402,2021,9,16,"2021-09-16","21:15:00",3,"MN",27,0,1,0,0,0,0,47.04,-92.12,47.04,-92.12,0,0,0,0,0,137,0,0,0
663403,2021,9,16,"2021-09-16","21:27:00",3,"SD",46,0,0.75,0,0,0,0,43.18,-99.3,43.18,-99.3,0,0,0,0,0,53,0,0,0
663404,2021,9,16,"2021-09-16","21:27:00",3,"SD",46,0,1.25,0,0,0,7000,43.12,-99.26,43.12,-99.26,0,0,0,0,0,53,0,0,0
663405,2021,9,16,"2021-09-16","21:28:00",3,"MN",27,0,1,0,0,0,0,46.93,-92.32,46.93,-92.32,0,0,0,0,0,137,0,0,0
663406,2021,9,16,"2021-09-16","21:30:00",3,"MN",27,0,1,0,0,0,0,46.91,-92.35,46.91,-92.35,0,0,0,0,0,137,0,0,0
663407,2021,9,16,"2021-09-16","21:40:00",3,"MN",27,0,1,0,0,0,0,45.91,-93.51,45.91,-93.51,0,0,0,0,0,65,0,0,0
663408,2021,9,16,"2021-09-16","21:45:00",3,"MN",27,0,1.5,0,0,0,0,46.96,-92.25,46.96,-92.25,0,0,0,0,0,137,0,0,0
663409,2021,9,16,"2021-09-16","22:52:00",3,"MN",27,0,0.88,0,0,0,0,46.71,-92.47,46.71,-92.47,0,0,0,0,0,17,0,0,0
663410,2021,9,16,"2021-09-16","22:58:00",3,"MN",27,0,3,0,0,0,0,46.79,-92.46,46.79,-92.46,0,0,0,0,0,137,0,0,0
663411,2021,9,16,"2021-09-16","23:00:00",3,"MN",27,0,1,0,0,0,0,46.82,-92.52,46.82,-92.52,0,0,0,0,0,137,0,0,0
663412,2021,9,16,"2021-09-16","23:05:00",3,"MN",27,0,1,0,0,0,0,46.85,-92.29,46.85,-92.29,0,0,0,0,0,137,0,0,0
663413,2021,9,16,"2021-09-16","23:15:00",3,"MN",27,0,1.5,0,0,0,0,46.8,-92.34,46.8,-92.34,0,0,0,0,0,137,0,0,0
663414,2021,9,17,"2021-09-17","15:05:00",3,"KS",20,0,0.88,0,0,0,0,39.232,-99.8543,39.232,-99.8543,0,0,0,0,0,65,0,0,0
663415,2021,9,17,"2021-09-17","15:10:00",3,"KS",20,0,0.75,0,0,0,0,39.2114,-99.8118,39.2114,-99.8118,0,0,0,0,0,65,0,0,0
663416,2021,9,17,"2021-09-17","15:13:00",3,"MO",29,0,1,0,0,0,0,39.76,-94.54,39.76,-94.54,0,0,0,0,0,63,0,0,0
663417,2021,9,17,"2021-09-17","18:00:00",3,"OK",40,0,1,0,0,0,0,36.86,-99.93,36.86,-99.93,0,0,0,0,0,59,0,0,0
663418,2021,9,17,"2021-09-17","18:53:00",3,"KS",20,0,0.88,0,0,0,0,37.8,-100.02,37.8,-100.02,0,0,0,0,0,57,0,0,0
663419,2021,9,18,"2021-09-18","14:40:00",3,"NY",36,0,0.88,0,0,0,0,42.9886,-73.8003,42.9886,-73.8003,0,0,0,0,0,91,0,0,0
663420,2021,9,19,"2021-09-19","21:10:00",3,"SD",46,0,1.25,0,0,0,0,45.39,-101.43,45.39,-101.43,0,0,0,0,0,41,0,0,0
663421,2021,9,20,"2021-09-20","15:25:00",3,"MN",27,0,0.88,0,0,0,0,44,-92.48,44,-92.48,0,0,0,0,0,109,0,0,0
663422,2021,9,20,"2021-09-20","16:12:00",3,"KS",20,0,1,0,0,0,0,38.98,-94.87,38.98,-94.87,0,0,0,0,0,91,0,0,0
663423,2021,9,20,"2021-09-20","16:26:00",3,"KS",20,0,1,0,0,0,0,39,-94.75,39,-94.75,0,0,0,0,0,91,0,0,0
663424,2021,9,20,"2021-09-20","16:28:00",3,"KS",20,0,1,0,0,0,0,39.02,-94.74,39.02,-94.74,0,0,0,0,0,91,0,0,0
663425,2021,9,20,"2021-09-20","16:28:00",3,"KS",20,0,0.75,0,0,0,0,39,-94.73,39,-94.73,0,0,0,0,0,91,0,0,0
663426,2021,9,20,"2021-09-20","16:30:00",3,"KS",20,0,1,0,0,0,0,39.02,-94.72,39.02,-94.72,0,0,0,0,0,91,0,0,0
663427,2021,9,20,"2021-09-20","16:40:00",3,"KS",20,0,1.75,0,0,0,0,39.02,-94.72,39.02,-94.72,0,0,0,0,0,91,0,0,0
663428,2021,9,20,"2021-09-20","16:44:00",3,"MN",27,0,0.75,0,0,0,0,43.96,-91.69,43.96,-91.69,0,0,0,0,0,169,0,0,0
663429,2021,9,20,"2021-09-20","17:17:00",3,"MO",29,0,0.75,0,0,0,0,39.09,-94.34,39.09,-94.34,0,0,0,0,0,95,0,0,0
663430,2021,9,20,"2021-09-20","17:27:00",3,"MO",29,0,1.25,0,0,0,0,39.25,-94.42,39.25,-94.42,0,0,0,0,0,47,0,0,0
663431,2021,9,20,"2021-09-20","17:37:00",3,"MO",29,0,0.75,0,0,0,0,39.36,-94.23,39.36,-94.23,0,0,0,0,0,47,0,0,0
663432,2021,9,20,"2021-09-20","17:39:00",3,"KS",20,0,2,0,0,0,0,37.56,-95.23,37.56,-95.23,0,0,0,0,0,133,0,0,0
663433,2021,9,20,"2021-09-20","17:43:00",3,"KS",20,0,1,0,0,0,0,37.57,-95.24,37.57,-95.24,0,0,0,0,0,133,0,0,0
663434,2021,9,20,"2021-09-20","17:52:00",3,"KS",20,0,1.75,0,0,0,0,37.58,-95.14,37.58,-95.14,0,0,0,0,0,133,0,0,0
663435,2021,9,20,"2021-09-20","18:30:00",3,"MO",29,0,0.88,0,0,0,0,39.54,-93.51,39.54,-93.51,0,0,0,0,0,33,0,0,0
663436,2021,9,20,"2021-09-20","22:30:00",3,"MO",29,0,0.88,0,0,0,0,36.71,-94.35,36.71,-94.35,0,0,0,0,0,119,0,0,0
663437,2021,9,21,"2021-09-21","13:10:00",3,"AR",5,0,1.75,0,0,0,0,33.64,-91.75,33.64,-91.75,0,0,0,0,0,43,0,0,0
663438,2021,9,24,"2021-09-24","14:24:00",3,"CA",6,0,1,0,0,0,0,33.35,-116.74,33.35,-116.74,0,0,0,0,0,73,0,0,0
663439,2021,9,24,"2021-09-24","15:15:00",3,"CA",6,0,1,0,0,0,0,34.11,-116.44,34.11,-116.44,0,0,0,0,0,71,0,0,0
663440,2021,9,24,"2021-09-24","16:37:00",3,"CA",6,0,0.5,0,0,1000,0,33.32,-116.88,33.32,-116.88,0,0,0,0,0,73,0,0,0
663441,2021,9,24,"2021-09-24","18:50:00",3,"CA",6,0,0.25,0,0,50,0,32.7901,-117.0802,32.7901,-117.0802,0,0,0,0,0,73,0,0,0
663442,2021,9,28,"2021-09-28","06:45:00",3,"WV",54,0,0.88,0,0,0,0,39.63,-79.93,39.63,-79.93,0,0,0,0,0,61,0,0,0
663443,2021,9,28,"2021-09-28","07:40:00",3,"RI",44,0,0.75,0,0,0,0,41.97,-71.46,41.97,-71.46,0,0,0,0,0,7,0,0,0
663444,2021,9,28,"2021-09-28","08:03:00",3,"WV",54,0,1,0,0,0,0,39.15,-80.06,39.15,-80.06,0,0,0,0,0,1,0,0,0
663445,2021,9,28,"2021-09-28","08:30:00",3,"WV",54,0,0.88,0,0,0,0,39.01,-79.81,39.01,-79.81,0,0,0,0,0,83,0,0,0
663446,2021,9,28,"2021-09-28","14:55:00",3,"VA",51,0,1,0,0,0,0,38.3902,-78.7098,38.3902,-78.7098,0,0,0,0,0,165,0,0,0
663447,2021,9,28,"2021-09-28","15:03:00",3,"VA",51,0,1.75,0,0,0,0,38.3615,-78.6479,38.3615,-78.6479,0,0,0,0,0,165,0,0,0
663448,2021,9,28,"2021-09-28","15:05:00",3,"VA",51,0,1,0,0,0,0,38.3395,-78.4477,38.3395,-78.4477,0,0,0,0,0,79,0,0,0
663449,2021,9,28,"2021-09-28","15:07:00",3,"VA",51,0,1,0,0,0,0,38.3501,-78.6072,38.3501,-78.6072,0,0,0,0,0,165,0,0,0
663450,2021,9,28,"2021-09-28","15:11:00",3,"VA",51,0,1,0,0,0,0,38.3198,-78.4022,38.3198,-78.4022,0,0,0,0,0,79,0,0,0
663451,2021,9,28,"2021-09-28","15:50:00",3,"VA",51,0,1.5,0,0,0,0,38.1997,-78.4786,38.1997,-78.4786,0,0,0,0,0,3,0,0,0
663452,2021,9,28,"2021-09-28","15:55:00",3,"VA",51,0,1.25,0,0,0,0,38.3074,-78.1293,38.3074,-78.1293,0,0,0,0,0,113,0,0,0
663453,2021,9,28,"2021-09-28","16:02:00",3,"VA",51,0,1.75,0,0,0,0,38.2746,-77.8907,38.2746,-77.8907,0,0,0,0,0,137,0,0,0
663454,2021,9,28,"2021-09-28","16:20:00",3,"VA",51,0,1.75,0,0,0,0,38.1082,-78.4411,38.1082,-78.4411,0,0,0,0,0,3,0,0,0
663455,2021,9,28,"2021-09-28","17:22:00",3,"VA",51,0,1,0,0,0,0,38.0465,-78.5227,38.0465,-78.5227,0,0,0,0,0,3,0,0,0
663456,2021,9,28,"2021-09-28","17:30:00",3,"TX",48,0,1,0,0,0,0,27.9529,-97.5821,27.9529,-97.5821,0,0,0,0,0,409,0,0,0
663457,2021,9,28,"2021-09-28","18:04:00",3,"OK",40,0,1,0,0,0,0,34.61,-98.41,34.61,-98.41,0,0,0,0,0,31,0,0,0
663458,2021,9,28,"2021-09-28","19:00:00",3,"AZ",4,0,1.75,0,0,0,0,36.64,-112.35,36.4941,-112.5024,0,0,0,0,0,5,0,0,0
663459,2021,9,28,"2021-09-28","20:08:00",3,"TX",48,0,0.75,0,0,0,0,29.52,-98.73,29.52,-98.73,0,0,0,0,0,29,0,0,0
663460,2021,9,29,"2021-09-29","16:35:00",3,"OK",40,0,1.75,0,0,0,0,34.23,-98.69,34.23,-98.69,0,0,0,0,0,141,0,0,0
663461,2021,9,29,"2021-09-29","16:38:00",3,"OK",40,0,1,0,0,0,0,34.28,-98.68,34.28,-98.68,0,0,0,0,0,141,0,0,0
663462,2021,9,29,"2021-09-29","17:25:00",3,"TX",48,0,2.25,0,0,5000,0,33.26,-98.52,33.26,-98.52,0,0,0,0,0,503,0,0,0
663463,2021,9,29,"2021-09-29","17:30:00",3,"OK",40,0,1.25,0,0,0,0,36.48,-99.14,36.48,-99.14,0,0,0,0,0,153,0,0,0
663464,2021,9,29,"2021-09-29","22:10:00",3,"KS",20,0,1.25,0,0,0,0,37.13,-99.4,37.13,-99.4,0,0,0,0,0,33,0,0,0
663465,2021,9,29,"2021-09-29","22:43:00",3,"KS",20,0,0.88,0,0,0,0,39.3702,-99.8498,39.3702,-99.8498,0,0,0,0,0,65,0,0,0
663466,2021,9,30,"2021-09-30","10:01:00",3,"TX",48,0,1,0,0,0,0,32.3351,-102.5517,32.3351,-102.5517,0,0,0,0,0,3,0,0,0
663467,2021,9,30,"2021-09-30","12:50:00",3,"TX",48,0,1,0,0,0,0,30.58,-104.1322,30.58,-104.1322,0,0,0,0,0,243,0,0,0
663468,2021,9,30,"2021-09-30","13:05:00",3,"TX",48,0,1,0,0,0,0,32.6995,-100.9243,32.6995,-100.9243,0,0,0,0,0,415,0,0,0
663469,2021,9,30,"2021-09-30","13:09:00",3,"TX",48,0,1,0,0,0,0,30.58,-104.1154,30.58,-104.1154,0,0,0,0,0,243,0,0,0
663470,2021,9,30,"2021-09-30","13:10:00",3,"TX",48,0,1,0,0,0,0,30.652,-104.082,30.652,-104.082,0,0,0,0,0,243,0,0,0
663471,2021,9,30,"2021-09-30","13:48:00",3,"TX",48,0,1.25,0,0,0,0,32.47,-100.4,32.47,-100.4,0,0,0,0,0,353,0,0,0
663472,2021,9,30,"2021-09-30","14:37:00",3,"TX",48,0,1,0,0,0,0,32.72,-100.9,32.72,-100.9,0,0,0,0,0,415,0,0,0
663473,2021,9,30,"2021-09-30","21:10:00",3,"TX",48,0,1.25,0,0,0,0,30.71,-99.58,30.71,-99.58,0,0,0,0,0,267,0,0,0
663474,2021,9,30,"2021-09-30","22:41:00",3,"TX",48,0,0.75,0,0,0,0,29.36,-100.78,29.36,-100.78,0,0,0,0,0,465,0,0,0
663146,2021,9,1,"2021-09-01","17:05:00",3,"NE",31,0,1.75,0,0,0,0,41.68,-103.23,41.68,-103.23,0,0,0,0,0,123,0,0,0
663147,2021,9,1,"2021-09-01","17:10:00",3,"NE",31,0,2,0,0,0,0,41.67,-103.21,41.67,-103.21,0,0,0,0,0,123,0,0,0
663148,2021,9,1,"2021-09-01","17:15:00",3,"NE",31,0,1.75,0,0,0,0,41.76,-103.21,41.76,-103.21,0,0,0,0,0,123,0,0,0
663149,2021,9,2,"2021-09-02","04:50:00",3,"ND",38,0,1,0,0,0,0,48.32,-102.41,48.32,-102.41,0,0,0,0,0,61,0,0,0
663150,2021,9,2,"2021-09-02","09:08:00",3,"ND",38,0,1,0,0,2000,0,46.61,-103.61,46.61,-103.61,0,0,0,0,0,87,0,0,0
663151,2021,9,2,"2021-09-02","18:09:00",3,"UT",49,0,1,0,0,0,0,40.74,-111.83,40.74,-111.83,0,0,0,0,0,35,0,0,0
663152,2021,9,2,"2021-09-02","18:15:00",3,"UT",49,0,0.75,0,0,0,0,40.73,-111.82,40.73,-111.82,0,0,0,0,0,35,0,0,0
663153,2021,9,2,"2021-09-02","18:31:00",3,"UT",49,0,0.75,0,0,0,0,40.87,-111.91,40.87,-111.91,0,0,0,0,0,11,0,0,0
663154,2021,9,2,"2021-09-02","18:45:00",3,"UT",49,0,0.75,0,0,0,0,40.93,-111.87,40.93,-111.87,0,0,0,0,0,11,0,0,0
663155,2021,9,2,"2021-09-02","18:45:00",3,"ID",16,0,1,0,0,0,0,42.6634,-112.1875,42.6634,-112.1875,0,0,0,0,0,5,0,0,0
663156,2021,9,2,"2021-09-02","20:04:00",3,"ID",16,0,1.25,0,0,0,0,42.7577,-111.611,42.7577,-111.611,0,0,0,0,0,29,0,0,0
663157,2021,9,2,"2021-09-02","20:16:00",3,"ID",16,0,1,0,0,3000,0,42.7411,-111.5564,42.7411,-111.5564,0,0,0,0,0,29,0,0,0
663158,2021,9,2,"2021-09-02","20:19:00",3,"ID",16,0,1.5,0,0,6000,0,42.7505,-111.5479,42.7505,-111.5479,0,0,0,0,0,29,0,0,0
663159,2021,9,2,"2021-09-02","20:19:00",3,"ID",16,0,1.5,0,0,0,0,42.6993,-111.5618,42.6993,-111.5618,0,0,0,0,0,29,0,0,0
663160,2021,9,2,"2021-09-02","20:21:00",3,"ID",16,0,1.5,0,0,0,0,42.7355,-111.5382,42.7355,-111.5382,0,0,0,0,0,29,0,0,0
663161,2021,9,3,"2021-09-03","12:46:00",3,"CO",8,0,0.75,0,0,0,0,39.59,-105.14,39.59,-105.14,0,0,0,0,0,59,0,0,0
663162,2021,9,3,"2021-09-03","12:57:00",3,"CO",8,0,0.75,0,0,0,0,39.54,-105.09,39.54,-105.09,0,0,0,0,0,59,0,0,0
663163,2021,9,3,"2021-09-03","13:18:00",3,"CO",8,0,1,0,0,0,0,39.66,-105.11,39.66,-105.11,0,0,0,0,0,59,0,0,0
663164,2021,9,3,"2021-09-03","13:19:00",3,"CO",8,0,1,0,0,0,0,39.54,-105.02,39.54,-105.02,0,0,0,0,0,35,0,0,0
663165,2021,9,3,"2021-09-03","13:25:00",3,"CO",8,0,0.75,0,0,0,0,39.55,-104.96,39.55,-104.96,0,0,0,0,0,35,0,0,0
663166,2021,9,3,"2021-09-03","13:46:00",3,"CO",8,0,0.75,0,0,0,0,39.54,-105.03,39.54,-105.03,0,0,0,0,0,35,0,0,0
663167,2021,9,3,"2021-09-03","16:48:00",3,"KS",20,0,1.75,0,0,0,0,37.55,-101.06,37.55,-101.06,0,0,0,0,0,81,0,0,0
663168,2021,9,3,"2021-09-03","16:50:00",3,"KS",20,0,1,0,0,0,0,37.17,-101.59,37.17,-101.59,0,0,0,0,0,129,0,0,0
663169,2021,9,3,"2021-09-03","17:13:00",3,"KS",20,0,1.75,0,0,0,0,37.66,-101.03,37.66,-101.03,0,0,0,0,0,81,0,0,0
663170,2021,9,3,"2021-09-03","18:25:00",3,"WY",56,0,0.88,0,0,0,0,43.02,-104.64,43.02,-104.64,0,0,0,0,0,27,0,0,0
663171,2021,9,3,"2021-09-03","18:28:00",3,"WY",56,0,1,0,0,0,0,42.7284,-104.3325,42.7284,-104.3325,0,0,0,0,0,27,0,0,0
663172,2021,9,3,"2021-09-03","20:02:00",3,"SD",46,0,0.75,0,0,0,0,43.41,-103.39,43.41,-103.39,0,0,0,0,0,47,0,0,0
663173,2021,9,5,"2021-09-05","02:40:00",3,"NE",31,0,1,0,0,0,0,41.47,-101.83,41.47,-101.83,0,0,0,0,0,5,0,0,0
663174,2021,9,5,"2021-09-05","03:30:00",3,"NE",31,0,1,0,0,0,0,41.57,-101.69,41.57,-101.69,0,0,0,0,0,5,0,0,0
663175,2021,9,5,"2021-09-05","06:45:00",3,"NE",31,0,1.75,0,0,0,10000,42.59,-98.57,42.59,-98.57,0,0,0,0,0,89,0,0,0
663176,2021,9,5,"2021-09-05","16:45:00",3,"AZ",4,0,1,0,0,0,0,32.8322,-109.7136,32.8322,-109.7136,0,0,0,0,0,9,0,0,0
663177,2021,9,5,"2021-09-05","17:09:00",3,"AZ",4,0,0.88,0,0,0,0,32.26,-110.8,32.26,-110.8,0,0,0,0,0,19,0,0,0
663178,2021,9,5,"2021-09-05","17:59:00",3,"KS",20,0,1,0,0,0,0,39.2267,-100.5932,39.2267,-100.5932,0,0,0,0,0,179,0,0,0
663179,2021,9,6,"2021-09-06","09:36:00",3,"NY",36,0,0.75,0,0,0,0,43.1,-74.86,43.1,-74.86,0,0,0,0,0,43,0,0,0
663180,2021,9,6,"2021-09-06","18:12:00",3,"NM",35,0,1,0,0,0,0,36.63,-103.12,36.63,-103.12,0,0,0,0,0,59,0,0,0
663181,2021,9,6,"2021-09-06","20:20:00",3,"MN",27,0,1,0,0,0,0,47.71,-94.55,47.71,-94.55,0,0,0,0,0,7,0,0,0
663182,2021,9,6,"2021-09-06","22:59:00",3,"MN",27,0,1.25,0,0,0,0,47.03,-95.38,47.03,-95.38,0,0,0,0,0,5,0,0,0
663183,2021,9,6,"2021-09-06","23:05:00",3,"MN",27,0,0.88,0,0,0,0,46.8,-94.51,46.8,-94.51,0,0,0,0,0,21,0,0,0
663184,2021,9,7,"2021-09-07","07:10:00",3,"WI",55,0,0.75,0,0,0,0,44.78,-88.06,44.78,-88.06,0,0,0,0,0,83,0,0,0
663185,2021,9,7,"2021-09-07","07:13:00",3,"MI",26,0,0.75,0,0,0,0,44.63,-86.07,44.63,-86.07,0,0,0,0,0,19,0,0,0
663186,2021,9,7,"2021-09-07","07:25:00",3,"WI",55,0,1,0,0,0,0,44.38,-88.77,44.38,-88.77,0,0,0,0,0,135,0,0,0
663187,2021,9,7,"2021-09-07","07:28:00",3,"WI",55,0,0.75,0,0,0,0,44.38,-88.75,44.38,-88.75,0,0,0,0,0,135,0,0,0
663188,2021,9,7,"2021-09-07","07:38:00",3,"WI",55,0,1,0,0,0,0,44.38,-88.57,44.38,-88.57,0,0,0,0,0,87,0,0,0
663189,2021,9,7,"2021-09-07","07:39:00",3,"WI",55,0,1.75,0,0,0,0,44.38,-88.75,44.38,-88.75,0,0,0,0,0,135,0,0,0
663190,2021,9,7,"2021-09-07","07:45:00",3,"WI",55,0,1.75,0,0,0,0,44.34,-88.41,44.34,-88.41,0,0,0,0,0,87,0,0,0
663191,2021,9,7,"2021-09-07","07:45:00",3,"WI",55,0,4.1,0,0,0,0,44.34,-88.49,44.34,-88.49,0,0,0,0,0,87,0,0,0
663192,2021,9,7,"2021-09-07","07:46:00",3,"WI",55,0,3,0,0,0,0,44.32,-88.39,44.32,-88.39,0,0,0,0,0,87,0,0,0
663193,2021,9,7,"2021-09-07","07:47:00",3,"WI",55,0,1,0,0,0,0,43.89,-89.49,43.89,-89.49,0,0,0,0,0,77,0,0,0
663194,2021,9,7,"2021-09-07","07:47:00",3,"WI",55,0,3.75,0,0,0,0,44.29,-88.28,44.29,-88.28,0,0,0,0,0,87,0,0,0
663195,2021,9,7,"2021-09-07","07:47:00",3,"WI",55,0,1,0,0,0,0,44.33,-88.63,44.33,-88.63,0,0,0,0,0,87,0,0,0
663196,2021,9,7,"2021-09-07","07:47:00",3,"WI",55,0,4.5,0,0,0,0,44.33,-88.37,44.33,-88.37,0,0,0,0,0,87,0,0,0
663197,2021,9,7,"2021-09-07","07:47:00",3,"WI",55,0,3,0,0,0,0,44.32,-88.38,44.32,-88.38,0,0,0,0,0,87,0,0,0
663198,2021,9,7,"2021-09-07","07:48:00",3,"WI",55,0,2.75,0,0,0,0,44.35,-88.37,44.35,-88.37,0,0,0,0,0,87,0,0,0
663199,2021,9,7,"2021-09-07","07:50:00",3,"WI",55,0,2.5,0,0,0,0,44.31,-88.41,44.31,-88.41,0,0,0,0,0,87,0,0,0
663200,2021,9,7,"2021-09-07","07:50:00",3,"WI",55,0,1,0,0,0,0,44.39,-88.42,44.39,-88.42,0,0,0,0,0,87,0,0,0
663201,2021,9,7,"2021-09-07","07:53:00",3,"WI",55,0,2,0,0,0,0,44.33,-88.67,44.33,-88.67,0,0,0,0,0,87,0,0,0
663202,2021,9,7,"2021-09-07","07:55:00",3,"WI",55,0,2.75,0,0,0,0,44.38,-88.28,44.38,-88.28,0,0,0,0,0,87,0,0,0
663203,2021,9,7,"2021-09-07","07:57:00",3,"WI",55,0,2,0,0,0,0,44.33,-88.17,44.33,-88.17,0,0,0,0,0,9,0,0,0
663204,2021,9,7,"2021-09-07","07:59:00",3,"WI",55,0,2.5,0,0,0,0,44.33,-88.17,44.33,-88.17,0,0,0,0,0,9,0,0,0
663205,2021,9,7,"2021-09-07","08:02:00",3,"WI",55,0,1.5,0,0,0,0,44.37,-88.11,44.37,-88.11,0,0,0,0,0,9,0,0,0
663206,2021,9,7,"2021-09-07","08:04:00",3,"WI",55,0,1.5,0,0,0,0,44.32,-88.09,44.32,-88.09,0,0,0,0,0,9,0,0,0
663207,2021,9,7,"2021-09-07","08:06:00",3,"WI",55,0,1,0,0,0,0,44.26,-88.4,44.26,-88.4,0,0,0,0,0,87,0,0,0
663208,2021,9,7,"2021-09-07","08:10:00",3,"WI",55,0,2,0,0,0,0,44.29,-88.4,44.29,-88.4,0,0,0,0,0,87,0,0,0
663209,2021,9,7,"2021-09-07","08:10:00",3,"WI",55,0,1,0,0,0,0,44.33,-88.35,44.33,-88.35,0,0,0,0,0,87,0,0,0
663210,2021,9,7,"2021-09-07","08:12:00",3,"WI",55,0,1.5,0,0,0,0,44.29,-88.4,44.29,-88.4,0,0,0,0,0,87,0,0,0
663211,2021,9,7,"2021-09-07","08:13:00",3,"WI",55,0,4,0,0,0,0,44.33,-88.29,44.33,-88.29,0,0,0,0,0,87,0,0,0
663212,2021,9,7,"2021-09-07","08:18:00",3,"WI",55,0,1,0,0,0,0,43.97,-88.95,43.97,-88.95,0,0,0,0,0,47,0,0,0
663213,2021,9,7,"2021-09-07","08:18:00",3,"WI",55,0,1,0,0,0,0,44.28,-88.27,44.28,-88.27,0,0,0,0,0,87,0,0,0
663214,2021,9,7,"2021-09-07","08:18:00",3,"WI",55,0,1.5,0,0,0,0,44.26,-88.26,44.26,-88.26,0,0,0,0,0,87,0,0,0
663215,2021,9,7,"2021-09-07","08:20:00",3,"WI",55,0,1,0,0,0,0,43.99,-88.94,43.99,-88.94,0,0,0,0,0,137,0,0,0
663216,2021,9,7,"2021-09-07","08:20:00",3,"WI",55,0,0.75,0,0,0,0,44.33,-88.16,44.33,-88.16,0,0,0,0,0,9,0,0,0
663217,2021,9,7,"2021-09-07","08:27:00",3,"WI",55,0,1.75,0,0,0,0,44.34,-87.61,44.34,-87.61,0,0,0,0,0,61,0,0,0
663218,2021,9,7,"2021-09-07","08:32:00",3,"WI",55,0,1.25,0,0,0,0,44.26,-87.8,44.26,-87.8,0,0,0,0,0,71,0,0,0
663219,2021,9,7,"2021-09-07","08:37:00",3,"WI",55,0,1.25,0,0,0,0,44.27,-87.92,44.27,-87.92,0,0,0,0,0,9,0,0,0
663220,2021,9,7,"2021-09-07","08:39:00",3,"WI",55,0,1,0,0,0,0,43.98,-88.55,43.98,-88.55,0,0,0,0,0,139,0,0,0
663221,2021,9,7,"2021-09-07","08:43:00",3,"WI",55,0,2,0,0,0,0,43.85,-88.84,43.85,-88.84,0,0,0,0,0,39,0,0,0
663222,2021,9,7,"2021-09-07","08:49:00",3,"WI",55,0,1,0,0,0,0,44.07,-88.3,44.07,-88.3,0,0,0,0,0,15,0,0,0
663223,2021,9,7,"2021-09-07","08:58:00",3,"WI",55,0,0.75,0,0,0,0,43.93,-88.47,43.93,-88.47,0,0,0,0,0,139,0,0,0
663224,2021,9,7,"2021-09-07","09:04:00",3,"WI",55,0,1.25,0,0,0,0,44.02,-88.18,44.02,-88.18,0,0,0,0,0,15,0,0,0
663225,2021,9,7,"2021-09-07","09:10:00",3,"WI",55,0,3,0,0,0,0,43.84,-88.47,43.84,-88.47,0,0,0,0,0,39,0,0,0
663226,2021,9,7,"2021-09-07","09:15:00",3,"WI",55,0,1,0,0,0,0,44.03,-88.16,44.03,-88.16,0,0,0,0,0,15,0,0,0
663227,2021,9,7,"2021-09-07","09:24:00",3,"WI",55,0,1,0,0,0,0,43.71,-88.99,43.71,-88.99,0,0,0,0,0,47,0,0,0
663228,2021,9,7,"2021-09-07","09:24:00",3,"WI",55,0,0.88,0,0,0,0,43.65,-88.77,43.65,-88.77,0,0,0,0,0,39,0,0,0
663229,2021,9,7,"2021-09-07","09:25:00",3,"WI",55,0,1,0,0,0,0,44.02,-87.73,44.02,-87.73,0,0,0,0,0,71,0,0,0
663230,2021,9,7,"2021-09-07","09:30:00",3,"WI",55,0,1,0,0,0,0,43.17,-89.8,43.17,-89.8,0,0,0,0,0,25,0,0,0
663231,2021,9,7,"2021-09-07","09:37:00",3,"WI",55,0,0.88,0,0,0,0,43.78,-88.45,43.78,-88.45,0,0,0,0,0,39,0,0,0
663232,2021,9,7,"2021-09-07","09:38:00",3,"WI",55,0,1.5,0,0,0,0,43.43,-89.15,43.43,-89.15,0,0,0,0,0,21,0,0,0
663233,2021,9,7,"2021-09-07","09:39:00",3,"WI",55,0,1.5,0,0,0,0,43.74,-88.45,43.74,-88.45,0,0,0,0,0,39,0,0,0
663234,2021,9,7,"2021-09-07","09:42:00",3,"MI",26,0,1,0,0,0,0,44.29,-86.31,44.29,-86.31,0,0,0,0,0,101,0,0,0
663235,2021,9,7,"2021-09-07","09:42:00",3,"WI",55,0,1,0,0,0,0,43.75,-88.43,43.75,-88.43,0,0,0,0,0,39,0,0,0
663236,2021,9,7,"2021-09-07","09:45:00",3,"WI",55,0,1,0,0,0,0,43.53,-88.23,43.53,-88.23,0,0,0,0,0,131,0,0,0
663237,2021,9,7,"2021-09-07","09:45:00",3,"WI",55,0,1.75,0,0,0,0,43.78,-88.45,43.78,-88.45,0,0,0,0,0,39,0,0,0
663238,2021,9,7,"2021-09-07","09:45:00",3,"MI",26,0,1.5,0,0,0,0,44.26,-86.1,44.26,-86.1,0,0,0,0,0,101,0,0,0
663239,2021,9,7,"2021-09-07","09:48:00",3,"WI",55,0,1.25,0,0,0,0,43.9,-87.74,43.9,-87.74,0,0,0,0,0,71,0,0,0
663240,2021,9,7,"2021-09-07","09:50:00",3,"MI",26,0,1.75,0,0,0,0,44.21,-85.96,44.21,-85.96,0,0,0,0,0,101,0,0,0
663241,2021,9,7,"2021-09-07","09:51:00",3,"WI",55,0,1,0,0,0,0,43.17,-89.62,43.17,-89.62,0,0,0,0,0,25,0,0,0
663242,2021,9,7,"2021-09-07","09:55:00",3,"WI",55,0,1,0,0,0,0,43.1,-89.49,43.1,-89.49,0,0,0,0,0,25,0,0,0
663243,2021,9,7,"2021-09-07","09:55:00",3,"WI",55,0,0.88,0,0,0,0,43.21,-89.46,43.21,-89.46,0,0,0,0,0,25,0,0,0
663244,2021,9,7,"2021-09-07","09:57:00",3,"WI",55,0,1,0,0,0,0,43,-89.53,43,-89.53,0,0,0,0,0,25,0,0,0
663245,2021,9,7,"2021-09-07","09:58:00",3,"WI",55,0,1.5,0,0,0,0,42.99,-89.57,42.99,-89.57,0,0,0,0,0,25,0,0,0
663246,2021,9,7,"2021-09-07","09:59:00",3,"WI",55,0,1,0,0,0,0,42.99,-89.57,42.99,-89.57,0,0,0,0,0,25,0,0,0
663247,2021,9,7,"2021-09-07","10:05:00",3,"MI",26,0,0.88,0,0,0,0,44.24,-86.32,44.24,-86.32,0,0,0,0,0,101,0,0,0
663248,2021,9,7,"2021-09-07","10:07:00",3,"WI",55,0,1,0,0,0,0,43.41,-88.7,43.41,-88.7,0,0,0,0,0,27,0,0,0
663249,2021,9,7,"2021-09-07","10:08:00",3,"WI",55,0,1,0,0,0,0,43.02,-89.29,43.02,-89.29,0,0,0,0,0,25,0,0,0
663250,2021,9,7,"2021-09-07","10:10:00",3,"WI",55,0,1,0,0,0,0,42.99,-89.43,42.99,-89.43,0,0,0,0,0,25,0,0,0
663251,2021,9,7,"2021-09-07","10:12:00",3,"WI",55,0,1,0,0,0,0,43.76,-87.78,43.76,-87.78,0,0,0,0,0,117,0,0,0
663252,2021,9,7,"2021-09-07","10:22:00",3,"WI",55,0,1,0,0,0,0,42.92,-89.23,42.92,-89.23,0,0,0,0,0,25,0,0,0
663253,2021,9,7,"2021-09-07","10:22:00",3,"WI",55,0,1,0,0,0,0,43.42,-88.33,43.42,-88.33,0,0,0,0,0,131,0,0,0
663254,2021,9,7,"2021-09-07","10:24:00",3,"WI",55,0,1,0,0,0,0,43.18,-88.75,43.18,-88.75,0,0,0,0,0,55,0,0,0
663255,2021,9,7,"2021-09-07","10:25:00",3,"MI",26,0,2,0,0,0,0,44.25,-85.4,44.25,-85.4,0,0,0,0,0,165,0,0,0
663256,2021,9,7,"2021-09-07","10:33:00",3,"MI",26,0,1,0,0,0,0,44.25,-85.4,44.25,-85.4,0,0,0,0,0,165,0,0,0
663257,2021,9,7,"2021-09-07","10:35:00",3,"WI",55,0,1,0,0,0,0,42.84,-89.06,42.84,-89.06,0,0,0,0,0,105,0,0,0
663258,2021,9,7,"2021-09-07","10:52:00",3,"WI",55,0,1,0,0,0,0,42.77,-88.96,42.77,-88.96,0,0,0,0,0,105,0,0,0
663259,2021,9,7,"2021-09-07","11:00:00",3,"MI",26,0,2.5,0,0,1e+05,0,43.84,-86.06,43.84,-86.06,0,0,0,0,0,105,0,0,0
663260,2021,9,7,"2021-09-07","11:31:00",3,"MI",26,0,2.5,0,0,25000,0,43.9,-85.85,43.9,-85.85,0,0,0,0,0,85,0,0,0
663261,2021,9,7,"2021-09-07","11:32:00",3,"WI",55,0,1,0,0,0,0,42.63,-88.63,42.63,-88.63,0,0,0,0,0,127,0,0,0
663262,2021,9,7,"2021-09-07","11:33:00",3,"WI",55,0,1.5,0,0,0,0,42.64,-88.63,42.64,-88.63,0,0,0,0,0,127,0,0,0
663263,2021,9,7,"2021-09-07","11:35:00",3,"WI",55,0,1,0,0,0,0,42.54,-88.93,42.54,-88.93,0,0,0,0,0,105,0,0,0
663264,2021,9,7,"2021-09-07","11:41:00",3,"IL",17,0,1.75,0,0,0,0,41.91,-90.04,41.91,-90.04,0,0,0,0,0,195,0,0,0
663265,2021,9,7,"2021-09-07","11:42:00",3,"WI",55,0,1,0,0,0,0,42.67,-88.54,42.67,-88.54,0,0,0,0,0,127,0,0,0
663266,2021,9,7,"2021-09-07","11:43:00",3,"IL",17,0,1,0,0,0,0,41.88,-90.04,41.88,-90.04,0,0,0,0,0,195,0,0,0
663267,2021,9,7,"2021-09-07","11:44:00",3,"WI",55,0,1.5,0,0,0,0,42.58,-88.54,42.58,-88.54,0,0,0,0,0,127,0,0,0
663268,2021,9,7,"2021-09-07","11:44:00",3,"WI",55,0,1,0,0,0,0,42.62,-88.49,42.62,-88.49,0,0,0,0,0,127,0,0,0
663269,2021,9,7,"2021-09-07","11:44:00",3,"IL",17,0,1.75,0,0,0,0,41.92,-89.99,41.92,-89.99,0,0,0,0,0,195,0,0,0
663270,2021,9,7,"2021-09-07","11:46:00",3,"WI",55,0,1,0,0,0,0,42.59,-88.49,42.59,-88.49,0,0,0,0,0,127,0,0,0
663271,2021,9,7,"2021-09-07","11:48:00",3,"WI",55,0,0.75,0,0,0,0,42.59,-88.43,42.59,-88.43,0,0,0,0,0,127,0,0,0
663272,2021,9,7,"2021-09-07","11:48:00",3,"WI",55,0,1,0,0,0,0,42.54,-88.6,42.54,-88.6,0,0,0,0,0,127,0,0,0
663273,2021,9,7,"2021-09-07","11:54:00",3,"IL",17,0,1.75,0,0,0,0,42.35,-88.87,42.35,-88.87,0,0,0,0,0,7,0,0,0
663274,2021,9,7,"2021-09-07","11:58:00",3,"IL",17,0,1.5,0,0,0,0,42.42,-88.62,42.42,-88.62,0,0,0,0,0,111,0,0,0
663275,2021,9,7,"2021-09-07","12:00:00",3,"MI",26,0,1.75,0,0,50000,0,43.88,-85.51,43.88,-85.51,0,0,0,0,0,133,0,0,0
663276,2021,9,7,"2021-09-07","12:13:00",3,"IL",17,0,1,0,0,0,0,41.82,-89.6,41.82,-89.6,0,0,0,0,0,103,0,0,0
663277,2021,9,7,"2021-09-07","12:16:00",3,"IL",17,0,1,0,0,0,0,42.48,-88.26,42.48,-88.26,0,0,0,0,0,111,0,0,0
663278,2021,9,7,"2021-09-07","12:19:00",3,"IL",17,0,2,0,0,0,0,41.84,-89.48,41.84,-89.48,0,0,0,0,0,103,0,0,0
663279,2021,9,7,"2021-09-07","12:20:00",3,"IL",17,0,1,0,0,0,0,42.45,-88.23,42.45,-88.23,0,0,0,0,0,111,0,0,0
663280,2021,9,7,"2021-09-07","12:23:00",3,"IL",17,0,1,0,0,0,0,42.39,-88.25,42.39,-88.25,0,0,0,0,0,111,0,0,0
663281,2021,9,7,"2021-09-07","12:26:00",3,"IL",17,0,1.5,0,0,0,0,42.32,-88.45,42.32,-88.45,0,0,0,0,0,111,0,0,0
663282,2021,9,7,"2021-09-07","12:29:00",3,"IL",17,0,1,0,0,0,0,42.35,-88.1,42.35,-88.1,0,0,0,0,0,97,0,0,0
663283,2021,9,7,"2021-09-07","12:34:00",3,"IL",17,0,1.5,0,0,0,0,41.7701,-89.33,41.7701,-89.33,0,0,0,0,0,103,0,0,0
663284,2021,9,7,"2021-09-07","12:40:00",3,"IL",17,0,0.88,0,0,0,0,42.36,-87.96,42.36,-87.96,0,0,0,0,0,97,0,0,0
663285,2021,9,7,"2021-09-07","12:41:00",3,"MI",26,0,0.75,0,0,0,0,43.98,-84.49,43.98,-84.49,0,0,0,0,0,51,0,0,0
663286,2021,9,7,"2021-09-07","12:50:00",3,"IL",17,0,1,0,0,0,0,42.1975,-88.0578,42.1975,-88.0578,0,0,0,0,0,97,0,0,0
663287,2021,9,7,"2021-09-07","12:57:00",3,"IL",17,0,1,0,0,0,0,41.7281,-89.0067,41.7281,-89.0067,0,0,0,0,0,103,0,0,0
663288,2021,9,7,"2021-09-07","12:57:00",3,"IL",17,0,2,0,0,0,0,41.69,-89.15,41.69,-89.15,0,0,0,0,0,103,0,0,0
663289,2021,9,7,"2021-09-07","12:58:00",3,"IL",17,0,2,0,0,0,0,41.6952,-89.08,41.6952,-89.08,0,0,0,0,0,103,0,0,0
663290,2021,9,7,"2021-09-07","13:02:00",3,"IL",17,0,1.75,0,0,0,0,41.68,-89.06,41.68,-89.06,0,0,0,0,0,103,0,0,0
663291,2021,9,7,"2021-09-07","13:11:00",3,"IL",17,0,2,0,0,0,0,41.68,-88.98,41.68,-88.98,0,0,0,0,0,103,0,0,0
663292,2021,9,7,"2021-09-07","13:18:00",3,"MI",26,0,1,0,0,0,0,43.68,-84.22,43.68,-84.22,0,0,0,0,0,111,0,0,0
663293,2021,9,7,"2021-09-07","13:18:00",3,"IL",17,0,1.75,0,0,0,0,41.6133,-88.9951,41.6133,-88.9951,0,0,0,0,0,99,0,0,0
663294,2021,9,7,"2021-09-07","13:25:00",3,"IL",17,0,2,0,0,0,0,41.5955,-88.9379,41.5845,-88.9021,0,0,0,0,0,99,0,0,0
663295,2021,9,7,"2021-09-07","13:31:00",3,"MI",26,0,1,0,0,0,0,43.62,-84.23,43.62,-84.23,0,0,0,0,0,111,0,0,0
663296,2021,9,7,"2021-09-07","13:36:00",3,"MI",26,0,1,0,0,0,0,43.38,-84.61,43.38,-84.61,0,0,0,0,0,57,0,0,0
663297,2021,9,7,"2021-09-07","15:11:00",3,"IL",17,0,1,0,0,0,0,40.9,-89.03,40.9,-89.03,0,0,0,0,0,203,0,0,0
663298,2021,9,7,"2021-09-07","16:15:00",3,"IL",17,0,1.75,0,0,0,0,40.57,-88.62,40.57,-88.62,0,0,0,0,0,113,0,0,0
663299,2021,9,7,"2021-09-07","17:01:00",3,"IL",17,0,1,0,0,0,0,41.16,-88.23,41.16,-88.23,0,0,0,0,0,91,0,0,0
663300,2021,9,7,"2021-09-07","18:44:00",3,"AZ",4,0,1,0,0,0,0,31.34,-109.53,31.34,-109.53,0,0,0,0,0,3,0,0,0
663301,2021,9,7,"2021-09-07","18:55:00",3,"OK",40,0,1,0,0,0,0,35.97,-98.75,35.97,-98.75,0,0,0,0,0,43,0,0,0
663302,2021,9,7,"2021-09-07","18:55:00",3,"KS",20,0,1,0,0,0,0,37.46,-94.9,37.46,-94.9,0,0,0,0,0,37,0,0,0
663303,2021,9,7,"2021-09-07","18:57:00",3,"AZ",4,0,1.75,0,0,0,0,31.46,-109.66,31.46,-109.66,0,0,0,0,0,3,0,0,0
663304,2021,9,7,"2021-09-07","19:00:00",3,"KS",20,0,1,0,0,0,0,37.1,-95.82,37.1,-95.82,0,0,0,0,0,125,0,0,0
663305,2021,9,7,"2021-09-07","19:55:00",3,"AZ",4,0,2,0,0,0,0,31.38,-110.09,31.44,-110.23,0,0,0,0,0,3,0,0,0
663306,2021,9,7,"2021-09-07","20:00:00",3,"AZ",4,0,1.25,0,0,0,0,31.44,-110.1,31.47,-110.17,0,0,0,0,0,3,0,0,0
663307,2021,9,8,"2021-09-08","11:38:00",3,"NC",37,0,1,0,0,0,0,35.38,-82.35,35.38,-82.35,0,0,0,0,0,89,0,0,0
663308,2021,9,8,"2021-09-08","12:30:00",3,"SC",45,0,1,0,0,0,0,34.64,-80.73,34.64,-80.73,0,0,0,0,0,57,0,0,0
663309,2021,9,8,"2021-09-08","12:30:00",3,"SC",45,0,0.7,0,0,100,100,34.6545,-80.7643,34.6545,-80.7643,0,0,0,0,0,57,0,0,0
663310,2021,9,8,"2021-09-08","15:20:00",3,"VA",51,0,1.25,0,0,0,0,37.19,-76.41,37.19,-76.41,0,0,0,0,0,199,0,0,0
663311,2021,9,8,"2021-09-08","15:33:00",3,"VA",51,0,1,0,0,0,0,37.19,-76.55,37.19,-76.55,0,0,0,0,0,700,0,0,0
663312,2021,9,9,"2021-09-09","12:35:00",3,"PR",72,0,0.25,0,0,500,0,18.3213,-66.9144,18.3036,-66.9286,0,0,0,0,0,131,0,0,0
663313,2021,9,9,"2021-09-09","13:50:00",3,"PR",72,0,0.25,0,0,500,0,18.3899,-66.249,18.3685,-66.2652,0,0,0,0,0,135,0,0,0
