"om","yr","mo","dy","date","time","tz","st","stf","stn","mag","inj","fat","loss","closs","slat","slon","elat","elon","len","wid","ns","sn","sg","f1","f2","f3","f4"
670668,2022,10,10,"2022-10-10","16:25:00",3,"TX",48,0,1,0,0,0,0,30.67,-104.02,30.67,-104.02,0,0,0,0,0,243,0,0,0
670669,2022,10,10,"2022-10-10","17:07:00",3,"TX",48,0,1,0,0,0,0,30.91,-102.89,30.91,-102.89,0,0,0,0,0,371,0,0,0
670670,2022,10,10,"2022-10-10","17:09:00",3,"TX",48,0,1.75,0,0,0,0,30.91,-102.89,30.91,-102.89,0,0,0,0,0,371,0,0,0
670671,2022,10,10,"2022-10-10","17:11:00",3,"TX",48,0,1.75,0,0,0,0,30.89,-102.89,30.89,-102.89,0,0,0,0,0,371,0,0,0
670672,2022,10,11,"2022-10-11","18:37:00",3,"MN",27,0,0.75,0,0,0,0,45.9855,-94.1192,45.9855,-94.1192,0,0,0,0,0,97,0,0,0
670673,2022,10,11,"2022-10-11","19:38:00",3,"MN",27,0,1.75,0,0,0,0,47.98,-92.81,47.98,-92.81,0,0,0,0,0,137,0,0,0
670674,2022,10,11,"2022-10-11","21:45:00",3,"NE",31,0,1,0,0,0,0,41.19,-96.22,41.19,-96.22,0,0,0,0,0,55,0,0,0
670675,2022,10,11,"2022-10-11","22:55:00",3,"WI",55,0,0.75,0,0,0,0,46.62,-91.68,46.62,-91.68,0,0,0,0,0,31,0,0,0
670676,2022,10,12,"2022-10-12","02:00:00",3,"IA",19,0,0.88,0,0,0,0,41.34,-92.23,41.34,-92.23,0,0,0,0,0,107,0,0,0
670677,2022,10,12,"2022-10-12","04:17:00",3,"MO",29,0,1,0,0,0,0,38.3974,-94.3505,38.3974,-94.3505,0,0,0,0,0,13,0,0,0
670678,2022,10,12,"2022-10-12","04:41:00",3,"KS",20,0,1,0,0,0,0,37.84,-94.71,37.84,-94.71,0,0,0,0,0,11,0,0,0
670679,2022,10,12,"2022-10-12","05:57:00",3,"OK",40,0,1,0,0,0,0,36.4365,-95.381,36.4365,-95.381,0,0,0,0,0,97,0,0,0
670680,2022,10,12,"2022-10-12","05:58:00",3,"OK",40,0,0.75,0,0,0,0,36.44,-95.39,36.44,-95.39,0,0,0,0,0,97,0,0,0
670681,2022,10,12,"2022-10-12","06:20:00",3,"AL",1,0,1,0,0,0,0,32.4909,-87.8069,32.4909,-87.8069,0,0,0,0,0,91,0,0,0
670682,2022,10,12,"2022-10-12","06:28:00",3,"AL",1,0,2,0,0,0,0,32.51,-87.72,32.51,-87.72,0,0,0,0,0,65,0,0,0
670683,2022,10,12,"2022-10-12","06:30:00",3,"MO",29,0,0.88,0,0,0,0,37.56,-93.21,37.56,-93.21,0,0,0,0,0,167,0,0,0
670684,2022,10,12,"2022-10-12","06:43:00",3,"OK",40,0,0.75,0,0,0,0,36.42,-94.8,36.42,-94.8,0,0,0,0,0,41,0,0,0
670685,2022,10,12,"2022-10-12","06:50:00",3,"MO",29,0,0.88,0,0,0,0,38.14,-91.76,38.14,-91.76,0,0,0,0,0,125,0,0,0
670686,2022,10,12,"2022-10-12","06:52:00",3,"MO",29,0,1,0,0,0,0,37.05,-93.37,37.05,-93.37,0,0,0,0,0,43,0,0,0
670687,2022,10,12,"2022-10-12","07:05:00",3,"AR",5,0,1,0,0,0,0,36.33,-94.468,36.33,-94.468,0,0,0,0,0,7,0,0,0
670688,2022,10,12,"2022-10-12","07:05:00",3,"MO",29,0,1,0,0,0,0,37.02,-93.21,37.02,-93.21,0,0,0,0,0,43,0,0,0
670689,2022,10,12,"2022-10-12","07:15:00",3,"MO",29,0,1,0,0,0,0,37.02,-93.21,37.02,-93.21,0,0,0,0,0,43,0,0,0
670690,2022,10,12,"2022-10-12","07:42:00",3,"AR",5,0,0.75,0,0,0,0,36.25,-94.13,36.25,-94.13,0,0,0,0,0,7,0,0,0
670691,2022,10,12,"2022-10-12","07:46:00",3,"AR",5,0,0.75,0,0,0,0,36.1366,-94.2003,36.1366,-94.2003,0,0,0,0,0,143,0,0,0
670692,2022,10,12,"2022-10-12","08:25:00",3,"AR",5,0,1,0,0,0,0,36.07,-94.17,36.07,-94.17,0,0,0,0,0,143,0,0,0
670693,2022,10,12,"2022-10-12","08:50:00",3,"AR",5,0,0.88,0,0,0,0,35.57,-93.82,35.57,-93.82,0,0,0,0,0,47,0,0,0
670694,2022,10,12,"2022-10-12","08:52:00",3,"AR",5,0,0.88,0,0,0,0,35.5043,-93.8456,35.5043,-93.8456,0,0,0,0,0,47,0,0,0
670695,2022,10,12,"2022-10-12","09:01:00",3,"AR",5,0,0.75,0,0,0,0,35.5141,-93.8193,35.5141,-93.8193,0,0,0,0,0,47,0,0,0
670696,2022,10,12,"2022-10-12","09:10:00",3,"AR",5,0,1,0,0,0,0,35.3,-93.8,35.3,-93.8,0,0,0,0,0,83,0,0,0
670697,2022,10,12,"2022-10-12","09:15:00",3,"AR",5,0,0.88,0,0,0,0,35.5905,-93.8452,35.5905,-93.8452,0,0,0,0,0,47,0,0,0
670698,2022,10,12,"2022-10-12","10:30:00",3,"AR",5,0,1,0,0,0,0,35.91,-91.29,35.91,-91.29,0,0,0,0,0,75,0,0,0
670699,2022,10,12,"2022-10-12","10:38:00",3,"AR",5,0,1,0,0,0,0,36.05,-90.99,36.05,-90.99,0,0,0,0,0,75,0,0,0
670700,2022,10,12,"2022-10-12","14:44:00",3,"MS",28,0,2,0,0,50000,0,33.99,-90.88,33.928,-90.658,0,0,0,0,0,11,0,0,0
670701,2022,10,12,"2022-10-12","15:15:00",3,"MS",28,0,1.25,0,0,25000,0,33.928,-90.658,33.839,-90.452,0,0,0,0,0,133,0,0,0
670702,2022,10,12,"2022-10-12","15:20:00",3,"OH",39,0,1,0,0,0,0,38.52,-82.58,38.52,-82.58,0,0,0,0,0,87,0,0,0
670703,2022,10,12,"2022-10-12","15:55:00",3,"MS",28,0,1.75,0,0,20000,0,32.6078,-89.3651,32.65,-89.35,0,0,0,0,0,79,0,0,0
670704,2022,10,12,"2022-10-12","16:10:00",3,"MS",28,0,1,0,0,0,0,32.37,-89.47,32.37,-89.47,0,0,0,0,0,123,0,0,0
670705,2022,10,12,"2022-10-12","16:10:00",3,"MS",28,0,0.88,0,0,0,0,34.41,-89.04,34.41,-89.04,0,0,0,0,0,145,0,0,0
670706,2022,10,12,"2022-10-12","16:15:00",3,"MS",28,0,1,0,0,0,0,33.76,-90.2,33.76,-90.2,0,0,0,0,0,135,0,0,0
670707,2022,10,12,"2022-10-12","16:26:00",3,"LA",22,0,1.25,0,0,0,0,31.4237,-92.4786,31.4237,-92.4786,0,0,0,0,0,43,0,0,0
670708,2022,10,12,"2022-10-12","16:28:00",3,"LA",22,0,1.5,0,0,0,0,31.42,-92.47,31.42,-92.47,0,0,0,0,0,79,0,0,0
670709,2022,10,12,"2022-10-12","16:30:00",3,"LA",22,0,2,0,0,0,0,31.4304,-92.4828,31.4304,-92.4828,0,0,0,0,0,43,0,0,0
670710,2022,10,12,"2022-10-12","16:40:00",3,"LA",22,0,1,0,0,0,0,31.5238,-92.4078,31.5238,-92.4078,0,0,0,0,0,43,0,0,0
670711,2022,10,12,"2022-10-12","16:40:00",3,"MS",28,0,1,0,0,0,0,34.3,-88.74,34.3,-88.74,0,0,0,0,0,81,0,0,0
670712,2022,10,12,"2022-10-12","16:40:00",3,"MS",28,0,1.75,0,0,0,0,34.38,-88.69,34.38,-88.69,0,0,0,0,0,81,0,0,0
670713,2022,10,12,"2022-10-12","16:45:00",3,"MS",28,0,1.75,0,0,0,0,34.29,-88.71,34.29,-88.71,0,0,0,0,0,81,0,0,0
670714,2022,10,12,"2022-10-12","16:50:00",3,"LA",22,0,1.5,0,0,0,0,31.5204,-92.3615,31.5204,-92.3615,0,0,0,0,0,43,0,0,0
670715,2022,10,12,"2022-10-12","16:50:00",3,"MS",28,0,1,0,0,0,0,34.32,-88.7,34.32,-88.7,0,0,0,0,0,81,0,0,0
670716,2022,10,12,"2022-10-12","16:58:00",3,"LA",22,0,1.25,0,0,0,0,31.5814,-92.3105,31.5814,-92.3105,0,0,0,0,0,43,0,0,0
670717,2022,10,12,"2022-10-12","17:05:00",3,"MS",28,0,1.25,0,0,0,0,34.27,-88.58,34.27,-88.58,0,0,0,0,0,81,0,0,0
670718,2022,10,12,"2022-10-12","17:09:00",3,"MS",28,0,0.88,0,0,0,0,32.26,-89.15,32.26,-89.15,0,0,0,0,0,101,0,0,0
670719,2022,10,12,"2022-10-12","17:25:00",3,"MS",28,0,1,0,0,0,0,34.26,-88.4,34.26,-88.4,0,0,0,0,0,57,0,0,0
670720,2022,10,12,"2022-10-12","17:30:00",3,"LA",22,0,1,0,0,0,0,31.6506,-92.0827,31.6506,-92.0827,0,0,0,0,0,59,0,0,0
670721,2022,10,12,"2022-10-12","17:30:00",3,"MS",28,0,1.75,0,0,15000,0,32.25,-89.056,32.25,-89.056,0,0,0,0,0,101,0,0,0
670722,2022,10,12,"2022-10-12","17:31:00",3,"MS",28,0,1,0,0,0,0,32.3,-88.67,32.3,-88.67,0,0,0,0,0,75,0,0,0
670723,2022,10,12,"2022-10-12","17:35:00",3,"AR",5,0,1,0,0,0,0,34.97,-92.02,34.97,-92.02,0,0,0,0,0,85,0,0,0
670724,2022,10,12,"2022-10-12","17:40:00",3,"MS",28,0,1.5,0,0,0,0,34.18,-88.35,34.18,-88.35,0,0,0,0,0,57,0,0,0
670725,2022,10,12,"2022-10-12","17:44:00",3,"AR",5,0,1,0,0,0,0,34.97,-91.99,34.97,-91.99,0,0,0,0,0,85,0,0,0
670726,2022,10,12,"2022-10-12","17:51:00",3,"MS",28,0,1,0,0,0,0,31.58,-91.07,31.58,-91.07,0,0,0,0,0,37,0,0,0
670727,2022,10,12,"2022-10-12","18:05:00",3,"MS",28,0,1,0,0,0,0,34.59,-90.2,34.59,-90.2,0,0,0,0,0,137,0,0,0
670728,2022,10,12,"2022-10-12","18:15:00",3,"AL",1,0,1.5,0,0,0,0,34.12,-88.04,34.12,-88.04,0,0,0,0,0,93,0,0,0
670729,2022,10,12,"2022-10-12","18:47:00",3,"AL",1,0,1,0,0,0,0,34,-87.85,34,-87.85,0,0,0,0,0,93,0,0,0
670730,2022,10,12,"2022-10-12","19:05:00",3,"MS",28,0,1,0,0,0,0,34.54,-89.64,34.54,-89.64,0,0,0,0,0,71,0,0,0
670731,2022,10,12,"2022-10-12","19:17:00",3,"MS",28,0,1,0,0,0,0,31.97,-90.38,31.97,-90.38,0,0,0,0,0,29,0,0,0
670732,2022,10,12,"2022-10-12","19:40:00",3,"MS",28,0,1,0,0,0,0,34.95,-89.93,34.95,-89.93,0,0,0,0,0,33,0,0,0
670733,2022,10,12,"2022-10-12","21:45:00",3,"NE",31,0,1,0,0,0,0,41.19,-96.22,41.19,-96.22,0,0,0,0,0,55,0,0,0
670734,2022,10,12,"2022-10-12","22:25:00",3,"LA",22,0,0.75,0,0,0,0,32.5883,-93.5152,32.5883,-93.5152,0,0,0,0,0,15,0,0,0
670735,2022,10,15,"2022-10-15","11:55:00",3,"AZ",4,0,1,0,0,0,0,32.1988,-110.9863,32.1988,-110.9863,0,0,0,0,0,19,0,0,0
670736,2022,10,15,"2022-10-15","14:44:00",3,"AR",5,0,1.5,0,0,0,0,34.93,-93.2,34.93,-93.2,0,0,0,0,0,105,0,0,0
670737,2022,10,15,"2022-10-15","16:01:00",3,"AR",5,0,1,0,0,0,0,34.98,-91.88,34.98,-91.88,0,0,0,0,0,85,0,0,0
670738,2022,10,15,"2022-10-15","16:09:00",3,"AR",5,0,2,0,0,0,0,34.99,-91.87,34.99,-91.87,0,0,0,0,0,85,0,0,0
670739,2022,10,15,"2022-10-15","16:36:00",3,"FL",12,0,1,0,0,0,0,27.44,-82.47,27.44,-82.47,0,0,0,0,0,81,0,0,0
670740,2022,10,15,"2022-10-15","16:46:00",3,"AR",5,0,1,0,0,0,0,35.18,-94.42,35.18,-94.42,0,0,0,0,0,131,0,0,0
670741,2022,10,15,"2022-10-15","16:48:00",3,"AR",5,0,1.5,0,0,0,0,34.95,-92,34.95,-92,0,0,0,0,0,85,0,0,0
670742,2022,10,15,"2022-10-15","16:50:00",3,"AZ",4,0,1,0,0,0,0,32.71,-111.49,32.71,-111.49,0,0,0,0,0,21,0,0,0
670743,2022,10,15,"2022-10-15","16:56:00",3,"AR",5,0,1.75,0,0,0,0,34.97,-91.99,34.97,-91.99,0,0,0,0,0,85,0,0,0
670744,2022,10,15,"2022-10-15","17:05:00",3,"TX",48,0,0.88,0,0,0,0,33.24,-97.6,33.24,-97.6,0,0,0,0,0,497,0,0,0
670745,2022,10,15,"2022-10-15","17:19:00",3,"AR",5,0,1.25,0,0,0,0,35.26,-92.39,35.26,-92.39,0,0,0,0,0,45,0,0,0
670746,2022,10,15,"2022-10-15","17:20:00",3,"AR",5,0,1,0,0,0,0,35.3655,-94.42,35.3655,-94.42,0,0,0,0,0,131,0,0,0
670747,2022,10,15,"2022-10-15","17:24:00",3,"AR",5,0,1,0,0,0,0,35.33,-94.3355,35.33,-94.3355,0,0,0,0,0,131,0,0,0
670748,2022,10,15,"2022-10-15","17:30:00",3,"AR",5,0,1.5,0,0,20000,0,35.33,-94.3532,35.33,-94.3532,0,0,0,0,0,131,0,0,0
670749,2022,10,15,"2022-10-15","17:32:00",3,"AR",5,0,1,0,0,0,0,35.3745,-94.4036,35.3745,-94.4036,0,0,0,0,0,131,0,0,0
670750,2022,10,15,"2022-10-15","17:34:00",3,"AR",5,0,1.25,0,0,10000,0,35.3007,-94.4076,35.3007,-94.4076,0,0,0,0,0,131,0,0,0
670751,2022,10,15,"2022-10-15","17:38:00",3,"AR",5,0,1,0,0,0,0,35.5967,-93.8336,35.5967,-93.8336,0,0,0,0,0,47,0,0,0
670752,2022,10,15,"2022-10-15","17:43:00",3,"AR",5,0,1,0,0,0,0,35.5802,-93.8074,35.5802,-93.8074,0,0,0,0,0,47,0,0,0
670753,2022,10,15,"2022-10-15","17:45:00",3,"AR",5,0,1.5,0,0,0,0,34.66,-92.79,34.66,-92.79,0,0,0,0,0,125,0,0,0
670754,2022,10,15,"2022-10-15","17:58:00",3,"OK",40,0,1,0,0,0,0,35.4772,-95.5043,35.4772,-95.5043,0,0,0,0,0,91,0,0,0
670755,2022,10,15,"2022-10-15","18:00:00",3,"AR",5,0,0.75,0,0,0,0,35.22,-94.27,35.22,-94.27,0,0,0,0,0,131,0,0,0
670756,2022,10,15,"2022-10-15","18:04:00",3,"AR",5,0,1.5,0,0,0,0,34.86,-91.88,34.86,-91.88,0,0,0,0,0,85,0,0,0
670757,2022,10,15,"2022-10-15","18:15:00",3,"AR",5,0,1.5,0,0,0,0,35.43,-91.84,35.43,-91.84,0,0,0,0,0,145,0,0,0
670758,2022,10,15,"2022-10-15","18:28:00",3,"OK",40,0,0.75,0,0,0,0,35.5134,-95.3068,35.5134,-95.3068,0,0,0,0,0,101,0,0,0
670759,2022,10,15,"2022-10-15","18:35:00",3,"AR",5,0,1.5,0,0,0,0,35.65,-91.07,35.65,-91.07,0,0,0,0,0,67,0,0,0
670760,2022,10,15,"2022-10-15","18:35:00",3,"OK",40,0,1.25,0,0,0,0,34.4,-97.05,34.4,-97.05,0,0,0,0,0,99,0,0,0
670761,2022,10,15,"2022-10-15","18:37:00",3,"AR",5,0,2,0,0,1000,0,35.73,-93.41,35.73,-93.41,0,0,0,0,0,101,0,0,0
670762,2022,10,15,"2022-10-15","18:43:00",3,"OK",40,0,1.5,0,0,0,0,34.45,-97.02,34.45,-97.02,0,0,0,0,0,99,0,0,0
670763,2022,10,15,"2022-10-15","18:44:00",3,"OK",40,0,1.75,0,0,0,0,34.43,-97,34.43,-97,0,0,0,0,0,99,0,0,0
670764,2022,10,15,"2022-10-15","18:49:00",3,"OK",40,0,1,0,0,0,0,35.62,-99.38,35.62,-99.38,0,0,0,0,0,129,0,0,0
670765,2022,10,15,"2022-10-15","18:58:00",3,"AR",5,0,3,0,0,0,0,35.52,-91.38,35.52,-91.38,0,0,0,0,0,67,0,0,0
670766,2022,10,15,"2022-10-15","18:59:00",3,"AR",5,0,2,0,0,0,0,35.53,-91.46,35.53,-91.46,0,0,0,0,0,63,0,0,0
670767,2022,10,15,"2022-10-15","19:07:00",3,"OK",40,0,0.75,0,0,0,0,35.23,-94.5154,35.23,-94.5154,0,0,0,0,0,79,0,0,0
670768,2022,10,15,"2022-10-15","19:11:00",3,"AR",5,0,1.75,0,0,0,0,34.77,-92.76,34.77,-92.76,0,0,0,0,0,125,0,0,0
670769,2022,10,15,"2022-10-15","19:26:00",3,"TX",48,0,1.5,0,0,0,0,35.62,-100.21,35.62,-100.21,0,0,0,0,0,483,0,0,0
670770,2022,10,15,"2022-10-15","19:55:00",3,"AR",5,0,1.25,0,0,0,0,35.62,-90.9,35.62,-90.9,0,0,0,0,0,111,0,0,0
670771,2022,10,15,"2022-10-15","20:09:00",3,"AR",5,0,1.5,0,0,0,0,35.92,-92.71,35.92,-92.71,0,0,0,0,0,129,0,0,0
670772,2022,10,15,"2022-10-15","20:23:00",3,"AR",5,0,1.25,0,0,0,0,34.67,-92.51,34.67,-92.51,0,0,0,0,0,125,0,0,0
670773,2022,10,15,"2022-10-15","20:25:00",3,"AR",5,0,1.25,0,0,0,0,34.63,-92.44,34.63,-92.44,0,0,0,0,0,119,0,0,0
670774,2022,10,15,"2022-10-15","20:25:00",3,"AR",5,0,1.75,0,0,0,0,35.55,-90.47,35.55,-90.47,0,0,0,0,0,111,0,0,0
670775,2022,10,15,"2022-10-15","20:31:00",3,"AR",5,0,1,0,0,5000,0,34.6,-92.61,34.6,-92.61,0,0,0,0,0,125,0,0,0
670776,2022,10,15,"2022-10-15","20:38:00",3,"AR",5,0,1,0,0,0,0,36.18,-92.26,36.18,-92.26,0,0,0,0,0,5,0,0,0
670777,2022,10,15,"2022-10-15","20:40:00",3,"AR",5,0,1.75,0,0,0,0,36.12,-92.14,36.12,-92.14,0,0,0,0,0,65,0,0,0
670778,2022,10,15,"2022-10-15","20:45:00",3,"AR",5,0,2,0,0,0,0,35.61,-90.33,35.61,-90.33,0,0,0,0,0,111,0,0,0
670779,2022,10,15,"2022-10-15","20:54:00",3,"OK",40,0,1,0,0,0,0,35.6132,-95.0787,35.6132,-95.0787,0,0,0,0,0,135,0,0,0
670780,2022,10,15,"2022-10-15","20:55:00",3,"AR",5,0,1.25,0,0,0,0,35.72,-90.23,35.72,-90.23,0,0,0,0,0,93,0,0,0
670781,2022,10,15,"2022-10-15","21:08:00",3,"OK",40,0,1,0,0,0,0,35.6201,-95.0004,35.6201,-95.0004,0,0,0,0,0,135,0,0,0
670782,2022,10,15,"2022-10-15","21:08:00",3,"OK",40,0,1,0,0,0,0,35.41,-99.42,35.41,-99.42,0,0,0,0,0,9,0,0,0
670783,2022,10,15,"2022-10-15","21:12:00",3,"OK",40,0,0.88,0,0,0,0,35.58,-94.98,35.58,-94.98,0,0,0,0,0,135,0,0,0
670784,2022,10,15,"2022-10-15","21:12:00",3,"AR",5,0,1,0,0,0,0,35.71,-89.97,35.71,-89.97,0,0,0,0,0,93,0,0,0
670785,2022,10,15,"2022-10-15","21:15:00",3,"AR",5,0,1,0,0,0,0,36.38,-92.38,36.38,-92.38,0,0,0,0,0,5,0,0,0
670786,2022,10,15,"2022-10-15","21:16:00",3,"AR",5,0,1.75,0,0,0,0,36.5,-91.54,36.5,-91.54,0,0,0,0,0,49,0,0,0
670787,2022,10,15,"2022-10-15","21:17:00",3,"MO",29,0,1.75,0,0,0,0,36.5,-91.54,36.5,-91.54,0,0,0,0,0,149,0,0,0
670788,2022,10,15,"2022-10-15","23:31:00",3,"OK",40,0,1,0,0,0,0,34.74,-98.58,34.74,-98.58,0,0,0,0,0,31,0,0,0
670789,2022,10,16,"2022-10-16","00:45:00",3,"AZ",4,0,1,0,0,0,0,33.2195,-111.6346,33.2195,-111.6346,0,0,0,0,0,13,0,0,0
670790,2022,10,16,"2022-10-16","01:45:00",3,"AZ",4,0,1.5,0,0,0,0,33.4372,-111.7879,33.4372,-111.7879,0,0,0,0,0,13,0,0,0
670791,2022,10,16,"2022-10-16","02:25:00",3,"AZ",4,0,2,0,0,0,0,33.582,-111.9433,33.582,-111.9433,0,0,0,0,0,13,0,0,0
670792,2022,10,16,"2022-10-16","02:30:00",3,"AZ",4,0,1.5,0,0,0,0,33.5239,-111.8963,33.5239,-111.8963,0,0,0,0,0,13,0,0,0
670793,2022,10,16,"2022-10-16","02:35:00",3,"AZ",4,0,1,0,0,0,0,33.5674,-111.926,33.5674,-111.926,0,0,0,0,0,13,0,0,0
670794,2022,10,16,"2022-10-16","09:13:00",3,"NM",35,0,1,0,0,0,0,33.0346,-108.6967,33.0346,-108.6967,0,0,0,0,0,17,0,0,0
670795,2022,10,16,"2022-10-16","14:30:00",3,"NM",35,0,1,0,0,0,0,32.5054,-106.9045,32.5054,-106.9045,0,0,0,0,0,13,0,0,0
670796,2022,10,17,"2022-10-17","12:30:00",3,"PR",72,0,0.25,0,0,10000,0,18.2292,-66.3429,18.2292,-66.3429,0,0,0,0,0,19,0,0,0
670797,2022,10,17,"2022-10-17","15:07:00",3,"VA",51,0,1,0,0,1000,0,37.45,-77.57,37.45,-77.57,0,0,0,0,0,41,0,0,0
670798,2022,10,17,"2022-10-17","15:16:00",3,"VA",51,0,1.25,0,0,0,0,37.51,-77.32,37.51,-77.32,0,0,0,0,0,87,0,0,0
670799,2022,10,17,"2022-10-17","15:54:00",3,"VA",51,0,1,0,0,0,0,36.59,-76.93,36.59,-76.93,0,0,0,0,0,175,0,0,0
670800,2022,10,17,"2022-10-17","16:00:00",3,"FL",12,0,1,0,0,0,0,28.04,-80.69,28.04,-80.69,0,0,0,0,0,9,0,0,0
670801,2022,10,17,"2022-10-17","16:25:00",3,"NC",37,0,1.5,0,0,0,0,35.9602,-79.1076,35.9602,-79.1076,0,0,0,0,0,135,0,0,0
670802,2022,10,17,"2022-10-17","16:41:00",3,"NC",37,0,0.75,0,0,0,0,35.99,-78.93,35.99,-78.93,0,0,0,0,0,63,0,0,0
670803,2022,10,17,"2022-10-17","18:02:00",3,"VA",51,0,1,0,0,0,0,37.23,-76.63,37.23,-76.63,0,0,0,0,0,95,0,0,0
670804,2022,10,17,"2022-10-17","18:12:00",3,"VA",51,0,1,0,0,0,0,37.24,-76.51,37.24,-76.51,0,0,0,0,0,199,0,0,0
670805,2022,10,17,"2022-10-17","18:12:00",3,"VA",51,0,1,0,0,0,0,37.17,-76.52,37.17,-76.52,0,0,0,0,0,700,0,0,0
670806,2022,10,17,"2022-10-17","21:26:00",3,"OH",39,0,0.75,0,0,0,0,41.7131,-81.2205,41.7131,-81.2205,0,0,0,0,0,85,0,0,0
670807,2022,10,23,"2022-10-23","16:45:00",3,"NE",31,0,1.25,0,0,0,0,41.96,-97.73,41.96,-97.73,0,0,0,0,0,119,0,0,0
670808,2022,10,23,"2022-10-23","17:25:00",3,"SD",46,0,2,0,0,0,0,43.89,-97.19,43.89,-97.19,0,0,0,0,0,79,0,0,0
670809,2022,10,23,"2022-10-23","17:33:00",3,"SD",46,0,1,0,0,0,0,44.01,-97.07,44.01,-97.07,0,0,0,0,0,79,0,0,0
670810,2022,10,23,"2022-10-23","17:34:00",3,"SD",46,0,0.88,0,0,0,0,44.37,-97.13,44.37,-97.13,0,0,0,0,0,77,0,0,0
670811,2022,10,23,"2022-10-23","17:37:00",3,"SD",46,0,1,0,0,0,0,44.01,-97.12,44.01,-97.12,0,0,0,0,0,79,0,0,0
670812,2022,10,23,"2022-10-23","17:37:00",3,"SD",46,0,1,0,0,0,0,44.01,-97.1,44.01,-97.1,0,0,0,0,0,79,0,0,0
670813,2022,10,23,"2022-10-23","17:38:00",3,"SD",46,0,1,0,0,0,0,44.01,-97.1,44.01,-97.1,0,0,0,0,0,79,0,0,0
670814,2022,10,23,"2022-10-23","17:38:00",3,"SD",46,0,1.5,0,0,0,0,44.01,-97.11,44.01,-97.11,0,0,0,0,0,79,0,0,0
670815,2022,10,24,"2022-10-24","16:54:00",3,"TX",48,0,1,0,0,0,0,31.83,-99.43,31.83,-99.43,0,0,0,0,0,83,0,0,0
670816,2022,10,24,"2022-10-24","19:12:00",3,"TX",48,0,1.25,0,0,0,0,31.06,-97.89,31.06,-97.89,0,0,0,0,0,27,0,0,0
670817,2022,10,24,"2022-10-24","19:24:00",3,"TX",48,0,1.75,0,0,50000,0,31.1,-97.72,31.1,-97.72,0,0,0,0,0,27,0,0,0
670818,2022,10,24,"2022-10-24","19:29:00",3,"TX",48,0,1,0,0,0,0,33.15,-96.81,33.15,-96.81,0,0,0,0,0,85,0,0,0
670819,2022,10,24,"2022-10-24","19:30:00",3,"TX",48,0,1.25,0,0,0,0,31.08,-97.66,31.08,-97.66,0,0,0,0,0,27,0,0,0
670820,2022,10,24,"2022-10-24","19:45:00",3,"TX",48,0,1,0,0,0,0,31.15,-97.46,31.15,-97.46,0,0,0,0,0,27,0,0,0
670821,2022,10,27,"2022-10-27","17:45:00",3,"TX",48,0,1.5,0,0,0,0,34.22,-100.45,34.22,-100.45,0,0,0,0,0,101,0,0,0
670652,2022,10,1,"2022-10-01","15:26:00",3,"CO",8,0,0.75,0,0,0,0,40.03,-105.24,40.03,-105.24,0,0,0,0,0,13,0,0,0
670653,2022,10,1,"2022-10-01","15:47:00",3,"CO",8,0,1,0,0,0,0,40.04,-105.05,40.04,-105.05,0,0,0,0,0,123,0,0,0
670654,2022,10,1,"2022-10-01","15:50:00",3,"CO",8,0,1,0,0,0,0,40.05,-105.05,40.05,-105.05,0,0,0,0,0,123,0,0,0
670655,2022,10,1,"2022-10-01","15:51:00",3,"CO",8,0,1,0,0,0,0,40.07,-105.05,40.07,-105.05,0,0,0,0,0,123,0,0,0
670656,2022,10,1,"2022-10-01","15:52:00",3,"CO",8,0,0.75,0,0,0,0,40.04,-105.07,40.04,-105.07,0,0,0,0,0,13,0,0,0
670657,2022,10,1,"2022-10-01","15:54:00",3,"CO",8,0,1.5,0,0,0,0,40.05,-105.03,40.05,-105.03,0,0,0,0,0,123,0,0,0
670658,2022,10,1,"2022-10-01","16:30:00",3,"UT",49,0,1.75,0,0,7500,0,37.9009,-111.425,37.9009,-111.425,0,0,0,0,0,17,0,0,0
670659,2022,10,1,"2022-10-01","17:07:00",3,"CO",8,0,1.5,0,0,0,0,38.27,-108.55,38.27,-108.55,0,0,0,0,0,85,0,0,0
670660,2022,10,2,"2022-10-02","15:13:00",3,"UT",49,0,1,0,0,0,0,37.9108,-111.4236,37.9108,-111.4236,0,0,0,0,0,17,0,0,0
670661,2022,10,2,"2022-10-02","15:24:00",3,"UT",49,0,1,0,0,5000,0,38.37,-110.72,38.37,-110.72,0,0,0,0,0,55,0,0,0
670662,2022,10,2,"2022-10-02","16:00:00",3,"UT",49,0,0.8,0,0,0,0,38.988,-110.139,38.988,-110.139,0,0,0,0,0,19,0,0,0
670663,2022,10,2,"2022-10-02","16:55:00",3,"UT",49,0,1.5,0,0,40000,0,37.7229,-113.0441,37.7229,-113.0441,0,0,0,0,0,21,0,0,0
670664,2022,10,2,"2022-10-02","19:50:00",3,"ND",38,0,0.88,0,0,0,0,46.23,-103.62,46.23,-103.62,0,0,0,0,0,11,0,0,0
670665,2022,10,3,"2022-10-03","13:42:00",3,"AZ",4,0,1.25,0,0,0,0,35.36,-112.21,35.3993,-112.1708,0,0,0,0,0,5,0,0,0
670666,2022,10,3,"2022-10-03","18:37:00",3,"AZ",4,0,0.88,0,0,0,0,33.6373,-112.4536,33.6373,-112.4536,0,0,0,0,0,13,0,0,0
670667,2022,10,6,"2022-10-06","14:30:00",3,"AZ",4,0,1,0,0,0,0,33.0156,-114.2461,33.0156,-114.2461,0,0,0,0,0,27,0,0,0
670862,2022,11,10,"2022-11-10","17:31:00",3,"OK",40,0,0.88,0,0,0,0,35.7634,-96.6668,35.7634,-96.6668,0,0,0,0,0,81,0,0,0
670863,2022,11,11,"2022-11-11","08:45:00",3,"TX",48,0,1.25,0,0,0,0,31.06,-98.18,31.06,-98.18,0,0,0,0,0,281,0,0,0
670864,2022,11,11,"2022-11-11","08:55:00",3,"TX",48,0,1,0,0,0,0,30.9838,-97.9208,30.9838,-97.9208,0,0,0,0,0,53,0,0,0
670865,2022,11,11,"2022-11-11","09:00:00",3,"TX",48,0,1.25,0,0,0,0,31.04,-98.02,31.04,-98.02,0,0,0,0,0,281,0,0,0
670866,2022,11,11,"2022-11-11","09:05:00",3,"TX",48,0,1,0,0,0,0,31.06,-97.92,31.06,-97.92,0,0,0,0,0,281,0,0,0
670867,2022,11,11,"2022-11-11","09:18:00",3,"TX",48,0,0.75,0,0,0,0,31.11,-97.79,31.11,-97.79,0,0,0,0,0,27,0,0,0
670868,2022,11,11,"2022-11-11","09:22:00",3,"TX",48,0,1.25,0,0,0,0,31.043,-97.7292,31.043,-97.7292,0,0,0,0,0,27,0,0,0
670869,2022,11,11,"2022-11-11","09:35:00",3,"TX",48,0,1.75,0,0,7000,0,30.9761,-97.5698,30.9761,-97.5698,0,0,0,0,0,27,0,0,0
670870,2022,11,11,"2022-11-11","09:35:00",3,"TX",48,0,1,0,0,0,0,31.04,-97.47,31.04,-97.47,0,0,0,0,0,27,0,0,0
670871,2022,11,11,"2022-11-11","09:35:00",3,"TX",48,0,1,0,0,0,0,31.05,-97.54,31.05,-97.54,0,0,0,0,0,27,0,0,0
670872,2022,11,11,"2022-11-11","09:42:00",3,"TX",48,0,2,0,0,3000,0,30.99,-97.37,30.99,-97.37,0,0,0,0,0,27,0,0,0
670873,2022,11,11,"2022-11-11","12:26:00",3,"TX",48,0,0.88,0,0,0,0,30.37,-97.98,30.37,-97.98,0,0,0,0,0,453,0,0,0
670874,2022,11,25,"2022-11-25","22:50:00",3,"TX",48,0,1.25,0,0,0,0,29.69,-97.99,29.69,-97.99,0,0,0,0,0,187,0,0,0
670875,2022,11,25,"2022-11-25","22:50:00",3,"TX",48,0,0.88,0,0,0,0,29.7045,-98.0287,29.7045,-98.0287,0,0,0,0,0,187,0,0,0
670876,2022,11,27,"2022-11-27","13:37:00",3,"PA",42,0,1,0,0,0,0,40.15,-79.88,40.15,-79.88,0,0,0,0,0,129,0,0,0
670877,2022,11,27,"2022-11-27","13:37:00",3,"PA",42,0,1.75,0,0,0,0,40.07,-79.91,40.07,-79.91,0,0,0,0,0,125,0,0,0
670878,2022,11,27,"2022-11-27","13:38:00",3,"PA",42,0,1.25,0,0,0,0,40.06,-79.89,40.06,-79.89,0,0,0,0,0,125,0,0,0
670879,2022,11,27,"2022-11-27","13:38:00",3,"PA",42,0,1.75,0,0,0,0,40.07,-79.9,40.07,-79.9,0,0,0,0,0,125,0,0,0
670880,2022,11,27,"2022-11-27","13:39:00",3,"PA",42,0,0.75,0,0,0,0,40.13,-79.85,40.13,-79.85,0,0,0,0,0,51,0,0,0
670881,2022,11,27,"2022-11-27","13:39:00",3,"PA",42,0,1.75,0,0,0,0,40.09,-79.88,40.09,-79.88,0,0,0,0,0,125,0,0,0
670882,2022,11,27,"2022-11-27","13:40:00",3,"PA",42,0,1.75,0,0,0,0,40.07,-79.91,40.07,-79.91,0,0,0,0,0,125,0,0,0
670883,2022,11,27,"2022-11-27","13:40:00",3,"PA",42,0,1.75,0,0,0,0,40.08,-79.81,40.08,-79.81,0,0,0,0,0,51,0,0,0
670884,2022,11,27,"2022-11-27","13:44:00",3,"PA",42,0,2,0,0,1200000,0,40.1,-79.77,40.1,-79.77,0,0,0,0,0,51,0,0,0
670885,2022,11,27,"2022-11-27","13:44:00",3,"PA",42,0,1.25,0,0,0,0,40.07,-79.84,40.07,-79.84,0,0,0,0,0,51,0,0,0
670886,2022,11,27,"2022-11-27","13:47:00",3,"PA",42,0,1,0,0,1200000,0,40.13,-79.68,40.13,-79.68,0,0,0,0,0,129,0,0,0
670887,2022,11,27,"2022-11-27","13:47:00",3,"PA",42,0,1.75,0,0,0,0,40.07,-79.91,40.07,-79.91,0,0,0,0,0,125,0,0,0
670888,2022,11,27,"2022-11-27","13:47:00",3,"PA",42,0,0.75,0,0,0,0,40.09,-79.75,40.09,-79.75,0,0,0,0,0,51,0,0,0
670889,2022,11,27,"2022-11-27","13:48:00",3,"PA",42,0,1.5,0,0,0,0,40.12,-79.77,40.12,-79.77,0,0,0,0,0,51,0,0,0
670890,2022,11,27,"2022-11-27","13:50:00",3,"PA",42,0,2,0,0,0,0,40.11,-79.73,40.11,-79.73,0,0,0,0,0,51,0,0,0
670891,2022,11,27,"2022-11-27","13:50:00",3,"PA",42,0,0.75,0,0,0,0,39.81,-79.56,39.81,-79.56,0,0,0,0,0,51,0,0,0
670892,2022,11,27,"2022-11-27","13:57:00",3,"PA",42,0,1,0,0,0,0,40.3,-79.56,40.3,-79.56,0,0,0,0,0,129,0,0,0
670893,2022,11,27,"2022-11-27","13:58:00",3,"PA",42,0,0.88,0,0,0,0,40.32,-79.55,40.32,-79.55,0,0,0,0,0,129,0,0,0
670894,2022,11,27,"2022-11-27","14:02:00",3,"PA",42,0,0.75,0,0,0,0,40.24,-79.58,40.24,-79.58,0,0,0,0,0,129,0,0,0
670895,2022,11,29,"2022-11-29","11:40:00",3,"MS",28,0,1,0,0,0,0,34.49,-89,34.49,-89,0,0,0,0,0,145,0,0,0
670896,2022,11,29,"2022-11-29","12:00:00",3,"MS",28,0,2,0,0,0,0,34.12,-88.48,34.12,-88.48,0,0,0,0,0,57,0,0,0
670897,2022,11,29,"2022-11-29","12:30:00",3,"MS",28,0,1,0,0,0,0,34.64,-88.34,34.64,-88.34,0,0,0,0,0,117,0,0,0
670898,2022,11,29,"2022-11-29","12:54:00",3,"AL",1,0,1.5,0,0,0,0,34.76,-87.97,34.76,-87.97,0,0,0,0,0,33,0,0,0
670899,2022,11,29,"2022-11-29","13:20:00",3,"AL",1,0,1.25,0,0,0,0,34.88,-87.7,34.88,-87.7,0,0,0,0,0,77,0,0,0
670900,2022,11,29,"2022-11-29","14:29:00",3,"MS",28,0,2,0,0,1e+05,0,33.19,-90.31,33.23,-90.19,0,0,0,0,0,51,0,0,0
670901,2022,11,29,"2022-11-29","15:04:00",3,"MS",28,0,2,0,0,250000,0,33.3,-89.85,33.35,-89.72,0,0,0,0,0,15,0,0,0
670902,2022,11,29,"2022-11-29","15:22:00",3,"MS",28,0,1.75,0,0,0,0,31.26,-90.64,31.26,-90.64,0,0,0,0,0,5,0,0,0
670903,2022,11,29,"2022-11-29","15:25:00",3,"TX",48,0,1.5,0,0,0,0,31.5293,-93.8567,31.5293,-93.8567,0,0,0,0,0,403,0,0,0
670904,2022,11,29,"2022-11-29","15:39:00",3,"LA",22,0,1,0,0,0,0,31.5443,-93.7046,31.5443,-93.7046,0,0,0,0,0,85,0,0,0
670905,2022,11,29,"2022-11-29","15:50:00",3,"LA",22,0,1.5,0,0,0,0,31.6745,-93.556,31.6745,-93.556,0,0,0,0,0,85,0,0,0
670906,2022,11,29,"2022-11-29","15:57:00",3,"LA",22,0,1,0,0,0,0,31.6172,-93.4695,31.6172,-93.4695,0,0,0,0,0,85,0,0,0
670907,2022,11,29,"2022-11-29","16:12:00",3,"LA",22,0,1.5,0,0,0,0,31.6899,-93.3042,31.6899,-93.3042,0,0,0,0,0,69,0,0,0
670908,2022,11,29,"2022-11-29","16:20:00",3,"LA",22,0,1.75,0,0,0,0,31.7157,-93.2153,31.7157,-93.2153,0,0,0,0,0,69,0,0,0
670909,2022,11,29,"2022-11-29","16:30:00",3,"LA",22,0,1.75,0,0,0,0,31.7575,-93.0998,31.7575,-93.0998,0,0,0,0,0,69,0,0,0
670910,2022,11,29,"2022-11-29","17:01:00",3,"LA",22,0,1.5,0,0,0,0,32.5957,-93.3389,32.5957,-93.3389,0,0,0,0,0,119,0,0,0
670911,2022,11,29,"2022-11-29","17:03:00",3,"MS",28,0,1.75,0,0,50000,0,31.5,-89.74,31.5,-89.74,0,0,0,0,0,65,0,0,0
670912,2022,11,29,"2022-11-29","17:06:00",3,"MS",28,0,1.75,0,0,50000,0,31.539,-89.794,31.539,-89.794,0,0,0,0,0,65,0,0,0
670913,2022,11,29,"2022-11-29","17:15:00",3,"MS",28,0,1,0,0,0,0,31.56,-89.68,31.56,-89.68,0,0,0,0,0,65,0,0,0
670914,2022,11,29,"2022-11-29","17:39:00",3,"TN",47,0,0.75,0,0,0,0,36.6309,-87.2165,36.6309,-87.2165,0,0,0,0,0,125,0,0,0
670915,2022,11,29,"2022-11-29","17:50:00",3,"TN",47,0,1,0,0,0,0,36.0095,-87.4702,36.0095,-87.4702,0,0,0,0,0,43,0,0,0
670916,2022,11,29,"2022-11-29","17:56:00",3,"TN",47,0,1.75,0,0,0,0,36.08,-87.38,36.08,-87.38,0,0,0,0,0,43,0,0,0
670917,2022,11,29,"2022-11-29","17:58:00",3,"TN",47,0,1,0,0,0,0,36.06,-87.4,36.06,-87.4,0,0,0,0,0,43,0,0,0
670918,2022,11,29,"2022-11-29","18:03:00",3,"TN",47,0,1.25,0,0,0,0,36.0393,-87.3599,36.0393,-87.3599,0,0,0,0,0,43,0,0,0
670919,2022,11,29,"2022-11-29","18:05:00",3,"AR",5,0,1.5,0,0,0,0,33.63,-92.35,33.63,-92.35,0,0,0,0,0,13,0,0,0
670920,2022,11,29,"2022-11-29","18:14:00",3,"MS",28,0,1,0,0,0,0,33.12,-89.48,33.12,-89.48,0,0,0,0,0,7,0,0,0
670921,2022,11,29,"2022-11-29","18:19:00",3,"TN",47,0,1,0,0,0,0,36.2952,-87.0044,36.2952,-87.0044,0,0,0,0,0,21,0,0,0
670922,2022,11,29,"2022-11-29","18:38:00",3,"AR",5,0,1.75,0,0,30000,0,33.49,-91.41,33.49,-91.41,0,0,0,0,0,17,0,0,0
670923,2022,11,29,"2022-11-29","18:40:00",3,"AR",5,0,1,0,0,0,0,33.94,-91.87,33.94,-91.87,0,0,0,0,0,79,0,0,0
670924,2022,11,29,"2022-11-29","19:15:00",3,"TN",47,0,1,0,0,0,0,35.0206,-89.8983,35.0206,-89.8983,0,0,0,0,0,157,0,0,0
670925,2022,11,29,"2022-11-29","19:23:00",3,"KY",21,0,1.25,0,0,0,0,37.73,-85.64,37.73,-85.64,0,0,0,0,0,179,0,0,0
670926,2022,11,29,"2022-11-29","19:25:00",3,"TN",47,0,0.75,0,0,0,0,35.05,-89.87,35.05,-89.87,0,0,0,0,0,157,0,0,0
670927,2022,11,29,"2022-11-29","19:32:00",3,"KY",21,0,1.5,0,0,0,0,37.8095,-85.4667,37.8095,-85.4667,0,0,0,0,0,179,0,0,0
670928,2022,11,29,"2022-11-29","19:40:00",3,"MS",28,0,1,0,0,0,0,34.988,-89.978,34.988,-89.978,0,0,0,0,0,33,0,0,0
670929,2022,11,29,"2022-11-29","19:47:00",3,"KY",21,0,1,0,0,0,0,37.7624,-84.8444,37.7624,-84.8444,0,0,0,0,0,167,0,0,0
670930,2022,11,29,"2022-11-29","19:58:00",3,"KY",21,0,1,0,0,0,0,38.1792,-85.0669,38.1792,-85.0669,0,0,0,0,0,211,0,0,0
670931,2022,11,29,"2022-11-29","20:05:00",3,"KY",21,0,1,0,0,0,0,38.03,-84.57,38.03,-84.57,0,0,0,0,0,67,0,0,0
670932,2022,11,29,"2022-11-29","20:06:00",3,"KY",21,0,1,0,0,0,0,38.19,-84.87,38.19,-84.87,0,0,0,0,0,73,0,0,0
670933,2022,11,29,"2022-11-29","20:11:00",3,"KY",21,0,1,0,0,0,0,38.0413,-84.5011,38.0413,-84.5011,0,0,0,0,0,67,0,0,0
670934,2022,11,29,"2022-11-29","20:11:00",3,"KY",21,0,1,0,0,0,0,38.03,-84.48,38.03,-84.48,0,0,0,0,0,67,0,0,0
670935,2022,11,29,"2022-11-29","20:18:00",3,"KY",21,0,1.25,0,0,0,0,38.09,-84.34,38.09,-84.34,0,0,0,0,0,67,0,0,0
670936,2022,11,29,"2022-11-29","20:58:00",3,"TN",47,0,0.75,0,0,0,0,36.3004,-86.5232,36.3004,-86.5232,0,0,0,0,0,165,0,0,0
670937,2022,11,29,"2022-11-29","21:31:00",3,"OH",39,0,1.25,0,0,0,0,38.85,-84.04,38.85,-84.04,0,0,0,0,0,15,0,0,0
670938,2022,11,29,"2022-11-29","22:30:00",3,"MS",28,0,1.75,0,0,0,0,34.5,-88.63,34.5,-88.63,0,0,0,0,0,81,0,0,0
670939,2022,11,29,"2022-11-29","22:50:00",3,"LA",22,0,0.88,0,0,0,0,32.5296,-92.07,32.5296,-92.07,0,0,0,0,0,73,0,0,0
670940,2022,11,30,"2022-11-30","00:58:00",3,"AL",1,0,1,0,0,0,0,33.95,-86.63,33.95,-86.63,0,0,0,0,0,9,0,0,0
670822,2022,11,2,"2022-11-02","18:47:00",3,"FL",12,0,1.75,0,0,0,0,27.4224,-81.8,27.4224,-81.8,0,0,0,0,0,49,0,0,0
670823,2022,11,4,"2022-11-04","09:35:00",3,"IA",19,0,1,0,0,0,0,41.84,-90.28,41.84,-90.28,0,0,0,0,0,45,0,0,0
670824,2022,11,4,"2022-11-04","09:38:00",3,"IL",17,0,1,0,0,0,0,41.87,-90.16,41.87,-90.16,0,0,0,0,0,195,0,0,0
670825,2022,11,4,"2022-11-04","09:38:00",3,"IA",19,0,1,0,0,0,0,41.88,-90.18,41.88,-90.18,0,0,0,0,0,45,0,0,0
670826,2022,11,4,"2022-11-04","11:15:00",3,"IA",19,0,1,0,0,0,0,41.92,-91.66,41.92,-91.66,0,0,0,0,0,113,0,0,0
670827,2022,11,4,"2022-11-04","11:15:00",3,"IA",19,0,0.88,0,0,0,0,41.96,-91.71,41.96,-91.71,0,0,0,0,0,113,0,0,0
670828,2022,11,4,"2022-11-04","11:18:00",3,"IA",19,0,0.75,0,0,0,0,41.95,-91.64,41.95,-91.64,0,0,0,0,0,113,0,0,0
670829,2022,11,4,"2022-11-04","11:20:00",3,"IA",19,0,1,0,0,0,0,41.98,-91.6,41.98,-91.6,0,0,0,0,0,113,0,0,0
670830,2022,11,4,"2022-11-04","11:54:00",3,"IA",19,0,0.75,0,0,0,0,41.96,-91.03,41.96,-91.03,0,0,0,0,0,105,0,0,0
670831,2022,11,4,"2022-11-04","12:11:00",3,"TX",48,0,1,0,0,0,0,32.97,-99.58,32.97,-99.58,0,0,0,0,0,207,0,0,0
670832,2022,11,4,"2022-11-04","12:15:00",3,"TX",48,0,1,0,0,0,0,33.71,-96.67,33.71,-96.67,0,0,0,0,0,181,0,0,0
670833,2022,11,4,"2022-11-04","12:15:00",3,"IL",17,0,1.25,0,0,0,0,42.48,-90.25,42.48,-90.25,0,0,0,0,0,85,0,0,0
670834,2022,11,4,"2022-11-04","12:22:00",3,"TX",48,0,1,0,0,0,0,33.77,-96.6,33.77,-96.6,0,0,0,0,0,181,0,0,0
670835,2022,11,4,"2022-11-04","12:48:00",3,"TX",48,0,0.88,0,0,0,0,32.63,-97.28,32.63,-97.28,0,0,0,0,0,439,0,0,0
670836,2022,11,4,"2022-11-04","13:11:00",3,"WI",55,0,0.75,0,0,0,0,43.06,-89.43,43.06,-89.43,0,0,0,0,0,25,0,0,0
670837,2022,11,4,"2022-11-04","13:13:00",3,"WI",55,0,1,0,0,0,0,43.06,-89.34,43.06,-89.34,0,0,0,0,0,25,0,0,0
670838,2022,11,4,"2022-11-04","13:15:00",3,"WI",55,0,1,0,0,0,0,43.11,-89.31,43.11,-89.31,0,0,0,0,0,25,0,0,0
670839,2022,11,4,"2022-11-04","13:15:00",3,"WI",55,0,1,0,0,0,0,43.09,-89.36,43.09,-89.36,0,0,0,0,0,25,0,0,0
670840,2022,11,4,"2022-11-04","13:18:00",3,"TX",48,0,0.75,0,0,0,0,33.19,-96.91,33.19,-96.91,0,0,0,0,0,121,0,0,0
670841,2022,11,4,"2022-11-04","13:20:00",3,"WI",55,0,1,0,0,0,0,43.16,-89.21,43.16,-89.21,0,0,0,0,0,25,0,0,0
670842,2022,11,4,"2022-11-04","13:24:00",3,"WI",55,0,1.25,0,0,0,0,43.08,-89.37,43.08,-89.37,0,0,0,0,0,25,0,0,0
670843,2022,11,4,"2022-11-04","13:25:00",3,"TX",48,0,1,0,0,0,0,33.59,-98.63,33.59,-98.63,0,0,0,0,0,9,0,0,0
670844,2022,11,4,"2022-11-04","13:32:00",3,"WI",55,0,1,0,0,0,0,43.34,-89.03,43.34,-89.03,0,0,0,0,0,21,0,0,0
670845,2022,11,4,"2022-11-04","13:35:00",3,"WI",55,0,1.25,0,0,0,0,43.27,-89.06,43.27,-89.06,0,0,0,0,0,25,0,0,0
670846,2022,11,4,"2022-11-04","13:50:00",3,"TX",48,0,1.75,0,0,50000,0,33.16,-96.35,33.16,-96.35,0,0,0,0,0,85,0,0,0
670847,2022,11,4,"2022-11-04","13:50:00",3,"WI",55,0,0.75,0,0,0,0,43.5,-88.55,43.5,-88.55,0,0,0,0,0,27,0,0,0
670848,2022,11,4,"2022-11-04","13:50:00",3,"WI",55,0,1,0,0,0,0,43.05,-89.07,43.05,-89.07,0,0,0,0,0,25,0,0,0
670849,2022,11,4,"2022-11-04","14:05:00",3,"WI",55,0,1,0,0,0,0,43.59,-88.44,43.59,-88.44,0,0,0,0,0,27,0,0,0
670850,2022,11,4,"2022-11-04","14:33:00",3,"WI",55,0,1,0,0,0,0,43,-88.02,43,-88.02,0,0,0,0,0,79,0,0,0
670851,2022,11,4,"2022-11-04","14:37:00",3,"WI",55,0,1,0,0,0,0,42.9998,-88.0234,42.9998,-88.0234,0,0,0,0,0,79,0,0,0
670852,2022,11,4,"2022-11-04","14:55:00",3,"TX",48,0,0.88,0,0,0,0,32.84,-97.14,32.84,-97.14,0,0,0,0,0,439,0,0,0
670853,2022,11,4,"2022-11-04","15:00:00",3,"OK",40,0,1,0,0,0,0,34.03,-97.0076,34.03,-97.0076,0,0,0,0,0,85,0,0,0
670854,2022,11,4,"2022-11-04","15:25:00",3,"TX",48,0,1,0,0,0,0,32.91,-96.13,32.91,-96.13,0,0,0,0,0,231,0,0,0
670855,2022,11,4,"2022-11-04","15:44:00",3,"OK",40,0,0.75,0,0,0,0,34.7905,-96.6551,34.7905,-96.6551,0,0,0,0,0,123,0,0,0
670856,2022,11,4,"2022-11-04","15:48:00",3,"TX",48,0,1,0,0,0,0,32.91,-96.08,32.91,-96.08,0,0,0,0,0,231,0,0,0
670857,2022,11,4,"2022-11-04","16:05:00",3,"TX",48,0,2.75,0,0,1e+05,0,32.91,-95.91,32.91,-95.91,0,0,0,0,0,379,0,0,0
670858,2022,11,4,"2022-11-04","16:10:00",3,"TX",48,0,1.75,0,0,50000,0,33.02,-95.8,33.02,-95.8,0,0,0,0,0,223,0,0,0
670859,2022,11,4,"2022-11-04","16:40:00",3,"OK",40,0,1,0,0,0,0,36.4079,-95.4535,36.4079,-95.4535,0,0,0,0,0,131,0,0,0
670860,2022,11,4,"2022-11-04","17:22:00",3,"KS",20,0,1,0,0,0,0,37.11,-95.1,37.11,-95.1,0,0,0,0,0,99,0,0,0
670861,2022,11,7,"2022-11-07","08:59:00",3,"CA",6,0,0.25,0,0,5000,0,41.74,-124.16,41.74,-124.16,0,0,0,0,0,15,0,0,0
670942,2022,12,11,"2022-12-11","00:54:00",3,"TX",48,0,1,0,0,0,0,29.48,-98.02,29.48,-98.02,0,0,0,0,0,187,0,0,0
670943,2022,12,12,"2022-12-12","08:00:00",3,"CA",6,0,0.5,0,0,10000,0,32.6634,-117.1177,32.6634,-117.1177,0,0,0,0,0,73,0,0,0
670944,2022,12,12,"2022-12-12","19:50:00",3,"KS",20,0,0.75,0,0,0,0,37.83,-100.42,37.83,-100.42,0,0,0,0,0,69,0,0,0
670945,2022,12,12,"2022-12-12","21:16:00",3,"OK",40,0,2.5,0,0,10000,0,36.62,-100.73,36.62,-100.73,0,0,0,0,0,7,0,0,0
670946,2022,12,12,"2022-12-12","21:31:00",3,"OK",40,0,1.5,0,0,0,0,36.74,-100.52,36.74,-100.52,0,0,0,0,0,7,0,0,0
670947,2022,12,12,"2022-12-12","22:20:00",3,"KS",20,0,1.75,0,0,0,0,37.2,-99.48,37.2,-99.48,0,0,0,0,0,33,0,0,0
670948,2022,12,12,"2022-12-12","22:50:00",3,"KS",20,0,0.88,0,0,0,0,37.34,-99.21,37.34,-99.21,0,0,0,0,0,33,0,0,0
670949,2022,12,13,"2022-12-13","04:10:00",3,"OK",40,0,1,0,0,0,0,34.39,-98.17,34.39,-98.17,0,0,0,0,0,33,0,0,0
670950,2022,12,13,"2022-12-13","04:26:00",3,"OK",40,0,2,0,0,0,0,34.55,-97.98,34.55,-97.98,0,0,0,0,0,137,0,0,0
670951,2022,12,13,"2022-12-13","08:19:00",3,"TX",48,0,2,0,0,10000,0,32.47,-97.55,32.47,-97.55,0,0,0,0,0,251,0,0,0
670952,2022,12,13,"2022-12-13","09:01:00",3,"TX",48,0,1,0,0,0,0,32.52,-97.35,32.52,-97.35,0,0,0,0,0,251,0,0,0
670953,2022,12,13,"2022-12-13","09:10:00",3,"TX",48,0,1,0,0,0,0,32.6,-97.1,32.6,-97.1,0,0,0,0,0,439,0,0,0
670954,2022,12,13,"2022-12-13","09:20:00",3,"TX",48,0,1,0,0,0,0,32.63,-96.91,32.63,-96.91,0,0,0,0,0,113,0,0,0
670955,2022,12,13,"2022-12-13","10:07:00",3,"TX",48,0,1,0,0,0,0,32.85,-96.48,32.85,-96.48,0,0,0,0,0,397,0,0,0
670956,2022,12,13,"2022-12-13","10:13:00",3,"TX",48,0,2.5,0,0,1e+05,0,32.85,-96.39,32.85,-96.39,0,0,0,0,0,397,0,0,0
670957,2022,12,13,"2022-12-13","10:22:00",3,"TX",48,0,1.5,0,0,0,0,32.89,-96.33,32.89,-96.33,0,0,0,0,0,397,0,0,0
670958,2022,12,13,"2022-12-13","18:04:00",3,"AR",5,0,0.75,0,0,0,0,33.67,-91.81,33.67,-91.81,0,0,0,0,0,43,0,0,0
670959,2022,12,13,"2022-12-13","20:28:00",3,"LA",22,0,1,0,0,0,0,32.5323,-92.0706,32.5323,-92.0706,0,0,0,0,0,73,0,0,0
670960,2022,12,30,"2022-12-30","01:53:00",3,"TX",48,0,1,0,0,0,0,30.07,-94.12,30.07,-94.12,0,0,0,0,0,245,0,0,0
670941,2022,12,1,"2022-12-01","08:30:00",3,"CA",6,0,0.25,0,0,2500,0,40.96,-124.12,40.96,-124.12,0,0,0,0,0,23,0,0,0
663797,2022,1,10,"2022-01-10","16:40:00",3,"FL",12,0,1.75,0,0,0,0,27.37,-80.49,27.37,-80.49,0,0,0,0,0,111,0,0,0
663798,2022,1,10,"2022-01-10","16:40:00",3,"FL",12,0,1,0,0,0,0,27.41,-80.46,27.41,-80.46,0,0,0,0,0,111,0,0,0
663799,2022,1,10,"2022-01-10","16:45:00",3,"FL",12,0,2,0,0,0,0,27.37,-80.47,27.37,-80.47,0,0,0,0,0,111,0,0,0
663800,2022,1,10,"2022-01-10","16:55:00",3,"FL",12,0,1,0,0,0,0,27.32,-80.43,27.32,-80.43,0,0,0,0,0,111,0,0,0
663801,2022,1,17,"2022-01-17","00:52:00",3,"NJ",34,0,0.88,0,0,0,0,39.87,-74.16,39.87,-74.16,0,0,0,0,0,29,0,0,0
663802,2022,1,19,"2022-01-19","16:20:00",3,"TX",48,0,1.25,0,0,0,0,32.5269,-94.7512,32.5269,-94.7512,0,0,0,0,0,183,0,0,0
663803,2022,1,19,"2022-01-19","16:20:00",3,"TX",48,0,0.88,0,0,0,0,32.5321,-94.7309,32.5321,-94.7309,0,0,0,0,0,183,0,0,0
663804,2022,1,19,"2022-01-19","16:38:00",3,"TX",48,0,1.25,0,0,0,0,32.5049,-94.5745,32.5049,-94.5745,0,0,0,0,0,203,0,0,0
663805,2022,1,19,"2022-01-19","16:58:00",3,"TX",48,0,2.5,0,0,0,0,32.5209,-94.3702,32.5209,-94.3702,0,0,0,0,0,203,0,0,0
663806,2022,1,19,"2022-01-19","16:58:00",3,"TX",48,0,2,0,0,0,0,32.5254,-94.3672,32.5254,-94.3672,0,0,0,0,0,203,0,0,0
663807,2022,1,19,"2022-01-19","17:30:00",3,"TX",48,0,1,0,0,0,0,32.5118,-94.0711,32.5118,-94.0711,0,0,0,0,0,203,0,0,0
663808,2022,1,19,"2022-01-19","18:31:00",3,"TX",48,0,1,0,0,0,0,31.4807,-94.7237,31.4807,-94.7237,0,0,0,0,0,347,0,0,0
663782,2022,1,1,"2022-01-01","00:26:00",3,"MO",29,0,1.5,0,0,0,0,36.0411,-89.87,36.0411,-89.87,0,0,0,0,0,155,0,0,0
663783,2022,1,1,"2022-01-01","04:20:00",3,"KY",21,0,1,0,0,0,0,36.92,-86.45,36.92,-86.45,0,0,0,0,0,227,0,0,0
663784,2022,1,1,"2022-01-01","05:17:00",3,"KY",21,0,1.5,0,0,0,0,37.03,-85.51,37.03,-85.51,0,0,0,0,0,1,0,0,0
663785,2022,1,1,"2022-01-01","05:29:00",3,"KY",21,0,1.25,0,0,0,0,37.1,-85.31,37.1,-85.31,0,0,0,0,0,1,0,0,0
663786,2022,1,8,"2022-01-08","15:40:00",3,"AR",5,0,0.75,0,0,0,0,34.78,-92.35,34.78,-92.35,0,0,0,0,0,119,0,0,0
663787,2022,1,8,"2022-01-08","15:45:00",3,"AR",5,0,0.75,0,0,0,0,34.84,-92.26,34.84,-92.26,0,0,0,0,0,119,0,0,0
663788,2022,1,8,"2022-01-08","16:10:00",3,"TX",48,0,1.5,0,0,0,0,31.5809,-94.5982,31.5809,-94.5982,0,0,0,0,0,347,0,0,0
663789,2022,1,9,"2022-01-09","05:30:00",3,"LA",22,0,0.75,0,0,0,0,31.5082,-93.0341,31.5082,-93.0341,0,0,0,0,0,69,0,0,0
663790,2022,1,9,"2022-01-09","14:30:00",3,"AL",1,0,1,0,0,0,0,31.5601,-87.8605,31.5601,-87.8605,0,0,0,0,0,25,0,0,0
663791,2022,1,9,"2022-01-09","15:55:00",3,"AL",1,0,1.75,0,0,0,0,31.58,-87.27,31.58,-87.27,0,0,0,0,0,99,0,0,0
663792,2022,1,9,"2022-01-09","16:05:00",3,"AL",1,0,1.75,0,0,0,0,31.55,-87.17,31.55,-87.17,0,0,0,0,0,99,0,0,0
663793,2022,1,9,"2022-01-09","16:05:00",3,"AL",1,0,2.5,0,0,0,0,31.55,-87.17,31.55,-87.17,0,0,0,0,0,99,0,0,0
663794,2022,1,9,"2022-01-09","16:30:00",3,"MS",28,0,1.75,0,0,0,0,30.9334,-88.5735,30.9334,-88.5735,0,0,0,0,0,39,0,0,0
663795,2022,1,9,"2022-01-09","17:04:00",3,"MS",28,0,1,0,0,0,0,30.63,-89.7,30.63,-89.7,0,0,0,0,0,109,0,0,0
663796,2022,1,9,"2022-01-09","17:09:00",3,"MS",28,0,1.25,0,0,0,0,30.62,-89.65,30.62,-89.65,0,0,0,0,0,109,0,0,0
663809,2022,2,17,"2022-02-17","02:16:00",3,"TX",48,0,0.75,0,0,0,0,33.1,-98.25,33.1,-98.25,0,0,0,0,0,237,0,0,0
663810,2022,2,17,"2022-02-17","02:54:00",3,"TX",48,0,0.88,0,0,0,0,33.57,-97.84,33.57,-97.84,0,0,0,0,0,337,0,0,0
663811,2022,2,17,"2022-02-17","17:10:00",3,"AL",1,0,1,0,0,0,0,33.2,-87.57,33.2,-87.57,0,0,0,0,0,125,0,0,0
663812,2022,2,21,"2022-02-21","19:56:00",3,"TX",48,0,1,0,0,0,0,33.13,-97.8,33.13,-97.8,0,0,0,0,0,497,0,0,0
663813,2022,2,21,"2022-02-21","20:00:00",3,"TX",48,0,2,0,0,15000,0,33.08,-97.71,33.08,-97.71,0,0,0,0,0,497,0,0,0
663814,2022,2,21,"2022-02-21","20:03:00",3,"TX",48,0,1.5,0,0,0,0,33.15,-97.69,33.15,-97.69,0,0,0,0,0,497,0,0,0
663815,2022,2,21,"2022-02-21","20:05:00",3,"TX",48,0,1.75,0,0,150000,0,33.1335,-97.6225,33.1335,-97.6225,0,0,0,0,0,497,0,0,0
663816,2022,2,21,"2022-02-21","20:17:00",3,"TX",48,0,1.75,0,0,5e+05,0,33.19,-97.48,33.19,-97.48,0,0,0,0,0,497,0,0,0
663817,2022,2,21,"2022-02-21","20:19:00",3,"TX",48,0,1.5,0,0,0,0,33.19,-97.5,33.19,-97.5,0,0,0,0,0,497,0,0,0
663818,2022,2,21,"2022-02-21","20:20:00",3,"TX",48,0,1.75,0,0,80000,0,33.1842,-97.4516,33.1842,-97.4516,0,0,0,0,0,497,0,0,0
663819,2022,2,21,"2022-02-21","20:21:00",3,"TX",48,0,1,0,0,0,0,33.27,-97.42,33.27,-97.42,0,0,0,0,0,497,0,0,0
663820,2022,2,21,"2022-02-21","20:29:00",3,"TX",48,0,1.75,0,0,6000,0,33.24,-97.35,33.24,-97.35,0,0,0,0,0,121,0,0,0
663821,2022,2,21,"2022-02-21","20:37:00",3,"TX",48,0,0.75,0,0,0,0,33.41,-97.25,33.41,-97.25,0,0,0,0,0,121,0,0,0
663822,2022,2,21,"2022-02-21","20:44:00",3,"TX",48,0,0.75,0,0,0,0,33.37,-97.16,33.37,-97.16,0,0,0,0,0,121,0,0,0
663823,2022,2,21,"2022-02-21","20:48:00",3,"TX",48,0,0.75,0,0,0,0,32.87,-97.86,32.87,-97.86,0,0,0,0,0,367,0,0,0
663824,2022,2,21,"2022-02-21","20:49:00",3,"TX",48,0,1,0,0,0,0,32.94,-97.86,32.94,-97.86,0,0,0,0,0,367,0,0,0
663825,2022,2,21,"2022-02-21","20:57:00",3,"TX",48,0,1,0,0,0,0,32.97,-97.72,32.97,-97.72,0,0,0,0,0,367,0,0,0
663826,2022,2,21,"2022-02-21","20:59:00",3,"TX",48,0,0.75,0,0,0,0,32.99,-97.71,32.99,-97.71,0,0,0,0,0,367,0,0,0
663827,2022,2,21,"2022-02-21","21:01:00",3,"TX",48,0,1.5,0,0,5000,0,32.9388,-97.6627,32.9388,-97.6627,0,0,0,0,0,367,0,0,0
663828,2022,2,21,"2022-02-21","21:05:00",3,"TX",48,0,1.5,0,0,0,0,32.91,-97.72,32.91,-97.72,0,0,0,0,0,367,0,0,0
663829,2022,2,21,"2022-02-21","21:43:00",3,"TX",48,0,1,0,0,0,0,33.14,-98.6,33.14,-98.6,0,0,0,0,0,503,0,0,0
663830,2022,2,21,"2022-02-21","22:18:00",3,"TX",48,0,1.25,0,0,0,0,33.22,-98.16,33.22,-98.16,0,0,0,0,0,237,0,0,0
663831,2022,2,22,"2022-02-22","02:54:00",3,"IL",17,0,0.75,0,0,0,0,41.49,-90.52,41.49,-90.52,0,0,0,0,0,161,0,0,0
663832,2022,2,22,"2022-02-22","03:18:00",3,"TX",48,0,1,0,0,0,0,33.07,-97.04,33.07,-97.04,0,0,0,0,0,121,0,0,0
663833,2022,2,22,"2022-02-22","03:22:00",3,"TX",48,0,1.5,0,0,3000,0,33.14,-96.97,33.14,-96.97,0,0,0,0,0,121,0,0,0
663834,2022,2,22,"2022-02-22","03:24:00",3,"TX",48,0,1,0,0,0,0,33.18,-96.92,33.18,-96.92,0,0,0,0,0,121,0,0,0
663835,2022,2,22,"2022-02-22","03:25:00",3,"TX",48,0,1,0,0,0,0,33.14,-96.9,33.14,-96.9,0,0,0,0,0,121,0,0,0
663836,2022,2,22,"2022-02-22","03:25:00",3,"TX",48,0,1.75,0,0,25000,0,33.15,-96.88,33.15,-96.88,0,0,0,0,0,121,0,0,0
663837,2022,2,22,"2022-02-22","03:26:00",3,"TX",48,0,1,0,0,0,0,33.16,-96.86,33.16,-96.86,0,0,0,0,0,121,0,0,0
663838,2022,2,22,"2022-02-22","03:30:00",3,"TX",48,0,1,0,0,0,0,33.14,-96.92,33.14,-96.92,0,0,0,0,0,121,0,0,0
663839,2022,2,22,"2022-02-22","03:32:00",3,"TX",48,0,1.25,0,0,0,0,33.21,-96.77,33.21,-96.77,0,0,0,0,0,85,0,0,0
663840,2022,2,22,"2022-02-22","03:40:00",3,"TX",48,0,1,0,0,0,0,33.1918,-96.7251,33.1918,-96.7251,0,0,0,0,0,85,0,0,0
663841,2022,2,22,"2022-02-22","03:42:00",3,"TX",48,0,1.25,0,0,0,0,33.17,-96.71,33.17,-96.71,0,0,0,0,0,85,0,0,0
663842,2022,2,22,"2022-02-22","03:46:00",3,"TX",48,0,1,0,0,0,0,33.15,-96.69,33.15,-96.69,0,0,0,0,0,85,0,0,0
663843,2022,2,22,"2022-02-22","03:47:00",3,"TX",48,0,1.5,0,0,0,0,33.22,-96.61,33.22,-96.61,0,0,0,0,0,85,0,0,0
663844,2022,2,22,"2022-02-22","04:01:00",3,"TX",48,0,1.5,0,0,0,0,33.26,-96.39,33.26,-96.39,0,0,0,0,0,85,0,0,0
663845,2022,2,22,"2022-02-22","04:34:00",3,"TX",48,0,0.75,0,0,0,0,33.42,-95.97,33.42,-95.97,0,0,0,0,0,147,0,0,0
663846,2022,2,22,"2022-02-22","05:20:00",3,"TX",48,0,1,0,0,0,0,33.43,-95.66,33.43,-95.66,0,0,0,0,0,119,0,0,0
663847,2022,2,22,"2022-02-22","05:44:00",3,"IL",17,0,0.88,0,0,0,0,41.88,-88.47,41.88,-88.47,0,0,0,0,0,89,0,0,0
663848,2022,2,22,"2022-02-22","06:01:00",3,"IL",17,0,0.88,0,0,0,0,42.04,-88.28,42.04,-88.28,0,0,0,0,0,89,0,0,0
663849,2022,2,22,"2022-02-22","06:17:00",3,"IL",17,0,0.88,0,0,0,0,42.1211,-88.13,42.1211,-88.13,0,0,0,0,0,31,0,0,0
663850,2022,2,22,"2022-02-22","08:09:00",3,"WI",55,0,0.75,0,0,0,0,43.21,-90.67,43.21,-90.67,0,0,0,0,0,23,0,0,0
663851,2022,2,22,"2022-02-22","17:14:00",3,"MS",28,0,1,0,0,0,0,32.1465,-90.2976,32.1465,-90.2976,0,0,0,0,0,49,0,0,0
663852,2022,2,22,"2022-02-22","17:24:00",3,"MS",28,0,1.25,0,0,2000,0,32.16,-90.2,32.16,-90.2,0,0,0,0,0,121,0,0,0
663853,2022,2,22,"2022-02-22","17:46:00",3,"TN",47,0,1,0,0,0,0,35.0945,-87.45,35.0945,-87.45,0,0,0,0,0,99,0,0,0
663854,2022,2,22,"2022-02-22","17:48:00",3,"MS",28,0,1.25,0,0,2000,0,32.26,-89.96,32.26,-89.96,0,0,0,0,0,121,0,0,0
663855,2022,2,22,"2022-02-22","17:51:00",3,"MS",28,0,0.88,0,0,0,0,32.3,-89.98,32.3,-89.98,0,0,0,0,0,121,0,0,0
663856,2022,2,22,"2022-02-22","20:18:00",3,"AL",1,0,1,0,0,0,0,34.92,-86.57,34.92,-86.57,0,0,0,0,0,89,0,0,0
663857,2022,2,22,"2022-02-22","21:43:00",3,"AL",1,0,0.88,0,0,0,0,34.6,-87.09,34.6,-87.09,0,0,0,0,0,103,0,0,0
663858,2022,2,24,"2022-02-24","09:53:00",3,"MO",29,0,0.75,0,0,0,0,36.67,-93.92,36.67,-93.92,0,0,0,0,0,9,0,0,0
663859,2022,2,24,"2022-02-24","10:30:00",3,"MO",29,0,0.75,0,0,0,0,36.5,-93.22,36.5,-93.22,0,0,0,0,0,213,0,0,0
663922,2022,3,11,"2022-03-11","18:50:00",3,"LA",22,0,1.75,0,0,0,0,29.81,-90.43,29.81,-90.43,0,0,0,0,0,89,0,0,0
663923,2022,3,11,"2022-03-11","19:22:00",3,"LA",22,0,1,0,0,0,0,29.94,-90.19,29.94,-90.19,0,0,0,0,0,51,0,0,0
663924,2022,3,11,"2022-03-11","19:25:00",3,"LA",22,0,1,0,0,0,0,29.92,-90.13,29.92,-90.13,0,0,0,0,0,71,0,0,0
663925,2022,3,14,"2022-03-14","16:15:00",3,"TX",48,0,0.88,0,0,0,0,31.73,-97.1,31.73,-97.1,0,0,0,0,0,309,0,0,0
663926,2022,3,14,"2022-03-14","16:20:00",3,"TX",48,0,1,0,0,0,0,32.43,-96.86,32.43,-96.86,0,0,0,0,0,139,0,0,0
663927,2022,3,14,"2022-03-14","16:24:00",3,"TX",48,0,1,0,0,0,0,32.82,-96.81,32.82,-96.81,0,0,0,0,0,113,0,0,0
663928,2022,3,14,"2022-03-14","16:27:00",3,"TX",48,0,0.88,0,0,0,0,31.8,-97.09,31.8,-97.09,0,0,0,0,0,309,0,0,0
663929,2022,3,14,"2022-03-14","16:30:00",3,"TX",48,0,1,0,0,0,0,33.18,-96.89,33.18,-96.89,0,0,0,0,0,121,0,0,0
663930,2022,3,14,"2022-03-14","16:41:00",3,"TX",48,0,1.5,0,0,0,0,33.1188,-96.6049,33.1188,-96.6049,0,0,0,0,0,85,0,0,0
663931,2022,3,14,"2022-03-14","16:41:00",3,"TX",48,0,1.75,0,0,50000,0,33.03,-96.52,33.03,-96.52,0,0,0,0,0,85,0,0,0
663932,2022,3,14,"2022-03-14","16:41:00",3,"TX",48,0,1.25,0,0,0,0,33.09,-96.59,33.09,-96.59,0,0,0,0,0,85,0,0,0
663933,2022,3,14,"2022-03-14","16:48:00",3,"TX",48,0,1,0,0,0,0,33.28,-96.78,33.28,-96.78,0,0,0,0,0,85,0,0,0
663934,2022,3,14,"2022-03-14","16:50:00",3,"TX",48,0,1,0,0,0,0,32.9336,-96.6306,32.9336,-96.6306,0,0,0,0,0,113,0,0,0
663935,2022,3,14,"2022-03-14","16:57:00",3,"TX",48,0,1.25,0,0,0,0,33.17,-96.48,33.17,-96.48,0,0,0,0,0,85,0,0,0
663936,2022,3,14,"2022-03-14","17:00:00",3,"TX",48,0,1.5,0,0,0,0,33.16,-96.53,33.16,-96.53,0,0,0,0,0,85,0,0,0
663937,2022,3,14,"2022-03-14","17:15:00",3,"TX",48,0,1.25,0,0,0,0,32.3,-96.58,32.3,-96.58,0,0,0,0,0,139,0,0,0
663938,2022,3,14,"2022-03-14","17:15:00",3,"TX",48,0,1.5,0,0,0,0,31.75,-95.62,31.75,-95.62,0,0,0,0,0,1,0,0,0
663939,2022,3,14,"2022-03-14","17:21:00",3,"TX",48,0,1,0,0,0,0,32.91,-96.47,32.91,-96.47,0,0,0,0,0,397,0,0,0
663940,2022,3,14,"2022-03-14","17:28:00",3,"TX",48,0,1.75,0,0,10000,0,33.67,-96.24,33.67,-96.24,0,0,0,0,0,147,0,0,0
663941,2022,3,14,"2022-03-14","17:29:00",3,"TX",48,0,1.5,0,0,0,0,32.59,-96.31,32.59,-96.31,0,0,0,0,0,257,0,0,0
663942,2022,3,14,"2022-03-14","17:33:00",3,"TX",48,0,1,0,0,0,0,33.52,-96.48,33.52,-96.48,0,0,0,0,0,181,0,0,0
663943,2022,3,14,"2022-03-14","17:50:00",3,"TX",48,0,1,0,0,0,0,30.75,-96.45,30.75,-96.45,0,0,0,0,0,41,0,0,0
663944,2022,3,14,"2022-03-14","18:00:00",3,"TX",48,0,0.88,0,0,0,0,31.02,-97.12,31.02,-97.12,0,0,0,0,0,27,0,0,0
663945,2022,3,14,"2022-03-14","18:02:00",3,"TX",48,0,0.88,0,0,0,0,30.1,-97.28,30.1,-97.28,0,0,0,0,0,21,0,0,0
663946,2022,3,14,"2022-03-14","18:02:00",3,"TX",48,0,1,0,0,0,0,30.82,-96.41,30.82,-96.41,0,0,0,0,0,41,0,0,0
663947,2022,3,14,"2022-03-14","18:09:00",3,"TX",48,0,0.88,0,0,0,0,32.92,-96.6,32.92,-96.6,0,0,0,0,0,113,0,0,0
663948,2022,3,14,"2022-03-14","18:23:00",3,"TX",48,0,0.88,0,0,0,0,33.68,-96.87,33.68,-96.87,0,0,0,0,0,181,0,0,0
663949,2022,3,14,"2022-03-14","18:42:00",3,"TX",48,0,1,0,0,0,0,33.63,-96.75,33.63,-96.75,0,0,0,0,0,181,0,0,0
663950,2022,3,14,"2022-03-14","19:04:00",3,"TX",48,0,1,0,0,0,0,32.23,-95.63,32.23,-95.63,0,0,0,0,0,213,0,0,0
663951,2022,3,14,"2022-03-14","19:15:00",3,"TX",48,0,1.25,0,0,0,0,31.22,-94.97,31.22,-94.97,0,0,0,0,0,455,0,0,0
663952,2022,3,14,"2022-03-14","19:19:00",3,"TX",48,0,1.75,0,0,15000,0,31.2227,-94.9687,31.2227,-94.9687,0,0,0,0,0,455,0,0,0
663953,2022,3,14,"2022-03-14","19:19:00",3,"TX",48,0,1.75,0,0,0,0,31.24,-94.97,31.24,-94.97,0,0,0,0,0,455,0,0,0
663954,2022,3,14,"2022-03-14","19:21:00",3,"TX",48,0,0.88,0,0,0,0,32.3008,-95.2898,32.3008,-95.2898,0,0,0,0,0,423,0,0,0
663955,2022,3,14,"2022-03-14","19:22:00",3,"TX",48,0,1.75,0,0,25000,0,31.05,-96.4,31.05,-96.4,0,0,0,0,0,395,0,0,0
663956,2022,3,14,"2022-03-14","19:35:00",3,"TX",48,0,1.75,0,0,0,0,31.18,-94.85,31.18,-94.85,0,0,0,0,0,5,0,0,0
663957,2022,3,14,"2022-03-14","19:45:00",3,"TX",48,0,1,0,0,0,0,31.7357,-95.593,31.7357,-95.593,0,0,0,0,0,1,0,0,0
663958,2022,3,14,"2022-03-14","19:48:00",3,"TX",48,0,1,0,0,0,0,31.3141,-94.7276,31.3141,-94.7276,0,0,0,0,0,5,0,0,0
663959,2022,3,14,"2022-03-14","19:50:00",3,"TX",48,0,1.75,0,0,0,0,31.3223,-94.7147,31.3223,-94.7147,0,0,0,0,0,5,0,0,0
663960,2022,3,14,"2022-03-14","20:39:00",3,"TX",48,0,1.25,0,0,0,0,32.1364,-94.6074,32.1364,-94.6074,0,0,0,0,0,401,0,0,0
663961,2022,3,14,"2022-03-14","20:58:00",3,"TX",48,0,1.75,0,0,0,0,31.5082,-94.1742,31.5082,-94.1742,0,0,0,0,0,405,0,0,0
663962,2022,3,16,"2022-03-16","09:41:00",3,"GA",13,0,1,0,0,0,0,31.82,-81.26,31.82,-81.26,0,0,0,0,0,29,0,0,0
663963,2022,3,16,"2022-03-16","09:55:00",3,"AL",1,0,1,0,0,0,0,31.5966,-86.2029,31.5966,-86.2029,0,0,0,0,0,41,0,0,0
663964,2022,3,16,"2022-03-16","11:24:00",3,"SC",45,0,0.88,0,0,0,0,33.01,-81.31,33.01,-81.31,0,0,0,0,0,5,0,0,0
663965,2022,3,16,"2022-03-16","11:27:00",3,"SC",45,0,0.75,0,0,0,0,33.02,-81.33,33.02,-81.33,0,0,0,0,0,5,0,0,0
663966,2022,3,16,"2022-03-16","11:47:00",3,"SC",45,0,0.7,0,0,10,10,33.12,-81.12,33.12,-81.12,0,0,0,0,0,9,0,0,0
663967,2022,3,16,"2022-03-16","12:14:00",3,"AL",1,0,0.75,0,0,0,0,32.62,-85.46,32.62,-85.46,0,0,0,0,0,81,0,0,0
663968,2022,3,16,"2022-03-16","14:20:00",3,"FL",12,0,1,0,0,0,0,28.2,-80.61,28.2,-80.61,0,0,0,0,0,9,0,0,0
663969,2022,3,16,"2022-03-16","14:22:00",3,"FL",12,0,1,0,0,0,0,28.23,-80.61,28.23,-80.61,0,0,0,0,0,9,0,0,0
663970,2022,3,16,"2022-03-16","14:33:00",3,"FL",12,0,1.25,0,0,0,0,29,-80.91,29,-80.91,0,0,0,0,0,127,0,0,0
663971,2022,3,16,"2022-03-16","14:35:00",3,"FL",12,0,1.75,0,0,0,0,29.03,-80.93,29.03,-80.93,0,0,0,0,0,127,0,0,0
663972,2022,3,16,"2022-03-16","14:37:00",3,"FL",12,0,1.75,0,0,0,0,29.04,-80.91,29.04,-80.91,0,0,0,0,0,127,0,0,0
663973,2022,3,16,"2022-03-16","15:15:00",3,"GA",13,0,0.88,0,0,0,0,33.05,-81.95,33.05,-81.95,0,0,0,0,0,33,0,0,0
663974,2022,3,16,"2022-03-16","15:39:00",3,"GA",13,0,0.75,0,0,0,0,33.04,-81.94,33.04,-81.94,0,0,0,0,0,33,0,0,0
663975,2022,3,16,"2022-03-16","15:50:00",3,"GA",13,0,1,0,0,0,0,33.1,-82,33.1,-82,0,0,0,0,0,33,0,0,0
663976,2022,3,16,"2022-03-16","16:17:00",3,"FL",12,0,1,0,0,0,0,28.74,-81.37,28.74,-81.37,0,0,0,0,0,117,0,0,0
663977,2022,3,16,"2022-03-16","16:22:00",3,"FL",12,0,1,0,0,0,0,28.71,-81.35,28.71,-81.35,0,0,0,0,0,117,0,0,0
663978,2022,3,16,"2022-03-16","16:24:00",3,"FL",12,0,2,0,0,0,0,28.75,-81.33,28.75,-81.33,0,0,0,0,0,117,0,0,0
663979,2022,3,16,"2022-03-16","16:25:00",3,"GA",13,0,1,0,0,0,0,33.29,-81.97,33.29,-81.97,0,0,0,0,0,245,0,0,0
663980,2022,3,16,"2022-03-16","16:26:00",3,"GA",13,0,1,0,0,0,0,32.85,-81.91,32.85,-81.91,0,0,0,0,0,165,0,0,0
663981,2022,3,16,"2022-03-16","16:27:00",3,"FL",12,0,1.5,0,0,0,0,28.76,-81.33,28.76,-81.33,0,0,0,0,0,117,0,0,0
663982,2022,3,16,"2022-03-16","16:28:00",3,"GA",13,0,1,0,0,0,0,33.41,-83.85,33.41,-83.85,0,0,0,0,0,217,0,0,0
663983,2022,3,16,"2022-03-16","16:30:00",3,"FL",12,0,2,0,0,0,0,28.74,-81.35,28.74,-81.35,0,0,0,0,0,117,0,0,0
663984,2022,3,16,"2022-03-16","16:30:00",3,"GA",13,0,1,0,0,0,0,33.3,-82.01,33.3,-82.01,0,0,0,0,0,245,0,0,0
663985,2022,3,16,"2022-03-16","17:00:00",3,"GA",13,0,1,0,0,0,0,32.9363,-82.8101,32.9363,-82.8101,0,0,0,0,0,303,0,0,0
663986,2022,3,16,"2022-03-16","17:00:00",3,"GA",13,0,1.75,0,0,0,0,33.1145,-83.6211,33.1145,-83.6211,0,0,0,0,0,169,0,0,0
663987,2022,3,16,"2022-03-16","17:00:00",3,"GA",13,0,0.75,0,0,0,0,33.48,-82.02,33.48,-82.02,0,0,0,0,0,245,0,0,0
663988,2022,3,16,"2022-03-16","17:05:00",3,"GA",13,0,1.25,0,0,0,0,33.182,-84.0216,33.182,-84.0216,0,0,0,0,0,207,0,0,0
663989,2022,3,16,"2022-03-16","17:16:00",3,"GA",13,0,1.25,0,0,0,0,33.51,-82.07,33.51,-82.07,0,0,0,0,0,245,0,0,0
663990,2022,3,16,"2022-03-16","17:17:00",3,"GA",13,0,0.75,0,0,0,0,33.51,-82.09,33.51,-82.09,0,0,0,0,0,73,0,0,0
663991,2022,3,16,"2022-03-16","17:18:00",3,"GA",13,0,1.25,0,0,0,0,33.54,-82.06,33.54,-82.06,0,0,0,0,0,73,0,0,0
663992,2022,3,16,"2022-03-16","17:20:00",3,"GA",13,0,1.75,0,0,0,0,33.54,-82.08,33.54,-82.08,0,0,0,0,0,73,0,0,0
663993,2022,3,16,"2022-03-16","17:22:00",3,"GA",13,0,0.5,0,0,10,10,33.55,-82.09,33.55,-82.09,0,0,0,0,0,73,0,0,0
663994,2022,3,16,"2022-03-16","17:26:00",3,"GA",13,0,1,0,0,0,0,33.0008,-83.544,33.0008,-83.544,0,0,0,0,0,169,0,0,0
663995,2022,3,16,"2022-03-16","17:27:00",3,"SC",45,0,1,0,0,0,0,33.61,-82.03,33.61,-82.03,0,0,0,0,0,37,0,0,0
663996,2022,3,16,"2022-03-16","17:29:00",3,"SC",45,0,0.75,0,0,0,0,33.6,-82.06,33.6,-82.06,0,0,0,0,0,37,0,0,0
663997,2022,3,16,"2022-03-16","18:20:00",3,"GA",13,0,0.7,0,0,10,10,33.46,-82.18,33.46,-82.18,0,0,0,0,0,73,0,0,0
663998,2022,3,16,"2022-03-16","18:22:00",3,"GA",13,0,1,0,0,0,0,33.44,-82.22,33.44,-82.22,0,0,0,0,0,73,0,0,0
663999,2022,3,16,"2022-03-16","18:28:00",3,"GA",13,0,0.25,0,0,10,10,33.46,-82.25,33.46,-82.25,0,0,0,0,0,73,0,0,0
664000,2022,3,16,"2022-03-16","20:20:00",3,"SC",45,0,1,0,0,0,0,33.5,-80.74,33.5,-80.74,0,0,0,0,0,75,0,0,0
664001,2022,3,16,"2022-03-16","21:05:00",3,"SC",45,0,0.75,0,0,0,0,32.99,-80.18,32.99,-80.18,0,0,0,0,0,35,0,0,0
664002,2022,3,16,"2022-03-16","21:10:00",3,"SC",45,0,1,0,0,0,0,33.01,-80.04,33.01,-80.04,0,0,0,0,0,15,0,0,0
664003,2022,3,16,"2022-03-16","21:11:00",3,"SC",45,0,0.75,0,0,0,0,32.99,-80.17,32.99,-80.17,0,0,0,0,0,35,0,0,0
664004,2022,3,16,"2022-03-16","21:15:00",3,"SC",45,0,0.88,0,0,0,0,33,-80.06,33,-80.06,0,0,0,0,0,15,0,0,0
664005,2022,3,16,"2022-03-16","21:18:00",3,"SC",45,0,0.75,0,0,0,0,33.74,-80.36,33.74,-80.36,0,0,0,0,0,27,0,0,0
664006,2022,3,16,"2022-03-16","21:22:00",3,"SC",45,0,1,0,0,0,0,33.74,-80.32,33.74,-80.32,0,0,0,0,0,27,0,0,0
664007,2022,3,17,"2022-03-17","18:33:00",3,"TX",48,0,0.75,0,0,0,0,32.96,-96.78,32.96,-96.78,0,0,0,0,0,113,0,0,0
664008,2022,3,17,"2022-03-17","18:33:00",3,"TX",48,0,0.75,0,0,0,0,32.9295,-96.7956,32.9295,-96.7956,0,0,0,0,0,113,0,0,0
664009,2022,3,17,"2022-03-17","19:10:00",3,"TX",48,0,0.88,0,0,0,0,32.9,-97.53,32.9,-97.53,0,0,0,0,0,439,0,0,0
664010,2022,3,18,"2022-03-18","03:45:00",3,"MS",28,0,1,0,0,0,0,31.35,-89.26,31.35,-89.26,0,0,0,0,0,35,0,0,0
664011,2022,3,18,"2022-03-18","04:20:00",3,"MO",29,0,0.75,0,0,0,0,37.02,-93.2,37.02,-93.2,0,0,0,0,0,43,0,0,0
664012,2022,3,18,"2022-03-18","11:45:00",3,"AL",1,0,1,0,0,0,0,31.2,-85.34,31.2,-85.34,0,0,0,0,0,69,0,0,0
664013,2022,3,18,"2022-03-18","12:59:00",3,"GA",13,0,0.75,0,0,0,0,31.67,-84.09,31.67,-84.09,0,0,0,0,0,177,0,0,0
664014,2022,3,18,"2022-03-18","13:15:00",3,"MO",29,0,0.88,0,0,0,0,36.5051,-91.0614,36.5051,-91.0614,0,0,0,0,0,181,0,0,0
664015,2022,3,18,"2022-03-18","13:21:00",3,"MO",29,0,1,0,0,0,0,36.5023,-90.9132,36.5023,-90.9132,0,0,0,0,0,181,0,0,0
664016,2022,3,18,"2022-03-18","15:20:00",3,"FL",12,0,0.88,0,0,0,0,30.77,-85.81,30.77,-85.81,0,0,0,0,0,133,0,0,0
664017,2022,3,18,"2022-03-18","16:21:00",3,"FL",12,0,1,0,0,0,0,30.44,-85.81,30.44,-85.81,0,0,0,0,0,133,0,0,0
664018,2022,3,18,"2022-03-18","16:43:00",3,"KY",21,0,0.75,0,0,0,0,37.03,-88.35,36.9631,-88.3847,0,0,0,0,0,157,0,0,0
664019,2022,3,18,"2022-03-18","16:48:00",3,"KY",21,0,1.25,0,0,0,0,37.02,-88.28,37.02,-88.28,0,0,0,0,0,157,0,0,0
664020,2022,3,18,"2022-03-18","16:55:00",3,"KY",21,0,1,0,0,0,0,37,-88.23,37,-88.23,0,0,0,0,0,139,0,0,0
664021,2022,3,19,"2022-03-19","05:41:00",3,"GA",13,0,0.75,0,0,0,0,30.97,-84,30.97,-84,0,0,0,0,0,275,0,0,0
664022,2022,3,20,"2022-03-20","17:05:00",3,"FL",12,0,1,0,0,0,0,25.8011,-80.869,25.8011,-80.869,0,0,0,0,0,86,0,0,0
664023,2022,3,21,"2022-03-21","14:37:00",3,"AR",5,0,0.88,0,0,0,0,34.15,-93.69,34.15,-93.69,0,0,0,0,0,109,0,0,0
664024,2022,3,21,"2022-03-21","14:42:00",3,"TX",48,0,1,0,0,0,0,33.09,-98.39,33.09,-98.39,0,0,0,0,0,237,0,0,0
664025,2022,3,21,"2022-03-21","15:20:00",3,"TX",48,0,1,0,0,0,0,30.1,-98.42,30.1,-98.42,0,0,0,0,0,31,0,0,0
664026,2022,3,21,"2022-03-21","15:40:00",3,"TX",48,0,1,0,0,0,0,32.23,-98.26,32.23,-98.26,0,0,0,0,0,143,0,0,0
664027,2022,3,21,"2022-03-21","15:40:00",3,"TX",48,0,0.75,0,0,0,0,30.59,-98.38,30.59,-98.38,0,0,0,0,0,53,0,0,0
664028,2022,3,21,"2022-03-21","15:47:00",3,"TX",48,0,2,0,0,0,0,29.72,-98.17,29.72,-98.17,0,0,0,0,0,91,0,0,0
664029,2022,3,21,"2022-03-21","15:47:00",3,"TX",48,0,1.5,0,0,0,0,29.59,-98.24,29.59,-98.24,0,0,0,0,0,187,0,0,0
664030,2022,3,21,"2022-03-21","15:53:00",3,"TX",48,0,1,0,0,0,0,29.6,-98.28,29.6,-98.28,0,0,0,0,0,187,0,0,0
664031,2022,3,21,"2022-03-21","16:01:00",3,"TX",48,0,1.75,0,0,0,0,29.7,-98.16,29.7,-98.16,0,0,0,0,0,91,0,0,0
664032,2022,3,21,"2022-03-21","16:02:00",3,"TX",48,0,1,0,0,0,0,29.64,-98.2,29.64,-98.2,0,0,0,0,0,91,0,0,0
664033,2022,3,21,"2022-03-21","16:04:00",3,"TX",48,0,1.25,0,0,0,0,29.72,-98.17,29.72,-98.17,0,0,0,0,0,91,0,0,0
664034,2022,3,21,"2022-03-21","16:06:00",3,"TX",48,0,1.25,0,0,0,0,29.69,-98.15,29.69,-98.15,0,0,0,0,0,91,0,0,0
664035,2022,3,21,"2022-03-21","16:18:00",3,"TX",48,0,0.75,0,0,0,0,32.65,-97.77,32.65,-97.77,0,0,0,0,0,367,0,0,0
664036,2022,3,21,"2022-03-21","16:25:00",3,"TX",48,0,1.25,0,0,0,0,29.62,-97.97,29.62,-97.97,0,0,0,0,0,187,0,0,0
664037,2022,3,21,"2022-03-21","16:37:00",3,"TX",48,0,1,0,0,0,0,32.76,-97.46,32.76,-97.46,0,0,0,0,0,439,0,0,0
664038,2022,3,21,"2022-03-21","17:02:00",3,"TX",48,0,1,0,0,0,0,32.97,-97.23,32.97,-97.23,0,0,0,0,0,439,0,0,0
664039,2022,3,21,"2022-03-21","17:04:00",3,"TX",48,0,0.75,0,0,0,0,32.96,-97.27,32.96,-97.27,0,0,0,0,0,439,0,0,0
664040,2022,3,21,"2022-03-21","17:07:00",3,"TX",48,0,0.75,0,0,0,0,33.01,-97.21,33.01,-97.21,0,0,0,0,0,121,0,0,0
664041,2022,3,21,"2022-03-21","17:09:00",3,"TX",48,0,1,0,0,0,0,33,-97.2,33,-97.2,0,0,0,0,0,121,0,0,0
664042,2022,3,21,"2022-03-21","17:11:00",3,"TX",48,0,0.75,0,0,0,0,32.9,-97.28,32.9,-97.28,0,0,0,0,0,439,0,0,0
664043,2022,3,21,"2022-03-21","17:20:00",3,"TX",48,0,0.75,0,0,0,0,33.09,-97.16,33.09,-97.16,0,0,0,0,0,121,0,0,0
664044,2022,3,21,"2022-03-21","17:31:00",3,"TX",48,0,1,0,0,0,0,33.14,-97.08,33.14,-97.08,0,0,0,0,0,121,0,0,0
664045,2022,3,21,"2022-03-21","17:38:00",3,"TX",48,0,1.25,0,0,0,0,33.143,-96.9097,33.143,-96.9097,0,0,0,0,0,121,0,0,0
664046,2022,3,21,"2022-03-21","17:39:00",3,"TX",48,0,1,0,0,0,0,33.1141,-96.9169,33.1141,-96.9169,0,0,0,0,0,121,0,0,0
664047,2022,3,21,"2022-03-21","17:39:00",3,"TX",48,0,1,0,0,0,0,33.13,-96.92,33.13,-96.92,0,0,0,0,0,121,0,0,0
664048,2022,3,21,"2022-03-21","17:41:00",3,"TX",48,0,1.25,0,0,0,0,29.07,-98.08,29.07,-98.08,0,0,0,0,0,493,0,0,0
664049,2022,3,21,"2022-03-21","17:45:00",3,"TX",48,0,1,0,0,0,0,33.18,-96.89,33.18,-96.89,0,0,0,0,0,121,0,0,0
664050,2022,3,21,"2022-03-21","17:45:00",3,"TX",48,0,1,0,0,0,0,33.23,-96.9,33.23,-96.9,0,0,0,0,0,121,0,0,0
664051,2022,3,21,"2022-03-21","17:48:00",3,"TX",48,0,0.75,0,0,0,0,33.23,-96.9,33.23,-96.9,0,0,0,0,0,121,0,0,0
664052,2022,3,21,"2022-03-21","17:53:00",3,"TX",48,0,0.75,0,0,0,0,33.21,-96.77,33.21,-96.77,0,0,0,0,0,85,0,0,0
664053,2022,3,21,"2022-03-21","17:59:00",3,"TX",48,0,0.88,0,0,0,0,30.64,-97.68,30.64,-97.68,0,0,0,0,0,491,0,0,0
664054,2022,3,21,"2022-03-21","18:26:00",3,"TX",48,0,0.75,0,0,0,0,32.52,-96.85,32.52,-96.85,0,0,0,0,0,139,0,0,0
664055,2022,3,21,"2022-03-21","18:30:00",3,"OK",40,0,1,0,0,0,0,34.22,-96.08,34.22,-96.08,0,0,0,0,0,5,0,0,0
664056,2022,3,21,"2022-03-21","18:31:00",3,"TX",48,0,0.88,0,0,0,0,29.72,-97.73,29.72,-97.73,0,0,0,0,0,55,0,0,0
664057,2022,3,21,"2022-03-21","18:43:00",3,"TX",48,0,0.75,0,0,0,0,33.01,-96.44,33.01,-96.44,0,0,0,0,0,85,0,0,0
664058,2022,3,21,"2022-03-21","19:01:00",3,"TX",48,0,0.75,0,0,0,0,31.09,-97.6,31.09,-97.6,0,0,0,0,0,27,0,0,0
664059,2022,3,21,"2022-03-21","19:02:00",3,"TX",48,0,0.88,0,0,0,0,30.55,-97.85,30.55,-97.85,0,0,0,0,0,491,0,0,0
664060,2022,3,21,"2022-03-21","19:29:00",3,"TX",48,0,1.5,0,0,0,0,31.52,-96.53,31.52,-96.53,0,0,0,0,0,293,0,0,0
664061,2022,3,21,"2022-03-21","19:44:00",3,"TX",48,0,1.75,0,0,25000,0,31.63,-96.28,31.63,-96.28,0,0,0,0,0,161,0,0,0
664062,2022,3,21,"2022-03-21","19:58:00",3,"TX",48,0,1,0,0,0,0,30.31,-97.96,30.31,-97.96,0,0,0,0,0,453,0,0,0
664063,2022,3,21,"2022-03-21","20:10:00",3,"TX",48,0,0.75,0,0,0,0,30.63,-97.64,30.63,-97.64,0,0,0,0,0,491,0,0,0
664064,2022,3,21,"2022-03-21","20:45:00",3,"TX",48,0,1,0,0,0,0,27.49,-99.36,27.49,-99.36,0,0,0,0,0,479,0,0,0
664065,2022,3,21,"2022-03-21","21:30:00",3,"TX",48,0,1,0,0,0,0,27.5,-99.44,27.5,-99.44,0,0,0,0,0,479,0,0,0
664066,2022,3,21,"2022-03-21","21:49:00",3,"TX",48,0,1.75,0,0,0,0,32.6105,-94.9159,32.6105,-94.9159,0,0,0,0,0,459,0,0,0
664067,2022,3,21,"2022-03-21","21:51:00",3,"TX",48,0,1,0,0,0,0,32.5426,-94.9423,32.5426,-94.9423,0,0,0,0,0,183,0,0,0
664068,2022,3,21,"2022-03-21","22:02:00",3,"TX",48,0,1.25,0,0,0,0,27.89,-98.63,27.89,-98.63,0,0,0,0,0,131,0,0,0
664069,2022,3,21,"2022-03-21","22:45:00",3,"TX",48,0,0.75,0,0,0,0,29.38,-98.44,29.38,-98.44,0,0,0,0,0,29,0,0,0
664070,2022,3,21,"2022-03-21","22:48:00",3,"TX",48,0,0.75,0,0,0,0,29.19,-98.51,29.19,-98.51,0,0,0,0,0,29,0,0,0
664071,2022,3,21,"2022-03-21","22:48:00",3,"TX",48,0,1,0,0,0,0,29.38,-98.44,29.38,-98.44,0,0,0,0,0,29,0,0,0
664072,2022,3,21,"2022-03-21","22:57:00",3,"TX",48,0,1,0,0,0,0,29.51,-98.35,29.51,-98.35,0,0,0,0,0,29,0,0,0
664073,2022,3,21,"2022-03-21","22:59:00",3,"TX",48,0,0.75,0,0,0,0,29.53,-98.35,29.53,-98.35,0,0,0,0,0,29,0,0,0
664074,2022,3,21,"2022-03-21","23:01:00",3,"TX",48,0,1,0,0,0,0,29.48,-98.36,29.48,-98.36,0,0,0,0,0,29,0,0,0
664075,2022,3,21,"2022-03-21","23:13:00",3,"TX",48,0,1.25,0,0,0,0,29.9,-97.68,29.9,-97.68,0,0,0,0,0,55,0,0,0
664076,2022,3,22,"2022-03-22","06:20:00",3,"LA",22,0,1,0,0,0,0,32.0835,-92.5813,32.0835,-92.5813,0,0,0,0,0,127,0,0,0
664077,2022,3,22,"2022-03-22","09:29:00",3,"LA",22,0,1,0,0,0,0,32.8,-91.18,32.8,-91.18,0,0,0,0,0,35,0,0,0
664078,2022,3,22,"2022-03-22","13:05:00",3,"MS",28,0,1,0,0,0,0,32.0813,-89.776,32.0813,-89.776,0,0,0,0,0,121,0,0,0
664079,2022,3,22,"2022-03-22","18:00:00",3,"AL",1,0,1,0,0,0,0,33.21,-87.5,33.21,-87.5,0,0,0,0,0,125,0,0,0
664080,2022,3,22,"2022-03-22","21:37:00",3,"AL",1,0,1,0,0,0,0,33.15,-86.42,33.15,-86.42,0,0,0,0,0,121,0,0,0
664081,2022,3,22,"2022-03-22","21:44:00",3,"AL",1,0,1,0,0,0,0,33.17,-86.25,33.17,-86.25,0,0,0,0,0,121,0,0,0
664082,2022,3,23,"2022-03-23","11:15:00",3,"IN",18,0,1.25,0,0,0,0,39.291,-85.5719,39.291,-85.5719,0,0,0,0,0,31,0,0,0
664083,2022,3,23,"2022-03-23","12:41:00",3,"IN",18,0,1,0,0,0,0,41.07,-85.07,41.07,-85.07,0,0,0,0,0,3,0,0,0
664084,2022,3,23,"2022-03-23","12:44:00",3,"IN",18,0,1,0,0,0,0,41.03,-84.91,41.03,-84.91,0,0,0,0,0,3,0,0,0
664085,2022,3,23,"2022-03-23","13:34:00",3,"IN",18,0,1,0,0,0,0,41.11,-85.05,41.11,-85.05,0,0,0,0,0,3,0,0,0
664086,2022,3,23,"2022-03-23","13:54:00",3,"KY",21,0,1,0,0,0,0,37.62,-82.25,37.62,-82.25,0,0,0,0,0,195,0,0,0
664087,2022,3,23,"2022-03-23","14:00:00",3,"OH",39,0,1,0,0,0,0,40.79,-84.2,40.79,-84.2,0,0,0,0,0,3,0,0,0
664088,2022,3,23,"2022-03-23","14:10:00",3,"KY",21,0,1,0,0,0,0,38.17,-82.67,38.17,-82.67,0,0,0,0,0,127,0,0,0
664089,2022,3,23,"2022-03-23","14:23:00",3,"OH",39,0,0.88,0,0,0,0,41.42,-84.15,41.42,-84.15,0,0,0,0,0,69,0,0,0
664090,2022,3,23,"2022-03-23","14:35:00",3,"WV",54,0,0.75,0,0,0,0,38.79,-81.87,38.79,-81.87,0,0,0,0,0,53,0,0,0
664091,2022,3,23,"2022-03-23","14:35:00",3,"WV",54,0,0.75,0,0,0,0,38.85,-81.83,38.85,-81.83,0,0,0,0,0,35,0,0,0
664092,2022,3,23,"2022-03-23","14:55:00",3,"WV",54,0,1,0,0,0,0,38.92,-81.72,38.92,-81.72,0,0,0,0,0,35,0,0,0
664093,2022,3,23,"2022-03-23","15:28:00",3,"IN",18,0,1.5,0,0,0,0,41.16,-85.02,41.16,-85.02,0,0,0,0,0,3,0,0,0
664094,2022,3,23,"2022-03-23","15:38:00",3,"OH",39,0,0.88,0,0,0,0,39.9737,-83.0028,39.9737,-83.0028,0,0,0,0,0,49,0,0,0
664095,2022,3,23,"2022-03-23","15:48:00",3,"OH",39,0,0.75,0,0,0,0,40.12,-82.92,40.12,-82.92,0,0,0,0,0,49,0,0,0
664096,2022,3,23,"2022-03-23","15:52:00",3,"OH",39,0,0.75,0,0,0,0,39.88,-84.19,39.88,-84.19,0,0,0,0,0,113,0,0,0
664097,2022,3,23,"2022-03-23","15:58:00",3,"OH",39,0,0.75,0,0,0,0,39.95,-84.11,39.95,-84.11,0,0,0,0,0,109,0,0,0
664098,2022,3,23,"2022-03-23","16:32:00",3,"OH",39,0,1,0,0,0,0,39.34,-82.24,39.34,-82.24,0,0,0,0,0,9,0,0,0
664099,2022,3,23,"2022-03-23","16:34:00",3,"WV",54,0,0.75,0,0,0,0,38.79,-81.87,38.79,-81.87,0,0,0,0,0,53,0,0,0
664100,2022,3,23,"2022-03-23","16:36:00",3,"OH",39,0,1.5,0,0,0,0,39.32,-82.1,39.32,-82.1,0,0,0,0,0,9,0,0,0
664101,2022,3,23,"2022-03-23","16:43:00",3,"OH",39,0,0.75,0,0,0,0,39.47,-82.09,39.47,-82.09,0,0,0,0,0,9,0,0,0
664102,2022,3,23,"2022-03-23","17:25:00",3,"OH",39,0,1.25,0,0,0,0,39.36,-81.79,39.36,-81.79,0,0,0,0,0,167,0,0,0
664103,2022,3,23,"2022-03-23","17:30:00",3,"WV",54,0,1.25,0,0,0,0,38.49,-82.02,38.49,-82.02,0,0,0,0,0,79,0,0,0
664104,2022,3,23,"2022-03-23","17:33:00",3,"WV",54,0,0.75,0,0,0,0,38.82,-81.72,38.82,-81.72,0,0,0,0,0,35,0,0,0
664105,2022,3,23,"2022-03-23","17:35:00",3,"WV",54,0,1.75,0,0,0,0,38.53,-81.92,38.53,-81.92,0,0,0,0,0,79,0,0,0
664106,2022,3,23,"2022-03-23","17:40:00",3,"WV",54,0,1,0,0,0,0,38.82,-81.7,38.82,-81.7,0,0,0,0,0,35,0,0,0
664107,2022,3,23,"2022-03-23","17:44:00",3,"WV",54,0,0.75,0,0,0,0,38.58,-81.8,38.58,-81.8,0,0,0,0,0,79,0,0,0
664108,2022,3,23,"2022-03-23","17:45:00",3,"WV",54,0,0.75,0,0,0,0,38.35,-81.9,38.35,-81.9,0,0,0,0,0,39,0,0,0
664109,2022,3,23,"2022-03-23","18:02:00",3,"OH",39,0,1,0,0,0,0,40.65,-81.29,40.65,-81.29,0,0,0,0,0,19,0,0,0
664110,2022,3,29,"2022-03-29","17:00:00",3,"NE",31,0,1,0,0,0,0,41.44,-99.12,41.44,-99.12,0,0,0,0,0,175,0,0,0
664111,2022,3,29,"2022-03-29","18:21:00",3,"KS",20,0,0.88,0,0,0,0,38.57,-96.17,38.57,-96.17,0,0,0,0,0,111,0,0,0
664112,2022,3,29,"2022-03-29","18:55:00",3,"KS",20,0,0.88,0,0,0,0,38.72,-95.72,38.72,-95.72,0,0,0,0,0,139,0,0,0
664113,2022,3,29,"2022-03-29","19:02:00",3,"KS",20,0,0.88,0,0,0,0,37.97,-96.84,37.97,-96.84,0,0,0,0,0,15,0,0,0
664114,2022,3,29,"2022-03-29","19:03:00",3,"KS",20,0,0.88,0,0,0,0,37.91,-97.37,37.91,-97.37,0,0,0,0,0,79,0,0,0
664115,2022,3,29,"2022-03-29","19:15:00",3,"KS",20,0,1,0,0,0,0,38.78,-95.63,38.78,-95.63,0,0,0,0,0,139,0,0,0
664116,2022,3,29,"2022-03-29","19:22:00",3,"KS",20,0,0.88,0,0,0,0,37.33,-98.08,37.33,-98.08,0,0,0,0,0,77,0,0,0
664117,2022,3,29,"2022-03-29","20:15:00",3,"KS",20,0,1,0,0,0,0,37.26,-97.77,37.26,-97.77,0,0,0,0,0,191,0,0,0
664118,2022,3,29,"2022-03-29","20:45:00",3,"KS",20,0,0.88,0,0,0,0,37.27,-97.4,37.27,-97.4,0,0,0,0,0,191,0,0,0
664119,2022,3,29,"2022-03-29","21:25:00",3,"OK",40,0,1,0,0,0,0,36.8,-97.3,36.8,-97.3,0,0,0,0,0,71,0,0,0
664120,2022,3,29,"2022-03-29","21:25:00",3,"OK",40,0,1,0,0,0,0,35.01,-97.38,35.01,-97.38,0,0,0,0,0,87,0,0,0
664121,2022,3,29,"2022-03-29","21:35:00",3,"TX",48,0,1,0,0,0,0,31.31,-100.6,31.31,-100.6,0,0,0,0,0,451,0,0,0
664122,2022,3,29,"2022-03-29","21:45:00",3,"TX",48,0,1,0,0,0,0,31.37,-100.5,31.37,-100.5,0,0,0,0,0,451,0,0,0
664123,2022,3,29,"2022-03-29","22:15:00",3,"TX",48,0,1,0,0,0,0,31.75,-99.95,31.75,-99.95,0,0,0,0,0,399,0,0,0
664124,2022,3,29,"2022-03-29","22:30:00",3,"TX",48,0,1.75,0,0,0,0,30.86,-100.6,30.86,-100.6,0,0,0,0,0,413,0,0,0
664125,2022,3,30,"2022-03-30","05:25:00",3,"TX",48,0,1.25,0,0,0,0,33.6628,-95.1586,33.6628,-95.1586,0,0,0,0,0,387,0,0,0
664126,2022,3,30,"2022-03-30","23:30:00",3,"FL",12,0,1.75,0,0,0,0,30.6,-87.15,30.6,-87.15,0,0,0,0,0,113,0,0,0
664127,2022,3,31,"2022-03-31","02:36:00",3,"FL",12,0,0.75,0,0,0,0,30.33,-86.12,30.33,-86.12,0,0,0,0,0,131,0,0,0
664128,2022,3,31,"2022-03-31","12:45:00",3,"PA",42,0,1,0,0,0,0,41.0108,-77.5905,41.0108,-77.5905,0,0,0,0,0,27,0,0,0
664129,2022,3,31,"2022-03-31","13:17:00",3,"WV",54,0,1,0,0,0,0,39.4399,-78.9706,39.4399,-78.9706,0,0,0,0,0,57,0,0,0
664130,2022,3,31,"2022-03-31","14:39:00",3,"WV",54,0,1,0,0,0,0,38.61,-79.6202,38.61,-79.6202,0,0,0,0,0,71,0,0,0
664131,2022,3,31,"2022-03-31","14:42:00",3,"WV",54,0,1,0,0,0,0,37.85,-80.35,37.85,-80.35,0,0,0,0,0,25,0,0,0
664132,2022,3,31,"2022-03-31","17:40:00",3,"MD",24,0,1,0,0,0,0,39.5717,-77.0306,39.5717,-77.0306,0,0,0,0,0,13,0,0,0
664133,2022,3,31,"2022-03-31","19:50:00",3,"PA",42,0,0.75,0,0,0,0,40.22,-75.39,40.22,-75.39,0,0,0,0,0,91,0,0,0
663860,2022,3,5,"2022-03-05","01:57:00",3,"KS",20,0,1,0,0,0,0,39.58,-97.66,39.58,-97.66,0,0,0,0,0,29,0,0,0
663861,2022,3,5,"2022-03-05","14:06:00",3,"IA",19,0,1,0,0,0,0,41.94,-92.96,41.94,-92.96,0,0,0,0,0,127,0,0,0
663862,2022,3,5,"2022-03-05","14:12:00",3,"MN",27,0,0.75,0,0,0,0,43.63,-94.99,43.63,-94.99,0,0,0,0,0,63,0,0,0
663863,2022,3,5,"2022-03-05","14:45:00",3,"MO",29,0,0.88,0,0,0,0,40.54,-95.32,40.54,-95.32,0,0,0,0,0,5,0,0,0
663864,2022,3,5,"2022-03-05","15:15:00",3,"IA",19,0,1,0,0,0,0,40.84,-95.17,40.84,-95.17,0,0,0,0,0,145,0,0,0
663865,2022,3,5,"2022-03-05","15:27:00",3,"IA",19,0,1.25,0,0,0,0,40.93,-94.88,40.93,-94.88,0,0,0,0,0,3,0,0,0
663866,2022,3,5,"2022-03-05","15:30:00",3,"MO",29,0,1,0,0,0,0,40.36,-94.82,40.36,-94.82,0,0,0,0,0,147,0,0,0
663867,2022,3,5,"2022-03-05","15:54:00",3,"IA",19,0,1.5,0,0,0,0,41.2,-94.47,41.2,-94.47,0,0,0,0,0,1,0,0,0
663868,2022,3,5,"2022-03-05","15:55:00",3,"IA",19,0,1.75,0,0,0,0,41.09,-94.58,41.09,-94.58,0,0,0,0,0,3,0,0,0
663869,2022,3,5,"2022-03-05","16:06:00",3,"IA",19,0,1,0,0,0,0,41.2,-94.49,41.2,-94.49,0,0,0,0,0,1,0,0,0
663870,2022,3,5,"2022-03-05","16:07:00",3,"IA",19,0,2.75,0,0,0,0,41.14,-94.45,41.14,-94.45,0,0,0,0,0,175,0,0,0
663871,2022,3,5,"2022-03-05","16:08:00",3,"IA",19,0,1.75,0,0,0,0,41.18,-94.45,41.18,-94.45,0,0,0,0,0,1,0,0,0
663872,2022,3,5,"2022-03-05","16:12:00",3,"IA",19,0,2.75,0,0,0,0,41.2,-94.42,41.2,-94.42,0,0,0,0,0,1,0,0,0
663873,2022,3,5,"2022-03-05","16:12:00",3,"IA",19,0,2,0,0,0,0,41.2,-94.41,41.2,-94.41,0,0,0,0,0,1,0,0,0
663874,2022,3,5,"2022-03-05","16:12:00",3,"IA",19,0,2,0,0,0,0,41.21,-94.43,41.21,-94.43,0,0,0,0,0,1,0,0,0
663875,2022,3,5,"2022-03-05","16:13:00",3,"IA",19,0,2.5,0,0,0,0,41.22,-94.36,41.22,-94.36,0,0,0,0,0,1,0,0,0
663876,2022,3,5,"2022-03-05","16:16:00",3,"MO",29,0,0.88,0,0,0,0,40.2,-94.4,40.2,-94.4,0,0,0,0,0,75,0,0,0
663877,2022,3,5,"2022-03-05","16:30:00",3,"MO",29,0,0.88,0,0,0,0,40.26,-94.32,40.26,-94.32,0,0,0,0,0,75,0,0,0
663878,2022,3,5,"2022-03-05","16:49:00",3,"IA",19,0,1,0,0,0,0,41.46,-94.19,41.46,-94.19,0,0,0,0,0,121,0,0,0
663879,2022,3,5,"2022-03-05","16:57:00",3,"MO",29,0,1.5,0,0,0,0,40.49,-93.78,40.49,-93.78,0,0,0,0,0,81,0,0,0
663880,2022,3,5,"2022-03-05","17:01:00",3,"WI",55,0,1,0,0,0,0,43.29,-89.73,43.29,-89.73,0,0,0,0,0,111,0,0,0
663881,2022,3,5,"2022-03-05","17:14:00",3,"MO",29,0,1,0,0,0,0,39.91,-93.96,39.91,-93.96,0,0,0,0,0,61,0,0,0
663882,2022,3,5,"2022-03-05","17:22:00",3,"MO",29,0,0.88,0,0,0,0,39.74,-94.24,39.74,-94.24,0,0,0,0,0,49,0,0,0
663883,2022,3,5,"2022-03-05","17:23:00",3,"IA",19,0,2.5,0,0,0,0,41.58,-93.5,41.58,-93.5,0,0,0,0,0,153,0,0,0
663884,2022,3,5,"2022-03-05","17:26:00",3,"MO",29,0,1,0,0,0,0,39.74,-94.24,39.74,-94.24,0,0,0,0,0,49,0,0,0
663885,2022,3,5,"2022-03-05","17:29:00",3,"MO",29,0,1,0,0,0,0,39.74,-94,39.74,-94,0,0,0,0,0,25,0,0,0
663886,2022,3,5,"2022-03-05","17:45:00",3,"MO",29,0,0.88,0,0,0,0,39.37,-94.36,39.37,-94.36,0,0,0,0,0,47,0,0,0
663887,2022,3,5,"2022-03-05","17:55:00",3,"MO",29,0,1,0,0,0,0,39.8,-93.54,39.8,-93.54,0,0,0,0,0,117,0,0,0
663888,2022,3,5,"2022-03-05","17:56:00",3,"MO",29,0,1,0,0,0,0,39.35,-94.23,39.35,-94.23,0,0,0,0,0,47,0,0,0
663889,2022,3,5,"2022-03-05","17:57:00",3,"IA",19,0,1,0,0,0,0,41.66,-93.5,41.66,-93.5,0,0,0,0,0,153,0,0,0
663890,2022,3,5,"2022-03-05","18:08:00",3,"MO",29,0,1,0,0,0,0,39.65,-94.04,39.65,-94.04,0,0,0,0,0,25,0,0,0
663891,2022,3,5,"2022-03-05","18:08:00",3,"MO",29,0,1,0,0,0,0,38.9,-94.36,38.9,-94.36,0,0,0,0,0,95,0,0,0
663892,2022,3,5,"2022-03-05","18:09:00",3,"MO",29,0,1.25,0,0,0,0,38.9,-94.35,38.9,-94.35,0,0,0,0,0,95,0,0,0
663893,2022,3,5,"2022-03-05","18:10:00",3,"MO",29,0,1,0,0,0,0,38.94,-94.26,38.94,-94.26,0,0,0,0,0,95,0,0,0
663894,2022,3,5,"2022-03-05","18:21:00",3,"MO",29,0,0.75,0,0,0,0,38.79,-94.25,38.79,-94.25,0,0,0,0,0,37,0,0,0
663895,2022,3,5,"2022-03-05","18:22:00",3,"MO",29,0,1.25,0,0,0,0,40.08,-93.61,40.08,-93.61,0,0,0,0,0,79,0,0,0
663896,2022,3,5,"2022-03-05","18:33:00",3,"MO",29,0,1,0,0,0,0,39.27,-93.83,39.27,-93.83,0,0,0,0,0,177,0,0,0
663897,2022,3,5,"2022-03-05","18:40:00",3,"MO",29,0,0.75,0,0,0,0,38.4,-94.35,38.4,-94.35,0,0,0,0,0,13,0,0,0
663898,2022,3,5,"2022-03-05","18:50:00",3,"MO",29,0,1.75,0,0,0,0,40.21,-93.12,40.21,-93.12,0,0,0,0,0,211,0,0,0
663899,2022,3,5,"2022-03-05","18:51:00",3,"MO",29,0,1,0,0,0,0,38.27,-94.35,38.27,-94.35,0,0,0,0,0,13,0,0,0
663900,2022,3,5,"2022-03-05","19:07:00",3,"MO",29,0,0.75,0,0,0,0,40.2,-92.81,40.2,-92.81,0,0,0,0,0,1,0,0,0
663901,2022,3,5,"2022-03-05","19:10:00",3,"MO",29,0,1,0,0,0,0,37.84,-94.51,37.84,-94.51,0,0,0,0,0,217,0,0,0
663902,2022,3,5,"2022-03-05","19:26:00",3,"MO",29,0,0.75,0,0,0,0,37.86,-94.35,37.86,-94.35,0,0,0,0,0,217,0,0,0
663903,2022,3,5,"2022-03-05","19:36:00",3,"IA",19,0,0.75,0,0,0,0,41.52,-92.08,41.52,-92.08,0,0,0,0,0,95,0,0,0
663904,2022,3,5,"2022-03-05","19:53:00",3,"IA",19,0,1,0,0,0,0,42.24,-91.19,42.24,-91.19,0,0,0,0,0,105,0,0,0
663905,2022,3,5,"2022-03-05","20:03:00",3,"IA",19,0,0.75,0,0,0,0,42.09,-91.8,42.09,-91.8,0,0,0,0,0,113,0,0,0
663906,2022,3,5,"2022-03-05","20:22:00",3,"IA",19,0,1,0,0,0,0,41.54,-91.05,41.54,-91.05,0,0,0,0,0,139,0,0,0
663907,2022,3,5,"2022-03-05","22:18:00",3,"IL",17,0,0.75,0,0,0,0,40.7,-89.88,40.7,-89.88,0,0,0,0,0,143,0,0,0
663908,2022,3,6,"2022-03-06","00:25:00",3,"IL",17,0,1.25,0,0,0,0,39.8,-87.98,39.8,-87.98,0,0,0,0,0,41,0,0,0
663909,2022,3,6,"2022-03-06","02:23:00",3,"IN",18,0,0.88,0,0,0,0,41.1,-85.05,41.1,-85.05,0,0,0,0,0,3,0,0,0
663910,2022,3,6,"2022-03-06","18:13:00",3,"AR",5,0,0.88,0,0,0,0,35.78,-92.64,35.78,-92.64,0,0,0,0,0,129,0,0,0
663911,2022,3,6,"2022-03-06","18:13:00",3,"IL",17,0,0.88,0,0,0,0,37.68,-88.65,37.73,-88.55,0,0,0,0,0,165,0,0,0
663912,2022,3,6,"2022-03-06","18:21:00",3,"OK",40,0,1,0,0,0,0,35.9698,-95.1427,35.9698,-95.1427,0,0,0,0,0,21,0,0,0
663913,2022,3,6,"2022-03-06","18:45:00",3,"IN",18,0,0.88,0,0,0,0,38.3134,-87.68,38.3134,-87.68,0,0,0,0,0,51,0,0,0
663914,2022,3,6,"2022-03-06","18:46:00",3,"OK",40,0,0.75,0,0,0,0,36.2205,-94.8254,36.2205,-94.8254,0,0,0,0,0,41,0,0,0
663915,2022,3,6,"2022-03-06","20:15:00",3,"MO",29,0,1,0,0,0,0,36.97,-93.36,36.97,-93.36,0,0,0,0,0,209,0,0,0
663916,2022,3,6,"2022-03-06","20:21:00",3,"MO",29,0,0.75,0,0,0,0,37.02,-93.31,37.02,-93.31,0,0,0,0,0,43,0,0,0
663917,2022,3,6,"2022-03-06","20:24:00",3,"MO",29,0,1.25,0,0,0,0,37.03,-93.25,37.03,-93.25,0,0,0,0,0,43,0,0,0
663918,2022,3,6,"2022-03-06","20:31:00",3,"AR",5,0,1,0,0,0,0,35.6434,-94.1632,35.6434,-94.1632,0,0,0,0,0,33,0,0,0
663919,2022,3,6,"2022-03-06","20:57:00",3,"IN",18,0,0.75,0,0,0,0,37.98,-87.5133,37.98,-87.5133,0,0,0,0,0,163,0,0,0
663920,2022,3,7,"2022-03-07","01:54:00",3,"MO",29,0,1,0,0,0,0,36.05,-90.3,36.05,-90.3,0,0,0,0,0,69,0,0,0
663921,2022,3,7,"2022-03-07","01:56:00",3,"MO",29,0,1.25,0,0,0,0,36.05,-90.23,36.05,-90.23,0,0,0,0,0,69,0,0,0
664296,2022,4,10,"2022-04-10","21:43:00",3,"OK",40,0,1,0,0,0,0,36.41,-97.88,36.41,-97.88,0,0,0,0,0,47,0,0,0
664297,2022,4,10,"2022-04-10","21:47:00",3,"OK",40,0,1.5,0,0,0,0,36.41,-97.89,36.41,-97.89,0,0,0,0,0,47,0,0,0
664298,2022,4,10,"2022-04-10","21:48:00",3,"OK",40,0,1,0,0,0,0,36.41,-97.88,36.41,-97.88,0,0,0,0,0,47,0,0,0
664299,2022,4,10,"2022-04-10","21:50:00",3,"OK",40,0,1,0,0,0,0,36.41,-97.9,36.41,-97.9,0,0,0,0,0,47,0,0,0
664300,2022,4,10,"2022-04-10","21:59:00",3,"OK",40,0,0.75,0,0,0,0,36.3812,-96.8635,36.3812,-96.8635,0,0,0,0,0,117,0,0,0
664301,2022,4,10,"2022-04-10","22:08:00",3,"TX",48,0,1,0,0,0,0,29.57,-98.59,29.57,-98.59,0,0,0,0,0,29,0,0,0
664302,2022,4,10,"2022-04-10","22:15:00",3,"TX",48,0,1,0,0,0,0,29.58,-98.39,29.58,-98.39,0,0,0,0,0,29,0,0,0
664303,2022,4,10,"2022-04-10","22:20:00",3,"OK",40,0,1.2,0,0,0,0,36.4,-97.66,36.4,-97.66,0,0,0,0,0,47,0,0,0
664304,2022,4,10,"2022-04-10","22:24:00",3,"TX",48,0,1,0,0,0,0,29.58,-98.26,29.58,-98.26,0,0,0,0,0,187,0,0,0
664305,2022,4,10,"2022-04-10","22:28:00",3,"TX",48,0,1,0,0,0,0,29.59,-98.21,29.59,-98.21,0,0,0,0,0,187,0,0,0
664306,2022,4,10,"2022-04-10","22:54:00",3,"KS",20,0,1,0,0,0,0,37.09,-94.79,37.09,-94.79,0,0,0,0,0,21,0,0,0
664307,2022,4,10,"2022-04-10","23:00:00",3,"KS",20,0,1,0,0,0,0,37.07,-94.7,37.07,-94.7,0,0,0,0,0,21,0,0,0
664308,2022,4,10,"2022-04-10","23:07:00",3,"KS",20,0,0.75,0,0,0,0,37.04,-95.09,37.04,-95.09,0,0,0,0,0,99,0,0,0
664309,2022,4,10,"2022-04-10","23:30:00",3,"MO",29,0,1,0,0,0,0,37.2,-94.33,37.2,-94.33,0,0,0,0,0,97,0,0,0
664310,2022,4,10,"2022-04-10","23:34:00",3,"MO",29,0,0.88,0,0,0,0,37.08,-94.51,37.08,-94.51,0,0,0,0,0,97,0,0,0
664311,2022,4,10,"2022-04-10","23:52:00",3,"MO",29,0,0.75,0,0,0,0,37.09,-94.44,37.09,-94.44,0,0,0,0,0,97,0,0,0
664312,2022,4,10,"2022-04-10","23:52:00",3,"MO",29,0,1.25,0,0,0,0,37.11,-94.44,37.11,-94.44,0,0,0,0,0,97,0,0,0
664313,2022,4,10,"2022-04-10","23:53:00",3,"MO",29,0,0.88,0,0,0,0,37.18,-94.31,37.18,-94.31,0,0,0,0,0,97,0,0,0
664314,2022,4,11,"2022-04-11","00:04:00",3,"MO",29,0,0.88,0,0,0,0,37.17,-94.51,37.17,-94.51,0,0,0,0,0,97,0,0,0
664315,2022,4,11,"2022-04-11","00:30:00",3,"MO",29,0,1,0,0,0,0,37.14,-94.05,37.14,-94.05,0,0,0,0,0,109,0,0,0
664316,2022,4,11,"2022-04-11","00:59:00",3,"MO",29,0,0.75,0,0,0,0,37.4,-93.39,37.4,-93.39,0,0,0,0,0,77,0,0,0
664317,2022,4,11,"2022-04-11","01:00:00",3,"MO",29,0,1,0,0,0,0,37.54,-93.13,37.54,-93.13,0,0,0,0,0,59,0,0,0
664318,2022,4,11,"2022-04-11","01:05:00",3,"MO",29,0,1,0,0,0,0,36.95,-94.01,36.95,-94.01,0,0,0,0,0,109,0,0,0
664319,2022,4,11,"2022-04-11","01:20:00",3,"MO",29,0,1.25,0,0,0,0,37.31,-93.43,37.31,-93.43,0,0,0,0,0,77,0,0,0
664320,2022,4,11,"2022-04-11","01:27:00",3,"MO",29,0,1,0,0,0,0,37.46,-93.14,37.46,-93.14,0,0,0,0,0,59,0,0,0
664321,2022,4,11,"2022-04-11","01:41:00",3,"MO",29,0,0.75,0,0,0,0,37.15,-93.25,37.15,-93.25,0,0,0,0,0,77,0,0,0
664322,2022,4,11,"2022-04-11","01:49:00",3,"MO",29,0,0.75,0,0,0,0,37.11,-93.29,37.11,-93.29,0,0,0,0,0,77,0,0,0
664323,2022,4,11,"2022-04-11","02:05:00",3,"MO",29,0,1,0,0,0,0,37.51,-92.68,37.51,-92.68,0,0,0,0,0,105,0,0,0
664324,2022,4,11,"2022-04-11","02:34:00",3,"MO",29,0,0.75,0,0,0,0,37.82,-91.89,37.82,-91.89,0,0,0,0,0,161,0,0,0
664325,2022,4,11,"2022-04-11","02:35:00",3,"MO",29,0,1,0,0,0,0,37.93,-91.89,37.93,-91.89,0,0,0,0,0,161,0,0,0
664326,2022,4,11,"2022-04-11","02:42:00",3,"MO",29,0,1,0,0,0,0,37.87,-91.75,37.87,-91.75,0,0,0,0,0,161,0,0,0
664327,2022,4,11,"2022-04-11","02:45:00",3,"MI",26,0,1,0,0,0,0,43.36,-84.65,43.36,-84.65,0,0,0,0,0,57,0,0,0
664328,2022,4,11,"2022-04-11","02:58:00",3,"OK",40,0,0.75,0,0,0,0,36.2329,-95.5548,36.2329,-95.5548,0,0,0,0,0,131,0,0,0
664329,2022,4,11,"2022-04-11","03:22:00",3,"MO",29,0,1,0,0,0,0,37.97,-91.35,37.97,-91.35,0,0,0,0,0,55,0,0,0
664330,2022,4,11,"2022-04-11","04:39:00",3,"MO",29,0,1,0,0,5000,0,38.2116,-90.4734,38.2116,-90.4734,0,0,0,0,0,99,0,0,0
664331,2022,4,11,"2022-04-11","04:44:00",3,"TX",48,0,0.75,0,0,0,0,30.1,-97.32,30.1,-97.32,0,0,0,0,0,21,0,0,0
664332,2022,4,11,"2022-04-11","05:10:00",3,"IL",17,0,1,0,0,0,0,38.09,-89.935,38.09,-89.935,0,0,0,0,0,157,0,0,0
664333,2022,4,11,"2022-04-11","11:45:00",3,"MO",29,0,0.88,0,0,0,0,36.95,-94,36.95,-94,0,0,0,0,0,109,0,0,0
664334,2022,4,11,"2022-04-11","13:14:00",3,"MO",29,0,0.75,0,0,0,0,37.17,-93.29,37.17,-93.29,0,0,0,0,0,77,0,0,0
664335,2022,4,11,"2022-04-11","13:43:00",3,"MO",29,0,0.75,0,0,0,0,36.84,-94.61,36.84,-94.61,0,0,0,0,0,145,0,0,0
664336,2022,4,11,"2022-04-11","15:28:00",3,"OK",40,0,1.75,0,0,50000,0,35.28,-94.4645,35.28,-94.4645,0,0,0,0,0,79,0,0,0
664337,2022,4,11,"2022-04-11","15:32:00",3,"OK",40,0,1,0,0,0,0,35.3533,-94.4367,35.3533,-94.4367,0,0,0,0,0,79,0,0,0
664338,2022,4,11,"2022-04-11","15:40:00",3,"AR",5,0,2,0,0,1e+05,0,35.3282,-94.4229,35.3282,-94.4229,0,0,0,0,0,131,0,0,0
664339,2022,4,11,"2022-04-11","15:42:00",3,"OK",40,0,1.75,0,0,50000,0,35.3354,-94.4398,35.3354,-94.4398,0,0,0,0,0,79,0,0,0
664340,2022,4,11,"2022-04-11","15:42:00",3,"AR",5,0,2.5,0,0,150000,0,35.3836,-94.4162,35.3836,-94.4162,0,0,0,0,0,131,0,0,0
664341,2022,4,11,"2022-04-11","15:49:00",3,"AR",5,0,0.75,0,0,0,0,35.4613,-94.3989,35.4613,-94.3989,0,0,0,0,0,33,0,0,0
664342,2022,4,11,"2022-04-11","15:54:00",3,"AR",5,0,0.75,0,0,0,0,35.48,-94.3178,35.48,-94.3178,0,0,0,0,0,33,0,0,0
664343,2022,4,11,"2022-04-11","16:09:00",3,"AR",5,0,2.5,0,0,125000,0,35.33,-94.18,35.33,-94.18,0,0,0,0,0,131,0,0,0
664344,2022,4,11,"2022-04-11","16:14:00",3,"AR",5,0,0.75,0,0,0,0,36.24,-93.12,36.24,-93.12,0,0,0,0,0,9,0,0,0
664345,2022,4,11,"2022-04-11","16:16:00",3,"AR",5,0,1.75,0,0,50000,0,35.2986,-94.0383,35.2986,-94.0383,0,0,0,0,0,47,0,0,0
664346,2022,4,11,"2022-04-11","16:21:00",3,"AR",5,0,2.25,0,0,1e+05,0,35.3,-94.08,35.3,-94.08,0,0,0,0,0,47,0,0,0
664347,2022,4,11,"2022-04-11","16:22:00",3,"AR",5,0,2,0,0,75000,0,35.2933,-94.1375,35.2933,-94.1375,0,0,0,0,0,131,0,0,0
664348,2022,4,11,"2022-04-11","16:28:00",3,"AR",5,0,1.75,0,0,0,0,35.31,-93.91,35.31,-93.91,0,0,0,0,0,83,0,0,0
664349,2022,4,11,"2022-04-11","16:28:00",3,"AR",5,0,1.75,0,0,75000,0,35.3062,-93.9206,35.3062,-93.9206,0,0,0,0,0,47,0,0,0
664350,2022,4,11,"2022-04-11","16:28:00",3,"AR",5,0,2.75,0,0,125000,0,35.3046,-93.9501,35.3046,-93.9501,0,0,0,0,0,47,0,0,0
664351,2022,4,11,"2022-04-11","16:30:00",3,"AR",5,0,3,0,0,150000,0,35.3,-94.03,35.3,-94.03,0,0,0,0,0,47,0,0,0
664352,2022,4,11,"2022-04-11","16:44:00",3,"AR",5,0,1,0,0,0,0,35.3599,-93.8596,35.3599,-93.8596,0,0,0,0,0,47,0,0,0
664353,2022,4,11,"2022-04-11","16:44:00",3,"AR",5,0,1,0,0,0,0,35.3,-93.87,35.3,-93.87,0,0,0,0,0,83,0,0,0
664354,2022,4,11,"2022-04-11","16:48:00",3,"AR",5,0,0.75,0,0,0,0,35.4,-94.1,35.4,-94.1,0,0,0,0,0,131,0,0,0
664355,2022,4,11,"2022-04-11","17:01:00",3,"OK",40,0,1,0,0,0,0,34.53,-96.22,34.53,-96.22,0,0,0,0,0,29,0,0,0
664356,2022,4,11,"2022-04-11","17:15:00",3,"AR",5,0,1,0,0,0,0,35.09,-92.78,35.09,-92.78,0,0,0,0,0,29,0,0,0
664357,2022,4,11,"2022-04-11","17:24:00",3,"AR",5,0,1.25,0,0,0,0,35.3,-93.87,35.3,-93.87,0,0,0,0,0,83,0,0,0
664358,2022,4,11,"2022-04-11","17:25:00",3,"OK",40,0,3,0,0,0,0,34.54,-96.31,34.54,-96.31,0,0,0,0,0,29,0,0,0
664359,2022,4,11,"2022-04-11","17:30:00",3,"OK",40,0,1,0,0,0,0,34.42,-96.49,34.42,-96.49,0,0,0,0,0,69,0,0,0
664360,2022,4,11,"2022-04-11","17:30:00",3,"OK",40,0,2.5,0,0,0,0,34.54,-96.15,34.54,-96.15,0,0,0,0,0,29,0,0,0
664361,2022,4,11,"2022-04-11","17:43:00",3,"OK",40,0,1,0,0,0,0,34.8776,-95.08,34.8776,-95.08,0,0,0,0,0,77,0,0,0
664362,2022,4,11,"2022-04-11","17:45:00",3,"OK",40,0,1.25,0,0,20000,0,34.8462,-95.0624,34.8462,-95.0624,0,0,0,0,0,77,0,0,0
664363,2022,4,11,"2022-04-11","17:51:00",3,"AR",5,0,0.75,0,0,0,0,35.3,-93.64,35.3,-93.64,0,0,0,0,0,83,0,0,0
664364,2022,4,11,"2022-04-11","17:52:00",3,"OK",40,0,1,0,0,0,0,34.43,-96.27,34.43,-96.27,0,0,0,0,0,29,0,0,0
664365,2022,4,11,"2022-04-11","17:56:00",3,"AR",5,0,1,0,0,0,0,35.01,-92.8,35.01,-92.8,0,0,0,0,0,105,0,0,0
664366,2022,4,11,"2022-04-11","18:01:00",3,"AR",5,0,1.75,0,0,0,0,35.03,-92.69,35.03,-92.69,0,0,0,0,0,105,0,0,0
664367,2022,4,11,"2022-04-11","18:03:00",3,"AR",5,0,1.75,0,0,0,0,35.29,-93.53,35.29,-93.53,0,0,0,0,0,83,0,0,0
664368,2022,4,11,"2022-04-11","18:05:00",3,"MO",29,0,1,0,0,0,0,36.24,-90.05,36.24,-90.05,0,0,0,0,0,69,0,0,0
664369,2022,4,11,"2022-04-11","18:08:00",3,"AR",5,0,2.5,0,0,2000,0,35.28,-93.42,35.28,-93.42,0,0,0,0,0,83,0,0,0
664370,2022,4,11,"2022-04-11","18:15:00",3,"OK",40,0,1.75,0,0,0,0,34.36,-96.21,34.36,-96.21,0,0,0,0,0,5,0,0,0
664371,2022,4,11,"2022-04-11","18:15:00",3,"OK",40,0,2,0,0,0,0,34.38,-96.13,34.38,-96.13,0,0,0,0,0,5,0,0,0
664372,2022,4,11,"2022-04-11","18:15:00",3,"AR",5,0,4.5,0,0,0,0,35.29,-93.42,35.29,-93.42,0,0,0,0,0,83,0,0,0
664373,2022,4,11,"2022-04-11","18:21:00",3,"AR",5,0,2.75,0,0,0,0,35.28,-93.32,35.28,-93.32,0,0,0,0,0,83,0,0,0
664374,2022,4,11,"2022-04-11","18:23:00",3,"AR",5,0,1,0,0,0,0,35.09,-92.45,35.09,-92.45,0,0,0,0,0,45,0,0,0
664375,2022,4,11,"2022-04-11","18:23:00",3,"OK",40,0,2,0,0,0,0,34.38,-96.13,34.38,-96.13,0,0,0,0,0,5,0,0,0
664376,2022,4,11,"2022-04-11","18:23:00",3,"MO",29,0,1,0,0,0,0,36.35,-89.81,36.35,-89.81,0,0,0,0,0,155,0,0,0
664377,2022,4,11,"2022-04-11","18:23:00",3,"MO",29,0,1.25,0,0,0,0,36.35,-89.82,36.35,-89.82,0,0,0,0,0,155,0,0,0
664378,2022,4,11,"2022-04-11","18:27:00",3,"AR",5,0,1,0,0,0,0,35.09,-92.45,35.09,-92.45,0,0,0,0,0,45,0,0,0
664379,2022,4,11,"2022-04-11","18:29:00",3,"AR",5,0,0.75,0,0,0,0,35.06,-92.47,35.06,-92.47,0,0,0,0,0,45,0,0,0
664380,2022,4,11,"2022-04-11","18:30:00",3,"OK",40,0,1,0,0,0,0,34.8491,-94.9095,34.8491,-94.9095,0,0,0,0,0,79,0,0,0
664381,2022,4,11,"2022-04-11","18:30:00",3,"MO",29,0,1,0,0,0,0,36.39,-89.66,36.39,-89.66,0,0,0,0,0,155,0,0,0
664382,2022,4,11,"2022-04-11","18:33:00",3,"AR",5,0,1,0,0,0,0,35.09,-92.45,35.09,-92.45,0,0,0,0,0,45,0,0,0
664383,2022,4,11,"2022-04-11","18:52:00",3,"AR",5,0,1,0,0,0,0,34.67,-93.06,34.67,-93.06,0,0,0,0,0,51,0,0,0
664384,2022,4,11,"2022-04-11","19:01:00",3,"AR",5,0,1,0,0,0,0,34.97,-92.42,34.97,-92.42,0,0,0,0,0,45,0,0,0
664385,2022,4,11,"2022-04-11","19:04:00",3,"AR",5,0,2.75,0,0,0,0,35.03,-92.42,35.03,-92.42,0,0,0,0,0,45,0,0,0
664386,2022,4,11,"2022-04-11","19:14:00",3,"AR",5,0,1.75,0,0,10000,0,35.07,-92.21,35.07,-92.21,0,0,0,0,0,45,0,0,0
664387,2022,4,11,"2022-04-11","19:15:00",3,"OK",40,0,1.75,0,0,75000,0,34.23,-95.62,34.23,-95.62,0,0,0,0,0,127,0,0,0
664388,2022,4,11,"2022-04-11","19:21:00",3,"AR",5,0,1,0,0,0,0,34.61,-92.77,34.61,-92.77,0,0,0,0,0,125,0,0,0
664389,2022,4,11,"2022-04-11","19:36:00",3,"AR",5,0,2,0,0,0,0,34.97,-92.02,34.97,-92.02,0,0,0,0,0,85,0,0,0
664390,2022,4,11,"2022-04-11","19:36:00",3,"AR",5,0,1,0,0,0,0,35,-91.98,35,-91.98,0,0,0,0,0,85,0,0,0
664391,2022,4,11,"2022-04-11","19:38:00",3,"AR",5,0,1,0,0,0,0,34.6,-92.58,34.6,-92.58,0,0,0,0,0,125,0,0,0
664392,2022,4,11,"2022-04-11","19:39:00",3,"OK",40,0,1,0,0,0,0,35.0535,-94.6217,35.0535,-94.6217,0,0,0,0,0,79,0,0,0
664393,2022,4,11,"2022-04-11","19:40:00",3,"AR",5,0,1.75,0,0,0,0,35,-91.98,35,-91.98,0,0,0,0,0,85,0,0,0
664394,2022,4,11,"2022-04-11","19:40:00",3,"AR",5,0,1.75,0,0,0,0,34.96,-92.09,34.96,-92.09,0,0,0,0,0,119,0,0,0
664395,2022,4,11,"2022-04-11","19:46:00",3,"AR",5,0,2,0,0,0,0,34.97,-92.02,34.97,-92.02,0,0,0,0,0,85,0,0,0
664396,2022,4,11,"2022-04-11","19:47:00",3,"AR",5,0,1,0,0,0,0,34.66,-92.59,34.66,-92.59,0,0,0,0,0,125,0,0,0
664397,2022,4,11,"2022-04-11","19:50:00",3,"AR",5,0,1,0,0,0,0,34.61,-92.49,34.61,-92.49,0,0,0,0,0,125,0,0,0
664398,2022,4,11,"2022-04-11","19:50:00",3,"AR",5,0,1,0,0,0,0,34.63,-92.47,34.63,-92.47,0,0,0,0,0,125,0,0,0
664399,2022,4,11,"2022-04-11","19:50:00",3,"AR",5,0,1.25,0,0,0,0,34.62,-92.48,34.62,-92.48,0,0,0,0,0,125,0,0,0
664400,2022,4,11,"2022-04-11","19:51:00",3,"AR",5,0,1,0,0,0,0,34.63,-92.46,34.63,-92.46,0,0,0,0,0,125,0,0,0
664401,2022,4,11,"2022-04-11","20:13:00",3,"AR",5,0,0.88,0,0,0,0,35.23,-92.38,35.23,-92.38,0,0,0,0,0,45,0,0,0
664402,2022,4,11,"2022-04-11","20:40:00",3,"AR",5,0,1.25,0,0,0,0,34.98,-91.51,34.98,-91.51,0,0,0,0,0,117,0,0,0
664403,2022,4,11,"2022-04-11","20:58:00",3,"AR",5,0,2,0,0,0,0,34.98,-91.51,34.98,-91.51,0,0,0,0,0,117,0,0,0
664404,2022,4,11,"2022-04-11","21:20:00",3,"AR",5,0,1.25,0,0,0,0,35.14,-91.92,35.14,-91.92,0,0,0,0,0,145,0,0,0
664405,2022,4,11,"2022-04-11","21:26:00",3,"AR",5,0,1,0,0,0,0,35.25,-91.89,35.25,-91.89,0,0,0,0,0,145,0,0,0
664406,2022,4,11,"2022-04-11","21:34:00",3,"AR",5,0,2.25,0,0,0,0,35.11,-91.82,35.11,-91.82,0,0,0,0,0,145,0,0,0
664407,2022,4,11,"2022-04-11","21:59:00",3,"AR",5,0,0.75,0,0,0,0,35.26,-91.88,35.26,-91.88,0,0,0,0,0,145,0,0,0
664408,2022,4,11,"2022-04-11","22:10:00",3,"AR",5,0,0.88,0,0,0,0,34.95,-90.47,34.95,-90.47,0,0,0,0,0,123,0,0,0
664409,2022,4,11,"2022-04-11","22:26:00",3,"AR",5,0,1.5,0,0,0,0,35.25,-91.75,35.25,-91.75,0,0,0,0,0,145,0,0,0
664410,2022,4,11,"2022-04-11","22:36:00",3,"AR",5,0,1.25,0,0,0,0,35.26,-91.7,35.26,-91.7,0,0,0,0,0,145,0,0,0
664411,2022,4,11,"2022-04-11","22:37:00",3,"AR",5,0,1.5,0,0,0,0,35.25,-91.71,35.25,-91.71,0,0,0,0,0,145,0,0,0
664412,2022,4,11,"2022-04-11","22:43:00",3,"AR",5,0,1.5,0,0,0,0,35.25,-91.71,35.25,-91.71,0,0,0,0,0,145,0,0,0
664413,2022,4,11,"2022-04-11","22:43:00",3,"MS",28,0,1,0,0,0,0,34.82,-90.31,34.82,-90.31,0,0,0,0,0,143,0,0,0
664414,2022,4,12,"2022-04-12","12:49:00",3,"MN",27,0,1,0,0,0,0,44.29,-93.29,44.29,-93.29,0,0,0,0,0,131,0,0,0
664415,2022,4,12,"2022-04-12","12:50:00",3,"MN",27,0,1.5,0,0,0,0,44.43,-93.2,44.4674,-93.1114,0,0,0,0,0,131,0,0,0
664416,2022,4,12,"2022-04-12","13:00:00",3,"MN",27,0,1.25,0,0,0,0,44.4713,-93.1198,44.4915,-93.0486,0,0,0,0,0,37,0,0,0
664417,2022,4,12,"2022-04-12","13:21:00",3,"MN",27,0,1,0,0,0,0,43.83,-92.48,43.83,-92.48,0,0,0,0,0,99,0,0,0
664418,2022,4,12,"2022-04-12","13:22:00",3,"MN",27,0,0.75,0,0,0,0,44.06,-92.48,44.06,-92.48,0,0,0,0,0,109,0,0,0
664419,2022,4,12,"2022-04-12","13:22:00",3,"MN",27,0,1,0,0,0,0,43.86,-92.49,43.86,-92.49,0,0,0,0,0,109,0,0,0
664420,2022,4,12,"2022-04-12","13:30:00",3,"MN",27,0,0.75,0,0,0,0,44.63,-92.65,44.63,-92.65,0,0,0,0,0,49,0,0,0
664421,2022,4,12,"2022-04-12","13:40:00",3,"MN",27,0,0.75,0,0,0,0,44.57,-92.54,44.57,-92.54,0,0,0,0,0,49,0,0,0
664422,2022,4,12,"2022-04-12","13:54:00",3,"MN",27,0,1,0,0,0,0,43.99,-91.87,43.99,-91.87,0,0,0,0,0,169,0,0,0
664423,2022,4,12,"2022-04-12","13:58:00",3,"MN",27,0,1,0,0,0,0,44.1,-91.82,44.1,-91.82,0,0,0,0,0,169,0,0,0
664424,2022,4,12,"2022-04-12","14:00:00",3,"MN",27,0,0.88,0,0,0,0,43.98,-91.71,43.98,-91.71,0,0,0,0,0,169,0,0,0
664425,2022,4,12,"2022-04-12","14:03:00",3,"MN",27,0,0.88,0,0,0,0,44.05,-91.67,44.05,-91.67,0,0,0,0,0,169,0,0,0
664426,2022,4,12,"2022-04-12","14:05:00",3,"MN",27,0,0.75,0,0,0,0,44.05,-91.66,44.05,-91.66,0,0,0,0,0,169,0,0,0
664427,2022,4,12,"2022-04-12","14:06:00",3,"MN",27,0,1,0,0,0,0,44.05,-91.64,44.05,-91.64,0,0,0,0,0,169,0,0,0
664428,2022,4,12,"2022-04-12","14:07:00",3,"MN",27,0,1,0,0,0,0,44.05,-91.66,44.05,-91.66,0,0,0,0,0,169,0,0,0
664429,2022,4,12,"2022-04-12","14:09:00",3,"MN",27,0,0.75,0,0,0,0,44.02,-91.63,44.02,-91.63,0,0,0,0,0,169,0,0,0
664430,2022,4,12,"2022-04-12","14:12:00",3,"MN",27,0,1,0,0,0,0,43.98,-91.6,43.98,-91.6,0,0,0,0,0,169,0,0,0
664431,2022,4,12,"2022-04-12","14:20:00",3,"WI",55,0,0.75,0,0,0,0,44.01,-91.44,44.01,-91.44,0,0,0,0,0,121,0,0,0
664432,2022,4,12,"2022-04-12","14:23:00",3,"WI",55,0,1,0,0,0,0,44.09,-91.36,44.09,-91.36,0,0,0,0,0,121,0,0,0
664433,2022,4,12,"2022-04-12","14:36:00",3,"TX",48,0,1.25,0,0,0,0,31.68,-98.79,31.68,-98.79,0,0,0,0,0,49,0,0,0
664434,2022,4,12,"2022-04-12","14:38:00",3,"TX",48,0,1,0,0,0,0,32,-98.94,32,-98.94,0,0,0,0,0,49,0,0,0
664435,2022,4,12,"2022-04-12","14:53:00",3,"WI",55,0,1,0,0,0,0,44.12,-90.8,44.12,-90.8,0,0,0,0,0,81,0,0,0
664436,2022,4,12,"2022-04-12","14:57:00",3,"TX",48,0,1.5,0,0,0,0,31.67,-98.33,31.67,-98.33,0,0,0,0,0,193,0,0,0
664437,2022,4,12,"2022-04-12","15:00:00",3,"TX",48,0,1.25,0,0,0,0,31.68,-98.79,31.68,-98.79,0,0,0,0,0,49,0,0,0
664438,2022,4,12,"2022-04-12","15:02:00",3,"WI",55,0,1.5,0,0,0,0,44.14,-90.58,44.14,-90.58,0,0,0,0,0,81,0,0,0
664439,2022,4,12,"2022-04-12","15:07:00",3,"WI",55,0,0.75,0,0,0,0,44.15,-90.5,44.15,-90.5,0,0,0,0,0,81,0,0,0
664440,2022,4,12,"2022-04-12","15:22:00",3,"TX",48,0,1,0,0,0,0,31.8,-98.23,31.8,-98.23,0,0,0,0,0,193,0,0,0
664441,2022,4,12,"2022-04-12","15:22:00",3,"TX",48,0,1.5,0,0,0,0,31.29,-98.08,31.29,-98.08,0,0,0,0,0,281,0,0,0
664442,2022,4,12,"2022-04-12","15:32:00",3,"WI",55,0,1,0,0,0,0,44.15,-90.02,44.15,-90.02,0,0,0,0,0,57,0,0,0
664443,2022,4,12,"2022-04-12","15:37:00",3,"WI",55,0,1,0,0,0,0,44.24,-89.88,44.24,-89.88,0,0,0,0,0,1,0,0,0
664444,2022,4,12,"2022-04-12","15:39:00",3,"TX",48,0,0.88,0,0,0,0,29.47,-98.74,29.47,-98.74,0,0,0,0,0,29,0,0,0
664445,2022,4,12,"2022-04-12","15:40:00",3,"WI",55,0,1,0,0,0,0,44.31,-89.88,44.31,-89.88,0,0,0,0,0,141,0,0,0
664446,2022,4,12,"2022-04-12","15:42:00",3,"WI",55,0,1,0,0,0,0,44.4,-89.83,44.4,-89.83,0,0,0,0,0,141,0,0,0
664447,2022,4,12,"2022-04-12","15:49:00",3,"TX",48,0,0.88,0,0,0,0,29.6,-98.63,29.6,-98.63,0,0,0,0,0,29,0,0,0
664448,2022,4,12,"2022-04-12","15:49:00",3,"WI",55,0,1,0,0,0,0,44.33,-89.84,44.33,-89.84,0,0,0,0,0,141,0,0,0
664449,2022,4,12,"2022-04-12","15:59:00",3,"TX",48,0,1,0,0,0,0,29.61,-98.56,29.61,-98.56,0,0,0,0,0,29,0,0,0
664450,2022,4,12,"2022-04-12","15:59:00",3,"WI",55,0,1,0,0,0,0,44.37,-89.83,44.37,-89.83,0,0,0,0,0,141,0,0,0
664451,2022,4,12,"2022-04-12","16:04:00",3,"TX",48,0,0.75,0,0,0,0,32.49,-97.75,32.49,-97.75,0,0,0,0,0,221,0,0,0
664452,2022,4,12,"2022-04-12","16:05:00",3,"WI",55,0,1,0,0,0,0,44.45,-89.53,44.45,-89.53,0,0,0,0,0,97,0,0,0
664453,2022,4,12,"2022-04-12","16:08:00",3,"TX",48,0,1,0,0,0,0,29.6326,-98.4798,29.6326,-98.4798,0,0,0,0,0,29,0,0,0
664454,2022,4,12,"2022-04-12","16:13:00",3,"TX",48,0,1.5,0,0,0,0,30.89,-97.93,30.89,-97.93,0,0,0,0,0,53,0,0,0
664455,2022,4,12,"2022-04-12","16:15:00",3,"IA",19,0,1.75,0,0,0,0,42.48,-95.78,42.48,-95.78,0,0,0,0,0,193,0,0,0
664456,2022,4,12,"2022-04-12","16:16:00",3,"WI",55,0,1,0,0,0,0,44.3,-89.17,44.3,-89.17,0,0,0,0,0,135,0,0,0
664457,2022,4,12,"2022-04-12","16:17:00",3,"IA",19,0,1,0,0,0,0,42.44,-94.87,42.44,-94.87,0,0,0,0,0,161,0,0,0
664458,2022,4,12,"2022-04-12","16:20:00",3,"WI",55,0,1.25,0,0,0,0,44.31,-89.1,44.31,-89.1,0,0,0,0,0,135,0,0,0
664459,2022,4,12,"2022-04-12","16:22:00",3,"IA",19,0,1,0,0,0,0,42.23,-96.1,42.23,-96.1,0,0,0,0,0,193,0,0,0
664460,2022,4,12,"2022-04-12","16:24:00",3,"IA",19,0,1.5,0,0,0,0,42.27,-96.09,42.27,-96.09,0,0,0,0,0,193,0,0,0
664461,2022,4,12,"2022-04-12","16:27:00",3,"IA",19,0,1.5,0,0,0,0,42.29,-96.01,42.29,-96.01,0,0,0,0,0,193,0,0,0
664462,2022,4,12,"2022-04-12","16:29:00",3,"IA",19,0,1,0,0,0,0,42.59,-94.84,42.59,-94.84,0,0,0,0,0,151,0,0,0
664463,2022,4,12,"2022-04-12","16:30:00",3,"IA",19,0,1,0,0,0,0,42.5842,-94.747,42.5842,-94.747,0,0,0,0,0,151,0,0,0
664464,2022,4,12,"2022-04-12","16:31:00",3,"SD",46,0,1,0,0,0,0,43.32,-98.34,43.32,-98.34,0,0,0,0,0,43,0,0,0
664465,2022,4,12,"2022-04-12","16:40:00",3,"SD",46,0,1.75,0,0,0,0,43.39,-98.21,43.39,-98.21,0,0,0,0,0,43,0,0,0
664466,2022,4,12,"2022-04-12","16:42:00",3,"TX",48,0,1,0,0,0,0,32.41,-97.42,32.41,-97.42,0,0,0,0,0,251,0,0,0
664467,2022,4,12,"2022-04-12","16:42:00",3,"WI",55,0,1,0,0,0,0,44.38,-88.75,44.38,-88.75,0,0,0,0,0,135,0,0,0
664468,2022,4,12,"2022-04-12","16:43:00",3,"SD",46,0,1.75,0,0,0,0,43.42,-98.2,43.42,-98.2,0,0,0,0,0,43,0,0,0
664469,2022,4,12,"2022-04-12","16:44:00",3,"WI",55,0,0.75,0,0,0,0,44.26,-88.86,44.26,-88.86,0,0,0,0,0,135,0,0,0
664470,2022,4,12,"2022-04-12","16:45:00",3,"TX",48,0,1,0,0,0,0,30.78,-97.85,30.78,-97.85,0,0,0,0,0,491,0,0,0
664471,2022,4,12,"2022-04-12","16:45:00",3,"TX",48,0,2,0,0,0,0,29.6626,-98.4199,29.6626,-98.4199,0,0,0,0,0,29,0,0,0
664472,2022,4,12,"2022-04-12","16:45:00",3,"WI",55,0,1.75,0,0,0,0,44.29,-88.53,44.29,-88.53,0,0,0,0,0,87,0,0,0
664473,2022,4,12,"2022-04-12","16:47:00",3,"WI",55,0,1.25,0,0,0,0,44.33,-88.63,44.33,-88.63,0,0,0,0,0,87,0,0,0
664474,2022,4,12,"2022-04-12","16:48:00",3,"TX",48,0,0.75,0,0,0,0,32.88,-97.43,32.88,-97.43,0,0,0,0,0,439,0,0,0
664475,2022,4,12,"2022-04-12","16:48:00",3,"IA",19,0,1,0,0,0,0,42.63,-94.76,42.63,-94.76,0,0,0,0,0,151,0,0,0
664476,2022,4,12,"2022-04-12","16:49:00",3,"SD",46,0,1.75,0,0,0,0,43.3,-98.2,43.3,-98.2,0,0,0,0,0,43,0,0,0
664477,2022,4,12,"2022-04-12","16:50:00",3,"IA",19,0,0.88,0,0,0,0,43.33,-95.15,43.33,-95.15,0,0,0,0,0,59,0,0,0
664478,2022,4,12,"2022-04-12","16:50:00",3,"TX",48,0,4,0,0,1e+06,0,30.95,-97.54,30.95,-97.54,0,0,0,0,0,27,0,0,0
664479,2022,4,12,"2022-04-12","16:51:00",3,"WI",55,0,1.5,0,0,0,0,44.33,-88.56,44.33,-88.56,0,0,0,0,0,87,0,0,0
664480,2022,4,12,"2022-04-12","16:52:00",3,"IA",19,0,1,0,0,0,0,42.74,-94.68,42.74,-94.68,0,0,0,0,0,151,0,0,0
664481,2022,4,12,"2022-04-12","16:52:00",3,"WI",55,0,1,0,0,0,0,44.32,-88.62,44.32,-88.62,0,0,0,0,0,87,0,0,0
664482,2022,4,12,"2022-04-12","16:53:00",3,"WI",55,0,1,0,0,0,0,44.33,-88.54,44.33,-88.54,0,0,0,0,0,87,0,0,0
664483,2022,4,12,"2022-04-12","16:53:00",3,"SD",46,0,0.88,0,0,0,0,43.37,-96.95,43.37,-96.95,0,0,0,0,0,125,0,0,0
664484,2022,4,12,"2022-04-12","16:54:00",3,"WI",55,0,1,0,0,0,0,44.29,-88.53,44.29,-88.53,0,0,0,0,0,87,0,0,0
664485,2022,4,12,"2022-04-12","16:54:00",3,"WI",55,0,0.75,0,0,0,0,44.26,-88.4,44.26,-88.4,0,0,0,0,0,87,0,0,0
664486,2022,4,12,"2022-04-12","16:55:00",3,"WI",55,0,1,0,0,0,0,44.36,-88.48,44.36,-88.48,0,0,0,0,0,87,0,0,0
664487,2022,4,12,"2022-04-12","16:55:00",3,"IA",19,0,0.88,0,0,0,0,43.37,-95.17,43.37,-95.17,0,0,0,0,0,59,0,0,0
664488,2022,4,12,"2022-04-12","16:56:00",3,"IA",19,0,1.5,0,0,0,0,43.32,-94.79,43.32,-94.79,0,0,0,0,0,63,0,0,0
664489,2022,4,12,"2022-04-12","16:56:00",3,"WI",55,0,1.25,0,0,0,0,44.29,-88.53,44.29,-88.53,0,0,0,0,0,87,0,0,0
664490,2022,4,12,"2022-04-12","16:57:00",3,"IA",19,0,1,0,0,0,0,42.34,-95.47,42.34,-95.47,0,0,0,0,0,93,0,0,0
664491,2022,4,12,"2022-04-12","16:57:00",3,"IA",19,0,1,0,0,0,0,42.34,-95.47,42.34,-95.47,0,0,0,0,0,93,0,0,0
664492,2022,4,12,"2022-04-12","16:58:00",3,"TX",48,0,0.88,0,0,0,0,31.48,-97.31,31.48,-97.31,0,0,0,0,0,309,0,0,0
664493,2022,4,12,"2022-04-12","16:59:00",3,"TX",48,0,1,0,0,0,0,32.93,-97.38,32.93,-97.38,0,0,0,0,0,439,0,0,0
664494,2022,4,12,"2022-04-12","16:59:00",3,"WI",55,0,1,0,0,0,0,44.39,-88.42,44.39,-88.42,0,0,0,0,0,87,0,0,0
664495,2022,4,12,"2022-04-12","17:00:00",3,"TX",48,0,5.68,0,0,5e+05,0,30.96,-97.54,30.96,-97.54,0,0,0,0,0,27,0,0,0
664496,2022,4,12,"2022-04-12","17:00:00",3,"TX",48,0,1,0,0,0,0,32.98,-97.34,32.98,-97.34,0,0,0,0,0,439,0,0,0
664497,2022,4,12,"2022-04-12","17:00:00",3,"TX",48,0,1,0,0,0,0,32.86,-97.37,32.86,-97.37,0,0,0,0,0,439,0,0,0
664498,2022,4,12,"2022-04-12","17:01:00",3,"IA",19,0,1.25,0,0,0,0,42.92,-95.24,42.92,-95.24,0,0,0,0,0,41,0,0,0
664499,2022,4,12,"2022-04-12","17:05:00",3,"SD",46,0,2,0,0,0,0,43.39,-97.99,43.39,-97.99,0,0,0,0,0,67,0,0,0
664500,2022,4,12,"2022-04-12","17:05:00",3,"SD",46,0,1.75,0,0,0,0,43.39,-97.99,43.39,-97.99,0,0,0,0,0,67,0,0,0
664501,2022,4,12,"2022-04-12","17:06:00",3,"TX",48,0,1,0,0,0,0,31.07,-97.81,31.07,-97.81,0,0,0,0,0,27,0,0,0
664502,2022,4,12,"2022-04-12","17:06:00",3,"TX",48,0,1.25,0,0,0,0,32.97,-97.27,32.97,-97.27,0,0,0,0,0,439,0,0,0
664503,2022,4,12,"2022-04-12","17:08:00",3,"SD",46,0,2.5,0,0,0,0,43.48,-97.99,43.48,-97.99,0,0,0,0,0,67,0,0,0
664504,2022,4,12,"2022-04-12","17:08:00",3,"IA",19,0,0.88,0,0,0,0,43.15,-95.15,43.15,-95.15,0,0,0,0,0,41,0,0,0
664505,2022,4,12,"2022-04-12","17:08:00",3,"SD",46,0,2,0,0,0,0,43.39,-97.99,43.39,-97.99,0,0,0,0,0,67,0,0,0
664506,2022,4,12,"2022-04-12","17:09:00",3,"SD",46,0,1.5,0,0,0,0,43.4,-97.97,43.4,-97.97,0,0,0,0,0,67,0,0,0
664507,2022,4,12,"2022-04-12","17:10:00",3,"WI",55,0,0.88,0,0,0,0,44.32,-88.37,44.32,-88.37,0,0,0,0,0,87,0,0,0
664508,2022,4,12,"2022-04-12","17:10:00",3,"TX",48,0,3,0,0,250000,0,31.02,-97.5,31.02,-97.5,0,0,0,0,0,27,0,0,0
664509,2022,4,12,"2022-04-12","17:12:00",3,"TX",48,0,1,0,0,0,0,33.03,-97.21,33.03,-97.21,0,0,0,0,0,121,0,0,0
664510,2022,4,12,"2022-04-12","17:12:00",3,"TX",48,0,1.75,0,0,0,0,31,-97.54,31,-97.54,0,0,0,0,0,27,0,0,0
664511,2022,4,12,"2022-04-12","17:13:00",3,"LA",22,0,1,0,0,0,0,30.63,-90.2,30.63,-90.2,0,0,0,0,0,103,0,0,0
664512,2022,4,12,"2022-04-12","17:13:00",3,"SD",46,0,2,0,0,0,0,43.39,-97.89,43.39,-97.89,0,0,0,0,0,67,0,0,0
664513,2022,4,12,"2022-04-12","17:14:00",3,"TX",48,0,1.25,0,0,0,0,30.97,-97.54,30.97,-97.54,0,0,0,0,0,27,0,0,0
664514,2022,4,12,"2022-04-12","17:15:00",3,"TX",48,0,1.75,0,0,25000,0,31.11,-97.75,31.11,-97.75,0,0,0,0,0,27,0,0,0
664515,2022,4,12,"2022-04-12","17:15:00",3,"SD",46,0,1,0,0,0,0,43.55,-96.71,43.55,-96.71,0,0,0,0,0,99,0,0,0
664516,2022,4,12,"2022-04-12","17:15:00",3,"WI",55,0,1,0,0,0,0,44.42,-88.02,44.42,-88.02,0,0,0,0,0,9,0,0,0
664517,2022,4,12,"2022-04-12","17:17:00",3,"TX",48,0,1,0,0,0,0,33.02,-97.27,33.02,-97.27,0,0,0,0,0,121,0,0,0
664518,2022,4,12,"2022-04-12","17:19:00",3,"TX",48,0,1.75,0,0,25000,0,31.01,-97.48,31.01,-97.48,0,0,0,0,0,27,0,0,0
664519,2022,4,12,"2022-04-12","17:21:00",3,"SD",46,0,1.25,0,0,0,0,43.46,-97.81,43.46,-97.81,0,0,0,0,0,67,0,0,0
664520,2022,4,12,"2022-04-12","17:22:00",3,"WI",55,0,1,0,0,0,0,44.45,-88.05,44.45,-88.05,0,0,0,0,0,9,0,0,0
664521,2022,4,12,"2022-04-12","17:22:00",3,"SD",46,0,1.75,0,0,0,0,43.45,-97.8,43.45,-97.8,0,0,0,0,0,67,0,0,0
664522,2022,4,12,"2022-04-12","17:23:00",3,"TX",48,0,1.25,0,0,0,0,31.11,-97.87,31.11,-97.87,0,0,0,0,0,99,0,0,0
664523,2022,4,12,"2022-04-12","17:24:00",3,"WI",55,0,0.75,0,0,0,0,44.44,-88.02,44.44,-88.02,0,0,0,0,0,9,0,0,0
664524,2022,4,12,"2022-04-12","17:26:00",3,"SD",46,0,2.75,0,0,0,0,43.4,-97.71,43.4,-97.71,0,0,0,0,0,67,0,0,0
664525,2022,4,12,"2022-04-12","17:27:00",3,"TX",48,0,1.25,0,0,0,0,31.09,-97.77,31.09,-97.77,0,0,0,0,0,27,0,0,0
664526,2022,4,12,"2022-04-12","17:28:00",3,"MN",27,0,1.25,0,0,0,0,43.51,-94.99,43.51,-94.99,0,0,0,0,0,63,0,0,0
664527,2022,4,12,"2022-04-12","17:29:00",3,"IA",19,0,2.5,0,0,0,0,42.7801,-94.4792,42.7801,-94.4792,0,0,0,0,0,151,0,0,0
664528,2022,4,12,"2022-04-12","17:29:00",3,"IA",19,0,2.5,0,0,0,0,42.7745,-94.4675,42.7745,-94.4675,0,0,0,0,0,151,0,0,0
664529,2022,4,12,"2022-04-12","17:29:00",3,"TX",48,0,1.75,0,0,25000,0,31.1251,-97.7987,31.1251,-97.7987,0,0,0,0,0,27,0,0,0
664530,2022,4,12,"2022-04-12","17:30:00",3,"TX",48,0,1.75,0,0,25000,0,31.03,-97.47,31.03,-97.47,0,0,0,0,0,27,0,0,0
664531,2022,4,12,"2022-04-12","17:30:00",3,"WI",55,0,1,0,0,0,0,44.34,-87.83,44.34,-87.83,0,0,0,0,0,9,0,0,0
664532,2022,4,12,"2022-04-12","17:30:00",3,"SD",46,0,2.75,0,0,0,0,43.41,-97.66,43.41,-97.66,0,0,0,0,0,67,0,0,0
664533,2022,4,12,"2022-04-12","17:35:00",3,"WI",55,0,0.75,0,0,0,0,44.43,-87.93,44.43,-87.93,0,0,0,0,0,9,0,0,0
664534,2022,4,12,"2022-04-12","17:40:00",3,"TX",48,0,1,0,0,0,0,31.15,-97.93,31.15,-97.93,0,0,0,0,0,99,0,0,0
664535,2022,4,12,"2022-04-12","17:40:00",3,"TX",48,0,0.75,0,0,0,0,31.08,-97.63,31.08,-97.63,0,0,0,0,0,27,0,0,0
664536,2022,4,12,"2022-04-12","17:40:00",3,"TX",48,0,2,0,0,25000,0,31.05,-97.49,31.05,-97.49,0,0,0,0,0,27,0,0,0
664537,2022,4,12,"2022-04-12","17:41:00",3,"IA",19,0,1.25,0,0,0,0,42.73,-94.46,42.73,-94.46,0,0,0,0,0,151,0,0,0
664538,2022,4,12,"2022-04-12","17:44:00",3,"NE",31,0,1.5,0,0,0,0,41.71,-96.83,41.71,-96.83,0,0,0,0,0,53,0,0,0
664539,2022,4,12,"2022-04-12","17:45:00",3,"SD",46,0,1.75,0,0,0,0,43.61,-97.56,43.61,-97.56,0,0,0,0,0,87,0,0,0
664540,2022,4,12,"2022-04-12","17:46:00",3,"TX",48,0,2.25,0,0,25000,0,31.06,-97.53,31.06,-97.53,0,0,0,0,0,27,0,0,0
664541,2022,4,12,"2022-04-12","17:46:00",3,"TX",48,0,1.75,0,0,25000,0,31.13,-97.73,31.13,-97.73,0,0,0,0,0,27,0,0,0
664542,2022,4,12,"2022-04-12","17:48:00",3,"NE",31,0,1,0,0,0,0,41.47,-96.78,41.47,-96.78,0,0,0,0,0,53,0,0,0
664543,2022,4,12,"2022-04-12","17:50:00",3,"IA",19,0,1,0,0,0,0,42.87,-94.29,42.87,-94.29,0,0,0,0,0,91,0,0,0
664544,2022,4,12,"2022-04-12","17:50:00",3,"MN",27,0,1.25,0,0,0,0,43.7002,-94.774,43.7002,-94.774,0,0,0,0,0,91,0,0,0
664545,2022,4,12,"2022-04-12","17:50:00",3,"WI",55,0,1,0,0,0,0,44.46,-87.5,44.46,-87.5,0,0,0,0,0,61,0,0,0
664546,2022,4,12,"2022-04-12","17:51:00",3,"NE",31,0,1,0,0,0,0,41.84,-96.71,41.84,-96.71,0,0,0,0,0,39,0,0,0
664547,2022,4,12,"2022-04-12","17:51:00",3,"NE",31,0,1,0,0,0,0,41.08,-97.02,41.08,-97.02,0,0,0,0,0,23,0,0,0
664548,2022,4,12,"2022-04-12","17:52:00",3,"IA",19,0,1,0,0,0,0,42.89,-94.27,42.89,-94.27,0,0,0,0,0,91,0,0,0
664549,2022,4,12,"2022-04-12","17:53:00",3,"TX",48,0,1.25,0,0,0,0,31.12,-97.69,31.12,-97.69,0,0,0,0,0,27,0,0,0
664550,2022,4,12,"2022-04-12","17:54:00",3,"TX",48,0,0.75,0,0,0,0,31.55,-96.82,31.55,-96.82,0,0,0,0,0,293,0,0,0
664551,2022,4,12,"2022-04-12","17:58:00",3,"NE",31,0,1,0,0,0,0,40.77,-97.06,40.77,-97.06,0,0,0,0,0,159,0,0,0
664552,2022,4,12,"2022-04-12","17:59:00",3,"MN",27,0,1,0,0,0,0,43.98,-96.29,43.98,-96.29,0,0,0,0,0,117,0,0,0
664553,2022,4,12,"2022-04-12","17:59:00",3,"MN",27,0,1.5,0,0,0,0,43.95,-96.21,43.95,-96.21,0,0,0,0,0,117,0,0,0
664554,2022,4,12,"2022-04-12","18:00:00",3,"MN",27,0,1.25,0,0,0,0,43.76,-94.71,43.76,-94.71,0,0,0,0,0,91,0,0,0
664555,2022,4,12,"2022-04-12","18:03:00",3,"TX",48,0,1.75,0,0,25000,0,31.09,-97.31,31.09,-97.31,0,0,0,0,0,27,0,0,0
664556,2022,4,12,"2022-04-12","18:03:00",3,"MN",27,0,1,0,0,0,0,43.89,-94.16,43.89,-94.16,0,0,0,0,0,13,0,0,0
664557,2022,4,12,"2022-04-12","18:05:00",3,"MN",27,0,1.25,0,0,0,0,43.8069,-94.607,43.8069,-94.607,0,0,0,0,0,91,0,0,0
664558,2022,4,12,"2022-04-12","18:05:00",3,"MN",27,0,1.75,0,0,0,0,43.98,-96.19,43.98,-96.19,0,0,0,0,0,117,0,0,0
664559,2022,4,12,"2022-04-12","18:06:00",3,"NE",31,0,1.5,0,0,0,0,40.8,-97.05,40.8,-97.05,0,0,0,0,0,159,0,0,0
664560,2022,4,12,"2022-04-12","18:07:00",3,"TX",48,0,1,0,0,0,0,31.05,-97.51,31.05,-97.51,0,0,0,0,0,27,0,0,0
664561,2022,4,12,"2022-04-12","18:09:00",3,"MN",27,0,1.5,0,0,0,0,43.96,-94.17,43.96,-94.17,0,0,0,0,0,13,0,0,0
664562,2022,4,12,"2022-04-12","18:10:00",3,"MN",27,0,1,0,0,0,0,43.95,-94.17,43.95,-94.17,0,0,0,0,0,13,0,0,0
664563,2022,4,12,"2022-04-12","18:11:00",3,"NE",31,0,1.25,0,0,0,0,40.65,-97.11,40.65,-97.11,0,0,0,0,0,151,0,0,0
664564,2022,4,12,"2022-04-12","18:15:00",3,"NE",31,0,1.25,0,0,0,0,41,-96.91,41,-96.91,0,0,0,0,0,109,0,0,0
664565,2022,4,12,"2022-04-12","18:15:00",3,"SD",46,0,1,0,0,0,0,44.33,-96.98,44.33,-96.98,0,0,0,0,0,11,0,0,0
664566,2022,4,12,"2022-04-12","18:16:00",3,"MN",27,0,1,0,0,0,0,43.5699,-94.3611,43.5699,-94.3611,0,0,0,0,0,91,0,0,0
664567,2022,4,12,"2022-04-12","18:18:00",3,"TX",48,0,1,0,0,0,0,31.08,-97.46,31.08,-97.46,0,0,0,0,0,27,0,0,0
664568,2022,4,12,"2022-04-12","18:25:00",3,"NE",31,0,1,0,0,0,0,41.19,-96.62,41.19,-96.62,0,0,0,0,0,155,0,0,0
664569,2022,4,12,"2022-04-12","18:25:00",3,"TX",48,0,1.75,0,0,25000,0,31.06,-97.33,31.06,-97.33,0,0,0,0,0,27,0,0,0
664570,2022,4,12,"2022-04-12","18:26:00",3,"MN",27,0,0.75,0,0,0,0,44.16,-94.03,44.16,-94.03,0,0,0,0,0,13,0,0,0
664571,2022,4,12,"2022-04-12","18:27:00",3,"IA",19,0,1.25,0,0,0,0,43.08,-94.23,43.08,-94.23,0,0,0,0,0,109,0,0,0
664572,2022,4,12,"2022-04-12","18:30:00",3,"MN",27,0,1.5,0,0,0,0,43.99,-94.24,43.99,-94.24,0,0,0,0,0,13,0,0,0
664573,2022,4,12,"2022-04-12","18:30:00",3,"IA",19,0,1.75,0,0,0,0,43.08,-94.23,43.08,-94.23,0,0,0,0,0,109,0,0,0
664574,2022,4,12,"2022-04-12","18:30:00",3,"MN",27,0,1.5,0,0,0,0,44.24,-95.88,44.24,-95.88,0,0,0,0,0,83,0,0,0
664575,2022,4,12,"2022-04-12","18:31:00",3,"MN",27,0,1.25,0,0,0,0,44.24,-95.87,44.24,-95.87,0,0,0,0,0,83,0,0,0
664576,2022,4,12,"2022-04-12","18:32:00",3,"TX",48,0,1,0,0,0,0,31.05,-97.17,31.05,-97.17,0,0,0,0,0,27,0,0,0
664577,2022,4,12,"2022-04-12","18:32:00",3,"KS",20,0,1.5,0,0,0,0,39.59,-97.56,39.59,-97.56,0,0,0,0,0,29,0,0,0
664578,2022,4,12,"2022-04-12","18:35:00",3,"KS",20,0,1,0,0,0,0,39.46,-97.66,39.46,-97.66,0,0,0,0,0,29,0,0,0
664579,2022,4,12,"2022-04-12","18:37:00",3,"IA",19,0,1.75,0,0,0,0,42.93,-93.79,42.93,-93.79,0,0,0,0,0,81,0,0,0
664580,2022,4,12,"2022-04-12","18:38:00",3,"IA",19,0,1,0,0,0,0,43.2232,-94.3649,43.2232,-94.3649,0,0,0,0,0,147,0,0,0
664581,2022,4,12,"2022-04-12","18:40:00",3,"MN",27,0,1.5,0,0,0,0,44.5287,-94.46,44.5287,-94.46,0,0,0,0,0,143,0,0,0
664582,2022,4,12,"2022-04-12","18:40:00",3,"MN",27,0,1,0,0,0,0,43.77,-94.02,43.77,-94.02,0,0,0,0,0,43,0,0,0
664583,2022,4,12,"2022-04-12","18:40:00",3,"MN",27,0,1,0,0,0,0,44.07,-93.25,44.07,-93.25,0,0,0,0,0,147,0,0,0
664584,2022,4,12,"2022-04-12","18:44:00",3,"KS",20,0,1,0,0,0,0,39.82,-97.39,39.82,-97.39,0,0,0,0,0,157,0,0,0
664585,2022,4,12,"2022-04-12","18:46:00",3,"MN",27,0,1,0,0,0,0,44.09,-93.22,44.09,-93.22,0,0,0,0,0,147,0,0,0
664586,2022,4,12,"2022-04-12","18:49:00",3,"TX",48,0,1,0,0,0,0,31.01,-97.49,31.01,-97.49,0,0,0,0,0,27,0,0,0
664587,2022,4,12,"2022-04-12","18:50:00",3,"TX",48,0,1,0,0,0,0,31.11,-97.42,31.11,-97.42,0,0,0,0,0,27,0,0,0
664588,2022,4,12,"2022-04-12","18:50:00",3,"IA",19,0,1,0,0,0,0,43.1,-93.8,43.1,-93.8,0,0,0,0,0,81,0,0,0
664589,2022,4,12,"2022-04-12","18:50:00",3,"KS",20,0,0.88,0,0,0,0,39.7,-97.42,39.7,-97.42,0,0,0,0,0,157,0,0,0
664590,2022,4,12,"2022-04-12","18:51:00",3,"KS",20,0,1.5,0,0,0,0,39.61,-97.44,39.61,-97.44,0,0,0,0,0,29,0,0,0
664591,2022,4,12,"2022-04-12","18:52:00",3,"MN",27,0,0.75,0,0,0,0,44.14,-94,44.14,-94,0,0,0,0,0,13,0,0,0
664592,2022,4,12,"2022-04-12","18:52:00",3,"IA",19,0,2,0,0,0,0,43.31,-94.22,43.31,-94.22,0,0,0,0,0,109,0,0,0
664593,2022,4,12,"2022-04-12","18:55:00",3,"MN",27,0,1,0,0,0,0,44.15,-94.03,44.15,-94.03,0,0,0,0,0,13,0,0,0
664594,2022,4,12,"2022-04-12","18:55:00",3,"TX",48,0,2,0,0,25000,0,31.02,-97,31.02,-97,0,0,0,0,0,331,0,0,0
664595,2022,4,12,"2022-04-12","18:55:00",3,"TX",48,0,1.75,0,0,20000,0,31.05,-97.1,31.05,-97.1,0,0,0,0,0,145,0,0,0
664596,2022,4,12,"2022-04-12","18:55:00",3,"MN",27,0,1.25,0,0,0,0,44.17,-94,44.17,-94,0,0,0,0,0,13,0,0,0
664597,2022,4,12,"2022-04-12","18:57:00",3,"TX",48,0,1,0,0,0,0,31.08,-96.97,31.08,-96.97,0,0,0,0,0,145,0,0,0
664598,2022,4,12,"2022-04-12","19:00:00",3,"IA",19,0,1.75,0,0,0,0,43.1,-93.6,43.1,-93.6,0,0,0,0,0,81,0,0,0
664599,2022,4,12,"2022-04-12","19:00:00",3,"MN",27,0,1,0,0,0,0,44.14,-94.03,44.14,-94.03,0,0,0,0,0,13,0,0,0
664600,2022,4,12,"2022-04-12","19:00:00",3,"MN",27,0,1.25,0,0,0,0,44.16,-94.03,44.16,-94.03,0,0,0,0,0,13,0,0,0
664601,2022,4,12,"2022-04-12","19:02:00",3,"MN",27,0,1,0,0,0,0,44.17,-94.02,44.17,-94.02,0,0,0,0,0,103,0,0,0
664602,2022,4,12,"2022-04-12","19:03:00",3,"MN",27,0,1,0,0,0,0,44.19,-93.98,44.19,-93.98,0,0,0,0,0,13,0,0,0
664603,2022,4,12,"2022-04-12","19:05:00",3,"MN",27,0,1.75,0,0,0,0,44.19,-93.96,44.19,-93.96,0,0,0,0,0,13,0,0,0
664604,2022,4,12,"2022-04-12","19:06:00",3,"KS",20,0,1,0,0,0,0,39.62,-97.49,39.62,-97.49,0,0,0,0,0,29,0,0,0
664605,2022,4,12,"2022-04-12","19:07:00",3,"KS",20,0,1,0,0,0,0,39.12,-97.76,39.12,-97.76,0,0,0,0,0,143,0,0,0
664606,2022,4,12,"2022-04-12","19:07:00",3,"KS",20,0,1,0,0,0,0,39.58,-97.41,39.58,-97.41,0,0,0,0,0,29,0,0,0
664607,2022,4,12,"2022-04-12","19:10:00",3,"TX",48,0,1.25,0,0,0,0,30.99,-97.22,30.99,-97.22,0,0,0,0,0,27,0,0,0
664608,2022,4,12,"2022-04-12","19:11:00",3,"IA",19,0,1,0,0,0,0,43.13,-93.46,43.13,-93.46,0,0,0,0,0,33,0,0,0
664609,2022,4,12,"2022-04-12","19:18:00",3,"IA",19,0,1,0,0,0,0,41.64,-95.79,41.64,-95.79,0,0,0,0,0,85,0,0,0
664610,2022,4,12,"2022-04-12","19:22:00",3,"KS",20,0,1.25,0,0,0,0,39.12,-97.7,39.12,-97.7,0,0,0,0,0,143,0,0,0
664611,2022,4,12,"2022-04-12","19:22:00",3,"KS",20,0,1,0,0,0,0,39.63,-97.14,39.63,-97.14,0,0,0,0,0,201,0,0,0
664612,2022,4,12,"2022-04-12","19:27:00",3,"KS",20,0,1,0,0,0,0,39.12,-97.71,39.12,-97.71,0,0,0,0,0,143,0,0,0
664613,2022,4,12,"2022-04-12","19:36:00",3,"TX",48,0,1,0,0,0,0,31.09,-96.98,31.09,-96.98,0,0,0,0,0,145,0,0,0
664614,2022,4,12,"2022-04-12","19:36:00",3,"NE",31,0,1,0,0,0,0,41.11,-95.95,41.11,-95.95,0,0,0,0,0,153,0,0,0
664615,2022,4,12,"2022-04-12","19:36:00",3,"IA",19,0,1.75,0,0,0,0,42.9865,-93.7945,42.9865,-93.7945,0,0,0,0,0,81,0,0,0
664616,2022,4,12,"2022-04-12","19:36:00",3,"IA",19,0,1.75,0,0,0,0,42.9681,-93.7927,42.9681,-93.7927,0,0,0,0,0,81,0,0,0
664617,2022,4,12,"2022-04-12","19:40:00",3,"IA",19,0,1.5,0,0,0,0,43.3811,-94.2132,43.3811,-94.2132,0,0,0,0,0,109,0,0,0
664618,2022,4,12,"2022-04-12","19:42:00",3,"MN",27,0,0.75,0,0,0,0,45.03,-93.11,45.03,-93.11,0,0,0,0,0,123,0,0,0
664619,2022,4,12,"2022-04-12","19:43:00",3,"TX",48,0,1,0,0,0,0,30.94,-96.99,30.94,-96.99,0,0,0,0,0,331,0,0,0
664620,2022,4,12,"2022-04-12","19:45:00",3,"TX",48,0,2.5,0,0,50000,0,31.01,-97.03,31.01,-97.03,0,0,0,0,0,145,0,0,0
664621,2022,4,12,"2022-04-12","19:48:00",3,"KS",20,0,1,0,0,0,0,39.73,-96.98,39.73,-96.98,0,0,0,0,0,201,0,0,0
664622,2022,4,12,"2022-04-12","19:50:00",3,"TX",48,0,1.25,0,0,0,0,31,-96.92,31,-96.92,0,0,0,0,0,331,0,0,0
664623,2022,4,12,"2022-04-12","19:50:00",3,"IA",19,0,1,0,0,0,0,43.17,-93.2,43.17,-93.2,0,0,0,0,0,33,0,0,0
664624,2022,4,12,"2022-04-12","19:50:00",3,"KS",20,0,1.25,0,0,0,0,39.71,-96.87,39.71,-96.87,0,0,0,0,0,201,0,0,0
664625,2022,4,12,"2022-04-12","19:52:00",3,"MN",27,0,1,0,0,0,0,44.89,-94.37,44.89,-94.37,0,0,0,0,0,85,0,0,0
664626,2022,4,12,"2022-04-12","19:55:00",3,"KS",20,0,0.75,0,0,0,0,38.9,-97.74,38.9,-97.74,0,0,0,0,0,169,0,0,0
664627,2022,4,12,"2022-04-12","19:57:00",3,"NE",31,0,1,0,0,0,0,41.01,-95.89,41.01,-95.89,0,0,0,0,0,25,0,0,0
664628,2022,4,12,"2022-04-12","19:59:00",3,"MN",27,0,0.88,0,0,0,0,45.17,-92.99,45.17,-92.99,0,0,0,0,0,163,0,0,0
664629,2022,4,12,"2022-04-12","19:59:00",3,"KS",20,0,1,0,0,0,0,39.38,-97.12,39.38,-97.12,0,0,0,0,0,27,0,0,0
664630,2022,4,12,"2022-04-12","20:00:00",3,"KS",20,0,1.75,0,0,0,0,38.61,-97.97,38.61,-97.97,0,0,0,0,0,53,0,0,0
664631,2022,4,12,"2022-04-12","20:00:00",3,"KS",20,0,1.75,0,0,0,0,38.4,-98.14,38.4,-98.14,0,0,0,0,0,159,0,0,0
664632,2022,4,12,"2022-04-12","20:06:00",3,"MN",27,0,0.75,0,0,0,0,45.26,-92.99,45.26,-92.99,0,0,0,0,0,163,0,0,0
664633,2022,4,12,"2022-04-12","20:09:00",3,"NE",31,0,1,0,0,0,0,40.24,-96.41,40.24,-96.41,0,0,0,0,0,133,0,0,0
664634,2022,4,12,"2022-04-12","20:11:00",3,"IA",19,0,1,0,0,0,0,43.3551,-93.0694,43.3551,-93.0694,0,0,0,0,0,195,0,0,0
664635,2022,4,12,"2022-04-12","20:13:00",3,"KS",20,0,0.88,0,0,0,0,39.69,-96.75,39.69,-96.75,0,0,0,0,0,117,0,0,0
664636,2022,4,12,"2022-04-12","20:15:00",3,"MN",27,0,0.75,0,0,0,0,44.39,-93.73,44.39,-93.73,0,0,0,0,0,79,0,0,0
664637,2022,4,12,"2022-04-12","20:15:00",3,"KS",20,0,1,0,0,0,0,38.8,-97.61,38.8,-97.61,0,0,0,0,0,169,0,0,0
664638,2022,4,12,"2022-04-12","20:15:00",3,"KS",20,0,1.25,0,0,0,0,38.42,-98.02,38.42,-98.02,0,0,0,0,0,159,0,0,0
664639,2022,4,12,"2022-04-12","20:23:00",3,"IA",19,0,1,0,0,0,0,43.09,-93.34,43.09,-93.34,0,0,0,0,0,33,0,0,0
664640,2022,4,12,"2022-04-12","20:24:00",3,"NE",31,0,1,0,0,0,0,40.4,-96.19,40.4,-96.19,0,0,0,0,0,97,0,0,0
664641,2022,4,12,"2022-04-12","20:25:00",3,"IA",19,0,1,0,0,0,0,41.01,-95.58,41.01,-95.58,0,0,0,0,0,129,0,0,0
664642,2022,4,12,"2022-04-12","20:28:00",3,"MN",27,0,0.75,0,0,0,0,44.52,-93.57,44.52,-93.57,0,0,0,0,0,79,0,0,0
664643,2022,4,12,"2022-04-12","20:30:00",3,"MN",27,0,1,0,0,0,0,44.54,-93.57,44.54,-93.57,0,0,0,0,0,139,0,0,0
664644,2022,4,12,"2022-04-12","20:32:00",3,"TX",48,0,1,0,0,0,0,31.03,-96.49,31.03,-96.49,0,0,0,0,0,395,0,0,0
664645,2022,4,12,"2022-04-12","20:32:00",3,"KS",20,0,1,0,0,0,0,38.68,-97.6,38.68,-97.6,0,0,0,0,0,169,0,0,0
664646,2022,4,12,"2022-04-12","20:37:00",3,"MN",27,0,0.75,0,0,0,0,44.77,-94.05,44.77,-94.05,0,0,0,0,0,85,0,0,0
664647,2022,4,12,"2022-04-12","20:38:00",3,"KS",20,0,1,0,0,0,0,38.38,-97.91,38.38,-97.91,0,0,0,0,0,113,0,0,0
664648,2022,4,12,"2022-04-12","20:42:00",3,"MN",27,0,1,0,0,0,0,44.77,-93.63,44.77,-93.63,0,0,0,0,0,19,0,0,0
664649,2022,4,12,"2022-04-12","20:45:00",3,"MN",27,0,0.75,0,0,0,0,44.79,-93.6,44.79,-93.6,0,0,0,0,0,19,0,0,0
664650,2022,4,12,"2022-04-12","20:45:00",3,"MN",27,0,0.88,0,0,0,0,44.83,-93.57,44.83,-93.57,0,0,0,0,0,19,0,0,0
664651,2022,4,12,"2022-04-12","20:45:00",3,"KS",20,0,1,0,0,0,0,38.15,-98.08,38.15,-98.08,0,0,0,0,0,155,0,0,0
664652,2022,4,12,"2022-04-12","20:49:00",3,"MN",27,0,0.75,0,0,0,0,44.81,-93.59,44.81,-93.59,0,0,0,0,0,19,0,0,0
664653,2022,4,12,"2022-04-12","20:51:00",3,"KS",20,0,0.75,0,0,0,0,38.45,-97.72,38.45,-97.72,0,0,0,0,0,113,0,0,0
664654,2022,4,12,"2022-04-12","20:54:00",3,"NE",31,0,1.5,0,0,0,0,40.39,-95.84,40.39,-95.84,0,0,0,0,0,127,0,0,0
664655,2022,4,12,"2022-04-12","20:56:00",3,"MN",27,0,1,0,0,0,0,44.82,-93.29,44.82,-93.29,0,0,0,0,0,53,0,0,0
664656,2022,4,12,"2022-04-12","20:57:00",3,"MN",27,0,0.75,0,0,0,0,44.9,-93.44,44.9,-93.44,0,0,0,0,0,53,0,0,0
664657,2022,4,12,"2022-04-12","20:59:00",3,"MN",27,0,0.88,0,0,0,0,44.84,-93.3,44.84,-93.3,0,0,0,0,0,53,0,0,0
664658,2022,4,12,"2022-04-12","21:05:00",3,"MN",27,0,0.75,0,0,0,0,43.51,-92.51,43.51,-92.51,0,0,0,0,0,99,0,0,0
664659,2022,4,12,"2022-04-12","21:07:00",3,"KS",20,0,0.88,0,0,0,0,38.37,-97.7,38.37,-97.7,0,0,0,0,0,113,0,0,0
664660,2022,4,12,"2022-04-12","21:12:00",3,"MN",27,0,1,0,0,0,0,43.61,-92.41,43.61,-92.41,0,0,0,0,0,45,0,0,0
664661,2022,4,12,"2022-04-12","21:16:00",3,"KS",20,0,0.88,0,0,0,0,38.09,-97.92,38.09,-97.92,0,0,0,0,0,155,0,0,0
664662,2022,4,12,"2022-04-12","21:21:00",3,"KS",20,0,0.88,0,0,0,0,39.84,-96.06,39.84,-96.06,0,0,0,0,0,131,0,0,0
664663,2022,4,12,"2022-04-12","21:42:00",3,"MN",27,0,1,0,0,0,0,43.56,-92.64,43.56,-92.64,0,0,0,0,0,99,0,0,0
664664,2022,4,12,"2022-04-12","22:58:00",3,"TX",48,0,1,0,0,0,0,31.5992,-94.6792,31.5992,-94.6792,0,0,0,0,0,347,0,0,0
664665,2022,4,12,"2022-04-12","22:59:00",3,"IA",19,0,0.75,0,0,0,0,42.94,-91.95,42.94,-91.95,0,0,0,0,0,65,0,0,0
664666,2022,4,12,"2022-04-12","23:01:00",3,"TX",48,0,1,0,0,0,0,31.6524,-94.6519,31.6524,-94.6519,0,0,0,0,0,347,0,0,0
664667,2022,4,13,"2022-04-13","01:51:00",3,"LA",22,0,1,0,0,0,0,32.5349,-93.224,32.5349,-93.224,0,0,0,0,0,119,0,0,0
664668,2022,4,13,"2022-04-13","02:02:00",3,"LA",22,0,1.75,0,0,0,0,32.5455,-93.1211,32.5455,-93.1211,0,0,0,0,0,13,0,0,0
664669,2022,4,13,"2022-04-13","03:30:00",3,"LA",22,0,1.75,0,0,0,0,32.8677,-92.4934,32.8677,-92.4934,0,0,0,0,0,111,0,0,0
664670,2022,4,13,"2022-04-13","05:40:00",3,"TX",48,0,1,0,0,0,0,33.42,-96.58,33.42,-96.58,0,0,0,0,0,181,0,0,0
664671,2022,4,13,"2022-04-13","05:49:00",3,"AR",5,0,1,0,0,0,0,34.02,-93.43,34.02,-93.43,0,0,0,0,0,109,0,0,0
664672,2022,4,13,"2022-04-13","06:04:00",3,"AR",5,0,1,0,0,0,0,34.68,-93.52,34.68,-93.52,0,0,0,0,0,97,0,0,0
664673,2022,4,13,"2022-04-13","06:24:00",3,"AR",5,0,1,0,0,0,0,34.32,-93.17,34.32,-93.17,0,0,0,0,0,59,0,0,0
664674,2022,4,13,"2022-04-13","06:25:00",3,"MO",29,0,0.75,0,0,0,0,38.2,-92.7,38.2,-92.7,0,0,0,0,0,29,0,0,0
664675,2022,4,13,"2022-04-13","06:54:00",3,"TX",48,0,1,0,0,0,0,33.57,-96.07,33.57,-96.07,0,0,0,0,0,147,0,0,0
664676,2022,4,13,"2022-04-13","06:56:00",3,"TX",48,0,0.75,0,0,0,0,32.71,-96.75,32.71,-96.75,0,0,0,0,0,113,0,0,0
664677,2022,4,13,"2022-04-13","07:09:00",3,"TX",48,0,1,0,0,0,0,32.98,-96.3,32.98,-96.3,0,0,0,0,0,231,0,0,0
664678,2022,4,13,"2022-04-13","07:32:00",3,"IL",17,0,0.88,0,0,0,0,37.53,-89.25,37.53,-89.25,0,0,0,0,0,181,0,0,0
664679,2022,4,13,"2022-04-13","08:28:00",3,"AR",5,0,0.88,0,0,0,0,36.1866,-94.0003,36.1866,-94.0003,0,0,0,0,0,143,0,0,0
664680,2022,4,13,"2022-04-13","10:49:00",3,"TX",48,0,1,0,0,0,0,33.29,-96.2,33.29,-96.2,0,0,0,0,0,231,0,0,0
664681,2022,4,13,"2022-04-13","10:56:00",3,"TX",48,0,0.75,0,0,0,0,32.92,-96.39,32.92,-96.39,0,0,0,0,0,397,0,0,0
664682,2022,4,13,"2022-04-13","11:07:00",3,"TX",48,0,1,0,0,0,0,33.15,-96.11,33.15,-96.11,0,0,0,0,0,231,0,0,0
664683,2022,4,13,"2022-04-13","11:18:00",3,"TX",48,0,1,0,0,0,0,33.14,-96,33.14,-96,0,0,0,0,0,231,0,0,0
664684,2022,4,13,"2022-04-13","11:22:00",3,"TX",48,0,1,0,0,0,0,33.23,-95.91,33.23,-95.91,0,0,0,0,0,231,0,0,0
664685,2022,4,13,"2022-04-13","11:33:00",3,"TX",48,0,1.75,0,0,25000,0,33.14,-95.84,33.14,-95.84,0,0,0,0,0,223,0,0,0
664686,2022,4,13,"2022-04-13","12:08:00",3,"TX",48,0,1,0,0,0,0,32.26,-96.08,32.26,-96.08,0,0,0,0,0,213,0,0,0
664687,2022,4,13,"2022-04-13","12:19:00",3,"TX",48,0,1.5,0,0,0,0,32.17,-96.01,32.17,-96.01,0,0,0,0,0,213,0,0,0
664688,2022,4,13,"2022-04-13","12:23:00",3,"TX",48,0,1.5,0,0,0,0,32.17,-96,32.17,-96,0,0,0,0,0,213,0,0,0
664689,2022,4,13,"2022-04-13","12:28:00",3,"TX",48,0,0.88,0,0,0,0,31.87,-96.31,31.87,-96.31,0,0,0,0,0,161,0,0,0
664690,2022,4,13,"2022-04-13","12:29:00",3,"TX",48,0,1,0,0,0,0,32.19,-95.91,32.19,-95.91,0,0,0,0,0,213,0,0,0
664691,2022,4,13,"2022-04-13","13:50:00",3,"TX",48,0,0.75,0,0,0,0,31.8,-95.61,31.8,-95.61,0,0,0,0,0,1,0,0,0
664692,2022,4,13,"2022-04-13","13:54:00",3,"TX",48,0,0.75,0,0,0,0,31.73,-95.61,31.73,-95.61,0,0,0,0,0,1,0,0,0
664693,2022,4,13,"2022-04-13","15:54:00",3,"MS",28,0,0.88,0,0,0,0,32.61,-90.54,32.61,-90.54,0,0,0,0,0,163,0,0,0
664694,2022,4,13,"2022-04-13","16:55:00",3,"MS",28,0,0.88,0,0,0,0,32.29,-90.26,32.29,-90.26,0,0,0,0,0,49,0,0,0
664695,2022,4,13,"2022-04-13","17:54:00",3,"KY",21,0,1,0,0,0,0,37.68,-86.08,37.68,-86.08,0,0,0,0,0,93,0,0,0
664696,2022,4,13,"2022-04-13","18:04:00",3,"KY",21,0,2.75,0,0,0,0,37.81,-85.94,37.81,-85.94,0,0,0,0,0,93,0,0,0
664697,2022,4,13,"2022-04-13","20:05:00",3,"MS",28,0,0.88,0,0,0,0,31.99,-88.81,31.99,-88.81,0,0,0,0,0,23,0,0,0
664698,2022,4,14,"2022-04-14","19:45:00",3,"OR",41,0,0.25,0,0,50000,0,45.375,-122.3148,45.375,-122.3148,0,0,0,0,0,5,0,0,0
664699,2022,4,15,"2022-04-15","14:45:00",3,"MS",28,0,1.25,0,0,30000,0,32.01,-90.202,32.01,-90.202,0,0,0,0,0,127,0,0,0
664700,2022,4,15,"2022-04-15","14:50:00",3,"MS",28,0,1,0,0,10000,0,31.55,-90.11,31.55,-90.11,0,0,0,0,0,77,0,0,0
664701,2022,4,15,"2022-04-15","15:16:00",3,"MS",28,0,1.75,0,0,1e+06,0,31.22,-90,31.21,-89.81,0,0,0,0,0,91,0,0,0
664702,2022,4,15,"2022-04-15","15:23:00",3,"MO",29,0,1,0,0,0,0,37.44,-92.84,37.44,-92.84,0,0,0,0,0,225,0,0,0
664703,2022,4,15,"2022-04-15","15:25:00",3,"MO",29,0,1.25,0,0,0,0,37.45,-93.02,37.45,-93.02,0,0,0,0,0,225,0,0,0
664704,2022,4,15,"2022-04-15","15:35:00",3,"MS",28,0,1.25,0,0,2.5e+07,0,31.1309,-89.9334,31.1309,-89.9334,0,0,0,0,0,91,0,0,0
664705,2022,4,15,"2022-04-15","15:53:00",3,"MO",29,0,0.75,0,0,0,0,37.52,-92.37,37.52,-92.37,0,0,0,0,0,105,0,0,0
664706,2022,4,15,"2022-04-15","16:03:00",3,"MO",29,0,1,0,0,0,0,37.44,-92.84,37.44,-92.84,0,0,0,0,0,225,0,0,0
664707,2022,4,15,"2022-04-15","16:04:00",3,"MS",28,0,2,0,0,250000,0,31.17,-89.63,31.17,-89.63,0,0,0,0,0,73,0,0,0
664708,2022,4,15,"2022-04-15","16:10:00",3,"MO",29,0,0.75,0,0,0,0,36.84,-93.25,36.84,-93.25,0,0,0,0,0,43,0,0,0
664709,2022,4,15,"2022-04-15","16:19:00",3,"MS",28,0,1,0,0,25000,0,31.162,-89.552,31.162,-89.552,0,0,0,0,0,73,0,0,0
664710,2022,4,15,"2022-04-15","16:30:00",3,"MO",29,0,1.25,0,0,0,0,36.91,-92.81,36.91,-92.81,0,0,0,0,0,67,0,0,0
664711,2022,4,15,"2022-04-15","16:31:00",3,"MS",28,0,1,0,0,25000,0,31.19,-89.467,31.19,-89.467,0,0,0,0,0,73,0,0,0
664712,2022,4,15,"2022-04-15","16:53:00",3,"MS",28,0,1,0,0,25000,0,32.92,-89.1,32.92,-89.1,0,0,0,0,0,99,0,0,0
664713,2022,4,15,"2022-04-15","16:58:00",3,"MO",29,0,1,0,0,0,0,36.88,-92.54,36.88,-92.54,0,0,0,0,0,67,0,0,0
664714,2022,4,15,"2022-04-15","17:30:00",3,"MS",28,0,1,0,0,5e+05,0,31.376,-89.309,31.362,-89.248,0,0,0,0,0,35,0,0,0
664715,2022,4,15,"2022-04-15","17:45:00",3,"MO",29,0,1,0,0,0,0,36.56,-92.14,36.56,-92.14,0,0,0,0,0,153,0,0,0
664716,2022,4,15,"2022-04-15","17:55:00",3,"MO",29,0,2.75,0,0,125000,0,36.58,-91.92,36.58,-91.92,0,0,0,0,0,91,0,0,0
664717,2022,4,15,"2022-04-15","18:00:00",3,"AR",5,0,4,0,0,10000,0,36.4,-92.07,36.4,-92.07,0,0,0,0,0,49,0,0,0
664718,2022,4,15,"2022-04-15","18:10:00",3,"AR",5,0,1.5,0,0,0,0,36.37,-91.82,36.37,-91.82,0,0,0,0,0,49,0,0,0
664719,2022,4,15,"2022-04-15","18:41:00",3,"AR",5,0,4.25,0,0,0,0,36.29,-91.57,36.29,-91.57,0,0,0,0,0,49,0,0,0
664720,2022,4,15,"2022-04-15","18:56:00",3,"AR",5,0,1.75,0,0,0,0,36.2,-91.18,36.2,-91.18,0,0,0,0,0,75,0,0,0
664721,2022,4,15,"2022-04-15","19:15:00",3,"AR",5,0,1.5,0,0,0,0,36.07,-90.96,36.07,-90.96,0,0,0,0,0,75,0,0,0
664722,2022,4,15,"2022-04-15","19:31:00",3,"AR",5,0,1.75,0,0,0,0,35.94,-90.65,35.94,-90.65,0,0,0,0,0,31,0,0,0
664723,2022,4,15,"2022-04-15","19:34:00",3,"AR",5,0,1.75,0,0,0,0,36.03,-90.67,36.03,-90.67,0,0,0,0,0,55,0,0,0
664724,2022,4,15,"2022-04-15","19:35:00",3,"AR",5,0,3.25,0,0,0,0,35.89,-90.79,35.89,-90.79,0,0,0,0,0,31,0,0,0
664725,2022,4,15,"2022-04-15","19:40:00",3,"TN",47,0,1,0,0,0,0,35.96,-88.48,35.96,-88.48,0,0,0,0,0,17,0,0,0
664726,2022,4,15,"2022-04-15","19:40:00",3,"AR",5,0,2.75,0,0,0,0,35.9,-90.58,35.9,-90.58,0,0,0,0,0,31,0,0,0
664727,2022,4,15,"2022-04-15","19:41:00",3,"AR",5,0,2.75,0,0,0,0,35.97,-90.61,35.97,-90.61,0,0,0,0,0,55,0,0,0
664728,2022,4,15,"2022-04-15","19:44:00",3,"AR",5,0,1,0,0,0,0,35.85,-90.67,35.85,-90.67,0,0,0,0,0,31,0,0,0
664729,2022,4,15,"2022-04-15","19:44:00",3,"AR",5,0,1.75,0,0,0,0,35.93,-90.58,35.93,-90.58,0,0,0,0,0,31,0,0,0
664730,2022,4,15,"2022-04-15","19:45:00",3,"AR",5,0,1,0,0,0,0,35.82,-90.69,35.82,-90.69,0,0,0,0,0,31,0,0,0
664731,2022,4,15,"2022-04-15","19:51:00",3,"AR",5,0,1.75,0,0,0,0,35.9,-90.58,35.9,-90.58,0,0,0,0,0,31,0,0,0
664732,2022,4,15,"2022-04-15","20:00:00",3,"AR",5,0,1,0,0,0,0,35.9,-90.35,35.9,-90.35,0,0,0,0,0,31,0,0,0
664733,2022,4,15,"2022-04-15","20:02:00",3,"AR",5,0,4,0,0,10000,0,35.82,-90.45,35.82,-90.45,0,0,0,0,0,31,0,0,0
664734,2022,4,15,"2022-04-15","20:11:00",3,"AR",5,0,2.75,0,0,0,0,35.76,-90.33,35.76,-90.33,0,0,0,0,0,31,0,0,0
664735,2022,4,15,"2022-04-15","20:20:00",3,"AR",5,0,1.75,0,0,0,0,35.74,-90.27,35.74,-90.27,0,0,0,0,0,93,0,0,0
664736,2022,4,15,"2022-04-15","20:21:00",3,"OK",40,0,1.25,0,0,25000,0,35.7676,-96.3868,35.7676,-96.3868,0,0,0,0,0,37,0,0,0
664737,2022,4,15,"2022-04-15","20:38:00",3,"AR",5,0,2,0,0,0,0,35.7,-89.99,35.7,-89.99,0,0,0,0,0,93,0,0,0
664738,2022,4,15,"2022-04-15","20:50:00",3,"OK",40,0,1.25,0,0,25000,0,35.6765,-96.0973,35.6765,-96.0973,0,0,0,0,0,111,0,0,0
664739,2022,4,15,"2022-04-15","21:07:00",3,"OK",40,0,0.75,0,0,0,0,35.659,-95.97,35.659,-95.97,0,0,0,0,0,111,0,0,0
664740,2022,4,15,"2022-04-15","21:10:00",3,"TN",47,0,0.88,0,0,0,0,35.8643,-86.3526,35.8643,-86.3526,0,0,0,0,0,149,0,0,0
664741,2022,4,15,"2022-04-15","21:16:00",3,"TN",47,0,0.75,0,0,0,0,35.82,-86.43,35.82,-86.43,0,0,0,0,0,149,0,0,0
664742,2022,4,15,"2022-04-15","21:29:00",3,"OK",40,0,1,0,0,0,0,35.6788,-96.133,35.6788,-96.133,0,0,0,0,0,111,0,0,0
664743,2022,4,15,"2022-04-15","21:45:00",3,"OK",40,0,2,0,0,75000,0,35.6445,-95.97,35.6445,-95.97,0,0,0,0,0,111,0,0,0
664744,2022,4,15,"2022-04-15","21:45:00",3,"OK",40,0,1.75,0,0,50000,0,35.6734,-95.97,35.6734,-95.97,0,0,0,0,0,111,0,0,0
664745,2022,4,15,"2022-04-15","21:48:00",3,"OK",40,0,2,0,0,75000,0,35.659,-95.97,35.659,-95.97,0,0,0,0,0,111,0,0,0
664746,2022,4,15,"2022-04-15","22:00:00",3,"OK",40,0,1,0,0,0,0,35.608,-95.8603,35.608,-95.8603,0,0,0,0,0,111,0,0,0
664747,2022,4,15,"2022-04-15","22:20:00",3,"OK",40,0,2,0,0,75000,0,35.5553,-95.6515,35.5553,-95.6515,0,0,0,0,0,101,0,0,0
664748,2022,4,15,"2022-04-15","22:36:00",3,"OK",40,0,2,0,0,75000,0,35.4995,-95.5251,35.4995,-95.5251,0,0,0,0,0,91,0,0,0
664749,2022,4,15,"2022-04-15","22:46:00",3,"OK",40,0,1,0,0,0,0,35.4922,-95.5225,35.4922,-95.5225,0,0,0,0,0,91,0,0,0
664750,2022,4,15,"2022-04-15","23:00:00",3,"OK",40,0,1,0,0,0,0,35.3967,-95.2836,35.3967,-95.2836,0,0,0,0,0,101,0,0,0
664751,2022,4,15,"2022-04-15","23:15:00",3,"MS",28,0,1.5,0,0,0,0,34.95,-89.62,34.95,-89.62,0,0,0,0,0,93,0,0,0
664752,2022,4,15,"2022-04-15","23:30:00",3,"AL",1,0,2,0,0,0,0,32.9,-87.62,32.9,-87.62,0,0,0,0,0,65,0,0,0
664753,2022,4,15,"2022-04-15","23:41:00",3,"AL",1,0,1.25,0,0,0,0,34.8,-86.96,34.8,-86.96,0,0,0,0,0,83,0,0,0
664754,2022,4,15,"2022-04-15","23:41:00",3,"AL",1,0,0.88,0,0,0,0,34.82,-86.97,34.82,-86.97,0,0,0,0,0,83,0,0,0
664755,2022,4,16,"2022-04-16","00:01:00",3,"OK",40,0,0.75,0,0,0,0,35.4134,-95.4708,35.4134,-95.4708,0,0,0,0,0,91,0,0,0
664756,2022,4,16,"2022-04-16","00:02:00",3,"OK",40,0,0.75,0,0,0,0,35.5634,-95.95,35.5634,-95.95,0,0,0,0,0,111,0,0,0
664757,2022,4,16,"2022-04-16","00:14:00",3,"AL",1,0,1,0,0,0,0,32.65,-87.32,32.65,-87.32,0,0,0,0,0,105,0,0,0
664758,2022,4,16,"2022-04-16","00:37:00",3,"OK",40,0,1,0,0,0,0,35.4818,-95.2802,35.4818,-95.2802,0,0,0,0,0,101,0,0,0
664759,2022,4,16,"2022-04-16","00:44:00",3,"AL",1,0,1.75,0,0,0,0,32.51,-86.99,32.51,-86.99,0,0,0,0,0,47,0,0,0
664760,2022,4,16,"2022-04-16","00:49:00",3,"MS",28,0,1,0,0,0,0,34.51,-89.5,34.51,-89.5,0,0,0,0,0,71,0,0,0
664761,2022,4,16,"2022-04-16","01:43:00",3,"OK",40,0,1.75,0,0,75000,0,35.92,-94.97,35.92,-94.97,0,0,0,0,0,21,0,0,0
664762,2022,4,16,"2022-04-16","02:19:00",3,"OK",40,0,1,0,0,0,0,36.0067,-94.5837,36.0067,-94.5837,0,0,0,0,0,1,0,0,0
664763,2022,4,16,"2022-04-16","02:20:00",3,"OK",40,0,1,0,0,0,0,35.1345,-94.5357,35.1345,-94.5357,0,0,0,0,0,79,0,0,0
664764,2022,4,16,"2022-04-16","03:00:00",3,"AR",5,0,1.5,0,0,50000,0,36.1698,-94.1427,36.1698,-94.1427,0,0,0,0,0,143,0,0,0
664765,2022,4,16,"2022-04-16","03:01:00",3,"AR",5,0,2,0,0,1e+05,0,36.18,-94.1479,36.18,-94.1479,0,0,0,0,0,143,0,0,0
664766,2022,4,16,"2022-04-16","03:05:00",3,"AR",5,0,2.5,0,0,150000,0,36.18,-94.13,36.18,-94.13,0,0,0,0,0,143,0,0,0
664767,2022,4,16,"2022-04-16","03:06:00",3,"OK",40,0,1,0,0,0,0,34.89,-94.6043,34.89,-94.6043,0,0,0,0,0,79,0,0,0
664768,2022,4,16,"2022-04-16","03:20:00",3,"AR",5,0,0.88,0,0,0,0,34.97,-94.09,34.97,-94.09,0,0,0,0,0,127,0,0,0
664769,2022,4,16,"2022-04-16","04:05:00",3,"AR",5,0,1.75,0,0,0,0,34.62,-93.79,34.62,-93.79,0,0,0,0,0,97,0,0,0
664770,2022,4,16,"2022-04-16","04:05:00",3,"AR",5,0,0.75,0,0,0,0,34.65,-93.76,34.65,-93.76,0,0,0,0,0,97,0,0,0
664771,2022,4,16,"2022-04-16","05:09:00",3,"AR",5,0,0.75,0,0,0,0,35.4,-94.09,35.4,-94.09,0,0,0,0,0,131,0,0,0
664772,2022,4,16,"2022-04-16","05:25:00",3,"AR",5,0,1,0,0,0,0,35.3,-93.87,35.3,-93.87,0,0,0,0,0,83,0,0,0
664773,2022,4,16,"2022-04-16","05:42:00",3,"OK",40,0,0.75,0,0,0,0,35.9921,-95.78,35.9921,-95.78,0,0,0,0,0,143,0,0,0
664774,2022,4,16,"2022-04-16","05:45:00",3,"AR",5,0,1,0,0,0,0,34.32,-93.17,34.32,-93.17,0,0,0,0,0,59,0,0,0
664775,2022,4,16,"2022-04-16","05:47:00",3,"OK",40,0,1,0,0,0,0,35.9699,-95.6385,35.9699,-95.6385,0,0,0,0,0,145,0,0,0
664776,2022,4,16,"2022-04-16","05:51:00",3,"OK",40,0,1,0,0,0,0,36.0261,-95.7772,36.0261,-95.7772,0,0,0,0,0,143,0,0,0
664777,2022,4,16,"2022-04-16","05:52:00",3,"OK",40,0,0.75,0,0,0,0,36.0445,-95.7965,36.0445,-95.7965,0,0,0,0,0,143,0,0,0
664778,2022,4,16,"2022-04-16","07:33:00",3,"AR",5,0,0.75,0,0,0,0,35.509,-94.23,35.509,-94.23,0,0,0,0,0,33,0,0,0
664779,2022,4,16,"2022-04-16","14:40:00",3,"MS",28,0,1.5,0,0,0,0,31.4934,-88.8435,31.4934,-88.8435,0,0,0,0,0,153,0,0,0
664780,2022,4,16,"2022-04-16","14:44:00",3,"MS",28,0,1.75,0,0,0,0,31.4858,-88.8662,31.4858,-88.8662,0,0,0,0,0,153,0,0,0
664781,2022,4,16,"2022-04-16","14:45:00",3,"MS",28,0,1.75,0,0,0,0,31.39,-88.75,31.39,-88.75,0,0,0,0,0,41,0,0,0
664782,2022,4,16,"2022-04-16","14:55:00",3,"MS",28,0,1.75,0,0,0,0,31.39,-88.75,31.39,-88.75,0,0,0,0,0,41,0,0,0
664783,2022,4,16,"2022-04-16","18:15:00",3,"NJ",34,0,0.88,0,0,0,0,39.93,-75.03,39.93,-75.03,0,0,0,0,0,7,0,0,0
664784,2022,4,16,"2022-04-16","18:22:00",3,"NJ",34,0,0.75,0,0,0,0,39.94,-74.96,39.94,-74.96,0,0,0,0,0,5,0,0,0
664785,2022,4,16,"2022-04-16","18:24:00",3,"NJ",34,0,0.75,0,0,0,0,39.96,-74.89,39.96,-74.89,0,0,0,0,0,5,0,0,0
664786,2022,4,16,"2022-04-16","18:28:00",3,"NJ",34,0,1,0,0,0,0,39.94,-74.86,39.94,-74.86,0,0,0,0,0,5,0,0,0
664787,2022,4,16,"2022-04-16","18:30:00",3,"NJ",34,0,0.75,0,0,0,0,39.96,-74.81,39.96,-74.81,0,0,0,0,0,5,0,0,0
664788,2022,4,16,"2022-04-16","18:32:00",3,"NJ",34,0,0.75,0,0,0,0,39.97,-74.89,39.97,-74.89,0,0,0,0,0,5,0,0,0
664789,2022,4,16,"2022-04-16","18:34:00",3,"DE",10,0,1,0,0,0,0,39.23,-75.59,39.23,-75.59,0,0,0,0,0,1,0,0,0
664790,2022,4,16,"2022-04-16","18:51:00",3,"NJ",34,0,0.75,0,0,0,0,39.81,-74.89,39.81,-74.89,0,0,0,0,0,5,0,0,0
664791,2022,4,16,"2022-04-16","18:53:00",3,"NJ",34,0,0.75,0,0,0,0,39.81,-74.89,39.81,-74.89,0,0,0,0,0,5,0,0,0
664792,2022,4,16,"2022-04-16","19:02:00",3,"NJ",34,0,0.75,0,0,0,0,39.96,-74.89,39.96,-74.89,0,0,0,0,0,5,0,0,0
664793,2022,4,17,"2022-04-17","06:22:00",3,"MS",28,0,1.75,0,0,30000,0,33.003,-89.95,33.003,-89.95,0,0,0,0,0,51,0,0,0
664794,2022,4,17,"2022-04-17","07:21:00",3,"MS",28,0,1,0,0,0,0,34.06,-89.91,34.06,-89.91,0,0,0,0,0,161,0,0,0
664795,2022,4,17,"2022-04-17","08:20:00",3,"MS",28,0,1.75,0,0,1e+06,0,32.56,-89.15,32.51,-89.06,0,0,0,0,0,101,0,0,0
664796,2022,4,17,"2022-04-17","08:50:00",3,"MS",28,0,1,0,0,30000,0,32.47,-88.87,32.47,-88.87,0,0,0,0,0,75,0,0,0
664797,2022,4,17,"2022-04-17","09:21:00",3,"MS",28,0,1,0,0,30000,0,32.25,-88.68,32.25,-88.68,0,0,0,0,0,75,0,0,0
664798,2022,4,17,"2022-04-17","11:10:00",3,"TX",48,0,1.5,0,0,0,0,33.1751,-95.0764,33.1751,-95.0764,0,0,0,0,0,449,0,0,0
664799,2022,4,17,"2022-04-17","12:35:00",3,"FL",12,0,2,0,0,0,0,30.16,-81.39,30.16,-81.39,0,0,0,0,0,109,0,0,0
664800,2022,4,17,"2022-04-17","12:40:00",3,"FL",12,0,1.75,0,0,0,0,30.12,-81.37,30.12,-81.37,0,0,0,0,0,109,0,0,0
664801,2022,4,17,"2022-04-17","12:40:00",3,"FL",12,0,0.75,0,0,0,0,30.11,-81.42,30.11,-81.42,0,0,0,0,0,109,0,0,0
664802,2022,4,17,"2022-04-17","13:10:00",3,"FL",12,0,1.75,0,0,0,0,30.03,-81.63,30.03,-81.63,0,0,0,0,0,109,0,0,0
664803,2022,4,17,"2022-04-17","14:25:00",3,"TX",48,0,1.75,0,0,0,0,29.94,-98.98,29.94,-98.98,0,0,0,0,0,265,0,0,0
664804,2022,4,17,"2022-04-17","14:25:00",3,"TX",48,0,1,0,0,0,0,29.97,-98.9,29.97,-98.9,0,0,0,0,0,259,0,0,0
664805,2022,4,17,"2022-04-17","14:31:00",3,"AR",5,0,0.88,0,0,0,0,34.79,-92.26,34.79,-92.26,0,0,0,0,0,119,0,0,0
664806,2022,4,17,"2022-04-17","14:32:00",3,"AR",5,0,0.75,0,0,0,0,34.83,-92.21,34.83,-92.21,0,0,0,0,0,119,0,0,0
664807,2022,4,17,"2022-04-17","14:39:00",3,"TX",48,0,1,0,0,0,0,29.97,-98.9,29.97,-98.9,0,0,0,0,0,259,0,0,0
664808,2022,4,17,"2022-04-17","14:40:00",3,"TX",48,0,1,0,0,0,0,29.84,-99.27,29.84,-99.27,0,0,0,0,0,19,0,0,0
664809,2022,4,17,"2022-04-17","14:48:00",3,"TX",48,0,1.75,0,0,0,0,29.8,-99.25,29.8,-99.25,0,0,0,0,0,19,0,0,0
664810,2022,4,17,"2022-04-17","14:50:00",3,"TX",48,0,2,0,0,0,0,29.78,-99.24,29.78,-99.24,0,0,0,0,0,19,0,0,0
664811,2022,4,17,"2022-04-17","14:50:00",3,"TX",48,0,2.5,0,0,0,0,29.8,-99.25,29.8,-99.25,0,0,0,0,0,19,0,0,0
664812,2022,4,17,"2022-04-17","14:53:00",3,"TX",48,0,1,0,0,0,0,29.8,-99.16,29.8,-99.16,0,0,0,0,0,19,0,0,0
664813,2022,4,17,"2022-04-17","15:10:00",3,"TX",48,0,1,0,0,0,0,29.7,-99.07,29.7,-99.07,0,0,0,0,0,19,0,0,0
664814,2022,4,17,"2022-04-17","15:19:00",3,"TX",48,0,2.5,0,0,0,0,29.8,-99.25,29.8,-99.25,0,0,0,0,0,19,0,0,0
664815,2022,4,17,"2022-04-17","15:22:00",3,"FL",12,0,1,0,0,0,0,29.57,-81.26,29.57,-81.26,0,0,0,0,0,35,0,0,0
664816,2022,4,17,"2022-04-17","15:30:00",3,"FL",12,0,1,0,0,0,0,30.78,-85.24,30.78,-85.24,0,0,0,0,0,63,0,0,0
664817,2022,4,17,"2022-04-17","15:30:00",3,"MS",28,0,1,0,0,250000,0,32.32,-90.29,32.32,-90.29,0,0,0,0,0,49,0,0,0
664818,2022,4,17,"2022-04-17","15:35:00",3,"MS",28,0,2.5,0,0,5e+06,0,32.31,-90.38,32.28,-90.19,0,0,0,0,0,49,0,0,0
664819,2022,4,17,"2022-04-17","15:36:00",3,"LA",22,0,1,0,0,0,0,32.5509,-92.6098,32.5509,-92.6098,0,0,0,0,0,61,0,0,0
664820,2022,4,17,"2022-04-17","15:50:00",3,"TX",48,0,1,0,0,0,0,29.55,-98.92,29.55,-98.92,0,0,0,0,0,325,0,0,0
664821,2022,4,17,"2022-04-17","15:53:00",3,"MS",28,0,2.75,0,0,1e+06,0,32.56,-90.72,32.56,-90.72,0,0,0,0,0,149,0,0,0
664822,2022,4,17,"2022-04-17","16:10:00",3,"TX",48,0,1,0,0,0,0,29.44,-98.88,29.44,-98.88,0,0,0,0,0,325,0,0,0
664823,2022,4,17,"2022-04-17","16:10:00",3,"MS",28,0,1,0,0,250000,0,32.27,-90.13,32.27,-90.13,0,0,0,0,0,121,0,0,0
664824,2022,4,17,"2022-04-17","16:27:00",3,"TX",48,0,0.75,0,0,0,0,29.36,-98.86,29.36,-98.86,0,0,0,0,0,325,0,0,0
664825,2022,4,17,"2022-04-17","16:32:00",3,"MS",28,0,2,0,0,50000,0,32.453,-90.903,32.453,-90.903,0,0,0,0,0,55,0,0,0
664826,2022,4,17,"2022-04-17","16:37:00",3,"MS",28,0,2.75,0,0,5e+05,0,32.43,-90.82,32.43,-90.82,0,0,0,0,0,149,0,0,0
664827,2022,4,17,"2022-04-17","16:43:00",3,"TX",48,0,3,0,0,0,0,29.39,-99.2,29.39,-99.2,0,0,0,0,0,325,0,0,0
664828,2022,4,17,"2022-04-17","16:44:00",3,"FL",12,0,1,0,0,0,0,30.39,-84.63,30.39,-84.63,0,0,0,0,0,73,0,0,0
664829,2022,4,17,"2022-04-17","16:50:00",3,"FL",12,0,1.75,0,0,0,0,30.4,-84.63,30.4,-84.63,0,0,0,0,0,39,0,0,0
664830,2022,4,17,"2022-04-17","16:54:00",3,"TX",48,0,1,0,0,0,0,29.35,-99.14,29.35,-99.14,0,0,0,0,0,325,0,0,0
664831,2022,4,17,"2022-04-17","16:55:00",3,"TX",48,0,1.25,0,0,0,0,29.35,-99.1,29.35,-99.1,0,0,0,0,0,325,0,0,0
664832,2022,4,17,"2022-04-17","16:58:00",3,"TX",48,0,1.25,0,0,0,0,29.35,-99.12,29.35,-99.12,0,0,0,0,0,325,0,0,0
664833,2022,4,17,"2022-04-17","16:58:00",3,"TX",48,0,0.75,0,0,0,0,29.35,-99.14,29.35,-99.14,0,0,0,0,0,325,0,0,0
664834,2022,4,17,"2022-04-17","17:00:00",3,"GA",13,0,1,0,0,0,0,32.49,-81.85,32.49,-81.85,0,0,0,0,0,31,0,0,0
664835,2022,4,17,"2022-04-17","17:00:00",3,"GA",13,0,1,0,0,0,0,32.49,-81.86,32.49,-81.86,0,0,0,0,0,31,0,0,0
664836,2022,4,17,"2022-04-17","17:01:00",3,"GA",13,0,1,0,0,0,0,32.52,-81.85,32.52,-81.85,0,0,0,0,0,31,0,0,0
664837,2022,4,17,"2022-04-17","17:06:00",3,"GA",13,0,1,0,0,0,0,32.49,-81.83,32.49,-81.83,0,0,0,0,0,31,0,0,0
664838,2022,4,17,"2022-04-17","17:18:00",3,"MS",28,0,1.75,0,0,5e+05,0,31.51,-89.55,31.51,-89.55,0,0,0,0,0,31,0,0,0
664839,2022,4,17,"2022-04-17","17:26:00",3,"TX",48,0,3,0,0,0,0,29.14,-99.14,29.14,-99.14,0,0,0,0,0,325,0,0,0
664840,2022,4,17,"2022-04-17","17:37:00",3,"MS",28,0,1.6,0,0,5e+05,0,31.61,-90.02,31.61,-90.02,0,0,0,0,0,77,0,0,0
664841,2022,4,17,"2022-04-17","17:38:00",3,"LA",22,0,1,0,0,10000,0,31.43,-91.87,31.43,-91.87,0,0,0,0,0,25,0,0,0
664842,2022,4,17,"2022-04-17","17:39:00",3,"TX",48,0,1,0,0,0,0,29.08,-99.05,29.08,-99.05,0,0,0,0,0,163,0,0,0
664843,2022,4,17,"2022-04-17","17:43:00",3,"TX",48,0,0.88,0,0,0,0,29.07,-99.04,29.07,-99.04,0,0,0,0,0,163,0,0,0
664844,2022,4,17,"2022-04-17","17:46:00",3,"TX",48,0,1.25,0,0,0,0,29.06,-99,29.06,-99,0,0,0,0,0,163,0,0,0
664845,2022,4,17,"2022-04-17","17:56:00",3,"MS",28,0,1,0,0,10000,0,31.62,-90.38,31.62,-90.38,0,0,0,0,0,85,0,0,0
664846,2022,4,17,"2022-04-17","17:58:00",3,"MS",28,0,1.25,0,0,25000,0,31.54,-89.85,31.54,-89.85,0,0,0,0,0,65,0,0,0
664847,2022,4,17,"2022-04-17","18:03:00",3,"MS",28,0,1,0,0,10000,0,31.5,-89.28,31.5,-89.28,0,0,0,0,0,67,0,0,0
664848,2022,4,17,"2022-04-17","18:08:00",3,"FL",12,0,1,0,0,0,0,28.22,-81.55,28.22,-81.55,0,0,0,0,0,105,0,0,0
664849,2022,4,17,"2022-04-17","18:25:00",3,"GA",13,0,0.88,0,0,0,0,31.88,-81.43,31.88,-81.43,0,0,0,0,0,179,0,0,0
664850,2022,4,17,"2022-04-17","18:30:00",3,"TN",47,0,1.25,0,0,0,0,36.04,-89.38,36.04,-89.38,0,0,0,0,0,45,0,0,0
664851,2022,4,17,"2022-04-17","18:30:00",3,"TN",47,0,0.75,0,0,0,0,36.04,-89.39,36.04,-89.39,0,0,0,0,0,45,0,0,0
664852,2022,4,17,"2022-04-17","18:41:00",3,"MS",28,0,1,0,0,0,0,31.15,-91.51,31.15,-91.51,0,0,0,0,0,157,0,0,0
664853,2022,4,17,"2022-04-17","18:43:00",3,"MS",28,0,1,0,0,10000,0,31.419,-89.189,31.419,-89.189,0,0,0,0,0,35,0,0,0
664854,2022,4,17,"2022-04-17","18:48:00",3,"AL",1,0,1.75,0,0,0,0,31.28,-87.64,31.28,-87.64,0,0,0,0,0,99,0,0,0
664855,2022,4,17,"2022-04-17","18:49:00",3,"MS",28,0,1,0,0,0,0,31.16,-91.45,31.16,-91.45,0,0,0,0,0,157,0,0,0
664856,2022,4,17,"2022-04-17","19:08:00",3,"AL",1,0,1.75,0,0,0,0,31.3,-87.5,31.3,-87.5,0,0,0,0,0,99,0,0,0
664857,2022,4,17,"2022-04-17","19:08:00",3,"AL",1,0,2,0,0,0,0,31.3,-87.5,31.3,-87.5,0,0,0,0,0,99,0,0,0
664858,2022,4,17,"2022-04-17","19:10:00",3,"AL",1,0,1.75,0,0,0,0,31.2779,-87.5626,31.2779,-87.5626,0,0,0,0,0,99,0,0,0
664859,2022,4,17,"2022-04-17","19:30:00",3,"MS",28,0,1,0,0,0,0,31.35,-88.95,31.35,-88.95,0,0,0,0,0,111,0,0,0
664860,2022,4,17,"2022-04-17","19:44:00",3,"AL",1,0,1,0,0,0,0,32.83,-86.65,32.83,-86.65,0,0,0,0,0,21,0,0,0
664861,2022,4,17,"2022-04-17","20:35:00",3,"MS",28,0,1,0,0,0,0,31.16,-90.8,31.16,-90.8,0,0,0,0,0,5,0,0,0
664862,2022,4,17,"2022-04-17","20:37:00",3,"MS",28,0,1.75,0,0,0,0,31.16,-90.82,31.16,-90.82,0,0,0,0,0,5,0,0,0
664863,2022,4,18,"2022-04-18","00:29:00",3,"FL",12,0,1,0,0,0,0,30.25,-85.65,30.25,-85.65,0,0,0,0,0,5,0,0,0
664864,2022,4,18,"2022-04-18","15:30:00",3,"FL",12,0,1.25,0,0,0,0,27.13,-80.66,27.13,-80.66,0,0,0,0,0,85,0,0,0
664865,2022,4,19,"2022-04-19","12:40:00",3,"TX",48,0,1,0,0,0,0,29.56,-101.04,29.56,-101.04,0,0,0,0,0,465,0,0,0
664866,2022,4,20,"2022-04-20","21:54:00",3,"MO",29,0,0.88,0,0,0,0,36.71,-94.11,36.71,-94.11,0,0,0,0,0,119,0,0,0
664867,2022,4,20,"2022-04-20","22:19:00",3,"MO",29,0,1.75,0,0,0,0,36.64,-94.03,36.64,-94.03,0,0,0,0,0,9,0,0,0
664868,2022,4,20,"2022-04-20","22:46:00",3,"MO",29,0,1,0,0,0,0,36.59,-93.97,36.59,-93.97,0,0,0,0,0,9,0,0,0
664869,2022,4,20,"2022-04-20","23:18:00",3,"AR",5,0,0.75,0,0,0,0,36.4,-93.73,36.4,-93.73,0,0,0,0,0,15,0,0,0
664870,2022,4,21,"2022-04-21","02:18:00",3,"KY",21,0,1,0,0,0,0,36.62,-88.32,36.62,-88.32,0,0,0,0,0,35,0,0,0
664871,2022,4,21,"2022-04-21","12:55:00",3,"MO",29,0,0.75,0,0,0,0,37.39,-94.1,37.39,-94.1,0,0,0,0,0,11,0,0,0
664872,2022,4,21,"2022-04-21","13:00:00",3,"MO",29,0,1.25,0,0,0,0,37.33,-93.95,37.33,-93.95,0,0,0,0,0,57,0,0,0
664873,2022,4,21,"2022-04-21","13:22:00",3,"KS",20,0,1.25,0,0,0,0,38.02,-94.89,38.02,-94.89,0,0,0,0,0,11,0,0,0
664874,2022,4,21,"2022-04-21","13:31:00",3,"MO",29,0,1.25,0,0,0,0,37.7,-94.31,37.7,-94.31,0,0,0,0,0,217,0,0,0
664875,2022,4,21,"2022-04-21","13:40:00",3,"KS",20,0,1.5,0,0,0,0,37.84,-94.78,37.84,-94.78,0,0,0,0,0,11,0,0,0
664876,2022,4,21,"2022-04-21","13:40:00",3,"KS",20,0,1.25,0,0,0,0,37.83,-94.78,37.83,-94.78,0,0,0,0,0,11,0,0,0
664877,2022,4,21,"2022-04-21","13:46:00",3,"MO",29,0,1,0,0,0,0,37.86,-94.35,37.86,-94.35,0,0,0,0,0,217,0,0,0
664878,2022,4,21,"2022-04-21","13:49:00",3,"KS",20,0,1,0,0,0,0,37.84,-94.7,37.84,-94.7,0,0,0,0,0,11,0,0,0
664879,2022,4,21,"2022-04-21","14:29:00",3,"MO",29,0,1.25,0,0,1e+06,0,37.69,-94.07,37.69,-94.07,0,0,0,0,0,217,0,0,0
664880,2022,4,21,"2022-04-21","14:30:00",3,"MO",29,0,1,0,0,0,0,37.84,-94.51,37.84,-94.51,0,0,0,0,0,217,0,0,0
664881,2022,4,21,"2022-04-21","14:44:00",3,"MO",29,0,1,0,0,0,0,37.81,-94.36,37.81,-94.36,0,0,0,0,0,217,0,0,0
664882,2022,4,21,"2022-04-21","15:25:00",3,"MO",29,0,1,0,0,5000,0,37.73,-94.03,37.73,-94.03,0,0,0,0,0,39,0,0,0
664883,2022,4,21,"2022-04-21","15:46:00",3,"MO",29,0,4,0,0,250000,0,37.63,-93.57,37.63,-93.57,0,0,0,0,0,167,0,0,0
664884,2022,4,21,"2022-04-21","16:03:00",3,"MO",29,0,1.75,0,0,5500000,0,37.61,-93.41,37.61,-93.41,0,0,0,0,0,167,0,0,0
664885,2022,4,21,"2022-04-21","16:13:00",3,"MO",29,0,1,0,0,0,0,37.63,-93.38,37.63,-93.38,0,0,0,0,0,167,0,0,0
664886,2022,4,21,"2022-04-21","17:39:00",3,"MO",29,0,1,0,0,1000,0,37.49,-92.79,37.49,-92.79,0,0,0,0,0,105,0,0,0
664887,2022,4,21,"2022-04-21","18:34:00",3,"KS",20,0,1.75,0,0,0,0,37.77,-99.64,37.77,-99.64,0,0,0,0,0,57,0,0,0
664888,2022,4,21,"2022-04-21","18:35:00",3,"KS",20,0,1.5,0,0,0,0,37.77,-99.63,37.77,-99.63,0,0,0,0,0,57,0,0,0
664889,2022,4,21,"2022-04-21","18:54:00",3,"KS",20,0,2,0,0,0,0,37.67,-99.64,37.67,-99.64,0,0,0,0,0,57,0,0,0
664890,2022,4,21,"2022-04-21","19:12:00",3,"KS",20,0,1.5,0,0,0,0,38.25,-99.18,38.25,-99.18,0,0,0,0,0,145,0,0,0
664891,2022,4,21,"2022-04-21","19:16:00",3,"KS",20,0,0.75,0,0,0,0,38.48,-99.42,38.48,-99.42,0,0,0,0,0,165,0,0,0
664892,2022,4,21,"2022-04-21","19:27:00",3,"KS",20,0,1.75,0,0,0,0,38.27,-98.98,38.27,-98.98,0,0,0,0,0,9,0,0,0
664893,2022,4,21,"2022-04-21","19:36:00",3,"KS",20,0,1,0,0,0,0,37.77,-99.41,37.77,-99.41,0,0,0,0,0,47,0,0,0
664894,2022,4,21,"2022-04-21","19:55:00",3,"KS",20,0,1,0,0,0,0,37.93,-99.39,37.93,-99.39,0,0,0,0,0,47,0,0,0
664895,2022,4,21,"2022-04-21","22:43:00",3,"NE",31,0,1,0,0,0,0,40.6,-97.85,40.6,-97.85,0,0,0,0,0,35,0,0,0
664896,2022,4,21,"2022-04-21","23:01:00",3,"NE",31,0,1,0,0,0,0,40.93,-98.4,40.93,-98.4,0,0,0,0,0,79,0,0,0
664897,2022,4,22,"2022-04-22","03:50:00",3,"NE",31,0,1,0,0,0,0,41.46,-96.12,41.46,-96.12,0,0,0,0,0,177,0,0,0
664898,2022,4,22,"2022-04-22","04:34:00",3,"IA",19,0,1.75,0,0,0,0,43.34,-95.57,43.34,-95.57,0,0,0,0,0,143,0,0,0
664899,2022,4,22,"2022-04-22","04:50:00",3,"IA",19,0,1.75,0,0,0,0,43.43,-95.42,43.43,-95.42,0,0,0,0,0,143,0,0,0
664900,2022,4,22,"2022-04-22","05:00:00",3,"MN",27,0,0.75,0,0,0,0,43.53,-95.28,43.53,-95.28,0,0,0,0,0,63,0,0,0
664901,2022,4,22,"2022-04-22","05:00:00",3,"MN",27,0,1.25,0,0,0,0,43.5112,-95.2704,43.5112,-95.2704,0,0,0,0,0,63,0,0,0
664902,2022,4,22,"2022-04-22","15:35:00",3,"SD",46,0,0.88,0,0,0,0,43.1655,-102.75,43.1655,-102.75,0,0,0,0,0,102,0,0,0
664903,2022,4,22,"2022-04-22","15:41:00",3,"TX",48,0,1,0,0,0,0,36.1621,-102.406,36.1621,-102.406,0,0,0,0,0,111,0,0,0
664904,2022,4,22,"2022-04-22","16:20:00",3,"NE",31,0,0.88,0,0,0,0,40.8576,-100.15,40.8576,-100.15,0,0,0,0,0,47,0,0,0
664905,2022,4,22,"2022-04-22","16:24:00",3,"NE",31,0,1.75,0,0,0,0,40.93,-100.16,40.93,-100.16,0,0,0,0,0,47,0,0,0
664906,2022,4,22,"2022-04-22","16:25:00",3,"OK",40,0,1.75,0,0,0,0,36.5064,-102.0717,36.6614,-102.0435,0,0,0,0,0,25,0,0,0
664907,2022,4,22,"2022-04-22","16:29:00",3,"SD",46,0,1,0,0,0,0,43.65,-98.88,43.65,-98.88,0,0,0,0,0,15,0,0,0
664908,2022,4,22,"2022-04-22","16:32:00",3,"SD",46,0,2.5,0,0,0,0,43.3855,-102.4184,43.3855,-102.4184,0,0,0,0,0,102,0,0,0
664909,2022,4,22,"2022-04-22","16:34:00",3,"SD",46,0,1.25,0,0,0,0,43.69,-98.81,43.69,-98.81,0,0,0,0,0,15,0,0,0
664910,2022,4,22,"2022-04-22","16:35:00",3,"SD",46,0,1,0,0,0,0,43.38,-102.4,43.38,-102.4,0,0,0,0,0,102,0,0,0
664911,2022,4,22,"2022-04-22","16:44:00",3,"OK",40,0,2.75,0,0,0,0,36.7591,-101.9511,36.8868,-101.9,0,0,0,0,0,139,0,0,0
664912,2022,4,22,"2022-04-22","16:50:00",3,"KS",20,0,0.88,0,0,0,0,37.31,-101.77,37.31,-101.77,0,0,0,0,0,129,0,0,0
664913,2022,4,22,"2022-04-22","16:55:00",3,"WY",56,0,1,0,0,0,0,42.78,-104.7,42.78,-104.7,0,0,0,0,0,27,0,0,0
664914,2022,4,22,"2022-04-22","16:55:00",3,"KS",20,0,1.25,0,0,0,0,37.26,-101.79,37.26,-101.79,0,0,0,0,0,129,0,0,0
664915,2022,4,22,"2022-04-22","16:56:00",3,"SD",46,0,1.75,0,0,0,0,43.6,-102.18,43.6,-102.18,0,0,0,0,0,102,0,0,0
664916,2022,4,22,"2022-04-22","17:02:00",3,"SD",46,0,1.75,0,0,0,0,43.85,-98.86,43.85,-98.86,0,0,0,0,0,15,0,0,0
664917,2022,4,22,"2022-04-22","17:05:00",3,"WY",56,0,1,0,0,0,0,42.82,-104.64,42.82,-104.64,0,0,0,0,0,27,0,0,0
664918,2022,4,22,"2022-04-22","17:07:00",3,"SD",46,0,2.5,0,0,0,0,43.8762,-98.8114,43.8762,-98.8114,0,0,0,0,0,15,0,0,0
664919,2022,4,22,"2022-04-22","17:10:00",3,"KS",20,0,1.75,0,0,0,0,37.01,-101.77,37.01,-101.77,0,0,0,0,0,129,0,0,0
664920,2022,4,22,"2022-04-22","17:10:00",3,"TX",48,0,1,0,0,0,0,36.5,-102.24,36.5,-102.24,0,0,0,0,0,111,0,0,0
664921,2022,4,22,"2022-04-22","17:10:00",3,"SD",46,0,1.75,0,0,0,0,43.71,-102.13,43.71,-102.13,0,0,0,0,0,103,0,0,0
664922,2022,4,22,"2022-04-22","17:16:00",3,"SD",46,0,0.88,0,0,0,0,44.17,-98.91,44.17,-98.91,0,0,0,0,0,73,0,0,0
664923,2022,4,22,"2022-04-22","17:19:00",3,"SD",46,0,1.5,0,0,0,0,43.98,-98.75,43.98,-98.75,0,0,0,0,0,73,0,0,0
664924,2022,4,22,"2022-04-22","17:24:00",3,"KS",20,0,1,0,0,0,0,37.12,-101.64,37.12,-101.64,0,0,0,0,0,129,0,0,0
664925,2022,4,22,"2022-04-22","17:29:00",3,"KS",20,0,1.75,0,0,0,0,37.12,-101.63,37.12,-101.63,0,0,0,0,0,129,0,0,0
664926,2022,4,22,"2022-04-22","17:30:00",3,"SD",46,0,2.25,0,0,0,0,44.02,-98.83,44.02,-98.83,0,0,0,0,0,73,0,0,0
664927,2022,4,22,"2022-04-22","17:33:00",3,"SD",46,0,1.5,0,0,0,0,44.08,-98.77,44.08,-98.77,0,0,0,0,0,73,0,0,0
664928,2022,4,22,"2022-04-22","17:35:00",3,"KS",20,0,1.25,0,0,0,0,38.13,-101.47,38.13,-101.47,0,0,0,0,0,93,0,0,0
664929,2022,4,22,"2022-04-22","17:36:00",3,"KS",20,0,1.25,0,0,0,0,37,-101.9,37,-101.9,0,0,0,0,0,129,0,0,0
664930,2022,4,22,"2022-04-22","17:39:00",3,"KS",20,0,1,0,0,0,0,37.57,-101.6,37.57,-101.6,0,0,0,0,0,187,0,0,0
664931,2022,4,22,"2022-04-22","17:40:00",3,"SD",46,0,1.25,0,0,0,0,44.33,-98.8,44.33,-98.8,0,0,0,0,0,59,0,0,0
664932,2022,4,22,"2022-04-22","17:40:00",3,"KS",20,0,1.75,0,0,0,0,38.49,-101.3597,38.49,-101.3597,0,0,0,0,0,203,0,0,0
664933,2022,4,22,"2022-04-22","17:41:00",3,"SD",46,0,1,0,0,0,0,44.08,-98.73,44.08,-98.73,0,0,0,0,0,73,0,0,0
664934,2022,4,22,"2022-04-22","17:41:00",3,"SD",46,0,1.75,0,0,0,0,44.08,-98.75,44.08,-98.75,0,0,0,0,0,73,0,0,0
664935,2022,4,22,"2022-04-22","17:45:00",3,"SD",46,0,1,0,0,0,0,44.36,-98.8,44.36,-98.8,0,0,0,0,0,59,0,0,0
664936,2022,4,22,"2022-04-22","17:48:00",3,"TX",48,0,2.5,0,0,0,0,35.45,-102.1,35.53,-101.96,0,0,0,0,0,375,0,0,0
664937,2022,4,22,"2022-04-22","17:50:00",3,"NE",31,0,1.5,0,0,0,0,42.48,-99.54,42.48,-99.54,0,0,0,0,0,149,0,0,0
664938,2022,4,22,"2022-04-22","17:55:00",3,"SD",46,0,3.5,0,0,0,0,43.97,-101.9,43.97,-101.9,0,0,0,0,0,71,0,0,0
664939,2022,4,22,"2022-04-22","17:55:00",3,"KS",20,0,2.75,1,0,0,0,38.49,-101.36,38.49,-101.36,0,0,0,0,0,203,0,0,0
664940,2022,4,22,"2022-04-22","18:00:00",3,"SD",46,0,1.25,0,0,0,0,44.05,-101.91,44.05,-101.91,0,0,0,0,0,55,0,0,0
664941,2022,4,22,"2022-04-22","18:01:00",3,"TX",48,0,2.5,0,0,0,0,34.38,-102.12,34.5066,-102.1,0,0,0,0,0,69,0,0,0
664942,2022,4,22,"2022-04-22","18:02:00",3,"TX",48,0,1.5,0,0,0,0,35.69,-101.87,35.69,-101.69,0,0,0,0,0,341,0,0,0
664943,2022,4,22,"2022-04-22","18:05:00",3,"KS",20,0,0.75,0,0,0,0,38.19,-101.29,38.19,-101.29,0,0,0,0,0,93,0,0,0
664944,2022,4,22,"2022-04-22","18:07:00",3,"KS",20,0,1.75,0,0,0,0,38.9119,-101.1807,38.9119,-101.1807,0,0,0,0,0,109,0,0,0
664945,2022,4,22,"2022-04-22","18:08:00",3,"SD",46,0,1.75,0,0,0,0,44.18,-99.1,44.18,-99.1,0,0,0,0,0,17,0,0,0
664946,2022,4,22,"2022-04-22","18:09:00",3,"KS",20,0,1,0,0,0,0,38.2789,-101.2906,38.2789,-101.2906,0,0,0,0,0,203,0,0,0
664947,2022,4,22,"2022-04-22","18:18:00",3,"TX",48,0,1.25,0,0,0,0,35.15,-101.92,35.17,-101.87,0,0,0,0,0,11,0,0,0
664948,2022,4,22,"2022-04-22","18:20:00",3,"KS",20,0,0.75,0,0,0,0,38.16,-101.23,38.16,-101.23,0,0,0,0,0,93,0,0,0
664949,2022,4,22,"2022-04-22","18:22:00",3,"TX",48,0,1.75,0,0,0,0,35.2,-101.83,35.19,-101.78,0,0,0,0,0,375,0,0,0
664950,2022,4,22,"2022-04-22","18:23:00",3,"KS",20,0,0.88,0,0,0,0,39.17,-101.11,39.17,-101.11,0,0,0,0,0,193,0,0,0
664951,2022,4,22,"2022-04-22","18:27:00",3,"SD",46,0,1.5,0,0,0,0,44.21,-101.67,44.21,-101.67,0,0,0,0,0,55,0,0,0
664952,2022,4,22,"2022-04-22","18:28:00",3,"SD",46,0,1.5,0,0,0,0,44.42,-99.58,44.42,-99.58,0,0,0,0,0,69,0,0,0
664953,2022,4,22,"2022-04-22","18:29:00",3,"TX",48,0,2,0,0,0,0,35.85,-101.58,35.85,-101.62,0,0,0,0,0,233,0,0,0
664954,2022,4,22,"2022-04-22","18:30:00",3,"SD",46,0,1.75,0,0,0,0,44.29,-101.67,44.29,-101.67,0,0,0,0,0,55,0,0,0
664955,2022,4,22,"2022-04-22","18:34:00",3,"WY",56,0,1,0,0,0,0,42.34,-105.05,42.34,-105.05,0,0,0,0,0,31,0,0,0
664956,2022,4,22,"2022-04-22","18:35:00",3,"KS",20,0,2,0,0,0,0,37.54,-101.35,37.54,-101.35,0,0,0,0,0,67,0,0,0
664957,2022,4,22,"2022-04-22","18:35:00",3,"KS",20,0,2,0,0,0,0,37.58,-101.36,37.58,-101.36,0,0,0,0,0,67,0,0,0
664958,2022,4,22,"2022-04-22","18:37:00",3,"KS",20,0,1,0,0,0,0,39.4,-101.04,39.4,-101.04,0,0,0,0,0,193,0,0,0
664959,2022,4,22,"2022-04-22","18:38:00",3,"OK",40,0,1.75,0,0,0,0,36.68,-101.48,36.8658,-101.35,0,0,0,0,0,139,0,0,0
664960,2022,4,22,"2022-04-22","18:44:00",3,"KS",20,0,1,0,0,0,0,37.54,-101.36,37.54,-101.36,0,0,0,0,0,67,0,0,0
664961,2022,4,22,"2022-04-22","18:45:00",3,"SD",46,0,0.88,0,0,0,0,44.4,-101.85,44.4,-101.85,0,0,0,0,0,55,0,0,0
664962,2022,4,22,"2022-04-22","18:50:00",3,"KS",20,0,1.5,0,0,0,0,37.18,-101.35,37.18,-101.35,0,0,0,0,0,189,0,0,0
664963,2022,4,22,"2022-04-22","18:55:00",3,"SD",46,0,1,0,0,0,0,44.3,-99.48,44.3,-99.48,0,0,0,0,0,69,0,0,0
664964,2022,4,22,"2022-04-22","18:56:00",3,"TX",48,0,2,0,0,0,0,34.7489,-101.7584,34.7489,-101.7584,0,0,0,0,0,437,0,0,0
664965,2022,4,22,"2022-04-22","19:00:00",3,"TX",48,0,2,0,0,0,0,34.75,-101.69,34.75,-101.69,0,0,0,0,0,381,0,0,0
664966,2022,4,22,"2022-04-22","19:02:00",3,"SD",46,0,1.5,0,0,0,0,44.41,-98.65,44.41,-98.65,0,0,0,0,0,5,0,0,0
664967,2022,4,22,"2022-04-22","19:04:00",3,"SD",46,0,0.75,0,0,0,0,44.46,-98.5,44.46,-98.5,0,0,0,0,0,5,0,0,0
664968,2022,4,22,"2022-04-22","19:05:00",3,"KS",20,0,1,0,0,0,0,39.7563,-100.61,39.7563,-100.61,0,0,0,0,0,39,0,0,0
664969,2022,4,22,"2022-04-22","19:06:00",3,"KS",20,0,1.5,0,0,0,0,37.18,-101.35,37.18,-101.35,0,0,0,0,0,189,0,0,0
664970,2022,4,22,"2022-04-22","19:10:00",3,"SD",46,0,1.5,0,0,0,0,44.56,-101.37,44.56,-101.37,0,0,0,0,0,55,0,0,0
664971,2022,4,22,"2022-04-22","19:10:00",3,"KS",20,0,0.75,0,0,0,0,39.9096,-100.7893,39.9096,-100.7893,0,0,0,0,0,153,0,0,0
664972,2022,4,22,"2022-04-22","19:10:00",3,"TX",48,0,2,0,0,0,0,36.1,-101.22,36.19,-101.2,0,0,0,0,0,195,0,0,0
664973,2022,4,22,"2022-04-22","19:11:00",3,"KS",20,0,1,0,0,0,0,37.99,-100.99,37.99,-100.99,0,0,0,0,0,55,0,0,0
664974,2022,4,22,"2022-04-22","19:12:00",3,"SD",46,0,2,0,0,0,0,44.42,-98.69,44.42,-98.69,0,0,0,0,0,5,0,0,0
664975,2022,4,22,"2022-04-22","19:17:00",3,"SD",46,0,1.25,0,0,0,0,43.4631,-99.8618,43.4631,-99.8618,0,0,0,0,0,123,0,0,0
664976,2022,4,22,"2022-04-22","19:19:00",3,"SD",46,0,0.75,0,0,0,0,44.46,-98.68,44.46,-98.68,0,0,0,0,0,5,0,0,0
664977,2022,4,22,"2022-04-22","19:21:00",3,"WY",56,0,1.25,0,0,0,0,42.92,-104.39,42.92,-104.39,0,0,0,0,0,27,0,0,0
664978,2022,4,22,"2022-04-22","19:21:00",3,"SD",46,0,1,0,0,0,0,44.46,-98.71,44.46,-98.71,0,0,0,0,0,59,0,0,0
664979,2022,4,22,"2022-04-22","19:25:00",3,"NE",31,0,0.88,0,0,0,0,40.1328,-100.4578,40.1328,-100.4578,0,0,0,0,0,145,0,0,0
664980,2022,4,22,"2022-04-22","19:28:00",3,"TX",48,0,1,0,0,0,0,35.5704,-101.1807,35.5704,-101.1807,0,0,0,0,0,65,0,0,0
664981,2022,4,22,"2022-04-22","19:30:00",3,"SD",46,0,1.75,0,0,0,0,44.7,-101.24,44.7,-101.24,0,0,0,0,0,137,0,0,0
664982,2022,4,22,"2022-04-22","19:32:00",3,"TX",48,0,1.75,0,0,0,0,34.96,-101.36,35.11,-101.36,0,0,0,0,0,11,0,0,0
664983,2022,4,22,"2022-04-22","19:33:00",3,"SD",46,0,0.88,0,0,0,0,44.7,-101.23,44.7,-101.23,0,0,0,0,0,137,0,0,0
664984,2022,4,22,"2022-04-22","19:36:00",3,"MN",27,0,1,0,0,0,0,47.94,-91.8,47.94,-91.8,0,0,0,0,0,137,0,0,0
664985,2022,4,22,"2022-04-22","19:39:00",3,"TX",48,0,2,0,0,0,0,36.28,-101.05,36.28,-101.05,0,0,0,0,0,357,0,0,0
664986,2022,4,22,"2022-04-22","19:40:00",3,"KS",20,0,1.25,0,0,0,0,37.99,-100.99,37.99,-100.99,0,0,0,0,0,55,0,0,0
664987,2022,4,22,"2022-04-22","19:47:00",3,"KS",20,0,2,0,0,0,0,38.1,-100.86,38.1,-100.86,0,0,0,0,0,55,0,0,0
664988,2022,4,22,"2022-04-22","19:55:00",3,"SD",46,0,0.88,0,0,0,0,43.62,-103.92,43.62,-103.92,0,0,0,0,0,33,0,0,0
664989,2022,4,22,"2022-04-22","19:55:00",3,"KS",20,0,1,0,0,0,0,37.97,-100.86,37.97,-100.86,0,0,0,0,0,55,0,0,0
664990,2022,4,22,"2022-04-22","20:00:00",3,"WI",55,0,0.88,0,0,0,0,42.99,-88.22,42.99,-88.22,0,0,0,0,0,133,0,0,0
664991,2022,4,22,"2022-04-22","20:06:00",3,"SD",46,0,1.5,0,0,0,0,43.61,-103.67,43.61,-103.67,0,0,0,0,0,33,0,0,0
664992,2022,4,22,"2022-04-22","20:08:00",3,"TX",48,0,2,0,0,0,0,35.2,-101.2417,35.2,-101.2417,0,0,0,0,0,65,0,0,0
664993,2022,4,22,"2022-04-22","20:10:00",3,"SD",46,0,1.5,0,0,0,0,45.02,-100.9,45.02,-100.9,0,0,0,0,0,41,0,0,0
664994,2022,4,22,"2022-04-22","20:14:00",3,"SD",46,0,1.75,0,0,0,0,43.7,-103.7,43.7,-103.7,0,0,0,0,0,33,0,0,0
664995,2022,4,22,"2022-04-22","20:15:00",3,"SD",46,0,1,0,0,0,0,44.66,-98.51,44.66,-98.51,0,0,0,0,0,115,0,0,0
664996,2022,4,22,"2022-04-22","20:15:00",3,"SD",46,0,1.25,0,0,0,0,43.7031,-103.6383,43.7031,-103.6383,0,0,0,0,0,33,0,0,0
664997,2022,4,22,"2022-04-22","20:15:00",3,"SD",46,0,1.25,0,0,0,0,43.9893,-103.7873,43.9893,-103.7873,0,0,0,0,0,103,0,0,0
664998,2022,4,22,"2022-04-22","20:20:00",3,"SD",46,0,2,0,0,0,0,43.7566,-103.6077,43.7566,-103.6077,0,0,0,0,0,33,0,0,0
664999,2022,4,22,"2022-04-22","20:25:00",3,"SD",46,0,1.75,0,0,0,0,43.77,-103.6,43.77,-103.6,0,0,0,0,0,33,0,0,0
665000,2022,4,22,"2022-04-22","20:25:00",3,"SD",46,0,2,0,0,0,0,45.06,-100.84,45.06,-100.84,0,0,0,0,0,41,0,0,0
665001,2022,4,22,"2022-04-22","20:25:00",3,"ND",38,0,1.25,0,0,0,0,46.3568,-97,46.3568,-97,0,0,0,0,0,77,0,0,0
665002,2022,4,22,"2022-04-22","20:31:00",3,"SD",46,0,0.88,0,0,0,0,44.3211,-103.77,44.3211,-103.77,0,0,0,0,0,81,0,0,0
665003,2022,4,22,"2022-04-22","20:36:00",3,"SD",46,0,1.5,0,0,0,0,44.59,-98.53,44.59,-98.53,0,0,0,0,0,5,0,0,0
665004,2022,4,22,"2022-04-22","20:40:00",3,"SD",46,0,0.88,0,0,0,0,45.65,-97.99,45.65,-97.99,0,0,0,0,0,13,0,0,0
665005,2022,4,22,"2022-04-22","20:40:00",3,"KS",20,0,1.25,0,0,0,0,38.45,-100.6,38.45,-100.6,0,0,0,0,0,101,0,0,0
665006,2022,4,22,"2022-04-22","20:41:00",3,"TX",48,0,2,0,0,0,0,35.44,-100.81,35.55,-100.78,0,0,0,0,0,179,0,0,0
665007,2022,4,22,"2022-04-22","20:44:00",3,"SD",46,0,1,0,0,0,0,44.71,-98.54,44.71,-98.54,0,0,0,0,0,115,0,0,0
665008,2022,4,22,"2022-04-22","20:50:00",3,"KS",20,0,2,0,0,0,0,38.55,-100.54,38.55,-100.54,0,0,0,0,0,101,0,0,0
665009,2022,4,22,"2022-04-22","21:13:00",3,"TX",48,0,1.9,0,0,0,0,35.7,-100.63,35.7,-100.63,0,0,0,0,0,393,0,0,0
665010,2022,4,22,"2022-04-22","21:17:00",3,"SD",46,0,0.75,0,0,0,0,43.4023,-103.388,43.4023,-103.388,0,0,0,0,0,47,0,0,0
665011,2022,4,22,"2022-04-22","21:22:00",3,"SD",46,0,0.75,0,0,0,0,44.2434,-103.3977,44.2434,-103.3977,0,0,0,0,0,93,0,0,0
665012,2022,4,22,"2022-04-22","21:26:00",3,"SD",46,0,1,0,0,0,0,44.12,-103.07,44.12,-103.07,0,0,0,0,0,103,0,0,0
665013,2022,4,22,"2022-04-22","21:30:00",3,"SD",46,0,1,0,0,0,0,43.7569,-103.2483,43.7569,-103.2483,0,0,0,0,0,33,0,0,0
665014,2022,4,22,"2022-04-22","21:32:00",3,"TX",48,0,1.75,0,0,0,0,35.83,-100.4,35.89,-100.4,0,0,0,0,0,211,0,0,0
665015,2022,4,22,"2022-04-22","21:33:00",3,"SD",46,0,1.75,0,0,0,0,43.52,-103.4,43.52,-103.4,0,0,0,0,0,33,0,0,0
665016,2022,4,22,"2022-04-22","21:40:00",3,"SD",46,0,1,0,0,0,0,45.72,-98.02,45.72,-98.02,0,0,0,0,0,13,0,0,0
665017,2022,4,22,"2022-04-22","22:00:00",3,"SD",46,0,1.75,0,0,0,0,44.92,-100.32,44.92,-100.32,0,0,0,0,0,107,0,0,0
665018,2022,4,22,"2022-04-22","22:10:00",3,"NE",31,0,1,0,0,0,0,42.88,-102.63,42.88,-102.63,0,0,0,0,0,161,0,0,0
665019,2022,4,22,"2022-04-22","22:22:00",3,"KS",20,0,1,0,0,0,0,38.8705,-101.966,38.8705,-101.966,0,0,0,0,0,199,0,0,0
665020,2022,4,22,"2022-04-22","22:25:00",3,"KS",20,0,1.75,0,0,0,0,38.9039,-101.9423,38.9039,-101.9423,0,0,0,0,0,199,0,0,0
665021,2022,4,22,"2022-04-22","23:21:00",3,"ND",38,0,0.75,0,0,0,0,46.05,-97.51,46.05,-97.51,0,0,0,0,0,81,0,0,0
665022,2022,4,23,"2022-04-23","02:46:00",3,"SD",46,0,1,0,0,0,0,45.15,-98.5,45.15,-98.5,0,0,0,0,0,115,0,0,0
665023,2022,4,23,"2022-04-23","03:57:00",3,"NE",31,0,1,0,0,0,0,41.26,-96.19,41.26,-96.19,0,0,0,0,0,55,0,0,0
665024,2022,4,23,"2022-04-23","04:03:00",3,"NE",31,0,1,0,0,0,0,41.32,-96.14,41.32,-96.14,0,0,0,0,0,55,0,0,0
665025,2022,4,23,"2022-04-23","04:04:00",3,"SD",46,0,1.75,0,0,0,0,43.13,-96.84,43.13,-96.84,0,0,0,0,0,83,0,0,0
665026,2022,4,23,"2022-04-23","04:05:00",3,"NE",31,0,1,0,0,0,0,41.31,-96.16,41.31,-96.16,0,0,0,0,0,55,0,0,0
665027,2022,4,23,"2022-04-23","04:09:00",3,"IA",19,0,1.75,0,0,0,0,41.05,-95.75,41.05,-95.75,0,0,0,0,0,129,0,0,0
665028,2022,4,23,"2022-04-23","04:11:00",3,"NE",31,0,1.25,0,0,0,0,41.46,-96.03,41.46,-96.03,0,0,0,0,0,177,0,0,0
665029,2022,4,23,"2022-04-23","04:33:00",3,"SD",46,0,0.88,0,0,0,0,43.54,-96.62,43.54,-96.62,0,0,0,0,0,99,0,0,0
665030,2022,4,23,"2022-04-23","04:34:00",3,"SD",46,0,1,0,0,0,0,43.59,-96.51,43.59,-96.51,0,0,0,0,0,99,0,0,0
665031,2022,4,23,"2022-04-23","04:44:00",3,"IA",19,0,1,0,0,0,0,43.18,-95.84,43.18,-95.84,0,0,0,0,0,141,0,0,0
665032,2022,4,23,"2022-04-23","04:50:00",3,"MN",27,0,1.25,0,0,0,0,43.85,-96.4,43.85,-96.4,0,0,0,0,0,117,0,0,0
665033,2022,4,23,"2022-04-23","04:55:00",3,"IA",19,0,1,0,0,0,0,41.48,-95.22,41.48,-95.22,0,0,0,0,0,155,0,0,0
665034,2022,4,23,"2022-04-23","05:08:00",3,"IA",19,0,1,0,0,0,0,41.63,-95.07,41.63,-95.07,0,0,0,0,0,9,0,0,0
665035,2022,4,23,"2022-04-23","05:10:00",3,"IA",19,0,1.75,0,0,0,0,41.59,-95.06,41.59,-95.06,0,0,0,0,0,165,0,0,0
665036,2022,4,23,"2022-04-23","05:39:00",3,"IA",19,0,0.88,0,0,0,0,43.13,-95.14,43.13,-95.14,0,0,0,0,0,41,0,0,0
665037,2022,4,23,"2022-04-23","05:53:00",3,"IA",19,0,1,0,0,0,0,43.33,-95.05,43.33,-95.05,0,0,0,0,0,59,0,0,0
665038,2022,4,23,"2022-04-23","06:52:00",3,"MN",27,0,1,0,0,0,0,44.47,-93.94,44.47,-93.94,0,0,0,0,0,143,0,0,0
665039,2022,4,23,"2022-04-23","06:54:00",3,"MN",27,0,1,0,0,0,0,44.89,-94.37,44.89,-94.37,0,0,0,0,0,85,0,0,0
665040,2022,4,23,"2022-04-23","06:55:00",3,"MN",27,0,1,0,0,0,0,44.53,-93.91,44.53,-93.91,0,0,0,0,0,143,0,0,0
665041,2022,4,23,"2022-04-23","06:58:00",3,"MN",27,0,1.25,0,0,0,0,44.9312,-94.2978,44.9312,-94.2978,0,0,0,0,0,85,0,0,0
665042,2022,4,23,"2022-04-23","07:38:00",3,"IA",19,0,0.88,0,0,0,0,41.61,-94.03,41.61,-94.03,0,0,0,0,0,49,0,0,0
665043,2022,4,23,"2022-04-23","08:00:00",3,"MN",27,0,1,0,0,0,0,45.58,-93.49,45.58,-93.49,0,0,0,0,0,59,0,0,0
665044,2022,4,23,"2022-04-23","11:45:00",3,"MI",26,0,0.75,0,0,0,0,46.74,-88.5,46.74,-88.5,0,0,0,0,0,13,0,0,0
665045,2022,4,23,"2022-04-23","12:48:00",3,"ND",38,0,0.88,0,0,0,0,46.36,-98.72,46.36,-98.72,0,0,0,0,0,45,0,0,0
665046,2022,4,23,"2022-04-23","13:04:00",3,"MN",27,0,0.88,0,0,0,0,44.21,-92.11,44.21,-92.11,0,0,0,0,0,157,0,0,0
665047,2022,4,23,"2022-04-23","13:17:00",3,"MN",27,0,0.75,0,0,0,0,44.38,-92.05,44.38,-92.05,0,0,0,0,0,157,0,0,0
665048,2022,4,23,"2022-04-23","13:20:00",3,"MN",27,0,1,0,0,0,0,44.31,-92,44.31,-92,0,0,0,0,0,157,0,0,0
665049,2022,4,23,"2022-04-23","14:20:00",3,"SD",46,0,0.88,0,0,0,0,45.75,-100.01,45.75,-100.01,0,0,0,0,0,21,0,0,0
665050,2022,4,23,"2022-04-23","14:58:00",3,"ND",38,0,1,0,0,0,0,47.15,-96.97,47.15,-96.97,0,0,0,0,0,17,0,0,0
665051,2022,4,23,"2022-04-23","15:15:00",3,"ND",38,0,1,0,0,0,0,47.4,-96.9845,47.4,-96.9845,0,0,0,0,0,97,0,0,0
665052,2022,4,23,"2022-04-23","16:49:00",3,"MN",27,0,1.5,0,0,0,0,47.69,-96.65,47.69,-96.65,0,0,0,0,0,119,0,0,0
665053,2022,4,23,"2022-04-23","17:08:00",3,"IA",19,0,0.75,0,0,0,0,42.51,-94.16,42.51,-94.16,0,0,0,0,0,187,0,0,0
665054,2022,4,23,"2022-04-23","17:34:00",3,"ND",38,0,0.75,0,0,0,0,47.8766,-97.05,47.8766,-97.05,0,0,0,0,0,35,0,0,0
665055,2022,4,23,"2022-04-23","17:42:00",3,"MN",27,0,0.75,0,0,0,0,47.48,-94.8143,47.48,-94.8143,0,0,0,0,0,7,0,0,0
665056,2022,4,23,"2022-04-23","17:46:00",3,"OK",40,0,1.75,0,0,0,0,35.31,-97.94,35.31,-97.94,0,0,0,0,0,51,0,0,0
665057,2022,4,23,"2022-04-23","17:47:00",3,"OK",40,0,2,0,0,0,0,35.31,-97.94,35.31,-97.94,0,0,0,0,0,51,0,0,0
665058,2022,4,23,"2022-04-23","18:35:00",3,"OK",40,0,1,0,0,0,0,35.43,-97.58,35.43,-97.58,0,0,0,0,0,109,0,0,0
665059,2022,4,23,"2022-04-23","18:41:00",3,"OK",40,0,1,0,0,0,0,35.46,-97.54,35.46,-97.54,0,0,0,0,0,109,0,0,0
665060,2022,4,23,"2022-04-23","18:42:00",3,"MO",29,0,1,0,0,0,0,39.51,-94.88,39.51,-94.88,0,0,0,0,0,165,0,0,0
665061,2022,4,23,"2022-04-23","19:03:00",3,"OK",40,0,1,0,0,0,0,34.39,-99.07,34.39,-99.07,0,0,0,0,0,141,0,0,0
665062,2022,4,23,"2022-04-23","19:34:00",3,"MO",29,0,1,0,0,0,0,39.75,-94.26,39.75,-94.26,0,0,0,0,0,63,0,0,0
665063,2022,4,23,"2022-04-23","19:51:00",3,"OK",40,0,1,0,0,0,0,34.65,-98.39,34.65,-98.39,0,0,0,0,0,31,0,0,0
665064,2022,4,23,"2022-04-23","20:46:00",3,"OK",40,0,1,0,0,0,0,34.24,-99.08,34.24,-99.08,0,0,0,0,0,141,0,0,0
665065,2022,4,23,"2022-04-23","22:00:00",3,"OK",40,0,1,0,0,0,0,34.63,-98.8,34.63,-98.8,0,0,0,0,0,31,0,0,0
665066,2022,4,24,"2022-04-24","02:17:00",3,"TX",48,0,1,0,0,0,0,32.2445,-101.4542,32.2445,-101.4542,0,0,0,0,0,227,0,0,0
665067,2022,4,24,"2022-04-24","03:13:00",3,"TX",48,0,1,0,0,0,0,32.25,-101.4358,32.25,-101.4358,0,0,0,0,0,227,0,0,0
665068,2022,4,24,"2022-04-24","03:30:00",3,"TX",48,0,1.25,0,0,0,0,32.25,-101.47,32.25,-101.47,0,0,0,0,0,227,0,0,0
665069,2022,4,24,"2022-04-24","15:48:00",3,"MI",26,0,1,0,0,0,0,42.79,-83.83,42.79,-83.83,0,0,0,0,0,49,0,0,0
665070,2022,4,24,"2022-04-24","18:21:00",3,"OK",40,0,1,0,0,0,0,34.63,-95.18,34.63,-95.18,0,0,0,0,0,127,0,0,0
665071,2022,4,24,"2022-04-24","20:10:00",3,"OK",40,0,1,0,0,0,0,34.1446,-94.7272,34.1446,-94.7272,0,0,0,0,0,89,0,0,0
665072,2022,4,24,"2022-04-24","20:32:00",3,"TX",48,0,1.25,0,0,0,0,30.5873,-101.9202,30.5873,-101.9202,0,0,0,0,0,443,0,0,0
665073,2022,4,24,"2022-04-24","20:40:00",3,"TX",48,0,1.5,0,0,0,0,30.5998,-101.8474,30.5998,-101.8474,0,0,0,0,0,443,0,0,0
665074,2022,4,25,"2022-04-25","07:20:00",3,"TX",48,0,1,0,0,0,0,31.26,-100.82,31.26,-100.82,0,0,0,0,0,235,0,0,0
665075,2022,4,25,"2022-04-25","07:25:00",3,"TX",48,0,1.5,0,0,0,0,31.26,-100.82,31.26,-100.82,0,0,0,0,0,235,0,0,0
665076,2022,4,26,"2022-04-26","10:32:00",3,"GA",13,0,1,0,0,0,0,33.61,-83.16,33.61,-83.16,0,0,0,0,0,133,0,0,0
665077,2022,4,26,"2022-04-26","11:11:00",3,"VA",51,0,1.5,0,0,0,0,38.0896,-78.9484,38.0896,-78.9484,0,0,0,0,0,15,0,0,0
665078,2022,4,26,"2022-04-26","11:18:00",3,"VA",51,0,1,0,0,0,0,38.0794,-78.8956,38.0794,-78.8956,0,0,0,0,0,820,0,0,0
665079,2022,4,26,"2022-04-26","11:29:00",3,"SC",45,0,0.25,0,0,10,10,33.53,-81.71,33.53,-81.71,0,0,0,0,0,3,0,0,0
665080,2022,4,26,"2022-04-26","11:42:00",3,"VA",51,0,1,0,0,0,0,38.0793,-78.6197,38.0793,-78.6197,0,0,0,0,0,3,0,0,0
665081,2022,4,26,"2022-04-26","12:19:00",3,"NC",37,0,0.88,0,0,0,0,35.68,-79.83,35.68,-79.83,0,0,0,0,0,151,0,0,0
665082,2022,4,26,"2022-04-26","12:35:00",3,"SC",45,0,0.25,0,0,10,10,34.0568,-81.1614,34.0568,-81.1614,0,0,0,0,0,63,0,0,0
665083,2022,4,26,"2022-04-26","12:44:00",3,"VA",51,0,1,0,0,0,0,37.7075,-78.3272,37.7075,-78.3272,0,0,0,0,0,29,0,0,0
665084,2022,4,26,"2022-04-26","12:50:00",3,"SC",45,0,0.88,0,0,0,0,34.7,-80.34,34.7,-80.34,0,0,0,0,0,25,0,0,0
665085,2022,4,26,"2022-04-26","12:50:00",3,"SC",45,0,0.25,0,0,10,10,34.77,-80.39,34.77,-80.39,0,0,0,0,0,25,0,0,0
665086,2022,4,26,"2022-04-26","13:02:00",3,"SC",45,0,0.25,0,0,10,10,33.67,-81.57,33.67,-81.57,0,0,0,0,0,3,0,0,0
665087,2022,4,26,"2022-04-26","13:15:00",3,"VA",51,0,1,0,0,0,0,37.4,-77.9,37.4,-77.9,0,0,0,0,0,7,0,0,0
665088,2022,4,26,"2022-04-26","13:25:00",3,"VA",51,0,1,0,0,0,0,37.45,-77.78,37.45,-77.78,0,0,0,0,0,41,0,0,0
665089,2022,4,26,"2022-04-26","13:43:00",3,"VA",51,0,1,0,0,0,0,37.4,-77.71,37.4,-77.71,0,0,0,0,0,41,0,0,0
665090,2022,4,26,"2022-04-26","13:45:00",3,"VA",51,0,1,0,0,0,0,37.42,-77.63,37.42,-77.63,0,0,0,0,0,41,0,0,0
665091,2022,4,26,"2022-04-26","13:55:00",3,"VA",51,0,1,0,0,0,0,37.47,-77.51,37.47,-77.51,0,0,0,0,0,41,0,0,0
665092,2022,4,26,"2022-04-26","14:00:00",3,"VA",51,0,1,0,0,0,0,37.47,-77.49,37.47,-77.49,0,0,0,0,0,159,0,0,0
665093,2022,4,26,"2022-04-26","16:08:00",3,"VA",51,0,1,0,0,0,0,36.92,-76.67,36.92,-76.67,0,0,0,0,0,93,0,0,0
665094,2022,4,26,"2022-04-26","22:30:00",3,"NM",35,0,1.75,0,0,5e+05,0,31.8781,-106.6567,31.8781,-106.6567,0,0,0,0,0,13,0,0,0
665095,2022,4,26,"2022-04-26","22:32:00",3,"TX",48,0,1,0,0,150000,0,31.9989,-106.5748,31.9989,-106.5748,0,0,0,0,0,141,0,0,0
665096,2022,4,27,"2022-04-27","17:08:00",3,"KS",20,0,1,0,0,0,0,37.5,-100.75,37.5,-100.75,0,0,0,0,0,81,0,0,0
665097,2022,4,27,"2022-04-27","17:34:00",3,"KS",20,0,1,0,0,0,0,37.56,-100.56,37.56,-100.56,0,0,0,0,0,69,0,0,0
665098,2022,4,27,"2022-04-27","17:37:00",3,"KS",20,0,1,0,0,0,0,37.58,-100.57,37.58,-100.57,0,0,0,0,0,69,0,0,0
665099,2022,4,27,"2022-04-27","18:00:00",3,"KS",20,0,1.75,0,0,0,0,37.52,-100.49,37.52,-100.49,0,0,0,0,0,69,0,0,0
665100,2022,4,27,"2022-04-27","18:10:00",3,"NM",35,0,1,0,0,0,0,35.36,-103.48,35.36,-103.48,0,0,0,0,0,37,0,0,0
665101,2022,4,27,"2022-04-27","18:15:00",3,"NM",35,0,1,0,0,0,0,35.36,-103.44,35.36,-103.44,0,0,0,0,0,37,0,0,0
665102,2022,4,27,"2022-04-27","18:39:00",3,"KS",20,0,0.75,0,0,0,0,37.15,-100.62,37.15,-100.62,0,0,0,0,0,119,0,0,0
665103,2022,4,27,"2022-04-27","18:40:00",3,"TX",48,0,0.88,0,0,0,0,35.87,-102.4,35.87,-102.4,0,0,0,0,0,205,0,0,0
665104,2022,4,27,"2022-04-27","18:40:00",3,"TX",48,0,1,0,0,0,0,35.88,-102.4,35.88,-102.4,0,0,0,0,0,205,0,0,0
665105,2022,4,27,"2022-04-27","20:07:00",3,"TX",48,0,1,0,0,0,0,35.64,-101.96,35.64,-101.96,0,0,0,0,0,341,0,0,0
665106,2022,4,27,"2022-04-27","22:34:00",3,"TX",48,0,1,0,0,0,0,35.86,-101.96,35.86,-101.96,0,0,0,0,0,341,0,0,0
665107,2022,4,28,"2022-04-28","06:30:00",3,"NE",31,0,1,0,0,0,0,42.5,-99.02,42.5,-99.02,0,0,0,0,0,89,0,0,0
665108,2022,4,28,"2022-04-28","06:35:00",3,"NE",31,0,0.88,0,0,0,0,42.6,-99.14,42.6,-99.14,0,0,0,0,0,89,0,0,0
665109,2022,4,28,"2022-04-28","13:30:00",3,"MN",27,0,1.25,0,0,0,0,43.86,-95.11,43.86,-95.11,0,0,0,0,0,33,0,0,0
665110,2022,4,28,"2022-04-28","14:00:00",3,"MN",27,0,1,0,0,0,0,43.72,-95.3,43.72,-95.3,0,0,0,0,0,63,0,0,0
665111,2022,4,28,"2022-04-28","14:27:00",3,"MN",27,0,1,0,0,0,0,43.73,-95.18,43.73,-95.18,0,0,0,0,0,63,0,0,0
665112,2022,4,28,"2022-04-28","15:16:00",3,"SD",46,0,1,0,0,0,0,44.06,-96.92,44.06,-96.92,0,0,0,0,0,79,0,0,0
665113,2022,4,28,"2022-04-28","15:25:00",3,"SD",46,0,1.25,0,0,0,0,44.05,-96.86,44.05,-96.86,0,0,0,0,0,101,0,0,0
665114,2022,4,28,"2022-04-28","15:29:00",3,"NE",31,0,2,0,0,0,0,40.29,-99.63,40.29,-99.63,0,0,0,0,0,65,0,0,0
665115,2022,4,28,"2022-04-28","15:30:00",3,"NE",31,0,1.75,0,0,0,0,40.28,-99.59,40.28,-99.59,0,0,0,0,0,83,0,0,0
665116,2022,4,28,"2022-04-28","15:30:00",3,"SD",46,0,1.5,0,0,0,0,44.05,-96.83,44.05,-96.83,0,0,0,0,0,101,0,0,0
665117,2022,4,28,"2022-04-28","15:46:00",3,"SD",46,0,1.25,0,0,0,0,44.05,-96.79,44.05,-96.79,0,0,0,0,0,101,0,0,0
665118,2022,4,28,"2022-04-28","16:12:00",3,"SD",46,0,2,0,0,0,0,44.09,-96.6,44.09,-96.6,0,0,0,0,0,101,0,0,0
665119,2022,4,28,"2022-04-28","16:30:00",3,"NE",31,0,1.5,0,0,0,0,40.15,-99.37,40.15,-99.37,0,0,0,0,0,83,0,0,0
665120,2022,4,28,"2022-04-28","17:07:00",3,"NE",31,0,1,0,0,0,0,40.15,-99.48,40.15,-99.48,0,0,0,0,0,83,0,0,0
665121,2022,4,28,"2022-04-28","17:22:00",3,"SD",46,0,1,0,0,0,0,44.33,-96.64,44.33,-96.64,0,0,0,0,0,11,0,0,0
665122,2022,4,28,"2022-04-28","17:40:00",3,"NE",31,0,1,0,0,0,0,41.54,-97.49,41.54,-97.49,0,0,0,0,0,141,0,0,0
665123,2022,4,28,"2022-04-28","17:48:00",3,"NE",31,0,1.25,0,0,0,0,41.54,-97.49,41.54,-97.49,0,0,0,0,0,141,0,0,0
665124,2022,4,28,"2022-04-28","17:50:00",3,"KS",20,0,1.75,0,0,0,0,40,-99.3633,39.9171,-99.1994,0,0,0,0,0,147,0,0,0
665125,2022,4,28,"2022-04-28","17:53:00",3,"NE",31,0,1.75,0,0,0,0,41.54,-97.49,41.54,-97.49,0,0,0,0,0,141,0,0,0
665126,2022,4,28,"2022-04-28","18:18:00",3,"NE",31,0,1,0,0,0,0,41.28,-98.97,41.28,-98.97,0,0,0,0,0,163,0,0,0
665127,2022,4,28,"2022-04-28","18:19:00",3,"MN",27,0,0.75,0,0,0,0,44.24,-95.88,44.24,-95.88,0,0,0,0,0,83,0,0,0
665128,2022,4,28,"2022-04-28","18:44:00",3,"NE",31,0,1,0,0,0,0,41.29,-98.57,41.29,-98.57,0,0,0,0,0,93,0,0,0
665129,2022,4,28,"2022-04-28","18:45:00",3,"NE",31,0,0.88,0,0,0,0,40.0387,-100.4123,40.0387,-100.4123,0,0,0,0,0,145,0,0,0
665130,2022,4,28,"2022-04-28","19:36:00",3,"KS",20,0,1,0,0,0,0,39.8607,-99.53,39.8607,-99.53,0,0,0,0,0,147,0,0,0
665131,2022,4,28,"2022-04-28","19:37:00",3,"SD",46,0,1,0,0,0,0,42.94,-97.55,42.94,-97.55,0,0,0,0,0,135,0,0,0
665132,2022,4,28,"2022-04-28","19:40:00",3,"KS",20,0,1.75,0,0,0,0,39.8314,-99.1999,39.8314,-99.1999,0,0,0,0,0,147,0,0,0
665133,2022,4,28,"2022-04-28","19:50:00",3,"SD",46,0,0.88,0,0,0,0,42.95,-97.37,42.95,-97.37,0,0,0,0,0,135,0,0,0
665134,2022,4,28,"2022-04-28","19:55:00",3,"SD",46,0,0.88,0,0,0,0,42.94,-97.32,42.94,-97.32,0,0,0,0,0,135,0,0,0
665135,2022,4,28,"2022-04-28","20:09:00",3,"KS",20,0,2,0,0,0,0,39.83,-99.4192,39.8114,-99.3999,0,0,0,0,0,147,0,0,0
665136,2022,4,28,"2022-04-28","22:10:00",3,"NE",31,0,1.25,0,0,0,0,40.28,-99.77,40.28,-99.77,0,0,0,0,0,65,0,0,0
665137,2022,4,28,"2022-04-28","22:15:00",3,"NE",31,0,1,0,0,0,0,40.2693,-100.0603,40.2693,-100.0603,0,0,0,0,0,65,0,0,0
665138,2022,4,28,"2022-04-28","23:00:00",3,"NE",31,0,1.75,0,0,0,0,40.2795,-100.0468,40.2795,-100.0468,0,0,0,0,0,65,0,0,0
665139,2022,4,28,"2022-04-28","23:06:00",3,"NE",31,0,2,0,0,0,0,40.28,-100.17,40.28,-100.17,0,0,0,0,0,65,0,0,0
665140,2022,4,29,"2022-04-29","01:55:00",3,"KS",20,0,2,0,0,0,0,37.79,-97.63,37.79,-97.63,0,0,0,0,0,173,0,0,0
665141,2022,4,29,"2022-04-29","02:47:00",3,"KS",20,0,1.25,0,0,0,0,37.26,-96.98,37.26,-96.98,0,0,0,0,0,35,0,0,0
665142,2022,4,29,"2022-04-29","03:16:00",3,"KS",20,0,1,0,0,0,0,37.18,-96.72,37.18,-96.72,0,0,0,0,0,35,0,0,0
665143,2022,4,29,"2022-04-29","08:23:00",3,"KS",20,0,1,0,0,0,0,38.31,-94.75,38.31,-94.75,0,0,0,0,0,107,0,0,0
665144,2022,4,29,"2022-04-29","08:54:00",3,"MO",29,0,1,0,0,0,0,38.3979,-94.4188,38.3979,-94.4188,0,0,0,0,0,13,0,0,0
665145,2022,4,29,"2022-04-29","09:33:00",3,"MO",29,0,1,0,0,0,0,38.72,-94.22,38.72,-94.22,0,0,0,0,0,37,0,0,0
665146,2022,4,29,"2022-04-29","10:21:00",3,"MO",29,0,1.75,0,0,0,0,38.82,-93.92,38.82,-93.92,0,0,0,0,0,101,0,0,0
665147,2022,4,29,"2022-04-29","10:43:00",3,"MO",29,0,1,0,0,0,0,38.77,-93.7,38.77,-93.7,0,0,0,0,0,101,0,0,0
665148,2022,4,29,"2022-04-29","11:02:00",3,"MO",29,0,1,0,0,0,0,38.76,-93.42,38.76,-93.42,0,0,0,0,0,159,0,0,0
665149,2022,4,29,"2022-04-29","11:20:00",3,"IA",19,0,0.88,0,0,0,0,41.5879,-93.7064,41.5879,-93.7064,0,0,0,0,0,153,0,0,0
665150,2022,4,29,"2022-04-29","11:45:00",3,"MO",29,0,0.88,0,0,0,0,38.18,-92.79,38.18,-92.79,0,0,0,0,0,29,0,0,0
665151,2022,4,29,"2022-04-29","14:31:00",3,"KS",20,0,1,0,0,0,0,38.28,-99.88,38.28,-99.88,0,0,0,0,0,135,0,0,0
665152,2022,4,29,"2022-04-29","14:43:00",3,"NE",31,0,2.75,0,0,0,0,40.2276,-100.02,40.2276,-100.02,0,0,0,0,0,65,0,0,0
665153,2022,4,29,"2022-04-29","14:48:00",3,"NE",31,0,2,0,0,0,0,40.25,-99.9,40.25,-99.9,0,0,0,0,0,65,0,0,0
665154,2022,4,29,"2022-04-29","14:52:00",3,"KS",20,0,0.75,0,0,0,0,39.4963,-101.819,39.4963,-101.819,0,0,0,0,0,181,0,0,0
665155,2022,4,29,"2022-04-29","15:05:00",3,"NE",31,0,2.5,0,0,0,0,40.1401,-99.8882,40.1594,-99.7066,0,0,0,0,0,65,0,0,0
665156,2022,4,29,"2022-04-29","15:30:00",3,"NE",31,0,1,0,0,0,0,40.56,-100,40.56,-100,0,0,0,0,0,63,0,0,0
665157,2022,4,29,"2022-04-29","15:47:00",3,"NE",31,0,1,0,0,0,0,40.82,-99.88,40.82,-99.88,0,0,0,0,0,47,0,0,0
665158,2022,4,29,"2022-04-29","15:54:00",3,"NE",31,0,2,0,0,0,0,40.13,-99.6179,40.06,-99.53,0,0,0,0,0,83,0,0,0
665159,2022,4,29,"2022-04-29","16:03:00",3,"NE",31,0,1,0,0,0,0,41.64,-99.37,41.64,-99.37,0,0,0,0,0,41,0,0,0
665160,2022,4,29,"2022-04-29","16:10:00",3,"NE",31,0,1.75,0,0,0,0,40.7,-99.08,40.7,-99.08,0,0,0,0,0,19,0,0,0
665161,2022,4,29,"2022-04-29","16:10:00",3,"NE",31,0,2.5,0,0,0,0,40.48,-99.13,40.4796,-99.0821,0,0,0,0,0,99,0,0,0
665162,2022,4,29,"2022-04-29","16:15:00",3,"KS",20,0,1.5,0,0,0,0,39.95,-99.53,39.95,-99.53,0,0,0,0,0,147,0,0,0
665163,2022,4,29,"2022-04-29","16:30:00",3,"KS",20,0,0.75,0,0,0,0,38.8614,-100.1699,38.8614,-100.1699,0,0,0,0,0,63,0,0,0
665164,2022,4,29,"2022-04-29","16:30:00",3,"NE",31,0,4,0,0,0,0,40.44,-99.04,40.44,-99.04,0,0,0,0,0,99,0,0,0
665165,2022,4,29,"2022-04-29","16:38:00",3,"KS",20,0,1,0,0,0,0,38.8,-97.07,38.8,-97.07,0,0,0,0,0,41,0,0,0
665166,2022,4,29,"2022-04-29","16:39:00",3,"NE",31,0,1.75,0,0,0,0,40.1,-99.36,40.0746,-99.2116,0,0,0,0,0,83,0,0,0
665167,2022,4,29,"2022-04-29","16:44:00",3,"NE",31,0,1,0,0,0,0,40.12,-97.06,40.12,-97.06,0,0,0,0,0,95,0,0,0
665168,2022,4,29,"2022-04-29","16:49:00",3,"NE",31,0,1.5,0,0,0,0,40.5,-98.95,40.5,-98.95,0,0,0,0,0,99,0,0,0
665169,2022,4,29,"2022-04-29","16:51:00",3,"KS",20,0,1.25,0,0,0,0,38.93,-97.22,38.93,-97.22,0,0,0,0,0,41,0,0,0
665170,2022,4,29,"2022-04-29","16:54:00",3,"KS",20,0,2,0,0,0,0,39.57,-97.66,39.57,-97.66,0,0,0,0,0,29,0,0,0
665171,2022,4,29,"2022-04-29","17:00:00",3,"NE",31,0,1.75,0,0,0,0,40.22,-98.45,40.22,-98.45,0,0,0,0,0,181,0,0,0
665172,2022,4,29,"2022-04-29","17:01:00",3,"NE",31,0,0.88,0,0,0,0,41.08,-98.72,41.08,-98.72,0,0,0,0,0,93,0,0,0
665173,2022,4,29,"2022-04-29","17:05:00",3,"KS",20,0,1,0,0,0,0,39.2195,-99.8662,39.2195,-99.8662,0,0,0,0,0,65,0,0,0
665174,2022,4,29,"2022-04-29","17:07:00",3,"NE",31,0,1,0,0,0,0,40.3705,-98.1031,40.3705,-98.1031,0,0,0,0,0,35,0,0,0
665175,2022,4,29,"2022-04-29","17:11:00",3,"NE",31,0,0.88,0,0,0,0,40.35,-98.054,40.35,-98.054,0,0,0,0,0,35,0,0,0
665176,2022,4,29,"2022-04-29","17:13:00",3,"KS",20,0,1.75,0,0,0,0,39.05,-97.17,39.05,-97.17,0,0,0,0,0,41,0,0,0
665177,2022,4,29,"2022-04-29","17:14:00",3,"NE",31,0,1,0,0,0,0,40.12,-96.94,40.12,-96.94,0,0,0,0,0,95,0,0,0
665178,2022,4,29,"2022-04-29","17:15:00",3,"NE",31,0,1,0,0,0,0,40.23,-96.92,40.23,-96.92,0,0,0,0,0,95,0,0,0
665179,2022,4,29,"2022-04-29","17:15:00",3,"NE",31,0,1.25,0,0,0,0,40.15,-97.7768,40.15,-97.7768,0,0,0,0,0,169,0,0,0
665180,2022,4,29,"2022-04-29","17:23:00",3,"KS",20,0,1.5,0,0,0,0,39.12,-97.15,39.12,-97.15,0,0,0,0,0,41,0,0,0
665181,2022,4,29,"2022-04-29","17:26:00",3,"NE",31,0,1,0,0,0,0,40.2766,-97.8,40.2766,-97.8,0,0,0,0,0,169,0,0,0
665182,2022,4,29,"2022-04-29","17:27:00",3,"KS",20,0,0.88,0,0,0,0,39.84,-97.17,39.84,-97.17,0,0,0,0,0,201,0,0,0
665183,2022,4,29,"2022-04-29","17:29:00",3,"KS",20,0,1.5,0,0,0,0,38.8,-97.15,38.8,-97.15,0,0,0,0,0,41,0,0,0
665184,2022,4,29,"2022-04-29","17:30:00",3,"KS",20,0,0.75,0,0,0,0,39.4,-99.45,39.4,-99.45,0,0,0,0,0,163,0,0,0
665185,2022,4,29,"2022-04-29","17:35:00",3,"KS",20,0,0.88,0,0,0,0,39.4666,-99.4621,39.4666,-99.4621,0,0,0,0,0,163,0,0,0
665186,2022,4,29,"2022-04-29","17:38:00",3,"NE",31,0,0.75,0,0,0,0,40.77,-98.36,40.77,-98.36,0,0,0,0,0,79,0,0,0
665187,2022,4,29,"2022-04-29","17:45:00",3,"KS",20,0,4,0,0,0,0,38.9,-97.12,38.9,-97.12,0,0,0,0,0,41,0,0,0
665188,2022,4,29,"2022-04-29","17:48:00",3,"KS",20,0,1.75,0,0,0,0,38.91,-97.21,38.91,-97.21,0,0,0,0,0,41,0,0,0
665189,2022,4,29,"2022-04-29","17:50:00",3,"NE",31,0,0.88,0,0,0,0,40.92,-98.35,40.92,-98.35,0,0,0,0,0,79,0,0,0
665190,2022,4,29,"2022-04-29","17:51:00",3,"KS",20,0,1,0,0,0,0,38.92,-97.21,38.92,-97.21,0,0,0,0,0,41,0,0,0
665191,2022,4,29,"2022-04-29","17:53:00",3,"KS",20,0,1.75,0,0,0,0,38.94,-97.17,38.94,-97.17,0,0,0,0,0,41,0,0,0
665192,2022,4,29,"2022-04-29","17:55:00",3,"NE",31,0,1,0,0,0,0,40.2,-98.07,40.2,-98.07,0,0,0,0,0,129,0,0,0
665193,2022,4,29,"2022-04-29","17:59:00",3,"KS",20,0,1.75,0,0,0,0,38.92,-97.21,38.92,-97.21,0,0,0,0,0,41,0,0,0
665194,2022,4,29,"2022-04-29","18:00:00",3,"KS",20,0,2.75,0,0,0,0,38.94,-97.12,38.94,-97.12,0,0,0,0,0,41,0,0,0
665195,2022,4,29,"2022-04-29","18:03:00",3,"KS",20,0,1,0,0,0,0,38.98,-97.02,38.98,-97.02,0,0,0,0,0,41,0,0,0
665196,2022,4,29,"2022-04-29","18:05:00",3,"KS",20,0,1.5,0,0,0,0,38.97,-96.99,38.97,-96.99,0,0,0,0,0,41,0,0,0
665197,2022,4,29,"2022-04-29","18:17:00",3,"KS",20,0,2.75,0,0,0,0,39.03,-97,39.03,-97,0,0,0,0,0,41,0,0,0
665198,2022,4,29,"2022-04-29","18:17:00",3,"KS",20,0,2.75,0,0,0,0,38.96,-97.09,38.96,-97.09,0,0,0,0,0,41,0,0,0
665199,2022,4,29,"2022-04-29","18:20:00",3,"KS",20,0,1.5,0,0,0,0,39.05,-96.98,39.05,-96.98,0,0,0,0,0,41,0,0,0
665200,2022,4,29,"2022-04-29","18:20:00",3,"KS",20,0,2,0,0,0,0,38.92,-97.21,38.92,-97.21,0,0,0,0,0,41,0,0,0
665201,2022,4,29,"2022-04-29","18:27:00",3,"IL",17,0,1,0,0,0,0,39.45,-90.2362,39.45,-90.2362,0,0,0,0,0,61,0,0,0
665202,2022,4,29,"2022-04-29","18:33:00",3,"KS",20,0,2,0,0,0,0,39.09,-96.89,39.09,-96.89,0,0,0,0,0,61,0,0,0
665203,2022,4,29,"2022-04-29","18:35:00",3,"NE",31,0,1,0,0,0,0,40.12,-96.66,40.12,-96.66,0,0,0,0,0,67,0,0,0
665204,2022,4,29,"2022-04-29","18:35:00",3,"IL",17,0,1,0,0,0,0,39.3702,-90.1345,39.3702,-90.1345,0,0,0,0,0,117,0,0,0
665205,2022,4,29,"2022-04-29","18:38:00",3,"KS",20,0,1,0,0,0,0,38.03,-96.97,38.03,-96.97,0,0,0,0,0,15,0,0,0
665206,2022,4,29,"2022-04-29","18:43:00",3,"NE",31,0,1,0,0,0,0,41.2307,-97.3892,41.2307,-97.3892,0,0,0,0,0,143,0,0,0
665207,2022,4,29,"2022-04-29","18:47:00",3,"KS",20,0,1.25,0,0,0,0,37.68,-97.26,37.68,-97.26,0,0,0,0,0,173,0,0,0
665208,2022,4,29,"2022-04-29","18:55:00",3,"KS",20,0,1,0,0,0,0,37.6897,-97.1448,37.6897,-97.1448,0,0,0,0,0,15,0,0,0
665209,2022,4,29,"2022-04-29","19:00:00",3,"KS",20,0,1.5,0,0,0,0,38.94,-97.02,38.94,-97.02,0,0,0,0,0,41,0,0,0
665210,2022,4,29,"2022-04-29","19:32:00",3,"NE",31,0,1.5,0,0,0,0,40.98,-96.18,40.98,-96.18,0,0,0,0,0,25,0,0,0
665211,2022,4,29,"2022-04-29","19:42:00",3,"NE",31,0,1,0,0,0,0,40.8,-96.12,40.8,-96.12,0,0,0,0,0,25,0,0,0
665212,2022,4,29,"2022-04-29","19:47:00",3,"NE",31,0,1,0,0,0,0,41.79,-96.36,41.79,-96.36,0,0,0,0,0,21,0,0,0
665213,2022,4,29,"2022-04-29","19:50:00",3,"KS",20,0,1.5,0,0,0,0,37.9,-96.3,37.9,-96.3,0,0,0,0,0,73,0,0,0
665214,2022,4,29,"2022-04-29","19:50:00",3,"KS",20,0,2.5,0,0,0,0,37.84,-96.83,37.84,-96.83,0,0,0,0,0,15,0,0,0
665215,2022,4,29,"2022-04-29","20:01:00",3,"KS",20,0,1.75,0,0,0,0,37.82,-96.66,37.82,-96.66,0,0,0,0,0,15,0,0,0
665216,2022,4,29,"2022-04-29","20:03:00",3,"KS",20,0,1.25,0,0,0,0,37.82,-96.7784,37.82,-96.7784,0,0,0,0,0,15,0,0,0
665217,2022,4,29,"2022-04-29","20:19:00",3,"KS",20,0,1,0,0,0,0,37.66,-97.44,37.66,-97.44,0,0,0,0,0,173,0,0,0
665218,2022,4,29,"2022-04-29","20:29:00",3,"KS",20,0,1.5,0,0,0,0,37.61,-97.41,37.61,-97.41,0,0,0,0,0,173,0,0,0
665219,2022,4,29,"2022-04-29","20:32:00",3,"KS",20,0,1,0,0,0,0,38.08,-95.65,38.08,-95.65,0,0,0,0,0,31,0,0,0
665220,2022,4,29,"2022-04-29","20:34:00",3,"KS",20,0,1.75,0,0,0,0,37.68,-97.13,37.68,-97.13,0,0,0,0,0,15,0,0,0
665221,2022,4,29,"2022-04-29","20:35:00",3,"KS",20,0,1,0,0,0,0,38.0011,-96.63,38.0011,-96.63,0,0,0,0,0,15,0,0,0
665222,2022,4,29,"2022-04-29","20:42:00",3,"MO",29,0,1,0,0,0,0,39.55,-95.1,39.55,-95.1,0,0,0,0,0,21,0,0,0
665223,2022,4,29,"2022-04-29","20:48:00",3,"KS",20,0,1,0,0,0,0,37.5767,-97.256,37.5767,-97.256,0,0,0,0,0,173,0,0,0
665224,2022,4,29,"2022-04-29","20:52:00",3,"MO",29,0,0.88,0,0,0,0,39.2,-94.68,39.2,-94.68,0,0,0,0,0,165,0,0,0
665225,2022,4,29,"2022-04-29","21:10:00",3,"KS",20,0,1,0,0,0,0,38.13,-96.14,38.13,-96.14,0,0,0,0,0,73,0,0,0
665226,2022,4,29,"2022-04-29","21:34:00",3,"KS",20,0,0.88,0,0,0,0,37.27,-97.4,37.27,-97.4,0,0,0,0,0,191,0,0,0
665227,2022,4,29,"2022-04-29","23:09:00",3,"OK",40,0,1,0,0,0,0,36.14,-97.12,36.14,-97.12,0,0,0,0,0,119,0,0,0
665228,2022,4,29,"2022-04-29","23:15:00",3,"OK",40,0,1,0,0,0,0,36.12,-97.09,36.12,-97.09,0,0,0,0,0,119,0,0,0
665229,2022,4,29,"2022-04-29","23:18:00",3,"OK",40,0,1,0,0,0,0,36.12,-97.06,36.12,-97.06,0,0,0,0,0,119,0,0,0
665230,2022,4,29,"2022-04-29","23:20:00",3,"OK",40,0,1,0,0,0,0,36.13,-97.05,36.13,-97.05,0,0,0,0,0,119,0,0,0
665231,2022,4,29,"2022-04-29","23:21:00",3,"OK",40,0,1,0,0,0,0,36.1,-97.11,36.1,-97.11,0,0,0,0,0,119,0,0,0
665232,2022,4,29,"2022-04-29","23:23:00",3,"OK",40,0,1,0,0,0,0,36.1,-97.11,36.1,-97.11,0,0,0,0,0,119,0,0,0
665233,2022,4,29,"2022-04-29","23:26:00",3,"OK",40,0,1,0,0,0,0,36.11,-97.07,36.11,-97.07,0,0,0,0,0,119,0,0,0
665234,2022,4,29,"2022-04-29","23:28:00",3,"OK",40,0,1.25,0,0,0,0,36.12,-97.06,36.12,-97.06,0,0,0,0,0,119,0,0,0
665235,2022,4,29,"2022-04-29","23:34:00",3,"MO",29,0,1,0,0,0,0,38.8,-93.3,38.8,-93.3,0,0,0,0,0,159,0,0,0
665236,2022,4,29,"2022-04-29","23:45:00",3,"OK",40,0,1,0,0,0,0,36.12,-97.12,36.12,-97.12,0,0,0,0,0,119,0,0,0
665237,2022,4,29,"2022-04-29","23:45:00",3,"KS",20,0,0.75,0,0,0,0,37.34,-95.41,37.34,-95.41,0,0,0,0,0,99,0,0,0
665238,2022,4,29,"2022-04-29","23:49:00",3,"OK",40,0,1,0,0,0,0,36.12,-97.12,36.12,-97.12,0,0,0,0,0,119,0,0,0
665239,2022,4,30,"2022-04-30","00:02:00",3,"OK",40,0,1.75,0,0,0,0,35.98,-96.76,35.98,-96.76,0,0,0,0,0,119,0,0,0
665240,2022,4,30,"2022-04-30","00:38:00",3,"OK",40,0,0.75,0,0,0,0,35.7566,-96.5,35.7566,-96.5,0,0,0,0,0,37,0,0,0
665241,2022,4,30,"2022-04-30","00:40:00",3,"OK",40,0,1,0,0,0,0,35.83,-96.38,35.83,-96.38,0,0,0,0,0,37,0,0,0
665242,2022,4,30,"2022-04-30","14:30:00",3,"WI",55,0,1,0,0,0,0,42.61,-90.42,42.61,-90.42,0,0,0,0,0,65,0,0,0
665243,2022,4,30,"2022-04-30","14:55:00",3,"IL",17,0,0.75,0,0,0,0,38.4066,-87.7771,38.4066,-87.7771,0,0,0,0,0,185,0,0,0
665244,2022,4,30,"2022-04-30","15:03:00",3,"IL",17,0,1,0,0,0,0,41.24,-88.42,41.24,-88.42,0,0,0,0,0,63,0,0,0
665245,2022,4,30,"2022-04-30","15:32:00",3,"TX",48,0,1.25,0,0,0,0,30.53,-97.56,30.53,-97.56,0,0,0,0,0,491,0,0,0
665246,2022,4,30,"2022-04-30","15:34:00",3,"MO",29,0,1.75,0,0,0,0,37,-91.02,37.0277,-90.9363,0,0,0,0,0,35,0,0,0
665247,2022,4,30,"2022-04-30","15:36:00",3,"FL",12,0,1,0,0,0,0,26.64,-81.63,26.64,-81.63,0,0,0,0,0,71,0,0,0
665248,2022,4,30,"2022-04-30","15:45:00",3,"MO",29,0,1.75,0,0,0,0,37.0882,-90.8849,37.0882,-90.8849,0,0,0,0,0,179,0,0,0
665249,2022,4,30,"2022-04-30","15:48:00",3,"TX",48,0,1.75,0,0,0,0,30.53,-97.56,30.53,-97.56,0,0,0,0,0,491,0,0,0
665250,2022,4,30,"2022-04-30","15:50:00",3,"TX",48,0,1.25,0,0,0,0,30.55,-97.54,30.55,-97.54,0,0,0,0,0,491,0,0,0
665251,2022,4,30,"2022-04-30","15:51:00",3,"MO",29,0,2,0,0,0,0,37.8,-90.05,37.87,-89.95,0,0,0,0,0,186,0,0,0
665252,2022,4,30,"2022-04-30","15:53:00",3,"MO",29,0,1.5,0,0,0,0,37.8607,-89.9189,37.8567,-89.844,0,0,0,0,0,157,0,0,0
665253,2022,4,30,"2022-04-30","15:55:00",3,"MO",29,0,2.25,0,0,0,0,37.5504,-90.3523,37.5756,-90.2876,0,0,0,0,0,123,0,0,0
665254,2022,4,30,"2022-04-30","16:06:00",3,"MO",29,0,1.5,0,0,0,0,37.133,-90.7597,37.07,-90.72,0,0,0,0,0,223,0,0,0
665255,2022,4,30,"2022-04-30","16:12:00",3,"IL",17,0,1,0,0,0,0,42.2,-89.12,42.2,-89.12,0,0,0,0,0,201,0,0,0
665256,2022,4,30,"2022-04-30","16:15:00",3,"TX",48,0,1,0,0,0,0,30.47,-97.47,30.47,-97.47,0,0,0,0,0,491,0,0,0
665257,2022,4,30,"2022-04-30","16:17:00",3,"IL",17,0,1.5,0,0,0,0,42.1855,-89.1,42.1855,-89.1,0,0,0,0,0,201,0,0,0
665258,2022,4,30,"2022-04-30","16:18:00",3,"IL",17,0,1.75,0,0,0,0,37.8929,-89.8016,37.8929,-89.8016,0,0,0,0,0,157,0,0,0
665259,2022,4,30,"2022-04-30","16:19:00",3,"AR",5,0,1,0,0,0,0,35.03,-92.05,35.03,-92.05,0,0,0,0,0,85,0,0,0
665260,2022,4,30,"2022-04-30","16:30:00",3,"IL",17,0,1,0,0,0,0,42.1,-89.11,42.1,-89.11,0,0,0,0,0,141,0,0,0
665261,2022,4,30,"2022-04-30","16:33:00",3,"IL",17,0,1,0,0,0,0,39.67,-89.6436,39.67,-89.6436,0,0,0,0,0,167,0,0,0
665262,2022,4,30,"2022-04-30","16:36:00",3,"MO",29,0,1,0,0,0,0,37.17,-90.72,37.17,-90.72,0,0,0,0,0,223,0,0,0
665263,2022,4,30,"2022-04-30","16:53:00",3,"IL",17,0,1.25,0,0,0,0,40.2495,-89.2568,40.2495,-89.2568,0,0,0,0,0,107,0,0,0
665264,2022,4,30,"2022-04-30","16:56:00",3,"IL",17,0,0.88,0,0,0,0,41.2189,-88.8342,41.2189,-88.8342,0,0,0,0,0,99,0,0,0
665265,2022,4,30,"2022-04-30","16:57:00",3,"IL",17,0,0.88,0,0,0,0,39.5698,-89.5133,39.5698,-89.5133,0,0,0,0,0,21,0,0,0
665266,2022,4,30,"2022-04-30","16:58:00",3,"TX",48,0,1,0,0,0,0,31.63,-95.64,31.63,-95.64,0,0,0,0,0,1,0,0,0
665267,2022,4,30,"2022-04-30","16:59:00",3,"IL",17,0,1.5,0,0,0,0,42.17,-88.9,42.17,-88.9,0,0,0,0,0,7,0,0,0
665268,2022,4,30,"2022-04-30","17:00:00",3,"MO",29,0,0.88,0,0,0,0,37.18,-90.57,37.18,-90.57,0,0,0,0,0,223,0,0,0
665269,2022,4,30,"2022-04-30","17:08:00",3,"AR",5,0,1.5,0,0,0,0,35,-91.74,35,-91.74,0,0,0,0,0,117,0,0,0
665270,2022,4,30,"2022-04-30","17:10:00",3,"IL",17,0,1,0,0,0,0,39.4471,-89.57,39.4471,-89.57,0,0,0,0,0,135,0,0,0
665271,2022,4,30,"2022-04-30","17:10:00",3,"MO",29,0,1,0,0,0,0,37.13,-90.47,37.13,-90.47,0,0,0,0,0,223,0,0,0
665272,2022,4,30,"2022-04-30","17:13:00",3,"IL",17,0,1,0,0,0,0,40.27,-89.23,40.27,-89.23,0,0,0,0,0,107,0,0,0
665273,2022,4,30,"2022-04-30","17:14:00",3,"IL",17,0,1,0,0,0,0,42.27,-88.85,42.27,-88.85,0,0,0,0,0,7,0,0,0
665274,2022,4,30,"2022-04-30","17:26:00",3,"IL",17,0,0.75,0,0,0,0,39.5602,-89.2867,39.5602,-89.2867,0,0,0,0,0,21,0,0,0
665275,2022,4,30,"2022-04-30","17:31:00",3,"IL",17,0,0.75,0,0,0,0,40.4055,-88.8876,40.4055,-88.8876,0,0,0,0,0,113,0,0,0
665276,2022,4,30,"2022-04-30","17:36:00",3,"TX",48,0,1.25,0,0,0,0,31.67,-95.72,31.67,-95.72,0,0,0,0,0,1,0,0,0
665277,2022,4,30,"2022-04-30","17:40:00",3,"IL",17,0,1,0,0,0,0,39.46,-89.41,39.46,-89.41,0,0,0,0,0,21,0,0,0
665278,2022,4,30,"2022-04-30","17:44:00",3,"IL",17,0,1,0,0,0,0,39.5602,-89.2867,39.5602,-89.2867,0,0,0,0,0,21,0,0,0
665279,2022,4,30,"2022-04-30","17:58:00",3,"TX",48,0,0.75,0,0,0,0,31.14,-96.04,31.14,-96.04,0,0,0,0,0,289,0,0,0
665280,2022,4,30,"2022-04-30","18:00:00",3,"TX",48,0,1,0,0,0,0,31.15,-95.97,31.15,-95.97,0,0,0,0,0,289,0,0,0
665281,2022,4,30,"2022-04-30","18:01:00",3,"AR",5,0,1,0,0,0,0,34.98,-91.51,34.98,-91.51,0,0,0,0,0,117,0,0,0
665282,2022,4,30,"2022-04-30","18:02:00",3,"IL",17,0,1.25,0,0,0,0,39.77,-88.88,39.77,-88.88,0,0,0,0,0,115,0,0,0
665283,2022,4,30,"2022-04-30","18:10:00",3,"TX",48,0,1.75,0,0,25000,0,31.15,-95.97,31.15,-95.97,0,0,0,0,0,289,0,0,0
665284,2022,4,30,"2022-04-30","18:14:00",3,"TX",48,0,0.88,0,0,0,0,29.87,-99.76,29.87,-99.76,0,0,0,0,0,385,0,0,0
665285,2022,4,30,"2022-04-30","18:18:00",3,"IL",17,0,1.25,0,0,0,0,39.7598,-88.8667,39.7598,-88.8667,0,0,0,0,0,115,0,0,0
665286,2022,4,30,"2022-04-30","18:25:00",3,"IL",17,0,1,0,0,0,0,40.75,-88.29,40.75,-88.29,0,0,0,0,0,105,0,0,0
665287,2022,4,30,"2022-04-30","18:30:00",3,"IL",17,0,1,0,0,0,0,39.92,-88.57,39.92,-88.57,0,0,0,0,0,147,0,0,0
665288,2022,4,30,"2022-04-30","18:33:00",3,"IL",17,0,1,0,0,0,0,40.75,-88.18,40.75,-88.18,0,0,0,0,0,53,0,0,0
665289,2022,4,30,"2022-04-30","18:42:00",3,"IL",17,0,0.75,0,0,0,0,39.93,-88.45,39.93,-88.45,0,0,0,0,0,19,0,0,0
665290,2022,4,30,"2022-04-30","18:50:00",3,"TX",48,0,1.5,0,0,0,0,30.96,-95.92,30.96,-95.92,0,0,0,0,0,313,0,0,0
665291,2022,4,30,"2022-04-30","18:52:00",3,"AR",5,0,1,0,0,0,0,34.88,-91.19,34.88,-91.19,0,0,0,0,0,95,0,0,0
665292,2022,4,30,"2022-04-30","18:56:00",3,"IL",17,0,0.75,0,0,0,0,40.05,-88.25,40.05,-88.25,0,0,0,0,0,19,0,0,0
665293,2022,4,30,"2022-04-30","19:03:00",3,"IL",17,0,1,0,0,0,0,38.03,-89.57,38.03,-89.57,0,0,0,0,0,145,0,0,0
665294,2022,4,30,"2022-04-30","19:45:00",3,"TX",48,0,1.5,0,0,0,0,30.92,-95.94,30.92,-95.94,0,0,0,0,0,313,0,0,0
665295,2022,4,30,"2022-04-30","20:00:00",3,"AR",5,0,1.5,0,0,0,0,34.86,-90.91,34.86,-90.91,0,0,0,0,0,77,0,0,0
665296,2022,4,30,"2022-04-30","20:25:00",3,"AR",5,0,0.88,0,0,0,0,34.69,-90.77,34.69,-90.77,0,0,0,0,0,77,0,0,0
665297,2022,4,30,"2022-04-30","20:38:00",3,"AR",5,0,1.75,0,0,0,0,34.72,-90.82,34.72,-90.82,0,0,0,0,0,77,0,0,0
665298,2022,4,30,"2022-04-30","20:47:00",3,"AR",5,0,0.75,0,0,0,0,34.74,-90.77,34.74,-90.77,0,0,0,0,0,77,0,0,0
665299,2022,4,30,"2022-04-30","20:57:00",3,"AR",5,0,1,0,0,0,0,33.1352,-92.6318,33.1352,-92.6318,0,0,0,0,0,139,0,0,0
665300,2022,4,30,"2022-04-30","21:20:00",3,"MS",28,0,1,0,0,0,0,34.63,-90.15,34.63,-90.15,0,0,0,0,0,137,0,0,0
665301,2022,4,30,"2022-04-30","21:45:00",3,"MS",28,0,0.75,0,0,0,0,34.69,-89.98,34.69,-89.98,0,0,0,0,0,137,0,0,0
665302,2022,4,30,"2022-04-30","22:16:00",3,"MS",28,0,0.75,0,0,0,0,34.43,-89.85,34.43,-89.85,0,0,0,0,0,107,0,0,0
664134,2022,4,2,"2022-04-02","13:55:00",3,"FL",12,0,1,0,0,0,0,28.1,-81.22,28.1,-81.22,0,0,0,0,0,97,0,0,0
664135,2022,4,2,"2022-04-02","15:20:00",3,"FL",12,0,1,0,0,0,0,27.77,-80.48,27.77,-80.48,0,0,0,0,0,61,0,0,0
664136,2022,4,3,"2022-04-03","16:26:00",3,"FL",12,0,1,0,0,0,0,25.6232,-80.4401,25.6232,-80.4401,0,0,0,0,0,86,0,0,0
664137,2022,4,3,"2022-04-03","16:27:00",3,"FL",12,0,1,0,0,0,0,25.6112,-80.4278,25.6112,-80.4278,0,0,0,0,0,86,0,0,0
664138,2022,4,3,"2022-04-03","16:32:00",3,"FL",12,0,1,0,0,0,0,25.643,-80.3671,25.643,-80.3671,0,0,0,0,0,86,0,0,0
664139,2022,4,3,"2022-04-03","16:43:00",3,"FL",12,0,1,0,0,0,0,25.6668,-80.3915,25.6668,-80.3915,0,0,0,0,0,86,0,0,0
664140,2022,4,3,"2022-04-03","16:55:00",3,"FL",12,0,1.5,0,0,0,0,25.7146,-80.3414,25.7146,-80.3414,0,0,0,0,0,86,0,0,0
664141,2022,4,3,"2022-04-03","16:55:00",3,"FL",12,0,1,0,0,0,0,25.71,-80.37,25.71,-80.37,0,0,0,0,0,86,0,0,0
664142,2022,4,3,"2022-04-03","16:57:00",3,"FL",12,0,1,0,0,0,0,25.69,-80.34,25.69,-80.34,0,0,0,0,0,86,0,0,0
664143,2022,4,3,"2022-04-03","18:57:00",3,"OK",40,0,1.18,0,0,0,0,35.21,-99.11,35.21,-99.11,0,0,0,0,0,149,0,0,0
664144,2022,4,3,"2022-04-03","19:25:00",3,"OK",40,0,1.25,0,0,0,0,35.4,-98.58,35.4,-98.58,0,0,0,0,0,15,0,0,0
664145,2022,4,3,"2022-04-03","21:07:00",3,"OK",40,0,1,0,0,0,0,34.78,-98.54,34.78,-98.54,0,0,0,0,0,31,0,0,0
664146,2022,4,3,"2022-04-03","21:18:00",3,"OK",40,0,1,0,0,0,0,34.79,-98.43,34.79,-98.43,0,0,0,0,0,31,0,0,0
664147,2022,4,4,"2022-04-04","11:00:00",3,"OK",40,0,1,0,0,0,0,34.78,-98.39,34.78,-98.39,0,0,0,0,0,31,0,0,0
664148,2022,4,4,"2022-04-04","11:15:00",3,"OK",40,0,1,0,0,0,0,34.25,-97.26,34.25,-97.26,0,0,0,0,0,19,0,0,0
664149,2022,4,4,"2022-04-04","12:25:00",3,"OK",40,0,1.25,0,0,0,0,34.89,-97.3,34.89,-97.3,0,0,0,0,0,87,0,0,0
664150,2022,4,4,"2022-04-04","12:44:00",3,"FL",12,0,0.75,0,0,0,0,25.4,-80.66,25.4,-80.66,0,0,0,0,0,86,0,0,0
664151,2022,4,4,"2022-04-04","13:40:00",3,"FL",12,0,1.25,0,0,0,0,26.7758,-81.453,26.7758,-81.453,0,0,0,0,0,51,0,0,0
664152,2022,4,4,"2022-04-04","13:40:00",3,"FL",12,0,2,0,0,0,0,26.76,-81.44,26.76,-81.44,0,0,0,0,0,51,0,0,0
664153,2022,4,4,"2022-04-04","13:44:00",3,"FL",12,0,1,0,0,0,0,26.76,-81.44,26.76,-81.44,0,0,0,0,0,51,0,0,0
664154,2022,4,4,"2022-04-04","14:00:00",3,"FL",12,0,1,0,0,0,0,26.77,-81.27,26.77,-81.27,0,0,0,0,0,51,0,0,0
664155,2022,4,4,"2022-04-04","16:35:00",3,"FL",12,0,1.75,0,0,5e+05,0,27.5033,-81.4925,27.5033,-81.4925,0,0,0,0,0,55,0,0,0
664156,2022,4,4,"2022-04-04","16:53:00",3,"FL",12,0,1.75,0,0,0,0,27.58,-81.4484,27.58,-81.4484,0,0,0,0,0,55,0,0,0
664157,2022,4,4,"2022-04-04","17:35:00",3,"TX",48,0,1,0,0,0,0,33.22,-98.05,33.22,-98.05,0,0,0,0,0,237,0,0,0
664158,2022,4,4,"2022-04-04","17:45:00",3,"TX",48,0,1.5,0,0,0,0,29.46,-100.94,29.46,-100.94,0,0,0,0,0,465,0,0,0
664159,2022,4,4,"2022-04-04","17:55:00",3,"TX",48,0,1,0,0,0,0,29.46,-100.95,29.46,-100.95,0,0,0,0,0,465,0,0,0
664160,2022,4,4,"2022-04-04","17:55:00",3,"TX",48,0,1.25,0,0,0,0,29.47,-101.01,29.47,-101.01,0,0,0,0,0,465,0,0,0
664161,2022,4,4,"2022-04-04","18:00:00",3,"TX",48,0,0.88,0,0,0,0,29.51,-100.91,29.51,-100.91,0,0,0,0,0,465,0,0,0
664162,2022,4,4,"2022-04-04","18:24:00",3,"TX",48,0,1.25,0,0,0,0,33.74,-97.6,33.74,-97.6,0,0,0,0,0,337,0,0,0
664163,2022,4,4,"2022-04-04","18:35:00",3,"TX",48,0,1,0,0,0,0,33.77,-97.52,33.77,-97.52,0,0,0,0,0,337,0,0,0
664164,2022,4,4,"2022-04-04","18:50:00",3,"TX",48,0,1.75,0,0,7000,0,33.71,-96.18,33.71,-96.18,0,0,0,0,0,147,0,0,0
664165,2022,4,4,"2022-04-04","19:12:00",3,"TX",48,0,1,0,0,0,0,33.09,-97.56,33.09,-97.56,0,0,0,0,0,497,0,0,0
664166,2022,4,4,"2022-04-04","19:26:00",3,"TX",48,0,1,0,0,0,0,33.14,-97.47,33.14,-97.47,0,0,0,0,0,497,0,0,0
664167,2022,4,4,"2022-04-04","19:30:00",3,"TX",48,0,1.5,0,0,0,0,33.1,-97.41,33.1,-97.41,0,0,0,0,0,497,0,0,0
664168,2022,4,4,"2022-04-04","19:38:00",3,"TX",48,0,1.5,0,0,0,0,33.11,-97.36,33.11,-97.36,0,0,0,0,0,121,0,0,0
664169,2022,4,4,"2022-04-04","20:58:00",3,"TX",48,0,1.25,0,0,0,0,33.27,-96.22,33.27,-96.22,0,0,0,0,0,231,0,0,0
664170,2022,4,4,"2022-04-04","21:05:00",3,"TX",48,0,1,0,0,0,0,32.96,-96.99,32.96,-96.99,0,0,0,0,0,113,0,0,0
664171,2022,4,4,"2022-04-04","21:26:00",3,"OK",40,0,0.88,0,0,0,0,33.9248,-94.9478,33.9248,-94.9478,0,0,0,0,0,89,0,0,0
664172,2022,4,4,"2022-04-04","21:30:00",3,"OK",40,0,1,0,0,0,0,33.9485,-94.9425,33.9485,-94.9425,0,0,0,0,0,89,0,0,0
664173,2022,4,4,"2022-04-04","21:40:00",3,"OK",40,0,1,0,0,0,0,33.8911,-94.8257,33.8911,-94.8257,0,0,0,0,0,89,0,0,0
664174,2022,4,4,"2022-04-04","21:45:00",3,"TX",48,0,1,0,0,0,0,32.54,-97.41,32.54,-97.41,0,0,0,0,0,251,0,0,0
664175,2022,4,4,"2022-04-04","21:48:00",3,"TX",48,0,1,0,0,0,0,32.79,-96.77,32.79,-96.77,0,0,0,0,0,113,0,0,0
664176,2022,4,4,"2022-04-04","21:50:00",3,"TX",48,0,1,0,0,0,0,32.53,-97.33,32.53,-97.33,0,0,0,0,0,251,0,0,0
664177,2022,4,4,"2022-04-04","21:54:00",3,"OK",40,0,0.88,0,0,0,0,33.8452,-94.6509,33.8452,-94.6509,0,0,0,0,0,89,0,0,0
664178,2022,4,4,"2022-04-04","22:43:00",3,"AR",5,0,1.5,0,0,0,0,33.728,-93.7301,33.728,-93.7301,0,0,0,0,0,57,0,0,0
664179,2022,4,4,"2022-04-04","23:02:00",3,"AR",5,0,1.75,0,0,0,0,33.6721,-93.5905,33.6721,-93.5905,0,0,0,0,0,57,0,0,0
664180,2022,4,4,"2022-04-04","23:34:00",3,"AR",5,0,1,0,0,0,0,33.1135,-92.7627,33.1135,-92.7627,0,0,0,0,0,139,0,0,0
664181,2022,4,4,"2022-04-04","23:45:00",3,"AR",5,0,1,0,0,0,0,33.1128,-92.6382,33.1128,-92.6382,0,0,0,0,0,139,0,0,0
664182,2022,4,5,"2022-04-05","00:26:00",3,"TX",48,0,0.75,0,0,0,0,33.15,-94.15,33.15,-94.15,0,0,0,0,0,67,0,0,0
664183,2022,4,5,"2022-04-05","00:28:00",3,"TX",48,0,0.75,0,0,0,0,32.2877,-95.3523,32.2877,-95.3523,0,0,0,0,0,423,0,0,0
664184,2022,4,5,"2022-04-05","00:48:00",3,"LA",22,0,1,0,0,15000,5000,32.42,-91.83,32.42,-91.83,0,0,0,0,0,83,0,0,0
664185,2022,4,5,"2022-04-05","01:57:00",3,"MS",28,0,2.1,0,0,5e+05,5000,32.368,-90.034,32.49,-89.766,0,0,0,0,0,121,0,0,0
664186,2022,4,5,"2022-04-05","02:20:00",3,"MS",28,0,1,0,0,10000,1000,32.494,-89.758,32.574,-89.632,0,0,0,0,0,123,0,0,0
664187,2022,4,5,"2022-04-05","02:31:00",3,"MS",28,0,1,0,0,15000,1000,32.581,-89.63,32.62,-89.56,0,0,0,0,0,79,0,0,0
664188,2022,4,5,"2022-04-05","03:51:00",3,"MS",28,0,1,0,0,15000,0,33.4508,-89.4324,33.4508,-89.4324,0,0,0,0,0,97,0,0,0
664189,2022,4,5,"2022-04-05","04:12:00",3,"AL",1,0,0.75,0,0,0,0,32.45,-87.52,32.45,-87.52,0,0,0,0,0,105,0,0,0
664190,2022,4,5,"2022-04-05","04:14:00",3,"MS",28,0,1,0,0,0,0,31.98,-90.37,31.98,-90.37,0,0,0,0,0,29,0,0,0
664191,2022,4,5,"2022-04-05","04:17:00",3,"AL",1,0,1.5,0,0,0,0,32.13,-88.08,32.13,-88.08,0,0,0,0,0,23,0,0,0
664192,2022,4,5,"2022-04-05","04:19:00",3,"AL",1,0,1.5,0,0,0,0,32.11,-87.97,32.11,-87.97,0,0,0,0,0,91,0,0,0
664193,2022,4,5,"2022-04-05","04:38:00",3,"AL",1,0,2.75,0,0,0,0,32.3,-87.78,32.3,-87.78,0,0,0,0,0,91,0,0,0
664194,2022,4,5,"2022-04-05","04:49:00",3,"AL",1,0,1.5,0,0,0,0,32.15,-87.6,32.15,-87.6,0,0,0,0,0,91,0,0,0
664195,2022,4,5,"2022-04-05","05:00:00",3,"AL",1,0,1.5,0,0,0,0,32.18,-87.47,32.18,-87.47,0,0,0,0,0,131,0,0,0
664196,2022,4,5,"2022-04-05","05:06:00",3,"AL",1,0,2.5,0,0,0,0,32.24,-87.41,32.24,-87.41,0,0,0,0,0,47,0,0,0
664197,2022,4,5,"2022-04-05","06:23:00",3,"AL",1,0,1,0,0,0,0,32.457,-86.199,32.457,-86.199,0,0,0,0,0,51,0,0,0
664198,2022,4,5,"2022-04-05","06:51:00",3,"AL",1,0,1,0,0,0,0,32.18,-86.37,32.18,-86.37,0,0,0,0,0,101,0,0,0
664199,2022,4,5,"2022-04-05","08:14:00",3,"GA",13,0,1.25,0,0,0,0,33.0016,-84.1945,33.0016,-84.1945,0,0,0,0,0,171,0,0,0
664200,2022,4,5,"2022-04-05","11:29:00",3,"SC",45,0,0.25,0,0,10,10,33.6387,-81.5567,33.6387,-81.5567,0,0,0,0,0,3,0,0,0
664201,2022,4,5,"2022-04-05","14:20:00",3,"TX",48,0,0.88,0,0,0,0,28.3897,-100.32,28.3897,-100.32,0,0,0,0,0,323,0,0,0
664202,2022,4,5,"2022-04-05","15:25:00",3,"GA",13,0,0.88,0,0,0,0,31.46,-81.73,31.46,-81.73,0,0,0,0,0,305,0,0,0
664203,2022,4,5,"2022-04-05","15:25:00",3,"GA",13,0,2.75,0,0,0,0,32.17,-81.49,32.17,-81.49,0,0,0,0,0,29,0,0,0
664204,2022,4,5,"2022-04-05","15:35:00",3,"GA",13,0,1.75,0,0,0,0,32.29,-81.39,32.29,-81.39,0,0,0,0,0,103,0,0,0
664205,2022,4,5,"2022-04-05","15:45:00",3,"GA",13,0,2,0,0,0,0,32.31,-81.24,32.31,-81.24,0,0,0,0,0,103,0,0,0
664206,2022,4,5,"2022-04-05","18:35:00",3,"MO",29,0,1,0,0,0,0,40.0855,-91.8142,40.0855,-91.8142,0,0,0,0,0,111,0,0,0
664207,2022,4,5,"2022-04-05","19:05:00",3,"MO",29,0,1,0,0,0,0,40.05,-91.5,40.05,-91.5,0,0,0,0,0,111,0,0,0
664208,2022,4,5,"2022-04-05","22:40:00",3,"AR",5,0,1,0,0,0,0,36.0834,-94.1769,36.0834,-94.1769,0,0,0,0,0,143,0,0,0
664209,2022,4,5,"2022-04-05","23:30:00",3,"AR",5,0,1,0,0,0,0,36.02,-93.44,36.02,-93.44,0,0,0,0,0,101,0,0,0
664210,2022,4,5,"2022-04-05","23:33:00",3,"AR",5,0,1,0,0,0,0,36.0193,-93.482,36.0193,-93.482,0,0,0,0,0,87,0,0,0
664211,2022,4,5,"2022-04-05","23:40:00",3,"AR",5,0,1,0,0,0,0,36.02,-93.37,36.02,-93.37,0,0,0,0,0,101,0,0,0
664212,2022,4,5,"2022-04-05","23:50:00",3,"AR",5,0,1.75,0,0,0,0,36.01,-93.19,36.01,-93.19,0,0,0,0,0,101,0,0,0
664213,2022,4,6,"2022-04-06","00:05:00",3,"AR",5,0,1.25,0,0,0,0,36.01,-93.12,36.01,-93.12,0,0,0,0,0,101,0,0,0
664214,2022,4,6,"2022-04-06","00:50:00",3,"AR",5,0,1.75,0,0,0,0,35.85,-92.42,35.85,-92.42,0,0,0,0,0,129,0,0,0
664215,2022,4,6,"2022-04-06","03:10:00",3,"AR",5,0,1,0,0,0,0,35.82,-90.69,35.82,-90.69,0,0,0,0,0,31,0,0,0
664216,2022,4,6,"2022-04-06","03:30:00",3,"AR",5,0,1,0,0,0,0,35.82,-90.45,35.82,-90.45,0,0,0,0,0,31,0,0,0
664217,2022,4,6,"2022-04-06","12:35:00",3,"GA",13,0,1,0,0,0,0,31.76,-84.79,31.76,-84.79,0,0,0,0,0,243,0,0,0
664218,2022,4,6,"2022-04-06","12:38:00",3,"GA",13,0,1,0,0,0,0,31.77,-84.79,31.77,-84.79,0,0,0,0,0,243,0,0,0
664219,2022,4,6,"2022-04-06","12:45:00",3,"GA",13,0,1.75,0,0,0,0,31.9,-84.25,31.9,-84.25,0,0,0,0,0,177,0,0,0
664220,2022,4,6,"2022-04-06","13:17:00",3,"AL",1,0,0.75,0,0,0,0,32.61,-86.2,32.61,-86.2,0,0,0,0,0,51,0,0,0
664221,2022,4,6,"2022-04-06","13:34:00",3,"GA",13,0,1,0,0,0,0,32.6013,-83.7982,32.6013,-83.7982,0,0,0,0,0,225,0,0,0
664222,2022,4,6,"2022-04-06","13:48:00",3,"GA",13,0,1.25,0,0,0,0,32.8211,-83.0782,32.8211,-83.0782,0,0,0,0,0,319,0,0,0
664223,2022,4,6,"2022-04-06","13:55:00",3,"GA",13,0,1,0,0,0,0,32.59,-83.64,32.59,-83.64,0,0,0,0,0,153,0,0,0
664224,2022,4,6,"2022-04-06","13:55:00",3,"GA",13,0,1.75,0,0,0,0,32.57,-83.67,32.57,-83.67,0,0,0,0,0,153,0,0,0
664225,2022,4,6,"2022-04-06","14:05:00",3,"GA",13,0,1.75,0,0,0,0,31.67,-84.17,31.67,-84.17,0,0,0,0,0,177,0,0,0
664226,2022,4,6,"2022-04-06","14:10:00",3,"GA",13,0,0.75,0,0,0,0,31.68,-84.17,31.68,-84.17,0,0,0,0,0,177,0,0,0
664227,2022,4,6,"2022-04-06","15:07:00",3,"GA",13,0,1,0,0,0,0,33.18,-83.64,33.18,-83.64,0,0,0,0,0,159,0,0,0
664228,2022,4,6,"2022-04-06","15:28:00",3,"SC",45,0,1,0,0,0,0,32.95,-80.26,32.95,-80.26,0,0,0,0,0,35,0,0,0
664229,2022,4,6,"2022-04-06","15:29:00",3,"SC",45,0,1,0,0,0,0,33.19,-80,33.19,-80,0,0,0,0,0,15,0,0,0
664230,2022,4,6,"2022-04-06","15:39:00",3,"SC",45,0,1.75,0,0,0,0,33.19,-80,33.19,-80,0,0,0,0,0,15,0,0,0
664231,2022,4,6,"2022-04-06","16:00:00",3,"FL",12,0,1,0,0,0,0,30.55,-83.94,30.55,-83.94,0,0,0,0,0,65,0,0,0
664232,2022,4,6,"2022-04-06","16:00:00",3,"TN",47,0,1.75,0,0,0,0,35.01,-85.66,35.01,-85.66,0,0,0,0,0,115,0,0,0
664233,2022,4,6,"2022-04-06","16:04:00",3,"GA",13,0,1.25,0,0,0,0,34.9801,-85.5642,34.9801,-85.5642,0,0,0,0,0,83,0,0,0
664234,2022,4,6,"2022-04-06","16:04:00",3,"AL",1,0,0.75,0,0,0,0,32.73,-86.92,32.73,-86.92,0,0,0,0,0,21,0,0,0
664235,2022,4,6,"2022-04-06","16:15:00",3,"GA",13,0,1,0,0,0,0,34.98,-85.51,34.98,-85.51,0,0,0,0,0,83,0,0,0
664236,2022,4,6,"2022-04-06","16:20:00",3,"SC",45,0,1,0,0,0,0,32.87,-81.12,32.87,-81.12,0,0,0,0,0,49,0,0,0
664237,2022,4,6,"2022-04-06","16:29:00",3,"SC",45,0,1.75,0,0,0,0,32.92,-81.08,32.92,-81.08,0,0,0,0,0,49,0,0,0
664238,2022,4,6,"2022-04-06","16:37:00",3,"AL",1,0,1,0,0,0,0,33.98,-86.58,33.98,-86.58,0,0,0,0,0,9,0,0,0
664239,2022,4,6,"2022-04-06","16:41:00",3,"SC",45,0,1,0,0,0,0,33.38,-79.85,33.38,-79.85,0,0,0,0,0,15,0,0,0
664240,2022,4,6,"2022-04-06","16:44:00",3,"TN",47,0,1,0,0,0,0,35.02,-85.18,35.02,-85.18,0,0,0,0,0,65,0,0,0
664241,2022,4,6,"2022-04-06","16:55:00",3,"SC",45,0,0.25,0,0,10,10,33.3227,-80.4137,33.3227,-80.4137,0,0,0,0,0,75,0,0,0
664242,2022,4,6,"2022-04-06","16:56:00",3,"AL",1,0,0.88,0,0,0,0,34.44,-85.762,34.44,-85.762,0,0,0,0,0,49,0,0,0
664243,2022,4,6,"2022-04-06","17:16:00",3,"AL",1,0,0.88,0,0,0,0,33.57,-86.75,33.57,-86.75,0,0,0,0,0,73,0,0,0
664244,2022,4,6,"2022-04-06","17:30:00",3,"SC",45,0,0.88,0,0,0,0,33.3227,-80.4137,33.3227,-80.4137,0,0,0,0,0,75,0,0,0
664245,2022,4,6,"2022-04-06","17:45:00",3,"SC",45,0,0.25,0,0,10,10,33.5201,-80.1901,33.5201,-80.1901,0,0,0,0,0,27,0,0,0
664246,2022,4,6,"2022-04-06","18:14:00",3,"TN",47,0,1,0,0,0,0,35.71,-83.67,35.71,-83.67,0,0,0,0,0,155,0,0,0
664247,2022,4,6,"2022-04-06","18:25:00",3,"SC",45,0,0.25,0,0,10,10,33.817,-80.3937,33.817,-80.3937,0,0,0,0,0,85,0,0,0
664248,2022,4,6,"2022-04-06","18:33:00",3,"SC",45,0,1,0,0,0,0,33.19,-80.08,33.19,-80.08,0,0,0,0,0,15,0,0,0
664249,2022,4,6,"2022-04-06","18:56:00",3,"SC",45,0,1,0,0,0,0,32.95,-80.16,32.95,-80.16,0,0,0,0,0,35,0,0,0
664250,2022,4,6,"2022-04-06","19:33:00",3,"TN",47,0,1.25,0,0,0,0,36.28,-82.17,36.28,-82.17,0,0,0,0,0,19,0,0,0
664251,2022,4,6,"2022-04-06","19:45:00",3,"TN",47,0,1.5,0,0,0,0,36.28,-82.17,36.28,-82.17,0,0,0,0,0,19,0,0,0
664252,2022,4,6,"2022-04-06","20:39:00",3,"AL",1,0,0.75,0,0,0,0,32.34,-86.03,32.34,-86.03,0,0,0,0,0,101,0,0,0
664253,2022,4,6,"2022-04-06","20:45:00",3,"GA",13,0,1,0,0,0,0,33.76,-84.68,33.76,-84.68,0,0,0,0,0,97,0,0,0
664254,2022,4,6,"2022-04-06","22:17:00",3,"VA",51,0,1,0,0,0,0,37.42,-82,37.42,-82,0,0,0,0,0,27,0,0,0
664255,2022,4,7,"2022-04-07","00:00:00",3,"GA",13,0,1,0,0,0,0,34.05,-83.64,34.05,-83.64,0,0,0,0,0,13,0,0,0
664256,2022,4,7,"2022-04-07","01:14:00",3,"SC",45,0,0.88,0,0,0,0,34.5,-82.79,34.5,-82.79,0,0,0,0,0,7,0,0,0
664257,2022,4,7,"2022-04-07","01:16:00",3,"SC",45,0,1.75,0,0,0,0,34.51,-82.74,34.51,-82.74,0,0,0,0,0,7,0,0,0
664258,2022,4,7,"2022-04-07","01:22:00",3,"SC",45,0,1,0,0,0,0,34.78,-83.07,34.78,-83.07,0,0,0,0,0,73,0,0,0
664259,2022,4,7,"2022-04-07","01:46:00",3,"SC",45,0,0.75,0,0,0,0,34.73,-82.35,34.73,-82.35,0,0,0,0,0,45,0,0,0
664260,2022,4,7,"2022-04-07","12:14:00",3,"SC",45,0,0.75,0,0,0,0,32.74,-79.99,32.74,-79.99,0,0,0,0,0,19,0,0,0
664261,2022,4,7,"2022-04-07","12:19:00",3,"SC",45,0,0.88,0,0,0,0,32.8,-79.9,32.8,-79.9,0,0,0,0,0,19,0,0,0
664262,2022,4,7,"2022-04-07","12:19:00",3,"SC",45,0,0.88,0,0,0,0,32.8,-79.89,32.8,-79.89,0,0,0,0,0,19,0,0,0
664263,2022,4,7,"2022-04-07","12:19:00",3,"SC",45,0,0.88,0,0,0,0,32.78,-79.93,32.78,-79.93,0,0,0,0,0,19,0,0,0
664264,2022,4,7,"2022-04-07","12:25:00",3,"SC",45,0,0.88,0,0,0,0,32.82,-79.88,32.82,-79.88,0,0,0,0,0,19,0,0,0
664265,2022,4,7,"2022-04-07","12:45:00",3,"GA",13,0,1,0,0,0,0,30.75,-81.65,30.75,-81.65,0,0,0,0,0,39,0,0,0
664266,2022,4,7,"2022-04-07","14:03:00",3,"SC",45,0,1.75,0,0,0,0,33.83,-79.12,33.83,-79.12,0,0,0,0,0,51,0,0,0
664267,2022,4,7,"2022-04-07","14:03:00",3,"SC",45,0,1,0,0,0,0,33.8,-79.2,33.8,-79.2,0,0,0,0,0,51,0,0,0
664268,2022,4,7,"2022-04-07","14:03:00",3,"SC",45,0,1,0,0,0,0,33.86,-79.1,33.86,-79.1,0,0,0,0,0,51,0,0,0
664269,2022,4,7,"2022-04-07","14:03:00",3,"SC",45,0,1,0,0,0,0,33.9,-79.24,33.9,-79.24,0,0,0,0,0,51,0,0,0
664270,2022,4,7,"2022-04-07","14:06:00",3,"SC",45,0,2,0,0,0,0,33.85,-79.09,33.85,-79.09,0,0,0,0,0,51,0,0,0
664271,2022,4,7,"2022-04-07","14:06:00",3,"SC",45,0,1.5,0,0,0,0,33.88,-79.05,33.88,-79.05,0,0,0,0,0,51,0,0,0
664272,2022,4,7,"2022-04-07","14:06:00",3,"SC",45,0,2.75,0,0,0,0,34.05,-79.12,34.05,-79.12,0,0,0,0,0,51,0,0,0
664273,2022,4,7,"2022-04-07","14:07:00",3,"SC",45,0,2,0,0,0,0,33.89,-79.05,33.89,-79.05,0,0,0,0,0,51,0,0,0
664274,2022,4,7,"2022-04-07","14:12:00",3,"SC",45,0,1,0,0,0,0,33.92,-79.07,33.92,-79.07,0,0,0,0,0,51,0,0,0
664275,2022,4,7,"2022-04-07","14:14:00",3,"SC",45,0,1,0,0,0,0,33.89,-79.05,33.89,-79.05,0,0,0,0,0,51,0,0,0
664276,2022,4,7,"2022-04-07","14:16:00",3,"SC",45,0,1.75,0,0,0,0,34.1,-78.99,34.1,-78.99,0,0,0,0,0,51,0,0,0
664277,2022,4,7,"2022-04-07","14:16:00",3,"SC",45,0,2,0,0,0,0,34.09,-78.93,34.09,-78.93,0,0,0,0,0,51,0,0,0
664278,2022,4,7,"2022-04-07","14:25:00",3,"NC",37,0,1.5,0,0,0,0,34.15,-78.87,34.15,-78.87,0,0,0,0,0,47,0,0,0
664279,2022,4,7,"2022-04-07","14:26:00",3,"SC",45,0,1,0,0,0,0,34.07,-78.91,34.07,-78.91,0,0,0,0,0,51,0,0,0
664280,2022,4,7,"2022-04-07","14:45:00",3,"NC",37,0,1.75,0,0,0,0,35.78,-78.11,35.78,-78.11,0,0,0,0,0,127,0,0,0
664281,2022,4,7,"2022-04-07","14:56:00",3,"NC",37,0,1.5,0,0,0,0,35.85,-77.97,35.85,-77.97,0,0,0,0,0,127,0,0,0
664282,2022,4,7,"2022-04-07","15:00:00",3,"NC",37,0,0.88,0,0,0,0,35.08,-78.92,35.08,-78.92,0,0,0,0,0,51,0,0,0
664283,2022,4,7,"2022-04-07","15:00:00",3,"NC",37,0,1,0,0,0,0,35.9,-77.92,35.9,-77.92,0,0,0,0,0,127,0,0,0
664284,2022,4,7,"2022-04-07","15:04:00",3,"NC",37,0,0.88,0,0,0,0,35.94,-77.79,35.94,-77.79,0,0,0,0,0,65,0,0,0
664285,2022,4,7,"2022-04-07","15:20:00",3,"NC",37,0,1.75,0,0,0,0,35.98,-77.61,35.98,-77.61,0,0,0,0,0,65,0,0,0
664286,2022,4,7,"2022-04-07","15:20:00",3,"NC",37,0,1.75,0,0,0,0,35.99,-77.58,35.99,-77.58,0,0,0,0,0,65,0,0,0
664287,2022,4,7,"2022-04-07","15:35:00",3,"NC",37,0,1,0,0,0,0,36.27,-77.29,36.27,-77.29,0,0,0,0,0,131,0,0,0
664288,2022,4,7,"2022-04-07","15:37:00",3,"NC",37,0,1,0,0,0,0,35.452,-78.5297,35.452,-78.5297,0,0,0,0,0,101,0,0,0
664289,2022,4,7,"2022-04-07","16:00:00",3,"NC",37,0,0.75,0,0,0,0,35.89,-77.54,35.89,-77.54,0,0,0,0,0,65,0,0,0
664290,2022,4,7,"2022-04-07","16:01:00",3,"NC",37,0,1,0,0,0,0,35.8202,-78.1694,35.8202,-78.1694,0,0,0,0,0,127,0,0,0
664291,2022,4,7,"2022-04-07","16:18:00",3,"NC",37,0,1,0,0,0,0,35.12,-78.14,35.12,-78.14,0,0,0,0,0,61,0,0,0
664292,2022,4,7,"2022-04-07","16:22:00",3,"NC",37,0,1,0,0,0,0,36.2,-77.03,36.2,-77.03,0,0,0,0,0,15,0,0,0
664293,2022,4,7,"2022-04-07","16:25:00",3,"NC",37,0,1.75,0,0,0,0,36.23,-76.79,36.23,-76.79,0,0,0,0,0,15,0,0,0
664294,2022,4,7,"2022-04-07","16:31:00",3,"NC",37,0,1,0,0,0,0,35.55,-77.78,35.55,-77.78,0,0,0,0,0,79,0,0,0
664295,2022,4,7,"2022-04-07","17:00:00",3,"NC",37,0,1.75,0,0,0,0,36.28,-76.62,36.28,-76.62,0,0,0,0,0,41,0,0,0
665940,2022,5,10,"2022-05-10","01:30:00",3,"MI",26,0,1,0,0,0,0,43,-84.84,43,-84.84,0,0,0,0,0,67,0,0,0
665941,2022,5,10,"2022-05-10","13:40:00",3,"CA",6,0,0.75,0,0,0,0,38.83,-122.53,38.83,-122.53,0,0,0,0,0,33,0,0,0
665942,2022,5,10,"2022-05-10","15:38:00",3,"TX",48,0,1,0,0,0,0,30.39,-103.5,30.39,-103.5,0,0,0,0,0,43,0,0,0
665943,2022,5,10,"2022-05-10","15:40:00",3,"TX",48,0,1,0,0,0,0,35.21,-101.11,35.21,-101.11,0,0,0,0,0,65,0,0,0
665944,2022,5,10,"2022-05-10","15:42:00",3,"WI",55,0,1.75,0,0,0,0,45.49,-88.97,45.49,-88.97,0,0,0,0,0,41,0,0,0
665945,2022,5,10,"2022-05-10","15:50:00",3,"WI",55,0,0.75,0,0,0,0,45.98,-88.83,45.98,-88.83,0,0,0,0,0,41,0,0,0
665946,2022,5,10,"2022-05-10","15:51:00",3,"WI",55,0,0.88,0,0,0,0,45.57,-88.9,45.57,-88.9,0,0,0,0,0,41,0,0,0
665947,2022,5,10,"2022-05-10","15:52:00",3,"WI",55,0,1,0,0,0,0,45.56,-88.9,45.56,-88.9,0,0,0,0,0,41,0,0,0
665948,2022,5,10,"2022-05-10","15:55:00",3,"TX",48,0,1,0,0,0,0,35.33,-101.11,35.33,-101.11,0,0,0,0,0,65,0,0,0
665949,2022,5,10,"2022-05-10","16:04:00",3,"WI",55,0,1.5,0,0,0,0,45.56,-88.68,45.56,-88.68,0,0,0,0,0,41,0,0,0
665950,2022,5,10,"2022-05-10","16:07:00",3,"TX",48,0,0.75,0,0,0,0,35.43,-101.17,35.43,-101.17,0,0,0,0,0,65,0,0,0
665951,2022,5,10,"2022-05-10","16:20:00",3,"TX",48,0,0.75,0,0,0,0,35.43,-101.18,35.43,-101.18,0,0,0,0,0,65,0,0,0
665952,2022,5,10,"2022-05-10","16:28:00",3,"TX",48,0,1.25,0,0,0,0,30.6529,-102.9418,30.6529,-102.9418,0,0,0,0,0,371,0,0,0
665953,2022,5,10,"2022-05-10","16:37:00",3,"WI",55,0,2,0,0,0,0,45.91,-88.23,45.91,-88.23,0,0,0,0,0,37,0,0,0
665954,2022,5,10,"2022-05-10","17:05:00",3,"MI",26,0,0.88,0,0,0,0,45.85,-88.05,45.85,-88.05,0,0,0,0,0,43,0,0,0
665955,2022,5,10,"2022-05-10","17:07:00",3,"TX",48,0,1,0,0,0,0,34.02,-102.42,34.02,-102.42,0,0,0,0,0,279,0,0,0
665956,2022,5,10,"2022-05-10","17:24:00",3,"TX",48,0,2.5,0,0,0,0,35.02,-101.06,35.02,-101.06,0,0,0,0,0,129,0,0,0
665957,2022,5,10,"2022-05-10","17:30:00",3,"TX",48,0,1.75,0,0,0,0,34.98,-101.87,34.98,-101.87,0,0,0,0,0,381,0,0,0
665958,2022,5,10,"2022-05-10","17:30:00",3,"MI",26,0,1,0,0,0,0,46.5,-86.96,46.5,-86.96,0,0,0,0,0,3,0,0,0
665959,2022,5,10,"2022-05-10","17:32:00",3,"TX",48,0,1.75,0,0,0,0,35,-101.86,35,-101.86,0,0,0,0,0,381,0,0,0
665960,2022,5,10,"2022-05-10","17:32:00",3,"TX",48,0,1,0,0,0,0,35.53,-100.44,35.53,-100.44,0,0,0,0,0,483,0,0,0
665961,2022,5,10,"2022-05-10","17:33:00",3,"TX",48,0,2,0,0,0,0,35.07,-101.87,35.07,-101.87,0,0,0,0,0,381,0,0,0
665962,2022,5,10,"2022-05-10","17:33:00",3,"TX",48,0,1.75,0,0,0,0,35.06,-102.4,35.06,-102.4,0,0,0,0,0,117,0,0,0
665963,2022,5,10,"2022-05-10","17:35:00",3,"TX",48,0,1,0,0,0,0,34.98,-101.9,34.98,-101.9,0,0,0,0,0,381,0,0,0
665964,2022,5,10,"2022-05-10","17:43:00",3,"TX",48,0,1.5,0,0,0,0,35.01,-101.87,35.01,-101.87,0,0,0,0,0,381,0,0,0
665965,2022,5,10,"2022-05-10","17:43:00",3,"TX",48,0,1.5,0,0,0,0,35.2,-101.85,35.2,-101.85,0,0,0,0,0,375,0,0,0
665966,2022,5,10,"2022-05-10","17:45:00",3,"TX",48,0,1,0,0,0,0,35.91,-100.39,35.91,-100.39,0,0,0,0,0,211,0,0,0
665967,2022,5,10,"2022-05-10","17:47:00",3,"TX",48,0,0.75,0,0,0,0,35.14,-101.94,35.14,-101.94,0,0,0,0,0,381,0,0,0
665968,2022,5,10,"2022-05-10","17:48:00",3,"TX",48,0,1,0,0,0,0,35.13,-101.97,35.13,-101.97,0,0,0,0,0,381,0,0,0
665969,2022,5,10,"2022-05-10","17:50:00",3,"TX",48,0,0.75,0,0,0,0,35.22,-101.81,35.22,-101.81,0,0,0,0,0,375,0,0,0
665970,2022,5,10,"2022-05-10","17:50:00",3,"MI",26,0,1.75,0,0,0,0,46.5,-86.98,46.5,-86.98,0,0,0,0,0,3,0,0,0
665971,2022,5,10,"2022-05-10","17:53:00",3,"TX",48,0,1,0,0,0,0,35.17,-101.87,35.17,-101.87,0,0,0,0,0,381,0,0,0
665972,2022,5,10,"2022-05-10","17:56:00",3,"TX",48,0,1,0,0,0,0,35.11,-101.36,35.11,-101.36,0,0,0,0,0,11,0,0,0
665973,2022,5,10,"2022-05-10","17:56:00",3,"TX",48,0,0.88,0,0,0,0,35.19,-101.84,35.19,-101.84,0,0,0,0,0,375,0,0,0
665974,2022,5,10,"2022-05-10","18:00:00",3,"TX",48,0,1,0,0,0,0,35.25,-101.81,35.25,-101.81,0,0,0,0,0,375,0,0,0
665975,2022,5,10,"2022-05-10","18:05:00",3,"TX",48,0,1.5,0,0,0,0,35.11,-101.38,35.11,-101.38,0,0,0,0,0,11,0,0,0
665976,2022,5,10,"2022-05-10","18:16:00",3,"MI",26,0,1.25,0,0,0,0,45.41,-87.61,45.41,-87.61,0,0,0,0,0,109,0,0,0
665977,2022,5,10,"2022-05-10","19:45:00",3,"WI",55,0,0.75,0,0,0,0,45.09,-87.08,45.09,-87.08,0,0,0,0,0,29,0,0,0
665978,2022,5,10,"2022-05-10","19:50:00",3,"WI",55,0,0.88,0,0,0,0,45.06,-87.13,45.06,-87.13,0,0,0,0,0,29,0,0,0
665979,2022,5,10,"2022-05-10","20:35:00",3,"TX",48,0,1,0,0,0,0,34.4,-100.88,34.4,-100.88,0,0,0,0,0,191,0,0,0
665980,2022,5,10,"2022-05-10","22:11:00",3,"TX",48,0,1,0,0,0,0,34.42,-100.2,34.42,-100.2,0,0,0,0,0,75,0,0,0
665981,2022,5,10,"2022-05-10","23:52:00",3,"MI",26,0,0.88,0,0,0,0,44.24,-86.33,44.24,-86.33,0,0,0,0,0,101,0,0,0
665982,2022,5,11,"2022-05-11","05:10:00",3,"MN",27,0,1,0,0,0,0,44.2,-93.68,44.2,-93.68,0,0,0,0,0,79,0,0,0
665983,2022,5,11,"2022-05-11","05:30:00",3,"MN",27,0,1.5,0,0,0,0,44.38,-93.72,44.38,-93.72,0,0,0,0,0,79,0,0,0
665984,2022,5,11,"2022-05-11","05:40:00",3,"MN",27,0,1,0,0,0,0,44.44,-93.58,44.44,-93.58,0,0,0,0,0,79,0,0,0
665985,2022,5,11,"2022-05-11","06:01:00",3,"MN",27,0,1.75,0,0,0,0,44.54,-93.59,44.54,-93.59,0,0,0,0,0,79,0,0,0
665986,2022,5,11,"2022-05-11","06:05:00",3,"NE",31,0,1,0,0,0,0,42.74,-97.17,42.74,-97.17,0,0,0,0,0,27,0,0,0
665987,2022,5,11,"2022-05-11","06:20:00",3,"SD",46,0,1,0,0,0,6000,42.874,-97.1446,42.874,-97.1446,0,0,0,0,0,27,0,0,0
665988,2022,5,11,"2022-05-11","06:37:00",3,"SD",46,0,0.75,0,0,0,0,43.02,-97.18,43.02,-97.18,0,0,0,0,0,135,0,0,0
665989,2022,5,11,"2022-05-11","07:28:00",3,"MN",27,0,0.88,0,0,0,0,44.19,-92.71,44.19,-92.71,0,0,0,0,0,39,0,0,0
665990,2022,5,11,"2022-05-11","07:30:00",3,"MI",26,0,1,0,0,0,0,44.08,-83.92,44.08,-83.92,0,0,0,0,0,11,0,0,0
665991,2022,5,11,"2022-05-11","07:30:00",3,"MN",27,0,1.5,0,0,0,0,44.22,-92.65,44.22,-92.65,0,0,0,0,0,49,0,0,0
665992,2022,5,11,"2022-05-11","07:32:00",3,"MN",27,0,2,0,0,0,0,44.2,-92.65,44.2,-92.65,0,0,0,0,0,49,0,0,0
665993,2022,5,11,"2022-05-11","07:33:00",3,"MN",27,0,1.75,0,0,0,0,44.2,-92.64,44.2,-92.64,0,0,0,0,0,49,0,0,0
665994,2022,5,11,"2022-05-11","07:52:00",3,"MN",27,0,1.75,0,0,280000,0,44.19,-92.6,44.19,-92.6,0,0,0,0,0,109,0,0,0
665995,2022,5,11,"2022-05-11","07:59:00",3,"MN",27,0,0.75,0,0,0,0,44.27,-96.13,44.27,-96.13,0,0,0,0,0,81,0,0,0
665996,2022,5,11,"2022-05-11","08:11:00",3,"MN",27,0,2.5,0,0,55000,0,44.2,-92.48,44.2,-92.48,0,0,0,0,0,157,0,0,0
665997,2022,5,11,"2022-05-11","08:17:00",3,"MN",27,0,1,0,0,0,0,44.22,-92.37,44.22,-92.37,0,0,0,0,0,157,0,0,0
665998,2022,5,11,"2022-05-11","08:18:00",3,"MN",27,0,1,0,0,0,0,44.21,-92.37,44.21,-92.37,0,0,0,0,0,157,0,0,0
665999,2022,5,11,"2022-05-11","08:37:00",3,"MN",27,0,1.75,0,0,105000,0,44.16,-92.37,44.16,-92.37,0,0,0,0,0,109,0,0,0
666000,2022,5,11,"2022-05-11","08:43:00",3,"MN",27,0,1.75,0,0,1e+05,0,44.19,-92.32,44.19,-92.32,0,0,0,0,0,109,0,0,0
666001,2022,5,11,"2022-05-11","08:45:00",3,"SD",46,0,1.75,0,0,0,30000,43.66,-97.46,43.66,-97.46,0,0,0,0,0,87,0,0,0
666002,2022,5,11,"2022-05-11","08:54:00",3,"MN",27,0,1,0,0,0,0,44.18,-92.29,44.18,-92.29,0,0,0,0,0,157,0,0,0
666003,2022,5,11,"2022-05-11","09:10:00",3,"MN",27,0,2.5,0,0,125000,0,44.22,-92.14,44.22,-92.14,0,0,0,0,0,157,0,0,0
666004,2022,5,11,"2022-05-11","09:16:00",3,"SD",46,0,0.75,0,0,0,0,43.92,-97.03,43.92,-97.03,0,0,0,0,0,79,0,0,0
666005,2022,5,11,"2022-05-11","09:36:00",3,"MN",27,0,1.5,0,0,0,0,44.03,-92.75,44.03,-92.75,0,0,0,0,0,39,0,0,0
666006,2022,5,11,"2022-05-11","09:41:00",3,"MN",27,0,1,0,0,0,0,44.31,-92,44.31,-92,0,0,0,0,0,157,0,0,0
666007,2022,5,11,"2022-05-11","09:54:00",3,"WI",55,0,1,0,0,0,0,44.3,-91.91,44.3,-91.91,0,0,0,0,0,11,0,0,0
666008,2022,5,11,"2022-05-11","10:00:00",3,"MI",26,0,1,0,0,0,0,43.61,-85.16,43.61,-85.16,0,0,0,0,0,107,0,0,0
666009,2022,5,11,"2022-05-11","10:15:00",3,"MI",26,0,1,0,0,0,0,44.47,-84.99,44.47,-84.99,0,0,0,0,0,113,0,0,0
666010,2022,5,11,"2022-05-11","10:15:00",3,"MI",26,0,1,0,0,0,0,43.64,-85.15,43.64,-85.15,0,0,0,0,0,107,0,0,0
666011,2022,5,11,"2022-05-11","10:50:00",3,"MN",27,0,0.75,0,0,0,0,44.56,-95.99,44.56,-95.99,0,0,0,0,0,83,0,0,0
666012,2022,5,11,"2022-05-11","10:50:00",3,"MN",27,0,1,0,0,0,0,44.54,-95.89,44.54,-95.89,0,0,0,0,0,83,0,0,0
666013,2022,5,11,"2022-05-11","11:00:00",3,"MN",27,0,0.75,0,0,0,0,44.36,-96.22,44.36,-96.22,0,0,0,0,0,81,0,0,0
666014,2022,5,11,"2022-05-11","11:03:00",3,"MN",27,0,0.88,0,0,0,0,44.59,-95.78,44.59,-95.78,0,0,0,0,0,83,0,0,0
666015,2022,5,11,"2022-05-11","11:36:00",3,"MN",27,0,1.25,0,0,0,27000,44.56,-95.64,44.56,-95.64,0,0,0,0,0,83,0,0,0
666016,2022,5,11,"2022-05-11","11:36:00",3,"MN",27,0,1,0,0,0,0,44.61,-95.67,44.61,-95.67,0,0,0,0,0,83,0,0,0
666017,2022,5,11,"2022-05-11","11:37:00",3,"MN",27,0,1.25,0,0,0,0,44.61,-95.67,44.61,-95.67,0,0,0,0,0,83,0,0,0
666018,2022,5,11,"2022-05-11","12:30:00",3,"MN",27,0,1,0,0,0,0,45.22,-93.66,45.22,-93.66,0,0,0,0,0,171,0,0,0
666019,2022,5,11,"2022-05-11","12:50:00",3,"MN",27,0,1.25,0,0,0,0,44.78,-95,44.78,-95,0,0,0,0,0,129,0,0,0
666020,2022,5,11,"2022-05-11","13:14:00",3,"MI",26,0,1,0,0,0,0,43.53,-86.35,43.53,-86.35,0,0,0,0,0,127,0,0,0
666021,2022,5,11,"2022-05-11","14:15:00",3,"MN",27,0,2,0,0,0,0,45.34,-93.74,45.34,-93.74,0,0,0,0,0,141,0,0,0
666022,2022,5,11,"2022-05-11","14:20:00",3,"MN",27,0,1.75,0,0,0,0,45.39,-93.74,45.39,-93.74,0,0,0,0,0,141,0,0,0
666023,2022,5,11,"2022-05-11","14:25:00",3,"MN",27,0,1.5,0,0,0,0,45.41,-93.69,45.41,-93.69,0,0,0,0,0,141,0,0,0
666024,2022,5,11,"2022-05-11","14:29:00",3,"SD",46,0,1.5,0,0,0,0,43.35,-97.43,43.35,-97.43,0,0,0,0,0,67,0,0,0
666025,2022,5,11,"2022-05-11","14:35:00",3,"MN",27,0,1.5,0,0,0,0,45.45,-93.59,45.45,-93.59,0,0,0,0,0,141,0,0,0
666026,2022,5,11,"2022-05-11","14:40:00",3,"MN",27,0,1,0,0,0,0,45.62,-93.52,45.62,-93.52,0,0,0,0,0,95,0,0,0
666027,2022,5,11,"2022-05-11","14:45:00",3,"MN",27,0,1.75,0,0,0,0,45.4443,-93.5952,45.5147,-93.5475,0,0,0,0,0,141,0,0,0
666028,2022,5,11,"2022-05-11","16:30:00",3,"OK",40,0,1.5,0,0,0,0,36.51,-102.16,36.51,-102.16,0,0,0,0,0,25,0,0,0
666029,2022,5,11,"2022-05-11","16:30:00",3,"TX",48,0,1.25,0,0,0,0,36.04,-102.5,36.04,-102.5,0,0,0,0,0,205,0,0,0
666030,2022,5,11,"2022-05-11","16:30:00",3,"MN",27,0,1.5,0,0,0,0,46.57,-96.09,46.57,-96.09,0,0,0,0,0,111,0,0,0
666031,2022,5,11,"2022-05-11","16:32:00",3,"TX",48,0,1,0,0,0,0,36.06,-102.51,36.06,-102.51,0,0,0,0,0,111,0,0,0
666032,2022,5,11,"2022-05-11","16:36:00",3,"TX",48,0,1.5,0,0,0,0,36.06,-102.51,36.06,-102.51,0,0,0,0,0,111,0,0,0
666033,2022,5,11,"2022-05-11","16:38:00",3,"IL",17,0,1.25,0,0,0,0,41.33,-89.21,41.33,-89.21,0,0,0,0,0,11,0,0,0
666034,2022,5,11,"2022-05-11","16:53:00",3,"MN",27,0,1,0,0,0,24000,43.74,-95.32,43.74,-95.32,0,0,0,0,0,63,0,0,0
666035,2022,5,11,"2022-05-11","16:55:00",3,"IL",17,0,1,0,0,0,0,41.33,-89.2,41.33,-89.2,0,0,0,0,0,11,0,0,0
666036,2022,5,11,"2022-05-11","17:00:00",3,"KS",20,0,0.75,0,0,0,0,38.91,-101.1785,38.91,-101.1785,0,0,0,0,0,109,0,0,0
666037,2022,5,11,"2022-05-11","17:20:00",3,"MN",27,0,1.25,0,0,0,0,44.8,-95.21,44.8,-95.21,0,0,0,0,0,129,0,0,0
666038,2022,5,11,"2022-05-11","17:35:00",3,"OK",40,0,1.75,0,0,0,0,36.76,-102.12,36.76,-102.12,0,0,0,0,0,25,0,0,0
666039,2022,5,11,"2022-05-11","17:36:00",3,"OK",40,0,2,0,0,0,0,36.81,-102.2,36.81,-102.2,0,0,0,0,0,25,0,0,0
666040,2022,5,11,"2022-05-11","17:38:00",3,"KS",20,0,1,0,0,0,0,38.47,-101.75,38.47,-101.75,0,0,0,0,0,71,0,0,0
666041,2022,5,11,"2022-05-11","17:40:00",3,"MN",27,0,2,0,0,0,0,45.14,-94.78,45.14,-94.78,0,0,0,0,0,67,0,0,0
666042,2022,5,11,"2022-05-11","17:51:00",3,"KS",20,0,1,0,0,0,0,37,-101.91,37,-101.91,0,0,0,0,0,129,0,0,0
666043,2022,5,11,"2022-05-11","17:55:00",3,"MN",27,0,1.5,0,0,0,0,46.66,-96.02,46.66,-96.02,0,0,0,0,0,111,0,0,0
666044,2022,5,11,"2022-05-11","17:59:00",3,"IL",17,0,1,0,0,0,0,41.28,-89.23,41.28,-89.23,0,0,0,0,0,155,0,0,0
666045,2022,5,11,"2022-05-11","18:00:00",3,"MN",27,0,1.25,0,0,0,0,43.77,-94.71,43.77,-94.71,0,0,0,0,0,91,0,0,0
666046,2022,5,11,"2022-05-11","18:02:00",3,"MN",27,0,0.88,0,0,0,0,46.63,-95.83,46.63,-95.83,0,0,0,0,0,111,0,0,0
666047,2022,5,11,"2022-05-11","18:10:00",3,"MN",27,0,1.25,0,0,0,0,44.63,-93.77,44.63,-93.77,0,0,0,0,0,139,0,0,0
666048,2022,5,11,"2022-05-11","18:45:00",3,"TX",48,0,2,0,0,0,0,34.7307,-102.3465,34.7307,-102.3465,0,0,0,0,0,69,0,0,0
666049,2022,5,11,"2022-05-11","18:50:00",3,"TX",48,0,1,0,0,0,0,34.78,-102.35,34.78,-102.35,0,0,0,0,0,117,0,0,0
666050,2022,5,11,"2022-05-11","18:59:00",3,"TX",48,0,1.25,0,0,0,0,34.76,-102.32,34.76,-102.32,0,0,0,0,0,117,0,0,0
666051,2022,5,11,"2022-05-11","19:00:00",3,"MN",27,0,1.5,0,0,0,0,44.81,-93.6,44.81,-93.6,0,0,0,0,0,19,0,0,0
666052,2022,5,11,"2022-05-11","19:10:00",3,"MN",27,0,1.5,0,0,0,0,44.78,-93.5,44.78,-93.5,0,0,0,0,0,139,0,0,0
666053,2022,5,11,"2022-05-11","19:10:00",3,"MN",27,0,2,0,0,0,0,44.78,-93.52,44.78,-93.52,0,0,0,0,0,139,0,0,0
666054,2022,5,11,"2022-05-11","19:10:00",3,"KS",20,0,0.75,0,0,0,0,39.359,-101.0085,39.359,-101.0085,0,0,0,0,0,193,0,0,0
666055,2022,5,11,"2022-05-11","19:10:00",3,"MN",27,0,1,0,0,0,0,45.02,-93.59,45.02,-93.59,0,0,0,0,0,53,0,0,0
666056,2022,5,11,"2022-05-11","19:14:00",3,"MN",27,0,1,0,0,0,0,44.82,-93.32,44.8389,-93.2965,0,0,0,0,0,53,0,0,0
666057,2022,5,11,"2022-05-11","19:15:00",3,"MN",27,0,1.25,0,0,0,0,44.65,-93.22,44.6673,-93.2076,0,0,0,0,0,37,0,0,0
666058,2022,5,11,"2022-05-11","19:25:00",3,"MN",27,0,1,0,0,0,0,44.76,-93.2,44.76,-93.2,0,0,0,0,0,37,0,0,0
666059,2022,5,11,"2022-05-11","19:26:00",3,"MN",27,0,1.25,0,0,0,0,44.73,-93.22,44.73,-93.22,0,0,0,0,0,37,0,0,0
666060,2022,5,11,"2022-05-11","19:29:00",3,"MN",27,0,1,0,0,0,0,44.82,-93.17,44.82,-93.17,0,0,0,0,0,37,0,0,0
666061,2022,5,11,"2022-05-11","19:50:00",3,"MN",27,0,1,0,0,0,0,44.92,-92.93,44.92,-92.93,0,0,0,0,0,163,0,0,0
666062,2022,5,11,"2022-05-11","20:30:00",3,"MN",27,0,1.25,0,0,0,0,44.57,-92.54,44.57,-92.54,0,0,0,0,0,49,0,0,0
666063,2022,5,11,"2022-05-11","20:45:00",3,"SD",46,0,1,0,0,0,0,43.68,-99.61,43.68,-99.61,0,0,0,0,0,85,0,0,0
666064,2022,5,11,"2022-05-11","20:57:00",3,"MN",27,0,1.25,0,0,0,0,44.45,-92.27,44.45,-92.27,0,0,0,0,0,157,0,0,0
666065,2022,5,11,"2022-05-11","21:02:00",3,"WI",55,0,0.88,0,0,0,0,46.01,-91.48,46.01,-91.48,0,0,0,0,0,113,0,0,0
666066,2022,5,11,"2022-05-11","21:19:00",3,"WI",55,0,1,0,0,0,0,44.42,-92,44.42,-92,0,0,0,0,0,11,0,0,0
666067,2022,5,11,"2022-05-11","21:26:00",3,"WI",55,0,1.25,0,0,0,0,44.63,-91.97,44.63,-91.97,0,0,0,0,0,91,0,0,0
666068,2022,5,11,"2022-05-11","22:25:00",3,"SD",46,0,1.5,0,0,0,0,43.37,-99.87,43.37,-99.87,0,0,0,0,0,123,0,0,0
666069,2022,5,11,"2022-05-11","22:45:00",3,"SD",46,0,1,0,0,0,0,43.5795,-99.7083,43.5795,-99.7083,0,0,0,0,0,123,0,0,0
666070,2022,5,11,"2022-05-11","22:45:00",3,"SD",46,0,1,0,0,0,0,43.68,-99.61,43.68,-99.61,0,0,0,0,0,85,0,0,0
666071,2022,5,11,"2022-05-11","23:35:00",3,"SD",46,0,0.75,0,0,0,0,43.71,-99.53,43.71,-99.53,0,0,0,0,0,85,0,0,0
666072,2022,5,12,"2022-05-12","00:00:00",3,"SD",46,0,1.75,0,0,0,0,43.88,-99.41,43.88,-99.41,0,0,0,0,0,85,0,0,0
666073,2022,5,12,"2022-05-12","00:05:00",3,"SD",46,0,1,0,0,0,0,43.87,-103.74,43.87,-103.74,0,0,0,0,0,103,0,0,0
666074,2022,5,12,"2022-05-12","00:13:00",3,"SD",46,0,0.88,0,0,0,0,43.92,-99.45,43.92,-99.45,0,0,0,0,0,85,0,0,0
666075,2022,5,12,"2022-05-12","00:38:00",3,"SD",46,0,1,0,0,0,0,44.6831,-102.761,44.6831,-102.761,0,0,0,0,0,93,0,0,0
666076,2022,5,12,"2022-05-12","00:42:00",3,"SD",46,0,1,0,0,0,0,44.02,-103.48,44.02,-103.48,0,0,0,0,0,103,0,0,0
666077,2022,5,12,"2022-05-12","00:50:00",3,"SD",46,0,0.75,0,0,0,0,44.0009,-103.3031,44.0009,-103.3031,0,0,0,0,0,103,0,0,0
666078,2022,5,12,"2022-05-12","01:13:00",3,"WI",55,0,1,0,0,0,0,44.9,-89.59,44.9,-89.59,0,0,0,0,0,73,0,0,0
666079,2022,5,12,"2022-05-12","01:18:00",3,"SD",46,0,1,0,0,0,0,44.2436,-103.0459,44.2436,-103.0459,0,0,0,0,0,93,0,0,0
666080,2022,5,12,"2022-05-12","01:20:00",3,"SD",46,0,1.25,0,0,0,0,44.6695,-102.5212,44.6695,-102.5212,0,0,0,0,0,93,0,0,0
666081,2022,5,12,"2022-05-12","01:20:00",3,"SD",46,0,1,0,0,0,0,44.74,-102.67,44.74,-102.67,0,0,0,0,0,93,0,0,0
666082,2022,5,12,"2022-05-12","02:00:00",3,"SD",46,0,1.75,0,0,0,0,45.22,-101.65,45.22,-101.65,0,0,0,0,0,137,0,0,0
666083,2022,5,12,"2022-05-12","02:00:00",3,"SD",46,0,1,0,0,0,160000,44.39,-97.55,44.39,-97.55,0,0,0,0,0,77,0,0,0
666084,2022,5,12,"2022-05-12","02:05:00",3,"SD",46,0,1.75,0,0,0,0,44.6695,-102.5212,44.6695,-102.5212,0,0,0,0,0,93,0,0,0
666085,2022,5,12,"2022-05-12","02:55:00",3,"SD",46,0,1.25,0,0,0,0,44.55,-97.05,44.55,-97.05,0,0,0,0,0,57,0,0,0
666086,2022,5,12,"2022-05-12","03:00:00",3,"SD",46,0,2,0,0,0,0,45.05,-101.6,45.05,-101.6,0,0,0,0,0,137,0,0,0
666087,2022,5,12,"2022-05-12","03:10:00",3,"SD",46,0,1,0,0,0,0,44.58,-96.9,44.58,-96.9,0,0,0,0,0,57,0,0,0
666088,2022,5,12,"2022-05-12","03:39:00",3,"SD",46,0,1,0,0,0,0,45.03,-101.38,45.03,-101.38,0,0,0,0,0,41,0,0,0
666089,2022,5,12,"2022-05-12","03:56:00",3,"SD",46,0,1,0,0,0,0,44.63,-96.95,44.63,-96.95,0,0,0,0,0,57,0,0,0
666090,2022,5,12,"2022-05-12","04:22:00",3,"SD",46,0,1,0,0,0,0,44.73,-97.75,44.73,-97.75,0,0,0,0,0,25,0,0,0
666091,2022,5,12,"2022-05-12","06:22:00",3,"MN",27,0,1.25,0,0,0,0,45.61,-94.01,45.61,-94.01,0,0,0,0,0,9,0,0,0
666092,2022,5,12,"2022-05-12","06:28:00",3,"MN",27,0,2,0,0,0,0,45.66,-93.91,45.66,-93.91,0,0,0,0,0,9,0,0,0
666093,2022,5,12,"2022-05-12","06:33:00",3,"MN",27,0,1.5,0,0,0,0,45.66,-93.91,45.66,-93.91,0,0,0,0,0,9,0,0,0
666094,2022,5,12,"2022-05-12","06:40:00",3,"MN",27,0,1.25,0,0,0,0,45.61,-94.47,45.61,-94.47,0,0,0,0,0,145,0,0,0
666095,2022,5,12,"2022-05-12","08:35:00",3,"MN",27,0,2,0,0,0,0,45.82,-94.75,45.82,-94.75,0,0,0,0,0,153,0,0,0
666096,2022,5,12,"2022-05-12","09:11:00",3,"MN",27,0,1,0,0,0,0,46.01,-94.38,46.01,-94.38,0,0,0,0,0,97,0,0,0
666097,2022,5,12,"2022-05-12","09:16:00",3,"MN",27,0,1,0,0,0,0,45.98,-94.37,45.98,-94.37,0,0,0,0,0,97,0,0,0
666098,2022,5,12,"2022-05-12","10:02:00",3,"MN",27,0,1.75,0,0,0,0,45.61,-94.45,45.61,-94.45,0,0,0,0,0,145,0,0,0
666099,2022,5,12,"2022-05-12","10:03:00",3,"MN",27,0,1.75,0,0,0,0,45.58,-94.39,45.58,-94.39,0,0,0,0,0,145,0,0,0
666100,2022,5,12,"2022-05-12","10:06:00",3,"MN",27,0,2,0,0,0,0,45.6,-94.37,45.6,-94.37,0,0,0,0,0,145,0,0,0
666101,2022,5,12,"2022-05-12","10:10:00",3,"MN",27,0,1.75,0,0,0,0,45.57,-94.32,45.57,-94.32,0,0,0,0,0,145,0,0,0
666102,2022,5,12,"2022-05-12","10:12:00",3,"MN",27,0,1.75,0,0,0,0,45.57,-94.31,45.57,-94.31,0,0,0,0,0,145,0,0,0
666103,2022,5,12,"2022-05-12","10:12:00",3,"MN",27,0,1,0,0,0,0,45.66,-94.32,45.66,-94.32,0,0,0,0,0,145,0,0,0
666104,2022,5,12,"2022-05-12","10:17:00",3,"MN",27,0,1,0,0,0,0,45.6,-94.26,45.6,-94.26,0,0,0,0,0,145,0,0,0
666105,2022,5,12,"2022-05-12","10:18:00",3,"MN",27,0,1,0,0,0,0,45.58,-94.24,45.58,-94.24,0,0,0,0,0,145,0,0,0
666106,2022,5,12,"2022-05-12","10:19:00",3,"MN",27,0,1.75,0,0,0,0,45.55,-94.22,45.55,-94.22,0,0,0,0,0,145,0,0,0
666107,2022,5,12,"2022-05-12","10:19:00",3,"MN",27,0,1,0,0,0,0,46.14,-93.46,46.14,-93.46,0,0,0,0,0,95,0,0,0
666108,2022,5,12,"2022-05-12","10:23:00",3,"MN",27,0,1,0,0,0,0,45.55,-94.22,45.55,-94.22,0,0,0,0,0,145,0,0,0
666109,2022,5,12,"2022-05-12","10:24:00",3,"MN",27,0,1.75,0,0,0,0,45.55,-94.17,45.55,-94.17,0,0,0,0,0,145,0,0,0
666110,2022,5,12,"2022-05-12","10:25:00",3,"MN",27,0,1.75,0,0,0,0,45.62,-94.21,45.62,-94.21,0,0,0,0,0,145,0,0,0
666111,2022,5,12,"2022-05-12","10:37:00",3,"MN",27,0,1,0,0,0,0,45.61,-94.01,45.61,-94.01,0,0,0,0,0,9,0,0,0
666112,2022,5,12,"2022-05-12","11:08:00",3,"MN",27,0,1.25,0,0,0,0,45.57,-93.58,45.57,-93.58,0,0,0,0,0,95,0,0,0
666113,2022,5,12,"2022-05-12","11:46:00",3,"MN",27,0,1.25,0,0,0,0,45.72,-93.17,45.72,-93.17,0,0,0,0,0,59,0,0,0
666114,2022,5,12,"2022-05-12","11:55:00",3,"MN",27,0,1,0,0,0,0,45.69,-92.96,45.69,-92.96,0,0,0,0,0,25,0,0,0
666115,2022,5,12,"2022-05-12","12:02:00",3,"MN",27,0,1.25,0,0,0,0,45.71,-92.92,45.71,-92.92,0,0,0,0,0,25,0,0,0
666116,2022,5,12,"2022-05-12","12:02:00",3,"MN",27,0,1,0,0,0,0,45.74,-92.92,45.74,-92.92,0,0,0,0,0,115,0,0,0
666117,2022,5,12,"2022-05-12","12:06:00",3,"MN",27,0,1,0,0,0,0,45.73,-92.93,45.73,-92.93,0,0,0,0,0,115,0,0,0
666118,2022,5,12,"2022-05-12","12:17:00",3,"WI",55,0,1.75,0,0,0,0,45.78,-92.68,45.78,-92.68,0,0,0,0,0,13,0,0,0
666119,2022,5,12,"2022-05-12","12:19:00",3,"KS",20,0,1,0,0,0,0,39.6255,-99.7756,39.6255,-99.7756,0,0,0,0,0,137,0,0,0
666120,2022,5,12,"2022-05-12","12:20:00",3,"WI",55,0,2,0,0,0,0,45.77,-92.69,45.77,-92.69,0,0,0,0,0,13,0,0,0
666121,2022,5,12,"2022-05-12","12:22:00",3,"WI",55,0,1.25,0,0,0,0,45.78,-92.68,45.78,-92.68,0,0,0,0,0,13,0,0,0
666122,2022,5,12,"2022-05-12","12:26:00",3,"MN",27,0,0.75,0,0,0,0,45.82,-92.82,45.82,-92.82,0,0,0,0,0,115,0,0,0
666123,2022,5,12,"2022-05-12","12:30:00",3,"KS",20,0,1.25,0,0,0,0,39.7293,-99.66,39.7293,-99.66,0,0,0,0,0,137,0,0,0
666124,2022,5,12,"2022-05-12","12:31:00",3,"WI",55,0,0.75,0,0,0,0,45.78,-92.68,45.78,-92.68,0,0,0,0,0,13,0,0,0
666125,2022,5,12,"2022-05-12","12:33:00",3,"KS",20,0,1.5,0,0,0,0,39.83,-99.57,39.83,-99.57,0,0,0,0,0,147,0,0,0
666126,2022,5,12,"2022-05-12","12:45:00",3,"NE",31,0,1,0,0,0,0,40.13,-99.45,40.13,-99.45,0,0,0,0,0,83,0,0,0
666127,2022,5,12,"2022-05-12","12:57:00",3,"WI",55,0,1,0,0,0,0,45.94,-92.18,45.94,-92.18,0,0,0,0,0,13,0,0,0
666128,2022,5,12,"2022-05-12","13:00:00",3,"WI",55,0,0.88,0,0,0,0,46.01,-92.16,46.01,-92.16,0,0,0,0,0,13,0,0,0
666129,2022,5,12,"2022-05-12","13:10:00",3,"WI",55,0,0.88,0,0,0,0,44.78,-89.69,44.78,-89.69,0,0,0,0,0,73,0,0,0
666130,2022,5,12,"2022-05-12","13:15:00",3,"NE",31,0,1,0,0,0,0,40.8436,-98.8812,40.8436,-98.8812,0,0,0,0,0,19,0,0,0
666131,2022,5,12,"2022-05-12","13:18:00",3,"MN",27,0,1,0,0,0,0,46.36,-94.6,46.36,-94.6,0,0,0,0,0,21,0,0,0
666132,2022,5,12,"2022-05-12","13:24:00",3,"MN",27,0,0.75,0,0,0,0,46.35,-94.65,46.35,-94.65,0,0,0,0,0,21,0,0,0
666133,2022,5,12,"2022-05-12","13:28:00",3,"NE",31,0,1.5,0,0,0,0,41.27,-99.38,41.27,-99.38,0,0,0,0,0,41,0,0,0
666134,2022,5,12,"2022-05-12","13:31:00",3,"MN",27,0,1,0,0,0,0,46.65,-93.73,46.65,-93.73,0,0,0,0,0,1,0,0,0
666135,2022,5,12,"2022-05-12","13:33:00",3,"MN",27,0,0.88,0,0,0,0,46.58,-94.23,46.58,-94.23,0,0,0,0,0,35,0,0,0
666136,2022,5,12,"2022-05-12","13:35:00",3,"NE",31,0,1.5,0,0,1e+05,1e+06,41.43,-99.1686,41.43,-99.1686,0,0,0,0,0,175,0,0,0
666137,2022,5,12,"2022-05-12","13:35:00",3,"WI",55,0,1,0,0,0,0,44.88,-89.33,44.88,-89.33,0,0,0,0,0,73,0,0,0
666138,2022,5,12,"2022-05-12","13:38:00",3,"MN",27,0,1,0,0,0,0,46.35,-94.65,46.35,-94.65,0,0,0,0,0,21,0,0,0
666139,2022,5,12,"2022-05-12","13:45:00",3,"SD",46,0,1,0,0,0,0,44.5,-104.04,44.5,-104.04,0,0,0,0,0,81,0,0,0
666140,2022,5,12,"2022-05-12","13:45:00",3,"WI",55,0,0.88,0,0,0,0,45.16,-88.76,45.16,-88.76,0,0,0,0,0,67,0,0,0
666141,2022,5,12,"2022-05-12","13:45:00",3,"MN",27,0,1,0,0,0,0,46.52,-94.35,46.52,-94.35,0,0,0,0,0,21,0,0,0
666142,2022,5,12,"2022-05-12","13:47:00",3,"NE",31,0,1.5,0,0,0,0,41,-98.6959,41,-98.6959,0,0,0,0,0,79,0,0,0
666143,2022,5,12,"2022-05-12","13:52:00",3,"MN",27,0,1,0,0,0,0,46.36,-94.65,46.36,-94.65,0,0,0,0,0,21,0,0,0
666144,2022,5,12,"2022-05-12","14:00:00",3,"WI",55,0,1.5,0,0,0,0,45.18,-88.48,45.18,-88.48,0,0,0,0,0,83,0,0,0
666145,2022,5,12,"2022-05-12","14:00:00",3,"WI",55,0,1,0,0,0,0,44.93,-89.19,44.93,-89.19,0,0,0,0,0,115,0,0,0
666146,2022,5,12,"2022-05-12","14:05:00",3,"NE",31,0,1,0,0,0,0,41.99,-99.02,41.99,-99.02,0,0,0,0,0,71,0,0,0
666147,2022,5,12,"2022-05-12","14:10:00",3,"WI",55,0,1.25,0,0,0,0,45.43,-91.41,45.43,-91.41,0,0,0,0,0,107,0,0,0
666148,2022,5,12,"2022-05-12","14:15:00",3,"WI",55,0,0.75,0,0,0,0,45.24,-88.35,45.24,-88.35,0,0,0,0,0,83,0,0,0
666149,2022,5,12,"2022-05-12","14:17:00",3,"MN",27,0,1,0,0,0,0,46.47,-94.17,46.47,-94.17,0,0,0,0,0,35,0,0,0
666150,2022,5,12,"2022-05-12","14:20:00",3,"WI",55,0,1,0,0,0,0,45.46,-91.27,45.46,-91.27,0,0,0,0,0,107,0,0,0
666151,2022,5,12,"2022-05-12","14:25:00",3,"WI",55,0,1.75,0,0,0,0,44.97,-88.81,44.97,-88.81,0,0,0,0,0,78,0,0,0
666152,2022,5,12,"2022-05-12","14:27:00",3,"MN",27,0,0.75,0,0,0,0,46.7,-94.27,46.7,-94.27,0,0,0,0,0,35,0,0,0
666153,2022,5,12,"2022-05-12","14:30:00",3,"MN",27,0,1,0,0,0,0,46.73,-94.44,46.73,-94.44,0,0,0,0,0,21,0,0,0
666154,2022,5,12,"2022-05-12","14:37:00",3,"MN",27,0,1,0,0,0,0,46.79,-94.36,46.79,-94.36,0,0,0,0,0,21,0,0,0
666155,2022,5,12,"2022-05-12","14:37:00",3,"MN",27,0,1.25,0,0,0,0,46.72,-93.28,46.72,-93.28,0,0,0,0,0,1,0,0,0
666156,2022,5,12,"2022-05-12","14:40:00",3,"MN",27,0,1.5,0,0,0,0,46.72,-94.4,46.72,-94.4,0,0,0,0,0,21,0,0,0
666157,2022,5,12,"2022-05-12","14:40:00",3,"MN",27,0,0.88,0,0,0,0,46.76,-93.25,46.76,-93.25,0,0,0,0,0,1,0,0,0
666158,2022,5,12,"2022-05-12","14:42:00",3,"NE",31,0,1.25,0,0,0,0,41.9,-97.73,41.9,-97.73,0,0,0,0,0,119,0,0,0
666159,2022,5,12,"2022-05-12","14:45:00",3,"MN",27,0,1.25,0,0,0,0,46.73,-93.21,46.73,-93.21,0,0,0,0,0,1,0,0,0
666160,2022,5,12,"2022-05-12","14:45:00",3,"MN",27,0,1.25,0,0,0,0,46.4,-93.76,46.4,-93.76,0,0,0,0,0,1,0,0,0
666161,2022,5,12,"2022-05-12","14:45:00",3,"MI",26,0,0.88,0,0,0,0,46.49,-87.19,46.49,-87.19,0,0,0,0,0,103,0,0,0
666162,2022,5,12,"2022-05-12","14:47:00",3,"MI",26,0,1,0,0,0,0,46,-87.84,46,-87.84,0,0,0,0,0,43,0,0,0
666163,2022,5,12,"2022-05-12","14:52:00",3,"MI",26,0,0.75,0,0,0,0,46.41,-87.4,46.41,-87.4,0,0,0,0,0,103,0,0,0
666164,2022,5,12,"2022-05-12","15:05:00",3,"MN",27,0,1.5,0,0,0,0,47.39,-93.78,47.39,-93.78,0,0,0,0,0,61,0,0,0
666165,2022,5,12,"2022-05-12","15:10:00",3,"WI",55,0,1,0,0,0,0,45.91,-89.25,45.91,-89.25,0,0,0,0,0,125,0,0,0
666166,2022,5,12,"2022-05-12","15:10:00",3,"MN",27,0,1,0,0,0,0,47.42,-93.79,47.42,-93.79,0,0,0,0,0,61,0,0,0
666167,2022,5,12,"2022-05-12","15:11:00",3,"MI",26,0,0.88,0,0,0,0,46.5,-87.17,46.5,-87.17,0,0,0,0,0,103,0,0,0
666168,2022,5,12,"2022-05-12","15:15:00",3,"MN",27,0,1.25,0,0,0,0,47.4,-93.72,47.4,-93.72,0,0,0,0,0,61,0,0,0
666169,2022,5,12,"2022-05-12","15:22:00",3,"MN",27,0,0.88,0,0,0,0,46.93,-92.92,46.93,-92.92,0,0,0,0,0,137,0,0,0
666170,2022,5,12,"2022-05-12","15:37:00",3,"MN",27,0,1,0,0,0,0,47.15,-93.65,47.15,-93.65,0,0,0,0,0,61,0,0,0
666171,2022,5,12,"2022-05-12","15:39:00",3,"NE",31,0,1.25,0,0,0,0,40.6473,-98.3838,40.6972,-98.38,0,0,0,0,0,1,0,0,0
666172,2022,5,12,"2022-05-12","15:40:00",3,"NE",31,0,1,0,0,0,0,40.44,-98.33,40.44,-98.33,0,0,0,0,0,1,0,0,0
666173,2022,5,12,"2022-05-12","15:41:00",3,"NE",31,0,1.75,0,0,1e+05,1e+06,40.7101,-98.3782,40.7101,-98.3782,0,0,0,0,0,79,0,0,0
666174,2022,5,12,"2022-05-12","15:50:00",3,"MN",27,0,0.88,0,0,0,0,46.99,-93.6,46.99,-93.6,0,0,0,0,0,1,0,0,0
666175,2022,5,12,"2022-05-12","15:50:00",3,"MN",27,0,1,0,0,0,0,47.24,-93.42,47.24,-93.42,0,0,0,0,0,61,0,0,0
666176,2022,5,12,"2022-05-12","15:54:00",3,"MN",27,0,0.75,0,0,0,0,47.17,-93.42,47.17,-93.42,0,0,0,0,0,61,0,0,0
666177,2022,5,12,"2022-05-12","15:55:00",3,"MN",27,0,1,0,0,0,0,46.97,-92.91,46.97,-92.91,0,0,0,0,0,137,0,0,0
666178,2022,5,12,"2022-05-12","15:55:00",3,"TX",48,0,1,0,0,0,0,30.6094,-102.6278,30.6094,-102.6278,0,0,0,0,0,371,0,0,0
666179,2022,5,12,"2022-05-12","16:00:00",3,"SD",46,0,1,0,0,0,0,44.36,-98.22,44.36,-98.22,0,0,0,0,0,5,0,0,0
666180,2022,5,12,"2022-05-12","16:02:00",3,"SD",46,0,0.75,0,0,0,0,44.36,-98.22,44.36,-98.22,0,0,0,0,0,5,0,0,0
666181,2022,5,12,"2022-05-12","16:09:00",3,"SD",46,0,0.75,0,0,0,5000,44.01,-97.67,44.01,-97.67,0,0,0,0,0,97,0,0,0
666182,2022,5,12,"2022-05-12","16:10:00",3,"KS",20,0,1,0,0,0,0,39.19,-98.32,39.19,-98.32,0,0,0,0,0,105,0,0,0
666183,2022,5,12,"2022-05-12","16:10:00",3,"SD",46,0,0.88,0,0,0,0,44.46,-98.18,44.46,-98.18,0,0,0,0,0,5,0,0,0
666184,2022,5,12,"2022-05-12","16:15:00",3,"ND",38,0,1,0,0,0,0,47.3,-101.67,47.3,-101.67,0,0,0,0,0,57,0,0,0
666185,2022,5,12,"2022-05-12","16:15:00",3,"MN",27,0,1,0,0,0,0,46.97,-92.84,46.97,-92.84,0,0,0,0,0,137,0,0,0
666186,2022,5,12,"2022-05-12","16:18:00",3,"SD",46,0,1,0,0,0,0,45.03,-99.13,45.03,-99.13,0,0,0,0,0,49,0,0,0
666187,2022,5,12,"2022-05-12","16:18:00",3,"ND",38,0,0.88,0,0,0,0,47.3,-101.64,47.3,-101.64,0,0,0,0,0,57,0,0,0
666188,2022,5,12,"2022-05-12","16:22:00",3,"SD",46,0,1,0,0,0,0,44.73,-97.75,44.73,-97.75,0,0,0,0,0,25,0,0,0
666189,2022,5,12,"2022-05-12","16:25:00",3,"WI",55,0,1,0,0,0,0,45,-88.34,45,-88.34,0,0,0,0,0,83,0,0,0
666190,2022,5,12,"2022-05-12","16:31:00",3,"KS",20,0,2,0,0,0,0,39.04,-98.15,39.04,-98.15,0,0,0,0,0,105,0,0,0
666191,2022,5,12,"2022-05-12","16:34:00",3,"TX",48,0,1,0,0,0,0,30.5885,-102.5935,30.5885,-102.5935,0,0,0,0,0,371,0,0,0
666192,2022,5,12,"2022-05-12","16:50:00",3,"KS",20,0,1,0,0,0,0,38.7977,-100.2436,38.7977,-100.2436,0,0,0,0,0,63,0,0,0
666193,2022,5,12,"2022-05-12","16:54:00",3,"ND",38,0,1.5,0,0,0,0,47.65,-101.42,47.65,-101.42,0,0,0,0,0,55,0,0,0
666194,2022,5,12,"2022-05-12","16:55:00",3,"AL",1,0,1,0,0,0,0,30.82,-88.35,30.82,-88.35,0,0,0,0,0,97,0,0,0
666195,2022,5,12,"2022-05-12","17:04:00",3,"MS",28,0,0.75,0,0,0,0,31.82,-89.88,31.82,-89.88,0,0,0,0,0,127,0,0,0
666196,2022,5,12,"2022-05-12","17:26:00",3,"KS",20,0,1,0,0,0,0,39.01,-99.87,39.01,-99.87,0,0,0,0,0,195,0,0,0
666197,2022,5,12,"2022-05-12","17:50:00",3,"WI",55,0,1,0,0,0,0,44.95,-88.16,44.95,-88.16,0,0,0,0,0,83,0,0,0
666198,2022,5,12,"2022-05-12","17:55:00",3,"NE",31,0,1.25,0,0,0,0,40.3,-96.99,40.3,-96.99,0,0,0,0,0,95,0,0,0
666199,2022,5,12,"2022-05-12","18:00:00",3,"ND",38,0,0.88,0,0,0,0,46.01,-98.13,46.01,-98.13,0,0,0,0,0,21,0,0,0
666200,2022,5,12,"2022-05-12","18:01:00",3,"MN",27,0,1,0,0,0,0,45.58,-95.91,45.58,-95.91,0,0,0,0,0,149,0,0,0
666201,2022,5,12,"2022-05-12","18:07:00",3,"NE",31,0,2.5,0,0,0,0,40.4,-96.92,40.4,-96.92,0,0,0,0,0,151,0,0,0
666202,2022,5,12,"2022-05-12","18:14:00",3,"NE",31,0,1.75,0,0,0,0,40.44,-96.84,40.44,-96.84,0,0,0,0,0,67,0,0,0
666203,2022,5,12,"2022-05-12","18:16:00",3,"NE",31,0,1,0,0,0,0,40.49,-96.79,40.49,-96.79,0,0,0,0,0,67,0,0,0
666204,2022,5,12,"2022-05-12","18:19:00",3,"NE",31,0,1.75,0,0,0,0,40.54,-96.79,40.54,-96.79,0,0,0,0,0,109,0,0,0
666205,2022,5,12,"2022-05-12","18:19:00",3,"SD",46,0,0.75,0,0,0,0,42.78,-96.93,42.78,-96.93,0,0,0,0,0,27,0,0,0
666206,2022,5,12,"2022-05-12","18:20:00",3,"SD",46,0,1,0,0,0,0,42.78,-96.92,42.78,-96.92,0,0,0,0,0,27,0,0,0
666207,2022,5,12,"2022-05-12","18:21:00",3,"SD",46,0,0.75,0,0,0,2000,42.53,-96.55,42.53,-96.55,0,0,0,0,0,127,0,0,0
666208,2022,5,12,"2022-05-12","18:24:00",3,"NE",31,0,0.88,0,0,0,0,40.75,-98.84,40.75,-98.84,0,0,0,0,0,19,0,0,0
666209,2022,5,12,"2022-05-12","18:32:00",3,"NE",31,0,1,0,0,0,0,41.4,-96.61,41.4,-96.61,0,0,0,0,0,155,0,0,0
666210,2022,5,12,"2022-05-12","18:42:00",3,"NE",31,0,1.75,0,0,0,0,40.99,-96.64,40.99,-96.64,0,0,0,0,0,109,0,0,0
666211,2022,5,12,"2022-05-12","18:44:00",3,"MN",27,0,1,0,0,0,0,46.27,-95.19,46.27,-95.19,0,0,0,0,0,111,0,0,0
666212,2022,5,12,"2022-05-12","18:49:00",3,"NE",31,0,1,0,0,0,0,40.88,-96.67,40.88,-96.67,0,0,0,0,0,109,0,0,0
666213,2022,5,12,"2022-05-12","19:01:00",3,"MN",27,0,1,0,0,0,0,45.53,-94.18,45.53,-94.18,0,0,0,0,0,145,0,0,0
666214,2022,5,12,"2022-05-12","19:05:00",3,"MN",27,0,0.75,0,0,0,0,47.64,-92.56,47.64,-92.56,0,0,0,0,0,137,0,0,0
666215,2022,5,12,"2022-05-12","19:45:00",3,"NE",31,0,0.75,0,0,0,0,40.74,-97.86,40.74,-97.86,0,0,0,0,0,81,0,0,0
666216,2022,5,12,"2022-05-12","20:15:00",3,"MN",27,0,1.5,0,0,0,0,47.15,-93.14,47.15,-93.14,0,0,0,0,0,61,0,0,0
666217,2022,5,12,"2022-05-12","20:44:00",3,"OK",40,0,1,0,0,0,0,36.62,-99.75,36.62,-99.75,0,0,0,0,0,59,0,0,0
666218,2022,5,12,"2022-05-12","21:24:00",3,"OK",40,0,1,0,0,0,0,36.69,-99.39,36.69,-99.39,0,0,0,0,0,59,0,0,0
666219,2022,5,12,"2022-05-12","22:20:00",3,"OK",40,0,0.88,0,0,0,0,35.22,-99.87,35.22,-99.87,0,0,0,0,0,9,0,0,0
666220,2022,5,13,"2022-05-13","11:50:00",3,"AR",5,0,1.25,0,0,0,0,34.55,-90.85,34.55,-90.85,0,0,0,0,0,107,0,0,0
666221,2022,5,13,"2022-05-13","11:50:00",3,"AR",5,0,1,0,0,0,0,34.6,-90.75,34.6,-90.75,0,0,0,0,0,107,0,0,0
666222,2022,5,13,"2022-05-13","13:03:00",3,"TN",47,0,1.25,0,0,0,0,35.09,-90.03,35.09,-90.03,0,0,0,0,0,157,0,0,0
666223,2022,5,13,"2022-05-13","13:56:00",3,"OK",40,0,0.75,0,0,0,0,35.5405,-95.5252,35.5405,-95.5252,0,0,0,0,0,91,0,0,0
666224,2022,5,13,"2022-05-13","14:44:00",3,"FL",12,0,1,0,0,0,0,26.65,-80.28,26.65,-80.28,0,0,0,0,0,99,0,0,0
666225,2022,5,13,"2022-05-13","14:45:00",3,"LA",22,0,1,0,0,0,0,30.4,-91.1,30.4,-91.1,0,0,0,0,0,33,0,0,0
666226,2022,5,13,"2022-05-13","15:24:00",3,"WI",55,0,0.75,0,0,0,0,45.56,-88.68,45.56,-88.68,0,0,0,0,0,41,0,0,0
666227,2022,5,13,"2022-05-13","15:25:00",3,"MO",29,0,1,0,0,0,0,37.01,-91.94,37.01,-91.94,0,0,0,0,0,91,0,0,0
666228,2022,5,13,"2022-05-13","15:29:00",3,"FL",12,0,1,0,0,0,0,26.57,-81.98,26.57,-81.98,0,0,0,0,0,71,0,0,0
666229,2022,5,13,"2022-05-13","15:33:00",3,"TN",47,0,1,0,0,0,0,35.63,-88.83,35.63,-88.83,0,0,0,0,0,113,0,0,0
666230,2022,5,13,"2022-05-13","15:35:00",3,"MO",29,0,1,0,0,0,0,37.49,-91.81,37.49,-91.81,0,0,0,0,0,215,0,0,0
666231,2022,5,13,"2022-05-13","15:35:00",3,"FL",12,0,1,0,0,0,0,26.94,-80.2,26.94,-80.2,0,0,0,0,0,99,0,0,0
666232,2022,5,13,"2022-05-13","15:39:00",3,"FL",12,0,0.88,0,0,0,0,26.94,-80.23,26.94,-80.23,0,0,0,0,0,99,0,0,0
666233,2022,5,13,"2022-05-13","16:15:00",3,"MO",29,0,1,0,0,0,0,37.32,-91.8,37.32,-91.8,0,0,0,0,0,215,0,0,0
666234,2022,5,13,"2022-05-13","16:19:00",3,"MI",26,0,0.75,0,0,0,0,46.82,-87.73,46.82,-87.73,0,0,0,0,0,103,0,0,0
666235,2022,5,13,"2022-05-13","16:23:00",3,"AR",5,0,0.88,0,0,0,0,33.88,-91.55,33.88,-91.55,0,0,0,0,0,41,0,0,0
666236,2022,5,13,"2022-05-13","16:35:00",3,"IL",17,0,1,0,0,0,0,40.65,-90.66,40.65,-90.66,0,0,0,0,0,187,0,0,0
666237,2022,5,13,"2022-05-13","16:36:00",3,"MO",29,0,1,0,0,0,0,37.34,-91.83,37.34,-91.83,0,0,0,0,0,215,0,0,0
666238,2022,5,13,"2022-05-13","16:37:00",3,"TN",47,0,1,0,0,0,0,35.2249,-88.2491,35.2249,-88.2491,0,0,0,0,0,71,0,0,0
666239,2022,5,13,"2022-05-13","16:40:00",3,"IL",17,0,1.25,0,0,0,0,39.82,-91.25,39.8154,-91.1474,0,0,0,0,0,1,0,0,0
666240,2022,5,13,"2022-05-13","16:45:00",3,"MS",28,0,1,0,0,0,0,32.27,-89.99,32.27,-89.99,0,0,0,0,0,121,0,0,0
666241,2022,5,13,"2022-05-13","16:45:00",3,"TN",47,0,1,0,0,0,0,35.23,-88.22,35.23,-88.22,0,0,0,0,0,71,0,0,0
666242,2022,5,13,"2022-05-13","16:49:00",3,"IL",17,0,1.25,0,0,0,0,40.59,-90.67,40.59,-90.67,0,0,0,0,0,109,0,0,0
666243,2022,5,13,"2022-05-13","16:51:00",3,"MO",29,0,1.25,0,0,0,0,39.2535,-91.3086,39.2535,-91.3086,0,0,0,0,0,163,0,0,0
666244,2022,5,13,"2022-05-13","16:52:00",3,"IL",17,0,1,0,0,0,0,40.46,-90.68,40.46,-90.68,0,0,0,0,0,109,0,0,0
666245,2022,5,13,"2022-05-13","16:58:00",3,"IL",17,0,1,0,0,0,0,40.45,-90.67,40.45,-90.67,0,0,0,0,0,109,0,0,0
666246,2022,5,13,"2022-05-13","16:59:00",3,"IL",17,0,1,0,0,0,0,40.56,-90.51,40.56,-90.51,0,0,0,0,0,109,0,0,0
666247,2022,5,13,"2022-05-13","17:00:00",3,"IL",17,0,1.75,0,0,0,0,40.1993,-90.7298,40.1993,-90.7298,0,0,0,0,0,169,0,0,0
666248,2022,5,13,"2022-05-13","17:05:00",3,"MO",29,0,1,0,0,0,0,39.0082,-91.321,39.0082,-91.321,0,0,0,0,0,139,0,0,0
666249,2022,5,13,"2022-05-13","17:15:00",3,"MO",29,0,1.75,0,0,0,0,37.97,-91.35,37.97,-91.35,0,0,0,0,0,55,0,0,0
666250,2022,5,13,"2022-05-13","17:21:00",3,"MO",29,0,1,0,0,0,0,39.01,-91.3175,39.01,-91.3175,0,0,0,0,0,139,0,0,0
666251,2022,5,13,"2022-05-13","17:21:00",3,"TX",48,0,1.75,0,0,0,0,32.34,-99.88,32.34,-99.88,0,0,0,0,0,441,0,0,0
666252,2022,5,13,"2022-05-13","17:30:00",3,"TX",48,0,2.5,0,0,0,0,33.18,-99.18,33.18,-99.18,0,0,0,0,0,447,0,0,0
666253,2022,5,13,"2022-05-13","17:30:00",3,"TX",48,0,2,0,0,0,0,33.2,-99.16,33.2,-99.16,0,0,0,0,0,447,0,0,0
666254,2022,5,13,"2022-05-13","17:30:00",3,"IL",17,0,1,0,0,0,0,39.72,-91.2,39.6995,-91.0478,0,0,0,0,0,149,0,0,0
666255,2022,5,13,"2022-05-13","17:32:00",3,"IL",17,0,1,0,0,0,0,42.48,-89.52,42.48,-89.52,0,0,0,0,0,177,0,0,0
666256,2022,5,13,"2022-05-13","17:41:00",3,"MO",29,0,1,0,0,0,0,37.27,-92.62,37.27,-92.62,0,0,0,0,0,229,0,0,0
666257,2022,5,13,"2022-05-13","17:51:00",3,"TX",48,0,1.75,0,0,10000,0,32.75,-98.92,32.75,-98.92,0,0,0,0,0,429,0,0,0
666258,2022,5,13,"2022-05-13","17:53:00",3,"TX",48,0,0.75,0,0,0,0,33.9,-98.53,33.9,-98.53,0,0,0,0,0,485,0,0,0
666259,2022,5,13,"2022-05-13","17:54:00",3,"WI",55,0,1,0,0,0,0,42.92,-89.22,42.92,-89.22,0,0,0,0,0,25,0,0,0
666260,2022,5,13,"2022-05-13","17:57:00",3,"TX",48,0,1,0,0,0,0,33.89,-98.54,33.89,-98.54,0,0,0,0,0,485,0,0,0
666261,2022,5,13,"2022-05-13","17:58:00",3,"TX",48,0,1.75,0,0,0,0,32.52,-99.63,32.52,-99.63,0,0,0,0,0,441,0,0,0
666262,2022,5,13,"2022-05-13","18:00:00",3,"TX",48,0,0.88,0,0,0,0,33.94,-98.55,33.94,-98.55,0,0,0,0,0,485,0,0,0
666263,2022,5,13,"2022-05-13","18:02:00",3,"TX",48,0,1,0,0,0,0,33.9,-98.52,33.9,-98.52,0,0,0,0,0,485,0,0,0
666264,2022,5,13,"2022-05-13","18:04:00",3,"IL",17,0,1,0,0,0,0,42.4371,-89.332,42.4371,-89.332,0,0,0,0,0,201,0,0,0
666265,2022,5,13,"2022-05-13","18:06:00",3,"TX",48,0,1,0,0,0,0,32.05,-100.11,32.05,-100.11,0,0,0,0,0,399,0,0,0
666266,2022,5,13,"2022-05-13","18:06:00",3,"TX",48,0,2.75,0,0,1e+05,0,32.75,-98.84,32.75,-98.84,0,0,0,0,0,429,0,0,0
666267,2022,5,13,"2022-05-13","18:08:00",3,"TX",48,0,1.5,0,0,0,0,33.9,-98.52,33.9,-98.52,0,0,0,0,0,485,0,0,0
666268,2022,5,13,"2022-05-13","18:10:00",3,"TX",48,0,1,0,0,0,0,33.98,-98.53,33.98,-98.53,0,0,0,0,0,485,0,0,0
666269,2022,5,13,"2022-05-13","18:13:00",3,"TX",48,0,1,0,0,0,0,33.91,-98.51,33.91,-98.51,0,0,0,0,0,485,0,0,0
666270,2022,5,13,"2022-05-13","18:20:00",3,"TX",48,0,1.25,0,0,0,0,33.91,-98.49,33.91,-98.49,0,0,0,0,0,485,0,0,0
666271,2022,5,13,"2022-05-13","18:27:00",3,"TX",48,0,1,0,0,0,0,33.89,-98.52,33.89,-98.52,0,0,0,0,0,485,0,0,0
666272,2022,5,13,"2022-05-13","18:35:00",3,"MO",29,0,0.88,0,0,0,0,36.96,-91.72,36.96,-91.72,0,0,0,0,0,91,0,0,0
666273,2022,5,13,"2022-05-13","18:37:00",3,"TX",48,0,1.75,0,0,0,0,32.4,-99.49,32.4,-99.49,0,0,0,0,0,59,0,0,0
666274,2022,5,13,"2022-05-13","18:37:00",3,"TX",48,0,1.25,0,0,0,0,33.9,-98.51,33.9,-98.51,0,0,0,0,0,485,0,0,0
666275,2022,5,13,"2022-05-13","18:38:00",3,"MO",29,0,1.25,0,0,0,0,39.1333,-91.6568,39.1333,-91.6568,0,0,0,0,0,7,0,0,0
666276,2022,5,13,"2022-05-13","18:39:00",3,"TX",48,0,1.75,0,0,0,0,33.9,-98.52,33.9,-98.52,0,0,0,0,0,485,0,0,0
666277,2022,5,13,"2022-05-13","18:39:00",3,"MO",29,0,1,0,0,0,0,36.91,-91.77,36.91,-91.77,0,0,0,0,0,91,0,0,0
666278,2022,5,13,"2022-05-13","18:42:00",3,"TX",48,0,1.5,0,0,0,0,33.93,-98.49,33.93,-98.49,0,0,0,0,0,485,0,0,0
666279,2022,5,13,"2022-05-13","18:45:00",3,"TX",48,0,1.75,0,0,10000,0,32.96,-98.77,32.96,-98.77,0,0,0,0,0,503,0,0,0
666280,2022,5,13,"2022-05-13","18:49:00",3,"TX",48,0,1.5,0,0,0,0,33.9,-98.55,33.9,-98.55,0,0,0,0,0,485,0,0,0
666281,2022,5,13,"2022-05-13","18:51:00",3,"MO",29,0,1,0,0,0,0,36.65,-91.85,36.65,-91.85,0,0,0,0,0,91,0,0,0
666282,2022,5,13,"2022-05-13","18:54:00",3,"TX",48,0,1.25,0,0,0,0,33.88,-98.56,33.88,-98.56,0,0,0,0,0,485,0,0,0
666283,2022,5,13,"2022-05-13","18:58:00",3,"TX",48,0,1.25,0,0,0,0,33.86,-98.53,33.86,-98.53,0,0,0,0,0,485,0,0,0
666284,2022,5,13,"2022-05-13","18:59:00",3,"TX",48,0,1,0,0,0,0,33.86,-98.49,33.86,-98.49,0,0,0,0,0,485,0,0,0
666285,2022,5,13,"2022-05-13","19:00:00",3,"MO",29,0,0.88,0,0,0,0,37.13,-92.26,37.13,-92.26,0,0,0,0,0,229,0,0,0
666286,2022,5,13,"2022-05-13","19:02:00",3,"TX",48,0,1,0,0,0,0,33.86,-98.5,33.86,-98.5,0,0,0,0,0,485,0,0,0
666287,2022,5,13,"2022-05-13","19:06:00",3,"TX",48,0,1,0,0,0,0,33.86,-98.57,33.86,-98.57,0,0,0,0,0,485,0,0,0
666288,2022,5,13,"2022-05-13","19:08:00",3,"TX",48,0,1,0,0,0,0,33.86,-98.49,33.86,-98.49,0,0,0,0,0,485,0,0,0
666289,2022,5,13,"2022-05-13","19:09:00",3,"TX",48,0,1.25,0,0,0,0,33.86,-98.5,33.86,-98.5,0,0,0,0,0,485,0,0,0
666290,2022,5,13,"2022-05-13","19:10:00",3,"TX",48,0,1,0,0,0,0,33.86,-98.49,33.86,-98.49,0,0,0,0,0,485,0,0,0
666291,2022,5,13,"2022-05-13","19:15:00",3,"TX",48,0,1.75,0,0,0,0,33.92,-98.5,33.92,-98.5,0,0,0,0,0,485,0,0,0
666292,2022,5,13,"2022-05-13","19:15:00",3,"TX",48,0,1.5,0,0,0,0,33.82,-98.6,33.82,-98.6,0,0,0,0,0,9,0,0,0
666293,2022,5,13,"2022-05-13","19:32:00",3,"OK",40,0,1.25,0,0,0,0,36.88,-98.1,36.88,-98.1,0,0,0,0,0,53,0,0,0
666294,2022,5,13,"2022-05-13","19:39:00",3,"OK",40,0,1.25,0,0,0,0,36.93,-98.11,36.93,-98.11,0,0,0,0,0,3,0,0,0
666295,2022,5,13,"2022-05-13","19:40:00",3,"MO",29,0,1,0,0,0,0,36.95,-92.2,36.95,-92.2,0,0,0,0,0,67,0,0,0
666296,2022,5,13,"2022-05-13","19:43:00",3,"LA",22,0,1,0,0,0,0,31.29,-92.5,31.29,-92.5,0,0,0,0,0,79,0,0,0
666297,2022,5,13,"2022-05-13","19:46:00",3,"OK",40,0,1,0,0,0,0,36.92,-98.42,36.92,-98.42,0,0,0,0,0,3,0,0,0
666298,2022,5,13,"2022-05-13","19:46:00",3,"OK",40,0,1,0,0,0,0,36.92,-98.16,36.92,-98.16,0,0,0,0,0,3,0,0,0
666299,2022,5,13,"2022-05-13","19:46:00",3,"OK",40,0,1,0,0,0,0,36.92,-98.17,36.92,-98.17,0,0,0,0,0,3,0,0,0
666300,2022,5,13,"2022-05-13","20:25:00",3,"WI",55,0,0.88,0,0,0,0,44.26,-88.35,44.26,-88.35,0,0,0,0,0,87,0,0,0
666301,2022,5,13,"2022-05-13","20:26:00",3,"KS",20,0,1.25,0,0,0,0,37.52,-97.77,37.52,-97.77,0,0,0,0,0,173,0,0,0
666302,2022,5,13,"2022-05-13","20:27:00",3,"KS",20,0,1,0,0,0,0,37.47,-97.78,37.47,-97.78,0,0,0,0,0,191,0,0,0
666303,2022,5,13,"2022-05-13","20:45:00",3,"KS",20,0,1.75,0,0,0,0,37.62,-97.77,37.62,-97.77,0,0,0,0,0,173,0,0,0
666304,2022,5,13,"2022-05-13","20:46:00",3,"KS",20,0,1.25,0,0,0,0,37.63,-97.79,37.63,-97.79,0,0,0,0,0,173,0,0,0
666305,2022,5,13,"2022-05-13","20:55:00",3,"OK",40,0,1.75,0,0,0,0,36.84,-98.22,36.84,-98.22,0,0,0,0,0,3,0,0,0
666306,2022,5,13,"2022-05-13","20:55:00",3,"KS",20,0,1.5,0,0,0,0,37.66,-97.64,37.66,-97.64,0,0,0,0,0,173,0,0,0
666307,2022,5,13,"2022-05-13","21:30:00",3,"OK",40,0,2.25,0,0,0,0,36.67,-98.19,36.67,-98.19,0,0,0,0,0,3,0,0,0
666308,2022,5,13,"2022-05-13","22:12:00",3,"OK",40,0,1.75,0,0,0,0,36.54,-98.26,36.54,-98.26,0,0,0,0,0,3,0,0,0
666309,2022,5,13,"2022-05-13","22:32:00",3,"OK",40,0,2.5,0,0,0,0,36.45,-98.25,36.45,-98.25,0,0,0,0,0,93,0,0,0
666310,2022,5,13,"2022-05-13","23:32:00",3,"OK",40,0,1.25,0,0,0,0,36.23,-98.34,36.23,-98.34,0,0,0,0,0,93,0,0,0
666311,2022,5,14,"2022-05-14","00:54:00",3,"OK",40,0,1.75,0,0,0,0,35.87,-98.63,35.87,-98.63,0,0,0,0,0,11,0,0,0
666312,2022,5,14,"2022-05-14","02:30:00",3,"AR",5,0,1.25,0,0,25000,0,35.27,-94.37,35.27,-94.37,0,0,0,0,0,131,0,0,0
666313,2022,5,14,"2022-05-14","03:45:00",3,"MO",29,0,1.25,0,0,0,0,37.01,-92.66,37.01,-92.66,0,0,0,0,0,67,0,0,0
666314,2022,5,14,"2022-05-14","04:50:00",3,"AR",5,0,0.75,0,0,0,0,34.84,-92.26,34.84,-92.26,0,0,0,0,0,119,0,0,0
666315,2022,5,14,"2022-05-14","07:50:00",3,"AR",5,0,1,0,0,0,0,33.7789,-93.3829,33.7789,-93.3829,0,0,0,0,0,99,0,0,0
666316,2022,5,14,"2022-05-14","11:00:00",3,"OH",39,0,0.75,0,0,0,0,40.5204,-82.0977,40.5204,-82.0977,0,0,0,0,0,75,0,0,0
666317,2022,5,14,"2022-05-14","12:15:00",3,"IN",18,0,1,0,0,0,0,39.28,-86.64,39.28,-86.64,0,0,0,0,0,105,0,0,0
666318,2022,5,14,"2022-05-14","12:31:00",3,"IN",18,0,0.88,0,0,0,0,41.3,-85.73,41.3,-85.73,0,0,0,0,0,85,0,0,0
666319,2022,5,14,"2022-05-14","13:13:00",3,"IN",18,0,1.25,0,0,0,0,39.58,-86.49,39.58,-86.49,0,0,0,0,0,109,0,0,0
666320,2022,5,14,"2022-05-14","14:10:00",3,"MO",29,0,1.75,0,0,0,0,36.79,-92.46,36.79,-92.46,0,0,0,0,0,153,0,0,0
666321,2022,5,14,"2022-05-14","14:22:00",3,"AR",5,0,1.6,0,0,0,0,36.01,-93.12,36.01,-93.12,0,0,0,0,0,101,0,0,0
666322,2022,5,14,"2022-05-14","14:26:00",3,"MO",29,0,0.88,0,0,0,0,36.77,-92.55,36.77,-92.55,0,0,0,0,0,153,0,0,0
666323,2022,5,14,"2022-05-14","14:26:00",3,"IN",18,0,0.75,0,0,0,0,41.19,-85.07,41.19,-85.07,0,0,0,0,0,3,0,0,0
666324,2022,5,14,"2022-05-14","14:29:00",3,"KS",20,0,1,0,0,0,0,39.78,-99.89,39.78,-99.89,0,0,0,0,0,137,0,0,0
666325,2022,5,14,"2022-05-14","14:37:00",3,"MO",29,0,1.25,0,0,0,0,36.64,-93.19,36.64,-93.19,0,0,0,0,0,213,0,0,0
666326,2022,5,14,"2022-05-14","14:37:00",3,"MO",29,0,1.25,0,0,0,0,36.65,-93.17,36.65,-93.17,0,0,0,0,0,213,0,0,0
666327,2022,5,14,"2022-05-14","14:40:00",3,"AR",5,0,1.5,0,0,0,0,36.02,-93.18,36.02,-93.18,0,0,0,0,0,101,0,0,0
666328,2022,5,14,"2022-05-14","14:40:00",3,"KS",20,0,0.88,0,0,0,0,37.79,-100.62,37.79,-100.62,0,0,0,0,0,69,0,0,0
666329,2022,5,14,"2022-05-14","14:42:00",3,"MO",29,0,0.75,0,0,0,0,36.64,-93.18,36.64,-93.18,0,0,0,0,0,213,0,0,0
666330,2022,5,14,"2022-05-14","14:43:00",3,"MO",29,0,1,0,0,0,0,36.65,-93.2,36.65,-93.2,0,0,0,0,0,213,0,0,0
666331,2022,5,14,"2022-05-14","14:44:00",3,"AR",5,0,2,0,0,0,0,36.01,-93.19,36.01,-93.19,0,0,0,0,0,101,0,0,0
666332,2022,5,14,"2022-05-14","14:50:00",3,"MO",29,0,1.75,0,0,0,0,36.61,-93.21,36.61,-93.21,0,0,0,0,0,213,0,0,0
666333,2022,5,14,"2022-05-14","14:50:00",3,"AR",5,0,2,0,0,0,0,36.01,-93.19,36.01,-93.19,0,0,0,0,0,101,0,0,0
666334,2022,5,14,"2022-05-14","14:50:00",3,"MO",29,0,1,0,0,0,0,36.61,-93.22,36.61,-93.22,0,0,0,0,0,213,0,0,0
666335,2022,5,14,"2022-05-14","14:52:00",3,"MO",29,0,1.5,0,0,0,0,36.61,-93.22,36.61,-93.22,0,0,0,0,0,213,0,0,0
666336,2022,5,14,"2022-05-14","14:58:00",3,"MO",29,0,1,0,0,0,0,36.62,-93.22,36.62,-93.22,0,0,0,0,0,213,0,0,0
666337,2022,5,14,"2022-05-14","15:00:00",3,"MO",29,0,1,0,0,0,0,36.62,-93.22,36.62,-93.22,0,0,0,0,0,213,0,0,0
666338,2022,5,14,"2022-05-14","15:05:00",3,"MO",29,0,1,0,0,0,0,37.07,-92.57,37.07,-92.57,0,0,0,0,0,229,0,0,0
666339,2022,5,14,"2022-05-14","15:08:00",3,"MO",29,0,0.75,0,0,0,0,36.78,-92.43,36.78,-92.43,0,0,0,0,0,153,0,0,0
666340,2022,5,14,"2022-05-14","15:10:00",3,"MO",29,0,1.25,0,0,0,0,37.07,-92.63,37.07,-92.63,0,0,0,0,0,229,0,0,0
666341,2022,5,14,"2022-05-14","15:14:00",3,"MO",29,0,1.5,0,0,0,0,36.6,-93.31,36.6,-93.31,0,0,0,0,0,213,0,0,0
666342,2022,5,14,"2022-05-14","15:15:00",3,"KS",20,0,0.88,0,0,0,0,38.7,-99.88,38.7,-99.88,0,0,0,0,0,135,0,0,0
666343,2022,5,14,"2022-05-14","15:27:00",3,"MO",29,0,0.88,0,0,0,0,36.6,-93.31,36.6,-93.31,0,0,0,0,0,213,0,0,0
666344,2022,5,14,"2022-05-14","15:30:00",3,"KS",20,0,1,0,0,0,0,38.61,-99.81,38.61,-99.81,0,0,0,0,0,135,0,0,0
666345,2022,5,14,"2022-05-14","15:30:00",3,"KS",20,0,1.75,0,0,50000,5e+05,39.67,-99.57,39.6188,-99.5036,0,0,0,0,0,147,0,0,0
666346,2022,5,14,"2022-05-14","15:33:00",3,"KS",20,0,2.75,0,0,50000,5e+05,39.63,-99.58,39.6227,-99.588,0,0,0,0,0,147,0,0,0
666347,2022,5,14,"2022-05-14","15:35:00",3,"OH",39,0,0.75,0,0,0,0,41.1701,-81.8479,41.1701,-81.8479,0,0,0,0,0,103,0,0,0
666348,2022,5,14,"2022-05-14","15:36:00",3,"MO",29,0,1,0,0,0,0,37.05,-92.66,37.05,-92.66,0,0,0,0,0,67,0,0,0
666349,2022,5,14,"2022-05-14","15:52:00",3,"MO",29,0,1.5,0,0,0,0,37.04,-92.64,37.04,-92.64,0,0,0,0,0,67,0,0,0
666350,2022,5,14,"2022-05-14","15:54:00",3,"TX",48,0,1,0,0,0,0,33.59,-99.95,33.59,-99.95,0,0,0,0,0,275,0,0,0
666351,2022,5,14,"2022-05-14","15:55:00",3,"TX",48,0,1,0,0,0,0,31.1,-98.51,31.1,-98.51,0,0,0,0,0,411,0,0,0
666352,2022,5,14,"2022-05-14","15:57:00",3,"MO",29,0,1,0,0,0,0,36.98,-92.68,36.98,-92.68,0,0,0,0,0,67,0,0,0
666353,2022,5,14,"2022-05-14","16:00:00",3,"MO",29,0,1,0,0,0,0,37.04,-92.65,37.04,-92.65,0,0,0,0,0,67,0,0,0
666354,2022,5,14,"2022-05-14","16:08:00",3,"MO",29,0,1,0,0,0,0,37.19,-92.14,37.19,-92.14,0,0,0,0,0,215,0,0,0
666355,2022,5,14,"2022-05-14","16:12:00",3,"KS",20,0,1,0,0,0,0,39.573,-99.2625,39.573,-99.2625,0,0,0,0,0,147,0,0,0
666356,2022,5,14,"2022-05-14","16:16:00",3,"AL",1,0,1.25,0,0,0,0,30.5799,-87.7693,30.5799,-87.7693,0,0,0,0,0,3,0,0,0
666357,2022,5,14,"2022-05-14","16:18:00",3,"MO",29,0,1,0,0,0,0,36.7,-93.05,36.7,-93.05,0,0,0,0,0,213,0,0,0
666358,2022,5,14,"2022-05-14","16:25:00",3,"KS",20,0,1.5,0,0,0,0,38.35,-99.58,38.35,-99.58,0,0,0,0,0,145,0,0,0
666359,2022,5,14,"2022-05-14","16:30:00",3,"MO",29,0,1,0,0,0,0,36.69,-93.06,36.69,-93.06,0,0,0,0,0,213,0,0,0
666360,2022,5,14,"2022-05-14","16:30:00",3,"MO",29,0,1,0,0,0,0,36.64,-93.1,36.64,-93.1,0,0,0,0,0,213,0,0,0
666361,2022,5,14,"2022-05-14","16:38:00",3,"KS",20,0,1,0,0,0,0,37.49,-100.34,37.49,-100.34,0,0,0,0,0,69,0,0,0
666362,2022,5,14,"2022-05-14","16:42:00",3,"OH",39,0,0.88,0,0,0,0,40.8762,-81.402,40.8762,-81.402,0,0,0,0,0,151,0,0,0
666363,2022,5,14,"2022-05-14","16:45:00",3,"MO",29,0,1,0,0,0,0,37.03,-92.86,37.03,-92.86,0,0,0,0,0,67,0,0,0
666364,2022,5,14,"2022-05-14","16:46:00",3,"MO",29,0,1,0,0,0,0,37.9997,-91.3666,37.9997,-91.3666,0,0,0,0,0,55,0,0,0
666365,2022,5,14,"2022-05-14","16:50:00",3,"OH",39,0,1,0,0,0,0,40.9277,-81.4022,40.9277,-81.4022,0,0,0,0,0,151,0,0,0
666366,2022,5,14,"2022-05-14","16:55:00",3,"KS",20,0,1,0,0,0,0,38.08,-99.64,38.08,-99.64,0,0,0,0,0,83,0,0,0
666367,2022,5,14,"2022-05-14","17:11:00",3,"MO",29,0,1,0,0,0,0,36.13,-90.17,36.13,-90.17,0,0,0,0,0,69,0,0,0
666368,2022,5,14,"2022-05-14","17:15:00",3,"KS",20,0,1.75,0,0,0,0,37.97,-99.59,37.97,-99.59,0,0,0,0,0,83,0,0,0
666369,2022,5,14,"2022-05-14","17:25:00",3,"KS",20,0,1,0,0,0,0,37.92,-99.41,37.92,-99.41,0,0,0,0,0,47,0,0,0
666370,2022,5,14,"2022-05-14","17:27:00",3,"MO",29,0,1.75,0,0,0,0,38.2924,-91.1353,38.2758,-91.1056,0,0,0,0,0,71,0,0,0
666371,2022,5,14,"2022-05-14","17:30:00",3,"IL",17,0,0.88,0,0,0,0,39.3,-87.9426,39.3,-87.9426,0,0,0,0,0,23,0,0,0
666372,2022,5,14,"2022-05-14","17:38:00",3,"KS",20,0,1.75,0,0,0,0,37.91,-99.4,37.91,-99.4,0,0,0,0,0,47,0,0,0
666373,2022,5,14,"2022-05-14","17:40:00",3,"MO",29,0,1.5,0,0,0,0,38.28,-91.1,38.28,-91.1,0,0,0,0,0,71,0,0,0
666374,2022,5,14,"2022-05-14","17:40:00",3,"KS",20,0,2,0,0,0,0,37.92,-99.41,37.92,-99.41,0,0,0,0,0,47,0,0,0
666375,2022,5,14,"2022-05-14","17:40:00",3,"KS",20,0,2,0,0,0,0,37.95,-99.41,37.95,-99.41,0,0,0,0,0,47,0,0,0
666376,2022,5,14,"2022-05-14","17:54:00",3,"KS",20,0,1,0,0,0,0,37.1,-99.98,37.1,-99.98,0,0,0,0,0,25,0,0,0
666377,2022,5,14,"2022-05-14","17:58:00",3,"KS",20,0,2,0,0,0,0,37.05,-99.99,37.05,-99.99,0,0,0,0,0,25,0,0,0
666378,2022,5,14,"2022-05-14","18:05:00",3,"OK",40,0,2,0,0,0,0,37,-99.98,37,-99.98,0,0,0,0,0,59,0,0,0
666379,2022,5,14,"2022-05-14","18:13:00",3,"AR",5,0,0.88,0,0,0,0,36.31,-93.01,36.31,-93.01,0,0,0,0,0,9,0,0,0
666380,2022,5,14,"2022-05-14","18:15:00",3,"KS",20,0,2.75,0,0,0,0,37.78,-99.28,37.78,-99.28,0,0,0,0,0,47,0,0,0
666381,2022,5,14,"2022-05-14","18:20:00",3,"MO",29,0,1,0,0,0,0,38.2192,-91.179,38.2084,-91.161,0,0,0,0,0,71,0,0,0
666382,2022,5,14,"2022-05-14","18:30:00",3,"IL",17,0,1,0,0,0,0,38.57,-90.12,38.57,-90.12,0,0,0,0,0,163,0,0,0
666383,2022,5,14,"2022-05-14","18:31:00",3,"KS",20,0,2.5,0,0,0,0,37.79,-99.34,37.79,-99.34,0,0,0,0,0,47,0,0,0
666384,2022,5,14,"2022-05-14","18:35:00",3,"MS",28,0,1,0,0,0,0,30.49,-89.33,30.49,-89.33,0,0,0,0,0,47,0,0,0
666385,2022,5,14,"2022-05-14","18:35:00",3,"MO",29,0,1.75,0,0,15000,0,37.7882,-90.9274,37.7861,-90.8496,0,0,0,0,0,221,0,0,0
666386,2022,5,14,"2022-05-14","18:37:00",3,"AR",5,0,0.88,0,0,0,0,36.24,-93.12,36.24,-93.12,0,0,0,0,0,9,0,0,0
666387,2022,5,14,"2022-05-14","18:40:00",3,"IN",18,0,1,0,0,0,0,37.93,-87.9,37.93,-87.9,0,0,0,0,0,129,0,0,0
666388,2022,5,14,"2022-05-14","18:40:00",3,"KS",20,0,1.75,0,0,0,0,37.69,-99.23,37.69,-99.23,0,0,0,0,0,97,0,0,0
666389,2022,5,14,"2022-05-14","18:40:00",3,"KS",20,0,1.25,0,0,0,0,37.68,-99.18,37.68,-99.18,0,0,0,0,0,97,0,0,0
666390,2022,5,14,"2022-05-14","18:45:00",3,"OK",40,0,1.5,0,0,0,0,36.83,-99.75,36.83,-99.75,0,0,0,0,0,59,0,0,0
666391,2022,5,14,"2022-05-14","18:45:00",3,"AR",5,0,1.75,0,0,0,0,36.24,-93.12,36.24,-93.12,0,0,0,0,0,9,0,0,0
666392,2022,5,14,"2022-05-14","18:45:00",3,"MS",28,0,1.5,0,0,0,0,30.47,-89.3,30.47,-89.3,0,0,0,0,0,47,0,0,0
666393,2022,5,14,"2022-05-14","18:45:00",3,"KS",20,0,2.75,0,0,0,0,37.65,-99.14,37.65,-99.14,0,0,0,0,0,97,0,0,0
666394,2022,5,14,"2022-05-14","18:49:00",3,"LA",22,0,1.75,0,0,0,0,30.28,-91.69,30.28,-91.69,0,0,0,0,0,99,0,0,0
666395,2022,5,14,"2022-05-14","18:49:00",3,"OK",40,0,2.25,0,0,0,0,36.83,-99.68,36.83,-99.68,0,0,0,0,0,59,0,0,0
666396,2022,5,14,"2022-05-14","18:52:00",3,"OK",40,0,2.5,0,0,0,0,36.83,-99.68,36.83,-99.68,0,0,0,0,0,59,0,0,0
666397,2022,5,14,"2022-05-14","19:22:00",3,"OK",40,0,1,0,0,0,0,36.83,-99.63,36.83,-99.63,0,0,0,0,0,59,0,0,0
666398,2022,5,14,"2022-05-14","19:28:00",3,"TN",47,0,0.88,0,0,0,0,35.8462,-86.405,35.8462,-86.405,0,0,0,0,0,149,0,0,0
666399,2022,5,14,"2022-05-14","19:34:00",3,"TN",47,0,1,0,0,0,0,35.85,-86.42,35.85,-86.42,0,0,0,0,0,149,0,0,0
666400,2022,5,14,"2022-05-14","19:50:00",3,"OK",40,0,1.25,0,0,0,0,36.67,-99.62,36.67,-99.62,0,0,0,0,0,59,0,0,0
666401,2022,5,14,"2022-05-14","19:51:00",3,"OK",40,0,1.75,0,0,0,0,36.67,-99.62,36.67,-99.62,0,0,0,0,0,59,0,0,0
666402,2022,5,14,"2022-05-14","20:13:00",3,"MS",28,0,1,0,0,0,0,30.68,-89.76,30.68,-89.76,0,0,0,0,0,109,0,0,0
666403,2022,5,14,"2022-05-14","20:16:00",3,"KS",20,0,1.25,0,0,0,0,37.29,-95.58,37.29,-95.58,0,0,0,0,0,7,0,0,0
666404,2022,5,14,"2022-05-14","20:31:00",3,"OK",40,0,1,0,0,0,0,36.81,-99.84,36.81,-99.84,0,0,0,0,0,59,0,0,0
666405,2022,5,14,"2022-05-14","20:40:00",3,"MO",29,0,1,0,0,0,0,38.0001,-90.2568,38.0001,-90.2568,0,0,0,0,0,186,0,0,0
666406,2022,5,14,"2022-05-14","20:50:00",3,"AR",5,0,1.5,0,0,20000,0,36.1,-94.33,36.1,-94.33,0,0,0,0,0,143,0,0,0
666407,2022,5,14,"2022-05-14","21:59:00",3,"IL",17,0,1.25,0,0,0,0,37.72,-89.22,37.72,-89.22,0,0,0,0,0,77,0,0,0
666408,2022,5,14,"2022-05-14","22:35:00",3,"KS",20,0,1.5,0,0,0,0,37.57,-97.35,37.57,-97.35,0,0,0,0,0,173,0,0,0
666409,2022,5,15,"2022-05-15","00:48:00",3,"OK",40,0,1,0,0,0,0,35.9722,-95.9339,35.9722,-95.9339,0,0,0,0,0,143,0,0,0
666410,2022,5,15,"2022-05-15","00:54:00",3,"OK",40,0,1,0,0,0,0,35.99,-95.88,35.99,-95.88,0,0,0,0,0,143,0,0,0
666411,2022,5,15,"2022-05-15","00:55:00",3,"OK",40,0,0.75,0,0,0,0,36.02,-95.82,36.02,-95.82,0,0,0,0,0,143,0,0,0
666412,2022,5,15,"2022-05-15","01:19:00",3,"OK",40,0,1,0,0,0,0,36.02,-95.7,36.02,-95.7,0,0,0,0,0,145,0,0,0
666413,2022,5,15,"2022-05-15","01:40:00",3,"OK",40,0,1.5,0,0,25000,0,36.55,-94.77,36.55,-94.77,0,0,0,0,0,41,0,0,0
666414,2022,5,15,"2022-05-15","02:40:00",3,"NE",31,0,1,0,0,0,0,40.87,-99.97,40.87,-99.97,0,0,0,0,0,47,0,0,0
666415,2022,5,15,"2022-05-15","03:20:00",3,"NE",31,0,1,0,0,0,0,40.72,-99.37,40.72,-99.37,0,0,0,0,0,19,0,0,0
666416,2022,5,15,"2022-05-15","03:55:00",3,"NE",31,0,0.88,0,0,0,0,40.36,-99.13,40.36,-99.13,0,0,0,0,0,99,0,0,0
666417,2022,5,15,"2022-05-15","05:31:00",3,"KS",20,0,1,0,0,0,0,39.01,-97.98,39.01,-97.98,0,0,0,0,0,105,0,0,0
666418,2022,5,15,"2022-05-15","05:42:00",3,"KS",20,0,1,0,0,0,0,39.02,-97.88,39.02,-97.88,0,0,0,0,0,143,0,0,0
666419,2022,5,15,"2022-05-15","05:50:00",3,"KS",20,0,1.25,0,0,0,0,38.97,-97.76,38.97,-97.76,0,0,0,0,0,143,0,0,0
666420,2022,5,15,"2022-05-15","06:13:00",3,"KS",20,0,1.25,0,0,0,0,38.86,-96.1,38.86,-96.1,0,0,0,0,0,197,0,0,0
666421,2022,5,15,"2022-05-15","06:15:00",3,"KS",20,0,1,0,0,0,0,38.55,-97.83,38.55,-97.83,0,0,0,0,0,113,0,0,0
666422,2022,5,15,"2022-05-15","06:37:00",3,"KS",20,0,0.75,0,0,0,0,38.58,-97.67,38.58,-97.67,0,0,0,0,0,113,0,0,0
666423,2022,5,15,"2022-05-15","06:38:00",3,"KS",20,0,1.75,0,0,0,0,38.63,-95.83,38.63,-95.83,0,0,0,0,0,139,0,0,0
666424,2022,5,15,"2022-05-15","06:38:00",3,"KS",20,0,1,0,0,0,0,38.37,-97.65,38.37,-97.65,0,0,0,0,0,113,0,0,0
666425,2022,5,15,"2022-05-15","06:40:00",3,"KS",20,0,1.5,0,0,0,0,38.32,-97.67,38.32,-97.67,0,0,0,0,0,113,0,0,0
666426,2022,5,15,"2022-05-15","06:50:00",3,"KS",20,0,0.75,0,0,0,0,38.21,-97.52,38.21,-97.52,0,0,0,0,0,113,0,0,0
666427,2022,5,15,"2022-05-15","09:06:00",3,"KS",20,0,1,0,0,0,0,38.84,-96.59,38.84,-96.59,0,0,0,0,0,127,0,0,0
666428,2022,5,15,"2022-05-15","09:08:00",3,"KS",20,0,0.88,0,0,0,0,38.84,-96.59,38.84,-96.59,0,0,0,0,0,127,0,0,0
666429,2022,5,15,"2022-05-15","09:10:00",3,"MO",29,0,1.25,0,0,0,0,37.43,-94.35,37.43,-94.35,0,0,0,0,0,11,0,0,0
666430,2022,5,15,"2022-05-15","09:14:00",3,"KS",20,0,1.25,0,0,0,0,38.02,-96.61,38.02,-96.61,0,0,0,0,0,15,0,0,0
666431,2022,5,15,"2022-05-15","09:14:00",3,"KS",20,0,0.75,0,0,0,0,38.02,-96.64,38.02,-96.64,0,0,0,0,0,15,0,0,0
666432,2022,5,15,"2022-05-15","09:49:00",3,"KS",20,0,1,0,0,0,0,37.82,-96.29,37.82,-96.29,0,0,0,0,0,73,0,0,0
666433,2022,5,15,"2022-05-15","10:06:00",3,"KS",20,0,0.75,0,0,0,0,37.82,-96.29,37.82,-96.29,0,0,0,0,0,73,0,0,0
666434,2022,5,15,"2022-05-15","10:24:00",3,"MO",29,0,1,0,0,0,0,36.94,-93.93,36.94,-93.93,0,0,0,0,0,109,0,0,0
666435,2022,5,15,"2022-05-15","10:25:00",3,"MO",29,0,1,0,0,0,0,36.97,-93.72,36.97,-93.72,0,0,0,0,0,109,0,0,0
666436,2022,5,15,"2022-05-15","10:30:00",3,"KS",20,0,1,0,0,0,0,37.57,-95.95,37.57,-95.95,0,0,0,0,0,205,0,0,0
666437,2022,5,15,"2022-05-15","11:28:00",3,"MO",29,0,0.88,0,0,0,0,36.87,-94.37,36.87,-94.37,0,0,0,0,0,145,0,0,0
666438,2022,5,15,"2022-05-15","11:34:00",3,"AR",5,0,0.75,0,0,0,0,36.12,-94.04,36.12,-94.04,0,0,0,0,0,143,0,0,0
666439,2022,5,15,"2022-05-15","11:38:00",3,"AR",5,0,1,0,0,0,0,36.48,-93.73,36.48,-93.73,0,0,0,0,0,15,0,0,0
666440,2022,5,15,"2022-05-15","11:42:00",3,"KS",20,0,1,0,0,0,0,37.53,-95.66,37.53,-95.66,0,0,0,0,0,205,0,0,0
666441,2022,5,15,"2022-05-15","11:43:00",3,"AR",5,0,1,0,0,0,0,36.17,-94.03,36.17,-94.03,0,0,0,0,0,143,0,0,0
666442,2022,5,15,"2022-05-15","11:45:00",3,"AR",5,0,1.25,0,0,0,0,35.33,-93.14,35.33,-93.14,0,0,0,0,0,115,0,0,0
666443,2022,5,15,"2022-05-15","11:59:00",3,"MO",29,0,1,0,0,0,0,37.03,-92.66,37.03,-92.66,0,0,0,0,0,67,0,0,0
666444,2022,5,15,"2022-05-15","12:00:00",3,"AR",5,0,1,0,0,0,0,35.29,-93.12,35.29,-93.12,0,0,0,0,0,115,0,0,0
666445,2022,5,15,"2022-05-15","12:05:00",3,"AR",5,0,1.75,0,0,0,0,35.98,-93.4,35.98,-93.4,0,0,0,0,0,101,0,0,0
666446,2022,5,15,"2022-05-15","12:16:00",3,"AR",5,0,0.88,0,0,0,0,36.28,-94.06,36.28,-94.06,0,0,0,0,0,7,0,0,0
666447,2022,5,15,"2022-05-15","12:35:00",3,"AR",5,0,1,0,0,0,0,35.33,-93.24,35.33,-93.24,0,0,0,0,0,115,0,0,0
666448,2022,5,15,"2022-05-15","12:40:00",3,"AR",5,0,1.25,0,0,0,0,35.33,-93.24,35.33,-93.24,0,0,0,0,0,115,0,0,0
666449,2022,5,15,"2022-05-15","12:44:00",3,"KS",20,0,1,0,0,0,0,37.98,-96.16,37.98,-96.16,0,0,0,0,0,73,0,0,0
666450,2022,5,15,"2022-05-15","12:49:00",3,"AR",5,0,1.75,0,0,0,0,35.28,-93.2,35.28,-93.2,0,0,0,0,0,115,0,0,0
666451,2022,5,15,"2022-05-15","12:50:00",3,"PA",42,0,1.25,0,0,0,0,40.0608,-77.711,40.0608,-77.711,0,0,0,0,0,55,0,0,0
666452,2022,5,15,"2022-05-15","12:50:00",3,"IL",17,0,0.75,0,0,0,0,39.55,-89.3,39.55,-89.3,0,0,0,0,0,21,0,0,0
666453,2022,5,15,"2022-05-15","12:52:00",3,"AR",5,0,1,0,0,0,0,35.27,-93.16,35.27,-93.16,0,0,0,0,0,115,0,0,0
666454,2022,5,15,"2022-05-15","12:55:00",3,"FL",12,0,1,0,0,0,0,30.11,-81.56,30.11,-81.56,0,0,0,0,0,109,0,0,0
666455,2022,5,15,"2022-05-15","13:15:00",3,"AR",5,0,1,0,0,0,0,35.17,-93.28,35.17,-93.28,0,0,0,0,0,149,0,0,0
666456,2022,5,15,"2022-05-15","13:30:00",3,"GA",13,0,1,0,0,0,0,31.71,-81.74,31.71,-81.74,0,0,0,0,0,183,0,0,0
666457,2022,5,15,"2022-05-15","13:32:00",3,"MO",29,0,1.75,0,0,0,0,37.8549,-90.5223,37.8549,-90.5223,0,0,0,0,0,187,0,0,0
666458,2022,5,15,"2022-05-15","13:37:00",3,"KS",20,0,1,0,0,0,0,37.63,-95.75,37.63,-95.75,0,0,0,0,0,205,0,0,0
666459,2022,5,15,"2022-05-15","13:43:00",3,"MO",29,0,1,0,0,0,0,37.0388,-90.8828,37.0388,-90.8828,0,0,0,0,0,35,0,0,0
666460,2022,5,15,"2022-05-15","13:43:00",3,"GA",13,0,1,0,0,0,0,31.71,-81.74,31.71,-81.74,0,0,0,0,0,183,0,0,0
666461,2022,5,15,"2022-05-15","13:45:00",3,"AR",5,0,1,0,0,0,0,35.29,-93.72,35.29,-93.72,0,0,0,0,0,83,0,0,0
666462,2022,5,15,"2022-05-15","13:52:00",3,"OK",40,0,1.5,0,0,20000,0,35.888,-94.617,35.888,-94.617,0,0,0,0,0,1,0,0,0
666463,2022,5,15,"2022-05-15","14:00:00",3,"IL",17,0,0.88,0,0,0,0,39.8,-87.98,39.8,-87.98,0,0,0,0,0,41,0,0,0
666464,2022,5,15,"2022-05-15","14:09:00",3,"AR",5,0,1,0,0,0,0,34.99,-93.08,34.99,-93.08,0,0,0,0,0,105,0,0,0
666465,2022,5,15,"2022-05-15","14:19:00",3,"TN",47,0,1.5,0,0,0,0,35.55,-89.62,35.55,-89.62,0,0,0,0,0,167,0,0,0
666466,2022,5,15,"2022-05-15","14:23:00",3,"MO",29,0,1,0,0,0,0,37.1835,-90.4978,37.1835,-90.4978,0,0,0,0,0,223,0,0,0
666467,2022,5,15,"2022-05-15","14:25:00",3,"FL",12,0,1.75,0,0,0,0,25.5897,-80.4946,25.5897,-80.4946,0,0,0,0,0,86,0,0,0
666468,2022,5,15,"2022-05-15","14:30:00",3,"GA",13,0,0.75,0,0,0,0,31.75,-81.62,31.75,-81.62,0,0,0,0,0,183,0,0,0
666469,2022,5,15,"2022-05-15","14:45:00",3,"AR",5,0,0.88,0,0,0,0,35.88,-89.92,35.88,-89.92,0,0,0,0,0,93,0,0,0
666470,2022,5,15,"2022-05-15","14:50:00",3,"MO",29,0,0.75,0,0,0,0,36.6735,-90.7924,36.6735,-90.7924,0,0,0,0,0,181,0,0,0
666471,2022,5,15,"2022-05-15","14:50:00",3,"FL",12,0,0.75,0,0,0,0,25.68,-80.47,25.68,-80.47,0,0,0,0,0,86,0,0,0
666472,2022,5,15,"2022-05-15","14:58:00",3,"FL",12,0,1,0,0,0,0,30.46,-86.91,30.46,-86.91,0,0,0,0,0,113,0,0,0
666473,2022,5,15,"2022-05-15","15:00:00",3,"AR",5,0,0.88,0,0,0,0,35.53,-94.28,35.53,-94.28,0,0,0,0,0,33,0,0,0
666474,2022,5,15,"2022-05-15","15:01:00",3,"AR",5,0,1,0,0,0,0,35.54,-94.22,35.54,-94.22,0,0,0,0,0,33,0,0,0
666475,2022,5,15,"2022-05-15","15:03:00",3,"AR",5,0,1,0,0,0,0,35.48,-94.22,35.48,-94.22,0,0,0,0,0,33,0,0,0
666476,2022,5,15,"2022-05-15","15:10:00",3,"AR",5,0,1.5,0,0,0,0,35.84,-89.87,35.84,-89.87,0,0,0,0,0,93,0,0,0
666477,2022,5,15,"2022-05-15","15:10:00",3,"MO",29,0,1,0,0,0,0,36.53,-89.97,36.53,-89.97,0,0,0,0,0,69,0,0,0
666478,2022,5,15,"2022-05-15","15:10:00",3,"IL",17,0,0.75,0,0,0,0,39.62,-87.7,39.62,-87.7,0,0,0,0,0,45,0,0,0
666479,2022,5,15,"2022-05-15","15:15:00",3,"FL",12,0,1,0,0,0,0,30.51,-87.24,30.51,-87.24,0,0,0,0,0,33,0,0,0
666480,2022,5,15,"2022-05-15","15:18:00",3,"AL",1,0,1.75,0,0,0,0,32.98,-87.09,32.98,-87.09,0,0,0,0,0,7,0,0,0
666481,2022,5,15,"2022-05-15","15:20:00",3,"OK",40,0,1,0,0,0,0,35.81,-94.95,35.81,-94.95,0,0,0,0,0,21,0,0,0
666482,2022,5,15,"2022-05-15","15:23:00",3,"OK",40,0,2,0,0,25000,0,35.74,-94.88,35.74,-94.88,0,0,0,0,0,21,0,0,0
666483,2022,5,15,"2022-05-15","15:25:00",3,"FL",12,0,0.88,0,0,0,0,26.12,-80.39,26.12,-80.39,0,0,0,0,0,11,0,0,0
666484,2022,5,15,"2022-05-15","15:28:00",3,"OK",40,0,1,0,0,0,0,35.75,-95.37,35.75,-95.37,0,0,0,0,0,101,0,0,0
666485,2022,5,15,"2022-05-15","15:36:00",3,"LA",22,0,1,0,0,0,0,29.82,-90.01,29.82,-90.01,0,0,0,0,0,75,0,0,0
666486,2022,5,15,"2022-05-15","15:38:00",3,"LA",22,0,1.75,0,0,0,0,29.79,-90.02,29.79,-90.02,0,0,0,0,0,75,0,0,0
666487,2022,5,15,"2022-05-15","15:38:00",3,"LA",22,0,2,0,0,0,0,29.85,-89.98,29.85,-89.98,0,0,0,0,0,75,0,0,0
666488,2022,5,15,"2022-05-15","15:40:00",3,"LA",22,0,2,0,0,0,0,29.85,-89.99,29.85,-89.99,0,0,0,0,0,75,0,0,0
666489,2022,5,15,"2022-05-15","15:42:00",3,"TN",47,0,1.25,0,0,0,0,36.38,-89.47,36.38,-89.47,0,0,0,0,0,95,0,0,0
666490,2022,5,15,"2022-05-15","15:43:00",3,"LA",22,0,1.25,0,0,0,0,29.82,-90.01,29.82,-90.01,0,0,0,0,0,75,0,0,0
666491,2022,5,15,"2022-05-15","15:45:00",3,"LA",22,0,1.5,0,0,0,0,29.88,-90.01,29.88,-90.01,0,0,0,0,0,75,0,0,0
666492,2022,5,15,"2022-05-15","15:46:00",3,"LA",22,0,1.5,0,0,0,0,29.8,-90.02,29.8,-90.02,0,0,0,0,0,75,0,0,0
666493,2022,5,15,"2022-05-15","15:46:00",3,"LA",22,0,1.25,0,0,0,0,29.82,-90.01,29.82,-90.01,0,0,0,0,0,75,0,0,0
666494,2022,5,15,"2022-05-15","15:48:00",3,"LA",22,0,1,0,0,0,0,29.85,-89.99,29.85,-89.99,0,0,0,0,0,75,0,0,0
666495,2022,5,15,"2022-05-15","15:50:00",3,"AL",1,0,1.25,0,0,0,0,30.54,-87.71,30.54,-87.71,0,0,0,0,0,3,0,0,0
666496,2022,5,15,"2022-05-15","15:50:00",3,"AL",1,0,1,0,0,0,0,30.49,-87.7,30.49,-87.7,0,0,0,0,0,3,0,0,0
666497,2022,5,15,"2022-05-15","15:51:00",3,"AL",1,0,1,0,0,0,0,30.53,-87.71,30.53,-87.71,0,0,0,0,0,3,0,0,0
666498,2022,5,15,"2022-05-15","15:54:00",3,"LA",22,0,1.25,0,0,0,0,29.86,-90.04,29.86,-90.04,0,0,0,0,0,51,0,0,0
666499,2022,5,15,"2022-05-15","16:01:00",3,"OK",40,0,1.75,0,0,25000,0,35.66,-95.31,35.66,-95.31,0,0,0,0,0,101,0,0,0
666500,2022,5,15,"2022-05-15","16:04:00",3,"OK",40,0,2,0,0,25000,0,35.65,-95.31,35.65,-95.31,0,0,0,0,0,101,0,0,0
666501,2022,5,15,"2022-05-15","16:20:00",3,"OK",40,0,1.75,0,0,50000,0,35.45,-94.79,35.45,-94.79,0,0,0,0,0,135,0,0,0
666502,2022,5,15,"2022-05-15","16:27:00",3,"OK",40,0,2.5,0,0,35000,0,35.4347,-96.2823,35.4347,-96.2823,0,0,0,0,0,107,0,0,0
666503,2022,5,15,"2022-05-15","16:30:00",3,"OK",40,0,4.5,0,0,30000,0,35.395,-96.245,35.395,-96.245,0,0,0,0,0,107,0,0,0
666504,2022,5,15,"2022-05-15","16:30:00",3,"OK",40,0,2.5,0,0,35000,0,35.41,-96.3,35.41,-96.3,0,0,0,0,0,107,0,0,0
666505,2022,5,15,"2022-05-15","16:32:00",3,"OK",40,0,1.75,0,0,30000,0,35.2572,-94.9213,35.2572,-94.9213,0,0,0,0,0,61,0,0,0
666506,2022,5,15,"2022-05-15","16:33:00",3,"OK",40,0,3,0,0,30000,0,35.3907,-96.2466,35.3907,-96.2466,0,0,0,0,0,107,0,0,0
666507,2022,5,15,"2022-05-15","16:46:00",3,"OK",40,0,2.5,0,0,1e+05,0,35.53,-95.11,35.53,-95.11,0,0,0,0,0,135,0,0,0
666508,2022,5,15,"2022-05-15","16:52:00",3,"OK",40,0,1,0,0,0,0,35.49,-95.07,35.49,-95.07,0,0,0,0,0,135,0,0,0
666509,2022,5,15,"2022-05-15","16:57:00",3,"OK",40,0,1.75,0,0,0,0,35.24,-96.21,35.24,-96.21,0,0,0,0,0,63,0,0,0
666510,2022,5,15,"2022-05-15","16:57:00",3,"OK",40,0,1.25,0,0,20000,0,35.1659,-94.7696,35.1659,-94.7696,0,0,0,0,0,79,0,0,0
666511,2022,5,15,"2022-05-15","17:08:00",3,"TN",47,0,1,0,0,0,0,35.38,-89.45,35.38,-89.45,0,0,0,0,0,47,0,0,0
666512,2022,5,15,"2022-05-15","17:10:00",3,"MS",28,0,2,0,0,0,0,34.09,-90.03,34.09,-90.03,0,0,0,0,0,135,0,0,0
666513,2022,5,15,"2022-05-15","17:11:00",3,"OK",40,0,2.5,0,0,0,0,35.22,-96.24,35.22,-96.24,0,0,0,0,0,63,0,0,0
666514,2022,5,15,"2022-05-15","17:15:00",3,"OK",40,0,3,0,0,0,0,35.18,-96.24,35.18,-96.24,0,0,0,0,0,63,0,0,0
666515,2022,5,15,"2022-05-15","17:16:00",3,"OK",40,0,1.75,0,0,50000,0,34.97,-94.72,34.97,-94.72,0,0,0,0,0,79,0,0,0
666516,2022,5,15,"2022-05-15","17:16:00",3,"TN",47,0,0.88,0,0,0,0,35.24,-89.38,35.24,-89.38,0,0,0,0,0,47,0,0,0
666517,2022,5,15,"2022-05-15","17:19:00",3,"OK",40,0,1,0,0,0,0,34.78,-96.59,34.78,-96.59,0,0,0,0,0,123,0,0,0
666518,2022,5,15,"2022-05-15","17:23:00",3,"OK",40,0,2,0,0,0,0,34.72,-96.66,34.72,-96.66,0,0,0,0,0,123,0,0,0
666519,2022,5,15,"2022-05-15","17:32:00",3,"MS",28,0,1,0,0,0,0,30.48,-89.01,30.48,-89.01,0,0,0,0,0,47,0,0,0
666520,2022,5,15,"2022-05-15","17:34:00",3,"OK",40,0,1.75,0,0,0,0,34.7,-96.66,34.7,-96.66,0,0,0,0,0,123,0,0,0
666521,2022,5,15,"2022-05-15","17:35:00",3,"OR",41,0,1.5,0,0,0,0,45.55,-118.46,45.6,-118.49,0,0,0,0,0,59,0,0,0
666522,2022,5,15,"2022-05-15","17:44:00",3,"OK",40,0,1.5,0,0,0,0,34.97,-96.25,34.97,-96.25,0,0,0,0,0,63,0,0,0
666523,2022,5,15,"2022-05-15","17:44:00",3,"OK",40,0,1,0,0,0,0,36.01,-95.84,36.01,-95.84,0,0,0,0,0,143,0,0,0
666524,2022,5,15,"2022-05-15","17:44:00",3,"MS",28,0,0.75,0,0,0,0,33.99,-89.91,33.99,-89.91,0,0,0,0,0,161,0,0,0
666525,2022,5,15,"2022-05-15","17:45:00",3,"OK",40,0,0.88,0,0,0,0,35.993,-95.588,35.993,-95.588,0,0,0,0,0,145,0,0,0
666526,2022,5,15,"2022-05-15","17:46:00",3,"FL",12,0,1,0,0,0,0,28.18,-81.62,28.18,-81.62,0,0,0,0,0,105,0,0,0
666527,2022,5,15,"2022-05-15","17:47:00",3,"OK",40,0,2.5,0,0,0,0,34.96,-96.34,34.96,-96.34,0,0,0,0,0,63,0,0,0
666528,2022,5,15,"2022-05-15","17:49:00",3,"OK",40,0,1.75,0,0,30000,0,35.1328,-94.7348,35.1328,-94.7348,0,0,0,0,0,79,0,0,0
666529,2022,5,15,"2022-05-15","17:50:00",3,"OK",40,0,1.75,0,0,0,0,34.84,-96.29,34.84,-96.29,0,0,0,0,0,63,0,0,0
666530,2022,5,15,"2022-05-15","17:55:00",3,"FL",12,0,2,0,0,0,0,28.16,-81.6,28.16,-81.6,0,0,0,0,0,105,0,0,0
666531,2022,5,15,"2022-05-15","17:56:00",3,"MS",28,0,0.75,0,0,0,0,33.96,-89.82,33.96,-89.82,0,0,0,0,0,161,0,0,0
666532,2022,5,15,"2022-05-15","17:59:00",3,"OK",40,0,2.2,0,0,0,0,34.96,-96.32,34.96,-96.32,0,0,0,0,0,63,0,0,0
666533,2022,5,15,"2022-05-15","17:59:00",3,"MS",28,0,2,0,0,0,0,30.49,-89.05,30.49,-89.05,0,0,0,0,0,47,0,0,0
666534,2022,5,15,"2022-05-15","18:00:00",3,"MS",28,0,1.5,0,0,0,0,30.48,-89.05,30.48,-89.05,0,0,0,0,0,47,0,0,0
666535,2022,5,15,"2022-05-15","18:00:00",3,"AL",1,0,1,0,0,0,0,30.52,-87.88,30.52,-87.88,0,0,0,0,0,3,0,0,0
666536,2022,5,15,"2022-05-15","18:02:00",3,"MS",28,0,1,0,0,0,0,30.53,-89.03,30.53,-89.03,0,0,0,0,0,47,0,0,0
666537,2022,5,15,"2022-05-15","18:05:00",3,"MS",28,0,1,0,0,0,0,30.48,-89.09,30.48,-89.09,0,0,0,0,0,47,0,0,0
666538,2022,5,15,"2022-05-15","18:05:00",3,"OK",40,0,1.75,0,0,25000,0,36.1868,-95.1772,36.1868,-95.1772,0,0,0,0,0,97,0,0,0
666539,2022,5,15,"2022-05-15","18:05:00",3,"MS",28,0,1,0,0,0,0,30.46,-89.09,30.46,-89.09,0,0,0,0,0,47,0,0,0
666540,2022,5,15,"2022-05-15","18:06:00",3,"MS",28,0,1.75,0,0,0,0,30.47,-89.08,30.47,-89.08,0,0,0,0,0,47,0,0,0
666541,2022,5,15,"2022-05-15","18:06:00",3,"MS",28,0,1.25,0,0,0,0,30.49,-89.07,30.49,-89.07,0,0,0,0,0,47,0,0,0
666542,2022,5,15,"2022-05-15","18:10:00",3,"OK",40,0,1,0,0,0,0,36.08,-95.1,36.08,-95.1,0,0,0,0,0,21,0,0,0
666543,2022,5,15,"2022-05-15","18:10:00",3,"AR",5,0,1,0,0,0,0,36.03,-94.25,36.03,-94.25,0,0,0,0,0,143,0,0,0
666544,2022,5,15,"2022-05-15","18:12:00",3,"OK",40,0,1.75,0,0,0,0,34.61,-96.6,34.61,-96.6,0,0,0,0,0,123,0,0,0
666545,2022,5,15,"2022-05-15","18:25:00",3,"OK",40,0,1,0,0,0,0,34.62,-96.45,34.62,-96.45,0,0,0,0,0,29,0,0,0
666546,2022,5,15,"2022-05-15","18:25:00",3,"OK",40,0,2.25,0,0,0,0,34.49,-96.63,34.49,-96.63,0,0,0,0,0,69,0,0,0
666547,2022,5,15,"2022-05-15","18:30:00",3,"OK",40,0,1.5,0,0,0,0,34.42,-97.04,34.42,-97.04,0,0,0,0,0,99,0,0,0
666548,2022,5,15,"2022-05-15","18:31:00",3,"OK",40,0,1,0,0,0,0,35.71,-95.38,35.71,-95.38,0,0,0,0,0,101,0,0,0
666549,2022,5,15,"2022-05-15","18:35:00",3,"OK",40,0,1.25,0,0,0,0,34.42,-96.94,34.42,-96.94,0,0,0,0,0,99,0,0,0
666550,2022,5,15,"2022-05-15","18:38:00",3,"OK",40,0,1.5,0,0,25000,0,35.73,-95.4,35.73,-95.4,0,0,0,0,0,101,0,0,0
666551,2022,5,15,"2022-05-15","18:40:00",3,"AL",1,0,1,0,0,0,0,30.66,-88.13,30.66,-88.13,0,0,0,0,0,97,0,0,0
666552,2022,5,15,"2022-05-15","18:47:00",3,"AR",5,0,1,0,0,0,0,36.14,-94.23,36.14,-94.23,0,0,0,0,0,143,0,0,0
666553,2022,5,15,"2022-05-15","18:56:00",3,"AR",5,0,1,0,0,0,0,36.13,-94.17,36.13,-94.17,0,0,0,0,0,143,0,0,0
666554,2022,5,15,"2022-05-15","19:00:00",3,"OK",40,0,1.75,0,0,0,0,34.4,-96.82,34.4,-96.82,0,0,0,0,0,69,0,0,0
666555,2022,5,15,"2022-05-15","19:06:00",3,"OK",40,0,1,0,0,0,0,34.32,-97.14,34.32,-97.14,0,0,0,0,0,19,0,0,0
666556,2022,5,15,"2022-05-15","19:15:00",3,"OK",40,0,1.5,0,0,0,0,34.31,-97.13,34.31,-97.13,0,0,0,0,0,19,0,0,0
666557,2022,5,15,"2022-05-15","19:20:00",3,"OK",40,0,1.75,0,0,0,0,34.26,-97.36,34.26,-97.36,0,0,0,0,0,19,0,0,0
666558,2022,5,15,"2022-05-15","19:27:00",3,"OK",40,0,1,0,0,0,0,34.29,-97.04,34.29,-97.04,0,0,0,0,0,19,0,0,0
666559,2022,5,15,"2022-05-15","19:38:00",3,"AL",1,0,1.25,0,0,0,0,30.82,-88.31,30.82,-88.31,0,0,0,0,0,97,0,0,0
666560,2022,5,15,"2022-05-15","19:39:00",3,"AL",1,0,1,0,0,0,0,30.78,-88.28,30.78,-88.28,0,0,0,0,0,97,0,0,0
666561,2022,5,15,"2022-05-15","19:52:00",3,"OK",40,0,1,0,0,0,0,34.03,-96.39,34.03,-96.39,0,0,0,0,0,13,0,0,0
666562,2022,5,15,"2022-05-15","20:24:00",3,"OK",40,0,0.75,0,0,0,0,35.23,-94.63,35.23,-94.63,0,0,0,0,0,79,0,0,0
666563,2022,5,15,"2022-05-15","20:50:00",3,"TX",48,0,1,0,0,0,0,33.8,-97.38,33.8,-97.38,0,0,0,0,0,97,0,0,0
666564,2022,5,15,"2022-05-15","21:09:00",3,"TX",48,0,1.75,0,0,1000,0,33.66,-97.38,33.66,-97.38,0,0,0,0,0,97,0,0,0
666565,2022,5,15,"2022-05-15","21:20:00",3,"TX",48,0,1,0,0,0,0,33.67,-97.38,33.67,-97.38,0,0,0,0,0,97,0,0,0
666566,2022,5,15,"2022-05-15","21:33:00",3,"OK",40,0,1.75,0,0,0,0,33.91,-97.3,33.91,-97.3,0,0,0,0,0,85,0,0,0
666567,2022,5,15,"2022-05-15","22:20:00",3,"TX",48,0,1,0,0,0,0,33.27,-97.21,33.27,-97.21,0,0,0,0,0,121,0,0,0
666568,2022,5,15,"2022-05-15","22:42:00",3,"TX",48,0,1,0,0,0,0,33.21,-96.94,33.21,-96.94,0,0,0,0,0,121,0,0,0
666569,2022,5,15,"2022-05-15","23:00:00",3,"TX",48,0,1.5,0,0,0,0,33.09,-96.84,33.09,-96.84,0,0,0,0,0,85,0,0,0
666570,2022,5,15,"2022-05-15","23:05:00",3,"TX",48,0,1,0,0,0,0,33.0411,-96.7438,33.0411,-96.7438,0,0,0,0,0,85,0,0,0
666571,2022,5,15,"2022-05-15","23:30:00",3,"TX",48,0,1,0,0,0,0,33.1755,-96.7963,33.1755,-96.7963,0,0,0,0,0,85,0,0,0
666572,2022,5,16,"2022-05-16","00:05:00",3,"TX",48,0,1.25,0,0,0,0,33.3,-96.99,33.3,-96.99,0,0,0,0,0,121,0,0,0
666573,2022,5,16,"2022-05-16","00:15:00",3,"TX",48,0,1,0,0,0,0,33.3,-96.89,33.3,-96.89,0,0,0,0,0,121,0,0,0
666574,2022,5,16,"2022-05-16","00:23:00",3,"TX",48,0,1,0,0,0,0,33.64,-97.15,33.64,-97.15,0,0,0,0,0,97,0,0,0
666575,2022,5,16,"2022-05-16","00:25:00",3,"TX",48,0,1,0,0,0,0,33.21,-96.77,33.21,-96.77,0,0,0,0,0,85,0,0,0
666576,2022,5,16,"2022-05-16","00:30:00",3,"TX",48,0,1,0,0,0,0,33.4,-96.97,33.4,-96.97,0,0,0,0,0,121,0,0,0
666577,2022,5,16,"2022-05-16","00:33:00",3,"TX",48,0,1,0,0,0,0,33.18,-96.73,33.18,-96.73,0,0,0,0,0,85,0,0,0
666578,2022,5,16,"2022-05-16","00:43:00",3,"TX",48,0,1,0,0,0,0,33.1009,-96.7336,33.1009,-96.7336,0,0,0,0,0,85,0,0,0
666579,2022,5,16,"2022-05-16","00:45:00",3,"TX",48,0,1.75,0,0,7000,0,33.13,-96.71,33.13,-96.71,0,0,0,0,0,85,0,0,0
666580,2022,5,16,"2022-05-16","00:50:00",3,"TX",48,0,1,0,0,0,0,33.11,-96.63,33.11,-96.63,0,0,0,0,0,85,0,0,0
666581,2022,5,16,"2022-05-16","00:50:00",3,"TX",48,0,1,0,0,0,0,33.1,-96.65,33.1,-96.65,0,0,0,0,0,85,0,0,0
666582,2022,5,16,"2022-05-16","01:03:00",3,"TX",48,0,1,0,0,0,0,33.68,-97.17,33.68,-97.17,0,0,0,0,0,97,0,0,0
666583,2022,5,16,"2022-05-16","01:09:00",3,"TX",48,0,1.25,0,0,0,0,33.56,-97,33.56,-97,0,0,0,0,0,97,0,0,0
666584,2022,5,16,"2022-05-16","11:33:00",3,"NY",36,0,1,0,0,0,0,43.1,-74.86,43.1,-74.86,0,0,0,0,0,43,0,0,0
666585,2022,5,16,"2022-05-16","11:34:00",3,"NY",36,0,0.88,0,0,0,0,42.11,-75.89,42.11,-75.89,0,0,0,0,0,7,0,0,0
666586,2022,5,16,"2022-05-16","11:36:00",3,"NY",36,0,1.25,0,0,0,0,42.11,-75.9,42.11,-75.9,0,0,0,0,0,7,0,0,0
666587,2022,5,16,"2022-05-16","11:36:00",3,"NY",36,0,0.88,0,0,0,0,42.09,-75.87,42.09,-75.87,0,0,0,0,0,7,0,0,0
666588,2022,5,16,"2022-05-16","11:40:00",3,"NY",36,0,1,0,0,0,0,42.12,-75.85,42.12,-75.85,0,0,0,0,0,7,0,0,0
666589,2022,5,16,"2022-05-16","11:46:00",3,"NY",36,0,0.75,0,0,0,0,42.17,-75.83,42.17,-75.83,0,0,0,0,0,7,0,0,0
666590,2022,5,16,"2022-05-16","11:52:00",3,"NY",36,0,1,0,0,0,0,44.7,-74.66,44.7,-74.66,0,0,0,0,0,89,0,0,0
666591,2022,5,16,"2022-05-16","12:52:00",3,"NY",36,0,0.75,0,0,0,0,43.07,-75.29,43.07,-75.29,0,0,0,0,0,65,0,0,0
666592,2022,5,16,"2022-05-16","13:26:00",3,"NY",36,0,1,0,0,0,0,44.86,-73.9,44.86,-73.9,0,0,0,0,0,19,0,0,0
666593,2022,5,16,"2022-05-16","13:29:00",3,"SC",45,0,1,0,0,0,0,35.18,-82.001,35.18,-82.001,0,0,0,0,0,83,0,0,0
666594,2022,5,16,"2022-05-16","13:47:00",3,"NH",33,0,1,0,0,1000,0,43.83,-72.14,43.83,-72.14,0,0,0,0,0,9,0,0,0
666595,2022,5,16,"2022-05-16","14:10:00",3,"NY",36,0,1.25,0,0,0,0,42.07,-74.01,42.07,-74.01,0,0,0,0,0,111,0,0,0
666596,2022,5,16,"2022-05-16","14:10:00",3,"NY",36,0,1,0,0,0,0,42.11,-73.99,42.11,-73.99,0,0,0,0,0,111,0,0,0
666597,2022,5,16,"2022-05-16","14:33:00",3,"VA",51,0,1,0,0,0,0,38.7641,-77.1442,38.7641,-77.1442,0,0,0,0,0,59,0,0,0
666598,2022,5,16,"2022-05-16","14:35:00",3,"VA",51,0,1,0,0,0,0,38.7687,-77.0975,38.7687,-77.0975,0,0,0,0,0,59,0,0,0
666599,2022,5,16,"2022-05-16","14:40:00",3,"VA",51,0,1.25,0,0,0,0,38.798,-77.065,38.798,-77.065,0,0,0,0,0,510,0,0,0
666600,2022,5,16,"2022-05-16","14:47:00",3,"MD",24,0,1.25,0,0,0,0,38.6477,-76.9099,38.6477,-76.9099,0,0,0,0,0,17,0,0,0
666601,2022,5,16,"2022-05-16","14:50:00",3,"NY",36,0,1,0,0,0,0,44.97,-73.59,44.97,-73.59,0,0,0,0,0,19,0,0,0
666602,2022,5,16,"2022-05-16","14:52:00",3,"OH",39,0,0.75,0,0,0,0,41.1384,-81.7187,41.1384,-81.7187,0,0,0,0,0,103,0,0,0
666603,2022,5,16,"2022-05-16","14:58:00",3,"MD",24,0,1.5,0,0,0,0,38.678,-76.743,38.678,-76.743,0,0,0,0,0,33,0,0,0
666604,2022,5,16,"2022-05-16","15:02:00",3,"MD",24,0,1,0,0,0,0,38.7217,-76.6608,38.7217,-76.6608,0,0,0,0,0,9,0,0,0
666605,2022,5,16,"2022-05-16","15:03:00",3,"MD",24,0,1.5,0,0,0,0,38.6558,-76.6822,38.6558,-76.6822,0,0,0,0,0,9,0,0,0
666606,2022,5,16,"2022-05-16","15:05:00",3,"MD",24,0,1,0,0,0,0,38.6521,-76.6395,38.6521,-76.6395,0,0,0,0,0,9,0,0,0
666607,2022,5,16,"2022-05-16","15:07:00",3,"MS",28,0,1,0,0,0,0,31.6,-91.23,31.6,-91.23,0,0,0,0,0,1,0,0,0
666608,2022,5,16,"2022-05-16","15:07:00",3,"MD",24,0,2.25,0,0,0,0,38.63,-76.61,38.63,-76.61,0,0,0,0,0,9,0,0,0
666609,2022,5,16,"2022-05-16","15:12:00",3,"MD",24,0,1,0,0,0,0,38.7047,-76.5359,38.7047,-76.5359,0,0,0,0,0,9,0,0,0
666610,2022,5,16,"2022-05-16","15:13:00",3,"MD",24,0,3,0,0,1e+05,0,38.6259,-76.5191,38.6259,-76.5191,0,0,0,0,0,9,0,0,0
666611,2022,5,16,"2022-05-16","15:24:00",3,"NC",37,0,1,0,0,0,0,35.63,-77.22,35.63,-77.22,0,0,0,0,0,147,0,0,0
666612,2022,5,16,"2022-05-16","15:35:00",3,"PA",42,0,1,0,0,0,0,40.25,-75.65,40.25,-75.65,0,0,0,0,0,91,0,0,0
666613,2022,5,16,"2022-05-16","15:56:00",3,"PA",42,0,0.75,0,0,0,0,40.12,-75.51,40.12,-75.51,0,0,0,0,0,29,0,0,0
666614,2022,5,16,"2022-05-16","16:00:00",3,"MD",24,0,1.5,0,0,0,0,38.59,-75.94,38.59,-75.94,0,0,0,0,0,19,0,0,0
666615,2022,5,16,"2022-05-16","16:00:00",3,"MD",24,0,2,0,0,0,0,38.6,-75.92,38.6,-75.92,0,0,0,0,0,19,0,0,0
666616,2022,5,16,"2022-05-16","16:00:00",3,"MD",24,0,2,0,0,3000,0,38.55,-75.97,38.55,-75.97,0,0,0,0,0,19,0,0,0
666617,2022,5,16,"2022-05-16","16:00:00",3,"MD",24,0,1.25,0,0,0,0,38.56,-75.99,38.56,-75.99,0,0,0,0,0,19,0,0,0
666618,2022,5,16,"2022-05-16","16:05:00",3,"MD",24,0,1,0,0,0,0,38.6,-75.93,38.6,-75.93,0,0,0,0,0,19,0,0,0
666619,2022,5,16,"2022-05-16","16:13:00",3,"MD",24,0,2,0,0,0,0,38.59,-75.88,38.59,-75.88,0,0,0,0,0,19,0,0,0
666620,2022,5,16,"2022-05-16","16:20:00",3,"DE",10,0,1,0,0,0,0,38.56,-75.56,38.56,-75.56,0,0,0,0,0,5,0,0,0
666621,2022,5,16,"2022-05-16","16:25:00",3,"NC",37,0,1,0,0,0,0,35.22,-77.07,35.22,-77.07,0,0,0,0,0,49,0,0,0
666622,2022,5,16,"2022-05-16","16:25:00",3,"DE",10,0,2,0,0,0,0,38.53,-75.47,38.53,-75.47,0,0,0,0,0,5,0,0,0
666623,2022,5,16,"2022-05-16","16:30:00",3,"DE",10,0,2.25,0,0,0,0,38.53,-75.47,38.53,-75.47,0,0,0,0,0,5,0,0,0
666624,2022,5,16,"2022-05-16","16:35:00",3,"NC",37,0,1,0,0,0,0,35.25,-77.06,35.25,-77.06,0,0,0,0,0,49,0,0,0
666625,2022,5,16,"2022-05-16","17:01:00",3,"DE",10,0,0.75,0,0,0,0,38.56,-75.16,38.56,-75.16,0,0,0,0,0,5,0,0,0
666626,2022,5,16,"2022-05-16","17:16:00",3,"NH",33,0,1.25,0,0,1000,0,43.8,-72.12,43.8,-72.12,0,0,0,0,0,9,0,0,0
666627,2022,5,16,"2022-05-16","17:35:00",3,"MD",24,0,1,0,0,0,0,37.98,-75.85,37.98,-75.85,0,0,0,0,0,39,0,0,0
666628,2022,5,16,"2022-05-16","18:15:00",3,"NE",31,0,1,0,0,0,0,42.36,-101.04,42.36,-101.04,0,0,0,0,0,31,0,0,0
666629,2022,5,16,"2022-05-16","18:48:00",3,"NE",31,0,0.88,0,0,0,0,42.54,-100.77,42.54,-100.77,0,0,0,0,0,31,0,0,0
666630,2022,5,16,"2022-05-16","19:15:00",3,"NE",31,0,1.5,0,0,0,0,42.21,-101.06,42.21,-101.06,0,0,0,0,0,31,0,0,0
666631,2022,5,16,"2022-05-16","19:18:00",3,"TX",48,0,1,0,0,0,0,33.441,-102.0179,33.441,-102.0179,0,0,0,0,0,303,0,0,0
666632,2022,5,16,"2022-05-16","20:15:00",3,"TX",48,0,0.88,0,0,0,0,36.34,-102.08,36.34,-102.08,0,0,0,0,0,421,0,0,0
666633,2022,5,17,"2022-05-17","06:45:00",3,"NE",31,0,1,0,0,0,0,42.33,-98.13,42.33,-98.13,0,0,0,0,0,3,0,0,0
666634,2022,5,17,"2022-05-17","10:11:00",3,"NE",31,0,1.5,0,0,0,0,42.18,-97.18,42.18,-97.18,0,0,0,0,0,179,0,0,0
666635,2022,5,17,"2022-05-17","14:35:00",3,"LA",22,0,1,0,0,0,0,30.29,-89.77,30.29,-89.77,0,0,0,0,0,103,0,0,0
666636,2022,5,17,"2022-05-17","15:20:00",3,"MO",29,0,1,0,0,0,0,40.55,-94.86,40.55,-94.86,0,0,0,0,0,147,0,0,0
666637,2022,5,17,"2022-05-17","15:57:00",3,"IA",19,0,1.5,0,0,0,0,40.68,-94.51,40.68,-94.51,0,0,0,0,0,173,0,0,0
666638,2022,5,17,"2022-05-17","16:14:00",3,"MO",29,0,1,0,0,0,0,40.51,-93.53,40.51,-93.53,0,0,0,0,0,129,0,0,0
666639,2022,5,17,"2022-05-17","16:29:00",3,"TX",48,0,1,0,0,0,0,35.3,-100.5,35.3,-100.5,0,0,0,0,0,483,0,0,0
666640,2022,5,17,"2022-05-17","16:36:00",3,"MO",29,0,1,0,0,0,0,40.23,-93.16,40.23,-93.16,0,0,0,0,0,211,0,0,0
666641,2022,5,17,"2022-05-17","16:39:00",3,"MO",29,0,1,0,0,0,0,40.2,-93.12,40.2,-93.12,0,0,0,0,0,211,0,0,0
666642,2022,5,17,"2022-05-17","16:40:00",3,"WY",56,0,1.75,0,0,0,0,42.95,-104.62,42.95,-104.62,0,0,0,0,0,27,0,0,0
666643,2022,5,17,"2022-05-17","16:45:00",3,"NE",31,0,1,0,0,0,0,40.45,-99.37,40.45,-99.37,0,0,0,0,0,137,0,0,0
666644,2022,5,17,"2022-05-17","16:47:00",3,"NE",31,0,1,0,0,0,0,40.1613,-99.7057,40.25,-99.63,0,0,0,0,0,65,0,0,0
666645,2022,5,17,"2022-05-17","17:06:00",3,"KS",20,0,1,0,0,0,0,39.698,-100.2908,39.698,-100.2908,0,0,0,0,0,39,0,0,0
666646,2022,5,17,"2022-05-17","17:14:00",3,"NE",31,0,1.75,0,0,1e+05,5e+05,40.3145,-99.2975,40.32,-99.28,0,0,0,0,0,83,0,0,0
666647,2022,5,17,"2022-05-17","17:15:00",3,"KS",20,0,0.88,0,0,0,0,39.8401,-99.8906,39.8401,-99.8906,0,0,0,0,0,137,0,0,0
666648,2022,5,17,"2022-05-17","17:16:00",3,"NE",31,0,3,0,0,1e+05,5e+05,40.3051,-99.369,40.3474,-99.3476,0,0,0,0,0,83,0,0,0
666649,2022,5,17,"2022-05-17","17:19:00",3,"NE",31,0,1,0,0,0,0,41.95,-103.66,41.95,-103.66,0,0,0,0,0,157,0,0,0
666650,2022,5,17,"2022-05-17","17:20:00",3,"WY",56,0,1,0,0,0,0,44.4234,-108.05,44.4329,-108.0143,0,0,0,0,0,3,0,0,0
666651,2022,5,17,"2022-05-17","17:21:00",3,"WY",56,0,0.88,0,0,0,0,42.87,-106.44,42.8729,-106.4293,0,0,0,0,0,25,0,0,0
666652,2022,5,17,"2022-05-17","17:22:00",3,"TX",48,0,1,0,0,0,0,35.38,-100.24,35.38,-100.24,0,0,0,0,0,483,0,0,0
666653,2022,5,17,"2022-05-17","17:42:00",3,"KS",20,0,0.88,0,0,0,0,39.3571,-100.7207,39.3571,-100.7207,0,0,0,0,0,193,0,0,0
666654,2022,5,17,"2022-05-17","17:43:00",3,"NE",31,0,1,0,0,0,0,41.89,-103.44,41.89,-103.44,0,0,0,0,0,157,0,0,0
666655,2022,5,17,"2022-05-17","17:58:00",3,"NE",31,0,0.88,0,0,0,0,41.79,-103.31,41.79,-103.31,0,0,0,0,0,123,0,0,0
666656,2022,5,17,"2022-05-17","18:04:00",3,"NE",31,0,0.88,0,0,0,0,41.77,-103.27,41.77,-103.27,0,0,0,0,0,123,0,0,0
666657,2022,5,17,"2022-05-17","18:15:00",3,"NE",31,0,1.5,0,0,0,0,41.74,-103.1,41.74,-103.1,0,0,0,0,0,123,0,0,0
666658,2022,5,17,"2022-05-17","18:16:00",3,"NE",31,0,1.5,0,0,150000,0,40.28,-99.77,40.28,-99.77,0,0,0,0,0,65,0,0,0
666659,2022,5,17,"2022-05-17","18:23:00",3,"NE",31,0,1,0,0,0,0,41.67,-103.1,41.67,-103.1,0,0,0,0,0,123,0,0,0
666660,2022,5,17,"2022-05-17","18:30:00",3,"KS",20,0,0.75,0,0,0,0,39.1201,-100.8321,39.1201,-100.8321,0,0,0,0,0,109,0,0,0
666661,2022,5,17,"2022-05-17","18:35:00",3,"NE",31,0,0.88,0,0,0,0,41.6,-102.95,41.6,-102.95,0,0,0,0,0,123,0,0,0
666662,2022,5,17,"2022-05-17","18:41:00",3,"KS",20,0,0.75,0,0,0,0,39.1201,-100.6301,39.1201,-100.6301,0,0,0,0,0,63,0,0,0
666663,2022,5,17,"2022-05-17","18:45:00",3,"NE",31,0,1,0,0,0,0,41.6,-102.85,41.6,-102.85,0,0,0,0,0,123,0,0,0
666664,2022,5,17,"2022-05-17","18:57:00",3,"ND",38,0,1,0,0,0,0,48.89,-100.71,48.89,-100.71,0,0,0,0,0,9,0,0,0
666665,2022,5,17,"2022-05-17","19:00:00",3,"ND",38,0,0.88,0,0,0,0,48.91,-100.68,48.91,-100.68,0,0,0,0,0,9,0,0,0
666666,2022,5,17,"2022-05-17","19:03:00",3,"NE",31,0,1,0,0,0,0,41.54,-102.68,41.54,-102.68,0,0,0,0,0,123,0,0,0
666667,2022,5,17,"2022-05-17","19:07:00",3,"KS",20,0,1.75,0,0,0,0,39.26,-97.12,39.26,-97.12,0,0,0,0,0,27,0,0,0
666668,2022,5,17,"2022-05-17","19:13:00",3,"ND",38,0,1,0,0,0,0,48.82,-100.67,48.82,-100.67,0,0,0,0,0,9,0,0,0
666669,2022,5,17,"2022-05-17","19:16:00",3,"KS",20,0,1,0,0,0,0,39.22,-96.62,39.22,-96.62,0,0,0,0,0,161,0,0,0
666670,2022,5,17,"2022-05-17","19:18:00",3,"KS",20,0,2,0,0,0,0,39.15,-97,39.15,-97,0,0,0,0,0,27,0,0,0
666671,2022,5,17,"2022-05-17","19:22:00",3,"KS",20,0,1.25,0,0,0,0,39.27,-96.7,39.27,-96.7,0,0,0,0,0,161,0,0,0
666672,2022,5,17,"2022-05-17","19:42:00",3,"NE",31,0,1,0,0,0,0,41.22,-102.26,41.22,-102.26,0,0,0,0,0,49,0,0,0
666673,2022,5,17,"2022-05-17","20:00:00",3,"ND",38,0,1,0,0,0,0,48.69,-100.42,48.69,-100.42,0,0,0,0,0,9,0,0,0
666674,2022,5,17,"2022-05-17","20:02:00",3,"KS",20,0,1,0,0,0,0,39.05,-96.86,39.05,-96.86,0,0,0,0,0,61,0,0,0
666675,2022,5,17,"2022-05-17","20:06:00",3,"NE",31,0,1.25,0,0,0,0,41.09,-102.03,41.09,-102.03,0,0,0,0,0,101,0,0,0
666676,2022,5,17,"2022-05-17","20:14:00",3,"KS",20,0,1.25,0,0,0,0,39.03,-96.85,39.03,-96.85,0,0,0,0,0,61,0,0,0
666677,2022,5,17,"2022-05-17","20:25:00",3,"NE",31,0,0.75,0,0,0,0,40.9,-98.22,40.9,-98.22,0,0,0,0,0,81,0,0,0
666678,2022,5,17,"2022-05-17","20:35:00",3,"NE",31,0,1.25,0,0,5e+05,0,40.9142,-98.389,40.9442,-98.3509,0,0,0,0,0,79,0,0,0
666679,2022,5,17,"2022-05-17","20:39:00",3,"KS",20,0,0.75,0,0,0,0,38.9,-99.32,38.9,-99.32,0,0,0,0,0,51,0,0,0
666680,2022,5,17,"2022-05-17","20:57:00",3,"IA",19,0,1,0,0,0,0,41.67,-95.36,41.67,-95.36,0,0,0,0,0,165,0,0,0
666681,2022,5,17,"2022-05-17","20:59:00",3,"NE",31,0,1,0,0,0,0,40.8802,-97.8865,40.8802,-97.8865,0,0,0,0,0,81,0,0,0
666682,2022,5,17,"2022-05-17","21:00:00",3,"KS",20,0,1.75,0,0,0,0,38.2,-99.92,38.2,-99.92,0,0,0,0,0,83,0,0,0
666683,2022,5,17,"2022-05-17","21:00:00",3,"KS",20,0,1,0,0,0,0,39.1,-95.86,39.1,-95.86,0,0,0,0,0,177,0,0,0
666684,2022,5,17,"2022-05-17","21:00:00",3,"KS",20,0,0.88,0,0,0,0,38.67,-96.95,38.67,-96.95,0,0,0,0,0,41,0,0,0
666685,2022,5,17,"2022-05-17","21:33:00",3,"KS",20,0,1,0,0,0,0,39.16,-95.63,39.16,-95.63,0,0,0,0,0,177,0,0,0
666686,2022,5,17,"2022-05-17","21:39:00",3,"KS",20,0,1,0,0,0,0,38.19,-99.1,38.19,-99.1,0,0,0,0,0,145,0,0,0
666687,2022,5,17,"2022-05-17","21:40:00",3,"KS",20,0,0.88,0,0,0,0,39.17,-95.53,39.17,-95.53,0,0,0,0,0,87,0,0,0
666688,2022,5,17,"2022-05-17","21:51:00",3,"KS",20,0,1.25,0,0,0,0,38.78,-95.19,38.78,-95.19,0,0,0,0,0,45,0,0,0
666689,2022,5,17,"2022-05-17","21:57:00",3,"KS",20,0,1,0,0,0,0,38.65,-95.8,38.65,-95.8,0,0,0,0,0,139,0,0,0
666690,2022,5,17,"2022-05-17","22:20:00",3,"KS",20,0,1,0,0,0,0,38.09,-99.95,38.09,-99.95,0,0,0,0,0,83,0,0,0
666691,2022,5,17,"2022-05-17","22:23:00",3,"KS",20,0,0.88,0,0,0,0,38.97,-94.95,38.97,-94.95,0,0,0,0,0,91,0,0,0
666692,2022,5,17,"2022-05-17","23:02:00",3,"IA",19,0,1,0,0,0,0,41.24,-95.84,41.24,-95.84,0,0,0,0,0,155,0,0,0
666693,2022,5,17,"2022-05-17","23:20:00",3,"NE",31,0,1,0,0,0,0,41.32,-96.37,41.32,-96.37,0,0,0,0,0,55,0,0,0
666694,2022,5,17,"2022-05-17","23:25:00",3,"NE",31,0,1,0,0,0,0,41.31,-96.33,41.31,-96.33,0,0,0,0,0,55,0,0,0
666695,2022,5,18,"2022-05-18","00:22:00",3,"IA",19,0,1,0,0,0,0,41.74,-95.71,41.74,-95.71,0,0,0,0,0,85,0,0,0
666696,2022,5,18,"2022-05-18","00:23:00",3,"IA",19,0,1.25,0,0,0,0,41.74,-95.71,41.74,-95.71,0,0,0,0,0,85,0,0,0
666697,2022,5,18,"2022-05-18","00:35:00",3,"IA",19,0,1,0,0,0,0,41.74,-95.61,41.74,-95.61,0,0,0,0,0,85,0,0,0
666698,2022,5,18,"2022-05-18","00:44:00",3,"IA",19,0,1,0,0,0,0,41.78,-95.54,41.78,-95.54,0,0,0,0,0,165,0,0,0
666699,2022,5,18,"2022-05-18","12:52:00",3,"MN",27,0,0.75,0,0,0,0,47.6,-93.69,47.6,-93.69,0,0,0,0,0,61,0,0,0
666700,2022,5,18,"2022-05-18","12:56:00",3,"MN",27,0,0.75,0,0,0,0,47.4,-93.72,47.4,-93.72,0,0,0,0,0,61,0,0,0
666701,2022,5,18,"2022-05-18","13:33:00",3,"MN",27,0,0.75,0,0,0,0,47.22,-93.67,47.22,-93.67,0,0,0,0,0,61,0,0,0
666702,2022,5,18,"2022-05-18","13:34:00",3,"MN",27,0,1,0,0,0,0,47.09,-94.22,47.09,-94.22,0,0,0,0,0,21,0,0,0
666703,2022,5,18,"2022-05-18","14:23:00",3,"MN",27,0,0.88,0,0,0,0,46.41,-94.35,46.41,-94.35,0,0,0,0,0,21,0,0,0
666704,2022,5,18,"2022-05-18","14:35:00",3,"MN",27,0,0.88,0,0,0,0,46.65,-93.14,46.65,-93.14,0,0,0,0,0,1,0,0,0
666705,2022,5,18,"2022-05-18","14:38:00",3,"MN",27,0,0.88,0,0,0,0,46.65,-93.12,46.65,-93.12,0,0,0,0,0,1,0,0,0
666706,2022,5,18,"2022-05-18","15:05:00",3,"WI",55,0,0.88,0,0,0,0,45.9,-92.26,45.9,-92.26,0,0,0,0,0,13,0,0,0
666707,2022,5,18,"2022-05-18","15:12:00",3,"MN",27,0,0.75,0,0,0,0,46.66,-93.01,46.66,-93.01,0,0,0,0,0,17,0,0,0
666708,2022,5,18,"2022-05-18","15:24:00",3,"MN",27,0,0.75,0,0,0,0,46.82,-92.19,46.82,-92.19,0,0,0,0,0,137,0,0,0
666709,2022,5,18,"2022-05-18","15:30:00",3,"MN",27,0,0.75,0,0,0,0,46.15,-93.03,46.15,-93.03,0,0,0,0,0,115,0,0,0
666710,2022,5,18,"2022-05-18","15:36:00",3,"KY",21,0,1.5,0,0,0,0,37.5033,-85.2832,37.5033,-85.2832,0,0,0,0,0,155,0,0,0
666711,2022,5,18,"2022-05-18","16:00:00",3,"MN",27,0,1,0,0,0,0,46.13,-92.86,46.13,-92.86,0,0,0,0,0,115,0,0,0
666712,2022,5,18,"2022-05-18","16:30:00",3,"WI",55,0,1.5,0,0,0,0,45.89,-91.48,45.89,-91.48,0,0,0,0,0,113,0,0,0
666713,2022,5,18,"2022-05-18","16:42:00",3,"WI",55,0,0.75,0,0,0,0,45.91,-91.82,45.91,-91.82,0,0,0,0,0,129,0,0,0
666714,2022,5,18,"2022-05-18","16:45:00",3,"WI",55,0,1.75,0,0,0,0,45.9,-91.82,45.9,-91.82,0,0,0,0,0,129,0,0,0
666715,2022,5,18,"2022-05-18","16:46:00",3,"WI",55,0,1,0,0,0,0,46.01,-91.5,46.01,-91.5,0,0,0,0,0,113,0,0,0
666716,2022,5,18,"2022-05-18","16:58:00",3,"WI",55,0,0.75,0,0,0,0,45.84,-91.91,45.84,-91.91,0,0,0,0,0,129,0,0,0
666717,2022,5,18,"2022-05-18","17:47:00",3,"KY",21,0,1.5,0,0,0,0,37.1989,-85.0087,37.1989,-85.0087,0,0,0,0,0,45,0,0,0
666718,2022,5,18,"2022-05-18","18:09:00",3,"WI",55,0,1.25,0,0,0,0,45.5,-91.76,45.5,-91.76,0,0,0,0,0,5,0,0,0
666719,2022,5,18,"2022-05-18","18:10:00",3,"WI",55,0,0.88,0,0,0,0,45.51,-91.74,45.51,-91.74,0,0,0,0,0,5,0,0,0
666720,2022,5,18,"2022-05-18","18:12:00",3,"WI",55,0,0.75,0,0,0,0,45.5,-91.74,45.5,-91.74,0,0,0,0,0,5,0,0,0
666721,2022,5,18,"2022-05-18","18:20:00",3,"KY",21,0,1,0,0,0,0,37.09,-84.6,37.09,-84.6,0,0,0,0,0,199,0,0,0
666722,2022,5,18,"2022-05-18","18:23:00",3,"KY",21,0,1.25,0,0,0,0,37.1275,-84.9125,37.1275,-84.9125,0,0,0,0,0,45,0,0,0
666723,2022,5,18,"2022-05-18","18:33:00",3,"WI",55,0,0.75,0,0,0,0,45.2,-90.81,45.2,-90.81,0,0,0,0,0,119,0,0,0
666724,2022,5,18,"2022-05-18","18:35:00",3,"WI",55,0,1,0,0,0,0,45.22,-90.81,45.22,-90.81,0,0,0,0,0,119,0,0,0
666725,2022,5,18,"2022-05-18","18:55:00",3,"WI",55,0,1,0,0,0,0,45.23,-91.12,45.23,-91.12,0,0,0,0,0,17,0,0,0
666726,2022,5,18,"2022-05-18","18:56:00",3,"CO",8,0,1.25,0,0,0,0,37.67,-102.13,37.67,-102.13,0,0,0,0,0,99,0,0,0
666727,2022,5,18,"2022-05-18","18:57:00",3,"WI",55,0,0.88,0,0,0,0,45.2,-90.53,45.2,-90.53,0,0,0,0,0,119,0,0,0
666728,2022,5,18,"2022-05-18","19:06:00",3,"KS",20,0,0.75,0,0,0,0,38.4815,-101.3309,38.4815,-101.3309,0,0,0,0,0,203,0,0,0
666729,2022,5,18,"2022-05-18","19:18:00",3,"WI",55,0,1.25,0,0,0,0,45.17,-90.89,45.17,-90.89,0,0,0,0,0,119,0,0,0
666730,2022,5,18,"2022-05-18","19:22:00",3,"WI",55,0,1,0,0,0,0,45.17,-90.81,45.17,-90.81,0,0,0,0,0,119,0,0,0
666731,2022,5,18,"2022-05-18","19:36:00",3,"KY",21,0,1,0,0,0,0,36.7926,-84.1929,36.7926,-84.1929,0,0,0,0,0,235,0,0,0
666732,2022,5,18,"2022-05-18","19:36:00",3,"TX",48,0,2.75,0,0,0,0,35.24,-102.43,35.24,-102.43,0,0,0,0,0,359,0,0,0
666733,2022,5,18,"2022-05-18","19:37:00",3,"TX",48,0,2.5,0,0,0,0,35.24,-102.42,35.24,-102.42,0,0,0,0,0,359,0,0,0
666734,2022,5,18,"2022-05-18","19:50:00",3,"MO",29,0,1.5,0,0,0,0,36.58,-93.43,36.58,-93.43,0,0,0,0,0,209,0,0,0
666735,2022,5,18,"2022-05-18","19:51:00",3,"MO",29,0,0.75,0,0,0,0,36.61,-93.28,36.61,-93.28,0,0,0,0,0,213,0,0,0
666736,2022,5,18,"2022-05-18","19:58:00",3,"MO",29,0,1,0,0,0,0,36.57,-93.35,36.57,-93.35,0,0,0,0,0,209,0,0,0
666737,2022,5,18,"2022-05-18","20:02:00",3,"MO",29,0,1.75,0,0,50000,0,36.64,-93.42,36.64,-93.42,0,0,0,0,0,209,0,0,0
666738,2022,5,18,"2022-05-18","20:02:00",3,"MO",29,0,1.5,0,0,0,0,36.57,-93.35,36.57,-93.35,0,0,0,0,0,209,0,0,0
666739,2022,5,18,"2022-05-18","20:15:00",3,"MO",29,0,1,0,0,0,0,36.66,-93.45,36.66,-93.45,0,0,0,0,0,209,0,0,0
666740,2022,5,18,"2022-05-18","20:25:00",3,"MO",29,0,1,0,0,0,0,36.67,-92.67,36.67,-92.67,0,0,0,0,0,153,0,0,0
666741,2022,5,18,"2022-05-18","20:29:00",3,"WI",55,0,1,0,0,0,0,44.69,-90.16,44.69,-90.16,0,0,0,0,0,73,0,0,0
666742,2022,5,18,"2022-05-18","20:35:00",3,"WI",55,0,1.25,0,0,0,0,44.63,-90.13,44.63,-90.13,0,0,0,0,0,141,0,0,0
666743,2022,5,18,"2022-05-18","20:38:00",3,"MO",29,0,1,0,0,0,0,36.74,-92.6,36.74,-92.6,0,0,0,0,0,153,0,0,0
666744,2022,5,18,"2022-05-18","20:47:00",3,"TX",48,0,1.75,0,0,0,0,34.95,-102.11,34.95,-102.11,0,0,0,0,0,381,0,0,0
666745,2022,5,18,"2022-05-18","20:50:00",3,"TX",48,0,1.75,0,0,0,0,34.93,-102.11,34.93,-102.11,0,0,0,0,0,381,0,0,0
666746,2022,5,19,"2022-05-19","01:14:00",3,"OK",40,0,1,0,0,0,0,36.23,-98.34,36.23,-98.34,0,0,0,0,0,93,0,0,0
666747,2022,5,19,"2022-05-19","02:45:00",3,"TN",47,0,1.25,0,0,0,0,36.53,-82.71,36.53,-82.71,0,0,0,0,0,73,0,0,0
666748,2022,5,19,"2022-05-19","04:09:00",3,"NC",37,0,0.88,0,0,0,0,35.635,-82.585,35.619,-82.5,0,0,0,0,0,21,0,0,0
666749,2022,5,19,"2022-05-19","05:42:00",3,"KS",20,0,0.75,0,0,0,0,37.55,-94.62,37.55,-94.62,0,0,0,0,0,37,0,0,0
666750,2022,5,19,"2022-05-19","07:35:00",3,"MO",29,0,0.88,0,0,0,0,36.97,-92.73,36.97,-92.73,0,0,0,0,0,67,0,0,0
666751,2022,5,19,"2022-05-19","08:03:00",3,"MO",29,0,0.88,0,0,0,0,38.05,-92.74,38.05,-92.74,0,0,0,0,0,29,0,0,0
666752,2022,5,19,"2022-05-19","10:41:00",3,"MN",27,0,2,0,0,0,0,43.51,-93.48,43.51,-93.48,0,0,0,0,0,47,0,0,0
666753,2022,5,19,"2022-05-19","10:46:00",3,"IA",19,0,1,0,0,0,0,43.5,-93.49,43.5,-93.49,0,0,0,0,0,195,0,0,0
666754,2022,5,19,"2022-05-19","10:55:00",3,"MN",27,0,1,0,0,0,0,43.51,-93.36,43.51,-93.36,0,0,0,0,0,47,0,0,0
666755,2022,5,19,"2022-05-19","10:56:00",3,"IA",19,0,1.75,0,0,0,0,43.49,-93.41,43.49,-93.41,0,0,0,0,0,195,0,0,0
666756,2022,5,19,"2022-05-19","10:57:00",3,"MN",27,0,3,0,0,0,0,43.56,-93.36,43.56,-93.36,0,0,0,0,0,47,0,0,0
666757,2022,5,19,"2022-05-19","11:00:00",3,"MN",27,0,2,0,0,0,0,43.57,-93.29,43.57,-93.29,0,0,0,0,0,47,0,0,0
666758,2022,5,19,"2022-05-19","11:13:00",3,"IL",17,0,1,0,0,0,0,38.6562,-90.0473,38.6562,-90.0473,0,0,0,0,0,163,0,0,0
666759,2022,5,19,"2022-05-19","11:15:00",3,"MN",27,0,1.5,0,0,0,0,43.54,-93.13,43.54,-93.13,0,0,0,0,0,47,0,0,0
666760,2022,5,19,"2022-05-19","11:24:00",3,"MN",27,0,1.5,0,0,0,0,43.52,-92.99,43.52,-92.99,0,0,0,0,0,99,0,0,0
666761,2022,5,19,"2022-05-19","11:29:00",3,"MN",27,0,0.75,0,0,0,0,43.54,-92.95,43.54,-92.95,0,0,0,0,0,99,0,0,0
666762,2022,5,19,"2022-05-19","11:30:00",3,"MN",27,0,1.25,0,0,0,0,43.51,-92.94,43.51,-92.94,0,0,0,0,0,99,0,0,0
666763,2022,5,19,"2022-05-19","11:34:00",3,"NC",37,0,0.75,0,0,0,0,36.163,-81.872,36.163,-81.872,0,0,0,0,0,11,0,0,0
666764,2022,5,19,"2022-05-19","11:48:00",3,"MN",27,0,1.5,0,0,0,0,43.54,-92.71,43.54,-92.71,0,0,0,0,0,99,0,0,0
666765,2022,5,19,"2022-05-19","12:04:00",3,"IN",18,0,2.75,0,0,0,0,38.11,-87.79,38.1495,-87.806,0,0,0,0,0,129,0,0,0
666766,2022,5,19,"2022-05-19","12:08:00",3,"KY",21,0,1.25,0,0,0,0,37.7457,-87.1053,37.7607,-87.0188,0,0,0,0,0,59,0,0,0
666767,2022,5,19,"2022-05-19","12:18:00",3,"KY",21,0,1.75,0,0,0,0,37.8,-87.03,37.8583,-86.9446,0,0,0,0,0,59,0,0,0
666768,2022,5,19,"2022-05-19","12:20:00",3,"IN",18,0,1.25,0,0,0,0,38.1595,-87.674,38.1595,-87.674,0,0,0,0,0,129,0,0,0
666769,2022,5,19,"2022-05-19","12:33:00",3,"MN",27,0,1,0,0,0,0,43.99,-92.5,43.99,-92.5,0,0,0,0,0,109,0,0,0
666770,2022,5,19,"2022-05-19","12:34:00",3,"MN",27,0,1,0,0,0,0,44.01,-92.5,44.01,-92.5,0,0,0,0,0,109,0,0,0
666771,2022,5,19,"2022-05-19","12:35:00",3,"MN",27,0,0.75,0,0,0,0,44.03,-92.49,44.03,-92.49,0,0,0,0,0,109,0,0,0
666772,2022,5,19,"2022-05-19","12:36:00",3,"MN",27,0,1.5,0,0,0,0,43.94,-92.48,43.94,-92.48,0,0,0,0,0,109,0,0,0
666773,2022,5,19,"2022-05-19","12:37:00",3,"MN",27,0,1.5,0,0,30000,0,44,-92.43,44,-92.43,0,0,0,0,0,109,0,0,0
666774,2022,5,19,"2022-05-19","12:37:00",3,"MN",27,0,0.75,0,0,0,0,44,-92.42,44,-92.42,0,0,0,0,0,109,0,0,0
666775,2022,5,19,"2022-05-19","12:37:00",3,"MN",27,0,1.25,0,0,0,0,43.97,-92.48,43.97,-92.48,0,0,0,0,0,109,0,0,0
666776,2022,5,19,"2022-05-19","12:40:00",3,"MN",27,0,1,0,0,0,0,43.98,-92.4,43.98,-92.4,0,0,0,0,0,109,0,0,0
666777,2022,5,19,"2022-05-19","12:40:00",3,"IN",18,0,1,0,0,0,0,38.2,-87.57,38.2,-87.57,0,0,0,0,0,51,0,0,0
666778,2022,5,19,"2022-05-19","12:54:00",3,"KY",21,0,1.25,0,0,0,0,37.03,-84.22,37.03,-84.22,0,0,0,0,0,125,0,0,0
666779,2022,5,19,"2022-05-19","12:56:00",3,"KY",21,0,1.25,0,0,0,0,37.03,-84.19,37.03,-84.19,0,0,0,0,0,125,0,0,0
666780,2022,5,19,"2022-05-19","12:59:00",3,"TN",47,0,1,0,0,0,0,36.58,-82.66,36.58,-82.66,0,0,0,0,0,73,0,0,0
666781,2022,5,19,"2022-05-19","12:59:00",3,"KY",21,0,1,0,0,0,0,37.0912,-86.0822,37.0912,-86.0822,0,0,0,0,0,61,0,0,0
666782,2022,5,19,"2022-05-19","13:02:00",3,"IN",18,0,1.75,0,0,0,0,38.0923,-86.815,38.0923,-86.815,0,0,0,0,0,147,0,0,0
666783,2022,5,19,"2022-05-19","13:13:00",3,"TN",47,0,1,0,0,0,0,36.58,-82.57,36.58,-82.57,0,0,0,0,0,163,0,0,0
666784,2022,5,19,"2022-05-19","13:17:00",3,"KY",21,0,1,0,0,0,0,37.11,-84.02,37.11,-84.02,0,0,0,0,0,125,0,0,0
666785,2022,5,19,"2022-05-19","13:22:00",3,"IN",18,0,1,0,0,0,0,38.22,-86.72,38.22,-86.72,0,0,0,0,0,123,0,0,0
666786,2022,5,19,"2022-05-19","13:41:00",3,"VA",51,0,0.88,0,0,0,0,36.589,-79.3199,36.589,-79.3199,0,0,0,0,0,143,0,0,0
666787,2022,5,19,"2022-05-19","13:51:00",3,"IN",18,0,1.25,0,0,0,0,38.23,-86.53,38.23,-86.53,0,0,0,0,0,25,0,0,0
666788,2022,5,19,"2022-05-19","14:11:00",3,"KY",21,0,1.25,0,0,0,0,36.83,-84.12,36.83,-84.12,0,0,0,0,0,235,0,0,0
666789,2022,5,19,"2022-05-19","14:15:00",3,"TN",47,0,1,0,0,0,0,36.51,-83.24,36.51,-83.24,0,0,0,0,0,67,0,0,0
666790,2022,5,19,"2022-05-19","14:23:00",3,"KY",21,0,0.88,0,0,0,0,37,-84.17,37,-84.17,0,0,0,0,0,125,0,0,0
666791,2022,5,19,"2022-05-19","14:24:00",3,"IL",17,0,1,0,0,0,0,38.9,-87.9044,38.9,-87.9044,0,0,0,0,0,33,0,0,0
666792,2022,5,19,"2022-05-19","14:27:00",3,"KY",21,0,1,0,0,0,0,37.4162,-83.9431,37.4162,-83.9431,0,0,0,0,0,109,0,0,0
666793,2022,5,19,"2022-05-19","14:33:00",3,"MN",27,0,1,0,0,0,0,44.98,-93.38,44.98,-93.38,0,0,0,0,0,53,0,0,0
666794,2022,5,19,"2022-05-19","14:33:00",3,"KY",21,0,0.88,0,0,0,0,37.49,-84.09,37.49,-84.09,0,0,0,0,0,109,0,0,0
666795,2022,5,19,"2022-05-19","14:35:00",3,"TN",47,0,1,0,0,0,0,36.55,-83.13,36.55,-83.13,0,0,0,0,0,67,0,0,0
666796,2022,5,19,"2022-05-19","14:38:00",3,"KY",21,0,1,0,0,0,0,37.8392,-84.5597,37.8392,-84.5597,0,0,0,0,0,113,0,0,0
666797,2022,5,19,"2022-05-19","14:39:00",3,"KY",21,0,1,0,0,0,0,37.05,-84.1,37.05,-84.1,0,0,0,0,0,125,0,0,0
666798,2022,5,19,"2022-05-19","14:40:00",3,"MN",27,0,1,0,0,0,0,44.95,-93.3,44.95,-93.3,0,0,0,0,0,53,0,0,0
666799,2022,5,19,"2022-05-19","14:40:00",3,"KY",21,0,1,0,0,0,0,37.06,-84.06,37.06,-84.06,0,0,0,0,0,125,0,0,0
666800,2022,5,19,"2022-05-19","14:41:00",3,"KY",21,0,1.75,0,0,0,0,38.1573,-85.014,38.1573,-85.014,0,0,0,0,0,211,0,0,0
666801,2022,5,19,"2022-05-19","14:42:00",3,"KY",21,0,1,0,0,0,0,37.4825,-84.0837,37.4825,-84.0837,0,0,0,0,0,109,0,0,0
666802,2022,5,19,"2022-05-19","14:42:00",3,"MN",27,0,1,0,0,0,0,44.98,-93.25,44.98,-93.25,0,0,0,0,0,53,0,0,0
666803,2022,5,19,"2022-05-19","14:43:00",3,"KY",21,0,1,0,0,0,0,36.84,-83.76,36.84,-83.76,0,0,0,0,0,121,0,0,0
666804,2022,5,19,"2022-05-19","14:43:00",3,"KY",21,0,1.25,0,0,0,0,38.1558,-85.0134,38.1558,-85.0134,0,0,0,0,0,211,0,0,0
666805,2022,5,19,"2022-05-19","14:43:00",3,"MN",27,0,1,0,0,0,0,44.96,-93.27,44.96,-93.27,0,0,0,0,0,53,0,0,0
666806,2022,5,19,"2022-05-19","14:44:00",3,"MN",27,0,1.25,0,0,0,0,45,-93.2,45,-93.2,0,0,0,0,0,123,0,0,0
666807,2022,5,19,"2022-05-19","14:45:00",3,"MN",27,0,1.5,0,0,0,0,45,-93.12,45,-93.12,0,0,0,0,0,123,0,0,0
666808,2022,5,19,"2022-05-19","14:45:00",3,"MN",27,0,1,0,0,0,0,44.93,-93.26,44.93,-93.26,0,0,0,0,0,53,0,0,0
666809,2022,5,19,"2022-05-19","14:45:00",3,"MN",27,0,1.75,0,0,0,0,44.93,-93.16,44.93,-93.16,0,0,0,0,0,123,0,0,0
666810,2022,5,19,"2022-05-19","14:45:00",3,"KY",21,0,1,0,0,0,0,37.0814,-84.0449,37.0814,-84.0449,0,0,0,0,0,125,0,0,0
666811,2022,5,19,"2022-05-19","14:45:00",3,"MN",27,0,1,0,0,0,0,44.97,-93.17,44.97,-93.17,0,0,0,0,0,123,0,0,0
666812,2022,5,19,"2022-05-19","14:47:00",3,"MN",27,0,1,0,0,0,0,44.93,-93.23,44.93,-93.23,0,0,0,0,0,53,0,0,0
666813,2022,5,19,"2022-05-19","14:47:00",3,"MN",27,0,1.25,0,0,0,0,44.94,-93.21,44.94,-93.21,0,0,0,0,0,53,0,0,0
666814,2022,5,19,"2022-05-19","14:47:00",3,"MN",27,0,1,0,0,0,0,44.94,-93.19,44.94,-93.19,0,0,0,0,0,123,0,0,0
666815,2022,5,19,"2022-05-19","14:48:00",3,"MN",27,0,1.25,0,0,0,0,45.02,-93.15,45.02,-93.15,0,0,0,0,0,123,0,0,0
666816,2022,5,19,"2022-05-19","14:48:00",3,"MN",27,0,1.25,0,0,0,0,44.93,-93.19,44.93,-93.19,0,0,0,0,0,123,0,0,0
666817,2022,5,19,"2022-05-19","14:48:00",3,"MN",27,0,1,0,0,0,0,45,-93.17,45,-93.17,0,0,0,0,0,123,0,0,0
666818,2022,5,19,"2022-05-19","14:48:00",3,"MN",27,0,1,0,0,0,0,44.92,-93.19,44.92,-93.19,0,0,0,0,0,123,0,0,0
666819,2022,5,19,"2022-05-19","14:50:00",3,"MN",27,0,1.25,0,0,0,0,44.92,-93.19,44.92,-93.19,0,0,0,0,0,123,0,0,0
666820,2022,5,19,"2022-05-19","14:50:00",3,"MN",27,0,1.5,0,0,0,0,45.03,-93.01,45.03,-93.01,0,0,0,0,0,123,0,0,0
666821,2022,5,19,"2022-05-19","14:50:00",3,"MN",27,0,1,0,0,0,0,44.93,-93.17,44.93,-93.17,0,0,0,0,0,123,0,0,0
666822,2022,5,19,"2022-05-19","14:50:00",3,"MN",27,0,1,0,0,0,0,45.03,-93.11,45.03,-93.11,0,0,0,0,0,123,0,0,0
666823,2022,5,19,"2022-05-19","14:50:00",3,"MN",27,0,1,0,0,0,0,44.98,-93.1,44.98,-93.1,0,0,0,0,0,123,0,0,0
666824,2022,5,19,"2022-05-19","14:52:00",3,"MN",27,0,1.5,0,0,0,0,45.01,-93.04,45.01,-93.04,0,0,0,0,0,123,0,0,0
666825,2022,5,19,"2022-05-19","14:53:00",3,"MN",27,0,1.75,0,0,0,0,45.03,-93.02,45.03,-93.02,0,0,0,0,0,123,0,0,0
666826,2022,5,19,"2022-05-19","14:53:00",3,"MN",27,0,1.5,0,0,0,0,45.09,-93,45.09,-93,0,0,0,0,0,123,0,0,0
666827,2022,5,19,"2022-05-19","14:53:00",3,"KY",21,0,1.75,0,0,0,0,37.9398,-86.4716,37.9398,-86.4716,0,0,0,0,0,27,0,0,0
666828,2022,5,19,"2022-05-19","14:54:00",3,"MN",27,0,1,0,0,0,0,45.05,-93.02,45.05,-93.02,0,0,0,0,0,123,0,0,0
666829,2022,5,19,"2022-05-19","14:54:00",3,"MN",27,0,1,0,0,0,0,44.94,-93.09,44.94,-93.09,0,0,0,0,0,123,0,0,0
666830,2022,5,19,"2022-05-19","14:54:00",3,"MN",27,0,1,0,0,0,0,45.02,-93.08,45.02,-93.08,0,0,0,0,0,123,0,0,0
666831,2022,5,19,"2022-05-19","14:54:00",3,"MN",27,0,1.75,0,0,0,0,44.96,-93.03,44.96,-93.03,0,0,0,0,0,123,0,0,0
666832,2022,5,19,"2022-05-19","14:54:00",3,"MN",27,0,1.25,0,0,0,0,44.88,-93.14,44.88,-93.14,0,0,0,0,0,37,0,0,0
666833,2022,5,19,"2022-05-19","14:54:00",3,"MN",27,0,1.25,0,0,0,0,45.05,-92.98,45.05,-92.98,0,0,0,0,0,163,0,0,0
666834,2022,5,19,"2022-05-19","14:55:00",3,"MN",27,0,1.5,0,0,0,0,44.95,-93.09,44.95,-93.09,0,0,0,0,0,123,0,0,0
666835,2022,5,19,"2022-05-19","14:55:00",3,"MN",27,0,1.75,0,0,0,0,44.98,-92.97,44.98,-92.97,0,0,0,0,0,163,0,0,0
666836,2022,5,19,"2022-05-19","14:55:00",3,"MN",27,0,1,0,0,0,0,45.05,-92.95,45.05,-92.95,0,0,0,0,0,163,0,0,0
666837,2022,5,19,"2022-05-19","14:55:00",3,"MN",27,0,1.75,0,0,0,0,44.95,-93,44.95,-93,0,0,0,0,0,123,0,0,0
666838,2022,5,19,"2022-05-19","14:55:00",3,"MO",29,0,1,0,0,0,0,38.3341,-90.6894,38.3341,-90.6894,0,0,0,0,0,99,0,0,0
666839,2022,5,19,"2022-05-19","14:55:00",3,"MN",27,0,1.25,0,0,0,0,45.08,-92.96,45.08,-92.96,0,0,0,0,0,163,0,0,0
666840,2022,5,19,"2022-05-19","14:55:00",3,"MN",27,0,1.75,0,0,0,0,44.94,-93.09,44.94,-93.09,0,0,0,0,0,123,0,0,0
666841,2022,5,19,"2022-05-19","14:56:00",3,"MN",27,0,2,0,0,0,0,44.99,-92.96,44.99,-92.96,0,0,0,0,0,163,0,0,0
666842,2022,5,19,"2022-05-19","14:56:00",3,"MN",27,0,1.75,0,0,0,0,44.95,-93.04,44.95,-93.04,0,0,0,0,0,123,0,0,0
666843,2022,5,19,"2022-05-19","14:56:00",3,"MN",27,0,1.5,0,0,0,0,44.99,-92.98,44.99,-92.98,0,0,0,0,0,163,0,0,0
666844,2022,5,19,"2022-05-19","14:57:00",3,"MN",27,0,1.5,0,0,0,0,44.95,-92.95,44.95,-92.95,0,0,0,0,0,163,0,0,0
666845,2022,5,19,"2022-05-19","14:59:00",3,"MN",27,0,1.25,0,0,0,0,45.02,-92.98,45.02,-92.98,0,0,0,0,0,163,0,0,0
666846,2022,5,19,"2022-05-19","14:59:00",3,"MN",27,0,1.5,0,0,0,0,45.02,-92.97,45.02,-92.97,0,0,0,0,0,163,0,0,0
666847,2022,5,19,"2022-05-19","14:59:00",3,"MN",27,0,1.75,0,0,0,0,44.94,-93.07,44.94,-93.07,0,0,0,0,0,123,0,0,0
666848,2022,5,19,"2022-05-19","15:00:00",3,"VA",51,0,1.5,0,0,0,0,36.65,-83.39,36.65,-83.39,0,0,0,0,0,105,0,0,0
666849,2022,5,19,"2022-05-19","15:00:00",3,"MN",27,0,1,0,0,0,0,44.93,-93,44.93,-93,0,0,0,0,0,123,0,0,0
666850,2022,5,19,"2022-05-19","15:00:00",3,"KY",21,0,2,0,0,0,0,38.205,-84.8814,38.205,-84.8814,0,0,0,0,0,73,0,0,0
666851,2022,5,19,"2022-05-19","15:00:00",3,"WA",53,0,0.25,0,0,0,0,46.1841,-122.8976,46.1841,-122.8976,0,0,0,0,0,15,0,0,0
666852,2022,5,19,"2022-05-19","15:01:00",3,"MN",27,0,1.5,0,0,0,0,45.07,-92.86,45.07,-92.86,0,0,0,0,0,163,0,0,0
666853,2022,5,19,"2022-05-19","15:02:00",3,"MN",27,0,1.75,0,0,0,0,45,-92.91,45,-92.91,0,0,0,0,0,163,0,0,0
666854,2022,5,19,"2022-05-19","15:02:00",3,"MN",27,0,1,0,0,0,0,44.39,-93.73,44.39,-93.73,0,0,0,0,0,79,0,0,0
666855,2022,5,19,"2022-05-19","15:03:00",3,"MN",27,0,1,0,0,0,0,45.03,-92.83,45.03,-92.83,0,0,0,0,0,163,0,0,0
666856,2022,5,19,"2022-05-19","15:03:00",3,"KY",21,0,1,0,0,0,0,36.81,-83.65,36.81,-83.65,0,0,0,0,0,13,0,0,0
666857,2022,5,19,"2022-05-19","15:03:00",3,"MN",27,0,1.25,0,0,0,0,44.91,-92.96,44.91,-92.96,0,0,0,0,0,163,0,0,0
666858,2022,5,19,"2022-05-19","15:04:00",3,"MN",27,0,1.75,0,0,0,0,44.94,-92.91,44.94,-92.91,0,0,0,0,0,163,0,0,0
666859,2022,5,19,"2022-05-19","15:05:00",3,"MN",27,0,1.5,0,0,0,0,45.02,-92.87,45.02,-92.87,0,0,0,0,0,163,0,0,0
666860,2022,5,19,"2022-05-19","15:05:00",3,"MN",27,0,1.5,0,0,0,0,44.93,-92.91,44.93,-92.91,0,0,0,0,0,163,0,0,0
666861,2022,5,19,"2022-05-19","15:05:00",3,"MN",27,0,1.75,0,0,0,0,44.99,-92.86,44.99,-92.86,0,0,0,0,0,163,0,0,0
666862,2022,5,19,"2022-05-19","15:05:00",3,"MN",27,0,1.75,0,0,0,0,44.99,-92.86,44.99,-92.86,0,0,0,0,0,163,0,0,0
666863,2022,5,19,"2022-05-19","15:05:00",3,"VA",51,0,1.25,0,0,0,0,36.67,-83.37,36.67,-83.37,0,0,0,0,0,105,0,0,0
666864,2022,5,19,"2022-05-19","15:05:00",3,"MN",27,0,1.5,0,0,0,0,44.96,-92.88,44.96,-92.88,0,0,0,0,0,163,0,0,0
666865,2022,5,19,"2022-05-19","15:05:00",3,"MN",27,0,1.75,0,0,0,0,44.92,-92.93,44.92,-92.93,0,0,0,0,0,163,0,0,0
666866,2022,5,19,"2022-05-19","15:05:00",3,"MN",27,0,1.5,0,0,0,0,44.94,-92.92,44.94,-92.92,0,0,0,0,0,163,0,0,0
666867,2022,5,19,"2022-05-19","15:05:00",3,"MN",27,0,1.25,0,0,0,0,44.92,-92.95,44.92,-92.95,0,0,0,0,0,163,0,0,0
666868,2022,5,19,"2022-05-19","15:05:00",3,"KY",21,0,1,0,0,0,0,36.7626,-83.6955,36.7626,-83.6955,0,0,0,0,0,13,0,0,0
666869,2022,5,19,"2022-05-19","15:06:00",3,"MN",27,0,1,0,0,0,0,44.19,-92.66,44.19,-92.66,0,0,0,0,0,109,0,0,0
666870,2022,5,19,"2022-05-19","15:07:00",3,"MN",27,0,1,0,0,0,0,44.99,-92.81,44.99,-92.81,0,0,0,0,0,163,0,0,0
666871,2022,5,19,"2022-05-19","15:07:00",3,"WI",55,0,1,0,0,0,0,45.06,-92.79,45.06,-92.79,0,0,0,0,0,109,0,0,0
666872,2022,5,19,"2022-05-19","15:07:00",3,"MN",27,0,0.88,0,0,0,0,44.19,-92.65,44.19,-92.65,0,0,0,0,0,109,0,0,0
666873,2022,5,19,"2022-05-19","15:07:00",3,"MN",27,0,1.25,0,0,0,0,44.9,-92.89,44.9,-92.89,0,0,0,0,0,163,0,0,0
666874,2022,5,19,"2022-05-19","15:08:00",3,"MN",27,0,1.75,0,0,0,0,45.01,-92.79,45.01,-92.79,0,0,0,0,0,163,0,0,0
666875,2022,5,19,"2022-05-19","15:08:00",3,"MN",27,0,2,0,0,0,0,45.02,-92.78,45.02,-92.78,0,0,0,0,0,163,0,0,0
666876,2022,5,19,"2022-05-19","15:08:00",3,"WI",55,0,1,0,0,0,0,45.0023,-92.659,45.0023,-92.659,0,0,0,0,0,109,0,0,0
666877,2022,5,19,"2022-05-19","15:12:00",3,"MN",27,0,1.25,0,0,0,0,44.93,-92.77,44.93,-92.77,0,0,0,0,0,163,0,0,0
666878,2022,5,19,"2022-05-19","15:13:00",3,"WI",55,0,1.5,0,0,0,0,44.98,-92.76,44.98,-92.76,0,0,0,0,0,109,0,0,0
666879,2022,5,19,"2022-05-19","15:13:00",3,"WI",55,0,2,0,0,0,0,44.96,-92.74,44.96,-92.74,0,0,0,0,0,109,0,0,0
666880,2022,5,19,"2022-05-19","15:13:00",3,"MN",27,0,1.25,0,0,0,0,44.44,-93.58,44.44,-93.58,0,0,0,0,0,79,0,0,0
666881,2022,5,19,"2022-05-19","15:13:00",3,"WI",55,0,1.5,0,0,0,0,45.01,-92.73,45.01,-92.73,0,0,0,0,0,109,0,0,0
666882,2022,5,19,"2022-05-19","15:15:00",3,"WI",55,0,1.4,0,0,0,0,45.006,-92.674,45.006,-92.674,0,0,0,0,0,109,0,0,0
666883,2022,5,19,"2022-05-19","15:17:00",3,"KY",21,0,0.88,0,0,0,0,36.72,-83.31,36.72,-83.31,0,0,0,0,0,95,0,0,0
666884,2022,5,19,"2022-05-19","15:18:00",3,"WI",55,0,2,0,0,0,0,44.97,-92.74,44.97,-92.74,0,0,0,0,0,109,0,0,0
666885,2022,5,19,"2022-05-19","15:21:00",3,"WI",55,0,1.5,0,0,0,0,44.98,-92.6,44.98,-92.6,0,0,0,0,0,109,0,0,0
666886,2022,5,19,"2022-05-19","15:25:00",3,"WI",55,0,1,0,0,0,0,44.9,-92.56,44.9,-92.56,0,0,0,0,0,109,0,0,0
666887,2022,5,19,"2022-05-19","15:30:00",3,"VA",51,0,1.25,0,0,0,0,36.62,-83.56,36.62,-83.56,0,0,0,0,0,105,0,0,0
666888,2022,5,19,"2022-05-19","15:30:00",3,"IN",18,0,2,0,0,0,0,38.9,-87.19,38.9,-87.19,0,0,0,0,0,83,0,0,0
666889,2022,5,19,"2022-05-19","15:31:00",3,"MN",27,0,1,0,0,0,0,44.57,-93.34,44.57,-93.34,0,0,0,0,0,139,0,0,0
666890,2022,5,19,"2022-05-19","15:33:00",3,"MN",27,0,1,0,0,0,0,44.58,-93.29,44.58,-93.29,0,0,0,0,0,139,0,0,0
666891,2022,5,19,"2022-05-19","15:33:00",3,"WI",55,0,1.75,0,0,0,0,44.97,-92.38,44.97,-92.38,0,0,0,0,0,109,0,0,0
666892,2022,5,19,"2022-05-19","15:34:00",3,"WI",55,0,1.5,0,0,0,0,45,-92.41,45,-92.41,0,0,0,0,0,109,0,0,0
666893,2022,5,19,"2022-05-19","15:36:00",3,"KY",21,0,2,0,0,0,0,37.7458,-83.756,37.7458,-83.756,0,0,0,0,0,197,0,0,0
666894,2022,5,19,"2022-05-19","15:37:00",3,"WI",55,0,1,0,0,0,0,44.95,-91.27,44.95,-91.27,0,0,0,0,0,17,0,0,0
666895,2022,5,19,"2022-05-19","15:40:00",3,"MN",27,0,1,0,0,0,0,44.7,-93.18,44.7,-93.18,0,0,0,0,0,37,0,0,0
666896,2022,5,19,"2022-05-19","15:40:00",3,"IN",18,0,1.5,0,0,0,0,38.68,-87.51,38.68,-87.51,0,0,0,0,0,83,0,0,0
666897,2022,5,19,"2022-05-19","15:45:00",3,"MN",27,0,1,0,0,0,0,44.65,-93.14,44.65,-93.14,0,0,0,0,0,37,0,0,0
666898,2022,5,19,"2022-05-19","15:45:00",3,"MN",27,0,1,0,0,0,0,44.65,-93.14,44.65,-93.14,0,0,0,0,0,37,0,0,0
666899,2022,5,19,"2022-05-19","15:46:00",3,"MN",27,0,1,0,0,0,0,44.64,-93.15,44.64,-93.15,0,0,0,0,0,37,0,0,0
666900,2022,5,19,"2022-05-19","15:52:00",3,"IN",18,0,1,0,0,0,0,38.69,-87.37,38.69,-87.37,0,0,0,0,0,83,0,0,0
666901,2022,5,19,"2022-05-19","15:55:00",3,"IN",18,0,1.75,0,0,0,446000,38.88,-87.02,38.88,-87.02,0,0,0,0,0,27,0,0,0
666902,2022,5,19,"2022-05-19","16:00:00",3,"WI",55,0,2,0,0,0,0,44.94,-91.9,44.94,-91.9,0,0,0,0,0,33,0,0,0
666903,2022,5,19,"2022-05-19","16:01:00",3,"KY",21,0,1.5,0,0,0,0,37.7199,-86.4114,37.7199,-86.4114,0,0,0,0,0,27,0,0,0
666904,2022,5,19,"2022-05-19","16:01:00",3,"KY",21,0,1.75,0,0,0,0,37.7083,-86.5186,37.7083,-86.5186,0,0,0,0,0,27,0,0,0
666905,2022,5,19,"2022-05-19","16:06:00",3,"MN",27,0,1,0,0,0,0,44.48,-93.18,44.48,-93.18,0,0,0,0,0,37,0,0,0
666906,2022,5,19,"2022-05-19","16:10:00",3,"VA",51,0,1,0,0,0,0,36.69,-83.11,36.69,-83.11,0,0,0,0,0,105,0,0,0
666907,2022,5,19,"2022-05-19","16:15:00",3,"IN",18,0,1.25,0,0,0,0,38.68,-87.17,38.68,-87.17,0,0,0,0,0,27,0,0,0
666908,2022,5,19,"2022-05-19","16:15:00",3,"NC",37,0,0.75,0,0,0,0,35.758,-82.546,35.758,-82.546,0,0,0,0,0,21,0,0,0
666909,2022,5,19,"2022-05-19","16:22:00",3,"VA",51,0,1.5,0,0,0,0,37.23,-82.09,37.23,-82.09,0,0,0,0,0,27,0,0,0
666910,2022,5,19,"2022-05-19","16:30:00",3,"VA",51,0,1.5,0,0,0,0,37.23,-82.1,37.23,-82.1,0,0,0,0,0,27,0,0,0
666911,2022,5,19,"2022-05-19","16:32:00",3,"NC",37,0,1,0,0,0,0,35.776,-82.462,35.776,-82.462,0,0,0,0,0,21,0,0,0
666912,2022,5,19,"2022-05-19","16:36:00",3,"KY",21,0,1,0,0,0,0,36.863,-83.1951,36.863,-83.1951,0,0,0,0,0,95,0,0,0
666913,2022,5,19,"2022-05-19","16:41:00",3,"IN",18,0,2.75,0,0,0,0,38.73,-86.91,38.73,-86.91,0,0,0,0,0,101,0,0,0
666914,2022,5,19,"2022-05-19","16:49:00",3,"MN",27,0,1.75,0,0,0,0,43.87,-93.29,43.87,-93.29,0,0,0,0,0,147,0,0,0
666915,2022,5,19,"2022-05-19","16:52:00",3,"WI",55,0,1.25,0,0,0,0,44.64,-92.47,44.64,-92.47,0,0,0,0,0,93,0,0,0
666916,2022,5,19,"2022-05-19","17:03:00",3,"TN",47,0,1.5,0,0,0,0,36.52,-82.72,36.52,-82.72,0,0,0,0,0,73,0,0,0
666917,2022,5,19,"2022-05-19","17:04:00",3,"TN",47,0,2,0,0,0,0,36.46,-82.74,36.46,-82.74,0,0,0,0,0,73,0,0,0
666918,2022,5,19,"2022-05-19","17:05:00",3,"TN",47,0,1.5,0,0,0,0,36.58,-82.58,36.58,-82.58,0,0,0,0,0,163,0,0,0
666919,2022,5,19,"2022-05-19","17:05:00",3,"WI",55,0,1,0,0,0,0,45.09,-89.86,45.09,-89.86,0,0,0,0,0,73,0,0,0
666920,2022,5,19,"2022-05-19","17:09:00",3,"TN",47,0,1.5,0,0,0,0,36.54,-82.58,36.54,-82.58,0,0,0,0,0,163,0,0,0
666921,2022,5,19,"2022-05-19","17:09:00",3,"MN",27,0,1.5,0,0,0,0,43.72,-93.45,43.72,-93.45,0,0,0,0,0,47,0,0,0
666922,2022,5,19,"2022-05-19","17:10:00",3,"TN",47,0,1.5,0,0,0,0,36.5,-82.56,36.5,-82.56,0,0,0,0,0,163,0,0,0
666923,2022,5,19,"2022-05-19","17:10:00",3,"TN",47,0,1,0,0,0,0,36.51,-82.68,36.51,-82.68,0,0,0,0,0,73,0,0,0
666924,2022,5,19,"2022-05-19","17:12:00",3,"KY",21,0,1,0,0,0,0,37.56,-83.59,37.56,-83.59,0,0,0,0,0,11,0,0,0
666925,2022,5,19,"2022-05-19","17:13:00",3,"KY",21,0,2,0,0,0,0,37.7849,-85.7738,37.7849,-85.7738,0,0,0,0,0,93,0,0,0
666926,2022,5,19,"2022-05-19","17:18:00",3,"MN",27,0,1.25,0,0,0,0,43.81,-93.38,43.81,-93.38,0,0,0,0,0,47,0,0,0
666927,2022,5,19,"2022-05-19","17:19:00",3,"KY",21,0,1,0,0,0,0,37.7426,-85.7704,37.7426,-85.7704,0,0,0,0,0,93,0,0,0
666928,2022,5,19,"2022-05-19","17:20:00",3,"KY",21,0,2,0,0,0,0,37.7637,-85.7103,37.7637,-85.7103,0,0,0,0,0,93,0,0,0
666929,2022,5,19,"2022-05-19","17:22:00",3,"KY",21,0,2,0,0,0,0,37.7888,-85.681,37.7888,-85.681,0,0,0,0,0,179,0,0,0
666930,2022,5,19,"2022-05-19","17:23:00",3,"IN",18,0,0.88,0,0,0,0,39.07,-84.9,39.07,-84.9,0,0,0,0,0,29,0,0,0
666931,2022,5,19,"2022-05-19","17:25:00",3,"KY",21,0,1,0,0,0,0,37.8293,-85.6339,37.8293,-85.6339,0,0,0,0,0,179,0,0,0
666932,2022,5,19,"2022-05-19","17:25:00",3,"KY",21,0,2.5,0,0,0,0,37.7904,-85.6734,37.7904,-85.6734,0,0,0,0,0,179,0,0,0
666933,2022,5,19,"2022-05-19","17:26:00",3,"IN",18,0,1.75,0,0,0,0,38.73,-86.47,38.73,-86.47,0,0,0,0,0,93,0,0,0
666934,2022,5,19,"2022-05-19","17:30:00",3,"KY",21,0,1.25,0,0,1000,0,37.5,-83.46,37.5,-83.46,0,0,0,0,0,25,0,0,0
666935,2022,5,19,"2022-05-19","17:30:00",3,"TN",47,0,1.5,0,0,0,0,36.43,-82.52,36.43,-82.52,0,0,0,0,0,179,0,0,0
666936,2022,5,19,"2022-05-19","17:31:00",3,"TN",47,0,1.75,0,0,0,0,36.41,-82.48,36.41,-82.48,0,0,0,0,0,179,0,0,0
666937,2022,5,19,"2022-05-19","17:34:00",3,"TN",47,0,1.25,0,0,0,0,36.44,-82.46,36.44,-82.46,0,0,0,0,0,179,0,0,0
666938,2022,5,19,"2022-05-19","17:34:00",3,"KY",21,0,1,0,0,0,0,37.53,-83.43,37.53,-83.43,0,0,0,0,0,25,0,0,0
666939,2022,5,19,"2022-05-19","17:40:00",3,"KY",21,0,2,0,0,0,0,37.5598,-83.3937,37.5598,-83.3937,0,0,0,0,0,25,0,0,0
666940,2022,5,19,"2022-05-19","17:40:00",3,"KY",21,0,1.75,0,0,0,0,39.0626,-84.8431,39.0626,-84.8431,0,0,0,0,0,15,0,0,0
666941,2022,5,19,"2022-05-19","17:43:00",3,"KY",21,0,1.25,0,0,0,0,37.5339,-83.3636,37.5339,-83.3636,0,0,0,0,0,25,0,0,0
666942,2022,5,19,"2022-05-19","17:44:00",3,"KY",21,0,2,0,0,3000,0,37.5422,-83.416,37.5422,-83.416,0,0,0,0,0,25,0,0,0
666943,2022,5,19,"2022-05-19","17:45:00",3,"KY",21,0,1.5,0,0,0,0,37.561,-83.3844,37.561,-83.3844,0,0,0,0,0,25,0,0,0
666944,2022,5,19,"2022-05-19","17:45:00",3,"KY",21,0,1,0,0,0,0,37.5544,-83.3765,37.5544,-83.3765,0,0,0,0,0,25,0,0,0
666945,2022,5,19,"2022-05-19","17:47:00",3,"KY",21,0,1.25,0,0,0,0,37.57,-83.38,37.57,-83.38,0,0,0,0,0,25,0,0,0
666946,2022,5,19,"2022-05-19","17:55:00",3,"KY",21,0,1.25,0,0,0,0,37.785,-85.4,37.785,-85.4,0,0,0,0,0,179,0,0,0
666947,2022,5,19,"2022-05-19","17:55:00",3,"KY",21,0,0.75,0,0,0,0,39.07,-84.7,39.07,-84.7,0,0,0,0,0,15,0,0,0
666948,2022,5,19,"2022-05-19","18:02:00",3,"IN",18,0,1.25,0,0,0,0,38.43,-86.4,38.43,-86.4,0,0,0,0,0,117,0,0,0
666949,2022,5,19,"2022-05-19","18:14:00",3,"IN",18,0,1,0,0,0,0,38.46,-86.31,38.46,-86.31,0,0,0,0,0,117,0,0,0
666950,2022,5,19,"2022-05-19","18:24:00",3,"VA",51,0,0.88,0,0,0,0,37.2249,-80.4024,37.2249,-80.4024,0,0,0,0,0,121,0,0,0
666951,2022,5,19,"2022-05-19","18:37:00",3,"MN",27,0,0.88,0,0,0,0,43.95,-92.47,43.95,-92.47,0,0,0,0,0,109,0,0,0
666952,2022,5,19,"2022-05-19","18:45:00",3,"KY",21,0,1,0,0,0,0,37.4975,-82.8423,37.4975,-82.8423,0,0,0,0,0,71,0,0,0
666953,2022,5,19,"2022-05-19","18:52:00",3,"KY",21,0,1,0,0,0,0,37.49,-82.78,37.49,-82.78,0,0,0,0,0,71,0,0,0
666954,2022,5,19,"2022-05-19","18:54:00",3,"KY",21,0,1,0,0,0,0,37.5123,-82.7569,37.5123,-82.7569,0,0,0,0,0,71,0,0,0
666955,2022,5,19,"2022-05-19","19:02:00",3,"KY",21,0,1,0,0,0,0,37.823,-84.8566,37.823,-84.8566,0,0,0,0,0,167,0,0,0
666956,2022,5,19,"2022-05-19","19:03:00",3,"KY",21,0,1.75,0,0,0,0,37.7847,-84.7698,37.7847,-84.7698,0,0,0,0,0,167,0,0,0
666957,2022,5,19,"2022-05-19","19:08:00",3,"KY",21,0,2.75,0,0,0,0,37.8379,-84.8105,37.8379,-84.8105,0,0,0,0,0,167,0,0,0
666958,2022,5,19,"2022-05-19","19:13:00",3,"IN",18,0,1.25,0,0,0,0,38.67,-85.95,38.67,-85.95,0,0,0,0,0,175,0,0,0
666959,2022,5,19,"2022-05-19","19:20:00",3,"WI",55,0,1,0,0,0,0,43.82,-91.19,43.82,-91.19,0,0,0,0,0,63,0,0,0
666960,2022,5,19,"2022-05-19","19:20:00",3,"WI",55,0,0.88,0,0,0,0,43.81,-91.22,43.81,-91.22,0,0,0,0,0,63,0,0,0
666961,2022,5,19,"2022-05-19","19:27:00",3,"VA",51,0,0.88,0,0,0,0,36.9808,-79.3803,36.9808,-79.3803,0,0,0,0,0,143,0,0,0
666962,2022,5,19,"2022-05-19","19:28:00",3,"WI",55,0,1,0,0,0,0,43.77,-91.22,43.77,-91.22,0,0,0,0,0,63,0,0,0
666963,2022,5,19,"2022-05-19","19:29:00",3,"WI",55,0,1,0,0,0,0,43.79,-91.22,43.79,-91.22,0,0,0,0,0,63,0,0,0
666964,2022,5,19,"2022-05-19","19:30:00",3,"KY",21,0,2.75,0,0,0,0,37.8631,-84.6609,37.8631,-84.6609,0,0,0,0,0,113,0,0,0
666965,2022,5,19,"2022-05-19","19:30:00",3,"KY",21,0,2,0,0,0,0,37.8659,-84.6587,37.8659,-84.6587,0,0,0,0,0,113,0,0,0
666966,2022,5,19,"2022-05-19","19:35:00",3,"MN",27,0,1.25,0,0,0,0,43.75,-91.36,43.75,-91.36,0,0,0,0,0,55,0,0,0
666967,2022,5,19,"2022-05-19","19:40:00",3,"WI",55,0,1.25,0,0,0,0,43.78,-91.07,43.78,-91.07,0,0,0,0,0,63,0,0,0
666968,2022,5,19,"2022-05-19","19:42:00",3,"WI",55,0,1,0,0,0,0,43.81,-91.25,43.81,-91.25,0,0,0,0,0,63,0,0,0
666969,2022,5,19,"2022-05-19","19:42:00",3,"MN",27,0,1,0,0,0,0,43.88,-91.48,43.88,-91.48,0,0,0,0,0,169,0,0,0
666970,2022,5,19,"2022-05-19","19:51:00",3,"WI",55,0,0.88,0,0,0,0,43.77,-91.16,43.77,-91.16,0,0,0,0,0,63,0,0,0
666971,2022,5,19,"2022-05-19","19:55:00",3,"WI",55,0,0.75,0,0,0,0,43.97,-90.38,43.97,-90.38,0,0,0,0,0,81,0,0,0
666972,2022,5,19,"2022-05-19","20:03:00",3,"KY",21,0,1,0,0,0,0,37.9665,-84.4482,37.9665,-84.4482,0,0,0,0,0,67,0,0,0
666973,2022,5,19,"2022-05-19","20:07:00",3,"WI",55,0,1,0,0,0,0,43.66,-90.86,43.66,-90.86,0,0,0,0,0,123,0,0,0
666974,2022,5,19,"2022-05-19","20:08:00",3,"NC",37,0,1,0,0,0,0,35.87,-80.1399,35.87,-80.1399,0,0,0,0,0,57,0,0,0
666975,2022,5,19,"2022-05-19","20:10:00",3,"KY",21,0,1.75,0,0,0,0,37.9916,-84.3802,37.9916,-84.3802,0,0,0,0,0,67,0,0,0
666976,2022,5,19,"2022-05-19","20:10:00",3,"NC",37,0,1.25,0,0,0,0,35.86,-80.67,35.86,-80.67,0,0,0,0,0,59,0,0,0
666977,2022,5,19,"2022-05-19","20:12:00",3,"KY",21,0,3,0,0,0,0,38.0089,-84.3598,38.0089,-84.3598,0,0,0,0,0,67,0,0,0
666978,2022,5,19,"2022-05-19","20:12:00",3,"KY",21,0,1.5,0,0,0,0,38.2996,-85.2657,38.2996,-85.2657,0,0,0,0,0,211,0,0,0
666979,2022,5,19,"2022-05-19","20:15:00",3,"NC",37,0,1,0,0,0,0,35.8963,-80.0706,35.8963,-80.0706,0,0,0,0,0,57,0,0,0
666980,2022,5,19,"2022-05-19","20:17:00",3,"NC",37,0,1,0,0,0,0,35.858,-80.0728,35.858,-80.0728,0,0,0,0,0,57,0,0,0
666981,2022,5,19,"2022-05-19","20:19:00",3,"WI",55,0,1,0,0,0,0,43.96,-91.26,43.96,-91.26,0,0,0,0,0,63,0,0,0
666982,2022,5,19,"2022-05-19","20:20:00",3,"WI",55,0,1.75,0,0,405000,0,43.97,-91.26,43.97,-91.26,0,0,0,0,0,63,0,0,0
666983,2022,5,19,"2022-05-19","20:20:00",3,"WI",55,0,1,0,0,0,0,43.93,-91.24,43.93,-91.24,0,0,0,0,0,63,0,0,0
666984,2022,5,19,"2022-05-19","20:21:00",3,"NC",37,0,1,0,0,0,0,35.8707,-80.089,35.8707,-80.089,0,0,0,0,0,57,0,0,0
666985,2022,5,19,"2022-05-19","20:26:00",3,"KY",21,0,1.75,0,0,0,0,38.3139,-85.1162,38.3139,-85.1162,0,0,0,0,0,211,0,0,0
666986,2022,5,19,"2022-05-19","20:26:00",3,"NC",37,0,1.5,0,0,0,0,35.8886,-79.9902,35.8886,-79.9902,0,0,0,0,0,151,0,0,0
666987,2022,5,19,"2022-05-19","20:29:00",3,"KY",21,0,1.5,0,0,0,0,38.02,-84.21,38.02,-84.21,0,0,0,0,0,49,0,0,0
666988,2022,5,19,"2022-05-19","20:32:00",3,"KY",21,0,2,0,0,0,0,38.3619,-85.1215,38.3619,-85.1215,0,0,0,0,0,103,0,0,0
666989,2022,5,19,"2022-05-19","20:38:00",3,"WI",55,0,1,0,0,0,0,43.9,-91.11,43.9,-91.11,0,0,0,0,0,63,0,0,0
666990,2022,5,19,"2022-05-19","20:39:00",3,"NC",37,0,1,0,0,0,0,35.7858,-80.4174,35.7858,-80.4174,0,0,0,0,0,57,0,0,0
666991,2022,5,19,"2022-05-19","21:43:00",3,"KY",21,0,3,0,0,0,0,38.5209,-84.3841,38.5209,-84.3841,0,0,0,0,0,97,0,0,0
666992,2022,5,19,"2022-05-19","21:48:00",3,"KY",21,0,1,0,0,0,0,38.68,-84.07,38.68,-84.07,0,0,0,0,0,23,0,0,0
666993,2022,5,19,"2022-05-19","21:58:00",3,"KY",21,0,1,0,0,0,0,38.65,-83.97,38.65,-83.97,0,0,0,0,0,23,0,0,0
666994,2022,5,19,"2022-05-19","22:17:00",3,"NC",37,0,1,0,0,0,0,35.7044,-78.9194,35.7044,-78.9194,0,0,0,0,0,183,0,0,0
666995,2022,5,19,"2022-05-19","22:28:00",3,"IA",19,0,1,0,0,0,0,42.2,-95.68,42.2,-95.68,0,0,0,0,0,133,0,0,0
666996,2022,5,19,"2022-05-19","22:40:00",3,"NC",37,0,1,0,0,0,0,35.6707,-78.6715,35.6707,-78.6715,0,0,0,0,0,183,0,0,0
666997,2022,5,19,"2022-05-19","22:48:00",3,"NC",37,0,1,0,0,0,0,35.6704,-78.5883,35.6704,-78.5883,0,0,0,0,0,183,0,0,0
666998,2022,5,19,"2022-05-19","22:49:00",3,"IA",19,0,1,0,0,0,0,42.33,-95.44,42.33,-95.44,0,0,0,0,0,93,0,0,0
666999,2022,5,20,"2022-05-20","05:20:00",3,"IA",19,0,1,0,0,0,0,40.4,-91.4,40.4,-91.4,0,0,0,0,0,111,0,0,0
667000,2022,5,20,"2022-05-20","11:00:00",3,"WI",55,0,0.88,0,0,0,0,44.46,-87.72,44.46,-87.72,0,0,0,0,0,61,0,0,0
667001,2022,5,20,"2022-05-20","11:46:00",3,"PA",42,0,1,0,0,0,0,40.2707,-76.1243,40.2707,-76.1243,0,0,0,0,0,71,0,0,0
667002,2022,5,20,"2022-05-20","12:06:00",3,"PA",42,0,1,0,0,0,0,40.27,-75.89,40.27,-75.89,0,0,0,0,0,11,0,0,0
667003,2022,5,20,"2022-05-20","12:28:00",3,"FL",12,0,1,0,0,0,0,27.3183,-80.2645,27.3183,-80.2645,0,0,0,0,0,111,0,0,0
667004,2022,5,20,"2022-05-20","12:33:00",3,"PA",42,0,1,0,0,0,0,40.33,-75.64,40.33,-75.64,0,0,0,0,0,11,0,0,0
667005,2022,5,20,"2022-05-20","12:50:00",3,"PA",42,0,1,0,0,0,0,39.87,-75.42,39.87,-75.42,0,0,0,0,0,45,0,0,0
667006,2022,5,20,"2022-05-20","12:54:00",3,"PA",42,0,1.25,0,0,0,0,39.9,-75.35,39.9,-75.35,0,0,0,0,0,45,0,0,0
667007,2022,5,20,"2022-05-20","12:55:00",3,"PA",42,0,0.88,0,0,0,0,39.89,-75.33,39.89,-75.33,0,0,0,0,0,45,0,0,0
667008,2022,5,20,"2022-05-20","12:57:00",3,"PA",42,0,1.5,0,0,0,0,40.4,-75.83,40.4,-75.83,0,0,0,0,0,11,0,0,0
667009,2022,5,20,"2022-05-20","12:57:00",3,"PA",42,0,1,0,0,0,0,39.87,-75.43,39.87,-75.43,0,0,0,0,0,45,0,0,0
667010,2022,5,20,"2022-05-20","13:00:00",3,"PA",42,0,1,0,0,0,0,39.96,-75.27,39.96,-75.27,0,0,0,0,0,45,0,0,0
667011,2022,5,20,"2022-05-20","13:00:00",3,"PA",42,0,1.5,0,0,0,0,39.9,-75.33,39.9,-75.33,0,0,0,0,0,45,0,0,0
667012,2022,5,20,"2022-05-20","13:01:00",3,"PA",42,0,0.88,0,0,0,0,39.92,-75.3,39.92,-75.3,0,0,0,0,0,45,0,0,0
667013,2022,5,20,"2022-05-20","13:02:00",3,"PA",42,0,0.88,0,0,0,0,39.93,-75.3,39.93,-75.3,0,0,0,0,0,45,0,0,0
667014,2022,5,20,"2022-05-20","13:04:00",3,"PA",42,0,0.75,0,0,0,0,39.91,-75.31,39.91,-75.31,0,0,0,0,0,45,0,0,0
667015,2022,5,20,"2022-05-20","13:10:00",3,"PA",42,0,0.75,0,0,0,0,39.92,-75.17,39.92,-75.17,0,0,0,0,0,101,0,0,0
667016,2022,5,20,"2022-05-20","13:15:00",3,"PA",42,0,1.25,0,0,0,0,39.93,-75.18,39.93,-75.18,0,0,0,0,0,101,0,0,0
667017,2022,5,20,"2022-05-20","13:15:00",3,"PA",42,0,0.88,0,0,0,0,39.91,-75.18,39.91,-75.18,0,0,0,0,0,101,0,0,0
667018,2022,5,20,"2022-05-20","13:15:00",3,"NJ",34,0,0.75,0,0,0,0,39.95,-75.12,39.95,-75.12,0,0,0,0,0,7,0,0,0
667019,2022,5,20,"2022-05-20","13:16:00",3,"PA",42,0,1,0,0,0,0,39.93,-75.15,39.93,-75.15,0,0,0,0,0,101,0,0,0
667020,2022,5,20,"2022-05-20","13:20:00",3,"PA",42,0,1,0,0,0,0,39.91,-75.17,39.91,-75.17,0,0,0,0,0,101,0,0,0
667021,2022,5,20,"2022-05-20","13:25:00",3,"MI",26,0,1,0,0,0,0,44.98,-85.05,44.98,-85.05,0,0,0,0,0,9,0,0,0
667022,2022,5,20,"2022-05-20","13:34:00",3,"NJ",34,0,0.75,0,0,0,0,40.02,-74.95,40.02,-74.95,0,0,0,0,0,5,0,0,0
667023,2022,5,20,"2022-05-20","13:35:00",3,"MI",26,0,2.5,0,0,30000,0,45.06,-84.89,45.06,-84.89,0,0,0,0,0,9,0,0,0
667024,2022,5,20,"2022-05-20","13:37:00",3,"MI",26,0,1.75,0,0,0,0,45.06,-84.89,45.06,-84.89,0,0,0,0,0,9,0,0,0
667025,2022,5,20,"2022-05-20","13:39:00",3,"MI",26,0,2,0,0,0,0,45.06,-84.85,45.06,-84.85,0,0,0,0,0,137,0,0,0
667026,2022,5,20,"2022-05-20","13:45:00",3,"MI",26,0,1,0,0,0,0,45.09,-84.75,45.09,-84.75,0,0,0,0,0,137,0,0,0
667027,2022,5,20,"2022-05-20","13:49:00",3,"MI",26,0,0.88,0,0,0,0,45.14,-84.63,45.14,-84.63,0,0,0,0,0,137,0,0,0
667028,2022,5,20,"2022-05-20","13:53:00",3,"PA",42,0,1,0,0,0,0,39.88,-75.34,39.88,-75.34,0,0,0,0,0,45,0,0,0
667029,2022,5,20,"2022-05-20","13:58:00",3,"MI",26,0,1.75,0,0,0,0,46.01,-84.42,46.01,-84.42,0,0,0,0,0,97,0,0,0
667030,2022,5,20,"2022-05-20","14:05:00",3,"NJ",34,0,1.25,0,0,0,0,39.89,-74.92,39.89,-74.92,0,0,0,0,0,5,0,0,0
667031,2022,5,20,"2022-05-20","14:15:00",3,"MI",26,0,1.5,0,0,0,0,45.2,-84.19,45.2,-84.19,0,0,0,0,0,141,0,0,0
667032,2022,5,20,"2022-05-20","14:27:00",3,"NJ",34,0,1,0,0,0,0,39.93,-75.03,39.93,-75.03,0,0,0,0,0,7,0,0,0
667033,2022,5,20,"2022-05-20","14:30:00",3,"NJ",34,0,1.5,0,0,0,0,39.9,-74.97,39.9,-74.97,0,0,0,0,0,7,0,0,0
667034,2022,5,20,"2022-05-20","14:35:00",3,"NJ",34,0,0.88,0,0,0,0,39.89,-74.92,39.89,-74.92,0,0,0,0,0,5,0,0,0
667035,2022,5,20,"2022-05-20","14:37:00",3,"NJ",34,0,2.5,0,0,0,0,39.93,-75.03,39.93,-75.03,0,0,0,0,0,7,0,0,0
667036,2022,5,20,"2022-05-20","14:38:00",3,"MI",26,0,2,0,0,0,0,45.3,-83.9,45.3,-83.9,0,0,0,0,0,141,0,0,0
667037,2022,5,20,"2022-05-20","14:40:00",3,"NJ",34,0,0.88,0,0,0,0,39.89,-74.92,39.89,-74.92,0,0,0,0,0,5,0,0,0
667038,2022,5,20,"2022-05-20","14:40:00",3,"NJ",34,0,1.25,0,0,0,0,39.85,-74.99,39.85,-74.99,0,0,0,0,0,7,0,0,0
667039,2022,5,20,"2022-05-20","14:40:00",3,"NJ",34,0,1,0,0,0,0,39.93,-75.03,39.93,-75.03,0,0,0,0,0,7,0,0,0
667040,2022,5,20,"2022-05-20","14:42:00",3,"NJ",34,0,1,0,0,0,0,39.9,-74.92,39.9,-74.92,0,0,0,0,0,5,0,0,0
667041,2022,5,20,"2022-05-20","14:43:00",3,"NJ",34,0,1,0,0,0,0,39.86,-74.95,39.86,-74.95,0,0,0,0,0,7,0,0,0
667042,2022,5,20,"2022-05-20","14:45:00",3,"NJ",34,0,1.25,0,0,0,0,39.89,-74.92,39.89,-74.92,0,0,0,0,0,5,0,0,0
667043,2022,5,20,"2022-05-20","14:45:00",3,"NJ",34,0,1.5,0,0,0,0,39.89,-74.91,39.89,-74.91,0,0,0,0,0,5,0,0,0
667044,2022,5,20,"2022-05-20","14:45:00",3,"MI",26,0,2.75,0,0,0,0,45.26,-83.7,45.26,-83.7,0,0,0,0,0,141,0,0,0
667045,2022,5,20,"2022-05-20","14:45:00",3,"NJ",34,0,0.88,0,0,0,0,39.89,-74.86,39.89,-74.86,0,0,0,0,0,5,0,0,0
667046,2022,5,20,"2022-05-20","14:47:00",3,"NJ",34,0,1.5,0,0,0,0,39.83,-74.95,39.83,-74.95,0,0,0,0,0,7,0,0,0
667047,2022,5,20,"2022-05-20","14:50:00",3,"MI",26,0,3,0,0,0,0,45.33,-83.49,45.33,-83.49,0,0,0,0,0,141,0,0,0
667048,2022,5,20,"2022-05-20","14:52:00",3,"NJ",34,0,1,0,0,0,0,39.83,-74.94,39.83,-74.94,0,0,0,0,0,7,0,0,0
667049,2022,5,20,"2022-05-20","14:55:00",3,"NJ",34,0,1,0,0,0,0,39.84,-74.93,39.84,-74.93,0,0,0,0,0,7,0,0,0
667050,2022,5,20,"2022-05-20","14:57:00",3,"MI",26,0,2,0,0,0,0,45.31,-83.52,45.31,-83.52,0,0,0,0,0,141,0,0,0
667051,2022,5,20,"2022-05-20","15:05:00",3,"NJ",34,0,2,0,0,0,0,39.79,-74.77,39.79,-74.77,0,0,0,0,0,5,0,0,0
667052,2022,5,20,"2022-05-20","15:05:00",3,"NJ",34,0,1.5,0,0,0,0,39.82,-74.77,39.82,-74.77,0,0,0,0,0,5,0,0,0
667053,2022,5,20,"2022-05-20","15:12:00",3,"NJ",34,0,2.5,0,0,0,0,39.77,-74.71,39.77,-74.71,0,0,0,0,0,5,0,0,0
667054,2022,5,20,"2022-05-20","15:12:00",3,"NJ",34,0,1,0,0,0,0,39.78,-74.71,39.78,-74.71,0,0,0,0,0,5,0,0,0
667055,2022,5,20,"2022-05-20","15:25:00",3,"NJ",34,0,1.5,0,0,0,0,39.78,-74.71,39.78,-74.71,0,0,0,0,0,5,0,0,0
667056,2022,5,20,"2022-05-20","18:12:00",3,"TX",48,0,0.75,0,0,0,0,33.08,-99.25,33.08,-99.25,0,0,0,0,0,447,0,0,0
667057,2022,5,20,"2022-05-20","18:30:00",3,"TX",48,0,2.75,0,0,0,0,32.93,-99.23,32.93,-99.23,0,0,0,0,0,417,0,0,0
667058,2022,5,20,"2022-05-20","21:32:00",3,"MO",29,0,1,0,0,0,0,38.8092,-90.9222,38.8163,-90.8554,0,0,0,0,0,183,0,0,0
667059,2022,5,20,"2022-05-20","23:00:00",3,"MO",29,0,1.25,0,0,0,0,36.82,-93.99,36.82,-93.99,0,0,0,0,0,9,0,0,0
667060,2022,5,20,"2022-05-20","23:39:00",3,"AR",5,0,0.75,0,0,0,0,36.1655,-94.53,36.1655,-94.53,0,0,0,0,0,7,0,0,0
667061,2022,5,21,"2022-05-21","00:11:00",3,"SC",45,0,0.25,0,0,10,10,34.0495,-80.9403,34.0495,-80.9403,0,0,0,0,0,79,0,0,0
667062,2022,5,21,"2022-05-21","01:05:00",3,"MO",29,0,0.88,0,0,0,0,37.45,-92.64,37.45,-92.64,0,0,0,0,0,229,0,0,0
667063,2022,5,21,"2022-05-21","01:38:00",3,"MO",29,0,0.75,0,0,0,0,37.95,-91.71,37.95,-91.71,0,0,0,0,0,161,0,0,0
667064,2022,5,21,"2022-05-21","10:26:00",3,"SC",45,0,0.25,0,0,10,10,33.52,-80.9194,33.52,-80.9194,0,0,0,0,0,75,0,0,0
667065,2022,5,21,"2022-05-21","10:36:00",3,"SC",45,0,0.25,0,0,10,10,34.0145,-81.447,34.0145,-81.447,0,0,0,0,0,63,0,0,0
667066,2022,5,21,"2022-05-21","11:51:00",3,"SC",45,0,0.25,0,0,10,10,33.945,-81.1689,33.945,-81.1689,0,0,0,0,0,63,0,0,0
667067,2022,5,21,"2022-05-21","11:55:00",3,"SC",45,0,0.25,0,0,10,10,33.9604,-80.8705,33.9604,-80.8705,0,0,0,0,0,79,0,0,0
667068,2022,5,21,"2022-05-21","12:07:00",3,"SC",45,0,0.75,0,0,0,0,34.0396,-80.979,34.0396,-80.979,0,0,0,0,0,79,0,0,0
667069,2022,5,21,"2022-05-21","12:10:00",3,"SC",45,0,0.25,0,0,10,10,33.9573,-81.0594,33.9573,-81.0594,0,0,0,0,0,79,0,0,0
667070,2022,5,21,"2022-05-21","12:10:00",3,"NC",37,0,1,0,0,0,0,35.528,-82.838,35.528,-82.838,0,0,0,0,0,87,0,0,0
667071,2022,5,21,"2022-05-21","12:17:00",3,"NC",37,0,0.88,0,0,0,0,36.2608,-81.6287,36.2608,-81.6287,0,0,0,0,0,189,0,0,0
667072,2022,5,21,"2022-05-21","12:25:00",3,"SC",45,0,1,0,0,0,0,35.003,-80.946,35.003,-80.946,0,0,0,0,0,91,0,0,0
667073,2022,5,21,"2022-05-21","12:34:00",3,"KY",21,0,1,0,0,0,0,38.21,-84.81,38.21,-84.81,0,0,0,0,0,73,0,0,0
667074,2022,5,21,"2022-05-21","12:50:00",3,"OH",39,0,0.75,0,0,0,0,39.23,-84.2,39.23,-84.2,0,0,0,0,0,25,0,0,0
667075,2022,5,21,"2022-05-21","12:52:00",3,"OH",39,0,1.25,0,0,0,0,39.72,-83.27,39.72,-83.27,0,0,0,0,0,97,0,0,0
667076,2022,5,21,"2022-05-21","12:53:00",3,"OH",39,0,0.88,0,0,0,0,39.17,-84.23,39.17,-84.23,0,0,0,0,0,25,0,0,0
667077,2022,5,21,"2022-05-21","12:58:00",3,"OH",39,0,1.25,0,0,0,0,39.72,-83.27,39.72,-83.27,0,0,0,0,0,97,0,0,0
667078,2022,5,21,"2022-05-21","13:00:00",3,"OH",39,0,0.75,0,0,0,0,39.73,-83.27,39.73,-83.27,0,0,0,0,0,97,0,0,0
667079,2022,5,21,"2022-05-21","13:03:00",3,"MS",28,0,1,0,0,0,0,32.13,-88.8,32.13,-88.8,0,0,0,0,0,23,0,0,0
667080,2022,5,21,"2022-05-21","13:04:00",3,"SC",45,0,0.75,0,0,0,0,34.43,-80.07,34.43,-80.07,0,0,0,0,0,31,0,0,0
667081,2022,5,21,"2022-05-21","13:05:00",3,"MO",29,0,1,0,0,0,0,36.27,-89.9,36.27,-89.9,0,0,0,0,0,155,0,0,0
667082,2022,5,21,"2022-05-21","13:10:00",3,"OH",39,0,1,0,0,0,0,40.7625,-82.6575,40.7625,-82.6575,0,0,0,0,0,139,0,0,0
667083,2022,5,21,"2022-05-21","13:10:00",3,"AR",5,0,0.75,0,0,0,0,36.0903,-90.4937,36.0903,-90.4937,0,0,0,0,0,55,0,0,0
667084,2022,5,21,"2022-05-21","13:13:00",3,"OH",39,0,0.75,0,0,0,0,39.32,-84.06,39.32,-84.06,0,0,0,0,0,165,0,0,0
667085,2022,5,21,"2022-05-21","13:16:00",3,"OH",39,0,0.75,0,0,0,0,39.86,-83.07,39.86,-83.07,0,0,0,0,0,49,0,0,0
667086,2022,5,21,"2022-05-21","13:25:00",3,"MS",28,0,1,0,0,3000,0,32.31,-88.62,32.51,-88.51,0,0,0,0,0,75,0,0,0
667087,2022,5,21,"2022-05-21","13:28:00",3,"NC",37,0,0.88,0,0,0,0,35.31,-80.6,35.31,-80.6,0,0,0,0,0,25,0,0,0
667088,2022,5,21,"2022-05-21","13:30:00",3,"OH",39,0,1,0,0,0,0,40.8523,-82.5616,40.8523,-82.5616,0,0,0,0,0,139,0,0,0
667089,2022,5,21,"2022-05-21","13:30:00",3,"OH",39,0,1.25,0,0,0,0,39.01,-83.81,39.01,-83.81,0,0,0,0,0,15,0,0,0
667090,2022,5,21,"2022-05-21","13:32:00",3,"OH",39,0,1,0,0,0,0,39.98,-82.88,39.98,-82.88,0,0,0,0,0,49,0,0,0
667091,2022,5,21,"2022-05-21","13:35:00",3,"NC",37,0,0.75,0,0,0,0,36.551,-81.6086,36.551,-81.6086,0,0,0,0,0,9,0,0,0
667092,2022,5,21,"2022-05-21","13:36:00",3,"VA",51,0,0.75,0,0,0,0,36.9802,-80.3896,36.9802,-80.3896,0,0,0,0,0,63,0,0,0
667093,2022,5,21,"2022-05-21","13:41:00",3,"OH",39,0,1,0,0,0,0,39.97,-82.88,39.97,-82.88,0,0,0,0,0,49,0,0,0
667094,2022,5,21,"2022-05-21","13:47:00",3,"OH",39,0,1,0,0,0,0,39.05,-84.05,39.05,-84.05,0,0,0,0,0,25,0,0,0
667095,2022,5,21,"2022-05-21","13:49:00",3,"MS",28,0,1,0,0,0,0,31.35,-89.26,31.3554,-89.2601,0,0,0,0,0,35,0,0,0
667096,2022,5,21,"2022-05-21","13:50:00",3,"OH",39,0,0.88,0,0,0,0,39.64,-84.16,39.64,-84.16,0,0,0,0,0,113,0,0,0
667097,2022,5,21,"2022-05-21","13:50:00",3,"MO",29,0,1,0,0,0,0,36.23,-90.07,36.23,-90.07,0,0,0,0,0,69,0,0,0
667098,2022,5,21,"2022-05-21","13:53:00",3,"NC",37,0,1.25,0,0,0,0,35.57,-80.58,35.57,-80.58,0,0,0,0,0,159,0,0,0
667099,2022,5,21,"2022-05-21","14:00:00",3,"KY",21,0,1,0,0,0,0,36.88,-88.77,36.88,-88.77,0,0,0,0,0,83,0,0,0
667100,2022,5,21,"2022-05-21","14:02:00",3,"NY",36,0,1.25,0,0,0,0,43.55,-75.44,43.55,-75.44,0,0,0,0,0,49,0,0,0
667101,2022,5,21,"2022-05-21","14:05:00",3,"NY",36,0,1,0,0,0,0,43.29,-76.14,43.29,-76.14,0,0,0,0,0,75,0,0,0
667102,2022,5,21,"2022-05-21","14:09:00",3,"OH",39,0,0.88,0,0,0,0,39.01,-83.81,39.01,-83.81,0,0,0,0,0,15,0,0,0
667103,2022,5,21,"2022-05-21","14:10:00",3,"NY",36,0,1.25,0,0,0,0,43.29,-76.14,43.29,-76.14,0,0,0,0,0,75,0,0,0
667104,2022,5,21,"2022-05-21","14:12:00",3,"NY",36,0,1,0,0,0,0,43.58,-75.35,43.58,-75.35,0,0,0,0,0,49,0,0,0
667105,2022,5,21,"2022-05-21","14:14:00",3,"TX",48,0,1,0,0,0,0,30.74,-99.23,30.74,-99.23,0,0,0,0,0,319,0,0,0
667106,2022,5,21,"2022-05-21","14:15:00",3,"OH",39,0,1,0,0,0,0,41.4911,-81.33,41.4911,-81.33,0,0,0,0,0,55,0,0,0
667107,2022,5,21,"2022-05-21","14:15:00",3,"TN",47,0,1,0,0,0,0,35.92,-83.03,35.92,-83.03,0,0,0,0,0,29,0,0,0
667108,2022,5,21,"2022-05-21","14:16:00",3,"OH",39,0,1.75,0,0,0,0,41.4734,-81.33,41.4734,-81.33,0,0,0,0,0,55,0,0,0
667109,2022,5,21,"2022-05-21","14:18:00",3,"OH",39,0,1.25,0,0,0,0,41.4607,-81.289,41.4607,-81.289,0,0,0,0,0,55,0,0,0
667110,2022,5,21,"2022-05-21","14:18:00",3,"TN",47,0,1,0,0,0,0,36.17,-82.73,36.17,-82.73,0,0,0,0,0,59,0,0,0
667111,2022,5,21,"2022-05-21","14:22:00",3,"OH",39,0,0.88,0,0,0,0,40.66,-84.03,40.66,-84.03,0,0,0,0,0,3,0,0,0
667112,2022,5,21,"2022-05-21","14:24:00",3,"OH",39,0,0.75,0,0,0,0,40.9592,-83.7844,40.9592,-83.7844,0,0,0,0,0,63,0,0,0
667113,2022,5,21,"2022-05-21","14:24:00",3,"OH",39,0,0.75,0,0,0,0,41.5234,-81.3618,41.5234,-81.3618,0,0,0,0,0,55,0,0,0
667114,2022,5,21,"2022-05-21","14:28:00",3,"MO",29,0,1,0,0,0,0,38.1547,-91.243,38.1547,-91.243,0,0,0,0,0,55,0,0,0
667115,2022,5,21,"2022-05-21","14:31:00",3,"OH",39,0,1.75,0,0,0,0,41.5007,-81.191,41.5007,-81.191,0,0,0,0,0,55,0,0,0
667116,2022,5,21,"2022-05-21","14:39:00",3,"OH",39,0,2,0,0,0,0,41.5134,-81.15,41.5134,-81.15,0,0,0,0,0,55,0,0,0
667117,2022,5,21,"2022-05-21","14:40:00",3,"OH",39,0,0.75,0,0,0,0,40.24,-84.24,40.24,-84.24,0,0,0,0,0,149,0,0,0
667118,2022,5,21,"2022-05-21","14:49:00",3,"OH",39,0,0.75,0,0,0,0,41.73,-81.2112,41.73,-81.2112,0,0,0,0,0,85,0,0,0
667119,2022,5,21,"2022-05-21","14:50:00",3,"OH",39,0,1,0,0,0,0,40.9768,-83.478,40.9768,-83.478,0,0,0,0,0,63,0,0,0
667120,2022,5,21,"2022-05-21","14:53:00",3,"TN",47,0,1,0,0,0,0,36.45,-82.36,36.45,-82.36,0,0,0,0,0,163,0,0,0
667121,2022,5,21,"2022-05-21","15:00:00",3,"FL",12,0,0.75,0,0,0,0,30.38,-81.67,30.38,-81.67,0,0,0,0,0,31,0,0,0
667122,2022,5,21,"2022-05-21","15:07:00",3,"NC",37,0,0.88,0,0,0,0,35.8188,-78.9024,35.8188,-78.9024,0,0,0,0,0,183,0,0,0
667123,2022,5,21,"2022-05-21","15:10:00",3,"TN",47,0,0.88,0,0,0,0,36.22,-88.62,36.22,-88.62,0,0,0,0,0,183,0,0,0
667124,2022,5,21,"2022-05-21","15:13:00",3,"TN",47,0,1,0,0,0,0,36.27,-89.18,36.27,-89.18,0,0,0,0,0,131,0,0,0
667125,2022,5,21,"2022-05-21","15:17:00",3,"OH",39,0,1,0,0,0,0,39.9,-84.14,39.9,-84.14,0,0,0,0,0,109,0,0,0
667126,2022,5,21,"2022-05-21","15:18:00",3,"NY",36,0,1,0,0,0,0,44.95,-73.92,44.95,-73.92,0,0,0,0,0,19,0,0,0
667127,2022,5,21,"2022-05-21","15:19:00",3,"OH",39,0,1,0,0,0,0,39.9023,-84.0871,39.9023,-84.0871,0,0,0,0,0,109,0,0,0
667128,2022,5,21,"2022-05-21","15:20:00",3,"OH",39,0,0.88,0,0,0,0,39.86,-84.11,39.86,-84.11,0,0,0,0,0,113,0,0,0
667129,2022,5,21,"2022-05-21","15:20:00",3,"TN",47,0,1,0,0,0,0,36.31,-88.28,36.31,-88.28,0,0,0,0,0,79,0,0,0
667130,2022,5,21,"2022-05-21","15:20:00",3,"MO",29,0,0.75,0,0,0,0,36.07,-89.87,36.07,-89.87,0,0,0,0,0,155,0,0,0
667131,2022,5,21,"2022-05-21","15:20:00",3,"TN",47,0,1,0,0,0,0,36.2925,-88.3182,36.2925,-88.3182,0,0,0,0,0,79,0,0,0
667132,2022,5,21,"2022-05-21","15:22:00",3,"NC",37,0,1,0,0,0,0,36.3533,-78.917,36.3533,-78.917,0,0,0,0,0,145,0,0,0
667133,2022,5,21,"2022-05-21","15:25:00",3,"VT",50,0,1,0,0,0,0,44.98,-73.3,44.98,-73.3,0,0,0,0,0,13,0,0,0
667134,2022,5,21,"2022-05-21","15:25:00",3,"TN",47,0,1,0,0,0,0,36.23,-88.83,36.23,-88.83,0,0,0,0,0,183,0,0,0
667135,2022,5,21,"2022-05-21","15:27:00",3,"NC",37,0,1,0,0,0,0,35.8488,-78.8267,35.8488,-78.8267,0,0,0,0,0,183,0,0,0
667136,2022,5,21,"2022-05-21","15:28:00",3,"FL",12,0,0.75,0,0,0,0,30.31,-81.68,30.31,-81.68,0,0,0,0,0,31,0,0,0
667137,2022,5,21,"2022-05-21","15:32:00",3,"TX",48,0,1.5,0,0,0,0,31.6,-98.19,31.6,-98.19,0,0,0,0,0,193,0,0,0
667138,2022,5,21,"2022-05-21","15:35:00",3,"SC",45,0,0.88,0,0,0,0,33.5174,-80.1897,33.5174,-80.1897,0,0,0,0,0,27,0,0,0
667139,2022,5,21,"2022-05-21","15:36:00",3,"VT",50,0,1.25,0,0,0,0,44.9956,-73.0888,44.9956,-73.0888,0,0,0,0,0,11,0,0,0
667140,2022,5,21,"2022-05-21","15:40:00",3,"TN",47,0,0.88,0,0,0,0,36.48,-87.83,36.48,-87.83,0,0,0,0,0,161,0,0,0
667141,2022,5,21,"2022-05-21","15:54:00",3,"TX",48,0,1,0,0,0,0,30.25,-99.37,30.25,-99.37,0,0,0,0,0,265,0,0,0
667142,2022,5,21,"2022-05-21","16:02:00",3,"FL",12,0,1,0,0,0,0,28.65,-81.2,28.65,-81.2,0,0,0,0,0,117,0,0,0
667143,2022,5,21,"2022-05-21","16:04:00",3,"KY",21,0,0.88,0,0,0,0,36.85,-87.48,36.85,-87.48,0,0,0,0,0,47,0,0,0
667144,2022,5,21,"2022-05-21","16:05:00",3,"TX",48,0,1,0,0,0,0,32.2305,-97.339,32.2305,-97.339,0,0,0,0,0,251,0,0,0
667145,2022,5,21,"2022-05-21","16:12:00",3,"TX",48,0,0.75,0,0,0,0,30.26,-99.35,30.26,-99.35,0,0,0,0,0,265,0,0,0
667146,2022,5,21,"2022-05-21","16:15:00",3,"FL",12,0,1,0,0,0,0,28.76,-81.22,28.76,-81.22,0,0,0,0,0,117,0,0,0
667147,2022,5,21,"2022-05-21","16:17:00",3,"FL",12,0,1.25,0,0,0,0,28.76,-81.24,28.76,-81.24,0,0,0,0,0,117,0,0,0
667148,2022,5,21,"2022-05-21","16:19:00",3,"TX",48,0,1,0,0,0,0,30.26,-99.35,30.26,-99.35,0,0,0,0,0,265,0,0,0
667149,2022,5,21,"2022-05-21","16:20:00",3,"FL",12,0,1.25,0,0,0,0,28.79,-81.25,28.79,-81.25,0,0,0,0,0,117,0,0,0
667150,2022,5,21,"2022-05-21","16:26:00",3,"FL",12,0,1,0,0,0,0,28.97,-81.33,28.97,-81.33,0,0,0,0,0,127,0,0,0
667151,2022,5,21,"2022-05-21","16:30:00",3,"FL",12,0,1.25,0,0,0,0,28.98,-81.29,28.98,-81.29,0,0,0,0,0,127,0,0,0
667152,2022,5,21,"2022-05-21","16:31:00",3,"OH",39,0,1,0,0,0,0,41.6329,-81.4681,41.6329,-81.4681,0,0,0,0,0,85,0,0,0
667153,2022,5,21,"2022-05-21","16:38:00",3,"OH",39,0,1.25,0,0,0,0,41.6659,-81.443,41.6659,-81.443,0,0,0,0,0,85,0,0,0
667154,2022,5,21,"2022-05-21","16:40:00",3,"AR",5,0,0.75,0,0,0,0,35.38,-93.13,35.38,-93.13,0,0,0,0,0,115,0,0,0
667155,2022,5,21,"2022-05-21","16:40:00",3,"TX",48,0,0.88,0,0,0,0,30.17,-99.37,30.17,-99.37,0,0,0,0,0,265,0,0,0
667156,2022,5,21,"2022-05-21","16:45:00",3,"FL",12,0,1,0,0,0,0,29.04,-81.3,29.04,-81.3,0,0,0,0,0,127,0,0,0
667157,2022,5,21,"2022-05-21","16:45:00",3,"AR",5,0,1,0,0,0,0,36.23,-91.61,36.23,-91.61,0,0,0,0,0,135,0,0,0
667158,2022,5,21,"2022-05-21","16:50:00",3,"AR",5,0,1,0,0,0,0,35.58,-92.45,35.58,-92.45,0,0,0,0,0,141,0,0,0
667159,2022,5,21,"2022-05-21","16:50:00",3,"VT",50,0,0.88,0,0,0,0,44.82,-71.88,44.82,-71.88,0,0,0,0,0,9,0,0,0
667160,2022,5,21,"2022-05-21","17:02:00",3,"VA",51,0,1,0,0,0,0,37.47,-79.39,37.47,-79.39,0,0,0,0,0,19,0,0,0
667161,2022,5,21,"2022-05-21","17:05:00",3,"TX",48,0,1.5,0,0,0,0,30.0967,-99.3172,30.0967,-99.3172,0,0,0,0,0,265,0,0,0
667162,2022,5,21,"2022-05-21","17:05:00",3,"TX",48,0,1.25,0,0,0,0,30.1,-99.33,30.1,-99.33,0,0,0,0,0,265,0,0,0
667163,2022,5,21,"2022-05-21","17:10:00",3,"NH",33,0,1.5,0,0,2000,0,44.89,-71.49,44.89,-71.49,0,0,0,0,0,7,0,0,0
667164,2022,5,21,"2022-05-21","17:13:00",3,"OH",39,0,0.75,0,0,0,0,41.1099,-80.8612,41.1099,-80.8612,0,0,0,0,0,99,0,0,0
667165,2022,5,21,"2022-05-21","17:15:00",3,"OH",39,0,0.75,0,0,0,0,40.76,-80.94,40.76,-80.94,0,0,0,0,0,29,0,0,0
667166,2022,5,21,"2022-05-21","17:15:00",3,"AR",5,0,1,0,0,0,0,35.53,-90.42,35.53,-90.42,0,0,0,0,0,111,0,0,0
667167,2022,5,21,"2022-05-21","17:26:00",3,"NH",33,0,2,0,0,0,0,44.87,-71.3,44.87,-71.3,0,0,0,0,0,7,0,0,0
667168,2022,5,21,"2022-05-21","17:32:00",3,"FL",12,0,1,0,0,0,0,28.84,-81.62,28.84,-81.62,0,0,0,0,0,69,0,0,0
667169,2022,5,21,"2022-05-21","17:33:00",3,"FL",12,0,1,0,0,0,0,28.82,-81.73,28.82,-81.73,0,0,0,0,0,69,0,0,0
667170,2022,5,21,"2022-05-21","17:34:00",3,"AR",5,0,1.25,0,0,0,0,35.7,-91.62,35.7,-91.62,0,0,0,0,0,63,0,0,0
667171,2022,5,21,"2022-05-21","17:38:00",3,"AR",5,0,1,0,0,0,0,35.38,-92.71,35.38,-92.71,0,0,0,0,0,29,0,0,0
667172,2022,5,21,"2022-05-21","17:52:00",3,"AR",5,0,0.88,0,0,0,0,35.88,-90.16,35.88,-90.16,0,0,0,0,0,93,0,0,0
667173,2022,5,21,"2022-05-21","17:58:00",3,"AL",1,0,2,0,0,0,0,33.5443,-87.2014,33.5443,-87.2014,0,0,0,0,0,73,0,0,0
667174,2022,5,21,"2022-05-21","17:58:00",3,"AL",1,0,1.25,0,0,0,0,33.52,-87.24,33.52,-87.24,0,0,0,0,0,73,0,0,0
667175,2022,5,21,"2022-05-21","18:04:00",3,"TX",48,0,1,0,0,0,0,31.52,-97.09,31.52,-97.09,0,0,0,0,0,309,0,0,0
667176,2022,5,21,"2022-05-21","18:06:00",3,"NH",33,0,1.5,0,0,0,0,44.49,-71.56,44.49,-71.56,0,0,0,0,0,7,0,0,0
667177,2022,5,21,"2022-05-21","18:11:00",3,"PA",42,0,0.75,0,0,0,0,41.15,-80.16,41.15,-80.16,0,0,0,0,0,85,0,0,0
667178,2022,5,21,"2022-05-21","18:17:00",3,"TX",48,0,1,0,0,0,0,31.54,-97.07,31.54,-97.07,0,0,0,0,0,309,0,0,0
667179,2022,5,21,"2022-05-21","18:40:00",3,"TX",48,0,1.75,0,0,0,0,29.88,-99.25,29.88,-99.25,0,0,0,0,0,19,0,0,0
667180,2022,5,21,"2022-05-21","19:00:00",3,"MS",28,0,1.5,0,0,0,0,34.826,-90.2328,34.826,-90.2328,0,0,0,0,0,143,0,0,0
667181,2022,5,21,"2022-05-21","19:05:00",3,"TX",48,0,1.75,0,0,0,0,29.76,-99.19,29.76,-99.19,0,0,0,0,0,19,0,0,0
667182,2022,5,21,"2022-05-21","19:10:00",3,"MS",28,0,1,0,0,0,0,34.83,-90.15,34.83,-90.15,0,0,0,0,0,33,0,0,0
667183,2022,5,21,"2022-05-21","19:23:00",3,"TN",47,0,1,0,0,0,0,35.25,-87.33,35.25,-87.33,0,0,0,0,0,99,0,0,0
667184,2022,5,21,"2022-05-21","19:25:00",3,"TN",47,0,0.75,0,0,0,0,35.25,-87.33,35.25,-87.33,0,0,0,0,0,99,0,0,0
667185,2022,5,21,"2022-05-21","19:30:00",3,"TX",48,0,1.5,0,0,0,0,29.35,-99.14,29.35,-99.14,0,0,0,0,0,325,0,0,0
667186,2022,5,21,"2022-05-21","19:33:00",3,"TN",47,0,1,0,0,0,0,35.3633,-89.8973,35.3633,-89.8973,0,0,0,0,0,157,0,0,0
667187,2022,5,21,"2022-05-21","19:40:00",3,"TX",48,0,1.25,0,0,0,0,32.66,-94.65,32.66,-94.65,0,0,0,0,0,203,0,0,0
667188,2022,5,21,"2022-05-21","19:52:00",3,"TX",48,0,0.75,0,0,0,0,29.33,-99.07,29.33,-99.07,0,0,0,0,0,325,0,0,0
667189,2022,5,21,"2022-05-21","20:30:00",3,"NH",33,0,1.25,0,0,0,0,44.27,-71.23,44.27,-71.23,0,0,0,0,0,7,0,0,0
667190,2022,5,21,"2022-05-21","20:40:00",3,"TN",47,0,1,0,0,0,0,35.45,-88.3,35.45,-88.3,0,0,0,0,0,77,0,0,0
667191,2022,5,21,"2022-05-21","21:20:00",3,"AR",5,0,1,0,0,0,0,34.44,-92.18,34.44,-92.18,0,0,0,0,0,69,0,0,0
667192,2022,5,21,"2022-05-21","22:22:00",3,"TX",48,0,1,0,0,0,0,30.37,-97.74,30.37,-97.74,0,0,0,0,0,453,0,0,0
667193,2022,5,22,"2022-05-22","10:43:00",3,"TX",48,0,0.75,0,0,0,0,26.8572,-99.2538,26.8572,-99.2538,0,0,0,0,0,505,0,0,0
667194,2022,5,22,"2022-05-22","14:08:00",3,"ME",23,0,1,0,0,0,0,44.39,-70.69,44.39,-70.69,0,0,0,0,0,17,0,0,0
667195,2022,5,22,"2022-05-22","14:45:00",3,"ME",23,0,1.75,0,0,0,0,44.5,-70.21,44.5,-70.21,0,0,0,0,0,7,0,0,0
667196,2022,5,22,"2022-05-22","15:01:00",3,"ME",23,0,1.5,0,0,0,0,44.53,-70.03,44.53,-70.03,0,0,0,0,0,11,0,0,0
667197,2022,5,22,"2022-05-22","15:02:00",3,"VA",51,0,1,0,0,0,0,37.61,-79.24,37.61,-79.24,0,0,0,0,0,9,0,0,0
667198,2022,5,22,"2022-05-22","15:32:00",3,"AL",1,0,1,0,0,0,0,34.57,-87.1722,34.57,-87.1722,0,0,0,0,0,79,0,0,0
667199,2022,5,22,"2022-05-22","15:45:00",3,"PA",42,0,0.75,0,0,0,0,39.79,-75.98,39.79,-75.98,0,0,0,0,0,29,0,0,0
667200,2022,5,22,"2022-05-22","17:00:00",3,"NH",33,0,1,0,0,0,0,42.99,-71.81,42.99,-71.81,0,0,0,0,0,11,0,0,0
667201,2022,5,22,"2022-05-22","17:12:00",3,"ME",23,0,1,0,0,0,0,44.65,-69.17,44.65,-69.17,0,0,0,0,0,19,0,0,0
667202,2022,5,22,"2022-05-22","17:12:00",3,"ME",23,0,1,0,0,0,0,44.65,-69.17,44.65,-69.17,0,0,0,0,0,27,0,0,0
667203,2022,5,22,"2022-05-22","17:22:00",3,"NH",33,0,1.5,0,0,0,0,43.03,-71.6,43.03,-71.6,0,0,0,0,0,11,0,0,0
667204,2022,5,22,"2022-05-22","17:34:00",3,"NH",33,0,1.25,0,0,0,0,42.99,-72.13,42.99,-72.13,0,0,0,0,0,5,0,0,0
667205,2022,5,23,"2022-05-23","00:40:00",3,"SC",45,0,0.7,0,0,10,0,33.7174,-80.9109,33.7174,-80.9109,0,0,0,0,0,17,0,0,0
667206,2022,5,23,"2022-05-23","12:45:00",3,"SC",45,0,1,0,0,0,0,33.7509,-80.9113,33.7509,-80.9113,0,0,0,0,0,17,0,0,0
667207,2022,5,23,"2022-05-23","14:27:00",3,"GA",13,0,0.75,0,0,0,0,32.81,-81.97,32.81,-81.97,0,0,0,0,0,165,0,0,0
667208,2022,5,23,"2022-05-23","15:24:00",3,"NC",37,0,1,0,0,0,0,35.18,-77.7,35.18,-77.7,0,0,0,0,0,107,0,0,0
667209,2022,5,23,"2022-05-23","15:33:00",3,"NC",37,0,1,0,0,0,0,35.2,-77.56,35.2,-77.56,0,0,0,0,0,107,0,0,0
667210,2022,5,23,"2022-05-23","15:53:00",3,"TX",48,0,1,0,0,0,0,35.94,-102.43,35.94,-102.43,0,0,0,0,0,205,0,0,0
667211,2022,5,23,"2022-05-23","16:00:00",3,"TX",48,0,1.5,0,0,0,0,36.01,-102.37,36.01,-102.37,0,0,0,0,0,205,0,0,0
667212,2022,5,23,"2022-05-23","16:05:00",3,"NM",35,0,1,0,0,0,0,34.42,-103.26,34.42,-103.26,0,0,0,0,0,9,0,0,0
667213,2022,5,23,"2022-05-23","16:10:00",3,"NM",35,0,1,0,0,0,0,34.41,-103.2,34.41,-103.2,0,0,0,0,0,9,0,0,0
667214,2022,5,23,"2022-05-23","16:10:00",3,"NM",35,0,0.75,0,0,0,0,34.41,-103.18,34.41,-103.18,0,0,0,0,0,9,0,0,0
667215,2022,5,23,"2022-05-23","16:15:00",3,"NM",35,0,0.75,0,0,0,0,34.41,-103.2,34.41,-103.2,0,0,0,0,0,9,0,0,0
667216,2022,5,23,"2022-05-23","16:20:00",3,"NM",35,0,1,0,0,0,0,34.43,-103.18,34.43,-103.18,0,0,0,0,0,9,0,0,0
667217,2022,5,23,"2022-05-23","16:35:00",3,"NM",35,0,1.25,0,0,0,0,34.432,-103.183,34.432,-103.183,0,0,0,0,0,9,0,0,0
667218,2022,5,23,"2022-05-23","16:35:00",3,"NM",35,0,1,0,0,0,0,33.94,-103.16,33.94,-103.16,0,0,0,0,0,41,0,0,0
667219,2022,5,23,"2022-05-23","16:40:00",3,"NM",35,0,1.75,0,0,0,0,33.94,-103.18,33.94,-103.18,0,0,0,0,0,41,0,0,0
667220,2022,5,23,"2022-05-23","16:50:00",3,"TX",48,0,1.75,0,0,0,0,33.8729,-103.0112,33.8729,-103.0112,0,0,0,0,0,17,0,0,0
667221,2022,5,23,"2022-05-23","16:50:00",3,"NM",35,0,1,0,0,0,0,34.56,-103.05,34.56,-103.05,0,0,0,0,0,9,0,0,0
667222,2022,5,23,"2022-05-23","17:17:00",3,"TX",48,0,2.25,0,0,0,0,33.8445,-102.8839,33.8934,-102.9,0,0,0,0,0,17,0,0,0
667223,2022,5,23,"2022-05-23","17:18:00",3,"NM",35,0,1,0,0,0,0,36.45,-103.18,36.45,-103.18,0,0,0,0,0,59,0,0,0
667224,2022,5,23,"2022-05-23","17:33:00",3,"TX",48,0,2.5,0,0,0,0,34.52,-102.9,34.4946,-102.8853,0,0,0,0,0,369,0,0,0
667225,2022,5,23,"2022-05-23","19:20:00",3,"TX",48,0,1,0,0,0,0,26.9072,-99.2712,26.9072,-99.2712,0,0,0,0,0,505,0,0,0
667226,2022,5,23,"2022-05-23","19:30:00",3,"TX",48,0,1,0,0,0,0,27.86,-99.4,27.86,-99.4,0,0,0,0,0,479,0,0,0
667227,2022,5,23,"2022-05-23","19:38:00",3,"TX",48,0,1.75,0,0,0,0,27.98,-99.38,27.98,-99.38,0,0,0,0,0,479,0,0,0
667228,2022,5,23,"2022-05-23","19:40:00",3,"TX",48,0,1.75,0,0,0,0,27.98,-99.37,27.98,-99.37,0,0,0,0,0,479,0,0,0
667229,2022,5,23,"2022-05-23","19:55:00",3,"TX",48,0,1.5,0,0,0,0,28.03,-99.32,28.03,-99.32,0,0,0,0,0,479,0,0,0
667230,2022,5,23,"2022-05-23","20:22:00",3,"TX",48,0,1.75,0,0,0,0,33.6154,-102.3305,33.6154,-102.3305,0,0,0,0,0,219,0,0,0
667231,2022,5,23,"2022-05-23","20:51:00",3,"TX",48,0,1,0,0,0,0,33.6754,-102.1751,33.6754,-102.1751,0,0,0,0,0,219,0,0,0
667232,2022,5,23,"2022-05-23","21:00:00",3,"TX",48,0,1.75,0,0,5000,0,26.76,-98.4871,26.76,-98.4871,0,0,0,0,0,427,0,0,0
667233,2022,5,23,"2022-05-23","21:08:00",3,"TX",48,0,1,0,0,0,0,33.6933,-102.0673,33.6933,-102.0673,0,0,0,0,0,303,0,0,0
667234,2022,5,24,"2022-05-24","03:15:00",3,"TX",48,0,1.5,0,0,0,0,26.2459,-98.4782,26.2163,-98.3262,0,0,0,0,0,215,0,0,0
667235,2022,5,24,"2022-05-24","12:30:00",3,"NM",35,0,0.88,0,0,0,0,34,-104.57,34,-104.57,0,0,0,0,0,11,0,0,0
667236,2022,5,24,"2022-05-24","13:11:00",3,"NM",35,0,1,0,0,0,0,33.89,-104.59,33.89,-104.59,0,0,0,0,0,5,0,0,0
667237,2022,5,24,"2022-05-24","13:47:00",3,"GA",13,0,0.75,0,0,0,0,31.39,-83.87,31.39,-83.87,0,0,0,0,0,321,0,0,0
667238,2022,5,24,"2022-05-24","13:47:00",3,"GA",13,0,0.75,0,0,0,0,31.33,-83.86,31.33,-83.86,0,0,0,0,0,71,0,0,0
667239,2022,5,24,"2022-05-24","13:54:00",3,"NM",35,0,1.75,0,0,0,0,32.5693,-103.1564,32.5693,-103.1564,0,0,0,0,0,25,0,0,0
667240,2022,5,24,"2022-05-24","14:02:00",3,"NM",35,0,1,0,0,0,0,32.7134,-103.1234,32.7134,-103.1234,0,0,0,0,0,25,0,0,0
667241,2022,5,24,"2022-05-24","14:05:00",3,"NM",35,0,1.75,0,0,0,0,32.5599,-103.1397,32.5599,-103.1397,0,0,0,0,0,25,0,0,0
667242,2022,5,24,"2022-05-24","14:24:00",3,"NM",35,0,1,0,0,0,0,33.69,-103.78,33.69,-103.78,0,0,0,0,0,5,0,0,0
667243,2022,5,24,"2022-05-24","14:25:00",3,"TX",48,0,1.25,0,0,0,0,31.55,-101.08,31.55,-101.08,0,0,0,0,0,451,0,0,0
667244,2022,5,24,"2022-05-24","14:42:00",3,"TX",48,0,1,0,0,0,0,32.42,-102.83,32.42,-102.83,0,0,0,0,0,3,0,0,0
667245,2022,5,24,"2022-05-24","14:48:00",3,"TX",48,0,1,0,0,0,0,32.54,-102.82,32.54,-102.82,0,0,0,0,0,165,0,0,0
667246,2022,5,24,"2022-05-24","14:53:00",3,"TX",48,0,2.75,0,0,0,0,31.35,-100.8,31.35,-100.8,0,0,0,0,0,235,0,0,0
667247,2022,5,24,"2022-05-24","15:00:00",3,"TX",48,0,3,0,0,0,0,31.33,-100.75,31.33,-100.75,0,0,0,0,0,235,0,0,0
667248,2022,5,24,"2022-05-24","15:00:00",3,"TX",48,0,1.75,0,0,0,0,31.42,-100.73,31.42,-100.73,0,0,0,0,0,235,0,0,0
667249,2022,5,24,"2022-05-24","15:05:00",3,"TX",48,0,2.5,0,0,0,0,31.35,-100.8,31.35,-100.8,0,0,0,0,0,235,0,0,0
667250,2022,5,24,"2022-05-24","15:09:00",3,"TX",48,0,0.88,0,0,0,0,30.71,-101.2,30.71,-101.2,0,0,0,0,0,105,0,0,0
667251,2022,5,24,"2022-05-24","15:12:00",3,"TX",48,0,1.5,0,0,0,0,32.45,-102.66,32.45,-102.66,0,0,0,0,0,3,0,0,0
667252,2022,5,24,"2022-05-24","15:15:00",3,"TX",48,0,2.5,0,0,0,0,31.32,-100.64,31.32,-100.64,0,0,0,0,0,451,0,0,0
667253,2022,5,24,"2022-05-24","15:18:00",3,"TX",48,0,4,0,0,0,0,31.31,-100.63,31.31,-100.63,0,0,0,0,0,451,0,0,0
667254,2022,5,24,"2022-05-24","15:19:00",3,"TX",48,0,1,0,0,0,0,32.2637,-102.6356,32.2637,-102.6356,0,0,0,0,0,3,0,0,0
667255,2022,5,24,"2022-05-24","15:21:00",3,"TX",48,0,2.5,0,0,0,0,31.36,-100.64,31.36,-100.64,0,0,0,0,0,451,0,0,0
667256,2022,5,24,"2022-05-24","15:21:00",3,"GA",13,0,1,0,0,0,0,31.9,-83.77,31.9,-83.77,0,0,0,0,0,81,0,0,0
667257,2022,5,24,"2022-05-24","15:24:00",3,"TX",48,0,0.75,0,0,0,0,31.43,-100.51,31.43,-100.51,0,0,0,0,0,451,0,0,0
667258,2022,5,24,"2022-05-24","15:25:00",3,"TX",48,0,0.75,0,0,0,0,31.41,-100.5,31.41,-100.5,0,0,0,0,0,451,0,0,0
667259,2022,5,24,"2022-05-24","15:30:00",3,"TX",48,0,2.75,0,0,0,0,31.31,-100.63,31.31,-100.63,0,0,0,0,0,451,0,0,0
667260,2022,5,24,"2022-05-24","15:34:00",3,"TX",48,0,2.5,0,0,10000,0,32.3,-102.63,32.3,-102.63,0,0,0,0,0,3,0,0,0
667261,2022,5,24,"2022-05-24","15:38:00",3,"TX",48,0,0.75,0,0,0,0,31.4,-100.47,31.4,-100.47,0,0,0,0,0,451,0,0,0
667262,2022,5,24,"2022-05-24","15:42:00",3,"TX",48,0,2.5,0,0,0,0,31.26,-100.47,31.26,-100.47,0,0,0,0,0,451,0,0,0
667263,2022,5,24,"2022-05-24","15:43:00",3,"TX",48,0,0.75,0,0,0,0,31.67,-99.49,31.67,-99.49,0,0,0,0,0,83,0,0,0
667264,2022,5,24,"2022-05-24","15:45:00",3,"TX",48,0,1.25,0,0,0,0,31.29,-100.44,31.29,-100.44,0,0,0,0,0,451,0,0,0
667265,2022,5,24,"2022-05-24","15:47:00",3,"TX",48,0,0.75,0,0,0,0,31.67,-99.46,31.67,-99.46,0,0,0,0,0,83,0,0,0
667266,2022,5,24,"2022-05-24","15:57:00",3,"TX",48,0,0.75,0,0,0,0,31.28,-100.29,31.28,-100.29,0,0,0,0,0,451,0,0,0
667267,2022,5,24,"2022-05-24","16:05:00",3,"TX",48,0,1,0,0,0,0,31.38,-100.49,31.38,-100.49,0,0,0,0,0,451,0,0,0
667268,2022,5,24,"2022-05-24","16:13:00",3,"TX",48,0,1,0,0,0,0,33.4412,-102.0178,33.4412,-102.0178,0,0,0,0,0,303,0,0,0
667269,2022,5,24,"2022-05-24","16:24:00",3,"TX",48,0,1.75,0,0,0,0,31.24,-99.74,31.24,-99.74,0,0,0,0,0,95,0,0,0
667270,2022,5,24,"2022-05-24","16:24:00",3,"TX",48,0,1,0,0,0,0,32.0168,-102.2,32.0168,-102.2,0,0,0,0,0,329,0,0,0
667271,2022,5,24,"2022-05-24","16:24:00",3,"TX",48,0,2.5,0,0,0,0,32.04,-102.17,32.04,-102.17,0,0,0,0,0,329,0,0,0
667272,2022,5,24,"2022-05-24","16:25:00",3,"TX",48,0,1.5,0,0,0,0,32.0535,-102.0539,32.0535,-102.0539,0,0,0,0,0,329,0,0,0
667273,2022,5,24,"2022-05-24","16:26:00",3,"TX",48,0,1.75,0,0,0,0,31.24,-99.75,31.24,-99.75,0,0,0,0,0,95,0,0,0
667274,2022,5,24,"2022-05-24","16:26:00",3,"TX",48,0,3,0,0,0,0,32.0261,-102.1626,32.0261,-102.1626,0,0,0,0,0,329,0,0,0
667275,2022,5,24,"2022-05-24","16:30:00",3,"TX",48,0,4,0,0,0,0,32.0505,-102.1581,32.0505,-102.1581,0,0,0,0,0,329,0,0,0
667276,2022,5,24,"2022-05-24","16:30:00",3,"TX",48,0,1.75,0,0,0,0,32.0401,-102.0996,32.0401,-102.0996,0,0,0,0,0,329,0,0,0
667277,2022,5,24,"2022-05-24","16:31:00",3,"TX",48,0,2,0,0,0,0,32.0168,-102.2,32.0168,-102.2,0,0,0,0,0,329,0,0,0
667278,2022,5,24,"2022-05-24","16:31:00",3,"TX",48,0,1.75,0,0,0,0,32.0267,-102.0669,32.0267,-102.0669,0,0,0,0,0,329,0,0,0
667279,2022,5,24,"2022-05-24","16:32:00",3,"TX",48,0,1.75,0,0,0,0,32.0724,-102.08,32.0724,-102.08,0,0,0,0,0,329,0,0,0
667280,2022,5,24,"2022-05-24","16:34:00",3,"TX",48,0,1.25,0,0,0,0,31.55,-99.31,31.55,-99.31,0,0,0,0,0,83,0,0,0
667281,2022,5,24,"2022-05-24","16:36:00",3,"TX",48,0,2.5,0,0,500,0,32.0499,-102.065,32.0499,-102.065,0,0,0,0,0,329,0,0,0
667282,2022,5,24,"2022-05-24","16:40:00",3,"AR",5,0,0.75,0,0,0,0,34.7,-92.04,34.7,-92.04,0,0,0,0,0,85,0,0,0
667283,2022,5,24,"2022-05-24","16:40:00",3,"TX",48,0,1.75,0,0,0,0,32.0512,-102.0196,32.0512,-102.0196,0,0,0,0,0,329,0,0,0
667284,2022,5,24,"2022-05-24","16:45:00",3,"TX",48,0,2.5,0,0,0,0,32.018,-101.9036,32.018,-101.9036,0,0,0,0,0,329,0,0,0
667285,2022,5,24,"2022-05-24","16:53:00",3,"TX",48,0,1.75,0,0,0,0,31.55,-99.12,31.55,-99.12,0,0,0,0,0,49,0,0,0
667286,2022,5,24,"2022-05-24","17:00:00",3,"TX",48,0,1,0,0,0,0,31.66,-98.96,31.66,-98.96,0,0,0,0,0,49,0,0,0
667287,2022,5,24,"2022-05-24","17:00:00",3,"AL",1,0,0.75,0,0,0,0,33.9,-86.62,33.9,-86.62,0,0,0,0,0,9,0,0,0
667288,2022,5,24,"2022-05-24","17:15:00",3,"TX",48,0,2.5,0,0,0,0,31.8656,-101.4863,31.8656,-101.4863,0,0,0,0,0,173,0,0,0
667289,2022,5,24,"2022-05-24","17:20:00",3,"TX",48,0,1,0,0,0,0,31.68,-98.8,31.68,-98.8,0,0,0,0,0,49,0,0,0
667290,2022,5,24,"2022-05-24","17:27:00",3,"TX",48,0,1.75,0,0,0,0,31.87,-101.5,31.87,-101.5,0,0,0,0,0,173,0,0,0
667291,2022,5,24,"2022-05-24","18:05:00",3,"TX",48,0,3.5,0,0,0,0,30.17,-100.69,30.17,-100.69,0,0,0,0,0,137,0,0,0
667292,2022,5,24,"2022-05-24","18:10:00",3,"TX",48,0,0.88,0,0,0,0,28.71,-100.5,28.71,-100.5,0,0,0,0,0,323,0,0,0
667293,2022,5,24,"2022-05-24","18:37:00",3,"TX",48,0,1.75,0,0,0,0,31.6,-100.63,31.6,-100.63,0,0,0,0,0,451,0,0,0
667294,2022,5,24,"2022-05-24","18:48:00",3,"TX",48,0,1,0,0,0,0,31.6,-100.52,31.6,-100.52,0,0,0,0,0,451,0,0,0
667295,2022,5,24,"2022-05-24","18:52:00",3,"TX",48,0,1,0,0,0,0,31.58,-100.55,31.58,-100.55,0,0,0,0,0,451,0,0,0
667296,2022,5,24,"2022-05-24","18:53:00",3,"TX",48,0,1.75,0,0,0,0,30.93,-99.11,30.93,-99.11,0,0,0,0,0,319,0,0,0
667297,2022,5,24,"2022-05-24","19:03:00",3,"TX",48,0,1,0,0,0,0,31.41,-100.5,31.41,-100.5,0,0,0,0,0,451,0,0,0
667298,2022,5,24,"2022-05-24","19:14:00",3,"AL",1,0,0.75,0,0,0,0,33.72,-85.83,33.72,-85.83,0,0,0,0,0,15,0,0,0
667299,2022,5,24,"2022-05-24","19:48:00",3,"AL",1,0,1,0,0,0,0,33.83,-85.76,33.83,-85.76,0,0,0,0,0,15,0,0,0
667300,2022,5,24,"2022-05-24","20:55:00",3,"TX",48,0,2,0,0,0,0,27.68,-99.62,27.68,-99.62,0,0,0,0,0,479,0,0,0
667301,2022,5,24,"2022-05-24","20:58:00",3,"TX",48,0,2,0,0,5000,0,27.67,-99.6,27.67,-99.6,0,0,0,0,0,479,0,0,0
667302,2022,5,24,"2022-05-24","21:00:00",3,"TX",48,0,1.5,0,0,0,0,27.68,-99.6,27.68,-99.6,0,0,0,0,0,479,0,0,0
667303,2022,5,24,"2022-05-24","21:01:00",3,"TX",48,0,1,0,0,0,0,27.6454,-99.5419,27.6454,-99.5419,0,0,0,0,0,479,0,0,0
667304,2022,5,24,"2022-05-24","21:15:00",3,"TX",48,0,1,0,0,0,0,27.6,-99.53,27.6,-99.53,0,0,0,0,0,479,0,0,0
667305,2022,5,24,"2022-05-24","21:20:00",3,"TX",48,0,1.25,0,0,0,0,27.59,-99.5,27.59,-99.5,0,0,0,0,0,479,0,0,0
667306,2022,5,24,"2022-05-24","21:25:00",3,"TX",48,0,1,0,0,0,0,27.5515,-99.5078,27.5515,-99.5078,0,0,0,0,0,479,0,0,0
667307,2022,5,24,"2022-05-24","22:40:00",3,"TX",48,0,0.75,0,0,0,0,30.28,-97.82,30.28,-97.82,0,0,0,0,0,453,0,0,0
667308,2022,5,24,"2022-05-24","23:44:00",3,"TX",48,0,1.25,0,0,0,0,28.95,-99.85,28.95,-99.85,0,0,0,0,0,507,0,0,0
667309,2022,5,25,"2022-05-25","00:42:00",3,"TX",48,0,1,0,0,0,0,28.68,-99.82,28.68,-99.82,0,0,0,0,0,507,0,0,0
667310,2022,5,26,"2022-05-26","11:16:00",3,"IL",17,0,1,0,0,0,0,40.91,-90.64,40.91,-90.64,0,0,0,0,0,187,0,0,0
667311,2022,5,26,"2022-05-26","13:00:00",3,"PR",72,0,0.25,0,0,0,10,18.09,-66.33,18.09,-66.33,0,0,0,0,0,43,0,0,0
667312,2022,5,26,"2022-05-26","13:47:00",3,"IL",17,0,1,0,0,0,0,39.4067,-87.6857,39.4067,-87.6857,0,0,0,0,0,23,0,0,0
667313,2022,5,26,"2022-05-26","15:10:00",3,"SC",45,0,1,0,0,0,0,35.15,-81.57,35.15,-81.57,0,0,0,0,0,21,0,0,0
667314,2022,5,26,"2022-05-26","15:25:00",3,"NC",37,0,1.75,0,0,0,0,35.797,-81.43,35.778,-81.37,0,0,0,0,0,27,0,0,0
667315,2022,5,26,"2022-05-26","17:35:00",3,"NC",37,0,1,0,0,0,0,35.42,-81.24,35.42,-81.24,0,0,0,0,0,109,0,0,0
667316,2022,5,27,"2022-05-27","15:30:00",3,"VA",51,0,0.88,0,0,0,0,37.2706,-79.3754,37.2706,-79.3754,0,0,0,0,0,19,0,0,0
667317,2022,5,27,"2022-05-27","15:36:00",3,"VA",51,0,1,0,0,0,0,37.5316,-79.3488,37.5316,-79.3488,0,0,0,0,0,19,0,0,0
667318,2022,5,27,"2022-05-27","16:06:00",3,"SD",46,0,1.25,0,0,0,0,44.5,-104.04,44.5,-104.04,0,0,0,0,0,81,0,0,0
667319,2022,5,27,"2022-05-27","16:20:00",3,"SD",46,0,1.5,0,0,0,0,44.5011,-103.8975,44.5011,-103.8975,0,0,0,0,0,81,0,0,0
667320,2022,5,27,"2022-05-27","16:46:00",3,"SD",46,0,1.25,0,0,0,0,44.35,-103.77,44.35,-103.77,0,0,0,0,0,81,0,0,0
667321,2022,5,27,"2022-05-27","16:48:00",3,"SD",46,0,0.88,0,0,0,0,44.3666,-103.7378,44.3666,-103.7378,0,0,0,0,0,81,0,0,0
667322,2022,5,27,"2022-05-27","17:25:00",3,"SD",46,0,0.88,0,0,0,0,45.4868,-102.5845,45.4868,-102.5845,0,0,0,0,0,105,0,0,0
667323,2022,5,27,"2022-05-27","17:30:00",3,"SD",46,0,1,0,0,0,0,45.5366,-102.5273,45.5366,-102.5273,0,0,0,0,0,105,0,0,0
667324,2022,5,28,"2022-05-28","16:20:00",3,"WY",56,0,0.88,0,0,0,0,44.6934,-104.5922,44.6934,-104.5922,0,0,0,0,0,11,0,0,0
667325,2022,5,28,"2022-05-28","17:20:00",3,"SD",46,0,0.88,0,0,0,0,43.1423,-101.8217,43.1423,-101.8217,0,0,0,0,0,7,0,0,0
667326,2022,5,28,"2022-05-28","18:10:00",3,"SD",46,0,0.88,0,0,0,0,43.29,-101.51,43.29,-101.51,0,0,0,0,0,7,0,0,0
667327,2022,5,28,"2022-05-28","18:35:00",3,"SD",46,0,1,0,0,0,0,43.22,-101.3999,43.22,-101.3999,0,0,0,0,0,7,0,0,0
667328,2022,5,29,"2022-05-29","01:40:00",3,"SD",46,0,2,0,0,0,0,43.22,-97.51,43.22,-97.51,0,0,0,0,0,67,0,0,0
667329,2022,5,29,"2022-05-29","01:45:00",3,"SD",46,0,1,0,0,0,3000,43.07,-97.85,43.07,-97.85,0,0,0,0,0,9,0,0,0
667330,2022,5,29,"2022-05-29","01:55:00",3,"SD",46,0,1.5,0,0,0,0,43.35,-97.43,43.35,-97.43,0,0,0,0,0,67,0,0,0
667331,2022,5,29,"2022-05-29","02:55:00",3,"SD",46,0,2.25,0,0,0,0,43.52,-96.83,43.52,-96.83,0,0,0,0,0,99,0,0,0
667332,2022,5,29,"2022-05-29","02:55:00",3,"SD",46,0,1.5,0,0,0,0,43.52,-96.82,43.52,-96.82,0,0,0,0,0,99,0,0,0
667333,2022,5,29,"2022-05-29","02:55:00",3,"SD",46,0,2,0,0,0,0,43.52,-96.81,43.52,-96.81,0,0,0,0,0,99,0,0,0
667334,2022,5,29,"2022-05-29","02:56:00",3,"SD",46,0,2,0,0,0,0,43.53,-96.84,43.53,-96.84,0,0,0,0,0,99,0,0,0
667335,2022,5,29,"2022-05-29","02:59:00",3,"SD",46,0,1.5,0,0,0,0,43.52,-96.83,43.52,-96.83,0,0,0,0,0,99,0,0,0
667336,2022,5,29,"2022-05-29","03:00:00",3,"SD",46,0,2,0,0,0,0,43.55,-96.76,43.55,-96.76,0,0,0,0,0,99,0,0,0
667337,2022,5,29,"2022-05-29","03:01:00",3,"SD",46,0,1.5,0,0,0,0,43.51,-96.79,43.51,-96.79,0,0,0,0,0,99,0,0,0
667338,2022,5,29,"2022-05-29","03:04:00",3,"SD",46,0,1.5,0,0,0,0,43.5,-96.82,43.5,-96.82,0,0,0,0,0,83,0,0,0
667339,2022,5,29,"2022-05-29","03:04:00",3,"SD",46,0,1,0,0,0,0,43.53,-96.84,43.53,-96.84,0,0,0,0,0,99,0,0,0
667340,2022,5,29,"2022-05-29","03:05:00",3,"SD",46,0,1.25,0,0,0,0,43.52,-96.83,43.52,-96.83,0,0,0,0,0,99,0,0,0
667341,2022,5,29,"2022-05-29","03:09:00",3,"SD",46,0,1.25,0,0,0,0,43.55,-96.67,43.55,-96.67,0,0,0,0,0,99,0,0,0
667342,2022,5,29,"2022-05-29","03:12:00",3,"SD",46,0,2.5,0,0,0,0,43.55,-96.71,43.55,-96.71,0,0,0,0,0,99,0,0,0
667343,2022,5,29,"2022-05-29","03:12:00",3,"SD",46,0,1.75,0,0,0,0,43.55,-96.72,43.55,-96.72,0,0,0,0,0,99,0,0,0
667344,2022,5,29,"2022-05-29","03:16:00",3,"SD",46,0,1,0,0,0,0,43.43,-96.7,43.43,-96.7,0,0,0,0,0,83,0,0,0
667345,2022,5,29,"2022-05-29","03:17:00",3,"SD",46,0,1,0,0,0,0,43.56,-96.66,43.56,-96.66,0,0,0,0,0,99,0,0,0
667346,2022,5,29,"2022-05-29","03:20:00",3,"SD",46,0,1,0,0,0,0,43.53,-96.66,43.53,-96.66,0,0,0,0,0,99,0,0,0
667347,2022,5,29,"2022-05-29","03:24:00",3,"SD",46,0,1,0,0,0,0,43.7,-96.51,43.7,-96.51,0,0,0,0,0,99,0,0,0
667348,2022,5,29,"2022-05-29","03:28:00",3,"IA",19,0,1.5,0,0,0,135000,43.38,-96.47,43.38,-96.47,0,0,0,0,0,119,0,0,0
667349,2022,5,29,"2022-05-29","03:35:00",3,"MN",27,0,1,0,0,0,157000,43.78,-96.3,43.78,-96.3,0,0,0,0,0,133,0,0,0
667350,2022,5,29,"2022-05-29","04:23:00",3,"MN",27,0,1,0,0,0,135000,43.6121,-95.6345,43.6121,-95.6345,0,0,0,0,0,105,0,0,0
667351,2022,5,29,"2022-05-29","04:25:00",3,"MN",27,0,0.88,0,0,0,0,44.14,-95.68,44.14,-95.68,0,0,0,0,0,101,0,0,0
667352,2022,5,29,"2022-05-29","04:30:00",3,"MN",27,0,1.75,0,0,0,0,43.63,-95.58,43.63,-95.58,0,0,0,0,0,105,0,0,0
667353,2022,5,29,"2022-05-29","04:35:00",3,"MN",27,0,1,0,0,0,0,44.24,-95.62,44.24,-95.62,0,0,0,0,0,83,0,0,0
667354,2022,5,29,"2022-05-29","04:57:00",3,"MN",27,0,1.25,0,0,0,202000,43.71,-95.32,43.71,-95.32,0,0,0,0,0,63,0,0,0
667355,2022,5,29,"2022-05-29","05:05:00",3,"MN",27,0,1,0,0,0,0,47.27,-96.2,47.27,-96.2,0,0,0,0,0,107,0,0,0
667356,2022,5,29,"2022-05-29","05:20:00",3,"MN",27,0,1.5,0,0,0,0,43.72,-95.03,43.72,-95.03,0,0,0,0,0,63,0,0,0
667357,2022,5,29,"2022-05-29","05:30:00",3,"MN",27,0,1,0,0,0,0,47.25,-96.01,47.25,-96.01,0,0,0,0,0,87,0,0,0
667358,2022,5,29,"2022-05-29","05:40:00",3,"MN",27,0,0.88,0,0,0,0,47.31,-95.97,47.31,-95.97,0,0,0,0,0,87,0,0,0
667359,2022,5,29,"2022-05-29","06:20:00",3,"MN",27,0,1.75,0,0,0,0,47.77,-95.62,47.77,-95.62,0,0,0,0,0,119,0,0,0
667360,2022,5,29,"2022-05-29","06:20:00",3,"MN",27,0,1,0,0,0,0,47.78,-95.7,47.78,-95.7,0,0,0,0,0,119,0,0,0
667361,2022,5,29,"2022-05-29","06:25:00",3,"MN",27,0,1.75,0,0,0,0,47.77,-95.62,47.77,-95.62,0,0,0,0,0,119,0,0,0
667362,2022,5,29,"2022-05-29","06:32:00",3,"MN",27,0,1,0,0,0,0,47.83,-95.53,47.83,-95.53,0,0,0,0,0,29,0,0,0
667363,2022,5,29,"2022-05-29","09:20:00",3,"MN",27,0,1.25,0,0,0,0,48.2,-95.25,48.2,-95.25,0,0,0,0,0,7,0,0,0
667364,2022,5,29,"2022-05-29","12:15:00",3,"MN",27,0,0.75,0,0,0,0,46.39,-95.26,46.39,-95.26,0,0,0,0,0,111,0,0,0
667365,2022,5,29,"2022-05-29","13:00:00",3,"FL",12,0,0.75,0,0,0,0,25.95,-80.34,25.95,-80.34,0,0,0,0,0,86,0,0,0
667366,2022,5,29,"2022-05-29","13:08:00",3,"FL",12,0,1,0,0,0,0,25.88,-80.35,25.88,-80.35,0,0,0,0,0,86,0,0,0
667367,2022,5,29,"2022-05-29","14:25:00",3,"MN",27,0,0.75,0,0,0,0,47.71,-96.01,47.71,-96.01,0,0,0,0,0,119,0,0,0
667368,2022,5,29,"2022-05-29","14:30:00",3,"MN",27,0,1,0,0,0,0,47.79,-96,47.79,-96,0,0,0,0,0,125,0,0,0
667369,2022,5,29,"2022-05-29","15:35:00",3,"MN",27,0,1,0,0,0,0,47.94,-95.78,47.94,-95.78,0,0,0,0,0,125,0,0,0
667370,2022,5,29,"2022-05-29","15:45:00",3,"MN",27,0,1.75,0,0,0,0,47.94,-95.74,47.94,-95.74,0,0,0,0,0,125,0,0,0
667371,2022,5,29,"2022-05-29","16:55:00",3,"FL",12,0,1,0,0,0,0,28.4,-81.5,28.4,-81.5,0,0,0,0,0,95,0,0,0
667372,2022,5,29,"2022-05-29","17:20:00",3,"NE",31,0,1,0,0,0,0,40.95,-101.54,40.95,-101.54,0,0,0,0,0,135,0,0,0
667373,2022,5,29,"2022-05-29","17:25:00",3,"MN",27,0,1,0,0,0,0,48.55,-95.99,48.55,-95.99,0,0,0,0,0,135,0,0,0
667374,2022,5,29,"2022-05-29","17:54:00",3,"NE",31,0,1.25,0,0,0,0,41.16,-101.59,41.16,-101.59,0,0,0,0,0,101,0,0,0
667375,2022,5,29,"2022-05-29","18:43:00",3,"NE",31,0,1,0,0,0,0,41.6,-101.51,41.6,-101.51,0,0,0,0,0,5,0,0,0
667376,2022,5,29,"2022-05-29","19:29:00",3,"NE",31,0,2.75,0,0,0,0,41.9,-99.62,41.9,-99.62,0,0,0,0,0,115,0,0,0
667377,2022,5,29,"2022-05-29","19:32:00",3,"FL",12,0,0.88,0,0,0,0,29.55,-82.33,29.55,-82.33,0,0,0,0,0,1,0,0,0
667378,2022,5,29,"2022-05-29","19:40:00",3,"ND",38,0,1,0,0,0,0,48.08,-97.69,48.08,-97.69,0,0,0,0,0,35,0,0,0
667379,2022,5,29,"2022-05-29","19:53:00",3,"MN",27,0,1,0,0,0,0,48.61,-93.35,48.61,-93.35,0,0,0,0,0,71,0,0,0
667380,2022,5,29,"2022-05-29","20:02:00",3,"NE",31,0,2.75,0,0,0,0,41.94,-99.38,41.94,-99.38,0,0,0,0,0,115,0,0,0
667381,2022,5,29,"2022-05-29","20:02:00",3,"NE",31,0,6,0,0,0,0,41.95,-99.37,41.95,-99.37,0,0,0,0,0,115,0,0,0
667382,2022,5,29,"2022-05-29","20:10:00",3,"NE",31,0,4.25,0,0,0,0,41.93,-99.47,41.93,-99.47,0,0,0,0,0,115,0,0,0
667383,2022,5,29,"2022-05-29","20:15:00",3,"ND",38,0,1,0,0,0,0,48.01,-97.71,48.01,-97.71,0,0,0,0,0,35,0,0,0
667384,2022,5,29,"2022-05-29","20:15:00",3,"NE",31,0,5,0,0,0,0,41.99,-99.3,41.99,-99.3,0,0,0,0,0,115,0,0,0
667385,2022,5,29,"2022-05-29","20:19:00",3,"NE",31,0,1,0,0,0,0,41.98,-100.57,41.98,-100.57,0,0,0,0,0,171,0,0,0
667386,2022,5,29,"2022-05-29","20:25:00",3,"NE",31,0,1,0,0,0,0,41.23,-100.77,41.23,-100.77,0,0,0,0,0,111,0,0,0
667387,2022,5,29,"2022-05-29","20:32:00",3,"SD",46,0,1,0,0,0,0,43.57,-99.46,43.57,-99.46,0,0,0,0,0,85,0,0,0
667388,2022,5,29,"2022-05-29","21:05:00",3,"ND",38,0,1.5,0,0,0,0,48.01,-97.71,48.01,-97.71,0,0,0,0,0,35,0,0,0
667389,2022,5,29,"2022-05-29","21:06:00",3,"NE",31,0,1,0,0,0,0,41.42,-100.27,41.42,-100.27,0,0,0,0,0,113,0,0,0
667390,2022,5,29,"2022-05-29","21:40:00",3,"ND",38,0,1,0,0,0,0,48.06,-97.43,48.06,-97.43,0,0,0,0,0,35,0,0,0
667391,2022,5,29,"2022-05-29","21:55:00",3,"NE",31,0,1.75,0,0,0,0,41.83,-99.6,41.83,-99.6,0,0,0,0,0,115,0,0,0
667392,2022,5,29,"2022-05-29","22:10:00",3,"NE",31,0,1,0,0,0,0,42.06,-99.38,42.06,-99.38,0,0,0,0,0,115,0,0,0
667393,2022,5,29,"2022-05-29","22:41:00",3,"NE",31,0,1,0,0,0,0,41.5284,-99.0258,41.5284,-99.0258,0,0,0,0,0,175,0,0,0
667394,2022,5,29,"2022-05-29","22:50:00",3,"NE",31,0,1.75,0,0,0,0,41.29,-99.38,41.29,-99.38,0,0,0,0,0,41,0,0,0
667395,2022,5,29,"2022-05-29","23:02:00",3,"NE",31,0,0.88,0,0,0,0,40.78,-99.73,40.78,-99.73,0,0,0,0,0,47,0,0,0
667396,2022,5,29,"2022-05-29","23:20:00",3,"NE",31,0,1,0,0,0,0,41.43,-99.1686,41.43,-99.1686,0,0,0,0,0,175,0,0,0
667397,2022,5,29,"2022-05-29","23:22:00",3,"SD",46,0,1,0,0,0,0,42.79,-97.12,42.79,-97.12,0,0,0,0,0,27,0,0,0
667398,2022,5,29,"2022-05-29","23:33:00",3,"NE",31,0,0.88,0,0,0,0,41.38,-99.01,41.38,-99.01,0,0,0,0,0,163,0,0,0
667399,2022,5,29,"2022-05-29","23:36:00",3,"NE",31,0,1.5,0,0,0,0,42.26,-98.03,42.26,-98.03,0,0,0,0,0,3,0,0,0
667400,2022,5,29,"2022-05-29","23:41:00",3,"SD",46,0,1,0,0,0,0,44.66,-96.62,44.66,-96.62,0,0,0,0,0,39,0,0,0
667401,2022,5,29,"2022-05-29","23:42:00",3,"NE",31,0,2,0,0,0,0,42.72,-97.74,42.72,-97.74,0,0,0,0,0,107,0,0,0
667402,2022,5,29,"2022-05-29","23:54:00",3,"SD",46,0,0.75,0,0,0,0,43.71,-98.02,43.71,-98.02,0,0,0,0,0,35,0,0,0
667403,2022,5,29,"2022-05-29","23:54:00",3,"SD",46,0,0.75,0,0,0,7000,43.68,-98.02,43.68,-98.02,0,0,0,0,0,35,0,0,0
667404,2022,5,29,"2022-05-29","23:54:00",3,"SD",46,0,0.75,0,0,0,0,43.69,-98.01,43.69,-98.01,0,0,0,0,0,35,0,0,0
667405,2022,5,30,"2022-05-30","00:20:00",3,"NE",31,0,1,0,0,0,0,40.0768,-101.5312,40.0768,-101.5312,0,0,0,0,0,57,0,0,0
667406,2022,5,30,"2022-05-30","00:35:00",3,"NE",31,0,1,0,0,0,0,40.1627,-101.5297,40.1627,-101.5297,0,0,0,0,0,57,0,0,0
667407,2022,5,30,"2022-05-30","00:35:00",3,"SD",46,0,1,0,0,0,120000,43.24,-97.29,43.24,-97.29,0,0,0,0,0,125,0,0,0
667408,2022,5,30,"2022-05-30","00:47:00",3,"SD",46,0,1,0,0,0,0,43.53,-96.84,43.53,-96.84,0,0,0,0,0,99,0,0,0
667409,2022,5,30,"2022-05-30","01:02:00",3,"SD",46,0,1,0,0,0,0,43.43,-96.69,43.43,-96.69,0,0,0,0,0,83,0,0,0
667410,2022,5,30,"2022-05-30","01:02:00",3,"SD",46,0,0.75,0,0,0,0,43.42,-96.69,43.42,-96.69,0,0,0,0,0,83,0,0,0
667411,2022,5,30,"2022-05-30","01:25:00",3,"SD",46,0,1,0,0,0,0,44.93,-97.02,44.93,-97.02,0,0,0,0,0,29,0,0,0
667412,2022,5,30,"2022-05-30","02:06:00",3,"MN",27,0,1,0,0,0,0,45.92,-93.48,45.92,-93.48,0,0,0,0,0,65,0,0,0
667413,2022,5,30,"2022-05-30","02:06:00",3,"MN",27,0,1,0,0,0,0,45.8802,-95.2928,45.8802,-95.2928,0,0,0,0,0,41,0,0,0
667414,2022,5,30,"2022-05-30","02:34:00",3,"SD",46,0,1,0,0,0,0,42.88,-97.36,42.88,-97.36,0,0,0,0,0,135,0,0,0
667415,2022,5,30,"2022-05-30","03:00:00",3,"MN",27,0,1.25,0,0,0,0,46.41,-92.8,46.41,-92.8,0,0,0,0,0,115,0,0,0
667416,2022,5,30,"2022-05-30","03:15:00",3,"MN",27,0,2,0,0,0,0,46.46,-92.76,46.46,-92.76,0,0,0,0,0,17,0,0,0
667417,2022,5,30,"2022-05-30","03:16:00",3,"MN",27,0,1.5,0,0,0,0,46.45,-92.77,46.45,-92.77,0,0,0,0,0,17,0,0,0
667418,2022,5,30,"2022-05-30","03:19:00",3,"MN",27,0,1.25,0,0,0,0,46.45,-92.77,46.45,-92.77,0,0,0,0,0,17,0,0,0
667419,2022,5,30,"2022-05-30","03:23:00",3,"MN",27,0,1,0,0,0,0,46.46,-92.76,46.46,-92.76,0,0,0,0,0,17,0,0,0
667420,2022,5,30,"2022-05-30","03:23:00",3,"MN",27,0,0.75,0,0,0,0,46.51,-92.78,46.51,-92.78,0,0,0,0,0,17,0,0,0
667421,2022,5,30,"2022-05-30","03:24:00",3,"MN",27,0,1.25,0,0,0,0,46.48,-92.7,46.48,-92.7,0,0,0,0,0,17,0,0,0
667422,2022,5,30,"2022-05-30","03:37:00",3,"MN",27,0,1,0,0,0,0,46.33,-94.65,46.33,-94.65,0,0,0,0,0,97,0,0,0
667423,2022,5,30,"2022-05-30","03:40:00",3,"MN",27,0,1,0,0,0,0,46.62,-92.56,46.62,-92.56,0,0,0,0,0,17,0,0,0
667424,2022,5,30,"2022-05-30","03:41:00",3,"MN",27,0,0.75,0,0,0,0,47.5,-92.89,47.5,-92.89,0,0,0,0,0,137,0,0,0
667425,2022,5,30,"2022-05-30","03:45:00",3,"MN",27,0,0.75,0,0,0,0,47.5,-92.89,47.5,-92.89,0,0,0,0,0,137,0,0,0
667426,2022,5,30,"2022-05-30","03:46:00",3,"MN",27,0,1,0,0,0,0,46.72,-92.46,46.72,-92.46,0,0,0,0,0,17,0,0,0
667427,2022,5,30,"2022-05-30","03:46:00",3,"MN",27,0,0.75,0,0,0,0,46.72,-92.45,46.72,-92.45,0,0,0,0,0,17,0,0,0
667428,2022,5,30,"2022-05-30","03:47:00",3,"MN",27,0,1,0,0,0,0,46.71,-92.45,46.71,-92.45,0,0,0,0,0,17,0,0,0
667429,2022,5,30,"2022-05-30","03:48:00",3,"MN",27,0,0.75,0,0,0,0,46.74,-92.45,46.74,-92.45,0,0,0,0,0,17,0,0,0
667430,2022,5,30,"2022-05-30","03:59:00",3,"MN",27,0,1,0,0,0,0,46.85,-92.32,46.85,-92.32,0,0,0,0,0,137,0,0,0
667431,2022,5,30,"2022-05-30","04:00:00",3,"MN",27,0,1,0,0,0,0,46.86,-92.29,46.86,-92.29,0,0,0,0,0,137,0,0,0
667432,2022,5,30,"2022-05-30","04:05:00",3,"MN",27,0,1.25,0,0,0,0,46.83,-92.31,46.83,-92.31,0,0,0,0,0,137,0,0,0
667433,2022,5,30,"2022-05-30","04:15:00",3,"MN",27,0,2,0,0,5000,0,47.66,-92.2,47.66,-92.2,0,0,0,0,0,137,0,0,0
667434,2022,5,30,"2022-05-30","05:59:00",3,"MN",27,0,1,0,0,0,0,47.75,-90.35,47.75,-90.35,0,0,0,0,0,31,0,0,0
667435,2022,5,30,"2022-05-30","06:30:00",3,"MN",27,0,1,0,0,0,0,47.85,-89.93,47.85,-89.93,0,0,0,0,0,31,0,0,0
667436,2022,5,30,"2022-05-30","06:40:00",3,"NE",31,0,1.5,0,0,1000,0,41.02,-100.37,41.02,-100.37,0,0,0,0,0,111,0,0,0
667437,2022,5,30,"2022-05-30","06:50:00",3,"NE",31,0,1.75,0,0,0,0,41,-100.39,41,-100.39,0,0,0,0,0,111,0,0,0
667438,2022,5,30,"2022-05-30","07:17:00",3,"NE",31,0,1,0,0,0,0,41.34,-100.08,41.34,-100.08,0,0,0,0,0,41,0,0,0
667439,2022,5,30,"2022-05-30","10:29:00",3,"NE",31,0,1,0,0,0,0,42.62,-98.65,42.62,-98.65,0,0,0,0,0,89,0,0,0
667440,2022,5,30,"2022-05-30","10:30:00",3,"NE",31,0,0.75,0,0,0,0,41.3307,-98.3391,41.3307,-98.3391,0,0,0,0,0,93,0,0,0
667441,2022,5,30,"2022-05-30","11:12:00",3,"NE",31,0,1,0,0,0,0,42.75,-98.2,42.75,-98.2,0,0,0,0,0,107,0,0,0
667442,2022,5,30,"2022-05-30","11:16:00",3,"SD",46,0,0.88,0,0,0,88000,44.36,-97.38,44.36,-97.38,0,0,0,0,0,77,0,0,0
667443,2022,5,30,"2022-05-30","11:40:00",3,"SD",46,0,1,0,0,0,0,44.6,-97.26,44.6,-97.26,0,0,0,0,0,57,0,0,0
667444,2022,5,30,"2022-05-30","11:50:00",3,"SD",46,0,0.88,0,0,0,0,43.14,-97.92,43.14,-97.92,0,0,0,0,0,9,0,0,0
667445,2022,5,30,"2022-05-30","11:52:00",3,"SD",46,0,0.88,0,0,0,0,43.01,-98.07,43.01,-98.07,0,0,0,0,0,9,0,0,0
667446,2022,5,30,"2022-05-30","12:03:00",3,"KS",20,0,0.75,0,0,0,0,39.5242,-101.9311,39.5242,-101.9311,0,0,0,0,0,181,0,0,0
667447,2022,5,30,"2022-05-30","12:06:00",3,"KS",20,0,0.88,0,0,0,0,39.4799,-101.8924,39.4799,-101.8924,0,0,0,0,0,181,0,0,0
667448,2022,5,30,"2022-05-30","12:25:00",3,"SD",46,0,1,0,0,0,0,44.76,-97.38,44.76,-97.38,0,0,0,0,0,57,0,0,0
667449,2022,5,30,"2022-05-30","12:40:00",3,"SD",46,0,0.75,0,0,0,92000,44.01,-97.53,44.01,-97.53,0,0,0,0,0,97,0,0,0
667450,2022,5,30,"2022-05-30","12:45:00",3,"MN",27,0,1,0,0,0,0,45.36,-96.33,45.36,-96.33,0,0,0,0,0,11,0,0,0
667451,2022,5,30,"2022-05-30","12:56:00",3,"MN",27,0,0.88,0,0,0,0,45.59,-96.29,45.59,-96.29,0,0,0,0,0,11,0,0,0
667452,2022,5,30,"2022-05-30","12:57:00",3,"SD",46,0,1,0,0,0,0,45.33,-96.77,45.33,-96.77,0,0,0,0,0,109,0,0,0
667453,2022,5,30,"2022-05-30","13:05:00",3,"MN",27,0,1,0,0,0,0,45.74,-96.22,45.74,-96.22,0,0,0,0,0,149,0,0,0
667454,2022,5,30,"2022-05-30","13:06:00",3,"SD",46,0,1,0,0,0,22000,44.04,-97.28,44.04,-97.28,0,0,0,0,0,79,0,0,0
667455,2022,5,30,"2022-05-30","13:10:00",3,"MN",27,0,1,0,0,0,0,45.83,-96.06,45.83,-96.06,0,0,0,0,0,51,0,0,0
667456,2022,5,30,"2022-05-30","13:12:00",3,"SD",46,0,1,0,0,0,0,44.9,-97.11,44.9,-97.11,0,0,0,0,0,29,0,0,0
667457,2022,5,30,"2022-05-30","13:44:00",3,"SD",46,0,0.75,0,0,0,55000,43.53,-96.84,43.53,-96.84,0,0,0,0,0,99,0,0,0
667458,2022,5,30,"2022-05-30","13:45:00",3,"SD",46,0,2,0,0,0,0,43.51,-96.77,43.51,-96.77,0,0,0,0,0,99,0,0,0
667459,2022,5,30,"2022-05-30","13:45:00",3,"SD",46,0,1.5,0,0,0,0,43.48,-96.78,43.48,-96.78,0,0,0,0,0,83,0,0,0
667460,2022,5,30,"2022-05-30","13:46:00",3,"SD",46,0,1.5,0,0,0,0,43.51,-96.79,43.51,-96.79,0,0,0,0,0,99,0,0,0
667461,2022,5,30,"2022-05-30","13:47:00",3,"SD",46,0,1,0,0,0,0,43.43,-96.71,43.43,-96.71,0,0,0,0,0,83,0,0,0
667462,2022,5,30,"2022-05-30","13:47:00",3,"SD",46,0,0.75,0,0,0,0,43.51,-96.78,43.51,-96.78,0,0,0,0,0,99,0,0,0
667463,2022,5,30,"2022-05-30","13:48:00",3,"SD",46,0,1,0,0,0,0,43.52,-96.79,43.52,-96.79,0,0,0,0,0,99,0,0,0
667464,2022,5,30,"2022-05-30","13:50:00",3,"SD",46,0,1,0,0,0,0,43.51,-96.78,43.51,-96.78,0,0,0,0,0,99,0,0,0
667465,2022,5,30,"2022-05-30","13:53:00",3,"SD",46,0,1,0,0,0,0,43.59,-96.73,43.59,-96.73,0,0,0,0,0,99,0,0,0
667466,2022,5,30,"2022-05-30","13:58:00",3,"SD",46,0,1,0,0,0,0,45.41,-96.62,45.41,-96.62,0,0,0,0,0,109,0,0,0
667467,2022,5,30,"2022-05-30","14:05:00",3,"SD",46,0,1.25,0,0,0,0,43.55,-96.63,43.55,-96.63,0,0,0,0,0,99,0,0,0
667468,2022,5,30,"2022-05-30","14:05:00",3,"SD",46,0,1,0,0,0,0,43.54,-96.62,43.54,-96.62,0,0,0,0,0,99,0,0,0
667469,2022,5,30,"2022-05-30","14:07:00",3,"MN",27,0,1.5,0,0,0,0,45.63,-96.26,45.63,-96.26,0,0,0,0,0,155,0,0,0
667470,2022,5,30,"2022-05-30","14:07:00",3,"SD",46,0,1,0,0,0,0,43.59,-96.59,43.59,-96.59,0,0,0,0,0,99,0,0,0
667471,2022,5,30,"2022-05-30","14:25:00",3,"MN",27,0,0.88,0,0,0,0,45.69,-96.54,45.69,-96.54,0,0,0,0,0,155,0,0,0
667472,2022,5,30,"2022-05-30","14:29:00",3,"MN",27,0,0.88,0,0,0,90000,43.85,-96.4,43.85,-96.4,0,0,0,0,0,117,0,0,0
667473,2022,5,30,"2022-05-30","14:29:00",3,"MN",27,0,0.75,0,0,0,0,44,-96.32,44,-96.32,0,0,0,0,0,117,0,0,0
667474,2022,5,30,"2022-05-30","14:55:00",3,"IA",19,0,0.88,0,0,0,0,42.82,-95.8,42.82,-95.8,0,0,0,0,0,35,0,0,0
667475,2022,5,30,"2022-05-30","15:15:00",3,"MN",27,0,1.75,0,0,0,0,45.61,-95.55,45.61,-95.55,0,0,0,0,0,121,0,0,0
667476,2022,5,30,"2022-05-30","15:15:00",3,"IA",19,0,1.25,0,0,0,0,43.18,-95.48,43.18,-95.48,0,0,0,0,0,141,0,0,0
667477,2022,5,30,"2022-05-30","15:20:00",3,"MN",27,0,2,0,0,0,0,45.86,-95.53,45.86,-95.53,0,0,0,0,0,41,0,0,0
667478,2022,5,30,"2022-05-30","15:20:00",3,"MN",27,0,1.5,0,0,0,0,45.85,-95.52,45.85,-95.52,0,0,0,0,0,41,0,0,0
667479,2022,5,30,"2022-05-30","15:28:00",3,"MN",27,0,1,0,0,0,0,44.24,-95.61,44.24,-95.61,0,0,0,0,0,83,0,0,0
667480,2022,5,30,"2022-05-30","15:35:00",3,"IA",19,0,1.25,0,0,0,0,43.45,-95.32,43.45,-95.32,0,0,0,0,0,59,0,0,0
667481,2022,5,30,"2022-05-30","15:43:00",3,"IA",19,0,0.75,0,0,0,0,43.27,-95.26,43.27,-95.26,0,0,0,0,0,59,0,0,0
667482,2022,5,30,"2022-05-30","15:45:00",3,"MN",27,0,1,0,0,0,0,43.64,-95.2,43.64,-95.2,0,0,0,0,0,63,0,0,0
667483,2022,5,30,"2022-05-30","15:52:00",3,"IA",19,0,1.75,0,0,0,0,43.43,-95.18,43.43,-95.18,0,0,0,0,0,59,0,0,0
667484,2022,5,30,"2022-05-30","16:05:00",3,"MN",27,0,1,0,0,0,0,43.62,-94.99,43.62,-94.99,0,0,0,0,0,63,0,0,0
667485,2022,5,30,"2022-05-30","16:20:00",3,"MN",27,0,1.5,0,0,0,0,46.4,-95.02,46.4,-95.02,0,0,0,0,0,159,0,0,0
667486,2022,5,30,"2022-05-30","16:24:00",3,"MN",27,0,1,0,0,0,0,46.95,-94.59,46.95,-94.59,0,0,0,0,0,21,0,0,0
667487,2022,5,30,"2022-05-30","16:25:00",3,"MN",27,0,1,0,0,0,0,46.4469,-94.8898,46.4469,-94.8898,0,0,0,0,0,159,0,0,0
667488,2022,5,30,"2022-05-30","16:44:00",3,"SD",46,0,0.88,0,0,0,0,43.01,-97.11,43.01,-97.11,0,0,0,0,0,27,0,0,0
667489,2022,5,30,"2022-05-30","16:46:00",3,"SD",46,0,1.5,0,0,0,0,43.01,-97.11,43.01,-97.11,0,0,0,0,0,27,0,0,0
667490,2022,5,30,"2022-05-30","16:50:00",3,"SD",46,0,1.25,0,0,0,0,43.04,-97.08,43.04,-97.08,0,0,0,0,0,27,0,0,0
667491,2022,5,30,"2022-05-30","16:57:00",3,"IA",19,0,1,0,0,0,0,42.87,-94.18,42.87,-94.18,0,0,0,0,0,91,0,0,0
667492,2022,5,30,"2022-05-30","16:58:00",3,"MN",27,0,1.5,0,0,0,0,44.55,-94.37,44.55,-94.37,0,0,0,0,0,143,0,0,0
667493,2022,5,30,"2022-05-30","17:07:00",3,"KS",20,0,1,0,0,0,0,39.34,-95.72,39.34,-95.72,0,0,0,0,0,85,0,0,0
667494,2022,5,30,"2022-05-30","17:16:00",3,"KS",20,0,1,0,0,0,0,39.41,-95.68,39.41,-95.68,0,0,0,0,0,85,0,0,0
667495,2022,5,30,"2022-05-30","17:20:00",3,"MN",27,0,0.88,0,0,0,0,46.98,-94.12,46.98,-94.12,0,0,0,0,0,21,0,0,0
667496,2022,5,30,"2022-05-30","17:25:00",3,"GA",13,0,0.75,0,0,0,0,30.96,-83.35,30.96,-83.35,0,0,0,0,0,185,0,0,0
667497,2022,5,30,"2022-05-30","17:27:00",3,"MN",27,0,1.25,0,0,0,0,44.97,-94.05,44.97,-94.05,0,0,0,0,0,85,0,0,0
667498,2022,5,30,"2022-05-30","17:28:00",3,"KS",20,0,1.5,0,0,0,0,39.56,-95.52,39.56,-95.52,0,0,0,0,0,5,0,0,0
667499,2022,5,30,"2022-05-30","17:37:00",3,"MN",27,0,1.75,0,0,0,0,45.17,-93.88,45.17,-93.88,0,0,0,0,0,171,0,0,0
667500,2022,5,30,"2022-05-30","17:40:00",3,"KS",20,0,1,0,0,0,0,38.37,-96.54,38.37,-96.54,0,0,0,0,0,17,0,0,0
667501,2022,5,30,"2022-05-30","17:41:00",3,"KS",20,0,1,0,0,0,0,38.39,-96.54,38.39,-96.54,0,0,0,0,0,17,0,0,0
667502,2022,5,30,"2022-05-30","17:50:00",3,"MN",27,0,1,0,0,0,0,45.32,-93.76,45.32,-93.76,0,0,0,0,0,141,0,0,0
667503,2022,5,30,"2022-05-30","17:55:00",3,"MN",27,0,1.5,0,0,0,0,47.62,-93.69,47.62,-93.69,0,0,0,0,0,61,0,0,0
667504,2022,5,30,"2022-05-30","18:00:00",3,"MN",27,0,1.75,0,0,0,0,45.45,-93.59,45.45,-93.59,0,0,0,0,0,141,0,0,0
667505,2022,5,30,"2022-05-30","18:00:00",3,"MN",27,0,0.75,0,0,0,0,47.15,-93.5,47.15,-93.5,0,0,0,0,0,61,0,0,0
667506,2022,5,30,"2022-05-30","18:01:00",3,"MN",27,0,1,0,0,0,0,45.33,-93.47,45.33,-93.47,0,0,0,0,0,3,0,0,0
667507,2022,5,30,"2022-05-30","18:01:00",3,"MN",27,0,1,0,0,0,0,47.29,-93.43,47.29,-93.43,0,0,0,0,0,61,0,0,0
667508,2022,5,30,"2022-05-30","18:14:00",3,"MN",27,0,1.25,0,0,0,0,45.47,-93.35,45.47,-93.35,0,0,0,0,0,59,0,0,0
667509,2022,5,30,"2022-05-30","18:33:00",3,"KS",20,0,1,0,0,0,0,38.39,-96.54,38.39,-96.54,0,0,0,0,0,17,0,0,0
667510,2022,5,30,"2022-05-30","18:55:00",3,"KS",20,0,1,0,0,0,0,38.32,-96.14,38.32,-96.14,0,0,0,0,0,111,0,0,0
667511,2022,5,30,"2022-05-30","18:57:00",3,"KS",20,0,1,0,0,0,0,38.4,-96.19,38.4,-96.19,0,0,0,0,0,111,0,0,0
667512,2022,5,30,"2022-05-30","19:00:00",3,"MN",27,0,1.5,0,0,0,0,48.05,-92.83,48.05,-92.83,0,0,0,0,0,137,0,0,0
667513,2022,5,30,"2022-05-30","19:09:00",3,"MN",27,0,1,0,0,0,0,48.07,-92.82,48.07,-92.82,0,0,0,0,0,137,0,0,0
667514,2022,5,30,"2022-05-30","19:37:00",3,"ND",38,0,0.88,0,0,0,0,46.48,-96.77,46.48,-96.77,0,0,0,0,0,77,0,0,0
667515,2022,5,30,"2022-05-30","20:00:00",3,"NE",31,0,1,0,0,0,0,40.51,-96.16,40.51,-96.16,0,0,0,0,0,97,0,0,0
667516,2022,5,31,"2022-05-31","15:05:00",3,"FL",12,0,1,0,0,0,0,28.98,-82.58,28.98,-82.58,0,0,0,0,0,17,0,0,0
667517,2022,5,31,"2022-05-31","15:09:00",3,"OK",40,0,2,0,0,0,0,35.57,-99.38,35.57,-99.38,0,0,0,0,0,39,0,0,0
667518,2022,5,31,"2022-05-31","15:18:00",3,"TX",48,0,2,0,0,0,0,34.93,-100.21,34.93,-100.21,0,0,0,0,0,87,0,0,0
667519,2022,5,31,"2022-05-31","15:47:00",3,"OK",40,0,2.5,0,0,0,0,35.46,-99.41,35.46,-99.41,0,0,0,0,0,9,0,0,0
667520,2022,5,31,"2022-05-31","15:49:00",3,"TX",48,0,3.5,0,0,1e+05,0,34.6893,-100.4927,34.7257,-100.4406,0,0,0,0,0,191,0,0,0
667521,2022,5,31,"2022-05-31","15:50:00",3,"KS",20,0,1,0,0,0,0,37.27,-97.34,37.27,-97.34,0,0,0,0,0,191,0,0,0
667522,2022,5,31,"2022-05-31","15:56:00",3,"OK",40,0,1,0,0,0,0,35.63,-99.39,35.63,-99.39,0,0,0,0,0,129,0,0,0
667523,2022,5,31,"2022-05-31","15:57:00",3,"KS",20,0,1,0,0,0,0,37.35,-97.28,37.35,-97.28,0,0,0,0,0,191,0,0,0
667524,2022,5,31,"2022-05-31","16:05:00",3,"OK",40,0,2.5,0,0,0,0,35.46,-99.42,35.46,-99.42,0,0,0,0,0,9,0,0,0
667525,2022,5,31,"2022-05-31","16:05:00",3,"KS",20,0,1,0,0,0,0,37.36,-97.16,37.36,-97.16,0,0,0,0,0,191,0,0,0
667526,2022,5,31,"2022-05-31","16:05:00",3,"KS",20,0,2.5,0,0,0,0,37.39,-97.21,37.39,-97.21,0,0,0,0,0,191,0,0,0
667527,2022,5,31,"2022-05-31","16:07:00",3,"KS",20,0,1.5,0,0,0,0,37.39,-97.12,37.39,-97.12,0,0,0,0,0,35,0,0,0
667528,2022,5,31,"2022-05-31","16:08:00",3,"OK",40,0,2.75,0,0,0,0,35.64,-99.07,35.64,-99.07,0,0,0,0,0,39,0,0,0
667529,2022,5,31,"2022-05-31","16:10:00",3,"OK",40,0,2.75,0,0,0,0,35.48,-99.33,35.48,-99.33,0,0,0,0,0,39,0,0,0
667530,2022,5,31,"2022-05-31","16:10:00",3,"FL",12,0,1,0,0,0,0,28.2,-82.72,28.2,-82.72,0,0,0,0,0,101,0,0,0
667531,2022,5,31,"2022-05-31","16:10:00",3,"FL",12,0,1,0,0,0,0,28.23,-82.71,28.23,-82.71,0,0,0,0,0,101,0,0,0
667532,2022,5,31,"2022-05-31","16:20:00",3,"OK",40,0,2.75,0,0,0,0,35.49,-99.28,35.49,-99.28,0,0,0,0,0,39,0,0,0
667533,2022,5,31,"2022-05-31","16:25:00",3,"TX",48,0,1,0,0,0,0,35.22,-100.25,35.22,-100.25,0,0,0,0,0,483,0,0,0
667534,2022,5,31,"2022-05-31","16:25:00",3,"KS",20,0,1,0,0,0,0,37.69,-96.86,37.69,-96.86,0,0,0,0,0,15,0,0,0
667535,2022,5,31,"2022-05-31","16:34:00",3,"TX",48,0,0.88,0,0,0,0,35.21,-100.25,35.21,-100.25,0,0,0,0,0,483,0,0,0
667536,2022,5,31,"2022-05-31","16:44:00",3,"KS",20,0,2.5,0,0,0,0,37.82,-96.84,37.82,-96.84,0,0,0,0,0,15,0,0,0
667537,2022,5,31,"2022-05-31","16:46:00",3,"KS",20,0,1.25,0,0,0,0,37.82,-96.78,37.82,-96.78,0,0,0,0,0,15,0,0,0
667538,2022,5,31,"2022-05-31","16:47:00",3,"TX",48,0,1,0,0,0,0,30.7902,-103.0319,30.7902,-103.0319,0,0,0,0,0,371,0,0,0
667539,2022,5,31,"2022-05-31","16:49:00",3,"TX",48,0,2,0,0,0,0,34.72,-100.53,34.72,-100.53,0,0,0,0,0,191,0,0,0
667540,2022,5,31,"2022-05-31","16:55:00",3,"FL",12,0,1,0,0,0,0,27.4,-82.51,27.4,-82.51,0,0,0,0,0,81,0,0,0
667541,2022,5,31,"2022-05-31","17:06:00",3,"KS",20,0,1.5,0,0,0,0,37.14,-97.04,37.14,-97.04,0,0,0,0,0,35,0,0,0
667542,2022,5,31,"2022-05-31","17:14:00",3,"TX",48,0,1.75,0,0,0,0,30.78,-103.02,30.78,-103.02,0,0,0,0,0,371,0,0,0
667543,2022,5,31,"2022-05-31","17:17:00",3,"KS",20,0,1.5,0,0,0,0,37.8,-97,37.8,-97,0,0,0,0,0,15,0,0,0
667544,2022,5,31,"2022-05-31","17:19:00",3,"KS",20,0,1.25,0,0,0,0,37.27,-96.97,37.27,-96.97,0,0,0,0,0,35,0,0,0
667545,2022,5,31,"2022-05-31","17:20:00",3,"OK",40,0,1.5,0,0,0,0,35.67,-98.89,35.67,-98.89,0,0,0,0,0,39,0,0,0
667546,2022,5,31,"2022-05-31","17:20:00",3,"OK",40,0,1.75,0,0,0,0,35.7,-99.93,35.7,-99.93,0,0,0,0,0,129,0,0,0
667547,2022,5,31,"2022-05-31","17:22:00",3,"KS",20,0,2,0,0,0,0,37.82,-96.88,37.82,-96.88,0,0,0,0,0,15,0,0,0
667548,2022,5,31,"2022-05-31","17:42:00",3,"TX",48,0,1.75,0,0,0,0,34.53,-101.77,34.53,-101.77,0,0,0,0,0,437,0,0,0
667549,2022,5,31,"2022-05-31","17:46:00",3,"TX",48,0,1.5,0,0,0,0,34.5633,-100.3738,34.5633,-100.3738,0,0,0,0,0,75,0,0,0
667550,2022,5,31,"2022-05-31","17:48:00",3,"OK",40,0,1,0,0,0,0,35.65,-98.73,35.65,-98.73,0,0,0,0,0,39,0,0,0
667551,2022,5,31,"2022-05-31","17:50:00",3,"OK",40,0,2,0,0,0,0,35.62,-98.69,35.62,-98.69,0,0,0,0,0,39,0,0,0
667552,2022,5,31,"2022-05-31","17:58:00",3,"KS",20,0,1,0,0,0,0,38.35,-96.25,38.35,-96.25,0,0,0,0,0,111,0,0,0
667553,2022,5,31,"2022-05-31","18:05:00",3,"KS",20,0,1.5,0,0,0,0,37.25,-96.73,37.25,-96.73,0,0,0,0,0,35,0,0,0
667554,2022,5,31,"2022-05-31","18:25:00",3,"KS",20,0,1,0,0,0,0,38.07,-97.26,38.07,-97.26,0,0,0,0,0,79,0,0,0
667555,2022,5,31,"2022-05-31","18:25:00",3,"KS",20,0,1,0,0,0,0,37.66,-97.44,37.66,-97.44,0,0,0,0,0,173,0,0,0
667556,2022,5,31,"2022-05-31","18:28:00",3,"KS",20,0,1.25,0,0,0,0,37.16,-97.17,37.16,-97.17,0,0,0,0,0,191,0,0,0
667557,2022,5,31,"2022-05-31","18:31:00",3,"TX",48,0,2,0,0,0,0,34.4997,-101.6546,34.4997,-101.6546,0,0,0,0,0,437,0,0,0
667558,2022,5,31,"2022-05-31","18:33:00",3,"KS",20,0,2.25,0,0,0,0,37.68,-97.37,37.68,-97.37,0,0,0,0,0,173,0,0,0
667559,2022,5,31,"2022-05-31","18:34:00",3,"KS",20,0,1.75,0,0,0,0,37.69,-97.34,37.69,-97.34,0,0,0,0,0,173,0,0,0
667560,2022,5,31,"2022-05-31","18:38:00",3,"KS",20,0,1.5,0,0,0,0,38.17,-97.11,38.17,-97.11,0,0,0,0,0,115,0,0,0
667561,2022,5,31,"2022-05-31","18:42:00",3,"KS",20,0,1.25,0,0,0,0,37.11,-97.06,37.11,-97.06,0,0,0,0,0,35,0,0,0
667562,2022,5,31,"2022-05-31","18:49:00",3,"KS",20,0,1,0,0,0,0,37.8,-97.31,37.8,-97.31,0,0,0,0,0,173,0,0,0
667563,2022,5,31,"2022-05-31","18:53:00",3,"OK",40,0,1,0,0,0,0,36.31,-99.62,36.31,-99.62,0,0,0,0,0,45,0,0,0
667564,2022,5,31,"2022-05-31","19:00:00",3,"OK",40,0,1,0,0,0,0,36.39,-99.57,36.39,-99.57,0,0,0,0,0,153,0,0,0
667565,2022,5,31,"2022-05-31","19:00:00",3,"KS",20,0,3,0,0,0,0,38.33,-97.02,38.33,-97.02,0,0,0,0,0,115,0,0,0
667566,2022,5,31,"2022-05-31","19:00:00",3,"KS",20,0,3.25,0,0,0,0,38.36,-97.11,38.36,-97.11,0,0,0,0,0,115,0,0,0
667567,2022,5,31,"2022-05-31","19:04:00",3,"KS",20,0,1,0,0,0,0,37.89,-97.21,37.89,-97.21,0,0,0,0,0,173,0,0,0
667568,2022,5,31,"2022-05-31","19:11:00",3,"OK",40,0,1,0,0,0,0,36.41,-99.55,36.41,-99.55,0,0,0,0,0,153,0,0,0
667569,2022,5,31,"2022-05-31","19:11:00",3,"TX",48,0,2.75,0,0,1e+05,0,34.47,-101.3,34.47,-101.3,0,0,0,0,0,45,0,0,0
667570,2022,5,31,"2022-05-31","19:27:00",3,"KS",20,0,1.5,0,0,0,0,38.49,-96.96,38.49,-96.96,0,0,0,0,0,115,0,0,0
667571,2022,5,31,"2022-05-31","19:31:00",3,"KS",20,0,1.75,0,0,0,0,37.12,-96.68,37.12,-96.68,0,0,0,0,0,35,0,0,0
667572,2022,5,31,"2022-05-31","19:32:00",3,"KS",20,0,1.75,0,0,0,0,38.57,-96.96,38.57,-96.96,0,0,0,0,0,115,0,0,0
667573,2022,5,31,"2022-05-31","19:36:00",3,"KS",20,0,2,0,0,0,0,37.11,-96.72,37.11,-96.72,0,0,0,0,0,35,0,0,0
667574,2022,5,31,"2022-05-31","19:50:00",3,"KS",20,0,0.88,0,0,0,0,38.64,-96.89,38.64,-96.89,0,0,0,0,0,127,0,0,0
667575,2022,5,31,"2022-05-31","19:53:00",3,"KS",20,0,1,0,0,0,0,38.65,-96.81,38.65,-96.81,0,0,0,0,0,127,0,0,0
667576,2022,5,31,"2022-05-31","19:56:00",3,"KS",20,0,0.88,0,0,0,0,38.68,-96.81,38.68,-96.81,0,0,0,0,0,127,0,0,0
667577,2022,5,31,"2022-05-31","20:00:00",3,"KS",20,0,1.75,0,0,0,0,38.14,-97.43,38.14,-97.43,0,0,0,0,0,79,0,0,0
667578,2022,5,31,"2022-05-31","20:15:00",3,"KS",20,0,1,0,0,0,0,38.25,-97.35,38.25,-97.35,0,0,0,0,0,115,0,0,0
667579,2022,5,31,"2022-05-31","21:11:00",3,"TX",48,0,2,0,0,0,0,34.2,-101.7,34.2,-101.7,0,0,0,0,0,189,0,0,0
667580,2022,5,31,"2022-05-31","21:20:00",3,"OK",40,0,1.25,0,0,0,0,34.39,-99.02,34.39,-99.02,0,0,0,0,0,141,0,0,0
667581,2022,5,31,"2022-05-31","21:28:00",3,"TX",48,0,1.75,0,0,0,0,34.12,-101.43,34.12,-101.43,0,0,0,0,0,153,0,0,0
667582,2022,5,31,"2022-05-31","22:22:00",3,"OK",40,0,1,0,0,0,0,34.3,-99.04,34.3,-99.04,0,0,0,0,0,141,0,0,0
667583,2022,5,31,"2022-05-31","22:35:00",3,"OK",40,0,1.5,0,0,0,0,34.4,-99.01,34.4,-99.01,0,0,0,0,0,141,0,0,0
667584,2022,5,31,"2022-05-31","22:50:00",3,"KS",20,0,1.25,0,0,0,0,37.57,-95.95,37.57,-95.95,0,0,0,0,0,205,0,0,0
667585,2022,5,31,"2022-05-31","23:25:00",3,"TX",48,0,1.75,0,0,0,0,34.0243,-100.8117,34.0243,-100.8117,0,0,0,0,0,345,0,0,0
667586,2022,5,31,"2022-05-31","23:56:00",3,"TX",48,0,1,0,0,0,0,33.98,-101.33,33.98,-101.33,0,0,0,0,0,153,0,0,0
665303,2022,5,1,"2022-05-01","02:42:00",3,"MS",28,0,0.88,0,0,0,0,33.63,-88.45,33.63,-88.45,0,0,0,0,0,87,0,0,0
665304,2022,5,1,"2022-05-01","11:25:00",3,"NC",37,0,1,0,0,0,0,35.68,-82.01,35.68,-82.01,0,0,0,0,0,111,0,0,0
665305,2022,5,1,"2022-05-01","11:37:00",3,"NC",37,0,1,0,0,0,0,35.72,-81.93,35.72,-81.93,0,0,0,0,0,111,0,0,0
665306,2022,5,1,"2022-05-01","12:05:00",3,"NC",37,0,1,0,0,0,0,35.687,-81.823,35.687,-81.823,0,0,0,0,0,23,0,0,0
665307,2022,5,1,"2022-05-01","13:02:00",3,"NC",37,0,1,0,0,0,0,36.2085,-79.7005,36.2085,-79.7005,0,0,0,0,0,81,0,0,0
665308,2022,5,1,"2022-05-01","13:15:00",3,"NC",37,0,1,0,0,0,0,36.202,-79.6155,36.202,-79.6155,0,0,0,0,0,81,0,0,0
665309,2022,5,1,"2022-05-01","13:28:00",3,"NC",37,0,1,0,0,0,0,36.2227,-79.514,36.2227,-79.514,0,0,0,0,0,1,0,0,0
665310,2022,5,1,"2022-05-01","13:51:00",3,"SC",45,0,1,0,0,0,0,34.95,-81.34,34.95,-81.34,0,0,0,0,0,91,0,0,0
665311,2022,5,1,"2022-05-01","13:52:00",3,"NC",37,0,1,0,0,0,0,36.27,-81.0103,36.27,-81.0103,0,0,0,0,0,193,0,0,0
665312,2022,5,1,"2022-05-01","14:06:00",3,"NC",37,0,1,0,0,0,0,36.2502,-79.3102,36.2502,-79.3102,0,0,0,0,0,33,0,0,0
665313,2022,5,1,"2022-05-01","14:20:00",3,"TX",48,0,1,0,0,0,0,30.21,-95.4,30.21,-95.4,0,0,0,0,0,339,0,0,0
665314,2022,5,1,"2022-05-01","14:37:00",3,"SC",45,0,1,0,0,0,0,34.92,-81.03,34.92,-81.03,0,0,0,0,0,91,0,0,0
665315,2022,5,1,"2022-05-01","14:49:00",3,"NC",37,0,1.25,0,0,0,0,36.0952,-79.3262,36.0952,-79.3262,0,0,0,0,0,1,0,0,0
665316,2022,5,1,"2022-05-01","15:05:00",3,"VA",51,0,1,0,0,0,0,36.7503,-79.036,36.7503,-79.036,0,0,0,0,0,83,0,0,0
665317,2022,5,1,"2022-05-01","15:08:00",3,"NC",37,0,1,0,0,0,0,36.0915,-79.1756,36.0915,-79.1756,0,0,0,0,0,135,0,0,0
665318,2022,5,1,"2022-05-01","15:09:00",3,"NM",35,0,1.75,0,0,0,0,32.93,-103.35,32.93,-103.35,0,0,0,0,0,25,0,0,0
665319,2022,5,1,"2022-05-01","15:16:00",3,"NM",35,0,2.75,0,0,0,0,32.9011,-103.35,32.9011,-103.35,0,0,0,0,0,25,0,0,0
665320,2022,5,1,"2022-05-01","15:22:00",3,"NC",37,0,1,0,0,0,0,36.4899,-79.7398,36.4899,-79.7398,0,0,0,0,0,157,0,0,0
665321,2022,5,1,"2022-05-01","15:24:00",3,"NM",35,0,2,0,0,0,0,32.9011,-103.35,32.9011,-103.35,0,0,0,0,0,25,0,0,0
665322,2022,5,1,"2022-05-01","15:33:00",3,"NC",37,0,1,0,0,0,0,36.45,-79.65,36.45,-79.65,0,0,0,0,0,157,0,0,0
665323,2022,5,1,"2022-05-01","15:33:00",3,"TX",48,0,0.75,0,0,0,0,35.89,-102.73,35.89,-102.73,0,0,0,0,0,205,0,0,0
665324,2022,5,1,"2022-05-01","15:34:00",3,"TX",48,0,1.75,0,0,0,0,32.38,-102.78,32.38,-102.78,0,0,0,0,0,3,0,0,0
665325,2022,5,1,"2022-05-01","15:34:00",3,"TX",48,0,2.5,0,0,0,0,32.32,-102.7213,32.32,-102.7213,0,0,0,0,0,3,0,0,0
665326,2022,5,1,"2022-05-01","15:35:00",3,"TX",48,0,1,0,0,0,0,31.53,-103.13,31.53,-103.13,0,0,0,0,0,475,0,0,0
665327,2022,5,1,"2022-05-01","15:37:00",3,"NM",35,0,1,0,0,0,0,32.93,-103.35,32.93,-103.35,0,0,0,0,0,25,0,0,0
665328,2022,5,1,"2022-05-01","15:45:00",3,"NC",37,0,1,0,0,0,0,36.465,-79.548,36.465,-79.548,0,0,0,0,0,157,0,0,0
665329,2022,5,1,"2022-05-01","15:45:00",3,"TX",48,0,1.75,0,0,0,0,33.1817,-102.6114,33.1817,-102.6114,0,0,0,0,0,501,0,0,0
665330,2022,5,1,"2022-05-01","15:50:00",3,"TX",48,0,1,0,0,0,0,35.9,-102.4,35.9,-102.4,0,0,0,0,0,205,0,0,0
665331,2022,5,1,"2022-05-01","15:51:00",3,"NC",37,0,1.5,0,0,0,0,34.8603,-80.001,34.8603,-80.001,0,0,0,0,0,7,0,0,0
665332,2022,5,1,"2022-05-01","15:51:00",3,"OH",39,0,1,0,0,0,0,41.7007,-80.9111,41.7007,-80.9111,0,0,0,0,0,7,0,0,0
665333,2022,5,1,"2022-05-01","15:52:00",3,"NM",35,0,2.5,0,0,0,0,32.93,-103.2983,32.93,-103.2983,0,0,0,0,0,25,0,0,0
665334,2022,5,1,"2022-05-01","15:53:00",3,"NC",37,0,0.75,0,0,0,0,36.4398,-79.4606,36.4398,-79.4606,0,0,0,0,0,33,0,0,0
665335,2022,5,1,"2022-05-01","15:58:00",3,"TX",48,0,1,0,0,0,0,36.07,-102.48,36.07,-102.48,0,0,0,0,0,111,0,0,0
665336,2022,5,1,"2022-05-01","16:06:00",3,"TX",48,0,1.75,0,0,0,0,36.02,-102.57,36.02,-102.57,0,0,0,0,0,205,0,0,0
665337,2022,5,1,"2022-05-01","16:11:00",3,"TX",48,0,1,0,0,0,0,36.35,-102.08,36.35,-102.08,0,0,0,0,0,421,0,0,0
665338,2022,5,1,"2022-05-01","16:13:00",3,"TX",48,0,1.5,0,0,0,0,31.2244,-102.8713,31.2244,-102.8713,0,0,0,0,0,371,0,0,0
665339,2022,5,1,"2022-05-01","16:15:00",3,"TX",48,0,1.25,0,0,0,0,36.03,-102.55,36.03,-102.55,0,0,0,0,0,205,0,0,0
665340,2022,5,1,"2022-05-01","16:19:00",3,"TX",48,0,1.75,0,0,0,0,35.95,-102.57,35.95,-102.57,0,0,0,0,0,205,0,0,0
665341,2022,5,1,"2022-05-01","16:20:00",3,"LA",22,0,1,0,0,0,0,31.11,-92.24,31.11,-92.24,0,0,0,0,0,79,0,0,0
665342,2022,5,1,"2022-05-01","16:20:00",3,"NC",37,0,1,0,0,0,0,35.6241,-78.8799,35.6241,-78.8799,0,0,0,0,0,183,0,0,0
665343,2022,5,1,"2022-05-01","16:20:00",3,"TX",48,0,1.75,0,0,0,0,31.87,-102.9,31.87,-102.9,0,0,0,0,0,495,0,0,0
665344,2022,5,1,"2022-05-01","16:21:00",3,"TX",48,0,2.25,0,0,0,0,32.4091,-102.5315,32.4091,-102.5315,0,0,0,0,0,3,0,0,0
665345,2022,5,1,"2022-05-01","16:26:00",3,"NM",35,0,1.5,0,0,0,0,32.9619,-103.1018,32.9619,-103.1018,0,0,0,0,0,25,0,0,0
665346,2022,5,1,"2022-05-01","16:26:00",3,"NM",35,0,1.5,0,0,0,0,33.0835,-103.1669,33.0835,-103.1669,0,0,0,0,0,25,0,0,0
665347,2022,5,1,"2022-05-01","16:28:00",3,"TX",48,0,1,0,0,0,0,36.05,-102.51,36.05,-102.51,0,0,0,0,0,205,0,0,0
665348,2022,5,1,"2022-05-01","16:30:00",3,"FL",12,0,1.5,0,0,0,0,30.6079,-87.0622,30.6079,-87.0622,0,0,0,0,0,113,0,0,0
665349,2022,5,1,"2022-05-01","16:30:00",3,"TX",48,0,2.75,0,0,0,0,33.58,-102.37,33.609,-102.37,0,0,0,0,0,219,0,0,0
665350,2022,5,1,"2022-05-01","16:35:00",3,"GA",13,0,0.88,0,0,0,0,32.59,-81.5,32.59,-81.5,0,0,0,0,0,251,0,0,0
665351,2022,5,1,"2022-05-01","16:35:00",3,"TX",48,0,2.25,0,0,0,0,32.2393,-102.5189,32.2393,-102.5189,0,0,0,0,0,3,0,0,0
665352,2022,5,1,"2022-05-01","16:36:00",3,"TX",48,0,1.25,0,0,0,0,36.03,-102.48,36.03,-102.48,0,0,0,0,0,205,0,0,0
665353,2022,5,1,"2022-05-01","16:37:00",3,"TX",48,0,1,0,0,0,0,36.05,-102.5,36.05,-102.5,0,0,0,0,0,205,0,0,0
665354,2022,5,1,"2022-05-01","16:40:00",3,"TX",48,0,1.5,0,0,0,0,33.7078,-102.3005,33.7078,-102.3005,0,0,0,0,0,219,0,0,0
665355,2022,5,1,"2022-05-01","16:40:00",3,"TX",48,0,2.75,0,0,0,0,33.0143,-102.9775,32.97,-102.85,0,0,0,0,0,501,0,0,0
665356,2022,5,1,"2022-05-01","16:41:00",3,"TX",48,0,2.75,0,0,0,0,31.0267,-102.8327,31.0267,-102.8327,0,0,0,0,0,371,0,0,0
665357,2022,5,1,"2022-05-01","16:45:00",3,"TX",48,0,1,0,0,0,0,33.6069,-101.9345,33.6069,-101.9345,0,0,0,0,0,303,0,0,0
665358,2022,5,1,"2022-05-01","16:45:00",3,"SC",45,0,2,0,0,0,0,34.0341,-81.5205,34.0341,-81.5205,0,0,0,0,0,81,0,0,0
665359,2022,5,1,"2022-05-01","16:47:00",3,"SC",45,0,0.88,0,0,0,0,34.0679,-81.4671,34.0679,-81.4671,0,0,0,0,0,63,0,0,0
665360,2022,5,1,"2022-05-01","16:48:00",3,"SC",45,0,2,0,0,0,0,34.0344,-81.4975,34.0344,-81.4975,0,0,0,0,0,81,0,0,0
665361,2022,5,1,"2022-05-01","16:50:00",3,"TX",48,0,2.5,0,0,0,0,34.1766,-102.73,34.3118,-102.7223,0,0,0,0,0,17,0,0,0
665362,2022,5,1,"2022-05-01","16:53:00",3,"SC",45,0,1,0,0,0,0,34.0186,-81.4342,34.0186,-81.4342,0,0,0,0,0,63,0,0,0
665363,2022,5,1,"2022-05-01","16:55:00",3,"SC",45,0,1,0,0,0,0,34.0123,-81.4115,34.0123,-81.4115,0,0,0,0,0,63,0,0,0
665364,2022,5,1,"2022-05-01","16:55:00",3,"TX",48,0,2.75,0,0,0,0,31.0538,-102.786,31.0538,-102.786,0,0,0,0,0,371,0,0,0
665365,2022,5,1,"2022-05-01","16:59:00",3,"SC",45,0,1,0,0,0,0,33.9045,-81.3694,33.9045,-81.3694,0,0,0,0,0,63,0,0,0
665366,2022,5,1,"2022-05-01","16:59:00",3,"SC",45,0,1.25,0,0,0,0,34.0137,-81.4482,34.0137,-81.4482,0,0,0,0,0,63,0,0,0
665367,2022,5,1,"2022-05-01","17:00:00",3,"SC",45,0,1,0,0,0,0,34.0144,-81.4365,34.0144,-81.4365,0,0,0,0,0,63,0,0,0
665368,2022,5,1,"2022-05-01","17:00:00",3,"TX",48,0,2.25,0,0,0,0,34.3122,-102.7223,34.3494,-102.7178,0,0,0,0,0,369,0,0,0
665369,2022,5,1,"2022-05-01","17:08:00",3,"SC",45,0,1.5,0,0,0,0,33.9385,-81.3052,33.9385,-81.3052,0,0,0,0,0,63,0,0,0
665370,2022,5,1,"2022-05-01","17:11:00",3,"TX",48,0,2.25,0,0,0,0,32.45,-102.3227,32.45,-102.3227,0,0,0,0,0,3,0,0,0
665371,2022,5,1,"2022-05-01","17:13:00",3,"SC",45,0,0.75,0,0,0,0,33.9242,-81.29,33.9242,-81.29,0,0,0,0,0,63,0,0,0
665372,2022,5,1,"2022-05-01","17:15:00",3,"SC",45,0,1,0,0,0,0,34.03,-81.39,34.03,-81.39,0,0,0,0,0,63,0,0,0
665373,2022,5,1,"2022-05-01","17:18:00",3,"TX",48,0,1.25,0,0,0,0,34.95,-102.85,34.95,-102.85,0,0,0,0,0,117,0,0,0
665374,2022,5,1,"2022-05-01","17:18:00",3,"SC",45,0,1.75,0,0,0,0,34.0005,-81.3454,34.0005,-81.3454,0,0,0,0,0,63,0,0,0
665375,2022,5,1,"2022-05-01","17:20:00",3,"SC",45,0,1.5,0,0,0,0,33.9925,-81.3372,33.9925,-81.3372,0,0,0,0,0,63,0,0,0
665376,2022,5,1,"2022-05-01","17:24:00",3,"CO",8,0,1,0,0,0,0,38.13,-103.08,38.13,-103.08,0,0,0,0,0,11,0,0,0
665377,2022,5,1,"2022-05-01","17:25:00",3,"CO",8,0,1,0,0,0,0,38.1,-103.09,38.1,-103.09,0,0,0,0,0,11,0,0,0
665378,2022,5,1,"2022-05-01","17:33:00",3,"TX",48,0,1.5,0,0,0,0,34.99,-102.82,34.99,-102.82,0,0,0,0,0,117,0,0,0
665379,2022,5,1,"2022-05-01","17:40:00",3,"TX",48,0,1.75,0,0,0,0,35.19,-102.06,35.19,-102.06,0,0,0,0,0,375,0,0,0
665380,2022,5,1,"2022-05-01","17:40:00",3,"TX",48,0,1.75,0,0,0,0,34.83,-102.4,34.83,-102.4,0,0,0,0,0,117,0,0,0
665381,2022,5,1,"2022-05-01","17:43:00",3,"TX",48,0,2.5,0,0,0,0,34.83,-102.42,34.83,-102.42,0,0,0,0,0,117,0,0,0
665382,2022,5,1,"2022-05-01","17:45:00",3,"TX",48,0,1.75,0,0,0,0,34.95,-102.4,34.95,-102.4,0,0,0,0,0,117,0,0,0
665383,2022,5,1,"2022-05-01","17:50:00",3,"LA",22,0,1,0,0,0,0,31.39,-92.67,31.39,-92.67,0,0,0,0,0,79,0,0,0
665384,2022,5,1,"2022-05-01","17:54:00",3,"TX",48,0,1.5,0,0,0,0,32.72,-100.9,32.72,-100.9,0,0,0,0,0,415,0,0,0
665385,2022,5,1,"2022-05-01","17:55:00",3,"TX",48,0,2.75,0,0,0,0,34.99,-102.2,34.99,-102.2,0,0,0,0,0,117,0,0,0
665386,2022,5,1,"2022-05-01","17:58:00",3,"TX",48,0,2.5,0,0,0,0,32.9681,-102.5276,33.0213,-102.3541,0,0,0,0,0,445,0,0,0
665387,2022,5,1,"2022-05-01","17:59:00",3,"TX",48,0,1.5,0,0,0,0,32.9524,-102.5291,32.9524,-102.5291,0,0,0,0,0,165,0,0,0
665388,2022,5,1,"2022-05-01","18:00:00",3,"TX",48,0,1.75,0,0,0,0,35.93,-101.96,35.93,-101.96,0,0,0,0,0,341,0,0,0
665389,2022,5,1,"2022-05-01","18:12:00",3,"TX",48,0,1.75,0,0,0,0,32.5145,-101.88,32.5145,-101.88,0,0,0,0,0,317,0,0,0
665390,2022,5,1,"2022-05-01","18:13:00",3,"TX",48,0,2.25,0,0,0,0,32.5028,-102.0502,32.5028,-102.0502,0,0,0,0,0,317,0,0,0
665391,2022,5,1,"2022-05-01","18:17:00",3,"TX",48,0,1,0,0,0,0,35.13,-101.95,35.13,-101.95,0,0,0,0,0,381,0,0,0
665392,2022,5,1,"2022-05-01","18:19:00",3,"CO",8,0,1,0,0,0,0,38.11,-102.64,38.11,-102.64,0,0,0,0,0,99,0,0,0
665393,2022,5,1,"2022-05-01","18:20:00",3,"PA",42,0,1,0,0,0,0,41.42,-80.08,41.42,-80.08,0,0,0,0,0,85,0,0,0
665394,2022,5,1,"2022-05-01","18:20:00",3,"TX",48,0,1.75,0,0,0,0,35.18,-102.01,35.18,-102.01,0,0,0,0,0,375,0,0,0
665395,2022,5,1,"2022-05-01","18:20:00",3,"TX",48,0,2.5,0,0,0,0,35.21,-102.07,35.21,-102.07,0,0,0,0,0,375,0,0,0
665396,2022,5,1,"2022-05-01","18:22:00",3,"TX",48,0,2.75,0,0,0,0,31.0192,-102.8834,31.0192,-102.8834,0,0,0,0,0,371,0,0,0
665397,2022,5,1,"2022-05-01","18:23:00",3,"TX",48,0,1.75,0,0,0,0,35.22,-101.91,35.22,-101.91,0,0,0,0,0,375,0,0,0
665398,2022,5,1,"2022-05-01","18:23:00",3,"CO",8,0,1.25,0,0,0,0,38.16,-102.62,38.16,-102.62,0,0,0,0,0,99,0,0,0
665399,2022,5,1,"2022-05-01","18:25:00",3,"TX",48,0,1,0,0,0,0,35.24,-101.92,35.24,-101.92,0,0,0,0,0,375,0,0,0
665400,2022,5,1,"2022-05-01","18:25:00",3,"TX",48,0,1.5,0,0,0,0,35.22,-101.91,35.22,-101.91,0,0,0,0,0,375,0,0,0
665401,2022,5,1,"2022-05-01","18:26:00",3,"TX",48,0,2.75,0,0,0,0,35.28,-101.81,35.28,-101.81,0,0,0,0,0,375,0,0,0
665402,2022,5,1,"2022-05-01","18:26:00",3,"TX",48,0,1.5,0,0,0,0,32.5,-101.88,32.5,-101.88,0,0,0,0,0,317,0,0,0
665403,2022,5,1,"2022-05-01","18:27:00",3,"TX",48,0,1.75,0,0,0,0,35.26,-101.94,35.26,-101.94,0,0,0,0,0,375,0,0,0
665404,2022,5,1,"2022-05-01","18:28:00",3,"TX",48,0,1,0,0,0,0,35.19,-102.01,35.19,-102.01,0,0,0,0,0,375,0,0,0
665405,2022,5,1,"2022-05-01","18:30:00",3,"LA",22,0,1.25,0,0,0,0,31.753,-92.4186,31.753,-92.4186,0,0,0,0,0,43,0,0,0
665406,2022,5,1,"2022-05-01","18:30:00",3,"TX",48,0,1.5,0,0,0,0,35.29,-101.88,35.29,-101.88,0,0,0,0,0,375,0,0,0
665407,2022,5,1,"2022-05-01","18:30:00",3,"TX",48,0,1,0,0,0,0,35.26,-101.89,35.26,-101.89,0,0,0,0,0,375,0,0,0
665408,2022,5,1,"2022-05-01","18:31:00",3,"CO",8,0,1,0,0,0,0,38.12,-102.56,38.12,-102.56,0,0,0,0,0,99,0,0,0
665409,2022,5,1,"2022-05-01","18:31:00",3,"NM",35,0,0.75,0,0,0,0,34.87,-103.78,34.87,-103.78,0,0,0,0,0,37,0,0,0
665410,2022,5,1,"2022-05-01","18:44:00",3,"TX",48,0,1.75,0,0,0,0,35.82,-101.64,35.82,-101.64,0,0,0,0,0,341,0,0,0
665411,2022,5,1,"2022-05-01","18:45:00",3,"WV",54,0,1.25,0,0,0,0,38.57,-80.93,38.57,-80.93,0,0,0,0,0,15,0,0,0
665412,2022,5,1,"2022-05-01","18:45:00",3,"SC",45,0,1.5,0,0,0,0,33.89,-81.15,33.89,-81.15,0,0,0,0,0,63,0,0,0
665413,2022,5,1,"2022-05-01","18:50:00",3,"VA",51,0,1,0,0,0,0,36.7799,-79.3098,36.7799,-79.3098,0,0,0,0,0,143,0,0,0
665414,2022,5,1,"2022-05-01","18:50:00",3,"OK",40,0,0.88,0,0,0,0,36.57,-102.78,36.57,-102.78,0,0,0,0,0,25,0,0,0
665415,2022,5,1,"2022-05-01","18:59:00",3,"TX",48,0,1.75,0,0,0,0,35.82,-101.48,35.82,-101.48,0,0,0,0,0,233,0,0,0
665416,2022,5,1,"2022-05-01","19:01:00",3,"CO",8,0,1.75,0,0,0,0,38.12,-102.32,38.12,-102.32,0,0,0,0,0,99,0,0,0
665417,2022,5,1,"2022-05-01","19:03:00",3,"TX",48,0,1.5,0,0,0,0,35.82,-101.45,35.82,-101.45,0,0,0,0,0,233,0,0,0
665418,2022,5,1,"2022-05-01","19:22:00",3,"TX",48,0,1.25,0,0,0,0,32.11,-99.77,32.11,-99.77,0,0,0,0,0,441,0,0,0
665419,2022,5,1,"2022-05-01","19:25:00",3,"TX",48,0,1,0,0,0,0,32.43,-99.75,32.43,-99.75,0,0,0,0,0,441,0,0,0
665420,2022,5,1,"2022-05-01","19:30:00",3,"SC",45,0,1,0,0,0,0,33.84,-81.09,33.84,-81.09,0,0,0,0,0,63,0,0,0
665421,2022,5,1,"2022-05-01","19:42:00",3,"TX",48,0,1,0,0,0,0,32.48,-99.7,32.48,-99.7,0,0,0,0,0,441,0,0,0
665422,2022,5,1,"2022-05-01","19:55:00",3,"TX",48,0,3,0,0,0,0,32.9845,-101.83,32.9912,-101.7544,0,0,0,0,0,305,0,0,0
665423,2022,5,1,"2022-05-01","20:15:00",3,"MD",24,0,1,0,0,0,0,39.6198,-79.3896,39.6198,-79.3896,0,0,0,0,0,23,0,0,0
665424,2022,5,1,"2022-05-01","20:18:00",3,"TX",48,0,1.75,0,0,0,0,32.95,-99.81,32.95,-99.81,0,0,0,0,0,253,0,0,0
665425,2022,5,1,"2022-05-01","20:18:00",3,"TX",48,0,1.75,0,0,0,0,35.68,-102.22,35.68,-102.22,0,0,0,0,0,205,0,0,0
665426,2022,5,1,"2022-05-01","20:53:00",3,"TX",48,0,1.5,0,0,0,0,32.75,-99.9,32.75,-99.9,0,0,0,0,0,253,0,0,0
665427,2022,5,1,"2022-05-01","20:58:00",3,"TX",48,0,1,0,0,0,0,32.76,-99.9,32.76,-99.9,0,0,0,0,0,253,0,0,0
665428,2022,5,1,"2022-05-01","21:10:00",3,"TX",48,0,1.75,0,0,0,0,31.65,-99.33,31.65,-99.33,0,0,0,0,0,83,0,0,0
665429,2022,5,1,"2022-05-01","21:40:00",3,"TX",48,0,2.75,0,0,0,0,31.55,-99.12,31.55,-99.12,0,0,0,0,0,49,0,0,0
665430,2022,5,1,"2022-05-01","23:00:00",3,"TX",48,0,1.75,0,0,0,0,35.86,-101.96,35.86,-101.96,0,0,0,0,0,341,0,0,0
665431,2022,5,1,"2022-05-01","23:00:00",3,"TX",48,0,1.75,0,0,0,0,35.85,-101.97,35.85,-101.97,0,0,0,0,0,341,0,0,0
665432,2022,5,1,"2022-05-01","23:02:00",3,"TX",48,0,1.75,0,0,0,0,35.85,-101.95,35.85,-101.95,0,0,0,0,0,341,0,0,0
665433,2022,5,2,"2022-05-02","01:00:00",3,"TX",48,0,1,0,0,0,0,29.4,-100.9,29.4,-100.9,0,0,0,0,0,465,0,0,0
665434,2022,5,2,"2022-05-02","13:30:00",3,"KS",20,0,1.75,0,0,0,0,37.56,-99.9,37.56,-99.9,0,0,0,0,0,57,0,0,0
665435,2022,5,2,"2022-05-02","13:50:00",3,"KS",20,0,1,0,0,0,0,37.52,-99.76,37.52,-99.76,0,0,0,0,0,57,0,0,0
665436,2022,5,2,"2022-05-02","13:50:00",3,"KS",20,0,1.75,0,0,0,0,37.62,-99.62,37.62,-99.62,0,0,0,0,0,57,0,0,0
665437,2022,5,2,"2022-05-02","14:00:00",3,"KS",20,0,1.75,0,0,0,0,37.55,-99.64,37.55,-99.64,0,0,0,0,0,57,0,0,0
665438,2022,5,2,"2022-05-02","14:06:00",3,"KS",20,0,1.75,0,0,0,0,37.56,-99.9,37.56,-99.9,0,0,0,0,0,57,0,0,0
665439,2022,5,2,"2022-05-02","14:18:00",3,"OK",40,0,1,0,0,0,0,36.41,-98.82,36.41,-98.82,0,0,0,0,0,93,0,0,0
665440,2022,5,2,"2022-05-02","14:18:00",3,"MS",28,0,1,0,0,0,0,34.59,-88.84,34.59,-88.84,0,0,0,0,0,145,0,0,0
665441,2022,5,2,"2022-05-02","14:24:00",3,"MS",28,0,1.5,0,0,0,0,34.49,-89,34.49,-89,0,0,0,0,0,145,0,0,0
665442,2022,5,2,"2022-05-02","14:30:00",3,"MS",28,0,1,0,0,0,0,34.66,-88.63,34.66,-88.63,0,0,0,0,0,117,0,0,0
665443,2022,5,2,"2022-05-02","14:30:00",3,"MS",28,0,1.75,0,0,0,0,34.5,-88.99,34.5,-88.99,0,0,0,0,0,145,0,0,0
665444,2022,5,2,"2022-05-02","14:30:00",3,"MS",28,0,1,0,0,0,0,34.49,-89.02,34.49,-89.02,0,0,0,0,0,145,0,0,0
665445,2022,5,2,"2022-05-02","14:36:00",3,"MS",28,0,1.5,0,0,500,0,34.7,-88.6,34.7,-88.6,0,0,0,0,0,117,0,0,0
665446,2022,5,2,"2022-05-02","14:43:00",3,"OK",40,0,1,0,0,0,0,35.85,-98.38,35.85,-98.38,0,0,0,0,0,11,0,0,0
665447,2022,5,2,"2022-05-02","14:43:00",3,"AR",5,0,0.88,0,0,0,0,34.51,-93.24,34.51,-93.24,0,0,0,0,0,51,0,0,0
665448,2022,5,2,"2022-05-02","14:44:00",3,"AR",5,0,0.75,0,0,0,0,34.52,-93.27,34.52,-93.27,0,0,0,0,0,51,0,0,0
665449,2022,5,2,"2022-05-02","14:50:00",3,"AR",5,0,0.75,0,0,0,0,34.47,-93.24,34.47,-93.24,0,0,0,0,0,51,0,0,0
665450,2022,5,2,"2022-05-02","14:54:00",3,"MS",28,0,1.25,0,0,0,0,34.77,-88.53,34.77,-88.53,0,0,0,0,0,3,0,0,0
665451,2022,5,2,"2022-05-02","14:55:00",3,"AR",5,0,1,0,0,0,0,34.53,-93.21,34.53,-93.21,0,0,0,0,0,51,0,0,0
665452,2022,5,2,"2022-05-02","15:00:00",3,"MS",28,0,0.75,0,0,0,0,34.92,-88.6,34.92,-88.6,0,0,0,0,0,3,0,0,0
665453,2022,5,2,"2022-05-02","15:01:00",3,"AL",1,0,0.75,0,0,0,0,34.6837,-87.3358,34.6837,-87.3358,0,0,0,0,0,79,0,0,0
665454,2022,5,2,"2022-05-02","15:25:00",3,"OK",40,0,2,0,0,0,0,36.12,-98.32,36.12,-98.32,0,0,0,0,0,11,0,0,0
665455,2022,5,2,"2022-05-02","15:35:00",3,"OK",40,0,1.75,0,0,0,0,36.02,-97.91,36.02,-97.91,0,0,0,0,0,73,0,0,0
665456,2022,5,2,"2022-05-02","15:40:00",3,"OK",40,0,2.75,0,0,0,0,36.03,-97.97,36.03,-97.97,0,0,0,0,0,73,0,0,0
665457,2022,5,2,"2022-05-02","15:48:00",3,"TN",47,0,1,0,0,0,0,35.44,-88.64,35.44,-88.64,0,0,0,0,0,23,0,0,0
665458,2022,5,2,"2022-05-02","15:54:00",3,"AL",1,0,0.75,0,0,0,0,34.81,-86.65,34.81,-86.65,0,0,0,0,0,89,0,0,0
665459,2022,5,2,"2022-05-02","15:55:00",3,"OK",40,0,1,0,0,0,0,34.9,-98.35,34.9,-98.35,0,0,0,0,0,15,0,0,0
665460,2022,5,2,"2022-05-02","15:55:00",3,"TN",47,0,1,0,0,0,0,35.5402,-88.6618,35.5402,-88.6618,0,0,0,0,0,113,0,0,0
665461,2022,5,2,"2022-05-02","16:00:00",3,"TN",47,0,1,0,0,0,0,35.57,-88.61,35.57,-88.61,0,0,0,0,0,23,0,0,0
665462,2022,5,2,"2022-05-02","16:05:00",3,"OK",40,0,1.25,0,0,0,0,34.93,-98.24,34.93,-98.24,0,0,0,0,0,15,0,0,0
665463,2022,5,2,"2022-05-02","16:08:00",3,"OK",40,0,1,0,0,0,0,35.02,-98.25,35.02,-98.25,0,0,0,0,0,15,0,0,0
665464,2022,5,2,"2022-05-02","16:12:00",3,"TN",47,0,0.75,0,0,0,0,35.68,-88.59,35.68,-88.59,0,0,0,0,0,77,0,0,0
665465,2022,5,2,"2022-05-02","16:37:00",3,"AR",5,0,1.75,0,0,30000,0,35.0186,-94.3785,35.0186,-94.3785,0,0,0,0,0,131,0,0,0
665466,2022,5,2,"2022-05-02","16:48:00",3,"KS",20,0,1,0,0,0,0,37.27,-97.77,37.27,-97.77,0,0,0,0,0,191,0,0,0
665467,2022,5,2,"2022-05-02","16:54:00",3,"TN",47,0,0.88,0,0,0,0,35.6,-88.62,35.6,-88.62,0,0,0,0,0,113,0,0,0
665468,2022,5,2,"2022-05-02","17:02:00",3,"KS",20,0,1,0,0,0,0,37.23,-97.58,37.23,-97.58,0,0,0,0,0,191,0,0,0
665469,2022,5,2,"2022-05-02","17:14:00",3,"KS",20,0,1.25,0,0,0,0,37.27,-97.4,37.27,-97.4,0,0,0,0,0,191,0,0,0
665470,2022,5,2,"2022-05-02","17:40:00",3,"OK",40,0,1,0,0,0,0,35.12,-97.48,35.12,-97.48,0,0,0,0,0,87,0,0,0
665471,2022,5,2,"2022-05-02","17:46:00",3,"OK",40,0,1,0,0,0,0,35.29,-97.81,35.29,-97.81,0,0,0,0,0,51,0,0,0
665472,2022,5,2,"2022-05-02","17:46:00",3,"OK",40,0,1,0,0,0,0,35.17,-97.39,35.17,-97.39,0,0,0,0,0,27,0,0,0
665473,2022,5,2,"2022-05-02","17:48:00",3,"OK",40,0,1.25,0,0,0,0,35.17,-97.39,35.17,-97.39,0,0,0,0,0,27,0,0,0
665474,2022,5,2,"2022-05-02","17:50:00",3,"OK",40,0,2,0,0,0,0,35.16,-97.88,35.16,-97.88,0,0,0,0,0,51,0,0,0
665475,2022,5,2,"2022-05-02","17:55:00",3,"OK",40,0,1,0,0,0,0,35.04,-97.94,35.04,-97.94,0,0,0,0,0,51,0,0,0
665476,2022,5,2,"2022-05-02","17:55:00",3,"OK",40,0,2,0,0,0,0,35.11,-97.94,35.11,-97.94,0,0,0,0,0,51,0,0,0
665477,2022,5,2,"2022-05-02","17:56:00",3,"OK",40,0,1,0,0,0,0,35.08,-98.09,35.08,-98.09,0,0,0,0,0,51,0,0,0
665478,2022,5,2,"2022-05-02","17:57:00",3,"OK",40,0,1,0,0,0,0,35.14,-97.36,35.14,-97.36,0,0,0,0,0,27,0,0,0
665479,2022,5,2,"2022-05-02","18:03:00",3,"OK",40,0,1.4,0,0,0,0,35.04,-97.94,35.04,-97.94,0,0,0,0,0,51,0,0,0
665480,2022,5,2,"2022-05-02","18:05:00",3,"OK",40,0,2.75,0,0,0,0,35.06,-97.92,35.06,-97.92,0,0,0,0,0,51,0,0,0
665481,2022,5,2,"2022-05-02","18:15:00",3,"MO",29,0,1,0,0,0,0,36.71,-92.66,36.71,-92.66,0,0,0,0,0,153,0,0,0
665482,2022,5,2,"2022-05-02","18:42:00",3,"OK",40,0,1,0,0,0,0,36.12,-95.87,36.12,-95.87,0,0,0,0,0,143,0,0,0
665483,2022,5,2,"2022-05-02","18:57:00",3,"OK",40,0,0.75,0,0,0,0,36.07,-95.74,36.07,-95.74,0,0,0,0,0,145,0,0,0
665484,2022,5,2,"2022-05-02","19:06:00",3,"OK",40,0,4,0,0,0,0,35.23,-96.67,35.23,-96.67,0,0,0,0,0,133,0,0,0
665485,2022,5,2,"2022-05-02","19:12:00",3,"OK",40,0,1,0,0,0,0,34.65,-97.96,34.65,-97.96,0,0,0,0,0,137,0,0,0
665486,2022,5,2,"2022-05-02","19:39:00",3,"NC",37,0,1.25,0,0,0,0,35.23,-77.04,35.23,-77.04,0,0,0,0,0,49,0,0,0
665487,2022,5,2,"2022-05-02","19:40:00",3,"OK",40,0,0.88,0,0,0,0,34.81,-96.96,34.81,-96.96,0,0,0,0,0,49,0,0,0
665488,2022,5,2,"2022-05-02","19:45:00",3,"MO",29,0,0.88,0,0,0,0,36.99,-91.98,36.99,-91.98,0,0,0,0,0,91,0,0,0
665489,2022,5,2,"2022-05-02","19:51:00",3,"OK",40,0,0.88,0,0,0,0,34.76,-96.97,34.76,-96.97,0,0,0,0,0,49,0,0,0
665490,2022,5,2,"2022-05-02","19:52:00",3,"AR",5,0,0.88,0,0,0,0,35.4666,-94.2232,35.4666,-94.2232,0,0,0,0,0,33,0,0,0
665491,2022,5,2,"2022-05-02","20:00:00",3,"OK",40,0,1,0,0,0,0,34.96,-96.34,34.96,-96.34,0,0,0,0,0,63,0,0,0
665492,2022,5,2,"2022-05-02","20:15:00",3,"OK",40,0,0.88,0,0,0,0,34.73,-96.72,34.73,-96.72,0,0,0,0,0,123,0,0,0
665493,2022,5,2,"2022-05-02","20:25:00",3,"OK",40,0,1.75,0,0,0,0,34.51,-97.01,34.51,-97.01,0,0,0,0,0,99,0,0,0
665494,2022,5,2,"2022-05-02","20:28:00",3,"OK",40,0,0.75,0,0,0,0,34.76,-96.68,34.76,-96.68,0,0,0,0,0,123,0,0,0
665495,2022,5,2,"2022-05-02","20:29:00",3,"MO",29,0,1.5,0,0,0,0,36.91,-92.81,36.91,-92.81,0,0,0,0,0,67,0,0,0
665496,2022,5,2,"2022-05-02","20:41:00",3,"MO",29,0,1,0,0,0,0,36.96,-92.67,36.96,-92.67,0,0,0,0,0,67,0,0,0
665497,2022,5,2,"2022-05-02","20:42:00",3,"OK",40,0,0.75,0,0,0,0,35.06,-95.7,35.06,-95.7,0,0,0,0,0,121,0,0,0
665498,2022,5,2,"2022-05-02","20:45:00",3,"OK",40,0,1,0,0,0,0,34.45,-96.63,34.45,-96.63,0,0,0,0,0,69,0,0,0
665499,2022,5,2,"2022-05-02","21:19:00",3,"OK",40,0,1,0,0,0,0,34.38,-96.43,34.38,-96.43,0,0,0,0,0,69,0,0,0
665500,2022,5,3,"2022-05-03","13:04:00",3,"OH",39,0,1,0,0,0,0,39.76,-82.7,39.76,-82.7,0,0,0,0,0,45,0,0,0
665501,2022,5,3,"2022-05-03","13:06:00",3,"OH",39,0,1.75,0,0,0,0,39.73,-82.63,39.73,-82.63,0,0,0,0,0,45,0,0,0
665502,2022,5,3,"2022-05-03","13:08:00",3,"OH",39,0,1.5,0,0,0,0,39.76,-82.68,39.76,-82.68,0,0,0,0,0,45,0,0,0
665503,2022,5,3,"2022-05-03","13:12:00",3,"OH",39,0,2.5,0,0,2e+05,0,39.72,-82.6,39.72,-82.6,0,0,0,0,0,45,0,0,0
665504,2022,5,3,"2022-05-03","13:14:00",3,"OH",39,0,2,0,0,0,0,39.81,-82.6,39.81,-82.6,0,0,0,0,0,45,0,0,0
665505,2022,5,3,"2022-05-03","13:15:00",3,"OH",39,0,1.5,0,0,0,0,39.78,-82.59,39.78,-82.59,0,0,0,0,0,45,0,0,0
665506,2022,5,3,"2022-05-03","13:16:00",3,"OH",39,0,1.75,0,0,150000,0,39.85,-82.61,39.85,-82.61,0,0,0,0,0,45,0,0,0
665507,2022,5,3,"2022-05-03","13:25:00",3,"FL",12,0,0.75,0,0,0,0,30.47,-84.36,30.47,-84.36,0,0,0,0,0,73,0,0,0
665508,2022,5,3,"2022-05-03","13:30:00",3,"OH",39,0,1,0,0,0,0,39.92,-82.41,39.92,-82.41,0,0,0,0,0,127,0,0,0
665509,2022,5,3,"2022-05-03","13:31:00",3,"FL",12,0,0.75,0,0,0,0,30.48,-84.36,30.48,-84.36,0,0,0,0,0,73,0,0,0
665510,2022,5,3,"2022-05-03","13:40:00",3,"OH",39,0,1.75,0,0,0,0,39.89,-82.33,39.89,-82.33,0,0,0,0,0,127,0,0,0
665511,2022,5,3,"2022-05-03","13:40:00",3,"OH",39,0,1.75,0,0,0,0,39.87,-82.29,39.87,-82.29,0,0,0,0,0,127,0,0,0
665512,2022,5,3,"2022-05-03","13:48:00",3,"VA",51,0,1,0,0,0,0,37.1101,-79.9495,37.1101,-79.9495,0,0,0,0,0,67,0,0,0
665513,2022,5,3,"2022-05-03","14:00:00",3,"VA",51,0,1,0,0,0,0,36.97,-81.04,36.97,-81.04,0,0,0,0,0,197,0,0,0
665514,2022,5,3,"2022-05-03","14:01:00",3,"OH",39,0,1,0,0,0,0,39.95,-82.01,39.95,-82.01,0,0,0,0,0,119,0,0,0
665515,2022,5,3,"2022-05-03","14:02:00",3,"FL",12,0,1,0,0,0,0,30.43,-84.44,30.43,-84.44,0,0,0,0,0,73,0,0,0
665516,2022,5,3,"2022-05-03","14:02:00",3,"OH",39,0,1.75,0,0,0,0,39.95,-81.99,39.95,-81.99,0,0,0,0,0,119,0,0,0
665517,2022,5,3,"2022-05-03","14:05:00",3,"OH",39,0,2,0,0,0,0,39.98,-81.9,39.98,-81.9,0,0,0,0,0,119,0,0,0
665518,2022,5,3,"2022-05-03","14:06:00",3,"OH",39,0,1,0,0,0,0,39.94,-81.97,39.94,-81.97,0,0,0,0,0,119,0,0,0
665519,2022,5,3,"2022-05-03","14:15:00",3,"TN",47,0,0.88,0,0,0,0,36.4209,-86.2496,36.4209,-86.2496,0,0,0,0,0,169,0,0,0
665520,2022,5,3,"2022-05-03","14:19:00",3,"VA",51,0,1,0,0,0,0,36.73,-78.92,36.73,-78.92,0,0,0,0,0,83,0,0,0
665521,2022,5,3,"2022-05-03","14:20:00",3,"GA",13,0,1.25,0,0,0,0,32.66,-81.83,32.66,-81.83,0,0,0,0,0,251,0,0,0
665522,2022,5,3,"2022-05-03","14:25:00",3,"NC",37,0,1.25,0,0,0,0,35.3207,-78.6764,35.3207,-78.6764,0,0,0,0,0,85,0,0,0
665523,2022,5,3,"2022-05-03","14:30:00",3,"SC",45,0,1,0,0,0,0,34.4208,-81.2984,34.4208,-81.2984,0,0,0,0,0,39,0,0,0
665524,2022,5,3,"2022-05-03","14:58:00",3,"VA",51,0,1,0,0,0,0,36.7,-78.68,36.7,-78.68,0,0,0,0,0,83,0,0,0
665525,2022,5,3,"2022-05-03","14:58:00",3,"SC",45,0,1,0,0,0,0,34.7155,-80.621,34.7155,-80.621,0,0,0,0,0,57,0,0,0
665526,2022,5,3,"2022-05-03","15:03:00",3,"VA",51,0,0.88,0,0,0,0,37.2396,-80.4698,37.2396,-80.4698,0,0,0,0,0,121,0,0,0
665527,2022,5,3,"2022-05-03","15:15:00",3,"OH",39,0,1,0,0,0,0,40.84,-84.09,40.84,-84.09,0,0,0,0,0,3,0,0,0
665528,2022,5,3,"2022-05-03","16:01:00",3,"SC",45,0,1,0,0,0,0,33.761,-81.6416,33.761,-81.6416,0,0,0,0,0,3,0,0,0
665529,2022,5,3,"2022-05-03","16:14:00",3,"GA",13,0,0.88,0,0,0,0,31.51,-82.91,31.51,-82.91,0,0,0,0,0,69,0,0,0
665530,2022,5,3,"2022-05-03","16:15:00",3,"OH",39,0,1,0,0,0,0,39.95,-82.01,39.95,-82.01,0,0,0,0,0,119,0,0,0
665531,2022,5,3,"2022-05-03","16:18:00",3,"OH",39,0,1.5,0,0,0,0,41.0518,-83.014,41.0518,-83.014,0,0,0,0,0,147,0,0,0
665532,2022,5,3,"2022-05-03","16:20:00",3,"VA",51,0,0.88,0,0,0,0,37.35,-78.98,37.35,-78.98,0,0,0,0,0,31,0,0,0
665533,2022,5,3,"2022-05-03","16:20:00",3,"SC",45,0,1,0,0,0,0,32.86,-81.07,32.86,-81.07,0,0,0,0,0,49,0,0,0
665534,2022,5,3,"2022-05-03","16:40:00",3,"GA",13,0,1,0,0,0,0,31.39,-82.96,31.39,-82.96,0,0,0,0,0,3,0,0,0
665535,2022,5,3,"2022-05-03","18:22:00",3,"VA",51,0,0.88,0,0,0,0,37.1388,-80.6824,37.1388,-80.6824,0,0,0,0,0,155,0,0,0
665536,2022,5,3,"2022-05-03","20:29:00",3,"AL",1,0,0.88,0,0,0,0,33.3,-86.13,33.3,-86.13,0,0,0,0,0,121,0,0,0
665537,2022,5,3,"2022-05-03","20:40:00",3,"AL",1,0,1,0,0,0,0,33.32,-86.08,33.32,-86.08,0,0,0,0,0,121,0,0,0
665538,2022,5,3,"2022-05-03","20:48:00",3,"AL",1,0,1,0,0,0,0,33.32,-86,33.32,-86,0,0,0,0,0,121,0,0,0
665539,2022,5,3,"2022-05-03","21:22:00",3,"AL",1,0,1,0,0,0,0,33.32,-85.75,33.32,-85.75,0,0,0,0,0,27,0,0,0
665540,2022,5,3,"2022-05-03","21:29:00",3,"AL",1,0,1,0,0,0,0,33.35,-85.72,33.35,-85.72,0,0,0,0,0,27,0,0,0
665541,2022,5,3,"2022-05-03","21:46:00",3,"AL",1,0,1,0,0,0,0,33.33,-85.56,33.33,-85.56,0,0,0,0,0,111,0,0,0
665542,2022,5,4,"2022-05-04","07:14:00",3,"OK",40,0,0.75,0,0,0,0,35.9737,-95.9394,35.9737,-95.9394,0,0,0,0,0,143,0,0,0
665543,2022,5,4,"2022-05-04","09:12:00",3,"KS",20,0,1,0,0,0,0,37.62,-97.93,37.62,-97.93,0,0,0,0,0,95,0,0,0
665544,2022,5,4,"2022-05-04","10:05:00",3,"NC",37,0,0.75,0,0,0,0,35.57,-82.46,35.57,-82.46,0,0,0,0,0,21,0,0,0
665545,2022,5,4,"2022-05-04","12:00:00",3,"OK",40,0,2,0,0,0,0,35.22,-99.04,35.22,-99.04,0,0,0,0,0,149,0,0,0
665546,2022,5,4,"2022-05-04","12:07:00",3,"OK",40,0,1.25,0,0,0,0,35.3,-98.99,35.3,-98.99,0,0,0,0,0,149,0,0,0
665547,2022,5,4,"2022-05-04","12:50:00",3,"TX",48,0,1,0,0,0,0,35.02,-102.1,35.02,-102.1,0,0,0,0,0,381,0,0,0
665548,2022,5,4,"2022-05-04","12:54:00",3,"SC",45,0,0.75,0,0,0,0,32.91,-79.89,32.91,-79.89,0,0,0,0,0,15,0,0,0
665549,2022,5,4,"2022-05-04","12:55:00",3,"VA",51,0,1,0,0,0,0,37.34,-77.06,37.34,-77.06,0,0,0,0,0,1,0,0,0
665550,2022,5,4,"2022-05-04","13:12:00",3,"TX",48,0,1,0,0,0,0,35.08,-101.91,35.08,-101.91,0,0,0,0,0,381,0,0,0
665551,2022,5,4,"2022-05-04","13:20:00",3,"TX",48,0,1,0,0,0,0,35.12,-101.88,35.12,-101.88,0,0,0,0,0,381,0,0,0
665552,2022,5,4,"2022-05-04","13:25:00",3,"TX",48,0,1.5,0,0,0,0,35.09,-101.83,35.09,-101.83,0,0,0,0,0,381,0,0,0
665553,2022,5,4,"2022-05-04","13:43:00",3,"TX",48,0,1.5,0,0,0,0,35.18,-101.62,35.18,-101.62,0,0,0,0,0,65,0,0,0
665554,2022,5,4,"2022-05-04","14:00:00",3,"OK",40,0,1,0,0,0,0,36.11,-97.9,36.11,-97.9,0,0,0,0,0,73,0,0,0
665555,2022,5,4,"2022-05-04","14:05:00",3,"VA",51,0,1,0,0,0,0,37.03,-76.61,37.03,-76.61,0,0,0,0,0,93,0,0,0
665556,2022,5,4,"2022-05-04","14:06:00",3,"NC",37,0,1,0,0,0,0,35.62,-80.82,35.62,-80.82,0,0,0,0,0,97,0,0,0
665557,2022,5,4,"2022-05-04","14:07:00",3,"NC",37,0,0.75,0,0,0,0,35.63,-80.79,35.63,-80.79,0,0,0,0,0,97,0,0,0
665558,2022,5,4,"2022-05-04","14:14:00",3,"TX",48,0,1,0,0,0,0,34.7103,-101.4405,34.7103,-101.4405,0,0,0,0,0,45,0,0,0
665559,2022,5,4,"2022-05-04","14:55:00",3,"NC",37,0,0.75,0,0,0,0,35.3,-81.08,35.3,-81.08,0,0,0,0,0,71,0,0,0
665560,2022,5,4,"2022-05-04","14:56:00",3,"TX",48,0,1,0,0,0,0,35.29,-101.54,35.29,-101.54,0,0,0,0,0,65,0,0,0
665561,2022,5,4,"2022-05-04","14:56:00",3,"TX",48,0,0.88,0,0,0,0,35.23,-101.6,35.23,-101.6,0,0,0,0,0,65,0,0,0
665562,2022,5,4,"2022-05-04","15:00:00",3,"SC",45,0,0.75,0,0,0,0,32.9,-80.01,32.9,-80.01,0,0,0,0,0,15,0,0,0
665563,2022,5,4,"2022-05-04","15:05:00",3,"SC",45,0,1.25,0,0,0,0,35.07,-81.53,35.07,-81.53,0,0,0,0,0,21,0,0,0
665564,2022,5,4,"2022-05-04","15:10:00",3,"SC",45,0,0.88,0,0,0,0,32.88,-79.99,32.88,-79.99,0,0,0,0,0,19,0,0,0
665565,2022,5,4,"2022-05-04","15:25:00",3,"NC",37,0,1,0,0,0,0,36.45,-76.33,36.45,-76.33,0,0,0,0,0,29,0,0,0
665566,2022,5,4,"2022-05-04","15:35:00",3,"NC",37,0,1,0,0,0,0,36.22,-75.87,36.22,-75.87,0,0,0,0,0,53,0,0,0
665567,2022,5,4,"2022-05-04","15:55:00",3,"NC",37,0,1,0,0,0,0,36.36,-75.96,36.36,-75.96,0,0,0,0,0,53,0,0,0
665568,2022,5,4,"2022-05-04","16:00:00",3,"NC",37,0,1,0,0,0,0,35.13,-80.84,35.13,-80.84,0,0,0,0,0,119,0,0,0
665569,2022,5,4,"2022-05-04","16:00:00",3,"SC",45,0,0.75,0,0,0,0,35.0594,-80.8914,35.0594,-80.8914,0,0,0,0,0,57,0,0,0
665570,2022,5,4,"2022-05-04","16:04:00",3,"TX",48,0,1,0,0,0,0,33.8675,-101.0696,33.8675,-101.0696,0,0,0,0,0,153,0,0,0
665571,2022,5,4,"2022-05-04","16:15:00",3,"TX",48,0,2.5,0,0,0,0,33.7592,-100.8165,33.7734,-100.7949,0,0,0,0,0,125,0,0,0
665572,2022,5,4,"2022-05-04","16:17:00",3,"NC",37,0,1,0,0,0,0,36.06,-76.6,36.06,-76.6,0,0,0,0,0,41,0,0,0
665573,2022,5,4,"2022-05-04","16:20:00",3,"NC",37,0,1,0,0,0,0,36.07,-76.6,36.07,-76.6,0,0,0,0,0,41,0,0,0
665574,2022,5,4,"2022-05-04","16:30:00",3,"TX",48,0,1,0,0,0,0,34.0735,-100.877,34.0735,-100.877,0,0,0,0,0,345,0,0,0
665575,2022,5,4,"2022-05-04","16:40:00",3,"NC",37,0,1,0,0,0,0,35.73,-76.15,35.73,-76.15,0,0,0,0,0,177,0,0,0
665576,2022,5,4,"2022-05-04","17:00:00",3,"TX",48,0,2.5,0,0,0,0,33.8524,-100.4799,33.8929,-100.3276,0,0,0,0,0,101,0,0,0
665577,2022,5,4,"2022-05-04","17:04:00",3,"OK",40,0,1,0,0,0,0,36.1566,-96.2463,36.1566,-96.2463,0,0,0,0,0,143,0,0,0
665578,2022,5,4,"2022-05-04","17:06:00",3,"TX",48,0,1,0,0,0,0,32.83,-100.43,32.83,-100.43,0,0,0,0,0,151,0,0,0
665579,2022,5,4,"2022-05-04","17:07:00",3,"OK",40,0,1.25,0,0,30000,0,36.14,-96.1,36.14,-96.1,0,0,0,0,0,143,0,0,0
665580,2022,5,4,"2022-05-04","17:08:00",3,"OK",40,0,1,0,0,0,0,36.1795,-96.1505,36.1795,-96.1505,0,0,0,0,0,113,0,0,0
665581,2022,5,4,"2022-05-04","17:46:00",3,"TX",48,0,1.75,0,0,0,0,32.6782,-100.8125,32.6782,-100.8125,0,0,0,0,0,415,0,0,0
665582,2022,5,4,"2022-05-04","17:55:00",3,"MS",28,0,0.88,0,0,0,0,34.29,-90.11,34.29,-90.11,0,0,0,0,0,107,0,0,0
665583,2022,5,4,"2022-05-04","18:15:00",3,"OK",40,0,1,0,0,0,0,35.93,-96.4,35.93,-96.4,0,0,0,0,0,37,0,0,0
665584,2022,5,4,"2022-05-04","18:16:00",3,"TX",48,0,1.5,0,0,0,0,29.36,-100.9,29.36,-100.9,0,0,0,0,0,465,0,0,0
665585,2022,5,4,"2022-05-04","18:25:00",3,"TX",48,0,0.88,0,0,0,0,29.37,-100.91,29.37,-100.91,0,0,0,0,0,465,0,0,0
665586,2022,5,4,"2022-05-04","18:25:00",3,"TX",48,0,1,0,0,0,0,29.37,-100.87,29.37,-100.87,0,0,0,0,0,465,0,0,0
665587,2022,5,4,"2022-05-04","18:49:00",3,"MS",28,0,1.25,0,0,0,0,34.19,-89.8,34.19,-89.8,0,0,0,0,0,107,0,0,0
665588,2022,5,4,"2022-05-04","18:52:00",3,"MS",28,0,1,0,0,0,0,34.23,-89.7,34.23,-89.7,0,0,0,0,0,71,0,0,0
665589,2022,5,4,"2022-05-04","18:54:00",3,"OK",40,0,1.75,0,0,0,0,34.9,-99.92,34.9,-99.92,0,0,0,0,0,57,0,0,0
665590,2022,5,4,"2022-05-04","18:56:00",3,"TX",48,0,1,0,0,0,0,34.87,-100.08,34.87,-100.08,0,0,0,0,0,87,0,0,0
665591,2022,5,4,"2022-05-04","19:21:00",3,"TX",48,0,0.88,0,0,0,0,33.19,-99.89,33.19,-99.89,0,0,0,0,0,207,0,0,0
665592,2022,5,4,"2022-05-04","19:32:00",3,"OK",40,0,0.75,0,0,0,0,35.6,-96.18,35.6,-96.18,0,0,0,0,0,111,0,0,0
665593,2022,5,4,"2022-05-04","19:40:00",3,"TX",48,0,2.75,0,0,0,0,29.17,-100.4,29.17,-100.4,0,0,0,0,0,271,0,0,0
665594,2022,5,4,"2022-05-04","19:40:00",3,"TX",48,0,0.88,0,0,0,0,29.34,-100.42,29.34,-100.42,0,0,0,0,0,271,0,0,0
665595,2022,5,4,"2022-05-04","20:26:00",3,"OK",40,0,0.88,0,0,0,0,35.43,-96.3,35.43,-96.3,0,0,0,0,0,107,0,0,0
665596,2022,5,4,"2022-05-04","20:32:00",3,"TX",48,0,1.75,0,0,0,0,29.32,-99.93,29.32,-99.93,0,0,0,0,0,463,0,0,0
665597,2022,5,4,"2022-05-04","20:45:00",3,"TX",48,0,1,0,0,0,0,29.24,-99.79,29.24,-99.79,0,0,0,0,0,463,0,0,0
665598,2022,5,4,"2022-05-04","20:48:00",3,"OK",40,0,0.75,0,0,0,0,35.32,-96.3,35.32,-96.3,0,0,0,0,0,107,0,0,0
665599,2022,5,4,"2022-05-04","21:07:00",3,"TX",48,0,1.5,0,0,0,0,30.73,-101.2,30.73,-101.2,0,0,0,0,0,105,0,0,0
665600,2022,5,4,"2022-05-04","21:09:00",3,"OK",40,0,1,0,0,0,0,35.51,-96.03,35.51,-96.03,0,0,0,0,0,111,0,0,0
665601,2022,5,4,"2022-05-04","21:15:00",3,"TX",48,0,1.5,0,0,0,0,29.33,-99.47,29.33,-99.47,0,0,0,0,0,463,0,0,0
665602,2022,5,4,"2022-05-04","22:19:00",3,"TX",48,0,1,0,0,0,0,36.07,-100.51,36.07,-100.51,0,0,0,0,0,295,0,0,0
665603,2022,5,4,"2022-05-04","22:22:00",3,"TX",48,0,1,0,0,0,0,29.64,-98.96,29.64,-98.96,0,0,0,0,0,19,0,0,0
665604,2022,5,4,"2022-05-04","22:56:00",3,"TX",48,0,0.75,0,0,0,0,29.37,-98.88,29.37,-98.88,0,0,0,0,0,325,0,0,0
665605,2022,5,4,"2022-05-04","23:25:00",3,"TX",48,0,0.75,0,0,0,0,29.42,-98.5,29.42,-98.5,0,0,0,0,0,29,0,0,0
665606,2022,5,5,"2022-05-05","02:36:00",3,"AR",5,0,1,0,0,0,0,36.39,-92.35,36.39,-92.35,0,0,0,0,0,5,0,0,0
665607,2022,5,5,"2022-05-05","08:58:00",3,"TX",48,0,1,0,0,0,0,31.04,-98.02,31.04,-98.02,0,0,0,0,0,281,0,0,0
665608,2022,5,5,"2022-05-05","09:00:00",3,"OK",40,0,1,0,0,0,0,35.4352,-97.4414,35.4352,-97.4414,0,0,0,0,0,109,0,0,0
665609,2022,5,5,"2022-05-05","09:03:00",3,"OK",40,0,1.5,0,0,0,0,35.53,-97.96,35.53,-97.96,0,0,0,0,0,17,0,0,0
665610,2022,5,5,"2022-05-05","09:15:00",3,"OK",40,0,1.75,0,0,0,0,35.51,-97.93,35.51,-97.93,0,0,0,0,0,17,0,0,0
665611,2022,5,5,"2022-05-05","09:18:00",3,"OK",40,0,1,0,0,0,0,35.57,-97.42,35.57,-97.42,0,0,0,0,0,109,0,0,0
665612,2022,5,5,"2022-05-05","09:22:00",3,"OK",40,0,0.88,0,0,0,0,35.6,-97.75,35.6,-97.75,0,0,0,0,0,17,0,0,0
665613,2022,5,5,"2022-05-05","09:30:00",3,"OK",40,0,1,0,0,0,0,35.68,-97.62,35.68,-97.62,0,0,0,0,0,109,0,0,0
665614,2022,5,5,"2022-05-05","09:44:00",3,"OK",40,0,1.25,0,0,0,0,35.51,-97.74,35.51,-97.74,0,0,0,0,0,17,0,0,0
665615,2022,5,5,"2022-05-05","09:57:00",3,"OK",40,0,1,0,0,0,0,35.61,-97.57,35.61,-97.57,0,0,0,0,0,109,0,0,0
665616,2022,5,5,"2022-05-05","10:00:00",3,"OK",40,0,1,0,0,0,0,35.62,-97.66,35.62,-97.66,0,0,0,0,0,109,0,0,0
665617,2022,5,5,"2022-05-05","10:02:00",3,"OK",40,0,1,0,0,0,0,35.59,-97.58,35.59,-97.58,0,0,0,0,0,109,0,0,0
665618,2022,5,5,"2022-05-05","10:02:00",3,"OK",40,0,1,0,0,0,0,36.12,-97.06,36.12,-97.06,0,0,0,0,0,119,0,0,0
665619,2022,5,5,"2022-05-05","10:04:00",3,"OK",40,0,1.75,0,0,0,0,36.12,-97.06,36.12,-97.06,0,0,0,0,0,119,0,0,0
665620,2022,5,5,"2022-05-05","10:04:00",3,"OK",40,0,1,0,0,0,0,35.62,-97.6,35.62,-97.6,0,0,0,0,0,109,0,0,0
665621,2022,5,5,"2022-05-05","10:04:00",3,"OK",40,0,1,0,0,0,0,35.57,-97.66,35.57,-97.66,0,0,0,0,0,109,0,0,0
665622,2022,5,5,"2022-05-05","10:05:00",3,"OK",40,0,1,0,0,0,0,35.61,-97.63,35.61,-97.63,0,0,0,0,0,109,0,0,0
665623,2022,5,5,"2022-05-05","10:06:00",3,"OK",40,0,1.5,0,0,0,0,36.8,-97.29,36.8,-97.29,0,0,0,0,0,71,0,0,0
665624,2022,5,5,"2022-05-05","10:10:00",3,"OK",40,0,1.75,0,0,0,0,36.81,-97.28,36.81,-97.28,0,0,0,0,0,71,0,0,0
665625,2022,5,5,"2022-05-05","10:11:00",3,"OK",40,0,1,0,0,0,0,35.7,-97.55,35.7,-97.55,0,0,0,0,0,109,0,0,0
665626,2022,5,5,"2022-05-05","10:12:00",3,"OK",40,0,1.75,0,0,0,0,35.65,-97.58,35.65,-97.58,0,0,0,0,0,109,0,0,0
665627,2022,5,5,"2022-05-05","10:25:00",3,"OK",40,0,1,0,0,0,0,35.88,-97.42,35.88,-97.42,0,0,0,0,0,83,0,0,0
665628,2022,5,5,"2022-05-05","10:25:00",3,"OK",40,0,1.75,0,0,0,0,35.89,-97.42,35.89,-97.42,0,0,0,0,0,83,0,0,0
665629,2022,5,5,"2022-05-05","11:24:00",3,"OK",40,0,0.88,0,0,0,0,35.62,-95.97,35.62,-95.97,0,0,0,0,0,111,0,0,0
665630,2022,5,5,"2022-05-05","11:25:00",3,"TX",48,0,1,0,0,0,0,33.27,-95.73,33.27,-95.73,0,0,0,0,0,223,0,0,0
665631,2022,5,5,"2022-05-05","11:57:00",3,"TX",48,0,1,0,0,0,0,32.9,-94.56,32.9,-94.56,0,0,0,0,0,67,0,0,0
665632,2022,5,5,"2022-05-05","12:00:00",3,"OK",40,0,1.75,0,0,0,0,33.79,-96.21,33.79,-96.21,0,0,0,0,0,13,0,0,0
665633,2022,5,5,"2022-05-05","12:15:00",3,"TX",48,0,1.75,0,0,3000,0,33.78,-96.02,33.78,-96.02,0,0,0,0,0,147,0,0,0
665634,2022,5,5,"2022-05-05","12:25:00",3,"OK",40,0,1.25,0,0,0,0,33.88,-96.01,33.88,-96.01,0,0,0,0,0,13,0,0,0
665635,2022,5,5,"2022-05-05","12:35:00",3,"OK",40,0,1,0,0,0,0,34.8451,-95.5582,34.8451,-95.5582,0,0,0,0,0,121,0,0,0
665636,2022,5,5,"2022-05-05","12:38:00",3,"TX",48,0,1,0,0,0,0,31.71,-96.53,31.71,-96.53,0,0,0,0,0,293,0,0,0
665637,2022,5,5,"2022-05-05","12:47:00",3,"AR",5,0,1,0,0,0,0,34.38,-91.13,34.38,-91.13,0,0,0,0,0,1,0,0,0
665638,2022,5,5,"2022-05-05","12:52:00",3,"OK",40,0,0.88,0,0,0,0,34.01,-95.09,34.01,-95.09,0,0,0,0,0,89,0,0,0
665639,2022,5,5,"2022-05-05","13:08:00",3,"TX",48,0,0.88,0,0,0,0,32.4,-96.83,32.4,-96.83,0,0,0,0,0,139,0,0,0
665640,2022,5,5,"2022-05-05","13:11:00",3,"AR",5,0,1,0,0,0,0,34.08,-91.7,34.08,-91.7,0,0,0,0,0,79,0,0,0
665641,2022,5,5,"2022-05-05","13:21:00",3,"OK",40,0,0.88,0,0,0,0,36.13,-95.89,36.13,-95.89,0,0,0,0,0,143,0,0,0
665642,2022,5,5,"2022-05-05","13:21:00",3,"OK",40,0,0.75,0,0,0,0,36.1334,-95.8645,36.1334,-95.8645,0,0,0,0,0,143,0,0,0
665643,2022,5,5,"2022-05-05","13:23:00",3,"OK",40,0,0.75,0,0,0,0,36.13,-95.78,36.13,-95.78,0,0,0,0,0,143,0,0,0
665644,2022,5,5,"2022-05-05","13:25:00",3,"AR",5,0,1,0,0,0,0,34.56,-90.77,34.56,-90.77,0,0,0,0,0,107,0,0,0
665645,2022,5,5,"2022-05-05","13:33:00",3,"AR",5,0,1,0,0,0,0,34.75,-90.67,34.75,-90.67,0,0,0,0,0,107,0,0,0
665646,2022,5,5,"2022-05-05","13:35:00",3,"OK",40,0,1,0,0,0,0,36.1,-95.82,36.1,-95.82,0,0,0,0,0,143,0,0,0
665647,2022,5,5,"2022-05-05","13:43:00",3,"OK",40,0,1,0,0,0,0,35.66,-95.2,35.66,-95.2,0,0,0,0,0,101,0,0,0
665648,2022,5,5,"2022-05-05","14:00:00",3,"TN",47,0,0.88,0,0,0,0,35.64,-88.22,35.64,-88.22,0,0,0,0,0,77,0,0,0
665649,2022,5,5,"2022-05-05","15:08:00",3,"TN",47,0,1,0,0,0,0,36.4088,-86.0226,36.4088,-86.0226,0,0,0,0,0,169,0,0,0
665650,2022,5,5,"2022-05-05","15:10:00",3,"TX",48,0,1,0,0,0,0,30.46,-98.78,30.46,-98.78,0,0,0,0,0,171,0,0,0
665651,2022,5,5,"2022-05-05","15:11:00",3,"MS",28,0,1,0,0,0,0,34.71,-89.61,34.71,-89.61,0,0,0,0,0,93,0,0,0
665652,2022,5,5,"2022-05-05","15:15:00",3,"TX",48,0,1,0,0,0,0,32,-94.17,32,-94.17,0,0,0,0,0,365,0,0,0
665653,2022,5,5,"2022-05-05","15:20:00",3,"TN",47,0,0.88,0,0,0,0,35.75,-86.65,35.75,-86.65,0,0,0,0,0,149,0,0,0
665654,2022,5,5,"2022-05-05","15:29:00",3,"MS",28,0,0.88,0,0,0,0,34.77,-89.44,34.77,-89.44,0,0,0,0,0,93,0,0,0
665655,2022,5,5,"2022-05-05","15:30:00",3,"MS",28,0,1.25,0,0,0,0,34.77,-89.43,34.77,-89.43,0,0,0,0,0,93,0,0,0
665656,2022,5,5,"2022-05-05","15:32:00",3,"TN",47,0,1,0,0,0,0,35.75,-86.55,35.75,-86.55,0,0,0,0,0,149,0,0,0
665657,2022,5,5,"2022-05-05","15:53:00",3,"TX",48,0,0.88,0,0,0,0,30.67,-97.92,30.67,-97.92,0,0,0,0,0,491,0,0,0
665658,2022,5,5,"2022-05-05","15:55:00",3,"MS",28,0,1.25,0,0,0,0,34.84,-89.17,34.84,-89.17,0,0,0,0,0,9,0,0,0
665659,2022,5,5,"2022-05-05","16:03:00",3,"TX",48,0,1.5,0,0,0,0,30.63,-97.87,30.63,-97.87,0,0,0,0,0,491,0,0,0
665660,2022,5,5,"2022-05-05","16:09:00",3,"TX",48,0,1,0,0,0,0,30.64,-97.83,30.64,-97.83,0,0,0,0,0,491,0,0,0
665661,2022,5,5,"2022-05-05","16:21:00",3,"TN",47,0,1,0,0,0,0,35.83,-86.08,35.83,-86.08,0,0,0,0,0,15,0,0,0
665662,2022,5,5,"2022-05-05","16:25:00",3,"TX",48,0,2,0,0,0,0,30.27,-98.46,30.27,-98.46,0,0,0,0,0,31,0,0,0
665663,2022,5,5,"2022-05-05","16:30:00",3,"TX",48,0,1,0,0,0,0,30.28,-98.41,30.28,-98.41,0,0,0,0,0,31,0,0,0
665664,2022,5,5,"2022-05-05","16:31:00",3,"TX",48,0,2,0,0,0,0,30.28,-98.43,30.28,-98.43,0,0,0,0,0,31,0,0,0
665665,2022,5,5,"2022-05-05","17:48:00",3,"TN",47,0,1.5,0,0,5000,0,35.9398,-85.3502,35.9398,-85.3502,0,0,0,0,0,185,0,0,0
665666,2022,5,5,"2022-05-05","17:48:00",3,"TN",47,0,1,0,0,0,0,35.9211,-85.3477,35.9211,-85.3477,0,0,0,0,0,185,0,0,0
665667,2022,5,5,"2022-05-05","17:49:00",3,"TN",47,0,1.75,0,0,10000,0,35.9309,-85.3307,35.9309,-85.3307,0,0,0,0,0,185,0,0,0
665668,2022,5,5,"2022-05-05","17:50:00",3,"TN",47,0,1,0,0,10000,0,35.9307,-85.3305,35.9307,-85.3305,0,0,0,0,0,185,0,0,0
665669,2022,5,5,"2022-05-05","18:01:00",3,"TN",47,0,1,0,0,0,0,35.97,-85.18,35.97,-85.18,0,0,0,0,0,35,0,0,0
665670,2022,5,5,"2022-05-05","18:23:00",3,"TX",48,0,1.25,0,0,0,0,29.86,-97.86,29.86,-97.86,0,0,0,0,0,55,0,0,0
665671,2022,5,5,"2022-05-05","18:55:00",3,"TX",48,0,1,0,0,0,0,29.67,-98.15,29.67,-98.15,0,0,0,0,0,91,0,0,0
665672,2022,5,5,"2022-05-05","19:07:00",3,"TX",48,0,0.88,0,0,0,0,29.66,-98.12,29.66,-98.12,0,0,0,0,0,187,0,0,0
665673,2022,5,6,"2022-05-06","08:27:00",3,"FL",12,0,1,0,0,0,0,30.3745,-86.5045,30.3745,-86.5045,0,0,0,0,0,91,0,0,0
665674,2022,5,6,"2022-05-06","11:30:00",3,"TN",47,0,1,0,0,0,0,35.76,-83.97,35.76,-83.97,0,0,0,0,0,9,0,0,0
665675,2022,5,6,"2022-05-06","12:10:00",3,"TN",47,0,2.25,0,0,0,0,35.8724,-85.0551,35.8724,-85.0551,0,0,0,0,0,35,0,0,0
665676,2022,5,6,"2022-05-06","12:15:00",3,"TN",47,0,2,0,0,0,0,35.9104,-85.0588,35.9104,-85.0588,0,0,0,0,0,35,0,0,0
665677,2022,5,6,"2022-05-06","12:20:00",3,"NC",37,0,1.25,0,0,0,0,35.2,-83.82,35.2,-83.82,0,0,0,0,0,39,0,0,0
665678,2022,5,6,"2022-05-06","12:30:00",3,"GA",13,0,1,0,0,0,0,31.55,-83.08,31.55,-83.08,0,0,0,0,0,155,0,0,0
665679,2022,5,6,"2022-05-06","12:30:00",3,"TN",47,0,1.25,0,0,0,0,36.44,-84.32,36.44,-84.32,0,0,0,0,0,13,0,0,0
665680,2022,5,6,"2022-05-06","12:50:00",3,"TN",47,0,1,0,0,0,0,36.42,-83.23,36.42,-83.23,0,0,0,0,0,67,0,0,0
665681,2022,5,6,"2022-05-06","12:50:00",3,"TN",47,0,1.5,0,0,0,0,35.49,-84.19,35.49,-84.19,0,0,0,0,0,123,0,0,0
665682,2022,5,6,"2022-05-06","12:54:00",3,"TN",47,0,0.88,0,0,0,0,36.07,-86.67,36.07,-86.67,0,0,0,0,0,37,0,0,0
665683,2022,5,6,"2022-05-06","13:18:00",3,"GA",13,0,1.25,0,0,0,0,32.29,-82.52,32.29,-82.52,0,0,0,0,0,209,0,0,0
665684,2022,5,6,"2022-05-06","13:28:00",3,"NC",37,0,1.25,0,0,0,0,35.71,-77.22,35.71,-77.22,0,0,0,0,0,147,0,0,0
665685,2022,5,6,"2022-05-06","13:30:00",3,"TN",47,0,1.25,0,0,0,0,36.16,-83.45,36.16,-83.45,0,0,0,0,0,63,0,0,0
665686,2022,5,6,"2022-05-06","13:30:00",3,"TN",47,0,1.25,0,0,0,0,36.44,-84.32,36.44,-84.32,0,0,0,0,0,13,0,0,0
665687,2022,5,6,"2022-05-06","13:35:00",3,"NC",37,0,1,0,0,0,0,35.91,-77.29,35.91,-77.29,0,0,0,0,0,117,0,0,0
665688,2022,5,6,"2022-05-06","13:38:00",3,"GA",13,0,1.75,0,0,0,0,32.77,-82.89,32.77,-82.89,0,0,0,0,0,167,0,0,0
665689,2022,5,6,"2022-05-06","13:40:00",3,"NC",37,0,1,0,0,0,0,35.7217,-78.8887,35.7217,-78.8887,0,0,0,0,0,183,0,0,0
665690,2022,5,6,"2022-05-06","13:46:00",3,"NC",37,0,1,0,0,0,0,35.8301,-78.84,35.8301,-78.84,0,0,0,0,0,183,0,0,0
665691,2022,5,6,"2022-05-06","13:50:00",3,"NC",37,0,1.25,0,0,0,0,35.7797,-78.8014,35.7797,-78.8014,0,0,0,0,0,183,0,0,0
665692,2022,5,6,"2022-05-06","13:50:00",3,"TN",47,0,1,0,0,0,0,35.39,-84.8,35.39,-84.8,0,0,0,0,0,107,0,0,0
665693,2022,5,6,"2022-05-06","13:50:00",3,"TN",47,0,1.5,0,0,0,0,35.49,-84.19,35.49,-84.19,0,0,0,0,0,123,0,0,0
665694,2022,5,6,"2022-05-06","13:53:00",3,"GA",13,0,1,0,0,0,0,32.44,-82.09,32.44,-82.09,0,0,0,0,0,43,0,0,0
665695,2022,5,6,"2022-05-06","13:56:00",3,"NC",37,0,1.25,0,0,0,0,35.8686,-78.8028,35.8686,-78.8028,0,0,0,0,0,183,0,0,0
665696,2022,5,6,"2022-05-06","13:56:00",3,"GA",13,0,1.25,0,0,0,0,32.5,-82.1,32.5,-82.1,0,0,0,0,0,43,0,0,0
665697,2022,5,6,"2022-05-06","14:05:00",3,"NC",37,0,1,0,0,0,0,35.9692,-79.8307,35.9692,-79.8307,0,0,0,0,0,81,0,0,0
665698,2022,5,6,"2022-05-06","14:07:00",3,"NC",37,0,1,0,0,0,0,35.58,-77.3,35.58,-77.3,0,0,0,0,0,147,0,0,0
665699,2022,5,6,"2022-05-06","14:14:00",3,"NC",37,0,1.25,0,0,0,0,36.3,-76.98,36.3,-76.98,0,0,0,0,0,91,0,0,0
665700,2022,5,6,"2022-05-06","14:20:00",3,"TN",47,0,1.25,0,0,0,0,36.2,-82.95,36.2,-82.95,0,0,0,0,0,59,0,0,0
665701,2022,5,6,"2022-05-06","14:25:00",3,"NC",37,0,1,0,0,0,0,36.33,-77.32,36.33,-77.32,0,0,0,0,0,131,0,0,0
665702,2022,5,6,"2022-05-06","14:30:00",3,"NC",37,0,1.25,0,0,0,0,36.35,-77.29,36.35,-77.29,0,0,0,0,0,131,0,0,0
665703,2022,5,6,"2022-05-06","14:41:00",3,"GA",13,0,1.25,0,0,0,0,33.4,-82.12,33.4,-82.12,0,0,0,0,0,245,0,0,0
665704,2022,5,6,"2022-05-06","14:43:00",3,"GA",13,0,2,0,0,0,0,33.48,-82.07,33.4799,-81.9831,0,0,0,0,0,245,0,0,0
665705,2022,5,6,"2022-05-06","14:45:00",3,"SC",45,0,1.5,0,0,0,0,33.4878,-81.9817,33.4878,-81.9817,0,0,0,0,0,3,0,0,0
665706,2022,5,6,"2022-05-06","14:48:00",3,"TN",47,0,1.25,0,0,0,0,36.2,-82.84,36.2,-82.84,0,0,0,0,0,59,0,0,0
665707,2022,5,6,"2022-05-06","14:50:00",3,"SC",45,0,1,0,0,0,0,35.13,-82.24,35.13,-82.24,0,0,0,0,0,45,0,0,0
665708,2022,5,6,"2022-05-06","14:52:00",3,"SC",45,0,1.75,0,0,0,0,33.5642,-81.9365,33.5642,-81.9365,0,0,0,0,0,3,0,0,0
665709,2022,5,6,"2022-05-06","14:53:00",3,"SC",45,0,1,0,0,0,0,33.531,-81.9451,33.531,-81.9451,0,0,0,0,0,3,0,0,0
665710,2022,5,6,"2022-05-06","14:55:00",3,"VA",51,0,1.25,0,0,0,0,36.66,-82.18,36.66,-82.18,0,0,0,0,0,191,0,0,0
665711,2022,5,6,"2022-05-06","15:02:00",3,"VA",51,0,1,0,0,0,0,36.68,-76.92,36.68,-76.92,0,0,0,0,0,1,0,0,0
665712,2022,5,6,"2022-05-06","15:03:00",3,"SC",45,0,1,0,0,0,0,35.18,-82.09,35.18,-82.09,0,0,0,0,0,83,0,0,0
665713,2022,5,6,"2022-05-06","15:05:00",3,"TN",47,0,1,0,0,0,0,35.93,-83.34,35.93,-83.34,0,0,0,0,0,89,0,0,0
665714,2022,5,6,"2022-05-06","15:07:00",3,"SC",45,0,1,0,0,0,0,33.8,-81.8,33.8,-81.8,0,0,0,0,0,37,0,0,0
665715,2022,5,6,"2022-05-06","15:09:00",3,"NC",37,0,1,0,0,0,0,35.23,-81.98,35.23,-81.98,0,0,0,0,0,149,0,0,0
665716,2022,5,6,"2022-05-06","15:10:00",3,"TN",47,0,1.25,0,0,0,0,36.54,-82.46,36.54,-82.46,0,0,0,0,0,163,0,0,0
665717,2022,5,6,"2022-05-06","15:13:00",3,"NC",37,0,1.5,0,0,0,0,36.3587,-79.2258,36.3587,-79.2258,0,0,0,0,0,33,0,0,0
665718,2022,5,6,"2022-05-06","15:28:00",3,"SC",45,0,0.75,0,0,0,0,34.73,-81.62,34.73,-81.62,0,0,0,0,0,87,0,0,0
665719,2022,5,6,"2022-05-06","15:30:00",3,"NC",37,0,2.5,0,0,0,0,35.284,-81.698,35.284,-81.698,0,0,0,0,0,45,0,0,0
665720,2022,5,6,"2022-05-06","15:30:00",3,"NC",37,0,1.75,0,0,0,0,35.29,-81.75,35.29,-81.75,0,0,0,0,0,161,0,0,0
665721,2022,5,6,"2022-05-06","15:30:00",3,"NC",37,0,2.75,0,0,0,0,35.278,-81.729,35.278,-81.729,0,0,0,0,0,45,0,0,0
665722,2022,5,6,"2022-05-06","15:30:00",3,"SC",45,0,0.75,0,0,0,0,33.84,-81.93,33.84,-81.93,0,0,0,0,0,37,0,0,0
665723,2022,5,6,"2022-05-06","15:31:00",3,"SC",45,0,1,0,0,0,0,34,-81.77,34,-81.77,0,0,0,0,0,81,0,0,0
665724,2022,5,6,"2022-05-06","15:32:00",3,"SC",45,0,1,0,0,0,0,34.31,-80.96,34.31,-80.96,0,0,0,0,0,39,0,0,0
665725,2022,5,6,"2022-05-06","15:33:00",3,"SC",45,0,1.25,0,0,0,0,34.01,-81.77,34.01,-81.77,0,0,0,0,0,81,0,0,0
665726,2022,5,6,"2022-05-06","15:35:00",3,"NC",37,0,1.75,0,0,0,0,35.31,-81.7,35.31,-81.7,0,0,0,0,0,45,0,0,0
665727,2022,5,6,"2022-05-06","15:35:00",3,"SC",45,0,0.88,0,0,0,0,33.97,-81.28,33.97,-81.28,0,0,0,0,0,63,0,0,0
665728,2022,5,6,"2022-05-06","15:36:00",3,"NC",37,0,0.88,0,0,0,0,35.3,-81.54,35.3,-81.54,0,0,0,0,0,45,0,0,0
665729,2022,5,6,"2022-05-06","15:40:00",3,"VA",51,0,1.75,0,0,0,0,36.78,-81.69,36.83,-81.52,0,0,0,0,0,173,0,0,0
665730,2022,5,6,"2022-05-06","15:42:00",3,"TN",47,0,1,0,0,0,0,36.16,-82.82,36.16,-82.82,0,0,0,0,0,59,0,0,0
665731,2022,5,6,"2022-05-06","15:42:00",3,"SC",45,0,0.88,0,0,0,0,34.7,-80.78,34.7,-80.78,0,0,0,0,0,57,0,0,0
665732,2022,5,6,"2022-05-06","15:45:00",3,"SC",45,0,1.75,0,0,0,0,35.108,-81.355,35.108,-81.355,0,0,0,0,0,91,0,0,0
665733,2022,5,6,"2022-05-06","15:49:00",3,"SC",45,0,2,0,0,0,0,34.18,-81.55,34.18,-81.55,0,0,0,0,0,71,0,0,0
665734,2022,5,6,"2022-05-06","15:50:00",3,"VA",51,0,0.88,0,0,0,0,37.25,-81.27,37.25,-81.27,0,0,0,0,0,185,0,0,0
665735,2022,5,6,"2022-05-06","15:52:00",3,"NC",37,0,1.75,0,0,0,0,35.418,-81.374,35.504,-81.32,0,0,0,0,0,109,0,0,0
665736,2022,5,6,"2022-05-06","15:56:00",3,"NC",37,0,1,0,0,0,0,35.17,-81.23,35.17,-81.23,0,0,0,0,0,71,0,0,0
665737,2022,5,6,"2022-05-06","15:58:00",3,"SC",45,0,1,0,0,0,0,34.81,-81.24,34.81,-81.24,0,0,0,0,0,23,0,0,0
665738,2022,5,6,"2022-05-06","16:00:00",3,"SC",45,0,1.75,0,0,0,0,34.837,-81.219,34.837,-81.219,0,0,0,0,0,91,0,0,0
665739,2022,5,6,"2022-05-06","16:04:00",3,"SC",45,0,1,0,0,0,0,34.6353,-80.5284,34.6353,-80.5284,0,0,0,0,0,57,0,0,0
665740,2022,5,6,"2022-05-06","16:10:00",3,"SC",45,0,1.25,0,0,0,0,34.319,-80.2594,34.319,-80.2594,0,0,0,0,0,61,0,0,0
665741,2022,5,6,"2022-05-06","16:12:00",3,"SC",45,0,1,0,0,0,0,34.35,-80.17,34.35,-80.17,0,0,0,0,0,31,0,0,0
665742,2022,5,6,"2022-05-06","16:12:00",3,"TN",47,0,1,0,0,0,0,36.53,-82.73,36.53,-82.73,0,0,0,0,0,73,0,0,0
665743,2022,5,6,"2022-05-06","16:15:00",3,"SC",45,0,1,0,0,0,0,34.9,-81.03,34.9,-81.03,0,0,0,0,0,91,0,0,0
665744,2022,5,6,"2022-05-06","16:18:00",3,"SC",45,0,0.75,0,0,0,0,34.4,-80.16,34.4,-80.16,0,0,0,0,0,31,0,0,0
665745,2022,5,6,"2022-05-06","16:23:00",3,"SC",45,0,1,0,0,0,0,34.37,-80.07,34.37,-80.07,0,0,0,0,0,31,0,0,0
665746,2022,5,6,"2022-05-06","16:25:00",3,"NC",37,0,1.75,0,0,0,0,34.9595,-80.0815,34.9595,-80.0815,0,0,0,0,0,7,0,0,0
665747,2022,5,6,"2022-05-06","16:25:00",3,"NC",37,0,1.75,0,0,0,0,34.9608,-79.9928,34.9608,-79.9928,0,0,0,0,0,7,0,0,0
665748,2022,5,6,"2022-05-06","16:38:00",3,"VA",51,0,0.75,0,0,0,0,36.9407,-81.0596,36.9407,-81.0596,0,0,0,0,0,197,0,0,0
665749,2022,5,6,"2022-05-06","16:40:00",3,"SC",45,0,1,0,0,0,0,34.8162,-80.5268,34.8162,-80.5268,0,0,0,0,0,25,0,0,0
665750,2022,5,6,"2022-05-06","16:47:00",3,"VA",51,0,1,0,0,0,0,36.95,-80.95,36.95,-80.95,0,0,0,0,0,197,0,0,0
665751,2022,5,6,"2022-05-06","16:51:00",3,"VA",51,0,1,0,0,0,0,36.9777,-80.9306,36.9777,-80.9306,0,0,0,0,0,197,0,0,0
665752,2022,5,6,"2022-05-06","16:51:00",3,"NC",37,0,1,0,0,0,0,35.6652,-77.7662,35.6652,-77.7662,0,0,0,0,0,195,0,0,0
665753,2022,5,6,"2022-05-06","16:53:00",3,"SC",45,0,1,0,0,0,0,34.72,-79.84,34.72,-79.84,0,0,0,0,0,69,0,0,0
665754,2022,5,6,"2022-05-06","16:55:00",3,"NC",37,0,1,0,0,0,0,35.66,-77.68,35.66,-77.68,0,0,0,0,0,147,0,0,0
665755,2022,5,6,"2022-05-06","16:58:00",3,"NC",37,0,1.75,0,0,0,0,35.2898,-79.6373,35.2898,-79.6373,0,0,0,0,0,125,0,0,0
665756,2022,5,6,"2022-05-06","17:00:00",3,"NC",37,0,0.75,0,0,0,0,35.44,-81.43,35.44,-81.43,0,0,0,0,0,109,0,0,0
665757,2022,5,6,"2022-05-06","17:15:00",3,"NC",37,0,0.75,0,0,0,0,36.3493,-80.0399,36.3493,-80.0399,0,0,0,0,0,169,0,0,0
665758,2022,5,6,"2022-05-06","17:15:00",3,"NC",37,0,1,0,0,0,0,36.38,-80.0682,36.38,-80.0682,0,0,0,0,0,169,0,0,0
665759,2022,5,6,"2022-05-06","17:17:00",3,"NC",37,0,1,0,0,0,0,36.3395,-80.0511,36.3395,-80.0511,0,0,0,0,0,169,0,0,0
665760,2022,5,6,"2022-05-06","17:25:00",3,"NC",37,0,1.5,0,0,0,0,36.39,-79.97,36.39,-79.97,0,0,0,0,0,157,0,0,0
665761,2022,5,6,"2022-05-06","17:28:00",3,"NC",37,0,1.5,0,0,0,0,36.41,-79.97,36.41,-79.97,0,0,0,0,0,157,0,0,0
665762,2022,5,6,"2022-05-06","17:30:00",3,"VA",51,0,0.88,0,0,0,0,37.6279,-79.99,37.6279,-79.99,0,0,0,0,0,23,0,0,0
665763,2022,5,6,"2022-05-06","17:42:00",3,"NC",37,0,0.75,0,0,0,0,36.211,-81.3609,36.211,-81.3609,0,0,0,0,0,193,0,0,0
665764,2022,5,6,"2022-05-06","17:45:00",3,"NC",37,0,0.75,0,0,0,0,36.4912,-81.1459,36.4912,-81.1459,0,0,0,0,0,5,0,0,0
665765,2022,5,6,"2022-05-06","17:45:00",3,"NC",37,0,1.5,0,0,0,0,36.4209,-79.7702,36.4209,-79.7702,0,0,0,0,0,157,0,0,0
665766,2022,5,6,"2022-05-06","18:11:00",3,"NC",37,0,2,0,0,0,0,36.4621,-79.5303,36.4621,-79.5303,0,0,0,0,0,157,0,0,0
665767,2022,5,6,"2022-05-06","18:11:00",3,"NC",37,0,1,0,0,0,0,36.434,-79.542,36.434,-79.542,0,0,0,0,0,157,0,0,0
665768,2022,5,6,"2022-05-06","18:12:00",3,"VA",51,0,1,0,0,0,0,36.57,-79.9157,36.57,-79.9157,0,0,0,0,0,89,0,0,0
665769,2022,5,6,"2022-05-06","18:13:00",3,"NC",37,0,2.5,0,0,0,0,36.5048,-79.4727,36.5048,-79.4727,0,0,0,0,0,33,0,0,0
665770,2022,5,6,"2022-05-06","18:22:00",3,"NC",37,0,1.75,0,0,0,0,36.4544,-79.4104,36.4544,-79.4104,0,0,0,0,0,33,0,0,0
665771,2022,5,6,"2022-05-06","18:25:00",3,"NC",37,0,1.25,0,0,0,0,36.4913,-79.3673,36.4913,-79.3673,0,0,0,0,0,33,0,0,0
665772,2022,5,6,"2022-05-06","18:30:00",3,"VA",51,0,1.75,0,0,0,0,36.5484,-79.2977,36.5484,-79.2977,0,0,0,0,0,143,0,0,0
665773,2022,5,6,"2022-05-06","19:01:00",3,"OR",41,0,1.25,0,0,0,0,45.54,-118.82,45.51,-118.82,0,0,0,0,0,59,0,0,0
665774,2022,5,6,"2022-05-06","19:04:00",3,"VA",51,0,1,0,0,0,0,36.6259,-78.9479,36.6259,-78.9479,0,0,0,0,0,83,0,0,0
665775,2022,5,6,"2022-05-06","22:40:00",3,"TX",48,0,0.88,0,0,0,0,29.53,-95.33,29.53,-95.33,0,0,0,0,0,39,0,0,0
665776,2022,5,7,"2022-05-07","14:25:00",3,"ND",38,0,1.75,0,0,0,0,46.97,-102.35,46.97,-102.35,0,0,0,0,0,89,0,0,0
665777,2022,5,7,"2022-05-07","17:52:00",3,"NE",31,0,1.25,0,0,0,0,42.64,-100.24,42.64,-100.24,0,0,0,0,0,31,0,0,0
665778,2022,5,7,"2022-05-07","17:55:00",3,"SD",46,0,0.88,0,0,0,0,45.21,-99.61,45.21,-99.61,0,0,0,0,0,107,0,0,0
665779,2022,5,7,"2022-05-07","18:00:00",3,"NE",31,0,1.75,0,0,0,0,42.6,-100.21,42.6,-100.21,0,0,0,0,0,31,0,0,0
665780,2022,5,7,"2022-05-07","18:01:00",3,"SD",46,0,1,0,0,0,0,44.98,-99.94,44.98,-99.94,0,0,0,0,0,107,0,0,0
665781,2022,5,7,"2022-05-07","18:05:00",3,"NE",31,0,1,0,0,0,0,41.6,-101.52,41.6,-101.52,0,0,0,0,0,5,0,0,0
665782,2022,5,7,"2022-05-07","18:26:00",3,"NE",31,0,1,0,0,0,0,42.66,-99.93,42.66,-99.93,0,0,0,0,0,17,0,0,0
665783,2022,5,7,"2022-05-07","18:28:00",3,"SD",46,0,1.25,0,0,0,0,44.93,-99.51,44.93,-99.51,0,0,0,0,0,49,0,0,0
665784,2022,5,7,"2022-05-07","18:31:00",3,"NE",31,0,1.75,0,0,0,0,41.57,-101.28,41.57,-101.28,0,0,0,0,0,117,0,0,0
665785,2022,5,7,"2022-05-07","18:37:00",3,"SD",46,0,1,0,0,0,0,45.38,-99.33,45.38,-99.33,0,0,0,0,0,45,0,0,0
665786,2022,5,7,"2022-05-07","19:18:00",3,"NE",31,0,1,0,0,0,0,42.58,-99.54,42.58,-99.54,0,0,0,0,0,149,0,0,0
665787,2022,5,7,"2022-05-07","20:05:00",3,"NE",31,0,0.88,0,0,0,0,41.83,-100.1,41.83,-100.1,0,0,0,0,0,9,0,0,0
665788,2022,5,7,"2022-05-07","20:30:00",3,"NE",31,0,1,0,0,0,0,41.17,-101,41.17,-101,0,0,0,0,0,111,0,0,0
665789,2022,5,7,"2022-05-07","20:34:00",3,"NE",31,0,1.5,0,0,0,0,41.13,-101,41.13,-101,0,0,0,0,0,111,0,0,0
665790,2022,5,8,"2022-05-08","10:34:00",3,"CA",6,0,0.25,0,0,5000,0,40.99,-124.11,40.99,-124.11,0,0,0,0,0,23,0,0,0
665791,2022,5,8,"2022-05-08","14:10:00",3,"IA",19,0,0.75,0,0,0,0,42.52,-92.37,42.52,-92.37,0,0,0,0,0,13,0,0,0
665792,2022,5,8,"2022-05-08","18:20:00",3,"ND",38,0,1,0,0,0,0,46.9,-98.86,46.9,-98.86,0,0,0,0,0,93,0,0,0
665793,2022,5,8,"2022-05-08","19:10:00",3,"ND",38,0,1,0,0,0,0,46.84,-98.6,46.84,-98.6,0,0,0,0,0,93,0,0,0
665794,2022,5,8,"2022-05-08","19:30:00",3,"ND",38,0,1,0,0,0,0,46.86,-98.42,46.86,-98.42,0,0,0,0,0,3,0,0,0
665795,2022,5,8,"2022-05-08","20:30:00",3,"ND",38,0,1,0,0,0,0,46.92,-98.09,46.92,-98.09,0,0,0,0,0,3,0,0,0
665796,2022,5,8,"2022-05-08","20:32:00",3,"ND",38,0,1,0,0,0,0,46.92,-98.09,46.92,-98.09,0,0,0,0,0,3,0,0,0
665797,2022,5,8,"2022-05-08","23:15:00",3,"NE",31,0,1.5,0,0,0,0,42.18,-102.95,42.18,-102.95,0,0,0,0,0,13,0,0,0
665798,2022,5,9,"2022-05-09","00:14:00",3,"NE",31,0,1,0,0,0,0,42.31,-101.66,42.31,-101.66,0,0,0,0,0,31,0,0,0
665799,2022,5,9,"2022-05-09","00:20:00",3,"NE",31,0,1.25,0,0,0,0,42.43,-101.73,42.43,-101.73,0,0,0,0,0,31,0,0,0
665800,2022,5,9,"2022-05-09","00:22:00",3,"NE",31,0,0.88,0,0,0,0,42.42,-101.56,42.42,-101.56,0,0,0,0,0,31,0,0,0
665801,2022,5,9,"2022-05-09","01:10:00",3,"NE",31,0,1.75,0,0,5000,0,42.55,-100.81,42.55,-100.81,0,0,0,0,0,31,0,0,0
665802,2022,5,9,"2022-05-09","01:28:00",3,"NE",31,0,1.25,0,0,0,0,42.6,-100.55,42.6,-100.55,0,0,0,0,0,31,0,0,0
665803,2022,5,9,"2022-05-09","03:12:00",3,"SD",46,0,1,0,0,0,0,45.19,-97.52,45.19,-97.52,0,0,0,0,0,37,0,0,0
665804,2022,5,9,"2022-05-09","05:29:00",3,"SD",46,0,0.88,0,0,0,8000,44.52,-96.7,44.52,-96.7,0,0,0,0,0,11,0,0,0
665805,2022,5,9,"2022-05-09","05:45:00",3,"SD",46,0,1.75,0,0,0,0,44.96,-97.58,44.96,-97.58,0,0,0,0,0,25,0,0,0
665806,2022,5,9,"2022-05-09","05:45:00",3,"MN",27,0,1,0,0,0,50000,44.6,-96.39,44.6,-96.39,0,0,0,0,0,81,0,0,0
665807,2022,5,9,"2022-05-09","05:49:00",3,"SD",46,0,1.25,0,0,0,0,44.71,-96.46,44.71,-96.46,0,0,0,0,0,39,0,0,0
665808,2022,5,9,"2022-05-09","05:53:00",3,"MN",27,0,1.25,0,0,0,0,44.71,-96.28,44.71,-96.28,0,0,0,0,0,173,0,0,0
665809,2022,5,9,"2022-05-09","05:55:00",3,"MN",27,0,1.75,0,0,0,0,44.64,-96.18,44.64,-96.18,0,0,0,0,0,173,0,0,0
665810,2022,5,9,"2022-05-09","05:57:00",3,"MN",27,0,1.75,0,0,0,0,44.8,-96.25,44.8,-96.25,0,0,0,0,0,173,0,0,0
665811,2022,5,9,"2022-05-09","05:57:00",3,"MN",27,0,1.5,0,0,0,0,44.63,-96.15,44.63,-96.15,0,0,0,0,0,81,0,0,0
665812,2022,5,9,"2022-05-09","06:13:00",3,"MN",27,0,1.75,0,0,0,0,44.93,-96.06,44.93,-96.06,0,0,0,0,0,73,0,0,0
665813,2022,5,9,"2022-05-09","06:14:00",3,"MN",27,0,3,0,0,0,0,44.85,-95.9,44.85,-95.9,0,0,0,0,0,73,0,0,0
665814,2022,5,9,"2022-05-09","06:15:00",3,"MN",27,0,2.5,0,0,0,0,44.79,-95.8,44.79,-95.8,0,0,0,0,0,173,0,0,0
665815,2022,5,9,"2022-05-09","06:15:00",3,"MN",27,0,3,0,0,0,0,44.79,-95.81,44.79,-95.81,0,0,0,0,0,173,0,0,0
665816,2022,5,9,"2022-05-09","06:15:00",3,"MN",27,0,2.5,0,0,0,0,44.86,-95.92,44.86,-95.92,0,0,0,0,0,73,0,0,0
665817,2022,5,9,"2022-05-09","06:17:00",3,"MN",27,0,1,0,0,0,0,44.92,-95.93,44.92,-95.93,0,0,0,0,0,73,0,0,0
665818,2022,5,9,"2022-05-09","06:25:00",3,"MN",27,0,2,0,0,0,0,44.95,-95.72,44.95,-95.72,0,0,0,0,0,23,0,0,0
665819,2022,5,9,"2022-05-09","06:27:00",3,"MN",27,0,1,0,0,0,0,44.95,-95.64,44.95,-95.64,0,0,0,0,0,23,0,0,0
665820,2022,5,9,"2022-05-09","06:43:00",3,"MN",27,0,1.75,0,0,0,0,44.95,-95.72,44.95,-95.72,0,0,0,0,0,23,0,0,0
665821,2022,5,9,"2022-05-09","06:44:00",3,"MN",27,0,1.5,0,0,0,0,44.95,-95.37,44.95,-95.37,0,0,0,0,0,23,0,0,0
665822,2022,5,9,"2022-05-09","06:45:00",3,"MN",27,0,1,0,0,0,0,45.57,-96.05,45.57,-96.05,0,0,0,0,0,149,0,0,0
665823,2022,5,9,"2022-05-09","06:48:00",3,"MN",27,0,1.75,0,0,0,0,45.19,-95.32,45.19,-95.32,0,0,0,0,0,151,0,0,0
665824,2022,5,9,"2022-05-09","07:00:00",3,"MN",27,0,3,0,0,0,0,45.07,-95.05,45.07,-95.05,0,0,0,0,0,67,0,0,0
665825,2022,5,9,"2022-05-09","07:01:00",3,"MN",27,0,1.75,0,0,0,0,45.12,-95.05,45.12,-95.05,0,0,0,0,0,67,0,0,0
665826,2022,5,9,"2022-05-09","07:03:00",3,"MN",27,0,3,0,0,0,0,45.12,-94.98,45.12,-94.98,0,0,0,0,0,67,0,0,0
665827,2022,5,9,"2022-05-09","07:05:00",3,"MN",27,0,2.75,0,0,0,0,44.94,-95.04,44.94,-95.04,0,0,0,0,0,67,0,0,0
665828,2022,5,9,"2022-05-09","07:06:00",3,"MN",27,0,3,0,0,0,0,45.13,-94.93,45.13,-94.93,0,0,0,0,0,67,0,0,0
665829,2022,5,9,"2022-05-09","07:12:00",3,"MN",27,0,1,0,0,0,0,45.65,-95.38,45.65,-95.38,0,0,0,0,0,121,0,0,0
665830,2022,5,9,"2022-05-09","07:17:00",3,"MN",27,0,1.75,0,0,0,0,46.22,-96.16,46.22,-96.16,0,0,0,0,0,111,0,0,0
665831,2022,5,9,"2022-05-09","07:20:00",3,"MN",27,0,1.25,0,0,0,0,46.28,-96.07,46.28,-96.07,0,0,0,0,0,111,0,0,0
665832,2022,5,9,"2022-05-09","07:20:00",3,"MN",27,0,2.5,0,0,0,0,45.11,-95,45.11,-95,0,0,0,0,0,67,0,0,0
665833,2022,5,9,"2022-05-09","07:20:00",3,"MN",27,0,1.25,0,0,0,0,45.13,-95.05,45.13,-95.05,0,0,0,0,0,67,0,0,0
665834,2022,5,9,"2022-05-09","07:24:00",3,"MN",27,0,0.88,0,0,0,0,45.39,-94.7,45.39,-94.7,0,0,0,0,0,145,0,0,0
665835,2022,5,9,"2022-05-09","07:25:00",3,"MN",27,0,2.5,0,0,0,0,45.2,-94.68,45.2,-94.68,0,0,0,0,0,93,0,0,0
665836,2022,5,9,"2022-05-09","07:25:00",3,"MN",27,0,1.75,0,0,0,0,46.28,-96.07,46.28,-96.07,0,0,0,0,0,111,0,0,0
665837,2022,5,9,"2022-05-09","07:30:00",3,"MN",27,0,1.5,0,0,0,0,46.35,-96.11,46.35,-96.11,0,0,0,0,0,111,0,0,0
665838,2022,5,9,"2022-05-09","07:42:00",3,"MN",27,0,1.75,0,0,0,0,45.34,-94.3,45.34,-94.3,0,0,0,0,0,145,0,0,0
665839,2022,5,9,"2022-05-09","07:45:00",3,"MN",27,0,1.5,0,0,0,0,45.48,-94.15,45.48,-94.15,0,0,0,0,0,145,0,0,0
665840,2022,5,9,"2022-05-09","07:52:00",3,"MN",27,0,2,0,0,0,0,45.56,-94.17,45.56,-94.17,0,0,0,0,0,145,0,0,0
665841,2022,5,9,"2022-05-09","07:54:00",3,"MN",27,0,1.25,0,0,0,0,45.48,-94.15,45.48,-94.15,0,0,0,0,0,145,0,0,0
665842,2022,5,9,"2022-05-09","07:54:00",3,"MN",27,0,1.5,0,0,0,0,45.59,-94.17,45.59,-94.17,0,0,0,0,0,9,0,0,0
665843,2022,5,9,"2022-05-09","08:00:00",3,"MN",27,0,1.75,0,0,0,0,45.25,-93.3,45.25,-93.3,0,0,0,0,0,3,0,0,0
665844,2022,5,9,"2022-05-09","08:00:00",3,"MN",27,0,1,0,0,0,0,45.2,-93.38,45.2,-93.38,0,0,0,0,0,3,0,0,0
665845,2022,5,9,"2022-05-09","08:06:00",3,"MN",27,0,1,0,0,0,0,45.23,-94,45.23,-94,0,0,0,0,0,171,0,0,0
665846,2022,5,9,"2022-05-09","08:10:00",3,"MN",27,0,2,0,0,0,0,45.43,-93.93,45.43,-93.93,0,0,0,0,0,141,0,0,0
665847,2022,5,9,"2022-05-09","08:11:00",3,"MN",27,0,1.75,0,0,0,0,45.39,-93.36,45.39,-93.36,0,0,0,0,0,3,0,0,0
665848,2022,5,9,"2022-05-09","08:12:00",3,"MN",27,0,2,0,0,0,0,45.39,-93.87,45.39,-93.87,0,0,0,0,0,141,0,0,0
665849,2022,5,9,"2022-05-09","08:20:00",3,"MN",27,0,1.25,0,0,0,0,45.41,-93.74,45.41,-93.74,0,0,0,0,0,141,0,0,0
665850,2022,5,9,"2022-05-09","08:20:00",3,"MN",27,0,1.5,0,0,0,0,45.49,-93.25,45.49,-93.25,0,0,0,0,0,59,0,0,0
665851,2022,5,9,"2022-05-09","08:20:00",3,"MN",27,0,1.75,0,0,0,0,45.49,-93.25,45.49,-93.25,0,0,0,0,0,59,0,0,0
665852,2022,5,9,"2022-05-09","08:29:00",3,"MN",27,0,1,0,0,0,0,45.44,-93.59,45.44,-93.59,0,0,0,0,0,141,0,0,0
665853,2022,5,9,"2022-05-09","08:30:00",3,"MN",27,0,1,0,0,0,0,45.45,-93.59,45.45,-93.59,0,0,0,0,0,141,0,0,0
665854,2022,5,9,"2022-05-09","08:32:00",3,"MN",27,0,1.25,0,0,0,0,45.57,-93.59,45.57,-93.59,0,0,0,0,0,95,0,0,0
665855,2022,5,9,"2022-05-09","08:32:00",3,"MN",27,0,1,0,0,0,0,46.91,-94.72,46.91,-94.72,0,0,0,0,0,57,0,0,0
665856,2022,5,9,"2022-05-09","08:32:00",3,"MN",27,0,1.5,0,0,0,0,45.51,-93.58,45.51,-93.58,0,0,0,0,0,141,0,0,0
665857,2022,5,9,"2022-05-09","08:34:00",3,"MN",27,0,1.25,0,0,0,0,45.66,-93.11,45.66,-93.11,0,0,0,0,0,25,0,0,0
665858,2022,5,9,"2022-05-09","08:36:00",3,"MN",27,0,1.5,0,0,0,0,45.68,-92.97,45.68,-92.97,0,0,0,0,0,25,0,0,0
665859,2022,5,9,"2022-05-09","08:38:00",3,"MN",27,0,1.25,0,0,0,0,45.33,-93.47,45.33,-93.47,0,0,0,0,0,3,0,0,0
665860,2022,5,9,"2022-05-09","08:40:00",3,"MN",27,0,1.5,0,0,0,0,45.39,-93.36,45.39,-93.36,0,0,0,0,0,3,0,0,0
665861,2022,5,9,"2022-05-09","08:45:00",3,"MN",27,0,1.75,0,0,0,0,45.74,-92.92,45.74,-92.92,0,0,0,0,0,115,0,0,0
665862,2022,5,9,"2022-05-09","08:46:00",3,"MN",27,0,0.75,0,0,0,0,47.15,-94.63,47.15,-94.63,0,0,0,0,0,21,0,0,0
665863,2022,5,9,"2022-05-09","08:47:00",3,"MN",27,0,0.75,0,0,0,0,47.14,-94.63,47.14,-94.63,0,0,0,0,0,21,0,0,0
665864,2022,5,9,"2022-05-09","08:49:00",3,"MN",27,0,1,0,0,0,0,45.49,-93.25,45.49,-93.25,0,0,0,0,0,59,0,0,0
665865,2022,5,9,"2022-05-09","08:51:00",3,"MN",27,0,0.75,0,0,0,0,47.15,-94.64,47.15,-94.64,0,0,0,0,0,21,0,0,0
665866,2022,5,9,"2022-05-09","08:54:00",3,"MN",27,0,1,0,0,0,0,47.15,-94.64,47.15,-94.64,0,0,0,0,0,21,0,0,0
665867,2022,5,9,"2022-05-09","08:55:00",3,"MN",27,0,1.25,0,0,0,0,45.57,-93.22,45.57,-93.22,0,0,0,0,0,59,0,0,0
665868,2022,5,9,"2022-05-09","08:55:00",3,"MN",27,0,1,0,0,0,0,45.55,-93.2,45.55,-93.2,0,0,0,0,0,59,0,0,0
665869,2022,5,9,"2022-05-09","09:12:00",3,"MN",27,0,1.25,0,0,0,0,45.71,-92.92,45.71,-92.92,0,0,0,0,0,25,0,0,0
665870,2022,5,9,"2022-05-09","09:13:00",3,"MN",27,0,0.88,0,0,0,0,45.82,-92.98,45.82,-92.98,0,0,0,0,0,115,0,0,0
665871,2022,5,9,"2022-05-09","09:15:00",3,"MN",27,0,0.75,0,0,0,0,45.38,-92.93,45.38,-92.93,0,0,0,0,0,25,0,0,0
665872,2022,5,9,"2022-05-09","09:30:00",3,"WI",55,0,0.88,0,0,0,0,45.77,-92.69,45.77,-92.69,0,0,0,0,0,13,0,0,0
665873,2022,5,9,"2022-05-09","09:31:00",3,"MN",27,0,1.5,0,0,0,0,46.38,-92.83,46.38,-92.83,0,0,0,0,0,115,0,0,0
665874,2022,5,9,"2022-05-09","09:40:00",3,"WI",55,0,1.5,0,0,0,0,45.66,-92.47,45.66,-92.47,0,0,0,0,0,95,0,0,0
665875,2022,5,9,"2022-05-09","09:50:00",3,"WI",55,0,1,0,0,0,0,45.78,-92.34,45.78,-92.34,0,0,0,0,0,13,0,0,0
665876,2022,5,9,"2022-05-09","09:53:00",3,"WI",55,0,1,0,0,0,0,45.69,-92.29,45.69,-92.29,0,0,0,0,0,95,0,0,0
665877,2022,5,9,"2022-05-09","09:58:00",3,"WI",55,0,1.5,0,0,0,0,45.7,-91.96,45.7,-91.96,0,0,0,0,0,129,0,0,0
665878,2022,5,9,"2022-05-09","10:05:00",3,"MN",27,0,1,0,0,0,0,46.72,-92.45,46.72,-92.45,0,0,0,0,0,17,0,0,0
665879,2022,5,9,"2022-05-09","10:08:00",3,"MN",27,0,1,0,0,0,0,46.72,-92.45,46.72,-92.45,0,0,0,0,0,17,0,0,0
665880,2022,5,9,"2022-05-09","10:12:00",3,"WI",55,0,1,0,0,0,0,45.82,-91.89,45.82,-91.89,0,0,0,0,0,129,0,0,0
665881,2022,5,9,"2022-05-09","10:15:00",3,"WI",55,0,1.75,0,0,0,0,45.74,-91.93,45.74,-91.93,0,0,0,0,0,129,0,0,0
665882,2022,5,9,"2022-05-09","10:18:00",3,"WI",55,0,1.5,0,0,0,0,45.75,-91.93,45.75,-91.93,0,0,0,0,0,129,0,0,0
665883,2022,5,9,"2022-05-09","10:18:00",3,"CA",6,0,0.25,3,0,0,0,41.03,-124.11,41.03,-124.11,0,0,0,0,0,23,0,0,0
665884,2022,5,9,"2022-05-09","10:20:00",3,"WI",55,0,1.25,0,0,0,0,45.82,-91.89,45.82,-91.89,0,0,0,0,0,129,0,0,0
665885,2022,5,9,"2022-05-09","10:20:00",3,"WI",55,0,1.5,0,0,0,0,45.81,-91.89,45.81,-91.89,0,0,0,0,0,129,0,0,0
665886,2022,5,9,"2022-05-09","10:22:00",3,"WI",55,0,0.88,0,0,0,0,45.91,-91.76,45.91,-91.76,0,0,0,0,0,129,0,0,0
665887,2022,5,9,"2022-05-09","10:25:00",3,"WI",55,0,1,0,0,0,0,45.9,-91.82,45.9,-91.82,0,0,0,0,0,129,0,0,0
665888,2022,5,9,"2022-05-09","10:30:00",3,"WI",55,0,1.75,0,0,0,0,45.85,-91.6,45.85,-91.6,0,0,0,0,0,129,0,0,0
665889,2022,5,9,"2022-05-09","10:31:00",3,"WI",55,0,1.5,0,0,0,0,45.7,-91.96,45.7,-91.96,0,0,0,0,0,129,0,0,0
665890,2022,5,9,"2022-05-09","10:35:00",3,"MN",27,0,1,0,0,0,0,47.01,-92.19,47.01,-92.19,0,0,0,0,0,137,0,0,0
665891,2022,5,9,"2022-05-09","10:39:00",3,"WI",55,0,1,0,0,0,0,46.01,-91.5,46.01,-91.5,0,0,0,0,0,113,0,0,0
665892,2022,5,9,"2022-05-09","10:40:00",3,"WI",55,0,1.75,0,0,0,0,46.01,-91.48,46.01,-91.48,0,0,0,0,0,113,0,0,0
665893,2022,5,9,"2022-05-09","10:42:00",3,"WI",55,0,1.5,0,0,0,0,46,-91.39,46,-91.39,0,0,0,0,0,113,0,0,0
665894,2022,5,9,"2022-05-09","10:42:00",3,"WI",55,0,1.75,0,0,0,0,46.01,-91.48,46.01,-91.48,0,0,0,0,0,113,0,0,0
665895,2022,5,9,"2022-05-09","10:45:00",3,"WI",55,0,1.75,0,0,0,0,46.02,-91.47,46.02,-91.47,0,0,0,0,0,113,0,0,0
665896,2022,5,9,"2022-05-09","10:45:00",3,"WI",55,0,1.5,0,0,0,0,45.99,-91.42,45.99,-91.42,0,0,0,0,0,113,0,0,0
665897,2022,5,9,"2022-05-09","10:47:00",3,"WI",55,0,2.5,0,0,0,0,45.94,-91.48,45.94,-91.48,0,0,0,0,0,113,0,0,0
665898,2022,5,9,"2022-05-09","10:55:00",3,"WI",55,0,1.75,0,0,0,0,46.04,-91.25,46.04,-91.25,0,0,0,0,0,113,0,0,0
665899,2022,5,9,"2022-05-09","10:56:00",3,"WI",55,0,1.75,0,0,0,0,46.02,-91.47,46.02,-91.47,0,0,0,0,0,113,0,0,0
665900,2022,5,9,"2022-05-09","11:00:00",3,"WI",55,0,1.5,0,0,0,0,46.08,-91.08,46.08,-91.08,0,0,0,0,0,113,0,0,0
665901,2022,5,9,"2022-05-09","11:05:00",3,"WI",55,0,1.25,0,0,0,0,46.17,-90.98,46.17,-90.98,0,0,0,0,0,7,0,0,0
665902,2022,5,9,"2022-05-09","11:07:00",3,"WI",55,0,2,0,0,0,0,46.16,-90.95,46.16,-90.95,0,0,0,0,0,7,0,0,0
665903,2022,5,9,"2022-05-09","11:20:00",3,"MN",27,0,1,0,0,0,0,47.04,-91.67,47.04,-91.67,0,0,0,0,0,75,0,0,0
665904,2022,5,9,"2022-05-09","11:20:00",3,"MN",27,0,0.88,0,0,0,0,47.04,-91.7,47.04,-91.7,0,0,0,0,0,75,0,0,0
665905,2022,5,9,"2022-05-09","15:02:00",3,"MI",26,0,1.75,0,0,0,0,46.71,-87.6,46.71,-87.6,0,0,0,0,0,103,0,0,0
665906,2022,5,9,"2022-05-09","15:55:00",3,"MN",27,0,1.25,0,0,0,0,45.32,-93.35,45.32,-93.35,0,0,0,0,0,3,0,0,0
665907,2022,5,9,"2022-05-09","16:00:00",3,"MN",27,0,1.5,0,0,0,0,45.33,-93.35,45.33,-93.35,0,0,0,0,0,3,0,0,0
665908,2022,5,9,"2022-05-09","16:10:00",3,"MN",27,0,1,0,0,0,0,44.76,-93.28,44.76,-93.28,0,0,0,0,0,37,0,0,0
665909,2022,5,9,"2022-05-09","16:10:00",3,"MN",27,0,1,0,0,0,0,44.7737,-93.2177,44.7737,-93.2177,0,0,0,0,0,37,0,0,0
665910,2022,5,9,"2022-05-09","16:12:00",3,"MN",27,0,1,0,0,0,0,45.4,-92.99,45.4,-92.99,0,0,0,0,0,25,0,0,0
665911,2022,5,9,"2022-05-09","16:15:00",3,"MN",27,0,1.25,0,0,0,0,44.82,-93.15,44.82,-93.15,0,0,0,0,0,37,0,0,0
665912,2022,5,9,"2022-05-09","16:20:00",3,"MN",27,0,1,0,0,0,0,44.89,-93.04,44.89,-93.04,0,0,0,0,0,37,0,0,0
665913,2022,5,9,"2022-05-09","16:20:00",3,"MN",27,0,1.25,0,0,0,0,44.88,-93.14,44.88,-93.14,0,0,0,0,0,37,0,0,0
665914,2022,5,9,"2022-05-09","16:21:00",3,"MN",27,0,1.75,0,0,0,0,44.85,-93.15,44.85,-93.15,0,0,0,0,0,37,0,0,0
665915,2022,5,9,"2022-05-09","16:28:00",3,"MN",27,0,1,0,0,0,0,44.89,-93.08,44.89,-93.08,0,0,0,0,0,37,0,0,0
665916,2022,5,9,"2022-05-09","16:30:00",3,"MN",27,0,1,0,0,0,0,44.89,-93.06,44.89,-93.06,0,0,0,0,0,37,0,0,0
665917,2022,5,9,"2022-05-09","16:33:00",3,"MN",27,0,2,0,0,0,0,44.95,-93.05,44.95,-93.05,0,0,0,0,0,123,0,0,0
665918,2022,5,9,"2022-05-09","16:34:00",3,"MN",27,0,1.75,0,0,0,0,44.95,-93.01,44.95,-93.01,0,0,0,0,0,123,0,0,0
665919,2022,5,9,"2022-05-09","16:35:00",3,"MN",27,0,1.5,0,0,0,0,44.99,-92.97,44.99,-92.97,0,0,0,0,0,163,0,0,0
665920,2022,5,9,"2022-05-09","16:37:00",3,"MN",27,0,1,0,0,0,0,44.97,-92.96,44.97,-92.96,0,0,0,0,0,163,0,0,0
665921,2022,5,9,"2022-05-09","16:38:00",3,"WI",55,0,1,0,0,0,0,44.75,-92.79,44.75,-92.79,0,0,0,0,0,93,0,0,0
665922,2022,5,9,"2022-05-09","16:40:00",3,"MN",27,0,1,0,0,0,0,44.75,-92.85,44.75,-92.85,0,0,0,0,0,37,0,0,0
665923,2022,5,9,"2022-05-09","17:25:00",3,"WI",55,0,1,0,0,0,0,45.12,-92.54,45.12,-92.54,0,0,0,0,0,109,0,0,0
665924,2022,5,9,"2022-05-09","17:50:00",3,"WI",55,0,1,0,0,0,0,45.82,-91.89,45.82,-91.89,0,0,0,0,0,129,0,0,0
665925,2022,5,9,"2022-05-09","17:50:00",3,"WI",55,0,1,0,0,0,0,45.7909,-91.9787,45.7909,-91.9787,0,0,0,0,0,129,0,0,0
665926,2022,5,9,"2022-05-09","17:55:00",3,"WI",55,0,1,0,0,0,0,45.8,-91.94,45.8,-91.94,0,0,0,0,0,129,0,0,0
665927,2022,5,9,"2022-05-09","18:00:00",3,"MN",27,0,1,0,0,0,0,44.51,-92.36,44.51,-92.36,0,0,0,0,0,49,0,0,0
665928,2022,5,9,"2022-05-09","18:13:00",3,"MN",27,0,1,0,0,0,0,44.4,-92.43,44.4,-92.43,0,0,0,0,0,157,0,0,0
665929,2022,5,9,"2022-05-09","18:26:00",3,"MN",27,0,0.75,0,0,0,0,44.11,-92.59,44.11,-92.59,0,0,0,0,0,109,0,0,0
665930,2022,5,9,"2022-05-09","18:27:00",3,"MN",27,0,1.25,0,0,0,0,44.45,-92.27,44.45,-92.27,0,0,0,0,0,157,0,0,0
665931,2022,5,9,"2022-05-09","18:29:00",3,"MN",27,0,0.88,0,0,0,0,44.03,-92.65,44.03,-92.65,0,0,0,0,0,109,0,0,0
665932,2022,5,9,"2022-05-09","18:47:00",3,"MN",27,0,0.88,0,0,0,0,43.98,-92.49,43.98,-92.49,0,0,0,0,0,109,0,0,0
665933,2022,5,9,"2022-05-09","18:53:00",3,"IA",19,0,0.75,0,0,0,0,43.39,-92.78,43.39,-92.78,0,0,0,0,0,131,0,0,0
665934,2022,5,9,"2022-05-09","18:58:00",3,"IA",19,0,1.5,0,0,0,0,43.28,-92.81,43.28,-92.81,0,0,0,0,0,131,0,0,0
665935,2022,5,9,"2022-05-09","19:02:00",3,"IA",19,0,1.75,0,0,0,0,43.35,-92.81,43.35,-92.81,0,0,0,0,0,131,0,0,0
665936,2022,5,9,"2022-05-09","19:55:00",3,"WI",55,0,0.88,0,0,0,0,44.25,-91.53,44.25,-91.53,0,0,0,0,0,11,0,0,0
665937,2022,5,9,"2022-05-09","20:45:00",3,"WI",55,0,1,0,0,0,0,44.04,-91.27,44.04,-91.27,0,0,0,0,0,63,0,0,0
665938,2022,5,9,"2022-05-09","22:33:00",3,"WI",55,0,1,0,0,0,0,44.45,-89.53,44.45,-89.53,0,0,0,0,0,97,0,0,0
665939,2022,5,9,"2022-05-09","23:10:00",3,"WI",55,0,1.5,0,0,0,0,44.0011,-89.52,44.0011,-89.52,0,0,0,0,0,137,0,0,0
668206,2022,6,10,"2022-06-10","01:36:00",3,"KS",20,0,0.75,0,0,0,0,37.76,-97.25,37.76,-97.25,0,0,0,0,0,173,0,0,0
668207,2022,6,10,"2022-06-10","01:37:00",3,"KS",20,0,0.88,0,0,0,0,37.75,-97.3,37.75,-97.3,0,0,0,0,0,173,0,0,0
668208,2022,6,10,"2022-06-10","01:42:00",3,"KS",20,0,1.75,0,0,0,0,39.23,-96.31,39.23,-96.31,0,0,0,0,0,149,0,0,0
668209,2022,6,10,"2022-06-10","01:47:00",3,"KS",20,0,1,0,0,0,0,39.2,-96.31,39.2,-96.31,0,0,0,0,0,149,0,0,0
668210,2022,6,10,"2022-06-10","01:50:00",3,"KS",20,0,0.75,0,0,0,0,37.62,-97.36,37.62,-97.36,0,0,0,0,0,173,0,0,0
668211,2022,6,10,"2022-06-10","01:56:00",3,"KS",20,0,0.75,0,0,0,0,37.55,-97.27,37.55,-97.27,0,0,0,0,0,173,0,0,0
668212,2022,6,10,"2022-06-10","02:40:00",3,"KS",20,0,1,0,0,0,0,38.91,-96.04,38.91,-96.04,0,0,0,0,0,197,0,0,0
668213,2022,6,10,"2022-06-10","11:55:00",3,"LA",22,0,1.25,0,0,0,0,31.6672,-93.0033,31.6672,-93.0033,0,0,0,0,0,69,0,0,0
668214,2022,6,10,"2022-06-10","12:00:00",3,"LA",22,0,1,0,0,0,0,31.6679,-92.89,31.6679,-92.89,0,0,0,0,0,43,0,0,0
668215,2022,6,10,"2022-06-10","12:00:00",3,"MS",28,0,1,0,0,0,0,31.8713,-89.7239,31.8713,-89.7239,0,0,0,0,0,127,0,0,0
668216,2022,6,10,"2022-06-10","12:50:00",3,"LA",22,0,1,0,0,0,0,31.35,-92.33,31.35,-92.33,0,0,0,0,0,79,0,0,0
668217,2022,6,10,"2022-06-10","13:00:00",3,"LA",22,0,1,0,0,0,0,31.4437,-93.4585,31.4437,-93.4585,0,0,0,0,0,85,0,0,0
668218,2022,6,10,"2022-06-10","13:05:00",3,"MS",28,0,1,0,0,0,0,31.36,-89.35,31.36,-89.35,0,0,0,0,0,35,0,0,0
668219,2022,6,10,"2022-06-10","13:45:00",3,"LA",22,0,1.25,0,0,0,0,31.09,-93.16,31.09,-93.16,0,0,0,0,0,115,0,0,0
668220,2022,6,10,"2022-06-10","15:28:00",3,"WI",55,0,0.75,0,0,0,0,43.29,-88.12,43.29,-88.12,0,0,0,0,0,131,0,0,0
668221,2022,6,10,"2022-06-10","16:14:00",3,"WI",55,0,0.75,0,0,0,0,43.15,-87.98,43.15,-87.98,0,0,0,0,0,79,0,0,0
668222,2022,6,10,"2022-06-10","16:24:00",3,"WI",55,0,0.75,0,0,0,0,43.14,-87.94,43.14,-87.94,0,0,0,0,0,79,0,0,0
668223,2022,6,10,"2022-06-10","16:42:00",3,"WI",55,0,1,0,0,0,0,43.12,-88.5,43.12,-88.5,0,0,0,0,0,133,0,0,0
668224,2022,6,10,"2022-06-10","16:48:00",3,"WI",55,0,1,0,0,0,0,43.12,-88.53,43.12,-88.53,0,0,0,0,0,133,0,0,0
668225,2022,6,10,"2022-06-10","16:53:00",3,"WI",55,0,1.25,0,0,0,0,43.1,-88.53,43.1,-88.53,0,0,0,0,0,133,0,0,0
668226,2022,6,10,"2022-06-10","16:53:00",3,"WI",55,0,1.75,0,0,0,0,43.11,-88.5,43.11,-88.5,0,0,0,0,0,133,0,0,0
668227,2022,6,10,"2022-06-10","16:56:00",3,"WI",55,0,1.25,0,0,0,0,43.1,-88.53,43.1,-88.53,0,0,0,0,0,133,0,0,0
668228,2022,6,10,"2022-06-10","16:57:00",3,"WI",55,0,1.25,0,0,0,0,43.1,-88.53,43.1,-88.53,0,0,0,0,0,133,0,0,0
668229,2022,6,10,"2022-06-10","17:06:00",3,"WI",55,0,1.5,0,0,0,0,43.11,-88.46,43.11,-88.46,0,0,0,0,0,133,0,0,0
668230,2022,6,10,"2022-06-10","17:07:00",3,"WI",55,0,1.75,0,0,0,0,43.11,-88.5,43.11,-88.5,0,0,0,0,0,133,0,0,0
668231,2022,6,10,"2022-06-10","17:32:00",3,"WI",55,0,0.88,0,0,0,0,43.16,-88.51,43.16,-88.51,0,0,0,0,0,133,0,0,0
668232,2022,6,11,"2022-06-11","15:10:00",3,"NE",31,0,1.75,0,0,0,0,40.72,-97.31,40.72,-97.31,0,0,0,0,0,159,0,0,0
668233,2022,6,11,"2022-06-11","15:23:00",3,"NE",31,0,3,0,0,0,0,40.29,-96.74,40.29,-96.74,0,0,0,0,0,67,0,0,0
668234,2022,6,11,"2022-06-11","15:27:00",3,"NE",31,0,3.75,0,0,0,0,40.29,-96.74,40.29,-96.74,0,0,0,0,0,67,0,0,0
668235,2022,6,11,"2022-06-11","15:28:00",3,"NE",31,0,5,0,0,0,0,40.27,-96.75,40.27,-96.75,0,0,0,0,0,67,0,0,0
668236,2022,6,11,"2022-06-11","15:29:00",3,"NE",31,0,3.75,0,0,0,0,40.28,-96.74,40.28,-96.74,0,0,0,0,0,67,0,0,0
668237,2022,6,11,"2022-06-11","15:33:00",3,"NE",31,0,1.5,0,0,0,0,41.31,-96.52,41.31,-96.52,0,0,0,0,0,155,0,0,0
668238,2022,6,11,"2022-06-11","15:36:00",3,"NE",31,0,1,0,0,0,0,41.4,-96.61,41.4,-96.61,0,0,0,0,0,155,0,0,0
668239,2022,6,11,"2022-06-11","15:39:00",3,"NE",31,0,3.25,0,0,0,0,40.28,-96.74,40.28,-96.74,0,0,0,0,0,67,0,0,0
668240,2022,6,11,"2022-06-11","15:47:00",3,"NE",31,0,1.25,0,0,0,0,40.59,-97.08,40.59,-97.08,0,0,0,0,0,151,0,0,0
668241,2022,6,11,"2022-06-11","15:54:00",3,"NE",31,0,1,0,0,0,0,41.23,-96.53,41.23,-96.53,0,0,0,0,0,155,0,0,0
668242,2022,6,11,"2022-06-11","15:55:00",3,"IA",19,0,2.5,0,0,0,0,42.2,-94.18,42.2,-94.18,0,0,0,0,0,73,0,0,0
668243,2022,6,11,"2022-06-11","16:00:00",3,"IA",19,0,1,0,0,0,0,42.19,-94.17,42.19,-94.17,0,0,0,0,0,73,0,0,0
668244,2022,6,11,"2022-06-11","16:29:00",3,"MT",30,0,1,0,0,0,0,45.72,-107.64,45.72,-107.64,0,0,0,0,0,3,0,0,0
668245,2022,6,11,"2022-06-11","16:40:00",3,"NE",31,0,1,0,0,0,0,41.03,-96.37,41.03,-96.37,0,0,0,0,0,155,0,0,0
668246,2022,6,11,"2022-06-11","16:43:00",3,"NE",31,0,1,0,0,0,0,40.93,-96.33,40.93,-96.33,0,0,0,0,0,25,0,0,0
668247,2022,6,11,"2022-06-11","16:56:00",3,"NE",31,0,1,0,0,0,0,40.9,-96.27,40.9,-96.27,0,0,0,0,0,25,0,0,0
668248,2022,6,11,"2022-06-11","17:03:00",3,"KS",20,0,1,0,0,0,0,39.98,-96.86,39.98,-96.86,0,0,0,0,0,201,0,0,0
668249,2022,6,11,"2022-06-11","17:05:00",3,"KS",20,0,1.5,0,0,0,0,39.96,-96.86,39.96,-96.86,0,0,0,0,0,201,0,0,0
668250,2022,6,11,"2022-06-11","17:07:00",3,"NE",31,0,2.25,0,0,0,0,40.84,-96.3,40.84,-96.3,0,0,0,0,0,25,0,0,0
668251,2022,6,11,"2022-06-11","17:08:00",3,"NE",31,0,1,0,0,0,0,41.13,-95.9,41.13,-95.9,0,0,0,0,0,153,0,0,0
668252,2022,6,11,"2022-06-11","17:08:00",3,"KS",20,0,1,0,0,0,0,39.91,-96.77,39.91,-96.77,0,0,0,0,0,117,0,0,0
668253,2022,6,11,"2022-06-11","17:14:00",3,"MT",30,0,1,0,0,0,0,45.56,-106.76,45.56,-106.76,0,0,0,0,0,3,0,0,0
668254,2022,6,11,"2022-06-11","17:35:00",3,"MT",30,0,0.88,0,0,0,0,45.82,-106.23,45.82,-106.23,0,0,0,0,0,87,0,0,0
668255,2022,6,11,"2022-06-11","17:55:00",3,"NE",31,0,2,0,0,0,0,40.48,-96.12,40.48,-96.12,0,0,0,0,0,97,0,0,0
668256,2022,6,11,"2022-06-11","18:01:00",3,"KS",20,0,1.75,0,0,0,0,39.43,-96.62,39.43,-96.62,0,0,0,0,0,149,0,0,0
668257,2022,6,11,"2022-06-11","18:06:00",3,"MT",30,0,0.75,0,0,0,0,45.51,-105.85,45.51,-105.85,0,0,0,0,0,75,0,0,0
668258,2022,6,11,"2022-06-11","18:16:00",3,"MT",30,0,1,0,0,0,0,45.32,-105.91,45.32,-105.91,0,0,0,0,0,75,0,0,0
668259,2022,6,11,"2022-06-11","18:21:00",3,"KS",20,0,1.75,0,0,0,0,39.52,-97.13,39.52,-97.13,0,0,0,0,0,27,0,0,0
668260,2022,6,11,"2022-06-11","18:45:00",3,"KS",20,0,1,0,0,0,0,39.07,-96.35,39.07,-96.35,0,0,0,0,0,197,0,0,0
668261,2022,6,11,"2022-06-11","19:00:00",3,"KS",20,0,1,0,0,0,0,39.16,-96.89,39.16,-96.89,0,0,0,0,0,61,0,0,0
668262,2022,6,11,"2022-06-11","19:08:00",3,"KS",20,0,1,0,0,0,0,39.11,-96.88,39.11,-96.88,0,0,0,0,0,61,0,0,0
668263,2022,6,11,"2022-06-11","19:16:00",3,"KS",20,0,1,0,0,0,0,39.05,-96.86,39.05,-96.86,0,0,0,0,0,61,0,0,0
668264,2022,6,11,"2022-06-11","20:05:00",3,"WY",56,0,1,0,0,0,0,44.92,-104.2,44.92,-104.2,0,0,0,0,0,11,0,0,0
668265,2022,6,11,"2022-06-11","20:05:00",3,"KS",20,0,1,0,0,0,0,38.41,-96.33,38.41,-96.33,0,0,0,0,0,111,0,0,0
668266,2022,6,11,"2022-06-11","20:25:00",3,"SD",46,0,2,0,0,0,0,44.7568,-103.85,44.7568,-103.85,0,0,0,0,0,19,0,0,0
668267,2022,6,11,"2022-06-11","20:30:00",3,"SD",46,0,1.5,0,0,0,0,44.73,-103.68,44.73,-103.68,0,0,0,0,0,19,0,0,0
668268,2022,6,11,"2022-06-11","20:40:00",3,"SD",46,0,1.5,0,0,0,0,44.67,-103.55,44.67,-103.55,0,0,0,0,0,19,0,0,0
668269,2022,6,11,"2022-06-11","20:40:00",3,"SD",46,0,1,0,0,0,0,44.67,-103.55,44.67,-103.55,0,0,0,0,0,19,0,0,0
668270,2022,6,11,"2022-06-11","20:45:00",3,"SD",46,0,1.25,0,0,0,0,44.6,-103.47,44.6,-103.47,0,0,0,0,0,93,0,0,0
668271,2022,6,11,"2022-06-11","20:45:00",3,"SD",46,0,2,0,0,0,0,44.6495,-103.5212,44.6495,-103.5212,0,0,0,0,0,19,0,0,0
668272,2022,6,11,"2022-06-11","20:48:00",3,"SD",46,0,1.25,0,0,0,0,44.62,-103.4407,44.6089,-103.4376,0,0,0,0,0,19,0,0,0
668273,2022,6,11,"2022-06-11","21:07:00",3,"MO",29,0,1,0,0,0,0,39.75,-94.5,39.75,-94.5,0,0,0,0,0,63,0,0,0
668274,2022,6,11,"2022-06-11","21:10:00",3,"SD",46,0,2,0,0,0,0,44.41,-103.17,44.41,-103.17,0,0,0,0,0,93,0,0,0
668275,2022,6,11,"2022-06-11","21:10:00",3,"MO",29,0,1,0,0,0,0,39.73,-94.52,39.73,-94.52,0,0,0,0,0,49,0,0,0
668276,2022,6,11,"2022-06-11","21:22:00",3,"WY",56,0,1,0,0,0,0,44.6934,-104.5922,44.6934,-104.5922,0,0,0,0,0,11,0,0,0
668277,2022,6,11,"2022-06-11","21:38:00",3,"WY",56,0,1,0,0,0,0,44.1669,-104.5914,44.1669,-104.5914,0,0,0,0,0,45,0,0,0
668278,2022,6,11,"2022-06-11","22:28:00",3,"SD",46,0,1.5,0,0,0,0,43.93,-103.58,43.93,-103.58,0,0,0,0,0,103,0,0,0
668279,2022,6,11,"2022-06-11","22:30:00",3,"MO",29,0,1,0,0,0,0,39.31,-94.52,39.31,-94.52,0,0,0,0,0,47,0,0,0
668280,2022,6,11,"2022-06-11","22:31:00",3,"KS",20,0,0.75,0,0,0,0,37.07,-95.93,37.07,-95.93,0,0,0,0,0,125,0,0,0
668281,2022,6,11,"2022-06-11","22:45:00",3,"SD",46,0,1,0,0,0,0,43.9,-103.42,43.9,-103.42,0,0,0,0,0,103,0,0,0
668282,2022,6,11,"2022-06-11","22:46:00",3,"SD",46,0,1.75,0,0,0,0,43.88,-103.45,43.88,-103.45,0,0,0,0,0,103,0,0,0
668283,2022,6,11,"2022-06-11","22:55:00",3,"SD",46,0,1,0,0,0,0,43.8677,-103.2827,43.8677,-103.2827,0,0,0,0,0,33,0,0,0
668284,2022,6,11,"2022-06-11","22:55:00",3,"IA",19,0,1,0,0,0,0,41.74,-90.82,41.74,-90.82,0,0,0,0,0,163,0,0,0
668285,2022,6,11,"2022-06-11","23:00:00",3,"SD",46,0,1.75,0,0,0,0,43.84,-103.2903,43.84,-103.2903,0,0,0,0,0,33,0,0,0
668286,2022,6,12,"2022-06-12","02:30:00",3,"SD",46,0,1,0,0,0,0,43.74,-100.67,43.74,-100.67,0,0,0,0,0,75,0,0,0
668287,2022,6,12,"2022-06-12","04:18:00",3,"NE",31,0,0.88,0,0,0,0,40.7145,-99.08,40.7145,-99.08,0,0,0,0,0,19,0,0,0
668288,2022,6,12,"2022-06-12","04:30:00",3,"NE",31,0,1,0,0,0,0,40.8436,-98.8812,40.8436,-98.8812,0,0,0,0,0,19,0,0,0
668289,2022,6,12,"2022-06-12","05:58:00",3,"NE",31,0,1.5,0,0,0,0,40.3,-97.67,40.3,-97.67,0,0,0,0,0,169,0,0,0
668290,2022,6,12,"2022-06-12","06:09:00",3,"IL",17,0,1,0,0,0,0,40.73,-90.66,40.73,-90.66,0,0,0,0,0,187,0,0,0
668291,2022,6,12,"2022-06-12","06:40:00",3,"IL",17,0,1.5,0,0,0,0,40.1145,-88.2,40.1145,-88.2,0,0,0,0,0,19,0,0,0
668292,2022,6,12,"2022-06-12","06:55:00",3,"IL",17,0,1,0,0,0,0,40.1272,-88.03,40.1272,-88.03,0,0,0,0,0,19,0,0,0
668293,2022,6,12,"2022-06-12","07:01:00",3,"MN",27,0,1,0,0,0,0,48.17,-96.66,48.17,-96.66,0,0,0,0,0,119,0,0,0
668294,2022,6,12,"2022-06-12","07:43:00",3,"MN",27,0,1,0,0,0,0,48.16,-96.44,48.16,-96.44,0,0,0,0,0,113,0,0,0
668295,2022,6,12,"2022-06-12","08:12:00",3,"KS",20,0,1,0,0,0,0,39.83,-96.08,39.83,-96.08,0,0,0,0,0,131,0,0,0
668296,2022,6,12,"2022-06-12","08:30:00",3,"IN",18,0,2,0,0,0,0,39.95,-87.46,39.95,-87.46,0,0,0,0,0,165,0,0,0
668297,2022,6,12,"2022-06-12","08:30:00",3,"IL",17,0,1.5,0,0,0,0,39.57,-90.13,39.57,-90.13,0,0,0,0,0,137,0,0,0
668298,2022,6,12,"2022-06-12","08:50:00",3,"IL",17,0,1.5,0,0,0,0,39.4797,-89.9854,39.4759,-89.9787,0,0,0,0,0,117,0,0,0
668299,2022,6,12,"2022-06-12","09:12:00",3,"IL",17,0,1,0,0,0,0,39.4273,-89.7883,39.4273,-89.7883,0,0,0,0,0,117,0,0,0
668300,2022,6,12,"2022-06-12","09:25:00",3,"IL",17,0,2,0,0,1000,0,39.3986,-89.8376,39.3986,-89.8376,0,0,0,0,0,117,0,0,0
668301,2022,6,12,"2022-06-12","09:45:00",3,"IL",17,0,1,0,0,0,0,39.1774,-89.7237,39.18,-89.65,0,0,0,0,0,135,0,0,0
668302,2022,6,12,"2022-06-12","12:30:00",3,"NC",37,0,1.25,0,0,0,0,35.76,-76.9,35.76,-76.9,0,0,0,0,0,117,0,0,0
668303,2022,6,12,"2022-06-12","13:25:00",3,"TN",47,0,1,0,0,0,0,35.4415,-88.5733,35.4415,-88.5733,0,0,0,0,0,23,0,0,0
668304,2022,6,12,"2022-06-12","13:30:00",3,"NC",37,0,1.25,0,0,0,0,35.76,-76.9,35.76,-76.9,0,0,0,0,0,117,0,0,0
668305,2022,6,12,"2022-06-12","14:52:00",3,"MN",27,0,2,0,0,0,0,48.4,-96.18,48.4,-96.18,0,0,0,0,0,89,0,0,0
668306,2022,6,12,"2022-06-12","14:53:00",3,"MN",27,0,1.75,0,0,0,0,48.36,-96.15,48.36,-96.15,0,0,0,0,0,89,0,0,0
668307,2022,6,12,"2022-06-12","15:00:00",3,"WY",56,0,1.5,0,0,0,0,44.94,-105.79,44.94,-105.79,0,0,0,0,0,5,0,0,0
668308,2022,6,12,"2022-06-12","15:07:00",3,"MN",27,0,1.5,0,0,0,0,48.37,-96.08,48.37,-96.08,0,0,0,0,0,89,0,0,0
668309,2022,6,12,"2022-06-12","15:37:00",3,"WY",56,0,1,0,0,0,0,44.7,-106.33,44.7,-106.33,0,0,0,0,0,33,0,0,0
668310,2022,6,12,"2022-06-12","15:45:00",3,"WY",56,0,0.75,0,0,0,0,42.03,-104.21,42.03,-104.21,0,0,0,0,0,15,0,0,0
668311,2022,6,12,"2022-06-12","15:45:00",3,"MN",27,0,1.25,0,0,0,0,48.19,-95.63,48.19,-95.63,0,0,0,0,0,89,0,0,0
668312,2022,6,12,"2022-06-12","15:55:00",3,"WY",56,0,1.25,0,0,0,0,42.06,-104.19,42.06,-104.19,0,0,0,0,0,15,0,0,0
668313,2022,6,12,"2022-06-12","16:06:00",3,"CO",8,0,1,0,0,0,0,40.44,-103.09,40.44,-103.09,0,0,0,0,0,121,0,0,0
668314,2022,6,12,"2022-06-12","16:13:00",3,"WY",56,0,1.75,0,0,0,0,44.7524,-104.6,44.7524,-104.6,0,0,0,0,0,11,0,0,0
668315,2022,6,12,"2022-06-12","16:17:00",3,"NE",31,0,1.5,0,0,0,0,42.04,-103.92,42.04,-103.92,0,0,0,0,0,165,0,0,0
668316,2022,6,12,"2022-06-12","16:18:00",3,"WY",56,0,1,0,0,0,0,43.542,-111.0423,43.495,-110.9106,0,0,0,0,0,39,0,0,0
668317,2022,6,12,"2022-06-12","16:37:00",3,"WY",56,0,1,0,0,0,0,44.49,-105.23,44.49,-105.23,0,0,0,0,0,5,0,0,0
668318,2022,6,12,"2022-06-12","16:40:00",3,"WY",56,0,2.75,0,0,0,0,44.7202,-104.1333,44.7202,-104.1333,0,0,0,0,0,11,0,0,0
668319,2022,6,12,"2022-06-12","16:59:00",3,"SD",46,0,1.5,0,0,0,0,44.67,-103.85,44.67,-103.85,0,0,0,0,0,19,0,0,0
668320,2022,6,12,"2022-06-12","17:00:00",3,"SD",46,0,4,0,0,0,0,44.6905,-103.8788,44.6905,-103.8788,0,0,0,0,0,19,0,0,0
668321,2022,6,12,"2022-06-12","17:14:00",3,"NE",31,0,1.5,0,0,0,0,41.96,-103.74,41.96,-103.74,0,0,0,0,0,157,0,0,0
668322,2022,6,12,"2022-06-12","17:26:00",3,"SD",46,0,2.75,0,0,0,0,44.5767,-103.7356,44.5767,-103.7356,0,0,0,0,0,81,0,0,0
668323,2022,6,12,"2022-06-12","17:34:00",3,"NC",37,0,1,0,0,0,0,35.27,-77.33,35.27,-77.33,0,0,0,0,0,49,0,0,0
668324,2022,6,12,"2022-06-12","17:40:00",3,"WY",56,0,1.25,0,0,0,0,44.4155,-104.3613,44.4155,-104.3613,0,0,0,0,0,11,0,0,0
668325,2022,6,12,"2022-06-12","17:56:00",3,"SD",46,0,1.75,0,0,0,0,44.4907,-103.597,44.4907,-103.597,0,0,0,0,0,81,0,0,0
668326,2022,6,12,"2022-06-12","18:05:00",3,"SD",46,0,1,0,0,0,0,44.49,-103.9614,44.49,-103.9614,0,0,0,0,0,81,0,0,0
668327,2022,6,12,"2022-06-12","18:12:00",3,"SD",46,0,0.75,0,0,0,0,44.49,-103.86,44.49,-103.86,0,0,0,0,0,81,0,0,0
668328,2022,6,12,"2022-06-12","18:30:00",3,"SD",46,0,1.25,0,0,0,0,44.35,-103.77,44.35,-103.77,0,0,0,0,0,81,0,0,0
668329,2022,6,12,"2022-06-12","18:37:00",3,"SD",46,0,1.5,0,0,0,0,44.38,-103.73,44.38,-103.73,0,0,0,0,0,81,0,0,0
668330,2022,6,12,"2022-06-12","18:40:00",3,"SD",46,0,2,0,0,0,0,44.4202,-103.5243,44.4202,-103.5243,0,0,0,0,0,93,0,0,0
668331,2022,6,12,"2022-06-12","18:42:00",3,"SD",46,0,1.75,0,0,0,0,44.4266,-103.4538,44.4266,-103.4538,0,0,0,0,0,93,0,0,0
668332,2022,6,12,"2022-06-12","18:44:00",3,"SD",46,0,1.75,0,0,0,0,44.41,-103.429,44.41,-103.429,0,0,0,0,0,93,0,0,0
668333,2022,6,12,"2022-06-12","18:45:00",3,"SD",46,0,4,0,0,0,0,44.2712,-102.3992,44.2712,-102.3992,0,0,0,0,0,93,0,0,0
668334,2022,6,12,"2022-06-12","18:45:00",3,"SD",46,0,1.75,0,0,0,0,44.31,-102.4289,44.31,-102.4289,0,0,0,0,0,93,0,0,0
668335,2022,6,12,"2022-06-12","18:45:00",3,"SD",46,0,4.5,0,0,0,0,44.32,-102.24,44.32,-102.24,0,0,0,0,0,103,0,0,0
668336,2022,6,12,"2022-06-12","18:47:00",3,"SD",46,0,1.25,0,0,0,0,44.3936,-103.3658,44.3936,-103.3658,0,0,0,0,0,93,0,0,0
668337,2022,6,12,"2022-06-12","18:47:00",3,"SD",46,0,1.25,0,0,0,0,44.3512,-103.3485,44.3512,-103.3485,0,0,0,0,0,93,0,0,0
668338,2022,6,12,"2022-06-12","19:00:00",3,"SD",46,0,1.5,0,0,0,0,44.41,-103.4087,44.41,-103.4087,0,0,0,0,0,93,0,0,0
668339,2022,6,12,"2022-06-12","19:02:00",3,"SD",46,0,1,0,0,0,0,44.3966,-103.5178,44.3966,-103.5178,0,0,0,0,0,93,0,0,0
668340,2022,6,12,"2022-06-12","19:15:00",3,"SD",46,0,1.75,0,0,0,0,44.13,-102.17,44.13,-102.17,0,0,0,0,0,103,0,0,0
668341,2022,6,12,"2022-06-12","19:15:00",3,"SD",46,0,1,0,0,0,0,44.2298,-102.5764,44.2298,-102.5764,0,0,0,0,0,93,0,0,0
668342,2022,6,12,"2022-06-12","19:25:00",3,"SD",46,0,2.75,0,0,0,0,44.2077,-102.3871,44.2077,-102.3871,0,0,0,0,0,93,0,0,0
668343,2022,6,12,"2022-06-12","19:33:00",3,"SD",46,0,1,0,0,0,0,44.33,-103.11,44.33,-103.11,0,0,0,0,0,93,0,0,0
668344,2022,6,12,"2022-06-12","20:03:00",3,"SD",46,0,1.75,0,0,0,0,44.2298,-102.5764,44.2298,-102.5764,0,0,0,0,0,93,0,0,0
668345,2022,6,12,"2022-06-12","21:05:00",3,"SD",46,0,1,0,0,0,0,43.86,-100.84,43.86,-100.84,0,0,0,0,0,75,0,0,0
668346,2022,6,12,"2022-06-12","22:27:00",3,"KS",20,0,1.5,0,0,0,0,39.6716,-98.677,39.6716,-98.677,0,0,0,0,0,183,0,0,0
668347,2022,6,12,"2022-06-12","22:30:00",3,"SD",46,0,1.5,0,0,0,0,43.67,-100.09,43.67,-100.09,0,0,0,0,0,123,0,0,0
668348,2022,6,12,"2022-06-12","22:32:00",3,"KS",20,0,1,0,0,0,0,39.8137,-98.5541,39.8137,-98.5541,0,0,0,0,0,183,0,0,0
668349,2022,6,12,"2022-06-12","22:32:00",3,"KS",20,0,1.75,0,0,20000,2e+05,39.68,-98.64,39.68,-98.64,0,0,0,0,0,183,0,0,0
668350,2022,6,12,"2022-06-12","22:42:00",3,"NE",31,0,0.88,0,0,0,0,42.83,-99.85,42.83,-99.85,0,0,0,0,0,103,0,0,0
668351,2022,6,13,"2022-06-13","03:17:00",3,"IA",19,0,0.75,0,0,0,0,43.41,-95.13,43.41,-95.13,0,0,0,0,0,59,0,0,0
668352,2022,6,13,"2022-06-13","04:52:00",3,"IA",19,0,0.88,0,0,0,0,41.04,-93.98,41.04,-93.98,0,0,0,0,0,39,0,0,0
668353,2022,6,13,"2022-06-13","06:35:00",3,"MN",27,0,1,0,0,0,0,43.87,-93.96,43.87,-93.96,0,0,0,0,0,13,0,0,0
668354,2022,6,13,"2022-06-13","07:15:00",3,"IA",19,0,1,0,0,0,0,42.94,-93.79,42.94,-93.79,0,0,0,0,0,81,0,0,0
668355,2022,6,13,"2022-06-13","07:24:00",3,"IA",19,0,1.75,0,0,0,0,43.08,-93.72,43.08,-93.72,0,0,0,0,0,81,0,0,0
668356,2022,6,13,"2022-06-13","07:33:00",3,"IA",19,0,0.88,0,0,0,0,43.1,-93.6,43.1,-93.6,0,0,0,0,0,81,0,0,0
668357,2022,6,13,"2022-06-13","07:36:00",3,"IA",19,0,1.25,0,0,0,0,43.1,-93.6,43.1,-93.6,0,0,0,0,0,81,0,0,0
668358,2022,6,13,"2022-06-13","08:08:00",3,"MN",27,0,1,0,0,0,0,43.93,-95.44,43.93,-95.44,0,0,0,0,0,33,0,0,0
668359,2022,6,13,"2022-06-13","08:20:00",3,"MN",27,0,1,0,0,0,0,44.08,-93.21,44.08,-93.21,0,0,0,0,0,147,0,0,0
668360,2022,6,13,"2022-06-13","08:21:00",3,"MN",27,0,1.25,0,0,0,0,44.07,-93.25,44.07,-93.25,0,0,0,0,0,147,0,0,0
668361,2022,6,13,"2022-06-13","08:22:00",3,"MN",27,0,0.88,0,0,0,23000,43.94,-95.18,43.94,-95.18,0,0,0,0,0,33,0,0,0
668362,2022,6,13,"2022-06-13","13:33:00",3,"IN",18,0,1,0,0,0,0,40.36,-86.39,40.36,-86.39,0,0,0,0,0,23,0,0,0
668363,2022,6,13,"2022-06-13","13:47:00",3,"WI",55,0,1,0,0,0,0,43.17,-89.62,43.17,-89.62,0,0,0,0,0,25,0,0,0
668364,2022,6,13,"2022-06-13","14:00:00",3,"WI",55,0,1.25,0,0,0,0,43.09,-89.37,43.09,-89.37,0,0,0,0,0,25,0,0,0
668365,2022,6,13,"2022-06-13","14:02:00",3,"WI",55,0,1,0,0,0,0,43.11,-89.33,43.11,-89.33,0,0,0,0,0,25,0,0,0
668366,2022,6,13,"2022-06-13","14:02:00",3,"WI",55,0,1.25,0,0,0,0,43.11,-89.35,43.11,-89.35,0,0,0,0,0,25,0,0,0
668367,2022,6,13,"2022-06-13","14:05:00",3,"WI",55,0,1.25,0,0,0,0,43.19,-89.22,43.19,-89.22,0,0,0,0,0,25,0,0,0
668368,2022,6,13,"2022-06-13","14:08:00",3,"WI",55,0,1.5,0,0,0,0,43.18,-89.2,43.18,-89.2,0,0,0,0,0,25,0,0,0
668369,2022,6,13,"2022-06-13","14:08:00",3,"WI",55,0,2.25,0,0,0,0,43.18,-89.21,43.18,-89.21,0,0,0,0,0,25,0,0,0
668370,2022,6,13,"2022-06-13","14:08:00",3,"WI",55,0,1.25,0,0,0,0,43.09,-89.18,43.09,-89.18,0,0,0,0,0,25,0,0,0
668371,2022,6,13,"2022-06-13","14:10:00",3,"WI",55,0,1.5,0,0,0,0,43.08,-89.14,43.08,-89.14,0,0,0,0,0,25,0,0,0
668372,2022,6,13,"2022-06-13","14:10:00",3,"WI",55,0,1.5,0,0,0,0,43.05,-89.07,43.05,-89.07,0,0,0,0,0,25,0,0,0
668373,2022,6,13,"2022-06-13","14:10:00",3,"IN",18,0,1,0,0,0,0,39.72,-85.65,39.72,-85.65,0,0,0,0,0,59,0,0,0
668374,2022,6,13,"2022-06-13","14:15:00",3,"WI",55,0,1.5,0,0,0,0,43.05,-89.08,43.05,-89.08,0,0,0,0,0,25,0,0,0
668375,2022,6,13,"2022-06-13","14:30:00",3,"WI",55,0,0.88,0,0,0,0,43.72,-89.88,43.72,-89.88,0,0,0,0,0,57,0,0,0
668376,2022,6,13,"2022-06-13","14:34:00",3,"WI",55,0,1.75,0,0,0,0,42.99,-88.81,42.99,-88.81,0,0,0,0,0,55,0,0,0
668377,2022,6,13,"2022-06-13","14:35:00",3,"WI",55,0,1.75,0,0,0,0,43.08,-88.78,43.08,-88.78,0,0,0,0,0,55,0,0,0
668378,2022,6,13,"2022-06-13","14:40:00",3,"WI",55,0,1.75,0,0,0,0,43.01,-88.73,43.01,-88.73,0,0,0,0,0,55,0,0,0
668379,2022,6,13,"2022-06-13","14:42:00",3,"WI",55,0,1.25,0,0,0,0,43.18,-88.75,43.18,-88.75,0,0,0,0,0,55,0,0,0
668380,2022,6,13,"2022-06-13","14:44:00",3,"WI",55,0,1.75,0,0,0,0,43.01,-88.69,43.01,-88.69,0,0,0,0,0,55,0,0,0
668381,2022,6,13,"2022-06-13","14:47:00",3,"WI",55,0,1.25,0,0,0,0,43.14,-88.6,43.14,-88.6,0,0,0,0,0,55,0,0,0
668382,2022,6,13,"2022-06-13","14:55:00",3,"WI",55,0,1.25,0,0,0,0,43.09,-88.54,43.09,-88.54,0,0,0,0,0,133,0,0,0
668383,2022,6,13,"2022-06-13","14:55:00",3,"WI",55,0,1.75,0,0,0,0,42.97,-88.55,42.97,-88.55,0,0,0,0,0,55,0,0,0
668384,2022,6,13,"2022-06-13","14:56:00",3,"WI",55,0,1.75,0,0,0,0,43.1,-88.53,43.1,-88.53,0,0,0,0,0,133,0,0,0
668385,2022,6,13,"2022-06-13","15:00:00",3,"WI",55,0,1,0,0,0,0,42.98,-88.45,42.98,-88.45,0,0,0,0,0,133,0,0,0
668386,2022,6,13,"2022-06-13","15:02:00",3,"WI",55,0,1.75,0,0,0,0,42.94,-88.4,42.94,-88.4,0,0,0,0,0,133,0,0,0
668387,2022,6,13,"2022-06-13","15:03:00",3,"WI",55,0,1,0,0,0,0,43.01,-88.38,43.01,-88.38,0,0,0,0,0,133,0,0,0
668388,2022,6,13,"2022-06-13","15:03:00",3,"WI",55,0,1.25,0,0,0,0,43,-88.38,43,-88.38,0,0,0,0,0,133,0,0,0
668389,2022,6,13,"2022-06-13","15:09:00",3,"IN",18,0,0.88,0,0,0,0,41.04,-85.14,41.04,-85.14,0,0,0,0,0,3,0,0,0
668390,2022,6,13,"2022-06-13","15:12:00",3,"WI",55,0,1.75,0,0,0,0,42.9,-88.25,42.9,-88.25,0,0,0,0,0,133,0,0,0
668391,2022,6,13,"2022-06-13","15:16:00",3,"WI",55,0,1,0,0,0,0,42.99,-88.21,42.99,-88.21,0,0,0,0,0,133,0,0,0
668392,2022,6,13,"2022-06-13","15:19:00",3,"ME",23,0,1,0,0,0,0,44.41,-69.94,44.41,-69.94,0,0,0,0,0,11,0,0,0
668393,2022,6,13,"2022-06-13","15:26:00",3,"WI",55,0,1.25,0,0,0,0,42.94,-87.99,42.94,-87.99,0,0,0,0,0,79,0,0,0
668394,2022,6,13,"2022-06-13","15:28:00",3,"OH",39,0,1,0,0,0,0,39.44,-84.54,39.44,-84.54,0,0,0,0,0,17,0,0,0
668395,2022,6,13,"2022-06-13","15:30:00",3,"WI",55,0,1.25,0,0,0,0,42.89,-88.01,42.89,-88.01,0,0,0,0,0,79,0,0,0
668396,2022,6,13,"2022-06-13","16:40:00",3,"SC",45,0,0.75,0,0,0,0,34.94,-83.02,34.94,-83.02,0,0,0,0,0,73,0,0,0
668397,2022,6,13,"2022-06-13","16:52:00",3,"ND",38,0,0.75,0,0,0,0,47.31,-103.13,47.31,-103.13,0,0,0,0,0,7,0,0,0
668398,2022,6,13,"2022-06-13","17:04:00",3,"OH",39,0,0.75,0,0,0,0,38.94,-83.9,38.94,-83.9,0,0,0,0,0,15,0,0,0
668399,2022,6,13,"2022-06-13","17:25:00",3,"SC",45,0,0.75,0,0,0,0,34.74,-83.02,34.74,-83.02,0,0,0,0,0,73,0,0,0
668400,2022,6,13,"2022-06-13","17:28:00",3,"IL",17,0,1,0,0,0,0,42.07,-87.93,42.07,-87.93,0,0,0,0,0,31,0,0,0
668401,2022,6,13,"2022-06-13","17:35:00",3,"IL",17,0,1,0,0,0,0,42.1537,-88.0287,42.1537,-88.0287,0,0,0,0,0,31,0,0,0
668402,2022,6,13,"2022-06-13","17:45:00",3,"IL",17,0,1,0,0,0,0,42.01,-87.84,42.01,-87.84,0,0,0,0,0,31,0,0,0
668403,2022,6,13,"2022-06-13","17:55:00",3,"IL",17,0,1,0,0,0,0,41.89,-87.86,41.89,-87.86,0,0,0,0,0,31,0,0,0
668404,2022,6,13,"2022-06-13","17:57:00",3,"WY",56,0,1.75,0,0,0,0,42.76,-104.74,42.76,-104.74,0,0,0,0,0,27,0,0,0
668405,2022,6,13,"2022-06-13","18:00:00",3,"WY",56,0,2.5,0,0,0,0,42.78,-104.62,42.78,-104.62,0,0,0,0,0,27,0,0,0
668406,2022,6,13,"2022-06-13","18:17:00",3,"WY",56,0,0.88,0,0,0,0,44.04,-104.51,44.04,-104.51,0,0,0,0,0,45,0,0,0
668407,2022,6,13,"2022-06-13","18:35:00",3,"WY",56,0,2,0,0,0,0,42.95,-104.45,42.95,-104.45,0,0,0,0,0,27,0,0,0
668408,2022,6,13,"2022-06-13","18:35:00",3,"GA",13,0,1,0,0,0,0,34.98,-83.321,34.98,-83.321,0,0,0,0,0,241,0,0,0
668409,2022,6,13,"2022-06-13","18:55:00",3,"IN",18,0,1,0,0,0,0,41.62,-87.25,41.62,-87.25,0,0,0,0,0,89,0,0,0
668410,2022,6,13,"2022-06-13","18:55:00",3,"IN",18,0,1.5,0,0,0,0,41.5739,-87.2253,41.5739,-87.2253,0,0,0,0,0,89,0,0,0
668411,2022,6,13,"2022-06-13","18:58:00",3,"ND",38,0,1.25,0,0,0,0,47.91,-101.43,47.91,-101.43,0,0,0,0,0,101,0,0,0
668412,2022,6,13,"2022-06-13","19:05:00",3,"IN",18,0,1,0,0,0,0,41.68,-85.94,41.68,-85.94,0,0,0,0,0,39,0,0,0
668413,2022,6,13,"2022-06-13","19:10:00",3,"IN",18,0,0.88,0,0,0,0,41.74,-86.1,41.74,-86.1,0,0,0,0,0,141,0,0,0
668414,2022,6,13,"2022-06-13","19:11:00",3,"IN",18,0,0.75,0,0,0,0,41.75,-86.09,41.75,-86.09,0,0,0,0,0,141,0,0,0
668415,2022,6,13,"2022-06-13","19:13:00",3,"IN",18,0,0.75,0,0,0,0,41.73,-86.16,41.73,-86.16,0,0,0,0,0,141,0,0,0
668416,2022,6,13,"2022-06-13","19:14:00",3,"IN",18,0,0.75,0,0,0,0,41.73,-86.16,41.73,-86.16,0,0,0,0,0,141,0,0,0
668417,2022,6,13,"2022-06-13","19:15:00",3,"IN",18,0,1,0,0,0,0,41.65,-86.03,41.65,-86.03,0,0,0,0,0,39,0,0,0
668418,2022,6,13,"2022-06-13","19:17:00",3,"WY",56,0,1.75,0,0,0,0,42.59,-104.45,42.59,-104.45,0,0,0,0,0,15,0,0,0
668419,2022,6,13,"2022-06-13","19:26:00",3,"IN",18,0,0.75,0,0,0,0,41.61,-85.94,41.61,-85.94,0,0,0,0,0,39,0,0,0
668420,2022,6,13,"2022-06-13","19:27:00",3,"IN",18,0,0.75,0,0,0,0,41.74,-86.11,41.74,-86.11,0,0,0,0,0,141,0,0,0
668421,2022,6,13,"2022-06-13","19:30:00",3,"IN",18,0,0.75,0,0,0,0,41.6,-85.88,41.6,-85.88,0,0,0,0,0,39,0,0,0
668422,2022,6,13,"2022-06-13","19:42:00",3,"WY",56,0,1,0,0,0,0,42.81,-104.09,42.81,-104.09,0,0,0,0,0,27,0,0,0
668423,2022,6,13,"2022-06-13","19:43:00",3,"SD",46,0,1,0,0,0,0,43.3,-103.8499,43.3,-103.8499,0,0,0,0,0,47,0,0,0
668424,2022,6,13,"2022-06-13","19:44:00",3,"SD",46,0,0.88,0,0,0,0,43.3,-103.83,43.3,-103.83,0,0,0,0,0,47,0,0,0
668425,2022,6,13,"2022-06-13","19:45:00",3,"SD",46,0,0.88,0,0,0,0,43.3134,-103.8224,43.3134,-103.8224,0,0,0,0,0,47,0,0,0
668426,2022,6,13,"2022-06-13","19:55:00",3,"SD",46,0,2.5,0,0,0,0,43.43,-103.72,43.43,-103.72,0,0,0,0,0,47,0,0,0
668427,2022,6,13,"2022-06-13","19:58:00",3,"SD",46,0,1.75,0,0,0,0,43.44,-103.71,43.44,-103.71,0,0,0,0,0,47,0,0,0
668428,2022,6,13,"2022-06-13","20:26:00",3,"IN",18,0,1.75,0,0,0,0,41.22,-85.18,41.22,-85.18,0,0,0,0,0,3,0,0,0
668429,2022,6,13,"2022-06-13","20:27:00",3,"SD",46,0,0.88,0,0,0,0,43.18,-103.7905,43.18,-103.7905,0,0,0,0,0,47,0,0,0
668430,2022,6,13,"2022-06-13","20:35:00",3,"SD",46,0,1.5,0,0,0,0,43.24,-103.63,43.24,-103.63,0,0,0,0,0,47,0,0,0
668431,2022,6,13,"2022-06-13","20:48:00",3,"IN",18,0,1,0,0,0,0,40.99,-85.06,40.99,-85.06,0,0,0,0,0,3,0,0,0
668432,2022,6,13,"2022-06-13","20:50:00",3,"ND",38,0,1.75,0,0,0,0,47.66,-100.33,47.66,-100.33,0,0,0,0,0,83,0,0,0
668433,2022,6,13,"2022-06-13","20:52:00",3,"WY",56,0,1,0,0,0,0,44.3164,-104.3258,44.3164,-104.3258,0,0,0,0,0,11,0,0,0
668434,2022,6,13,"2022-06-13","20:54:00",3,"SD",46,0,2.75,0,0,0,0,43.43,-103.48,43.43,-103.48,0,0,0,0,0,47,0,0,0
668435,2022,6,13,"2022-06-13","20:55:00",3,"SD",46,0,1.75,0,0,0,0,43.5095,-103.6218,43.5095,-103.6218,0,0,0,0,0,33,0,0,0
668436,2022,6,13,"2022-06-13","21:00:00",3,"SD",46,0,2.25,0,0,0,0,43.4166,-103.4724,43.4166,-103.4724,0,0,0,0,0,47,0,0,0
668437,2022,6,13,"2022-06-13","21:00:00",3,"SD",46,0,1.75,0,0,0,0,43.4245,-103.4984,43.4245,-103.4984,0,0,0,0,0,47,0,0,0
668438,2022,6,13,"2022-06-13","21:05:00",3,"ND",38,0,2,0,0,0,0,47.64,-100.08,47.64,-100.08,0,0,0,0,0,83,0,0,0
668439,2022,6,13,"2022-06-13","21:10:00",3,"SD",46,0,4,0,0,0,0,43.46,-103.36,43.46,-103.36,0,0,0,0,0,47,0,0,0
668440,2022,6,13,"2022-06-13","21:13:00",3,"SD",46,0,2.25,0,0,0,0,43.4245,-103.4984,43.4245,-103.4984,0,0,0,0,0,47,0,0,0
668441,2022,6,13,"2022-06-13","21:16:00",3,"ND",38,0,1,0,0,0,0,47.77,-99.94,47.77,-99.94,0,0,0,0,0,103,0,0,0
668442,2022,6,13,"2022-06-13","21:20:00",3,"ND",38,0,1,0,0,0,0,47.79,-100.05,47.79,-100.05,0,0,0,0,0,103,0,0,0
668443,2022,6,13,"2022-06-13","21:34:00",3,"OH",39,0,1,0,0,0,0,40.49,-84.32,40.49,-84.32,0,0,0,0,0,11,0,0,0
668444,2022,6,13,"2022-06-13","22:30:00",3,"ND",38,0,1,0,0,0,0,47.81,-99.18,47.81,-99.18,0,0,0,0,0,27,0,0,0
668445,2022,6,13,"2022-06-13","22:45:00",3,"ND",38,0,1,0,0,0,0,47.92,-98.88,47.92,-98.88,0,0,0,0,0,5,0,0,0
668446,2022,6,13,"2022-06-13","22:56:00",3,"SD",46,0,1.75,0,0,0,0,43.9321,-102.13,43.9321,-102.13,0,0,0,0,0,103,0,0,0
668447,2022,6,13,"2022-06-13","22:58:00",3,"SD",46,0,2.5,0,0,0,0,43.9231,-102.0915,43.9231,-102.0915,0,0,0,0,0,103,0,0,0
668448,2022,6,13,"2022-06-13","22:58:00",3,"SD",46,0,2.75,0,0,0,0,43.9098,-102.0838,43.9098,-102.0838,0,0,0,0,0,103,0,0,0
668449,2022,6,13,"2022-06-13","23:27:00",3,"SD",46,0,1.75,0,0,0,0,44.1413,-101.67,44.1413,-101.67,0,0,0,0,0,55,0,0,0
668450,2022,6,13,"2022-06-13","23:53:00",3,"SD",46,0,3.25,0,0,0,0,43.65,-101.85,43.65,-101.85,0,0,0,0,0,71,0,0,0
668451,2022,6,14,"2022-06-14","00:00:00",3,"SD",46,0,1.5,0,0,0,0,43.8352,-101.6669,43.8352,-101.6669,0,0,0,0,0,71,0,0,0
668452,2022,6,14,"2022-06-14","00:00:00",3,"SD",46,0,1,0,0,0,0,43.8566,-101.5656,43.8566,-101.5656,0,0,0,0,0,71,0,0,0
668453,2022,6,14,"2022-06-14","00:10:00",3,"SD",46,0,2.5,0,0,0,0,43.84,-101.51,43.84,-101.51,0,0,0,0,0,71,0,0,0
668454,2022,6,14,"2022-06-14","00:11:00",3,"SD",46,0,2.5,0,0,0,0,43.8502,-101.5242,43.8502,-101.5242,0,0,0,0,0,71,0,0,0
668455,2022,6,14,"2022-06-14","00:36:00",3,"SD",46,0,1.75,0,0,0,0,44.68,-101.02,44.68,-101.02,0,0,0,0,0,117,0,0,0
668456,2022,6,14,"2022-06-14","03:00:00",3,"SD",46,0,1,0,0,0,0,45.45,-99.33,45.45,-99.33,0,0,0,0,0,45,0,0,0
668457,2022,6,14,"2022-06-14","03:05:00",3,"SD",46,0,1,0,0,0,0,45.45,-99.33,45.45,-99.33,0,0,0,0,0,45,0,0,0
668458,2022,6,14,"2022-06-14","03:22:00",3,"SD",46,0,1.75,0,0,0,0,45.72,-98.94,45.72,-98.94,0,0,0,0,0,89,0,0,0
668459,2022,6,14,"2022-06-14","03:25:00",3,"SD",46,0,1.5,0,0,0,0,45.74,-98.94,45.74,-98.94,0,0,0,0,0,89,0,0,0
668460,2022,6,14,"2022-06-14","03:55:00",3,"SD",46,0,1.75,0,0,0,0,45.93,-98.64,45.93,-98.64,0,0,0,0,0,13,0,0,0
668461,2022,6,14,"2022-06-14","04:00:00",3,"ND",38,0,3,0,0,2e+05,0,45.94,-98.78,45.94,-98.78,0,0,0,0,0,21,0,0,0
668462,2022,6,14,"2022-06-14","04:30:00",3,"ND",38,0,0.88,0,0,0,0,46.36,-98.29,46.36,-98.29,0,0,0,0,0,45,0,0,0
668463,2022,6,14,"2022-06-14","05:12:00",3,"ND",38,0,1,0,0,0,0,46.79,-98.09,46.79,-98.09,0,0,0,0,0,3,0,0,0
668464,2022,6,14,"2022-06-14","05:15:00",3,"NC",37,0,1,0,0,0,0,35.458,-80.732,35.458,-80.732,0,0,0,0,0,25,0,0,0
668465,2022,6,14,"2022-06-14","05:25:00",3,"NC",37,0,1,0,0,0,0,35.43,-80.66,35.43,-80.66,0,0,0,0,0,25,0,0,0
668466,2022,6,14,"2022-06-14","08:42:00",3,"MD",24,0,1,0,0,0,0,38.42,-75.69,38.42,-75.69,0,0,0,0,0,45,0,0,0
668467,2022,6,14,"2022-06-14","09:59:00",3,"GA",13,0,1,0,0,0,0,34.6,-83.76,34.6,-83.76,0,0,0,0,0,311,0,0,0
668468,2022,6,14,"2022-06-14","10:05:00",3,"GA",13,0,0.25,0,0,10,10,33.039,-82.0007,33.039,-82.0007,0,0,0,0,0,33,0,0,0
668469,2022,6,14,"2022-06-14","10:30:00",3,"GA",13,0,1,0,0,0,0,34.37,-83.92,34.37,-83.92,0,0,0,0,0,139,0,0,0
668470,2022,6,14,"2022-06-14","14:30:00",3,"MN",27,0,1,0,0,0,0,47.84,-95.85,47.84,-95.85,0,0,0,0,0,125,0,0,0
668471,2022,6,14,"2022-06-14","17:46:00",3,"KS",20,0,1,0,0,0,0,38.55,-99.5,38.55,-99.5,0,0,0,0,0,165,0,0,0
668472,2022,6,14,"2022-06-14","17:52:00",3,"MN",27,0,0.75,0,0,0,0,48.6,-93.41,48.6,-93.41,0,0,0,0,0,71,0,0,0
668473,2022,6,14,"2022-06-14","18:08:00",3,"KS",20,0,1.75,0,0,0,0,38.42,-99.75,38.42,-99.75,0,0,0,0,0,135,0,0,0
668474,2022,6,14,"2022-06-14","18:28:00",3,"KS",20,0,1.75,0,0,0,0,38.42,-99.64,38.42,-99.64,0,0,0,0,0,135,0,0,0
668475,2022,6,14,"2022-06-14","20:20:00",3,"IA",19,0,1.25,0,0,0,0,41.14,-95.43,41.14,-95.43,0,0,0,0,0,129,0,0,0
668476,2022,6,14,"2022-06-14","20:40:00",3,"NE",31,0,2.5,0,0,1e+07,8e+07,40.866,-97.6044,40.8969,-97.4611,0,0,0,0,0,185,0,0,0
668477,2022,6,14,"2022-06-14","21:08:00",3,"NE",31,0,1.75,0,0,0,0,40.9,-97.35,40.9,-97.35,0,0,0,0,0,159,0,0,0
668478,2022,6,14,"2022-06-14","21:14:00",3,"NE",31,0,1.5,0,0,0,0,40.9,-97.34,40.9,-97.34,0,0,0,0,0,159,0,0,0
668479,2022,6,14,"2022-06-14","21:17:00",3,"NE",31,0,1,0,0,0,0,40.2,-98.07,40.2,-98.07,0,0,0,0,0,129,0,0,0
668480,2022,6,14,"2022-06-14","21:27:00",3,"NE",31,0,3,0,0,0,0,40.89,-96.99,40.89,-96.99,0,0,0,0,0,159,0,0,0
668481,2022,6,14,"2022-06-14","21:29:00",3,"NE",31,0,2,0,0,0,0,40.92,-97.09,40.92,-97.09,0,0,0,0,0,159,0,0,0
668482,2022,6,14,"2022-06-14","21:30:00",3,"NE",31,0,2.25,0,0,0,0,40.89,-97,40.89,-97,0,0,0,0,0,159,0,0,0
668483,2022,6,14,"2022-06-14","21:30:00",3,"NE",31,0,1.75,0,0,0,0,40.91,-97.1,40.91,-97.1,0,0,0,0,0,159,0,0,0
668484,2022,6,14,"2022-06-14","21:34:00",3,"IA",19,0,0.75,0,0,0,0,41.41,-95.02,41.41,-95.02,0,0,0,0,0,29,0,0,0
668485,2022,6,14,"2022-06-14","21:35:00",3,"NE",31,0,0.88,0,0,0,0,40.48,-99.89,40.48,-99.89,0,0,0,0,0,73,0,0,0
668486,2022,6,14,"2022-06-14","21:35:00",3,"NE",31,0,1.5,0,0,0,0,40.89,-97,40.89,-97,0,0,0,0,0,159,0,0,0
668487,2022,6,14,"2022-06-14","21:35:00",3,"NE",31,0,1.75,0,0,4e+05,2e+06,40.6997,-99.251,40.8298,-99.0775,0,0,0,0,0,19,0,0,0
668488,2022,6,14,"2022-06-14","21:38:00",3,"IA",19,0,0.75,0,0,0,0,42.61,-93.2,42.61,-93.2,0,0,0,0,0,69,0,0,0
668489,2022,6,14,"2022-06-14","21:40:00",3,"NE",31,0,0.75,0,0,0,0,40.3255,-100.2169,40.3255,-100.2169,0,0,0,0,0,145,0,0,0
668490,2022,6,14,"2022-06-14","21:48:00",3,"NE",31,0,2,0,0,0,0,40.94,-96.89,40.94,-96.89,0,0,0,0,0,109,0,0,0
668491,2022,6,14,"2022-06-14","21:57:00",3,"NE",31,0,3.5,0,0,0,0,40.94,-96.87,40.94,-96.87,0,0,0,0,0,109,0,0,0
668492,2022,6,14,"2022-06-14","22:00:00",3,"NE",31,0,1.5,0,0,0,0,40.97,-99.09,40.97,-99.09,0,0,0,0,0,19,0,0,0
668493,2022,6,14,"2022-06-14","22:00:00",3,"NE",31,0,1,0,0,0,0,40.57,-98.79,40.57,-98.79,0,0,0,0,0,99,0,0,0
668494,2022,6,14,"2022-06-14","22:00:00",3,"NE",31,0,1.75,0,0,0,0,40.97,-96.78,40.97,-96.78,0,0,0,0,0,109,0,0,0
668495,2022,6,14,"2022-06-14","22:08:00",3,"NE",31,0,1.75,0,0,1e+05,1e+06,40.63,-98.73,40.63,-98.73,0,0,0,0,0,99,0,0,0
668496,2022,6,14,"2022-06-14","22:08:00",3,"IA",19,0,1,0,0,0,0,42.62,-92.95,42.62,-92.95,0,0,0,0,0,23,0,0,0
668497,2022,6,14,"2022-06-14","22:10:00",3,"NE",31,0,1,0,0,0,0,40.99,-96.67,40.99,-96.67,0,0,0,0,0,109,0,0,0
668498,2022,6,14,"2022-06-14","22:10:00",3,"NE",31,0,1,0,0,0,0,40.62,-98.66,40.62,-98.66,0,0,0,0,0,1,0,0,0
668499,2022,6,14,"2022-06-14","22:10:00",3,"NE",31,0,1.5,0,0,40000,0,40.48,-99.89,40.4987,-99.85,0,0,0,0,0,73,0,0,0
668500,2022,6,14,"2022-06-14","22:18:00",3,"NE",31,0,1.75,0,0,4e+05,4e+06,40.67,-98.51,40.7,-98.37,0,0,0,0,0,1,0,0,0
668501,2022,6,14,"2022-06-14","22:20:00",3,"NE",31,0,0.88,0,0,0,0,40.341,-100.6197,40.341,-100.6197,0,0,0,0,0,145,0,0,0
668502,2022,6,14,"2022-06-14","22:21:00",3,"NE",31,0,1,0,0,0,0,40.92,-96.53,40.92,-96.53,0,0,0,0,0,109,0,0,0
668503,2022,6,14,"2022-06-14","22:23:00",3,"IA",19,0,1,0,0,0,0,42.11,-93.56,42.11,-93.56,0,0,0,0,0,169,0,0,0
668504,2022,6,14,"2022-06-14","22:25:00",3,"NE",31,0,2,0,0,5e+05,5e+05,41.28,-98.97,41.2988,-98.8821,0,0,0,0,0,163,0,0,0
668505,2022,6,14,"2022-06-14","22:25:00",3,"NE",31,0,2.25,0,0,1e+07,0,40.6475,-98.3836,40.5617,-98.3828,0,0,0,0,0,1,0,0,0
668506,2022,6,14,"2022-06-14","22:27:00",3,"NE",31,0,1.5,0,0,0,0,40.7,-99.08,40.6866,-99.0873,0,0,0,0,0,19,0,0,0
668507,2022,6,14,"2022-06-14","22:32:00",3,"NE",31,0,1.5,0,0,0,0,40.53,-99.63,40.53,-99.63,0,0,0,0,0,137,0,0,0
668508,2022,6,14,"2022-06-14","22:39:00",3,"NE",31,0,2.5,0,0,1e+06,5e+05,40.68,-98.27,40.68,-98.27,0,0,0,0,0,35,0,0,0
668509,2022,6,14,"2022-06-14","22:41:00",3,"NE",31,0,1.5,0,0,0,0,40.68,-99.07,40.68,-99.07,0,0,0,0,0,19,0,0,0
668510,2022,6,14,"2022-06-14","22:48:00",3,"NE",31,0,1,0,0,0,0,41.18,-96.17,41.18,-96.17,0,0,0,0,0,153,0,0,0
668511,2022,6,14,"2022-06-14","22:53:00",3,"NE",31,0,1,0,0,0,0,40.53,-100.03,40.53,-100.03,0,0,0,0,0,63,0,0,0
668512,2022,6,14,"2022-06-14","22:55:00",3,"NE",31,0,1,0,0,0,0,41.18,-96.17,41.18,-96.17,0,0,0,0,0,153,0,0,0
668513,2022,6,14,"2022-06-14","23:14:00",3,"NE",31,0,1,0,0,0,0,40.65,-98.39,40.65,-98.39,0,0,0,0,0,1,0,0,0
668514,2022,6,14,"2022-06-14","23:16:00",3,"NE",31,0,1.75,0,0,0,0,40.72,-97.72,40.72,-97.72,0,0,0,0,0,185,0,0,0
668515,2022,6,14,"2022-06-14","23:20:00",3,"NE",31,0,2,0,0,5e+05,5e+06,40.74,-97.86,40.74,-97.86,0,0,0,0,0,81,0,0,0
668516,2022,6,14,"2022-06-14","23:22:00",3,"NE",31,0,1.5,0,0,0,0,40.78,-97.81,40.78,-97.81,0,0,0,0,0,185,0,0,0
668517,2022,6,14,"2022-06-14","23:30:00",3,"NE",31,0,1,0,0,0,0,40.7502,-98.8368,40.7502,-98.8368,0,0,0,0,0,19,0,0,0
668518,2022,6,14,"2022-06-14","23:35:00",3,"IA",19,0,1,0,0,0,0,41.19,-95.43,41.19,-95.43,0,0,0,0,0,155,0,0,0
668519,2022,6,14,"2022-06-14","23:35:00",3,"NE",31,0,2.5,0,0,8e+06,2e+06,40.87,-97.59,40.8214,-97.5959,0,0,0,0,0,185,0,0,0
668520,2022,6,14,"2022-06-14","23:50:00",3,"NE",31,0,1,0,0,0,0,40.9,-97.35,40.9,-97.35,0,0,0,0,0,159,0,0,0
668521,2022,6,14,"2022-06-14","23:55:00",3,"NE",31,0,1.25,0,0,0,0,42.47,-97.91,42.47,-97.91,0,0,0,0,0,107,0,0,0
668522,2022,6,15,"2022-06-15","00:00:00",3,"NE",31,0,1,0,0,0,0,40.75,-98.84,40.75,-98.84,0,0,0,0,0,19,0,0,0
668523,2022,6,15,"2022-06-15","00:18:00",3,"NE",31,0,0.88,0,0,0,0,40.74,-98.21,40.74,-98.21,0,0,0,0,0,81,0,0,0
668524,2022,6,15,"2022-06-15","00:19:00",3,"SD",46,0,1,0,0,0,0,42.87,-97.49,42.87,-97.49,0,0,0,0,0,135,0,0,0
668525,2022,6,15,"2022-06-15","00:20:00",3,"NE",31,0,1,0,0,0,0,41.08,-97.02,41.08,-97.02,0,0,0,0,0,23,0,0,0
668526,2022,6,15,"2022-06-15","00:22:00",3,"NE",31,0,0.88,0,0,0,0,40.82,-98.07,40.82,-98.07,0,0,0,0,0,81,0,0,0
668527,2022,6,15,"2022-06-15","00:34:00",3,"NE",31,0,0.75,0,0,0,0,40.89,-97.87,40.89,-97.87,0,0,0,0,0,81,0,0,0
668528,2022,6,15,"2022-06-15","00:35:00",3,"NE",31,0,0.75,0,0,0,0,40.92,-98.36,40.92,-98.36,0,0,0,0,0,79,0,0,0
668529,2022,6,15,"2022-06-15","00:48:00",3,"IA",19,0,0.88,0,0,0,0,41.56,-94.49,41.56,-94.49,0,0,0,0,0,77,0,0,0
668530,2022,6,15,"2022-06-15","02:00:00",3,"IA",19,0,1,0,0,0,0,42.46,-92.63,42.46,-92.63,0,0,0,0,0,75,0,0,0
668531,2022,6,15,"2022-06-15","02:25:00",3,"NE",31,0,1.75,0,0,0,0,41.25,-97.13,41.25,-97.13,0,0,0,0,0,23,0,0,0
668532,2022,6,15,"2022-06-15","09:20:00",3,"IA",19,0,0.88,0,0,0,0,43.17,-92.42,43.17,-92.42,0,0,0,0,0,37,0,0,0
668533,2022,6,15,"2022-06-15","09:30:00",3,"MN",27,0,1,0,0,0,0,43.74,-92.13,43.74,-92.13,0,0,0,0,0,45,0,0,0
668534,2022,6,15,"2022-06-15","10:50:00",3,"WI",55,0,1,0,0,0,0,43.66,-91.22,43.66,-91.22,0,0,0,0,0,123,0,0,0
668535,2022,6,15,"2022-06-15","11:16:00",3,"WI",55,0,0.75,0,0,0,0,43.92,-90.82,43.92,-90.82,0,0,0,0,0,81,0,0,0
668536,2022,6,15,"2022-06-15","14:34:00",3,"NC",37,0,0.88,0,0,0,0,35.08,-83.18,35.08,-83.18,0,0,0,0,0,113,0,0,0
668537,2022,6,15,"2022-06-15","14:56:00",3,"GA",13,0,1,0,0,0,0,33.22,-84.27,33.22,-84.27,0,0,0,0,0,255,0,0,0
668538,2022,6,15,"2022-06-15","15:06:00",3,"WI",55,0,1,0,0,0,0,43.97,-90.5,43.97,-90.5,0,0,0,0,0,81,0,0,0
668539,2022,6,15,"2022-06-15","15:09:00",3,"AL",1,0,1,0,0,0,0,34.69,-86.57,34.69,-86.57,0,0,0,0,0,89,0,0,0
668540,2022,6,15,"2022-06-15","15:20:00",3,"AL",1,0,1,0,0,0,0,34.66,-86.57,34.66,-86.57,0,0,0,0,0,89,0,0,0
668541,2022,6,15,"2022-06-15","16:04:00",3,"GA",13,0,1.5,0,0,0,0,33.21,-83.36,33.21,-83.36,0,0,0,0,0,237,0,0,0
668542,2022,6,15,"2022-06-15","16:05:00",3,"NC",37,0,1,0,0,0,0,35.731,-81.913,35.731,-81.913,0,0,0,0,0,111,0,0,0
668543,2022,6,15,"2022-06-15","16:05:00",3,"IA",19,0,1,0,0,0,0,42.57,-91.72,42.57,-91.72,0,0,0,0,0,19,0,0,0
668544,2022,6,15,"2022-06-15","16:09:00",3,"IA",19,0,2.75,0,0,0,0,42.6,-91.68,42.6,-91.68,0,0,0,0,0,19,0,0,0
668545,2022,6,15,"2022-06-15","16:10:00",3,"GA",13,0,1,0,0,0,0,33.37,-84.55,33.37,-84.55,0,0,0,0,0,113,0,0,0
668546,2022,6,15,"2022-06-15","16:12:00",3,"GA",13,0,1,0,0,0,0,32.26,-82.81,32.26,-82.81,0,0,0,0,0,175,0,0,0
668547,2022,6,15,"2022-06-15","16:12:00",3,"GA",13,0,1,0,0,0,0,32.23,-82.84,32.23,-82.84,0,0,0,0,0,175,0,0,0
668548,2022,6,15,"2022-06-15","16:13:00",3,"IA",19,0,1,0,0,0,0,42.58,-91.61,42.58,-91.61,0,0,0,0,0,55,0,0,0
668549,2022,6,15,"2022-06-15","16:16:00",3,"GA",13,0,1,0,0,0,0,33.36,-84.6,33.36,-84.6,0,0,0,0,0,77,0,0,0
668550,2022,6,15,"2022-06-15","16:16:00",3,"GA",13,0,1.25,0,0,0,0,33.39,-84.57,33.39,-84.57,0,0,0,0,0,113,0,0,0
668551,2022,6,15,"2022-06-15","16:25:00",3,"NC",37,0,1,0,0,0,0,35.724,-82.022,35.724,-82.022,0,0,0,0,0,111,0,0,0
668552,2022,6,15,"2022-06-15","16:30:00",3,"FL",12,0,1,0,0,0,0,27.52,-82.43,27.52,-82.43,0,0,0,0,0,81,0,0,0
668553,2022,6,15,"2022-06-15","16:35:00",3,"GA",13,0,1,0,0,0,0,32.55,-84.74,32.55,-84.74,0,0,0,0,0,215,0,0,0
668554,2022,6,15,"2022-06-15","16:44:00",3,"AL",1,0,1,0,0,0,0,31.795,-85.169,31.795,-85.169,0,0,0,0,0,5,0,0,0
668555,2022,6,15,"2022-06-15","16:50:00",3,"GA",13,0,1,0,0,0,0,33.24,-84.82,33.24,-84.82,0,0,0,0,0,77,0,0,0
668556,2022,6,15,"2022-06-15","17:05:00",3,"GA",13,0,1,0,0,0,0,33.24,-84.26,33.24,-84.26,0,0,0,0,0,255,0,0,0
668557,2022,6,15,"2022-06-15","17:20:00",3,"GA",13,0,1,0,0,0,0,33.21,-84.95,33.21,-84.95,0,0,0,0,0,285,0,0,0
668558,2022,6,15,"2022-06-15","17:52:00",3,"GA",13,0,1,0,0,0,0,33.43,-84.18,33.43,-84.18,0,0,0,0,0,151,0,0,0
668559,2022,6,15,"2022-06-15","17:55:00",3,"AL",1,0,1.75,0,0,0,0,32.46,-85.17,32.46,-85.17,0,0,0,0,0,113,0,0,0
668560,2022,6,15,"2022-06-15","18:50:00",3,"GA",13,0,1,0,0,0,0,34.82,-83.36,34.82,-83.36,0,0,0,0,0,241,0,0,0
668561,2022,6,15,"2022-06-15","18:57:00",3,"KS",20,0,1,0,0,0,0,38.26,-96.17,38.26,-96.17,0,0,0,0,0,111,0,0,0
668562,2022,6,15,"2022-06-15","19:03:00",3,"AL",1,0,1,0,0,0,0,32.55,-85.58,32.55,-85.58,0,0,0,0,0,81,0,0,0
668563,2022,6,15,"2022-06-15","19:10:00",3,"GA",13,0,1,0,0,0,0,33.62,-85.08,33.62,-85.08,0,0,0,0,0,45,0,0,0
668564,2022,6,15,"2022-06-15","19:23:00",3,"IA",19,0,1,0,0,0,0,40.68,-92.04,40.68,-92.04,0,0,0,0,0,177,0,0,0
668565,2022,6,15,"2022-06-15","20:50:00",3,"MI",26,0,1,0,0,0,0,44.76,-85.64,44.76,-85.64,0,0,0,0,0,55,0,0,0
668566,2022,6,15,"2022-06-15","21:27:00",3,"WI",55,0,1.25,0,0,0,0,44.15,-87.57,44.15,-87.57,0,0,0,0,0,71,0,0,0
668567,2022,6,15,"2022-06-15","21:27:00",3,"WI",55,0,1.5,0,0,0,0,44.16,-87.57,44.16,-87.57,0,0,0,0,0,71,0,0,0
668568,2022,6,15,"2022-06-15","21:45:00",3,"KS",20,0,1,0,0,0,0,37.96,-96.19,37.96,-96.19,0,0,0,0,0,73,0,0,0
668569,2022,6,16,"2022-06-16","00:37:00",3,"NY",36,0,1,0,0,0,0,42.35,-76.48,42.35,-76.48,0,0,0,0,0,109,0,0,0
668570,2022,6,16,"2022-06-16","01:43:00",3,"IL",17,0,1,0,0,0,0,40.8,-89.2,40.8,-89.2,0,0,0,0,0,203,0,0,0
668571,2022,6,16,"2022-06-16","11:14:00",3,"NC",37,0,1,0,0,0,0,35.69,-82.07,35.69,-82.07,0,0,0,0,0,111,0,0,0
668572,2022,6,16,"2022-06-16","11:20:00",3,"NC",37,0,1,0,0,0,0,35.651,-82.064,35.651,-82.064,0,0,0,0,0,111,0,0,0
668573,2022,6,16,"2022-06-16","11:58:00",3,"VA",51,0,0.88,0,0,0,0,36.59,-80.1,36.59,-80.1,0,0,0,0,0,141,0,0,0
668574,2022,6,16,"2022-06-16","12:15:00",3,"GA",13,0,1,0,0,0,0,34.78,-83.42,34.78,-83.42,0,0,0,0,0,241,0,0,0
668575,2022,6,16,"2022-06-16","12:40:00",3,"OH",39,0,1,0,0,0,0,41.534,-81.1798,41.534,-81.1798,0,0,0,0,0,55,0,0,0
668576,2022,6,16,"2022-06-16","12:42:00",3,"OH",39,0,1.75,0,0,0,0,41.5599,-81.2001,41.5599,-81.2001,0,0,0,0,0,55,0,0,0
668577,2022,6,16,"2022-06-16","13:12:00",3,"VA",51,0,0.88,0,0,0,0,37.1,-79.28,37.1,-79.28,0,0,0,0,0,143,0,0,0
668578,2022,6,16,"2022-06-16","13:15:00",3,"VA",51,0,1,0,0,0,0,37.1,-79.3,37.1,-79.3,0,0,0,0,0,143,0,0,0
668579,2022,6,16,"2022-06-16","13:18:00",3,"OH",39,0,1.75,0,0,0,0,40.6565,-81.6322,40.6565,-81.6322,0,0,0,0,0,151,0,0,0
668580,2022,6,16,"2022-06-16","13:24:00",3,"VA",51,0,1.75,0,0,0,0,36.7339,-79.2458,36.7339,-79.2458,0,0,0,0,0,143,0,0,0
668581,2022,6,16,"2022-06-16","13:28:00",3,"PA",42,0,1.5,0,0,1000,0,41.33,-80.43,41.33,-80.43,0,0,0,0,0,85,0,0,0
668582,2022,6,16,"2022-06-16","13:34:00",3,"NC",37,0,1,0,0,0,0,36.33,-80.72,36.33,-80.72,0,0,0,0,0,171,0,0,0
668583,2022,6,16,"2022-06-16","13:34:00",3,"OH",39,0,1.25,0,0,0,0,40.6,-81.53,40.6,-81.53,0,0,0,0,0,157,0,0,0
668584,2022,6,16,"2022-06-16","13:35:00",3,"OH",39,0,1.75,0,0,0,0,40.6,-81.53,40.6,-81.53,0,0,0,0,0,157,0,0,0
668585,2022,6,16,"2022-06-16","13:37:00",3,"NY",36,0,1.5,0,0,0,0,42.54,-78.5,42.54,-78.5,0,0,0,0,0,29,0,0,0
668586,2022,6,16,"2022-06-16","13:38:00",3,"NY",36,0,1,0,0,0,0,42.54,-78.51,42.54,-78.51,0,0,0,0,0,29,0,0,0
668587,2022,6,16,"2022-06-16","13:40:00",3,"PA",42,0,1.75,0,0,1000,500,41.33,-80.43,41.33,-80.43,0,0,0,0,0,85,0,0,0
668588,2022,6,16,"2022-06-16","13:42:00",3,"PA",42,0,2.5,0,0,30000,0,41.31,-80.41,41.31,-80.41,0,0,0,0,0,85,0,0,0
668589,2022,6,16,"2022-06-16","13:44:00",3,"NC",37,0,1,0,0,0,0,35.48,-80.61,35.48,-80.61,0,0,0,0,0,25,0,0,0
668590,2022,6,16,"2022-06-16","13:46:00",3,"PA",42,0,1.5,0,0,1000,1000,41.32,-80.42,41.32,-80.42,0,0,0,0,0,85,0,0,0
668591,2022,6,16,"2022-06-16","13:48:00",3,"PA",42,0,1.75,0,0,1000,1000,41.3,-80.42,41.3,-80.42,0,0,0,0,0,85,0,0,0
668592,2022,6,16,"2022-06-16","13:53:00",3,"PA",42,0,1.75,0,0,1000,1000,41.32,-80.26,41.32,-80.26,0,0,0,0,0,85,0,0,0
668593,2022,6,16,"2022-06-16","13:55:00",3,"VA",51,0,1.75,0,0,0,0,38.8502,-78.1395,38.8502,-78.1395,0,0,0,0,0,157,0,0,0
668594,2022,6,16,"2022-06-16","13:55:00",3,"VA",51,0,0.88,0,0,0,0,37.11,-79.29,37.11,-79.29,0,0,0,0,0,31,0,0,0
668595,2022,6,16,"2022-06-16","14:00:00",3,"PA",42,0,1,0,0,0,0,41.33,-80.43,41.33,-80.43,0,0,0,0,0,85,0,0,0
668596,2022,6,16,"2022-06-16","14:00:00",3,"NY",36,0,1,0,0,0,0,43.19,-76.74,43.19,-76.74,0,0,0,0,0,117,0,0,0
668597,2022,6,16,"2022-06-16","14:00:00",3,"NY",36,0,2.5,0,0,0,0,43.19,-76.65,43.19,-76.65,0,0,0,0,0,11,0,0,0
668598,2022,6,16,"2022-06-16","14:00:00",3,"VA",51,0,1.5,0,0,0,0,38.8285,-78.109,38.8285,-78.109,0,0,0,0,0,157,0,0,0
668599,2022,6,16,"2022-06-16","14:00:00",3,"OH",39,0,1,0,0,0,0,40.53,-81.48,40.53,-81.48,0,0,0,0,0,157,0,0,0
668600,2022,6,16,"2022-06-16","14:04:00",3,"OH",39,0,1,0,0,0,0,40.49,-81.24,40.49,-81.24,0,0,0,0,0,19,0,0,0
668601,2022,6,16,"2022-06-16","14:04:00",3,"NY",36,0,1,0,0,0,0,42.72,-78.01,42.72,-78.01,0,0,0,0,0,121,0,0,0
668602,2022,6,16,"2022-06-16","14:15:00",3,"PA",42,0,1.25,0,0,0,0,41.2,-79.92,41.2,-79.92,0,0,0,0,0,121,0,0,0
668603,2022,6,16,"2022-06-16","14:20:00",3,"NC",37,0,0.75,0,0,0,0,35.9911,-80.0286,35.9911,-80.0286,0,0,0,0,0,81,0,0,0
668604,2022,6,16,"2022-06-16","14:26:00",3,"OH",39,0,2.75,0,0,0,0,40.33,-81.52,40.33,-81.52,0,0,0,0,0,157,0,0,0
668605,2022,6,16,"2022-06-16","14:30:00",3,"NC",37,0,1,0,0,0,0,35.18,-80.79,35.18,-80.79,0,0,0,0,0,119,0,0,0
668606,2022,6,16,"2022-06-16","14:36:00",3,"NY",36,0,1,0,0,0,0,43.17,-76.57,43.17,-76.57,0,0,0,0,0,11,0,0,0
668607,2022,6,16,"2022-06-16","14:36:00",3,"OH",39,0,1.25,0,0,0,0,40.37,-81,40.37,-81,0,0,0,0,0,67,0,0,0
668608,2022,6,16,"2022-06-16","14:48:00",3,"NY",36,0,1.75,0,0,0,0,42.98,-77.39,42.98,-77.39,0,0,0,0,0,69,0,0,0
668609,2022,6,16,"2022-06-16","14:48:00",3,"NY",36,0,1.25,0,0,0,0,42.97,-77.2991,42.97,-77.2991,0,0,0,0,0,69,0,0,0
668610,2022,6,16,"2022-06-16","14:50:00",3,"NY",36,0,1.75,0,0,20000,0,42.99,-77.33,42.99,-77.33,0,0,0,0,0,69,0,0,0
668611,2022,6,16,"2022-06-16","14:52:00",3,"NY",36,0,1.75,0,0,0,0,42.99,-77.33,42.99,-77.33,0,0,0,0,0,69,0,0,0
668612,2022,6,16,"2022-06-16","14:52:00",3,"NY",36,0,1.25,0,0,0,0,42.98,-77.3,42.98,-77.3,0,0,0,0,0,69,0,0,0
668613,2022,6,16,"2022-06-16","14:52:00",3,"OH",39,0,1.5,0,0,0,0,40.26,-81.38,40.26,-81.38,0,0,0,0,0,157,0,0,0
668614,2022,6,16,"2022-06-16","15:00:00",3,"OH",39,0,1,0,0,0,0,40.23,-81.34,40.23,-81.34,0,0,0,0,0,157,0,0,0
668615,2022,6,16,"2022-06-16","15:03:00",3,"NY",36,0,1.25,0,0,0,0,43.26,-76.39,43.26,-76.39,0,0,0,0,0,75,0,0,0
668616,2022,6,16,"2022-06-16","15:11:00",3,"OH",39,0,1,0,0,0,0,40.2,-81.17,40.2,-81.17,0,0,0,0,0,67,0,0,0
668617,2022,6,16,"2022-06-16","15:19:00",3,"VA",51,0,1,0,0,0,0,38.5388,-78.1508,38.5388,-78.1508,0,0,0,0,0,47,0,0,0
668618,2022,6,16,"2022-06-16","15:20:00",3,"SC",45,0,0.88,0,0,100,100,34.7627,-80.6412,34.7627,-80.6412,0,0,0,0,0,57,0,0,0
668619,2022,6,16,"2022-06-16","15:24:00",3,"SC",45,0,0.75,0,0,100,100,34.02,-81.28,34.02,-81.28,0,0,0,0,0,63,0,0,0
668620,2022,6,16,"2022-06-16","15:28:00",3,"SC",45,0,0.5,0,0,100,100,33.99,-81.27,33.99,-81.27,0,0,0,0,0,63,0,0,0
668621,2022,6,16,"2022-06-16","15:36:00",3,"OH",39,0,1,0,0,0,0,39.99,-81.17,39.99,-81.17,0,0,0,0,0,13,0,0,0
668622,2022,6,16,"2022-06-16","15:45:00",3,"OH",39,0,1,0,0,0,0,40.01,-81.07,40.01,-81.07,0,0,0,0,0,13,0,0,0
668623,2022,6,16,"2022-06-16","15:46:00",3,"OH",39,0,0.88,0,0,0,0,40.02,-81.07,40.02,-81.07,0,0,0,0,0,13,0,0,0
668624,2022,6,16,"2022-06-16","16:01:00",3,"OH",39,0,1,0,0,0,0,39.96,-81.29,39.96,-81.29,0,0,0,0,0,59,0,0,0
668625,2022,6,16,"2022-06-16","16:10:00",3,"OH",39,0,0.75,0,0,0,0,39.99,-81.17,39.99,-81.17,0,0,0,0,0,13,0,0,0
668626,2022,6,16,"2022-06-16","16:15:00",3,"MO",29,0,1,0,0,0,0,40.48,-94.29,40.48,-94.29,0,0,0,0,0,227,0,0,0
668627,2022,6,16,"2022-06-16","16:15:00",3,"SC",45,0,1,0,0,0,0,34.0422,-81.0827,34.0422,-81.0827,0,0,0,0,0,79,0,0,0
668628,2022,6,16,"2022-06-16","16:25:00",3,"VA",51,0,1.25,0,0,0,0,38.2497,-78.1099,38.2497,-78.1099,0,0,0,0,0,137,0,0,0
668629,2022,6,16,"2022-06-16","16:35:00",3,"VA",51,0,1.25,0,0,0,0,38.01,-77.91,38.01,-77.91,0,0,0,0,0,109,0,0,0
668630,2022,6,16,"2022-06-16","16:40:00",3,"MS",28,0,0.88,0,0,0,0,32.3487,-90.0273,32.3487,-90.0273,0,0,0,0,0,121,0,0,0
668631,2022,6,16,"2022-06-16","16:45:00",3,"VA",51,0,1,0,0,0,0,38.1889,-78.0318,38.1889,-78.0318,0,0,0,0,0,137,0,0,0
668632,2022,6,16,"2022-06-16","16:45:00",3,"VA",51,0,3,0,0,2000,0,38.01,-77.91,38.01,-77.91,0,0,0,0,0,109,0,0,0
668633,2022,6,16,"2022-06-16","16:45:00",3,"SC",45,0,1,0,0,0,0,33.983,-80.965,33.983,-80.965,0,0,0,0,0,79,0,0,0
668634,2022,6,16,"2022-06-16","17:03:00",3,"VT",50,0,1,0,0,2000,0,44.94,-73.04,44.94,-73.04,0,0,0,0,0,11,0,0,0
668635,2022,6,16,"2022-06-16","17:18:00",3,"OH",39,0,1,0,0,0,0,39.71,-81.28,39.71,-81.28,0,0,0,0,0,111,0,0,0
668636,2022,6,16,"2022-06-16","17:30:00",3,"OH",39,0,1.25,0,0,0,0,39.66,-81.17,39.66,-81.17,0,0,0,0,0,111,0,0,0
668637,2022,6,16,"2022-06-16","17:32:00",3,"OH",39,0,1.5,0,0,0,0,39.65,-81.15,39.65,-81.15,0,0,0,0,0,111,0,0,0
668638,2022,6,16,"2022-06-16","18:00:00",3,"WV",54,0,1,0,0,0,0,39.56,-81,39.56,-81,0,0,0,0,0,95,0,0,0
668639,2022,6,16,"2022-06-16","18:07:00",3,"KS",20,0,1,0,0,0,0,39.1965,-100.5922,39.1965,-100.5922,0,0,0,0,0,179,0,0,0
668640,2022,6,16,"2022-06-16","18:15:00",3,"WV",54,0,1,0,0,0,0,39.5,-80.91,39.5,-80.91,0,0,0,0,0,95,0,0,0
668641,2022,6,16,"2022-06-16","18:19:00",3,"PA",42,0,1.75,0,0,0,0,40.57,-77.39,40.57,-77.39,0,0,0,0,0,67,0,0,0
668642,2022,6,16,"2022-06-16","18:19:00",3,"PA",42,0,2,0,0,0,0,40.62,-77.4,40.62,-77.4,0,0,0,0,0,67,0,0,0
668643,2022,6,16,"2022-06-16","18:24:00",3,"WV",54,0,1,0,0,0,0,39.02,-80.78,39.02,-80.78,0,0,0,0,0,21,0,0,0
668644,2022,6,16,"2022-06-16","18:25:00",3,"PA",42,0,1.75,0,0,0,0,40.57,-77.24,40.57,-77.24,0,0,0,0,0,67,0,0,0
668645,2022,6,16,"2022-06-16","18:45:00",3,"WV",54,0,1,0,0,0,0,39.5,-80.91,39.5,-80.91,0,0,0,0,0,95,0,0,0
668646,2022,6,16,"2022-06-16","19:20:00",3,"MO",29,0,1,0,0,0,0,39.42,-92.43,39.42,-92.43,0,0,0,0,0,175,0,0,0
668647,2022,6,16,"2022-06-16","19:38:00",3,"GA",13,0,1.5,0,0,0,0,33.94,-84.37,33.94,-84.37,0,0,0,0,0,121,0,0,0
668648,2022,6,16,"2022-06-16","19:41:00",3,"VA",51,0,0.75,0,0,0,0,37.08,-80.7,37.08,-80.7,0,0,0,0,0,155,0,0,0
668649,2022,6,16,"2022-06-16","19:53:00",3,"GA",13,0,1,0,0,0,0,33.93,-84.38,33.93,-84.38,0,0,0,0,0,121,0,0,0
668650,2022,6,16,"2022-06-16","20:08:00",3,"NE",31,0,1.25,0,0,0,0,40.89,-96.78,40.89,-96.78,0,0,0,0,0,109,0,0,0
668651,2022,6,16,"2022-06-16","20:08:00",3,"NE",31,0,1.75,0,0,0,0,40.83,-96.8,40.83,-96.8,0,0,0,0,0,109,0,0,0
668652,2022,6,16,"2022-06-16","20:09:00",3,"NE",31,0,1.75,0,0,0,0,40.86,-96.77,40.86,-96.77,0,0,0,0,0,109,0,0,0
668653,2022,6,16,"2022-06-16","20:10:00",3,"NE",31,0,1.75,0,0,0,0,40.9,-97.08,40.9,-97.08,0,0,0,0,0,159,0,0,0
668654,2022,6,16,"2022-06-16","20:14:00",3,"VA",51,0,0.75,0,0,0,0,37,-80.56,37,-80.56,0,0,0,0,0,155,0,0,0
668655,2022,6,16,"2022-06-16","20:15:00",3,"PA",42,0,1,0,0,0,0,40.18,-76.81,40.18,-76.81,0,0,0,0,0,133,0,0,0
668656,2022,6,16,"2022-06-16","20:18:00",3,"NE",31,0,1.25,0,0,0,0,40.87,-96.72,40.87,-96.72,0,0,0,0,0,109,0,0,0
668657,2022,6,16,"2022-06-16","20:20:00",3,"NE",31,0,1.25,0,0,0,0,40.84,-96.72,40.84,-96.72,0,0,0,0,0,109,0,0,0
668658,2022,6,16,"2022-06-16","20:25:00",3,"PA",42,0,1,0,0,0,0,40.07,-76.61,40.07,-76.61,0,0,0,0,0,71,0,0,0
668659,2022,6,16,"2022-06-16","20:32:00",3,"NE",31,0,1.5,0,0,0,0,40.77,-96.66,40.77,-96.66,0,0,0,0,0,109,0,0,0
668660,2022,6,16,"2022-06-16","20:34:00",3,"CO",8,0,1.25,0,0,0,0,40.12,-104.77,40.12,-104.77,0,0,0,0,0,123,0,0,0
668661,2022,6,16,"2022-06-16","20:34:00",3,"NE",31,0,1.5,0,0,0,0,40.78,-96.66,40.78,-96.66,0,0,0,0,0,109,0,0,0
668662,2022,6,16,"2022-06-16","20:35:00",3,"NE",31,0,1,0,0,0,0,40.73,-96.6,40.73,-96.6,0,0,0,0,0,109,0,0,0
668663,2022,6,16,"2022-06-16","20:40:00",3,"NE",31,0,1.75,0,0,0,0,40.88,-97.1,40.88,-97.1,0,0,0,0,0,159,0,0,0
668664,2022,6,16,"2022-06-16","20:40:00",3,"VA",51,0,0.75,0,0,0,0,36.84,-80.45,36.84,-80.45,0,0,0,0,0,63,0,0,0
668665,2022,6,16,"2022-06-16","20:48:00",3,"CO",8,0,1,0,0,0,0,40.12,-104.79,40.12,-104.79,0,0,0,0,0,123,0,0,0
668666,2022,6,16,"2022-06-16","21:00:00",3,"GA",13,0,1.25,0,0,0,0,33.83,-84.68,33.83,-84.68,0,0,0,0,0,67,0,0,0
668667,2022,6,16,"2022-06-16","21:10:00",3,"MO",29,0,1,0,0,0,0,39.6007,-92.13,39.6007,-92.13,0,0,0,0,0,137,0,0,0
668668,2022,6,16,"2022-06-16","21:13:00",3,"CO",8,0,1.5,0,0,0,0,40.02,-104.72,40.02,-104.72,0,0,0,0,0,123,0,0,0
668669,2022,6,16,"2022-06-16","21:13:00",3,"CO",8,0,1.5,0,0,0,0,40.09,-104.64,40.09,-104.64,0,0,0,0,0,123,0,0,0
668670,2022,6,16,"2022-06-16","21:35:00",3,"CO",8,0,1,0,0,0,0,40.37,-105.1,40.37,-105.1,0,0,0,0,0,69,0,0,0
668671,2022,6,16,"2022-06-16","21:46:00",3,"CO",8,0,1,0,0,0,0,40.22,-105.27,40.22,-105.27,0,0,0,0,0,13,0,0,0
668672,2022,6,16,"2022-06-16","22:18:00",3,"NE",31,0,1,0,0,0,0,40.56,-96.99,40.56,-96.99,0,0,0,0,0,151,0,0,0
668673,2022,6,16,"2022-06-16","22:55:00",3,"MO",29,0,1,0,0,0,0,40.34,-95.4,40.34,-95.4,0,0,0,0,0,5,0,0,0
668674,2022,6,16,"2022-06-16","23:28:00",3,"AL",1,0,1.5,0,0,0,0,32.8888,-86.2197,32.8888,-86.2197,0,0,0,0,0,37,0,0,0
668675,2022,6,16,"2022-06-16","23:52:00",3,"AL",1,0,1,0,0,0,0,33.55,-85.65,33.55,-85.65,0,0,0,0,0,29,0,0,0
668676,2022,6,17,"2022-06-17","00:10:00",3,"NE",31,0,1,0,0,0,0,40.94,-97.02,40.94,-97.02,0,0,0,0,0,159,0,0,0
668677,2022,6,17,"2022-06-17","00:15:00",3,"GA",13,0,1,0,0,0,0,34.27,-84.18,34.27,-84.18,0,0,0,0,0,117,0,0,0
668678,2022,6,17,"2022-06-17","00:25:00",3,"AL",1,0,1,0,0,0,0,33.63,-85.79,33.63,-85.79,0,0,0,0,0,15,0,0,0
668679,2022,6,17,"2022-06-17","00:28:00",3,"NE",31,0,1,0,0,0,0,40.82,-96.64,40.82,-96.64,0,0,0,0,0,109,0,0,0
668680,2022,6,17,"2022-06-17","00:30:00",3,"NE",31,0,1.75,0,0,0,0,40.91,-96.87,40.91,-96.87,0,0,0,0,0,109,0,0,0
668681,2022,6,17,"2022-06-17","00:33:00",3,"NE",31,0,1.75,0,0,0,0,40.91,-96.87,40.91,-96.87,0,0,0,0,0,109,0,0,0
668682,2022,6,17,"2022-06-17","00:44:00",3,"NE",31,0,1.75,0,0,0,0,40.87,-96.74,40.87,-96.74,0,0,0,0,0,109,0,0,0
668683,2022,6,17,"2022-06-17","00:47:00",3,"NE",31,0,1.25,0,0,0,0,40.87,-96.72,40.87,-96.72,0,0,0,0,0,109,0,0,0
668684,2022,6,17,"2022-06-17","00:52:00",3,"NE",31,0,2,0,0,0,0,40.88,-96.69,40.88,-96.69,0,0,0,0,0,109,0,0,0
668685,2022,6,17,"2022-06-17","00:57:00",3,"NE",31,0,1,0,0,0,0,40.87,-96.68,40.87,-96.68,0,0,0,0,0,109,0,0,0
668686,2022,6,17,"2022-06-17","02:47:00",3,"IL",17,0,1,0,0,0,0,40.12,-90.57,40.12,-90.57,0,0,0,0,0,169,0,0,0
668687,2022,6,17,"2022-06-17","03:30:00",3,"IL",17,0,0.75,0,0,0,0,39.67,-89.7,39.67,-89.7,0,0,0,0,0,167,0,0,0
668688,2022,6,17,"2022-06-17","03:30:00",3,"IL",17,0,0.75,0,0,0,0,39.62,-90.05,39.62,-90.05,0,0,0,0,0,137,0,0,0
668689,2022,6,17,"2022-06-17","04:08:00",3,"NE",31,0,1.5,0,0,0,0,40.37,-95.75,40.37,-95.75,0,0,0,0,0,127,0,0,0
668690,2022,6,17,"2022-06-17","06:12:00",3,"IL",17,0,1,0,0,0,0,37.47,-89.25,37.47,-89.25,0,0,0,0,0,181,0,0,0
668691,2022,6,17,"2022-06-17","07:18:00",3,"IL",17,0,1,0,0,0,0,37.12,-88.63,37.12,-88.63,0,0,0,0,0,127,0,0,0
668692,2022,6,17,"2022-06-17","07:29:00",3,"KY",21,0,1.25,0,0,0,0,37.17,-87.7,37.17,-87.7,0,0,0,0,0,107,0,0,0
668693,2022,6,17,"2022-06-17","09:10:00",3,"TN",47,0,1,0,0,0,0,36.22,-86.73,36.22,-86.73,0,0,0,0,0,37,0,0,0
668694,2022,6,17,"2022-06-17","09:15:00",3,"TN",47,0,0.75,0,0,0,0,36.07,-86.93,36.07,-86.93,0,0,0,0,0,37,0,0,0
668695,2022,6,17,"2022-06-17","09:37:00",3,"TN",47,0,1.5,0,0,0,0,36.1145,-86.4564,36.1145,-86.4564,0,0,0,0,0,189,0,0,0
668696,2022,6,17,"2022-06-17","09:38:00",3,"TN",47,0,1.75,0,0,0,0,36.1186,-86.4699,36.1186,-86.4699,0,0,0,0,0,189,0,0,0
668697,2022,6,17,"2022-06-17","09:40:00",3,"TN",47,0,2.75,0,0,0,0,36.12,-86.42,36.12,-86.42,0,0,0,0,0,189,0,0,0
668698,2022,6,17,"2022-06-17","09:42:00",3,"TN",47,0,3,0,0,0,0,36.12,-86.42,36.12,-86.42,0,0,0,0,0,189,0,0,0
668699,2022,6,17,"2022-06-17","10:55:00",3,"NH",33,0,1.25,0,0,0,0,43.5,-71.03,43.5,-71.03,0,0,0,0,0,3,0,0,0
668700,2022,6,17,"2022-06-17","11:01:00",3,"KY",21,0,1.75,0,0,0,0,38.18,-82.67,38.18,-82.67,0,0,0,0,0,127,0,0,0
668701,2022,6,17,"2022-06-17","11:13:00",3,"TN",47,0,1,0,0,0,0,35.1,-88.24,35.1,-88.24,0,0,0,0,0,71,0,0,0
668702,2022,6,17,"2022-06-17","12:09:00",3,"AL",1,0,1,0,0,0,0,34.28,-88.16,34.28,-88.16,0,0,0,0,0,93,0,0,0
668703,2022,6,17,"2022-06-17","12:28:00",3,"AL",1,0,1,0,0,0,0,34.65,-87.52,34.65,-87.52,0,0,0,0,0,33,0,0,0
668704,2022,6,17,"2022-06-17","12:57:00",3,"TN",47,0,1,0,0,0,0,35.51,-84.53,35.51,-84.53,0,0,0,0,0,107,0,0,0
668705,2022,6,17,"2022-06-17","13:00:00",3,"MS",28,0,1,0,0,0,0,34.26,-88.33,34.26,-88.33,0,0,0,0,0,57,0,0,0
668706,2022,6,17,"2022-06-17","13:08:00",3,"MS",28,0,1,0,0,0,0,33.89,-88.24,33.89,-88.3,0,0,0,0,0,95,0,0,0
668707,2022,6,17,"2022-06-17","13:23:00",3,"VA",51,0,0.88,0,0,0,0,37.2095,-81.375,37.2095,-81.375,0,0,0,0,0,185,0,0,0
668708,2022,6,17,"2022-06-17","13:26:00",3,"CT",9,0,1,0,0,0,0,41.5393,-72.0992,41.5393,-72.0992,0,0,0,0,0,11,0,0,0
668709,2022,6,17,"2022-06-17","13:42:00",3,"NC",37,0,0.88,0,0,0,0,36.55,-81.61,36.55,-81.61,0,0,0,0,0,9,0,0,0
668710,2022,6,17,"2022-06-17","13:50:00",3,"SC",45,0,0.75,0,0,0,0,34.69,-82.96,34.69,-82.96,0,0,0,0,0,73,0,0,0
668711,2022,6,17,"2022-06-17","14:07:00",3,"NC",37,0,1,0,0,0,0,36.1,-81.18,36.1,-81.18,0,0,0,0,0,193,0,0,0
668712,2022,6,17,"2022-06-17","14:20:00",3,"SC",45,0,1.75,0,0,0,0,35.07,-82.37,35.07,-82.37,0,0,0,0,0,45,0,0,0
668713,2022,6,17,"2022-06-17","14:26:00",3,"NC",37,0,0.88,0,0,0,0,36.22,-80.26,36.22,-80.26,0,0,0,0,0,67,0,0,0
668714,2022,6,17,"2022-06-17","14:31:00",3,"NC",37,0,1,0,0,0,0,35.99,-80.95,35.99,-80.95,0,0,0,0,0,97,0,0,0
668715,2022,6,17,"2022-06-17","14:42:00",3,"NC",37,0,1,0,0,0,0,36.1729,-80.2591,36.1729,-80.2591,0,0,0,0,0,67,0,0,0
668716,2022,6,17,"2022-06-17","14:45:00",3,"ME",23,0,0.88,0,0,0,0,46.66,-67.93,46.66,-67.93,0,0,0,0,0,3,0,0,0
668717,2022,6,17,"2022-06-17","14:46:00",3,"NC",37,0,0.75,0,0,0,0,36.11,-80.01,36.11,-80.01,0,0,0,0,0,81,0,0,0
668718,2022,6,17,"2022-06-17","14:49:00",3,"NC",37,0,0.75,0,0,0,0,36.12,-80.11,36.12,-80.11,0,0,0,0,0,67,0,0,0
668719,2022,6,17,"2022-06-17","14:50:00",3,"ME",23,0,1,0,0,0,0,46.63,-67.9,46.63,-67.9,0,0,0,0,0,3,0,0,0
668720,2022,6,17,"2022-06-17","14:53:00",3,"SC",45,0,0.88,0,0,0,0,34.889,-81.969,34.889,-81.969,0,0,0,0,0,83,0,0,0
668721,2022,6,17,"2022-06-17","14:58:00",3,"NC",37,0,0.75,0,0,0,0,36.08,-79.96,36.08,-79.96,0,0,0,0,0,81,0,0,0
668722,2022,6,17,"2022-06-17","15:08:00",3,"SC",45,0,1,0,0,0,0,34.96,-82.29,34.96,-82.29,0,0,0,0,0,45,0,0,0
668723,2022,6,17,"2022-06-17","15:15:00",3,"NC",37,0,1,0,0,0,0,35.27,-81.23,35.27,-81.23,0,0,0,0,0,71,0,0,0
668724,2022,6,17,"2022-06-17","15:25:00",3,"NC",37,0,1,0,0,0,0,35.23,-81.19,35.23,-81.19,0,0,0,0,0,71,0,0,0
668725,2022,6,17,"2022-06-17","15:29:00",3,"GA",13,0,1,0,0,0,0,34.13,-84.1,34.13,-84.1,0,0,0,0,0,117,0,0,0
668726,2022,6,17,"2022-06-17","15:38:00",3,"SC",45,0,1,0,0,0,0,34.45,-81.36,34.45,-81.36,0,0,0,0,0,39,0,0,0
668727,2022,6,17,"2022-06-17","15:55:00",3,"GA",13,0,1,0,0,0,0,33.96,-83.99,33.96,-83.99,0,0,0,0,0,135,0,0,0
668728,2022,6,17,"2022-06-17","15:57:00",3,"NC",37,0,1.25,0,0,0,0,34.867,-80.683,34.867,-80.683,0,0,0,0,0,179,0,0,0
668729,2022,6,17,"2022-06-17","16:02:00",3,"SC",45,0,1,0,0,0,0,34.95,-81.01,34.95,-81.01,0,0,0,0,0,91,0,0,0
668730,2022,6,17,"2022-06-17","16:23:00",3,"VA",51,0,1.5,0,0,0,0,36.7,-77.32,36.7,-77.32,0,0,0,0,0,175,0,0,0
668731,2022,6,17,"2022-06-17","16:26:00",3,"SC",45,0,0.75,0,0,100,100,34.74,-80.61,34.74,-80.61,0,0,0,0,0,57,0,0,0
668732,2022,6,17,"2022-06-17","16:38:00",3,"MD",24,0,1.25,0,0,0,0,38.4,-75.16,38.4,-75.16,0,0,0,0,0,47,0,0,0
668733,2022,6,17,"2022-06-17","16:42:00",3,"WY",56,0,1.5,0,0,0,0,44.57,-106.55,44.57,-106.55,0,0,0,0,0,33,0,0,0
668734,2022,6,17,"2022-06-17","16:45:00",3,"SC",45,0,0.25,0,0,100,100,34.7265,-80.0375,34.7265,-80.0375,0,0,0,0,0,25,0,0,0
668735,2022,6,17,"2022-06-17","16:48:00",3,"WY",56,0,1.25,0,0,0,0,44.5474,-106.5534,44.5479,-106.5321,0,0,0,0,0,19,0,0,0
668736,2022,6,17,"2022-06-17","17:25:00",3,"NC",37,0,1.25,0,0,0,0,35.79,-77.92,35.79,-77.92,0,0,0,0,0,195,0,0,0
668737,2022,6,17,"2022-06-17","17:47:00",3,"VA",51,0,1,0,0,0,0,37.83,-75.62,37.83,-75.62,0,0,0,0,0,1,0,0,0
668738,2022,6,17,"2022-06-17","18:14:00",3,"AL",1,0,0.88,0,0,0,0,32.2698,-86.6085,32.2698,-86.6085,0,0,0,0,0,85,0,0,0
668739,2022,6,17,"2022-06-17","18:25:00",3,"SC",45,0,1.75,0,0,0,0,32.83,-81.05,32.83,-81.05,0,0,0,0,0,49,0,0,0
668740,2022,6,17,"2022-06-17","18:32:00",3,"GA",13,0,1,0,0,0,0,32.38,-82.16,32.38,-82.16,0,0,0,0,0,43,0,0,0
668741,2022,6,17,"2022-06-17","18:51:00",3,"GA",13,0,0.88,0,0,0,0,32.34,-82.08,32.34,-82.08,0,0,0,0,0,43,0,0,0
668742,2022,6,17,"2022-06-17","19:05:00",3,"MT",30,0,1.25,0,0,0,0,48.48,-112.81,48.48,-112.81,0,0,0,0,0,35,0,0,0
668743,2022,6,17,"2022-06-17","19:05:00",3,"MT",30,0,1.5,0,0,0,0,48.45,-112.75,48.45,-112.75,0,0,0,0,0,35,0,0,0
668744,2022,6,17,"2022-06-17","19:15:00",3,"MT",30,0,1,0,0,0,0,48.6,-112.61,48.6,-112.61,0,0,0,0,0,35,0,0,0
668745,2022,6,17,"2022-06-17","19:21:00",3,"MT",30,0,1.75,0,0,0,0,48.62,-112.46,48.62,-112.46,0,0,0,0,0,35,0,0,0
668746,2022,6,17,"2022-06-17","19:30:00",3,"MT",30,0,1.25,0,0,0,0,48.65,-112.46,48.65,-112.46,0,0,0,0,0,35,0,0,0
668747,2022,6,17,"2022-06-17","19:34:00",3,"MT",30,0,1,0,0,0,0,48.71,-112.32,48.71,-112.32,0,0,0,0,0,35,0,0,0
668748,2022,6,18,"2022-06-18","04:20:00",3,"GA",13,0,0.75,0,0,0,0,30.93,-83.26,30.93,-83.26,0,0,0,0,0,185,0,0,0
668749,2022,6,18,"2022-06-18","04:50:00",3,"GA",13,0,0.75,0,0,0,0,30.93,-83.26,30.93,-83.26,0,0,0,0,0,185,0,0,0
668750,2022,6,18,"2022-06-18","07:10:00",3,"ND",38,0,1,0,0,0,0,48.77,-97.33,48.77,-97.33,0,0,0,0,0,67,0,0,0
668751,2022,6,18,"2022-06-18","11:10:00",3,"MN",27,0,0.88,0,0,0,0,46.99,-94.52,46.99,-94.52,0,0,0,0,0,21,0,0,0
668752,2022,6,18,"2022-06-18","11:18:00",3,"MN",27,0,0.75,0,0,0,0,47.04,-94.47,47.04,-94.47,0,0,0,0,0,21,0,0,0
668753,2022,6,18,"2022-06-18","12:13:00",3,"FL",12,0,0.75,0,0,0,0,28.8,-81.73,28.8,-81.73,0,0,0,0,0,69,0,0,0
668754,2022,6,18,"2022-06-18","12:45:00",3,"MT",30,0,1,0,0,0,0,46.9192,-113.9608,46.9466,-113.9461,0,0,0,0,0,63,0,0,0
668755,2022,6,18,"2022-06-18","12:46:00",3,"FL",12,0,0.88,0,0,0,0,28.55,-81.35,28.55,-81.35,0,0,0,0,0,95,0,0,0
668756,2022,6,18,"2022-06-18","13:13:00",3,"MT",30,0,1,0,0,0,0,46.5146,-114.1282,46.5667,-114.05,0,0,0,0,0,81,0,0,0
668757,2022,6,18,"2022-06-18","13:16:00",3,"FL",12,0,1.75,0,0,0,0,27.99,-81.69,27.99,-81.69,0,0,0,0,0,105,0,0,0
668758,2022,6,18,"2022-06-18","13:20:00",3,"MT",30,0,1,0,0,0,0,47.1513,-114.0868,47.1733,-114.0854,0,0,0,0,0,47,0,0,0
668759,2022,6,18,"2022-06-18","14:00:00",3,"FL",12,0,1,0,0,0,0,27.6,-81.51,27.6,-81.51,0,0,0,0,0,55,0,0,0
668760,2022,6,18,"2022-06-18","14:05:00",3,"MT",30,0,1,0,0,0,0,47.53,-111.72,47.53,-111.72,0,0,0,0,0,13,0,0,0
668761,2022,6,18,"2022-06-18","14:05:00",3,"MT",30,0,1.25,0,0,0,0,46.9039,-113.6861,46.9039,-113.6861,0,0,0,0,0,63,0,0,0
668762,2022,6,18,"2022-06-18","14:52:00",3,"MT",30,0,1,0,0,0,0,47.49,-111.93,47.49,-111.93,0,0,0,0,0,13,0,0,0
668763,2022,6,18,"2022-06-18","15:00:00",3,"MT",30,0,0.75,0,0,0,0,47.5,-111.81,47.5,-111.81,0,0,0,0,0,13,0,0,0
668764,2022,6,18,"2022-06-18","17:08:00",3,"MS",28,0,1.75,0,0,0,0,30.44,-88.77,30.44,-88.77,0,0,0,0,0,59,0,0,0
668765,2022,6,18,"2022-06-18","17:15:00",3,"MS",28,0,1,0,0,0,0,30.41,-88.8,30.41,-88.8,0,0,0,0,0,59,0,0,0
668766,2022,6,18,"2022-06-18","17:17:00",3,"MS",28,0,1.25,0,0,0,0,30.41,-88.75,30.41,-88.75,0,0,0,0,0,59,0,0,0
668767,2022,6,18,"2022-06-18","18:01:00",3,"MS",28,0,0.88,0,0,0,0,31.31,-89.31,31.31,-89.31,0,0,0,0,0,35,0,0,0
668768,2022,6,18,"2022-06-18","22:30:00",3,"MT",30,0,1.25,0,0,0,0,48.61,-107.19,48.61,-107.19,0,0,0,0,0,105,0,0,0
668769,2022,6,19,"2022-06-19","02:12:00",3,"MT",30,0,1.75,0,0,0,0,48.73,-106.18,48.73,-106.18,0,0,0,0,0,105,0,0,0
668770,2022,6,19,"2022-06-19","09:10:00",3,"UT",49,0,1.25,0,0,0,0,39.69,-110.86,39.69,-110.86,0,0,0,0,0,7,0,0,0
668771,2022,6,19,"2022-06-19","13:50:00",3,"CO",8,0,1,0,0,10000,0,37.21,-108.49,37.21,-108.49,0,0,0,0,0,83,0,0,0
668772,2022,6,19,"2022-06-19","15:00:00",3,"CO",8,0,1.75,0,0,0,0,37.22,-107.63,37.22,-107.63,0,0,0,0,0,67,0,0,0
668773,2022,6,19,"2022-06-19","15:18:00",3,"NM",35,0,1,0,0,0,0,35.08,-107.6,35.08,-107.6,0,0,0,0,0,6,0,0,0
668774,2022,6,19,"2022-06-19","15:25:00",3,"NM",35,0,1,0,0,0,0,35.09,-107.52,35.09,-107.52,0,0,0,0,0,6,0,0,0
668775,2022,6,19,"2022-06-19","15:32:00",3,"CO",8,0,1.75,0,0,0,0,37.18,-107.72,37.18,-107.72,0,0,0,0,0,67,0,0,0
668776,2022,6,19,"2022-06-19","16:44:00",3,"TX",48,0,0.75,0,0,0,0,33.55,-96.59,33.55,-96.59,0,0,0,0,0,181,0,0,0
668777,2022,6,19,"2022-06-19","17:14:00",3,"MI",26,0,1,0,0,0,0,46.66,-88.37,46.66,-88.37,0,0,0,0,0,13,0,0,0
668778,2022,6,19,"2022-06-19","17:24:00",3,"WY",56,0,1,0,0,0,0,44.92,-105.15,44.92,-105.15,0,0,0,0,0,5,0,0,0
668779,2022,6,19,"2022-06-19","18:09:00",3,"MT",30,0,2.5,0,0,0,0,45.09,-104.55,45.09,-104.55,0,0,0,0,0,11,0,0,0
668780,2022,6,19,"2022-06-19","19:06:00",3,"SD",46,0,1.25,0,0,0,0,45.3599,-103.8063,45.3599,-103.8063,0,0,0,0,0,63,0,0,0
668781,2022,6,19,"2022-06-19","19:40:00",3,"SD",46,0,1,0,0,0,0,45.58,-103.55,45.58,-103.55,0,0,0,0,0,63,0,0,0
668782,2022,6,19,"2022-06-19","20:10:00",3,"ND",38,0,1,0,0,0,0,46.37,-99.4,46.37,-99.4,0,0,0,0,0,47,0,0,0
668783,2022,6,19,"2022-06-19","20:11:00",3,"SD",46,0,1.75,0,0,0,0,45.7745,-103.0892,45.7745,-103.0892,0,0,0,0,0,63,0,0,0
668784,2022,6,19,"2022-06-19","20:16:00",3,"SD",46,0,1,0,0,0,0,45.78,-103.07,45.78,-103.07,0,0,0,0,0,63,0,0,0
668785,2022,6,19,"2022-06-19","20:30:00",3,"NE",31,0,1.5,0,0,0,0,42.73,-99.11,42.73,-99.11,0,0,0,0,0,89,0,0,0
668786,2022,6,19,"2022-06-19","21:04:00",3,"ND",38,0,1.25,0,0,0,0,46,-102.64,46,-102.64,0,0,0,0,0,1,0,0,0
668787,2022,6,19,"2022-06-19","21:10:00",3,"ND",38,0,2.5,0,0,0,0,46,-102.5,46,-102.5,0,0,0,0,0,1,0,0,0
668788,2022,6,19,"2022-06-19","22:05:00",3,"ND",38,0,1,0,0,0,0,46.38,-101.95,46.38,-101.95,0,0,0,0,0,37,0,0,0
668789,2022,6,19,"2022-06-19","22:25:00",3,"ND",38,0,1.75,0,0,0,0,46.55,-101.76,46.55,-101.76,0,0,0,0,0,37,0,0,0
668790,2022,6,19,"2022-06-19","22:36:00",3,"ND",38,0,1.5,0,0,0,0,47.51,-97.9,47.51,-97.9,0,0,0,0,0,91,0,0,0
668791,2022,6,19,"2022-06-19","22:45:00",3,"ND",38,0,1,0,0,0,0,47.6,-97.86,47.6,-97.86,0,0,0,0,0,91,0,0,0
668792,2022,6,19,"2022-06-19","23:21:00",3,"ND",38,0,1.75,0,0,30000,20000,46.22,-101.24,46.22,-101.24,0,0,0,0,0,37,0,0,0
668793,2022,6,20,"2022-06-20","00:00:00",3,"ND",38,0,1.25,0,0,0,0,46.3,-102.07,46.3,-102.07,0,0,0,0,0,41,0,0,0
668794,2022,6,20,"2022-06-20","00:12:00",3,"ND",38,0,0.75,0,0,0,0,46.86,-100.78,46.86,-100.78,0,0,0,0,0,15,0,0,0
668795,2022,6,20,"2022-06-20","00:17:00",3,"ND",38,0,0.75,0,0,0,0,46.86,-100.78,46.86,-100.78,0,0,0,0,0,15,0,0,0
668796,2022,6,20,"2022-06-20","12:56:00",3,"WY",56,0,1,0,0,0,0,41.8861,-104.2668,41.8861,-104.2668,0,0,0,0,0,15,0,0,0
668797,2022,6,20,"2022-06-20","13:45:00",3,"NE",31,0,1,0,0,0,0,42.03,-103.8,42.03,-103.8,0,0,0,0,0,165,0,0,0
668798,2022,6,20,"2022-06-20","14:00:00",3,"NE",31,0,1,0,0,0,0,42.16,-103.68,42.16,-103.68,0,0,0,0,0,165,0,0,0
668799,2022,6,20,"2022-06-20","14:02:00",3,"NE",31,0,1.75,0,0,0,0,42.2,-103.66,42.2,-103.66,0,0,0,0,0,165,0,0,0
668800,2022,6,20,"2022-06-20","14:25:00",3,"WY",56,0,1,0,0,0,0,44.88,-107.27,44.88,-107.27,0,0,0,0,0,33,0,0,0
668801,2022,6,20,"2022-06-20","14:40:00",3,"WY",56,0,1.25,0,0,0,0,44.24,-105.85,44.24,-105.85,0,0,0,0,0,5,0,0,0
668802,2022,6,20,"2022-06-20","15:00:00",3,"MN",27,0,1.75,0,0,0,0,47.54,-96.53,47.54,-96.53,0,0,0,0,0,119,0,0,0
668803,2022,6,20,"2022-06-20","15:10:00",3,"WY",56,0,1,0,0,0,0,44.4,-105.54,44.4,-105.54,0,0,0,0,0,5,0,0,0
668804,2022,6,20,"2022-06-20","15:21:00",3,"ND",38,0,1,0,0,0,0,47.89,-97.07,47.89,-97.07,0,0,0,0,0,35,0,0,0
668805,2022,6,20,"2022-06-20","15:25:00",3,"MN",27,0,1,0,0,0,0,47.92,-97,47.92,-97,0,0,0,0,0,119,0,0,0
668806,2022,6,20,"2022-06-20","15:30:00",3,"ND",38,0,1,0,0,0,0,47.88,-97.05,47.88,-97.05,0,0,0,0,0,35,0,0,0
668807,2022,6,20,"2022-06-20","15:31:00",3,"MN",27,0,1.75,0,0,0,0,47.82,-96,47.82,-96,0,0,0,0,0,125,0,0,0
668808,2022,6,20,"2022-06-20","15:33:00",3,"MN",27,0,1.75,0,0,0,0,47.87,-96.73,47.87,-96.73,0,0,0,0,0,119,0,0,0
668809,2022,6,20,"2022-06-20","15:35:00",3,"ND",38,0,1,0,0,0,0,46.56,-98.74,46.56,-98.74,0,0,0,0,0,45,0,0,0
668810,2022,6,20,"2022-06-20","15:37:00",3,"MN",27,0,0.75,0,0,0,0,47.26,-95.63,47.26,-95.63,0,0,0,0,0,87,0,0,0
668811,2022,6,20,"2022-06-20","15:40:00",3,"MN",27,0,1,0,0,0,0,47.77,-95.67,47.77,-95.67,0,0,0,0,0,119,0,0,0
668812,2022,6,20,"2022-06-20","15:40:00",3,"MN",27,0,1,0,0,0,0,48.3,-95.62,48.3,-95.62,0,0,0,0,0,89,0,0,0
668813,2022,6,20,"2022-06-20","15:51:00",3,"NE",31,0,1,0,0,0,0,41.74,-99.59,41.74,-99.59,0,0,0,0,0,115,0,0,0
668814,2022,6,20,"2022-06-20","15:51:00",3,"NE",31,0,1,0,0,0,0,42.18,-99.05,42.18,-99.05,0,0,0,0,0,89,0,0,0
668815,2022,6,20,"2022-06-20","15:54:00",3,"ND",38,0,2,0,0,0,0,46,-98.67,46,-98.67,0,0,0,0,0,21,0,0,0
668816,2022,6,20,"2022-06-20","16:00:00",3,"NE",31,0,1.75,0,0,0,0,41.88,-102.87,41.88,-102.87,0,0,0,0,0,123,0,0,0
668817,2022,6,20,"2022-06-20","16:10:00",3,"ND",38,0,1,0,0,0,0,46.05,-98.52,46.05,-98.52,0,0,0,0,0,21,0,0,0
668818,2022,6,20,"2022-06-20","16:30:00",3,"NE",31,0,3,0,0,0,0,42,-102.38,42,-102.38,0,0,0,0,0,69,0,0,0
668819,2022,6,20,"2022-06-20","16:35:00",3,"NE",31,0,2.5,0,0,0,0,42.06,-102.34,42.06,-102.34,0,0,0,0,0,161,0,0,0
668820,2022,6,20,"2022-06-20","16:38:00",3,"ND",38,0,0.88,0,0,25000,0,46.88,-102.82,46.88,-102.82,0,0,0,0,0,89,0,0,0
668821,2022,6,20,"2022-06-20","16:40:00",3,"NE",31,0,1.5,0,0,0,0,42.06,-102.29,42.06,-102.29,0,0,0,0,0,161,0,0,0
668822,2022,6,20,"2022-06-20","16:47:00",3,"ND",38,0,1.25,0,0,0,0,46.76,-97.79,46.76,-97.79,0,0,0,0,0,3,0,0,0
668823,2022,6,20,"2022-06-20","16:50:00",3,"MN",27,0,0.88,0,0,0,0,45.83,-96.34,45.83,-96.34,0,0,0,0,0,155,0,0,0
668824,2022,6,20,"2022-06-20","16:58:00",3,"SD",46,0,0.88,0,0,0,0,44.16,-97.02,44.16,-97.02,0,0,0,0,0,79,0,0,0
668825,2022,6,20,"2022-06-20","17:00:00",3,"ND",38,0,1,0,0,0,0,47.07,-102.55,47.07,-102.55,0,0,0,0,0,25,0,0,0
668826,2022,6,20,"2022-06-20","17:14:00",3,"ND",38,0,1,0,0,1000,0,47.1,-102.46,47.1,-102.46,0,0,0,0,0,25,0,0,0
668827,2022,6,20,"2022-06-20","17:15:00",3,"SD",46,0,1.25,0,0,0,6000,44.29,-96.93,44.29,-96.93,0,0,0,0,0,11,0,0,0
668828,2022,6,20,"2022-06-20","17:22:00",3,"NE",31,0,1,0,0,0,0,42.17,-101.73,42.17,-101.73,0,0,0,0,0,31,0,0,0
668829,2022,6,20,"2022-06-20","17:23:00",3,"SD",46,0,0.88,0,0,0,0,44.33,-96.93,44.33,-96.93,0,0,0,0,0,11,0,0,0
668830,2022,6,20,"2022-06-20","17:29:00",3,"SD",46,0,1,0,0,0,0,44.31,-96.8,44.31,-96.8,0,0,0,0,0,11,0,0,0
668831,2022,6,20,"2022-06-20","17:30:00",3,"SD",46,0,1,0,0,0,0,44.38,-96.79,44.38,-96.79,0,0,0,0,0,11,0,0,0
668832,2022,6,20,"2022-06-20","17:33:00",3,"SD",46,0,1.5,0,0,0,0,44.33,-96.77,44.33,-96.77,0,0,0,0,0,11,0,0,0
668833,2022,6,20,"2022-06-20","17:55:00",3,"NE",31,0,1.75,0,0,0,0,42.23,-101.29,42.23,-101.29,0,0,0,0,0,31,0,0,0
668834,2022,6,20,"2022-06-20","18:36:00",3,"NE",31,0,1.75,0,0,5000,0,42.36,-100.75,42.36,-100.75,0,0,0,0,0,31,0,0,0
668835,2022,6,20,"2022-06-20","19:11:00",3,"SD",46,0,1,0,0,0,0,43.53,-96.84,43.53,-96.84,0,0,0,0,0,99,0,0,0
668836,2022,6,20,"2022-06-20","19:12:00",3,"SD",46,0,0.75,0,0,0,0,43.54,-96.83,43.54,-96.83,0,0,0,0,0,99,0,0,0
668837,2022,6,20,"2022-06-20","19:35:00",3,"NE",31,0,1,0,0,0,0,42.57,-99.96,42.57,-99.96,0,0,0,0,0,17,0,0,0
668838,2022,6,20,"2022-06-20","19:40:00",3,"SD",46,0,1.75,0,0,0,0,44.39,-98.72,44.39,-98.72,0,0,0,0,0,59,0,0,0
668839,2022,6,20,"2022-06-20","19:50:00",3,"SD",46,0,1.75,0,0,0,0,44.39,-98.7,44.39,-98.7,0,0,0,0,0,5,0,0,0
668840,2022,6,20,"2022-06-20","20:14:00",3,"NE",31,0,1,0,0,0,0,42.67,-99.36,42.67,-99.36,0,0,0,0,0,149,0,0,0
668841,2022,6,20,"2022-06-20","20:15:00",3,"NE",31,0,1.75,0,0,0,0,42.72,-99.36,42.72,-99.36,0,0,0,0,0,149,0,0,0
668842,2022,6,20,"2022-06-20","20:29:00",3,"SD",46,0,1,0,0,0,0,44.43,-97.99,44.43,-97.99,0,0,0,0,0,5,0,0,0
668843,2022,6,20,"2022-06-20","20:30:00",3,"NE",31,0,1.5,0,0,0,0,42.73,-99.11,42.73,-99.11,0,0,0,0,0,89,0,0,0
668844,2022,6,20,"2022-06-20","20:30:00",3,"SD",46,0,1.75,0,0,0,57000,44.42,-97.97,44.42,-97.97,0,0,0,0,0,5,0,0,0
668845,2022,6,20,"2022-06-20","21:00:00",3,"SD",46,0,1,0,0,0,0,45.26,-97.45,45.26,-97.45,0,0,0,0,0,37,0,0,0
668846,2022,6,20,"2022-06-20","21:50:00",3,"MN",27,0,1,0,0,0,0,47.78,-91.95,47.78,-91.95,0,0,0,0,0,137,0,0,0
668847,2022,6,21,"2022-06-21","18:04:00",3,"KS",20,0,1,0,0,0,0,38.84,-97.61,38.84,-97.61,0,0,0,0,0,169,0,0,0
668848,2022,6,21,"2022-06-21","19:21:00",3,"KS",20,0,1,0,0,0,0,39,-96.94,39,-96.94,0,0,0,0,0,61,0,0,0
668849,2022,6,21,"2022-06-21","19:22:00",3,"KS",20,0,1,0,0,0,0,37.57,-97.13,37.57,-97.13,0,0,0,0,0,15,0,0,0
668850,2022,6,22,"2022-06-22","13:30:00",3,"CA",6,0,0.25,0,0,1000,0,34.2291,-116.8005,34.2291,-116.8005,0,0,0,0,0,71,0,0,0
668851,2022,6,22,"2022-06-22","13:58:00",3,"WV",54,0,1,0,0,0,0,39.4583,-77.9381,39.4583,-77.9381,0,0,0,0,0,3,0,0,0
668852,2022,6,22,"2022-06-22","14:52:00",3,"PA",42,0,1,0,0,0,0,40.788,-77.7578,40.788,-77.7578,0,0,0,0,0,27,0,0,0
668853,2022,6,22,"2022-06-22","15:00:00",3,"PA",42,0,0.75,0,0,0,0,40.63,-79.8,40.63,-79.8,0,0,0,0,0,3,0,0,0
668854,2022,6,22,"2022-06-22","15:25:00",3,"PA",42,0,0.88,0,0,0,0,40.25,-79.36,40.25,-79.36,0,0,0,0,0,129,0,0,0
668855,2022,6,22,"2022-06-22","15:30:00",3,"KS",20,0,1,0,0,0,0,37.79,-97.63,37.79,-97.63,0,0,0,0,0,173,0,0,0
668856,2022,6,22,"2022-06-22","16:00:00",3,"KS",20,0,1.75,0,0,0,0,37.89,-97.52,37.89,-97.52,0,0,0,0,0,173,0,0,0
668857,2022,6,22,"2022-06-22","16:10:00",3,"KS",20,0,1.5,0,0,0,0,38,-97.52,38,-97.52,0,0,0,0,0,79,0,0,0
668858,2022,6,22,"2022-06-22","18:38:00",3,"WV",54,0,1,0,0,0,0,38.2,-80.85,38.2,-80.85,0,0,0,0,0,67,0,0,0
668859,2022,6,23,"2022-06-23","15:26:00",3,"AR",5,0,1,0,0,0,0,36.03,-93.26,36.03,-93.26,0,0,0,0,0,101,0,0,0
668860,2022,6,23,"2022-06-23","15:32:00",3,"KS",20,0,1,0,0,0,0,38.9,-98.85,38.9,-98.85,0,0,0,0,0,167,0,0,0
668861,2022,6,23,"2022-06-23","16:21:00",3,"MN",27,0,1.5,0,0,0,0,46.22,-94.64,46.22,-94.64,0,0,0,0,0,97,0,0,0
668862,2022,6,23,"2022-06-23","16:29:00",3,"KS",20,0,1.25,0,0,0,0,38.96,-98.68,38.96,-98.68,0,0,0,0,0,167,0,0,0
668863,2022,6,23,"2022-06-23","17:07:00",3,"MN",27,0,1.75,0,0,0,0,46.36,-94.26,46.36,-94.26,0,0,0,0,0,35,0,0,0
668864,2022,6,23,"2022-06-23","17:09:00",3,"MN",27,0,1.5,0,0,0,0,46.36,-94.29,46.36,-94.29,0,0,0,0,0,35,0,0,0
668865,2022,6,23,"2022-06-23","17:10:00",3,"MN",27,0,1,0,0,0,0,46.3866,-94.2582,46.3866,-94.2582,0,0,0,0,0,35,0,0,0
668866,2022,6,23,"2022-06-23","17:10:00",3,"MN",27,0,1.25,0,0,0,0,46.37,-94.24,46.37,-94.24,0,0,0,0,0,35,0,0,0
668867,2022,6,23,"2022-06-23","17:10:00",3,"MN",27,0,1,0,0,0,0,46.36,-94.22,46.36,-94.22,0,0,0,0,0,35,0,0,0
668868,2022,6,23,"2022-06-23","17:13:00",3,"MN",27,0,1.5,0,0,0,0,46.37,-94.24,46.37,-94.24,0,0,0,0,0,35,0,0,0
668869,2022,6,23,"2022-06-23","17:13:00",3,"MN",27,0,0.75,0,0,0,0,46.35,-94.21,46.35,-94.21,0,0,0,0,0,35,0,0,0
668870,2022,6,23,"2022-06-23","17:14:00",3,"MN",27,0,0.75,0,0,0,0,46.35,-94.21,46.35,-94.21,0,0,0,0,0,35,0,0,0
668871,2022,6,23,"2022-06-23","17:14:00",3,"SC",45,0,0.7,0,0,0,0,34.416,-81.2037,34.416,-81.2037,0,0,0,0,0,39,0,0,0
668872,2022,6,23,"2022-06-23","17:14:00",3,"SC",45,0,1,0,0,0,0,34.4193,-81.1735,34.4193,-81.1735,0,0,0,0,0,39,0,0,0
668873,2022,6,23,"2022-06-23","17:15:00",3,"MN",27,0,1.75,0,0,0,0,46.37,-94.29,46.37,-94.29,0,0,0,0,0,35,0,0,0
668874,2022,6,23,"2022-06-23","17:26:00",3,"MN",27,0,1,0,0,0,0,46.34,-94.22,46.34,-94.22,0,0,0,0,0,35,0,0,0
668875,2022,6,23,"2022-06-23","17:27:00",3,"MN",27,0,1,0,0,0,0,46.36,-94.22,46.36,-94.22,0,0,0,0,0,35,0,0,0
668876,2022,6,23,"2022-06-23","17:29:00",3,"MN",27,0,1,0,0,0,0,46.37,-94.18,46.37,-94.18,0,0,0,0,0,35,0,0,0
668877,2022,6,23,"2022-06-23","17:34:00",3,"KS",20,0,1.5,0,0,0,0,39.11,-98.69,39.11,-98.69,0,0,0,0,0,167,0,0,0
668878,2022,6,23,"2022-06-23","17:38:00",3,"KS",20,0,1.5,0,0,0,0,39.11,-98.69,39.11,-98.69,0,0,0,0,0,167,0,0,0
668879,2022,6,23,"2022-06-23","17:38:00",3,"MN",27,0,0.75,0,0,0,0,46.48,-93.97,46.48,-93.97,0,0,0,0,0,35,0,0,0
668880,2022,6,23,"2022-06-23","17:38:00",3,"MN",27,0,1,0,0,0,0,46.47,-93.96,46.47,-93.96,0,0,0,0,0,35,0,0,0
668881,2022,6,23,"2022-06-23","17:39:00",3,"MN",27,0,1,0,0,0,0,46.35,-94.2,46.35,-94.2,0,0,0,0,0,35,0,0,0
668882,2022,6,23,"2022-06-23","17:40:00",3,"MN",27,0,1.5,0,0,0,0,46.35,-94.28,46.35,-94.28,0,0,0,0,0,35,0,0,0
668883,2022,6,23,"2022-06-23","17:40:00",3,"MN",27,0,1.75,0,0,0,0,46.34,-94.21,46.34,-94.21,0,0,0,0,0,35,0,0,0
668884,2022,6,23,"2022-06-23","17:40:00",3,"MN",27,0,1,0,0,0,0,46.49,-93.96,46.49,-93.96,0,0,0,0,0,35,0,0,0
668885,2022,6,23,"2022-06-23","17:41:00",3,"MN",27,0,0.75,0,0,0,0,46.48,-93.93,46.48,-93.93,0,0,0,0,0,35,0,0,0
668886,2022,6,23,"2022-06-23","17:45:00",3,"MN",27,0,2,0,0,0,0,46.36,-94.28,46.36,-94.28,0,0,0,0,0,35,0,0,0
668887,2022,6,23,"2022-06-23","17:46:00",3,"MN",27,0,1,0,0,0,0,46.48,-93.93,46.48,-93.93,0,0,0,0,0,35,0,0,0
668888,2022,6,23,"2022-06-23","17:50:00",3,"MN",27,0,1,0,0,0,0,46.48,-93.93,46.48,-93.93,0,0,0,0,0,35,0,0,0
668889,2022,6,23,"2022-06-23","17:55:00",3,"MN",27,0,1,0,0,0,0,46.47,-93.9,46.47,-93.9,0,0,0,0,0,35,0,0,0
668890,2022,6,23,"2022-06-23","18:00:00",3,"MN",27,0,1,0,0,0,0,46.27,-94.08,46.27,-94.08,0,0,0,0,0,35,0,0,0
668891,2022,6,23,"2022-06-23","18:13:00",3,"SD",46,0,0.88,0,0,0,0,45.8,-99.8,45.8,-99.8,0,0,0,0,0,21,0,0,0
668892,2022,6,23,"2022-06-23","18:25:00",3,"MN",27,0,1,0,0,0,0,46.32,-94.45,46.32,-94.45,0,0,0,0,0,97,0,0,0
668893,2022,6,23,"2022-06-23","18:35:00",3,"MN",27,0,1.5,0,0,0,0,46.33,-94.48,46.33,-94.48,0,0,0,0,0,21,0,0,0
668894,2022,6,23,"2022-06-23","18:35:00",3,"MN",27,0,1.75,0,0,0,0,46.34,-94.4,46.34,-94.4,0,0,0,0,0,21,0,0,0
668895,2022,6,23,"2022-06-23","18:35:00",3,"MN",27,0,1,0,0,0,0,46.49,-93.72,46.49,-93.72,0,0,0,0,0,1,0,0,0
668896,2022,6,23,"2022-06-23","18:36:00",3,"MN",27,0,1,0,0,0,0,46.57,-93.22,46.57,-93.22,0,0,0,0,0,1,0,0,0
668897,2022,6,23,"2022-06-23","18:50:00",3,"MN",27,0,2,0,0,0,0,46.29,-94.28,46.29,-94.28,0,0,0,0,0,35,0,0,0
668898,2022,6,23,"2022-06-23","18:50:00",3,"MN",27,0,1,0,0,0,0,46.54,-93.17,46.54,-93.17,0,0,0,0,0,1,0,0,0
668899,2022,6,23,"2022-06-23","18:52:00",3,"MN",27,0,1,0,0,0,0,46.34,-94.3,46.34,-94.3,0,0,0,0,0,35,0,0,0
668900,2022,6,23,"2022-06-23","18:55:00",3,"MN",27,0,1.25,0,0,0,0,46.71,-93.47,46.71,-93.47,0,0,0,0,0,1,0,0,0
668901,2022,6,23,"2022-06-23","18:55:00",3,"MN",27,0,1,0,0,0,0,46.34,-94.28,46.34,-94.28,0,0,0,0,0,35,0,0,0
668902,2022,6,23,"2022-06-23","19:00:00",3,"MN",27,0,2.75,0,0,0,0,46.24,-94.19,46.24,-94.19,0,0,0,0,0,35,0,0,0
668903,2022,6,23,"2022-06-23","19:02:00",3,"MN",27,0,2,0,0,0,0,46.26,-94.28,46.26,-94.28,0,0,0,0,0,35,0,0,0
668904,2022,6,23,"2022-06-23","19:04:00",3,"MN",27,0,1,0,0,0,0,46.68,-92.87,46.68,-92.87,0,0,0,0,0,17,0,0,0
668905,2022,6,23,"2022-06-23","19:07:00",3,"MN",27,0,1,0,0,0,0,46.71,-93.41,46.71,-93.41,0,0,0,0,0,1,0,0,0
668906,2022,6,23,"2022-06-23","19:10:00",3,"MN",27,0,1.5,0,0,0,0,46.78,-93.29,46.78,-93.29,0,0,0,0,0,1,0,0,0
668907,2022,6,23,"2022-06-23","19:11:00",3,"MN",27,0,1,0,0,0,0,46.78,-93.28,46.78,-93.28,0,0,0,0,0,1,0,0,0
668908,2022,6,23,"2022-06-23","19:15:00",3,"MN",27,0,1,0,0,0,0,46.57,-92.63,46.57,-92.63,0,0,0,0,0,17,0,0,0
668909,2022,6,23,"2022-06-23","19:17:00",3,"KS",20,0,1.5,0,0,0,0,39.3365,-98.4732,39.3365,-98.4732,0,0,0,0,0,123,0,0,0
668910,2022,6,23,"2022-06-23","19:42:00",3,"MN",27,0,1.25,0,0,0,0,46.24,-94.19,46.24,-94.19,0,0,0,0,0,35,0,0,0
668911,2022,6,23,"2022-06-23","19:45:00",3,"MN",27,0,1,0,0,0,0,46.27,-94.11,46.27,-94.11,0,0,0,0,0,35,0,0,0
668912,2022,6,23,"2022-06-23","20:00:00",3,"SD",46,0,1.75,0,0,0,0,44.95,-100.98,44.95,-100.98,0,0,0,0,0,41,0,0,0
668913,2022,6,23,"2022-06-23","20:05:00",3,"MN",27,0,1.25,0,0,0,0,46.18,-94.36,46.18,-94.36,0,0,0,0,0,35,0,0,0
668914,2022,6,23,"2022-06-23","20:07:00",3,"MN",27,0,1.25,0,0,0,0,46.17,-94.36,46.17,-94.36,0,0,0,0,0,35,0,0,0
668915,2022,6,23,"2022-06-23","20:10:00",3,"KS",20,0,1.25,0,0,0,0,39.3421,-98.161,39.3421,-98.161,0,0,0,0,0,123,0,0,0
668916,2022,6,23,"2022-06-23","20:16:00",3,"MN",27,0,1,0,0,0,0,46.96,-92.25,46.96,-92.25,0,0,0,0,0,137,0,0,0
668917,2022,6,23,"2022-06-23","20:17:00",3,"ND",38,0,1,0,0,0,0,48.18,-101.22,48.18,-101.22,0,0,0,0,0,101,0,0,0
668918,2022,6,23,"2022-06-23","20:21:00",3,"ND",38,0,0.75,0,0,0,0,48.2,-101.31,48.2,-101.31,0,0,0,0,0,101,0,0,0
668919,2022,6,23,"2022-06-23","20:25:00",3,"MN",27,0,1.5,0,0,0,0,46.19,-94.26,46.19,-94.26,0,0,0,0,0,35,0,0,0
668920,2022,6,23,"2022-06-23","20:35:00",3,"MN",27,0,1,0,0,0,0,46.17,-94.36,46.17,-94.36,0,0,0,0,0,35,0,0,0
668921,2022,6,23,"2022-06-23","20:41:00",3,"ND",38,0,1,0,0,0,0,48.81,-100.45,48.81,-100.45,0,0,0,0,0,9,0,0,0
668922,2022,6,23,"2022-06-23","20:49:00",3,"MN",27,0,1,0,0,0,0,46.98,-92.06,46.98,-92.06,0,0,0,0,0,137,0,0,0
668923,2022,6,23,"2022-06-23","21:31:00",3,"MN",27,0,0.75,0,0,0,0,45.98,-94.11,45.98,-94.11,0,0,0,0,0,97,0,0,0
668924,2022,6,23,"2022-06-23","21:54:00",3,"SD",46,0,2,0,0,0,0,45.84,-100.08,45.84,-100.08,0,0,0,0,0,21,0,0,0
668925,2022,6,23,"2022-06-23","22:10:00",3,"ND",38,0,1,0,0,0,0,48.94,-97.89,48.94,-97.89,0,0,0,0,0,67,0,0,0
668926,2022,6,23,"2022-06-23","22:21:00",3,"SD",46,0,1.75,0,0,0,0,45.18,-100.1,45.18,-100.1,0,0,0,0,0,107,0,0,0
668927,2022,6,24,"2022-06-24","00:30:00",3,"MN",27,0,1,0,0,0,0,45.55,-94.21,45.55,-94.21,0,0,0,0,0,145,0,0,0
668928,2022,6,24,"2022-06-24","00:36:00",3,"MN",27,0,1,0,0,0,0,45.55,-94.19,45.55,-94.19,0,0,0,0,0,145,0,0,0
668929,2022,6,24,"2022-06-24","01:30:00",3,"MN",27,0,1,0,0,0,0,45.6,-94.18,45.6,-94.18,0,0,0,0,0,9,0,0,0
668930,2022,6,24,"2022-06-24","01:30:00",3,"MN",27,0,1,0,0,0,0,45.6,-94.15,45.6,-94.15,0,0,0,0,0,9,0,0,0
668931,2022,6,24,"2022-06-24","05:31:00",3,"MN",27,0,1,0,0,0,0,46.29,-95.72,46.29,-95.72,0,0,0,0,0,111,0,0,0
668932,2022,6,24,"2022-06-24","05:40:00",3,"MN",27,0,2.75,0,0,0,0,46.32,-95.44,46.32,-95.44,0,0,0,0,0,111,0,0,0
668933,2022,6,24,"2022-06-24","05:59:00",3,"MN",27,0,2.75,0,0,0,0,46.34,-95.56,46.34,-95.56,0,0,0,0,0,111,0,0,0
668934,2022,6,24,"2022-06-24","06:10:00",3,"MN",27,0,1.25,0,0,0,0,46.5,-95.22,46.5,-95.22,0,0,0,0,0,111,0,0,0
668935,2022,6,24,"2022-06-24","07:15:00",3,"MN",27,0,1.75,0,0,0,0,48.7,-96.18,48.7,-96.18,0,0,0,0,0,135,0,0,0
668936,2022,6,24,"2022-06-24","07:33:00",3,"MN",27,0,1,0,0,0,0,48.29,-96.11,48.29,-96.11,0,0,0,0,0,89,0,0,0
668937,2022,6,24,"2022-06-24","08:08:00",3,"MN",27,0,1.25,0,0,0,0,48.17,-95.8,48.17,-95.8,0,0,0,0,0,89,0,0,0
668938,2022,6,24,"2022-06-24","08:25:00",3,"MN",27,0,2,0,0,0,0,48.14,-95.7,48.14,-95.7,0,0,0,0,0,113,0,0,0
668939,2022,6,24,"2022-06-24","08:45:00",3,"MN",27,0,1.5,0,0,0,0,47.95,-95.66,47.95,-95.66,0,0,0,0,0,113,0,0,0
668940,2022,6,24,"2022-06-24","09:35:00",3,"MN",27,0,1,0,0,0,0,47.82,-95.02,47.82,-95.02,0,0,0,0,0,7,0,0,0
668941,2022,6,24,"2022-06-24","10:30:00",3,"MN",27,0,1,0,0,0,0,47.4,-95.23,47.4,-95.23,0,0,0,0,0,29,0,0,0
668942,2022,6,24,"2022-06-24","11:50:00",3,"MN",27,0,1,0,0,0,0,47.7,-96.27,47.7,-96.27,0,0,0,0,0,119,0,0,0
668943,2022,6,24,"2022-06-24","12:15:00",3,"MN",27,0,1,0,0,0,0,48.36,-96.58,48.36,-96.58,0,0,0,0,0,89,0,0,0
668944,2022,6,24,"2022-06-24","12:55:00",3,"MN",27,0,1,0,0,0,0,48.41,-96.51,48.41,-96.51,0,0,0,0,0,89,0,0,0
668945,2022,6,24,"2022-06-24","13:01:00",3,"ND",38,0,0.75,0,0,0,0,48.39,-97.97,48.39,-97.97,0,0,0,0,0,99,0,0,0
668946,2022,6,24,"2022-06-24","13:02:00",3,"ND",38,0,1,0,0,0,0,48.4,-97.99,48.4,-97.99,0,0,0,0,0,99,0,0,0
668947,2022,6,24,"2022-06-24","13:15:00",3,"MN",27,0,1,0,0,0,0,48.45,-96.9,48.45,-96.9,0,0,0,0,0,89,0,0,0
668948,2022,6,24,"2022-06-24","13:45:00",3,"ND",38,0,1,0,0,0,0,47.86,-99.36,47.86,-99.36,0,0,0,0,0,5,0,0,0
668949,2022,6,24,"2022-06-24","13:54:00",3,"ND",38,0,1,0,0,0,0,47.84,-99.34,47.84,-99.34,0,0,0,0,0,103,0,0,0
668950,2022,6,24,"2022-06-24","14:00:00",3,"SD",46,0,1,0,0,0,0,43.3407,-100.7022,43.3407,-100.7022,0,0,0,0,0,121,0,0,0
668951,2022,6,24,"2022-06-24","14:00:00",3,"ND",38,0,1,0,0,0,0,48.22,-98.4,48.22,-98.4,0,0,0,0,0,71,0,0,0
668952,2022,6,24,"2022-06-24","14:00:00",3,"ND",38,0,1,0,0,0,0,48.21,-98.36,48.21,-98.36,0,0,0,0,0,71,0,0,0
668953,2022,6,24,"2022-06-24","14:26:00",3,"ND",38,0,1,0,0,0,0,47.42,-100.39,47.42,-100.39,0,0,0,0,0,83,0,0,0
668954,2022,6,24,"2022-06-24","15:03:00",3,"SD",46,0,1,0,0,0,0,45.03,-100.99,45.03,-100.99,0,0,0,0,0,41,0,0,0
668955,2022,6,24,"2022-06-24","15:17:00",3,"SD",46,0,1.25,0,0,0,0,45.03,-100.9,45.03,-100.9,0,0,0,0,0,41,0,0,0
668956,2022,6,24,"2022-06-24","15:28:00",3,"SD",46,0,1,0,0,0,0,43.72,-100.52,43.72,-100.52,0,0,0,0,0,95,0,0,0
668957,2022,6,24,"2022-06-24","15:42:00",3,"SD",46,0,1,0,0,0,0,43.39,-100.54,43.39,-100.54,0,0,0,0,0,95,0,0,0
668958,2022,6,24,"2022-06-24","15:50:00",3,"WY",56,0,1,0,0,0,0,43.6598,-106.9342,43.7227,-106.7473,0,0,0,0,0,19,0,0,0
668959,2022,6,24,"2022-06-24","16:00:00",3,"SD",46,0,2.5,0,0,0,0,43.85,-100.44,43.85,-100.44,0,0,0,0,0,75,0,0,0
668960,2022,6,24,"2022-06-24","16:05:00",3,"ND",38,0,1.25,0,0,0,0,47.16,-100.78,47.16,-100.78,0,0,0,0,0,55,0,0,0
668961,2022,6,24,"2022-06-24","16:08:00",3,"ND",38,0,1,0,0,0,0,47.13,-101.05,47.13,-101.05,0,0,0,0,0,65,0,0,0
668962,2022,6,24,"2022-06-24","16:10:00",3,"CO",8,0,0.88,0,0,0,0,38.8123,-102.3554,38.8123,-102.3554,0,0,0,0,0,17,0,0,0
668963,2022,6,24,"2022-06-24","16:15:00",3,"ND",38,0,1.5,0,0,0,0,47.47,-99.4,47.47,-99.4,0,0,0,0,0,103,0,0,0
668964,2022,6,24,"2022-06-24","16:16:00",3,"SD",46,0,2,0,0,0,0,43.93,-100.37,43.93,-100.37,0,0,0,0,0,75,0,0,0
668965,2022,6,24,"2022-06-24","16:17:00",3,"CO",8,0,0.75,0,0,0,0,38.82,-102.3611,38.82,-102.3611,0,0,0,0,0,17,0,0,0
668966,2022,6,24,"2022-06-24","16:20:00",3,"ND",38,0,1.25,0,0,0,0,47.71,-99.02,47.71,-99.02,0,0,0,0,0,27,0,0,0
668967,2022,6,24,"2022-06-24","16:44:00",3,"KS",20,0,0.75,0,0,0,0,38.4803,-101.7902,38.4803,-101.7902,0,0,0,0,0,71,0,0,0
668968,2022,6,24,"2022-06-24","16:50:00",3,"ND",38,0,1,0,0,0,0,47.79,-98.08,47.79,-98.08,0,0,0,0,0,63,0,0,0
668969,2022,6,24,"2022-06-24","17:00:00",3,"ND",38,0,1.25,0,0,0,0,47.42,-100.41,47.42,-100.41,0,0,0,0,0,83,0,0,0
668970,2022,6,24,"2022-06-24","17:07:00",3,"ND",38,0,0.88,0,0,0,0,46.84,-100.14,46.84,-100.14,0,0,0,0,0,15,0,0,0
668971,2022,6,24,"2022-06-24","17:12:00",3,"ND",38,0,1.75,0,0,0,0,47.94,-97.73,47.94,-97.73,0,0,0,0,0,35,0,0,0
668972,2022,6,24,"2022-06-24","17:15:00",3,"SD",46,0,1,0,0,0,0,43.5205,-100.5082,43.5205,-100.5082,0,0,0,0,0,95,0,0,0
668973,2022,6,24,"2022-06-24","17:31:00",3,"ND",38,0,1,0,0,0,0,46.85,-99.87,46.85,-99.87,0,0,0,0,0,43,0,0,0
668974,2022,6,24,"2022-06-24","17:33:00",3,"NE",31,0,1.25,0,0,0,0,41.28,-101.79,41.28,-101.79,0,0,0,0,0,101,0,0,0
668975,2022,6,24,"2022-06-24","17:38:00",3,"ND",38,0,1,0,0,0,0,46.87,-99.75,46.87,-99.75,0,0,0,0,0,43,0,0,0
668976,2022,6,24,"2022-06-24","17:39:00",3,"SD",46,0,1,0,0,0,0,44.69,-100.8,44.69,-100.8,0,0,0,0,0,117,0,0,0
668977,2022,6,24,"2022-06-24","17:39:00",3,"NE",31,0,1,0,0,0,0,41.58,-101.62,41.58,-101.62,0,0,0,0,0,5,0,0,0
668978,2022,6,24,"2022-06-24","17:45:00",3,"ND",38,0,0.88,0,0,0,0,46.86,-99.93,46.86,-99.93,0,0,0,0,0,43,0,0,0
668979,2022,6,24,"2022-06-24","17:55:00",3,"ND",38,0,1.75,0,0,0,0,46.96,-99.3,46.96,-99.3,0,0,0,0,0,93,0,0,0
668980,2022,6,24,"2022-06-24","17:57:00",3,"SD",46,0,1.75,0,0,0,0,44.84,-99.87,44.84,-99.87,0,0,0,0,0,119,0,0,0
668981,2022,6,24,"2022-06-24","18:00:00",3,"SD",46,0,1,0,0,0,0,43.6286,-103.2949,43.6286,-103.2949,0,0,0,0,0,33,0,0,0
668982,2022,6,24,"2022-06-24","18:08:00",3,"ND",38,0,1.25,0,0,0,0,46.99,-99.2,46.99,-99.2,0,0,0,0,0,93,0,0,0
668983,2022,6,24,"2022-06-24","18:08:00",3,"ND",38,0,1,0,0,0,0,47.33,-98.55,47.33,-98.55,0,0,0,0,0,31,0,0,0
668984,2022,6,24,"2022-06-24","18:10:00",3,"NE",31,0,0.88,0,0,0,0,41.71,-101.51,41.71,-101.51,0,0,0,0,0,5,0,0,0
668985,2022,6,24,"2022-06-24","18:10:00",3,"SD",46,0,1,0,0,0,0,45.43,-100.27,45.43,-100.27,0,0,0,0,0,129,0,0,0
668986,2022,6,24,"2022-06-24","18:10:00",3,"SD",46,0,1.75,0,0,0,0,43.6098,-103.1641,43.6098,-103.1641,0,0,0,0,0,33,0,0,0
668987,2022,6,24,"2022-06-24","18:13:00",3,"ND",38,0,1,0,0,0,0,46.99,-99.2,46.99,-99.2,0,0,0,0,0,93,0,0,0
668988,2022,6,24,"2022-06-24","18:15:00",3,"ND",38,0,0.88,0,0,0,0,47.06,-98.83,47.06,-98.83,0,0,0,0,0,93,0,0,0
668989,2022,6,24,"2022-06-24","18:29:00",3,"SD",46,0,0.88,0,0,0,0,45.61,-99.99,45.61,-99.99,0,0,0,0,0,21,0,0,0
668990,2022,6,24,"2022-06-24","18:30:00",3,"SD",46,0,1,0,0,0,0,44.65,-100.2,44.65,-100.2,0,0,0,0,0,119,0,0,0
668991,2022,6,24,"2022-06-24","18:30:00",3,"GA",13,0,1.75,0,0,0,0,32.7,-83.69,32.7,-83.69,0,0,0,0,0,21,0,0,0
668992,2022,6,24,"2022-06-24","18:45:00",3,"SD",46,0,0.88,0,0,0,0,45.31,-100.38,45.31,-100.38,0,0,0,0,0,41,0,0,0
668993,2022,6,24,"2022-06-24","18:50:00",3,"SD",46,0,1.5,0,0,0,0,43.4566,-101.2076,43.4566,-101.2076,0,0,0,0,0,95,0,0,0
668994,2022,6,24,"2022-06-24","19:15:00",3,"NE",31,0,1.75,0,0,0,0,41.16,-101.22,41.16,-101.22,0,0,0,0,0,111,0,0,0
668995,2022,6,24,"2022-06-24","19:15:00",3,"ND",38,0,1,0,0,0,0,47.24,-97.22,47.24,-97.22,0,0,0,0,0,17,0,0,0
668996,2022,6,24,"2022-06-24","19:38:00",3,"KS",20,0,0.75,0,0,0,0,39.9195,-101.7897,39.9195,-101.7897,0,0,0,0,0,23,0,0,0
668997,2022,6,24,"2022-06-24","19:49:00",3,"ND",38,0,1,0,0,0,0,46.36,-98.92,46.36,-98.92,0,0,0,0,0,45,0,0,0
668998,2022,6,24,"2022-06-24","19:55:00",3,"NE",31,0,0.88,0,0,0,0,40.249,-101.53,40.249,-101.53,0,0,0,0,0,57,0,0,0
668999,2022,6,24,"2022-06-24","22:01:00",3,"MN",27,0,1,0,0,0,0,46.51,-95.37,46.51,-95.37,0,0,0,0,0,111,0,0,0
669000,2022,6,24,"2022-06-24","22:30:00",3,"SD",46,0,0.88,0,0,0,0,45.34,-97.31,45.34,-97.31,0,0,0,0,0,37,0,0,0
669001,2022,6,25,"2022-06-25","00:12:00",3,"SD",46,0,1,0,0,0,0,43.08,-98.95,43.08,-98.95,0,0,0,0,0,53,0,0,0
669002,2022,6,25,"2022-06-25","00:40:00",3,"SD",46,0,1,0,0,0,0,43.03,-98.71,43.03,-98.71,0,0,0,0,0,53,0,0,0
669003,2022,6,25,"2022-06-25","00:40:00",3,"SD",46,0,2,0,0,0,1000,43.04,-98.67,43.04,-98.67,0,0,0,0,0,53,0,0,0
669004,2022,6,25,"2022-06-25","01:32:00",3,"SD",46,0,1,0,0,0,60000,43,-98.31,43,-98.31,0,0,0,0,0,23,0,0,0
669005,2022,6,25,"2022-06-25","03:06:00",3,"SD",46,0,1,0,0,0,8000,43.03,-97.23,43.03,-97.23,0,0,0,0,0,135,0,0,0
669006,2022,6,25,"2022-06-25","06:06:00",3,"IA",19,0,1.75,0,0,0,0,41.36,-94.01,41.36,-94.01,0,0,0,0,0,121,0,0,0
669007,2022,6,25,"2022-06-25","06:07:00",3,"IA",19,0,1.5,0,0,0,0,41.36,-93.99,41.36,-93.99,0,0,0,0,0,121,0,0,0
669008,2022,6,25,"2022-06-25","06:18:00",3,"IA",19,0,1.75,0,0,0,0,41.36,-93.75,41.36,-93.75,0,0,0,0,0,181,0,0,0
669009,2022,6,25,"2022-06-25","06:29:00",3,"IA",19,0,1.5,0,0,0,0,41.34,-93.64,41.34,-93.64,0,0,0,0,0,181,0,0,0
669010,2022,6,25,"2022-06-25","06:34:00",3,"IA",19,0,1,0,0,0,0,41.37,-93.55,41.37,-93.55,0,0,0,0,0,181,0,0,0
669011,2022,6,25,"2022-06-25","07:32:00",3,"NE",31,0,2.75,0,0,0,0,41.25,-97.13,41.25,-97.13,0,0,0,0,0,23,0,0,0
669012,2022,6,25,"2022-06-25","07:35:00",3,"NE",31,0,1.5,0,0,0,0,41.27,-97.13,41.27,-97.13,0,0,0,0,0,23,0,0,0
669013,2022,6,25,"2022-06-25","07:36:00",3,"NE",31,0,1.75,0,0,0,0,41.25,-97.13,41.25,-97.13,0,0,0,0,0,23,0,0,0
669014,2022,6,25,"2022-06-25","08:13:00",3,"NE",31,0,1.75,0,0,0,0,41.29,-97.24,41.29,-97.24,0,0,0,0,0,23,0,0,0
669015,2022,6,25,"2022-06-25","16:25:00",3,"OK",40,0,1,0,0,0,0,35.61,-99.71,35.61,-99.71,0,0,0,0,0,129,0,0,0
669016,2022,6,25,"2022-06-25","16:40:00",3,"OK",40,0,1.75,0,0,0,0,35.6,-99.67,35.6,-99.67,0,0,0,0,0,129,0,0,0
669017,2022,6,25,"2022-06-25","16:41:00",3,"OK",40,0,2.25,0,0,0,0,35.6,-99.67,35.6,-99.67,0,0,0,0,0,129,0,0,0
669018,2022,6,25,"2022-06-25","17:03:00",3,"OK",40,0,1,0,0,0,0,35.58,-99.67,35.58,-99.67,0,0,0,0,0,129,0,0,0
669019,2022,6,25,"2022-06-25","17:46:00",3,"TX",48,0,1,0,0,0,0,35.05,-100.89,35.05,-100.89,0,0,0,0,0,129,0,0,0
669020,2022,6,25,"2022-06-25","19:54:00",3,"KS",20,0,1,0,0,0,0,37.34,-95.29,37.34,-95.29,0,0,0,0,0,99,0,0,0
669021,2022,6,25,"2022-06-25","19:58:00",3,"IL",17,0,0.75,0,0,0,0,39.58,-89.9688,39.58,-89.9688,0,0,0,0,0,137,0,0,0
669022,2022,6,25,"2022-06-25","23:30:00",3,"KS",20,0,1,0,0,0,0,37.39,-97.41,37.39,-97.41,0,0,0,0,0,191,0,0,0
669023,2022,6,26,"2022-06-26","13:30:00",3,"TN",47,0,1,0,0,0,0,35.86,-87.97,35.86,-87.97,0,0,0,0,0,5,0,0,0
669024,2022,6,26,"2022-06-26","17:28:00",3,"LA",22,0,1,0,0,0,0,30.19,-93.27,30.19,-93.27,0,0,0,0,0,19,0,0,0
669025,2022,6,26,"2022-06-26","17:45:00",3,"LA",22,0,1.25,0,0,0,0,30.18,-93.4,30.18,-93.4,0,0,0,0,0,19,0,0,0
669026,2022,6,26,"2022-06-26","18:04:00",3,"TX",48,0,1,0,0,0,0,33.42,-94.06,33.42,-94.06,0,0,0,0,0,37,0,0,0
669027,2022,6,26,"2022-06-26","18:10:00",3,"TN",47,0,1,0,0,0,0,35.9002,-86.0282,35.9002,-86.0282,0,0,0,0,0,15,0,0,0
669028,2022,6,27,"2022-06-27","13:33:00",3,"MN",27,0,0.75,0,0,0,0,46.3,-93.83,46.3,-93.83,0,0,0,0,0,35,0,0,0
669029,2022,6,27,"2022-06-27","14:40:00",3,"MN",27,0,1,0,0,0,0,46.62,-93.54,46.62,-93.54,0,0,0,0,0,1,0,0,0
669030,2022,6,27,"2022-06-27","14:54:00",3,"MN",27,0,2,0,0,0,0,46.55,-93.47,46.55,-93.47,0,0,0,0,0,1,0,0,0
669031,2022,6,27,"2022-06-27","15:22:00",3,"MN",27,0,2,0,0,0,0,46.48,-93.39,46.48,-93.39,0,0,0,0,0,1,0,0,0
669032,2022,6,27,"2022-06-27","16:08:00",3,"MN",27,0,0.88,0,0,0,0,45.96,-93.04,45.96,-93.04,0,0,0,0,0,115,0,0,0
669033,2022,6,27,"2022-06-27","16:19:00",3,"MN",27,0,1.25,0,0,0,0,45.91,-92.96,45.91,-92.96,0,0,0,0,0,115,0,0,0
669034,2022,6,27,"2022-06-27","16:25:00",3,"MN",27,0,0.75,0,0,0,0,45.77,-92.91,45.77,-92.91,0,0,0,0,0,115,0,0,0
669035,2022,6,27,"2022-06-27","16:30:00",3,"MN",27,0,0.75,0,0,0,0,45.82,-92.82,45.82,-92.82,0,0,0,0,0,115,0,0,0
669036,2022,6,27,"2022-06-27","16:35:00",3,"MN",27,0,1,0,0,0,0,47.1,-91.71,47.1,-91.71,0,0,0,0,0,75,0,0,0
669037,2022,6,27,"2022-06-27","16:50:00",3,"WI",55,0,1,0,0,0,0,45.78,-92.72,45.78,-92.72,0,0,0,0,0,13,0,0,0
669038,2022,6,27,"2022-06-27","16:53:00",3,"WI",55,0,1.25,0,0,0,0,45.77,-92.7,45.77,-92.7,0,0,0,0,0,13,0,0,0
669039,2022,6,27,"2022-06-27","17:18:00",3,"WI",55,0,1.75,0,0,0,0,45.77,-92.68,45.77,-92.68,0,0,0,0,0,13,0,0,0
669040,2022,6,27,"2022-06-27","18:09:00",3,"WI",55,0,0.88,0,0,0,0,45.57,-92.18,45.57,-92.18,0,0,0,0,0,95,0,0,0
669041,2022,6,28,"2022-06-28","12:34:00",3,"MI",26,0,0.75,0,0,0,0,46.63,-85.03,46.63,-85.03,0,0,0,0,0,33,0,0,0
669042,2022,6,28,"2022-06-28","12:45:00",3,"WI",55,0,1,0,0,0,0,46.28,-90.59,46.28,-90.59,0,0,0,0,0,3,0,0,0
669043,2022,6,28,"2022-06-28","12:50:00",3,"WI",55,0,0.75,0,0,0,0,46.12,-91.35,46.12,-91.35,0,0,0,0,0,113,0,0,0
669044,2022,6,28,"2022-06-28","12:54:00",3,"WI",55,0,0.88,0,0,0,0,46.25,-91.11,46.25,-91.11,0,0,0,0,0,7,0,0,0
669045,2022,6,28,"2022-06-28","12:55:00",3,"WI",55,0,1.75,0,0,0,0,46.27,-91.09,46.27,-91.09,0,0,0,0,0,7,0,0,0
669046,2022,6,28,"2022-06-28","12:58:00",3,"WI",55,0,1.75,0,0,0,0,46.27,-91.09,46.27,-91.09,0,0,0,0,0,7,0,0,0
669047,2022,6,28,"2022-06-28","13:04:00",3,"WI",55,0,1,0,0,0,0,46.16,-91,46.16,-91,0,0,0,0,0,7,0,0,0
669048,2022,6,28,"2022-06-28","13:08:00",3,"WI",55,0,1.25,0,0,0,0,46.16,-90.96,46.16,-90.96,0,0,0,0,0,7,0,0,0
669049,2022,6,28,"2022-06-28","13:11:00",3,"WI",55,0,1,0,0,0,0,46.21,-89.9,46.21,-89.9,0,0,0,0,0,125,0,0,0
669050,2022,6,28,"2022-06-28","13:22:00",3,"WI",55,0,0.75,0,0,0,0,46.14,-89.63,46.14,-89.63,0,0,0,0,0,125,0,0,0
669051,2022,6,28,"2022-06-28","14:00:00",3,"WI",55,0,0.88,0,0,0,0,46.04,-89.25,46.04,-89.25,0,0,0,0,0,125,0,0,0
669052,2022,6,28,"2022-06-28","16:51:00",3,"TX",48,0,0.75,0,0,0,0,29.73,-98.44,29.73,-98.44,0,0,0,0,0,91,0,0,0
669053,2022,6,28,"2022-06-28","17:03:00",3,"MN",27,0,1.75,0,0,9000,9000,43.71,-92.57,43.71,-92.57,0,0,0,0,0,99,0,0,0
669054,2022,6,28,"2022-06-28","18:13:00",3,"IA",19,0,1,0,0,0,0,43.47,-91.97,43.47,-91.97,0,0,0,0,0,191,0,0,0
669055,2022,6,28,"2022-06-28","18:16:00",3,"IA",19,0,1.25,0,0,0,0,43.46,-92.01,43.46,-92.01,0,0,0,0,0,191,0,0,0
669056,2022,6,28,"2022-06-28","18:35:00",3,"GA",13,0,1,0,0,0,0,32.96,-85.14,32.96,-85.14,0,0,0,0,0,285,0,0,0
669057,2022,6,28,"2022-06-28","18:45:00",3,"AZ",4,0,1,0,0,0,0,34.55,-112.4,34.55,-112.4,0,0,0,0,0,25,0,0,0
669058,2022,6,28,"2022-06-28","19:18:00",3,"IA",19,0,0.75,0,0,0,0,43.06,-91.52,43.06,-91.52,0,0,0,0,0,43,0,0,0
669059,2022,6,28,"2022-06-28","19:21:00",3,"IA",19,0,0.88,0,0,0,0,43.05,-91.51,43.05,-91.51,0,0,0,0,0,43,0,0,0
669060,2022,6,29,"2022-06-29","16:09:00",3,"WY",56,0,0.75,0,0,0,0,44.99,-105.05,44.99,-105.05,0,0,0,0,0,11,0,0,0
669061,2022,6,29,"2022-06-29","16:18:00",3,"MT",30,0,0.88,0,0,0,0,45.05,-105.02,45.05,-105.02,0,0,0,0,0,11,0,0,0
669062,2022,6,29,"2022-06-29","18:03:00",3,"MN",27,0,0.75,0,0,0,0,47.15,-93.5,47.15,-93.5,0,0,0,0,0,61,0,0,0
669063,2022,6,29,"2022-06-29","18:22:00",3,"MN",27,0,1,0,0,0,0,47.24,-93.67,47.24,-93.67,0,0,0,0,0,61,0,0,0
669064,2022,6,29,"2022-06-29","18:23:00",3,"MN",27,0,1,0,0,0,0,47.26,-93.62,47.26,-93.62,0,0,0,0,0,61,0,0,0
669065,2022,6,29,"2022-06-29","18:28:00",3,"MN",27,0,1,0,0,0,0,47.24,-93.55,47.24,-93.55,0,0,0,0,0,61,0,0,0
669066,2022,6,29,"2022-06-29","18:28:00",3,"MN",27,0,1.5,0,0,0,0,47.21,-93.54,47.21,-93.54,0,0,0,0,0,61,0,0,0
669067,2022,6,29,"2022-06-29","18:32:00",3,"MN",27,0,1,0,0,0,0,47.28,-93.44,47.28,-93.44,0,0,0,0,0,61,0,0,0
669068,2022,6,29,"2022-06-29","18:37:00",3,"MN",27,0,1.5,0,0,0,0,47.23,-93.52,47.23,-93.52,0,0,0,0,0,61,0,0,0
669069,2022,6,29,"2022-06-29","18:38:00",3,"MN",27,0,1.5,0,0,0,0,47.24,-93.38,47.24,-93.38,0,0,0,0,0,61,0,0,0
669070,2022,6,29,"2022-06-29","18:40:00",3,"MN",27,0,1.5,0,0,0,0,47.24,-93.53,47.24,-93.53,0,0,0,0,0,61,0,0,0
669071,2022,6,29,"2022-06-29","18:45:00",3,"MN",27,0,1.5,0,0,0,0,47.23,-93.52,47.23,-93.52,0,0,0,0,0,61,0,0,0
669072,2022,6,29,"2022-06-29","18:46:00",3,"MN",27,0,1.75,0,0,0,0,47.24,-93.55,47.24,-93.55,0,0,0,0,0,61,0,0,0
669073,2022,6,29,"2022-06-29","18:55:00",3,"MN",27,0,2,0,0,0,0,47.26,-93.45,47.26,-93.45,0,0,0,0,0,61,0,0,0
669074,2022,6,29,"2022-06-29","18:58:00",3,"SD",46,0,1,0,0,0,0,45.78,-103.9,45.78,-103.9,0,0,0,0,0,63,0,0,0
669075,2022,6,29,"2022-06-29","18:59:00",3,"MN",27,0,1,0,0,0,0,47.36,-93.43,47.36,-93.43,0,0,0,0,0,61,0,0,0
669076,2022,6,29,"2022-06-29","19:13:00",3,"MN",27,0,1,0,0,0,0,47.33,-93.19,47.33,-93.19,0,0,0,0,0,61,0,0,0
669077,2022,6,29,"2022-06-29","19:20:00",3,"SD",46,0,1,0,0,0,0,45.92,-103.61,45.92,-103.61,0,0,0,0,0,63,0,0,0
669078,2022,6,29,"2022-06-29","19:24:00",3,"ND",38,0,1,0,0,0,0,46.03,-103.08,46.03,-103.08,0,0,0,0,0,11,0,0,0
669079,2022,6,29,"2022-06-29","19:25:00",3,"SD",46,0,1.75,0,0,0,0,45.78,-103.9,45.78,-103.9,0,0,0,0,0,63,0,0,0
669080,2022,6,29,"2022-06-29","19:25:00",3,"MN",27,0,1,0,0,0,0,47.31,-92.81,47.31,-92.81,0,0,0,0,0,137,0,0,0
669081,2022,6,29,"2022-06-29","19:58:00",3,"SD",46,0,1,0,0,0,0,45.02,-97.72,45.02,-97.72,0,0,0,0,0,25,0,0,0
669082,2022,6,29,"2022-06-29","21:00:00",3,"MN",27,0,1,0,0,0,0,47.17,-91.61,47.17,-91.61,0,0,0,0,0,75,0,0,0
669083,2022,6,30,"2022-06-30","16:00:00",3,"MI",26,0,1,0,0,0,0,46.99,-89,46.99,-89,0,0,0,0,0,131,0,0,0
669084,2022,6,30,"2022-06-30","16:05:00",3,"MI",26,0,1,0,0,0,0,47.0096,-88.9565,47.0096,-88.9565,0,0,0,0,0,131,0,0,0
669085,2022,6,30,"2022-06-30","17:25:00",3,"MI",26,0,1,0,0,0,0,46.51,-90.08,46.51,-90.08,0,0,0,0,0,53,0,0,0
669086,2022,6,30,"2022-06-30","17:40:00",3,"MI",26,0,1,0,0,0,0,46.61,-87.63,46.61,-87.63,0,0,0,0,0,103,0,0,0
669087,2022,6,30,"2022-06-30","19:00:00",3,"MI",26,0,1,0,0,0,0,46.53,-87.99,46.53,-87.99,0,0,0,0,0,103,0,0,0
669088,2022,6,30,"2022-06-30","19:08:00",3,"MI",26,0,0.88,0,0,0,0,46.4,-87.9964,46.4,-87.9964,0,0,0,0,0,103,0,0,0
669089,2022,6,30,"2022-06-30","19:08:00",3,"MI",26,0,0.88,0,0,0,0,46.5,-87.92,46.5,-87.92,0,0,0,0,0,103,0,0,0
669090,2022,6,30,"2022-06-30","19:30:00",3,"MI",26,0,1,0,0,0,0,46.49,-87.67,46.49,-87.67,0,0,0,0,0,103,0,0,0
669091,2022,6,30,"2022-06-30","19:35:00",3,"MI",26,0,1,0,0,0,0,46.4866,-87.348,46.4866,-87.348,0,0,0,0,0,103,0,0,0
669092,2022,6,30,"2022-06-30","19:43:00",3,"MI",26,0,1,0,0,0,0,46.5219,-87.987,46.5219,-87.987,0,0,0,0,0,103,0,0,0
669093,2022,6,30,"2022-06-30","20:05:00",3,"MI",26,0,1.25,0,0,0,0,46.35,-86.93,46.35,-86.93,0,0,0,0,0,3,0,0,0
667587,2022,6,1,"2022-06-01","00:09:00",3,"TX",48,0,1.75,0,0,0,0,33.8879,-101.219,33.8879,-101.219,0,0,0,0,0,153,0,0,0
667588,2022,6,1,"2022-06-01","13:28:00",3,"NY",36,0,0.75,0,0,0,0,42.2,-76.06,42.2,-76.06,0,0,0,0,0,7,0,0,0
667589,2022,6,1,"2022-06-01","13:33:00",3,"OH",39,0,1,0,0,0,0,41.22,-83.32,41.22,-83.32,0,0,0,0,0,147,0,0,0
667590,2022,6,1,"2022-06-01","13:35:00",3,"NY",36,0,1,0,0,0,0,42.13,-76.02,42.13,-76.02,0,0,0,0,0,7,0,0,0
667591,2022,6,1,"2022-06-01","13:37:00",3,"NY",36,0,1,0,0,0,0,42.13,-76.05,42.13,-76.05,0,0,0,0,0,7,0,0,0
667592,2022,6,1,"2022-06-01","13:43:00",3,"NY",36,0,1.5,0,0,0,0,42.11,-76.03,42.11,-76.03,0,0,0,0,0,7,0,0,0
667593,2022,6,1,"2022-06-01","13:45:00",3,"NY",36,0,2,0,0,0,0,42.12,-76.04,42.12,-76.04,0,0,0,0,0,7,0,0,0
667594,2022,6,1,"2022-06-01","13:45:00",3,"NY",36,0,1.75,0,0,0,0,42.1,-75.99,42.1,-75.99,0,0,0,0,0,7,0,0,0
667595,2022,6,1,"2022-06-01","13:45:00",3,"NY",36,0,3,0,0,0,0,42.0933,-76.0051,42.0933,-76.0051,0,0,0,0,0,7,0,0,0
667596,2022,6,1,"2022-06-01","13:48:00",3,"NY",36,0,1.25,0,0,0,0,42.08,-76.05,42.08,-76.05,0,0,0,0,0,7,0,0,0
667597,2022,6,1,"2022-06-01","13:51:00",3,"NY",36,0,2.25,0,0,0,0,42.08,-76,42.08,-76,0,0,0,0,0,7,0,0,0
667598,2022,6,1,"2022-06-01","13:51:00",3,"NY",36,0,1,0,0,0,0,42.08,-75.95,42.08,-75.95,0,0,0,0,0,7,0,0,0
667599,2022,6,1,"2022-06-01","13:51:00",3,"NY",36,0,1.75,0,0,0,0,42.09,-76,42.09,-76,0,0,0,0,0,7,0,0,0
667600,2022,6,1,"2022-06-01","13:56:00",3,"NY",36,0,1,0,0,0,0,42.09,-75.91,42.09,-75.91,0,0,0,0,0,7,0,0,0
667601,2022,6,1,"2022-06-01","14:04:00",3,"NY",36,0,1.75,0,0,0,0,42.02,-75.92,42.02,-75.92,0,0,0,0,0,7,0,0,0
667602,2022,6,1,"2022-06-01","14:44:00",3,"OH",39,0,0.88,0,0,0,0,41.4181,-82.1445,41.4181,-82.1445,0,0,0,0,0,93,0,0,0
667603,2022,6,1,"2022-06-01","15:23:00",3,"OH",39,0,1,0,0,0,0,41.4627,-80.7458,41.4627,-80.7458,0,0,0,0,0,155,0,0,0
667604,2022,6,1,"2022-06-01","15:30:00",3,"NM",35,0,2,0,0,0,0,32.7886,-103.6769,32.7886,-103.6769,0,0,0,0,0,25,0,0,0
667605,2022,6,1,"2022-06-01","15:44:00",3,"NM",35,0,1,0,0,0,0,32.62,-103.63,32.62,-103.63,0,0,0,0,0,25,0,0,0
667606,2022,6,1,"2022-06-01","15:48:00",3,"OH",39,0,1,0,0,0,0,41.2401,-81.3459,41.2401,-81.3459,0,0,0,0,0,133,0,0,0
667607,2022,6,1,"2022-06-01","15:50:00",3,"NM",35,0,1.5,0,0,0,0,32.673,-103.4273,32.673,-103.4273,0,0,0,0,0,25,0,0,0
667608,2022,6,1,"2022-06-01","16:25:00",3,"IN",18,0,1,0,0,0,0,38.93,-86.44,38.93,-86.44,0,0,0,0,0,93,0,0,0
667609,2022,6,1,"2022-06-01","16:33:00",3,"TX",48,0,2,0,0,0,0,32.2497,-102.78,32.2497,-102.78,0,0,0,0,0,3,0,0,0
667610,2022,6,1,"2022-06-01","16:35:00",3,"TX",48,0,1.25,0,0,0,0,30.36,-103.63,30.36,-103.63,0,0,0,0,0,43,0,0,0
667611,2022,6,1,"2022-06-01","16:44:00",3,"PA",42,0,1,0,0,0,0,41.6423,-80.1512,41.6423,-80.1512,0,0,0,0,0,39,0,0,0
667612,2022,6,1,"2022-06-01","16:50:00",3,"PA",42,0,1,0,0,0,0,40.13,-75.52,40.13,-75.52,0,0,0,0,0,29,0,0,0
667613,2022,6,1,"2022-06-01","16:55:00",3,"OH",39,0,0.75,0,0,0,0,39.8898,-84.0423,39.8898,-84.0423,0,0,0,0,0,23,0,0,0
667614,2022,6,1,"2022-06-01","17:07:00",3,"OH",39,0,0.75,0,0,0,0,39.9445,-84.1992,39.9445,-84.1992,0,0,0,0,0,109,0,0,0
667615,2022,6,1,"2022-06-01","17:15:00",3,"IL",17,0,0.88,0,0,0,0,37.45,-89.27,37.45,-89.27,0,0,0,0,0,181,0,0,0
667616,2022,6,1,"2022-06-01","17:16:00",3,"IN",18,0,1.25,0,0,0,0,39.31,-85.97,39.31,-85.97,0,0,0,0,0,5,0,0,0
667617,2022,6,1,"2022-06-01","17:38:00",3,"TX",48,0,1.75,0,0,0,0,32.17,-102.78,32.17,-102.78,0,0,0,0,0,3,0,0,0
667618,2022,6,1,"2022-06-01","17:55:00",3,"TX",48,0,1.75,0,0,0,0,31.98,-102.62,31.98,-102.62,0,0,0,0,0,135,0,0,0
667619,2022,6,1,"2022-06-01","18:01:00",3,"IL",17,0,0.75,0,0,0,0,38.38,-88.05,38.38,-88.05,0,0,0,0,0,47,0,0,0
667620,2022,6,1,"2022-06-01","18:46:00",3,"OH",39,0,1.5,0,0,0,0,40.88,-82.65,40.88,-82.65,0,0,0,0,0,139,0,0,0
667621,2022,6,1,"2022-06-01","19:00:00",3,"PA",42,0,0.75,0,0,0,0,40.94,-78.99,40.94,-78.99,0,0,0,0,0,65,0,0,0
667622,2022,6,1,"2022-06-01","19:05:00",3,"TX",48,0,1,0,0,0,0,34.47,-101.3,34.47,-101.3,0,0,0,0,0,45,0,0,0
667623,2022,6,1,"2022-06-01","20:28:00",3,"TX",48,0,0.88,0,0,0,0,33.67,-99.18,33.67,-99.18,0,0,0,0,0,23,0,0,0
667624,2022,6,1,"2022-06-01","20:37:00",3,"KY",21,0,0.75,0,0,0,0,37.77,-87.12,37.77,-87.12,0,0,0,0,0,59,0,0,0
667625,2022,6,1,"2022-06-01","20:59:00",3,"TX",48,0,1.5,0,0,0,0,33.48,-98.99,33.48,-98.99,0,0,0,0,0,23,0,0,0
667626,2022,6,1,"2022-06-01","21:51:00",3,"TX",48,0,2.75,0,0,0,0,34.0302,-100.8077,34.0302,-100.8077,0,0,0,0,0,345,0,0,0
667627,2022,6,1,"2022-06-01","21:56:00",3,"TX",48,0,1,0,0,0,0,34.4,-100.88,34.4,-100.88,0,0,0,0,0,191,0,0,0
667628,2022,6,2,"2022-06-02","12:42:00",3,"MD",24,0,1,0,0,0,0,38.9892,-76.6697,38.9892,-76.6697,0,0,0,0,0,3,0,0,0
667629,2022,6,2,"2022-06-02","13:15:00",3,"TN",47,0,1.25,0,0,0,0,36.15,-83.42,36.15,-83.42,0,0,0,0,0,89,0,0,0
667630,2022,6,2,"2022-06-02","13:30:00",3,"VA",51,0,1,0,0,0,0,39.1397,-77.6125,39.1397,-77.6125,0,0,0,0,0,107,0,0,0
667631,2022,6,2,"2022-06-02","13:35:00",3,"VA",51,0,1,0,0,0,0,38.7597,-77.4301,38.7597,-77.4301,0,0,0,0,0,685,0,0,0
667632,2022,6,2,"2022-06-02","13:45:00",3,"VA",51,0,1.5,0,0,0,0,39.1316,-77.5303,39.1316,-77.5303,0,0,0,0,0,107,0,0,0
667633,2022,6,2,"2022-06-02","13:50:00",3,"MD",24,0,1,0,0,0,0,39.109,-77.4699,39.109,-77.4699,0,0,0,0,0,31,0,0,0
667634,2022,6,2,"2022-06-02","14:01:00",3,"MD",24,0,1,0,0,0,0,39.0983,-77.2997,39.0983,-77.2997,0,0,0,0,0,31,0,0,0
667635,2022,6,2,"2022-06-02","14:04:00",3,"NC",37,0,1,0,0,0,0,35.828,-81.724,35.828,-81.724,0,0,0,0,0,23,0,0,0
667636,2022,6,2,"2022-06-02","14:11:00",3,"MS",28,0,1,0,0,0,0,32.2793,-89.6846,32.28,-89.64,0,0,0,0,0,123,0,0,0
667637,2022,6,2,"2022-06-02","14:30:00",3,"SC",45,0,0.75,0,0,0,0,35.067,-82.61,35.067,-82.61,0,0,0,0,0,77,0,0,0
667638,2022,6,2,"2022-06-02","15:01:00",3,"MD",24,0,1,0,0,0,0,38.6705,-76.7198,38.6705,-76.7198,0,0,0,0,0,33,0,0,0
667639,2022,6,2,"2022-06-02","15:59:00",3,"MD",24,0,1,0,0,0,0,38.55,-76.23,38.55,-76.23,0,0,0,0,0,19,0,0,0
667640,2022,6,2,"2022-06-02","16:11:00",3,"DE",10,0,0.88,0,0,0,0,38.74,-75.6,38.74,-75.6,0,0,0,0,0,5,0,0,0
667641,2022,6,2,"2022-06-02","16:21:00",3,"NC",37,0,1,0,0,0,0,35.78,-81.75,35.78,-81.75,0,0,0,0,0,23,0,0,0
667642,2022,6,2,"2022-06-02","17:25:00",3,"NM",35,0,1,0,0,0,0,34.42,-105.89,34.42,-105.89,0,0,0,0,0,57,0,0,0
667643,2022,6,2,"2022-06-02","17:25:00",3,"NM",35,0,1,0,0,0,0,34.26,-106.09,34.26,-106.09,0,0,0,0,0,53,0,0,0
667644,2022,6,2,"2022-06-02","18:30:00",3,"NM",35,0,0.75,0,0,0,0,33.92,-105.8,33.92,-105.8,0,0,0,0,0,27,0,0,0
667645,2022,6,2,"2022-06-02","18:34:00",3,"TX",48,0,1,0,0,0,0,31.7938,-106.3948,31.7938,-106.3948,0,0,0,0,0,141,0,0,0
667646,2022,6,3,"2022-06-03","00:26:00",3,"TX",48,0,0.75,0,0,0,0,33.92,-102.32,33.92,-102.32,0,0,0,0,0,279,0,0,0
667647,2022,6,3,"2022-06-03","12:16:00",3,"SC",45,0,0.75,0,0,0,0,34.83,-82.25,34.83,-82.25,0,0,0,0,0,45,0,0,0
667648,2022,6,3,"2022-06-03","12:18:00",3,"SC",45,0,1,0,0,0,0,34.82,-82.23,34.82,-82.23,0,0,0,0,0,45,0,0,0
667649,2022,6,3,"2022-06-03","12:25:00",3,"NC",37,0,1.5,0,0,0,0,35.72,-76.64,35.72,-76.64,0,0,0,0,0,187,0,0,0
667650,2022,6,3,"2022-06-03","12:35:00",3,"SC",45,0,0.75,0,0,0,0,35.05,-81.41,35.05,-81.41,0,0,0,0,0,21,0,0,0
667651,2022,6,3,"2022-06-03","12:35:00",3,"SC",45,0,0.88,0,0,0,0,34.8,-82.12,34.8,-82.12,0,0,0,0,0,83,0,0,0
667652,2022,6,3,"2022-06-03","12:50:00",3,"SC",45,0,0.75,0,0,0,0,35.012,-81.336,35.012,-81.336,0,0,0,0,0,91,0,0,0
667653,2022,6,3,"2022-06-03","14:15:00",3,"SC",45,0,1,0,0,0,0,33.16,-79.72,33.16,-79.72,0,0,0,0,0,15,0,0,0
667654,2022,6,3,"2022-06-03","14:18:00",3,"NC",37,0,0.75,0,0,0,0,34.835,-80.789,34.835,-80.789,0,0,0,0,0,179,0,0,0
667655,2022,6,3,"2022-06-03","14:20:00",3,"SC",45,0,1.75,0,0,0,0,34.8372,-80.8065,34.8372,-80.8065,0,0,0,0,0,57,0,0,0
667656,2022,6,3,"2022-06-03","14:20:00",3,"SC",45,0,1,0,0,0,0,34.8,-80.77,34.8,-80.77,0,0,0,0,0,57,0,0,0
667657,2022,6,3,"2022-06-03","14:25:00",3,"SC",45,0,1.75,0,0,0,0,34.775,-80.731,34.775,-80.731,0,0,0,0,0,57,0,0,0
667658,2022,6,3,"2022-06-03","14:50:00",3,"NM",35,0,1,0,0,0,0,32.88,-105.05,32.88,-105.05,0,0,0,0,0,5,0,0,0
667659,2022,6,3,"2022-06-03","14:59:00",3,"NM",35,0,0.75,0,0,0,0,32.87,-105.01,32.87,-105.01,0,0,0,0,0,5,0,0,0
667660,2022,6,3,"2022-06-03","15:25:00",3,"SC",45,0,1,0,0,0,0,32.7,-80.85,32.7,-80.85,0,0,0,0,0,49,0,0,0
667661,2022,6,3,"2022-06-03","15:25:00",3,"SC",45,0,1,0,0,0,0,32.7,-80.85,32.7,-80.85,0,0,0,0,0,49,0,0,0
667662,2022,6,3,"2022-06-03","15:25:00",3,"WA",53,0,1,0,0,0,0,48.07,-118.68,48.07,-118.68,0,0,0,0,0,19,0,0,0
667663,2022,6,3,"2022-06-03","15:26:00",3,"WY",56,0,1,0,0,0,0,41.18,-104.07,41.18,-104.07,0,0,0,0,0,21,0,0,0
667664,2022,6,3,"2022-06-03","15:50:00",3,"NC",37,0,1.5,0,0,0,0,35.51,-76.92,35.51,-76.92,0,0,0,0,0,13,0,0,0
667665,2022,6,3,"2022-06-03","16:30:00",3,"WA",53,0,1,0,0,0,0,46.4,-117.1,46.401,-117.0982,0,0,0,0,0,3,0,0,0
667666,2022,6,3,"2022-06-03","16:55:00",3,"WY",56,0,0.88,0,0,0,0,42.05,-104.97,42.05,-104.97,0,0,0,0,0,31,0,0,0
667667,2022,6,3,"2022-06-03","17:01:00",3,"CO",8,0,1.25,0,0,0,0,37.22,-103.45,37.22,-103.45,0,0,0,0,0,71,0,0,0
667668,2022,6,3,"2022-06-03","17:12:00",3,"CO",8,0,0.75,0,0,0,0,38.77,-102.78,38.77,-102.78,0,0,0,0,0,17,0,0,0
667669,2022,6,3,"2022-06-03","17:12:00",3,"CO",8,0,1,0,0,0,0,38.07,-103.24,38.07,-103.24,0,0,0,0,0,11,0,0,0
667670,2022,6,3,"2022-06-03","17:18:00",3,"NM",35,0,1,0,0,0,0,32.58,-104.47,32.58,-104.47,0,0,0,0,0,15,0,0,0
667671,2022,6,3,"2022-06-03","17:22:00",3,"CO",8,0,1,0,0,0,0,38.07,-103.22,38.07,-103.22,0,0,0,0,0,11,0,0,0
667672,2022,6,3,"2022-06-03","17:30:00",3,"CO",8,0,1.5,0,0,0,0,40.6,-103.09,40.6,-103.09,0,0,0,0,0,75,0,0,0
667673,2022,6,3,"2022-06-03","17:33:00",3,"CO",8,0,1,0,0,0,0,38.69,-102.78,38.69,-102.78,0,0,0,0,0,17,0,0,0
667674,2022,6,3,"2022-06-03","17:36:00",3,"NM",35,0,1.75,0,0,0,0,34.44,-104.61,34.44,-104.61,0,0,0,0,0,11,0,0,0
667675,2022,6,3,"2022-06-03","17:41:00",3,"CO",8,0,0.88,0,0,0,0,39.3,-102.42,39.3,-102.42,0,0,0,0,0,63,0,0,0
667676,2022,6,3,"2022-06-03","17:49:00",3,"CO",8,0,0.75,0,0,0,0,39.3,-102.43,39.3,-102.43,0,0,0,0,0,63,0,0,0
667677,2022,6,3,"2022-06-03","17:53:00",3,"CO",8,0,1,0,0,0,0,39.39,-102.37,39.39,-102.37,0,0,0,0,0,63,0,0,0
667678,2022,6,3,"2022-06-03","18:00:00",3,"ID",16,0,0.88,0,0,0,0,47.95,-116.69,47.9509,-116.6887,0,0,0,0,0,55,0,0,0
667679,2022,6,3,"2022-06-03","18:05:00",3,"ID",16,0,1,0,0,0,500,47.95,-116.71,47.9519,-116.708,0,0,0,0,0,55,0,0,0
667680,2022,6,3,"2022-06-03","18:30:00",3,"CO",8,0,0.75,0,0,0,0,40.29,-102.25,40.29,-102.25,0,0,0,0,0,125,0,0,0
667681,2022,6,3,"2022-06-03","18:37:00",3,"CO",8,0,1,0,0,0,0,39.8951,-102.3934,39.8951,-102.3934,0,0,0,0,0,125,0,0,0
667682,2022,6,3,"2022-06-03","18:43:00",3,"KS",20,0,0.88,0,0,0,0,39.51,-101.93,39.51,-101.93,0,0,0,0,0,181,0,0,0
667683,2022,6,3,"2022-06-03","18:49:00",3,"NM",35,0,1.75,0,0,0,0,32.56,-103.7,32.56,-103.7,0,0,0,0,0,25,0,0,0
667684,2022,6,3,"2022-06-03","19:08:00",3,"NE",31,0,1.25,0,0,0,0,40.51,-101.78,40.51,-101.78,0,0,0,0,0,29,0,0,0
667685,2022,6,3,"2022-06-03","19:12:00",3,"TX",48,0,1,0,0,0,0,31.83,-104.17,31.83,-104.17,0,0,0,0,0,109,0,0,0
667686,2022,6,3,"2022-06-03","19:26:00",3,"NE",31,0,0.88,0,0,0,0,40.99,-101.75,40.99,-101.75,0,0,0,0,0,135,0,0,0
667687,2022,6,3,"2022-06-03","19:38:00",3,"NM",35,0,2,0,0,0,0,32.2519,-104.2732,32.2519,-104.2732,0,0,0,0,0,15,0,0,0
667688,2022,6,3,"2022-06-03","20:05:00",3,"WY",56,0,1,0,0,0,0,43.42,-106.28,43.4217,-106.2312,0,0,0,0,0,25,0,0,0
667689,2022,6,3,"2022-06-03","20:39:00",3,"NE",31,0,0.88,0,0,0,0,41.2,-101.32,41.2,-101.32,0,0,0,0,0,101,0,0,0
667690,2022,6,3,"2022-06-03","21:02:00",3,"NE",31,0,1.5,0,0,0,0,41.32,-100.66,41.32,-100.66,0,0,0,0,0,111,0,0,0
667691,2022,6,4,"2022-06-04","13:00:00",3,"ME",23,0,0.88,0,0,0,0,47.08,-69.05,47.08,-69.05,0,0,0,0,0,3,0,0,0
667692,2022,6,4,"2022-06-04","13:04:00",3,"ME",23,0,1,0,0,0,0,47.06,-69.09,47.06,-69.09,0,0,0,0,0,3,0,0,0
667693,2022,6,4,"2022-06-04","13:32:00",3,"ME",23,0,1,0,0,0,0,43.97,-70.8,43.97,-70.8,0,0,0,0,0,17,0,0,0
667694,2022,6,4,"2022-06-04","13:50:00",3,"SD",46,0,1,0,0,0,0,43.8369,-103.6384,43.8369,-103.6384,0,0,0,0,0,33,0,0,0
667695,2022,6,4,"2022-06-04","14:09:00",3,"ME",23,0,1,0,0,0,0,43.88,-70.69,43.88,-70.69,0,0,0,0,0,5,0,0,0
667696,2022,6,4,"2022-06-04","14:10:00",3,"SD",46,0,1,0,0,0,0,43.7566,-103.6077,43.7566,-103.6077,0,0,0,0,0,33,0,0,0
667697,2022,6,4,"2022-06-04","15:38:00",3,"NH",33,0,1,0,0,0,0,45.14,-71.18,45.14,-71.18,0,0,0,0,0,7,0,0,0
667698,2022,6,4,"2022-06-04","16:15:00",3,"NE",31,0,1.75,0,0,0,0,41.41,-99.52,41.41,-99.52,0,0,0,0,0,41,0,0,0
667699,2022,6,4,"2022-06-04","16:30:00",3,"NE",31,0,1,0,0,0,0,41.18,-99.89,41.18,-99.89,0,0,0,0,0,41,0,0,0
667700,2022,6,4,"2022-06-04","16:42:00",3,"NH",33,0,1.25,0,0,0,0,43.96,-71.07,43.96,-71.07,0,0,0,0,0,3,0,0,0
667701,2022,6,4,"2022-06-04","16:47:00",3,"NH",33,0,1.5,0,0,0,0,43.96,-71.01,43.96,-71.01,0,0,0,0,0,3,0,0,0
667702,2022,6,4,"2022-06-04","17:05:00",3,"ME",23,0,1,0,0,0,0,43.95,-70.95,43.95,-70.95,0,0,0,0,0,17,0,0,0
667703,2022,6,4,"2022-06-04","17:11:00",3,"NE",31,0,1.25,0,0,0,0,41.55,-97.06,41.55,-97.06,0,0,0,0,0,37,0,0,0
667704,2022,6,4,"2022-06-04","17:44:00",3,"NE",31,0,1,0,0,0,0,41.67,-96.67,41.67,-96.67,0,0,0,0,0,53,0,0,0
667705,2022,6,4,"2022-06-04","17:48:00",3,"NE",31,0,1,0,0,0,0,41.67,-96.66,41.67,-96.66,0,0,0,0,0,53,0,0,0
667706,2022,6,4,"2022-06-04","17:49:00",3,"NE",31,0,2,0,0,0,0,40.75,-100.5,40.75,-100.5,0,0,0,0,0,111,0,0,0
667707,2022,6,4,"2022-06-04","17:50:00",3,"KS",20,0,1,0,0,0,0,39.3285,-102.0332,39.3285,-102.0332,0,0,0,0,0,181,0,0,0
667708,2022,6,4,"2022-06-04","18:00:00",3,"NE",31,0,0.88,0,0,0,0,41.2267,-97.8647,41.2267,-97.8647,0,0,0,0,0,121,0,0,0
667709,2022,6,4,"2022-06-04","18:11:00",3,"NE",31,0,1,0,0,0,0,41.35,-96.97,41.35,-96.97,0,0,0,0,0,23,0,0,0
667710,2022,6,4,"2022-06-04","18:17:00",3,"NE",31,0,2.5,0,0,0,0,40.63,-100.51,40.63,-100.51,0,0,0,0,0,63,0,0,0
667711,2022,6,4,"2022-06-04","18:19:00",3,"NE",31,0,0.75,0,0,0,0,41.1311,-98.0355,41.1311,-98.0355,0,0,0,0,0,121,0,0,0
667712,2022,6,4,"2022-06-04","18:37:00",3,"NE",31,0,1.75,0,0,0,0,40.24,-100.42,40.24,-100.42,0,0,0,0,0,145,0,0,0
667713,2022,6,4,"2022-06-04","18:45:00",3,"NE",31,0,2.5,0,0,0,0,40.2329,-100.4143,40.2329,-100.4143,0,0,0,0,0,145,0,0,0
667714,2022,6,4,"2022-06-04","18:45:00",3,"NE",31,0,2.5,0,0,0,0,40.2337,-100.4046,40.2337,-100.4046,0,0,0,0,0,145,0,0,0
667715,2022,6,4,"2022-06-04","18:46:00",3,"NE",31,0,0.75,0,0,0,0,40.2276,-100.3125,40.2276,-100.3125,0,0,0,0,0,145,0,0,0
667716,2022,6,4,"2022-06-04","18:51:00",3,"NE",31,0,1,0,0,0,0,41.37,-97.37,41.37,-97.37,0,0,0,0,0,23,0,0,0
667717,2022,6,4,"2022-06-04","19:00:00",3,"NE",31,0,1,0,0,0,0,41.1098,-98.0136,41.1098,-98.0136,0,0,0,0,0,121,0,0,0
667718,2022,6,4,"2022-06-04","19:00:00",3,"NE",31,0,1,0,0,0,0,41.34,-97.33,41.34,-97.33,0,0,0,0,0,23,0,0,0
667719,2022,6,4,"2022-06-04","19:15:00",3,"NE",31,0,1.75,0,0,50000,1e+06,41.06,-98.09,41.06,-98.09,0,0,0,0,0,121,0,0,0
667720,2022,6,4,"2022-06-04","19:30:00",3,"KS",20,0,1,0,0,0,0,39.3614,-101.3781,39.3614,-101.3781,0,0,0,0,0,193,0,0,0
667721,2022,6,4,"2022-06-04","19:30:00",3,"NE",31,0,2,0,0,0,0,41.25,-97.32,41.25,-97.32,0,0,0,0,0,23,0,0,0
667722,2022,6,4,"2022-06-04","19:35:00",3,"NE",31,0,1.75,0,0,50000,1e+06,41,-98,40.9693,-97.9593,0,0,0,0,0,81,0,0,0
667723,2022,6,4,"2022-06-04","19:55:00",3,"NE",31,0,1,0,0,0,0,41.3512,-98.3119,41.3512,-98.3119,0,0,0,0,0,93,0,0,0
667724,2022,6,4,"2022-06-04","19:59:00",3,"KS",20,0,1.75,0,0,0,0,39.4,-101.05,39.4,-101.05,0,0,0,0,0,193,0,0,0
667725,2022,6,4,"2022-06-04","20:02:00",3,"NE",31,0,1.25,0,0,0,0,41.2,-97.3,41.2,-97.3,0,0,0,0,0,23,0,0,0
667726,2022,6,4,"2022-06-04","20:02:00",3,"KS",20,0,1,0,0,0,0,39.4,-101.03,39.4,-101.03,0,0,0,0,0,193,0,0,0
667727,2022,6,4,"2022-06-04","20:30:00",3,"WY",56,0,1.5,0,0,0,0,44.7,-106.35,44.7,-106.35,0,0,0,0,0,33,0,0,0
667728,2022,6,4,"2022-06-04","20:40:00",3,"WY",56,0,0.75,0,0,0,0,44.7,-106.33,44.7,-106.33,0,0,0,0,0,33,0,0,0
667729,2022,6,4,"2022-06-04","21:20:00",3,"NE",31,0,1,0,0,0,0,41.12,-97.5616,41.12,-97.5616,0,0,0,0,0,143,0,0,0
667730,2022,6,4,"2022-06-04","21:30:00",3,"NE",31,0,0.88,0,0,0,0,41.12,-98,41.12,-98,0,0,0,0,0,121,0,0,0
667731,2022,6,4,"2022-06-04","21:45:00",3,"NE",31,0,1.75,0,0,50000,1e+06,41.0039,-98.0077,41.0039,-98.0077,0,0,0,0,0,81,0,0,0
667732,2022,6,4,"2022-06-04","22:28:00",3,"NE",31,0,1.75,0,0,1500000,5e+05,40.87,-98,40.87,-98,0,0,0,0,0,81,0,0,0
667733,2022,6,5,"2022-06-05","04:27:00",3,"NE",31,0,1,0,0,0,0,41.42,-100,41.42,-100,0,0,0,0,0,41,0,0,0
667734,2022,6,5,"2022-06-05","13:02:00",3,"KS",20,0,2,0,0,1e+05,0,39.64,-99.47,39.64,-99.47,0,0,0,0,0,147,0,0,0
667735,2022,6,5,"2022-06-05","13:29:00",3,"KS",20,0,1.75,0,0,1e+05,0,39.58,-99.32,39.58,-99.32,0,0,0,0,0,147,0,0,0
667736,2022,6,5,"2022-06-05","13:59:00",3,"IA",19,0,0.75,0,0,0,0,42.44,-94.72,42.44,-94.72,0,0,0,0,0,25,0,0,0
667737,2022,6,5,"2022-06-05","14:27:00",3,"KS",20,0,1.75,0,0,3e+06,1e+06,39.42,-99.27,39.42,-99.27,0,0,0,0,0,163,0,0,0
667738,2022,6,5,"2022-06-05","14:30:00",3,"WA",53,0,1,0,0,0,0,47.63,-120.23,47.633,-120.2204,0,0,0,0,0,17,0,0,0
667739,2022,6,5,"2022-06-05","14:52:00",3,"IA",19,0,1,0,0,0,0,41.6,-93.76,41.6,-93.76,0,0,0,0,0,153,0,0,0
667740,2022,6,5,"2022-06-05","15:15:00",3,"ID",16,0,1,0,0,0,0,44.07,-116.93,44.07,-116.93,0,0,0,0,0,75,0,0,0
667741,2022,6,5,"2022-06-05","15:25:00",3,"ID",16,0,1,0,0,0,0,44.07,-116.93,44.0687,-116.9288,0,0,0,0,0,75,0,0,0
667742,2022,6,5,"2022-06-05","15:26:00",3,"NE",31,0,1,0,0,0,0,42.57,-101.75,42.57,-101.75,0,0,0,0,0,31,0,0,0
667743,2022,6,5,"2022-06-05","15:28:00",3,"ID",16,0,1.75,0,0,1000,0,46.2995,-116.0404,46.2995,-116.0404,0,0,0,0,0,49,0,0,0
667744,2022,6,5,"2022-06-05","15:29:00",3,"ID",16,0,1,0,0,0,0,46.66,-116.91,46.6678,-116.8895,0,0,0,0,0,57,0,0,0
667745,2022,6,5,"2022-06-05","15:36:00",3,"CO",8,0,1,0,0,0,0,39.3,-102.61,39.3,-102.61,0,0,0,0,0,63,0,0,0
667746,2022,6,5,"2022-06-05","15:36:00",3,"ID",16,0,2.1,0,0,600,0,46.2979,-115.9926,46.2979,-115.9926,0,0,0,0,0,49,0,0,0
667747,2022,6,5,"2022-06-05","15:40:00",3,"ID",16,0,1.75,0,0,0,0,46.3266,-115.93,46.3266,-115.93,0,0,0,0,0,35,0,0,0
667748,2022,6,5,"2022-06-05","15:43:00",3,"CO",8,0,0.75,0,0,0,0,38.8477,-102.6158,38.8477,-102.6158,0,0,0,0,0,17,0,0,0
667749,2022,6,5,"2022-06-05","15:44:00",3,"KS",20,0,0.75,0,0,0,0,39.57,-99.52,39.57,-99.52,0,0,0,0,0,163,0,0,0
667750,2022,6,5,"2022-06-05","15:50:00",3,"NE",31,0,1.25,0,0,0,0,42.29,-101.33,42.29,-101.33,0,0,0,0,0,31,0,0,0
667751,2022,6,5,"2022-06-05","15:56:00",3,"CO",8,0,1.5,0,0,0,0,38.59,-102.44,38.59,-102.44,0,0,0,0,0,61,0,0,0
667752,2022,6,5,"2022-06-05","16:15:00",3,"KS",20,0,1.5,0,0,0,0,39.23,-99.43,39.23,-99.43,0,0,0,0,0,163,0,0,0
667753,2022,6,5,"2022-06-05","16:21:00",3,"ID",16,0,1.25,0,0,0,0,43.36,-116.53,43.36,-116.53,0,0,0,0,0,27,0,0,0
667754,2022,6,5,"2022-06-05","16:21:00",3,"CO",8,0,1,0,0,0,0,38.46,-102.42,38.46,-102.42,0,0,0,0,0,61,0,0,0
667755,2022,6,5,"2022-06-05","16:28:00",3,"KS",20,0,1.75,0,0,0,0,39.32,-99.65,39.32,-99.65,0,0,0,0,0,65,0,0,0
667756,2022,6,5,"2022-06-05","16:34:00",3,"KS",20,0,1,0,0,0,0,39.23,-99.3,39.23,-99.3,0,0,0,0,0,163,0,0,0
667757,2022,6,5,"2022-06-05","16:40:00",3,"ID",16,0,1,0,0,0,0,43.4,-116.29,43.404,-116.2459,0,0,0,0,0,1,0,0,0
667758,2022,6,5,"2022-06-05","16:40:00",3,"WA",53,0,1.5,0,0,0,0,46.5396,-117.0821,46.542,-117.0762,0,0,0,0,0,75,0,0,0
667759,2022,6,5,"2022-06-05","16:47:00",3,"CO",8,0,1,0,0,0,0,38.29,-102.5,38.29,-102.5,0,0,0,0,0,61,0,0,0
667760,2022,6,5,"2022-06-05","16:51:00",3,"KS",20,0,1,0,0,0,0,39.07,-99.32,39.07,-99.32,0,0,0,0,0,51,0,0,0
667761,2022,6,5,"2022-06-05","16:56:00",3,"KS",20,0,1.25,0,0,0,0,39.25,-99.57,39.25,-99.57,0,0,0,0,0,163,0,0,0
667762,2022,6,5,"2022-06-05","16:57:00",3,"ID",16,0,1,0,0,0,0,43.44,-115.97,43.3933,-115.9388,0,0,0,0,0,39,0,0,0
667763,2022,6,5,"2022-06-05","17:04:00",3,"NE",31,0,0.88,0,0,0,0,41.09,-102.03,41.09,-102.03,0,0,0,0,0,101,0,0,0
667764,2022,6,5,"2022-06-05","17:13:00",3,"NE",31,0,1.25,0,0,0,0,41.54,-100.07,41.54,-100.07,0,0,0,0,0,41,0,0,0
667765,2022,6,5,"2022-06-05","17:13:00",3,"CO",8,0,1.5,0,0,0,0,38.09,-102.4,38.09,-102.4,0,0,0,0,0,99,0,0,0
667766,2022,6,5,"2022-06-05","17:15:00",3,"LA",22,0,1.75,0,0,0,0,30.21,-91.78,30.21,-91.78,0,0,0,0,0,99,0,0,0
667767,2022,6,5,"2022-06-05","17:15:00",3,"CO",8,0,1.5,0,0,0,0,38.08,-102.39,38.08,-102.39,0,0,0,0,0,99,0,0,0
667768,2022,6,5,"2022-06-05","17:20:00",3,"LA",22,0,1,0,0,0,0,30.22,-91.83,30.22,-91.83,0,0,0,0,0,99,0,0,0
667769,2022,6,5,"2022-06-05","17:20:00",3,"KS",20,0,1.25,0,0,0,0,39.12,-98.69,39.12,-98.69,0,0,0,0,0,167,0,0,0
667770,2022,6,5,"2022-06-05","17:23:00",3,"NE",31,0,0.75,0,0,0,0,41.1,-101.85,41.1,-101.85,0,0,0,0,0,101,0,0,0
667771,2022,6,5,"2022-06-05","17:28:00",3,"NE",31,0,1.25,0,0,250000,0,41.29,-99.92,41.29,-99.92,0,0,0,0,0,41,0,0,0
667772,2022,6,5,"2022-06-05","17:29:00",3,"NE",31,0,1.75,0,0,0,0,41.33,-99.97,41.33,-99.97,0,0,0,0,0,41,0,0,0
667773,2022,6,5,"2022-06-05","17:30:00",3,"ID",16,0,1.25,0,0,0,0,43.37,-116.47,43.37,-116.47,0,0,0,0,0,1,0,0,0
667774,2022,6,5,"2022-06-05","17:35:00",3,"NE",31,0,1,0,0,0,0,41.71,-100.51,41.71,-100.51,0,0,0,0,0,113,0,0,0
667775,2022,6,5,"2022-06-05","17:35:00",3,"CO",8,0,1,0,0,0,0,38.46,-102.42,38.46,-102.42,0,0,0,0,0,61,0,0,0
667776,2022,6,5,"2022-06-05","17:40:00",3,"NE",31,0,2,0,0,0,0,41.29,-99.92,41.29,-99.92,0,0,0,0,0,41,0,0,0
667777,2022,6,5,"2022-06-05","17:40:00",3,"CO",8,0,1.9,0,0,0,0,38.1,-102.41,38.1,-102.41,0,0,0,0,0,99,0,0,0
667778,2022,6,5,"2022-06-05","17:45:00",3,"NE",31,0,0.88,0,0,0,0,40.12,-101.73,40.12,-101.73,0,0,0,0,0,57,0,0,0
667779,2022,6,5,"2022-06-05","17:50:00",3,"NE",31,0,1,0,0,0,0,40.75,-100.52,40.75,-100.52,0,0,0,0,0,111,0,0,0
667780,2022,6,5,"2022-06-05","17:58:00",3,"NE",31,0,1,0,0,0,0,41.55,-100.3,41.55,-100.3,0,0,0,0,0,113,0,0,0
667781,2022,6,5,"2022-06-05","18:00:00",3,"ID",16,0,1,0,0,0,0,42.82,-114.9,42.82,-114.9,0,0,0,0,0,47,0,0,0
667782,2022,6,5,"2022-06-05","18:00:00",3,"ID",16,0,1,0,0,0,0,43.4049,-115.9955,43.3428,-115.9186,0,0,0,0,0,39,0,0,0
667783,2022,6,5,"2022-06-05","18:03:00",3,"LA",22,0,0.88,0,0,0,0,30.15,-91.96,30.15,-91.96,0,0,0,0,0,55,0,0,0
667784,2022,6,5,"2022-06-05","18:10:00",3,"KS",20,0,1,0,0,0,0,38.86,-99.15,38.86,-99.15,0,0,0,0,0,51,0,0,0
667785,2022,6,5,"2022-06-05","18:10:00",3,"WA",53,0,1,0,0,0,0,47.13,-117.25,47.2279,-117.0499,0,0,0,0,0,75,0,0,0
667786,2022,6,5,"2022-06-05","18:11:00",3,"KS",20,0,0.75,0,0,0,0,38.88,-99.15,38.88,-99.15,0,0,0,0,0,51,0,0,0
667787,2022,6,5,"2022-06-05","18:12:00",3,"ID",16,0,1,0,0,0,0,42.82,-114.9,42.82,-114.9,0,0,0,0,0,47,0,0,0
667788,2022,6,5,"2022-06-05","18:13:00",3,"NE",31,0,1,0,0,0,0,41.44,-100.19,41.44,-100.19,0,0,0,0,0,41,0,0,0
667789,2022,6,5,"2022-06-05","18:15:00",3,"ID",16,0,1.25,0,0,0,0,42.78,-114.7,42.785,-114.7141,0,0,0,0,0,47,0,0,0
667790,2022,6,5,"2022-06-05","18:25:00",3,"KS",20,0,1.75,0,0,0,0,39.92,-101.71,39.92,-101.71,0,0,0,0,0,23,0,0,0
667791,2022,6,5,"2022-06-05","18:27:00",3,"NE",31,0,1.25,0,0,0,0,41.21,-100.03,41.21,-100.03,0,0,0,0,0,41,0,0,0
667792,2022,6,5,"2022-06-05","18:35:00",3,"NE",31,0,1,0,0,0,0,40.84,-99.84,40.84,-99.84,0,0,0,0,0,47,0,0,0
667793,2022,6,5,"2022-06-05","18:38:00",3,"CO",8,0,1.75,0,0,0,0,37.52,-102.4,37.52,-102.4,0,0,0,0,0,9,0,0,0
667794,2022,6,5,"2022-06-05","18:44:00",3,"CO",8,0,1.75,0,0,0,0,37.39,-102.24,37.39,-102.24,0,0,0,0,0,9,0,0,0
667795,2022,6,5,"2022-06-05","18:45:00",3,"CO",8,0,2.75,0,0,0,0,37.39,-102.28,37.39,-102.28,0,0,0,0,0,9,0,0,0
667796,2022,6,5,"2022-06-05","18:50:00",3,"KS",20,0,1,0,0,0,0,39.77,-101.8,39.77,-101.8,0,0,0,0,0,23,0,0,0
667797,2022,6,5,"2022-06-05","18:53:00",3,"KS",20,0,0.88,0,0,0,0,39.77,-101.78,39.77,-101.78,0,0,0,0,0,23,0,0,0
667798,2022,6,5,"2022-06-05","18:57:00",3,"CO",8,0,1.5,0,0,0,0,37.4,-102.27,37.4,-102.27,0,0,0,0,0,9,0,0,0
667799,2022,6,5,"2022-06-05","18:58:00",3,"NE",31,0,2,0,0,0,0,40.22,-100.62,40.22,-100.62,0,0,0,0,0,145,0,0,0
667800,2022,6,5,"2022-06-05","18:59:00",3,"CO",8,0,1,0,0,0,0,37.26,-102.13,37.26,-102.13,0,0,0,0,0,9,0,0,0
667801,2022,6,5,"2022-06-05","19:00:00",3,"NE",31,0,1.75,0,0,1e+06,0,40.8013,-99.7436,40.78,-99.74,0,0,0,0,0,47,0,0,0
667802,2022,6,5,"2022-06-05","19:03:00",3,"NE",31,0,1,0,0,0,0,40.2,-100.61,40.2,-100.61,0,0,0,0,0,145,0,0,0
667803,2022,6,5,"2022-06-05","19:07:00",3,"NE",31,0,4,0,0,0,0,40.15,-100.62,40.15,-100.62,0,0,0,0,0,145,0,0,0
667804,2022,6,5,"2022-06-05","19:10:00",3,"KS",20,0,0.75,0,0,0,0,39.77,-101.78,39.77,-101.78,0,0,0,0,0,23,0,0,0
667805,2022,6,5,"2022-06-05","19:27:00",3,"KS",20,0,1.75,0,0,0,0,39.59,-101.71,39.59,-101.71,0,0,0,0,0,23,0,0,0
667806,2022,6,5,"2022-06-05","19:30:00",3,"NE",31,0,1.75,0,0,0,0,40.04,-100.56,40.04,-100.56,0,0,0,0,0,145,0,0,0
667807,2022,6,5,"2022-06-05","19:44:00",3,"KS",20,0,0.75,0,0,0,0,39.4703,-101.6555,39.4703,-101.6555,0,0,0,0,0,181,0,0,0
667808,2022,6,5,"2022-06-05","20:26:00",3,"KS",20,0,1.75,0,0,0,0,37.37,-98.92,37.37,-98.92,0,0,0,0,0,7,0,0,0
667809,2022,6,5,"2022-06-05","20:27:00",3,"KS",20,0,1,0,0,0,0,37.38,-98.92,37.38,-98.92,0,0,0,0,0,7,0,0,0
667810,2022,6,5,"2022-06-05","20:33:00",3,"KS",20,0,1.75,0,0,0,0,37.38,-98.9,37.38,-98.9,0,0,0,0,0,7,0,0,0
667811,2022,6,5,"2022-06-05","20:40:00",3,"ID",16,0,1.25,0,0,0,0,48.47,-116.84,48.4756,-116.7652,0,0,0,0,0,17,0,0,0
667812,2022,6,5,"2022-06-05","20:49:00",3,"KS",20,0,1.25,0,0,0,0,39.06,-101.24,39.06,-101.24,0,0,0,0,0,109,0,0,0
667813,2022,6,5,"2022-06-05","20:56:00",3,"KS",20,0,2,0,0,0,0,39.02,-101.24,39.02,-101.24,0,0,0,0,0,109,0,0,0
667814,2022,6,5,"2022-06-05","21:45:00",3,"KS",20,0,1.25,0,0,0,0,38.02,-97.55,38.02,-97.55,0,0,0,0,0,79,0,0,0
667815,2022,6,5,"2022-06-05","22:00:00",3,"KS",20,0,1.5,0,0,0,0,37.87,-97.66,37.87,-97.66,0,0,0,0,0,173,0,0,0
667816,2022,6,5,"2022-06-05","22:08:00",3,"OK",40,0,2,0,0,0,0,36.81,-98.85,36.81,-98.85,0,0,0,0,0,151,0,0,0
667817,2022,6,5,"2022-06-05","22:37:00",3,"KS",20,0,1.25,0,0,0,0,37.27,-99.33,37.27,-99.33,0,0,0,0,0,33,0,0,0
667818,2022,6,5,"2022-06-05","22:59:00",3,"ID",16,0,1,0,0,0,0,43.22,-116.51,43.2148,-116.5066,0,0,0,0,0,73,0,0,0
667819,2022,6,5,"2022-06-05","23:04:00",3,"KS",20,0,1.25,0,0,0,0,37.27,-99.32,37.27,-99.32,0,0,0,0,0,33,0,0,0
667820,2022,6,5,"2022-06-05","23:25:00",3,"NE",31,0,1.25,0,0,0,0,41.15,-102.79,41.15,-102.79,0,0,0,0,0,33,0,0,0
667821,2022,6,6,"2022-06-06","00:43:00",3,"OK",40,0,1,0,0,0,0,36.77,-99.11,36.77,-99.11,0,0,0,0,0,151,0,0,0
667822,2022,6,6,"2022-06-06","01:03:00",3,"NE",31,0,1,0,0,0,0,42.41,-103.38,42.41,-103.38,0,0,0,0,0,13,0,0,0
667823,2022,6,6,"2022-06-06","01:10:00",3,"NE",31,0,1,0,0,0,0,42.41,-103.38,42.41,-103.38,0,0,0,0,0,13,0,0,0
667824,2022,6,6,"2022-06-06","03:15:00",3,"OK",40,0,1,0,0,0,0,35.87,-97.42,35.87,-97.42,0,0,0,0,0,83,0,0,0
667825,2022,6,6,"2022-06-06","03:41:00",3,"OK",40,0,1,0,0,0,0,35.73,-97.4,35.73,-97.4,0,0,0,0,0,83,0,0,0
667826,2022,6,6,"2022-06-06","12:30:00",3,"FL",12,0,1,0,0,0,0,28.95,-81.21,28.95,-81.21,0,0,0,0,0,127,0,0,0
667827,2022,6,6,"2022-06-06","13:04:00",3,"FL",12,0,1,0,0,0,0,29.57,-81.21,29.57,-81.21,0,0,0,0,0,35,0,0,0
667828,2022,6,6,"2022-06-06","13:20:00",3,"FL",12,0,1.25,0,0,0,0,29.54,-81.22,29.54,-81.22,0,0,0,0,0,35,0,0,0
667829,2022,6,6,"2022-06-06","13:28:00",3,"NE",31,0,1,0,0,0,0,41.85,-98.08,41.85,-98.08,0,0,0,0,0,11,0,0,0
667830,2022,6,6,"2022-06-06","13:29:00",3,"NE",31,0,1.75,0,0,0,0,41.85,-98.1,41.85,-98.1,0,0,0,0,0,11,0,0,0
667831,2022,6,6,"2022-06-06","13:33:00",3,"NE",31,0,1.75,0,0,0,0,41.85,-98.08,41.85,-98.08,0,0,0,0,0,11,0,0,0
667832,2022,6,6,"2022-06-06","13:35:00",3,"NE",31,0,1.25,0,0,0,0,41.84,-98.1,41.84,-98.1,0,0,0,0,0,11,0,0,0
667833,2022,6,6,"2022-06-06","13:49:00",3,"FL",12,0,1,0,0,0,0,28.68,-81.22,28.68,-81.22,0,0,0,0,0,117,0,0,0
667834,2022,6,6,"2022-06-06","13:49:00",3,"NE",31,0,1.75,0,0,0,0,41.69,-98,41.69,-98,0,0,0,0,0,11,0,0,0
667835,2022,6,6,"2022-06-06","13:50:00",3,"FL",12,0,1.25,0,0,0,0,28.65,-81.27,28.65,-81.27,0,0,0,0,0,117,0,0,0
667836,2022,6,6,"2022-06-06","13:52:00",3,"NE",31,0,2.5,0,0,0,0,41.69,-98,41.69,-98,0,0,0,0,0,11,0,0,0
667837,2022,6,6,"2022-06-06","13:52:00",3,"NE",31,0,1.5,0,0,0,0,41.69,-98,41.69,-98,0,0,0,0,0,11,0,0,0
667838,2022,6,6,"2022-06-06","13:54:00",3,"NE",31,0,1.5,0,0,0,0,41.69,-98,41.69,-98,0,0,0,0,0,11,0,0,0
667839,2022,6,6,"2022-06-06","14:00:00",3,"WY",56,0,0.75,0,0,0,0,43.7443,-104.552,43.7443,-104.552,0,0,0,0,0,45,0,0,0
667840,2022,6,6,"2022-06-06","14:09:00",3,"NE",31,0,2,0,0,0,0,41.58,-97.87,41.58,-97.87,0,0,0,0,0,11,0,0,0
667841,2022,6,6,"2022-06-06","14:18:00",3,"NE",31,0,1.5,0,0,0,0,41.54,-97.79,41.54,-97.79,0,0,0,0,0,141,0,0,0
667842,2022,6,6,"2022-06-06","14:23:00",3,"NE",31,0,0.88,0,0,0,0,41.44,-97.73,41.44,-97.73,0,0,0,0,0,125,0,0,0
667843,2022,6,6,"2022-06-06","14:24:00",3,"NE",31,0,1.25,0,0,0,0,42.85,-101.7,42.85,-101.7,0,0,0,0,0,31,0,0,0
667844,2022,6,6,"2022-06-06","14:24:00",3,"NE",31,0,1.25,0,0,0,0,41.97,-101.04,41.97,-101.04,0,0,0,0,0,91,0,0,0
667845,2022,6,6,"2022-06-06","15:05:00",3,"SD",46,0,1,0,0,0,0,43.61,-103.91,43.61,-103.91,0,0,0,0,0,33,0,0,0
667846,2022,6,6,"2022-06-06","15:15:00",3,"SD",46,0,1,0,0,0,0,43.0686,-102.1841,43.0686,-102.1841,0,0,0,0,0,102,0,0,0
667847,2022,6,6,"2022-06-06","15:20:00",3,"IN",18,0,1,0,0,0,0,40.0497,-86.1045,40.0497,-86.1045,0,0,0,0,0,57,0,0,0
667848,2022,6,6,"2022-06-06","15:22:00",3,"TN",47,0,1,0,0,0,0,36.28,-87.12,36.28,-87.12,0,0,0,0,0,21,0,0,0
667849,2022,6,6,"2022-06-06","15:30:00",3,"NE",31,0,1.75,0,0,0,0,42.25,-100.86,42.25,-100.86,0,0,0,0,0,31,0,0,0
667850,2022,6,6,"2022-06-06","15:34:00",3,"NE",31,0,1,0,0,0,0,42.32,-101.04,42.32,-101.04,0,0,0,0,0,31,0,0,0
667851,2022,6,6,"2022-06-06","15:35:00",3,"SD",46,0,1,0,0,0,0,43.43,-103.5199,43.43,-103.5199,0,0,0,0,0,47,0,0,0
667852,2022,6,6,"2022-06-06","15:35:00",3,"SD",46,0,1,0,0,0,0,44.0689,-103.2672,44.0689,-103.2672,0,0,0,0,0,103,0,0,0
667853,2022,6,6,"2022-06-06","15:40:00",3,"IL",17,0,1,0,0,0,0,41.43,-90.46,41.43,-90.46,0,0,0,0,0,161,0,0,0
667854,2022,6,6,"2022-06-06","15:41:00",3,"IL",17,0,1,0,0,0,0,41.44,-90.42,41.44,-90.42,0,0,0,0,0,73,0,0,0
667855,2022,6,6,"2022-06-06","15:41:00",3,"IL",17,0,1,0,0,0,0,41.45,-90.4,41.45,-90.4,0,0,0,0,0,73,0,0,0
667856,2022,6,6,"2022-06-06","15:42:00",3,"SD",46,0,0.75,0,0,0,0,44.0595,-103.2585,44.0595,-103.2585,0,0,0,0,0,103,0,0,0
667857,2022,6,6,"2022-06-06","15:50:00",3,"SD",46,0,1,0,0,0,0,44.0533,-103.2454,44.0533,-103.2454,0,0,0,0,0,103,0,0,0
667858,2022,6,6,"2022-06-06","15:50:00",3,"IL",17,0,1,0,0,0,0,41.45,-90.33,41.45,-90.33,0,0,0,0,0,73,0,0,0
667859,2022,6,6,"2022-06-06","15:52:00",3,"SD",46,0,1.25,0,0,0,0,43.34,-103.4201,43.34,-103.4201,0,0,0,0,0,47,0,0,0
667860,2022,6,6,"2022-06-06","15:54:00",3,"SD",46,0,1,0,0,0,0,43.34,-103.44,43.34,-103.44,0,0,0,0,0,47,0,0,0
667861,2022,6,6,"2022-06-06","15:55:00",3,"SD",46,0,1,0,0,0,0,43.3707,-103.3978,43.3707,-103.3978,0,0,0,0,0,47,0,0,0
667862,2022,6,6,"2022-06-06","15:55:00",3,"SD",46,0,0.75,0,0,0,0,44.0399,-103.2069,44.0399,-103.2069,0,0,0,0,0,103,0,0,0
667863,2022,6,6,"2022-06-06","15:59:00",3,"NE",31,0,1,0,0,0,0,42.87,-101.88,42.87,-101.88,0,0,0,0,0,31,0,0,0
667864,2022,6,6,"2022-06-06","16:00:00",3,"NE",31,0,1.75,0,0,0,0,42.83,-101.83,42.83,-101.83,0,0,0,0,0,31,0,0,0
667865,2022,6,6,"2022-06-06","16:03:00",3,"IL",17,0,0.88,0,0,0,0,41.43,-90.46,41.43,-90.46,0,0,0,0,0,161,0,0,0
667866,2022,6,6,"2022-06-06","16:11:00",3,"SD",46,0,0.88,0,0,0,0,44.08,-103.23,44.08,-103.23,0,0,0,0,0,103,0,0,0
667867,2022,6,6,"2022-06-06","16:16:00",3,"SD",46,0,2,0,0,0,0,43.18,-103.1109,43.18,-103.1109,0,0,0,0,0,47,0,0,0
667868,2022,6,6,"2022-06-06","16:20:00",3,"IL",17,0,1.5,0,0,0,0,41.55,-89.4,41.55,-89.4,0,0,0,0,0,11,0,0,0
667869,2022,6,6,"2022-06-06","16:22:00",3,"SD",46,0,1.75,0,0,0,0,43.19,-102.99,43.19,-102.99,0,0,0,0,0,102,0,0,0
667870,2022,6,6,"2022-06-06","16:30:00",3,"CO",8,0,1.75,0,0,0,0,38.24,-103.61,38.24,-103.61,0,0,0,0,0,25,0,0,0
667871,2022,6,6,"2022-06-06","16:34:00",3,"NE",31,0,1.25,0,0,0,0,41.83,-100.1,41.83,-100.1,0,0,0,0,0,9,0,0,0
667872,2022,6,6,"2022-06-06","16:38:00",3,"CO",8,0,1.75,0,0,0,0,38.1,-102.62,38.1,-102.62,0,0,0,0,0,99,0,0,0
667873,2022,6,6,"2022-06-06","16:39:00",3,"CO",8,0,1.75,0,0,0,0,38.1,-102.62,38.1,-102.62,0,0,0,0,0,99,0,0,0
667874,2022,6,6,"2022-06-06","16:40:00",3,"CO",8,0,1,0,0,0,0,38.1,-102.62,38.1,-102.62,0,0,0,0,0,99,0,0,0
667875,2022,6,6,"2022-06-06","16:42:00",3,"CO",8,0,1.5,0,0,0,0,38.19,-103.51,38.19,-103.51,0,0,0,0,0,25,0,0,0
667876,2022,6,6,"2022-06-06","16:45:00",3,"SD",46,0,1,0,0,0,0,43.78,-102.6502,43.78,-102.6502,0,0,0,0,0,103,0,0,0
667877,2022,6,6,"2022-06-06","17:03:00",3,"CO",8,0,1.75,0,0,0,0,38.24,-103.61,38.24,-103.61,0,0,0,0,0,25,0,0,0
667878,2022,6,6,"2022-06-06","17:05:00",3,"SD",46,0,1,0,0,0,0,43.1,-102.38,43.1,-102.38,0,0,0,0,0,102,0,0,0
667879,2022,6,6,"2022-06-06","17:20:00",3,"NE",31,0,1,0,0,0,0,42.81,-102.32,42.81,-102.32,0,0,0,0,0,161,0,0,0
667880,2022,6,6,"2022-06-06","17:37:00",3,"NE",31,0,1,0,0,0,0,41.24,-99.71,41.24,-99.71,0,0,0,0,0,41,0,0,0
667881,2022,6,6,"2022-06-06","17:40:00",3,"NE",31,0,1,0,0,0,0,42.72,-102.2,42.72,-102.2,0,0,0,0,0,161,0,0,0
667882,2022,6,6,"2022-06-06","17:43:00",3,"CO",8,0,1,0,0,0,0,39.22,-103.6,39.22,-103.6,0,0,0,0,0,73,0,0,0
667883,2022,6,6,"2022-06-06","17:55:00",3,"NE",31,0,1.75,0,0,0,0,42.52,-101.98,42.52,-101.98,0,0,0,0,0,31,0,0,0
667884,2022,6,6,"2022-06-06","18:12:00",3,"NE",31,0,1,0,0,0,0,40.9498,-99.5074,40.9498,-99.5074,0,0,0,0,0,47,0,0,0
667885,2022,6,6,"2022-06-06","18:25:00",3,"NE",31,0,1.75,0,0,0,0,40.55,-101.68,40.55,-101.68,0,0,0,0,0,29,0,0,0
667886,2022,6,6,"2022-06-06","18:30:00",3,"CO",8,0,1.75,0,0,0,0,38.99,-104.33,38.99,-104.33,0,0,0,0,0,41,0,0,0
667887,2022,6,6,"2022-06-06","18:30:00",3,"CO",8,0,1.25,0,0,0,0,39.03,-104.48,39.03,-104.48,0,0,0,0,0,41,0,0,0
667888,2022,6,6,"2022-06-06","18:34:00",3,"CO",8,0,1,0,0,0,0,38.95,-104.31,38.95,-104.31,0,0,0,0,0,41,0,0,0
667889,2022,6,6,"2022-06-06","18:45:00",3,"NE",31,0,1,0,0,0,0,40.7,-99.25,40.7,-99.25,0,0,0,0,0,19,0,0,0
667890,2022,6,6,"2022-06-06","18:48:00",3,"CO",8,0,0.88,0,0,0,0,39.2,-103.83,39.2,-103.83,0,0,0,0,0,39,0,0,0
667891,2022,6,6,"2022-06-06","18:56:00",3,"KS",20,0,1,0,0,0,0,39.13,-94.83,39.13,-94.83,0,0,0,0,0,209,0,0,0
667892,2022,6,6,"2022-06-06","19:10:00",3,"NE",31,0,1,0,0,0,0,40.48,-99.13,40.48,-99.13,0,0,0,0,0,99,0,0,0
667893,2022,6,6,"2022-06-06","19:10:00",3,"NE",31,0,1.5,0,0,0,0,42.04,-101.24,42.04,-101.24,0,0,0,0,0,91,0,0,0
667894,2022,6,6,"2022-06-06","19:10:00",3,"NE",31,0,1,0,0,0,0,42.03,-101.12,42.03,-101.12,0,0,0,0,0,91,0,0,0
667895,2022,6,6,"2022-06-06","19:15:00",3,"KS",20,0,1,0,0,0,0,37.85,-99.76,37.85,-99.76,0,0,0,0,0,57,0,0,0
667896,2022,6,6,"2022-06-06","19:19:00",3,"TN",47,0,0.88,0,0,0,0,36.06,-88.1,36.06,-88.1,0,0,0,0,0,5,0,0,0
667897,2022,6,6,"2022-06-06","19:20:00",3,"TN",47,0,1.5,0,0,0,0,36.03,-88.07,36.03,-88.07,0,0,0,0,0,5,0,0,0
667898,2022,6,6,"2022-06-06","19:20:00",3,"TN",47,0,1,0,0,0,0,36.0353,-88.079,36.0353,-88.079,0,0,0,0,0,5,0,0,0
667899,2022,6,6,"2022-06-06","19:30:00",3,"CO",8,0,1,0,0,0,0,38.75,-103.79,38.75,-103.79,0,0,0,0,0,73,0,0,0
667900,2022,6,6,"2022-06-06","19:34:00",3,"KS",20,0,1.5,0,0,0,0,37.85,-99.74,37.85,-99.74,0,0,0,0,0,57,0,0,0
667901,2022,6,6,"2022-06-06","19:35:00",3,"NE",31,0,1.75,0,0,0,0,42.04,-101.26,42.04,-101.26,0,0,0,0,0,91,0,0,0
667902,2022,6,6,"2022-06-06","19:40:00",3,"KS",20,0,2.75,0,0,0,0,37.85,-99.76,37.85,-99.76,0,0,0,0,0,57,0,0,0
667903,2022,6,6,"2022-06-06","19:46:00",3,"KS",20,0,1.75,0,0,0,0,37.84,-99.66,37.84,-99.66,0,0,0,0,0,57,0,0,0
667904,2022,6,6,"2022-06-06","19:48:00",3,"TX",48,0,1.75,0,0,0,0,36.12,-102.44,36.12,-102.44,0,0,0,0,0,111,0,0,0
667905,2022,6,6,"2022-06-06","19:55:00",3,"KS",20,0,4,0,0,0,0,38.13,-99.62,38.13,-99.62,0,0,0,0,0,83,0,0,0
667906,2022,6,6,"2022-06-06","19:57:00",3,"CO",8,0,1.75,0,0,0,0,38.75,-104.79,38.75,-104.79,0,0,0,0,0,41,0,0,0
667907,2022,6,6,"2022-06-06","20:00:00",3,"CO",8,0,1,0,0,0,0,38.78,-104.75,38.78,-104.75,0,0,0,0,0,41,0,0,0
667908,2022,6,6,"2022-06-06","20:15:00",3,"KS",20,0,4,0,0,0,0,38.19,-99.53,38.19,-99.53,0,0,0,0,0,145,0,0,0
667909,2022,6,6,"2022-06-06","20:20:00",3,"KS",20,0,1,0,0,0,0,37.33,-101.53,37.33,-101.53,0,0,0,0,0,189,0,0,0
667910,2022,6,6,"2022-06-06","20:30:00",3,"TX",48,0,1.5,0,0,0,0,35.87,-102.16,35.87,-102.16,0,0,0,0,0,341,0,0,0
667911,2022,6,6,"2022-06-06","20:43:00",3,"TX",48,0,1.5,0,0,0,0,35.76,-102.06,35.76,-102.06,0,0,0,0,0,341,0,0,0
667912,2022,6,6,"2022-06-06","20:51:00",3,"NE",31,0,1.5,0,0,0,0,41.25,-100.06,41.25,-100.06,0,0,0,0,0,41,0,0,0
667913,2022,6,6,"2022-06-06","21:08:00",3,"NE",31,0,1.5,0,0,0,0,41.14,-99.97,41.14,-99.97,0,0,0,0,0,41,0,0,0
667914,2022,6,6,"2022-06-06","21:35:00",3,"NE",31,0,1,0,0,0,0,41.01,-99.62,41.01,-99.62,0,0,0,0,0,47,0,0,0
667915,2022,6,6,"2022-06-06","21:52:00",3,"NE",31,0,1.75,0,0,25000,250000,40.9,-99.39,40.9,-99.39,0,0,0,0,0,19,0,0,0
667916,2022,6,7,"2022-06-07","00:49:00",3,"OK",40,0,0.88,0,0,0,0,36.67,-100.58,36.67,-100.58,0,0,0,0,0,7,0,0,0
667917,2022,6,7,"2022-06-07","06:12:00",3,"OK",40,0,1.25,0,0,0,0,34.8,-97.03,34.8,-97.03,0,0,0,0,0,49,0,0,0
667918,2022,6,7,"2022-06-07","06:16:00",3,"OK",40,0,1.75,0,0,0,0,34.78,-96.95,34.78,-96.95,0,0,0,0,0,49,0,0,0
667919,2022,6,7,"2022-06-07","07:44:00",3,"OK",40,0,0.75,0,0,0,0,34.3,-95.7,34.3,-95.7,0,0,0,0,0,127,0,0,0
667920,2022,6,7,"2022-06-07","09:46:00",3,"KS",20,0,1,0,0,0,0,37.27,-101.78,37.27,-101.78,0,0,0,0,0,129,0,0,0
667921,2022,6,7,"2022-06-07","12:30:00",3,"SD",46,0,1.25,0,0,0,0,44.2434,-103.3977,44.2434,-103.3977,0,0,0,0,0,93,0,0,0
667922,2022,6,7,"2022-06-07","12:34:00",3,"SD",46,0,0.88,0,0,0,0,44.23,-103.39,44.23,-103.39,0,0,0,0,0,93,0,0,0
667923,2022,6,7,"2022-06-07","13:05:00",3,"SD",46,0,1,0,0,0,0,44.4432,-103.3977,44.4432,-103.3977,0,0,0,0,0,93,0,0,0
667924,2022,6,7,"2022-06-07","13:25:00",3,"CO",8,0,1.5,0,0,0,0,38.97,-104.61,38.97,-104.61,0,0,0,0,0,41,0,0,0
667925,2022,6,7,"2022-06-07","13:45:00",3,"CO",8,0,1.5,0,0,0,0,38.97,-104.61,38.97,-104.61,0,0,0,0,0,41,0,0,0
667926,2022,6,7,"2022-06-07","13:45:00",3,"CO",8,0,1,0,0,0,0,38.97,-104.6,38.97,-104.6,0,0,0,0,0,41,0,0,0
667927,2022,6,7,"2022-06-07","13:55:00",3,"CO",8,0,2,0,0,0,0,38.97,-104.54,38.97,-104.54,0,0,0,0,0,41,0,0,0
667928,2022,6,7,"2022-06-07","13:57:00",3,"NE",31,0,1.25,0,0,0,0,41.83,-103.67,41.83,-103.67,0,0,0,0,0,157,0,0,0
667929,2022,6,7,"2022-06-07","13:58:00",3,"CO",8,0,1.5,0,0,0,0,38.95,-104.58,38.95,-104.58,0,0,0,0,0,41,0,0,0
667930,2022,6,7,"2022-06-07","14:00:00",3,"NE",31,0,1.5,0,0,0,0,41.81,-103.69,41.81,-103.69,0,0,0,0,0,157,0,0,0
667931,2022,6,7,"2022-06-07","14:00:00",3,"SD",46,0,1.75,0,0,0,0,43.9934,-103.4877,43.9934,-103.4877,0,0,0,0,0,103,0,0,0
667932,2022,6,7,"2022-06-07","14:01:00",3,"SD",46,0,1,0,0,0,0,44.08,-103.2502,44.08,-103.2502,0,0,0,0,0,103,0,0,0
667933,2022,6,7,"2022-06-07","14:22:00",3,"CO",8,0,1,0,0,0,0,37.19,-104.5,37.19,-104.5,0,0,0,0,0,71,0,0,0
667934,2022,6,7,"2022-06-07","14:25:00",3,"CO",8,0,0.88,0,0,0,0,37.18,-104.51,37.18,-104.51,0,0,0,0,0,71,0,0,0
667935,2022,6,7,"2022-06-07","14:29:00",3,"CO",8,0,2,0,0,0,0,38.9,-104.39,38.9,-104.39,0,0,0,0,0,41,0,0,0
667936,2022,6,7,"2022-06-07","14:35:00",3,"NE",31,0,1,0,0,0,0,41.7,-103.35,41.7,-103.35,0,0,0,0,0,123,0,0,0
667937,2022,6,7,"2022-06-07","14:40:00",3,"NE",31,0,1,0,0,0,0,42.32,-101.93,42.32,-101.93,0,0,0,0,0,31,0,0,0
667938,2022,6,7,"2022-06-07","14:54:00",3,"NE",31,0,1,0,0,0,0,41.6,-103,41.6,-103,0,0,0,0,0,123,0,0,0
667939,2022,6,7,"2022-06-07","15:10:00",3,"CO",8,0,1.25,0,0,0,0,39.71,-104.22,39.71,-104.22,0,0,0,0,0,5,0,0,0
667940,2022,6,7,"2022-06-07","15:15:00",3,"CO",8,0,1,0,0,0,0,39.66,-104.04,39.66,-104.04,0,0,0,0,0,5,0,0,0
667941,2022,6,7,"2022-06-07","15:16:00",3,"MO",29,0,1,0,0,0,0,38.2514,-94.338,38.2514,-94.338,0,0,0,0,0,13,0,0,0
667942,2022,6,7,"2022-06-07","15:29:00",3,"CO",8,0,1,0,0,0,0,38.75,-103.79,38.75,-103.79,0,0,0,0,0,73,0,0,0
667943,2022,6,7,"2022-06-07","15:30:00",3,"CO",8,0,1,0,0,0,0,39.79,-103.52,39.79,-103.52,0,0,0,0,0,121,0,0,0
667944,2022,6,7,"2022-06-07","15:35:00",3,"CO",8,0,1.75,0,0,0,0,38.76,-103.8,38.76,-103.8,0,0,0,0,0,73,0,0,0
667945,2022,6,7,"2022-06-07","15:35:00",3,"CO",8,0,1.25,0,0,0,0,38.04,-104.8,38.04,-104.8,0,0,0,0,0,101,0,0,0
667946,2022,6,7,"2022-06-07","15:42:00",3,"AL",1,0,1.5,0,0,0,0,33.97,-85.9,33.97,-85.9,0,0,0,0,0,55,0,0,0
667947,2022,6,7,"2022-06-07","15:42:00",3,"CO",8,0,1,0,0,0,0,38.97,-104.6,38.97,-104.6,0,0,0,0,0,41,0,0,0
667948,2022,6,7,"2022-06-07","15:46:00",3,"NE",31,0,1,0,0,0,0,42.09,-101.11,42.09,-101.11,0,0,0,0,0,31,0,0,0
667949,2022,6,7,"2022-06-07","15:46:00",3,"NE",31,0,1.75,0,0,0,0,42.04,-101.14,42.04,-101.14,0,0,0,0,0,91,0,0,0
667950,2022,6,7,"2022-06-07","15:50:00",3,"NE",31,0,1,0,0,0,0,41.26,-103.26,41.26,-103.26,0,0,0,0,0,33,0,0,0
667951,2022,6,7,"2022-06-07","15:50:00",3,"CO",8,0,1.75,0,0,0,0,37.99,-104.66,37.99,-104.66,0,0,0,0,0,101,0,0,0
667952,2022,6,7,"2022-06-07","15:59:00",3,"NE",31,0,1,0,0,0,0,41.2,-103.19,41.2,-103.19,0,0,0,0,0,33,0,0,0
667953,2022,6,7,"2022-06-07","15:59:00",3,"AL",1,0,0.88,0,0,0,0,34.65,-86.55,34.65,-86.55,0,0,0,0,0,89,0,0,0
667954,2022,6,7,"2022-06-07","16:00:00",3,"NE",31,0,1,0,0,0,0,41.19,-103.13,41.19,-103.13,0,0,0,0,0,33,0,0,0
667955,2022,6,7,"2022-06-07","16:02:00",3,"AL",1,0,1.25,0,0,0,0,34.66,-86.48,34.66,-86.48,0,0,0,0,0,89,0,0,0
667956,2022,6,7,"2022-06-07","16:05:00",3,"AL",1,0,1.5,0,0,0,0,34.6606,-86.4631,34.6606,-86.4631,0,0,0,0,0,89,0,0,0
667957,2022,6,7,"2022-06-07","16:06:00",3,"AL",1,0,1,0,0,0,0,34.66,-86.48,34.66,-86.48,0,0,0,0,0,89,0,0,0
667958,2022,6,7,"2022-06-07","16:10:00",3,"NE",31,0,0.75,0,0,0,0,41.13,-102.97,41.13,-102.97,0,0,0,0,0,33,0,0,0
667959,2022,6,7,"2022-06-07","16:15:00",3,"NE",31,0,1,0,0,0,0,42.1,-102.87,42.1,-102.87,0,0,0,0,0,13,0,0,0
667960,2022,6,7,"2022-06-07","16:19:00",3,"CO",8,0,1,0,0,0,0,39.99,-103.17,39.99,-103.17,0,0,0,0,0,121,0,0,0
667961,2022,6,7,"2022-06-07","16:20:00",3,"CO",8,0,1.75,0,0,0,0,38.05,-103.43,38.05,-103.43,0,0,0,0,0,89,0,0,0
667962,2022,6,7,"2022-06-07","16:20:00",3,"NM",35,0,0.88,0,0,0,0,36.01,-104.71,36.01,-104.71,0,0,0,0,0,33,0,0,0
667963,2022,6,7,"2022-06-07","16:22:00",3,"NE",31,0,1.25,0,0,0,0,41.11,-102.94,41.11,-102.94,0,0,0,0,0,33,0,0,0
667964,2022,6,7,"2022-06-07","16:24:00",3,"CO",8,0,0.88,0,0,0,0,40.0487,-102.7755,40.0487,-102.7755,0,0,0,0,0,125,0,0,0
667965,2022,6,7,"2022-06-07","16:29:00",3,"TN",47,0,1,0,0,0,0,36.1594,-85.5243,36.1594,-85.5243,0,0,0,0,0,141,0,0,0
667966,2022,6,7,"2022-06-07","16:31:00",3,"CO",8,0,1,0,0,0,0,40.0891,-102.6618,40.0891,-102.6618,0,0,0,0,0,125,0,0,0
667967,2022,6,7,"2022-06-07","16:35:00",3,"TN",47,0,1.5,0,0,0,0,36.1629,-85.5129,36.1629,-85.5129,0,0,0,0,0,141,0,0,0
667968,2022,6,7,"2022-06-07","16:40:00",3,"TN",47,0,1,0,0,0,0,36.17,-85.5,36.17,-85.5,0,0,0,0,0,141,0,0,0
667969,2022,6,7,"2022-06-07","16:40:00",3,"CO",8,0,0.75,0,0,0,0,40.1092,-102.4917,40.1092,-102.4917,0,0,0,0,0,125,0,0,0
667970,2022,6,7,"2022-06-07","16:41:00",3,"CO",8,0,1,0,0,0,0,38.07,-103.23,38.07,-103.23,0,0,0,0,0,11,0,0,0
667971,2022,6,7,"2022-06-07","16:44:00",3,"NE",31,0,1.5,0,0,0,0,41.78,-100.57,41.78,-100.57,0,0,0,0,0,171,0,0,0
667972,2022,6,7,"2022-06-07","17:10:00",3,"NE",31,0,1.5,0,0,0,0,41.62,-100.32,41.62,-100.32,0,0,0,0,0,113,0,0,0
667973,2022,6,7,"2022-06-07","17:15:00",3,"CO",8,0,1,0,0,0,0,39.5438,-102.723,39.5438,-102.723,0,0,0,0,0,63,0,0,0
667974,2022,6,7,"2022-06-07","17:17:00",3,"CO",8,0,2.5,0,0,0,0,40.89,-102.23,40.89,-102.23,0,0,0,0,0,115,0,0,0
667975,2022,6,7,"2022-06-07","17:20:00",3,"CO",8,0,1.25,0,0,0,0,39.4893,-102.6662,39.4893,-102.6662,0,0,0,0,0,63,0,0,0
667976,2022,6,7,"2022-06-07","17:27:00",3,"CO",8,0,1,0,0,0,0,39.4843,-102.5945,39.4843,-102.5945,0,0,0,0,0,63,0,0,0
667977,2022,6,7,"2022-06-07","17:29:00",3,"CO",8,0,1,0,0,0,0,40.87,-102.53,40.87,-102.53,0,0,0,0,0,115,0,0,0
667978,2022,6,7,"2022-06-07","17:36:00",3,"CO",8,0,1,0,0,0,0,40.84,-102.5,40.84,-102.5,0,0,0,0,0,115,0,0,0
667979,2022,6,7,"2022-06-07","17:40:00",3,"NE",31,0,1,0,0,0,0,40.76,-102.04,40.76,-102.04,0,0,0,0,0,135,0,0,0
667980,2022,6,7,"2022-06-07","17:40:00",3,"CO",8,0,1.25,0,0,0,0,38.54,-103.7,38.54,-103.7,0,0,0,0,0,73,0,0,0
667981,2022,6,7,"2022-06-07","17:46:00",3,"CO",8,0,2,0,0,500,0,39.3036,-102.4269,39.3036,-102.4269,0,0,0,0,0,63,0,0,0
667982,2022,6,7,"2022-06-07","17:50:00",3,"CO",8,0,1,0,0,0,0,39.3866,-102.3726,39.3866,-102.3726,0,0,0,0,0,63,0,0,0
667983,2022,6,7,"2022-06-07","17:53:00",3,"NE",31,0,2.5,0,0,0,0,40.64,-101.89,40.64,-101.89,0,0,0,0,0,29,0,0,0
667984,2022,6,7,"2022-06-07","17:55:00",3,"NE",31,0,1,0,0,0,0,40.68,-101.85,40.68,-101.85,0,0,0,0,0,29,0,0,0
667985,2022,6,7,"2022-06-07","17:57:00",3,"CO",8,0,1.75,0,0,1000,0,39.2942,-102.3505,39.2942,-102.3505,0,0,0,0,0,63,0,0,0
667986,2022,6,7,"2022-06-07","18:00:00",3,"NE",31,0,1.5,0,0,0,0,41.41,-99.76,41.41,-99.76,0,0,0,0,0,41,0,0,0
667987,2022,6,7,"2022-06-07","18:00:00",3,"CO",8,0,1.75,0,0,0,0,40.68,-102.18,40.68,-102.18,0,0,0,0,0,95,0,0,0
667988,2022,6,7,"2022-06-07","18:00:00",3,"CO",8,0,1.5,0,0,0,0,39.3,-102.28,39.3,-102.28,0,0,0,0,0,63,0,0,0
667989,2022,6,7,"2022-06-07","18:05:00",3,"CO",8,0,2,0,0,0,0,39.2465,-102.2799,39.2465,-102.2799,0,0,0,0,0,63,0,0,0
667990,2022,6,7,"2022-06-07","18:15:00",3,"IA",19,0,1.25,0,0,0,0,41.23,-94.53,41.23,-94.53,0,0,0,0,0,1,0,0,0
667991,2022,6,7,"2022-06-07","18:17:00",3,"NE",31,0,1.5,0,0,0,0,40.51,-96.3,40.51,-96.3,0,0,0,0,0,97,0,0,0
667992,2022,6,7,"2022-06-07","18:20:00",3,"CO",8,0,2,0,0,3000,0,39.2158,-102.1466,39.2158,-102.1466,0,0,0,0,0,63,0,0,0
667993,2022,6,7,"2022-06-07","18:23:00",3,"CO",8,0,1,0,0,0,0,38.12,-102.73,38.12,-102.73,0,0,0,0,0,99,0,0,0
667994,2022,6,7,"2022-06-07","18:24:00",3,"NE",31,0,1,0,0,0,0,40.55,-101.64,40.55,-101.64,0,0,0,0,0,29,0,0,0
667995,2022,6,7,"2022-06-07","18:25:00",3,"NE",31,0,2,0,0,0,0,40.52,-101.64,40.52,-101.64,0,0,0,0,0,29,0,0,0
667996,2022,6,7,"2022-06-07","18:25:00",3,"KS",20,0,1.75,0,0,0,0,39.121,-102.0149,39.121,-102.0149,0,0,0,0,0,199,0,0,0
667997,2022,6,7,"2022-06-07","18:28:00",3,"CO",8,0,1,0,0,0,0,38.11,-102.84,38.11,-102.84,0,0,0,0,0,11,0,0,0
667998,2022,6,7,"2022-06-07","18:29:00",3,"IA",19,0,1,0,0,0,0,41.29,-94.56,41.29,-94.56,0,0,0,0,0,1,0,0,0
667999,2022,6,7,"2022-06-07","18:29:00",3,"NE",31,0,1.75,0,0,0,0,41.29,-99.38,41.29,-99.38,0,0,0,0,0,41,0,0,0
668000,2022,6,7,"2022-06-07","18:30:00",3,"KS",20,0,0.75,0,0,0,0,39.1636,-101.9721,39.1636,-101.9721,0,0,0,0,0,181,0,0,0
668001,2022,6,7,"2022-06-07","18:30:00",3,"WY",56,0,0.88,0,0,0,0,44.7767,-108.7656,44.775,-108.7107,0,0,0,0,0,29,0,0,0
668002,2022,6,7,"2022-06-07","18:30:00",3,"NM",35,0,1,0,0,0,0,35.78,-103.96,35.78,-103.96,0,0,0,0,0,21,0,0,0
668003,2022,6,7,"2022-06-07","18:30:00",3,"NM",35,0,1,0,0,0,0,35.76,-103.96,35.76,-103.96,0,0,0,0,0,47,0,0,0
668004,2022,6,7,"2022-06-07","18:30:00",3,"KS",20,0,0.88,0,0,0,0,39.1834,-101.9695,39.1834,-101.9695,0,0,0,0,0,181,0,0,0
668005,2022,6,7,"2022-06-07","18:34:00",3,"NE",31,0,1.75,0,0,0,0,40.47,-96.16,40.47,-96.16,0,0,0,0,0,97,0,0,0
668006,2022,6,7,"2022-06-07","18:35:00",3,"NE",31,0,1,0,0,0,0,40.51,-96.16,40.51,-96.16,0,0,0,0,0,97,0,0,0
668007,2022,6,7,"2022-06-07","18:35:00",3,"NE",31,0,1.75,0,0,2e+05,2e+06,41.5079,-97.73,41.4767,-97.7152,0,0,0,0,0,125,0,0,0
668008,2022,6,7,"2022-06-07","18:39:00",3,"NE",31,0,1.5,0,0,2e+05,2e+06,41.4334,-97.7835,41.4334,-97.7835,0,0,0,0,0,125,0,0,0
668009,2022,6,7,"2022-06-07","18:39:00",3,"NE",31,0,3.5,0,0,2e+06,8e+06,41.18,-99.2,41.1057,-99.0115,0,0,0,0,0,163,0,0,0
668010,2022,6,7,"2022-06-07","18:42:00",3,"IA",19,0,0.88,0,0,0,0,41.2,-94.42,41.2,-94.42,0,0,0,0,0,1,0,0,0
668011,2022,6,7,"2022-06-07","18:45:00",3,"NE",31,0,2.5,0,0,1e+06,5e+06,41.05,-99.08,41.05,-99.08,0,0,0,0,0,163,0,0,0
668012,2022,6,7,"2022-06-07","18:45:00",3,"NE",31,0,1,0,0,0,0,41.43,-97.61,41.43,-97.61,0,0,0,0,0,141,0,0,0
668013,2022,6,7,"2022-06-07","18:45:00",3,"CO",8,0,2.75,0,0,0,0,38.2,-103.33,38.2,-103.33,0,0,0,0,0,11,0,0,0
668014,2022,6,7,"2022-06-07","18:46:00",3,"KS",20,0,1,0,0,0,0,39.1357,-101.8751,39.1357,-101.8751,0,0,0,0,0,181,0,0,0
668015,2022,6,7,"2022-06-07","18:48:00",3,"IA",19,0,1,0,0,0,0,41.2,-94.48,41.2,-94.48,0,0,0,0,0,1,0,0,0
668016,2022,6,7,"2022-06-07","18:51:00",3,"CO",8,0,1.75,0,0,0,0,38.1,-103.16,38.1,-103.16,0,0,0,0,0,11,0,0,0
668017,2022,6,7,"2022-06-07","18:53:00",3,"NE",31,0,1.5,0,0,0,0,41.39,-97.49,41.39,-97.49,0,0,0,0,0,141,0,0,0
668018,2022,6,7,"2022-06-07","18:55:00",3,"NE",31,0,1,0,0,0,0,40.2781,-101.1246,40.2781,-101.1246,0,0,0,0,0,87,0,0,0
668019,2022,6,7,"2022-06-07","18:56:00",3,"NE",31,0,1.75,0,0,0,0,40.2277,-101.1834,40.2277,-101.1834,0,0,0,0,0,87,0,0,0
668020,2022,6,7,"2022-06-07","18:56:00",3,"NE",31,0,1.75,0,0,0,0,40.1652,-101.1912,40.1652,-101.1912,0,0,0,0,0,87,0,0,0
668021,2022,6,7,"2022-06-07","18:56:00",3,"NE",31,0,1,0,0,0,0,41.24,-96.19,41.24,-96.19,0,0,0,0,0,55,0,0,0
668022,2022,6,7,"2022-06-07","18:56:00",3,"NM",35,0,1,0,0,0,0,35.95,-104.2,35.95,-104.2,0,0,0,0,0,21,0,0,0
668023,2022,6,7,"2022-06-07","19:00:00",3,"NE",31,0,2.13,0,0,0,0,40.2473,-101.5322,40.2473,-101.5322,0,0,0,0,0,57,0,0,0
668024,2022,6,7,"2022-06-07","19:00:00",3,"NE",31,0,2,0,0,250000,4e+06,41.002,-99.0249,40.98,-98.97,0,0,0,0,0,19,0,0,0
668025,2022,6,7,"2022-06-07","19:00:00",3,"NE",31,0,4,0,0,4e+06,2e+06,41.0402,-98.9436,41.0283,-98.9128,0,0,0,0,0,19,0,0,0
668026,2022,6,7,"2022-06-07","19:01:00",3,"CO",8,0,1,0,0,0,0,37.99,-102.61,37.99,-102.61,0,0,0,0,0,99,0,0,0
668027,2022,6,7,"2022-06-07","19:03:00",3,"NM",35,0,2.75,0,0,50000,0,35.57,-103.88,35.57,-103.88,0,0,0,0,0,47,0,0,0
668028,2022,6,7,"2022-06-07","19:04:00",3,"NE",31,0,2,0,0,0,0,41.22,-96.03,41.22,-96.03,0,0,0,0,0,55,0,0,0
668029,2022,6,7,"2022-06-07","19:05:00",3,"NE",31,0,2,0,0,0,0,41.37,-97.37,41.37,-97.37,0,0,0,0,0,23,0,0,0
668030,2022,6,7,"2022-06-07","19:05:00",3,"NE",31,0,1.5,0,0,0,0,41.23,-96.02,41.23,-96.02,0,0,0,0,0,55,0,0,0
668031,2022,6,7,"2022-06-07","19:05:00",3,"CO",8,0,1.75,0,0,0,0,38.1,-103.16,38.1,-103.16,0,0,0,0,0,11,0,0,0
668032,2022,6,7,"2022-06-07","19:07:00",3,"IA",19,0,0.88,0,0,0,0,41.01,-94.2,41.01,-94.2,0,0,0,0,0,175,0,0,0
668033,2022,6,7,"2022-06-07","19:07:00",3,"NE",31,0,1.75,0,0,5e+05,5e+06,40.9369,-97.9634,40.887,-97.8778,0,0,0,0,0,81,0,0,0
668034,2022,6,7,"2022-06-07","19:08:00",3,"KS",20,0,2,0,0,0,0,38.9007,-101.7577,38.9007,-101.7577,0,0,0,0,0,199,0,0,0
668035,2022,6,7,"2022-06-07","19:08:00",3,"NE",31,0,0.75,0,0,0,0,40.1818,-100.937,40.1818,-100.937,0,0,0,0,0,87,0,0,0
668036,2022,6,7,"2022-06-07","19:09:00",3,"NE",31,0,1.75,0,0,0,0,40.174,-101.0617,40.174,-101.0617,0,0,0,0,0,87,0,0,0
668037,2022,6,7,"2022-06-07","19:10:00",3,"KS",20,0,2,0,0,0,0,38.9,-101.7495,38.9,-101.7495,0,0,0,0,0,199,0,0,0
668038,2022,6,7,"2022-06-07","19:11:00",3,"NE",31,0,2,0,0,0,0,40.1911,-100.9023,40.1911,-100.9023,0,0,0,0,0,87,0,0,0
668039,2022,6,7,"2022-06-07","19:12:00",3,"NE",31,0,1.5,0,0,0,0,40.92,-96.52,40.92,-96.52,0,0,0,0,0,109,0,0,0
668040,2022,6,7,"2022-06-07","19:13:00",3,"NE",31,0,1.25,0,0,0,0,40.39,-95.84,40.39,-95.84,0,0,0,0,0,127,0,0,0
668041,2022,6,7,"2022-06-07","19:15:00",3,"IA",19,0,1,0,0,0,0,41.26,-95.85,41.26,-95.85,0,0,0,0,0,155,0,0,0
668042,2022,6,7,"2022-06-07","19:18:00",3,"NE",31,0,1.75,0,0,2e+05,2e+06,40.94,-98.69,40.94,-98.69,0,0,0,0,0,79,0,0,0
668043,2022,6,7,"2022-06-07","19:20:00",3,"NE",31,0,2.5,0,0,0,0,40.23,-100.84,40.23,-100.84,0,0,0,0,0,87,0,0,0
668044,2022,6,7,"2022-06-07","19:23:00",3,"NE",31,0,1.75,0,0,0,0,41.18,-97.16,41.18,-97.16,0,0,0,0,0,23,0,0,0
668045,2022,6,7,"2022-06-07","19:24:00",3,"NE",31,0,1,0,0,0,0,40.37,-95.75,40.37,-95.75,0,0,0,0,0,127,0,0,0
668046,2022,6,7,"2022-06-07","19:24:00",3,"IA",19,0,1.5,0,0,0,0,41.21,-95.8,41.21,-95.8,0,0,0,0,0,155,0,0,0
668047,2022,6,7,"2022-06-07","19:30:00",3,"KS",20,0,1.75,0,0,0,0,39.9101,-100.7823,39.9101,-100.7823,0,0,0,0,0,153,0,0,0
668048,2022,6,7,"2022-06-07","19:30:00",3,"NE",31,0,2,0,0,1e+06,3e+06,40.82,-98.6,40.82,-98.6,0,0,0,0,0,79,0,0,0
668049,2022,6,7,"2022-06-07","19:34:00",3,"NE",31,0,2,0,0,1e+05,2e+06,40.78,-98.73,40.78,-98.73,0,0,0,0,0,19,0,0,0
668050,2022,6,7,"2022-06-07","19:35:00",3,"KS",20,0,1.25,0,0,0,0,39.9799,-100.5597,39.9799,-100.5597,0,0,0,0,0,39,0,0,0
668051,2022,6,7,"2022-06-07","19:35:00",3,"NE",31,0,2,0,0,4e+05,4e+06,40.7436,-97.5975,40.7436,-97.5975,0,0,0,0,0,185,0,0,0
668052,2022,6,7,"2022-06-07","19:38:00",3,"NE",31,0,1.25,0,0,0,0,40.8555,-97.58,40.8555,-97.58,0,0,0,0,0,185,0,0,0
668053,2022,6,7,"2022-06-07","19:38:00",3,"NE",31,0,1.75,0,0,0,0,41.09,-96.83,41.09,-96.83,0,0,0,0,0,155,0,0,0
668054,2022,6,7,"2022-06-07","19:42:00",3,"NE",31,0,1,0,0,0,0,40.7709,-98.3634,40.7709,-98.3634,0,0,0,0,0,79,0,0,0
668055,2022,6,7,"2022-06-07","19:42:00",3,"NE",31,0,1,0,0,0,0,41.08,-96.74,41.08,-96.74,0,0,0,0,0,155,0,0,0
668056,2022,6,7,"2022-06-07","19:45:00",3,"NE",31,0,1,0,0,0,0,40.7909,-97.526,40.7909,-97.526,0,0,0,0,0,185,0,0,0
668057,2022,6,7,"2022-06-07","19:45:00",3,"NE",31,0,1.75,0,0,750000,3e+06,40.6475,-98.3836,40.6209,-98.4661,0,0,0,0,0,1,0,0,0
668058,2022,6,7,"2022-06-07","19:48:00",3,"KS",20,0,1.75,0,0,0,0,39.8921,-100.535,39.8921,-100.535,0,0,0,0,0,39,0,0,0
668059,2022,6,7,"2022-06-07","19:50:00",3,"KS",20,0,1,0,0,0,0,39.81,-101.04,39.81,-101.04,0,0,0,0,0,153,0,0,0
668060,2022,6,7,"2022-06-07","19:50:00",3,"KS",20,0,2.75,0,0,0,0,39.8231,-100.5295,39.8231,-100.5295,0,0,0,0,0,39,0,0,0
668061,2022,6,7,"2022-06-07","19:50:00",3,"NE",31,0,2.5,0,0,1.2e+07,0,40.58,-98.38,40.58,-98.38,0,0,0,0,0,1,0,0,0
668062,2022,6,7,"2022-06-07","19:52:00",3,"NE",31,0,1.75,0,0,0,0,41.05,-96.68,41.05,-96.68,0,0,0,0,0,155,0,0,0
668063,2022,6,7,"2022-06-07","19:55:00",3,"KS",20,0,1.25,0,0,0,0,39.8196,-100.5088,39.8196,-100.5088,0,0,0,0,0,39,0,0,0
668064,2022,6,7,"2022-06-07","19:55:00",3,"NE",31,0,1,0,0,0,0,40.365,-99.1674,40.36,-99.15,0,0,0,0,0,99,0,0,0
668065,2022,6,7,"2022-06-07","19:56:00",3,"NE",31,0,2.5,0,0,0,0,40.99,-96.67,40.99,-96.67,0,0,0,0,0,109,0,0,0
668066,2022,6,7,"2022-06-07","19:59:00",3,"NE",31,0,1.25,0,0,0,0,41.05,-96.58,41.05,-96.58,0,0,0,0,0,155,0,0,0
668067,2022,6,7,"2022-06-07","20:00:00",3,"NE",31,0,1,0,0,0,0,41.28,-96.24,41.28,-96.24,0,0,0,0,0,55,0,0,0
668068,2022,6,7,"2022-06-07","20:00:00",3,"NE",31,0,1.75,0,0,1e+05,1e+06,40.59,-98.26,40.59,-98.26,0,0,0,0,0,35,0,0,0
668069,2022,6,7,"2022-06-07","20:00:00",3,"CO",8,0,1.5,0,0,0,0,37.69,-102.25,37.69,-102.25,0,0,0,0,0,99,0,0,0
668070,2022,6,7,"2022-06-07","20:00:00",3,"NE",31,0,1,0,0,0,0,41.24,-96.26,41.24,-96.26,0,0,0,0,0,55,0,0,0
668071,2022,6,7,"2022-06-07","20:00:00",3,"NE",31,0,1,0,0,0,0,40.52,-98.25,40.52,-98.25,0,0,0,0,0,35,0,0,0
668072,2022,6,7,"2022-06-07","20:00:00",3,"NM",35,0,1,0,0,0,0,35.36,-103.47,35.36,-103.47,0,0,0,0,0,37,0,0,0
668073,2022,6,7,"2022-06-07","20:05:00",3,"CO",8,0,1.25,0,0,0,0,40.16,-103.22,40.16,-103.22,0,0,0,0,0,121,0,0,0
668074,2022,6,7,"2022-06-07","20:05:00",3,"CO",8,0,1.5,0,0,0,0,40.14,-103.18,40.14,-103.18,0,0,0,0,0,121,0,0,0
668075,2022,6,7,"2022-06-07","20:07:00",3,"IA",19,0,1,0,0,0,0,40.96,-95.5,40.96,-95.5,0,0,0,0,0,129,0,0,0
668076,2022,6,7,"2022-06-07","20:09:00",3,"CO",8,0,2,0,0,0,0,40.18,-103.19,40.18,-103.19,0,0,0,0,0,121,0,0,0
668077,2022,6,7,"2022-06-07","20:10:00",3,"CO",8,0,2,0,0,0,0,40.16,-103.17,40.16,-103.17,0,0,0,0,0,121,0,0,0
668078,2022,6,7,"2022-06-07","20:10:00",3,"KS",20,0,2.5,0,0,0,0,39.7054,-100.2925,39.7054,-100.2925,0,0,0,0,0,39,0,0,0
668079,2022,6,7,"2022-06-07","20:12:00",3,"NE",31,0,1.5,0,0,0,0,40.92,-96.52,40.92,-96.52,0,0,0,0,0,109,0,0,0
668080,2022,6,7,"2022-06-07","20:12:00",3,"KS",20,0,1.75,0,0,0,0,39.6798,-100.2922,39.6798,-100.2922,0,0,0,0,0,39,0,0,0
668081,2022,6,7,"2022-06-07","20:12:00",3,"NE",31,0,1,0,0,0,0,40.65,-97.29,40.65,-97.29,0,0,0,0,0,151,0,0,0
668082,2022,6,7,"2022-06-07","20:13:00",3,"NE",31,0,2,0,0,0,0,40.53,-97.28,40.53,-97.28,0,0,0,0,0,151,0,0,0
668083,2022,6,7,"2022-06-07","20:15:00",3,"KS",20,0,1,0,0,0,0,39.7381,-100.1747,39.7381,-100.1747,0,0,0,0,0,137,0,0,0
668084,2022,6,7,"2022-06-07","20:15:00",3,"KS",20,0,1,0,0,0,0,39.7404,-100.1548,39.7404,-100.1548,0,0,0,0,0,137,0,0,0
668085,2022,6,7,"2022-06-07","20:18:00",3,"CO",8,0,3.5,0,0,0,0,37.63,-102.13,37.63,-102.13,0,0,0,0,0,9,0,0,0
668086,2022,6,7,"2022-06-07","20:20:00",3,"KS",20,0,0.75,0,0,0,0,39.6341,-100.1303,39.6341,-100.1303,0,0,0,0,0,137,0,0,0
668087,2022,6,7,"2022-06-07","20:21:00",3,"NE",31,0,2.75,0,0,0,0,40.82,-96.43,40.82,-96.43,0,0,0,0,0,25,0,0,0
668088,2022,6,7,"2022-06-07","20:26:00",3,"NE",31,0,1.5,0,0,250000,2500000,40.3905,-97.9969,40.3905,-97.9969,0,0,0,0,0,35,0,0,0
668089,2022,6,7,"2022-06-07","20:36:00",3,"NE",31,0,1,0,0,0,0,40.48,-97.06,40.48,-97.06,0,0,0,0,0,151,0,0,0
668090,2022,6,7,"2022-06-07","20:48:00",3,"KS",20,0,1.5,0,0,0,0,37.5,-101.94,37.5,-101.94,0,0,0,0,0,187,0,0,0
668091,2022,6,7,"2022-06-07","20:54:00",3,"CO",8,0,1,0,0,0,0,38.84,-103.81,38.84,-103.81,0,0,0,0,0,73,0,0,0
668092,2022,6,7,"2022-06-07","21:00:00",3,"KS",20,0,1.5,0,0,0,0,37,-101.9,37,-101.9,0,0,0,0,0,129,0,0,0
668093,2022,6,7,"2022-06-07","21:00:00",3,"OK",40,0,1.75,0,0,0,0,36.69,-101.48,36.69,-101.48,0,0,0,0,0,139,0,0,0
668094,2022,6,7,"2022-06-07","21:00:00",3,"OK",40,0,2.75,0,0,0,0,36.7,-101.48,36.7,-101.48,0,0,0,0,0,139,0,0,0
668095,2022,6,7,"2022-06-07","21:07:00",3,"NE",31,0,1.5,0,0,0,0,40.27,-96.75,40.27,-96.75,0,0,0,0,0,67,0,0,0
668096,2022,6,7,"2022-06-07","21:08:00",3,"CO",8,0,1.75,0,0,0,0,38.72,-103.63,38.72,-103.63,0,0,0,0,0,73,0,0,0
668097,2022,6,7,"2022-06-07","21:10:00",3,"MO",29,0,1,0,0,0,0,40.21,-95.09,40.21,-95.09,0,0,0,0,0,87,0,0,0
668098,2022,6,7,"2022-06-07","21:11:00",3,"NE",31,0,1.75,0,0,0,0,40.28,-96.74,40.28,-96.74,0,0,0,0,0,67,0,0,0
668099,2022,6,7,"2022-06-07","21:12:00",3,"CO",8,0,1.75,0,0,0,0,38.74,-103.54,38.74,-103.54,0,0,0,0,0,73,0,0,0
668100,2022,6,7,"2022-06-07","21:12:00",3,"NE",31,0,1,0,0,0,0,40.27,-96.75,40.27,-96.75,0,0,0,0,0,67,0,0,0
668101,2022,6,7,"2022-06-07","21:15:00",3,"CO",8,0,1,0,0,0,0,38.74,-103.54,38.74,-103.54,0,0,0,0,0,73,0,0,0
668102,2022,6,7,"2022-06-07","21:15:00",3,"IA",19,0,1.75,0,0,0,0,40.69,-94.89,40.69,-94.89,0,0,0,0,0,173,0,0,0
668103,2022,6,7,"2022-06-07","21:16:00",3,"CO",8,0,1.75,0,0,0,0,38.73,-103.55,38.73,-103.55,0,0,0,0,0,73,0,0,0
668104,2022,6,7,"2022-06-07","21:26:00",3,"OK",40,0,1.75,0,0,0,0,36.5,-101.35,36.5,-101.35,0,0,0,0,0,139,0,0,0
668105,2022,6,7,"2022-06-07","21:46:00",3,"KS",20,0,1,0,0,0,0,37.27,-101.78,37.27,-101.78,0,0,0,0,0,129,0,0,0
668106,2022,6,7,"2022-06-07","21:50:00",3,"KS",20,0,0.75,0,0,0,0,39.3495,-101.6998,39.3495,-101.6998,0,0,0,0,0,181,0,0,0
668107,2022,6,7,"2022-06-07","21:58:00",3,"KS",20,0,1.75,0,0,0,0,37.46,-102.04,37.46,-102.04,0,0,0,0,0,187,0,0,0
668108,2022,6,7,"2022-06-07","22:00:00",3,"KS",20,0,0.88,0,0,0,0,39.3107,-101.727,39.3107,-101.727,0,0,0,0,0,181,0,0,0
668109,2022,6,7,"2022-06-07","22:13:00",3,"CO",8,0,1.75,0,0,0,0,38.54,-103.7,38.54,-103.7,0,0,0,0,0,73,0,0,0
668110,2022,6,7,"2022-06-07","22:16:00",3,"TX",48,0,4,0,0,0,0,36.32,-100.91,36.32,-100.91,0,0,0,0,0,357,0,0,0
668111,2022,6,7,"2022-06-07","22:19:00",3,"TX",48,0,1.75,0,0,0,0,36.32,-100.97,36.32,-100.97,0,0,0,0,0,357,0,0,0
668112,2022,6,7,"2022-06-07","22:27:00",3,"MO",29,0,2,0,0,0,0,40.17,-94.61,40.17,-94.61,0,0,0,0,0,75,0,0,0
668113,2022,6,7,"2022-06-07","22:41:00",3,"MO",29,0,2,0,0,0,0,40.18,-94.53,40.18,-94.53,0,0,0,0,0,75,0,0,0
668114,2022,6,7,"2022-06-07","22:43:00",3,"KS",20,0,1,0,0,0,0,37.26,-101.79,37.26,-101.79,0,0,0,0,0,129,0,0,0
668115,2022,6,7,"2022-06-07","23:00:00",3,"MO",29,0,1.5,0,0,0,0,40.2,-94.4,40.2,-94.4,0,0,0,0,0,75,0,0,0
668116,2022,6,7,"2022-06-07","23:06:00",3,"TX",48,0,2,0,0,0,0,36.16,-100.81,36.16,-100.81,0,0,0,0,0,357,0,0,0
668117,2022,6,7,"2022-06-07","23:38:00",3,"KS",20,0,0.88,0,0,0,0,39.19,-95.23,39.19,-95.23,0,0,0,0,0,87,0,0,0
668118,2022,6,8,"2022-06-08","00:00:00",3,"TX",48,0,1,0,0,0,0,35.91,-100.38,35.91,-100.38,0,0,0,0,0,211,0,0,0
668119,2022,6,8,"2022-06-08","00:08:00",3,"TX",48,0,1,0,0,0,0,35.9,-100.39,35.9,-100.39,0,0,0,0,0,211,0,0,0
668120,2022,6,8,"2022-06-08","01:28:00",3,"MO",29,0,2,0,0,0,0,39.24,-92.59,39.24,-92.59,0,0,0,0,0,89,0,0,0
668121,2022,6,8,"2022-06-08","04:30:00",3,"OH",39,0,1.75,0,0,0,0,38.66,-82.27,38.66,-82.27,0,0,0,0,0,53,0,0,0
668122,2022,6,8,"2022-06-08","04:40:00",3,"OK",40,0,1,0,0,0,0,35.83,-99.78,35.83,-99.78,0,0,0,0,0,129,0,0,0
668123,2022,6,8,"2022-06-08","05:29:00",3,"OK",40,0,1.75,0,0,0,0,35.65,-99.9,35.65,-99.9,0,0,0,0,0,129,0,0,0
668124,2022,6,8,"2022-06-08","05:41:00",3,"OK",40,0,1,0,0,0,0,35.61,-99.67,35.61,-99.67,0,0,0,0,0,129,0,0,0
668125,2022,6,8,"2022-06-08","06:04:00",3,"OK",40,0,1.75,0,0,0,0,35.48,-99.01,35.48,-99.01,0,0,0,0,0,39,0,0,0
668126,2022,6,8,"2022-06-08","06:29:00",3,"OK",40,0,1,0,0,0,0,35.53,-98.7,35.53,-98.7,0,0,0,0,0,39,0,0,0
668127,2022,6,8,"2022-06-08","06:29:00",3,"OK",40,0,1,0,0,0,0,35.52,-98.73,35.52,-98.73,0,0,0,0,0,39,0,0,0
668128,2022,6,8,"2022-06-08","06:59:00",3,"OK",40,0,0.88,0,0,0,0,36.2713,-96.3502,36.2713,-96.3502,0,0,0,0,0,113,0,0,0
668129,2022,6,8,"2022-06-08","07:20:00",3,"OK",40,0,1.75,0,0,0,0,35.1,-98.24,35.1,-98.24,0,0,0,0,0,15,0,0,0
668130,2022,6,8,"2022-06-08","07:20:00",3,"OK",40,0,1,0,0,0,0,34.78,-97.96,34.78,-97.96,0,0,0,0,0,51,0,0,0
668131,2022,6,8,"2022-06-08","07:21:00",3,"OK",40,0,1.75,0,0,0,0,34.78,-97.97,34.78,-97.97,0,0,0,0,0,51,0,0,0
668132,2022,6,8,"2022-06-08","07:30:00",3,"OK",40,0,2.5,0,0,0,0,34.8,-98.04,34.8,-98.04,0,0,0,0,0,51,0,0,0
668133,2022,6,8,"2022-06-08","07:47:00",3,"OK",40,0,1,0,0,0,0,35.24,-97.48,35.24,-97.48,0,0,0,0,0,27,0,0,0
668134,2022,6,8,"2022-06-08","07:47:00",3,"OK",40,0,1.5,0,0,0,0,35.24,-97.49,35.24,-97.49,0,0,0,0,0,27,0,0,0
668135,2022,6,8,"2022-06-08","07:48:00",3,"OK",40,0,1.25,0,0,0,0,35.24,-97.48,35.24,-97.48,0,0,0,0,0,27,0,0,0
668136,2022,6,8,"2022-06-08","07:52:00",3,"OK",40,0,1.75,0,0,0,0,35.26,-97.49,35.26,-97.49,0,0,0,0,0,27,0,0,0
668137,2022,6,8,"2022-06-08","07:55:00",3,"OK",40,0,0.75,0,0,0,0,36.0645,-95.78,36.0645,-95.78,0,0,0,0,0,143,0,0,0
668138,2022,6,8,"2022-06-08","08:06:00",3,"OK",40,0,0.75,0,0,0,0,35.23,-97.72,35.23,-97.72,0,0,0,0,0,51,0,0,0
668139,2022,6,8,"2022-06-08","08:07:00",3,"OK",40,0,0.75,0,0,0,0,35.22,-97.48,35.22,-97.48,0,0,0,0,0,27,0,0,0
668140,2022,6,8,"2022-06-08","08:14:00",3,"OK",40,0,0.75,0,0,0,0,35.22,-97.4,35.22,-97.4,0,0,0,0,0,27,0,0,0
668141,2022,6,8,"2022-06-08","08:19:00",3,"OK",40,0,1.5,0,0,0,0,34.76,-98.16,34.76,-98.16,0,0,0,0,0,31,0,0,0
668142,2022,6,8,"2022-06-08","09:10:00",3,"OK",40,0,0.75,0,0,0,0,35.3779,-96.2456,35.3779,-96.2456,0,0,0,0,0,107,0,0,0
668143,2022,6,8,"2022-06-08","10:52:00",3,"MS",28,0,0.88,0,0,0,0,34.6401,-88.8422,34.6401,-88.8422,0,0,0,0,0,139,0,0,0
668144,2022,6,8,"2022-06-08","10:55:00",3,"AR",5,0,0.75,0,0,0,0,34.0564,-94.3476,34.0564,-94.3476,0,0,0,0,0,133,0,0,0
668145,2022,6,8,"2022-06-08","12:15:00",3,"IN",18,0,1.75,0,0,0,0,39,-85.74,39,-85.74,0,0,0,0,0,79,0,0,0
668146,2022,6,8,"2022-06-08","12:25:00",3,"IN",18,0,1.75,0,0,0,0,39.01,-85.63,39.01,-85.63,0,0,0,0,0,79,0,0,0
668147,2022,6,8,"2022-06-08","13:38:00",3,"VA",51,0,1,0,0,0,0,36.69,-80.88,36.69,-80.88,0,0,0,0,0,640,0,0,0
668148,2022,6,8,"2022-06-08","14:10:00",3,"OH",39,0,1.75,0,0,0,0,38.73,-83.53,38.73,-83.53,0,0,0,0,0,1,0,0,0
668149,2022,6,8,"2022-06-08","15:24:00",3,"MD",24,0,1,0,0,0,0,39.6327,-78.3069,39.6327,-78.3069,0,0,0,0,0,43,0,0,0
668150,2022,6,8,"2022-06-08","16:15:00",3,"OH",39,0,0.88,0,0,0,0,38.77,-82.38,38.77,-82.38,0,0,0,0,0,53,0,0,0
668151,2022,6,8,"2022-06-08","16:15:00",3,"OH",39,0,1,0,0,0,0,38.7,-82.47,38.7,-82.47,0,0,0,0,0,87,0,0,0
668152,2022,6,8,"2022-06-08","16:28:00",3,"NM",35,0,1,0,0,0,0,35.55,-106.78,35.55,-106.78,0,0,0,0,0,43,0,0,0
668153,2022,6,8,"2022-06-08","16:30:00",3,"OH",39,0,1.75,0,0,0,0,38.66,-82.27,38.66,-82.27,0,0,0,0,0,53,0,0,0
668154,2022,6,8,"2022-06-08","16:35:00",3,"OH",39,0,1,0,0,0,0,39.76,-82.27,39.76,-82.27,0,0,0,0,0,127,0,0,0
668155,2022,6,8,"2022-06-08","17:20:00",3,"WV",54,0,1,0,0,0,0,38.84,-79.88,38.84,-79.88,0,0,0,0,0,83,0,0,0
668156,2022,6,8,"2022-06-08","17:25:00",3,"WV",54,0,1,0,0,0,0,39.6,-80.94,39.6,-80.94,0,0,0,0,0,103,0,0,0
668157,2022,6,8,"2022-06-08","17:30:00",3,"WV",54,0,1,0,0,0,0,38.58,-81.8,38.58,-81.8,0,0,0,0,0,79,0,0,0
668158,2022,6,8,"2022-06-08","17:37:00",3,"WV",54,0,1,0,0,500,0,38.58,-81.78,38.58,-81.78,0,0,0,0,0,79,0,0,0
668159,2022,6,8,"2022-06-08","17:40:00",3,"WV",54,0,1,0,0,0,0,39.59,-80.79,39.59,-80.79,0,0,0,0,0,103,0,0,0
668160,2022,6,8,"2022-06-08","17:41:00",3,"OH",39,0,1,0,0,0,0,40.02,-81.59,40.02,-81.59,0,0,0,0,0,59,0,0,0
668161,2022,6,8,"2022-06-08","17:46:00",3,"OH",39,0,0.88,0,0,0,0,39.85,-81.66,39.85,-81.66,0,0,0,0,0,59,0,0,0
668162,2022,6,8,"2022-06-08","18:18:00",3,"WV",54,0,0.75,0,0,0,0,39.48,-80.13,39.48,-80.13,0,0,0,0,0,49,0,0,0
668163,2022,6,8,"2022-06-08","18:27:00",3,"NM",35,0,1.25,0,0,0,0,36.54,-105.15,36.54,-105.15,0,0,0,0,0,7,0,0,0
668164,2022,6,8,"2022-06-08","18:30:00",3,"NM",35,0,1,0,0,0,0,32.3808,-106.4888,32.3808,-106.4888,0,0,0,0,0,13,0,0,0
668165,2022,6,8,"2022-06-08","18:30:00",3,"NM",35,0,1,0,0,0,0,32.3822,-106.4828,32.3822,-106.4828,0,0,0,0,0,13,0,0,0
668166,2022,6,8,"2022-06-08","18:35:00",3,"WV",54,0,1.75,0,0,0,0,38.45,-81.66,38.45,-81.66,0,0,0,0,0,39,0,0,0
668167,2022,6,8,"2022-06-08","18:35:00",3,"WV",54,0,1.75,0,0,0,0,38.41,-81.64,38.41,-81.64,0,0,0,0,0,39,0,0,0
668168,2022,6,8,"2022-06-08","18:37:00",3,"WV",54,0,1,0,0,0,0,38.53,-81.62,38.53,-81.62,0,0,0,0,0,39,0,0,0
668169,2022,6,8,"2022-06-08","18:41:00",3,"WV",54,0,0.75,0,0,0,0,39.61,-79.88,39.61,-79.88,0,0,0,0,0,61,0,0,0
668170,2022,6,8,"2022-06-08","18:45:00",3,"WV",54,0,1.75,0,0,0,0,38.39,-81.59,38.39,-81.59,0,0,0,0,0,39,0,0,0
668171,2022,6,8,"2022-06-08","18:48:00",3,"WV",54,0,1.25,0,0,0,0,39.51,-79.91,39.51,-79.91,0,0,0,0,0,61,0,0,0
668172,2022,6,8,"2022-06-08","18:50:00",3,"MD",24,0,1.25,0,0,0,0,38.4367,-76.6612,38.4367,-76.6612,0,0,0,0,0,37,0,0,0
668173,2022,6,8,"2022-06-08","18:53:00",3,"WV",54,0,2,0,0,5000,0,39.54,-79.88,39.54,-79.88,0,0,0,0,0,61,0,0,0
668174,2022,6,8,"2022-06-08","18:55:00",3,"WV",54,0,2,0,0,5000,0,39.55,-79.8,39.55,-79.8,0,0,0,0,0,77,0,0,0
668175,2022,6,8,"2022-06-08","18:55:00",3,"WV",54,0,1,0,0,0,0,39.51,-79.8,39.51,-79.8,0,0,0,0,0,77,0,0,0
668176,2022,6,8,"2022-06-08","18:57:00",3,"OH",39,0,1.75,0,0,1000,0,39.76,-81.12,39.76,-81.12,0,0,0,0,0,111,0,0,0
668177,2022,6,8,"2022-06-08","19:13:00",3,"WV",54,0,1,0,0,0,0,39.57,-80.02,39.57,-80.02,0,0,0,0,0,61,0,0,0
668178,2022,6,8,"2022-06-08","19:18:00",3,"WV",54,0,1.5,0,0,1000,0,39.6,-79.94,39.6,-79.94,0,0,0,0,0,61,0,0,0
668179,2022,6,8,"2022-06-08","19:25:00",3,"WV",54,0,1.5,0,0,0,1000,39.58,-79.9,39.58,-79.9,0,0,0,0,0,61,0,0,0
668180,2022,6,8,"2022-06-08","19:26:00",3,"WV",54,0,1.5,0,0,0,0,39.59,-79.89,39.59,-79.89,0,0,0,0,0,61,0,0,0
668181,2022,6,8,"2022-06-08","19:27:00",3,"WV",54,0,1,0,0,0,0,39.59,-79.86,39.59,-79.86,0,0,0,0,0,61,0,0,0
668182,2022,6,8,"2022-06-08","19:37:00",3,"WV",54,0,1.5,0,0,1000,0,39.57,-79.8,39.57,-79.8,0,0,0,0,0,77,0,0,0
668183,2022,6,9,"2022-06-09","14:45:00",3,"KS",20,0,1,0,0,0,0,37.57,-97.51,37.57,-97.51,0,0,0,0,0,173,0,0,0
668184,2022,6,9,"2022-06-09","14:48:00",3,"KS",20,0,1,0,0,0,0,37.57,-97.51,37.57,-97.51,0,0,0,0,0,173,0,0,0
668185,2022,6,9,"2022-06-09","16:03:00",3,"LA",22,0,1,0,0,0,0,30.38,-90.03,30.38,-90.03,0,0,0,0,0,103,0,0,0
668186,2022,6,9,"2022-06-09","16:05:00",3,"LA",22,0,1.25,0,0,0,0,30.37,-90.05,30.37,-90.05,0,0,0,0,0,103,0,0,0
668187,2022,6,9,"2022-06-09","16:05:00",3,"SD",46,0,0.75,0,0,0,0,44.77,-103.59,44.77,-103.59,0,0,0,0,0,19,0,0,0
668188,2022,6,9,"2022-06-09","16:34:00",3,"CO",8,0,1.25,0,0,0,0,40.57,-103.25,40.57,-103.25,0,0,0,0,0,75,0,0,0
668189,2022,6,9,"2022-06-09","17:56:00",3,"NE",31,0,1.75,0,0,0,0,42.08,-99.86,42.08,-99.86,0,0,0,0,0,9,0,0,0
668190,2022,6,9,"2022-06-09","18:30:00",3,"NE",31,0,1,0,0,0,0,41.04,-100.97,41.04,-100.97,0,0,0,0,0,111,0,0,0
668191,2022,6,9,"2022-06-09","18:30:00",3,"ND",38,0,0.88,0,0,0,0,48.16,-103.63,48.16,-103.63,0,0,0,0,0,105,0,0,0
668192,2022,6,9,"2022-06-09","18:44:00",3,"TX",48,0,1,0,0,0,0,35.68,-102.33,35.68,-102.33,0,0,0,0,0,205,0,0,0
668193,2022,6,9,"2022-06-09","18:45:00",3,"NE",31,0,1.75,0,0,0,0,41.29,-100.48,41.29,-100.48,0,0,0,0,0,111,0,0,0
668194,2022,6,9,"2022-06-09","19:00:00",3,"NE",31,0,2.5,0,0,0,0,40.87,-100.91,40.87,-100.91,0,0,0,0,0,111,0,0,0
668195,2022,6,9,"2022-06-09","19:10:00",3,"NE",31,0,2.5,0,0,0,0,40.71,-100.87,40.71,-100.87,0,0,0,0,0,111,0,0,0
668196,2022,6,9,"2022-06-09","19:17:00",3,"NE",31,0,1.25,0,0,0,0,41.25,-100.06,41.25,-100.06,0,0,0,0,0,41,0,0,0
668197,2022,6,9,"2022-06-09","19:20:00",3,"ND",38,0,0.75,0,0,0,0,47.88,-103.28,47.88,-103.28,0,0,0,0,0,53,0,0,0
668198,2022,6,9,"2022-06-09","19:21:00",3,"NE",31,0,1.5,0,0,0,0,40.69,-100.81,40.69,-100.81,0,0,0,0,0,85,0,0,0
668199,2022,6,9,"2022-06-09","19:38:00",3,"NE",31,0,1,0,0,0,0,41.29,-99.8,41.29,-99.8,0,0,0,0,0,41,0,0,0
668200,2022,6,9,"2022-06-09","19:51:00",3,"NE",31,0,1.5,0,0,0,0,40.47,-100.65,40.47,-100.65,0,0,0,0,0,63,0,0,0
668201,2022,6,9,"2022-06-09","20:15:00",3,"NE",31,0,1,0,0,0,0,40.46,-100.61,40.46,-100.61,0,0,0,0,0,63,0,0,0
668202,2022,6,9,"2022-06-09","20:28:00",3,"NE",31,0,1.75,0,0,0,0,40.2301,-100.4195,40.2301,-100.4195,0,0,0,0,0,145,0,0,0
668203,2022,6,9,"2022-06-09","20:40:00",3,"TX",48,0,0.88,0,0,0,0,35.21,-101.19,35.21,-101.19,0,0,0,0,0,65,0,0,0
668204,2022,6,9,"2022-06-09","22:32:00",3,"NE",31,0,1.75,0,0,250000,0,40.3035,-100.014,40.3035,-100.014,0,0,0,0,0,65,0,0,0
668205,2022,6,9,"2022-06-09","23:55:00",3,"KS",20,0,2.75,0,0,0,0,39.6101,-100,39.6101,-100,0,0,0,0,0,137,0,0,0
669463,2022,7,10,"2022-07-10","01:15:00",3,"MT",30,0,1,0,0,0,0,46.58,-104.08,46.58,-104.08,0,0,0,0,0,25,0,0,0
669464,2022,7,10,"2022-07-10","01:30:00",3,"MT",30,0,1,0,0,0,0,46.59,-104.08,46.59,-104.08,0,0,0,0,0,25,0,0,0
669465,2022,7,10,"2022-07-10","03:15:00",3,"ND",38,0,1.75,0,0,0,0,46.61,-101.81,46.61,-101.81,0,0,0,0,0,37,0,0,0
669466,2022,7,10,"2022-07-10","04:30:00",3,"ND",38,0,0.75,0,0,0,0,46.5,-100.54,46.5,-100.54,0,0,0,0,0,29,0,0,0
669467,2022,7,10,"2022-07-10","04:39:00",3,"ND",38,0,0.75,0,0,0,0,46.44,-100.39,46.44,-100.39,0,0,0,0,0,29,0,0,0
669468,2022,7,10,"2022-07-10","04:55:00",3,"ND",38,0,0.75,0,0,0,0,46.48,-100.28,46.48,-100.28,0,0,0,0,0,29,0,0,0
669469,2022,7,10,"2022-07-10","05:53:00",3,"ND",38,0,0.75,0,0,0,0,46.9,-98.7,46.9,-98.7,0,0,0,0,0,93,0,0,0
669470,2022,7,10,"2022-07-10","07:45:00",3,"MN",27,0,0.88,0,0,0,0,48.11,-96.18,48.11,-96.18,0,0,0,0,0,113,0,0,0
669471,2022,7,10,"2022-07-10","10:06:00",3,"IA",19,0,1,0,0,0,0,43.36,-92.55,43.36,-92.55,0,0,0,0,0,131,0,0,0
669472,2022,7,10,"2022-07-10","11:15:00",3,"ND",38,0,1,0,0,0,0,46.93,-97.68,46.93,-97.68,0,0,0,0,0,17,0,0,0
669473,2022,7,10,"2022-07-10","11:29:00",3,"ND",38,0,0.88,0,0,0,0,46.85,-96.88,46.85,-96.88,0,0,0,0,0,17,0,0,0
669474,2022,7,10,"2022-07-10","11:35:00",3,"ND",38,0,1,0,0,0,0,46.86,-96.82,46.86,-96.82,0,0,0,0,0,17,0,0,0
669475,2022,7,10,"2022-07-10","11:45:00",3,"MN",27,0,1.25,0,0,0,0,46.93,-95.76,46.93,-95.76,0,0,0,0,0,5,0,0,0
669476,2022,7,10,"2022-07-10","11:55:00",3,"ND",38,0,1,0,0,0,0,46.78,-97.11,46.78,-97.11,0,0,0,0,0,17,0,0,0
669477,2022,7,10,"2022-07-10","11:59:00",3,"ND",38,0,1,0,0,0,0,46.67,-97.83,46.67,-97.83,0,0,0,0,0,3,0,0,0
669478,2022,7,10,"2022-07-10","12:00:00",3,"MN",27,0,1,0,0,0,0,46.51,-95.63,46.51,-95.63,0,0,0,0,0,111,0,0,0
669479,2022,7,10,"2022-07-10","12:05:00",3,"ND",38,0,1,0,0,0,0,46.76,-96.93,46.76,-96.93,0,0,0,0,0,17,0,0,0
669480,2022,7,10,"2022-07-10","12:14:00",3,"ND",38,0,1,0,0,0,0,46.63,-97.62,46.63,-97.62,0,0,0,0,0,73,0,0,0
669481,2022,7,10,"2022-07-10","12:15:00",3,"ND",38,0,1,0,0,0,0,46.62,-97.6,46.62,-97.6,0,0,0,0,0,73,0,0,0
669482,2022,7,10,"2022-07-10","12:18:00",3,"MN",27,0,1,0,0,0,0,46.8,-96.11,46.8,-96.11,0,0,0,0,0,5,0,0,0
669483,2022,7,10,"2022-07-10","12:19:00",3,"MN",27,0,1.5,0,0,0,0,46.89,-95.39,46.89,-95.39,0,0,0,0,0,5,0,0,0
669484,2022,7,10,"2022-07-10","12:20:00",3,"MN",27,0,2,0,0,0,0,46.81,-96.01,46.81,-96.01,0,0,0,0,0,5,0,0,0
669485,2022,7,10,"2022-07-10","12:23:00",3,"MN",27,0,1.5,0,0,0,0,46.84,-95.38,46.84,-95.38,0,0,0,0,0,5,0,0,0
669486,2022,7,10,"2022-07-10","12:25:00",3,"ND",38,0,1,0,0,0,0,46.59,-97.49,46.59,-97.49,0,0,0,0,0,73,0,0,0
669487,2022,7,10,"2022-07-10","12:33:00",3,"MN",27,0,1.5,0,0,0,0,46.88,-95.26,46.88,-95.26,0,0,0,0,0,5,0,0,0
669488,2022,7,10,"2022-07-10","12:40:00",3,"MN",27,0,1.25,0,0,0,0,46.73,-95.7,46.73,-95.7,0,0,0,0,0,5,0,0,0
669489,2022,7,10,"2022-07-10","12:41:00",3,"MN",27,0,1,0,0,0,0,46.64,-96.43,46.64,-96.43,0,0,0,0,0,27,0,0,0
669490,2022,7,10,"2022-07-10","12:45:00",3,"MN",27,0,1,0,0,0,0,46.84,-95.05,46.84,-95.05,0,0,0,0,0,57,0,0,0
669491,2022,7,10,"2022-07-10","12:45:00",3,"MN",27,0,0.75,0,0,0,0,46.67,-94.11,46.67,-94.11,0,0,0,0,0,35,0,0,0
669492,2022,7,10,"2022-07-10","12:48:00",3,"MN",27,0,1,0,0,0,0,46.76,-95.1,46.76,-95.1,0,0,0,0,0,159,0,0,0
669493,2022,7,10,"2022-07-10","12:50:00",3,"ND",38,0,1,0,0,0,0,46.51,-97.21,46.51,-97.21,0,0,0,0,0,77,0,0,0
669494,2022,7,10,"2022-07-10","13:15:00",3,"MN",27,0,1,0,0,0,0,46.68,-95.28,46.68,-95.28,0,0,0,0,0,111,0,0,0
669495,2022,7,10,"2022-07-10","13:21:00",3,"ND",38,0,1.25,0,0,0,0,46.35,-96.83,46.35,-96.83,0,0,0,0,0,77,0,0,0
669496,2022,7,10,"2022-07-10","13:30:00",3,"MN",27,0,1.25,0,0,0,0,46.68,-94.94,46.68,-94.94,0,0,0,0,0,159,0,0,0
669497,2022,7,10,"2022-07-10","13:55:00",3,"MN",27,0,1.25,0,0,0,0,46.68,-94.14,46.68,-94.14,0,0,0,0,0,35,0,0,0
669498,2022,7,10,"2022-07-10","14:18:00",3,"MN",27,0,1,0,0,0,0,46.59,-94.21,46.59,-94.21,0,0,0,0,0,35,0,0,0
669499,2022,7,10,"2022-07-10","16:42:00",3,"CO",8,0,1.75,0,0,0,0,40.83,-103.23,40.83,-103.23,0,0,0,0,0,75,0,0,0
669500,2022,7,10,"2022-07-10","18:49:00",3,"NE",31,0,1.75,0,0,0,0,40.46,-101.84,40.46,-101.84,0,0,0,0,0,29,0,0,0
669501,2022,7,10,"2022-07-10","18:49:00",3,"NE",31,0,1,0,0,0,0,40.47,-101.75,40.47,-101.75,0,0,0,0,0,29,0,0,0
669502,2022,7,10,"2022-07-10","18:50:00",3,"NE",31,0,1,0,0,0,0,40.47,-101.71,40.47,-101.71,0,0,0,0,0,29,0,0,0
669503,2022,7,10,"2022-07-10","18:54:00",3,"NE",31,0,1.25,0,0,0,0,40.47,-101.71,40.47,-101.71,0,0,0,0,0,29,0,0,0
669504,2022,7,10,"2022-07-10","20:30:00",3,"MT",30,0,1,0,0,0,0,45.1,-104.93,45.1,-104.93,0,0,0,0,0,11,0,0,0
669505,2022,7,10,"2022-07-10","21:40:00",3,"SD",46,0,1,0,0,0,0,44.5,-104.04,44.5,-104.04,0,0,0,0,0,81,0,0,0
669506,2022,7,10,"2022-07-10","22:20:00",3,"SD",46,0,1.5,0,0,0,0,44.2402,-103.4043,44.2402,-103.4043,0,0,0,0,0,93,0,0,0
669507,2022,7,10,"2022-07-10","22:24:00",3,"SD",46,0,1.5,0,0,0,0,44.1909,-103.3671,44.1909,-103.3671,0,0,0,0,0,93,0,0,0
669508,2022,7,10,"2022-07-10","22:35:00",3,"SD",46,0,0.88,0,0,0,0,44.0745,-103.2114,44.0745,-103.2114,0,0,0,0,0,103,0,0,0
669509,2022,7,10,"2022-07-10","22:38:00",3,"SD",46,0,0.75,0,0,0,0,44.0493,-103.1873,44.0493,-103.1873,0,0,0,0,0,103,0,0,0
669510,2022,7,10,"2022-07-10","22:42:00",3,"SD",46,0,0.75,0,0,0,0,44.0533,-103.2146,44.0533,-103.2146,0,0,0,0,0,103,0,0,0
669511,2022,7,10,"2022-07-10","22:44:00",3,"SD",46,0,1,0,0,0,0,44.07,-103.13,44.07,-103.13,0,0,0,0,0,103,0,0,0
669512,2022,7,11,"2022-07-11","05:28:00",3,"IA",19,0,1,0,0,0,0,41.48,-91.58,41.48,-91.58,0,0,0,0,0,183,0,0,0
669513,2022,7,11,"2022-07-11","13:45:00",3,"WI",55,0,0.88,0,0,0,0,45.31,-91.39,45.31,-91.39,0,0,0,0,0,107,0,0,0
669514,2022,7,11,"2022-07-11","16:34:00",3,"MN",27,0,0.88,0,0,0,0,48.11,-96.18,48.11,-96.18,0,0,0,0,0,113,0,0,0
669515,2022,7,11,"2022-07-11","16:42:00",3,"MN",27,0,1,0,0,0,0,48.09,-96.16,48.09,-96.16,0,0,0,0,0,113,0,0,0
669516,2022,7,12,"2022-07-12","12:30:00",3,"MN",27,0,0.88,0,0,0,0,47.87,-92.75,47.87,-92.75,0,0,0,0,0,137,0,0,0
669517,2022,7,12,"2022-07-12","13:02:00",3,"MD",24,0,1.25,0,0,0,0,39.715,-78.3764,39.715,-78.3764,0,0,0,0,0,1,0,0,0
669518,2022,7,12,"2022-07-12","13:05:00",3,"PA",42,0,1,0,0,0,0,39.86,-77.7,39.86,-77.7,0,0,0,0,0,55,0,0,0
669519,2022,7,12,"2022-07-12","13:40:00",3,"WV",54,0,0.75,0,0,0,0,38.45,-81.9,38.45,-81.9,0,0,0,0,0,79,0,0,0
669520,2022,7,12,"2022-07-12","13:45:00",3,"WV",54,0,2,0,0,0,0,39.21,-78.7391,39.21,-78.7391,0,0,0,0,0,27,0,0,0
669521,2022,7,12,"2022-07-12","13:45:00",3,"WV",54,0,1.75,0,0,0,0,39.207,-78.7356,39.207,-78.7356,0,0,0,0,0,27,0,0,0
669522,2022,7,12,"2022-07-12","13:50:00",3,"WV",54,0,2,0,0,0,0,39.1826,-78.6496,39.1826,-78.6496,0,0,0,0,0,27,0,0,0
669523,2022,7,12,"2022-07-12","13:59:00",3,"MD",24,0,1.25,0,0,0,0,39.7,-77.33,39.7,-77.33,0,0,0,0,0,1,0,0,0
669524,2022,7,12,"2022-07-12","14:00:00",3,"VA",51,0,1,0,0,0,0,39.0359,-78.5675,39.0359,-78.5675,0,0,0,0,0,171,0,0,0
669525,2022,7,12,"2022-07-12","14:00:00",3,"NH",33,0,1,0,0,0,0,43.27,-72.4,43.27,-72.4,0,0,0,0,0,19,0,0,0
669526,2022,7,12,"2022-07-12","14:19:00",3,"WV",54,0,0.75,0,0,0,0,38.35,-81.84,38.35,-81.84,0,0,0,0,0,39,0,0,0
669527,2022,7,12,"2022-07-12","14:20:00",3,"NH",33,0,1.25,0,0,0,0,43.22,-72.18,43.22,-72.18,0,0,0,0,0,19,0,0,0
669528,2022,7,12,"2022-07-12","14:24:00",3,"VA",51,0,1,0,0,0,0,38.8856,-78.6406,38.8856,-78.6406,0,0,0,0,0,171,0,0,0
669529,2022,7,12,"2022-07-12","14:30:00",3,"CO",8,0,1,0,0,0,0,38.71,-105.14,38.71,-105.14,0,0,0,0,0,119,0,0,0
669530,2022,7,12,"2022-07-12","14:35:00",3,"NH",33,0,1.25,0,0,0,0,43.08,-72.43,43.08,-72.43,0,0,0,0,0,5,0,0,0
669531,2022,7,12,"2022-07-12","14:43:00",3,"NH",33,0,1.25,0,0,0,0,43.26,-71.95,43.26,-71.95,0,0,0,0,0,13,0,0,0
669532,2022,7,12,"2022-07-12","14:52:00",3,"MD",24,0,1,0,0,0,0,39.572,-76.4634,39.572,-76.4634,0,0,0,0,0,25,0,0,0
669533,2022,7,12,"2022-07-12","14:59:00",3,"CO",8,0,1,0,0,0,0,37.19,-104.65,37.19,-104.65,0,0,0,0,0,71,0,0,0
669534,2022,7,12,"2022-07-12","15:00:00",3,"NH",33,0,1.25,0,0,0,0,43.05,-72.26,43.05,-72.26,0,0,0,0,0,5,0,0,0
669535,2022,7,12,"2022-07-12","15:02:00",3,"NH",33,0,1.25,0,0,0,0,43.18,-71.82,43.18,-71.82,0,0,0,0,0,13,0,0,0
669536,2022,7,12,"2022-07-12","15:05:00",3,"VA",51,0,1.25,0,0,0,0,38.87,-77.85,38.87,-77.85,0,0,0,0,0,61,0,0,0
669537,2022,7,12,"2022-07-12","15:08:00",3,"TN",47,0,0.75,0,0,0,0,36.5366,-86.52,36.5366,-86.52,0,0,0,0,0,165,0,0,0
669538,2022,7,12,"2022-07-12","15:09:00",3,"VA",51,0,1,0,0,0,0,39.0913,-77.578,39.0913,-77.578,0,0,0,0,0,107,0,0,0
669539,2022,7,12,"2022-07-12","15:10:00",3,"WY",56,0,1,0,0,0,0,41.15,-105,41.15,-105,0,0,0,0,0,21,0,0,0
669540,2022,7,12,"2022-07-12","15:19:00",3,"CO",8,0,1,0,0,0,0,37.17,-104.52,37.17,-104.52,0,0,0,0,0,71,0,0,0
669541,2022,7,12,"2022-07-12","15:20:00",3,"CO",8,0,1.5,0,0,0,0,37.17,-104.51,37.17,-104.51,0,0,0,0,0,71,0,0,0
669542,2022,7,12,"2022-07-12","15:20:00",3,"CO",8,0,1.75,0,0,0,0,37.18,-104.51,37.18,-104.51,0,0,0,0,0,71,0,0,0
669543,2022,7,12,"2022-07-12","15:23:00",3,"VA",51,0,1,0,0,0,0,38.9146,-77.5278,38.9146,-77.5278,0,0,0,0,0,107,0,0,0
669544,2022,7,12,"2022-07-12","15:25:00",3,"CO",8,0,1.75,0,0,0,0,37.21,-104.49,37.21,-104.49,0,0,0,0,0,71,0,0,0
669545,2022,7,12,"2022-07-12","15:25:00",3,"CO",8,0,1.5,0,0,0,0,37.19,-104.48,37.19,-104.48,0,0,0,0,0,71,0,0,0
669546,2022,7,12,"2022-07-12","15:39:00",3,"WV",54,0,1,0,0,0,0,37.93,-81.9,37.93,-81.9,0,0,0,0,0,45,0,0,0
669547,2022,7,12,"2022-07-12","15:40:00",3,"DE",10,0,1,0,0,0,0,39.47,-75.68,39.47,-75.68,0,0,0,0,0,3,0,0,0
669548,2022,7,12,"2022-07-12","15:45:00",3,"MN",27,0,1,0,0,0,0,46.34,-94.71,46.34,-94.71,0,0,0,0,0,153,0,0,0
669549,2022,7,12,"2022-07-12","15:45:00",3,"WV",54,0,0.88,0,0,0,0,38.55,-79.81,38.55,-79.81,0,0,0,0,0,75,0,0,0
669550,2022,7,12,"2022-07-12","15:47:00",3,"AR",5,0,1,0,0,0,0,35.43,-91.84,35.43,-91.84,0,0,0,0,0,145,0,0,0
669551,2022,7,12,"2022-07-12","16:08:00",3,"WV",54,0,1,0,0,0,0,37.8,-81.22,37.8,-81.22,0,0,0,0,0,81,0,0,0
669552,2022,7,12,"2022-07-12","16:20:00",3,"WV",54,0,1,0,0,4000,0,37.87,-80.58,37.87,-80.58,0,0,0,0,0,25,0,0,0
669553,2022,7,12,"2022-07-12","16:35:00",3,"WV",54,0,1.75,0,0,0,0,37.82,-80.43,37.82,-80.43,0,0,0,0,0,25,0,0,0
669554,2022,7,12,"2022-07-12","16:35:00",3,"WV",54,0,0.75,0,0,0,0,37.67,-81.09,37.67,-81.09,0,0,0,0,0,81,0,0,0
669555,2022,7,12,"2022-07-12","16:42:00",3,"WV",54,0,1.25,0,0,0,0,37.6,-81.04,37.6,-81.04,0,0,0,0,0,89,0,0,0
669556,2022,7,12,"2022-07-12","16:52:00",3,"WV",54,0,1,0,0,0,0,37.77,-80.25,37.77,-80.25,0,0,0,0,0,25,0,0,0
669557,2022,7,12,"2022-07-12","16:56:00",3,"VA",51,0,1.75,0,0,0,0,37.75,-80.17,37.75,-80.17,0,0,0,0,0,5,0,0,0
669558,2022,7,12,"2022-07-12","16:58:00",3,"TN",47,0,0.75,0,0,0,0,36.1905,-85.4746,36.1905,-85.4746,0,0,0,0,0,141,0,0,0
669559,2022,7,12,"2022-07-12","17:10:00",3,"VA",51,0,1,0,0,0,0,37.72,-80.04,37.72,-80.04,0,0,0,0,0,5,0,0,0
669560,2022,7,12,"2022-07-12","17:28:00",3,"TN",47,0,1,0,0,0,0,35.9474,-86.6379,35.9474,-86.6379,0,0,0,0,0,187,0,0,0
669561,2022,7,12,"2022-07-12","17:32:00",3,"VA",51,0,1,0,0,0,0,38.3627,-78.2138,38.3627,-78.2138,0,0,0,0,0,113,0,0,0
669562,2022,7,12,"2022-07-12","17:35:00",3,"TN",47,0,1.75,0,0,0,0,35.9464,-86.6414,35.9464,-86.6414,0,0,0,0,0,187,0,0,0
669563,2022,7,12,"2022-07-12","17:35:00",3,"VA",51,0,1,0,0,0,0,38.4217,-78.1919,38.4217,-78.1919,0,0,0,0,0,113,0,0,0
669564,2022,7,12,"2022-07-12","17:45:00",3,"AR",5,0,1,0,0,0,0,35.01,-92.34,35.01,-92.34,0,0,0,0,0,45,0,0,0
669565,2022,7,12,"2022-07-12","17:45:00",3,"TN",47,0,1.5,0,0,0,0,35.93,-86.58,35.93,-86.58,0,0,0,0,0,149,0,0,0
669566,2022,7,12,"2022-07-12","17:50:00",3,"TN",47,0,1,0,0,0,0,35.7702,-86.2156,35.7702,-86.2156,0,0,0,0,0,149,0,0,0
669567,2022,7,12,"2022-07-12","17:50:00",3,"TN",47,0,1,0,0,0,0,35.85,-86.42,35.85,-86.42,0,0,0,0,0,149,0,0,0
669568,2022,7,12,"2022-07-12","17:53:00",3,"VA",51,0,1,0,0,0,0,37.53,-79.68,37.53,-79.68,0,0,0,0,0,23,0,0,0
669569,2022,7,12,"2022-07-12","17:55:00",3,"AR",5,0,1.5,0,0,0,0,35.01,-92.45,35.01,-92.45,0,0,0,0,0,45,0,0,0
669570,2022,7,12,"2022-07-12","18:02:00",3,"TN",47,0,1,0,0,0,0,35.7458,-86.1696,35.7458,-86.1696,0,0,0,0,0,15,0,0,0
669571,2022,7,12,"2022-07-12","18:05:00",3,"CO",8,0,1,0,0,0,0,40.29,-103.67,40.29,-103.67,0,0,0,0,0,87,0,0,0
669572,2022,7,12,"2022-07-12","18:13:00",3,"AR",5,0,1,0,0,0,0,34.79,-92.62,34.79,-92.62,0,0,0,0,0,119,0,0,0
669573,2022,7,12,"2022-07-12","18:17:00",3,"CO",8,0,1.5,0,0,0,0,40.76,-103.07,40.76,-103.07,0,0,0,0,0,75,0,0,0
669574,2022,7,12,"2022-07-12","18:17:00",3,"CO",8,0,1,0,0,0,0,40.32,-103.58,40.32,-103.58,0,0,0,0,0,87,0,0,0
669575,2022,7,12,"2022-07-12","18:22:00",3,"CO",8,0,1,0,0,0,0,40.31,-103.53,40.31,-103.53,0,0,0,0,0,87,0,0,0
669576,2022,7,12,"2022-07-12","18:40:00",3,"AR",5,0,1.75,0,0,0,0,34.77,-92.76,34.77,-92.76,0,0,0,0,0,125,0,0,0
669577,2022,7,12,"2022-07-12","18:42:00",3,"TN",47,0,1,0,0,0,0,35.72,-86.72,35.72,-86.72,0,0,0,0,0,187,0,0,0
669578,2022,7,12,"2022-07-12","18:48:00",3,"AR",5,0,1,0,0,0,0,34.77,-92.76,34.77,-92.76,0,0,0,0,0,125,0,0,0
669579,2022,7,12,"2022-07-12","18:48:00",3,"TN",47,0,1,0,0,0,0,35.7,-86.7,35.7,-86.7,0,0,0,0,0,117,0,0,0
669580,2022,7,12,"2022-07-12","18:50:00",3,"NE",31,0,1.5,0,0,0,0,42.33,-101.54,42.33,-101.54,0,0,0,0,0,31,0,0,0
669581,2022,7,12,"2022-07-12","18:52:00",3,"TN",47,0,1.5,0,0,0,0,35.67,-86.6,35.67,-86.6,0,0,0,0,0,3,0,0,0
669582,2022,7,12,"2022-07-12","19:19:00",3,"TN",47,0,3,0,0,0,0,35.63,-86.7,35.63,-86.7,0,0,0,0,0,117,0,0,0
669583,2022,7,12,"2022-07-12","19:25:00",3,"TN",47,0,4,0,0,0,0,35.63,-86.7,35.63,-86.7,0,0,0,0,0,117,0,0,0
669584,2022,7,12,"2022-07-12","20:12:00",3,"TN",47,0,1,0,0,0,0,35.9252,-86.869,35.9252,-86.869,0,0,0,0,0,187,0,0,0
669585,2022,7,12,"2022-07-12","20:40:00",3,"TX",48,0,0.88,0,0,0,0,35.31,-101.68,35.31,-101.68,0,0,0,0,0,375,0,0,0
669586,2022,7,12,"2022-07-12","20:50:00",3,"TX",48,0,1.75,0,0,0,0,35.29,-101.62,35.29,-101.62,0,0,0,0,0,65,0,0,0
669587,2022,7,12,"2022-07-12","22:11:00",3,"TX",48,0,1.25,0,0,0,0,35.66,-101.4,35.66,-101.4,0,0,0,0,0,233,0,0,0
669588,2022,7,13,"2022-07-13","12:08:00",3,"SC",45,0,0.75,0,0,0,0,33.11,-80.71,33.11,-80.71,0,0,0,0,0,29,0,0,0
669589,2022,7,13,"2022-07-13","15:19:00",3,"LA",22,0,1,0,0,0,0,32.8801,-91.357,32.8801,-91.357,0,0,0,0,0,123,0,0,0
669590,2022,7,13,"2022-07-13","15:41:00",3,"SD",46,0,0.75,0,0,0,0,44.2207,-103.5428,44.2207,-103.5428,0,0,0,0,0,81,0,0,0
669591,2022,7,13,"2022-07-13","15:53:00",3,"NY",36,0,1,0,0,0,0,42.98,-76.31,42.98,-76.31,0,0,0,0,0,67,0,0,0
669592,2022,7,13,"2022-07-13","15:54:00",3,"LA",22,0,1,0,0,0,0,32.7288,-91.4022,32.7288,-91.4022,0,0,0,0,0,123,0,0,0
669593,2022,7,13,"2022-07-13","16:30:00",3,"AR",5,0,1,0,0,0,0,34.23,-93.74,34.23,-93.74,0,0,0,0,0,109,0,0,0
669594,2022,7,13,"2022-07-13","16:48:00",3,"ID",16,0,1,0,0,0,0,43.5033,-111.9453,43.5033,-111.9453,0,0,0,0,0,19,0,0,0
669595,2022,7,13,"2022-07-13","17:25:00",3,"AR",5,0,1,0,0,0,0,33.44,-93.6,33.44,-93.6,0,0,0,0,0,73,0,0,0
669596,2022,7,13,"2022-07-13","17:25:00",3,"AR",5,0,1,0,0,0,0,33.48,-93.64,33.48,-93.64,0,0,0,0,0,57,0,0,0
669597,2022,7,13,"2022-07-13","17:25:00",3,"LA",22,0,0.75,0,0,0,0,32.4,-92.33,32.4,-92.33,0,0,0,0,0,73,0,0,0
669598,2022,7,13,"2022-07-13","17:50:00",3,"LA",22,0,1.5,0,0,0,0,32.78,-92.49,32.78,-92.49,0,0,0,0,0,111,0,0,0
669599,2022,7,13,"2022-07-13","17:54:00",3,"KS",20,0,0.75,0,0,0,0,39.81,-101.04,39.81,-101.04,0,0,0,0,0,153,0,0,0
669600,2022,7,13,"2022-07-13","18:00:00",3,"AR",5,0,1,0,0,0,0,34.2,-93.14,34.2,-93.14,0,0,0,0,0,19,0,0,0
669601,2022,7,13,"2022-07-13","18:30:00",3,"LA",22,0,1,0,0,0,0,32.86,-92.62,32.86,-92.62,0,0,0,0,0,111,0,0,0
669602,2022,7,13,"2022-07-13","20:20:00",3,"KS",20,0,1,0,0,0,0,38.8,-101.59,38.8,-101.59,0,0,0,0,0,199,0,0,0
669603,2022,7,13,"2022-07-13","20:54:00",3,"KS",20,0,0.75,0,0,0,0,38.5818,-101.7525,38.5818,-101.7525,0,0,0,0,0,71,0,0,0
669604,2022,7,13,"2022-07-13","20:55:00",3,"KS",20,0,0.75,0,0,0,0,38.6113,-101.6041,38.6113,-101.6041,0,0,0,0,0,71,0,0,0
669605,2022,7,14,"2022-07-14","05:31:00",3,"TX",48,0,0.88,0,0,0,0,32.94,-94.71,32.94,-94.71,0,0,0,0,0,343,0,0,0
669606,2022,7,14,"2022-07-14","11:05:00",3,"TX",48,0,1.25,0,0,0,0,32.51,-96.95,32.51,-96.95,0,0,0,0,0,139,0,0,0
669607,2022,7,14,"2022-07-14","11:20:00",3,"TX",48,0,1,0,0,0,0,32.54,-97.1,32.54,-97.1,0,0,0,0,0,251,0,0,0
669608,2022,7,14,"2022-07-14","11:45:00",3,"ND",38,0,1,0,0,0,0,47.86,-98.71,47.86,-98.71,0,0,0,0,0,5,0,0,0
669609,2022,7,14,"2022-07-14","15:20:00",3,"MA",25,0,1,0,0,0,0,41.99,-70.97,41.99,-70.97,0,0,0,0,0,23,0,0,0
669610,2022,7,14,"2022-07-14","15:30:00",3,"MA",25,0,1,0,0,0,0,41.98,-70.87,41.98,-70.87,0,0,0,0,0,23,0,0,0
669611,2022,7,14,"2022-07-14","15:30:00",3,"MA",25,0,1,0,0,0,0,42.0453,-70.8411,42.0453,-70.8411,0,0,0,0,0,23,0,0,0
669612,2022,7,14,"2022-07-14","15:43:00",3,"GA",13,0,0.88,0,0,0,0,32.15,-81.18,32.15,-81.18,0,0,0,0,0,51,0,0,0
669613,2022,7,14,"2022-07-14","15:50:00",3,"MA",25,0,1,0,0,0,0,42.1468,-70.7401,42.1468,-70.7401,0,0,0,0,0,23,0,0,0
669614,2022,7,14,"2022-07-14","16:24:00",3,"FL",12,0,1,0,0,0,0,28.42,-81.58,28.42,-81.58,0,0,0,0,0,95,0,0,0
669615,2022,7,14,"2022-07-14","16:42:00",3,"NY",36,0,1,0,0,0,0,40.8379,-73.0566,40.8379,-73.0566,0,0,0,0,0,103,0,0,0
669616,2022,7,14,"2022-07-14","16:44:00",3,"NY",36,0,1.25,0,0,0,0,40.8593,-73.0631,40.8593,-73.0631,0,0,0,0,0,103,0,0,0
669617,2022,7,14,"2022-07-14","19:25:00",3,"MT",30,0,1,0,0,0,0,46.97,-108.32,46.97,-108.32,0,0,0,0,0,69,0,0,0
669618,2022,7,15,"2022-07-15","00:18:00",3,"ND",38,0,2,0,0,0,0,47.27,-97.14,47.27,-97.14,0,0,0,0,0,97,0,0,0
669619,2022,7,15,"2022-07-15","01:00:00",3,"MN",27,0,2,0,0,0,0,46.88,-96.1,46.88,-96.1,0,0,0,0,0,5,0,0,0
669620,2022,7,15,"2022-07-15","01:10:00",3,"MN",27,0,2,0,0,0,0,46.87,-96.16,46.87,-96.16,0,0,0,0,0,5,0,0,0
669621,2022,7,15,"2022-07-15","02:00:00",3,"MN",27,0,1,0,0,0,0,46.3,-95.32,46.3,-95.32,0,0,0,0,0,111,0,0,0
669622,2022,7,15,"2022-07-15","02:15:00",3,"MN",27,0,0.88,0,0,0,0,46.57,-96.09,46.57,-96.09,0,0,0,0,0,111,0,0,0
669623,2022,7,15,"2022-07-15","02:50:00",3,"MN",27,0,1,0,0,0,0,46.57,-96.25,46.57,-96.25,0,0,0,0,0,111,0,0,0
669624,2022,7,15,"2022-07-15","03:05:00",3,"ND",38,0,1,0,0,0,0,46.68,-97,46.68,-97,0,0,0,0,0,17,0,0,0
669625,2022,7,15,"2022-07-15","08:45:00",3,"WA",53,0,1,0,0,0,0,46.92,-117.34,46.92,-117.34,0,0,0,0,0,75,0,0,0
669626,2022,7,15,"2022-07-15","15:19:00",3,"MT",30,0,1,0,0,0,0,45.43,-109.8,45.43,-109.8,0,0,0,0,0,95,0,0,0
669627,2022,7,15,"2022-07-15","15:20:00",3,"MT",30,0,1.5,0,0,0,0,45.73,-108.77,45.73,-108.77,0,0,0,0,0,111,0,0,0
669628,2022,7,15,"2022-07-15","15:20:00",3,"MT",30,0,1.75,0,0,0,0,45.67,-108.77,45.67,-108.77,0,0,0,0,0,111,0,0,0
669629,2022,7,15,"2022-07-15","21:03:00",3,"MT",30,0,1,0,0,0,0,46.69,-104.65,46.69,-104.65,0,0,0,0,0,79,0,0,0
669630,2022,7,15,"2022-07-15","22:00:00",3,"IL",17,0,1,0,0,0,0,39.7145,-88.4526,39.7145,-88.4526,0,0,0,0,0,41,0,0,0
669631,2022,7,15,"2022-07-15","22:06:00",3,"IL",17,0,1.5,0,0,0,0,39.75,-88.4177,39.75,-88.4177,0,0,0,0,0,41,0,0,0
669632,2022,7,16,"2022-07-16","12:54:00",3,"NE",31,0,1,0,0,0,0,42.46,-98.55,42.46,-98.55,0,0,0,0,0,89,0,0,0
669633,2022,7,16,"2022-07-16","13:14:00",3,"VA",51,0,1,0,0,0,0,37.81,-77.68,37.81,-77.68,0,0,0,0,0,85,0,0,0
669634,2022,7,16,"2022-07-16","13:21:00",3,"VA",51,0,1,0,0,0,0,36.6,-79.42,36.6,-79.42,0,0,0,0,0,590,0,0,0
669635,2022,7,16,"2022-07-16","14:00:00",3,"NJ",34,0,1,0,0,0,0,40.36,-74.2,40.36,-74.2,0,0,0,0,0,25,0,0,0
669636,2022,7,16,"2022-07-16","15:20:00",3,"AZ",4,0,1.5,0,0,0,0,31.43,-111,31.4351,-111.0405,0,0,0,0,0,23,0,0,0
669637,2022,7,16,"2022-07-16","15:45:00",3,"MN",27,0,1,0,0,0,0,47.92,-96.17,47.92,-96.17,0,0,0,0,0,125,0,0,0
669638,2022,7,16,"2022-07-16","16:50:00",3,"NE",31,0,1,0,0,0,0,41.97,-99.15,41.97,-99.15,0,0,0,0,0,71,0,0,0
669639,2022,7,16,"2022-07-16","16:55:00",3,"MN",27,0,0.75,0,0,0,0,47.94,-96.06,47.94,-96.06,0,0,0,0,0,125,0,0,0
669640,2022,7,16,"2022-07-16","17:10:00",3,"AZ",4,0,1,0,0,0,0,32.08,-110.67,32.08,-110.67,0,0,0,0,0,19,0,0,0
669641,2022,7,16,"2022-07-16","17:15:00",3,"CO",8,0,1,0,0,2500,0,38.7024,-102.9882,38.7024,-102.9882,0,0,0,0,0,17,0,0,0
669642,2022,7,16,"2022-07-16","17:15:00",3,"NE",31,0,1.25,0,0,0,0,41.91,-99.1,41.91,-99.1,0,0,0,0,0,71,0,0,0
669643,2022,7,16,"2022-07-16","17:30:00",3,"NE",31,0,1.75,0,0,0,0,41.82,-99.01,41.82,-99.01,0,0,0,0,0,71,0,0,0
669644,2022,7,16,"2022-07-16","17:31:00",3,"AZ",4,0,1.5,0,0,0,0,32.14,-110.77,32.18,-110.8701,0,0,0,0,0,19,0,0,0
669645,2022,7,16,"2022-07-16","18:20:00",3,"AZ",4,0,1.5,0,0,50000,0,31.8412,-110.9794,31.8037,-111.0352,0,0,0,0,0,19,0,0,0
669646,2022,7,16,"2022-07-16","18:25:00",3,"KS",20,0,0.75,0,0,0,0,39.9113,-101.9754,39.9113,-101.9754,0,0,0,0,0,23,0,0,0
669647,2022,7,16,"2022-07-16","18:28:00",3,"NE",31,0,1,0,0,0,0,41.48,-99.76,41.48,-99.76,0,0,0,0,0,41,0,0,0
669648,2022,7,16,"2022-07-16","18:35:00",3,"NE",31,0,1.25,0,0,250000,2e+06,40.3,-100.01,40.3,-99.9759,0,0,0,0,0,65,0,0,0
669649,2022,7,16,"2022-07-16","19:07:00",3,"NE",31,0,2.75,0,0,5e+05,5e+06,41.28,-98.7148,41.28,-98.6378,0,0,0,0,0,93,0,0,0
669650,2022,7,16,"2022-07-16","19:11:00",3,"NE",31,0,1,0,0,0,0,41.29,-99.38,41.29,-99.38,0,0,0,0,0,41,0,0,0
669651,2022,7,16,"2022-07-16","19:12:00",3,"NE",31,0,0.88,0,0,0,0,40.14,-99.83,40.14,-99.83,0,0,0,0,0,65,0,0,0
669652,2022,7,16,"2022-07-16","19:15:00",3,"AZ",4,0,1,0,0,0,0,32.08,-111.32,32.08,-111.32,0,0,0,0,0,19,0,0,0
669653,2022,7,16,"2022-07-16","19:17:00",3,"KS",20,0,0.75,0,0,0,0,39.77,-101.8,39.77,-101.8,0,0,0,0,0,23,0,0,0
669654,2022,7,16,"2022-07-16","19:25:00",3,"NE",31,0,1.75,0,0,1e+06,3e+07,41.21,-98.63,41.12,-98.6269,0,0,0,0,0,93,0,0,0
669655,2022,7,16,"2022-07-16","19:52:00",3,"NE",31,0,1.75,0,0,0,0,41,-98.6,41,-98.6,0,0,0,0,0,79,0,0,0
669656,2022,7,16,"2022-07-16","21:17:00",3,"MO",29,0,0.75,0,0,0,0,37.25,-89.93,37.25,-89.93,0,0,0,0,0,17,0,0,0
669657,2022,7,17,"2022-07-17","12:15:00",3,"NH",33,0,1,0,0,0,0,42.97,-71.37,42.97,-71.37,0,0,0,0,0,15,0,0,0
669658,2022,7,17,"2022-07-17","13:55:00",3,"AZ",4,0,1,0,0,0,0,34.19,-110,34.2498,-110.1154,0,0,0,0,0,17,0,0,0
669659,2022,7,17,"2022-07-17","19:01:00",3,"ND",38,0,1.5,0,0,0,0,48.81,-103.29,48.81,-103.29,0,0,0,0,0,23,0,0,0
669660,2022,7,17,"2022-07-17","19:36:00",3,"MO",29,0,1,0,0,0,0,36.95,-90.17,36.95,-90.17,0,0,0,0,0,207,0,0,0
669661,2022,7,17,"2022-07-17","19:58:00",3,"AZ",4,0,1,0,0,0,0,32.51,-110.57,32.51,-110.57,0,0,0,0,0,19,0,0,0
669662,2022,7,18,"2022-07-18","02:36:00",3,"MT",30,0,1.5,0,0,0,0,48.56,-113.01,48.56,-113.01,0,0,0,0,0,35,0,0,0
669663,2022,7,18,"2022-07-18","04:42:00",3,"MN",27,0,1,0,0,0,0,48.87,-95.76,48.87,-95.76,0,0,0,0,0,135,0,0,0
669664,2022,7,18,"2022-07-18","04:48:00",3,"MN",27,0,1.5,0,0,0,0,48.85,-95.76,48.85,-95.76,0,0,0,0,0,135,0,0,0
669665,2022,7,18,"2022-07-18","05:15:00",3,"MN",27,0,1,0,0,0,0,48.84,-95.14,48.84,-95.14,0,0,0,0,0,135,0,0,0
669666,2022,7,18,"2022-07-18","05:20:00",3,"MN",27,0,1,0,0,0,0,48.8,-95.07,48.8,-95.07,0,0,0,0,0,77,0,0,0
669667,2022,7,18,"2022-07-18","11:45:00",3,"MT",30,0,1,0,0,0,0,48.67,-112.45,48.67,-112.45,0,0,0,0,0,35,0,0,0
669668,2022,7,18,"2022-07-18","14:00:00",3,"MT",30,0,0.88,0,0,0,0,48,-108.68,48,-108.68,0,0,0,0,0,5,0,0,0
669669,2022,7,18,"2022-07-18","14:46:00",3,"CO",8,0,1.25,0,0,0,0,37.14,-104.52,37.14,-104.52,0,0,0,0,0,71,0,0,0
669670,2022,7,18,"2022-07-18","18:29:00",3,"WI",55,0,0.75,0,0,0,0,45.97,-89.89,45.97,-89.89,0,0,0,0,0,125,0,0,0
669671,2022,7,18,"2022-07-18","20:35:00",3,"MS",28,0,1.25,0,0,0,0,34.12,-90.05,34.12,-90.05,0,0,0,0,0,135,0,0,0
669672,2022,7,18,"2022-07-18","21:40:00",3,"MI",26,0,1.25,0,0,0,0,46.74,-89.18,46.74,-89.18,0,0,0,0,0,131,0,0,0
669673,2022,7,18,"2022-07-18","22:02:00",3,"MI",26,0,0.88,0,0,0,0,46.7681,-88.7529,46.7681,-88.7529,0,0,0,0,0,13,0,0,0
669674,2022,7,18,"2022-07-18","22:11:00",3,"MI",26,0,0.88,0,0,0,0,46.81,-88.64,46.81,-88.64,0,0,0,0,0,13,0,0,0
669675,2022,7,18,"2022-07-18","22:20:00",3,"MI",26,0,1.75,0,0,20000,0,46.74,-88.5,46.74,-88.5,0,0,0,0,0,13,0,0,0
669676,2022,7,18,"2022-07-18","22:25:00",3,"MI",26,0,2.75,0,0,1e+07,0,46.75,-88.45,46.75,-88.45,0,0,0,0,0,13,0,0,0
669677,2022,7,18,"2022-07-18","22:27:00",3,"MI",26,0,1.75,0,0,0,0,46.73,-88.43,46.73,-88.43,0,0,0,0,0,13,0,0,0
669678,2022,7,18,"2022-07-18","22:35:00",3,"ND",38,0,1.5,0,0,0,0,48.15,-103.63,48.15,-103.63,0,0,0,0,0,105,0,0,0
669679,2022,7,18,"2022-07-18","22:35:00",3,"ND",38,0,1,0,0,0,0,48.17,-103.69,48.17,-103.69,0,0,0,0,0,105,0,0,0
669680,2022,7,18,"2022-07-18","22:37:00",3,"ND",38,0,3,0,0,5e+05,0,48.17,-103.61,48.17,-103.61,0,0,0,0,0,105,0,0,0
669681,2022,7,18,"2022-07-18","23:08:00",3,"ND",38,0,1.75,0,0,0,0,48.3,-103.17,48.3,-103.17,0,0,0,0,0,105,0,0,0
669682,2022,7,18,"2022-07-18","23:50:00",3,"ND",38,0,1.25,0,0,0,0,48.43,-102.56,48.43,-102.56,0,0,0,0,0,61,0,0,0
669683,2022,7,19,"2022-07-19","00:30:00",3,"ND",38,0,1,0,0,0,0,47.96,-97.38,47.96,-97.38,0,0,0,0,0,35,0,0,0
669684,2022,7,19,"2022-07-19","00:55:00",3,"MI",26,0,1,0,0,0,0,46.54,-88.04,46.54,-88.04,0,0,0,0,0,103,0,0,0
669685,2022,7,19,"2022-07-19","01:15:00",3,"MN",27,0,1,0,0,0,0,48.86,-96.56,48.86,-96.56,0,0,0,0,0,69,0,0,0
669686,2022,7,19,"2022-07-19","01:15:00",3,"ND",38,0,1,0,0,0,0,48.63,-101.38,48.63,-101.38,0,0,0,0,0,9,0,0,0
669687,2022,7,19,"2022-07-19","01:19:00",3,"MI",26,0,1,0,0,0,0,46.42,-87.77,46.42,-87.77,0,0,0,0,0,103,0,0,0
669688,2022,7,19,"2022-07-19","01:20:00",3,"ND",38,0,1,0,0,0,0,48.17,-97.18,48.17,-97.18,0,0,0,0,0,35,0,0,0
669689,2022,7,19,"2022-07-19","01:21:00",3,"MI",26,0,0.88,0,0,0,0,46.41,-87.75,46.41,-87.75,0,0,0,0,0,103,0,0,0
669690,2022,7,19,"2022-07-19","01:32:00",3,"MI",26,0,1,0,0,0,0,46.49,-87.72,46.49,-87.72,0,0,0,0,0,103,0,0,0
669691,2022,7,19,"2022-07-19","01:40:00",3,"MN",27,0,1,0,0,0,0,48.89,-95.76,48.89,-95.76,0,0,0,0,0,135,0,0,0
669692,2022,7,19,"2022-07-19","01:47:00",3,"ND",38,0,1.25,0,0,0,0,48.2,-101.31,48.2,-101.31,0,0,0,0,0,101,0,0,0
669693,2022,7,19,"2022-07-19","02:40:00",3,"ND",38,0,1,0,0,0,0,48.97,-98.6,48.97,-98.6,0,0,0,0,0,19,0,0,0
669694,2022,7,19,"2022-07-19","04:49:00",3,"ND",38,0,1,0,0,0,0,48.51,-97.54,48.51,-97.54,0,0,0,0,0,99,0,0,0
669695,2022,7,19,"2022-07-19","20:25:00",3,"UT",49,0,1.5,0,0,0,0,39.82,-111.86,39.82,-111.86,0,0,0,0,0,23,0,0,0
669696,2022,7,20,"2022-07-20","13:32:00",3,"MI",26,0,1,0,0,0,0,43.4,-82.55,43.4,-82.55,0,0,0,0,0,151,0,0,0
669697,2022,7,20,"2022-07-20","17:34:00",3,"ND",38,0,1,0,0,0,0,46.21,-97.72,46.21,-97.72,0,0,0,0,0,81,0,0,0
669698,2022,7,20,"2022-07-20","17:43:00",3,"ND",38,0,0.88,0,0,0,0,46.14,-98.09,46.14,-98.09,0,0,0,0,0,21,0,0,0
669699,2022,7,20,"2022-07-20","17:58:00",3,"ND",38,0,0.88,0,0,0,0,46.05,-97.57,46.05,-97.57,0,0,0,0,0,81,0,0,0
669700,2022,7,20,"2022-07-20","18:09:00",3,"ND",38,0,1,0,0,0,0,46.01,-97.83,46.01,-97.83,0,0,0,0,0,81,0,0,0
669701,2022,7,20,"2022-07-20","18:10:00",3,"ND",38,0,1.25,0,0,0,0,45.99,-97.48,45.99,-97.48,0,0,0,0,0,81,0,0,0
669702,2022,7,20,"2022-07-20","19:15:00",3,"AZ",4,0,1,0,0,0,0,31.9489,-109.8038,31.9489,-109.8038,0,0,0,0,0,3,0,0,0
669703,2022,7,20,"2022-07-20","19:41:00",3,"SD",46,0,1,0,0,0,0,45.33,-96.87,45.33,-96.87,0,0,0,0,0,109,0,0,0
669704,2022,7,20,"2022-07-20","21:37:00",3,"KY",21,0,1,0,0,0,0,36.9294,-84.5797,36.9294,-84.5797,0,0,0,0,0,199,0,0,0
669705,2022,7,20,"2022-07-20","22:43:00",3,"KY",21,0,0.75,0,0,0,0,36.8202,-84.1625,36.8202,-84.1625,0,0,0,0,0,235,0,0,0
669706,2022,7,21,"2022-07-21","10:36:00",3,"VT",50,0,1.25,0,0,0,0,44.73,-72.38,44.73,-72.38,0,0,0,0,0,19,0,0,0
669707,2022,7,21,"2022-07-21","10:48:00",3,"VT",50,0,1.75,0,0,0,0,44.8,-72.28,44.8,-72.28,0,0,0,0,0,19,0,0,0
669708,2022,7,21,"2022-07-21","10:49:00",3,"VT",50,0,1.75,0,0,0,0,44.81,-72.2,44.81,-72.2,0,0,0,0,0,19,0,0,0
669709,2022,7,21,"2022-07-21","10:52:00",3,"VT",50,0,0.75,0,0,0,0,44.53,-73.15,44.53,-73.15,0,0,0,0,0,7,0,0,0
669710,2022,7,21,"2022-07-21","10:57:00",3,"NY",36,0,1.5,0,0,0,0,43.1,-73.59,43.1,-73.59,0,0,0,0,0,91,0,0,0
669711,2022,7,21,"2022-07-21","11:00:00",3,"VT",50,0,0.75,0,0,0,0,44.83,-72.13,44.83,-72.13,0,0,0,0,0,19,0,0,0
669712,2022,7,21,"2022-07-21","11:01:00",3,"NY",36,0,1,0,0,0,0,43.0942,-73.5455,43.0942,-73.5455,0,0,0,0,0,115,0,0,0
669713,2022,7,21,"2022-07-21","11:03:00",3,"NJ",34,0,0.75,0,0,0,0,40.84,-74,40.84,-74,0,0,0,0,0,3,0,0,0
669714,2022,7,21,"2022-07-21","11:11:00",3,"VT",50,0,1,0,0,0,0,44.81,-71.98,44.81,-71.98,0,0,0,0,0,19,0,0,0
669715,2022,7,21,"2022-07-21","11:15:00",3,"NY",36,0,1,0,0,0,0,41.04,-73.87,41.04,-73.87,0,0,0,0,0,119,0,0,0
669716,2022,7,21,"2022-07-21","11:15:00",3,"VT",50,0,0.88,0,0,0,0,44.91,-72.01,44.91,-72.01,0,0,0,0,0,19,0,0,0
669717,2022,7,21,"2022-07-21","11:17:00",3,"NY",36,0,1,0,0,0,0,40.83,-73.9,40.83,-73.9,0,0,0,0,0,5,0,0,0
669718,2022,7,21,"2022-07-21","11:20:00",3,"NY",36,0,1,0,0,0,0,40.82,-73.86,40.82,-73.86,0,0,0,0,0,5,0,0,0
669719,2022,7,21,"2022-07-21","11:42:00",3,"VT",50,0,1,0,0,0,0,43.115,-73.1904,43.115,-73.1904,0,0,0,0,0,3,0,0,0
669720,2022,7,21,"2022-07-21","11:50:00",3,"NH",33,0,1.5,0,0,0,0,43.4,-72.39,43.4,-72.39,0,0,0,0,0,19,0,0,0
669721,2022,7,21,"2022-07-21","11:52:00",3,"VT",50,0,1,0,0,0,0,43.99,-72.13,43.99,-72.13,0,0,0,0,0,17,0,0,0
669722,2022,7,21,"2022-07-21","12:12:00",3,"NH",33,0,1.5,0,0,0,0,44.08,-72.02,44.08,-72.02,0,0,0,0,0,9,0,0,0
669723,2022,7,21,"2022-07-21","12:12:00",3,"NH",33,0,1.5,0,0,0,0,44.1491,-72.0322,44.1491,-72.0322,0,0,0,0,0,9,0,0,0
669724,2022,7,21,"2022-07-21","12:32:00",3,"NH",33,0,1.25,0,0,0,0,42.79,-72.48,42.79,-72.48,0,0,0,0,0,5,0,0,0
669725,2022,7,21,"2022-07-21","12:36:00",3,"NH",33,0,1.5,0,0,0,0,43.64,-71.74,43.64,-71.74,0,0,0,0,0,9,0,0,0
669726,2022,7,21,"2022-07-21","12:46:00",3,"GA",13,0,1,0,0,0,0,33.0471,-85.0291,33.0471,-85.0291,0,0,0,0,0,285,0,0,0
669727,2022,7,21,"2022-07-21","12:47:00",3,"NY",36,0,1.5,0,0,0,0,40.77,-73.53,40.77,-73.53,0,0,0,0,0,59,0,0,0
669728,2022,7,21,"2022-07-21","12:56:00",3,"NH",33,0,1.25,0,0,0,0,42.9,-72.31,42.9,-72.31,0,0,0,0,0,5,0,0,0
669729,2022,7,21,"2022-07-21","13:02:00",3,"NH",33,0,1.75,0,0,2000,0,42.92,-72.24,42.92,-72.24,0,0,0,0,0,5,0,0,0
669730,2022,7,21,"2022-07-21","13:19:00",3,"NY",36,0,1,0,0,0,0,40.8041,-73.2948,40.8041,-73.2948,0,0,0,0,0,103,0,0,0
669731,2022,7,21,"2022-07-21","13:21:00",3,"NY",36,0,1,0,0,0,0,40.84,-73.04,40.84,-73.04,0,0,0,0,0,103,0,0,0
669732,2022,7,21,"2022-07-21","13:23:00",3,"NH",33,0,1.5,0,0,0,0,45,-71.42,45,-71.42,0,0,0,0,0,7,0,0,0
669733,2022,7,21,"2022-07-21","13:27:00",3,"MA",25,0,1,0,0,0,0,42.6,-72.22,42.6,-72.22,0,0,0,0,0,27,0,0,0
669734,2022,7,21,"2022-07-21","13:28:00",3,"NY",36,0,1.5,0,0,0,0,40.8,-73.2,40.8,-73.2,0,0,0,0,0,103,0,0,0
669735,2022,7,21,"2022-07-21","13:51:00",3,"AR",5,0,1,0,0,0,0,34.58,-94.24,34.58,-94.24,0,0,0,0,0,113,0,0,0
669736,2022,7,21,"2022-07-21","13:58:00",3,"NH",33,0,1,0,0,0,0,42.98,-71.69,42.98,-71.69,0,0,0,0,0,11,0,0,0
669737,2022,7,21,"2022-07-21","14:17:00",3,"ME",23,0,1.5,0,0,0,0,43.81,-70.64,43.81,-70.64,0,0,0,0,0,5,0,0,0
669738,2022,7,21,"2022-07-21","14:24:00",3,"NH",33,0,1,0,0,0,0,43.05,-71.43,43.05,-71.43,0,0,0,0,0,13,0,0,0
669739,2022,7,21,"2022-07-21","14:30:00",3,"NH",33,0,1.25,0,0,0,0,42.74,-71.67,42.74,-71.67,0,0,0,0,0,11,0,0,0
669740,2022,7,21,"2022-07-21","14:45:00",3,"NH",33,0,1,0,0,0,0,42.89,-71.19,42.89,-71.19,0,0,0,0,0,15,0,0,0
669741,2022,7,21,"2022-07-21","15:05:00",3,"ND",38,0,2.5,0,0,1200000,0,46.8681,-100.8664,46.7972,-100.7098,0,0,0,0,0,15,0,0,0
669742,2022,7,21,"2022-07-21","15:33:00",3,"ND",38,0,1.75,0,0,4e+05,0,46.827,-100.8242,46.7698,-100.6884,0,0,0,0,0,15,0,0,0
669743,2022,7,21,"2022-07-21","15:48:00",3,"AR",5,0,1,0,0,0,0,33.78,-92.49,33.78,-92.49,0,0,0,0,0,13,0,0,0
669744,2022,7,21,"2022-07-21","15:50:00",3,"ND",38,0,2,0,0,0,0,46.68,-100.42,46.68,-100.42,0,0,0,0,0,15,0,0,0
669745,2022,7,21,"2022-07-21","15:54:00",3,"AL",1,0,1,0,0,0,0,33.62,-87.26,33.62,-87.26,0,0,0,0,0,127,0,0,0
669746,2022,7,21,"2022-07-21","15:58:00",3,"AL",1,0,1,0,0,0,0,33.47,-86.92,33.47,-86.92,0,0,0,0,0,73,0,0,0
669747,2022,7,21,"2022-07-21","15:58:00",3,"ND",38,0,1,0,0,0,0,46.86,-101.6,46.86,-101.6,0,0,0,0,0,59,0,0,0
669748,2022,7,21,"2022-07-21","16:05:00",3,"ND",38,0,1.5,0,0,0,125000,46.81,-101.51,46.81,-101.51,0,0,0,0,0,59,0,0,0
669749,2022,7,21,"2022-07-21","16:10:00",3,"ME",23,0,1.75,0,0,0,0,45.47,-69.6,45.47,-69.6,0,0,0,0,0,21,0,0,0
669750,2022,7,21,"2022-07-21","16:22:00",3,"ME",23,0,1.25,0,0,0,0,45.47,-69.51,45.47,-69.51,0,0,0,0,0,21,0,0,0
669751,2022,7,21,"2022-07-21","16:42:00",3,"ND",38,0,1.5,0,0,0,0,46.62,-101.12,46.62,-101.12,0,0,0,0,0,59,0,0,0
669752,2022,7,21,"2022-07-21","16:48:00",3,"AR",5,0,1,0,0,0,0,33.78,-92.49,33.78,-92.49,0,0,0,0,0,13,0,0,0
669753,2022,7,21,"2022-07-21","16:50:00",3,"ND",38,0,1,0,0,0,0,46.62,-100.91,46.62,-100.91,0,0,0,0,0,59,0,0,0
669754,2022,7,21,"2022-07-21","16:51:00",3,"ND",38,0,1,0,0,0,150000,46.6,-100.91,46.6,-100.91,0,0,0,0,0,59,0,0,0
669755,2022,7,21,"2022-07-21","16:59:00",3,"ND",38,0,1,0,0,0,0,46.31,-99.55,46.31,-99.55,0,0,0,0,0,47,0,0,0
669756,2022,7,21,"2022-07-21","17:00:00",3,"AR",5,0,1,0,0,0,0,33.53,-91.44,33.53,-91.44,0,0,0,0,0,17,0,0,0
669757,2022,7,21,"2022-07-21","17:02:00",3,"ND",38,0,1.25,0,0,0,0,46.33,-99.56,46.33,-99.56,0,0,0,0,0,47,0,0,0
669758,2022,7,21,"2022-07-21","17:19:00",3,"AL",1,0,1,0,0,0,0,33.26,-86.89,33.26,-86.89,0,0,0,0,0,117,0,0,0
669759,2022,7,21,"2022-07-21","17:30:00",3,"ND",38,0,1,0,0,0,0,46.08,-98.95,46.08,-98.95,0,0,0,0,0,21,0,0,0
669760,2022,7,21,"2022-07-21","17:40:00",3,"OK",40,0,0.75,0,0,0,0,36.0779,-95.72,36.0779,-95.72,0,0,0,0,0,145,0,0,0
669761,2022,7,21,"2022-07-21","17:45:00",3,"ND",38,0,0.88,0,0,0,0,46.27,-100.23,46.27,-100.23,0,0,0,0,0,29,0,0,0
669762,2022,7,21,"2022-07-21","17:47:00",3,"OK",40,0,1,0,0,0,0,36.0779,-95.72,36.0779,-95.72,0,0,0,0,0,145,0,0,0
669763,2022,7,21,"2022-07-21","17:50:00",3,"OK",40,0,1.13,0,0,0,0,36.0712,-95.6567,36.0712,-95.6567,0,0,0,0,0,145,0,0,0
669764,2022,7,21,"2022-07-21","17:55:00",3,"ND",38,0,1.75,0,0,0,0,46.13,-100.16,46.13,-100.16,0,0,0,0,0,29,0,0,0
669765,2022,7,21,"2022-07-21","18:00:00",3,"MI",26,0,1.25,0,0,1000,0,42.1,-86.49,42.1,-86.49,0,0,0,0,0,21,0,0,0
669766,2022,7,21,"2022-07-21","18:20:00",3,"SD",46,0,1,0,0,0,0,45.83,-98.56,45.83,-98.56,0,0,0,0,0,13,0,0,0
669767,2022,7,21,"2022-07-21","18:35:00",3,"ND",38,0,1.75,0,0,0,0,46.9,-98.85,46.9,-98.85,0,0,0,0,0,93,0,0,0
669768,2022,7,21,"2022-07-21","18:44:00",3,"AZ",4,0,0.88,0,0,0,0,33.4133,-110.8118,33.4133,-110.8118,0,0,0,0,0,7,0,0,0
669769,2022,7,21,"2022-07-21","18:49:00",3,"SD",46,0,1.75,0,0,0,0,45.82,-99.61,45.82,-99.61,0,0,0,0,0,89,0,0,0
669770,2022,7,21,"2022-07-21","18:50:00",3,"NE",31,0,1,0,0,0,0,41.16,-100.84,41.16,-100.84,0,0,0,0,0,111,0,0,0
669771,2022,7,21,"2022-07-21","18:51:00",3,"ND",38,0,1.75,0,0,0,75000,46.77,-98.59,46.77,-98.59,0,0,0,0,0,93,0,0,0
669772,2022,7,21,"2022-07-21","18:55:00",3,"ND",38,0,1.75,0,0,0,0,46.69,-98.52,46.69,-98.52,0,0,0,0,0,93,0,0,0
669773,2022,7,21,"2022-07-21","19:05:00",3,"ND",38,0,1.5,0,0,0,0,46.66,-98.42,46.66,-98.42,0,0,0,0,0,3,0,0,0
669774,2022,7,21,"2022-07-21","19:06:00",3,"SD",46,0,1,0,0,0,0,45.74,-99.36,45.74,-99.36,0,0,0,0,0,89,0,0,0
669775,2022,7,21,"2022-07-21","19:14:00",3,"ND",38,0,1.5,0,0,0,0,46.61,-98.33,46.61,-98.33,0,0,0,0,0,45,0,0,0
669776,2022,7,21,"2022-07-21","19:18:00",3,"SD",46,0,1,0,0,0,0,45.14,-100.62,45.14,-100.62,0,0,0,0,0,41,0,0,0
669777,2022,7,21,"2022-07-21","19:32:00",3,"SD",46,0,1,0,0,0,0,45.53,-99.03,45.53,-99.03,0,0,0,0,0,45,0,0,0
669778,2022,7,21,"2022-07-21","19:32:00",3,"SD",46,0,1,0,0,0,0,45.53,-99.03,45.53,-99.03,0,0,0,0,0,45,0,0,0
669779,2022,7,21,"2022-07-21","19:36:00",3,"ND",38,0,1,0,0,0,0,46.91,-97.41,46.91,-97.41,0,0,0,0,0,17,0,0,0
669780,2022,7,21,"2022-07-21","19:49:00",3,"ND",38,0,1,0,0,0,0,46.5,-99.77,46.5,-99.77,0,0,0,0,0,47,0,0,0
669781,2022,7,21,"2022-07-21","19:51:00",3,"ND",38,0,1.75,0,0,0,0,46.51,-99.76,46.51,-99.76,0,0,0,0,0,47,0,0,0
669782,2022,7,21,"2022-07-21","20:03:00",3,"SD",46,0,1.25,0,0,0,0,43.33,-101.24,43.33,-101.24,0,0,0,0,0,7,0,0,0
669783,2022,7,21,"2022-07-21","20:14:00",3,"SD",46,0,1,0,0,0,0,45.15,-98.5,45.15,-98.5,0,0,0,0,0,115,0,0,0
669784,2022,7,21,"2022-07-21","20:31:00",3,"ND",38,0,1,0,0,0,1e+05,46.23,-99.06,46.23,-99.06,0,0,0,0,0,51,0,0,0
669785,2022,7,21,"2022-07-21","20:33:00",3,"ND",38,0,0.88,0,0,0,0,46.22,-98.99,46.22,-98.99,0,0,0,0,0,21,0,0,0
669786,2022,7,21,"2022-07-21","20:46:00",3,"SD",46,0,1,0,0,0,0,45.36,-98.93,45.36,-98.93,0,0,0,0,0,45,0,0,0
669787,2022,7,21,"2022-07-21","20:48:00",3,"SD",46,0,0.88,0,0,0,0,44.89,-98.1,44.89,-98.1,0,0,0,0,0,115,0,0,0
669788,2022,7,21,"2022-07-21","20:50:00",3,"SD",46,0,1,0,0,0,0,45.37,-98.86,45.37,-98.86,0,0,0,0,0,45,0,0,0
669789,2022,7,21,"2022-07-21","21:00:00",3,"CO",8,0,0.88,0,0,0,0,39.7216,-102.1981,39.7216,-102.1981,0,0,0,0,0,125,0,0,0
669790,2022,7,21,"2022-07-21","21:00:00",3,"NM",35,0,1,0,0,0,0,32.28,-104.1,32.28,-104.1,0,0,0,0,0,15,0,0,0
669791,2022,7,21,"2022-07-21","21:07:00",3,"ND",38,0,1,0,0,0,75000,46,-98.41,46,-98.41,0,0,0,0,0,21,0,0,0
669792,2022,7,21,"2022-07-21","21:26:00",3,"SD",46,0,1,0,0,0,0,45.88,-98.15,45.88,-98.15,0,0,0,0,0,13,0,0,0
669793,2022,7,22,"2022-07-22","00:28:00",3,"SD",46,0,0.75,0,0,0,0,43.33,-96.98,43.33,-96.98,0,0,0,0,0,125,0,0,0
669794,2022,7,22,"2022-07-22","00:30:00",3,"SD",46,0,1,0,0,0,6000,43.32,-96.94,43.32,-96.94,0,0,0,0,0,125,0,0,0
669795,2022,7,22,"2022-07-22","00:40:00",3,"SD",46,0,0.88,0,0,0,0,43.51,-96.79,43.51,-96.79,0,0,0,0,0,99,0,0,0
669796,2022,7,22,"2022-07-22","01:29:00",3,"IA",19,0,0.75,0,0,0,0,43,-96.05,43,-96.05,0,0,0,0,0,167,0,0,0
669797,2022,7,22,"2022-07-22","12:04:00",3,"PA",42,0,1,0,0,0,0,41.39,-77.08,41.39,-77.08,0,0,0,0,0,81,0,0,0
669798,2022,7,22,"2022-07-22","14:17:00",3,"FL",12,0,0.75,0,0,0,0,30.17,-81.61,30.17,-81.61,0,0,0,0,0,31,0,0,0
669799,2022,7,22,"2022-07-22","16:45:00",3,"KS",20,0,0.75,0,0,0,0,39.9678,-100.7895,39.9678,-100.7895,0,0,0,0,0,153,0,0,0
669800,2022,7,22,"2022-07-22","16:52:00",3,"AZ",4,0,1,0,0,0,0,31.54,-110.75,31.54,-110.75,0,0,0,0,0,23,0,0,0
669801,2022,7,22,"2022-07-22","17:00:00",3,"PA",42,0,0.75,0,0,0,0,41.9,-76.13,41.9,-76.13,0,0,0,0,0,115,0,0,0
669802,2022,7,22,"2022-07-22","17:44:00",3,"NY",36,0,0.75,0,0,0,0,42.94,-75.46,42.94,-75.46,0,0,0,0,0,65,0,0,0
669803,2022,7,22,"2022-07-22","18:00:00",3,"KS",20,0,0.75,0,0,0,0,39.1104,-100.9587,39.1104,-100.9587,0,0,0,0,0,109,0,0,0
669804,2022,7,22,"2022-07-22","18:30:00",3,"KS",20,0,1.75,0,0,0,0,39.0176,-101.0076,39.0176,-101.0076,0,0,0,0,0,109,0,0,0
669805,2022,7,22,"2022-07-22","18:39:00",3,"KS",20,0,1,0,0,0,0,39.5305,-100.554,39.5305,-100.554,0,0,0,0,0,179,0,0,0
669806,2022,7,22,"2022-07-22","19:09:00",3,"ND",38,0,1,0,0,0,0,48.82,-101.85,48.82,-101.85,0,0,0,0,0,75,0,0,0
669807,2022,7,22,"2022-07-22","19:10:00",3,"KS",20,0,1.5,0,0,0,0,38.86,-100.8537,38.86,-100.8537,0,0,0,0,0,109,0,0,0
669808,2022,7,22,"2022-07-22","19:27:00",3,"ND",38,0,1.5,0,0,0,0,48.82,-101.66,48.82,-101.66,0,0,0,0,0,75,0,0,0
669809,2022,7,22,"2022-07-22","20:45:00",3,"ND",38,0,1.25,0,0,0,0,48.29,-100.83,48.29,-100.83,0,0,0,0,0,49,0,0,0
669810,2022,7,22,"2022-07-22","21:15:00",3,"ND",38,0,1.5,0,0,0,0,48.02,-100.24,48.02,-100.24,0,0,0,0,0,49,0,0,0
669811,2022,7,22,"2022-07-22","21:34:00",3,"NE",31,0,1.75,0,0,0,0,41.04,-99.29,41.04,-99.29,0,0,0,0,0,19,0,0,0
669812,2022,7,22,"2022-07-22","21:40:00",3,"ND",38,0,1.5,0,0,0,0,47.91,-99.88,47.91,-99.88,0,0,0,0,0,69,0,0,0
669813,2022,7,22,"2022-07-22","22:05:00",3,"IL",17,0,1,0,0,0,0,41.95,-87.74,41.92,-87.65,0,0,0,0,0,31,0,0,0
669814,2022,7,22,"2022-07-22","23:20:00",3,"NE",31,0,1,0,0,0,0,40.95,-99.02,40.95,-99.02,0,0,0,0,0,19,0,0,0
669815,2022,7,22,"2022-07-22","23:27:00",3,"IL",17,0,1,0,0,0,0,42.4168,-88.0881,42.4167,-88.0669,0,0,0,0,0,97,0,0,0
669816,2022,7,22,"2022-07-22","23:59:00",3,"IL",17,0,1,0,0,0,0,42.28,-88.19,42.28,-88.19,0,0,0,0,0,97,0,0,0
669817,2022,7,22,"2022-07-22","23:59:00",3,"IL",17,0,1,0,0,0,0,42.34,-88.2896,42.34,-88.2504,0,0,0,0,0,111,0,0,0
669818,2022,7,23,"2022-07-23","00:13:00",3,"IL",17,0,1.75,0,0,0,0,42.33,-88.19,42.33,-88.19,0,0,0,0,0,97,0,0,0
669819,2022,7,23,"2022-07-23","00:14:00",3,"NE",31,0,1,0,0,0,0,40.78,-98.84,40.78,-98.84,0,0,0,0,0,19,0,0,0
669820,2022,7,23,"2022-07-23","00:19:00",3,"IL",17,0,1,0,0,0,0,42.26,-88.0196,42.26,-87.9804,0,0,0,0,0,97,0,0,0
669821,2022,7,23,"2022-07-23","00:20:00",3,"IL",17,0,1,0,0,0,0,42.35,-88.1,42.35,-88.1,0,0,0,0,0,97,0,0,0
669822,2022,7,23,"2022-07-23","00:21:00",3,"IL",17,0,1,0,0,0,0,42.37,-88.09,42.37,-88.09,0,0,0,0,0,97,0,0,0
669823,2022,7,23,"2022-07-23","00:22:00",3,"IL",17,0,1.5,0,0,0,0,42.35,-88.04,42.35,-88.04,0,0,0,0,0,97,0,0,0
669824,2022,7,23,"2022-07-23","00:39:00",3,"NE",31,0,1,0,0,0,0,40.63,-98.72,40.63,-98.65,0,0,0,0,0,1,0,0,0
669825,2022,7,23,"2022-07-23","00:44:00",3,"IL",17,0,1,0,0,0,0,42.35,-87.89,42.35,-87.89,0,0,0,0,0,97,0,0,0
669826,2022,7,23,"2022-07-23","00:45:00",3,"IL",17,0,1,0,0,0,0,42.35,-88.1,42.35,-88.1,0,0,0,0,0,97,0,0,0
669827,2022,7,23,"2022-07-23","02:05:00",3,"IN",18,0,1,0,0,0,0,41.51,-85.13,41.51,-85.13,0,0,0,0,0,33,0,0,0
669828,2022,7,23,"2022-07-23","02:36:00",3,"ND",38,0,1.25,0,0,1000,0,46.3,-101.33,46.3,-101.33,0,0,0,0,0,37,0,0,0
669829,2022,7,23,"2022-07-23","02:45:00",3,"IN",18,0,1,0,0,0,0,41.61,-85.05,41.61,-85.05,0,0,0,0,0,151,0,0,0
669830,2022,7,23,"2022-07-23","03:10:00",3,"IL",17,0,1,0,0,0,0,42.33,-89.63,42.33,-89.63,0,0,0,0,0,177,0,0,0
669831,2022,7,23,"2022-07-23","05:05:00",3,"SD",46,0,1,0,0,0,0,45.29,-98.04,45.29,-98.04,0,0,0,0,0,13,0,0,0
669832,2022,7,23,"2022-07-23","05:15:00",3,"IN",18,0,1,0,0,0,0,41.41,-86.48,41.41,-86.48,0,0,0,0,0,149,0,0,0
669833,2022,7,23,"2022-07-23","05:29:00",3,"IN",18,0,1,0,0,0,0,41.33,-86.4,41.33,-86.4,0,0,0,0,0,99,0,0,0
669834,2022,7,23,"2022-07-23","06:24:00",3,"IL",17,0,1,0,0,0,0,41.98,-89.58,41.98,-89.58,0,0,0,0,0,141,0,0,0
669835,2022,7,23,"2022-07-23","06:35:00",3,"IN",18,0,1.75,0,0,0,0,41.11,-85.05,41.11,-85.05,0,0,0,0,0,3,0,0,0
669836,2022,7,23,"2022-07-23","08:30:00",3,"MN",27,0,1,0,0,0,0,44.74,-95.22,44.74,-95.22,0,0,0,0,0,129,0,0,0
669837,2022,7,23,"2022-07-23","08:50:00",3,"MN",27,0,1,0,0,0,0,44.53,-94.87,44.53,-94.87,0,0,0,0,0,129,0,0,0
669838,2022,7,23,"2022-07-23","09:02:00",3,"MN",27,0,2,0,0,0,0,44.53,-94.7,44.53,-94.7,0,0,0,0,0,129,0,0,0
669839,2022,7,23,"2022-07-23","09:12:00",3,"IL",17,0,1,0,0,0,0,41.57,-88.25,41.57,-88.25,0,0,0,0,0,197,0,0,0
669840,2022,7,23,"2022-07-23","09:18:00",3,"MN",27,0,1.75,0,0,0,0,44.59,-94.54,44.59,-94.54,0,0,0,0,0,143,0,0,0
669841,2022,7,23,"2022-07-23","09:20:00",3,"MN",27,0,3,0,0,0,0,44.53,-94.52,44.53,-94.52,0,0,0,0,0,143,0,0,0
669842,2022,7,23,"2022-07-23","09:22:00",3,"IL",17,0,1,0,0,0,0,41.72,-88.15,41.72,-88.15,0,0,0,0,0,197,0,0,0
669843,2022,7,23,"2022-07-23","10:03:00",3,"MN",27,0,1.5,0,0,0,0,44.55,-94.22,44.55,-94.22,0,0,0,0,0,143,0,0,0
669844,2022,7,23,"2022-07-23","10:36:00",3,"IN",18,0,1,0,0,0,0,40.8934,-87.2031,40.8934,-87.2031,0,0,0,0,0,73,0,0,0
669845,2022,7,23,"2022-07-23","12:06:00",3,"WV",54,0,0.75,0,0,0,0,40.58,-80.54,40.58,-80.54,0,0,0,0,0,29,0,0,0
669846,2022,7,23,"2022-07-23","12:11:00",3,"MN",27,0,1,0,0,0,0,44.19,-92.63,44.19,-92.63,0,0,0,0,0,109,0,0,0
669847,2022,7,23,"2022-07-23","12:15:00",3,"MN",27,0,1,0,0,0,0,44.17,-92.54,44.17,-92.54,0,0,0,0,0,109,0,0,0
669848,2022,7,23,"2022-07-23","12:16:00",3,"MN",27,0,0.88,0,0,0,0,44.15,-92.54,44.15,-92.54,0,0,0,0,0,109,0,0,0
669849,2022,7,23,"2022-07-23","12:46:00",3,"IL",17,0,1.75,0,0,0,0,40.7066,-88.52,40.7066,-88.52,0,0,0,0,0,105,0,0,0
669850,2022,7,23,"2022-07-23","12:59:00",3,"PA",42,0,1,0,0,0,0,40.52,-80.03,40.52,-80.03,0,0,0,0,0,3,0,0,0
669851,2022,7,23,"2022-07-23","12:59:00",3,"PA",42,0,1,0,0,0,0,40.53,-80.02,40.53,-80.02,0,0,0,0,0,3,0,0,0
669852,2022,7,23,"2022-07-23","13:09:00",3,"IL",17,0,1.75,0,0,0,0,40.62,-88.5372,40.62,-88.5372,0,0,0,0,0,113,0,0,0
669853,2022,7,23,"2022-07-23","13:13:00",3,"PA",42,0,1,0,0,0,0,40.44,-79.85,40.44,-79.85,0,0,0,0,0,3,0,0,0
669854,2022,7,23,"2022-07-23","13:18:00",3,"IA",19,0,1.25,0,0,0,0,43.26,-93.62,43.26,-93.62,0,0,0,0,0,189,0,0,0
669855,2022,7,23,"2022-07-23","13:36:00",3,"PA",42,0,1.25,0,0,0,0,40.27,-79.58,40.27,-79.58,0,0,0,0,0,129,0,0,0
669856,2022,7,23,"2022-07-23","13:50:00",3,"SC",45,0,1,0,0,0,0,32.89,-79.93,32.89,-79.93,0,0,0,0,0,15,0,0,0
669857,2022,7,23,"2022-07-23","13:55:00",3,"SC",45,0,0.75,0,0,0,0,32.85,-79.92,32.85,-79.92,0,0,0,0,0,15,0,0,0
669858,2022,7,23,"2022-07-23","14:24:00",3,"WV",54,0,0.88,0,0,0,0,38.33,-80.64,38.33,-80.64,0,0,0,0,0,67,0,0,0
669859,2022,7,23,"2022-07-23","14:30:00",3,"SC",45,0,0.75,0,0,0,0,32.85,-80.09,32.85,-80.09,0,0,0,0,0,19,0,0,0
669860,2022,7,23,"2022-07-23","15:07:00",3,"NE",31,0,1.5,0,0,0,0,40.79,-99.67,40.79,-99.67,0,0,0,0,0,47,0,0,0
669861,2022,7,23,"2022-07-23","15:13:00",3,"NE",31,0,1,0,0,0,0,40.75,-99.6,40.75,-99.6,0,0,0,0,0,47,0,0,0
669862,2022,7,23,"2022-07-23","15:17:00",3,"NE",31,0,0.88,0,0,0,0,40.75,-99.54,40.75,-99.54,0,0,0,0,0,47,0,0,0
669863,2022,7,23,"2022-07-23","15:40:00",3,"NE",31,0,1.5,0,0,0,0,41.03,-99.21,40.98,-99.22,0,0,0,0,0,19,0,0,0
669864,2022,7,23,"2022-07-23","16:05:00",3,"NC",37,0,0.88,0,0,0,0,36.25,-81.77,36.25,-81.77,0,0,0,0,0,189,0,0,0
669865,2022,7,23,"2022-07-23","16:06:00",3,"PA",42,0,0.88,0,0,0,0,41.791,-78.2698,41.791,-78.2698,0,0,0,0,0,83,0,0,0
669866,2022,7,23,"2022-07-23","16:07:00",3,"NE",31,0,1.25,0,0,0,0,41.13,-98.98,41.13,-98.98,0,0,0,0,0,163,0,0,0
669867,2022,7,23,"2022-07-23","16:44:00",3,"NE",31,0,1,0,0,25000,0,41.29,-98.57,41.29,-98.57,0,0,0,0,0,93,0,0,0
669868,2022,7,23,"2022-07-23","16:55:00",3,"NE",31,0,0.88,0,0,0,0,41.32,-98.46,41.32,-98.46,0,0,0,0,0,93,0,0,0
669869,2022,7,23,"2022-07-23","17:18:00",3,"VT",50,0,1,0,0,0,0,44.9941,-71.6892,44.9941,-71.6892,0,0,0,0,0,9,0,0,0
669870,2022,7,23,"2022-07-23","17:33:00",3,"NC",37,0,1,0,0,0,0,36.41,-81.5,36.41,-81.5,0,0,0,0,0,9,0,0,0
669871,2022,7,23,"2022-07-23","17:35:00",3,"NE",31,0,1.5,0,0,0,0,41.67,-98.12,41.67,-98.12,0,0,0,0,0,11,0,0,0
669872,2022,7,23,"2022-07-23","17:43:00",3,"WI",55,0,0.75,0,0,0,0,43.19,-89.27,43.19,-89.27,0,0,0,0,0,25,0,0,0
669873,2022,7,23,"2022-07-23","17:45:00",3,"NH",33,0,1.25,0,0,0,0,44.9,-71.47,44.9,-71.47,0,0,0,0,0,7,0,0,0
669874,2022,7,23,"2022-07-23","17:47:00",3,"NE",31,0,1.25,0,0,0,0,41.69,-98.01,41.69,-98.01,0,0,0,0,0,11,0,0,0
669875,2022,7,23,"2022-07-23","18:06:00",3,"WI",55,0,1,0,0,0,0,43.06,-89.34,43.06,-89.34,0,0,0,0,0,25,0,0,0
669876,2022,7,23,"2022-07-23","18:09:00",3,"WI",55,0,0.75,0,0,0,0,43.03,-89.25,43.03,-89.25,0,0,0,0,0,25,0,0,0
669877,2022,7,23,"2022-07-23","18:13:00",3,"WI",55,0,0.75,0,0,0,0,43.01,-89.29,43.01,-89.29,0,0,0,0,0,25,0,0,0
669878,2022,7,23,"2022-07-23","18:43:00",3,"WI",55,0,2.5,0,0,0,0,42.88,-89.06,42.88,-89.06,0,0,0,0,0,25,0,0,0
669879,2022,7,23,"2022-07-23","18:45:00",3,"WI",55,0,1,0,0,0,0,42.88,-89.07,42.88,-89.07,0,0,0,0,0,25,0,0,0
669880,2022,7,23,"2022-07-23","18:47:00",3,"WI",55,0,1.25,0,0,0,0,42.84,-89.04,42.84,-89.04,0,0,0,0,0,105,0,0,0
669881,2022,7,23,"2022-07-23","18:48:00",3,"WI",55,0,2,0,0,0,0,42.88,-89.04,42.88,-89.04,0,0,0,0,0,25,0,0,0
669882,2022,7,23,"2022-07-23","18:51:00",3,"WI",55,0,1.75,0,0,0,0,42.84,-89,42.84,-89,0,0,0,0,0,105,0,0,0
669883,2022,7,23,"2022-07-23","18:55:00",3,"WI",55,0,1.25,0,0,0,0,42.83,-89.02,42.83,-89.02,0,0,0,0,0,105,0,0,0
669884,2022,7,23,"2022-07-23","19:00:00",3,"WI",55,0,2,0,0,0,0,42.84,-89.03,42.84,-89.03,0,0,0,0,0,105,0,0,0
669885,2022,7,23,"2022-07-23","19:00:00",3,"WI",55,0,1,0,0,0,0,42.83,-88.99,42.83,-88.99,0,0,0,0,0,105,0,0,0
669886,2022,7,23,"2022-07-23","19:48:00",3,"WI",55,0,1,0,0,0,0,42.67,-88.54,42.67,-88.54,0,0,0,0,0,127,0,0,0
669887,2022,7,23,"2022-07-23","19:53:00",3,"WI",55,0,0.75,0,0,0,0,42.67,-88.53,42.67,-88.53,0,0,0,0,0,127,0,0,0
669888,2022,7,23,"2022-07-23","20:54:00",3,"WI",55,0,0.75,0,0,0,0,43.85,-87.76,43.85,-87.76,0,0,0,0,0,117,0,0,0
669889,2022,7,23,"2022-07-23","21:14:00",3,"MN",27,0,0.75,0,0,0,0,43.69,-92.43,43.69,-92.43,0,0,0,0,0,45,0,0,0
669890,2022,7,23,"2022-07-23","22:45:00",3,"WI",55,0,0.75,0,0,0,0,43.11,-88.04,43.11,-88.04,0,0,0,0,0,79,0,0,0
669891,2022,7,24,"2022-07-24","06:09:00",3,"PA",42,0,0.75,0,0,0,0,39.9,-79.99,39.9,-79.99,0,0,0,0,0,59,0,0,0
669892,2022,7,24,"2022-07-24","14:08:00",3,"MT",30,0,1,0,0,0,0,46.24,-112.12,46.24,-112.12,0,0,0,0,0,43,0,0,0
669893,2022,7,24,"2022-07-24","16:12:00",3,"IL",17,0,1,0,0,0,0,38.7083,-88.9959,38.7221,-88.9105,0,0,0,0,0,121,0,0,0
669894,2022,7,24,"2022-07-24","16:30:00",3,"ME",23,0,2.5,0,0,0,0,46.97,-68.88,46.97,-68.88,0,0,0,0,0,3,0,0,0
669895,2022,7,24,"2022-07-24","16:43:00",3,"ME",23,0,2.5,0,0,0,0,47,-68.63,47,-68.63,0,0,0,0,0,3,0,0,0
669896,2022,7,24,"2022-07-24","16:45:00",3,"ME",23,0,1.75,0,0,0,0,47.04,-68.59,47.04,-68.59,0,0,0,0,0,3,0,0,0
669897,2022,7,24,"2022-07-24","16:48:00",3,"ME",23,0,1.75,0,0,0,0,46.97,-68.59,46.97,-68.59,0,0,0,0,0,3,0,0,0
669898,2022,7,24,"2022-07-24","17:27:00",3,"IL",17,0,1,0,0,0,0,38.5412,-88.9122,38.5412,-88.9122,0,0,0,0,0,121,0,0,0
669899,2022,7,24,"2022-07-24","17:45:00",3,"MT",30,0,1,0,0,0,0,45.97,-109.25,45.97,-109.25,0,0,0,0,0,95,0,0,0
669900,2022,7,24,"2022-07-24","18:05:00",3,"IN",18,0,0.88,0,0,0,0,39.75,-86.4,39.75,-86.4,0,0,0,0,0,63,0,0,0
669901,2022,7,24,"2022-07-24","18:45:00",3,"MT",30,0,1,0,0,0,0,45.8,-108.63,45.8,-108.63,0,0,0,0,0,111,0,0,0
669902,2022,7,24,"2022-07-24","18:50:00",3,"MT",30,0,1.5,0,0,0,0,45.8,-108.63,45.8,-108.63,0,0,0,0,0,111,0,0,0
669903,2022,7,24,"2022-07-24","18:57:00",3,"MT",30,0,1,0,0,0,0,45.8,-108.59,45.8,-108.59,0,0,0,0,0,111,0,0,0
669904,2022,7,24,"2022-07-24","19:00:00",3,"MT",30,0,1,0,0,0,0,45.76,-108.51,45.76,-108.51,0,0,0,0,0,111,0,0,0
669905,2022,7,24,"2022-07-24","19:05:00",3,"MT",30,0,1.5,0,0,0,0,45.78,-108.51,45.78,-108.51,0,0,0,0,0,111,0,0,0
669906,2022,7,24,"2022-07-24","19:10:00",3,"CO",8,0,0.75,0,0,0,0,39.4471,-103.1488,39.4471,-103.1488,0,0,0,0,0,63,0,0,0
669907,2022,7,24,"2022-07-24","19:10:00",3,"MT",30,0,1.25,0,0,0,0,45.79,-108.55,45.79,-108.55,0,0,0,0,0,111,0,0,0
669908,2022,7,25,"2022-07-25","11:40:00",3,"NY",36,0,1,0,0,0,0,40.79,-73.63,40.79,-73.63,0,0,0,0,0,59,0,0,0
669909,2022,7,25,"2022-07-25","11:45:00",3,"NY",36,0,1,0,0,0,0,40.81,-73.49,40.81,-73.49,0,0,0,0,0,59,0,0,0
669910,2022,7,25,"2022-07-25","12:30:00",3,"NH",33,0,1,0,0,0,0,44.3445,-71.64,44.3445,-71.64,0,0,0,0,0,7,0,0,0
669911,2022,7,25,"2022-07-25","13:32:00",3,"VA",51,0,1.75,0,0,0,0,38.0287,-78.4395,38.0287,-78.4395,0,0,0,0,0,3,0,0,0
669912,2022,7,25,"2022-07-25","14:49:00",3,"NH",33,0,1,0,0,0,0,43.89,-71.14,43.89,-71.14,0,0,0,0,0,3,0,0,0
669913,2022,7,25,"2022-07-25","16:19:00",3,"CO",8,0,1,0,0,0,0,38.68,-104.76,38.68,-104.76,0,0,0,0,0,41,0,0,0
669914,2022,7,26,"2022-07-26","13:00:00",3,"MO",29,0,0.75,0,0,0,0,36.45,-89.97,36.45,-89.97,0,0,0,0,0,69,0,0,0
669915,2022,7,26,"2022-07-26","15:52:00",3,"CO",8,0,0.75,0,0,0,0,40.1,-105.17,40.1,-105.17,0,0,0,0,0,13,0,0,0
669916,2022,7,26,"2022-07-26","16:44:00",3,"NE",31,0,1.5,0,0,0,0,41.13,-101.66,41.13,-101.66,0,0,0,0,0,101,0,0,0
669917,2022,7,26,"2022-07-26","16:44:00",3,"NE",31,0,1,0,0,0,0,41.21,-99.26,41.21,-99.26,0,0,0,0,0,41,0,0,0
669918,2022,7,26,"2022-07-26","16:45:00",3,"CO",8,0,1.25,0,0,0,0,39.2997,-102.7044,39.2997,-102.7044,0,0,0,0,0,63,0,0,0
669919,2022,7,26,"2022-07-26","17:09:00",3,"CO",8,0,1,0,0,0,0,39.6176,-104.7611,39.6176,-104.7611,0,0,0,0,0,5,0,0,0
669920,2022,7,26,"2022-07-26","17:10:00",3,"CO",8,0,1,0,0,0,0,39.2103,-102.6901,39.2103,-102.6901,0,0,0,0,0,63,0,0,0
669921,2022,7,26,"2022-07-26","17:10:00",3,"NE",31,0,1.5,0,0,0,0,40.9,-98.46,40.87,-98.34,0,0,0,0,0,79,0,0,0
669922,2022,7,26,"2022-07-26","17:21:00",3,"NE",31,0,0.75,0,0,0,0,40.92,-98.4,40.92,-98.4,0,0,0,0,0,79,0,0,0
669923,2022,7,26,"2022-07-26","17:35:00",3,"NE",31,0,1.75,0,0,50000,1e+06,40.83,-98.25,40.83,-98.25,0,0,0,0,0,81,0,0,0
669924,2022,7,26,"2022-07-26","17:45:00",3,"NE",31,0,2,0,0,250000,5e+06,40.77,-98.21,40.77,-98.13,0,0,0,0,0,81,0,0,0
669925,2022,7,26,"2022-07-26","18:03:00",3,"KS",20,0,0.75,0,0,0,0,38.07,-101.7,38.07,-101.7,0,0,0,0,0,75,0,0,0
669926,2022,7,26,"2022-07-26","18:45:00",3,"KS",20,0,0.88,0,0,0,0,38.1,-101.67,38.1,-101.67,0,0,0,0,0,75,0,0,0
669927,2022,7,26,"2022-07-26","18:49:00",3,"NE",31,0,1,0,0,0,0,40.63,-97.71,40.63,-97.71,0,0,0,0,0,59,0,0,0
669928,2022,7,26,"2022-07-26","19:25:00",3,"KS",20,0,0.88,0,0,0,0,38.3986,-101.405,38.3986,-101.405,0,0,0,0,0,203,0,0,0
669929,2022,7,26,"2022-07-26","19:25:00",3,"KS",20,0,0.75,0,0,0,0,38.3576,-101.4221,38.3576,-101.4221,0,0,0,0,0,203,0,0,0
669930,2022,7,27,"2022-07-27","16:05:00",3,"MO",29,0,1,0,0,0,0,36.65,-94.17,36.65,-94.17,0,0,0,0,0,119,0,0,0
669931,2022,7,27,"2022-07-27","16:14:00",3,"OK",40,0,0.75,0,0,0,0,36.03,-95.78,36.03,-95.78,0,0,0,0,0,143,0,0,0
669932,2022,7,27,"2022-07-27","17:25:00",3,"CO",8,0,1,0,0,0,0,40.77,-104.69,40.77,-104.69,0,0,0,0,0,123,0,0,0
669933,2022,7,27,"2022-07-27","17:40:00",3,"WY",56,0,1,0,0,0,0,41.15,-104.86,41.15,-104.86,0,0,0,0,0,21,0,0,0
669934,2022,7,27,"2022-07-27","17:48:00",3,"CO",8,0,1,0,0,0,0,40.64,-104.68,40.64,-104.68,0,0,0,0,0,123,0,0,0
669935,2022,7,27,"2022-07-27","18:03:00",3,"CO",8,0,1.5,0,0,0,0,40.58,-104.6,40.58,-104.6,0,0,0,0,0,123,0,0,0
669936,2022,7,27,"2022-07-27","18:08:00",3,"CO",8,0,1,0,0,0,0,40.55,-104.58,40.55,-104.58,0,0,0,0,0,123,0,0,0
669937,2022,7,27,"2022-07-27","18:43:00",3,"WY",56,0,1.75,0,0,0,0,41.3,-104.3,41.3,-104.3,0,0,0,0,0,21,0,0,0
669938,2022,7,27,"2022-07-27","19:20:00",3,"CO",8,0,3.75,0,0,0,0,40.25,-102.36,40.25,-102.36,0,0,0,0,0,125,0,0,0
669939,2022,7,27,"2022-07-27","19:30:00",3,"CO",8,0,0.75,0,0,0,0,40.1924,-102.72,40.1924,-102.72,0,0,0,0,0,125,0,0,0
669940,2022,7,27,"2022-07-27","19:35:00",3,"CO",8,0,1,0,0,0,0,40.73,-104.97,40.73,-104.97,0,0,0,0,0,69,0,0,0
669941,2022,7,27,"2022-07-27","19:39:00",3,"CO",8,0,1.25,0,0,0,0,40.73,-104.96,40.73,-104.96,0,0,0,0,0,69,0,0,0
669942,2022,7,27,"2022-07-27","19:40:00",3,"CO",8,0,0.75,0,0,0,0,40.13,-102.74,40.13,-102.74,0,0,0,0,0,125,0,0,0
669943,2022,7,27,"2022-07-27","19:41:00",3,"CO",8,0,1,0,0,0,0,40.71,-105.02,40.71,-105.02,0,0,0,0,0,69,0,0,0
669944,2022,7,27,"2022-07-27","19:44:00",3,"CO",8,0,1,0,0,0,0,40.64,-104.68,40.64,-104.68,0,0,0,0,0,123,0,0,0
669945,2022,7,27,"2022-07-27","19:45:00",3,"CO",8,0,1.5,0,0,0,0,40.7,-105,40.7,-105,0,0,0,0,0,69,0,0,0
669946,2022,7,27,"2022-07-27","19:47:00",3,"CO",8,0,1.75,0,0,0,0,40.69,-105,40.69,-105,0,0,0,0,0,69,0,0,0
669947,2022,7,27,"2022-07-27","19:47:00",3,"CO",8,0,2,0,0,0,0,40.67,-104.96,40.67,-104.96,0,0,0,0,0,69,0,0,0
669948,2022,7,27,"2022-07-27","19:48:00",3,"CO",8,0,1.75,0,0,0,0,40.7,-105.01,40.7,-105.01,0,0,0,0,0,69,0,0,0
669949,2022,7,27,"2022-07-27","19:53:00",3,"CO",8,0,1.5,0,0,0,0,40.65,-104.96,40.65,-104.96,0,0,0,0,0,69,0,0,0
669950,2022,7,27,"2022-07-27","19:54:00",3,"CO",8,0,1,0,0,0,0,40.11,-102.32,40.11,-102.32,0,0,0,0,0,125,0,0,0
669951,2022,7,27,"2022-07-27","19:59:00",3,"NE",31,0,1,0,0,0,0,41.09,-102.03,41.09,-102.03,0,0,0,0,0,101,0,0,0
669952,2022,7,27,"2022-07-27","20:00:00",3,"CO",8,0,0.75,0,0,0,0,40.03,-102.76,40.03,-102.76,0,0,0,0,0,125,0,0,0
669953,2022,7,27,"2022-07-27","20:00:00",3,"CO",8,0,1.25,0,0,0,0,40.59,-104.96,40.59,-104.96,0,0,0,0,0,69,0,0,0
669954,2022,7,27,"2022-07-27","20:02:00",3,"CO",8,0,2.5,0,0,0,0,40.62,-104.94,40.62,-104.94,0,0,0,0,0,123,0,0,0
669955,2022,7,27,"2022-07-27","20:05:00",3,"CO",8,0,2.5,0,0,0,0,40.08,-102.28,40.08,-102.28,0,0,0,0,0,125,0,0,0
669956,2022,7,27,"2022-07-27","20:08:00",3,"CO",8,0,2.25,0,0,0,0,40.58,-104.93,40.58,-104.93,0,0,0,0,0,123,0,0,0
669957,2022,7,27,"2022-07-27","20:09:00",3,"WY",56,0,0.88,0,0,0,0,42.05,-104.96,42.05,-104.96,0,0,0,0,0,31,0,0,0
669958,2022,7,27,"2022-07-27","20:13:00",3,"CO",8,0,1.25,0,0,0,0,40.04,-102.28,40.04,-102.28,0,0,0,0,0,125,0,0,0
669959,2022,7,27,"2022-07-27","20:15:00",3,"CO",8,0,1.5,0,0,0,0,40.51,-104.86,40.51,-104.86,0,0,0,0,0,123,0,0,0
669960,2022,7,27,"2022-07-27","20:27:00",3,"CO",8,0,1.75,0,0,0,0,40.53,-104.85,40.53,-104.85,0,0,0,0,0,123,0,0,0
669961,2022,7,27,"2022-07-27","20:30:00",3,"CO",8,0,3,0,0,0,0,39.98,-102.24,39.98,-102.24,0,0,0,0,0,125,0,0,0
669962,2022,7,27,"2022-07-27","20:30:00",3,"CO",8,0,2,0,0,0,0,40.08,-102.24,40.08,-102.24,0,0,0,0,0,125,0,0,0
669963,2022,7,27,"2022-07-27","20:33:00",3,"CO",8,0,2,0,0,0,0,39.95,-102.24,39.95,-102.24,0,0,0,0,0,125,0,0,0
669964,2022,7,27,"2022-07-27","20:35:00",3,"CO",8,0,1.75,0,0,0,0,39.98,-102.24,39.98,-102.24,0,0,0,0,0,125,0,0,0
669965,2022,7,27,"2022-07-27","20:37:00",3,"CO",8,0,1.5,0,0,0,0,40.52,-104.85,40.52,-104.85,0,0,0,0,0,123,0,0,0
669966,2022,7,27,"2022-07-27","20:48:00",3,"CO",8,0,1.5,0,0,0,0,40.54,-105.39,40.54,-105.39,0,0,0,0,0,69,0,0,0
669967,2022,7,27,"2022-07-27","20:49:00",3,"CO",8,0,1,0,0,0,0,40.1,-102.37,40.1,-102.37,0,0,0,0,0,125,0,0,0
669968,2022,7,27,"2022-07-27","20:50:00",3,"CO",8,0,1,0,0,0,0,40.08,-102.36,40.08,-102.36,0,0,0,0,0,125,0,0,0
669969,2022,7,27,"2022-07-27","20:53:00",3,"CO",8,0,0.88,0,0,0,0,40.08,-102.42,40.08,-102.42,0,0,0,0,0,125,0,0,0
669970,2022,7,27,"2022-07-27","21:24:00",3,"CO",8,0,1,0,0,0,0,39.87,-102.18,39.87,-102.18,0,0,0,0,0,125,0,0,0
669971,2022,7,27,"2022-07-27","21:29:00",3,"NE",31,0,0.75,0,0,0,0,40.0632,-101.23,40.0632,-101.23,0,0,0,0,0,87,0,0,0
669972,2022,7,27,"2022-07-27","21:30:00",3,"CO",8,0,0.75,0,0,0,0,40.38,-105.52,40.38,-105.52,0,0,0,0,0,69,0,0,0
669973,2022,7,27,"2022-07-27","21:38:00",3,"NE",31,0,0.88,0,0,0,0,41.96,-103.92,41.96,-103.92,0,0,0,0,0,157,0,0,0
669974,2022,7,27,"2022-07-27","22:00:00",3,"CO",8,0,1,0,0,0,0,40.02,-105.41,40.02,-105.41,0,0,0,0,0,13,0,0,0
669975,2022,7,27,"2022-07-27","22:25:00",3,"NE",31,0,0.75,0,0,0,0,40.0531,-101.3638,40.0531,-101.3638,0,0,0,0,0,57,0,0,0
669976,2022,7,27,"2022-07-27","23:00:00",3,"CO",8,0,1.75,0,0,0,0,39.39,-102.35,39.39,-102.35,0,0,0,0,0,63,0,0,0
669977,2022,7,27,"2022-07-27","23:02:00",3,"CO",8,0,2,0,0,0,0,39.43,-102.35,39.43,-102.35,0,0,0,0,0,63,0,0,0
669978,2022,7,27,"2022-07-27","23:15:00",3,"CO",8,0,1.75,0,0,0,0,39.4,-102.35,39.4,-102.35,0,0,0,0,0,63,0,0,0
669979,2022,7,27,"2022-07-27","23:23:00",3,"CO",8,0,1,0,0,0,0,39.56,-105.01,39.56,-105.01,0,0,0,0,0,35,0,0,0
669980,2022,7,28,"2022-07-28","00:15:00",3,"CO",8,0,1,0,0,0,0,40.13,-103.21,40.13,-103.21,0,0,0,0,0,121,0,0,0
669981,2022,7,28,"2022-07-28","14:11:00",3,"AR",5,0,1,0,0,0,0,34.32,-93.17,34.32,-93.17,0,0,0,0,0,59,0,0,0
669982,2022,7,28,"2022-07-28","18:46:00",3,"WA",53,0,1.75,0,0,0,0,46.032,-120.358,45.999,-120.3,0,0,0,0,0,39,0,0,0
669983,2022,7,28,"2022-07-28","19:32:00",3,"OK",40,0,1.25,0,0,0,0,35.39,-97.94,35.39,-97.94,0,0,0,0,0,17,0,0,0
669984,2022,7,28,"2022-07-28","20:10:00",3,"OK",40,0,1,0,0,0,0,36.2171,-96.3906,36.2171,-96.3906,0,0,0,0,0,117,0,0,0
669985,2022,7,29,"2022-07-29","15:45:00",3,"SD",46,0,1.75,0,0,0,0,43.5479,-103.31,43.5479,-103.31,0,0,0,0,0,33,0,0,0
669986,2022,7,29,"2022-07-29","16:30:00",3,"NM",35,0,1,0,0,2000,0,35.38,-103.45,35.38,-103.45,0,0,0,0,0,37,0,0,0
669987,2022,7,29,"2022-07-29","17:01:00",3,"SD",46,0,1,0,0,0,0,44.0391,-103.287,44.0391,-103.287,0,0,0,0,0,103,0,0,0
669988,2022,7,30,"2022-07-30","15:36:00",3,"SC",45,0,0.88,0,0,0,0,34.555,-82.684,34.555,-82.684,0,0,0,0,0,7,0,0,0
669989,2022,7,30,"2022-07-30","16:20:00",3,"ND",38,0,1,0,0,0,0,47.45,-100.01,47.45,-100.01,0,0,0,0,0,103,0,0,0
669990,2022,7,31,"2022-07-31","17:47:00",3,"AZ",4,0,1,0,0,0,0,32.52,-110.92,32.52,-110.92,0,0,0,0,0,21,0,0,0
669991,2022,7,31,"2022-07-31","18:42:00",3,"CA",6,0,1.25,0,0,0,0,40.4422,-120.7203,40.4422,-120.7203,0,0,0,0,0,35,0,0,0
669094,2022,7,1,"2022-07-01","09:44:00",3,"FL",12,0,0.75,0,0,0,0,28.19,-82.74,28.19,-82.74,0,0,0,0,0,101,0,0,0
669095,2022,7,1,"2022-07-01","12:06:00",3,"PA",42,0,1,0,0,0,0,40.32,-75.99,40.32,-75.99,0,0,0,0,0,11,0,0,0
669096,2022,7,1,"2022-07-01","12:07:00",3,"PA",42,0,0.75,0,0,0,0,40.32,-76.03,40.32,-76.03,0,0,0,0,0,11,0,0,0
669097,2022,7,1,"2022-07-01","12:08:00",3,"PA",42,0,1,0,0,0,0,40.32,-75.99,40.32,-75.99,0,0,0,0,0,11,0,0,0
669098,2022,7,1,"2022-07-01","12:09:00",3,"PA",42,0,0.75,0,0,0,0,40.32,-76.01,40.32,-76.01,0,0,0,0,0,11,0,0,0
669099,2022,7,1,"2022-07-01","12:10:00",3,"PA",42,0,0.88,0,0,0,0,40.34,-75.96,40.34,-75.96,0,0,0,0,0,11,0,0,0
669100,2022,7,1,"2022-07-01","12:10:00",3,"PA",42,0,1,0,0,0,0,40.31,-75.97,40.31,-75.97,0,0,0,0,0,11,0,0,0
669101,2022,7,1,"2022-07-01","12:15:00",3,"PA",42,0,1,0,0,0,0,40.11,-76.07,40.11,-76.07,0,0,0,0,0,71,0,0,0
669102,2022,7,1,"2022-07-01","12:45:00",3,"VA",51,0,1,0,0,0,0,38.4328,-79.1217,38.4328,-79.1217,0,0,0,0,0,165,0,0,0
669103,2022,7,1,"2022-07-01","14:10:00",3,"CO",8,0,1.75,0,0,0,0,37.33,-104.75,37.33,-104.75,0,0,0,0,0,71,0,0,0
669104,2022,7,1,"2022-07-01","14:33:00",3,"OH",39,0,1.25,0,0,0,0,39.76,-82.27,39.76,-82.27,0,0,0,0,0,127,0,0,0
669105,2022,7,1,"2022-07-01","15:37:00",3,"PA",42,0,1,0,0,0,0,41.37,-75.74,41.37,-75.74,0,0,0,0,0,69,0,0,0
669106,2022,7,1,"2022-07-01","15:37:00",3,"PA",42,0,1,0,0,0,0,41.34,-75.74,41.34,-75.74,0,0,0,0,0,79,0,0,0
669107,2022,7,1,"2022-07-01","16:08:00",3,"KS",20,0,1.75,0,0,0,0,38.14,-97.52,38.14,-97.52,0,0,0,0,0,79,0,0,0
669108,2022,7,1,"2022-07-01","16:10:00",3,"KS",20,0,1.75,0,0,0,0,38.14,-97.5,38.14,-97.5,0,0,0,0,0,79,0,0,0
669109,2022,7,1,"2022-07-01","16:20:00",3,"WY",56,0,0.88,0,0,0,0,43.67,-104.27,43.67,-104.27,0,0,0,0,0,45,0,0,0
669110,2022,7,1,"2022-07-01","16:38:00",3,"NC",37,0,0.75,0,0,0,0,35.28,-82.5,35.28,-82.5,0,0,0,0,0,89,0,0,0
669111,2022,7,1,"2022-07-01","16:42:00",3,"SD",46,0,0.88,0,0,0,0,44.12,-103.07,44.12,-103.07,0,0,0,0,0,103,0,0,0
669112,2022,7,1,"2022-07-01","17:10:00",3,"OH",39,0,0.88,0,0,0,0,39.8,-81.89,39.8,-81.89,0,0,0,0,0,119,0,0,0
669113,2022,7,1,"2022-07-01","17:21:00",3,"KS",20,0,1.25,0,0,0,0,39.27,-96.72,39.27,-96.72,0,0,0,0,0,161,0,0,0
669114,2022,7,1,"2022-07-01","17:26:00",3,"KS",20,0,1.25,0,0,0,0,39.28,-96.71,39.28,-96.71,0,0,0,0,0,161,0,0,0
669115,2022,7,1,"2022-07-01","17:54:00",3,"MT",30,0,1.75,0,0,0,0,46.42,-105.83,46.42,-105.83,0,0,0,0,0,17,0,0,0
669116,2022,7,1,"2022-07-01","18:05:00",3,"MT",30,0,0.88,0,0,0,0,46.38,-105.57,46.38,-105.57,0,0,0,0,0,17,0,0,0
669117,2022,7,1,"2022-07-01","18:16:00",3,"MT",30,0,1,0,0,0,0,46.39,-105.66,46.39,-105.66,0,0,0,0,0,17,0,0,0
669118,2022,7,1,"2022-07-01","19:44:00",3,"MT",30,0,1.5,0,0,0,0,48.9,-105.16,48.9,-105.16,0,0,0,0,0,19,0,0,0
669119,2022,7,1,"2022-07-01","19:44:00",3,"MT",30,0,1.25,0,0,0,0,48.88,-105.16,48.88,-105.16,0,0,0,0,0,19,0,0,0
669120,2022,7,1,"2022-07-01","20:31:00",3,"MT",30,0,1,0,0,0,0,48.61,-104.74,48.61,-104.74,0,0,0,0,0,91,0,0,0
669121,2022,7,1,"2022-07-01","21:17:00",3,"MT",30,0,1,0,0,0,0,45.67,-108.77,45.67,-108.77,0,0,0,0,0,111,0,0,0
669122,2022,7,1,"2022-07-01","21:18:00",3,"MT",30,0,1,0,0,0,0,45.68,-108.77,45.68,-108.77,0,0,0,0,0,111,0,0,0
669123,2022,7,1,"2022-07-01","21:20:00",3,"MT",30,0,0.88,0,0,0,0,45.67,-108.77,45.67,-108.77,0,0,0,0,0,111,0,0,0
669124,2022,7,2,"2022-07-02","13:43:00",3,"PA",42,0,1.5,0,0,0,0,39.86,-76.15,39.86,-76.15,0,0,0,0,0,71,0,0,0
669125,2022,7,2,"2022-07-02","13:58:00",3,"WV",54,0,0.75,0,0,0,0,38,-81.86,38,-81.86,0,0,0,0,0,5,0,0,0
669126,2022,7,2,"2022-07-02","14:27:00",3,"ME",23,0,1,0,0,0,0,44.54,-68.31,44.54,-68.31,0,0,0,0,0,9,0,0,0
669127,2022,7,2,"2022-07-02","14:35:00",3,"PA",42,0,1,0,0,0,0,39.7272,-77.3117,39.7272,-77.3117,0,0,0,0,0,1,0,0,0
669128,2022,7,2,"2022-07-02","15:05:00",3,"PA",42,0,1,0,0,0,0,39.8,-77.03,39.8,-77.03,0,0,0,0,0,1,0,0,0
669129,2022,7,2,"2022-07-02","15:28:00",3,"OR",41,0,1,0,0,0,0,45.033,-118.459,45.384,-118.547,0,0,0,0,0,59,0,0,0
669130,2022,7,2,"2022-07-02","15:34:00",3,"SD",46,0,1,0,0,0,0,44.0911,-103.2672,44.0911,-103.2672,0,0,0,0,0,103,0,0,0
669131,2022,7,2,"2022-07-02","16:02:00",3,"OK",40,0,1,0,0,0,0,36.46,-97.87,36.46,-97.87,0,0,0,0,0,47,0,0,0
669132,2022,7,2,"2022-07-02","16:15:00",3,"PA",42,0,1,0,0,0,0,40.03,-76.53,40.03,-76.53,0,0,0,0,0,133,0,0,0
669133,2022,7,2,"2022-07-02","16:17:00",3,"NJ",34,0,1,0,0,0,0,40.29,-74.02,40.29,-74.02,0,0,0,0,0,25,0,0,0
669134,2022,7,2,"2022-07-02","16:18:00",3,"PA",42,0,1,0,0,0,0,40.06,-76.53,40.06,-76.53,0,0,0,0,0,71,0,0,0
669135,2022,7,2,"2022-07-02","16:20:00",3,"NJ",34,0,1.5,0,0,0,0,40.31,-74.06,40.31,-74.06,0,0,0,0,0,25,0,0,0
669136,2022,7,2,"2022-07-02","16:20:00",3,"NJ",34,0,0.88,0,0,0,0,40.27,-74.02,40.27,-74.02,0,0,0,0,0,25,0,0,0
669137,2022,7,2,"2022-07-02","16:20:00",3,"MT",30,0,1,0,0,0,0,47.11,-105.49,47.11,-105.49,0,0,0,0,0,79,0,0,0
669138,2022,7,2,"2022-07-02","16:20:00",3,"MT",30,0,1,0,0,0,0,48.41,-105.82,48.41,-105.82,0,0,0,0,0,105,0,0,0
669139,2022,7,2,"2022-07-02","16:21:00",3,"NJ",34,0,1.25,0,0,0,0,40.29,-74.02,40.29,-74.02,0,0,0,0,0,25,0,0,0
669140,2022,7,2,"2022-07-02","16:31:00",3,"PA",42,0,1,0,0,0,0,40.09,-76.42,40.09,-76.42,0,0,0,0,0,71,0,0,0
669141,2022,7,2,"2022-07-02","16:40:00",3,"SD",46,0,1,0,0,0,0,44.0966,-103.2859,44.0966,-103.2859,0,0,0,0,0,103,0,0,0
669142,2022,7,2,"2022-07-02","16:47:00",3,"MT",30,0,1,0,0,0,0,47.06,-105.36,47.06,-105.36,0,0,0,0,0,79,0,0,0
669143,2022,7,2,"2022-07-02","17:10:00",3,"ID",16,0,1.25,0,0,0,0,43.47,-111.98,43.47,-111.98,0,0,0,0,0,19,0,0,0
669144,2022,7,2,"2022-07-02","17:40:00",3,"OR",41,0,1,0,0,0,0,44.697,-120.102,44.996,-119.718,0,0,0,0,0,69,0,0,0
669145,2022,7,2,"2022-07-02","18:00:00",3,"MT",30,0,1,0,0,0,0,46.96,-104.19,46.96,-104.19,0,0,0,0,0,109,0,0,0
669146,2022,7,2,"2022-07-02","18:10:00",3,"MT",30,0,1,0,0,0,0,46.95,-104.18,46.95,-104.18,0,0,0,0,0,109,0,0,0
669147,2022,7,2,"2022-07-02","18:18:00",3,"MT",30,0,1,0,0,0,0,46.92,-104.07,46.92,-104.07,0,0,0,0,0,109,0,0,0
669148,2022,7,2,"2022-07-02","18:18:00",3,"SD",46,0,1.25,0,0,0,0,43.17,-97.87,43.17,-97.87,0,0,0,0,0,9,0,0,0
669149,2022,7,2,"2022-07-02","18:30:00",3,"MT",30,0,1,0,0,0,0,46.96,-104.19,46.96,-104.19,0,0,0,0,0,109,0,0,0
669150,2022,7,2,"2022-07-02","18:38:00",3,"ND",38,0,0.88,0,0,0,0,46.48,-103.37,46.48,-103.37,0,0,0,0,0,87,0,0,0
669151,2022,7,2,"2022-07-02","18:41:00",3,"NC",37,0,0.75,0,0,0,0,35.81,-81.66,35.81,-81.66,0,0,0,0,0,23,0,0,0
669152,2022,7,2,"2022-07-02","18:45:00",3,"OR",41,0,1.75,0,0,0,0,44.002,-121.269,44.115,-121.338,0,0,0,0,0,17,0,0,0
669153,2022,7,2,"2022-07-02","19:00:00",3,"SD",46,0,0.88,0,0,0,0,42.99,-97.87,42.99,-97.87,0,0,0,0,0,9,0,0,0
669154,2022,7,2,"2022-07-02","19:24:00",3,"OR",41,0,1,0,0,0,0,44.837,-119.184,44.99,-118.93,0,0,0,0,0,23,0,0,0
669155,2022,7,2,"2022-07-02","19:29:00",3,"SD",46,0,1,0,0,0,0,42.87,-97.92,42.87,-97.92,0,0,0,0,0,9,0,0,0
669156,2022,7,2,"2022-07-02","19:40:00",3,"ND",38,0,1,0,0,0,0,47.97,-101.88,47.97,-101.88,0,0,0,0,0,61,0,0,0
669157,2022,7,2,"2022-07-02","19:55:00",3,"OR",41,0,1.5,0,0,0,0,44.99,-118.93,45.204,-118.591,0,0,0,0,0,59,0,0,0
669158,2022,7,2,"2022-07-02","20:09:00",3,"ND",38,0,1,0,0,0,0,47.72,-101.8,47.72,-101.8,0,0,0,0,0,55,0,0,0
669159,2022,7,2,"2022-07-02","20:10:00",3,"ND",38,0,0.88,0,0,0,0,46.29,-103.14,46.29,-103.14,0,0,0,0,0,87,0,0,0
669160,2022,7,2,"2022-07-02","20:45:00",3,"OR",41,0,1.75,0,0,0,0,45.204,-118.591,45.605,-118.05,0,0,0,0,0,61,0,0,0
669161,2022,7,2,"2022-07-02","21:15:00",3,"SD",46,0,1,0,0,0,0,45.4965,-103.1116,45.4965,-103.1116,0,0,0,0,0,63,0,0,0
669162,2022,7,3,"2022-07-03","11:18:00",3,"SD",46,0,0.88,0,0,0,440000,43.98,-98.74,43.98,-98.74,0,0,0,0,0,73,0,0,0
669163,2022,7,3,"2022-07-03","13:54:00",3,"SD",46,0,1.5,0,0,0,1410000,44.4,-98.51,44.4,-98.51,0,0,0,0,0,5,0,0,0
669164,2022,7,3,"2022-07-03","14:08:00",3,"SD",46,0,0.88,0,0,0,0,44.36,-98.4,44.36,-98.4,0,0,0,0,0,5,0,0,0
669165,2022,7,3,"2022-07-03","14:10:00",3,"WA",53,0,1,0,0,0,0,47.09,-117.3,47.09,-117.3,0,0,0,0,0,75,0,0,0
669166,2022,7,3,"2022-07-03","14:20:00",3,"SC",45,0,1,0,0,0,0,33.56,-81.81,33.56,-81.81,0,0,0,0,0,3,0,0,0
669167,2022,7,3,"2022-07-03","14:20:00",3,"WA",53,0,0.75,0,0,0,0,47.95,-117.47,47.95,-117.47,0,0,0,0,0,63,0,0,0
669168,2022,7,3,"2022-07-03","14:23:00",3,"SC",45,0,0.88,0,0,0,0,33.6317,-81.8334,33.6317,-81.8334,0,0,0,0,0,3,0,0,0
669169,2022,7,3,"2022-07-03","14:30:00",3,"SD",46,0,0.88,0,0,0,0,44.3,-98.46,44.3,-98.46,0,0,0,0,0,5,0,0,0
669170,2022,7,3,"2022-07-03","14:50:00",3,"WA",53,0,0.75,0,0,0,0,48.48,-119.53,48.48,-119.53,0,0,0,0,0,47,0,0,0
669171,2022,7,3,"2022-07-03","15:06:00",3,"SD",46,0,1,0,0,0,2390000,44.17,-98.2,44.17,-98.2,0,0,0,0,0,111,0,0,0
669172,2022,7,3,"2022-07-03","15:08:00",3,"MT",30,0,0.75,0,0,0,0,45.61,-110.64,45.61,-110.64,0,0,0,0,0,67,0,0,0
669173,2022,7,3,"2022-07-03","15:10:00",3,"MT",30,0,1,0,0,0,100,45.93,-114.13,45.93,-114.13,0,0,0,0,0,81,0,0,0
669174,2022,7,3,"2022-07-03","15:20:00",3,"MT",30,0,1,0,0,0,0,45.8345,-113.9566,45.863,-113.885,0,0,0,0,0,81,0,0,0
669175,2022,7,3,"2022-07-03","15:30:00",3,"SD",46,0,1,0,0,0,0,44.18,-103.34,44.18,-103.34,0,0,0,0,0,93,0,0,0
669176,2022,7,3,"2022-07-03","15:40:00",3,"MT",30,0,1,0,0,0,0,47.02,-107.82,47.02,-107.82,0,0,0,0,0,33,0,0,0
669177,2022,7,3,"2022-07-03","15:43:00",3,"NC",37,0,0.88,0,0,0,0,35.463,-80.026,35.463,-80.026,0,0,0,0,0,123,0,0,0
669178,2022,7,3,"2022-07-03","16:00:00",3,"SD",46,0,1,0,0,0,0,44.23,-103.25,44.23,-103.25,0,0,0,0,0,93,0,0,0
669179,2022,7,3,"2022-07-03","16:05:00",3,"WA",53,0,0.75,0,0,0,0,47.3,-120.07,47.3,-120.07,0,0,0,0,0,17,0,0,0
669180,2022,7,3,"2022-07-03","16:07:00",3,"GA",13,0,1.5,0,0,0,0,33.93,-83.45,33.93,-83.45,0,0,0,0,0,59,0,0,0
669181,2022,7,3,"2022-07-03","16:27:00",3,"ND",38,0,1,0,0,0,0,46.13,-97.09,46.13,-97.09,0,0,0,0,0,77,0,0,0
669182,2022,7,3,"2022-07-03","16:28:00",3,"SD",46,0,1.75,0,0,0,0,44.04,-102.55,44.04,-102.55,0,0,0,0,0,103,0,0,0
669183,2022,7,3,"2022-07-03","16:45:00",3,"SD",46,0,1,0,0,0,0,44.0133,-101.6854,44.0133,-101.6854,0,0,0,0,0,55,0,0,0
669184,2022,7,3,"2022-07-03","16:50:00",3,"SD",46,0,2.75,0,0,0,0,43.9976,-102.45,43.9976,-102.45,0,0,0,0,0,103,0,0,0
669185,2022,7,3,"2022-07-03","16:50:00",3,"SD",46,0,1,0,0,0,0,44.3998,-103.5243,44.3998,-103.5243,0,0,0,0,0,93,0,0,0
669186,2022,7,3,"2022-07-03","16:53:00",3,"SD",46,0,1.25,0,0,0,0,44.41,-103.4897,44.41,-103.4897,0,0,0,0,0,93,0,0,0
669187,2022,7,3,"2022-07-03","16:56:00",3,"SD",46,0,2,0,0,0,0,44.07,-102.45,44.07,-102.45,0,0,0,0,0,103,0,0,0
669188,2022,7,3,"2022-07-03","17:02:00",3,"MT",30,0,1,0,0,1000,5000,47.7,-114.63,47.7,-114.63,0,0,0,0,0,89,0,0,0
669189,2022,7,3,"2022-07-03","17:03:00",3,"MT",30,0,1.75,0,0,0,0,45.97,-109.25,45.97,-109.25,0,0,0,0,0,95,0,0,0
669190,2022,7,3,"2022-07-03","17:04:00",3,"MT",30,0,1.75,0,0,0,0,45.97,-109.26,45.97,-109.26,0,0,0,0,0,95,0,0,0
669191,2022,7,3,"2022-07-03","17:08:00",3,"SD",46,0,1.75,0,0,0,0,44.1279,-102.45,44.1279,-102.45,0,0,0,0,0,103,0,0,0
669192,2022,7,3,"2022-07-03","17:35:00",3,"SD",46,0,0.88,0,0,0,0,44.31,-102.4289,44.31,-102.4289,0,0,0,0,0,93,0,0,0
669193,2022,7,3,"2022-07-03","17:35:00",3,"SD",46,0,1,0,0,0,0,44,-101.47,44,-101.47,0,0,0,0,0,55,0,0,0
669194,2022,7,3,"2022-07-03","17:50:00",3,"MT",30,0,1,0,0,0,0,47.14,-106.37,47.14,-106.37,0,0,0,0,0,33,0,0,0
669195,2022,7,3,"2022-07-03","18:20:00",3,"MN",27,0,1,0,0,0,0,46.39,-95.49,46.39,-95.49,0,0,0,0,0,111,0,0,0
669196,2022,7,3,"2022-07-03","18:20:00",3,"MT",30,0,1,0,0,0,0,45.96,-108.35,45.96,-108.35,0,0,0,0,0,111,0,0,0
669197,2022,7,3,"2022-07-03","19:03:00",3,"MT",30,0,1,0,0,0,0,46.8,-105.31,46.8,-105.31,0,0,0,0,0,79,0,0,0
669198,2022,7,3,"2022-07-03","19:08:00",3,"MT",30,0,1,0,0,0,0,45.95,-107.58,45.95,-107.58,0,0,0,0,0,3,0,0,0
669199,2022,7,3,"2022-07-03","20:06:00",3,"MT",30,0,1.5,0,0,0,0,45.62,-106,45.62,-106,0,0,0,0,0,75,0,0,0
669200,2022,7,3,"2022-07-03","20:13:00",3,"SD",46,0,1.25,0,0,0,0,45.72,-98.94,45.72,-98.94,0,0,0,0,0,89,0,0,0
669201,2022,7,3,"2022-07-03","20:15:00",3,"MT",30,0,1,0,0,0,0,45.67,-105.9,45.67,-105.9,0,0,0,0,0,75,0,0,0
669202,2022,7,3,"2022-07-03","20:30:00",3,"SD",46,0,1,0,0,0,0,45.62,-99.44,45.62,-99.44,0,0,0,0,0,89,0,0,0
669203,2022,7,3,"2022-07-03","20:55:00",3,"MT",30,0,1,0,0,0,0,46.44,-104.29,46.44,-104.29,0,0,0,0,0,25,0,0,0
669204,2022,7,3,"2022-07-03","21:10:00",3,"MT",30,0,1,0,0,0,0,46.37,-104.29,46.37,-104.29,0,0,0,0,0,25,0,0,0
669205,2022,7,3,"2022-07-03","21:33:00",3,"MT",30,0,1,0,0,0,0,45.59,-105.96,45.59,-105.96,0,0,0,0,0,75,0,0,0
669206,2022,7,4,"2022-07-04","15:39:00",3,"SD",46,0,1,0,0,0,0,43.9109,-103.2732,43.9109,-103.2732,0,0,0,0,0,103,0,0,0
669207,2022,7,4,"2022-07-04","16:58:00",3,"SD",46,0,1,0,0,0,0,44.4155,-103.5287,44.4155,-103.5287,0,0,0,0,0,93,0,0,0
669208,2022,7,4,"2022-07-04","17:45:00",3,"WY",56,0,1.25,0,0,0,0,43.91,-104.2,43.91,-104.2,0,0,0,0,0,45,0,0,0
669209,2022,7,4,"2022-07-04","18:00:00",3,"MT",30,0,1,0,0,0,0,48.66,-105.21,48.66,-105.21,0,0,0,0,0,19,0,0,0
669210,2022,7,4,"2022-07-04","18:00:00",3,"NE",31,0,1,0,0,0,0,42.66,-102.95,42.66,-102.95,0,0,0,0,0,45,0,0,0
669211,2022,7,4,"2022-07-04","18:10:00",3,"WY",56,0,1,0,0,0,0,43.93,-104.93,43.93,-104.93,0,0,0,0,0,45,0,0,0
669212,2022,7,4,"2022-07-04","18:20:00",3,"WY",56,0,1,0,0,0,0,43.7,-104.68,43.7,-104.68,0,0,0,0,0,45,0,0,0
669213,2022,7,4,"2022-07-04","18:27:00",3,"WY",56,0,1.5,0,0,0,0,43.7205,-104.6717,43.7205,-104.6717,0,0,0,0,0,45,0,0,0
669214,2022,7,4,"2022-07-04","18:52:00",3,"WY",56,0,0.75,0,0,0,0,43.86,-104.2,43.86,-104.2,0,0,0,0,0,45,0,0,0
669215,2022,7,4,"2022-07-04","18:55:00",3,"MT",30,0,1.75,0,0,0,0,46.42,-109.84,46.42,-109.84,0,0,0,0,0,107,0,0,0
669216,2022,7,4,"2022-07-04","19:00:00",3,"WY",56,0,1,0,0,0,0,43.86,-104.2,43.86,-104.2,0,0,0,0,0,45,0,0,0
669217,2022,7,4,"2022-07-04","19:15:00",3,"MT",30,0,1.25,0,0,0,0,46.41,-109.84,46.41,-109.84,0,0,0,0,0,107,0,0,0
669218,2022,7,4,"2022-07-04","19:25:00",3,"IA",19,0,1,0,0,0,0,42.76,-91.37,42.76,-91.37,0,0,0,0,0,43,0,0,0
669219,2022,7,4,"2022-07-04","19:35:00",3,"IA",19,0,1,0,0,0,0,42.74,-91.27,42.74,-91.27,0,0,0,0,0,43,0,0,0
669220,2022,7,4,"2022-07-04","19:46:00",3,"IA",19,0,0.88,0,0,0,0,42.77,-91.88,42.77,-91.88,0,0,0,0,0,65,0,0,0
669221,2022,7,4,"2022-07-04","20:15:00",3,"WY",56,0,1,0,0,0,0,44.3657,-104.2303,44.3657,-104.2303,0,0,0,0,0,11,0,0,0
669222,2022,7,4,"2022-07-04","20:43:00",3,"SD",46,0,0.88,0,0,0,0,44.5,-104.04,44.5,-104.04,0,0,0,0,0,81,0,0,0
669223,2022,7,4,"2022-07-04","20:45:00",3,"MT",30,0,1,0,0,0,0,47,-108.35,47,-108.35,0,0,0,0,0,69,0,0,0
669224,2022,7,5,"2022-07-05","00:18:00",3,"MT",30,0,1,0,0,0,0,45.91,-109.93,45.91,-109.93,0,0,0,0,0,97,0,0,0
669225,2022,7,5,"2022-07-05","01:18:00",3,"MT",30,0,1,0,0,0,0,45.97,-109.26,45.97,-109.26,0,0,0,0,0,95,0,0,0
669226,2022,7,5,"2022-07-05","02:23:00",3,"MT",30,0,2,0,0,0,0,45.94,-108.35,45.94,-108.35,0,0,0,0,0,111,0,0,0
669227,2022,7,5,"2022-07-05","02:24:00",3,"MT",30,0,1,0,0,0,0,45.84,-108.51,45.84,-108.51,0,0,0,0,0,111,0,0,0
669228,2022,7,5,"2022-07-05","02:25:00",3,"MT",30,0,2,0,0,0,0,45.86,-108.4,45.86,-108.4,0,0,0,0,0,111,0,0,0
669229,2022,7,5,"2022-07-05","02:26:00",3,"MT",30,0,2,0,0,0,0,45.91,-108.47,45.91,-108.47,0,0,0,0,0,111,0,0,0
669230,2022,7,5,"2022-07-05","02:30:00",3,"MT",30,0,1.5,0,0,0,0,45.84,-108.47,45.84,-108.47,0,0,0,0,0,111,0,0,0
669231,2022,7,5,"2022-07-05","02:30:00",3,"MT",30,0,1.5,0,0,0,0,45.94,-108.35,45.94,-108.35,0,0,0,0,0,111,0,0,0
669232,2022,7,5,"2022-07-05","02:33:00",3,"MT",30,0,2,0,0,0,0,45.89,-108.38,45.89,-108.38,0,0,0,0,0,111,0,0,0
669233,2022,7,5,"2022-07-05","02:34:00",3,"MT",30,0,1.5,0,0,0,0,45.94,-108.35,45.94,-108.35,0,0,0,0,0,111,0,0,0
669234,2022,7,5,"2022-07-05","02:35:00",3,"MT",30,0,2.75,0,0,0,0,45.88,-108.31,45.88,-108.31,0,0,0,0,0,111,0,0,0
669235,2022,7,5,"2022-07-05","02:35:00",3,"MT",30,0,1.25,0,0,0,0,45.94,-108.39,45.94,-108.39,0,0,0,0,0,111,0,0,0
669236,2022,7,5,"2022-07-05","02:38:00",3,"MT",30,0,2,0,0,0,0,45.9,-108.31,45.9,-108.31,0,0,0,0,0,111,0,0,0
669237,2022,7,5,"2022-07-05","02:44:00",3,"MT",30,0,1,0,0,0,0,45.95,-108.34,45.95,-108.34,0,0,0,0,0,111,0,0,0
669238,2022,7,5,"2022-07-05","02:45:00",3,"MT",30,0,2,0,0,0,0,45.87,-108.31,45.87,-108.31,0,0,0,0,0,111,0,0,0
669239,2022,7,5,"2022-07-05","02:56:00",3,"MT",30,0,1,0,0,0,0,45.95,-108.16,45.95,-108.16,0,0,0,0,0,111,0,0,0
669240,2022,7,5,"2022-07-05","04:31:00",3,"ND",38,0,1.5,0,0,0,0,46.21,-103.35,46.21,-103.35,0,0,0,0,0,11,0,0,0
669241,2022,7,5,"2022-07-05","04:45:00",3,"MT",30,0,1.75,0,0,0,0,46.04,-104.47,46.04,-104.47,0,0,0,0,0,11,0,0,0
669242,2022,7,5,"2022-07-05","04:49:00",3,"MT",30,0,1.25,0,0,0,0,45.88,-106.64,45.88,-106.64,0,0,0,0,0,87,0,0,0
669243,2022,7,5,"2022-07-05","05:00:00",3,"MT",30,0,1.75,0,0,0,0,45.89,-104.24,45.89,-104.24,0,0,0,0,0,11,0,0,0
669244,2022,7,5,"2022-07-05","05:15:00",3,"MT",30,0,1,0,0,0,0,45.92,-104.11,45.92,-104.11,0,0,0,0,0,25,0,0,0
669245,2022,7,5,"2022-07-05","05:55:00",3,"SD",46,0,1.75,0,0,0,0,45.8079,-103.6533,45.8079,-103.6533,0,0,0,0,0,63,0,0,0
669246,2022,7,5,"2022-07-05","05:55:00",3,"SD",46,0,1.25,0,0,0,0,45.83,-103.6885,45.83,-103.6885,0,0,0,0,0,63,0,0,0
669247,2022,7,5,"2022-07-05","06:30:00",3,"SD",46,0,1.75,0,0,0,0,45.7598,-102.1947,45.7598,-102.1947,0,0,0,0,0,105,0,0,0
669248,2022,7,5,"2022-07-05","06:40:00",3,"SD",46,0,1.75,0,0,0,0,45.67,-103.01,45.67,-103.01,0,0,0,0,0,63,0,0,0
669249,2022,7,5,"2022-07-05","07:30:00",3,"SD",46,0,0.88,0,0,0,0,45.4264,-102.4147,45.4264,-102.4147,0,0,0,0,0,105,0,0,0
669250,2022,7,5,"2022-07-05","07:30:00",3,"SD",46,0,1.75,0,0,0,0,45.38,-102.57,45.38,-102.57,0,0,0,0,0,105,0,0,0
669251,2022,7,5,"2022-07-05","07:48:00",3,"SD",46,0,1.75,0,0,0,0,45.34,-102.4,45.34,-102.4,0,0,0,0,0,105,0,0,0
669252,2022,7,5,"2022-07-05","07:50:00",3,"SD",46,0,1,0,0,0,0,45.2643,-102.3119,45.2643,-102.3119,0,0,0,0,0,105,0,0,0
669253,2022,7,5,"2022-07-05","08:20:00",3,"SD",46,0,2.5,0,0,0,0,45.47,-101.23,45.47,-101.23,0,0,0,0,0,41,0,0,0
669254,2022,7,5,"2022-07-05","08:37:00",3,"SD",46,0,4,0,0,0,0,45.46,-101.07,45.46,-101.07,0,0,0,0,0,41,0,0,0
669255,2022,7,5,"2022-07-05","08:55:00",3,"SD",46,0,1.75,0,0,0,0,45.43,-100.91,45.43,-100.91,0,0,0,0,0,41,0,0,0
669256,2022,7,5,"2022-07-05","09:13:00",3,"SD",46,0,4,0,0,0,0,45.33,-100.6,45.33,-100.6,0,0,0,0,0,41,0,0,0
669257,2022,7,5,"2022-07-05","11:10:00",3,"SD",46,0,1.75,0,0,0,0,44.59,-99.46,44.59,-99.46,0,0,0,0,0,69,0,0,0
669258,2022,7,5,"2022-07-05","11:22:00",3,"OH",39,0,1,0,0,0,0,39.24,-84.29,39.24,-84.29,0,0,0,0,0,25,0,0,0
669259,2022,7,5,"2022-07-05","11:22:00",3,"OH",39,0,1,0,0,0,0,39.23,-84.29,39.23,-84.29,0,0,0,0,0,25,0,0,0
669260,2022,7,5,"2022-07-05","14:00:00",3,"SD",46,0,1,0,0,0,127000,43.73,-97.53,43.73,-97.53,0,0,0,0,0,87,0,0,0
669261,2022,7,5,"2022-07-05","14:30:00",3,"SD",46,0,1,0,0,0,0,43.5,-96.81,43.5,-96.81,0,0,0,0,0,83,0,0,0
669262,2022,7,5,"2022-07-05","14:35:00",3,"SD",46,0,1,0,0,0,0,43.5,-96.78,43.5,-96.78,0,0,0,0,0,83,0,0,0
669263,2022,7,5,"2022-07-05","14:59:00",3,"MN",27,0,2.75,0,0,0,65000,43.99,-95.93,43.99,-95.93,0,0,0,0,0,101,0,0,0
669264,2022,7,5,"2022-07-05","15:35:00",3,"TN",47,0,1,0,0,0,0,36.53,-82.71,36.53,-82.71,0,0,0,0,0,73,0,0,0
669265,2022,7,5,"2022-07-05","15:44:00",3,"MT",30,0,1.75,0,0,0,0,47.13,-108.8,47.13,-108.8,0,0,0,0,0,27,0,0,0
669266,2022,7,5,"2022-07-05","15:50:00",3,"WI",55,0,0.88,0,0,0,0,42.72,-89.29,42.72,-89.29,0,0,0,0,0,105,0,0,0
669267,2022,7,5,"2022-07-05","15:50:00",3,"WY",56,0,2,0,0,0,0,42.61,-104.75,42.61,-104.75,0,0,0,0,0,31,0,0,0
669268,2022,7,5,"2022-07-05","16:10:00",3,"WI",55,0,0.75,0,0,0,0,42.97,-90.55,42.97,-90.55,0,0,0,0,0,43,0,0,0
669269,2022,7,5,"2022-07-05","16:12:00",3,"MT",30,0,1,0,0,0,0,48.28,-107.84,48.28,-107.84,0,0,0,0,0,71,0,0,0
669270,2022,7,5,"2022-07-05","16:15:00",3,"MN",27,0,0.75,0,0,0,47000,43.94,-94.93,43.94,-94.93,0,0,0,0,0,33,0,0,0
669271,2022,7,5,"2022-07-05","16:30:00",3,"WI",55,0,1,0,0,0,0,42.63,-89.26,42.63,-89.26,0,0,0,0,0,105,0,0,0
669272,2022,7,5,"2022-07-05","16:36:00",3,"WY",56,0,2.5,0,0,0,0,42.47,-104.36,42.47,-104.36,0,0,0,0,0,15,0,0,0
669273,2022,7,5,"2022-07-05","16:40:00",3,"MT",30,0,1.75,0,0,0,0,48.35,-107.61,48.35,-107.61,0,0,0,0,0,71,0,0,0
669274,2022,7,5,"2022-07-05","16:50:00",3,"WI",55,0,1,0,0,0,0,42.63,-89.26,42.63,-89.26,0,0,0,0,0,105,0,0,0
669275,2022,7,5,"2022-07-05","17:50:00",3,"IA",19,0,1,0,0,0,0,43.36,-93.21,43.36,-93.21,0,0,0,0,0,195,0,0,0
669276,2022,7,5,"2022-07-05","18:01:00",3,"NE",31,0,4,0,0,0,0,42.31,-103.92,42.31,-103.92,0,0,0,0,0,165,0,0,0
669277,2022,7,5,"2022-07-05","18:15:00",3,"MT",30,0,1.75,0,0,0,0,48.6,-106.05,48.6,-106.05,0,0,0,0,0,105,0,0,0
669278,2022,7,5,"2022-07-05","18:25:00",3,"MT",30,0,1,0,0,0,0,48.43,-105.84,48.43,-105.84,0,0,0,0,0,105,0,0,0
669279,2022,7,5,"2022-07-05","18:45:00",3,"IL",17,0,1,0,0,0,0,42.07,-88.6834,42.07,-88.6834,0,0,0,0,0,37,0,0,0
669280,2022,7,5,"2022-07-05","19:00:00",3,"MT",30,0,1,0,0,0,0,47.11,-106.69,47.11,-106.69,0,0,0,0,0,33,0,0,0
669281,2022,7,5,"2022-07-05","19:00:00",3,"NE",31,0,1.75,0,0,50000,1e+06,40.21,-99.29,40.21,-99.29,0,0,0,0,0,83,0,0,0
669282,2022,7,5,"2022-07-05","19:03:00",3,"WY",56,0,1,0,0,0,0,44.11,-105.34,44.11,-105.34,0,0,0,0,0,5,0,0,0
669283,2022,7,5,"2022-07-05","19:20:00",3,"NE",31,0,0.88,0,0,0,0,40.32,-99.29,40.349,-99.28,0,0,0,0,0,83,0,0,0
669284,2022,7,5,"2022-07-05","20:20:00",3,"MT",30,0,1.75,0,0,0,0,48.5,-104.5,48.5,-104.5,0,0,0,0,0,91,0,0,0
669285,2022,7,5,"2022-07-05","20:50:00",3,"MT",30,0,1,0,0,0,0,47.11,-105.49,47.11,-105.49,0,0,0,0,0,79,0,0,0
669286,2022,7,5,"2022-07-05","20:52:00",3,"MT",30,0,1,0,0,0,0,48.5,-104.5,48.5,-104.5,0,0,0,0,0,91,0,0,0
669287,2022,7,5,"2022-07-05","21:05:00",3,"ND",38,0,0.75,0,0,0,0,48.35,-104,48.35,-104,0,0,0,0,0,105,0,0,0
669288,2022,7,6,"2022-07-06","11:34:00",3,"OH",39,0,1,0,0,0,0,39.32,-82.7,39.32,-82.7,0,0,0,0,0,163,0,0,0
669289,2022,7,6,"2022-07-06","13:15:00",3,"MT",30,0,1,0,0,0,0,47.11,-110.3,47.11,-110.3,0,0,0,0,0,45,0,0,0
669290,2022,7,6,"2022-07-06","13:23:00",3,"NC",37,0,1.75,0,0,0,0,35.66,-81.51,35.66,-81.51,0,0,0,0,0,23,0,0,0
669291,2022,7,6,"2022-07-06","14:05:00",3,"VA",51,0,1,0,0,0,0,38.1588,-79.0623,38.1588,-79.0623,0,0,0,0,0,790,0,0,0
669292,2022,7,6,"2022-07-06","14:20:00",3,"CO",8,0,1,0,0,0,0,39.38,-104.44,39.38,-104.44,0,0,0,0,0,39,0,0,0
669293,2022,7,6,"2022-07-06","14:28:00",3,"CO",8,0,1.25,0,0,0,0,39.43,-104.46,39.43,-104.46,0,0,0,0,0,39,0,0,0
669294,2022,7,6,"2022-07-06","14:40:00",3,"CO",8,0,1,0,0,0,0,39.49,-104.44,39.49,-104.44,0,0,0,0,0,39,0,0,0
669295,2022,7,6,"2022-07-06","14:43:00",3,"CO",8,0,1,0,0,0,0,39.5,-104.44,39.5,-104.44,0,0,0,0,0,39,0,0,0
669296,2022,7,6,"2022-07-06","15:04:00",3,"MT",30,0,0.88,0,0,0,0,48.02,-110.25,48.02,-110.25,0,0,0,0,0,15,0,0,0
669297,2022,7,6,"2022-07-06","15:05:00",3,"CO",8,0,1,0,0,0,0,39.06,-103.7,39.06,-103.7,0,0,0,0,0,73,0,0,0
669298,2022,7,6,"2022-07-06","15:15:00",3,"CO",8,0,1,0,0,0,0,39.22,-105.25,39.22,-105.25,0,0,0,0,0,35,0,0,0
669299,2022,7,6,"2022-07-06","15:28:00",3,"CO",8,0,1,0,0,0,0,39.72,-104.31,39.72,-104.31,0,0,0,0,0,5,0,0,0
669300,2022,7,6,"2022-07-06","15:30:00",3,"MT",30,0,1,0,0,0,0,48.22,-104.52,48.22,-104.52,0,0,0,0,0,85,0,0,0
669301,2022,7,6,"2022-07-06","15:30:00",3,"KS",20,0,1.75,0,0,0,0,38.54,-99.31,38.54,-99.31,0,0,0,0,0,165,0,0,0
669302,2022,7,6,"2022-07-06","15:33:00",3,"KS",20,0,1.75,0,0,0,0,38.54,-99.31,38.54,-99.31,0,0,0,0,0,165,0,0,0
669303,2022,7,6,"2022-07-06","15:45:00",3,"MT",30,0,1,0,0,0,0,48.29,-106.03,48.29,-106.03,0,0,0,0,0,105,0,0,0
669304,2022,7,6,"2022-07-06","15:48:00",3,"CO",8,0,1,0,0,0,0,39.74,-104.31,39.74,-104.31,0,0,0,0,0,5,0,0,0
669305,2022,7,6,"2022-07-06","15:50:00",3,"MT",30,0,1,0,0,0,0,48.27,-105.96,48.27,-105.96,0,0,0,0,0,105,0,0,0
669306,2022,7,6,"2022-07-06","16:05:00",3,"MT",30,0,1,0,0,0,0,47,-109.83,47,-109.83,0,0,0,0,0,45,0,0,0
669307,2022,7,6,"2022-07-06","16:11:00",3,"KS",20,0,2.5,0,0,0,0,38.46,-99.01,38.46,-99.01,0,0,0,0,0,9,0,0,0
669308,2022,7,6,"2022-07-06","16:19:00",3,"KS",20,0,2.5,0,0,0,0,38.47,-99,38.47,-99,0,0,0,0,0,9,0,0,0
669309,2022,7,6,"2022-07-06","16:24:00",3,"KS",20,0,1.75,0,0,0,0,37.99,-99.9,37.99,-99.9,0,0,0,0,0,83,0,0,0
669310,2022,7,6,"2022-07-06","16:28:00",3,"MT",30,0,0.88,0,0,0,0,46.27,-112.27,46.27,-112.27,0,0,0,0,0,43,0,0,0
669311,2022,7,6,"2022-07-06","16:28:00",3,"MT",30,0,1.5,0,0,0,0,48.55,-109.78,48.55,-109.78,0,0,0,0,0,41,0,0,0
669312,2022,7,6,"2022-07-06","16:30:00",3,"MT",30,0,1.75,0,0,0,0,48.09,-105.64,48.09,-105.64,0,0,0,0,0,85,0,0,0
669313,2022,7,6,"2022-07-06","16:35:00",3,"MT",30,0,1.25,0,0,0,0,48.28,-105.88,48.28,-105.88,0,0,0,0,0,105,0,0,0
669314,2022,7,6,"2022-07-06","16:40:00",3,"MT",30,0,1.75,0,0,0,0,47.9934,-108.6917,47.9934,-108.6917,0,0,0,0,0,5,0,0,0
669315,2022,7,6,"2022-07-06","16:40:00",3,"MT",30,0,1,0,0,0,0,48.09,-105.64,48.09,-105.64,0,0,0,0,0,85,0,0,0
669316,2022,7,6,"2022-07-06","16:45:00",3,"MT",30,0,1.25,0,0,0,0,48.09,-105.64,48.09,-105.64,0,0,0,0,0,85,0,0,0
669317,2022,7,6,"2022-07-06","16:45:00",3,"MT",30,0,1,0,0,0,0,48.09,-105.63,48.09,-105.63,0,0,0,0,0,85,0,0,0
669318,2022,7,6,"2022-07-06","16:50:00",3,"MT",30,0,2,0,0,0,0,48.02,-105.64,48.02,-105.64,0,0,0,0,0,55,0,0,0
669319,2022,7,6,"2022-07-06","16:50:00",3,"CO",8,0,0.75,0,0,0,0,38.8693,-103.1207,38.8693,-103.1207,0,0,0,0,0,17,0,0,0
669320,2022,7,6,"2022-07-06","16:52:00",3,"MT",30,0,1.75,0,0,0,0,48.32,-110.01,48.32,-110.01,0,0,0,0,0,41,0,0,0
669321,2022,7,6,"2022-07-06","17:02:00",3,"MT",30,0,2.5,0,0,0,0,47.03,-109.75,47.03,-109.75,0,0,0,0,0,27,0,0,0
669322,2022,7,6,"2022-07-06","17:09:00",3,"MT",30,0,1.5,0,0,0,0,47.92,-105.53,47.92,-105.53,0,0,0,0,0,55,0,0,0
669323,2022,7,6,"2022-07-06","17:12:00",3,"MT",30,0,2.5,0,0,0,0,47.9595,-108.6694,47.9595,-108.6694,0,0,0,0,0,5,0,0,0
669324,2022,7,6,"2022-07-06","17:26:00",3,"KS",20,0,1,0,0,5000,0,38.36,-98.53,38.36,-98.53,0,0,0,0,0,9,0,0,0
669325,2022,7,6,"2022-07-06","17:35:00",3,"MT",30,0,1.25,0,0,0,0,47.85,-105.41,47.85,-105.41,0,0,0,0,0,55,0,0,0
669326,2022,7,6,"2022-07-06","17:35:00",3,"MT",30,0,2.75,0,0,0,0,47.92,-108.53,47.92,-108.53,0,0,0,0,0,71,0,0,0
669327,2022,7,6,"2022-07-06","17:35:00",3,"MT",30,0,2,0,0,0,0,48.55,-109.77,48.55,-109.77,0,0,0,0,0,41,0,0,0
669328,2022,7,6,"2022-07-06","17:35:00",3,"MT",30,0,1.75,0,0,0,0,47.92,-108.52,47.92,-108.52,0,0,0,0,0,71,0,0,0
669329,2022,7,6,"2022-07-06","17:35:00",3,"MT",30,0,1.25,0,0,0,0,46.97,-109.69,46.97,-109.69,0,0,0,0,0,27,0,0,0
669330,2022,7,6,"2022-07-06","17:36:00",3,"MT",30,0,1.5,0,0,0,0,47.92,-108.52,47.92,-108.52,0,0,0,0,0,71,0,0,0
669331,2022,7,6,"2022-07-06","17:37:00",3,"MT",30,0,2.5,0,0,0,0,48.56,-109.85,48.56,-109.85,0,0,0,0,0,41,0,0,0
669332,2022,7,6,"2022-07-06","17:45:00",3,"MT",30,0,1.75,0,0,0,0,47.92,-108.52,47.92,-108.52,0,0,0,0,0,71,0,0,0
669333,2022,7,6,"2022-07-06","17:52:00",3,"MT",30,0,2,0,0,0,0,47.04,-109.86,47.04,-109.86,0,0,0,0,0,45,0,0,0
669334,2022,7,6,"2022-07-06","18:30:00",3,"MT",30,0,1,0,0,0,0,48.29,-111.57,48.29,-111.57,0,0,0,0,0,101,0,0,0
669335,2022,7,6,"2022-07-06","18:34:00",3,"MT",30,0,1.75,0,0,0,0,47.92,-108.52,47.92,-108.52,0,0,0,0,0,71,0,0,0
669336,2022,7,6,"2022-07-06","18:50:00",3,"MT",30,0,1.75,0,0,0,0,47,-109.87,47,-109.87,0,0,0,0,0,45,0,0,0
669337,2022,7,6,"2022-07-06","19:01:00",3,"MT",30,0,1,0,0,0,0,47.69,-106.47,47.69,-106.47,0,0,0,0,0,33,0,0,0
669338,2022,7,6,"2022-07-06","19:13:00",3,"MT",30,0,1,0,0,0,0,46.59,-108.54,46.59,-108.54,0,0,0,0,0,65,0,0,0
669339,2022,7,6,"2022-07-06","19:18:00",3,"MT",30,0,1.5,0,0,0,0,48.77,-110.58,48.77,-110.58,0,0,0,0,0,41,0,0,0
669340,2022,7,6,"2022-07-06","19:23:00",3,"MT",30,0,2.5,0,0,0,0,48.2,-110.91,48.2,-110.91,0,0,0,0,0,51,0,0,0
669341,2022,7,6,"2022-07-06","19:49:00",3,"MT",30,0,2.75,0,0,0,0,47.92,-108.53,47.92,-108.53,0,0,0,0,0,71,0,0,0
669342,2022,7,6,"2022-07-06","20:10:00",3,"CO",8,0,1,0,0,0,0,38.05,-103.84,38.05,-103.84,0,0,0,0,0,89,0,0,0
669343,2022,7,6,"2022-07-06","20:10:00",3,"ID",16,0,1,0,0,0,0,46.23,-116.24,46.23,-116.24,0,0,0,0,0,61,0,0,0
669344,2022,7,6,"2022-07-06","20:10:00",3,"ID",16,0,1,0,0,0,0,46.24,-116.23,46.24,-116.23,0,0,0,0,0,61,0,0,0
669345,2022,7,6,"2022-07-06","20:10:00",3,"ID",16,0,1.25,0,0,0,0,46.23,-116.24,46.23,-116.24,0,0,0,0,0,61,0,0,0
669346,2022,7,7,"2022-07-07","11:33:00",3,"SD",46,0,1,0,0,0,0,44.89,-98.75,44.89,-98.75,0,0,0,0,0,59,0,0,0
669347,2022,7,7,"2022-07-07","13:20:00",3,"TN",47,0,0.75,0,0,0,0,36.4,-86.77,36.4,-86.77,0,0,0,0,0,147,0,0,0
669348,2022,7,7,"2022-07-07","13:40:00",3,"TN",47,0,1.5,0,0,0,0,36.4954,-86.4991,36.4954,-86.4991,0,0,0,0,0,165,0,0,0
669349,2022,7,7,"2022-07-07","13:45:00",3,"TN",47,0,1,0,0,0,0,35.9086,-87.17,35.9086,-87.17,0,0,0,0,0,187,0,0,0
669350,2022,7,7,"2022-07-07","15:12:00",3,"MT",30,0,1.5,0,0,0,0,47.94,-112.29,47.94,-112.29,0,0,0,0,0,99,0,0,0
669351,2022,7,7,"2022-07-07","15:15:00",3,"MT",30,0,1.75,0,0,0,0,47.93,-112.28,47.93,-112.28,0,0,0,0,0,99,0,0,0
669352,2022,7,7,"2022-07-07","15:18:00",3,"MT",30,0,2.75,0,0,0,0,47.94,-112.27,47.94,-112.27,0,0,0,0,0,99,0,0,0
669353,2022,7,7,"2022-07-07","15:42:00",3,"MT",30,0,1,0,0,0,0,47.88,-112.32,47.88,-112.32,0,0,0,0,0,99,0,0,0
669354,2022,7,7,"2022-07-07","15:45:00",3,"MT",30,0,1,0,0,0,0,47.95,-112.19,47.95,-112.19,0,0,0,0,0,99,0,0,0
669355,2022,7,7,"2022-07-07","15:48:00",3,"MT",30,0,1.75,0,0,0,0,47.85,-112.23,47.85,-112.23,0,0,0,0,0,99,0,0,0
669356,2022,7,7,"2022-07-07","15:56:00",3,"MT",30,0,1,0,0,0,0,47.89,-112.22,47.89,-112.22,0,0,0,0,0,99,0,0,0
669357,2022,7,7,"2022-07-07","15:59:00",3,"MT",30,0,1.5,0,0,0,0,47.82,-112.17,47.82,-112.17,0,0,0,0,0,99,0,0,0
669358,2022,7,7,"2022-07-07","16:05:00",3,"MT",30,0,0.75,0,0,0,0,47.81,-112.18,47.81,-112.18,0,0,0,0,0,99,0,0,0
669359,2022,7,7,"2022-07-07","16:11:00",3,"MT",30,0,1,0,0,0,0,48.06,-112.03,48.06,-112.03,0,0,0,0,0,73,0,0,0
669360,2022,7,7,"2022-07-07","16:25:00",3,"MT",30,0,1,0,0,0,0,47.56,-111.77,47.56,-111.77,0,0,0,0,0,13,0,0,0
669361,2022,7,7,"2022-07-07","16:30:00",3,"MT",30,0,1.75,0,0,0,0,48.56,-111.78,48.56,-111.78,0,0,0,0,0,101,0,0,0
669362,2022,7,7,"2022-07-07","16:32:00",3,"MT",30,0,3,0,0,0,0,47.57,-111.75,47.57,-111.75,0,0,0,0,0,13,0,0,0
669363,2022,7,7,"2022-07-07","16:38:00",3,"MT",30,0,1.5,0,0,0,0,47.56,-111.78,47.56,-111.78,0,0,0,0,0,13,0,0,0
669364,2022,7,7,"2022-07-07","16:42:00",3,"MT",30,0,2,0,0,0,0,47.57,-111.77,47.57,-111.77,0,0,0,0,0,13,0,0,0
669365,2022,7,7,"2022-07-07","17:05:00",3,"MT",30,0,1.5,0,0,0,0,47.59,-111.57,47.59,-111.57,0,0,0,0,0,13,0,0,0
669366,2022,7,7,"2022-07-07","17:06:00",3,"MT",30,0,1,0,0,0,0,47.57,-111.54,47.57,-111.54,0,0,0,0,0,13,0,0,0
669367,2022,7,7,"2022-07-07","17:06:00",3,"MT",30,0,2.5,0,0,0,0,47.58,-111.55,47.58,-111.55,0,0,0,0,0,13,0,0,0
669368,2022,7,7,"2022-07-07","17:12:00",3,"NE",31,0,1,0,0,0,0,42.81,-103.2,42.81,-103.2,0,0,0,0,0,45,0,0,0
669369,2022,7,7,"2022-07-07","17:19:00",3,"MT",30,0,2,0,0,0,0,47.57,-111.77,47.57,-111.77,0,0,0,0,0,13,0,0,0
669370,2022,7,7,"2022-07-07","17:24:00",3,"MT",30,0,2,0,0,0,0,47.57,-111.43,47.57,-111.43,0,0,0,0,0,13,0,0,0
669371,2022,7,7,"2022-07-07","17:26:00",3,"MT",30,0,2,0,0,0,0,47.57,-111.77,47.57,-111.77,0,0,0,0,0,13,0,0,0
669372,2022,7,7,"2022-07-07","17:41:00",3,"SC",45,0,0.75,0,0,0,0,33.81,-81.25,33.81,-81.25,0,0,0,0,0,63,0,0,0
669373,2022,7,7,"2022-07-07","17:45:00",3,"MT",30,0,1.75,0,0,0,0,47.55,-111.28,47.55,-111.28,0,0,0,0,0,13,0,0,0
669374,2022,7,7,"2022-07-07","17:45:00",3,"MT",30,0,2.5,0,0,0,0,47.54,-111.33,47.54,-111.33,0,0,0,0,0,13,0,0,0
669375,2022,7,7,"2022-07-07","17:47:00",3,"MT",30,0,0.75,0,0,0,0,47.52,-111.31,47.52,-111.31,0,0,0,0,0,13,0,0,0
669376,2022,7,7,"2022-07-07","17:48:00",3,"MT",30,0,1.25,0,0,0,0,47.54,-111.32,47.54,-111.32,0,0,0,0,0,13,0,0,0
669377,2022,7,7,"2022-07-07","17:48:00",3,"MT",30,0,2,0,0,0,0,47.53,-111.3,47.53,-111.3,0,0,0,0,0,13,0,0,0
669378,2022,7,7,"2022-07-07","17:48:00",3,"MT",30,0,0.88,0,0,0,0,46.5547,-112.4889,46.5547,-112.4889,0,0,0,0,0,77,0,0,0
669379,2022,7,7,"2022-07-07","17:49:00",3,"MT",30,0,1.75,0,0,0,0,47.58,-111.28,47.58,-111.28,0,0,0,0,0,13,0,0,0
669380,2022,7,7,"2022-07-07","17:50:00",3,"MT",30,0,1,0,0,0,0,47.53,-111.28,47.53,-111.28,0,0,0,0,0,13,0,0,0
669381,2022,7,7,"2022-07-07","17:54:00",3,"MT",30,0,0.75,0,0,0,0,47.49,-110.86,47.49,-110.86,0,0,0,0,0,13,0,0,0
669382,2022,7,7,"2022-07-07","18:00:00",3,"MT",30,0,1.5,0,0,0,0,47.54,-111.31,47.54,-111.31,0,0,0,0,0,13,0,0,0
669383,2022,7,7,"2022-07-07","18:02:00",3,"MT",30,0,1,0,0,0,0,47.49,-110.86,47.49,-110.86,0,0,0,0,0,13,0,0,0
669384,2022,7,7,"2022-07-07","18:56:00",3,"MT",30,0,1.5,0,0,6000,1000,46.5301,-114.0455,46.5301,-114.0455,0,0,0,0,0,81,0,0,0
669385,2022,7,7,"2022-07-07","19:00:00",3,"MT",30,0,0.88,0,0,0,0,46.715,-113.298,46.715,-113.298,0,0,0,0,0,39,0,0,0
669386,2022,7,7,"2022-07-07","19:16:00",3,"MT",30,0,1,0,0,0,0,46.6263,-114.043,46.6263,-114.043,0,0,0,0,0,63,0,0,0
669387,2022,7,7,"2022-07-07","19:26:00",3,"SD",46,0,2,0,0,0,0,44.41,-103.4087,44.41,-103.4087,0,0,0,0,0,93,0,0,0
669388,2022,7,7,"2022-07-07","19:41:00",3,"MT",30,0,1.25,0,0,0,0,47.6649,-114.5961,47.719,-114.1996,0,0,0,0,0,47,0,0,0
669389,2022,7,7,"2022-07-07","19:55:00",3,"MT",30,0,1,0,0,0,0,48.0792,-114.2217,48.0792,-114.2217,0,0,0,0,0,47,0,0,0
669390,2022,7,7,"2022-07-07","20:33:00",3,"MT",30,0,1,0,0,0,0,47.177,-113.479,47.177,-113.479,0,0,0,0,0,63,0,0,0
669391,2022,7,7,"2022-07-07","20:51:00",3,"MT",30,0,2.5,0,0,1500000,0,48.1789,-114.329,48.2194,-114.2638,0,0,0,0,0,29,0,0,0
669392,2022,7,7,"2022-07-07","20:59:00",3,"ID",16,0,1,0,0,0,0,45.9201,-116.1127,45.9201,-116.1127,0,0,0,0,0,49,0,0,0
669393,2022,7,8,"2022-07-08","01:48:00",3,"MT",30,0,1,0,0,0,0,47.4357,-114.1722,47.4357,-114.1722,0,0,0,0,0,47,0,0,0
669394,2022,7,8,"2022-07-08","14:00:00",3,"TX",48,0,1,0,0,0,0,36.02,-101.59,36.02,-101.59,0,0,0,0,0,233,0,0,0
669395,2022,7,8,"2022-07-08","14:20:00",3,"TX",48,0,1,0,0,0,0,35.64,-101.6,35.64,-101.6,0,0,0,0,0,233,0,0,0
669396,2022,7,8,"2022-07-08","14:36:00",3,"NM",35,0,1,0,0,0,0,36.87,-104.45,36.87,-104.45,0,0,0,0,0,7,0,0,0
669397,2022,7,8,"2022-07-08","14:41:00",3,"TX",48,0,1,0,0,0,0,36.02,-101.59,36.02,-101.59,0,0,0,0,0,233,0,0,0
669398,2022,7,8,"2022-07-08","14:49:00",3,"MT",30,0,0.75,0,0,0,0,46.0303,-114.0631,46.0303,-114.0631,0,0,0,0,0,81,0,0,0
669399,2022,7,8,"2022-07-08","15:18:00",3,"MT",30,0,2.5,0,0,0,0,47.0221,-114.2484,46.9611,-114.1222,0,0,0,0,0,63,0,0,0
669400,2022,7,8,"2022-07-08","15:45:00",3,"WY",56,0,1.75,0,0,0,0,42.05,-104.52,42.05,-104.52,0,0,0,0,0,15,0,0,0
669401,2022,7,8,"2022-07-08","15:55:00",3,"OK",40,0,1.25,0,0,0,0,35.51,-97.81,35.51,-97.81,0,0,0,0,0,17,0,0,0
669402,2022,7,8,"2022-07-08","15:55:00",3,"MT",30,0,1,0,0,0,0,47.2271,-114.1448,47.4208,-114.1145,0,0,0,0,0,47,0,0,0
669403,2022,7,8,"2022-07-08","16:10:00",3,"WY",56,0,1,0,0,0,0,42.08,-104.29,42.08,-104.29,0,0,0,0,0,15,0,0,0
669404,2022,7,8,"2022-07-08","16:15:00",3,"MT",30,0,1,0,0,0,0,47.4139,-114.1052,47.4139,-114.1052,0,0,0,0,0,47,0,0,0
669405,2022,7,8,"2022-07-08","16:20:00",3,"SD",46,0,1.5,0,0,0,0,43.93,-103.58,43.93,-103.58,0,0,0,0,0,103,0,0,0
669406,2022,7,8,"2022-07-08","16:20:00",3,"SC",45,0,0.88,0,0,0,0,34.771,-82.285,34.771,-82.285,0,0,0,0,0,45,0,0,0
669407,2022,7,8,"2022-07-08","16:20:00",3,"WY",56,0,1.75,0,0,0,0,42.08,-104.23,42.08,-104.23,0,0,0,0,0,15,0,0,0
669408,2022,7,8,"2022-07-08","16:20:00",3,"SD",46,0,1.5,0,0,0,0,43.9134,-103.6357,43.9134,-103.6357,0,0,0,0,0,103,0,0,0
669409,2022,7,8,"2022-07-08","16:28:00",3,"WY",56,0,1,0,0,0,0,42.07,-104.18,42.07,-104.18,0,0,0,0,0,15,0,0,0
669410,2022,7,8,"2022-07-08","16:30:00",3,"MT",30,0,2,0,0,0,0,47.1914,-113.5024,47.1914,-113.5024,0,0,0,0,0,63,0,0,0
669411,2022,7,8,"2022-07-08","16:35:00",3,"WY",56,0,1.75,0,0,0,0,42.08,-104.18,42.08,-104.18,0,0,0,0,0,15,0,0,0
669412,2022,7,8,"2022-07-08","16:42:00",3,"SD",46,0,1.5,0,0,0,0,44.2,-103.66,44.2,-103.66,0,0,0,0,0,81,0,0,0
669413,2022,7,8,"2022-07-08","17:25:00",3,"MT",30,0,1,0,0,0,0,48.78,-111.57,48.78,-111.57,0,0,0,0,0,101,0,0,0
669414,2022,7,8,"2022-07-08","17:30:00",3,"MT",30,0,1,0,0,0,0,46.3132,-114.1053,46.3132,-114.1053,0,0,0,0,0,81,0,0,0
669415,2022,7,8,"2022-07-08","17:34:00",3,"CO",8,0,1.5,0,0,0,0,40.04,-103.07,40.04,-103.07,0,0,0,0,0,121,0,0,0
669416,2022,7,8,"2022-07-08","17:42:00",3,"MT",30,0,1,0,0,0,0,47.6,-112.72,47.6,-112.72,0,0,0,0,0,49,0,0,0
669417,2022,7,8,"2022-07-08","18:05:00",3,"IL",17,0,1,0,0,0,0,38.83,-88.1757,38.83,-88.1757,0,0,0,0,0,159,0,0,0
669418,2022,7,8,"2022-07-08","18:15:00",3,"MT",30,0,1,0,0,0,0,48.74,-110.93,48.74,-110.93,0,0,0,0,0,51,0,0,0
669419,2022,7,8,"2022-07-08","18:15:00",3,"MT",30,0,1.5,0,0,0,0,48.7,-110.98,48.7,-110.98,0,0,0,0,0,51,0,0,0
669420,2022,7,8,"2022-07-08","18:30:00",3,"MT",30,0,1,0,0,0,0,46.75,-112.3,46.75,-112.3,0,0,0,0,0,49,0,0,0
669421,2022,7,8,"2022-07-08","18:38:00",3,"IL",17,0,1.25,0,0,0,0,38.72,-87.97,38.72,-87.97,0,0,0,0,0,159,0,0,0
669422,2022,7,8,"2022-07-08","19:10:00",3,"IN",18,0,1.5,0,0,0,0,38.1205,-87.554,38.1205,-87.554,0,0,0,0,0,163,0,0,0
669423,2022,7,8,"2022-07-08","19:20:00",3,"MT",30,0,0.88,0,0,0,0,46.7,-113.4378,46.7,-113.4378,0,0,0,0,0,39,0,0,0
669424,2022,7,8,"2022-07-08","19:24:00",3,"WY",56,0,1.25,0,0,0,0,43.86,-104.2,43.86,-104.2,0,0,0,0,0,45,0,0,0
669425,2022,7,8,"2022-07-08","19:30:00",3,"WY",56,0,1.5,0,0,0,0,43.9001,-104.177,43.9001,-104.177,0,0,0,0,0,45,0,0,0
669426,2022,7,8,"2022-07-08","19:35:00",3,"MT",30,0,1.2,0,0,0,0,46.9443,-112.9439,46.9443,-112.9439,0,0,0,0,0,77,0,0,0
669427,2022,7,8,"2022-07-08","20:35:00",3,"MT",30,0,1,0,0,0,0,46.769,-113.7083,46.8913,-113.5936,0,0,0,0,0,63,0,0,0
669428,2022,7,8,"2022-07-08","21:00:00",3,"MT",30,0,1,0,0,0,0,46.8882,-113.5986,46.8882,-113.5986,0,0,0,0,0,63,0,0,0
669429,2022,7,8,"2022-07-08","21:25:00",3,"MT",30,0,1.75,0,0,0,0,47.0601,-113.3934,47.0856,-113.3882,0,0,0,0,0,63,0,0,0
669430,2022,7,9,"2022-07-09","10:05:00",3,"ND",38,0,0.75,0,0,0,0,46.76,-100.8,46.76,-100.8,0,0,0,0,0,15,0,0,0
669431,2022,7,9,"2022-07-09","10:23:00",3,"ND",38,0,0.88,0,0,0,0,46.63,-100.46,46.63,-100.46,0,0,0,0,0,29,0,0,0
669432,2022,7,9,"2022-07-09","10:49:00",3,"ND",38,0,1,0,0,0,0,46.56,-100.2,46.56,-100.2,0,0,0,0,0,29,0,0,0
669433,2022,7,9,"2022-07-09","14:44:00",3,"MT",30,0,1,0,0,0,0,45.93,-114.13,45.93,-114.13,0,0,0,0,0,81,0,0,0
669434,2022,7,9,"2022-07-09","15:36:00",3,"MT",30,0,1,0,0,0,0,46.7668,-113.7097,46.7668,-113.7097,0,0,0,0,0,63,0,0,0
669435,2022,7,9,"2022-07-09","15:40:00",3,"MT",30,0,0.75,0,0,0,0,46.58,-112.25,46.58,-112.25,0,0,0,0,0,49,0,0,0
669436,2022,7,9,"2022-07-09","15:45:00",3,"MT",30,0,0.88,0,0,0,0,46.1877,-113.2636,46.1877,-113.2636,0,0,0,0,0,39,0,0,0
669437,2022,7,9,"2022-07-09","16:05:00",3,"NM",35,0,0.88,0,0,0,0,35.06,-106.513,35.06,-106.513,0,0,0,0,0,1,0,0,0
669438,2022,7,9,"2022-07-09","16:32:00",3,"MT",30,0,0.88,0,0,0,0,46.8732,-112.9477,46.8732,-112.9477,0,0,0,0,0,77,0,0,0
669439,2022,7,9,"2022-07-09","16:34:00",3,"MT",30,0,0.5,0,0,0,1000,47.7571,-114.0179,47.7571,-114.0179,0,0,0,0,0,47,0,0,0
669440,2022,7,9,"2022-07-09","17:01:00",3,"MT",30,0,1.5,0,0,1000,43000,48.06,-114.0771,48.06,-114.0771,0,0,0,0,0,47,0,0,0
669441,2022,7,9,"2022-07-09","17:47:00",3,"MT",30,0,0.75,0,0,0,0,48.34,-110.84,48.34,-110.84,0,0,0,0,0,51,0,0,0
669442,2022,7,9,"2022-07-09","18:03:00",3,"MT",30,0,0.75,0,0,0,0,48.36,-110.74,48.36,-110.74,0,0,0,0,0,41,0,0,0
669443,2022,7,9,"2022-07-09","18:16:00",3,"MT",30,0,1.5,0,0,0,0,46.44,-109.84,46.44,-109.84,0,0,0,0,0,107,0,0,0
669444,2022,7,9,"2022-07-09","18:19:00",3,"MT",30,0,1.25,0,0,0,0,46.44,-109.84,46.44,-109.84,0,0,0,0,0,107,0,0,0
669445,2022,7,9,"2022-07-09","18:25:00",3,"MT",30,0,1,0,0,0,0,46.43,-109.83,46.43,-109.83,0,0,0,0,0,107,0,0,0
669446,2022,7,9,"2022-07-09","18:27:00",3,"TX",48,0,1,0,0,0,0,31.64,-100.13,31.64,-100.13,0,0,0,0,0,399,0,0,0
669447,2022,7,9,"2022-07-09","18:28:00",3,"MT",30,0,1.75,0,0,0,0,46.43,-109.7,46.43,-109.7,0,0,0,0,0,107,0,0,0
669448,2022,7,9,"2022-07-09","18:48:00",3,"MT",30,0,1.5,0,0,0,1000,47.512,-113.6846,47.512,-113.6846,0,0,0,0,0,63,0,0,0
669449,2022,7,9,"2022-07-09","18:55:00",3,"MT",30,0,1,0,0,0,0,46.64,-109.16,46.64,-109.16,0,0,0,0,0,37,0,0,0
669450,2022,7,9,"2022-07-09","19:36:00",3,"MT",30,0,1.75,0,0,0,0,46.7,-108.77,46.7,-108.77,0,0,0,0,0,65,0,0,0
669451,2022,7,9,"2022-07-09","19:44:00",3,"MT",30,0,0.88,0,0,0,0,46.4464,-114.0263,46.4464,-114.0263,0,0,0,0,0,81,0,0,0
669452,2022,7,9,"2022-07-09","20:58:00",3,"MT",30,0,1,0,0,0,0,47.02,-107.82,47.02,-107.82,0,0,0,0,0,33,0,0,0
669453,2022,7,9,"2022-07-09","21:03:00",3,"MT",30,0,1.75,0,0,0,0,46.55,-107.98,46.55,-107.98,0,0,0,0,0,65,0,0,0
669454,2022,7,9,"2022-07-09","21:12:00",3,"MT",30,0,1.75,0,0,0,0,46.6,-107.87,46.6,-107.87,0,0,0,0,0,65,0,0,0
669455,2022,7,9,"2022-07-09","21:18:00",3,"MT",30,0,1.75,0,0,0,0,46.58,-108.54,46.58,-108.54,0,0,0,0,0,65,0,0,0
669456,2022,7,9,"2022-07-09","21:23:00",3,"MT",30,0,1,0,0,0,0,46.56,-108.47,46.56,-108.47,0,0,0,0,0,65,0,0,0
669457,2022,7,9,"2022-07-09","21:37:00",3,"MT",30,0,2,0,0,0,0,46.47,-108.02,46.47,-108.02,0,0,0,0,0,65,0,0,0
669458,2022,7,9,"2022-07-09","21:47:00",3,"MT",30,0,1,0,0,0,0,46.55,-107.98,46.55,-107.98,0,0,0,0,0,65,0,0,0
669459,2022,7,9,"2022-07-09","21:51:00",3,"MT",30,0,1.25,0,0,0,0,46.6,-107.87,46.6,-107.87,0,0,0,0,0,65,0,0,0
669460,2022,7,9,"2022-07-09","22:51:00",3,"MT",30,0,2,0,0,0,0,46.65,-106.14,46.65,-106.14,0,0,0,0,0,87,0,0,0
669461,2022,7,9,"2022-07-09","23:43:00",3,"MT",30,0,1,0,0,0,0,46.72,-105.43,46.72,-105.43,0,0,0,0,0,79,0,0,0
669462,2022,7,9,"2022-07-09","23:55:00",3,"MT",30,0,1,0,0,0,0,46.78,-105.3,46.78,-105.3,0,0,0,0,0,79,0,0,0
670127,2022,8,10,"2022-08-10","13:53:00",3,"NC",37,0,0.88,0,0,0,0,35.67,-81.22,35.67,-81.22,0,0,0,0,0,35,0,0,0
670128,2022,8,11,"2022-08-11","13:03:00",3,"IA",19,0,1.25,0,0,0,0,42.17,-93.3,42.17,-93.3,0,0,0,0,0,169,0,0,0
670129,2022,8,11,"2022-08-11","13:03:00",3,"IA",19,0,1.25,0,0,0,0,42.16,-93.3,42.16,-93.3,0,0,0,0,0,169,0,0,0
670130,2022,8,11,"2022-08-11","14:20:00",3,"OR",41,0,1.5,0,0,0,0,44.97,-116.86,44.9655,-116.8818,0,0,0,0,0,1,0,0,0
670131,2022,8,11,"2022-08-11","15:15:00",3,"WY",56,0,1,0,0,0,0,42.92,-110.16,42.92,-110.16,0,0,0,0,0,35,0,0,0
670132,2022,8,11,"2022-08-11","15:35:00",3,"OR",41,0,1.5,0,0,0,0,45.33,-118.09,45.45,-117.95,0,0,0,0,0,61,0,0,0
670133,2022,8,11,"2022-08-11","15:55:00",3,"ID",16,0,1,0,0,1e+05,0,45.8344,-116.8094,46.2909,-116.0104,0,0,0,0,0,61,0,0,0
670134,2022,8,11,"2022-08-11","16:24:00",3,"ID",16,0,1,0,0,0,0,43.79,-116.9,43.79,-116.9,0,0,0,0,0,27,0,0,0
670135,2022,8,11,"2022-08-11","16:25:00",3,"ID",16,0,1.5,0,0,0,0,43.17,-116.61,43.17,-116.61,0,0,0,0,0,73,0,0,0
670136,2022,8,11,"2022-08-11","16:30:00",3,"OR",41,0,2.5,4,0,0,0,45.5158,-117.7235,45.57,-117.53,0,0,0,0,0,63,0,0,0
670137,2022,8,11,"2022-08-11","17:25:00",3,"ID",16,0,1.5,0,0,0,0,43.79,-116.88,43.79,-116.88,0,0,0,0,0,27,0,0,0
670138,2022,8,11,"2022-08-11","17:27:00",3,"ID",16,0,2,0,0,50000,50000,46.1079,-116.35,46.1079,-116.35,0,0,0,0,0,49,0,0,0
670139,2022,8,11,"2022-08-11","18:35:00",3,"ID",16,0,2.75,0,0,20000,0,47.6852,-117.0403,47.7738,-117.0287,0,0,0,0,0,55,0,0,0
670140,2022,8,11,"2022-08-11","18:50:00",3,"WA",53,0,2.75,0,0,2e+05,150000,47.254,-117.1594,47.7726,-117.0831,0,0,0,0,0,63,0,0,0
670141,2022,8,12,"2022-08-12","09:20:00",3,"WA",53,0,1.5,0,0,0,0,47.2933,-117.4036,47.3195,-117.3805,0,0,0,0,0,63,0,0,0
670142,2022,8,12,"2022-08-12","09:20:00",3,"WA",53,0,1.5,0,0,0,0,46.6679,-118.7825,47.133,-118.6072,0,0,0,0,0,1,0,0,0
670143,2022,8,12,"2022-08-12","13:00:00",3,"AZ",4,0,1,0,0,0,0,34.5,-112.23,34.4889,-112.2678,0,0,0,0,0,25,0,0,0
670144,2022,8,12,"2022-08-12","14:39:00",3,"ID",16,0,1.5,0,0,0,0,45.09,-116.7,45.09,-116.7,0,0,0,0,0,3,0,0,0
670145,2022,8,12,"2022-08-12","15:00:00",3,"ID",16,0,1,0,0,0,0,43.61,-116,43.61,-116,0,0,0,0,0,15,0,0,0
670146,2022,8,12,"2022-08-12","16:00:00",3,"ID",16,0,1.75,0,0,0,0,44.96,-115.49,44.96,-115.49,0,0,0,0,0,85,0,0,0
670147,2022,8,12,"2022-08-12","16:08:00",3,"ID",16,0,1.25,0,0,0,0,45.42,-116.32,45.42,-116.32,0,0,0,0,0,49,0,0,0
670148,2022,8,12,"2022-08-12","16:35:00",3,"SC",45,0,0.75,0,0,0,0,35.01,-80.94,35.01,-80.94,0,0,0,0,0,91,0,0,0
670149,2022,8,12,"2022-08-12","16:40:00",3,"AZ",4,0,1,0,0,0,0,33.5544,-111.8986,33.5544,-111.8986,0,0,0,0,0,13,0,0,0
670150,2022,8,12,"2022-08-12","16:50:00",3,"AZ",4,0,1.5,0,0,0,0,33.5968,-111.8912,33.5968,-111.8912,0,0,0,0,0,13,0,0,0
670151,2022,8,12,"2022-08-12","17:35:00",3,"MT",30,0,1,0,0,0,0,48.53,-111.82,48.53,-111.82,0,0,0,0,0,101,0,0,0
670152,2022,8,12,"2022-08-12","18:40:00",3,"WA",53,0,1,0,0,0,0,48.8268,-119.2041,49,-119.0618,0,0,0,0,0,47,0,0,0
670153,2022,8,13,"2022-08-13","08:20:00",3,"WI",55,0,1,0,0,0,0,44.78,-88.59,44.78,-88.59,0,0,0,0,0,115,0,0,0
670154,2022,8,13,"2022-08-13","12:48:00",3,"MT",30,0,1,0,0,0,0,46.57,-110.55,46.57,-110.55,0,0,0,0,0,59,0,0,0
670155,2022,8,13,"2022-08-13","15:31:00",3,"WY",56,0,0.88,0,0,0,0,41.3,-105.57,41.3,-105.57,0,0,0,0,0,1,0,0,0
670156,2022,8,14,"2022-08-14","18:06:00",3,"AZ",4,0,0.75,0,0,0,0,33.3068,-111.7556,33.3068,-111.7556,0,0,0,0,0,13,0,0,0
670157,2022,8,15,"2022-08-15","07:12:00",3,"ND",38,0,1,0,0,0,0,48.99,-100.17,48.99,-100.17,0,0,0,0,0,79,0,0,0
670158,2022,8,15,"2022-08-15","14:05:00",3,"NC",37,0,1.25,0,0,0,0,34.86,-79.78,34.86,-79.78,0,0,0,0,0,153,0,0,0
670159,2022,8,15,"2022-08-15","14:21:00",3,"NC",37,0,1.5,0,0,0,0,34.81,-79.69,34.81,-79.69,0,0,0,0,0,153,0,0,0
670160,2022,8,15,"2022-08-15","16:25:00",3,"CO",8,0,1,0,0,0,0,39.06,-104.56,39.06,-104.56,0,0,0,0,0,41,0,0,0
670161,2022,8,15,"2022-08-15","16:25:00",3,"FL",12,0,1,0,0,0,0,30.6079,-87.0922,30.6079,-87.0922,0,0,0,0,0,113,0,0,0
670162,2022,8,15,"2022-08-15","16:32:00",3,"CO",8,0,1,0,0,0,0,39.2643,-104.3119,39.2643,-104.3119,0,0,0,0,0,39,0,0,0
670163,2022,8,15,"2022-08-15","16:33:00",3,"FL",12,0,1,0,0,0,0,30.47,-87.3168,30.47,-87.3168,0,0,0,0,0,33,0,0,0
670164,2022,8,15,"2022-08-15","18:55:00",3,"SC",45,0,1.75,0,0,0,0,34.07,-78.84,34.07,-78.84,0,0,0,0,0,51,0,0,0
670165,2022,8,16,"2022-08-16","15:35:00",3,"MN",27,0,0.88,0,0,0,0,47.24,-94.22,47.24,-94.22,0,0,0,0,0,21,0,0,0
670166,2022,8,16,"2022-08-16","15:37:00",3,"MN",27,0,0.75,0,0,0,0,47.24,-94.22,47.24,-94.22,0,0,0,0,0,21,0,0,0
670167,2022,8,16,"2022-08-16","16:37:00",3,"MS",28,0,1.25,0,0,0,0,31.66,-88.98,31.6606,-88.9749,0,0,0,0,0,67,0,0,0
670168,2022,8,17,"2022-08-17","14:37:00",3,"NY",36,0,0.88,0,0,0,0,42.89,-78.3,42.89,-78.3,0,0,0,0,0,37,0,0,0
670169,2022,8,17,"2022-08-17","16:10:00",3,"MN",27,0,1.75,0,0,0,0,46.49,-92.88,46.49,-92.88,0,0,0,0,0,17,0,0,0
670170,2022,8,17,"2022-08-17","16:10:00",3,"MN",27,0,1,0,0,0,0,46.65,-93.07,46.65,-93.07,0,0,0,0,0,1,0,0,0
670171,2022,8,17,"2022-08-17","16:25:00",3,"TX",48,0,1.75,0,0,0,0,32.8743,-95.345,32.8743,-95.345,0,0,0,0,0,499,0,0,0
670172,2022,8,17,"2022-08-17","16:35:00",3,"MN",27,0,0.88,0,0,0,0,45.63,-93.2,45.63,-93.2,0,0,0,0,0,59,0,0,0
670173,2022,8,17,"2022-08-17","16:40:00",3,"TX",48,0,1,0,0,0,0,32.7961,-95.4484,32.7961,-95.4484,0,0,0,0,0,499,0,0,0
670174,2022,8,17,"2022-08-17","17:42:00",3,"TX",48,0,1,0,0,0,0,32.5908,-95.2001,32.5908,-95.2001,0,0,0,0,0,499,0,0,0
670175,2022,8,17,"2022-08-17","19:04:00",3,"ND",38,0,0.75,0,0,0,0,46.86,-101.01,46.86,-101.01,0,0,0,0,0,59,0,0,0
670176,2022,8,17,"2022-08-17","23:50:00",3,"ND",38,0,1.5,0,0,0,0,48.85,-99.04,48.85,-99.04,0,0,0,0,0,95,0,0,0
670177,2022,8,18,"2022-08-18","00:15:00",3,"ND",38,0,1,0,0,0,0,48.75,-99.02,48.75,-99.02,0,0,0,0,0,95,0,0,0
670178,2022,8,18,"2022-08-18","14:18:00",3,"MN",27,0,1,0,0,0,0,44.48,-95.8,44.48,-95.8,0,0,0,0,0,83,0,0,0
670179,2022,8,18,"2022-08-18","14:19:00",3,"MN",27,0,1.5,0,0,0,0,44.47,-95.76,44.47,-95.76,0,0,0,0,0,83,0,0,0
670180,2022,8,18,"2022-08-18","14:34:00",3,"MN",27,0,1.25,0,0,0,62000,44.37,-95.68,44.37,-95.68,0,0,0,0,0,83,0,0,0
670181,2022,8,18,"2022-08-18","15:52:00",3,"NE",31,0,0.88,0,0,0,0,41.1206,-98.8337,41.1206,-98.8337,0,0,0,0,0,163,0,0,0
670182,2022,8,18,"2022-08-18","16:03:00",3,"NE",31,0,1.75,0,0,50000,1e+06,41.0476,-98.85,41.12,-98.77,0,0,0,0,0,163,0,0,0
670183,2022,8,18,"2022-08-18","16:05:00",3,"NE",31,0,1.75,0,0,50000,1e+06,41.0081,-98.8064,41,-98.75,0,0,0,0,0,19,0,0,0
670184,2022,8,18,"2022-08-18","16:15:00",3,"SD",46,0,1,0,0,0,0,45.44,-98.21,45.44,-98.21,0,0,0,0,0,13,0,0,0
670185,2022,8,18,"2022-08-18","16:40:00",3,"NE",31,0,1,0,0,0,0,41.63,-97.76,41.63,-97.76,0,0,0,0,0,141,0,0,0
670186,2022,8,18,"2022-08-18","16:42:00",3,"IA",19,0,1.75,0,0,0,0,43.1,-96.36,43.1,-96.36,0,0,0,0,0,167,0,0,0
670187,2022,8,18,"2022-08-18","16:44:00",3,"IA",19,0,2.5,0,0,0,10000,43.1,-96.36,43.1,-96.36,0,0,0,0,0,167,0,0,0
670188,2022,8,18,"2022-08-18","16:44:00",3,"IA",19,0,0.88,0,0,0,0,42.81,-96.27,42.81,-96.27,0,0,0,0,0,149,0,0,0
670189,2022,8,18,"2022-08-18","16:51:00",3,"NE",31,0,1,0,0,0,0,40.79,-98.74,40.79,-98.74,0,0,0,0,0,19,0,0,0
670190,2022,8,18,"2022-08-18","16:51:00",3,"NE",31,0,1.75,0,0,50000,1e+06,40.78,-98.93,40.66,-98.91,0,0,0,0,0,19,0,0,0
670191,2022,8,18,"2022-08-18","16:56:00",3,"NE",31,0,1,0,0,0,0,41.58,-97.71,41.58,-97.71,0,0,0,0,0,141,0,0,0
670192,2022,8,18,"2022-08-18","16:56:00",3,"NE",31,0,2.75,0,0,0,0,41.57,-97.74,41.57,-97.74,0,0,0,0,0,141,0,0,0
670193,2022,8,18,"2022-08-18","16:56:00",3,"IA",19,0,1,0,0,0,0,42.81,-96.27,42.81,-96.27,0,0,0,0,0,149,0,0,0
670194,2022,8,18,"2022-08-18","16:58:00",3,"IA",19,0,1.25,0,0,0,11000,42.8,-96.26,42.8,-96.26,0,0,0,0,0,149,0,0,0
670195,2022,8,18,"2022-08-18","17:02:00",3,"MN",27,0,0.75,0,0,0,0,43.86,-95.12,43.86,-95.12,0,0,0,0,0,33,0,0,0
670196,2022,8,18,"2022-08-18","17:05:00",3,"NE",31,0,2.75,0,0,1e+06,4e+06,41.5,-97.73,41.45,-97.73,0,0,0,0,0,125,0,0,0
670197,2022,8,18,"2022-08-18","17:10:00",3,"NE",31,0,1,0,0,0,0,42.09,-96.71,42.09,-96.71,0,0,0,0,0,39,0,0,0
670198,2022,8,18,"2022-08-18","17:12:00",3,"MN",27,0,1,0,0,0,0,43.62,-95.6,43.62,-95.6,0,0,0,0,0,105,0,0,0
670199,2022,8,18,"2022-08-18","17:23:00",3,"MN",27,0,1.75,0,0,0,6000,43.57,-95.64,43.57,-95.64,0,0,0,0,0,105,0,0,0
670200,2022,8,18,"2022-08-18","17:40:00",3,"NE",31,0,1.25,0,0,0,0,41.35,-97.75,41.35,-97.75,0,0,0,0,0,125,0,0,0
670201,2022,8,18,"2022-08-18","17:40:00",3,"IA",19,0,1,0,0,0,0,42.92,-96.18,42.92,-96.18,0,0,0,0,0,167,0,0,0
670202,2022,8,18,"2022-08-18","17:45:00",3,"IA",19,0,1,0,0,0,0,43.5,-95.39,43.5,-95.39,0,0,0,0,0,59,0,0,0
670203,2022,8,18,"2022-08-18","17:55:00",3,"NE",31,0,1,0,0,0,0,40.5,-98.9,40.5,-98.9,0,0,0,0,0,99,0,0,0
670204,2022,8,18,"2022-08-18","17:56:00",3,"IA",19,0,1.25,0,0,0,0,43.45,-95.32,43.45,-95.32,0,0,0,0,0,59,0,0,0
670205,2022,8,18,"2022-08-18","18:00:00",3,"IA",19,0,1,0,0,0,0,42.81,-95.98,42.81,-95.98,0,0,0,0,0,149,0,0,0
670206,2022,8,18,"2022-08-18","18:12:00",3,"NE",31,0,1.5,0,0,0,0,41.18,-97.66,41.18,-97.66,0,0,0,0,0,143,0,0,0
670207,2022,8,18,"2022-08-18","18:22:00",3,"IA",19,0,1.5,0,0,0,0,42.66,-95.86,42.66,-95.86,0,0,0,0,0,149,0,0,0
670208,2022,8,18,"2022-08-18","18:28:00",3,"IA",19,0,1,0,0,0,0,43.18,-95.65,43.18,-95.65,0,0,0,0,0,141,0,0,0
670209,2022,8,18,"2022-08-18","19:10:00",3,"NE",31,0,1,0,0,0,0,41.95,-96.28,41.95,-96.28,0,0,0,0,0,21,0,0,0
670210,2022,8,18,"2022-08-18","19:15:00",3,"NE",31,0,1,0,0,0,0,41.95,-96.31,41.95,-96.31,0,0,0,0,0,21,0,0,0
670211,2022,8,18,"2022-08-18","19:55:00",3,"KS",20,0,1,0,0,0,0,39.83,-99.57,39.83,-99.57,0,0,0,0,0,147,0,0,0
670212,2022,8,19,"2022-08-19","04:15:00",3,"NE",31,0,1,0,0,0,0,42.02,-97.43,42.02,-97.43,0,0,0,0,0,119,0,0,0
670213,2022,8,19,"2022-08-19","13:33:00",3,"IA",19,0,1,0,0,0,0,41.6,-93.79,41.6,-93.79,0,0,0,0,0,153,0,0,0
670214,2022,8,19,"2022-08-19","13:40:00",3,"IA",19,0,1.75,0,0,0,0,41.6,-93.79,41.6,-93.79,0,0,0,0,0,153,0,0,0
670215,2022,8,19,"2022-08-19","13:40:00",3,"IA",19,0,1.5,0,0,0,0,41.6,-93.76,41.6,-93.76,0,0,0,0,0,153,0,0,0
670216,2022,8,19,"2022-08-19","13:40:00",3,"IA",19,0,2,0,0,0,0,41.61,-93.74,41.61,-93.74,0,0,0,0,0,153,0,0,0
670217,2022,8,19,"2022-08-19","13:43:00",3,"IA",19,0,1.75,0,0,0,0,41.59,-93.75,41.59,-93.75,0,0,0,0,0,153,0,0,0
670218,2022,8,19,"2022-08-19","13:45:00",3,"IA",19,0,2,0,0,0,0,41.58,-93.74,41.58,-93.74,0,0,0,0,0,153,0,0,0
670219,2022,8,19,"2022-08-19","13:45:00",3,"IA",19,0,3,0,0,0,0,41.6,-93.76,41.6,-93.76,0,0,0,0,0,153,0,0,0
670220,2022,8,19,"2022-08-19","13:45:00",3,"IA",19,0,1.5,0,0,0,0,41.57,-93.75,41.57,-93.75,0,0,0,0,0,153,0,0,0
670221,2022,8,19,"2022-08-19","13:46:00",3,"IA",19,0,2,0,0,0,0,41.59,-93.75,41.59,-93.75,0,0,0,0,0,153,0,0,0
670222,2022,8,19,"2022-08-19","13:47:00",3,"IA",19,0,1,0,0,0,0,41.61,-93.71,41.61,-93.71,0,0,0,0,0,153,0,0,0
670223,2022,8,19,"2022-08-19","13:50:00",3,"IA",19,0,2,0,0,0,0,41.6,-93.75,41.6,-93.75,0,0,0,0,0,153,0,0,0
670224,2022,8,19,"2022-08-19","13:50:00",3,"IA",19,0,1.25,0,0,0,0,41.61,-93.69,41.61,-93.69,0,0,0,0,0,153,0,0,0
670225,2022,8,19,"2022-08-19","13:56:00",3,"IA",19,0,1,0,0,0,0,41.58,-93.63,41.58,-93.63,0,0,0,0,0,153,0,0,0
670226,2022,8,19,"2022-08-19","14:08:00",3,"IA",19,0,0.88,0,0,0,0,41.59,-93.87,41.59,-93.87,0,0,0,0,0,49,0,0,0
670227,2022,8,19,"2022-08-19","14:10:00",3,"IA",19,0,1,0,0,0,0,41.59,-93.59,41.59,-93.59,0,0,0,0,0,153,0,0,0
670228,2022,8,19,"2022-08-19","14:10:00",3,"IA",19,0,1,0,0,0,0,42.41,-93.06,42.41,-93.06,0,0,0,0,0,83,0,0,0
670229,2022,8,19,"2022-08-19","14:20:00",3,"NE",31,0,1.25,0,0,0,0,41.33,-96.06,41.33,-96.06,0,0,0,0,0,55,0,0,0
670230,2022,8,19,"2022-08-19","14:38:00",3,"NE",31,0,1,0,0,0,0,40.39,-95.84,40.39,-95.84,0,0,0,0,0,127,0,0,0
670231,2022,8,19,"2022-08-19","14:50:00",3,"IA",19,0,1.5,0,0,0,0,42.41,-92.78,42.41,-92.78,0,0,0,0,0,75,0,0,0
670232,2022,8,19,"2022-08-19","14:56:00",3,"IA",19,0,1,0,0,0,0,42.41,-92.79,42.41,-92.79,0,0,0,0,0,75,0,0,0
670233,2022,8,19,"2022-08-19","15:40:00",3,"GA",13,0,1,0,0,0,0,32.5,-81.75,32.5,-81.75,0,0,0,0,0,31,0,0,0
670234,2022,8,19,"2022-08-19","16:00:00",3,"GA",13,0,0.75,0,0,0,0,32.45,-81.69,32.45,-81.69,0,0,0,0,0,31,0,0,0
670235,2022,8,19,"2022-08-19","16:03:00",3,"IA",19,0,1,0,0,0,0,42.22,-91.88,42.22,-91.88,0,0,0,0,0,11,0,0,0
670236,2022,8,19,"2022-08-19","16:55:00",3,"NE",31,0,1.25,0,0,0,0,40.43,-96.34,40.43,-96.34,0,0,0,0,0,97,0,0,0
670237,2022,8,19,"2022-08-19","17:21:00",3,"IA",19,0,1,0,0,0,0,42.68,-91.91,42.68,-91.91,0,0,0,0,0,65,0,0,0
670238,2022,8,19,"2022-08-19","18:03:00",3,"IA",19,0,1.5,0,0,0,0,41.38,-91.35,41.38,-91.35,0,0,0,0,0,139,0,0,0
670239,2022,8,19,"2022-08-19","18:07:00",3,"IA",19,0,1,0,0,0,0,41.35,-91.16,41.35,-91.16,0,0,0,0,0,139,0,0,0
670240,2022,8,19,"2022-08-19","18:24:00",3,"IA",19,0,1,0,0,0,0,41.38,-91.35,41.38,-91.35,0,0,0,0,0,139,0,0,0
670241,2022,8,19,"2022-08-19","18:33:00",3,"IA",19,0,1,0,0,0,0,41.19,-92.17,41.19,-92.17,0,0,0,0,0,107,0,0,0
670242,2022,8,19,"2022-08-19","18:36:00",3,"IL",17,0,0.88,0,0,0,0,42.1,-89.83,42.1,-89.83,0,0,0,0,0,15,0,0,0
670243,2022,8,19,"2022-08-19","19:18:00",3,"IL",17,0,0.75,0,0,0,0,41.89,-89.73,41.89,-89.73,0,0,0,0,0,195,0,0,0
670244,2022,8,20,"2022-08-20","13:00:00",3,"IL",17,0,1,0,0,0,0,40.92,-89.4992,40.92,-89.4992,0,0,0,0,0,143,0,0,0
670245,2022,8,20,"2022-08-20","13:00:00",3,"IL",17,0,0.88,0,0,0,0,40.92,-89.48,40.92,-89.48,0,0,0,0,0,143,0,0,0
670246,2022,8,20,"2022-08-20","13:20:00",3,"IL",17,0,1.25,0,0,0,0,41.0246,-89.4083,41.0246,-89.4083,0,0,0,0,0,123,0,0,0
670247,2022,8,20,"2022-08-20","13:20:00",3,"IL",17,0,1.75,0,0,0,0,41.03,-89.44,41.03,-89.44,0,0,0,0,0,123,0,0,0
670248,2022,8,20,"2022-08-20","13:20:00",3,"IL",17,0,1.5,0,0,0,0,40.9911,-89.4,40.9911,-89.4,0,0,0,0,0,123,0,0,0
670249,2022,8,20,"2022-08-20","13:30:00",3,"IL",17,0,1,0,0,0,0,40.71,-89.52,40.71,-89.52,0,0,0,0,0,179,0,0,0
670250,2022,8,20,"2022-08-20","13:30:00",3,"IL",17,0,1,0,0,0,0,40.7205,-89.373,40.7205,-89.373,0,0,0,0,0,179,0,0,0
670251,2022,8,20,"2022-08-20","13:33:00",3,"IL",17,0,0.88,0,0,0,0,40.7,-89.4573,40.7,-89.4573,0,0,0,0,0,179,0,0,0
670252,2022,8,20,"2022-08-20","13:35:00",3,"IL",17,0,1.5,0,0,0,0,40.6922,-89.4995,40.6922,-89.4995,0,0,0,0,0,179,0,0,0
670253,2022,8,20,"2022-08-20","13:39:00",3,"IL",17,0,1,0,0,0,0,40.7,-89.4573,40.7,-89.4573,0,0,0,0,0,179,0,0,0
670254,2022,8,20,"2022-08-20","13:40:00",3,"IL",17,0,3,0,0,0,0,40.7,-89.4,40.7,-89.4,0,0,0,0,0,179,0,0,0
670255,2022,8,20,"2022-08-20","13:43:00",3,"IL",17,0,1.75,0,0,0,0,40.7307,-89.4405,40.7307,-89.4405,0,0,0,0,0,179,0,0,0
670256,2022,8,20,"2022-08-20","13:45:00",3,"IL",17,0,1,0,0,0,0,41.16,-89.26,41.16,-89.26,0,0,0,0,0,155,0,0,0
670257,2022,8,20,"2022-08-20","13:45:00",3,"IL",17,0,2,0,0,0,0,40.71,-89.42,40.71,-89.42,0,0,0,0,0,179,0,0,0
670258,2022,8,20,"2022-08-20","13:55:00",3,"IL",17,0,2,0,0,0,0,40.7034,-89.4071,40.7034,-89.4071,0,0,0,0,0,179,0,0,0
670259,2022,8,20,"2022-08-20","13:55:00",3,"IL",17,0,2,0,0,0,0,40.6922,-89.4995,40.6922,-89.4995,0,0,0,0,0,179,0,0,0
670260,2022,8,20,"2022-08-20","14:34:00",3,"IL",17,0,0.75,0,0,0,0,40.6445,-89.5624,40.6445,-89.5624,0,0,0,0,0,179,0,0,0
670261,2022,8,20,"2022-08-20","14:56:00",3,"OH",39,0,1.25,0,0,0,0,40.4802,-82.6831,40.4802,-82.6831,0,0,0,0,0,117,0,0,0
670262,2022,8,20,"2022-08-20","15:01:00",3,"MO",29,0,1,0,0,0,0,37.64,-91.62,37.64,-91.62,0,0,0,0,0,65,0,0,0
670263,2022,8,20,"2022-08-20","15:35:00",3,"IN",18,0,1,0,0,0,0,38.36,-85.81,38.36,-85.81,0,0,0,0,0,43,0,0,0
670264,2022,8,20,"2022-08-20","15:36:00",3,"IN",18,0,1,0,0,0,0,38.36,-85.8,38.36,-85.8,0,0,0,0,0,43,0,0,0
670265,2022,8,20,"2022-08-20","15:38:00",3,"IN",18,0,1,0,0,0,0,38.35,-85.77,38.35,-85.77,0,0,0,0,0,43,0,0,0
670266,2022,8,20,"2022-08-20","15:38:00",3,"IN",18,0,1,0,0,0,0,38.38,-85.77,38.38,-85.77,0,0,0,0,0,19,0,0,0
670267,2022,8,20,"2022-08-20","15:40:00",3,"OH",39,0,1.5,0,0,0,0,39.03,-83.66,39.03,-83.66,0,0,0,0,0,71,0,0,0
670268,2022,8,20,"2022-08-20","15:53:00",3,"IN",18,0,1,0,0,0,0,38.44,-85.65,38.44,-85.65,0,0,0,0,0,19,0,0,0
670269,2022,8,20,"2022-08-20","15:59:00",3,"CO",8,0,1.25,0,0,0,0,39.51,-105.24,39.51,-105.24,0,0,0,0,0,59,0,0,0
670270,2022,8,20,"2022-08-20","16:02:00",3,"CO",8,0,0.88,0,0,0,0,39.53,-105.23,39.53,-105.23,0,0,0,0,0,59,0,0,0
670271,2022,8,20,"2022-08-20","20:19:00",3,"MO",29,0,1.75,0,0,0,0,37.3948,-90.6962,37.3948,-90.6962,0,0,0,0,0,93,0,0,0
670272,2022,8,20,"2022-08-20","21:47:00",3,"MO",29,0,1,0,0,0,0,38.0798,-90.3596,38.0798,-90.3596,0,0,0,0,0,99,0,0,0
670273,2022,8,20,"2022-08-20","22:35:00",3,"IL",17,0,1,0,0,0,0,38.1805,-89.8265,38.1802,-89.7933,0,0,0,0,0,157,0,0,0
670274,2022,8,21,"2022-08-21","01:43:00",3,"NC",37,0,0.88,0,0,0,0,35.424,-81.99,35.424,-81.99,0,0,0,0,0,161,0,0,0
670275,2022,8,21,"2022-08-21","11:35:00",3,"KY",21,0,0.75,0,0,0,0,38.66,-83.79,38.66,-83.79,0,0,0,0,0,161,0,0,0
670276,2022,8,21,"2022-08-21","13:10:00",3,"OH",39,0,1,0,0,0,0,39.95,-82.01,39.95,-82.01,0,0,0,0,0,119,0,0,0
670277,2022,8,21,"2022-08-21","14:54:00",3,"UT",49,0,1.5,0,0,0,0,37.66,-113.66,37.66,-113.66,0,0,0,0,0,21,0,0,0
670278,2022,8,21,"2022-08-21","20:08:00",3,"NV",32,0,1,0,0,0,0,36.381,-114.8926,36.381,-114.8926,0,0,0,0,0,3,0,0,0
670279,2022,8,21,"2022-08-21","22:12:00",3,"AZ",4,0,1,0,0,0,0,35.2311,-114.1873,35.2311,-114.1873,0,0,0,0,0,15,0,0,0
670280,2022,8,22,"2022-08-22","15:00:00",3,"PA",42,0,0.75,0,0,0,0,40.67,-75.55,40.67,-75.55,0,0,0,0,0,77,0,0,0
670281,2022,8,22,"2022-08-22","15:01:00",3,"PA",42,0,1,0,0,0,0,40.68,-75.58,40.68,-75.58,0,0,0,0,0,77,0,0,0
670282,2022,8,22,"2022-08-22","15:03:00",3,"PA",42,0,0.88,0,0,0,0,40.67,-75.49,40.67,-75.49,0,0,0,0,0,77,0,0,0
670283,2022,8,22,"2022-08-22","15:06:00",3,"PA",42,0,1,0,0,0,0,40.67,-75.48,40.67,-75.48,0,0,0,0,0,95,0,0,0
670284,2022,8,22,"2022-08-22","15:10:00",3,"PA",42,0,0.88,0,0,0,0,40.68,-75.49,40.68,-75.49,0,0,0,0,0,95,0,0,0
670285,2022,8,22,"2022-08-22","15:12:00",3,"PA",42,0,1,0,0,0,0,40.67,-75.49,40.67,-75.49,0,0,0,0,0,77,0,0,0
670286,2022,8,22,"2022-08-22","15:15:00",3,"PA",42,0,1,0,0,0,0,40.66,-75.48,40.66,-75.48,0,0,0,0,0,95,0,0,0
670287,2022,8,22,"2022-08-22","15:40:00",3,"PA",42,0,1,0,0,0,0,40.63,-75.38,40.63,-75.38,0,0,0,0,0,95,0,0,0
670288,2022,8,22,"2022-08-22","15:40:00",3,"PA",42,0,0.75,0,0,0,0,40.66,-75.33,40.66,-75.33,0,0,0,0,0,95,0,0,0
670289,2022,8,22,"2022-08-22","15:55:00",3,"PA",42,0,1,0,0,0,0,40.67,-75.21,40.67,-75.21,0,0,0,0,0,95,0,0,0
670290,2022,8,22,"2022-08-22","15:55:00",3,"PA",42,0,1,0,0,0,0,40.68,-75.22,40.68,-75.22,0,0,0,0,0,95,0,0,0
670291,2022,8,22,"2022-08-22","16:16:00",3,"NJ",34,0,0.75,0,0,0,0,40.6,-75.13,40.6,-75.13,0,0,0,0,0,19,0,0,0
670292,2022,8,22,"2022-08-22","17:17:00",3,"UT",49,0,1,0,0,0,0,37.13,-113.49,37.13,-113.49,0,0,0,0,0,53,0,0,0
670293,2022,8,23,"2022-08-23","15:05:00",3,"ND",38,0,1,0,0,0,5e+05,47.95,-102.09,47.8476,-101.968,0,0,0,0,0,61,0,0,0
670294,2022,8,23,"2022-08-23","15:25:00",3,"ND",38,0,1,0,0,0,0,47.82,-101.3,47.82,-101.3,0,0,0,0,0,55,0,0,0
670295,2022,8,23,"2022-08-23","15:25:00",3,"ND",38,0,1,0,0,0,5e+05,47.8476,-101.968,47.75,-101.83,0,0,0,0,0,55,0,0,0
670296,2022,8,23,"2022-08-23","16:18:00",3,"ND",38,0,1,0,0,0,0,47.52,-100.89,47.52,-100.89,0,0,0,0,0,55,0,0,0
670297,2022,8,23,"2022-08-23","16:33:00",3,"ND",38,0,1,0,0,0,0,47.52,-100.89,47.52,-100.89,0,0,0,0,0,55,0,0,0
670298,2022,8,23,"2022-08-23","16:40:00",3,"AZ",4,0,1,0,0,0,0,34.74,-112.02,34.7147,-112.041,0,0,0,0,0,25,0,0,0
670299,2022,8,23,"2022-08-23","16:55:00",3,"ND",38,0,1,0,0,0,0,47.32,-101.34,47.32,-101.34,0,0,0,0,0,55,0,0,0
670300,2022,8,23,"2022-08-23","17:00:00",3,"ND",38,0,1,0,0,0,0,47.19,-101.41,47.19,-101.41,0,0,0,0,0,65,0,0,0
670301,2022,8,23,"2022-08-23","17:30:00",3,"FL",12,0,0.75,0,0,0,0,30.22,-81.75,30.22,-81.75,0,0,0,0,0,31,0,0,0
670302,2022,8,23,"2022-08-23","18:06:00",3,"AZ",4,0,0.88,0,0,0,0,33.5964,-112.1201,33.5964,-112.1201,0,0,0,0,0,13,0,0,0
670303,2022,8,23,"2022-08-23","18:10:00",3,"AZ",4,0,1.75,0,0,0,0,34.59,-113.21,34.59,-113.21,0,0,0,0,0,25,0,0,0
670304,2022,8,23,"2022-08-23","18:20:00",3,"AZ",4,0,1,0,0,0,0,33.5386,-112.1343,33.5386,-112.1343,0,0,0,0,0,13,0,0,0
670305,2022,8,23,"2022-08-23","19:40:00",3,"MN",27,0,1.25,0,0,0,0,48.68,-96.5,48.68,-96.5,0,0,0,0,0,69,0,0,0
670306,2022,8,24,"2022-08-24","14:10:00",3,"SD",46,0,1.5,0,0,0,0,43.5402,-103.6359,43.5402,-103.6359,0,0,0,0,0,33,0,0,0
670307,2022,8,24,"2022-08-24","15:28:00",3,"WI",55,0,0.88,0,0,0,0,45.09,-87.73,45.09,-87.73,0,0,0,0,0,75,0,0,0
670308,2022,8,24,"2022-08-24","16:32:00",3,"IA",19,0,1.75,0,0,0,0,42.73,-94.68,42.73,-94.68,0,0,0,0,0,151,0,0,0
670309,2022,8,24,"2022-08-24","16:35:00",3,"IA",19,0,1.75,0,0,0,0,42.73,-94.68,42.73,-94.68,0,0,0,0,0,151,0,0,0
670310,2022,8,24,"2022-08-24","19:05:00",3,"WA",53,0,1.25,0,0,0,0,47.87,-117.42,47.87,-117.42,0,0,0,0,0,63,0,0,0
670311,2022,8,25,"2022-08-25","14:30:00",3,"ID",16,0,1,0,0,1000,0,47.5437,-116.2059,47.4576,-115.6831,0,0,0,0,0,79,0,0,0
670312,2022,8,25,"2022-08-25","16:30:00",3,"MT",30,0,1.5,0,0,0,0,46.33,-111.53,46.33,-111.53,0,0,0,0,0,7,0,0,0
670313,2022,8,25,"2022-08-25","17:07:00",3,"MT",30,0,1,0,0,0,0,46.32,-111.5,46.32,-111.5,0,0,0,0,0,7,0,0,0
670314,2022,8,25,"2022-08-25","17:15:00",3,"MT",30,0,1,0,0,0,0,46.32,-111.52,46.32,-111.52,0,0,0,0,0,7,0,0,0
670315,2022,8,25,"2022-08-25","17:35:00",3,"MT",30,0,1.5,0,0,5000,5000,47.3645,-114.25,47.3645,-114.25,0,0,0,0,0,47,0,0,0
670316,2022,8,25,"2022-08-25","17:50:00",3,"WY",56,0,1.75,0,0,0,0,43.05,-105.26,43.05,-105.26,0,0,0,0,0,9,0,0,0
670317,2022,8,25,"2022-08-25","18:15:00",3,"WY",56,0,0.88,0,0,0,0,42.6644,-104.4382,42.6644,-104.4382,0,0,0,0,0,27,0,0,0
670318,2022,8,25,"2022-08-25","18:16:00",3,"MT",30,0,1,0,0,0,0,47.85,-112.16,47.85,-112.16,0,0,0,0,0,99,0,0,0
670319,2022,8,26,"2022-08-26","10:55:00",3,"NH",33,0,1,0,0,0,0,43.68,-72.27,43.68,-72.27,0,0,0,0,0,9,0,0,0
670320,2022,8,26,"2022-08-26","11:13:00",3,"NH",33,0,1,0,0,0,0,43.65,-72.01,43.65,-72.01,0,0,0,0,0,9,0,0,0
670321,2022,8,26,"2022-08-26","11:55:00",3,"NH",33,0,1.75,0,0,0,0,43.04,-72.44,43.04,-72.44,0,0,0,0,0,5,0,0,0
670322,2022,8,26,"2022-08-26","12:10:00",3,"NH",33,0,1.25,0,0,0,0,43.11,-72.36,43.11,-72.36,0,0,0,0,0,5,0,0,0
670323,2022,8,26,"2022-08-26","12:48:00",3,"NH",33,0,2,0,0,0,0,43.62,-71.27,43.62,-71.27,0,0,0,0,0,3,0,0,0
670324,2022,8,26,"2022-08-26","13:16:00",3,"NH",33,0,1.75,0,0,0,0,43.63,-70.98,43.63,-70.98,0,0,0,0,0,3,0,0,0
670325,2022,8,26,"2022-08-26","13:32:00",3,"NH",33,0,1.25,0,0,0,0,43.35,-71.27,43.35,-71.27,0,0,0,0,0,1,0,0,0
670326,2022,8,26,"2022-08-26","16:40:00",3,"WY",56,0,1,0,0,0,0,44.9,-104.56,44.9,-104.56,0,0,0,0,0,11,0,0,0
670327,2022,8,26,"2022-08-26","17:00:00",3,"WY",56,0,1.5,0,0,0,0,44.58,-104.93,44.58,-104.93,0,0,0,0,0,11,0,0,0
670328,2022,8,26,"2022-08-26","17:06:00",3,"WY",56,0,1,0,0,0,0,44.58,-104.9097,44.58,-104.9097,0,0,0,0,0,11,0,0,0
670329,2022,8,26,"2022-08-26","17:30:00",3,"WY",56,0,1,0,0,0,0,44.85,-104.56,44.85,-104.56,0,0,0,0,0,11,0,0,0
670330,2022,8,26,"2022-08-26","19:20:00",3,"SD",46,0,0.88,0,0,0,0,44.62,-103.4,44.62,-103.4,0,0,0,0,0,19,0,0,0
670331,2022,8,26,"2022-08-26","20:23:00",3,"ND",38,0,1.25,0,0,0,0,46.92,-104,46.92,-104,0,0,0,0,0,33,0,0,0
670332,2022,8,27,"2022-08-27","15:32:00",3,"IA",19,0,1,0,0,0,0,41.72,-92.73,41.72,-92.73,0,0,0,0,0,157,0,0,0
670333,2022,8,27,"2022-08-27","20:06:00",3,"MN",27,0,1.25,0,0,0,0,45.01,-93.11,45.01,-93.11,0,0,0,0,0,123,0,0,0
670334,2022,8,28,"2022-08-28","13:51:00",3,"OK",40,0,1,0,0,0,0,35.29,-97.37,35.29,-97.37,0,0,0,0,0,27,0,0,0
670335,2022,8,28,"2022-08-28","15:11:00",3,"IL",17,0,1.5,0,0,0,0,41.8299,-88.77,41.8299,-88.77,0,0,0,0,0,37,0,0,0
670336,2022,8,28,"2022-08-28","15:20:00",3,"MN",27,0,1,0,0,0,0,47.63,-95.71,47.63,-95.71,0,0,0,0,0,119,0,0,0
670337,2022,8,28,"2022-08-28","17:35:00",3,"MN",27,0,1,0,0,0,0,47.92,-94.6,47.92,-94.6,0,0,0,0,0,7,0,0,0
670338,2022,8,28,"2022-08-28","17:42:00",3,"MN",27,0,0.88,0,0,0,0,47.93,-94.45,47.93,-94.45,0,0,0,0,0,7,0,0,0
670339,2022,8,28,"2022-08-28","19:40:00",3,"MN",27,0,1.75,0,0,0,0,47.09,-94.29,47.09,-94.29,0,0,0,0,0,21,0,0,0
670340,2022,8,28,"2022-08-28","19:50:00",3,"MN",27,0,1.5,0,0,0,0,47.17,-94.12,47.17,-94.12,0,0,0,0,0,21,0,0,0
670341,2022,8,28,"2022-08-28","20:45:00",3,"MN",27,0,0.75,0,0,0,0,47.15,-93.5,47.15,-93.5,0,0,0,0,0,61,0,0,0
670342,2022,8,28,"2022-08-28","20:49:00",3,"MN",27,0,0.75,0,0,0,0,47.25,-93.47,47.25,-93.47,0,0,0,0,0,61,0,0,0
670343,2022,8,28,"2022-08-28","20:50:00",3,"TX",48,0,1.5,0,0,0,0,31.5841,-102.9301,31.5841,-102.9301,0,0,0,0,0,475,0,0,0
670344,2022,8,29,"2022-08-29","03:07:00",3,"TX",48,0,1,0,0,0,0,34.97,-101.72,34.97,-101.72,0,0,0,0,0,381,0,0,0
670345,2022,8,29,"2022-08-29","05:39:00",3,"IA",19,0,1,0,0,0,0,41.51,-94.32,41.51,-94.32,0,0,0,0,0,77,0,0,0
670346,2022,8,29,"2022-08-29","05:40:00",3,"IA",19,0,1.5,0,0,0,0,41.5,-94.32,41.5,-94.32,0,0,0,0,0,1,0,0,0
670347,2022,8,29,"2022-08-29","08:05:00",3,"IA",19,0,0.88,0,0,0,0,40.97,-92.4,40.97,-92.4,0,0,0,0,0,179,0,0,0
670348,2022,8,29,"2022-08-29","09:00:00",3,"IA",19,0,1,0,0,0,0,41.48,-91.07,41.48,-91.07,0,0,0,0,0,139,0,0,0
670349,2022,8,29,"2022-08-29","12:57:00",3,"IN",18,0,1.25,0,0,0,0,41.54,-87.14,41.54,-87.14,0,0,0,0,0,127,0,0,0
670350,2022,8,29,"2022-08-29","13:45:00",3,"MO",29,0,1.25,0,0,0,0,38.8,-93.99,38.8,-93.99,0,0,0,0,0,101,0,0,0
670351,2022,8,29,"2022-08-29","14:25:00",3,"TX",48,0,1,0,0,0,0,35.28,-101.72,35.28,-101.72,0,0,0,0,0,375,0,0,0
670352,2022,8,29,"2022-08-29","14:34:00",3,"TX",48,0,1,0,0,0,0,35.13,-101.92,35.13,-101.92,0,0,0,0,0,381,0,0,0
670353,2022,8,29,"2022-08-29","14:35:00",3,"TX",48,0,1,0,0,0,0,35.14,-101.91,35.14,-101.91,0,0,0,0,0,381,0,0,0
670354,2022,8,29,"2022-08-29","14:35:00",3,"MI",26,0,1,0,0,0,0,43.68,-84.38,43.68,-84.38,0,0,0,0,0,111,0,0,0
670355,2022,8,29,"2022-08-29","14:44:00",3,"OK",40,0,1,0,0,0,0,36.6,-101.58,36.6,-101.58,0,0,0,0,0,139,0,0,0
670356,2022,8,29,"2022-08-29","14:50:00",3,"MO",29,0,1,0,0,0,0,38.5117,-91.1743,38.5117,-91.1743,0,0,0,0,0,71,0,0,0
670357,2022,8,29,"2022-08-29","15:30:00",3,"OK",40,0,0.75,0,0,0,0,35.25,-97.44,35.25,-97.44,0,0,0,0,0,27,0,0,0
670358,2022,8,29,"2022-08-29","17:05:00",3,"KS",20,0,1.5,0,0,0,0,38.53,-99.05,38.53,-99.05,0,0,0,0,0,165,0,0,0
670359,2022,8,29,"2022-08-29","17:10:00",3,"MO",29,0,1.25,0,0,0,0,40.1189,-91.5283,40.107,-91.5179,0,0,0,0,0,111,0,0,0
670360,2022,8,29,"2022-08-29","17:25:00",3,"IL",17,0,1.25,0,0,0,0,38.1109,-88.682,38.1109,-88.682,0,0,0,0,0,65,0,0,0
670361,2022,8,29,"2022-08-29","17:44:00",3,"IL",17,0,1,0,0,0,0,38.1421,-88.68,38.1421,-88.68,0,0,0,0,0,65,0,0,0
670362,2022,8,29,"2022-08-29","18:00:00",3,"IL",17,0,1.75,0,0,0,0,40.9895,-88.7591,40.9895,-88.7591,0,0,0,0,0,105,0,0,0
670363,2022,8,29,"2022-08-29","18:11:00",3,"IL",17,0,1,0,0,0,0,40.99,-88.73,40.99,-88.73,0,0,0,0,0,105,0,0,0
670364,2022,8,29,"2022-08-29","18:26:00",3,"KS",20,0,1.5,0,0,0,0,39.04,-96.33,39.04,-96.33,0,0,0,0,0,197,0,0,0
670365,2022,8,29,"2022-08-29","18:30:00",3,"NM",35,0,1.25,0,0,0,0,34.43,-104.47,34.43,-104.47,0,0,0,0,0,11,0,0,0
670366,2022,8,29,"2022-08-29","18:40:00",3,"IL",17,0,0.75,0,0,0,0,40.1401,-87.7407,40.1401,-87.7407,0,0,0,0,0,183,0,0,0
670367,2022,8,30,"2022-08-30","15:06:00",3,"NC",37,0,1,0,0,0,0,35.27,-82.35,35.27,-82.35,0,0,0,0,0,89,0,0,0
670368,2022,8,31,"2022-08-31","14:00:00",3,"NE",31,0,1,0,0,0,0,42.39,-98.43,42.39,-98.43,0,0,0,0,0,89,0,0,0
670369,2022,8,31,"2022-08-31","14:21:00",3,"CO",8,0,1,0,0,0,0,39.49,-102.84,39.49,-102.84,0,0,0,0,0,63,0,0,0
669992,2022,8,1,"2022-08-01","00:55:00",3,"IL",17,0,0.88,0,0,0,0,41.12,-90.17,41.12,-90.17,0,0,0,0,0,95,0,0,0
669993,2022,8,1,"2022-08-01","01:08:00",3,"IL",17,0,1,0,0,0,0,41.46,-90.38,41.46,-90.38,0,0,0,0,0,73,0,0,0
669994,2022,8,1,"2022-08-01","04:15:00",3,"IL",17,0,0.75,0,0,0,0,40.42,-90.79,40.42,-90.79,0,0,0,0,0,109,0,0,0
669995,2022,8,1,"2022-08-01","04:23:00",3,"IL",17,0,0.75,0,0,0,0,40.38,-90.7,40.38,-90.7,0,0,0,0,0,109,0,0,0
669996,2022,8,1,"2022-08-01","04:25:00",3,"IL",17,0,1.25,0,0,0,0,40.39,-90.68,40.39,-90.68,0,0,0,0,0,109,0,0,0
669997,2022,8,1,"2022-08-01","14:25:00",3,"IL",17,0,0.75,0,0,0,0,39.12,-88.53,39.12,-88.53,0,0,0,0,0,49,0,0,0
669998,2022,8,1,"2022-08-01","14:45:00",3,"IL",17,0,1.25,0,0,0,0,39.07,-88.37,39.07,-88.37,0,0,0,0,0,49,0,0,0
669999,2022,8,1,"2022-08-01","15:10:00",3,"IL",17,0,1,0,0,0,0,39.05,-88.32,39.05,-88.32,0,0,0,0,0,79,0,0,0
670000,2022,8,1,"2022-08-01","15:31:00",3,"IL",17,0,1.5,0,0,0,0,38.89,-88.21,38.89,-88.21,0,0,0,0,0,79,0,0,0
670001,2022,8,1,"2022-08-01","15:35:00",3,"IL",17,0,1,0,0,0,0,38.94,-88.28,38.94,-88.28,0,0,0,0,0,79,0,0,0
670002,2022,8,1,"2022-08-01","15:40:00",3,"IL",17,0,1.75,0,0,0,0,38.92,-88.23,38.92,-88.23,0,0,0,0,0,79,0,0,0
670003,2022,8,1,"2022-08-01","15:40:00",3,"IL",17,0,1.25,0,0,0,0,38.83,-88.08,38.83,-88.08,0,0,0,0,0,159,0,0,0
670004,2022,8,1,"2022-08-01","15:55:00",3,"IL",17,0,1,0,0,0,0,38.7166,-88.0729,38.7166,-88.0729,0,0,0,0,0,159,0,0,0
670005,2022,8,1,"2022-08-01","15:58:00",3,"IL",17,0,2,0,0,0,0,38.73,-88.08,38.73,-88.08,0,0,0,0,0,159,0,0,0
670006,2022,8,1,"2022-08-01","16:00:00",3,"IL",17,0,1.75,0,0,0,0,38.73,-88.0615,38.73,-88.0615,0,0,0,0,0,159,0,0,0
670007,2022,8,1,"2022-08-01","16:56:00",3,"IL",17,0,1.5,0,0,0,0,38.38,-87.8831,38.3933,-87.7559,0,0,0,0,0,185,0,0,0
670008,2022,8,1,"2022-08-01","17:10:00",3,"IL",17,0,1,0,0,0,0,38.72,-87.85,38.72,-87.85,0,0,0,0,0,101,0,0,0
670009,2022,8,1,"2022-08-01","18:51:00",3,"KY",21,0,1,0,0,0,0,37.7032,-87.3014,37.7032,-87.3014,0,0,0,0,0,59,0,0,0
670010,2022,8,1,"2022-08-01","19:00:00",3,"NE",31,0,1,0,0,0,0,42.8,-98.83,42.8,-98.83,0,0,0,0,0,89,0,0,0
670011,2022,8,1,"2022-08-01","19:00:00",3,"NE",31,0,1,0,0,0,0,42.83,-98.81,42.83,-98.81,0,0,0,0,0,15,0,0,0
670012,2022,8,1,"2022-08-01","19:20:00",3,"NE",31,0,1,0,0,0,0,42.84,-98.6,42.84,-98.6,0,0,0,0,0,15,0,0,0
670013,2022,8,1,"2022-08-01","19:30:00",3,"KY",21,0,1.25,0,0,0,0,37.4902,-87.1171,37.4902,-87.1171,0,0,0,0,0,149,0,0,0
670014,2022,8,1,"2022-08-01","19:30:00",3,"IL",17,0,1,0,0,0,0,38.6807,-88.0107,38.6807,-88.0107,0,0,0,0,0,159,0,0,0
670015,2022,8,1,"2022-08-01","19:40:00",3,"IL",17,0,1.25,0,0,0,0,38.4295,-88.0261,38.4295,-88.0261,0,0,0,0,0,47,0,0,0
670016,2022,8,1,"2022-08-01","19:40:00",3,"NM",35,0,1,0,0,0,0,35.27,-105.36,35.27,-105.36,0,0,0,0,0,47,0,0,0
670017,2022,8,1,"2022-08-01","20:11:00",3,"SD",46,0,1,0,0,0,0,42.89,-98.06,42.89,-98.06,0,0,0,0,0,9,0,0,0
670018,2022,8,1,"2022-08-01","21:05:00",3,"SD",46,0,1,0,0,0,0,42.87,-97.45,42.87,-97.45,0,0,0,0,0,135,0,0,0
670019,2022,8,1,"2022-08-01","21:45:00",3,"KY",21,0,1,0,0,0,0,37.77,-87.93,37.77,-87.93,0,0,0,0,0,225,0,0,0
670020,2022,8,1,"2022-08-01","23:14:00",3,"KY",21,0,1.5,0,0,0,0,37.17,-87.7,37.17,-87.7,0,0,0,0,0,107,0,0,0
670021,2022,8,2,"2022-08-02","01:30:00",3,"IL",17,0,0.88,0,0,0,0,39.9602,-89.5634,39.9602,-89.5634,0,0,0,0,0,167,0,0,0
670022,2022,8,2,"2022-08-02","02:39:00",3,"IL",17,0,1,0,0,0,0,39.85,-89.47,39.85,-89.47,0,0,0,0,0,167,0,0,0
670023,2022,8,2,"2022-08-02","03:49:00",3,"IL",17,0,0.75,0,0,0,0,40.25,-89.43,40.25,-89.43,0,0,0,0,0,107,0,0,0
670024,2022,8,2,"2022-08-02","08:55:00",3,"IL",17,0,1,0,0,0,0,39.6,-88.62,39.6,-88.62,0,0,0,0,0,139,0,0,0
670025,2022,8,2,"2022-08-02","11:02:00",3,"IL",17,0,0.75,0,0,0,0,40.5,-90.03,40.5,-90.03,0,0,0,0,0,57,0,0,0
670026,2022,8,2,"2022-08-02","11:02:00",3,"IL",17,0,1,0,0,0,0,40.57,-90.03,40.57,-90.03,0,0,0,0,0,57,0,0,0
670027,2022,8,2,"2022-08-02","13:40:00",3,"MN",27,0,1.25,0,0,0,0,48.34,-95.12,48.34,-95.12,0,0,0,0,0,7,0,0,0
670028,2022,8,2,"2022-08-02","14:00:00",3,"MN",27,0,1,0,0,0,0,48.32,-95.1,48.32,-95.1,0,0,0,0,0,7,0,0,0
670029,2022,8,2,"2022-08-02","14:00:00",3,"MN",27,0,1.75,0,0,0,0,47.36,-92.37,47.36,-92.37,0,0,0,0,0,137,0,0,0
670030,2022,8,2,"2022-08-02","14:00:00",3,"MN",27,0,1.25,0,0,0,0,47.42,-92.35,47.42,-92.35,0,0,0,0,0,137,0,0,0
670031,2022,8,2,"2022-08-02","14:06:00",3,"MN",27,0,1.75,0,0,0,0,47.33,-92.22,47.33,-92.22,0,0,0,0,0,137,0,0,0
670032,2022,8,2,"2022-08-02","14:15:00",3,"MN",27,0,1,0,0,0,0,47.46,-92.37,47.46,-92.37,0,0,0,0,0,137,0,0,0
670033,2022,8,2,"2022-08-02","14:16:00",3,"MN",27,0,0.75,0,0,0,0,47.46,-92.38,47.46,-92.38,0,0,0,0,0,137,0,0,0
670034,2022,8,2,"2022-08-02","14:16:00",3,"MN",27,0,1.25,0,0,0,0,47.47,-92.34,47.47,-92.34,0,0,0,0,0,137,0,0,0
670035,2022,8,2,"2022-08-02","14:22:00",3,"MN",27,0,1.5,0,0,0,0,47.33,-92.15,47.33,-92.15,0,0,0,0,0,137,0,0,0
670036,2022,8,2,"2022-08-02","14:27:00",3,"MO",29,0,1.25,0,0,0,0,38.5098,-91.9369,38.4855,-91.8671,0,0,0,0,0,151,0,0,0
670037,2022,8,2,"2022-08-02","14:30:00",3,"MN",27,0,1.25,0,0,0,0,47.67,-93.39,47.67,-93.39,0,0,0,0,0,61,0,0,0
670038,2022,8,2,"2022-08-02","14:30:00",3,"MN",27,0,2,0,0,0,0,47.34,-92.13,47.34,-92.13,0,0,0,0,0,137,0,0,0
670039,2022,8,2,"2022-08-02","14:59:00",3,"MN",27,0,1.5,0,0,0,0,47.31,-92.23,47.31,-92.23,0,0,0,0,0,137,0,0,0
670040,2022,8,2,"2022-08-02","15:00:00",3,"MN",27,0,1.5,0,0,0,0,47.31,-92.23,47.31,-92.23,0,0,0,0,0,137,0,0,0
670041,2022,8,2,"2022-08-02","15:04:00",3,"AR",5,0,1,0,0,0,0,35.2,-92.45,35.2,-92.45,0,0,0,0,0,45,0,0,0
670042,2022,8,2,"2022-08-02","15:04:00",3,"AR",5,0,1,0,0,0,0,35.23,-92.38,35.23,-92.38,0,0,0,0,0,45,0,0,0
670043,2022,8,2,"2022-08-02","17:00:00",3,"ID",16,0,1,0,0,0,0,43.4111,-111.3368,43.4111,-111.3368,0,0,0,0,0,19,0,0,0
670044,2022,8,2,"2022-08-02","17:06:00",3,"ID",16,0,1,0,0,0,0,43.3855,-111.3,43.3855,-111.3,0,0,0,0,0,19,0,0,0
670045,2022,8,2,"2022-08-02","19:30:00",3,"WI",55,0,1,0,0,0,0,46.01,-92.37,46.01,-92.37,0,0,0,0,0,13,0,0,0
670046,2022,8,2,"2022-08-02","19:52:00",3,"WI",55,0,1.5,0,0,0,0,45.94,-92.19,45.94,-92.19,0,0,0,0,0,13,0,0,0
670047,2022,8,2,"2022-08-02","20:00:00",3,"WI",55,0,1,0,0,0,0,45.93,-92.19,45.93,-92.19,0,0,0,0,0,13,0,0,0
670048,2022,8,2,"2022-08-02","20:37:00",3,"WI",55,0,0.75,0,0,0,0,45.81,-92.07,45.81,-92.07,0,0,0,0,0,13,0,0,0
670049,2022,8,2,"2022-08-02","20:42:00",3,"WI",55,0,1,0,0,0,0,45.81,-92.07,45.81,-92.07,0,0,0,0,0,13,0,0,0
670050,2022,8,3,"2022-08-03","03:00:00",3,"WI",55,0,0.88,0,0,0,0,45.47,-88.9,45.47,-88.9,0,0,0,0,0,41,0,0,0
670051,2022,8,3,"2022-08-03","06:35:00",3,"WI",55,0,0.75,0,0,0,0,44.11,-88.09,44.11,-88.09,0,0,0,0,0,15,0,0,0
670052,2022,8,3,"2022-08-03","08:50:00",3,"MI",26,0,1,0,0,0,0,44.25,-85.33,44.25,-85.33,0,0,0,0,0,113,0,0,0
670053,2022,8,3,"2022-08-03","12:24:00",3,"IL",17,0,1,0,0,0,0,42.2894,-88.0165,42.2894,-88.0165,0,0,0,0,0,97,0,0,0
670054,2022,8,3,"2022-08-03","13:50:00",3,"MI",26,0,0.75,0,0,0,0,43.01,-84.18,43.01,-84.18,0,0,0,0,0,155,0,0,0
670055,2022,8,3,"2022-08-03","14:43:00",3,"MO",29,0,1,0,0,0,0,38.78,-90.2314,38.78,-90.2314,0,0,0,0,0,189,0,0,0
670056,2022,8,3,"2022-08-03","15:00:00",3,"SC",45,0,0.88,0,0,0,0,33.5,-80.96,33.5,-80.96,0,0,0,0,0,75,0,0,0
670057,2022,8,3,"2022-08-03","15:32:00",3,"FL",12,0,0.75,0,0,0,0,26.24,-81.73,26.24,-81.73,0,0,0,0,0,21,0,0,0
670058,2022,8,3,"2022-08-03","15:32:00",3,"FL",12,0,0.88,0,0,0,0,26.25,-81.82,26.25,-81.82,0,0,0,0,0,21,0,0,0
670059,2022,8,3,"2022-08-03","15:38:00",3,"FL",12,0,1,0,0,500,0,26.2744,-81.7827,26.2744,-81.7827,0,0,0,0,0,21,0,0,0
670060,2022,8,3,"2022-08-03","15:47:00",3,"SC",45,0,0.75,0,0,0,0,34.18,-81.32,34.18,-81.32,0,0,0,0,0,63,0,0,0
670061,2022,8,3,"2022-08-03","18:31:00",3,"MO",29,0,1,0,0,0,0,37.75,-91.93,37.75,-91.93,0,0,0,0,0,161,0,0,0
670062,2022,8,4,"2022-08-04","12:02:00",3,"VA",51,0,1,0,0,0,0,38.4023,-78.4412,38.4023,-78.4412,0,0,0,0,0,79,0,0,0
670063,2022,8,4,"2022-08-04","12:38:00",3,"PA",42,0,1,0,0,0,0,41.87,-76.62,41.87,-76.62,0,0,0,0,0,15,0,0,0
670064,2022,8,4,"2022-08-04","13:20:00",3,"PA",42,0,1.5,0,0,0,0,40.51,-79.48,40.51,-79.48,0,0,0,0,0,129,0,0,0
670065,2022,8,4,"2022-08-04","14:10:00",3,"NY",36,0,1,0,0,0,0,43.0208,-73.8542,43.0208,-73.8542,0,0,0,0,0,91,0,0,0
670066,2022,8,4,"2022-08-04","16:35:00",3,"SD",46,0,1,0,0,0,0,43.3931,-101.4519,43.3931,-101.4519,0,0,0,0,0,71,0,0,0
670067,2022,8,4,"2022-08-04","16:42:00",3,"SD",46,0,1.5,0,0,0,0,43.33,-101.37,43.33,-101.37,0,0,0,0,0,7,0,0,0
670068,2022,8,4,"2022-08-04","16:47:00",3,"NH",33,0,1,0,0,0,0,43.26,-72.41,43.26,-72.41,0,0,0,0,0,19,0,0,0
670069,2022,8,4,"2022-08-04","17:05:00",3,"SD",46,0,0.88,0,0,0,0,43.33,-101.24,43.33,-101.24,0,0,0,0,0,7,0,0,0
670070,2022,8,4,"2022-08-04","17:10:00",3,"NH",33,0,1,0,0,0,0,43.34,-72.39,43.34,-72.39,0,0,0,0,0,19,0,0,0
670071,2022,8,4,"2022-08-04","17:44:00",3,"PA",42,0,0.75,0,0,0,0,40.23,-75.39,40.23,-75.39,0,0,0,0,0,91,0,0,0
670072,2022,8,4,"2022-08-04","19:20:00",3,"CO",8,0,0.88,0,0,0,0,39.06,-104.49,39.06,-104.49,0,0,0,0,0,41,0,0,0
670073,2022,8,5,"2022-08-05","14:22:00",3,"MD",24,0,1,0,0,0,0,38.42,-75.57,38.42,-75.57,0,0,0,0,0,45,0,0,0
670074,2022,8,5,"2022-08-05","14:45:00",3,"VA",51,0,1,0,0,0,0,37.41,-77.65,37.41,-77.65,0,0,0,0,0,41,0,0,0
670075,2022,8,5,"2022-08-05","15:15:00",3,"VA",51,0,1,0,0,0,0,37.71,-75.74,37.71,-75.74,0,0,0,0,0,1,0,0,0
670076,2022,8,5,"2022-08-05","15:20:00",3,"FL",12,0,1,0,0,0,0,26.96,-82.07,26.96,-82.07,0,0,0,0,0,15,0,0,0
670077,2022,8,5,"2022-08-05","16:10:00",3,"GA",13,0,1.5,0,0,0,0,34.013,-84.4957,34.013,-84.4957,0,0,0,0,0,67,0,0,0
670078,2022,8,5,"2022-08-05","17:10:00",3,"SD",46,0,1.5,0,0,0,0,44.52,-99.74,44.52,-99.74,0,0,0,0,0,65,0,0,0
670079,2022,8,5,"2022-08-05","17:40:00",3,"SD",46,0,1.75,0,0,0,0,45.02,-99.31,45.02,-99.31,0,0,0,0,0,49,0,0,0
670080,2022,8,5,"2022-08-05","17:47:00",3,"SD",46,0,2.5,0,0,0,0,44.98,-99.32,44.98,-99.32,0,0,0,0,0,49,0,0,0
670081,2022,8,5,"2022-08-05","17:50:00",3,"SD",46,0,0.88,0,0,0,0,45.03,-99.13,45.03,-99.13,0,0,0,0,0,49,0,0,0
670082,2022,8,5,"2022-08-05","18:05:00",3,"SD",46,0,1,0,0,0,0,45.26,-98.56,45.26,-98.56,0,0,0,0,0,13,0,0,0
670083,2022,8,5,"2022-08-05","18:15:00",3,"MN",27,0,1,0,0,0,0,46.87,-96.74,46.87,-96.74,0,0,0,0,0,27,0,0,0
670084,2022,8,5,"2022-08-05","18:15:00",3,"SD",46,0,1,0,0,0,0,45.24,-98.56,45.24,-98.56,0,0,0,0,0,115,0,0,0
670085,2022,8,5,"2022-08-05","18:18:00",3,"SD",46,0,1.5,0,0,0,0,45.31,-98.5,45.31,-98.5,0,0,0,0,0,13,0,0,0
670086,2022,8,5,"2022-08-05","18:33:00",3,"SD",46,0,1.25,0,0,0,0,45.45,-98.1,45.45,-98.1,0,0,0,0,0,13,0,0,0
670087,2022,8,5,"2022-08-05","18:40:00",3,"MN",27,0,1,0,0,0,0,47.02,-96.5,47.02,-96.5,0,0,0,0,0,27,0,0,0
670088,2022,8,5,"2022-08-05","18:42:00",3,"SD",46,0,1.5,0,0,0,0,45.5,-97.83,45.5,-97.83,0,0,0,0,0,37,0,0,0
670089,2022,8,5,"2022-08-05","18:48:00",3,"SD",46,0,2,0,0,0,0,45.6,-97.83,45.6,-97.83,0,0,0,0,0,91,0,0,0
670090,2022,8,5,"2022-08-05","18:48:00",3,"SD",46,0,1.25,0,0,0,0,45.46,-98.76,45.46,-98.76,0,0,0,0,0,45,0,0,0
670091,2022,8,5,"2022-08-05","18:55:00",3,"MN",27,0,1,0,0,0,0,46.98,-96.43,46.98,-96.43,0,0,0,0,0,27,0,0,0
670092,2022,8,5,"2022-08-05","19:15:00",3,"MN",27,0,1,0,0,0,0,47.24,-95.97,47.24,-95.97,0,0,0,0,0,87,0,0,0
670093,2022,8,5,"2022-08-05","19:18:00",3,"MN",27,0,1,0,0,0,0,47.88,-95.02,47.88,-95.02,0,0,0,0,0,7,0,0,0
670094,2022,8,5,"2022-08-05","19:40:00",3,"SD",46,0,1,0,0,0,0,45.08,-99.02,45.08,-99.02,0,0,0,0,0,49,0,0,0
670095,2022,8,5,"2022-08-05","19:58:00",3,"MN",27,0,1,0,0,0,0,48.12,-94.51,48.12,-94.51,0,0,0,0,0,7,0,0,0
670096,2022,8,5,"2022-08-05","20:03:00",3,"MN",27,0,1,0,0,0,0,47.8,-95.02,47.8,-95.02,0,0,0,0,0,7,0,0,0
670097,2022,8,5,"2022-08-05","20:14:00",3,"MN",27,0,1,0,0,0,0,46.77,-96.04,46.77,-96.04,0,0,0,0,0,5,0,0,0
670098,2022,8,5,"2022-08-05","20:20:00",3,"SD",46,0,1.75,0,0,0,0,45.19,-98.74,45.19,-98.74,0,0,0,0,0,49,0,0,0
670099,2022,8,5,"2022-08-05","20:55:00",3,"ND",38,0,1.25,0,0,0,0,46.36,-97.3,46.36,-97.3,0,0,0,0,0,73,0,0,0
670100,2022,8,5,"2022-08-05","22:35:00",3,"NE",31,0,1,0,0,0,0,42.93,-100.75,42.93,-100.75,0,0,0,0,0,31,0,0,0
670101,2022,8,6,"2022-08-06","13:14:00",3,"SC",45,0,0.25,0,0,100,100,34.0413,-81.1417,34.0413,-81.1417,0,0,0,0,0,63,0,0,0
670102,2022,8,6,"2022-08-06","13:23:00",3,"KY",21,0,1,0,0,0,0,37.12,-86.21,37.12,-86.21,0,0,0,0,0,61,0,0,0
670103,2022,8,6,"2022-08-06","15:00:00",3,"AL",1,0,1,0,0,0,0,34.7541,-86.7624,34.7541,-86.7624,0,0,0,0,0,89,0,0,0
670104,2022,8,6,"2022-08-06","15:00:00",3,"AL",1,0,1,0,0,0,0,34.7541,-86.7624,34.7541,-86.7624,0,0,0,0,0,89,0,0,0
670105,2022,8,6,"2022-08-06","15:05:00",3,"AL",1,0,1.25,0,0,0,0,34.8,-86.83,34.8,-86.83,0,0,0,0,0,83,0,0,0
670106,2022,8,6,"2022-08-06","15:08:00",3,"AL",1,0,0.88,0,0,0,0,34.8,-86.83,34.8,-86.83,0,0,0,0,0,83,0,0,0
670107,2022,8,6,"2022-08-06","15:55:00",3,"CO",8,0,0.75,0,0,0,0,39.72,-104.92,39.72,-104.92,0,0,0,0,0,31,0,0,0
670108,2022,8,6,"2022-08-06","21:25:00",3,"CO",8,0,0.88,0,0,0,0,38.8044,-102.2224,38.8044,-102.2224,0,0,0,0,0,17,0,0,0
670109,2022,8,7,"2022-08-07","14:46:00",3,"NH",33,0,1,0,0,0,0,43.98,-71.12,43.98,-71.12,0,0,0,0,0,3,0,0,0
670110,2022,8,7,"2022-08-07","15:22:00",3,"NH",33,0,1.25,0,0,0,0,43.93,-71.06,43.93,-71.06,0,0,0,0,0,3,0,0,0
670111,2022,8,7,"2022-08-07","15:34:00",3,"CO",8,0,1.25,0,0,0,0,38.11,-103.42,38.11,-103.42,0,0,0,0,0,89,0,0,0
670112,2022,8,7,"2022-08-07","18:23:00",3,"AZ",4,0,0.75,0,0,0,0,31.38,-110.11,31.38,-110.11,0,0,0,0,0,3,0,0,0
670113,2022,8,7,"2022-08-07","18:40:00",3,"AZ",4,0,1.75,0,0,500,0,31.45,-110.23,31.5416,-110.281,0,0,0,0,0,3,0,0,0
670114,2022,8,7,"2022-08-07","19:15:00",3,"AZ",4,0,1,0,0,0,0,31.6242,-110.325,31.65,-110.33,0,0,0,0,0,3,0,0,0
670115,2022,8,8,"2022-08-08","15:10:00",3,"FL",12,0,1,0,0,0,0,27.8,-82.71,27.8,-82.71,0,0,0,0,0,103,0,0,0
670116,2022,8,8,"2022-08-08","17:30:00",3,"MO",29,0,1.25,0,0,0,0,36.64,-93.21,36.64,-93.21,0,0,0,0,0,213,0,0,0
670117,2022,8,8,"2022-08-08","17:32:00",3,"MO",29,0,1,0,0,0,0,36.64,-93.18,36.64,-93.18,0,0,0,0,0,213,0,0,0
670118,2022,8,8,"2022-08-08","17:45:00",3,"MO",29,0,1.5,0,0,0,0,36.99,-93.34,36.99,-93.34,0,0,0,0,0,209,0,0,0
670119,2022,8,8,"2022-08-08","23:45:00",3,"MO",29,0,1.5,0,0,0,0,37.75,-93.71,37.75,-93.71,0,0,0,0,0,39,0,0,0
670120,2022,8,9,"2022-08-09","16:10:00",3,"VA",51,0,1,0,0,0,0,37.32,-79.9,37.32,-79.9,0,0,0,0,0,161,0,0,0
670121,2022,8,9,"2022-08-09","16:42:00",3,"TX",48,0,1.5,0,0,0,0,31.888,-106.5862,31.888,-106.5862,0,0,0,0,0,141,0,0,0
670122,2022,8,9,"2022-08-09","16:52:00",3,"TX",48,0,1,0,0,0,0,31.89,-106.63,31.89,-106.63,0,0,0,0,0,141,0,0,0
670123,2022,8,9,"2022-08-09","17:20:00",3,"OK",40,0,1,0,0,0,0,35.82,-97.42,35.82,-97.42,0,0,0,0,0,83,0,0,0
670124,2022,8,9,"2022-08-09","18:15:00",3,"OK",40,0,1,0,0,0,0,34.63,-98.42,34.63,-98.42,0,0,0,0,0,31,0,0,0
670125,2022,8,9,"2022-08-09","21:15:00",3,"OR",41,0,0.88,0,0,0,0,44.58,-122.81,44.58,-122.81,0,0,0,0,0,43,0,0,0
670126,2022,8,9,"2022-08-09","22:30:00",3,"OR",41,0,1.25,0,0,0,0,44.08,-123.09,44.08,-123.09,0,0,0,0,0,39,0,0,0
670404,2022,9,11,"2022-09-11","17:15:00",3,"CO",8,0,0.75,0,0,0,0,37.32,-107.59,37.32,-107.59,0,0,0,0,0,67,0,0,0
670405,2022,9,11,"2022-09-11","18:55:00",3,"AZ",4,0,1,0,0,0,0,31.8,-111.03,31.8,-111.03,0,0,0,0,0,19,0,0,0
670406,2022,9,11,"2022-09-11","21:04:00",3,"AZ",4,0,1,0,0,0,0,31.84,-110.97,31.84,-110.97,0,0,0,0,0,19,0,0,0
670407,2022,9,12,"2022-09-12","14:29:00",3,"AZ",4,0,1,0,0,0,0,32.13,-111.11,32.13,-111.11,0,0,0,0,0,19,0,0,0
670408,2022,9,13,"2022-09-13","12:45:00",3,"AZ",4,0,1.75,0,0,0,0,34.91,-110.16,35.0346,-110.1628,0,0,0,0,0,17,0,0,0
670409,2022,9,13,"2022-09-13","21:30:00",3,"WA",53,0,1,0,0,0,0,48.2962,-119.448,48.3,-119.45,0,0,0,0,0,47,0,0,0
670410,2022,9,15,"2022-09-15","16:28:00",3,"TX",48,0,1,0,0,0,0,33.18,-102.28,33.18,-102.28,0,0,0,0,0,445,0,0,0
670411,2022,9,15,"2022-09-15","16:41:00",3,"TX",48,0,1.5,0,0,0,0,35.23,-101.67,35.23,-101.67,0,0,0,0,0,375,0,0,0
670412,2022,9,15,"2022-09-15","16:42:00",3,"TX",48,0,1.75,0,0,0,0,35.25,-101.66,35.25,-101.66,0,0,0,0,0,375,0,0,0
670413,2022,9,15,"2022-09-15","16:49:00",3,"TX",48,0,1.5,0,0,0,0,35.23,-101.67,35.23,-101.67,0,0,0,0,0,375,0,0,0
670414,2022,9,15,"2022-09-15","17:03:00",3,"NE",31,0,0.75,0,0,0,0,40.25,-99.9,40.25,-99.9,0,0,0,0,0,65,0,0,0
670415,2022,9,15,"2022-09-15","17:05:00",3,"TX",48,0,1,0,0,0,0,36.17,-100.24,36.17,-100.24,0,0,0,0,0,295,0,0,0
670416,2022,9,15,"2022-09-15","17:09:00",3,"KS",20,0,1,0,0,0,0,37.27,-100.91,37.27,-100.91,0,0,0,0,0,175,0,0,0
670417,2022,9,15,"2022-09-15","17:26:00",3,"KS",20,0,1,0,0,0,0,39.03,-99.88,39.03,-99.88,0,0,0,0,0,195,0,0,0
670418,2022,9,15,"2022-09-15","17:27:00",3,"KS",20,0,1,0,0,0,0,39.03,-99.88,39.03,-99.88,0,0,0,0,0,195,0,0,0
670419,2022,9,15,"2022-09-15","17:46:00",3,"KS",20,0,1.75,0,0,0,0,37.11,-100.92,37.11,-100.92,0,0,0,0,0,175,0,0,0
670420,2022,9,15,"2022-09-15","17:52:00",3,"NE",31,0,0.88,0,0,0,0,40.28,-100.14,40.28,-100.14,0,0,0,0,0,65,0,0,0
670421,2022,9,15,"2022-09-15","18:03:00",3,"KS",20,0,1.75,0,0,0,0,37.12,-100.9,37.12,-100.9,0,0,0,0,0,175,0,0,0
670422,2022,9,15,"2022-09-15","18:11:00",3,"KS",20,0,1.75,0,0,0,0,37.09,-100.88,37.09,-100.88,0,0,0,0,0,175,0,0,0
670423,2022,9,16,"2022-09-16","16:12:00",3,"SD",46,0,1,0,0,0,0,43.0831,-101.5379,43.0831,-101.5379,0,0,0,0,0,7,0,0,0
670424,2022,9,16,"2022-09-16","16:15:00",3,"NE",31,0,1,0,0,0,0,42.93,-101.63,42.93,-101.63,0,0,0,0,0,31,0,0,0
670425,2022,9,16,"2022-09-16","16:20:00",3,"SD",46,0,0.88,0,0,0,0,43.65,-101.85,43.65,-101.85,0,0,0,0,0,71,0,0,0
670426,2022,9,16,"2022-09-16","17:53:00",3,"NE",31,0,1,0,0,0,0,40.97,-101.73,40.97,-101.73,0,0,0,0,0,135,0,0,0
670427,2022,9,16,"2022-09-16","18:01:00",3,"NE",31,0,1,0,0,0,0,41.56,-100.94,41.56,-100.94,0,0,0,0,0,117,0,0,0
670428,2022,9,16,"2022-09-16","18:07:00",3,"NE",31,0,1.25,0,0,0,0,40.92,-101.73,40.92,-101.73,0,0,0,0,0,135,0,0,0
670429,2022,9,16,"2022-09-16","19:00:00",3,"NE",31,0,1,0,0,0,0,40.93,-101.28,40.93,-101.28,0,0,0,0,0,135,0,0,0
670430,2022,9,16,"2022-09-16","19:20:00",3,"NE",31,0,1.25,0,0,0,0,40.89,-101.49,40.89,-101.49,0,0,0,0,0,135,0,0,0
670431,2022,9,16,"2022-09-16","20:10:00",3,"NE",31,0,1,0,0,0,0,41.13,-100.69,41.13,-100.69,0,0,0,0,0,111,0,0,0
670432,2022,9,16,"2022-09-16","22:50:00",3,"NE",31,0,1,0,0,0,0,41.13,-100.75,41.13,-100.75,0,0,0,0,0,111,0,0,0
670433,2022,9,16,"2022-09-16","23:41:00",3,"NE",31,0,1.5,0,0,0,0,41.17,-100.2,41.17,-100.2,0,0,0,0,0,41,0,0,0
670434,2022,9,17,"2022-09-17","12:05:00",3,"KS",20,0,1,0,0,0,0,38.67,-96.7,38.67,-96.7,0,0,0,0,0,127,0,0,0
670435,2022,9,17,"2022-09-17","13:54:00",3,"KS",20,0,0.88,0,0,0,0,38.52,-96.43,38.52,-96.43,0,0,0,0,0,17,0,0,0
670436,2022,9,17,"2022-09-17","14:16:00",3,"KS",20,0,1,0,0,0,0,38.48,-96.27,38.48,-96.27,0,0,0,0,0,111,0,0,0
670437,2022,9,17,"2022-09-17","14:21:00",3,"KS",20,0,2,0,0,0,0,38.51,-96.26,38.51,-96.26,0,0,0,0,0,111,0,0,0
670438,2022,9,17,"2022-09-17","14:30:00",3,"KS",20,0,1,0,0,0,0,38.51,-96.26,38.51,-96.26,0,0,0,0,0,111,0,0,0
670439,2022,9,17,"2022-09-17","15:07:00",3,"KS",20,0,1,0,0,0,0,38.45,-96.14,38.45,-96.14,0,0,0,0,0,111,0,0,0
670440,2022,9,17,"2022-09-17","15:21:00",3,"TX",48,0,0.75,0,0,0,0,36.16,-100.27,36.16,-100.27,0,0,0,0,0,295,0,0,0
670441,2022,9,17,"2022-09-17","15:21:00",3,"KS",20,0,1.75,0,0,0,0,38.41,-96.04,38.41,-96.04,0,0,0,0,0,111,0,0,0
670442,2022,9,17,"2022-09-17","15:40:00",3,"KS",20,0,1,0,0,0,0,38.41,-96,38.41,-96,0,0,0,0,0,111,0,0,0
670443,2022,9,17,"2022-09-17","16:28:00",3,"OK",40,0,1,0,0,0,0,36.19,-99.88,36.19,-99.88,0,0,0,0,0,45,0,0,0
670444,2022,9,17,"2022-09-17","16:53:00",3,"IA",19,0,1,0,0,0,0,41.7,-93.05,41.7,-93.05,0,0,0,0,0,99,0,0,0
670445,2022,9,17,"2022-09-17","17:10:00",3,"MN",27,0,1.25,0,0,0,0,47.54,-94.8,47.54,-94.8,0,0,0,0,0,7,0,0,0
670446,2022,9,17,"2022-09-17","17:30:00",3,"OK",40,0,1,0,0,0,0,36.14,-99.47,36.14,-99.47,0,0,0,0,0,45,0,0,0
670447,2022,9,17,"2022-09-17","17:30:00",3,"KS",20,0,1.5,0,0,0,0,39.04,-98.15,39.04,-98.15,0,0,0,0,0,105,0,0,0
670448,2022,9,17,"2022-09-17","17:40:00",3,"MN",27,0,1.25,0,0,0,0,47.6,-94.48,47.6,-94.48,0,0,0,0,0,7,0,0,0
670449,2022,9,17,"2022-09-17","17:42:00",3,"IA",19,0,1.75,0,0,0,0,41.03,-93.41,41.03,-93.41,0,0,0,0,0,117,0,0,0
670450,2022,9,17,"2022-09-17","17:58:00",3,"IA",19,0,1.75,0,0,0,0,41.02,-93.31,41.02,-93.31,0,0,0,0,0,117,0,0,0
670451,2022,9,17,"2022-09-17","17:59:00",3,"KS",20,0,1,0,0,0,0,39.84,-96.73,39.84,-96.73,0,0,0,0,0,117,0,0,0
670452,2022,9,17,"2022-09-17","18:04:00",3,"KS",20,0,1,0,0,0,0,39.02,-97.97,39.02,-97.97,0,0,0,0,0,105,0,0,0
670453,2022,9,17,"2022-09-17","18:09:00",3,"IA",19,0,0.88,0,0,0,0,41.47,-93.69,41.47,-93.69,0,0,0,0,0,181,0,0,0
670454,2022,9,17,"2022-09-17","18:09:00",3,"KS",20,0,1,0,0,0,0,39.84,-96.67,39.84,-96.67,0,0,0,0,0,117,0,0,0
670455,2022,9,17,"2022-09-17","18:10:00",3,"IA",19,0,1.75,0,0,0,0,41.29,-95.8,41.29,-95.8,0,0,0,0,0,155,0,0,0
670456,2022,9,17,"2022-09-17","18:12:00",3,"IA",19,0,1,0,0,0,0,41.5,-93.68,41.5,-93.68,0,0,0,0,0,181,0,0,0
670457,2022,9,17,"2022-09-17","18:16:00",3,"KS",20,0,1.25,0,0,0,0,39.03,-97.97,39.03,-97.97,0,0,0,0,0,105,0,0,0
670458,2022,9,17,"2022-09-17","18:17:00",3,"IA",19,0,1,0,0,0,0,41.52,-93.63,41.52,-93.63,0,0,0,0,0,153,0,0,0
670459,2022,9,17,"2022-09-17","18:18:00",3,"IA",19,0,1.25,0,0,0,0,41.11,-95.74,41.11,-95.74,0,0,0,0,0,129,0,0,0
670460,2022,9,17,"2022-09-17","18:20:00",3,"IA",19,0,0.88,0,0,0,0,41.57,-93.62,41.57,-93.62,0,0,0,0,0,153,0,0,0
670461,2022,9,17,"2022-09-17","18:23:00",3,"IA",19,0,1.25,0,0,0,0,41.5,-93.57,41.5,-93.57,0,0,0,0,0,181,0,0,0
670462,2022,9,17,"2022-09-17","18:27:00",3,"KS",20,0,1.5,0,0,0,0,39.01,-97.88,39.01,-97.88,0,0,0,0,0,143,0,0,0
670463,2022,9,17,"2022-09-17","18:30:00",3,"IA",19,0,1,0,0,0,0,40.98,-95.18,40.98,-95.18,0,0,0,0,0,137,0,0,0
670464,2022,9,17,"2022-09-17","18:30:00",3,"IA",19,0,1,0,0,0,0,41.01,-95.22,41.01,-95.22,0,0,0,0,0,137,0,0,0
670465,2022,9,17,"2022-09-17","18:32:00",3,"IA",19,0,0.88,0,0,0,0,40.98,-93,40.98,-93,0,0,0,0,0,135,0,0,0
670466,2022,9,17,"2022-09-17","18:32:00",3,"KS",20,0,1.25,0,0,0,0,39.01,-97.88,39.01,-97.88,0,0,0,0,0,143,0,0,0
670467,2022,9,17,"2022-09-17","18:40:00",3,"NE",31,0,1.5,0,0,0,0,40.39,-95.9,40.39,-95.9,0,0,0,0,0,127,0,0,0
670468,2022,9,17,"2022-09-17","18:42:00",3,"IA",19,0,1.75,0,0,0,0,40.96,-95.15,40.96,-95.15,0,0,0,0,0,137,0,0,0
670469,2022,9,17,"2022-09-17","18:43:00",3,"IA",19,0,1.75,0,0,0,0,40.94,-95.1,40.94,-95.1,0,0,0,0,0,137,0,0,0
670470,2022,9,17,"2022-09-17","18:45:00",3,"IA",19,0,2.5,0,0,0,0,40.98,-95.1,40.98,-95.1,0,0,0,0,0,137,0,0,0
670471,2022,9,17,"2022-09-17","18:45:00",3,"KS",20,0,1.5,0,0,0,0,38.97,-97.76,38.97,-97.76,0,0,0,0,0,143,0,0,0
670472,2022,9,17,"2022-09-17","18:47:00",3,"IA",19,0,0.75,0,0,0,0,41.61,-93.86,41.61,-93.86,0,0,0,0,0,49,0,0,0
670473,2022,9,17,"2022-09-17","18:49:00",3,"IA",19,0,1,0,0,0,0,41,-92.87,41,-92.87,0,0,0,0,0,135,0,0,0
670474,2022,9,17,"2022-09-17","18:50:00",3,"IA",19,0,1,0,0,0,0,40.99,-92.83,40.99,-92.83,0,0,0,0,0,135,0,0,0
670475,2022,9,17,"2022-09-17","18:53:00",3,"KS",20,0,1,0,0,0,0,38.35,-98.2,38.35,-98.2,0,0,0,0,0,159,0,0,0
670476,2022,9,17,"2022-09-17","18:55:00",3,"IA",19,0,1,0,0,0,0,41.03,-92.8,41.03,-92.8,0,0,0,0,0,135,0,0,0
670477,2022,9,17,"2022-09-17","18:55:00",3,"IA",19,0,0.75,0,0,0,0,41.66,-93.78,41.66,-93.78,0,0,0,0,0,153,0,0,0
670478,2022,9,17,"2022-09-17","18:58:00",3,"IA",19,0,1,0,0,0,0,41.69,-93.79,41.69,-93.79,0,0,0,0,0,153,0,0,0
670479,2022,9,17,"2022-09-17","18:59:00",3,"KS",20,0,0.88,0,0,0,0,39.73,-96.99,39.73,-96.99,0,0,0,0,0,201,0,0,0
670480,2022,9,17,"2022-09-17","19:00:00",3,"IA",19,0,1,0,0,0,0,41.67,-93.73,41.67,-93.73,0,0,0,0,0,153,0,0,0
670481,2022,9,17,"2022-09-17","19:01:00",3,"KS",20,0,0.88,0,0,0,0,39.73,-96.98,39.73,-96.98,0,0,0,0,0,201,0,0,0
670482,2022,9,17,"2022-09-17","19:07:00",3,"KS",20,0,1,0,0,0,0,38.71,-98.16,38.71,-98.16,0,0,0,0,0,53,0,0,0
670483,2022,9,17,"2022-09-17","19:12:00",3,"IA",19,0,1,0,0,0,0,41.64,-93.7,41.64,-93.7,0,0,0,0,0,153,0,0,0
670484,2022,9,17,"2022-09-17","19:13:00",3,"KS",20,0,1.75,0,0,0,0,38.92,-97.63,38.92,-97.63,0,0,0,0,0,169,0,0,0
670485,2022,9,17,"2022-09-17","19:16:00",3,"NE",31,0,1,0,0,0,0,41.31,-96.08,41.31,-96.08,0,0,0,0,0,55,0,0,0
670486,2022,9,17,"2022-09-17","19:17:00",3,"KS",20,0,1.75,0,0,0,0,38.88,-97.52,38.88,-97.52,0,0,0,0,0,169,0,0,0
670487,2022,9,17,"2022-09-17","19:20:00",3,"KS",20,0,1.75,0,0,5000,0,38.91,-97.48,38.91,-97.48,0,0,0,0,0,169,0,0,0
670488,2022,9,17,"2022-09-17","19:20:00",3,"MN",27,0,1,0,0,0,0,46.54,-94.49,46.54,-94.49,0,0,0,0,0,21,0,0,0
670489,2022,9,17,"2022-09-17","19:25:00",3,"KS",20,0,1,0,0,0,0,38.79,-97.76,38.79,-97.76,0,0,0,0,0,169,0,0,0
670490,2022,9,17,"2022-09-17","19:30:00",3,"IA",19,0,1.75,0,0,0,0,41.15,-95.16,41.15,-95.16,0,0,0,0,0,137,0,0,0
670491,2022,9,17,"2022-09-17","19:33:00",3,"KS",20,0,1.75,0,0,0,0,37.97,-98.2,37.97,-98.2,0,0,0,0,0,155,0,0,0
670492,2022,9,17,"2022-09-17","19:36:00",3,"IA",19,0,1,0,0,0,0,41.39,-93.1,41.39,-93.1,0,0,0,0,0,125,0,0,0
670493,2022,9,17,"2022-09-17","19:36:00",3,"KS",20,0,1.25,0,0,0,0,38.55,-97.84,38.55,-97.84,0,0,0,0,0,113,0,0,0
670494,2022,9,17,"2022-09-17","19:40:00",3,"KS",20,0,1,0,0,0,0,38.78,-97.6,38.78,-97.6,0,0,0,0,0,169,0,0,0
670495,2022,9,17,"2022-09-17","19:50:00",3,"IA",19,0,0.75,0,0,0,0,41.41,-92.91,41.41,-92.91,0,0,0,0,0,125,0,0,0
670496,2022,9,17,"2022-09-17","19:50:00",3,"IA",19,0,1,0,0,0,0,41.75,-94.05,41.75,-94.05,0,0,0,0,0,49,0,0,0
670497,2022,9,17,"2022-09-17","19:50:00",3,"IA",19,0,0.88,0,0,0,0,41.4,-92.91,41.4,-92.91,0,0,0,0,0,125,0,0,0
670498,2022,9,17,"2022-09-17","19:55:00",3,"KS",20,0,1.75,0,0,0,0,37.95,-98.11,37.95,-98.11,0,0,0,0,0,155,0,0,0
670499,2022,9,17,"2022-09-17","19:58:00",3,"IA",19,0,1.75,0,0,0,0,41.24,-95.14,41.24,-95.14,0,0,0,0,0,29,0,0,0
670500,2022,9,17,"2022-09-17","20:00:00",3,"IA",19,0,1,0,0,0,0,40.89,-94.56,40.89,-94.56,0,0,0,0,0,173,0,0,0
670501,2022,9,17,"2022-09-17","20:19:00",3,"IA",19,0,2.75,0,0,0,0,41.24,-95.42,41.24,-95.42,0,0,0,0,0,155,0,0,0
670502,2022,9,17,"2022-09-17","20:20:00",3,"NE",31,0,1,0,0,0,0,40.37,-96.2,40.37,-96.2,0,0,0,0,0,97,0,0,0
670503,2022,9,17,"2022-09-17","20:22:00",3,"IA",19,0,1.75,0,0,0,0,41.31,-95.4,41.31,-95.4,0,0,0,0,0,155,0,0,0
670504,2022,9,17,"2022-09-17","20:31:00",3,"IA",19,0,1,0,0,0,0,41.01,-94.42,41.01,-94.42,0,0,0,0,0,175,0,0,0
670505,2022,9,17,"2022-09-17","20:35:00",3,"MN",27,0,0.75,0,0,0,0,46.6,-94.32,46.6,-94.32,0,0,0,0,0,35,0,0,0
670506,2022,9,17,"2022-09-17","20:36:00",3,"KS",20,0,1.25,0,0,0,0,38.55,-97.84,38.55,-97.84,0,0,0,0,0,113,0,0,0
670507,2022,9,17,"2022-09-17","20:40:00",3,"IA",19,0,1,0,0,0,0,41.8541,-93.0956,41.8541,-93.0956,0,0,0,0,0,99,0,0,0
670508,2022,9,17,"2022-09-17","20:47:00",3,"IA",19,0,1.75,0,0,20000,0,41.07,-94.36,41.07,-94.36,0,0,0,0,0,175,0,0,0
670509,2022,9,17,"2022-09-17","20:51:00",3,"IA",19,0,1,0,0,0,0,41.06,-94.29,41.06,-94.29,0,0,0,0,0,175,0,0,0
670510,2022,9,17,"2022-09-17","21:00:00",3,"MN",27,0,1,0,0,0,0,46.62,-94.18,46.62,-94.18,0,0,0,0,0,35,0,0,0
670511,2022,9,17,"2022-09-17","21:03:00",3,"KS",20,0,1.5,0,0,0,0,39.84,-96.6,39.84,-96.6,0,0,0,0,0,117,0,0,0
670512,2022,9,17,"2022-09-17","21:22:00",3,"IA",19,0,1,0,0,0,0,41.14,-94.99,41.14,-94.99,0,0,0,0,0,137,0,0,0
670513,2022,9,17,"2022-09-17","21:42:00",3,"MN",27,0,0.75,0,0,0,0,46.66,-94.16,46.66,-94.16,0,0,0,0,0,35,0,0,0
670514,2022,9,17,"2022-09-17","21:45:00",3,"IA",19,0,0.75,0,0,0,0,41,-94.74,41,-94.74,0,0,0,0,0,3,0,0,0
670515,2022,9,17,"2022-09-17","21:45:00",3,"IA",19,0,1.25,0,0,0,0,41.06,-94.73,41.06,-94.73,0,0,0,0,0,3,0,0,0
670516,2022,9,17,"2022-09-17","21:55:00",3,"IA",19,0,1,0,0,0,0,40.99,-94.74,40.99,-94.74,0,0,0,0,0,3,0,0,0
670517,2022,9,17,"2022-09-17","22:03:00",3,"IA",19,0,0.88,0,0,0,0,42.43,-92.38,42.43,-92.38,0,0,0,0,0,13,0,0,0
670518,2022,9,17,"2022-09-17","22:05:00",3,"IA",19,0,0.75,0,0,0,0,42.41,-92.46,42.41,-92.46,0,0,0,0,0,13,0,0,0
670519,2022,9,18,"2022-09-18","01:26:00",3,"KS",20,0,1,0,0,0,0,39.5,-96.4,39.5,-96.4,0,0,0,0,0,149,0,0,0
670520,2022,9,18,"2022-09-18","01:55:00",3,"IA",19,0,1,0,0,0,0,41.03,-92.8,41.03,-92.8,0,0,0,0,0,135,0,0,0
670521,2022,9,18,"2022-09-18","19:38:00",3,"IA",19,0,2,0,0,0,0,41.71,-91.25,41.71,-91.25,0,0,0,0,0,31,0,0,0
670522,2022,9,18,"2022-09-18","19:45:00",3,"IL",17,0,1,0,0,0,0,41.24,-89.93,41.24,-89.93,0,0,0,0,0,73,0,0,0
670523,2022,9,18,"2022-09-18","19:50:00",3,"IA",19,0,2.5,0,0,0,0,41.66,-91.13,41.66,-91.13,0,0,0,0,0,31,0,0,0
670524,2022,9,18,"2022-09-18","19:53:00",3,"IA",19,0,1,0,0,0,0,41.67,-91.17,41.67,-91.17,0,0,0,0,0,31,0,0,0
670525,2022,9,18,"2022-09-18","20:00:00",3,"MO",29,0,2,0,0,0,0,40.46,-92.17,40.46,-92.17,0,0,0,0,0,199,0,0,0
670526,2022,9,18,"2022-09-18","20:04:00",3,"MO",29,0,1.25,0,0,0,0,40.46,-92.17,40.46,-92.17,0,0,0,0,0,199,0,0,0
670527,2022,9,18,"2022-09-18","20:06:00",3,"IA",19,0,1,0,0,0,0,41.59,-90.62,41.59,-90.62,0,0,0,0,0,163,0,0,0
670528,2022,9,18,"2022-09-18","20:15:00",3,"IA",19,0,1.75,0,0,0,0,41.6,-90.91,41.6,-90.91,0,0,0,0,0,31,0,0,0
670529,2022,9,18,"2022-09-18","20:50:00",3,"MO",29,0,1.5,0,0,0,0,40.1619,-91.8659,40.1619,-91.8659,0,0,0,0,0,111,0,0,0
670530,2022,9,18,"2022-09-18","21:25:00",3,"IL",17,0,1,0,0,0,0,40.7,-90,40.7,-90,0,0,0,0,0,57,0,0,0
670531,2022,9,18,"2022-09-18","21:36:00",3,"IL",17,0,1,0,0,0,0,40.6902,-89.8865,40.6902,-89.8865,0,0,0,0,0,143,0,0,0
670532,2022,9,18,"2022-09-18","21:43:00",3,"IL",17,0,1.25,0,0,0,0,41.8899,-88.353,41.8899,-88.353,0,0,0,0,0,89,0,0,0
670533,2022,9,18,"2022-09-18","21:46:00",3,"IL",17,0,1.5,0,0,0,0,41.89,-88.33,41.89,-88.33,0,0,0,0,0,89,0,0,0
670534,2022,9,18,"2022-09-18","21:50:00",3,"IL",17,0,1.5,0,0,0,0,41.9213,-88.2755,41.9213,-88.2755,0,0,0,0,0,89,0,0,0
670535,2022,9,18,"2022-09-18","22:40:00",3,"IL",17,0,1,0,0,0,0,40.85,-89.33,40.85,-89.33,0,0,0,0,0,203,0,0,0
670536,2022,9,18,"2022-09-18","23:15:00",3,"IL",17,0,1,0,0,0,0,40.549,-89,40.549,-89,0,0,0,0,0,113,0,0,0
670537,2022,9,18,"2022-09-18","23:50:00",3,"IA",19,0,1.25,0,0,0,0,40.7,-91.8,40.7,-91.8,0,0,0,0,0,177,0,0,0
670538,2022,9,19,"2022-09-19","00:00:00",3,"IL",17,0,1,0,0,0,0,40.2055,-88.4175,40.2055,-88.4175,0,0,0,0,0,19,0,0,0
670539,2022,9,19,"2022-09-19","00:00:00",3,"IA",19,0,1,0,0,0,0,40.63,-91.74,40.63,-91.74,0,0,0,0,0,177,0,0,0
670540,2022,9,19,"2022-09-19","00:03:00",3,"IL",17,0,1.75,0,0,0,0,40.2205,-88.4268,40.2205,-88.4268,0,0,0,0,0,19,0,0,0
670541,2022,9,19,"2022-09-19","00:03:00",3,"IA",19,0,1.5,0,0,0,0,40.63,-91.6,40.63,-91.6,0,0,0,0,0,111,0,0,0
670542,2022,9,19,"2022-09-19","00:06:00",3,"IL",17,0,2.5,0,0,0,0,40.2,-88.4,40.2,-88.4,0,0,0,0,0,19,0,0,0
670543,2022,9,19,"2022-09-19","00:16:00",3,"IL",17,0,0.75,0,0,0,0,40.2,-88.4,40.2,-88.4,0,0,0,0,0,19,0,0,0
670544,2022,9,19,"2022-09-19","00:18:00",3,"IL",17,0,1,0,0,0,0,40.12,-88.3068,40.12,-88.3068,0,0,0,0,0,19,0,0,0
670545,2022,9,19,"2022-09-19","00:20:00",3,"IL",17,0,1,0,0,0,0,40.1255,-88.2325,40.1255,-88.2325,0,0,0,0,0,19,0,0,0
670546,2022,9,19,"2022-09-19","00:22:00",3,"IL",17,0,1.25,0,0,0,0,40.1175,-88.2624,40.1175,-88.2624,0,0,0,0,0,19,0,0,0
670547,2022,9,19,"2022-09-19","00:24:00",3,"IL",17,0,1,0,0,0,0,39.73,-90.23,39.73,-90.23,0,0,0,0,0,137,0,0,0
670548,2022,9,19,"2022-09-19","00:25:00",3,"IA",19,0,2,0,0,0,0,40.44,-91.45,40.44,-91.45,0,0,0,0,0,111,0,0,0
670549,2022,9,19,"2022-09-19","00:27:00",3,"IL",17,0,0.75,0,0,0,0,40.0995,-88.2768,40.0995,-88.2768,0,0,0,0,0,19,0,0,0
670550,2022,9,19,"2022-09-19","00:27:00",3,"IL",17,0,0.75,0,0,0,0,40.12,-88.25,40.12,-88.25,0,0,0,0,0,19,0,0,0
670551,2022,9,19,"2022-09-19","00:30:00",3,"IL",17,0,1.75,0,0,0,0,39.73,-90.23,39.73,-90.23,0,0,0,0,0,137,0,0,0
670552,2022,9,19,"2022-09-19","00:30:00",3,"IL",17,0,1.75,0,0,0,0,39.6993,-90.1901,39.6993,-90.1901,0,0,0,0,0,137,0,0,0
670553,2022,9,19,"2022-09-19","00:47:00",3,"IL",17,0,0.75,0,0,0,0,40.0302,-88.0566,40.0302,-88.0566,0,0,0,0,0,19,0,0,0
670554,2022,9,19,"2022-09-19","06:15:00",3,"ND",38,0,1,0,0,0,0,46.63,-100.69,46.63,-100.69,0,0,0,0,0,59,0,0,0
670555,2022,9,19,"2022-09-19","07:15:00",3,"ND",38,0,0.88,0,0,0,0,46.54,-99.56,46.54,-99.56,0,0,0,0,0,47,0,0,0
670556,2022,9,19,"2022-09-19","07:22:00",3,"ND",38,0,1.25,0,0,0,0,46.52,-99.41,46.52,-99.41,0,0,0,0,0,47,0,0,0
670557,2022,9,19,"2022-09-19","07:30:00",3,"ND",38,0,1,0,0,0,0,46.56,-99.35,46.56,-99.35,0,0,0,0,0,47,0,0,0
670558,2022,9,19,"2022-09-19","07:44:00",3,"ND",38,0,1,0,0,0,0,46.53,-99.14,46.53,-99.14,0,0,0,0,0,47,0,0,0
670559,2022,9,19,"2022-09-19","10:10:00",3,"ND",38,0,1,0,0,0,0,47.26,-98.17,47.26,-98.17,0,0,0,0,0,39,0,0,0
670560,2022,9,19,"2022-09-19","10:40:00",3,"ND",38,0,1.5,0,0,0,0,47.66,-99.14,47.66,-99.14,0,0,0,0,0,27,0,0,0
670561,2022,9,19,"2022-09-19","10:53:00",3,"ND",38,0,1,0,0,0,0,47.68,-98.81,47.68,-98.81,0,0,0,0,0,27,0,0,0
670562,2022,9,19,"2022-09-19","12:35:00",3,"NY",36,0,1,0,0,0,0,43.17,-73.71,43.17,-73.71,0,0,0,0,0,91,0,0,0
670563,2022,9,19,"2022-09-19","12:45:00",3,"NY",36,0,0.88,0,0,0,0,43.13,-73.85,43.13,-73.85,0,0,0,0,0,91,0,0,0
670564,2022,9,20,"2022-09-20","11:06:00",3,"MI",26,0,0.88,0,0,0,0,42.2,-86.23,42.2,-86.23,0,0,0,0,0,21,0,0,0
670565,2022,9,20,"2022-09-20","12:00:00",3,"WI",55,0,1,0,0,0,0,43.46,-88.99,43.46,-88.99,0,0,0,0,0,27,0,0,0
670566,2022,9,20,"2022-09-20","12:06:00",3,"WI",55,0,0.75,0,0,0,0,43.46,-88.84,43.46,-88.84,0,0,0,0,0,27,0,0,0
670567,2022,9,20,"2022-09-20","12:07:00",3,"WI",55,0,1,0,0,0,0,43.45,-88.81,43.45,-88.81,0,0,0,0,0,27,0,0,0
670568,2022,9,20,"2022-09-20","12:07:00",3,"WI",55,0,1,0,0,0,0,43.45,-88.85,43.45,-88.85,0,0,0,0,0,27,0,0,0
670569,2022,9,20,"2022-09-20","12:08:00",3,"WI",55,0,0.75,0,0,0,0,43.31,-89.46,43.31,-89.46,0,0,0,0,0,21,0,0,0
670570,2022,9,20,"2022-09-20","12:15:00",3,"WI",55,0,0.88,0,0,0,0,43.3006,-89.3491,43.3006,-89.3491,0,0,0,0,0,21,0,0,0
670571,2022,9,20,"2022-09-20","12:20:00",3,"WI",55,0,1,0,0,0,0,43.37,-88.52,43.37,-88.52,0,0,0,0,0,27,0,0,0
670572,2022,9,20,"2022-09-20","12:27:00",3,"WI",55,0,1,0,0,0,0,43.25,-89.34,43.25,-89.34,0,0,0,0,0,25,0,0,0
670573,2022,9,20,"2022-09-20","12:34:00",3,"WI",55,0,1.25,0,0,0,0,43.37,-88.3,43.37,-88.3,0,0,0,0,0,131,0,0,0
670574,2022,9,20,"2022-09-20","12:39:00",3,"WI",55,0,1,0,0,0,0,43.4,-88.34,43.4,-88.34,0,0,0,0,0,131,0,0,0
670575,2022,9,20,"2022-09-20","12:42:00",3,"WI",55,0,0.75,0,0,0,0,43.41,-88.7,43.41,-88.7,0,0,0,0,0,27,0,0,0
670576,2022,9,20,"2022-09-20","13:02:00",3,"WI",55,0,0.75,0,0,0,0,43.14,-89.35,43.14,-89.35,0,0,0,0,0,25,0,0,0
670577,2022,9,20,"2022-09-20","13:03:00",3,"WI",55,0,0.75,0,0,0,0,43.12,-89.34,43.12,-89.34,0,0,0,0,0,25,0,0,0
670578,2022,9,20,"2022-09-20","13:22:00",3,"WI",55,0,0.88,0,0,0,0,43.09,-89.34,43.09,-89.34,0,0,0,0,0,25,0,0,0
670579,2022,9,20,"2022-09-20","13:22:00",3,"WI",55,0,1,0,0,0,0,43.06,-89.34,43.06,-89.34,0,0,0,0,0,25,0,0,0
670580,2022,9,20,"2022-09-20","13:25:00",3,"WI",55,0,1,0,0,0,0,42.91,-90.06,42.91,-90.06,0,0,0,0,0,49,0,0,0
670581,2022,9,20,"2022-09-20","13:30:00",3,"WI",55,0,0.88,0,0,0,0,43.09,-89.2,43.09,-89.2,0,0,0,0,0,25,0,0,0
670582,2022,9,20,"2022-09-20","13:42:00",3,"WI",55,0,0.88,0,0,0,0,43.11,-88.51,43.11,-88.51,0,0,0,0,0,133,0,0,0
670583,2022,9,20,"2022-09-20","13:48:00",3,"WI",55,0,0.88,0,0,0,0,42.81,-89.86,42.81,-89.86,0,0,0,0,0,65,0,0,0
670584,2022,9,20,"2022-09-20","13:53:00",3,"WI",55,0,0.88,0,0,0,0,43.11,-88.34,43.11,-88.34,0,0,0,0,0,133,0,0,0
670585,2022,9,20,"2022-09-20","13:53:00",3,"WI",55,0,0.75,0,0,0,0,43,-89.02,43,-89.02,0,0,0,0,0,25,0,0,0
670586,2022,9,20,"2022-09-20","13:58:00",3,"WI",55,0,1.5,0,0,0,0,43.15,-88.25,43.15,-88.25,0,0,0,0,0,133,0,0,0
670587,2022,9,20,"2022-09-20","14:57:00",3,"WI",55,0,0.88,0,0,0,0,42.66,-89.04,42.66,-89.04,0,0,0,0,0,105,0,0,0
670588,2022,9,20,"2022-09-20","18:56:00",3,"MN",27,0,0.88,0,0,0,0,45.13,-93.2,45.13,-93.2,0,0,0,0,0,3,0,0,0
670589,2022,9,20,"2022-09-20","19:04:00",3,"WI",55,0,1,0,0,0,0,45.12,-92.54,45.12,-92.54,0,0,0,0,0,109,0,0,0
670590,2022,9,20,"2022-09-20","19:09:00",3,"MN",27,0,1,0,0,0,0,45.03,-93.11,45.0181,-93.0558,0,0,0,0,0,123,0,0,0
670591,2022,9,20,"2022-09-20","19:16:00",3,"MN",27,0,1.25,0,0,0,0,45.0326,-92.9961,45.0253,-92.9622,0,0,0,0,0,163,0,0,0
670592,2022,9,20,"2022-09-20","19:18:00",3,"MN",27,0,2,0,0,0,0,45.0075,-92.9493,44.996,-92.893,0,0,0,0,0,163,0,0,0
670593,2022,9,20,"2022-09-20","19:18:00",3,"MN",27,0,1.75,0,0,0,0,44.9829,-92.9687,44.9756,-92.9318,0,0,0,0,0,163,0,0,0
670594,2022,9,20,"2022-09-20","19:25:00",3,"MN",27,0,1.5,0,0,0,0,44.9379,-92.9036,44.9379,-92.9036,0,0,0,0,0,163,0,0,0
670595,2022,9,20,"2022-09-20","19:25:00",3,"MN",27,0,1.5,0,0,0,0,44.9577,-92.8058,44.9558,-92.7892,0,0,0,0,0,163,0,0,0
670596,2022,9,20,"2022-09-20","19:25:00",3,"MN",27,0,2,0,0,0,0,44.9627,-92.9072,44.95,-92.86,0,0,0,0,0,163,0,0,0
670597,2022,9,20,"2022-09-20","19:26:00",3,"MN",27,0,1.25,0,0,0,0,44.91,-92.91,44.91,-92.91,0,0,0,0,0,163,0,0,0
670598,2022,9,20,"2022-09-20","19:26:00",3,"MN",27,0,1.75,0,0,0,0,44.9,-92.93,44.8936,-92.8897,0,0,0,0,0,163,0,0,0
670599,2022,9,20,"2022-09-20","19:35:00",3,"WI",55,0,1.5,0,0,0,0,44.96,-92.74,44.96,-92.74,0,0,0,0,0,109,0,0,0
670600,2022,9,20,"2022-09-20","19:35:00",3,"WI",55,0,1.75,0,0,0,0,45.0569,-92.1733,45.0569,-92.1733,0,0,0,0,0,109,0,0,0
670601,2022,9,20,"2022-09-20","19:35:00",3,"WI",55,0,1.25,0,0,0,0,44.8972,-92.7316,44.8972,-92.7316,0,0,0,0,0,109,0,0,0
670602,2022,9,20,"2022-09-20","19:42:00",3,"WI",55,0,2.75,0,0,0,0,44.8755,-92.6389,44.87,-92.62,0,0,0,0,0,109,0,0,0
670603,2022,9,20,"2022-09-20","19:44:00",3,"WI",55,0,3,0,0,0,0,44.8661,-92.6468,44.8644,-92.6416,0,0,0,0,0,109,0,0,0
670604,2022,9,20,"2022-09-20","19:46:00",3,"WI",55,0,3,0,0,0,0,44.8621,-92.635,44.845,-92.5905,0,0,0,0,0,93,0,0,0
670605,2022,9,20,"2022-09-20","19:50:00",3,"WI",55,0,1.25,0,0,0,0,44.87,-92.59,44.87,-92.59,0,0,0,0,0,109,0,0,0
670606,2022,9,20,"2022-09-20","20:10:00",3,"WI",55,0,1,0,0,0,0,44.91,-91.93,44.91,-91.93,0,0,0,0,0,33,0,0,0
670607,2022,9,20,"2022-09-20","21:10:00",3,"WI",55,0,1,0,0,0,0,44.57,-91.67,44.57,-91.67,0,0,0,0,0,11,0,0,0
670608,2022,9,20,"2022-09-20","21:21:00",3,"WI",55,0,1,0,0,0,0,44.58,-91.47,44.58,-91.47,0,0,0,0,0,121,0,0,0
670609,2022,9,20,"2022-09-20","23:00:00",3,"WI",55,0,2,0,0,25000,1000,44.24,-90.13,44.24,-90.13,0,0,0,0,0,57,0,0,0
670610,2022,9,20,"2022-09-20","23:10:00",3,"WI",55,0,3,0,0,45000,2000,44.22,-90.07,44.22,-90.07,0,0,0,0,0,57,0,0,0
670611,2022,9,20,"2022-09-20","23:14:00",3,"WI",55,0,1.5,0,0,0,0,44.28,-89.97,44.28,-89.97,0,0,0,0,0,141,0,0,0
670612,2022,9,20,"2022-09-20","23:15:00",3,"WI",55,0,3,0,0,25000,2000,44.25,-90,44.25,-90,0,0,0,0,0,57,0,0,0
670613,2022,9,21,"2022-09-21","00:25:00",3,"MI",26,0,0.75,0,0,0,0,46.85,-87.75,46.85,-87.75,0,0,0,0,0,103,0,0,0
670614,2022,9,21,"2022-09-21","00:26:00",3,"WI",55,0,1.25,0,0,0,0,44.12,-89.07,44.12,-89.07,0,0,0,0,0,137,0,0,0
670615,2022,9,21,"2022-09-21","00:30:00",3,"WI",55,0,1.88,0,0,0,0,44.1,-89.04,44.1,-89.04,0,0,0,0,0,137,0,0,0
670616,2022,9,21,"2022-09-21","00:31:00",3,"WI",55,0,1.25,0,0,0,0,44.11,-89.02,44.11,-89.02,0,0,0,0,0,137,0,0,0
670617,2022,9,21,"2022-09-21","05:50:00",3,"MI",26,0,1.25,0,0,0,0,44.19,-85.21,44.19,-85.21,0,0,0,0,0,113,0,0,0
670618,2022,9,21,"2022-09-21","06:00:00",3,"MI",26,0,1.5,0,0,0,0,44.08,-84.72,44.08,-84.72,0,0,0,0,0,35,0,0,0
670619,2022,9,21,"2022-09-21","06:06:00",3,"MI",26,0,1.75,0,0,0,0,44.08,-84.55,44.08,-84.55,0,0,0,0,0,51,0,0,0
670620,2022,9,21,"2022-09-21","06:20:00",3,"MI",26,0,1,0,0,0,0,44.42,-86.15,44.42,-86.15,0,0,0,0,0,101,0,0,0
670621,2022,9,21,"2022-09-21","06:30:00",3,"MI",26,0,1.5,0,0,0,0,44.37,-86.01,44.37,-86.01,0,0,0,0,0,101,0,0,0
670622,2022,9,21,"2022-09-21","06:33:00",3,"MI",26,0,1.25,0,0,0,0,43.33,-85.73,43.33,-85.73,0,0,0,0,0,123,0,0,0
670623,2022,9,21,"2022-09-21","06:45:00",3,"MI",26,0,1.75,0,0,0,0,43.29,-85.54,43.29,-85.54,0,0,0,0,0,81,0,0,0
670624,2022,9,21,"2022-09-21","06:49:00",3,"MI",26,0,0.75,0,0,0,0,43.32,-85.5,43.32,-85.5,0,0,0,0,0,117,0,0,0
670625,2022,9,21,"2022-09-21","06:51:00",3,"MI",26,0,0.75,0,0,0,0,44.38,-85.78,44.38,-85.78,0,0,0,0,0,165,0,0,0
670626,2022,9,21,"2022-09-21","07:00:00",3,"MI",26,0,1.25,0,0,0,0,43.98,-83.96,43.98,-83.96,0,0,0,0,0,11,0,0,0
670627,2022,9,21,"2022-09-21","07:17:00",3,"MI",26,0,0.88,0,0,5000,0,43.1,-85.23,43.1,-85.23,0,0,0,0,0,67,0,0,0
670628,2022,9,21,"2022-09-21","08:38:00",3,"MI",26,0,2,0,0,0,0,42.58,-84.43,42.58,-84.43,0,0,0,0,0,65,0,0,0
670629,2022,9,21,"2022-09-21","09:23:00",3,"MI",26,0,1,0,0,0,0,42.43,-83.14,42.43,-83.14,0,0,0,0,0,163,0,0,0
670630,2022,9,22,"2022-09-22","06:10:00",3,"NH",33,0,1.25,0,0,0,0,42.93,-71.04,42.93,-71.04,0,0,0,0,0,15,0,0,0
670631,2022,9,22,"2022-09-22","06:15:00",3,"NH",33,0,1.25,0,0,0,0,42.98,-70.94,42.98,-70.94,0,0,0,0,0,15,0,0,0
670632,2022,9,22,"2022-09-22","06:15:00",3,"NH",33,0,1,0,0,0,0,43.02,-70.9,43.02,-70.9,0,0,0,0,0,15,0,0,0
670633,2022,9,23,"2022-09-23","20:10:00",3,"AZ",4,0,1,0,0,0,0,32.606,-110.7888,32.606,-110.7888,0,0,0,0,0,21,0,0,0
670634,2022,9,24,"2022-09-24","16:04:00",3,"MO",29,0,1.75,0,0,0,0,36.88,-90.85,36.88,-90.85,0,0,0,0,0,35,0,0,0
670635,2022,9,24,"2022-09-24","16:55:00",3,"MO",29,0,1,0,0,1000,0,36.93,-90.7591,36.93,-90.7591,0,0,0,0,0,35,0,0,0
670636,2022,9,24,"2022-09-24","16:56:00",3,"MO",29,0,0.75,0,0,0,0,36.67,-90.5061,36.67,-90.5061,0,0,0,0,0,23,0,0,0
670637,2022,9,25,"2022-09-25","08:15:00",3,"WV",54,0,1,0,0,0,0,39.64,-79.95,39.64,-79.95,0,0,0,0,0,61,0,0,0
670638,2022,9,25,"2022-09-25","09:01:00",3,"MD",24,0,1,0,0,0,0,39.579,-79.35,39.579,-79.35,0,0,0,0,0,23,0,0,0
670639,2022,9,25,"2022-09-25","09:03:00",3,"MD",24,0,1.5,0,0,0,0,39.5768,-79.3356,39.5768,-79.3356,0,0,0,0,0,23,0,0,0
670640,2022,9,25,"2022-09-25","09:22:00",3,"MD",24,0,1,0,0,0,0,39.5326,-79.0177,39.5326,-79.0177,0,0,0,0,0,1,0,0,0
670641,2022,9,25,"2022-09-25","12:00:00",3,"OH",39,0,0.75,0,0,0,0,41.0246,-80.7008,41.0246,-80.7008,0,0,0,0,0,99,0,0,0
670642,2022,9,25,"2022-09-25","14:42:00",3,"NY",36,0,1,0,0,0,0,42.1,-75.77,42.1,-75.77,0,0,0,0,0,7,0,0,0
670643,2022,9,25,"2022-09-25","14:43:00",3,"TN",47,0,0.88,0,0,0,0,36.3,-85.35,36.3,-85.35,0,0,0,0,0,133,0,0,0
670644,2022,9,25,"2022-09-25","15:05:00",3,"WI",55,0,0.75,0,0,0,0,45.82,-89.6,45.82,-89.6,0,0,0,0,0,85,0,0,0
670645,2022,9,25,"2022-09-25","15:10:00",3,"AR",5,0,0.88,0,0,0,0,33.45,-94.02,33.45,-94.02,0,0,0,0,0,91,0,0,0
670646,2022,9,25,"2022-09-25","15:15:00",3,"TX",48,0,1.25,0,0,0,0,33.37,-94.07,33.37,-94.07,0,0,0,0,0,37,0,0,0
670647,2022,9,25,"2022-09-25","15:27:00",3,"TX",48,0,1.25,0,0,0,0,33.34,-94.15,33.34,-94.15,0,0,0,0,0,37,0,0,0
670648,2022,9,25,"2022-09-25","15:50:00",3,"TN",47,0,0.75,0,0,0,0,35.7864,-85.9096,35.7864,-85.9096,0,0,0,0,0,177,0,0,0
670649,2022,9,26,"2022-09-26","10:13:00",3,"OH",39,0,0.75,0,0,0,0,41.7042,-81.3931,41.7042,-81.3931,0,0,0,0,0,85,0,0,0
670650,2022,9,29,"2022-09-29","13:13:00",3,"ID",16,0,1,0,0,0,0,43.4555,-111.3484,43.4555,-111.3484,0,0,0,0,0,19,0,0,0
670651,2022,9,29,"2022-09-29","15:09:00",3,"CA",6,0,0.75,0,0,0,0,33.2128,-116.4842,33.2128,-116.4842,0,0,0,0,0,73,0,0,0
670370,2022,9,1,"2022-09-01","18:25:00",3,"KS",20,0,0.88,0,0,0,0,37.75,-100.01,37.75,-100.01,0,0,0,0,0,57,0,0,0
670371,2022,9,2,"2022-09-02","15:58:00",3,"NE",31,0,1,0,0,0,0,40.1753,-100.2699,40.1753,-100.2699,0,0,0,0,0,145,0,0,0
670372,2022,9,2,"2022-09-02","16:35:00",3,"WI",55,0,1,0,0,0,0,45.86,-91.07,45.86,-91.07,0,0,0,0,0,113,0,0,0
670373,2022,9,2,"2022-09-02","16:55:00",3,"AZ",4,0,1,0,0,0,0,34.51,-112.68,34.51,-112.68,0,0,0,0,0,25,0,0,0
670374,2022,9,2,"2022-09-02","17:05:00",3,"WI",55,0,1.5,0,0,0,0,45.1589,-92.2244,45.1589,-92.2244,0,0,0,0,0,109,0,0,0
670375,2022,9,2,"2022-09-02","18:45:00",3,"AZ",4,0,0.88,0,0,0,0,33.3,-111.29,33.3,-111.29,0,0,0,0,0,21,0,0,0
670376,2022,9,2,"2022-09-02","18:45:00",3,"KS",20,0,0.75,0,0,0,0,38.5693,-101.1377,38.5693,-101.1377,0,0,0,0,0,203,0,0,0
670377,2022,9,2,"2022-09-02","19:00:00",3,"KS",20,0,0.75,0,0,0,0,38.4824,-101.146,38.4824,-101.146,0,0,0,0,0,203,0,0,0
670378,2022,9,2,"2022-09-02","19:12:00",3,"AZ",4,0,1,0,0,0,0,33.24,-111.6,33.24,-111.6,0,0,0,0,0,13,0,0,0
670379,2022,9,2,"2022-09-02","19:25:00",3,"AZ",4,0,1.13,0,0,0,0,34.01,-112.8,34.01,-112.8,0,0,0,0,0,25,0,0,0
670380,2022,9,3,"2022-09-03","16:41:00",3,"TX",48,0,1,0,0,0,0,32.62,-96.94,32.62,-96.94,0,0,0,0,0,113,0,0,0
670381,2022,9,4,"2022-09-04","13:42:00",3,"TX",48,0,1,0,0,0,0,32.93,-97.32,32.93,-97.32,0,0,0,0,0,439,0,0,0
670382,2022,9,4,"2022-09-04","14:04:00",3,"TX",48,0,1,0,0,0,0,32.84,-96.77,32.84,-96.77,0,0,0,0,0,113,0,0,0
670383,2022,9,4,"2022-09-04","14:13:00",3,"TX",48,0,0.88,0,0,0,0,33.17,-97.9,33.17,-97.9,0,0,0,0,0,497,0,0,0
670384,2022,9,4,"2022-09-04","14:15:00",3,"TX",48,0,1.25,0,0,0,0,32.96,-96.54,32.96,-96.54,0,0,0,0,0,113,0,0,0
670385,2022,9,4,"2022-09-04","14:45:00",3,"TX",48,0,1,0,0,0,0,32.66,-97.78,32.66,-97.78,0,0,0,0,0,367,0,0,0
670386,2022,9,4,"2022-09-04","15:32:00",3,"TX",48,0,0.88,0,0,0,0,33.59,-98.63,33.59,-98.63,0,0,0,0,0,9,0,0,0
670387,2022,9,5,"2022-09-05","14:42:00",3,"TX",48,0,1,0,0,0,0,32.31,-99.51,32.31,-99.51,0,0,0,0,0,59,0,0,0
670388,2022,9,5,"2022-09-05","18:14:00",3,"TX",48,0,1,0,0,0,0,32.53,-97.85,32.53,-97.85,0,0,0,0,0,221,0,0,0
670389,2022,9,5,"2022-09-05","19:37:00",3,"TX",48,0,1,0,0,0,0,32.89,-97.36,32.89,-97.36,0,0,0,0,0,439,0,0,0
670390,2022,9,5,"2022-09-05","19:41:00",3,"TX",48,0,1,0,0,0,0,32.89,-97.35,32.89,-97.35,0,0,0,0,0,439,0,0,0
670391,2022,9,5,"2022-09-05","19:44:00",3,"TX",48,0,1,0,0,0,0,32.88,-97.36,32.88,-97.36,0,0,0,0,0,439,0,0,0
670392,2022,9,5,"2022-09-05","19:46:00",3,"TX",48,0,1.25,0,0,0,0,32.89,-97.36,32.89,-97.36,0,0,0,0,0,439,0,0,0
670393,2022,9,6,"2022-09-06","15:40:00",3,"TN",47,0,0.75,0,0,0,0,35.24,-89.52,35.24,-89.52,0,0,0,0,0,47,0,0,0
670394,2022,9,8,"2022-09-08","20:27:00",3,"SD",46,0,1,0,0,0,0,44.91,-97.16,44.91,-97.16,0,0,0,0,0,29,0,0,0
670395,2022,9,8,"2022-09-08","20:35:00",3,"SD",46,0,1.25,0,0,0,0,44.96,-97.02,44.96,-97.02,0,0,0,0,0,29,0,0,0
670396,2022,9,8,"2022-09-08","21:00:00",3,"SD",46,0,1,0,0,0,0,45.03,-96.76,45.03,-96.76,0,0,0,0,0,51,0,0,0
670397,2022,9,8,"2022-09-08","21:31:00",3,"SD",46,0,1,0,0,0,0,44.85,-97.06,44.85,-97.06,0,0,0,0,0,29,0,0,0
670398,2022,9,8,"2022-09-08","21:51:00",3,"MN",27,0,1,0,0,0,0,45.02,-96.19,45.02,-96.19,0,0,0,0,0,73,0,0,0
670399,2022,9,8,"2022-09-08","21:55:00",3,"SD",46,0,1,0,0,0,0,44.88,-96.87,44.88,-96.87,0,0,0,0,0,39,0,0,0
670400,2022,9,8,"2022-09-08","22:15:00",3,"SD",46,0,1,0,0,0,0,44.68,-96.64,44.68,-96.64,0,0,0,0,0,39,0,0,0
670401,2022,9,8,"2022-09-08","23:45:00",3,"MN",27,0,1,0,0,0,0,45.38,-94.72,45.38,-94.72,0,0,0,0,0,145,0,0,0
670402,2022,9,9,"2022-09-09","02:00:00",3,"MN",27,0,0.75,0,0,0,0,45.26,-93.94,45.26,-93.94,0,0,0,0,0,171,0,0,0
670403,2022,9,9,"2022-09-09","02:20:00",3,"MN",27,0,0.88,0,0,0,0,45.17,-93.88,45.17,-93.88,0,0,0,0,0,171,0,0,0
