"om","yr","mo","dy","date","time","tz","st","stf","stn","mag","inj","fat","loss","closs","slat","slon","elat","elon","len","wid","ns","sn","sg","f1","f2","f3","f4","fc"
614398,2016,10,12,"2016-10-12","16:26:00",3,"IN",18,0,0,0,0,0,0,41.6421,-86.3046,41.6557,-86.2886,1.25,30,1,1,1,141,0,0,0,0
614399,2016,10,12,"2016-10-12","16:30:00",3,"IN",18,0,0,0,0,0,0,41.6685,-86.2307,41.6689,-86.23,0.05,40,1,1,1,141,0,0,0,0
614400,2016,10,14,"2016-10-14","09:18:00",3,"OR",41,0,2,0,0,1e+06,0,45.72,-123.94,45.72,-123.94,0.7,225,1,1,1,57,0,0,0,0
614401,2016,10,14,"2016-10-14","10:00:00",3,"OR",41,0,-9,0,0,0,0,45.47,-123.97,45.47,-123.97,0.01,10,1,1,1,57,0,0,0,0
614382,2016,10,4,"2016-10-04","16:32:00",3,"KS",20,0,0,0,0,0,0,39.2482,-97.4066,39.2482,-97.4066,0.1,40,1,1,1,143,0,0,0,0
614383,2016,10,4,"2016-10-04","17:27:00",3,"KS",20,0,1,0,0,0,0,39.4411,-97.0346,39.4902,-96.9677,4.92,75,1,1,1,27,0,0,0,0
614384,2016,10,6,"2016-10-06","10:57:00",3,"KS",20,0,0,0,0,0,0,37.0294,-95.2163,37.0306,-95.2126,0.22,50,1,1,1,99,0,0,0,0
614385,2016,10,6,"2016-10-06","11:14:00",3,"KS",20,0,0,0,0,0,0,37.05,-95.18,37.0513,-95.1781,0.14,50,1,1,1,99,0,0,0,0
614386,2016,10,6,"2016-10-06","13:26:00",3,"KS",20,0,0,0,0,0,0,37.1691,-96.9803,37.1694,-96.9799,0.03,50,1,1,1,35,0,0,0,0
614387,2016,10,6,"2016-10-06","13:42:00",3,"KS",20,0,1,0,0,25000,100,37.2268,-96.8084,37.2285,-96.8069,0.14,50,1,1,1,35,0,0,0,0
614388,2016,10,6,"2016-10-06","14:08:00",3,"KS",20,0,1,0,0,20000,0,37.3197,-96.7012,37.327,-96.6996,0.51,75,1,1,1,35,0,0,0,0
614389,2016,10,6,"2016-10-06","15:13:00",3,"KS",20,0,2,0,0,0,0,38.7407,-97.5156,38.7413,-97.5117,0.21,60,1,1,1,169,0,0,0,0
614390,2016,10,6,"2016-10-06","15:18:00",3,"KS",20,0,1,0,0,0,0,39.5423,-97.1833,39.5912,-97.0085,9.97,200,1,1,1,27,201,0,0,0
614391,2016,10,6,"2016-10-06","15:19:00",3,"KS",20,0,3,0,0,0,0,38.7815,-97.4704,38.8596,-97.4039,6.48,140,1,1,1,169,0,0,0,0
614392,2016,10,6,"2016-10-06","15:36:00",3,"KS",20,0,1,0,0,0,0,39.2998,-97.163,39.3237,-97.0472,6.41,300,1,1,1,27,0,0,0,0
614393,2016,10,6,"2016-10-06","21:07:00",3,"IA",19,0,1,0,0,0,0,41.4677,-91.097,41.552,-90.9515,9.52,30,1,1,1,139,0,0,0,0
614394,2016,10,6,"2016-10-06","21:36:00",3,"IA",19,0,1,0,0,0,0,41.5049,-90.6173,41.679,-90.3076,20.02,800,2,0,1,0,0,0,0,0
614394,2016,10,6,"2016-10-06","21:36:00",3,"IA",19,0,1,0,0,0,0,41.5049,-90.6173,41.6625,-90.3373,18.11,800,2,1,2,163,0,0,0,0
614395,2016,10,6,"2016-10-06","21:41:00",3,"IL",17,0,0,0,0,0,0,41.3796,-90.5125,41.4148,-90.4314,4.86,10,1,1,1,161,0,0,0,0
614394,2016,10,6,"2016-10-06","21:57:00",3,"IL",17,0,1,0,0,0,0,41.6625,-90.3373,41.679,-90.3076,1.91,200,2,1,2,161,0,0,0,0
614396,2016,10,8,"2016-10-08","04:46:00",3,"SC",45,0,0,0,0,0,0,33.8243,-78.651,33.8402,-78.6694,1.53,25,1,1,1,51,0,0,0,0
614397,2016,10,8,"2016-10-08","12:50:00",3,"NC",37,0,0,0,0,75000,25000,35.323,-77.8625,35.329,-77.8773,0.93,250,1,1,1,191,0,0,0,0
614402,2016,11,18,"2016-11-18","13:10:00",3,"PR",72,0,0,0,0,10000,0,18.43,-66.4825,18.4323,-66.4916,0.62,1091,1,1,1,91,0,0,0,0
614403,2016,11,22,"2016-11-22","15:51:00",3,"KS",20,0,0,0,0,0,0,39.1999,-96.8252,39.1999,-96.8252,0.3,25,1,1,1,161,0,0,0,0
614404,2016,11,27,"2016-11-27","16:02:00",3,"NE",31,0,0,0,0,0,0,40.3,-98.95,40.3,-98.94,0.53,20,1,1,1,61,0,0,0,0
614405,2016,11,27,"2016-11-27","16:32:00",3,"NE",31,0,1,0,0,150000,0,40.09,-98.47,40.12,-98.41,3.79,60,1,1,1,181,0,0,0,0
614406,2016,11,27,"2016-11-27","17:00:00",3,"NE",31,0,0,0,0,3000,0,40.27,-98.15,40.31,-98.09,4.2,50,1,1,1,129,0,0,0,0
614407,2016,11,28,"2016-11-28","12:44:00",3,"IA",19,0,0,0,0,5000,0,42.317,-93.4274,42.38,-93.3709,5.22,50,1,1,1,83,0,0,0,0
614408,2016,11,28,"2016-11-28","15:38:00",3,"IA",19,0,0,0,0,3000,0,42.5248,-92.8034,42.5953,-92.7465,5.68,50,1,1,1,75,23,0,0,0
614409,2016,11,28,"2016-11-28","15:41:00",3,"IA",19,0,0,0,0,0,0,42.3463,-92.834,42.3584,-92.8103,1.47,25,1,1,1,75,0,0,0,0
614410,2016,11,28,"2016-11-28","16:11:00",3,"IA",19,0,0,0,0,0,0,41.4947,-92.6257,41.5366,-92.5581,4.54,40,1,1,1,123,157,0,0,0
614411,2016,11,28,"2016-11-28","16:25:00",3,"LA",22,0,0,0,0,0,0,31.073,-92.0329,31.073,-92.0329,0.01,10,1,1,1,9,0,0,0,0
614412,2016,11,28,"2016-11-28","16:30:00",3,"IA",19,0,0,0,0,0,0,41.5648,-92.5098,41.5751,-92.4919,1.17,30,1,1,1,157,0,0,0,0
614413,2016,11,29,"2016-11-29","15:57:00",3,"MS",28,0,1,0,0,2e+05,0,32.402,-89.7807,32.5885,-89.437,23.95,300,1,1,1,121,123,79,0,0
614414,2016,11,29,"2016-11-29","17:49:00",3,"MS",28,0,1,0,0,180000,0,32.95,-88.84,33.0044,-88.7703,5.53,170,1,1,1,159,103,0,0,0
614415,2016,11,29,"2016-11-29","17:52:00",3,"MS",28,0,1,0,0,45000,0,33.3,-88.76,33.3503,-88.7443,3.59,150,1,1,1,105,0,0,0,0
614416,2016,11,29,"2016-11-29","18:12:00",3,"MS",28,0,1,0,0,220000,0,33.7,-88.76,33.758,-88.624,8.9,200,1,1,1,25,95,0,0,0
614417,2016,11,29,"2016-11-29","19:05:00",3,"AL",1,0,2,3,0,0,0,34.5415,-87.9038,34.6274,-87.7439,10.87,100,1,1,1,59,33,0,0,0
614418,2016,11,29,"2016-11-29","19:15:00",3,"AL",1,0,1,0,0,0,0,33.4521,-88.1502,33.4959,-88.0771,5.3,600,1,1,1,107,0,0,0,0
614419,2016,11,29,"2016-11-29","19:29:00",3,"AL",1,0,0,0,0,0,0,34.0002,-87.8754,34.099,-87.7381,10.6,150,1,1,1,93,0,0,0,0
614420,2016,11,29,"2016-11-29","20:04:00",3,"AL",1,0,1,0,0,0,0,34.2498,-87.5383,34.2546,-87.5344,0.4,100,1,1,1,133,0,0,0,0
614421,2016,11,29,"2016-11-29","20:06:00",3,"AL",1,0,0,0,0,0,0,33.7722,-87.6959,33.7758,-87.694,0.3,50,1,1,1,57,0,0,0,0
614422,2016,11,29,"2016-11-29","20:06:00",3,"AL",1,0,2,0,0,0,0,34.1946,-87.4701,34.2356,-87.4471,3.2,300,1,1,1,133,0,0,0,0
614423,2016,11,29,"2016-11-29","20:12:00",3,"MS",28,0,1,0,0,50000,0,33.404,-88.4813,33.4448,-88.4458,3.48,100,1,1,1,87,0,0,0,0
614424,2016,11,29,"2016-11-29","20:40:00",3,"AL",1,0,3,0,0,0,0,34.4406,-87.0913,34.5043,-87.0147,6.2,175,1,1,1,103,0,0,0,0
614425,2016,11,29,"2016-11-29","20:52:00",3,"AL",1,0,2,0,0,0,0,34.0699,-87.2016,34.1604,-87.0781,9.51,1000,1,1,1,133,43,0,0,0
614426,2016,11,29,"2016-11-29","21:05:00",3,"TN",47,0,1,1,0,750000,0,35.3584,-86.2447,35.4399,-86.1441,7.99,300,1,1,1,31,0,0,0,0
614427,2016,11,29,"2016-11-29","21:24:00",3,"TN",47,0,1,0,0,250000,0,35.4572,-86.0559,35.4882,-86.0065,3.51,200,1,1,1,31,0,0,0,0
614428,2016,11,29,"2016-11-29","21:29:00",3,"AL",1,0,2,0,0,0,0,34.74,-86.53,34.89,-86.24,19.85,150,1,1,1,89,71,0,0,0
614429,2016,11,29,"2016-11-29","22:02:00",3,"AL",1,0,1,0,0,0,0,34.92,-86.14,34.92,-86.13,0.9,40,1,1,1,71,0,0,0,0
614430,2016,11,29,"2016-11-29","22:20:00",3,"AL",1,0,1,0,0,0,0,34.1745,-87.1109,34.1747,-87.111,3.15,100,1,1,1,43,133,0,0,0
614431,2016,11,29,"2016-11-29","23:00:00",3,"AL",1,0,1,0,0,0,0,34.87,-85.71,34.89,-85.67,2.31,150,1,1,1,71,0,0,0,0
614432,2016,11,29,"2016-11-29","23:03:00",3,"TN",47,0,2,2,0,0,0,35.2481,-85.4459,35.3256,-85.3369,8.15,350,1,1,1,115,153,0,0,0
614433,2016,11,29,"2016-11-29","23:05:00",3,"AL",1,0,1,0,0,0,0,34.4315,-86.5032,34.4403,-86.4828,1.2,50,1,1,1,95,0,0,0,0
614434,2016,11,29,"2016-11-29","23:40:00",3,"AL",1,0,1,0,0,0,0,33.8255,-88.1623,33.8864,-88.0109,9.69,600,1,1,1,75,0,0,0,0
614435,2016,11,30,"2016-11-30","00:01:00",3,"AL",1,0,1,0,0,0,0,33.9518,-87.9005,34.0917,-87.6622,16.85,900,1,1,1,93,0,0,0,0
614436,2016,11,30,"2016-11-30","00:02:00",3,"AL",1,0,3,9,4,0,0,34.69,-85.78,34.78,-85.57,13.48,206,1,1,1,71,49,0,0,0
614437,2016,11,30,"2016-11-30","00:20:00",3,"TN",47,0,2,20,0,0,0,35.4046,-84.6371,35.5091,-84.482,11.33,200,1,1,1,107,0,0,0,0
614438,2016,11,30,"2016-11-30","00:56:00",3,"GA",13,0,0,0,0,50000,0,34.9393,-85.1015,34.9443,-85.0795,1.29,225,1,1,1,47,0,0,0,0
614439,2016,11,30,"2016-11-30","01:28:00",3,"TN",47,0,3,0,2,0,0,35.1109,-84.7264,35.1598,-84.6711,4.6,155,1,1,1,139,0,0,0,0
614440,2016,11,30,"2016-11-30","02:11:00",3,"AL",1,0,0,0,0,0,0,34.87,-85.99,34.89,-85.94,3.4,30,1,1,1,71,0,0,0,0
614441,2016,11,30,"2016-11-30","05:10:00",3,"AL",1,0,1,0,0,0,0,32.4233,-87.6657,32.571,-87.5296,12.93,250,1,1,1,91,65,0,0,0
614442,2016,11,30,"2016-11-30","08:45:00",3,"LA",22,0,0,0,0,0,0,29.9096,-90.1428,29.9081,-90.1303,0.76,30,1,1,1,51,0,0,0,0
614443,2016,11,30,"2016-11-30","10:38:00",3,"FL",12,0,0,0,0,50000,0,30.4105,-86.6812,30.4176,-86.6713,0.77,175,1,1,1,91,0,0,0,0
614444,2016,11,30,"2016-11-30","11:53:00",3,"GA",13,0,0,0,0,8000,0,33.6646,-85.1613,33.6859,-85.0964,4.02,100,1,1,1,45,0,0,0,0
614445,2016,11,30,"2016-11-30","12:35:00",3,"AL",1,0,1,0,0,0,0,32.7056,-85.5591,32.7352,-85.5164,3.22,300,1,1,1,81,17,0,0,0
614446,2016,11,30,"2016-11-30","12:39:00",3,"GA",13,0,1,0,0,50000,0,33.7786,-84.5406,33.7825,-84.5341,0.46,100,1,1,1,67,0,0,0,0
614447,2016,11,30,"2016-11-30","12:50:00",3,"GA",13,0,1,0,0,25000,0,33.8376,-84.4277,33.8439,-84.3955,1.9,100,1,1,1,121,0,0,0,0
614448,2016,11,30,"2016-11-30","13:07:00",3,"GA",13,0,0,0,0,16000,0,34.0905,-84.2336,34.1158,-84.1927,2.93,100,1,1,1,121,117,0,0,0
614449,2016,11,30,"2016-11-30","14:04:00",3,"GA",13,0,1,0,0,65000,0,34.2322,-83.5025,34.2567,-83.4635,2.8,100,1,1,1,157,11,0,0,0
614450,2016,11,30,"2016-11-30","15:41:00",3,"SC",45,0,1,0,0,5e+05,0,34.678,-82.378,34.795,-82.126,16.44,150,1,1,1,45,83,0,0,0
614451,2016,11,30,"2016-11-30","17:26:00",3,"NC",37,0,1,0,0,1e+05,0,35.124,-80.953,35.143,-80.918,2.37,150,1,1,1,119,0,0,0,0
614453,2016,12,13,"2016-12-13","15:19:00",3,"MS",28,0,0,0,0,0,0,30.5158,-89.3681,30.5157,-89.2954,4.32,20,1,1,1,45,47,0,0,0
614454,2016,12,17,"2016-12-17","19:03:00",3,"AR",5,0,1,0,0,1e+05,0,34.2187,-92.2704,34.2212,-92.2625,0.48,100,1,1,1,53,0,0,0,0
614455,2016,12,17,"2016-12-17","23:37:00",3,"AL",1,0,0,0,0,0,0,34.82,-88.08,34.83,-88.07,0.62,87,1,1,1,33,0,0,0,0
614456,2016,12,17,"2016-12-17","23:45:00",3,"MS",28,0,1,0,0,80000,0,33.9239,-89.2228,33.9242,-89.2167,0.35,75,1,1,1,13,0,0,0,0
614457,2016,12,18,"2016-12-18","00:42:00",3,"AL",1,0,0,0,0,0,0,34.3751,-88.0719,34.3785,-88.0553,0.97,75,1,1,1,59,0,0,0,0
614458,2016,12,25,"2016-12-25","08:55:00",3,"KS",20,0,0,0,0,0,0,37.1597,-100.6967,37.1687,-100.6935,0.65,25,1,1,1,175,0,0,0,0
614459,2016,12,25,"2016-12-25","09:44:00",3,"KS",20,0,0,0,0,0,0,37.6199,-100.1431,37.6887,-100.0827,5.79,40,1,1,1,57,0,0,0,0
614460,2016,12,25,"2016-12-25","10:30:00",3,"KS",20,0,0,0,0,0,0,37.4969,-99.5583,37.5386,-99.5338,3.17,30,1,1,1,57,97,0,0,0
614461,2016,12,25,"2016-12-25","10:51:00",3,"KS",20,0,0,0,0,0,0,37.5116,-99.3277,37.5921,-99.272,6.34,30,1,1,1,97,0,0,0,0
614462,2016,12,25,"2016-12-25","10:54:00",3,"KS",20,0,0,0,0,0,0,38.3995,-99.3807,38.4122,-99.3671,1.15,30,1,1,1,165,0,0,0,0
614463,2016,12,25,"2016-12-25","10:58:00",3,"KS",20,0,0,0,0,85000,0,37.3021,-99.2417,37.3209,-99.217,1.88,50,1,1,1,33,0,0,0,0
614464,2016,12,25,"2016-12-25","11:45:00",3,"KS",20,0,0,0,0,5000,0,39.503,-99.0182,39.5274,-99.0029,1.87,50,1,1,1,141,0,0,0,0
614465,2016,12,25,"2016-12-25","11:50:00",3,"NE",31,0,1,0,0,375000,0,40.4216,-99.2467,40.4609,-99.239,2.75,200,1,1,1,137,0,0,0,0
614466,2016,12,25,"2016-12-25","12:16:00",3,"NE",31,0,0,0,0,5000,0,40.4255,-98.857,40.4317,-98.8519,0.51,50,1,1,1,99,0,0,0,0
614467,2016,12,25,"2016-12-25","12:24:00",3,"NE",31,0,0,0,0,225000,0,40.7708,-98.9236,40.8297,-98.9054,4.18,50,1,1,1,19,0,0,0,0
614468,2016,12,25,"2016-12-25","13:53:00",3,"KS",20,0,0,0,0,0,0,38.9351,-97.4384,38.9362,-97.4363,0.13,40,1,1,1,169,0,0,0,0
614469,2016,12,26,"2016-12-26","15:08:00",3,"KY",21,0,0,0,0,4000,0,36.9449,-88.446,36.9515,-88.4214,1.44,40,1,1,1,157,0,0,0,0
614470,2016,12,29,"2016-12-29","02:50:00",3,"GA",13,0,1,0,0,50000,0,34.1078,-83.5913,34.0953,-83.5322,3.49,250,1,1,1,157,0,0,0,0
614452,2016,12,5,"2016-12-05","11:47:00",3,"LA",22,0,1,0,0,0,0,30.2695,-90.8874,30.3093,-90.854,3.4,30,1,1,1,5,0,0,0,0
613498,2016,1,15,"2016-01-15","10:10:00",3,"FL",12,0,1,0,0,2e+05,0,26.5503,-81.9126,26.552,-81.9102,0.19,45,1,1,1,71,0,0,0,0
613499,2016,1,17,"2016-01-17","02:10:00",3,"FL",12,0,2,2,0,1.2e+07,0,27.253,-82.5396,27.2663,-82.5284,1.15,350,1,1,1,115,0,0,0,0
613500,2016,1,17,"2016-01-17","02:35:00",3,"FL",12,0,2,4,2,150000,0,27.538,-82.219,27.642,-82.126,9.2,300,1,1,1,81,0,0,0,0
613501,2016,1,17,"2016-01-17","06:13:00",3,"FL",12,0,1,0,0,1e+05,0,27.0873,-80.1497,27.0963,-80.1416,0.8,75,1,1,1,85,0,0,0,0
613502,2016,1,21,"2016-01-21","16:14:00",3,"MS",28,0,0,0,0,17000,0,31.9388,-90.2981,31.9662,-90.2578,3.03,50,1,1,1,29,0,0,0,0
613503,2016,1,21,"2016-01-21","16:25:00",3,"MS",28,0,1,0,0,165000,0,31.6919,-90.5363,31.7334,-90.4597,5.34,200,1,1,1,85,29,0,0,0
613504,2016,1,21,"2016-01-21","17:20:00",3,"MS",28,0,1,0,0,17000,0,31.8656,-90.0125,31.8835,-89.9496,3.89,300,1,1,1,127,0,0,0,0
613505,2016,1,21,"2016-01-21","17:46:00",3,"MS",28,0,0,0,0,9000,0,32.2624,-89.5387,32.2645,-89.503,2.09,75,1,1,1,123,0,0,0,0
613506,2016,1,21,"2016-01-21","17:58:00",3,"LA",22,0,1,0,0,0,0,30.8872,-90.5192,30.8875,-90.5186,0.24,50,1,1,1,105,0,0,0,0
613507,2016,1,21,"2016-01-21","18:49:00",3,"MS",28,0,2,0,0,65000,0,31.3241,-89.6506,31.3425,-89.5432,6.46,530,1,1,1,73,0,0,0,0
613508,2016,1,22,"2016-01-22","01:44:00",3,"FL",12,0,0,0,0,0,0,30.8969,-86.1972,30.9335,-86.1691,3.03,50,1,1,1,131,0,0,0,0
613509,2016,1,22,"2016-01-22","03:49:00",3,"FL",12,0,0,0,0,0,0,30.3563,-85.3032,30.3698,-85.2913,1.17,50,1,1,1,13,0,0,0,0
613510,2016,1,27,"2016-01-27","08:30:00",3,"FL",12,0,1,2,0,850000,0,26.2349,-80.1809,26.2601,-80.1568,2.29,35,1,1,1,11,0,0,0,0
613511,2016,1,28,"2016-01-28","09:32:00",3,"FL",12,0,0,0,0,0,0,26.4568,-80.1025,26.5453,-80.0434,7.12,10,1,1,1,99,0,0,0,0
613495,2016,1,6,"2016-01-06","10:50:00",3,"CA",6,0,0,0,0,0,75000,36.9381,-121.3815,36.9402,-121.3708,0.61,20,1,1,1,69,0,0,0,0
613496,2016,1,8,"2016-01-08","05:30:00",3,"FL",12,0,0,0,0,2000,0,24.7315,-81.0139,24.7324,-81.0128,0.09,20,1,1,1,87,0,0,0,0
613497,2016,1,9,"2016-01-09","17:45:00",3,"FL",12,0,2,3,0,2e+06,0,26.57,-82.037,26.575,-81.983,3.35,182,1,1,1,71,0,0,0,0
613526,2016,2,15,"2016-02-15","10:22:00",3,"LA",22,0,0,0,0,10000,0,30.9533,-91.9219,30.9562,-91.9176,0.32,20,1,1,1,9,0,0,0,0
613527,2016,2,15,"2016-02-15","11:00:00",3,"MS",28,0,0,0,0,3000,0,32.3762,-90.3166,32.3809,-90.3096,0.52,50,1,1,1,49,0,0,0,0
613528,2016,2,15,"2016-02-15","12:10:00",3,"MS",28,0,2,0,0,960000,0,31.696,-90.4023,31.8844,-89.9357,30.34,250,1,1,1,29,127,0,0,0
613529,2016,2,15,"2016-02-15","12:15:00",3,"MS",28,0,1,0,0,8e+05,0,32.8155,-89.6062,32.8278,-89.5773,1.88,300,1,1,1,79,0,0,0,0
613530,2016,2,15,"2016-02-15","12:45:00",3,"MS",28,0,1,0,0,45000,0,33.0346,-89.2791,33.0499,-89.2398,2.51,200,1,1,1,159,0,0,0,0
613531,2016,2,15,"2016-02-15","13:04:00",3,"LA",22,0,0,0,0,0,0,30.1606,-92.8538,30.1679,-92.844,0.78,10,1,1,1,53,0,0,0,0
613532,2016,2,15,"2016-02-15","13:15:00",3,"MS",28,0,1,2,0,0,0,31.0721,-90.1828,31.0912,-90.1014,5,250,1,1,1,147,0,0,0,0
613533,2016,2,15,"2016-02-15","13:24:00",3,"MS",28,0,0,0,0,15000,0,31.9468,-89.6273,31.9621,-89.5964,2.1,100,1,1,1,129,0,0,0,0
613534,2016,2,15,"2016-02-15","13:43:00",3,"MS",28,0,1,0,0,250000,0,31.9934,-89.4087,32.0158,-89.3706,2.72,250,1,1,1,129,0,0,0,0
613535,2016,2,15,"2016-02-15","13:52:00",3,"MS",28,0,1,0,0,608000,0,32.0506,-89.3413,32.1967,-89.1606,14.62,350,1,1,1,129,61,0,0,0
613536,2016,2,15,"2016-02-15","15:32:00",3,"FL",12,0,3,3,0,5750000,0,30.8707,-87.381,31.0401,-87.1863,16.45,300,2,0,1,0,0,0,0,0
613536,2016,2,15,"2016-02-15","15:32:00",3,"FL",12,0,3,3,0,5e+06,0,30.8707,-87.381,30.9968,-87.2281,12.57,300,2,1,2,33,0,0,0,0
613536,2016,2,15,"2016-02-15","15:50:00",3,"AL",1,0,2,0,0,750000,0,30.9968,-87.2281,31.0401,-87.1863,3.88,300,2,1,2,53,0,0,0,0
613537,2016,2,15,"2016-02-15","16:00:00",3,"AL",1,0,0,0,0,0,0,32.2352,-86.0243,32.2636,-85.9989,2.46,75,1,1,1,101,0,0,0,0
613538,2016,2,15,"2016-02-15","16:33:00",3,"AL",1,0,2,0,0,750000,0,31.2724,-86.8483,31.2932,-86.8204,2.19,250,1,1,1,35,0,0,0,0
613539,2016,2,15,"2016-02-15","17:00:00",3,"AL",1,0,1,1,0,1e+05,0,31.4574,-86.6181,31.5136,-86.5786,4.53,50,1,1,1,39,0,0,0,0
613540,2016,2,15,"2016-02-15","18:20:00",3,"AL",1,0,1,0,0,0,0,31.6617,-85.8398,31.6855,-85.7599,4.98,400,1,1,1,109,0,0,0,0
613541,2016,2,15,"2016-02-15","18:57:00",3,"AL",1,0,1,0,0,0,0,32.4,-85.3476,32.4493,-85.2538,6.8,400,1,1,1,113,0,0,0,0
613542,2016,2,15,"2016-02-15","19:00:00",3,"AL",1,0,0,0,0,0,0,32.3952,-85.2546,32.4778,-85.1836,7.09,250,1,1,1,113,81,0,0,0
613543,2016,2,16,"2016-02-16","03:49:00",3,"FL",12,0,1,0,0,0,0,26.8173,-81.1064,26.8276,-81.0802,1.77,75,1,1,1,43,0,0,0,0
613544,2016,2,16,"2016-02-16","04:10:00",3,"FL",12,0,0,0,0,0,0,26.22,-81.18,26.24,-81.12,4,10,1,1,1,21,0,0,0,0
613545,2016,2,16,"2016-02-16","06:05:00",3,"FL",12,0,0,0,0,0,0,26.0747,-80.3628,26.0905,-80.256,6.72,50,1,1,1,11,0,0,0,0
613546,2016,2,16,"2016-02-16","06:10:00",3,"FL",12,0,1,0,0,160000,0,26.242,-80.1349,26.2663,-80.0859,3.47,50,1,1,1,11,0,0,0,0
613547,2016,2,16,"2016-02-16","06:34:00",3,"FL",12,0,0,0,0,0,0,26.11,-80.13,26.0958,-80.1044,1.87,50,1,1,1,11,0,0,0,0
613548,2016,2,16,"2016-02-16","06:51:00",3,"FL",12,0,1,0,0,0,0,25.9553,-80.2159,25.9519,-80.1551,3.78,150,1,1,1,86,0,0,0,0
613549,2016,2,16,"2016-02-16","07:51:00",3,"NC",37,0,1,0,0,1e+05,0,34.8206,-76.4499,34.8807,-76.4358,4.23,167,1,1,1,31,0,0,0,0
613550,2016,2,23,"2016-02-23","05:53:00",3,"TX",48,0,0,0,0,0,0,29.2382,-95.8865,29.2575,-95.8613,2.02,30,1,1,1,481,0,0,0,0
613551,2016,2,23,"2016-02-23","11:11:00",3,"LA",22,0,0,0,0,0,0,29.9757,-90.2727,29.9822,-90.2667,0.58,50,1,1,1,51,0,0,0,0
613552,2016,2,23,"2016-02-23","11:20:00",3,"LA",22,0,0,0,0,0,0,30.1324,-91.1811,30.1751,-91.1557,3.32,50,1,1,1,47,0,0,0,0
613553,2016,2,23,"2016-02-23","12:08:00",3,"LA",22,0,0,0,0,0,0,30.3176,-90.9804,30.3389,-90.9695,1.61,200,1,1,1,5,0,0,0,0
613554,2016,2,23,"2016-02-23","12:42:00",3,"LA",22,0,2,0,0,0,0,30.496,-90.7592,30.5462,-90.7156,4.33,625,1,1,1,63,0,0,0,0
613555,2016,2,23,"2016-02-23","13:14:00",3,"LA",22,0,0,0,0,0,0,30.6935,-90.5878,30.6963,-90.5839,0.3,50,1,1,1,91,0,0,0,0
613556,2016,2,23,"2016-02-23","14:37:00",3,"LA",22,0,1,0,0,40000,0,29.8177,-91.538,29.8455,-91.5082,2.62,50,1,1,1,101,0,0,0,0
613557,2016,2,23,"2016-02-23","15:10:00",3,"LA",22,0,0,0,0,0,0,30.1199,-91.1733,30.1348,-91.1723,1.03,200,1,1,1,47,0,0,0,0
613558,2016,2,23,"2016-02-23","15:21:00",3,"LA",22,0,3,0,0,0,0,29.9903,-91.0794,30.0408,-90.9632,7.78,350,1,1,1,7,0,0,0,0
613559,2016,2,23,"2016-02-23","15:31:00",3,"LA",22,0,2,75,2,0,0,30.0408,-90.9632,30.125,-90.7697,12.95,350,1,1,1,93,0,0,0,0
613560,2016,2,23,"2016-02-23","15:45:00",3,"MS",28,0,1,0,0,40000,0,31.3955,-90.5334,31.4018,-90.531,0.46,75,1,1,1,85,0,0,0,0
613561,2016,2,23,"2016-02-23","15:49:00",3,"MS",28,0,1,0,0,0,0,30.686,-89.7812,30.7604,-89.6463,9.52,150,1,1,1,109,0,0,0,0
613562,2016,2,23,"2016-02-23","15:50:00",3,"MS",28,0,1,0,0,25000,0,30.9619,-89.7115,31.0359,-89.7021,5.15,200,1,1,1,109,91,0,0,0
613563,2016,2,23,"2016-02-23","16:07:00",3,"MS",28,0,0,0,0,5000,0,31.0586,-89.6481,31.0586,-89.6481,0.1,25,1,1,1,73,0,0,0,0
613564,2016,2,23,"2016-02-23","16:15:00",3,"LA",22,0,1,0,0,0,0,30.2195,-90.4354,30.2266,-90.3833,3.15,250,1,1,1,95,0,0,0,0
613565,2016,2,23,"2016-02-23","16:15:00",3,"MS",28,0,2,0,1,105000,0,31.1157,-89.5159,31.1822,-89.4608,5.63,100,1,1,1,73,0,0,0,0
613566,2016,2,23,"2016-02-23","16:22:00",3,"AL",1,0,0,0,0,0,0,33.3941,-87.9672,33.4627,-87.98,4.8,150,1,1,1,107,0,0,0,0
613567,2016,2,23,"2016-02-23","16:29:00",3,"MS",28,0,1,0,0,10000,0,31.2265,-89.423,31.244,-89.4104,1.42,75,1,1,1,73,0,0,0,0
613568,2016,2,23,"2016-02-23","16:32:00",3,"LA",22,0,2,17,0,0,0,30.0732,-90.5067,30.0982,-90.4337,4.69,250,1,1,1,95,0,0,0,0
613569,2016,2,23,"2016-02-23","16:41:00",3,"LA",22,0,0,0,0,0,0,30.3779,-90.1613,30.3831,-90.1594,0.38,25,1,1,1,103,0,0,0,0
613570,2016,2,23,"2016-02-23","16:42:00",3,"MS",28,0,0,0,0,25000,0,32.8184,-90.2652,32.8283,-90.2492,1.15,100,1,1,1,163,0,0,0,0
613571,2016,2,23,"2016-02-23","16:46:00",3,"MS",28,0,0,0,0,13000,0,31.7717,-90.0531,31.7773,-90.0448,0.62,40,1,1,1,127,0,0,0,0
613572,2016,2,23,"2016-02-23","17:13:00",3,"LA",22,0,0,0,0,0,0,30.32,-89.9692,30.3264,-89.9451,1.5,75,1,1,1,103,0,0,0,0
613573,2016,2,23,"2016-02-23","17:25:00",3,"MS",28,0,1,0,0,1e+05,0,31.2627,-88.7064,31.2797,-88.6902,1.51,75,1,1,1,41,0,0,0,0
613574,2016,2,23,"2016-02-23","17:32:00",3,"MS",28,0,1,0,0,25000,0,31.3112,-88.6494,31.3116,-88.6491,0.03,75,1,1,1,41,0,0,0,0
613575,2016,2,23,"2016-02-23","17:45:00",3,"MS",28,0,1,0,0,2e+05,0,31.4313,-88.5348,31.4426,-88.5111,1.6,150,1,1,1,41,153,0,0,0
613576,2016,2,23,"2016-02-23","18:01:00",3,"AL",1,0,1,0,0,0,0,34.2265,-87.9189,34.258,-87.9267,2.22,300,1,1,1,93,0,0,0,0
613577,2016,2,23,"2016-02-23","18:01:00",3,"MS",28,0,0,0,0,15000,0,30.9574,-89.3334,30.9989,-89.2884,3.92,75,1,1,1,35,0,0,0,0
613578,2016,2,23,"2016-02-23","20:10:00",3,"FL",12,0,3,3,0,2.2e+07,0,30.4907,-87.2052,30.5171,-87.1655,2.99,300,1,1,1,33,0,0,0,0
613579,2016,2,23,"2016-02-23","20:17:00",3,"FL",12,0,1,0,0,75000,0,30.5333,-87.1318,30.5563,-87.0956,2.68,100,1,1,1,113,0,0,0,0
613580,2016,2,23,"2016-02-23","22:15:00",3,"AL",1,0,0,0,0,50000,0,31.195,-85.6067,31.2028,-85.5609,2.76,200,1,1,1,69,0,0,0,0
613581,2016,2,23,"2016-02-23","22:24:00",3,"AL",1,0,1,0,0,0,0,31.2479,-85.5317,31.2711,-85.4551,4.83,200,1,1,1,69,45,69,0,0
613582,2016,2,23,"2016-02-23","22:31:00",3,"AL",1,0,1,0,0,50000,0,31.2642,-85.4491,31.2735,-85.4238,1.63,350,1,1,1,69,0,0,0,0
613583,2016,2,23,"2016-02-23","22:34:00",3,"AL",1,0,1,0,0,75000,0,31.2651,-85.4106,31.3085,-85.3752,3.66,900,1,1,1,69,0,0,0,0
613584,2016,2,23,"2016-02-23","22:38:00",3,"AL",1,0,1,0,0,50000,0,31.3531,-85.3769,31.3644,-85.3639,1.09,300,1,1,1,67,0,0,0,0
613585,2016,2,23,"2016-02-23","22:54:00",3,"AL",1,0,0,0,0,0,0,31.436,-85.2071,31.4386,-85.2011,0.4,100,1,1,1,67,0,0,0,0
613586,2016,2,23,"2016-02-23","23:02:00",3,"AL",1,0,1,0,0,0,0,31.497,-85.157,31.5007,-85.1497,0.5,150,1,1,1,67,0,0,0,0
613587,2016,2,23,"2016-02-23","23:07:00",3,"GA",13,0,1,0,0,0,0,31.4151,-84.9804,31.4383,-84.9539,2.24,350,1,1,1,99,0,0,0,0
613588,2016,2,23,"2016-02-23","23:55:00",3,"GA",13,0,1,0,0,0,0,31.6405,-84.42,31.7026,-84.3734,5.09,200,1,1,1,273,0,0,0,0
613589,2016,2,24,"2016-02-24","00:26:00",3,"GA",13,0,1,0,0,50000,0,31.8496,-84.0279,31.8519,-84.0257,0.2,75,1,1,1,177,0,0,0,0
613590,2016,2,24,"2016-02-24","01:45:00",3,"GA",13,0,1,0,0,20000,0,30.8601,-84.3365,30.9679,-84.1607,12.81,400,1,1,1,131,0,0,0,0
613591,2016,2,24,"2016-02-24","04:04:00",3,"AL",1,0,0,0,0,0,0,33.1593,-86.6673,33.1675,-86.6507,1.11,80,1,1,1,117,0,0,0,0
613592,2016,2,24,"2016-02-24","11:27:00",3,"FL",12,0,1,0,0,0,0,27.54,-82.2,27.54,-82.06,8.58,50,1,1,1,81,0,0,0,0
613593,2016,2,24,"2016-02-24","11:45:00",3,"VA",51,0,1,0,0,205000,140000,36.5985,-80.5038,36.616,-80.491,1.4,800,1,1,1,141,0,0,0,0
613594,2016,2,24,"2016-02-24","11:45:00",3,"FL",12,0,0,0,0,0,0,27.65,-82.06,27.654,-82.0456,0.92,30,1,1,1,57,0,0,0,0
613595,2016,2,24,"2016-02-24","11:57:00",3,"NC",37,0,0,0,0,5000,0,34.998,-78.089,35.0056,-78.0864,0.54,150,1,1,1,61,0,0,0,0
613596,2016,2,24,"2016-02-24","12:10:00",3,"NC",37,0,0,0,0,50000,0,35.2169,-77.9213,35.2273,-77.9086,1.01,75,1,1,1,191,0,0,0,0
613597,2016,2,24,"2016-02-24","12:13:00",3,"NC",37,0,1,0,0,1e+05,0,35.16,-77.974,35.1621,-77.9726,0.17,100,1,1,1,61,0,0,0,0
613598,2016,2,24,"2016-02-24","12:15:00",3,"FL",12,0,0,0,0,50000,0,27.0071,-82.1425,27.01,-82.1409,0.22,50,1,1,1,15,0,0,0,0
613599,2016,2,24,"2016-02-24","12:22:00",3,"FL",12,0,1,1,0,1600000,0,26.9991,-82.0391,27.0313,-82.0136,2.72,100,1,1,1,15,0,0,0,0
613600,2016,2,24,"2016-02-24","13:31:00",3,"VA",51,0,1,8,3,2615000,0,36.9922,-77.1234,37.1094,-77.0583,8.86,300,1,1,1,183,181,0,0,0
613601,2016,2,24,"2016-02-24","13:54:00",3,"NC",37,0,0,0,0,25000,0,36.1953,-76.7638,36.2012,-76.7591,0.48,50,1,1,1,15,0,0,0,0
613602,2016,2,24,"2016-02-24","14:16:00",3,"SC",45,0,0,0,0,0,0,34.5585,-80.0328,34.6501,-79.9231,8.89,70,1,1,1,25,0,0,0,0
613603,2016,2,24,"2016-02-24","14:27:00",3,"VA",51,0,0,0,0,10000,0,37.2283,-78.8641,37.2318,-78.8576,0.43,125,1,1,1,31,0,0,0,0
613604,2016,2,24,"2016-02-24","14:28:00",3,"VA",51,0,3,7,1,11200000,0,37.2318,-78.8576,37.403,-78.648,16.89,400,1,1,1,11,0,0,0,0
613605,2016,2,24,"2016-02-24","15:00:00",3,"NC",37,0,1,0,0,1e+05,0,36.0594,-78.945,36.0629,-78.9386,0.43,30,1,1,1,63,0,0,0,0
613606,2016,2,24,"2016-02-24","15:10:00",3,"VA",51,0,0,0,0,325000,155000,37.7597,-78.2912,37.8074,-78.2372,4.42,350,1,1,1,65,0,0,0,0
613607,2016,2,24,"2016-02-24","15:32:00",3,"NC",37,0,2,0,0,6e+05,0,36.3496,-78.5443,36.395,-78.4727,5.07,125,1,1,1,77,181,0,0,0
613608,2016,2,24,"2016-02-24","15:48:00",3,"VA",51,0,1,0,0,260000,50000,36.6047,-78.2435,36.5518,-78.3049,5,150,1,1,1,117,0,0,0,0
613609,2016,2,24,"2016-02-24","17:34:00",3,"VA",51,0,3,25,0,9205000,833000,37.8001,-76.9989,38.1578,-76.6875,30.34,500,1,1,1,97,57,159,193,0
613610,2016,2,24,"2016-02-24","18:12:00",3,"MD",24,0,0,0,0,0,0,38.2259,-76.6354,38.2395,-76.625,6.55,75,1,1,1,37,0,0,0,0
613611,2016,2,24,"2016-02-24","18:20:00",3,"PA",42,0,1,0,0,25000,0,41.7153,-76.2871,41.7302,-76.2797,1.09,100,1,1,1,15,0,0,0,0
613612,2016,2,24,"2016-02-24","18:38:00",3,"PA",42,0,2,0,0,8e+06,0,40.01,-76.0297,40.0676,-75.9766,4.87,400,1,1,1,71,0,0,0,0
613613,2016,2,24,"2016-02-24","19:25:00",3,"VA",51,0,1,0,0,387000,0,37.7488,-76.6854,37.8111,-76.6072,6.06,150,1,1,1,119,103,0,0,0
613614,2016,2,24,"2016-02-24","19:35:00",3,"VA",51,0,1,0,0,275000,402000,37.6485,-76.6492,37.6865,-76.5938,4.01,150,1,1,1,119,0,0,0,0
613512,2016,2,2,"2016-02-02","14:48:00",3,"MS",28,0,1,0,0,120000,0,32.2441,-89.157,32.3041,-89.0577,7.13,150,1,1,1,101,0,0,0,0
613513,2016,2,2,"2016-02-02","15:19:00",3,"MS",28,0,2,0,0,1485000,0,32.4685,-88.8749,32.7072,-88.6457,21.23,880,1,1,1,75,69,0,0,0
613514,2016,2,2,"2016-02-02","15:53:00",3,"MS",28,0,2,0,0,270000,0,32.7303,-88.5776,32.9446,-88.3861,18.52,300,1,1,1,69,103,0,0,0
613515,2016,2,2,"2016-02-02","16:34:00",3,"AL",1,0,2,1,0,0,0,33.0273,-88.3177,33.3401,-88.0636,26.2,1200,1,1,1,107,0,0,0,0
613516,2016,2,2,"2016-02-02","16:55:00",3,"TN",47,0,1,1,0,150000,0,35.7673,-89.1677,35.801,-89.1456,2.64,100,1,1,1,33,0,0,0,0
613517,2016,2,2,"2016-02-02","17:27:00",3,"MS",28,0,1,0,0,170000,0,32.98,-88.57,33.0594,-88.507,6.59,150,1,1,1,103,0,0,0,0
613518,2016,2,2,"2016-02-02","17:36:00",3,"AL",1,0,1,0,0,0,0,33.5399,-87.9153,33.6239,-87.8815,6.12,500,1,1,1,57,0,0,0,0
613519,2016,2,2,"2016-02-02","18:39:00",3,"MS",28,0,1,0,0,22000,0,32.6071,-89.1547,32.6168,-89.1524,0.68,50,1,1,1,99,0,0,0,0
613520,2016,2,2,"2016-02-02","20:10:00",3,"AL",1,0,1,0,0,0,0,33.8779,-88.021,33.93,-87.9856,4.13,400,1,1,1,75,0,0,0,0
613521,2016,2,2,"2016-02-02","23:02:00",3,"AL",1,0,0,0,0,0,0,33.3956,-88.1635,33.4336,-88.107,4.18,1400,1,1,1,107,0,0,0,0
613522,2016,2,3,"2016-02-03","12:02:00",3,"NC",37,0,0,0,0,25000,0,35.7989,-80.3185,35.8031,-80.3009,1.03,50,1,1,1,57,0,0,0,0
613523,2016,2,3,"2016-02-03","12:14:00",3,"NC",37,0,1,0,0,1e+05,0,35.8451,-80.1522,35.8583,-80.1273,1.67,100,1,1,1,57,0,0,0,0
613524,2016,2,3,"2016-02-03","13:28:00",3,"SC",45,0,0,0,0,50000,0,33.9033,-81.0696,33.9114,-81.0625,0.69,75,1,1,1,63,0,0,0,0
613525,2016,2,3,"2016-02-03","16:00:00",3,"GA",13,0,0,0,0,5080000,0,31.8717,-81.6247,31.9248,-81.563,5.7,300,1,1,1,179,0,0,0,0
613631,2016,3,10,"2016-03-10","16:04:00",3,"MS",28,0,0,0,0,20000,0,32.028,-89.5409,32.0368,-89.5228,1.22,80,1,1,1,129,0,0,0,0
613632,2016,3,12,"2016-03-12","21:22:00",3,"KY",21,0,0,0,0,30000,0,36.551,-88.3257,36.5544,-88.3219,0.32,50,1,1,1,35,0,0,0,0
613633,2016,3,13,"2016-03-13","14:56:00",3,"AR",5,0,1,0,0,150000,0,34.8529,-94.2451,34.9041,-94.1877,4.81,850,1,1,1,127,0,0,0,0
613634,2016,3,13,"2016-03-13","15:48:00",3,"AR",5,0,1,0,0,2e+05,0,34.567,-93.438,34.5913,-93.4339,1.7,180,1,1,1,97,0,0,0,0
613635,2016,3,13,"2016-03-13","17:15:00",3,"AR",5,0,0,0,0,10000,0,34.9355,-92.6487,34.9389,-92.6418,1.71,50,1,1,1,119,105,0,0,0
613636,2016,3,13,"2016-03-13","17:32:00",3,"AR",5,0,0,0,0,8000,0,34.145,-91.7451,34.1521,-91.7405,0.56,50,1,1,1,69,0,0,0,0
613637,2016,3,13,"2016-03-13","18:00:00",3,"AR",5,0,0,0,0,0,0,34.2329,-91.4714,34.245,-91.4543,1.29,50,1,1,1,1,0,0,0,0
613638,2016,3,13,"2016-03-13","18:32:00",3,"AR",5,0,0,0,0,8000,0,34.4136,-91.2137,34.4293,-91.204,1.22,50,1,1,1,1,0,0,0,0
613639,2016,3,13,"2016-03-13","18:54:00",3,"AR",5,0,0,0,0,25000,0,34.5391,-90.9558,34.5584,-90.911,2.88,100,1,1,1,107,0,0,0,0
613640,2016,3,13,"2016-03-13","19:16:00",3,"AR",5,0,0,0,0,35000,0,34.6178,-90.8282,34.6337,-90.7644,3.79,125,1,1,1,107,0,0,0,0
613641,2016,3,13,"2016-03-13","20:10:00",3,"AR",5,0,1,0,0,25000,0,35.3298,-90.5826,35.3439,-90.5524,1.96,125,1,1,1,37,0,0,0,0
613642,2016,3,13,"2016-03-13","20:15:00",3,"AR",5,0,1,1,0,2505000,0,33.5082,-91.4509,33.5702,-91.3113,8.96,300,1,1,1,17,41,0,0,0
613643,2016,3,13,"2016-03-13","21:13:00",3,"MS",28,0,0,0,0,40000,0,33.7469,-90.7459,33.7513,-90.7387,0.51,50,1,1,1,11,0,0,0,0
613644,2016,3,14,"2016-03-14","11:38:00",3,"OH",39,0,1,0,0,60000,0,39.694,-84.5835,39.7105,-84.582,1.14,75,1,1,1,135,0,0,0,0
613645,2016,3,14,"2016-03-14","12:16:00",3,"OH",39,0,1,0,0,250000,0,39.882,-84.4272,39.9249,-84.4221,2.98,40,1,1,1,113,0,0,0,0
613646,2016,3,14,"2016-03-14","12:26:00",3,"OH",39,0,0,0,0,20000,0,39.9773,-84.4653,39.9882,-84.4646,0.75,100,1,1,1,37,0,0,0,0
613647,2016,3,14,"2016-03-14","12:26:00",3,"OH",39,0,1,0,0,75000,0,39.9615,-84.5441,39.9939,-84.5397,2.25,150,1,1,1,37,0,0,0,0
613648,2016,3,14,"2016-03-14","12:30:00",3,"OH",39,0,0,0,0,75000,0,39.9782,-84.4268,39.9881,-84.427,0.68,60,1,1,1,109,0,0,0,0
613649,2016,3,15,"2016-03-15","17:26:00",3,"IL",17,0,2,0,0,2e+05,0,40.5621,-90.6736,40.6299,-90.5446,8.23,400,1,1,1,109,0,0,0,0
613650,2016,3,15,"2016-03-15","17:42:00",3,"IL",17,0,1,0,0,215000,0,40.6299,-90.5446,40.699,-90.4165,8.27,400,1,1,1,187,57,0,0,0
613651,2016,3,15,"2016-03-15","18:25:00",3,"IL",17,0,2,10,0,750000,0,41.5342,-90.3616,41.5918,-90.3277,4.78,200,1,1,1,161,0,0,0,0
613652,2016,3,15,"2016-03-15","18:33:00",3,"IA",19,0,0,0,0,0,0,41.7593,-90.4359,41.7592,-90.4351,0.03,50,1,1,1,163,0,0,0,0
613653,2016,3,15,"2016-03-15","18:34:00",3,"IA",19,0,0,0,0,0,0,41.7592,-90.4356,41.7579,-90.413,1.17,50,1,1,1,45,0,0,0,0
613654,2016,3,15,"2016-03-15","18:42:00",3,"IL",17,0,2,0,0,1e+06,0,40.7135,-89.9146,40.7594,-89.7838,7.55,440,1,1,1,143,0,0,0,0
613655,2016,3,15,"2016-03-15","18:44:00",3,"IL",17,0,1,0,0,280000,0,39.7404,-89.8153,39.7738,-89.7627,3.62,75,1,1,1,167,0,0,0,0
613656,2016,3,15,"2016-03-15","18:49:00",3,"IA",19,0,1,3,0,50000,0,41.8052,-90.3175,41.8194,-90.2995,1.35,75,1,1,1,45,0,0,0,0
613657,2016,3,15,"2016-03-15","18:57:00",3,"IA",19,0,1,0,0,0,0,41.9164,-90.2883,41.9556,-90.2488,3.38,300,1,1,1,45,0,0,0,0
613658,2016,3,15,"2016-03-15","19:05:00",3,"IL",17,0,0,0,0,260000,0,40.7304,-89.6491,40.7602,-89.5908,3.68,200,1,1,1,143,0,0,0,0
613659,2016,3,15,"2016-03-15","19:33:00",3,"IL",17,0,0,0,0,0,0,41.6636,-89.6925,41.687,-89.6788,1.76,50,1,1,1,195,0,0,0,0
613660,2016,3,19,"2016-03-19","12:45:00",3,"FL",12,0,0,0,0,0,0,26.1145,-80.1047,26.1168,-80.1039,0.17,50,1,1,1,11,0,0,0,0
613661,2016,3,23,"2016-03-23","20:08:00",3,"TX",48,0,0,0,0,90000,0,32.9404,-97.3815,32.9428,-97.3711,0.63,40,1,1,1,439,0,0,0,0
613662,2016,3,23,"2016-03-23","20:51:00",3,"OK",40,0,2,4,0,375000,0,35.6916,-94.5042,35.8293,-94.4104,11.1,800,2,0,1,0,0,0,0,0
613662,2016,3,23,"2016-03-23","20:51:00",3,"OK",40,0,1,0,0,0,0,35.6916,-94.5042,35.7109,-94.4851,1.8,480,2,1,2,1,0,0,0,0
613662,2016,3,23,"2016-03-23","20:54:00",3,"AR",5,0,2,4,0,375000,0,35.7109,-94.4851,35.8293,-94.4104,9.3,800,2,1,2,33,143,0,0,0
613663,2016,3,23,"2016-03-23","22:08:00",3,"MO",29,0,1,0,0,0,0,36.6784,-93.578,36.6852,-93.5695,3.83,200,1,1,1,9,209,0,0,0
613664,2016,3,24,"2016-03-24","12:26:00",3,"IN",18,0,0,0,0,75000,0,41.3747,-86.8731,41.3748,-86.8714,0.09,50,1,1,1,91,0,0,0,0
613665,2016,3,24,"2016-03-24","12:30:00",3,"IN",18,0,0,0,0,0,0,41.4392,-86.7301,41.4442,-86.7133,0.94,100,1,1,1,91,0,0,0,0
613666,2016,3,24,"2016-03-24","12:35:00",3,"IN",18,0,0,0,0,0,0,41.436,-86.679,41.4333,-86.6698,0.51,50,1,1,1,91,0,0,0,0
613667,2016,3,24,"2016-03-24","12:45:00",3,"LA",22,0,1,0,0,7000,0,30.1915,-93.186,30.1912,-93.1837,0.14,10,1,1,1,19,0,0,0,0
613668,2016,3,24,"2016-03-24","13:14:00",3,"MI",26,0,0,0,0,1e+05,0,41.7925,-86.1027,41.8,-86.0787,1.34,150,1,1,1,27,0,0,0,0
613669,2016,3,24,"2016-03-24","13:30:00",3,"AL",1,0,0,0,0,8000,0,31.529,-86.7244,31.5313,-86.7185,0.38,50,1,1,1,13,0,0,0,0
613670,2016,3,27,"2016-03-27","16:24:00",3,"TN",47,0,1,0,0,25000,0,35.9651,-88.1419,35.9752,-88.1082,2.01,100,1,1,1,5,0,0,0,0
613671,2016,3,27,"2016-03-27","18:00:00",3,"KY",21,0,2,0,0,1e+06,0,36.9801,-87.6681,37.05,-87.402,15.46,200,1,1,1,47,0,0,0,0
613672,2016,3,27,"2016-03-27","18:11:00",3,"KY",21,0,0,0,0,6000,0,37.05,-87.5779,37.05,-87.5163,3.4,100,1,1,1,47,0,0,0,0
613673,2016,3,27,"2016-03-27","18:35:00",3,"KY",21,0,0,0,0,4000,0,37.1179,-87.3237,37.1488,-87.2442,4.87,75,1,1,1,47,177,0,0,0
613674,2016,3,30,"2016-03-30","15:48:00",3,"KS",20,0,0,0,0,0,0,37.1357,-96.5858,37.1329,-96.5774,0.5,50,1,1,1,35,0,0,0,0
613675,2016,3,30,"2016-03-30","18:13:00",3,"OK",40,0,2,7,0,2825000,0,36.2151,-96.0151,36.2765,-95.6677,20,800,1,1,1,113,143,131,0,0
613676,2016,3,30,"2016-03-30","18:48:00",3,"OK",40,0,1,0,0,75000,0,36.7291,-95.5523,36.7408,-95.5062,2.7,120,1,1,1,105,0,0,0,0
613677,2016,3,30,"2016-03-30","19:00:00",3,"OK",40,0,2,0,0,1e+06,0,36.284,-95.6384,36.3134,-95.5328,6.4,550,1,1,1,131,0,0,0,0
613678,2016,3,30,"2016-03-30","19:18:00",3,"OK",40,0,0,0,0,0,0,36.8151,-95.3178,36.8317,-95.2751,2.5,100,1,1,1,35,0,0,0,0
613679,2016,3,30,"2016-03-30","22:11:00",3,"AR",5,0,1,0,0,150000,0,33.4497,-91.4455,33.4702,-91.4411,1.44,100,1,1,1,17,0,0,0,0
613680,2016,3,30,"2016-03-30","22:15:00",3,"AR",5,0,1,1,0,110000,0,33.5182,-91.4503,33.5345,-91.3907,3.61,150,1,1,1,17,0,0,0,0
613681,2016,3,31,"2016-03-31","04:55:00",3,"LA",22,0,1,0,0,0,0,30.7979,-90.6077,30.7996,-90.6055,0.18,50,1,1,1,91,0,0,0,0
613682,2016,3,31,"2016-03-31","05:05:00",3,"LA",22,0,1,0,0,0,0,30.8168,-90.5397,30.8728,-90.4978,4.6,250,1,1,1,105,0,0,0,0
613683,2016,3,31,"2016-03-31","06:53:00",3,"MS",28,0,1,0,0,70000,0,31.1384,-89.4195,31.1423,-89.3955,1.44,50,1,1,1,73,0,0,0,0
613684,2016,3,31,"2016-03-31","13:02:00",3,"KY",21,0,1,0,0,1e+05,0,37.6511,-87.1286,37.6452,-87.0749,2.97,250,1,1,1,59,0,0,0,0
613685,2016,3,31,"2016-03-31","14:40:00",3,"IN",18,0,1,0,0,50000,0,40.3684,-86.836,40.3687,-86.8333,0.14,30,1,1,1,157,0,0,0,0
613686,2016,3,31,"2016-03-31","15:28:00",3,"TN",47,0,1,0,0,25000,0,35.0756,-88.2889,35.0793,-88.2629,1.46,75,1,1,1,71,0,0,0,0
613687,2016,3,31,"2016-03-31","15:31:00",3,"TN",47,0,0,0,0,20000,0,35.5523,-87.7379,35.5315,-87.6813,3.49,350,1,1,1,135,101,0,0,0
613688,2016,3,31,"2016-03-31","15:45:00",3,"TN",47,0,0,0,0,5000,0,35.5957,-87.6105,35.5891,-87.6008,0.71,50,1,1,1,101,0,0,0,0
613689,2016,3,31,"2016-03-31","15:49:00",3,"IN",18,0,1,0,0,0,0,41.4102,-85.3924,41.413,-85.3833,0.51,30,1,1,1,113,0,0,0,0
613690,2016,3,31,"2016-03-31","15:56:00",3,"IN",18,0,1,0,0,0,0,40.8085,-85.8807,40.813,-85.8678,0.74,60,1,1,1,169,0,0,0,0
613691,2016,3,31,"2016-03-31","15:56:00",3,"IN",18,0,0,0,0,0,0,40.7463,-86.9763,40.7691,-86.925,3.11,120,1,1,1,181,0,0,0,0
613692,2016,3,31,"2016-03-31","17:18:00",3,"MS",28,0,1,0,0,225000,0,33.42,-88.37,33.4843,-88.2628,7.78,600,2,0,1,0,0,0,0,0
613692,2016,3,31,"2016-03-31","17:18:00",3,"MS",28,0,1,0,0,225000,0,33.42,-88.37,33.4601,-88.2836,5.7,600,2,1,2,87,0,0,0,0
613692,2016,3,31,"2016-03-31","17:32:00",3,"AL",1,0,1,0,0,0,0,33.4601,-88.2836,33.4843,-88.2628,2.08,500,2,1,2,107,0,0,0,0
613693,2016,3,31,"2016-03-31","17:38:00",3,"GA",13,0,0,0,0,2000,0,31.07,-84.27,31.0721,-84.2657,0.29,50,1,1,1,131,0,0,0,0
613694,2016,3,31,"2016-03-31","17:43:00",3,"AL",1,0,1,0,0,0,0,33.4674,-88.1877,33.4775,-88.1395,2.88,350,1,1,1,107,0,0,0,0
613695,2016,3,31,"2016-03-31","18:03:00",3,"AL",1,0,1,0,0,0,0,33.7762,-87.8708,33.8233,-87.8403,3.72,650,1,1,1,57,0,0,0,0
613696,2016,3,31,"2016-03-31","18:27:00",3,"AL",1,0,1,0,0,0,0,33.8558,-87.7001,33.8924,-87.6545,3.7,500,1,1,1,57,0,0,0,0
613697,2016,3,31,"2016-03-31","19:05:00",3,"AL",1,0,0,0,0,0,0,33.651,-87.5288,33.6644,-87.5004,1.88,400,1,1,1,57,0,0,0,0
613698,2016,3,31,"2016-03-31","20:42:00",3,"AL",1,0,1,0,0,0,0,33.8767,-86.6247,33.8801,-86.621,0.32,275,1,1,1,9,0,0,0,0
613699,2016,3,31,"2016-03-31","20:54:00",3,"AL",1,0,2,0,0,0,0,34.4679,-86.9299,34.5557,-86.8018,9.55,200,1,1,1,103,83,0,0,0
613700,2016,3,31,"2016-03-31","23:19:00",3,"AL",1,0,0,0,0,0,0,32.5338,-85.3794,32.5444,-85.3416,2.09,50,1,1,1,81,0,0,0,0
613615,2016,3,1,"2016-03-01","17:43:00",3,"AL",1,0,2,4,0,0,0,33.326,-86.9965,33.3182,-86.9015,5.59,465,1,1,1,73,0,0,0,0
613616,2016,3,1,"2016-03-01","18:42:00",3,"AL",1,0,0,0,0,0,0,33.1181,-86.2246,33.1212,-86.1739,2.99,80,1,1,1,121,0,0,0,0
613617,2016,3,1,"2016-03-01","20:27:00",3,"AL",1,0,0,0,0,0,0,32.6832,-85.4056,32.6769,-85.3542,3.08,100,1,1,1,81,0,0,0,0
613618,2016,3,3,"2016-03-03","18:36:00",3,"AL",1,0,1,0,0,15000,0,31.0333,-86.7249,31.0337,-86.7226,0.14,25,1,1,1,53,0,0,0,0
613619,2016,3,7,"2016-03-07","18:08:00",3,"TX",48,0,1,0,0,1e+05,0,32.79,-97.98,32.82,-97.97,2.15,300,1,1,1,367,0,0,0,0
613620,2016,3,8,"2016-03-08","06:30:00",3,"TX",48,0,0,0,0,130000,0,32.0833,-98.3435,32.0859,-98.3396,0.29,100,1,1,1,143,0,0,0,0
613621,2016,3,8,"2016-03-08","06:55:00",3,"TX",48,0,1,0,0,5e+05,0,32.2055,-98.2172,32.2368,-98.2108,2.19,100,1,1,1,143,0,0,0,0
613622,2016,3,8,"2016-03-08","07:21:00",3,"TX",48,0,0,0,0,50000,0,32.4014,-97.8896,32.4018,-97.8833,0.37,160,1,1,1,221,0,0,0,0
613623,2016,3,8,"2016-03-08","07:36:00",3,"TX",48,0,0,0,0,4000,0,32.4571,-97.7586,32.4571,-97.7586,0.01,40,1,1,1,221,0,0,0,0
613624,2016,3,8,"2016-03-08","08:03:00",3,"TX",48,0,0,0,0,330000,0,32.6547,-97.4828,32.6542,-97.4504,1.89,70,1,1,1,439,0,0,0,0
613625,2016,3,8,"2016-03-08","08:17:00",3,"TX",48,0,0,0,0,60000,0,31.1672,-98.175,31.1697,-98.173,0.21,100,1,1,1,281,0,0,0,0
613626,2016,3,8,"2016-03-08","08:53:00",3,"TX",48,0,1,0,0,90000,0,33.0965,-96.8695,33.0985,-96.8687,0.15,40,1,1,1,121,0,0,0,0
613627,2016,3,8,"2016-03-08","09:17:00",3,"TX",48,0,0,0,0,0,0,30.7522,-97.8314,30.7737,-97.8284,1.5,50,1,1,1,491,0,0,0,0
613628,2016,3,8,"2016-03-08","12:23:00",3,"TX",48,0,1,0,0,70000,0,32.0112,-96.1692,32.0378,-96.1602,1.91,150,1,1,1,349,0,0,0,0
613629,2016,3,8,"2016-03-08","12:37:00",3,"TX",48,0,0,0,0,2e+05,0,32.1285,-96.0874,32.1687,-96.0101,5.3,80,1,1,1,213,0,0,0,0
613630,2016,3,8,"2016-03-08","19:10:00",3,"TX",48,0,1,0,0,0,0,30.93,-99.2,30.9425,-99.1774,1.7,185,1,1,1,319,307,0,0,0
613722,2016,4,11,"2016-04-11","12:26:00",3,"AR",5,0,0,0,0,25000,0,33.25,-93.0941,33.243,-93.0754,1.18,25,1,1,1,27,0,0,0,0
613723,2016,4,15,"2016-04-15","14:08:00",3,"CO",8,0,-9,0,0,0,0,38.3743,-102.8185,38.4299,-102.8225,3.85,150,1,1,1,61,0,0,0,0
613724,2016,4,15,"2016-04-15","14:26:00",3,"CO",8,0,-9,0,0,0,0,38.4046,-102.8083,38.4118,-102.8082,0.5,100,1,1,1,61,0,0,0,0
613725,2016,4,15,"2016-04-15","15:05:00",3,"CO",8,0,-9,0,0,0,0,38.4773,-102.7234,38.4944,-102.7191,1.2,100,1,1,1,61,0,0,0,0
613726,2016,4,15,"2016-04-15","18:10:00",3,"CO",8,0,-9,0,0,0,0,38.1773,-102.7907,38.1852,-102.7865,0.59,100,1,1,1,11,0,0,0,0
613727,2016,4,15,"2016-04-15","18:50:00",3,"OK",40,0,0,0,0,0,0,36.74,-101.988,36.7424,-101.9864,1.07,50,1,1,1,139,0,0,0,0
613728,2016,4,15,"2016-04-15","18:56:00",3,"OK",40,0,1,0,0,0,0,36.7467,-101.9433,36.7595,-101.9323,1.07,60,1,1,1,139,0,0,0,0
613729,2016,4,15,"2016-04-15","19:02:00",3,"OK",40,0,0,0,0,0,0,36.7962,-101.9512,36.8053,-101.9393,0.91,50,1,1,1,139,0,0,0,0
613730,2016,4,15,"2016-04-15","19:16:00",3,"OK",40,0,0,0,0,0,0,36.8669,-101.8654,36.8802,-101.8585,1,50,1,1,1,139,0,0,0,0
613731,2016,4,15,"2016-04-15","19:19:00",3,"OK",40,0,0,0,0,0,0,36.88,-101.86,36.8896,-101.8525,0.78,25,1,1,1,139,0,0,0,0
613732,2016,4,15,"2016-04-15","19:30:00",3,"KS",20,0,1,0,0,80000,0,37.0174,-101.8363,37.037,-101.8157,1.8,125,1,1,1,129,0,0,0,0
613733,2016,4,15,"2016-04-15","19:52:00",3,"KS",20,0,0,0,0,0,0,37.1758,-101.7153,37.2178,-101.6803,3.5,400,1,1,1,129,0,0,0,0
613734,2016,4,15,"2016-04-15","20:50:00",3,"TX",48,0,0,0,0,0,0,35.5621,-102.625,35.5728,-102.6192,0.8,50,1,1,1,359,0,0,0,0
613735,2016,4,16,"2016-04-16","15:55:00",3,"TX",48,0,0,0,0,0,0,33.2781,-100.7754,33.2796,-100.7745,0.11,40,1,1,1,263,0,0,0,0
613736,2016,4,16,"2016-04-16","15:58:00",3,"TX",48,0,0,0,0,0,0,32.42,-100.7714,32.4267,-100.7579,0.92,250,1,1,1,335,0,0,0,0
613737,2016,4,16,"2016-04-16","16:50:00",3,"TX",48,0,0,0,0,0,0,33.58,-100.62,33.5889,-100.6135,0.75,150,1,1,1,125,0,0,0,0
613738,2016,4,16,"2016-04-16","17:05:00",3,"TX",48,0,0,0,0,0,0,33.66,-100.54,33.6612,-100.539,0.01,50,1,1,1,125,0,0,0,0
613739,2016,4,16,"2016-04-16","17:24:00",3,"TX",48,0,0,0,0,0,0,32.6256,-100.4174,32.6426,-100.4111,1.23,50,1,1,1,151,0,0,0,0
613740,2016,4,16,"2016-04-16","18:50:00",3,"TX",48,0,0,0,0,0,0,32.5993,-100.7865,32.6072,-100.774,0.91,300,1,1,1,415,0,0,0,0
613741,2016,4,17,"2016-04-17","11:10:00",3,"TX",48,0,0,0,0,30000,0,30.061,-95.4782,30.0673,-95.4753,0.47,30,1,1,1,201,0,0,0,0
613742,2016,4,17,"2016-04-17","18:24:00",3,"TX",48,0,0,0,0,0,0,28.29,-99,28.2898,-98.9999,0.02,20,1,1,1,283,0,0,0,0
613743,2016,4,18,"2016-04-18","04:12:00",3,"TX",48,0,0,0,0,30000,0,29.9212,-95.1611,29.9222,-95.1574,0.23,30,1,1,1,201,0,0,0,0
613744,2016,4,18,"2016-04-18","04:14:00",3,"TX",48,0,0,0,0,10000,0,30.0452,-95.1169,30.0454,-95.1146,0.14,30,1,1,1,201,0,0,0,0
613745,2016,4,19,"2016-04-19","15:53:00",3,"TX",48,0,0,0,0,0,0,30.5879,-102.7235,30.5547,-102.6205,6.54,400,1,1,1,371,0,0,0,0
613746,2016,4,19,"2016-04-19","17:18:00",3,"MO",29,0,0,0,0,0,0,39.27,-91.6658,39.275,-91.6288,2.01,15,1,1,1,7,0,0,0,0
613747,2016,4,22,"2016-04-22","18:00:00",3,"CA",6,0,0,0,0,0,0,36.3011,-121.313,36.2985,-121.3101,0.24,15,1,1,1,53,0,0,0,0
613748,2016,4,24,"2016-04-24","15:12:00",3,"KS",20,0,0,0,0,0,0,38.62,-98.45,38.6524,-98.4,3.5,50,1,1,1,53,0,0,0,0
613749,2016,4,24,"2016-04-24","16:19:00",3,"KS",20,0,0,0,0,0,0,38.84,-97.87,38.8693,-97.8306,2.93,50,1,1,1,169,0,0,0,0
613750,2016,4,24,"2016-04-24","17:03:00",3,"NE",31,0,1,0,0,4000,0,40.0952,-98.18,40.0778,-98.14,2.43,300,1,1,1,129,0,0,0,0
613751,2016,4,24,"2016-04-24","17:29:00",3,"TX",48,0,0,0,0,1e+05,0,29.4714,-95.1001,29.4904,-95.0903,1.44,30,1,1,1,167,0,0,0,0
613752,2016,4,24,"2016-04-24","17:50:00",3,"KS",20,0,1,2,0,0,0,39.8628,-97.6327,39.9404,-97.425,12.25,150,1,1,1,157,0,0,0,0
613753,2016,4,25,"2016-04-25","15:02:00",3,"CO",8,0,0,0,0,0,0,40.46,-104.74,40.46,-104.74,0.01,50,1,1,1,123,0,0,0,0
613754,2016,4,26,"2016-04-26","11:52:00",3,"MO",29,0,1,0,0,0,0,38.6947,-91.2761,38.6828,-91.176,5.46,100,1,1,1,219,0,0,0,0
613755,2016,4,26,"2016-04-26","12:24:00",3,"MO",29,0,0,0,0,0,0,38.6822,-90.9558,38.6822,-90.9498,0.32,50,1,1,1,183,0,0,0,0
613756,2016,4,26,"2016-04-26","14:47:00",3,"KS",20,0,0,0,0,0,0,38.984,-96.5904,38.984,-96.5904,0.01,10,1,1,1,61,0,0,0,0
613757,2016,4,26,"2016-04-26","14:58:00",3,"KS",20,0,0,0,0,0,0,37.24,-97.61,37.2534,-97.6004,1.06,50,1,1,1,191,0,0,0,0
613758,2016,4,26,"2016-04-26","16:38:00",3,"IN",18,0,1,0,0,250000,0,38.035,-87.6411,37.9911,-87.5161,7.47,250,1,1,1,163,0,0,0,0
613759,2016,4,26,"2016-04-26","16:42:00",3,"KS",20,0,0,0,0,0,0,39.1307,-95.8304,39.1307,-95.8304,0.01,20,1,1,1,177,0,0,0,0
613760,2016,4,26,"2016-04-26","16:47:00",3,"TX",48,0,0,0,0,0,0,33.0303,-99.8271,33.0298,-99.8017,1.47,25,1,1,1,207,0,0,0,0
613761,2016,4,26,"2016-04-26","17:20:00",3,"IN",18,0,0,0,0,15000,0,39.0854,-87.0299,39.0858,-87.0285,0.08,75,1,1,1,55,0,0,0,0
613762,2016,4,26,"2016-04-26","18:47:00",3,"KS",20,0,0,0,0,0,0,39.9122,-99.0499,39.9157,-99.0464,0.3,100,1,1,1,183,0,0,0,0
613763,2016,4,26,"2016-04-26","19:08:00",3,"OK",40,0,0,0,0,12000,0,35.407,-97.707,35.439,-97.663,4.1,50,1,1,1,17,109,0,0,0
613764,2016,4,26,"2016-04-26","19:43:00",3,"OK",40,0,1,0,0,10000,0,35.606,-97.336,35.701,-97.219,10,150,1,1,1,109,0,0,0,0
613765,2016,4,26,"2016-04-26","19:49:00",3,"OK",40,0,0,0,0,4000,0,35.71,-97.33,35.744,-97.28,3.66,100,1,1,1,109,83,0,0,0
613766,2016,4,26,"2016-04-26","20:22:00",3,"TX",48,0,0,0,0,2e+05,0,33.6567,-96.8964,33.6572,-96.8925,0.23,80,1,1,1,181,0,0,0,0
613767,2016,4,26,"2016-04-26","20:44:00",3,"OK",40,0,1,0,0,0,0,36.454,-96.5556,36.496,-96.5113,3.8,450,1,1,1,113,0,0,0,0
613768,2016,4,26,"2016-04-26","20:50:00",3,"OK",40,0,1,0,0,20000,0,34.905,-96.693,34.913,-96.658,2,200,1,1,1,123,0,0,0,0
613769,2016,4,26,"2016-04-26","20:52:00",3,"OK",40,0,1,0,0,15000,0,36.5072,-96.4493,36.5615,-96.3444,6.9,900,1,1,1,113,0,0,0,0
613770,2016,4,26,"2016-04-26","21:00:00",3,"OK",40,0,1,0,0,20000,0,35.9751,-96.2571,36.0071,-96.1651,5.6,550,1,1,1,37,0,0,0,0
613771,2016,4,26,"2016-04-26","21:00:00",3,"OK",40,0,1,0,0,150000,0,36.1765,-96.3296,36.2326,-96.2258,7,800,1,1,1,117,113,0,0,0
613772,2016,4,26,"2016-04-26","21:00:00",3,"TX",48,0,0,5,0,450000,0,33.5257,-96.6174,33.5431,-96.5809,2.42,150,1,1,1,181,0,0,0,0
613773,2016,4,26,"2016-04-26","21:11:00",3,"TX",48,0,0,0,0,80000,0,33.5998,-96.4916,33.6398,-96.3989,6.01,75,1,1,1,181,0,0,0,0
613774,2016,4,26,"2016-04-26","21:18:00",3,"OK",40,0,1,0,0,150000,0,36.0926,-96.006,36.103,-95.9389,3.8,600,1,1,1,143,0,0,0,0
613775,2016,4,26,"2016-04-26","21:26:00",3,"OK",40,0,1,0,0,1e+05,0,35.9412,-95.8952,35.9503,-95.8485,2.7,350,1,1,1,143,0,0,0,0
613776,2016,4,26,"2016-04-26","21:36:00",3,"OK",40,0,1,0,0,10000,0,35.9792,-95.7744,35.9826,-95.758,1,150,1,1,1,143,145,0,0,0
613777,2016,4,26,"2016-04-26","22:11:00",3,"OK",40,0,1,0,0,1e+05,0,35.468,-95.5312,35.5019,-95.4061,7.5,400,1,1,1,91,0,0,0,0
613778,2016,4,26,"2016-04-26","22:16:00",3,"OK",40,0,0,0,0,20000,0,36.6924,-95.2991,36.7315,-95.122,10.1,500,1,1,1,35,0,0,0,0
613779,2016,4,26,"2016-04-26","22:34:00",3,"OK",40,0,1,0,0,50000,0,35.6102,-95.2131,35.6436,-95.1326,5.1,800,1,1,1,101,0,0,0,0
613780,2016,4,26,"2016-04-26","22:35:00",3,"OK",40,0,0,0,0,20000,0,36.3815,-95.1287,36.3901,-95.0444,4.7,750,1,1,1,97,0,0,0,0
613781,2016,4,26,"2016-04-26","22:46:00",3,"OK",40,0,1,0,0,150000,0,35.6913,-95.0443,35.7237,-94.9225,7.2,700,1,1,1,21,0,0,0,0
613782,2016,4,26,"2016-04-26","22:58:00",3,"OK",40,0,1,0,0,1e+05,0,36.2027,-94.8572,36.2606,-94.6895,10.1,850,1,1,1,41,0,0,0,0
613783,2016,4,26,"2016-04-26","23:03:00",3,"OK",40,0,1,0,0,125000,0,34.385,-95.0718,34.4068,-95.0645,1.5,500,1,1,1,127,0,0,0,0
613784,2016,4,26,"2016-04-26","23:07:00",3,"OK",40,0,1,0,0,150000,0,36.8481,-94.6522,36.8602,-94.6265,1.6,350,1,1,1,115,0,0,0,0
613785,2016,4,26,"2016-04-26","23:21:00",3,"MO",29,0,1,0,0,50000,0,36.8628,-94.6139,36.866,-94.5996,0.82,150,1,1,1,145,0,0,0,0
613786,2016,4,26,"2016-04-26","23:23:00",3,"OK",40,0,1,0,0,25000,0,35.3684,-94.6262,35.3943,-94.5578,4.3,500,1,1,1,135,0,0,0,0
613787,2016,4,26,"2016-04-26","23:29:00",3,"AR",5,0,1,0,0,50000,0,36.3425,-94.4462,36.3616,-94.2823,9.1,600,1,1,1,7,0,0,0,0
613788,2016,4,26,"2016-04-26","23:41:00",3,"AR",5,0,1,0,0,30000,0,36.3805,-94.2817,36.3785,-94.2456,2,350,1,1,1,7,0,0,0,0
613789,2016,4,26,"2016-04-26","23:53:00",3,"AR",5,0,1,0,0,50000,0,35.4087,-94.2595,35.4339,-94.2293,2.4,300,1,1,1,33,0,0,0,0
613790,2016,4,27,"2016-04-27","00:06:00",3,"AR",5,0,1,0,0,10000,0,35.3185,-94.0778,35.3262,-94.0217,3.2,500,1,1,1,47,0,0,0,0
613791,2016,4,27,"2016-04-27","00:12:00",3,"AR",5,0,1,0,0,250000,0,36.0246,-93.9386,36.063,-93.8385,6.2,500,1,1,1,87,0,0,0,0
613792,2016,4,27,"2016-04-27","00:18:00",3,"AR",5,0,0,0,0,1e+05,0,35.4862,-93.9555,35.5415,-93.8754,5.9,700,1,1,1,47,0,0,0,0
613793,2016,4,27,"2016-04-27","00:49:00",3,"MO",29,0,0,0,0,1e+05,0,37.1345,-93.3621,37.1348,-93.358,0.23,40,1,1,1,77,0,0,0,0
613794,2016,4,27,"2016-04-27","03:43:00",3,"TX",48,0,0,0,1,2e+05,0,30.0982,-95.5511,30.096,-95.545,0.41,40,1,1,1,201,0,0,0,0
613795,2016,4,27,"2016-04-27","04:58:00",3,"TX",48,0,1,0,0,10000,0,30.7679,-94.4145,30.7649,-94.4034,0.69,50,1,1,1,457,0,0,0,0
613796,2016,4,27,"2016-04-27","05:22:00",3,"TX",48,0,1,0,0,7000,0,30.7403,-94.0229,30.7551,-93.9898,2.22,50,1,1,1,241,0,0,0,0
613797,2016,4,27,"2016-04-27","13:10:00",3,"NE",31,0,0,0,0,0,0,41.3889,-96.6872,41.3914,-96.6886,0.18,25,1,1,1,155,0,0,0,0
613798,2016,4,27,"2016-04-27","14:14:00",3,"IA",19,0,1,0,0,0,0,40.9737,-95.048,40.9978,-95.0415,1.7,50,1,1,1,137,0,0,0,0
613799,2016,4,27,"2016-04-27","14:43:00",3,"NE",31,0,1,0,0,0,0,41.2742,-96.1195,41.2837,-96.1208,0.66,50,1,1,1,55,0,0,0,0
613800,2016,4,27,"2016-04-27","14:52:00",3,"NE",31,0,0,0,0,0,0,41.3022,-96.1342,41.3025,-96.1343,0.02,25,1,1,1,55,0,0,0,0
613801,2016,4,27,"2016-04-27","14:53:00",3,"NE",31,0,0,0,0,0,0,41.3226,-96.147,41.3248,-96.149,0.18,25,1,1,1,55,0,0,0,0
613802,2016,4,27,"2016-04-27","15:33:00",3,"KY",21,0,0,0,0,0,0,37.2626,-87.5092,37.2645,-87.5044,0.3,30,1,1,1,107,0,0,0,0
613803,2016,4,27,"2016-04-27","15:40:00",3,"IA",19,0,0,0,0,0,0,40.6538,-94.6087,40.686,-94.6082,2.23,200,1,1,1,173,0,0,0,0
613804,2016,4,27,"2016-04-27","15:44:00",3,"IA",19,0,0,0,0,0,0,40.6682,-94.6057,40.6754,-94.5912,0.91,40,1,1,1,173,0,0,0,0
613805,2016,4,27,"2016-04-27","15:52:00",3,"MO",29,0,0,0,0,0,0,39.82,-94.13,39.88,-94.11,4.28,25,1,1,1,61,0,0,0,0
613806,2016,4,27,"2016-04-27","16:12:00",3,"IA",19,0,0,0,0,25000,0,40.822,-94.5048,40.8309,-94.5028,0.62,50,1,1,1,173,0,0,0,0
613807,2016,4,27,"2016-04-27","16:15:00",3,"KY",21,0,0,0,0,0,0,37.5207,-87.5219,37.5234,-87.5,1.22,30,1,1,1,233,0,0,0,0
613808,2016,4,27,"2016-04-27","16:24:00",3,"CA",6,0,0,0,0,0,0,38.5126,-122.1178,38.5127,-122.1144,0.19,10,1,1,1,55,0,0,0,0
613809,2016,4,27,"2016-04-27","16:40:00",3,"IA",19,0,0,0,0,3000,0,40.9911,-94.3531,41.0492,-94.3565,4.01,250,1,1,1,175,0,0,0,0
613810,2016,4,27,"2016-04-27","17:22:00",3,"KY",21,0,0,0,0,1e+05,0,37.6886,-87.1343,37.733,-87.0828,4.16,125,1,1,1,59,0,0,0,0
613811,2016,4,27,"2016-04-27","17:23:00",3,"IL",17,0,0,0,0,0,0,39.305,-89.5999,39.3295,-89.513,4.94,25,1,1,1,135,0,0,0,0
613812,2016,4,27,"2016-04-27","17:31:00",3,"CA",6,0,0,0,0,500,0,37.6233,-120.756,37.6233,-120.756,0.1,5,1,1,1,99,0,0,0,0
613813,2016,4,27,"2016-04-27","17:36:00",3,"KY",21,0,1,0,0,75000,0,37.7682,-87.0605,37.7887,-87.0149,2.86,150,1,1,1,59,0,0,0,0
613814,2016,4,27,"2016-04-27","17:58:00",3,"IL",17,0,0,0,0,0,0,39.0114,-88.7644,39.0117,-88.7635,0.05,10,1,1,1,49,0,0,0,0
613815,2016,4,27,"2016-04-27","18:47:00",3,"IL",17,0,0,0,0,0,0,38.756,-88.0792,38.7572,-88.0787,0.09,10,1,1,1,159,0,0,0,0
613816,2016,4,27,"2016-04-27","18:47:00",3,"MO",29,0,1,0,0,1e+05,0,40.3034,-92.2399,40.3049,-92.2395,0.23,40,1,1,1,103,199,0,0,0
613817,2016,4,27,"2016-04-27","19:23:00",3,"MO",29,0,0,0,0,0,0,39.7938,-91.8632,39.8033,-91.8529,0.85,75,1,1,1,205,0,0,0,0
613818,2016,4,27,"2016-04-27","19:30:00",3,"MO",29,0,0,0,0,1e+05,0,40.5058,-92.0175,40.5071,-92.0136,0.23,30,1,1,1,199,0,0,0,0
613819,2016,4,27,"2016-04-27","20:00:00",3,"MO",29,0,1,0,0,0,0,39.9576,-91.6278,39.9649,-91.5911,2.01,150,1,1,1,111,0,0,0,0
613820,2016,4,28,"2016-04-28","14:26:00",3,"IN",18,0,1,0,0,35000,0,39.9897,-86.3057,39.9887,-86.3027,0.17,40,1,1,1,11,0,0,0,0
613821,2016,4,28,"2016-04-28","16:40:00",3,"TX",48,0,0,0,0,0,0,34.3475,-100.8193,34.3475,-100.8193,0.06,10,1,1,1,191,0,0,0,0
613822,2016,4,29,"2016-04-29","14:26:00",3,"MS",28,0,0,0,0,10000,0,33.9701,-88.6569,33.9401,-88.5738,5.19,150,1,1,1,95,0,0,0,0
613823,2016,4,29,"2016-04-29","14:29:00",3,"OK",40,0,1,0,0,10000,0,34.792,-98.315,34.814,-98.258,4,700,1,1,1,31,0,0,0,0
613824,2016,4,29,"2016-04-29","14:41:00",3,"MS",28,0,0,0,0,10000,0,33.8848,-88.4737,33.8796,-88.4588,0.93,50,1,1,1,95,0,0,0,0
613825,2016,4,29,"2016-04-29","14:54:00",3,"OK",40,0,0,0,0,2000,0,34.873,-98.128,34.873,-98.128,0.5,20,1,1,1,15,0,0,0,0
613826,2016,4,29,"2016-04-29","15:03:00",3,"OK",40,0,1,0,0,35000,0,34.9,-98.044,34.962,-97.853,12,1000,1,1,1,51,0,0,0,0
613827,2016,4,29,"2016-04-29","15:53:00",3,"TX",48,0,0,0,0,30000,0,33.3628,-96.7228,33.3792,-96.7353,1.34,65,1,1,1,85,0,0,0,0
613828,2016,4,29,"2016-04-29","16:33:00",3,"TX",48,0,0,0,0,0,0,31.98,-97.7847,31.98,-97.7847,0.3,20,1,1,1,35,0,0,0,0
613829,2016,4,29,"2016-04-29","16:50:00",3,"TX",48,0,2,0,0,5e+05,0,32.4991,-95.4076,32.5105,-95.4008,1,400,1,1,1,423,0,0,0,0
613830,2016,4,29,"2016-04-29","16:55:00",3,"TX",48,0,2,2,0,375000,0,32.5007,-95.3712,32.7977,-95.1026,25.94,3221,1,1,1,423,499,459,0,0
613831,2016,4,29,"2016-04-29","17:28:00",3,"TX",48,0,0,0,0,0,0,32.4361,-95.6149,32.4513,-95.5744,2.59,50,1,1,1,467,0,0,0,0
613832,2016,4,29,"2016-04-29","18:33:00",3,"TX",48,0,2,0,0,7e+05,0,31.598,-95.116,31.696,-95.075,7.19,820,1,1,1,73,0,0,0,0
613833,2016,4,29,"2016-04-29","18:54:00",3,"TX",48,0,1,0,0,15000,0,31.8142,-95.0391,31.8268,-95.0288,1.06,150,1,1,1,73,0,0,0,0
613834,2016,4,29,"2016-04-29","21:21:00",3,"TX",48,0,1,0,0,0,0,32.349,-94.2631,32.41,-94.2003,5.58,820,1,1,1,203,0,0,0,0
613835,2016,4,29,"2016-04-29","21:46:00",3,"TX",48,0,1,0,0,50000,0,32.5287,-94.1199,32.6039,-94.077,5.77,200,1,1,1,203,0,0,0,0
613836,2016,4,29,"2016-04-29","23:34:00",3,"TX",48,0,1,0,0,30000,0,32.6301,-94.3715,32.6585,-94.2627,6.63,350,1,1,1,203,0,0,0,0
613837,2016,4,29,"2016-04-29","23:41:00",3,"AR",5,0,1,0,0,0,0,33.2428,-93.472,33.2659,-93.464,1.68,900,1,1,1,27,73,0,0,0
613838,2016,4,30,"2016-04-30","00:09:00",3,"AR",5,0,1,0,0,0,0,33.3868,-93.2945,33.3888,-93.2885,0.37,130,1,1,1,27,0,0,0,0
613839,2016,4,30,"2016-04-30","03:44:00",3,"TX",48,0,1,0,0,1e+05,0,31.2614,-94.1245,31.2795,-94.0758,3.14,380,1,1,1,405,0,0,0,0
613840,2016,4,30,"2016-04-30","05:08:00",3,"TX",48,0,2,3,0,50000,0,30.5284,-94.0183,30.6014,-93.8765,9.86,500,1,1,1,241,351,0,0,0
613841,2016,4,30,"2016-04-30","10:25:00",3,"LA",22,0,1,0,0,4000,0,30.8207,-91.9543,30.8242,-91.9475,0.47,50,1,1,1,97,0,0,0,0
613701,2016,4,1,"2016-04-01","05:03:00",3,"GA",13,0,0,0,0,15000,0,32.595,-84.0926,32.5977,-84.0697,1.35,300,1,1,1,269,79,0,0,0
613702,2016,4,1,"2016-04-01","05:42:00",3,"GA",13,0,1,0,0,250000,0,32.6231,-83.6776,32.6278,-83.5942,4.86,350,1,1,1,153,0,0,0,0
613703,2016,4,1,"2016-04-01","06:06:00",3,"GA",13,0,0,0,0,10000,0,32.6385,-83.479,32.6461,-83.4736,0.61,60,1,1,1,289,0,0,0,0
613704,2016,4,1,"2016-04-01","06:50:00",3,"GA",13,0,1,0,0,120000,0,32.573,-83.259,32.5891,-83.2245,2.3,300,1,1,1,289,319,0,0,0
613705,2016,4,1,"2016-04-01","15:15:00",3,"GA",13,0,1,0,0,0,0,31.17,-82.91,31.19,-82.78,7.81,1232,1,1,1,65,0,0,0,0
613706,2016,4,1,"2016-04-01","15:35:00",3,"GA",13,0,1,0,0,0,0,31.24,-82.66,31.25,-82.62,2.46,880,1,1,1,299,0,0,0,0
613707,2016,4,6,"2016-04-06","21:55:00",3,"AL",1,0,0,0,0,0,0,32.296,-86.2387,32.2809,-86.1384,6.01,250,1,1,1,101,0,0,0,0
613708,2016,4,6,"2016-04-06","22:18:00",3,"AL",1,0,0,0,0,0,0,32.2579,-85.9388,32.2503,-85.8879,3.03,300,1,1,1,11,0,0,0,0
613709,2016,4,6,"2016-04-06","22:24:00",3,"AL",1,0,0,0,0,0,0,32.1341,-86.0133,32.1324,-86.002,0.77,50,1,1,1,101,0,0,0,0
613710,2016,4,6,"2016-04-06","22:32:00",3,"AL",1,0,0,0,0,0,0,32.5347,-85.5247,32.5352,-85.5125,0.72,250,1,1,1,81,0,0,0,0
613711,2016,4,6,"2016-04-06","22:44:00",3,"AL",1,0,0,0,0,0,0,32.54,-85.4183,32.5311,-85.3385,4.71,200,1,1,1,81,0,0,0,0
613712,2016,4,6,"2016-04-06","22:54:00",3,"AL",1,0,2,0,0,0,0,32.1271,-85.5662,32.1174,-85.4352,7.74,250,1,1,1,11,0,0,0,0
613713,2016,4,6,"2016-04-06","22:57:00",3,"AL",1,0,1,0,0,0,0,32.4187,-85.2417,32.4184,-85.1158,7.49,200,1,1,1,113,0,0,0,0
613714,2016,4,6,"2016-04-06","23:16:00",3,"AL",1,0,0,0,0,0,0,31.8815,-85.6408,31.8515,-85.5568,5.37,200,1,1,1,5,0,0,0,0
613715,2016,4,6,"2016-04-06","23:22:00",3,"AL",1,0,0,0,0,0,0,32.0982,-85.2216,32.0964,-85.1992,1.32,75,1,1,1,113,0,0,0,0
613716,2016,4,6,"2016-04-06","23:55:00",3,"GA",13,0,0,0,0,20000,0,32.0639,-84.9134,32.0641,-84.9106,0.16,50,1,1,1,259,0,0,0,0
613717,2016,4,7,"2016-04-07","00:27:00",3,"GA",13,0,0,0,0,30000,0,31.9895,-84.5977,31.9727,-84.5131,5.09,300,1,1,1,307,0,0,0,0
613718,2016,4,7,"2016-04-07","00:40:00",3,"GA",13,0,2,5,0,150000,0,31.6221,-84.8895,31.5646,-84.6296,15.8,250,1,1,1,243,61,37,0,0
613719,2016,4,7,"2016-04-07","03:51:00",3,"FL",12,0,0,0,0,1e+05,0,28.2994,-82.67,28.2997,-82.7206,3.08,50,1,1,1,101,0,0,0,0
613720,2016,4,7,"2016-04-07","04:37:00",3,"FL",12,0,0,0,0,5000,0,27.9977,-82.8285,27.9976,-82.8263,0.13,50,1,1,1,103,0,0,0,0
613721,2016,4,7,"2016-04-07","04:55:00",3,"FL",12,0,0,0,0,1e+05,0,27.9723,-82.7178,27.9689,-82.7054,0.79,50,1,1,1,103,0,0,0,0
613889,2016,5,10,"2016-05-10","13:22:00",3,"KY",21,0,1,0,0,1e+05,0,37.7725,-86.3001,37.7712,-86.2929,0.4,25,1,1,1,27,0,0,0,0
613890,2016,5,10,"2016-05-10","13:44:00",3,"KY",21,0,3,10,0,3550000,0,36.7551,-88.7525,36.8349,-88.4246,19.03,450,1,1,1,83,157,0,0,0
613891,2016,5,10,"2016-05-10","14:25:00",3,"NE",31,0,0,0,0,40000,0,42.55,-98.98,42.55,-98.98,0.2,20,1,1,1,89,0,0,0,0
613892,2016,5,10,"2016-05-10","14:55:00",3,"KY",21,0,0,0,0,0,0,36.9055,-88.0902,36.9055,-88.0902,0.05,30,1,1,1,143,0,0,0,0
613893,2016,5,10,"2016-05-10","16:25:00",3,"KY",21,0,1,0,0,135000,0,37.1132,-87.3479,37.1562,-87.2699,5.28,100,1,1,1,47,177,0,0,0
613894,2016,5,10,"2016-05-10","16:36:00",3,"IL",17,0,0,0,0,0,0,37.4214,-88.7051,37.4214,-88.7051,0.05,20,1,1,1,151,0,0,0,0
613895,2016,5,10,"2016-05-10","16:56:00",3,"IL",17,0,0,0,0,0,0,37.573,-88.2832,37.573,-88.2832,0.05,20,1,1,1,69,0,0,0,0
613896,2016,5,10,"2016-05-10","17:06:00",3,"KY",21,0,1,0,0,25000,0,37.6594,-88.0232,37.6766,-87.96,3.66,50,1,1,1,225,0,0,0,0
613897,2016,5,10,"2016-05-10","17:06:00",3,"KY",21,0,2,0,0,150000,0,37.4635,-86.878,37.5202,-86.729,8.6,300,1,1,1,183,0,0,0,0
613898,2016,5,10,"2016-05-10","18:17:00",3,"KY",21,0,0,0,0,20000,0,36.9345,-87.7013,36.9445,-87.6758,1.57,100,1,1,1,221,0,0,0,0
613899,2016,5,10,"2016-05-10","18:29:00",3,"KY",21,0,0,0,0,0,0,36.9082,-87.6122,36.9082,-87.6122,0.02,30,1,1,1,47,0,0,0,0
613900,2016,5,10,"2016-05-10","18:45:00",3,"KY",21,0,0,0,0,0,0,36.9111,-87.4818,36.9111,-87.4818,0.02,20,1,1,1,47,0,0,0,0
613901,2016,5,11,"2016-05-11","16:02:00",3,"IN",18,0,1,0,0,5000,0,38.2653,-87.7528,38.2753,-87.7286,1.48,25,1,1,1,51,0,0,0,0
613902,2016,5,11,"2016-05-11","16:58:00",3,"IN",18,0,0,0,0,0,0,38.2102,-87.287,38.2102,-87.287,0.05,20,1,1,1,173,0,0,0,0
613903,2016,5,11,"2016-05-11","17:34:00",3,"IL",17,0,0,0,0,0,0,37.9348,-89.0394,37.9348,-89.0394,0.05,30,1,1,1,55,0,0,0,0
613904,2016,5,11,"2016-05-11","19:15:00",3,"MO",29,0,2,0,0,0,0,38.1244,-91.2033,38.1738,-91.1513,4.43,700,1,1,1,55,0,0,0,0
613905,2016,5,16,"2016-05-16","15:39:00",3,"OK",40,0,0,0,0,0,0,36.5983,-102.8152,36.6027,-102.8077,0.52,25,1,1,1,25,0,0,0,0
613906,2016,5,16,"2016-05-16","15:57:00",3,"OK",40,0,0,0,0,0,0,36.5883,-102.7647,36.5907,-102.7601,0.31,25,1,1,1,25,0,0,0,0
613907,2016,5,16,"2016-05-16","16:40:00",3,"TX",48,0,1,0,0,0,0,36.1488,-102.9979,36.1421,-102.9848,0.87,25,1,1,1,111,0,0,0,0
613908,2016,5,16,"2016-05-16","17:06:00",3,"TX",48,0,0,0,0,0,0,36.1401,-102.7837,36.1403,-102.7816,0.2,50,1,1,1,111,0,0,0,0
613909,2016,5,16,"2016-05-16","19:52:00",3,"TX",48,0,0,0,0,0,0,35.8686,-100.3989,35.8688,-100.3972,0.1,25,1,1,1,211,0,0,0,0
613910,2016,5,16,"2016-05-16","20:06:00",3,"TX",48,0,0,0,0,0,0,35.9193,-100.3029,35.8927,-100.1378,9.42,25,1,1,1,211,0,0,0,0
613911,2016,5,16,"2016-05-16","20:35:00",3,"TX",48,0,1,0,0,0,0,35.8641,-100.0027,35.8611,-99.9936,0.55,50,2,0,1,0,0,0,0,0
613911,2016,5,16,"2016-05-16","20:35:00",3,"TX",48,0,0,0,0,0,0,35.8641,-100.0027,35.863,-100.0004,0.15,50,2,1,2,211,0,0,0,0
613911,2016,5,16,"2016-05-16","20:36:00",3,"OK",40,0,1,0,0,0,0,35.863,-100.0004,35.8611,-99.9936,0.4,50,2,1,2,129,0,0,0,0
613912,2016,5,17,"2016-05-17","12:48:00",3,"FL",12,0,1,0,0,395000,0,27.5689,-80.4017,27.567,-80.402,0.13,100,1,1,1,61,0,0,0,0
613913,2016,5,17,"2016-05-17","12:51:00",3,"FL",12,0,1,0,0,0,0,27.5578,-80.4076,27.5513,-80.4085,0.45,75,1,1,1,111,0,0,0,0
613914,2016,5,17,"2016-05-17","13:15:00",3,"FL",12,0,0,0,0,0,0,27.4876,-80.3791,27.4807,-80.3737,0.58,75,1,1,1,111,0,0,0,0
613915,2016,5,17,"2016-05-17","14:09:00",3,"GA",13,0,1,0,0,0,0,32.1413,-81.3212,32.1393,-81.3084,0.76,100,1,1,1,51,0,0,0,0
613916,2016,5,19,"2016-05-19","22:00:00",3,"LA",22,0,0,0,0,0,0,29.7823,-90.0259,29.7823,-90.0259,0.05,50,1,1,1,75,0,0,0,0
613917,2016,5,20,"2016-05-20","10:25:00",3,"FL",12,0,0,0,0,0,0,29.6487,-82.3552,29.6501,-82.3443,0.66,20,1,1,1,1,0,0,0,0
613918,2016,5,21,"2016-05-21","15:50:00",3,"MT",30,0,1,0,0,0,0,46.23,-108.05,46.25,-108.02,2,150,1,1,1,111,0,0,0,0
613919,2016,5,21,"2016-05-21","18:05:00",3,"KS",20,0,0,0,0,0,0,38.6279,-101.3972,38.6296,-101.3949,0.17,25,1,1,1,203,0,0,0,0
613920,2016,5,21,"2016-05-21","18:13:00",3,"KS",20,0,0,0,0,0,0,38.6767,-101.374,38.6777,-101.366,0.43,25,1,1,1,203,0,0,0,0
613921,2016,5,21,"2016-05-21","18:21:00",3,"KS",20,0,0,0,0,0,0,38.6184,-101.4068,38.6199,-101.4053,0.13,25,1,1,1,203,0,0,0,0
613922,2016,5,21,"2016-05-21","19:15:00",3,"KS",20,0,0,0,0,0,0,38.6761,-101.3447,38.6772,-101.3433,0.11,25,1,1,1,203,0,0,0,0
613923,2016,5,22,"2016-05-22","00:50:00",3,"WA",53,0,0,0,0,20000,0,46.2,-119.17,46.202,-119.169,0.15,100,1,1,1,5,0,0,0,0
613924,2016,5,22,"2016-05-22","16:30:00",3,"TX",48,0,0,0,0,0,0,35.0616,-100.9416,35.0618,-100.9479,0.36,25,1,1,1,129,0,0,0,0
613925,2016,5,22,"2016-05-22","16:39:00",3,"TX",48,0,1,0,0,0,0,35.062,-100.9521,35.0748,-100.9585,1.05,75,1,1,1,129,0,0,0,0
613926,2016,5,22,"2016-05-22","17:13:00",3,"TX",48,0,3,0,0,75000,0,32.25,-101.6411,32.2092,-101.5923,4.01,500,1,1,1,227,0,0,0,0
613927,2016,5,22,"2016-05-22","17:30:00",3,"SD",46,0,0,0,0,0,0,45.9277,-99.9445,45.9313,-99.9467,0.28,30,1,1,1,21,0,0,0,0
613928,2016,5,22,"2016-05-22","17:44:00",3,"TX",48,0,0,0,0,0,0,36.1261,-100.9783,36.1126,-100.9409,2.5,75,1,1,1,357,0,0,0,0
613929,2016,5,22,"2016-05-22","17:44:00",3,"TX",48,0,2,0,0,150000,0,34.66,-100.7,34.63,-100.59,6.59,600,1,1,1,191,0,0,0,0
613930,2016,5,22,"2016-05-22","17:51:00",3,"TX",48,0,0,0,0,0,0,32.1571,-101.5585,32.1674,-101.5355,1.52,100,1,1,1,227,0,0,0,0
613931,2016,5,22,"2016-05-22","17:57:00",3,"TX",48,0,1,0,0,0,0,36.134,-100.926,36.1189,-100.9181,1.5,500,1,1,1,357,0,0,0,0
613932,2016,5,22,"2016-05-22","18:04:00",3,"TX",48,0,1,0,0,0,0,36.1536,-100.9021,36.1411,-100.9199,1.5,400,1,1,1,357,0,0,0,0
613933,2016,5,22,"2016-05-22","18:12:00",3,"KS",20,0,1,0,0,0,0,38.0628,-101.1347,38.0918,-101.1713,2.82,75,1,1,1,93,0,0,0,0
613934,2016,5,22,"2016-05-22","18:15:00",3,"TX",48,0,1,0,0,0,0,36.1468,-100.8636,36.1549,-100.8399,2.4,75,1,1,1,357,0,0,0,0
613935,2016,5,22,"2016-05-22","18:17:00",3,"TX",48,0,0,0,0,0,0,32.1076,-101.48,32.1069,-101.5192,2.29,100,1,1,1,227,0,0,0,0
613936,2016,5,22,"2016-05-22","18:25:00",3,"SD",46,0,2,0,0,10000,0,43.0301,-100.4275,43.0882,-100.3815,4.64,100,1,1,1,121,0,0,0,0
613937,2016,5,22,"2016-05-22","18:29:00",3,"KS",20,0,0,0,0,0,0,38.1383,-101.1782,38.2035,-101.1981,4.8,75,1,1,1,93,0,0,0,0
613938,2016,5,22,"2016-05-22","18:35:00",3,"SD",46,0,1,0,0,25000,0,43.2654,-100.0451,43.2709,-100.034,0.68,20,1,1,1,123,0,0,0,0
613939,2016,5,22,"2016-05-22","18:38:00",3,"TX",48,0,0,0,0,0,0,32.08,-101.5654,32.0832,-101.5579,0.49,50,1,1,1,173,0,0,0,0
613940,2016,5,22,"2016-05-22","18:49:00",3,"TX",48,0,-9,0,0,0,0,36.1,-100.8,36.0972,-100.7969,0.25,50,1,1,1,357,0,0,0,0
613941,2016,5,22,"2016-05-22","18:55:00",3,"TX",48,0,2,0,0,15000,0,32.0391,-101.5283,32.0094,-101.4896,3.05,200,1,1,1,173,0,0,0,0
613942,2016,5,22,"2016-05-22","19:10:00",3,"KS",20,0,1,0,0,0,0,38.2611,-101.1868,38.2952,-101.0972,6.78,900,1,1,1,93,203,171,0,0
613943,2016,5,22,"2016-05-22","19:42:00",3,"TX",48,0,3,0,0,45000,0,31.9235,-101.5261,31.8892,-101.4775,3.71,200,1,1,1,173,0,0,0,0
613944,2016,5,22,"2016-05-22","19:45:00",3,"TX",48,0,0,0,0,0,0,36.07,-100.55,36.07,-100.55,0.1,50,1,1,1,357,0,0,0,0
613945,2016,5,22,"2016-05-22","19:56:00",3,"TX",48,0,2,0,0,107000,0,31.8922,-101.4981,31.8655,-101.5056,1.9,150,1,1,1,173,0,0,0,0
613946,2016,5,22,"2016-05-22","20:00:00",3,"KS",20,0,1,0,0,0,0,38.2837,-101.0218,38.2985,-100.9402,6.4,100,1,1,1,171,0,0,0,0
613947,2016,5,22,"2016-05-22","20:02:00",3,"TX",48,0,0,0,0,0,0,31.859,-101.4934,31.8435,-101.4787,1.4,100,1,1,1,173,0,0,0,0
613948,2016,5,22,"2016-05-22","20:10:00",3,"ND",38,0,0,0,0,0,0,46.852,-98.5419,46.8652,-98.5309,1.05,20,1,1,1,93,0,0,0,0
613949,2016,5,23,"2016-05-23","13:37:00",3,"NE",31,0,0,0,0,0,0,40.6384,-98.4881,40.6397,-98.4881,0.09,50,1,1,1,1,0,0,0,0
613950,2016,5,23,"2016-05-23","15:41:00",3,"IA",19,0,0,0,0,0,0,43.01,-95.87,43.01,-95.869,0.05,25,1,1,1,167,0,0,0,0
613951,2016,5,23,"2016-05-23","19:25:00",3,"OK",40,0,0,0,0,10000,0,36.5066,-99.4119,36.5151,-99.4344,2.7,400,1,1,1,153,0,0,0,0
613952,2016,5,23,"2016-05-23","20:24:00",3,"OK",40,0,-9,0,0,0,0,36.617,-99.43,36.6453,-99.4269,2,50,1,1,1,59,0,0,0,0
613953,2016,5,23,"2016-05-23","20:30:00",3,"TX",48,0,3,0,0,150000,0,34.3068,-100.7142,34.3935,-100.8542,9.99,800,1,1,1,345,191,0,0,0
613954,2016,5,24,"2016-05-24","12:21:00",3,"MI",26,0,1,0,0,10000,0,46.445,-88.1106,46.4327,-88.0332,3.78,200,1,1,1,103,0,0,0,0
613955,2016,5,24,"2016-05-24","12:54:00",3,"MI",26,0,1,0,0,50000,0,46.4303,-87.8369,46.4278,-87.7558,3.87,200,1,1,1,103,0,0,0,0
613956,2016,5,24,"2016-05-24","14:56:00",3,"KS",20,0,0,0,0,0,0,38.4241,-101.0543,38.4353,-101.0426,1,50,1,1,1,171,0,0,0,0
613957,2016,5,24,"2016-05-24","15:04:00",3,"KS",20,0,0,0,0,0,0,38.451,-101.0116,38.5064,-101.0056,4.17,200,1,1,1,171,0,0,0,0
613958,2016,5,24,"2016-05-24","15:55:00",3,"KS",20,0,0,0,0,0,0,38.6029,-100.7326,38.6029,-100.7326,0.1,50,1,1,1,171,0,0,0,0
613959,2016,5,24,"2016-05-24","15:55:00",3,"KS",20,0,0,0,0,0,0,38.6067,-100.7222,38.6095,-100.7104,0.7,100,1,1,1,171,0,0,0,0
613960,2016,5,24,"2016-05-24","16:13:00",3,"KS",20,0,0,0,0,0,0,38.6044,-100.5899,38.6142,-100.5725,1.2,50,1,1,1,101,0,0,0,0
613961,2016,5,24,"2016-05-24","16:24:00",3,"KS",20,0,0,0,0,0,0,38.5773,-100.5311,38.5887,-100.5265,0.8,125,1,1,1,101,0,0,0,0
613962,2016,5,24,"2016-05-24","16:26:00",3,"KS",20,0,0,0,0,0,0,38.6301,-100.5489,38.6309,-100.5473,0.1,15,1,1,1,101,0,0,0,0
613963,2016,5,24,"2016-05-24","16:28:00",3,"OK",40,0,1,0,0,750000,0,35.9085,-96.4836,35.8638,-96.3629,8,900,1,1,1,37,0,0,0,0
613964,2016,5,24,"2016-05-24","16:49:00",3,"KS",20,0,0,0,0,0,0,38.6356,-100.3196,38.6361,-100.3191,0.1,15,1,1,1,101,0,0,0,0
613965,2016,5,24,"2016-05-24","16:55:00",3,"KS",20,0,3,1,0,0,0,37.5031,-100.1355,37.6862,-100.2077,14.7,675,1,1,1,57,0,0,0,0
613966,2016,5,24,"2016-05-24","16:59:00",3,"KS",20,0,0,0,0,0,0,37.5342,-100.0931,37.5435,-100.0907,0.7,50,1,1,1,57,0,0,0,0
613967,2016,5,24,"2016-05-24","16:59:00",3,"KS",20,0,0,0,0,0,0,38.3054,-100.3457,38.3114,-100.3332,0.8,50,1,1,1,101,0,0,0,0
613968,2016,5,24,"2016-05-24","17:04:00",3,"KS",20,0,0,0,0,0,0,38.4185,-100.2717,38.397,-100.2582,1.7,50,1,1,1,101,0,0,0,0
613969,2016,5,24,"2016-05-24","17:12:00",3,"KS",20,0,3,0,0,0,0,38.237,-100.1663,38.3348,-100.0077,11.02,300,1,1,1,83,135,0,0,0
613970,2016,5,24,"2016-05-24","17:14:00",3,"KS",20,0,1,0,0,0,0,37.6182,-100.091,37.6371,-100.0892,1.4,50,1,1,1,57,0,0,0,0
613971,2016,5,24,"2016-05-24","17:20:00",3,"KS",20,0,0,0,0,0,0,37.6281,-100.1146,37.6308,-100.1136,0.2,50,1,1,1,57,0,0,0,0
613972,2016,5,24,"2016-05-24","17:22:00",3,"KS",20,0,2,0,0,0,0,37.646,-100.0988,37.6996,-100.0914,5,550,1,1,1,57,0,0,0,0
613973,2016,5,24,"2016-05-24","17:28:00",3,"KS",20,0,0,0,0,0,0,37.6601,-100.0816,37.6971,-100.0815,2.7,90,1,1,1,57,0,0,0,0
613974,2016,5,24,"2016-05-24","17:32:00",3,"KS",20,0,1,0,0,0,0,37.7003,-100.0855,37.7142,-100.0704,2.9,50,1,1,1,57,0,0,0,0
613975,2016,5,24,"2016-05-24","17:43:00",3,"KS",20,0,1,0,0,0,0,38.338,-100.0412,38.3721,-100.0267,2.9,50,1,1,1,135,0,0,0,0
613976,2016,5,24,"2016-05-24","17:44:00",3,"CO",8,0,0,0,0,0,0,40.16,-103.21,40.16,-103.21,0.01,50,1,1,1,121,0,0,0,0
613977,2016,5,24,"2016-05-24","17:44:00",3,"TX",48,0,-9,0,0,0,0,36.04,-101.22,36.0442,-101.2161,0.36,25,1,1,1,233,0,0,0,0
613978,2016,5,24,"2016-05-24","17:48:00",3,"CO",8,0,0,0,0,0,0,39.83,-103.71,39.83,-103.71,0.01,50,1,1,1,1,0,0,0,0
613979,2016,5,24,"2016-05-24","17:52:00",3,"KS",20,0,2,1,0,0,0,37.6999,-100.0935,37.9265,-100.1148,16.7,1800,1,1,1,57,83,0,0,0
613980,2016,5,24,"2016-05-24","17:55:00",3,"KS",20,0,0,0,0,0,0,37.7922,-100.0695,37.7942,-100.0696,0.1,50,1,1,1,57,0,0,0,0
613981,2016,5,24,"2016-05-24","17:56:00",3,"KS",20,0,0,0,0,0,0,38.4058,-99.9547,38.4155,-99.8446,6.2,150,1,1,1,135,0,0,0,0
613982,2016,5,24,"2016-05-24","18:03:00",3,"KS",20,0,0,0,0,0,0,38.1651,-100.0395,38.1737,-100.0365,0.6,150,1,1,1,83,0,0,0,0
613983,2016,5,24,"2016-05-24","18:07:00",3,"KS",20,0,3,0,0,0,0,37.8614,-100.0489,37.8838,-100.0301,1.9,150,1,1,1,57,0,0,0,0
613984,2016,5,24,"2016-05-24","18:11:00",3,"KS",20,0,3,0,0,0,0,38.1961,-100.0382,38.2909,-100.0828,7.7,700,1,1,1,83,135,0,0,0
613985,2016,5,24,"2016-05-24","18:15:00",3,"KS",20,0,1,0,0,0,0,37.906,-100.0252,37.9355,-99.9927,2.7,50,1,1,1,57,83,0,0,0
613986,2016,5,24,"2016-05-24","18:17:00",3,"KS",20,0,0,0,0,0,0,38.4415,-99.8154,38.4246,-99.8041,1.32,50,1,1,1,135,0,0,0,0
613987,2016,5,24,"2016-05-24","18:25:00",3,"KS",20,0,1,0,0,0,0,37.7859,-99.4057,37.8252,-99.3494,4.3,100,1,1,1,47,0,0,0,0
613988,2016,5,24,"2016-05-24","18:36:00",3,"KS",20,0,0,0,0,0,0,37.9765,-99.9408,38.0155,-99.9036,3.5,50,1,1,1,83,0,0,0,0
613989,2016,5,24,"2016-05-24","18:44:00",3,"CO",8,0,0,0,0,0,0,40.16,-103.21,40.16,-103.21,0.01,50,1,1,1,121,0,0,0,0
613990,2016,5,24,"2016-05-24","18:47:00",3,"CO",8,0,1,0,0,0,0,40.1647,-103.0467,40.155,-103.0366,0.86,20,1,1,1,121,0,0,0,0
613991,2016,5,24,"2016-05-24","18:49:00",3,"KS",20,0,2,0,0,0,0,37.7947,-99.3725,37.8243,-99.2827,5.4,150,1,1,1,47,0,0,0,0
613992,2016,5,24,"2016-05-24","18:55:00",3,"KS",20,0,0,0,0,0,0,38.1035,-100.082,38.1095,-100.0778,0.5,50,1,1,1,83,0,0,0,0
613993,2016,5,24,"2016-05-24","19:00:00",3,"KS",20,0,3,0,0,0,0,37.8645,-99.2707,37.9473,-99.1692,8.3,1100,1,1,1,47,0,0,0,0
613994,2016,5,24,"2016-05-24","19:25:00",3,"KS",20,0,0,0,0,0,0,37.4775,-98.6651,37.5073,-98.6484,2.3,75,1,1,1,151,0,0,0,0
613995,2016,5,24,"2016-05-24","19:36:00",3,"CO",8,0,0,0,0,0,0,40.2279,-102.7278,40.2382,-102.7092,1.21,25,1,1,1,125,0,0,0,0
613996,2016,5,24,"2016-05-24","19:38:00",3,"KS",20,0,0,0,0,0,0,38.5015,-99.0984,38.5038,-99.0954,0.2,50,1,1,1,165,0,0,0,0
613997,2016,5,24,"2016-05-24","21:06:00",3,"NE",31,0,0,0,0,50000,0,40.39,-101.64,40.39,-101.64,0.1,50,1,1,1,29,0,0,0,0
613998,2016,5,25,"2016-05-25","00:29:00",3,"OK",40,0,1,0,0,5000,0,35.7108,-95.83,35.7243,-95.8027,1.8,350,1,1,1,111,0,0,0,0
613999,2016,5,25,"2016-05-25","14:10:00",3,"MN",27,0,0,0,0,10000,0,45.6989,-95.2829,45.7,-95.28,0.16,25,1,1,1,121,0,0,0,0
614000,2016,5,25,"2016-05-25","17:08:00",3,"KS",20,0,0,0,0,0,0,39.0566,-97.7891,39.0557,-97.7805,0.47,25,1,1,1,143,0,0,0,0
614001,2016,5,25,"2016-05-25","17:09:00",3,"MN",27,0,0,0,0,15000,0,45.6894,-94.6042,45.7298,-94.5674,3.3,25,1,1,1,145,0,0,0,0
614002,2016,5,25,"2016-05-25","18:07:00",3,"KS",20,0,4,8,0,0,0,38.9955,-97.4365,38.9557,-96.9717,25.09,900,1,1,1,143,41,0,0,0
614003,2016,5,25,"2016-05-25","20:27:00",3,"KS",20,0,1,0,0,0,0,38.85,-96.5614,38.8198,-96.471,5.3,75,1,1,1,127,0,0,0,0
614004,2016,5,25,"2016-05-25","20:53:00",3,"OK",40,0,2,0,0,20000,0,36.4966,-98.0699,36.5293,-98.0282,5,300,1,1,1,47,0,0,0,0
614005,2016,5,25,"2016-05-25","21:25:00",3,"KS",20,0,1,0,0,0,0,38.7743,-96.1443,38.7873,-96.0809,3.53,50,1,1,1,197,0,0,0,0
614006,2016,5,26,"2016-05-26","11:30:00",3,"TX",48,0,1,0,0,7e+06,0,30.6792,-96.3106,30.6386,-96.3202,2.86,50,1,1,1,41,0,0,0,0
614007,2016,5,26,"2016-05-26","13:03:00",3,"KS",20,0,0,0,0,0,0,39.1733,-96.3958,39.1733,-96.3958,0.01,25,1,1,1,161,0,0,0,0
614008,2016,5,26,"2016-05-26","13:20:00",3,"KS",20,0,1,0,0,0,0,39.1976,-96.3104,39.2771,-96.313,5.49,100,1,1,1,149,0,0,0,0
614009,2016,5,26,"2016-05-26","14:03:00",3,"TX",48,0,0,0,0,10000,0,30.312,-96.2315,30.3096,-96.2264,0.35,30,1,1,1,477,0,0,0,0
614010,2016,5,26,"2016-05-26","14:20:00",3,"TX",48,0,0,0,0,50000,0,30.3244,-96.1074,30.3242,-96.1056,0.11,30,1,1,1,185,0,0,0,0
614011,2016,5,26,"2016-05-26","14:28:00",3,"TX",48,0,1,0,0,1e+05,0,30.3137,-96.0487,30.3134,-96.0471,0.1,50,1,1,1,185,0,0,0,0
614012,2016,5,26,"2016-05-26","14:29:00",3,"TX",48,0,2,0,0,2e+05,0,30.3069,-96.0471,30.3038,-96.026,1.28,100,1,1,1,185,0,0,0,0
614013,2016,5,26,"2016-05-26","15:00:00",3,"KS",20,0,0,0,0,0,0,39.1198,-95.9632,39.1198,-95.9632,0.01,25,1,1,1,177,0,0,0,0
614014,2016,5,26,"2016-05-26","15:06:00",3,"KS",20,0,0,0,0,0,0,39.0938,-95.8586,39.0952,-95.8249,1.81,50,1,1,1,177,0,0,0,0
614015,2016,5,26,"2016-05-26","16:03:00",3,"MO",29,0,0,0,0,0,0,38.63,-93.62,38.65,-93.62,1.38,25,1,1,1,101,0,0,0,0
614016,2016,5,26,"2016-05-26","16:52:00",3,"TX",48,0,1,0,0,1e+05,0,30.335,-95.5055,30.3457,-95.4952,0.96,300,1,1,1,339,0,0,0,0
614017,2016,5,26,"2016-05-26","17:05:00",3,"CO",8,0,0,0,0,0,0,38.6401,-102.7521,38.6402,-102.7517,0.02,50,1,1,1,17,0,0,0,0
614018,2016,5,26,"2016-05-26","17:23:00",3,"CO",8,0,0,0,0,0,0,39.3611,-102.8663,39.4194,-102.8519,4.1,25,1,1,1,63,0,0,0,0
614019,2016,5,26,"2016-05-26","19:01:00",3,"TX",48,0,1,0,0,0,0,31.95,-99.31,31.99,-99.23,5.44,400,1,1,1,83,0,0,0,0
614020,2016,5,26,"2016-05-26","19:10:00",3,"TX",48,0,-9,0,0,0,0,36.05,-100.06,36.0511,-100.0585,0.11,25,1,1,1,211,0,0,0,0
614021,2016,5,27,"2016-05-27","12:28:00",3,"TX",48,0,0,0,0,2000,0,31.0656,-94.1305,31.0659,-94.1298,0.05,50,1,1,1,241,0,0,0,0
614022,2016,5,27,"2016-05-27","13:14:00",3,"MN",27,0,0,0,0,0,0,47.84,-95.92,47.84,-95.92,0.05,50,1,1,1,125,0,0,0,0
614023,2016,5,27,"2016-05-27","13:57:00",3,"MN",27,0,0,0,0,0,0,46.82,-96.7,46.82,-96.7,0.05,75,1,1,1,27,0,0,0,0
614024,2016,5,27,"2016-05-27","14:01:00",3,"MN",27,0,0,0,0,0,0,46.9,-96.6,46.9,-96.6,0.05,50,1,1,1,27,0,0,0,0
614025,2016,5,27,"2016-05-27","14:43:00",3,"CO",8,0,-9,0,0,0,0,38.54,-102.08,38.5388,-102.0794,0.09,50,1,1,1,61,0,0,0,0
614026,2016,5,27,"2016-05-27","14:51:00",3,"KS",20,0,0,0,0,0,0,38.5107,-101.7408,38.5109,-101.7431,0.13,25,1,1,1,71,0,0,0,0
614027,2016,5,27,"2016-05-27","14:55:00",3,"CO",8,0,-9,0,0,0,0,38.4645,-102.0629,38.4589,-102.0459,1,100,1,1,1,61,0,0,0,0
614028,2016,5,27,"2016-05-27","15:04:00",3,"CO",8,0,-9,0,0,0,0,38.4845,-102.08,38.4767,-102.0765,0.2,75,1,1,1,61,0,0,0,0
614029,2016,5,27,"2016-05-27","15:12:00",3,"KS",20,0,0,0,0,0,0,38.4766,-101.6671,38.477,-101.669,0.1,25,1,1,1,71,0,0,0,0
614030,2016,5,27,"2016-05-27","15:13:00",3,"KS",20,0,0,0,0,0,0,38.5013,-101.5447,38.5047,-101.5614,0.93,25,1,1,1,203,0,0,0,0
614031,2016,5,27,"2016-05-27","16:26:00",3,"KS",20,0,0,0,0,0,0,37.6499,-96.8398,37.6499,-96.8398,0.1,50,1,1,1,15,0,0,0,0
614032,2016,5,27,"2016-05-27","16:35:00",3,"WI",55,0,1,0,0,1e+05,0,43.7294,-88.7834,43.793,-88.7916,4.5,330,1,1,1,39,0,0,0,0
614033,2016,5,27,"2016-05-27","16:42:00",3,"KS",20,0,0,0,0,0,0,38.5388,-100.4444,38.5641,-100.4573,1.88,50,1,1,1,101,0,0,0,0
614034,2016,5,27,"2016-05-27","17:16:00",3,"KS",20,0,0,0,0,0,0,38.5046,-100.3449,38.5151,-100.324,1.34,50,1,1,1,101,0,0,0,0
614035,2016,5,27,"2016-05-27","17:21:00",3,"KS",20,0,0,0,0,0,0,38.6042,-99.8561,38.6162,-99.8525,0.85,50,1,1,1,135,0,0,0,0
614036,2016,5,28,"2016-05-28","10:02:00",3,"SD",46,0,0,0,0,0,0,45.4184,-99.6829,45.4177,-99.6834,0.06,20,1,1,1,45,0,0,0,0
614037,2016,5,28,"2016-05-28","10:10:00",3,"SD",46,0,0,0,0,0,0,45.4163,-99.6853,45.415,-99.6856,0.09,20,1,1,1,45,0,0,0,0
614038,2016,5,28,"2016-05-28","13:24:00",3,"SD",46,0,0,0,0,0,0,43.26,-96.86,43.261,-96.859,0.09,25,1,1,1,83,0,0,0,0
614039,2016,5,28,"2016-05-28","16:52:00",3,"IA",19,0,0,0,0,0,0,42.61,-95.98,42.611,-95.979,0.09,25,1,1,1,149,0,0,0,0
614040,2016,5,28,"2016-05-28","18:50:00",3,"TX",48,0,2,0,0,0,0,30.4034,-99.467,30.3657,-99.399,4.82,150,1,1,1,267,0,0,0,0
614041,2016,5,29,"2016-05-29","19:09:00",3,"TX",48,0,0,0,0,0,0,33.31,-99.05,33.31,-99.0497,0.02,25,1,1,1,447,0,0,0,0
614042,2016,5,29,"2016-05-29","20:28:00",3,"TX",48,0,0,0,0,0,0,32.8929,-99.363,32.8888,-99.3339,1.71,50,1,1,1,417,0,0,0,0
614043,2016,5,30,"2016-05-30","08:54:00",3,"TX",48,0,0,0,0,50000,0,27.9722,-97.4104,27.9717,-97.4013,0.55,25,1,1,1,409,0,0,0,0
614044,2016,5,30,"2016-05-30","14:05:00",3,"NE",31,0,0,0,0,0,0,41.0722,-103.1209,41.0727,-103.1051,0.83,30,1,1,1,33,0,0,0,0
614045,2016,5,30,"2016-05-30","14:07:00",3,"NE",31,0,0,0,0,0,0,41.0091,-103.1043,41.0026,-103.1007,0.48,30,1,1,1,33,0,0,0,0
614046,2016,5,30,"2016-05-30","14:18:00",3,"CO",8,0,1,0,0,0,0,41.0018,-103.2068,40.9368,-103.2062,4.49,100,1,1,1,75,0,0,0,0
614047,2016,5,30,"2016-05-30","14:20:00",3,"NE",31,0,0,0,0,0,0,41.0807,-103.0907,41.0792,-103.0651,1.34,30,1,1,1,33,0,0,0,0
614048,2016,5,30,"2016-05-30","17:14:00",3,"MO",29,0,0,0,0,0,0,40.0334,-93.6757,40.0334,-93.6757,0.01,10,1,1,1,79,0,0,0,0
614049,2016,5,30,"2016-05-30","17:29:00",3,"MO",29,0,0,0,0,0,0,40.13,-93.74,40.13,-93.74,0.01,10,1,1,1,79,0,0,0,0
614050,2016,5,31,"2016-05-31","09:04:00",3,"IA",19,0,0,0,0,0,0,41.8865,-90.318,41.8867,-90.3175,0.03,10,1,1,1,45,0,0,0,0
614051,2016,5,31,"2016-05-31","16:28:00",3,"OK",40,0,-9,0,0,0,0,35.241,-97.96,35.242,-97.951,0.5,30,1,1,1,51,0,0,0,0
614052,2016,5,31,"2016-05-31","16:28:00",3,"OK",40,0,-9,0,0,0,0,35.226,-97.986,35.232,-97.979,0.7,30,1,1,1,51,0,0,0,0
614053,2016,5,31,"2016-05-31","16:28:00",3,"OK",40,0,-9,0,0,0,0,35.193,-98.019,35.202,-98.014,0.7,30,1,1,1,51,0,0,0,0
614054,2016,5,31,"2016-05-31","16:33:00",3,"TX",48,0,0,0,0,0,0,28.488,-98.2871,28.5028,-98.2466,2.66,25,1,1,1,297,0,0,0,0
614055,2016,5,31,"2016-05-31","17:30:00",3,"TX",48,0,1,0,0,2500000,0,27.4919,-97.8512,27.4969,-97.8646,0.9,200,1,1,1,273,0,0,0,0
614056,2016,5,31,"2016-05-31","17:41:00",3,"TX",48,0,1,0,0,1e+06,0,27.4664,-97.8316,27.475,-97.8666,2.25,400,1,1,1,273,0,0,0,0
614057,2016,5,31,"2016-05-31","17:53:00",3,"TX",48,0,0,0,0,0,0,27.3794,-97.8829,27.3797,-97.8763,0.4,30,1,1,1,273,0,0,0,0
614058,2016,5,31,"2016-05-31","18:04:00",3,"MO",29,0,0,0,0,0,0,40.4725,-93.04,40.475,-93.0399,0.01,20,1,1,1,171,0,0,0,0
613842,2016,5,1,"2016-05-01","18:38:00",3,"IN",18,0,0,0,0,0,0,40.1701,-86.917,40.1701,-86.917,0.01,25,1,1,1,107,0,0,0,0
613843,2016,5,5,"2016-05-05","12:28:00",3,"NC",37,0,1,1,0,5e+05,0,34.2506,-77.8175,34.2689,-77.7951,1.8,75,1,1,1,129,0,0,0,0
613844,2016,5,7,"2016-05-07","14:20:00",3,"CO",8,0,0,0,0,0,0,40.4167,-104.1187,40.4167,-104.1187,0.5,50,1,1,1,87,0,0,0,0
613845,2016,5,7,"2016-05-07","14:25:00",3,"CO",8,0,0,0,0,0,0,40.5392,-104.1044,40.5392,-104.1044,0.5,50,1,1,1,123,0,0,0,0
613846,2016,5,7,"2016-05-07","14:55:00",3,"CO",8,0,2,0,0,0,0,40.23,-104.17,40.3819,-104.1426,8.8,1320,1,1,1,123,0,0,0,0
613847,2016,5,7,"2016-05-07","15:35:00",3,"CO",8,0,0,0,0,0,0,40.3459,-103.8355,40.3459,-103.8355,0.5,50,1,1,1,87,0,0,0,0
613848,2016,5,7,"2016-05-07","16:06:00",3,"CO",8,0,0,0,0,0,0,39.9592,-102.5499,40.0164,-102.5343,4.04,25,1,1,1,125,0,0,0,0
613849,2016,5,7,"2016-05-07","16:57:00",3,"CO",8,0,0,0,0,0,0,40.1899,-102.4529,40.2076,-102.4608,1.29,25,1,1,1,125,0,0,0,0
613850,2016,5,7,"2016-05-07","17:37:00",3,"CO",8,0,0,0,0,0,0,40.0311,-102.2326,40.0402,-102.2324,0.63,100,1,1,1,125,0,0,0,0
613851,2016,5,7,"2016-05-07","17:53:00",3,"CO",8,0,2,4,0,135000,0,40.1198,-102.2327,40.233,-102.2071,7.94,440,1,1,1,125,0,0,0,0
613852,2016,5,7,"2016-05-07","18:20:00",3,"IN",18,0,1,0,0,50000,0,38.48,-87.1532,38.4704,-87.0741,4.33,70,1,1,1,125,0,0,0,0
613853,2016,5,8,"2016-05-08","16:33:00",3,"KS",20,0,0,0,0,0,0,38.8911,-100.5182,38.961,-100.3803,8.85,25,1,1,1,63,0,0,0,0
613854,2016,5,8,"2016-05-08","17:00:00",3,"KS",20,0,0,0,0,0,0,38.7885,-99.9222,38.7981,-99.8902,1.9,25,1,1,1,195,0,0,0,0
613855,2016,5,8,"2016-05-08","17:25:00",3,"NE",31,0,0,0,0,0,0,40.2441,-100.4049,40.2491,-100.4048,0.35,25,1,1,1,145,0,0,0,0
613856,2016,5,8,"2016-05-08","18:00:00",3,"KS",20,0,0,0,0,0,0,39.0196,-99.5261,39.0294,-99.5157,0.9,50,1,1,1,51,0,0,0,0
613857,2016,5,8,"2016-05-08","18:03:00",3,"OK",40,0,-9,0,0,0,0,34.581,-98.076,34.581,-98.053,1.3,40,1,1,1,137,0,0,0,0
613858,2016,5,8,"2016-05-08","18:08:00",3,"KS",20,0,2,0,0,2000,0,39.05,-99.2218,39.1385,-99.1822,6.88,440,1,1,1,51,163,0,0,0
613859,2016,5,8,"2016-05-08","18:27:00",3,"KS",20,0,1,0,0,15000,0,39.1367,-99.1623,39.1739,-99.1407,2.82,500,1,1,1,163,0,0,0,0
613860,2016,5,8,"2016-05-08","18:29:00",3,"NE",31,0,0,0,0,0,0,40.58,-100.38,40.58,-100.38,0.01,20,1,1,1,63,0,0,0,0
613861,2016,5,9,"2016-05-09","14:06:00",3,"IA",19,0,0,0,0,0,0,40.7552,-92.5004,40.7563,-92.5065,0.33,10,1,1,1,51,0,0,0,0
613862,2016,5,9,"2016-05-09","15:06:00",3,"OK",40,0,4,0,1,1e+06,0,34.559,-97.357,34.589,-97.21,8.9,400,1,1,1,49,0,0,0,0
613863,2016,5,9,"2016-05-09","15:25:00",3,"NE",31,0,1,0,0,0,0,40.7365,-96.6106,40.7364,-96.6208,0.53,50,1,1,1,109,0,0,0,0
613864,2016,5,9,"2016-05-09","15:30:00",3,"NE",31,0,0,0,0,0,0,40.7254,-99.2471,40.7254,-99.2471,0.01,20,1,1,1,19,0,0,0,0
613865,2016,5,9,"2016-05-09","15:34:00",3,"OK",40,0,3,0,0,4e+06,0,34.565,-97.146,34.595,-96.859,16.6,1500,1,1,1,99,123,0,0,0
613866,2016,5,9,"2016-05-09","15:53:00",3,"NE",31,0,1,0,0,0,0,40.6946,-96.583,40.6971,-96.5813,0.19,50,1,1,1,109,0,0,0,0
613867,2016,5,9,"2016-05-09","16:06:00",3,"NE",31,0,0,0,0,75000,0,40.428,-98.0625,40.4428,-98.0157,2.67,35,1,1,1,35,0,0,0,0
613868,2016,5,9,"2016-05-09","16:15:00",3,"IL",17,0,0,0,0,0,0,40.53,-90.48,40.5314,-90.4801,0.1,15,1,1,1,109,0,0,0,0
613869,2016,5,9,"2016-05-09","16:16:00",3,"OK",40,0,-9,0,0,0,0,35.2228,-97.2282,35.2228,-97.2282,0.1,10,1,1,1,27,0,0,0,0
613870,2016,5,9,"2016-05-09","16:18:00",3,"IA",19,0,0,0,0,0,0,41.2,-91.44,41.2005,-91.4385,0.09,10,1,1,1,115,0,0,0,0
613871,2016,5,9,"2016-05-09","16:18:00",3,"OK",40,0,-9,0,0,0,0,34.48,-96.755,34.49,-96.736,1.5,20,1,1,1,69,0,0,0,0
613872,2016,5,9,"2016-05-09","16:18:00",3,"OK",40,0,3,0,1,250000,0,34.391,-96.638,34.42,-96.484,9.06,700,1,1,1,69,29,0,0,0
613873,2016,5,9,"2016-05-09","16:41:00",3,"IL",17,0,0,0,0,0,0,40.7,-90.53,40.701,-90.529,0.09,25,1,1,1,187,0,0,0,0
613874,2016,5,9,"2016-05-09","16:46:00",3,"OK",40,0,1,0,0,40000,0,34.408,-96.341,34.449,-96.128,12.95,900,1,1,1,5,29,5,0,0
613875,2016,5,9,"2016-05-09","16:47:00",3,"OK",40,0,-9,0,0,0,0,34.385,-96.358,34.385,-96.358,0.3,30,1,1,1,5,0,0,0,0
613876,2016,5,9,"2016-05-09","16:49:00",3,"NE",31,0,2,0,0,0,0,40.8213,-96.0074,40.8586,-96.046,3.27,100,1,1,1,25,0,0,0,0
613877,2016,5,9,"2016-05-09","16:58:00",3,"OK",40,0,2,0,0,260000,0,36.194,-97.171,36.268,-97.11,6.35,600,1,1,1,103,119,103,0,0
613878,2016,5,9,"2016-05-09","17:22:00",3,"OK",40,0,3,2,0,3e+06,0,33.9647,-95.9914,34.0049,-95.7588,13.8,3100,1,1,1,13,23,0,0,0
613879,2016,5,9,"2016-05-09","17:40:00",3,"KS",20,0,0,0,0,0,0,39.5,-97,39.5,-97,0.02,25,1,1,1,27,0,0,0,0
613880,2016,5,9,"2016-05-09","18:02:00",3,"OK",40,0,1,0,0,250000,0,34.0107,-95.5699,34.0148,-95.4649,6.1,650,1,1,1,23,0,0,0,0
613881,2016,5,9,"2016-05-09","18:18:00",3,"OK",40,0,-9,0,0,0,0,34.077,-95.4526,34.1008,-95.3468,6,150,1,1,1,23,0,0,0,0
613882,2016,5,9,"2016-05-09","18:25:00",3,"OK",40,0,-9,0,0,0,0,34.072,-95.3956,34.0761,-95.387,0.5,75,1,1,1,23,0,0,0,0
613883,2016,5,9,"2016-05-09","18:46:00",3,"IA",19,0,0,0,0,5000,0,41.6517,-94.6394,41.7231,-94.6874,5.52,130,1,1,1,77,0,0,0,0
613884,2016,5,9,"2016-05-09","19:18:00",3,"IA",19,0,0,0,0,0,0,41.7661,-94.6819,41.7797,-94.7044,1.5,20,1,1,1,77,0,0,0,0
613885,2016,5,9,"2016-05-09","19:25:00",3,"MT",30,0,0,0,0,0,0,48.39,-104.49,48.39,-104.5,0.46,30,1,1,1,91,0,0,0,0
613886,2016,5,9,"2016-05-09","19:59:00",3,"TX",48,0,1,0,0,10000,0,33.6108,-94.6584,33.6399,-94.6522,2.04,390,1,1,1,37,0,0,0,0
613887,2016,5,9,"2016-05-09","20:06:00",3,"TX",48,0,1,0,0,0,0,33.6413,-94.6154,33.6434,-94.6153,0.15,120,1,1,1,37,0,0,0,0
613888,2016,5,9,"2016-05-09","21:34:00",3,"AR",5,0,1,0,0,5e+05,0,34.69,-92.61,34.7042,-92.5699,2.7,200,1,1,1,125,0,0,0,0
614070,2016,6,10,"2016-06-10","19:00:00",3,"WI",55,0,0,0,0,0,0,44.3395,-88.4412,44.3238,-88.4226,1.42,25,1,1,1,87,0,0,0,0
614071,2016,6,11,"2016-06-11","18:54:00",3,"MT",30,0,3,7,0,1500000,0,46.31,-104.25,46.36,-104.27,3,200,1,1,1,25,0,0,0,0
614072,2016,6,13,"2016-06-13","13:41:00",3,"CO",8,0,-9,0,0,0,0,37.18,-104.21,37.19,-104.16,2.84,200,1,1,1,71,0,0,0,0
614073,2016,6,13,"2016-06-13","16:22:00",3,"SD",46,0,2,0,0,1e+05,0,43.8634,-103.2461,43.9132,-103.1141,7.42,200,1,1,1,103,0,0,0,0
614074,2016,6,13,"2016-06-13","16:30:00",3,"IL",17,0,0,0,0,0,0,38.4646,-90.0069,38.4692,-90.0118,0.41,25,1,1,1,163,0,0,0,0
614075,2016,6,13,"2016-06-13","17:24:00",3,"CO",8,0,0,0,0,0,0,40.09,-103.79,40.09,-103.79,0.1,50,1,1,1,87,0,0,0,0
614076,2016,6,13,"2016-06-13","17:35:00",3,"LA",22,0,0,0,0,0,0,29.71,-91.15,29.71,-91.15,0.01,5,1,1,1,101,0,0,0,0
614077,2016,6,13,"2016-06-13","19:06:00",3,"TX",48,0,0,0,0,0,0,35.788,-101.747,35.792,-101.745,0.3,50,1,1,1,341,0,0,0,0
614078,2016,6,13,"2016-06-13","19:25:00",3,"TX",48,0,2,0,0,0,0,35.428,-101.643,35.4063,-101.5742,4.96,100,1,1,1,375,65,0,0,0
614079,2016,6,14,"2016-06-14","12:52:00",3,"MN",27,0,0,0,0,0,0,43.9812,-96.3452,44.0359,-96.3463,3.78,20,1,1,1,117,0,0,0,0
614080,2016,6,14,"2016-06-14","13:22:00",3,"IA",19,0,0,0,0,1000,0,43.35,-95.3205,43.354,-95.316,0.36,25,1,1,1,59,0,0,0,0
614081,2016,6,14,"2016-06-14","13:42:00",3,"SD",46,0,0,0,0,0,0,45.3517,-97.622,45.3699,-97.5988,1.69,10,1,1,1,37,0,0,0,0
614082,2016,6,14,"2016-06-14","14:14:00",3,"SD",46,0,0,0,0,0,0,45.2872,-97.3168,45.3119,-97.2944,2.02,10,1,1,1,37,0,0,0,0
614083,2016,6,14,"2016-06-14","14:34:00",3,"MN",27,0,0,0,0,0,0,43.9589,-94.2033,43.9596,-94.199,0.22,25,1,1,1,13,0,0,0,0
614084,2016,6,14,"2016-06-14","15:05:00",3,"MN",27,0,0,0,0,0,0,44.1973,-93.5417,44.2209,-93.5124,2.18,25,1,1,1,79,131,0,0,0
614085,2016,6,14,"2016-06-14","15:14:00",3,"SD",46,0,0,0,0,0,0,45.3261,-96.8461,45.4046,-96.8417,5.43,15,1,1,1,109,0,0,0,0
614086,2016,6,14,"2016-06-14","15:28:00",3,"MN",27,0,0,0,0,0,0,44.3134,-93.4661,44.3164,-93.4607,0.34,25,1,1,1,131,0,0,0,0
614087,2016,6,14,"2016-06-14","15:33:00",3,"MN",27,0,0,0,0,0,0,44.1282,-93.8622,44.1481,-93.8294,2.13,20,1,1,1,13,0,0,0,0
614088,2016,6,14,"2016-06-14","16:10:00",3,"MN",27,0,0,0,0,0,0,45.51,-96.64,45.511,-96.6399,0.07,10,1,1,1,11,0,0,0,0
614089,2016,6,14,"2016-06-14","16:16:00",3,"IA",19,0,0,0,0,0,0,42.25,-91.95,42.2511,-91.9471,0.17,10,1,1,1,11,0,0,0,0
614090,2016,6,14,"2016-06-14","16:26:00",3,"MN",27,0,0,0,0,0,0,45.56,-96.6,45.5721,-96.5991,0.84,10,1,1,1,11,0,0,0,0
614091,2016,6,14,"2016-06-14","16:50:00",3,"MN",27,0,0,0,0,0,0,45.61,-96.53,45.6119,-96.5299,0.13,10,1,1,1,155,0,0,0,0
614092,2016,6,14,"2016-06-14","18:15:00",3,"IL",17,0,0,0,0,0,0,41.1595,-89.7102,41.1598,-89.7089,0.07,10,1,1,1,175,0,0,0,0
614093,2016,6,15,"2016-06-15","17:47:00",3,"WI",55,0,-9,0,0,0,0,44.1085,-88.3383,44.1001,-88.3307,0.69,25,1,1,1,15,0,0,0,0
614094,2016,6,16,"2016-06-16","13:35:00",3,"PA",42,0,0,0,0,1000,0,39.7397,-78.3438,39.7397,-78.3438,0.11,50,1,1,1,57,0,0,0,0
614095,2016,6,16,"2016-06-16","14:42:00",3,"PA",42,0,0,0,0,15000,0,39.9632,-79.6793,39.9589,-79.6741,0.4,200,1,1,1,51,0,0,0,0
614096,2016,6,16,"2016-06-16","14:49:00",3,"WV",54,0,0,0,0,7000,0,39.6498,-80.0719,39.6497,-80.0688,0.16,350,1,1,1,61,0,0,0,0
614097,2016,6,19,"2016-06-19","07:00:00",3,"MN",27,0,1,0,0,0,0,48.6111,-94.9904,48.6055,-94.9298,2.95,400,1,1,1,77,0,0,0,0
614098,2016,6,19,"2016-06-19","17:22:00",3,"MN",27,0,0,0,0,0,0,48.91,-95.72,48.9099,-95.7153,0.25,20,1,1,1,135,0,0,0,0
614099,2016,6,19,"2016-06-19","17:29:00",3,"MN",27,0,0,0,0,0,0,46.5,-94.79,46.496,-94.7381,2.33,100,1,1,1,159,21,0,0,0
614100,2016,6,19,"2016-06-19","17:49:00",3,"MN",27,0,1,0,0,0,0,47.0188,-93.2464,47.051,-93.0807,8.12,440,1,1,1,1,61,0,0,0
614101,2016,6,19,"2016-06-19","18:06:00",3,"MN",27,0,1,0,0,0,0,47.2785,-92.7227,47.2739,-92.5687,7.23,250,1,1,1,137,0,0,0,0
614102,2016,6,19,"2016-06-19","18:11:00",3,"MN",27,0,2,0,0,0,0,46.4449,-93.9158,46.4128,-93.8585,3.52,730,1,1,1,35,0,0,0,0
614103,2016,6,21,"2016-06-21","11:29:00",3,"MD",24,0,0,0,0,0,0,39.3314,-77.1119,39.2656,-76.8913,12.64,500,1,1,1,27,0,0,0,0
614104,2016,6,21,"2016-06-21","13:00:00",3,"WV",54,0,1,0,0,50000,0,38.2697,-80.5038,38.2293,-80.4189,5.39,300,1,1,1,67,25,0,0,0
614105,2016,6,21,"2016-06-21","19:30:00",3,"WV",54,0,1,0,0,20000,0,39.1559,-79.9642,39.1551,-79.9575,0.36,200,1,1,1,1,0,0,0,0
614106,2016,6,21,"2016-06-21","20:10:00",3,"ND",38,0,1,0,0,2e+05,30000,46.3101,-102.4018,46.3235,-102.339,3.2,35,1,1,1,41,0,0,0,0
614107,2016,6,21,"2016-06-21","20:46:00",3,"ND",38,0,0,0,0,0,0,47.81,-103.38,47.8097,-103.3714,0.4,20,1,1,1,53,0,0,0,0
614108,2016,6,22,"2016-06-22","18:19:00",3,"IL",17,0,1,0,0,0,0,41.6989,-89.1684,41.7012,-89.0972,4.1,300,1,1,1,103,0,0,0,0
614109,2016,6,22,"2016-06-22","18:31:00",3,"IL",17,0,0,0,0,0,0,41.7134,-89.1286,41.7133,-89.1261,0.1,50,1,1,1,103,0,0,0,0
614110,2016,6,22,"2016-06-22","18:40:00",3,"IL",17,0,0,0,0,0,0,41.516,-89.3762,41.5112,-89.3671,0.58,25,1,1,1,11,0,0,0,0
614111,2016,6,22,"2016-06-22","18:59:00",3,"IL",17,0,0,0,0,0,0,41.6233,-88.8999,41.619,-88.9003,0.3,75,1,1,1,99,0,0,0,0
614112,2016,6,22,"2016-06-22","18:59:00",3,"IL",17,0,1,0,0,0,0,41.596,-88.9176,41.5692,-88.8433,4.3,400,1,1,1,99,0,0,0,0
614113,2016,6,22,"2016-06-22","19:02:00",3,"IL",17,0,1,0,0,0,0,41.6152,-88.904,41.6,-88.889,1.4,250,1,1,1,99,0,0,0,0
614114,2016,6,22,"2016-06-22","19:04:00",3,"IL",17,0,0,0,0,0,0,41.5052,-89.6737,41.5048,-89.6684,0.28,10,1,1,1,11,0,0,0,0
614115,2016,6,22,"2016-06-22","19:11:00",3,"IL",17,0,1,0,0,0,0,41.4641,-89.0885,41.4644,-89.0792,0.5,50,1,1,1,99,0,0,0,0
614116,2016,6,22,"2016-06-22","19:22:00",3,"IL",17,0,1,0,0,0,0,41.563,-88.7753,41.5656,-88.7424,1.7,250,1,1,1,99,0,0,0,0
614117,2016,6,22,"2016-06-22","19:32:00",3,"IL",17,0,1,0,0,0,0,41.414,-88.9084,41.4112,-88.9005,0.5,50,1,1,1,99,0,0,0,0
614118,2016,6,22,"2016-06-22","19:35:00",3,"IL",17,0,1,0,0,0,0,41.414,-89.3675,41.4133,-89.3583,0.48,50,1,1,1,11,0,0,0,0
614119,2016,6,22,"2016-06-22","19:48:00",3,"IL",17,0,1,0,0,0,0,41.4402,-88.8712,41.3812,-88.7732,6.7,100,1,1,1,99,0,0,0,0
614120,2016,6,22,"2016-06-22","19:53:00",3,"IL",17,0,2,0,0,0,0,41.3669,-88.71,41.3303,-88.5632,8.05,300,1,1,1,99,63,0,0,0
614121,2016,6,22,"2016-06-22","20:29:00",3,"IL",17,0,0,0,0,0,0,41.266,-88.3734,41.2674,-88.3601,0.7,100,1,1,1,63,0,0,0,0
614122,2016,6,22,"2016-06-22","21:06:00",3,"IL",17,0,2,4,0,0,0,40.9183,-88.7776,40.8485,-88.5857,11.1,440,1,1,1,105,0,0,0,0
614123,2016,6,22,"2016-06-22","21:12:00",3,"IL",17,0,1,0,0,0,0,40.9223,-87.9891,40.9092,-87.9616,1.7,50,1,1,1,75,0,0,0,0
614124,2016,6,22,"2016-06-22","21:49:00",3,"IL",17,0,0,0,0,0,0,40.7769,-88.2997,40.7763,-88.2989,0.1,10,1,1,1,105,0,0,0,0
614125,2016,6,22,"2016-06-22","22:37:00",3,"IL",17,0,1,0,0,0,0,40.5867,-87.9016,40.5586,-87.8575,3.1,440,1,1,1,75,0,0,0,0
614126,2016,6,22,"2016-06-22","22:51:00",3,"IN",18,0,1,0,0,0,0,40.803,-85.4654,40.8015,-85.4196,2.4,200,1,1,1,69,0,0,0,0
614127,2016,6,22,"2016-06-22","22:57:00",3,"IN",18,0,2,0,0,0,0,40.81,-85.4355,40.7823,-85.4095,2.35,300,1,1,1,69,0,0,0,0
614128,2016,6,23,"2016-06-23","01:03:00",3,"OH",39,0,1,0,0,360000,10000,39.5346,-84.1141,39.367,-83.793,20.7,250,1,1,1,165,0,0,0,0
614129,2016,6,23,"2016-06-23","01:20:00",3,"OH",39,0,1,0,0,110000,10000,39.5518,-83.5538,39.5197,-83.499,3.8,300,1,1,1,47,0,0,0,0
614130,2016,6,23,"2016-06-23","03:07:00",3,"WV",54,0,1,2,0,20000,0,38.6488,-81.6858,38.6484,-81.6848,0.06,20,1,1,1,35,0,0,0,0
614131,2016,6,23,"2016-06-23","13:27:00",3,"CO",8,0,-9,0,0,0,0,38.4536,-105.1038,38.4529,-105.0947,0.18,50,1,1,1,43,0,0,0,0
614132,2016,6,25,"2016-06-25","11:45:00",3,"NC",37,0,0,1,0,50000,0,34.7,-76.9971,34.6972,-77.0081,0.46,30,1,1,1,31,0,0,0,0
614133,2016,6,26,"2016-06-26","01:30:00",3,"WI",55,0,1,0,0,2e+05,0,44.4902,-88.8254,44.4897,-88.7707,2.7,100,1,1,1,135,0,0,0,0
614134,2016,6,26,"2016-06-26","11:45:00",3,"GA",13,0,0,0,0,5000,0,31.17,-83.54,31.17,-83.54,0.01,10,1,1,1,75,0,0,0,0
614135,2016,6,27,"2016-06-27","14:51:00",3,"CO",8,0,0,0,0,0,0,39.0884,-103.0725,39.0884,-103.0725,0.01,25,1,1,1,63,0,0,0,0
614136,2016,6,27,"2016-06-27","16:40:00",3,"CO",8,0,0,0,0,0,0,40.9,-102.16,40.9,-102.16,0.01,25,1,1,1,115,0,0,0,0
614137,2016,6,27,"2016-06-27","17:30:00",3,"CO",8,0,0,0,0,0,0,40.61,-102.47,40.61,-102.47,0.01,25,1,1,1,95,0,0,0,0
614138,2016,6,28,"2016-06-28","18:32:00",3,"NE",31,0,0,0,0,0,0,42.24,-101.93,42.24,-101.91,1,60,1,1,1,31,0,0,0,0
614139,2016,6,28,"2016-06-28","18:52:00",3,"NE",31,0,2,0,0,50000,0,42.09,-101.83,42.08,-101.81,1,150,1,1,1,31,0,0,0,0
614140,2016,6,29,"2016-06-29","16:51:00",3,"IA",19,0,0,0,0,0,0,41.562,-95.6741,41.5221,-95.7084,3.28,25,1,1,1,85,0,0,0,0
614141,2016,6,29,"2016-06-29","17:06:00",3,"IA",19,0,0,0,0,0,0,41.4978,-95.6706,41.4487,-95.7177,4.18,25,1,1,1,155,0,0,0,0
614142,2016,6,30,"2016-06-30","18:16:00",3,"WI",55,0,0,0,0,5000,0,44.9746,-89.995,44.9746,-89.995,0.01,50,1,1,1,73,0,0,0,0
614143,2016,6,30,"2016-06-30","18:58:00",3,"CO",8,0,0,0,0,0,0,39.49,-102.47,39.487,-102.45,1.09,25,1,1,1,63,0,0,0,0
614144,2016,6,30,"2016-06-30","19:12:00",3,"ID",16,0,0,0,0,0,0,42.7676,-114.4308,42.7476,-114.4214,1.46,50,1,1,1,53,0,0,0,0
614059,2016,6,1,"2016-06-01","10:20:00",3,"TX",48,0,-9,0,0,0,0,33.3092,-102.2315,33.3098,-102.2312,0.04,40,1,1,1,445,0,0,0,0
614060,2016,6,1,"2016-06-01","15:28:00",3,"NE",31,0,0,0,0,2000,0,40.5549,-98.5551,40.5546,-98.5552,0.02,25,1,1,1,1,0,0,0,0
614061,2016,6,1,"2016-06-01","16:45:00",3,"FL",12,0,0,0,0,5000,0,27.852,-81.576,27.844,-81.583,0.7,30,1,1,1,105,0,0,0,0
614062,2016,6,3,"2016-06-03","16:08:00",3,"MN",27,0,0,0,0,5e+05,0,45.5488,-94.808,45.5482,-94.7602,2.31,50,1,1,1,145,0,0,0,0
614063,2016,6,4,"2016-06-04","15:20:00",3,"IN",18,0,0,0,0,1000,0,40.0856,-85.5678,40.0855,-85.5674,0.02,40,1,1,1,35,0,0,0,0
614064,2016,6,4,"2016-06-04","16:06:00",3,"OH",39,0,0,0,0,1e+05,0,40.0346,-82.9488,40.0347,-82.9433,0.3,135,1,1,1,49,0,0,0,0
614065,2016,6,4,"2016-06-04","16:25:00",3,"IN",18,0,0,0,0,40000,0,39.8822,-84.9612,39.8972,-84.9433,1.4,150,1,1,1,177,0,0,0,0
614066,2016,6,4,"2016-06-04","18:00:00",3,"WI",55,0,0,0,0,0,0,44.83,-88.5096,44.83,-88.5096,0.01,50,1,1,1,115,0,0,0,0
614067,2016,6,5,"2016-06-05","15:00:00",3,"PA",42,0,1,0,0,1e+05,0,41.8659,-79.1605,41.868,-79.1455,0.79,120,1,1,1,123,0,0,0,0
614068,2016,6,6,"2016-06-06","13:25:00",3,"FL",12,0,1,0,0,0,0,30.2727,-81.8317,30.3279,-81.8191,3.89,180,1,1,1,31,0,0,0,0
614069,2016,6,8,"2016-06-08","21:22:00",3,"OR",41,0,0,0,0,0,0,44.54,-119.95,44.541,-119.946,0.21,50,1,1,1,69,0,0,0,0
614189,2016,7,10,"2016-07-10","12:30:00",3,"MT",30,0,0,0,0,0,0,45.22,-112.65,45.22,-112.65,0.03,50,1,1,1,1,0,0,0,0
614190,2016,7,10,"2016-07-10","15:10:00",3,"MT",30,0,0,0,0,0,0,46.36,-104.23,46.36,-104.23,0.5,50,1,1,1,25,0,0,0,0
614191,2016,7,10,"2016-07-10","17:17:00",3,"MS",28,0,1,0,0,110000,0,31.5838,-89.9613,31.5948,-89.9595,0.77,260,1,1,1,65,0,0,0,0
614192,2016,7,11,"2016-07-11","16:25:00",3,"MN",27,0,2,0,0,0,0,45.1237,-94.5454,45.1566,-94.5039,3.1,100,1,1,1,93,0,0,0,0
614193,2016,7,11,"2016-07-11","16:52:00",3,"MN",27,0,2,1,0,50000,0,45.2969,-94.4144,45.328,-94.404,2.22,400,1,1,1,93,145,0,0,0
614194,2016,7,11,"2016-07-11","16:58:00",3,"MN",27,0,1,0,0,0,0,45.3394,-94.4014,45.3936,-94.3709,4,250,1,1,1,145,0,0,0,0
614195,2016,7,11,"2016-07-11","17:00:00",3,"FL",12,0,0,0,0,0,0,27.6,-82.12,27.6001,-82.1209,0.05,20,1,1,1,81,0,0,0,0
614196,2016,7,11,"2016-07-11","22:41:00",3,"WI",55,0,1,0,0,50000,0,46.3618,-90.1578,46.3739,-90.114,2.25,100,2,0,1,0,0,0,0,0
614196,2016,7,11,"2016-07-11","22:41:00",3,"WI",55,0,1,0,0,0,0,46.3618,-90.1578,46.3685,-90.13,1.4,20,2,1,2,51,0,0,0,0
614196,2016,7,11,"2016-07-11","22:44:00",3,"MI",26,0,1,0,0,50000,0,46.3685,-90.13,46.3739,-90.114,0.85,100,2,1,2,53,0,0,0,0
614197,2016,7,11,"2016-07-11","22:55:00",3,"MI",26,0,1,0,0,1e+05,0,46.4341,-90.063,46.4512,-90.0181,2.44,200,1,1,1,53,0,0,0,0
614198,2016,7,12,"2016-07-12","01:05:00",3,"WI",55,0,0,0,0,25000,0,44.994,-91.37,45.0003,-91.364,0.53,300,1,1,1,17,0,0,0,0
614199,2016,7,12,"2016-07-12","17:58:00",3,"OR",41,0,0,0,0,0,0,45.5045,-117.0445,45.5045,-117.0445,1,50,1,1,1,63,0,0,0,0
614200,2016,7,13,"2016-07-13","20:18:00",3,"OH",39,0,0,0,0,15000,0,39.1395,-84.6093,39.1402,-84.5961,0.71,150,1,1,1,61,0,0,0,0
614201,2016,7,14,"2016-07-14","12:46:00",3,"NJ",34,0,0,0,0,0,0,40.79,-75.09,40.7859,-75.0472,2.8,75,1,1,1,41,0,0,0,0
614202,2016,7,15,"2016-07-15","14:08:00",3,"CO",8,0,1,0,0,32500,0,38.7527,-102.2221,38.7993,-102.2148,2.32,100,1,1,1,17,0,0,0,0
614203,2016,7,15,"2016-07-15","14:19:00",3,"CO",8,0,0,0,0,0,0,38.7742,-102.2509,38.7247,-102.2747,3.65,200,1,1,1,17,0,0,0,0
614204,2016,7,15,"2016-07-15","15:00:00",3,"CO",8,0,0,0,0,0,0,38.4685,-102.2827,38.4157,-102.2642,3.79,50,1,1,1,61,0,0,0,0
614205,2016,7,15,"2016-07-15","15:48:00",3,"KS",20,0,1,0,0,0,0,38.0591,-101.9092,37.9747,-101.8723,7.8,400,1,1,1,75,0,0,0,0
614206,2016,7,16,"2016-07-16","18:27:00",3,"SD",46,0,0,0,0,0,0,43.1686,-102.2458,43.1686,-102.2458,0.1,20,1,1,1,102,0,0,0,0
614207,2016,7,16,"2016-07-16","19:23:00",3,"SD",46,0,0,0,0,0,0,44.78,-97.73,44.7793,-97.7293,0.06,10,1,1,1,25,0,0,0,0
614208,2016,7,17,"2016-07-17","03:58:00",3,"IA",19,0,2,5,0,0,0,42.1531,-92.0327,42.1587,-92.0025,1.59,100,1,1,1,11,0,0,0,0
614209,2016,7,17,"2016-07-17","04:15:00",3,"IA",19,0,2,4,0,275000,15000,41.8912,-91.8966,41.8767,-91.8215,3.99,75,1,1,1,11,113,0,0,0
614210,2016,7,17,"2016-07-17","05:03:00",3,"IA",19,0,1,0,0,5e+06,0,42.1471,-90.6023,42.1541,-90.5853,1,50,1,1,1,97,0,0,0,0
614211,2016,7,17,"2016-07-17","05:27:00",3,"IA",19,0,0,0,0,0,0,41.674,-90.549,41.6677,-90.5121,1.95,10,1,1,1,163,0,0,0,0
614212,2016,7,17,"2016-07-17","05:36:00",3,"IA",19,0,1,0,0,0,0,41.6437,-90.3935,41.638,-90.3538,2.09,100,1,1,1,163,0,0,0,0
614213,2016,7,17,"2016-07-17","07:30:00",3,"TX",48,0,0,0,0,0,0,29.2668,-94.8259,29.2661,-94.8258,0.04,20,1,1,1,167,0,0,0,0
614214,2016,7,17,"2016-07-17","16:00:00",3,"NM",35,0,0,0,0,0,0,34.8595,-106.255,34.8595,-106.255,0.01,5,1,1,1,1,0,0,0,0
614215,2016,7,17,"2016-07-17","19:18:00",3,"IL",17,0,0,0,0,0,0,41.19,-89.36,41.1956,-89.3384,1.19,25,1,1,1,155,0,0,0,0
614216,2016,7,17,"2016-07-17","19:24:00",3,"IL",17,0,0,0,0,0,0,41.22,-89.28,41.2208,-89.2755,0.24,25,1,1,1,155,0,0,0,0
614217,2016,7,17,"2016-07-17","20:41:00",3,"IL",17,0,1,0,0,0,0,40.9996,-88.1923,40.9991,-88.1508,2.16,100,1,1,1,91,0,0,0,0
614218,2016,7,18,"2016-07-18","10:42:00",3,"NH",33,0,0,0,0,0,0,45.0685,-71.3427,45.07,-71.3014,2.02,200,1,1,1,7,0,0,0,0
614219,2016,7,18,"2016-07-18","15:40:00",3,"ME",23,0,0,0,0,0,0,46.9169,-68.2343,46.9178,-68.2335,0.07,30,1,1,1,3,0,0,0,0
614220,2016,7,19,"2016-07-19","13:34:00",3,"IA",19,0,0,0,0,4000,1000,40.9807,-93.0528,41.0092,-93.0288,2.34,50,1,1,1,135,0,0,0,0
614221,2016,7,19,"2016-07-19","16:30:00",3,"ND",38,0,1,0,0,0,0,48.76,-97.86,48.6911,-97.8095,5.29,880,1,1,1,67,0,0,0,0
614222,2016,7,19,"2016-07-19","17:17:00",3,"ND",38,0,1,0,0,0,0,48.54,-97.64,48.5147,-97.6068,1.5,440,1,1,1,99,0,0,0,0
614223,2016,7,19,"2016-07-19","17:36:00",3,"ND",38,0,1,0,0,0,0,48.45,-97.54,48.4299,-97.5451,1,200,1,1,1,99,0,0,0,0
614224,2016,7,19,"2016-07-19","19:55:00",3,"MN",27,0,1,0,0,0,0,47.96,-96.49,47.9095,-96.4195,4.83,300,1,1,1,119,125,0,0,0
614225,2016,7,19,"2016-07-19","20:14:00",3,"MN",27,0,1,0,0,0,0,47.73,-94.94,47.7022,-94.8205,4,400,1,1,1,7,0,0,0,0
614226,2016,7,20,"2016-07-20","15:42:00",3,"ND",38,0,0,0,0,0,0,48.3089,-102.1612,48.3067,-102.1409,0.95,30,1,1,1,61,0,0,0,0
614227,2016,7,22,"2016-07-22","09:10:00",3,"GA",13,0,0,0,0,0,0,31.94,-80.95,31.9407,-80.9488,0.09,20,1,1,1,51,0,0,0,0
614228,2016,7,22,"2016-07-22","13:04:00",3,"MS",28,0,0,0,0,45000,0,31.5496,-89.1007,31.5399,-89.1098,0.86,100,1,1,1,67,0,0,0,0
614229,2016,7,22,"2016-07-22","13:31:00",3,"WA",53,0,0,0,0,0,0,47.7812,-119.4061,47.7812,-119.4061,0.2,50,1,1,1,17,0,0,0,0
614230,2016,7,22,"2016-07-22","16:20:00",3,"WA",53,0,0,0,0,0,0,47.6611,-117.5603,47.6611,-117.5603,0.2,50,1,1,1,63,0,0,0,0
614231,2016,7,23,"2016-07-23","15:05:00",3,"IA",19,0,1,0,0,0,0,42.4393,-91.5984,42.4393,-91.5975,0.05,25,1,1,1,19,0,0,0,0
614232,2016,7,23,"2016-07-23","15:06:00",3,"IA",19,0,1,0,0,5000,0,42.4393,-91.5974,42.4393,-91.5953,0.11,25,1,1,1,55,0,0,0,0
614233,2016,7,23,"2016-07-23","15:18:00",3,"IA",19,0,1,0,0,0,0,42.4109,-91.3927,42.4081,-91.3907,0.22,10,1,1,1,55,0,0,0,0
614234,2016,7,23,"2016-07-23","15:46:00",3,"IA",19,0,0,0,0,0,0,42.4235,-91.1265,42.4234,-91.1112,0.78,25,1,1,1,61,0,0,0,0
614235,2016,7,23,"2016-07-23","19:00:00",3,"FL",12,0,0,0,0,0,0,28.9653,-82.1881,28.9699,-82.1745,0.88,50,1,1,1,83,0,0,0,0
614236,2016,7,25,"2016-07-25","12:58:00",3,"PA",42,0,1,0,0,25000,0,41.7295,-76.4726,41.7284,-76.471,0.11,50,1,1,1,15,0,0,0,0
614237,2016,7,25,"2016-07-25","15:12:00",3,"NJ",34,0,1,0,0,0,0,40.58,-74.73,40.599,-74.6812,3.49,75,1,1,1,19,0,0,0,0
614238,2016,7,26,"2016-07-26","13:40:00",3,"ND",38,0,0,0,0,0,0,46.95,-98.1,46.95,-98.1,0.25,20,1,1,1,3,0,0,0,0
614239,2016,7,26,"2016-07-26","18:50:00",3,"ND",38,0,0,0,0,0,0,46.33,-101.18,46.3291,-101.1786,0.09,20,1,1,1,37,0,0,0,0
614240,2016,7,26,"2016-07-26","19:00:00",3,"NE",31,0,2,0,0,25000,0,42.8151,-102.3054,42.8064,-102.3008,1,100,1,1,1,161,0,0,0,0
614241,2016,7,26,"2016-07-26","19:39:00",3,"NE",31,0,0,0,0,0,0,42.88,-102.11,42.88,-102.11,0.2,20,1,1,1,161,0,0,0,0
614242,2016,7,27,"2016-07-27","11:05:00",3,"MN",27,0,0,0,0,0,0,44.9472,-94.026,44.952,-94.0234,0.36,25,1,1,1,85,0,0,0,0
614243,2016,7,27,"2016-07-27","14:55:00",3,"WI",55,0,0,0,0,50000,0,45.266,-91.6674,45.2649,-91.6636,0.2,25,1,1,1,5,0,0,0,0
614244,2016,7,27,"2016-07-27","16:15:00",3,"IA",19,0,0,0,0,0,1000,43.0971,-94.3426,43.0921,-94.3404,0.36,15,1,1,1,109,0,0,0,0
614245,2016,7,27,"2016-07-27","16:38:00",3,"AZ",4,0,0,0,0,0,0,35.29,-113.96,35.29,-113.96,0.1,25,1,1,1,15,0,0,0,0
614246,2016,7,27,"2016-07-27","16:54:00",3,"CO",8,0,0,0,0,0,0,40.7,-104.76,40.7,-104.76,0.01,25,1,1,1,123,0,0,0,0
614247,2016,7,27,"2016-07-27","17:11:00",3,"IA",19,0,0,0,0,0,1000,43.4706,-93.7139,43.4662,-93.7106,0.34,20,1,1,1,189,0,0,0,0
614248,2016,7,27,"2016-07-27","17:39:00",3,"IA",19,0,0,0,0,0,2000,42.8779,-94.3483,42.8684,-94.3446,0.68,30,1,1,1,91,0,0,0,0
614249,2016,7,28,"2016-07-28","19:16:00",3,"KS",20,0,0,0,0,0,0,37.64,-98.3,37.5946,-98.2612,3.79,75,1,1,1,95,0,0,0,0
614250,2016,7,29,"2016-07-29","17:22:00",3,"NE",31,0,0,0,0,0,0,41.5,-103.27,41.486,-103.2529,1.31,30,1,1,1,123,0,0,0,0
614251,2016,7,30,"2016-07-30","09:29:00",3,"IA",19,0,0,0,0,0,1000,43.0087,-94.1578,43.0126,-94.1502,0.47,30,1,1,1,109,0,0,0,0
614252,2016,7,31,"2016-07-31","15:35:00",3,"ID",16,0,0,0,0,0,0,42.6934,-111.58,42.7035,-111.5499,1.68,10,1,1,1,29,0,0,0,0
614145,2016,7,2,"2016-07-02","17:26:00",3,"KS",20,0,0,0,0,0,0,38.49,-98.87,38.4956,-98.8564,0.83,50,1,1,1,9,0,0,0,0
614146,2016,7,2,"2016-07-02","18:31:00",3,"CO",8,0,0,0,0,0,0,39.74,-104.42,39.74,-104.42,0.01,25,1,1,1,1,0,0,0,0
614147,2016,7,3,"2016-07-03","15:11:00",3,"OK",40,0,1,0,0,0,0,36.0979,-96.9938,36.0979,-96.9938,0.75,100,1,1,1,119,0,0,0,0
614148,2016,7,3,"2016-07-03","17:40:00",3,"KY",21,0,0,0,0,0,0,36.6692,-88.4163,36.6691,-88.4096,0.37,100,1,1,1,35,0,0,0,0
614149,2016,7,4,"2016-07-04","13:44:00",3,"KY",21,0,2,5,0,501000,0,38.1021,-82.6289,38.1076,-82.5812,2.63,70,2,0,1,0,0,0,0,0
614149,2016,7,4,"2016-07-04","13:44:00",3,"KY",21,0,2,5,0,5e+05,0,38.1021,-82.6289,38.1061,-82.5853,2.38,70,2,1,2,127,0,0,0,0
614149,2016,7,4,"2016-07-04","13:49:00",3,"WV",54,0,0,0,0,1000,0,38.1061,-82.5853,38.1076,-82.5812,0.25,20,2,1,2,99,0,0,0,0
614150,2016,7,4,"2016-07-04","14:27:00",3,"KY",21,0,1,0,0,0,0,37.4109,-84.4384,37.4103,-84.4353,0.18,40,1,1,1,203,0,0,0,0
614151,2016,7,4,"2016-07-04","14:42:00",3,"WV",54,0,0,0,0,30000,0,38.2239,-81.966,38.225,-81.962,0.23,50,1,1,1,43,0,0,0,0
614152,2016,7,4,"2016-07-04","15:06:00",3,"WV",54,0,0,0,0,5000,0,38.291,-81.642,38.303,-81.611,1.87,100,1,1,1,39,0,0,0,0
614153,2016,7,4,"2016-07-04","15:18:00",3,"GA",13,0,-9,0,0,0,0,31.9347,-81.1539,31.9345,-81.1534,0.03,20,1,1,1,51,0,0,0,0
614154,2016,7,5,"2016-07-05","13:54:00",3,"MN",27,0,0,0,0,20000,0,45.2445,-95.9863,45.2262,-95.9878,1.27,25,1,1,1,151,0,0,0,0
614155,2016,7,5,"2016-07-05","14:01:00",3,"MN",27,0,0,0,0,0,0,45.2506,-95.8705,45.2519,-95.8657,0.25,50,1,1,1,151,0,0,0,0
614156,2016,7,5,"2016-07-05","18:39:00",3,"MN",27,0,1,0,0,25000,0,44.33,-93.2,44.3094,-93.1316,3.67,100,1,1,1,131,0,0,0,0
614157,2016,7,5,"2016-07-05","18:54:00",3,"MN",27,0,0,0,0,0,0,44.3938,-92.9217,44.4016,-92.871,2.56,25,1,1,1,49,0,0,0,0
614158,2016,7,5,"2016-07-05","19:28:00",3,"MN",27,0,1,0,0,5000,0,44.3935,-92.3456,44.3938,-92.3439,0.09,50,1,1,1,157,0,0,0,0
614159,2016,7,5,"2016-07-05","19:35:00",3,"WI",55,0,0,0,0,0,0,44.6871,-92.2244,44.6849,-92.2184,0.33,25,1,1,1,93,0,0,0,0
614160,2016,7,5,"2016-07-05","19:48:00",3,"WI",55,0,1,0,0,5e+05,0,44.566,-92.105,44.5707,-92.0381,3.31,100,1,1,1,91,0,0,0,0
614161,2016,7,5,"2016-07-05","20:10:00",3,"WI",55,0,1,0,0,260000,0,44.3389,-91.7889,44.3437,-91.7756,0.74,100,1,1,1,11,0,0,0,0
614162,2016,7,5,"2016-07-05","20:13:00",3,"WI",55,0,1,0,0,235000,0,44.3315,-91.7228,44.3303,-91.7139,0.45,100,1,1,1,11,0,0,0,0
614163,2016,7,5,"2016-07-05","21:31:00",3,"WI",55,0,0,0,0,5000,0,43.4439,-91.0941,43.4425,-91.0776,0.83,50,1,1,1,123,0,0,0,0
614164,2016,7,6,"2016-07-06","12:26:00",3,"KY",21,0,1,0,0,115000,0,37.1743,-88.9435,37.1622,-88.8652,4.4,250,1,1,1,7,145,0,0,0
614165,2016,7,6,"2016-07-06","12:39:00",3,"IL",17,0,1,2,0,350000,0,37.1526,-88.74,37.1616,-88.6906,2.79,160,1,1,1,127,0,0,0,0
614166,2016,7,6,"2016-07-06","15:18:00",3,"NE",31,0,0,0,0,0,0,42.55,-102.76,42.55,-102.76,0.1,10,1,1,1,161,0,0,0,0
614167,2016,7,6,"2016-07-06","15:40:00",3,"MT",30,0,0,0,0,0,0,46.09,-104.36,46.09,-104.36,0.25,25,1,1,1,25,0,0,0,0
614168,2016,7,6,"2016-07-06","16:28:00",3,"SD",46,0,1,0,0,0,0,44.504,-102.389,44.5,-102.367,1.12,100,1,1,1,93,0,0,0,0
614169,2016,7,6,"2016-07-06","16:56:00",3,"NE",31,0,0,0,0,0,0,42.19,-102.21,42.19,-102.21,0.1,10,1,1,1,161,0,0,0,0
614170,2016,7,6,"2016-07-06","17:25:00",3,"NE",31,0,1,0,0,45000,0,42.15,-102,42.1469,-101.9099,4.62,75,1,1,1,31,0,0,0,0
614171,2016,7,6,"2016-07-06","17:30:00",3,"NE",31,0,1,0,0,0,0,42.2165,-101.9108,42.2162,-101.9143,0.5,50,1,1,1,31,0,0,0,0
614172,2016,7,6,"2016-07-06","18:03:00",3,"NE",31,0,0,0,0,0,0,41.4136,-101.3181,41.4136,-101.3181,0.2,100,1,1,1,117,0,0,0,0
614173,2016,7,6,"2016-07-06","18:55:00",3,"NE",31,0,0,0,0,0,0,41.42,-101.49,41.42,-101.49,0.1,10,1,1,1,5,0,0,0,0
614174,2016,7,6,"2016-07-06","19:08:00",3,"NE",31,0,0,0,0,0,0,41.4,-101.15,41.4,-101.15,0.5,20,1,1,1,117,0,0,0,0
614175,2016,7,7,"2016-07-07","05:45:00",3,"MO",29,0,0,0,0,0,0,39.1446,-92.403,39.1489,-92.4,0.34,50,1,1,1,19,0,0,0,0
614176,2016,7,7,"2016-07-07","13:05:00",3,"ND",38,0,0,0,0,0,0,47.99,-98.31,48.02,-98.12,9.02,100,1,1,1,63,0,0,0,0
614177,2016,7,7,"2016-07-07","13:30:00",3,"ND",38,0,0,0,0,0,0,48.8712,-101.7065,48.8711,-101.6995,0.32,20,1,1,1,75,0,0,0,0
614178,2016,7,7,"2016-07-07","14:38:00",3,"ND",38,0,0,0,0,0,0,48.73,-101.01,48.7302,-101.0044,0.26,20,1,1,1,9,0,0,0,0
614179,2016,7,7,"2016-07-07","16:06:00",3,"ND",38,0,0,0,0,0,0,47.88,-97.19,47.88,-97.19,0.25,20,1,1,1,35,0,0,0,0
614180,2016,7,7,"2016-07-07","16:15:00",3,"ND",38,0,0,0,0,0,0,47.8366,-97.1083,47.8433,-97.1041,0.5,40,1,1,1,35,0,0,0,0
614181,2016,7,7,"2016-07-07","19:53:00",3,"KS",20,0,0,0,0,0,0,38.11,-96.37,38.1097,-96.368,0.11,50,1,1,1,17,0,0,0,0
614182,2016,7,7,"2016-07-07","20:10:00",3,"KS",20,0,3,0,0,1e+05,10000,37.96,-96.45,37.9219,-96.3901,4.19,1144,1,1,1,73,0,0,0,0
614183,2016,7,7,"2016-07-07","20:41:00",3,"KS",20,0,2,0,0,3800000,0,37.8411,-96.3154,37.8168,-96.2573,3.59,150,1,1,1,73,0,0,0,0
614184,2016,7,7,"2016-07-07","21:41:00",3,"KS",20,0,0,0,0,0,0,37.69,-95.93,37.6891,-95.9285,0.11,50,1,1,1,205,0,0,0,0
614185,2016,7,8,"2016-07-08","13:16:00",3,"MI",26,0,0,0,0,10000,0,43.886,-83.956,43.889,-83.916,2,100,1,1,1,17,0,0,0,0
614186,2016,7,8,"2016-07-08","15:56:00",3,"MI",26,0,0,0,0,5000,0,46.32,-85.4065,46.32,-85.4065,0.25,75,1,1,1,95,0,0,0,0
614187,2016,7,8,"2016-07-08","18:33:00",3,"FL",12,0,0,0,0,0,0,28.323,-81.2455,28.3238,-81.2416,0.25,30,1,1,1,97,0,0,0,0
614188,2016,7,9,"2016-07-09","06:35:00",3,"ND",38,0,0,0,0,0,0,46.4899,-101.2514,46.4899,-101.25,0.07,20,1,1,1,59,0,0,0,0
614266,2016,8,10,"2016-08-10","11:29:00",3,"CT",9,0,0,0,0,15000,0,41.3461,-72.8712,41.3516,-72.8199,2.69,50,1,1,1,9,0,0,0,0
614267,2016,8,10,"2016-08-10","14:18:00",3,"NY",36,0,0,0,0,10000,0,40.9977,-72.5163,40.9933,-72.5119,0.38,40,1,1,1,103,0,0,0,0
614268,2016,8,11,"2016-08-11","14:31:00",3,"NE",31,0,0,0,0,0,0,41.6734,-99.37,41.6734,-99.37,0.01,10,1,1,1,41,0,0,0,0
614269,2016,8,11,"2016-08-11","14:33:00",3,"NE",31,0,0,0,0,0,0,41.68,-99.37,41.68,-99.37,0.01,10,1,1,1,41,0,0,0,0
614270,2016,8,11,"2016-08-11","15:31:00",3,"MI",26,0,1,0,0,10000,0,45.7017,-87.6662,45.7084,-87.6421,1.25,200,1,1,1,109,0,0,0,0
614271,2016,8,11,"2016-08-11","19:52:00",3,"NE",31,0,0,0,0,0,0,41.0537,-98.9299,41.0537,-98.9299,0.1,20,1,1,1,163,0,0,0,0
614272,2016,8,12,"2016-08-12","08:44:00",3,"LA",22,0,0,0,0,2e+05,0,30.5889,-91.0316,30.5909,-91.0263,0.34,25,1,1,1,33,0,0,0,0
614273,2016,8,12,"2016-08-12","12:10:00",3,"MI",26,0,0,0,0,75000,0,42.6267,-86.1678,42.6272,-86.1466,1.08,50,1,1,1,5,0,0,0,0
614274,2016,8,13,"2016-08-13","13:25:00",3,"NM",35,0,0,0,0,0,0,35.96,-107.35,35.96,-107.35,0.01,50,1,1,1,31,0,0,0,0
614275,2016,8,13,"2016-08-13","14:02:00",3,"NM",35,0,0,0,0,0,0,36.7707,-103.9517,36.7707,-103.9517,0.01,50,1,1,1,59,0,0,0,0
614276,2016,8,13,"2016-08-13","17:26:00",3,"FL",12,0,0,0,0,20000,0,26.66,-81.8043,26.6611,-81.8053,0.1,15,1,1,1,71,0,0,0,0
614277,2016,8,14,"2016-08-14","11:58:00",3,"OH",39,0,-9,0,0,0,0,40.1,-80.86,40.1,-80.85,0.53,1,1,1,1,13,0,0,0,0
614278,2016,8,15,"2016-08-15","15:36:00",3,"IN",18,0,1,0,0,18000,0,39.6811,-86.5611,39.7023,-86.5404,1.83,500,1,1,1,63,0,0,0,0
614279,2016,8,15,"2016-08-15","15:56:00",3,"IN",18,0,0,0,0,3500,2000,40.5179,-86.9492,40.5244,-86.9445,0.51,40,1,1,1,157,0,0,0,0
614280,2016,8,15,"2016-08-15","16:06:00",3,"IN",18,0,1,0,0,7500,0,39.8531,-86.4308,39.8584,-86.427,0.42,100,1,1,1,63,0,0,0,0
614281,2016,8,15,"2016-08-15","16:15:00",3,"IN",18,0,1,0,0,5000,0,39.7854,-86.4195,39.7856,-86.4191,0.02,50,1,1,1,63,0,0,0,0
614282,2016,8,15,"2016-08-15","16:19:00",3,"IN",18,0,0,0,0,5000,0,39.9217,-86.3987,39.9218,-86.3985,0.01,40,1,1,1,63,0,0,0,0
614283,2016,8,15,"2016-08-15","16:27:00",3,"IN",18,0,2,0,0,25000,3000,39.9615,-86.3367,40.0083,-86.2991,3.8,150,1,1,1,11,0,0,0,0
614284,2016,8,15,"2016-08-15","17:04:00",3,"IN",18,0,1,0,0,10000,2000,40.1414,-86.1763,40.1458,-86.1708,0.42,100,1,1,1,57,0,0,0,0
614285,2016,8,15,"2016-08-15","18:17:00",3,"IN",18,0,0,0,0,8000,0,40.5218,-85.8678,40.5233,-85.8667,0.12,50,1,1,1,67,0,0,0,0
614286,2016,8,16,"2016-08-16","16:34:00",3,"NY",36,0,0,0,0,8000,0,43.5649,-75.4457,43.5649,-75.45,0.22,10,1,1,1,49,0,0,0,0
614287,2016,8,17,"2016-08-17","09:16:00",3,"OH",39,0,0,0,0,30000,0,39.0068,-83.8128,39.0105,-83.7957,1,100,1,1,1,15,0,0,0,0
614288,2016,8,17,"2016-08-17","12:41:00",3,"PA",42,0,0,0,0,10000,0,40.174,-79.866,40.177,-79.85,0.87,250,1,1,1,125,0,0,0,0
614289,2016,8,18,"2016-08-18","15:31:00",3,"MN",27,0,0,0,0,0,5000,43.762,-93.2111,43.7612,-93.2098,0.09,50,1,1,1,47,0,0,0,0
614290,2016,8,19,"2016-08-19","22:50:00",3,"AL",1,0,-9,0,0,0,0,34.6541,-87.0079,34.654,-87.0064,0.09,50,1,1,1,83,0,0,0,0
614291,2016,8,20,"2016-08-20","09:03:00",3,"WI",55,0,0,0,0,25000,0,44.4514,-87.5222,44.4586,-87.5121,0.7,125,1,1,1,61,0,0,0,0
614292,2016,8,20,"2016-08-20","11:13:00",3,"MI",26,0,1,0,0,2e+06,0,42.296,-86.126,42.44,-86.055,10.59,150,1,1,1,5,0,0,0,0
614293,2016,8,20,"2016-08-20","11:42:00",3,"MI",26,0,1,0,0,1500000,0,42.533,-86.023,42.702,-85.922,12.76,100,1,1,1,5,0,0,0,0
614294,2016,8,20,"2016-08-20","12:18:00",3,"MI",26,0,1,0,0,5e+05,0,42.763,-85.861,42.804,-85.803,4.08,100,1,1,1,139,0,0,0,0
614295,2016,8,20,"2016-08-20","12:34:00",3,"MI",26,0,0,0,0,5e+05,0,42.8848,-85.7461,42.9343,-85.696,4.25,75,1,1,1,81,0,0,0,0
614296,2016,8,20,"2016-08-20","12:50:00",3,"MI",26,0,0,0,0,25000,0,42.984,-85.6224,42.9965,-85.6174,0.9,50,1,1,1,81,0,0,0,0
614297,2016,8,20,"2016-08-20","12:53:00",3,"IN",18,0,0,0,0,0,0,41.368,-85.9299,41.3803,-85.9037,1.6,10,1,1,1,85,0,0,0,0
614298,2016,8,20,"2016-08-20","13:10:00",3,"MI",26,0,1,0,0,750000,0,43.068,-85.128,43.1632,-85.045,7.8,100,1,1,1,67,0,0,0,0
614299,2016,8,20,"2016-08-20","13:19:00",3,"IN",18,0,0,0,0,0,0,41.4431,-85.7408,41.4435,-85.7397,0.06,50,1,1,1,39,0,0,0,0
614300,2016,8,20,"2016-08-20","15:42:00",3,"IN",18,0,0,0,0,0,0,41.1614,-85.0551,41.1822,-85.0186,2.38,70,1,1,1,3,0,0,0,0
614301,2016,8,20,"2016-08-20","16:15:00",3,"OH",39,0,0,0,0,10500,10000,40.0649,-84.5053,40.098,-84.4255,4.7,50,1,1,1,37,0,0,0,0
614302,2016,8,20,"2016-08-20","16:37:00",3,"OH",39,0,0,0,0,20000,0,40.3439,-83.0894,40.385,-83.058,3.3,100,1,1,1,41,0,0,0,0
614303,2016,8,20,"2016-08-20","17:30:00",3,"KY",21,0,0,0,0,50000,50000,36.9433,-85.873,36.95,-85.8455,1.58,30,1,1,1,9,0,0,0,0
614304,2016,8,22,"2016-08-22","01:20:00",3,"MA",25,0,1,0,0,1e+06,0,42.4567,-71.3398,42.4643,-71.3266,0.85,400,1,1,1,17,0,0,0,0
614305,2016,8,23,"2016-08-23","18:15:00",3,"KS",20,0,0,0,0,0,0,39.37,-97.57,39.37,-97.57,0.05,25,1,1,1,29,0,0,0,0
614306,2016,8,23,"2016-08-23","18:35:00",3,"NE",31,0,0,0,0,0,0,41.4138,-96.1909,41.4165,-96.1913,0.19,25,1,1,1,177,0,0,0,0
614307,2016,8,23,"2016-08-23","18:58:00",3,"NE",31,0,0,0,0,0,0,41.4188,-96.1718,41.4201,-96.1713,0.1,25,1,1,1,177,0,0,0,0
614308,2016,8,24,"2016-08-24","12:38:00",3,"IN",18,0,2,0,0,75000,0,40.0018,-86.8735,40.0006,-86.772,5.37,125,1,1,1,107,0,0,0,0
614309,2016,8,24,"2016-08-24","13:20:00",3,"IN",18,0,3,20,0,1e+07,0,40.4613,-86.1884,40.499,-86.0319,8.63,300,1,1,1,67,0,0,0,0
614310,2016,8,24,"2016-08-24","14:18:00",3,"IN",18,0,0,0,0,15000,0,39.8031,-86.1108,39.8017,-86.1041,0.37,100,1,1,1,97,0,0,0,0
614311,2016,8,24,"2016-08-24","14:59:00",3,"IN",18,0,0,0,0,0,0,40.6103,-85.4249,40.6107,-85.4244,0.04,20,1,1,1,179,0,0,0,0
614312,2016,8,24,"2016-08-24","15:27:00",3,"IN",18,0,3,0,0,0,0,41.1475,-84.9187,41.1953,-84.8425,5.16,500,1,1,1,3,0,0,0,0
614313,2016,8,24,"2016-08-24","15:40:00",3,"IN",18,0,1,0,0,57000,2000,40.528,-86.4309,40.5585,-86.1086,17.06,100,1,1,1,15,67,0,0,0
614314,2016,8,24,"2016-08-24","15:49:00",3,"IN",18,0,1,0,0,0,0,40.6832,-85.0247,40.7337,-84.8967,7.56,50,1,1,1,1,0,0,0,0
614315,2016,8,24,"2016-08-24","15:53:00",3,"OH",39,0,2,0,0,0,0,41.222,-84.6813,41.2686,-84.6232,4.42,250,1,1,1,125,39,0,0,0
614316,2016,8,24,"2016-08-24","16:13:00",3,"IN",18,0,0,0,0,0,0,40.774,-86.0796,40.7742,-86.0785,0.06,20,1,1,1,103,0,0,0,0
614317,2016,8,24,"2016-08-24","16:28:00",3,"OH",39,0,2,0,0,0,0,41.3231,-84.3803,41.3461,-84.3397,2.64,400,1,1,1,39,0,0,0,0
614318,2016,8,24,"2016-08-24","16:30:00",3,"OH",39,0,1,0,0,0,0,40.8241,-84.7257,40.8881,-84.6646,5.45,75,1,1,1,161,0,0,0,0
614319,2016,8,24,"2016-08-24","16:41:00",3,"OH",39,0,0,0,0,0,0,40.8878,-84.6698,40.9071,-84.6579,1.47,25,1,1,1,161,0,0,0,0
614320,2016,8,24,"2016-08-24","16:48:00",3,"OH",39,0,1,0,0,0,0,41.3823,-84.2161,41.4115,-84.1786,2.8,150,1,1,1,69,0,0,0,0
614321,2016,8,24,"2016-08-24","16:51:00",3,"OH",39,0,0,0,0,0,0,40.9108,-84.5538,40.9601,-84.4932,4.65,40,1,1,1,161,0,0,0,0
614322,2016,8,24,"2016-08-24","16:58:00",3,"IN",18,0,0,0,0,10000,0,40.4335,-86.1217,40.4334,-86.109,0.67,75,1,1,1,67,0,0,0,0
614323,2016,8,24,"2016-08-24","17:00:00",3,"IN",18,0,1,0,0,20000,5000,40.3993,-86.2714,40.397,-86.2431,1.5,50,1,1,1,67,0,0,0,0
614324,2016,8,24,"2016-08-24","17:04:00",3,"OH",39,0,0,0,0,0,0,40.9602,-84.4437,40.9874,-84.4134,2.46,20,1,1,1,161,0,0,0,0
614325,2016,8,24,"2016-08-24","17:16:00",3,"IN",18,0,0,0,0,15500,0,40.4038,-86.1562,40.416,-86.1025,2.95,75,1,1,1,67,0,0,0,0
614326,2016,8,24,"2016-08-24","17:19:00",3,"OH",39,0,0,0,0,0,0,41.4342,-83.9518,41.4343,-83.95,0.01,20,1,1,1,69,0,0,0,0
614327,2016,8,24,"2016-08-24","17:26:00",3,"OH",39,0,0,0,0,0,0,41.0479,-84.3071,41.0636,-84.2958,1.23,25,1,1,1,137,0,0,0,0
614328,2016,8,24,"2016-08-24","17:48:00",3,"OH",39,0,0,0,0,0,0,41.1678,-84.1814,41.16,-84.1879,0.64,15,1,1,1,137,0,0,0,0
614329,2016,8,24,"2016-08-24","19:06:00",3,"OH",39,0,0,0,0,35000,0,41.3591,-83.5246,41.3591,-83.5246,0.04,20,1,1,1,173,0,0,0,0
614330,2016,8,25,"2016-08-25","19:43:00",3,"PA",42,0,0,0,0,5000,0,40.7795,-80.028,40.785,-79.989,2.08,350,1,1,1,19,0,0,0,0
614331,2016,8,26,"2016-08-26","13:35:00",3,"UT",49,0,0,0,0,0,0,37.8,-112.41,37.8,-112.41,0.34,5,1,1,1,17,0,0,0,0
614332,2016,8,26,"2016-08-26","18:25:00",3,"MO",29,0,0,0,0,2000,0,39.55,-94.39,39.56,-94.33,3.27,25,1,1,1,49,0,0,0,0
614333,2016,8,27,"2016-08-27","15:12:00",3,"ND",38,0,0,0,0,0,0,47.86,-97.49,47.86,-97.49,0.5,100,1,1,1,35,0,0,0,0
614334,2016,8,27,"2016-08-27","15:18:00",3,"ND",38,0,1,0,0,0,0,47.85,-97.48,47.813,-97.4361,4,600,1,1,1,35,0,0,0,0
614335,2016,8,27,"2016-08-27","17:02:00",3,"ND",38,0,3,0,0,0,0,47.49,-97.1,47.4334,-97.0495,3,300,1,1,1,97,0,0,0,0
614336,2016,8,28,"2016-08-28","10:52:00",3,"MI",26,0,0,0,0,0,0,42.0363,-83.6665,42.036,-83.6641,0.13,25,1,1,1,115,0,0,0,0
614337,2016,8,28,"2016-08-28","15:33:00",3,"IA",19,0,0,0,0,0,0,42.2801,-91.5849,42.2801,-91.5849,0.1,10,1,1,1,113,0,0,0,0
614338,2016,8,28,"2016-08-28","19:02:00",3,"MN",27,0,0,0,0,0,0,47.62,-96.58,47.6249,-96.5776,0.75,100,1,1,1,119,0,0,0,0
614339,2016,8,28,"2016-08-28","19:14:00",3,"MN",27,0,0,0,0,0,0,47.54,-96.51,47.5389,-96.5055,0.2,75,1,1,1,119,0,0,0,0
614340,2016,8,28,"2016-08-28","20:04:00",3,"MN",27,0,2,0,0,0,0,47.5,-96.41,47.3902,-96.2851,9.57,400,1,1,1,107,0,0,0,0
614341,2016,8,29,"2016-08-29","13:31:00",3,"TX",48,0,-9,0,0,0,0,34.4713,-101.4581,34.4718,-101.4689,0.61,50,1,1,1,45,0,0,0,0
614342,2016,8,29,"2016-08-29","17:12:00",3,"KS",20,0,0,0,0,0,0,37.83,-100.3,37.8304,-100.2957,0.24,50,1,1,1,69,0,0,0,0
614253,2016,8,1,"2016-08-01","14:40:00",3,"MD",24,0,0,0,0,75000,0,38.34,-75.09,38.39,-75.06,3.82,50,1,1,1,47,0,0,0,0
614254,2016,8,1,"2016-08-01","15:21:00",3,"NE",31,0,0,0,0,0,0,41.0431,-96.465,41.0432,-96.4643,0.04,15,1,1,1,155,0,0,0,0
614255,2016,8,3,"2016-08-03","16:28:00",3,"ND",38,0,2,0,0,6e+05,350000,48.56,-99.61,48.69,-99.21,20.02,1200,1,1,1,79,95,0,0,0
614256,2016,8,3,"2016-08-03","19:40:00",3,"ND",38,0,0,0,0,0,0,48.23,-98.8,48.23,-98.77,1.38,40,1,1,1,71,0,0,0,0
614257,2016,8,3,"2016-08-03","19:41:00",3,"ND",38,0,0,0,0,0,0,48.2,-98.87,48.2,-98.87,0.8,40,1,1,1,71,0,0,0,0
614258,2016,8,3,"2016-08-03","20:10:00",3,"ND",38,0,2,0,0,0,0,47.77,-98.86,47.77,-98.79,3.25,300,1,1,1,27,0,0,0,0
614259,2016,8,4,"2016-08-04","10:20:00",3,"WI",55,0,1,0,0,1e+05,5000,44.916,-90.207,44.916,-90.118,4.35,250,1,1,1,73,0,0,0,0
614260,2016,8,4,"2016-08-04","11:40:00",3,"FL",12,0,1,0,0,0,0,30.5912,-81.5723,30.6442,-81.5693,3.67,200,1,1,1,89,0,0,0,0
614261,2016,8,4,"2016-08-04","14:30:00",3,"LA",22,0,0,2,0,0,0,29.9692,-90.0628,29.9663,-90.0711,0.54,50,1,1,1,71,0,0,0,0
614262,2016,8,4,"2016-08-04","16:21:00",3,"IA",19,0,0,0,0,0,0,41.2065,-95.8595,41.2093,-95.849,0.58,15,1,1,1,155,0,0,0,0
614263,2016,8,7,"2016-08-07","19:55:00",3,"WY",56,0,1,0,0,0,0,44.289,-105.3636,44.2968,-105.3348,1.52,365,1,1,1,5,0,0,0,0
614264,2016,8,9,"2016-08-09","14:48:00",3,"IL",17,0,0,0,0,0,0,41.832,-87.7261,41.832,-87.7261,0.01,10,1,1,1,31,0,0,0,0
614265,2016,8,9,"2016-08-09","18:35:00",3,"WA",53,0,0,0,0,0,0,47.6505,-117.6196,47.6505,-117.6196,0.2,25,1,1,1,63,0,0,0,0
614365,2016,9,13,"2016-09-13","11:51:00",3,"FL",12,0,0,0,0,40000,0,27.863,-80.549,27.913,-80.544,3.47,250,1,1,1,9,0,0,0,0
614366,2016,9,15,"2016-09-15","00:07:00",3,"NM",35,0,0,0,0,0,0,34.325,-103.8229,34.2967,-103.7796,3.15,50,1,1,1,41,0,0,0,0
614367,2016,9,15,"2016-09-15","11:47:00",3,"NM",35,0,0,0,0,0,0,34.4262,-105.2874,34.4209,-105.2631,1.43,50,1,1,1,19,0,0,0,0
614368,2016,9,15,"2016-09-15","14:10:00",3,"NM",35,0,0,0,0,0,0,32.8964,-105.0691,32.88,-104.99,4.73,50,1,1,1,5,0,0,0,0
614369,2016,9,15,"2016-09-15","16:00:00",3,"NE",31,0,0,0,0,0,0,41.4261,-96.0976,41.4261,-96.0964,0.06,10,1,1,1,177,0,0,0,0
614370,2016,9,15,"2016-09-15","16:06:00",3,"NM",35,0,0,0,0,0,0,32.8,-104.7472,32.8,-104.8161,4,300,1,1,1,15,0,0,0,0
614371,2016,9,16,"2016-09-16","17:53:00",3,"TX",48,0,0,0,0,0,0,31.9256,-102.4409,31.9306,-102.4397,0.35,200,1,1,1,135,0,0,0,0
614372,2016,9,17,"2016-09-17","15:43:00",3,"CO",8,0,0,0,0,46000,0,38.8166,-102.3759,38.8181,-102.3601,0.85,100,1,1,1,17,0,0,0,0
614373,2016,9,17,"2016-09-17","15:43:00",3,"CO",8,0,0,0,0,0,0,38.8694,-102.3829,38.8699,-102.3472,1.92,100,1,1,1,17,0,0,0,0
614374,2016,9,17,"2016-09-17","16:35:00",3,"PA",42,0,1,0,0,20000,0,41.9103,-79.0334,41.9177,-79.004,1.6,40,1,1,1,123,0,0,0,0
614375,2016,9,17,"2016-09-17","16:50:00",3,"NM",35,0,0,0,0,0,0,32.6473,-104.1183,32.6396,-104.1054,0.92,200,1,1,1,15,0,0,0,0
614376,2016,9,17,"2016-09-17","18:13:00",3,"TX",48,0,1,0,0,30000,0,32.095,-102.8059,32.0263,-102.7469,5.87,400,1,1,1,135,0,0,0,0
614377,2016,9,17,"2016-09-17","20:41:00",3,"TX",48,0,0,0,0,0,0,35.7132,-102.0688,35.7132,-102.0687,0.01,15,1,1,1,341,0,0,0,0
614378,2016,9,17,"2016-09-17","20:47:00",3,"TX",48,0,0,0,0,0,0,35.6876,-101.9797,35.6931,-101.9599,1.17,150,1,1,1,341,0,0,0,0
614379,2016,9,21,"2016-09-21","17:32:00",3,"IA",19,0,0,0,0,3000,3000,42.9155,-92.7308,42.9341,-92.7105,1.65,50,1,1,1,67,0,0,0,0
614380,2016,9,22,"2016-09-22","15:45:00",3,"UT",49,0,1,5,0,2e+06,0,41.1631,-112.0104,41.1834,-111.9627,2.85,50,1,1,1,57,0,0,0,0
614381,2016,9,22,"2016-09-22","18:54:00",3,"UT",49,0,1,0,0,3e+05,0,37.8339,-112.4309,37.8276,-112.4422,0.75,25,1,1,1,17,0,0,0,0
614343,2016,9,1,"2016-09-01","16:30:00",3,"NM",35,0,-9,0,0,0,0,32.3557,-108.7427,32.3591,-108.7375,0.38,20,1,1,1,23,0,0,0,0
614344,2016,9,1,"2016-09-01","18:07:00",3,"FL",12,0,0,0,0,0,0,29.71,-83.47,29.71,-83.47,0.01,25,1,1,1,123,0,0,0,0
614345,2016,9,1,"2016-09-01","18:36:00",3,"FL",12,0,0,0,0,0,0,29.91,-83.56,29.91,-83.56,0.01,25,1,1,1,123,0,0,0,0
614346,2016,9,1,"2016-09-01","18:38:00",3,"FL",12,0,0,0,0,21000,0,28.4542,-81.6281,28.4757,-81.624,1.51,150,1,1,1,95,0,0,0,0
614347,2016,9,1,"2016-09-01","18:40:00",3,"FL",12,0,0,0,0,22000,0,28.8611,-81.9128,28.9228,-81.9274,4.35,250,1,1,1,69,0,0,0,0
614348,2016,9,1,"2016-09-01","20:39:00",3,"FL",12,0,0,0,0,0,0,29.87,-83.42,29.87,-83.42,0.01,25,1,1,1,123,0,0,0,0
614349,2016,9,2,"2016-09-02","01:50:00",3,"GA",13,0,1,0,0,0,0,31.66,-81.38,31.73,-81.38,4.84,650,1,1,1,179,0,0,0,0
614350,2016,9,2,"2016-09-02","03:12:00",3,"GA",13,0,1,0,0,0,0,31.93,-81.03,31.95,-81.03,1.38,350,1,1,1,51,0,0,0,0
614351,2016,9,2,"2016-09-02","16:05:00",3,"CO",8,0,0,0,0,0,0,40.22,-102.87,40.22,-102.87,0.01,50,1,1,1,121,0,0,0,0
614352,2016,9,2,"2016-09-02","19:20:00",3,"NC",37,0,1,0,0,150000,0,34.724,-76.573,34.726,-76.574,0.15,50,1,1,1,31,0,0,0,0
614353,2016,9,2,"2016-09-02","19:23:00",3,"NC",37,0,1,0,0,75000,0,34.725,-76.508,34.73,-76.507,0.35,50,1,1,1,31,0,0,0,0
614354,2016,9,2,"2016-09-02","23:02:00",3,"NC",37,0,0,3,0,250000,0,35.2135,-75.6957,35.2145,-75.6955,0.07,25,1,1,1,55,0,0,0,0
614355,2016,9,4,"2016-09-04","13:06:00",3,"WY",56,0,1,0,0,1000,0,43.0661,-110.2556,43.101,-110.2528,2.42,300,1,1,1,35,0,0,0,0
614356,2016,9,4,"2016-09-04","20:12:00",3,"NE",31,0,0,0,0,0,0,41.61,-100.59,41.61,-100.59,0.01,10,1,1,1,113,0,0,0,0
614357,2016,9,6,"2016-09-06","16:50:00",3,"IA",19,0,0,0,0,200,0,43.4085,-92.237,43.4084,-92.2366,0.02,25,1,1,1,89,0,0,0,0
614358,2016,9,7,"2016-09-07","21:28:00",3,"MN",27,0,1,0,0,1e+06,0,46.0618,-94.4521,46.1047,-94.3134,7.28,100,1,1,1,97,0,0,0,0
614359,2016,9,9,"2016-09-09","17:13:00",3,"IL",17,0,0,0,0,0,10000,40.0449,-87.7278,40.0455,-87.726,0.1,10,1,1,1,183,0,0,0,0
614360,2016,9,9,"2016-09-09","17:20:00",3,"TX",48,0,0,0,0,0,0,36.34,-101.41,36.336,-101.41,0.28,15,1,1,1,195,0,0,0,0
614361,2016,9,9,"2016-09-09","17:20:00",3,"MN",27,0,0,0,0,0,0,47.8878,-94.7866,47.8844,-94.7811,0.35,50,1,1,1,7,0,0,0,0
614362,2016,9,9,"2016-09-09","17:31:00",3,"IL",17,0,2,0,0,8e+05,1e+05,39.9728,-88.0739,39.9991,-87.9608,6.26,75,1,1,1,19,0,0,0,0
614363,2016,9,9,"2016-09-09","17:34:00",3,"IL",17,0,1,0,0,50000,0,40.2213,-87.6437,40.2319,-87.6161,1.63,50,1,1,1,183,0,0,0,0
614364,2016,9,9,"2016-09-09","17:44:00",3,"IL",17,0,0,0,0,0,10000,39.2797,-87.9859,39.2806,-87.9841,0.1,10,1,1,1,23,0,0,0,0
