"om","yr","mo","dy","date","time","tz","st","stf","stn","mag","inj","fat","loss","closs","slat","slon","elat","elon","len","wid","ns","sn","sg","f1","f2","f3","f4","fc"
618411,2019,10,16,"2019-10-16","01:42:00",3,"LA",22,0,1,0,0,5e+05,0,30.3095,-93.0709,30.2866,-93.0333,2.74,100,1,1,1,19,0,0,0,0
618412,2019,10,18,"2019-10-18","19:29:00",3,"FL",12,0,0,0,0,1e+05,0,27.8397,-82.7913,27.8443,-82.7891,0.34,30,1,1,1,103,0,0,0,0
618413,2019,10,18,"2019-10-18","20:02:00",3,"WA",53,0,1,0,0,150000,0,47.2696,-122.9422,47.2725,-122.929,0.68,90,1,1,1,45,0,0,0,0
618414,2019,10,18,"2019-10-18","20:59:00",3,"FL",12,0,2,0,0,1e+07,0,27.982,-82.0475,28.1457,-82.0185,11.45,525,1,1,1,105,0,0,0,0
618415,2019,10,19,"2019-10-19","04:45:00",3,"FL",12,0,1,0,0,6e+05,0,26.6796,-82.0255,26.6945,-82.0309,1.08,100,1,1,1,71,0,0,0,0
618416,2019,10,19,"2019-10-19","12:50:00",3,"FL",12,0,0,0,0,0,0,27.65,-80.57,27.65,-80.57,0.05,10,1,1,1,9,0,0,0,0
618417,2019,10,19,"2019-10-19","16:58:00",3,"GA",13,0,0,0,0,15000,0,31.9852,-83.7954,32.0101,-83.7793,1.96,100,1,1,1,81,0,0,0,0
618418,2019,10,19,"2019-10-19","23:52:00",3,"SC",45,0,0,0,0,25000,0,33.681,-78.8975,33.6924,-78.9038,0.87,25,1,1,1,51,0,0,0,0
618419,2019,10,20,"2019-10-20","18:36:00",3,"TX",48,0,0,0,0,5000,0,32.147,-94.5443,32.1477,-94.5307,0.8,150,1,1,1,365,0,0,0,0
618420,2019,10,20,"2019-10-20","19:42:00",3,"LA",22,0,1,0,0,75000,0,32.3738,-93.976,32.3998,-93.9227,3.59,350,1,1,1,17,0,0,0,0
618421,2019,10,20,"2019-10-20","19:58:00",3,"TX",48,0,3,0,0,1.55e+09,0,32.8685,-96.9149,32.9569,-96.6833,15.76,1300,1,1,1,113,0,0,0,0
618422,2019,10,20,"2019-10-20","20:10:00",3,"TX",48,0,1,0,0,1e+07,0,32.4981,-96.9935,32.493,-96.9454,2.83,350,1,1,1,139,0,0,0,0
618423,2019,10,20,"2019-10-20","20:24:00",3,"TX",48,0,2,0,0,4e+08,0,32.8974,-96.6753,32.9099,-96.6377,2.48,265,1,1,1,113,0,0,0,0
618424,2019,10,20,"2019-10-20","20:36:00",3,"TX",48,0,1,0,0,10010000,0,32.9237,-96.5697,32.9802,-96.4974,5.77,500,1,1,1,113,397,0,0,0
618425,2019,10,20,"2019-10-20","20:42:00",3,"TX",48,0,0,0,0,1e+06,0,32.5332,-96.6664,32.5324,-96.6635,0.18,170,1,1,1,139,0,0,0,0
618426,2019,10,20,"2019-10-20","20:48:00",3,"TX",48,0,1,0,0,1e+07,0,32.9312,-96.4864,32.9393,-96.4545,1.96,150,1,1,1,397,0,0,0,0
618427,2019,10,20,"2019-10-20","21:01:00",3,"OK",40,0,1,0,0,5000,0,34.91,-96.92,34.91,-96.92,0.25,150,1,1,1,123,0,0,0,0
618428,2019,10,20,"2019-10-20","21:12:00",3,"OK",40,0,1,0,0,10000,0,34.98,-96.7,35,-96.67,2.8,100,1,1,1,133,0,0,0,0
618429,2019,10,20,"2019-10-20","21:27:00",3,"TX",48,0,0,0,0,50000,0,32.6661,-96.3241,32.668,-96.3241,0.13,50,1,1,1,257,0,0,0,0
618430,2019,10,20,"2019-10-20","21:39:00",3,"TX",48,0,1,0,0,1e+05,0,32.6708,-96.1393,32.6784,-96.138,0.53,500,1,1,1,257,0,0,0,0
618431,2019,10,20,"2019-10-20","21:59:00",3,"TX",48,0,0,0,0,250000,0,32.7353,-96.0054,32.7353,-95.9946,0.63,200,1,1,1,467,0,0,0,0
618432,2019,10,20,"2019-10-20","22:08:00",3,"OK",40,0,1,0,0,10000,0,35.9436,-95.5608,35.9928,-95.4469,7.2,1100,1,1,1,145,0,0,0,0
618433,2019,10,20,"2019-10-20","22:12:00",3,"OK",40,0,0,0,0,2000,0,35.6351,-95.6311,35.7161,-95.5232,8.3,400,1,1,1,101,0,0,0,0
618434,2019,10,20,"2019-10-20","22:39:00",3,"OK",40,0,1,0,0,0,0,36.1189,-94.9665,36.1211,-94.9143,2.9,600,1,1,1,21,0,0,0,0
618435,2019,10,20,"2019-10-20","23:00:00",3,"OK",40,0,1,0,0,225000,0,36.141,-94.6644,36.1666,-94.5045,9.1,900,2,0,1,0,0,0,0,0
618435,2019,10,20,"2019-10-20","23:00:00",3,"OK",40,0,1,0,0,75000,0,36.141,-94.6644,36.1524,-94.561,5.8,900,2,1,2,1,0,0,0,0
618435,2019,10,20,"2019-10-20","23:06:00",3,"AR",5,0,1,0,0,150000,0,36.1524,-94.561,36.1666,-94.5045,3.3,900,2,1,2,7,0,0,0,0
618436,2019,10,20,"2019-10-20","23:08:00",3,"AR",5,0,2,0,0,6e+06,0,36.1778,-94.531,36.3643,-94.0224,31.4,2640,1,1,1,7,0,0,0,0
618437,2019,10,20,"2019-10-20","23:22:00",3,"TX",48,0,0,0,0,2e+05,0,33.1169,-96.7272,33.1326,-96.6481,4.8,500,1,1,1,85,0,0,0,0
618438,2019,10,20,"2019-10-20","23:57:00",3,"MO",29,0,0,0,0,48000,0,37.0814,-93.4471,37.0955,-93.3635,4.72,100,1,1,1,43,77,0,0,0
618439,2019,10,21,"2019-10-21","00:03:00",3,"MO",29,0,1,0,0,0,0,36.9363,-93.2845,37.0158,-93.0936,11.88,150,1,1,1,43,0,0,0,0
618440,2019,10,21,"2019-10-21","00:11:00",3,"MO",29,0,0,0,0,15000,0,37.1486,-93.2225,37.1642,-93.2061,1.41,20,1,1,1,77,0,0,0,0
618441,2019,10,21,"2019-10-21","00:18:00",3,"MO",29,0,1,0,0,1e+05,0,37.0573,-93.0693,37.1064,-92.9742,6.29,250,1,1,1,43,225,0,0,0
618442,2019,10,21,"2019-10-21","01:06:00",3,"MO",29,0,1,0,0,25000,0,36.853,-92.4388,36.9812,-92.1907,16.32,450,1,1,1,67,0,0,0,0
618443,2019,10,21,"2019-10-21","01:13:00",3,"MO",29,0,1,0,0,1e+05,0,36.7464,-92.3107,36.8454,-92.1122,12.94,450,1,1,1,153,67,0,0,0
618444,2019,10,21,"2019-10-21","01:30:00",3,"MO",29,0,0,0,0,0,0,36.9715,-92.0525,36.9724,-92.0509,0.11,50,1,1,1,91,0,0,0,0
618445,2019,10,21,"2019-10-21","01:46:00",3,"MO",29,0,1,0,0,90000,0,37.5017,-91.8896,37.5174,-91.8853,1.11,450,1,1,1,215,0,0,0,0
618446,2019,10,21,"2019-10-21","02:08:00",3,"TX",48,0,1,0,0,1000,0,33.1039,-94.4987,33.1162,-94.3424,9.09,150,1,1,1,67,0,0,0,0
618447,2019,10,21,"2019-10-21","03:21:00",3,"AR",5,0,1,0,0,60000,0,33.0262,-93.495,33.0348,-93.4035,5.34,300,1,1,1,73,27,0,0,0
618448,2019,10,21,"2019-10-21","04:50:00",3,"AR",5,0,1,3,0,350000,0,35.4827,-90.3644,35.4915,-90.3479,1.11,125,1,1,1,111,0,0,0,0
618449,2019,10,21,"2019-10-21","05:20:00",3,"TN",47,0,0,0,0,55000,0,35.5095,-89.9776,35.569,-89.8642,7.6,200,2,0,1,0,97,167,0,0
618449,2019,10,21,"2019-10-21","05:20:00",3,"TN",47,0,0,0,0,35000,0,35.5095,-89.9776,35.569,-89.8642,4.74,200,2,1,2,167,97,167,0,0
618449,2019,10,21,"2019-10-21","05:22:00",3,"AR",5,0,0,0,0,20000,0,35.5224,-89.9525,35.5449,-89.9099,2.86,200,2,1,2,93,0,0,0,0
618450,2019,10,21,"2019-10-21","05:34:00",3,"TN",47,0,1,0,0,1500000,0,35.0452,-89.9839,35.0855,-89.8623,7.42,250,1,1,1,157,0,0,0,0
618451,2019,10,21,"2019-10-21","05:44:00",3,"TN",47,0,0,0,0,25000,0,35.6811,-89.6854,35.7268,-89.5679,7.31,200,1,1,1,97,0,0,0,0
618452,2019,10,21,"2019-10-21","12:00:00",3,"LA",22,0,0,1,0,2000,0,30.2194,-91.0336,30.2195,-91.0326,0.06,15,1,1,1,5,0,0,0,0
618453,2019,10,22,"2019-10-22","10:57:00",3,"NC",37,0,0,0,0,0,0,35.481,-80.77,35.483,-80.766,0.26,50,1,1,1,25,0,0,0,0
618454,2019,10,22,"2019-10-22","17:43:00",3,"NC",37,0,0,0,0,0,0,35.3508,-77.1258,35.351,-77.1251,0.04,40,1,1,1,49,0,0,0,0
618455,2019,10,25,"2019-10-25","15:12:00",3,"AL",1,0,1,0,0,0,0,30.6144,-88.2686,30.6337,-88.2715,1.34,75,1,1,1,97,0,0,0,0
618456,2019,10,25,"2019-10-25","15:19:00",3,"AL",1,0,0,0,0,0,0,30.6698,-88.2714,30.6711,-88.2716,0.09,25,1,1,1,97,0,0,0,0
618457,2019,10,25,"2019-10-25","15:37:00",3,"AL",1,0,1,0,0,0,0,30.7973,-88.273,30.8452,-88.2739,3.31,100,1,1,1,97,0,0,0,0
618458,2019,10,25,"2019-10-25","18:39:00",3,"AL",1,0,1,0,0,0,0,31.858,-87.7695,31.8712,-87.7698,0.91,100,1,1,1,25,0,0,0,0
618459,2019,10,31,"2019-10-31","09:45:00",3,"TN",47,0,0,0,0,0,0,36.47,-83.56,36.47,-83.56,1.5,200,1,1,1,25,0,0,0,0
618460,2019,10,31,"2019-10-31","15:59:00",3,"SC",45,0,1,0,0,0,0,33.9355,-81.3702,33.9427,-81.3526,1.14,50,1,1,1,63,0,0,0,0
618461,2019,10,31,"2019-10-31","16:02:00",3,"SC",45,0,1,0,0,0,0,33.9596,-81.3109,33.9634,-81.3041,0.47,100,1,1,1,63,0,0,0,0
618462,2019,10,31,"2019-10-31","16:04:00",3,"VA",51,0,0,0,0,30000,0,38.6366,-78.714,38.6444,-78.7141,0.54,25,1,1,1,165,0,0,0,0
618463,2019,10,31,"2019-10-31","16:09:00",3,"SC",45,0,0,0,0,0,0,33.9873,-81.2306,33.9879,-81.2297,0.07,50,1,1,1,63,0,0,0,0
618464,2019,10,31,"2019-10-31","17:48:00",3,"VA",51,0,1,0,0,40000,0,36.6103,-78.7111,36.6441,-78.6423,4.47,100,1,1,1,117,0,0,0,0
618465,2019,10,31,"2019-10-31","21:25:00",3,"PA",42,0,2,2,0,0,0,39.915,-75.5202,39.9189,-75.5129,0.47,250,1,1,1,45,0,0,0,0
618466,2019,10,31,"2019-10-31","22:23:00",3,"NJ",34,0,1,0,0,0,0,40.7352,-74.4748,40.7666,-74.3914,4.87,150,1,1,1,27,0,0,0,0
618467,2019,10,31,"2019-10-31","22:55:00",3,"VA",51,0,1,0,0,35000,0,36.632,-76.3268,36.6519,-76.2429,4.85,200,1,1,1,550,0,0,0,0
618468,2019,10,31,"2019-10-31","23:15:00",3,"NC",37,0,0,0,0,0,0,34.7394,-77.1094,34.7411,-77.1053,0.37,60,1,1,1,31,0,0,0,0
618404,2019,10,1,"2019-10-01","14:25:00",3,"IA",19,0,-9,0,0,0,0,41,-95.23,41,-95.23,0.01,50,1,1,1,137,0,0,0,0
618405,2019,10,1,"2019-10-01","14:35:00",3,"IA",19,0,-9,0,0,0,0,40.76,-95.32,40.76,-95.32,0.01,50,1,1,1,145,0,0,0,0
618406,2019,10,1,"2019-10-01","20:25:00",3,"WI",55,0,0,0,0,0,0,42.9327,-88.9677,42.9027,-88.8326,7.14,80,1,1,1,55,0,0,0,0
618407,2019,10,1,"2019-10-01","20:42:00",3,"WI",55,0,1,0,0,0,0,42.9935,-88.6273,42.9795,-88.3742,12.83,100,1,1,1,55,133,0,0,0
618408,2019,10,2,"2019-10-02","14:45:00",3,"RI",44,0,0,0,0,5000,0,41.5915,-71.2481,41.5883,-71.2482,0.22,60,1,1,1,5,0,0,0,0
618409,2019,10,4,"2019-10-04","15:57:00",3,"WA",53,0,-9,0,0,0,0,46.85,-122.8807,46.85,-122.8807,0.05,20,1,1,1,67,0,0,0,0
618410,2019,10,8,"2019-10-08","17:08:00",3,"NM",35,0,-9,0,0,0,0,31.94,-107.86,31.9425,-107.8595,0.18,10,1,1,1,29,0,0,0,0
618471,2019,11,26,"2019-11-26","18:03:00",3,"LA",22,0,2,1,1,120000,0,32.2351,-91.7783,32.3184,-91.7095,7.02,700,1,1,1,41,0,0,0,0
618472,2019,11,26,"2019-11-26","18:20:00",3,"LA",22,0,1,0,0,25000,0,32.9017,-93.0423,32.9076,-93.0343,0.62,115,1,1,1,27,0,0,0,0
618473,2019,11,26,"2019-11-26","18:46:00",3,"LA",22,0,-9,0,0,0,0,32.4565,-91.3847,32.4706,-91.381,1,25,1,1,1,65,0,0,0,0
618474,2019,11,26,"2019-11-26","23:57:00",3,"MS",28,0,2,0,0,120000,0,32.0586,-90.1282,32.1295,-89.9431,11.89,500,1,1,1,121,0,0,0,0
618475,2019,11,27,"2019-11-27","00:03:00",3,"MS",28,0,1,0,0,45000,0,32.1338,-89.8041,32.1616,-89.6847,7.25,75,1,1,1,121,129,0,0,0
618476,2019,11,27,"2019-11-27","09:05:00",3,"AL",1,0,0,0,0,0,0,31.7283,-85.7842,31.7266,-85.7764,0.48,65,1,1,1,109,0,0,0,0
618477,2019,11,27,"2019-11-27","09:19:00",3,"AL",1,0,0,0,0,0,0,31.724,-85.6294,31.7231,-85.6099,1.15,40,1,1,1,5,0,0,0,0
618478,2019,11,27,"2019-11-27","09:26:00",3,"AL",1,0,0,0,0,0,0,31.7199,-85.5568,31.7432,-85.533,2.13,55,1,1,1,5,0,0,0,0
618479,2019,11,29,"2019-11-29","04:49:00",3,"AZ",4,0,0,0,0,40000,0,33.56,-112.12,33.68,-112.02,10.09,100,1,1,1,13,0,0,0,0
618480,2019,11,29,"2019-11-29","04:54:00",3,"AZ",4,0,0,0,0,1e+05,0,33.56,-112.06,33.64,-111.94,8.85,200,1,1,1,13,0,0,0,0
618481,2019,11,29,"2019-11-29","05:41:00",3,"AZ",4,0,0,0,0,25000,0,33.29,-111.75,33.34,-111.7,4.5,100,1,1,1,13,0,0,0,0
618482,2019,11,29,"2019-11-29","05:51:00",3,"AZ",4,0,0,0,0,80000,0,33.23,-111.63,33.26,-111.58,3.56,100,1,1,1,13,0,0,0,0
618483,2019,11,30,"2019-11-30","16:04:00",3,"IA",19,0,-9,0,0,0,0,41.7142,-94.4399,41.7207,-94.4346,0.53,20,1,1,1,77,0,0,0,0
618484,2019,11,30,"2019-11-30","16:13:00",3,"IA",19,0,-9,0,0,0,500,41.7456,-94.4256,41.7584,-94.4109,1.17,25,1,1,1,77,0,0,0,0
618469,2019,11,5,"2019-11-05","15:20:00",3,"FL",12,0,0,0,0,0,0,27.214,-80.1729,27.2123,-80.1766,0.26,10,1,1,1,85,0,0,0,0
618470,2019,11,7,"2019-11-07","13:35:00",3,"AL",1,0,0,0,0,0,0,30.7248,-88.0548,30.726,-88.0486,0.38,25,1,1,1,97,0,0,0,0
618485,2019,12,14,"2019-12-14","02:53:00",3,"FL",12,0,0,0,0,0,0,29.5329,-82.3071,29.5347,-82.3046,0.2,45,1,1,1,1,0,0,0,0
618486,2019,12,14,"2019-12-14","04:05:00",3,"FL",12,0,0,0,0,0,0,29.7839,-81.4265,29.7855,-81.4236,0.25,325,1,1,1,109,0,0,0,0
618487,2019,12,14,"2019-12-14","04:14:00",3,"FL",12,0,1,0,0,0,0,29.3991,-81.4269,29.4397,-81.108,19.4,880,1,1,1,35,0,0,0,0
618488,2019,12,16,"2019-12-16","10:10:00",3,"LA",22,0,1,0,0,520000,0,32.6336,-93.602,32.8036,-93.1987,26.24,250,1,1,1,15,119,27,0,0
618489,2019,12,16,"2019-12-16","10:29:00",3,"LA",22,0,2,0,0,2e+05,0,30.9273,-92.7934,30.9735,-92.7668,3.56,147,1,1,1,79,0,0,0,0
618490,2019,12,16,"2019-12-16","11:08:00",3,"LA",22,0,1,0,0,84000,0,32.0226,-91.0938,32.1124,-90.9247,11.7,600,2,0,1,0,0,0,0,0
618490,2019,12,16,"2019-12-16","11:08:00",3,"LA",22,0,0,0,0,4000,0,32.0226,-91.0938,32.0253,-91.0856,0.52,200,2,1,2,107,0,0,0,0
618490,2019,12,16,"2019-12-16","11:09:00",3,"MS",28,0,1,0,0,80000,0,32.0253,-91.0856,32.1124,-90.9247,11.18,600,2,1,2,21,149,0,0,0
618491,2019,12,16,"2019-12-16","11:10:00",3,"LA",22,0,3,0,1,2.5e+07,0,30.8471,-93.2657,31.3586,-92.3935,62.61,550,1,1,1,11,115,79,0,0
618492,2019,12,16,"2019-12-16","11:48:00",3,"MS",28,0,1,0,0,502000,0,32.2043,-90.7831,32.4326,-90.5169,22.32,616,1,1,1,149,49,0,0,0
618493,2019,12,16,"2019-12-16","14:30:00",3,"MS",28,0,3,3,0,5e+05,0,31.194,-90.8942,31.4296,-90.4819,29.28,880,1,1,1,5,85,0,0,0
618494,2019,12,16,"2019-12-16","14:34:00",3,"MS",28,0,2,0,0,125000,0,31.4046,-91.1485,31.4398,-91.0898,4.23,720,1,1,1,37,0,0,0,0
618495,2019,12,16,"2019-12-16","15:41:00",3,"MS",28,0,1,1,0,250000,0,34.4639,-88.9277,34.5156,-88.7777,9.26,300,1,1,1,145,0,0,0,0
618496,2019,12,16,"2019-12-16","15:45:00",3,"MS",28,0,0,0,0,10000,0,33.815,-89.3471,33.8296,-89.3052,2.61,60,1,1,1,13,0,0,0,0
618497,2019,12,16,"2019-12-16","15:46:00",3,"LA",22,0,1,0,0,0,0,30.8685,-90.3253,30.8837,-90.3113,1.35,50,1,1,1,105,0,0,0,0
618498,2019,12,16,"2019-12-16","15:53:00",3,"MS",28,0,2,0,0,750000,0,34.4439,-88.7189,34.4922,-88.5642,9.42,250,1,1,1,81,0,0,0,0
618499,2019,12,16,"2019-12-16","15:55:00",3,"MS",28,0,0,0,0,10000,0,34.4141,-88.6267,34.4329,-88.5948,2.23,80,1,1,1,81,0,0,0,0
618500,2019,12,16,"2019-12-16","16:04:00",3,"MS",28,0,0,0,0,40000,0,31.4372,-90.3832,31.4391,-90.3763,0.43,50,1,1,1,85,0,0,0,0
618501,2019,12,16,"2019-12-16","16:14:00",3,"MS",28,0,0,0,0,50000,0,34.5566,-88.4382,34.5612,-88.4365,0.33,75,1,1,1,117,0,0,0,0
618502,2019,12,16,"2019-12-16","16:27:00",3,"MS",28,0,1,0,0,350000,0,34.624,-88.2287,34.6377,-88.1692,3.51,150,1,1,1,141,0,0,0,0
618503,2019,12,16,"2019-12-16","16:41:00",3,"MS",28,0,2,0,0,3e+05,0,31.1927,-89.9206,31.2544,-89.8175,7.44,350,1,1,1,91,0,0,0,0
618504,2019,12,16,"2019-12-16","16:44:00",3,"MS",28,0,2,1,0,585000,0,31.6159,-90.0076,31.6951,-89.8527,10.66,600,1,1,1,77,65,0,0,0
618505,2019,12,16,"2019-12-16","16:50:00",3,"AL",1,0,1,0,0,0,0,34.7043,-87.8715,34.7079,-87.8604,0.68,75,1,1,1,33,0,0,0,0
618506,2019,12,16,"2019-12-16","16:52:00",3,"AL",1,0,2,0,0,0,0,34.64,-87.7331,34.6881,-87.6051,8.18,250,1,1,1,33,0,0,0,0
618507,2019,12,16,"2019-12-16","16:55:00",3,"TN",47,0,0,0,0,15000,0,35.269,-87.519,35.288,-87.457,3.76,25,1,1,1,99,0,0,0,0
618508,2019,12,16,"2019-12-16","16:56:00",3,"MS",28,0,1,0,0,50000,0,31.2824,-89.7682,31.3222,-89.6745,6.18,440,1,1,1,91,0,0,0,0
618509,2019,12,16,"2019-12-16","17:08:00",3,"AL",1,0,2,0,2,0,0,34.6445,-87.4126,34.7739,-87.1283,18.46,370,1,1,1,79,83,0,0,0
618510,2019,12,16,"2019-12-16","17:17:00",3,"MS",28,0,3,0,0,510000,0,31.3902,-89.5764,31.4379,-89.4949,5.83,560,1,1,1,73,31,0,0,0
618511,2019,12,16,"2019-12-16","17:19:00",3,"MS",28,0,3,0,0,705000,0,31.7925,-89.6781,31.9755,-89.4451,18.63,1320,1,1,1,127,129,0,0,0
618512,2019,12,16,"2019-12-16","17:20:00",3,"AL",1,0,1,0,0,0,0,34.8017,-87.3322,34.8064,-87.2809,2.9,500,1,1,1,77,0,0,0,0
618513,2019,12,16,"2019-12-16","17:30:00",3,"AL",1,0,1,0,0,0,0,34.6997,-87.101,34.7603,-86.9522,9.47,50,1,1,1,83,0,0,0,0
618514,2019,12,16,"2019-12-16","17:41:00",3,"TN",47,0,0,0,0,15000,0,35.361,-86.823,35.371,-86.763,3.45,50,1,1,1,117,0,0,0,0
618515,2019,12,16,"2019-12-16","17:50:00",3,"TN",47,0,0,0,0,0,0,35.0106,-86.8261,35.0176,-86.7714,3.2,50,1,1,1,103,0,0,0,0
618516,2019,12,16,"2019-12-16","17:54:00",3,"AL",1,0,1,0,0,0,0,34.7904,-86.7366,34.8013,-86.7194,1.25,25,1,1,1,89,0,0,0,0
618517,2019,12,16,"2019-12-16","17:59:00",3,"MS",28,0,3,2,0,1210000,0,31.672,-89.1726,32.1848,-88.3246,61.19,350,2,0,1,0,153,23,0,0
618517,2019,12,16,"2019-12-16","17:59:00",3,"MS",28,0,3,2,0,1210000,0,31.672,-89.1726,32.0877,-88.4489,51.28,350,2,1,2,67,153,23,0,0
618518,2019,12,16,"2019-12-16","18:05:00",3,"AL",1,0,0,0,0,0,0,34.8593,-86.6252,34.8622,-86.5706,3.16,37,1,1,1,89,0,0,0,0
618517,2019,12,16,"2019-12-16","19:15:00",3,"AL",1,0,1,0,0,0,0,32.0877,-88.4489,32.1848,-88.3246,9.91,300,2,1,2,23,0,0,0,0
618519,2019,12,16,"2019-12-16","20:07:00",3,"AL",1,0,2,3,0,0,0,32.4206,-87.9787,32.4809,-87.9061,5.95,350,1,1,1,91,0,0,0,0
618520,2019,12,16,"2019-12-16","21:03:00",3,"AL",1,0,0,0,0,0,0,32.7695,-87.4927,32.8162,-87.4194,5.35,300,1,1,1,65,105,0,0,0
618521,2019,12,16,"2019-12-16","21:49:00",3,"AL",1,0,0,0,0,0,0,32.98,-87.0507,32.9858,-86.9977,3.12,200,1,1,1,7,0,0,0,0
618522,2019,12,16,"2019-12-16","22:00:00",3,"AL",1,0,1,0,0,0,0,33.0416,-86.9401,33.0464,-86.8958,2.6,300,1,1,1,7,0,0,0,0
618523,2019,12,16,"2019-12-16","22:07:00",3,"AL",1,0,0,0,0,0,0,33.0851,-86.8429,33.1,-86.8077,2.29,200,1,1,1,117,0,0,0,0
618524,2019,12,17,"2019-12-17","06:30:00",3,"GA",13,0,0,0,0,0,0,31.355,-85.0228,31.3588,-85.0177,0.4,50,1,1,1,99,0,0,0,0
618525,2019,12,17,"2019-12-17","06:52:00",3,"AL",1,0,0,0,0,25000,0,31.03,-85.39,31.0309,-85.3879,0.14,25,1,1,1,69,0,0,0,0
618526,2019,12,17,"2019-12-17","08:27:00",3,"GA",13,0,1,0,0,75000,0,31.2046,-84.7031,31.2336,-84.5973,6.56,200,1,1,1,201,0,0,0,0
618527,2019,12,17,"2019-12-17","09:00:00",3,"GA",13,0,0,0,0,10000,0,31.3074,-84.3932,31.3084,-84.39,0.2,75,1,1,1,7,0,0,0,0
618528,2019,12,17,"2019-12-17","10:39:00",3,"GA",13,0,2,0,0,6e+05,0,31.58,-83.42,31.6982,-83.105,20.31,400,1,1,1,155,17,0,0,0
618529,2019,12,25,"2019-12-25","23:00:00",3,"CA",6,0,0,0,0,0,0,34.2356,-119.2588,34.246,-119.2664,0.84,7,1,1,1,111,0,0,0,0
618530,2019,12,27,"2019-12-27","17:54:00",3,"NM",35,0,1,0,0,3e+05,0,34.5798,-103.3425,34.6407,-103.3022,4.79,100,1,1,1,9,0,0,0,0
618531,2019,12,28,"2019-12-28","15:28:00",3,"OK",40,0,0,0,0,0,10000,34.4702,-96.246,34.4702,-96.246,0.2,20,1,1,1,29,0,0,0,0
618532,2019,12,28,"2019-12-28","15:30:00",3,"OK",40,0,0,0,0,42000,0,36.0121,-95.7647,36.0225,-95.7466,1.2,160,1,1,1,143,145,0,0,0
618533,2019,12,28,"2019-12-28","19:03:00",3,"MO",29,0,0,0,0,55000,0,37.5943,-93.5645,37.6115,-93.5524,1.36,75,1,1,1,167,0,0,0,0
618534,2019,12,29,"2019-12-29","14:49:00",3,"MS",28,0,0,0,0,10000,0,32.3604,-90.4975,32.3634,-90.4826,0.89,150,1,1,1,49,0,0,0,0
618535,2019,12,29,"2019-12-29","15:35:00",3,"MS",28,0,1,0,0,29000,0,32.8795,-89.8075,32.938,-89.7029,7.34,400,1,1,1,89,7,79,7,0
618536,2019,12,29,"2019-12-29","15:53:00",3,"MS",28,0,1,0,0,10000,0,33.0978,-89.5429,33.141,-89.4411,6.6,500,1,1,1,7,0,0,0,0
618537,2019,12,29,"2019-12-29","16:03:00",3,"MS",28,0,1,0,0,75000,0,33.1628,-89.4323,33.2339,-89.3298,7.7,900,1,1,1,7,0,0,0,0
618538,2019,12,29,"2019-12-29","16:13:00",3,"MS",28,0,1,0,0,10000,0,33.2598,-89.2778,33.2879,-89.2208,3.82,200,1,1,1,19,0,0,0,0
618539,2019,12,29,"2019-12-29","16:32:00",3,"MS",28,0,0,0,0,5000,0,33.472,-89.0315,33.4888,-88.991,2.61,200,1,1,1,105,0,0,0,0
618540,2019,12,29,"2019-12-29","17:13:00",3,"MS",28,0,1,0,0,150000,0,32.5268,-89.1628,32.5581,-89.1215,3.23,125,1,1,1,101,0,0,0,0
618541,2019,12,29,"2019-12-29","18:50:00",3,"AL",1,0,0,0,0,0,0,34.7541,-87.0777,34.7946,-87.0041,5.07,50,1,1,1,83,0,0,0,0
617031,2019,1,17,"2019-01-17","17:20:00",3,"CA",6,0,1,0,0,5e+05,0,36.84,-119.56,36.8403,-119.544,0.25,20,1,1,1,19,0,0,0,0
617032,2019,1,18,"2019-01-18","16:05:00",3,"IL",17,0,-9,0,0,0,0,41.3494,-88.2408,41.3493,-88.2419,0.06,25,1,1,1,197,0,0,0,0
617033,2019,1,19,"2019-01-19","06:42:00",3,"MS",28,0,1,0,0,45000,0,32.8759,-89.517,32.896,-89.5194,1.4,250,1,1,1,79,0,0,0,0
617034,2019,1,19,"2019-01-19","07:38:00",3,"MS",28,0,0,0,0,10000,0,32.1407,-90.0569,32.1651,-90.0204,2.72,150,1,1,1,121,0,0,0,0
617035,2019,1,19,"2019-01-19","07:44:00",3,"MS",28,0,1,0,0,50000,0,32.203,-89.9774,32.2256,-89.9452,2.45,150,1,1,1,121,0,0,0,0
617036,2019,1,19,"2019-01-19","08:43:00",3,"MS",28,0,0,0,0,10000,0,32.7283,-89.1581,32.7319,-89.1571,0.26,50,1,1,1,99,0,0,0,0
617037,2019,1,19,"2019-01-19","09:22:00",3,"LA",22,0,1,0,0,0,0,30.8092,-90.3024,30.8092,-90.3024,0.25,40,1,1,1,105,0,0,0,0
617038,2019,1,19,"2019-01-19","09:45:00",3,"LA",22,0,1,0,0,0,0,30.9108,-90.0896,30.9149,-90.0702,1.2,75,1,1,1,117,0,0,0,0
617039,2019,1,19,"2019-01-19","13:47:00",3,"AL",1,0,1,0,0,0,0,32.3481,-86.9096,32.3981,-86.8233,6.13,75,1,1,1,47,1,0,0,0
617040,2019,1,19,"2019-01-19","14:04:00",3,"AL",1,0,1,2,0,0,0,32.4847,-86.7275,32.5467,-86.59,9.08,400,1,1,1,1,0,0,0,0
617041,2019,1,19,"2019-01-19","14:52:00",3,"AL",1,0,2,4,0,0,0,32.5202,-86.237,32.6824,-85.9927,18.11,700,1,1,1,51,0,0,0,0
617042,2019,1,19,"2019-01-19","14:58:00",3,"AL",1,0,1,0,0,0,0,32.8535,-86.1551,32.8762,-86.1439,1.7,112,1,1,1,37,0,0,0,0
617043,2019,1,19,"2019-01-19","18:22:00",3,"FL",12,0,1,0,0,20000,0,30.0716,-85.6074,30.0794,-85.5974,0.8,50,1,1,1,5,0,0,0,0
617044,2019,1,24,"2019-01-24","05:20:00",3,"FL",12,0,0,0,0,1380000,0,28.8225,-81.3219,28.8268,-81.3155,0.49,175,1,1,1,117,0,0,0,0
617045,2019,1,24,"2019-01-24","08:18:00",3,"FL",12,0,0,0,0,0,0,26.548,-80.7152,26.5497,-80.7121,0.22,25,1,1,1,99,0,0,0,0
617046,2019,1,27,"2019-01-27","18:52:00",3,"FL",12,0,0,0,0,0,0,25.8913,-80.3236,25.8928,-80.3167,0.44,100,1,1,1,86,0,0,0,0
617025,2019,1,4,"2019-01-04","04:38:00",3,"AL",1,0,0,0,0,0,0,31.6165,-85.2788,31.6169,-85.2763,0.15,35,1,1,1,67,0,0,0,0
617026,2019,1,4,"2019-01-04","05:10:00",3,"GA",13,0,1,0,0,10000,0,31.5976,-84.9635,31.6003,-84.9611,0.23,90,1,1,1,61,0,0,0,0
617027,2019,1,6,"2019-01-06","13:59:00",3,"CA",6,0,0,0,0,0,0,36.96,-122.04,36.96,-122.04,0.07,6,1,1,1,87,0,0,0,0
617028,2019,1,6,"2019-01-06","14:19:00",3,"CA",6,0,0,0,0,0,0,36.9569,-122.0181,36.9569,-122.0181,0.54,6,1,1,1,87,0,0,0,0
617029,2019,1,8,"2019-01-08","09:20:00",3,"OH",39,0,1,0,0,250000,0,41.3226,-80.8153,41.3303,-80.7285,4.5,75,1,1,1,155,0,0,0,0
617030,2019,1,8,"2019-01-08","10:25:00",3,"PA",42,0,1,0,0,5000,0,41.44,-80.06,41.44,-80.06,2.8,400,1,1,1,85,0,0,0,0
617058,2019,2,12,"2019-02-12","04:53:00",3,"MS",28,0,1,0,0,40000,0,32.734,-89.7141,32.7538,-89.6454,4.22,500,1,1,1,79,0,0,0,0
617059,2019,2,12,"2019-02-12","12:29:00",3,"GA",13,0,0,0,0,10000,0,33.503,-84.4791,33.5058,-84.4701,0.56,150,1,1,1,113,0,0,0,0
617060,2019,2,12,"2019-02-12","12:33:00",3,"GA",13,0,0,0,0,25000,0,33.5978,-84.4069,33.6092,-84.3571,2.98,100,1,1,1,63,0,0,0,0
617061,2019,2,12,"2019-02-12","13:12:00",3,"GA",13,0,0,0,0,15000,0,33.3393,-84.0971,33.3334,-84.0834,0.89,100,1,1,1,151,0,0,0,0
617062,2019,2,12,"2019-02-12","13:29:00",3,"GA",13,0,0,0,0,10000,0,32.3696,-84.2018,32.3697,-84.188,0.81,200,1,1,1,193,0,0,0,0
617063,2019,2,12,"2019-02-12","17:48:00",3,"SC",45,0,1,0,0,0,0,33.2551,-80.6976,33.2554,-80.687,0.61,125,1,1,1,75,0,0,0,0
617064,2019,2,15,"2019-02-15","11:45:00",3,"CA",6,0,0,0,0,0,0,37.16,-119.81,37.1655,-119.8025,0.56,25,1,1,1,39,0,0,0,0
617065,2019,2,17,"2019-02-17","16:20:00",3,"NM",35,0,0,0,0,0,0,35.8564,-107.315,35.8582,-107.3113,0.24,30,1,1,1,31,0,0,0,0
617066,2019,2,23,"2019-02-23","15:37:00",3,"MS",28,0,2,0,0,1500000,0,34.7899,-88.4084,34.874,-88.3054,8.3,200,1,1,1,3,141,0,0,0
617067,2019,2,23,"2019-02-23","16:53:00",3,"MS",28,0,0,0,0,35000,0,33.3905,-88.654,33.3929,-88.6463,0.47,150,1,1,1,87,0,0,0,0
617068,2019,2,23,"2019-02-23","17:14:00",3,"MS",28,0,3,11,1,1.4e+07,0,33.4865,-88.4346,33.5462,-88.2814,9.74,440,1,1,1,87,0,0,0,0
617069,2019,2,23,"2019-02-23","17:44:00",3,"AL",1,0,0,0,0,0,0,33.058,-88.3103,33.0653,-88.2939,1.08,200,1,1,1,107,0,0,0,0
617070,2019,2,23,"2019-02-23","17:52:00",3,"AL",1,0,1,0,0,0,0,33.656,-88.059,33.7319,-87.9273,9.21,700,1,1,1,75,57,0,0,0
617071,2019,2,23,"2019-02-23","18:38:00",3,"AL",1,0,0,0,0,0,0,33.8327,-87.678,33.8909,-87.6253,5.04,350,1,1,1,57,127,0,0,0
617072,2019,2,24,"2019-02-24","01:54:00",3,"AL",1,0,1,0,0,0,0,32.8676,-86.1845,32.8804,-86.1032,5.01,550,1,1,1,37,0,0,0,0
617073,2019,2,24,"2019-02-24","03:33:00",3,"GA",13,0,1,0,0,4e+05,0,33.2903,-84.747,33.2951,-84.712,2.05,150,1,1,1,77,0,0,0,0
617047,2019,2,2,"2019-02-02","17:38:00",3,"CA",6,0,0,0,0,0,0,39.35,-122,39.3514,-121.9981,0.1,20,1,1,1,11,0,0,0,0
617048,2019,2,2,"2019-02-02","17:55:00",3,"CA",6,0,0,0,0,0,0,37.37,-119.97,37.3702,-119.9665,0.19,25,1,1,1,43,0,0,0,0
617049,2019,2,2,"2019-02-02","19:50:00",3,"CA",6,0,0,0,0,5000,0,39.05,-121.65,39.0526,-121.6508,0.3,20,1,1,1,101,0,0,0,0
617050,2019,2,6,"2019-02-06","14:35:00",3,"TN",47,0,0,0,0,25000,0,35.9203,-86.189,35.9296,-86.172,1.2,75,1,1,1,149,0,0,0,0
617051,2019,2,6,"2019-02-06","20:02:00",3,"TN",47,0,0,0,0,20000,0,36.0306,-87.2054,36.0355,-87.1812,1.4,50,1,1,1,43,187,0,0,0
617052,2019,2,6,"2019-02-06","21:49:00",3,"TN",47,0,0,0,0,10000,0,36.1987,-86.1873,36.208,-86.1748,0.97,50,1,1,1,189,0,0,0,0
617053,2019,2,7,"2019-02-07","04:27:00",3,"AR",5,0,1,1,0,1e+05,30000,36.1187,-92.6532,36.1379,-92.6122,2.64,100,1,1,1,89,0,0,0,0
617054,2019,2,7,"2019-02-07","10:47:00",3,"IN",18,0,0,0,0,15000,0,38.5308,-87.6314,38.5474,-87.5809,2.96,300,1,1,1,83,0,0,0,0
617055,2019,2,7,"2019-02-07","11:12:00",3,"IN",18,0,1,0,0,150000,0,38.3217,-87.3756,38.3355,-87.333,2.5,100,1,1,1,51,0,0,0,0
617056,2019,2,7,"2019-02-07","11:57:00",3,"KY",21,0,1,0,0,5000,0,37.7068,-87.5966,37.7181,-87.5752,1.4,30,1,1,1,101,0,0,0,0
617057,2019,2,7,"2019-02-07","14:17:00",3,"OH",39,0,0,0,0,40000,0,39.828,-83.7941,39.8898,-83.6732,7.5,150,1,1,1,23,0,0,0,0
617132,2019,3,12,"2019-03-12","17:55:00",3,"NM",35,0,2,6,0,2e+06,0,33.001,-104.4402,33.2104,-104.3603,15.19,350,1,1,1,5,0,0,0,0
617133,2019,3,12,"2019-03-12","18:08:00",3,"NM",35,0,2,0,0,20000,0,32.1763,-104.0794,32.3359,-103.913,14.7,880,1,1,1,15,0,0,0,0
617134,2019,3,12,"2019-03-12","20:55:00",3,"TX",48,0,1,0,0,4e+05,0,32.3199,-102.4883,32.3287,-102.479,0.81,880,1,1,1,3,0,0,0,0
617135,2019,3,12,"2019-03-12","21:35:00",3,"TX",48,0,1,0,0,5e+05,0,33.8006,-102.1549,33.8474,-102.1359,3.41,125,1,1,1,219,279,0,0,0
617136,2019,3,13,"2019-03-13","02:00:00",3,"TX",48,0,0,0,0,1e+05,0,30.4861,-99.7843,30.4867,-99.7812,0.19,30,1,1,1,267,0,0,0,0
617137,2019,3,13,"2019-03-13","02:03:00",3,"TX",48,0,0,0,0,0,0,30.49,-99.7756,30.4894,-99.7637,0.71,140,1,1,1,267,0,0,0,0
617138,2019,3,13,"2019-03-13","02:19:00",3,"TX",48,0,1,0,0,0,0,31.679,-98.8001,31.6764,-98.7766,1.39,230,1,1,1,49,0,0,0,0
617139,2019,3,13,"2019-03-13","02:25:00",3,"TX",48,0,1,0,0,10000,0,32.8088,-98.0924,32.812,-98.0531,2.3,250,1,1,1,363,0,0,0,0
617140,2019,3,13,"2019-03-13","02:37:00",3,"TX",48,0,1,0,0,10000,0,32.865,-97.9102,32.8685,-97.899,0.75,250,1,1,1,367,0,0,0,0
617141,2019,3,14,"2019-03-14","08:18:00",3,"KY",21,0,2,1,0,1470000,0,36.9236,-88.896,37.0871,-88.6757,16.71,300,1,1,1,39,7,145,0,0
617142,2019,3,14,"2019-03-14","09:10:00",3,"KY",21,0,1,1,0,60000,0,37.6317,-88.0728,37.7183,-87.9294,9.86,125,1,1,1,225,0,0,0,0
617143,2019,3,14,"2019-03-14","10:14:00",3,"KY",21,0,0,0,0,4000,0,37.7973,-87.7769,37.8145,-87.7696,1.25,100,1,1,1,101,0,0,0,0
617144,2019,3,14,"2019-03-14","10:27:00",3,"KY",21,0,0,0,0,2000,0,36.8572,-88.6342,36.8655,-88.6277,0.68,75,1,1,1,83,0,0,0,0
617145,2019,3,14,"2019-03-14","11:42:00",3,"KY",21,0,0,0,0,8000,0,37.6413,-87.5314,37.6561,-87.5189,1.23,100,1,1,1,233,101,0,0,0
617146,2019,3,14,"2019-03-14","12:06:00",3,"IN",18,0,1,0,0,70000,0,38.9202,-86.0382,38.9379,-86.034,1.24,40,1,1,1,71,0,0,0,0
617147,2019,3,14,"2019-03-14","12:14:00",3,"IN",18,0,0,0,0,30000,0,38.7225,-86.2251,38.7392,-86.1742,3,35,1,1,1,175,0,0,0,0
617148,2019,3,14,"2019-03-14","12:15:00",3,"KY",21,0,0,0,0,1000,0,37.504,-87.4958,37.5271,-87.4664,2.27,50,1,1,1,233,0,0,0,0
617149,2019,3,14,"2019-03-14","12:51:00",3,"IN",18,0,0,0,0,0,0,41.2704,-87.4072,41.2877,-87.391,1.46,75,1,1,1,89,0,0,0,0
617150,2019,3,14,"2019-03-14","15:10:00",3,"AL",1,0,1,0,0,0,0,34.095,-86.7734,34.1885,-86.6192,11.07,112,1,1,1,43,0,0,0,0
617151,2019,3,14,"2019-03-14","16:04:00",3,"AL",1,0,0,0,0,0,0,33.9256,-86.5439,33.9478,-86.5077,2.58,115,1,1,1,9,0,0,0,0
617152,2019,3,14,"2019-03-14","16:05:00",3,"AL",1,0,1,0,0,0,0,33.8921,-86.5409,33.9782,-86.269,17.2,1175,1,1,1,9,55,115,0,0
617153,2019,3,14,"2019-03-14","16:25:00",3,"AL",1,0,0,0,0,0,0,33.3733,-87.3468,33.3805,-87.3271,1.24,50,1,1,1,125,0,0,0,0
617154,2019,3,14,"2019-03-14","16:45:00",3,"MI",26,0,2,0,0,9750000,0,42.834,-84.2384,42.9791,-83.9383,18.2,700,1,1,1,155,0,0,0,0
617155,2019,3,14,"2019-03-14","16:47:00",3,"MI",26,0,0,0,0,50000,0,42.8842,-84.223,42.9402,-84.1489,6.4,100,1,1,1,155,0,0,0,0
617156,2019,3,14,"2019-03-14","16:54:00",3,"AL",1,0,0,0,0,0,0,33.7269,-86.3633,33.7317,-86.2859,4.71,530,1,1,1,115,0,0,0,0
617157,2019,3,14,"2019-03-14","17:09:00",3,"MI",26,0,0,0,0,75000,0,42.9927,-83.891,43.0508,-83.7528,8.05,125,1,1,1,49,0,0,0,0
617158,2019,3,14,"2019-03-14","17:19:00",3,"AL",1,0,0,0,0,0,0,32.7638,-87.3668,32.7623,-87.2899,4.48,100,1,1,1,105,0,0,0,0
617159,2019,3,14,"2019-03-14","17:22:00",3,"AL",1,0,0,0,0,0,0,33.8453,-86.0295,33.8542,-86.0119,1.18,200,1,1,1,15,0,0,0,0
617160,2019,3,14,"2019-03-14","17:24:00",3,"MI",26,0,0,0,0,1e+05,0,43.1069,-83.6465,43.1757,-83.5576,6.54,75,1,1,1,49,0,0,0,0
617161,2019,3,14,"2019-03-14","17:37:00",3,"AL",1,0,1,0,0,0,0,32.7966,-87.1707,32.8318,-87.0138,9.44,300,1,1,1,105,21,0,0,0
617162,2019,3,14,"2019-03-14","17:39:00",3,"AL",1,0,0,0,0,0,0,32.396,-87.6105,32.4244,-87.5307,5.06,150,1,1,1,91,0,0,0,0
617163,2019,3,14,"2019-03-14","18:06:00",3,"GA",13,0,0,0,0,50000,0,34.1187,-85.2586,34.1278,-85.2314,1.68,150,1,1,1,115,0,0,0,0
617164,2019,3,14,"2019-03-14","18:11:00",3,"OH",39,0,0,0,0,1e+05,0,40.7349,-81.579,40.8014,-81.4427,8.7,50,1,1,1,151,0,0,0,0
617165,2019,3,14,"2019-03-14","18:23:00",3,"OH",39,0,0,0,0,1e+05,0,40.87,-81.31,40.8826,-81.2842,1.6,100,1,1,1,151,0,0,0,0
617166,2019,3,14,"2019-03-14","18:27:00",3,"AL",1,0,0,0,0,0,0,32.3449,-87.4677,32.3551,-87.4187,2.94,300,1,1,1,105,47,0,0,0
617167,2019,3,14,"2019-03-14","18:39:00",3,"AL",1,0,0,0,0,0,0,32.9276,-86.6157,33.0022,-86.4328,11.91,350,1,1,1,21,37,0,0,0
617168,2019,3,14,"2019-03-14","19:21:00",3,"AL",1,0,0,0,0,0,0,33.0221,-86.2749,33.0242,-86.265,0.62,40,1,1,1,37,0,0,0,0
617169,2019,3,14,"2019-03-14","19:44:00",3,"AL",1,0,1,0,0,0,0,32.5282,-86.788,32.5665,-86.6841,7.09,250,1,1,1,1,0,0,0,0
617170,2019,3,14,"2019-03-14","20:32:00",3,"AL",1,0,2,0,0,0,0,32.6413,-86.3385,32.6899,-86.2044,8.58,650,1,1,1,51,0,0,0,0
617171,2019,3,14,"2019-03-14","21:00:00",3,"AL",1,0,0,0,0,0,0,33.2979,-85.4907,33.3342,-85.429,4.38,75,1,1,1,111,0,0,0,0
617172,2019,3,22,"2019-03-22","16:12:00",3,"TX",48,0,-9,0,0,0,0,35.9177,-102.1571,35.9003,-102.1418,1.48,200,1,1,1,341,0,0,0,0
617173,2019,3,22,"2019-03-22","16:43:00",3,"TX",48,0,-9,0,0,0,0,35.2263,-102.4254,35.2316,-102.4161,0.64,40,1,1,1,359,0,0,0,0
617174,2019,3,22,"2019-03-22","18:14:00",3,"CO",8,0,0,0,0,0,0,40.52,-104.599,40.52,-104.599,0.01,75,1,1,1,123,0,0,0,0
617175,2019,3,22,"2019-03-22","18:57:00",3,"TX",48,0,-9,0,0,0,0,34.94,-102.0059,34.9303,-101.9711,2.08,50,1,1,1,381,0,0,0,0
617176,2019,3,24,"2019-03-24","15:31:00",3,"MO",29,0,0,0,0,0,0,37.9998,-91.2153,38.008,-91.1131,5.75,100,1,1,1,55,0,0,0,0
617177,2019,3,24,"2019-03-24","16:22:00",3,"MO",29,0,0,0,0,0,0,37.9921,-90.7098,37.9921,-90.7098,0.01,20,1,1,1,221,0,0,0,0
617178,2019,3,24,"2019-03-24","18:31:00",3,"MO",29,0,1,0,0,0,0,37.4076,-90.2227,37.4195,-90.1472,4.24,250,1,1,1,123,0,0,0,0
617179,2019,3,24,"2019-03-24","19:47:00",3,"MO",29,0,2,1,0,60000,0,37.4187,-90.1217,37.426,-89.9341,10.3,250,1,1,1,17,0,0,0,0
617180,2019,3,29,"2019-03-29","16:15:00",3,"CO",8,0,0,0,0,0,0,38.9,-104.51,38.9,-104.51,1.17,25,1,1,1,41,0,0,0,0
617074,2019,3,1,"2019-03-01","17:17:00",3,"SC",45,0,0,0,0,50000,0,34.203,-82.391,34.204,-82.364,1.54,75,1,1,1,1,0,0,0,0
617075,2019,3,2,"2019-03-02","14:15:00",3,"CA",6,0,0,0,0,20000,0,36.7574,-120.3926,36.7591,-120.3917,0.17,10,1,1,1,19,0,0,0,0
617076,2019,3,3,"2019-03-03","12:55:00",3,"AL",1,0,1,0,0,10000,0,31.4188,-88.2566,31.4195,-88.254,0.16,300,1,1,1,129,0,0,0,0
617077,2019,3,3,"2019-03-03","13:19:00",3,"AL",1,0,0,0,0,0,0,32.471,-86.747,32.4762,-86.7385,0.62,70,1,1,1,1,0,0,0,0
617078,2019,3,3,"2019-03-03","13:37:00",3,"AL",1,0,1,0,0,50000,0,31.2118,-88.1575,31.2152,-88.1142,2.57,100,1,1,1,129,0,0,0,0
617079,2019,3,3,"2019-03-03","14:00:00",3,"AL",1,0,4,90,23,1750000,0,32.4472,-85.4818,32.7452,-84.3697,68.04,1600,2,0,1,0,81,0,0,0
617079,2019,3,3,"2019-03-03","14:00:00",3,"AL",1,0,4,90,23,0,0,32.4472,-85.4818,32.575,-85.057,26.3,1600,2,1,2,87,81,0,0,0
617080,2019,3,3,"2019-03-03","14:15:00",3,"GA",13,0,2,1,0,2e+05,0,32.5998,-83.9492,32.6252,-83.8389,6.66,420,1,1,1,79,225,0,0,0
617081,2019,3,3,"2019-03-03","14:27:00",3,"AL",1,0,2,1,0,0,0,32.3455,-85.7356,32.4914,-85.2738,29.07,1300,1,1,1,87,81,0,0,0
617079,2019,3,3,"2019-03-03","14:29:00",3,"GA",13,0,3,0,0,1750000,0,32.575,-85.057,32.7452,-84.3697,41.74,750,2,1,2,215,145,263,0,0
617082,2019,3,3,"2019-03-03","14:34:00",3,"AL",1,0,1,0,0,15000,0,31.9074,-86.4802,31.9074,-86.4802,0.27,50,1,1,1,13,0,0,0,0
617083,2019,3,3,"2019-03-03","14:36:00",3,"GA",13,0,0,0,0,1e+05,0,32.8296,-83.6382,32.8418,-83.6268,1.07,150,1,1,1,21,0,0,0,0
617084,2019,3,3,"2019-03-03","14:38:00",3,"AL",1,0,1,0,0,15000,0,31.9065,-86.4459,31.9142,-86.4016,2.65,50,1,1,1,41,0,0,0,0
617085,2019,3,3,"2019-03-03","14:42:00",3,"GA",13,0,1,0,0,50000,0,32.7023,-83.5584,32.7021,-83.5387,1.15,300,1,1,1,289,0,0,0,0
617086,2019,3,3,"2019-03-03","15:05:00",3,"GA",13,0,0,0,0,50000,0,31.9255,-82.9292,31.9436,-82.8646,3.99,150,1,1,1,271,0,0,0,0
617087,2019,3,3,"2019-03-03","15:09:00",3,"GA",13,0,0,0,0,30000,0,31.8517,-82.8568,31.8529,-82.8504,0.38,100,1,1,1,271,0,0,0,0
617088,2019,3,3,"2019-03-03","15:15:00",3,"AL",1,0,0,0,0,0,0,31.9637,-85.7804,31.9637,-85.7733,0.42,50,1,1,1,11,0,0,0,0
617089,2019,3,3,"2019-03-03","15:18:00",3,"GA",13,0,1,0,0,45000,0,32.8071,-83.0795,32.8331,-83.0364,3.08,630,1,1,1,319,0,0,0,0
617090,2019,3,3,"2019-03-03","15:18:00",3,"GA",13,0,0,0,0,25000,0,32.3809,-84.2984,32.4139,-84.1926,6.58,630,1,1,1,269,0,0,0,0
617091,2019,3,3,"2019-03-03","15:19:00",3,"GA",13,0,1,0,0,150000,0,32.836,-84.9421,32.8665,-84.8197,7.41,900,1,1,1,145,0,0,0,0
617092,2019,3,3,"2019-03-03","15:24:00",3,"GA",13,0,1,0,0,50000,0,32.8477,-82.9564,32.8488,-82.9471,0.55,200,1,1,1,303,0,0,0,0
617093,2019,3,3,"2019-03-03","15:30:00",3,"GA",13,0,0,0,0,0,0,31.87,-82.6,31.87,-82.6,0.01,25,1,1,1,161,0,0,0,0
617094,2019,3,3,"2019-03-03","15:36:00",3,"GA",13,0,1,0,0,35000,0,32.8643,-82.8495,32.869,-82.8259,1.41,290,1,1,1,303,0,0,0,0
617095,2019,3,3,"2019-03-03","15:43:00",3,"GA",13,0,0,0,0,95000,0,32.4654,-83.9072,32.4766,-83.7985,6.38,300,1,1,1,193,225,0,0,0
617096,2019,3,3,"2019-03-03","15:45:00",3,"AL",1,0,2,0,0,0,0,31.9653,-85.3392,31.9507,-85.2283,6.68,700,1,1,1,5,0,0,0,0
617097,2019,3,3,"2019-03-03","15:55:00",3,"GA",13,0,1,0,0,50000,0,32.9334,-82.6144,32.9345,-82.6115,0.18,85,1,1,1,303,0,0,0,0
617098,2019,3,3,"2019-03-03","15:58:00",3,"AL",1,0,2,0,0,415000,0,31.9483,-85.1537,31.9642,-84.6291,30.86,860,2,0,1,0,0,0,0,0
617098,2019,3,3,"2019-03-03","15:58:00",3,"AL",1,0,2,0,0,0,0,31.9483,-85.1537,31.9485,-85.0833,4.2,600,2,1,2,5,0,0,0,0
617098,2019,3,3,"2019-03-03","16:03:00",3,"GA",13,0,2,0,0,415000,0,31.9485,-85.0833,31.9642,-84.6291,26.66,860,2,1,2,239,259,307,0,0
617099,2019,3,3,"2019-03-03","16:22:00",3,"GA",13,0,0,0,0,0,0,31.61,-81.84,31.6118,-81.8359,0.27,50,1,1,1,305,0,0,0,0
617100,2019,3,3,"2019-03-03","16:28:00",3,"FL",12,0,0,0,0,0,0,30.6553,-86.3155,30.7084,-86.1244,11.93,400,1,1,1,131,0,0,0,0
617101,2019,3,3,"2019-03-03","16:39:00",3,"AL",1,0,0,0,0,10000,0,31.5459,-85.0784,31.603,-84.9315,10.82,75,2,0,1,0,0,0,0,0
617101,2019,3,3,"2019-03-03","16:39:00",3,"AL",1,0,0,0,0,0,0,31.5459,-85.0784,31.5913,-85.0574,3.37,75,2,1,2,67,0,0,0,0
617102,2019,3,3,"2019-03-03","16:44:00",3,"GA",13,0,2,0,0,0,0,33.5354,-82.2159,33.5521,-82.1986,1.52,100,1,1,1,73,0,0,0,0
617101,2019,3,3,"2019-03-03","16:45:00",3,"GA",13,0,0,0,0,10000,0,31.5913,-85.0574,31.603,-84.9315,7.45,75,2,1,2,61,0,0,0,0
617103,2019,3,3,"2019-03-03","16:51:00",3,"AL",1,0,1,0,0,1e+05,0,31.0565,-85.6074,31.0631,-85.5213,5.12,300,1,1,1,61,0,0,0,0
617104,2019,3,3,"2019-03-03","16:53:00",3,"SC",45,0,2,7,0,0,0,33.6098,-82.0529,33.6278,-81.9683,5.05,200,1,1,1,37,0,0,0,0
617105,2019,3,3,"2019-03-03","17:03:00",3,"SC",45,0,0,0,0,0,0,33.2691,-80.894,33.2696,-80.8912,0.17,25,1,1,1,75,0,0,0,0
617106,2019,3,3,"2019-03-03","17:33:00",3,"FL",12,0,1,0,0,105000,0,30.6928,-85.4779,30.7158,-85.3944,5.29,300,1,1,1,133,63,0,0,0
617107,2019,3,3,"2019-03-03","17:53:00",3,"SC",45,0,1,0,0,0,0,33.9081,-81.3538,33.9602,-81.1754,10.84,100,1,1,1,63,0,0,0,0
617108,2019,3,3,"2019-03-03","17:58:00",3,"GA",13,0,1,0,0,0,0,31.6807,-81.4119,31.7159,-81.2852,7.84,350,1,1,1,179,0,0,0,0
617109,2019,3,3,"2019-03-03","18:02:00",3,"GA",13,0,1,1,0,2e+05,0,31.0734,-84.7113,31.0904,-84.6442,4.14,150,1,1,1,201,0,0,0,0
617110,2019,3,3,"2019-03-03","18:13:00",3,"SC",45,0,1,0,0,0,0,34.0182,-81.096,34.0165,-81.0707,1.46,150,1,1,1,79,0,0,0,0
617111,2019,3,3,"2019-03-03","18:13:00",3,"SC",45,0,1,0,0,0,0,33.9613,-81.2383,33.96,-81.205,1.91,50,1,1,1,63,0,0,0,0
617112,2019,3,3,"2019-03-03","18:18:00",3,"GA",13,0,1,0,0,20000,0,30.8766,-84.6863,30.8859,-84.6106,4.53,150,1,1,1,87,0,0,0,0
617113,2019,3,3,"2019-03-03","18:33:00",3,"SC",45,0,1,0,0,0,0,34.06,-80.9031,34.0612,-80.8928,0.6,200,1,1,1,79,0,0,0,0
617114,2019,3,3,"2019-03-03","18:41:00",3,"FL",12,0,1,0,0,50000,0,30.5648,-84.5978,30.5579,-84.5639,2.07,275,1,1,1,39,0,0,0,0
617115,2019,3,3,"2019-03-03","18:45:00",3,"GA",13,0,1,0,0,50000,5000,31.3552,-83.5746,31.3594,-83.5634,0.72,180,1,1,1,277,0,0,0,0
617116,2019,3,3,"2019-03-03","18:54:00",3,"GA",13,0,2,2,0,1e+06,0,30.8619,-84.2321,30.8823,-84.1936,2.68,800,1,1,1,131,0,0,0,0
617117,2019,3,3,"2019-03-03","19:06:00",3,"FL",12,0,0,0,0,5000,0,30.2218,-84.6646,30.2187,-84.3569,18.37,300,1,1,1,129,0,0,0,0
617118,2019,3,3,"2019-03-03","19:18:00",3,"FL",12,0,3,0,0,5e+05,0,30.4934,-84.1262,30.5092,-83.9792,8.83,700,1,1,1,73,65,0,0,0
617119,2019,3,3,"2019-03-03","19:42:00",3,"FL",12,0,0,0,0,0,0,30.23,-84.17,30.2386,-84.165,0.66,50,1,1,1,129,0,0,0,0
617120,2019,3,9,"2019-03-09","07:38:00",3,"TX",48,0,0,0,0,10000,0,32.7525,-96.6189,32.7534,-96.5908,1.71,100,1,1,1,113,0,0,0,0
617121,2019,3,9,"2019-03-09","10:24:00",3,"AR",5,0,1,2,0,160000,20000,34.6012,-92.1263,34.6574,-92.0379,6.35,150,1,1,1,119,85,0,0,0
617122,2019,3,9,"2019-03-09","10:45:00",3,"LA",22,0,1,0,0,125000,0,32.9085,-94.0064,32.9506,-93.8694,8.46,100,1,1,1,17,0,0,0,0
617123,2019,3,9,"2019-03-09","10:48:00",3,"AR",5,0,1,0,0,310000,0,34.6258,-91.8121,34.7292,-91.6696,10.8,300,1,1,1,85,117,0,0,0
617124,2019,3,9,"2019-03-09","10:57:00",3,"AR",5,0,1,0,0,30000,10000,34.6202,-91.7206,34.6623,-91.6458,5.15,100,1,1,1,85,117,0,0,0
617125,2019,3,9,"2019-03-09","11:13:00",3,"LA",22,0,1,0,0,25000,0,32.9557,-93.6151,32.9702,-93.5687,2.87,100,1,1,1,15,0,0,0,0
617126,2019,3,9,"2019-03-09","11:24:00",3,"LA",22,0,1,0,0,150000,0,32.995,-93.4677,32.9997,-93.455,0.8,75,1,1,1,119,0,0,0,0
617127,2019,3,9,"2019-03-09","14:31:00",3,"MS",28,0,0,0,0,0,0,34.8423,-88.9802,34.8425,-88.9799,0.03,50,1,1,1,139,0,0,0,0
617128,2019,3,9,"2019-03-09","14:36:00",3,"MS",28,0,0,0,0,250000,0,34.9462,-88.9013,34.9599,-88.8507,3.1,100,1,1,1,139,0,0,0,0
617129,2019,3,9,"2019-03-09","15:26:00",3,"TN",47,0,0,0,0,0,0,35.0808,-88.2473,35.0833,-88.2425,0.32,50,1,1,1,71,0,0,0,0
617130,2019,3,9,"2019-03-09","17:16:00",3,"MS",28,0,1,0,0,1500000,0,34.9536,-88.2448,34.9605,-88.2091,2.2,250,1,1,1,141,0,0,0,0
617131,2019,3,9,"2019-03-09","17:17:00",3,"MS",28,0,0,0,0,7000,0,33.3505,-89.4667,33.3526,-89.4606,0.38,25,1,1,1,97,0,0,0,0
617193,2019,4,12,"2019-04-12","04:45:00",3,"KY",21,0,1,0,0,1e+05,0,38.3237,-85.5185,38.3705,-85.376,8.3,300,1,1,1,185,0,0,0,0
617194,2019,4,12,"2019-04-12","06:32:00",3,"OH",39,0,0,0,0,15000,0,39.8601,-83.6669,39.8649,-83.6543,0.75,25,1,1,1,23,0,0,0,0
617195,2019,4,12,"2019-04-12","06:34:00",3,"OH",39,0,-9,0,0,0,0,39.9074,-83.6299,39.9198,-83.6219,0.96,25,1,1,1,23,0,0,0,0
617196,2019,4,12,"2019-04-12","16:40:00",3,"NC",37,0,0,0,0,10000,0,35.45,-78.95,35.513,-78.91,4.9,100,1,1,1,85,0,0,0,0
617197,2019,4,13,"2019-04-13","09:50:00",3,"TX",48,0,3,0,0,250000,0,30.8832,-96.6999,31.1855,-96.2825,32.48,250,1,1,1,331,395,289,0,0
617198,2019,4,13,"2019-04-13","10:26:00",3,"TX",48,0,1,4,0,3e+05,0,31.3846,-95.202,31.4978,-95.1301,8.9,200,1,1,1,225,0,0,0,0
617199,2019,4,13,"2019-04-13","10:46:00",3,"TX",48,0,2,0,0,250000,0,31.5612,-95.1042,31.5638,-95.1043,0.8,400,1,1,1,73,0,0,0,0
617200,2019,4,13,"2019-04-13","10:52:00",3,"TX",48,0,2,0,0,6e+05,0,31.6405,-95.0805,31.6759,-95.0721,2.5,400,1,1,1,73,0,0,0,0
617201,2019,4,13,"2019-04-13","11:12:00",3,"TX",48,0,1,0,0,10000,0,31.3242,-96.1165,31.4576,-96.0083,11.22,150,1,1,1,289,0,0,0,0
617202,2019,4,13,"2019-04-13","11:14:00",3,"TX",48,0,-9,0,0,0,0,30.7303,-96.5496,30.7561,-96.5232,2.3,50,1,1,1,395,0,0,0,0
617203,2019,4,13,"2019-04-13","11:20:00",3,"TX",48,0,2,0,0,250000,0,31.0789,-95.5773,31.1467,-95.5132,6.03,100,1,1,1,225,0,0,0,0
617204,2019,4,13,"2019-04-13","12:00:00",3,"TX",48,0,3,20,2,11250000,0,31.428,-95.2718,31.9046,-94.8587,41.13,880,1,1,1,225,73,347,401,0
617205,2019,4,13,"2019-04-13","12:45:00",3,"TX",48,0,0,0,0,0,0,31.367,-95.079,31.3687,-95.0771,0.16,50,1,1,1,225,0,0,0,0
617206,2019,4,13,"2019-04-13","13:38:00",3,"TX",48,0,1,0,0,5000,0,31.4732,-94.3811,31.4816,-94.3726,0.77,100,1,1,1,347,0,0,0,0
617207,2019,4,13,"2019-04-13","15:04:00",3,"LA",22,0,1,0,0,70000,0,32.02,-91.4599,32.1768,-91.2305,17.25,1230,1,1,1,107,0,0,0,0
617208,2019,4,13,"2019-04-13","15:13:00",3,"LA",22,0,1,0,0,50000,0,32.093,-91.3135,32.1284,-91.2393,4.98,950,1,1,1,107,0,0,0,0
617209,2019,4,13,"2019-04-13","15:35:00",3,"LA",22,0,1,0,0,15000,0,32.2438,-91.097,32.2518,-91.0834,0.97,840,1,1,1,65,0,0,0,0
617210,2019,4,13,"2019-04-13","15:44:00",3,"LA",22,0,0,0,0,0,0,32.2916,-91.0522,32.3272,-91.029,2.81,50,1,1,1,65,0,0,0,0
617211,2019,4,13,"2019-04-13","15:57:00",3,"MS",28,0,2,0,0,135000,0,32.3737,-90.8291,32.5651,-90.5671,20.21,700,1,1,1,149,163,0,0,0
617212,2019,4,13,"2019-04-13","16:04:00",3,"MS",28,0,2,0,0,8e+05,0,32.309,-90.8909,32.3403,-90.8267,4.33,440,1,1,1,149,0,0,0,0
617213,2019,4,13,"2019-04-13","16:08:00",3,"MS",28,0,2,0,0,375000,0,32.3341,-90.883,32.35,-90.84,2.74,175,1,1,1,149,0,0,0,0
617214,2019,4,13,"2019-04-13","17:00:00",3,"MS",28,0,0,0,0,10000,0,32.6992,-90.347,32.7254,-90.3076,2.92,25,1,1,1,163,0,0,0,0
617215,2019,4,13,"2019-04-13","17:42:00",3,"MS",28,0,1,0,0,0,40000,32.9184,-89.9163,32.9409,-89.9147,1.55,100,1,1,1,7,51,0,0,0
617216,2019,4,13,"2019-04-13","18:06:00",3,"MS",28,0,1,0,0,20000,0,33.2165,-89.6931,33.2216,-89.6868,0.51,50,1,1,1,7,0,0,0,0
617217,2019,4,13,"2019-04-13","18:09:00",3,"LA",22,0,0,0,0,5000,0,32.2927,-91.4037,32.3258,-91.3388,4.43,50,1,1,1,65,0,0,0,0
617218,2019,4,13,"2019-04-13","18:35:00",3,"MS",28,0,1,0,0,0,20000,32.8523,-89.6516,32.915,-89.6138,4.86,300,1,1,1,79,0,0,0,0
617219,2019,4,13,"2019-04-13","19:12:00",3,"MS",28,0,2,0,0,0,0,31.1005,-90.2688,31.1325,-90.2054,4.41,150,1,1,1,147,0,0,0,0
617220,2019,4,13,"2019-04-13","20:08:00",3,"MS",28,0,1,0,0,85000,0,33.5069,-89.1165,33.5446,-89.1241,2.66,400,1,1,1,19,155,0,0,0
617221,2019,4,13,"2019-04-13","20:26:00",3,"MS",28,0,0,0,0,30000,0,33.6543,-89.0586,33.6592,-89.0594,0.34,100,1,1,1,155,0,0,0,0
617222,2019,4,13,"2019-04-13","20:39:00",3,"MS",28,0,1,2,0,120000,0,31.7685,-89.506,31.8112,-89.4576,4.1,250,1,1,1,31,129,0,0,0
617223,2019,4,13,"2019-04-13","20:55:00",3,"MS",28,0,2,0,0,210000,0,33.2596,-88.9459,33.3744,-88.8797,8.81,830,1,1,1,159,105,0,0,0
617224,2019,4,13,"2019-04-13","21:18:00",3,"MS",28,0,1,0,0,35000,0,33.4105,-88.7961,33.4622,-88.7499,4.46,400,1,1,1,105,0,0,0,0
617225,2019,4,13,"2019-04-13","22:06:00",3,"MS",28,0,2,19,1,3e+06,0,33.7248,-88.4409,33.8763,-88.3807,11.3,800,1,1,1,95,0,0,0,0
617226,2019,4,13,"2019-04-13","22:19:00",3,"MS",28,0,2,0,0,80000,0,32.6688,-88.5451,32.7689,-88.4622,8.43,700,1,1,1,69,0,0,0,0
617227,2019,4,13,"2019-04-13","22:22:00",3,"MS",28,0,2,0,0,5e+05,0,33.8931,-88.3215,34.0831,-88.2901,13.2,800,1,1,1,95,0,0,0,0
617228,2019,4,13,"2019-04-13","22:36:00",3,"MS",28,0,1,0,0,120000,0,31.848,-88.8748,31.9264,-88.7984,7.03,300,1,1,1,23,0,0,0,0
617229,2019,4,13,"2019-04-13","22:48:00",3,"MS",28,0,1,0,0,50000,0,31.938,-88.7868,31.9927,-88.7429,4.57,200,1,1,1,23,0,0,0,0
617230,2019,4,13,"2019-04-13","22:55:00",3,"MS",28,0,2,0,0,95000,0,32.0247,-88.7102,32.1072,-88.6737,6.09,400,1,1,1,23,0,0,0,0
617231,2019,4,13,"2019-04-13","22:57:00",3,"AL",1,0,1,0,0,0,0,34.2415,-88.1425,34.2589,-88.1392,1.21,440,1,1,1,93,0,0,0,0
617232,2019,4,13,"2019-04-13","23:14:00",3,"AL",1,0,1,0,0,0,0,34.4617,-88.0607,34.55,-88.0325,6.31,80,1,1,1,59,0,0,0,0
617233,2019,4,14,"2019-04-14","00:26:00",3,"AL",1,0,0,0,0,0,0,32.5051,-87.7038,32.6147,-87.6365,8.72,220,1,1,1,65,0,0,0,0
617234,2019,4,14,"2019-04-14","00:35:00",3,"AL",1,0,1,0,0,0,0,34.6738,-87.6075,34.6894,-87.604,1.1,70,1,1,1,33,0,0,0,0
617235,2019,4,14,"2019-04-14","01:20:00",3,"AL",1,0,1,0,0,0,0,33.0055,-87.3586,33.0529,-87.337,3.51,475,1,1,1,125,0,0,0,0
617236,2019,4,14,"2019-04-14","01:50:00",3,"MS",28,0,1,0,0,0,0,30.4754,-88.5595,30.4872,-88.5471,1.1,50,1,1,1,59,0,0,0,0
617237,2019,4,14,"2019-04-14","02:21:00",3,"AL",1,0,0,0,0,0,0,32.6895,-87.1621,32.7674,-87.0975,6.67,400,1,1,1,105,0,0,0,0
617238,2019,4,14,"2019-04-14","03:05:00",3,"AL",1,0,0,0,0,0,0,33.3539,-86.6857,33.4332,-86.6294,6.48,600,1,1,1,117,0,0,0,0
617239,2019,4,14,"2019-04-14","03:14:00",3,"AL",1,0,0,0,0,0,0,33.1109,-86.7851,33.1527,-86.7748,2.97,125,1,1,1,117,0,0,0,0
617240,2019,4,14,"2019-04-14","05:28:00",3,"AL",1,0,1,0,0,0,0,33.9768,-85.9276,34.0087,-85.8753,3.76,95,1,1,1,55,0,0,0,0
617241,2019,4,14,"2019-04-14","05:50:00",3,"AL",1,0,0,0,0,0,0,31.6594,-86.1261,31.6735,-86.1222,1,150,1,1,1,109,0,0,0,0
617242,2019,4,14,"2019-04-14","05:53:00",3,"AL",1,0,0,0,0,20000,0,31.7073,-86.1688,31.7216,-86.129,2.58,70,1,1,1,41,109,0,0,0
617243,2019,4,14,"2019-04-14","06:10:00",3,"AL",1,0,1,0,0,0,0,31.7949,-85.9947,31.8176,-85.9566,2.81,300,1,1,1,109,0,0,0,0
617244,2019,4,14,"2019-04-14","08:14:00",3,"AL",1,0,0,0,0,150000,0,32.432,-84.9714,32.4788,-84.9702,3.24,50,2,0,1,0,0,0,0,0
617244,2019,4,14,"2019-04-14","08:14:00",3,"AL",1,0,0,0,0,0,0,32.432,-84.9714,32.4401,-84.9697,0.57,50,2,1,2,113,0,0,0,0
617244,2019,4,14,"2019-04-14","08:16:00",3,"GA",13,0,0,0,0,150000,0,32.4401,-84.9697,32.4788,-84.9702,2.67,50,2,1,2,215,0,0,0,0
617245,2019,4,14,"2019-04-14","08:46:00",3,"GA",13,0,0,0,0,135000,0,32.5795,-84.7448,32.6795,-84.6615,8.45,100,1,1,1,215,145,263,0,0
617246,2019,4,14,"2019-04-14","09:39:00",3,"GA",13,0,0,0,0,10000,0,33.0686,-84.2245,33.0842,-84.2187,1.13,75,1,1,1,171,0,0,0,0
617247,2019,4,14,"2019-04-14","09:45:00",3,"GA",13,0,1,0,0,220000,0,33.138,-84.1843,33.1923,-84.1472,4.33,150,1,1,1,171,255,0,0,0
617248,2019,4,14,"2019-04-14","12:43:00",3,"GA",13,0,1,0,0,1e+05,0,31.07,-83.7418,31.1145,-83.6742,5.04,180,1,1,1,71,0,0,0,0
617249,2019,4,14,"2019-04-14","13:12:00",3,"OH",39,0,0,0,0,45000,0,39.9602,-83.8561,39.9771,-83.8105,2.68,80,1,1,1,23,0,0,0,0
617250,2019,4,14,"2019-04-14","14:42:00",3,"OH",39,0,2,5,0,5e+05,0,40.8388,-82.6946,40.9713,-82.4237,17,800,1,1,1,139,0,0,0,0
617251,2019,4,14,"2019-04-14","15:15:00",3,"OH",39,0,0,0,0,60000,0,40.88,-81.57,40.9173,-81.5194,3.6,50,1,1,1,151,153,0,0,0
617252,2019,4,14,"2019-04-14","15:49:00",3,"OH",39,0,0,0,0,0,0,40.504,-81.551,40.506,-81.542,0.5,75,1,1,1,157,0,0,0,0
617253,2019,4,14,"2019-04-14","16:48:00",3,"PA",42,0,0,0,0,50000,0,41.798,-80.3734,41.802,-80.3672,0.4,100,1,1,1,39,0,0,0,0
617254,2019,4,14,"2019-04-14","17:43:00",3,"PA",42,0,0,0,0,0,0,41.471,-79.829,41.482,-79.811,1.2,100,1,1,1,121,0,0,0,0
617255,2019,4,14,"2019-04-14","17:53:00",3,"PA",42,0,0,0,0,0,0,41.545,-79.687,41.555,-79.673,1,75,1,1,1,121,0,0,0,0
617256,2019,4,14,"2019-04-14","18:20:00",3,"PA",42,0,2,0,0,1e+06,0,41.7897,-79.2857,41.9574,-79.0179,18,400,1,1,1,123,0,0,0,0
617257,2019,4,14,"2019-04-14","18:51:00",3,"SC",45,0,1,0,0,0,0,35.066,-82.718,35.079,-82.694,1.63,200,1,1,1,45,0,0,0,0
617258,2019,4,14,"2019-04-14","18:53:00",3,"GA",13,0,0,0,0,50000,0,34.327,-83.04,34.346,-82.995,2.88,100,1,1,1,147,0,0,0,0
617259,2019,4,14,"2019-04-14","20:03:00",3,"SC",45,0,1,0,0,150000,0,34.71,-82.293,34.769,-82.195,6.9,100,1,1,1,45,0,0,0,0
617260,2019,4,14,"2019-04-14","22:35:00",3,"PA",42,0,1,0,0,1e+05,0,40.9579,-76.9708,40.9688,-76.9471,1.45,150,1,1,1,119,0,0,0,0
617261,2019,4,14,"2019-04-14","23:00:00",3,"PA",42,0,2,0,0,0,0,41.1887,-76.4065,41.2293,-76.3604,3.69,300,1,1,1,37,0,0,0,0
617262,2019,4,14,"2019-04-14","23:05:00",3,"PA",42,0,1,0,0,5e+05,0,41.4716,-76.5824,41.5302,-76.3967,10.43,350,1,1,1,113,0,0,0,0
617263,2019,4,14,"2019-04-14","23:32:00",3,"NY",36,0,1,0,0,15000,0,42.2031,-75.7473,42.207,-75.7056,2.15,175,1,1,1,7,0,0,0,0
617264,2019,4,14,"2019-04-14","23:45:00",3,"PA",42,0,0,0,0,25000,0,41.3899,-75.6593,41.4231,-75.6156,3.22,100,1,1,1,69,0,0,0,0
617265,2019,4,14,"2019-04-14","23:50:00",3,"PA",42,0,1,0,0,20000,0,41.7415,-75.7123,41.7474,-75.6674,2.35,150,1,1,1,115,0,0,0,0
617266,2019,4,15,"2019-04-15","00:16:00",3,"NC",37,0,0,0,0,50000,0,36.229,-77.8557,36.2363,-77.8406,0.98,50,1,1,1,83,0,0,0,0
617267,2019,4,15,"2019-04-15","00:29:00",3,"VA",51,0,0,0,0,15000,0,37.9008,-76.5189,37.9202,-76.4982,1.3,50,1,1,1,133,0,0,0,0
617268,2019,4,15,"2019-04-15","01:31:00",3,"MD",24,0,0,0,0,15000,0,38.65,-75.76,38.6572,-75.7577,0.5,100,1,1,1,19,0,0,0,0
617269,2019,4,15,"2019-04-15","01:38:00",3,"DE",10,0,2,1,0,0,0,38.57,-75.59,38.627,-75.504,6.2,400,1,1,1,5,0,0,0,0
617270,2019,4,15,"2019-04-15","02:00:00",3,"DE",10,0,1,0,0,0,0,38.74,-75.2788,38.8147,-75.1978,6.2,50,1,1,1,5,0,0,0,0
617271,2019,4,16,"2019-04-16","17:00:00",3,"CA",6,0,0,0,0,2000,0,35.6129,-117.6405,35.6273,-117.6304,1.59,50,1,1,1,29,71,0,0,0
617272,2019,4,17,"2019-04-17","14:39:00",3,"TX",48,0,-9,0,0,0,0,35.966,-100.2968,35.9718,-100.3397,2.43,30,1,1,1,211,0,0,0,0
617273,2019,4,17,"2019-04-17","14:54:00",3,"TX",48,0,0,0,0,0,0,36.0342,-100.2277,36.0799,-100.1801,4.31,40,1,1,1,211,295,0,0,0
617274,2019,4,17,"2019-04-17","15:29:00",3,"TX",48,0,-9,0,0,0,0,36.0659,-100.0741,36.078,-100.0859,1.06,30,1,1,1,295,0,0,0,0
617275,2019,4,17,"2019-04-17","15:47:00",3,"OK",40,0,1,0,0,20000,0,36.314,-99.942,36.325,-99.967,1.6,50,1,1,1,45,0,0,0,0
617276,2019,4,17,"2019-04-17","15:49:00",3,"OK",40,0,0,0,0,1000,0,36.37,-99.9,36.36,-99.88,1.31,10,1,1,1,45,0,0,0,0
617277,2019,4,17,"2019-04-17","16:05:00",3,"TX",48,0,-9,0,0,0,0,35.2471,-101.4959,35.2291,-101.523,1.97,20,1,1,1,65,0,0,0,0
617278,2019,4,17,"2019-04-17","17:38:00",3,"KS",20,0,-9,0,0,0,0,37.32,-97.46,37.335,-97.4526,1.11,30,1,1,1,191,0,0,0,0
617279,2019,4,17,"2019-04-17","18:50:00",3,"KS",20,0,-9,0,0,0,0,37.93,-96.28,37.93,-96.28,0.1,30,1,1,1,73,0,0,0,0
617280,2019,4,17,"2019-04-17","23:50:00",3,"MO",29,0,0,0,0,1e+05,0,37.3766,-94.0208,37.3906,-93.9896,1.97,50,1,1,1,57,0,0,0,0
617281,2019,4,18,"2019-04-18","00:00:00",3,"MO",29,0,0,0,0,15000,0,37.4378,-93.8466,37.447,-93.8317,1.04,200,1,1,1,57,0,0,0,0
617282,2019,4,18,"2019-04-18","12:13:00",3,"MS",28,0,1,0,0,16000,0,31.8086,-91.1004,31.8525,-90.9663,8.44,1100,1,1,1,63,21,0,0,0
617283,2019,4,18,"2019-04-18","12:58:00",3,"MS",28,0,1,0,0,50000,0,31.9864,-90.6119,32.0363,-90.5165,6.57,500,1,1,1,29,0,0,0,0
617284,2019,4,18,"2019-04-18","12:59:00",3,"MS",28,0,2,0,0,4e+05,1e+05,32.1237,-90.6506,32.2168,-90.4975,11.03,1320,1,1,1,49,0,0,0,0
617285,2019,4,18,"2019-04-18","13:06:00",3,"MS",28,0,2,0,0,30000,50000,32.1769,-90.6036,32.2512,-90.4036,12.77,1320,1,1,1,49,0,0,0,0
617286,2019,4,18,"2019-04-18","13:35:00",3,"MS",28,0,0,0,0,10000,20000,31.3914,-90.3756,31.3928,-90.3648,0.64,200,1,1,1,85,0,0,0,0
617287,2019,4,18,"2019-04-18","13:36:00",3,"MS",28,0,1,0,0,221000,6e+05,31.8964,-90.178,32.1554,-89.8048,28.36,600,1,1,1,29,127,121,0,0
617288,2019,4,18,"2019-04-18","13:41:00",3,"MS",28,0,1,0,0,50000,0,32.3266,-90.3067,32.3268,-90.2669,2.32,150,1,1,1,49,0,0,0,0
617289,2019,4,18,"2019-04-18","13:51:00",3,"MS",28,0,1,0,0,10000,0,32.2973,-90.1294,32.3373,-90.1042,3.13,50,1,1,1,121,0,0,0,0
617290,2019,4,18,"2019-04-18","13:54:00",3,"MS",28,0,1,0,0,6000,20000,31.9989,-89.9468,32.0975,-89.8919,11.31,400,1,1,1,127,121,0,0,0
617291,2019,4,18,"2019-04-18","14:01:00",3,"MS",28,0,2,0,0,105000,720000,32.0357,-89.8333,32.1692,-89.8053,9.38,600,1,1,1,127,121,0,0,0
617292,2019,4,18,"2019-04-18","14:07:00",3,"MS",28,0,1,0,0,30000,0,32.3625,-90.0644,32.3626,-90.0452,1.12,50,1,1,1,121,0,0,0,0
617293,2019,4,18,"2019-04-18","14:13:00",3,"MS",28,0,1,0,0,1e+05,0,32.1642,-89.8086,32.176,-89.7331,4.49,1100,1,1,1,121,0,0,0,0
617294,2019,4,18,"2019-04-18","14:15:00",3,"MS",28,0,0,0,0,20000,0,32.4341,-90.0004,32.4329,-89.973,1.6,450,1,1,1,121,0,0,0,0
617295,2019,4,18,"2019-04-18","14:19:00",3,"MS",28,0,1,0,0,2e+05,0,32.1865,-89.7211,32.2131,-89.6708,3.47,950,1,1,1,129,0,0,0,0
617296,2019,4,18,"2019-04-18","14:20:00",3,"MS",28,0,0,0,0,2000,0,32.206,-89.7122,32.229,-89.6924,2.38,50,1,1,1,129,123,0,0,0
617297,2019,4,18,"2019-04-18","14:22:00",3,"MS",28,0,1,0,0,15000,0,32.4542,-89.9442,32.451,-89.8614,4.83,150,1,1,1,121,0,0,0,0
617298,2019,4,18,"2019-04-18","14:24:00",3,"MS",28,0,1,0,0,0,10000,32.2871,-89.5893,32.3053,-89.5783,1.41,200,1,1,1,123,0,0,0,0
617299,2019,4,18,"2019-04-18","14:24:00",3,"MS",28,0,1,0,0,15000,0,32.2763,-89.7015,32.2933,-89.6623,2.57,150,1,1,1,123,0,0,0,0
617300,2019,4,18,"2019-04-18","14:31:00",3,"MS",28,0,2,0,0,5e+05,1e+05,32.3556,-89.6523,32.3935,-89.5595,6.02,560,1,1,1,123,0,0,0,0
617301,2019,4,18,"2019-04-18","14:40:00",3,"MS",28,0,1,0,0,13000,1e+05,32.5883,-89.779,32.5889,-89.5843,11.35,1320,1,1,1,123,79,0,0,0
617302,2019,4,18,"2019-04-18","14:42:00",3,"MS",28,0,1,0,0,85000,50000,32.5708,-89.7491,32.5716,-89.5722,10.3,900,1,1,1,123,0,0,0,0
617303,2019,4,18,"2019-04-18","14:45:00",3,"MS",28,0,1,0,0,30000,2e+05,32.504,-89.5856,32.6273,-89.4579,11.73,1760,1,1,1,123,79,0,0,0
617304,2019,4,18,"2019-04-18","14:46:00",3,"MS",28,0,1,0,0,5000,0,32.621,-89.7297,32.6028,-89.5534,10.34,1000,1,1,1,79,0,0,0,0
617305,2019,4,18,"2019-04-18","15:04:00",3,"MS",28,0,1,0,0,6000,505000,32.6963,-89.4811,32.658,-89.317,9.9,1600,1,1,1,79,99,0,0,0
617306,2019,4,18,"2019-04-18","15:19:00",3,"MS",28,0,1,0,0,10000,20000,32.704,-89.3982,32.7075,-89.3624,2.1,300,1,1,1,79,0,0,0,0
617307,2019,4,18,"2019-04-18","15:20:00",3,"MS",28,0,1,0,0,5000,20000,32.7014,-89.3675,32.6928,-89.2978,5.96,350,1,1,1,79,99,0,0,0
617308,2019,4,18,"2019-04-18","15:22:00",3,"MS",28,0,1,0,0,9000,3000,32.757,-89.3222,32.7558,-89.3137,0.6,75,1,1,1,79,99,0,0,0
617309,2019,4,18,"2019-04-18","15:23:00",3,"MS",28,0,1,0,0,20000,1e+05,32.6641,-88.9835,32.7828,-88.9277,8.82,1400,1,1,1,99,0,0,0,0
617310,2019,4,18,"2019-04-18","15:25:00",3,"MS",28,0,1,0,0,10000,0,32.7157,-89.3235,32.7055,-89.2974,1.69,180,1,1,1,79,99,0,0,0
617311,2019,4,18,"2019-04-18","15:30:00",3,"MS",28,0,1,0,0,10000,0,32.7618,-89.2596,32.7502,-89.2291,1.95,250,1,1,1,99,0,0,0,0
617312,2019,4,18,"2019-04-18","15:34:00",3,"MS",28,0,0,0,0,5000,50000,32.8401,-89.2335,32.9049,-89.0613,10.95,1000,1,1,1,99,0,0,0,0
617313,2019,4,18,"2019-04-18","15:37:00",3,"MS",28,0,0,0,0,10000,25000,32.7156,-88.6833,32.7638,-88.6798,3.34,3,1,1,1,69,0,0,0,0
617314,2019,4,18,"2019-04-18","15:40:00",3,"MS",28,0,1,0,0,2e+06,0,32.759,-89.1158,32.7772,-89.0891,2,1,1,1,1,99,0,0,0,0
617315,2019,4,18,"2019-04-18","15:40:00",3,"MS",28,0,1,0,0,1.5e+07,25000,32.7459,-89.1068,32.7735,-89.0637,3.15,700,1,1,1,99,0,0,0,0
617316,2019,4,18,"2019-04-18","15:50:00",3,"MS",28,0,1,0,0,5000,25000,32.9348,-89.0548,32.9419,-89.0334,1.34,100,1,1,1,159,0,0,0,0
617317,2019,4,18,"2019-04-18","15:54:00",3,"MS",28,0,0,0,0,10000,0,32.9826,-89.0396,33.0102,-88.8834,9.25,1000,1,1,1,159,0,0,0,0
617318,2019,4,18,"2019-04-18","15:57:00",3,"MS",28,0,0,0,0,5000,0,32.9936,-88.9936,33.0265,-88.8963,6.08,800,1,1,1,159,0,0,0,0
617319,2019,4,18,"2019-04-18","16:04:00",3,"MS",28,0,1,0,0,5000,10000,32.9486,-88.8694,32.959,-88.8207,2.91,100,1,1,1,159,0,0,0,0
617320,2019,4,18,"2019-04-18","16:08:00",3,"MS",28,0,0,0,0,2000,0,33.0692,-88.8821,33.0696,-88.8588,1.35,50,1,1,1,159,0,0,0,0
617321,2019,4,18,"2019-04-18","16:13:00",3,"MS",28,0,1,0,0,11000,25000,33.0524,-88.8155,33.0444,-88.7013,6.65,700,1,1,1,159,103,0,0,0
617322,2019,4,18,"2019-04-18","16:29:00",3,"MS",28,0,1,0,0,50000,25000,33.2039,-88.4856,33.2327,-88.4912,2.02,500,1,1,1,103,0,0,0,0
617323,2019,4,18,"2019-04-18","16:38:00",3,"MS",28,0,1,0,0,1e+05,50000,33.2383,-88.5839,33.236,-88.4194,9.51,600,1,1,1,103,0,0,0,0
617324,2019,4,18,"2019-04-18","16:42:00",3,"MS",28,0,1,0,0,20000,5000,33.3167,-88.5026,33.359,-88.4866,3.07,150,1,1,1,87,0,0,0,0
617325,2019,4,19,"2019-04-19","03:07:00",3,"GA",13,0,0,0,0,40000,0,34.0078,-84.2014,34.0149,-84.1962,0.57,150,1,1,1,121,0,0,0,0
617326,2019,4,19,"2019-04-19","03:50:00",3,"GA",13,0,1,0,0,75000,0,34.4099,-83.7783,34.4205,-83.7389,2.36,300,1,1,1,139,0,0,0,0
617327,2019,4,19,"2019-04-19","06:26:00",3,"FL",12,0,0,0,0,0,0,30.1053,-84.7368,30.3432,-84.6101,18.12,150,1,1,1,77,129,73,0,0
617328,2019,4,19,"2019-04-19","08:25:00",3,"VA",51,0,3,0,0,650000,0,36.8564,-79.8906,36.9633,-79.83,8.11,250,1,1,1,67,0,0,0,0
617329,2019,4,19,"2019-04-19","08:27:00",3,"NC",37,0,0,0,0,5000,0,35.88,-81.94,35.886,-81.938,0.43,50,1,1,1,111,0,0,0,0
617330,2019,4,19,"2019-04-19","09:22:00",3,"VA",51,0,1,0,0,75000,0,37.3858,-79.6085,37.4179,-79.6062,2.22,60,1,1,1,19,0,0,0,0
617331,2019,4,19,"2019-04-19","09:25:00",3,"GA",13,0,1,0,0,75000,0,32.2167,-82.9119,32.2747,-82.8786,4.45,200,1,1,1,175,0,0,0,0
617332,2019,4,19,"2019-04-19","10:05:00",3,"GA",13,0,0,0,0,0,0,30.8371,-81.8934,30.8373,-81.8861,0.43,10,1,1,1,39,0,0,0,0
617333,2019,4,19,"2019-04-19","11:48:00",3,"SC",45,0,2,0,0,0,0,33.2693,-80.8933,33.3986,-80.7946,10.6,300,1,1,1,75,0,0,0,0
617334,2019,4,19,"2019-04-19","12:01:00",3,"SC",45,0,1,0,0,0,0,33.4939,-80.7892,33.6027,-80.7521,7.82,400,1,1,1,75,17,0,0,0
617335,2019,4,19,"2019-04-19","12:07:00",3,"SC",45,0,1,0,0,0,0,34.4278,-81.6193,34.454,-81.61,1.89,200,1,1,1,71,0,0,0,0
617336,2019,4,19,"2019-04-19","12:08:00",3,"SC",45,0,0,0,0,0,0,34.3812,-81.5456,34.386,-81.5459,0.33,25,1,1,1,71,0,0,0,0
617337,2019,4,19,"2019-04-19","12:29:00",3,"SC",45,0,2,0,0,0,0,33.5238,-80.2198,33.5609,-80.1958,2.91,250,1,1,1,27,0,0,0,0
617338,2019,4,19,"2019-04-19","13:00:00",3,"SC",45,0,0,0,0,0,0,33.59,-79.9,33.5908,-79.8953,0.25,15,1,1,1,89,0,0,0,0
617339,2019,4,19,"2019-04-19","13:00:00",3,"SC",45,0,0,0,0,50000,0,33.9314,-79.9557,33.9386,-79.9517,0.55,30,1,1,1,41,0,0,0,0
617340,2019,4,19,"2019-04-19","13:11:00",3,"NC",37,0,1,0,0,2e+05,0,35.4679,-79.6342,35.4897,-79.6245,1.6,300,1,1,1,125,0,0,0,0
617341,2019,4,19,"2019-04-19","13:29:00",3,"NC",37,0,0,1,0,10000,0,35.399,-81.282,35.497,-81.244,7.11,100,1,1,1,71,109,0,0,0
617342,2019,4,19,"2019-04-19","13:35:00",3,"NC",37,0,1,0,0,1e+05,0,35.742,-79.4912,35.7663,-79.4747,1.92,150,1,1,1,37,0,0,0,0
617343,2019,4,19,"2019-04-19","14:00:00",3,"NC",37,0,2,0,0,2e+06,0,35.9187,-79.188,36.0418,-79.0906,10.1,600,1,1,1,135,0,0,0,0
617344,2019,4,19,"2019-04-19","14:10:00",3,"NC",37,0,0,0,0,5000,0,35.949,-81.059,35.956,-81.055,0.53,75,1,1,1,3,0,0,0,0
617345,2019,4,19,"2019-04-19","15:01:00",3,"NC",37,0,1,0,0,1050000,0,35.1913,-78.5071,35.322,-78.425,10.15,125,1,1,1,163,101,0,0,0
617346,2019,4,19,"2019-04-19","15:31:00",3,"VA",51,0,1,0,0,0,0,37.699,-78.789,37.72,-78.781,1.52,125,1,1,1,125,0,0,0,0
617347,2019,4,19,"2019-04-19","16:08:00",3,"NC",37,0,1,0,0,7e+05,0,36.003,-77.8058,36.1631,-77.7334,11.74,350,1,1,1,127,83,0,0,0
617348,2019,4,19,"2019-04-19","16:16:00",3,"NC",37,0,1,0,0,50000,0,36.0435,-77.7097,36.1801,-77.6232,10.6,75,1,1,1,65,0,0,0,0
617349,2019,4,19,"2019-04-19","16:34:00",3,"NC",37,0,1,0,0,78000,0,36.3707,-77.6371,36.57,-77.53,15.96,100,2,0,1,0,131,0,0,0
617349,2019,4,19,"2019-04-19","16:34:00",3,"NC",37,0,1,0,0,75000,0,36.3707,-77.6371,36.55,-77.54,14.47,100,2,1,2,83,131,0,0,0
617350,2019,4,19,"2019-04-19","16:39:00",3,"NC",37,0,0,0,0,10000,0,36.49,-77.72,36.52,-77.715,1.5,50,1,1,1,131,0,0,0,0
617351,2019,4,19,"2019-04-19","16:44:00",3,"NC",37,0,0,0,0,25000,0,36.4,-77.43,36.53,-77.38,9.75,100,1,1,1,131,0,0,0,0
617349,2019,4,19,"2019-04-19","16:47:00",3,"VA",51,0,0,0,0,3000,0,36.55,-77.54,36.57,-77.53,1.49,100,2,1,2,81,0,0,0,0
617352,2019,4,19,"2019-04-19","16:48:00",3,"VA",51,0,0,0,0,5000,0,36.55,-77.46,36.64,-77.43,6.35,50,1,1,1,81,0,0,0,0
617353,2019,4,19,"2019-04-19","16:50:00",3,"VA",51,0,0,0,0,10000,0,36.7367,-77.9989,36.74,-77.9886,0.6,200,1,1,1,25,0,0,0,0
617354,2019,4,19,"2019-04-19","16:51:00",3,"VA",51,0,1,0,0,20000,0,36.57,-77.49,36.69,-77.45,8.59,100,1,1,1,81,175,0,0,0
617355,2019,4,19,"2019-04-19","16:56:00",3,"VA",51,0,0,0,0,1e+05,0,36.65,-77.58,36.71,-77.54,4.4,100,1,1,1,595,0,0,0,0
617356,2019,4,19,"2019-04-19","17:06:00",3,"PA",42,0,1,0,0,25000,0,40.0059,-77.9857,40.0234,-77.9689,1.5,75,1,1,1,57,0,0,0,0
617357,2019,4,19,"2019-04-19","17:10:00",3,"PA",42,0,2,0,0,1e+05,0,39.9039,-77.8474,39.9366,-77.8115,2.89,75,1,1,1,55,0,0,0,0
617358,2019,4,19,"2019-04-19","17:18:00",3,"VA",51,0,0,0,0,15000,0,36.91,-77.34,37.12,-77.154,17.7,100,1,1,1,183,0,0,0,0
617359,2019,4,19,"2019-04-19","17:28:00",3,"PA",42,0,1,0,0,1e+05,0,40.2532,-77.8103,40.3158,-77.75,5.37,350,1,1,1,61,0,0,0,0
617360,2019,4,19,"2019-04-19","17:31:00",3,"VA",51,0,1,0,0,30000,0,37.11,-77.2,37.21,-77.11,8.3,200,1,1,1,149,0,0,0,0
617361,2019,4,19,"2019-04-19","17:39:00",3,"PA",42,0,1,0,0,25000,0,40.383,-77.7255,40.3983,-77.7129,1.25,350,1,1,1,67,0,0,0,0
617362,2019,4,19,"2019-04-19","17:46:00",3,"VA",51,0,2,0,0,125000,0,37.36,-77.05,37.39,-77,3.1,200,1,1,1,36,0,0,0,0
617363,2019,4,19,"2019-04-19","17:56:00",3,"VA",51,0,0,0,0,15000,0,36.99,-76.66,37.04,-76.656,2.9,100,1,1,1,93,0,0,0,0
617364,2019,4,19,"2019-04-19","17:57:00",3,"PA",42,0,2,0,0,5e+05,0,40.5313,-77.6139,40.5943,-77.5711,4.9,200,1,1,1,87,0,0,0,0
617365,2019,4,19,"2019-04-19","18:05:00",3,"VA",51,0,0,0,0,150000,0,37.28,-76.67,37.3,-76.66,1.8,150,1,1,1,199,0,0,0,0
617366,2019,4,19,"2019-04-19","18:06:00",3,"VA",51,0,2,0,0,2e+05,0,37.99,-77.82,38.03,-77.82,2,300,1,1,1,109,0,0,0,0
617367,2019,4,19,"2019-04-19","18:07:00",3,"VA",51,0,0,0,0,50000,0,37.1,-76.55,37.12,-76.54,1.8,100,1,1,1,700,0,0,0,0
617368,2019,4,19,"2019-04-19","18:20:00",3,"VA",51,0,0,0,0,25000,0,37.26,-76.41,37.28,-76.4,1.4,100,1,1,1,73,0,0,0,0
617369,2019,4,19,"2019-04-19","18:55:00",3,"VA",51,0,0,0,0,0,0,38.9302,-77.3783,38.9861,-77.3515,4.12,100,1,1,1,59,0,0,0,0
617370,2019,4,22,"2019-04-22","17:00:00",3,"CA",6,0,-9,0,0,0,0,32.6965,-116.5286,32.692,-116.5282,0.31,50,1,1,1,73,0,0,0,0
617371,2019,4,22,"2019-04-22","17:26:00",3,"TX",48,0,0,0,0,0,0,31.5883,-106.2286,31.5883,-106.2286,0.1,20,1,1,1,141,0,0,0,0
617372,2019,4,22,"2019-04-22","18:17:00",3,"TX",48,0,-9,0,0,0,0,32.79,-100.33,32.7912,-100.3298,0.08,40,1,1,1,151,0,0,0,0
617373,2019,4,22,"2019-04-22","18:59:00",3,"TX",48,0,-9,0,0,0,0,33.0561,-100.2176,33.0685,-100.2168,0.86,30,1,1,1,433,0,0,0,0
617374,2019,4,24,"2019-04-24","14:59:00",3,"IL",17,0,0,0,0,1000,0,37.202,-89.198,37.2035,-89.1942,0.23,30,1,1,1,153,0,0,0,0
617375,2019,4,24,"2019-04-24","15:48:00",3,"TX",48,0,2,0,0,4e+05,0,30.6867,-96.3014,30.7102,-96.3121,1.74,100,1,1,1,41,0,0,0,0
617376,2019,4,24,"2019-04-24","22:13:00",3,"TX",48,0,2,0,0,5e+06,0,31.5181,-94.1543,31.5634,-94.0198,8.52,1100,1,1,1,405,0,0,0,0
617377,2019,4,24,"2019-04-24","22:42:00",3,"TX",48,0,1,1,0,230000,0,31.6723,-93.8901,31.9248,-93.4614,30.69,900,2,0,1,0,0,0,0,0
617377,2019,4,24,"2019-04-24","22:42:00",3,"TX",48,0,1,0,0,0,0,31.6723,-93.8901,31.7072,-93.813,5.13,540,2,1,2,419,0,0,0,0
617377,2019,4,24,"2019-04-24","22:51:00",3,"LA",22,0,1,1,0,230000,0,31.7072,-93.813,31.9248,-93.4614,25.56,900,2,1,2,85,31,0,0,0
617378,2019,4,24,"2019-04-24","22:51:00",3,"LA",22,0,1,0,0,1e+05,0,32.6894,-93.9399,32.701,-93.9284,1.04,100,1,1,1,17,0,0,0,0
617379,2019,4,25,"2019-04-25","00:12:00",3,"LA",22,0,1,0,0,25000,0,32.2606,-93.0064,32.2914,-92.9832,2.52,150,1,1,1,13,0,0,0,0
617380,2019,4,25,"2019-04-25","00:25:00",3,"LA",22,0,1,0,0,25000,0,32.355,-92.9253,32.359,-92.9083,1.03,200,1,1,1,13,0,0,0,0
617381,2019,4,25,"2019-04-25","00:47:00",3,"LA",22,0,3,2,2,5e+07,0,32.5112,-92.6729,32.6022,-92.5147,11.15,1000,1,1,1,61,0,0,0,0
617382,2019,4,25,"2019-04-25","01:10:00",3,"LA",22,0,1,0,0,5e+06,0,32.6914,-92.3973,32.8893,-92.1146,21.37,850,1,1,1,111,0,0,0,0
617383,2019,4,25,"2019-04-25","01:44:00",3,"LA",22,0,2,0,0,1100000,1600000,32.9716,-92.0133,33.1341,-91.8206,15.99,2000,2,0,1,0,0,0,0,0
617383,2019,4,25,"2019-04-25","01:44:00",3,"LA",22,0,2,0,0,6e+05,7e+05,32.9716,-92.0133,33.0078,-91.9452,4.67,2000,2,1,2,67,0,0,0,0
617383,2019,4,25,"2019-04-25","01:49:00",3,"AR",5,0,1,0,0,5e+05,9e+05,33.0078,-91.9452,33.1341,-91.8206,11.32,1200,2,1,2,3,0,0,0,0
617384,2019,4,25,"2019-04-25","01:59:00",3,"LA",22,0,0,0,0,350000,0,31.6716,-92.2606,31.7579,-92.1512,8.77,700,1,1,1,59,0,0,0,0
617385,2019,4,25,"2019-04-25","03:56:00",3,"LA",22,0,1,0,0,5000,0,30.8626,-93.1036,30.8974,-93.0687,3.17,500,1,1,1,11,0,0,0,0
617386,2019,4,25,"2019-04-25","10:22:00",3,"MS",28,0,1,0,0,0,0,30.3935,-89.4453,30.3935,-89.4411,0.25,25,1,1,1,45,0,0,0,0
617387,2019,4,25,"2019-04-25","16:25:00",3,"MS",28,0,0,0,0,0,0,34.5659,-90.2685,34.5682,-90.2668,0.19,50,1,1,1,143,0,0,0,0
617388,2019,4,25,"2019-04-25","17:19:00",3,"IN",18,0,1,0,0,50000,0,38.9213,-85.609,38.926,-85.6075,0.33,30,1,1,1,79,0,0,0,0
617389,2019,4,25,"2019-04-25","17:36:00",3,"MS",28,0,0,0,0,40000,0,32.6864,-89.34,32.6836,-89.3629,1.35,25,1,1,1,79,0,0,0,0
617390,2019,4,25,"2019-04-25","17:52:00",3,"IN",18,0,1,0,0,3000,0,39.1322,-85.4821,39.1328,-85.4816,0.05,30,1,1,1,79,0,0,0,0
617391,2019,4,25,"2019-04-25","20:07:00",3,"OH",39,0,0,0,0,9000,0,40.0945,-84.7771,40.1067,-84.7673,0.99,80,1,1,1,37,0,0,0,0
617392,2019,4,26,"2019-04-26","12:30:00",3,"WY",56,0,0,0,0,20000,0,42.558,-110.1055,42.5587,-110.1037,0.1,20,1,1,1,35,0,0,0,0
617393,2019,4,26,"2019-04-26","13:19:00",3,"MD",24,0,1,0,0,0,0,39.5647,-76.6103,39.5934,-76.5695,2.94,150,1,1,1,5,0,0,0,0
617394,2019,4,27,"2019-04-27","17:49:00",3,"TX",48,0,-9,0,0,0,0,33.1913,-100.3658,33.1809,-100.327,2.35,30,1,1,1,433,0,0,0,0
617395,2019,4,28,"2019-04-28","15:35:00",3,"KS",20,0,-9,0,0,0,0,39.0973,-101.7311,39.0932,-101.696,1.9,100,1,1,1,199,0,0,0,0
617396,2019,4,29,"2019-04-29","03:10:00",3,"KS",20,0,0,0,0,50000,0,38.5032,-94.8261,38.4879,-94.7934,2.06,15,1,1,1,121,0,0,0,0
617397,2019,4,30,"2019-04-30","10:53:00",3,"OK",40,0,1,0,0,3000,0,35.885,-96.857,35.917,-96.823,3,30,1,1,1,81,0,0,0,0
617398,2019,4,30,"2019-04-30","11:09:00",3,"OK",40,0,-9,0,0,0,0,34.4,-96.9448,34.4,-96.9448,0.3,50,1,1,1,99,0,0,0,0
617399,2019,4,30,"2019-04-30","11:13:00",3,"OK",40,0,1,0,0,20000,0,35.99,-96.746,35.994,-96.74,0.5,20,1,1,1,119,0,0,0,0
617400,2019,4,30,"2019-04-30","11:22:00",3,"OK",40,0,1,0,0,1000,0,34.504,-96.8702,34.5257,-96.8492,1.95,30,1,1,1,69,99,0,0,0
617401,2019,4,30,"2019-04-30","12:18:00",3,"KS",20,0,-9,0,0,0,0,37.0802,-95.2059,37.0817,-95.2021,0.23,50,1,1,1,99,0,0,0,0
617402,2019,4,30,"2019-04-30","13:03:00",3,"OK",40,0,0,0,0,30000,0,35.7058,-95.8747,35.7193,-95.8335,2.5,100,1,1,1,111,0,0,0,0
617403,2019,4,30,"2019-04-30","13:14:00",3,"OK",40,0,0,0,0,0,0,36.38,-96.0511,36.3886,-96.0316,1.2,50,1,1,1,113,0,0,0,0
617404,2019,4,30,"2019-04-30","13:29:00",3,"OK",40,0,1,0,0,30000,0,35.8546,-95.6922,35.873,-95.6591,2.3,150,1,1,1,101,145,0,0,0
617405,2019,4,30,"2019-04-30","13:44:00",3,"OK",40,0,2,0,0,125000,0,36.519,-95.832,36.5882,-95.6844,9.8,1300,1,1,1,147,131,0,0,0
617406,2019,4,30,"2019-04-30","13:51:00",3,"OK",40,0,-9,0,0,0,0,36.5348,-95.8042,36.5348,-95.8042,0.1,50,1,1,1,131,0,0,0,0
617407,2019,4,30,"2019-04-30","13:57:00",3,"OK",40,0,1,0,0,0,0,36.8425,-95.6177,36.9366,-95.5518,7.5,900,1,1,1,105,0,0,0,0
617408,2019,4,30,"2019-04-30","14:02:00",3,"OK",40,0,1,0,0,20000,0,35.9993,-95.4553,36.0688,-95.3443,7.8,300,1,1,1,145,0,0,0,0
617409,2019,4,30,"2019-04-30","14:05:00",3,"AR",5,0,1,0,0,7e+05,50000,36.2981,-93.0043,36.3784,-92.9396,6.61,400,1,1,1,9,0,0,0,0
617410,2019,4,30,"2019-04-30","14:22:00",3,"MO",29,0,1,0,0,150000,0,37.1961,-93.8606,37.2298,-93.8072,3.75,100,1,1,1,109,0,0,0,0
617411,2019,4,30,"2019-04-30","14:42:00",3,"MO",29,0,1,0,0,650000,0,36.7077,-94.172,36.7956,-93.9803,12.34,880,1,1,1,119,9,0,0,0
617412,2019,4,30,"2019-04-30","14:50:00",3,"MO",29,0,1,0,0,25000,0,36.5416,-92.7845,36.6119,-92.7422,5.4,100,1,1,1,213,153,0,0,0
617413,2019,4,30,"2019-04-30","14:51:00",3,"OK",40,0,-9,0,0,0,0,36.2563,-95.1501,36.2563,-95.1501,0.1,50,1,1,1,97,0,0,0,0
617414,2019,4,30,"2019-04-30","14:51:00",3,"OK",40,0,-9,0,0,0,0,34.2693,-98.8072,34.2693,-98.8072,0.2,30,1,1,1,141,0,0,0,0
617415,2019,4,30,"2019-04-30","14:52:00",3,"IL",17,0,0,0,0,0,0,39.0456,-89.4682,39.0517,-89.4478,1.17,25,1,1,1,135,0,0,0,0
617416,2019,4,30,"2019-04-30","15:13:00",3,"TX",48,0,0,0,0,0,0,30.7519,-102.1601,30.752,-102.1448,0.91,200,1,1,1,371,0,0,0,0
617417,2019,4,30,"2019-04-30","15:15:00",3,"OK",40,0,1,0,0,20000,0,36.8236,-95.0748,36.8474,-94.9647,6.3,800,1,1,1,35,115,0,0,0
617418,2019,4,30,"2019-04-30","15:25:00",3,"MO",29,0,0,0,0,35000,0,36.8532,-93.8549,36.8995,-93.7845,5.03,200,1,1,1,9,0,0,0,0
617419,2019,4,30,"2019-04-30","15:27:00",3,"TX",48,0,0,0,0,0,0,32.879,-101.1377,32.8805,-101.1122,1.48,100,1,1,1,415,0,0,0,0
617420,2019,4,30,"2019-04-30","15:29:00",3,"OK",40,0,1,0,0,1e+05,0,36.859,-94.9586,36.9092,-94.846,7.2,700,1,1,1,115,0,0,0,0
617421,2019,4,30,"2019-04-30","15:34:00",3,"TX",48,0,-9,0,0,0,0,34,-98.42,34.02,-98.41,1.5,40,1,1,1,77,0,0,0,0
617422,2019,4,30,"2019-04-30","15:36:00",3,"TX",48,0,1,0,0,40000,0,33.997,-98.409,34.119,-98.313,10,300,1,1,1,77,0,0,0,0
617423,2019,4,30,"2019-04-30","16:15:00",3,"MO",29,0,0,0,0,20000,0,36.6596,-93.2579,36.6608,-93.2395,1.02,75,1,1,1,213,0,0,0,0
617424,2019,4,30,"2019-04-30","16:33:00",3,"OK",40,0,1,0,0,75000,0,36.6346,-94.9563,36.679,-94.9065,4.1,1100,1,1,1,41,115,0,0,0
617425,2019,4,30,"2019-04-30","16:41:00",3,"MO",29,0,-9,0,0,0,0,36.6414,-93.5987,36.6479,-93.5935,0.53,50,1,1,1,9,0,0,0,0
617426,2019,4,30,"2019-04-30","17:15:00",3,"MO",29,0,0,0,0,0,0,36.8947,-92.9073,36.8954,-92.8737,1.86,50,1,1,1,43,67,0,0,0
617427,2019,4,30,"2019-04-30","17:25:00",3,"TX",48,0,1,0,0,50000,0,33.0838,-97.2773,33.1027,-97.2654,1.46,150,1,1,1,121,0,0,0,0
617428,2019,4,30,"2019-04-30","17:44:00",3,"MO",29,0,1,0,0,75000,0,36.8195,-92.6849,36.9194,-92.593,8.57,200,1,1,1,67,0,0,0,0
617429,2019,4,30,"2019-04-30","17:48:00",3,"MO",29,0,0,0,0,8000,0,36.6531,-93.8785,36.6799,-93.8712,1.9,75,1,1,1,9,0,0,0,0
617430,2019,4,30,"2019-04-30","17:52:00",3,"TX",48,0,1,0,0,2e+05,0,33.226,-97.1252,33.2647,-97.1049,2.89,250,1,1,1,121,0,0,0,0
617431,2019,4,30,"2019-04-30","18:06:00",3,"MO",29,0,1,0,0,0,0,36.9327,-92.5663,36.9608,-92.5238,3.05,200,1,1,1,67,0,0,0,0
617432,2019,4,30,"2019-04-30","18:30:00",3,"MO",29,0,1,0,0,250000,0,37.0899,-92.4868,37.1101,-92.4809,1.43,75,1,1,1,229,0,0,0,0
617433,2019,4,30,"2019-04-30","18:39:00",3,"MO",29,0,1,0,0,50000,0,37.2863,-93.9114,37.2882,-93.9006,0.6,50,1,1,1,109,57,0,0,0
617434,2019,4,30,"2019-04-30","18:40:00",3,"MO",29,0,1,0,0,3e+05,0,37.445,-93.5552,37.4604,-93.5279,1.84,100,1,1,1,167,0,0,0,0
617435,2019,4,30,"2019-04-30","18:58:00",3,"MO",29,0,0,0,0,1e+05,0,37.0927,-92.3208,37.1238,-92.3008,2.41,100,1,1,1,229,0,0,0,0
617436,2019,4,30,"2019-04-30","19:15:00",3,"MO",29,0,1,0,0,25000,0,37.328,-93.4614,37.3279,-93.429,1.78,200,1,1,1,77,0,0,0,0
617437,2019,4,30,"2019-04-30","19:21:00",3,"MO",29,0,1,0,0,3e+05,0,37.356,-93.3902,37.3612,-93.3597,1.71,200,1,1,1,77,0,0,0,0
617438,2019,4,30,"2019-04-30","19:28:00",3,"MO",29,0,2,3,0,10700000,0,37.0688,-93.1978,37.193,-93.0952,10.28,400,1,1,1,43,77,0,0,0
617439,2019,4,30,"2019-04-30","19:30:00",3,"MO",29,0,0,0,0,68000,0,37.7205,-93.121,37.7303,-93.0966,1.5,50,1,1,1,59,0,0,0,0
617440,2019,4,30,"2019-04-30","19:35:00",3,"MO",29,0,1,0,0,125000,0,36.806,-93.5405,36.866,-93.1262,23.29,100,1,1,1,209,43,0,0,0
617441,2019,4,30,"2019-04-30","20:07:00",3,"OK",40,0,3,16,2,3e+05,0,33.9711,-96.2071,34.319,-95.974,27.6,1400,1,1,1,13,5,0,0,0
617442,2019,4,30,"2019-04-30","20:34:00",3,"OK",40,0,1,0,0,5000,0,34.436,-96.255,34.444,-96.247,0.75,25,1,1,1,29,0,0,0,0
617443,2019,4,30,"2019-04-30","20:35:00",3,"MO",29,0,1,0,0,60000,0,37.1596,-92.4533,37.1692,-92.4157,2.17,100,1,1,1,229,0,0,0,0
617444,2019,4,30,"2019-04-30","20:40:00",3,"MO",29,0,0,0,0,0,0,36.9572,-92.5184,36.9644,-92.4674,2.86,100,1,1,1,67,0,0,0,0
617445,2019,4,30,"2019-04-30","20:51:00",3,"MO",29,0,1,0,0,0,0,37.3236,-92.1228,37.3579,-92.0296,5.64,100,1,1,1,215,0,0,0,0
617446,2019,4,30,"2019-04-30","20:58:00",3,"MO",29,0,0,0,0,0,0,37.5468,-91.9741,37.6037,-91.8903,6.04,50,1,1,1,215,161,0,0,0
617447,2019,4,30,"2019-04-30","21:03:00",3,"MO",29,0,0,0,0,25000,0,37.9779,-91.9659,37.9842,-91.9587,0.59,75,1,1,1,161,0,0,0,0
617448,2019,4,30,"2019-04-30","21:06:00",3,"MO",29,0,0,0,0,0,0,37.652,-91.8521,37.719,-91.8138,5.08,75,1,1,1,161,0,0,0,0
617449,2019,4,30,"2019-04-30","21:17:00",3,"MO",29,0,0,0,0,12000,0,37.0267,-91.9902,37.0346,-91.9519,2.18,100,1,1,1,91,0,0,0,0
617450,2019,4,30,"2019-04-30","21:41:00",3,"OK",40,0,2,1,0,1500000,0,34.79,-95.6489,34.8726,-95.52,10,1300,1,1,1,121,0,0,0,0
617451,2019,4,30,"2019-04-30","22:26:00",3,"MO",29,0,1,0,0,0,0,37.7179,-90.8035,37.7181,-90.8024,0.06,30,1,1,1,93,0,0,0,0
617452,2019,4,30,"2019-04-30","22:51:00",3,"OK",40,0,1,0,0,25000,0,34.899,-94.9094,34.9095,-94.8323,4.4,1000,1,1,1,79,0,0,0,0
617181,2019,4,6,"2019-04-06","13:10:00",3,"TX",48,0,0,0,0,10000,0,30.6936,-97.1968,30.6979,-97.1959,0.31,150,1,1,1,331,0,0,0,0
617182,2019,4,6,"2019-04-06","14:12:00",3,"TX",48,0,-9,0,0,0,0,30.9206,-96.917,30.9206,-96.917,0.1,25,1,1,1,331,0,0,0,0
617183,2019,4,6,"2019-04-06","14:38:00",3,"TX",48,0,-9,0,0,0,0,31.0061,-96.7239,31.0061,-96.7239,0.1,25,1,1,1,395,0,0,0,0
617184,2019,4,7,"2019-04-07","06:24:00",3,"TX",48,0,0,0,0,1250000,0,28.3691,-97.6643,28.369,-97.655,0.58,30,1,1,1,25,0,0,0,0
617185,2019,4,7,"2019-04-07","11:42:00",3,"TX",48,0,1,0,0,150000,0,29.6502,-95.2018,29.6579,-95.2002,0.73,50,1,1,1,201,0,0,0,0
617186,2019,4,7,"2019-04-07","11:58:00",3,"TX",48,0,0,0,0,6000,7000,30.3189,-95.6445,30.3197,-95.6436,0.03,30,1,1,1,339,0,0,0,0
617187,2019,4,7,"2019-04-07","17:02:00",3,"MS",28,0,1,0,0,0,0,31.0184,-91.0712,31.0433,-91.0727,1.72,125,1,1,1,157,0,0,0,0
617188,2019,4,7,"2019-04-07","18:44:00",3,"LA",22,0,1,0,0,50000,0,30.2184,-90.7981,30.2295,-90.7947,0.79,50,1,1,1,5,0,0,0,0
617189,2019,4,7,"2019-04-07","19:19:00",3,"LA",22,0,0,0,0,0,0,29.9528,-90.2369,29.9831,-90.2117,2.58,50,1,1,1,51,0,0,0,0
617190,2019,4,8,"2019-04-08","04:15:00",3,"AL",1,0,0,0,0,0,0,33.9128,-86.7689,33.9301,-86.737,2.18,325,1,1,1,9,0,0,0,0
617191,2019,4,8,"2019-04-08","04:44:00",3,"AL",1,0,1,0,0,0,0,34.0754,-86.5272,34.1589,-86.4871,6.3,1175,1,1,1,9,0,0,0,0
617192,2019,4,8,"2019-04-08","06:10:00",3,"AL",1,0,1,1,0,0,0,34.2274,-86.3294,34.3028,-86.2738,6.1,219,1,1,1,95,0,0,0,0
617564,2019,5,11,"2019-05-11","14:35:00",3,"VA",51,0,1,0,0,65000,0,37.1673,-78.8998,37.1941,-78.835,4.1,275,1,1,1,31,0,0,0,0
617565,2019,5,11,"2019-05-11","14:40:00",3,"NC",37,0,1,0,0,1e+05,0,35.202,-80.202,35.1958,-80.1841,1.1,295,1,1,1,167,0,0,0,0
617566,2019,5,11,"2019-05-11","16:52:00",3,"VA",51,0,1,0,0,350000,0,36.7398,-76.5827,36.7398,-76.5463,2,200,1,1,1,800,0,0,0,0
617567,2019,5,12,"2019-05-12","09:33:00",3,"AL",1,0,0,0,0,10000,0,31.2212,-85.3765,31.2229,-85.361,0.92,100,1,1,1,69,0,0,0,0
617568,2019,5,13,"2019-05-13","08:13:00",3,"NC",37,0,2,0,0,1250000,0,35.8275,-78.4399,35.8296,-78.1281,17.18,385,1,1,1,183,127,0,0,0
617569,2019,5,17,"2019-05-17","15:43:00",3,"TX",48,0,0,0,0,0,0,30.829,-102.559,30.839,-102.52,2.41,100,1,1,1,371,0,0,0,0
617570,2019,5,17,"2019-05-17","16:40:00",3,"NE",31,0,-9,0,0,0,0,40.1142,-100.83,40.1142,-100.83,0.25,75,1,1,1,87,0,0,0,0
617571,2019,5,17,"2019-05-17","16:55:00",3,"NE",31,0,2,0,0,0,0,40.2034,-100.7604,40.2695,-100.6867,6,350,1,1,1,145,0,0,0,0
617572,2019,5,17,"2019-05-17","17:10:00",3,"NE",31,0,0,0,0,0,0,40.3452,-100.627,40.379,-100.6272,2.98,100,1,1,1,145,63,0,0,0
617573,2019,5,17,"2019-05-17","17:32:00",3,"NE",31,0,0,0,0,0,0,40.47,-100.46,40.47,-100.46,0.1,20,1,1,1,63,0,0,0,0
617574,2019,5,17,"2019-05-17","17:45:00",3,"NE",31,0,0,0,0,0,0,40.53,-100.38,40.53,-100.38,0.1,50,1,1,1,63,0,0,0,0
617575,2019,5,17,"2019-05-17","17:55:00",3,"NE",31,0,0,0,0,1000,0,40.56,-100.34,40.56,-100.34,0.5,315,1,1,1,63,0,0,0,0
617576,2019,5,17,"2019-05-17","17:58:00",3,"NE",31,0,2,0,0,12000,0,40.5812,-100.3127,40.5873,-100.3046,0.6,178,1,1,1,63,0,0,0,0
617577,2019,5,17,"2019-05-17","18:05:00",3,"NE",31,0,3,0,0,1e+05,0,40.6119,-100.2722,40.6323,-100.2453,2.12,400,1,1,1,63,0,0,0,0
617578,2019,5,17,"2019-05-17","18:12:00",3,"NE",31,0,0,0,0,0,0,40.6733,-100.1913,40.6764,-100.1872,0.3,40,1,1,1,63,0,0,0,0
617579,2019,5,17,"2019-05-17","18:15:00",3,"NE",31,0,1,0,0,250000,0,40.6992,-100.1972,40.7602,-100.1587,4.67,400,1,1,1,63,47,0,0,0
617580,2019,5,17,"2019-05-17","18:32:00",3,"OK",40,0,-9,0,0,0,0,36.9622,-100.5635,37.0519,-100.5154,6.74,50,2,0,1,0,0,0,0,0
617580,2019,5,17,"2019-05-17","18:32:00",3,"OK",40,0,-9,0,0,0,0,36.9622,-100.5635,37.0006,-100.5432,2.88,50,2,1,2,7,0,0,0,0
617580,2019,5,17,"2019-05-17","18:39:00",3,"KS",20,0,-9,0,0,0,0,37.0006,-100.5432,37.0519,-100.5154,3.86,50,2,1,2,119,0,0,0,0
617581,2019,5,17,"2019-05-17","18:54:00",3,"NE",31,0,1,0,0,9e+05,0,40.8606,-99.953,40.9569,-99.8166,9.75,600,1,1,1,47,0,0,0,0
617582,2019,5,17,"2019-05-17","19:15:00",3,"NE",31,0,0,0,0,0,0,41.0026,-99.7586,41.0227,-99.7441,1.58,150,1,1,1,47,0,0,0,0
617583,2019,5,17,"2019-05-17","19:30:00",3,"NE",31,0,1,0,0,15000,0,41.0773,-99.6836,41.0784,-99.6849,0.1,92,1,1,1,41,0,0,0,0
617584,2019,5,17,"2019-05-17","19:36:00",3,"KS",20,0,0,0,0,0,0,37.4181,-100.2255,37.4352,-100.2075,1.54,50,1,1,1,119,0,0,0,0
617585,2019,5,17,"2019-05-17","19:37:00",3,"KS",20,0,3,0,0,5e+05,0,37.3497,-100.1384,37.6314,-99.8211,29.62,600,1,1,1,119,25,57,0,0
617586,2019,5,17,"2019-05-17","19:46:00",3,"KS",20,0,0,0,0,0,0,37.4457,-100.0765,37.4409,-100.0717,0.42,25,1,1,1,25,0,0,0,0
617587,2019,5,17,"2019-05-17","20:30:00",3,"KS",20,0,2,0,0,0,0,37.6775,-99.7119,37.8087,-99.4981,14.86,875,1,1,1,57,47,0,0,0
617588,2019,5,17,"2019-05-17","21:19:00",3,"KS",20,0,2,0,0,0,0,37.9405,-99.2515,38.0234,-99.0957,10.92,565,1,1,1,47,145,0,0,0
617589,2019,5,17,"2019-05-17","22:28:00",3,"KS",20,0,-9,0,0,0,0,38.2521,-98.7974,38.2609,-98.7893,0.8,50,1,1,1,145,0,0,0,0
617590,2019,5,17,"2019-05-17","22:30:00",3,"KS",20,0,-9,0,0,0,0,38.27,-98.81,38.2699,-98.8059,0.22,50,1,1,1,9,0,0,0,0
617591,2019,5,18,"2019-05-18","01:05:00",3,"TX",48,0,2,1,0,5e+05,0,31.0384,-100.5931,31.0669,-100.6043,2.08,250,1,1,1,413,0,0,0,0
617592,2019,5,18,"2019-05-18","03:57:00",3,"TX",48,0,2,2,0,7500000,0,31.323,-100.6501,31.4913,-100.4266,17.58,1760,1,1,1,451,0,0,0,0
617593,2019,5,18,"2019-05-18","04:43:00",3,"TX",48,0,2,0,0,1e+07,0,32.4191,-99.8388,32.4504,-99.7607,5.04,388,1,1,1,441,0,0,0,0
617594,2019,5,18,"2019-05-18","04:56:00",3,"TX",48,0,1,0,0,750000,0,32.491,-99.7372,32.6121,-99.7007,8.66,550,1,1,1,441,253,0,0,0
617595,2019,5,18,"2019-05-18","05:52:00",3,"TX",48,0,3,0,0,6e+06,0,31.5142,-100.0926,31.7544,-99.9735,18.01,1760,1,1,1,399,0,0,0,0
617596,2019,5,18,"2019-05-18","06:37:00",3,"OK",40,0,2,1,0,150000,0,34.473,-98.334,34.48,-98.33,0.5,60,1,1,1,31,0,0,0,0
617597,2019,5,18,"2019-05-18","06:52:00",3,"TX",48,0,3,0,0,0,0,31.835,-99.7791,31.9106,-99.7364,5.79,1760,1,1,1,399,0,0,0,0
617598,2019,5,18,"2019-05-18","07:20:00",3,"TX",48,0,3,0,0,0,0,31.8604,-99.5939,31.9608,-99.5317,7.84,300,1,1,1,83,0,0,0,0
617599,2019,5,18,"2019-05-18","08:27:00",3,"OK",40,0,0,0,0,10000,0,36.106,-97.002,36.106,-97.002,0.2,25,1,1,1,119,0,0,0,0
617600,2019,5,18,"2019-05-18","08:33:00",3,"OK",40,0,0,0,0,30000,0,36.102,-96.87,36.102,-96.87,0.4,50,1,1,1,119,0,0,0,0
617601,2019,5,18,"2019-05-18","09:42:00",3,"TX",48,0,-9,0,0,0,0,32.58,-98.2,32.58,-98.2,0.01,25,1,1,1,363,0,0,0,0
617602,2019,5,18,"2019-05-18","10:03:00",3,"OK",40,0,0,0,0,5000,0,35.9285,-95.9464,35.9584,-95.891,3.7,350,1,1,1,143,0,0,0,0
617603,2019,5,18,"2019-05-18","10:18:00",3,"OK",40,0,0,3,0,25000,0,34.647,-96.178,34.647,-96.178,0.5,50,1,1,1,29,0,0,0,0
617604,2019,5,18,"2019-05-18","10:34:00",3,"TX",48,0,-9,0,0,0,0,31.2014,-99.5676,31.2017,-99.5666,0.06,50,1,1,1,307,0,0,0,0
617605,2019,5,18,"2019-05-18","10:58:00",3,"OK",40,0,1,0,0,40000,0,36.3049,-95.4547,36.3998,-95.3205,10.1,400,1,1,1,131,97,0,0,0
617606,2019,5,18,"2019-05-18","11:32:00",3,"OK",40,0,0,0,0,3000,0,36.47,-95.086,36.4945,-95.0606,2.1,100,1,1,1,97,0,0,0,0
617607,2019,5,18,"2019-05-18","12:13:00",3,"OK",40,0,1,0,0,0,0,35.1901,-94.9903,35.1876,-94.97,1.2,100,1,1,1,61,0,0,0,0
617608,2019,5,18,"2019-05-18","12:55:00",3,"OK",40,0,1,0,0,260000,0,35.34,-94.4381,35.3535,-94.3452,5.3,450,2,0,1,0,0,0,0,0
617608,2019,5,18,"2019-05-18","12:55:00",3,"OK",40,0,0,0,0,10000,0,35.34,-94.4381,35.3408,-94.4331,0.3,400,2,1,2,79,0,0,0,0
617608,2019,5,18,"2019-05-18","12:56:00",3,"AR",5,0,1,0,0,250000,0,35.3408,-94.4331,35.3535,-94.3452,5,450,2,1,2,131,0,0,0,0
617609,2019,5,18,"2019-05-18","12:59:00",3,"AR",5,0,1,0,0,150000,0,35.2203,-94.2919,35.2374,-94.2379,3.5,600,1,1,1,131,0,0,0,0
617610,2019,5,18,"2019-05-18","13:01:00",3,"AR",5,0,1,0,0,2000,0,35.98,-94.3468,35.9828,-94.3283,1,100,1,1,1,143,0,0,0,0
617611,2019,5,18,"2019-05-18","13:04:00",3,"AR",5,0,1,0,0,50000,0,35.3462,-94.3164,35.3697,-94.2743,2.9,400,1,1,1,131,33,0,0,0
617612,2019,5,18,"2019-05-18","13:10:00",3,"AR",5,0,1,0,0,25000,0,35.2857,-94.117,35.3521,-94.0153,7.3,1000,1,1,1,131,47,0,0,0
617613,2019,5,18,"2019-05-18","13:25:00",3,"AR",5,0,1,0,0,20000,0,35.5052,-94.0617,35.5011,-94.0346,1.6,300,1,1,1,33,0,0,0,0
617614,2019,5,18,"2019-05-18","16:45:00",3,"TX",48,0,1,0,0,30000,0,32.3121,-95.2087,32.3217,-95.2041,0.72,200,1,1,1,423,0,0,0,0
617615,2019,5,18,"2019-05-18","16:55:00",3,"AR",5,0,0,0,0,0,0,34.66,-91.64,34.6613,-91.6359,0.25,50,1,1,1,117,0,0,0,0
617616,2019,5,19,"2019-05-19","00:07:00",3,"TX",48,0,1,1,0,50000,0,30.7557,-94.1459,30.77,-94.133,1.3,600,1,1,1,457,241,0,0,0
617617,2019,5,19,"2019-05-19","00:21:00",3,"TX",48,0,1,0,0,15000,0,30.7988,-94.0808,30.8425,-94.0707,3.08,100,1,1,1,241,0,0,0,0
617618,2019,5,19,"2019-05-19","01:02:00",3,"LA",22,0,0,0,0,0,0,31.3732,-92.999,31.384,-92.9832,1.19,80,1,1,1,69,0,0,0,0
617619,2019,5,19,"2019-05-19","01:46:00",3,"LA",22,0,1,0,0,1e+05,0,32.2825,-91.789,32.4845,-91.5766,18.67,700,1,1,1,83,0,0,0,0
617620,2019,5,19,"2019-05-19","02:14:00",3,"LA",22,0,1,0,0,10000,0,30.7028,-93.4165,30.7186,-93.3711,2.91,600,1,1,1,11,0,0,0,0
617621,2019,5,19,"2019-05-19","02:19:00",3,"LA",22,0,1,0,0,75000,0,30.7266,-93.3785,30.7593,-93.3569,2.6,800,1,1,1,11,0,0,0,0
617622,2019,5,19,"2019-05-19","02:26:00",3,"LA",22,0,1,0,0,7000,0,30.7775,-93.3449,30.816,-93.3418,2.67,250,1,1,1,11,0,0,0,0
617623,2019,5,19,"2019-05-19","03:40:00",3,"LA",22,0,1,0,0,7000,0,30.866,-92.8327,30.8987,-92.8333,2.26,50,1,1,1,3,0,0,0,0
617624,2019,5,19,"2019-05-19","04:03:00",3,"LA",22,0,1,0,0,50000,0,30.7093,-92.6624,30.7237,-92.6766,1.3,900,1,1,1,3,0,0,0,0
617625,2019,5,19,"2019-05-19","04:42:00",3,"LA",22,0,0,0,0,5000,0,30.6044,-92.4,30.6049,-92.4039,0.23,50,1,1,1,39,0,0,0,0
617626,2019,5,19,"2019-05-19","04:47:00",3,"LA",22,0,1,0,0,150000,0,30.6095,-92.3345,30.6657,-92.1967,9.07,400,1,1,1,39,0,0,0,0
617627,2019,5,19,"2019-05-19","04:50:00",3,"LA",22,0,1,0,0,1e+05,0,30.6837,-92.2911,30.7072,-92.26,2.46,600,1,1,1,39,0,0,0,0
617628,2019,5,19,"2019-05-19","07:30:00",3,"LA",22,0,0,0,0,0,0,30.6796,-90.6528,30.6794,-90.6497,0.18,30,1,1,1,91,0,0,0,0
617629,2019,5,19,"2019-05-19","16:25:00",3,"MI",26,0,0,0,0,20000,0,42.5334,-85.1745,42.5451,-85.1532,1.35,50,1,1,1,15,0,0,0,0
617630,2019,5,19,"2019-05-19","16:41:00",3,"CA",6,0,0,0,0,0,0,36.2,-119.99,36.2024,-119.9845,0.35,100,1,1,1,19,0,0,0,0
617631,2019,5,19,"2019-05-19","18:03:00",3,"PA",42,0,1,0,0,1e+05,0,40.241,-76.1637,40.2437,-76.1481,0.84,125,1,1,1,71,0,0,0,0
617632,2019,5,19,"2019-05-19","18:39:00",3,"OH",39,0,1,0,0,250000,0,39.7529,-84.7042,39.7868,-84.6339,4.41,150,1,1,1,135,0,0,0,0
617633,2019,5,19,"2019-05-19","18:50:00",3,"OH",39,0,1,0,0,550000,0,39.7349,-84.545,39.7774,-84.4131,7.6,120,1,1,1,135,113,0,0,0
617634,2019,5,19,"2019-05-19","19:22:00",3,"OH",39,0,1,0,0,150000,0,39.8509,-84.1497,39.8636,-84.1417,0.97,150,1,1,1,113,0,0,0,0
617635,2019,5,19,"2019-05-19","19:51:00",3,"PA",42,0,1,0,0,0,0,40.49,-75.14,40.49,-75.14,0.26,100,1,1,1,17,0,0,0,0
617636,2019,5,20,"2019-05-20","10:50:00",3,"AZ",4,0,0,0,0,0,0,36.05,-111.35,36.05,-111.35,1,10,1,1,1,5,0,0,0,0
617637,2019,5,20,"2019-05-20","13:05:00",3,"TX",48,0,-9,0,0,0,0,33.6648,-101.0009,33.6731,-100.9867,1,30,1,1,1,125,0,0,0,0
617638,2019,5,20,"2019-05-20","14:00:00",3,"TX",48,0,-9,0,0,0,0,33.9973,-100.3859,33.9999,-100.3844,0.2,10,1,1,1,101,0,0,0,0
617639,2019,5,20,"2019-05-20","14:01:00",3,"TX",48,0,0,0,0,0,0,34.025,-100.3733,34.0462,-100.3525,1.89,20,1,1,1,101,0,0,0,0
617640,2019,5,20,"2019-05-20","14:29:00",3,"TX",48,0,0,0,0,0,0,34.7864,-100.2851,34.7914,-100.2846,0.35,50,1,1,1,87,0,0,0,0
617641,2019,5,20,"2019-05-20","14:31:00",3,"OK",40,0,-9,0,0,0,0,35.8614,-97.7557,35.8614,-97.7557,0.5,40,1,1,1,73,0,0,0,0
617642,2019,5,20,"2019-05-20","14:43:00",3,"OK",40,0,-9,0,0,0,0,35.897,-97.716,35.944,-97.684,3.7,150,1,1,1,73,0,0,0,0
617643,2019,5,20,"2019-05-20","14:46:00",3,"OK",40,0,-9,0,0,0,0,35.9592,-97.68,35.9592,-97.68,0.5,50,1,1,1,73,0,0,0,0
617644,2019,5,20,"2019-05-20","14:50:00",3,"OK",40,0,1,0,0,3000,0,35.953,-97.656,36.029,-97.598,6,70,1,1,1,83,0,0,0,0
617645,2019,5,20,"2019-05-20","14:54:00",3,"OK",40,0,-9,0,0,0,0,35.987,-97.617,36,-97.607,1,40,1,1,1,83,0,0,0,0
617646,2019,5,20,"2019-05-20","15:08:00",3,"OK",40,0,1,0,0,1000,0,36.116,-97.497,36.116,-97.497,0.3,40,1,1,1,83,0,0,0,0
617647,2019,5,20,"2019-05-20","15:14:00",3,"KS",20,0,1,0,0,25000,0,37.3325,-94.7516,37.3569,-94.726,2.19,440,1,1,1,21,37,0,0,0
617648,2019,5,20,"2019-05-20","15:23:00",3,"OK",40,0,1,0,0,75000,0,36.253,-97.385,36.287,-97.352,3,100,1,1,1,103,0,0,0,0
617649,2019,5,20,"2019-05-20","15:23:00",3,"KS",20,0,1,0,0,1150000,0,37.3524,-94.7074,37.4443,-94.5511,10.67,1200,2,0,1,0,0,0,0,0
617649,2019,5,20,"2019-05-20","15:23:00",3,"KS",20,0,1,0,0,1100000,0,37.3524,-94.7074,37.4053,-94.6175,6.14,1200,2,1,2,37,0,0,0,0
617649,2019,5,20,"2019-05-20","15:34:00",3,"MO",29,0,1,0,0,50000,0,37.4053,-94.6175,37.4443,-94.5511,4.53,440,2,1,2,11,0,0,0,0
617650,2019,5,20,"2019-05-20","15:36:00",3,"OK",40,0,0,0,0,0,0,36.038,-97.886,36.038,-97.886,0.1,20,1,1,1,73,0,0,0,0
617651,2019,5,20,"2019-05-20","15:37:00",3,"OK",40,0,-9,0,0,0,0,34.6593,-99.9573,34.6593,-99.9573,0.5,50,1,1,1,57,0,0,0,0
617652,2019,5,20,"2019-05-20","15:38:00",3,"OK",40,0,0,0,0,0,0,36.041,-97.885,36.041,-97.885,0.1,20,1,1,1,73,0,0,0,0
617653,2019,5,20,"2019-05-20","15:45:00",3,"OK",40,0,-9,0,0,0,0,34.7066,-99.8712,34.7066,-99.8712,0.3,30,1,1,1,57,0,0,0,0
617654,2019,5,20,"2019-05-20","15:55:00",3,"OK",40,0,0,0,0,0,0,36.123,-97.69,36.123,-97.664,1.45,20,1,1,1,73,83,0,0,0
617655,2019,5,20,"2019-05-20","15:59:00",3,"OK",40,0,-9,0,0,0,0,34.6967,-99.7565,34.6967,-99.7565,0.1,20,1,1,1,57,0,0,0,0
617656,2019,5,20,"2019-05-20","16:05:00",3,"OK",40,0,1,0,0,75000,0,36.19,-97.495,36.273,-97.406,7.7,100,1,1,1,47,103,0,0,0
617657,2019,5,20,"2019-05-20","16:09:00",3,"OK",40,0,0,0,0,1000,0,36.1279,-97.4462,36.1279,-97.4462,0.3,50,1,1,1,83,0,0,0,0
617658,2019,5,20,"2019-05-20","16:12:00",3,"OK",40,0,2,0,0,3e+05,0,34.809,-99.614,34.93,-99.492,11,1200,1,1,1,55,0,0,0,0
617659,2019,5,20,"2019-05-20","16:23:00",3,"TX",48,0,3,0,0,4e+05,0,31.7333,-102.3041,31.7688,-102.2154,5.8,225,1,1,1,135,329,0,0,0
617660,2019,5,20,"2019-05-20","16:38:00",3,"OK",40,0,-9,0,0,0,0,34.9498,-99.3925,34.9498,-99.3925,0.2,40,1,1,1,55,0,0,0,0
617661,2019,5,20,"2019-05-20","16:38:00",3,"OK",40,0,-9,0,0,0,0,36.393,-97.052,36.393,-97.052,0.2,30,1,1,1,103,0,0,0,0
617662,2019,5,20,"2019-05-20","16:48:00",3,"FL",12,0,0,0,0,25000,0,26.6681,-81.8214,26.6687,-81.822,0.06,30,1,1,1,71,0,0,0,0
617663,2019,5,20,"2019-05-20","17:14:00",3,"OK",40,0,-9,0,0,0,0,35.0435,-99.223,35.0435,-99.223,0.5,30,1,1,1,75,0,0,0,0
617664,2019,5,20,"2019-05-20","17:45:00",3,"MO",29,0,-9,0,0,0,0,37.2942,-94.1016,37.2966,-94.0983,0.24,50,1,1,1,97,0,0,0,0
617665,2019,5,20,"2019-05-20","17:47:00",3,"TX",48,0,-9,0,0,0,0,33.6049,-100.5951,33.6323,-100.5466,3.37,300,1,1,1,125,0,0,0,0
617666,2019,5,20,"2019-05-20","17:52:00",3,"TX",48,0,2,2,0,250000,0,31.6953,-101.9734,31.7558,-101.8858,6.63,150,1,1,1,329,0,0,0,0
617667,2019,5,20,"2019-05-20","20:05:00",3,"OK",40,0,0,0,0,2000,0,36.1543,-95.8549,36.1565,-95.8492,0.5,100,1,1,1,143,0,0,0,0
617668,2019,5,20,"2019-05-20","20:08:00",3,"TX",48,0,-9,0,0,0,0,32.77,-100.5,32.77,-100.5,0.01,30,1,1,1,151,0,0,0,0
617669,2019,5,20,"2019-05-20","21:01:00",3,"OK",40,0,1,0,0,25000,0,35.794,-95.8454,35.8545,-95.8194,4.4,450,1,1,1,111,0,0,0,0
617670,2019,5,20,"2019-05-20","21:09:00",3,"OK",40,0,0,0,0,0,0,35.9365,-95.4118,35.9436,-95.4015,0.75,75,1,1,1,145,0,0,0,0
617671,2019,5,20,"2019-05-20","21:29:00",3,"TX",48,0,-9,0,0,0,0,33.08,-99.95,33.08,-99.95,0.01,30,1,1,1,207,0,0,0,0
617672,2019,5,20,"2019-05-20","21:29:00",3,"OK",40,0,2,1,0,950000,0,36.0526,-95.1535,36.2307,-94.8497,21,2700,1,1,1,21,41,0,0,0
617673,2019,5,20,"2019-05-20","21:35:00",3,"OK",40,0,1,0,0,10000,0,36.2675,-95.1491,36.2853,-95.089,3.6,1100,1,1,1,97,0,0,0,0
617674,2019,5,20,"2019-05-20","21:54:00",3,"OK",40,0,1,0,0,50000,0,36.2036,-94.9533,36.2214,-94.8324,6.9,600,1,1,1,41,0,0,0,0
617675,2019,5,21,"2019-05-21","02:45:00",3,"OK",40,0,1,0,0,31000,0,35.109,-97.447,35.146,-97.399,3.75,250,1,1,1,87,27,0,0,0
617676,2019,5,21,"2019-05-21","02:57:00",3,"OK",40,0,1,0,0,6000,0,35.218,-97.361,35.269,-97.363,4.1,50,1,1,1,27,0,0,0,0
617677,2019,5,21,"2019-05-21","03:13:00",3,"OK",40,0,0,0,0,3000,0,35.277,-97.318,35.277,-97.318,0.3,20,1,1,1,27,0,0,0,0
617678,2019,5,21,"2019-05-21","03:22:00",3,"OK",40,0,1,0,0,0,0,35.358,-97.25,35.356,-97.226,1.4,30,1,1,1,27,0,0,0,0
617679,2019,5,21,"2019-05-21","03:33:00",3,"OK",40,0,2,0,0,0,0,35.387,-97.028,35.42,-97.014,2.6,150,1,1,1,125,0,0,0,0
617680,2019,5,21,"2019-05-21","03:50:00",3,"OK",40,0,0,0,0,7000,0,35.463,-96.856,35.493,-96.846,2.3,30,1,1,1,125,81,0,0,0
617681,2019,5,21,"2019-05-21","05:08:00",3,"OK",40,0,1,0,0,0,0,36.0231,-96.1655,36.0435,-96.159,1.6,75,1,1,1,37,0,0,0,0
617682,2019,5,21,"2019-05-21","05:25:00",3,"OK",40,0,-9,0,0,0,0,33.8991,-96.6893,33.8991,-96.6893,0.5,20,1,1,1,95,0,0,0,0
617683,2019,5,21,"2019-05-21","05:29:00",3,"OK",40,0,0,0,0,0,0,36.1708,-95.9739,36.1762,-95.9751,0.4,75,1,1,1,143,0,0,0,0
617684,2019,5,21,"2019-05-21","05:31:00",3,"OK",40,0,1,1,0,125000,0,36.1742,-95.9725,36.1789,-95.932,2.3,550,1,1,1,143,0,0,0,0
617685,2019,5,21,"2019-05-21","05:37:00",3,"OK",40,0,1,0,0,0,0,36.2334,-95.9153,36.2359,-95.9032,0.7,75,1,1,1,143,0,0,0,0
617686,2019,5,21,"2019-05-21","05:48:00",3,"OK",40,0,0,0,0,0,0,36.3156,-95.8231,36.3212,-95.8149,0.6,100,1,1,1,143,0,0,0,0
617687,2019,5,21,"2019-05-21","06:03:00",3,"OK",40,0,1,0,0,7000,0,34.335,-96.345,34.349,-96.323,1.6,100,1,1,1,5,0,0,0,0
617688,2019,5,21,"2019-05-21","12:06:00",3,"MO",29,0,0,0,0,41000,0,37.3199,-93.1985,37.3312,-93.1826,1.17,100,1,1,1,77,0,0,0,0
617689,2019,5,21,"2019-05-21","13:48:00",3,"MO",29,0,1,0,0,35000,0,37.2722,-93.0549,37.3405,-92.9591,7.07,100,1,1,1,225,0,0,0,0
617690,2019,5,21,"2019-05-21","14:17:00",3,"MO",29,0,1,0,0,5e+06,0,37.0797,-92.6268,37.3758,-92.4074,23.75,200,1,1,1,229,0,0,0,0
617691,2019,5,21,"2019-05-21","15:18:00",3,"MO",29,0,1,0,0,0,0,37.627,-91.8774,37.6942,-91.8118,5.87,800,1,1,1,161,0,0,0,0
617692,2019,5,21,"2019-05-21","15:32:00",3,"KS",20,0,1,0,0,0,0,38.8433,-97.1004,38.9259,-97.0105,7.48,100,1,1,1,41,0,0,0,0
617693,2019,5,21,"2019-05-21","15:50:00",3,"KS",20,0,0,0,0,0,0,39.4386,-99.5123,39.4415,-99.51,0.23,50,1,1,1,163,0,0,0,0
617694,2019,5,21,"2019-05-21","15:52:00",3,"KS",20,0,-9,0,0,0,0,38.9794,-96.9923,39.1768,-96.8503,17.69,150,1,1,1,41,61,0,0,0
617695,2019,5,21,"2019-05-21","16:05:00",3,"MO",29,0,1,0,0,0,0,38.8542,-91.728,38.8595,-91.7201,0.56,250,1,1,1,27,0,0,0,0
617696,2019,5,21,"2019-05-21","16:58:00",3,"MO",29,0,1,0,0,0,0,38.5319,-90.8934,38.603,-90.8319,5.94,250,1,1,1,71,183,0,0,0
617697,2019,5,21,"2019-05-21","17:10:00",3,"KS",20,0,0,0,0,0,0,39.1318,-95.914,39.3025,-95.8369,12.56,50,1,1,1,177,85,0,0,0
617698,2019,5,21,"2019-05-21","17:38:00",3,"KS",20,0,2,0,0,0,0,39.3281,-95.7311,39.5574,-95.6092,17.13,75,1,1,1,85,0,0,0,0
617699,2019,5,21,"2019-05-21","18:01:00",3,"IL",17,0,0,0,0,0,0,38.3638,-90.1609,38.3657,-90.1551,0.34,50,1,1,1,133,0,0,0,0
617700,2019,5,21,"2019-05-21","18:06:00",3,"KS",20,0,0,0,0,0,0,39.8185,-95.9758,39.8573,-95.9484,3.05,50,1,1,1,131,0,0,0,0
617701,2019,5,21,"2019-05-21","18:08:00",3,"KS",20,0,1,0,0,0,0,39.5411,-95.4228,39.6107,-95.3769,5.39,30,1,1,1,5,0,0,0,0
617702,2019,5,21,"2019-05-21","18:20:00",3,"KS",20,0,3,0,0,0,0,39.9243,-95.9335,39.9984,-95.8783,5.9,300,1,1,1,131,0,0,0,0
617703,2019,5,21,"2019-05-21","18:31:00",3,"NE",31,0,-9,0,0,0,0,40.0589,-95.8285,40.0592,-95.8284,0.03,50,1,1,1,147,0,0,0,0
617704,2019,5,21,"2019-05-21","18:43:00",3,"NE",31,0,-9,0,0,0,0,40.0656,-95.8283,40.0897,-95.8239,1.68,50,1,1,1,147,0,0,0,0
617705,2019,5,21,"2019-05-21","18:55:00",3,"NE",31,0,0,0,0,0,0,40.2649,-95.7739,40.2764,-95.7723,0.8,50,1,1,1,127,0,0,0,0
617706,2019,5,22,"2019-05-22","00:04:00",3,"IA",19,0,1,0,0,15000,0,41.4087,-94.7524,41.4243,-94.7497,1.09,50,1,1,1,29,0,0,0,0
617707,2019,5,22,"2019-05-22","00:29:00",3,"IA",19,0,2,1,1,5e+05,0,41.4557,-94.6249,41.524,-94.6152,4.75,150,1,1,1,1,77,0,0,0
617708,2019,5,22,"2019-05-22","13:30:00",3,"NV",32,0,0,0,0,0,0,36.232,-116.0175,36.2336,-116.0156,0.16,25,1,1,1,23,0,0,0,0
617709,2019,5,22,"2019-05-22","15:29:00",3,"OK",40,0,1,0,0,3000,0,35.358,-96.462,35.36,-96.444,1,50,1,1,1,133,0,0,0,0
617710,2019,5,22,"2019-05-22","15:34:00",3,"OK",40,0,-9,0,0,0,0,35.4113,-96.4046,35.4203,-96.3993,0.5,100,1,1,1,107,0,0,0,0
617711,2019,5,22,"2019-05-22","15:41:00",3,"OK",40,0,-9,0,0,0,0,35.4538,-96.3853,35.4692,-96.3753,1,50,1,1,1,107,0,0,0,0
617712,2019,5,22,"2019-05-22","15:47:00",3,"OK",40,0,1,0,0,25000,0,35.4935,-96.3606,35.5012,-96.3492,0.8,75,1,1,1,107,0,0,0,0
617713,2019,5,22,"2019-05-22","16:10:00",3,"OK",40,0,1,0,0,10000,0,35.6066,-96.2292,35.6108,-96.2204,0.6,125,1,1,1,107,0,0,0,0
617714,2019,5,22,"2019-05-22","16:23:00",3,"OK",40,0,1,0,0,40000,0,35.4313,-96.2168,35.5067,-96.1709,6,650,1,1,1,107,0,0,0,0
617715,2019,5,22,"2019-05-22","16:32:00",3,"OK",40,0,1,0,0,10000,0,35.4903,-96.1605,35.5987,-96.1465,7.7,400,1,1,1,107,111,0,0,0
617716,2019,5,22,"2019-05-22","17:03:00",3,"OK",40,0,0,0,0,0,0,35.6237,-95.8869,35.6237,-95.8869,0.2,75,1,1,1,111,0,0,0,0
617717,2019,5,22,"2019-05-22","17:07:00",3,"OK",40,0,0,0,0,0,0,36.2923,-95.9378,36.2923,-95.9378,0.2,75,1,1,1,143,0,0,0,0
617718,2019,5,22,"2019-05-22","17:36:00",3,"OK",40,0,0,0,0,0,0,35.8343,-95.6553,35.8343,-95.6553,0.2,75,1,1,1,101,0,0,0,0
617719,2019,5,22,"2019-05-22","17:44:00",3,"OK",40,0,1,0,0,0,0,36.7813,-95.2521,36.8239,-95.1783,5.1,350,1,1,1,35,0,0,0,0
617720,2019,5,22,"2019-05-22","17:59:00",3,"OK",40,0,1,0,0,3000,0,36.832,-95.1399,36.842,-95.1172,1.5,150,1,1,1,35,0,0,0,0
617721,2019,5,22,"2019-05-22","18:25:00",3,"OK",40,0,-9,0,0,0,0,36.1563,-95.6889,36.1664,-95.6603,1.8,75,1,1,1,145,131,0,0,0
617722,2019,5,22,"2019-05-22","18:25:00",3,"OK",40,0,1,0,0,75000,0,36.9535,-94.9301,37.0218,-94.8315,7.32,1100,2,0,1,0,0,0,0,0
617722,2019,5,22,"2019-05-22","18:25:00",3,"OK",40,0,1,0,0,75000,0,36.9535,-94.9301,36.9989,-94.8707,4.5,1100,2,1,2,115,0,0,0,0
617722,2019,5,22,"2019-05-22","18:34:00",3,"KS",20,0,1,0,0,0,0,36.9989,-94.8707,37.0218,-94.8315,2.82,1000,2,1,2,21,0,0,0,0
617723,2019,5,22,"2019-05-22","19:05:00",3,"KS",20,0,3,0,0,5275000,0,37.1096,-94.6244,37.1928,-94.4935,9.22,440,2,0,1,0,0,0,0,0
617723,2019,5,22,"2019-05-22","19:05:00",3,"KS",20,0,1,0,0,25000,0,37.1096,-94.6244,37.1136,-94.618,0.45,400,2,1,2,21,0,0,0,0
617723,2019,5,22,"2019-05-22","19:06:00",3,"MO",29,0,3,0,0,5250000,0,37.1136,-94.618,37.1928,-94.4935,8.77,440,2,1,2,97,0,0,0,0
617724,2019,5,22,"2019-05-22","19:09:00",3,"OK",40,0,1,0,0,25000,0,36.3138,-95.3108,36.3567,-95.2885,3.1,650,1,1,1,97,0,0,0,0
617725,2019,5,22,"2019-05-22","19:17:00",3,"IL",17,0,1,0,0,0,0,40.3319,-91.3222,40.3349,-91.3129,0.53,30,1,1,1,67,0,0,0,0
617726,2019,5,22,"2019-05-22","19:19:00",3,"MO",29,0,0,0,0,0,0,39.2897,-92.6979,39.2899,-92.6874,0.56,40,1,1,1,89,0,0,0,0
617727,2019,5,22,"2019-05-22","19:23:00",3,"MO",29,0,0,0,0,0,0,37.1976,-94.4632,37.261,-94.3441,7.88,200,1,1,1,97,0,0,0,0
617728,2019,5,22,"2019-05-22","19:28:00",3,"OK",40,0,-9,0,0,0,0,36.42,-96.5205,36.42,-96.5205,0.2,100,1,1,1,113,0,0,0,0
617729,2019,5,22,"2019-05-22","19:31:00",3,"OK",40,0,-9,0,0,0,0,36.42,-96.4881,36.42,-96.4881,0.2,75,1,1,1,113,0,0,0,0
617730,2019,5,22,"2019-05-22","19:44:00",3,"OK",40,0,-9,0,0,0,0,36.2358,-95.2144,36.2358,-95.2144,0.2,100,1,1,1,97,0,0,0,0
617731,2019,5,22,"2019-05-22","19:51:00",3,"MO",29,0,3,1,3,1015000,0,37.308,-94.2343,37.4305,-94.0983,11.29,880,1,1,1,97,11,0,0,0
617732,2019,5,22,"2019-05-22","19:52:00",3,"OK",40,0,1,0,0,0,0,36.2661,-95.1683,36.3173,-95.105,5.3,400,1,1,1,97,0,0,0,0
617733,2019,5,22,"2019-05-22","20:34:00",3,"OK",40,0,2,0,0,5e+05,0,36.4307,-94.8135,36.6068,-94.6162,16.59,1100,2,0,1,0,0,0,0,0
617733,2019,5,22,"2019-05-22","20:34:00",3,"OK",40,0,2,0,0,5e+05,0,36.4307,-94.8135,36.606,-94.6178,16.5,1100,2,1,2,41,0,0,0,0
617734,2019,5,22,"2019-05-22","20:56:00",3,"IL",17,0,0,0,0,0,0,40.1273,-90.4811,40.1196,-90.5126,1.75,50,1,1,1,169,0,0,0,0
617735,2019,5,22,"2019-05-22","21:02:00",3,"MO",29,0,0,0,0,0,0,39.2588,-91.8296,39.2701,-91.8351,0.83,150,1,1,1,7,0,0,0,0
617733,2019,5,22,"2019-05-22","21:07:00",3,"MO",29,0,1,0,0,0,0,36.606,-94.6178,36.6068,-94.6162,0.09,250,2,1,2,119,0,0,0,0
617736,2019,5,22,"2019-05-22","21:56:00",3,"MO",29,0,3,33,0,174010000,0,38.3344,-92.6132,38.5865,-92.1111,32.68,1500,1,1,1,131,51,27,0,0
617737,2019,5,22,"2019-05-22","23:15:00",3,"IL",17,0,1,0,0,0,0,39.9199,-89.6909,40.0667,-89.4773,15.25,150,1,1,1,167,129,107,0,0
617738,2019,5,22,"2019-05-22","23:33:00",3,"IL",17,0,1,0,0,0,0,40.1719,-89.3926,40.2105,-89.385,2.7,100,1,1,1,107,0,0,0,0
617739,2019,5,22,"2019-05-22","23:39:00",3,"OK",40,0,0,0,0,5000,0,36.6091,-95.099,36.6143,-95.0876,0.5,150,1,1,1,35,0,0,0,0
617740,2019,5,22,"2019-05-22","23:48:00",3,"OK",40,0,1,0,0,1e+05,0,36.5938,-95.0387,36.6644,-94.9127,8.6,1100,1,1,1,35,41,0,0,0
617741,2019,5,23,"2019-05-23","00:10:00",3,"IL",17,0,1,0,0,0,0,40.0116,-88.7367,40.016,-88.712,1.34,200,1,1,1,147,0,0,0,0
617742,2019,5,23,"2019-05-23","00:49:00",3,"MO",29,0,1,0,0,155000,0,37.7132,-92.435,37.7285,-92.2336,11.05,440,1,1,1,105,169,0,0,0
617743,2019,5,23,"2019-05-23","01:06:00",3,"IL",17,0,1,0,0,0,0,40.1133,-87.8552,40.1253,-87.8303,1.56,200,1,1,1,183,0,0,0,0
617744,2019,5,23,"2019-05-23","07:15:00",3,"IL",17,0,0,0,0,0,0,38.6161,-88.693,38.6176,-88.6796,0.73,20,1,1,1,25,0,0,0,0
617745,2019,5,23,"2019-05-23","13:27:00",3,"MD",24,0,1,1,0,0,0,39.2072,-76.9451,39.179,-76.8484,5.53,150,1,1,1,27,0,0,0,0
617746,2019,5,23,"2019-05-23","15:15:00",3,"IN",18,0,1,0,0,0,0,40.595,-85.5741,40.5953,-85.5724,0.09,50,1,1,1,53,0,0,0,0
617747,2019,5,23,"2019-05-23","16:01:00",3,"TX",48,0,0,0,0,0,0,34.9501,-101.7826,34.9508,-101.7722,0.59,50,1,1,1,381,0,0,0,0
617748,2019,5,23,"2019-05-23","16:13:00",3,"TX",48,0,0,0,0,0,0,35.2092,-101.5734,35.2194,-101.5723,0.71,50,1,1,1,11,0,0,0,0
617749,2019,5,23,"2019-05-23","16:15:00",3,"TX",48,0,0,0,0,0,0,34.8217,-101.8451,34.8181,-101.8424,0.29,50,1,1,1,381,0,0,0,0
617750,2019,5,23,"2019-05-23","16:28:00",3,"TX",48,0,-9,0,0,0,0,33.2267,-102.48,33.2267,-102.48,0.07,10,1,1,1,445,0,0,0,0
617751,2019,5,23,"2019-05-23","17:14:00",3,"TX",48,0,1,0,0,0,0,35.7224,-100.9926,35.8322,-100.9025,9.11,50,1,1,1,393,0,0,0,0
617752,2019,5,23,"2019-05-23","17:59:00",3,"TX",48,0,2,0,0,0,0,35.9856,-100.6969,36.1561,-100.473,17.51,900,1,1,1,393,357,295,0,0
617753,2019,5,23,"2019-05-23","18:07:00",3,"TX",48,0,0,0,0,0,0,35.625,-100.917,35.6254,-100.9165,0.04,20,1,1,1,393,0,0,0,0
617754,2019,5,23,"2019-05-23","19:14:00",3,"PA",42,0,0,0,0,10000,0,40.3233,-78.9403,40.3068,-78.92,1.56,300,1,1,1,21,0,0,0,0
617755,2019,5,23,"2019-05-23","19:26:00",3,"TX",48,0,3,0,0,170000,0,36.4807,-100.1212,36.639,-99.944,15.7,1500,2,0,1,0,0,0,0,0
617755,2019,5,23,"2019-05-23","19:26:00",3,"TX",48,0,2,0,0,0,0,36.4807,-100.1212,36.4998,-100.0506,4.14,1400,2,1,2,295,0,0,0,0
617755,2019,5,23,"2019-05-23","19:30:00",3,"OK",40,0,3,0,0,170000,0,36.4998,-100.0506,36.639,-99.944,11.56,1500,2,1,2,7,45,59,0,0
617756,2019,5,23,"2019-05-23","19:43:00",3,"TX",48,0,0,0,0,0,0,36.1721,-100.4427,36.2256,-100.3976,4.47,75,1,1,1,295,0,0,0,0
617757,2019,5,23,"2019-05-23","20:32:00",3,"OK",40,0,-9,0,0,0,0,36.83,-99.7204,36.83,-99.7204,0.5,50,1,1,1,59,0,0,0,0
617758,2019,5,23,"2019-05-23","20:43:00",3,"OK",40,0,-9,0,0,0,0,36.6486,-99.9766,36.6486,-99.9766,0.5,75,1,1,1,59,0,0,0,0
617759,2019,5,23,"2019-05-23","21:42:00",3,"OK",40,0,1,0,0,20000,0,36.975,-99.498,36.995,-99.471,2,150,1,1,1,59,0,0,0,0
617760,2019,5,24,"2019-05-24","02:40:00",3,"KS",20,0,1,0,0,0,0,39.8254,-96.6876,39.8818,-96.5221,9.6,50,1,1,1,117,0,0,0,0
617761,2019,5,24,"2019-05-24","03:19:00",3,"KS",20,0,1,0,0,0,0,39.8863,-96.0678,39.9175,-95.9634,5.94,50,1,1,1,131,0,0,0,0
617762,2019,5,24,"2019-05-24","11:33:00",3,"IL",17,0,1,0,0,0,0,40.3624,-90.7368,40.374,-90.5904,7.75,50,1,1,1,109,0,0,0,0
617763,2019,5,24,"2019-05-24","11:41:00",3,"IL",17,0,1,0,0,0,0,40.3674,-90.5595,40.36,-90.5258,1.85,30,1,1,1,109,0,0,0,0
617764,2019,5,24,"2019-05-24","12:10:00",3,"IL",17,0,0,0,0,10000,0,40.3799,-90.2619,40.3825,-90.2399,1.17,20,1,1,1,57,0,0,0,0
617765,2019,5,24,"2019-05-24","15:19:00",3,"KS",20,0,1,0,0,0,0,37.5093,-97.0107,37.5267,-96.9996,1.35,75,1,1,1,15,0,0,0,0
617766,2019,5,24,"2019-05-24","15:53:00",3,"KS",20,0,-9,0,0,0,0,37.7485,-96.621,37.7513,-96.621,0.19,50,1,1,1,15,0,0,0,0
617767,2019,5,24,"2019-05-24","16:24:00",3,"ND",38,0,1,0,0,0,0,47.11,-98.31,47.1493,-98.2452,4.08,150,1,1,1,3,0,0,0,0
617768,2019,5,24,"2019-05-24","17:11:00",3,"ND",38,0,0,0,0,0,0,47.08,-98.08,47.08,-98.075,0.24,75,1,1,1,3,0,0,0,0
617769,2019,5,24,"2019-05-24","17:20:00",3,"ND",38,0,0,0,0,0,0,47.32,-97.81,47.3562,-97.73,4.5,150,1,1,1,91,0,0,0,0
617770,2019,5,24,"2019-05-24","17:35:00",3,"OK",40,0,0,0,0,20000,0,34.7655,-99.33,34.7655,-99.33,0.5,20,1,1,1,65,0,0,0,0
617771,2019,5,24,"2019-05-24","17:36:00",3,"IA",19,0,1,0,0,0,0,41.5689,-91.7208,41.6389,-91.5347,10.76,75,1,1,1,103,0,0,0,0
617772,2019,5,24,"2019-05-24","18:22:00",3,"MN",27,0,0,0,0,0,0,47.18,-96.07,47.2665,-96.0127,6.56,200,1,1,1,107,87,0,0,0
617773,2019,5,24,"2019-05-24","18:27:00",3,"IA",19,0,0,0,0,0,0,41.7285,-91.3094,41.7287,-91.3087,0.04,10,1,1,1,31,0,0,0,0
617774,2019,5,24,"2019-05-24","18:30:00",3,"MN",27,0,1,0,0,0,0,47.21,-95.98,47.2201,-95.9255,3.5,200,1,1,1,87,0,0,0,0
617775,2019,5,24,"2019-05-24","19:00:00",3,"MO",29,0,0,0,0,0,0,38.8733,-94.4436,38.8768,-94.4423,0.25,50,1,1,1,95,0,0,0,0
617776,2019,5,24,"2019-05-24","19:08:00",3,"MO",29,0,0,0,0,0,0,38.9152,-94.2683,38.9162,-94.2558,0.68,25,1,1,1,95,0,0,0,0
617777,2019,5,24,"2019-05-24","19:19:00",3,"MO",29,0,0,0,0,0,0,38.9178,-94.0487,38.9243,-93.9988,2.72,40,1,1,1,107,0,0,0,0
617778,2019,5,24,"2019-05-24","19:40:00",3,"WI",55,0,0,0,0,1000,4000,43.7224,-91.0805,43.7211,-91.0829,0.15,20,1,1,1,123,0,0,0,0
617779,2019,5,25,"2019-05-25","15:59:00",3,"TX",48,0,-9,0,0,0,0,33.7796,-102.2978,33.7823,-102.2797,1.06,30,1,1,1,219,0,0,0,0
617780,2019,5,25,"2019-05-25","16:39:00",3,"TX",48,0,2,0,0,250000,0,34.2195,-101.7257,34.2274,-101.6977,1.69,100,1,1,1,189,0,0,0,0
617781,2019,5,25,"2019-05-25","16:42:00",3,"OH",39,0,1,0,0,60000,0,40.58,-81.09,40.5754,-81.0758,0.54,50,1,1,1,19,0,0,0,0
617782,2019,5,25,"2019-05-25","17:08:00",3,"TX",48,0,-9,0,0,0,0,34.0022,-102.0567,34.0032,-101.9757,4.64,100,1,1,1,189,0,0,0,0
617783,2019,5,25,"2019-05-25","18:04:00",3,"OK",40,0,-9,0,0,0,0,35.0449,-99.5163,35.0449,-99.5163,0.3,30,1,1,1,55,0,0,0,0
617784,2019,5,25,"2019-05-25","18:14:00",3,"OK",40,0,-9,0,0,0,0,35.1293,-99.3976,35.1293,-99.3976,0.2,50,1,1,1,9,0,0,0,0
617785,2019,5,25,"2019-05-25","18:27:00",3,"PA",42,0,1,0,0,0,0,40.4494,-79.273,40.4518,-79.2598,5.13,35,1,1,1,63,0,0,0,0
617786,2019,5,25,"2019-05-25","18:32:00",3,"PA",42,0,0,0,0,0,0,40.6131,-79.0317,40.6117,-79.0272,0.07,20,1,1,1,63,0,0,0,0
617787,2019,5,25,"2019-05-25","18:40:00",3,"TX",48,0,-9,0,0,0,0,34.6986,-100.6289,34.6986,-100.6289,0.01,30,1,1,1,191,0,0,0,0
617788,2019,5,25,"2019-05-25","21:28:00",3,"OK",40,0,3,29,2,4e+05,0,35.5,-97.955,35.51,-97.919,2.2,75,1,1,1,17,0,0,0,0
617789,2019,5,25,"2019-05-25","21:46:00",3,"OK",40,0,0,0,0,20000,0,35.481,-97.599,35.482,-97.583,0.9,50,1,1,1,109,0,0,0,0
617790,2019,5,25,"2019-05-25","21:49:00",3,"OK",40,0,0,0,0,20000,0,35.49,-97.539,35.494,-97.53,0.7,50,1,1,1,109,0,0,0,0
617791,2019,5,25,"2019-05-25","21:53:00",3,"OK",40,0,0,0,0,10000,0,35.516,-97.492,35.516,-97.492,0.5,30,1,1,1,109,0,0,0,0
617792,2019,5,25,"2019-05-25","21:56:00",3,"OK",40,0,0,0,0,10000,0,35.249,-97.552,35.246,-97.542,0.7,30,1,1,1,27,0,0,0,0
617793,2019,5,25,"2019-05-25","21:57:00",3,"OK",40,0,0,0,0,2000,0,35.5364,-97.4595,35.5364,-97.4595,0.2,30,1,1,1,109,0,0,0,0
617794,2019,5,25,"2019-05-25","22:14:00",3,"IL",17,0,1,0,0,0,0,40.4188,-89.7073,40.4251,-89.687,1.15,200,1,1,1,179,0,0,0,0
617795,2019,5,25,"2019-05-25","22:19:00",3,"IL",17,0,1,0,0,0,0,40.4198,-89.6378,40.424,-89.6253,0.72,150,1,1,1,179,0,0,0,0
617796,2019,5,25,"2019-05-25","23:04:00",3,"OK",40,0,1,0,0,40000,0,35.9011,-96.4495,35.9018,-96.4036,2.6,200,1,1,1,37,0,0,0,0
617797,2019,5,25,"2019-05-25","23:14:00",3,"OK",40,0,1,0,0,250000,0,35.9079,-96.3092,35.9477,-96.126,10.7,1000,1,1,1,37,0,0,0,0
617798,2019,5,25,"2019-05-25","23:21:00",3,"OK",40,0,1,0,0,760000,0,35.9876,-96.2139,36.0471,-96.006,12.5,1400,1,1,1,37,143,0,0,0
617799,2019,5,25,"2019-05-25","23:27:00",3,"OK",40,0,1,0,0,1050000,0,35.9911,-96.132,36.0106,-95.9137,12.3,2200,1,1,1,37,143,0,0,0
617800,2019,5,25,"2019-05-25","23:51:00",3,"OK",40,0,0,0,0,175000,0,36.0693,-95.778,36.072,-95.7459,1.8,400,1,1,1,143,145,0,0,0
617801,2019,5,26,"2019-05-26","00:15:00",3,"OK",40,0,0,0,0,0,0,35.5285,-95.5923,35.5285,-95.5923,0.2,75,1,1,1,91,0,0,0,0
617802,2019,5,26,"2019-05-26","00:23:00",3,"IL",17,0,1,0,0,0,0,40.0948,-88.2679,40.0931,-88.251,0.9,250,1,1,1,19,0,0,0,0
617803,2019,5,26,"2019-05-26","00:27:00",3,"IL",17,0,1,0,0,0,0,40.0866,-88.2083,40.0859,-88.1922,0.85,250,1,1,1,19,0,0,0,0
617804,2019,5,26,"2019-05-26","00:35:00",3,"IL",17,0,1,0,0,0,0,40.0986,-88.0571,40.0967,-88.0381,1.01,250,1,1,1,19,0,0,0,0
617805,2019,5,26,"2019-05-26","00:44:00",3,"OK",40,0,0,0,0,0,0,36.2973,-95.0889,36.2975,-95.0322,3.2,300,1,1,1,97,0,0,0,0
617806,2019,5,26,"2019-05-26","01:30:00",3,"AR",5,0,0,0,0,0,0,36.1348,-94.3808,36.1383,-94.3534,1.5,100,1,1,1,143,0,0,0,0
617807,2019,5,26,"2019-05-26","13:57:00",3,"ID",16,0,0,0,0,1000,0,43.1711,-112.45,43.1971,-112.45,1.8,100,1,1,1,11,0,0,0,0
617808,2019,5,26,"2019-05-26","14:38:00",3,"CO",8,0,-9,0,0,0,0,38.12,-102.58,38.12,-102.58,0.25,20,1,1,1,99,0,0,0,0
617809,2019,5,26,"2019-05-26","14:54:00",3,"CO",8,0,-9,0,0,0,0,38.1,-102.85,38.1,-102.85,0.25,20,1,1,1,11,0,0,0,0
617810,2019,5,26,"2019-05-26","15:36:00",3,"KS",20,0,0,0,0,42000,0,39.2754,-101.0088,39.2873,-100.9994,0.96,100,1,1,1,193,0,0,0,0
617811,2019,5,26,"2019-05-26","16:10:00",3,"CO",8,0,-9,0,0,0,0,38.4,-102.75,38.4,-102.75,0.25,20,1,1,1,61,0,0,0,0
617812,2019,5,26,"2019-05-26","16:38:00",3,"CO",8,0,0,0,0,0,0,40.12,-104.53,40.12,-104.53,0.01,25,1,1,1,123,0,0,0,0
617813,2019,5,26,"2019-05-26","16:53:00",3,"CO",8,0,0,0,0,0,0,40.23,-104.45,40.23,-104.45,0.01,25,1,1,1,123,0,0,0,0
617814,2019,5,26,"2019-05-26","16:55:00",3,"NM",35,0,0,0,0,0,0,36.33,-103.59,36.47,-103.24,21.74,75,1,1,1,59,0,0,0,0
617815,2019,5,26,"2019-05-26","17:27:00",3,"CO",8,0,0,0,0,0,0,40.81,-104.11,40.81,-104.11,0.01,25,1,1,1,123,0,0,0,0
617816,2019,5,26,"2019-05-26","17:37:00",3,"CO",8,0,0,0,0,0,0,39.77,-104.56,39.77,-104.56,0.01,25,1,1,1,1,0,0,0,0
617817,2019,5,26,"2019-05-26","17:50:00",3,"NM",35,0,0,0,0,0,0,36.5012,-103.2136,36.5231,-103.1752,2.62,50,1,1,1,59,0,0,0,0
617818,2019,5,26,"2019-05-26","17:58:00",3,"CO",8,0,0,0,0,0,0,39.07,-103.43,39.07,-103.43,0.02,50,1,1,1,73,0,0,0,0
617819,2019,5,26,"2019-05-26","18:04:00",3,"NM",35,0,0,0,0,0,0,33.64,-103.71,33.6472,-103.6694,2.39,50,1,1,1,5,0,0,0,0
617820,2019,5,26,"2019-05-26","18:21:00",3,"NE",31,0,1,0,0,125000,0,40.2632,-98.9848,40.2755,-98.9525,1.9,500,1,1,1,61,0,0,0,0
617821,2019,5,26,"2019-05-26","18:25:00",3,"TX",48,0,0,0,0,0,0,35.6047,-103.0116,35.6066,-103.006,0.34,50,1,1,1,359,0,0,0,0
617822,2019,5,26,"2019-05-26","18:25:00",3,"NM",35,0,0,0,0,0,0,33.74,-103.43,33.7438,-103.417,0.79,50,1,1,1,41,0,0,0,0
617823,2019,5,26,"2019-05-26","19:02:00",3,"TX",48,0,0,0,0,0,0,35.8998,-102.5413,35.9136,-102.5099,2,50,1,1,1,205,0,0,0,0
617824,2019,5,26,"2019-05-26","19:14:00",3,"TX",48,0,0,0,0,0,0,35.84,-102.243,35.8827,-102.1666,5.2,75,1,1,1,205,0,0,0,0
617825,2019,5,26,"2019-05-26","19:20:00",3,"NM",35,0,2,0,0,2e+06,0,33.888,-103.3004,33.9962,-103.1982,9.5,200,1,1,1,41,0,0,0,0
617826,2019,5,26,"2019-05-26","19:57:00",3,"NM",35,0,0,0,0,0,0,33.9975,-103.0777,34.0075,-103.0437,2.07,50,1,1,1,41,0,0,0,0
617827,2019,5,26,"2019-05-26","20:11:00",3,"TX",48,0,0,0,0,50000,0,34.269,-102.948,34.3344,-102.9453,4.96,50,1,1,1,17,369,0,0,0
617828,2019,5,26,"2019-05-26","20:22:00",3,"KS",20,0,0,0,0,0,0,39.6831,-97.0846,39.6847,-97.0854,0.12,50,1,1,1,201,0,0,0,0
617829,2019,5,26,"2019-05-26","20:56:00",3,"TX",48,0,2,0,0,150000,0,34.2304,-102.5229,34.3021,-102.4123,8.03,100,1,1,1,279,0,0,0,0
617830,2019,5,26,"2019-05-26","21:26:00",3,"TX",48,0,0,0,0,1e+05,0,34.3861,-102.311,34.4759,-102.114,12.83,100,1,1,1,69,0,0,0,0
617831,2019,5,26,"2019-05-26","21:49:00",3,"KS",20,0,1,0,0,60000,0,37.8213,-100.3394,37.8296,-100.3308,0.74,25,1,1,1,69,0,0,0,0
617832,2019,5,26,"2019-05-26","21:51:00",3,"KS",20,0,1,0,0,0,0,37.7905,-100.1806,37.817,-100.1751,1.86,25,1,1,1,57,0,0,0,0
617833,2019,5,26,"2019-05-26","21:52:00",3,"KS",20,0,1,0,0,0,0,37.7626,-100.1106,37.7859,-100.0946,1.83,25,1,1,1,57,0,0,0,0
617834,2019,5,26,"2019-05-26","22:07:00",3,"KS",20,0,1,0,0,0,0,37.7297,-99.7239,37.7663,-99.6914,3.09,50,1,1,1,57,0,0,0,0
617835,2019,5,26,"2019-05-26","22:14:00",3,"KS",20,0,0,0,0,0,0,38.1184,-99.9017,38.143,-99.8982,1.71,25,1,1,1,83,0,0,0,0
617836,2019,5,26,"2019-05-26","22:28:00",3,"KS",20,0,1,0,0,60000,0,38.1601,-99.6583,38.1774,-99.6503,1.27,25,1,1,1,83,0,0,0,0
617837,2019,5,26,"2019-05-26","23:00:00",3,"KS",20,0,1,0,0,0,0,37.7483,-98.9294,37.8282,-98.8068,8.88,100,1,1,1,151,185,0,0,0
617838,2019,5,26,"2019-05-26","23:25:00",3,"TX",48,0,0,0,0,0,0,35.3642,-102.4362,35.3683,-102.4098,1.51,50,1,1,1,359,0,0,0,0
617839,2019,5,27,"2019-05-27","00:10:00",3,"TX",48,0,0,0,0,0,0,35.4774,-101.985,35.4823,-101.9576,1.58,50,1,1,1,375,0,0,0,0
617840,2019,5,27,"2019-05-27","00:13:00",3,"KS",20,0,0,0,0,25000,0,39.351,-98.4619,39.3511,-98.4618,0.01,25,1,1,1,123,0,0,0,0
617841,2019,5,27,"2019-05-27","11:07:00",3,"MN",27,0,0,0,0,0,0,43.5837,-93.2778,43.5924,-93.279,0.6,50,1,1,1,47,0,0,0,0
617842,2019,5,27,"2019-05-27","11:23:00",3,"IA",19,0,1,0,0,625000,0,43.0486,-92.7366,43.1729,-92.6419,9.83,105,1,1,1,67,0,0,0,0
617843,2019,5,27,"2019-05-27","12:10:00",3,"IA",19,0,0,0,0,35000,0,43.1695,-92.5311,43.2213,-92.4923,4.07,25,1,1,1,37,89,0,0,0
617844,2019,5,27,"2019-05-27","12:23:00",3,"MN",27,0,0,0,0,15000,0,43.5482,-92.3902,43.5508,-92.3897,0.18,25,1,1,1,45,0,0,0,0
617845,2019,5,27,"2019-05-27","12:25:00",3,"IA",19,0,3,0,0,0,0,40.667,-91.9983,40.6755,-91.8601,7.27,100,1,1,1,177,0,0,0,0
617846,2019,5,27,"2019-05-27","12:25:00",3,"IA",19,0,1,0,0,1300000,0,43.2975,-92.4343,43.4449,-92.2859,12.62,95,1,1,1,89,0,0,0,0
617847,2019,5,27,"2019-05-27","12:29:00",3,"MN",27,0,0,0,0,5000,0,43.6029,-92.3531,43.6059,-92.3528,0.21,15,1,1,1,45,0,0,0,0
617848,2019,5,27,"2019-05-27","12:36:00",3,"IA",19,0,1,0,0,0,0,40.7793,-91.61,40.7802,-91.5999,0.53,20,1,1,1,111,0,0,0,0
617849,2019,5,27,"2019-05-27","12:40:00",3,"MN",27,0,0,0,0,20000,0,43.6835,-92.3285,43.6862,-92.3282,0.19,25,1,1,1,45,0,0,0,0
617850,2019,5,27,"2019-05-27","12:47:00",3,"IL",17,0,0,0,0,0,0,41.5732,-88.4136,41.573,-88.3948,0.97,30,1,1,1,93,0,0,0,0
617851,2019,5,27,"2019-05-27","12:49:00",3,"IA",19,0,0,0,0,202000,0,43.4985,-92.2599,43.5808,-92.2115,6.19,30,2,0,1,0,0,0,0,0
617851,2019,5,27,"2019-05-27","12:49:00",3,"IA",19,0,0,0,0,2000,0,43.4985,-92.2599,43.5005,-92.2577,0.18,30,2,1,2,89,0,0,0,0
617851,2019,5,27,"2019-05-27","12:50:00",3,"MN",27,0,0,0,0,2e+05,0,43.5005,-92.2577,43.5808,-92.2115,6.01,30,2,1,2,45,0,0,0,0
617852,2019,5,27,"2019-05-27","13:03:00",3,"IA",19,0,0,0,0,0,0,40.757,-91.1954,40.7574,-91.1928,0.14,20,1,1,1,57,0,0,0,0
617853,2019,5,27,"2019-05-27","13:04:00",3,"IL",17,0,0,0,0,0,0,41.6174,-88.1374,41.6123,-88.0752,3.23,300,1,1,1,197,0,0,0,0
617854,2019,5,27,"2019-05-27","14:15:00",3,"IL",17,0,0,0,0,0,0,40.9093,-90.1087,40.9102,-90.1077,0.08,10,1,1,1,95,0,0,0,0
617855,2019,5,27,"2019-05-27","15:02:00",3,"CO",8,0,0,0,0,0,0,40.32,-103.77,40.32,-103.77,0.01,25,1,1,1,87,0,0,0,0
617856,2019,5,27,"2019-05-27","15:22:00",3,"CO",8,0,0,0,0,0,0,40.54,-103.44,40.54,-103.44,0.01,25,1,1,1,75,0,0,0,0
617857,2019,5,27,"2019-05-27","15:27:00",3,"IL",17,0,0,0,0,0,0,41.6579,-89.0466,41.6579,-89.0332,0.69,30,1,1,1,103,0,0,0,0
617858,2019,5,27,"2019-05-27","15:27:00",3,"IL",17,0,0,0,0,0,0,41.4825,-87.5464,41.4903,-87.5339,0.84,50,1,1,1,31,0,0,0,0
617859,2019,5,27,"2019-05-27","15:30:00",3,"IN",18,0,0,0,0,0,0,41.4824,-87.5256,41.4822,-87.5053,1.05,100,1,1,1,89,0,0,0,0
617860,2019,5,27,"2019-05-27","15:38:00",3,"IL",17,0,0,0,0,0,0,40.8873,-89.1621,40.8885,-89.1602,0.13,10,1,1,1,203,0,0,0,0
617861,2019,5,27,"2019-05-27","15:40:00",3,"ID",16,0,0,0,0,0,0,43.12,-115.41,43.1128,-115.4067,0.52,10,1,1,1,39,0,0,0,0
617862,2019,5,27,"2019-05-27","16:35:00",3,"CO",8,0,0,0,0,0,0,40.79,-102.8,40.79,-102.8,0.01,25,1,1,1,75,0,0,0,0
617863,2019,5,27,"2019-05-27","16:44:00",3,"CO",8,0,0,0,0,0,0,40.79,-102.55,40.79,-102.55,0.02,50,1,1,1,115,0,0,0,0
617864,2019,5,27,"2019-05-27","16:53:00",3,"CO",8,0,0,0,0,0,0,39.99,-104.72,39.99,-104.72,0.01,25,1,1,1,1,0,0,0,0
617865,2019,5,27,"2019-05-27","17:04:00",3,"CO",8,0,0,0,0,0,0,40.09,-104.64,40.09,-104.64,0.01,25,1,1,1,123,0,0,0,0
617866,2019,5,27,"2019-05-27","17:25:00",3,"CO",8,0,-9,0,0,0,0,40.36,-102.63,40.36,-102.63,0.01,10,1,1,1,125,0,0,0,0
617867,2019,5,27,"2019-05-27","17:34:00",3,"IN",18,0,1,0,0,0,0,40.685,-86.042,40.686,-86.031,0.58,50,1,1,1,103,0,0,0,0
617868,2019,5,27,"2019-05-27","17:51:00",3,"CO",8,0,0,0,0,0,0,40.45,-102.44,40.45,-102.44,0.01,25,1,1,1,95,0,0,0,0
617869,2019,5,27,"2019-05-27","17:51:00",3,"IN",18,0,3,0,0,0,0,40.981,-86.1276,41.02,-85.87,13.72,800,1,1,1,103,49,0,0,0
617870,2019,5,27,"2019-05-27","18:05:00",3,"IN",18,0,2,1,0,150000,0,39.9985,-85.7549,40.0571,-85.6741,5.89,100,1,1,1,95,0,0,0,0
617871,2019,5,27,"2019-05-27","18:10:00",3,"IN",18,0,2,0,0,0,0,40.637,-85.846,40.624,-85.77,4.09,150,1,1,1,53,0,0,0,0
617872,2019,5,27,"2019-05-27","18:26:00",3,"IN",18,0,1,0,0,0,0,41.025,-85.792,41.029,-85.756,1.9,50,1,1,1,169,0,0,0,0
617873,2019,5,27,"2019-05-27","18:29:00",3,"IN",18,0,1,0,0,20000,0,40.033,-85.531,40.0339,-85.5281,0.17,50,1,1,1,65,0,0,0,0
617874,2019,5,27,"2019-05-27","18:31:00",3,"CO",8,0,0,0,0,0,0,40.52,-102.06,40.52,-102.06,0.01,25,1,1,1,95,0,0,0,0
617875,2019,5,27,"2019-05-27","18:39:00",3,"IN",18,0,1,0,0,40000,0,40.0523,-85.4825,40.0548,-85.4362,2.45,200,1,1,1,65,0,0,0,0
617876,2019,5,27,"2019-05-27","18:43:00",3,"NE",31,0,0,0,0,0,0,40.54,-101.94,40.54,-101.94,0.2,25,1,1,1,29,0,0,0,0
617877,2019,5,27,"2019-05-27","18:59:00",3,"IN",18,0,3,2,0,0,0,40.577,-85.392,40.571,-85.149,12.76,1200,1,1,1,179,0,0,0,0
617878,2019,5,27,"2019-05-27","19:23:00",3,"NE",31,0,1,0,0,2e+05,0,40.59,-101.73,40.6651,-101.6946,5.51,250,1,1,1,29,0,0,0,0
617879,2019,5,27,"2019-05-27","19:37:00",3,"NE",31,0,0,0,0,15000,0,40.6358,-101.63,40.6358,-101.63,0.1,50,1,1,1,29,0,0,0,0
617880,2019,5,27,"2019-05-27","19:48:00",3,"OH",39,0,1,0,0,1e+05,0,39.9705,-84.8105,39.9721,-84.7838,1.42,100,1,1,1,37,0,0,0,0
617881,2019,5,27,"2019-05-27","20:02:00",3,"OH",39,0,3,8,1,1.5e+07,0,40.5515,-84.6911,40.5921,-84.4917,10.84,250,1,1,1,107,0,0,0,0
617882,2019,5,27,"2019-05-27","20:04:00",3,"OH",39,0,1,0,0,5e+05,0,39.9675,-84.7152,39.9688,-84.7069,0.45,200,1,1,1,37,0,0,0,0
617883,2019,5,27,"2019-05-27","20:05:00",3,"NE",31,0,0,0,0,15000,0,40.6671,-101.5398,40.6698,-101.5383,0.2,25,1,1,1,29,0,0,0,0
617884,2019,5,27,"2019-05-27","20:25:00",3,"OH",39,0,3,1,0,10050000,0,39.9759,-84.4679,39.9725,-84.27,10.49,1320,1,1,1,37,109,0,0,0
617885,2019,5,27,"2019-05-27","20:33:00",3,"OH",39,0,1,0,0,5e+05,0,40.5597,-84.2593,40.5659,-84.2358,1.31,150,1,1,1,11,0,0,0,0
617886,2019,5,27,"2019-05-27","20:41:00",3,"OH",39,0,4,166,0,5e+08,0,39.8243,-84.4632,39.758,-84.1121,18.17,1050,1,1,1,113,0,0,0,0
617887,2019,5,27,"2019-05-27","20:47:00",3,"OH",39,0,0,0,0,50000,0,40.567,-84.1095,40.5901,-84.0407,3.95,150,1,1,1,11,0,0,0,0
617888,2019,5,27,"2019-05-27","20:47:00",3,"OH",39,0,0,0,0,50000,0,39.9947,-84.2407,40.0164,-84.1389,5.59,200,1,1,1,109,0,0,0,0
617889,2019,5,27,"2019-05-27","21:01:00",3,"OH",39,0,0,0,0,10000,0,40.6051,-83.9754,40.6042,-83.9715,0.22,30,1,1,1,11,0,0,0,0
617890,2019,5,27,"2019-05-27","21:08:00",3,"OH",39,0,0,0,0,10000,0,40.0066,-84.0594,40.0097,-84.0395,1.07,50,1,1,1,109,0,0,0,0
617891,2019,5,27,"2019-05-27","21:12:00",3,"OH",39,0,3,0,0,50500000,0,39.769,-84.1092,39.7505,-83.9243,9.92,1230,1,1,1,113,57,0,0,0
617892,2019,5,27,"2019-05-27","21:19:00",3,"OH",39,0,0,0,0,70000,0,39.9266,-84.4112,39.8982,-84.3673,3.05,50,1,1,1,109,113,0,0,0
617893,2019,5,27,"2019-05-27","21:28:00",3,"OH",39,0,0,0,0,25000,0,40.5603,-83.7127,40.5556,-83.6745,2.03,50,1,1,1,65,0,0,0,0
617894,2019,5,27,"2019-05-27","21:34:00",3,"OH",39,0,2,0,0,1e+06,0,39.8618,-84.2506,39.8074,-84.1268,7.57,440,1,1,1,113,0,0,0,0
617895,2019,5,27,"2019-05-27","21:45:00",3,"NE",31,0,0,0,0,75000,0,40.027,-98.0696,40.027,-98.0694,0.01,75,1,1,1,129,0,0,0,0
617896,2019,5,27,"2019-05-27","21:48:00",3,"OH",39,0,1,0,0,53000,0,39.7068,-83.7342,39.6856,-83.6431,5.77,250,1,1,1,57,47,0,0,0
617897,2019,5,27,"2019-05-27","22:23:00",3,"OH",39,0,0,0,0,2e+05,0,39.6883,-83.7269,39.6806,-83.649,4.18,250,1,1,1,57,0,0,0,0
617898,2019,5,27,"2019-05-27","22:57:00",3,"OH",39,0,1,0,0,1e+06,0,39.5491,-82.935,39.5341,-82.8669,3.77,150,1,1,1,129,0,0,0,0
617899,2019,5,27,"2019-05-27","23:09:00",3,"OH",39,0,1,0,0,1500000,0,39.5157,-82.7965,39.5081,-82.7675,1.64,75,1,1,1,129,0,0,0,0
617900,2019,5,27,"2019-05-27","23:17:00",3,"OH",39,0,2,0,0,1500000,0,39.5128,-82.7271,39.5229,-82.6237,5.31,400,1,1,1,73,0,0,0,0
617901,2019,5,27,"2019-05-27","23:35:00",3,"OH",39,0,1,0,0,120000,0,39.8137,-82.1023,39.8027,-82.0681,1.98,750,1,1,1,127,119,0,0,0
617902,2019,5,28,"2019-05-28","00:30:00",3,"OH",39,0,0,0,0,10000,0,39.3349,-82.4358,39.3336,-82.4342,0.12,100,1,1,1,163,0,0,0,0
617903,2019,5,28,"2019-05-28","13:45:00",3,"PA",42,0,0,0,0,0,0,40.6131,-79.0317,40.6117,-79.0272,0.26,30,1,1,1,63,0,0,0,0
617904,2019,5,28,"2019-05-28","14:50:00",3,"PA",42,0,1,0,0,20000,0,41.8669,-76.4306,41.8414,-76.3787,3.2,200,1,1,1,15,0,0,0,0
617905,2019,5,28,"2019-05-28","15:06:00",3,"IL",17,0,0,0,0,0,0,40.234,-87.7104,40.2326,-87.7079,0.16,10,1,1,1,183,0,0,0,0
617906,2019,5,28,"2019-05-28","15:15:00",3,"KS",20,0,0,0,0,0,0,37.7582,-99.3135,37.7601,-99.3126,0.14,25,1,1,1,51,0,0,0,0
617907,2019,5,28,"2019-05-28","15:52:00",3,"PA",42,0,2,0,0,25000,0,40.1589,-75.91,40.1468,-75.8658,3.08,400,1,1,1,71,11,0,0,0
617908,2019,5,28,"2019-05-28","16:10:00",3,"KS",20,0,-9,0,0,0,0,38.5432,-95.82,38.5475,-95.8127,0.5,25,1,1,1,139,0,0,0,0
617909,2019,5,28,"2019-05-28","16:10:00",3,"PA",42,0,0,1,0,20000,0,41.4849,-75.8712,41.4744,-75.844,1.58,75,1,1,1,131,0,0,0,0
617910,2019,5,28,"2019-05-28","16:18:00",3,"PA",42,0,1,0,0,25000,0,41.4606,-75.7898,41.4537,-75.7776,0.79,125,1,1,1,69,0,0,0,0
617911,2019,5,28,"2019-05-28","16:20:00",3,"KS",20,0,2,0,0,150000,0,39.1135,-98.8505,39.3021,-98.4677,24.41,880,1,1,1,167,141,123,0,0
617912,2019,5,28,"2019-05-28","16:49:00",3,"KS",20,0,2,12,0,0,0,38.7541,-95.5186,38.8404,-95.354,10.69,200,1,1,1,139,45,0,0,0
617913,2019,5,28,"2019-05-28","16:55:00",3,"OR",41,0,0,0,0,0,0,42.5,-121.64,42.5,-121.64,0.01,10,1,1,1,35,0,0,0,0
617914,2019,5,28,"2019-05-28","17:05:00",3,"KS",20,0,4,4,0,2.6e+07,0,38.8381,-95.3665,39.0807,-94.927,29.07,1760,1,1,1,45,103,0,0,0
617915,2019,5,28,"2019-05-28","17:40:00",3,"KS",20,0,-9,0,0,0,0,38.9393,-99.4251,38.9559,-99.4116,1.32,50,1,1,1,51,0,0,0,0
617916,2019,5,28,"2019-05-28","18:30:00",3,"NJ",34,0,1,0,0,0,0,40.92,-74.7,40.91,-74.68,1.25,350,1,1,1,37,0,0,0,0
617917,2019,5,28,"2019-05-28","18:58:00",3,"MO",29,0,2,0,0,0,0,39.3416,-94.3335,39.3814,-94.2369,5.85,400,1,1,1,47,0,0,0,0
617918,2019,5,29,"2019-05-29","07:44:00",3,"MO",29,0,1,0,0,50000,0,36.9167,-89.5213,36.9205,-89.5044,0.97,75,1,1,1,201,0,0,0,0
617919,2019,5,29,"2019-05-29","12:07:00",3,"PA",42,0,0,0,0,25000,0,41.7701,-77.1852,41.7704,-77.1649,1.05,50,1,1,1,117,0,0,0,0
617920,2019,5,29,"2019-05-29","12:19:00",3,"TX",48,0,0,0,0,5000,0,32.8667,-97.4199,32.8864,-97.3584,3.87,200,1,1,1,439,0,0,0,0
617921,2019,5,29,"2019-05-29","12:22:00",3,"TX",48,0,0,0,0,1000,0,33.2571,-97.2409,33.2864,-97.1892,3.72,250,1,1,1,121,0,0,0,0
617922,2019,5,29,"2019-05-29","12:31:00",3,"TX",48,0,1,0,0,1e+05,0,32.9115,-97.3065,32.9129,-97.2989,0.45,300,1,1,1,439,0,0,0,0
617923,2019,5,29,"2019-05-29","13:14:00",3,"PA",42,0,0,0,0,0,0,40.4468,-75.4877,40.4424,-75.4458,2.3,50,1,1,1,77,0,0,0,0
617924,2019,5,29,"2019-05-29","13:20:00",3,"PA",42,0,0,0,0,0,0,41.5345,-76.3695,41.5366,-76.3619,0.42,50,1,1,1,113,0,0,0,0
617925,2019,5,29,"2019-05-29","13:58:00",3,"TX",48,0,0,0,0,1000,0,32.9247,-96.44,32.9681,-96.4285,3.06,25,1,1,1,397,0,0,0,0
617926,2019,5,29,"2019-05-29","14:07:00",3,"TX",48,0,0,0,0,5000,0,32.4897,-95.8883,32.52,-95.8532,2.96,100,1,1,1,467,0,0,0,0
617927,2019,5,29,"2019-05-29","14:14:00",3,"PA",42,0,1,0,0,40000,0,40.4411,-77.1084,40.4433,-77.0147,4.93,300,1,1,1,99,0,0,0,0
617928,2019,5,29,"2019-05-29","14:17:00",3,"TX",48,0,-9,0,0,0,0,32.589,-95.83,32.5914,-95.8271,0.24,50,1,1,1,467,0,0,0,0
617929,2019,5,29,"2019-05-29","14:24:00",3,"PA",42,0,1,0,0,35000,0,40.0928,-78.1437,40.0909,-78.1303,0.72,50,1,1,1,57,0,0,0,0
617930,2019,5,29,"2019-05-29","14:24:00",3,"PA",42,0,1,0,0,20000,0,40.44,-76.9349,40.4343,-76.8889,2.45,350,1,1,1,43,0,0,0,0
617931,2019,5,29,"2019-05-29","14:36:00",3,"TX",48,0,0,0,0,1000,0,32.8777,-95.6344,32.9005,-95.5833,3.36,100,1,1,1,499,0,0,0,0
617932,2019,5,29,"2019-05-29","15:00:00",3,"IA",19,0,-9,0,0,0,0,42.4062,-95.3184,42.424,-95.3157,1.23,30,1,1,1,161,0,0,0,0
617933,2019,5,29,"2019-05-29","15:11:00",3,"IA",19,0,-9,0,0,0,0,42.4332,-95.1593,42.4426,-95.1589,0.65,20,1,1,1,161,0,0,0,0
617934,2019,5,29,"2019-05-29","15:21:00",3,"OK",40,0,0,0,0,0,0,33.9471,-95.0533,33.954,-95.0368,1.06,75,1,1,1,89,0,0,0,0
617935,2019,5,29,"2019-05-29","15:24:00",3,"TX",48,0,2,1,0,1e+06,0,32.3683,-96.2125,32.3917,-96.1505,4.01,215,1,1,1,257,0,0,0,0
617936,2019,5,29,"2019-05-29","15:28:00",3,"IL",17,0,0,0,0,0,0,39.6928,-89.2137,39.6935,-89.2094,0.23,20,1,1,1,21,0,0,0,0
617937,2019,5,29,"2019-05-29","15:30:00",3,"IL",17,0,0,0,0,0,0,39.7369,-89.3935,39.7372,-89.3907,0.23,20,1,1,1,21,0,0,0,0
617938,2019,5,29,"2019-05-29","15:35:00",3,"IL",17,0,0,0,0,0,0,39.6887,-89.1509,39.6893,-89.1455,0.29,20,1,1,1,21,0,0,0,0
617939,2019,5,29,"2019-05-29","15:49:00",3,"IA",19,0,-9,0,0,0,0,42.7609,-94.6667,42.7613,-94.671,0.22,40,1,1,1,151,0,0,0,0
617940,2019,5,29,"2019-05-29","15:50:00",3,"IL",17,0,0,0,0,0,0,39.7001,-89.0824,39.7007,-89.0738,0.46,20,1,1,1,115,0,0,0,0
617941,2019,5,29,"2019-05-29","15:50:00",3,"TX",48,0,2,0,0,3e+05,0,32.9229,-95.2473,33.022,-95.1532,9.07,850,1,1,1,499,159,0,0,0
617942,2019,5,29,"2019-05-29","15:51:00",3,"TX",48,0,2,0,0,5e+05,0,32.4831,-96.0012,32.5475,-95.9059,7.24,700,1,1,1,467,0,0,0,0
617943,2019,5,29,"2019-05-29","16:08:00",3,"TX",48,0,1,0,0,250000,0,32.5447,-95.8844,32.5627,-95.8508,2.33,140,1,1,1,467,0,0,0,0
617944,2019,5,29,"2019-05-29","16:16:00",3,"AR",5,0,0,0,0,40000,0,36.2724,-91.2288,36.2753,-91.2183,0.62,75,1,1,1,121,0,0,0,0
617945,2019,5,29,"2019-05-29","16:18:00",3,"TX",48,0,1,0,0,1000,0,32.5804,-95.8161,32.623,-95.7792,3.81,250,1,1,1,467,0,0,0,0
617946,2019,5,29,"2019-05-29","16:31:00",3,"TX",48,0,0,0,0,25000,0,33.4171,-96.2788,33.4698,-96.102,10.84,300,1,1,1,147,0,0,0,0
617947,2019,5,29,"2019-05-29","17:21:00",3,"IA",19,0,-9,0,0,0,0,42.7903,-94.3984,42.798,-94.3968,0.54,30,1,1,1,91,0,0,0,0
617948,2019,5,29,"2019-05-29","17:23:00",3,"IA",19,0,0,0,0,0,0,41.7147,-92.2711,41.7152,-92.27,0.07,20,1,1,1,95,0,0,0,0
617949,2019,5,29,"2019-05-29","18:01:00",3,"IA",19,0,1,1,0,10000,0,41.5295,-92.4557,41.562,-92.4033,3.52,50,1,1,1,157,0,0,0,0
617950,2019,5,29,"2019-05-29","18:28:00",3,"IA",19,0,-9,0,0,0,0,41.5904,-92.3593,41.5997,-92.3472,0.9,30,1,1,1,157,0,0,0,0
617951,2019,5,29,"2019-05-29","18:37:00",3,"IA",19,0,0,0,0,0,0,42.2283,-93.3402,42.2443,-93.3382,1.11,30,1,1,1,83,0,0,0,0
617952,2019,5,29,"2019-05-29","18:39:00",3,"IA",19,0,-9,0,0,0,0,41.623,-92.3183,41.6335,-92.3064,0.95,30,1,1,1,157,0,0,0,0
617953,2019,5,29,"2019-05-29","18:46:00",3,"IA",19,0,0,0,0,0,0,41.6435,-92.2633,41.6848,-92.2296,3.34,20,1,1,1,95,0,0,0,0
617954,2019,5,29,"2019-05-29","19:13:00",3,"IA",19,0,0,0,0,0,0,41.5137,-91.7923,41.5171,-91.7887,0.3,20,1,1,1,103,0,0,0,0
617955,2019,5,29,"2019-05-29","19:15:00",3,"IA",19,0,0,0,0,0,0,42.2815,-93.1329,42.2992,-93.1344,1.23,30,1,1,1,83,0,0,0,0
617956,2019,5,29,"2019-05-29","19:29:00",3,"IA",19,0,0,0,0,30000,0,42.3351,-93.1413,42.3434,-93.1426,0.57,40,1,1,1,83,0,0,0,0
617957,2019,5,29,"2019-05-29","19:31:00",3,"IA",19,0,0,0,0,10000,0,42.4493,-93.252,42.4682,-93.2471,1.33,50,1,1,1,83,0,0,0,0
617958,2019,5,29,"2019-05-29","19:54:00",3,"IA",19,0,-9,0,0,0,0,42.4108,-93.0399,42.4203,-93.0384,0.66,20,1,1,1,83,0,0,0,0
617959,2019,5,30,"2019-05-30","12:48:00",3,"MD",24,0,0,0,0,22000,0,39.383,-77.382,39.357,-77.265,6.5,75,1,1,1,21,0,0,0,0
617960,2019,5,30,"2019-05-30","13:20:00",3,"MD",24,0,1,0,0,0,0,39.258,-77.027,39.248,-76.944,4.49,100,1,1,1,27,0,0,0,0
617961,2019,5,30,"2019-05-30","13:42:00",3,"NM",35,0,0,0,0,0,0,35.6,-107.9,35.6051,-107.8959,0.42,30,1,1,1,31,0,0,0,0
617962,2019,5,31,"2019-05-31","18:25:00",3,"TX",48,0,0,0,0,0,0,30.1975,-103.1215,30.2,-103.1156,0.39,30,1,1,1,43,0,0,0,0
617453,2019,5,1,"2019-05-01","05:08:00",3,"KY",21,0,1,0,0,35000,0,37.062,-88.9842,37.0659,-88.9749,0.58,85,1,1,1,7,0,0,0,0
617454,2019,5,1,"2019-05-01","12:26:00",3,"OK",40,0,-9,0,0,0,0,34.1165,-98.0268,34.1165,-98.0268,0.5,20,1,1,1,67,0,0,0,0
617455,2019,5,1,"2019-05-01","12:30:00",3,"TX",48,0,-9,0,0,0,0,33.362,-99.359,33.3651,-99.3148,2.56,75,1,1,1,447,0,0,0,0
617456,2019,5,1,"2019-05-01","13:01:00",3,"TX",48,0,-9,0,0,0,0,33.402,-99.217,33.414,-99.199,1.33,200,1,1,1,23,0,0,0,0
617457,2019,5,1,"2019-05-01","13:08:00",3,"OK",40,0,-9,0,0,0,0,34.24,-97.8475,34.24,-97.8475,0.2,30,1,1,1,67,0,0,0,0
617458,2019,5,1,"2019-05-01","15:21:00",3,"OK",40,0,0,0,0,3000,0,33.942,-97.212,33.94,-97.157,3.16,50,1,1,1,85,0,0,0,0
617459,2019,5,1,"2019-05-01","15:46:00",3,"OK",40,0,0,0,0,2000,0,34.015,-97.134,34.009,-97.123,0.75,30,1,1,1,85,0,0,0,0
617460,2019,5,1,"2019-05-01","16:17:00",3,"OK",40,0,1,0,0,50000,0,33.833,-97.395,33.911,-97.325,6.8,150,1,1,1,85,0,0,0,0
617461,2019,5,1,"2019-05-01","16:46:00",3,"TX",48,0,-9,0,0,0,0,32.96,-99.51,32.96,-99.51,0.01,30,1,1,1,207,0,0,0,0
617462,2019,5,1,"2019-05-01","19:23:00",3,"TX",48,0,-9,0,0,0,0,31.5693,-97.8892,31.5693,-97.8892,0.01,10,1,1,1,99,0,0,0,0
617463,2019,5,2,"2019-05-02","05:30:00",3,"TX",48,0,1,0,0,10000,0,31.8531,-93.9514,31.861,-93.9482,0.58,118,1,1,1,419,0,0,0,0
617464,2019,5,2,"2019-05-02","05:40:00",3,"LA",22,0,1,0,0,10000,0,31.9298,-93.9018,31.942,-93.9102,0.98,240,1,1,1,31,0,0,0,0
617465,2019,5,2,"2019-05-02","06:08:00",3,"LA",22,0,1,0,0,150000,0,32.0264,-93.7245,32.0287,-93.7218,0.22,330,1,1,1,31,0,0,0,0
617466,2019,5,2,"2019-05-02","11:37:00",3,"AR",5,0,1,0,0,1e+05,30000,34.6507,-92.4062,34.6713,-92.3976,1.5,200,1,1,1,119,0,0,0,0
617467,2019,5,2,"2019-05-02","12:14:00",3,"AR",5,0,0,0,0,1e+05,20000,34.8526,-92.2392,34.9241,-92.2198,5.06,500,1,1,1,119,0,0,0,0
617468,2019,5,2,"2019-05-02","12:26:00",3,"AR",5,0,0,0,0,0,7000,34.925,-92.2417,34.9737,-92.2209,3.7,80,1,1,1,119,45,119,0,0
617469,2019,5,2,"2019-05-02","12:33:00",3,"AR",5,0,0,0,0,30000,10000,34.9663,-92.1152,34.981,-92.1156,1.02,50,1,1,1,119,0,0,0,0
617470,2019,5,2,"2019-05-02","12:35:00",3,"AR",5,0,0,0,0,1000,5000,34.9832,-92.2403,34.9755,-92.2473,0.66,50,1,1,1,45,0,0,0,0
617471,2019,5,2,"2019-05-02","13:20:00",3,"AR",5,0,0,0,0,0,0,34.9566,-91.568,35.019,-91.5457,4.49,100,1,1,1,117,0,0,0,0
617472,2019,5,2,"2019-05-02","13:40:00",3,"AR",5,0,0,0,0,0,0,35.8012,-91.0806,35.8034,-91.0798,0.16,50,1,1,1,67,0,0,0,0
617473,2019,5,2,"2019-05-02","15:29:00",3,"AR",5,0,0,0,0,30000,0,36.2527,-90.4634,36.255,-90.4609,0.21,50,1,1,1,55,0,0,0,0
617474,2019,5,2,"2019-05-02","17:02:00",3,"AR",5,0,0,0,0,1000,0,35.9744,-89.9835,35.976,-89.9807,0.19,50,1,1,1,93,0,0,0,0
617475,2019,5,2,"2019-05-02","17:11:00",3,"MO",29,0,0,0,0,5000,0,36.1334,-89.6301,36.1667,-89.6029,2.76,150,1,1,1,155,0,0,0,0
617476,2019,5,2,"2019-05-02","17:20:00",3,"TN",47,0,0,0,0,5000,0,36.2421,-89.4278,36.2448,-89.4261,0.21,100,1,1,1,131,0,0,0,0
617477,2019,5,2,"2019-05-02","17:43:00",3,"TN",47,0,0,0,0,5000,0,36.3434,-89.3302,36.3447,-89.3282,0.14,100,1,1,1,131,0,0,0,0
617478,2019,5,2,"2019-05-02","20:20:00",3,"TX",48,0,-9,0,0,0,0,29.79,-101.09,29.7849,-101.0869,0.4,10,1,1,1,465,0,0,0,0
617479,2019,5,3,"2019-05-03","06:14:00",3,"TX",48,0,0,0,0,20000,0,29.6024,-97.0871,29.6418,-97.0846,2.8,20,1,1,1,285,149,0,0,0
617480,2019,5,3,"2019-05-03","07:14:00",3,"TX",48,0,0,0,0,50000,0,29.7218,-97.0163,29.7816,-97.0072,4.17,20,1,1,1,149,0,0,0,0
617481,2019,5,3,"2019-05-03","08:04:00",3,"TX",48,0,2,0,0,4e+06,0,29.9071,-96.9573,29.9389,-96.9397,2.44,75,1,1,1,149,0,0,0,0
617482,2019,5,3,"2019-05-03","11:59:00",3,"TX",48,0,0,0,0,0,0,30.3232,-103.0242,30.3234,-103.0228,0.08,50,1,1,1,43,0,0,0,0
617483,2019,5,3,"2019-05-03","12:22:00",3,"TX",48,0,0,0,0,0,0,29.5465,-96.3659,29.5503,-96.3586,0.51,20,1,1,1,89,0,0,0,0
617484,2019,5,3,"2019-05-03","13:00:00",3,"TX",48,0,0,0,0,0,0,30.08,-95.65,30.0831,-95.6464,0.3,15,1,1,1,201,0,0,0,0
617485,2019,5,3,"2019-05-03","14:50:00",3,"FL",12,0,0,0,0,0,0,26.7476,-80.352,26.7479,-80.3516,0.03,20,1,1,1,99,0,0,0,0
617486,2019,5,3,"2019-05-03","17:34:00",3,"TX",48,0,0,0,0,0,0,31.7713,-101.5,31.7714,-101.4992,0.05,50,1,1,1,173,0,0,0,0
617487,2019,5,4,"2019-05-04","01:31:00",3,"TX",48,0,0,0,0,10000,0,29.359,-95.131,29.359,-95.131,0.1,30,1,1,1,167,0,0,0,0
617488,2019,5,4,"2019-05-04","06:28:00",3,"LA",22,0,-9,0,0,0,0,29.76,-89.79,29.76,-89.79,0.1,25,1,1,1,75,0,0,0,0
617489,2019,5,4,"2019-05-04","14:53:00",3,"GA",13,0,1,1,0,0,0,32.0197,-81.0184,32.0152,-80.9812,2.2,170,1,1,1,51,0,0,0,0
617490,2019,5,4,"2019-05-04","18:05:00",3,"TX",48,0,-9,0,0,0,0,34.18,-102.87,34.18,-102.87,0.01,30,1,1,1,17,0,0,0,0
617491,2019,5,4,"2019-05-04","18:28:00",3,"TX",48,0,-9,0,0,0,0,35.37,-102.62,35.369,-102.619,0.09,10,1,1,1,359,0,0,0,0
617492,2019,5,4,"2019-05-04","19:02:00",3,"TX",48,0,-9,0,0,0,0,33.99,-102.69,33.99,-102.69,0.01,30,1,1,1,17,0,0,0,0
617493,2019,5,5,"2019-05-05","09:27:00",3,"FL",12,0,1,0,0,0,0,29.1906,-82.2913,29.1994,-82.2796,0.93,100,1,1,1,83,0,0,0,0
617494,2019,5,5,"2019-05-05","10:40:00",3,"FL",12,0,0,0,0,50000,0,27.7937,-82.7933,27.7983,-82.7896,0.39,50,1,1,1,103,0,0,0,0
617495,2019,5,5,"2019-05-05","16:35:00",3,"NE",31,0,-9,0,0,0,0,40.8171,-96.8029,40.817,-96.8025,0.02,50,1,1,1,109,0,0,0,0
617496,2019,5,5,"2019-05-05","16:36:00",3,"KS",20,0,0,0,0,0,0,37.8817,-100.1604,37.8739,-100.1567,0.57,75,1,1,1,57,0,0,0,0
617497,2019,5,5,"2019-05-05","16:38:00",3,"NE",31,0,2,0,0,0,0,40.7842,-96.7583,40.7848,-96.7478,0.55,200,1,1,1,109,0,0,0,0
617498,2019,5,5,"2019-05-05","16:45:00",3,"TX",48,0,2,0,0,36000,0,33.267,-101.853,33.107,-101.727,17.2,2112,1,1,1,305,0,0,0,0
617499,2019,5,5,"2019-05-05","17:15:00",3,"KS",20,0,1,0,0,0,0,37.4045,-100.4331,37.3929,-100.4462,1.08,100,1,1,1,119,0,0,0,0
617500,2019,5,5,"2019-05-05","17:25:00",3,"KS",20,0,1,0,0,40000,0,38.2814,-98.5543,38.2805,-98.5438,0.57,75,1,1,1,9,0,0,0,0
617501,2019,5,5,"2019-05-05","17:30:00",3,"KS",20,0,-9,0,0,0,0,38.26,-98.47,38.2586,-98.4664,0.22,50,1,1,1,159,0,0,0,0
617502,2019,5,5,"2019-05-05","17:49:00",3,"KS",20,0,-9,0,0,0,0,37.393,-100.4332,37.387,-100.4342,0.42,75,1,1,1,119,0,0,0,0
617503,2019,5,5,"2019-05-05","18:00:00",3,"KS",20,0,0,0,0,20000,0,38.21,-98.35,38.2071,-98.3416,0.5,75,1,1,1,159,0,0,0,0
617504,2019,5,5,"2019-05-05","18:04:00",3,"KS",20,0,-9,0,0,0,0,37.3871,-100.3602,37.3767,-100.3628,0.73,75,1,1,1,119,0,0,0,0
617505,2019,5,5,"2019-05-05","18:12:00",3,"TX",48,0,1,0,0,0,0,33.02,-101.658,32.967,-101.649,5,880,1,1,1,305,0,0,0,0
617506,2019,5,5,"2019-05-05","18:13:00",3,"KS",20,0,0,0,0,0,0,38.14,-98.33,38.1398,-98.3236,0.35,200,1,1,1,155,0,0,0,0
617507,2019,5,5,"2019-05-05","18:34:00",3,"KS",20,0,1,0,0,0,0,38.1083,-98.1058,38.1096,-98.1037,0.14,300,1,1,1,155,0,0,0,0
617508,2019,5,5,"2019-05-05","18:35:00",3,"KS",20,0,1,0,0,1e+05,0,38.0951,-98.1052,38.0894,-98.1063,0.4,100,1,1,1,155,0,0,0,0
617509,2019,5,5,"2019-05-05","19:00:00",3,"KS",20,0,-9,0,0,0,0,38.0021,-97.9644,38.0015,-97.9611,0.18,50,1,1,1,155,0,0,0,0
617510,2019,5,5,"2019-05-05","19:20:00",3,"KS",20,0,-9,0,0,0,0,37.99,-97.92,37.9893,-97.9152,0.27,50,1,1,1,155,0,0,0,0
617511,2019,5,5,"2019-05-05","19:39:00",3,"KS",20,0,0,0,0,0,0,37.29,-97.42,37.2954,-97.4074,0.79,75,1,1,1,191,0,0,0,0
617512,2019,5,5,"2019-05-05","19:49:00",3,"TX",48,0,-9,0,0,0,0,35.7397,-100.7675,35.6687,-100.6943,6.4,500,1,1,1,393,0,0,0,0
617513,2019,5,5,"2019-05-05","19:59:00",3,"TX",48,0,0,0,0,0,0,32.6984,-101.5152,32.7012,-101.5087,0.42,50,1,1,1,33,0,0,0,0
617514,2019,5,5,"2019-05-05","22:54:00",3,"OK",40,0,1,0,0,30000,0,36.282,-97.198,36.277,-97.175,1.5,30,1,1,1,103,0,0,0,0
617515,2019,5,6,"2019-05-06","16:00:00",3,"WY",56,0,-9,0,0,0,0,41.23,-104.7,41.2291,-104.6928,0.38,30,1,1,1,21,0,0,0,0
617516,2019,5,6,"2019-05-06","20:17:00",3,"KS",20,0,-9,0,0,0,0,37.6993,-100.5964,37.6904,-100.5104,4.74,50,1,1,1,69,0,0,0,0
617517,2019,5,6,"2019-05-06","20:43:00",3,"KS",20,0,-9,0,0,0,0,37.9931,-99.234,37.9546,-99.2505,2.81,150,1,1,1,47,0,0,0,0
617518,2019,5,7,"2019-05-07","14:36:00",3,"TX",48,0,-9,0,0,0,0,36.0391,-101.2474,36.0799,-101.2345,2.91,100,1,1,1,233,195,0,0,0
617519,2019,5,7,"2019-05-07","15:27:00",3,"TX",48,0,-9,0,0,0,0,34.2464,-101.9757,34.2464,-101.9757,0.01,30,1,1,1,189,0,0,0,0
617520,2019,5,7,"2019-05-07","15:48:00",3,"TX",48,0,0,0,0,0,0,31.0776,-102.845,31.0652,-102.827,2,200,1,1,1,371,0,0,0,0
617521,2019,5,7,"2019-05-07","15:49:00",3,"TX",48,0,0,0,0,0,0,35.7072,-101.4078,35.7081,-101.4072,0.07,30,1,1,1,233,0,0,0,0
617522,2019,5,7,"2019-05-07","15:50:00",3,"TX",48,0,0,0,0,0,0,36.4844,-100.7996,36.4848,-100.7996,0.03,20,1,1,1,357,0,0,0,0
617523,2019,5,7,"2019-05-07","16:00:00",3,"ID",16,0,0,0,0,0,0,42.4498,-114.4151,42.4363,-114.3917,1.51,10,1,1,1,83,0,0,0,0
617524,2019,5,7,"2019-05-07","16:11:00",3,"TX",48,0,-9,0,0,0,0,34.4752,-101.8404,34.4962,-101.8328,1.51,600,1,1,1,437,0,0,0,0
617525,2019,5,7,"2019-05-07","16:16:00",3,"TX",48,0,0,0,0,0,0,35.8677,-101.172,35.9094,-101.0907,5.39,50,1,1,1,233,0,0,0,0
617526,2019,5,7,"2019-05-07","16:56:00",3,"TX",48,0,-9,0,0,0,0,34.6813,-101.6405,34.7134,-101.5547,5.35,150,1,1,1,437,0,0,0,0
617527,2019,5,7,"2019-05-07","17:27:00",3,"TX",48,0,0,0,0,0,0,34.7507,-101.4431,34.8702,-101.3023,11.49,100,1,1,1,11,0,0,0,0
617528,2019,5,7,"2019-05-07","17:56:00",3,"TX",48,0,0,0,0,0,0,36.2327,-100.4,36.2327,-100.4,0.06,20,1,1,1,295,0,0,0,0
617529,2019,5,7,"2019-05-07","18:25:00",3,"TX",48,0,0,0,0,0,0,35.0258,-100.8966,35.037,-100.9065,1.1,73,1,1,1,129,0,0,0,0
617530,2019,5,7,"2019-05-07","18:35:00",3,"TX",48,0,0,0,0,0,0,30.908,-102.358,30.941,-102.3,4.13,450,1,1,1,371,0,0,0,0
617531,2019,5,7,"2019-05-07","18:48:00",3,"TX",48,0,0,0,0,0,0,35.1127,-100.775,35.162,-100.7304,4.24,500,1,1,1,129,0,0,0,0
617532,2019,5,7,"2019-05-07","19:12:00",3,"OK",40,0,-9,0,0,0,0,35.096,-99.963,35.121,-99.943,2,100,1,1,1,9,0,0,0,0
617533,2019,5,7,"2019-05-07","19:32:00",3,"OK",40,0,-9,0,0,0,0,35.773,-99.181,35.801,-99.185,2,50,1,1,1,39,0,0,0,0
617534,2019,5,7,"2019-05-07","21:10:00",3,"OK",40,0,-9,0,0,0,0,35.2609,-99.5501,35.2609,-99.5501,0.5,30,1,1,1,9,0,0,0,0
617535,2019,5,7,"2019-05-07","22:19:00",3,"KS",20,0,0,0,0,0,0,37.63,-96.92,37.6514,-96.8981,1.9,100,1,1,1,15,0,0,0,0
617536,2019,5,7,"2019-05-07","22:23:00",3,"OK",40,0,2,0,0,75000,0,35.065,-99.08,35.115,-99.063,3.7,300,1,1,1,75,0,0,0,0
617537,2019,5,7,"2019-05-07","22:32:00",3,"OK",40,0,2,0,0,120000,0,35.1289,-99.0768,35.24,-99.008,8.8,400,1,1,1,149,0,0,0,0
617538,2019,5,7,"2019-05-07","22:46:00",3,"OK",40,0,-9,0,0,0,0,35.2231,-99.0239,35.2231,-99.0239,0.5,40,1,1,1,149,0,0,0,0
617539,2019,5,7,"2019-05-07","22:57:00",3,"OK",40,0,1,0,0,25000,0,36.873,-97.066,36.896,-97.049,2.1,60,1,1,1,71,0,0,0,0
617540,2019,5,7,"2019-05-07","23:27:00",3,"OK",40,0,-9,0,0,0,0,34.728,-99.095,34.728,-99.095,0.5,30,1,1,1,75,0,0,0,0
617541,2019,5,8,"2019-05-08","12:29:00",3,"TX",48,0,0,0,0,10000,0,30.9538,-96.5681,30.9533,-96.5636,0.26,100,1,1,1,395,0,0,0,0
617542,2019,5,8,"2019-05-08","13:21:00",3,"TX",48,0,0,0,0,0,0,30.5642,-96.3827,30.5768,-96.3843,0.88,15,1,1,1,41,0,0,0,0
617543,2019,5,8,"2019-05-08","13:36:00",3,"TX",48,0,1,0,0,125000,0,32.6219,-94.3974,32.6576,-94.2779,7.38,300,1,1,1,203,0,0,0,0
617544,2019,5,8,"2019-05-08","14:19:00",3,"TX",48,0,1,0,0,60000,0,32.3729,-94.0447,32.3757,-94.0001,2.61,200,2,0,1,0,0,0,0,0
617544,2019,5,8,"2019-05-08","14:19:00",3,"TX",48,0,1,0,0,10000,0,32.3729,-94.0447,32.3733,-94.043,0.1,90,2,1,2,365,0,0,0,0
617544,2019,5,8,"2019-05-08","14:20:00",3,"LA",22,0,1,0,0,50000,0,32.3733,-94.043,32.3757,-94.0001,2.51,200,2,1,2,17,0,0,0,0
617545,2019,5,8,"2019-05-08","14:33:00",3,"LA",22,0,1,0,0,20000,0,32.1849,-93.9325,32.1911,-93.902,1.83,200,1,1,1,31,0,0,0,0
617546,2019,5,8,"2019-05-08","14:44:00",3,"LA",22,0,1,0,0,2e+05,0,32.2187,-93.836,32.3032,-93.6281,13.48,500,1,1,1,31,17,0,0,0
617547,2019,5,8,"2019-05-08","14:53:00",3,"LA",22,0,1,0,0,10000,0,32.2555,-93.7219,32.2963,-93.6753,3.92,80,1,1,1,31,0,0,0,0
617548,2019,5,8,"2019-05-08","16:15:00",3,"LA",22,0,1,0,0,0,0,32.1146,-93.0236,32.1343,-92.9782,2.98,250,1,1,1,69,0,0,0,0
617549,2019,5,8,"2019-05-08","16:22:00",3,"LA",22,0,1,0,0,0,0,32.1278,-92.9456,32.1416,-92.8998,2.85,250,1,1,1,69,127,0,0,0
617550,2019,5,8,"2019-05-08","16:35:00",3,"LA",22,0,1,0,0,0,0,32.2024,-92.7117,32.2071,-92.7071,0.42,70,1,1,1,49,0,0,0,0
617551,2019,5,8,"2019-05-08","16:35:00",3,"LA",22,0,1,0,0,60000,0,32.2153,-92.7124,32.2504,-92.5935,7.36,100,1,1,1,49,0,0,0,0
617552,2019,5,8,"2019-05-08","16:42:00",3,"LA",22,0,1,0,0,1e+06,0,32.2396,-92.5834,32.2579,-92.518,4.03,350,1,1,1,49,0,0,0,0
617553,2019,5,8,"2019-05-08","16:47:00",3,"LA",22,0,1,0,0,175000,0,32.4452,-92.6881,32.4713,-92.6014,5.43,80,1,1,1,49,61,49,0,0
617554,2019,5,8,"2019-05-08","17:18:00",3,"AR",5,0,1,9,0,2e+05,3000,34.2232,-91.9826,34.2245,-91.9784,0.26,100,1,1,1,69,0,0,0,0
617555,2019,5,8,"2019-05-08","17:36:00",3,"LA",22,0,1,0,0,0,0,32.4676,-91.9828,32.5042,-91.9237,4.27,75,1,1,1,73,0,0,0,0
617556,2019,5,8,"2019-05-08","17:36:00",3,"LA",22,0,1,0,0,180000,0,32.4476,-91.9241,32.5421,-91.8206,8.89,200,1,1,1,83,0,0,0,0
617557,2019,5,8,"2019-05-08","17:45:00",3,"NM",35,0,0,0,0,0,0,33.616,-105.741,33.6163,-105.7407,0.03,20,1,1,1,27,0,0,0,0
617558,2019,5,8,"2019-05-08","17:52:00",3,"LA",22,0,1,0,0,50000,0,32.5198,-91.7381,32.6161,-91.6657,7.88,300,1,1,1,83,0,0,0,0
617559,2019,5,9,"2019-05-09","07:41:00",3,"MS",28,0,1,0,0,50000,0,32.3922,-90.2526,32.378,-90.1943,3.54,550,1,1,1,49,0,0,0,0
617560,2019,5,9,"2019-05-09","10:12:00",3,"MS",28,0,1,0,0,0,0,31.2541,-90.4936,31.2533,-90.4799,0.81,270,1,1,1,113,0,0,0,0
617561,2019,5,9,"2019-05-09","11:46:00",3,"AL",1,0,0,0,0,0,0,34.9901,-86.5661,35.0172,-86.5352,2.56,75,2,0,1,0,0,0,0,0
617561,2019,5,9,"2019-05-09","11:46:00",3,"AL",1,0,0,0,0,0,0,34.9901,-86.5661,34.9908,-86.5653,0.06,75,2,1,2,89,0,0,0,0
617561,2019,5,9,"2019-05-09","11:47:00",3,"TN",47,0,0,0,0,0,0,34.9908,-86.5653,35.0172,-86.5352,2.5,75,2,1,2,103,0,0,0,0
617562,2019,5,9,"2019-05-09","12:30:00",3,"AL",1,0,1,0,0,0,0,34.322,-86.1166,34.322,-86.1089,0.48,25,1,1,1,95,0,0,0,0
617563,2019,5,9,"2019-05-09","12:55:00",3,"AL",1,0,1,0,0,0,0,34.4047,-85.8803,34.404,-85.8703,0.57,25,1,1,1,49,0,0,0,0
618016,2019,6,11,"2019-06-11","15:19:00",3,"MN",27,0,0,0,0,0,0,44.0028,-96.3268,44.0039,-96.3266,0.08,10,1,1,1,117,0,0,0,0
618017,2019,6,12,"2019-06-12","17:14:00",3,"IL",17,0,0,0,0,10000,0,38.4765,-90.1512,38.4707,-90.1448,0.53,10,1,1,1,163,0,0,0,0
618018,2019,6,13,"2019-06-13","14:06:00",3,"OH",39,0,0,0,0,3000,0,41.5638,-81.09,41.5658,-81.0825,0.41,75,1,1,1,55,0,0,0,0
618019,2019,6,13,"2019-06-13","21:02:00",3,"MD",24,0,1,0,0,0,0,39.48,-75.9942,39.4988,-75.9123,4.56,580,1,1,1,15,0,0,0,0
618020,2019,6,13,"2019-06-13","22:15:00",3,"NJ",34,0,0,0,0,0,0,39.7469,-75.2447,39.75,-75.2402,0.32,50,1,1,1,15,0,0,0,0
618021,2019,6,13,"2019-06-13","22:30:00",3,"NJ",34,0,1,0,0,0,0,39.8011,-75.0983,39.8064,-75.0599,2.07,200,1,1,1,15,7,0,0,0
618022,2019,6,14,"2019-06-14","17:54:00",3,"WI",55,0,0,0,0,0,0,45.55,-90.67,45.44,-90.34,17.4,50,1,1,1,99,0,0,0,0
618023,2019,6,15,"2019-06-15","13:21:00",3,"IA",19,0,0,0,0,1000,0,42.3123,-93.0061,42.3112,-93.0023,0.21,20,1,1,1,83,0,0,0,0
618024,2019,6,15,"2019-06-15","13:43:00",3,"IL",17,0,0,0,0,0,0,39.0977,-89.8282,39.0974,-89.7942,1.82,30,1,1,1,117,0,0,0,0
618025,2019,6,15,"2019-06-15","13:53:00",3,"ND",38,0,0,0,0,0,5000,47.1952,-99.0919,47.19,-99.09,0.37,30,1,1,1,93,0,0,0,0
618026,2019,6,15,"2019-06-15","15:22:00",3,"MO",29,0,0,0,0,0,0,40.1415,-95.2396,40.1365,-95.2278,0.71,15,1,1,1,87,0,0,0,0
618027,2019,6,15,"2019-06-15","15:29:00",3,"ND",38,0,0,0,0,0,5000,47.5436,-99.4782,47.54,-99.47,0.46,30,1,1,1,103,0,0,0,0
618028,2019,6,15,"2019-06-15","16:20:00",3,"TX",48,0,-9,0,0,0,0,34.6866,-102.5,34.6866,-102.5,0.01,10,1,1,1,69,0,0,0,0
618029,2019,6,15,"2019-06-15","16:29:00",3,"IN",18,0,1,0,0,1e+05,0,39.2038,-86.8726,39.2738,-86.7509,8.11,200,1,1,1,119,0,0,0,0
618030,2019,6,15,"2019-06-15","16:48:00",3,"IN",18,0,2,0,0,110000,0,39.2473,-86.6671,39.2739,-86.6075,3.68,400,1,1,1,105,0,0,0,0
618031,2019,6,15,"2019-06-15","16:56:00",3,"IN",18,0,2,0,0,250000,0,39.0456,-86.7965,39.05,-86.7312,3.52,400,1,1,1,55,0,0,0,0
618032,2019,6,15,"2019-06-15","17:05:00",3,"SD",46,0,0,0,0,0,0,44.6,-96.8,44.6002,-96.7975,0.12,10,1,1,1,39,0,0,0,0
618033,2019,6,15,"2019-06-15","17:26:00",3,"IN",18,0,1,0,0,1080000,0,39.7071,-86.0971,39.716,-86.0641,1.86,200,1,1,1,97,0,0,0,0
618034,2019,6,15,"2019-06-15","17:37:00",3,"IN",18,0,0,0,0,30000,0,39.7397,-86.0009,39.7411,-85.9842,0.89,100,1,1,1,97,0,0,0,0
618035,2019,6,15,"2019-06-15","17:46:00",3,"IN",18,0,0,0,0,1000,0,39.0788,-86.211,39.0808,-86.1993,0.64,50,1,1,1,13,0,0,0,0
618036,2019,6,15,"2019-06-15","18:48:00",3,"IN",18,0,2,0,0,275000,0,39.5451,-85.5457,39.6441,-85.3059,14.48,200,1,1,1,139,0,0,0,0
618037,2019,6,15,"2019-06-15","18:54:00",3,"IA",19,0,-9,0,0,0,0,41.009,-91.2342,41.0154,-91.2207,0.83,40,1,1,1,57,0,0,0,0
618038,2019,6,15,"2019-06-15","19:02:00",3,"IN",18,0,0,0,0,50000,0,39.7376,-85.2437,39.7379,-85.2436,0.1,20,1,1,1,41,0,0,0,0
618039,2019,6,15,"2019-06-15","19:20:00",3,"IA",19,0,2,0,0,0,0,41.0576,-91.0716,41.0662,-91.0385,1.82,260,1,1,1,57,0,0,0,0
618040,2019,6,15,"2019-06-15","19:24:00",3,"IA",19,0,2,0,0,0,0,41.0551,-91.052,41.0605,-91.0281,1.3,300,1,1,1,57,0,0,0,0
618041,2019,6,15,"2019-06-15","19:38:00",3,"IL",17,0,1,0,0,0,0,41.1133,-90.9042,41.1147,-90.8912,0.68,40,1,1,1,131,0,0,0,0
618042,2019,6,15,"2019-06-15","19:40:00",3,"OK",40,0,1,0,0,4000,0,35.833,-98.932,35.81,-98.974,3.15,100,1,1,1,43,39,0,0,0
618043,2019,6,15,"2019-06-15","19:42:00",3,"IN",18,0,1,0,0,35000,0,39.6998,-84.9239,39.7172,-84.8912,2.11,35,1,1,1,161,0,0,0,0
618044,2019,6,15,"2019-06-15","19:51:00",3,"IN",18,0,0,2,0,225000,0,39.8214,-84.8505,39.8385,-84.8325,1.6,100,1,1,1,177,0,0,0,0
618045,2019,6,15,"2019-06-15","19:56:00",3,"OH",39,0,0,0,0,40000,0,39.7585,-84.8057,39.7718,-84.7802,1.7,35,1,1,1,135,0,0,0,0
618046,2019,6,15,"2019-06-15","20:06:00",3,"OK",40,0,2,0,0,80000,0,35.769,-98.969,35.694,-98.945,6.25,500,1,1,1,39,0,0,0,0
618047,2019,6,15,"2019-06-15","20:16:00",3,"OK",40,0,0,0,0,2000,0,35.74,-98.976,35.724,-98.984,1.3,300,1,1,1,39,0,0,0,0
618048,2019,6,15,"2019-06-15","20:42:00",3,"OK",40,0,1,0,0,50000,0,35.686,-98.964,35.665,-98.965,1.5,400,1,1,1,39,0,0,0,0
618049,2019,6,15,"2019-06-15","21:19:00",3,"IL",17,0,1,0,0,60000,0,40.4648,-89.6351,40.4698,-89.6808,2.43,200,1,1,1,179,0,0,0,0
618050,2019,6,15,"2019-06-15","22:36:00",3,"IL",17,0,1,0,0,40000,0,40.3591,-88.5289,40.3741,-88.4978,1.94,50,1,1,1,113,0,0,0,0
618051,2019,6,15,"2019-06-15","22:51:00",3,"OK",40,0,1,0,0,60000,0,35.579,-97.115,35.596,-97.025,5.2,50,1,1,1,81,0,0,0,0
618052,2019,6,16,"2019-06-16","13:18:00",3,"OK",40,0,0,0,0,0,0,35.8312,-98.0845,35.8312,-98.0845,0.2,20,1,1,1,73,0,0,0,0
618053,2019,6,16,"2019-06-16","13:19:00",3,"OK",40,0,0,0,0,0,0,35.8312,-98.0845,35.8312,-98.0845,0.2,20,1,1,1,73,0,0,0,0
618054,2019,6,16,"2019-06-16","13:23:00",3,"OH",39,0,1,0,0,10000,0,41.3591,-81.4981,41.3535,-81.4564,2.2,150,1,1,1,35,0,0,0,0
618055,2019,6,16,"2019-06-16","13:58:00",3,"TX",48,0,-9,0,0,0,0,32.8842,-97.4973,32.8842,-97.4972,0.01,10,1,1,1,439,0,0,0,0
618056,2019,6,16,"2019-06-16","14:07:00",3,"TX",48,0,0,0,0,150000,0,32.9223,-97.3041,32.9232,-97.2823,1.28,132,1,1,1,439,0,0,0,0
618057,2019,6,16,"2019-06-16","14:11:00",3,"OH",39,0,1,0,0,275000,0,41.2807,-81.024,41.2496,-80.7723,13.47,250,1,1,1,133,155,0,0,0
618058,2019,6,16,"2019-06-16","14:25:00",3,"TX",48,0,1,0,0,2e+05,0,32.7552,-97.094,32.7533,-97.0911,0.21,100,1,1,1,439,0,0,0,0
618059,2019,6,16,"2019-06-16","14:44:00",3,"OH",39,0,0,0,0,25000,0,41.2386,-80.6379,41.227,-80.519,6,250,1,1,1,155,0,0,0,0
618060,2019,6,16,"2019-06-16","14:45:00",3,"TX",48,0,0,0,0,20000,0,32.9246,-96.8659,32.9258,-96.8675,0.12,50,1,1,1,113,0,0,0,0
618061,2019,6,16,"2019-06-16","15:03:00",3,"PA",42,0,1,0,0,0,0,41.227,-80.519,41.222,-80.498,1.14,150,1,1,1,85,0,0,0,0
618062,2019,6,16,"2019-06-16","16:18:00",3,"PA",42,0,1,0,0,0,0,41.1,-79.707,41.088,-79.682,1.54,400,1,1,1,19,5,0,0,0
618063,2019,6,16,"2019-06-16","16:50:00",3,"OK",40,0,0,0,0,0,0,34.9066,-97.3133,34.9066,-97.3133,0.2,20,1,1,1,87,0,0,0,0
618064,2019,6,16,"2019-06-16","17:55:00",3,"PA",42,0,1,0,0,0,0,40.714,-78.924,40.715,-78.919,0.27,50,1,1,1,63,0,0,0,0
618065,2019,6,17,"2019-06-17","09:59:00",3,"IA",19,0,-9,0,0,0,0,43.3249,-95.0294,43.3248,-95.0145,0.75,10,1,1,1,59,0,0,0,0
618066,2019,6,17,"2019-06-17","12:53:00",3,"MS",28,0,1,0,0,75000,0,32.2739,-90.4462,32.3,-90.417,2.48,150,1,1,1,49,0,0,0,0
618067,2019,6,17,"2019-06-17","14:50:00",3,"CO",8,0,-9,0,0,0,0,38.4,-102.58,38.4,-102.58,0.1,10,1,1,1,61,0,0,0,0
618068,2019,6,17,"2019-06-17","14:52:00",3,"MN",27,0,0,0,0,0,0,44.046,-93.2279,44.046,-93.2275,0.02,30,1,1,1,147,0,0,0,0
618069,2019,6,17,"2019-06-17","15:02:00",3,"NM",35,0,0,0,0,0,0,34.6493,-105.4403,34.6512,-105.4171,1.33,30,1,1,1,57,0,0,0,0
618070,2019,6,17,"2019-06-17","17:03:00",3,"CO",8,0,0,0,0,0,0,40.61,-104.02,40.61,-104.02,0.01,25,1,1,1,123,0,0,0,0
618071,2019,6,17,"2019-06-17","17:55:00",3,"CO",8,0,-9,0,0,0,0,38.4,-103.24,38.4,-103.24,0.1,10,1,1,1,61,0,0,0,0
618072,2019,6,18,"2019-06-18","13:37:00",3,"KS",20,0,0,0,0,0,0,38.0223,-99.49,38.0446,-99.4766,1.42,75,1,1,1,47,0,0,0,0
618073,2019,6,18,"2019-06-18","13:45:00",3,"MN",27,0,-9,0,0,0,0,47.89,-90.3,47.89,-90.3,0.1,5,1,1,1,31,0,0,0,0
618074,2019,6,18,"2019-06-18","19:10:00",3,"TX",48,0,0,0,0,0,0,35.5174,-101.0515,35.528,-101.0405,0.96,20,1,1,1,179,0,0,0,0
618075,2019,6,19,"2019-06-19","01:21:00",3,"OK",40,0,1,0,0,1e+05,0,34.963,-96.748,34.968,-96.764,1,50,1,1,1,133,0,0,0,0
618076,2019,6,19,"2019-06-19","05:03:00",3,"TX",48,0,0,0,0,0,0,32.6266,-94.5798,32.6269,-94.5767,0.18,70,1,1,1,203,0,0,0,0
618077,2019,6,19,"2019-06-19","10:45:00",3,"LA",22,0,0,0,0,0,0,30.31,-92.67,30.31,-92.67,0.01,10,1,1,1,53,0,0,0,0
618078,2019,6,19,"2019-06-19","17:10:00",3,"TN",47,0,0,0,0,15000,0,36.3283,-87.3259,36.3355,-87.3057,1.25,100,1,1,1,125,0,0,0,0
618079,2019,6,19,"2019-06-19","17:24:00",3,"OK",40,0,1,0,0,50000,0,33.8458,-94.6576,33.8478,-94.6515,0.38,75,1,1,1,89,0,0,0,0
618080,2019,6,19,"2019-06-19","17:40:00",3,"IL",17,0,0,0,0,0,0,39.6214,-89.0559,39.6221,-89.0542,0.1,10,1,1,1,21,0,0,0,0
618081,2019,6,19,"2019-06-19","18:22:00",3,"IL",17,0,0,0,0,0,0,38.574,-88.938,38.574,-88.9365,0.08,25,1,1,1,121,0,0,0,0
618082,2019,6,19,"2019-06-19","18:22:00",3,"IL",17,0,0,0,0,0,0,39.6451,-88.6948,39.6452,-88.6927,0.11,10,1,1,1,139,0,0,0,0
618083,2019,6,19,"2019-06-19","18:56:00",3,"WY",56,0,1,0,0,2000,0,44.1539,-107.0959,44.1423,-107.015,4.09,250,1,1,1,19,0,0,0,0
618084,2019,6,19,"2019-06-19","19:50:00",3,"WY",56,0,0,0,0,0,0,43.23,-105.24,43.12,-105.04,12.62,50,1,1,1,9,0,0,0,0
618085,2019,6,19,"2019-06-19","21:47:00",3,"LA",22,0,2,0,0,350000,0,32.7561,-93.688,32.7583,-93.6634,1.44,175,1,1,1,15,0,0,0,0
618086,2019,6,20,"2019-06-20","02:14:00",3,"LA",22,0,1,0,0,50000,0,31.4115,-92.4204,31.4046,-92.4066,0.94,100,1,1,1,79,0,0,0,0
618087,2019,6,20,"2019-06-20","02:30:00",3,"LA",22,0,1,0,0,25000,0,31.3933,-92.1697,31.3809,-92.1437,1.76,250,1,1,1,79,0,0,0,0
618088,2019,6,20,"2019-06-20","16:18:00",3,"MN",27,0,1,0,0,0,0,44.4525,-95.2105,44.4411,-95.1024,5.39,550,1,1,1,127,0,0,0,0
618089,2019,6,20,"2019-06-20","17:27:00",3,"MN",27,0,0,0,0,50000,0,44.2028,-94.8309,44.1981,-94.7904,2.03,50,1,1,1,15,0,0,0,0
618090,2019,6,20,"2019-06-20","17:42:00",3,"MN",27,0,0,0,0,0,0,44.1049,-94.6351,44.0988,-94.6288,0.52,30,1,1,1,165,0,0,0,0
618091,2019,6,21,"2019-06-21","16:42:00",3,"KY",21,0,1,0,0,5e+05,0,36.9905,-88.297,36.9918,-88.2833,0.76,50,1,1,1,157,0,0,0,0
618092,2019,6,21,"2019-06-21","17:00:00",3,"KY",21,0,1,0,0,75000,0,36.904,-88.074,36.8936,-88.0391,2.08,150,1,1,1,143,221,0,0,0
618093,2019,6,21,"2019-06-21","17:10:00",3,"TX",48,0,0,0,0,0,0,30.7163,-102.6794,30.7204,-102.6773,0.31,30,1,1,1,371,0,0,0,0
618094,2019,6,21,"2019-06-21","17:22:00",3,"KY",21,0,1,0,0,150000,0,36.8684,-87.7779,36.8416,-87.7066,4.35,200,1,1,1,221,0,0,0,0
618095,2019,6,21,"2019-06-21","17:31:00",3,"KY",21,0,1,0,0,120000,0,36.8023,-87.6097,36.8029,-87.5923,0.96,75,1,1,1,47,0,0,0,0
618096,2019,6,21,"2019-06-21","17:31:00",3,"KY",21,0,1,0,0,150000,0,36.7706,-87.6551,36.7445,-87.522,7.59,175,1,1,1,47,0,0,0,0
618097,2019,6,21,"2019-06-21","17:57:00",3,"KY",21,0,0,0,0,5000,0,36.6977,-87.2622,36.6674,-87.2283,2.81,60,1,1,1,219,0,0,0,0
618098,2019,6,21,"2019-06-21","18:35:00",3,"KY",21,0,1,0,0,10000,0,36.7953,-86.4819,36.7898,-86.4652,0.6,75,1,1,1,213,0,0,0,0
618099,2019,6,21,"2019-06-21","18:39:00",3,"KY",21,0,1,0,0,50000,0,36.7726,-86.3893,36.7455,-86.3157,4.6,125,1,1,1,3,0,0,0,0
618100,2019,6,21,"2019-06-21","19:00:00",3,"TN",47,0,0,0,0,1e+05,0,36.1824,-86.6572,36.1644,-86.63,2,200,1,1,1,37,0,0,0,0
618101,2019,6,21,"2019-06-21","19:04:00",3,"TN",47,0,0,0,0,30000,0,36.0783,-86.6076,36.0725,-86.5892,1.25,50,1,1,1,37,0,0,0,0
618102,2019,6,21,"2019-06-21","19:04:00",3,"KY",21,0,1,0,0,325000,0,36.6484,-86.0819,36.6161,-85.9916,3.3,150,2,0,1,0,0,0,0,0
618102,2019,6,21,"2019-06-21","19:04:00",3,"KY",21,0,1,0,0,3e+05,0,36.6484,-86.0819,36.6328,-86.0533,1.6,125,2,1,2,3,0,0,0,0
618102,2019,6,21,"2019-06-21","19:07:00",3,"TN",47,0,1,0,0,25000,0,36.617,-86.0216,36.6161,-85.9916,1.7,150,2,1,2,111,0,0,0,0
618103,2019,6,21,"2019-06-21","20:24:00",3,"TN",47,0,1,0,0,20000,0,36.3802,-84.7994,36.3816,-84.7461,3,150,1,1,1,49,0,0,0,0
618104,2019,6,22,"2019-06-22","19:10:00",3,"NE",31,0,-9,0,0,0,0,41.38,-103.66,41.3811,-103.6546,0.29,30,1,1,1,105,0,0,0,0
618105,2019,6,22,"2019-06-22","20:30:00",3,"CO",8,0,-9,0,0,0,0,37.63,-102.88,37.63,-102.88,0.1,10,1,1,1,9,0,0,0,0
618106,2019,6,22,"2019-06-22","21:43:00",3,"TX",48,0,0,0,0,0,0,34.9992,-101.1359,35.0263,-101.108,2.45,50,1,1,1,11,0,0,0,0
618107,2019,6,22,"2019-06-22","21:55:00",3,"TX",48,0,0,0,0,0,0,35.0339,-101.0967,35.062,-101.1098,2.08,200,1,1,1,11,0,0,0,0
618108,2019,6,23,"2019-06-23","01:36:00",3,"AR",5,0,0,0,0,0,55000,35.2624,-93.6835,35.2626,-93.6825,0.06,25,1,1,1,83,0,0,0,0
618109,2019,6,23,"2019-06-23","02:20:00",3,"KS",20,0,-9,0,0,0,0,37.2,-98.21,37.2059,-98.1972,0.81,50,1,1,1,77,0,0,0,0
618110,2019,6,23,"2019-06-23","02:37:00",3,"KS",20,0,-9,0,0,0,0,37.27,-98.03,37.2727,-98.0203,0.56,50,1,1,1,77,0,0,0,0
618111,2019,6,23,"2019-06-23","04:49:00",3,"AR",5,0,0,0,0,15000,5000,35.2559,-93.6632,35.2568,-93.6626,0.07,25,1,1,1,83,0,0,0,0
618112,2019,6,23,"2019-06-23","15:20:00",3,"KY",21,0,1,0,0,20000,0,36.8967,-89.0372,36.9003,-89.0209,0.93,100,1,1,1,39,0,0,0,0
618113,2019,6,23,"2019-06-23","15:27:00",3,"KY",21,0,1,0,0,5000,0,36.9294,-88.944,36.931,-88.9421,0.15,150,1,1,1,39,0,0,0,0
618114,2019,6,23,"2019-06-23","15:33:00",3,"KY",21,0,1,0,0,505000,0,36.9611,-88.8435,37.0577,-88.5546,17.28,150,1,1,1,7,145,0,0,0
618115,2019,6,23,"2019-06-23","16:02:00",3,"KY",21,0,1,0,0,1e+05,0,37.1348,-88.4056,37.1415,-88.4022,0.5,140,1,1,1,139,0,0,0,0
618116,2019,6,23,"2019-06-23","16:07:00",3,"KY",21,0,1,0,0,20000,0,37.1798,-88.3594,37.189,-88.3508,0.79,125,1,1,1,139,0,0,0,0
618117,2019,6,23,"2019-06-23","16:10:00",3,"IL",17,0,1,0,0,40000,0,37.402,-88.523,37.421,-88.478,2.8,120,1,1,1,151,0,0,0,0
618118,2019,6,23,"2019-06-23","16:13:00",3,"KY",21,0,1,0,0,1e+06,0,36.9166,-88.2194,36.9175,-88.2154,0.23,50,1,1,1,157,0,0,0,0
618119,2019,6,23,"2019-06-23","18:32:00",3,"IN",18,0,0,0,0,0,0,41.5929,-86.205,41.5999,-86.205,0.48,10,1,1,1,141,0,0,0,0
618120,2019,6,23,"2019-06-23","18:38:00",3,"IN",18,0,0,0,0,0,0,41.6211,-86.214,41.6501,-86.2124,2.01,250,1,1,1,141,0,0,0,0
618121,2019,6,24,"2019-06-24","00:45:00",3,"LA",22,0,0,0,0,10000,0,32.5525,-91.8706,32.5611,-91.8519,1.24,75,1,1,1,67,0,0,0,0
618122,2019,6,24,"2019-06-24","02:45:00",3,"MS",28,0,1,0,0,70000,0,32.4969,-90.5844,32.5155,-90.5329,3.28,400,1,1,1,149,49,163,0,0
618123,2019,6,24,"2019-06-24","02:56:00",3,"MS",28,0,1,0,0,1e+05,0,32.2773,-90.5044,32.2994,-90.417,5.33,250,1,1,1,49,0,0,0,0
618124,2019,6,24,"2019-06-24","04:57:00",3,"MS",28,0,0,0,0,15000,0,31.9619,-89.4895,31.9656,-89.4769,0.78,50,1,1,1,129,0,0,0,0
618125,2019,6,24,"2019-06-24","14:50:00",3,"OH",39,0,1,0,0,5000,0,40.134,-81.931,40.132,-81.931,0.14,50,1,1,1,119,0,0,0,0
618126,2019,6,24,"2019-06-24","15:13:00",3,"KY",21,0,0,0,0,60000,0,38.6774,-83.915,38.7289,-83.8317,5.73,75,2,0,1,0,0,0,0,0
618126,2019,6,24,"2019-06-24","15:13:00",3,"KY",21,0,0,0,0,50000,0,38.6774,-83.915,38.7211,-83.8444,4.86,75,2,1,2,161,0,0,0,0
618126,2019,6,24,"2019-06-24","15:20:00",3,"OH",39,0,0,0,0,10000,0,38.7211,-83.8444,38.7289,-83.8317,0.87,75,2,1,2,15,0,0,0,0
618127,2019,6,24,"2019-06-24","15:55:00",3,"OH",39,0,1,0,0,55000,0,39.0436,-83.3705,39.0994,-83.2143,9.22,300,1,1,1,1,131,0,0,0
618128,2019,6,24,"2019-06-24","16:28:00",3,"OH",39,0,1,0,0,75000,0,39.0468,-82.9083,39.0797,-82.8462,4.3,200,1,1,1,131,0,0,0,0
618129,2019,6,24,"2019-06-24","16:51:00",3,"WV",54,0,1,0,0,5e+05,0,38.2896,-81.7655,38.3529,-81.6453,7.85,350,1,1,1,39,0,0,0,0
618130,2019,6,24,"2019-06-24","17:02:00",3,"WV",54,0,0,0,0,70000,0,38.3574,-81.6059,38.3688,-81.6011,0.83,75,1,1,1,39,0,0,0,0
618131,2019,6,24,"2019-06-24","17:02:00",3,"TX",48,0,-9,0,0,0,0,31.1466,-100.1096,31.139,-100.1156,0.1,250,1,1,1,95,0,0,0,0
618132,2019,6,25,"2019-06-25","19:56:00",3,"WY",56,0,1,0,0,0,0,44.7721,-104.721,44.745,-104.6218,5.28,60,1,1,1,11,0,0,0,0
618133,2019,6,25,"2019-06-25","20:02:00",3,"WY",56,0,1,0,0,0,0,44.7699,-104.7214,44.7417,-104.6248,5.37,80,1,1,1,11,0,0,0,0
618134,2019,6,27,"2019-06-27","17:10:00",3,"MT",30,0,0,0,0,0,0,47.1,-109.98,47.1,-109.98,0.25,400,1,1,1,45,0,0,0,0
618135,2019,6,27,"2019-06-27","17:38:00",3,"MT",30,0,0,0,0,0,0,46.68,-110,46.68,-110,0.39,50,1,1,1,107,0,0,0,0
618136,2019,6,27,"2019-06-27","19:10:00",3,"MT",30,0,0,0,0,0,0,47.8593,-108.4338,47.8591,-108.4305,0.11,20,1,1,1,71,0,0,0,0
618137,2019,6,29,"2019-06-29","14:35:00",3,"SD",46,0,1,0,0,0,0,43.243,-101.97,43.252,-101.974,5.82,720,1,1,1,7,0,0,0,0
618138,2019,6,30,"2019-06-30","13:39:00",3,"IL",17,0,-9,0,0,0,0,40.7549,-87.9614,40.7527,-87.9613,0.15,25,1,1,1,75,0,0,0,0
618139,2019,6,30,"2019-06-30","15:23:00",3,"SD",46,0,0,0,0,0,0,43.2991,-99.2389,43.29,-99.2419,0.65,25,1,1,1,53,0,0,0,0
617963,2019,6,1,"2019-06-01","13:17:00",3,"OR",41,0,0,0,0,0,0,42.66,-119,42.669,-118.9777,1.29,10,1,1,1,25,0,0,0,0
617964,2019,6,2,"2019-06-02","14:27:00",3,"NM",35,0,0,0,0,0,0,34.4808,-105.559,34.4868,-105.4852,4.22,50,1,1,1,57,0,0,0,0
617965,2019,6,2,"2019-06-02","15:48:00",3,"ID",16,0,0,0,0,0,0,43.25,-111.7931,43.25,-111.7732,1,45,1,1,1,11,0,0,0,0
617966,2019,6,2,"2019-06-02","18:19:00",3,"CA",6,0,0,0,0,0,0,35.32,-118.76,35.3172,-118.7634,0.2,50,1,1,1,29,0,0,0,0
617967,2019,6,2,"2019-06-02","19:00:00",3,"CO",8,0,-9,0,0,0,0,39.18,-102.31,39.18,-102.31,0.05,50,1,1,1,63,0,0,0,0
617968,2019,6,2,"2019-06-02","19:18:00",3,"OK",40,0,0,0,0,0,0,36.65,-102.76,36.65,-102.76,0.01,20,1,1,1,25,0,0,0,0
617969,2019,6,3,"2019-06-03","18:09:00",3,"CO",8,0,0,0,0,0,0,40.76,-103.33,40.76,-103.33,0.01,25,1,1,1,75,0,0,0,0
617970,2019,6,3,"2019-06-03","18:10:00",3,"NM",35,0,0,0,0,0,0,33.0868,-104.6348,33.0889,-104.6111,1.38,50,1,1,1,5,0,0,0,0
617971,2019,6,3,"2019-06-03","18:13:00",3,"KS",20,0,0,0,0,0,0,37.6173,-101.4426,37.6201,-101.4312,0.65,60,1,1,1,67,0,0,0,0
617972,2019,6,3,"2019-06-03","18:53:00",3,"KS",20,0,-9,0,0,0,0,39.258,-102.024,39.258,-102.024,0.01,50,1,1,1,181,0,0,0,0
617973,2019,6,3,"2019-06-03","19:07:00",3,"KS",20,0,-9,0,0,0,0,39.4119,-101.7064,39.4187,-101.6785,1.56,50,1,1,1,181,0,0,0,0
617974,2019,6,4,"2019-06-04","16:48:00",3,"MN",27,0,1,0,0,40000,0,43.9867,-92.4923,43.9773,-92.4708,1.25,75,1,1,1,109,0,0,0,0
617975,2019,6,4,"2019-06-04","16:54:00",3,"NM",35,0,1,1,0,250000,0,32.9431,-105.9492,32.945,-105.9479,0.31,60,1,1,1,35,0,0,0,0
617976,2019,6,4,"2019-06-04","17:45:00",3,"NM",35,0,0,0,0,0,0,32.5994,-104.8287,32.5999,-104.8281,0.05,20,1,1,1,15,0,0,0,0
617977,2019,6,5,"2019-06-05","12:10:00",3,"OH",39,0,0,0,0,0,0,41.3096,-83.9418,41.3096,-83.934,0.4,10,1,1,1,69,0,0,0,0
617978,2019,6,5,"2019-06-05","14:57:00",3,"OH",39,0,0,0,0,20000,0,40.7426,-82.7876,40.7312,-82.7708,1.18,50,1,1,1,33,0,0,0,0
617979,2019,6,5,"2019-06-05","16:26:00",3,"OH",39,0,1,0,0,0,0,40.1462,-82.1611,40.1218,-82.1183,2.82,50,1,1,1,119,0,0,0,0
617980,2019,6,5,"2019-06-05","20:40:00",3,"LA",22,0,0,0,0,5000,0,29.7847,-93.0991,29.7871,-93.0967,0.22,50,1,1,1,23,0,0,0,0
617981,2019,6,5,"2019-06-05","23:34:00",3,"LA",22,0,1,0,0,10000,0,30.2018,-92.7579,30.2245,-92.7576,1.57,100,1,1,1,53,0,0,0,0
617982,2019,6,6,"2019-06-06","00:06:00",3,"LA",22,0,1,0,0,25000,0,30.2884,-92.66,30.2948,-92.6587,0.45,311,1,1,1,53,0,0,0,0
617983,2019,6,6,"2019-06-06","00:54:00",3,"LA",22,0,0,0,0,1000,0,30.4238,-92.5668,30.4265,-92.5614,0.37,115,1,1,1,1,0,0,0,0
617984,2019,6,6,"2019-06-06","01:22:00",3,"LA",22,0,1,0,0,30000,0,30.0856,-92.6946,30.0948,-92.6878,0.75,100,1,1,1,53,0,0,0,0
617985,2019,6,6,"2019-06-06","01:30:00",3,"LA",22,0,1,0,0,1000,0,30.4808,-92.5688,30.4798,-92.5744,0.32,202,1,1,1,39,1,0,0,0
617986,2019,6,6,"2019-06-06","02:43:00",3,"LA",22,0,1,0,0,75000,0,30.4053,-92.1262,30.4193,-92.1126,1.26,186,1,1,1,97,0,0,0,0
617987,2019,6,6,"2019-06-06","03:49:00",3,"LA",22,0,1,0,0,35000,0,30.6715,-92.0541,30.685,-92.0494,0.97,93,1,1,1,97,0,0,0,0
617988,2019,6,6,"2019-06-06","04:31:00",3,"LA",22,0,1,0,0,5000,0,30.5332,-91.7699,30.5471,-91.7653,1,419,1,1,1,97,0,0,0,0
617989,2019,6,6,"2019-06-06","06:55:00",3,"LA",22,0,1,0,0,0,0,30.385,-91.099,30.396,-91.094,0.82,20,1,1,1,33,0,0,0,0
617990,2019,6,6,"2019-06-06","08:09:00",3,"LA",22,0,1,0,0,0,0,30.296,-90.925,30.318,-90.911,1.73,50,1,1,1,5,0,0,0,0
617991,2019,6,6,"2019-06-06","08:26:00",3,"LA",22,0,0,0,0,0,0,30.0017,-91.0841,30.0105,-91.0573,1.72,50,1,1,1,7,0,0,0,0
617992,2019,6,6,"2019-06-06","08:33:00",3,"LA",22,0,1,0,0,0,0,30.391,-90.776,30.413,-90.767,1.61,75,1,1,1,63,0,0,0,0
617993,2019,6,6,"2019-06-06","08:42:00",3,"LA",22,0,1,0,0,0,0,30.0753,-90.8993,30.0809,-90.8935,0.52,75,1,1,1,93,0,0,0,0
617994,2019,6,6,"2019-06-06","09:01:00",3,"LA",22,0,2,5,0,0,0,30.1733,-90.7887,30.1885,-90.7684,1.6,50,1,1,1,5,0,0,0,0
617995,2019,6,6,"2019-06-06","09:33:00",3,"LA",22,0,1,0,0,0,0,29.752,-90.726,29.755,-90.723,0.27,100,1,1,1,57,0,0,0,0
617996,2019,6,6,"2019-06-06","09:35:00",3,"LA",22,0,1,0,0,0,0,30.3421,-90.591,30.3446,-90.581,0.62,50,1,1,1,63,0,0,0,0
617997,2019,6,6,"2019-06-06","15:07:00",3,"AL",1,0,0,0,0,0,0,32.4506,-87.1436,32.4614,-87.1431,0.75,60,1,1,1,47,0,0,0,0
617998,2019,6,7,"2019-06-07","11:57:00",3,"AL",1,0,0,0,0,25000,0,30.7577,-88.0809,30.7594,-88.0723,0.52,25,1,1,1,97,0,0,0,0
617999,2019,6,7,"2019-06-07","13:42:00",3,"TN",47,0,0,0,0,0,0,35.81,-84.07,35.81,-84.07,0.05,15,1,1,1,9,0,0,0,0
618000,2019,6,7,"2019-06-07","13:46:00",3,"TN",47,0,0,0,0,0,0,35.73,-83.93,35.73,-83.93,0.12,30,1,1,1,9,0,0,0,0
618001,2019,6,8,"2019-06-08","13:58:00",3,"CO",8,0,-9,0,0,0,0,39.2977,-102.3226,39.296,-102.3103,0.66,100,1,1,1,63,0,0,0,0
618002,2019,6,8,"2019-06-08","15:08:00",3,"NC",37,0,0,0,0,0,0,35.304,-81.744,35.306,-81.745,0.15,30,1,1,1,161,0,0,0,0
618003,2019,6,8,"2019-06-08","15:12:00",3,"CO",8,0,-9,0,0,0,0,39.5599,-102.3249,39.563,-102.3339,0.53,100,1,1,1,63,0,0,0,0
618004,2019,6,8,"2019-06-08","15:35:00",3,"KS",20,0,-9,0,0,0,0,39.7027,-102.032,39.7203,-102.0398,1.29,100,1,1,1,23,0,0,0,0
618005,2019,6,8,"2019-06-08","15:45:00",3,"KS",20,0,-9,0,0,0,0,39.7305,-102.0015,39.7442,-102.0126,1.12,100,1,1,1,23,0,0,0,0
618006,2019,6,8,"2019-06-08","18:19:00",3,"CO",8,0,0,0,0,0,0,39.2,-104.46,39.2,-104.46,0.01,25,1,1,1,39,0,0,0,0
618007,2019,6,8,"2019-06-08","18:34:00",3,"MN",27,0,2,0,0,0,0,47.5,-96.21,47.53,-96.1514,3.6,400,1,1,1,119,0,0,0,0
618008,2019,6,8,"2019-06-08","19:57:00",3,"KS",20,0,-9,0,0,0,0,39.1402,-101.3596,39.1315,-101.3505,0.77,50,1,1,1,109,0,0,0,0
618009,2019,6,8,"2019-06-08","20:10:00",3,"KS",20,0,-9,0,0,0,0,39.0847,-101.2766,39.0465,-101.2546,2.89,100,1,1,1,109,0,0,0,0
618010,2019,6,8,"2019-06-08","21:05:00",3,"KS",20,0,-9,0,0,0,0,38.9713,-101.1154,38.9677,-101.1059,0.57,100,1,1,1,109,0,0,0,0
618011,2019,6,9,"2019-06-09","14:53:00",3,"IA",19,0,-9,0,0,0,0,42.4942,-91.658,42.4364,-91.5389,7.26,10,1,1,1,19,55,0,0,0
618012,2019,6,9,"2019-06-09","15:24:00",3,"IA",19,0,-9,0,0,0,0,42.2347,-91.5004,42.1853,-91.394,6.43,10,1,1,1,113,0,0,0,0
618013,2019,6,9,"2019-06-09","16:14:00",3,"IA",19,0,-9,0,0,0,0,42.0691,-91.2907,42.0638,-91.2716,1.05,10,1,1,1,105,0,0,0,0
618014,2019,6,9,"2019-06-09","16:24:00",3,"TX",48,0,2,0,0,5e+05,0,31.1376,-97.9439,31.1169,-97.935,1.57,500,1,1,1,99,0,0,0,0
618015,2019,6,9,"2019-06-09","17:34:00",3,"TX",48,0,0,0,0,5000,0,30.6289,-98.0326,30.6201,-98.0398,0.74,50,1,1,1,491,0,0,0,0
618178,2019,7,10,"2019-07-10","07:26:00",3,"LA",22,0,1,0,0,3e+05,0,30.0136,-90.0821,30.0136,-90.0821,0.2,50,1,1,1,71,0,0,0,0
618179,2019,7,11,"2019-07-11","17:18:00",3,"NJ",34,0,1,0,0,0,0,39.9309,-74.9411,39.937,-74.9185,1.27,150,1,1,1,5,0,0,0,0
618180,2019,7,12,"2019-07-12","18:02:00",3,"NE",31,0,-9,0,0,0,0,41.2339,-102.9801,41.2205,-102.9662,1.18,20,1,1,1,33,0,0,0,0
618181,2019,7,12,"2019-07-12","21:24:00",3,"ND",38,0,1,0,0,1600000,0,46.4003,-102.3448,46.3705,-102.3018,2.9,200,1,1,1,41,0,0,0,0
618182,2019,7,14,"2019-07-14","05:25:00",3,"MS",28,0,0,0,0,3000,0,31.4122,-89.1959,31.4157,-89.203,0.48,25,1,1,1,35,0,0,0,0
618183,2019,7,15,"2019-07-15","18:04:00",3,"MN",27,0,0,0,0,150000,0,44.5962,-93.6957,44.5982,-93.6906,0.29,100,1,1,1,139,0,0,0,0
618184,2019,7,16,"2019-07-16","11:17:00",3,"MS",28,0,0,0,0,750000,0,34.8162,-89.6456,34.8592,-89.5684,5.29,75,1,1,1,93,0,0,0,0
618185,2019,7,16,"2019-07-16","14:38:00",3,"IA",19,0,-9,0,0,0,500,41.3122,-94.9708,41.2925,-94.9643,1.41,30,1,1,1,29,0,0,0,0
618186,2019,7,16,"2019-07-16","16:35:00",3,"WI",55,0,0,0,0,0,0,44.1736,-89.4987,44.1721,-89.4964,0.15,10,1,1,1,137,0,0,0,0
618187,2019,7,16,"2019-07-16","19:34:00",3,"WY",56,0,0,0,0,0,0,44.2704,-105.1142,44.2701,-105.0901,1.19,10,1,1,1,5,0,0,0,0
618188,2019,7,17,"2019-07-17","01:23:00",3,"SD",46,0,-9,0,0,0,0,43.34,-101.45,43.34,-101.45,0.01,2,1,1,1,7,0,0,0,0
618189,2019,7,17,"2019-07-17","04:22:00",3,"SD",46,0,1,0,0,1e+05,0,43.2559,-97.9773,43.2398,-97.9533,1.69,50,1,1,1,67,0,0,0,0
618190,2019,7,17,"2019-07-17","15:05:00",3,"MN",27,0,0,0,0,0,0,48.48,-95.22,48.481,-95.2185,0.25,25,1,1,1,7,0,0,0,0
618191,2019,7,17,"2019-07-17","15:40:00",3,"MN",27,0,1,0,0,0,0,48.55,-94.95,48.5897,-94.6,15,100,1,1,1,77,0,0,0,0
618192,2019,7,17,"2019-07-17","18:05:00",3,"WY",56,0,-9,0,0,0,0,42.99,-104.15,42.9881,-104.1453,0.27,20,1,1,1,27,0,0,0,0
618193,2019,7,17,"2019-07-17","18:25:00",3,"NE",31,0,-9,0,0,0,0,42.91,-103.88,42.9005,-103.8667,0.94,20,1,1,1,165,0,0,0,0
618194,2019,7,17,"2019-07-17","18:45:00",3,"WY",56,0,0,0,0,0,0,44.09,-104.187,44.073,-104.171,1.42,100,1,1,1,45,0,0,0,0
618195,2019,7,17,"2019-07-17","18:49:00",3,"MN",27,0,1,0,0,0,0,48.5411,-92.9993,48.5729,-92.9418,3.43,600,1,1,1,137,0,0,0,0
618196,2019,7,17,"2019-07-17","19:01:00",3,"MN",27,0,1,0,0,0,0,47.996,-92.8542,48.0314,-92.7422,5.73,420,1,1,1,137,0,0,0,0
618197,2019,7,17,"2019-07-17","19:23:00",3,"MN",27,0,0,0,0,0,0,48.0519,-92.6779,48.0795,-92.5612,5.72,500,1,1,1,137,0,0,0,0
618198,2019,7,18,"2019-07-18","12:55:00",3,"LA",22,0,-9,0,0,0,0,30,-89.86,30,-89.86,0.1,100,1,1,1,87,0,0,0,0
618199,2019,7,18,"2019-07-18","13:29:00",3,"WI",55,0,1,0,0,0,0,46.3076,-91.6082,46.3005,-91.5842,1.3,160,1,1,1,31,0,0,0,0
618200,2019,7,18,"2019-07-18","16:15:00",3,"SD",46,0,0,0,0,2000,0,43.6463,-96.8718,43.6456,-96.8637,0.41,5,1,1,1,99,0,0,0,0
618201,2019,7,18,"2019-07-18","21:33:00",3,"MN",27,0,0,0,0,15000,0,43.9355,-91.5095,43.9368,-91.5044,0.27,20,1,1,1,169,0,0,0,0
618202,2019,7,18,"2019-07-18","22:42:00",3,"WI",55,0,0,0,0,40000,0,43.6952,-90.7599,43.6943,-90.7503,0.48,25,1,1,1,123,0,0,0,0
618203,2019,7,19,"2019-07-19","00:44:00",3,"MT",30,0,1,0,0,0,0,45.5,-104.45,45.5,-104.45,0.5,100,1,1,1,11,0,0,0,0
618204,2019,7,19,"2019-07-19","16:28:00",3,"WI",55,0,0,0,0,0,0,45.4928,-92.3098,45.4826,-92.2986,0.89,75,1,1,1,95,0,0,0,0
618205,2019,7,19,"2019-07-19","16:28:00",3,"WI",55,0,1,0,0,0,0,45.4482,-92.3575,45.4052,-92.0832,13.9,600,1,1,1,95,5,0,0,0
618206,2019,7,19,"2019-07-19","17:47:00",3,"WI",55,0,0,0,0,0,0,45.551,-90.0356,45.5373,-89.9023,6.52,50,1,1,1,69,0,0,0,0
618207,2019,7,19,"2019-07-19","18:17:00",3,"WI",55,0,0,0,0,30000,0,44.9599,-90.6797,44.9621,-90.6762,0.23,30,1,1,1,19,0,0,0,0
618208,2019,7,19,"2019-07-19","18:24:00",3,"WI",55,0,1,0,0,30000,0,44.9858,-90.6116,44.9887,-90.6077,0.28,40,1,1,1,19,0,0,0,0
618209,2019,7,19,"2019-07-19","18:49:00",3,"WI",55,0,0,0,0,4e+05,0,45.5377,-89.3897,45.5281,-89.2785,5.42,50,1,1,1,85,0,0,0,0
618210,2019,7,19,"2019-07-19","19:20:00",3,"WI",55,0,1,0,0,25000,0,44.7499,-89.7883,44.7398,-89.6061,8.97,100,1,1,1,73,0,0,0,0
618211,2019,7,20,"2019-07-20","08:10:00",3,"WI",55,0,0,0,0,0,10000,44.0991,-91.183,44.0948,-91.1668,0.86,50,1,1,1,121,0,0,0,0
618212,2019,7,20,"2019-07-20","08:14:00",3,"WI",55,0,0,0,0,0,10000,44.1071,-91.0826,44.0977,-91.0524,1.63,50,1,1,1,53,0,0,0,0
618213,2019,7,20,"2019-07-20","09:55:00",3,"WI",55,0,1,0,0,150000,0,44.3332,-89.0561,44.3629,-88.909,7.55,80,1,1,1,135,0,0,0,0
618214,2019,7,20,"2019-07-20","10:00:00",3,"WI",55,0,0,0,0,150000,0,44.3115,-88.9345,44.317,-88.9083,1.35,50,1,1,1,135,0,0,0,0
618215,2019,7,20,"2019-07-20","10:09:00",3,"WI",55,0,0,0,0,1e+05,0,44.3547,-88.761,44.3628,-88.7372,1.3,75,1,1,1,135,0,0,0,0
618216,2019,7,20,"2019-07-20","10:10:00",3,"WI",55,0,1,0,0,25000,0,44.3627,-88.7372,44.4012,-88.623,6.24,90,1,1,1,87,0,0,0,0
618217,2019,7,20,"2019-07-20","10:18:00",3,"WI",55,0,1,0,0,75000,0,44.3294,-88.5767,44.3561,-88.5163,3.51,75,1,1,1,87,0,0,0,0
618218,2019,7,20,"2019-07-20","10:22:00",3,"WI",55,0,0,0,0,10000,0,44.3158,-88.4978,44.3219,-88.486,0.72,50,1,1,1,87,0,0,0,0
618219,2019,7,20,"2019-07-20","10:36:00",3,"WI",55,0,0,0,0,0,0,44.3026,-88.2129,44.3101,-88.1931,1.11,50,1,1,1,87,0,0,0,0
618220,2019,7,21,"2019-07-21","12:31:00",3,"IL",17,0,-9,0,0,0,0,40.8531,-87.8112,40.8583,-87.8077,0.4,25,1,1,1,75,0,0,0,0
618221,2019,7,22,"2019-07-22","16:30:00",3,"CO",8,0,0,0,0,0,0,38.2,-105.46,38.2,-105.46,0.5,20,1,1,1,27,0,0,0,0
618222,2019,7,23,"2019-07-23","09:57:00",3,"MA",25,0,1,0,0,1200000,0,41.6354,-70.2841,41.6769,-70.1961,5.52,250,1,1,1,1,0,0,0,0
618223,2019,7,23,"2019-07-23","10:00:00",3,"MA",25,0,1,0,0,1e+05,0,41.6464,-70.2435,41.6455,-70.2397,0.25,50,1,1,1,1,0,0,0,0
618224,2019,7,23,"2019-07-23","10:10:00",3,"MA",25,0,1,0,0,3600000,0,41.6851,-70.0789,41.7005,-70.0299,2.77,250,1,1,1,1,0,0,0,0
618225,2019,7,23,"2019-07-23","12:34:00",3,"NC",37,0,0,0,0,50000,0,35.5943,-78.7405,35.5931,-78.7184,1.24,175,1,1,1,183,0,0,0,0
618226,2019,7,23,"2019-07-23","13:00:00",3,"NC",37,0,1,0,0,0,0,35.5915,-78.5383,35.5917,-78.5344,0.22,100,1,1,1,101,0,0,0,0
618227,2019,7,25,"2019-07-25","07:57:00",3,"VI",78,0,0,0,0,0,0,17.7212,-64.7151,17.7212,-64.7151,0.5,5,1,1,1,10,0,0,0,0
618228,2019,7,25,"2019-07-25","13:49:00",3,"FL",12,0,0,0,0,0,0,26.6892,-80.1264,26.6878,-80.1258,0.1,5,1,1,1,99,0,0,0,0
618229,2019,7,26,"2019-07-26","14:15:00",3,"TX",48,0,0,0,0,500,0,26.1064,-97.1635,26.1064,-97.1635,0.01,15,1,1,1,61,0,0,0,0
618230,2019,7,27,"2019-07-27","19:15:00",3,"PR",72,0,0,0,0,1e+05,0,18.0397,-67.0164,18.0397,-67.0164,0.5,1,1,1,1,79,0,0,0,0
618231,2019,7,28,"2019-07-28","13:23:00",3,"ND",38,0,1,0,0,0,0,48.02,-98.25,48.0339,-98.17,3.82,100,1,1,1,63,0,0,0,0
618232,2019,7,28,"2019-07-28","14:17:00",3,"MN",27,0,0,0,0,0,0,44.8053,-94.3299,44.843,-94.2683,3.99,200,1,1,1,85,0,0,0,0
618233,2019,7,28,"2019-07-28","14:32:00",3,"MN",27,0,0,0,0,0,0,44.8555,-94.1804,44.8591,-94.1829,0.28,25,1,1,1,85,0,0,0,0
618234,2019,7,28,"2019-07-28","14:36:00",3,"MN",27,0,1,0,0,0,0,44.8828,-94.1691,44.9155,-94.1416,2.63,440,1,1,1,85,0,0,0,0
618235,2019,7,28,"2019-07-28","15:28:00",3,"MN",27,0,1,0,0,2e+06,10000,45.2478,-92.902,45.3364,-92.791,8.16,440,1,1,1,163,25,0,0,0
618236,2019,7,28,"2019-07-28","16:31:00",3,"WI",55,0,0,0,0,0,0,45.5195,-92.3955,45.5843,-92.361,4.78,100,1,1,1,95,0,0,0,0
618237,2019,7,28,"2019-07-28","17:41:00",3,"WI",55,0,0,0,0,0,0,45.329,-91.7909,45.3348,-91.7878,0.43,25,1,1,1,5,0,0,0,0
618238,2019,7,28,"2019-07-28","19:53:00",3,"SD",46,0,-9,0,0,0,0,43.1938,-98.6163,43.1876,-98.5933,1.24,10,1,1,1,23,0,0,0,0
618239,2019,7,28,"2019-07-28","20:10:00",3,"NE",31,0,0,0,0,0,0,42.91,-98.81,42.91,-98.81,0.04,30,1,1,1,15,0,0,0,0
618240,2019,7,30,"2019-07-30","17:30:00",3,"AZ",4,0,0,0,0,0,0,33.26,-111.82,33.268,-111.8065,0.95,50,1,1,1,13,0,0,0,0
618140,2019,7,1,"2019-07-01","16:05:00",3,"MN",27,0,0,0,0,0,0,43.76,-93.17,43.76,-93.1698,0.01,25,1,1,1,47,0,0,0,0
618141,2019,7,1,"2019-07-01","18:24:00",3,"OR",41,0,0,0,0,21000,0,45.56,-122.65,45.551,-122.624,1.6,40,1,1,1,51,0,0,0,0
618142,2019,7,3,"2019-07-03","16:06:00",3,"SD",46,0,0,0,0,0,0,43.237,-102.09,43.237,-102.09,0.01,7,1,1,1,7,0,0,0,0
618143,2019,7,3,"2019-07-03","16:19:00",3,"SD",46,0,0,0,0,0,0,43.27,-102.11,43.27,-102.11,0.01,7,1,1,1,7,0,0,0,0
618144,2019,7,3,"2019-07-03","16:28:00",3,"WY",56,0,0,0,0,0,0,43.507,-104.079,43.547,-104.004,4.67,50,2,0,1,0,0,0,0,0
618144,2019,7,3,"2019-07-03","16:28:00",3,"WY",56,0,0,0,0,0,0,43.507,-104.079,43.518,-104.055,1.42,50,2,1,2,45,0,0,0,0
618144,2019,7,3,"2019-07-03","16:30:00",3,"SD",46,0,0,0,0,0,0,43.518,-104.055,43.547,-104.004,3.25,50,2,1,2,33,0,0,0,0
618145,2019,7,3,"2019-07-03","16:30:00",3,"WY",56,0,-9,0,0,0,0,43.5,-104.06,43.5,-104.0595,0.02,50,1,1,1,27,0,0,0,0
618146,2019,7,3,"2019-07-03","16:37:00",3,"SD",46,0,0,0,0,0,0,43.244,-102.01,43.244,-102.01,0.01,7,1,1,1,7,0,0,0,0
618147,2019,7,4,"2019-07-04","16:39:00",3,"WI",55,0,0,0,0,5e+05,0,45.3167,-91.3458,45.3614,-91.203,7.59,100,1,1,1,107,0,0,0,0
618148,2019,7,4,"2019-07-04","16:46:00",3,"WY",56,0,-9,0,0,0,0,41.6929,-105.0926,41.6929,-105.0926,0.01,10,1,1,1,31,0,0,0,0
618149,2019,7,4,"2019-07-04","17:16:00",3,"WY",56,0,-9,0,0,0,0,41.6833,-104.8932,41.68,-104.8541,2.03,200,1,1,1,31,0,0,0,0
618150,2019,7,4,"2019-07-04","20:17:00",3,"SD",46,0,1,0,0,0,0,43.86,-103.945,43.857,-103.912,1.66,250,1,1,1,103,0,0,0,0
618151,2019,7,4,"2019-07-04","20:21:00",3,"SD",46,0,1,0,0,0,0,44.138,-103.86,44.138,-103.854,0.3,200,1,1,1,103,0,0,0,0
618152,2019,7,4,"2019-07-04","20:29:00",3,"SD",46,0,1,0,0,0,0,44.034,-103.742,44.038,-103.718,1.22,200,1,1,1,103,0,0,0,0
618153,2019,7,4,"2019-07-04","22:41:00",3,"CO",8,0,0,0,0,0,0,40.54,-102.36,40.54,-102.36,0.01,25,1,1,1,95,0,0,0,0
618154,2019,7,5,"2019-07-05","15:45:00",3,"KS",20,0,0,0,0,0,0,38.2387,-100.7875,38.2365,-100.7828,0.3,50,1,1,1,55,0,0,0,0
618155,2019,7,5,"2019-07-05","15:48:00",3,"KS",20,0,0,0,0,0,0,38.2202,-100.8179,38.2183,-100.8121,0.34,50,1,1,1,55,0,0,0,0
618156,2019,7,5,"2019-07-05","16:03:00",3,"KS",20,0,0,0,0,0,0,38.3577,-100.6502,38.353,-100.6503,0.33,50,1,1,1,101,0,0,0,0
618157,2019,7,5,"2019-07-05","16:05:00",3,"NM",35,0,0,0,0,0,0,36.4445,-103.5881,36.4487,-103.5499,2.14,50,1,1,1,59,0,0,0,0
618158,2019,7,5,"2019-07-05","16:45:00",3,"MN",27,0,0,0,0,0,0,44.5843,-93.9426,44.5835,-93.9395,0.16,25,1,1,1,143,0,0,0,0
618159,2019,7,5,"2019-07-05","18:24:00",3,"KS",20,0,0,0,0,0,0,38.5221,-99.5149,38.5265,-99.5102,0.4,50,1,1,1,165,0,0,0,0
618160,2019,7,5,"2019-07-05","18:40:00",3,"MN",27,0,0,0,0,0,0,44.2999,-93.6969,44.2993,-93.6952,0.1,25,1,1,1,79,0,0,0,0
618161,2019,7,6,"2019-07-06","12:07:00",3,"NJ",34,0,0,0,0,0,0,39.9417,-74.9462,39.9414,-74.945,0.07,5,1,1,1,5,0,0,0,0
618162,2019,7,6,"2019-07-06","18:10:00",3,"WY",56,0,1,0,0,0,0,41.5556,-105.7349,41.5341,-105.6636,3.98,500,1,1,1,1,0,0,0,0
618163,2019,7,6,"2019-07-06","19:49:00",3,"WY",56,0,-9,0,0,0,0,41.7175,-104.621,41.6774,-104.5763,3.61,20,1,1,1,15,0,0,0,0
618164,2019,7,8,"2019-07-08","12:52:00",3,"ND",38,0,0,0,0,0,0,47.3164,-101.652,47.32,-101.64,0.61,50,1,1,1,57,0,0,0,0
618165,2019,7,8,"2019-07-08","13:46:00",3,"ND",38,0,0,0,0,0,0,47.7666,-100.3466,47.7699,-100.3362,0.53,50,1,1,1,83,0,0,0,0
618166,2019,7,8,"2019-07-08","15:06:00",3,"ND",38,0,0,0,0,0,0,48.49,-99,48.49,-99,0.2,50,1,1,1,95,0,0,0,0
618167,2019,7,8,"2019-07-08","15:32:00",3,"ND",38,0,0,0,0,0,0,48.55,-98.94,48.5765,-98.8865,3.06,200,1,1,1,19,0,0,0,0
618168,2019,7,8,"2019-07-08","17:38:00",3,"NE",31,0,0,0,0,0,0,40.4266,-98.55,40.4266,-98.55,0.01,25,1,1,1,1,0,0,0,0
618169,2019,7,9,"2019-07-09","16:19:00",3,"ND",38,0,1,0,0,0,0,46.57,-97.01,46.6035,-96.9622,1.5,100,1,1,1,77,0,0,0,0
618170,2019,7,9,"2019-07-09","16:30:00",3,"ND",38,0,0,0,0,0,0,46.23,-96.75,46.23,-96.75,0.2,50,1,1,1,77,0,0,0,0
618171,2019,7,9,"2019-07-09","16:57:00",3,"MN",27,0,1,0,0,0,0,46.31,-96.59,46.33,-96.55,2,100,1,1,1,167,0,0,0,0
618172,2019,7,9,"2019-07-09","16:58:00",3,"MN",27,0,0,0,0,0,0,46.7,-96.74,46.71,-96.73,0.5,75,1,1,1,27,0,0,0,0
618173,2019,7,9,"2019-07-09","17:20:00",3,"MN",27,0,1,0,0,0,0,46.37,-96.42,46.38,-96.41,0.95,150,1,1,1,167,0,0,0,0
618174,2019,7,9,"2019-07-09","17:30:00",3,"MN",27,0,0,0,0,0,0,46.84,-96.45,46.86,-96.385,3,150,1,1,1,27,0,0,0,0
618175,2019,7,9,"2019-07-09","17:45:00",3,"MN",27,0,1,0,0,0,0,46.47,-96.14,46.48,-96.09,2,150,1,1,1,111,0,0,0,0
618176,2019,7,9,"2019-07-09","18:08:00",3,"IA",19,0,-9,0,0,0,0,41.64,-90.7967,41.6401,-90.7956,0.06,10,1,1,1,163,0,0,0,0
618177,2019,7,9,"2019-07-09","18:41:00",3,"IA",19,0,-9,0,0,0,0,41.6682,-90.6625,41.6683,-90.6617,0.04,10,1,1,1,163,0,0,0,0
618257,2019,8,10,"2019-08-10","14:00:00",3,"AZ",4,0,0,0,0,0,0,32.1153,-111.3196,32.1156,-111.3225,0.17,10,1,1,1,19,0,0,0,0
618258,2019,8,10,"2019-08-10","17:06:00",3,"MN",27,0,0,0,0,0,0,43.8698,-95.1275,43.8749,-95.1003,1.42,50,1,1,1,33,0,0,0,0
618259,2019,8,10,"2019-08-10","17:36:00",3,"MN",27,0,0,0,0,0,0,43.61,-94.41,43.6099,-94.4097,0.02,25,1,1,1,91,0,0,0,0
618260,2019,8,11,"2019-08-11","14:54:00",3,"WY",56,0,-9,0,0,0,0,41.16,-104.48,41.1461,-104.4633,1.3,50,1,1,1,21,0,0,0,0
618261,2019,8,11,"2019-08-11","15:04:00",3,"CO",8,0,0,0,0,0,0,40.1897,-103.1425,40.1897,-103.1425,0.01,25,1,1,1,121,0,0,0,0
618262,2019,8,11,"2019-08-11","15:26:00",3,"CO",8,0,0,0,0,0,0,40.2274,-103.0929,40.2274,-103.0929,0.01,25,1,1,1,121,0,0,0,0
618263,2019,8,11,"2019-08-11","15:59:00",3,"CO",8,0,0,0,0,0,0,40.1598,-102.9227,40.1598,-102.9227,0.01,25,1,1,1,121,0,0,0,0
618264,2019,8,11,"2019-08-11","16:03:00",3,"CO",8,0,0,0,0,0,0,40.1589,-102.883,40.1589,-102.883,0.01,25,1,1,1,121,0,0,0,0
618265,2019,8,11,"2019-08-11","16:04:00",3,"CO",8,0,-9,0,0,0,0,40.2819,-102.6236,40.2819,-102.6236,0.01,50,1,1,1,125,0,0,0,0
618266,2019,8,11,"2019-08-11","16:09:00",3,"CO",8,0,0,0,0,0,0,40.165,-102.8515,40.165,-102.8515,0.01,25,1,1,1,121,0,0,0,0
618267,2019,8,11,"2019-08-11","16:10:00",3,"CO",8,0,1,0,0,0,0,40.1836,-102.7939,40.1836,-102.7939,0.12,200,1,1,1,121,125,0,0,0
618268,2019,8,11,"2019-08-11","16:59:00",3,"CO",8,0,1,0,0,70000,0,40.2481,-102.3616,40.2479,-102.3316,1.58,100,1,1,1,125,0,0,0,0
618269,2019,8,11,"2019-08-11","18:33:00",3,"NE",31,0,-9,0,0,0,0,40.1523,-101.8538,40.1523,-101.8538,0.01,50,1,1,1,57,0,0,0,0
618270,2019,8,11,"2019-08-11","18:47:00",3,"KS",20,0,1,0,0,50000,0,39.6813,-101.6576,39.695,-101.643,1.23,175,1,1,1,23,0,0,0,0
618271,2019,8,11,"2019-08-11","19:57:00",3,"KS",20,0,-9,0,0,0,0,39.7754,-101.2539,39.7731,-101.2362,0.95,50,1,1,1,153,0,0,0,0
618272,2019,8,12,"2019-08-12","10:44:00",3,"IN",18,0,1,0,0,5000,10000,39.1347,-87.6159,39.1393,-87.5848,1.72,100,1,1,1,153,0,0,0,0
618273,2019,8,12,"2019-08-12","15:43:00",3,"ME",23,0,1,0,0,0,0,45.417,-67.955,45.416,-67.951,0.21,200,1,1,1,29,0,0,0,0
618274,2019,8,12,"2019-08-12","18:40:00",3,"ND",38,0,0,0,0,0,0,47.82,-101.48,47.8169,-101.4714,0.45,30,1,1,1,55,0,0,0,0
618275,2019,8,12,"2019-08-12","20:08:00",3,"IL",17,0,1,0,0,75000,630000,39.6475,-89.3382,39.5978,-89.2401,6.25,200,1,1,1,21,0,0,0,0
618276,2019,8,12,"2019-08-12","20:40:00",3,"IL",17,0,0,0,0,20000,1e+05,39.5356,-89.0517,39.5304,-89.0166,1.91,75,1,1,1,21,173,0,0,0
618277,2019,8,13,"2019-08-13","13:25:00",3,"MN",27,0,0,0,0,0,10000,46.28,-95.44,46.28,-95.44,0.25,100,1,1,1,111,0,0,0,0
618278,2019,8,13,"2019-08-13","13:55:00",3,"CO",8,0,-9,0,0,0,0,39.785,-102.656,39.754,-102.648,2.18,100,1,1,1,125,0,0,0,0
618279,2019,8,13,"2019-08-13","14:00:00",3,"CO",8,0,-9,0,0,0,0,39.771,-102.609,39.732,-102.566,3.53,100,1,1,1,125,0,0,0,0
618280,2019,8,13,"2019-08-13","14:52:00",3,"CO",8,0,-9,0,0,0,0,39.4222,-102.5184,39.3701,-102.4781,4.19,100,1,1,1,63,0,0,0,0
618281,2019,8,13,"2019-08-13","15:24:00",3,"MN",27,0,0,0,0,1000,0,43.9761,-93.3639,43.8991,-93.3131,5.89,25,1,1,1,147,0,0,0,0
618282,2019,8,13,"2019-08-13","16:03:00",3,"MN",27,0,0,0,0,0,0,44.5721,-93.1216,44.5726,-93.1151,0.32,25,1,1,1,37,0,0,0,0
618283,2019,8,15,"2019-08-15","16:19:00",3,"SD",46,0,0,0,0,0,0,45.6903,-97.4166,45.6912,-97.4105,0.3,75,1,1,1,91,0,0,0,0
618284,2019,8,15,"2019-08-15","18:34:00",3,"KS",20,0,-9,0,0,0,0,39.1097,-96.6804,39.1009,-96.6576,1.37,25,1,1,1,161,0,0,0,0
618285,2019,8,15,"2019-08-15","19:05:00",3,"KS",20,0,-9,0,0,0,0,38.965,-96.5074,38.9343,-96.4538,3.8,50,1,1,1,61,197,0,0,0
618286,2019,8,15,"2019-08-15","19:34:00",3,"KS",20,0,1,0,0,0,0,38.9226,-96.3442,39.0182,-96.3681,6.73,150,1,1,1,197,0,0,0,0
618287,2019,8,15,"2019-08-15","19:41:00",3,"KS",20,0,-9,0,0,0,0,38.8793,-96.314,38.8686,-96.2876,1.6,25,1,1,1,197,0,0,0,0
618288,2019,8,15,"2019-08-15","20:25:00",3,"KS",20,0,-9,0,0,0,0,38.8676,-96.3757,38.8326,-96.3609,2.55,25,1,1,1,197,0,0,0,0
618289,2019,8,17,"2019-08-17","21:34:00",3,"IA",19,0,1,0,0,2e+05,0,43.4212,-96.2725,43.4058,-96.1372,6.95,75,1,1,1,119,0,0,0,0
618290,2019,8,17,"2019-08-17","21:54:00",3,"MN",27,0,1,0,0,2e+05,0,43.9877,-95.8831,44.0258,-95.8253,3.94,75,1,1,1,101,0,0,0,0
618291,2019,8,17,"2019-08-17","21:59:00",3,"MN",27,0,0,0,0,0,0,43.9071,-95.7834,43.9141,-95.7707,0.79,50,1,1,1,101,0,0,0,0
618292,2019,8,17,"2019-08-17","21:59:00",3,"MN",27,0,0,0,0,10000,0,43.7162,-95.7486,43.7291,-95.6705,4.01,40,1,1,1,105,0,0,0,0
618293,2019,8,17,"2019-08-17","22:08:00",3,"MN",27,0,0,0,0,25000,0,44.1095,-95.7834,44.1102,-95.7653,0.93,50,1,1,1,101,0,0,0,0
618294,2019,8,17,"2019-08-17","22:14:00",3,"MN",27,0,0,0,0,50000,0,44.1313,-95.7583,44.1423,-95.7421,1.15,50,1,1,1,101,0,0,0,0
618295,2019,8,17,"2019-08-17","22:25:00",3,"MN",27,0,0,0,0,0,0,43.86,-95.2617,43.8661,-95.2566,0.51,20,1,1,1,33,0,0,0,0
618296,2019,8,18,"2019-08-18","04:40:00",3,"IA",19,0,0,0,0,0,0,41.7858,-90.6632,41.7861,-90.6613,0.1,20,1,1,1,45,0,0,0,0
618297,2019,8,20,"2019-08-20","04:21:00",3,"IA",19,0,1,0,0,5000,500,41.4857,-93.9316,41.4699,-93.9203,1.24,150,1,1,1,121,0,0,0,0
618298,2019,8,20,"2019-08-20","04:55:00",3,"IA",19,0,3,0,0,350000,1000,41.2582,-93.5239,41.2312,-93.4265,5.4,710,1,1,1,181,0,0,0,0
618299,2019,8,20,"2019-08-20","05:21:00",3,"IA",19,0,1,0,0,15000,200,41.2693,-92.9008,41.2753,-92.8715,1.58,120,1,1,1,125,0,0,0,0
618300,2019,8,21,"2019-08-21","12:24:00",3,"NY",36,0,0,0,0,0,0,43.02,-74.38,43.02,-74.37,0.51,150,1,1,1,35,0,0,0,0
618301,2019,8,21,"2019-08-21","13:35:00",3,"NY",36,0,1,0,0,0,0,43.082,-73.742,43.087,-73.739,0.38,75,1,1,1,91,0,0,0,0
618302,2019,8,21,"2019-08-21","15:05:00",3,"VT",50,0,1,0,0,0,0,43.19,-72.73,43.19,-72.72,0.75,350,1,1,1,25,0,0,0,0
618303,2019,8,21,"2019-08-21","18:59:00",3,"IL",17,0,0,0,0,0,0,39.8181,-89.0091,39.8182,-89.0067,0.13,10,1,1,1,115,0,0,0,0
618304,2019,8,22,"2019-08-22","15:34:00",3,"CO",8,0,0,0,0,0,0,40.19,-104.4,40.19,-104.4,0.02,50,1,1,1,123,0,0,0,0
618305,2019,8,23,"2019-08-23","16:22:00",3,"WY",56,0,0,0,0,0,0,42.93,-106.35,42.9399,-106.3407,0.83,30,1,1,1,25,0,0,0,0
618306,2019,8,23,"2019-08-23","19:10:00",3,"OK",40,0,0,0,0,0,0,36.7969,-100.3509,36.797,-100.3858,1.93,50,1,1,1,7,0,0,0,0
618307,2019,8,23,"2019-08-23","19:31:00",3,"CO",8,0,-9,0,0,0,0,38.7391,-102.8385,38.7296,-102.8337,0.71,50,1,1,1,17,0,0,0,0
618308,2019,8,24,"2019-08-24","20:24:00",3,"KS",20,0,-9,0,0,0,0,38.64,-98.54,38.6418,-98.5371,0.67,25,1,1,1,9,0,0,0,0
618309,2019,8,26,"2019-08-26","14:59:00",3,"IN",18,0,-9,0,0,0,0,40.7855,-87.4889,40.7881,-87.4819,0.41,50,1,1,1,111,0,0,0,0
618310,2019,8,26,"2019-08-26","17:43:00",3,"MN",27,0,0,0,0,15000,0,45.9851,-93.7478,45.9655,-93.6928,2.97,50,1,1,1,95,0,0,0,0
618311,2019,8,26,"2019-08-26","18:05:00",3,"MN",27,0,0,0,0,0,0,46.4339,-93.7791,46.4172,-93.7501,1.8,30,1,1,1,1,0,0,0,0
618312,2019,8,26,"2019-08-26","18:39:00",3,"MN",27,0,1,0,0,2e+05,0,45.7307,-93.5849,45.7156,-93.5423,2.31,50,1,1,1,95,0,0,0,0
618313,2019,8,26,"2019-08-26","19:12:00",3,"OK",40,0,1,0,0,75000,0,36.105,-97.443,36.078,-97.461,2.2,50,1,1,1,83,0,0,0,0
618314,2019,8,26,"2019-08-26","19:55:00",3,"OK",40,0,1,0,0,150000,0,35.771,-97.496,35.771,-97.496,3.52,500,1,1,1,83,109,0,0,0
618315,2019,8,29,"2019-08-29","16:25:00",3,"NE",31,0,1,0,0,0,0,40.56,-101.16,40.56,-101.16,0.1,20,1,1,1,85,0,0,0,0
618316,2019,8,29,"2019-08-29","16:30:00",3,"NE",31,0,0,0,0,0,0,40.5101,-101.1751,40.4955,-101.1726,1.3,20,1,1,1,85,0,0,0,0
618317,2019,8,29,"2019-08-29","16:45:00",3,"NE",31,0,0,0,0,0,0,40.43,-101.09,40.43,-101.09,0.1,20,1,1,1,85,0,0,0,0
618318,2019,8,29,"2019-08-29","19:23:00",3,"MI",26,0,0,0,0,50000,0,43.103,-83.971,43.1231,-83.9301,2.49,125,1,1,1,155,0,0,0,0
618241,2019,8,2,"2019-08-02","13:55:00",3,"ID",16,0,0,0,0,0,0,42.6165,-113.5521,42.6165,-113.5521,1,10,1,1,1,31,0,0,0,0
618242,2019,8,4,"2019-08-04","17:20:00",3,"FL",12,0,0,0,0,0,0,24.6483,-81.4806,24.6473,-81.4797,0.09,20,1,1,1,87,0,0,0,0
618243,2019,8,5,"2019-08-05","08:13:00",3,"NC",37,0,0,0,0,2000,0,34.4299,-77.5491,34.4305,-77.5475,0.1,20,1,1,1,141,0,0,0,0
618244,2019,8,5,"2019-08-05","21:07:00",3,"IA",19,0,1,0,0,0,0,42.3863,-90.7796,42.3835,-90.775,0.3,50,1,1,1,61,0,0,0,0
618245,2019,8,6,"2019-08-06","15:20:00",3,"OH",39,0,1,0,0,0,0,41.2226,-82.6106,41.2323,-82.5837,1.5,50,1,1,1,77,0,0,0,0
618246,2019,8,6,"2019-08-06","21:25:00",3,"SD",46,0,1,2,0,7e+06,0,43.1833,-99.2911,43.1294,-99.2743,3.82,75,1,1,1,53,0,0,0,0
618247,2019,8,7,"2019-08-07","12:47:00",3,"NJ",34,0,0,0,0,117000,0,40.6844,-74.3299,40.6844,-74.3299,0.1,100,1,1,1,39,0,0,0,0
618248,2019,8,7,"2019-08-07","13:45:00",3,"NC",37,0,0,0,0,0,0,34.33,-77.75,34.3302,-77.7482,0.1,20,1,1,1,141,0,0,0,0
618249,2019,8,7,"2019-08-07","14:33:00",3,"NJ",34,0,0,0,0,0,0,40.2139,-74.5485,40.2183,-74.5461,0.33,25,1,1,1,21,0,0,0,0
618250,2019,8,7,"2019-08-07","16:40:00",3,"NJ",34,0,0,0,0,0,0,39.3759,-75.0332,39.3755,-75.0314,0.1,10,1,1,1,11,0,0,0,0
618251,2019,8,7,"2019-08-07","16:48:00",3,"WI",55,0,0,0,0,50000,0,44.4952,-87.988,44.4475,-87.8816,6.2,90,1,1,1,9,0,0,0,0
618252,2019,8,8,"2019-08-08","16:29:00",3,"CO",8,0,-9,0,0,0,0,38.98,-104.61,38.98,-104.61,0.5,10,1,1,1,41,0,0,0,0
618253,2019,8,9,"2019-08-09","12:22:00",3,"AR",5,0,0,0,0,0,0,36.2767,-90.7434,36.2763,-90.74,0.19,50,1,1,1,21,0,0,0,0
618254,2019,8,9,"2019-08-09","15:58:00",3,"SD",46,0,0,0,0,0,0,44.07,-99.78,44.0703,-99.7782,0.09,10,1,1,1,85,0,0,0,0
618255,2019,8,9,"2019-08-09","17:00:00",3,"MS",28,0,0,0,0,0,0,34.3776,-90.2788,34.3765,-90.2779,0.09,50,1,1,1,119,0,0,0,0
618256,2019,8,9,"2019-08-09","18:10:00",3,"VA",51,0,1,0,0,2e+05,0,37.102,-80.78,37.103,-80.776,0.25,50,1,1,1,155,0,0,0,0
618361,2019,9,10,"2019-09-10","15:09:00",3,"WY",56,0,-9,0,0,0,0,42.31,-104.7,42.33,-104.61,4.8,30,1,1,1,31,15,0,0,0
618362,2019,9,10,"2019-09-10","16:14:00",3,"WY",56,0,2,0,0,0,0,42.3339,-104.5405,42.26,-104.18,19.12,200,1,1,1,15,0,0,0,0
618363,2019,9,10,"2019-09-10","16:58:00",3,"WY",56,0,-9,0,0,0,0,41.76,-104.72,41.79,-104.56,8.52,30,1,1,1,31,15,0,0,0
618364,2019,9,10,"2019-09-10","19:02:00",3,"MI",26,0,0,0,0,0,0,43.3776,-83.0064,43.3572,-82.934,3.78,75,1,1,1,151,0,0,0,0
618365,2019,9,10,"2019-09-10","19:13:00",3,"SD",46,0,0,0,0,6000,0,42.9397,-98.1,42.9591,-98.0904,1.43,20,1,1,1,9,0,0,0,0
618366,2019,9,10,"2019-09-10","22:24:00",3,"SD",46,0,2,0,0,1200000,0,43.4752,-96.7471,43.4849,-96.7372,0.9,50,1,1,1,83,0,0,0,0
618367,2019,9,10,"2019-09-10","22:24:00",3,"SD",46,0,2,8,0,6800000,0,43.4904,-96.7875,43.4916,-96.775,0.63,50,1,1,1,83,0,0,0,0
618368,2019,9,10,"2019-09-10","22:28:00",3,"SD",46,0,2,0,0,3e+06,0,43.516,-96.7611,43.5087,-96.7515,0.7,75,1,1,1,99,0,0,0,0
618369,2019,9,11,"2019-09-11","05:22:00",3,"MN",27,0,1,0,0,175000,0,44.0347,-91.6605,44.036,-91.6577,0.17,80,1,1,1,169,0,0,0,0
618370,2019,9,11,"2019-09-11","17:43:00",3,"MI",26,0,0,0,0,0,0,42.9723,-85.6682,42.9724,-85.6672,0.05,25,1,1,1,81,0,0,0,0
618371,2019,9,11,"2019-09-11","18:58:00",3,"CO",8,0,2,0,0,0,0,40.73,-103,40.73,-103,0.5,440,1,1,1,75,0,0,0,0
618372,2019,9,11,"2019-09-11","19:00:00",3,"CO",8,0,2,0,0,0,0,40.71,-102.95,40.71,-102.95,0.1,75,1,1,1,75,0,0,0,0
618373,2019,9,12,"2019-09-12","15:49:00",3,"IA",19,0,0,0,0,60000,0,43.0915,-91.7879,43.1059,-91.7357,2.82,150,1,1,1,191,0,0,0,0
618374,2019,9,12,"2019-09-12","16:34:00",3,"IA",19,0,0,0,0,30000,3000,42.9688,-91.4648,43.0183,-91.4159,4.22,40,1,1,1,43,0,0,0,0
618375,2019,9,16,"2019-09-16","14:55:00",3,"AZ",4,0,0,0,0,0,0,32.7,-111.84,32.7,-111.84,0.1,10,1,1,1,21,0,0,0,0
618376,2019,9,18,"2019-09-18","15:56:00",3,"TX",48,0,1,0,0,3e+05,0,29.8409,-95.0007,29.8358,-94.9505,3.04,30,1,1,1,201,0,0,0,0
618377,2019,9,19,"2019-09-19","10:02:00",3,"LA",22,0,0,0,0,20000,0,29.9865,-93.3974,29.99,-93.3882,0.6,50,1,1,1,23,0,0,0,0
618378,2019,9,20,"2019-09-20","17:00:00",3,"ND",38,0,0,0,0,0,0,48.62,-99.36,48.62,-99.36,0.1,25,1,1,1,95,0,0,0,0
618379,2019,9,20,"2019-09-20","18:05:00",3,"NE",31,0,-9,0,0,0,0,42.09,-103.19,42.09,-103.39,10.25,20,1,1,1,13,0,0,0,0
618380,2019,9,21,"2019-09-21","15:48:00",3,"KS",20,0,-9,0,0,0,0,37.22,-96.5,37.22,-96.5,0.5,25,1,1,1,19,0,0,0,0
618381,2019,9,21,"2019-09-21","16:01:00",3,"MN",27,0,0,0,0,0,10000,45.7518,-93.3108,45.7623,-93.2902,1.23,80,1,1,1,65,0,0,0,0
618382,2019,9,21,"2019-09-21","17:12:00",3,"KS",20,0,1,0,0,5000,0,37.38,-96.12,37.38,-96.0982,1.2,75,1,1,1,49,0,0,0,0
618383,2019,9,21,"2019-09-21","17:16:00",3,"KS",20,0,-9,0,0,0,0,37.39,-96.11,37.39,-96.11,0.5,25,1,1,1,49,0,0,0,0
618384,2019,9,21,"2019-09-21","23:53:00",3,"IA",19,0,-9,0,0,0,200,41.6882,-93.4278,41.7025,-93.4037,1.59,25,1,1,1,153,0,0,0,0
618385,2019,9,22,"2019-09-22","00:03:00",3,"IA",19,0,-9,0,0,0,100,41.7723,-93.3182,41.7832,-93.316,0.76,25,1,1,1,99,0,0,0,0
618386,2019,9,22,"2019-09-22","16:29:00",3,"MO",29,0,0,0,0,0,0,38.9248,-94.2433,38.9243,-94.2409,0.13,10,1,1,1,95,0,0,0,0
618387,2019,9,23,"2019-09-23","13:06:00",3,"AZ",4,0,0,0,0,20000,0,33.89,-112.04,33.9028,-112.0309,1.03,100,1,1,1,13,0,0,0,0
618388,2019,9,23,"2019-09-23","19:23:00",3,"AZ",4,0,0,0,0,0,0,32.87,-111.88,32.8761,-111.8743,0.53,50,1,1,1,21,0,0,0,0
618389,2019,9,23,"2019-09-23","22:23:00",3,"AZ",4,0,1,5,0,250000,0,32.2682,-109.8966,32.2858,-109.8759,1.71,580,1,1,1,3,0,0,0,0
618390,2019,9,24,"2019-09-24","16:30:00",3,"TX",48,0,-9,0,0,0,0,31.3546,-105.3635,31.3568,-105.3603,0.24,10,1,1,1,229,0,0,0,0
618391,2019,9,24,"2019-09-24","16:31:00",3,"IA",19,0,-9,0,0,0,0,42.4127,-95.5636,42.4129,-95.5632,0.02,10,1,1,1,93,0,0,0,0
618392,2019,9,24,"2019-09-24","16:42:00",3,"IA",19,0,-9,0,0,0,0,42.4311,-95.5237,42.4351,-95.5117,0.67,10,1,1,1,93,0,0,0,0
618393,2019,9,24,"2019-09-24","16:57:00",3,"IA",19,0,-9,0,0,0,0,41.7957,-95.6863,41.7965,-95.686,0.05,25,1,1,1,85,0,0,0,0
618394,2019,9,24,"2019-09-24","17:45:00",3,"WI",55,0,3,3,0,3250000,0,44.8649,-91.6908,44.9106,-91.5639,6.97,725,1,1,1,33,17,0,0,0
618395,2019,9,24,"2019-09-24","18:23:00",3,"KS",20,0,0,0,0,0,0,37.41,-98.64,37.42,-98.63,0.8,50,1,1,1,7,0,0,0,0
618396,2019,9,24,"2019-09-24","18:58:00",3,"MN",27,0,0,0,0,250000,0,44.443,-92.2769,44.4534,-92.2604,1.09,35,1,1,1,157,0,0,0,0
618397,2019,9,24,"2019-09-24","20:26:00",3,"WI",55,0,1,0,0,255000,0,44.711,-90.6427,44.7367,-90.5543,4.69,60,1,1,1,19,0,0,0,0
618398,2019,9,25,"2019-09-25","19:23:00",3,"AZ",4,0,0,0,0,0,0,32.87,-111.88,32.8788,-111.875,0.67,50,1,1,1,13,0,0,0,0
618399,2019,9,27,"2019-09-27","18:56:00",3,"KS",20,0,0,0,0,0,0,38.8046,-95.5201,38.8059,-95.5171,0.19,50,1,1,1,139,0,0,0,0
618400,2019,9,27,"2019-09-27","19:22:00",3,"IL",17,0,0,0,0,85000,0,40.5804,-89.9402,40.5716,-89.9064,1.88,100,1,1,1,57,0,0,0,0
618401,2019,9,28,"2019-09-28","18:37:00",3,"CA",6,0,0,0,0,0,0,38.579,-121.75,38.579,-121.75,1.7,1,1,1,1,113,0,0,0,0
618402,2019,9,29,"2019-09-29","15:18:00",3,"IL",17,0,0,0,0,0,20000,40.3071,-89.5167,40.3023,-89.4652,2.73,50,1,1,1,107,0,0,0,0
618403,2019,9,30,"2019-09-30","11:30:00",3,"PR",72,0,0,0,0,0,0,18.4058,-66.153,18.4058,-66.153,0.1,5,1,1,1,21,0,0,0,0
618319,2019,9,1,"2019-09-01","13:31:00",3,"IL",17,0,0,0,0,0,0,39.2051,-88.4484,39.2088,-88.445,0.31,20,1,1,1,35,0,0,0,0
618320,2019,9,2,"2019-09-02","14:33:00",3,"NY",36,0,0,0,0,75000,0,40.8417,-72.8313,40.8646,-72.8235,1.63,50,1,1,1,103,0,0,0,0
618321,2019,9,2,"2019-09-02","20:47:00",3,"MN",27,0,1,0,0,250000,0,45.0516,-94.1122,45.0508,-94.091,1.04,90,1,1,1,171,0,0,0,0
618322,2019,9,2,"2019-09-02","21:08:00",3,"MN",27,0,1,0,0,275000,0,44.9632,-93.7922,44.952,-93.7149,3.87,210,1,1,1,19,53,0,0,0
618323,2019,9,3,"2019-09-03","17:39:00",3,"IL",17,0,1,1,0,0,0,42.4113,-87.8624,42.403,-87.8029,3.1,200,1,1,1,97,0,0,0,0
618324,2019,9,4,"2019-09-04","15:40:00",3,"CT",9,0,1,0,0,25000,0,41.828,-72.357,41.799,-72.297,3.2,50,1,1,1,13,0,0,0,0
618325,2019,9,5,"2019-09-05","02:37:00",3,"SC",45,0,1,0,0,2e+05,0,33.8679,-78.6147,33.8919,-78.6925,4.76,75,1,1,1,51,0,0,0,0
618326,2019,9,5,"2019-09-05","03:19:00",3,"NC",37,0,0,0,0,5000,0,33.9687,-77.9403,34.0011,-78.0007,4.12,35,1,1,1,19,0,0,0,0
618327,2019,9,5,"2019-09-05","03:23:00",3,"NC",37,0,1,0,0,10000,0,34.0623,-78.265,34.0768,-78.3061,2.56,50,1,1,1,19,0,0,0,0
618328,2019,9,5,"2019-09-05","03:45:00",3,"SC",45,0,0,0,0,10000,0,33.669,-79.0569,33.6683,-79.0583,0.09,15,1,1,1,51,0,0,0,0
618329,2019,9,5,"2019-09-05","04:17:00",3,"NC",37,0,0,0,0,5000,0,34.2214,-77.8995,34.2484,-77.9278,2.47,20,1,1,1,129,0,0,0,0
618330,2019,9,5,"2019-09-05","04:37:00",3,"SC",45,0,0,0,0,2e+05,0,33.8371,-78.6725,33.8359,-78.6775,0.3,25,1,1,1,51,0,0,0,0
618331,2019,9,5,"2019-09-05","04:37:00",3,"NC",37,0,0,0,0,30000,0,34.2519,-78.2469,34.2621,-78.2819,2.12,50,1,1,1,47,0,0,0,0
618332,2019,9,5,"2019-09-05","04:39:00",3,"NC",37,0,0,0,0,50000,0,34.2749,-77.8726,34.2777,-77.8769,0.31,25,1,1,1,129,0,0,0,0
618333,2019,9,5,"2019-09-05","04:58:00",3,"NC",37,0,0,0,0,25000,0,34.1029,-77.8821,34.1054,-77.8881,0.38,30,1,1,1,129,0,0,0,0
618334,2019,9,5,"2019-09-05","04:58:00",3,"NC",37,0,2,1,0,2e+06,0,33.8736,-78.4796,33.9503,-78.613,9.31,200,1,1,1,19,0,0,0,0
618335,2019,9,5,"2019-09-05","05:21:00",3,"NC",37,0,0,0,0,20000,0,34.4195,-78.2565,34.4641,-78.3227,4.87,40,1,1,1,17,0,0,0,0
618336,2019,9,5,"2019-09-05","05:45:00",3,"NC",37,0,0,0,0,5000,0,34.4843,-77.8268,34.5431,-77.9298,7.13,40,1,1,1,141,0,0,0,0
618337,2019,9,5,"2019-09-05","05:56:00",3,"NC",37,0,0,0,0,1e+05,0,34.3305,-77.7512,34.3327,-77.7601,0.53,30,1,1,1,141,0,0,0,0
618338,2019,9,5,"2019-09-05","07:02:00",3,"NC",37,0,2,0,0,0,0,34.6564,-77.0524,34.7957,-77.2154,13,200,1,1,1,31,0,0,0,0
618339,2019,9,5,"2019-09-05","09:48:00",3,"NC",37,0,1,1,0,5e+05,0,34.278,-77.734,34.304,-77.773,2.86,100,1,1,1,129,0,0,0,0
618340,2019,9,5,"2019-09-05","10:19:00",3,"NC",37,0,1,0,0,10000,0,34.4051,-77.9361,34.4416,-78.0205,5.43,60,1,1,1,141,0,0,0,0
618341,2019,9,5,"2019-09-05","10:37:00",3,"NC",37,0,-9,0,0,0,0,35.1705,-77.745,35.1705,-77.745,0.1,50,1,1,1,107,0,0,0,0
618342,2019,9,5,"2019-09-05","11:10:00",3,"NC",37,0,0,0,0,5000,0,34.6028,-77.7754,34.6222,-77.8491,4.4,20,1,1,1,141,0,0,0,0
618343,2019,9,5,"2019-09-05","11:52:00",3,"NC",37,0,0,0,0,150000,0,35.3348,-78.0654,35.3258,-78.0673,0.63,125,1,1,1,191,0,0,0,0
618344,2019,9,5,"2019-09-05","12:30:00",3,"NC",37,0,0,0,0,0,0,35.3502,-77.1198,35.3801,-77.2152,5.7,75,1,1,1,49,0,0,0,0
618345,2019,9,5,"2019-09-05","14:07:00",3,"NC",37,0,1,0,0,20000,50000,35.6821,-77.8204,35.6813,-77.8355,0.85,200,1,1,1,195,0,0,0,0
618346,2019,9,5,"2019-09-05","14:31:00",3,"NC",37,0,0,0,0,50000,0,35.5033,-78.3401,35.5042,-78.3382,0.12,50,1,1,1,101,0,0,0,0
618347,2019,9,5,"2019-09-05","15:00:00",3,"NC",37,0,0,0,0,0,0,35.1061,-77.038,35.1069,-77.0391,0.1,75,1,1,1,49,0,0,0,0
618348,2019,9,5,"2019-09-05","22:38:00",3,"NC",37,0,0,0,0,0,15000,36.27,-76.4402,36.2701,-76.4419,0.1,50,1,1,1,143,0,0,0,0
618349,2019,9,5,"2019-09-05","22:44:00",3,"NC",37,0,0,0,0,25000,0,36.25,-76.5,36.2501,-76.5017,0.1,50,1,1,1,143,0,0,0,0
618350,2019,9,6,"2019-09-06","15:35:00",3,"CO",8,0,0,0,0,0,0,39.53,-104.88,39.53,-104.88,0.01,25,1,1,1,35,0,0,0,0
618351,2019,9,8,"2019-09-08","17:41:00",3,"CO",8,0,0,0,0,0,0,39.85,-104.69,39.85,-104.69,0.01,25,1,1,1,31,0,0,0,0
618352,2019,9,8,"2019-09-08","17:53:00",3,"CO",8,0,0,0,0,0,0,39.99,-104.61,39.99,-104.61,0.01,25,1,1,1,1,0,0,0,0
618353,2019,9,8,"2019-09-08","19:44:00",3,"OR",41,0,0,0,0,8000,2000,45.6078,-122.8707,45.6092,-122.8698,0.11,120,1,1,1,51,0,0,0,0
618354,2019,9,9,"2019-09-09","14:37:00",3,"SD",46,0,0,0,0,0,0,44.8943,-97.2062,44.9164,-97.1637,2.58,20,1,1,1,29,0,0,0,0
618355,2019,9,9,"2019-09-09","14:39:00",3,"SD",46,0,0,0,0,0,0,44.7497,-97.2096,44.7813,-97.162,3.2,40,1,1,1,57,0,0,0,0
618356,2019,9,9,"2019-09-09","15:32:00",3,"IA",19,0,-9,0,0,0,0,41.6969,-93.9581,41.7117,-93.9404,1.37,10,1,1,1,49,0,0,0,0
618357,2019,9,9,"2019-09-09","15:33:00",3,"IA",19,0,-9,0,0,0,0,41.7542,-94.017,41.7914,-93.9926,2.86,10,1,1,1,49,0,0,0,0
618358,2019,9,9,"2019-09-09","17:55:00",3,"SD",46,0,0,0,0,0,0,45.3805,-97.5119,45.3812,-97.5101,0.1,10,1,1,1,37,0,0,0,0
618359,2019,9,9,"2019-09-09","19:03:00",3,"SD",46,0,1,0,0,0,0,45.4083,-97.7402,45.4099,-97.7082,1.56,80,1,1,1,37,0,0,0,0
618360,2019,9,9,"2019-09-09","19:14:00",3,"SD",46,0,0,0,0,0,0,45.4261,-97.6842,45.4281,-97.6815,0.19,10,1,1,1,37,0,0,0,0
