"om","yr","mo","dy","date","time","tz","st","stf","stn","mag","inj","fat","loss","closs","slat","slon","elat","elon","len","wid","ns","sn","sg","f1","f2","f3","f4","fc"
619557,2020,10,10,"2020-10-10","04:01:00",3,"AL",1,0,0,0,0,0,0,30.4803,-88.2508,30.4814,-88.2505,0.08,25,1,1,1,97,0,0,0,0
619558,2020,10,10,"2020-10-10","05:40:00",3,"WA",53,0,1,0,0,0,0,47.3688,-123.9473,47.3715,-123.9383,0.5,30,1,1,1,27,0,0,0,0
619559,2020,10,10,"2020-10-10","14:34:00",3,"GA",13,0,1,0,0,250000,0,33.587,-83.877,33.607,-83.884,1.44,75,1,1,1,217,0,0,0,0
619560,2020,10,10,"2020-10-10","15:14:00",3,"AL",1,0,0,0,0,0,0,32.9462,-85.3531,32.9557,-85.3515,0.67,125,1,1,1,17,0,0,0,0
619561,2020,10,10,"2020-10-10","16:12:00",3,"GA",13,0,0,0,0,1e+05,0,33.365,-84.811,33.37,-84.811,0.35,90,1,1,1,77,0,0,0,0
619562,2020,10,10,"2020-10-10","16:18:00",3,"GA",13,0,0,0,0,50000,0,33.402,-84.793,33.4156,-84.7895,0.96,90,1,1,1,77,0,0,0,0
619563,2020,10,10,"2020-10-10","16:27:00",3,"GA",13,0,0,0,0,50000,0,33.1031,-84.4262,33.1331,-84.4181,2.13,200,1,1,1,231,0,0,0,0
619564,2020,10,10,"2020-10-10","17:45:00",3,"GA",13,0,0,0,0,40000,0,33.564,-84.3056,33.5711,-84.3102,0.56,150,1,1,1,63,0,0,0,0
619565,2020,10,10,"2020-10-10","18:16:00",3,"GA",13,0,0,0,0,250000,0,33.7263,-84.2122,33.7495,-84.2212,1.68,250,1,1,1,89,0,0,0,0
619566,2020,10,10,"2020-10-10","18:43:00",3,"GA",13,0,0,0,0,1e+05,0,33.9028,-84.0983,33.9102,-84.1055,0.66,200,1,1,1,135,0,0,0,0
619567,2020,10,11,"2020-10-11","13:20:00",3,"SC",45,0,1,0,0,30000,0,34.3643,-79.5002,34.3683,-79.4929,0.5,40,1,1,1,33,0,0,0,0
619568,2020,10,11,"2020-10-11","14:19:00",3,"SC",45,0,1,1,0,150000,0,33.8767,-79.0725,33.8809,-79.0711,0.3,30,1,1,1,51,0,0,0,0
619569,2020,10,11,"2020-10-11","14:31:00",3,"SC",45,0,0,0,0,20000,0,33.8148,-79.0196,33.8334,-78.9871,2.27,20,1,1,1,51,0,0,0,0
619570,2020,10,11,"2020-10-11","15:51:00",3,"NC",37,0,1,0,0,60000,0,34.1129,-78.6586,34.1723,-78.5948,5.49,30,1,1,1,47,0,0,0,0
619571,2020,10,23,"2020-10-23","14:18:00",3,"KY",21,0,-9,0,0,0,0,36.9407,-88.7891,36.9415,-88.7829,0.35,30,1,1,1,83,0,0,0,0
619572,2020,10,28,"2020-10-28","17:09:00",3,"MS",28,0,1,0,0,30000,0,33.1392,-88.5032,33.2099,-88.5219,5,150,1,1,1,103,0,0,0,0
619554,2020,10,7,"2020-10-07","13:14:00",3,"NY",36,0,0,0,0,15000,2000,42.9012,-74.6256,42.9005,-74.6237,0.11,20,1,1,1,57,0,0,0,0
619555,2020,10,7,"2020-10-07","15:50:00",3,"MA",25,0,0,0,0,6000,0,42.1842,-71.3733,42.1815,-71.3636,0.53,50,1,1,1,21,0,0,0,0
619556,2020,10,9,"2020-10-09","15:34:00",3,"MS",28,0,0,0,0,2000,0,31.4343,-90.7235,31.4383,-90.7349,0.73,100,1,1,1,37,0,0,0,0
619573,2020,11,10,"2020-11-10","13:45:00",3,"IL",17,0,1,0,0,0,0,41.1699,-90.8965,41.3974,-90.6479,20.34,50,1,1,1,131,161,0,0,0
619574,2020,11,10,"2020-11-10","14:02:00",3,"IL",17,0,1,0,0,0,0,41.1233,-90.6691,41.1296,-90.6631,0.54,30,1,1,1,131,0,0,0,0
619575,2020,11,10,"2020-11-10","14:20:00",3,"OR",41,0,0,0,0,40000,0,45.86,-122.85,45.8552,-122.836,1.7,200,1,1,1,9,0,0,0,0
619576,2020,11,10,"2020-11-10","14:38:00",3,"IL",17,0,1,0,0,0,0,41.7506,-90.2019,41.7533,-90.1984,0.26,100,1,1,1,195,0,0,0,0
619577,2020,11,10,"2020-11-10","14:42:00",3,"IL",17,0,1,0,0,0,0,41.4094,-90.0609,41.4128,-90.0569,0.32,30,1,1,1,73,0,0,0,0
619578,2020,11,10,"2020-11-10","14:50:00",3,"IL",17,0,1,0,0,0,0,41.7479,-89.8849,41.7801,-89.8342,3.47,100,1,1,1,195,0,0,0,0
619579,2020,11,10,"2020-11-10","15:00:00",3,"IL",17,0,1,0,0,0,0,41.8512,-89.9391,41.9094,-89.9101,4.28,100,1,1,1,195,0,0,0,0
619580,2020,11,10,"2020-11-10","16:19:00",3,"IL",17,0,0,0,0,0,0,41.67,-88.75,41.77,-88.61,9.99,50,1,1,1,37,0,0,0,0
619581,2020,11,10,"2020-11-10","16:39:00",3,"IL",17,0,0,0,0,0,0,41.91,-88.53,41.94,-88.47,3.72,50,1,1,1,89,0,0,0,0
619582,2020,11,11,"2020-11-11","11:18:00",3,"FL",12,0,0,0,0,0,0,27.43,-82.3,27.43,-82.2942,0.36,100,1,1,1,81,0,0,0,0
619583,2020,11,15,"2020-11-15","01:15:00",3,"AR",5,0,1,4,0,40000,0,35.2191,-92.0579,35.2175,-92.0233,2,150,1,1,1,145,0,0,0,0
619584,2020,11,18,"2020-11-18","15:55:00",3,"CA",6,0,0,0,0,0,0,39.65,-121.56,39.6555,-121.5651,0.47,3,1,1,1,7,0,0,0,0
619585,2020,11,18,"2020-11-18","17:30:00",3,"CA",6,0,0,0,0,0,0,38.63,-121,38.6452,-120.921,4.39,2,1,1,1,17,0,0,0,0
619586,2020,11,24,"2020-11-24","20:51:00",3,"TX",48,0,2,5,0,0,0,32.692,-97.1472,32.7204,-97.0684,5.05,150,1,1,1,439,0,0,0,0
619587,2020,11,24,"2020-11-24","20:54:00",3,"OK",40,0,1,0,0,50000,0,35.104,-95.316,35.124,-95.269,3,200,1,1,1,61,0,0,0,0
619588,2020,11,24,"2020-11-24","21:50:00",3,"OK",40,0,1,0,0,5000,0,35.258,-94.609,35.281,-94.545,4,250,1,1,1,79,0,0,0,0
619589,2020,11,25,"2020-11-25","01:51:00",3,"TX",48,0,1,0,0,0,0,32.0795,-94.1294,32.0831,-94.1249,0.36,75,1,1,1,365,0,0,0,0
619590,2020,11,25,"2020-11-25","07:21:00",3,"MS",28,0,1,0,0,10000,0,32.3304,-90.2593,32.3406,-90.2557,0.74,175,1,1,1,49,0,0,0,0
619591,2020,11,27,"2020-11-27","14:57:00",3,"MS",28,0,1,0,0,0,0,31.1716,-90.5012,31.1833,-90.4707,2,50,1,1,1,113,0,0,0,0
619592,2020,11,30,"2020-11-30","02:10:00",3,"FL",12,0,1,0,0,1e+05,0,30.5923,-83.5222,30.6365,-83.4448,5.52,475,1,1,1,79,0,0,0,0
619593,2020,11,30,"2020-11-30","05:00:00",3,"FL",12,0,-9,0,0,1000,0,28.1,-82.69,28.2,-82.52,12.45,50,1,1,1,103,101,0,0,0
619594,2020,11,30,"2020-11-30","13:37:00",3,"MD",24,0,1,0,0,0,0,39.644,-76.063,39.603,-76.097,3.36,75,1,1,1,15,0,0,0,0
619595,2020,11,30,"2020-11-30","14:13:00",3,"MD",24,0,0,0,0,0,0,39.0675,-75.852,39.122,-75.782,5.32,75,1,1,1,11,0,0,0,0
619596,2020,11,30,"2020-11-30","14:52:00",3,"PA",42,0,0,0,0,0,0,40.23,-75.24,40.24,-75.23,0.87,100,1,1,1,91,0,0,0,0
619597,2020,12,13,"2020-12-13","18:35:00",3,"LA",22,0,1,0,0,0,0,30.8218,-92.1309,30.8221,-92.1128,1.07,106,1,1,1,97,0,0,0,0
619598,2020,12,14,"2020-12-14","01:02:00",3,"AL",1,0,0,0,0,0,0,33.3636,-86.9426,33.3673,-86.861,4.8,350,1,1,1,73,0,0,0,0
619599,2020,12,16,"2020-12-16","14:49:00",3,"FL",12,0,2,0,0,1.6e+07,0,27.8637,-82.7524,27.9345,-82.5532,13.11,300,1,1,1,103,0,0,0,0
619600,2020,12,16,"2020-12-16","15:53:00",3,"FL",12,0,1,0,0,280000,0,28.061,-82.1662,28.1203,-81.965,12.93,250,1,1,1,57,105,0,0,0
619601,2020,12,23,"2020-12-23","15:54:00",3,"TX",48,0,2,0,0,70000,0,30.6341,-93.7149,30.6432,-93.6971,1.23,20,1,1,1,351,0,0,0,0
619602,2020,12,23,"2020-12-23","18:59:00",3,"TX",48,0,1,0,0,15000,0,30.6649,-93.9058,30.6662,-93.8995,0.39,45,1,1,1,241,0,0,0,0
619603,2020,12,23,"2020-12-23","22:26:00",3,"MS",28,0,0,0,0,5000,0,32.7076,-90.1827,32.7101,-90.1707,0.72,50,1,1,1,163,0,0,0,0
619604,2020,12,23,"2020-12-23","22:40:00",3,"MS",28,0,0,0,0,5000,0,32.7295,-90.0465,32.7273,-90.0313,0.9,50,1,1,1,89,0,0,0,0
619605,2020,12,23,"2020-12-23","23:17:00",3,"MS",28,0,1,0,0,7000,0,31.5573,-90.8446,31.5544,-90.8266,1.08,150,1,1,1,37,0,0,0,0
619606,2020,12,23,"2020-12-23","23:24:00",3,"MS",28,0,1,0,0,15000,0,31.5714,-90.7532,31.5627,-90.6679,5.06,250,1,1,1,37,0,0,0,0
619607,2020,12,23,"2020-12-23","23:31:00",3,"MS",28,0,0,0,0,12000,0,31.5827,-90.642,31.5866,-90.6137,1.72,200,1,1,1,37,85,0,0,0
619608,2020,12,23,"2020-12-23","23:36:00",3,"MS",28,0,0,0,0,10000,0,31.6242,-90.61,31.5958,-90.562,3.44,100,1,1,1,85,0,0,0,0
619609,2020,12,23,"2020-12-23","23:41:00",3,"MS",28,0,0,0,0,18000,0,31.617,-90.5478,31.596,-90.4823,4.12,150,1,1,1,85,0,0,0,0
619610,2020,12,23,"2020-12-23","23:51:00",3,"MS",28,0,1,0,0,12000,0,31.6596,-90.4146,31.6561,-90.3825,1.9,880,1,1,1,85,0,0,0,0
619611,2020,12,24,"2020-12-24","00:25:00",3,"MS",28,0,0,0,0,30000,0,31.6123,-89.8707,31.6222,-89.8391,1.98,400,1,1,1,65,0,0,0,0
619612,2020,12,24,"2020-12-24","01:02:00",3,"MS",28,0,1,0,0,18000,0,31.7838,-89.5077,31.7899,-89.4523,3.28,100,1,1,1,31,0,0,0,0
619613,2020,12,24,"2020-12-24","01:07:00",3,"MS",28,0,0,0,0,15000,0,31.83,-89.4293,31.8368,-89.3724,3.37,50,1,1,1,129,0,0,0,0
619614,2020,12,24,"2020-12-24","01:17:00",3,"MS",28,0,0,0,0,10000,0,31.8667,-89.2909,31.8859,-89.2516,2.66,25,1,1,1,61,0,0,0,0
619615,2020,12,24,"2020-12-24","01:26:00",3,"MS",28,0,1,0,0,1e+05,0,31.9595,-89.1579,31.9838,-89.0981,3.89,550,1,1,1,61,0,0,0,0
619616,2020,12,24,"2020-12-24","11:16:00",3,"NC",37,0,0,0,0,1000,0,34.3883,-78.7795,34.3903,-78.7793,0.14,20,1,1,1,47,0,0,0,0
619617,2020,12,24,"2020-12-24","17:16:00",3,"FL",12,0,1,2,0,0,0,29.8855,-82.1426,29.9003,-82.076,4.12,100,1,1,1,7,0,0,0,0
619618,2020,12,24,"2020-12-24","17:45:00",3,"FL",12,0,1,0,0,0,0,30.1706,-81.6453,30.1765,-81.6325,0.87,60,1,1,1,31,0,0,0,0
619619,2020,12,24,"2020-12-24","17:54:00",3,"FL",12,0,1,0,0,0,0,30.2142,-81.5427,30.2158,-81.5327,0.6,100,1,1,1,31,0,0,0,0
619620,2020,12,24,"2020-12-24","18:30:00",3,"SC",45,0,1,0,0,0,0,33.6108,-80.1438,33.6137,-80.1394,0.32,50,1,1,1,27,0,0,0,0
619621,2020,12,24,"2020-12-24","22:21:00",3,"VA",51,0,1,0,0,1e+05,0,36.5829,-76.8305,36.5893,-76.8223,0.3,150,1,1,1,800,0,0,0,0
619622,2020,12,24,"2020-12-24","22:28:00",3,"VA",51,0,1,0,0,225000,0,36.6549,-76.7563,36.669,-76.7192,2.2,200,1,1,1,800,0,0,0,0
619623,2020,12,30,"2020-12-30","10:41:00",3,"TX",48,0,0,0,0,5e+05,0,32.0722,-96.4824,32.0804,-96.4688,0.98,75,1,1,1,349,0,0,0,0
618544,2020,1,10,"2020-01-10","10:34:00",3,"OK",40,0,0,0,0,25000,0,35.4864,-96.6952,35.5013,-96.6814,1.3,10,1,1,1,81,0,0,0,0
618545,2020,1,10,"2020-01-10","11:55:00",3,"OK",40,0,-9,0,0,0,0,36.0991,-95.1771,36.1163,-95.1659,1,50,1,1,1,97,0,0,0,0
618546,2020,1,10,"2020-01-10","14:27:00",3,"MO",29,0,1,0,0,5e+05,0,37.6057,-93.6194,37.7037,-93.5194,8.7,50,1,1,1,39,167,0,0,0
618547,2020,1,10,"2020-01-10","14:46:00",3,"TX",48,0,0,0,0,10000,0,33.0971,-97.6375,33.1023,-97.6343,0.4,75,1,1,1,497,0,0,0,0
618548,2020,1,10,"2020-01-10","14:49:00",3,"OK",40,0,1,0,0,50000,0,35.7796,-95.0229,35.8369,-94.948,5.8,250,1,1,1,21,0,0,0,0
618549,2020,1,10,"2020-01-10","15:20:00",3,"MO",29,0,1,0,0,45000,0,38.0057,-93.1863,38.0222,-93.1664,1.57,100,1,1,1,85,0,0,0,0
618550,2020,1,10,"2020-01-10","17:41:00",3,"TX",48,0,1,0,0,20000,0,32.4886,-97.4673,32.4934,-97.4502,1.05,250,1,1,1,251,0,0,0,0
618551,2020,1,10,"2020-01-10","17:42:00",3,"MO",29,0,0,0,0,4e+05,0,37.2091,-93.2016,37.283,-93.115,6.98,75,1,1,1,77,0,0,0,0
618552,2020,1,10,"2020-01-10","18:15:00",3,"TX",48,0,0,0,0,20000,0,33.3727,-95.7016,33.3776,-95.6965,0.45,150,1,1,1,119,0,0,0,0
618553,2020,1,10,"2020-01-10","18:22:00",3,"TX",48,0,0,0,0,5000,0,33.4254,-95.6532,33.4265,-95.6513,0.14,100,1,1,1,119,0,0,0,0
618554,2020,1,10,"2020-01-10","18:42:00",3,"TX",48,0,0,0,0,15000,0,32.9067,-96.9645,32.9161,-96.9492,1.1,175,1,1,1,113,0,0,0,0
618555,2020,1,10,"2020-01-10","19:44:00",3,"AR",5,0,2,0,0,5e+05,0,35.2151,-93.5999,35.3784,-93.4622,13.6,250,1,1,1,83,0,0,0,0
618556,2020,1,10,"2020-01-10","19:45:00",3,"AR",5,0,1,0,0,35000,0,35.4262,-93.8928,35.4381,-93.8244,3.9,400,1,1,1,47,0,0,0,0
618557,2020,1,10,"2020-01-10","21:34:00",3,"TX",48,0,1,0,0,30000,0,30.4847,-96.8042,30.4861,-96.8034,0.11,100,1,1,1,51,0,0,0,0
618558,2020,1,10,"2020-01-10","23:21:00",3,"TX",48,0,1,0,0,105000,0,31.8177,-95.1751,31.825,-95.1646,0.8,75,1,1,1,73,0,0,0,0
618559,2020,1,10,"2020-01-10","23:33:00",3,"TX",48,0,1,1,1,75000,0,31.5832,-94.7558,31.5855,-94.7197,2.13,160,1,1,1,347,0,0,0,0
618560,2020,1,10,"2020-01-10","23:43:00",3,"TX",48,0,1,0,0,80000,0,31.8968,-94.8427,31.9194,-94.7755,4.24,500,1,1,1,401,0,0,0,0
618561,2020,1,10,"2020-01-10","23:53:00",3,"TX",48,0,1,0,0,60000,0,31.4619,-94.8401,31.4638,-94.8354,0.31,150,1,1,1,5,0,0,0,0
618562,2020,1,11,"2020-01-11","00:18:00",3,"TX",48,0,1,0,0,30000,0,32.3289,-94.4356,32.3336,-94.4286,0.52,150,1,1,1,365,0,0,0,0
618563,2020,1,11,"2020-01-11","00:30:00",3,"TX",48,0,0,0,0,15000,0,32.6402,-94.2112,32.6549,-94.1626,3,100,1,1,1,203,0,0,0,0
618564,2020,1,11,"2020-01-11","00:39:00",3,"TX",48,0,1,1,0,5e+05,0,31.773,-94.2021,31.811,-94.109,6.07,400,1,1,1,419,0,0,0,0
618565,2020,1,11,"2020-01-11","00:52:00",3,"MO",29,0,1,0,0,30000,0,37.5175,-89.9968,37.517,-89.9932,0.2,45,1,1,1,17,0,0,0,0
618566,2020,1,11,"2020-01-11","00:58:00",3,"AR",5,0,1,0,0,40000,0,34.6013,-91.8024,34.6015,-91.7949,0.43,130,1,1,1,85,0,0,0,0
618567,2020,1,11,"2020-01-11","01:24:00",3,"LA",22,0,2,0,3,1325000,0,32.4571,-93.5875,32.6218,-92.9337,31.79,300,1,1,1,15,119,27,0,0
618568,2020,1,11,"2020-01-11","01:46:00",3,"MO",29,0,2,0,0,750000,0,37.35,-89.6118,37.4093,-89.4632,9.13,300,1,1,1,31,0,0,0,0
618569,2020,1,11,"2020-01-11","02:02:00",3,"IL",17,0,1,0,0,80000,0,37.446,-89.4021,37.45,-89.3872,0.86,50,1,1,1,181,0,0,0,0
618570,2020,1,11,"2020-01-11","02:19:00",3,"LA",22,0,1,0,0,60000,0,32.8654,-92.5633,32.889,-92.5189,3.05,250,1,1,1,111,0,0,0,0
618571,2020,1,11,"2020-01-11","02:45:00",3,"AR",5,0,1,0,0,6e+05,1e+05,33.1768,-92.0576,33.1856,-91.9813,4.45,650,1,1,1,3,0,0,0,0
618572,2020,1,11,"2020-01-11","02:54:00",3,"AR",5,0,1,0,0,8e+05,1e+05,33.2576,-91.9609,33.256,-91.8033,9.11,800,1,1,1,3,0,0,0,0
618573,2020,1,11,"2020-01-11","02:55:00",3,"AR",5,0,1,0,0,4e+05,0,33.1761,-91.9441,33.1835,-91.766,10.31,800,1,1,1,3,0,0,0,0
618574,2020,1,11,"2020-01-11","03:07:00",3,"AR",5,0,2,0,0,3e+06,8e+05,33.2638,-91.7598,33.3087,-91.4088,20.51,1000,1,1,1,3,17,0,0,0
618575,2020,1,11,"2020-01-11","03:24:00",3,"AR",5,0,0,0,0,1e+05,0,33.3949,-91.4714,33.398,-91.4579,0.81,150,1,1,1,43,0,0,0,0
618576,2020,1,11,"2020-01-11","03:33:00",3,"AR",5,0,2,1,0,1135000,4e+05,33.3349,-91.3129,33.4551,-91.0448,17.66,850,2,0,1,0,17,0,0,0
618576,2020,1,11,"2020-01-11","03:33:00",3,"AR",5,0,1,1,0,1010000,4e+05,33.3349,-91.3129,33.446,-91.058,11.23,550,2,1,2,17,17,0,0,0
618577,2020,1,11,"2020-01-11","03:36:00",3,"AR",5,0,1,0,0,110000,0,33.3027,-91.2845,33.3023,-91.2816,0.17,15,1,1,1,17,0,0,0,0
618576,2020,1,11,"2020-01-11","03:44:00",3,"MS",28,0,2,0,0,125000,0,33.385,-91.183,33.4551,-91.0448,6.43,850,2,1,2,151,151,0,0,0
618578,2020,1,11,"2020-01-11","03:48:00",3,"MS",28,0,2,4,0,3e+06,250000,33.6658,-91.0602,33.8076,-90.6907,23.38,1800,1,1,1,11,0,0,0,0
618579,2020,1,11,"2020-01-11","04:02:00",3,"MS",28,0,1,0,0,350000,0,34.0377,-90.8624,34.0818,-90.8124,4.18,880,1,1,1,11,0,0,0,0
618580,2020,1,11,"2020-01-11","04:07:00",3,"MS",28,0,1,0,0,50000,0,33.8988,-90.7434,33.9105,-90.7013,2.55,270,1,1,1,11,0,0,0,0
618581,2020,1,11,"2020-01-11","04:18:00",3,"MS",28,0,2,0,0,7e+05,0,33.9183,-90.5201,33.9796,-90.4579,5.54,1700,1,1,1,133,0,0,0,0
618582,2020,1,11,"2020-01-11","04:19:00",3,"MS",28,0,2,0,0,80000,0,33.8224,-90.5682,33.8749,-90.4978,5.43,850,1,1,1,133,0,0,0,0
618583,2020,1,11,"2020-01-11","04:26:00",3,"MS",28,0,0,0,0,50000,0,33.9798,-90.4099,34.0013,-90.3807,2.24,100,1,1,1,135,0,0,0,0
618584,2020,1,11,"2020-01-11","04:38:00",3,"TN",47,0,1,0,0,75000,0,36.3671,-89.1916,36.3885,-89.1712,1.86,150,1,1,1,131,0,0,0,0
618585,2020,1,11,"2020-01-11","04:42:00",3,"MS",28,0,1,0,0,610000,0,34.6979,-90.1309,34.7778,-89.9594,11.27,200,1,1,1,137,33,0,0,0
618586,2020,1,11,"2020-01-11","04:45:00",3,"MS",28,0,1,1,0,350000,0,34.26,-90.175,34.3011,-90.0892,5.67,150,1,1,1,119,107,0,0,0
618587,2020,1,11,"2020-01-11","04:53:00",3,"MS",28,0,2,0,0,2600000,0,34.8576,-89.9206,34.9255,-89.8018,8.21,300,1,1,1,33,0,0,0,0
618588,2020,1,11,"2020-01-11","05:04:00",3,"MS",28,0,0,0,0,110000,0,34.5045,-89.8584,34.5683,-89.7579,7.25,150,1,1,1,107,137,0,0,0
618589,2020,1,11,"2020-01-11","05:17:00",3,"KY",21,0,1,0,0,2e+06,0,36.6198,-88.7049,36.6256,-88.6698,1.98,230,1,1,1,83,0,0,0,0
618590,2020,1,11,"2020-01-11","05:21:00",3,"MS",28,0,0,1,0,25000,0,34.655,-89.6108,34.6923,-89.5184,5.85,70,1,1,1,93,0,0,0,0
618591,2020,1,11,"2020-01-11","05:36:00",3,"TN",47,0,0,0,0,30000,0,35.1294,-89.3431,35.1463,-89.3148,1.98,90,1,1,1,47,0,0,0,0
618592,2020,1,11,"2020-01-11","05:42:00",3,"KY",21,0,1,0,0,30000,0,36.8522,-88.3787,36.8817,-88.3578,2.34,25,1,1,1,157,0,0,0,0
618593,2020,1,11,"2020-01-11","05:58:00",3,"TN",47,0,0,0,0,15000,0,36.2574,-88.8041,36.2573,-88.8027,0.08,75,1,1,1,183,0,0,0,0
618594,2020,1,11,"2020-01-11","06:04:00",3,"LA",22,0,2,4,0,250000,0,30.5922,-91.7641,30.607,-91.7545,1.2,125,1,1,1,97,0,0,0,0
618595,2020,1,11,"2020-01-11","06:45:00",3,"MS",28,0,1,0,0,2e+05,0,34.4938,-88.7007,34.5483,-88.5949,7.23,100,1,1,1,81,117,0,0,0
618596,2020,1,11,"2020-01-11","06:50:00",3,"KY",21,0,1,0,0,80000,0,36.72,-88.07,36.73,-87.99,4.48,75,1,1,1,221,0,0,0,0
618597,2020,1,11,"2020-01-11","06:56:00",3,"MS",28,0,1,0,0,75000,0,34.5963,-88.5353,34.6864,-88.441,8.22,150,1,1,1,117,0,0,0,0
618598,2020,1,11,"2020-01-11","07:00:00",3,"KY",21,0,0,0,0,50000,0,36.8321,-87.932,36.8433,-87.8577,4.18,50,1,1,1,221,0,0,0,0
618599,2020,1,11,"2020-01-11","07:05:00",3,"KY",21,0,1,0,0,150000,0,36.9862,-87.8431,37.03,-87.67,10.02,250,1,1,1,33,47,0,0,0
618600,2020,1,11,"2020-01-11","07:08:00",3,"MS",28,0,1,0,0,90000,0,34.7276,-88.3934,34.7862,-88.3226,5.71,120,1,1,1,117,141,0,0,0
618601,2020,1,11,"2020-01-11","07:12:00",3,"KY",21,0,1,0,0,130000,0,37.05,-87.78,37.07,-87.65,7.49,175,1,1,1,33,47,0,0,0
618602,2020,1,11,"2020-01-11","07:17:00",3,"MS",28,0,0,0,0,25000,0,34.816,-88.29,34.822,-88.2796,0.72,80,1,1,1,141,0,0,0,0
618603,2020,1,11,"2020-01-11","07:19:00",3,"KY",21,0,1,0,0,80000,0,37.0565,-87.6518,37.087,-87.6134,2.98,200,1,1,1,47,0,0,0,0
618604,2020,1,11,"2020-01-11","07:34:00",3,"KY",21,0,1,0,0,250000,0,36.6912,-87.5107,36.8064,-87.3752,10.94,100,1,1,1,47,0,0,0,0
618605,2020,1,11,"2020-01-11","07:40:00",3,"KY",21,0,1,0,0,15000,0,36.8143,-87.4434,36.8313,-87.4013,2.61,50,1,1,1,47,0,0,0,0
618606,2020,1,11,"2020-01-11","09:33:00",3,"MS",28,0,0,0,0,30000,0,32.3707,-89.4785,32.3988,-89.4403,2.96,250,1,1,1,123,0,0,0,0
618607,2020,1,11,"2020-01-11","11:11:00",3,"AL",1,0,2,7,3,0,0,33.2379,-88.1545,33.3253,-88.1223,6.33,1056,1,1,1,107,0,0,0,0
618608,2020,1,11,"2020-01-11","13:03:00",3,"AL",1,0,0,0,0,0,0,34.1749,-86.6197,34.1778,-86.619,0.21,80,1,1,1,43,0,0,0,0
618609,2020,1,11,"2020-01-11","13:13:00",3,"AL",1,0,1,0,0,0,0,34.3,-86.5571,34.3148,-86.5305,1.84,60,1,1,1,43,95,0,0,0
618610,2020,1,11,"2020-01-11","13:19:00",3,"AL",1,0,2,0,0,0,0,34.3974,-86.4466,34.4006,-86.4463,0.22,150,1,1,1,95,0,0,0,0
618611,2020,1,11,"2020-01-11","15:52:00",3,"GA",13,0,0,0,0,1e+05,0,33.9108,-84.7582,33.9291,-84.6948,3.86,400,1,1,1,223,67,0,0,0
618612,2020,1,11,"2020-01-11","16:24:00",3,"GA",13,0,0,0,0,250000,0,34.7415,-84.1414,34.7619,-84.0938,3.05,450,1,1,1,111,0,0,0,0
618613,2020,1,11,"2020-01-11","16:33:00",3,"AL",1,0,1,0,0,0,0,31.7633,-85.31,31.8093,-85.2285,5.8,275,1,1,1,5,0,0,0,0
618614,2020,1,11,"2020-01-11","16:48:00",3,"GA",13,0,1,0,0,2e+05,0,32.9134,-84.5255,32.9147,-84.5198,0.34,100,1,1,1,293,0,0,0,0
618615,2020,1,11,"2020-01-11","16:55:00",3,"TN",47,0,0,0,0,0,0,36.46,-83.58,36.46,-83.58,3.3,30,1,1,1,25,0,0,0,0
618616,2020,1,11,"2020-01-11","19:04:00",3,"SC",45,0,0,0,0,1000,0,34.55,-82.914,34.554,-82.908,0.44,30,1,1,1,7,0,0,0,0
618617,2020,1,11,"2020-01-11","19:06:00",3,"SC",45,0,0,0,0,0,0,34.583,-82.87,34.586,-82.867,0.27,50,1,1,1,7,0,0,0,0
618618,2020,1,11,"2020-01-11","19:40:00",3,"SC",45,0,0,0,0,1000,0,34.182,-82.259,34.201,-82.222,2.44,50,1,1,1,1,47,0,0,0
618619,2020,1,11,"2020-01-11","19:40:00",3,"SC",45,0,0,0,0,1000,0,34.68,-82.472,34.689,-82.468,0.66,160,1,1,1,7,0,0,0,0
618620,2020,1,11,"2020-01-11","19:45:00",3,"SC",45,0,0,0,0,0,0,34.239,-82.208,34.244,-82.201,0.53,30,1,1,1,47,0,0,0,0
618621,2020,1,11,"2020-01-11","21:11:00",3,"OH",39,0,0,0,0,5e+05,0,40.0305,-84.2271,40.0545,-84.1776,3.1,350,1,1,1,109,0,0,0,0
618622,2020,1,11,"2020-01-11","21:15:00",3,"OH",39,0,0,0,0,50000,0,40.106,-84.1758,40.1585,-84.0774,6.34,175,1,1,1,109,0,0,0,0
618623,2020,1,11,"2020-01-11","21:33:00",3,"SC",45,0,2,0,0,0,0,34.4293,-80.5303,34.4346,-80.523,0.55,150,1,1,1,55,0,0,0,0
618624,2020,1,13,"2020-01-13","11:45:00",3,"SC",45,0,0,0,0,2e+05,0,34.0423,-78.8659,34.0492,-78.8464,1.21,45,1,1,1,51,0,0,0,0
618625,2020,1,13,"2020-01-13","22:51:00",3,"GA",13,0,0,0,0,25000,0,33.1469,-84.3921,33.1598,-84.3722,1.46,100,1,1,1,231,0,0,0,0
618626,2020,1,13,"2020-01-13","23:20:00",3,"GA",13,0,0,0,0,24000,0,33.2509,-84.1929,33.251,-84.188,0.28,50,1,1,1,255,0,0,0,0
618627,2020,1,28,"2020-01-28","15:15:00",3,"TX",48,0,0,0,0,2000,0,31.7094,-97.1457,31.7194,-97.1186,1.74,10,1,1,1,309,0,0,0,0
618628,2020,1,31,"2020-01-31","21:35:00",3,"FL",12,0,-9,0,0,0,0,25.464,-81.123,25.516,-81.075,4.68,50,1,1,1,87,0,0,0,0
618542,2020,1,4,"2020-01-04","09:29:00",3,"FL",12,0,0,1,0,0,0,28.7399,-81.9234,28.7589,-81.8907,2.38,175,1,1,1,69,0,0,0,0
618543,2020,1,4,"2020-01-04","10:26:00",3,"FL",12,0,1,0,0,25000,0,29.0023,-81.3514,29.0264,-81.2841,4.39,265,1,1,1,127,0,0,0,0
618666,2020,2,10,"2020-02-10","18:08:00",3,"MS",28,0,1,0,0,0,0,31.4082,-88.7851,31.4195,-88.7697,1.2,200,1,1,1,41,0,0,0,0
618667,2020,2,10,"2020-02-10","20:51:00",3,"MS",28,0,1,0,0,23000,0,32.5019,-90.555,32.5378,-90.5305,2.86,300,1,1,1,49,163,0,0,0
618668,2020,2,12,"2020-02-12","17:13:00",3,"AL",1,0,1,0,0,0,0,34.9674,-87.5054,34.9837,-87.4424,3.75,400,1,1,1,77,0,0,0,0
618669,2020,2,12,"2020-02-12","17:27:00",3,"TN",47,0,0,0,0,10000,0,35.0583,-87.2934,35.0662,-87.2616,1.89,100,1,1,1,99,0,0,0,0
618670,2020,2,13,"2020-02-13","04:12:00",3,"AL",1,0,1,0,0,0,0,33.0162,-85.9171,33.0162,-85.8819,2.1,300,1,1,1,123,0,0,0,0
618629,2020,2,5,"2020-02-05","14:57:00",3,"MS",28,0,1,0,0,2e+05,0,31.9546,-89.752,32.0055,-89.6654,6.17,150,1,1,1,127,0,0,0,0
618630,2020,2,5,"2020-02-05","15:20:00",3,"MS",28,0,2,0,0,20000,0,32.0906,-89.5363,32.1173,-89.504,2.64,440,1,1,1,129,0,0,0,0
618631,2020,2,5,"2020-02-05","15:28:00",3,"MS",28,0,1,0,0,45000,0,32.6797,-90.4403,32.7374,-90.3186,8.12,800,1,1,1,163,0,0,0,0
618632,2020,2,5,"2020-02-05","15:57:00",3,"MS",28,0,2,4,0,126000,0,32.8169,-90.0995,32.9356,-89.8099,18.73,900,1,1,1,163,51,7,0,0
618633,2020,2,5,"2020-02-05","16:46:00",3,"MS",28,0,1,0,0,50000,0,33.0678,-89.501,33.0735,-89.4732,1.66,300,1,1,1,7,0,0,0,0
618634,2020,2,5,"2020-02-05","16:58:00",3,"MS",28,0,2,0,0,255000,0,33.1175,-89.3761,33.1523,-89.2851,5.84,800,1,1,1,7,19,0,0,0
618635,2020,2,5,"2020-02-05","17:18:00",3,"AL",1,0,1,0,0,0,0,34.6617,-88.1282,34.6648,-88.1055,1.32,60,1,1,1,33,0,0,0,0
618636,2020,2,5,"2020-02-05","17:33:00",3,"MS",28,0,1,0,0,55000,0,32.6636,-89.6748,32.7112,-89.5284,9.13,250,1,1,1,79,0,0,0,0
618637,2020,2,5,"2020-02-05","17:50:00",3,"MS",28,0,1,0,0,40000,0,32.7049,-89.476,32.7372,-89.4007,4.91,150,1,1,1,79,0,0,0,0
618638,2020,2,5,"2020-02-05","17:55:00",3,"TN",47,0,1,0,0,20000,0,35.0718,-87.4657,35.1165,-87.2976,10.05,300,1,1,1,99,0,0,0,0
618639,2020,2,5,"2020-02-05","17:56:00",3,"TN",47,0,1,1,0,1e+05,0,35.223,-87.3984,35.2624,-87.2192,10.51,300,1,1,1,99,0,0,0,0
618640,2020,2,5,"2020-02-05","18:47:00",3,"TN",47,0,0,0,0,10000,0,35.5495,-86.5358,35.6061,-86.3696,10.36,50,1,1,1,3,0,0,0,0
618641,2020,2,5,"2020-02-05","19:23:00",3,"TN",47,0,0,0,0,10000,0,35.7451,-85.9171,35.7844,-85.8166,6.34,50,1,1,1,177,0,0,0,0
618642,2020,2,5,"2020-02-05","19:55:00",3,"TN",47,0,1,0,0,25000,0,35.9009,-85.5413,35.9004,-85.4738,3.86,200,1,1,1,185,0,0,0,0
618643,2020,2,5,"2020-02-05","20:02:00",3,"TN",47,0,1,0,0,15000,0,35.9527,-85.4209,35.9562,-85.307,6.39,250,1,1,1,185,0,0,0,0
618644,2020,2,5,"2020-02-05","22:51:00",3,"MS",28,0,2,0,0,3900000,1400000,31.9406,-89.2971,32.3928,-88.4244,59.85,1320,1,1,1,61,23,75,0,0
618645,2020,2,6,"2020-02-06","01:57:00",3,"AL",1,0,2,0,0,0,0,33.2015,-86.9753,33.2954,-86.8503,9.91,700,1,1,1,117,0,0,0,0
618646,2020,2,6,"2020-02-06","02:13:00",3,"AL",1,0,1,1,1,0,0,32.4617,-87.8012,32.4725,-87.7834,1.29,400,1,1,1,91,0,0,0,0
618647,2020,2,6,"2020-02-06","04:28:00",3,"GA",13,0,0,0,0,60000,0,34.3951,-84.8631,34.405,-84.8256,2.24,200,1,1,1,15,129,0,0,0
618648,2020,2,6,"2020-02-06","08:45:00",3,"NC",37,0,1,0,0,250000,0,35.416,-81.587,35.464,-81.467,7.48,100,1,1,1,45,109,0,0,0
618649,2020,2,6,"2020-02-06","09:21:00",3,"SC",45,0,1,0,0,1e+07,0,34.926,-82.03,34.972,-81.86,10.14,100,1,1,1,83,0,0,0,0
618650,2020,2,6,"2020-02-06","09:55:00",3,"NC",37,0,2,0,0,750000,0,35.177,-81.413,35.191,-81.261,8.66,150,1,1,1,45,71,0,0,0
618651,2020,2,6,"2020-02-06","10:40:00",3,"NC",37,0,2,0,0,5e+05,0,35.498,-80.564,35.497,-80.454,6.19,75,1,1,1,25,0,0,0,0
618652,2020,2,6,"2020-02-06","10:55:00",3,"NC",37,0,0,0,0,0,0,35.509,-80.351,35.507,-80.324,1.52,50,1,1,1,159,0,0,0,0
618653,2020,2,6,"2020-02-06","11:16:00",3,"NC",37,0,1,0,0,5e+05,0,35.094,-80.917,35.132,-80.615,17.15,150,1,1,1,119,179,0,0,0
618654,2020,2,6,"2020-02-06","11:31:00",3,"NC",37,0,1,0,0,250000,0,35.8501,-79.6473,35.8509,-79.6405,0.38,100,1,1,1,151,0,0,0,0
618655,2020,2,6,"2020-02-06","11:42:00",3,"NC",37,0,1,0,0,5e+05,0,35.362,-80.3361,35.373,-80.2068,7.32,400,1,1,1,167,0,0,0,0
618656,2020,2,6,"2020-02-06","13:52:00",3,"SC",45,0,1,0,0,0,0,33.6423,-81.8037,33.6499,-81.7862,1.14,75,1,1,1,3,0,0,0,0
618657,2020,2,6,"2020-02-06","14:32:00",3,"NC",37,0,0,0,0,1e+05,0,36.4298,-76.82,36.4425,-76.7685,2.99,75,1,1,1,73,0,0,0,0
618658,2020,2,6,"2020-02-06","20:05:00",3,"GA",13,0,0,0,0,0,0,31.208,-82.3642,31.2078,-82.3612,0.18,50,1,1,1,299,0,0,0,0
618659,2020,2,6,"2020-02-06","21:38:00",3,"FL",12,0,0,1,0,2e+05,0,27.8645,-82.7898,27.8771,-82.6464,9.24,50,1,1,1,103,0,0,0,0
618660,2020,2,7,"2020-02-07","06:20:00",3,"VA",51,0,0,0,0,5780000,0,39.0946,-77.5874,39.1291,-77.5431,3.36,250,1,1,1,107,0,0,0,0
618661,2020,2,7,"2020-02-07","06:28:00",3,"MD",24,0,1,0,0,92000,0,39.1763,-77.4827,39.1819,-77.4633,1.11,150,1,1,1,31,0,0,0,0
618662,2020,2,7,"2020-02-07","06:38:00",3,"MD",24,0,0,0,0,70000,0,39.1301,-77.3464,39.1431,-77.3113,2.08,75,1,1,1,31,0,0,0,0
618663,2020,2,7,"2020-02-07","06:44:00",3,"MD",24,0,1,0,0,340000,0,39.3427,-77.2758,39.4155,-77.1917,6.74,150,1,1,1,21,0,0,0,0
618664,2020,2,7,"2020-02-07","07:03:00",3,"MD",24,0,1,0,0,574000,0,39.562,-77.031,39.661,-76.886,10.31,100,1,1,1,13,0,0,0,0
618665,2020,2,7,"2020-02-07","08:39:00",3,"MD",24,0,1,0,0,0,0,39.65,-75.82,39.65,-75.8,1.06,200,1,1,1,15,0,0,0,0
618687,2020,3,12,"2020-03-12","16:17:00",3,"MO",29,0,0,0,0,5000,0,36.8794,-90.6777,36.8748,-90.6726,0.42,75,1,1,1,35,0,0,0,0
618688,2020,3,12,"2020-03-12","16:20:00",3,"MO",29,0,0,0,0,5000,0,36.8571,-90.6234,36.8527,-90.6141,0.6,100,1,1,1,23,0,0,0,0
618689,2020,3,12,"2020-03-12","20:07:00",3,"KY",21,0,1,0,0,150000,55000,36.73,-84.48,36.73,-84.45,1.66,175,1,1,1,147,0,0,0,0
618690,2020,3,13,"2020-03-13","15:15:00",3,"NM",35,0,0,0,0,25000,0,32.8211,-105.9581,32.8304,-105.9566,0.58,50,1,1,1,35,0,0,0,0
618691,2020,3,13,"2020-03-13","18:53:00",3,"TX",48,0,-9,0,0,0,0,31.6892,-103.73,31.7247,-103.5833,8.97,300,1,1,1,389,301,0,0,0
618692,2020,3,13,"2020-03-13","19:13:00",3,"TX",48,0,1,0,0,50000,0,31.4747,-103.4143,31.4811,-103.4117,0.47,20,1,1,1,475,0,0,0,0
618693,2020,3,17,"2020-03-17","15:25:00",3,"TX",48,0,-9,0,0,0,0,33.26,-99.28,33.26,-99.2787,0.07,35,1,1,1,447,0,0,0,0
618694,2020,3,17,"2020-03-17","17:21:00",3,"NM",35,0,0,0,0,0,0,34.5674,-103.0512,34.5712,-103.0445,0.46,100,1,1,1,9,0,0,0,0
618695,2020,3,18,"2020-03-18","19:56:00",3,"TX",48,0,0,0,0,25000,0,33.1659,-98.0475,33.174,-98.0175,1.82,55,1,1,1,237,0,0,0,0
618696,2020,3,18,"2020-03-18","20:04:00",3,"TX",48,0,0,0,0,0,0,32.9074,-98.9049,32.9274,-98.8939,1.52,12,1,1,1,429,0,0,0,0
618697,2020,3,18,"2020-03-18","20:20:00",3,"TX",48,0,0,0,0,70000,0,33.2501,-97.8992,33.2732,-97.8354,4.02,575,1,1,1,497,0,0,0,0
618698,2020,3,18,"2020-03-18","20:24:00",3,"TX",48,0,0,2,0,0,0,33.0032,-98.6704,33.0455,-98.599,5.19,375,1,1,1,503,0,0,0,0
618699,2020,3,18,"2020-03-18","20:36:00",3,"TX",48,0,0,1,0,3000,0,33.0367,-98.546,33.0591,-98.5458,1.55,120,1,1,1,503,0,0,0,0
618700,2020,3,18,"2020-03-18","21:07:00",3,"TX",48,0,0,0,0,1000,0,33.4159,-97.6198,33.423,-97.6104,0.81,100,1,1,1,497,0,0,0,0
618701,2020,3,18,"2020-03-18","21:21:00",3,"TX",48,0,0,0,0,0,0,33.1628,-98.2887,33.1649,-98.2774,0.67,46,1,1,1,237,0,0,0,0
618702,2020,3,19,"2020-03-19","00:00:00",3,"TX",48,0,2,0,0,2e+06,0,32.3101,-100.2189,32.3816,-100.0534,10.86,425,1,1,1,353,441,0,0,0
618703,2020,3,19,"2020-03-19","00:30:00",3,"TX",48,0,1,0,0,60000,0,32.4388,-99.8697,32.4404,-99.8662,0.23,35,1,1,1,441,0,0,0,0
618704,2020,3,19,"2020-03-19","00:43:00",3,"TX",48,0,2,0,0,0,0,32.5335,-99.6739,32.58,-99.6,5.38,135,1,1,1,253,417,0,0,0
618705,2020,3,19,"2020-03-19","00:53:00",3,"OK",40,0,0,0,0,35000,0,36.0019,-96.4798,36.0082,-96.4736,0.6,75,1,1,1,37,0,0,0,0
618706,2020,3,19,"2020-03-19","09:25:00",3,"OK",40,0,1,0,0,30000,0,35.4043,-96.3287,35.4179,-96.2854,2.7,225,1,1,1,107,0,0,0,0
618707,2020,3,19,"2020-03-19","14:44:00",3,"IL",17,0,1,1,0,3e+05,0,38.0649,-89.2442,38.0826,-89.1904,3.17,125,1,1,1,145,0,0,0,0
618708,2020,3,19,"2020-03-19","15:22:00",3,"IL",17,0,1,0,0,128000,0,38.191,-88.712,38.2124,-88.6661,2.9,300,1,1,1,81,65,0,0,0
618709,2020,3,19,"2020-03-19","17:50:00",3,"AR",5,0,2,1,0,275000,0,36.1352,-92.9381,36.22,-92.741,12.5,500,1,1,1,9,0,0,0,0
618710,2020,3,19,"2020-03-19","18:30:00",3,"AR",5,0,1,0,0,120000,0,36.3302,-92.4768,36.3425,-92.4413,2.16,600,1,1,1,5,0,0,0,0
618711,2020,3,19,"2020-03-19","19:09:00",3,"AR",5,0,1,0,0,0,0,35.5283,-92.9439,35.5334,-92.9309,0.81,300,1,1,1,115,0,0,0,0
618712,2020,3,19,"2020-03-19","19:23:00",3,"AR",5,0,1,0,0,20000,0,35.5925,-92.8366,35.6172,-92.7974,2.79,200,1,1,1,115,0,0,0,0
618713,2020,3,19,"2020-03-19","21:07:00",3,"AR",5,0,1,0,0,20000,0,36.1124,-91.561,36.1374,-91.4672,5.67,400,1,1,1,135,0,0,0,0
618714,2020,3,21,"2020-03-21","14:30:00",3,"NM",35,0,0,0,0,0,0,36.6288,-108.2774,36.6336,-108.2711,0.49,40,1,1,1,45,0,0,0,0
618715,2020,3,24,"2020-03-24","16:27:00",3,"MS",28,0,1,0,0,1500000,0,34.6383,-88.2825,34.667,-87.988,16.88,400,2,0,1,0,0,0,0,0
618715,2020,3,24,"2020-03-24","16:27:00",3,"MS",28,0,1,0,0,1500000,0,34.6383,-88.2825,34.652,-88.13,8.72,400,2,1,2,141,0,0,0,0
618715,2020,3,24,"2020-03-24","16:39:00",3,"AL",1,0,1,0,0,0,0,34.652,-88.13,34.667,-87.988,8.16,200,2,1,2,33,0,0,0,0
618716,2020,3,24,"2020-03-24","18:16:00",3,"TN",47,0,1,0,0,0,0,35.2211,-86.0098,35.2385,-85.9285,4.76,175,1,1,1,51,0,0,0,0
618717,2020,3,28,"2020-03-28","12:59:00",3,"IA",19,0,1,0,0,125000,0,41.1507,-94.6368,41.2443,-94.5652,7.47,115,1,1,1,3,1,0,0,0
618718,2020,3,28,"2020-03-28","15:18:00",3,"AR",5,0,1,0,0,2e+05,0,35.5072,-91.1184,35.5627,-91.0524,5.33,200,1,1,1,67,0,0,0,0
618719,2020,3,28,"2020-03-28","15:26:00",3,"IA",19,0,0,0,0,0,0,41.8819,-93.206,41.9005,-93.2022,1.3,75,1,1,1,127,0,0,0,0
618720,2020,3,28,"2020-03-28","15:58:00",3,"AR",5,0,3,22,0,3e+08,0,35.8094,-90.6852,35.934,-90.5227,12.53,600,1,1,1,31,0,0,0,0
618721,2020,3,28,"2020-03-28","16:25:00",3,"AR",5,0,1,0,0,3e+05,0,36.05,-90.3808,36.0803,-90.3431,2.97,100,1,1,1,55,0,0,0,0
618722,2020,3,28,"2020-03-28","16:39:00",3,"IL",17,0,-9,0,0,0,0,41.0624,-90.238,41.0636,-90.2364,0.12,10,1,1,1,95,0,0,0,0
618723,2020,3,28,"2020-03-28","16:39:00",3,"IA",19,0,-9,0,0,0,0,42.3136,-92.4686,42.3399,-92.4404,2.32,40,1,1,1,13,0,0,0,0
618724,2020,3,28,"2020-03-28","16:49:00",3,"IA",19,0,0,0,0,75000,0,42.4201,-92.3874,42.4461,-92.3676,2.06,115,1,1,1,13,0,0,0,0
618725,2020,3,28,"2020-03-28","16:55:00",3,"IA",19,0,-9,0,0,0,0,42.4725,-92.3138,42.4758,-92.3095,0.32,20,1,1,1,13,0,0,0,0
618726,2020,3,28,"2020-03-28","17:15:00",3,"IA",19,0,1,0,0,0,0,42.5086,-92.0809,42.6035,-92.0144,7.38,50,1,1,1,19,0,0,0,0
618727,2020,3,28,"2020-03-28","17:30:00",3,"IA",19,0,1,0,0,165000,5000,42.648,-91.9414,42.7013,-91.9146,3.93,140,1,1,1,65,0,0,0,0
618728,2020,3,28,"2020-03-28","17:40:00",3,"IA",19,0,0,0,0,75000,0,42.7525,-91.8552,42.804,-91.8448,3.6,50,1,1,1,65,0,0,0,0
618729,2020,3,28,"2020-03-28","18:43:00",3,"IL",17,0,-9,0,0,0,0,41.28,-90.24,41.296,-90.2313,1.07,10,1,1,1,73,0,0,0,0
618730,2020,3,28,"2020-03-28","18:58:00",3,"KY",21,0,2,0,0,5e+05,0,37.7418,-87.7038,37.8626,-87.4369,16.79,500,1,1,1,101,0,0,0,0
618731,2020,3,28,"2020-03-28","19:01:00",3,"IL",17,0,1,0,0,1e+05,0,40.3361,-90.319,40.3567,-90.2908,2.06,100,1,1,1,57,0,0,0,0
618732,2020,3,28,"2020-03-28","19:18:00",3,"KY",21,0,2,2,0,2003000,0,37.9372,-87.4181,37.9644,-87.3319,5.06,575,2,0,1,0,0,0,0,0
618732,2020,3,28,"2020-03-28","19:18:00",3,"KY",21,0,1,0,0,3000,0,37.9372,-87.4181,37.9421,-87.4036,0.86,100,2,1,2,101,0,0,0,0
618732,2020,3,28,"2020-03-28","19:19:00",3,"IN",18,0,2,2,0,2e+06,0,37.9421,-87.4036,37.9644,-87.3319,4.2,575,2,1,2,173,0,0,0,0
618733,2020,3,28,"2020-03-28","19:20:00",3,"IL",17,0,1,0,0,0,0,41.6003,-89.8725,41.6313,-89.8658,2.17,20,1,1,1,195,0,0,0,0
618734,2020,3,28,"2020-03-28","19:25:00",3,"IA",19,0,1,0,0,0,0,42.5947,-90.8138,42.629,-90.7553,3.8,50,1,1,1,61,0,0,0,0
618735,2020,3,28,"2020-03-28","19:35:00",3,"WI",55,0,1,0,0,180000,0,42.706,-90.7067,42.7903,-90.6636,6.22,120,1,1,1,43,0,0,0,0
618736,2020,3,28,"2020-03-28","19:58:00",3,"IL",17,0,1,0,0,3e+05,0,40.6571,-89.6754,40.6922,-89.6334,3.27,50,1,1,1,143,0,0,0,0
618737,2020,3,28,"2020-03-28","20:13:00",3,"IL",17,0,1,0,0,0,0,42.0178,-89.2964,42.0954,-89.2079,7.03,400,1,1,1,141,0,0,0,0
618738,2020,3,29,"2020-03-29","01:29:00",3,"TN",47,0,0,0,0,1e+05,0,35.9146,-85.434,35.9446,-85.317,6.9,75,1,1,1,185,0,0,0,0
618739,2020,3,30,"2020-03-30","16:22:00",3,"TX",48,0,-9,0,0,0,0,35.47,-101.57,35.484,-101.5095,3.55,50,1,1,1,65,0,0,0,0
618740,2020,3,30,"2020-03-30","16:50:00",3,"TX",48,0,0,0,0,0,0,36.1738,-101.8499,36.1709,-101.8486,0.21,20,1,1,1,421,0,0,0,0
618741,2020,3,31,"2020-03-31","08:30:00",3,"MS",28,0,1,0,0,0,0,30.84,-88.75,30.81,-88.61,8.15,50,1,1,1,39,0,0,0,0
618742,2020,3,31,"2020-03-31","09:23:00",3,"AL",1,0,0,0,0,0,0,32.0817,-86.1751,32.1071,-86.127,3.33,190,1,1,1,101,0,0,0,0
618743,2020,3,31,"2020-03-31","09:33:00",3,"AL",1,0,0,0,0,0,0,31.9371,-86.0665,31.9379,-86.0643,0.14,80,1,1,1,109,0,0,0,0
618744,2020,3,31,"2020-03-31","09:34:00",3,"AL",1,0,0,0,0,0,0,31.8539,-86.0307,31.858,-86.0037,1.61,80,1,1,1,109,0,0,0,0
618745,2020,3,31,"2020-03-31","09:51:00",3,"AL",1,0,0,0,0,0,0,31.9011,-85.8111,31.9025,-85.7972,0.83,180,1,1,1,109,0,0,0,0
618746,2020,3,31,"2020-03-31","10:34:00",3,"AL",1,0,2,1,0,50000,0,31.8173,-85.2636,31.8649,-84.7588,29.97,350,2,0,1,0,0,0,0,0
618746,2020,3,31,"2020-03-31","10:34:00",3,"AL",1,0,2,0,0,0,0,31.8173,-85.2636,31.8173,-85.1313,7.85,350,2,1,2,5,0,0,0,0
618746,2020,3,31,"2020-03-31","10:46:00",3,"GA",13,0,1,1,0,50000,0,31.8173,-85.1313,31.8649,-84.7588,22.12,200,2,1,2,239,243,0,0,0
618747,2020,3,31,"2020-03-31","11:55:00",3,"FL",12,0,0,0,0,2000,0,30.462,-86.1945,30.4621,-86.1917,0.17,25,1,1,1,131,0,0,0,0
618748,2020,3,31,"2020-03-31","14:10:00",3,"FL",12,0,1,0,0,2000,0,30.3154,-83.8415,30.3366,-83.6902,9.21,150,1,1,1,65,79,0,0,0
618749,2020,3,31,"2020-03-31","14:17:00",3,"FL",12,0,1,0,0,0,0,30.4215,-83.6361,30.4521,-83.4422,11.74,100,1,1,1,79,0,0,0,0
618750,2020,3,31,"2020-03-31","14:33:00",3,"FL",12,0,0,0,0,50000,0,30.461,-83.4112,30.4612,-83.4093,0.11,50,1,1,1,79,0,0,0,0
618751,2020,3,31,"2020-03-31","15:26:00",3,"FL",12,0,0,0,0,0,0,30.1767,-83.0498,30.1774,-83.0365,0.8,704,1,1,1,121,0,0,0,0
618752,2020,3,31,"2020-03-31","15:30:00",3,"WA",53,0,0,0,0,0,0,46.33,-119.28,46.33,-119.28,0.1,20,1,1,1,5,0,0,0,0
618753,2020,3,31,"2020-03-31","17:29:00",3,"FL",12,0,0,0,0,0,0,30.1407,-81.3564,30.1425,-81.3502,0.39,704,1,1,1,109,0,0,0,0
618671,2020,3,2,"2020-03-02","20:00:00",3,"KY",21,0,1,0,0,80000,0,37.0335,-87.5005,37.0278,-87.4009,5.51,400,1,1,1,47,0,0,0,0
618672,2020,3,2,"2020-03-02","22:12:00",3,"TN",47,0,1,0,0,250000,0,36.0323,-88.8275,36.0534,-88.7,7.27,100,1,1,1,53,0,0,0,0
618673,2020,3,2,"2020-03-02","22:15:00",3,"MO",29,0,0,0,0,0,0,36.57,-89.9,36.5712,-89.8449,3.06,50,1,1,1,143,0,0,0,0
618674,2020,3,2,"2020-03-02","22:41:00",3,"TN",47,0,2,0,0,5e+05,0,36.0811,-88.5287,36.0792,-88.2637,14.8,100,1,1,1,17,0,0,0,0
618675,2020,3,2,"2020-03-02","23:05:00",3,"TN",47,0,2,2,1,1100000,3e+05,36.0928,-88.1189,36.1074,-87.7838,18.72,250,1,1,1,5,85,0,0,0
618676,2020,3,2,"2020-03-02","23:42:00",3,"TN",47,0,0,0,0,25000,25000,36.1162,-87.6482,36.1231,-87.5629,4.8,50,1,1,1,85,0,0,0,0
618677,2020,3,3,"2020-03-03","00:15:00",3,"KY",21,0,2,0,0,2e+05,0,36.849,-86.3176,36.8539,-86.2773,2.7,250,1,1,1,227,3,0,0,0
618678,2020,3,3,"2020-03-03","00:32:00",3,"TN",47,0,3,220,5,1.504e+09,0,36.1717,-86.9562,36.1525,-85.8904,60.13,1600,1,1,1,37,189,159,0,0
618679,2020,3,3,"2020-03-03","01:38:00",3,"TN",47,0,0,0,0,15000,0,36.1603,-85.8056,36.1711,-85.7479,3.32,50,1,1,1,141,0,0,0,0
618680,2020,3,3,"2020-03-03","01:48:00",3,"TN",47,0,4,87,19,1e+08,0,36.1715,-85.6628,36.1709,-85.5135,8.39,900,1,1,1,141,0,0,0,0
618681,2020,3,3,"2020-03-03","02:05:00",3,"TN",47,0,0,0,0,5000,0,36.1075,-85.4461,36.1068,-85.442,0.23,25,1,1,1,141,0,0,0,0
618682,2020,3,3,"2020-03-03","02:25:00",3,"TN",47,0,2,0,0,50000,5e+05,36.1399,-85.0401,36.1243,-84.8619,10.07,500,1,1,1,35,0,0,0,0
618683,2020,3,3,"2020-03-03","02:40:00",3,"TN",47,0,0,0,0,0,0,36.1264,-84.799,36.1264,-84.733,3.68,200,1,1,1,129,0,0,0,0
618684,2020,3,3,"2020-03-03","06:04:00",3,"AL",1,0,0,0,0,0,0,32.6846,-87.6226,32.6863,-87.5492,4.34,220,1,1,1,65,0,0,0,0
618685,2020,3,3,"2020-03-03","06:28:00",3,"AL",1,0,1,0,0,0,0,32.8648,-87.0496,32.8647,-86.9432,6.21,525,1,1,1,7,0,0,0,0
618686,2020,3,4,"2020-03-04","04:39:00",3,"MS",28,0,0,0,0,26000,0,31.6406,-89.7644,31.6317,-89.6057,9.31,400,1,1,1,65,31,0,0,0
618786,2020,4,12,"2020-04-12","00:03:00",3,"TX",48,0,1,0,0,0,0,30.5048,-101.3172,30.5505,-101.2391,5.62,250,1,1,1,105,0,0,0,0
618787,2020,4,12,"2020-04-12","03:05:00",3,"TX",48,0,1,0,0,0,0,31.2145,-99.5846,31.256,-99.5128,5.12,300,1,1,1,307,0,0,0,0
618788,2020,4,12,"2020-04-12","03:40:00",3,"TX",48,0,1,0,0,1e+05,0,30.3007,-98.8248,30.3728,-98.6498,11.56,150,1,1,1,171,0,0,0,0
618789,2020,4,12,"2020-04-12","04:23:00",3,"TX",48,0,1,2,0,1010000,0,30.4397,-98.3605,30.4805,-98.2769,6.96,200,1,1,1,31,53,0,0,0
618790,2020,4,12,"2020-04-12","05:05:00",3,"TX",48,0,0,0,0,5000,0,31.6552,-96.4298,31.6558,-96.4261,0.22,50,1,1,1,293,0,0,0,0
618791,2020,4,12,"2020-04-12","08:06:00",3,"TX",48,0,1,0,0,0,0,31.8921,-94.3827,31.8932,-94.3702,0.74,30,1,1,1,419,0,0,0,0
618792,2020,4,12,"2020-04-12","08:08:00",3,"TX",48,0,1,0,0,150000,0,32.399,-94.2764,32.5021,-94.142,10.59,100,1,1,1,203,0,0,0,0
618793,2020,4,12,"2020-04-12","08:41:00",3,"LA",22,0,2,1,0,1e+06,0,32.1493,-93.7946,32.2206,-93.6647,9.05,400,1,1,1,31,0,0,0,0
618794,2020,4,12,"2020-04-12","08:52:00",3,"LA",22,0,1,0,0,150000,0,32.6975,-93.7439,32.6986,-93.7366,0.43,125,1,1,1,15,0,0,0,0
618795,2020,4,12,"2020-04-12","08:57:00",3,"LA",22,0,1,0,0,25000,0,32.1448,-93.5866,32.1959,-93.4903,6.65,300,1,1,1,31,81,0,0,0
618796,2020,4,12,"2020-04-12","09:10:00",3,"LA",22,0,1,0,0,1e+05,0,32.4272,-93.3805,32.4602,-93.2829,6.13,1000,1,1,1,119,0,0,0,0
618797,2020,4,12,"2020-04-12","09:30:00",3,"LA",22,0,1,0,0,0,0,32.1488,-93.1185,32.1653,-93.0989,1.62,400,1,1,1,13,0,0,0,0
618798,2020,4,12,"2020-04-12","09:39:00",3,"LA",22,0,1,0,0,2e+05,0,32.5636,-92.9451,32.5678,-92.9329,0.77,75,1,1,1,13,0,0,0,0
618799,2020,4,12,"2020-04-12","10:36:00",3,"LA",22,0,3,0,0,2.5e+08,0,32.4706,-92.1699,32.5142,-92.0425,8.01,300,1,1,1,73,0,0,0,0
618800,2020,4,12,"2020-04-12","10:39:00",3,"LA",22,0,3,0,0,750000,0,32.6215,-92.0977,32.65,-92.0684,2.6,400,1,1,1,73,0,0,0,0
618801,2020,4,12,"2020-04-12","10:46:00",3,"LA",22,0,1,0,0,25000,0,32.6452,-92.035,32.6554,-92.0196,1.14,50,1,1,1,73,0,0,0,0
618802,2020,4,12,"2020-04-12","11:02:00",3,"LA",22,0,1,0,0,20000,0,32.6814,-91.8239,32.7065,-91.7812,3.03,200,1,1,1,67,0,0,0,0
618803,2020,4,12,"2020-04-12","11:10:00",3,"LA",22,0,2,0,0,36000,0,32.65,-91.65,32.7328,-91.5193,9.52,700,1,1,1,67,83,123,0,0
618804,2020,4,12,"2020-04-12","11:11:00",3,"LA",22,0,1,0,0,12000,0,32.5597,-91.5798,32.6137,-91.532,4.65,150,1,1,1,83,123,0,0,0
618805,2020,4,12,"2020-04-12","11:11:00",3,"LA",22,0,1,0,0,26000,0,32.596,-91.6168,32.6473,-91.5044,7.46,700,1,1,1,83,123,0,0,0
618806,2020,4,12,"2020-04-12","11:41:00",3,"LA",22,0,0,0,0,75000,0,32.7942,-91.1793,32.8063,-91.1655,1.16,170,1,1,1,35,0,0,0,0
618807,2020,4,12,"2020-04-12","12:00:00",3,"MS",28,0,1,0,0,15000,0,32.787,-90.8925,32.8342,-90.8054,6.02,200,1,1,1,125,0,0,0,0
618808,2020,4,12,"2020-04-12","12:17:00",3,"MS",28,0,1,0,0,50000,0,32.9296,-90.5931,32.9732,-90.5454,4.09,440,1,1,1,53,0,0,0,0
618809,2020,4,12,"2020-04-12","12:22:00",3,"MS",28,0,2,0,0,150000,0,32.8574,-90.5208,32.9208,-90.4184,7.38,250,1,1,1,163,0,0,0,0
618810,2020,4,12,"2020-04-12","12:46:00",3,"MS",28,0,0,0,0,40000,0,33.0049,-90.2608,33.0154,-90.2225,2.33,50,1,1,1,51,0,0,0,0
618811,2020,4,12,"2020-04-12","13:06:00",3,"MS",28,0,1,0,0,35000,0,32.9961,-89.8541,33.0204,-89.823,2.46,500,1,1,1,7,0,0,0,0
618812,2020,4,12,"2020-04-12","13:47:00",3,"MS",28,0,0,0,0,9000,0,33.1961,-89.3018,33.2359,-89.2794,3.04,150,1,1,1,19,0,0,0,0
618813,2020,4,12,"2020-04-12","14:30:00",3,"MS",28,0,2,0,0,150000,0,33.1469,-88.6044,33.2067,-88.4762,8.49,1100,1,1,1,103,0,0,0,0
618814,2020,4,12,"2020-04-12","14:39:00",3,"MS",28,0,4,3,4,2750000,2500000,31.2763,-90.1732,31.4017,-89.8505,21.17,1936,1,1,1,147,77,91,65,0
618815,2020,4,12,"2020-04-12","14:42:00",3,"MS",28,0,1,0,0,20000,0,33.2352,-88.4308,33.2555,-88.368,3.89,375,1,1,1,103,0,0,0,0
618816,2020,4,12,"2020-04-12","15:01:00",3,"AL",1,0,0,0,0,0,0,33.3697,-88.1937,33.382,-88.1722,1.51,200,1,1,1,107,0,0,0,0
618817,2020,4,12,"2020-04-12","15:12:00",3,"MS",28,0,4,98,7,61540000,12250000,31.4641,-89.7579,32.072,-88.8649,67.43,3960,1,1,1,65,31,67,61,0
618817,2020,4,12,"2020-04-12","15:12:00",3,"MS",28,0,0,0,0,0,0,0,0,0,0,0,0,1,0,-9,23,0,0,0,0
618818,2020,4,12,"2020-04-12","15:18:00",3,"AL",1,0,0,0,0,0,0,33.4593,-87.8859,33.5348,-87.8593,5.45,300,1,1,1,107,57,0,0,0
618819,2020,4,12,"2020-04-12","15:34:00",3,"AL",1,0,0,0,0,0,0,33.5878,-87.7504,33.6136,-87.7472,1.79,350,1,1,1,57,0,0,0,0
618820,2020,4,12,"2020-04-12","15:36:00",3,"MS",28,0,3,2,0,17890000,7701000,31.3712,-90.1101,32.1121,-89.0047,83.22,2041,1,1,1,77,65,31,67,0
618820,2020,4,12,"2020-04-12","15:36:00",3,"MS",28,0,0,0,0,0,0,0,0,0,0,0,0,1,0,-9,129,61,0,0,0
618821,2020,4,12,"2020-04-12","15:41:00",3,"AL",1,0,1,0,0,0,0,33.6264,-87.5872,33.6983,-87.5245,6.14,600,1,1,1,57,127,0,0,0
618822,2020,4,12,"2020-04-12","16:04:00",3,"AL",1,0,1,0,0,0,0,33.6319,-87.2022,33.7027,-87.0731,8.98,950,1,1,1,127,0,0,0,0
618823,2020,4,12,"2020-04-12","16:14:00",3,"AL",1,0,2,0,0,0,0,33.6991,-87.0534,33.7478,-86.9485,6.91,940,1,1,1,127,73,0,0,0
618824,2020,4,12,"2020-04-12","16:22:00",3,"MS",28,0,2,2,0,250000,0,32.0015,-88.8943,32.1887,-88.7904,14.29,300,1,1,1,23,0,0,0,0
618825,2020,4,12,"2020-04-12","16:44:00",3,"AL",1,0,0,0,0,0,0,33.8819,-86.6877,33.8832,-86.6797,0.47,125,1,1,1,9,0,0,0,0
618826,2020,4,12,"2020-04-12","16:47:00",3,"MS",28,0,1,0,0,50000,0,32.2571,-88.6932,32.2973,-88.6801,2.88,300,1,1,1,75,0,0,0,0
618827,2020,4,12,"2020-04-12","16:47:00",3,"AL",1,0,1,0,0,0,0,33.8977,-86.6549,33.9043,-86.589,3.84,225,1,1,1,9,0,0,0,0
618828,2020,4,12,"2020-04-12","16:50:00",3,"AL",1,0,2,0,0,0,0,33.9384,-86.5677,33.9827,-86.4876,5.56,500,1,1,1,9,0,0,0,0
618829,2020,4,12,"2020-04-12","17:04:00",3,"AL",1,0,1,0,0,0,0,34.0264,-86.3916,34.0318,-86.3798,0.78,115,1,1,1,9,0,0,0,0
618830,2020,4,12,"2020-04-12","17:08:00",3,"AL",1,0,1,0,0,0,0,33.9987,-86.1577,34.05,-86.0844,5.52,525,1,1,1,55,0,0,0,0
618831,2020,4,12,"2020-04-12","17:10:00",3,"AL",1,0,2,3,0,0,0,34.0721,-86.3249,34.2383,-86.0019,21.74,440,1,1,1,9,55,95,49,0
618832,2020,4,12,"2020-04-12","17:10:00",3,"MS",28,0,1,0,0,30000,0,32.1209,-88.9602,32.1903,-88.8329,8.87,985,1,1,1,61,23,0,0,0
618833,2020,4,12,"2020-04-12","17:14:00",3,"AL",1,0,2,0,0,0,0,34.0419,-86.0704,34.1752,-85.9321,12.19,875,1,1,1,55,0,0,0,0
618834,2020,4,12,"2020-04-12","18:15:00",3,"GA",13,0,2,0,0,4e+05,0,34.499,-85.3689,34.666,-85.215,14.73,800,1,1,1,55,295,0,0,0
618835,2020,4,12,"2020-04-12","19:12:00",3,"AL",1,0,1,3,0,0,0,33.8795,-87.5472,33.9072,-87.5081,2.9,1000,1,1,1,127,0,0,0,0
618836,2020,4,12,"2020-04-12","19:33:00",3,"AL",1,0,1,0,0,0,0,33.2831,-87.5015,33.3801,-87.3778,9.86,230,1,1,1,125,0,0,0,0
618837,2020,4,12,"2020-04-12","19:45:00",3,"GA",13,0,2,24,8,5e+05,0,34.8098,-84.8377,34.9251,-84.7686,8.88,860,1,1,1,213,0,0,0,0
618838,2020,4,12,"2020-04-12","19:51:00",3,"AL",1,0,1,0,0,0,0,33.9984,-87.0368,34.0169,-86.9902,2.97,200,1,1,1,43,0,0,0,0
618839,2020,4,12,"2020-04-12","20:00:00",3,"AL",1,0,1,0,0,0,0,34.0736,-86.8747,34.0937,-86.7835,5.42,300,1,1,1,43,0,0,0,0
618840,2020,4,12,"2020-04-12","20:03:00",3,"AL",1,0,1,0,0,0,0,31.7065,-88.3161,31.7118,-88.3128,0.41,100,1,1,1,23,0,0,0,0
618841,2020,4,12,"2020-04-12","20:11:00",3,"AL",1,0,1,0,0,0,0,34.1329,-86.7377,34.1297,-86.733,0.35,70,1,1,1,43,0,0,0,0
618842,2020,4,12,"2020-04-12","20:12:00",3,"AL",1,0,2,0,0,0,0,34.1239,-86.7087,34.1337,-86.6669,2.5,350,1,1,1,43,0,0,0,0
618843,2020,4,12,"2020-04-12","20:16:00",3,"AL",1,0,1,0,0,0,0,31.798,-88.134,31.8035,-88.1225,0.77,100,1,1,1,25,0,0,0,0
618844,2020,4,12,"2020-04-12","20:27:00",3,"AL",1,0,1,0,0,0,0,34.2201,-86.459,34.234,-86.3737,4.97,200,1,1,1,9,95,0,0,0
618845,2020,4,12,"2020-04-12","20:41:00",3,"AL",1,0,1,0,0,0,0,32.0443,-87.6583,32.1162,-87.5508,8.05,1000,1,1,1,91,131,0,0,0
618846,2020,4,12,"2020-04-12","20:50:00",3,"AL",1,0,1,0,0,7e+05,0,34.8349,-85.612,34.8621,-85.4851,7.54,350,2,0,1,0,0,0,0,0
618846,2020,4,12,"2020-04-12","20:50:00",3,"AL",1,0,1,0,0,0,0,34.8349,-85.612,34.8372,-85.5789,1.95,154,2,1,2,49,0,0,0,0
618846,2020,4,12,"2020-04-12","20:54:00",3,"GA",13,0,1,0,0,7e+05,0,34.8372,-85.5789,34.8621,-85.4851,5.59,350,2,1,2,83,0,0,0,0
618847,2020,4,12,"2020-04-12","21:14:00",3,"AL",1,0,1,0,0,0,0,32.7317,-87.2012,32.7622,-87.1826,2.42,350,1,1,1,105,0,0,0,0
618848,2020,4,12,"2020-04-12","21:15:00",3,"GA",13,0,3,18,2,250000,0,34.9407,-85.2582,35.104,-84.9816,19.34,1500,2,0,1,0,0,0,0,0
618848,2020,4,12,"2020-04-12","21:15:00",3,"GA",13,0,1,0,0,250000,0,34.9407,-85.2582,34.9859,-85.1908,4.93,580,2,1,2,47,0,0,0,0
618848,2020,4,12,"2020-04-12","21:19:00",3,"TN",47,0,3,18,2,0,0,34.986,-85.1907,35.104,-84.9816,14.41,1500,2,1,2,65,11,0,0,0
618849,2020,4,12,"2020-04-12","21:22:00",3,"AL",1,0,0,0,0,0,0,34.2744,-85.856,34.2988,-85.8027,3.56,110,1,1,1,49,0,0,0,0
618850,2020,4,12,"2020-04-12","21:27:00",3,"AL",1,0,0,0,0,0,0,32.244,-86.9515,32.2791,-86.9016,3.8,400,1,1,1,47,0,0,0,0
618851,2020,4,12,"2020-04-12","21:45:00",3,"TN",47,0,2,6,0,0,0,35.1613,-84.864,35.1561,-84.8125,3.04,500,1,1,1,11,0,0,0,0
618852,2020,4,12,"2020-04-12","21:50:00",3,"TN",47,0,1,0,0,0,0,35.1663,-84.8242,35.1977,-84.7461,5.09,500,1,1,1,11,0,0,0,0
618853,2020,4,12,"2020-04-12","21:55:00",3,"TN",47,0,1,0,0,0,0,35.2046,-84.7751,35.2159,-84.6927,4.73,500,1,1,1,11,139,0,0,0
618854,2020,4,12,"2020-04-12","22:31:00",3,"GA",13,0,0,0,0,10000,0,34.1239,-85.3675,34.1244,-85.3653,0.13,50,1,1,1,115,0,0,0,0
618855,2020,4,12,"2020-04-12","22:42:00",3,"GA",13,0,0,0,0,10000,0,34.1924,-85.1735,34.2311,-85.1424,3.21,50,1,1,1,115,0,0,0,0
618856,2020,4,12,"2020-04-12","23:06:00",3,"GA",13,0,1,2,1,1e+05,0,34.1492,-84.8285,34.2857,-84.678,12.76,250,1,1,1,15,0,0,0,0
618857,2020,4,12,"2020-04-12","23:32:00",3,"GA",13,0,1,0,0,250000,0,34.3524,-84.6028,34.3626,-84.6013,0.71,100,1,1,1,57,0,0,0,0
618858,2020,4,12,"2020-04-12","23:53:00",3,"GA",13,0,0,0,0,20000,0,32.7279,-84.7924,32.7476,-84.7321,3.76,50,1,1,1,145,0,0,0,0
618859,2020,4,13,"2020-04-13","00:08:00",3,"GA",13,0,0,0,0,25000,0,32.7516,-84.5144,32.7794,-84.4762,2.94,100,1,1,1,263,0,0,0,0
618860,2020,4,13,"2020-04-13","00:19:00",3,"GA",13,0,3,0,0,305000,0,32.8496,-84.3335,32.9943,-84.1056,16.63,1200,1,1,1,293,171,0,0,0
618861,2020,4,13,"2020-04-13","00:36:00",3,"GA",13,0,0,0,0,50000,0,33.6288,-84.5263,33.6425,-84.4824,2.75,50,1,1,1,121,0,0,0,0
618862,2020,4,13,"2020-04-13","00:40:00",3,"GA",13,0,3,1,0,1e+07,0,33.0298,-84.033,33.0729,-83.9576,5.3,300,1,1,1,207,0,0,0,0
618863,2020,4,13,"2020-04-13","00:49:00",3,"GA",13,0,1,0,0,130000,0,33.456,-83.6449,34.4853,-83.4822,9.77,200,1,1,1,139,137,11,0,0
618864,2020,4,13,"2020-04-13","01:00:00",3,"GA",13,0,1,0,0,250000,0,32.873,-83.7718,32.8997,-83.717,3.68,300,1,1,1,21,0,0,0,0
618865,2020,4,13,"2020-04-13","01:01:00",3,"GA",13,0,0,0,0,0,0,34.485,-83.481,34.492,-83.401,4.54,200,1,1,1,137,257,0,0,0
618866,2020,4,13,"2020-04-13","01:07:00",3,"GA",13,0,1,0,0,20000,0,34.513,-83.367,34.546,-83.219,8.73,500,1,1,1,257,0,0,0,0
618867,2020,4,13,"2020-04-13","01:18:00",3,"SC",45,0,1,0,0,0,0,34.99,-83.055,35,-82.986,3.97,400,1,1,1,73,0,0,0,0
618868,2020,4,13,"2020-04-13","01:18:00",3,"GA",13,0,1,0,0,1e+05,0,33.3098,-83.4961,33.4111,-83.3082,12.91,300,1,1,1,237,0,0,0,0
618869,2020,4,13,"2020-04-13","01:21:00",3,"SC",45,0,3,5,1,1e+08,0,34.617,-83.084,34.733,-82.826,16.71,1000,1,1,1,73,77,0,0,0
618870,2020,4,13,"2020-04-13","01:38:00",3,"GA",13,0,1,0,0,5e+05,0,33.4443,-83.228,33.5048,-83.1439,6.4,350,1,1,1,133,0,0,0,0
618871,2020,4,13,"2020-04-13","01:41:00",3,"SC",45,0,2,8,0,3e+05,0,34.966,-82.667,35.04,-82.558,7.97,200,1,1,1,77,45,0,0,0
618872,2020,4,13,"2020-04-13","01:44:00",3,"SC",45,0,0,0,0,0,0,34.817,-82.638,34.856,-82.516,7.42,70,1,1,1,77,0,0,0,0
618873,2020,4,13,"2020-04-13","02:01:00",3,"SC",45,0,0,0,0,20000,0,34.992,-82.295,35,-82.288,0.68,30,1,1,1,45,0,0,0,0
618874,2020,4,13,"2020-04-13","02:01:00",3,"GA",13,0,0,0,0,20000,0,32.8329,-82.9698,32.8359,-82.9414,1.66,50,1,1,1,303,0,0,0,0
618875,2020,4,13,"2020-04-13","02:05:00",3,"GA",13,0,0,0,0,50000,0,33.1199,-82.8228,33.1557,-82.7912,3.08,100,1,1,1,303,0,0,0,0
618876,2020,4,13,"2020-04-13","02:12:00",3,"GA",13,0,0,0,0,50000,0,33.1992,-82.7831,33.2066,-82.7681,1.01,100,1,1,1,303,0,0,0,0
618877,2020,4,13,"2020-04-13","02:18:00",3,"GA",13,0,1,0,0,270000,0,32.8613,-82.6972,32.8919,-82.4719,14.22,220,1,1,1,303,163,0,0,0
618878,2020,4,13,"2020-04-13","02:53:00",3,"GA",13,0,2,0,0,0,0,33.1066,-82.1918,33.2265,-81.9452,16.49,700,1,1,1,33,0,0,0,0
618879,2020,4,13,"2020-04-13","03:21:00",3,"SC",45,0,3,0,0,0,0,33.2751,-81.7048,33.5408,-81.1379,37.88,800,1,1,1,3,11,75,0,0
618880,2020,4,13,"2020-04-13","03:33:00",3,"SC",45,0,3,0,0,0,0,33.2754,-81.5438,33.3512,-81.428,8.49,50,1,1,1,11,0,0,0,0
618881,2020,4,13,"2020-04-13","03:36:00",3,"GA",13,0,1,0,0,2e+05,0,31.48,-83.7,31.49,-83.64,3.62,100,1,1,1,321,277,0,0,0
618882,2020,4,13,"2020-04-13","03:43:00",3,"SC",45,0,3,7,2,0,0,33.3158,-81.3944,33.624,-80.9115,35.68,770,1,1,1,11,75,17,0,0
618883,2020,4,13,"2020-04-13","03:49:00",3,"SC",45,0,3,0,0,0,0,33.3177,-81.2903,33.3369,-81.2833,1.39,40,1,1,1,11,0,0,0,0
618884,2020,4,13,"2020-04-13","03:50:00",3,"SC",45,0,3,0,0,0,0,33.2071,-81.2742,33.2715,-81.2223,5.37,800,1,1,1,11,0,0,0,0
618885,2020,4,13,"2020-04-13","03:53:00",3,"SC",45,0,1,0,0,0,0,34.1556,-80.919,34.2157,-80.8738,4.89,80,1,1,1,79,0,0,0,0
618886,2020,4,13,"2020-04-13","03:58:00",3,"GA",13,0,1,0,0,0,0,32.6516,-81.487,32.6681,-81.3876,5.9,200,2,0,1,0,0,0,0,0
618886,2020,4,13,"2020-04-13","03:58:00",3,"GA",13,0,1,0,0,0,0,32.6516,-81.487,32.6659,-81.403,4.99,200,2,1,2,251,0,0,0,0
618887,2020,4,13,"2020-04-13","04:01:00",3,"GA",13,0,1,0,0,0,0,31.5,-83.32,31.5025,-83.2875,1.92,50,1,1,1,155,0,0,0,0
618888,2020,4,13,"2020-04-13","04:04:00",3,"SC",45,0,0,0,0,0,0,33.0123,-81.2167,33.0434,-81.1228,5.85,300,1,1,1,5,0,0,0,0
618886,2020,4,13,"2020-04-13","04:05:00",3,"SC",45,0,1,0,0,0,0,32.6659,-81.403,32.6681,-81.3876,0.91,200,2,1,2,49,0,0,0,0
618889,2020,4,13,"2020-04-13","04:10:00",3,"SC",45,0,4,60,5,0,0,32.7045,-81.2899,32.829,-80.9092,23.73,1300,1,1,1,49,0,0,0,0
618890,2020,4,13,"2020-04-13","04:25:00",3,"SC",45,0,2,0,0,0,0,33.4032,-80.787,33.5123,-80.6716,10.23,700,1,1,1,75,17,0,0,0
618891,2020,4,13,"2020-04-13","04:32:00",3,"NC",37,0,1,0,0,5e+05,0,35.8943,-79.3544,35.9464,-79.3052,4.53,440,1,1,1,1,0,0,0,0
618892,2020,4,13,"2020-04-13","04:34:00",3,"NC",37,0,2,0,0,6e+05,0,34.8826,-79.9797,34.8846,-79.9774,0.19,75,1,1,1,7,0,0,0,0
618893,2020,4,13,"2020-04-13","04:39:00",3,"SC",45,0,1,0,0,0,0,32.8359,-80.8539,32.8454,-80.8319,1.44,50,1,1,1,29,0,0,0,0
618894,2020,4,13,"2020-04-13","04:39:00",3,"GA",13,0,0,0,0,0,0,31.55,-82.96,31.55,-82.94,1.18,125,1,1,1,69,0,0,0,0
618895,2020,4,13,"2020-04-13","04:45:00",3,"NC",37,0,1,0,0,3e+06,0,34.8221,-80.0284,34.8912,-79.8976,8.82,200,1,1,1,7,0,0,0,0
618896,2020,4,13,"2020-04-13","04:46:00",3,"SC",45,0,1,0,0,0,0,32.8768,-80.7459,32.9098,-80.7086,3.14,100,1,1,1,29,0,0,0,0
618897,2020,4,13,"2020-04-13","04:47:00",3,"SC",45,0,1,0,0,0,0,32.8791,-80.7305,32.9784,-80.456,17.33,500,1,1,1,29,0,0,0,0
618898,2020,4,13,"2020-04-13","05:10:00",3,"SC",45,0,1,0,0,0,0,33.0211,-80.3667,33.0385,-80.3331,2.29,150,1,1,1,35,0,0,0,0
618899,2020,4,13,"2020-04-13","05:25:00",3,"GA",13,0,1,8,0,0,0,31.67,-82.03,31.68,-81.95,4.75,440,1,1,1,305,0,0,0,0
618900,2020,4,13,"2020-04-13","05:37:00",3,"GA",13,0,1,0,0,0,0,31.6923,-81.8373,31.6948,-81.7829,3.2,500,1,1,1,183,0,0,0,0
618901,2020,4,13,"2020-04-13","05:38:00",3,"SC",45,0,3,6,0,0,0,33.1816,-79.9901,33.2045,-79.8947,5.74,400,1,1,1,15,0,0,0,0
618902,2020,4,13,"2020-04-13","05:47:00",3,"GA",13,0,0,0,0,0,0,31.6877,-81.6861,31.6891,-81.6803,0.36,100,1,1,1,183,0,0,0,0
618903,2020,4,13,"2020-04-13","05:51:00",3,"SC",45,0,0,0,0,0,0,33.1941,-79.794,33.2067,-79.7884,0.93,200,1,1,1,15,0,0,0,0
618904,2020,4,13,"2020-04-13","06:00:00",3,"SC",45,0,1,0,0,0,0,33.2532,-79.6559,33.2675,-79.6161,2.5,400,1,1,1,15,0,0,0,0
618905,2020,4,13,"2020-04-13","06:10:00",3,"NC",37,0,1,0,0,1e+05,0,34.2306,-78.636,34.2383,-78.6321,0.58,100,1,1,1,47,0,0,0,0
618906,2020,4,13,"2020-04-13","06:11:00",3,"GA",13,0,1,0,0,0,0,31.7592,-81.3658,31.7852,-81.2175,8.89,250,1,1,1,179,29,0,0,0
618907,2020,4,13,"2020-04-13","06:13:00",3,"SC",45,0,1,0,0,1e+05,0,33.3542,-79.4727,33.3924,-79.404,4.76,40,1,1,1,43,0,0,0,0
618908,2020,4,13,"2020-04-13","06:15:00",3,"SC",45,0,2,0,0,0,0,32.4852,-80.343,32.491,-80.3244,1.16,140,1,1,1,29,0,0,0,0
618909,2020,4,13,"2020-04-13","06:15:00",3,"SC",45,0,1,0,0,75000,0,33.3471,-79.4494,33.4188,-79.2792,11,50,1,1,1,43,0,0,0,0
618910,2020,4,13,"2020-04-13","06:28:00",3,"SC",45,0,1,0,0,0,0,32.5653,-80.1811,32.5745,-80.1627,1.25,120,1,1,1,19,0,0,0,0
618911,2020,4,13,"2020-04-13","06:33:00",3,"SC",45,0,1,0,0,0,0,32.5969,-80.1134,32.5981,-80.1085,0.3,60,1,1,1,19,0,0,0,0
618912,2020,4,13,"2020-04-13","06:36:00",3,"SC",45,0,2,0,0,20000,0,33.4908,-79.0906,33.5247,-79.0227,4.56,50,1,1,1,43,0,0,0,0
618913,2020,4,13,"2020-04-13","07:09:00",3,"NC",37,0,1,0,0,150000,0,34.4017,-78.0595,34.4629,-77.9459,7.82,50,1,1,1,141,0,0,0,0
618914,2020,4,13,"2020-04-13","07:13:00",3,"NC",37,0,1,0,0,1e+05,0,34.4315,-77.9833,34.4577,-77.9453,2.82,50,1,1,1,141,0,0,0,0
618915,2020,4,13,"2020-04-13","07:19:00",3,"NC",37,0,1,0,0,25000,0,34.5009,-77.8675,34.5334,-77.8371,2.84,30,1,1,1,141,0,0,0,0
618916,2020,4,13,"2020-04-13","07:24:00",3,"NC",37,0,0,0,0,2000,0,34.5543,-77.7547,34.5599,-77.7295,1.49,30,1,1,1,141,0,0,0,0
618917,2020,4,13,"2020-04-13","07:32:00",3,"NC",37,0,0,0,0,8000,0,33.9145,-78.1659,33.9149,-78.1646,0.08,15,1,1,1,19,0,0,0,0
618918,2020,4,13,"2020-04-13","07:36:00",3,"NC",37,0,0,0,0,15000,0,33.9053,-78.0799,33.9101,-78.0752,0.42,15,1,1,1,19,0,0,0,0
618919,2020,4,13,"2020-04-13","07:36:00",3,"NC",37,0,1,0,0,0,0,34.6835,-77.5726,34.7406,-77.5057,5.5,640,1,1,1,133,0,0,0,0
618920,2020,4,13,"2020-04-13","08:01:00",3,"NC",37,0,0,0,0,0,0,34.904,-77.2378,34.9117,-77.2296,0.7,75,1,1,1,103,0,0,0,0
618921,2020,4,13,"2020-04-13","08:05:00",3,"NC",37,0,0,0,0,0,0,35.8866,-76.5537,35.891,-76.5506,0.35,25,1,1,1,187,0,0,0,0
618922,2020,4,13,"2020-04-13","08:08:00",3,"NC",37,0,0,0,0,0,0,34.9586,-77.1532,34.9592,-77.152,0.08,60,1,1,1,103,0,0,0,0
618923,2020,4,13,"2020-04-13","08:09:00",3,"FL",12,0,0,0,0,0,0,30.31,-83.01,30.32,-82.96,3.06,175,1,1,1,121,0,0,0,0
618924,2020,4,13,"2020-04-13","08:15:00",3,"NC",37,0,0,0,0,0,0,35.4346,-76.7884,35.4366,-76.7835,0.31,29,1,1,1,13,0,0,0,0
618925,2020,4,13,"2020-04-13","08:20:00",3,"NC",37,0,0,0,0,0,0,34.8988,-76.9273,34.9021,-76.9249,0.27,75,1,1,1,49,0,0,0,0
618926,2020,4,13,"2020-04-13","11:47:00",3,"MD",24,0,1,0,0,3e+05,0,39.6087,-77.085,39.6103,-77.0782,0.38,75,1,1,1,13,0,0,0,0
618927,2020,4,13,"2020-04-13","13:27:00",3,"MD",24,0,0,0,0,0,0,39.0642,-75.8548,39.0649,-75.7644,4.85,30,1,1,1,11,0,0,0,0
618928,2020,4,15,"2020-04-15","05:17:00",3,"FL",12,0,0,0,0,0,0,30.4415,-81.6724,30.52,-81.44,14.86,125,1,1,1,31,0,0,0,0
618929,2020,4,17,"2020-04-17","20:53:00",3,"FL",12,0,0,0,0,0,0,26.5576,-80.0616,26.5685,-80.0581,0.83,75,1,1,1,99,0,0,0,0
618930,2020,4,19,"2020-04-19","13:17:00",3,"LA",22,0,1,0,0,0,0,31.6611,-92.4865,31.6857,-92.4685,2,500,1,1,1,43,0,0,0,0
618931,2020,4,19,"2020-04-19","15:50:00",3,"LA",22,0,1,0,0,3e+05,0,31.1666,-93.3313,31.1583,-93.2415,5.34,500,1,1,1,115,0,0,0,0
618932,2020,4,19,"2020-04-19","18:09:00",3,"MS",28,0,4,1,1,7e+05,0,31.0707,-89.9646,31.2338,-89.0792,53.76,2275,1,1,1,147,91,73,35,0
618932,2020,4,19,"2020-04-19","18:09:00",3,"MS",28,0,0,0,0,0,0,0,0,0,0,0,0,1,0,-9,111,0,0,0,0
618933,2020,4,19,"2020-04-19","20:51:00",3,"MS",28,0,1,0,0,0,0,30.6783,-89.5729,30.6529,-89.5294,3.12,200,1,1,1,109,0,0,0,0
618934,2020,4,19,"2020-04-19","21:13:00",3,"LA",22,0,1,0,0,0,0,30.3684,-90.0845,30.3666,-90.0333,3.05,300,1,1,1,103,0,0,0,0
618935,2020,4,19,"2020-04-19","21:49:00",3,"AL",1,0,2,0,0,0,0,31.3479,-86.3955,31.3364,-86.38,1.21,300,1,1,1,39,0,0,0,0
618936,2020,4,19,"2020-04-19","21:55:00",3,"AL",1,0,1,0,0,0,0,30.7092,-88.3781,30.64,-88.2517,8.9,100,1,1,1,97,0,0,0,0
618937,2020,4,19,"2020-04-19","22:03:00",3,"AL",1,0,0,0,0,50000,0,31.543,-85.974,31.5084,-85.9112,4.4,50,1,1,1,31,0,0,0,0
618938,2020,4,19,"2020-04-19","22:05:00",3,"AL",1,0,1,0,0,0,0,30.5771,-88.3973,30.5747,-88.3756,1.3,75,1,1,1,97,0,0,0,0
618939,2020,4,19,"2020-04-19","22:06:00",3,"AL",1,0,1,0,0,0,0,30.6684,-88.2154,30.6356,-88.1781,3.17,75,1,1,1,97,0,0,0,0
618940,2020,4,19,"2020-04-19","22:20:00",3,"AL",1,0,1,0,0,2e+05,0,31.46,-85.63,31.4289,-85.2218,24.37,150,1,1,1,45,67,0,0,0
618941,2020,4,19,"2020-04-19","22:32:00",3,"AL",1,0,0,0,0,0,0,31.1,-85.78,31.08,-85.76,1.82,100,1,1,1,61,0,0,0,0
618942,2020,4,19,"2020-04-19","22:40:00",3,"AL",1,0,2,0,1,0,0,31.3994,-85.279,31.437,-85.2029,5.18,300,1,1,1,67,0,0,0,0
618943,2020,4,19,"2020-04-19","22:42:00",3,"AL",1,0,1,0,0,50000,0,31.21,-85.46,31.2025,-85.4519,0.71,50,1,1,1,69,0,0,0,0
618944,2020,4,19,"2020-04-19","22:45:00",3,"AL",1,0,1,0,0,250000,0,31.4007,-85.2142,31.4103,-85.1916,1.49,500,1,1,1,67,0,0,0,0
618945,2020,4,19,"2020-04-19","22:46:00",3,"AL",1,0,1,0,0,0,0,30.5903,-87.5818,30.5887,-87.5741,0.47,300,1,1,1,3,0,0,0,0
618946,2020,4,19,"2020-04-19","22:46:00",3,"AL",1,0,1,0,0,5000,0,31.4455,-85.2619,31.4486,-85.1526,6.45,100,1,1,1,67,0,0,0,0
618947,2020,4,19,"2020-04-19","23:07:00",3,"FL",12,0,0,0,0,0,0,30.6079,-87.187,30.607,-87.1839,0.19,50,1,1,1,113,0,0,0,0
618948,2020,4,20,"2020-04-20","00:10:00",3,"GA",13,0,2,0,0,350000,0,31.42,-84,31.4607,-83.8621,8.72,500,1,1,1,205,321,0,0,0
618949,2020,4,20,"2020-04-20","07:35:00",3,"FL",12,0,1,0,0,0,0,29.0165,-82.1517,29.0122,-82.1576,0.46,500,1,1,1,83,0,0,0,0
618950,2020,4,20,"2020-04-20","07:39:00",3,"FL",12,0,0,0,0,1e+05,0,28.79,-82.69,28.802,-82.5755,7.25,35,1,1,1,17,0,0,0,0
618951,2020,4,20,"2020-04-20","09:45:00",3,"FL",12,0,0,0,0,0,0,28.7186,-81.2418,28.7188,-81.1965,2.74,25,1,1,1,117,0,0,0,0
618952,2020,4,21,"2020-04-21","13:05:00",3,"NJ",34,0,0,0,0,0,0,40.0003,-74.0667,39.9986,-74.0593,0.41,20,1,1,1,29,0,0,0,0
618953,2020,4,21,"2020-04-21","22:28:00",3,"OK",40,0,1,0,0,50000,0,34.711,-98.091,34.711,-98.086,0.29,100,1,1,1,31,51,0,0,0
618954,2020,4,21,"2020-04-21","22:43:00",3,"OK",40,0,1,0,0,75000,0,34.668,-97.974,34.662,-97.947,1.6,100,1,1,1,137,0,0,0,0
618955,2020,4,22,"2020-04-22","15:17:00",3,"OK",40,0,1,0,0,2e+05,0,34.672,-97.283,34.6635,-97.246,2.2,600,1,1,1,49,0,0,0,0
618956,2020,4,22,"2020-04-22","15:23:00",3,"OK",40,0,0,0,0,2000,0,34.331,-97.141,34.331,-97.141,0.1,20,1,1,1,19,0,0,0,0
618957,2020,4,22,"2020-04-22","15:24:00",3,"OK",40,0,2,0,0,0,0,34.3385,-97.126,34.377,-97.06,4.73,600,1,1,1,19,99,0,0,0
618958,2020,4,22,"2020-04-22","15:45:00",3,"OK",40,0,-9,0,0,0,0,34.0491,-96.8194,34.0491,-96.8194,0.2,50,1,1,1,95,0,0,0,0
618959,2020,4,22,"2020-04-22","15:53:00",3,"OK",40,0,2,1,2,5e+05,0,34.0705,-96.813,34.07,-96.74,4.25,400,1,1,1,95,0,0,0,0
618960,2020,4,22,"2020-04-22","16:10:00",3,"OK",40,0,0,0,0,20000,0,34.0665,-96.641,34.061,-96.619,1.4,50,1,1,1,95,0,0,0,0
618961,2020,4,22,"2020-04-22","16:26:00",3,"OK",40,0,1,0,0,1e+05,0,34.39,-96.504,34.399,-96.418,5,100,1,1,1,69,0,0,0,0
618962,2020,4,22,"2020-04-22","16:32:00",3,"OK",40,0,1,0,0,1e+05,0,34.0665,-96.392,34.069,-96.301,5.21,500,1,1,1,13,0,0,0,0
618963,2020,4,22,"2020-04-22","16:35:00",3,"TX",48,0,3,33,3,5e+06,0,30.8409,-95.1824,30.881,-94.704,28.51,1100,1,1,1,373,0,0,0,0
618964,2020,4,22,"2020-04-22","16:52:00",3,"OK",40,0,1,0,0,20000,0,34.068,-96.221,34.068,-96.242,1.2,30,1,1,1,13,0,0,0,0
618965,2020,4,22,"2020-04-22","16:59:00",3,"OK",40,0,0,0,0,0,0,34.42,-96.3,34.42,-96.3,0.1,30,1,1,1,29,0,0,0,0
618966,2020,4,22,"2020-04-22","17:35:00",3,"TX",48,0,1,0,0,5000,0,33.8089,-95.7308,33.8037,-95.654,4.45,510,1,1,1,277,0,0,0,0
618967,2020,4,22,"2020-04-22","17:51:00",3,"TX",48,0,2,0,0,75000,0,33.8169,-95.4799,33.8421,-95.3066,10.4,810,1,1,1,277,387,0,0,0
618968,2020,4,22,"2020-04-22","18:28:00",3,"TX",48,0,2,0,0,475000,0,30.9325,-93.8965,30.9794,-93.2843,36.42,600,2,0,1,0,351,0,0,0
618968,2020,4,22,"2020-04-22","18:28:00",3,"TX",48,0,2,0,0,375000,0,30.9325,-93.8965,30.9596,-93.5469,20.8,600,2,1,2,241,351,0,0,0
618968,2020,4,22,"2020-04-22","18:56:00",3,"LA",22,0,2,0,0,1e+05,0,30.9596,-93.5469,30.9794,-93.2843,15.62,500,2,1,2,115,0,0,0,0
618969,2020,4,22,"2020-04-22","20:09:00",3,"LA",22,0,2,0,0,150000,0,31.1285,-92.6814,31.2026,-92.5682,8.43,500,1,1,1,79,0,0,0,0
618970,2020,4,22,"2020-04-22","20:26:00",3,"LA",22,0,2,0,1,1e+06,0,31.1623,-92.4582,31.1922,-92.3103,8.98,550,1,1,1,79,0,0,0,0
618971,2020,4,22,"2020-04-22","20:27:00",3,"LA",22,0,1,0,0,1e+05,0,31.1222,-92.4355,31.1379,-92.373,3.85,500,1,1,1,79,0,0,0,0
618972,2020,4,22,"2020-04-22","20:42:00",3,"LA",22,0,1,0,0,150000,0,31.2166,-92.2562,31.2335,-92.1677,5.36,200,1,1,1,79,9,0,0,0
618973,2020,4,22,"2020-04-22","21:06:00",3,"LA",22,0,1,0,0,82000,0,31.2412,-91.9671,31.2899,-91.8528,7.61,1200,1,1,1,25,9,25,9,0
618973,2020,4,22,"2020-04-22","21:06:00",3,"LA",22,0,0,0,0,0,0,0,0,0,0,0,0,1,0,-9,25,0,0,0,0
618974,2020,4,22,"2020-04-22","21:17:00",3,"LA",22,0,1,0,0,33000,0,31.2927,-91.8805,31.3286,-91.8279,4.01,880,1,1,1,25,29,0,0,0
618975,2020,4,23,"2020-04-23","00:08:00",3,"LA",22,0,2,0,0,1e+06,0,30.9483,-92.2519,30.9619,-92.1929,3.62,100,1,1,1,9,0,0,0,0
618976,2020,4,23,"2020-04-23","00:20:00",3,"LA",22,0,1,0,0,50000,0,30.9677,-92.1011,30.9704,-92.0823,1.13,100,1,1,1,9,0,0,0,0
618977,2020,4,23,"2020-04-23","00:51:00",3,"LA",22,0,1,0,0,50000,0,30.3997,-92.4418,30.4774,-92.3096,9.53,150,1,1,1,1,0,0,0,0
618978,2020,4,23,"2020-04-23","00:57:00",3,"MS",28,0,0,0,0,30000,0,32.1744,-90.1136,32.2037,-89.9212,11.43,1230,1,1,1,121,0,0,0,0
618979,2020,4,23,"2020-04-23","02:07:00",3,"MS",28,0,2,0,0,1e+05,0,31.2047,-90.7432,31.2705,-90.446,18.3,1760,1,1,1,5,113,0,0,0
618980,2020,4,23,"2020-04-23","02:57:00",3,"MS",28,0,0,0,0,20000,0,31.318,-90.037,31.3208,-89.9271,6.49,200,1,1,1,91,0,0,0,0
618981,2020,4,23,"2020-04-23","03:14:00",3,"MS",28,0,2,0,0,3e+05,0,31.7608,-89.2247,31.8141,-88.9447,16.85,2640,1,1,1,67,0,0,0,0
618982,2020,4,23,"2020-04-23","03:33:00",3,"MS",28,0,1,0,0,0,0,31.8116,-88.8782,31.8226,-88.8505,1.8,350,1,1,1,153,0,0,0,0
618983,2020,4,23,"2020-04-23","05:17:00",3,"MS",28,0,1,0,0,0,0,30.9349,-88.6208,30.9371,-88.5828,2.26,200,1,1,1,39,0,0,0,0
618984,2020,4,23,"2020-04-23","05:23:00",3,"MS",28,0,1,0,0,0,0,30.9381,-88.5195,30.9387,-88.5131,0.38,50,1,1,1,39,0,0,0,0
618985,2020,4,23,"2020-04-23","05:24:00",3,"MS",28,0,1,1,0,0,0,30.9322,-88.5243,30.9332,-88.4999,1.45,250,1,1,1,39,0,0,0,0
618986,2020,4,23,"2020-04-23","05:37:00",3,"AL",1,0,1,0,0,0,0,30.9642,-88.3089,30.9662,-88.2999,0.55,75,1,1,1,97,0,0,0,0
618987,2020,4,23,"2020-04-23","07:42:00",3,"AL",1,0,0,0,0,0,0,31.063,-86.57,31.0627,-86.5638,0.37,50,1,1,1,39,0,0,0,0
618988,2020,4,23,"2020-04-23","07:53:00",3,"AL",1,0,0,0,0,0,0,31.0665,-86.2524,31.0665,-86.2524,0.01,25,1,1,1,39,0,0,0,0
618989,2020,4,23,"2020-04-23","10:05:00",3,"GA",13,0,1,0,0,1e+05,0,31.1314,-84.1624,31.1206,-84.1238,2.4,176,1,1,1,205,0,0,0,0
618990,2020,4,23,"2020-04-23","10:34:00",3,"GA",13,0,1,0,0,2e+05,0,31.13,-83.95,31.1464,-83.321,37.24,650,1,1,1,71,75,0,0,0
618991,2020,4,23,"2020-04-23","11:28:00",3,"GA",13,0,0,0,0,0,0,31.093,-82.9832,31.0992,-82.946,2.24,50,1,1,1,173,65,0,0,0
618992,2020,4,23,"2020-04-23","12:05:00",3,"GA",13,0,0,0,0,0,0,31.22,-82.47,31.24,-82.32,8.97,50,1,1,1,299,0,0,0,0
618993,2020,4,23,"2020-04-23","12:59:00",3,"GA",13,0,0,0,0,0,0,31.1892,-81.6689,31.1905,-81.6611,0.47,50,1,1,1,127,0,0,0,0
618994,2020,4,23,"2020-04-23","13:37:00",3,"GA",13,0,0,0,0,0,0,31.04,-81.65,31.0413,-81.6452,0.3,50,1,1,1,39,0,0,0,0
618995,2020,4,23,"2020-04-23","13:51:00",3,"FL",12,0,1,0,0,0,0,30.4442,-86.6463,30.4386,-86.6014,2.7,50,1,1,1,91,0,0,0,0
618996,2020,4,23,"2020-04-23","14:13:00",3,"FL",12,0,1,0,0,2e+05,0,30.71,-86.12,30.7126,-85.9674,9.07,100,1,1,1,131,59,0,0,0
618997,2020,4,23,"2020-04-23","14:48:00",3,"FL",12,0,2,0,0,5e+05,0,30.72,-85.59,30.73,-85.3,17.24,400,1,1,1,133,63,0,0,0
618998,2020,4,23,"2020-04-23","15:00:00",3,"FL",12,0,0,0,0,50000,0,30.18,-85.81,30.1485,-85.5886,13.4,75,1,1,1,5,0,0,0,0
618999,2020,4,23,"2020-04-23","15:09:00",3,"FL",12,0,0,0,0,0,0,30.29,-85.65,30.2907,-85.6349,0.9,50,1,1,1,5,0,0,0,0
619000,2020,4,23,"2020-04-23","16:22:00",3,"FL",12,0,1,0,0,10000,0,30.52,-84.35,30.5495,-84.1755,10.58,600,1,1,1,73,0,0,0,0
619001,2020,4,23,"2020-04-23","16:54:00",3,"FL",12,0,1,0,0,25000,0,30.25,-84.26,30.2394,-84.1966,3.85,100,1,1,1,129,0,0,0,0
619002,2020,4,23,"2020-04-23","17:56:00",3,"FL",12,0,1,0,0,50000,0,29.83,-83.6,29.8293,-83.5924,0.46,100,1,1,1,123,0,0,0,0
619003,2020,4,23,"2020-04-23","19:11:00",3,"FL",12,0,0,0,0,0,0,29.84,-82.87,29.8412,-82.86,0.6,50,1,1,1,41,0,0,0,0
619004,2020,4,24,"2020-04-24","13:08:00",3,"MO",29,0,0,0,0,0,0,39.21,-93.31,39.21,-93.31,0.02,50,1,1,1,195,0,0,0,0
619005,2020,4,24,"2020-04-24","17:40:00",3,"TX",48,0,2,1,0,5e+05,0,33.7199,-96.2085,33.7299,-96.0716,7.94,425,1,1,1,147,0,0,0,0
619006,2020,4,24,"2020-04-24","18:08:00",3,"TX",48,0,-9,0,0,0,0,33.7,-95.93,33.7009,-95.9284,0.11,50,1,1,1,147,0,0,0,0
619007,2020,4,24,"2020-04-24","18:13:00",3,"TX",48,0,-9,0,0,0,0,33.69,-95.88,33.6901,-95.8791,0.05,50,1,1,1,147,0,0,0,0
619008,2020,4,24,"2020-04-24","20:09:00",3,"AR",5,0,1,0,0,0,0,35.6489,-93.8201,35.649,-93.8113,0.5,75,1,1,1,47,0,0,0,0
619009,2020,4,25,"2020-04-25","12:25:00",3,"IN",18,0,0,0,0,0,0,37.9969,-87.9351,37.9979,-87.9285,0.37,40,1,1,1,129,0,0,0,0
619010,2020,4,25,"2020-04-25","15:45:00",3,"TN",47,0,1,3,0,25000,0,36.1659,-86.1293,36.1829,-86.0654,3.81,100,1,1,1,189,159,0,0,0
619011,2020,4,25,"2020-04-25","19:10:00",3,"SC",45,0,2,0,0,5e+06,0,34.892,-82.392,34.878,-82.297,5.47,400,1,1,1,45,0,0,0,0
619012,2020,4,28,"2020-04-28","17:56:00",3,"IL",17,0,0,0,0,1e+05,0,39.8569,-89.4962,39.8527,-89.457,2.1,100,1,1,1,167,0,0,0,0
619013,2020,4,28,"2020-04-28","20:02:00",3,"OK",40,0,1,0,0,5000,0,34.6228,-95.3822,34.674,-95.3176,5.2,550,1,1,1,127,0,0,0,0
619014,2020,4,28,"2020-04-28","21:05:00",3,"OK",40,0,1,0,0,1e+05,0,34.2965,-94.7318,34.2739,-94.6823,3.23,100,1,1,1,89,0,0,0,0
619015,2020,4,28,"2020-04-28","21:20:00",3,"OK",40,0,2,0,0,7e+05,0,34.1955,-94.5133,34.0404,-94.2328,19.38,350,2,0,1,0,0,0,0,0
619015,2020,4,28,"2020-04-28","21:20:00",3,"OK",40,0,2,0,0,3e+05,0,34.1955,-94.5133,34.1602,-94.4711,3.43,350,2,1,2,89,0,0,0,0
619015,2020,4,28,"2020-04-28","21:24:00",3,"AR",5,0,2,0,0,4e+05,0,34.1602,-94.4711,34.0404,-94.2328,15.95,350,2,1,2,133,0,0,0,0
619016,2020,4,29,"2020-04-29","16:18:00",3,"SC",45,0,0,0,0,0,0,34.564,-82.792,34.568,-82.783,0.58,30,1,1,1,7,0,0,0,0
619017,2020,4,29,"2020-04-29","17:34:00",3,"FL",12,0,1,0,0,50000,0,30.6577,-84.622,30.6692,-84.613,0.96,150,1,1,1,39,0,0,0,0
618754,2020,4,7,"2020-04-07","21:25:00",3,"OH",39,0,1,0,0,80000,0,41.2387,-82.0136,41.1249,-81.8535,11.45,100,1,1,1,93,103,0,0,0
618755,2020,4,7,"2020-04-07","21:52:00",3,"OH",39,0,1,0,0,5e+05,0,41.0334,-81.6023,40.9277,-81.4767,9.81,100,1,1,1,153,0,0,0,0
618756,2020,4,7,"2020-04-07","22:10:00",3,"OH",39,0,0,0,0,0,0,40.7953,-81.5559,40.6351,-81.3476,15.74,100,1,1,1,151,157,0,0,0
618757,2020,4,7,"2020-04-07","22:33:00",3,"OH",39,0,1,0,0,0,0,40.827,-80.63,40.774,-80.552,5.48,250,1,1,1,29,0,0,0,0
618758,2020,4,7,"2020-04-07","22:37:00",3,"OH",39,0,0,0,0,0,0,40.775,-80.562,40.738,-80.508,3.82,100,2,0,1,0,0,0,0,0
618758,2020,4,7,"2020-04-07","22:37:00",3,"OH",39,0,0,0,0,0,0,40.775,-80.562,40.7472,-80.519,2.96,100,2,1,2,29,0,0,0,0
618758,2020,4,7,"2020-04-07","22:40:00",3,"PA",42,0,0,0,0,0,0,40.7472,-80.519,40.738,-80.508,0.86,100,2,1,2,7,0,0,0,0
618759,2020,4,7,"2020-04-07","23:11:00",3,"PA",42,0,1,0,0,110000,0,40.625,-79.795,40.59,-79.739,3.83,250,1,1,1,3,129,0,0,0
618760,2020,4,7,"2020-04-07","23:17:00",3,"PA",42,0,0,0,0,10000,0,40.607,-79.715,40.605,-79.714,0.15,75,1,1,1,129,0,0,0,0
618761,2020,4,8,"2020-04-08","18:22:00",3,"GA",13,0,0,0,0,1e+05,0,31.0714,-83.1965,31.0615,-83.1238,4.41,300,1,1,1,19,173,0,0,0
618762,2020,4,8,"2020-04-08","18:43:00",3,"IN",18,0,1,0,0,5e+05,0,39.6133,-86.3771,39.6056,-86.362,0.97,35,1,1,1,109,0,0,0,0
618763,2020,4,8,"2020-04-08","18:47:00",3,"AR",5,0,0,0,0,8000,0,35.7379,-90.9988,35.7303,-90.9859,0.89,30,1,1,1,31,0,0,0,0
618764,2020,4,8,"2020-04-08","19:05:00",3,"AR",5,0,2,2,0,250000,0,35.6567,-90.8562,35.575,-90.7239,9.33,75,1,1,1,111,0,0,0,0
618765,2020,4,8,"2020-04-08","19:59:00",3,"IN",18,0,1,0,0,50000,0,39.0631,-85.2627,39.0565,-85.2171,2.49,450,1,1,1,137,0,0,0,0
618766,2020,4,8,"2020-04-08","20:06:00",3,"IN",18,0,0,0,0,20000,0,38.944,-85.2051,38.9417,-85.2036,0.18,75,1,1,1,137,0,0,0,0
618767,2020,4,8,"2020-04-08","20:08:00",3,"IN",18,0,0,0,0,50000,0,39.0215,-85.1699,39.0024,-85.1296,2.6,220,1,1,1,137,0,0,0,0
618768,2020,4,8,"2020-04-08","20:10:00",3,"IN",18,0,0,0,0,40000,0,39.0026,-85.0973,38.9912,-85.087,0.96,150,1,1,1,29,0,0,0,0
618769,2020,4,8,"2020-04-08","20:11:00",3,"IN",18,0,0,0,0,20000,0,38.9075,-85.1216,38.9066,-85.119,0.15,60,1,1,1,115,0,0,0,0
618770,2020,4,8,"2020-04-08","20:13:00",3,"IN",18,0,0,0,0,50000,0,38.9619,-85.0432,38.9377,-84.9412,5.73,450,1,1,1,115,0,0,0,0
618771,2020,4,8,"2020-04-08","20:13:00",3,"IN",18,0,0,0,0,20000,0,38.958,-84.9579,38.9372,-84.864,5.25,200,1,1,1,115,0,0,0,0
618772,2020,4,8,"2020-04-08","20:22:00",3,"OH",39,0,0,0,0,1e+05,0,39.2454,-84.5951,39.2216,-84.4845,6.2,300,1,1,1,61,0,0,0,0
618773,2020,4,8,"2020-04-08","20:27:00",3,"KY",21,0,0,0,0,30000,0,38.7863,-84.8735,38.7847,-84.8662,0.5,50,1,1,1,77,0,0,0,0
618774,2020,4,8,"2020-04-08","20:37:00",3,"OH",39,0,0,0,0,45000,0,39.2081,-84.3556,39.1763,-84.3081,3.3,350,1,1,1,61,0,0,0,0
618775,2020,4,8,"2020-04-08","20:40:00",3,"KY",21,0,1,0,0,35000,0,38.7145,-84.6632,38.7057,-84.6201,2.4,500,1,1,1,81,0,0,0,0
618776,2020,4,8,"2020-04-08","20:42:00",3,"KY",21,0,0,0,0,20000,0,38.8282,-84.5918,38.8218,-84.5686,1.2,100,1,1,1,117,0,0,0,0
618777,2020,4,8,"2020-04-08","20:47:00",3,"KY",21,0,1,0,0,45000,0,38.6748,-84.552,38.5931,-84.2152,19.2,400,1,1,1,81,191,0,0,0
618778,2020,4,8,"2020-04-08","20:50:00",3,"OH",39,0,0,0,0,40000,0,39.1762,-84.105,39.2006,-83.9467,8.8,200,1,1,1,25,15,0,0,0
618779,2020,4,8,"2020-04-08","20:53:00",3,"OH",39,0,0,0,0,25000,0,39.2319,-84.0696,39.2333,-84.0558,0.8,75,1,1,1,25,0,0,0,0
618780,2020,4,8,"2020-04-08","20:56:00",3,"OH",39,0,0,0,0,15000,0,39.1592,-83.978,39.1722,-83.9369,2.4,50,1,1,1,15,0,0,0,0
618781,2020,4,8,"2020-04-08","21:01:00",3,"OH",39,0,0,0,0,5000,0,39.2558,-83.9598,39.2501,-83.9451,0.88,50,1,1,1,27,15,0,0,0
618782,2020,4,8,"2020-04-08","21:16:00",3,"KY",21,0,0,0,0,25000,0,38.5407,-84.0441,38.5391,-84.0251,1.03,50,1,1,1,201,0,0,0,0
618783,2020,4,8,"2020-04-08","21:20:00",3,"KY",21,0,1,0,0,2e+05,0,37.9206,-85.4216,37.8953,-85.3719,4,45,1,1,1,179,0,0,0,0
618784,2020,4,8,"2020-04-08","21:25:00",3,"KY",21,0,0,0,0,15000,0,38.5104,-83.9022,38.5101,-83.8832,1.2,50,1,1,1,161,0,0,0,0
618785,2020,4,8,"2020-04-08","22:33:00",3,"OH",39,0,1,0,0,2e+05,0,39.0794,-82.3565,39.0821,-82.3538,0.25,125,1,1,1,163,0,0,0,0
619026,2020,5,12,"2020-05-12","08:09:00",3,"TX",48,0,0,0,0,10000,0,29.8526,-97.5256,29.8631,-97.5267,0.73,20,1,1,1,55,0,0,0,0
619027,2020,5,12,"2020-05-12","09:54:00",3,"TX",48,0,0,0,0,50000,0,30.0196,-97.2105,30.052,-97.1883,2.6,20,1,1,1,21,0,0,0,0
619028,2020,5,12,"2020-05-12","10:28:00",3,"TX",48,0,-9,0,0,0,0,30.1485,-97.0986,30.1485,-97.0986,0.05,20,1,1,1,21,0,0,0,0
619029,2020,5,13,"2020-05-13","15:30:00",3,"TX",48,0,0,0,0,0,0,31.17,-102.8647,31.1787,-102.8553,0.82,50,1,1,1,371,0,0,0,0
619030,2020,5,14,"2020-05-14","19:05:00",3,"KS",20,0,-9,0,0,0,0,38.71,-96.31,38.74,-96.3,2.66,25,1,1,1,111,0,0,0,0
619031,2020,5,14,"2020-05-14","19:20:00",3,"KS",20,0,-9,0,0,0,0,38.89,-96.4214,38.886,-96.4041,0.97,75,1,1,1,197,0,0,0,0
619032,2020,5,14,"2020-05-14","19:49:00",3,"KS",20,0,-9,0,0,0,0,38.5674,-96.4891,38.6207,-96.4852,3.69,50,1,1,1,127,0,0,0,0
619033,2020,5,14,"2020-05-14","19:53:00",3,"KS",20,0,0,0,0,0,0,38.679,-96.2829,38.6971,-96.2644,1.6,50,1,1,1,111,0,0,0,0
619034,2020,5,14,"2020-05-14","21:16:00",3,"IL",17,0,1,0,0,0,0,41.3179,-90.0762,41.3668,-90.0262,4.26,100,1,1,1,73,0,0,0,0
619035,2020,5,15,"2020-05-15","08:38:00",3,"OK",40,0,1,1,0,350000,0,35.6112,-95.3503,35.6092,-95.2655,4.8,525,1,1,1,101,0,0,0,0
619036,2020,5,15,"2020-05-15","15:59:00",3,"NY",36,0,1,0,0,0,0,43.182,-73.755,43.189,-73.721,1.78,50,1,1,1,91,0,0,0,0
619037,2020,5,15,"2020-05-15","18:32:00",3,"OK",40,0,-9,0,0,0,0,34.229,-99.006,34.229,-99.006,0.3,50,1,1,1,141,0,0,0,0
619038,2020,5,16,"2020-05-16","05:48:00",3,"TX",48,0,1,0,0,10000,0,30.1811,-93.8575,30.2412,-93.8296,4.47,25,1,1,1,361,0,0,0,0
619039,2020,5,16,"2020-05-16","11:36:00",3,"TX",48,0,0,0,0,50000,0,32.1659,-96.0283,32.1637,-96.0456,1.03,150,1,1,1,213,0,0,0,0
619040,2020,5,16,"2020-05-16","12:33:00",3,"TX",48,0,0,0,0,25000,0,33.2381,-95.2874,33.2413,-95.2978,0.64,30,1,1,1,159,0,0,0,0
619041,2020,5,16,"2020-05-16","12:47:00",3,"TX",48,0,0,0,0,20000,0,32.4071,-96.0645,32.4097,-96.1015,2.17,250,1,1,1,467,257,0,0,0
619042,2020,5,16,"2020-05-16","13:35:00",3,"AR",5,0,-9,0,0,0,0,33.673,-94.4697,33.6885,-94.5039,2.24,20,2,0,1,0,0,0,0,0
619042,2020,5,16,"2020-05-16","13:35:00",3,"AR",5,0,-9,0,0,0,0,33.673,-94.4697,33.6799,-94.4848,0.99,20,2,1,2,81,0,0,0,0
619042,2020,5,16,"2020-05-16","13:36:00",3,"OK",40,0,-9,0,0,0,0,33.6799,-94.4848,33.6885,-94.5039,1.25,20,2,1,2,89,0,0,0,0
619043,2020,5,16,"2020-05-16","14:37:00",3,"TX",48,0,-9,0,0,0,0,33.2782,-94.186,33.3107,-94.2097,2.63,40,1,1,1,67,37,0,0,0
619044,2020,5,16,"2020-05-16","16:05:00",3,"TX",48,0,1,0,0,20000,0,33.502,-94.1675,33.5036,-94.1702,0.19,30,1,1,1,37,0,0,0,0
619045,2020,5,16,"2020-05-16","16:16:00",3,"AR",5,0,1,0,0,50000,0,33.4493,-93.8548,33.4774,-93.8714,2.16,30,1,1,1,91,0,0,0,0
619046,2020,5,16,"2020-05-16","16:20:00",3,"OK",40,0,0,0,0,0,0,33.7535,-94.642,33.7551,-94.6433,0.13,20,1,1,1,89,0,0,0,0
619047,2020,5,16,"2020-05-16","16:36:00",3,"AR",5,0,0,0,0,2000,0,33.6069,-93.9306,33.6082,-93.9308,0.09,20,1,1,1,81,0,0,0,0
619048,2020,5,16,"2020-05-16","16:39:00",3,"AR",5,0,1,0,0,25000,0,33.411,-93.3361,33.4481,-93.3462,2.63,50,1,1,1,27,99,0,0,0
619049,2020,5,16,"2020-05-16","16:56:00",3,"AR",5,0,1,0,0,50000,0,33.5312,-93.3703,33.556,-93.384,1.89,40,1,1,1,99,0,0,0,0
619050,2020,5,16,"2020-05-16","17:46:00",3,"AR",5,0,0,0,0,0,0,33.868,-93.5217,33.8742,-93.5251,0.47,20,1,1,1,57,0,0,0,0
619051,2020,5,17,"2020-05-17","14:15:00",3,"IL",17,0,-9,0,0,0,0,41.61,-88.59,41.62,-88.59,0.69,25,1,1,1,93,0,0,0,0
619052,2020,5,17,"2020-05-17","15:06:00",3,"IL",17,0,0,0,0,10000,0,39.7295,-88.9909,39.7834,-88.9616,4.04,75,1,1,1,115,0,0,0,0
619053,2020,5,17,"2020-05-17","16:26:00",3,"IL",17,0,-9,0,0,0,0,41.26,-88.28,41.26,-88.27,0.52,25,1,1,1,63,0,0,0,0
619054,2020,5,17,"2020-05-17","16:41:00",3,"LA",22,0,1,0,0,10000,0,30.7461,-92.7104,30.7043,-92.6558,4.34,25,1,1,1,3,0,0,0,0
619055,2020,5,17,"2020-05-17","17:01:00",3,"LA",22,0,0,0,0,0,0,29.905,-93.5211,29.8959,-93.5075,1.03,10,1,1,1,23,0,0,0,0
619056,2020,5,17,"2020-05-17","17:40:00",3,"LA",22,0,0,0,0,0,0,30.4314,-93.4241,30.4308,-93.4226,0.1,10,1,1,1,19,0,0,0,0
619057,2020,5,17,"2020-05-17","19:00:00",3,"LA",22,0,0,0,0,0,0,30.6039,-92.3747,30.6019,-92.3723,0.2,10,1,1,1,39,0,0,0,0
619058,2020,5,17,"2020-05-17","19:31:00",3,"LA",22,0,3,9,1,5e+05,0,30.4597,-92.2678,30.4176,-92.2234,3.93,100,1,1,1,1,0,0,0,0
619059,2020,5,18,"2020-05-18","13:21:00",3,"CA",6,0,0,0,0,0,0,38.4,-121.04,38.4,-121.04,0.1,20,1,1,1,67,0,0,0,0
619060,2020,5,18,"2020-05-18","14:49:00",3,"OH",39,0,0,0,0,10000,0,39.8674,-83.2909,39.8927,-83.276,1.92,75,1,1,1,97,0,0,0,0
619061,2020,5,19,"2020-05-19","17:07:00",3,"IL",17,0,-9,0,0,0,0,39.8278,-88.6535,39.8229,-88.6689,0.88,25,1,1,1,147,0,0,0,0
619062,2020,5,19,"2020-05-19","20:15:00",3,"CO",8,0,-9,0,0,0,0,38.17,-103.49,38.17,-103.49,1,20,1,1,1,89,0,0,0,0
619063,2020,5,20,"2020-05-20","09:47:00",3,"SC",45,0,1,0,0,0,0,32.7159,-80.1166,32.7177,-80.1036,0.77,300,1,1,1,19,0,0,0,0
619064,2020,5,20,"2020-05-20","18:38:00",3,"CO",8,0,0,0,0,0,0,40.4204,-104.5982,40.4325,-104.6002,0.9,50,1,1,1,123,0,0,0,0
619065,2020,5,20,"2020-05-20","18:41:00",3,"CO",8,0,0,0,0,0,0,40.5185,-104.6582,40.5253,-104.6819,1.4,50,1,1,1,123,0,0,0,0
619066,2020,5,20,"2020-05-20","18:45:00",3,"CO",8,0,0,0,0,0,0,40.4512,-104.6037,40.493,-104.6582,4,50,1,1,1,123,0,0,0,0
619067,2020,5,20,"2020-05-20","18:46:00",3,"CO",8,0,0,0,0,0,0,40.4387,-104.5924,40.4945,-104.6396,4.8,50,1,1,1,123,0,0,0,0
619068,2020,5,20,"2020-05-20","18:56:00",3,"CO",8,0,0,0,0,0,0,40.4307,-104.5813,40.5231,-104.6789,8,50,1,1,1,123,0,0,0,0
619069,2020,5,20,"2020-05-20","19:26:00",3,"CO",8,0,0,0,0,0,0,40.3933,-104.4839,40.4081,-104.4939,1.15,50,1,1,1,123,0,0,0,0
619070,2020,5,20,"2020-05-20","21:17:00",3,"MT",30,0,0,0,0,0,0,48.16,-106.49,48.1711,-106.4965,0.82,50,1,1,1,105,0,0,0,0
619071,2020,5,21,"2020-05-21","12:45:00",3,"FL",12,0,0,0,0,0,0,26.6774,-80.6739,26.6774,-80.6739,0.25,25,1,1,1,99,0,0,0,0
619072,2020,5,21,"2020-05-21","13:33:00",3,"KS",20,0,-9,0,0,0,0,38.66,-101.6,38.66,-101.6,0.01,50,1,1,1,71,0,0,0,0
619073,2020,5,21,"2020-05-21","13:56:00",3,"NC",37,0,1,0,0,50000,0,35.0461,-79.1565,35.0474,-79.1596,0.2,200,1,1,1,93,0,0,0,0
619074,2020,5,21,"2020-05-21","14:41:00",3,"KS",20,0,0,0,0,0,0,37.593,-101.805,37.5938,-101.8043,0.07,30,1,1,1,187,0,0,0,0
619075,2020,5,21,"2020-05-21","15:15:00",3,"KS",20,0,0,0,0,0,0,38.1702,-101.97,38.1744,-101.9611,0.56,50,1,1,1,75,0,0,0,0
619076,2020,5,21,"2020-05-21","15:15:00",3,"KS",20,0,0,0,0,0,0,38.1842,-101.9609,38.1878,-101.9574,0.31,50,1,1,1,75,0,0,0,0
619077,2020,5,21,"2020-05-21","15:47:00",3,"CO",8,0,-9,0,0,0,0,37.92,-102.31,37.92,-102.31,2,25,1,1,1,99,0,0,0,0
619078,2020,5,21,"2020-05-21","16:17:00",3,"CO",8,0,-9,0,0,0,0,38.02,-102.12,38.02,-102.12,1,25,1,1,1,99,0,0,0,0
619079,2020,5,21,"2020-05-21","17:06:00",3,"KS",20,0,0,0,0,0,0,37.84,-101.75,37.841,-101.75,0.07,50,1,1,1,75,0,0,0,0
619080,2020,5,21,"2020-05-21","18:11:00",3,"KS",20,0,-9,0,0,0,0,37.802,-101.468,37.7982,-101.4387,1.76,150,1,1,1,93,0,0,0,0
619081,2020,5,22,"2020-05-22","13:28:00",3,"SC",45,0,1,0,0,0,0,35.103,-81.505,35.157,-81.289,12.74,200,1,1,1,21,91,0,0,0
619082,2020,5,22,"2020-05-22","13:44:00",3,"NC",37,0,0,0,0,0,0,35.164,-81.286,35.208,-81.143,8.63,100,1,1,1,71,0,0,0,0
619083,2020,5,22,"2020-05-22","16:07:00",3,"NE",31,0,-9,0,0,0,0,40.04,-96.58,40.04,-96.58,0.03,50,1,1,1,67,0,0,0,0
619084,2020,5,22,"2020-05-22","17:07:00",3,"TX",48,0,0,0,0,0,0,34.102,-98.765,34.102,-98.765,0.1,30,1,1,1,485,0,0,0,0
619085,2020,5,22,"2020-05-22","17:11:00",3,"TX",48,0,1,0,0,5000,0,34.098,-98.744,34.081,-98.723,1.7,150,1,1,1,485,0,0,0,0
619086,2020,5,22,"2020-05-22","17:26:00",3,"TX",48,0,1,0,0,10000,0,34.094,-98.697,34.094,-98.697,0.2,50,1,1,1,485,0,0,0,0
619087,2020,5,22,"2020-05-22","18:23:00",3,"TX",48,0,-9,0,0,0,0,33.511,-98.197,33.542,-98.215,2.5,100,1,1,1,77,0,0,0,0
619088,2020,5,22,"2020-05-22","18:27:00",3,"TX",48,0,1,0,0,2000,0,34.058,-98.365,34.05,-98.327,2.3,50,1,1,1,77,0,0,0,0
619089,2020,5,22,"2020-05-22","19:55:00",3,"OK",40,0,-9,0,0,0,0,34.9193,-94.5491,34.9296,-94.5219,1.7,75,1,1,1,79,0,0,0,0
619090,2020,5,22,"2020-05-22","20:10:00",3,"TX",48,0,1,0,0,5e+05,0,33.5522,-97.8672,33.561,-97.8482,1.35,400,1,1,1,337,0,0,0,0
619091,2020,5,22,"2020-05-22","20:32:00",3,"OK",40,0,-9,0,0,0,0,35.0038,-95.331,35.0059,-95.3259,0.3,50,1,1,1,77,0,0,0,0
619092,2020,5,22,"2020-05-22","20:58:00",3,"OK",40,0,1,0,0,0,0,34.7351,-95.0245,34.7481,-95.0219,0.9,100,1,1,1,79,0,0,0,0
619093,2020,5,22,"2020-05-22","21:05:00",3,"OK",40,0,1,0,0,30000,0,34.7088,-94.9425,34.7222,-94.8917,3,225,1,1,1,79,0,0,0,0
619094,2020,5,22,"2020-05-22","21:15:00",3,"OK",40,0,1,0,0,0,0,34.7153,-94.8881,34.7236,-94.841,2.7,200,1,1,1,79,0,0,0,0
619095,2020,5,23,"2020-05-23","11:30:00",3,"IA",19,0,1,0,0,0,0,41.7552,-91.4271,41.8373,-91.3452,7.05,50,1,1,1,103,31,0,0,0
619096,2020,5,23,"2020-05-23","11:57:00",3,"IA",19,0,1,0,0,0,0,41.8598,-91.2901,41.9533,-91.2453,6.86,30,1,1,1,31,105,0,0,0
619097,2020,5,23,"2020-05-23","12:20:00",3,"IA",19,0,0,0,0,0,0,41.9423,-90.8033,41.9515,-90.7838,1.19,20,1,1,1,45,0,0,0,0
619098,2020,5,23,"2020-05-23","12:53:00",3,"IA",19,0,0,0,0,0,0,42.0472,-90.6756,42.0569,-90.6505,1.45,20,1,1,1,97,0,0,0,0
619099,2020,5,23,"2020-05-23","12:54:00",3,"IL",17,0,0,0,0,20000,0,40.7742,-89.0324,40.8113,-88.9879,3.46,75,1,1,1,203,0,0,0,0
619100,2020,5,23,"2020-05-23","13:24:00",3,"IA",19,0,-9,0,0,0,0,42.17,-90.5842,42.1705,-90.584,0.04,10,1,1,1,97,0,0,0,0
619101,2020,5,23,"2020-05-23","13:29:00",3,"IL",17,0,1,0,0,0,0,41.8314,-89.8794,41.9557,-89.7096,12.25,30,1,1,1,195,15,0,0,0
619102,2020,5,23,"2020-05-23","13:53:00",3,"IL",17,0,0,1,0,0,0,41.4535,-88.3269,41.48,-88.2105,6.3,100,1,1,1,63,93,197,0,0
619103,2020,5,23,"2020-05-23","15:18:00",3,"IL",17,0,-9,0,0,0,0,42.4988,-89.9785,42.5047,-89.9718,0.53,20,1,1,1,85,0,0,0,0
619104,2020,5,23,"2020-05-23","15:30:00",3,"IL",17,0,1,0,0,0,0,41.9673,-89.2434,41.9699,-89.2386,0.3,100,1,1,1,141,0,0,0,0
619105,2020,5,23,"2020-05-23","17:06:00",3,"IL",17,0,0,0,0,0,0,42.1393,-88.63,42.1513,-88.5698,3.2,50,1,1,1,37,89,0,0,0
619106,2020,5,23,"2020-05-23","17:14:00",3,"TX",48,0,-9,0,0,0,0,32.995,-101.4639,32.9981,-101.4587,0.38,30,1,1,1,169,0,0,0,0
619107,2020,5,23,"2020-05-23","17:52:00",3,"ND",38,0,0,0,0,0,0,48.34,-99.57,48.34,-99.57,0.1,20,1,1,1,5,0,0,0,0
619108,2020,5,23,"2020-05-23","18:07:00",3,"KS",20,0,-9,0,0,0,0,39.4485,-101.8926,39.4565,-101.8745,1.11,50,1,1,1,181,0,0,0,0
619109,2020,5,24,"2020-05-24","17:26:00",3,"NE",31,0,0,0,0,15000,0,40.3411,-97.8549,40.3181,-97.91,3.31,40,1,1,1,129,0,0,0,0
619110,2020,5,24,"2020-05-24","19:11:00",3,"TX",48,0,1,0,0,5e+05,0,29.5275,-98.7046,29.5326,-98.6994,0.47,50,1,1,1,29,0,0,0,0
619111,2020,5,24,"2020-05-24","23:30:00",3,"FL",12,0,1,0,0,0,0,25.5742,-80.4518,25.6189,-80.5114,4.83,40,1,1,1,86,0,0,0,0
619112,2020,5,25,"2020-05-25","13:30:00",3,"MO",29,0,0,0,0,0,0,39.61,-94.99,39.61,-94.99,0.01,20,1,1,1,21,0,0,0,0
619113,2020,5,25,"2020-05-25","16:05:00",3,"TX",48,0,1,0,0,60000,0,33.2226,-95.082,33.2302,-95.0815,0.53,100,1,1,1,449,0,0,0,0
619114,2020,5,25,"2020-05-25","16:37:00",3,"OK",40,0,0,0,0,1e+05,0,35.5982,-95.0206,35.6051,-95.0214,0.5,100,1,1,1,135,0,0,0,0
619115,2020,5,25,"2020-05-25","16:38:00",3,"AR",5,0,1,0,0,2e+05,0,33.3682,-93.5759,33.3689,-93.5811,0.3,40,1,1,1,73,0,0,0,0
619116,2020,5,25,"2020-05-25","16:58:00",3,"AR",5,0,-9,0,0,0,0,34.9623,-94.3966,34.9803,-94.3983,1.3,75,1,1,1,131,0,0,0,0
619117,2020,5,25,"2020-05-25","17:12:00",3,"LA",22,0,-9,0,0,0,0,31.5624,-93.8084,31.5883,-93.7844,2.28,40,1,1,1,85,0,0,0,0
619118,2020,5,25,"2020-05-25","17:26:00",3,"IA",19,0,1,0,0,0,0,41.66,-93.706,41.6786,-93.6892,1.56,50,1,1,1,153,0,0,0,0
619119,2020,5,25,"2020-05-25","18:11:00",3,"OK",40,0,1,0,0,0,0,36.1423,-94.5724,36.1504,-94.5767,0.6,120,1,1,1,1,0,0,0,0
619120,2020,5,25,"2020-05-25","18:34:00",3,"OK",40,0,0,0,0,0,0,36.2937,-94.6122,36.2937,-94.6122,0.1,50,1,1,1,41,0,0,0,0
619121,2020,5,25,"2020-05-25","18:45:00",3,"OK",40,0,1,0,0,0,0,36.3379,-94.6321,36.3416,-94.6344,0.3,75,1,1,1,41,0,0,0,0
619122,2020,5,25,"2020-05-25","19:13:00",3,"OK",40,0,0,0,0,0,0,36.51,-94.6476,36.542,-94.6546,2.2,300,1,1,1,41,0,0,0,0
619123,2020,5,26,"2020-05-26","12:18:00",3,"IA",19,0,0,0,0,30000,0,41.6119,-93.8862,41.6245,-93.8935,0.95,40,1,1,1,49,0,0,0,0
619124,2020,5,26,"2020-05-26","12:28:00",3,"IA",19,0,-9,0,0,0,0,41.6618,-93.9146,41.6791,-93.9378,1.69,30,1,1,1,49,0,0,0,0
619125,2020,5,26,"2020-05-26","13:04:00",3,"IA",19,0,-9,0,0,0,0,41.8964,-94.0606,41.9039,-94.0669,0.6,20,1,1,1,15,0,0,0,0
619126,2020,5,26,"2020-05-26","13:22:00",3,"IA",19,0,-9,0,0,0,0,42.0236,-93.9867,42.0264,-93.9887,0.21,20,1,1,1,15,0,0,0,0
619127,2020,5,26,"2020-05-26","14:38:00",3,"IA",19,0,1,0,0,70000,0,42.5622,-93.8903,42.6363,-93.8986,5.14,250,1,1,1,197,0,0,0,0
619128,2020,5,26,"2020-05-26","14:53:00",3,"IA",19,0,-9,0,0,0,0,41.5313,-94.636,41.5723,-94.6508,2.94,35,1,1,1,77,0,0,0,0
619129,2020,5,26,"2020-05-26","15:16:00",3,"IA",19,0,-9,0,0,0,0,41.6407,-94.6467,41.6495,-94.6516,0.66,20,1,1,1,77,0,0,0,0
619130,2020,5,26,"2020-05-26","18:15:00",3,"MN",27,0,0,0,0,0,0,44.7455,-93.1139,44.7486,-93.1108,0.26,25,1,1,1,37,0,0,0,0
619131,2020,5,26,"2020-05-26","18:25:00",3,"MN",27,0,0,0,0,0,0,43.6501,-93.0624,43.6571,-93.057,0.55,50,1,1,1,47,0,0,0,0
619132,2020,5,27,"2020-05-27","14:21:00",3,"TX",48,0,1,0,0,0,0,30.2095,-96.084,30.2037,-96.0725,0.8,50,1,1,1,473,0,0,0,0
619133,2020,5,27,"2020-05-27","14:23:00",3,"TX",48,0,1,0,0,0,0,30.2073,-96.0562,30.1964,-96.0355,1.45,75,1,1,1,473,0,0,0,0
619134,2020,5,27,"2020-05-27","15:50:00",3,"TX",48,0,0,0,0,30000,0,29.7054,-95.1868,29.6919,-95.162,1.75,50,1,1,1,201,0,0,0,0
619135,2020,5,27,"2020-05-27","17:08:00",3,"NC",37,0,0,0,0,50000,0,36.5154,-78.1622,36.5163,-78.1651,0.17,150,1,1,1,185,0,0,0,0
619136,2020,5,27,"2020-05-27","18:34:00",3,"IL",17,0,-9,0,0,0,0,38.519,-89.3876,38.5194,-89.3865,0.07,10,1,1,1,27,0,0,0,0
619137,2020,5,28,"2020-05-28","15:10:00",3,"IL",17,0,-9,0,0,0,0,40.9275,-89.6348,40.9474,-89.616,1.69,25,1,1,1,143,0,0,0,0
619138,2020,5,28,"2020-05-28","16:50:00",3,"IL",17,0,-9,0,0,0,0,39.3127,-89.6706,39.3512,-89.6499,2.88,100,1,1,1,135,0,0,0,0
619139,2020,5,28,"2020-05-28","17:56:00",3,"OK",40,0,0,0,0,20000,0,36.2497,-96.2634,36.2497,-96.2634,0.1,50,1,1,1,113,0,0,0,0
619140,2020,5,28,"2020-05-28","18:25:00",3,"IL",17,0,-9,0,0,0,0,39.6828,-88.7211,39.6833,-88.7143,0.36,20,1,1,1,139,0,0,0,0
619141,2020,5,28,"2020-05-28","18:34:00",3,"IL",17,0,-9,0,0,0,0,39.7314,-88.6628,39.7322,-88.6571,0.31,20,1,1,1,139,0,0,0,0
619142,2020,5,29,"2020-05-29","15:52:00",3,"NY",36,0,1,0,0,0,0,43.242,-73.784,43.312,-73.643,8.58,433,1,1,1,113,0,0,0,0
619143,2020,5,30,"2020-05-30","11:30:00",3,"GA",13,0,-9,0,0,0,0,32.948,-81.6385,32.9477,-81.6377,0.05,30,1,1,1,251,0,0,0,0
619018,2020,5,3,"2020-05-03","12:56:00",3,"MO",29,0,1,0,0,5e+05,0,36.523,-89.6631,36.5105,-89.5591,5.84,150,1,1,1,143,0,0,0,0
619019,2020,5,4,"2020-05-04","15:23:00",3,"MO",29,0,0,0,0,75000,0,36.8328,-90.8699,36.8184,-90.7991,4.04,50,1,1,1,35,0,0,0,0
619020,2020,5,4,"2020-05-04","16:50:00",3,"OK",40,0,1,0,0,20000,0,35.034,-97.198,35.005,-97.192,2,50,1,1,1,27,0,0,0,0
619021,2020,5,4,"2020-05-04","20:50:00",3,"TN",47,0,0,0,0,0,0,35.1439,-86.11,35.1329,-86.0973,1.05,100,1,1,1,51,0,0,0,0
619022,2020,5,5,"2020-05-05","16:32:00",3,"SC",45,0,1,0,0,25000,0,34.644,-81.19,34.62,-81.115,4.57,100,1,1,1,23,0,0,0,0
619023,2020,5,5,"2020-05-05","16:46:00",3,"SC",45,0,2,0,0,1e+05,0,34.592,-81.026,34.5246,-80.7958,13.98,200,1,1,1,23,57,0,0,0
619024,2020,5,5,"2020-05-05","20:45:00",3,"LA",22,0,1,0,0,3e+05,0,30.5666,-93.2348,30.3894,-93.1366,13.56,75,1,1,1,11,19,0,0,0
619025,2020,5,8,"2020-05-08","13:35:00",3,"LA",22,0,1,0,0,150000,0,30.6317,-92.4207,30.627,-92.4116,0.63,100,1,1,1,39,0,0,0,0
619192,2020,6,10,"2020-06-10","16:18:00",3,"OH",39,0,0,0,0,50000,0,39.3786,-83.0791,39.4366,-83,5.9,300,1,1,1,141,0,0,0,0
619193,2020,6,10,"2020-06-10","18:29:00",3,"SC",45,0,0,0,0,10000,0,34.602,-82.189,34.608,-82.189,0.41,30,1,1,1,59,0,0,0,0
619194,2020,6,10,"2020-06-10","19:11:00",3,"OH",39,0,0,0,0,50000,0,40.744,-80.912,40.768,-80.878,2.43,150,1,1,1,29,0,0,0,0
619195,2020,6,10,"2020-06-10","19:24:00",3,"OH",39,0,0,0,0,20000,0,40.891,-80.768,40.9,-80.76,0.75,75,1,1,1,29,0,0,0,0
619196,2020,6,10,"2020-06-10","19:31:00",3,"PA",42,0,1,0,0,0,0,40.68,-80.44,40.76,-80.29,9.6,790,1,1,1,7,0,0,0,0
619197,2020,6,13,"2020-06-13","19:28:00",3,"OR",41,0,0,0,0,0,0,45.41,-122.47,45.418,-122.428,2,200,1,1,1,5,0,0,0,0
619198,2020,6,17,"2020-06-17","16:33:00",3,"MN",27,0,1,0,0,5000,0,48.65,-96.26,48.6693,-96.2265,2.03,300,1,1,1,135,0,0,0,0
619199,2020,6,17,"2020-06-17","19:42:00",3,"MN",27,0,0,0,0,0,0,48.23,-96.72,48.2409,-96.7086,0.92,75,1,1,1,89,0,0,0,0
619200,2020,6,17,"2020-06-17","19:49:00",3,"MN",27,0,1,0,0,5000,0,48.39,-96.65,48.4398,-96.6146,3.8,400,1,1,1,89,0,0,0,0
619201,2020,6,17,"2020-06-17","20:10:00",3,"MN",27,0,1,0,0,150000,5000,48.98,-95.99,48.9922,-95.9748,1.09,200,1,1,1,135,0,0,0,0
619202,2020,6,18,"2020-06-18","17:37:00",3,"IA",19,0,-9,0,0,0,0,43.3138,-94.1028,43.32,-94.0913,0.72,30,1,1,1,109,0,0,0,0
619203,2020,6,19,"2020-06-19","16:40:00",3,"TX",48,0,0,0,0,0,0,35.1989,-101.1641,35.2088,-101.1605,0.71,50,1,1,1,65,0,0,0,0
619204,2020,6,19,"2020-06-19","16:42:00",3,"TX",48,0,0,0,0,0,0,35.19,-101.1599,35.1961,-101.1584,0.43,50,1,1,1,65,0,0,0,0
619205,2020,6,20,"2020-06-20","16:01:00",3,"WI",55,0,0,0,0,0,0,44.1097,-88.6526,44.1128,-88.6503,0.24,50,1,1,1,139,0,0,0,0
619206,2020,6,20,"2020-06-20","16:23:00",3,"WI",55,0,0,0,0,0,0,44.0848,-88.6582,44.0952,-88.6422,1.07,75,1,1,1,139,0,0,0,0
619207,2020,6,20,"2020-06-20","16:25:00",3,"ND",38,0,-9,0,0,0,0,46.02,-98.45,46.0219,-98.445,0.27,30,1,1,1,21,0,0,0,0
619208,2020,6,20,"2020-06-20","16:25:00",3,"NE",31,0,0,0,0,0,0,42.01,-100.21,42.01,-100.21,0.01,10,1,1,1,9,0,0,0,0
619209,2020,6,20,"2020-06-20","16:35:00",3,"WI",55,0,0,0,0,0,0,43.9139,-88.4666,43.9611,-88.4494,3.37,75,1,1,1,139,0,0,0,0
619210,2020,6,20,"2020-06-20","19:09:00",3,"SD",46,0,0,0,0,0,0,45.0405,-98.0404,45.0395,-98.037,0.18,10,1,1,1,115,0,0,0,0
619211,2020,6,21,"2020-06-21","13:50:00",3,"KS",20,0,0,0,0,10000,0,39.4474,-100.3966,39.4732,-100.2927,5.82,100,1,1,1,179,0,0,0,0
619212,2020,6,22,"2020-06-22","19:30:00",3,"TX",48,0,0,0,0,0,0,34.946,-102.3314,34.9394,-102.31,1.29,25,1,1,1,117,0,0,0,0
619213,2020,6,24,"2020-06-24","04:50:00",3,"LA",22,0,1,0,0,1e+05,0,30.4049,-91.1005,30.4376,-91.0548,3.54,100,1,1,1,33,0,0,0,0
619214,2020,6,24,"2020-06-24","05:25:00",3,"LA",22,0,1,0,0,50000,0,30.6017,-91.005,30.6039,-91.0001,0.33,125,1,1,1,33,0,0,0,0
619215,2020,6,24,"2020-06-24","06:20:00",3,"MS",28,0,1,0,0,5000,0,31.1971,-90.1248,31.2487,-90.0405,6.13,150,1,1,1,147,0,0,0,0
619216,2020,6,24,"2020-06-24","06:35:00",3,"MS",28,0,0,0,0,12000,0,31.25,-90.04,31.2544,-90.0356,0.4,50,1,1,1,91,0,0,0,0
619217,2020,6,24,"2020-06-24","11:27:00",3,"MS",28,0,0,0,0,20000,0,30.3679,-89.0857,30.3738,-89.0755,0.73,40,1,1,1,47,0,0,0,0
619218,2020,6,24,"2020-06-24","11:34:00",3,"MS",28,0,1,0,0,0,0,30.5075,-88.9405,30.5099,-88.9373,0.25,50,1,1,1,59,0,0,0,0
619219,2020,6,24,"2020-06-24","11:40:00",3,"MS",28,0,1,0,0,20000,0,30.5247,-88.9177,30.5301,-88.9158,0.39,70,1,1,1,47,0,0,0,0
619220,2020,6,24,"2020-06-24","11:58:00",3,"MS",28,0,0,0,0,0,0,30.5977,-88.4801,30.5991,-88.4773,0.19,20,1,1,1,59,0,0,0,0
619221,2020,6,24,"2020-06-24","12:00:00",3,"MS",28,0,1,0,0,0,0,30.756,-88.8579,30.7695,-88.8434,1.27,50,1,1,1,39,0,0,0,0
619222,2020,6,24,"2020-06-24","12:19:00",3,"MS",28,0,0,0,0,0,0,30.8105,-88.5751,30.8173,-88.5607,0.98,50,1,1,1,39,0,0,0,0
619223,2020,6,24,"2020-06-24","12:22:00",3,"MS",28,0,1,0,0,0,0,30.791,-88.5151,30.8006,-88.5051,0.89,50,1,1,1,39,0,0,0,0
619224,2020,6,24,"2020-06-24","12:39:00",3,"AL",1,0,0,0,0,0,0,30.7059,-88.2177,30.7087,-88.2142,0.28,50,1,1,1,97,0,0,0,0
619225,2020,6,24,"2020-06-24","12:49:00",3,"AL",1,0,1,0,0,0,0,30.9817,-88.1666,31.0101,-88.1362,2.66,300,1,1,1,97,0,0,0,0
619226,2020,6,24,"2020-06-24","13:30:00",3,"LA",22,0,0,0,0,15000,0,30.6004,-91.3524,30.6015,-91.3406,0.7,75,1,1,1,121,0,0,0,0
619227,2020,6,26,"2020-06-26","17:45:00",3,"FL",12,0,0,0,0,0,0,27.24,-82.44,27.2343,-82.4402,0.4,75,1,1,1,115,0,0,0,0
619228,2020,6,27,"2020-06-27","16:42:00",3,"MO",29,0,0,0,0,0,0,38.087,-91.457,38.088,-91.443,0.76,100,1,1,1,55,0,0,0,0
619229,2020,6,27,"2020-06-27","20:14:00",3,"MO",29,0,1,0,0,0,0,37.85,-90.461,37.858,-90.452,0.74,125,1,1,1,187,0,0,0,0
619230,2020,6,28,"2020-06-28","19:27:00",3,"ND",38,0,-9,0,0,0,0,46.35,-101.03,46.3668,-101.0196,1.26,100,1,1,1,59,0,0,0,0
619231,2020,6,28,"2020-06-28","19:37:00",3,"MN",27,0,0,0,0,2000,0,44.0015,-91.8063,44.0119,-91.8045,0.72,25,1,1,1,169,0,0,0,0
619232,2020,6,28,"2020-06-28","19:54:00",3,"MN",27,0,0,0,0,2000,0,44.0318,-91.7238,44.0406,-91.7222,0.61,20,1,1,1,169,0,0,0,0
619233,2020,6,28,"2020-06-28","20:00:00",3,"ND",38,0,-9,0,0,0,0,48.93,-100.45,48.9356,-100.4488,0.39,50,1,1,1,9,0,0,0,0
619234,2020,6,28,"2020-06-28","20:05:00",3,"ND",38,0,1,0,0,150000,0,48.9261,-100.4515,48.9402,-100.4465,1,100,1,1,1,9,0,0,0,0
619144,2020,6,1,"2020-06-01","15:39:00",3,"FL",12,0,0,0,0,0,0,27.1077,-82.4161,27.0988,-82.4149,0.62,75,1,1,1,115,0,0,0,0
619145,2020,6,2,"2020-06-02","13:13:00",3,"CO",8,0,-9,0,0,0,0,39,-102.95,39,-102.96,0.54,30,1,1,1,17,0,0,0,0
619146,2020,6,2,"2020-06-02","13:27:00",3,"CO",8,0,-9,0,0,0,0,38.988,-102.9446,38.9743,-102.9547,1.09,30,1,1,1,17,0,0,0,0
619147,2020,6,2,"2020-06-02","13:31:00",3,"CO",8,0,-9,0,0,0,0,38.9732,-102.9573,38.9732,-102.9587,0.07,30,1,1,1,17,0,0,0,0
619148,2020,6,2,"2020-06-02","13:52:00",3,"CO",8,0,-9,0,0,0,0,39.0537,-102.5977,39.0572,-102.5899,0.48,30,1,1,1,17,0,0,0,0
619149,2020,6,2,"2020-06-02","14:14:00",3,"CO",8,0,-9,0,0,0,0,39.149,-102.1831,39.1512,-102.1626,1.11,30,1,1,1,63,0,0,0,0
619150,2020,6,2,"2020-06-02","15:02:00",3,"KS",20,0,-9,0,0,0,0,38.8031,-101.7521,38.8111,-101.7496,0.57,30,1,1,1,199,0,0,0,0
619151,2020,6,4,"2020-06-04","01:20:00",3,"MO",29,0,0,0,0,0,0,39.0036,-94.324,38.9386,-94.2589,5.69,40,1,1,1,95,0,0,0,0
619152,2020,6,4,"2020-06-04","01:56:00",3,"MO",29,0,0,0,0,0,0,38.4832,-94.3474,38.4658,-94.3229,1.78,40,1,1,1,37,13,0,0,0
619153,2020,6,4,"2020-06-04","16:44:00",3,"TN",47,0,0,0,0,15000,0,36.0073,-88.9216,35.9961,-88.8903,1.91,60,1,1,1,53,0,0,0,0
619154,2020,6,4,"2020-06-04","16:45:00",3,"NE",31,0,-9,0,0,0,0,40.091,-101.8697,40.091,-101.8541,0.82,30,1,1,1,57,0,0,0,0
619155,2020,6,4,"2020-06-04","17:51:00",3,"TN",47,0,0,0,0,50000,0,35.9042,-88.4728,35.8339,-88.2178,15.08,90,1,1,1,17,0,0,0,0
619156,2020,6,6,"2020-06-06","14:51:00",3,"WY",56,0,1,0,0,0,0,41.4594,-106.4015,41.475,-106.3982,1.21,600,1,1,1,7,0,0,0,0
619157,2020,6,6,"2020-06-06","15:53:00",3,"FL",12,0,0,0,0,0,0,28.57,-82.01,28.5667,-82.0085,0.25,75,1,1,1,119,0,0,0,0
619158,2020,6,6,"2020-06-06","15:59:00",3,"FL",12,0,0,0,0,30000,0,27.9783,-82.77,27.99,-82.7631,0.91,75,1,1,1,103,0,0,0,0
619159,2020,6,6,"2020-06-06","16:07:00",3,"FL",12,0,0,0,0,0,0,28.5001,-81.4361,28.5001,-81.4361,0.01,10,1,1,1,95,0,0,0,0
619160,2020,6,6,"2020-06-06","16:20:00",3,"FL",12,0,0,0,0,40000,0,28.93,-82.08,28.9233,-82.0764,0.51,75,1,1,1,119,0,0,0,0
619161,2020,6,6,"2020-06-06","16:40:00",3,"FL",12,0,0,0,0,0,0,28.4634,-81.4074,28.4634,-81.4074,0.01,20,1,1,1,95,0,0,0,0
619162,2020,6,6,"2020-06-06","17:20:00",3,"FL",12,0,1,0,0,956000,0,28.4701,-81.3559,28.5439,-81.3636,5.12,500,1,1,1,95,0,0,0,0
619163,2020,6,6,"2020-06-06","18:27:00",3,"FL",12,0,0,0,0,0,0,28.8387,-81.2614,28.868,-81.2603,2,200,1,1,1,127,0,0,0,0
619164,2020,6,7,"2020-06-07","13:30:00",3,"FL",12,0,0,0,0,0,0,30.087,-82.6754,30.1043,-82.6624,1.43,100,1,1,1,23,0,0,0,0
619165,2020,6,7,"2020-06-07","13:40:00",3,"FL",12,0,0,0,0,0,0,28.8984,-81.8119,28.8984,-81.8119,0.01,25,1,1,1,69,0,0,0,0
619166,2020,6,7,"2020-06-07","14:05:00",3,"FL",12,0,0,0,0,0,0,29.9394,-82.3885,29.9394,-82.3885,0.01,25,1,1,1,125,0,0,0,0
619167,2020,6,7,"2020-06-07","16:41:00",3,"FL",12,0,0,0,0,0,0,28.7914,-81.704,28.7981,-81.701,0.5,20,1,1,1,69,0,0,0,0
619168,2020,6,7,"2020-06-07","17:05:00",3,"SD",46,0,1,0,0,0,0,44.7771,-99.5698,44.7823,-99.5694,0.36,50,1,1,1,69,0,0,0,0
619169,2020,6,7,"2020-06-07","17:17:00",3,"SD",46,0,1,0,0,0,0,44.911,-99.4527,44.9207,-99.4379,0.99,70,1,1,1,49,0,0,0,0
619170,2020,6,7,"2020-06-07","17:25:00",3,"SD",46,0,1,0,0,0,0,45.0408,-99.3989,45.0501,-99.3967,0.65,150,1,1,1,49,0,0,0,0
619171,2020,6,7,"2020-06-07","17:45:00",3,"ND",38,0,-9,0,0,0,0,46.0404,-99.4196,46.0415,-99.4158,0.2,30,1,1,1,51,0,0,0,0
619172,2020,6,7,"2020-06-07","18:20:00",3,"ND",38,0,-9,0,0,0,0,46.26,-98.98,46.2629,-98.9723,0.42,30,1,1,1,21,0,0,0,0
619173,2020,6,7,"2020-06-07","19:30:00",3,"SD",46,0,0,0,0,0,0,45.7796,-98.6655,45.8018,-98.5591,5.35,50,1,1,1,13,0,0,0,0
619174,2020,6,7,"2020-06-07","19:52:00",3,"ND",38,0,0,0,0,0,0,47.97,-98.35,47.97,-98.35,0.1,50,1,1,1,63,0,0,0,0
619175,2020,6,8,"2020-06-08","15:17:00",3,"ND",38,0,0,0,0,0,0,47.57,-97.9,47.57,-97.9,0.1,50,1,1,1,91,0,0,0,0
619176,2020,6,8,"2020-06-08","15:30:00",3,"ND",38,0,1,0,0,35000,0,47.65,-97.9,47.73,-97.82,7,250,1,1,1,91,35,0,0,0
619177,2020,6,8,"2020-06-08","16:09:00",3,"ND",38,0,0,0,0,5000,2000,47.85,-97.49,47.8995,-97.4695,3,150,1,1,1,35,0,0,0,0
619178,2020,6,8,"2020-06-08","17:48:00",3,"NE",31,0,0,0,0,0,0,41.52,-100.14,41.52,-100.14,0.01,10,1,1,1,41,0,0,0,0
619179,2020,6,8,"2020-06-08","18:17:00",3,"MN",27,0,1,0,0,6000,0,48.38,-96.16,48.43,-96.0173,9,300,1,1,1,89,0,0,0,0
619180,2020,6,8,"2020-06-08","18:26:00",3,"NE",31,0,0,0,0,0,0,41.23,-100.37,41.23,-100.37,0.01,10,1,1,1,111,0,0,0,0
619181,2020,6,8,"2020-06-08","18:46:00",3,"NE",31,0,0,0,0,0,0,41.77,-99.78,41.77,-99.78,0.01,10,1,1,1,9,0,0,0,0
619182,2020,6,8,"2020-06-08","18:53:00",3,"NE",31,0,0,0,0,0,0,41.38,-100.19,41.38,-100.19,0.01,10,1,1,1,41,0,0,0,0
619183,2020,6,8,"2020-06-08","19:20:00",3,"NE",31,0,0,0,0,0,0,41.48,-99.92,41.48,-99.92,0.01,10,1,1,1,41,0,0,0,0
619184,2020,6,8,"2020-06-08","19:45:00",3,"MN",27,0,1,0,0,10000,0,48.58,-95.27,48.6,-95.24,1.2,100,1,1,1,77,0,0,0,0
619185,2020,6,8,"2020-06-08","22:34:00",3,"SD",46,0,-9,0,0,0,0,44.1714,-97.5624,44.1716,-97.5623,0.01,5,1,1,1,97,0,0,0,0
619186,2020,6,9,"2020-06-09","16:35:00",3,"MN",27,0,0,0,0,0,0,44.8795,-95.1011,44.8841,-95.0991,0.33,25,1,1,1,129,0,0,0,0
619187,2020,6,9,"2020-06-09","17:03:00",3,"NE",31,0,-9,0,0,0,0,40.16,-97.23,40.16,-97.23,0.1,1,1,1,1,95,0,0,0,0
619188,2020,6,9,"2020-06-09","17:24:00",3,"IL",17,0,-9,0,0,0,0,40.6997,-88.1472,40.7435,-88.0872,4.36,75,1,1,1,53,75,0,0,0
619189,2020,6,9,"2020-06-09","17:26:00",3,"KS",20,0,-9,0,0,0,0,39.79,-96.29,39.79,-96.29,0.01,10,1,1,1,117,0,0,0,0
619190,2020,6,9,"2020-06-09","18:32:00",3,"OH",39,0,0,0,0,10000,0,40.0774,-84.354,40.0781,-84.3456,0.5,75,1,1,1,109,0,0,0,0
619191,2020,6,9,"2020-06-09","19:03:00",3,"MO",29,0,0,0,0,0,0,40.0401,-95.1604,40.0401,-95.1604,0.01,25,1,1,1,87,0,0,0,0
619274,2020,7,10,"2020-07-10","15:35:00",3,"SD",46,0,1,0,0,0,0,44.379,-104.03,44.325,-103.74,14.81,250,1,1,1,81,0,0,0,0
619275,2020,7,10,"2020-07-10","18:42:00",3,"SD",46,0,0,0,0,0,0,43.223,-102.06,43.118,-101.882,11.54,500,1,1,1,7,0,0,0,0
619276,2020,7,11,"2020-07-11","12:06:00",3,"MN",27,0,1,0,0,20000,1000,46.74,-96.17,46.7023,-96.1675,1.5,30,1,1,1,5,0,0,0,0
619277,2020,7,11,"2020-07-11","13:31:00",3,"ME",23,0,0,0,0,4000,0,43.8952,-70.7593,43.9474,-70.6933,4.86,100,1,1,1,17,5,0,0,0
619278,2020,7,11,"2020-07-11","14:09:00",3,"MN",27,0,0,0,0,25000,0,44.2047,-94.1376,44.1786,-94.1048,2.43,125,1,1,1,103,0,0,0,0
619279,2020,7,11,"2020-07-11","18:59:00",3,"TX",48,0,0,0,0,0,0,35.1591,-101.893,35.1579,-101.891,0.14,45,1,1,1,381,0,0,0,0
619280,2020,7,11,"2020-07-11","23:04:00",3,"OK",40,0,0,0,0,20000,0,35.266,-97.369,35.266,-97.369,0.2,10,1,1,1,27,0,0,0,0
619281,2020,7,12,"2020-07-12","17:50:00",3,"CO",8,0,-9,0,0,0,0,38.8475,-102.437,38.8388,-102.411,1.52,75,1,1,1,17,0,0,0,0
619282,2020,7,14,"2020-07-14","14:24:00",3,"MS",28,0,0,0,0,8000,0,30.3477,-89.4075,30.3477,-89.4075,1,25,1,1,1,45,0,0,0,0
619283,2020,7,14,"2020-07-14","16:45:00",3,"FL",12,0,0,0,0,0,0,26.71,-80.15,26.71,-80.15,0.25,25,1,1,1,99,0,0,0,0
619284,2020,7,14,"2020-07-14","19:00:00",3,"CO",8,0,-9,0,0,0,0,38.03,-103.26,38.0522,-103.2278,2.33,50,1,1,1,11,0,0,0,0
619285,2020,7,14,"2020-07-14","19:02:00",3,"TX",48,0,-9,0,0,0,0,36.298,-101.5286,36.2945,-101.505,1.34,50,1,1,1,195,0,0,0,0
619286,2020,7,15,"2020-07-15","12:37:00",3,"IL",17,0,-9,0,0,0,0,40.4312,-89.6766,40.4328,-89.6755,0.12,10,1,1,1,179,0,0,0,0
619287,2020,7,15,"2020-07-15","12:45:00",3,"IL",17,0,-9,0,0,0,0,40.5094,-89.65,40.5112,-89.6492,0.13,10,1,1,1,179,0,0,0,0
619288,2020,7,15,"2020-07-15","15:04:00",3,"IL",17,0,-9,0,0,0,0,40.7306,-88.8566,40.7335,-88.8554,0.21,10,1,1,1,113,0,0,0,0
619289,2020,7,15,"2020-07-15","15:28:00",3,"IL",17,0,0,0,0,20000,70000,39.6426,-89.9681,39.6992,-89.9428,4.14,50,1,1,1,137,167,0,0,0
619290,2020,7,15,"2020-07-15","15:47:00",3,"IL",17,0,-9,0,0,0,0,39.4062,-89.9277,39.4077,-89.9258,0.15,15,1,1,1,117,0,0,0,0
619291,2020,7,15,"2020-07-15","15:58:00",3,"IL",17,0,0,0,0,0,0,39.0338,-89.6904,39.0767,-89.6673,3.21,75,1,1,1,135,0,0,0,0
619292,2020,7,15,"2020-07-15","16:05:00",3,"IL",17,0,0,0,0,0,0,39.0907,-89.5977,39.0987,-89.5953,0.57,50,1,1,1,135,0,0,0,0
619293,2020,7,15,"2020-07-15","16:18:00",3,"IL",17,0,0,0,0,0,5000,39.4725,-89.6871,39.529,-89.6676,4.53,300,1,1,1,135,167,0,0,0
619294,2020,7,15,"2020-07-15","18:03:00",3,"NM",35,0,0,0,0,0,0,34.5113,-106.7164,34.516,-106.7143,0.35,30,1,1,1,53,0,0,0,0
619295,2020,7,15,"2020-07-15","22:40:00",3,"IN",18,0,1,0,0,95000,10000,38.0116,-87.7395,38.0401,-87.67,4.33,80,1,1,1,129,163,0,0,0
619296,2020,7,16,"2020-07-16","14:15:00",3,"NY",36,0,0,0,0,5000,0,42.57,-79.05,42.5846,-79.0219,1.75,50,1,1,1,29,0,0,0,0
619297,2020,7,16,"2020-07-16","14:50:00",3,"NY",36,0,1,0,0,150000,0,42.3259,-79.4684,42.3365,-79.4432,1.5,35,1,1,1,13,0,0,0,0
619298,2020,7,16,"2020-07-16","16:05:00",3,"FL",12,0,0,0,0,0,8000,27.45,-82.69,27.4494,-82.6925,0.16,75,1,1,1,81,0,0,0,0
619299,2020,7,17,"2020-07-17","13:59:00",3,"ND",38,0,0,0,0,0,0,48.29,-99.25,48.29,-99.25,0.1,30,1,1,1,5,0,0,0,0
619300,2020,7,17,"2020-07-17","14:47:00",3,"ND",38,0,1,0,0,20000,2000,48.27,-99.26,48.27,-99.26,0.25,40,1,1,1,5,0,0,0,0
619301,2020,7,17,"2020-07-17","15:54:00",3,"MN",27,0,1,0,0,350000,5000,48.35,-96.86,48.33,-96.7982,3.16,150,1,1,1,89,0,0,0,0
619302,2020,7,17,"2020-07-17","23:59:00",3,"MN",27,0,1,0,0,0,0,45.7097,-93.3828,45.7083,-93.3214,2.96,150,1,1,1,59,0,0,0,0
619303,2020,7,18,"2020-07-18","00:17:00",3,"MN",27,0,0,0,0,0,0,45.6716,-93.1011,45.6627,-93.0783,1.26,75,1,1,1,25,0,0,0,0
619304,2020,7,18,"2020-07-18","00:48:00",3,"WI",55,0,1,0,0,0,0,46.6036,-91.6702,46.6062,-91.6623,0.42,50,1,1,1,31,0,0,0,0
619305,2020,7,18,"2020-07-18","01:51:00",3,"WI",55,0,1,0,0,0,0,46.4429,-90.9128,46.4499,-90.9054,0.6,50,1,1,1,3,0,0,0,0
619306,2020,7,18,"2020-07-18","20:42:00",3,"MN",27,0,0,0,0,0,0,44.8809,-92.9104,44.9021,-92.8605,2.85,180,1,1,1,163,0,0,0,0
619307,2020,7,18,"2020-07-18","20:54:00",3,"MN",27,0,1,0,0,1e+05,0,44.8167,-92.8458,44.8338,-92.6562,9.46,400,2,0,1,0,0,0,0,0
619307,2020,7,18,"2020-07-18","20:54:00",3,"MN",27,0,1,0,0,1e+05,0,44.8167,-92.8458,44.8134,-92.7801,3.23,400,2,1,2,163,0,0,0,0
619307,2020,7,18,"2020-07-18","21:00:00",3,"WI",55,0,0,0,0,0,0,44.8134,-92.7801,44.8338,-92.6562,6.23,400,2,1,2,93,0,0,0,0
619308,2020,7,18,"2020-07-18","23:50:00",3,"WI",55,0,1,0,0,120000,3000,44.55,-91.2933,44.5373,-91.2219,3.62,200,1,1,1,121,0,0,0,0
619309,2020,7,19,"2020-07-19","18:29:00",3,"CO",8,0,0,0,0,0,0,40.69,-102.43,40.69,-102.43,0.01,50,1,1,1,95,0,0,0,0
619310,2020,7,20,"2020-07-20","14:01:00",3,"IL",17,0,0,0,0,15000,0,37.1898,-88.6992,37.1905,-88.6946,0.26,30,1,1,1,127,0,0,0,0
619311,2020,7,20,"2020-07-20","14:10:00",3,"ND",38,0,-9,0,0,0,0,47.71,-101.9,47.7125,-101.8967,0.23,25,1,1,1,55,0,0,0,0
619312,2020,7,21,"2020-07-21","15:05:00",3,"IL",17,0,1,0,0,3e+05,50000,39.5972,-89.813,39.6117,-89.7332,4.36,100,1,1,1,167,0,0,0,0
619313,2020,7,21,"2020-07-21","15:18:00",3,"IL",17,0,-9,0,0,0,0,39.5135,-89.5666,39.5151,-89.5634,0.2,10,1,1,1,135,0,0,0,0
619314,2020,7,21,"2020-07-21","16:22:00",3,"WI",55,0,0,0,0,0,0,45.3425,-92.224,45.3425,-92.22,0.19,25,1,1,1,95,0,0,0,0
619315,2020,7,21,"2020-07-21","16:50:00",3,"WI",55,0,0,0,0,0,0,45.3397,-92.092,45.3413,-92.0603,1.54,20,1,1,1,5,0,0,0,0
619316,2020,7,21,"2020-07-21","17:40:00",3,"WI",55,0,0,0,0,0,0,45.1047,-91.8261,45.1046,-91.8243,0.09,25,1,1,1,33,0,0,0,0
619317,2020,7,21,"2020-07-21","19:12:00",3,"WI",55,0,0,0,0,0,0,44.9041,-91.5972,44.9095,-91.5272,3.45,25,1,1,1,17,0,0,0,0
619318,2020,7,21,"2020-07-21","19:44:00",3,"WI",55,0,0,0,0,0,0,44.9425,-91.1853,44.9512,-91.1272,2.9,150,1,1,1,17,0,0,0,0
619319,2020,7,22,"2020-07-22","13:42:00",3,"TX",48,0,-9,0,0,0,0,33.55,-101.2,33.55,-101.2,0.01,10,1,1,1,107,0,0,0,0
619320,2020,7,23,"2020-07-23","14:57:00",3,"SD",46,0,0,0,0,0,0,44.97,-103.5732,44.97,-103.5732,0.05,10,1,1,1,19,0,0,0,0
619321,2020,7,24,"2020-07-24","11:55:00",3,"AZ",4,0,0,0,0,0,0,35.222,-113.8609,35.236,-113.8579,0.98,50,1,1,1,15,0,0,0,0
619322,2020,7,24,"2020-07-24","17:00:00",3,"AZ",4,0,0,0,0,0,0,33.63,-111.56,33.6262,-111.5643,0.36,50,1,1,1,13,0,0,0,0
619323,2020,7,25,"2020-07-25","01:26:00",3,"MN",27,0,0,0,0,0,5000,46.77,-96.25,46.77,-96.25,0.4,40,1,1,1,27,0,0,0,0
619324,2020,7,25,"2020-07-25","11:48:00",3,"TX",48,0,-9,0,0,0,0,28.16,-97.35,28.16,-97.35,0.1,25,1,1,1,391,0,0,0,0
619325,2020,7,25,"2020-07-25","17:31:00",3,"MN",27,0,1,0,0,0,0,44.5851,-94.2473,44.6115,-94.2376,1.89,50,1,1,1,143,0,0,0,0
619326,2020,7,25,"2020-07-25","17:37:00",3,"MN",27,0,0,0,0,0,0,44.6018,-94.2095,44.6043,-94.2083,0.18,15,1,1,1,143,0,0,0,0
619327,2020,7,25,"2020-07-25","21:11:00",3,"TX",48,0,0,0,0,10000,0,28.11,-97.914,28.115,-97.955,2.52,100,1,1,1,297,0,0,0,0
619328,2020,7,25,"2020-07-25","21:30:00",3,"TX",48,0,0,0,0,5000,0,28.057,-97.895,28.062,-97.903,0.6,100,1,1,1,297,0,0,0,0
619329,2020,7,26,"2020-07-26","02:32:00",3,"TX",48,0,0,0,0,250000,0,25.8729,-97.4287,25.9222,-97.4355,3.43,50,1,1,1,61,0,0,0,0
619330,2020,7,26,"2020-07-26","04:10:00",3,"TX",48,0,0,0,0,50000,0,29.2917,-98.0723,29.3193,-98.1164,3.27,20,1,1,1,493,0,0,0,0
619331,2020,7,26,"2020-07-26","17:53:00",3,"AL",1,0,-9,0,0,0,0,34.6222,-86.9535,34.6214,-86.9484,0.23,25,1,1,1,83,0,0,0,0
619332,2020,7,29,"2020-07-29","12:45:00",3,"MO",29,0,0,0,0,0,0,39.37,-94.5819,39.3738,-94.5829,0.27,20,1,1,1,47,0,0,0,0
619333,2020,7,29,"2020-07-29","16:53:00",3,"NY",36,0,0,0,0,10000,1000,43,-77.82,43.0019,-77.744,4.2,100,1,1,1,55,0,0,0,0
619235,2020,7,1,"2020-07-01","11:50:00",3,"AR",5,0,0,0,0,0,0,36.2022,-90.3137,36.2022,-90.3129,0.05,25,1,1,1,55,0,0,0,0
619236,2020,7,1,"2020-07-01","18:33:00",3,"KS",20,0,1,0,0,2e+05,0,37.3238,-100.9475,37.3003,-100.8386,6.2,100,1,1,1,175,0,0,0,0
619237,2020,7,2,"2020-07-02","12:46:00",3,"CO",8,0,0,0,0,0,0,39.91,-103.25,39.91,-103.25,0.01,50,1,1,1,121,0,0,0,0
619238,2020,7,2,"2020-07-02","13:29:00",3,"CO",8,0,0,0,0,0,0,39.68,-103.34,39.68,-103.34,0.01,50,1,1,1,121,0,0,0,0
619239,2020,7,2,"2020-07-02","13:46:00",3,"CO",8,0,0,0,0,0,0,39.79,-103.11,39.79,-103.11,0.01,50,1,1,1,121,0,0,0,0
619240,2020,7,2,"2020-07-02","14:19:00",3,"CO",8,0,0,0,0,0,0,39.62,-103.01,39.62,-103.01,0.01,50,1,1,1,121,0,0,0,0
619241,2020,7,2,"2020-07-02","14:24:00",3,"CO",8,0,0,0,0,0,0,40.22,-103.41,40.22,-103.41,0.01,50,1,1,1,121,0,0,0,0
619242,2020,7,2,"2020-07-02","14:40:00",3,"CO",8,0,-9,0,0,0,0,39.5486,-102.7615,39.5548,-102.7571,0.49,30,1,1,1,63,0,0,0,0
619243,2020,7,2,"2020-07-02","16:30:00",3,"CO",8,0,-9,0,0,0,0,39.2671,-102.684,39.2739,-102.6914,0.62,30,1,1,1,63,0,0,0,0
619244,2020,7,2,"2020-07-02","17:30:00",3,"NE",31,0,2,0,0,0,0,42.45,-103.25,42.45,-103.25,3.4,250,1,1,1,45,0,0,0,0
619245,2020,7,4,"2020-07-04","16:30:00",3,"NM",35,0,0,0,0,0,0,36.59,-103.85,36.5894,-103.8498,0.04,30,1,1,1,59,0,0,0,0
619246,2020,7,4,"2020-07-04","17:30:00",3,"MN",27,0,0,0,0,0,0,48.42,-95.83,48.42,-95.83,0.1,25,1,1,1,89,0,0,0,0
619247,2020,7,4,"2020-07-04","18:02:00",3,"IL",17,0,-9,0,0,0,0,41.6103,-89.6091,41.6098,-89.611,0.1,25,1,1,1,103,0,0,0,0
619248,2020,7,4,"2020-07-04","18:35:00",3,"SD",46,0,2,0,0,0,0,45.6688,-98.798,45.6423,-98.7581,2.66,150,1,1,1,89,0,0,0,0
619249,2020,7,6,"2020-07-06","17:26:00",3,"WY",56,0,-9,0,0,0,0,44.872,-104.908,44.832,-104.859,3.66,50,1,1,1,11,0,0,0,0
619250,2020,7,6,"2020-07-06","18:38:00",3,"WY",56,0,2,0,0,0,0,44.294,-104.096,44.289,-104.055,2.06,770,1,1,1,11,0,0,0,0
619251,2020,7,6,"2020-07-06","18:44:00",3,"SD",46,0,2,0,0,0,0,44.289,-104.055,44.293,-103.953,5.05,770,1,1,1,81,0,0,0,0
619252,2020,7,7,"2020-07-07","14:51:00",3,"IN",18,0,0,0,0,0,0,38.47,-87.22,38.4708,-87.2112,0.48,30,1,1,1,125,0,0,0,0
619253,2020,7,7,"2020-07-07","15:58:00",3,"MT",30,0,0,0,0,0,0,46.9771,-108.378,46.9779,-108.3753,0.14,20,1,1,1,69,0,0,0,0
619254,2020,7,7,"2020-07-07","16:10:00",3,"MT",30,0,0,0,0,0,0,47.1774,-108.5215,47.1789,-108.5189,0.15,50,1,1,1,69,0,0,0,0
619255,2020,7,7,"2020-07-07","22:30:00",3,"ND",38,0,1,0,0,10000,0,47.2208,-100.9934,47.2204,-100.9888,0.22,50,1,1,1,65,0,0,0,0
619256,2020,7,8,"2020-07-08","03:20:00",3,"MN",27,0,1,0,0,550000,15000,46.3,-96.33,46.2872,-96.07,12.45,200,1,1,1,167,111,0,0,0
619257,2020,7,8,"2020-07-08","03:38:00",3,"MN",27,0,1,0,0,750000,50000,46.41,-95.96,46.4835,-95.5822,18.69,250,1,1,1,111,0,0,0,0
619258,2020,7,8,"2020-07-08","04:10:00",3,"MN",27,0,2,0,0,2e+05,10000,46.29,-95.49,46.3066,-95.422,2,300,1,1,1,111,0,0,0,0
619259,2020,7,8,"2020-07-08","15:04:00",3,"IL",17,0,-9,0,0,0,0,41.8236,-89.6574,41.8253,-89.6519,0.31,10,1,1,1,195,0,0,0,0
619260,2020,7,8,"2020-07-08","16:08:00",3,"MN",27,0,4,2,1,1600000,255000,46.09,-95.94,46.17,-95.7955,8.86,650,1,1,1,51,111,0,0,0
619261,2020,7,8,"2020-07-08","17:32:00",3,"MN",27,0,0,0,0,0,0,46.24,-95.52,46.24,-95.52,0.2,20,1,1,1,111,0,0,0,0
619262,2020,7,8,"2020-07-08","17:49:00",3,"CO",8,0,0,0,0,0,0,40.89,-102.07,40.89,-102.07,0.01,50,1,1,1,115,0,0,0,0
619263,2020,7,8,"2020-07-08","17:50:00",3,"NE",31,0,-9,0,0,0,0,40.85,-101.8157,40.85,-101.8138,0.1,10,1,1,1,135,0,0,0,0
619264,2020,7,8,"2020-07-08","17:55:00",3,"NE",31,0,-9,0,0,0,0,40.8279,-102.03,40.8279,-102.03,0.1,10,1,1,1,135,0,0,0,0
619265,2020,7,8,"2020-07-08","17:59:00",3,"CO",8,0,0,0,0,0,0,40.8218,-102.1507,40.8218,-102.1507,0.01,50,1,1,1,115,0,0,0,0
619266,2020,7,8,"2020-07-08","18:01:00",3,"NE",31,0,-9,0,0,0,0,40.85,-101.7583,40.85,-101.7583,0.1,10,1,1,1,135,0,0,0,0
619267,2020,7,8,"2020-07-08","18:04:00",3,"CO",8,0,0,0,0,0,0,40.8513,-102.132,40.8513,-102.132,0.01,50,1,1,1,95,0,0,0,0
619268,2020,7,8,"2020-07-08","18:04:00",3,"CO",8,0,0,0,0,0,0,40.8655,-102.2277,40.8655,-102.2277,0.01,50,1,1,1,115,0,0,0,0
619269,2020,7,8,"2020-07-08","18:10:00",3,"CO",8,0,0,0,0,0,0,40.83,-102.14,40.83,-102.14,0.01,50,1,1,1,115,0,0,0,0
619270,2020,7,8,"2020-07-08","18:15:00",3,"MN",27,0,0,0,0,10000,0,46.2639,-93.9951,46.333,-93.8769,7.39,50,1,1,1,35,0,0,0,0
619271,2020,7,8,"2020-07-08","18:19:00",3,"CO",8,0,0,0,0,0,0,40.8515,-102.132,40.8515,-102.132,0.01,50,1,1,1,115,0,0,0,0
619272,2020,7,8,"2020-07-08","18:55:00",3,"NE",31,0,-9,0,0,0,0,42.0524,-100.58,42.0524,-100.58,0.1,10,1,1,1,171,0,0,0,0
619273,2020,7,8,"2020-07-08","22:29:00",3,"NE",31,0,0,0,0,2e+05,0,41.33,-97.7,41.34,-97.62,4.21,130,1,1,1,121,0,0,0,0
619402,2020,8,10,"2020-08-10","10:30:00",3,"IA",19,0,-9,0,0,0,500,42.0016,-93.0701,41.9977,-93.0508,1.03,50,1,1,1,127,0,0,0,0
619403,2020,8,10,"2020-08-10","10:36:00",3,"IA",19,0,-9,0,0,0,500,42.125,-93.0684,42.1223,-93.0609,0.42,50,1,1,1,127,0,0,0,0
619404,2020,8,10,"2020-08-10","10:39:00",3,"IA",19,0,1,0,0,20000,1500,42.0907,-92.9778,42.079,-92.9238,2.88,100,1,1,1,127,0,0,0,0
619405,2020,8,10,"2020-08-10","11:01:00",3,"IA",19,0,-9,0,0,0,1000,42.1598,-92.6208,42.145,-92.5999,1.48,40,1,1,1,171,0,0,0,0
619406,2020,8,10,"2020-08-10","11:31:00",3,"IA",19,0,-9,0,0,0,0,41.9063,-91.729,41.903,-91.7121,0.92,40,1,1,1,113,0,0,0,0
619407,2020,8,10,"2020-08-10","11:32:00",3,"WI",55,0,0,0,0,15000,0,42.694,-90.8312,42.6947,-90.8204,0.55,50,1,1,1,43,0,0,0,0
619408,2020,8,10,"2020-08-10","13:12:00",3,"IL",17,0,0,0,0,0,0,42.2119,-89.6884,42.2697,-89.6446,4.59,50,1,1,1,177,0,0,0,0
619409,2020,8,10,"2020-08-10","13:37:00",3,"IL",17,0,0,0,0,0,0,42.2495,-89.1332,42.262,-89.1073,1.58,50,1,1,1,201,0,0,0,0
619410,2020,8,10,"2020-08-10","13:47:00",3,"IL",17,0,1,0,0,0,0,42.2806,-89.022,42.3692,-88.8891,9.18,300,1,1,1,201,7,0,0,0
619411,2020,8,10,"2020-08-10","13:50:00",3,"IL",17,0,0,0,0,0,0,42.0962,-88.9266,42.1244,-88.8101,6.28,40,1,1,1,37,0,0,0,0
619412,2020,8,10,"2020-08-10","13:59:00",3,"IL",17,0,1,0,0,0,0,41.3534,-88.8448,41.3523,-88.8275,0.9,150,1,1,1,99,0,0,0,0
619413,2020,8,10,"2020-08-10","14:05:00",3,"IL",17,0,1,0,0,0,0,42.1808,-88.6548,42.2233,-88.5587,5.73,200,1,1,1,111,0,0,0,0
619414,2020,8,10,"2020-08-10","14:12:00",3,"IL",17,0,1,0,0,0,0,41.9173,-88.5605,41.9179,-88.537,1.21,40,1,1,1,89,0,0,0,0
619415,2020,8,10,"2020-08-10","14:15:00",3,"IL",17,0,1,0,0,0,0,41.6212,-88.455,41.5658,-88.1865,14.45,250,1,1,1,93,197,0,0,0
619416,2020,8,10,"2020-08-10","14:35:00",3,"IL",17,0,1,0,0,0,0,41.8673,-88.1038,41.8685,-88.097,0.36,100,1,1,1,43,0,0,0,0
619417,2020,8,10,"2020-08-10","14:38:00",3,"WI",55,0,0,0,0,12000,0,42.5568,-88.4463,42.5933,-88.4047,3.29,50,1,1,1,127,0,0,0,0
619418,2020,8,10,"2020-08-10","14:39:00",3,"IL",17,0,1,0,0,0,0,41.8851,-88.0166,41.9004,-87.9803,2.15,200,1,1,1,43,0,0,0,0
619419,2020,8,10,"2020-08-10","14:41:00",3,"IL",17,0,1,0,0,250000,0,42.475,-88.1895,42.5465,-88.1143,6.25,150,2,0,1,0,0,0,0,0
619419,2020,8,10,"2020-08-10","14:41:00",3,"IL",17,0,1,0,0,0,0,42.475,-88.1895,42.4954,-88.1691,1.75,150,2,1,2,97,0,0,0,0
619419,2020,8,10,"2020-08-10","14:45:00",3,"WI",55,0,1,0,0,250000,0,42.4954,-88.1691,42.5465,-88.1143,4.5,150,2,1,2,59,0,0,0,0
619420,2020,8,10,"2020-08-10","14:54:00",3,"IL",17,0,1,0,0,0,0,41.618,-87.7868,41.6182,-87.6931,4.84,300,1,1,1,31,0,0,0,0
619421,2020,8,10,"2020-08-10","14:57:00",3,"IL",17,0,0,0,0,0,0,41.4693,-87.7017,41.4801,-87.6665,1.97,350,1,1,1,31,0,0,0,0
619422,2020,8,10,"2020-08-10","14:59:00",3,"IL",17,0,1,0,0,0,0,42.0087,-87.724,42.0168,-87.6628,3.19,300,1,1,1,31,0,0,0,0
619423,2020,8,10,"2020-08-10","15:04:00",3,"IL",17,0,0,0,0,0,0,41.2431,-87.6638,41.2369,-87.6368,1.47,150,1,1,1,91,0,0,0,0
619424,2020,8,10,"2020-08-10","15:05:00",3,"NY",36,0,1,0,0,75000,10000,43.28,-73.414,43.26,-73.425,1.5,100,1,1,1,115,0,0,0,0
619425,2020,8,10,"2020-08-10","15:15:00",3,"IN",18,0,0,0,0,0,0,40.8507,-87.4421,40.8502,-87.4256,0.86,40,1,1,1,111,0,0,0,0
619426,2020,8,10,"2020-08-10","16:32:00",3,"IN",18,0,1,0,0,0,0,41.5076,-86.1222,41.5072,-86.0756,2.41,100,1,1,1,141,0,0,0,0
619427,2020,8,10,"2020-08-10","16:55:00",3,"IN",18,0,1,0,0,0,0,41.3434,-85.713,41.323,-85.6598,3.1,100,1,1,1,85,0,0,0,0
619428,2020,8,10,"2020-08-10","17:43:00",3,"IN",18,0,0,0,0,0,0,41.139,-85.9672,41.1396,-85.9628,0.23,50,1,1,1,85,0,0,0,0
619429,2020,8,11,"2020-08-11","17:52:00",3,"WY",56,0,0,0,0,0,0,43.1176,-108.5544,43.1153,-108.5524,0.19,20,1,1,1,13,0,0,0,0
619430,2020,8,13,"2020-08-13","18:25:00",3,"NE",31,0,0,0,0,0,0,42.66,-100.06,42.66,-100.06,0.1,10,1,1,1,17,0,0,0,0
619431,2020,8,13,"2020-08-13","19:04:00",3,"MN",27,0,1,0,0,0,0,48.07,-96.04,48.0988,-96.0067,2,120,1,1,1,113,0,0,0,0
619432,2020,8,13,"2020-08-13","19:44:00",3,"MN",27,0,0,0,0,0,0,47.42,-96.27,47.42,-96.27,0.1,30,1,1,1,107,0,0,0,0
619433,2020,8,14,"2020-08-14","14:30:00",3,"CA",6,0,1,0,0,0,0,39.7313,-120.1284,39.7301,-120.1209,0.43,137,1,1,1,35,0,0,0,0
619434,2020,8,14,"2020-08-14","14:37:00",3,"MN",27,0,0,0,0,0,0,45.97,-96.19,45.9793,-96.1,4,50,1,1,1,51,0,0,0,0
619435,2020,8,14,"2020-08-14","14:38:00",3,"MN",27,0,0,0,0,0,0,45.97,-96.24,45.97,-96.24,0.4,30,1,1,1,51,0,0,0,0
619436,2020,8,14,"2020-08-14","14:39:00",3,"MN",27,0,0,0,0,0,0,45.95,-96.12,45.95,-96.12,1,40,1,1,1,51,0,0,0,0
619437,2020,8,14,"2020-08-14","14:42:00",3,"MN",27,0,2,0,0,0,0,45.91,-96.08,46.0332,-95.8645,13.4,150,1,1,1,51,0,0,0,0
619438,2020,8,14,"2020-08-14","14:50:00",3,"MN",27,0,1,0,0,0,0,45.85,-95.85,45.8567,-95.8159,1.71,150,1,1,1,51,0,0,0,0
619439,2020,8,14,"2020-08-14","15:17:00",3,"MN",27,0,0,0,0,2000,0,45.7443,-95.6223,45.7569,-95.6053,1.2,75,1,1,1,121,0,0,0,0
619440,2020,8,14,"2020-08-14","15:30:00",3,"KS",20,0,-9,0,0,0,0,38.4062,-101.9196,38.3967,-101.939,1.24,50,1,1,1,71,0,0,0,0
619441,2020,8,14,"2020-08-14","15:34:00",3,"MN",27,0,0,0,0,10000,0,43.6655,-95.666,43.6658,-95.6657,0.03,10,1,1,1,105,0,0,0,0
619442,2020,8,14,"2020-08-14","15:45:00",3,"MN",27,0,0,0,0,0,0,45.8545,-95.2105,45.8609,-95.2019,0.61,50,1,1,1,41,0,0,0,0
619443,2020,8,14,"2020-08-14","15:49:00",3,"KS",20,0,-9,0,0,0,0,38.3221,-101.9928,38.3032,-101.9872,1.34,100,1,1,1,71,0,0,0,0
619444,2020,8,14,"2020-08-14","15:53:00",3,"MN",27,0,1,0,0,25000,0,46.15,-94.6929,46.2277,-94.6415,5.91,200,1,1,1,153,97,0,0,0
619445,2020,8,14,"2020-08-14","15:57:00",3,"MN",27,0,0,0,0,10000,0,45.8278,-95.0473,45.8326,-95.026,1.08,125,1,1,1,153,0,0,0,0
619446,2020,8,14,"2020-08-14","16:12:00",3,"NE",31,0,0,0,0,1000,25000,40.8413,-97.8645,40.8117,-97.8724,2.09,30,1,1,1,81,0,0,0,0
619447,2020,8,14,"2020-08-14","16:34:00",3,"NE",31,0,0,0,0,30000,40000,40.7091,-97.8805,40.6986,-97.8841,0.75,35,1,1,1,81,0,0,0,0
619448,2020,8,14,"2020-08-14","16:36:00",3,"NE",31,0,0,0,0,30000,40000,40.6986,-97.8841,40.6815,-97.8907,1.23,35,1,1,1,35,0,0,0,0
619449,2020,8,14,"2020-08-14","16:37:00",3,"MN",27,0,0,0,0,1e+05,0,45.2072,-94.986,45.2476,-94.8633,6.59,50,1,1,1,67,0,0,0,0
619450,2020,8,14,"2020-08-14","16:41:00",3,"MN",27,0,0,0,0,50000,0,46.0678,-94.294,46.1213,-94.2048,5.65,200,1,1,1,97,0,0,0,0
619451,2020,8,14,"2020-08-14","16:44:00",3,"MN",27,0,0,0,0,1e+05,0,44.767,-94.3406,44.7728,-94.2974,2.16,300,1,1,1,85,0,0,0,0
619452,2020,8,14,"2020-08-14","16:45:00",3,"MN",27,0,0,0,0,0,0,45.1899,-94.8422,45.2545,-94.7236,7.31,85,1,1,1,67,93,0,0,0
619453,2020,8,14,"2020-08-14","16:47:00",3,"MN",27,0,0,0,0,0,0,45.7759,-94.4501,45.7809,-94.4239,1.31,65,1,1,1,97,0,0,0,0
619454,2020,8,14,"2020-08-14","16:49:00",3,"MN",27,0,1,0,0,250000,0,45.2463,-94.8289,45.2448,-94.7575,3.5,50,1,1,1,67,93,0,0,0
619455,2020,8,14,"2020-08-14","16:50:00",3,"MN",27,0,1,0,0,250000,0,44.7853,-94.2479,44.8105,-94.2131,2.44,250,1,1,1,85,0,0,0,0
619456,2020,8,14,"2020-08-14","16:53:00",3,"NE",31,0,0,0,0,0,0,40.5867,-97.9215,40.5851,-97.9213,0.11,25,1,1,1,35,0,0,0,0
619457,2020,8,14,"2020-08-14","17:09:00",3,"MN",27,0,0,0,0,0,0,45.9745,-93.8804,45.9843,-93.8209,2.94,150,1,1,1,97,0,0,0,0
619458,2020,8,14,"2020-08-14","17:27:00",3,"MN",27,0,0,0,0,0,0,45.0452,-94.5504,45.0544,-94.5359,0.95,25,1,1,1,93,0,0,0,0
619459,2020,8,14,"2020-08-14","17:49:00",3,"MN",27,0,0,0,0,50000,0,44.8404,-93.7498,44.8444,-93.7494,0.28,75,1,1,1,19,0,0,0,0
619460,2020,8,14,"2020-08-14","17:57:00",3,"MN",27,0,1,0,0,0,0,46.53,-93.18,46.55,-93.17,1.5,100,1,1,1,1,0,0,0,0
619461,2020,8,14,"2020-08-14","18:10:00",3,"MN",27,0,1,0,0,0,0,46.42,-92.84,46.46,-92.85,2.7,150,1,1,1,17,0,0,0,0
619462,2020,8,14,"2020-08-14","18:12:00",3,"MN",27,0,0,0,0,0,0,46.54,-93.01,46.56,-92.99,2,100,1,1,1,17,0,0,0,0
619463,2020,8,14,"2020-08-14","18:32:00",3,"MN",27,0,0,0,0,1000,0,45.1378,-93.657,45.141,-93.6503,0.39,65,1,1,1,53,0,0,0,0
619464,2020,8,14,"2020-08-14","18:55:00",3,"MN",27,0,0,0,0,250000,0,45.0351,-93.368,45.0351,-93.3598,0.4,50,1,1,1,53,0,0,0,0
619465,2020,8,15,"2020-08-15","15:04:00",3,"CA",6,0,1,0,0,0,0,39.7239,-120.1303,39.7226,-120.1299,0.09,20,1,1,1,35,0,0,0,0
619466,2020,8,15,"2020-08-15","15:41:00",3,"CA",6,0,-9,0,0,0,0,39.731,-120.1009,39.7615,-120.0565,3.16,156,1,1,1,35,0,0,0,0
619467,2020,8,15,"2020-08-15","16:30:00",3,"NM",35,0,0,0,0,0,0,35.2075,-106.7432,35.2075,-106.7431,0.01,20,1,1,1,1,0,0,0,0
619468,2020,8,15,"2020-08-15","17:33:00",3,"CO",8,0,0,0,0,0,0,40.11,-103.28,40.11,-103.28,0.01,50,1,1,1,121,0,0,0,0
619469,2020,8,15,"2020-08-15","17:47:00",3,"CO",8,0,0,0,0,0,0,40.1,-103.4,40.1,-103.4,0.01,50,1,1,1,121,0,0,0,0
619470,2020,8,15,"2020-08-15","17:52:00",3,"CO",8,0,0,0,0,0,0,40.05,-103.35,40.05,-103.35,0.01,50,1,1,1,121,0,0,0,0
619471,2020,8,16,"2020-08-16","13:46:00",3,"TX",48,0,1,0,0,90000,0,35.5512,-100.5965,35.5247,-100.5984,1.83,200,1,1,1,179,0,0,0,0
619472,2020,8,16,"2020-08-16","14:48:00",3,"FL",12,0,0,0,0,0,0,28.3646,-80.6749,28.3607,-80.6694,0.43,15,1,1,1,9,0,0,0,0
619473,2020,8,16,"2020-08-16","18:45:00",3,"CO",8,0,-9,0,0,0,0,37.94,-103.9,37.94,-103.9,0.1,10,1,1,1,89,0,0,0,0
619474,2020,8,18,"2020-08-18","13:48:00",3,"FL",12,0,0,0,0,40000,0,28.9492,-81.266,28.9491,-81.2652,0.05,70,1,1,1,127,0,0,0,0
619475,2020,8,18,"2020-08-18","13:48:00",3,"FL",12,0,2,1,0,8010000,0,29.0349,-81.341,29.0549,-81.2686,4.59,550,1,1,1,127,0,0,0,0
619476,2020,8,19,"2020-08-19","07:57:00",3,"NJ",34,0,0,0,0,0,0,40.322,-74.1283,40.3179,-74.1061,1.2,70,1,1,1,25,0,0,0,0
619477,2020,8,19,"2020-08-19","12:20:00",3,"FL",12,0,0,0,0,0,0,25.967,-80.1187,25.9746,-80.1188,0.5,160,1,1,1,86,0,0,0,0
619478,2020,8,21,"2020-08-21","15:03:00",3,"SD",46,0,0,0,0,0,0,45.7,-97.44,45.7003,-97.4382,0.09,10,1,1,1,91,0,0,0,0
619479,2020,8,22,"2020-08-22","10:45:00",3,"NH",33,0,0,0,0,0,0,43.5666,-71.2714,43.556,-71.2444,1.54,50,1,1,1,1,0,0,0,0
619480,2020,8,22,"2020-08-22","12:05:00",3,"NH",33,0,0,0,0,5000,0,43.75,-71.15,43.7383,-71.1278,1.65,50,1,1,1,3,0,0,0,0
619481,2020,8,23,"2020-08-23","11:13:00",3,"AL",1,0,-9,0,0,0,0,34.55,-86.55,34.5511,-86.5483,0.12,50,1,1,1,89,0,0,0,0
619482,2020,8,26,"2020-08-26","12:55:00",3,"LA",22,0,0,0,0,0,0,29.99,-91.05,29.9904,-91.0506,0.05,10,1,1,1,7,0,0,0,0
619483,2020,8,27,"2020-08-27","12:11:00",3,"NY",36,0,1,0,0,0,0,42.2162,-74.5152,42.2162,-74.5152,0.25,25,1,1,1,39,0,0,0,0
619484,2020,8,27,"2020-08-27","13:24:00",3,"CT",9,0,0,0,0,0,0,41.7,-73.499,41.693,-73.496,0.51,75,1,1,1,5,0,0,0,0
619485,2020,8,27,"2020-08-27","13:36:00",3,"CT",9,0,0,0,0,0,0,41.5771,-73.1886,41.577,-73.1875,0.06,20,1,1,1,5,0,0,0,0
619486,2020,8,27,"2020-08-27","13:53:00",3,"CT",9,0,1,0,0,5e+05,0,41.4459,-72.9875,41.3487,-72.828,11.1,500,1,1,1,9,0,0,0,0
619487,2020,8,27,"2020-08-27","16:15:00",3,"NY",36,0,1,0,0,25000,0,41.505,-74.2602,41.5131,-74.2142,2.6,600,1,1,1,71,0,0,0,0
619488,2020,8,27,"2020-08-27","17:29:00",3,"AR",5,0,0,0,0,3000,0,34.96,-90.87,34.99,-90.88,2.15,60,1,1,1,123,0,0,0,0
619489,2020,8,27,"2020-08-27","17:45:00",3,"AR",5,0,0,0,0,20000,5000,35.3051,-91.1835,35.3171,-91.2003,1.26,50,1,1,1,147,0,0,0,0
619490,2020,8,27,"2020-08-27","18:13:00",3,"AR",5,0,1,0,0,30000,0,35.38,-90.99,35.41,-91,2.15,80,1,1,1,37,0,0,0,0
619491,2020,8,27,"2020-08-27","19:31:00",3,"AR",5,0,1,0,0,15000,0,35.83,-90.9,35.87,-90.94,3.56,70,1,1,1,31,0,0,0,0
619492,2020,8,27,"2020-08-27","19:55:00",3,"AR",5,0,0,0,0,0,0,35.61,-90.38,35.62,-90.39,0.89,60,1,1,1,111,0,0,0,0
619493,2020,8,27,"2020-08-27","20:13:00",3,"AR",5,0,1,0,0,50000,0,35.81,-90.47,35.87,-90.5,4.47,120,1,1,1,31,0,0,0,0
619494,2020,8,27,"2020-08-27","20:24:00",3,"AR",5,0,1,0,0,35000,0,35.95,-90.56,35.96,-90.57,0.89,50,1,1,1,31,0,0,0,0
619495,2020,8,27,"2020-08-27","21:07:00",3,"AR",5,0,2,0,0,2e+05,0,36.3076,-90.8089,36.4237,-91.0134,14.02,100,1,1,1,121,0,0,0,0
619496,2020,8,27,"2020-08-27","23:56:00",3,"SD",46,0,0,0,0,0,0,44.8777,-98.4811,44.9042,-98.4799,1.83,40,1,1,1,115,0,0,0,0
619497,2020,8,27,"2020-08-27","23:56:00",3,"SD",46,0,1,0,0,0,0,44.8688,-98.5052,44.9043,-98.4763,2.83,40,1,1,1,115,0,0,0,0
619498,2020,8,28,"2020-08-28","00:26:00",3,"SD",46,0,-9,0,0,0,33000,44.4357,-97.6567,44.435,-97.6494,0.36,25,1,1,1,77,0,0,0,0
619499,2020,8,28,"2020-08-28","00:27:00",3,"SD",46,0,1,0,0,75000,0,44.3302,-97.5791,44.3311,-97.5669,0.61,25,1,1,1,77,0,0,0,0
619500,2020,8,28,"2020-08-28","01:08:00",3,"SD",46,0,0,0,0,0,0,44.7182,-96.85,44.7199,-96.8496,0.12,50,1,1,1,39,0,0,0,0
619501,2020,8,28,"2020-08-28","01:09:00",3,"SD",46,0,0,0,0,0,0,44.746,-96.8165,44.7543,-96.8073,0.73,30,1,1,1,39,0,0,0,0
619502,2020,8,28,"2020-08-28","01:09:00",3,"SD",46,0,0,0,0,0,0,44.774,-96.7732,44.7765,-96.7708,0.21,20,1,1,1,39,0,0,0,0
619503,2020,8,28,"2020-08-28","01:11:00",3,"SD",46,0,1,0,0,0,0,44.774,-96.7732,44.787,-96.7704,0.91,40,1,1,1,39,0,0,0,0
619504,2020,8,28,"2020-08-28","05:33:00",3,"MS",28,0,0,0,0,0,1000,34.39,-89.52,34.4,-89.505,1.1,50,1,1,1,71,0,0,0,0
619505,2020,8,28,"2020-08-28","15:02:00",3,"AL",1,0,1,0,0,0,0,34.203,-87.4283,34.267,-87.2974,8.75,325,1,1,1,133,0,0,0,0
619506,2020,8,28,"2020-08-28","15:36:00",3,"AL",1,0,1,0,0,0,0,34.1684,-87.41,34.1698,-87.3654,2.56,100,1,1,1,133,0,0,0,0
619507,2020,8,28,"2020-08-28","16:27:00",3,"AL",1,0,1,0,0,0,0,34.2436,-87.1019,34.2865,-87.0201,5.56,115,1,1,1,43,0,0,0,0
619508,2020,8,28,"2020-08-28","16:28:00",3,"TN",47,0,0,0,0,5000,0,35.5535,-85.9032,35.565,-85.8804,1.53,65,1,1,1,177,0,0,0,0
619509,2020,8,28,"2020-08-28","16:58:00",3,"AL",1,0,0,0,0,0,0,34.3062,-86.7245,34.3085,-86.7221,0.22,40,1,1,1,43,103,0,0,0
619510,2020,8,28,"2020-08-28","18:24:00",3,"TN",47,0,0,0,0,15000,0,36.0753,-85.6405,36.1018,-85.6137,2.38,50,1,1,1,141,0,0,0,0
619511,2020,8,29,"2020-08-29","15:26:00",3,"NY",36,0,1,1,0,35000,20000,42.939,-73.7,42.938,-73.695,0.26,50,1,1,1,91,0,0,0,0
619512,2020,8,29,"2020-08-29","15:42:00",3,"NY",36,0,1,0,0,45000,30000,42.916,-73.595,42.8982,-73.5596,2.17,100,1,1,1,83,0,0,0,0
619513,2020,8,29,"2020-08-29","16:56:00",3,"NY",36,0,0,0,0,0,0,43.2677,-73.8351,43.2699,-73.8263,0.47,100,1,1,1,113,0,0,0,0
619514,2020,8,30,"2020-08-30","17:03:00",3,"SD",46,0,2,0,1,0,0,44.709,-98.9875,44.7146,-98.9901,1.6,300,1,1,1,59,0,0,0,0
619515,2020,8,31,"2020-08-31","15:30:00",3,"MI",26,0,1,0,0,150000,0,45.7392,-87.1611,45.7482,-87.1588,0.61,200,1,1,1,41,0,0,0,0
619334,2020,8,1,"2020-08-01","15:42:00",3,"TX",48,0,0,0,0,0,0,27.67,-97.63,27.67,-97.63,0.01,20,1,1,1,355,0,0,0,0
619335,2020,8,1,"2020-08-01","16:25:00",3,"VA",51,0,0,0,0,3500,0,37.474,-79.967,37.488,-79.957,1.2,75,1,1,1,23,0,0,0,0
619336,2020,8,2,"2020-08-02","15:36:00",3,"CT",9,0,0,0,0,0,0,41.87,-73.5,41.872,-73.496,0.25,30,1,1,1,5,0,0,0,0
619337,2020,8,2,"2020-08-02","16:05:00",3,"CT",9,0,1,0,0,0,0,41.93,-73.37,41.94,-73.34,1.7,100,1,1,1,5,0,0,0,0
619338,2020,8,2,"2020-08-02","16:36:00",3,"CT",9,0,0,0,0,0,0,42.0202,-73.2007,42.0251,-73.1958,0.5,100,1,1,1,5,0,0,0,0
619339,2020,8,2,"2020-08-02","16:58:00",3,"MA",25,0,0,0,0,54000,0,42.0911,-73.0769,42.1648,-72.9471,8.39,100,1,1,1,3,13,0,0,0
619340,2020,8,3,"2020-08-03","17:55:00",3,"NC",37,0,2,0,0,1e+06,0,33.8465,-77.9592,33.9425,-78.0509,8.3,80,1,1,1,19,0,0,0,0
619341,2020,8,3,"2020-08-03","18:15:00",3,"NC",37,0,1,0,0,2000,0,34.1162,-78.3191,34.1185,-78.323,0.27,25,1,1,1,19,0,0,0,0
619342,2020,8,3,"2020-08-03","18:15:00",3,"NC",37,0,0,0,0,1000,0,34.0403,-78.1409,34.0568,-78.1606,1.6,20,1,1,1,19,0,0,0,0
619343,2020,8,3,"2020-08-03","18:20:00",3,"SC",45,0,0,1,0,1e+05,0,33.568,-79.0046,33.5686,-79.008,0.2,30,1,1,1,43,0,0,0,0
619344,2020,8,3,"2020-08-03","18:43:00",3,"NC",37,0,1,0,0,5000,0,34.2268,-78.0124,34.258,-78.0374,2.59,30,1,1,1,19,0,0,0,0
619345,2020,8,3,"2020-08-03","19:59:00",3,"NC",37,0,1,0,0,2e+05,0,34.2064,-77.981,34.219,-78.002,1.48,40,1,1,1,19,0,0,0,0
619346,2020,8,3,"2020-08-03","21:23:00",3,"NC",37,0,1,0,0,0,0,35.0238,-76.8986,35.0553,-76.9134,2.33,40,1,1,1,137,0,0,0,0
619347,2020,8,3,"2020-08-03","22:02:00",3,"NC",37,0,1,0,0,0,0,35.7786,-76.9073,35.7803,-76.9094,0.17,40,1,1,1,117,0,0,0,0
619348,2020,8,3,"2020-08-03","22:18:00",3,"NC",37,0,1,0,0,0,0,35.461,-76.8952,35.4631,-76.8974,0.19,70,1,1,1,13,0,0,0,0
619349,2020,8,3,"2020-08-03","22:48:00",3,"NC",37,0,1,0,0,0,0,35.6441,-76.8008,35.6452,-76.8013,0.08,50,1,1,1,13,0,0,0,0
619350,2020,8,3,"2020-08-03","22:50:00",3,"NC",37,0,1,0,0,0,0,35.4262,-76.7291,35.4363,-76.7311,0.71,180,1,1,1,13,0,0,0,0
619351,2020,8,3,"2020-08-03","23:15:00",3,"NC",37,0,3,14,2,1e+06,0,35.887,-76.89,36.014,-76.977,10,600,1,1,1,15,0,0,0,0
619352,2020,8,4,"2020-08-04","00:11:00",3,"NC",37,0,0,0,0,20000,0,36.351,-77.093,36.406,-77.157,5,100,1,1,1,91,0,0,0,0
619353,2020,8,4,"2020-08-04","00:37:00",3,"NC",37,0,0,0,0,20000,0,36.524,-76.958,36.544,-76.982,3,50,1,1,1,91,0,0,0,0
619354,2020,8,4,"2020-08-04","00:49:00",3,"VA",51,0,2,0,0,8e+06,0,36.645,-76.99,36.858,-77.099,15.9,200,1,1,1,175,0,0,0,0
619355,2020,8,4,"2020-08-04","00:54:00",3,"VA",51,0,1,0,0,4e+06,0,36.551,-76.498,36.83,-76.633,21,150,1,1,1,800,0,0,0,0
619356,2020,8,4,"2020-08-04","01:08:00",3,"VA",51,0,0,0,0,10000,0,36.657,-76.562,36.798,-76.679,11.7,100,1,1,1,800,0,0,0,0
619357,2020,8,4,"2020-08-04","02:13:00",3,"VA",51,0,1,0,0,1e+05,0,37.24,-76.86,37.25,-76.87,0.8,200,1,1,1,95,0,0,0,0
619358,2020,8,4,"2020-08-04","02:53:00",3,"VA",51,0,1,0,0,1e+05,0,37.3264,-76.5862,37.3884,-76.6208,4.7,250,1,1,1,73,0,0,0,0
619359,2020,8,4,"2020-08-04","03:40:00",3,"VA",51,0,2,5,0,3005000,0,37.6274,-76.3358,37.8399,-76.4279,15.61,500,1,1,1,103,133,0,0,0
619360,2020,8,4,"2020-08-04","03:55:00",3,"MD",24,0,2,0,0,230000,0,38.4474,-75.7575,38.4636,-75.7671,1.3,150,1,1,1,45,0,0,0,0
619361,2020,8,4,"2020-08-04","04:06:00",3,"VA",51,0,1,0,0,626000,0,37.8137,-76.2771,37.8441,-76.2874,2.2,100,1,1,1,133,0,0,0,0
619362,2020,8,4,"2020-08-04","04:27:00",3,"MD",24,0,0,0,0,0,0,38.093,-76.365,38.114,-76.369,1.47,75,1,1,1,37,0,0,0,0
619363,2020,8,4,"2020-08-04","04:32:00",3,"MD",24,0,0,0,0,0,0,38.174,-76.528,38.245,-76.562,5.24,100,1,1,1,37,0,0,0,0
619364,2020,8,4,"2020-08-04","04:52:00",3,"MD",24,0,0,0,0,250000,0,38.3336,-76.4782,38.3435,-76.47,0.82,175,1,1,1,9,0,0,0,0
619365,2020,8,4,"2020-08-04","05:14:00",3,"MD",24,0,2,0,0,150000,0,38.0969,-75.3983,38.0436,-75.3813,3.8,200,1,1,1,47,0,0,0,0
619366,2020,8,4,"2020-08-04","05:22:00",3,"MD",24,0,0,0,0,50000,0,38.329,-75.7318,38.3677,-75.743,2.7,100,1,1,1,45,0,0,0,0
619367,2020,8,4,"2020-08-04","05:33:00",3,"MD",24,0,1,0,0,0,0,38.615,-76.512,38.6354,-76.5612,3.01,100,1,1,1,9,0,0,0,0
619368,2020,8,4,"2020-08-04","05:35:00",3,"MD",24,0,0,0,0,15000,0,38.4067,-75.2465,38.2929,-75.2188,8,75,1,1,1,47,0,0,0,0
619369,2020,8,4,"2020-08-04","05:55:00",3,"MD",24,0,0,0,0,20000,0,38.4013,-75.1758,38.2627,-75.1579,9.63,75,1,1,1,47,0,0,0,0
619370,2020,8,4,"2020-08-04","06:18:00",3,"MD",24,0,0,0,0,0,0,38.935,-76.1363,38.935,-76.15,0.74,35,1,1,1,35,0,0,0,0
619371,2020,8,4,"2020-08-04","06:25:00",3,"DE",10,0,1,0,0,0,0,38.8926,-75.4559,38.9206,-75.4579,2.14,400,1,1,1,5,1,0,0,0
619372,2020,8,4,"2020-08-04","06:25:00",3,"DE",10,0,1,0,0,0,0,39.01,-75.69,39.04,-75.73,2.98,200,1,1,1,1,0,0,0,0
619373,2020,8,4,"2020-08-04","06:55:00",3,"DE",10,0,2,0,0,0,0,39.1049,-75.5001,39.58,-75.76,35.78,500,1,1,1,1,3,0,0,0
619374,2020,8,4,"2020-08-04","07:45:00",3,"NJ",34,0,1,0,0,0,0,39.2094,-74.6479,39.27,-74.66,4.24,150,1,1,1,9,0,0,0,0
619375,2020,8,4,"2020-08-04","08:44:00",3,"PA",42,0,0,0,0,0,0,40.162,-75.3315,40.201,-75.362,3.14,200,1,1,1,91,0,0,0,0
619376,2020,8,4,"2020-08-04","08:50:00",3,"PA",42,0,2,18,0,0,0,40.0815,-74.9592,40.34,-75.16,20.77,500,1,1,1,17,101,17,0,0
619377,2020,8,4,"2020-08-04","08:50:00",3,"NJ",34,0,1,0,0,0,0,39.6329,-74.1972,39.68,-74.21,3.32,100,1,1,1,29,0,0,0,0
619378,2020,8,4,"2020-08-04","11:40:00",3,"CT",9,0,0,0,0,15000,0,41.0975,-73.3777,41.0975,-73.3777,0.03,25,1,1,1,1,0,0,0,0
619379,2020,8,4,"2020-08-04","17:29:00",3,"SD",46,0,0,0,0,0,0,43.4734,-100.08,43.4734,-100.08,0.02,10,1,1,1,123,0,0,0,0
619380,2020,8,4,"2020-08-04","17:39:00",3,"SD",46,0,0,0,0,0,0,43.3291,-99.9263,43.3291,-99.9263,0.02,10,1,1,1,123,0,0,0,0
619381,2020,8,4,"2020-08-04","18:38:00",3,"ND",38,0,-9,0,0,0,0,48.45,-102.86,48.3925,-102.8206,4.36,100,1,1,1,61,0,0,0,0
619382,2020,8,4,"2020-08-04","19:56:00",3,"CO",8,0,0,0,0,0,0,38.78,-103.93,38.78,-103.93,0.01,50,1,1,1,73,0,0,0,0
619383,2020,8,6,"2020-08-06","14:02:00",3,"VA",51,0,0,0,0,150000,1e+05,38.221,-78.877,38.209,-78.832,2.58,100,1,1,1,15,0,0,0,0
619384,2020,8,6,"2020-08-06","14:50:00",3,"VA",51,0,0,0,0,50000,0,38.162,-78.491,38.162,-78.488,0.16,75,1,1,1,3,0,0,0,0
619385,2020,8,7,"2020-08-07","15:40:00",3,"DE",10,0,1,0,0,0,0,39.7966,-75.6582,39.79,-75.58,4.17,450,1,1,1,3,0,0,0,0
619386,2020,8,7,"2020-08-07","18:30:00",3,"MN",27,0,0,0,0,0,0,46.93,-95.12,46.93,-95.12,0.2,25,1,1,1,57,0,0,0,0
619387,2020,8,7,"2020-08-07","19:05:00",3,"MN",27,0,1,0,0,0,0,46.97,-94.9,46.9534,-94.7712,6.18,250,1,1,1,57,0,0,0,0
619388,2020,8,8,"2020-08-08","18:30:00",3,"NE",31,0,-9,0,0,0,0,41.91,-103.4,41.9089,-103.3958,0.23,50,1,1,1,157,0,0,0,0
619389,2020,8,9,"2020-08-09","10:58:00",3,"ND",38,0,0,0,0,0,50000,48.67,-97.9747,48.6702,-97.9684,0.29,40,1,1,1,19,0,0,0,0
619390,2020,8,9,"2020-08-09","13:02:00",3,"ND",38,0,1,0,0,225000,15000,46.3662,-98.5613,46.3658,-98.5431,0.87,100,1,1,1,45,0,0,0,0
619391,2020,8,9,"2020-08-09","13:13:00",3,"ND",38,0,-9,0,0,0,0,46.37,-98.51,46.363,-98.4641,2.24,100,1,1,1,45,0,0,0,0
619392,2020,8,9,"2020-08-09","13:13:00",3,"MN",27,0,1,0,0,0,0,48.11,-96.44,48.02,-96.0253,22,200,1,1,1,113,0,0,0,0
619393,2020,8,9,"2020-08-09","13:17:00",3,"ND",38,0,1,0,0,0,0,46.85,-97.84,46.8432,-97.78,2.87,150,1,1,1,3,0,0,0,0
619394,2020,8,9,"2020-08-09","13:19:00",3,"ND",38,0,-9,0,0,0,0,46.3872,-98.4691,46.3852,-98.4635,0.3,50,1,1,1,45,0,0,0,0
619395,2020,8,9,"2020-08-09","13:40:00",3,"ND",38,0,0,0,0,0,0,47.4,-97.17,47.4,-97.1342,2,40,1,1,1,97,0,0,0,0
619396,2020,8,9,"2020-08-09","14:20:00",3,"MN",27,0,1,0,0,0,0,48.34,-95.34,48.34,-95.34,0.25,100,1,1,1,7,0,0,0,0
619397,2020,8,9,"2020-08-09","16:15:00",3,"FL",12,0,0,0,0,20000,0,27.45,-82.69,27.4494,-82.6927,0.17,100,1,1,1,81,0,0,0,0
619398,2020,8,9,"2020-08-09","18:44:00",3,"WI",55,0,1,0,0,0,0,46.0266,-89.4719,46.0507,-89.3479,6.18,400,1,1,1,125,0,0,0,0
619399,2020,8,9,"2020-08-09","19:28:00",3,"WI",55,0,1,0,0,0,0,45.906,-89.4044,45.9017,-89.2832,5.89,250,1,1,1,125,0,0,0,0
619400,2020,8,9,"2020-08-09","20:12:00",3,"WI",55,0,1,0,0,70000,0,45.982,-88.741,45.989,-88.648,4.59,250,2,0,1,0,37,0,0,0
619400,2020,8,9,"2020-08-09","20:12:00",3,"WI",55,0,1,0,0,0,0,45.982,-88.741,45.9899,-88.6695,3.56,250,2,1,2,41,37,0,0,0
619400,2020,8,9,"2020-08-09","20:20:00",3,"MI",26,0,0,0,0,70000,0,45.9899,-88.6695,45.989,-88.648,1.03,250,2,1,2,71,0,0,0,0
619401,2020,8,9,"2020-08-09","20:56:00",3,"MI",26,0,1,0,0,1e+05,0,46.0242,-88.2304,46.0272,-88.1513,3.8,250,1,1,1,71,0,0,0,0
619527,2020,9,16,"2020-09-16","06:53:00",3,"FL",12,0,0,0,0,1000,0,30.5095,-85.0401,30.63,-85.13,9.92,50,1,1,1,13,63,0,0,0
619528,2020,9,16,"2020-09-16","14:30:00",3,"GA",13,0,0,0,0,0,0,31.04,-83.4573,31.0644,-83.4816,2.22,50,1,1,1,75,0,0,0,0
619529,2020,9,16,"2020-09-16","14:40:00",3,"GA",13,0,0,0,0,0,0,30.7453,-83.7287,30.7881,-83.7334,2.97,50,1,1,1,27,0,0,0,0
619530,2020,9,16,"2020-09-16","14:46:00",3,"GA",13,0,0,0,0,0,0,30.9234,-83.4349,30.9984,-83.4497,5.26,50,1,1,1,27,0,0,0,0
619531,2020,9,16,"2020-09-16","15:06:00",3,"GA",13,0,0,0,0,0,0,30.9228,-83.7527,30.9542,-83.7654,2.3,50,1,1,1,275,0,0,0,0
619532,2020,9,16,"2020-09-16","17:33:00",3,"GA",13,0,1,0,0,40000,0,31.2128,-82.4029,31.2149,-82.4018,0.16,200,1,1,1,299,0,0,0,0
619533,2020,9,17,"2020-09-17","00:54:00",3,"GA",13,0,1,0,0,0,0,32.2805,-81.3024,32.318,-81.3126,2.66,150,1,1,1,103,0,0,0,0
619534,2020,9,17,"2020-09-17","05:58:00",3,"SC",45,0,-9,0,0,0,0,33.7171,-80.601,33.7868,-80.6868,6.9,150,1,1,1,85,17,79,0,0
619535,2020,9,17,"2020-09-17","05:59:00",3,"SC",45,0,-9,0,0,0,0,33.7242,-80.5725,33.7586,-80.586,2.5,100,1,1,1,85,0,0,0,0
619536,2020,9,17,"2020-09-17","07:13:00",3,"SC",45,0,1,0,0,0,0,33.2219,-80.6329,33.23,-80.6291,0.6,150,1,1,1,35,0,0,0,0
619537,2020,9,17,"2020-09-17","07:49:00",3,"SC",45,0,0,0,0,0,0,33.3859,-80.4847,33.3886,-80.4825,0.23,100,1,1,1,75,0,0,0,0
619538,2020,9,17,"2020-09-17","08:17:00",3,"SC",45,0,0,0,0,0,0,33.5259,-80.4363,33.5392,-80.4341,0.93,100,1,1,1,27,0,0,0,0
619539,2020,9,17,"2020-09-17","09:14:00",3,"SC",45,0,0,0,0,0,0,33.7297,-80.2981,33.7378,-80.2945,0.6,25,1,1,1,27,0,0,0,0
619540,2020,9,17,"2020-09-17","09:43:00",3,"SC",45,0,0,0,0,0,0,33.8747,-80.2788,33.9583,-80.2592,5.88,50,1,1,1,85,0,0,0,0
619541,2020,9,17,"2020-09-17","10:06:00",3,"SC",45,0,0,0,0,0,0,33.6498,-80.5875,33.6639,-80.5828,1.01,25,1,1,1,17,0,0,0,0
619542,2020,9,17,"2020-09-17","10:45:00",3,"SC",45,0,0,0,0,0,0,33.6548,-80.7178,33.658,-80.7138,0.32,25,1,1,1,17,0,0,0,0
619543,2020,9,17,"2020-09-17","11:19:00",3,"SC",45,0,0,0,0,0,0,33.7507,-80.5047,33.8248,-80.4419,6.26,25,1,1,1,85,0,0,0,0
619544,2020,9,17,"2020-09-17","12:45:00",3,"SC",45,0,0,0,0,50000,0,34.0469,-79.9326,34.1169,-79.9108,4.99,25,1,1,1,41,0,0,0,0
619545,2020,9,17,"2020-09-17","13:21:00",3,"SC",45,0,0,0,0,1000,0,34.0977,-79.6267,34.1199,-79.5982,2.24,20,1,1,1,41,0,0,0,0
619546,2020,9,17,"2020-09-17","18:17:00",3,"NC",37,0,0,0,0,30000,0,34.406,-77.6313,34.4073,-77.6312,0.09,20,1,1,1,141,0,0,0,0
619547,2020,9,17,"2020-09-17","19:16:00",3,"NC",37,0,1,0,0,0,0,34.9364,-76.6291,34.9385,-76.6289,0.15,25,1,1,1,31,0,0,0,0
619548,2020,9,17,"2020-09-17","19:28:00",3,"NC",37,0,0,0,0,5000,0,34.2319,-77.8722,34.2331,-77.87,0.15,20,1,1,1,129,0,0,0,0
619549,2020,9,17,"2020-09-17","23:33:00",3,"NC",37,0,0,0,0,0,0,35.2594,-76.6066,35.2602,-76.6052,0.1,20,1,1,1,137,0,0,0,0
619550,2020,9,25,"2020-09-25","13:24:00",3,"SC",45,0,0,0,0,3000,0,33.7401,-78.8171,33.7423,-78.8151,0.19,25,1,1,1,51,0,0,0,0
619551,2020,9,25,"2020-09-25","18:52:00",3,"WI",55,0,0,0,0,0,0,46.34,-90.45,46.34,-90.44,0.8,50,1,1,1,51,0,0,0,0
619552,2020,9,29,"2020-09-29","20:33:00",3,"VA",51,0,0,0,0,50000,0,36.7681,-76.9348,36.7722,-76.9082,1.5,50,1,1,1,175,0,0,0,0
619553,2020,9,29,"2020-09-29","20:56:00",3,"VA",51,0,0,0,0,20000,0,36.8315,-76.7299,36.8812,-76.6832,4.3,75,1,1,1,93,0,0,0,0
619516,2020,9,1,"2020-09-01","12:59:00",3,"AR",5,0,1,0,0,1e+05,0,35.1823,-92.6047,35.1971,-92.5526,3.2,100,1,1,1,29,0,0,0,0
619517,2020,9,1,"2020-09-01","13:13:00",3,"AR",5,0,0,0,0,0,0,35.2258,-92.4889,35.252,-92.4421,3.2,50,1,1,1,45,0,0,0,0
619518,2020,9,1,"2020-09-01","14:07:00",3,"AR",5,0,2,0,0,50000,0,35.4311,-92.0367,35.4598,-91.9504,5.3,150,1,1,1,23,0,0,0,0
619519,2020,9,1,"2020-09-01","15:14:00",3,"MO",29,0,0,0,0,0,2000,36.18,-89.88,36.1948,-89.8472,2.1,50,1,1,1,155,0,0,0,0
619520,2020,9,1,"2020-09-01","15:28:00",3,"TN",47,0,0,0,0,5000,0,35.8616,-87.1367,35.864,-87.0875,2.8,25,1,1,1,187,0,0,0,0
619521,2020,9,1,"2020-09-01","16:24:00",3,"TN",47,0,0,0,0,0,2000,36.329,-89.4981,36.3517,-89.4729,2.1,50,1,1,1,95,0,0,0,0
619522,2020,9,1,"2020-09-01","18:10:00",3,"TX",48,0,-9,0,0,0,0,34.5706,-100.8394,34.5706,-100.8394,0.01,30,1,1,1,191,0,0,0,0
619523,2020,9,3,"2020-09-03","15:57:00",3,"MD",24,0,0,0,0,1250000,0,38.948,-76.5695,38.9233,-76.4615,6.05,100,1,1,1,3,0,0,0,0
619524,2020,9,5,"2020-09-05","16:17:00",3,"CA",6,0,2,0,0,0,0,37.35,-119.34,37.5218,-119.3056,12.02,50,1,1,1,39,0,0,0,0
619525,2020,9,5,"2020-09-05","18:29:00",3,"CA",6,0,1,0,0,0,0,37.25,-119.2,37.2598,-119.1838,1.12,25,1,1,1,19,0,0,0,0
619526,2020,9,7,"2020-09-07","15:14:00",3,"OH",39,0,0,0,0,25000,0,40.2966,-82.9889,40.2703,-82.9386,3.21,150,1,1,1,41,0,0,0,0
