"om","yr","mo","dy","date","time","tz","st","stf","stn","mag","inj","fat","loss","closs","slat","slon","elat","elon","len","wid","ns","sn","sg","f1","f2","f3","f4","fc"
621927,2022,10,12,"2022-10-12","10:13:00",3,"WI",55,0,0,0,0,0,0,43.1746,-88.8006,43.1719,-88.7919,0.48,25,1,1,1,55,0,0,0,0
621928,2022,10,12,"2022-10-12","10:18:00",3,"WI",55,0,0,0,0,0,0,43.0757,-88.8178,43.074,-88.8093,0.44,25,1,1,1,55,0,0,0,0
621929,2022,10,12,"2022-10-12","10:42:00",3,"WI",55,0,0,0,0,0,0,42.9654,-88.5854,42.96,-88.5717,0.79,25,1,1,1,55,0,0,0,0
621930,2022,10,12,"2022-10-12","10:48:00",3,"WI",55,0,0,0,0,0,0,43.1017,-88.3812,43.1011,-88.3691,0.61,50,1,1,1,133,0,0,0,0
621931,2022,10,12,"2022-10-12","11:17:00",3,"WI",55,0,0,0,0,0,0,42.5956,-88.377,42.5741,-88.3391,2.43,40,1,1,1,127,0,0,0,0
621932,2022,10,12,"2022-10-12","11:17:00",3,"WI",55,0,0,0,0,0,0,43.0062,-88.0434,42.991,-87.9863,3.07,40,1,1,1,79,0,0,0,0
621933,2022,10,12,"2022-10-12","11:20:00",3,"WI",55,0,0,0,0,0,0,42.6596,-88.2872,42.6358,-88.216,3.97,25,1,1,1,101,0,0,0,0
621934,2022,10,12,"2022-10-12","19:55:00",3,"GA",13,0,0,0,0,0,0,31.9825,-82.8483,31.9854,-82.8428,0.38,100,1,1,1,271,0,0,0,0
621935,2022,10,13,"2022-10-13","14:23:00",3,"TX",48,0,-9,0,0,0,0,27.59,-97.47,27.5916,-97.4675,0.19,20,1,1,1,355,0,0,0,0
621936,2022,10,16,"2022-10-16","16:00:00",3,"AZ",4,0,0,0,0,0,0,33.1997,-111.8819,33.1983,-111.8865,0.28,25,1,1,1,21,0,0,0,0
621937,2022,10,17,"2022-10-17","16:41:00",3,"FL",12,0,0,0,0,142240,0,27.57,-80.37,27.56,-80.36,0.5,100,1,1,1,61,0,0,0,0
621938,2022,10,22,"2022-10-22","18:40:00",3,"OR",41,0,0,0,0,50000,0,45.3753,-122.1413,45.3723,-122.1371,0.87,248,1,1,1,5,0,0,0,0
621939,2022,10,24,"2022-10-24","08:27:00",3,"OK",40,0,0,0,0,5000,0,35.391,-97.841,35.399,-97.791,2.9,50,1,1,1,17,0,0,0,0
621940,2022,10,24,"2022-10-24","09:32:00",3,"OK",40,0,0,0,0,0,0,35.144,-96.933,35.144,-96.933,0.1,10,1,1,1,125,0,0,0,0
621941,2022,10,24,"2022-10-24","17:30:00",3,"OR",41,0,0,0,0,25000,0,45.1607,-122.9069,45.1607,-122.9055,0.04,17,1,1,1,47,0,0,0,0
621942,2022,10,24,"2022-10-24","19:46:00",3,"TX",48,0,1,0,0,5e+05,0,30.797,-97.6742,30.7883,-97.61,3.86,150,1,1,1,491,0,0,0,0
621943,2022,10,25,"2022-10-25","03:39:00",3,"LA",22,0,2,0,0,150000,0,30.652,-92.8043,30.6557,-92.7982,0.44,170,1,1,1,3,0,0,0,0
621944,2022,10,25,"2022-10-25","22:14:00",3,"FL",12,0,0,0,0,20000,0,30.7768,-85.7261,30.7776,-85.7072,1.12,70,1,1,1,59,0,0,0,0
621945,2022,10,29,"2022-10-29","11:35:00",3,"FL",12,0,0,0,0,0,0,30.393,-86.5927,30.3943,-86.5926,0.08,20,1,1,1,91,0,0,0,0
621946,2022,10,29,"2022-10-29","13:20:00",3,"MS",28,0,1,0,0,0,0,30.4074,-88.5116,30.4467,-88.5223,2.79,250,1,1,1,59,0,0,0,0
621947,2022,10,29,"2022-10-29","13:28:00",3,"MS",28,0,1,0,0,5000,0,30.5976,-88.6424,30.6116,-88.6535,1.25,150,1,1,1,59,0,0,0,0
621948,2022,10,29,"2022-10-29","15:27:00",3,"MS",28,0,1,0,0,10000,0,30.617,-88.4942,30.6323,-88.4962,1.06,50,1,1,1,59,0,0,0,0
621949,2022,10,29,"2022-10-29","16:03:00",3,"AL",1,0,0,0,0,0,0,30.516,-88.1968,30.5427,-88.1978,1.84,20,1,1,1,97,0,0,0,0
621950,2022,10,29,"2022-10-29","16:10:00",3,"AL",1,0,0,0,0,0,0,30.3159,-87.7587,30.3232,-87.7585,0.5,20,1,1,1,3,0,0,0,0
621951,2022,10,29,"2022-10-29","16:16:00",3,"AL",1,0,1,0,0,0,0,30.3638,-87.7665,30.3703,-87.773,0.59,40,1,1,1,3,0,0,0,0
621952,2022,10,29,"2022-10-29","16:23:00",3,"AL",1,0,0,0,0,0,0,30.613,-88.0551,30.6488,-88.0721,2.67,110,1,1,1,97,0,0,0,0
621953,2022,10,29,"2022-10-29","16:33:00",3,"MS",28,0,-9,0,0,0,0,30.6877,-88.5766,30.7287,-88.577,2.83,25,1,1,1,59,0,0,0,0
621954,2022,10,29,"2022-10-29","17:40:00",3,"AL",1,0,1,0,0,0,0,30.537,-88.2623,30.6075,-88.2537,4.9,250,1,1,1,97,0,0,0,0
621955,2022,10,29,"2022-10-29","17:50:00",3,"AL",1,0,1,0,0,0,0,30.2785,-87.7249,30.3144,-87.7262,2.48,110,1,1,1,3,0,0,0,0
621956,2022,10,29,"2022-10-29","17:57:00",3,"AL",1,0,0,0,0,0,0,30.7087,-88.1346,30.739,-88.1271,2.14,10,1,1,1,97,0,0,0,0
621957,2022,10,29,"2022-10-29","18:09:00",3,"AL",1,0,0,0,0,0,0,30.713,-88.1879,30.7483,-88.1846,2.45,180,1,1,1,97,0,0,0,0
621958,2022,10,29,"2022-10-29","19:51:00",3,"AL",1,0,0,0,0,0,0,30.4426,-87.9109,30.4429,-87.9109,0.02,20,1,1,1,3,0,0,0,0
621959,2022,10,29,"2022-10-29","20:19:00",3,"AL",1,0,0,0,0,0,0,30.6028,-87.894,30.6108,-87.8901,0.6,20,1,1,1,3,0,0,0,0
621960,2022,10,29,"2022-10-29","20:29:00",3,"AL",1,0,1,0,0,0,0,30.6688,-87.8956,30.6723,-87.8944,0.25,20,1,1,1,3,0,0,0,0
621925,2022,10,3,"2022-10-03","13:37:00",3,"AZ",4,0,1,0,0,350000,0,35.36,-112.2108,35.3631,-112.199,0.7,30,1,1,1,5,0,0,0,0
621926,2022,10,8,"2022-10-08","15:25:00",3,"CA",6,0,0,0,0,0,0,33.7,-117.213,33.7024,-117.1861,1.56,50,1,1,1,65,0,0,0,0
621993,2022,11,11,"2022-11-11","14:43:00",3,"VA",51,0,0,0,0,60000,0,37.95,-77.11,37.99,-77.1,2.87,150,1,1,1,97,33,0,0,0
621994,2022,11,11,"2022-11-11","14:59:00",3,"VA",51,0,0,0,0,15000,0,36.93,-77.62,36.96,-77.615,2.09,50,1,1,1,53,0,0,0,0
621995,2022,11,26,"2022-11-26","14:18:00",3,"LA",22,0,1,0,0,35000,0,29.8714,-90.4417,29.88,-90.4357,0.69,200,1,1,1,89,0,0,0,0
621996,2022,11,29,"2022-11-29","16:23:00",3,"MS",28,0,1,0,0,15000,0,31.3824,-90.0697,31.4009,-90.0444,2,200,1,1,1,77,0,0,0,0
621997,2022,11,29,"2022-11-29","17:03:00",3,"MS",28,0,0,0,0,5000,0,31.4257,-89.8311,31.445,-89.7791,3.35,70,1,1,1,65,91,65,0,0
621998,2022,11,29,"2022-11-29","17:11:00",3,"MS",28,0,1,0,0,1e+05,0,33.4605,-89.2425,33.49,-89.1303,6.8,330,1,1,1,19,0,0,0,0
621999,2022,11,29,"2022-11-29","17:13:00",3,"MS",28,0,1,0,0,60000,0,31.4597,-89.7572,31.4852,-89.6994,3.86,400,1,1,1,65,0,0,0,0
622000,2022,11,29,"2022-11-29","18:03:00",3,"LA",22,0,3,1,0,450000,0,31.9743,-92.0655,32.0197,-91.9417,7.9,300,1,1,1,21,0,0,0,0
622001,2022,11,29,"2022-11-29","18:26:00",3,"MS",28,0,2,0,0,1e+06,0,33.5832,-88.4231,33.6137,-88.2838,8.42,1100,1,1,1,87,0,0,0,0
622002,2022,11,29,"2022-11-29","18:30:00",3,"MS",28,0,2,0,0,450000,0,31.8464,-89.2062,31.9586,-89.0584,11.81,330,1,1,1,61,0,0,0,0
622003,2022,11,29,"2022-11-29","18:47:00",3,"MS",28,0,1,0,0,11000,0,33.1509,-89.1935,33.2066,-89.1403,5.06,300,1,1,1,159,19,0,0,0
622004,2022,11,29,"2022-11-29","19:06:00",3,"LA",22,0,-9,0,0,0,0,32.2898,-91.3668,32.2954,-91.3489,1.12,10,1,1,1,65,0,0,0,0
622005,2022,11,29,"2022-11-29","19:32:00",3,"LA",22,0,-9,0,0,0,0,32.3972,-91.0795,32.4001,-91.0735,0.4,10,1,1,1,65,0,0,0,0
622006,2022,11,29,"2022-11-29","19:35:00",3,"MS",28,0,1,0,0,3000,0,33.3312,-88.6363,33.3625,-88.6155,2.47,250,1,1,1,87,0,0,0,0
622007,2022,11,29,"2022-11-29","21:44:00",3,"AL",1,0,1,0,0,0,0,32.8445,-87.9401,32.9362,-87.627,19.26,1200,1,1,1,63,65,63,65,0
622008,2022,11,30,"2022-11-30","00:28:00",3,"AL",1,0,0,0,0,0,0,33.6237,-87.383,33.6122,-87.3514,1.99,50,1,1,1,127,0,0,0,0
622009,2022,11,30,"2022-11-30","00:42:00",3,"MS",28,0,1,0,0,2e+05,0,31.1033,-90.6101,31.117,-90.4469,9.71,250,1,1,1,5,113,0,0,0
622010,2022,11,30,"2022-11-30","00:57:00",3,"AL",1,0,0,0,0,0,0,33.9149,-86.6725,33.9156,-86.6126,3.46,500,1,1,1,9,0,0,0,0
622011,2022,11,30,"2022-11-30","01:11:00",3,"AL",1,0,1,0,0,0,0,32.0608,-87.9057,32.1638,-87.6753,15.49,535,1,1,1,91,0,0,0,0
622012,2022,11,30,"2022-11-30","01:37:00",3,"AL",1,0,0,0,0,0,0,33.6806,-86.064,33.6878,-86.0539,0.79,300,1,1,1,15,0,0,0,0
622013,2022,11,30,"2022-11-30","01:49:00",3,"MS",28,0,2,0,0,150000,0,31.1649,-89.8896,31.1585,-89.7895,5.99,150,1,1,1,91,0,0,0,0
622014,2022,11,30,"2022-11-30","02:27:00",3,"MS",28,0,3,0,0,0,0,31.3351,-88.5049,31.3714,-88.1853,19.03,500,2,0,1,0,0,0,0,0
622014,2022,11,30,"2022-11-30","02:27:00",3,"MS",28,0,1,0,0,0,0,31.3351,-88.5049,31.339,-88.444,3.6,500,2,1,2,41,0,0,0,0
622014,2022,11,30,"2022-11-30","02:30:00",3,"AL",1,0,3,0,0,0,0,31.339,-88.444,31.3714,-88.1853,15.43,500,2,1,2,129,0,0,0,0
622015,2022,11,30,"2022-11-30","03:14:00",3,"AL",1,0,2,2,2,0,0,32.4385,-86.3318,32.4758,-86.1688,9.85,700,1,1,1,51,101,51,0,0
622016,2022,11,30,"2022-11-30","03:38:00",3,"AL",1,0,2,0,0,0,0,32.4892,-86.0017,32.5071,-85.8966,6.26,400,1,1,1,51,0,0,0,0
622017,2022,11,30,"2022-11-30","05:42:00",3,"AL",1,0,0,0,0,0,0,31.8216,-85.7711,31.8181,-85.7474,1.42,150,1,1,1,109,0,0,0,0
622018,2022,11,30,"2022-11-30","05:45:00",3,"AL",1,0,0,0,0,0,0,31.6823,-85.7535,31.6881,-85.742,0.79,150,1,1,1,109,0,0,0,0
622019,2022,11,30,"2022-11-30","06:06:00",3,"AL",1,0,0,0,0,0,0,31.7385,-85.4857,31.7409,-85.3736,6.6,300,1,1,1,5,0,0,0,0
622020,2022,11,30,"2022-11-30","06:42:00",3,"AL",1,0,1,0,0,40000,0,31.1386,-85.5845,31.1258,-85.5582,1.79,50,1,1,1,61,0,0,0,0
622021,2022,11,30,"2022-11-30","08:26:00",3,"GA",13,0,0,0,0,5000,0,31.22,-83.99,31.2205,-83.9896,0.04,25,1,1,1,71,0,0,0,0
622022,2022,11,30,"2022-11-30","08:38:00",3,"GA",13,0,-9,0,0,0,0,31.23,-83.89,31.23,-83.89,0.01,25,1,1,1,71,0,0,0,0
621961,2022,11,4,"2022-11-04","12:30:00",3,"OK",40,0,1,0,0,75000,0,33.912,-96.458,33.948,-96.425,3.4,40,1,1,1,13,0,0,0,0
621962,2022,11,4,"2022-11-04","15:16:00",3,"TX",48,0,4,11,0,5900000,0,33.5995,-95.749,34.117,-95.296,44.71,1700,2,0,1,0,0,0,0,0
621962,2022,11,4,"2022-11-04","15:16:00",3,"TX",48,0,4,10,0,5e+06,0,33.5995,-95.749,33.888,-95.4637,25.91,1350,2,1,2,277,0,0,0,0
621962,2022,11,4,"2022-11-04","15:46:00",3,"OK",40,0,2,1,0,9e+05,0,33.888,-95.464,34.117,-95.296,18.8,1700,2,1,2,23,0,0,0,0
621963,2022,11,4,"2022-11-04","16:08:00",3,"TX",48,0,1,0,0,20000,0,32.9545,-95.7928,32.9988,-95.7388,4.38,150,1,1,1,379,223,0,0,0
621964,2022,11,4,"2022-11-04","16:15:00",3,"TX",48,0,2,0,0,1e+06,0,33.0072,-95.7297,33.0397,-95.698,2.9,160,1,1,1,223,0,0,0,0
621965,2022,11,4,"2022-11-04","16:35:00",3,"TX",48,0,2,0,0,3e+06,0,32.108,-96.0044,32.2438,-95.8046,15.05,150,1,1,1,213,0,0,0,0
621966,2022,11,4,"2022-11-04","16:46:00",3,"OK",40,0,2,1,1,3e+05,0,34.3908,-94.9909,34.4237,-94.9612,2.83,800,1,1,1,89,0,0,0,0
621967,2022,11,4,"2022-11-04","16:51:00",3,"OK",40,0,1,0,0,70000,0,34.4578,-94.9439,34.598,-94.843,11.3,1600,1,1,1,89,79,0,0,0
621968,2022,11,4,"2022-11-04","17:15:00",3,"TX",48,0,4,13,0,3.7e+07,0,33.5047,-95.2418,34.1263,-94.5078,60.23,1056,2,0,1,0,0,0,0,0
621968,2022,11,4,"2022-11-04","17:15:00",3,"TX",48,0,4,7,0,2e+06,0,33.5047,-95.2418,33.8055,-94.9175,27.93,1056,2,1,2,387,0,0,0,0
621969,2022,11,4,"2022-11-04","17:33:00",3,"OK",40,0,1,0,0,75000,0,34.871,-94.589,34.945,-94.519,6.5,900,1,1,1,79,0,0,0,0
621970,2022,11,4,"2022-11-04","17:38:00",3,"TX",48,0,1,0,0,0,0,32.9458,-94.8712,32.9701,-94.8461,2.22,350,1,1,1,63,0,0,0,0
621968,2022,11,4,"2022-11-04","17:44:00",3,"OK",40,0,4,6,0,3.5e+07,0,33.8055,-94.9175,34.1263,-94.5078,32.3,1056,2,1,2,89,0,0,0,0
621971,2022,11,4,"2022-11-04","17:44:00",3,"TX",48,0,3,8,1,5e+06,0,33.0218,-94.8157,33.2064,-94.6241,16.91,650,1,1,1,343,67,0,0,0
621972,2022,11,4,"2022-11-04","17:53:00",3,"AR",5,0,1,0,0,2000,0,35.829,-94.054,35.901,-93.98,6.5,1000,1,1,1,143,0,0,0,0
621973,2022,11,4,"2022-11-04","17:58:00",3,"AR",5,0,1,0,0,4e+05,0,35.019,-94.272,35.097,-94.242,5.8,1000,1,1,1,131,0,0,0,0
621974,2022,11,4,"2022-11-04","18:17:00",3,"TX",48,0,3,0,0,7e+06,0,33.3163,-94.5625,33.506,-94.4142,15.65,800,1,1,1,37,0,0,0,0
621975,2022,11,4,"2022-11-04","18:20:00",3,"AR",5,0,0,0,0,30000,0,36.115,-93.697,36.132,-93.687,1.3,150,1,1,1,87,0,0,0,0
621976,2022,11,4,"2022-11-04","18:22:00",3,"AR",5,0,-9,0,0,0,0,35.228,-94.099,35.232,-94.055,2.5,150,1,1,1,131,47,0,0,0
621977,2022,11,4,"2022-11-04","18:37:00",3,"TX",48,0,2,0,0,2e+06,0,32.9829,-94.645,33.1882,-94.4096,19.67,700,1,1,1,67,0,0,0,0
621978,2022,11,4,"2022-11-04","18:38:00",3,"AR",5,0,1,0,0,75000,0,35.34,-93.913,35.356,-93.859,3.3,350,1,1,1,47,0,0,0,0
621979,2022,11,4,"2022-11-04","18:41:00",3,"AR",5,0,0,0,0,25000,0,35.37,-93.9,35.375,-93.871,1.7,150,1,1,1,47,0,0,0,0
621980,2022,11,4,"2022-11-04","18:43:00",3,"AR",5,0,1,0,0,0,0,34.2862,-94.3135,34.3009,-94.2868,1.8,200,1,1,1,113,0,0,0,0
621981,2022,11,4,"2022-11-04","18:43:00",3,"AR",5,0,1,0,0,2e+05,0,36.307,-93.489,36.391,-93.377,8.5,1100,1,1,1,15,0,0,0,0
621982,2022,11,4,"2022-11-04","18:46:00",3,"AR",5,0,1,0,0,0,0,35.416,-93.829,35.428,-93.777,3.1,1100,1,1,1,47,83,47,0,0
621983,2022,11,4,"2022-11-04","19:37:00",3,"AR",5,0,2,0,0,2e+05,0,34.0178,-93.9763,34.0988,-93.873,8.14,200,1,1,1,61,0,0,0,0
621984,2022,11,4,"2022-11-04","19:49:00",3,"AR",5,0,1,0,0,0,0,34.8638,-93.6553,34.9001,-93.6071,3.7,600,1,1,1,149,0,0,0,0
621985,2022,11,4,"2022-11-04","20:08:00",3,"AR",5,0,2,0,0,0,0,34.2297,-93.6332,34.2476,-93.6141,1.7,75,1,1,1,109,0,0,0,0
621986,2022,11,4,"2022-11-04","20:15:00",3,"AR",5,0,1,0,0,0,0,35.0074,-93.3366,35.0363,-93.3161,2.3,100,1,1,1,149,0,0,0,0
621987,2022,11,4,"2022-11-04","21:00:00",3,"AR",5,0,1,0,0,0,0,33.9722,-93.0618,34.0538,-92.9763,7.7,200,1,1,1,19,0,0,0,0
621988,2022,11,4,"2022-11-04","21:27:00",3,"AR",5,0,1,0,0,0,0,34.268,-92.8255,34.2723,-92.8218,0.4,150,1,1,1,59,0,0,0,0
621989,2022,11,4,"2022-11-04","21:57:00",3,"LA",22,0,0,0,0,3000,0,32.3166,-93.9581,32.3179,-93.9365,1.26,70,1,1,1,17,0,0,0,0
621990,2022,11,4,"2022-11-04","22:04:00",3,"AR",5,0,2,0,0,0,0,34.5138,-92.4014,34.5267,-92.3778,1.6,200,1,1,1,125,0,0,0,0
621991,2022,11,5,"2022-11-05","10:06:00",3,"IL",17,0,0,0,0,0,0,41.7172,-88.5733,41.7674,-88.5499,3.7,100,1,1,1,93,89,0,0,0
621992,2022,11,8,"2022-11-08","15:40:00",3,"CA",6,0,0,0,0,0,0,38.33,-121.32,38.33,-121.32,0.8,400,1,1,1,67,0,0,0,0
622023,2022,12,12,"2022-12-12","21:21:00",3,"OK",40,0,-9,0,0,0,0,36.6188,-100.6606,36.629,-100.6426,1.22,50,1,1,1,7,0,0,0,0
622024,2022,12,12,"2022-12-12","21:38:00",3,"OK",40,0,0,0,0,0,0,36.6843,-100.524,36.6885,-100.5133,0.66,50,1,1,1,7,0,0,0,0
622025,2022,12,13,"2022-12-13","00:13:00",3,"OK",40,0,-9,0,0,0,0,35.158,-99.91,35.158,-99.91,0.2,40,1,1,1,9,0,0,0,0
622026,2022,12,13,"2022-12-13","04:24:00",3,"OK",40,0,1,0,0,3000,0,34.523,-97.973,34.525,-97.968,0.32,50,1,1,1,137,0,0,0,0
622027,2022,12,13,"2022-12-13","04:51:00",3,"OK",40,0,2,0,0,75000,0,34.741,-97.746,34.743,-97.736,0.6,50,1,1,1,51,0,0,0,0
622028,2022,12,13,"2022-12-13","05:27:00",3,"OK",40,0,2,0,0,80000,0,34.91,-97.318,34.969,-97.271,4.9,300,1,1,1,87,27,0,0,0
622029,2022,12,13,"2022-12-13","05:35:00",3,"TX",48,0,2,0,0,0,0,32.2965,-98.6678,32.3764,-98.503,11.13,355,1,1,1,133,0,0,0,0
622030,2022,12,13,"2022-12-13","05:46:00",3,"OK",40,0,0,0,0,5000,0,34.938,-97.116,34.944,-97.11,0.6,30,1,1,1,125,0,0,0,0
622031,2022,12,13,"2022-12-13","05:55:00",3,"OK",40,0,1,0,0,5000,0,34.511,-97.34,34.553,-97.287,4.2,100,1,1,1,49,0,0,0,0
622032,2022,12,13,"2022-12-13","06:10:00",3,"TX",48,0,0,0,0,0,0,32.8785,-98.0565,32.8848,-98.0397,1.07,50,1,1,1,367,0,0,0,0
622033,2022,12,13,"2022-12-13","06:31:00",3,"TX",48,0,1,0,0,0,0,32.5735,-98.138,32.6076,-98.0891,3.7,230,1,1,1,363,0,0,0,0
622034,2022,12,13,"2022-12-13","06:59:00",3,"TX",48,0,2,2,0,0,0,33.1195,-97.6563,33.2154,-97.5338,9.71,370,1,1,1,497,0,0,0,0
622035,2022,12,13,"2022-12-13","07:00:00",3,"TX",48,0,0,0,0,0,0,32.7259,-97.8788,32.7289,-97.8672,0.71,50,1,1,1,367,0,0,0,0
622036,2022,12,13,"2022-12-13","07:34:00",3,"TX",48,0,1,0,0,0,0,32.3331,-98.0242,32.3359,-98.0134,0.66,44,1,1,1,143,0,0,0,0
622037,2022,12,13,"2022-12-13","07:44:00",3,"TX",48,0,0,0,0,30000,0,33.7232,-97.0697,33.7265,-97.0631,0.44,150,1,1,1,97,0,0,0,0
622038,2022,12,13,"2022-12-13","08:10:00",3,"TX",48,0,0,0,0,50000,0,32.7693,-97.4337,32.7778,-97.4245,0.81,25,1,1,1,439,0,0,0,0
622039,2022,12,13,"2022-12-13","08:14:00",3,"TX",48,0,1,0,0,1000,0,32.7945,-97.4096,32.797,-97.4085,0.18,40,1,1,1,439,0,0,0,0
622040,2022,12,13,"2022-12-13","08:18:00",3,"TX",48,0,0,0,0,1000,0,32.8294,-97.3387,32.8316,-97.3334,0.34,25,1,1,1,439,0,0,0,0
622041,2022,12,13,"2022-12-13","08:34:00",3,"TX",48,0,1,0,0,0,0,32.8863,-97.2055,32.9041,-97.1819,1.85,40,1,1,1,439,0,0,0,0
622042,2022,12,13,"2022-12-13","08:42:00",3,"TX",48,0,1,5,0,0,0,32.9282,-97.1016,32.9587,-97.0628,3.11,150,1,1,1,439,0,0,0,0
622043,2022,12,13,"2022-12-13","08:49:00",3,"TX",48,0,1,0,0,0,0,32.965,-97.044,32.9747,-97.0381,0.75,100,1,1,1,439,0,0,0,0
622044,2022,12,13,"2022-12-13","09:47:00",3,"TX",48,0,2,2,0,0,0,33.2981,-96.4287,33.4412,-96.1858,17.61,225,1,1,1,85,147,0,0,0
622045,2022,12,13,"2022-12-13","10:12:00",3,"TX",48,0,1,0,0,0,0,33.3566,-96.1333,33.4217,-96.0528,6.6,50,1,1,1,231,147,0,0,0
622046,2022,12,13,"2022-12-13","10:45:00",3,"TX",48,0,2,0,0,0,0,33.6144,-95.8268,33.6895,-95.6763,10.21,200,1,1,1,277,0,0,0,0
622047,2022,12,13,"2022-12-13","15:38:00",3,"TX",48,0,2,0,0,85000,0,32.3323,-94.2154,32.4211,-94.0992,9.15,460,1,1,1,365,203,0,0,0
622048,2022,12,13,"2022-12-13","16:36:00",3,"LA",22,0,2,2,2,5e+05,0,32.221,-94.0102,32.2569,-93.969,3.46,700,1,1,1,17,0,0,0,0
622049,2022,12,13,"2022-12-13","20:23:00",3,"LA",22,0,3,14,0,1200000,0,32.772,-92.4683,32.8477,-92.3409,9.06,500,1,1,1,111,0,0,0,0
622050,2022,12,13,"2022-12-13","22:26:00",3,"LA",22,0,1,0,0,40000,0,31.0599,-92.5369,31.0927,-92.511,2.74,100,1,1,1,79,0,0,0,0
622051,2022,12,13,"2022-12-13","22:31:00",3,"LA",22,0,1,0,0,75000,0,31.1208,-92.4855,31.2095,-92.4185,7.3,150,1,1,1,79,0,0,0,0
622052,2022,12,13,"2022-12-13","23:11:00",3,"MS",28,0,2,3,0,3200000,3e+05,32.97,-90.84,32.98,-90.82,1.06,250,1,1,1,125,0,0,0,0
622053,2022,12,13,"2022-12-13","23:21:00",3,"MS",28,0,2,0,0,412000,40000,32.6,-91,32.7,-90.87,10.26,400,1,1,1,55,125,0,0,0
622054,2022,12,13,"2022-12-13","23:56:00",3,"MS",28,0,1,0,0,115000,50000,33.24,-90.5,33.27,-90.46,3.15,200,1,1,1,53,0,0,0,0
622055,2022,12,14,"2022-12-14","01:04:00",3,"MS",28,0,0,0,0,0,5000,33.12,-90.19,33.19,-90.14,5.91,100,1,1,1,51,0,0,0,0
622056,2022,12,14,"2022-12-14","05:16:00",3,"MS",28,0,0,0,0,0,5000,32.08,-90.32,32.09,-90.31,0.8,70,1,1,1,49,0,0,0,0
622057,2022,12,14,"2022-12-14","09:25:00",3,"LA",22,0,-9,0,0,0,0,30.7663,-92.2172,30.7663,-92.2172,0.01,1,1,1,1,39,0,0,0,0
622058,2022,12,14,"2022-12-14","10:49:00",3,"LA",22,0,2,16,0,5e+05,0,29.9533,-91.8382,30.0009,-91.7708,5.2,300,1,1,1,45,0,0,0,0
622059,2022,12,14,"2022-12-14","10:52:00",3,"LA",22,0,-9,0,0,0,0,29.9523,-91.8281,29.955,-91.8267,0.2,10,1,1,1,45,0,0,0,0
622060,2022,12,14,"2022-12-14","12:10:00",3,"LA",22,0,1,0,0,5000,0,30.5782,-90.3747,30.6225,-90.3251,4.25,50,1,1,1,105,0,0,0,0
622061,2022,12,14,"2022-12-14","14:21:00",3,"LA",22,0,2,8,1,250000,0,29.9916,-90.4992,30.0342,-90.4375,4.72,75,1,1,1,89,0,0,0,0
622062,2022,12,14,"2022-12-14","15:02:00",3,"LA",22,0,0,0,0,1e+05,0,29.5651,-90.7226,29.5823,-90.7041,1.63,50,1,1,1,109,0,0,0,0
622063,2022,12,14,"2022-12-14","15:17:00",3,"AL",1,0,1,0,0,0,0,32.3698,-88.2732,32.4133,-88.2201,4.4,225,1,1,1,119,0,0,0,0
622064,2022,12,14,"2022-12-14","15:49:00",3,"LA",22,0,2,10,0,1.5e+08,0,29.8773,-90.1239,29.9668,-89.9804,10.59,200,1,1,1,51,71,87,0,0
622065,2022,12,14,"2022-12-14","15:57:00",3,"MS",28,0,0,0,0,5000,0,30.725,-89.3626,30.738,-89.3502,1.16,50,1,1,1,109,0,0,0,0
622066,2022,12,14,"2022-12-14","17:40:00",3,"AL",1,0,2,0,0,0,0,31.68,-88.214,31.7201,-88.182,3.36,140,1,1,1,129,23,0,0,0
622067,2022,12,14,"2022-12-14","17:49:00",3,"AL",1,0,2,0,0,0,0,31.7296,-88.1707,31.7489,-88.1505,1.79,120,1,1,1,23,0,0,0,0
622068,2022,12,14,"2022-12-14","17:52:00",3,"MS",28,0,1,0,0,0,0,30.3908,-88.9702,30.4163,-88.9451,2.31,100,1,1,1,47,0,0,0,0
622069,2022,12,14,"2022-12-14","18:54:00",3,"FL",12,0,0,0,0,0,0,30.07,-84.92,30.12,-84.905,3.57,25,1,1,1,77,0,0,0,0
622070,2022,12,14,"2022-12-14","19:54:00",3,"FL",12,0,0,0,0,0,0,29.9233,-84.7343,29.9281,-84.7338,0.33,210,1,1,1,37,0,0,0,0
622071,2022,12,14,"2022-12-14","20:29:00",3,"FL",12,0,1,0,0,50000,0,30.053,-84.548,30.114,-84.484,5.69,75,1,1,1,129,0,0,0,0
622072,2022,12,14,"2022-12-14","20:55:00",3,"FL",12,0,0,0,0,0,0,30.678,-86.029,30.7,-86.02,1.61,25,1,1,1,131,0,0,0,0
622073,2022,12,14,"2022-12-14","21:14:00",3,"FL",12,0,0,0,0,0,0,30.274,-84.348,30.292,-84.334,1.5,25,1,1,1,129,0,0,0,0
622074,2022,12,15,"2022-12-15","04:27:00",3,"GA",13,0,2,0,0,1e+06,0,31.3039,-83.9463,31.329,-83.9309,1.96,280,1,1,1,71,0,0,0,0
622075,2022,12,15,"2022-12-15","11:16:00",3,"LA",22,0,1,0,0,20000,0,30.112,-91.639,30.113,-91.638,0.09,50,1,1,1,99,0,0,0,0
622076,2022,12,15,"2022-12-15","14:48:00",3,"FL",12,0,1,0,0,1e+05,0,28.431,-82.4729,28.4681,-82.3088,10.3,100,1,1,1,101,53,0,0,0
622077,2022,12,15,"2022-12-15","16:01:00",3,"FL",12,0,1,2,0,5e+05,0,27.7744,-82.7345,27.782,-82.705,1.88,100,1,1,1,103,0,0,0,0
622078,2022,12,15,"2022-12-15","19:15:00",3,"FL",12,0,0,0,0,0,0,27.07,-82.22,27.0724,-82.2132,0.14,100,1,1,1,115,0,0,0,0
622079,2022,12,29,"2022-12-29","16:08:00",3,"TX",48,0,1,0,0,15000,0,30.584,-94.2611,30.59,-94.26,0.42,75,1,1,1,457,0,0,0,0
622080,2022,12,30,"2022-12-30","06:52:00",3,"MS",28,0,1,0,0,52000,48000,31.38,-90.55,31.39,-90.41,8.29,100,1,1,1,85,0,0,0,0
620968,2022,1,15,"2022-01-15","23:22:00",3,"FL",12,0,1,0,0,75000,0,29.7986,-84.6027,29.8282,-84.5745,2.65,50,1,1,1,37,0,0,0,0
620969,2022,1,16,"2022-01-16","05:37:00",3,"FL",12,0,1,0,0,5e+05,0,26.8299,-82.2635,26.8412,-82.2542,0.97,50,1,1,1,15,0,0,0,0
620970,2022,1,16,"2022-01-16","06:15:00",3,"FL",12,0,1,0,0,150000,0,26.9185,-82.2206,26.9262,-82.2187,0.54,50,1,1,1,15,0,0,0,0
620971,2022,1,16,"2022-01-16","06:32:00",3,"FL",12,0,2,0,0,1e+07,0,26.4817,-81.986,26.5616,-81.9159,7.01,125,1,1,1,71,0,0,0,0
620972,2022,1,16,"2022-01-16","08:04:00",3,"FL",12,0,0,0,0,0,0,26.62,-82,26.625,-81.995,0.46,50,1,1,1,71,0,0,0,0
620973,2022,1,16,"2022-01-16","08:07:00",3,"FL",12,0,0,1,0,20000,0,26.02,-81.767,26.16,-81.59,15,75,1,1,1,21,0,0,0,0
620974,2022,1,16,"2022-01-16","09:53:00",3,"FL",12,0,0,0,0,0,0,25.86,-81.41,25.91,-81.34,5.5,75,1,1,1,21,0,0,0,0
620938,2022,1,1,"2022-01-01","09:21:00",3,"KY",21,0,2,0,0,6e+05,0,36.85,-87.4601,36.8457,-87.48,1.14,125,1,1,1,47,0,0,0,0
620939,2022,1,1,"2022-01-01","10:52:00",3,"KY",21,0,0,0,0,0,0,37.377,-85.986,37.381,-85.982,0.35,50,1,1,1,99,0,0,0,0
620940,2022,1,1,"2022-01-01","11:16:00",3,"KY",21,0,0,0,0,3000,0,36.6975,-87.0981,36.74,-87.01,5.88,100,1,1,1,219,141,0,0,0
620941,2022,1,1,"2022-01-01","11:22:00",3,"KY",21,0,1,0,0,0,0,37.373,-85.385,37.409,-85.278,6.38,100,1,1,1,217,0,0,0,0
620942,2022,1,1,"2022-01-01","11:49:00",3,"KY",21,0,1,0,0,0,0,37.574,-85.234,37.576,-85.23,0.26,50,1,1,1,155,0,0,0,0
620943,2022,1,1,"2022-01-01","11:52:00",3,"KY",21,0,0,0,0,0,0,36.943,-86.445,36.944,-86.438,0.39,75,1,1,1,227,0,0,0,0
620944,2022,1,1,"2022-01-01","12:00:00",3,"KY",21,0,1,0,0,0,0,37.373,-85.385,37.409,-85.278,6.38,350,1,1,1,217,0,0,0,0
620945,2022,1,1,"2022-01-01","12:17:00",3,"KY",21,0,1,0,0,0,0,37.043,-85.991,37.102,-85.814,10.57,150,1,1,1,9,0,0,0,0
620946,2022,1,1,"2022-01-01","12:49:00",3,"KY",21,0,1,0,0,0,0,37.797,-84.207,37.806,-84.177,1.75,125,1,1,1,151,0,0,0,0
620947,2022,1,1,"2022-01-01","12:59:00",3,"KY",21,0,1,0,0,40000,10000,37.827,-84.101,37.835,-84.084,1.1,140,1,1,1,65,0,0,0,0
620948,2022,1,1,"2022-01-01","16:04:00",3,"AL",1,0,1,0,0,50000,0,34.9631,-87.1858,35.0459,-86.9145,16.67,150,2,0,1,0,0,0,0,0
620948,2022,1,1,"2022-01-01","16:04:00",3,"AL",1,0,1,0,0,0,0,34.9631,-87.1858,34.9968,-87.0996,5.52,150,2,1,2,83,0,0,0,0
620948,2022,1,1,"2022-01-01","16:11:00",3,"TN",47,0,1,0,0,50000,0,34.9969,-87.1023,35.0459,-86.9145,11.15,150,2,1,2,55,0,0,0,0
620949,2022,1,1,"2022-01-01","18:03:00",3,"AL",1,0,0,0,0,0,0,34.7161,-87.6413,34.7246,-87.6063,2.09,60,1,1,1,33,0,0,0,0
620950,2022,1,1,"2022-01-01","18:15:00",3,"AL",1,0,0,1,0,0,0,34.9468,-86.5983,34.978,-86.4343,9.55,30,1,1,1,89,0,0,0,0
620951,2022,1,1,"2022-01-01","19:24:00",3,"AL",1,0,0,0,0,1000,0,34.5748,-86.7943,34.5901,-86.7325,3.68,150,1,1,1,83,89,0,0,0
620952,2022,1,2,"2022-01-02","13:02:00",3,"FL",12,0,0,0,0,50000,0,30.7388,-86.1598,30.7404,-86.1587,0.13,85,1,1,1,131,0,0,0,0
620953,2022,1,2,"2022-01-02","16:27:00",3,"GA",13,0,0,0,0,0,0,31.8658,-83.3347,31.8709,-83.3282,0.52,100,1,1,1,315,0,0,0,0
620954,2022,1,2,"2022-01-02","18:00:00",3,"GA",13,0,0,0,0,0,0,32.197,-82.4034,32.1995,-82.3968,0.42,100,1,1,1,279,0,0,0,0
620955,2022,1,3,"2022-01-03","06:21:00",3,"NC",37,0,0,0,0,1e+05,0,35.3957,-78.6977,35.3895,-78.7094,0.79,75,1,1,1,85,0,0,0,0
620956,2022,1,3,"2022-01-03","06:36:00",3,"NC",37,0,1,0,0,1500000,0,35.2145,-78.3624,35.2154,-78.3606,0.12,75,1,1,1,163,0,0,0,0
620957,2022,1,8,"2022-01-08","15:55:00",3,"TX",48,0,0,0,0,50000,0,29.9387,-95.339,29.9453,-95.3282,0.79,30,1,1,1,201,0,0,0,0
620958,2022,1,8,"2022-01-08","16:22:00",3,"TX",48,0,0,0,0,0,0,30.0425,-94.9065,30.0425,-94.9065,0.14,20,1,1,1,291,0,0,0,0
620959,2022,1,8,"2022-01-08","21:40:00",3,"TX",48,0,0,0,0,50000,0,30.3912,-95.6873,30.398,-95.6874,0.47,200,1,1,1,339,0,0,0,0
620960,2022,1,8,"2022-01-08","23:55:00",3,"TX",48,0,0,0,0,70000,0,29.7911,-95.5288,29.813,-95.5262,1.1,40,1,1,1,201,0,0,0,0
620961,2022,1,9,"2022-01-09","01:17:00",3,"TX",48,0,1,0,0,3e+05,0,29.97,-95.27,29.9985,-95.2542,2.18,40,1,1,1,201,0,0,0,0
620962,2022,1,9,"2022-01-09","01:25:00",3,"TX",48,0,1,0,0,2e+05,0,30.0249,-95.2359,30.0548,-95.2231,2.24,75,1,1,1,201,0,0,0,0
620963,2022,1,9,"2022-01-09","04:42:00",3,"LA",22,0,1,0,0,11000,0,31.3286,-93.4226,31.3309,-93.4195,0.24,100,1,1,1,85,0,0,0,0
620964,2022,1,9,"2022-01-09","04:53:00",3,"LA",22,0,2,6,0,1500000,0,31.4132,-93.3238,31.4535,-93.2862,3.56,900,1,1,1,85,0,0,0,0
620965,2022,1,9,"2022-01-09","16:37:00",3,"AL",1,0,0,0,0,0,0,31.894,-86.085,31.897,-86.08,0.36,100,1,1,1,109,0,0,0,0
620966,2022,1,9,"2022-01-09","16:47:00",3,"AL",1,0,0,0,0,0,0,31.5063,-86.9244,31.5085,-86.8861,2.3,25,1,1,1,35,0,0,0,0
620967,2022,1,9,"2022-01-09","17:20:00",3,"AL",1,0,0,0,0,0,0,31.5312,-86.7063,31.5342,-86.6897,1,25,1,1,1,13,0,0,0,0
620980,2022,2,17,"2022-02-17","16:14:00",3,"AL",1,0,1,0,0,0,0,33.595,-87.541,33.628,-87.498,3.37,475,1,1,1,125,57,0,0,0
620981,2022,2,17,"2022-02-17","16:53:00",3,"AL",1,0,1,0,0,0,0,33.645,-87,33.686,-86.937,4.65,1100,1,1,1,73,0,0,0,0
620982,2022,2,17,"2022-02-17","18:08:00",3,"AL",1,0,1,0,0,0,0,33.4284,-86.6744,33.551,-86.512,12.64,400,1,1,1,117,73,115,0,0
620983,2022,2,22,"2022-02-22","05:24:00",3,"AR",5,0,0,0,0,0,0,35.7138,-90.7422,35.7285,-90.6956,2.81,50,1,1,1,31,0,0,0,0
620984,2022,2,22,"2022-02-22","06:28:00",3,"KY",21,0,0,0,0,50000,0,36.5285,-89.0568,36.5384,-89.055,0.69,100,1,1,1,75,0,0,0,0
620985,2022,2,22,"2022-02-22","19:22:00",3,"AL",1,0,0,0,0,0,0,34.9021,-86.597,34.9043,-86.5419,3.13,110,1,1,1,89,0,0,0,0
620975,2022,2,3,"2022-02-03","12:52:00",3,"AL",1,0,2,0,0,0,0,32.3565,-88.3857,32.5009,-88.1832,15.47,900,1,1,1,119,0,0,0,0
620976,2022,2,3,"2022-02-03","13:38:00",3,"AL",1,0,2,8,1,0,0,32.6331,-87.9639,32.8585,-87.6089,25.87,1700,1,1,1,63,65,0,0,0
620977,2022,2,3,"2022-02-03","14:30:00",3,"AL",1,0,2,0,0,0,0,32.9317,-87.4539,33.0309,-87.405,7.6,725,1,1,1,65,7,125,0,0
620978,2022,2,3,"2022-02-03","17:02:00",3,"AL",1,0,0,0,0,0,0,32.6449,-86.3553,32.6659,-86.3292,2.13,100,1,1,1,51,0,0,0,0
620979,2022,2,3,"2022-02-03","17:33:00",3,"AL",1,0,0,0,0,0,0,32.6722,-85.9251,32.6743,-85.9228,0.2,100,1,1,1,51,0,0,0,0
621026,2022,3,11,"2022-03-11","15:24:00",3,"FL",12,0,0,0,0,1000,0,27.2221,-80.2367,27.2228,-80.2349,0.12,40,1,1,1,85,0,0,0,0
621027,2022,3,12,"2022-03-12","06:45:00",3,"FL",12,0,1,0,0,0,0,29.0497,-82.461,29.1817,-82.0462,26.65,65,1,1,1,83,0,0,0,0
621028,2022,3,12,"2022-03-12","07:06:00",3,"FL",12,0,1,0,0,50000,0,28.4946,-82.6674,28.5189,-82.5759,5.8,100,1,1,1,53,0,0,0,0
621029,2022,3,12,"2022-03-12","08:03:00",3,"FL",12,0,1,0,0,0,0,29.3624,-81.5563,29.3841,-81.472,5.29,70,1,1,1,107,0,0,0,0
621030,2022,3,12,"2022-03-12","10:45:00",3,"FL",12,0,1,0,0,0,0,27.46,-81.26,27.4644,-81.2506,0.65,50,1,1,1,55,0,0,0,0
621031,2022,3,12,"2022-03-12","11:09:00",3,"FL",12,0,0,0,0,1000,0,26.4508,-81.952,26.4512,-81.9518,0.03,50,1,1,1,71,0,0,0,0
621032,2022,3,14,"2022-03-14","17:10:00",3,"TX",48,0,1,0,0,1e+05,0,33.3686,-96.3091,33.3914,-96.2599,3.28,150,1,1,1,147,0,0,0,0
621033,2022,3,14,"2022-03-14","22:50:00",3,"TX",48,0,0,0,0,15000,0,29.405,-95.1484,29.4064,-95.1468,0.14,30,1,1,1,167,0,0,0,0
621034,2022,3,16,"2022-03-16","12:22:00",3,"FL",12,0,1,1,0,1e+06,0,27.3298,-82.5419,27.3459,-82.5228,1.5,100,1,1,1,115,0,0,0,0
621035,2022,3,18,"2022-03-18","11:28:00",3,"FL",12,0,1,0,0,361000,0,30.6823,-86.7515,30.6903,-86.728,1.5,50,1,1,1,91,0,0,0,0
621036,2022,3,18,"2022-03-18","14:38:00",3,"FL",12,0,1,0,0,0,0,30.6645,-86.0182,30.6621,-86.0048,0.81,25,1,1,1,131,0,0,0,0
621037,2022,3,18,"2022-03-18","14:39:00",3,"MO",29,0,0,0,0,0,0,36.5107,-89.6882,36.5157,-89.677,0.71,50,1,1,1,143,0,0,0,0
621038,2022,3,18,"2022-03-18","17:16:00",3,"FL",12,0,2,0,0,5e+05,0,30.1705,-85.7128,30.185,-85.691,1.64,75,1,1,1,5,0,0,0,0
621039,2022,3,18,"2022-03-18","18:06:00",3,"IN",18,0,1,0,0,0,0,38.556,-86.178,38.606,-86.101,5.5,200,1,1,1,175,0,0,0,0
621040,2022,3,18,"2022-03-18","20:20:00",3,"KY",21,0,0,0,0,0,0,37.807,-86.273,37.834,-86.24,2.6,80,1,1,1,27,0,0,0,0
621041,2022,3,18,"2022-03-18","20:38:00",3,"KY",21,0,1,0,0,0,0,37.703,-86.005,37.731,-85.939,4.09,100,1,1,1,93,0,0,0,0
621042,2022,3,18,"2022-03-18","20:52:00",3,"KY",21,0,0,0,0,0,0,37.991,-85.961,38.005,-85.934,1.76,80,1,1,1,93,0,0,0,0
621043,2022,3,18,"2022-03-18","21:09:00",3,"KY",21,0,1,0,0,0,0,37.864,-85.696,37.865,-85.69,0.33,100,1,1,1,29,0,0,0,0
621044,2022,3,21,"2022-03-21","14:12:00",3,"TX",48,0,1,0,0,75000,0,32.8672,-98.5296,32.9591,-98.4046,9.73,400,1,1,1,363,0,0,0,0
621045,2022,3,21,"2022-03-21","14:35:00",3,"TX",48,0,3,9,0,0,0,33.0446,-98.3298,33.4395,-97.9699,34.5,880,1,1,1,237,337,0,0,0
621046,2022,3,21,"2022-03-21","15:31:00",3,"TX",48,0,1,0,0,0,0,33.5069,-97.9021,33.5255,-97.8774,2.07,150,1,1,1,337,0,0,0,0
621047,2022,3,21,"2022-03-21","15:34:00",3,"TX",48,0,1,3,0,0,0,33.5182,-97.8369,33.5815,-97.7953,5.19,440,1,1,1,337,0,0,0,0
621048,2022,3,21,"2022-03-21","15:47:00",3,"TX",48,0,0,0,0,0,0,33.1329,-97.6229,33.198,-97.5511,6.12,150,1,1,1,497,0,0,0,0
621049,2022,3,21,"2022-03-21","15:54:00",3,"TX",48,0,1,0,0,0,0,33.688,-97.6874,33.914,-97.5103,18.66,500,1,1,1,337,0,0,0,0
621050,2022,3,21,"2022-03-21","16:17:00",3,"OK",40,0,0,0,0,20000,0,33.94,-97.479,34.024,-97.423,6.8,50,1,1,1,85,0,0,0,0
621051,2022,3,21,"2022-03-21","16:17:00",3,"TX",48,0,1,0,0,0,0,33.4322,-97.3292,33.6494,-97.1493,18.32,150,1,1,1,97,0,0,0,0
621052,2022,3,21,"2022-03-21","16:31:00",3,"TX",48,0,0,0,0,0,0,32.6563,-97.478,32.6566,-97.4701,0.46,50,1,1,1,439,0,0,0,0
621053,2022,3,21,"2022-03-21","16:37:00",3,"TX",48,0,0,0,0,0,0,32.7874,-97.403,32.792,-97.3813,1.3,50,1,1,1,439,0,0,0,0
621054,2022,3,21,"2022-03-21","16:48:00",3,"TX",48,0,2,0,0,0,0,29.63,-97.78,29.7294,-97.7177,7.93,600,1,1,1,187,55,0,0,0
621055,2022,3,21,"2022-03-21","16:51:00",3,"TX",48,0,1,0,0,0,0,30.7736,-97.6804,30.8777,-97.5814,9.29,300,1,1,1,491,27,0,0,0
621056,2022,3,21,"2022-03-21","16:54:00",3,"TX",48,0,2,0,0,2000,0,30.4632,-97.6845,30.8469,-97.3161,34.62,600,1,1,1,453,491,27,0,0
621057,2022,3,21,"2022-03-21","17:11:00",3,"TX",48,0,2,11,1,5e+05,0,33.8407,-96.8192,33.9,-96.766,5.12,200,2,0,1,0,0,0,0,0
621057,2022,3,21,"2022-03-21","17:11:00",3,"TX",48,0,2,11,1,0,0,33.8407,-96.8192,33.8695,-96.7966,2.38,150,2,1,2,181,0,0,0,0
621058,2022,3,21,"2022-03-21","17:12:00",3,"TX",48,0,0,0,0,20000,0,32.8473,-97.0919,32.853,-97.0843,0.63,100,1,1,1,439,0,0,0,0
621057,2022,3,21,"2022-03-21","17:15:00",3,"OK",40,0,2,0,0,5e+05,0,33.8695,-96.7966,33.9,-96.766,2.74,200,2,1,2,95,0,0,0,0
621059,2022,3,21,"2022-03-21","17:29:00",3,"OK",40,0,1,0,0,5e+05,0,33.97,-96.714,34.088,-96.609,10.13,200,1,1,1,95,0,0,0,0
621060,2022,3,21,"2022-03-21","17:30:00",3,"TX",48,0,2,0,0,0,0,30.2524,-97.4755,30.3633,-97.3214,11.97,500,1,1,1,453,21,0,0,0
621061,2022,3,21,"2022-03-21","17:31:00",3,"TX",48,0,0,0,0,20000,0,33.0042,-96.913,33.0153,-96.8839,1.86,50,1,1,1,121,0,0,0,0
621062,2022,3,21,"2022-03-21","17:32:00",3,"OK",40,0,0,0,0,0,0,33.963,-96.664,33.994,-96.638,2.6,20,1,1,1,95,0,0,0,0
621063,2022,3,21,"2022-03-21","17:43:00",3,"OK",40,0,1,0,0,1e+05,0,34.142,-96.587,34.232,-96.526,7.13,200,1,1,1,69,0,0,0,0
621064,2022,3,21,"2022-03-21","17:54:00",3,"TX",48,0,0,0,0,0,0,30.3667,-97.2885,30.4036,-97.2064,5.53,50,1,1,1,21,287,0,0,0
621065,2022,3,21,"2022-03-21","18:14:00",3,"TX",48,0,1,0,0,30000,0,30.9303,-97.1243,30.977,-97.081,3.81,200,1,1,1,331,0,0,0,0
621066,2022,3,21,"2022-03-21","18:25:00",3,"TX",48,0,0,0,0,1000,0,31.0641,-96.9967,31.0641,-96.9967,0.39,30,1,1,1,145,0,0,0,0
621067,2022,3,21,"2022-03-21","18:28:00",3,"TX",48,0,1,0,0,0,0,30.1538,-96.955,30.1743,-96.9223,2.46,50,1,1,1,287,0,0,0,0
621068,2022,3,21,"2022-03-21","19:08:00",3,"TX",48,0,0,0,0,2e+05,0,31.5058,-96.5759,31.6023,-96.423,11.8,100,1,1,1,293,0,0,0,0
621069,2022,3,21,"2022-03-21","19:35:00",3,"TX",48,0,0,0,0,1e+05,0,30.4909,-96.4715,30.5053,-96.4679,1.01,50,1,1,1,51,0,0,0,0
621070,2022,3,21,"2022-03-21","19:40:00",3,"TX",48,0,0,0,0,0,0,30.5422,-96.4391,30.5457,-96.4363,0.29,175,1,1,1,51,0,0,0,0
621071,2022,3,21,"2022-03-21","20:05:00",3,"TX",48,0,1,0,0,1e+05,0,30.7405,-96.2008,30.7431,-96.1949,0.39,175,1,1,1,41,0,0,0,0
621072,2022,3,21,"2022-03-21","20:35:00",3,"TX",48,0,1,0,0,1e+06,0,30.9357,-95.9381,30.958,-95.9062,2.44,200,1,1,1,313,0,0,0,0
621073,2022,3,21,"2022-03-21","21:10:00",3,"TX",48,0,2,10,1,5e+06,0,31.1346,-95.675,31.422,-95.3555,19.07,200,1,1,1,225,0,0,0,0
621074,2022,3,21,"2022-03-21","21:20:00",3,"TX",48,0,2,8,0,2600000,0,32.6428,-94.966,33.0128,-94.4388,39.97,700,1,1,1,459,315,343,67,0
621075,2022,3,21,"2022-03-21","22:16:00",3,"TX",48,0,2,1,0,1785000,0,31.6591,-95.0306,32.0749,-94.6408,37.13,1400,1,1,1,73,347,401,0,0
621076,2022,3,21,"2022-03-21","22:21:00",3,"TX",48,0,1,0,0,0,0,33.1614,-94.3085,33.1687,-94.2783,1.82,150,1,1,1,67,0,0,0,0
621077,2022,3,21,"2022-03-21","22:29:00",3,"TX",48,0,1,0,0,1e+05,0,33.2148,-94.1655,33.225,-94.1325,2.03,200,1,1,1,67,0,0,0,0
621078,2022,3,21,"2022-03-21","23:08:00",3,"TX",48,0,2,1,0,550000,0,32.0548,-94.6089,32.206,-94.5117,11.92,500,1,1,1,401,365,0,0,0
621079,2022,3,21,"2022-03-21","23:49:00",3,"TX",48,0,1,0,0,0,0,32.371,-94.2821,32.4072,-94.1778,6.58,200,1,1,1,203,0,0,0,0
621080,2022,3,22,"2022-03-22","04:35:00",3,"TX",48,0,0,4,0,1e+05,0,29.4886,-96.0397,29.4936,-96.0237,0.82,30,1,1,1,157,0,0,0,0
621081,2022,3,22,"2022-03-22","06:21:00",3,"TX",48,0,0,0,0,1000,0,29.2286,-95.3365,29.2286,-95.3343,0.13,30,1,1,1,39,0,0,0,0
621082,2022,3,22,"2022-03-22","10:23:00",3,"LA",22,0,1,0,0,5000,0,32.398,-91.05,32.39,-90.94,6.57,100,2,0,1,0,0,0,0,0
621082,2022,3,22,"2022-03-22","10:23:00",3,"LA",22,0,1,0,0,5000,0,32.398,-91.05,32.385,-90.999,3.11,100,2,1,2,65,0,0,0,0
621082,2022,3,22,"2022-03-22","10:26:00",3,"MS",28,0,-9,0,0,0,0,32.385,-90.999,32.39,-90.94,3.46,50,2,1,2,149,0,0,0,0
621083,2022,3,22,"2022-03-22","10:29:00",3,"MS",28,0,0,0,0,25000,0,32.48,-91,32.48,-90.99,0.58,50,1,1,1,149,0,0,0,0
621084,2022,3,22,"2022-03-22","10:43:00",3,"MS",28,0,0,0,0,15000,0,32.4756,-90.813,32.4799,-90.7946,1.11,50,1,1,1,149,0,0,0,0
621085,2022,3,22,"2022-03-22","10:58:00",3,"MS",28,0,1,0,0,175000,0,32.28,-90.8,32.35,-90.56,14.84,350,1,1,1,149,49,0,0,0
621086,2022,3,22,"2022-03-22","11:04:00",3,"MS",28,0,-9,0,0,0,0,32.6211,-90.5901,32.6272,-90.5799,0.73,50,1,1,1,163,0,0,0,0
621087,2022,3,22,"2022-03-22","11:11:00",3,"MS",28,0,2,0,0,225000,0,32.366,-90.6169,32.3633,-90.4841,7.75,500,1,1,1,49,0,0,0,0
621088,2022,3,22,"2022-03-22","11:13:00",3,"MS",28,0,2,0,0,2000,50000,32.4839,-90.5914,32.5174,-90.4488,8.63,880,1,1,1,49,89,0,0,0
621089,2022,3,22,"2022-03-22","11:20:00",3,"MS",28,0,1,0,0,70000,0,32.5176,-90.4939,32.5562,-90.3455,9.05,800,1,1,1,49,89,0,0,0
621090,2022,3,22,"2022-03-22","11:24:00",3,"MS",28,0,1,0,0,15000,0,32.3848,-90.4129,32.3942,-90.3569,3.33,300,1,1,1,49,0,0,0,0
621091,2022,3,22,"2022-03-22","11:29:00",3,"MS",28,0,1,0,0,75000,0,32.5676,-90.3164,32.5717,-90.2724,2.58,350,1,1,1,89,0,0,0,0
621092,2022,3,22,"2022-03-22","11:30:00",3,"MS",28,0,1,0,0,10100,0,32.6583,-90.3375,32.6597,-90.243,5.51,600,1,1,1,163,89,163,89,0
621093,2022,3,22,"2022-03-22","11:35:00",3,"MS",28,0,1,0,0,40000,0,32.8692,-90.2486,32.8705,-90.2246,1.4,550,1,1,1,163,0,0,0,0
621094,2022,3,22,"2022-03-22","11:42:00",3,"MS",28,0,1,0,0,75000,0,32.4212,-90.2125,32.4504,-90.1341,5,250,1,1,1,89,0,0,0,0
621095,2022,3,22,"2022-03-22","11:44:00",3,"MS",28,0,1,0,0,10000,0,32.7092,-90.1494,32.7593,-90.0542,6.53,200,1,1,1,163,0,0,0,0
621096,2022,3,22,"2022-03-22","11:49:00",3,"MS",28,0,1,0,0,50000,0,33.119,-90.1513,33.1829,-90.048,7.43,700,1,1,1,51,0,0,0,0
621097,2022,3,22,"2022-03-22","11:49:00",3,"MS",28,0,0,0,0,75000,0,31.958,-90.4496,31.9616,-90.3667,4.87,100,1,1,1,29,0,0,0,0
621098,2022,3,22,"2022-03-22","11:52:00",3,"MS",28,0,1,0,0,6e+05,65000,32.9109,-90.0413,33.0178,-89.8333,14.2,700,1,1,1,51,7,0,0,0
621099,2022,3,22,"2022-03-22","11:59:00",3,"MS",28,0,1,0,0,50000,0,32.79,-89.97,32.83,-89.87,6.43,200,1,1,1,89,0,0,0,0
621100,2022,3,22,"2022-03-22","12:09:00",3,"MS",28,0,1,0,0,15000,0,33.026,-89.7981,33.0314,-89.7725,1.53,100,1,1,1,7,0,0,0,0
621101,2022,3,22,"2022-03-22","12:14:00",3,"MS",28,0,1,0,0,0,25000,33.0779,-89.7654,33.1131,-89.7256,3.35,200,1,1,1,7,0,0,0,0
621102,2022,3,22,"2022-03-22","12:16:00",3,"MS",28,0,0,0,0,2000,10000,33.4021,-89.933,33.4781,-89.8715,6.34,400,1,1,1,15,0,0,0,0
621103,2022,3,22,"2022-03-22","12:45:00",3,"MS",28,0,0,0,0,5000,5000,32.5338,-89.5993,32.5394,-89.5731,1.57,100,1,1,1,123,0,0,0,0
621104,2022,3,22,"2022-03-22","13:34:00",3,"MS",28,0,0,0,0,0,2000,32.1109,-89.4196,32.1181,-89.3951,1.52,100,1,1,1,129,0,0,0,0
621105,2022,3,22,"2022-03-22","13:35:00",3,"MS",28,0,3,0,0,4e+05,75000,32.6016,-88.8976,32.7082,-88.8025,9.21,800,1,1,1,69,0,0,0,0
621106,2022,3,22,"2022-03-22","14:04:00",3,"MS",28,0,1,0,0,115000,0,33.57,-88.6414,33.755,-88.49,15.47,650,1,1,1,25,95,0,0,0
621107,2022,3,22,"2022-03-22","14:17:00",3,"MS",28,0,1,0,0,55000,0,33.0475,-88.5701,33.1836,-88.4523,11.61,450,1,1,1,103,0,0,0,0
621108,2022,3,22,"2022-03-22","15:04:00",3,"MS",28,0,0,0,0,5000,0,32.4093,-88.5061,32.4237,-88.4876,1.47,25,1,1,1,75,0,0,0,0
621109,2022,3,22,"2022-03-22","15:58:00",3,"AL",1,0,2,0,0,0,0,32.1601,-88.4028,32.1939,-88.3901,2.45,300,1,1,1,23,0,0,0,0
621110,2022,3,22,"2022-03-22","16:29:00",3,"AL",1,0,0,0,0,0,0,34.8657,-87.3377,34.8891,-87.3219,1.85,140,1,1,1,77,0,0,0,0
621111,2022,3,22,"2022-03-22","16:34:00",3,"MS",28,0,1,0,0,20000,0,31.9095,-88.6071,31.9523,-88.5699,3.67,100,1,1,1,23,0,0,0,0
621112,2022,3,22,"2022-03-22","17:00:00",3,"AL",1,0,0,0,0,0,0,32.6906,-87.9379,32.696,-87.9242,0.88,150,1,1,1,63,0,0,0,0
621113,2022,3,22,"2022-03-22","17:04:00",3,"AL",1,0,0,0,0,0,0,32.7238,-87.9136,32.7478,-87.867,3.27,250,1,1,1,63,0,0,0,0
621114,2022,3,22,"2022-03-22","17:21:00",3,"AL",1,0,0,0,0,0,0,33.5094,-87.3777,33.5221,-87.371,0.97,175,1,1,1,125,0,0,0,0
621115,2022,3,22,"2022-03-22","17:33:00",3,"AL",1,0,1,0,0,0,0,31.9457,-88.2364,31.948,-88.2347,0.19,130,1,1,1,23,0,0,0,0
621116,2022,3,22,"2022-03-22","17:38:00",3,"AL",1,0,0,0,0,0,0,32.98,-87.63,33.01,-87.59,3.13,430,1,1,1,65,125,0,0,0
621117,2022,3,22,"2022-03-22","18:21:00",3,"LA",22,0,3,2,1,32500000,0,29.8849,-90.0535,30.0292,-89.9604,11.47,320,1,1,1,51,71,87,71,0
621118,2022,3,22,"2022-03-22","18:25:00",3,"LA",22,0,1,0,0,5000,0,30.2617,-89.957,30.4782,-89.8802,15.64,100,1,1,1,103,0,0,0,0
621119,2022,3,22,"2022-03-22","20:08:00",3,"AL",1,0,0,0,0,0,0,33.1858,-87.0408,33.2109,-87.004,2.76,100,1,1,1,7,117,0,0,0
621120,2022,3,22,"2022-03-22","22:07:00",3,"AL",1,0,1,0,0,0,0,30.4798,-87.7198,30.5613,-87.7067,5.68,30,1,1,1,3,0,0,0,0
621121,2022,3,23,"2022-03-23","12:53:00",3,"GA",13,0,0,0,0,0,0,30.7004,-83.0635,30.7077,-83.0618,0.51,25,1,1,1,101,0,0,0,0
621122,2022,3,23,"2022-03-23","13:42:00",3,"OH",39,0,0,0,0,12000,0,39.3919,-84.0061,39.4101,-83.99,1.71,50,1,1,1,165,27,0,0,0
621123,2022,3,23,"2022-03-23","15:31:00",3,"OH",39,0,-9,0,0,0,0,40.9651,-84.7032,40.9681,-84.6996,0.28,20,1,1,1,161,0,0,0,0
621124,2022,3,23,"2022-03-23","16:11:00",3,"OH",39,0,0,0,0,5000,0,41.009,-82.8065,41.0181,-82.7967,0.81,100,1,1,1,77,0,0,0,0
621125,2022,3,23,"2022-03-23","18:56:00",3,"SC",45,0,2,0,0,250000,0,34.854,-82.828,34.918,-82.75,6.25,440,1,1,1,77,0,0,0,0
621126,2022,3,23,"2022-03-23","19:29:00",3,"SC",45,0,0,0,0,0,0,34.851,-82.894,34.852,-82.893,0.09,20,1,1,1,77,0,0,0,0
621127,2022,3,23,"2022-03-23","19:45:00",3,"VA",51,0,2,0,0,4e+05,0,36.6922,-80.5873,36.7145,-80.5703,1.92,125,1,1,1,35,0,0,0,0
621128,2022,3,23,"2022-03-23","20:59:00",3,"NC",37,0,1,0,0,25000,0,35.954,-81.301,36.009,-81.214,6.17,150,1,1,1,3,0,0,0,0
621129,2022,3,29,"2022-03-29","18:56:00",3,"KS",20,0,1,0,0,0,0,39.28,-95.43,39.4,-95.33,9.86,10,1,1,1,87,0,0,0,0
621130,2022,3,29,"2022-03-29","19:54:00",3,"MO",29,0,1,0,0,0,0,39.7806,-94.7842,39.7827,-94.7793,0.3,40,1,1,1,21,0,0,0,0
621131,2022,3,30,"2022-03-30","03:04:00",3,"AR",5,0,3,7,0,2e+07,0,36.122,-94.156,36.185,-94.107,5.2,350,1,1,1,143,0,0,0,0
621132,2022,3,30,"2022-03-30","03:34:00",3,"TX",48,0,1,0,0,5e+05,0,32.834,-96.3474,32.84,-96.3427,0.49,50,1,1,1,397,0,0,0,0
621133,2022,3,30,"2022-03-30","03:39:00",3,"OK",40,0,0,0,0,75000,0,34.922,-95.551,34.926,-95.542,0.6,100,1,1,1,121,0,0,0,0
621134,2022,3,30,"2022-03-30","05:25:00",3,"TX",48,0,1,0,0,25000,0,33.6486,-95.1559,33.6788,-95.1178,3.03,100,1,1,1,387,0,0,0,0
621135,2022,3,30,"2022-03-30","06:47:00",3,"AR",5,0,1,0,0,0,0,35.5362,-93.5756,35.5635,-93.5241,3.46,400,1,1,1,71,0,0,0,0
621136,2022,3,30,"2022-03-30","10:16:00",3,"TX",48,0,1,0,0,15000,0,31.2925,-93.8314,31.2957,-93.8157,0.95,100,1,1,1,403,0,0,0,0
621137,2022,3,30,"2022-03-30","10:41:00",3,"TX",48,0,1,0,0,150000,0,31.1491,-93.6336,31.1433,-93.6018,1.92,100,1,1,1,351,0,0,0,0
621138,2022,3,30,"2022-03-30","10:53:00",3,"LA",22,0,0,0,0,5000,0,31.8748,-93.2103,31.8843,-93.1929,1.21,100,1,1,1,69,0,0,0,0
621139,2022,3,30,"2022-03-30","10:53:00",3,"LA",22,0,0,0,0,0,0,31.8656,-93.2078,31.8954,-93.121,5.49,100,1,1,1,69,0,0,0,0
621140,2022,3,30,"2022-03-30","11:05:00",3,"LA",22,0,1,0,0,12000,0,32.0323,-93.0364,32.0619,-92.9843,3.67,200,1,1,1,69,0,0,0,0
621141,2022,3,30,"2022-03-30","11:20:00",3,"LA",22,0,1,0,0,0,0,32.2535,-92.822,32.2696,-92.7992,1.74,400,1,1,1,13,0,0,0,0
621142,2022,3,30,"2022-03-30","11:22:00",3,"LA",22,0,0,0,0,0,0,31.584,-93.0073,31.5866,-92.9621,2.67,50,1,1,1,69,0,0,0,0
621143,2022,3,30,"2022-03-30","11:28:00",3,"LA",22,0,1,0,0,1000,0,32.2813,-92.7414,32.2834,-92.7371,0.29,200,1,1,1,49,0,0,0,0
621144,2022,3,30,"2022-03-30","11:37:00",3,"LA",22,0,1,0,0,10000,0,31.1854,-93.0299,31.193,-92.9959,2.08,85,1,1,1,115,0,0,0,0
621145,2022,3,30,"2022-03-30","11:42:00",3,"LA",22,0,1,0,0,0,0,32.3883,-92.5378,32.3942,-92.5286,0.67,500,1,1,1,49,0,0,0,0
621146,2022,3,30,"2022-03-30","11:44:00",3,"LA",22,0,1,0,0,10000,0,32.4227,-92.5223,32.4612,-92.4663,4.21,200,1,1,1,49,0,0,0,0
621147,2022,3,30,"2022-03-30","12:53:00",3,"LA",22,0,1,0,0,50000,0,32.4718,-91.8204,32.5367,-91.7201,7.37,1000,1,1,1,83,0,0,0,0
621148,2022,3,30,"2022-03-30","13:03:00",3,"LA",22,0,0,0,0,50000,0,32.3733,-91.7256,32.3934,-91.7065,1.78,25,1,1,1,83,0,0,0,0
621149,2022,3,30,"2022-03-30","13:10:00",3,"LA",22,0,1,0,0,85000,0,32.1463,-91.6868,32.2071,-91.5956,6.79,350,1,1,1,41,0,0,0,0
621150,2022,3,30,"2022-03-30","13:51:00",3,"LA",22,0,2,0,0,270000,0,32.3938,-91.1901,32.5537,-90.9692,17.27,300,2,0,1,0,65,0,0,0
621150,2022,3,30,"2022-03-30","13:51:00",3,"LA",22,0,2,0,0,210000,0,32.3938,-91.1901,32.513,-91.005,9.84,300,2,1,2,65,65,0,0,0
621150,2022,3,30,"2022-03-30","13:58:00",3,"MS",28,0,1,0,0,60000,0,32.447,-91.076,32.5537,-90.9692,7.43,100,2,1,2,149,149,0,0,0
621151,2022,3,30,"2022-03-30","14:19:00",3,"MS",28,0,1,0,0,60000,0,33.902,-90.8206,34.0005,-90.7499,7.92,450,1,1,1,11,0,0,0,0
621152,2022,3,30,"2022-03-30","14:31:00",3,"MS",28,0,1,1,0,110000,0,33.7434,-90.7231,33.7502,-90.7086,0.96,75,1,1,1,11,0,0,0,0
621153,2022,3,30,"2022-03-30","14:41:00",3,"MS",28,0,1,0,0,20000,0,32.4563,-90.6253,32.5034,-90.5401,5.97,100,1,1,1,149,49,0,0,0
621154,2022,3,30,"2022-03-30","14:58:00",3,"MS",28,0,1,0,0,110000,0,32.7443,-90.403,32.8973,-90.1819,16.63,700,1,1,1,163,0,0,0,0
621155,2022,3,30,"2022-03-30","15:21:00",3,"MS",28,0,1,1,0,140000,0,33.2742,-90.2428,33.377,-90.0865,11.53,1700,1,1,1,51,15,0,0,0
621156,2022,3,30,"2022-03-30","15:26:00",3,"MS",28,0,1,0,0,45000,0,32.1673,-90.3886,32.2028,-90.2868,6.44,350,1,1,1,49,0,0,0,0
621157,2022,3,30,"2022-03-30","15:37:00",3,"MS",28,0,1,1,0,140000,0,34.211,-89.945,34.358,-89.724,16.2,200,1,1,1,107,0,0,0,0
621158,2022,3,30,"2022-03-30","15:41:00",3,"MS",28,0,1,0,0,175000,0,32.2821,-90.2274,32.2947,-90.1793,2.94,350,1,1,1,49,0,0,0,0
621159,2022,3,30,"2022-03-30","15:43:00",3,"MS",28,0,1,0,0,280000,0,32.3336,-90.2051,32.3517,-90.062,8.46,200,1,1,1,49,121,0,0,0
621160,2022,3,30,"2022-03-30","15:52:00",3,"MS",28,0,1,0,0,30000,0,33.351,-89.8066,33.4109,-89.7287,6.11,250,1,1,1,15,0,0,0,0
621161,2022,3,30,"2022-03-30","15:56:00",3,"MS",28,0,1,0,0,20000,0,32.543,-89.9943,32.562,-89.9068,5.26,350,1,1,1,89,0,0,0,0
621162,2022,3,30,"2022-03-30","16:23:00",3,"IL",17,0,0,0,0,62000,0,37.9507,-88.8089,37.98,-88.7445,4.05,100,1,1,1,55,0,0,0,0
621163,2022,3,30,"2022-03-30","16:24:00",3,"MS",28,0,1,0,0,60000,0,34.0492,-89.3786,34.1289,-89.2863,7.63,100,1,1,1,13,0,0,0,0
621164,2022,3,30,"2022-03-30","16:32:00",3,"MS",28,0,2,0,0,850000,0,32.8799,-89.5716,32.9881,-89.4407,10.65,1200,1,1,1,79,7,0,0,0
621165,2022,3,30,"2022-03-30","17:01:00",3,"IL",17,0,0,0,0,30000,0,38.3586,-88.3813,38.3626,-88.3792,0.3,50,1,1,1,191,0,0,0,0
621166,2022,3,30,"2022-03-30","17:11:00",3,"IL",17,0,1,0,0,2e+05,0,38.0077,-88.2352,38.0867,-88.1665,6.62,400,1,1,1,193,0,0,0,0
621167,2022,3,30,"2022-03-30","17:12:00",3,"LA",22,0,1,0,0,250000,0,30.7557,-90.5106,30.8178,-90.4378,6.09,150,1,1,1,105,0,0,0,0
621168,2022,3,30,"2022-03-30","17:18:00",3,"TN",47,0,1,0,0,5e+05,0,35.57,-88.948,35.639,-88.823,8.49,175,1,1,1,113,0,0,0,0
621169,2022,3,30,"2022-03-30","17:31:00",3,"TN",47,0,1,0,0,3e+05,0,35.7456,-88.7898,35.8171,-88.7093,7.09,250,1,1,1,113,53,0,0,0
621170,2022,3,30,"2022-03-30","17:50:00",3,"TN",47,0,1,0,0,2e+05,0,35.937,-88.516,36.02,-88.39,9.22,150,1,1,1,17,0,0,0,0
621171,2022,3,30,"2022-03-30","17:59:00",3,"IN",18,0,1,0,0,10000,0,38.0666,-87.7176,38.0711,-87.7,1.01,75,1,1,1,163,0,0,0,0
621172,2022,3,30,"2022-03-30","18:16:00",3,"MS",28,0,0,0,0,50000,0,33.797,-88.5221,33.8648,-88.4163,7.67,150,1,1,1,95,0,0,0,0
621173,2022,3,30,"2022-03-30","18:44:00",3,"MS",28,0,1,0,0,20000,0,31.2645,-89.4659,31.2777,-89.4387,1.85,425,1,1,1,73,0,0,0,0
621174,2022,3,30,"2022-03-30","18:44:00",3,"MS",28,0,0,0,0,35000,0,31.145,-89.4044,31.2249,-89.3238,7.29,25,1,1,1,73,35,0,0,0
621175,2022,3,30,"2022-03-30","18:45:00",3,"LA",22,0,0,0,0,0,0,30.3204,-90.0182,30.34,-90,1.74,50,1,1,1,103,0,0,0,0
621176,2022,3,30,"2022-03-30","19:01:00",3,"MS",28,0,0,0,0,35000,0,32.186,-88.8433,32.208,-88.8179,2.13,125,1,1,1,23,0,0,0,0
621177,2022,3,30,"2022-03-30","19:06:00",3,"MS",28,0,1,0,0,152000,0,32.2233,-88.7066,32.269,-88.675,3.66,50,1,1,1,23,75,0,0,0
621178,2022,3,30,"2022-03-30","19:08:00",3,"MS",28,0,2,2,0,250000,0,33.1008,-88.4691,33.2105,-88.3316,10.99,400,1,1,1,103,0,0,0,0
621179,2022,3,30,"2022-03-30","19:11:00",3,"MS",28,0,2,0,0,250000,0,30.9197,-89.2525,31.0091,-89.0884,11.26,500,1,1,1,35,111,0,0,0
621180,2022,3,30,"2022-03-30","19:24:00",3,"MS",28,0,1,0,0,50000,0,32.3415,-88.5384,32.4254,-88.4766,6.83,200,1,1,1,75,0,0,0,0
621181,2022,3,30,"2022-03-30","19:31:00",3,"MS",28,0,1,0,0,75000,0,32.3844,-88.4942,32.4112,-88.4358,3.88,250,1,1,1,75,0,0,0,0
621182,2022,3,30,"2022-03-30","19:43:00",3,"MS",28,0,1,0,0,0,0,31.6558,-88.71,31.6561,-88.702,0.47,50,1,1,1,153,0,0,0,0
621183,2022,3,30,"2022-03-30","19:45:00",3,"MS",28,0,1,0,0,0,0,31.6636,-88.6886,31.6662,-88.6866,0.21,50,1,1,1,153,0,0,0,0
621184,2022,3,30,"2022-03-30","19:46:00",3,"MS",28,0,2,0,0,0,0,31.0954,-88.8476,31.1127,-88.8196,2.05,250,1,1,1,111,41,0,0,0
621185,2022,3,30,"2022-03-30","19:47:00",3,"MS",28,0,1,0,0,0,0,31.6797,-88.6714,31.6914,-88.6425,1.88,30,1,1,1,153,0,0,0,0
621186,2022,3,30,"2022-03-30","19:51:00",3,"AL",1,0,1,0,0,0,0,32.5479,-88.2675,32.6004,-88.1957,5.62,600,1,1,1,119,0,0,0,0
621187,2022,3,30,"2022-03-30","19:55:00",3,"MS",28,0,1,0,0,0,0,31.6648,-88.542,31.6681,-88.5396,0.27,50,1,1,1,153,0,0,0,0
621188,2022,3,30,"2022-03-30","20:02:00",3,"AL",1,0,1,0,0,0,0,33.2126,-87.9089,33.3938,-87.7207,16.59,450,1,1,1,107,125,0,0,0
621189,2022,3,30,"2022-03-30","20:10:00",3,"AL",1,0,1,0,0,0,0,32.6462,-88.0263,32.7465,-87.9363,8.81,275,1,1,1,63,0,0,0,0
621190,2022,3,30,"2022-03-30","20:12:00",3,"AL",1,0,2,0,0,0,0,31.8136,-88.3637,32.2,-87.9,37.43,1350,1,1,1,23,91,23,91,0
621191,2022,3,30,"2022-03-30","20:33:00",3,"AL",1,0,2,0,0,0,0,32.5475,-87.2944,32.6154,-87.2309,6,620,1,1,1,105,0,0,0,0
621192,2022,3,30,"2022-03-30","20:38:00",3,"AL",1,0,1,0,0,0,0,32.9285,-87.7809,32.9353,-87.7626,1.17,270,1,1,1,63,0,0,0,0
621193,2022,3,30,"2022-03-30","20:47:00",3,"MS",28,0,1,0,0,250000,0,30.5204,-88.8202,30.5461,-88.7903,2.51,100,1,1,1,59,0,0,0,0
621194,2022,3,30,"2022-03-30","20:53:00",3,"AL",1,0,3,2,0,0,0,32.7471,-87.1201,33.1086,-86.8612,29.24,1200,1,1,1,105,7,117,0,0
621195,2022,3,30,"2022-03-30","21:10:00",3,"AL",1,0,1,0,0,0,0,33.2447,-87.4525,33.2912,-87.416,3.88,400,1,1,1,125,0,0,0,0
621196,2022,3,30,"2022-03-30","21:25:00",3,"AL",1,0,1,0,0,0,0,32.4512,-87.6053,32.4611,-87.5925,1.03,180,1,1,1,91,0,0,0,0
621197,2022,3,30,"2022-03-30","21:30:00",3,"MS",28,0,0,0,0,0,0,30.6894,-88.4184,30.7013,-88.4109,0.93,50,1,1,1,59,0,0,0,0
621198,2022,3,30,"2022-03-30","21:31:00",3,"AL",1,0,0,0,0,0,0,30.701,-88.411,30.7131,-88.4033,0.95,50,1,1,1,97,0,0,0,0
621199,2022,3,30,"2022-03-30","21:33:00",3,"AL",1,0,1,0,0,0,0,31.6641,-87.7298,31.665,-87.7274,0.15,75,1,1,1,25,0,0,0,0
621200,2022,3,30,"2022-03-30","21:41:00",3,"AL",1,0,0,0,0,0,0,30.7528,-88.315,30.758,-88.3076,0.57,20,1,1,1,97,0,0,0,0
621201,2022,3,30,"2022-03-30","21:43:00",3,"AL",1,0,0,0,0,0,0,30.7246,-88.2514,30.7347,-88.2489,0.71,30,1,1,1,97,0,0,0,0
621202,2022,3,30,"2022-03-30","21:43:00",3,"AL",1,0,0,0,0,0,0,32.2915,-87.3469,32.317,-87.3108,2.76,175,1,1,1,47,0,0,0,0
621203,2022,3,30,"2022-03-30","21:58:00",3,"AL",1,0,1,0,0,0,0,30.557,-88.1414,30.5915,-88.1104,3.01,30,1,1,1,97,0,0,0,0
621204,2022,3,30,"2022-03-30","22:09:00",3,"AL",1,0,1,0,0,0,0,32.002,-87.302,32.0063,-87.2899,0.77,170,1,1,1,131,0,0,0,0
621205,2022,3,30,"2022-03-30","22:22:00",3,"AL",1,0,0,0,0,0,0,30.4668,-87.9152,30.4712,-87.9075,0.55,50,1,1,1,3,0,0,0,0
621206,2022,3,30,"2022-03-30","22:50:00",3,"AL",1,0,0,0,0,0,0,30.6353,-87.6288,30.6527,-87.6187,1.34,30,1,1,1,3,0,0,0,0
621207,2022,3,30,"2022-03-30","22:58:00",3,"AL",1,0,1,0,0,0,0,33.2649,-86.6431,33.3125,-86.5908,4.52,135,1,1,1,117,0,0,0,0
621208,2022,3,30,"2022-03-30","23:09:00",3,"AL",1,0,0,0,0,0,0,32.2663,-86.6128,32.3067,-86.6014,2.89,125,1,1,1,85,0,0,0,0
621209,2022,3,30,"2022-03-30","23:25:00",3,"FL",12,0,0,0,0,0,0,30.5751,-87.261,30.578,-87.2571,0.32,50,1,1,1,33,0,0,0,0
621210,2022,3,30,"2022-03-30","23:32:00",3,"FL",12,0,1,0,0,0,0,30.6415,-87.1849,30.6451,-87.1806,0.39,50,1,1,1,113,0,0,0,0
621211,2022,3,30,"2022-03-30","23:37:00",3,"FL",12,0,1,2,0,0,0,30.52,-87.1429,30.5653,-87.06,5.96,100,1,1,1,113,0,0,0,0
621212,2022,3,31,"2022-03-31","03:09:00",3,"FL",12,0,3,1,2,6e+05,0,30.6376,-85.5108,30.7544,-85.3585,12.14,200,1,1,1,133,63,0,0,0
621213,2022,3,31,"2022-03-31","09:47:00",3,"PA",42,0,2,0,0,0,0,40.8332,-79.374,40.9171,-79.2537,8.55,350,1,1,1,5,0,0,0,0
621214,2022,3,31,"2022-03-31","11:22:00",3,"NC",37,0,2,0,0,6e+05,0,35.1042,-80.2373,35.1903,-80.1623,7.24,200,1,1,1,7,167,0,0,0
621215,2022,3,31,"2022-03-31","13:49:00",3,"NC",37,0,1,0,0,1e+05,0,35.8672,-78.8372,35.8698,-78.835,0.22,100,1,1,1,63,0,0,0,0
621216,2022,3,31,"2022-03-31","14:38:00",3,"PA",42,0,1,1,0,3e+05,0,41.16,-76.73,41.24,-76.59,9.14,500,1,1,1,81,0,0,0,0
621217,2022,3,31,"2022-03-31","18:22:00",3,"VA",51,0,0,0,0,20000,0,38.8653,-77.4579,38.8655,-77.457,0.05,30,1,1,1,59,0,0,0,0
621218,2022,3,31,"2022-03-31","18:41:00",3,"VA",51,0,0,0,0,2e+05,0,38.9196,-77.2259,38.9195,-77.2234,0.13,50,1,1,1,59,0,0,0,0
621219,2022,3,31,"2022-03-31","19:48:00",3,"PA",42,0,1,0,0,0,0,40.379,-75.2266,40.3991,-75.1989,2.01,100,1,1,1,17,0,0,0,0
620986,2022,3,5,"2022-03-05","15:02:00",3,"IA",19,0,0,0,0,0,0,41.03,-95.38,41.03,-95.38,0.01,17,1,1,1,137,0,0,0,0
620987,2022,3,5,"2022-03-05","15:38:00",3,"IA",19,0,-9,0,0,0,0,40.9344,-94.7859,40.9431,-94.76,1.48,40,1,1,1,3,0,0,0,0
620988,2022,3,5,"2022-03-05","16:01:00",3,"IA",19,0,0,0,0,10000,0,41.0862,-94.5078,41.0988,-94.4559,2.84,100,1,1,1,3,175,0,0,0
620989,2022,3,5,"2022-03-05","16:26:00",3,"IA",19,0,4,5,6,2.2e+08,0,41.2334,-94.2013,41.734,-93.0135,70.57,900,1,1,1,121,181,153,99,0
620990,2022,3,5,"2022-03-05","17:07:00",3,"IA",19,0,2,0,0,6e+05,0,40.7595,-93.708,40.9123,-93.3968,19.42,300,1,1,1,53,185,117,0,0
620991,2022,3,5,"2022-03-05","17:20:00",3,"IA",19,0,-9,0,0,0,0,40.8423,-93.5849,40.8565,-93.5499,2.07,60,1,1,1,53,185,0,0,0
620992,2022,3,5,"2022-03-05","17:28:00",3,"IA",19,0,-9,0,0,0,0,40.9031,-93.4387,40.9163,-93.4031,2.07,60,1,1,1,117,0,0,0,0
620993,2022,3,5,"2022-03-05","17:33:00",3,"IA",19,0,3,1,1,1500000,0,40.9405,-93.3854,41.0268,-93.2018,11.28,350,1,1,1,117,0,0,0,0
620994,2022,3,5,"2022-03-05","17:38:00",3,"IA",19,0,2,0,0,3e+05,0,40.6834,-93.3892,40.7717,-93.2409,9.87,300,1,1,1,185,0,0,0,0
620995,2022,3,5,"2022-03-05","17:40:00",3,"IA",19,0,0,0,0,0,0,40.9807,-93.3198,40.977,-93.3202,0.25,60,1,1,1,117,0,0,0,0
620996,2022,3,5,"2022-03-05","18:04:00",3,"IA",19,0,2,0,0,505500,0,41.7455,-92.9727,41.8767,-92.6869,17.31,500,1,1,1,99,157,171,0,0
620997,2022,3,5,"2022-03-05","18:33:00",3,"IA",19,0,2,0,0,2e+05,0,41.9024,-92.6332,41.9585,-92.4852,8.54,200,1,1,1,171,0,0,0,0
620998,2022,3,5,"2022-03-05","19:10:00",3,"IA",19,0,1,0,0,0,0,42.1106,-92.1864,42.2184,-91.9553,13.98,400,1,1,1,11,0,0,0,0
620999,2022,3,5,"2022-03-05","20:37:00",3,"IA",19,0,0,0,0,0,0,41.5374,-90.7259,41.5388,-90.7248,0.11,25,1,1,1,163,0,0,0,0
621000,2022,3,5,"2022-03-05","20:37:00",3,"IA",19,0,1,0,0,0,0,41.5355,-90.7032,41.5695,-90.6385,4.09,300,1,1,1,163,0,0,0,0
621001,2022,3,5,"2022-03-05","21:13:00",3,"IL",17,0,1,0,0,0,0,41.6757,-90.0558,41.6984,-89.985,3.98,50,1,1,1,195,0,0,0,0
621002,2022,3,5,"2022-03-05","21:48:00",3,"WI",55,0,1,0,0,50000,0,42.871,-89.1947,42.9175,-89.0951,5.98,50,1,1,1,25,0,0,0,0
621003,2022,3,5,"2022-03-05","22:11:00",3,"IL",17,0,0,0,0,0,0,40.1971,-89.9508,40.2292,-89.8263,6.93,50,1,1,1,125,0,0,0,0
621004,2022,3,5,"2022-03-05","22:57:00",3,"IL",17,0,1,0,0,50000,0,39.403,-89.664,39.436,-89.605,3.89,40,1,1,1,135,0,0,0,0
621005,2022,3,6,"2022-03-06","01:05:00",3,"IN",18,0,0,0,0,15000,0,40.8219,-86.5484,40.8246,-86.5414,0.41,25,1,1,1,17,0,0,0,0
621006,2022,3,6,"2022-03-06","03:21:00",3,"OH",39,0,0,0,0,150000,0,40.2395,-84.5174,40.2564,-84.4677,2.87,100,1,1,1,37,0,0,0,0
621007,2022,3,6,"2022-03-06","03:23:00",3,"OH",39,0,0,0,0,1e+05,0,40.2467,-84.4431,40.257,-84.3973,2.52,100,1,1,1,149,0,0,0,0
621008,2022,3,6,"2022-03-06","15:54:00",3,"AR",5,0,0,0,0,0,0,35.7242,-90.9893,35.7534,-90.9641,2.46,50,1,1,1,31,0,0,0,0
621009,2022,3,6,"2022-03-06","17:18:00",3,"AR",5,0,1,0,0,50000,0,35.43,-93.23,35.53,-92.9815,15.6,600,1,1,1,115,0,0,0,0
621010,2022,3,6,"2022-03-06","17:28:00",3,"AR",5,0,0,0,0,0,0,36.407,-90.394,36.477,-90.319,6.39,50,1,1,1,21,0,0,0,0
621011,2022,3,6,"2022-03-06","17:35:00",3,"MO",29,0,0,0,0,0,0,36.5866,-90.4501,36.5872,-90.4484,0.1,50,1,1,1,23,0,0,0,0
621012,2022,3,6,"2022-03-06","18:26:00",3,"AR",5,0,1,0,0,40000,0,35.8011,-92.4292,35.8229,-92.3951,2.4,200,1,1,1,129,137,0,0,0
621013,2022,3,6,"2022-03-06","19:17:00",3,"AR",5,0,2,5,0,405000,0,36.03,-91.84,36.1006,-91.6568,11.34,800,1,1,1,65,135,0,0,0
621014,2022,3,6,"2022-03-06","20:17:00",3,"AR",5,0,1,0,0,2e+05,0,36.371,-91.1183,36.3985,-91.0932,2.37,150,1,1,1,121,0,0,0,0
621015,2022,3,7,"2022-03-07","01:21:00",3,"AR",5,0,1,0,0,75000,0,33.96,-91.96,33.9937,-91.8148,8.64,250,1,1,1,79,0,0,0,0
621016,2022,3,7,"2022-03-07","02:02:00",3,"AR",5,0,1,0,0,0,0,34.15,-91.46,34.2021,-91.3553,6.98,550,1,1,1,1,0,0,0,0
621017,2022,3,7,"2022-03-07","03:09:00",3,"IN",18,0,0,0,0,1e+05,0,39.1406,-85.2964,39.1437,-85.2728,1.28,100,1,1,1,137,0,0,0,0
621018,2022,3,9,"2022-03-09","00:42:00",3,"AL",1,0,1,0,0,0,0,30.6102,-88.3371,30.6301,-88.3189,1.77,50,1,1,1,97,0,0,0,0
621019,2022,3,9,"2022-03-09","02:11:00",3,"AL",1,0,1,0,0,0,0,31.4245,-87.0796,31.4261,-87.0769,0.19,150,1,1,1,35,0,0,0,0
621020,2022,3,9,"2022-03-09","04:50:00",3,"AL",1,0,1,0,0,0,0,31.844,-85.4744,31.9059,-85.337,9.14,280,1,1,1,5,0,0,0,0
621021,2022,3,9,"2022-03-09","05:06:00",3,"FL",12,0,0,0,0,75000,0,30.8145,-85.5588,30.8157,-85.5352,1.4,200,1,1,1,133,0,0,0,0
621022,2022,3,9,"2022-03-09","05:12:00",3,"FL",12,0,1,0,0,1e+05,0,30.817,-85.5013,30.8182,-85.4984,0.19,100,1,1,1,133,0,0,0,0
621023,2022,3,9,"2022-03-09","05:48:00",3,"GA",13,0,0,0,0,0,0,32.0618,-84.9969,32.0721,-84.9816,1.14,75,1,1,1,259,0,0,0,0
621024,2022,3,9,"2022-03-09","05:55:00",3,"FL",12,0,-9,0,0,0,0,30.87,-85.18,30.8721,-85.1793,0.15,25,1,1,1,63,0,0,0,0
621025,2022,3,9,"2022-03-09","06:15:00",3,"FL",12,0,1,0,0,1e+05,0,30.1514,-85.5656,30.1513,-85.5588,0.41,25,1,1,1,5,0,0,0,0
621309,2022,4,11,"2022-04-11","16:12:00",3,"AR",5,0,1,0,0,0,0,35.276,-94.134,35.27,-94.116,1,140,1,1,1,131,0,0,0,0
621310,2022,4,11,"2022-04-11","16:23:00",3,"AR",5,0,1,0,0,25000,0,35.28,-94.038,35.296,-94.001,2.4,200,1,1,1,47,0,0,0,0
621311,2022,4,11,"2022-04-11","17:33:00",3,"AR",5,0,1,0,0,85000,0,35.36,-93.51,35.395,-93.468,3.38,100,1,1,1,83,0,0,0,0
621312,2022,4,11,"2022-04-11","18:11:00",3,"OK",40,0,-9,0,0,0,0,34.816,-95.011,34.817,-94.998,0.75,100,1,1,1,79,0,0,0,0
621313,2022,4,11,"2022-04-11","19:07:00",3,"AR",5,0,1,0,0,0,7000,34.9551,-92.3488,34.932,-92.215,7.85,100,1,1,1,45,119,0,0,0
621314,2022,4,12,"2022-04-12","16:06:00",3,"TX",48,0,-9,0,0,0,0,31.3405,-97.7778,31.2874,-97.7997,3.89,50,1,1,1,99,0,0,0,0
621315,2022,4,12,"2022-04-12","16:29:00",3,"TX",48,0,3,23,0,1e+05,0,30.8846,-97.788,31.0167,-97.6239,16.55,770,1,1,1,491,27,0,0,0
621316,2022,4,12,"2022-04-12","17:15:00",3,"IA",19,0,2,1,0,150000,0,42.6492,-94.5437,42.7479,-94.5,7.17,450,1,1,1,151,0,0,0,0
621317,2022,4,12,"2022-04-12","17:28:00",3,"IA",19,0,1,0,0,1e+05,0,42.7158,-94.3539,42.7463,-94.3028,3.34,300,1,1,1,91,0,0,0,0
621318,2022,4,12,"2022-04-12","17:34:00",3,"LA",22,0,1,1,0,50000,0,32.5619,-91.9872,32.5985,-91.9812,2.55,300,1,1,1,73,0,0,0,0
621319,2022,4,12,"2022-04-12","17:39:00",3,"IA",19,0,2,0,0,75000,0,42.7912,-94.3335,42.848,-94.2774,4.85,250,1,1,1,91,0,0,0,0
621320,2022,4,12,"2022-04-12","17:43:00",3,"NE",31,0,-9,0,0,0,0,40.8,-97.24,40.8,-97.24,0.5,10,1,1,1,159,0,0,0,0
621321,2022,4,12,"2022-04-12","18:25:00",3,"TX",48,0,0,0,0,0,0,31.0408,-97.217,31.0296,-97.1574,3.73,120,1,1,1,27,0,0,0,0
621322,2022,4,12,"2022-04-12","18:33:00",3,"IA",19,0,0,0,0,20000,0,42.9334,-93.8167,42.9445,-93.7879,1.65,100,1,1,1,81,0,0,0,0
621323,2022,4,12,"2022-04-12","19:08:00",3,"IA",19,0,1,0,0,0,0,41.5351,-95.8569,41.6343,-95.7299,9.55,140,1,1,1,85,0,0,0,0
621324,2022,4,12,"2022-04-12","19:24:00",3,"NE",31,0,1,0,0,0,0,40.6818,-96.2706,40.6825,-96.2692,0.09,40,1,1,1,131,0,0,0,0
621325,2022,4,12,"2022-04-12","19:25:00",3,"IA",19,0,0,0,0,0,0,41.71,-95.69,41.73,-95.65,2.3,200,1,1,1,85,0,0,0,0
621326,2022,4,12,"2022-04-12","20:54:00",3,"LA",22,0,1,0,0,190000,0,32.6792,-93.8091,32.7183,-93.7515,4.31,200,1,1,1,17,15,0,0,0
621327,2022,4,12,"2022-04-12","20:55:00",3,"LA",22,0,1,0,0,345000,0,32.4197,-93.7138,32.515,-93.5419,12,400,1,1,1,17,15,0,0,0
621328,2022,4,12,"2022-04-12","20:57:00",3,"LA",22,0,0,0,0,0,0,32.8992,-93.8991,32.9131,-93.8858,1.23,50,1,1,1,17,0,0,0,0
621329,2022,4,12,"2022-04-12","21:23:00",3,"LA",22,0,1,0,0,50000,0,32.2493,-93.2595,32.3229,-93.0837,11.46,525,1,1,1,13,0,0,0,0
621330,2022,4,12,"2022-04-12","21:26:00",3,"IA",19,0,1,0,0,125000,0,43.1113,-93.2045,43.156,-93.1399,4.49,100,1,1,1,33,0,0,0,0
621331,2022,4,12,"2022-04-12","21:34:00",3,"IA",19,0,1,0,0,50000,0,43.2796,-93.0667,43.2891,-93.0469,1.19,70,1,1,1,195,0,0,0,0
621332,2022,4,12,"2022-04-12","21:41:00",3,"AR",5,0,0,0,0,0,0,33.7813,-93.3883,33.7827,-93.3849,0.22,50,1,1,1,99,0,0,0,0
621333,2022,4,12,"2022-04-12","21:41:00",3,"IA",19,0,0,0,0,75000,0,43.1572,-92.9427,43.2412,-92.83,8.14,50,1,1,1,67,131,0,0,0
621334,2022,4,12,"2022-04-12","21:46:00",3,"MN",27,0,2,2,0,1600000,0,43.5406,-92.6601,43.5933,-92.6305,3.93,475,1,1,1,99,0,0,0,0
621335,2022,4,12,"2022-04-12","21:57:00",3,"IA",19,0,1,0,0,110000,0,43.3244,-92.7049,43.3421,-92.6547,2.8,250,1,1,1,131,0,0,0,0
621336,2022,4,12,"2022-04-12","21:57:00",3,"IA",19,0,1,0,0,550000,0,43.2574,-92.6427,43.3477,-92.5128,9.09,325,1,1,1,131,89,0,0,0
621337,2022,4,12,"2022-04-12","22:08:00",3,"MN",27,0,1,0,0,650000,0,43.651,-92.4214,43.6835,-92.4117,2.3,180,1,1,1,45,0,0,0,0
621338,2022,4,12,"2022-04-12","22:10:00",3,"IA",19,0,0,0,0,340000,0,43.3276,-92.4483,43.3559,-92.3677,4.5,125,1,1,1,89,0,0,0,0
621339,2022,4,12,"2022-04-12","22:36:00",3,"IA",19,0,0,0,0,125000,0,43.2965,-92.0033,43.2982,-91.9915,0.6,125,1,1,1,191,0,0,0,0
621340,2022,4,12,"2022-04-12","22:40:00",3,"MN",27,0,0,0,0,10000,0,43.8998,-91.9822,43.9286,-91.9335,3.14,70,1,1,1,169,0,0,0,0
621341,2022,4,12,"2022-04-12","22:41:00",3,"MN",27,0,0,0,0,10000,0,43.9088,-91.897,43.9348,-91.8976,1.8,20,1,1,1,169,0,0,0,0
621342,2022,4,13,"2022-04-13","07:50:00",3,"OK",40,0,1,1,0,3e+05,0,35.82,-94.659,35.841,-94.545,6.5,700,1,1,1,1,0,0,0,0
621343,2022,4,13,"2022-04-13","13:36:00",3,"AR",5,0,1,0,0,75000,0,35.8938,-90.5171,35.9293,-90.432,5.36,200,1,1,1,31,0,0,0,0
621344,2022,4,13,"2022-04-13","13:50:00",3,"AR",5,0,0,0,0,370000,0,35.9719,-90.2253,36.0382,-90.1139,7.8,100,2,0,1,0,0,0,0,0
621344,2022,4,13,"2022-04-13","13:50:00",3,"AR",5,0,0,0,0,110000,0,35.9719,-90.2253,35.9973,-90.1807,3.05,100,2,1,2,93,0,0,0,0
621344,2022,4,13,"2022-04-13","13:53:00",3,"MO",29,0,0,0,0,260000,0,35.9973,-90.1807,36.0382,-90.1139,4.75,100,2,1,2,69,0,0,0,0
621345,2022,4,13,"2022-04-13","14:00:00",3,"AR",5,0,0,0,0,50000,0,35.6823,-90.2637,35.7007,-90.2391,1.88,75,1,1,1,93,0,0,0,0
621346,2022,4,13,"2022-04-13","15:06:00",3,"KY",21,0,0,0,0,45000,0,36.6,-88.87,36.599,-88.822,2.66,50,1,1,1,105,0,0,0,0
621347,2022,4,13,"2022-04-13","15:17:00",3,"MS",28,0,1,0,0,55000,0,32.4644,-90.9808,32.4626,-90.8085,9.81,1320,1,1,1,149,55,149,0,0
621348,2022,4,13,"2022-04-13","15:23:00",3,"KY",21,0,1,0,0,60000,0,36.77,-88.64,36.792,-88.592,3.06,100,1,1,1,83,0,0,0,0
621349,2022,4,13,"2022-04-13","15:37:00",3,"MS",28,0,1,0,0,10000,0,32.5159,-90.7829,32.5286,-90.7676,1.25,200,1,1,1,149,0,0,0,0
621350,2022,4,13,"2022-04-13","15:50:00",3,"KY",21,0,0,0,0,10000,0,36.91,-88.31,36.92,-88.3,0.88,25,1,1,1,157,0,0,0,0
621351,2022,4,13,"2022-04-13","15:51:00",3,"KY",21,0,1,0,0,12000,0,36.88,-88.06,36.93,-88,4.78,150,1,1,1,221,143,0,0,0
621352,2022,4,13,"2022-04-13","15:53:00",3,"KY",21,0,0,0,0,8000,0,36.91,-88.29,36.92,-88.29,0.69,25,1,1,1,157,0,0,0,0
621353,2022,4,13,"2022-04-13","16:11:00",3,"LA",22,0,2,0,0,250000,0,32.0117,-92.4006,32.1195,-92.107,18.74,625,1,1,1,127,21,0,0,0
621354,2022,4,13,"2022-04-13","16:22:00",3,"KY",21,0,0,0,0,0,0,37.0107,-87.5425,37.0115,-87.5401,0.14,30,1,1,1,47,0,0,0,0
621355,2022,4,13,"2022-04-13","16:34:00",3,"KY",21,0,0,0,0,2000,0,37.13,-87.57,37.14,-87.56,0.88,25,1,1,1,107,0,0,0,0
621356,2022,4,13,"2022-04-13","17:19:00",3,"MS",28,0,0,0,0,1000,0,32.3152,-90.091,32.3324,-90.0481,2.82,25,1,1,1,121,0,0,0,0
621357,2022,4,13,"2022-04-13","17:45:00",3,"MS",28,0,0,0,0,30000,0,34.9251,-88.5227,34.9241,-88.5197,0.18,25,1,1,1,3,0,0,0,0
621358,2022,4,13,"2022-04-13","18:13:00",3,"KY",21,0,1,0,0,0,0,37.45,-85.874,37.452,-85.832,2.6,200,1,1,1,123,0,0,0,0
621359,2022,4,13,"2022-04-13","18:23:00",3,"KY",21,0,0,0,0,0,0,37.486,-85.68,37.497,-85.621,3.8,200,1,1,1,123,0,0,0,0
621360,2022,4,13,"2022-04-13","18:23:00",3,"KY",21,0,1,0,0,0,0,38.114,-85.613,38.139,-85.497,7.2,175,1,1,1,111,0,0,0,0
621361,2022,4,13,"2022-04-13","18:27:00",3,"IN",18,0,0,0,0,15000,0,39.2185,-85.4947,39.2199,-85.4939,0.11,25,1,1,1,31,0,0,0,0
621362,2022,4,13,"2022-04-13","18:30:00",3,"KY",21,0,0,0,0,0,0,38.0477,-85.4331,38.0477,-85.4331,0.07,30,1,1,1,215,0,0,0,0
621363,2022,4,13,"2022-04-13","18:35:00",3,"KY",21,0,0,0,0,0,0,38.087,-85.333,38.087,-85.333,0.12,60,1,1,1,215,0,0,0,0
621364,2022,4,13,"2022-04-13","18:35:00",3,"MS",28,0,1,0,0,25000,0,32.2239,-90.181,32.2419,-90.101,4.86,250,1,1,1,121,0,0,0,0
621365,2022,4,13,"2022-04-13","18:44:00",3,"KY",21,0,0,0,0,0,0,38.128,-85.208,38.128,-85.208,0.1,50,1,1,1,211,0,0,0,0
621366,2022,4,13,"2022-04-13","18:45:00",3,"KY",21,0,1,0,0,0,0,38.147,-85.171,38.149,-85.168,0.21,100,1,1,1,211,0,0,0,0
621367,2022,4,13,"2022-04-13","18:48:00",3,"KY",21,0,1,0,0,0,0,38.165,-85.126,38.182,-85.065,3.52,125,1,1,1,211,0,0,0,0
621368,2022,4,13,"2022-04-13","18:57:00",3,"MS",28,0,1,0,0,35000,0,32.2878,-89.792,32.2931,-89.6241,9.7,670,1,1,1,121,123,0,0,0
621369,2022,4,13,"2022-04-13","19:05:00",3,"MS",28,0,1,0,0,27000,0,32.7922,-89.3297,32.8715,-89.1729,10.53,400,1,1,1,79,99,0,0,0
621370,2022,4,13,"2022-04-13","19:17:00",3,"MS",28,0,1,0,0,2000,0,32.3226,-89.4313,32.3293,-89.3924,2.32,200,1,1,1,123,0,0,0,0
621371,2022,4,13,"2022-04-13","19:21:00",3,"MS",28,0,1,0,0,170000,0,32.8454,-89.1077,33.0706,-88.7956,24.67,1500,1,1,1,99,159,103,0,0
621372,2022,4,13,"2022-04-13","19:29:00",3,"MS",28,0,1,0,0,5000,0,32.3287,-89.2543,32.3274,-89.2102,2.59,250,1,1,1,101,0,0,0,0
621373,2022,4,13,"2022-04-13","19:36:00",3,"MS",28,0,2,0,0,740000,0,32.1753,-89.1721,32.2976,-88.4532,43.08,1800,1,1,1,61,23,75,0,0
621374,2022,4,13,"2022-04-13","19:44:00",3,"MS",28,0,1,0,0,75000,0,31.6392,-89.3953,31.6623,-89.1556,14.58,500,1,1,1,67,0,0,0,0
621375,2022,4,13,"2022-04-13","19:51:00",3,"MS",28,0,1,0,0,6000,0,33.2636,-88.8424,33.3033,-88.7509,5.83,700,1,1,1,159,103,105,0,0
621376,2022,4,13,"2022-04-13","19:51:00",3,"MS",28,0,1,0,0,8000,0,33.2324,-88.8657,33.2954,-88.6973,10.67,150,1,1,1,159,103,105,0,0
621377,2022,4,13,"2022-04-13","20:03:00",3,"MS",28,0,1,0,0,40000,0,33.3793,-88.7226,33.4125,-88.5668,9.27,450,1,1,1,105,87,0,0,0
621378,2022,4,13,"2022-04-13","20:11:00",3,"MS",28,0,1,0,0,320000,0,33.2246,-88.4875,33.3141,-88.4191,7.49,1000,1,1,1,103,87,0,0,0
621379,2022,4,13,"2022-04-13","20:35:00",3,"AL",1,0,1,0,0,0,0,32.8184,-87.902,32.9356,-87.6329,17.61,400,1,1,1,63,65,0,0,0
621380,2022,4,13,"2022-04-13","21:11:00",3,"AL",1,0,0,0,0,0,0,32.951,-87.444,32.9597,-87.4398,0.65,50,1,1,1,65,0,0,0,0
621381,2022,4,13,"2022-04-13","21:30:00",3,"AL",1,0,0,0,0,0,0,33.5018,-87.566,33.523,-87.479,5.23,300,1,1,1,125,0,0,0,0
621382,2022,4,17,"2022-04-17","18:00:00",3,"MS",28,0,1,0,0,5000,0,31.9613,-89.8453,31.9544,-89.8341,0.81,75,1,1,1,127,0,0,0,0
621383,2022,4,17,"2022-04-17","18:00:00",3,"MS",28,0,1,0,0,50000,0,31.9613,-89.8453,31.9544,-89.8341,0.81,75,1,1,1,127,0,0,0,0
621384,2022,4,17,"2022-04-17","19:01:00",3,"MS",28,0,1,0,0,3000,0,31.7763,-89.1332,31.7767,-89.0845,2.9,150,1,1,1,67,0,0,0,0
621385,2022,4,17,"2022-04-17","19:19:00",3,"MS",28,0,1,0,0,0,0,31.3579,-88.9778,31.3584,-88.9734,0.26,50,1,1,1,111,0,0,0,0
621386,2022,4,17,"2022-04-17","19:52:00",3,"MS",28,0,2,0,0,0,0,31.1805,-88.9366,31.1716,-88.9112,1.66,275,1,1,1,111,0,0,0,0
621387,2022,4,17,"2022-04-17","20:02:00",3,"MS",28,0,2,1,0,0,0,31.2869,-88.7427,31.273,-88.7176,1.77,400,1,1,1,41,0,0,0,0
621388,2022,4,21,"2022-04-21","14:20:00",3,"CA",6,0,-9,0,0,0,0,38.11,-121.48,38.11,-121.48,0.02,16,1,1,1,77,0,0,0,0
621389,2022,4,22,"2022-04-22","19:39:00",3,"SD",46,0,-9,0,0,0,0,44.444,-98.5351,44.4453,-98.5347,0.09,25,1,1,1,5,0,0,0,0
621390,2022,4,22,"2022-04-22","22:42:00",3,"KS",20,0,1,0,0,0,0,38.8851,-101.7555,38.9242,-101.733,3.02,350,1,1,1,199,0,0,0,0
621391,2022,4,22,"2022-04-22","23:28:00",3,"KS",20,0,0,0,0,0,0,39.1053,-101.1829,39.1849,-101.1503,5.77,100,1,1,1,109,193,0,0,0
621392,2022,4,22,"2022-04-22","23:32:00",3,"KS",20,0,-9,0,0,0,0,39.0736,-101.1165,39.2043,-101.0286,10.21,100,1,1,1,109,193,0,0,0
621393,2022,4,23,"2022-04-23","00:20:00",3,"KS",20,0,1,0,0,0,0,39.5062,-100.558,39.5805,-100.5202,5.62,125,1,1,1,179,39,0,0,0
621394,2022,4,23,"2022-04-23","00:28:00",3,"KS",20,0,1,0,0,0,0,39.1473,-100.5375,39.217,-100.4238,7.76,125,1,1,1,179,0,0,0,0
621395,2022,4,23,"2022-04-23","13:35:00",3,"SD",46,0,0,0,0,0,0,45.58,-99.33,45.5801,-99.3295,0.03,10,1,1,1,45,0,0,0,0
621396,2022,4,23,"2022-04-23","14:24:00",3,"ND",38,0,-9,0,0,0,0,46.61,-98.47,46.6148,-98.4723,0.35,25,1,1,1,45,0,0,0,0
621397,2022,4,23,"2022-04-23","17:21:00",3,"IA",19,0,1,0,0,27500,0,41.8472,-93.8058,41.9465,-93.6897,9.09,80,1,1,1,153,15,169,0,0
621398,2022,4,23,"2022-04-23","17:23:00",3,"IA",19,0,-9,0,0,0,0,41.8534,-93.758,41.9043,-93.7236,3.93,60,1,1,1,153,15,0,0,0
621399,2022,4,23,"2022-04-23","17:24:00",3,"IA",19,0,0,0,0,1000,0,41.8077,-93.7029,41.8392,-93.682,2.43,75,1,1,1,153,0,0,0,0
621400,2022,4,23,"2022-04-23","17:55:00",3,"MN",27,0,0,0,0,0,0,47.68,-96.47,47.6839,-96.4685,0.28,50,1,1,1,119,0,0,0,0
621401,2022,4,23,"2022-04-23","18:01:00",3,"OK",40,0,0,0,0,10000,0,35.311,-97.855,35.32,-97.79,3.75,30,1,1,1,51,0,0,0,0
621402,2022,4,23,"2022-04-23","18:15:00",3,"OK",40,0,-9,0,0,0,0,35.332,-97.748,35.332,-97.748,0.3,50,1,1,1,17,0,0,0,0
621403,2022,4,23,"2022-04-23","19:20:00",3,"OK",40,0,0,0,0,2000,0,35.469,-97.214,35.476,-97.203,0.8,30,1,1,1,109,0,0,0,0
621404,2022,4,23,"2022-04-23","19:25:00",3,"OK",40,0,0,0,0,1000,0,35.534,-97.214,35.525,-97.213,0.6,20,1,1,1,109,0,0,0,0
621405,2022,4,24,"2022-04-24","00:57:00",3,"OK",40,0,0,0,0,30000,0,34.723,-97.265,34.724,-97.261,0.3,50,1,1,1,49,0,0,0,0
621406,2022,4,24,"2022-04-24","16:49:00",3,"IL",17,0,1,0,0,0,0,39.6236,-89.2993,39.6283,-89.2837,0.89,50,1,1,1,21,0,0,0,0
621407,2022,4,25,"2022-04-25","12:22:00",3,"OH",39,0,0,0,0,20000,0,41.3081,-81.9736,41.3089,-81.9725,0.08,75,1,1,1,93,0,0,0,0
621408,2022,4,25,"2022-04-25","16:42:00",3,"NY",36,0,0,0,0,25000,0,42.8975,-78.2628,42.8991,-78.2485,0.75,75,1,1,1,37,0,0,0,0
621409,2022,4,26,"2022-04-26","11:04:00",3,"VA",51,0,1,0,0,4e+05,0,38.0796,-79.0172,38.0735,-78.9076,5.98,75,1,1,1,15,820,0,0,0
621410,2022,4,28,"2022-04-28","17:30:00",3,"NE",31,0,-9,0,0,0,0,40.03,-99.43,40.03,-99.43,0.01,20,1,1,1,83,0,0,0,0
621411,2022,4,29,"2022-04-29","15:00:00",3,"FL",12,0,0,0,0,25000,0,26.5285,-81.894,26.5295,-81.8929,0.1,25,1,1,1,71,0,0,0,0
621412,2022,4,29,"2022-04-29","15:52:00",3,"NE",31,0,-9,0,0,0,0,40.04,-99.61,40.03,-99.59,1.26,20,1,1,1,83,0,0,0,0
621413,2022,4,29,"2022-04-29","16:12:00",3,"NE",31,0,-9,0,0,0,0,40.1,-99.51,40.1,-99.51,0.01,20,1,1,1,83,0,0,0,0
621414,2022,4,29,"2022-04-29","16:39:00",3,"NE",31,0,-9,0,0,0,0,40.42,-99.03,40.41,-99.01,1.26,20,1,1,1,99,0,0,0,0
621415,2022,4,29,"2022-04-29","17:31:00",3,"KS",20,0,0,0,0,0,0,38.75,-97.19,38.76,-97.17,1.28,50,1,1,1,41,0,0,0,0
621416,2022,4,29,"2022-04-29","18:05:00",3,"NE",31,0,0,0,0,0,0,40.12,-97.84,40.15,-97.76,4.77,35,1,1,1,129,169,0,0,0
621417,2022,4,29,"2022-04-29","18:52:00",3,"KS",20,0,1,0,0,0,0,38.62,-97.23,38.6087,-97.138,4.17,50,1,1,1,41,115,0,0,0
621418,2022,4,29,"2022-04-29","19:00:00",3,"KS",20,0,1,0,0,0,0,38.68,-97.05,38.76,-96.66,21.76,50,1,1,1,41,127,0,0,0
621419,2022,4,29,"2022-04-29","19:02:00",3,"NE",31,0,1,0,0,0,0,41.46,-97.11,41.48,-97.05,3.35,20,1,1,1,37,0,0,0,0
621420,2022,4,29,"2022-04-29","19:03:00",3,"KS",20,0,0,0,0,0,0,38.3475,-97.3368,38.3477,-97.3354,0.08,30,1,1,1,115,0,0,0,0
621421,2022,4,29,"2022-04-29","19:03:00",3,"KS",20,0,1,0,0,0,0,39.19,-96.38,39.22,-96.18,11.05,100,1,1,1,149,197,149,0,0
621422,2022,4,29,"2022-04-29","19:03:00",3,"KS",20,0,1,0,0,0,0,38.4493,-97.2048,38.4512,-97.1882,0.91,50,1,1,1,115,0,0,0,0
621423,2022,4,29,"2022-04-29","19:10:00",3,"KS",20,0,0,0,0,0,0,38.364,-97.2239,38.3643,-97.2209,0.16,30,1,1,1,115,0,0,0,0
621424,2022,4,29,"2022-04-29","19:10:00",3,"NE",31,0,1,0,0,0,0,40.53,-96.39,40.55,-96.39,0.84,100,1,1,1,131,0,0,0,0
621425,2022,4,29,"2022-04-29","19:10:00",3,"KS",20,0,3,3,0,41500000,0,37.6262,-97.193,37.783,-97.082,12.65,250,1,1,1,173,15,0,0,0
621426,2022,4,29,"2022-04-29","19:18:00",3,"NE",31,0,1,0,0,0,0,40.6072,-96.3882,40.6079,-96.3881,0.05,100,1,1,1,131,0,0,0,0
621427,2022,4,29,"2022-04-29","19:19:00",3,"KS",20,0,-9,0,0,0,0,38.073,-97.443,38.0733,-97.44,0.16,50,1,1,1,79,0,0,0,0
621428,2022,4,29,"2022-04-29","19:37:00",3,"KS",20,0,1,0,0,0,0,39.32,-95.88,39.33,-95.82,3.28,40,1,1,1,85,0,0,0,0
621429,2022,4,29,"2022-04-29","19:47:00",3,"KS",20,0,-9,0,0,0,0,37.78,-96.89,37.78,-96.8865,0.19,50,1,1,1,15,0,0,0,0
621430,2022,4,29,"2022-04-29","20:05:00",3,"KS",20,0,1,0,0,0,0,37.79,-96.72,37.83,-96.58,8.13,100,1,1,1,15,0,0,0,0
621431,2022,4,29,"2022-04-29","20:44:00",3,"KS",20,0,1,0,0,0,0,37.84,-96.41,37.8398,-96.4096,0.03,60,1,1,1,73,0,0,0,0
621432,2022,4,30,"2022-04-30","15:44:00",3,"IL",17,0,0,0,0,0,0,41.837,-87.9453,41.8215,-87.9751,1.9,60,1,1,1,43,0,0,0,0
621433,2022,4,30,"2022-04-30","16:02:00",3,"MO",29,0,0,0,0,30000,0,37.7626,-89.9291,37.764,-89.9284,0.1,50,1,1,1,157,0,0,0,0
621434,2022,4,30,"2022-04-30","16:54:00",3,"IL",17,0,0,0,0,0,0,42.3516,-88.8716,42.3555,-88.8642,0.5,60,1,1,1,7,0,0,0,0
621435,2022,4,30,"2022-04-30","17:07:00",3,"IL",17,0,-9,0,0,0,0,42.4758,-88.7416,42.4745,-88.7432,0.12,30,1,1,1,7,0,0,0,0
621436,2022,4,30,"2022-04-30","17:14:00",3,"AR",5,0,0,0,0,0,5000,34.4541,-92.5564,34.4523,-92.5508,0.34,50,1,1,1,53,0,0,0,0
621437,2022,4,30,"2022-04-30","17:46:00",3,"IL",17,0,-9,0,0,0,0,40.5399,-88.6605,40.544,-88.6583,0.31,30,1,1,1,113,0,0,0,0
621438,2022,4,30,"2022-04-30","17:52:00",3,"AR",5,0,0,0,0,50000,0,34.9509,-91.5458,34.9488,-91.5414,0.29,100,1,1,1,117,0,0,0,0
621220,2022,4,4,"2022-04-04","17:46:00",3,"FL",12,0,0,0,0,20000,0,27.55,-81.6998,27.55,-81.6957,0.25,25,1,1,1,49,0,0,0,0
621221,2022,4,4,"2022-04-04","20:32:00",3,"TX",48,0,1,0,0,2e+05,0,33.2982,-96.4049,33.2994,-96.4004,0.28,188,1,1,1,85,0,0,0,0
621222,2022,4,4,"2022-04-04","21:41:00",3,"TX",48,0,2,1,0,1e+06,0,32.483,-97.4275,32.4584,-97.2669,9.72,150,1,1,1,251,0,0,0,0
621223,2022,4,4,"2022-04-04","21:49:00",3,"TX",48,0,0,0,0,50000,0,32.4195,-97.3302,32.4243,-97.302,1.68,75,1,1,1,251,0,0,0,0
621224,2022,4,4,"2022-04-04","21:58:00",3,"TX",48,0,0,0,0,1e+05,0,32.4657,-97.241,32.4654,-97.1575,4.87,200,1,1,1,251,0,0,0,0
621225,2022,4,4,"2022-04-04","22:06:00",3,"TX",48,0,0,0,0,2e+05,0,32.4518,-97.1176,32.4861,-97.0947,2.82,50,1,1,1,251,0,0,0,0
621226,2022,4,4,"2022-04-04","22:13:00",3,"TX",48,0,0,0,0,50000,0,32.4769,-97.0556,32.473,-97.0316,1.44,30,1,1,1,139,0,0,0,0
621227,2022,4,5,"2022-04-05","02:45:00",3,"LA",22,0,1,0,0,10000,0,32.6958,-92.5409,32.6888,-92.4537,5.09,150,1,1,1,61,111,0,0,0
621228,2022,4,5,"2022-04-05","05:46:00",3,"MS",28,0,1,0,0,40000,0,32.2334,-89.6569,32.2485,-89.5287,7.59,100,1,1,1,123,0,0,0,0
621229,2022,4,5,"2022-04-05","06:00:00",3,"MS",28,0,1,0,0,25000,0,32.2587,-89.4501,32.28,-89.3752,4.67,300,1,1,1,123,0,0,0,0
621230,2022,4,5,"2022-04-05","06:06:00",3,"MS",28,0,1,0,0,40000,0,31.6657,-89.8662,31.6721,-89.8154,3.06,100,1,1,1,65,0,0,0,0
621231,2022,4,5,"2022-04-05","06:09:00",3,"MS",28,0,1,0,0,25000,0,32.2996,-89.3324,32.3029,-89.2939,2.14,100,1,1,1,123,101,0,0,0
621232,2022,4,5,"2022-04-05","06:09:00",3,"MS",28,0,2,0,0,150000,0,31.6955,-89.8325,31.6683,-89.5853,14.76,400,1,1,1,65,31,0,0,0
621233,2022,4,5,"2022-04-05","06:16:00",3,"MS",28,0,1,0,0,75000,0,32.3229,-89.2222,32.3295,-89.154,4.03,100,1,1,1,101,0,0,0,0
621234,2022,4,5,"2022-04-05","06:22:00",3,"MS",28,0,1,0,0,81000,0,31.6975,-89.6465,31.6662,-89.3663,16.52,440,1,1,1,31,67,0,0,0
621235,2022,4,5,"2022-04-05","06:56:00",3,"MS",28,0,1,0,0,50000,0,31.5631,-89.1551,31.5912,-89.0143,8.56,250,1,1,1,67,0,0,0,0
621236,2022,4,5,"2022-04-05","07:06:00",3,"MS",28,0,1,0,0,150000,0,31.9392,-88.8424,31.9241,-88.797,2.87,250,1,1,1,23,0,0,0,0
621237,2022,4,5,"2022-04-05","07:14:00",3,"MS",28,0,2,0,0,0,0,31.6636,-88.8118,31.6732,-88.7784,2.21,250,1,1,1,153,0,0,0,0
621238,2022,4,5,"2022-04-05","07:18:00",3,"MS",28,0,0,0,0,30000,0,32.2828,-88.5065,32.2911,-88.4651,2.55,25,1,1,1,75,0,0,0,0
621239,2022,4,5,"2022-04-05","07:19:00",3,"MS",28,0,1,0,0,0,0,31.6704,-88.7751,31.6709,-88.7323,2.56,100,1,1,1,153,0,0,0,0
621240,2022,4,5,"2022-04-05","07:36:00",3,"MS",28,0,1,0,0,0,0,31.6856,-88.531,31.6863,-88.5261,0.29,50,1,1,1,153,0,0,0,0
621241,2022,4,5,"2022-04-05","08:03:00",3,"AL",1,0,2,0,0,0,0,31.7731,-88.1682,31.8147,-88.0162,9.46,800,1,1,1,25,0,0,0,0
621242,2022,4,5,"2022-04-05","08:10:00",3,"AL",1,0,1,0,0,0,0,31.797,-88.0528,31.806,-88.0281,1.83,100,1,1,1,25,0,0,0,0
621243,2022,4,5,"2022-04-05","09:10:00",3,"AL",1,0,1,0,0,0,0,31.7302,-87.1352,31.7421,-87.1135,1.52,75,1,1,1,99,0,0,0,0
621244,2022,4,5,"2022-04-05","09:54:00",3,"AL",1,0,2,0,0,0,0,32.5183,-86.2036,32.5399,-86.1344,4.36,900,1,1,1,51,0,0,0,0
621245,2022,4,5,"2022-04-05","09:56:00",3,"AL",1,0,2,0,0,0,0,31.8712,-86.2108,31.8833,-86.193,1.34,250,1,1,1,41,0,0,0,0
621246,2022,4,5,"2022-04-05","10:03:00",3,"AL",1,0,2,0,0,0,0,31.896,-86.1267,32.0474,-86.0047,12.68,1100,1,1,1,109,101,0,0,0
621247,2022,4,5,"2022-04-05","10:06:00",3,"AL",1,0,0,0,0,0,0,32.5728,-86.0225,32.6103,-85.9444,5.31,300,1,1,1,51,0,0,0,0
621248,2022,4,5,"2022-04-05","10:19:00",3,"AL",1,0,1,0,0,0,0,32.4656,-85.8051,32.5099,-85.7551,4.25,250,1,1,1,87,0,0,0,0
621249,2022,4,5,"2022-04-05","10:20:00",3,"AL",1,0,-9,0,0,0,0,31.8712,-86.2108,31.8752,-86.2051,0.43,25,1,1,1,41,0,0,0,0
621250,2022,4,5,"2022-04-05","10:22:00",3,"AL",1,0,0,0,0,0,0,32.6498,-85.8352,32.6678,-85.8144,1.75,110,1,1,1,123,0,0,0,0
621251,2022,4,5,"2022-04-05","10:34:00",3,"AL",1,0,0,0,0,0,0,31.9833,-86.0358,32.0056,-85.9095,7.56,550,1,1,1,101,109,0,0,0
621252,2022,4,5,"2022-04-05","10:45:00",3,"AL",1,0,0,0,0,0,0,32.8765,-85.53,32.8803,-85.524,0.44,200,1,1,1,17,0,0,0,0
621253,2022,4,5,"2022-04-05","10:50:00",3,"AL",1,0,1,0,0,0,0,32.0402,-85.8342,32.0445,-85.8079,1.58,600,1,1,1,11,0,0,0,0
621254,2022,4,5,"2022-04-05","11:38:00",3,"AL",1,0,1,0,0,0,0,31.9176,-85.1598,31.9275,-85.1364,1.54,200,1,1,1,5,0,0,0,0
621255,2022,4,5,"2022-04-05","12:04:00",3,"GA",13,0,1,0,0,0,0,32.3804,-84.756,32.433,-84.6591,6.72,300,1,1,1,53,0,0,0,0
621256,2022,4,5,"2022-04-05","12:24:00",3,"AL",1,0,0,0,0,0,0,31.394,-85.4025,31.3817,-85.3577,2.77,50,1,1,1,67,0,0,0,0
621257,2022,4,5,"2022-04-05","12:29:00",3,"GA",13,0,1,0,0,0,0,32.5325,-84.4431,32.5492,-84.3949,3.04,150,1,1,1,269,0,0,0,0
621258,2022,4,5,"2022-04-05","12:38:00",3,"AL",1,0,0,0,0,150000,0,31.1445,-85.5518,31.1316,-85.4376,6.84,200,1,1,1,61,69,0,0,0
621259,2022,4,5,"2022-04-05","12:39:00",3,"AL",1,0,1,0,0,3000,3000,31.1497,-85.5123,31.1472,-85.511,0.19,50,1,1,1,61,0,0,0,0
621260,2022,4,5,"2022-04-05","12:50:00",3,"GA",13,0,1,0,0,0,0,32.615,-84.2418,32.6717,-84.1379,7.2,300,1,1,1,269,0,0,0,0
621261,2022,4,5,"2022-04-05","12:53:00",3,"AL",1,0,0,0,0,50000,0,31.1932,-85.3078,31.1929,-85.3067,0.07,25,1,1,1,69,0,0,0,0
621262,2022,4,5,"2022-04-05","13:01:00",3,"GA",13,0,1,0,0,0,0,32.307,-84.169,32.3913,-83.8893,17.33,250,1,1,1,193,0,0,0,0
621263,2022,4,5,"2022-04-05","13:07:00",3,"GA",13,0,1,0,0,0,0,32.6957,-84.056,32.7498,-83.9184,8.83,200,1,1,1,79,0,0,0,0
621264,2022,4,5,"2022-04-05","13:15:00",3,"GA",13,0,1,0,0,0,0,31.296,-84.9101,31.3188,-84.8308,4.94,50,1,1,1,99,0,0,0,0
621265,2022,4,5,"2022-04-05","13:15:00",3,"GA",13,0,1,0,0,50000,0,31.2568,-84.9327,31.2565,-84.8119,7.14,50,1,1,1,99,0,0,0,0
621266,2022,4,5,"2022-04-05","13:26:00",3,"GA",13,0,2,0,0,0,0,32.189,-83.8806,32.2094,-83.7843,5.8,300,1,1,1,93,0,0,0,0
621267,2022,4,5,"2022-04-05","13:33:00",3,"GA",13,0,1,0,0,0,0,32.8716,-83.697,32.8816,-83.6642,2.02,100,1,1,1,21,0,0,0,0
621268,2022,4,5,"2022-04-05","13:49:00",3,"GA",13,0,3,3,0,0,0,32.548,-83.6024,32.578,-83.5458,3.89,820,1,1,1,153,0,0,0,0
621269,2022,4,5,"2022-04-05","13:50:00",3,"SC",45,0,3,1,0,0,0,32.9286,-81.3756,33.0518,-81.1998,13.28,1000,1,1,1,5,0,0,0,0
621270,2022,4,5,"2022-04-05","13:51:00",3,"GA",13,0,0,0,0,0,0,31.38,-84.33,31.3845,-84.3206,0.64,25,1,1,1,7,0,0,0,0
621271,2022,4,5,"2022-04-05","14:01:00",3,"GA",13,0,0,0,0,0,0,33.095,-83.3493,33.1185,-83.3409,1.69,150,1,1,1,9,0,0,0,0
621272,2022,4,5,"2022-04-05","14:11:00",3,"GA",13,0,1,0,0,0,0,32.6484,-83.3773,32.7144,-83.1802,12.35,400,1,1,1,289,319,0,0,0
621273,2022,4,5,"2022-04-05","14:12:00",3,"GA",13,0,1,0,0,1e+05,0,31.3206,-84.1347,31.2987,-83.9999,8.1,50,1,1,1,205,0,0,0,0
621274,2022,4,5,"2022-04-05","14:14:00",3,"GA",13,0,1,0,0,0,0,32.3497,-83.3145,32.3818,-83.1899,7.62,125,1,1,1,23,91,0,0,0
621275,2022,4,5,"2022-04-05","14:18:00",3,"SC",45,0,1,0,0,0,0,33.0736,-81.0799,33.1125,-81.0357,3.73,250,1,1,1,9,0,0,0,0
621276,2022,4,5,"2022-04-05","14:20:00",3,"GA",13,0,0,0,0,0,0,31.9286,-83.3573,31.981,-83.2108,9.38,200,1,1,1,315,91,0,0,0
621277,2022,4,5,"2022-04-05","14:39:00",3,"SC",45,0,0,0,0,0,0,33.1807,-80.9262,33.1924,-80.8881,2.35,200,1,1,1,9,0,0,0,0
621278,2022,4,5,"2022-04-05","14:53:00",3,"SC",45,0,0,0,0,0,0,33.2472,-80.7916,33.2577,-80.78,0.99,50,1,1,1,75,0,0,0,0
621279,2022,4,5,"2022-04-05","15:07:00",3,"SC",45,0,0,0,0,0,0,33.334,-80.6961,33.3417,-80.6868,0.76,200,1,1,1,75,0,0,0,0
621280,2022,4,5,"2022-04-05","15:10:00",3,"GA",13,0,0,0,0,0,0,32.4624,-82.5512,32.467,-82.5372,0.88,100,1,1,1,283,0,0,0,0
621281,2022,4,5,"2022-04-05","15:17:00",3,"GA",13,0,1,0,0,0,0,32.4467,-82.426,32.4554,-82.4176,0.78,200,1,1,1,283,0,0,0,0
621282,2022,4,5,"2022-04-05","15:18:00",3,"GA",13,0,4,12,1,0,0,32.1202,-81.6561,32.1854,-81.4225,14.39,1300,1,1,1,29,0,0,0,0
621283,2022,4,5,"2022-04-05","15:22:00",3,"GA",13,0,1,0,0,0,0,32.5482,-82.4197,32.6003,-82.3324,6.23,150,1,1,1,107,0,0,0,0
621284,2022,4,5,"2022-04-05","15:27:00",3,"GA",13,0,0,0,0,0,0,32.5211,-82.3086,32.5278,-82.2997,0.7,50,1,1,1,107,0,0,0,0
621285,2022,4,5,"2022-04-05","15:35:00",3,"SC",45,0,2,1,0,0,0,33.791,-81.4923,33.8328,-81.4072,5.68,100,1,1,1,3,63,0,0,0
621286,2022,4,5,"2022-04-05","16:03:00",3,"SC",45,0,1,0,0,0,0,33.1124,-81.2277,33.1118,-81.2055,1.29,100,1,1,1,5,0,0,0,0
621287,2022,4,5,"2022-04-05","16:03:00",3,"SC",45,0,3,0,0,0,0,33.0993,-81.218,33.3642,-80.7123,34.49,500,1,1,1,5,9,75,0,0
621288,2022,4,5,"2022-04-05","16:20:00",3,"SC",45,0,0,0,0,0,0,32.8435,-81.0761,32.8561,-81.0502,1.74,250,1,1,1,49,0,0,0,0
621289,2022,4,5,"2022-04-05","16:20:00",3,"SC",45,0,1,0,0,0,0,33.8261,-81.0973,33.8518,-81.0003,5.85,40,1,1,1,63,17,0,0,0
621290,2022,4,5,"2022-04-05","16:30:00",3,"GA",13,0,1,0,0,0,0,32.4398,-83.1547,32.4523,-83.1281,1.78,250,1,1,1,23,175,0,0,0
621291,2022,4,5,"2022-04-05","17:12:00",3,"SC",45,0,0,0,0,0,0,33.169,-80.5188,33.2106,-80.4357,5.6,50,1,1,1,35,0,0,0,0
621292,2022,4,5,"2022-04-05","17:38:00",3,"SC",45,0,2,0,0,0,0,33.6907,-80.2292,33.7196,-80.1961,2.76,140,1,1,1,27,0,0,0,0
621293,2022,4,5,"2022-04-05","17:51:00",3,"SC",45,0,1,0,0,0,0,33.8947,-79.3035,33.9472,-79.2337,5.4,50,1,1,1,67,51,0,0,0
621294,2022,4,6,"2022-04-06","13:29:00",3,"GA",13,0,1,0,0,1e+05,0,31.8932,-84.0132,31.9142,-83.961,3.36,100,1,1,1,177,261,0,0,0
621295,2022,4,6,"2022-04-06","15:23:00",3,"FL",12,0,0,0,0,153000,0,26.8307,-80.1042,26.823,-80.1067,0.55,100,1,1,1,99,0,0,0,0
621296,2022,4,6,"2022-04-06","17:14:00",3,"GA",13,0,0,0,0,0,0,30.6943,-83.5056,30.7613,-83.3374,11.12,200,1,1,1,27,185,0,0,0
621297,2022,4,6,"2022-04-06","17:45:00",3,"GA",13,0,0,0,0,0,0,32.575,-83.2443,32.555,-83.1871,3.62,100,1,1,1,289,23,175,0,0
621298,2022,4,6,"2022-04-06","17:52:00",3,"GA",13,0,1,0,0,0,0,32.4901,-83.1557,32.4819,-83.0722,4.9,150,1,1,1,175,0,0,0,0
621299,2022,4,6,"2022-04-06","17:53:00",3,"GA",13,0,1,0,0,0,0,32.3725,-83.1406,32.338,-82.8632,16.36,200,1,1,1,91,175,0,0,0
621300,2022,4,6,"2022-04-06","18:22:00",3,"GA",13,0,1,0,0,0,0,32.6714,-82.5734,32.7085,-82.4359,8.41,500,1,1,1,167,107,0,0,0
621301,2022,4,6,"2022-04-06","18:22:00",3,"GA",13,0,1,0,0,0,0,32.5532,-82.573,32.602,-82.3078,15.8,500,1,1,1,107,0,0,0,0
621302,2022,4,6,"2022-04-06","18:39:00",3,"GA",13,0,1,0,0,0,0,32.3883,-83.3783,32.3748,-83.1839,11.39,150,1,1,1,23,91,0,0,0
621303,2022,4,6,"2022-04-06","19:12:00",3,"GA",13,0,1,0,0,60000,0,30.8722,-83.7478,30.9288,-83.6334,7.92,300,1,1,1,275,27,0,0,0
621304,2022,4,6,"2022-04-06","20:59:00",3,"SC",45,0,0,0,0,0,0,32.9187,-80.7411,32.9171,-80.7237,1.02,100,1,1,1,29,0,0,0,0
621305,2022,4,6,"2022-04-06","21:17:00",3,"GA",13,0,-9,0,0,0,0,31.3122,-83.797,31.34,-83.6219,10.64,25,1,1,1,71,321,277,0,0
621306,2022,4,6,"2022-04-06","21:36:00",3,"GA",13,0,1,0,0,1e+05,0,30.8135,-83.9951,30.8179,-83.9677,1.65,200,1,1,1,275,0,0,0,0
621307,2022,4,7,"2022-04-07","00:31:00",3,"FL",12,0,1,0,0,0,0,30.7515,-81.9637,30.764,-81.9114,3.22,30,1,1,1,89,0,0,0,0
621308,2022,4,7,"2022-04-07","03:50:00",3,"GA",13,0,1,0,0,1e+05,0,31.7962,-83.4726,31.7967,-83.4684,0.25,75,1,1,1,287,0,0,0,0
621506,2022,5,11,"2022-05-11","16:33:00",3,"MN",27,0,1,0,0,0,1000,43.9142,-95.504,43.9517,-95.4582,3.47,75,1,1,1,101,33,0,0,0
621507,2022,5,11,"2022-05-11","16:46:00",3,"MN",27,0,-9,0,0,0,0,43.9671,-95.2985,43.9676,-95.2977,0.05,25,1,1,1,33,0,0,0,0
621508,2022,5,11,"2022-05-11","16:47:00",3,"MN",27,0,1,0,0,0,0,44.0338,-95.3368,44.0411,-95.3223,0.88,50,1,1,1,33,0,0,0,0
621509,2022,5,11,"2022-05-11","17:10:00",3,"MN",27,0,-9,0,0,0,0,44.0792,-94.9709,44.0796,-94.9703,0.04,25,1,1,1,33,0,0,0,0
621510,2022,5,11,"2022-05-11","17:51:00",3,"MN",27,0,0,0,0,0,0,44.2215,-94.4585,44.243,-94.4509,1.53,50,1,1,1,15,0,0,0,0
621511,2022,5,11,"2022-05-11","18:37:00",3,"MN",27,0,0,0,0,0,0,44.6386,-93.9182,44.7044,-93.856,5.49,50,1,1,1,143,19,0,0,0
621512,2022,5,11,"2022-05-11","19:29:00",3,"MN",27,0,0,0,0,0,0,45.1844,-93.272,45.2193,-93.2299,3.16,50,1,1,1,3,0,0,0,0
621513,2022,5,12,"2022-05-12","16:39:00",3,"SD",46,0,2,0,0,0,0,44.5731,-96.8389,44.5786,-96.8342,0.44,40,1,1,1,39,0,0,0,0
621514,2022,5,12,"2022-05-12","16:40:00",3,"SD",46,0,1,1,0,0,0,44.7388,-97.2897,44.7458,-97.2938,0.52,20,1,1,1,57,0,0,0,0
621515,2022,5,12,"2022-05-12","16:45:00",3,"SD",46,0,0,0,0,0,0,44.99,-97.9055,44.99,-97.9055,0.02,10,1,1,1,25,0,0,0,0
621516,2022,5,12,"2022-05-12","16:45:00",3,"SD",46,0,0,0,0,0,0,44.8322,-97.5491,44.8366,-97.5509,0.32,10,1,1,1,25,0,0,0,0
621517,2022,5,12,"2022-05-12","16:45:00",3,"SD",46,0,2,1,0,0,0,44.717,-97.0279,44.7454,-97.0286,1.96,80,1,1,1,57,0,0,0,0
621518,2022,5,12,"2022-05-12","16:58:00",3,"SD",46,0,2,1,0,0,0,44.7733,-96.4598,44.7777,-96.4536,0.43,60,1,1,1,39,0,0,0,0
621519,2022,5,12,"2022-05-12","16:59:00",3,"SD",46,0,1,0,0,0,0,44.8163,-96.4886,44.8446,-96.476,2.05,10,1,1,1,39,0,0,0,0
621520,2022,5,12,"2022-05-12","17:02:00",3,"SD",46,0,1,0,0,0,0,45.0011,-97.5774,45.0071,-97.572,0.49,20,1,1,1,25,0,0,0,0
621521,2022,5,12,"2022-05-12","17:02:00",3,"SD",46,0,1,0,0,0,0,45.0048,-97.1902,45.0074,-97.1917,0.2,50,1,1,1,29,0,0,0,0
621522,2022,5,12,"2022-05-12","17:05:00",3,"SD",46,0,1,0,0,0,0,44.8841,-96.652,44.8875,-96.6527,0.24,50,1,1,1,39,0,0,0,0
621523,2022,5,12,"2022-05-12","17:09:00",3,"MN",27,0,1,0,0,0,0,45.0059,-96.1859,45.0177,-96.1788,0.89,50,1,1,1,73,0,0,0,0
621524,2022,5,12,"2022-05-12","17:13:00",3,"SD",46,0,1,0,0,0,0,45.2348,-97.4948,45.2364,-97.4956,0.12,35,1,1,1,37,0,0,0,0
621525,2022,5,12,"2022-05-12","17:15:00",3,"SD",46,0,1,0,0,0,0,45.0884,-96.4798,45.0919,-96.4697,0.55,20,1,1,1,51,0,0,0,0
621526,2022,5,12,"2022-05-12","17:19:00",3,"SD",46,0,1,0,0,0,0,45.2177,-96.7813,45.2363,-96.7772,1.3,10,1,1,1,51,0,0,0,0
621527,2022,5,12,"2022-05-12","17:19:00",3,"MN",27,0,1,0,0,0,0,45.1481,-96.1252,45.163,-96.1183,1.08,50,1,1,1,73,0,0,0,0
621528,2022,5,12,"2022-05-12","17:50:00",3,"MN",27,0,0,0,0,0,0,45.3534,-95.2893,45.3812,-95.2756,2.03,50,1,1,1,151,0,0,0,0
621529,2022,5,12,"2022-05-12","17:51:00",3,"MN",27,0,1,0,0,0,0,45.7151,-96.3072,45.7401,-96.2958,1.81,20,1,1,1,155,0,0,0,0
621530,2022,5,12,"2022-05-12","17:52:00",3,"SD",46,0,0,0,0,0,0,45.783,-96.9281,45.7868,-96.9241,0.33,10,1,1,1,109,0,0,0,0
621531,2022,5,12,"2022-05-12","17:52:00",3,"MN",27,0,0,0,0,0,0,45.6663,-95.5279,45.6938,-95.5218,1.92,25,1,1,1,121,0,0,0,0
621532,2022,5,12,"2022-05-12","17:59:00",3,"MN",27,0,0,0,0,0,0,45.843,-96.2661,45.9063,-96.2542,4.41,20,1,1,1,155,0,0,0,0
621533,2022,5,12,"2022-05-12","18:01:00",3,"IA",19,0,-9,0,0,0,0,42.3592,-96.3417,42.3602,-96.3411,0.08,50,1,1,1,193,0,0,0,0
621534,2022,5,12,"2022-05-12","18:07:00",3,"MN",27,0,1,0,0,0,0,45.95,-96.26,45.9895,-96.2375,2.94,50,1,1,1,51,0,0,0,0
621535,2022,5,12,"2022-05-12","18:10:00",3,"ND",38,0,1,0,0,0,0,45.96,-96.72,46.0076,-96.7023,3.39,150,1,1,1,77,0,0,0,0
621536,2022,5,12,"2022-05-12","18:12:00",3,"MN",27,0,1,0,0,0,0,45.9062,-95.3967,45.9403,-95.3781,2.52,200,1,1,1,41,0,0,0,0
621537,2022,5,12,"2022-05-12","18:16:00",3,"MN",27,0,2,0,0,0,0,46.0263,-96.483,46.1464,-96.3752,9.77,100,1,1,1,167,0,0,0,0
621538,2022,5,12,"2022-05-12","18:17:00",3,"MN",27,0,0,0,0,0,0,45.7447,-94.9528,45.7637,-94.947,1.34,25,1,1,1,145,0,0,0,0
621539,2022,5,12,"2022-05-12","18:31:00",3,"MN",27,0,1,0,0,0,0,46.26,-95.75,46.308,-95.7208,3.6,100,1,1,1,111,0,0,0,0
621540,2022,5,12,"2022-05-12","18:33:00",3,"MN",27,0,1,0,0,0,0,46.1046,-94.9627,46.1467,-94.9309,3.28,100,1,1,1,153,0,0,0,0
621541,2022,5,12,"2022-05-12","18:40:00",3,"MN",27,0,0,0,0,0,0,46.3123,-95.5963,46.3234,-95.5856,0.92,50,1,1,1,111,0,0,0,0
621542,2022,5,12,"2022-05-12","18:46:00",3,"MN",27,0,0,0,0,0,0,46.1159,-94.6098,46.1448,-94.5667,2.87,50,1,1,1,97,0,0,0,0
621543,2022,5,12,"2022-05-12","18:50:00",3,"MN",27,0,2,0,0,0,0,46.3581,-95.0453,46.5995,-94.9068,18.2,500,1,1,1,153,159,0,0,0
621544,2022,5,12,"2022-05-12","18:51:00",3,"MN",27,0,1,0,0,750000,0,46.1664,-94.5196,46.2153,-94.4941,3.59,100,1,1,1,97,0,0,0,0
621545,2022,5,13,"2022-05-13","15:49:00",3,"IL",17,0,-9,0,0,0,0,40.5798,-90.6815,40.5802,-90.6787,0.15,10,1,1,1,109,0,0,0,0
621546,2022,5,13,"2022-05-13","16:08:00",3,"IL",17,0,-9,0,0,0,0,40.884,-90.6606,40.8849,-90.6587,0.12,10,1,1,1,187,0,0,0,0
621547,2022,5,13,"2022-05-13","16:20:00",3,"IL",17,0,-9,0,0,0,0,40.8897,-90.661,40.8903,-90.659,0.11,10,1,1,1,187,0,0,0,0
621548,2022,5,15,"2022-05-15","11:44:00",3,"FL",12,0,0,0,0,0,0,30.46,-81.65,30.46,-81.65,0.01,1,1,1,1,31,0,0,0,0
621549,2022,5,15,"2022-05-15","14:54:00",3,"IL",17,0,-9,0,0,0,0,38.64,-89.012,38.64,-89.01,0.11,30,1,1,1,121,0,0,0,0
621550,2022,5,16,"2022-05-16","16:22:00",3,"NH",33,0,1,0,0,6000,0,43.3086,-72.3878,43.3659,-72.3362,4.8,330,1,1,1,19,0,0,0,0
621551,2022,5,16,"2022-05-16","18:19:00",3,"CO",8,0,0,0,0,0,0,40.73,-102.99,40.73,-102.99,0.1,20,1,1,1,75,0,0,0,0
621552,2022,5,16,"2022-05-16","18:20:00",3,"NC",37,0,1,0,0,0,0,35.17,-77.18,35.17,-77.18,0.1,80,1,1,1,49,0,0,0,0
621553,2022,5,16,"2022-05-16","19:41:00",3,"NE",31,0,-9,0,0,0,0,40.9,-101.79,40.9,-101.79,0.01,10,1,1,1,135,0,0,0,0
621554,2022,5,16,"2022-05-16","19:52:00",3,"NE",31,0,-9,0,0,0,0,41.06,-102.07,41.06,-102.07,0.01,10,1,1,1,49,0,0,0,0
621555,2022,5,17,"2022-05-17","15:43:00",3,"KS",20,0,-9,0,0,0,0,39.9545,-100.2829,39.9577,-100.2485,1.84,100,1,1,1,39,0,0,0,0
621556,2022,5,17,"2022-05-17","16:10:00",3,"NE",31,0,-9,0,0,0,0,40.16,-100.13,40.16,-100.13,0.01,20,1,1,1,65,0,0,0,0
621557,2022,5,17,"2022-05-17","16:14:00",3,"NE",31,0,-9,0,0,0,0,40.03,-99.88,40.03,-99.88,0.01,20,1,1,1,65,0,0,0,0
621558,2022,5,17,"2022-05-17","18:46:00",3,"KS",20,0,-9,0,0,0,0,39.1297,-100.3664,39.1273,-100.3564,0.56,50,1,1,1,63,0,0,0,0
621559,2022,5,17,"2022-05-17","18:47:00",3,"ND",38,0,-9,0,0,0,0,48.86,-100.83,48.8623,-100.8237,0.33,50,1,1,1,9,0,0,0,0
621560,2022,5,18,"2022-05-18","15:16:00",3,"MN",27,0,0,0,0,0,0,46.9438,-92.0955,46.9462,-92.0298,3.1,50,1,1,1,137,0,0,0,0
621561,2022,5,19,"2022-05-19","13:54:00",3,"MO",29,0,1,0,0,40000,0,37.63,-92.01,37.672,-91.9997,2.96,200,1,1,1,161,0,0,0,0
621562,2022,5,19,"2022-05-19","14:19:00",3,"MO",29,0,1,0,0,0,0,37.85,-91.7488,37.8641,-91.7481,0.97,100,1,1,1,161,0,0,0,0
621563,2022,5,19,"2022-05-19","15:16:00",3,"MO",29,0,0,0,0,20000,0,38.305,-91.041,38.341,-91.05,2.53,50,1,1,1,71,0,0,0,0
621564,2022,5,19,"2022-05-19","15:23:00",3,"MO",29,0,1,0,0,30000,0,38.378,-91.224,38.395,-91.233,1.27,100,1,1,1,71,0,0,0,0
621565,2022,5,19,"2022-05-19","15:50:00",3,"MO",29,0,0,0,0,0,0,38.505,-90.5753,38.507,-90.575,0.14,20,1,1,1,189,0,0,0,0
621566,2022,5,19,"2022-05-19","15:58:00",3,"MO",29,0,0,0,0,50000,0,38.582,-90.398,38.623,-90.379,3.01,75,1,1,1,189,0,0,0,0
621567,2022,5,19,"2022-05-19","16:03:00",3,"MO",29,0,0,0,0,20000,0,38.63,-90.418,38.648,-90.41,1.32,50,1,1,1,189,0,0,0,0
621568,2022,5,19,"2022-05-19","16:06:00",3,"MO",29,0,0,0,0,50000,0,38.679,-90.47,38.69,-90.474,0.79,50,1,1,1,189,0,0,0,0
621569,2022,5,19,"2022-05-19","16:44:00",3,"IL",17,0,0,0,0,10000,0,38.614,-89.751,38.617,-89.749,0.23,50,1,1,1,163,0,0,0,0
621570,2022,5,19,"2022-05-19","16:53:00",3,"IL",17,0,0,0,0,30000,0,38.424,-89.5,38.442,-89.48,1.65,50,1,1,1,27,0,0,0,0
621571,2022,5,19,"2022-05-19","16:57:00",3,"IL",17,0,1,0,0,70000,0,38.663,-89.519,38.882,-89.391,16.65,250,1,1,1,27,5,0,0,0
621572,2022,5,19,"2022-05-19","19:20:00",3,"WI",55,0,0,0,0,90000,0,43.8881,-90.7469,43.8888,-90.7414,0.28,60,1,1,1,81,0,0,0,0
621573,2022,5,19,"2022-05-19","20:31:00",3,"IL",17,0,2,0,0,705000,0,38.3439,-87.8778,38.609,-87.4,26.85,300,2,0,1,0,0,0,0,0
621573,2022,5,19,"2022-05-19","20:31:00",3,"IL",17,0,2,0,0,5e+05,0,38.3439,-87.8778,38.41,-87.745,8.52,300,2,1,2,185,0,0,0,0
621573,2022,5,19,"2022-05-19","20:39:00",3,"IN",18,0,1,0,0,205000,0,38.41,-87.745,38.609,-87.4,18.33,300,2,1,2,51,83,0,0,0
621574,2022,5,20,"2022-05-20","13:35:00",3,"MI",26,0,3,44,2,50175000,0,44.9743,-84.8794,45.0555,-84.5408,17.54,200,1,1,1,9,137,0,0,0
621575,2022,5,20,"2022-05-20","15:09:00",3,"NJ",34,0,0,0,0,0,0,40.415,-74.211,40.419,-74.196,0.84,225,1,1,1,25,0,0,0,0
621576,2022,5,21,"2022-05-21","13:40:00",3,"IN",18,0,0,0,0,30000,0,39.2795,-86.1359,39.2803,-86.1303,0.3,25,1,1,1,13,0,0,0,0
621577,2022,5,21,"2022-05-21","13:45:00",3,"AR",5,0,0,0,0,0,0,35.91,-93.38,35.9247,-93.3758,1.04,100,1,1,1,101,0,0,0,0
621578,2022,5,21,"2022-05-21","13:48:00",3,"IN",18,0,0,0,0,40000,0,39.3524,-86.0329,39.353,-86.0313,0.1,25,1,1,1,81,0,0,0,0
621579,2022,5,21,"2022-05-21","13:57:00",3,"IN",18,0,1,0,0,150000,0,39.388,-85.951,39.45,-85.705,14.6,100,1,1,1,145,0,0,0,0
621580,2022,5,21,"2022-05-21","13:58:00",3,"IN",18,0,1,0,0,20000,0,39.375,-85.907,39.375,-85.903,0.23,25,1,1,1,145,0,0,0,0
621581,2022,5,21,"2022-05-21","18:00:00",3,"AR",5,0,-9,0,0,0,0,34.4608,-93.2497,34.462,-93.2486,0.1,50,1,1,1,51,0,0,0,0
621582,2022,5,21,"2022-05-21","23:12:00",3,"LA",22,0,1,0,0,50000,0,32.9084,-93.931,32.9179,-93.907,1.57,200,1,1,1,17,0,0,0,0
621583,2022,5,23,"2022-05-23","11:36:00",3,"NC",37,0,1,0,0,30000,0,35.246,-80.714,35.346,-80.593,9.76,100,1,1,1,119,25,0,0,0
621584,2022,5,23,"2022-05-23","14:07:00",3,"NC",37,0,0,0,0,150000,0,36.0455,-78.8639,36.0274,-78.8797,1.53,100,1,1,1,63,0,0,0,0
621585,2022,5,23,"2022-05-23","16:35:00",3,"SC",45,0,0,0,0,0,0,34.572,-80.983,34.578,-80.98,0.45,25,1,1,1,23,0,0,0,0
621586,2022,5,23,"2022-05-23","17:09:00",3,"SC",45,0,1,0,0,40000,0,35.072,-81.945,35.12,-81.873,5.25,200,1,1,1,83,0,0,0,0
621587,2022,5,23,"2022-05-23","17:50:00",3,"TX",48,0,-9,0,0,0,0,33.8136,-102.8465,33.8143,-102.8292,0.99,50,1,1,1,79,0,0,0,0
621588,2022,5,23,"2022-05-23","18:03:00",3,"TX",48,0,2,0,0,0,0,33.8093,-102.786,33.8342,-102.7815,2.85,1400,1,1,1,79,17,0,0,0
621589,2022,5,23,"2022-05-23","18:13:00",3,"TX",48,0,-9,0,0,0,0,33.8213,-102.7178,33.835,-102.7157,0.68,50,1,1,1,79,17,0,0,0
621590,2022,5,23,"2022-05-23","18:40:00",3,"TX",48,0,-9,0,0,0,0,33.7937,-102.6694,33.788,-102.6433,1.55,50,1,1,1,79,0,0,0,0
621591,2022,5,23,"2022-05-23","19:06:00",3,"TX",48,0,0,0,0,0,0,33.7802,-102.5942,33.7821,-102.5608,1.92,200,1,1,1,219,0,0,0,0
621592,2022,5,23,"2022-05-23","19:14:00",3,"TX",48,0,-9,0,0,5000,0,33.6874,-102.6876,33.687,-102.6853,0.14,50,1,1,1,79,0,0,0,0
621593,2022,5,23,"2022-05-23","19:28:00",3,"TX",48,0,-9,0,0,0,0,33.6627,-102.5785,33.6524,-102.5644,1.08,50,1,1,1,219,0,0,0,0
621594,2022,5,23,"2022-05-23","19:37:00",3,"TX",48,0,-9,0,0,0,0,33.664,-102.5559,33.6636,-102.5482,0.44,50,1,1,1,219,0,0,0,0
621595,2022,5,23,"2022-05-23","19:40:00",3,"TX",48,0,2,0,0,0,0,33.6266,-102.5438,33.6829,-102.4312,7.55,1420,1,1,1,219,0,0,0,0
621596,2022,5,24,"2022-05-24","14:52:00",3,"TX",48,0,1,0,0,5e+06,0,33.6786,-95.2362,33.769,-95.1662,7.37,100,1,1,1,387,0,0,0,0
621597,2022,5,24,"2022-05-24","17:00:00",3,"TX",48,0,2,0,0,83000,0,31.888,-101.688,31.788,-101.539,11.15,200,1,1,1,173,0,0,0,0
621598,2022,5,25,"2022-05-25","04:11:00",3,"FL",12,0,1,0,0,0,0,30.5114,-87.2238,30.5171,-87.2268,0.43,50,1,1,1,33,0,0,0,0
621599,2022,5,25,"2022-05-25","04:21:00",3,"TX",48,0,1,0,0,1e+05,0,29.9762,-93.9766,29.9711,-93.9602,1.04,50,1,1,1,245,0,0,0,0
621600,2022,5,25,"2022-05-25","09:28:00",3,"AL",1,0,0,0,0,0,0,34.3197,-86.039,34.3238,-86.039,0.26,65,1,1,1,49,0,0,0,0
621601,2022,5,25,"2022-05-25","11:53:00",3,"MS",28,0,0,0,0,50000,0,32.7277,-89.5625,32.7551,-89.5341,2.51,150,1,1,1,79,0,0,0,0
621602,2022,5,25,"2022-05-25","12:16:00",3,"MS",28,0,0,0,0,10000,0,32.8835,-89.2879,32.9072,-89.2592,2.34,100,1,1,1,99,0,0,0,0
621603,2022,5,25,"2022-05-25","14:06:00",3,"IL",17,0,1,0,0,0,0,42.23,-89.584,42.254,-89.569,1.83,30,1,1,1,177,0,0,0,0
621604,2022,5,25,"2022-05-25","17:45:00",3,"WI",55,0,0,0,0,40000,0,42.5392,-89.1377,42.583,-89.1041,3.48,50,1,1,1,105,0,0,0,0
621605,2022,5,26,"2022-05-26","05:15:00",3,"SC",45,0,0,0,0,0,0,32.7702,-80.674,32.7802,-80.6739,0.69,75,1,1,1,29,0,0,0,0
621606,2022,5,26,"2022-05-26","12:25:00",3,"AL",1,0,1,0,0,15000,0,34.3948,-86.7938,34.4029,-86.7864,0.7,65,1,1,1,103,0,0,0,0
621607,2022,5,26,"2022-05-26","13:20:00",3,"IL",17,0,-9,0,0,0,0,42.1709,-89.6011,42.1702,-89.6024,0.1,20,1,1,1,141,0,0,0,0
621608,2022,5,26,"2022-05-26","14:13:00",3,"NC",37,0,0,0,0,0,0,35.308,-81.645,35.311,-81.643,0.24,25,1,1,1,45,0,0,0,0
621609,2022,5,26,"2022-05-26","14:23:00",3,"NC",37,0,0,0,0,0,0,35.377,-81.636,35.377,-81.636,0.01,25,1,1,1,45,0,0,0,0
621610,2022,5,26,"2022-05-26","16:59:00",3,"NC",37,0,2,1,0,30000,0,35.951,-80.946,36.025,-80.891,5.97,150,1,1,1,97,0,0,0,0
621611,2022,5,26,"2022-05-26","17:13:00",3,"NC",37,0,1,0,0,15000,0,36.07,-80.87,36.09,-80.85,1.5,100,1,1,1,197,0,0,0,0
621612,2022,5,26,"2022-05-26","17:33:00",3,"IN",18,0,-9,0,0,0,0,40.1045,-87.0659,40.1087,-87.064,0.15,10,1,1,1,107,0,0,0,0
621613,2022,5,26,"2022-05-26","17:50:00",3,"KY",21,0,1,0,0,20000,0,38.5329,-82.9948,38.5445,-82.9913,0.82,60,1,1,1,89,0,0,0,0
621614,2022,5,26,"2022-05-26","19:03:00",3,"NC",37,0,1,0,0,11000,0,36.3,-80.59,36.33,-80.56,2.8,100,1,1,1,171,0,0,0,0
621615,2022,5,27,"2022-05-27","05:24:00",3,"VA",51,0,2,3,0,925000,0,37.3776,-79.3655,37.46,-79.32,6.3,330,1,1,1,19,0,0,0,0
621616,2022,5,27,"2022-05-27","07:00:00",3,"VA",51,0,1,0,0,50000,0,36.9987,-78.7104,37,-78.71,0.06,60,1,1,1,37,0,0,0,0
621617,2022,5,27,"2022-05-27","09:45:00",3,"PA",42,0,0,0,0,70000,0,39.8524,-77.6368,39.8561,-77.635,0.27,185,1,1,1,55,0,0,0,0
621618,2022,5,27,"2022-05-27","10:22:00",3,"MD",24,0,0,0,0,2e+05,0,39.1589,-77.0719,39.1615,-77.0698,0.21,125,1,1,1,31,0,0,0,0
621619,2022,5,27,"2022-05-27","10:42:00",3,"PA",42,0,0,0,0,4000,0,40.2675,-77.2428,40.2683,-77.2401,0.15,125,1,1,1,41,0,0,0,0
621620,2022,5,27,"2022-05-27","12:11:00",3,"PA",42,0,1,3,0,325000,0,39.8552,-76.0797,39.891,-76.0459,3.05,130,1,1,1,71,0,0,0,0
621621,2022,5,27,"2022-05-27","14:57:00",3,"SC",45,0,0,0,0,0,0,33.9089,-79.0653,33.9161,-79.0507,0.99,15,1,1,1,51,0,0,0,0
621622,2022,5,27,"2022-05-27","15:32:00",3,"SC",45,0,0,0,0,0,0,34.0513,-78.8869,34.064,-78.8788,0.99,20,1,1,1,51,0,0,0,0
621623,2022,5,27,"2022-05-27","16:22:00",3,"VA",51,0,0,0,0,40000,0,37.8095,-77.796,37.9165,-77.646,11.13,50,1,1,1,109,85,0,0,0
621624,2022,5,27,"2022-05-27","17:00:00",3,"ID",16,0,0,0,0,0,0,43.4121,-116.7564,43.4305,-116.6858,3.77,35,1,1,1,73,0,0,0,0
621625,2022,5,27,"2022-05-27","17:51:00",3,"VA",51,0,1,0,0,1e+05,0,37.9636,-77.9989,37.9733,-77.9531,2.58,450,1,1,1,109,0,0,0,0
621626,2022,5,27,"2022-05-27","18:32:00",3,"MD",24,0,1,0,0,110000,0,38.4957,-76.782,38.5203,-76.7121,4.14,100,1,1,1,37,17,0,0,0
621627,2022,5,27,"2022-05-27","18:56:00",3,"NE",31,0,-9,0,0,0,0,40.7,-101.65,40.7,-101.65,0.01,10,1,1,1,135,0,0,0,0
621628,2022,5,30,"2022-05-30","00:20:00",3,"NE",31,0,1,0,0,0,0,42.72,-97.28,42.75,-97.24,3.02,100,1,1,1,27,0,0,0,0
621629,2022,5,30,"2022-05-30","00:51:00",3,"SD",46,0,1,0,0,0,0,43.5161,-96.751,43.5169,-96.741,0.51,50,1,1,1,99,0,0,0,0
621630,2022,5,30,"2022-05-30","01:05:00",3,"SD",46,0,1,0,0,0,0,43.5868,-96.5389,43.5853,-96.5284,0.54,50,1,1,1,99,0,0,0,0
621631,2022,5,30,"2022-05-30","01:17:00",3,"IA",19,0,1,0,0,0,0,43.4479,-96.2736,43.4688,-96.2506,1.94,100,1,1,1,119,0,0,0,0
621632,2022,5,30,"2022-05-30","01:21:00",3,"IA",19,0,0,0,0,0,0,43.2737,-96.233,43.2795,-96.2259,0.54,60,1,1,1,119,0,0,0,0
621633,2022,5,30,"2022-05-30","01:33:00",3,"MN",27,0,0,0,0,0,0,43.5719,-95.9786,43.5717,-95.9607,0.9,50,1,1,1,105,0,0,0,0
621634,2022,5,30,"2022-05-30","11:29:00",3,"SD",46,0,-9,0,0,0,0,42.7732,-97.9556,42.8354,-97.8939,5.46,50,1,1,1,9,0,0,0,0
621635,2022,5,30,"2022-05-30","12:55:00",3,"SD",46,0,-9,0,0,0,0,43.781,-97.2186,43.7927,-97.2148,0.83,25,1,1,1,87,0,0,0,0
621636,2022,5,30,"2022-05-30","13:15:00",3,"SD",46,0,-9,0,0,0,0,44.255,-97.1014,44.2688,-97.073,1.67,50,1,1,1,11,0,0,0,0
621637,2022,5,30,"2022-05-30","13:23:00",3,"SD",46,0,1,0,0,0,0,44.2771,-96.9578,44.2785,-96.9418,0.8,50,1,1,1,11,0,0,0,0
621638,2022,5,30,"2022-05-30","13:30:00",3,"SD",46,0,0,0,0,0,0,44.6316,-96.9869,44.637,-96.9761,0.65,10,1,1,1,57,0,0,0,0
621639,2022,5,30,"2022-05-30","13:41:00",3,"SD",46,0,2,0,0,0,0,44.6822,-96.8239,44.8236,-96.6808,12.43,150,1,1,1,39,0,0,0,0
621640,2022,5,30,"2022-05-30","13:46:00",3,"SD",46,0,3,0,0,0,0,44.7958,-96.8255,44.9467,-96.6776,13.31,100,1,1,1,39,0,0,0,0
621641,2022,5,30,"2022-05-30","13:50:00",3,"SD",46,0,1,0,0,0,0,44.7731,-96.7557,44.7788,-96.7526,0.42,20,1,1,1,39,0,0,0,0
621642,2022,5,30,"2022-05-30","14:05:00",3,"SD",46,0,1,0,0,0,0,44.9994,-96.7118,45.1133,-96.5795,10.67,40,1,1,1,51,0,0,0,0
621643,2022,5,30,"2022-05-30","14:10:00",3,"SD",46,0,1,0,0,0,0,45.1068,-96.5618,45.1709,-96.5582,4.45,20,1,1,1,51,0,0,0,0
621644,2022,5,30,"2022-05-30","14:15:00",3,"MN",27,0,-9,0,0,0,0,43.799,-96.4448,43.8054,-96.4335,0.74,20,1,1,1,133,0,0,0,0
621645,2022,5,30,"2022-05-30","14:25:00",3,"MN",27,0,-9,0,0,0,0,43.9254,-96.3048,43.9263,-96.2973,0.38,20,1,1,1,117,0,0,0,0
621646,2022,5,30,"2022-05-30","14:36:00",3,"MN",27,0,1,0,0,0,0,45.2984,-96.1441,45.3328,-96.1405,2.4,30,1,1,1,11,0,0,0,0
621647,2022,5,30,"2022-05-30","14:39:00",3,"MN",27,0,1,0,0,0,0,45.1454,-95.9201,45.1706,-95.9136,1.77,100,1,1,1,23,151,0,0,0
621648,2022,5,30,"2022-05-30","14:40:00",3,"MN",27,0,1,0,0,0,0,45.2212,-95.8281,45.4716,-95.7239,18.34,350,1,1,1,151,149,121,0,0
621649,2022,5,30,"2022-05-30","14:49:00",3,"MN",27,0,1,0,0,0,0,45.2994,-95.9205,45.4028,-95.9075,7.17,100,1,1,1,151,0,0,0,0
621650,2022,5,30,"2022-05-30","15:04:00",3,"MN",27,0,1,0,0,0,0,45.5151,-95.6965,45.5795,-95.6337,5.39,100,1,1,1,121,0,0,0,0
621651,2022,5,30,"2022-05-30","15:13:00",3,"MN",27,0,1,0,0,0,0,45.6047,-95.6081,45.6402,-95.5669,3.16,200,1,1,1,121,0,0,0,0
621652,2022,5,30,"2022-05-30","15:14:00",3,"MN",27,0,2,0,0,2e+06,0,45.88,-96,45.9686,-95.9364,6.84,350,1,1,1,51,0,0,0,0
621653,2022,5,30,"2022-05-30","15:15:00",3,"MN",27,0,2,0,0,1e+06,0,45.96,-96.12,46.0565,-95.9374,11.01,400,1,1,1,51,0,0,0,0
621654,2022,5,30,"2022-05-30","15:27:00",3,"MN",27,0,2,0,0,0,0,45.7261,-95.3956,45.9723,-95.1928,19.63,800,1,1,1,121,41,0,0,0
621655,2022,5,30,"2022-05-30","15:34:00",3,"MN",27,0,1,0,0,50000,0,46.1245,-95.5393,46.1879,-95.52,4.48,200,1,1,1,111,0,0,0,0
621656,2022,5,30,"2022-05-30","15:58:00",3,"MN",27,0,1,0,0,150000,0,46.5795,-95.5402,46.6512,-95.4955,5.39,300,1,1,1,111,0,0,0,0
621657,2022,5,30,"2022-05-30","16:00:00",3,"MN",27,0,1,0,0,0,0,46.1318,-95.0461,46.3158,-94.8781,15.04,800,1,1,1,153,0,0,0,0
621658,2022,5,30,"2022-05-30","16:20:00",3,"MN",27,0,2,0,0,1150000,0,46.3614,-94.8706,46.499,-94.7694,10.47,450,1,1,1,153,159,21,0,0
621659,2022,5,30,"2022-05-30","16:27:00",3,"MN",27,0,1,0,0,50000,0,46.3965,-94.8277,46.4182,-94.7859,2.49,150,1,1,1,159,0,0,0,0
621660,2022,5,30,"2022-05-30","16:37:00",3,"MN",27,0,1,0,0,0,0,46.56,-94.72,46.62,-94.68,4.3,500,1,1,1,21,0,0,0,0
621661,2022,5,30,"2022-05-30","17:12:00",3,"MN",27,0,1,0,0,0,0,44.7379,-94.0892,44.991,-93.9673,18.49,400,1,1,1,85,19,171,0,0
621662,2022,5,30,"2022-05-30","17:44:00",3,"MN",27,0,0,0,0,0,0,47.229,-93.6597,47.2442,-93.6617,1,40,1,1,1,61,0,0,0,0
621663,2022,5,30,"2022-05-30","17:46:00",3,"MN",27,0,1,0,0,0,0,47.33,-93.79,47.37,-93.81,2.5,150,1,1,1,61,0,0,0,0
621664,2022,5,30,"2022-05-30","18:50:00",3,"MN",27,0,1,0,0,0,0,46.0119,-92.9299,46.0597,-92.9342,3.3,300,1,1,1,115,0,0,0,0
621665,2022,5,31,"2022-05-31","15:50:00",3,"FL",12,0,-9,0,0,20000,0,28.2098,-82.6904,28.2097,-82.6945,0.25,25,1,1,1,101,0,0,0,0
621666,2022,5,31,"2022-05-31","15:55:00",3,"FL",12,0,-9,0,0,20000,0,27.9847,-82.5584,27.984,-82.5675,0.5,25,1,1,1,57,0,0,0,0
621667,2022,5,31,"2022-05-31","16:10:00",3,"FL",12,0,-9,0,0,0,0,27.39,-82.47,27.3912,-82.4782,0.5,25,1,1,1,115,0,0,0,0
621668,2022,5,31,"2022-05-31","16:42:00",3,"TX",48,0,0,0,0,0,0,34.7927,-100.0807,34.7754,-100.0581,1.75,125,1,1,1,87,0,0,0,0
621669,2022,5,31,"2022-05-31","16:54:00",3,"TX",48,0,0,0,0,50000,0,34.7624,-100.0317,34.75,-99.993,2.36,180,2,0,1,0,0,0,0,0
621669,2022,5,31,"2022-05-31","16:54:00",3,"TX",48,0,0,0,0,50000,0,34.7624,-100.0317,34.7527,-100,1.92,180,2,1,2,87,0,0,0,0
621669,2022,5,31,"2022-05-31","17:01:00",3,"OK",40,0,0,0,0,0,0,34.7527,-100,34.75,-99.993,0.44,100,2,1,2,57,0,0,0,0
621670,2022,5,31,"2022-05-31","17:32:00",3,"OK",40,0,0,0,0,0,0,34.6766,-99.9267,34.6766,-99.9267,0.5,20,1,1,1,57,0,0,0,0
621671,2022,5,31,"2022-05-31","17:48:00",3,"KS",20,0,-9,0,0,0,0,37.17,-96.82,37.1702,-96.8197,0.02,20,1,1,1,35,0,0,0,0
621672,2022,5,31,"2022-05-31","17:55:00",3,"OK",40,0,-9,0,0,0,0,34.7719,-99.8204,34.7719,-99.8204,0.3,20,1,1,1,57,0,0,0,0
621673,2022,5,31,"2022-05-31","19:30:00",3,"KS",20,0,-9,0,0,0,0,37.11,-96.78,37.1102,-96.7796,0.03,20,1,1,1,35,0,0,0,0
621674,2022,5,31,"2022-05-31","19:40:00",3,"KS",20,0,-9,0,0,0,0,37.16,-96.74,37.1601,-96.7399,0.01,20,1,1,1,35,0,0,0,0
621675,2022,5,31,"2022-05-31","21:31:00",3,"OK",40,0,1,0,0,6000,0,34.531,-99.11,34.518,-99.103,1,200,1,1,1,141,0,0,0,0
621676,2022,5,31,"2022-05-31","21:34:00",3,"IL",17,0,1,0,0,0,0,40.3714,-90.6477,40.3788,-90.619,1.6,60,1,1,1,109,0,0,0,0
621677,2022,5,31,"2022-05-31","22:17:00",3,"OK",40,0,1,0,0,10000,0,34.296,-98.918,34.315,-98.84,4.7,100,1,1,1,141,0,0,0,0
621439,2022,5,1,"2022-05-01","13:10:00",3,"PR",72,0,1,0,0,0,0,18.4589,-66.746,18.4543,-66.7448,0.35,176,1,1,1,13,0,0,0,0
621440,2022,5,1,"2022-05-01","16:04:00",3,"TX",48,0,-9,0,0,0,0,31.1341,-102.9928,31.0948,-102.931,4.55,100,1,1,1,371,0,0,0,0
621441,2022,5,1,"2022-05-01","17:35:00",3,"TX",48,0,-9,0,0,0,0,31.054,-102.6671,31.0796,-102.6372,2.5,100,1,1,1,371,0,0,0,0
621442,2022,5,1,"2022-05-01","18:36:00",3,"TX",48,0,-9,0,0,0,0,30.9188,-102.7609,30.9198,-102.7576,0.21,50,1,1,1,371,0,0,0,0
621443,2022,5,1,"2022-05-01","18:44:00",3,"TX",48,0,2,0,0,650000,0,32.6377,-100.7711,32.6397,-100.7655,0.35,150,1,1,1,415,0,0,0,0
621444,2022,5,1,"2022-05-01","18:55:00",3,"TX",48,0,0,0,0,5000,0,35.6365,-101.5991,35.6368,-101.5991,0.02,25,1,1,1,233,0,0,0,0
621445,2022,5,2,"2022-05-02","14:25:00",3,"KS",20,0,0,0,0,0,0,37.2036,-99.544,37.2024,-99.5133,1.69,35,1,1,1,33,0,0,0,0
621446,2022,5,2,"2022-05-02","14:46:00",3,"KS",20,0,0,0,0,0,0,37.1024,-99.3483,37.1028,-99.3389,0.52,25,1,1,1,33,0,0,0,0
621447,2022,5,2,"2022-05-02","15:13:00",3,"OK",40,0,0,0,0,0,0,35.967,-98.163,35.975,-98.162,0.6,80,1,1,1,73,0,0,0,0
621448,2022,5,2,"2022-05-02","15:22:00",3,"OK",40,0,0,0,0,0,0,35.964,-98.151,35.977,-98.148,0.9,80,1,1,1,73,0,0,0,0
621449,2022,5,2,"2022-05-02","15:36:00",3,"OK",40,0,0,0,0,30000,0,35.536,-98.592,35.547,-98.567,1.6,10,1,1,1,15,0,0,0,0
621450,2022,5,2,"2022-05-02","16:13:00",3,"OK",40,0,0,0,0,1e+05,0,34.917,-98.199,34.912,-98.194,0.5,240,1,1,1,15,0,0,0,0
621451,2022,5,2,"2022-05-02","16:18:00",3,"OK",40,0,1,0,0,1e+05,0,34.961,-94.576,35.019,-94.506,5.6,1400,1,1,1,79,0,0,0,0
621452,2022,5,2,"2022-05-02","16:57:00",3,"OK",40,0,-9,0,0,0,0,36.364,-97.087,36.371,-97.063,1.42,150,1,1,1,103,0,0,0,0
621453,2022,5,2,"2022-05-02","17:26:00",3,"OK",40,0,1,0,0,50000,0,36.001,-96.968,36.013,-96.852,6.54,500,1,1,1,119,0,0,0,0
621454,2022,5,2,"2022-05-02","18:52:00",3,"OK",40,0,1,0,0,150000,0,35.2,-96.762,35.212,-96.654,6.3,700,1,1,1,133,0,0,0,0
621455,2022,5,2,"2022-05-02","20:03:00",3,"OK",40,0,-9,0,0,0,0,35.8909,-95.0241,35.8909,-95.0241,0.1,75,1,1,1,21,0,0,0,0
621456,2022,5,3,"2022-05-03","15:31:00",3,"OH",39,0,0,0,0,42500,0,40.9429,-83.7853,41.0121,-83.6854,7.07,25,1,1,1,63,0,0,0,0
621457,2022,5,3,"2022-05-03","16:36:00",3,"OH",39,0,1,0,0,50000,0,41.2123,-82.7489,41.2155,-82.7418,0.43,50,1,1,1,77,0,0,0,0
621458,2022,5,4,"2022-05-04","16:52:00",3,"TX",48,0,-9,0,0,0,0,33.813,-100.5941,33.8263,-100.5314,3.71,30,1,1,1,125,0,0,0,0
621459,2022,5,4,"2022-05-04","17:23:00",3,"OK",40,0,0,0,0,1e+05,0,35.128,-96.855,35.153,-96.779,4.6,100,1,1,1,125,0,0,0,0
621460,2022,5,4,"2022-05-04","17:34:00",3,"TX",48,0,-9,0,0,0,0,33.8149,-100.3299,33.805,-100.1847,8.36,100,1,1,1,269,0,0,0,0
621461,2022,5,4,"2022-05-04","17:37:00",3,"OK",40,0,-9,0,0,0,0,35.16,-96.79,35.17,-96.78,1,100,1,1,1,125,0,0,0,0
621462,2022,5,4,"2022-05-04","17:44:00",3,"OK",40,0,2,0,0,3e+05,0,35.186,-96.736,35.316,-96.6,12.5,1760,1,1,1,133,0,0,0,0
621463,2022,5,4,"2022-05-04","18:00:00",3,"TX",48,0,-9,0,0,0,0,33.804,-100.1325,33.844,-100.006,7.86,100,1,1,1,269,155,0,0,0
621464,2022,5,4,"2022-05-04","18:01:00",3,"OK",40,0,0,0,0,0,0,35.284,-96.612,35.306,-96.589,2,175,1,1,1,133,0,0,0,0
621465,2022,5,4,"2022-05-04","18:21:00",3,"OK",40,0,1,0,0,120000,0,35.302,-96.499,35.443,-96.342,13.6,1350,1,1,1,133,107,0,0,0
621466,2022,5,4,"2022-05-04","18:40:00",3,"TX",48,0,0,0,0,0,0,33.87,-99.9,33.9,-99.748,9.3,100,1,1,1,155,0,0,0,0
621467,2022,5,4,"2022-05-04","18:44:00",3,"OK",40,0,1,0,0,15000,0,35.39,-96.344,35.395,-96.341,0.4,150,1,1,1,107,0,0,0,0
621468,2022,5,4,"2022-05-04","19:07:00",3,"OK",40,0,1,0,0,10000,0,35.204,-96.943,35.213,-96.904,2.3,100,1,1,1,125,0,0,0,0
621469,2022,5,4,"2022-05-04","19:11:00",3,"TX",48,0,-9,0,0,0,0,33.943,-99.707,33.937,-99.691,1,50,1,1,1,155,0,0,0,0
621470,2022,5,4,"2022-05-04","19:25:00",3,"TX",48,0,3,0,0,1e+05,0,33.935,-99.616,34.127,-99.377,23.1,600,1,1,1,155,487,0,0,0
621471,2022,5,4,"2022-05-04","19:28:00",3,"OK",40,0,2,0,0,2e+05,0,35.257,-96.796,35.264,-96.795,3.4,150,1,1,1,125,0,0,0,0
621472,2022,5,4,"2022-05-04","19:35:00",3,"OK",40,0,1,0,0,10000,0,35.261,-96.793,35.261,-96.715,4.52,175,1,1,1,125,133,0,0,0
621473,2022,5,4,"2022-05-04","19:58:00",3,"OK",40,0,1,0,0,30000,0,35.326,-96.509,35.344,-96.487,1.76,150,1,1,1,133,0,0,0,0
621474,2022,5,4,"2022-05-04","20:52:00",3,"OK",40,0,-9,0,0,0,0,34.9035,-98.993,34.9035,-98.993,0.2,20,1,1,1,75,0,0,0,0
621475,2022,5,4,"2022-05-04","21:22:00",3,"OK",40,0,-9,0,0,0,0,34.2488,-98.8319,34.2591,-98.8195,1,50,1,1,1,141,0,0,0,0
621476,2022,5,5,"2022-05-05","01:09:00",3,"OK",40,0,1,0,0,30000,0,35.072,-95.564,35.073,-95.521,2.4,450,1,1,1,121,0,0,0,0
621477,2022,5,5,"2022-05-05","11:53:00",3,"AR",5,0,2,0,0,50000,0,34.36,-91.53,34.3624,-91.5081,1.53,300,1,1,1,1,0,0,0,0
621478,2022,5,5,"2022-05-05","12:45:00",3,"TX",48,0,2,1,0,1e+05,0,32.1763,-94.7395,32.2396,-94.6142,8.62,1000,1,1,1,401,0,0,0,0
621479,2022,5,5,"2022-05-05","12:53:00",3,"OK",40,0,0,0,0,0,0,34.012,-96.417,34.012,-96.417,0.1,10,1,1,1,13,0,0,0,0
621480,2022,5,5,"2022-05-05","13:04:00",3,"TX",48,0,1,0,0,0,0,32.2408,-94.5904,32.2716,-94.4534,8.28,500,1,1,1,401,365,0,0,0
621481,2022,5,5,"2022-05-05","13:25:00",3,"TX",48,0,1,0,0,175000,0,31.9814,-94.712,31.9948,-94.6568,3.33,350,1,1,1,401,0,0,0,0
621482,2022,5,6,"2022-05-06","01:56:00",3,"AL",1,0,1,0,0,0,0,30.6735,-88.056,30.6771,-88.0535,0.29,25,1,1,1,97,0,0,0,0
621483,2022,5,6,"2022-05-06","02:47:00",3,"AL",1,0,1,0,0,0,0,30.6044,-87.8758,30.6074,-87.8736,0.26,25,1,1,1,3,0,0,0,0
621484,2022,5,6,"2022-05-06","11:49:00",3,"KY",21,0,1,2,0,0,0,36.965,-84.6075,36.9923,-84.5627,3.19,100,1,1,1,199,0,0,0,0
621485,2022,5,6,"2022-05-06","14:14:00",3,"SC",45,0,1,0,0,10000,0,34.939,-82.738,34.944,-82.731,0.53,150,1,1,1,77,0,0,0,0
621486,2022,5,6,"2022-05-06","14:44:00",3,"OR",41,0,1,0,0,0,0,45.787,-118.283,45.799,-118.226,2.87,175,1,1,1,59,0,0,0,0
621487,2022,5,6,"2022-05-06","15:00:00",3,"NC",37,0,1,0,0,30000,0,35.452,-83.447,35.457,-83.442,0.45,50,1,1,1,173,0,0,0,0
621488,2022,5,6,"2022-05-06","15:08:00",3,"NC",37,0,1,0,0,250000,0,36.0871,-79.2441,36.1248,-79.2009,3.55,400,1,1,1,135,0,0,0,0
621489,2022,5,6,"2022-05-06","15:44:00",3,"IN",18,0,0,0,0,10000,0,39.0119,-85.9163,39.0118,-85.9152,0.06,20,1,1,1,71,0,0,0,0
621490,2022,5,6,"2022-05-06","15:49:00",3,"FL",12,0,0,0,0,0,0,30.1135,-84.1584,30.1054,-84.1175,2.51,25,1,1,1,129,0,0,0,0
621491,2022,5,6,"2022-05-06","17:06:00",3,"FL",12,0,0,0,0,75000,0,30.1114,-83.5833,30.112,-83.5789,0.27,50,1,1,1,123,0,0,0,0
621492,2022,5,6,"2022-05-06","17:41:00",3,"NC",37,0,1,0,0,7e+05,12000,36.3646,-79.7966,36.39,-79.64,7.9,300,1,1,1,157,0,0,0,0
621493,2022,5,6,"2022-05-06","18:40:00",3,"VA",51,0,0,0,0,8000,0,37.88,-79.29,37.88,-79.29,0.1,60,1,1,1,163,0,0,0,0
621494,2022,5,6,"2022-05-06","21:03:00",3,"WA",53,0,0,0,0,10000,0,47.6576,-117.529,47.6575,-117.5164,0.59,50,1,1,1,63,0,0,0,0
621495,2022,5,6,"2022-05-06","21:17:00",3,"WA",53,0,0,0,0,40000,0,47.6479,-117.3493,47.6546,-117.3045,2.14,250,1,1,1,63,0,0,0,0
621496,2022,5,7,"2022-05-07","19:12:00",3,"SD",46,0,0,0,0,0,0,45.43,-98.6,45.43,-98.6,0.01,10,1,1,1,13,0,0,0,0
621497,2022,5,7,"2022-05-07","19:15:00",3,"SD",46,0,0,0,0,0,0,45.43,-98.52,45.43,-98.52,0.01,10,1,1,1,13,0,0,0,0
621498,2022,5,7,"2022-05-07","19:37:00",3,"SD",46,0,0,0,0,0,0,45.6,-98.31,45.6,-98.31,0.01,10,1,1,1,13,0,0,0,0
621499,2022,5,8,"2022-05-08","20:04:00",3,"ND",38,0,0,0,0,0,0,46.8493,-98.283,46.8512,-98.2806,0.17,10,1,1,1,3,0,0,0,0
621500,2022,5,9,"2022-05-09","09:28:00",3,"WI",55,0,0,0,0,0,0,45.4741,-92.6532,45.4847,-92.6509,0.74,50,1,1,1,95,0,0,0,0
621501,2022,5,9,"2022-05-09","14:05:00",3,"FL",12,0,0,0,0,0,0,25.0534,-80.4794,25.0534,-80.4794,0.01,15,1,1,1,87,0,0,0,0
621502,2022,5,9,"2022-05-09","16:38:00",3,"MN",27,0,0,0,0,0,0,44.6497,-92.8613,44.7018,-92.7711,5.71,25,1,1,1,37,0,0,0,0
621503,2022,5,9,"2022-05-09","18:10:00",3,"WI",55,0,0,0,0,0,0,44.4702,-92.2518,44.4825,-92.2336,1.24,25,1,1,1,91,0,0,0,0
621504,2022,5,9,"2022-05-09","18:25:00",3,"WI",55,0,0,0,0,0,0,44.9504,-92.0619,44.9529,-92.0474,0.73,50,1,1,1,33,0,0,0,0
621505,2022,5,9,"2022-05-09","18:32:00",3,"WI",55,0,1,0,0,0,0,44.9192,-91.8256,44.9795,-91.6556,9.3,50,1,1,1,33,0,0,0,0
621722,2022,6,11,"2022-06-11","00:38:00",3,"FL",12,0,0,0,0,0,0,26.89,-82.29,26.8907,-82.2895,0.06,25,1,1,1,15,0,0,0,0
621723,2022,6,11,"2022-06-11","13:00:00",3,"OR",41,0,-9,0,0,0,0,45.61,-118.91,45.61,-118.9095,0.02,15,1,1,1,59,0,0,0,0
621724,2022,6,11,"2022-06-11","16:18:00",3,"NE",31,0,-9,0,0,0,0,40.14,-96.61,40.14,-96.61,0.05,20,1,1,1,67,0,0,0,0
621725,2022,6,11,"2022-06-11","16:40:00",3,"NE",31,0,1,0,0,0,0,40.02,-96.69,39.97,-96.66,4.24,150,2,0,1,0,0,0,0,0
621725,2022,6,11,"2022-06-11","16:40:00",3,"NE",31,0,1,0,0,0,0,40.02,-96.69,40.001,-96.673,2.03,150,2,1,2,67,0,0,0,0
621725,2022,6,11,"2022-06-11","16:43:00",3,"KS",20,0,1,0,0,0,0,40.0011,-96.67,39.97,-96.66,2.21,150,2,1,2,117,0,0,0,0
621726,2022,6,11,"2022-06-11","16:53:00",3,"KS",20,0,1,0,0,0,0,39.9212,-96.597,39.84,-96.649,6.25,30,1,1,1,117,0,0,0,0
621727,2022,6,11,"2022-06-11","17:02:00",3,"KS",20,0,1,0,0,0,0,39.8611,-96.5953,39.8511,-96.5987,0.71,30,1,1,1,117,0,0,0,0
621728,2022,6,11,"2022-06-11","17:26:00",3,"KS",20,0,1,0,0,0,0,39.7259,-96.64,39.704,-96.6551,1.71,100,1,1,1,117,0,0,0,0
621729,2022,6,11,"2022-06-11","18:04:00",3,"KS",20,0,1,0,0,0,0,39.44,-96.558,39.278,-96.579,11.25,50,1,1,1,149,0,0,0,0
621730,2022,6,11,"2022-06-11","18:20:00",3,"KS",20,0,2,0,0,1e+07,0,39.1971,-96.5765,39.1947,-96.5714,0.32,50,1,1,1,161,0,0,0,0
621731,2022,6,11,"2022-06-11","18:32:00",3,"KS",20,0,-9,0,0,0,0,39.0981,-96.4743,39.0981,-96.4743,0.01,10,1,1,1,161,0,0,0,0
621732,2022,6,11,"2022-06-11","21:07:00",3,"MO",29,0,0,0,0,0,0,39.7039,-94.5542,39.7036,-94.5542,0.02,20,1,1,1,49,0,0,0,0
621733,2022,6,12,"2022-06-12","14:08:00",3,"CO",8,0,-9,0,0,0,0,39.9,-104.69,39.9,-104.69,0.01,50,1,1,1,31,0,0,0,0
621734,2022,6,12,"2022-06-12","14:48:00",3,"MN",27,0,1,0,0,0,0,48.4021,-96.2736,48.4138,-96.2184,2.66,300,1,1,1,89,0,0,0,0
621735,2022,6,12,"2022-06-12","16:10:00",3,"MN",27,0,0,0,0,0,0,48.1,-95.63,48.1065,-95.616,0.79,75,1,1,1,113,0,0,0,0
621736,2022,6,12,"2022-06-12","16:35:00",3,"WY",56,0,2,0,0,0,0,43.5884,-110.5228,43.5971,-110.482,2.13,360,1,1,1,39,0,0,0,0
621737,2022,6,12,"2022-06-12","21:15:00",3,"SD",46,0,2,0,0,0,0,43.8954,-100.9405,43.8942,-100.931,0.48,30,1,1,1,75,0,0,0,0
621738,2022,6,12,"2022-06-12","21:28:00",3,"SD",46,0,2,0,0,0,0,43.9379,-100.83,43.9658,-100.7621,3.89,80,1,1,1,75,0,0,0,0
621739,2022,6,12,"2022-06-12","22:50:00",3,"SD",46,0,-9,0,0,0,0,44.07,-99.78,44.072,-99.776,0.24,10,1,1,1,85,0,0,0,0
621740,2022,6,13,"2022-06-13","17:08:00",3,"OH",39,0,1,0,0,250000,0,39.0942,-83.2835,39.0901,-83.249,1.87,200,1,1,1,131,0,0,0,0
621741,2022,6,13,"2022-06-13","17:13:00",3,"IL",17,0,0,0,0,0,0,42.0459,-88.1784,42.0432,-88.1774,0.2,30,1,1,1,31,0,0,0,0
621742,2022,6,13,"2022-06-13","17:27:00",3,"IL",17,0,0,0,0,0,0,42.0016,-88.0813,41.9747,-88.0606,2.2,25,1,1,1,31,43,0,0,0
621743,2022,6,13,"2022-06-13","19:50:00",3,"SD",46,0,0,0,0,0,0,44.1219,-101.556,44.1219,-101.556,0.02,10,1,1,1,55,0,0,0,0
621744,2022,6,13,"2022-06-13","21:17:00",3,"OH",39,0,1,0,0,45000,0,40.5985,-82.7479,40.5788,-82.6953,3.08,25,1,1,1,117,0,0,0,0
621745,2022,6,13,"2022-06-13","21:23:00",3,"OH",39,0,1,0,0,30000,0,40.4807,-82.6829,40.4127,-82.5828,7.05,25,1,1,1,117,83,0,0,0
621746,2022,6,13,"2022-06-13","21:32:00",3,"OH",39,0,1,0,0,2000,0,40.6266,-82.416,40.5999,-82.3138,5.67,100,1,1,1,139,5,0,0,0
621747,2022,6,14,"2022-06-14","22:27:00",3,"NE",31,0,1,0,0,0,0,40.96,-96.3,40.96,-96.26,2.16,150,1,1,1,25,0,0,0,0
621748,2022,6,14,"2022-06-14","23:16:00",3,"NE",31,0,2,2,0,1200000,5e+06,40.7081,-97.7613,40.7405,-97.6323,7.12,400,1,1,1,185,0,0,0,0
621749,2022,6,14,"2022-06-14","23:18:00",3,"IA",19,0,0,0,0,0,0,41.19,-95.61,41.19,-95.56,2.38,75,1,1,1,155,0,0,0,0
621750,2022,6,15,"2022-06-15","14:57:00",3,"WI",55,0,2,2,0,8e+05,0,43.8935,-90.5149,44.1163,-90.1818,22.86,250,1,1,1,81,57,0,0,0
621751,2022,6,15,"2022-06-15","15:07:00",3,"WI",55,0,1,0,0,3e+05,0,43.5848,-90.5438,43.6248,-90.4504,5.43,200,1,1,1,123,0,0,0,0
621752,2022,6,15,"2022-06-15","15:43:00",3,"WI",55,0,1,0,0,775000,0,43.7794,-90.0921,43.847,-89.957,8.2,100,1,1,1,57,0,0,0,0
621753,2022,6,15,"2022-06-15","16:34:00",3,"WI",55,0,1,0,0,0,0,44.8141,-89.1262,44.908,-88.9879,9.5,125,1,1,1,115,0,0,0,0
621754,2022,6,15,"2022-06-15","16:41:00",3,"WI",55,0,1,0,0,645000,0,44.1799,-89.0045,44.2351,-88.9511,4.81,100,1,1,1,137,0,0,0,0
621755,2022,6,15,"2022-06-15","16:46:00",3,"WI",55,0,1,0,0,0,0,44.9245,-88.9435,44.9289,-88.9333,0.58,50,1,1,1,115,0,0,0,0
621756,2022,6,15,"2022-06-15","16:52:00",3,"WI",55,0,1,0,0,0,0,44.4673,-88.94,44.4923,-88.888,3.1,120,1,1,1,135,0,0,0,0
621757,2022,6,15,"2022-06-15","17:09:00",3,"WI",55,0,1,0,0,0,0,44.5712,-88.5323,44.6645,-88.4288,8.22,80,1,1,1,87,115,0,0,0
621758,2022,6,15,"2022-06-15","17:10:00",3,"WI",55,0,0,0,0,0,0,44.4449,-88.4702,44.5078,-88.304,9.37,400,1,1,1,87,0,0,0,0
621759,2022,6,15,"2022-06-15","17:31:00",3,"WI",55,0,2,0,0,4e+06,0,45.391,-88.2852,45.4083,-88.256,1.9,375,1,1,1,75,0,0,0,0
621760,2022,6,15,"2022-06-15","17:34:00",3,"WI",55,0,1,0,0,0,0,45.2945,-88.013,45.3729,-87.9391,6.6,200,1,1,1,75,0,0,0,0
621761,2022,6,15,"2022-06-15","17:45:00",3,"WI",55,0,1,0,0,0,0,45.5032,-88.1329,45.5467,-87.9685,8.5,120,1,1,1,75,0,0,0,0
621762,2022,6,15,"2022-06-15","18:00:00",3,"WI",55,0,1,0,0,0,0,45.6787,-87.7955,45.6821,-87.783,0.65,115,1,1,1,75,0,0,0,0
621763,2022,6,15,"2022-06-15","20:20:00",3,"KS",20,0,0,0,0,0,0,38.1289,-96.1381,38.1239,-96.1336,0.42,100,1,1,1,73,0,0,0,0
621764,2022,6,16,"2022-06-16","16:27:00",3,"SC",45,0,0,0,0,0,0,34.24,-80.02,34.22,-79.96,3.7,25,1,1,1,31,0,0,0,0
621765,2022,6,16,"2022-06-16","16:36:00",3,"VA",51,0,0,0,0,15000,0,38.02,-77.93,37.99,-77.92,2.14,75,1,1,1,109,0,0,0,0
621766,2022,6,16,"2022-06-16","17:05:00",3,"VA",51,0,1,0,0,115000,0,37.91,-78.13,37.67,-77.88,21.48,150,1,1,1,65,75,0,0,0
621767,2022,6,16,"2022-06-16","17:36:00",3,"VA",51,0,0,0,0,45000,0,37.89,-78.18,37.64,-77.89,23.5,75,1,1,1,65,75,145,0,0
621768,2022,6,17,"2022-06-17","05:36:00",3,"IL",17,0,1,0,0,0,0,38.7746,-88.2455,38.76,-88.17,3.31,60,1,1,1,159,0,0,0,0
621769,2022,6,17,"2022-06-17","18:06:00",3,"NC",37,0,0,0,0,0,0,34.71,-78.84,34.7,-78.84,0.69,30,1,1,1,155,0,0,0,0
621770,2022,6,19,"2022-06-19","09:13:00",3,"UT",49,0,2,0,0,0,0,39.882,-110.7445,39.9118,-110.7389,2.08,880,1,1,1,13,0,0,0,0
621771,2022,6,20,"2022-06-20","17:51:00",3,"MN",27,0,0,0,0,0,0,46.86,-96.5,46.8618,-96.4971,0.19,100,1,1,1,27,0,0,0,0
621772,2022,6,20,"2022-06-20","18:17:00",3,"MN",27,0,1,0,0,0,0,47.22,-96.2,47.2692,-96.1256,4.87,150,1,1,1,107,0,0,0,0
621773,2022,6,20,"2022-06-20","19:20:00",3,"MN",27,0,1,0,0,15000,0,47.4758,-95.1275,47.5276,-95.1125,3.65,150,1,1,1,7,0,0,0,0
621774,2022,6,20,"2022-06-20","20:30:00",3,"SD",46,0,1,0,0,0,0,44.43,-97.858,44.437,-97.7849,3.65,50,1,1,1,5,77,0,0,0
621775,2022,6,20,"2022-06-20","20:31:00",3,"SD",46,0,1,0,0,0,0,44.45,-97.897,44.452,-97.887,0.5,50,1,1,1,5,0,0,0,0
621776,2022,6,20,"2022-06-20","20:44:00",3,"SD",46,0,-9,0,0,0,5000,44.476,-97.633,44.476,-97.633,0.01,10,1,1,1,77,0,0,0,0
621777,2022,6,21,"2022-06-21","17:19:00",3,"KS",20,0,0,0,0,0,0,37.5099,-99.9904,37.5136,-99.9898,0.26,20,1,1,1,57,0,0,0,0
621778,2022,6,23,"2022-06-23","15:00:00",3,"AZ",4,0,0,0,0,0,0,35.16,-111.27,35.16,-111.27,0.1,10,1,1,1,5,0,0,0,0
621779,2022,6,23,"2022-06-23","15:03:00",3,"AZ",4,0,-9,0,0,0,0,32.9011,-112.0261,32.9076,-112.0193,0.6,15,1,1,1,21,0,0,0,0
621780,2022,6,23,"2022-06-23","16:25:00",3,"KS",20,0,-9,0,0,0,0,38.9,-98.66,38.9003,-98.6582,0.1,50,1,1,1,167,0,0,0,0
621781,2022,6,23,"2022-06-23","16:54:00",3,"KS",20,0,-9,0,0,0,0,38.86,-98.58,38.8601,-98.5786,0.1,50,1,1,1,167,0,0,0,0
621782,2022,6,23,"2022-06-23","17:20:00",3,"KS",20,0,-9,0,0,0,0,38.93,-98.39,38.93,-98.3894,0.1,50,1,1,1,105,0,0,0,0
621783,2022,6,23,"2022-06-23","17:39:00",3,"KS",20,0,-9,0,0,0,0,38.88,-98.23,38.8801,-98.2294,0.1,50,1,1,1,105,0,0,0,0
621784,2022,6,23,"2022-06-23","18:26:00",3,"KS",20,0,-9,0,0,0,0,38.84,-97.87,38.8401,-97.8692,0.1,50,1,1,1,169,0,0,0,0
621785,2022,6,23,"2022-06-23","18:30:00",3,"KS",20,0,-9,0,0,0,0,38.87,-97.91,38.8702,-97.9083,0.1,50,1,1,1,169,0,0,0,0
621786,2022,6,24,"2022-06-24","13:56:00",3,"ND",38,0,0,0,0,0,0,48.61,-98.1,48.6222,-98.0602,2,10,1,1,1,19,0,0,0,0
621787,2022,6,24,"2022-06-24","14:27:00",3,"ND",38,0,1,0,0,0,0,48.45,-97.96,48.4716,-97.9235,2.24,100,1,1,1,99,0,0,0,0
621788,2022,6,24,"2022-06-24","14:42:00",3,"ND",38,0,-9,0,0,0,0,47.5707,-99.8147,47.5735,-99.8114,0.25,25,1,1,1,103,0,0,0,0
621789,2022,6,24,"2022-06-24","15:52:00",3,"ND",38,0,0,0,0,0,0,47.86,-98.49,47.8599,-98.4751,0.69,100,1,1,1,63,0,0,0,0
621790,2022,6,24,"2022-06-24","16:01:00",3,"ND",38,0,0,0,0,0,0,47.83,-98.35,47.8311,-98.341,0.42,100,1,1,1,63,0,0,0,0
621791,2022,6,24,"2022-06-24","16:15:00",3,"ND",38,0,0,0,0,0,0,47.82,-98.18,47.8294,-98.1642,0.98,100,1,1,1,63,0,0,0,0
621792,2022,6,24,"2022-06-24","16:34:00",3,"ND",38,0,0,0,0,0,0,47.92,-97.69,47.9202,-97.6265,2.94,100,1,1,1,35,0,0,0,0
621793,2022,6,24,"2022-06-24","19:40:00",3,"NE",31,0,-9,0,0,0,0,40.1009,-101.5758,40.1113,-101.5391,2.07,50,1,1,1,57,0,0,0,0
621794,2022,6,24,"2022-06-24","20:16:00",3,"MN",27,0,0,0,0,0,0,48.13,-95.66,48.1301,-95.6588,0.06,40,1,1,1,113,0,0,0,0
621795,2022,6,24,"2022-06-24","20:16:00",3,"MN",27,0,1,0,0,0,0,47.25,-95.68,47.2716,-95.6051,3.82,400,1,1,1,87,0,0,0,0
621796,2022,6,24,"2022-06-24","20:58:00",3,"MN",27,0,2,0,0,0,0,46.86,-95.69,46.7278,-95.0659,30.9,600,1,1,1,5,0,0,0,0
621797,2022,6,25,"2022-06-25","15:43:00",3,"AZ",4,0,0,0,0,0,0,34.72,-112.26,34.72,-112.26,0.1,10,1,1,1,25,0,0,0,0
621798,2022,6,26,"2022-06-26","18:29:00",3,"MS",28,0,1,0,0,75000,0,31.5617,-90.3956,31.5308,-90.4107,2.31,300,1,1,1,85,0,0,0,0
621799,2022,6,30,"2022-06-30","10:00:00",3,"LA",22,0,0,0,0,0,0,30.68,-92.4,30.6804,-92.4008,0.05,10,1,1,1,39,0,0,0,0
621800,2022,6,30,"2022-06-30","10:57:00",3,"FL",12,0,0,0,0,0,0,27.51,-80.38,27.51,-80.38,0.01,10,1,1,1,111,0,0,0,0
621678,2022,6,3,"2022-06-03","17:00:00",3,"CO",8,0,-9,0,0,0,0,38.01,-103.4,37.9997,-103.3042,5.26,20,1,1,1,11,0,0,0,0
621679,2022,6,3,"2022-06-03","17:23:00",3,"CO",8,0,0,0,0,5000,0,38.15,-103.16,38.1237,-103.0907,4.18,5,1,1,1,11,0,0,0,0
621680,2022,6,3,"2022-06-03","17:43:00",3,"CO",8,0,-9,0,0,0,0,38.11,-102.96,38.1016,-102.8591,5.52,20,1,1,1,11,0,0,0,0
621681,2022,6,3,"2022-06-03","18:58:00",3,"CO",8,0,-9,0,0,0,0,39.9704,-102.5017,39.9542,-102.4362,3.64,50,1,1,1,125,0,0,0,0
621682,2022,6,3,"2022-06-03","19:11:00",3,"CO",8,0,-9,0,0,0,0,39.9916,-102.3526,39.9955,-102.3087,2.34,50,1,1,1,125,0,0,0,0
621683,2022,6,3,"2022-06-03","19:40:00",3,"CO",8,0,-9,0,0,0,0,39.6219,-102.2559,39.6159,-102.2463,0.65,50,1,1,1,125,0,0,0,0
621684,2022,6,4,"2022-06-04","17:08:00",3,"CO",8,0,-9,0,0,0,0,38.9642,-102.4477,38.9559,-102.4398,0.71,50,1,1,1,17,0,0,0,0
621685,2022,6,4,"2022-06-04","20:01:00",3,"KS",20,0,-9,0,0,0,0,39.8011,-100.505,39.7739,-100.4535,3.32,75,1,1,1,39,0,0,0,0
621686,2022,6,5,"2022-06-05","16:03:00",3,"NE",31,0,-9,0,0,0,0,42.68,-102.69,42.68,-102.69,0.05,10,1,1,1,161,0,0,0,0
621687,2022,6,6,"2022-06-06","13:29:00",3,"NE",31,0,-9,0,0,0,0,41.85,-98.1,41.85,-98.1,0.05,20,1,1,1,11,0,0,0,0
621688,2022,6,6,"2022-06-06","13:47:00",3,"NE",31,0,-9,0,0,0,0,42.92,-101.92,42.92,-101.92,0.05,10,1,1,1,31,0,0,0,0
621689,2022,6,6,"2022-06-06","16:06:00",3,"FL",12,0,0,0,0,10000,0,27.5,-80.5,27.46,-80.47,3.32,75,1,1,1,111,0,0,0,0
621690,2022,6,6,"2022-06-06","17:43:00",3,"TN",47,0,0,0,0,25000,0,35.6828,-89.2948,35.6828,-89.2935,0.07,40,1,1,1,75,0,0,0,0
621691,2022,6,7,"2022-06-07","14:21:00",3,"WY",56,0,1,0,0,0,0,42.6999,-104.2002,42.6626,-104.1344,3.5,225,1,1,1,27,0,0,0,0
621692,2022,6,7,"2022-06-07","17:03:00",3,"CO",8,0,-9,0,0,0,0,40.95,-102.52,40.95,-102.52,0.01,50,1,1,1,115,0,0,0,0
621693,2022,6,7,"2022-06-07","17:09:00",3,"CO",8,0,-9,0,0,0,0,40.96,-102.48,40.96,-102.48,0.01,50,1,1,1,115,0,0,0,0
621694,2022,6,7,"2022-06-07","17:30:00",3,"NM",35,0,0,0,0,0,0,35.83,-104.47,35.8285,-104.4672,0.19,10,1,1,1,33,0,0,0,0
621695,2022,6,7,"2022-06-07","17:44:00",3,"CO",8,0,-9,0,0,0,0,40.74,-102.34,40.74,-102.34,0.01,50,1,1,1,95,0,0,0,0
621696,2022,6,7,"2022-06-07","18:09:00",3,"CO",8,0,-9,0,0,0,0,40.53,-102.24,40.53,-102.24,0.01,50,1,1,1,95,0,0,0,0
621697,2022,6,7,"2022-06-07","18:36:00",3,"CO",8,0,-9,0,0,0,0,38.2,-103.33,38.1561,-103.3017,3.4,25,1,1,1,11,0,0,0,0
621698,2022,6,7,"2022-06-07","18:56:00",3,"CO",8,0,-9,0,0,0,0,37.97,-102.62,37.9189,-102.5224,6.39,20,1,1,1,99,0,0,0,0
621699,2022,6,7,"2022-06-07","20:18:00",3,"CO",8,0,-9,0,0,0,0,37.61,-102.13,37.5243,-102.088,6.35,20,1,1,1,9,0,0,0,0
621700,2022,6,7,"2022-06-07","20:42:00",3,"NE",31,0,0,0,0,1e+06,0,40.1546,-97.8859,40.0583,-97.7599,9.42,25,1,1,1,129,169,0,0,0
621701,2022,6,7,"2022-06-07","21:15:00",3,"KS",20,0,1,0,0,0,0,39.9613,-97.4249,39.939,-97.375,3.06,75,1,1,1,157,0,0,0,0
621702,2022,6,7,"2022-06-07","21:27:00",3,"CO",8,0,-9,0,0,0,0,37.61,-102.26,37.5015,-102.2056,8.07,20,1,1,1,9,0,0,0,0
621703,2022,6,7,"2022-06-07","22:02:00",3,"KS",20,0,1,0,0,0,0,39.7999,-96.713,39.779,-96.668,2.79,75,1,1,1,117,0,0,0,0
621704,2022,6,8,"2022-06-08","00:10:00",3,"KS",20,0,1,0,0,0,0,38.964,-94.7853,38.9513,-94.5175,14.36,125,2,0,1,0,0,0,0,0
621704,2022,6,8,"2022-06-08","00:10:00",3,"KS",20,0,1,0,0,0,0,38.964,-94.7853,38.956,-94.6082,9.53,125,2,1,2,91,0,0,0,0
621705,2022,6,8,"2022-06-08","00:21:00",3,"KS",20,0,0,0,0,0,0,38.6424,-94.8316,38.5868,-94.6658,9.74,75,1,1,1,121,0,0,0,0
621704,2022,6,8,"2022-06-08","00:23:00",3,"MO",29,0,1,0,0,0,0,38.956,-94.6072,38.9513,-94.5175,4.83,125,2,1,2,95,0,0,0,0
621706,2022,6,8,"2022-06-08","00:24:00",3,"KS",20,0,0,0,0,0,0,38.6076,-94.7944,38.5464,-94.6359,9.55,75,1,1,1,121,0,0,0,0
621707,2022,6,8,"2022-06-08","00:37:00",3,"MO",29,0,2,0,0,0,0,39.121,-94.3091,39.1217,-94.1307,9.56,200,1,1,1,95,0,0,0,0
621708,2022,6,8,"2022-06-08","14:08:00",3,"IN",18,0,1,0,0,185000,0,39.6405,-85.6188,39.6583,-85.4388,9.69,100,1,1,1,139,0,0,0,0
621709,2022,6,8,"2022-06-08","15:42:00",3,"OH",39,0,1,0,0,1e+05,0,39.9384,-84.4772,39.9372,-84.431,2.45,125,1,1,1,37,0,0,0,0
621710,2022,6,8,"2022-06-08","15:53:00",3,"OH",39,0,2,0,0,1e+06,0,39.9692,-84.362,39.9922,-84.104,13.75,150,1,1,1,109,0,0,0,0
621711,2022,6,8,"2022-06-08","16:13:00",3,"IN",18,0,0,0,0,115000,0,40.3409,-85.646,40.3362,-85.6371,0.58,25,1,1,1,95,0,0,0,0
621712,2022,6,8,"2022-06-08","16:23:00",3,"OH",39,0,1,0,0,5e+05,0,39.9734,-83.9863,39.9598,-83.6673,16.92,200,1,1,1,23,0,0,0,0
621713,2022,6,8,"2022-06-08","16:42:00",3,"OH",39,0,0,0,0,150000,0,40.17,-83.7498,40.1768,-83.6424,5.69,150,1,1,1,21,0,0,0,0
621714,2022,6,8,"2022-06-08","17:07:00",3,"OH",39,0,0,0,0,40000,0,39.0044,-83.8102,39.0122,-83.7723,2.1,80,1,1,1,15,0,0,0,0
621715,2022,6,8,"2022-06-08","17:16:00",3,"OH",39,0,2,0,0,50500,0,39.3748,-82.7371,39.3591,-82.5681,9.1,700,1,1,1,73,163,0,0,0
621716,2022,6,8,"2022-06-08","17:45:00",3,"OH",39,0,1,0,0,1500,0,39.3316,-82.3533,39.3345,-82.3464,0.42,200,1,1,1,163,0,0,0,0
621717,2022,6,8,"2022-06-08","17:52:00",3,"OH",39,0,0,0,0,250,0,39.3263,-82.3178,39.3254,-82.3061,0.63,100,1,1,1,163,0,0,0,0
621718,2022,6,8,"2022-06-08","18:42:00",3,"MD",24,0,0,0,0,1e+05,0,38.4256,-76.7184,38.4373,-76.6649,3.01,75,1,1,1,37,0,0,0,0
621719,2022,6,9,"2022-06-09","02:59:00",3,"NJ",34,0,1,0,0,0,0,39.7877,-75.0265,39.7904,-75.0232,0.26,60,1,1,1,7,0,0,0,0
621720,2022,6,9,"2022-06-09","13:40:00",3,"FL",12,0,0,0,0,210000,0,27.3075,-80.3013,27.3042,-80.2772,1.5,200,1,1,1,111,0,0,0,0
621721,2022,6,9,"2022-06-09","23:11:00",3,"KS",20,0,-9,0,0,0,0,39.1788,-99.7945,39.1591,-99.7926,1.36,100,1,1,1,65,0,0,0,0
621824,2022,7,11,"2022-07-11","14:22:00",3,"MN",27,0,1,0,0,0,0,46.3647,-92.4202,46.3358,-92.3335,4.63,75,1,1,1,115,0,0,0,0
621825,2022,7,11,"2022-07-11","21:33:00",3,"MI",26,0,0,0,0,70000,0,42.8425,-83.7125,42.8088,-83.5733,7.43,40,1,1,1,49,125,0,0,0
621826,2022,7,12,"2022-07-12","13:35:00",3,"WV",54,0,0,0,0,2e+05,0,39.2504,-78.8375,39.2502,-78.8304,0.38,30,1,1,1,27,0,0,0,0
621827,2022,7,12,"2022-07-12","13:52:00",3,"WV",54,0,0,0,0,1e+05,0,39.1785,-78.6509,39.1783,-78.6462,0.25,50,1,1,1,27,0,0,0,0
621828,2022,7,13,"2022-07-13","18:49:00",3,"NY",36,0,1,0,0,28000,0,41.9318,-74.0532,41.9268,-74.0456,0.52,300,1,1,1,111,0,0,0,0
621829,2022,7,17,"2022-07-17","14:05:00",3,"OH",39,0,0,3,0,260000,0,39.545,-82.9335,39.5679,-82.8257,5.97,100,1,1,1,129,45,0,0,0
621830,2022,7,18,"2022-07-18","15:35:00",3,"NY",36,0,-9,0,0,0,0,41.9,-73.96,41.9,-73.96,0.01,10,1,1,1,27,0,0,0,0
621831,2022,7,18,"2022-07-18","16:50:00",3,"VT",50,0,1,0,0,10000,0,44.0828,-73.3069,44.0939,-73.2966,0.92,50,1,1,1,1,0,0,0,0
621832,2022,7,18,"2022-07-18","16:55:00",3,"VT",50,0,0,0,0,0,0,44.1319,-73.2723,44.1388,-73.2624,0.68,25,1,1,1,1,0,0,0,0
621833,2022,7,18,"2022-07-18","17:47:00",3,"MT",30,0,2,0,0,0,0,48.85,-106.25,48.85,-106.25,8,457,1,1,1,105,0,0,0,0
621834,2022,7,18,"2022-07-18","20:22:00",3,"NH",33,0,1,0,0,2000,0,42.9244,-72.4543,42.929,-72.451,0.36,250,1,1,1,5,0,0,0,0
621835,2022,7,19,"2022-07-19","12:38:00",3,"MN",27,0,0,0,0,5000,0,48.8626,-96.7817,48.8833,-96.7682,1.56,40,1,1,1,69,0,0,0,0
621836,2022,7,20,"2022-07-20","18:55:00",3,"OH",39,0,1,0,0,117000,0,40.67,-82.0292,40.6668,-81.9867,2.24,100,1,1,1,169,75,0,0,0
621837,2022,7,22,"2022-07-22","10:25:00",3,"TX",48,0,0,0,0,0,0,29.839,-93.938,29.8505,-93.9585,1.68,10,1,1,1,245,0,0,0,0
621838,2022,7,22,"2022-07-22","15:58:00",3,"KS",20,0,-9,0,0,0,0,39.4641,-101.3377,39.4698,-101.3222,0.91,50,1,1,1,193,0,0,0,0
621839,2022,7,22,"2022-07-22","16:00:00",3,"KS",20,0,-9,0,0,0,0,39.4854,-101.3282,39.4921,-101.3097,1.09,50,1,1,1,193,0,0,0,0
621840,2022,7,22,"2022-07-22","16:15:00",3,"KS",20,0,-9,0,0,0,0,39.255,-101.3454,39.2614,-101.3135,1.77,50,1,1,1,193,0,0,0,0
621841,2022,7,22,"2022-07-22","16:21:00",3,"KS",20,0,-9,0,0,0,0,39.2388,-101.3865,39.2409,-101.3892,0.2,50,1,1,1,193,0,0,0,0
621842,2022,7,22,"2022-07-22","16:21:00",3,"KS",20,0,-9,0,0,0,0,39.2382,-101.3798,39.2334,-101.378,0.34,50,1,1,1,193,0,0,0,0
621843,2022,7,22,"2022-07-22","16:28:00",3,"KS",20,0,-9,0,0,0,0,39.2506,-101.2953,39.2558,-101.2832,0.74,50,1,1,1,193,0,0,0,0
621844,2022,7,22,"2022-07-22","17:38:00",3,"FL",12,0,0,0,0,0,0,28.9976,-81.9427,29.0162,-81.936,1.35,50,1,1,1,83,0,0,0,0
621845,2022,7,22,"2022-07-22","23:17:00",3,"ND",38,0,0,0,0,0,0,47.56,-97.76,47.5557,-97.7414,0.92,150,1,1,1,91,0,0,0,0
621846,2022,7,22,"2022-07-22","23:31:00",3,"ND",38,0,1,0,0,0,0,47.71,-97.46,47.7003,-97.4391,1.18,150,1,1,1,35,0,0,0,0
621847,2022,7,23,"2022-07-23","04:40:00",3,"IL",17,0,0,0,0,0,0,41.726,-88.2207,41.6679,-88.1862,4.5,150,1,1,1,43,197,0,0,0
621848,2022,7,23,"2022-07-23","04:52:00",3,"IL",17,0,0,0,0,0,0,41.6027,-88.1133,41.5468,-88.0968,4.1,200,1,1,1,197,0,0,0,0
621849,2022,7,23,"2022-07-23","05:05:00",3,"IL",17,0,0,0,0,0,0,41.4563,-88.0035,41.4463,-88.002,0.7,150,1,1,1,197,0,0,0,0
621850,2022,7,23,"2022-07-23","08:45:00",3,"OH",39,0,1,0,0,1e+05,0,40.0421,-84.23,40.0282,-84.2012,1.8,200,1,1,1,109,0,0,0,0
621851,2022,7,23,"2022-07-23","13:41:00",3,"MN",27,0,0,0,0,5000,0,43.8605,-91.8798,43.8561,-91.8554,1.25,30,1,1,1,169,0,0,0,0
621852,2022,7,23,"2022-07-23","14:01:00",3,"MN",27,0,0,0,0,125000,0,43.7967,-91.6015,43.7949,-91.5171,4.21,40,1,1,1,55,0,0,0,0
621853,2022,7,23,"2022-07-23","14:33:00",3,"WI",55,0,0,0,0,10000,0,43.8689,-91.1746,43.8526,-91.1301,2.49,40,1,1,1,63,0,0,0,0
621854,2022,7,23,"2022-07-23","22:44:00",3,"IA",19,0,1,0,0,60000,0,43.2628,-91.5287,43.2454,-91.5121,1.46,90,1,1,1,5,0,0,0,0
621855,2022,7,26,"2022-07-26","15:48:00",3,"CO",8,0,-9,0,0,0,0,39.5484,-102.4473,39.5436,-102.4604,0.77,50,1,1,1,63,0,0,0,0
621856,2022,7,26,"2022-07-26","15:51:00",3,"CO",8,0,-9,0,0,0,0,39.4036,-102.5508,39.3971,-102.5465,0.5,75,1,1,1,63,0,0,0,0
621857,2022,7,26,"2022-07-26","16:29:00",3,"CO",8,0,0,0,0,0,0,39.3067,-102.7587,39.2916,-102.8163,3.34,100,1,1,1,63,0,0,0,0
621858,2022,7,26,"2022-07-26","17:02:00",3,"CO",8,0,-9,0,0,0,0,39.3819,-102.6258,39.3605,-102.6375,1.61,100,1,1,1,63,0,0,0,0
621859,2022,7,28,"2022-07-28","08:40:00",3,"NY",36,0,2,0,0,750000,0,42.62,-78.33,42.65,-78.14,10,500,1,1,1,121,0,0,0,0
621860,2022,7,28,"2022-07-28","16:35:00",3,"CT",9,0,0,0,0,0,0,41.9281,-73.2078,41.9651,-73.1194,5,300,1,1,1,5,0,0,0,0
621861,2022,7,28,"2022-07-28","21:35:00",3,"OK",40,0,1,0,0,55000,0,36.056,-95.779,36.07,-95.71,4,800,1,1,1,143,145,0,0,0
621862,2022,7,29,"2022-07-29","16:25:00",3,"CO",8,0,-9,0,0,0,0,39.74,-104.74,39.74,-104.74,0.01,50,1,1,1,5,0,0,0,0
621863,2022,7,29,"2022-07-29","16:36:00",3,"CO",8,0,-9,0,0,0,0,39.84,-104.82,39.84,-104.82,0.01,50,1,1,1,1,0,0,0,0
621864,2022,7,31,"2022-07-31","19:28:00",3,"MN",27,0,0,0,0,0,0,43.7162,-93.6339,43.7108,-93.6285,0.46,25,1,1,1,47,0,0,0,0
621801,2022,7,3,"2022-07-03","23:51:00",3,"NE",31,0,1,0,0,5e+05,2e+05,40.8661,-98.3346,40.9665,-98.2099,9.56,200,1,1,1,79,121,0,0,0
621802,2022,7,5,"2022-07-05","13:55:00",3,"VA",51,0,0,0,0,15000,0,37.731,-76.6,37.639,-76.425,11.49,75,1,1,1,103,0,0,0,0
621803,2022,7,5,"2022-07-05","14:05:00",3,"VA",51,0,1,0,0,20000,0,36.61,-81.01,36.59,-80.98,2.2,150,1,1,1,77,0,0,0,0
621804,2022,7,5,"2022-07-05","15:31:00",3,"MD",24,0,1,0,0,250000,0,38.972,-76.746,38.97,-76.732,0.8,125,1,1,1,33,0,0,0,0
621805,2022,7,5,"2022-07-05","15:55:00",3,"MD",24,0,-9,0,0,0,0,38.896,-76.599,38.895,-76.597,0.13,50,1,1,1,3,0,0,0,0
621806,2022,7,5,"2022-07-05","16:37:00",3,"IA",19,0,0,0,0,1000,500,43.4147,-94.8919,43.4126,-94.8596,1.63,80,1,1,1,63,0,0,0,0
621807,2022,7,5,"2022-07-05","19:44:00",3,"IA",19,0,-9,0,0,0,0,42.6321,-92.0128,42.6301,-91.986,1.37,20,1,1,1,19,0,0,0,0
621808,2022,7,5,"2022-07-05","20:00:00",3,"IA",19,0,-9,0,0,0,0,42.4764,-91.7577,42.4745,-91.7447,0.68,20,1,1,1,19,0,0,0,0
621809,2022,7,6,"2022-07-06","12:57:00",3,"OH",39,0,1,0,0,1e+05,0,39.2387,-84.2781,39.225,-84.2401,2.24,100,1,1,1,25,0,0,0,0
621810,2022,7,6,"2022-07-06","13:05:00",3,"OH",39,0,2,2,0,3e+06,0,39.2431,-84.1829,39.1982,-84.1143,4.81,500,1,1,1,25,0,0,0,0
621811,2022,7,6,"2022-07-06","13:17:00",3,"OH",39,0,1,0,0,5e+05,0,39.1675,-83.9993,39.1988,-83.9517,3.34,250,1,1,1,15,0,0,0,0
621812,2022,7,6,"2022-07-06","13:18:00",3,"MT",30,0,0,0,0,0,0,47.0981,-110.2759,47.0946,-110.2496,1.26,50,1,1,1,45,0,0,0,0
621813,2022,7,6,"2022-07-06","14:44:00",3,"CO",8,0,-9,0,0,0,0,40.9,-104.1,40.9,-104.1,0.01,50,1,1,1,123,0,0,0,0
621814,2022,7,6,"2022-07-06","20:46:00",3,"CO",8,0,0,0,0,0,0,38.02,-103.46,38.0162,-103.4019,3.17,20,1,1,1,89,0,0,0,0
621815,2022,7,7,"2022-07-07","13:32:00",3,"IA",19,0,-9,0,0,0,0,41.8705,-94.951,41.8707,-94.944,0.36,20,1,1,1,27,0,0,0,0
621816,2022,7,7,"2022-07-07","16:17:00",3,"IA",19,0,-9,0,0,0,0,42.4824,-93.1664,42.4829,-93.16,0.33,20,1,1,1,83,0,0,0,0
621817,2022,7,7,"2022-07-07","16:39:00",3,"CO",8,0,1,0,0,0,0,40.3066,-103.7356,40.2976,-103.7351,0.62,100,1,1,1,87,0,0,0,0
621818,2022,7,7,"2022-07-07","16:42:00",3,"CO",8,0,0,0,0,0,0,40.2972,-103.6958,40.2972,-103.6958,0.01,50,1,1,1,87,0,0,0,0
621819,2022,7,7,"2022-07-07","16:46:00",3,"CO",8,0,0,0,0,0,0,40.2464,-103.7129,40.2464,-103.7129,0.01,50,1,1,1,87,0,0,0,0
621820,2022,7,7,"2022-07-07","16:49:00",3,"CO",8,0,1,0,0,0,0,40.2444,-103.6884,40.2444,-103.6884,0.01,50,1,1,1,87,0,0,0,0
621821,2022,7,7,"2022-07-07","16:51:00",3,"CO",8,0,0,0,0,0,0,40.2473,-103.6698,40.2473,-103.6698,0.01,50,1,1,1,87,0,0,0,0
621822,2022,7,8,"2022-07-08","14:17:00",3,"IL",17,0,-9,0,0,0,0,40.5127,-90.6922,40.5124,-90.6771,0.79,20,1,1,1,109,0,0,0,0
621823,2022,7,9,"2022-07-09","15:29:00",3,"SC",45,0,0,0,0,0,0,32.4898,-80.3151,32.4903,-80.3151,0.03,25,1,1,1,29,0,0,0,0
621875,2022,8,15,"2022-08-15","11:35:00",3,"TX",48,0,0,0,0,50000,0,29.0497,-99.0062,29.0526,-99.0074,0.21,100,1,1,1,163,0,0,0,0
621876,2022,8,15,"2022-08-15","16:08:00",3,"ND",38,0,-9,0,0,0,0,47.84,-100.85,47.8349,-100.8492,0.35,25,1,1,1,55,0,0,0,0
621877,2022,8,15,"2022-08-15","16:10:00",3,"ND",38,0,1,0,0,25000,0,47.81,-100.93,47.7791,-100.9152,2.24,100,1,1,1,55,0,0,0,0
621878,2022,8,15,"2022-08-15","16:30:00",3,"ND",38,0,2,0,0,250000,10000,47.7564,-100.9677,47.726,-100.949,2.27,100,1,1,1,55,0,0,0,0
621879,2022,8,18,"2022-08-18","12:20:00",3,"LA",22,0,0,0,0,0,0,29.81,-93.66,29.8181,-93.6427,1.18,10,1,1,1,23,0,0,0,0
621880,2022,8,20,"2022-08-20","11:20:00",3,"IA",19,0,-9,0,0,0,0,42.178,-91.1102,42.179,-91.1075,0.15,10,1,1,1,105,0,0,0,0
621881,2022,8,20,"2022-08-20","12:17:00",3,"IL",17,0,-9,0,0,0,0,41.1993,-90.939,41.2004,-90.9341,0.27,10,1,1,1,131,0,0,0,0
621882,2022,8,20,"2022-08-20","12:55:00",3,"IL",17,0,-9,0,0,0,0,41.21,-90.74,41.23,-90.69,2.83,10,1,1,1,131,0,0,0,0
621883,2022,8,20,"2022-08-20","13:29:00",3,"IN",18,0,0,0,0,15000,0,40.2224,-84.9967,40.2356,-84.9693,1.71,20,1,1,1,135,0,0,0,0
621884,2022,8,21,"2022-08-21","17:38:00",3,"AZ",4,0,-9,0,0,0,0,36.67,-113.64,36.67,-113.64,0.01,50,1,1,1,15,0,0,0,0
621885,2022,8,22,"2022-08-22","09:26:00",3,"TX",48,0,1,0,0,25000,0,32.4873,-95.1918,32.5341,-95.1582,3.78,200,1,1,1,423,0,0,0,0
621886,2022,8,23,"2022-08-23","18:11:00",3,"TX",48,0,-9,0,0,0,0,27.67,-97.85,27.67,-97.85,0.05,20,1,1,1,355,0,0,0,0
621887,2022,8,24,"2022-08-24","12:04:00",3,"MS",28,0,0,0,0,0,0,31.33,-89.41,31.33,-89.41,0.59,25,1,1,1,73,0,0,0,0
621888,2022,8,25,"2022-08-25","10:18:00",3,"TX",48,0,-9,0,0,0,0,28.03,-97.69,28.03,-97.69,0.05,20,1,1,1,409,0,0,0,0
621889,2022,8,25,"2022-08-25","17:00:00",3,"AZ",4,0,0,0,0,0,0,32.12,-110.88,32.12,-110.88,0.05,10,1,1,1,19,0,0,0,0
621890,2022,8,26,"2022-08-26","12:18:00",3,"MT",30,0,0,0,0,0,0,48.3058,-108.9603,48.3254,-108.9005,3.06,50,1,1,1,5,0,0,0,0
621891,2022,8,26,"2022-08-26","15:24:00",3,"LA",22,0,0,0,0,0,0,30.185,-93.2869,30.1855,-93.2911,0.25,10,1,1,1,19,0,0,0,0
621892,2022,8,27,"2022-08-27","19:36:00",3,"MN",27,0,0,0,0,5e+05,0,44.7152,-93.2642,44.7272,-93.2615,0.85,100,1,1,1,37,0,0,0,0
621893,2022,8,27,"2022-08-27","19:40:00",3,"MN",27,0,0,0,0,750000,0,44.7636,-93.2156,44.7684,-93.2124,0.37,100,1,1,1,37,0,0,0,0
621894,2022,8,27,"2022-08-27","19:47:00",3,"MN",27,0,0,0,0,750000,0,44.8248,-93.1569,44.8313,-93.1447,0.75,150,1,1,1,37,0,0,0,0
621895,2022,8,27,"2022-08-27","19:55:00",3,"MN",27,0,0,0,0,1e+05,0,44.9018,-93.07,44.9052,-93.0677,0.26,50,1,1,1,37,0,0,0,0
621896,2022,8,27,"2022-08-27","19:59:00",3,"MN",27,0,0,0,0,750000,0,44.9467,-93.035,44.9952,-93.0171,3.46,100,1,1,1,123,0,0,0,0
621897,2022,8,28,"2022-08-28","15:35:00",3,"CA",6,0,-9,0,0,0,0,33.7463,-115.3909,33.7484,-115.3925,0.17,50,1,1,1,65,0,0,0,0
621898,2022,8,28,"2022-08-28","19:05:00",3,"MN",27,0,0,0,0,0,0,44.9004,-95.261,44.8985,-95.2436,0.86,25,1,1,1,23,67,0,0,0
621899,2022,8,29,"2022-08-29","15:29:00",3,"KS",20,0,0,0,0,0,0,37.8666,-99.7894,37.8891,-99.776,1.72,30,1,1,1,57,0,0,0,0
621865,2022,8,1,"2022-08-01","03:46:00",3,"IL",17,0,0,0,0,0,0,40.2497,-89.6847,40.2462,-89.6785,0.41,60,1,1,1,125,0,0,0,0
621866,2022,8,1,"2022-08-01","04:12:00",3,"IL",17,0,1,0,0,0,0,40.1441,-89.1966,40.1247,-89.1718,1.88,60,1,1,1,107,0,0,0,0
621867,2022,8,1,"2022-08-01","11:56:00",3,"MI",26,0,0,0,0,0,0,43.393,-83.526,43.399,-83.48,2.35,200,1,1,1,157,0,0,0,0
621868,2022,8,1,"2022-08-01","12:14:00",3,"MI",26,0,0,0,0,0,0,43.409,-83.389,43.412,-83.382,0.41,100,1,1,1,157,0,0,0,0
621869,2022,8,1,"2022-08-01","17:05:00",3,"WV",54,0,2,0,0,650000,5000,40.027,-80.537,40.012,-80.51,1.81,350,2,0,1,0,0,0,0,0
621869,2022,8,1,"2022-08-01","17:05:00",3,"WV",54,0,2,0,0,6e+05,5000,40.027,-80.537,40.017,-80.519,1.22,350,2,1,2,51,0,0,0,0
621869,2022,8,1,"2022-08-01","17:08:00",3,"PA",42,0,2,0,0,50000,0,40.017,-80.519,40.012,-80.51,0.59,350,2,1,2,125,0,0,0,0
621870,2022,8,1,"2022-08-01","17:35:00",3,"PA",42,0,0,0,0,2e+05,5000,39.9206,-80.3382,39.9093,-80.3212,1.19,150,1,1,1,59,0,0,0,0
621871,2022,8,4,"2022-08-04","17:20:00",3,"MD",24,0,1,1,0,250000,0,37.9695,-76.0467,38,-76.03,2.3,100,1,1,1,39,0,0,0,0
621872,2022,8,5,"2022-08-05","15:43:00",3,"CO",8,0,-9,0,0,0,0,39.9,-104.71,39.9,-104.71,0.01,25,1,1,1,31,0,0,0,0
621873,2022,8,8,"2022-08-08","15:00:00",3,"FL",12,0,-9,0,0,0,0,26.9,-82.01,26.9001,-82.0106,0.05,25,1,1,1,15,0,0,0,0
621874,2022,8,8,"2022-08-08","17:49:00",3,"TX",48,0,0,0,0,0,0,35.87,-101.94,35.89,-101.94,1.38,40,1,1,1,341,0,0,0,0
621902,2022,9,13,"2022-09-13","12:00:00",3,"AZ",4,0,0,0,0,0,0,34.96,-110.33,34.96,-110.33,0.1,10,1,1,1,17,0,0,0,0
621903,2022,9,13,"2022-09-13","18:45:00",3,"AZ",4,0,0,0,0,0,0,36.84,-109.85,36.9513,-109.839,7.71,10,1,1,1,1,0,0,0,0
621904,2022,9,18,"2022-09-18","23:28:00",3,"IL",17,0,0,0,0,0,0,40.34,-88.77,40.32,-88.72,2.97,30,1,1,1,113,0,0,0,0
621905,2022,9,19,"2022-09-19","17:33:00",3,"NY",36,0,1,0,0,55000,0,42.575,-77.614,42.561,-77.583,1.85,150,1,1,1,101,0,0,0,0
621906,2022,9,22,"2022-09-22","13:03:00",3,"NM",35,0,-9,0,0,0,0,36.24,-108.18,36.2407,-108.1784,0.1,20,1,1,1,45,0,0,0,0
621907,2022,9,25,"2022-09-25","16:38:00",3,"NY",36,0,1,0,0,85000,0,42.1518,-75.1843,42.1548,-75.1398,2.29,150,1,1,1,25,0,0,0,0
621908,2022,9,25,"2022-09-25","21:17:00",3,"NY",36,0,0,0,0,1e+05,0,40.9837,-72.5624,40.9968,-72.5266,2.1,75,1,1,1,103,0,0,0,0
621909,2022,9,27,"2022-09-27","13:48:00",3,"FL",12,0,-9,0,0,0,0,25.8,-80.72,25.87,-80.75,5.18,100,1,1,1,86,0,0,0,0
621910,2022,9,27,"2022-09-27","15:10:00",3,"FL",12,0,-9,0,0,0,0,25.75,-80.99,25.75,-80.99,0.02,50,1,1,1,87,0,0,0,0
621911,2022,9,27,"2022-09-27","16:13:00",3,"FL",12,0,0,0,0,3000,0,25.7711,-80.3354,25.7711,-80.3354,0.1,50,1,1,1,86,0,0,0,0
621912,2022,9,27,"2022-09-27","16:22:00",3,"FL",12,0,0,0,0,3000,0,25.8075,-80.3511,25.8075,-80.3511,0.15,50,1,1,1,86,0,0,0,0
621913,2022,9,27,"2022-09-27","17:17:00",3,"FL",12,0,1,0,0,2e+06,0,25.9952,-80.2386,26.0665,-80.2856,5.73,150,1,1,1,11,0,0,0,0
621914,2022,9,27,"2022-09-27","17:51:00",3,"FL",12,0,0,0,0,5000,0,26.0047,-80.192,26.0977,-80.2523,7.44,75,1,1,1,11,0,0,0,0
621915,2022,9,27,"2022-09-27","18:59:00",3,"FL",12,0,2,2,0,0,0,26.3705,-80.1054,26.464,-80.1487,6.98,200,1,1,1,99,0,0,0,0
621916,2022,9,27,"2022-09-27","19:22:00",3,"FL",12,0,1,0,0,2e+05,0,26.6449,-80.2878,26.7376,-80.3503,7.48,150,1,1,1,99,0,0,0,0
621917,2022,9,27,"2022-09-27","19:30:00",3,"FL",12,0,1,0,0,50000,0,26.7338,-80.3355,26.7487,-80.3499,1.39,100,1,1,1,99,0,0,0,0
621918,2022,9,27,"2022-09-27","22:40:00",3,"FL",12,0,-9,0,0,0,0,26.26,-80.61,26.3,-80.62,2.83,100,1,1,1,11,0,0,0,0
621919,2022,9,27,"2022-09-27","23:31:00",3,"FL",12,0,0,0,0,10000,0,26.1123,-80.3297,26.1131,-80.3297,0.06,50,1,1,1,11,0,0,0,0
621920,2022,9,28,"2022-09-28","00:25:00",3,"FL",12,0,0,0,0,50000,0,26.827,-81.0781,26.8376,-81.0912,1.09,75,1,1,1,43,0,0,0,0
621921,2022,9,28,"2022-09-28","03:56:00",3,"FL",12,0,0,0,0,2000,0,26.5282,-80.068,26.5282,-80.068,0.2,50,1,1,1,99,0,0,0,0
621922,2022,9,28,"2022-09-28","13:32:00",3,"FL",12,0,0,0,0,0,0,28.083,-80.8669,28.1249,-80.8841,3,100,1,1,1,9,0,0,0,0
621923,2022,9,30,"2022-09-30","10:25:00",3,"NC",37,0,0,0,0,0,0,33.9128,-78.2882,33.9132,-78.3011,0.74,20,1,1,1,19,0,0,0,0
621924,2022,9,30,"2022-09-30","13:22:00",3,"NC",37,0,-9,0,0,0,0,35.3242,-76.7076,35.3325,-76.7147,0.7,12,1,1,1,13,0,0,0,0
621900,2022,9,4,"2022-09-04","15:44:00",3,"OH",39,0,0,0,0,12000,0,41.021,-80.6559,41.022,-80.6555,0.07,15,1,1,1,99,0,0,0,0
621901,2022,9,9,"2022-09-09","23:21:00",3,"SC",45,0,0,0,0,0,0,32.875,-79.7514,32.8846,-79.7537,0.68,125,1,1,1,19,0,0,0,0
