"om","yr","mo","dy","date","time","tz","st","stf","stn","mag","inj","fat","loss","closs","slat","slon","elat","elon","len","wid","ns","sn","sg","f1","f2","f3","f4","fc"
623337,2023,10,11,"2023-10-11","16:40:00",3,"WA",53,0,0,0,0,0,1000,45.8755,-122.6892,45.87,-122.68,0.5,100,1,1,1,11,0,0,0,0
623338,2023,10,11,"2023-10-11","20:59:00",3,"FL",12,0,0,0,0,10000,0,27.2661,-82.3829,27.2686,-82.3822,0.18,50,1,1,1,115,0,0,0,0
623339,2023,10,11,"2023-10-11","22:13:00",3,"FL",12,0,0,0,0,50000,0,28.0319,-82.6725,28.0355,-82.6711,0.26,50,1,1,1,103,0,0,0,0
623340,2023,10,11,"2023-10-11","23:47:00",3,"FL",12,0,2,0,0,5e+05,0,28.003,-82.8285,28.0569,-82.7746,4.97,300,1,1,1,103,0,0,0,0
623341,2023,10,12,"2023-10-12","00:08:00",3,"FL",12,0,2,0,0,350000,0,28.8464,-82.6108,28.9158,-82.563,5.6,300,1,1,1,17,0,0,0,0
623342,2023,10,12,"2023-10-12","00:17:00",3,"FL",12,0,0,0,0,2000,0,28.1865,-82.6175,28.1875,-82.6161,0.11,15,1,1,1,101,0,0,0,0
623343,2023,10,12,"2023-10-12","02:30:00",3,"FL",12,0,0,0,0,0,0,29.4674,-81.3391,29.5336,-81.1534,12.07,25,1,1,1,35,0,0,0,0
623344,2023,10,12,"2023-10-12","02:40:00",3,"FL",12,0,2,0,0,0,0,29.5678,-81.2512,29.576,-81.2337,1,200,1,1,1,35,0,0,0,0
623345,2023,10,12,"2023-10-12","09:34:00",3,"FL",12,0,0,0,0,5000,0,27.9163,-82.8303,27.9164,-82.8234,0.42,15,1,1,1,103,0,0,0,0
623346,2023,10,12,"2023-10-12","13:05:00",3,"NE",31,0,0,0,0,90000,0,40.5706,-99.5794,40.5946,-99.565,1.82,30,1,1,1,137,0,0,0,0
623347,2023,10,12,"2023-10-12","13:20:00",3,"NE",31,0,-9,0,0,0,0,40.69,-99.52,40.69,-99.52,0.01,20,1,1,1,47,0,0,0,0
623348,2023,10,12,"2023-10-12","14:39:00",3,"KS",20,0,-9,0,0,0,0,39.4776,-98.1799,39.4776,-98.1799,0.01,20,1,1,1,123,0,0,0,0
623349,2023,10,12,"2023-10-12","14:43:00",3,"NE",31,0,1,0,0,227000,0,40.3196,-99.0061,40.3968,-98.9432,6.29,75,1,1,1,61,99,0,0,0
623350,2023,10,12,"2023-10-12","15:43:00",3,"NE",31,0,0,0,0,0,50000,40.6672,-98.5528,40.6852,-98.5516,1.25,170,1,1,1,1,0,0,0,0
623351,2023,10,12,"2023-10-12","16:04:00",3,"NE",31,0,-9,0,0,0,0,40.7327,-98.394,40.7327,-98.394,0.01,20,1,1,1,79,0,0,0,0
623352,2023,10,13,"2023-10-13","13:12:00",3,"IA",19,0,-9,0,0,0,0,42.5469,-94.3852,42.5503,-94.3863,0.24,25,1,1,1,187,0,0,0,0
623353,2023,10,13,"2023-10-13","15:09:00",3,"IA",19,0,0,0,0,1000,0,41.6785,-93.0129,41.6874,-93.0097,0.64,80,1,1,1,99,0,0,0,0
623354,2023,10,13,"2023-10-13","17:08:00",3,"IL",17,0,1,1,0,0,0,39.9548,-90.6636,39.9585,-90.6578,0.42,25,1,1,1,9,0,0,0,0
623355,2023,10,25,"2023-10-25","15:58:00",3,"OK",40,0,0,0,0,0,0,34.58,-97.206,34.58,-97.206,0.3,20,1,1,1,49,0,0,0,0
623356,2023,10,25,"2023-10-25","17:30:00",3,"OK",40,0,0,0,0,0,0,35.381,-96.791,35.386,-96.785,0.5,20,1,1,1,125,0,0,0,0
623357,2023,10,26,"2023-10-26","05:35:00",3,"TX",48,0,0,0,0,0,5000,29.2796,-97.9853,29.3663,-97.9825,5.99,50,1,1,1,493,0,0,0,0
623358,2023,10,26,"2023-10-26","07:01:00",3,"TX",48,0,0,0,0,0,250000,29.4195,-98.4692,29.4904,-98.4419,5.17,150,1,1,1,29,0,0,0,0
623359,2023,10,26,"2023-10-26","07:05:00",3,"TX",48,0,0,0,0,0,0,29.9595,-97.7086,29.9665,-97.7076,0.49,10,1,1,1,55,0,0,0,0
623360,2023,10,26,"2023-10-26","07:39:00",3,"TX",48,0,0,0,0,0,20000,29.5774,-98.2526,29.6055,-98.2432,2.02,100,1,1,1,187,0,0,0,0
623361,2023,10,26,"2023-10-26","08:12:00",3,"TX",48,0,0,0,0,0,2000,29.8448,-98.1193,29.8461,-98.1146,0.3,30,1,1,1,91,0,0,0,0
623362,2023,10,28,"2023-10-28","15:54:00",3,"TX",48,0,-9,0,0,0,0,31.57,-96.89,31.57,-96.89,0.01,3,1,1,1,309,0,0,0,0
623331,2023,10,1,"2023-10-01","18:12:00",3,"NM",35,0,0,0,0,1e+05,0,35.79,-105.27,35.8,-105.25,1.32,50,1,1,1,47,0,0,0,0
623332,2023,10,3,"2023-10-03","14:59:00",3,"NE",31,0,0,0,0,225000,0,40.7549,-99.496,40.7549,-99.4753,1.08,50,1,1,1,47,0,0,0,0
623333,2023,10,3,"2023-10-03","15:25:00",3,"KS",20,0,1,0,0,50000,0,39.9875,-99.9263,39.9885,-99.9255,0.08,30,1,1,1,137,0,0,0,0
623334,2023,10,3,"2023-10-03","15:46:00",3,"NE",31,0,0,0,0,15000,0,41.0911,-98.9952,41.0939,-98.9845,0.59,25,1,1,1,163,0,0,0,0
623335,2023,10,3,"2023-10-03","15:56:00",3,"NE",31,0,0,0,0,1000,0,41.1196,-98.8308,41.1196,-98.8308,0.01,25,1,1,1,163,0,0,0,0
623336,2023,10,3,"2023-10-03","18:39:00",3,"NE",31,0,1,0,0,0,0,41.91,-97.05,41.92,-97.04,0.86,100,1,1,1,167,0,0,0,0
623364,2023,11,15,"2023-11-15","05:27:00",3,"FL",12,0,0,0,0,1500,0,24.6918,-81.3726,24.6936,-81.373,0.13,70,1,1,1,87,0,0,0,0
623365,2023,11,19,"2023-11-19","10:39:00",3,"AZ",4,0,1,0,0,0,0,34.251,-111.272,34.251,-111.23,2.4,100,1,1,1,7,0,0,0,0
623366,2023,11,20,"2023-11-20","14:32:00",3,"LA",22,0,1,0,0,1e+05,0,31.4099,-93.0282,31.4526,-92.8881,8.77,150,1,1,1,69,0,0,0,0
623367,2023,11,20,"2023-11-20","17:17:00",3,"LA",22,0,0,0,0,0,0,31.1047,-92.8845,31.1109,-92.8617,1.42,75,1,1,1,115,0,0,0,0
623368,2023,11,20,"2023-11-20","17:58:00",3,"LA",22,0,0,0,0,0,0,31.1975,-92.5551,31.1946,-92.5073,2.83,75,1,1,1,79,0,0,0,0
623369,2023,11,20,"2023-11-20","18:01:00",3,"MS",28,0,1,0,0,60000,0,32.604,-89.94,32.634,-89.924,2.29,350,1,1,1,89,0,0,0,0
623370,2023,11,20,"2023-11-20","18:29:00",3,"MS",28,0,1,0,0,3e+05,0,31.681,-90.35,31.7101,-90.2002,9.04,100,1,1,1,85,77,0,0,0
623371,2023,11,20,"2023-11-20","18:36:00",3,"MS",28,0,0,0,0,1000,0,32.694,-89.6708,32.7053,-89.6756,0.83,50,1,1,1,79,0,0,0,0
623372,2023,11,20,"2023-11-20","18:36:00",3,"MS",28,0,0,0,0,20000,0,31.8603,-90.0208,31.9028,-89.9951,3.3,75,1,1,1,127,0,0,0,0
623373,2023,11,20,"2023-11-20","18:55:00",3,"LA",22,0,1,0,0,150000,0,31.1316,-92.0673,31.157,-91.907,9.64,300,1,1,1,9,0,0,0,0
623374,2023,11,20,"2023-11-20","19:20:00",3,"LA",22,0,1,0,0,250000,0,30.9897,-92.0419,31.04,-91.7971,14.91,300,1,1,1,9,0,0,0,0
623375,2023,11,20,"2023-11-20","19:35:00",3,"LA",22,0,1,0,0,40000,0,31.18,-91.72,31.1953,-91.6068,6.72,300,1,1,1,9,29,0,0,0
623376,2023,11,20,"2023-11-20","19:43:00",3,"MS",28,0,0,0,0,5000,0,31.8869,-89.7847,31.8893,-89.7825,0.21,50,1,1,1,127,0,0,0,0
623377,2023,11,20,"2023-11-20","20:09:00",3,"MS",28,0,1,0,0,5e+05,0,31.939,-89.4845,31.968,-89.4487,2.94,200,1,1,1,129,0,0,0,0
623378,2023,11,20,"2023-11-20","21:22:00",3,"MS",28,0,1,0,0,50000,0,31.3862,-90.7459,31.3995,-90.7326,1.21,100,1,1,1,37,0,0,0,0
623379,2023,11,21,"2023-11-21","17:04:00",3,"AL",1,0,1,0,0,1e+05,0,31.1177,-85.7616,31.1658,-85.6757,6.07,50,1,1,1,61,0,0,0,0
623380,2023,11,21,"2023-11-21","19:43:00",3,"SC",45,0,0,0,0,0,0,34.609,-81.38,34.609,-81.379,0.04,20,1,1,1,23,0,0,0,0
623363,2023,11,5,"2023-11-05","14:59:00",3,"OR",41,0,0,0,0,0,0,44.3983,-118.9123,44.3995,-118.908,0.23,75,1,1,1,23,0,0,0,0
623394,2023,12,10,"2023-12-10","00:09:00",3,"AL",1,0,1,0,0,5e+06,0,33.4434,-86.837,33.4682,-86.7951,3.02,600,1,1,1,73,0,0,0,0
623395,2023,12,10,"2023-12-10","00:13:00",3,"AL",1,0,1,0,0,0,0,33.4685,-86.7849,33.4772,-86.7559,1.78,200,1,1,1,73,0,0,0,0
623396,2023,12,10,"2023-12-10","01:19:00",3,"AL",1,0,0,0,0,50000,0,31.6234,-85.442,31.6688,-85.3172,8,200,1,1,1,5,67,0,0,0
623397,2023,12,10,"2023-12-10","04:36:00",3,"AL",1,0,0,0,0,0,0,32.4649,-85.4258,32.4744,-85.3857,2.43,400,1,1,1,81,0,0,0,0
623398,2023,12,10,"2023-12-10","05:30:00",3,"FL",12,0,1,0,0,0,0,30.8054,-85.8331,30.8292,-85.7915,2.97,250,1,1,1,59,0,0,0,0
623399,2023,12,10,"2023-12-10","11:28:00",3,"NC",37,0,1,0,0,0,0,35.694,-78.652,35.706,-78.622,1.88,250,1,1,1,183,0,0,0,0
623400,2023,12,17,"2023-12-17","12:16:00",3,"SC",45,0,1,0,0,2e+05,0,33.6837,-78.9737,33.7081,-78.9451,2.35,150,1,1,1,51,0,0,0,0
623401,2023,12,19,"2023-12-19","19:40:00",3,"CA",6,0,1,0,0,17000,0,39.8043,-121.8366,39.8076,-121.8401,0.36,90,1,1,1,7,0,0,0,0
623381,2023,12,1,"2023-12-01","06:10:00",3,"MS",28,0,0,0,0,4000,0,30.833,-89.5209,30.8371,-89.5221,0.29,75,1,1,1,109,0,0,0,0
623382,2023,12,9,"2023-12-09","11:32:00",3,"TN",47,0,1,3,0,1250000,0,36.1175,-89.0601,36.265,-88.6533,24.91,600,1,1,1,53,183,0,0,0
623383,2023,12,9,"2023-12-09","13:19:00",3,"TN",47,0,1,0,0,550000,0,36.4931,-87.7453,36.5277,-87.5945,8.75,75,1,1,1,161,125,0,0,0
623384,2023,12,9,"2023-12-09","13:41:00",3,"TN",47,0,3,62,4,20750000,0,36.5746,-87.4718,36.845,-86.683,47.22,600,2,0,1,0,0,0,0,0
623384,2023,12,9,"2023-12-09","13:41:00",3,"TN",47,0,3,62,4,2e+07,0,36.5746,-87.4718,36.642,-87.2833,11.3,600,2,1,2,125,0,0,0,0
623384,2023,12,9,"2023-12-09","13:57:00",3,"KY",21,0,2,0,0,750000,0,36.64,-87.28,36.845,-86.683,35.92,440,2,1,2,219,141,213,0,0
623385,2023,12,9,"2023-12-09","15:07:00",3,"KY",21,0,1,0,0,0,0,36.924,-86.45,36.935,-86.412,2.24,125,1,1,1,227,0,0,0,0
623386,2023,12,9,"2023-12-09","15:29:00",3,"TN",47,0,2,2,0,2e+06,0,36.2793,-87.4138,36.3029,-87.3137,5.81,300,1,1,1,43,0,0,0,0
623387,2023,12,9,"2023-12-09","16:03:00",3,"TN",47,0,2,2,0,2450000,0,36.1601,-87.2335,36.2162,-86.9066,18.37,500,1,1,1,43,21,37,0,0
623388,2023,12,9,"2023-12-09","16:16:00",3,"TN",47,0,2,4,0,1e+07,0,36.4689,-86.9078,36.5052,-86.8113,6,300,1,1,1,147,0,0,0,0
623389,2023,12,9,"2023-12-09","16:39:00",3,"TN",47,0,2,22,3,20200000,0,36.255,-86.7852,36.4567,-86.2129,34.77,400,1,1,1,37,165,169,0,0
623390,2023,12,9,"2023-12-09","18:07:00",3,"TN",47,0,1,0,0,50000,0,36.6169,-85.723,36.631,-85.683,2.86,50,2,0,1,0,0,0,0,0
623390,2023,12,9,"2023-12-09","18:07:00",3,"TN",47,0,1,0,0,50000,0,36.6169,-85.723,36.62,-85.718,0.35,50,2,1,2,27,0,0,0,0
623390,2023,12,9,"2023-12-09","18:07:00",3,"KY",21,0,1,0,0,0,0,36.62,-85.718,36.631,-85.683,2.51,50,2,1,2,171,0,0,0,0
623391,2023,12,9,"2023-12-09","21:18:00",3,"MS",28,0,0,0,0,30000,0,32.0455,-89.9858,32.0303,-89.7497,13.93,350,1,1,1,127,121,127,0,0
623392,2023,12,9,"2023-12-09","21:44:00",3,"MS",28,0,0,0,0,20000,0,32.0238,-89.619,32.0235,-89.5558,3.71,75,1,1,1,129,0,0,0,0
623393,2023,12,9,"2023-12-09","22:04:00",3,"MS",28,0,1,0,0,25000,0,32.2123,-89.2779,32.1737,-88.8148,27.21,350,1,1,1,61,23,0,0,0
622139,2023,1,10,"2023-01-10","06:10:00",3,"CA",6,0,1,0,0,0,0,38.0834,-120.7581,38.0882,-120.7545,0.39,40,1,1,1,9,0,0,0,0
622140,2023,1,12,"2023-01-12","02:03:00",3,"KY",21,0,1,0,0,65000,0,37.18,-88.99,37.22,-88.91,6.5,200,2,0,1,0,145,0,0,0
622140,2023,1,12,"2023-01-12","02:03:00",3,"KY",21,0,1,0,0,50000,0,37.18,-88.99,37.22,-88.91,5.2,200,2,1,2,7,145,0,0,0
622140,2023,1,12,"2023-01-12","02:08:00",3,"IL",17,0,0,0,0,15000,0,37.23,-88.89,37.22,-88.91,1.3,100,2,1,2,127,0,0,0,0
622141,2023,1,12,"2023-01-12","06:29:00",3,"MS",28,0,1,0,0,75000,0,33.7182,-88.6716,33.7318,-88.6325,2.44,50,1,1,1,95,0,0,0,0
622142,2023,1,12,"2023-01-12","07:47:00",3,"KY",21,0,1,0,0,0,0,38.3529,-85.1327,38.3537,-85.1093,1.27,100,1,1,1,103,0,0,0,0
622143,2023,1,12,"2023-01-12","08:01:00",3,"KY",21,0,1,0,0,0,0,37.77,-84.91,37.78,-84.84,3.6,80,1,1,1,167,0,0,0,0
622144,2023,1,12,"2023-01-12","08:05:00",3,"AL",1,0,2,0,0,0,0,34.1658,-87.5864,34.204,-87.4334,9.18,425,1,1,1,133,0,0,0,0
622145,2023,1,12,"2023-01-12","08:09:00",3,"AL",1,0,1,0,0,0,0,34.4494,-87.3637,34.662,-86.8991,30.32,325,1,1,1,79,103,83,0,0
622146,2023,1,12,"2023-01-12","08:10:00",3,"KY",21,0,1,0,0,0,0,37.6878,-84.7367,37.6931,-84.7231,0.84,125,1,1,1,21,0,0,0,0
622147,2023,1,12,"2023-01-12","08:23:00",3,"KY",21,0,0,0,0,150000,0,38.6581,-84.5797,38.6603,-84.5756,0.27,50,1,1,1,81,0,0,0,0
622148,2023,1,12,"2023-01-12","08:42:00",3,"KY",21,0,1,0,0,0,0,37.7719,-84.2458,37.7844,-84.2308,1.2,80,1,1,1,151,0,0,0,0
622149,2023,1,12,"2023-01-12","09:24:00",3,"AL",1,0,2,1,0,0,0,32.7288,-88.3463,32.7715,-88.1314,12.87,440,1,1,1,119,0,0,0,0
622150,2023,1,12,"2023-01-12","09:54:00",3,"AL",1,0,2,0,0,0,0,32.842,-87.9158,33.039,-87.294,39.02,675,1,1,1,63,65,63,65,0
622150,2023,1,12,"2023-01-12","09:54:00",3,"AL",1,0,0,0,0,0,0,0,0,0,0,0,0,1,0,-9,125,7,0,0,0
622151,2023,1,12,"2023-01-12","10:47:00",3,"AL",1,0,2,0,0,0,0,32.6221,-87.7543,32.7427,-87.4061,21.9,500,1,1,1,65,105,0,0,0
622152,2023,1,12,"2023-01-12","10:50:00",3,"TN",47,0,0,1,0,0,0,35.4993,-84.8038,35.5033,-84.7945,0.57,150,1,1,1,121,0,0,0,0
622153,2023,1,12,"2023-01-12","11:30:00",3,"AL",1,0,1,0,0,0,0,32.8027,-87.2421,32.896,-86.967,17.34,500,1,1,1,105,7,0,0,0
622154,2023,1,12,"2023-01-12","12:04:00",3,"AL",1,0,2,2,0,0,0,32.3173,-87.2278,32.4575,-86.8721,23.22,950,1,1,1,47,0,0,0,0
622155,2023,1,12,"2023-01-12","12:14:00",3,"TN",47,0,0,0,0,0,0,35.9767,-83.509,35.9782,-83.5015,0.43,30,1,1,1,89,0,0,0,0
622156,2023,1,12,"2023-01-12","12:15:00",3,"AL",1,0,2,0,0,0,0,31.0196,-88.203,31.0686,-88.0147,11.65,200,1,1,1,97,0,0,0,0
622157,2023,1,12,"2023-01-12","12:26:00",3,"TN",47,0,0,0,0,0,0,36.0514,-83.2732,36.0565,-83.2543,1.11,100,1,1,1,89,0,0,0,0
622158,2023,1,12,"2023-01-12","12:40:00",3,"AL",1,0,3,16,7,0,0,32.5212,-86.7312,33.0069,-85.4552,82.31,1500,1,1,1,1,51,37,123,0
622158,2023,1,12,"2023-01-12","12:40:00",3,"AL",1,0,0,0,0,0,0,0,0,0,0,0,0,1,0,-9,17,0,0,0,0
622159,2023,1,12,"2023-01-12","13:54:00",3,"AL",1,0,0,0,0,0,0,31.3616,-86.9346,31.3659,-86.9195,0.94,100,1,1,1,35,0,0,0,0
622160,2023,1,12,"2023-01-12","14:08:00",3,"AL",1,0,2,0,0,0,0,32.987,-85.413,33.0972,-85.088,20.74,1600,2,0,1,0,0,0,0,0
622160,2023,1,12,"2023-01-12","14:08:00",3,"AL",1,0,2,0,0,0,0,32.987,-85.413,33.074,-85.226,12.62,1600,2,1,2,17,0,0,0,0
622160,2023,1,12,"2023-01-12","14:24:00",3,"GA",13,0,2,0,0,0,0,33.0736,-85.2254,33.0972,-85.088,8.12,1600,2,1,2,285,0,0,0,0
622161,2023,1,12,"2023-01-12","14:24:00",3,"AL",1,0,-9,0,0,0,0,31.4323,-86.5628,31.4309,-86.4852,4.58,200,1,1,1,39,0,0,0,0
622162,2023,1,12,"2023-01-12","14:30:00",3,"GA",13,0,1,0,0,0,0,33.783,-84.607,33.787,-84.582,1.46,150,1,1,1,67,0,0,0,0
622163,2023,1,12,"2023-01-12","14:34:00",3,"GA",13,0,2,8,0,0,0,32.9927,-85.0735,33.083,-84.776,35.82,1060,1,1,1,285,199,0,0,0
622164,2023,1,12,"2023-01-12","14:45:00",3,"GA",13,0,2,0,0,0,0,33.0506,-84.8449,33.1762,-84.4712,23.39,1500,1,1,1,199,231,0,0,0
622165,2023,1,12,"2023-01-12","14:46:00",3,"AL",1,0,1,0,0,0,0,31.505,-86.2428,31.5068,-86.2372,0.35,80,1,1,1,41,0,0,0,0
622166,2023,1,12,"2023-01-12","15:10:00",3,"GA",13,0,3,18,0,0,0,33.1654,-84.4785,33.3734,-84.0014,31.16,2200,1,1,1,231,255,151,0,0
622167,2023,1,12,"2023-01-12","15:13:00",3,"GA",13,0,2,0,0,0,0,33.1959,-84.4845,33.2345,-84.342,21.56,1000,1,1,1,255,231,255,0,0
622168,2023,1,12,"2023-01-12","15:15:00",3,"GA",13,0,1,0,0,0,0,33.3632,-82.8028,33.4897,-82.565,18.33,150,1,1,1,301,189,0,0,0
622169,2023,1,12,"2023-01-12","15:16:00",3,"GA",13,0,1,0,0,0,0,33.2147,-84.4352,33.2075,-84.3918,7.59,300,1,1,1,255,231,255,0,0
622170,2023,1,12,"2023-01-12","15:17:00",3,"GA",13,0,1,0,0,0,0,33.1958,-84.4144,33.2373,-84.3346,10.78,800,1,1,1,231,255,0,0,0
622171,2023,1,12,"2023-01-12","15:25:00",3,"AL",1,0,1,0,0,0,0,31.625,-85.673,31.662,-85.493,10.96,900,1,1,1,5,0,0,0,0
622172,2023,1,12,"2023-01-12","15:27:00",3,"GA",13,0,2,40,4,0,0,33.2252,-84.2021,33.464,-83.7343,125.76,1400,1,1,1,255,35,217,159,0
622173,2023,1,12,"2023-01-12","15:35:00",3,"GA",13,0,1,0,0,0,0,33.243,-84.114,33.283,-84.027,5.74,150,1,1,1,35,0,0,0,0
622174,2023,1,12,"2023-01-12","15:38:00",3,"AL",1,0,0,0,0,0,0,34.7083,-85.8125,34.7233,-85.776,2.34,70,1,1,1,71,0,0,0,0
622175,2023,1,12,"2023-01-12","15:45:00",3,"AL",1,0,1,0,0,50000,0,31.6778,-85.3872,31.7042,-85.271,7.07,150,1,1,1,67,0,0,0,0
622176,2023,1,12,"2023-01-12","15:49:00",3,"GA",13,0,1,0,0,0,0,33.3649,-83.9775,33.4371,-83.8297,20.54,500,1,1,1,35,217,0,0,0
622177,2023,1,12,"2023-01-12","16:39:00",3,"SC",45,0,1,0,0,0,0,34.412,-81.815,34.517,-81.72,9.05,100,1,1,1,59,0,0,0,0
622178,2023,1,12,"2023-01-12","17:10:00",3,"NC",37,0,0,0,0,0,0,35.342,-81.14,35.361,-81.035,6.06,100,1,1,1,71,0,0,0,0
622179,2023,1,12,"2023-01-12","17:23:00",3,"SC",45,0,1,0,0,2e+05,0,34.247,-82.186,34.255,-82.151,2.07,75,1,1,1,47,0,0,0,0
622180,2023,1,12,"2023-01-12","18:00:00",3,"GA",13,0,1,0,0,0,0,32.066,-83.381,32.104,-83.352,3.13,100,1,1,1,315,0,0,0,0
622181,2023,1,12,"2023-01-12","18:03:00",3,"GA",13,0,0,0,0,0,0,32.086,-83.392,32.104,-83.361,2.2,200,1,1,1,315,0,0,0,0
622182,2023,1,14,"2023-01-14","16:00:00",3,"CA",6,0,0,0,0,25000,0,38.32,-121.14,38.32,-121.14,0.3,50,1,1,1,67,0,0,0,0
622183,2023,1,16,"2023-01-16","14:01:00",3,"IA",19,0,1,0,0,0,0,41.67,-91.99,41.723,-91.902,4.7,400,1,1,1,95,0,0,0,0
622184,2023,1,16,"2023-01-16","14:50:00",3,"IA",19,0,-9,0,0,0,0,41.915,-91.611,41.918,-91.595,0.85,10,1,1,1,113,0,0,0,0
622185,2023,1,18,"2023-01-18","10:34:00",3,"AR",5,0,1,0,0,35000,0,33.3164,-93.3557,33.3655,-93.2895,5.11,80,1,1,1,27,0,0,0,0
622186,2023,1,18,"2023-01-18","12:40:00",3,"AR",5,0,1,0,0,130000,0,33.1034,-92.8093,33.1898,-92.6862,9.29,840,1,1,1,139,0,0,0,0
622187,2023,1,22,"2023-01-22","05:14:00",3,"FL",12,0,2,0,0,250000,0,30.4116,-86.3182,30.4161,-86.3062,0.78,85,1,1,1,131,0,0,0,0
622188,2023,1,22,"2023-01-22","11:45:00",3,"FL",12,0,1,0,0,1e+05,0,30.2939,-84.2843,30.2978,-84.2812,0.33,200,1,1,1,129,0,0,0,0
622189,2023,1,22,"2023-01-22","16:20:00",3,"GA",13,0,2,0,0,5e+05,0,31.1474,-83.444,31.183,-83.3535,5.89,80,1,1,1,75,0,0,0,0
622190,2023,1,22,"2023-01-22","17:11:00",3,"GA",13,0,1,0,0,0,0,31.4166,-82.7684,31.4373,-82.7114,3.66,210,1,1,1,69,0,0,0,0
622191,2023,1,22,"2023-01-22","17:32:00",3,"GA",13,0,1,0,0,0,0,31.5711,-82.4294,31.6016,-82.3085,7.55,600,1,1,1,5,0,0,0,0
622192,2023,1,24,"2023-01-24","13:38:00",3,"TX",48,0,0,0,0,0,0,29.39,-95.74,29.48,-95.52,14.63,100,1,1,1,157,0,0,0,0
622193,2023,1,24,"2023-01-24","14:07:00",3,"TX",48,0,0,0,0,0,0,29.5457,-95.3372,29.5306,-95.3742,2.45,50,1,1,1,39,0,0,0,0
622194,2023,1,24,"2023-01-24","14:15:00",3,"TX",48,0,3,0,0,6600000,0,29.5958,-95.2483,29.8104,-94.9489,23.3,1000,1,1,1,201,0,0,0,0
622195,2023,1,24,"2023-01-24","14:58:00",3,"TX",48,0,0,0,0,0,0,29.83,-94.77,29.86,-94.75,2.39,30,1,1,1,71,0,0,0,0
622196,2023,1,24,"2023-01-24","15:27:00",3,"TX",48,0,2,0,0,150000,0,30.0007,-94.4702,30.0303,-94.4673,2.05,50,1,1,1,291,0,0,0,0
622197,2023,1,24,"2023-01-24","16:05:00",3,"TX",48,0,1,0,0,15000,0,29.833,-94.1996,29.8769,-94.123,5.5,75,1,1,1,245,0,0,0,0
622198,2023,1,24,"2023-01-24","16:23:00",3,"TX",48,0,1,0,0,25000,0,30.032,-93.9084,30.0565,-93.8835,2.25,75,1,1,1,361,0,0,0,0
622199,2023,1,24,"2023-01-24","16:28:00",3,"TX",48,0,2,2,0,1250000,0,30.0741,-93.8921,30.2828,-93.546,25.21,500,2,0,1,0,0,0,0,0
622199,2023,1,24,"2023-01-24","16:28:00",3,"TX",48,0,2,2,0,1e+06,0,30.0741,-93.8921,30.1797,-93.7106,13.07,500,2,1,2,361,0,0,0,0
622199,2023,1,24,"2023-01-24","16:42:00",3,"LA",22,0,2,0,0,250000,0,30.1797,-93.7106,30.2828,-93.546,12.14,500,2,1,2,19,0,0,0,0
622200,2023,1,24,"2023-01-24","16:44:00",3,"LA",22,0,1,0,0,15000,0,30.2248,-93.6475,30.2428,-93.6371,1.39,90,1,1,1,19,0,0,0,0
622201,2023,1,24,"2023-01-24","17:05:00",3,"LA",22,0,2,3,0,505000,0,30.3578,-93.3634,30.4665,-93.1998,12.43,300,1,1,1,19,11,0,0,0
622202,2023,1,24,"2023-01-24","17:12:00",3,"LA",22,0,1,0,0,20000,0,30.4612,-93.2406,30.5101,-93.148,6.47,75,1,1,1,11,0,0,0,0
622203,2023,1,24,"2023-01-24","19:37:00",3,"LA",22,0,1,3,0,113000,0,30.69,-91.42,30.69,-91.4,1.15,75,1,1,1,77,0,0,0,0
622204,2023,1,24,"2023-01-24","22:01:00",3,"LA",22,0,1,0,0,60000,0,29.6677,-90.7027,29.69,-90.66,2.99,75,1,1,1,109,0,0,0,0
622205,2023,1,24,"2023-01-24","22:55:00",3,"LA",22,0,-9,0,0,0,0,29.75,-90.15,29.78,-90.11,2.91,100,1,1,1,51,0,0,0,0
622206,2023,1,25,"2023-01-25","05:04:00",3,"FL",12,0,0,0,0,0,0,30.35,-86.15,30.3605,-86.1284,1.48,50,1,1,1,131,0,0,0,0
622207,2023,1,25,"2023-01-25","05:15:00",3,"FL",12,0,0,0,0,0,0,30.3557,-86.0433,30.3629,-86.0385,0.57,75,1,1,1,131,0,0,0,0
622208,2023,1,25,"2023-01-25","05:16:00",3,"FL",12,0,0,0,0,0,0,30.43,-86.05,30.45,-86.01,0.57,50,1,1,1,131,0,0,0,0
622209,2023,1,25,"2023-01-25","07:34:00",3,"FL",12,0,0,0,0,10000,0,30.2885,-85.0355,30.293,-85.0297,0.47,50,1,1,1,77,0,0,0,0
622210,2023,1,25,"2023-01-25","09:23:00",3,"FL",12,0,1,0,0,0,0,30.3172,-84.3812,30.3497,-84.342,3.24,550,1,1,1,73,0,0,0,0
622081,2023,1,2,"2023-01-02","11:47:00",3,"AR",5,0,1,0,0,25000,0,33.2939,-92.7057,33.2965,-92.703,0.24,350,1,1,1,139,0,0,0,0
622082,2023,1,2,"2023-01-02","14:38:00",3,"AR",5,0,1,2,0,5e+06,0,34.694,-93.0673,34.7208,-93.0503,2.09,200,1,1,1,51,0,0,0,0
622083,2023,1,2,"2023-01-02","15:11:00",3,"LA",22,0,1,0,0,15000,0,31.7499,-93.4807,31.8192,-93.446,5.2,70,1,1,1,85,0,0,0,0
622084,2023,1,2,"2023-01-02","15:43:00",3,"LA",22,0,0,0,0,10000,0,32.0582,-93.2735,32.0626,-93.2729,0.31,50,1,1,1,81,0,0,0,0
622085,2023,1,2,"2023-01-02","16:37:00",3,"OK",40,0,-9,0,0,0,0,36.7218,-96.6194,36.7219,-96.6174,0.1,100,1,1,1,113,0,0,0,0
622086,2023,1,2,"2023-01-02","16:46:00",3,"LA",22,0,2,3,0,850000,0,32.172,-92.7048,32.3646,-92.5957,14.76,1928,1,1,1,49,0,0,0,0
622087,2023,1,2,"2023-01-02","17:32:00",3,"OK",40,0,0,0,0,50000,0,36.346,-95.298,36.397,-95.228,5.3,700,1,1,1,97,0,0,0,0
622088,2023,1,2,"2023-01-02","17:52:00",3,"OK",40,0,1,0,0,1e+05,0,35.32,-95.474,35.413,-95.374,8.6,650,1,1,1,91,0,0,0,0
622089,2023,1,2,"2023-01-02","18:19:00",3,"LA",22,0,2,0,0,250000,0,32.784,-92.1695,32.8271,-92.1251,3.94,900,1,1,1,111,0,0,0,0
622090,2023,1,2,"2023-01-02","18:23:00",3,"OK",40,0,1,0,0,75000,0,36.706,-94.874,36.713,-94.867,0.6,200,1,1,1,115,0,0,0,0
622091,2023,1,2,"2023-01-02","18:36:00",3,"LA",22,0,1,0,0,10000,0,32.8681,-91.8982,32.8831,-91.8813,1.43,75,1,1,1,67,0,0,0,0
622092,2023,1,2,"2023-01-02","18:40:00",3,"LA",22,0,1,0,0,1e+05,0,32.9539,-91.8686,32.9869,-91.8129,3.95,200,1,1,1,67,0,0,0,0
622093,2023,1,2,"2023-01-02","18:54:00",3,"AR",5,0,2,0,0,705000,0,33.0416,-91.7697,33.5342,-91.325,42.77,1300,1,1,1,3,17,41,0,0
622094,2023,1,2,"2023-01-02","19:25:00",3,"OK",40,0,-9,0,0,0,0,35.4105,-94.9746,35.41,-94.9317,2.5,200,1,1,1,135,0,0,0,0
622095,2023,1,2,"2023-01-02","21:02:00",3,"LA",22,0,0,0,0,120000,0,32.9621,-91.4023,33.0123,-91.3775,3.81,250,2,0,1,0,0,0,0,0
622095,2023,1,2,"2023-01-02","21:02:00",3,"LA",22,0,0,0,0,1e+05,0,32.9621,-91.4023,33.006,-91.377,3.37,250,2,1,2,123,0,0,0,0
622095,2023,1,2,"2023-01-02","21:07:00",3,"AR",5,0,0,0,0,20000,0,33.006,-91.377,33.0123,-91.3775,0.44,250,2,1,2,17,0,0,0,0
622096,2023,1,3,"2023-01-03","02:24:00",3,"TN",47,0,0,0,0,35000,0,35.545,-89.287,35.571,-89.259,2.39,100,1,1,1,75,0,0,0,0
622097,2023,1,3,"2023-01-03","04:35:00",3,"KY",21,0,0,0,0,30000,0,36.837,-87.5283,36.8467,-87.51,1.21,50,1,1,1,47,0,0,0,0
622098,2023,1,3,"2023-01-03","06:05:00",3,"MS",28,0,0,0,0,25000,0,34.9561,-89.7784,34.9561,-89.7543,1.36,100,1,1,1,33,0,0,0,0
622099,2023,1,3,"2023-01-03","09:07:00",3,"MS",28,0,1,0,0,75000,0,34.4851,-89.2079,34.4744,-89.178,1.86,150,1,1,1,145,0,0,0,0
622100,2023,1,3,"2023-01-03","10:48:00",3,"AL",1,0,1,0,0,0,0,34.5382,-87.8899,34.5439,-87.8821,0.6,70,1,1,1,59,0,0,0,0
622101,2023,1,3,"2023-01-03","11:21:00",3,"AL",1,0,1,0,0,0,0,32.4151,-87.7827,32.5108,-87.6826,8.84,275,1,1,1,91,65,0,0,0
622102,2023,1,3,"2023-01-03","12:10:00",3,"AL",1,0,1,0,0,0,0,32.6835,-87.3491,32.6848,-87.3469,0.15,100,1,1,1,105,0,0,0,0
622103,2023,1,3,"2023-01-03","12:41:00",3,"AL",1,0,0,0,0,0,0,32.8493,-87.0548,32.8737,-87.0158,2.82,100,1,1,1,7,0,0,0,0
622104,2023,1,3,"2023-01-03","13:18:00",3,"AL",1,0,0,0,0,0,0,32.5609,-86.5972,32.5841,-86.5506,3.18,60,1,1,1,1,0,0,0,0
622105,2023,1,3,"2023-01-03","13:39:00",3,"AL",1,0,1,0,0,0,0,32.988,-86.5264,33.0059,-86.4899,2.46,250,1,1,1,21,37,0,0,0
622106,2023,1,3,"2023-01-03","13:42:00",3,"AL",1,0,2,0,0,0,0,32.6239,-86.4098,32.6747,-86.2678,9.06,800,1,1,1,51,0,0,0,0
622107,2023,1,3,"2023-01-03","14:31:00",3,"AL",1,0,0,0,0,0,0,33.235,-86.0693,33.2769,-85.9707,6.41,300,1,1,1,27,0,0,0,0
622108,2023,1,3,"2023-01-03","15:17:00",3,"AL",1,0,0,0,0,0,0,33.3464,-85.6469,33.3542,-85.6304,1.11,150,1,1,1,111,0,0,0,0
622109,2023,1,3,"2023-01-03","15:27:00",3,"AL",1,0,0,0,0,0,0,33.0648,-85.4433,33.1054,-85.3852,4.4,500,1,1,1,17,0,0,0,0
622110,2023,1,3,"2023-01-03","15:52:00",3,"IL",17,0,-9,0,0,0,0,39.8744,-89.2868,39.8753,-89.2855,0.09,10,1,1,1,167,0,0,0,0
622111,2023,1,3,"2023-01-03","16:05:00",3,"IL",17,0,-9,0,0,0,0,39.9435,-89.2047,39.9437,-89.2042,0.03,10,1,1,1,107,0,0,0,0
622112,2023,1,3,"2023-01-03","16:33:00",3,"IL",17,0,0,0,0,0,0,40.0109,-89.0144,40.0136,-89.0096,0.32,25,1,1,1,115,0,0,0,0
622113,2023,1,3,"2023-01-03","16:35:00",3,"IL",17,0,1,0,0,0,0,40.0373,-88.9714,40.0462,-88.9595,0.88,75,1,1,1,115,0,0,0,0
622114,2023,1,3,"2023-01-03","16:42:00",3,"GA",13,0,0,0,0,0,0,33.3844,-84.7192,33.387,-84.7089,0.62,150,1,1,1,77,0,0,0,0
622115,2023,1,3,"2023-01-03","17:05:00",3,"IL",17,0,-9,0,0,0,0,39.7852,-89.196,39.7866,-89.1942,0.14,10,1,1,1,21,0,0,0,0
622116,2023,1,3,"2023-01-03","17:25:00",3,"GA",13,0,0,0,0,0,0,33.6834,-84.14,33.681,-84.1376,0.25,100,1,1,1,89,0,0,0,0
622117,2023,1,3,"2023-01-03","17:38:00",3,"IL",17,0,1,0,0,0,0,40.32,-88.481,40.324,-88.474,0.46,25,1,1,1,113,0,0,0,0
622118,2023,1,3,"2023-01-03","17:56:00",3,"IL",17,0,1,0,0,0,0,40.422,-88.367,40.449,-88.324,2.9,25,1,1,1,53,0,0,0,0
622119,2023,1,3,"2023-01-03","18:00:00",3,"IL",17,0,1,0,0,0,0,39.8643,-88.9289,39.8656,-88.9254,0.21,25,1,1,1,115,0,0,0,0
622120,2023,1,3,"2023-01-03","18:05:00",3,"IL",17,0,0,0,0,0,0,39.8822,-88.8946,39.8903,-88.8762,1.12,20,1,1,1,115,0,0,0,0
622121,2023,1,3,"2023-01-03","22:47:00",3,"MS",28,0,1,0,0,50000,0,31.7617,-89.1008,31.773,-89.0584,2.61,365,1,1,1,67,0,0,0,0
622122,2023,1,4,"2023-01-04","02:59:00",3,"AL",1,0,1,0,0,0,0,32.8837,-85.9362,32.9159,-85.884,3.77,125,1,1,1,123,0,0,0,0
622123,2023,1,4,"2023-01-04","03:00:00",3,"AL",1,0,1,1,0,0,0,32.3467,-86.1964,32.352,-86.1653,1.87,130,1,1,1,101,0,0,0,0
622124,2023,1,4,"2023-01-04","03:23:00",3,"AL",1,0,0,0,0,0,0,32.384,-85.9258,32.3907,-85.9175,0.67,75,1,1,1,87,0,0,0,0
622125,2023,1,4,"2023-01-04","04:02:00",3,"GA",13,0,1,0,0,0,0,33.4071,-85.1896,33.4177,-85.1492,2.45,100,1,1,1,149,0,0,0,0
622126,2023,1,4,"2023-01-04","04:07:00",3,"AL",1,0,0,0,0,0,0,32.4249,-85.4533,32.4297,-85.4351,1.11,100,1,1,1,87,0,0,0,0
622127,2023,1,4,"2023-01-04","07:48:00",3,"GA",13,0,1,1,0,0,0,32.997,-82.845,33.008,-82.781,3.8,400,1,1,1,303,0,0,0,0
622128,2023,1,4,"2023-01-04","08:12:00",3,"GA",13,0,0,0,0,0,0,33.087,-82.491,33.105,-82.409,5.2,500,1,1,1,163,0,0,0,0
622129,2023,1,4,"2023-01-04","09:27:00",3,"SC",45,0,0,0,0,0,0,33.6098,-81.3907,33.6323,-81.3364,3.49,75,1,1,1,3,0,0,0,0
622130,2023,1,4,"2023-01-04","09:30:00",3,"SC",45,0,0,0,0,0,0,33.8859,-81.3356,33.8808,-81.3114,1.43,50,1,1,1,63,0,0,0,0
622131,2023,1,4,"2023-01-04","09:40:00",3,"SC",45,0,1,0,0,0,0,33.6653,-81.1892,33.6863,-81.077,6.62,50,1,1,1,63,75,0,0,0
622132,2023,1,4,"2023-01-04","09:42:00",3,"SC",45,0,0,0,0,0,0,33.8849,-81.2369,33.8843,-81.1571,4.58,50,1,1,1,63,0,0,0,0
622133,2023,1,4,"2023-01-04","10:02:00",3,"SC",45,0,0,0,0,0,0,33.7079,-80.9301,33.7083,-80.9281,0.12,25,1,1,1,17,0,0,0,0
622134,2023,1,4,"2023-01-04","11:35:00",3,"GA",13,0,0,0,0,0,0,30.812,-82.6477,30.8164,-82.6389,0.64,300,1,1,1,65,0,0,0,0
622135,2023,1,4,"2023-01-04","12:09:00",3,"GA",13,0,1,0,0,0,0,31.4074,-82.2806,31.4251,-82.2314,3.16,200,1,1,1,229,0,0,0,0
622136,2023,1,4,"2023-01-04","12:40:00",3,"GA",13,0,0,0,0,0,0,30.9851,-81.9586,30.986,-81.9557,0.18,50,1,1,1,49,0,0,0,0
622137,2023,1,4,"2023-01-04","13:39:00",3,"VA",51,0,0,0,0,50000,0,36.59,-77.32,36.61,-77.29,2.16,50,1,1,1,175,0,0,0,0
622138,2023,1,4,"2023-01-04","13:49:00",3,"NC",37,0,1,0,0,0,0,35.4378,-76.7974,35.4397,-76.7921,0.33,125,1,1,1,13,0,0,0,0
622220,2023,2,16,"2023-02-16","01:15:00",3,"AR",5,0,1,0,0,2e+05,0,35.7864,-93.4669,35.8121,-93.4152,3.4,200,1,1,1,101,0,0,0,0
622221,2023,2,16,"2023-02-16","01:59:00",3,"AR",5,0,2,2,0,3e+05,0,36.0425,-92.9051,36.1077,-92.726,10.97,250,1,1,1,129,89,0,0,0
622222,2023,2,16,"2023-02-16","02:22:00",3,"AR",5,0,1,0,0,10000,0,35.8649,-92.7179,35.8727,-92.6957,1.35,75,1,1,1,129,0,0,0,0
622223,2023,2,16,"2023-02-16","11:16:00",3,"MS",28,0,1,0,0,1e+05,0,31.6756,-90.3063,31.6872,-90.2946,1.06,75,1,1,1,85,0,0,0,0
622224,2023,2,16,"2023-02-16","13:24:00",3,"MS",28,0,1,0,0,140000,0,31.8363,-89.5982,31.8376,-89.5945,0.23,50,1,1,1,129,0,0,0,0
622225,2023,2,16,"2023-02-16","13:33:00",3,"MS",28,0,2,1,0,5e+05,0,34.7259,-89.0426,34.7756,-88.8583,11.01,500,1,1,1,139,0,0,0,0
622226,2023,2,16,"2023-02-16","13:43:00",3,"TN",47,0,1,0,0,150000,0,35.0939,-88.6307,35.1025,-88.5764,3.13,105,1,1,1,109,0,0,0,0
622227,2023,2,16,"2023-02-16","14:27:00",3,"MS",28,0,0,0,0,40000,0,31.4664,-89.7565,31.467,-89.7552,0.08,50,1,1,1,65,0,0,0,0
622228,2023,2,16,"2023-02-16","15:38:00",3,"TN",47,0,0,0,0,25000,0,35.2491,-87.4872,35.2686,-87.4338,3.3,150,1,1,1,99,0,0,0,0
622229,2023,2,16,"2023-02-16","15:52:00",3,"MS",28,0,1,0,0,25000,0,34.0608,-88.4525,34.0741,-88.4289,1.63,100,1,1,1,95,0,0,0,0
622230,2023,2,16,"2023-02-16","15:57:00",3,"TN",47,0,0,0,0,25000,0,35.34,-87.29,35.3689,-87.2402,3.44,200,1,1,1,99,0,0,0,0
622231,2023,2,16,"2023-02-16","16:38:00",3,"TN",47,0,1,0,0,50000,0,35.5158,-86.7595,35.5249,-86.7371,1.41,100,1,1,1,117,0,0,0,0
622232,2023,2,17,"2023-02-17","03:31:00",3,"GA",13,0,1,0,0,0,0,33.0252,-85.0644,33.0445,-84.9681,5.74,200,1,1,1,285,0,0,0,0
622233,2023,2,21,"2023-02-21","14:35:00",3,"NJ",34,0,2,0,0,0,0,40.2785,-74.7028,40.2701,-74.5931,5.8,200,1,1,1,21,0,0,0,0
622234,2023,2,23,"2023-02-23","13:30:00",3,"CA",6,0,0,0,0,0,0,33.91,-117.98,33.909,-117.9799,0.07,15,1,1,1,37,0,0,0,0
622235,2023,2,26,"2023-02-26","16:42:00",3,"KS",20,0,0,0,0,0,0,37.03,-100.93,37.03,-100.93,3.89,10,1,1,1,175,0,0,0,0
622236,2023,2,26,"2023-02-26","18:29:00",3,"TX",48,0,0,0,0,0,0,35.2457,-100.3964,35.2482,-100.3949,0.19,25,1,1,1,483,0,0,0,0
622237,2023,2,26,"2023-02-26","18:41:00",3,"TX",48,0,1,0,0,0,0,35.3868,-100.1214,35.4018,-100.0935,1.88,50,1,1,1,483,0,0,0,0
622238,2023,2,26,"2023-02-26","19:08:00",3,"OK",40,0,-9,0,0,0,0,34.81,-99.954,34.865,-99.841,7.5,200,1,1,1,57,0,0,0,0
622239,2023,2,26,"2023-02-26","19:13:00",3,"OK",40,0,1,0,0,75000,0,35.15,-99.918,35.188,-99.838,6,100,1,1,1,9,0,0,0,0
622240,2023,2,26,"2023-02-26","19:13:00",3,"OK",40,0,2,3,1,250000,0,35.609,-99.7,35.671,-99.612,7,500,1,1,1,129,0,0,0,0
622241,2023,2,26,"2023-02-26","19:23:00",3,"OK",40,0,1,0,0,50000,0,34.937,-99.682,34.995,-99.506,11,75,1,1,1,55,0,0,0,0
622242,2023,2,26,"2023-02-26","19:45:00",3,"OK",40,0,1,0,0,1e+05,0,34.987,-99.202,35.076,-99.126,7.5,600,1,1,1,75,0,0,0,0
622243,2023,2,26,"2023-02-26","20:31:00",3,"OK",40,0,0,0,0,10000,0,36.94,-98.306,36.941,-98.304,0.2,50,1,1,1,3,0,0,0,0
622244,2023,2,26,"2023-02-26","20:32:00",3,"OK",40,0,0,0,0,30000,0,35.163,-98.284,35.206,-98.223,5.1,75,1,1,1,15,0,0,0,0
622245,2023,2,26,"2023-02-26","20:52:00",3,"OK",40,0,0,0,0,10000,0,35.276,-98.013,35.278,-98.011,0.25,75,1,1,1,51,0,0,0,0
622246,2023,2,26,"2023-02-26","20:57:00",3,"OK",40,0,1,0,0,255000,0,35.284,-97.867,35.423,-97.793,10.7,200,1,1,1,51,17,0,0,0
622247,2023,2,26,"2023-02-26","21:12:00",3,"OK",40,0,1,0,0,1e+05,0,35.424,-97.66,35.494,-97.614,5.5,500,1,1,1,109,0,0,0,0
622248,2023,2,26,"2023-02-26","21:15:00",3,"OK",40,0,2,12,0,50200000,0,35.123,-97.55,35.343,-97.177,26.12,900,1,1,1,87,27,0,0,0
622249,2023,2,26,"2023-02-26","21:42:00",3,"OK",40,0,1,0,0,105000,0,35.376,-97.146,35.411,-97.054,6,440,1,1,1,27,125,0,0,0
622250,2023,2,26,"2023-02-26","21:45:00",3,"OK",40,0,2,0,0,255000,0,35.39,-96.922,35.39,-96.922,6.1,200,1,1,1,125,81,0,0,0
622251,2023,2,27,"2023-02-27","01:02:00",3,"MO",29,0,1,0,0,550000,0,36.8,-94.42,36.8105,-94.4165,0.75,200,1,1,1,145,0,0,0,0
622252,2023,2,27,"2023-02-27","01:25:00",3,"MO",29,0,0,0,0,50000,0,37.372,-94.045,37.377,-94.0408,0.41,200,1,1,1,57,0,0,0,0
622253,2023,2,27,"2023-02-27","01:47:00",3,"MO",29,0,0,0,0,0,0,37.56,-93.69,37.573,-93.673,1.29,100,1,1,1,57,0,0,0,0
622254,2023,2,27,"2023-02-27","08:43:00",3,"IL",17,0,0,0,0,0,0,40.0975,-88.3564,40.112,-88.346,1.14,30,1,1,1,19,0,0,0,0
622255,2023,2,27,"2023-02-27","08:55:00",3,"IL",17,0,-9,0,0,0,0,40.1694,-88.2649,40.1825,-88.2415,1.53,25,1,1,1,19,0,0,0,0
622256,2023,2,27,"2023-02-27","09:15:00",3,"IL",17,0,-9,0,0,0,0,40.44,-88,40.4576,-87.9793,1.6,50,1,1,1,53,0,0,0,0
622257,2023,2,27,"2023-02-27","09:41:00",3,"IL",17,0,0,0,0,0,0,41.5501,-88.2636,41.5767,-88.2402,2.2,100,1,1,1,93,197,0,0,0
622258,2023,2,27,"2023-02-27","09:52:00",3,"IL",17,0,0,0,0,0,0,41.7839,-88.1619,41.8038,-88.1539,1.4,30,1,1,1,43,0,0,0,0
622259,2023,2,27,"2023-02-27","12:28:00",3,"IN",18,0,1,0,0,2e+05,0,39.8656,-85.9115,39.905,-85.828,5.24,50,1,1,1,59,0,0,0,0
622260,2023,2,27,"2023-02-27","12:37:00",3,"IN",18,0,1,0,0,50000,0,39.9423,-85.7692,39.9441,-85.7642,0.29,50,1,1,1,59,0,0,0,0
622261,2023,2,27,"2023-02-27","13:37:00",3,"OH",39,0,1,0,0,5e+05,0,39.5381,-84.5036,39.5632,-84.4325,4.17,150,1,1,1,17,0,0,0,0
622262,2023,2,27,"2023-02-27","14:00:00",3,"OH",39,0,0,0,0,30000,0,40.9171,-84.7159,40.919,-84.7048,0.59,75,1,1,1,161,0,0,0,0
622263,2023,2,27,"2023-02-27","14:19:00",3,"OH",39,0,1,0,0,250000,0,40.0091,-84.004,40.0294,-83.9694,2.31,300,1,1,1,23,0,0,0,0
622264,2023,2,27,"2023-02-27","14:24:00",3,"CA",6,0,-9,0,0,0,0,39.9844,-124.0016,39.9844,-124.0016,0.1,10,1,1,1,45,0,0,0,0
622265,2023,2,27,"2023-02-27","15:03:00",3,"OH",39,0,0,0,0,150000,0,39.7889,-83.1773,39.8018,-83.1582,1.35,100,1,1,1,129,0,0,0,0
622266,2023,2,27,"2023-02-27","15:41:00",3,"OH",39,0,0,0,0,10000,0,39.9491,-82.6492,39.953,-82.6471,0.29,90,1,1,1,89,0,0,0,0
622211,2023,2,8,"2023-02-08","17:51:00",3,"LA",22,0,2,0,0,150000,0,30.8398,-90.5326,30.886,-90.512,3.54,175,1,1,1,105,0,0,0,0
622212,2023,2,8,"2023-02-08","18:45:00",3,"LA",22,0,2,0,0,2e+05,0,30.6625,-92.1568,30.7104,-92.1324,3.61,225,1,1,1,97,0,0,0,0
622213,2023,2,8,"2023-02-08","19:03:00",3,"LA",22,0,1,0,0,1e+05,0,30.8187,-92.0218,30.8295,-92,1.49,100,1,1,1,97,0,0,0,0
622214,2023,2,8,"2023-02-08","19:11:00",3,"MS",28,0,0,0,0,10000,0,31.2862,-90.1128,31.2995,-90.1051,1.03,40,1,1,1,147,0,0,0,0
622215,2023,2,8,"2023-02-08","19:22:00",3,"MS",28,0,0,0,0,30000,0,31.3506,-90.0792,31.3604,-90.0768,0.68,75,1,1,1,77,0,0,0,0
622216,2023,2,8,"2023-02-08","19:30:00",3,"MS",28,0,1,0,0,40000,0,31.3926,-90.0633,31.395,-90.0619,0.19,50,1,1,1,77,0,0,0,0
622217,2023,2,8,"2023-02-08","20:06:00",3,"MS",28,0,1,0,0,40000,0,31.9779,-89.9492,32.0306,-89.9355,3.73,300,1,1,1,127,0,0,0,0
622218,2023,2,8,"2023-02-08","20:22:00",3,"MS",28,0,0,0,0,75000,0,31.7806,-89.8657,31.8391,-89.8477,4.17,100,1,1,1,127,0,0,0,0
622219,2023,2,9,"2023-02-09","20:26:00",3,"FL",12,0,1,0,0,5000,0,30.6566,-86.0573,30.6583,-86.055,0.18,50,1,1,1,131,0,0,0,0
622302,2023,3,11,"2023-03-11","16:52:00",3,"CA",6,0,1,0,0,20000,0,37.93,-120.53,37.93,-120.53,0.8,100,1,1,1,109,0,0,0,0
622303,2023,3,12,"2023-03-12","07:17:00",3,"AL",1,0,0,0,0,0,0,32.907,-85.911,32.908,-85.901,0.59,100,1,1,1,123,0,0,0,0
622304,2023,3,16,"2023-03-16","13:10:00",3,"PR",72,0,0,0,0,40000,0,18.1734,-65.8775,18.1762,-65.8789,0.25,7,1,1,1,85,0,0,0,0
622305,2023,3,16,"2023-03-16","13:57:00",3,"OK",40,0,0,0,0,0,0,34.5613,-97.67,34.5613,-97.67,0.1,20,1,1,1,137,0,0,0,0
622306,2023,3,16,"2023-03-16","15:47:00",3,"TX",48,0,1,0,0,0,0,32.8066,-97.0338,32.8095,-96.9329,6.37,100,1,1,1,113,0,0,0,0
622307,2023,3,16,"2023-03-16","15:52:00",3,"TX",48,0,1,0,0,0,0,32.8375,-96.9593,32.845,-96.9511,0.71,100,1,1,1,113,0,0,0,0
622308,2023,3,16,"2023-03-16","18:58:00",3,"TX",48,0,1,2,0,0,0,32.1319,-96.495,32.1185,-96.4531,2.77,50,1,1,1,349,0,0,0,0
622309,2023,3,17,"2023-03-17","18:20:00",3,"FL",12,0,0,0,0,0,0,30.34,-86.14,30.3409,-86.1382,0.12,25,1,1,1,131,0,0,0,0
622310,2023,3,17,"2023-03-17","18:49:00",3,"FL",12,0,0,0,0,0,0,30.36,-85.83,30.39,-85.75,5.2,25,1,1,1,5,0,0,0,0
622311,2023,3,21,"2023-03-21","18:45:00",3,"CA",6,0,0,1,0,0,0,34.4167,-119.5389,34.42,-119.54,0.24,25,1,1,1,83,0,0,0,0
622312,2023,3,22,"2023-03-22","12:14:00",3,"CA",6,0,1,1,0,0,0,33.997,-118.1238,34.0004,-118.1209,0.47,50,1,1,1,37,0,0,0,0
622313,2023,3,24,"2023-03-24","03:52:00",3,"TX",48,0,1,2,0,0,0,32.9467,-98.0363,32.9905,-97.934,6.73,75,1,1,1,367,0,0,0,0
622314,2023,3,24,"2023-03-24","03:56:00",3,"TX",48,0,1,3,0,0,0,32.9597,-97.91,33.0034,-97.839,5.47,100,1,1,1,367,497,0,0,0
622315,2023,3,24,"2023-03-24","18:57:00",3,"MS",28,0,4,165,17,96430000,214200,32.84,-91,33.26,-90.11,59.23,1320,1,1,1,55,125,53,51,0
622316,2023,3,24,"2023-03-24","19:19:00",3,"TN",47,0,1,0,0,140000,0,35.4248,-89.1976,35.4263,-89.1935,0.26,70,1,1,1,75,0,0,0,0
622317,2023,3,24,"2023-03-24","19:25:00",3,"MS",28,0,1,0,0,75000,0,34.1625,-90.0458,34.2287,-89.9236,8.39,100,1,1,1,107,0,0,0,0
622318,2023,3,24,"2023-03-24","19:38:00",3,"MS",28,0,1,0,0,140000,0,34.2381,-89.8482,34.2933,-89.7661,6.18,150,1,1,1,107,0,0,0,0
622319,2023,3,24,"2023-03-24","19:47:00",3,"MS",28,0,1,0,0,80000,0,34.3219,-89.7309,34.3436,-89.667,3.94,125,1,1,1,107,71,0,0,0
622320,2023,3,24,"2023-03-24","20:12:00",3,"MS",28,0,3,5,3,9940000,5170000,33.31,-90.04,33.51,-89.59,29.43,1550,1,1,1,15,97,0,0,0
622321,2023,3,24,"2023-03-24","20:38:00",3,"MS",28,0,1,1,0,55000,0,34.4721,-88.8706,34.4751,-88.8583,0.73,125,1,1,1,145,0,0,0,0
622322,2023,3,24,"2023-03-24","20:45:00",3,"MS",28,0,1,0,0,3e+05,0,34.4021,-88.7862,34.4712,-88.5435,14.66,250,1,1,1,81,0,0,0,0
622323,2023,3,24,"2023-03-24","21:38:00",3,"MS",28,0,3,55,2,80045000,0,33.8527,-88.7576,34.1294,-88.2141,36.56,1600,1,1,1,17,95,57,0,0
622324,2023,3,24,"2023-03-24","21:54:00",3,"AL",1,0,2,0,0,3900000,0,34.8086,-87.6553,34.856,-87.6226,3.82,300,1,1,1,77,0,0,0,0
622325,2023,3,24,"2023-03-24","22:14:00",3,"AL",1,0,1,0,0,0,0,34.9685,-87.2904,34.988,-87.2244,4.07,120,1,1,1,77,0,0,0,0
622326,2023,3,24,"2023-03-24","22:44:00",3,"AL",1,0,1,0,0,0,0,34.278,-87.766,34.287,-87.677,5.19,275,1,1,1,93,0,0,0,0
622327,2023,3,24,"2023-03-24","22:59:00",3,"TN",47,0,2,0,0,0,0,35.1454,-86.5794,35.1497,-86.5115,3.96,300,1,1,1,103,0,0,0,0
622328,2023,3,24,"2023-03-24","23:00:00",3,"AL",1,0,1,0,0,0,0,34.34,-87.473,34.3445,-87.4253,2.76,130,1,1,1,79,0,0,0,0
622329,2023,3,24,"2023-03-24","23:23:00",3,"AL",1,0,2,0,1,0,0,34.4016,-87.1348,34.4647,-86.9139,13.53,175,1,1,1,79,103,0,0,0
622330,2023,3,24,"2023-03-24","23:24:00",3,"TN",47,0,1,0,0,0,0,35.2258,-86.1708,35.2803,-85.9125,15.26,240,1,1,1,51,0,0,0,0
622331,2023,3,24,"2023-03-24","23:33:00",3,"AL",1,0,2,0,0,0,0,34.367,-86.8713,34.406,-86.7987,4.94,125,1,1,1,103,0,0,0,0
622332,2023,3,24,"2023-03-24","23:47:00",3,"AL",1,0,1,0,0,0,0,34.4758,-86.6003,34.479,-86.5642,2.09,325,1,1,1,103,0,0,0,0
622333,2023,3,25,"2023-03-25","00:28:00",3,"AL",1,0,1,0,0,5500000,0,34.7856,-85.7393,34.7939,-85.5916,8.51,250,1,1,1,71,49,0,0,0
622334,2023,3,25,"2023-03-25","08:00:00",3,"AL",1,0,0,0,0,1e+05,0,31.2144,-85.2388,31.2354,-85.1675,4.46,50,1,1,1,69,0,0,0,0
622335,2023,3,25,"2023-03-25","14:17:00",3,"GA",13,0,0,0,0,0,0,32.341,-83.0395,32.324,-83.0226,1.53,100,1,1,1,175,0,0,0,0
622336,2023,3,26,"2023-03-26","04:49:00",3,"GA",13,0,3,5,0,0,0,32.8984,-85.1856,32.9012,-84.815,21.54,500,1,1,1,285,199,0,0,0
622337,2023,3,26,"2023-03-26","05:40:00",3,"GA",13,0,1,0,0,0,0,33.0864,-83.2502,33.119,-83.1367,7,250,1,1,1,9,0,0,0,0
622338,2023,3,26,"2023-03-26","17:24:00",3,"AL",1,0,1,0,0,0,0,31.8318,-87.7742,31.84,-87.7474,1.67,340,1,1,1,25,0,0,0,0
622339,2023,3,26,"2023-03-26","19:27:00",3,"AL",1,0,1,0,0,0,0,31.9415,-87.218,31.954,-87.2167,0.87,500,1,1,1,131,0,0,0,0
622340,2023,3,26,"2023-03-26","19:29:00",3,"AL",1,0,1,0,0,0,0,31.951,-87.2119,31.9542,-87.2121,0.22,300,1,1,1,131,0,0,0,0
622341,2023,3,26,"2023-03-26","19:30:00",3,"AL",1,0,1,0,0,0,0,31.9508,-87.208,31.9888,-87.1759,3.23,300,1,1,1,131,0,0,0,0
622342,2023,3,26,"2023-03-26","19:33:00",3,"AL",1,0,2,0,0,0,0,32.182,-87.595,32.1624,-87.4998,5.77,750,1,1,1,91,131,0,0,0
622343,2023,3,26,"2023-03-26","20:39:00",3,"AL",1,0,0,0,0,0,0,32.448,-86.492,32.456,-86.478,1.03,200,1,1,1,1,0,0,0,0
622344,2023,3,26,"2023-03-26","21:22:00",3,"AL",1,0,1,0,0,0,0,32.711,-85.969,32.719,-85.841,7.47,1200,1,1,1,51,123,0,0,0
622345,2023,3,27,"2023-03-27","01:41:00",3,"AL",1,0,2,0,0,0,0,32.4103,-86.008,32.474,-85.756,15.41,1450,1,1,1,87,0,0,0,0
622346,2023,3,27,"2023-03-27","05:06:00",3,"GA",13,0,1,0,0,0,0,32.9637,-84.7778,32.9453,-84.6333,8.7,150,1,1,1,199,0,0,0,0
622347,2023,3,27,"2023-03-27","06:52:00",3,"GA",13,0,0,0,0,0,0,32.8794,-83.4227,32.8792,-83.4172,0.32,50,1,1,1,289,0,0,0,0
622348,2023,3,31,"2023-03-31","13:18:00",3,"AR",5,0,3,54,0,9e+07,0,34.7251,-92.4824,34.9444,-91.9421,34.23,800,1,1,1,119,85,0,0,0
622349,2023,3,31,"2023-03-31","13:37:00",3,"IL",17,0,-9,0,0,0,0,40.4736,-89.8701,40.4758,-89.8664,0.25,10,1,1,1,179,0,0,0,0
622350,2023,3,31,"2023-03-31","14:15:00",3,"IL",17,0,1,0,0,0,0,40.63,-89.35,40.64,-89.34,0.87,10,1,1,1,179,0,0,0,0
622351,2023,3,31,"2023-03-31","14:23:00",3,"IL",17,0,-9,0,0,0,0,40.72,-89.22,40.726,-89.212,0.59,20,1,1,1,203,0,0,0,0
622352,2023,3,31,"2023-03-31","14:36:00",3,"IA",19,0,3,0,0,2e+06,0,41.0615,-92.3334,41.34,-92,26.09,1000,1,1,1,179,107,0,0,0
622353,2023,3,31,"2023-03-31","14:45:00",3,"AR",5,0,1,0,0,0,0,34.9457,-91.6692,34.9502,-91.6504,1.1,100,1,1,1,117,0,0,0,0
622354,2023,3,31,"2023-03-31","14:52:00",3,"IA",19,0,-9,0,0,0,0,41.6489,-92.544,41.6855,-92.4949,3.58,60,1,1,1,157,0,0,0,0
622355,2023,3,31,"2023-03-31","15:05:00",3,"IL",17,0,-9,0,0,0,0,40.9559,-88.6529,40.9562,-88.6525,0.03,15,1,1,1,105,0,0,0,0
622356,2023,3,31,"2023-03-31","15:10:00",3,"IA",19,0,4,3,0,0,0,41.31,-92.03,41.54,-91.8,19.9,700,1,1,1,107,183,95,103,0
622357,2023,3,31,"2023-03-31","15:22:00",3,"IA",19,0,1,0,0,50000,0,42.4931,-92.9753,42.5312,-92.9293,3.53,80,1,1,1,75,0,0,0,0
622358,2023,3,31,"2023-03-31","15:22:00",3,"IA",19,0,1,0,0,50000,0,42.4742,-92.9402,42.5196,-92.8871,4.14,80,1,1,1,75,0,0,0,0
622359,2023,3,31,"2023-03-31","15:30:00",3,"AR",5,0,3,26,4,150570000,0,35.1818,-90.9611,35.5392,-89.7552,72.55,1600,2,0,1,0,35,35,93,0
622359,2023,3,31,"2023-03-31","15:30:00",3,"AR",5,0,3,26,4,150290000,0,35.1818,-90.9611,35.4394,-90.0034,52.7,1600,2,1,2,37,35,35,93,0
622360,2023,3,31,"2023-03-31","15:36:00",3,"IA",19,0,2,0,0,0,0,42.18,-92.09,42.2,-92.06,1.7,50,1,1,1,11,0,0,0,0
622361,2023,3,31,"2023-03-31","15:37:00",3,"IA",19,0,0,0,0,0,0,41.53,-91.79,41.6,-91.72,6.1,50,1,1,1,103,0,0,0,0
622362,2023,3,31,"2023-03-31","15:46:00",3,"IA",19,0,2,2,0,0,0,41.63,-91.69,41.81,-91.49,16.93,75,1,1,1,103,0,0,0,0
622363,2023,3,31,"2023-03-31","15:47:00",3,"IA",19,0,2,0,0,0,0,42.26,-91.93,42.33,-91.93,4.87,50,1,1,1,11,19,0,0,0
622364,2023,3,31,"2023-03-31","15:49:00",3,"AR",5,0,2,0,0,0,0,35.8855,-92.3665,35.9118,-92.2505,6.8,125,1,1,1,137,0,0,0,0
622365,2023,3,31,"2023-03-31","15:51:00",3,"IA",19,0,-9,0,0,0,0,42.2456,-91.9223,42.2644,-91.9153,1.35,10,1,1,1,11,0,0,0,0
622366,2023,3,31,"2023-03-31","15:53:00",3,"IA",19,0,2,0,0,0,0,41.54,-91.56,41.7,-91.39,14.69,100,1,1,1,103,0,0,0,0
622367,2023,3,31,"2023-03-31","16:03:00",3,"IA",19,0,-9,0,0,0,0,42.3472,-91.8244,42.3702,-91.815,1.66,10,1,1,1,19,0,0,0,0
622368,2023,3,31,"2023-03-31","16:06:00",3,"IA",19,0,2,0,0,0,0,41.81,-91.51,41.9183,-91.4138,8.97,75,1,1,1,103,113,0,0,0
622369,2023,3,31,"2023-03-31","16:06:00",3,"IA",19,0,1,0,0,0,0,41.64,-91.36,41.72,-91.24,8.3,10,1,1,1,31,0,0,0,0
622370,2023,3,31,"2023-03-31","16:14:00",3,"IA",19,0,2,0,0,0,0,41.76,-91.17,41.94,-90.96,16.42,250,1,1,1,31,0,0,0,0
622371,2023,3,31,"2023-03-31","16:15:00",3,"IL",17,0,-9,0,0,0,0,39.66,-90.58,39.66,-90.57,0.53,10,1,1,1,171,0,0,0,0
622372,2023,3,31,"2023-03-31","16:17:00",3,"IA",19,0,1,0,0,0,0,41.71,-91.21,41.76,-91.14,5.2,100,1,1,1,31,0,0,0,0
622373,2023,3,31,"2023-03-31","16:18:00",3,"IA",19,0,2,2,0,0,0,41.62,-91.14,41.796,-90.843,19.56,200,1,1,1,31,163,45,0,0
622374,2023,3,31,"2023-03-31","16:20:00",3,"IA",19,0,1,0,0,0,0,42.442,-91.499,42.485,-91.446,4.1,50,1,1,1,55,0,0,0,0
622359,2023,3,31,"2023-03-31","16:26:00",3,"TN",47,0,3,0,0,280000,0,35.3768,-90.1708,35.5392,-89.7552,19.85,1600,2,1,2,167,167,167,0,0
622375,2023,3,31,"2023-03-31","16:27:00",3,"IL",17,0,-9,0,0,0,0,39.7671,-90.3526,39.7737,-90.3419,0.73,10,1,1,1,137,0,0,0,0
622376,2023,3,31,"2023-03-31","16:32:00",3,"IA",19,0,1,0,0,0,0,42.525,-91.372,42.659,-91.252,11.1,90,1,1,1,55,43,0,0,0
622377,2023,3,31,"2023-03-31","16:35:00",3,"IL",17,0,0,0,0,0,0,39.81,-90.23,39.81,-90.21,1.06,30,1,1,1,137,0,0,0,0
622378,2023,3,31,"2023-03-31","16:41:00",3,"IA",19,0,1,0,0,0,0,42.0541,-91.0072,42.0691,-90.9896,1.37,50,1,1,1,105,0,0,0,0
622379,2023,3,31,"2023-03-31","16:41:00",3,"IA",19,0,2,0,0,0,0,41.0011,-91.1708,41.0067,-91.1541,0.95,150,1,1,1,57,0,0,0,0
622380,2023,3,31,"2023-03-31","16:48:00",3,"TN",47,0,3,28,1,80050000,0,35.4621,-89.8323,35.6696,-89.1838,39.18,2000,1,1,1,167,75,0,0,0
622381,2023,3,31,"2023-03-31","16:50:00",3,"IA",19,0,2,1,0,0,0,41.81,-90.65,42,-90.41,18.02,350,1,1,1,45,0,0,0,0
622382,2023,3,31,"2023-03-31","16:58:00",3,"IA",19,0,1,0,0,0,0,42.12,-90.72,42.13,-90.7,1.24,50,1,1,1,97,0,0,0,0
622383,2023,3,31,"2023-03-31","17:09:00",3,"IA",19,0,0,0,0,0,0,42.192,-90.605,42.193,-90.602,0.17,15,1,1,1,97,0,0,0,0
622384,2023,3,31,"2023-03-31","17:12:00",3,"IL",17,0,2,0,0,0,0,39.896,-89.6206,39.9322,-89.5298,5.42,400,1,1,1,167,0,0,0,0
622385,2023,3,31,"2023-03-31","17:16:00",3,"IA",19,0,1,3,0,0,0,42.2422,-90.4267,42.2661,-90.4108,1.87,100,2,0,1,0,0,0,0,0
622385,2023,3,31,"2023-03-31","17:16:00",3,"IA",19,0,1,3,0,0,0,42.2422,-90.4267,42.2525,-90.4175,0.85,100,2,1,2,97,0,0,0,0
622385,2023,3,31,"2023-03-31","17:17:00",3,"IL",17,0,-9,0,0,0,0,42.2522,-90.4175,42.2661,-90.4108,1.02,100,2,1,2,85,0,0,0,0
622386,2023,3,31,"2023-03-31","17:18:00",3,"IL",17,0,2,0,0,0,0,39.8448,-89.5223,39.9657,-89.1605,21.01,200,1,1,1,167,107,0,0,0
622387,2023,3,31,"2023-03-31","17:24:00",3,"IL",17,0,2,0,0,0,0,41.42,-90.23,41.45,-90.17,3.55,300,1,1,1,73,0,0,0,0
622388,2023,3,31,"2023-03-31","17:33:00",3,"IL",17,0,2,0,0,0,0,41.475,-90.0584,41.486,-90.0014,3.05,200,1,1,1,73,0,0,0,0
622389,2023,3,31,"2023-03-31","17:36:00",3,"IL",17,0,2,0,0,0,0,41.46,-90,41.52,-89.84,9.32,440,1,1,1,73,11,0,0,0
622390,2023,3,31,"2023-03-31","17:37:00",3,"IL",17,0,2,0,0,0,0,41.23,-90.02,41.27,-89.9,6.82,650,1,1,1,73,0,0,0,0
622391,2023,3,31,"2023-03-31","17:39:00",3,"IL",17,0,1,0,0,0,0,42.0489,-89.9733,42.0581,-89.9588,0.98,50,1,1,1,15,0,0,0,0
622392,2023,3,31,"2023-03-31","17:47:00",3,"IL",17,0,0,0,0,25000,0,39.391,-89.715,39.4257,-89.6054,6.33,150,1,1,1,117,135,0,0,0
622393,2023,3,31,"2023-03-31","17:48:00",3,"WI",55,0,1,0,0,3e+05,0,42.8525,-90.4002,42.8582,-90.3805,1.07,75,1,1,1,49,0,0,0,0
622394,2023,3,31,"2023-03-31","17:48:00",3,"IL",17,0,1,0,0,0,0,41.55,-89.77,41.6287,-89.5229,13.88,150,1,1,1,11,195,103,0,0
622395,2023,3,31,"2023-03-31","17:50:00",3,"WI",55,0,1,0,0,1e+06,0,42.729,-90.4183,42.7698,-90.3252,5.5,75,1,1,1,65,0,0,0,0
622396,2023,3,31,"2023-03-31","17:50:00",3,"IL",17,0,1,0,0,0,0,42.08,-89.75,42.214,-89.641,11.01,200,1,1,1,15,141,177,0,0
622397,2023,3,31,"2023-03-31","17:55:00",3,"WI",55,0,1,0,0,6e+05,0,42.7964,-90.3195,42.8565,-90.2189,6.59,75,1,1,1,65,49,0,0,0
622398,2023,3,31,"2023-03-31","18:03:00",3,"AR",5,0,-9,0,0,0,0,34.6089,-90.7929,34.6174,-90.7455,2.76,100,1,1,1,107,0,0,0,0
622399,2023,3,31,"2023-03-31","18:06:00",3,"IL",17,0,0,0,0,0,0,39.4804,-89.4917,39.5037,-89.4213,4.08,20,1,1,1,21,0,0,0,0
622400,2023,3,31,"2023-03-31","18:08:00",3,"IL",17,0,2,0,0,0,0,41.6508,-89.3128,41.7302,-89.1674,9.29,350,1,1,1,103,0,0,0,0
622401,2023,3,31,"2023-03-31","18:13:00",3,"IL",17,0,1,0,0,0,0,39.5,-89.31,39.51,-89.28,1.74,30,1,1,1,21,0,0,0,0
622402,2023,3,31,"2023-03-31","18:13:00",3,"IL",17,0,1,0,0,0,0,41.6381,-89.2287,41.7106,-89.1141,7.75,75,1,1,1,103,0,0,0,0
622403,2023,3,31,"2023-03-31","18:16:00",3,"WI",55,0,0,0,0,4e+05,0,42.5229,-89.5279,42.5639,-89.512,2.95,75,1,1,1,45,0,0,0,0
622404,2023,3,31,"2023-03-31","18:20:00",3,"WI",55,0,1,0,0,6e+05,0,42.5376,-89.4888,42.68,-89.4378,10.17,50,1,1,1,45,0,0,0,0
622405,2023,3,31,"2023-03-31","18:24:00",3,"IL",17,0,1,40,1,0,0,42.0723,-89.1478,42.3296,-88.7382,27.51,600,1,1,1,141,201,7,0,0
622406,2023,3,31,"2023-03-31","18:26:00",3,"WI",55,0,0,0,0,4e+05,0,42.6368,-89.4121,42.7119,-89.3635,5.75,75,1,1,1,45,105,0,0,0
622407,2023,3,31,"2023-03-31","18:31:00",3,"IL",17,0,1,0,0,0,0,42.258,-89.0796,42.3172,-88.9995,5.79,300,1,1,1,201,0,0,0,0
622408,2023,3,31,"2023-03-31","18:31:00",3,"MS",28,0,2,0,0,2300000,0,34.7066,-90.3381,34.911,-90.026,22.73,1200,1,1,1,143,33,0,0,0
622409,2023,3,31,"2023-03-31","18:33:00",3,"IL",17,0,1,0,0,0,0,42.3239,-89.1053,42.4235,-89.0033,8.63,300,1,1,1,201,0,0,0,0
622410,2023,3,31,"2023-03-31","18:39:00",3,"IL",17,0,1,2,0,0,0,40.2804,-88.2907,40.3642,-88.1169,10.83,500,1,1,1,19,0,0,0,0
622411,2023,3,31,"2023-03-31","18:44:00",3,"IL",17,0,1,0,0,1e+05,0,42.3489,-88.9027,42.5304,-88.6687,17.32,300,2,0,1,0,0,0,0,0
622411,2023,3,31,"2023-03-31","18:44:00",3,"IL",17,0,1,0,0,0,0,42.3489,-88.9027,42.4932,-88.7232,13.54,150,2,1,2,7,0,0,0,0
622412,2023,3,31,"2023-03-31","18:48:00",3,"WI",55,0,0,0,0,6e+05,0,42.5141,-89.0258,42.5356,-88.9623,3.56,100,1,1,1,105,0,0,0,0
622413,2023,3,31,"2023-03-31","18:49:00",3,"WI",55,0,1,0,0,1e+05,0,42.8744,-89.1682,42.9373,-89.1304,4.75,75,1,1,1,25,0,0,0,0
622414,2023,3,31,"2023-03-31","18:55:00",3,"IL",17,0,0,0,0,0,0,41.7124,-88.3913,41.7381,-88.2884,5.6,200,1,1,1,93,89,0,0,0
622411,2023,3,31,"2023-03-31","18:57:00",3,"WI",55,0,1,0,0,1e+05,0,42.4932,-88.7232,42.5304,-88.6687,3.78,300,2,1,2,127,0,0,0,0
622415,2023,3,31,"2023-03-31","18:57:00",3,"IL",17,0,1,0,0,0,0,40.405,-87.9245,40.5489,-87.6778,16.53,300,1,1,1,183,75,0,0,0
622416,2023,3,31,"2023-03-31","19:00:00",3,"IL",17,0,0,0,0,0,0,41.8414,-88.3321,41.8511,-88.3039,1.6,225,1,1,1,89,0,0,0,0
622417,2023,3,31,"2023-03-31","19:00:00",3,"WI",55,0,0,0,0,4e+05,0,42.4942,-88.6972,42.627,-88.5921,10.62,100,1,1,1,127,0,0,0,0
622418,2023,3,31,"2023-03-31","19:01:00",3,"IL",17,0,0,0,0,0,0,41.9149,-88.3339,41.9268,-88.3058,1.66,150,1,1,1,89,0,0,0,0
622419,2023,3,31,"2023-03-31","19:03:00",3,"IL",17,0,0,0,0,0,0,41.5395,-88.2935,41.5562,-88.2051,4.72,250,1,1,1,93,197,0,0,0
622420,2023,3,31,"2023-03-31","19:05:00",3,"IL",17,0,0,0,0,0,0,41.6366,-88.2351,41.641,-88.2051,1.58,125,1,1,1,197,0,0,0,0
622421,2023,3,31,"2023-03-31","19:05:00",3,"WI",55,0,0,0,0,1e+05,0,42.4965,-88.5681,42.5368,-88.442,7,50,1,1,1,127,0,0,0,0
622422,2023,3,31,"2023-03-31","19:07:00",3,"WI",55,0,0,0,0,1e+05,0,42.995,-89.0033,43.0125,-88.9876,1.45,75,1,1,1,55,0,0,0,0
622423,2023,3,31,"2023-03-31","19:08:00",3,"WI",55,0,0,0,0,50000,0,42.6814,-88.7495,42.7486,-88.6954,5.39,50,1,1,1,127,0,0,0,0
622424,2023,3,31,"2023-03-31","19:10:00",3,"WI",55,0,0,0,0,1e+05,0,42.6049,-88.5176,42.6922,-88.5248,6.04,150,1,1,1,127,0,0,0,0
622425,2023,3,31,"2023-03-31","19:11:00",3,"IL",17,0,1,0,0,2e+06,0,38.6021,-88.998,38.6288,-88.8933,5.95,250,1,1,1,121,0,0,0,0
622426,2023,3,31,"2023-03-31","19:17:00",3,"IL",17,0,1,0,0,0,0,41.9072,-88.0178,41.9209,-87.9935,1.57,175,1,1,1,43,0,0,0,0
622427,2023,3,31,"2023-03-31","19:20:00",3,"IL",17,0,1,0,0,0,0,40.572,-87.6122,40.6117,-87.5363,4.84,300,1,1,1,75,0,0,0,0
622428,2023,3,31,"2023-03-31","19:26:00",3,"WI",55,0,1,0,0,3e+05,0,42.8588,-88.5748,42.8896,-88.5394,2.79,50,1,1,1,55,133,0,0,0
622429,2023,3,31,"2023-03-31","19:27:00",3,"MS",28,0,1,0,0,1e+05,0,34.9168,-89.5176,34.9569,-89.3831,8.11,100,1,1,1,93,0,0,0,0
622430,2023,3,31,"2023-03-31","19:33:00",3,"IN",18,0,2,0,0,0,0,40.578,-87.3237,40.6962,-87.1686,11.53,400,1,1,1,7,0,0,0,0
622431,2023,3,31,"2023-03-31","19:33:00",3,"IN",18,0,2,0,0,0,0,40.533,-87.283,40.6271,-87.0238,15.16,500,1,1,1,7,181,0,0,0
622432,2023,3,31,"2023-03-31","19:41:00",3,"IN",18,0,1,0,0,0,0,40.7125,-87.2775,40.7705,-87.0993,10.22,500,1,1,1,7,73,0,0,0
622433,2023,3,31,"2023-03-31","19:53:00",3,"IN",18,0,1,0,0,0,0,41.4779,-87.3562,41.4843,-87.2945,3.22,325,1,1,1,89,0,0,0,0
622434,2023,3,31,"2023-03-31","19:55:00",3,"IN",18,0,0,0,0,0,0,40.7151,-86.8893,40.733,-86.8847,1.29,125,1,1,1,181,0,0,0,0
622435,2023,3,31,"2023-03-31","19:55:00",3,"TN",47,0,2,0,0,250000,0,35.0767,-89.1092,35.16,-88.9097,12.78,450,1,1,1,69,0,0,0,0
622436,2023,3,31,"2023-03-31","19:58:00",3,"IL",17,0,3,16,6,18160000,0,38.9018,-88.0604,39.097,-87.3442,40.89,700,2,0,1,0,33,0,0,0
622436,2023,3,31,"2023-03-31","19:58:00",3,"IL",17,0,3,8,3,0,0,38.9018,-88.0604,39.0308,-87.5735,27.64,700,2,1,2,79,33,0,0,0
622437,2023,3,31,"2023-03-31","20:01:00",3,"IN",18,0,0,0,0,0,0,41.4853,-87.1956,41.4819,-87.1846,0.62,125,1,1,1,127,0,0,0,0
622438,2023,3,31,"2023-03-31","20:13:00",3,"IN",18,0,1,0,0,0,0,40.815,-86.5572,40.8289,-86.5305,1.73,300,1,1,1,17,0,0,0,0
622436,2023,3,31,"2023-03-31","20:21:00",3,"IN",18,0,3,8,3,18160000,0,39.0313,-87.5708,39.097,-87.3442,13.25,660,2,1,2,153,0,0,0,0
622439,2023,3,31,"2023-03-31","20:30:00",3,"TN",47,0,2,0,0,5e+05,0,35.2128,-88.6067,35.3432,-88.3119,18.91,800,1,1,1,109,71,0,0,0
622440,2023,3,31,"2023-03-31","20:43:00",3,"IN",18,0,0,0,0,130000,0,40.1378,-86.6963,40.1572,-86.6746,1.77,50,1,1,1,107,11,0,0,0
622441,2023,3,31,"2023-03-31","20:43:00",3,"IN",18,0,2,0,0,875000,0,40.154,-86.7171,40.2432,-86.5567,10.55,100,1,1,1,107,11,23,0,0
622442,2023,3,31,"2023-03-31","21:01:00",3,"IN",18,0,3,2,2,2632000,0,39.2978,-86.7282,39.3235,-86.623,5.92,400,1,1,1,119,105,0,0,0
622443,2023,3,31,"2023-03-31","21:10:00",3,"TN",47,0,0,0,0,30000,0,36.0098,-88.5391,36.028,-88.5397,1.33,50,1,1,1,17,0,0,0,0
622444,2023,3,31,"2023-03-31","21:11:00",3,"IN",18,0,0,0,0,150000,0,40.3967,-86.2742,40.4073,-86.2656,0.86,10,1,1,1,67,0,0,0,0
622445,2023,3,31,"2023-03-31","21:12:00",3,"IN",18,0,2,0,0,7520000,0,39.3865,-86.4618,39.4363,-86.315,8.6,200,1,1,1,109,0,0,0,0
622446,2023,3,31,"2023-03-31","21:15:00",3,"IN",18,0,0,0,0,150000,0,40.4254,-86.1946,40.4254,-86.192,0.14,10,1,1,1,67,0,0,0,0
622447,2023,3,31,"2023-03-31","21:20:00",3,"IN",18,0,1,1,0,9e+05,0,40.4207,-86.0199,40.4762,-85.9295,6.35,25,1,1,1,67,0,0,0,0
622448,2023,3,31,"2023-03-31","21:27:00",3,"IN",18,0,0,0,0,8e+05,0,39.4955,-86.1738,39.5087,-86.1419,1.93,25,1,1,1,81,0,0,0,0
622449,2023,3,31,"2023-03-31","21:29:00",3,"TN",47,0,0,0,0,15000,0,36.0984,-88.1905,36.1009,-88.1798,0.62,50,1,1,1,5,0,0,0,0
622450,2023,3,31,"2023-03-31","21:33:00",3,"IN",18,0,2,0,0,0,0,40.5062,-85.8434,40.5053,-85.7849,3.09,150,1,1,1,53,0,0,0,0
622451,2023,3,31,"2023-03-31","21:33:00",3,"IN",18,0,3,0,0,6670000,0,39.5363,-86.1042,39.573,-86.0142,5.48,316,1,1,1,81,0,0,0,0
622452,2023,3,31,"2023-03-31","21:36:00",3,"IN",18,0,2,0,0,0,0,41.109,-85.0286,41.1844,-84.9194,7.86,400,1,1,1,3,0,0,0,0
622453,2023,3,31,"2023-03-31","21:42:00",3,"IN",18,0,3,0,0,0,0,40.4811,-85.5929,40.5368,-85.4991,6.35,200,1,1,1,53,0,0,0,0
622454,2023,3,31,"2023-03-31","21:44:00",3,"IN",18,0,0,0,0,0,0,41.1961,-84.9,41.2028,-84.8799,1.14,75,1,1,1,3,0,0,0,0
622455,2023,3,31,"2023-03-31","21:53:00",3,"OH",39,0,0,0,0,30000,0,41.2016,-84.6876,41.2129,-84.6855,0.82,150,1,1,1,125,0,0,0,0
622456,2023,3,31,"2023-03-31","22:04:00",3,"TN",47,0,3,23,9,25475000,0,35.1559,-88.8175,35.521,-87.358,86.01,1400,1,1,1,69,109,71,181,0
622456,2023,3,31,"2023-03-31","22:04:00",3,"TN",47,0,0,0,0,0,0,0,0,0,0,0,0,1,0,-9,101,0,0,0,0
622457,2023,3,31,"2023-03-31","22:19:00",3,"IN",18,0,0,0,0,0,0,40.3931,-84.8827,40.4039,-84.857,1.54,175,1,1,1,75,0,0,0,0
622458,2023,3,31,"2023-03-31","22:20:00",3,"IN",18,0,0,0,0,0,0,40.4677,-84.9436,40.4851,-84.9031,2.44,100,1,1,1,75,0,0,0,0
622459,2023,3,31,"2023-03-31","22:30:00",3,"KY",21,0,1,0,0,0,0,38.2696,-85.4967,38.2853,-85.4262,3.98,130,1,1,1,111,211,0,0,0
622460,2023,3,31,"2023-03-31","22:45:00",3,"OH",39,0,0,0,0,1e+05,0,40.3652,-84.5002,40.4096,-84.3525,8.36,200,1,1,1,107,11,0,0,0
622461,2023,3,31,"2023-03-31","22:45:00",3,"OH",39,0,0,0,0,1e+05,0,40.5952,-84.4442,40.6457,-84.3891,4.53,250,1,1,1,11,0,0,0,0
622462,2023,3,31,"2023-03-31","22:47:00",3,"OH",39,0,0,0,0,2e+05,0,39.8617,-84.7751,39.8787,-84.7311,2.61,150,1,1,1,135,0,0,0,0
622463,2023,3,31,"2023-03-31","22:54:00",3,"OH",39,0,1,7,0,3e+06,0,40.5345,-84.2253,40.5956,-84.0702,9.17,300,1,1,1,11,0,0,0,0
622464,2023,3,31,"2023-03-31","23:00:00",3,"OH",39,0,1,0,0,5e+05,0,40.5956,-84.0702,40.6445,-83.932,8,300,1,1,1,11,0,0,0,0
622465,2023,3,31,"2023-03-31","23:01:00",3,"OH",39,0,0,0,0,2e+05,0,40.0241,-84.4078,40.0636,-84.1717,12.78,250,1,1,1,109,0,0,0,0
622466,2023,3,31,"2023-03-31","23:02:00",3,"OH",39,0,0,0,0,0,0,40.7593,-83.9851,40.7624,-83.9707,0.78,75,1,1,1,3,0,0,0,0
622467,2023,3,31,"2023-03-31","23:02:00",3,"OH",39,0,0,0,0,50000,0,40.0704,-84.3905,40.0659,-84.3156,3.97,250,1,1,1,109,0,0,0,0
622468,2023,3,31,"2023-03-31","23:02:00",3,"OH",39,0,0,0,0,50000,0,39.9486,-84.4491,39.9626,-84.3388,5.92,200,1,1,1,37,0,0,0,0
622469,2023,3,31,"2023-03-31","23:03:00",3,"OH",39,0,0,0,0,20000,0,40.6594,-84.0036,40.6616,-83.9921,0.62,50,1,1,1,3,0,0,0,0
622470,2023,3,31,"2023-03-31","23:04:00",3,"OH",39,0,0,0,0,10000,0,40.6579,-83.9895,40.6583,-83.9851,0.23,50,1,1,1,3,0,0,0,0
622471,2023,3,31,"2023-03-31","23:46:00",3,"MS",28,0,2,0,0,1015000,0,34.463,-88.8316,34.484,-88.603,13.11,750,1,1,1,145,81,0,0,0
622472,2023,3,31,"2023-03-31","23:47:00",3,"OH",39,0,0,0,0,70000,0,40.9597,-83.0709,40.9599,-83.0162,2.85,200,1,1,1,33,0,0,0,0
622473,2023,3,31,"2023-03-31","23:52:00",3,"MS",28,0,2,0,0,3e+06,0,34.189,-89.223,34.208,-89.121,5.97,475,1,1,1,115,0,0,0,0
622474,2023,3,31,"2023-03-31","23:53:00",3,"TN",47,0,1,0,0,550000,0,36.4204,-86.0464,36.4592,-85.9463,6.2,125,1,1,1,169,111,0,0,0
622267,2023,3,1,"2023-03-01","21:54:00",3,"AL",1,0,1,0,0,0,0,34.2608,-88.1254,34.2841,-87.9513,10.1,500,1,1,1,93,0,0,0,0
622268,2023,3,1,"2023-03-01","22:32:00",3,"AL",1,0,1,0,0,0,0,34.9504,-86.5074,34.9509,-86.5051,0.14,25,1,1,1,89,0,0,0,0
622269,2023,3,2,"2023-03-02","05:55:00",3,"TN",47,0,0,0,0,0,0,35.288,-84.9925,35.3034,-84.9583,2.21,100,1,1,1,65,121,0,0,0
622270,2023,3,2,"2023-03-02","06:16:00",3,"TN",47,0,0,0,0,0,0,35.1014,-85.4777,35.1019,-85.4732,0.26,100,1,1,1,115,0,0,0,0
622271,2023,3,2,"2023-03-02","16:20:00",3,"TX",48,0,1,0,0,0,0,32.9816,-95.4209,33.0903,-95.3694,8.15,75,1,1,1,223,0,0,0,0
622272,2023,3,2,"2023-03-02","17:00:00",3,"TX",48,0,0,0,0,0,0,33.2837,-95.2662,33.3612,-95.2511,5.43,100,1,1,1,159,0,0,0,0
622273,2023,3,2,"2023-03-02","17:05:00",3,"TX",48,0,1,0,0,25000,0,32.7662,-94.4203,32.8124,-94.4094,3.25,400,1,1,1,315,0,0,0,0
622274,2023,3,2,"2023-03-02","17:34:00",3,"TX",48,0,1,0,0,25000,0,32.9747,-94.1211,32.9922,-94.1178,1.22,475,1,1,1,67,0,0,0,0
622275,2023,3,2,"2023-03-02","17:35:00",3,"LA",22,0,1,2,0,5e+07,0,32.3627,-93.7087,32.4314,-93.7024,4.76,100,1,1,1,17,0,0,0,0
622276,2023,3,2,"2023-03-02","17:58:00",3,"AR",5,0,1,0,0,25000,0,33.2277,-93.9945,33.2015,-93.9983,1.82,475,1,1,1,91,0,0,0,0
622277,2023,3,2,"2023-03-02","21:05:00",3,"OK",40,0,1,0,0,10000,0,34.0342,-94.8123,34.0679,-94.7379,4.85,390,1,1,1,89,0,0,0,0
622278,2023,3,2,"2023-03-02","22:50:00",3,"AR",5,0,2,5,0,0,0,34.2542,-93.6426,34.2724,-93.6217,1.8,300,1,1,1,109,0,0,0,0
622279,2023,3,2,"2023-03-02","22:51:00",3,"TX",48,0,1,0,0,0,0,31.7226,-94.6396,31.7404,-94.5913,3.09,1000,1,1,1,347,0,0,0,0
622280,2023,3,3,"2023-03-03","00:38:00",3,"LA",22,0,0,0,0,10000,0,32.4124,-93.2224,32.441,-93.1989,2.4,50,1,1,1,13,0,0,0,0
622281,2023,3,3,"2023-03-03","00:43:00",3,"AR",5,0,0,0,0,0,0,34.0892,-92.6149,34.1272,-92.5579,4.3,100,1,1,1,39,0,0,0,0
622282,2023,3,3,"2023-03-03","01:57:00",3,"AR",5,0,0,0,0,0,0,34.3046,-91.7699,34.3126,-91.762,0.7,50,1,1,1,69,0,0,0,0
622283,2023,3,3,"2023-03-03","09:30:00",3,"MS",28,0,1,0,0,75000,0,34.3987,-88.3913,34.4206,-88.3616,2.27,125,1,1,1,57,0,0,0,0
622284,2023,3,3,"2023-03-03","11:08:00",3,"KY",21,0,2,0,0,1300000,0,36.95,-88.61,36.97,-88.6,1.49,175,1,1,1,145,0,0,0,0
622285,2023,3,3,"2023-03-03","12:00:00",3,"KY",21,0,1,0,0,115000,0,37.52,-87.96,37.6,-87.89,6.73,100,1,1,1,225,0,0,0,0
622286,2023,3,3,"2023-03-03","12:02:00",3,"KY",21,0,1,0,0,50000,0,37.66,-88.11,37.68,-88.09,1.76,100,1,1,1,225,0,0,0,0
622287,2023,3,3,"2023-03-03","12:04:00",3,"KY",21,0,0,0,0,5000,0,37.69,-88.06,37.74,-88.04,3.62,25,1,1,1,225,0,0,0,0
622288,2023,3,3,"2023-03-03","12:17:00",3,"KY",21,0,1,0,0,20000,0,37.77,-87.78,37.8,-87.77,2.14,125,1,1,1,101,0,0,0,0
622289,2023,3,3,"2023-03-03","12:38:00",3,"IN",18,0,1,0,0,150000,0,38.03,-87.65,38.07,-87.65,2.76,100,1,1,1,163,0,0,0,0
622290,2023,3,3,"2023-03-03","12:39:00",3,"AL",1,0,1,0,0,0,0,34.5891,-85.9949,34.634,-85.9265,5.04,105,1,1,1,71,0,0,0,0
622291,2023,3,3,"2023-03-03","12:45:00",3,"IN",18,0,0,0,0,25000,0,38.12,-87.58,38.15,-87.57,2.14,50,1,1,1,163,0,0,0,0
622292,2023,3,3,"2023-03-03","12:47:00",3,"AL",1,0,1,0,0,0,0,34.6785,-85.8392,34.7025,-85.7936,3.17,50,1,1,1,71,0,0,0,0
622293,2023,3,3,"2023-03-03","13:07:00",3,"IN",18,0,1,0,0,50000,0,38.17,-86.97,38.241,-86.93,5.25,100,1,1,1,147,37,0,0,0
622294,2023,3,3,"2023-03-03","13:11:00",3,"IN",18,0,1,0,0,0,0,38.329,-87.027,38.417,-86.955,7.3,400,1,1,1,37,0,0,0,0
622295,2023,3,3,"2023-03-03","14:08:00",3,"GA",13,0,1,0,0,0,0,34.4595,-84.8336,34.4821,-84.7767,3.69,150,1,1,1,129,0,0,0,0
622296,2023,3,3,"2023-03-03","14:29:00",3,"IN",18,0,1,0,0,0,0,38.703,-85.557,38.724,-85.542,1.66,120,1,1,1,77,0,0,0,0
622297,2023,3,3,"2023-03-03","16:05:00",3,"OH",39,0,0,0,0,1e+05,0,38.959,-84.128,38.9731,-84.1123,1.29,200,1,1,1,25,0,0,0,0
622298,2023,3,3,"2023-03-03","16:26:00",3,"OH",39,0,1,0,0,1e+06,0,39.1159,-83.8178,39.285,-83.6683,14.16,400,1,1,1,71,0,0,0,0
622299,2023,3,3,"2023-03-03","16:35:00",3,"OH",39,0,0,0,0,1e+05,0,39.2751,-83.7166,39.2866,-83.7088,0.9,150,1,1,1,71,0,0,0,0
622300,2023,3,3,"2023-03-03","17:13:00",3,"OH",39,0,0,0,0,15000,0,39.4107,-83.2021,39.4211,-83.1944,0.83,50,1,1,1,141,0,0,0,0
622301,2023,3,3,"2023-03-03","18:14:00",3,"SC",45,0,1,0,0,50000,0,34.589,-82.226,34.676,-81.869,21.27,50,1,1,1,59,83,0,0,0
622536,2023,4,12,"2023-04-12","13:26:00",3,"FL",12,0,0,0,0,0,0,26.0341,-80.1856,26.0341,-80.1855,0.01,10,1,1,1,11,0,0,0,0
622537,2023,4,12,"2023-04-12","19:40:00",3,"FL",12,0,0,0,0,50000,0,26.0551,-80.1323,26.0589,-80.1598,1.73,50,1,1,1,11,0,0,0,0
622538,2023,4,13,"2023-04-13","12:37:00",3,"GA",13,0,1,0,0,0,0,31.9419,-83.74,31.9899,-83.6832,4.8,150,1,1,1,81,0,0,0,0
622539,2023,4,13,"2023-04-13","14:21:00",3,"GA",13,0,0,0,0,0,0,32.3978,-83.3417,32.4011,-83.3272,0.88,100,1,1,1,23,0,0,0,0
622540,2023,4,15,"2023-04-15","15:35:00",3,"MO",29,0,2,5,0,2e+06,0,38.11,-91.87,38.14,-91.7494,6.87,880,1,1,1,125,0,0,0,0
622541,2023,4,15,"2023-04-15","17:19:00",3,"MO",29,0,1,0,0,0,0,38.532,-90.5,38.533,-90.422,4.47,100,1,1,1,189,0,0,0,0
622542,2023,4,15,"2023-04-15","17:24:00",3,"MO",29,0,0,0,0,0,0,38.234,-90.567,38.233,-90.557,0.57,200,1,1,1,99,0,0,0,0
622543,2023,4,15,"2023-04-15","17:30:00",3,"MO",29,0,1,1,0,0,0,38.236,-90.432,38.267,-90.374,3.97,360,1,1,1,99,0,0,0,0
622544,2023,4,15,"2023-04-15","17:30:00",3,"LA",22,0,1,0,0,30000,0,32.3226,-93.3372,32.3124,-93.3007,2.24,200,1,1,1,13,0,0,0,0
622545,2023,4,15,"2023-04-15","17:34:00",3,"MO",29,0,1,0,0,0,0,38.29,-90.407,38.288,-90.391,0.93,150,1,1,1,99,0,0,0,0
622546,2023,4,15,"2023-04-15","17:34:00",3,"IL",17,0,1,0,0,0,0,38.2116,-90.2623,38.3306,-89.9407,19.57,100,1,1,1,133,163,0,0,0
622547,2023,4,15,"2023-04-15","17:39:00",3,"IL",17,0,0,0,0,0,0,38.276,-90.329,38.291,-90.24,4.97,100,1,1,1,133,0,0,0,0
622548,2023,4,15,"2023-04-15","17:43:00",3,"IL",17,0,-9,0,0,0,0,38.454,-90.233,38.457,-90.228,0.34,25,1,1,1,133,0,0,0,0
622549,2023,4,15,"2023-04-15","17:59:00",3,"IL",17,0,0,0,0,0,0,38.575,-90.069,38.576,-90.059,0.58,100,1,1,1,163,0,0,0,0
622550,2023,4,15,"2023-04-15","18:01:00",3,"IL",17,0,-9,0,0,0,0,38.673,-90.0244,38.6744,-90.0221,0.16,25,1,1,1,119,0,0,0,0
622551,2023,4,15,"2023-04-15","18:03:00",3,"IL",17,0,0,0,0,0,0,38.5195,-89.9928,38.5318,-89.9795,1.12,90,1,1,1,163,0,0,0,0
622552,2023,4,15,"2023-04-15","18:03:00",3,"IL",17,0,1,0,0,0,0,38.5195,-89.9871,38.5447,-89.9415,3.04,200,1,1,1,163,0,0,0,0
622553,2023,4,15,"2023-04-15","18:33:00",3,"IL",17,0,-9,0,0,0,0,38.4606,-89.438,38.461,-89.435,0.17,50,1,1,1,189,0,0,0,0
622554,2023,4,16,"2023-04-16","15:36:00",3,"FL",12,0,0,0,0,425000,0,27.8749,-80.504,27.8727,-80.4965,0.48,100,1,1,1,9,0,0,0,0
622555,2023,4,19,"2023-04-19","18:03:00",3,"OK",40,0,0,0,0,155000,0,35.373,-97.419,35.41,-97.413,2.61,250,1,1,1,27,109,0,0,0
622556,2023,4,19,"2023-04-19","18:10:00",3,"IA",19,0,-9,0,0,0,0,41.21,-95.3,41.21,-95.3,0.5,10,1,1,1,155,0,0,0,0
622557,2023,4,19,"2023-04-19","18:20:00",3,"OK",40,0,1,0,0,30000,0,35.073,-97.698,35.063,-97.652,2.93,200,1,1,1,51,87,0,0,0
622558,2023,4,19,"2023-04-19","18:30:00",3,"OK",40,0,3,2,1,4e+06,0,35.082,-97.634,35.18,-97.526,10.9,1200,1,1,1,87,0,0,0,0
622559,2023,4,19,"2023-04-19","18:38:00",3,"OK",40,0,1,0,0,5000,0,35.094,-97.654,35.092,-97.633,1.2,250,1,1,1,87,0,0,0,0
622560,2023,4,19,"2023-04-19","18:47:00",3,"OK",40,0,1,0,0,30000,0,35.09,-97.54,35.097,-97.509,2.2,400,1,1,1,87,0,0,0,0
622561,2023,4,19,"2023-04-19","18:55:00",3,"OK",40,0,1,0,0,26000,0,35.058,-97.476,35.088,-97.357,7.5,700,1,1,1,87,27,0,0,0
622562,2023,4,19,"2023-04-19","18:56:00",3,"OK",40,0,1,0,0,4000,0,35.087,-97.46,35.075,-97.459,0.8,50,1,1,1,87,0,0,0,0
622563,2023,4,19,"2023-04-19","18:56:00",3,"IA",19,0,-9,0,0,0,0,42.124,-95.3766,42.1363,-95.3444,1.85,50,1,1,1,47,0,0,0,0
622564,2023,4,19,"2023-04-19","19:09:00",3,"KS",20,0,1,0,0,0,0,38.3203,-96.7362,38.3208,-96.7353,0.06,75,1,1,1,17,0,0,0,0
622565,2023,4,19,"2023-04-19","19:16:00",3,"IA",19,0,-9,0,0,0,0,40.71,-95.77,40.71,-95.77,0.1,10,1,1,1,71,0,0,0,0
622566,2023,4,19,"2023-04-19","19:17:00",3,"KS",20,0,0,0,0,0,0,38.3376,-96.6803,38.3379,-96.6772,0.2,25,1,1,1,17,0,0,0,0
622567,2023,4,19,"2023-04-19","19:18:00",3,"KS",20,0,0,1,0,0,0,38.3524,-96.6733,38.3726,-96.6439,2.12,100,1,1,1,17,0,0,0,0
622568,2023,4,19,"2023-04-19","19:22:00",3,"KS",20,0,2,0,0,0,0,38.369,-96.6332,38.4514,-96.4478,11.59,880,1,1,1,17,0,0,0,0
622569,2023,4,19,"2023-04-19","19:23:00",3,"IA",19,0,0,0,0,0,0,40.8,-95.75,40.8,-95.75,0.5,10,1,1,1,71,0,0,0,0
622570,2023,4,19,"2023-04-19","19:31:00",3,"KS",20,0,1,0,0,0,0,38.37,-96.6,38.38,-96.58,1.28,200,1,1,1,17,0,0,0,0
622571,2023,4,19,"2023-04-19","19:32:00",3,"OK",40,0,1,0,0,10000,0,35.117,-97.276,35.127,-97.242,2.1,150,1,1,1,27,0,0,0,0
622572,2023,4,19,"2023-04-19","19:35:00",3,"KS",20,0,1,0,0,5000,0,38.367,-96.548,38.3751,-96.5321,1.03,50,1,1,1,17,0,0,0,0
622573,2023,4,19,"2023-04-19","19:36:00",3,"OK",40,0,2,0,0,5e+05,0,35.125,-97.261,35.152,-97.177,5.4,700,1,1,1,27,0,0,0,0
622574,2023,4,19,"2023-04-19","19:38:00",3,"KS",20,0,0,0,0,0,0,38.38,-96.58,38.4,-96.54,2.57,175,1,1,1,17,0,0,0,0
622575,2023,4,19,"2023-04-19","19:41:00",3,"OK",40,0,1,0,0,50000,0,35.133,-97.214,35.133,-97.185,1.64,50,1,1,1,27,0,0,0,0
622576,2023,4,19,"2023-04-19","19:45:00",3,"KS",20,0,0,1,0,20000,0,38.3872,-96.4687,38.4202,-96.4282,3.17,150,1,1,1,17,0,0,0,0
622577,2023,4,19,"2023-04-19","19:47:00",3,"OK",40,0,2,0,0,775000,0,35.159,-97.173,35.206,-97.132,4.2,2200,1,1,1,27,125,0,0,0
622578,2023,4,19,"2023-04-19","19:55:00",3,"KS",20,0,2,0,0,0,0,38.46,-96.41,38.53,-96.38,5.21,300,1,1,1,17,127,0,0,0
622579,2023,4,19,"2023-04-19","20:04:00",3,"OK",40,0,3,0,0,50000,0,35.229,-97.111,35.232,-97.101,0.6,250,1,1,1,125,0,0,0,0
622580,2023,4,19,"2023-04-19","20:07:00",3,"OK",40,0,0,0,0,5000,0,35.238,-97.296,35.237,-97.29,0.35,60,1,1,1,27,0,0,0,0
622581,2023,4,19,"2023-04-19","20:13:00",3,"OK",40,0,2,0,0,105000,0,35.283,-97.103,35.339,-97.162,6.3,700,1,1,1,125,27,0,0,0
622582,2023,4,19,"2023-04-19","20:18:00",3,"OK",40,0,0,0,0,10000,0,35.255,-97.187,35.262,-97.172,1,75,1,1,1,27,0,0,0,0
622583,2023,4,19,"2023-04-19","20:21:00",3,"OK",40,0,1,0,0,50000,0,35.314,-97.017,35.34,-97.025,1.85,400,1,1,1,125,0,0,0,0
622584,2023,4,19,"2023-04-19","20:39:00",3,"OK",40,0,2,0,0,4e+06,0,35.272,-97,35.471,-96.932,15,2300,1,1,1,125,81,0,0,0
622585,2023,4,19,"2023-04-19","21:39:00",3,"OK",40,0,1,0,0,0,0,35.428,-96.792,35.419,-96.791,0.8,50,1,1,1,125,0,0,0,0
622586,2023,4,20,"2023-04-20","01:45:00",3,"KS",20,0,0,0,0,0,0,39.4134,-96.7649,39.4138,-96.7627,0.23,30,1,1,1,161,0,0,0,0
622587,2023,4,20,"2023-04-20","14:56:00",3,"IL",17,0,1,0,0,0,0,41.8,-89.93,41.85,-89.84,5.89,300,1,1,1,195,0,0,0,0
622588,2023,4,20,"2023-04-20","18:05:00",3,"TX",48,0,0,0,0,5000,0,32.3341,-95.2896,32.3441,-95.2879,0.7,65,1,1,1,423,0,0,0,0
622589,2023,4,20,"2023-04-20","21:40:00",3,"TX",48,0,0,0,0,250000,0,29.8528,-98.2662,29.8233,-98.2304,2.96,250,1,1,1,91,0,0,0,0
622590,2023,4,21,"2023-04-21","07:36:00",3,"FL",12,0,0,0,0,0,0,26.3239,-80.0743,26.3239,-80.0748,0.03,10,1,1,1,99,0,0,0,0
622591,2023,4,21,"2023-04-21","10:44:00",3,"FL",12,0,0,0,0,0,0,26.0215,-80.1144,26.0215,-80.1153,0.06,10,1,1,1,11,0,0,0,0
622592,2023,4,21,"2023-04-21","18:34:00",3,"AL",1,0,0,0,0,0,0,33.709,-87.719,33.725,-87.684,2.28,125,1,1,1,57,0,0,0,0
622593,2023,4,22,"2023-04-22","05:27:00",3,"NC",37,0,0,0,0,10000,0,35.532,-80.882,35.568,-80.753,7.67,30,1,1,1,97,0,0,0,0
622594,2023,4,22,"2023-04-22","11:58:00",3,"MD",24,0,0,0,0,30000,0,39.1355,-77.4009,39.1411,-77.3968,0.44,50,1,1,1,31,0,0,0,0
622595,2023,4,22,"2023-04-22","13:18:00",3,"MD",24,0,0,0,0,1025000,0,39.47,-76.44,39.55,-76.37,6.69,50,1,1,1,5,25,0,0,0
622596,2023,4,22,"2023-04-22","14:18:00",3,"PA",42,0,1,0,0,0,0,40.3554,-76.1971,40.3669,-76.1847,1,125,1,1,1,11,0,0,0,0
622597,2023,4,22,"2023-04-22","16:38:00",3,"NY",36,0,2,0,0,2e+05,0,41.8051,-74.9244,41.9483,-74.9122,9.95,300,1,1,1,105,0,0,0,0
622598,2023,4,22,"2023-04-22","18:01:00",3,"NC",37,0,1,0,0,0,0,34.944,-77.711,34.9447,-77.7104,0.06,30,1,1,1,61,0,0,0,0
622599,2023,4,22,"2023-04-22","18:08:00",3,"NC",37,0,0,0,0,0,0,34.9551,-77.6378,34.9606,-77.6338,0.44,25,1,1,1,133,0,0,0,0
622600,2023,4,22,"2023-04-22","18:43:00",3,"NC",37,0,1,0,0,0,0,35.0457,-77.449,35.0533,-77.4451,0.57,40,1,1,1,103,0,0,0,0
622601,2023,4,22,"2023-04-22","18:52:00",3,"NC",37,0,0,0,0,0,0,35.0934,-77.3693,35.0953,-77.3685,0.14,30,1,1,1,103,0,0,0,0
622602,2023,4,25,"2023-04-25","14:21:00",3,"CO",8,0,-9,0,0,0,0,40.0212,-104.4846,40.0212,-104.4846,0.01,50,1,1,1,123,0,0,0,0
622603,2023,4,25,"2023-04-25","14:30:00",3,"CO",8,0,-9,0,0,0,0,40.011,-104.4936,40.011,-104.4936,0.01,50,1,1,1,123,0,0,0,0
622604,2023,4,25,"2023-04-25","14:51:00",3,"CO",8,0,-9,0,0,0,0,40.025,-104.4796,40.025,-104.4796,0.01,50,1,1,1,123,0,0,0,0
622605,2023,4,25,"2023-04-25","15:13:00",3,"CO",8,0,-9,0,0,0,0,39.7577,-104.7396,39.7577,-104.7396,0.01,50,1,1,1,1,0,0,0,0
622606,2023,4,25,"2023-04-25","20:17:00",3,"TX",48,0,-9,0,0,0,0,33.94,-101.14,33.94,-101.1369,0.18,30,1,1,1,153,0,0,0,0
622607,2023,4,26,"2023-04-26","15:58:00",3,"TX",48,0,-9,0,0,0,0,31.63,-97.38,31.63,-97.38,0.02,25,1,1,1,309,0,0,0,0
622608,2023,4,26,"2023-04-26","16:26:00",3,"TX",48,0,-9,0,0,0,0,31.61,-97.3,31.61,-97.3,0.02,25,1,1,1,309,0,0,0,0
622609,2023,4,27,"2023-04-27","13:14:00",3,"FL",12,0,0,0,0,0,0,30.31,-85.13,30.3153,-85.1242,0.51,50,1,1,1,13,0,0,0,0
622610,2023,4,27,"2023-04-27","13:54:00",3,"FL",12,0,2,0,0,5e+05,0,30.3832,-84.8169,30.4067,-84.7849,2.5,960,1,1,1,77,0,0,0,0
622611,2023,4,27,"2023-04-27","14:04:00",3,"FL",12,0,1,0,0,2e+05,0,30.2485,-85.6647,30.2573,-85.656,0.8,75,1,1,1,5,0,0,0,0
622612,2023,4,27,"2023-04-27","14:33:00",3,"FL",12,0,0,0,0,0,0,30.21,-85.22,30.2181,-85.2081,0.9,50,1,1,1,13,0,0,0,0
622613,2023,4,27,"2023-04-27","15:21:00",3,"FL",12,0,0,0,0,0,0,30.272,-84.637,30.294,-84.608,2.3,50,1,1,1,129,0,0,0,0
622614,2023,4,27,"2023-04-27","16:11:00",3,"GA",13,0,1,0,0,0,0,30.8596,-84.0252,30.874,-84.0137,1.21,160,1,1,1,275,0,0,0,0
622615,2023,4,27,"2023-04-27","16:14:00",3,"FL",12,0,0,0,0,0,0,30.6255,-84.3921,30.6275,-84.3674,1.48,75,1,1,1,39,0,0,0,0
622616,2023,4,27,"2023-04-27","16:20:00",3,"GA",13,0,1,0,0,5000,0,30.9005,-83.9794,30.9206,-83.9491,2.27,75,1,1,1,275,0,0,0,0
622617,2023,4,27,"2023-04-27","16:42:00",3,"FL",12,0,1,0,0,0,0,30.395,-83.7363,30.3953,-83.727,0.55,100,1,1,1,79,0,0,0,0
622618,2023,4,28,"2023-04-28","13:50:00",3,"TX",48,0,1,2,0,2e+06,0,31.3821,-97.882,31.2748,-97.6681,14.84,1400,1,1,1,27,0,0,0,0
622619,2023,4,28,"2023-04-28","14:44:00",3,"NC",37,0,0,0,0,5000,0,36.254,-80.8355,36.254,-80.8355,0.06,60,1,1,1,171,0,0,0,0
622620,2023,4,28,"2023-04-28","17:33:00",3,"FL",12,0,0,0,0,50000,0,26.506,-80.08,26.511,-80.069,0.76,100,1,1,1,99,0,0,0,0
622621,2023,4,29,"2023-04-29","15:10:00",3,"FL",12,0,2,0,0,250000,0,26.8251,-80.0897,26.8495,-80.0593,2.61,320,1,1,1,99,0,0,0,0
622622,2023,4,30,"2023-04-30","04:34:00",3,"FL",12,0,1,0,0,50000,0,26.92,-81.63,26.96,-81.57,4.61,50,1,1,1,15,0,0,0,0
622623,2023,4,30,"2023-04-30","15:48:00",3,"VA",51,0,3,0,0,2e+07,0,36.883,-76.086,36.93,-76.01,4.5,350,1,1,1,810,0,0,0,0
622475,2023,4,1,"2023-04-01","00:00:00",3,"MS",28,0,2,0,0,0,0,34.484,-88.603,34.4884,-88.5753,1.61,750,1,1,1,81,0,0,0,0
622476,2023,4,1,"2023-04-01","00:00:00",3,"MS",28,0,2,5,1,0,0,34.208,-89.121,34.2337,-88.8273,16.87,475,1,1,1,115,0,0,0,0
622477,2023,4,1,"2023-04-01","00:16:00",3,"TN",47,0,1,0,0,2250000,0,35.6642,-86.753,35.7222,-86.5343,12.93,150,1,1,1,117,149,3,149,0
622478,2023,4,1,"2023-04-01","00:28:00",3,"MS",28,0,1,0,0,1.05e+08,0,34.2327,-88.7226,34.2276,-88.6862,2.11,375,1,1,1,81,0,0,0,0
622479,2023,4,1,"2023-04-01","00:30:00",3,"MS",28,0,0,0,0,50000,0,34.4851,-88.1953,34.4967,-88.1754,1.39,80,1,1,1,141,0,0,0,0
622480,2023,4,1,"2023-04-01","00:41:00",3,"TN",47,0,2,2,0,3250000,0,35.7554,-86.3814,35.8613,-86.0791,18.45,500,1,1,1,149,15,0,0,0
622481,2023,4,1,"2023-04-01","01:32:00",3,"AL",1,0,1,1,0,0,0,34.238,-87.851,34.266,-87.556,16.98,675,1,1,1,93,133,0,0,0
622482,2023,4,1,"2023-04-01","02:09:00",3,"AL",1,0,3,5,1,0,0,34.9746,-86.5738,35.0039,-86.3648,12.03,215,2,0,1,0,0,0,0,0
622482,2023,4,1,"2023-04-01","02:09:00",3,"AL",1,0,3,5,1,0,0,34.9746,-86.5738,34.9907,-86.497,4.49,215,2,1,2,89,0,0,0,0
622483,2023,4,1,"2023-04-01","02:10:00",3,"TN",47,0,1,0,0,0,0,36.243,-84.68,36.254,-84.658,1.44,60,1,1,1,129,0,0,0,0
622482,2023,4,1,"2023-04-01","02:15:00",3,"TN",47,0,3,0,0,0,0,34.991,-86.497,35.0039,-86.3648,7.54,215,2,1,2,103,0,0,0,0
622484,2023,4,1,"2023-04-01","03:51:00",3,"AL",1,0,0,2,0,0,0,34.181,-86.149,34.183,-86.096,3.1,250,1,1,1,55,0,0,0,0
622485,2023,4,1,"2023-04-01","05:35:00",3,"GA",13,0,0,0,0,0,0,34.1245,-84.5357,34.1245,-84.4922,2.49,75,1,1,1,57,0,0,0,0
622486,2023,4,1,"2023-04-01","09:03:00",3,"MI",26,0,0,0,0,25000,0,41.946,-83.711,41.966,-83.575,7.12,75,1,1,1,115,0,0,0,0
622487,2023,4,1,"2023-04-01","15:59:00",3,"DE",10,0,3,0,1,0,0,38.757,-75.6398,38.818,-75.3892,14.3,700,1,1,1,5,0,0,0,0
622488,2023,4,1,"2023-04-01","16:34:00",3,"MD",24,0,1,0,0,1e+06,0,39.7,-76.01,39.68,-75.91,5.49,125,1,1,1,15,0,0,0,0
622489,2023,4,1,"2023-04-01","16:46:00",3,"PA",42,0,1,0,0,0,0,40.2486,-74.9914,40.2275,-74.9227,3.9,200,1,1,1,17,0,0,0,0
622490,2023,4,1,"2023-04-01","16:59:00",3,"NJ",34,0,1,0,0,0,0,40.0065,-75.0006,39.9848,-74.894,6,600,1,1,1,5,0,0,0,0
622491,2023,4,1,"2023-04-01","17:08:00",3,"NJ",34,0,1,0,0,0,0,40.1503,-74.6337,40.1503,-74.6337,2.69,300,1,1,1,21,5,5,21,0
622491,2023,4,1,"2023-04-01","17:08:00",3,"NJ",34,0,0,0,0,0,0,0,0,0,0,0,0,1,0,-9,25,0,0,0,0
622492,2023,4,1,"2023-04-01","17:14:00",3,"NJ",34,0,1,0,0,0,0,40.1541,-74.5715,40.148,-74.4965,4,550,1,1,1,25,0,0,0,0
622493,2023,4,1,"2023-04-01","17:24:00",3,"NJ",34,0,2,0,0,0,0,40.1555,-74.3937,40.1488,-74.3564,2.1,200,1,1,1,29,0,0,0,0
622494,2023,4,1,"2023-04-01","17:33:00",3,"NJ",34,0,2,0,0,0,0,40.1543,-74.2735,40.1543,-74.2735,1.59,150,1,1,1,29,25,0,0,0
622495,2023,4,1,"2023-04-01","17:42:00",3,"NJ",34,0,1,0,0,0,0,39.4738,-74.8579,39.4722,-74.8412,0.9,110,1,1,1,1,0,0,0,0
622496,2023,4,1,"2023-04-01","17:42:00",3,"NJ",34,0,2,0,0,0,0,40.1223,-74.0398,40.1217,-74.0354,0.14,50,1,1,1,25,0,0,0,0
622497,2023,4,2,"2023-04-02","16:15:00",3,"TX",48,0,-9,0,0,0,0,31.315,-96.76,31.317,-96.744,0.95,25,1,1,1,145,0,0,0,0
622498,2023,4,2,"2023-04-02","16:36:00",3,"TX",48,0,0,0,0,0,0,31.3458,-96.6184,31.3464,-96.612,0.38,33,1,1,1,293,0,0,0,0
622499,2023,4,2,"2023-04-02","16:43:00",3,"TX",48,0,-9,0,0,0,0,31.373,-96.491,31.376,-96.471,1.2,33,1,1,1,293,0,0,0,0
622500,2023,4,2,"2023-04-02","17:00:00",3,"TX",48,0,0,0,0,0,0,31.3981,-96.3595,31.3999,-96.3478,0.7,33,1,1,1,293,0,0,0,0
622501,2023,4,3,"2023-04-03","03:37:00",3,"MS",28,0,1,0,0,20000,0,31.9177,-89.8915,31.9347,-89.8168,4.54,430,1,1,1,127,0,0,0,0
622502,2023,4,3,"2023-04-03","04:45:00",3,"MS",28,0,1,0,0,20000,0,31.8063,-89.146,31.7962,-89.0879,3.48,220,1,1,1,67,0,0,0,0
622503,2023,4,3,"2023-04-03","09:36:00",3,"AL",1,0,0,0,0,25000,0,31.3592,-85.8293,31.3614,-85.8255,0.27,50,1,1,1,31,0,0,0,0
622504,2023,4,3,"2023-04-03","10:13:00",3,"AL",1,0,1,0,0,5000,0,31.248,-85.4516,31.2417,-85.4255,1.6,105,1,1,1,69,0,0,0,0
622505,2023,4,3,"2023-04-03","11:40:00",3,"GA",13,0,1,0,0,0,0,30.8719,-84.5112,30.8731,-84.4879,1.38,150,1,1,1,87,0,0,0,0
622506,2023,4,3,"2023-04-03","11:48:00",3,"GA",13,0,1,0,0,25000,0,30.8838,-84.4398,30.8802,-84.4352,0.37,250,1,1,1,87,0,0,0,0
622507,2023,4,4,"2023-04-04","08:36:00",3,"IL",17,0,1,0,0,0,0,41.44,-90.66,41.44,-90.64,1.09,25,1,1,1,161,0,0,0,0
622508,2023,4,4,"2023-04-04","08:41:00",3,"IL",17,0,1,0,0,0,0,41.48,-90.58,41.49,-90.55,1.59,150,1,1,1,161,0,0,0,0
622509,2023,4,4,"2023-04-04","08:47:00",3,"IL",17,0,1,0,0,0,0,41.48,-90.51,41.47,-90.48,1.62,25,1,1,1,161,0,0,0,0
622510,2023,4,4,"2023-04-04","08:57:00",3,"IL",17,0,2,0,0,0,0,41.48,-90.37,41.48,-90.36,0.52,50,1,1,1,73,0,0,0,0
622511,2023,4,4,"2023-04-04","09:15:00",3,"IL",17,0,2,0,0,0,0,41.43,-90.12,41.42,-90.07,2.79,600,1,1,1,73,0,0,0,0
622512,2023,4,4,"2023-04-04","17:43:00",3,"IA",19,0,1,0,0,1e+05,0,41.1986,-93.4558,41.3549,-93.2476,15.32,130,1,1,1,181,125,0,0,0
622513,2023,4,4,"2023-04-04","17:52:00",3,"IL",17,0,1,0,0,0,0,40.31,-90.6,40.36,-90.46,8.31,350,1,1,1,109,0,0,0,0
622514,2023,4,4,"2023-04-04","18:02:00",3,"IL",17,0,1,0,0,0,0,40.3631,-90.4329,40.3668,-90.3966,1.93,200,1,1,1,57,0,0,0,0
622515,2023,4,4,"2023-04-04","18:09:00",3,"IL",17,0,-9,0,0,0,0,40.3484,-90.3773,40.3521,-90.3639,0.75,20,1,1,1,57,0,0,0,0
622516,2023,4,4,"2023-04-04","18:11:00",3,"IL",17,0,3,4,0,0,0,40.3308,-90.3233,40.5429,-90.0667,19.92,600,1,1,1,57,0,0,0,0
622517,2023,4,4,"2023-04-04","18:29:00",3,"IL",17,0,-9,0,0,0,0,40.405,-90.0777,40.4065,-90.0748,0.18,20,1,1,1,57,0,0,0,0
622518,2023,4,5,"2023-04-05","01:48:00",3,"MO",29,0,1,0,0,210000,0,36.954,-90.7,37,-90.6,6.37,300,1,1,1,35,223,0,0,0
622519,2023,4,5,"2023-04-05","02:30:00",3,"MO",29,0,2,4,5,2002000,0,37.25,-90.14,37.43,-89.86,20.66,150,1,1,1,17,31,0,0,0
622520,2023,4,5,"2023-04-05","03:48:00",3,"IL",17,0,0,0,0,0,0,41.21,-90.32,41.23,-90.26,3.12,50,1,1,1,73,0,0,0,0
622521,2023,4,5,"2023-04-05","04:50:00",3,"AR",5,0,0,0,0,0,0,35.967,-93.5241,35.9934,-93.4872,2.8,300,1,1,1,87,0,0,0,0
622522,2023,4,5,"2023-04-05","05:03:00",3,"AR",5,0,-9,0,0,0,0,36.46,-93.391,36.481,-93.369,1.9,250,1,1,1,15,0,0,0,0
622523,2023,4,5,"2023-04-05","05:38:00",3,"WI",55,0,0,0,0,6000,0,42.5809,-88.395,42.5844,-88.3855,0.54,75,1,1,1,127,0,0,0,0
622524,2023,4,5,"2023-04-05","07:44:00",3,"TX",48,0,0,0,0,0,0,33.0124,-94.444,33.0123,-94.4405,0.2,50,1,1,1,67,0,0,0,0
622525,2023,4,5,"2023-04-05","09:58:00",3,"IN",18,0,0,0,0,50000,0,39.9578,-86.7053,39.9591,-86.7006,0.26,20,1,1,1,107,0,0,0,0
622526,2023,4,5,"2023-04-05","12:26:00",3,"KY",21,0,1,0,0,25000,0,36.99,-88.93,36.99,-88.92,0.55,25,1,1,1,7,0,0,0,0
622527,2023,4,5,"2023-04-05","13:02:00",3,"KY",21,0,0,0,0,1e+05,0,36.63,-88.38,36.66,-88.29,5.4,50,1,1,1,35,0,0,0,0
622528,2023,4,5,"2023-04-05","13:42:00",3,"IN",18,0,0,0,0,25000,0,37.97,-87.09,37.99,-87.04,3.05,25,1,1,1,147,0,0,0,0
622529,2023,4,5,"2023-04-05","14:14:00",3,"IN",18,0,1,0,0,0,0,38.108,-86.588,38.114,-86.576,0.75,70,1,1,1,123,0,0,0,0
622530,2023,4,5,"2023-04-05","14:41:00",3,"KY",21,0,1,0,0,0,0,37.9545,-86.1408,37.9568,-86.1368,0.27,50,1,1,1,163,0,0,0,0
622531,2023,4,5,"2023-04-05","14:58:00",3,"KY",21,0,1,0,0,0,0,38.1522,-85.8321,38.1553,-85.8175,0.82,100,1,1,1,111,0,0,0,0
622532,2023,4,5,"2023-04-05","15:05:00",3,"KY",21,0,1,0,0,0,0,38.1938,-85.7003,38.1998,-85.6857,0.89,100,1,1,1,111,0,0,0,0
622533,2023,4,5,"2023-04-05","15:05:00",3,"KY",21,0,1,0,0,0,0,38.1982,-85.6983,38.1978,-85.6911,0.39,75,1,1,1,111,0,0,0,0
622534,2023,4,5,"2023-04-05","15:33:00",3,"OH",39,0,0,0,0,250000,0,39.7618,-82.6479,39.7786,-82.5628,4.67,100,1,1,1,45,0,0,0,0
622535,2023,4,5,"2023-04-05","15:39:00",3,"OH",39,0,0,0,0,250000,0,39.8037,-82.5287,39.8085,-82.511,1,100,1,1,1,45,0,0,0,0
622659,2023,5,10,"2023-05-10","12:05:00",3,"AR",5,0,-9,0,0,0,0,34.31,-91.97,34.31,-91.97,0.1,25,1,1,1,69,0,0,0,0
622660,2023,5,10,"2023-05-10","16:26:00",3,"KS",20,0,-9,0,0,0,0,39.57,-100.61,39.57,-100.59,0.86,100,1,1,1,179,0,0,0,0
622661,2023,5,10,"2023-05-10","17:54:00",3,"CO",8,0,0,0,0,0,0,40.01,-103.41,40.01,-103.41,0.01,20,1,1,1,121,0,0,0,0
622662,2023,5,10,"2023-05-10","17:54:00",3,"CO",8,0,1,0,0,5e+05,0,40.0052,-103.4857,40.0917,-103.476,6,20,1,1,1,87,0,0,0,0
622663,2023,5,10,"2023-05-10","18:20:00",3,"CO",8,0,0,0,0,0,0,40.16,-103.42,40.22,-103.43,4.18,20,1,1,1,121,0,0,0,0
622664,2023,5,10,"2023-05-10","18:29:00",3,"CO",8,0,0,0,0,0,0,40.2077,-103.244,40.2077,-103.244,0.01,20,1,1,1,121,0,0,0,0
622665,2023,5,10,"2023-05-10","18:31:00",3,"CO",8,0,0,0,0,0,0,40.09,-103.35,40.09,-103.35,0.01,20,1,1,1,121,0,0,0,0
622666,2023,5,10,"2023-05-10","18:38:00",3,"CO",8,0,0,0,0,0,0,40.07,-103.33,40.07,-103.33,0.01,20,1,1,1,121,0,0,0,0
622667,2023,5,11,"2023-05-11","05:06:00",3,"LA",22,0,1,0,0,10000,0,32.4074,-93.8307,32.4414,-93.8097,2.65,130,1,1,1,17,0,0,0,0
622668,2023,5,11,"2023-05-11","06:55:00",3,"LA",22,0,1,0,0,50000,0,31.9418,-93.8942,31.9422,-93.891,0.19,130,1,1,1,31,0,0,0,0
622669,2023,5,11,"2023-05-11","07:03:00",3,"LA",22,0,1,0,0,0,0,31.4826,-92.6146,31.4898,-92.6137,0.5,80,1,1,1,43,0,0,0,0
622670,2023,5,11,"2023-05-11","07:21:00",3,"LA",22,0,1,0,0,20000,0,32.638,-93.3815,32.6398,-93.3803,0.14,60,1,1,1,119,0,0,0,0
622671,2023,5,11,"2023-05-11","09:59:00",3,"LA",22,0,1,0,0,0,0,32.821,-92.077,32.8289,-92.0735,0.58,80,1,1,1,111,0,0,0,0
622672,2023,5,11,"2023-05-11","11:41:00",3,"AR",5,0,1,0,0,40000,0,33.1472,-91.8186,33.1528,-91.8152,0.45,140,1,1,1,3,0,0,0,0
622673,2023,5,11,"2023-05-11","11:57:00",3,"KS",20,0,1,0,0,0,0,39.59,-102.02,39.63,-102.09,5.17,100,2,0,1,0,0,0,0,0
622673,2023,5,11,"2023-05-11","11:57:00",3,"KS",20,0,1,0,0,0,0,39.59,-102.02,39.618,-102.05,2.84,100,2,1,2,23,0,0,0,0
622673,2023,5,11,"2023-05-11","12:00:00",3,"CO",8,0,1,0,0,0,0,39.618,-102.05,39.63,-102.09,2.33,100,2,1,2,125,0,0,0,0
622674,2023,5,11,"2023-05-11","12:35:00",3,"KS",20,0,-9,0,0,0,0,39.75,-101.35,39.77,-101.36,1.16,100,1,1,1,153,0,0,0,0
622675,2023,5,11,"2023-05-11","12:39:00",3,"KS",20,0,-9,0,0,0,0,39.78,-101.38,39.8,-101.4,1.78,75,1,1,1,153,0,0,0,0
622676,2023,5,11,"2023-05-11","14:01:00",3,"NE",31,0,-9,0,0,0,0,40.27,-101.38,40.3,-101.42,3.02,75,1,1,1,57,0,0,0,0
622677,2023,5,11,"2023-05-11","16:33:00",3,"KS",20,0,0,0,0,0,0,38.78,-101.91,38.9,-101.92,8.48,100,1,1,1,199,0,0,0,0
622678,2023,5,11,"2023-05-11","16:41:00",3,"KS",20,0,0,0,0,0,0,38.83,-102.03,38.87,-102.02,3.17,100,1,1,1,199,0,0,0,0
622679,2023,5,11,"2023-05-11","16:45:00",3,"KS",20,0,1,0,0,0,0,38.858,-101.964,38.875,-101.966,1.25,175,1,1,1,199,0,0,0,0
622680,2023,5,11,"2023-05-11","16:45:00",3,"CO",8,0,-9,0,0,0,0,38.83,-102.13,38.84,-102.14,1.15,150,1,1,1,17,0,0,0,0
622681,2023,5,11,"2023-05-11","16:46:00",3,"CO",8,0,-9,0,0,0,0,38.845,-102.129,38.855,-102.135,0.68,75,1,1,1,17,0,0,0,0
622682,2023,5,11,"2023-05-11","17:09:00",3,"KS",20,0,0,0,0,0,0,39.02,-101.74,39.11,-101.79,6.62,100,1,1,1,199,0,0,0,0
622683,2023,5,11,"2023-05-11","17:25:00",3,"OK",40,0,0,0,0,0,0,35.013,-98.017,35.021,-98.003,1,20,1,1,1,51,0,0,0,0
622684,2023,5,11,"2023-05-11","17:25:00",3,"KS",20,0,-9,0,0,0,0,39.05,-101.39,39.13,-101.44,5.8,100,1,1,1,109,0,0,0,0
622685,2023,5,11,"2023-05-11","17:47:00",3,"KS",20,0,-9,0,0,0,0,39.22,-101.48,39.23,-101.49,0.76,75,1,1,1,181,0,0,0,0
622686,2023,5,11,"2023-05-11","17:57:00",3,"OK",40,0,-9,0,0,0,0,35.229,-97.807,35.267,-97.788,2.9,50,1,1,1,51,0,0,0,0
622687,2023,5,11,"2023-05-11","18:29:00",3,"KS",20,0,-9,0,0,0,0,39.32,-101.17,39.34,-101.17,1.48,75,1,1,1,193,0,0,0,0
622688,2023,5,11,"2023-05-11","18:36:00",3,"OK",40,0,0,0,0,4000,0,35.203,-97.675,35.203,-97.675,0.36,30,1,1,1,51,87,0,0,0
622689,2023,5,11,"2023-05-11","18:42:00",3,"OK",40,0,0,0,0,5000,0,35.211,-97.654,35.222,-97.619,2.1,30,1,1,1,87,0,0,0,0
622690,2023,5,11,"2023-05-11","18:45:00",3,"OK",40,0,-9,0,0,0,0,34.807,-97.9737,34.807,-97.9737,0.2,20,1,1,1,51,0,0,0,0
622691,2023,5,11,"2023-05-11","18:51:00",3,"KS",20,0,0,0,0,0,0,37.56,-101.11,37.56,-101.11,0.01,1,1,1,1,67,0,0,0,0
622692,2023,5,11,"2023-05-11","19:04:00",3,"OK",40,0,0,0,0,0,0,34.995,-97.696,35.016,-97.687,1.5,75,1,1,1,51,0,0,0,0
622693,2023,5,11,"2023-05-11","19:12:00",3,"OK",40,0,0,0,0,0,0,35.028,-97.667,35.031,-97.661,0.4,30,1,1,1,87,0,0,0,0
622694,2023,5,11,"2023-05-11","19:29:00",3,"OK",40,0,1,0,0,1e+05,0,35.07,-97.601,35.148,-97.496,9.4,250,1,1,1,87,0,0,0,0
622695,2023,5,11,"2023-05-11","20:03:00",3,"OK",40,0,1,0,0,2e+05,0,35.142,-97.409,35.156,-97.373,2.25,300,1,1,1,27,0,0,0,0
622696,2023,5,11,"2023-05-11","20:20:00",3,"TX",48,0,1,0,0,0,0,32.733,-98.3358,32.7501,-98.3437,1.27,75,1,1,1,363,0,0,0,0
622697,2023,5,11,"2023-05-11","20:33:00",3,"OK",40,0,0,0,0,10000,0,35.179,-97.297,35.179,-97.297,0.2,25,1,1,1,27,0,0,0,0
622698,2023,5,11,"2023-05-11","20:47:00",3,"OK",40,0,-9,0,0,0,0,35.046,-96.955,35.049,-96.954,0.21,50,1,1,1,125,0,0,0,0
622699,2023,5,11,"2023-05-11","21:16:00",3,"OK",40,0,0,0,0,0,0,35.129,-96.822,35.152,-96.812,1.7,300,1,1,1,125,0,0,0,0
622700,2023,5,12,"2023-05-12","11:34:00",3,"NE",31,0,1,0,0,0,0,41.62,-99.87,41.6609,-99.9248,4.02,100,1,1,1,41,0,0,0,0
622701,2023,5,12,"2023-05-12","11:39:00",3,"NE",31,0,-9,0,0,0,0,41.69,-100.32,41.691,-100.321,0.09,10,1,1,1,113,0,0,0,0
622702,2023,5,12,"2023-05-12","11:42:00",3,"NE",31,0,-9,0,0,0,0,41.4879,-100.2,41.4893,-100.2,0.1,1,1,1,1,41,0,0,0,0
622703,2023,5,12,"2023-05-12","11:47:00",3,"NE",31,0,-9,0,0,0,0,41.4969,-100.237,41.4982,-100.2377,0.1,10,1,1,1,41,0,0,0,0
622704,2023,5,12,"2023-05-12","13:25:00",3,"NE",31,0,1,0,0,3e+05,0,41.6075,-98.4044,41.7402,-98.6002,13.64,200,1,1,1,77,0,0,0,0
622705,2023,5,12,"2023-05-12","14:11:00",3,"NE",31,0,1,0,0,0,0,41.8299,-98.5221,41.8666,-98.5574,3.42,50,1,1,1,183,0,0,0,0
622706,2023,5,12,"2023-05-12","14:25:00",3,"NE",31,0,-9,0,0,0,0,41.8337,-98.7521,41.8348,-98.7535,0.1,50,1,1,1,183,0,0,0,0
622707,2023,5,12,"2023-05-12","14:55:00",3,"NE",31,0,-9,0,0,0,0,41.59,-97.69,41.59,-97.69,0.05,50,1,1,1,141,0,0,0,0
622708,2023,5,12,"2023-05-12","14:55:00",3,"NE",31,0,2,0,0,0,0,42.08,-98.7,42.16,-98.79,7.33,75,1,1,1,183,89,0,0,0
622709,2023,5,12,"2023-05-12","15:00:00",3,"NE",31,0,-9,0,0,0,0,41.5168,-100.2,41.5183,-100.2,0.1,10,1,1,1,41,0,0,0,0
622710,2023,5,12,"2023-05-12","15:09:00",3,"NE",31,0,1,0,0,0,0,41.8527,-97.8754,41.868,-97.8882,1.25,150,1,1,1,11,0,0,0,0
622711,2023,5,12,"2023-05-12","15:22:00",3,"NE",31,0,-9,0,0,0,0,41.7869,-97.6959,41.789,-97.6961,0.15,50,1,1,1,119,0,0,0,0
622712,2023,5,12,"2023-05-12","15:33:00",3,"NE",31,0,1,0,0,0,0,40.12,-96.14,40.15,-96.11,3.05,80,1,1,1,133,0,0,0,0
622713,2023,5,12,"2023-05-12","15:53:00",3,"NE",31,0,1,0,0,0,0,41.7689,-97.2567,41.8947,-97.2419,8.9,200,1,1,1,167,0,0,0,0
622714,2023,5,12,"2023-05-12","16:01:00",3,"NE",31,0,1,0,0,0,0,42.073,-97.5483,42.1164,-97.5644,3.11,50,1,1,1,119,0,0,0,0
622715,2023,5,12,"2023-05-12","16:15:00",3,"NE",31,0,2,0,0,0,0,41.4458,-96.6991,41.5207,-96.6666,5.5,800,1,1,1,53,0,0,0,0
622716,2023,5,12,"2023-05-12","16:17:00",3,"NE",31,0,1,0,0,0,0,41.7561,-97.2057,41.7973,-97.1264,4.98,150,1,1,1,167,0,0,0,0
622717,2023,5,12,"2023-05-12","16:34:00",3,"NE",31,0,1,0,0,0,0,41.9892,-97.2313,42.029,-97.2407,2.79,200,1,1,1,167,0,0,0,0
622718,2023,5,12,"2023-05-12","16:39:00",3,"NE",31,0,1,0,0,0,0,41.91,-97.1,41.98,-97.07,5.08,300,1,1,1,167,0,0,0,0
622719,2023,5,12,"2023-05-12","16:42:00",3,"NE",31,0,0,0,0,0,0,41.5713,-96.6309,41.6052,-96.6143,2.49,300,1,1,1,53,0,0,0,0
622720,2023,5,12,"2023-05-12","16:46:00",3,"NE",31,0,2,0,0,0,0,41.6178,-96.5999,41.76,-96.538,10.37,1600,1,1,1,53,21,0,0,0
622721,2023,5,12,"2023-05-12","17:14:00",3,"NE",31,0,1,0,0,0,0,41.7429,-96.5234,41.7595,-96.5253,1.15,100,1,1,1,21,0,0,0,0
622722,2023,5,12,"2023-05-12","17:14:00",3,"NE",31,0,0,0,0,0,0,42.1723,-97.0562,42.1764,-97.053,0.33,20,1,1,1,179,0,0,0,0
622723,2023,5,12,"2023-05-12","17:20:00",3,"NE",31,0,2,2,0,0,0,41.7844,-96.5295,41.9461,-96.5303,11.3,1150,1,1,1,21,0,0,0,0
622724,2023,5,12,"2023-05-12","17:34:00",3,"NE",31,0,0,0,0,0,0,42.3109,-97.0568,42.3214,-97.0569,0.73,20,1,1,1,179,0,0,0,0
622725,2023,5,12,"2023-05-12","18:03:00",3,"KS",20,0,2,0,0,0,0,39.94,-95.63,39.96,-95.62,1.48,500,1,1,1,13,0,0,0,0
622726,2023,5,12,"2023-05-12","18:11:00",3,"KS",20,0,1,0,0,0,0,39.49,-95.73,39.54,-95.71,3.62,50,1,1,1,85,0,0,0,0
622727,2023,5,12,"2023-05-12","18:18:00",3,"KS",20,0,0,0,0,0,0,40.0002,-95.56,40.0285,-95.5411,2.28,50,2,0,1,0,0,0,0,0
622727,2023,5,12,"2023-05-12","18:18:00",3,"KS",20,0,0,0,0,0,0,40.0002,-95.56,40,-95.5623,0.01,15,2,1,2,13,0,0,0,0
622727,2023,5,12,"2023-05-12","18:18:00",3,"NE",31,0,0,0,0,0,0,40,-95.5623,40.0285,-95.5411,2.27,50,2,1,2,147,0,0,0,0
622728,2023,5,12,"2023-05-12","18:23:00",3,"NE",31,0,-9,0,0,0,0,41.7428,-96.3134,41.7488,-96.3121,0.42,50,1,1,1,21,0,0,0,0
622729,2023,5,12,"2023-05-12","18:38:00",3,"KS",20,0,-9,0,0,0,0,39.6,-95.67,39.6,-95.67,0.01,10,1,1,1,85,0,0,0,0
622730,2023,5,12,"2023-05-12","18:43:00",3,"NE",31,0,-9,0,0,0,0,41.7798,-96.1559,41.7866,-96.1552,0.47,20,1,1,1,21,0,0,0,0
622731,2023,5,12,"2023-05-12","18:49:00",3,"KS",20,0,-9,0,0,0,0,39.64,-95.63,39.64,-95.63,0.01,10,1,1,1,85,0,0,0,0
622732,2023,5,12,"2023-05-12","19:06:00",3,"OK",40,0,0,0,0,0,0,36.6595,-97.3355,36.6595,-97.3355,0.3,10,1,1,1,71,0,0,0,0
622733,2023,5,13,"2023-05-13","03:06:00",3,"TX",48,0,1,11,1,5e+05,0,26.0799,-97.2627,26.082,-97.2558,0.45,200,1,1,1,61,0,0,0,0
622734,2023,5,13,"2023-05-13","12:21:00",3,"IA",19,0,-9,0,0,0,0,42.5696,-95.2998,42.5696,-95.2998,0.01,10,1,1,1,21,0,0,0,0
622735,2023,5,13,"2023-05-13","12:22:00",3,"IA",19,0,0,0,0,1500,0,41.3818,-93.3371,41.388,-93.3183,1.07,40,1,1,1,181,125,0,0,0
622736,2023,5,13,"2023-05-13","12:36:00",3,"IA",19,0,-9,0,0,0,0,42.5215,-95.2519,42.5249,-95.2551,0.28,30,1,1,1,161,0,0,0,0
622737,2023,5,13,"2023-05-13","12:50:00",3,"IA",19,0,-9,0,0,0,0,42.5613,-95.2201,42.5718,-95.233,0.99,75,1,1,1,21,0,0,0,0
622738,2023,5,13,"2023-05-13","13:16:00",3,"NM",35,0,-9,0,0,0,0,35.55,-108.67,35.5541,-108.6625,0.51,20,1,1,1,31,0,0,0,0
622739,2023,5,13,"2023-05-13","13:37:00",3,"IL",17,0,-9,0,0,0,0,39.78,-89.06,39.7803,-89.0516,0.45,10,1,1,1,115,0,0,0,0
622740,2023,5,13,"2023-05-13","14:18:00",3,"OK",40,0,0,0,0,0,0,35.057,-97.979,35.057,-97.979,0.1,20,1,1,1,51,0,0,0,0
622741,2023,5,13,"2023-05-13","14:23:00",3,"IA",19,0,-9,0,0,0,0,41.3311,-93.0402,41.3311,-93.0302,0.52,30,1,1,1,125,0,0,0,0
622742,2023,5,13,"2023-05-13","14:29:00",3,"IA",19,0,0,0,0,10000,0,41.348,-92.9993,41.3442,-92.9902,0.54,50,1,1,1,125,0,0,0,0
622743,2023,5,13,"2023-05-13","14:52:00",3,"IA",19,0,0,0,0,1000,0,41.3267,-92.9586,41.325,-92.9461,0.66,40,1,1,1,125,0,0,0,0
622744,2023,5,13,"2023-05-13","15:15:00",3,"IA",19,0,-9,0,0,0,0,42.5964,-94.9017,42.613,-94.9059,1.17,30,1,1,1,151,0,0,0,0
622745,2023,5,13,"2023-05-13","15:17:00",3,"IA",19,0,0,0,0,0,0,42.6258,-94.9448,42.6527,-94.9564,1.96,75,1,1,1,21,0,0,0,0
622746,2023,5,13,"2023-05-13","15:51:00",3,"IA",19,0,-9,0,0,0,0,42.5506,-94.8887,42.5591,-94.8845,0.62,30,1,1,1,25,0,0,0,0
622747,2023,5,13,"2023-05-13","16:18:00",3,"IA",19,0,-9,0,0,0,0,42.0118,-94.527,42.0178,-94.5252,0.42,40,1,1,1,73,0,0,0,0
622748,2023,5,13,"2023-05-13","17:20:00",3,"IA",19,0,-9,0,0,0,0,41.3048,-93.2755,41.3087,-93.2726,0.31,30,1,1,1,125,0,0,0,0
622749,2023,5,13,"2023-05-13","17:22:00",3,"IA",19,0,0,0,0,20000,0,42.5523,-94.6392,42.5714,-94.6432,1.35,50,1,1,1,25,151,0,0,0
622750,2023,5,13,"2023-05-13","17:26:00",3,"IA",19,0,-9,0,0,0,0,42.7573,-94.7636,42.7637,-94.7608,0.47,40,1,1,1,151,0,0,0,0
622751,2023,5,13,"2023-05-13","17:52:00",3,"IA",19,0,-9,0,0,0,0,42.6804,-94.7014,42.6873,-94.7026,0.48,30,1,1,1,151,0,0,0,0
622752,2023,5,13,"2023-05-13","17:52:00",3,"IA",19,0,0,0,0,2000,0,41.3339,-93.2069,41.336,-93.1894,0.92,50,1,1,1,125,0,0,0,0
622753,2023,5,13,"2023-05-13","18:22:00",3,"IA",19,0,-9,0,0,0,0,42.8477,-94.6731,42.8568,-94.6749,0.63,30,1,1,1,151,0,0,0,0
622754,2023,5,15,"2023-05-15","14:41:00",3,"MO",29,0,0,0,0,1e+05,0,37.39,-93.14,37.41,-93.15,1.49,75,1,1,1,77,0,0,0,0
622755,2023,5,15,"2023-05-15","15:50:00",3,"TX",48,0,0,0,0,1e+05,0,28.6761,-99.1888,28.6804,-99.1783,0.71,50,1,1,1,163,0,0,0,0
622756,2023,5,16,"2023-05-16","14:46:00",3,"KY",21,0,1,0,0,1000,19800,37.6659,-83.122,37.6699,-83.1164,0.67,150,1,1,1,153,0,0,0,0
622757,2023,5,16,"2023-05-16","15:17:00",3,"VA",51,0,1,0,0,0,0,36.74,-83.09,36.7409,-83.0877,0.15,50,1,1,1,105,0,0,0,0
622758,2023,5,16,"2023-05-16","15:27:00",3,"VA",51,0,1,0,0,0,0,36.72,-82.93,36.7192,-82.9202,0.55,30,1,1,1,105,0,0,0,0
622759,2023,5,16,"2023-05-16","15:33:00",3,"VA",51,0,1,0,0,0,0,36.7045,-82.7961,36.709,-82.7876,0.56,30,1,1,1,169,0,0,0,0
622760,2023,5,18,"2023-05-18","11:28:00",3,"WY",56,0,-9,0,0,0,0,41.3501,-105.5528,41.3698,-105.5012,3,100,1,1,1,1,0,0,0,0
622761,2023,5,18,"2023-05-18","21:02:00",3,"TX",48,0,0,0,0,20000,0,35.2786,-101.5409,35.2793,-101.5395,0.09,25,1,1,1,65,0,0,0,0
622762,2023,5,19,"2023-05-19","11:35:00",3,"OK",40,0,0,0,0,0,0,35.58,-98.328,35.58,-98.328,0.1,10,1,1,1,11,0,0,0,0
622763,2023,5,23,"2023-05-23","16:57:00",3,"NM",35,0,-9,0,0,0,0,34.347,-103.059,34.34,-103.057,0.5,20,1,1,1,9,0,0,0,0
622764,2023,5,23,"2023-05-23","20:13:00",3,"TX",48,0,2,2,0,0,0,32.723,-99.789,32.737,-99.752,4.61,700,1,1,1,253,0,0,0,0
622765,2023,5,24,"2023-05-24","16:00:00",3,"NV",32,0,1,0,0,20000,0,40.89,-115.33,40.9,-115.31,1.2,500,1,1,1,7,0,0,0,0
622766,2023,5,24,"2023-05-24","17:35:00",3,"WY",56,0,-9,0,0,0,0,41.1564,-104.8157,41.1564,-104.8157,0.1,50,1,1,1,21,0,0,0,0
622767,2023,5,24,"2023-05-24","18:26:00",3,"CO",8,0,0,0,0,0,0,38.56,-103.7,38.56,-103.7,0.01,25,1,1,1,73,0,0,0,0
622768,2023,5,24,"2023-05-24","18:49:00",3,"NM",35,0,-9,0,0,0,0,34.86,-103.39,34.8281,-103.3667,2.57,50,1,1,1,9,0,0,0,0
622769,2023,5,24,"2023-05-24","19:00:00",3,"NM",35,0,-9,0,0,0,0,34.84,-103.27,34.8211,-103.2506,1.71,40,1,1,1,9,0,0,0,0
622770,2023,5,25,"2023-05-25","11:20:00",3,"FL",12,0,0,1,0,50000,0,25.5877,-80.4336,25.581,-80.4294,0.6,75,1,1,1,86,0,0,0,0
622771,2023,5,26,"2023-05-26","14:35:00",3,"ID",16,0,0,0,0,0,0,42.1,-113.4935,42.1,-113.4896,0.2,10,1,1,1,31,0,0,0,0
622772,2023,5,26,"2023-05-26","15:15:00",3,"WA",53,0,0,0,0,0,0,47.1632,-119.4396,47.1635,-119.4317,0.37,25,1,1,1,25,0,0,0,0
622773,2023,5,26,"2023-05-26","16:29:00",3,"CO",8,0,-9,0,0,0,0,38.93,-104.23,38.9323,-104.2128,0.94,1,1,1,1,41,0,0,0,0
622774,2023,5,26,"2023-05-26","16:53:00",3,"CO",8,0,-9,0,0,0,0,40.33,-103.6,40.33,-103.6,0.01,25,1,1,1,87,0,0,0,0
622775,2023,5,26,"2023-05-26","17:28:00",3,"NM",35,0,-9,0,0,0,0,34.64,-105.46,34.636,-105.4305,1.7,20,1,1,1,57,0,0,0,0
622776,2023,5,26,"2023-05-26","18:44:00",3,"CO",8,0,-9,0,0,0,0,39.84,-103.22,39.84,-103.22,0.01,25,1,1,1,121,0,0,0,0
622777,2023,5,26,"2023-05-26","18:45:00",3,"ID",16,0,0,0,0,0,0,43.71,-116.47,43.7182,-116.4854,0.95,3,1,1,1,1,0,0,0,0
622778,2023,5,27,"2023-05-27","14:17:00",3,"WY",56,0,-9,0,0,0,0,42.36,-105.5,42.46,-105.45,7.37,100,1,1,1,1,0,0,0,0
622779,2023,5,27,"2023-05-27","16:02:00",3,"WY",56,0,-9,0,0,0,0,41.0673,-104.9164,41.0673,-104.9164,0.5,50,1,1,1,21,0,0,0,0
622780,2023,5,27,"2023-05-27","18:01:00",3,"ID",16,0,0,0,0,0,0,42.94,-116.11,42.993,-116.1787,5.04,3,1,1,1,73,0,0,0,0
622781,2023,5,27,"2023-05-27","18:06:00",3,"NE",31,0,-9,0,0,0,0,41.26,-103.93,41.26,-103.93,0.5,50,1,1,1,105,0,0,0,0
622782,2023,5,27,"2023-05-27","18:10:00",3,"NM",35,0,-9,0,0,0,0,33.43,-103.23,33.43,-103.22,1,50,1,1,1,25,0,0,0,0
622783,2023,5,27,"2023-05-27","18:29:00",3,"CO",8,0,-9,0,0,0,0,38.31,-102.81,38.3118,-102.7928,0.94,1,1,1,1,61,0,0,0,0
622784,2023,5,27,"2023-05-27","18:38:00",3,"NM",35,0,-9,0,0,0,0,33.4,-103.14,33.4,-103.08,3.5,50,1,1,1,25,0,0,0,0
622785,2023,5,27,"2023-05-27","19:26:00",3,"TX",48,0,-9,0,0,0,0,33.2174,-102.8557,33.2136,-102.8442,0.71,30,1,1,1,501,0,0,0,0
622786,2023,5,28,"2023-05-28","16:09:00",3,"TX",48,0,-9,0,0,0,0,34.5852,-101.5781,34.5828,-101.5723,0.37,30,1,1,1,437,0,0,0,0
622787,2023,5,28,"2023-05-28","18:48:00",3,"TX",48,0,-9,0,0,0,0,36.2,-101.91,36.21,-101.9,0.89,20,1,1,1,421,0,0,0,0
622788,2023,5,30,"2023-05-30","16:00:00",3,"CO",8,0,0,0,0,0,0,38.1402,-102.79,38.1705,-102.7144,4.61,20,1,1,1,99,0,0,0,0
622789,2023,5,31,"2023-05-31","14:50:00",3,"IL",17,0,-9,0,0,0,0,42.32,-88.5399,42.3287,-88.5397,0.6,25,1,1,1,111,0,0,0,0
622790,2023,5,31,"2023-05-31","15:42:00",3,"NM",35,0,-9,0,0,0,0,34.08,-105.1,34.0933,-105.0519,2.9,25,1,1,1,27,0,0,0,0
622791,2023,5,31,"2023-05-31","16:52:00",3,"NM",35,0,-9,0,0,0,0,34.64,-105.21,34.6414,-105.2031,0.4,20,1,1,1,19,0,0,0,0
622624,2023,5,4,"2023-05-04","09:45:00",3,"CA",6,0,0,0,0,0,0,33.8755,-118.2652,33.8762,-118.2645,0.06,15,1,1,1,37,0,0,0,0
622625,2023,5,4,"2023-05-04","09:56:00",3,"CA",6,0,0,0,0,0,0,33.8811,-118.2153,33.8794,-118.2028,0.73,15,1,1,1,37,0,0,0,0
622626,2023,5,4,"2023-05-04","18:06:00",3,"TX",48,0,0,0,0,0,0,33.638,-98.019,33.638,-98.019,0.1,20,1,1,1,77,0,0,0,0
622627,2023,5,4,"2023-05-04","20:09:00",3,"KS",20,0,0,0,0,0,0,38.53,-100.3,38.53,-100.3,0.01,1,1,1,1,101,0,0,0,0
622628,2023,5,5,"2023-05-05","21:54:00",3,"NE",31,0,1,0,0,2e+06,0,40.7321,-99.9006,40.6944,-99.8264,4.68,80,1,1,1,47,0,0,0,0
622629,2023,5,6,"2023-05-06","04:57:00",3,"LA",22,0,1,1,0,50000,0,30.1102,-92.4768,30.0826,-92.3946,5.27,75,1,1,1,1,0,0,0,0
622630,2023,5,6,"2023-05-06","16:01:00",3,"SD",46,0,0,0,0,0,0,44.96,-96.76,44.96,-96.76,0.01,10,1,1,1,39,0,0,0,0
622631,2023,5,6,"2023-05-06","16:25:00",3,"SD",46,0,0,0,0,0,0,45.06,-96.67,45.07,-96.66,0.85,10,1,1,1,51,0,0,0,0
622632,2023,5,6,"2023-05-06","16:42:00",3,"MN",27,0,0,0,0,15000,0,44.8185,-95.4746,44.8315,-95.447,1.62,25,1,1,1,129,0,0,0,0
622633,2023,5,6,"2023-05-06","17:18:00",3,"MN",27,0,-9,0,0,0,0,44.8547,-95.2757,44.8693,-95.275,1.01,25,1,1,1,129,0,0,0,0
622634,2023,5,6,"2023-05-06","17:20:00",3,"MN",27,0,-9,0,0,0,0,45.1,-96.19,45.11,-96.18,2.29,25,1,1,1,73,0,0,0,0
622635,2023,5,6,"2023-05-06","17:31:00",3,"MN",27,0,-9,0,0,0,0,44.8799,-95.1569,44.9028,-95.1551,1.58,25,1,1,1,129,67,0,0,0
622636,2023,5,6,"2023-05-06","18:39:00",3,"MO",29,0,0,0,0,0,0,40.07,-93.62,40.07,-93.61,0.53,25,1,1,1,79,0,0,0,0
622637,2023,5,6,"2023-05-06","19:22:00",3,"MO",29,0,2,0,0,0,0,39.93,-93.31,39.87,-93.09,12.38,250,1,1,1,115,0,0,0,0
622638,2023,5,6,"2023-05-06","19:56:00",3,"MO",29,0,1,0,0,0,0,39.85,-93.04,39.79,-92.9,8.51,100,1,1,1,115,0,0,0,0
622639,2023,5,6,"2023-05-06","20:08:00",3,"SD",46,0,0,0,0,0,0,44.202,-103.012,44.202,-103.012,0.02,20,1,1,1,93,0,0,0,0
622640,2023,5,7,"2023-05-07","06:42:00",3,"IN",18,0,1,0,0,0,0,38.3234,-85.9919,38.3225,-85.9902,0.11,100,1,1,1,43,0,0,0,0
622641,2023,5,7,"2023-05-07","06:46:00",3,"IN",18,0,0,0,0,0,0,38.2919,-85.9541,38.2886,-85.9485,0.38,150,1,1,1,43,0,0,0,0
622642,2023,5,7,"2023-05-07","06:48:00",3,"IN",18,0,1,2,0,0,0,38.3433,-85.8179,38.3408,-85.8123,0.35,125,1,1,1,43,0,0,0,0
622643,2023,5,7,"2023-05-07","06:52:00",3,"IN",18,0,1,0,0,0,0,38.2462,-85.9028,38.2426,-85.8969,0.41,100,1,1,1,43,0,0,0,0
622644,2023,5,7,"2023-05-07","06:57:00",3,"IN",18,0,1,0,0,0,0,38.2169,-85.8699,38.1737,-85.8093,4.45,200,2,0,1,0,0,0,0,0
622644,2023,5,7,"2023-05-07","06:57:00",3,"IN",18,0,1,0,0,0,0,38.2169,-85.8699,38.2131,-85.8663,0.33,200,2,1,2,43,0,0,0,0
622644,2023,5,7,"2023-05-07","06:58:00",3,"KY",21,0,0,0,0,0,0,38.2131,-85.8663,38.1737,-85.8093,4.12,200,2,1,2,111,0,0,0,0
622645,2023,5,7,"2023-05-07","07:25:00",3,"KY",21,0,0,0,0,0,0,38.205,-85.2667,38.1997,-85.2578,0.61,30,1,1,1,211,0,0,0,0
622646,2023,5,7,"2023-05-07","16:48:00",3,"IA",19,0,1,0,0,0,0,41.59,-91.27,41.57,-91.18,4.95,100,1,1,1,139,0,0,0,0
622647,2023,5,7,"2023-05-07","17:30:00",3,"IL",17,0,-9,0,0,0,0,41.2284,-87.6351,41.2311,-87.6331,0.21,50,1,1,1,91,0,0,0,0
622648,2023,5,7,"2023-05-07","17:30:00",3,"NC",37,0,0,0,0,1e+05,0,35.341,-82.415,35.338,-82.405,0.6,15,1,1,1,89,0,0,0,0
622649,2023,5,7,"2023-05-07","17:40:00",3,"IL",17,0,-9,0,0,0,0,41.57,-89.792,41.5707,-89.7889,0.1,20,1,1,1,11,0,0,0,0
622650,2023,5,7,"2023-05-07","17:42:00",3,"IL",17,0,-9,0,0,0,0,41.2186,-87.6727,41.207,-87.6621,0.97,50,1,1,1,91,0,0,0,0
622651,2023,5,7,"2023-05-07","18:09:00",3,"IL",17,0,-9,0,0,0,0,41.4719,-88.7531,41.472,-88.7513,0.09,25,1,1,1,99,0,0,0,0
622652,2023,5,7,"2023-05-07","19:08:00",3,"IA",19,0,-9,0,0,0,0,40.68,-95.77,40.68,-95.77,0.05,50,1,1,1,71,0,0,0,0
622653,2023,5,8,"2023-05-08","14:00:00",3,"TX",48,0,0,0,0,25000,0,30.2439,-94.3691,30.208,-94.2761,6.08,75,1,1,1,199,0,0,0,0
622654,2023,5,8,"2023-05-08","15:54:00",3,"IN",18,0,-9,0,0,0,0,40.5609,-86.6217,40.551,-86.5647,3.08,25,1,1,1,15,0,0,0,0
622655,2023,5,9,"2023-05-09","11:56:00",3,"KS",20,0,-9,0,0,0,0,39.3259,-97.5212,39.3278,-97.4913,1.6,30,1,1,1,29,0,0,0,0
622656,2023,5,9,"2023-05-09","12:24:00",3,"KS",20,0,-9,0,0,0,0,39.2725,-97.2673,39.2775,-97.232,1.92,30,1,1,1,27,0,0,0,0
622657,2023,5,9,"2023-05-09","12:42:00",3,"MN",27,0,0,0,0,0,0,43.8942,-95.1545,43.9156,-95.1508,1.49,25,1,1,1,33,0,0,0,0
622658,2023,5,9,"2023-05-09","17:30:00",3,"MT",30,0,0,0,0,2000,0,47.361,-114.055,47.3542,-114.0542,0.47,15,1,1,1,47,0,0,0,0
622814,2023,6,10,"2023-06-10","13:47:00",3,"MN",27,0,-9,0,0,0,0,44.0527,-94.9576,44.0534,-94.9551,0.13,10,1,1,1,33,0,0,0,0
622815,2023,6,10,"2023-06-10","14:09:00",3,"MT",30,0,-9,0,0,0,0,48.4065,-110.1916,48.4159,-110.2355,2.11,60,1,1,1,41,0,0,0,0
622816,2023,6,10,"2023-06-10","16:43:00",3,"MN",27,0,-9,0,0,0,0,43.9909,-95.998,43.9906,-95.9962,0.09,10,1,1,1,101,0,0,0,0
622817,2023,6,11,"2023-06-11","15:30:00",3,"TN",47,0,1,0,0,5e+05,0,36.32,-84.96,36.35,-84.76,11.32,300,1,1,1,49,0,0,0,0
622818,2023,6,11,"2023-06-11","15:59:00",3,"TN",47,0,1,0,0,250000,0,35.98,-85.08,36,-85.05,2.17,50,1,1,1,35,0,0,0,0
622819,2023,6,11,"2023-06-11","16:04:00",3,"TN",47,0,1,0,0,0,0,36.3919,-84.6026,36.4181,-84.5509,3.4,200,1,1,1,151,0,0,0,0
622820,2023,6,11,"2023-06-11","16:58:00",3,"TN",47,0,1,0,0,150000,0,36.25,-84.96,36.26,-84.92,2.33,30,1,1,1,49,0,0,0,0
622821,2023,6,11,"2023-06-11","17:23:00",3,"OH",39,0,0,0,0,30000,0,39.9326,-84.176,39.9362,-84.1657,0.6,150,1,1,1,109,0,0,0,0
622822,2023,6,11,"2023-06-11","17:35:00",3,"OH",39,0,0,0,0,20000,0,40.0534,-84.0233,40.0653,-84.026,0.83,125,1,1,1,21,0,0,0,0
622823,2023,6,11,"2023-06-11","20:34:00",3,"MS",28,0,1,0,0,50000,0,33.8572,-89.0784,33.8459,-89.0721,0.86,100,1,1,1,17,0,0,0,0
622824,2023,6,11,"2023-06-11","23:35:00",3,"TX",48,0,-9,0,0,0,0,32.87,-99.86,32.8707,-99.8526,0.43,50,1,1,1,253,0,0,0,0
622825,2023,6,12,"2023-06-12","11:30:00",3,"PA",42,0,0,0,0,0,0,40.0839,-76.7746,40.0877,-76.7705,0.34,130,1,1,1,133,0,0,0,0
622826,2023,6,13,"2023-06-13","15:06:00",3,"OK",40,0,-9,0,0,0,0,36.5721,-102.6201,36.5619,-102.6098,0.91,35,1,1,1,25,0,0,0,0
622827,2023,6,13,"2023-06-13","15:19:00",3,"OK",40,0,-9,0,0,0,0,36.5312,-102.5502,36.5079,-102.533,1.87,30,1,1,1,25,0,0,0,0
622828,2023,6,13,"2023-06-13","15:50:00",3,"TX",48,0,-9,0,0,0,0,36.4595,-102.4438,36.4423,-102.4324,1.35,35,1,1,1,111,0,0,0,0
622829,2023,6,13,"2023-06-13","18:44:00",3,"WY",56,0,-9,0,0,0,0,41.68,-105.82,41.6559,-105.8524,2.36,100,1,1,1,1,0,0,0,0
622830,2023,6,14,"2023-06-14","09:37:00",3,"GA",13,0,1,0,0,0,0,31.7663,-85.0031,31.8014,-84.9572,3.63,50,1,1,1,239,0,0,0,0
622831,2023,6,14,"2023-06-14","09:40:00",3,"AL",1,0,1,0,0,250000,0,31.5692,-85.2818,31.5757,-85.2463,2.14,160,1,1,1,67,0,0,0,0
622832,2023,6,14,"2023-06-14","11:09:00",3,"AL",1,0,1,0,0,0,0,31.856,-85.188,31.879,-85.129,3.89,350,1,1,1,5,0,0,0,0
622833,2023,6,14,"2023-06-14","11:43:00",3,"TX",48,0,2,0,0,2e+06,0,33.244,-94.2162,33.1972,-94.0723,8.92,500,1,1,1,67,0,0,0,0
622834,2023,6,14,"2023-06-14","12:04:00",3,"GA",13,0,2,0,0,250000,0,31.357,-84.9454,31.4237,-84.6349,18.88,700,1,1,1,99,0,0,0,0
622835,2023,6,14,"2023-06-14","12:54:00",3,"GA",13,0,1,0,0,1000,0,31.397,-84.422,31.4019,-84.3613,3.6,150,1,1,1,7,0,0,0,0
622836,2023,6,14,"2023-06-14","13:45:00",3,"GA",13,0,0,0,0,0,0,31.74,-83.68,31.7407,-83.6788,0.09,50,1,1,1,287,0,0,0,0
622837,2023,6,14,"2023-06-14","15:40:00",3,"GA",13,0,1,0,0,50000,0,31.7995,-84.709,31.7937,-84.6869,1.36,300,1,1,1,243,0,0,0,0
622838,2023,6,14,"2023-06-14","15:40:00",3,"GA",13,0,1,0,0,50000,0,31.7892,-84.7104,31.7774,-84.6567,3.26,425,1,1,1,243,0,0,0,0
622839,2023,6,14,"2023-06-14","16:35:00",3,"GA",13,0,0,0,0,0,0,31.24,-83.14,31.2409,-83.1386,0.1,50,1,1,1,19,0,0,0,0
622840,2023,6,14,"2023-06-14","17:08:00",3,"GA",13,0,0,0,0,0,0,32.4125,-81.6346,32.4141,-81.6319,0.19,250,1,1,1,31,0,0,0,0
622841,2023,6,14,"2023-06-14","17:27:00",3,"GA",13,0,1,0,0,0,0,32.3572,-81.438,32.3259,-81.3233,7.04,280,1,1,1,103,0,0,0,0
622842,2023,6,15,"2023-06-15","15:58:00",3,"OK",40,0,0,0,0,10000,0,34.485,-98.54,34.45,-98.488,3.8,50,1,1,1,31,0,0,0,0
622843,2023,6,15,"2023-06-15","16:02:00",3,"TX",48,0,2,0,0,114000,0,36.1526,-100.9489,36.237,-100.6572,17.35,200,1,1,1,357,0,0,0,0
622844,2023,6,15,"2023-06-15","16:06:00",3,"OH",39,0,2,0,0,176000,0,41.7296,-83.5426,41.7046,-83.4767,3.81,300,1,1,1,95,0,0,0,0
622845,2023,6,15,"2023-06-15","16:06:00",3,"TX",48,0,3,100,3,1e+06,0,36.4135,-100.8302,36.3731,-100.7284,6.31,880,1,1,1,357,0,0,0,0
622846,2023,6,15,"2023-06-15","16:09:00",3,"MI",26,0,1,0,0,0,0,41.9351,-83.3316,41.9711,-83.2525,4.77,400,1,1,1,115,0,0,0,0
622847,2023,6,15,"2023-06-15","16:10:00",3,"OK",40,0,0,0,0,10000,0,34.42,-98.402,34.414,-98.383,1.2,50,1,1,1,33,0,0,0,0
622848,2023,6,15,"2023-06-15","16:11:00",3,"OK",40,0,-9,0,0,0,0,34.536,-98.127,34.54,-98.121,0.5,50,1,1,1,137,0,0,0,0
622849,2023,6,15,"2023-06-15","16:12:00",3,"TX",48,0,0,0,0,0,0,36.1412,-100.9046,36.2128,-100.7034,12.26,50,1,1,1,357,0,0,0,0
622850,2023,6,15,"2023-06-15","16:28:00",3,"OH",39,0,0,0,0,5000,0,41.6864,-83.359,41.685,-83.3547,0.24,50,1,1,1,95,0,0,0,0
622851,2023,6,15,"2023-06-15","16:34:00",3,"OK",40,0,0,0,0,0,0,34.416,-97.958,34.421,-97.946,0.8,200,1,1,1,137,0,0,0,0
622852,2023,6,15,"2023-06-15","16:37:00",3,"OK",40,0,1,0,0,30000,0,34.364,-97.99,34.364,-97.982,0.5,20,1,1,1,137,0,0,0,0
622853,2023,6,15,"2023-06-15","16:49:00",3,"OH",39,0,2,0,0,255000,0,41.4688,-83.1457,41.4863,-83.0834,3.44,200,1,1,1,123,0,0,0,0
622854,2023,6,15,"2023-06-15","16:57:00",3,"OH",39,0,1,0,0,15000,0,41.4494,-83.1558,41.4498,-83.153,0.15,100,1,1,1,143,0,0,0,0
622855,2023,6,15,"2023-06-15","16:58:00",3,"OK",40,0,-9,0,0,0,0,34.1107,-97.9429,34.1107,-97.9429,0.8,50,1,1,1,67,0,0,0,0
622856,2023,6,15,"2023-06-15","17:03:00",3,"OK",40,0,1,0,0,10000,0,34.353,-97.774,34.34,-97.754,1.5,50,1,1,1,137,0,0,0,0
622857,2023,6,15,"2023-06-15","17:16:00",3,"OK",40,0,2,0,0,250000,0,34.299,-97.653,34.269,-97.597,4.1,1000,1,1,1,137,67,0,0,0
622858,2023,6,15,"2023-06-15","17:19:00",3,"OH",39,0,0,0,0,18000,0,41.3867,-82.922,41.3859,-82.9158,0.33,50,1,1,1,143,0,0,0,0
622859,2023,6,15,"2023-06-15","17:29:00",3,"TX",48,0,1,0,0,11000,0,36.076,-100.018,36.049,-99.942,4.76,200,2,0,1,0,0,0,0,0
622859,2023,6,15,"2023-06-15","17:29:00",3,"TX",48,0,0,0,0,1000,0,36.076,-100.018,36.065,-100,1.26,50,2,1,2,295,0,0,0,0
622859,2023,6,15,"2023-06-15","17:31:00",3,"OK",40,0,1,0,0,10000,0,36.064,-100,36.049,-99.942,3.5,200,2,1,2,45,0,0,0,0
622860,2023,6,15,"2023-06-15","17:40:00",3,"OH",39,0,0,0,0,10000,0,41.2845,-82.8514,41.2719,-82.8452,0.93,50,1,1,1,143,0,0,0,0
622861,2023,6,15,"2023-06-15","17:43:00",3,"FL",12,0,0,0,0,5000,0,29.6226,-84.9496,29.6206,-84.9427,0.44,50,1,1,1,37,0,0,0,0
622862,2023,6,15,"2023-06-15","17:47:00",3,"OK",40,0,-9,0,0,0,0,35.796,-99.978,35.803,-99.963,1,50,1,1,1,129,0,0,0,0
622863,2023,6,15,"2023-06-15","17:48:00",3,"OH",39,0,2,0,0,270000,0,41.2172,-82.7036,41.1031,-82.6329,8.7,2200,1,1,1,77,0,0,0,0
622864,2023,6,15,"2023-06-15","17:51:00",3,"OH",39,0,0,0,0,5000,0,41.1924,-82.7052,41.1774,-82.6807,1.64,100,1,1,1,77,0,0,0,0
622865,2023,6,15,"2023-06-15","18:01:00",3,"OH",39,0,0,0,0,5000,0,41.1163,-82.6608,41.1105,-82.6508,0.66,100,1,1,1,77,0,0,0,0
622866,2023,6,15,"2023-06-15","18:04:00",3,"OH",39,0,1,0,0,165000,0,41.1406,-82.6025,41.0277,-82.5317,8.63,1100,1,1,1,77,0,0,0,0
622867,2023,6,15,"2023-06-15","18:13:00",3,"OH",39,0,1,0,0,60000,0,41.0656,-82.563,41.0631,-82.4857,4.03,250,1,1,1,77,0,0,0,0
622868,2023,6,15,"2023-06-15","18:26:00",3,"OK",40,0,0,0,0,0,0,33.95,-97.115,33.945,-97.108,0.5,10,1,1,1,85,0,0,0,0
622869,2023,6,15,"2023-06-15","18:46:00",3,"OH",39,0,0,0,0,70000,0,40.9343,-82.2738,40.9211,-82.2578,1.24,300,1,1,1,5,0,0,0,0
622870,2023,6,15,"2023-06-15","19:02:00",3,"TX",48,0,1,0,0,8000,0,33.756,-98.167,33.743,-98.127,2.5,100,1,1,1,77,0,0,0,0
622871,2023,6,15,"2023-06-15","19:35:00",3,"FL",12,0,2,0,0,0,0,30.4132,-87.2725,30.3241,-87.1722,8.58,450,1,1,1,33,0,0,0,0
622872,2023,6,15,"2023-06-15","23:21:00",3,"AL",1,0,0,0,0,0,0,30.6182,-87.7945,30.6169,-87.7899,0.29,75,1,1,1,3,0,0,0,0
622873,2023,6,15,"2023-06-15","23:43:00",3,"FL",12,0,0,0,0,0,0,30.175,-83.897,30.182,-83.883,0.97,50,1,1,1,123,0,0,0,0
622874,2023,6,16,"2023-06-16","00:15:00",3,"TX",48,0,1,0,0,1e+05,0,32.2559,-94.0744,32.2165,-93.9506,7.73,844,2,0,1,0,0,0,0,0
622874,2023,6,16,"2023-06-16","00:15:00",3,"TX",48,0,1,0,0,50000,0,32.2559,-94.0744,32.2458,-94.0428,1.97,844,2,1,2,365,0,0,0,0
622874,2023,6,16,"2023-06-16","00:20:00",3,"LA",22,0,1,0,0,50000,0,32.2458,-94.0428,32.2165,-93.9506,5.76,844,2,1,2,17,0,0,0,0
622875,2023,6,16,"2023-06-16","00:20:00",3,"FL",12,0,0,0,0,0,0,30.08,-83.88,30.15,-83.79,7.23,100,1,1,1,123,0,0,0,0
622876,2023,6,16,"2023-06-16","01:09:00",3,"FL",12,0,0,0,0,0,0,30.126,-84.044,30.146,-83.94,6.37,100,1,1,1,65,0,0,0,0
622877,2023,6,16,"2023-06-16","01:30:00",3,"FL",12,0,0,0,0,0,0,30.16,-83.88,30.17,-83.824,3.42,75,1,1,1,123,0,0,0,0
622878,2023,6,16,"2023-06-16","01:45:00",3,"FL",12,0,1,0,0,50000,0,30.0829,-83.594,30.077,-83.574,1.26,80,1,1,1,123,0,0,0,0
622879,2023,6,16,"2023-06-16","03:40:00",3,"MS",28,0,1,0,0,85000,0,32.2456,-90.9258,32.2199,-90.7831,8.54,900,1,1,1,149,0,0,0,0
622880,2023,6,16,"2023-06-16","03:54:00",3,"MS",28,0,1,0,0,25000,0,32.0928,-90.6178,32.06,-90.5147,6.54,800,1,1,1,49,0,0,0,0
622881,2023,6,16,"2023-06-16","07:00:00",3,"AL",1,0,1,0,0,0,0,31.0131,-87.9669,30.958,-87.8678,7,30,1,1,1,97,0,0,0,0
622882,2023,6,16,"2023-06-16","09:10:00",3,"PA",42,0,1,0,0,0,0,40.0273,-75.9052,40.0297,-75.872,1.8,250,1,1,1,29,0,0,0,0
622883,2023,6,16,"2023-06-16","10:55:00",3,"NJ",34,0,0,0,0,0,0,39.9291,-74.6873,39.9337,-74.6238,3.4,200,1,1,1,5,0,0,0,0
622884,2023,6,16,"2023-06-16","14:10:00",3,"FL",12,0,-9,2,0,0,0,27.9801,-82.8295,27.9802,-82.8291,0.05,25,1,1,1,103,0,0,0,0
622885,2023,6,16,"2023-06-16","14:36:00",3,"VA",51,0,0,0,0,25000,0,36.988,-76.648,36.913,-76.527,8.46,100,1,1,1,93,0,0,0,0
622886,2023,6,16,"2023-06-16","16:29:00",3,"CO",8,0,0,0,0,0,0,39.2,-103.27,39.2,-103.27,0.01,20,1,1,1,73,0,0,0,0
622887,2023,6,16,"2023-06-16","23:21:00",3,"AL",1,0,0,0,0,0,0,30.4897,-88.2385,30.5459,-88.2465,3.91,80,1,1,1,97,0,0,0,0
622888,2023,6,17,"2023-06-17","13:50:00",3,"CO",8,0,0,0,0,0,0,37.72,-104.45,37.7407,-104.4233,2.04,10,1,1,1,71,0,0,0,0
622889,2023,6,17,"2023-06-17","15:30:00",3,"AL",1,0,0,0,0,0,0,30.6037,-87.555,30.5979,-87.5121,3.56,20,1,1,1,3,0,0,0,0
622890,2023,6,17,"2023-06-17","17:08:00",3,"OK",40,0,-9,0,0,0,0,36.7911,-100.7865,36.8042,-100.7498,2.22,50,1,1,1,7,0,0,0,0
622891,2023,6,17,"2023-06-17","17:18:00",3,"TX",48,0,-9,0,0,0,0,32.9857,-100.3701,32.961,-100.267,4.29,50,1,1,1,433,0,0,0,0
622892,2023,6,17,"2023-06-17","17:45:00",3,"TX",48,0,-9,0,0,0,0,32.92,-100.21,32.9213,-100.1922,1.04,50,1,1,1,151,0,0,0,0
622893,2023,6,17,"2023-06-17","18:42:00",3,"OK",40,0,1,0,0,42000,0,36.7631,-100.0189,36.72,-99.888,8.48,300,1,1,1,7,59,0,0,0
622894,2023,6,17,"2023-06-17","20:24:00",3,"OK",40,0,-9,0,0,0,0,36.914,-98.422,36.922,-98.398,1.5,30,1,1,1,3,0,0,0,0
622895,2023,6,17,"2023-06-17","23:40:00",3,"OK",40,0,1,0,0,75000,0,36.392,-95.763,36.412,-95.57,10.9,1000,1,1,1,131,0,0,0,0
622896,2023,6,17,"2023-06-17","23:56:00",3,"OK",40,0,1,0,0,10000,0,36.518,-95.565,36.52,-95.471,5.2,800,1,1,1,131,0,0,0,0
622897,2023,6,18,"2023-06-18","00:09:00",3,"OK",40,0,1,0,0,0,0,36.391,-95.17,36.417,-95.103,4.1,300,1,1,1,97,0,0,0,0
622898,2023,6,18,"2023-06-18","00:12:00",3,"AR",5,0,2,0,0,0,0,35.3259,-93.552,35.3638,-93.4689,5.4,700,1,1,1,83,0,0,0,0
622899,2023,6,18,"2023-06-18","01:12:00",3,"AR",5,0,0,0,0,0,0,35.0855,-92.5485,35.0863,-92.5456,0.2,60,1,1,1,105,0,0,0,0
622900,2023,6,18,"2023-06-18","09:10:00",3,"FL",12,0,0,0,0,5000,0,26.6086,-82.1149,26.6085,-82.1148,0.01,10,1,1,1,71,0,0,0,0
622901,2023,6,18,"2023-06-18","09:54:00",3,"MS",28,0,1,0,0,75000,0,32.0609,-88.6577,32.0508,-88.6258,2.01,250,1,1,1,23,0,0,0,0
622902,2023,6,18,"2023-06-18","14:30:00",3,"OR",41,0,0,0,0,0,0,44.3005,-123.0673,44.3032,-123.0579,0.3,150,1,1,1,43,0,0,0,0
622903,2023,6,18,"2023-06-18","15:57:00",3,"AR",5,0,1,0,0,0,0,36.2184,-91.0453,36.1896,-90.9632,5,300,1,1,1,121,0,0,0,0
622904,2023,6,18,"2023-06-18","18:38:00",3,"MS",28,0,0,0,0,15000,0,32.7065,-89.9481,32.7043,-89.92,1.65,250,1,1,1,89,0,0,0,0
622905,2023,6,18,"2023-06-18","18:57:00",3,"MS",28,0,1,0,0,5e+05,0,32.4296,-90.1404,32.4376,-90.1195,1.38,300,1,1,1,89,0,0,0,0
622906,2023,6,18,"2023-06-18","19:04:00",3,"MS",28,0,1,0,0,10000,0,32.4526,-89.6347,32.4956,-89.5366,6.48,350,1,1,1,123,0,0,0,0
622907,2023,6,18,"2023-06-18","19:15:00",3,"AR",5,0,2,0,0,2e+06,0,33.2599,-92.4481,33.208,-92.2809,10.31,1320,1,1,1,139,0,0,0,0
622908,2023,6,18,"2023-06-18","19:29:00",3,"MS",28,0,1,0,0,25000,0,32.3554,-89.9352,32.3444,-89.9028,2.05,300,1,1,1,121,0,0,0,0
622909,2023,6,18,"2023-06-18","19:58:00",3,"MS",28,0,0,0,0,1000,0,32.3565,-89.811,32.3709,-89.8076,1.01,50,1,1,1,121,0,0,0,0
622910,2023,6,18,"2023-06-18","20:05:00",3,"MS",28,0,2,0,0,2e+05,0,32.1226,-90.1315,32.1663,-90.0429,6.08,400,1,1,1,121,0,0,0,0
622911,2023,6,18,"2023-06-18","20:21:00",3,"MS",28,0,0,0,0,2000,0,32.118,-90.0116,32.1222,-90.002,0.92,100,1,1,1,121,0,0,0,0
622912,2023,6,18,"2023-06-18","20:25:00",3,"MS",28,0,1,0,0,15000,0,32.2446,-89.7625,32.2777,-89.6844,5.48,450,1,1,1,121,123,0,0,0
622913,2023,6,18,"2023-06-18","21:23:00",3,"MS",28,0,0,0,0,2000,0,32.0835,-89.6099,32.088,-89.6033,0.5,100,1,1,1,129,0,0,0,0
622914,2023,6,18,"2023-06-18","21:27:00",3,"MS",28,0,0,0,0,5000,0,32.0465,-89.563,32.0729,-89.5303,2.64,100,1,1,1,129,0,0,0,0
622915,2023,6,18,"2023-06-18","21:52:00",3,"MS",28,0,1,0,0,75000,0,32.0915,-89.4102,32.1144,-89.3784,2.5,400,1,1,1,129,0,0,0,0
622916,2023,6,18,"2023-06-18","21:59:00",3,"MS",28,0,1,0,0,25000,0,32.0856,-89.4027,32.1358,-89.3721,4.53,800,1,1,1,129,0,0,0,0
622917,2023,6,18,"2023-06-18","22:29:00",3,"MS",28,0,3,25,1,5e+06,0,32.0179,-89.2884,32.0737,-89.2052,6.46,1350,1,1,1,61,0,0,0,0
622918,2023,6,19,"2023-06-19","07:49:00",3,"MS",28,0,0,0,0,60000,0,31.2508,-89.8261,31.2543,-89.7945,1.96,200,1,1,1,91,0,0,0,0
622919,2023,6,19,"2023-06-19","10:16:00",3,"FL",12,0,1,0,0,25000,0,30.3868,-86.3288,30.3883,-86.3016,1.62,200,1,1,1,131,0,0,0,0
622920,2023,6,19,"2023-06-19","12:00:00",3,"AL",1,0,1,0,0,0,0,30.341,-87.791,30.3202,-87.7779,1.64,230,1,1,1,3,0,0,0,0
622921,2023,6,19,"2023-06-19","13:48:00",3,"MS",28,0,2,6,0,773000,0,30.42,-88.57,30.4,-88.53,2.35,300,1,1,1,59,0,0,0,0
622922,2023,6,20,"2023-06-20","15:00:00",3,"LA",22,0,1,0,0,0,0,29.76,-90.28,29.79,-90.33,3.65,400,1,1,1,89,0,0,0,0
622923,2023,6,21,"2023-06-21","13:33:00",3,"NE",31,0,-9,0,0,0,0,41.0583,-103.0234,41.0583,-103.0234,0.59,50,1,1,1,33,0,0,0,0
622924,2023,6,21,"2023-06-21","13:44:00",3,"CO",8,0,-9,0,0,0,0,40.7109,-103.1988,40.7145,-103.2063,0.46,25,1,1,1,75,0,0,0,0
622925,2023,6,21,"2023-06-21","15:05:00",3,"CO",8,0,-9,0,0,0,0,40.0657,-102.9894,40.0712,-102.9791,0.66,25,1,1,1,121,0,0,0,0
622926,2023,6,21,"2023-06-21","15:35:00",3,"CO",8,0,-9,0,0,0,0,40.6989,-103.4272,40.7049,-103.4535,1.44,25,1,1,1,75,0,0,0,0
622927,2023,6,21,"2023-06-21","16:10:00",3,"CO",8,0,-9,0,0,0,0,39.9991,-103.1896,39.9983,-103.1951,0.3,25,1,1,1,121,0,0,0,0
622928,2023,6,21,"2023-06-21","16:18:00",3,"CO",8,0,-9,0,0,0,0,40.0185,-103.194,40.0207,-103.2032,0.51,25,1,1,1,121,0,0,0,0
622929,2023,6,21,"2023-06-21","16:25:00",3,"CO",8,0,-9,0,0,0,0,40.0171,-103.1855,40.0199,-103.1981,0.69,50,1,1,1,121,0,0,0,0
622930,2023,6,21,"2023-06-21","16:28:00",3,"CO",8,0,-9,0,0,0,0,40.02,-103.1971,40.0211,-103.2015,0.24,50,1,1,1,121,0,0,0,0
622931,2023,6,21,"2023-06-21","16:28:00",3,"CO",8,0,2,0,0,15000,0,40.0216,-103.202,40.0267,-103.2364,1.85,400,1,1,1,121,0,0,0,0
622932,2023,6,21,"2023-06-21","16:29:00",3,"CO",8,0,-9,0,0,0,0,40.02,-103.196,40.0209,-103.1995,0.2,25,1,1,1,121,0,0,0,0
622933,2023,6,21,"2023-06-21","16:31:00",3,"CO",8,0,-9,0,0,0,0,40.0205,-103.1888,40.0241,-103.2186,1.6,50,1,1,1,121,0,0,0,0
622934,2023,6,21,"2023-06-21","16:36:00",3,"CO",8,0,-9,0,0,0,0,40.0292,-103.2389,40.0279,-103.2283,0.57,50,1,1,1,121,0,0,0,0
622935,2023,6,21,"2023-06-21","16:37:00",3,"CO",8,0,-9,0,0,0,0,40.0328,-103.2387,40.0302,-103.2195,1.03,200,1,1,1,121,0,0,0,0
622936,2023,6,21,"2023-06-21","16:39:00",3,"CO",8,0,-9,0,0,0,0,40.0329,-103.2183,40.0342,-103.227,0.47,25,1,1,1,121,0,0,0,0
622937,2023,6,21,"2023-06-21","16:40:00",3,"CO",8,0,-9,0,0,0,0,40.0363,-103.2269,40.0348,-103.2163,0.57,25,1,1,1,121,0,0,0,0
622938,2023,6,21,"2023-06-21","16:42:00",3,"CO",8,0,-9,0,0,0,0,40.0397,-103.2202,40.0388,-103.215,0.28,25,1,1,1,121,0,0,0,0
622939,2023,6,21,"2023-06-21","16:43:00",3,"CO",8,0,1,0,0,0,0,40.0422,-103.2456,40.0408,-103.2277,0.95,200,1,1,1,121,0,0,0,0
622940,2023,6,21,"2023-06-21","16:43:00",3,"CO",8,0,-9,0,0,0,0,40.0397,-103.2202,40.0388,-103.215,0.28,25,1,1,1,121,0,0,0,0
622941,2023,6,21,"2023-06-21","16:45:00",3,"CO",8,0,-9,0,0,0,0,40.047,-103.2249,40.0463,-103.2181,0.36,50,1,1,1,121,0,0,0,0
622942,2023,6,21,"2023-06-21","16:45:00",3,"CO",8,0,-9,0,0,0,0,40.047,-103.24,40.0461,-103.2257,0.76,25,1,1,1,121,0,0,0,0
622943,2023,6,21,"2023-06-21","16:46:00",3,"CO",8,0,-9,0,0,0,0,40.0484,-103.2352,40.0501,-103.2522,0.91,25,1,1,1,121,0,0,0,0
622944,2023,6,21,"2023-06-21","16:47:00",3,"CO",8,0,-9,0,0,0,0,40.05,-103.2369,40.0493,-103.229,0.42,50,1,1,1,121,0,0,0,0
622945,2023,6,21,"2023-06-21","16:48:00",3,"CO",8,0,-9,0,0,0,0,40.0531,-103.2361,40.0543,-103.2461,0.54,100,1,1,1,121,0,0,0,0
622946,2023,6,21,"2023-06-21","16:49:00",3,"CO",8,0,-9,0,0,0,0,40.055,-103.245,40.0538,-103.2338,0.6,25,1,1,1,121,0,0,0,0
622947,2023,6,21,"2023-06-21","16:50:00",3,"CO",8,0,-9,0,0,0,0,40.058,-103.249,40.0556,-103.235,0.76,25,1,1,1,121,0,0,0,0
622948,2023,6,21,"2023-06-21","16:51:00",3,"CO",8,0,-9,0,0,0,0,40.059,-103.2519,40.0582,-103.2282,1.25,25,1,1,1,121,0,0,0,0
622949,2023,6,21,"2023-06-21","16:52:00",3,"CO",8,0,-9,0,0,0,0,40.0618,-103.2617,40.0611,-103.2253,1.93,200,1,1,1,121,0,0,0,0
622950,2023,6,21,"2023-06-21","16:53:00",3,"CO",8,0,-9,0,0,0,0,40.061,-103.265,40.0615,-103.2753,0.55,25,1,1,1,121,0,0,0,0
622951,2023,6,21,"2023-06-21","16:57:00",3,"CO",8,0,-9,0,0,0,0,40.0661,-103.3313,40.0632,-103.2495,4.33,50,1,1,1,121,0,0,0,0
622952,2023,6,21,"2023-06-21","17:15:00",3,"CO",8,0,-9,0,0,0,0,40.075,-103.2599,40.0756,-103.2455,0.76,50,1,1,1,121,0,0,0,0
622953,2023,6,21,"2023-06-21","17:18:00",3,"TX",48,0,-9,0,0,0,0,34.95,-101.38,34.94,-101.37,0.89,100,1,1,1,11,0,0,0,0
622954,2023,6,21,"2023-06-21","17:20:00",3,"CO",8,0,2,0,0,0,0,40.0926,-103.3588,40.0968,-103.2735,4.52,400,1,1,1,121,0,0,0,0
622955,2023,6,21,"2023-06-21","17:30:00",3,"CO",8,0,1,0,0,0,0,40.5737,-103.4509,40.5732,-103.4496,0.08,14,1,1,1,121,0,0,0,0
622956,2023,6,21,"2023-06-21","17:39:00",3,"CO",8,0,-9,0,0,0,0,39.9866,-103.4327,39.9886,-103.3637,3.66,25,1,1,1,121,0,0,0,0
622957,2023,6,21,"2023-06-21","18:14:00",3,"CO",8,0,-9,0,0,0,0,39.8711,-103.1946,39.8604,-103.1893,0.79,50,1,1,1,121,0,0,0,0
622958,2023,6,21,"2023-06-21","18:16:00",3,"CO",8,0,2,0,0,0,0,39.8654,-103.2302,39.8555,-103.3222,4.93,800,1,1,1,121,0,0,0,0
622959,2023,6,21,"2023-06-21","18:35:00",3,"CO",8,0,-9,0,0,0,0,39.8321,-103.2052,39.8323,-103.2093,0.5,50,1,1,1,121,0,0,0,0
622960,2023,6,21,"2023-06-21","18:45:00",3,"CO",8,0,-9,0,0,0,0,39.8321,-103.2477,39.845,-103.2384,1.02,25,1,1,1,121,0,0,0,0
622961,2023,6,21,"2023-06-21","18:50:00",3,"TX",48,0,-9,0,0,0,0,34.12,-100.85,34.1174,-100.8493,0.18,30,1,1,1,345,0,0,0,0
622962,2023,6,21,"2023-06-21","18:51:00",3,"TX",48,0,3,15,4,0,0,34.12,-100.85,33.99,-100.82,9.14,600,1,1,1,345,0,0,0,0
622963,2023,6,21,"2023-06-21","19:19:00",3,"SD",46,0,0,0,0,0,0,45.8581,-102.0424,45.8598,-102.0059,1.76,50,1,1,1,105,0,0,0,0
622964,2023,6,21,"2023-06-21","19:36:00",3,"TX",48,0,-9,0,0,0,0,33.82,-100.73,33.8191,-100.73,0.06,30,1,1,1,125,0,0,0,0
622965,2023,6,21,"2023-06-21","19:37:00",3,"TX",48,0,-9,0,0,0,0,34.01,-100.89,33.97,-100.88,2.82,100,1,1,1,345,0,0,0,0
622966,2023,6,21,"2023-06-21","19:44:00",3,"WY",56,0,-9,0,0,0,0,41.886,-104.344,41.8981,-104.3551,1.01,50,1,1,1,15,0,0,0,0
622967,2023,6,21,"2023-06-21","20:18:00",3,"TX",48,0,-9,0,0,0,0,33.62,-100.72,33.6152,-100.718,0.35,50,1,1,1,125,0,0,0,0
622968,2023,6,22,"2023-06-22","11:04:00",3,"NC",37,0,1,0,0,0,0,35.285,-77.586,35.293,-77.58,0.7,100,1,1,1,107,0,0,0,0
622969,2023,6,22,"2023-06-22","14:41:00",3,"TX",48,0,1,0,0,85000,0,35.7,-100.23,35.65,-100.06,10.3,150,1,1,1,211,0,0,0,0
622970,2023,6,22,"2023-06-22","15:24:00",3,"CO",8,0,1,0,0,0,0,39.5559,-105.0159,39.5354,-104.9086,6.3,25,1,1,1,35,0,0,0,0
622971,2023,6,22,"2023-06-22","16:42:00",3,"WY",56,0,-9,0,0,0,0,41.653,-104.8794,41.6442,-104.82,3.12,50,1,1,1,31,0,0,0,0
622972,2023,6,22,"2023-06-22","20:08:00",3,"CO",8,0,0,0,0,0,0,38.95,-104.42,38.9377,-104.419,0.85,10,1,1,1,41,0,0,0,0
622973,2023,6,23,"2023-06-23","12:30:00",3,"ID",16,0,0,0,0,0,0,42.6424,-111.72,42.6453,-111.72,0.2,10,1,1,1,29,0,0,0,0
622974,2023,6,23,"2023-06-23","13:35:00",3,"WY",56,0,-9,0,0,0,0,41.6721,-109.8468,41.6725,-109.8452,0.09,30,1,1,1,37,0,0,0,0
622975,2023,6,23,"2023-06-23","14:15:00",3,"WY",56,0,1,0,0,1e+05,0,43.2997,-106.3486,43.3444,-106.142,10.83,100,1,1,1,25,0,0,0,0
622976,2023,6,23,"2023-06-23","14:37:00",3,"WY",56,0,-9,0,0,0,0,43.228,-106.7308,43.229,-106.7175,0.67,50,1,1,1,25,0,0,0,0
622977,2023,6,23,"2023-06-23","16:33:00",3,"WY",56,0,-9,0,0,0,0,43.43,-105.84,43.43,-105.84,0.25,50,1,1,1,9,0,0,0,0
622978,2023,6,23,"2023-06-23","17:11:00",3,"WY",56,0,-9,0,0,0,0,41.7745,-104.7474,41.7745,-104.7474,0.01,50,1,1,1,31,0,0,0,0
622979,2023,6,23,"2023-06-23","17:29:00",3,"WY",56,0,-9,0,0,0,0,41.794,-104.646,41.79,-104.588,3,50,1,1,1,15,0,0,0,0
622980,2023,6,23,"2023-06-23","17:40:00",3,"CO",8,0,3,0,0,0,0,37.89,-102.38,37.83,-102.22,13.12,320,1,1,1,99,0,0,0,0
622981,2023,6,23,"2023-06-23","17:49:00",3,"WY",56,0,2,8,0,0,0,43.4986,-105.3563,43.565,-105.082,3.81,800,1,1,1,5,0,0,0,0
622982,2023,6,23,"2023-06-23","18:03:00",3,"WY",56,0,-9,0,0,0,0,41.7728,-104.4151,41.7728,-104.4151,0.5,50,1,1,1,15,0,0,0,0
622983,2023,6,23,"2023-06-23","18:21:00",3,"WY",56,0,2,1,0,1e+05,0,41.7762,-104.2608,41.75,-104.19,4.72,800,1,1,1,15,0,0,0,0
622984,2023,6,23,"2023-06-23","18:33:00",3,"CO",8,0,1,0,0,0,0,37.03,-102.33,37.0209,-102.1775,8.43,100,1,1,1,9,0,0,0,0
622985,2023,6,23,"2023-06-23","18:44:00",3,"WY",56,0,1,0,0,0,0,41.78,-104.14,41.78,-104.06,3.9,20,1,1,1,15,0,0,0,0
622986,2023,6,23,"2023-06-23","18:45:00",3,"WY",56,0,0,0,0,0,0,43.565,-105.082,43.603,-104.901,6,200,1,1,1,45,0,0,0,0
622987,2023,6,23,"2023-06-23","19:04:00",3,"NE",31,0,-9,0,0,0,0,41.821,-103.938,41.805,-103.873,3.53,50,1,1,1,157,0,0,0,0
622988,2023,6,23,"2023-06-23","19:22:00",3,"NE",31,0,-9,0,0,0,0,41.85,-103.85,41.84,-103.79,3.16,50,1,1,1,157,0,0,0,0
622989,2023,6,23,"2023-06-23","19:38:00",3,"NE",31,0,2,0,0,135000,0,41.82,-103.63,41.84,-103.59,2.48,700,1,1,1,157,0,0,0,0
622990,2023,6,23,"2023-06-23","19:40:00",3,"KS",20,0,0,0,0,0,0,37.67,-101.75,37.67,-101.75,0.01,1,1,1,1,187,0,0,0,0
622991,2023,6,23,"2023-06-23","19:44:00",3,"NE",31,0,1,0,0,0,0,41.81,-103.62,41.82,-103.6,1.24,50,1,1,1,157,0,0,0,0
622992,2023,6,23,"2023-06-23","19:50:00",3,"NE",31,0,-9,0,0,0,0,41.81,-103.59,41.81,-103.59,0.5,50,1,1,1,157,0,0,0,0
622993,2023,6,23,"2023-06-23","20:05:00",3,"NE",31,0,-9,0,0,0,0,41.82,-103.54,41.82,-103.54,0.5,50,1,1,1,157,0,0,0,0
622994,2023,6,23,"2023-06-23","20:09:00",3,"KS",20,0,0,0,0,0,0,37.64,-101.56,37.64,-101.56,0.01,1,1,1,1,187,0,0,0,0
622995,2023,6,23,"2023-06-23","20:12:00",3,"KS",20,0,0,0,0,0,0,37.62,-101.49,37.62,-101.49,4.21,1,1,1,1,67,0,0,0,0
622996,2023,6,23,"2023-06-23","21:51:00",3,"NE",31,0,-9,0,0,0,0,41.81,-102.85,41.81,-102.85,0.5,50,1,1,1,123,0,0,0,0
622997,2023,6,24,"2023-06-24","14:18:00",3,"MN",27,0,-9,0,0,0,0,46.9738,-96.0945,46.9993,-96.0928,1.77,20,1,1,1,5,0,0,0,0
622998,2023,6,24,"2023-06-24","14:18:00",3,"MN",27,0,-9,0,0,0,0,46.9738,-96.0945,46.9993,-96.0928,1.77,20,1,1,1,5,0,0,0,0
622999,2023,6,24,"2023-06-24","14:30:00",3,"MN",27,0,-9,0,0,0,0,47.2543,-96.5841,47.2916,-96.6161,2.98,20,1,1,1,107,0,0,0,0
623000,2023,6,24,"2023-06-24","14:52:00",3,"MN",27,0,-9,0,0,0,0,47.19,-96.06,47.1944,-96.0599,0.3,10,1,1,1,87,0,0,0,0
623001,2023,6,24,"2023-06-24","15:00:00",3,"MN",27,0,-9,0,0,0,0,47.1563,-95.9559,47.1598,-95.9559,0.24,10,1,1,1,87,0,0,0,0
623002,2023,6,24,"2023-06-24","15:10:00",3,"MN",27,0,0,0,0,0,0,47.49,-96.73,47.5006,-96.7589,1.54,10,1,1,1,107,119,0,0,0
623003,2023,6,24,"2023-06-24","15:12:00",3,"MN",27,0,0,0,0,0,0,47.41,-96.6,47.43,-96.63,1.97,20,1,1,1,107,0,0,0,0
623004,2023,6,24,"2023-06-24","15:15:00",3,"MN",27,0,2,0,0,56000,0,47.25,-95.94,47.34,-95.94,6.22,250,1,1,1,87,0,0,0,0
623005,2023,6,24,"2023-06-24","15:34:00",3,"MN",27,0,-9,0,0,0,0,47.13,-96.08,47.1368,-96.0825,0.49,10,1,1,1,5,0,0,0,0
623006,2023,6,24,"2023-06-24","15:44:00",3,"MN",27,0,-9,0,0,0,0,47.55,-96.64,47.55,-96.65,0.47,10,1,1,1,119,0,0,0,0
623007,2023,6,24,"2023-06-24","15:49:00",3,"MN",27,0,-9,0,0,0,0,47.58,-96.61,47.58,-96.63,0.93,10,1,1,1,119,0,0,0,0
623008,2023,6,24,"2023-06-24","21:31:00",3,"IA",19,0,0,0,0,0,0,41.6,-90.71,41.61,-90.53,9.63,20,1,1,1,163,0,0,0,0
623009,2023,6,24,"2023-06-24","22:02:00",3,"IA",19,0,0,0,0,10000,300,42.7772,-94.6547,42.7936,-94.6048,2.77,80,1,1,1,151,0,0,0,0
623010,2023,6,25,"2023-06-25","14:12:00",3,"IN",18,0,2,0,0,1200000,0,39.5692,-86.221,39.5616,-86.1237,5.4,400,1,1,1,81,0,0,0,0
623011,2023,6,25,"2023-06-25","14:21:00",3,"IN",18,0,1,0,0,4e+05,0,38.887,-86.958,38.8793,-86.8898,3.73,100,1,1,1,27,101,0,0,0
623012,2023,6,25,"2023-06-25","14:30:00",3,"IN",18,0,1,0,0,450000,0,39.0287,-86.6745,39.0213,-86.5935,4.45,100,1,1,1,105,0,0,0,0
623013,2023,6,25,"2023-06-25","14:34:00",3,"IN",18,0,2,1,1,1150000,0,38.585,-86.8666,38.5193,-86.7236,9.12,565,1,1,1,101,37,0,0,0
623014,2023,6,25,"2023-06-25","15:19:00",3,"AR",5,0,1,0,0,0,0,35.4178,-93.0723,35.4122,-93.0645,0.6,50,1,1,1,115,0,0,0,0
623015,2023,6,25,"2023-06-25","16:37:00",3,"AR",5,0,-9,0,0,0,0,34.9199,-92.3054,34.9217,-92.3031,0.2,50,1,1,1,119,0,0,0,0
623016,2023,6,25,"2023-06-25","20:27:00",3,"KY",21,0,2,0,0,0,0,37.682,-86.0133,37.6678,-86.0018,1.17,300,1,1,1,93,0,0,0,0
623017,2023,6,25,"2023-06-25","22:25:00",3,"KY",21,0,1,0,0,0,0,36.9757,-85.0861,36.9768,-85.074,0.67,300,1,1,1,207,0,0,0,0
623018,2023,6,26,"2023-06-26","12:58:00",3,"PA",42,0,0,0,0,0,0,40.7904,-75.1453,40.8228,-75.0973,3.37,60,1,1,1,95,0,0,0,0
623019,2023,6,26,"2023-06-26","13:29:00",3,"NJ",34,0,1,0,0,0,0,40.7109,-74.5804,40.7286,-74.5689,1.38,475,1,1,1,35,0,0,0,0
623020,2023,6,26,"2023-06-26","18:42:00",3,"WY",56,0,1,0,0,0,0,41.411,-104.339,41.3888,-104.2769,3.57,1000,1,1,1,21,0,0,0,0
623021,2023,6,26,"2023-06-26","18:52:00",3,"WY",56,0,1,0,0,0,0,41.365,-104.28,41.345,-104.217,3.55,1000,1,1,1,21,0,0,0,0
623022,2023,6,26,"2023-06-26","19:18:00",3,"WY",56,0,0,0,0,0,0,41.316,-104.061,41.316,-104.061,0.1,50,1,1,1,21,0,0,0,0
623023,2023,6,26,"2023-06-26","20:01:00",3,"NE",31,0,1,0,0,0,0,41.194,-103.758,41.195,-103.728,1.56,100,1,1,1,105,0,0,0,0
623024,2023,6,26,"2023-06-26","20:29:00",3,"NE",31,0,-9,0,0,0,0,41.2,-103.66,41.2,-103.66,0.5,50,1,1,1,105,0,0,0,0
623025,2023,6,27,"2023-06-27","14:00:00",3,"OR",41,0,0,0,0,0,0,43.5743,-119.3324,43.574,-119.2898,2.13,50,1,1,1,25,0,0,0,0
623026,2023,6,27,"2023-06-27","17:40:00",3,"OR",41,0,0,0,0,0,0,45.9775,-118.2793,45.9775,-118.277,0.11,10,1,1,1,59,0,0,0,0
623027,2023,6,27,"2023-06-27","18:28:00",3,"OK",40,0,-9,0,0,0,0,36.7131,-101.0738,36.7134,-101.0723,0.09,25,1,1,1,139,0,0,0,0
623028,2023,6,28,"2023-06-28","18:35:00",3,"NE",31,0,0,0,0,0,0,41.087,-103.778,41.017,-103.693,6.8,425,1,1,1,105,0,0,0,0
623029,2023,6,28,"2023-06-28","18:47:00",3,"NE",31,0,-9,0,0,0,0,41.063,-103.706,41.063,-103.706,0.25,50,1,1,1,105,0,0,0,0
623030,2023,6,28,"2023-06-28","20:12:00",3,"CO",8,0,-9,0,0,0,0,40.78,-103.01,40.78,-103.01,0.01,25,1,1,1,75,0,0,0,0
623031,2023,6,29,"2023-06-29","09:10:00",3,"MO",29,0,1,0,0,0,0,40.41,-91.79,40.42,-91.75,2.21,30,1,1,1,45,0,0,0,0
623032,2023,6,29,"2023-06-29","11:12:00",3,"IL",17,0,2,0,0,0,0,39.7195,-89.7715,39.6491,-89.6276,9.07,800,1,1,1,167,0,0,0,0
623033,2023,6,29,"2023-06-29","11:26:00",3,"IL",17,0,1,0,0,0,0,40.1672,-89.3796,40.1896,-89.2936,4.79,100,1,1,1,107,0,0,0,0
623034,2023,6,29,"2023-06-29","11:27:00",3,"IL",17,0,-9,0,0,0,0,39.5177,-89.4954,39.5146,-89.4818,0.76,40,1,1,1,21,0,0,0,0
623035,2023,6,29,"2023-06-29","11:29:00",3,"IL",17,0,1,0,0,0,0,39.6141,-89.4251,39.6097,-89.3605,3.45,200,1,1,1,21,0,0,0,0
623036,2023,6,29,"2023-06-29","11:33:00",3,"IL",17,0,1,0,0,0,0,39.7486,-89.2669,39.7453,-89.249,0.98,150,1,1,1,21,0,0,0,0
623037,2023,6,29,"2023-06-29","11:35:00",3,"IL",17,0,1,0,0,0,0,40.2107,-89.1755,40.2236,-88.9073,14.18,800,1,1,1,107,39,0,0,0
623038,2023,6,29,"2023-06-29","11:38:00",3,"IL",17,0,1,0,0,0,0,39.5987,-89.2973,39.5686,-89.1068,10.36,200,1,1,1,21,0,0,0,0
623039,2023,6,30,"2023-06-30","09:00:00",3,"CO",8,0,-9,0,0,0,0,39.04,-105.9,39.04,-105.9,0.01,25,1,1,1,93,0,0,0,0
623040,2023,6,30,"2023-06-30","11:40:00",3,"CO",8,0,-9,0,0,0,0,39.55,-104.31,39.55,-104.31,0.01,25,1,1,1,39,0,0,0,0
623041,2023,6,30,"2023-06-30","13:46:00",3,"CO",8,0,-9,0,0,0,0,39.3948,-102.9241,39.3931,-102.9242,0.12,100,1,1,1,63,0,0,0,0
623042,2023,6,30,"2023-06-30","14:19:00",3,"CO",8,0,-9,0,0,0,0,39.4099,-102.6614,39.4097,-102.6603,0.06,75,1,1,1,63,0,0,0,0
623043,2023,6,30,"2023-06-30","14:45:00",3,"CO",8,0,-9,0,0,0,0,37.27,-104.15,37.2855,-104.1175,2.08,10,1,1,1,71,0,0,0,0
623044,2023,6,30,"2023-06-30","17:30:00",3,"CO",8,0,0,0,0,0,0,38.77,-105.32,38.73,-105.34,3.02,30,1,1,1,119,93,0,0,0
622792,2023,6,1,"2023-06-01","13:45:00",3,"SD",46,0,0,0,0,0,0,45.461,-97.04,45.461,-97.04,0.01,10,1,1,1,109,0,0,0,0
622793,2023,6,1,"2023-06-01","16:24:00",3,"WI",55,0,-9,0,0,0,0,42.5517,-88.6857,42.5517,-88.6855,0.01,10,1,1,1,127,0,0,0,0
622794,2023,6,1,"2023-06-01","19:56:00",3,"MT",30,0,-9,0,0,0,0,48.6,-106.01,48.6,-106.01,1.5,50,1,1,1,19,0,0,0,0
622795,2023,6,2,"2023-06-02","12:29:00",3,"TX",48,0,-9,0,0,0,0,32.666,-102.996,32.666,-102.992,0.25,50,1,1,1,165,0,0,0,0
622796,2023,6,2,"2023-06-02","12:29:00",3,"TX",48,0,-9,0,0,0,0,30.95,-102.82,30.925,-102.748,4.41,25,1,1,1,371,0,0,0,0
622797,2023,6,2,"2023-06-02","12:57:00",3,"TX",48,0,1,0,0,0,0,30.87,-102.66,30.85,-102.63,2.25,125,1,1,1,371,0,0,0,0
622798,2023,6,2,"2023-06-02","14:41:00",3,"TX",48,0,-9,0,0,0,0,30.63,-102.28,30.589,-101.939,20.5,25,1,1,1,371,0,0,0,0
622799,2023,6,2,"2023-06-02","15:09:00",3,"NE",31,0,-9,0,0,0,0,40.82,-98.04,40.89,-98.03,4.86,40,1,1,1,81,0,0,0,0
622800,2023,6,2,"2023-06-02","15:29:00",3,"NE",31,0,-9,0,0,0,0,41.01,-97.98,41.03,-97.98,1.38,40,1,1,1,81,0,0,0,0
622801,2023,6,2,"2023-06-02","15:53:00",3,"NE",31,0,0,0,0,4e+05,1500000,41.16,-98.04,41.2,-98.1,4.17,40,1,1,1,121,0,0,0,0
622802,2023,6,2,"2023-06-02","17:45:00",3,"TX",48,0,-9,0,0,0,0,29.96,-102.14,29.793,-101.839,21.2,200,1,1,1,443,0,0,0,0
622803,2023,6,3,"2023-06-03","18:50:00",3,"TX",48,0,0,0,0,0,0,35.1871,-101.8138,35.1845,-101.8111,0.24,10,1,1,1,375,0,0,0,0
622804,2023,6,5,"2023-06-05","17:25:00",3,"NM",35,0,-9,0,0,0,0,35.5943,-103.0849,35.5929,-103.0815,0.22,30,1,1,1,37,0,0,0,0
622805,2023,6,5,"2023-06-05","17:25:00",3,"NV",32,0,-9,0,0,0,0,41.03,-114.84,41.03,-114.84,0.5,500,1,1,1,7,0,0,0,0
622806,2023,6,5,"2023-06-05","18:00:00",3,"NM",35,0,-9,0,0,0,0,35.1624,-106.7662,35.1624,-106.766,0.01,20,1,1,1,1,0,0,0,0
622807,2023,6,6,"2023-06-06","14:58:00",3,"SD",46,0,0,0,0,0,0,45.099,-97.049,45.099,-97.049,0.01,10,1,1,1,29,0,0,0,0
622808,2023,6,6,"2023-06-06","17:38:00",3,"CO",8,0,0,0,0,0,0,40.18,-104.73,40.18,-104.73,0.01,20,1,1,1,123,0,0,0,0
622809,2023,6,7,"2023-06-07","13:30:00",3,"SD",46,0,0,0,0,0,0,44.908,-97.71,44.908,-97.71,0.01,10,1,1,1,25,0,0,0,0
622810,2023,6,7,"2023-06-07","15:19:00",3,"FL",12,0,1,0,0,0,0,28.2055,-80.6073,28.2086,-80.596,1,300,1,1,1,9,0,0,0,0
622811,2023,6,7,"2023-06-07","18:44:00",3,"ND",38,0,-9,0,0,0,0,45.9378,-97.0886,45.9378,-97.0886,0.01,10,1,1,1,77,0,0,0,0
622812,2023,6,9,"2023-06-09","13:14:00",3,"FL",12,0,0,0,0,0,0,29.94,-84.51,29.9386,-84.5045,0.34,50,1,1,1,37,0,0,0,0
622813,2023,6,9,"2023-06-09","17:20:00",3,"MT",30,0,-9,0,0,0,0,48.41,-107.05,48.4095,-107.0494,0.04,10,1,1,1,105,0,0,0,0
623069,2023,7,10,"2023-07-10","16:45:00",3,"WA",53,0,0,0,0,0,0,47.7504,-118.7593,47.75,-118.74,0.9,40,1,1,1,43,0,0,0,0
623070,2023,7,10,"2023-07-10","17:16:00",3,"LA",22,0,0,0,0,5000,0,30.3022,-93.0859,30.3032,-93.0846,0.11,30,1,1,1,19,0,0,0,0
623071,2023,7,10,"2023-07-10","17:40:00",3,"KS",20,0,-9,0,0,0,0,39.045,-101.8811,39.0453,-101.8807,0.03,75,1,1,1,199,0,0,0,0
623072,2023,7,12,"2023-07-12","02:43:00",3,"AR",5,0,1,0,0,15000,0,33.3508,-93.4919,33.3101,-93.4963,2.82,350,1,1,1,73,0,0,0,0
623073,2023,7,12,"2023-07-12","04:14:00",3,"NE",31,0,1,0,0,0,0,41.727,-97.013,41.724,-97.011,0.25,50,1,1,1,37,0,0,0,0
623074,2023,7,12,"2023-07-12","04:20:00",3,"NE",31,0,1,0,0,0,0,42.0181,-96.5776,42.014,-96.5688,0.53,90,1,1,1,39,0,0,0,0
623075,2023,7,12,"2023-07-12","04:37:00",3,"NE",31,0,0,0,0,0,0,41.813,-96.27,41.812,-96.247,1.1,15,1,1,1,21,0,0,0,0
623076,2023,7,12,"2023-07-12","05:05:00",3,"IA",19,0,2,0,0,0,0,41.592,-95.776,41.563,-95.599,9.4,100,1,1,1,85,0,0,0,0
623077,2023,7,12,"2023-07-12","05:17:00",3,"IA",19,0,1,0,0,0,0,41.669,-95.495,41.668,-95.485,0.52,50,1,1,1,165,0,0,0,0
623078,2023,7,12,"2023-07-12","05:28:00",3,"IA",19,0,1,0,0,0,0,41.43,-95.358,41.428,-95.329,1.51,40,1,1,1,155,0,0,0,0
623079,2023,7,12,"2023-07-12","05:32:00",3,"IA",19,0,0,0,0,0,0,41.5,-95.29,41.49,-95.28,0.92,40,1,1,1,155,0,0,0,0
623080,2023,7,12,"2023-07-12","05:38:00",3,"IA",19,0,0,0,0,0,1000,41.4798,-95.1291,41.4852,-95.1019,1.46,50,1,1,1,29,0,0,0,0
623081,2023,7,12,"2023-07-12","05:39:00",3,"IA",19,0,0,0,0,5000,1000,41.4505,-95.0915,41.446,-95.0513,2.1,75,1,1,1,29,0,0,0,0
623082,2023,7,12,"2023-07-12","16:25:00",3,"IL",17,0,0,0,0,0,0,42.3274,-88.9398,42.3362,-88.8932,2.46,175,1,1,1,7,0,0,0,0
623083,2023,7,12,"2023-07-12","16:36:00",3,"IL",17,0,0,0,0,0,0,41.6926,-88.3334,41.7221,-88.2636,4.14,100,1,1,1,93,0,0,0,0
623084,2023,7,12,"2023-07-12","17:06:00",3,"IL",17,0,1,0,0,0,0,42.1544,-88.5188,42.1631,-88.3941,6.42,200,1,1,1,111,0,0,0,0
623085,2023,7,12,"2023-07-12","17:09:00",3,"IL",17,0,1,1,0,0,0,41.7474,-87.9281,41.8188,-87.7809,9.06,150,1,1,1,43,31,0,0,0
623086,2023,7,12,"2023-07-12","17:16:00",3,"IL",17,0,1,0,0,0,0,42.0112,-88.4476,42.0138,-88.2346,10.94,440,1,1,1,89,31,0,0,0
623087,2023,7,12,"2023-07-12","17:18:00",3,"IL",17,0,0,0,0,0,0,41.9873,-88.4125,41.9949,-88.3629,2.6,100,1,1,1,89,0,0,0,0
623088,2023,7,12,"2023-07-12","17:33:00",3,"IL",17,0,0,0,0,0,0,42.1691,-88.2051,42.1729,-88.1392,3.38,125,1,1,1,111,97,0,0,0
623089,2023,7,12,"2023-07-12","17:41:00",3,"IL",17,0,0,0,0,0,0,42.0122,-88.1538,42.0137,-88.1448,0.47,80,1,1,1,31,0,0,0,0
623090,2023,7,12,"2023-07-12","17:43:00",3,"IL",17,0,0,0,0,0,0,42.0139,-88.1209,42.0124,-88.1004,1.06,80,1,1,1,31,0,0,0,0
623091,2023,7,12,"2023-07-12","17:44:00",3,"IL",17,0,0,0,0,0,0,41.9271,-88.1409,41.9177,-88.0864,2.88,125,1,1,1,43,0,0,0,0
623092,2023,7,12,"2023-07-12","17:52:00",3,"IL",17,0,0,0,0,0,0,42.1867,-88.0123,42.1949,-87.9729,2.1,125,1,1,1,97,0,0,0,0
623093,2023,7,12,"2023-07-12","17:54:00",3,"IL",17,0,0,0,0,0,0,41.9823,-87.9998,41.9967,-87.9366,3.44,225,1,1,1,43,31,0,0,0
623094,2023,7,12,"2023-07-12","18:02:00",3,"IL",17,0,0,0,0,0,0,42.0078,-87.9041,41.9984,-87.8387,3.42,300,1,1,1,31,0,0,0,0
623095,2023,7,12,"2023-07-12","21:09:00",3,"MI",26,0,1,0,0,50000,0,41.9527,-85.3099,41.9659,-85.2605,2.9,50,1,1,1,149,23,0,0,0
623096,2023,7,13,"2023-07-13","14:00:00",3,"CO",8,0,-9,0,0,0,0,39.03,-103.39,39.03,-103.39,0.01,25,1,1,1,73,0,0,0,0
623097,2023,7,13,"2023-07-13","16:04:00",3,"VT",50,0,0,0,0,50000,0,43.7316,-73.3608,43.7824,-73.1341,11.85,20,1,1,1,21,0,0,0,0
623098,2023,7,13,"2023-07-13","17:13:00",3,"WI",55,0,0,0,0,0,0,42.6503,-88.8813,42.6463,-88.876,0.39,25,1,1,1,105,0,0,0,0
623099,2023,7,13,"2023-07-13","19:16:00",3,"CO",8,0,0,0,0,0,0,37.18,-102.78,37.18,-102.7755,0.25,10,1,1,1,9,0,0,0,0
623100,2023,7,13,"2023-07-13","19:44:00",3,"CO",8,0,0,0,0,0,0,37.09,-102.59,37.09,-102.59,0.01,10,1,1,1,9,0,0,0,0
623101,2023,7,14,"2023-07-14","03:03:00",3,"AR",5,0,1,0,0,1e+05,0,35.064,-94.259,35.021,-94.233,3.4,550,1,1,1,131,0,0,0,0
623102,2023,7,14,"2023-07-14","13:24:00",3,"MI",26,0,0,0,0,0,0,43.35,-82.601,43.3315,-82.529,3.84,475,1,1,1,151,0,0,0,0
623103,2023,7,14,"2023-07-14","19:58:00",3,"IL",17,0,0,0,0,0,0,41.8167,-88.217,41.849,-88.0528,8.74,400,1,1,1,43,0,0,0,0
623104,2023,7,15,"2023-07-15","19:47:00",3,"NM",35,0,-9,0,0,0,0,36.27,-104.22,36.2614,-104.2155,0.65,10,1,1,1,7,0,0,0,0
623105,2023,7,16,"2023-07-16","08:56:00",3,"MA",25,0,0,0,0,7000,0,42.248,-72.072,42.274,-72.054,2.02,250,1,1,1,27,0,0,0,0
623106,2023,7,16,"2023-07-16","13:08:00",3,"PR",72,0,1,0,0,0,0,18.3677,-67.2,18.3835,-67.2107,1.5,70,1,1,1,3,0,0,0,0
623107,2023,7,16,"2023-07-16","16:10:00",3,"KS",20,0,0,0,0,0,0,38.8,-98.66,38.79,-98.67,0.88,300,1,1,1,167,0,0,0,0
623108,2023,7,17,"2023-07-17","14:17:00",3,"GA",13,0,0,0,0,0,0,30.7241,-81.5438,30.7332,-81.5391,0.69,10,1,1,1,39,0,0,0,0
623109,2023,7,17,"2023-07-17","15:55:00",3,"KS",20,0,0,0,0,0,0,37.86,-99.47,37.86,-99.47,0.01,1,1,1,1,47,0,0,0,0
623110,2023,7,17,"2023-07-17","18:00:00",3,"AZ",4,0,0,0,0,0,0,34.62,-112.38,34.6987,-112.391,5.47,10,1,1,1,25,0,0,0,0
623111,2023,7,18,"2023-07-18","11:43:00",3,"KY",21,0,1,0,0,15000,0,37.0291,-89.0718,37.0297,-89.0647,0.39,60,1,1,1,7,0,0,0,0
623112,2023,7,18,"2023-07-18","13:04:00",3,"KY",21,0,1,0,0,75000,0,36.9757,-87.8656,36.977,-87.8576,0.45,125,1,1,1,33,0,0,0,0
623113,2023,7,18,"2023-07-18","16:14:00",3,"AL",1,0,0,0,0,0,0,34.81,-86.71,34.79,-86.68,2.4,100,1,1,1,89,0,0,0,0
623114,2023,7,18,"2023-07-18","16:37:00",3,"NE",31,0,-9,0,0,0,0,42.4177,-102.0855,42.3259,-101.9346,1.5,50,1,1,1,161,0,0,0,0
623115,2023,7,18,"2023-07-18","16:54:00",3,"KY",21,0,0,0,0,0,0,37.5782,-85.1807,37.5792,-85.179,0.11,20,1,1,1,155,0,0,0,0
623116,2023,7,18,"2023-07-18","17:45:00",3,"SD",46,0,0,0,0,0,0,44.21,-100.38,44.209,-100.3781,0.12,10,1,1,1,117,0,0,0,0
623117,2023,7,19,"2023-07-19","10:25:00",3,"NC",37,0,3,16,0,300250000,0,36.0009,-77.8778,36.0613,-77.6477,13.53,600,1,1,1,127,65,0,0,0
623118,2023,7,19,"2023-07-19","13:30:00",3,"MN",27,0,-9,0,0,0,0,47.67,-94.64,47.6805,-94.6352,0.5,20,1,1,1,7,0,0,0,0
623119,2023,7,20,"2023-07-20","14:00:00",3,"CO",8,0,1,0,0,0,0,38.9133,-105.0565,38.9115,-105.0295,1.45,75,1,1,1,119,0,0,0,0
623120,2023,7,20,"2023-07-20","15:13:00",3,"GA",13,0,0,0,0,0,0,34.4937,-84.6056,34.4774,-84.5673,2.45,100,1,1,1,227,0,0,0,0
623121,2023,7,20,"2023-07-20","15:23:00",3,"GA",13,0,1,0,0,0,0,34.461,-84.3531,34.4536,-84.3221,1.9,100,1,1,1,227,0,0,0,0
623122,2023,7,21,"2023-07-21","16:26:00",3,"AL",1,0,1,0,0,0,0,34.6763,-86.5016,34.623,-86.3944,7.1,50,1,1,1,89,0,0,0,0
623123,2023,7,22,"2023-07-22","14:50:00",3,"FL",12,0,0,0,0,0,0,29.01,-80.88,29.01,-80.87,0.6,20,1,1,1,127,0,0,0,0
623124,2023,7,22,"2023-07-22","15:43:00",3,"KS",20,0,-9,0,0,0,0,38.9632,-97.1055,38.9635,-97.1048,0.04,20,1,1,1,41,0,0,0,0
623125,2023,7,24,"2023-07-24","13:10:00",3,"MO",29,0,2,2,0,4e+05,0,36.9357,-89.4861,36.9342,-89.4814,0.28,25,1,1,1,201,0,0,0,0
623126,2023,7,25,"2023-07-25","19:55:00",3,"SD",46,0,0,0,0,0,0,44.26,-98.81,44.2596,-98.8088,0.06,10,1,1,1,59,0,0,0,0
623127,2023,7,25,"2023-07-25","20:25:00",3,"NE",31,0,0,0,0,0,0,42,-99.69,41.95,-99.53,7.55,35,1,1,1,115,0,0,0,0
623128,2023,7,25,"2023-07-25","22:01:00",3,"MN",27,0,0,0,0,0,0,45.3009,-94.9739,45.3008,-94.9454,1.39,75,1,1,1,67,0,0,0,0
623129,2023,7,26,"2023-07-26","12:39:00",3,"MI",26,0,0,0,0,1e+05,10000,42.415,-84.252,42.421,-84.225,1.44,150,1,1,1,75,0,0,0,0
623130,2023,7,26,"2023-07-26","12:47:00",3,"MI",26,0,0,0,0,150000,0,42.418,-84.168,42.426,-84.129,2.43,100,1,1,1,75,93,0,0,0
623131,2023,7,27,"2023-07-27","12:50:00",3,"NH",33,0,1,0,0,0,0,42.91,-72.31,42.91,-72.06,12.65,200,1,1,1,5,0,0,0,0
623132,2023,7,27,"2023-07-27","18:22:00",3,"WI",55,0,0,0,0,0,0,45.7084,-89.002,45.7002,-88.9706,1.68,90,1,1,1,37,0,0,0,0
623133,2023,7,28,"2023-07-28","16:46:00",3,"IA",19,0,1,0,0,60000,1000,42.6152,-93.4096,42.6108,-93.3547,2.81,120,1,1,1,69,0,0,0,0
623134,2023,7,28,"2023-07-28","16:55:00",3,"IA",19,0,1,0,0,70000,1500,42.6067,-93.349,42.5816,-93.3376,1.82,125,1,1,1,69,0,0,0,0
623135,2023,7,28,"2023-07-28","20:16:00",3,"IA",19,0,0,0,0,0,0,41.85,-90.19,41.847,-90.168,1.04,20,2,0,1,0,0,0,0,0
623135,2023,7,28,"2023-07-28","20:16:00",3,"IA",19,0,0,0,0,0,0,41.85,-90.19,41.8495,-90.1778,0.51,20,2,1,2,45,0,0,0,0
623135,2023,7,28,"2023-07-28","20:18:00",3,"IL",17,0,0,0,0,0,0,41.8495,-90.1778,41.847,-90.168,0.53,20,2,1,2,195,0,0,0,0
623136,2023,7,28,"2023-07-28","21:25:00",3,"IL",17,0,-9,0,0,0,0,41.571,-88.741,41.569,-88.7086,1.68,20,1,1,1,99,0,0,0,0
623137,2023,7,28,"2023-07-28","21:28:00",3,"WI",55,0,1,0,0,0,0,42.885,-88.558,42.883,-88.533,1.27,90,1,1,1,55,133,0,0,0
623138,2023,7,28,"2023-07-28","21:32:00",3,"IL",17,0,0,0,0,0,0,41.641,-88.6109,41.6436,-88.5961,0.78,20,1,1,1,37,93,0,0,0
623139,2023,7,28,"2023-07-28","21:35:00",3,"IL",17,0,0,0,0,0,0,41.4899,-88.5709,41.4792,-88.4776,4.89,80,1,1,1,93,0,0,0,0
623140,2023,7,28,"2023-07-28","21:44:00",3,"IL",17,0,0,0,0,0,0,41.4781,-88.4201,41.4736,-88.404,1,20,1,1,1,93,0,0,0,0
623141,2023,7,28,"2023-07-28","21:52:00",3,"IL",17,0,1,0,0,0,0,41.481,-88.2825,41.515,-88.1435,7.57,225,1,1,1,93,197,0,0,0
623142,2023,7,28,"2023-07-28","21:53:00",3,"IL",17,0,0,0,0,0,0,41.4579,-88.2678,41.461,-88.1694,5.1,250,1,1,1,63,197,0,0,0
623143,2023,7,28,"2023-07-28","21:59:00",3,"IL",17,0,0,0,0,0,0,41.3636,-88.1732,41.358,-88.0746,5.13,60,1,1,1,197,0,0,0,0
623144,2023,7,28,"2023-07-28","22:07:00",3,"IL",17,0,0,0,0,0,0,41.3567,-88.0373,41.3545,-87.8997,7.14,60,1,1,1,197,0,0,0,0
623145,2023,7,28,"2023-07-28","22:19:00",3,"IL",17,0,0,0,0,0,0,41.1559,-87.9455,41.1272,-87.8353,6.07,350,1,1,1,91,0,0,0,0
623146,2023,7,28,"2023-07-28","22:22:00",3,"IL",17,0,-9,0,0,0,0,41.3001,-87.8032,41.3031,-87.7754,1.46,15,1,1,1,197,0,0,0,0
623147,2023,7,28,"2023-07-28","22:30:00",3,"IL",17,0,1,0,0,0,0,41.1551,-87.7224,41.1556,-87.6165,5.51,90,1,1,1,91,0,0,0,0
623148,2023,7,28,"2023-07-28","22:49:00",3,"IN",18,0,0,0,0,0,0,40.9442,-87.4886,40.9411,-87.4655,1.22,20,1,1,1,111,0,0,0,0
623149,2023,7,28,"2023-07-28","22:54:00",3,"IN",18,0,0,0,0,0,0,40.9294,-87.4194,40.9247,-87.4091,0.63,30,1,1,1,111,0,0,0,0
623150,2023,7,29,"2023-07-29","00:19:00",3,"IN",18,0,0,0,0,0,0,40.6702,-86.2114,40.6655,-86.1718,2.1,50,1,1,1,17,0,0,0,0
623151,2023,7,29,"2023-07-29","00:26:00",3,"IN",18,0,0,0,0,60000,0,41.18,-85.32,41.18,-85.27,2.68,150,1,1,1,183,3,0,0,0
623152,2023,7,29,"2023-07-29","00:53:00",3,"OH",39,0,1,0,0,55000,0,41.3266,-84.794,41.3309,-84.7816,0.71,100,1,1,1,39,0,0,0,0
623153,2023,7,29,"2023-07-29","02:58:00",3,"OH",39,0,1,0,0,230000,0,40.8036,-82.9023,40.7832,-82.7814,6.48,100,1,1,1,33,0,0,0,0
623154,2023,7,29,"2023-07-29","05:53:00",3,"NE",31,0,1,0,0,750000,0,40.6125,-97.8657,40.597,-97.8432,1.59,260,1,1,1,35,0,0,0,0
623155,2023,7,29,"2023-07-29","07:18:00",3,"NE",31,0,1,0,0,0,0,40.6358,-96.7625,40.6367,-96.7574,0.28,100,1,1,1,109,0,0,0,0
623156,2023,7,29,"2023-07-29","17:30:00",3,"CO",8,0,-9,0,0,0,0,39.94,-104.36,39.94,-104.36,0.01,25,1,1,1,1,0,0,0,0
623157,2023,7,29,"2023-07-29","18:17:00",3,"MA",25,0,1,0,0,5000,0,42.0538,-71.1918,42.0542,-71.1887,0.16,25,1,1,1,21,0,0,0,0
623158,2023,7,31,"2023-07-31","17:46:00",3,"CO",8,0,-9,0,0,0,0,40.86,-104.82,40.86,-104.82,0.01,25,1,1,1,123,0,0,0,0
623045,2023,7,1,"2023-07-01","15:42:00",3,"OH",39,0,0,0,0,0,0,41.32,-84.5527,41.3214,-84.5493,0.22,20,1,1,1,39,0,0,0,0
623046,2023,7,1,"2023-07-01","17:30:00",3,"KY",21,0,1,0,0,245000,0,36.825,-88.657,36.965,-88.193,27.42,100,1,1,1,83,157,143,0,0
623047,2023,7,2,"2023-07-02","13:08:00",3,"PA",42,0,1,0,0,0,0,40.906,-77.6647,40.9112,-77.6551,0.62,200,1,1,1,27,0,0,0,0
623048,2023,7,2,"2023-07-02","13:44:00",3,"PA",42,0,0,0,0,0,0,40.5597,-76.9713,40.5605,-76.9541,0.9,50,1,1,1,43,0,0,0,0
623049,2023,7,2,"2023-07-02","13:48:00",3,"PA",42,0,1,0,0,15000,0,40.9025,-77.132,40.9149,-77.1091,1.47,150,1,1,1,119,0,0,0,0
623050,2023,7,2,"2023-07-02","13:55:00",3,"KY",21,0,1,0,0,0,0,38.012,-85.001,38.032,-84.946,3.57,400,1,1,1,5,0,0,0,0
623051,2023,7,2,"2023-07-02","13:59:00",3,"PA",42,0,1,0,0,40000,0,40.9334,-77.0682,40.9494,-77.0336,2.12,50,1,1,1,119,0,0,0,0
623052,2023,7,2,"2023-07-02","14:25:00",3,"PA",42,0,1,0,0,0,0,40.9921,-76.8825,41.01,-76.8438,2.37,150,1,1,1,119,0,0,0,0
623053,2023,7,2,"2023-07-02","17:08:00",3,"PA",42,0,0,0,0,25000,0,41.7825,-75.7165,41.8029,-75.6985,1.7,300,1,1,1,115,0,0,0,0
623054,2023,7,2,"2023-07-02","17:18:00",3,"PA",42,0,0,0,0,15000,0,41.4524,-75.6269,41.4552,-75.6248,0.23,70,1,1,1,69,0,0,0,0
623055,2023,7,2,"2023-07-02","17:55:00",3,"KY",21,0,1,0,0,0,0,37.3809,-84.9794,37.3792,-84.9787,0.12,40,1,1,1,45,0,0,0,0
623056,2023,7,3,"2023-07-03","13:34:00",3,"NC",37,0,0,0,0,75000,0,35.89,-76.84,35.89,-76.83,0.56,60,1,1,1,15,0,0,0,0
623057,2023,7,3,"2023-07-03","15:04:00",3,"SD",46,0,0,0,0,0,0,43.012,-97.685,43.026,-97.695,1.16,40,1,1,1,9,0,0,0,0
623058,2023,7,4,"2023-07-04","16:49:00",3,"KS",20,0,-9,0,0,0,0,38.5146,-101.7525,38.5146,-101.75,0.13,75,1,1,1,71,0,0,0,0
623059,2023,7,6,"2023-07-06","15:28:00",3,"CO",8,0,-9,0,0,0,0,39.65,-104.72,39.65,-104.72,0.01,25,1,1,1,5,0,0,0,0
623060,2023,7,6,"2023-07-06","15:48:00",3,"CO",8,0,-9,0,0,0,0,39.79,-104.6,39.79,-104.6,0.01,25,1,1,1,1,0,0,0,0
623061,2023,7,6,"2023-07-06","20:29:00",3,"CO",8,0,-9,0,0,0,0,38.53,-103.16,38.5361,-103.1457,0.88,20,1,1,1,61,0,0,0,0
623062,2023,7,7,"2023-07-07","03:35:00",3,"OK",40,0,1,0,0,0,0,36.362,-99.407,36.362,-99.407,0.5,50,1,1,1,153,0,0,0,0
623063,2023,7,7,"2023-07-07","12:30:00",3,"ND",38,0,-9,0,0,0,0,46.25,-99.03,46.2479,-99.0283,0.17,40,1,1,1,51,0,0,0,0
623064,2023,7,7,"2023-07-07","12:37:00",3,"ND",38,0,-9,0,0,0,0,46.54,-98.2,46.5377,-98.1966,0.23,40,1,1,1,45,0,0,0,0
623065,2023,7,7,"2023-07-07","13:00:00",3,"ND",38,0,-9,0,0,0,0,46.44,-98.07,46.4369,-98.0667,0.27,50,1,1,1,45,0,0,0,0
623066,2023,7,7,"2023-07-07","16:25:00",3,"TX",48,0,-9,0,0,0,0,36.1787,-101.9974,36.1788,-101.9944,0.17,20,1,1,1,421,0,0,0,0
623067,2023,7,8,"2023-07-08","20:44:00",3,"CO",8,0,-9,0,0,0,0,37.4217,-103.2605,37.4247,-103.2519,0.52,20,1,1,1,71,0,0,0,0
623068,2023,7,9,"2023-07-09","14:49:00",3,"DE",10,0,1,0,0,0,0,39.5035,-75.6689,39.5132,-75.6513,1.19,200,1,1,1,3,0,0,0,0
623223,2023,8,10,"2023-08-10","01:21:00",3,"AL",1,0,0,0,0,0,0,34.7805,-87.2416,34.7365,-87.1211,7.65,225,1,1,1,83,0,0,0,0
623224,2023,8,10,"2023-08-10","12:08:00",3,"NJ",34,0,1,0,0,0,0,39.7777,-75.2698,39.7806,-75.2581,0.66,70,1,1,1,15,0,0,0,0
623225,2023,8,10,"2023-08-10","13:08:00",3,"NJ",34,0,1,0,0,0,0,39.9736,-74.5263,39.9771,-74.5229,0.31,100,1,1,1,5,0,0,0,0
623226,2023,8,10,"2023-08-10","18:41:00",3,"SD",46,0,-9,0,0,0,0,44.473,-97.6,44.474,-97.589,0.55,25,1,1,1,77,0,0,0,0
623227,2023,8,10,"2023-08-10","18:47:00",3,"SD",46,0,0,0,0,0,0,44.6371,-97.5324,44.6396,-97.5146,0.89,90,1,1,1,25,0,0,0,0
623228,2023,8,10,"2023-08-10","19:10:00",3,"SD",46,0,-9,0,0,0,0,44.45,-97.362,44.455,-97.341,1.06,25,1,1,1,77,0,0,0,0
623229,2023,8,11,"2023-08-11","17:51:00",3,"MI",26,0,1,0,0,1e+06,0,42.828,-84.268,42.826,-84.208,3.04,430,1,1,1,155,0,0,0,0
623230,2023,8,11,"2023-08-11","22:18:00",3,"MO",29,0,0,0,0,0,0,40.03,-93,40.04,-92.98,1.26,30,1,1,1,115,0,0,0,0
623231,2023,8,12,"2023-08-12","02:34:00",3,"MO",29,0,0,0,0,0,0,39.1014,-91.5007,39.081,-91.4613,2.54,40,1,1,1,139,0,0,0,0
623232,2023,8,12,"2023-08-12","07:56:00",3,"KY",21,0,1,0,0,60000,0,36.5677,-89.1967,36.5629,-89.175,1.25,350,1,1,1,75,0,0,0,0
623233,2023,8,12,"2023-08-12","08:13:00",3,"KY",21,0,1,0,0,1e+05,0,36.5562,-88.8729,36.584,-88.8448,2.47,275,1,1,1,105,0,0,0,0
623234,2023,8,12,"2023-08-12","10:46:00",3,"OH",39,0,1,0,0,250000,0,40.64,-83.61,40.63,-83.57,2.2,200,1,1,1,65,0,0,0,0
623235,2023,8,12,"2023-08-12","10:47:00",3,"TN",47,0,0,0,0,1e+05,0,35.9341,-86.8527,35.9159,-86.8285,1.85,40,1,1,1,187,0,0,0,0
623236,2023,8,12,"2023-08-12","11:13:00",3,"OH",39,0,1,0,0,23000,0,40.6415,-83.3633,40.6418,-83.3607,0.14,75,1,1,1,101,0,0,0,0
623237,2023,8,12,"2023-08-12","11:24:00",3,"PA",42,0,0,0,0,5000,0,41.879,-79.7884,41.8734,-79.784,0.45,20,1,1,1,49,0,0,0,0
623238,2023,8,12,"2023-08-12","13:20:00",3,"OH",39,0,0,0,0,0,0,40.5886,-82.0918,40.5746,-82.0673,1.61,25,1,1,1,75,0,0,0,0
623239,2023,8,12,"2023-08-12","14:32:00",3,"PA",42,0,1,0,0,1e+05,0,41.02,-76.18,41.046,-76.128,3.25,150,1,1,1,79,0,0,0,0
623240,2023,8,12,"2023-08-12","16:05:00",3,"NY",36,0,0,0,0,15000,0,41.97,-75.18,41.98,-75.11,3.66,150,1,1,1,25,0,0,0,0
623241,2023,8,12,"2023-08-12","17:33:00",3,"OH",39,0,1,0,0,10000,0,39.2883,-82.0671,39.3009,-82.0269,2.32,300,1,1,1,9,0,0,0,0
623242,2023,8,12,"2023-08-12","18:08:00",3,"PA",42,0,1,0,0,350000,10000,40.1,-80.37,40.08,-80.29,4.45,30,1,1,1,125,0,0,0,0
623243,2023,8,12,"2023-08-12","18:13:00",3,"OH",39,0,1,0,0,3e+05,5000,40.11,-80.94,40.11,-80.91,1.59,20,1,1,1,13,0,0,0,0
623244,2023,8,12,"2023-08-12","18:49:00",3,"PA",42,0,1,0,0,0,0,40.5516,-78.8199,40.5498,-78.8143,0.32,100,1,1,1,21,0,0,0,0
623245,2023,8,12,"2023-08-12","18:55:00",3,"PA",42,0,0,0,0,10000,0,40.5317,-78.7583,40.5311,-78.7545,0.2,100,1,1,1,21,0,0,0,0
623246,2023,8,12,"2023-08-12","19:00:00",3,"CT",9,0,0,0,0,0,0,41.51,-73.33,41.52,-73.335,0.75,30,1,1,1,5,0,0,0,0
623247,2023,8,13,"2023-08-13","16:35:00",3,"IL",17,0,0,0,0,0,0,38.167,-90.057,38.167,-90.05,0.38,10,1,1,1,133,0,0,0,0
623248,2023,8,13,"2023-08-13","18:14:00",3,"MN",27,0,0,0,0,10000,0,43.818,-95.505,43.833,-95.493,1.25,50,1,1,1,105,0,0,0,0
623249,2023,8,13,"2023-08-13","19:09:00",3,"AZ",4,0,0,0,0,0,0,32.3209,-111.3535,32.3224,-111.3536,0.1,25,1,1,1,19,0,0,0,0
623250,2023,8,14,"2023-08-14","12:25:00",3,"IA",19,0,-9,0,0,0,0,42.3382,-90.9879,42.3396,-90.965,1.23,20,1,1,1,61,0,0,0,0
623251,2023,8,14,"2023-08-14","15:22:00",3,"IL",17,0,-9,0,0,0,0,41.6226,-89.4131,41.6216,-89.4073,0.3,10,1,1,1,103,0,0,0,0
623252,2023,8,14,"2023-08-14","16:32:00",3,"IN",18,0,0,0,0,70000,0,39.4758,-84.9611,39.4714,-84.9099,2.8,150,1,1,1,47,0,0,0,0
623253,2023,8,14,"2023-08-14","17:50:00",3,"OH",39,0,0,0,0,3000,0,39.4457,-84.4612,39.4383,-84.4382,1.33,20,1,1,1,17,0,0,0,0
623254,2023,8,14,"2023-08-14","22:56:00",3,"NC",37,0,1,0,0,5000,0,36.233,-81.955,36.2381,-81.9037,2.96,35,1,1,1,11,189,0,0,0
623255,2023,8,15,"2023-08-15","13:35:00",3,"TX",48,0,-9,0,0,0,0,25.9475,-97.439,25.9475,-97.4382,0.04,10,1,1,1,61,0,0,0,0
623256,2023,8,15,"2023-08-15","13:50:00",3,"TX",48,0,-9,0,0,0,0,26.4962,-97.6887,26.4956,-97.689,0.05,10,1,1,1,489,0,0,0,0
623257,2023,8,16,"2023-08-16","07:55:00",3,"FL",12,0,0,0,0,0,0,24.5471,-81.7867,24.5471,-81.7867,0.01,20,1,1,1,87,0,0,0,0
623258,2023,8,18,"2023-08-18","05:53:00",3,"CT",9,0,1,0,0,30000,0,41.6914,-72.1191,41.7078,-72.0798,2.7,200,1,1,1,15,0,0,0,0
623259,2023,8,18,"2023-08-18","06:40:00",3,"RI",44,0,2,1,0,250000,0,41.7987,-71.5741,41.8735,-71.4353,9.1,250,1,1,1,7,0,0,0,0
623260,2023,8,18,"2023-08-18","07:07:00",3,"MA",25,0,1,0,0,30000,0,41.9418,-71.3813,41.9923,-71.2522,7.6,80,1,1,1,5,0,0,0,0
623261,2023,8,18,"2023-08-18","07:37:00",3,"MA",25,0,0,0,0,3000,0,42.1146,-71.073,42.1157,-71.0703,0.1,35,1,1,1,21,0,0,0,0
623262,2023,8,18,"2023-08-18","07:52:00",3,"MA",25,0,1,0,0,10000,0,42.1775,-70.9511,42.1815,-70.9526,0.35,100,1,1,1,21,0,0,0,0
623263,2023,8,22,"2023-08-22","10:05:00",3,"TX",48,0,0,0,0,5000,0,28.25,-98.1,28.24,-98.11,0.92,700,1,1,1,297,0,0,0,0
623264,2023,8,22,"2023-08-22","10:57:00",3,"TX",48,0,0,0,0,1000,0,28.0055,-97.9344,28.0055,-97.9374,0.18,30,1,1,1,249,0,0,0,0
623265,2023,8,24,"2023-08-24","13:38:00",3,"ND",38,0,-9,0,0,0,0,47.96,-100.82,47.9612,-100.8028,0.8,50,1,1,1,49,0,0,0,0
623266,2023,8,24,"2023-08-24","13:54:00",3,"ND",38,0,-9,0,0,0,0,47.93,-100.97,47.9321,-100.9585,0.55,50,1,1,1,49,0,0,0,0
623267,2023,8,24,"2023-08-24","14:55:00",3,"FL",12,0,0,0,0,1e+05,0,26.1455,-81.7563,26.1415,-81.7677,0.76,50,1,1,1,21,0,0,0,0
623268,2023,8,24,"2023-08-24","18:15:00",3,"MI",26,0,1,0,0,1e+07,0,43.0642,-85.7414,43.0939,-85.5774,8.7,100,1,1,1,81,0,0,0,0
623269,2023,8,24,"2023-08-24","19:29:00",3,"MI",26,0,2,4,2,75070000,0,42.6535,-84.3131,42.6464,-84.1219,12.02,500,1,1,1,65,93,0,0,0
623270,2023,8,24,"2023-08-24","20:19:00",3,"MI",26,0,0,0,0,1e+05,0,42.2968,-83.5003,42.2836,-83.4723,1.7,200,1,1,1,163,0,0,0,0
623271,2023,8,24,"2023-08-24","20:23:00",3,"MI",26,0,1,0,0,60000,0,42.1983,-83.5074,42.1856,-83.4511,3.01,200,1,1,1,163,0,0,0,0
623272,2023,8,24,"2023-08-24","20:38:00",3,"MI",26,0,1,0,0,1e+06,0,42.0086,-83.3638,41.9775,-83.2784,4.88,200,1,1,1,115,0,0,0,0
623273,2023,8,24,"2023-08-24","20:39:00",3,"MI",26,0,1,0,0,350000,0,42.0661,-83.2927,42.0556,-83.1882,5.42,200,1,1,1,115,163,0,0,0
623274,2023,8,24,"2023-08-24","20:43:00",3,"MI",26,0,1,0,0,50000,0,42.0902,-83.2098,42.0806,-83.1851,1.43,300,1,1,1,163,0,0,0,0
623275,2023,8,24,"2023-08-24","21:08:00",3,"OH",39,0,1,0,0,35000,0,41.5018,-83.2995,41.4552,-83.2405,4.49,100,1,1,1,123,143,0,0,0
623276,2023,8,24,"2023-08-24","21:46:00",3,"OH",39,0,1,0,0,30000,0,41.3952,-82.4364,41.3924,-82.4324,0.28,100,1,1,1,43,0,0,0,0
623277,2023,8,24,"2023-08-24","21:59:00",3,"OH",39,0,1,0,0,165000,0,41.5057,-81.6394,41.5032,-81.6246,0.79,150,1,1,1,35,0,0,0,0
623278,2023,8,24,"2023-08-24","22:00:00",3,"OH",39,0,0,0,0,50000,0,41.279,-82.121,41.2772,-82.1169,0.25,50,1,1,1,93,0,0,0,0
623279,2023,8,24,"2023-08-24","22:05:00",3,"OH",39,0,0,0,0,40000,0,41.1761,-82.2234,41.1644,-82.2095,1.08,100,1,1,1,93,0,0,0,0
623280,2023,8,24,"2023-08-24","22:06:00",3,"OH",39,0,1,0,0,2e+05,0,41.654,-81.3742,41.6621,-81.3118,3.27,150,1,1,1,85,0,0,0,0
623281,2023,8,24,"2023-08-24","22:07:00",3,"OH",39,0,2,0,0,3e+05,0,41.4285,-81.5144,41.4238,-81.4857,1.52,100,1,1,1,35,0,0,0,0
623282,2023,8,24,"2023-08-24","22:11:00",3,"OH",39,0,1,0,0,20000,0,41.1104,-82.1402,41.095,-82.119,1.53,200,1,1,1,103,0,0,0,0
623283,2023,8,24,"2023-08-24","22:16:00",3,"OH",39,0,1,0,0,85000,0,41.3731,-81.3581,41.3703,-81.3233,1.81,100,1,1,1,55,0,0,0,0
623284,2023,8,24,"2023-08-24","22:18:00",3,"OH",39,0,1,0,0,50000,0,41.5602,-81.1791,41.5586,-81.1564,1.18,175,1,1,1,55,0,0,0,0
623285,2023,8,24,"2023-08-24","22:22:00",3,"OH",39,0,2,0,0,65000,0,41.4897,-81.0887,41.4833,-81.0784,0.69,100,1,1,1,55,0,0,0,0
623286,2023,8,24,"2023-08-24","22:35:00",3,"OH",39,0,0,0,0,35000,0,41.373,-80.8484,41.3732,-80.8109,1.94,100,1,1,1,155,0,0,0,0
623287,2023,8,25,"2023-08-25","00:28:00",3,"PA",42,0,1,0,0,150000,10000,40.0132,-79.6077,39.966,-79.5078,6.21,60,1,1,1,51,0,0,0,0
623288,2023,8,25,"2023-08-25","00:34:00",3,"PA",42,0,2,6,0,850000,10000,39.9574,-79.4664,39.945,-79.4332,1.96,300,1,1,1,51,0,0,0,0
623289,2023,8,26,"2023-08-26","13:30:00",3,"IL",17,0,0,0,0,0,0,40.4694,-90.3946,40.4642,-90.393,0.37,20,1,1,1,57,0,0,0,0
623290,2023,8,26,"2023-08-26","13:40:00",3,"IL",17,0,-9,0,0,0,0,40.4899,-90.4032,40.4828,-90.4007,0.51,20,1,1,1,57,0,0,0,0
623291,2023,8,30,"2023-08-30","05:30:00",3,"GA",13,0,0,0,0,0,0,31.1229,-81.5535,31.2161,-81.6761,9.78,50,1,1,1,127,0,0,0,0
623292,2023,8,30,"2023-08-30","05:40:00",3,"GA",13,0,1,0,0,0,0,31.1505,-81.4935,31.253,-81.5505,7.91,300,1,1,1,127,0,0,0,0
623293,2023,8,30,"2023-08-30","06:05:00",3,"GA",13,0,1,0,0,0,0,31.1547,-81.4066,31.1591,-81.4079,0.32,50,1,1,1,127,0,0,0,0
623294,2023,8,30,"2023-08-30","08:00:00",3,"GA",13,0,0,0,0,0,0,31.9002,-81.4136,31.9052,-81.4205,0.53,100,1,1,1,179,0,0,0,0
623295,2023,8,30,"2023-08-30","10:22:00",3,"SC",45,0,0,2,0,0,0,32.9873,-80.0406,32.9875,-80.041,0.03,50,1,1,1,15,0,0,0,0
623296,2023,8,30,"2023-08-30","12:57:00",3,"SC",45,0,1,0,0,0,0,33.9047,-79.983,33.9082,-79.9949,0.73,125,1,1,1,27,0,0,0,0
623297,2023,8,30,"2023-08-30","13:30:00",3,"SC",45,0,0,0,0,0,0,32.8782,-79.7582,32.9152,-79.7754,2.74,100,1,1,1,19,0,0,0,0
623298,2023,8,30,"2023-08-30","14:59:00",3,"SC",45,0,1,0,0,0,0,33.1056,-79.7617,33.1273,-79.7813,1.88,100,1,1,1,15,0,0,0,0
623299,2023,8,30,"2023-08-30","16:14:00",3,"NC",37,0,0,0,0,0,2000,33.9432,-78.0771,33.9458,-78.0839,0.43,20,1,1,1,19,0,0,0,0
623300,2023,8,30,"2023-08-30","16:45:00",3,"NC",37,0,0,0,0,50000,0,33.9601,-78.0811,33.9647,-78.0803,0.32,20,1,1,1,19,0,0,0,0
623301,2023,8,30,"2023-08-30","17:25:00",3,"NC",37,0,1,0,0,0,2000,34.1408,-77.9647,34.1443,-77.9655,0.25,40,1,1,1,19,0,0,0,0
623302,2023,8,30,"2023-08-30","17:31:00",3,"NC",37,0,1,0,0,0,0,34.0891,-77.8835,34.1101,-77.8925,1.54,30,1,1,1,129,0,0,0,0
623303,2023,8,30,"2023-08-30","20:12:00",3,"SC",45,0,0,0,0,0,0,33.8369,-78.611,33.8564,-78.6268,1.62,30,1,1,1,51,0,0,0,0
623159,2023,8,1,"2023-08-01","20:04:00",3,"ND",38,0,-9,0,0,0,0,47.1501,-100.8097,47.1444,-100.8057,0.44,50,1,1,1,15,0,0,0,0
623160,2023,8,3,"2023-08-03","12:21:00",3,"TN",47,0,1,0,0,0,0,35.8367,-84.3675,35.835,-84.3587,0.5,200,1,1,1,145,0,0,0,0
623161,2023,8,3,"2023-08-03","13:51:00",3,"GA",13,0,0,0,0,0,0,34.331,-83.182,34.22,-83.055,10.42,25,1,1,1,119,147,105,0,0
623162,2023,8,3,"2023-08-03","14:16:00",3,"SC",45,0,0,0,0,1000,0,34.822,-82.76,34.819,-82.749,0.66,50,1,1,1,77,0,0,0,0
623163,2023,8,3,"2023-08-03","15:14:00",3,"SC",45,0,0,0,0,2000,0,34.882,-82.734,34.88,-82.71,1.37,50,1,1,1,77,0,0,0,0
623164,2023,8,4,"2023-08-04","16:57:00",3,"MO",29,0,0,0,0,0,0,39.4059,-93.9435,39.41,-93.8585,4.55,20,1,1,1,177,0,0,0,0
623165,2023,8,4,"2023-08-04","18:17:00",3,"MO",29,0,0,0,0,0,0,39.1972,-93.3529,39.1907,-93.3254,1.54,20,1,1,1,195,0,0,0,0
623166,2023,8,4,"2023-08-04","22:13:00",3,"MO",29,0,2,2,0,0,0,40.2408,-92.1957,40.2573,-92.217,1.64,450,1,1,1,103,0,0,0,0
623167,2023,8,5,"2023-08-05","01:24:00",3,"IL",17,0,1,0,0,0,0,40.1099,-91.3759,40.1241,-91.326,2.87,200,1,1,1,1,0,0,0,0
623168,2023,8,5,"2023-08-05","13:30:00",3,"IA",19,0,0,0,0,0,0,42.993,-96.21,42.993,-96.192,0.92,30,1,1,1,167,0,0,0,0
623169,2023,8,5,"2023-08-05","13:40:00",3,"CO",8,0,-9,0,0,0,0,39.07,-104.67,39.0564,-104.6337,2.16,10,1,1,1,41,0,0,0,0
623170,2023,8,5,"2023-08-05","13:42:00",3,"IA",19,0,-9,0,0,0,0,43.047,-96.209,43.047,-96.209,0.05,10,1,1,1,167,0,0,0,0
623171,2023,8,5,"2023-08-05","16:15:00",3,"IL",17,0,0,0,0,0,0,37.6556,-89.4677,37.661,-89.4616,0.5,25,1,1,1,77,0,0,0,0
623172,2023,8,5,"2023-08-05","16:30:00",3,"IL",17,0,-9,0,0,0,0,39.02,-87.97,39.0214,-87.9689,0.11,20,1,1,1,79,0,0,0,0
623173,2023,8,5,"2023-08-05","18:53:00",3,"NE",31,0,-9,0,0,0,0,41.71,-96.71,41.71,-96.71,0.1,25,1,1,1,53,0,0,0,0
623174,2023,8,5,"2023-08-05","20:24:00",3,"IA",19,0,-9,0,0,0,0,42.0859,-94.9636,42.0862,-94.9575,0.32,25,1,1,1,27,0,0,0,0
623175,2023,8,5,"2023-08-05","20:29:00",3,"IA",19,0,0,0,0,50000,0,42.2139,-94.8951,42.2245,-94.8848,0.9,35,1,1,1,161,0,0,0,0
623176,2023,8,5,"2023-08-05","20:30:00",3,"IA",19,0,-9,0,0,0,0,42.2235,-94.9021,42.2281,-94.9032,0.32,50,1,1,1,161,0,0,0,0
623177,2023,8,6,"2023-08-06","14:12:00",3,"MT",30,0,0,0,0,0,0,44.677,-112.411,44.6874,-112.3811,1.64,40,1,1,1,1,0,0,0,0
623178,2023,8,6,"2023-08-06","15:11:00",3,"MT",30,0,-9,0,0,0,0,46.079,-112.133,46.1254,-112.0964,3.66,70,1,1,1,43,0,0,0,0
623179,2023,8,6,"2023-08-06","16:40:00",3,"IL",17,0,-9,0,0,0,0,40.5776,-91.0899,40.5833,-90.9385,8.01,20,1,1,1,67,0,0,0,0
623180,2023,8,6,"2023-08-06","17:09:00",3,"IL",17,0,2,0,0,0,0,39.6341,-89.5702,39.575,-89.101,25.31,450,1,1,1,167,21,0,0,0
623181,2023,8,6,"2023-08-06","22:24:00",3,"IN",18,0,1,0,0,0,0,38.4896,-86.9426,38.5424,-86.4805,25.9,200,1,1,1,37,117,0,0,0
623182,2023,8,6,"2023-08-06","22:45:00",3,"IN",18,0,1,0,0,0,0,38.5429,-86.6233,38.5421,-86.6068,0.98,40,1,1,1,117,0,0,0,0
623183,2023,8,6,"2023-08-06","22:53:00",3,"IN",18,0,0,0,0,0,0,38.5345,-86.4598,38.5405,-86.453,0.56,60,1,1,1,117,0,0,0,0
623184,2023,8,6,"2023-08-06","22:53:00",3,"IN",18,0,1,0,0,0,0,38.5636,-86.4807,38.5632,-86.4623,1,110,1,1,1,117,0,0,0,0
623185,2023,8,6,"2023-08-06","22:53:00",3,"IN",18,0,1,0,0,0,0,38.5577,-86.4863,38.5577,-86.3262,8.74,175,1,1,1,117,0,0,0,0
623186,2023,8,6,"2023-08-06","23:13:00",3,"IN",18,0,1,0,0,0,0,38.5957,-86.1412,38.6118,-86.116,1.78,60,1,1,1,175,0,0,0,0
623187,2023,8,7,"2023-08-07","12:17:00",3,"TN",47,0,2,0,0,3700000,0,35.9308,-84.158,35.9397,-84.0928,3.7,200,1,1,1,93,0,0,0,0
623188,2023,8,7,"2023-08-07","12:48:00",3,"NC",37,0,1,0,0,0,0,36.036,-82.402,36.017,-82.293,6.23,50,1,1,1,199,0,0,0,0
623189,2023,8,7,"2023-08-07","13:00:00",3,"KY",21,0,1,0,0,23000,0,38.1331,-82.6784,38.1365,-82.5625,6.31,400,2,0,1,0,0,0,0,0
623189,2023,8,7,"2023-08-07","13:00:00",3,"KY",21,0,1,0,0,20000,0,38.1331,-82.6784,38.136,-82.6302,2.63,400,2,1,2,127,0,0,0,0
623189,2023,8,7,"2023-08-07","13:07:00",3,"WV",54,0,1,0,0,3000,0,38.136,-82.6302,38.1365,-82.5625,3.68,250,2,1,2,99,0,0,0,0
623190,2023,8,7,"2023-08-07","14:40:00",3,"NC",37,0,1,0,0,1e+05,0,35.7,-81.17,35.54,-80.543,36.23,550,1,1,1,35,97,159,0,0
623191,2023,8,7,"2023-08-07","15:02:00",3,"PA",42,0,1,0,0,25000,0,39.7225,-76.8603,39.7298,-76.8579,0.52,75,1,1,1,133,0,0,0,0
623192,2023,8,7,"2023-08-07","15:07:00",3,"NC",37,0,0,0,0,20000,0,35.41,-80.93,35.392,-80.901,2.05,50,1,1,1,119,0,0,0,0
623193,2023,8,7,"2023-08-07","15:13:00",3,"NY",36,0,0,0,0,5000,0,42.4437,-76.2688,42.462,-76.2568,1.4,200,1,1,1,109,0,0,0,0
623194,2023,8,7,"2023-08-07","15:17:00",3,"NY",36,0,1,0,0,15000,0,42.462,-76.2568,42.5451,-76.1031,9.71,200,1,1,1,23,0,0,0,0
623195,2023,8,7,"2023-08-07","15:24:00",3,"PA",42,0,1,0,0,10000,0,39.8181,-76.554,39.8384,-76.5423,1.53,50,1,1,1,133,0,0,0,0
623196,2023,8,7,"2023-08-07","15:35:00",3,"KS",20,0,-9,0,0,0,0,39.7612,-101.5728,39.7596,-101.5688,0.24,75,1,1,1,23,0,0,0,0
623197,2023,8,7,"2023-08-07","15:40:00",3,"PA",42,0,0,0,0,0,0,39.8806,-76.2673,39.8866,-76.2618,0.51,40,1,1,1,71,0,0,0,0
623198,2023,8,7,"2023-08-07","16:25:00",3,"PA",42,0,1,0,0,5000,0,41.9795,-75.5018,41.9992,-75.4949,1.41,200,1,1,1,115,0,0,0,0
623199,2023,8,7,"2023-08-07","16:29:00",3,"NY",36,0,1,0,0,15000,0,41.9992,-75.4959,42.0265,-75.4854,1.96,200,1,1,1,7,0,0,0,0
623200,2023,8,7,"2023-08-07","16:55:00",3,"NY",36,0,0,0,0,10000,0,42.94,-75.58,42.96,-75.57,1.47,175,1,1,1,53,0,0,0,0
623201,2023,8,7,"2023-08-07","17:10:00",3,"NY",36,0,1,0,0,10000,0,43.0562,-75.4648,43.0751,-75.4624,1.31,200,1,1,1,65,0,0,0,0
623202,2023,8,7,"2023-08-07","17:17:00",3,"NY",36,0,1,0,0,25000,0,43.33,-75.59,43.35,-75.59,1.38,110,1,1,1,65,0,0,0,0
623203,2023,8,7,"2023-08-07","17:21:00",3,"PA",42,0,1,0,0,0,0,40.63,-75.4246,40.6337,-75.4216,0.3,160,1,1,1,77,0,0,0,0
623204,2023,8,7,"2023-08-07","17:27:00",3,"NY",36,0,-9,0,0,5000,0,43.54,-75.7,43.55,-75.69,0.85,100,1,1,1,49,0,0,0,0
623205,2023,8,7,"2023-08-07","17:37:00",3,"NJ",34,0,0,0,0,0,0,40.5748,-75.1567,40.5811,-75.1511,0.52,150,1,1,1,19,0,0,0,0
623206,2023,8,7,"2023-08-07","17:42:00",3,"NY",36,0,3,0,0,1500000,0,43.46,-75.51,43.65,-75.42,16,700,1,1,1,49,0,0,0,0
623207,2023,8,8,"2023-08-08","09:20:00",3,"MA",25,0,1,0,0,10000,0,41.6808,-70.8477,41.6886,-70.8333,0.9,300,1,1,1,23,0,0,0,0
623208,2023,8,8,"2023-08-08","09:52:00",3,"MA",25,0,0,0,0,2000,0,41.6751,-70.3917,41.682,-70.3721,1.2,650,1,1,1,1,0,0,0,0
623209,2023,8,8,"2023-08-08","13:50:00",3,"AZ",4,0,0,0,0,0,0,36.02,-111.39,36.0909,-111.4076,4.99,10,1,1,1,5,0,0,0,0
623210,2023,8,8,"2023-08-08","16:29:00",3,"CO",8,0,-9,0,0,0,0,40.1765,-102.9287,40.1765,-102.9287,0.01,50,1,1,1,121,0,0,0,0
623211,2023,8,8,"2023-08-08","16:39:00",3,"CO",8,0,3,0,0,1e+06,0,40.1455,-102.9141,40.109,-102.744,15.65,212,1,1,1,121,125,0,0,0
623212,2023,8,8,"2023-08-08","16:50:00",3,"NE",31,0,-9,0,0,0,0,41.7,-102.84,41.7,-102.84,0.05,25,1,1,1,123,0,0,0,0
623213,2023,8,8,"2023-08-08","17:29:00",3,"CO",8,0,0,0,0,0,0,40.1765,-102.9287,40.1765,-102.9287,0.01,50,1,1,1,121,0,0,0,0
623214,2023,8,8,"2023-08-08","17:30:00",3,"CO",8,0,-9,0,0,0,0,40.0603,-102.6425,39.9881,-102.674,5.28,200,1,1,1,125,0,0,0,0
623215,2023,8,8,"2023-08-08","18:04:00",3,"CO",8,0,0,0,0,0,0,39.9045,-102.716,39.8814,-102.7243,1.67,193,1,1,1,125,0,0,0,0
623216,2023,8,8,"2023-08-08","18:19:00",3,"CO",8,0,-9,0,0,0,0,39.8553,-102.6889,39.8474,-102.673,1,150,1,1,1,125,0,0,0,0
623217,2023,8,8,"2023-08-08","18:23:00",3,"CO",8,0,-9,0,0,0,0,39.8129,-102.6587,39.8056,-102.6441,0.93,75,1,1,1,125,0,0,0,0
623218,2023,8,8,"2023-08-08","19:00:00",3,"CO",8,0,-9,0,0,0,0,39.6886,-102.5101,39.6886,-102.5017,0.45,150,1,1,1,125,0,0,0,0
623219,2023,8,8,"2023-08-08","19:25:00",3,"CO",8,0,2,0,0,30000,0,39.6139,-102.3955,39.5413,-102.3638,5.29,150,1,1,1,125,63,0,0,0
623220,2023,8,8,"2023-08-08","21:17:00",3,"KS",20,0,-9,0,0,0,0,39.2998,-102.0227,39.2887,-102.0033,1.3,75,1,1,1,181,0,0,0,0
623221,2023,8,9,"2023-08-09","11:00:00",3,"PR",72,0,0,0,0,40000,0,18.4513,-67.0931,18.4538,-67.0935,0.25,15,1,1,1,5,0,0,0,0
623222,2023,8,9,"2023-08-09","22:44:00",3,"KY",21,0,0,0,0,150000,15000,38.4464,-83.6408,38.4464,-83.6408,0.33,75,1,1,1,69,0,0,0,0
623306,2023,9,11,"2023-09-11","12:55:00",3,"DE",10,0,0,0,0,0,0,38.5741,-75.2194,38.5709,-75.2076,0.7,370,1,1,1,5,0,0,0,0
623307,2023,9,11,"2023-09-11","16:10:00",3,"FL",12,0,0,0,0,75000,0,29.85,-81.5,29.85,-81.5,0.01,5,1,1,1,109,0,0,0,0
623308,2023,9,13,"2023-09-13","14:00:00",3,"CT",9,0,1,0,0,6000,0,41.8109,-71.8178,41.8183,-71.7905,1.61,70,1,1,1,15,0,0,0,0
623309,2023,9,13,"2023-09-13","14:20:00",3,"RI",44,0,1,0,0,20000,0,41.8586,-71.6736,41.861,-71.6712,0.21,70,1,1,1,7,0,0,0,0
623310,2023,9,13,"2023-09-13","15:05:00",3,"RI",44,0,1,0,0,15000,0,41.9256,-71.4798,41.9275,-71.4765,0.21,60,1,1,1,7,0,0,0,0
623311,2023,9,13,"2023-09-13","15:22:00",3,"MA",25,0,0,0,0,5000,0,41.9793,-71.3579,41.9795,-71.3567,0.07,70,1,1,1,5,0,0,0,0
623312,2023,9,16,"2023-09-16","14:14:00",3,"TX",48,0,-9,0,0,0,0,26.2937,-97.9141,26.2937,-97.9135,0.04,10,1,1,1,215,0,0,0,0
623313,2023,9,19,"2023-09-19","17:52:00",3,"KS",20,0,0,0,0,0,0,38.4589,-99.3959,38.4647,-99.3659,1.67,25,1,1,1,165,0,0,0,0
623314,2023,9,21,"2023-09-21","19:36:00",3,"KS",20,0,-9,0,0,0,0,39.9179,-100.0596,39.894,-99.979,4.58,200,1,1,1,137,0,0,0,0
623315,2023,9,22,"2023-09-22","16:42:00",3,"IA",19,0,-9,0,0,0,0,41.9494,-92.0701,41.9529,-92.0665,0.31,20,1,1,1,11,0,0,0,0
623316,2023,9,23,"2023-09-23","05:37:00",3,"NC",37,0,0,0,0,0,0,36.33,-76.53,36.334,-76.5369,0.48,50,1,1,1,143,0,0,0,0
623317,2023,9,23,"2023-09-23","14:54:00",3,"SD",46,0,-9,0,0,0,0,44.417,-96.843,44.427,-96.838,0.74,20,1,1,1,11,0,0,0,0
623318,2023,9,23,"2023-09-23","14:56:00",3,"MN",27,0,-9,0,0,0,0,43.842,-96.015,43.842,-96.015,0.01,10,1,1,1,105,0,0,0,0
623319,2023,9,23,"2023-09-23","15:04:00",3,"SD",46,0,-9,0,0,0,0,44.451,-96.814,44.462,-96.811,0.78,20,1,1,1,11,0,0,0,0
623320,2023,9,23,"2023-09-23","15:14:00",3,"MN",27,0,-9,0,0,0,0,45.08,-96.11,45.0836,-96.11,0.25,25,1,1,1,73,0,0,0,0
623321,2023,9,23,"2023-09-23","15:16:00",3,"SD",46,0,-9,0,0,0,0,44.492,-96.799,44.492,-96.799,0.01,10,1,1,1,11,0,0,0,0
623322,2023,9,23,"2023-09-23","15:20:00",3,"SD",46,0,0,0,0,0,0,44.66,-96.83,44.66,-96.83,0.01,10,1,1,1,39,0,0,0,0
623323,2023,9,23,"2023-09-23","15:50:00",3,"SD",46,0,-9,0,0,0,0,44.527,-96.626,44.527,-96.626,0.01,10,1,1,1,11,0,0,0,0
623324,2023,9,25,"2023-09-25","17:10:00",3,"WI",55,0,-9,0,0,0,0,42.8112,-89.5603,42.8118,-89.56,0.04,25,1,1,1,45,0,0,0,0
623325,2023,9,25,"2023-09-25","19:01:00",3,"TX",48,0,0,0,0,2e+05,0,29,-96.65,28.99,-96.65,0.69,20,1,1,1,239,0,0,0,0
623326,2023,9,26,"2023-09-26","14:15:00",3,"IA",19,0,-9,0,0,0,0,42.18,-92.2,42.18,-92.2,0.1,20,1,1,1,11,0,0,0,0
623327,2023,9,26,"2023-09-26","14:40:00",3,"FL",12,0,0,0,0,0,0,30.043,-81.7768,30.0451,-81.7713,0.36,10,1,1,1,19,0,0,0,0
623328,2023,9,26,"2023-09-26","15:05:00",3,"FL",12,0,0,0,0,0,0,29.99,-81.66,29.99,-81.66,0.01,5,1,1,1,19,0,0,0,0
623329,2023,9,28,"2023-09-28","13:40:00",3,"OH",39,0,0,0,0,1000,0,40.0632,-83.243,40.0632,-83.242,0.01,25,1,1,1,97,0,0,0,0
623330,2023,9,29,"2023-09-29","18:48:00",3,"MN",27,0,0,0,0,0,0,45.1051,-93.8302,45.1123,-93.8205,0.69,25,1,1,1,171,0,0,0,0
623304,2023,9,2,"2023-09-02","10:11:00",3,"LA",22,0,0,0,0,21500,0,29.97,-90.25,29.98,-90.25,0.69,75,1,1,1,51,0,0,0,0
623305,2023,9,9,"2023-09-09","15:30:00",3,"AZ",4,0,0,0,0,0,0,34.74,-112.45,34.74,-112.45,0.1,10,1,1,1,25,0,0,0,0
